periodo,nivel,codigo,produto,postos,mediana,p10,p90,minimo,maximo
2021-01,BR,BR,glp,3446,75.9,69.0,88.0,59.99,105.0
2021-01,MUN,AC|CRUZEIRO DO SUL,glp,4,95.0,84.5,95.0,80.0,95.0
2021-01,MUN,AC|RIO BRANCO,glp,45,94.5,91.7,98.0,86.5,101.0
2021-01,MUN,AL|ARAPIRACA,glp,12,74.0,67.21,78.0,65.9,78.0
2021-01,MUN,AL|MACEIO,glp,11,75.0,70.0,77.5,64.5,80.0
2021-01,MUN,AL|RIO LARGO,glp,2,72.5,70.5,74.5,70.0,75.0
2021-01,MUN,AM|ITACOATIARA,glp,10,91.5,90.0,92.75,90.0,95.0
2021-01,MUN,AM|MANAUS,glp,126,85.0,80.0,88.0,75.99,100.0
2021-01,MUN,AP|MACAPA,glp,17,95.0,88.4,98.8,85.0,102.0
2021-01,MUN,BA|BRUMADO,glp,4,73.0,68.1,74.75,66.0,75.5
2021-01,MUN,BA|CAMACARI,glp,26,72.248,69.99,75.0,64.99,75.0
2021-01,MUN,BA|FEIRA DE SANTANA,glp,12,70.495,62.244,79.21,62.0,84.99
2021-01,MUN,BA|GUANAMBI,glp,15,75.0,75.0,75.0,75.0,75.0
2021-01,MUN,BA|ILHEUS,glp,6,80.0,74.995,81.0,74.99,82.0
2021-01,MUN,BA|ITABUNA,glp,14,75.0,72.15,80.0,70.0,80.0
2021-01,MUN,BA|ITAMARAJU,glp,4,67.5,65.0,70.0,65.0,70.0
2021-01,MUN,BA|JUAZEIRO,glp,6,71.0,69.0,73.5,68.0,75.0
2021-01,MUN,BA|SALVADOR,glp,125,70.0,64.99,76.99,59.99,80.0
2021-01,MUN,CE|AQUIRAZ,glp,1,87.0,87.0,87.0,87.0,87.0
2021-01,MUN,CE|CAUCAIA,glp,18,80.0,79.7,90.0,75.0,90.0
2021-01,MUN,CE|CRATO,glp,15,80.0,79.67,81.8,76.0,83.5
2021-01,MUN,CE|FORTALEZA,glp,53,85.0,76.8,87.9,75.0,92.5
2021-01,MUN,CE|JUAZEIRO DO NORTE,glp,13,83.0,80.3,83.0,80.0,83.0
2021-01,MUN,CE|MARACANAU,glp,9,83.0,80.0,90.0,80.0,90.0
2021-01,MUN,DF|BRASILIA,glp,55,74.99,72.5,77.5,72.49,80.0
2021-01,MUN,ES|ARACRUZ,glp,7,70.0,67.0,77.2,67.0,79.0
2021-01,MUN,ES|CACHOEIRO DE ITAPEMIRIM,glp,2,73.35,72.83,73.87,72.7,74.0
2021-01,MUN,ES|CARIACICA,glp,29,65.0,63.792,75.0,60.0,80.0
2021-01,MUN,ES|SAO MATEUS,glp,4,74.99,72.897,74.997,72.0,75.0
2021-01,MUN,ES|SERRA,glp,23,75.0,67.992,78.0,63.99,80.0
2021-01,MUN,ES|VILA VELHA,glp,18,75.0,72.5,78.6,71.99,85.0
2021-01,MUN,ES|VITORIA,glp,7,75.0,71.5,80.0,70.0,80.0
2021-01,MUN,GO|ANAPOLIS,glp,11,78.0,75.0,80.0,75.0,90.0
2021-01,MUN,GO|GOIANIA,glp,44,80.0,77.5,80.0,75.0,85.0
2021-01,MUN,GO|RIO VERDE,glp,11,95.0,90.0,95.0,85.0,100.0
2021-01,MUN,GO|TRINDADE,glp,2,80.0,80.0,80.0,80.0,80.0
2021-01,MUN,MA|SAO JOSE DE RIBAMAR,glp,10,74.99,74.99,79.99,74.99,79.99
2021-01,MUN,MA|SAO LUIS,glp,30,79.99,74.99,79.99,74.99,79.99
2021-01,MUN,MG|BELO HORIZONTE,glp,27,75.0,69.99,81.4,69.99,93.0
2021-01,MUN,MG|CARATINGA,glp,5,80.0,76.2,80.0,75.0,80.0
2021-01,MUN,MG|CONSELHEIRO LAFAIETE,glp,16,72.5,70.0,78.5,67.0,80.0
2021-01,MUN,MG|CONTAGEM,glp,50,80.0,75.0,85.0,68.5,89.0
2021-01,MUN,MG|IPATINGA,glp,20,79.5,75.0,85.0,70.0,86.5
2021-01,MUN,MG|JOAO PINHEIRO,glp,11,90.0,88.0,90.0,88.0,90.0
2021-01,MUN,MG|JUIZ DE FORA,glp,23,75.0,68.198,82.4,65.0,85.0
2021-01,MUN,MG|MANHUACU,glp,6,75.0,74.95,76.25,74.9,77.5
2021-01,MUN,MG|MONTES CLAROS,glp,30,80.0,74.999,83.0,72.0,85.0
2021-01,MUN,MG|SETE LAGOAS,glp,13,77.0,73.4,79.98,72.99,81.5
2021-01,MUN,MG|UBA,glp,13,78.0,75.0,81.2,75.0,83.0
2021-01,MUN,MS|CAMPO GRANDE,glp,129,75.0,70.0,80.0,68.0,85.0
2021-01,MUN,MS|DOURADOS,glp,17,78.0,75.0,85.0,70.0,89.0
2021-01,MUN,MT|CUIABA,glp,43,97.0,89.0,100.0,88.0,105.0
2021-01,MUN,MT|VARZEA GRANDE,glp,12,100.0,95.0,100.0,95.0,100.0
2021-01,MUN,PA|BELEM,glp,47,83.0,80.0,88.396,78.0,90.0
2021-01,MUN,PB|BAYEUX,glp,5,80.0,78.5,80.0,77.5,80.0
2021-01,MUN,PB|CABEDELO,glp,7,78.5,73.4,93.5,71.0,95.0
2021-01,MUN,PB|JOAO PESSOA,glp,27,80.0,74.59,83.8,70.0,85.0
2021-01,MUN,PE|IGARASSU,glp,16,72.0,68.75,75.0,67.5,75.5
2021-01,MUN,PE|JABOATAO DOS GUARARAPES,glp,27,70.0,65.9,70.0,60.0,80.0
2021-01,MUN,PE|OLINDA,glp,43,70.0,67.5,75.0,66.0,85.0
2021-01,MUN,PE|PAULISTA,glp,25,70.0,68.0,75.0,66.49,78.0
2021-01,MUN,PE|RECIFE,glp,67,70.0,66.792,75.0,63.0,75.0
2021-01,MUN,PE|VITORIA DE SANTO ANTAO,glp,15,69.5,67.0,70.0,67.0,75.0
2021-01,MUN,PI|TERESINA,glp,55,80.0,74.99,80.0,70.0,82.5
2021-01,MUN,PR|ARAPONGAS,glp,10,81.45,78.985,85.0,78.85,85.0
2021-01,MUN,PR|CAMBE,glp,13,84.0,80.3,88.0,77.0,90.0
2021-01,MUN,PR|CASCAVEL,glp,30,80.0,77.9,81.0,75.0,82.0
2021-01,MUN,PR|COLOMBO,glp,27,75.0,70.0,78.0,69.9,80.0
2021-01,MUN,PR|CURITIBA,glp,41,76.5,74.0,80.0,69.9,80.5
2021-01,MUN,PR|FOZ DO IGUACU,glp,17,90.0,90.0,95.4,88.0,98.0
2021-01,MUN,PR|LONDRINA,glp,25,85.0,78.0,90.0,75.0,95.0
2021-01,MUN,PR|MARINGA,glp,49,85.0,85.0,90.0,79.9,95.0
2021-01,MUN,PR|PINHAIS,glp,22,75.75,73.64,80.0,70.0,80.0
2021-01,MUN,PR|SAO JOSE DOS PINHAIS,glp,20,75.0,73.9,78.0,70.0,79.0
2021-01,MUN,RJ|ANGRA DOS REIS,glp,8,73.65,67.0,79.9,67.0,79.9
2021-01,MUN,RJ|BELFORD ROXO,glp,12,66.75,65.0,68.999,61.99,72.5
2021-01,MUN,RJ|DUQUE DE CAXIAS,glp,33,67.0,64.19,68.691,63.49,71.96
2021-01,MUN,RJ|ITAGUAI,glp,4,76.995,64.49,79.693,59.99,79.99
2021-01,MUN,RJ|NILOPOLIS,glp,11,67.5,65.0,70.0,65.0,70.0
2021-01,MUN,RJ|NITEROI,glp,11,68.0,62.99,69.0,61.0,75.0
2021-01,MUN,RJ|NOVA IGUACU,glp,26,65.0,64.245,70.0,62.495,71.5
2021-01,MUN,RJ|RIO DE JANEIRO,glp,58,70.25,66.347,75.0,64.99,75.0
2021-01,MUN,RJ|SAO GONCALO,glp,19,67.495,64.491,71.992,59.99,72.0
2021-01,MUN,RJ|SAO JOAO DE MERITI,glp,19,66.99,63.39,71.0,61.99,75.99
2021-01,MUN,RJ|TRES RIOS,glp,1,79.9,79.9,79.9,79.9,79.9
2021-01,MUN,RN|NATAL,glp,29,78.0,70.0,82.0,69.0,85.0
2021-01,MUN,RO|PORTO VELHO,glp,37,90.0,84.3,95.4,82.0,99.0
2021-01,MUN,RR|BOA VISTA,glp,76,96.0,91.25,98.75,88.0,105.0
2021-01,MUN,RS|ALVORADA,glp,11,70.0,67.99,75.0,67.0,75.0
2021-01,MUN,RS|BAGE,glp,27,75.0,72.0,78.0,68.5,80.0
2021-01,MUN,RS|CACHOEIRINHA,glp,8,72.5,69.97,75.2,69.9,78.0
2021-01,MUN,RS|CANOAS,glp,31,70.0,67.0,76.0,66.0,79.0
2021-01,MUN,RS|CAXIAS DO SUL,glp,50,82.0,75.0,86.9,70.0,88.0
2021-01,MUN,RS|ESTEIO,glp,13,70.0,70.0,74.66,69.0,76.0
2021-01,MUN,RS|GRAVATAI,glp,13,70.0,69.18,73.0,68.0,75.0
2021-01,MUN,RS|GUAIBA,glp,9,72.95,69.98,74.2,69.9,79.0
2021-01,MUN,RS|NOVO HAMBURGO,glp,19,71.5,70.0,73.0,69.45,75.0
2021-01,MUN,RS|PELOTAS,glp,45,73.0,70.8,76.8,69.0,80.0
2021-01,MUN,RS|PORTO ALEGRE,glp,29,75.0,71.82,78.18,69.995,88.0
2021-01,MUN,RS|SANTANA DO LIVRAMENTO,glp,18,76.0,72.8,80.0,70.0,81.0
2021-01,MUN,RS|SAO LEOPOLDO,glp,17,67.0,64.767,70.0,59.99,75.0
2021-01,MUN,RS|SAPUCAIA DO SUL,glp,24,70.45,68.0,72.85,68.0,75.0
2021-01,MUN,RS|VIAMAO,glp,16,75.0,72.45,79.95,70.9,87.5
2021-01,MUN,SC|BIGUACU,glp,3,85.0,84.592,85.792,84.49,85.99
2021-01,MUN,SC|CRICIUMA,glp,5,82.0,81.4,83.8,81.0,85.0
2021-01,MUN,SC|FLORIANOPOLIS,glp,6,83.5,81.5,85.495,80.0,85.99
2021-01,MUN,SC|PALHOCA,glp,3,85.0,83.4,85.8,83.0,86.0
2021-01,MUN,SC|SAO JOSE,glp,3,85.0,85.0,86.592,85.0,86.99
2021-01,MUN,SC|TUBARAO,glp,1,84.0,84.0,84.0,84.0,84.0
2021-01,MUN,SE|ARACAJU,glp,18,73.0,70.0,80.0,70.0,80.0
2021-01,MUN,SE|ITABAIANA,glp,8,79.0,77.0,82.9,77.0,85.0
2021-01,MUN,SE|NOSSA SENHORA DAS DORES,glp,1,72.5,72.5,72.5,72.5,72.5
2021-01,MUN,SP|AMERICANA,glp,18,75.0,69.39,80.0,67.99,81.5
2021-01,MUN,SP|ARACATUBA,glp,35,72.5,64.1,74.6,60.0,75.0
2021-01,MUN,SP|ASSIS,glp,10,72.0,70.0,75.0,70.0,75.0
2021-01,MUN,SP|BARRETOS,glp,3,81.5,75.492,82.7,73.99,83.0
2021-01,MUN,SP|BARUERI,glp,42,75.0,72.0,82.0,68.0,85.0
2021-01,MUN,SP|BAURU,glp,35,75.0,70.0,79.0,69.99,82.5
2021-01,MUN,SP|BEBEDOURO,glp,11,85.0,80.0,85.0,72.5,85.0
2021-01,MUN,SP|BIRIGUI,glp,32,73.5,70.0,77.25,68.0,80.0
2021-01,MUN,SP|CAMPINAS,glp,19,70.0,69.99,79.992,66.99,85.0
2021-01,MUN,SP|CARAGUATATUBA,glp,5,67.0,65.997,69.2,65.995,70.0
2021-01,MUN,SP|COSMOPOLIS,glp,5,75.0,75.0,78.0,75.0,80.0
2021-01,MUN,SP|DIADEMA,glp,33,88.0,83.19,89.99,74.99,90.0
2021-01,MUN,SP|FRANCA,glp,33,75.0,69.99,79.98,67.99,85.0
2021-01,MUN,SP|GUARUJA,glp,4,84.99,84.962,87.09,84.95,87.99
2021-01,MUN,SP|GUARULHOS,glp,20,74.495,69.241,78.141,60.0,79.99
2021-01,MUN,SP|HORTOLANDIA,glp,13,75.0,69.992,78.8,69.99,80.0
2021-01,MUN,SP|ITAQUAQUECETUBA,glp,14,72.742,69.99,76.74,69.99,77.99
2021-01,MUN,SP|JACAREI,glp,10,77.45,68.8,85.0,67.0,85.0
2021-01,MUN,SP|MARILIA,glp,7,87.0,86.2,87.7,85.0,88.0
2021-01,MUN,SP|MATAO,glp,10,83.25,80.0,85.3,80.0,88.0
2021-01,MUN,SP|MAUA,glp,32,85.0,83.1,87.99,70.0,90.0
2021-01,MUN,SP|MOGI DAS CRUZES,glp,37,75.0,70.0,82.097,65.0,83.0
2021-01,MUN,SP|OSASCO,glp,30,80.0,74.0,84.099,64.99,85.0
2021-01,MUN,SP|PAULINIA,glp,13,73.0,69.9,75.0,67.9,80.0
2021-01,MUN,SP|POA,glp,8,72.745,69.99,74.795,69.99,75.495
2021-01,MUN,SP|RIBEIRAO PIRES,glp,14,74.995,70.664,80.0,67.99,85.0
2021-01,MUN,SP|RIBEIRAO PRETO,glp,51,76.0,72.5,83.0,65.0,89.0
2021-01,MUN,SP|RIO CLARO,glp,7,74.0,71.5,75.0,70.0,75.0
2021-01,MUN,SP|SANTA BARBARA D'OESTE,glp,21,70.0,67.99,78.0,64.0,85.0
2021-01,MUN,SP|SANTO ANDRE,glp,44,76.195,69.99,81.49,67.99,84.99
2021-01,MUN,SP|SAO BERNARDO DO CAMPO,glp,35,82.99,77.798,89.99,69.99,94.9
2021-01,MUN,SP|SAO CAETANO DO SUL,glp,6,77.75,77.25,83.498,77.0,83.995
2021-01,MUN,SP|SAO JOSE DO RIO PRETO,glp,26,74.99,68.99,84.25,67.0,90.0
2021-01,MUN,SP|SAO JOSE DOS CAMPOS,glp,20,72.25,66.8,77.191,64.99,81.745
2021-01,MUN,SP|SAO PAULO,glp,121,75.0,69.99,80.0,64.99,85.0
2021-01,MUN,SP|SAO ROQUE,glp,1,78.0,78.0,78.0,78.0,78.0
2021-01,MUN,SP|SUMARE,glp,17,75.0,69.996,77.9,68.99,80.0
2021-01,MUN,SP|SUZANO,glp,24,72.99,69.993,75.99,68.99,78.99
2021-01,MUN,SP|TABOAO DA SERRA,glp,6,74.99,71.495,82.49,70.0,84.99
2021-01,MUN,SP|TAUBATE,glp,9,72.0,65.8,76.8,65.0,78.0
2021-01,MUN,SP|VALINHOS,glp,5,74.0,67.99,74.954,67.99,74.99
2021-01,MUN,SP|VINHEDO,glp,4,76.945,74.247,77.97,73.5,78.0
2021-01,MUN,TO|PALMAS,glp,30,85.0,80.0,90.3,75.0,95.0
2021-01,UF,AC,glp,49,94.75,91.4,98.0,80.0,101.0
2021-01,UF,AL,glp,25,75.0,68.14,78.0,64.5,80.0
2021-01,UF,AM,glp,136,85.0,80.0,90.0,75.99,100.0
2021-01,UF,AP,glp,17,95.0,88.4,98.8,85.0,102.0
2021-01,UF,BA,glp,212,72.0,64.991,76.99,59.99,84.99
2021-01,UF,CE,glp,109,83.0,79.89,87.6,75.0,92.5
2021-01,UF,DF,glp,55,74.99,72.5,77.5,72.49,80.0
2021-01,UF,ES,glp,90,74.99,64.99,78.1,60.0,85.0
2021-01,UF,GO,glp,68,80.0,77.5,95.0,75.0,100.0
2021-01,UF,MA,glp,40,79.99,74.99,79.99,74.99,79.99
2021-01,UF,MG,glp,214,78.0,70.297,85.0,65.0,93.0
2021-01,UF,MS,glp,146,75.0,70.0,82.25,68.0,89.0
2021-01,UF,MT,glp,55,97.5,89.0,100.0,88.0,105.0
2021-01,UF,PA,glp,47,83.0,80.0,88.396,78.0,90.0
2021-01,UF,PB,glp,39,80.0,74.79,85.0,70.0,95.0
2021-01,UF,PE,glp,193,70.0,67.0,75.0,60.0,85.0
2021-01,UF,PI,glp,55,80.0,74.99,80.0,70.0,82.5
2021-01,UF,PR,glp,254,80.0,74.996,90.0,69.9,98.0
2021-01,UF,RJ,glp,202,67.5,64.819,74.99,59.99,79.99
2021-01,UF,RN,glp,29,78.0,70.0,82.0,69.0,85.0
2021-01,UF,RO,glp,37,90.0,84.3,95.4,82.0,99.0
2021-01,UF,RR,glp,76,96.0,91.25,98.75,88.0,105.0
2021-01,UF,RS,glp,330,73.0,69.0,82.0,59.99,88.0
2021-01,UF,SC,glp,21,84.49,82.0,85.99,80.0,86.99
2021-01,UF,SE,glp,27,75.0,70.9,80.0,70.0,85.0
2021-01,UF,SP,glp,890,75.0,69.99,85.0,60.0,94.9
2021-01,UF,TO,glp,30,85.0,80.0,90.3,75.0,95.0
2021-02,BR,BR,glp,3948,80.0,70.0,92.0,60.0,105.0
2021-02,MUN,AC|CRUZEIRO DO SUL,glp,5,100.025,100.0,103.01,100.0,105.0
2021-02,MUN,AC|RIO BRANCO,glp,59,97.0,95.0,100.0,94.0,105.0
2021-02,MUN,AL|ARAPIRACA,glp,13,75.0,69.72,78.8,67.9,80.0
2021-02,MUN,AL|MACEIO,glp,11,77.5,70.0,80.0,66.5,81.0
2021-02,MUN,AM|ITACOATIARA,glp,9,96.5,94.7,97.0,93.5,97.0
2021-02,MUN,AM|MANAUS,glp,145,88.0,82.4,91.0,78.0,100.0
2021-02,MUN,AP|MACAPA,glp,13,100.0,97.6,103.0,94.0,104.0
2021-02,MUN,BA|BRUMADO,glp,4,74.0,71.6,75.0,71.0,75.0
2021-02,MUN,BA|CAMACARI,glp,26,75.0,71.0,79.0,68.0,80.0
2021-02,MUN,BA|FEIRA DE SANTANA,glp,12,71.0,64.25,79.3,63.5,89.495
2021-02,MUN,BA|GUANAMBI,glp,15,75.0,75.0,75.0,75.0,75.0
2021-02,MUN,BA|ILHEUS,glp,6,81.475,79.495,82.25,78.99,82.5
2021-02,MUN,BA|ITABUNA,glp,15,75.0,70.0,80.0,69.99,80.0
2021-02,MUN,BA|ITAMARAJU,glp,10,70.0,69.5,70.5,65.0,75.0
2021-02,MUN,BA|JUAZEIRO,glp,11,75.0,70.0,78.0,70.0,80.0
2021-02,MUN,BA|SALVADOR,glp,111,74.0,68.0,77.99,64.99,80.0
2021-02,MUN,BA|TEIXEIRA DE FREITAS,glp,12,72.25,68.2,75.0,67.0,75.0
2021-02,MUN,CE|AQUIRAZ,glp,1,87.0,87.0,87.0,87.0,87.0
2021-02,MUN,CE|CAUCAIA,glp,17,85.0,80.0,90.0,80.0,92.5
2021-02,MUN,CE|CRATO,glp,15,83.0,80.0,83.0,79.9,83.5
2021-02,MUN,CE|FORTALEZA,glp,56,86.0,80.0,90.75,75.0,95.0
2021-02,MUN,CE|JUAZEIRO DO NORTE,glp,11,85.99,84.0,86.0,83.0,86.0
2021-02,MUN,CE|MARACANAU,glp,9,83.5,80.0,90.0,80.0,90.0
2021-02,MUN,DF|BRASILIA,glp,62,77.24,74.99,82.89,72.99,84.99
2021-02,MUN,ES|ARACRUZ,glp,6,73.75,70.0,83.75,70.0,85.0
2021-02,MUN,ES|CARIACICA,glp,29,70.0,65.0,80.6,64.99,85.0
2021-02,MUN,ES|GUARAPARI,glp,1,75.0,75.0,75.0,75.0,75.0
2021-02,MUN,ES|LINHARES,glp,26,77.925,70.995,80.0,70.0,85.0
2021-02,MUN,ES|SERRA,glp,32,80.0,76.05,80.0,65.99,80.0
2021-02,MUN,ES|VILA VELHA,glp,14,77.75,73.593,80.0,68.0,80.0
2021-02,MUN,ES|VITORIA,glp,6,80.0,75.0,80.0,72.5,80.0
2021-02,MUN,GO|ANAPOLIS,glp,10,80.0,78.0,85.5,78.0,90.0
2021-02,MUN,GO|APARECIDA DE GOIANIA,glp,19,85.0,82.0,87.2,78.0,88.0
2021-02,MUN,GO|CALDAS NOVAS,glp,8,80.0,78.0,82.9,78.0,85.0
2021-02,MUN,GO|GOIANIA,glp,38,85.0,80.0,85.0,80.0,87.5
2021-02,MUN,GO|TRINDADE,glp,38,80.0,79.63,85.0,73.0,85.0
2021-02,MUN,MA|BALSAS,glp,3,90.0,90.0,90.0,90.0,90.0
2021-02,MUN,MA|IMPERATRIZ,glp,25,80.0,78.4,83.8,75.0,90.0
2021-02,MUN,MA|SAO JOSE DE RIBAMAR,glp,12,84.99,82.49,84.99,82.49,84.99
2021-02,MUN,MA|SAO LUIS,glp,34,84.99,82.49,84.99,80.0,84.99
2021-02,MUN,MG|BELO HORIZONTE,glp,44,78.45,70.6,87.1,69.99,93.0
2021-02,MUN,MG|BETIM,glp,17,81.0,71.6,90.0,62.99,90.0
2021-02,MUN,MG|CONSELHEIRO LAFAIETE,glp,15,80.0,75.0,80.6,74.0,82.5
2021-02,MUN,MG|CONTAGEM,glp,34,80.0,75.0,85.0,69.0,90.0
2021-02,MUN,MG|GOVERNADOR VALADARES,glp,8,88.0,84.393,91.2,83.0,94.0
2021-02,MUN,MG|IBIRITE,glp,1,80.0,80.0,80.0,80.0,80.0
2021-02,MUN,MG|IPATINGA,glp,20,82.0,75.9,88.0,75.0,89.0
2021-02,MUN,MG|JOAO PINHEIRO,glp,11,90.0,89.9,92.5,88.0,92.5
2021-02,MUN,MG|JUIZ DE FORA,glp,30,74.995,68.0,80.0,65.0,85.0
2021-02,MUN,MG|MANHUACU,glp,7,75.0,74.96,80.0,74.9,80.0
2021-02,MUN,MG|MONTES CLAROS,glp,26,81.0,77.495,83.75,74.99,86.0
2021-02,MUN,MG|POCOS DE CALDAS,glp,16,79.99,78.99,80.0,78.99,80.0
2021-02,MUN,MG|SETE LAGOAS,glp,13,77.0,75.0,80.8,73.99,84.0
2021-02,MUN,MG|UBA,glp,14,79.5,75.45,83.0,75.0,85.0
2021-02,MUN,MG|UBERABA,glp,9,82.0,80.0,85.0,80.0,85.0
2021-02,MUN,MS|CAMPO GRANDE,glp,120,78.0,73.499,82.55,69.0,90.0
2021-02,MUN,MS|DOURADOS,glp,43,85.0,78.0,85.8,75.0,88.0
2021-02,MUN,MS|PONTA PORA,glp,2,82.5,78.9,86.1,78.0,87.0
2021-02,MUN,MT|CACERES,glp,8,90.0,88.5,90.0,85.0,90.0
2021-02,MUN,MT|CUIABA,glp,46,100.0,91.5,102.5,88.0,105.0
2021-02,MUN,MT|VARZEA GRANDE,glp,12,100.0,100.0,100.0,95.0,102.5
2021-02,MUN,PA|ALENQUER,glp,6,85.0,85.0,91.25,85.0,95.0
2021-02,MUN,PA|BELEM,glp,48,87.0,83.343,90.0,80.0,94.99
2021-02,MUN,PA|MARABA,glp,13,100.0,100.0,101.2,90.0,102.5
2021-02,MUN,PA|PARAUAPEBAS,glp,8,95.0,89.99,100.0,89.99,100.0
2021-02,MUN,PB|BAYEUX,glp,4,80.5,80.0,81.0,80.0,81.0
2021-02,MUN,PB|CABEDELO,glp,6,82.5,78.0,95.0,76.0,95.0
2021-02,MUN,PB|JOAO PESSOA,glp,28,81.0,78.2,85.0,70.0,90.0
2021-02,MUN,PE|ARCOVERDE,glp,5,85.0,81.996,87.994,80.0,89.99
2021-02,MUN,PE|GARANHUNS,glp,6,79.99,79.99,82.5,79.99,85.0
2021-02,MUN,PE|IGARASSU,glp,15,74.0,72.7,74.5,71.0,75.0
2021-02,MUN,PE|JABOATAO DOS GUARARAPES,glp,25,72.5,69.2,79.0,60.0,80.0
2021-02,MUN,PE|OLINDA,glp,44,70.498,68.996,75.0,67.99,85.0
2021-02,MUN,PE|PAULISTA,glp,26,72.995,70.0,76.5,68.99,80.0
2021-02,MUN,PE|RECIFE,glp,71,71.0,68.49,75.0,65.5,80.0
2021-02,MUN,PE|SANTA CRUZ DO CAPIBARIBE,glp,3,80.0,76.0,84.0,75.0,85.0
2021-02,MUN,PE|VITORIA DE SANTO ANTAO,glp,14,71.5,70.0,75.0,70.0,75.0
2021-02,MUN,PI|TERESINA,glp,68,82.495,79.99,85.0,77.5,87.5
2021-02,MUN,PR|ARAPONGAS,glp,2,84.0,83.2,84.8,83.0,85.0
2021-02,MUN,PR|CAMBE,glp,2,87.5,85.5,89.5,85.0,90.0
2021-02,MUN,PR|CASCAVEL,glp,21,80.0,78.0,81.0,78.0,85.0
2021-02,MUN,PR|CASTRO,glp,5,86.0,85.0,92.88,85.0,96.8
2021-02,MUN,PR|COLOMBO,glp,23,78.0,75.0,80.0,71.9,80.0
2021-02,MUN,PR|CURITIBA,glp,41,79.0,74.9,82.0,69.9,83.0
2021-02,MUN,PR|FOZ DO IGUACU,glp,42,95.0,92.73,95.45,89.85,105.0
2021-02,MUN,PR|LONDRINA,glp,84,87.0,80.0,95.0,75.0,98.0
2021-02,MUN,PR|MARINGA,glp,52,90.0,85.0,95.0,80.0,95.0
2021-02,MUN,PR|PINHAIS,glp,19,78.0,74.998,82.69,74.9,85.0
2021-02,MUN,PR|PONTA GROSSA,glp,17,84.0,79.2,86.4,78.0,87.0
2021-02,MUN,PR|SAO JOSE DOS PINHAIS,glp,13,77.0,75.1,79.52,73.0,80.0
2021-02,MUN,PR|TOLEDO,glp,11,90.0,82.0,95.0,78.0,96.0
2021-02,MUN,PR|UMUARAMA,glp,12,90.0,90.0,94.75,90.0,95.0
2021-02,MUN,RJ|ANGRA DOS REIS,glp,5,68.945,64.594,69.99,62.99,69.99
2021-02,MUN,RJ|BARRA MANSA,glp,3,67.99,65.59,69.59,64.99,69.99
2021-02,MUN,RJ|BELFORD ROXO,glp,12,68.498,64.191,69.999,63.495,75.0
2021-02,MUN,RJ|CABO FRIO,glp,3,69.99,68.39,69.998,67.99,70.0
2021-02,MUN,RJ|DUQUE DE CAXIAS,glp,32,69.495,65.99,69.99,64.99,70.0
2021-02,MUN,RJ|ITAGUAI,glp,2,69.99,69.99,69.99,69.99,69.99
2021-02,MUN,RJ|NILOPOLIS,glp,12,70.0,70.0,70.0,70.0,75.0
2021-02,MUN,RJ|NITEROI,glp,10,66.995,63.791,70.191,62.0,72.0
2021-02,MUN,RJ|NOVA IGUACU,glp,26,66.748,64.74,70.488,62.5,71.5
2021-02,MUN,RJ|RESENDE,glp,2,68.74,67.74,69.74,67.49,69.99
2021-02,MUN,RJ|RIO BONITO,glp,1,69.99,69.99,69.99,69.99,69.99
2021-02,MUN,RJ|RIO DE JANEIRO,glp,43,72.0,68.992,75.0,64.99,78.0
2021-02,MUN,RJ|SAO GONCALO,glp,18,69.99,68.343,73.0,66.0,75.0
2021-02,MUN,RJ|SAO JOAO DE MERITI,glp,18,69.24,64.99,72.543,63.495,76.99
2021-02,MUN,RJ|SAPUCAIA,glp,3,69.99,67.99,69.99,67.49,69.99
2021-02,MUN,RJ|SAQUAREMA,glp,1,69.99,69.99,69.99,69.99,69.99
2021-02,MUN,RJ|TERESOPOLIS,glp,5,76.0,71.16,77.74,68.0,78.9
2021-02,MUN,RJ|TRES RIOS,glp,1,67.0,67.0,67.0,67.0,67.0
2021-02,MUN,RJ|VOLTA REDONDA,glp,6,69.99,68.74,69.99,67.49,69.99
2021-02,MUN,RN|NATAL,glp,27,80.0,74.6,85.0,72.0,90.0
2021-02,MUN,RN|PARNAMIRIM,glp,12,88.0,85.0,89.9,83.0,90.0
2021-02,MUN,RO|PORTO VELHO,glp,38,92.25,88.0,97.3,86.0,100.0
2021-02,MUN,RR|BOA VISTA,glp,84,98.0,94.0,100.0,90.0,105.0
2021-02,MUN,RS|ALVORADA,glp,10,75.5,68.899,79.0,67.99,79.0
2021-02,MUN,RS|BAGE,glp,25,76.5,73.2,78.6,72.0,80.0
2021-02,MUN,RS|CACHOEIRINHA,glp,11,75.0,73.0,79.0,69.0,79.0
2021-02,MUN,RS|CANOAS,glp,15,73.0,69.36,74.96,68.95,79.0
2021-02,MUN,RS|CAXIAS DO SUL,glp,53,83.0,80.0,86.9,70.0,89.0
2021-02,MUN,RS|ESTEIO,glp,12,73.0,70.1,77.75,69.0,80.0
2021-02,MUN,RS|GRAVATAI,glp,14,73.0,70.6,76.7,68.0,78.0
2021-02,MUN,RS|GUAIBA,glp,7,79.0,78.6,81.9,78.0,84.0
2021-02,MUN,RS|NOVO HAMBURGO,glp,16,74.0,70.0,76.0,70.0,76.0
2021-02,MUN,RS|PELOTAS,glp,47,75.0,73.0,80.0,69.9,85.0
2021-02,MUN,RS|PORTO ALEGRE,glp,31,76.5,73.995,79.9,70.0,88.0
2021-02,MUN,RS|SANTA MARIA,glp,15,78.0,77.4,84.6,76.0,89.0
2021-02,MUN,RS|SANTANA DO LIVRAMENTO,glp,11,78.0,77.0,82.0,75.0,82.0
2021-02,MUN,RS|SAO LEOPOLDO,glp,13,70.0,67.2,73.0,65.0,75.0
2021-02,MUN,RS|SAPUCAIA DO SUL,glp,21,72.5,69.99,75.0,69.0,78.0
2021-02,MUN,RS|VIAMAO,glp,15,76.5,74.34,81.5,72.45,85.0
2021-02,MUN,SC|ARARANGUA,glp,3,85.0,82.6,85.0,82.0,85.0
2021-02,MUN,SC|BALNEARIO CAMBORIU,glp,2,85.99,85.99,85.99,85.99,85.99
2021-02,MUN,SC|BIGUACU,glp,1,85.99,85.99,85.99,85.99,85.99
2021-02,MUN,SC|BLUMENAU,glp,14,97.45,90.05,99.9,80.0,99.9
2021-02,MUN,SC|CRICIUMA,glp,5,83.5,82.4,84.6,82.0,85.0
2021-02,MUN,SC|FLORIANOPOLIS,glp,7,87.0,85.792,88.394,85.495,89.0
2021-02,MUN,SC|PALHOCA,glp,2,86.5,85.3,87.7,85.0,88.0
2021-02,MUN,SC|SAO JOSE,glp,3,89.0,85.8,89.8,85.0,90.0
2021-02,MUN,SC|TUBARAO,glp,1,83.5,83.5,83.5,83.5,83.5
2021-02,MUN,SE|ARACAJU,glp,20,75.0,72.81,80.1,70.0,85.0
2021-02,MUN,SE|ITABAIANA,glp,6,82.0,77.0,84.0,77.0,85.0
2021-02,MUN,SP|AMERICANA,glp,16,77.5,75.5,82.5,74.0,84.0
2021-02,MUN,SP|ARACATUBA,glp,33,72.0,64.2,75.0,63.0,76.5
2021-02,MUN,SP|ASSIS,glp,8,71.75,70.0,75.0,70.0,75.0
2021-02,MUN,SP|ATIBAIA,glp,15,80.0,75.0,85.0,71.99,85.0
2021-02,MUN,SP|AVARE,glp,11,75.0,75.0,85.0,74.99,85.0
2021-02,MUN,SP|BARRETOS,glp,3,87.0,81.392,88.6,79.99,89.0
2021-02,MUN,SP|BARUERI,glp,39,77.99,74.0,85.0,68.0,90.0
2021-02,MUN,SP|BAURU,glp,28,77.5,74.99,80.0,70.0,85.0
2021-02,MUN,SP|BEBEDOURO,glp,12,85.0,82.75,89.75,80.0,90.0
2021-02,MUN,SP|BIRIGUI,glp,31,75.0,72.5,75.0,70.0,80.0
2021-02,MUN,SP|CAMPINAS,glp,18,74.99,69.997,80.75,69.99,85.0
2021-02,MUN,SP|CARAGUATATUBA,glp,3,72.0,70.4,72.8,70.0,73.0
2021-02,MUN,SP|CARAPICUIBA,glp,22,80.0,74.991,84.99,67.99,85.0
2021-02,MUN,SP|COSMOPOLIS,glp,5,79.99,77.896,80.0,76.5,80.0
2021-02,MUN,SP|DIADEMA,glp,28,89.99,85.797,91.99,79.99,93.0
2021-02,MUN,SP|FRANCA,glp,35,76.99,69.994,81.2,64.99,85.0
2021-02,MUN,SP|GUARUJA,glp,5,85.0,84.966,87.99,84.95,87.99
2021-02,MUN,SP|GUARULHOS,glp,19,75.995,72.892,80.35,70.0,82.49
2021-02,MUN,SP|HORTOLANDIA,glp,9,78.5,73.694,82.992,72.49,83.0
2021-02,MUN,SP|INDAIATUBA,glp,13,80.0,77.2,83.0,77.0,85.0
2021-02,MUN,SP|ITAPETININGA,glp,14,77.742,71.95,80.0,70.0,85.0
2021-02,MUN,SP|ITAQUAQUECETUBA,glp,17,74.99,71.49,78.79,69.99,79.99
2021-02,MUN,SP|ITATIBA,glp,5,75.99,74.396,79.66,74.0,80.5
2021-02,MUN,SP|ITU,glp,9,80.0,77.0,85.0,69.0,85.0
2021-02,MUN,SP|JACAREI,glp,9,82.4,71.2,85.0,70.0,85.0
2021-02,MUN,SP|JUNDIAI,glp,5,81.9,80.0,84.596,80.0,85.0
2021-02,MUN,SP|MARILIA,glp,7,88.0,85.0,89.0,85.0,89.0
2021-02,MUN,SP|MATAO,glp,9,85.0,84.2,89.0,81.0,89.0
2021-02,MUN,SP|MAUA,glp,34,85.0,81.5,88.693,68.0,90.0
2021-02,MUN,SP|MOCOCA,glp,8,76.95,74.4,78.6,73.0,80.0
2021-02,MUN,SP|MOGI DAS CRUZES,glp,37,78.99,74.996,83.0,72.0,85.0
2021-02,MUN,SP|MOGI GUACU,glp,6,75.0,71.945,78.5,68.89,79.0
2021-02,MUN,SP|OSASCO,glp,31,82.0,79.99,85.0,75.0,86.0
2021-02,MUN,SP|PAULINIA,glp,6,76.745,75.0,84.25,75.0,85.0
2021-02,MUN,SP|POA,glp,8,75.25,73.99,78.144,73.99,78.49
2021-02,MUN,SP|PRAIA GRANDE,glp,3,76.0,75.992,77.6,75.99,78.0
2021-02,MUN,SP|RIBEIRAO PIRES,glp,18,78.99,74.9,87.5,72.5,88.0
2021-02,MUN,SP|RIBEIRAO PRETO,glp,41,79.99,74.99,86.0,74.0,89.0
2021-02,MUN,SP|RIO CLARO,glp,7,76.5,75.0,77.7,75.0,78.0
2021-02,MUN,SP|SANTA BARBARA D'OESTE,glp,14,75.748,74.3,78.7,67.0,81.5
2021-02,MUN,SP|SANTO ANDRE,glp,30,79.99,76.79,84.99,71.0,89.99
2021-02,MUN,SP|SAO BERNARDO DO CAMPO,glp,31,84.0,78.99,90.0,77.0,100.0
2021-02,MUN,SP|SAO CAETANO DO SUL,glp,6,82.5,78.5,84.495,78.0,84.99
2021-02,MUN,SP|SAO CARLOS,glp,1,79.0,79.0,79.0,79.0,79.0
2021-02,MUN,SP|SAO JOAO DA BOA VISTA,glp,11,80.0,80.0,80.0,80.0,80.0
2021-02,MUN,SP|SAO JOSE DO RIO PRETO,glp,21,75.0,71.49,85.0,70.0,90.0
2021-02,MUN,SP|SAO JOSE DOS CAMPOS,glp,20,74.995,66.8,80.691,64.99,83.49
2021-02,MUN,SP|SAO PAULO,glp,115,78.0,72.9,85.0,68.99,89.99
2021-02,MUN,SP|SOROCABA,glp,15,85.0,79.56,100.0,77.99,100.0
2021-02,MUN,SP|SUMARE,glp,12,75.0,73.19,79.8,72.49,85.0
2021-02,MUN,SP|SUZANO,glp,23,74.99,72.992,78.0,69.99,79.99
2021-02,MUN,SP|TAUBATE,glp,11,75.0,66.0,79.0,60.99,80.0
2021-02,MUN,SP|VALINHOS,glp,5,75.495,68.99,77.28,68.99,78.0
2021-02,MUN,SP|VINHEDO,glp,4,79.22,77.297,81.185,77.0,81.5
2021-02,MUN,TO|GURUPI,glp,50,90.0,87.45,95.0,85.0,95.0
2021-02,MUN,TO|PALMAS,glp,29,87.0,80.0,93.4,80.0,96.0
2021-02,UF,AC,glp,64,98.0,95.0,100.025,94.0,105.0
2021-02,UF,AL,glp,24,75.5,69.23,80.0,66.5,81.0
2021-02,UF,AM,glp,154,88.0,83.0,92.7,78.0,100.0
2021-02,UF,AP,glp,13,100.0,97.6,103.0,94.0,104.0
2021-02,UF,BA,glp,222,74.99,69.099,78.0,63.5,89.495
2021-02,UF,CE,glp,109,85.0,80.0,90.0,75.0,95.0
2021-02,UF,DF,glp,62,77.24,74.99,82.89,72.99,84.99
2021-02,UF,ES,glp,114,78.0,69.927,80.0,64.99,85.0
2021-02,UF,GO,glp,113,82.5,80.0,85.0,73.0,90.0
2021-02,UF,MA,glp,74,84.99,80.0,84.99,75.0,90.0
2021-02,UF,MG,glp,265,80.0,73.696,88.0,62.99,94.0
2021-02,UF,MS,glp,165,80.0,74.694,85.0,69.0,90.0
2021-02,UF,MT,glp,66,100.0,90.0,102.5,85.0,105.0
2021-02,UF,PA,glp,75,88.0,84.0,100.0,80.0,102.5
2021-02,UF,PB,glp,38,80.5,78.2,85.75,70.0,95.0
2021-02,UF,PE,glp,209,72.5,69.892,78.0,60.0,89.99
2021-02,UF,PI,glp,68,82.495,79.99,85.0,77.5,87.5
2021-02,UF,PR,glp,344,85.0,77.12,95.0,69.9,105.0
2021-02,UF,RJ,glp,203,69.99,64.992,74.99,62.0,78.9
2021-02,UF,RN,glp,39,83.0,75.4,89.0,72.0,90.0
2021-02,UF,RO,glp,38,92.25,88.0,97.3,86.0,100.0
2021-02,UF,RR,glp,84,98.0,94.0,100.0,90.0,105.0
2021-02,UF,RS,glp,316,76.0,70.45,84.0,65.0,89.0
2021-02,UF,SC,glp,38,87.495,83.35,99.9,80.0,99.9
2021-02,UF,SE,glp,26,76.0,73.45,82.5,70.0,85.0
2021-02,UF,SP,glp,946,78.0,72.5,85.965,60.99,100.0
2021-02,UF,TO,glp,79,90.0,80.0,95.0,80.0,96.0
2021-03,BR,BR,glp,4494,84.968,75.0,95.0,59.9,120.0
2021-03,MUN,AC|CRUZEIRO DO SUL,glp,6,107.5,102.5,110.0,100.0,110.0
2021-03,MUN,AC|RIO BRANCO,glp,50,100.0,97.45,105.0,95.0,107.0
2021-03,MUN,AL|ARAPIRACA,glp,12,80.0,74.31,80.0,73.0,81.0
2021-03,MUN,AL|MACEIO,glp,11,85.0,75.0,85.0,70.0,85.0
2021-03,MUN,AM|ITACOATIARA,glp,9,98.5,98.0,100.6,98.0,103.0
2021-03,MUN,AM|MANAUS,glp,89,90.0,86.0,93.0,80.0,102.5
2021-03,MUN,AP|MACAPA,glp,12,104.0,100.0,105.0,98.0,106.0
2021-03,MUN,BA|BRUMADO,glp,5,80.0,77.0,80.0,75.0,80.0
2021-03,MUN,BA|CAMACARI,glp,29,80.0,75.8,82.4,73.0,85.0
2021-03,MUN,BA|FEIRA DE SANTANA,glp,10,75.995,72.9,82.709,72.0,89.99
2021-03,MUN,BA|GUANAMBI,glp,16,85.0,85.0,85.0,75.0,85.0
2021-03,MUN,BA|ILHEUS,glp,7,87.0,84.2,88.74,83.0,90.0
2021-03,MUN,BA|ITABUNA,glp,10,85.0,82.2,85.1,75.0,86.0
2021-03,MUN,BA|JUAZEIRO,glp,6,75.0,75.0,78.0,75.0,78.0
2021-03,MUN,BA|SALVADOR,glp,115,77.0,70.0,83.0,68.99,85.99
2021-03,MUN,BA|TEIXEIRA DE FREITAS,glp,10,80.0,76.8,82.3,75.0,85.0
2021-03,MUN,CE|AQUIRAZ,glp,1,90.0,90.0,90.0,90.0,90.0
2021-03,MUN,CE|CAUCAIA,glp,17,85.0,80.0,95.0,74.99,99.0
2021-03,MUN,CE|CRATO,glp,15,86.0,83.0,87.6,80.0,90.0
2021-03,MUN,CE|FORTALEZA,glp,55,90.0,85.0,95.0,78.0,100.0
2021-03,MUN,CE|JUAZEIRO DO NORTE,glp,11,89.0,87.0,89.0,86.0,89.0
2021-03,MUN,CE|MARACANAU,glp,9,90.0,76.0,93.4,76.0,95.0
2021-03,MUN,DF|BRASILIA,glp,59,80.0,77.89,85.0,74.99,85.99
2021-03,MUN,ES|ARACRUZ,glp,7,78.0,72.6,82.0,72.0,85.0
2021-03,MUN,ES|CARIACICA,glp,21,75.99,68.0,85.0,66.0,86.0
2021-03,MUN,ES|GUARAPARI,glp,10,75.5,70.0,80.5,69.995,85.0
2021-03,MUN,ES|LINHARES,glp,30,80.0,77.5,85.0,75.0,90.0
2021-03,MUN,ES|SERRA,glp,27,84.99,73.3,85.0,69.99,110.0
2021-03,MUN,ES|VILA VELHA,glp,13,80.0,76.792,85.0,68.0,85.0
2021-03,MUN,ES|VITORIA,glp,6,85.0,82.5,85.0,80.0,85.0
2021-03,MUN,GO|ANAPOLIS,glp,13,85.0,83.0,85.0,80.0,90.0
2021-03,MUN,GO|APARECIDA DE GOIANIA,glp,39,85.0,82.4,90.0,76.5,95.0
2021-03,MUN,GO|CALDAS NOVAS,glp,8,80.0,79.4,85.0,78.0,85.0
2021-03,MUN,GO|FORMOSA,glp,17,80.0,74.596,83.8,73.0,87.0
2021-03,MUN,GO|GOIANIA,glp,36,87.5,85.0,90.0,80.0,90.0
2021-03,MUN,GO|RIO VERDE,glp,3,95.0,91.0,99.0,90.0,100.0
2021-03,MUN,GO|TRINDADE,glp,58,85.0,80.0,87.648,73.0,90.0
2021-03,MUN,MA|BALSAS,glp,4,90.0,90.0,90.0,90.0,90.0
2021-03,MUN,MA|SAO JOSE DE RIBAMAR,glp,9,84.99,84.99,87.99,84.99,87.99
2021-03,MUN,MA|SAO LUIS,glp,29,84.99,84.99,86.798,83.99,87.99
2021-03,MUN,MG|ARAGUARI,glp,6,85.745,84.0,92.5,83.0,95.0
2021-03,MUN,MG|BELO HORIZONTE,glp,39,80.0,75.0,90.5,69.99,97.0
2021-03,MUN,MG|BETIM,glp,34,89.0,80.0,92.4,74.0,100.0
2021-03,MUN,MG|CONSELHEIRO LAFAIETE,glp,14,83.5,80.0,87.85,77.5,90.0
2021-03,MUN,MG|CONTAGEM,glp,42,85.0,76.399,90.9,69.9,98.0
2021-03,MUN,MG|FRUTAL,glp,6,84.995,83.495,87.372,82.0,88.0
2021-03,MUN,MG|GOVERNADOR VALADARES,glp,13,88.0,85.4,91.6,83.0,98.0
2021-03,MUN,MG|IBIRITE,glp,1,90.0,90.0,90.0,90.0,90.0
2021-03,MUN,MG|IPATINGA,glp,20,85.5,82.45,92.2,75.0,95.0
2021-03,MUN,MG|ITUIUTABA,glp,20,85.0,85.0,86.1,80.0,88.0
2021-03,MUN,MG|JOAO PINHEIRO,glp,11,95.0,93.0,95.0,93.0,95.0
2021-03,MUN,MG|JUIZ DE FORA,glp,32,80.0,73.1,85.0,69.99,90.0
2021-03,MUN,MG|MANHUACU,glp,6,80.0,79.95,80.75,79.9,81.5
2021-03,MUN,MG|MONTES CLAROS,glp,47,86.5,82.996,90.0,78.99,95.0
2021-03,MUN,MG|POCOS DE CALDAS,glp,16,84.745,83.99,85.0,83.99,85.0
2021-03,MUN,MG|SETE LAGOAS,glp,13,83.0,78.39,85.0,77.0,87.0
2021-03,MUN,MG|TEOFILO OTONI,glp,9,89.0,83.6,90.0,78.0,90.0
2021-03,MUN,MG|UBA,glp,15,82.0,80.0,85.0,75.0,87.5
2021-03,MUN,MG|UBERABA,glp,22,85.0,80.0,85.0,80.0,90.0
2021-03,MUN,MG|UBERLANDIA,glp,49,89.0,85.0,91.0,80.0,95.0
2021-03,MUN,MS|CAMPO GRANDE,glp,105,80.0,77.5,87.4,70.0,95.9
2021-03,MUN,MS|DOURADOS,glp,43,85.0,80.0,90.8,77.5,95.0
2021-03,MUN,MS|PONTA PORA,glp,7,80.0,78.0,81.6,78.0,84.0
2021-03,MUN,MT|CACERES,glp,9,95.0,94.5,100.0,92.5,100.0
2021-03,MUN,MT|CUIABA,glp,55,105.0,97.7,108.0,88.0,110.0
2021-03,MUN,MT|RONDONOPOLIS,glp,13,105.0,101.0,115.0,100.0,115.0
2021-03,MUN,MT|SINOP,glp,12,115.0,105.5,119.5,100.0,120.0
2021-03,MUN,MT|VARZEA GRANDE,glp,10,105.0,99.999,105.5,99.99,110.0
2021-03,MUN,PA|ALENQUER,glp,5,90.0,87.0,95.0,85.0,95.0
2021-03,MUN,PA|ANANINDEUA,glp,18,90.0,85.0,92.95,85.0,95.0
2021-03,MUN,PA|BELEM,glp,45,90.0,87.0,94.0,85.0,99.99
2021-03,MUN,PA|MARABA,glp,12,104.5,100.0,105.0,100.0,110.0
2021-03,MUN,PB|BAYEUX,glp,4,84.0,81.2,84.7,80.0,85.0
2021-03,MUN,PB|CABEDELO,glp,6,85.0,79.5,95.7,79.0,98.9
2021-03,MUN,PB|JOAO PESSOA,glp,26,83.5,79.495,88.0,72.995,90.0
2021-03,MUN,PE|ARCOVERDE,glp,8,84.995,80.0,86.2,80.0,89.0
2021-03,MUN,PE|CARUARU,glp,10,78.75,74.9,80.5,74.0,85.0
2021-03,MUN,PE|GARANHUNS,glp,8,84.99,84.361,84.996,83.0,85.0
2021-03,MUN,PE|IGARASSU,glp,17,78.0,75.3,78.0,75.0,78.0
2021-03,MUN,PE|JABOATAO DOS GUARARAPES,glp,25,75.0,71.697,77.5,65.0,80.0
2021-03,MUN,PE|OLINDA,glp,47,75.0,72.5,80.0,68.0,85.0
2021-03,MUN,PE|PAULISTA,glp,26,77.5,73.005,80.0,72.99,82.5
2021-03,MUN,PE|RECIFE,glp,74,75.0,71.99,80.0,68.0,85.0
2021-03,MUN,PE|VITORIA DE SANTO ANTAO,glp,11,75.0,75.0,75.0,66.5,77.5
2021-03,MUN,PI|TERESINA,glp,75,87.5,85.0,90.0,80.0,95.0
2021-03,MUN,PR|CAMPO MOURAO,glp,10,90.0,87.9,91.84,87.0,94.9
2021-03,MUN,PR|CASCAVEL,glp,20,82.5,80.0,85.0,80.0,92.0
2021-03,MUN,PR|CASTRO,glp,5,87.0,85.4,91.2,85.0,92.0
2021-03,MUN,PR|COLOMBO,glp,24,79.25,75.3,80.0,73.9,87.0
2021-03,MUN,PR|CURITIBA,glp,38,80.0,79.63,86.0,74.0,89.0
2021-03,MUN,PR|FOZ DO IGUACU,glp,24,96.5,95.0,100.0,90.0,105.0
2021-03,MUN,PR|LONDRINA,glp,80,87.5,83.0,95.0,75.0,100.0
2021-03,MUN,PR|MARINGA,glp,46,92.25,85.0,98.0,80.0,100.0
2021-03,MUN,PR|PINHAIS,glp,19,80.0,77.899,85.4,76.9,88.0
2021-03,MUN,PR|PONTA GROSSA,glp,26,84.5,81.0,89.75,75.0,92.0
2021-03,MUN,PR|SAO JOSE DOS PINHAIS,glp,13,80.0,79.18,80.0,79.0,82.0
2021-03,MUN,PR|TOLEDO,glp,28,86.5,81.4,93.0,77.0,99.0
2021-03,MUN,PR|UMUARAMA,glp,16,94.0,92.0,95.0,88.0,95.0
2021-03,MUN,RJ|ARARUAMA,glp,12,69.49,67.1,69.999,62.99,70.5
2021-03,MUN,RJ|BARRA DO PIRAI,glp,3,86.0,86.0,89.92,86.0,90.9
2021-03,MUN,RJ|BARRA MANSA,glp,10,76.998,74.21,81.4,68.0,85.0
2021-03,MUN,RJ|BELFORD ROXO,glp,12,71.25,70.0,75.0,67.995,76.5
2021-03,MUN,RJ|CABO FRIO,glp,9,69.99,69.291,70.199,66.495,70.995
2021-03,MUN,RJ|DUQUE DE CAXIAS,glp,33,73.0,68.99,74.99,67.99,75.0
2021-03,MUN,RJ|ITABORAI,glp,9,69.99,68.99,72.99,68.99,72.99
2021-03,MUN,RJ|MARICA,glp,7,69.5,65.594,74.994,65.0,75.0
2021-03,MUN,RJ|NILOPOLIS,glp,12,75.0,71.6,75.0,70.0,75.0
2021-03,MUN,RJ|NITEROI,glp,9,69.99,67.196,72.992,66.0,73.0
2021-03,MUN,RJ|NOVA FRIBURGO,glp,9,90.0,85.0,90.0,85.0,90.0
2021-03,MUN,RJ|NOVA IGUACU,glp,28,69.995,67.393,73.297,64.99,75.0
2021-03,MUN,RJ|PETROPOLIS,glp,9,79.9,74.998,80.998,74.99,84.99
2021-03,MUN,RJ|RESENDE,glp,7,84.99,77.895,85.0,75.495,85.0
2021-03,MUN,RJ|RIO BONITO,glp,7,68.995,67.194,70.0,66.0,70.0
2021-03,MUN,RJ|RIO DE JANEIRO,glp,74,73.998,67.65,78.0,59.9,80.0
2021-03,MUN,RJ|SAO GONCALO,glp,17,72.99,69.996,75.9,69.795,80.0
2021-03,MUN,RJ|SAO JOAO DE MERITI,glp,18,71.992,68.99,75.297,64.99,79.99
2021-03,MUN,RJ|SAQUAREMA,glp,11,69.0,66.0,71.0,66.0,73.0
2021-03,MUN,RJ|TERESOPOLIS,glp,5,78.0,78.0,79.2,78.0,80.0
2021-03,MUN,RN|NATAL,glp,30,87.95,79.999,90.2,75.0,95.0
2021-03,MUN,RN|PARNAMIRIM,glp,42,90.0,85.0,91.9,80.0,95.0
2021-03,MUN,RO|CACOAL,glp,8,105.5,101.4,108.75,100.0,110.5
2021-03,MUN,RO|PORTO VELHO,glp,39,97.0,90.8,100.0,90.0,105.0
2021-03,MUN,RR|BOA VISTA,glp,89,100.0,98.0,103.8,94.0,105.0
2021-03,MUN,RS|ALVORADA,glp,9,78.0,74.998,82.0,74.99,82.0
2021-03,MUN,RS|BAGE,glp,25,80.0,78.0,82.5,75.0,90.0
2021-03,MUN,RS|CACHOEIRINHA,glp,6,79.5,77.0,85.5,76.0,89.0
2021-03,MUN,RS|CANOAS,glp,15,78.0,74.4,80.0,73.0,84.0
2021-03,MUN,RS|CAXIAS DO SUL,glp,57,86.5,82.0,89.9,70.0,90.0
2021-03,MUN,RS|ESTEIO,glp,11,75.0,75.0,82.0,73.0,82.0
2021-03,MUN,RS|GRAVATAI,glp,9,75.0,73.59,78.0,71.99,78.0
2021-03,MUN,RS|GUAIBA,glp,6,85.0,84.45,85.0,84.0,85.0
2021-03,MUN,RS|NOVO HAMBURGO,glp,12,76.75,75.1,78.0,75.0,85.0
2021-03,MUN,RS|PELOTAS,glp,47,78.5,75.8,83.8,74.0,85.0
2021-03,MUN,RS|PORTO ALEGRE,glp,24,80.45,75.297,84.9,74.995,93.5
2021-03,MUN,RS|RIO GRANDE,glp,1,80.0,80.0,80.0,80.0,80.0
2021-03,MUN,RS|SAO LEOPOLDO,glp,11,74.0,73.0,76.0,72.0,78.0
2021-03,MUN,RS|SAPUCAIA DO SUL,glp,21,78.0,74.99,80.0,73.99,82.0
2021-03,MUN,RS|VIAMAO,glp,15,80.0,78.936,85.3,76.99,89.0
2021-03,MUN,SC|ARARANGUA,glp,2,81.0,80.2,81.8,80.0,82.0
2021-03,MUN,SC|BALNEARIO CAMBORIU,glp,1,88.99,88.99,88.99,88.99,88.99
2021-03,MUN,SC|BIGUACU,glp,3,88.44,88.088,88.88,88.0,88.99
2021-03,MUN,SC|BLUMENAU,glp,13,95.0,89.2,99.9,82.0,99.9
2021-03,MUN,SC|BRUSQUE,glp,6,88.2,88.0,88.9,88.0,89.0
2021-03,MUN,SC|CRICIUMA,glp,5,85.0,83.4,87.2,83.0,88.0
2021-03,MUN,SC|FLORIANOPOLIS,glp,7,89.99,88.993,90.396,88.99,90.99
2021-03,MUN,SC|PALHOCA,glp,2,89.0,88.2,89.8,88.0,90.0
2021-03,MUN,SC|SAO JOSE,glp,2,90.0,90.0,90.0,90.0,90.0
2021-03,MUN,SC|TUBARAO,glp,1,85.0,85.0,85.0,85.0,85.0
2021-03,MUN,SE|ARACAJU,glp,23,80.0,75.598,82.4,72.0,89.0
2021-03,MUN,SE|ITABAIANA,glp,8,80.5,75.35,83.8,68.0,88.0
2021-03,MUN,SE|NOSSA SENHORA DO SOCORRO,glp,12,78.5,75.0,80.0,72.0,80.0
2021-03,MUN,SP|AMERICANA,glp,19,85.0,77.998,85.6,77.99,88.0
2021-03,MUN,SP|ARACATUBA,glp,34,75.0,68.0,77.35,66.9,78.0
2021-03,MUN,SP|ARARAQUARA,glp,25,90.0,85.4,93.0,80.0,95.0
2021-03,MUN,SP|ARARAS,glp,9,83.0,82.78,83.4,81.9,85.0
2021-03,MUN,SP|ASSIS,glp,10,80.0,74.5,80.0,70.0,80.0
2021-03,MUN,SP|ATIBAIA,glp,17,85.0,79.14,88.0,73.0,90.0
2021-03,MUN,SP|BARRETOS,glp,4,85.745,80.897,90.95,80.0,92.0
2021-03,MUN,SP|BARUERI,glp,46,80.0,78.0,86.0,75.0,90.0
2021-03,MUN,SP|BAURU,glp,32,80.0,79.99,85.0,79.0,85.0
2021-03,MUN,SP|BEBEDOURO,glp,12,90.0,85.0,94.5,85.0,96.0
2021-03,MUN,SP|BIRIGUI,glp,31,80.0,75.0,80.0,73.9,85.0
2021-03,MUN,SP|CACAPAVA,glp,6,84.45,83.4,89.995,83.4,90.0
2021-03,MUN,SP|CAMPINAS,glp,19,79.99,79.892,85.0,74.99,88.0
2021-03,MUN,SP|CARAGUATATUBA,glp,3,75.0,73.4,75.0,73.0,75.0
2021-03,MUN,SP|CARAPICUIBA,glp,42,82.995,74.99,87.99,68.99,89.99
2021-03,MUN,SP|COSMOPOLIS,glp,5,79.99,79.99,83.0,79.99,85.0
2021-03,MUN,SP|DIADEMA,glp,33,91.99,89.198,92.99,85.0,94.99
2021-03,MUN,SP|EMBU DAS ARTES,glp,5,79.99,79.386,84.796,78.99,88.0
2021-03,MUN,SP|FRANCA,glp,34,80.0,75.616,85.0,74.0,95.0
2021-03,MUN,SP|GUARUJA,glp,4,86.495,81.493,87.99,79.99,87.99
2021-03,MUN,SP|GUARULHOS,glp,33,80.0,74.99,85.0,70.0,89.99
2021-03,MUN,SP|HORTOLANDIA,glp,9,84.0,78.79,85.0,77.99,85.0
2021-03,MUN,SP|INDAIATUBA,glp,18,85.0,80.0,86.6,80.0,88.0
2021-03,MUN,SP|ITAPECERICA DA SERRA,glp,6,81.49,78.995,85.495,78.0,85.99
2021-03,MUN,SP|ITAQUAQUECETUBA,glp,17,79.99,77.99,79.99,75.0,80.0
2021-03,MUN,SP|ITATIBA,glp,8,79.5,76.7,81.58,76.0,82.0
2021-03,MUN,SP|ITU,glp,8,86.0,80.99,87.15,79.8,87.5
2021-03,MUN,SP|JACAREI,glp,10,82.0,74.75,86.54,72.5,86.9
2021-03,MUN,SP|JAU,glp,9,85.0,83.0,85.0,83.0,85.0
2021-03,MUN,SP|JUNDIAI,glp,21,84.99,77.0,87.0,75.0,90.0
2021-03,MUN,SP|LINS,glp,8,85.0,79.63,85.9,79.0,88.0
2021-03,MUN,SP|LORENA,glp,6,74.0,70.0,77.0,70.0,79.0
2021-03,MUN,SP|MARILIA,glp,7,92.0,87.4,93.0,85.0,93.0
2021-03,MUN,SP|MATAO,glp,8,88.0,84.1,91.5,82.0,95.0
2021-03,MUN,SP|MAUA,glp,37,87.99,83.538,90.0,80.0,91.0
2021-03,MUN,SP|MOCOCA,glp,5,80.0,78.2,81.2,77.0,82.0
2021-03,MUN,SP|MOGI DAS CRUZES,glp,37,81.44,78.0,84.0,75.0,86.5
2021-03,MUN,SP|MOGI GUACU,glp,7,75.0,75.0,79.6,75.0,82.0
2021-03,MUN,SP|MOGI MIRIM,glp,7,75.0,75.0,76.596,75.0,78.99
2021-03,MUN,SP|OSASCO,glp,64,84.995,78.0,90.0,74.99,95.0
2021-03,MUN,SP|PAULINIA,glp,8,80.0,80.0,83.65,80.0,87.5
2021-03,MUN,SP|PIRACICABA,glp,17,80.0,74.998,85.0,74.99,90.0
2021-03,MUN,SP|POA,glp,8,78.995,77.99,80.0,77.99,80.0
2021-03,MUN,SP|RIBEIRAO PIRES,glp,16,84.99,78.95,88.495,75.0,90.0
2021-03,MUN,SP|RIBEIRAO PRETO,glp,37,84.99,80.0,90.0,79.99,98.0
2021-03,MUN,SP|RIO CLARO,glp,5,80.0,80.0,83.6,80.0,84.0
2021-03,MUN,SP|SANTA BARBARA D'OESTE,glp,15,78.0,75.39,83.0,72.0,85.0
2021-03,MUN,SP|SANTO ANDRE,glp,47,82.0,74.996,87.99,71.445,89.99
2021-03,MUN,SP|SAO BERNARDO DO CAMPO,glp,45,86.0,80.16,91.996,77.99,99.9
2021-03,MUN,SP|SAO CAETANO DO SUL,glp,6,85.0,84.0,89.995,83.0,90.0
2021-03,MUN,SP|SAO CARLOS,glp,3,90.0,85.92,96.6,84.9,98.25
2021-03,MUN,SP|SAO JOAO DA BOA VISTA,glp,12,85.0,85.0,85.0,80.0,90.0
2021-03,MUN,SP|SAO JOSE DO RIO PRETO,glp,21,80.0,77.0,92.0,75.0,95.0
2021-03,MUN,SP|SAO JOSE DOS CAMPOS,glp,20,77.495,72.69,85.199,64.99,86.99
2021-03,MUN,SP|SAO PAULO,glp,126,82.0,77.5,88.45,69.99,92.9
2021-03,MUN,SP|SOROCABA,glp,40,86.0,82.0,89.1,75.5,92.0
2021-03,MUN,SP|SUMARE,glp,8,80.0,79.99,83.0,79.99,83.0
2021-03,MUN,SP|SUZANO,glp,21,78.0,74.99,83.0,73.99,85.0
2021-03,MUN,SP|TABOAO DA SERRA,glp,6,84.995,82.49,87.495,79.99,89.99
2021-03,MUN,SP|TAUBATE,glp,14,78.5,77.3,80.0,75.0,83.0
2021-03,MUN,SP|VALINHOS,glp,5,79.9,69.99,79.99,69.99,79.99
2021-03,MUN,SP|VARZEA PAULISTA,glp,10,80.75,76.8,85.0,75.0,85.0
2021-03,MUN,SP|VINHEDO,glp,5,79.99,79.396,81.796,79.0,83.0
2021-03,MUN,SP|VOTORANTIM,glp,16,85.0,83.5,88.0,82.0,89.0
2021-03,MUN,TO|GURUPI,glp,47,95.0,90.0,100.0,85.0,100.0
2021-03,MUN,TO|PALMAS,glp,29,90.0,84.5,98.4,80.0,105.0
2021-03,UF,AC,glp,56,100.0,97.5,105.5,95.0,110.0
2021-03,UF,AL,glp,23,80.0,74.12,85.0,70.0,85.0
2021-03,UF,AM,glp,98,90.0,86.35,95.9,80.0,103.0
2021-03,UF,AP,glp,12,104.0,100.0,105.0,98.0,106.0
2021-03,UF,BA,glp,208,78.99,72.0,85.0,68.99,90.0
2021-03,UF,CE,glp,108,90.0,82.5,95.0,74.99,100.0
2021-03,UF,DF,glp,59,80.0,77.89,85.0,74.99,85.99
2021-03,UF,ES,glp,114,80.0,70.0,85.0,66.0,110.0
2021-03,UF,GO,glp,174,85.0,80.0,90.0,73.0,100.0
2021-03,UF,MA,glp,42,84.99,84.99,87.99,83.99,90.0
2021-03,UF,MG,glp,415,85.0,79.357,90.6,69.9,100.0
2021-03,UF,MS,glp,155,80.0,78.0,90.0,70.0,95.9
2021-03,UF,MT,glp,99,105.0,95.0,111.0,88.0,120.0
2021-03,UF,PA,glp,80,90.0,86.891,101.2,85.0,110.0
2021-03,UF,PB,glp,36,84.0,79.5,90.0,72.995,98.9
2021-03,UF,PE,glp,226,75.0,72.5,82.25,65.0,89.0
2021-03,UF,PI,glp,75,87.5,85.0,90.0,80.0,95.0
2021-03,UF,PR,glp,349,86.0,79.9,95.0,73.9,105.0
2021-03,UF,RJ,glp,301,72.495,68.0,78.0,59.9,90.9
2021-03,UF,RN,glp,72,90.0,80.0,91.9,75.0,95.0
2021-03,UF,RO,glp,47,98.0,91.3,105.0,90.0,110.5
2021-03,UF,RR,glp,89,100.0,98.0,103.8,94.0,105.0
2021-03,UF,RS,glp,269,80.0,75.0,86.75,70.0,93.5
2021-03,UF,SC,glp,42,88.992,84.1,98.89,80.0,99.9
2021-03,UF,SE,glp,43,80.0,75.0,82.0,68.0,89.0
2021-03,UF,SP,glp,1226,82.99,75.248,89.99,64.99,99.9
2021-03,UF,TO,glp,76,95.0,85.0,100.0,80.0,105.0
2021-04,BR,BR,glp,4301,85.0,76.0,95.0,65.99,120.0
2021-04,MUN,AC|CRUZEIRO DO SUL,glp,5,110.0,105.0,110.0,105.0,110.0
2021-04,MUN,AC|RIO BRANCO,glp,59,100.0,98.0,105.2,97.0,115.0
2021-04,MUN,AL|ARAPIRACA,glp,12,80.0,80.0,84.9,74.9,85.0
2021-04,MUN,AL|MACEIO,glp,11,85.0,76.5,85.0,73.0,85.0
2021-04,MUN,AM|ITACOATIARA,glp,9,99.0,97.8,100.0,97.0,100.0
2021-04,MUN,AM|MANAUS,glp,87,90.5,87.0,94.0,85.0,105.0
2021-04,MUN,AP|MACAPA,glp,16,103.5,100.0,105.75,98.0,108.0
2021-04,MUN,BA|BRUMADO,glp,5,82.0,78.2,84.3,77.0,84.5
2021-04,MUN,BA|CAMACARI,glp,14,78.995,77.993,84.1,77.0,86.99
2021-04,MUN,BA|FEIRA DE SANTANA,glp,12,75.0,73.0,79.891,72.0,81.9
2021-04,MUN,BA|GUANAMBI,glp,15,85.0,85.0,85.0,85.0,85.0
2021-04,MUN,BA|ILHEUS,glp,6,87.5,86.0,89.5,85.0,90.0
2021-04,MUN,BA|ITABUNA,glp,10,85.0,77.8,85.0,76.0,85.0
2021-04,MUN,BA|JUAZEIRO,glp,3,79.0,77.4,79.8,77.0,80.0
2021-04,MUN,BA|SALVADOR,glp,75,79.99,74.99,84.996,70.0,87.0
2021-04,MUN,BA|TEIXEIRA DE FREITAS,glp,7,80.0,76.8,80.0,75.0,80.0
2021-04,MUN,CE|AQUIRAZ,glp,1,92.5,92.5,92.5,92.5,92.5
2021-04,MUN,CE|CAUCAIA,glp,18,87.5,81.75,95.0,77.99,99.0
2021-04,MUN,CE|CRATO,glp,14,89.95,87.5,93.95,81.5,95.0
2021-04,MUN,CE|FORTALEZA,glp,54,93.0,87.9,96.35,78.0,100.0
2021-04,MUN,CE|JUAZEIRO DO NORTE,glp,11,92.0,88.5,92.0,88.0,92.0
2021-04,MUN,CE|MARACANAU,glp,9,90.0,78.0,95.0,78.0,95.0
2021-04,MUN,DF|BRASILIA,glp,50,80.0,77.99,84.99,75.0,86.99
2021-04,MUN,ES|ARACRUZ,glp,5,82.0,78.796,85.0,78.0,85.0
2021-04,MUN,ES|GUARAPARI,glp,10,76.5,72.25,80.5,70.0,85.0
2021-04,MUN,ES|LINHARES,glp,19,85.0,80.0,88.0,80.0,90.0
2021-04,MUN,ES|SERRA,glp,28,85.0,80.0,85.0,79.99,90.0
2021-04,MUN,ES|VILA VELHA,glp,13,82.0,75.59,85.0,70.0,85.0
2021-04,MUN,ES|VITORIA,glp,12,85.0,80.25,94.5,78.0,98.0
2021-04,MUN,GO|ANAPOLIS,glp,9,85.0,85.0,85.6,85.0,88.0
2021-04,MUN,GO|APARECIDA DE GOIANIA,glp,6,87.5,85.0,90.5,85.0,91.0
2021-04,MUN,GO|FORMOSA,glp,15,80.0,73.8,86.2,72.99,89.0
2021-04,MUN,GO|GOIANIA,glp,44,90.0,85.0,90.0,85.0,95.0
2021-04,MUN,GO|LUZIANIA,glp,3,84.99,80.998,87.398,80.0,88.0
2021-04,MUN,GO|RIO VERDE,glp,28,100.0,95.0,105.75,95.0,110.0
2021-04,MUN,GO|TRINDADE,glp,53,85.0,82.6,89.719,77.99,90.0
2021-04,MUN,MA|SAO JOSE DE RIBAMAR,glp,10,84.99,79.99,84.99,79.99,84.99
2021-04,MUN,MA|SAO LUIS,glp,27,84.99,84.99,84.99,79.99,88.0
2021-04,MUN,MG|ARAGUARI,glp,18,87.375,85.0,90.9,85.0,95.0
2021-04,MUN,MG|BELO HORIZONTE,glp,34,82.0,79.99,95.7,76.99,98.0
2021-04,MUN,MG|BETIM,glp,34,88.0,80.0,95.0,68.0,100.0
2021-04,MUN,MG|CONSELHEIRO LAFAIETE,glp,15,80.0,76.0,87.6,74.99,90.0
2021-04,MUN,MG|CONTAGEM,glp,45,88.0,80.8,95.0,74.99,99.0
2021-04,MUN,MG|FRUTAL,glp,11,87.99,86.5,89.99,85.0,89.99
2021-04,MUN,MG|IBIRITE,glp,1,87.5,87.5,87.5,87.5,87.5
2021-04,MUN,MG|IPATINGA,glp,19,85.0,83.8,92.8,82.0,95.0
2021-04,MUN,MG|ITUIUTABA,glp,21,88.0,84.0,88.0,83.5,88.0
2021-04,MUN,MG|JOAO PINHEIRO,glp,10,94.95,93.0,95.0,93.0,95.0
2021-04,MUN,MG|JUIZ DE FORA,glp,50,79.4,73.791,89.91,69.9,100.0
2021-04,MUN,MG|MANHUACU,glp,6,85.0,83.7,85.0,82.5,85.0
2021-04,MUN,MG|MONTE CARMELO,glp,17,85.0,83.0,87.4,83.0,88.0
2021-04,MUN,MG|MONTES CLAROS,glp,41,90.0,87.99,95.0,86.49,100.0
2021-04,MUN,MG|MURIAE,glp,4,90.0,83.7,90.0,81.0,90.0
2021-04,MUN,MG|OLIVEIRA,glp,4,93.0,92.3,97.2,92.0,99.0
2021-04,MUN,MG|POCOS DE CALDAS,glp,16,88.99,87.35,90.0,86.75,90.0
2021-04,MUN,MG|SETE LAGOAS,glp,14,85.0,82.0,89.4,79.995,90.0
2021-04,MUN,MG|TEOFILO OTONI,glp,24,93.0,89.3,95.0,89.0,96.0
2021-04,MUN,MG|UBA,glp,9,85.0,84.6,90.8,83.0,94.0
2021-04,MUN,MG|UBERABA,glp,24,85.0,80.0,90.0,80.0,95.0
2021-04,MUN,MG|UBERLANDIA,glp,55,90.0,86.2,93.0,80.0,95.0
2021-04,MUN,MS|CAMPO GRANDE,glp,108,83.0,77.997,88.0,74.9,98.0
2021-04,MUN,MS|DOURADOS,glp,47,88.0,82.3,90.8,80.0,98.0
2021-04,MUN,MT|CACERES,glp,2,95.0,95.0,95.0,95.0,95.0
2021-04,MUN,MT|CUIABA,glp,46,103.75,98.25,110.0,90.0,115.0
2021-04,MUN,MT|RONDONOPOLIS,glp,15,105.0,102.5,113.0,97.49,115.0
2021-04,MUN,MT|SORRISO,glp,3,120.0,116.0,120.0,115.0,120.0
2021-04,MUN,MT|VARZEA GRANDE,glp,11,105.0,99.99,110.0,96.0,110.0
2021-04,MUN,PA|ALENQUER,glp,4,95.0,95.0,95.0,95.0,95.0
2021-04,MUN,PA|ANANINDEUA,glp,25,90.0,87.0,95.0,87.0,96.0
2021-04,MUN,PA|BELEM,glp,46,92.5,88.99,95.0,87.5,99.99
2021-04,MUN,PA|MARABA,glp,7,104.5,102.6,107.0,102.0,107.0
2021-04,MUN,PA|PARAGOMINAS,glp,3,88.0,86.24,93.6,85.8,95.0
2021-04,MUN,PB|BAYEUX,glp,5,87.0,85.7,87.6,85.5,88.0
2021-04,MUN,PB|CABEDELO,glp,7,85.0,77.4,97.0,75.0,100.0
2021-04,MUN,PB|JOAO PESSOA,glp,23,85.0,80.0,90.0,70.0,90.0
2021-04,MUN,PE|ARCOVERDE,glp,7,85.0,82.99,86.8,82.99,89.5
2021-04,MUN,PE|GARANHUNS,glp,9,89.99,86.6,90.0,85.0,90.0
2021-04,MUN,PE|IGARASSU,glp,15,79.0,78.0,81.0,77.0,82.0
2021-04,MUN,PE|JABOATAO DOS GUARARAPES,glp,24,78.0,75.148,80.0,67.0,80.0
2021-04,MUN,PE|OLINDA,glp,43,77.0,72.992,84.4,70.0,85.0
2021-04,MUN,PE|PAULISTA,glp,22,79.995,74.991,85.0,73.0,85.0
2021-04,MUN,PE|RECIFE,glp,69,76.99,72.998,85.0,70.0,85.0
2021-04,MUN,PE|VITORIA DE SANTO ANTAO,glp,10,75.0,75.0,75.0,75.0,75.0
2021-04,MUN,PI|TERESINA,glp,63,89.99,85.0,90.0,80.0,93.0
2021-04,MUN,PR|APUCARANA,glp,15,95.0,94.99,95.0,94.9,95.0
2021-04,MUN,PR|ARAPONGAS,glp,6,88.0,85.0,92.995,85.0,95.99
2021-04,MUN,PR|CAMBE,glp,16,90.0,87.5,96.0,75.0,100.0
2021-04,MUN,PR|CAMPO MOURAO,glp,11,92.5,90.0,95.0,90.0,95.0
2021-04,MUN,PR|CASCAVEL,glp,21,87.0,85.0,90.0,85.0,91.5
2021-04,MUN,PR|CASTRO,glp,11,90.0,85.0,95.0,85.0,98.0
2021-04,MUN,PR|COLOMBO,glp,33,80.0,77.6,85.8,75.0,86.0
2021-04,MUN,PR|CURITIBA,glp,48,85.0,82.0,89.0,80.0,89.0
2021-04,MUN,PR|FOZ DO IGUACU,glp,19,100.0,95.0,105.0,89.95,110.0
2021-04,MUN,PR|LONDRINA,glp,70,88.0,83.0,94.1,80.0,100.0
2021-04,MUN,PR|MARINGA,glp,44,95.0,90.0,98.0,90.0,100.0
2021-04,MUN,PR|PINHAIS,glp,17,85.0,78.0,86.0,78.0,87.0
2021-04,MUN,PR|PONTA GROSSA,glp,26,84.0,82.0,90.0,79.9,90.9
2021-04,MUN,PR|SAO JOSE DOS PINHAIS,glp,13,81.7,80.0,85.0,79.45,85.0
2021-04,MUN,PR|UMUARAMA,glp,14,94.0,93.3,94.425,90.0,94.5
2021-04,MUN,RJ|ARARUAMA,glp,10,71.99,70.246,72.99,68.0,72.99
2021-04,MUN,RJ|BARRA DO PIRAI,glp,5,87.0,85.36,87.96,85.0,88.0
2021-04,MUN,RJ|BARRA MANSA,glp,5,79.99,77.94,80.0,77.9,80.0
2021-04,MUN,RJ|BELFORD ROXO,glp,12,74.495,69.1,75.0,68.495,76.5
2021-04,MUN,RJ|CABO FRIO,glp,9,71.99,69.998,72.992,69.99,73.0
2021-04,MUN,RJ|DUQUE DE CAXIAS,glp,33,74.99,69.992,74.999,69.49,75.0
2021-04,MUN,RJ|MARICA,glp,6,71.99,67.745,74.992,65.99,74.995
2021-04,MUN,RJ|NILOPOLIS,glp,7,75.0,75.0,75.0,75.0,75.0
2021-04,MUN,RJ|NITEROI,glp,10,69.99,68.241,75.0,66.0,75.0
2021-04,MUN,RJ|NOVA FRIBURGO,glp,9,90.0,89.99,90.6,89.95,93.0
2021-04,MUN,RJ|NOVA IGUACU,glp,26,70.0,68.0,73.742,66.0,88.0
2021-04,MUN,RJ|PETROPOLIS,glp,14,79.945,74.982,83.493,69.0,89.99
2021-04,MUN,RJ|RESENDE,glp,6,90.0,87.495,90.0,85.0,90.0
2021-04,MUN,RJ|RIO BONITO,glp,7,69.99,68.194,70.0,67.0,70.0
2021-04,MUN,RJ|RIO DE JANEIRO,glp,62,77.995,69.991,87.791,66.995,88.0
2021-04,MUN,RJ|SAO GONCALO,glp,17,75.99,73.6,81.8,73.0,87.0
2021-04,MUN,RJ|SAO JOAO DE MERITI,glp,16,75.0,69.995,75.748,66.99,79.99
2021-04,MUN,RJ|SAQUAREMA,glp,11,71.0,69.0,75.0,68.99,76.0
2021-04,MUN,RJ|VOLTA REDONDA,glp,5,83.9,79.9,88.6,77.9,90.0
2021-04,MUN,RN|NATAL,glp,23,92.0,82.2,95.0,79.5,97.0
2021-04,MUN,RN|PARNAMIRIM,glp,13,90.0,86.0,92.0,80.0,93.0
2021-04,MUN,RO|CACOAL,glp,9,108.0,103.6,108.2,102.0,109.0
2021-04,MUN,RO|PORTO VELHO,glp,35,98.0,92.0,104.2,90.0,108.0
2021-04,MUN,RR|BOA VISTA,glp,68,102.0,98.0,105.0,96.0,113.0
2021-04,MUN,RS|ALVORADA,glp,7,84.0,77.396,85.0,74.99,85.0
2021-04,MUN,RS|BAGE,glp,25,84.0,80.0,85.0,78.0,90.0
2021-04,MUN,RS|CACHOEIRINHA,glp,6,83.25,79.25,87.5,78.5,89.0
2021-04,MUN,RS|CANOAS,glp,14,80.0,75.0,83.0,73.99,87.0
2021-04,MUN,RS|CAXIAS DO SUL,glp,68,88.125,84.3,90.0,75.0,93.0
2021-04,MUN,RS|ESTEIO,glp,11,78.0,75.0,85.0,73.0,85.0
2021-04,MUN,RS|GRAVATAI,glp,8,78.0,76.277,80.0,75.99,80.0
2021-04,MUN,RS|GUAIBA,glp,6,85.0,84.45,90.0,84.0,95.0
2021-04,MUN,RS|NOVO HAMBURGO,glp,12,79.75,78.0,83.96,78.0,85.0
2021-04,MUN,RS|PELOTAS,glp,47,83.0,79.0,88.0,77.0,90.0
2021-04,MUN,RS|PORTO ALEGRE,glp,23,83.0,78.0,88.12,78.0,95.0
2021-04,MUN,RS|RIO GRANDE,glp,6,80.0,78.498,81.75,78.0,83.0
2021-04,MUN,RS|SAO LEOPOLDO,glp,8,76.5,75.4,78.6,74.0,80.0
2021-04,MUN,RS|SAPUCAIA DO SUL,glp,19,78.0,74.998,82.2,73.99,85.0
2021-04,MUN,RS|VIAMAO,glp,14,83.0,79.927,88.0,79.0,89.0
2021-04,MUN,SC|ARARANGUA,glp,5,82.0,82.0,84.4,82.0,86.0
2021-04,MUN,SC|BIGUACU,glp,2,89.495,89.099,89.891,89.0,89.99
2021-04,MUN,SC|BLUMENAU,glp,10,99.9,97.85,100.31,96.5,104.0
2021-04,MUN,SC|CRICIUMA,glp,5,88.0,82.0,88.0,80.0,88.0
2021-04,MUN,SC|FLORIANOPOLIS,glp,6,91.74,89.99,92.49,88.99,92.99
2021-04,MUN,SC|LAGUNA,glp,6,77.995,73.995,83.0,72.99,86.0
2021-04,MUN,SC|PALHOCA,glp,2,92.5,90.5,94.5,90.0,95.0
2021-04,MUN,SC|SAO JOSE,glp,2,91.5,90.3,92.7,90.0,93.0
2021-04,MUN,SC|TUBARAO,glp,1,83.0,83.0,83.0,83.0,83.0
2021-04,MUN,SE|ARACAJU,glp,20,80.0,75.0,89.55,75.0,90.0
2021-04,MUN,SE|ITABAIANA,glp,6,81.0,80.0,83.5,80.0,84.0
2021-04,MUN,SE|NOSSA SENHORA DO SOCORRO,glp,8,78.95,74.0,80.0,74.0,80.0
2021-04,MUN,SP|ADAMANTINA,glp,1,85.0,85.0,85.0,85.0,85.0
2021-04,MUN,SP|AMERICANA,glp,19,85.0,79.79,90.0,77.99,90.0
2021-04,MUN,SP|AMPARO,glp,4,90.5,90.0,92.4,90.0,93.0
2021-04,MUN,SP|ARACATUBA,glp,33,75.0,70.0,78.9,69.495,80.0
2021-04,MUN,SP|ARARAQUARA,glp,16,92.995,87.99,95.0,85.0,95.0
2021-04,MUN,SP|ARARAS,glp,8,86.7,85.093,87.14,83.0,87.7
2021-04,MUN,SP|ASSIS,glp,10,80.0,74.9,82.3,74.0,85.0
2021-04,MUN,SP|ATIBAIA,glp,29,86.5,80.99,90.0,79.99,92.99
2021-04,MUN,SP|AVARE,glp,8,84.995,82.997,85.0,82.99,85.0
2021-04,MUN,SP|BARRETOS,glp,4,89.995,85.897,93.4,85.0,94.0
2021-04,MUN,SP|BARUERI,glp,38,81.995,78.7,90.0,72.0,93.0
2021-04,MUN,SP|BAURU,glp,30,82.5,79.891,87.0,77.99,88.0
2021-04,MUN,SP|BEBEDOURO,glp,12,90.0,85.3,93.9,85.0,95.0
2021-04,MUN,SP|BIRIGUI,glp,32,80.0,77.5,84.0,75.0,85.0
2021-04,MUN,SP|CACAPAVA,glp,5,95.0,88.39,96.206,87.99,96.99
2021-04,MUN,SP|CAMPINAS,glp,14,79.99,79.99,84.1,79.99,87.5
2021-04,MUN,SP|CARAGUATATUBA,glp,3,76.0,75.2,79.2,75.0,80.0
2021-04,MUN,SP|CARAPICUIBA,glp,17,84.99,79.996,87.99,74.99,87.99
2021-04,MUN,SP|CATANDUVA,glp,5,82.0,82.0,83.8,82.0,85.0
2021-04,MUN,SP|COSMOPOLIS,glp,5,79.995,79.99,81.5,79.99,82.5
2021-04,MUN,SP|COTIA,glp,17,89.495,83.19,96.2,81.99,98.0
2021-04,MUN,SP|CRUZEIRO,glp,11,80.0,75.0,84.0,75.0,85.0
2021-04,MUN,SP|DIADEMA,glp,31,92.0,89.99,92.99,82.99,94.0
2021-04,MUN,SP|EMBU DAS ARTES,glp,10,87.99,84.41,90.291,80.0,93.0
2021-04,MUN,SP|FRANCA,glp,32,84.945,79.99,90.0,76.5,95.0
2021-04,MUN,SP|GUARULHOS,glp,21,84.99,80.0,89.0,75.0,89.99
2021-04,MUN,SP|HORTOLANDIA,glp,8,86.495,79.693,88.0,79.0,88.0
2021-04,MUN,SP|INDAIATUBA,glp,16,87.25,84.995,90.0,82.0,90.0
2021-04,MUN,SP|ITAPECERICA DA SERRA,glp,6,85.99,82.745,88.5,80.0,89.5
2021-04,MUN,SP|ITAQUAQUECETUBA,glp,12,79.99,79.99,82.691,79.99,82.99
2021-04,MUN,SP|ITATIBA,glp,4,81.25,80.15,83.4,80.0,84.0
2021-04,MUN,SP|JACAREI,glp,9,84.0,77.4,86.9,75.0,86.9
2021-04,MUN,SP|JAU,glp,15,88.0,85.0,89.14,83.0,90.0
2021-04,MUN,SP|JUNDIAI,glp,17,85.0,80.59,90.0,78.0,90.0
2021-04,MUN,SP|LEME,glp,12,82.5,80.0,88.0,80.0,91.0
2021-04,MUN,SP|LIMEIRA,glp,10,80.0,75.0,85.3,75.0,88.0
2021-04,MUN,SP|LINS,glp,16,87.5,80.0,90.0,79.9,90.0
2021-04,MUN,SP|LORENA,glp,14,75.0,69.5,80.0,68.0,82.4
2021-04,MUN,SP|MARILIA,glp,6,94.25,92.0,95.0,90.0,95.0
2021-04,MUN,SP|MATAO,glp,9,90.0,84.19,92.6,80.95,95.0
2021-04,MUN,SP|MAUA,glp,44,84.99,69.993,90.0,69.99,110.0
2021-04,MUN,SP|MOCOCA,glp,9,85.0,80.0,85.4,80.0,87.0
2021-04,MUN,SP|MOGI DAS CRUZES,glp,36,83.0,78.55,85.0,77.99,90.0
2021-04,MUN,SP|OSASCO,glp,70,87.495,79.0,90.0,75.0,95.0
2021-04,MUN,SP|PAULINIA,glp,9,80.0,79.998,83.6,79.99,90.0
2021-04,MUN,SP|PIRACICABA,glp,19,84.99,79.592,88.0,74.99,90.0
2021-04,MUN,SP|PIRASSUNUNGA,glp,4,82.5,76.5,85.0,75.0,85.0
2021-04,MUN,SP|POA,glp,8,82.24,77.99,84.996,77.99,85.0
2021-04,MUN,SP|RIBEIRAO PIRES,glp,20,85.495,79.81,90.3,75.0,93.0
2021-04,MUN,SP|RIBEIRAO PRETO,glp,44,85.0,80.0,90.0,78.0,98.0
2021-04,MUN,SP|RIO CLARO,glp,5,83.0,81.2,85.6,80.0,86.0
2021-04,MUN,SP|SANTA BARBARA D'OESTE,glp,14,78.0,74.993,82.05,74.99,85.0
2021-04,MUN,SP|SANTO ANDRE,glp,45,84.99,77.396,89.99,75.0,90.99
2021-04,MUN,SP|SAO BERNARDO DO CAMPO,glp,38,88.0,82.963,92.99,79.99,99.0
2021-04,MUN,SP|SAO CAETANO DO SUL,glp,6,85.0,85.0,89.995,85.0,90.0
2021-04,MUN,SP|SAO CARLOS,glp,16,90.995,84.948,97.45,82.0,98.5
2021-04,MUN,SP|SAO JOAO DA BOA VISTA,glp,12,85.0,85.0,85.0,82.5,85.0
2021-04,MUN,SP|SAO JOSE DO RIO PRETO,glp,22,85.0,78.191,92.9,77.99,98.0
2021-04,MUN,SP|SAO JOSE DOS CAMPOS,glp,17,82.0,75.99,88.796,72.0,90.0
2021-04,MUN,SP|SAO PAULO,glp,119,85.0,78.0,89.99,74.97,94.9
2021-04,MUN,SP|SOROCABA,glp,15,86.5,79.99,88.0,79.99,89.0
2021-04,MUN,SP|SUMARE,glp,9,80.0,79.99,90.0,79.99,90.0
2021-04,MUN,SP|SUZANO,glp,24,80.995,77.99,84.99,75.0,87.99
2021-04,MUN,SP|TABOAO DA SERRA,glp,12,84.99,76.849,89.999,76.5,92.0
2021-04,MUN,SP|TAUBATE,glp,12,80.75,78.0,82.0,78.0,85.0
2021-04,MUN,SP|TUPA,glp,1,85.0,85.0,85.0,85.0,85.0
2021-04,MUN,SP|UBATUBA,glp,10,86.0,79.8,90.0,78.0,90.0
2021-04,MUN,SP|VALINHOS,glp,5,78.99,71.99,81.496,71.99,82.5
2021-04,MUN,SP|VARZEA PAULISTA,glp,9,85.0,84.2,87.992,81.0,88.0
2021-04,MUN,SP|VINHEDO,glp,4,85.945,83.17,88.097,82.0,89.0
2021-04,MUN,TO|GURUPI,glp,46,97.5,91.25,100.0,90.0,100.0
2021-04,MUN,TO|PALMAS,glp,28,90.0,85.0,100.75,80.0,108.0
2021-04,UF,AC,glp,64,101.0,98.0,108.4,97.0,115.0
2021-04,UF,AL,glp,23,83.0,77.2,85.0,73.0,85.0
2021-04,UF,AM,glp,96,92.0,87.0,98.5,85.0,105.0
2021-04,UF,AP,glp,16,103.5,100.0,105.75,98.0,108.0
2021-04,UF,BA,glp,147,80.0,74.996,85.0,70.0,90.0
2021-04,UF,CE,glp,107,90.0,85.0,95.0,77.99,100.0
2021-04,UF,DF,glp,50,80.0,77.99,84.99,75.0,86.99
2021-04,UF,ES,glp,87,85.0,78.0,88.5,70.0,98.0
2021-04,UF,GO,glp,158,87.5,82.85,100.0,72.99,110.0
2021-04,UF,MA,glp,37,84.99,79.99,84.99,79.99,88.0
2021-04,UF,MG,glp,472,88.0,80.0,94.9,68.0,100.0
2021-04,UF,MS,glp,155,85.0,78.0,90.0,74.9,98.0
2021-04,UF,MT,glp,77,105.0,97.496,110.0,90.0,120.0
2021-04,UF,PA,glp,85,92.5,88.0,95.6,85.8,107.0
2021-04,UF,PB,glp,35,85.0,79.4,90.0,70.0,100.0
2021-04,UF,PE,glp,199,78.0,74.792,85.0,67.0,90.0
2021-04,UF,PI,glp,63,89.99,85.0,90.0,80.0,93.0
2021-04,UF,PR,glp,364,88.0,81.15,95.0,75.0,110.0
2021-04,UF,RJ,glp,270,74.99,69.99,87.0,65.99,93.0
2021-04,UF,RN,glp,36,90.0,82.5,95.0,79.5,97.0
2021-04,UF,RO,glp,44,99.0,92.3,108.0,90.0,109.0
2021-04,UF,RR,glp,68,102.0,98.0,105.0,96.0,113.0
2021-04,UF,RS,glp,274,83.0,77.225,89.0,73.0,95.0
2021-04,UF,SC,glp,39,89.99,79.6,99.9,72.99,104.0
2021-04,UF,SE,glp,34,80.0,75.0,85.7,74.0,90.0
2021-04,UF,SP,glp,1227,84.99,77.99,90.0,68.0,110.0
2021-04,UF,TO,glp,74,95.0,86.5,100.0,80.0,108.0
2021-05,BR,BR,glp,4882,85.0,75.9,96.0,64.99,125.0
2021-05,MUN,AC|CRUZEIRO DO SUL,glp,5,110.0,102.6,110.0,101.0,110.0
2021-05,MUN,AC|RIO BRANCO,glp,61,102.0,99.0,107.0,95.0,115.0
2021-05,MUN,AL|ARAPIRACA,glp,8,81.5,78.77,85.15,75.9,85.5
2021-05,MUN,AL|MACEIO,glp,11,85.0,80.0,85.0,73.0,85.0
2021-05,MUN,AM|ITACOATIARA,glp,8,100.0,99.7,100.0,99.0,100.0
2021-05,MUN,AM|MANAUS,glp,86,91.0,88.0,95.0,87.0,105.0
2021-05,MUN,AP|MACAPA,glp,13,106.0,100.0,109.0,98.0,109.0
2021-05,MUN,BA|BRUMADO,glp,4,82.0,78.5,85.5,77.0,87.0
2021-05,MUN,BA|CAMACARI,glp,26,80.0,78.0,85.0,76.0,86.0
2021-05,MUN,BA|FEIRA DE SANTANA,glp,13,75.0,72.2,79.0,72.0,81.9
2021-05,MUN,BA|GUANAMBI,glp,15,85.0,85.0,85.0,85.0,85.0
2021-05,MUN,BA|ILHEUS,glp,6,88.0,85.5,92.0,85.0,95.0
2021-05,MUN,BA|ITABUNA,glp,10,85.0,75.9,85.0,75.0,85.0
2021-05,MUN,BA|JUAZEIRO,glp,6,79.0,76.5,82.0,75.0,82.0
2021-05,MUN,BA|LAURO DE FREITAS,glp,21,80.0,74.99,87.99,70.0,90.0
2021-05,MUN,BA|SALVADOR,glp,141,78.0,70.0,83.995,69.99,85.99
2021-05,MUN,BA|SIMOES FILHO,glp,11,78.0,70.0,84.99,65.0,88.0
2021-05,MUN,CE|AQUIRAZ,glp,1,90.0,90.0,90.0,90.0,90.0
2021-05,MUN,CE|CAUCAIA,glp,18,90.0,83.5,97.3,77.99,99.0
2021-05,MUN,CE|CRATO,glp,14,90.75,86.9,94.4,83.0,95.0
2021-05,MUN,CE|FORTALEZA,glp,54,93.0,87.9,98.0,80.0,100.0
2021-05,MUN,CE|JUAZEIRO DO NORTE,glp,10,92.0,88.0,92.1,88.0,93.0
2021-05,MUN,CE|MARACANAU,glp,9,90.0,79.0,95.0,79.0,95.0
2021-05,MUN,CE|QUIXADA,glp,3,85.0,85.0,85.0,85.0,85.0
2021-05,MUN,CE|SOBRAL,glp,4,92.5,90.0,95.0,90.0,95.0
2021-05,MUN,DF|BRASILIA,glp,45,80.0,77.994,84.996,74.99,98.99
2021-05,MUN,ES|ARACRUZ,glp,6,82.0,76.995,87.25,74.0,88.0
2021-05,MUN,ES|CARIACICA,glp,24,77.75,69.993,85.0,69.99,88.0
2021-05,MUN,ES|GUARAPARI,glp,9,78.0,72.998,83.4,72.99,85.0
2021-05,MUN,ES|LINHARES,glp,19,85.0,80.0,85.0,80.0,90.0
2021-05,MUN,ES|SERRA,glp,25,85.0,80.0,85.0,78.0,90.0
2021-05,MUN,ES|VILA VELHA,glp,13,82.0,75.59,85.0,70.0,85.0
2021-05,MUN,ES|VITORIA,glp,7,90.0,79.2,96.2,78.0,98.0
2021-05,MUN,GO|ANAPOLIS,glp,14,85.0,85.0,90.0,85.0,90.0
2021-05,MUN,GO|APARECIDA DE GOIANIA,glp,22,89.9,85.0,94.6,79.99,95.0
2021-05,MUN,GO|CALDAS NOVAS,glp,1,85.0,85.0,85.0,85.0,85.0
2021-05,MUN,GO|FORMOSA,glp,16,80.0,75.0,86.0,72.99,89.0
2021-05,MUN,GO|GOIANIA,glp,34,90.0,90.0,92.05,84.0,95.0
2021-05,MUN,GO|RIO VERDE,glp,25,100.0,100.0,104.2,90.0,110.0
2021-05,MUN,GO|TRINDADE,glp,54,85.0,83.0,90.0,79.99,90.0
2021-05,MUN,MA|BALSAS,glp,3,100.0,96.0,100.0,95.0,100.0
2021-05,MUN,MA|SAO JOSE DE RIBAMAR,glp,9,84.99,79.99,85.19,79.99,85.99
2021-05,MUN,MA|SAO LUIS,glp,26,84.99,84.99,85.99,79.99,88.0
2021-05,MUN,MG|ARAGUARI,glp,16,87.0,85.0,91.5,85.0,95.0
2021-05,MUN,MG|BELO HORIZONTE,glp,31,82.0,79.99,94.9,76.99,98.0
2021-05,MUN,MG|BETIM,glp,30,88.0,82.7,90.0,78.0,95.0
2021-05,MUN,MG|CONSELHEIRO LAFAIETE,glp,15,80.0,77.0,89.2,74.99,95.0
2021-05,MUN,MG|CONTAGEM,glp,45,88.0,75.0,95.0,74.9,99.0
2021-05,MUN,MG|FORMIGA,glp,5,93.0,90.0,93.0,90.0,93.0
2021-05,MUN,MG|FRUTAL,glp,8,87.99,87.99,89.297,87.99,89.99
2021-05,MUN,MG|IPATINGA,glp,18,86.0,84.4,93.6,80.0,95.0
2021-05,MUN,MG|ITUIUTABA,glp,12,88.0,85.0,90.0,83.0,90.0
2021-05,MUN,MG|JOAO PINHEIRO,glp,10,94.95,92.69,95.0,89.9,95.0
2021-05,MUN,MG|JUIZ DE FORA,glp,21,78.9,74.99,85.0,69.99,89.9
2021-05,MUN,MG|LEOPOLDINA,glp,6,85.0,82.5,89.5,80.0,90.0
2021-05,MUN,MG|MANHUACU,glp,6,85.0,84.95,85.0,84.9,85.0
2021-05,MUN,MG|MONTES CLAROS,glp,30,90.0,88.0,95.2,87.99,99.0
2021-05,MUN,MG|MURIAE,glp,8,85.0,80.7,90.0,80.0,90.0
2021-05,MUN,MG|OLIVEIRA,glp,2,94.0,93.2,94.8,93.0,95.0
2021-05,MUN,MG|PASSOS,glp,6,87.5,82.5,92.0,80.0,92.0
2021-05,MUN,MG|POCOS DE CALDAS,glp,15,88.99,88.5,90.0,88.5,90.0
2021-05,MUN,MG|SAO JOAO DEL REI,glp,18,85.0,81.4,88.3,74.99,90.0
2021-05,MUN,MG|SAO SEBASTIAO DO PARAISO,glp,11,80.0,74.99,90.0,72.5,90.0
2021-05,MUN,MG|SETE LAGOAS,glp,15,85.0,80.794,89.2,79.99,90.0
2021-05,MUN,MG|TEOFILO OTONI,glp,20,93.0,90.0,96.0,86.0,96.0
2021-05,MUN,MG|TRES CORACOES,glp,10,74.25,72.0,75.1,72.0,76.0
2021-05,MUN,MG|UBA,glp,8,86.0,85.0,89.3,85.0,90.0
2021-05,MUN,MG|UBERABA,glp,22,85.0,80.0,90.0,80.0,95.0
2021-05,MUN,MG|UBERLANDIA,glp,53,90.0,85.0,95.0,85.0,98.0
2021-05,MUN,MG|VARGINHA,glp,14,75.0,70.746,82.1,67.5,85.0
2021-05,MUN,MG|VICOSA,glp,5,85.0,82.0,93.0,80.0,95.0
2021-05,MUN,MS|CAMPO GRANDE,glp,102,83.0,78.0,88.0,74.9,95.0
2021-05,MUN,MS|CORUMBA,glp,5,103.0,92.0,103.0,90.0,103.0
2021-05,MUN,MS|DOURADOS,glp,47,87.5,84.96,90.8,80.0,98.0
2021-05,MUN,MT|CUIABA,glp,48,105.0,95.0,110.0,90.0,115.0
2021-05,MUN,MT|RONDONOPOLIS,glp,19,105.0,99.998,115.0,95.0,115.0
2021-05,MUN,MT|SINOP,glp,18,120.0,114.25,120.0,110.0,125.0
2021-05,MUN,MT|SORRISO,glp,18,120.0,115.0,121.5,115.0,125.0
2021-05,MUN,MT|VARZEA GRANDE,glp,11,110.0,99.99,110.0,96.0,110.0
2021-05,MUN,PA|ALENQUER,glp,4,95.0,95.0,95.0,95.0,95.0
2021-05,MUN,PA|ANANINDEUA,glp,26,90.0,88.0,95.0,87.99,98.0
2021-05,MUN,PA|BELEM,glp,47,93.0,90.0,95.0,88.0,99.99
2021-05,MUN,PA|MARABA,glp,8,104.5,100.7,107.0,100.0,107.0
2021-05,MUN,PA|SANTAREM,glp,20,88.0,82.999,90.0,81.99,95.0
2021-05,MUN,PB|BAYEUX,glp,5,87.0,86.4,87.6,86.0,88.0
2021-05,MUN,PB|CABEDELO,glp,7,90.0,79.6,97.0,79.0,100.0
2021-05,MUN,PB|JOAO PESSOA,glp,24,86.25,82.15,90.0,74.99,90.0
2021-05,MUN,PE|ARCOVERDE,glp,8,84.498,82.99,86.497,82.99,89.99
2021-05,MUN,PE|CARUARU,glp,11,80.0,75.0,85.0,73.0,89.0
2021-05,MUN,PE|GARANHUNS,glp,8,89.99,88.4,89.993,87.0,90.0
2021-05,MUN,PE|IGARASSU,glp,17,80.0,80.0,82.0,79.0,85.0
2021-05,MUN,PE|JABOATAO DOS GUARARAPES,glp,25,78.0,75.994,80.0,75.0,80.0
2021-05,MUN,PE|OLINDA,glp,45,77.99,73.994,82.5,70.0,85.0
2021-05,MUN,PE|PAULISTA,glp,28,80.0,76.393,82.5,74.99,86.0
2021-05,MUN,PE|PETROLINA,glp,4,80.5,80.0,81.7,80.0,82.0
2021-05,MUN,PE|RECIFE,glp,64,78.0,74.293,85.0,71.5,90.0
2021-05,MUN,PE|SANTA CRUZ DO CAPIBARIBE,glp,5,85.0,78.6,88.0,75.0,90.0
2021-05,MUN,PE|VITORIA DE SANTO ANTAO,glp,10,75.0,75.0,78.0,75.0,78.0
2021-05,MUN,PI|TERESINA,glp,65,89.99,85.0,90.0,84.0,100.0
2021-05,MUN,PR|APUCARANA,glp,14,95.0,94.99,95.0,94.9,95.0
2021-05,MUN,PR|ARAPONGAS,glp,17,87.9,84.9,90.0,80.0,90.0
2021-05,MUN,PR|ARAUCARIA,glp,23,85.0,83.2,88.0,80.0,90.0
2021-05,MUN,PR|CAMBE,glp,19,92.5,87.4,95.0,75.0,95.0
2021-05,MUN,PR|CAMPO MOURAO,glp,10,92.25,88.0,95.0,88.0,95.0
2021-05,MUN,PR|CASCAVEL,glp,20,90.0,86.0,92.0,85.0,95.0
2021-05,MUN,PR|CASTRO,glp,8,89.0,82.9,93.523,82.9,95.0
2021-05,MUN,PR|COLOMBO,glp,25,82.0,79.66,85.0,76.9,86.0
2021-05,MUN,PR|CURITIBA,glp,35,85.0,80.0,89.0,79.9,89.5
2021-05,MUN,PR|FOZ DO IGUACU,glp,22,100.0,95.0,108.82,89.9,110.0
2021-05,MUN,PR|GUARAPUAVA,glp,9,90.0,88.72,97.0,88.0,97.0
2021-05,MUN,PR|LONDRINA,glp,68,88.0,83.0,95.0,80.0,100.0
2021-05,MUN,PR|MARINGA,glp,50,95.0,90.0,98.0,85.0,100.0
2021-05,MUN,PR|PARANAGUA,glp,18,77.0,75.0,80.3,68.0,81.99
2021-05,MUN,PR|PINHAIS,glp,18,85.0,79.33,86.0,78.0,87.0
2021-05,MUN,PR|PONTA GROSSA,glp,26,85.0,82.5,90.0,79.9,91.0
2021-05,MUN,PR|SAO JOSE DOS PINHAIS,glp,13,82.9,79.2,85.0,75.9,85.0
2021-05,MUN,PR|UMUARAMA,glp,15,94.0,91.6,95.0,90.0,95.0
2021-05,MUN,RJ|ARARUAMA,glp,11,70.495,69.99,72.99,65.0,72.99
2021-05,MUN,RJ|BARRA DO PIRAI,glp,4,87.95,85.87,88.0,85.0,88.0
2021-05,MUN,RJ|BELFORD ROXO,glp,11,74.0,69.99,75.0,68.99,78.0
2021-05,MUN,RJ|CABO FRIO,glp,8,71.49,69.99,72.647,69.99,72.99
2021-05,MUN,RJ|CAMPOS DOS GOYTACAZES,glp,8,78.0,75.0,80.0,75.0,80.0
2021-05,MUN,RJ|DUQUE DE CAXIAS,glp,31,74.99,69.995,75.0,69.99,76.0
2021-05,MUN,RJ|ITAGUAI,glp,3,86.9,85.38,87.7,85.0,87.9
2021-05,MUN,RJ|MACAE,glp,3,90.0,89.992,90.0,89.99,90.0
2021-05,MUN,RJ|MARICA,glp,7,74.99,68.096,76.794,65.99,78.0
2021-05,MUN,RJ|NILOPOLIS,glp,11,75.0,75.0,75.0,75.0,75.0
2021-05,MUN,RJ|NITEROI,glp,9,69.99,68.99,74.996,68.99,75.0
2021-05,MUN,RJ|NOVA FRIBURGO,glp,9,90.0,90.0,90.2,90.0,91.0
2021-05,MUN,RJ|NOVA IGUACU,glp,25,70.0,68.76,74.79,65.0,78.995
2021-05,MUN,RJ|PETROPOLIS,glp,14,79.945,75.0,83.493,74.99,87.49
2021-05,MUN,RJ|RESENDE,glp,8,90.0,85.0,90.0,85.0,90.0
2021-05,MUN,RJ|RIO BONITO,glp,7,67.99,65.266,70.0,64.99,70.0
2021-05,MUN,RJ|RIO DE JANEIRO,glp,52,77.99,70.2,80.0,69.98,84.0
2021-05,MUN,RJ|SAO GONCALO,glp,16,74.742,72.5,77.5,72.0,87.0
2021-05,MUN,RJ|SAO JOAO DE MERITI,glp,14,75.0,69.99,75.0,69.99,75.995
2021-05,MUN,RJ|SAQUAREMA,glp,11,69.0,67.99,75.0,65.0,76.0
2021-05,MUN,RN|NATAL,glp,27,90.0,83.0,95.36,81.0,99.0
2021-05,MUN,RN|PARNAMIRIM,glp,15,91.0,89.4,95.0,85.0,98.0
2021-05,MUN,RO|CACOAL,glp,6,109.0,107.5,115.25,107.0,117.5
2021-05,MUN,RO|PORTO VELHO,glp,39,98.0,92.0,105.0,90.0,108.0
2021-05,MUN,RR|BOA VISTA,glp,87,103.0,98.0,105.7,96.0,110.0
2021-05,MUN,RS|ALVORADA,glp,8,81.5,77.097,85.0,74.99,85.0
2021-05,MUN,RS|BAGE,glp,25,85.0,80.0,85.6,78.0,90.0
2021-05,MUN,RS|CACHOEIRINHA,glp,6,83.25,80.0,87.5,79.0,89.0
2021-05,MUN,RS|CANOAS,glp,14,80.0,75.0,83.0,74.99,87.0
2021-05,MUN,RS|CAXIAS DO SUL,glp,66,88.5,82.5,90.0,75.0,93.0
2021-05,MUN,RS|ESTEIO,glp,11,79.0,75.0,85.0,73.0,85.5
2021-05,MUN,RS|GRAVATAI,glp,8,78.0,77.63,79.93,77.0,80.0
2021-05,MUN,RS|GUAIBA,glp,8,85.0,82.5,88.0,79.0,95.0
2021-05,MUN,RS|NOVO HAMBURGO,glp,12,79.0,77.0,80.0,77.0,85.0
2021-05,MUN,RS|PELOTAS,glp,47,83.0,79.0,86.2,78.0,95.0
2021-05,MUN,RS|PORTO ALEGRE,glp,25,84.0,78.396,88.1,78.0,95.0
2021-05,MUN,RS|RIO GRANDE,glp,11,80.0,79.0,85.0,79.0,88.0
2021-05,MUN,RS|SANTA MARIA,glp,11,88.0,80.0,90.0,78.0,95.0
2021-05,MUN,RS|SANTANA DO LIVRAMENTO,glp,14,85.0,83.0,90.0,80.0,90.0
2021-05,MUN,RS|SAO LEOPOLDO,glp,8,76.5,75.4,78.6,74.0,80.0
2021-05,MUN,RS|SAPUCAIA DO SUL,glp,20,81.0,74.444,85.0,70.0,85.0
2021-05,MUN,RS|VIAMAO,glp,15,83.0,79.9,88.0,79.9,89.0
2021-05,MUN,SC|ARARANGUA,glp,4,82.0,82.0,86.2,82.0,88.0
2021-05,MUN,SC|BIGUACU,glp,3,90.99,88.59,95.798,87.99,97.0
2021-05,MUN,SC|BLUMENAU,glp,8,104.25,99.9,105.0,99.9,105.0
2021-05,MUN,SC|CRICIUMA,glp,5,88.0,86.2,88.6,85.0,89.0
2021-05,MUN,SC|FLORIANOPOLIS,glp,2,91.742,91.145,92.34,90.995,92.49
2021-05,MUN,SC|JARAGUA DO SUL,glp,1,79.9,79.9,79.9,79.9,79.9
2021-05,MUN,SC|JOINVILLE,glp,7,90.0,86.6,92.0,86.0,92.0
2021-05,MUN,SC|LAGUNA,glp,6,77.998,77.99,83.0,77.99,86.0
2021-05,MUN,SC|PALHOCA,glp,2,92.5,90.5,94.5,90.0,95.0
2021-05,MUN,SC|SAO JOSE,glp,2,93.0,93.0,93.0,93.0,93.0
2021-05,MUN,SC|TUBARAO,glp,1,84.5,84.5,84.5,84.5,84.5
2021-05,MUN,SE|ARACAJU,glp,19,83.9,79.0,86.2,75.0,90.0
2021-05,MUN,SE|NOSSA SENHORA DO SOCORRO,glp,7,80.0,74.0,83.9,74.0,83.9
2021-05,MUN,SP|ADAMANTINA,glp,6,82.5,80.0,85.0,80.0,85.0
2021-05,MUN,SP|AMERICANA,glp,19,83.0,79.99,90.0,78.0,90.0
2021-05,MUN,SP|AMPARO,glp,6,92.0,87.5,94.225,85.0,95.0
2021-05,MUN,SP|ARACATUBA,glp,33,75.0,69.99,79.6,68.0,80.0
2021-05,MUN,SP|ARARAQUARA,glp,18,90.0,83.493,95.0,75.0,95.0
2021-05,MUN,SP|ARARAS,glp,7,86.7,86.416,87.22,85.99,87.7
2021-05,MUN,SP|ASSIS,glp,10,80.0,75.9,80.0,75.0,80.0
2021-05,MUN,SP|ATIBAIA,glp,19,89.0,81.58,90.0,76.99,93.0
2021-05,MUN,SP|AVARE,glp,8,84.99,83.697,85.0,82.99,85.0
2021-05,MUN,SP|BARRETOS,glp,3,94.0,89.192,94.8,87.99,95.0
2021-05,MUN,SP|BARUERI,glp,35,84.99,80.0,89.0,75.0,90.0
2021-05,MUN,SP|BAURU,glp,23,83.0,79.99,86.6,77.99,88.0
2021-05,MUN,SP|BEBEDOURO,glp,12,90.0,85.25,95.0,85.0,98.0
2021-05,MUN,SP|BIRIGUI,glp,30,81.0,77.89,85.0,75.0,86.0
2021-05,MUN,SP|BOTUCATU,glp,18,78.0,75.0,80.0,75.0,80.0
2021-05,MUN,SP|CACAPAVA,glp,5,95.0,89.99,98.006,89.99,99.99
2021-05,MUN,SP|CAMPINAS,glp,11,79.99,79.99,85.0,79.99,90.0
2021-05,MUN,SP|CARAGUATATUBA,glp,3,84.0,80.8,84.8,80.0,85.0
2021-05,MUN,SP|CARAPICUIBA,glp,23,83.0,75.19,87.99,73.0,88.0
2021-05,MUN,SP|CATANDUVA,glp,13,82.0,79.18,89.0,78.99,90.0
2021-05,MUN,SP|COSMOPOLIS,glp,6,79.99,74.99,82.5,74.99,85.0
2021-05,MUN,SP|COTIA,glp,16,89.748,83.49,98.2,81.99,100.0
2021-05,MUN,SP|CRUZEIRO,glp,11,78.995,75.0,80.0,75.0,85.0
2021-05,MUN,SP|CUBATAO,glp,8,90.0,84.7,98.0,84.0,105.0
2021-05,MUN,SP|DIADEMA,glp,31,91.99,84.99,94.99,82.99,97.0
2021-05,MUN,SP|DRACENA,glp,3,85.0,81.8,86.6,81.0,87.0
2021-05,MUN,SP|EMBU DAS ARTES,glp,8,87.995,84.99,90.83,84.99,93.0
2021-05,MUN,SP|FRANCA,glp,33,85.0,79.99,89.6,78.0,95.0
2021-05,MUN,SP|GARCA,glp,8,84.5,74.997,88.0,74.99,95.0
2021-05,MUN,SP|GUARATINGUETA,glp,18,79.0,77.7,80.6,69.0,84.0
2021-05,MUN,SP|GUARUJA,glp,7,79.99,79.99,83.79,79.99,84.99
2021-05,MUN,SP|GUARULHOS,glp,21,84.99,79.99,89.0,74.0,89.99
2021-05,MUN,SP|HORTOLANDIA,glp,15,88.0,79.99,89.2,79.0,90.0
2021-05,MUN,SP|INDAIATUBA,glp,18,87.25,81.848,90.0,78.995,90.0
2021-05,MUN,SP|ITAPECERICA DA SERRA,glp,6,85.495,82.495,89.995,80.0,90.0
2021-05,MUN,SP|ITAPETININGA,glp,12,89.99,85.0,90.0,85.0,96.2
2021-05,MUN,SP|ITAPIRA,glp,3,80.0,79.992,80.0,79.99,80.0
2021-05,MUN,SP|ITAQUAQUECETUBA,glp,12,79.99,79.99,82.691,78.99,82.99
2021-05,MUN,SP|ITATIBA,glp,7,83.0,81.2,84.0,80.0,84.0
2021-05,MUN,SP|ITU,glp,7,85.9,85.0,89.4,85.0,90.0
2021-05,MUN,SP|JABOTICABAL,glp,1,81.99,81.99,81.99,81.99,81.99
2021-05,MUN,SP|JACAREI,glp,20,80.0,75.0,88.0,75.0,88.0
2021-05,MUN,SP|JALES,glp,6,80.0,80.0,83.475,80.0,85.0
2021-05,MUN,SP|JAU,glp,13,88.0,88.0,89.52,85.0,90.0
2021-05,MUN,SP|JUNDIAI,glp,14,86.725,81.143,90.0,79.99,90.0
2021-05,MUN,SP|LEME,glp,9,83.0,81.9,88.6,81.5,91.0
2021-05,MUN,SP|LIMEIRA,glp,18,80.0,76.05,84.948,75.0,86.0
2021-05,MUN,SP|LINS,glp,16,85.0,79.995,90.0,79.9,90.0
2021-05,MUN,SP|LORENA,glp,12,77.0,72.991,80.0,69.0,84.9
2021-05,MUN,SP|MARILIA,glp,6,95.0,92.5,95.0,90.0,95.0
2021-05,MUN,SP|MATAO,glp,8,90.0,87.1,92.9,85.0,95.0
2021-05,MUN,SP|MAUA,glp,47,80.0,69.99,90.0,69.9,110.0
2021-05,MUN,SP|MOCOCA,glp,7,85.0,82.4,87.0,80.0,87.0
2021-05,MUN,SP|MOGI DAS CRUZES,glp,35,84.0,79.99,86.2,77.0,90.0
2021-05,MUN,SP|MOGI GUACU,glp,10,80.0,79.799,82.1,77.99,83.0
2021-05,MUN,SP|MOGI MIRIM,glp,11,79.99,78.0,82.99,74.99,99.99
2021-05,MUN,SP|OSASCO,glp,59,88.0,82.792,90.0,78.0,94.99
2021-05,MUN,SP|PAULINIA,glp,9,79.99,79.987,83.2,79.975,88.0
2021-05,MUN,SP|PINDAMONHANGABA,glp,5,84.0,82.394,88.0,81.99,90.0
2021-05,MUN,SP|PIRACICABA,glp,17,84.99,74.996,88.0,74.99,90.0
2021-05,MUN,SP|PIRASSUNUNGA,glp,3,75.0,75.0,79.0,75.0,80.0
2021-05,MUN,SP|POA,glp,8,84.742,77.99,87.193,77.99,90.0
2021-05,MUN,SP|PRAIA GRANDE,glp,14,82.0,80.57,84.693,79.99,88.0
2021-05,MUN,SP|PRESIDENTE VENCESLAU,glp,6,86.5,81.5,89.5,80.0,90.0
2021-05,MUN,SP|RIBEIRAO PIRES,glp,21,84.99,79.9,89.99,75.0,93.0
2021-05,MUN,SP|RIBEIRAO PRETO,glp,48,85.0,80.0,90.0,75.0,96.5
2021-05,MUN,SP|RIO CLARO,glp,5,83.0,81.2,85.6,80.0,86.0
2021-05,MUN,SP|SALTO,glp,15,84.0,77.99,85.0,76.0,89.9
2021-05,MUN,SP|SANTA BARBARA D'OESTE,glp,14,80.0,78.0,80.0,75.0,82.0
2021-05,MUN,SP|SANTA CRUZ DO RIO PARDO,glp,1,79.9,79.9,79.9,79.9,79.9
2021-05,MUN,SP|SANTO ANDRE,glp,45,84.0,77.396,89.99,75.99,89.99
2021-05,MUN,SP|SANTOS,glp,23,89.9,82.992,99.0,79.99,105.0
2021-05,MUN,SP|SAO BERNARDO DO CAMPO,glp,46,89.495,79.99,95.0,78.99,100.0
2021-05,MUN,SP|SAO CAETANO DO SUL,glp,6,84.995,81.495,87.5,79.99,90.0
2021-05,MUN,SP|SAO CARLOS,glp,14,89.992,85.9,96.03,84.99,98.5
2021-05,MUN,SP|SAO JOAO DA BOA VISTA,glp,12,85.0,85.0,85.0,85.0,85.0
2021-05,MUN,SP|SAO JOSE DO RIO PRETO,glp,21,86.0,83.0,95.0,83.0,98.0
2021-05,MUN,SP|SAO JOSE DOS CAMPOS,glp,42,81.995,72.09,89.791,68.99,94.99
2021-05,MUN,SP|SAO PAULO,glp,122,84.99,77.99,90.0,74.97,95.0
2021-05,MUN,SP|SAO ROQUE,glp,9,85.0,79.998,87.2,79.99,90.0
2021-05,MUN,SP|SAO VICENTE,glp,23,82.99,79.99,83.972,75.99,96.3
2021-05,MUN,SP|SOROCABA,glp,26,85.225,80.0,90.0,79.495,93.0
2021-05,MUN,SP|SUMARE,glp,8,80.0,79.99,90.0,79.99,90.0
2021-05,MUN,SP|SUZANO,glp,25,82.99,76.39,85.996,75.0,87.99
2021-05,MUN,SP|TABOAO DA SERRA,glp,7,87.0,82.936,91.19,79.99,92.99
2021-05,MUN,SP|TATUI,glp,10,85.0,84.999,88.0,84.99,88.0
2021-05,MUN,SP|TAUBATE,glp,13,82.0,78.0,82.8,76.5,85.0
2021-05,MUN,SP|UBATUBA,glp,15,87.0,80.0,90.0,78.0,90.0
2021-05,MUN,SP|VALINHOS,glp,5,78.99,73.99,82.296,73.99,82.5
2021-05,MUN,SP|VARZEA PAULISTA,glp,9,85.0,80.8,88.0,80.0,88.0
2021-05,MUN,SP|VINHEDO,glp,5,85.99,83.56,87.796,82.0,89.0
2021-05,MUN,SP|VOTORANTIM,glp,19,88.0,85.0,90.0,85.0,90.0
2021-05,MUN,TO|GURUPI,glp,46,100.0,95.0,100.0,90.0,100.0
2021-05,MUN,TO|PALMAS,glp,30,90.0,85.0,100.3,80.0,108.0
2021-05,UF,AC,glp,66,103.0,99.0,109.0,95.0,115.0
2021-05,UF,AL,glp,19,85.0,79.18,85.0,73.0,85.5
2021-05,UF,AM,glp,94,92.0,88.0,100.0,87.0,105.0
2021-05,UF,AP,glp,13,106.0,100.0,109.0,98.0,109.0
2021-05,UF,BA,glp,253,79.99,72.2,85.0,65.0,95.0
2021-05,UF,CE,glp,113,91.0,85.0,95.8,77.99,100.0
2021-05,UF,DF,glp,45,80.0,77.994,84.996,74.99,98.99
2021-05,UF,ES,glp,103,83.99,74.198,86.2,69.99,98.0
2021-05,UF,GO,glp,166,89.45,83.0,100.0,72.99,110.0
2021-05,UF,MA,glp,38,84.99,79.99,86.593,79.99,100.0
2021-05,UF,MG,glp,460,87.995,78.0,94.9,67.5,99.0
2021-05,UF,MS,glp,154,85.0,79.0,90.0,74.9,103.0
2021-05,UF,MT,glp,114,110.0,98.3,120.0,90.0,125.0
2021-05,UF,PA,glp,105,92.99,88.0,95.0,81.99,107.0
2021-05,UF,PB,glp,36,86.995,81.0,90.0,74.99,100.0
2021-05,UF,PE,glp,225,80.0,75.0,85.0,70.0,90.0
2021-05,UF,PI,glp,65,89.99,85.0,90.0,84.0,100.0
2021-05,UF,PR,glp,410,88.0,80.0,95.0,68.0,110.0
2021-05,UF,RJ,glp,262,74.99,69.99,85.0,64.99,91.0
2021-05,UF,RN,glp,42,90.5,85.0,95.0,81.0,99.0
2021-05,UF,RO,glp,45,99.5,92.4,108.0,90.0,117.5
2021-05,UF,RR,glp,87,103.0,98.0,105.7,96.0,110.0
2021-05,UF,RS,glp,309,84.0,77.981,89.906,70.0,95.0
2021-05,UF,SC,glp,41,89.0,79.9,104.0,77.99,105.0
2021-05,UF,SE,glp,26,81.495,75.0,85.5,74.0,90.0
2021-05,UF,SP,glp,1515,84.99,78.0,90.0,68.0,110.0
2021-05,UF,TO,glp,76,96.5,89.0,100.0,80.0,108.0
2021-06,BR,BR,glp,5416,87.5,78.995,98.0,58.0,130.0
2021-06,MUN,AC|CRUZEIRO DO SUL,glp,5,110.0,107.0,110.0,105.0,110.0
2021-06,MUN,AC|RIO BRANCO,glp,57,105.0,100.0,109.4,98.0,115.0
2021-06,MUN,AL|ARAPIRACA,glp,10,84.0,79.99,85.5,79.9,90.0
2021-06,MUN,AL|DELMIRO GOUVEIA,glp,2,88.5,85.7,91.3,85.0,92.0
2021-06,MUN,AL|MACEIO,glp,11,85.0,80.0,85.0,74.5,85.0
2021-06,MUN,AM|ITACOATIARA,glp,10,100.0,99.9,102.55,99.0,103.0
2021-06,MUN,AM|MANACAPURU,glp,4,104.0,103.0,105.0,103.0,105.0
2021-06,MUN,AM|MANAUS,glp,52,92.0,88.0,97.0,87.0,100.0
2021-06,MUN,AP|MACAPA,glp,14,106.0,99.2,109.0,97.0,110.0
2021-06,MUN,BA|BRUMADO,glp,4,83.5,80.0,87.7,78.5,89.5
2021-06,MUN,BA|CAMACARI,glp,28,85.248,77.1,89.99,73.0,90.0
2021-06,MUN,BA|EUNAPOLIS,glp,12,80.0,78.041,81.9,77.0,83.0
2021-06,MUN,BA|FEIRA DE SANTANA,glp,12,75.495,73.1,83.691,72.0,84.0
2021-06,MUN,BA|GUANAMBI,glp,15,85.0,85.0,85.0,85.0,85.0
2021-06,MUN,BA|ILHEUS,glp,6,89.0,85.5,93.75,85.0,96.5
2021-06,MUN,BA|ITABUNA,glp,10,85.0,77.8,86.15,76.0,87.5
2021-06,MUN,BA|LAURO DE FREITAS,glp,30,80.0,75.0,87.3,73.5,93.0
2021-06,MUN,BA|SALVADOR,glp,143,80.0,75.0,86.0,69.99,90.99
2021-06,MUN,BA|SIMOES FILHO,glp,16,78.745,71.495,84.995,71.0,95.0
2021-06,MUN,BA|VITORIA DA CONQUISTA,glp,7,80.0,79.99,82.5,79.99,82.5
2021-06,MUN,CE|CAUCAIA,glp,17,90.0,79.996,97.4,79.0,105.0
2021-06,MUN,CE|CRATO,glp,14,92.25,89.93,95.0,89.0,95.0
2021-06,MUN,CE|FORTALEZA,glp,56,95.0,90.0,98.0,83.0,100.0
2021-06,MUN,CE|IGUATU,glp,4,92.75,89.05,94.7,88.0,95.0
2021-06,MUN,CE|ITAPIPOCA,glp,4,90.0,87.5,94.25,87.5,95.0
2021-06,MUN,CE|JUAZEIRO DO NORTE,glp,10,94.5,91.9,97.0,91.0,97.0
2021-06,MUN,CE|MARACANAU,glp,10,89.995,79.99,96.05,79.99,96.5
2021-06,MUN,CE|QUIXADA,glp,5,85.0,84.1,88.6,83.5,90.0
2021-06,MUN,CE|SOBRAL,glp,2,76.5,61.7,91.3,58.0,95.0
2021-06,MUN,DF|BRASILIA,glp,53,82.99,79.99,85.792,79.99,88.99
2021-06,MUN,ES|ARACRUZ,glp,6,84.25,83.25,90.0,83.0,90.0
2021-06,MUN,ES|CARIACICA,glp,3,84.99,80.998,84.998,80.0,85.0
2021-06,MUN,ES|COLATINA,glp,7,85.0,83.6,85.0,81.5,85.0
2021-06,MUN,ES|GUARAPARI,glp,9,80.0,72.891,83.4,72.495,85.0
2021-06,MUN,ES|LINHARES,glp,18,85.0,80.0,87.5,80.0,90.0
2021-06,MUN,ES|SERRA,glp,23,85.0,84.99,87.5,82.5,90.0
2021-06,MUN,ES|VILA VELHA,glp,16,83.745,75.995,85.0,70.0,85.0
2021-06,MUN,ES|VITORIA,glp,7,90.0,83.4,96.2,81.0,98.0
2021-06,MUN,GO|ANAPOLIS,glp,19,90.0,89.0,97.6,84.0,100.0
2021-06,MUN,GO|APARECIDA DE GOIANIA,glp,20,90.0,85.0,94.1,84.9,95.0
2021-06,MUN,GO|CALDAS NOVAS,glp,7,95.25,91.665,95.52,90.0,95.55
2021-06,MUN,GO|FORMOSA,glp,14,81.25,75.45,88.7,73.99,90.0
2021-06,MUN,GO|GOIANIA,glp,37,90.0,90.0,90.0,80.0,98.0
2021-06,MUN,GO|ITUMBIARA,glp,9,93.5,90.0,95.5,90.0,97.5
2021-06,MUN,GO|JATAI,glp,13,110.0,105.0,114.0,100.0,120.0
2021-06,MUN,GO|LUZIANIA,glp,15,85.0,78.997,86.2,77.0,88.0
2021-06,MUN,GO|RIO VERDE,glp,24,100.0,100.0,106.75,95.0,110.0
2021-06,MUN,GO|TRINDADE,glp,58,89.0,84.4,90.27,79.99,93.0
2021-06,MUN,GO|VALPARAISO DE GOIAS,glp,6,85.0,84.995,88.4,84.99,88.8
2021-06,MUN,MA|BALSAS,glp,3,90.0,90.0,94.0,90.0,95.0
2021-06,MUN,MA|IMPERATRIZ,glp,32,87.5,85.0,90.0,85.0,98.0
2021-06,MUN,MA|SAO JOSE DE RIBAMAR,glp,11,87.49,84.99,89.99,84.99,89.99
2021-06,MUN,MA|SAO LUIS,glp,34,89.99,84.99,89.99,79.99,89.99
2021-06,MUN,MG|ARAGUARI,glp,18,88.0,85.0,92.0,79.995,95.0
2021-06,MUN,MG|ARAXA,glp,7,90.0,88.2,99.9,87.0,105.0
2021-06,MUN,MG|BELO HORIZONTE,glp,34,84.995,79.993,97.35,76.99,100.0
2021-06,MUN,MG|BETIM,glp,31,89.9,82.0,95.0,80.0,100.0
2021-06,MUN,MG|CONSELHEIRO LAFAIETE,glp,15,81.5,80.0,92.6,77.49,95.0
2021-06,MUN,MG|CONTAGEM,glp,33,90.0,83.12,95.0,78.0,98.0
2021-06,MUN,MG|FORMIGA,glp,10,90.25,89.7,93.2,87.0,95.0
2021-06,MUN,MG|GOVERNADOR VALADARES,glp,2,97.0,94.6,99.4,94.0,100.0
2021-06,MUN,MG|IBIRITE,glp,1,85.0,85.0,85.0,85.0,85.0
2021-06,MUN,MG|IPATINGA,glp,19,88.0,84.6,93.4,80.0,95.0
2021-06,MUN,MG|ITABIRA,glp,1,101.0,101.0,101.0,101.0,101.0
2021-06,MUN,MG|ITUIUTABA,glp,19,89.0,84.6,91.0,80.0,91.0
2021-06,MUN,MG|JOAO PINHEIRO,glp,10,95.0,93.0,95.15,93.0,96.5
2021-06,MUN,MG|JUIZ DE FORA,glp,21,80.5,75.99,85.0,69.99,91.5
2021-06,MUN,MG|MANHUACU,glp,6,85.0,84.95,85.0,84.9,85.0
2021-06,MUN,MG|MONTES CLAROS,glp,35,94.0,88.8,98.0,85.0,105.0
2021-06,MUN,MG|MURIAE,glp,8,84.992,80.0,90.05,80.0,92.5
2021-06,MUN,MG|OLIVEIRA,glp,2,95.0,95.0,95.0,95.0,95.0
2021-06,MUN,MG|PASSOS,glp,27,95.0,90.0,95.0,85.0,97.0
2021-06,MUN,MG|PATOS DE MINAS,glp,14,100.0,95.0,100.0,95.0,110.0
2021-06,MUN,MG|PATROCINIO,glp,4,97.0,90.55,97.85,88.0,98.0
2021-06,MUN,MG|POCOS DE CALDAS,glp,16,91.74,89.0,95.0,88.99,95.0
2021-06,MUN,MG|SAO JOAO DEL REI,glp,16,88.0,82.5,90.0,79.99,90.0
2021-06,MUN,MG|SAO SEBASTIAO DO PARAISO,glp,13,80.0,74.992,89.0,74.0,90.0
2021-06,MUN,MG|SETE LAGOAS,glp,12,86.25,81.546,91.75,78.0,95.0
2021-06,MUN,MG|TEOFILO OTONI,glp,1,96.0,96.0,96.0,96.0,96.0
2021-06,MUN,MG|TRES CORACOES,glp,11,76.5,73.0,78.0,72.0,85.0
2021-06,MUN,MG|UBA,glp,14,89.5,84.65,93.5,80.0,95.0
2021-06,MUN,MG|UBERABA,glp,28,87.5,82.5,90.6,80.0,95.0
2021-06,MUN,MG|UBERLANDIA,glp,58,92.75,86.5,95.0,85.0,98.0
2021-06,MUN,MG|UNAI,glp,10,105.0,99.0,110.0,90.0,110.0
2021-06,MUN,MS|CAMPO GRANDE,glp,135,85.0,79.0,90.0,74.9,100.0
2021-06,MUN,MS|CORUMBA,glp,6,90.0,83.0,97.75,83.0,103.0
2021-06,MUN,MS|DOURADOS,glp,45,89.0,85.0,92.5,80.0,98.0
2021-06,MUN,MT|CUIABA,glp,54,105.75,95.0,111.75,90.0,115.0
2021-06,MUN,MT|RONDONOPOLIS,glp,19,110.0,100.0,115.0,99.99,117.5
2021-06,MUN,MT|SINOP,glp,14,120.0,111.5,120.0,110.0,125.0
2021-06,MUN,MT|SORRISO,glp,18,120.0,116.75,122.25,115.0,130.0
2021-06,MUN,MT|VARZEA GRANDE,glp,12,110.0,100.5,110.0,98.0,110.0
2021-06,MUN,PA|ALENQUER,glp,5,95.0,86.2,95.0,85.0,95.0
2021-06,MUN,PA|ANANINDEUA,glp,26,93.0,90.0,95.0,89.99,98.0
2021-06,MUN,PA|BELEM,glp,47,94.5,90.594,97.198,88.0,99.99
2021-06,MUN,PA|MARABA,glp,9,105.0,100.0,107.2,100.0,108.0
2021-06,MUN,PA|SANTAREM,glp,25,88.0,85.0,92.3,82.0,95.0
2021-06,MUN,PB|BAYEUX,glp,6,87.5,86.5,89.0,86.0,90.0
2021-06,MUN,PB|CABEDELO,glp,7,90.0,79.6,97.0,79.0,100.0
2021-06,MUN,PB|CAMPINA GRANDE,glp,27,90.0,85.0,92.1,79.0,95.0
2021-06,MUN,PB|JOAO PESSOA,glp,23,88.0,85.0,90.0,77.49,92.0
2021-06,MUN,PE|ARARIPINA,glp,4,94.0,83.9,95.0,80.0,95.0
2021-06,MUN,PE|ARCOVERDE,glp,8,85.0,82.99,85.148,82.99,85.495
2021-06,MUN,PE|BELO JARDIM,glp,9,82.0,79.6,88.8,78.0,92.0
2021-06,MUN,PE|CARUARU,glp,10,85.0,79.5,87.65,75.0,89.0
2021-06,MUN,PE|GARANHUNS,glp,8,92.495,90.347,93.25,89.99,95.0
2021-06,MUN,PE|IGARASSU,glp,17,85.0,80.0,86.4,80.0,87.0
2021-06,MUN,PE|JABOATAO DOS GUARARAPES,glp,30,80.0,78.9,82.5,76.495,85.0
2021-06,MUN,PE|LAJEDO,glp,5,80.0,80.0,84.0,80.0,85.0
2021-06,MUN,PE|OLINDA,glp,44,78.995,74.99,85.0,72.0,87.0
2021-06,MUN,PE|PAULISTA,glp,25,80.99,79.994,85.09,74.99,86.5
2021-06,MUN,PE|RECIFE,glp,67,79.0,75.294,85.0,72.0,90.0
2021-06,MUN,PE|SANTA CRUZ DO CAPIBARIBE,glp,5,90.0,90.0,91.5,90.0,92.5
2021-06,MUN,PE|VITORIA DE SANTO ANTAO,glp,13,76.5,73.8,80.0,73.0,80.0
2021-06,MUN,PI|PARNAIBA,glp,3,95.0,91.0,99.0,90.0,100.0
2021-06,MUN,PI|TERESINA,glp,74,90.0,87.5,95.0,85.0,100.0
2021-06,MUN,PR|ARAPONGAS,glp,20,88.0,84.99,90.0,80.0,95.0
2021-06,MUN,PR|ARAUCARIA,glp,15,89.0,84.4,92.5,83.0,93.0
2021-06,MUN,PR|CAMBE,glp,19,95.0,87.0,98.4,80.0,102.0
2021-06,MUN,PR|CAMPO MOURAO,glp,14,95.25,89.05,99.4,86.5,100.0
2021-06,MUN,PR|CASCAVEL,glp,21,90.0,86.0,94.5,85.0,100.0
2021-06,MUN,PR|CASTRO,glp,5,85.0,82.9,90.1,82.9,93.5
2021-06,MUN,PR|COLOMBO,glp,25,85.0,80.38,85.8,79.9,86.0
2021-06,MUN,PR|CURITIBA,glp,42,85.95,83.546,89.0,80.0,92.0
2021-06,MUN,PR|FOZ DO IGUACU,glp,22,100.0,98.2,105.0,95.0,110.0
2021-06,MUN,PR|GUARAPUAVA,glp,15,95.0,88.76,97.6,83.0,100.0
2021-06,MUN,PR|LONDRINA,glp,68,90.0,85.0,95.0,80.0,102.5
2021-06,MUN,PR|MARINGA,glp,48,95.0,94.0,98.6,90.0,102.5
2021-06,MUN,PR|PARANAGUA,glp,13,79.5,75.4,84.192,75.0,85.0
2021-06,MUN,PR|PARANAVAI,glp,21,98.0,94.5,99.0,85.0,102.0
2021-06,MUN,PR|PINHAIS,glp,18,85.0,79.33,87.3,77.5,88.0
2021-06,MUN,PR|PONTA GROSSA,glp,34,88.95,84.3,91.97,78.0,95.0
2021-06,MUN,PR|SAO JOSE DOS PINHAIS,glp,14,85.0,80.0,86.78,79.0,89.0
2021-06,MUN,PR|TOLEDO,glp,13,89.4,83.2,91.2,82.0,95.0
2021-06,MUN,PR|UMUARAMA,glp,15,95.0,93.1,97.4,90.0,99.0
2021-06,MUN,RJ|ANGRA DOS REIS,glp,5,93.0,92.9,93.0,92.9,93.0
2021-06,MUN,RJ|ARARUAMA,glp,11,74.0,72.49,74.99,66.5,75.99
2021-06,MUN,RJ|BARRA DO PIRAI,glp,5,85.9,85.0,87.96,85.0,88.0
2021-06,MUN,RJ|BARRA MANSA,glp,9,82.5,80.718,87.8,79.99,95.0
2021-06,MUN,RJ|BELFORD ROXO,glp,10,75.0,69.89,79.1,68.99,80.0
2021-06,MUN,RJ|CABO FRIO,glp,8,74.245,73.04,75.29,71.99,75.99
2021-06,MUN,RJ|DUQUE DE CAXIAS,glp,31,74.99,70.99,77.49,69.99,79.99
2021-06,MUN,RJ|ITAGUAI,glp,2,86.45,85.29,87.61,85.0,87.9
2021-06,MUN,RJ|MACAE,glp,10,92.5,88.996,95.0,85.0,95.0
2021-06,MUN,RJ|MARICA,glp,7,73.49,70.243,77.39,67.99,77.99
2021-06,MUN,RJ|NILOPOLIS,glp,10,76.248,75.0,80.0,75.0,80.0
2021-06,MUN,RJ|NITEROI,glp,10,73.49,70.891,77.1,70.0,78.0
2021-06,MUN,RJ|NOVA FRIBURGO,glp,6,93.5,91.75,95.55,90.0,97.0
2021-06,MUN,RJ|NOVA IGUACU,glp,24,71.74,69.99,74.99,66.0,75.995
2021-06,MUN,RJ|PETROPOLIS,glp,8,79.995,78.125,85.74,77.25,87.49
2021-06,MUN,RJ|RESENDE,glp,6,94.99,91.25,95.0,90.0,95.0
2021-06,MUN,RJ|RIO BONITO,glp,7,67.99,66.694,70.0,65.5,70.0
2021-06,MUN,RJ|RIO DE JANEIRO,glp,52,80.0,72.0,82.99,69.98,85.0
2021-06,MUN,RJ|SAO FRANCISCO DE ITABAPOANA,glp,3,87.0,79.4,89.4,77.5,90.0
2021-06,MUN,RJ|SAO GONCALO,glp,17,76.49,74.996,82.8,73.99,86.0
2021-06,MUN,RJ|SAO JOAO DE MERITI,glp,16,77.492,73.462,81.0,72.5,86.99
2021-06,MUN,RJ|SAQUAREMA,glp,11,72.99,69.0,75.0,66.5,80.0
2021-06,MUN,RJ|TERESOPOLIS,glp,7,83.9,81.77,86.65,81.5,88.45
2021-06,MUN,RN|MOSSORO,glp,9,90.0,90.0,90.0,90.0,90.0
2021-06,MUN,RN|NATAL,glp,24,93.95,85.75,96.67,83.0,99.0
2021-06,MUN,RN|PARNAMIRIM,glp,25,92.5,90.0,95.0,89.995,98.0
2021-06,MUN,RO|CACOAL,glp,8,113.0,109.75,116.85,108.0,120.0
2021-06,MUN,RO|PIMENTA BUENO,glp,4,116.0,116.0,116.0,116.0,116.0
2021-06,MUN,RO|PORTO VELHO,glp,36,99.5,93.0,105.0,90.0,109.0
2021-06,MUN,RO|VILHENA,glp,7,115.0,110.0,119.4,110.0,120.0
2021-06,MUN,RR|BOA VISTA,glp,96,104.0,99.5,108.0,96.0,115.0
2021-06,MUN,RS|ALEGRETE,glp,10,84.9,82.6,85.1,79.0,86.0
2021-06,MUN,RS|ALVORADA,glp,8,85.5,79.4,89.3,78.0,90.0
2021-06,MUN,RS|BAGE,glp,25,85.5,83.2,90.0,80.0,90.0
2021-06,MUN,RS|CACHOEIRA DO SUL,glp,9,85.0,80.6,93.0,75.0,93.0
2021-06,MUN,RS|CACHOEIRINHA,glp,6,85.0,81.95,88.0,81.9,89.0
2021-06,MUN,RS|CANOAS,glp,15,80.0,77.492,86.3,76.5,87.0
2021-06,MUN,RS|CAXIAS DO SUL,glp,57,90.0,85.0,95.0,75.0,97.0
2021-06,MUN,RS|CRUZ ALTA,glp,3,66.0,65.2,66.0,65.0,66.0
2021-06,MUN,RS|ERECHIM,glp,6,98.0,79.995,103.0,79.99,103.0
2021-06,MUN,RS|ESTEIO,glp,11,80.5,77.5,85.0,76.0,89.0
2021-06,MUN,RS|GRAMADO,glp,3,93.0,86.6,93.0,85.0,93.0
2021-06,MUN,RS|GRAVATAI,glp,8,80.5,77.97,82.3,77.9,83.0
2021-06,MUN,RS|GUAIBA,glp,6,87.5,84.5,92.5,84.0,95.0
2021-06,MUN,RS|IJUI,glp,1,96.0,96.0,96.0,96.0,96.0
2021-06,MUN,RS|LAJEADO,glp,1,93.0,93.0,93.0,93.0,93.0
2021-06,MUN,RS|NOVO HAMBURGO,glp,12,81.0,78.1,81.95,78.0,85.0
2021-06,MUN,RS|OSORIO,glp,3,89.9,80.38,91.58,78.0,92.0
2021-06,MUN,RS|PASSO FUNDO,glp,8,92.5,90.0,95.0,90.0,95.0
2021-06,MUN,RS|PELOTAS,glp,46,85.0,81.0,89.5,80.0,95.0
2021-06,MUN,RS|PORTO ALEGRE,glp,26,84.95,80.5,90.95,78.0,95.0
2021-06,MUN,RS|RIO GRANDE,glp,9,83.0,81.396,85.0,79.0,85.0
2021-06,MUN,RS|SANTA CRUZ DO SUL,glp,21,92.0,88.0,94.5,87.0,100.0
2021-06,MUN,RS|SANTA MARIA,glp,38,90.0,84.85,95.0,80.0,99.9
2021-06,MUN,RS|SANTA ROSA,glp,8,88.0,84.25,90.0,82.5,90.0
2021-06,MUN,RS|SANTANA DO LIVRAMENTO,glp,17,87.5,83.0,90.0,80.0,92.5
2021-06,MUN,RS|SAO GABRIEL,glp,7,90.0,84.96,96.6,84.9,102.0
2021-06,MUN,RS|SAO LEOPOLDO,glp,8,78.0,76.7,80.8,76.0,81.5
2021-06,MUN,RS|SAPIRANGA,glp,5,90.0,84.0,93.0,84.0,95.0
2021-06,MUN,RS|SAPUCAIA DO SUL,glp,20,81.25,77.0,85.2,76.0,89.0
2021-06,MUN,RS|URUGUAIANA,glp,9,93.0,87.0,98.0,87.0,98.0
2021-06,MUN,RS|VACARIA,glp,8,89.25,84.1,93.0,82.0,93.0
2021-06,MUN,RS|VIAMAO,glp,14,85.5,79.927,88.7,79.9,90.0
2021-06,MUN,SC|ARARANGUA,glp,4,82.75,82.0,84.55,82.0,85.0
2021-06,MUN,SC|BIGUACU,glp,2,94.995,94.991,94.999,94.99,95.0
2021-06,MUN,SC|BLUMENAU,glp,10,105.0,104.9,105.0,104.0,105.0
2021-06,MUN,SC|BRUSQUE,glp,7,96.0,92.1,98.8,90.0,100.0
2021-06,MUN,SC|CRICIUMA,glp,4,90.5,88.3,92.7,88.0,93.0
2021-06,MUN,SC|FLORIANOPOLIS,glp,2,93.99,93.99,93.99,93.99,93.99
2021-06,MUN,SC|JARAGUA DO SUL,glp,9,86.4,81.94,88.39,81.9,89.99
2021-06,MUN,SC|JOINVILLE,glp,8,89.5,87.0,93.95,87.0,95.0
2021-06,MUN,SC|LAGES,glp,14,90.0,89.0,92.0,88.0,95.0
2021-06,MUN,SC|LAGUNA,glp,8,80.992,77.99,85.3,77.99,86.0
2021-06,MUN,SC|PALHOCA,glp,3,95.0,89.4,98.2,88.0,99.0
2021-06,MUN,SC|SAO JOSE,glp,1,95.0,95.0,95.0,95.0,95.0
2021-06,MUN,SC|TUBARAO,glp,1,90.0,90.0,90.0,90.0,90.0
2021-06,MUN,SE|ARACAJU,glp,22,83.9,80.1,86.8,75.0,90.0
2021-06,MUN,SE|NOSSA SENHORA DAS DORES,glp,1,85.0,85.0,85.0,85.0,85.0
2021-06,MUN,SE|NOSSA SENHORA DO SOCORRO,glp,8,79.75,74.0,84.23,74.0,85.0
2021-06,MUN,SP|ADAMANTINA,glp,6,85.0,80.0,88.75,80.0,90.0
2021-06,MUN,SP|AMERICANA,glp,18,84.0,79.99,90.6,79.99,95.0
2021-06,MUN,SP|AMPARO,glp,4,93.0,87.4,93.7,85.0,94.0
2021-06,MUN,SP|ARACATUBA,glp,33,77.5,72.491,82.9,69.995,86.0
2021-06,MUN,SP|ARARAQUARA,glp,16,93.5,83.75,100.0,81.99,100.0
2021-06,MUN,SP|ARARAS,glp,7,86.7,86.416,87.22,85.99,87.7
2021-06,MUN,SP|ASSIS,glp,9,80.0,79.8,85.0,79.0,85.0
2021-06,MUN,SP|ATIBAIA,glp,20,89.995,81.8,92.05,78.49,93.0
2021-06,MUN,SP|AVARE,glp,8,84.995,84.963,90.0,84.9,90.0
2021-06,MUN,SP|BARRETOS,glp,4,92.245,86.64,96.45,84.99,97.5
2021-06,MUN,SP|BARUERI,glp,38,85.0,82.0,90.993,76.5,94.0
2021-06,MUN,SP|BAURU,glp,20,84.995,82.29,90.0,79.99,91.0
2021-06,MUN,SP|BEBEDOURO,glp,12,91.0,85.25,97.7,85.0,99.0
2021-06,MUN,SP|BIRIGUI,glp,30,84.5,79.9,85.25,75.0,87.5
2021-06,MUN,SP|BOTUCATU,glp,23,80.0,77.96,81.39,74.99,84.99
2021-06,MUN,SP|BRAGANCA PAULISTA,glp,5,95.0,91.16,98.4,90.0,98.4
2021-06,MUN,SP|CACAPAVA,glp,5,95.0,89.99,98.006,89.99,99.99
2021-06,MUN,SP|CAMPINAS,glp,12,82.49,82.49,84.999,80.0,92.45
2021-06,MUN,SP|CARAGUATATUBA,glp,4,77.0,75.993,78.0,75.99,78.0
2021-06,MUN,SP|CARAPICUIBA,glp,17,87.49,82.294,89.99,79.99,90.0
2021-06,MUN,SP|CATANDUVA,glp,11,85.0,82.99,95.0,82.445,95.0
2021-06,MUN,SP|COSMOPOLIS,glp,6,79.995,78.74,82.5,77.49,85.0
2021-06,MUN,SP|COTIA,glp,16,89.998,85.495,98.0,83.49,100.0
2021-06,MUN,SP|CRUZEIRO,glp,11,80.995,77.5,84.0,77.5,85.0
2021-06,MUN,SP|CUBATAO,glp,7,89.9,87.996,99.0,87.99,105.0
2021-06,MUN,SP|DIADEMA,glp,33,89.99,83.99,94.59,79.99,98.0
2021-06,MUN,SP|DRACENA,glp,3,93.0,85.0,94.6,83.0,95.0
2021-06,MUN,SP|EMBU DAS ARTES,glp,6,87.995,86.49,98.05,84.99,106.2
2021-06,MUN,SP|FRANCA,glp,34,87.245,82.297,92.03,78.0,95.0
2021-06,MUN,SP|GARCA,glp,8,85.0,79.97,89.8,79.9,97.5
2021-06,MUN,SP|GUARATINGUETA,glp,15,81.5,79.2,84.6,77.0,86.0
2021-06,MUN,SP|GUARUJA,glp,10,82.742,79.79,89.99,77.99,89.99
2021-06,MUN,SP|GUARULHOS,glp,22,87.49,80.25,92.241,75.0,95.0
2021-06,MUN,SP|HORTOLANDIA,glp,9,87.99,79.99,89.4,79.99,95.0
2021-06,MUN,SP|IBITINGA,glp,12,95.0,87.646,96.8,83.0,97.0
2021-06,MUN,SP|INDAIATUBA,glp,19,90.0,83.398,92.5,79.99,92.5
2021-06,MUN,SP|ITANHAEM,glp,1,90.0,90.0,90.0,90.0,90.0
2021-06,MUN,SP|ITAPECERICA DA SERRA,glp,6,86.495,82.495,89.995,80.0,90.0
2021-06,MUN,SP|ITAPETININGA,glp,15,90.0,89.396,90.6,85.0,96.2
2021-06,MUN,SP|ITAPEVA,glp,5,95.0,90.8,95.66,90.0,96.1
2021-06,MUN,SP|ITAPIRA,glp,3,85.0,84.992,85.0,84.99,85.0
2021-06,MUN,SP|ITAPOLIS,glp,11,90.0,88.0,93.0,84.9,97.0
2021-06,MUN,SP|ITAQUAQUECETUBA,glp,12,84.99,84.99,87.691,82.0,87.99
2021-06,MUN,SP|ITATIBA,glp,9,84.0,82.4,88.0,80.0,88.0
2021-06,MUN,SP|ITU,glp,15,85.0,81.9,87.5,72.49,91.5
2021-06,MUN,SP|JABOTICABAL,glp,6,79.995,78.995,81.495,78.0,81.99
2021-06,MUN,SP|JACAREI,glp,11,84.0,76.0,86.9,75.0,88.0
2021-06,MUN,SP|JALES,glp,13,80.0,76.798,84.6,75.9,85.0
2021-06,MUN,SP|JAU,glp,13,88.0,88.0,91.3,85.0,93.0
2021-06,MUN,SP|JOSE BONIFACIO,glp,7,86.5,83.0,89.7,80.0,93.0
2021-06,MUN,SP|JUNDIAI,glp,15,87.0,82.693,92.296,81.0,92.5
2021-06,MUN,SP|LEME,glp,8,90.0,82.7,90.3,82.0,91.0
2021-06,MUN,SP|LIMEIRA,glp,19,80.0,77.55,87.2,75.0,90.0
2021-06,MUN,SP|LINS,glp,14,86.5,80.593,91.75,79.9,95.0
2021-06,MUN,SP|LORENA,glp,13,79.0,73.596,81.6,69.0,84.9
2021-06,MUN,SP|MARILIA,glp,7,95.0,93.0,95.0,90.0,95.0
2021-06,MUN,SP|MATAO,glp,8,90.0,87.1,97.0,85.0,97.0
2021-06,MUN,SP|MAUA,glp,43,85.0,75.0,90.8,70.0,94.0
2021-06,MUN,SP|MIRASSOL,glp,11,86.5,84.0,90.5,82.0,92.49
2021-06,MUN,SP|MOCOCA,glp,7,87.0,84.6,92.0,84.0,95.0
2021-06,MUN,SP|MOGI DAS CRUZES,glp,37,85.0,81.8,89.99,78.0,92.0
2021-06,MUN,SP|MOGI GUACU,glp,13,85.0,80.0,85.0,77.99,88.0
2021-06,MUN,SP|MOGI MIRIM,glp,9,79.5,77.398,81.198,74.99,85.99
2021-06,MUN,SP|MONTE ALTO,glp,11,88.0,83.0,97.0,82.95,97.0
2021-06,MUN,SP|OLIMPIA,glp,6,75.0,70.0,76.5,65.0,78.0
2021-06,MUN,SP|OSASCO,glp,44,89.99,84.99,92.99,79.0,96.99
2021-06,MUN,SP|OURINHOS,glp,20,84.5,80.0,87.0,77.5,88.0
2021-06,MUN,SP|PARAGUACU PAULISTA,glp,14,97.0,89.93,97.0,84.9,97.0
2021-06,MUN,SP|PAULINIA,glp,8,84.995,81.547,85.0,80.49,85.0
2021-06,MUN,SP|PINDAMONHANGABA,glp,6,84.5,82.99,86.0,81.99,87.0
2021-06,MUN,SP|PIRACICABA,glp,17,85.0,77.49,90.6,75.0,91.5
2021-06,MUN,SP|PIRASSUNUNGA,glp,3,79.0,75.8,81.8,75.0,82.5
2021-06,MUN,SP|POA,glp,8,84.495,78.69,87.193,77.99,90.0
2021-06,MUN,SP|PORTO FERREIRA,glp,2,78.0,76.4,79.6,76.0,80.0
2021-06,MUN,SP|PRAIA GRANDE,glp,12,85.0,82.19,88.0,81.9,88.0
2021-06,MUN,SP|PRESIDENTE PRUDENTE,glp,4,83.995,81.59,89.9,80.99,92.0
2021-06,MUN,SP|PRESIDENTE VENCESLAU,glp,4,92.995,87.1,93.99,85.0,93.99
2021-06,MUN,SP|RIBEIRAO PIRES,glp,18,84.995,79.9,91.797,79.9,93.0
2021-06,MUN,SP|RIBEIRAO PRETO,glp,46,89.0,82.75,95.0,70.0,95.0
2021-06,MUN,SP|RIO CLARO,glp,5,85.0,83.0,88.024,83.0,88.04
2021-06,MUN,SP|SALTO,glp,14,81.5,78.113,86.32,77.99,88.0
2021-06,MUN,SP|SANTA BARBARA D'OESTE,glp,16,80.0,79.99,85.0,75.0,90.0
2021-06,MUN,SP|SANTA CRUZ DO RIO PARDO,glp,18,86.25,83.5,90.0,80.0,90.0
2021-06,MUN,SP|SANTO ANDRE,glp,30,88.0,83.791,89.99,80.0,94.99
2021-06,MUN,SP|SANTOS,glp,20,90.0,84.99,99.09,82.99,105.0
2021-06,MUN,SP|SAO BERNARDO DO CAMPO,glp,33,88.0,80.19,95.0,78.9,100.0
2021-06,MUN,SP|SAO CAETANO DO SUL,glp,6,87.75,87.495,92.245,87.49,92.49
2021-06,MUN,SP|SAO CARLOS,glp,14,90.95,88.21,97.67,84.99,99.5
2021-06,MUN,SP|SAO JOAO DA BOA VISTA,glp,12,86.25,85.0,90.0,85.0,90.0
2021-06,MUN,SP|SAO JOSE DO RIO PRETO,glp,21,85.0,83.0,95.0,83.0,98.0
2021-06,MUN,SP|SAO JOSE DOS CAMPOS,glp,19,83.94,74.99,90.498,72.99,93.99
2021-06,MUN,SP|SAO PAULO,glp,100,85.0,79.99,93.99,74.97,98.0
2021-06,MUN,SP|SAO ROQUE,glp,9,89.0,83.998,93.0,79.99,95.0
2021-06,MUN,SP|SAO VICENTE,glp,19,85.0,82.792,87.99,79.99,96.3
2021-06,MUN,SP|SERTAOZINHO,glp,22,88.0,85.0,90.0,85.0,95.0
2021-06,MUN,SP|SOROCABA,glp,18,89.95,84.99,95.6,84.495,98.0
2021-06,MUN,SP|SUMARE,glp,8,82.495,79.997,90.0,79.99,90.0
2021-06,MUN,SP|SUZANO,glp,25,85.0,77.994,89.394,77.5,89.99
2021-06,MUN,SP|TABOAO DA SERRA,glp,7,87.9,84.194,93.29,83.0,95.99
2021-06,MUN,SP|TATUI,glp,15,90.0,85.998,92.998,85.0,93.0
2021-06,MUN,SP|TAUBATE,glp,10,80.0,77.7,87.0,75.0,87.0
2021-06,MUN,SP|TUPA,glp,12,85.0,82.05,95.65,81.9,96.0
2021-06,MUN,SP|UBATUBA,glp,15,88.0,80.8,90.0,80.0,95.0
2021-06,MUN,SP|VALINHOS,glp,5,78.99,78.5,85.136,78.5,85.9
2021-06,MUN,SP|VARZEA PAULISTA,glp,9,85.0,82.4,87.992,80.0,88.0
2021-06,MUN,SP|VINHEDO,glp,4,85.945,83.17,91.597,82.0,94.0
2021-06,MUN,SP|VOTORANTIM,glp,21,88.0,85.0,90.5,82.5,94.5
2021-06,MUN,SP|VOTUPORANGA,glp,6,82.995,78.995,84.49,78.0,84.98
2021-06,MUN,TO|GURUPI,glp,41,100.0,97.5,105.0,90.0,110.0
2021-06,MUN,TO|PALMAS,glp,27,92.5,86.2,100.6,80.0,110.0
2021-06,UF,AC,glp,62,105.0,100.0,110.0,98.0,115.0
2021-06,UF,AL,glp,23,85.0,80.0,85.0,74.5,92.0
2021-06,UF,AM,glp,66,94.0,88.0,101.25,87.0,105.0
2021-06,UF,AP,glp,14,106.0,99.2,109.0,97.0,110.0
2021-06,UF,BA,glp,283,81.0,75.0,86.99,69.99,96.5
2021-06,UF,CE,glp,122,93.0,85.0,97.0,58.0,105.0
2021-06,UF,DF,glp,53,82.99,79.99,85.792,79.99,88.99
2021-06,UF,ES,glp,89,85.0,79.6,90.0,70.0,98.0
2021-06,UF,GO,glp,222,90.0,84.909,100.0,73.99,120.0
2021-06,UF,MA,glp,80,87.745,84.99,90.0,79.99,98.0
2021-06,UF,MG,glp,496,90.0,80.0,96.0,69.99,110.0
2021-06,UF,MS,glp,186,85.0,79.99,92.0,74.9,103.0
2021-06,UF,MT,glp,117,110.0,100.0,120.0,90.0,130.0
2021-06,UF,PA,glp,112,93.0,87.1,97.5,82.0,108.0
2021-06,UF,PB,glp,63,89.0,85.0,91.2,77.49,100.0
2021-06,UF,PE,glp,245,80.0,75.196,87.0,72.0,95.0
2021-06,UF,PI,glp,77,90.0,87.5,95.0,85.0,100.0
2021-06,UF,PR,glp,442,90.0,83.05,98.0,75.0,110.0
2021-06,UF,RJ,glp,275,76.495,70.0,89.044,65.5,97.0
2021-06,UF,RN,glp,58,91.495,90.0,95.27,83.0,99.0
2021-06,UF,RO,glp,55,105.0,93.7,116.0,90.0,120.0
2021-06,UF,RR,glp,96,104.0,99.5,108.0,96.0,115.0
2021-06,UF,RS,glp,428,86.0,79.963,93.0,65.0,103.0
2021-06,UF,SC,glp,73,90.0,82.0,105.0,77.99,105.0
2021-06,UF,SE,glp,31,83.9,77.0,85.0,74.0,90.0
2021-06,UF,SP,glp,1580,85.47,79.99,93.0,65.0,106.2
2021-06,UF,TO,glp,68,100.0,90.0,103.25,80.0,110.0
2021-07,BR,BR,glp,5695,92.0,84.0,105.0,65.0,130.0
2021-07,MUN,AC|CRUZEIRO DO SUL,glp,5,118.0,112.0,118.0,110.0,118.0
2021-07,MUN,AC|RIO BRANCO,glp,46,108.0,105.0,113.5,100.0,117.0
2021-07,MUN,AL|ARAPIRACA,glp,10,90.0,86.04,90.0,81.9,90.0
2021-07,MUN,AL|DELMIRO GOUVEIA,glp,2,92.5,90.5,94.5,90.0,95.0
2021-07,MUN,AL|MACEIO,glp,11,90.0,83.0,90.0,80.0,90.0
2021-07,MUN,AM|ITACOATIARA,glp,9,105.0,102.3,105.3,101.5,106.5
2021-07,MUN,AM|MANAUS,glp,54,97.0,92.3,100.0,90.0,102.5
2021-07,MUN,AP|MACAPA,glp,13,107.0,100.0,110.0,99.0,112.5
2021-07,MUN,BA|BARREIRAS,glp,2,95.0,95.0,95.0,95.0,95.0
2021-07,MUN,BA|BRUMADO,glp,4,88.5,84.5,91.1,83.0,92.0
2021-07,MUN,BA|CAMACARI,glp,30,89.99,84.7,90.0,77.0,93.0
2021-07,MUN,BA|EUNAPOLIS,glp,14,80.0,76.75,87.8,65.0,90.0
2021-07,MUN,BA|FEIRA DE SANTANA,glp,13,80.0,73.998,86.8,68.0,88.0
2021-07,MUN,BA|GUANAMBI,glp,15,85.0,85.0,85.0,85.0,90.0
2021-07,MUN,BA|ILHEUS,glp,6,94.0,91.0,98.0,90.0,101.0
2021-07,MUN,BA|IRECE,glp,3,81.0,81.0,81.8,81.0,82.0
2021-07,MUN,BA|ITABUNA,glp,10,89.0,83.6,95.0,80.0,95.0
2021-07,MUN,BA|JUAZEIRO,glp,8,85.25,80.5,86.45,77.0,87.5
2021-07,MUN,BA|LAURO DE FREITAS,glp,33,85.99,80.4,91.592,77.99,93.0
2021-07,MUN,BA|SALVADOR,glp,154,85.0,77.297,89.997,69.99,95.0
2021-07,MUN,BA|SIMOES FILHO,glp,22,84.99,75.099,92.691,74.0,102.0
2021-07,MUN,BA|VITORIA DA CONQUISTA,glp,6,84.998,80.99,85.0,79.99,85.0
2021-07,MUN,CE|CANINDE,glp,6,93.5,93.0,96.5,93.0,97.0
2021-07,MUN,CE|CAUCAIA,glp,16,97.75,87.75,100.0,83.0,105.0
2021-07,MUN,CE|CRATEUS,glp,3,110.0,96.4,110.0,93.0,110.0
2021-07,MUN,CE|CRATO,glp,15,100.0,97.4,101.0,95.0,104.0
2021-07,MUN,CE|FORTALEZA,glp,55,98.0,91.5,103.6,83.0,110.0
2021-07,MUN,CE|IGUATU,glp,4,96.0,96.0,98.1,96.0,99.0
2021-07,MUN,CE|ITAPIPOCA,glp,6,98.0,91.5,100.0,88.0,100.0
2021-07,MUN,CE|JUAZEIRO DO NORTE,glp,11,101.0,96.0,101.0,92.5,101.0
2021-07,MUN,CE|MARACANAU,glp,9,95.0,93.592,103.4,88.0,105.0
2021-07,MUN,CE|QUIXADA,glp,5,90.0,87.8,91.8,87.0,93.0
2021-07,MUN,CE|SOBRAL,glp,4,100.0,98.0,102.0,98.0,102.0
2021-07,MUN,DF|BRASILIA,glp,83,86.16,83.99,89.99,82.0,104.99
2021-07,MUN,ES|ARACRUZ,glp,6,89.998,87.75,95.0,86.5,95.0
2021-07,MUN,ES|CARIACICA,glp,3,85.0,85.0,89.0,85.0,90.0
2021-07,MUN,ES|COLATINA,glp,2,81.5,80.3,82.7,80.0,83.0
2021-07,MUN,ES|GUARAPARI,glp,9,84.0,79.99,87.6,79.99,90.0
2021-07,MUN,ES|LINHARES,glp,20,90.0,90.0,95.0,88.5,95.0
2021-07,MUN,ES|SERRA,glp,23,90.0,90.0,95.0,89.99,95.0
2021-07,MUN,ES|VITORIA,glp,7,95.0,85.0,98.8,85.0,100.0
2021-07,MUN,GO|AGUAS LINDAS DE GOIAS,glp,19,85.99,84.99,90.3,82.99,92.0
2021-07,MUN,GO|ANAPOLIS,glp,22,95.0,90.25,99.85,85.0,105.0
2021-07,MUN,GO|APARECIDA DE GOIANIA,glp,20,97.25,92.446,100.0,87.4,100.0
2021-07,MUN,GO|CALDAS NOVAS,glp,6,104.0,96.75,110.0,95.0,110.0
2021-07,MUN,GO|CATALAO,glp,10,95.0,90.0,96.4,90.0,100.0
2021-07,MUN,GO|FORMOSA,glp,16,87.0,81.745,95.0,80.0,95.0
2021-07,MUN,GO|GOIANIA,glp,31,95.0,90.0,99.0,90.0,100.0
2021-07,MUN,GO|ITUMBIARA,glp,9,100.0,94.0,101.0,90.0,105.0
2021-07,MUN,GO|JATAI,glp,16,117.5,115.0,120.0,115.0,120.0
2021-07,MUN,GO|LUZIANIA,glp,6,87.945,84.495,89.99,84.0,89.99
2021-07,MUN,GO|MINEIROS,glp,8,105.0,102.897,105.0,97.99,105.0
2021-07,MUN,GO|MORRINHOS,glp,6,95.0,93.995,98.5,93.0,100.0
2021-07,MUN,GO|PORANGATU,glp,3,95.0,95.0,95.0,95.0,95.0
2021-07,MUN,GO|RIO VERDE,glp,6,110.0,102.5,112.5,100.0,115.0
2021-07,MUN,GO|TRINDADE,glp,59,95.0,87.9,98.0,84.0,100.0
2021-07,MUN,GO|VALPARAISO DE GOIAS,glp,1,90.0,90.0,90.0,90.0,90.0
2021-07,MUN,MA|IMPERATRIZ,glp,27,94.99,90.0,95.0,90.0,95.0
2021-07,MUN,MA|SAO JOSE DE RIBAMAR,glp,8,94.99,93.49,94.99,89.99,94.99
2021-07,MUN,MA|SAO LUIS,glp,29,94.99,92.49,94.99,89.99,95.0
2021-07,MUN,MG|ALFENAS,glp,6,94.995,90.0,95.0,90.0,95.0
2021-07,MUN,MG|ARAGUARI,glp,18,91.0,89.4,95.45,86.0,100.0
2021-07,MUN,MG|ARAXA,glp,10,96.0,90.9,106.4,90.0,110.0
2021-07,MUN,MG|BARBACENA,glp,13,90.0,85.0,95.0,80.0,99.0
2021-07,MUN,MG|BELO HORIZONTE,glp,34,90.5,86.3,103.0,82.99,110.0
2021-07,MUN,MG|BETIM,glp,29,94.0,87.4,100.0,82.0,102.0
2021-07,MUN,MG|BOM DESPACHO,glp,1,97.0,97.0,97.0,97.0,97.0
2021-07,MUN,MG|CONSELHEIRO LAFAIETE,glp,14,85.0,83.247,92.35,82.5,95.0
2021-07,MUN,MG|CONTAGEM,glp,52,95.0,87.1,99.0,79.99,105.0
2021-07,MUN,MG|FORMIGA,glp,9,93.0,92.2,97.6,91.0,98.0
2021-07,MUN,MG|GOVERNADOR VALADARES,glp,21,100.0,95.0,105.0,91.99,107.0
2021-07,MUN,MG|IPATINGA,glp,24,95.0,89.5,99.0,85.0,105.0
2021-07,MUN,MG|ITUIUTABA,glp,19,95.0,89.0,98.0,83.0,98.0
2021-07,MUN,MG|JOAO MONLEVADE,glp,7,93.0,86.8,93.8,85.0,95.0
2021-07,MUN,MG|JOAO PINHEIRO,glp,10,101.5,97.69,104.91,94.9,105.0
2021-07,MUN,MG|JUIZ DE FORA,glp,28,89.7,84.1,95.0,74.99,98.0
2021-07,MUN,MG|LEOPOLDINA,glp,7,90.0,89.2,92.6,88.0,95.0
2021-07,MUN,MG|MANHUACU,glp,7,94.75,85.0,95.0,85.0,95.0
2021-07,MUN,MG|MONTES CLAROS,glp,38,100.0,94.99,106.6,88.0,110.0
2021-07,MUN,MG|MURIAE,glp,9,90.0,84.898,94.392,84.49,100.0
2021-07,MUN,MG|OLIVEIRA,glp,6,97.0,93.5,99.0,92.0,99.0
2021-07,MUN,MG|PASSOS,glp,25,95.0,90.0,97.4,87.0,100.0
2021-07,MUN,MG|PATOS DE MINAS,glp,9,100.0,93.0,100.5,85.0,102.5
2021-07,MUN,MG|PATROCINIO,glp,5,95.0,86.2,101.0,85.0,103.0
2021-07,MUN,MG|POCOS DE CALDAS,glp,15,96.495,94.99,99.996,94.495,100.0
2021-07,MUN,MG|POUSO ALEGRE,glp,8,93.5,85.5,103.6,82.0,105.0
2021-07,MUN,MG|SAO JOAO DEL REI,glp,15,90.0,88.8,95.3,85.0,96.0
2021-07,MUN,MG|SAO SEBASTIAO DO PARAISO,glp,12,87.5,85.0,92.25,83.0,95.0
2021-07,MUN,MG|SETE LAGOAS,glp,14,89.5,85.45,94.63,85.0,95.0
2021-07,MUN,MG|TEOFILO OTONI,glp,16,100.0,95.0,102.5,94.0,105.0
2021-07,MUN,MG|TRES CORACOES,glp,11,81.5,80.0,85.0,79.0,85.0
2021-07,MUN,MG|UBA,glp,13,90.0,90.0,95.0,90.0,100.0
2021-07,MUN,MG|UBERABA,glp,23,90.0,86.8,95.0,85.0,97.0
2021-07,MUN,MG|UBERLANDIA,glp,50,96.5,93.0,100.0,89.0,103.0
2021-07,MUN,MG|UNAI,glp,10,110.0,105.0,110.5,105.0,115.0
2021-07,MUN,MG|VARGINHA,glp,10,88.0,82.7,90.0,80.0,90.0
2021-07,MUN,MG|VICOSA,glp,6,92.5,89.0,98.75,88.0,102.5
2021-07,MUN,MS|CAMPO GRANDE,glp,76,88.0,81.492,91.2,75.0,95.0
2021-07,MUN,MS|CORUMBA,glp,5,92.0,90.8,92.9,90.0,93.5
2021-07,MUN,MS|DOURADOS,glp,48,95.5,90.0,100.0,85.0,101.0
2021-07,MUN,MS|TRES LAGOAS,glp,2,100.0,100.0,100.0,100.0,100.0
2021-07,MUN,MT|ALTA FLORESTA,glp,20,125.0,120.0,130.0,115.0,130.0
2021-07,MUN,MT|CACERES,glp,11,104.99,94.5,105.0,94.495,106.0
2021-07,MUN,MT|CUIABA,glp,55,110.0,102.5,115.0,96.0,120.0
2021-07,MUN,MT|RONDONOPOLIS,glp,13,115.0,110.0,119.0,110.0,120.0
2021-07,MUN,MT|SINOP,glp,1,125.0,125.0,125.0,125.0,125.0
2021-07,MUN,MT|SORRISO,glp,15,125.0,125.0,130.0,120.0,130.0
2021-07,MUN,MT|VARZEA GRANDE,glp,11,112.5,105.0,115.0,100.0,115.0
2021-07,MUN,PA|ABAETETUBA,glp,12,92.5,88.1,99.5,88.0,102.0
2021-07,MUN,PA|ALENQUER,glp,5,90.0,87.0,95.0,85.0,95.0
2021-07,MUN,PA|ALTAMIRA,glp,12,112.25,102.3,114.95,101.0,118.0
2021-07,MUN,PA|ANANINDEUA,glp,26,95.495,95.0,100.0,90.0,105.0
2021-07,MUN,PA|BELEM,glp,47,99.99,95.0,101.4,88.0,110.0
2021-07,MUN,PA|CAMETA,glp,5,105.0,103.0,108.0,103.0,108.0
2021-07,MUN,PA|CONCEICAO DO ARAGUAIA,glp,12,107.5,105.0,110.0,100.0,110.0
2021-07,MUN,PA|MARABA,glp,8,105.75,104.35,107.9,104.0,110.0
2021-07,MUN,PA|SANTAREM,glp,33,90.0,87.0,95.88,85.0,98.0
2021-07,MUN,PB|BAYEUX,glp,5,95.0,91.9,95.0,91.5,95.0
2021-07,MUN,PB|CABEDELO,glp,7,92.0,86.5,102.0,85.0,105.0
2021-07,MUN,PB|CAMPINA GRANDE,glp,30,95.0,90.0,99.099,80.0,100.0
2021-07,MUN,PB|JOAO PESSOA,glp,22,90.0,85.45,95.0,79.99,100.0
2021-07,MUN,PE|ARARIPINA,glp,3,95.0,94.2,95.0,94.0,95.0
2021-07,MUN,PE|ARCOVERDE,glp,6,85.0,82.99,86.0,82.99,87.0
2021-07,MUN,PE|BELO JARDIM,glp,8,85.0,85.0,89.9,85.0,92.0
2021-07,MUN,PE|CARUARU,glp,8,85.0,82.1,91.8,80.0,96.0
2021-07,MUN,PE|GARANHUNS,glp,8,94.995,94.843,95.0,94.5,95.0
2021-07,MUN,PE|IGARASSU,glp,17,85.5,85.0,86.7,85.0,87.0
2021-07,MUN,PE|JABOATAO DOS GUARARAPES,glp,22,85.0,81.65,90.0,75.0,90.0
2021-07,MUN,PE|LAJEDO,glp,5,85.0,85.0,85.0,85.0,85.0
2021-07,MUN,PE|OLINDA,glp,45,83.99,80.994,90.0,80.0,95.0
2021-07,MUN,PE|PAULISTA,glp,22,86.99,85.0,90.0,85.0,95.0
2021-07,MUN,PE|PETROLINA,glp,16,86.5,84.25,89.0,80.0,90.0
2021-07,MUN,PE|RECIFE,glp,73,85.0,80.0,90.0,76.99,100.0
2021-07,MUN,PE|SANTA CRUZ DO CAPIBARIBE,glp,5,100.0,90.0,100.0,90.0,100.0
2021-07,MUN,PE|VITORIA DE SANTO ANTAO,glp,11,81.0,78.0,82.5,77.0,82.5
2021-07,MUN,PI|PARNAIBA,glp,3,105.0,105.0,105.0,105.0,105.0
2021-07,MUN,PI|TERESINA,glp,72,95.0,92.5,100.0,89.99,102.5
2021-07,MUN,PR|APUCARANA,glp,20,101.25,99.81,105.0,98.0,105.0
2021-07,MUN,PR|ARAPONGAS,glp,25,93.0,90.0,94.996,88.5,100.0
2021-07,MUN,PR|ARAUCARIA,glp,17,90.0,88.6,93.7,87.0,99.0
2021-07,MUN,PR|CAMPO MOURAO,glp,14,100.75,100.0,105.0,96.5,105.0
2021-07,MUN,PR|CASCAVEL,glp,27,92.0,90.0,95.6,89.0,105.0
2021-07,MUN,PR|CASTRO,glp,6,89.5,87.45,98.0,86.9,98.0
2021-07,MUN,PR|CIANORTE,glp,3,100.0,99.92,104.0,99.9,105.0
2021-07,MUN,PR|COLOMBO,glp,23,89.0,86.92,90.0,85.45,93.5
2021-07,MUN,PR|CORNELIO PROCOPIO,glp,3,100.0,100.0,104.0,100.0,105.0
2021-07,MUN,PR|CURITIBA,glp,39,90.0,85.98,97.0,83.9,97.5
2021-07,MUN,PR|FOZ DO IGUACU,glp,22,105.0,102.5,110.0,100.0,115.0
2021-07,MUN,PR|GUARAPUAVA,glp,11,98.0,96.9,100.0,96.0,100.0
2021-07,MUN,PR|LONDRINA,glp,68,93.0,86.7,100.0,82.5,106.0
2021-07,MUN,PR|MARINGA,glp,47,100.5,96.9,105.4,90.0,110.0
2021-07,MUN,PR|PARANAGUA,glp,13,85.0,80.4,87.792,79.0,89.0
2021-07,MUN,PR|PARANAVAI,glp,24,99.5,95.9,105.0,92.5,108.0
2021-07,MUN,PR|PINHAIS,glp,20,89.7,87.7,90.2,85.0,95.0
2021-07,MUN,PR|PONTA GROSSA,glp,27,92.0,84.56,98.4,78.0,100.0
2021-07,MUN,PR|SANTO ANTONIO DA PLATINA,glp,7,95.0,91.4,97.0,89.0,97.0
2021-07,MUN,PR|SAO JOSE DOS PINHAIS,glp,15,90.0,86.2,90.6,84.0,94.0
2021-07,MUN,PR|TAPEJARA,glp,1,99.0,99.0,99.0,99.0,99.0
2021-07,MUN,PR|TOLEDO,glp,23,94.9,88.372,104.8,87.9,105.0
2021-07,MUN,PR|UMUARAMA,glp,11,98.0,95.0,101.5,90.0,105.0
2021-07,MUN,PR|UNIAO DA VITORIA,glp,7,100.0,95.0,105.5,95.0,110.0
2021-07,MUN,RJ|ANGRA DOS REIS,glp,9,97.9,93.8,98.0,93.0,98.0
2021-07,MUN,RJ|ARARUAMA,glp,11,77.49,73.99,77.99,69.5,78.99
2021-07,MUN,RJ|BARRA MANSA,glp,8,86.5,84.485,91.85,84.45,95.0
2021-07,MUN,RJ|BELFORD ROXO,glp,12,80.0,77.546,82.45,76.0,86.0
2021-07,MUN,RJ|CABO FRIO,glp,8,76.498,74.99,78.29,74.99,78.99
2021-07,MUN,RJ|CAMPOS DOS GOYTACAZES,glp,14,84.5,80.75,86.4,79.99,87.0
2021-07,MUN,RJ|DUQUE DE CAXIAS,glp,31,80.995,76.99,82.99,74.99,84.99
2021-07,MUN,RJ|ITAGUAI,glp,2,89.95,85.99,93.91,85.0,94.9
2021-07,MUN,RJ|ITAPERUNA,glp,5,95.0,88.4,99.2,85.0,100.0
2021-07,MUN,RJ|MACAE,glp,4,94.995,94.99,95.0,94.99,95.0
2021-07,MUN,RJ|MARICA,glp,6,77.49,73.49,82.49,69.99,82.99
2021-07,MUN,RJ|NILOPOLIS,glp,7,82.5,79.0,85.0,77.5,85.0
2021-07,MUN,RJ|NITEROI,glp,9,79.495,75.392,80.4,73.0,82.0
2021-07,MUN,RJ|NOVA FRIBURGO,glp,10,102.0,97.0,102.19,97.0,103.0
2021-07,MUN,RJ|NOVA IGUACU,glp,29,79.99,73.792,85.0,69.5,85.0
2021-07,MUN,RJ|PETROPOLIS,glp,11,85.0,80.0,88.0,79.99,89.99
2021-07,MUN,RJ|RESENDE,glp,6,97.245,94.248,98.0,92.495,98.0
2021-07,MUN,RJ|RIO BONITO,glp,7,72.99,69.92,76.996,69.8,79.99
2021-07,MUN,RJ|RIO DE JANEIRO,glp,67,85.99,79.996,94.994,73.0,96.0
2021-07,MUN,RJ|SAO FRANCISCO DE ITABAPOANA,glp,3,88.0,85.6,89.6,85.0,90.0
2021-07,MUN,RJ|SAO GONCALO,glp,16,79.24,77.25,83.75,75.0,85.0
2021-07,MUN,RJ|SAO JOAO DE MERITI,glp,16,81.5,77.245,84.995,76.99,89.99
2021-07,MUN,RJ|SAQUAREMA,glp,10,74.5,70.7,81.296,68.0,84.0
2021-07,MUN,RJ|TERESOPOLIS,glp,7,91.9,86.3,92.36,83.0,92.9
2021-07,MUN,RJ|VALENCA,glp,9,85.0,79.0,87.92,79.0,92.0
2021-07,MUN,RJ|VOLTA REDONDA,glp,6,88.95,83.41,91.9,81.9,91.9
2021-07,MUN,RN|MOSSORO,glp,10,90.0,90.0,91.4,90.0,95.0
2021-07,MUN,RN|NATAL,glp,23,99.9,92.6,104.6,89.0,105.9
2021-07,MUN,RN|PARNAMIRIM,glp,26,100.0,95.495,100.0,93.99,105.0
2021-07,MUN,RO|ARIQUEMES,glp,7,113.0,111.2,115.0,110.0,115.0
2021-07,MUN,RO|CACOAL,glp,8,115.0,112.7,117.2,112.0,120.0
2021-07,MUN,RO|JI-PARANA,glp,14,113.0,110.0,113.0,108.0,113.5
2021-07,MUN,RO|PIMENTA BUENO,glp,4,120.5,117.2,121.0,116.0,121.0
2021-07,MUN,RO|PORTO VELHO,glp,32,105.0,96.199,110.0,95.0,112.5
2021-07,MUN,RO|VILHENA,glp,8,120.0,119.0,122.0,119.0,122.0
2021-07,MUN,RR|BOA VISTA,glp,87,108.0,103.6,113.0,100.0,115.0
2021-07,MUN,RS|ALEGRETE,glp,11,91.0,87.0,92.0,87.0,92.0
2021-07,MUN,RS|ALVORADA,glp,9,90.0,84.998,93.0,80.99,93.0
2021-07,MUN,RS|BAGE,glp,26,92.75,89.0,95.0,87.0,98.0
2021-07,MUN,RS|CACHOEIRA DO SUL,glp,8,95.0,90.0,95.9,90.0,98.0
2021-07,MUN,RS|CACHOEIRINHA,glp,6,89.475,86.45,97.45,84.9,99.9
2021-07,MUN,RS|CANOAS,glp,15,88.0,84.0,94.0,80.0,94.0
2021-07,MUN,RS|CAXIAS DO SUL,glp,57,96.9,86.5,100.754,79.99,101.9
2021-07,MUN,RS|CRUZ ALTA,glp,4,66.45,65.285,67.3,65.0,67.45
2021-07,MUN,RS|ERECHIM,glp,20,100.0,97.7,108.2,90.0,110.0
2021-07,MUN,RS|ESTEIO,glp,11,88.0,85.0,91.0,82.0,92.0
2021-07,MUN,RS|GRAVATAI,glp,11,85.0,81.99,89.9,80.9,90.0
2021-07,MUN,RS|GUAIBA,glp,6,90.0,89.5,93.75,89.0,97.5
2021-07,MUN,RS|IJUI,glp,7,90.0,89.2,96.7,88.0,97.0
2021-07,MUN,RS|NOVO HAMBURGO,glp,12,86.0,84.55,88.0,84.0,89.0
2021-07,MUN,RS|OSORIO,glp,8,89.92,79.4,95.83,78.0,98.0
2021-07,MUN,RS|PASSO FUNDO,glp,8,91.0,87.8,93.0,85.0,93.0
2021-07,MUN,RS|PELOTAS,glp,46,88.0,86.0,95.25,82.5,99.0
2021-07,MUN,RS|PORTO ALEGRE,glp,30,90.5,86.9,96.1,85.0,98.0
2021-07,MUN,RS|RIO GRANDE,glp,11,87.0,86.0,90.0,85.0,90.0
2021-07,MUN,RS|SANTA CRUZ DO SUL,glp,13,95.0,93.0,95.0,93.0,95.5
2021-07,MUN,RS|SANTA MARIA,glp,37,95.0,92.6,100.0,88.0,103.0
2021-07,MUN,RS|SANTA ROSA,glp,7,91.5,90.0,95.6,90.0,98.0
2021-07,MUN,RS|SANTANA DO LIVRAMENTO,glp,17,95.0,87.6,98.0,84.0,98.0
2021-07,MUN,RS|SANTO ANGELO,glp,4,110.125,105.0,115.268,105.0,115.275
2021-07,MUN,RS|SAO GABRIEL,glp,13,90.0,85.5,94.6,84.9,104.5
2021-07,MUN,RS|SAO LEOPOLDO,glp,9,82.9,81.6,87.6,80.0,90.0
2021-07,MUN,RS|SAO LUIZ GONZAGA,glp,5,90.0,84.396,93.8,82.0,95.0
2021-07,MUN,RS|SAPIRANGA,glp,5,95.0,87.6,96.2,86.0,97.0
2021-07,MUN,RS|SAPUCAIA DO SUL,glp,19,87.0,84.6,92.0,82.0,93.0
2021-07,MUN,RS|TORRES,glp,6,91.0,87.495,95.24,85.0,97.5
2021-07,MUN,RS|URUGUAIANA,glp,1,95.0,95.0,95.0,95.0,95.0
2021-07,MUN,RS|VACARIA,glp,7,93.0,89.6,98.0,89.0,98.0
2021-07,MUN,RS|VIAMAO,glp,14,89.498,87.85,95.35,85.995,96.0
2021-07,MUN,SC|ARARANGUA,glp,2,93.0,93.0,93.0,93.0,93.0
2021-07,MUN,SC|BIGUACU,glp,2,100.0,100.0,100.0,100.0,100.0
2021-07,MUN,SC|BLUMENAU,glp,9,110.0,109.8,110.0,109.0,110.0
2021-07,MUN,SC|BRUSQUE,glp,7,105.0,103.4,108.0,102.5,108.0
2021-07,MUN,SC|CACADOR,glp,8,105.0,100.0,106.5,100.0,110.0
2021-07,MUN,SC|CHAPECO,glp,7,108.0,101.0,108.8,95.0,110.0
2021-07,MUN,SC|CONCORDIA,glp,4,93.75,90.75,97.8,90.0,99.0
2021-07,MUN,SC|FLORIANOPOLIS,glp,2,99.0,99.0,99.0,99.0,99.0
2021-07,MUN,SC|JARAGUA DO SUL,glp,9,91.9,91.9,96.99,91.9,96.99
2021-07,MUN,SC|JOINVILLE,glp,9,95.0,93.6,98.0,92.0,98.0
2021-07,MUN,SC|LAGES,glp,17,95.0,93.0,98.0,90.0,99.0
2021-07,MUN,SC|LAGUNA,glp,5,88.0,83.192,90.0,81.99,90.0
2021-07,MUN,SC|MAFRA,glp,10,95.0,95.0,102.0,95.0,102.0
2021-07,MUN,SC|PALHOCA,glp,2,101.0,99.4,102.6,99.0,103.0
2021-07,MUN,SC|SAO JOSE,glp,2,99.5,97.5,101.5,97.0,102.0
2021-07,MUN,SC|TUBARAO,glp,1,93.0,93.0,93.0,93.0,93.0
2021-07,MUN,SC|VIDEIRA,glp,5,100.0,98.4,102.3,98.0,102.5
2021-07,MUN,SC|XANXERE,glp,5,95.0,93.8,98.2,93.0,99.0
2021-07,MUN,SE|ARACAJU,glp,19,85.9,83.7,88.8,80.0,90.0
2021-07,MUN,SE|NOSSA SENHORA DO SOCORRO,glp,7,84.5,80.4,86.14,78.0,86.5
2021-07,MUN,SP|ADAMANTINA,glp,6,90.0,82.5,94.0,80.0,95.0
2021-07,MUN,SP|AMERICANA,glp,16,90.0,84.99,95.5,84.99,100.0
2021-07,MUN,SP|AMPARO,glp,5,96.5,91.6,99.4,90.0,100.0
2021-07,MUN,SP|ARACATUBA,glp,33,84.0,78.99,87.0,75.0,90.0
2021-07,MUN,SP|ARARAQUARA,glp,17,100.0,99.99,105.0,99.0,105.0
2021-07,MUN,SP|ARARAS,glp,7,93.3,92.778,94.57,91.995,94.9
2021-07,MUN,SP|ASSIS,glp,8,88.7,85.7,90.0,85.0,90.0
2021-07,MUN,SP|ATIBAIA,glp,18,95.0,88.0,98.6,82.99,103.0
2021-07,MUN,SP|AVARE,glp,8,94.995,91.327,95.0,89.99,95.0
2021-07,MUN,SP|BARRETOS,glp,4,99.995,89.94,102.0,86.49,102.0
2021-07,MUN,SP|BARUERI,glp,35,90.5,85.9,95.0,80.0,97.99
2021-07,MUN,SP|BAURU,glp,20,89.995,84.79,95.0,79.99,98.0
2021-07,MUN,SP|BEBEDOURO,glp,12,97.5,95.0,100.0,95.0,105.0
2021-07,MUN,SP|BIRIGUI,glp,31,87.5,85.0,91.5,82.5,95.0
2021-07,MUN,SP|BOTUCATU,glp,22,85.0,84.504,85.498,80.0,86.95
2021-07,MUN,SP|BRAGANCA PAULISTA,glp,14,95.0,89.293,99.627,83.49,99.9
2021-07,MUN,SP|CACAPAVA,glp,5,99.0,98.994,104.296,98.99,107.5
2021-07,MUN,SP|CAMPINAS,glp,13,89.9,85.49,89.998,84.99,99.9
2021-07,MUN,SP|CARAGUATATUBA,glp,4,88.25,85.443,90.0,84.99,90.0
2021-07,MUN,SP|CARAPICUIBA,glp,22,94.49,89.99,95.0,84.99,100.0
2021-07,MUN,SP|CATANDUVA,glp,10,92.0,89.99,95.1,89.9,96.0
2021-07,MUN,SP|COSMOPOLIS,glp,5,89.995,84.99,90.0,84.99,90.0
2021-07,MUN,SP|COTIA,glp,16,93.995,87.495,101.9,86.49,105.0
2021-07,MUN,SP|CRUZEIRO,glp,9,85.0,80.998,87.398,78.99,88.99
2021-07,MUN,SP|CUBATAO,glp,7,91.0,89.96,102.0,89.9,105.0
2021-07,MUN,SP|DIADEMA,glp,31,92.5,89.99,94.99,88.99,95.0
2021-07,MUN,SP|EMBU DAS ARTES,glp,6,92.475,89.99,100.595,89.99,106.2
2021-07,MUN,SP|FRANCA,glp,32,92.7,89.99,95.9,84.99,102.0
2021-07,MUN,SP|GARCA,glp,8,86.25,83.0,93.0,83.0,100.0
2021-07,MUN,SP|GUARATINGUETA,glp,15,85.0,83.994,88.27,82.0,90.0
2021-07,MUN,SP|GUARUJA,glp,8,91.495,85.0,95.99,85.0,95.99
2021-07,MUN,SP|GUARULHOS,glp,20,92.0,89.99,95.6,89.99,98.0
2021-07,MUN,SP|HORTOLANDIA,glp,9,90.0,84.99,95.6,84.99,98.0
2021-07,MUN,SP|IBITINGA,glp,6,99.25,94.25,100.0,93.0,100.0
2021-07,MUN,SP|INDAIATUBA,glp,18,95.75,88.0,98.0,86.99,98.0
2021-07,MUN,SP|ITANHAEM,glp,3,100.0,96.0,100.0,95.0,100.0
2021-07,MUN,SP|ITAPECERICA DA SERRA,glp,6,89.99,86.5,90.495,85.0,90.99
2021-07,MUN,SP|ITAPETININGA,glp,10,92.24,89.99,95.12,89.99,96.2
2021-07,MUN,SP|ITAPEVA,glp,4,97.75,94.7,98.0,93.5,98.0
2021-07,MUN,SP|ITAPIRA,glp,3,90.0,89.992,90.0,89.99,90.0
2021-07,MUN,SP|ITAPOLIS,glp,8,91.75,89.63,98.0,89.0,98.0
2021-07,MUN,SP|ITAQUAQUECETUBA,glp,14,89.995,89.99,92.99,87.49,92.99
2021-07,MUN,SP|ITATIBA,glp,12,89.45,85.3,92.0,78.0,93.0
2021-07,MUN,SP|ITU,glp,10,90.25,88.355,93.1,83.0,94.0
2021-07,MUN,SP|JABOTICABAL,glp,6,88.0,87.445,89.725,86.9,90.0
2021-07,MUN,SP|JACAREI,glp,11,87.99,79.0,94.9,78.0,96.0
2021-07,MUN,SP|JALES,glp,13,85.0,82.49,88.0,77.99,90.0
2021-07,MUN,SP|JAU,glp,11,96.0,93.0,98.0,93.0,100.0
2021-07,MUN,SP|JOSE BONIFACIO,glp,8,91.0,88.5,93.3,85.0,94.0
2021-07,MUN,SP|JUNDIAI,glp,11,94.0,86.49,96.0,85.99,100.0
2021-07,MUN,SP|LEME,glp,11,95.0,94.5,95.0,90.0,97.5
2021-07,MUN,SP|LIMEIRA,glp,13,88.0,81.0,93.6,80.0,95.0
2021-07,MUN,SP|LINS,glp,10,90.0,88.886,97.75,87.9,100.0
2021-07,MUN,SP|LORENA,glp,13,83.0,79.99,88.0,78.0,89.9
2021-07,MUN,SP|MARILIA,glp,6,100.5,98.75,103.0,98.0,103.0
2021-07,MUN,SP|MATAO,glp,8,92.5,89.99,98.65,89.99,102.5
2021-07,MUN,SP|MAUA,glp,47,90.0,87.99,97.324,85.99,100.0
2021-07,MUN,SP|MIRASSOL,glp,11,90.0,90.0,92.0,89.0,94.99
2021-07,MUN,SP|MOCOCA,glp,5,93.0,90.6,95.0,89.0,95.0
2021-07,MUN,SP|MOGI DAS CRUZES,glp,34,89.99,85.15,94.997,84.99,97.0
2021-07,MUN,SP|MOGI GUACU,glp,11,88.0,84.99,90.0,84.99,90.0
2021-07,MUN,SP|MOGI MIRIM,glp,8,85.0,82.89,88.59,77.99,89.99
2021-07,MUN,SP|MONTE ALTO,glp,8,95.0,90.0,98.85,90.0,102.0
2021-07,MUN,SP|OLIMPIA,glp,9,79.0,78.8,85.0,78.0,85.0
2021-07,MUN,SP|OSASCO,glp,30,94.99,89.999,95.0,85.0,105.0
2021-07,MUN,SP|OURINHOS,glp,19,88.0,87.0,91.2,85.0,94.0
2021-07,MUN,SP|PARAGUACU PAULISTA,glp,14,98.5,95.0,103.0,92.0,103.0
2021-07,MUN,SP|PAULINIA,glp,9,88.5,87.892,90.0,87.5,90.0
2021-07,MUN,SP|PINDAMONHANGABA,glp,7,89.0,86.794,93.0,85.0,93.0
2021-07,MUN,SP|PIRACICABA,glp,18,89.99,84.99,98.0,82.5,98.0
2021-07,MUN,SP|PIRASSUNUNGA,glp,2,84.25,82.45,86.05,82.0,86.5
2021-07,MUN,SP|POA,glp,8,88.495,83.99,90.9,83.99,93.0
2021-07,MUN,SP|PORTO FERREIRA,glp,2,86.975,84.595,89.355,84.0,89.95
2021-07,MUN,SP|PRAIA GRANDE,glp,10,92.995,91.79,94.0,89.9,94.0
2021-07,MUN,SP|PRESIDENTE PRUDENTE,glp,6,87.0,84.945,92.5,84.9,93.0
2021-07,MUN,SP|PRESIDENTE VENCESLAU,glp,2,87.0,81.4,92.6,80.0,94.0
2021-07,MUN,SP|RIBEIRAO PIRES,glp,20,91.25,84.9,100.0,84.9,100.0
2021-07,MUN,SP|RIBEIRAO PRETO,glp,40,92.75,89.891,99.991,88.0,110.0
2021-07,MUN,SP|RIO CLARO,glp,5,93.0,90.8,94.2,90.0,95.0
2021-07,MUN,SP|SALTO,glp,14,84.75,82.927,91.0,80.0,96.0
2021-07,MUN,SP|SANTA BARBARA D'OESTE,glp,13,85.0,84.99,87.3,84.99,90.0
2021-07,MUN,SP|SANTA CRUZ DO RIO PARDO,glp,19,95.0,92.9,95.5,91.0,100.0
2021-07,MUN,SP|SANTO ANDRE,glp,38,88.995,83.346,94.99,82.99,95.0
2021-07,MUN,SP|SANTOS,glp,24,95.95,88.29,105.0,86.99,105.0
2021-07,MUN,SP|SAO BERNARDO DO CAMPO,glp,35,92.0,87.994,99.6,85.0,110.0
2021-07,MUN,SP|SAO CAETANO DO SUL,glp,6,94.995,92.0,95.0,90.0,95.0
2021-07,MUN,SP|SAO CARLOS,glp,13,95.9,90.4,104.99,89.99,105.0
2021-07,MUN,SP|SAO JOAO DA BOA VISTA,glp,12,90.0,90.0,90.0,90.0,90.0
2021-07,MUN,SP|SAO JOSE DO RIO PRETO,glp,21,91.0,89.99,100.0,86.0,106.0
2021-07,MUN,SP|SAO JOSE DOS CAMPOS,glp,18,88.25,79.39,95.597,77.99,97.99
2021-07,MUN,SP|SAO PAULO,glp,112,90.0,84.99,97.99,79.99,103.0
2021-07,MUN,SP|SAO ROQUE,glp,8,93.495,91.397,94.993,89.99,95.0
2021-07,MUN,SP|SAO VICENTE,glp,18,89.45,86.99,90.29,79.995,94.99
2021-07,MUN,SP|SERTAOZINHO,glp,14,92.5,90.3,95.0,88.9,95.0
2021-07,MUN,SP|SOROCABA,glp,20,90.0,88.0,98.991,88.0,100.0
2021-07,MUN,SP|SUMARE,glp,11,89.99,84.99,92.0,82.49,93.0
2021-07,MUN,SP|SUZANO,glp,23,89.99,84.99,93.998,82.5,97.0
2021-07,MUN,SP|TABOAO DA SERRA,glp,6,93.445,86.995,95.49,84.99,95.99
2021-07,MUN,SP|TATUI,glp,9,98.0,92.998,98.0,92.99,98.0
2021-07,MUN,SP|TAUBATE,glp,11,85.0,82.5,90.0,82.0,94.0
2021-07,MUN,SP|TUPA,glp,9,85.0,83.72,97.5,83.0,97.5
2021-07,MUN,SP|UBATUBA,glp,11,92.49,89.0,95.0,89.0,98.0
2021-07,MUN,SP|VALINHOS,glp,5,86.49,80.261,88.954,80.245,88.99
2021-07,MUN,SP|VARZEA PAULISTA,glp,6,90.0,89.0,94.995,88.0,95.0
2021-07,MUN,SP|VINHEDO,glp,4,94.245,88.447,96.48,86.5,96.9
2021-07,MUN,SP|VOTORANTIM,glp,19,91.5,85.0,95.0,85.0,96.0
2021-07,MUN,SP|VOTUPORANGA,glp,9,86.49,84.972,93.3,84.9,94.9
2021-07,MUN,TO|ARAGUAINA,glp,12,105.0,105.0,114.5,100.0,115.0
2021-07,MUN,TO|GURUPI,glp,44,105.0,103.25,110.0,96.5,110.0
2021-07,MUN,TO|PALMAS,glp,26,95.0,90.0,107.5,90.0,115.0
2021-07,MUN,TO|PARAISO DO TOCANTINS,glp,11,100.0,90.0,110.0,80.0,110.0
2021-07,UF,AC,glp,51,108.0,105.0,115.0,100.0,118.0
2021-07,UF,AL,glp,23,90.0,83.4,90.0,80.0,95.0
2021-07,UF,AM,glp,63,98.0,93.0,102.9,90.0,106.5
2021-07,UF,AP,glp,13,107.0,100.0,110.0,99.0,112.5
2021-07,UF,BA,glp,320,85.0,78.0,90.0,65.0,102.0
2021-07,UF,CE,glp,134,98.0,90.0,103.0,83.0,110.0
2021-07,UF,DF,glp,83,86.16,83.99,89.99,82.0,104.99
2021-07,UF,ES,glp,70,90.0,84.9,95.0,79.99,100.0
2021-07,UF,GO,glp,238,95.0,85.99,105.0,80.0,120.0
2021-07,UF,MA,glp,64,94.99,90.0,95.0,89.99,95.0
2021-07,UF,MG,glp,604,95.0,85.0,101.5,74.99,115.0
2021-07,UF,MS,glp,131,90.0,83.0,99.0,75.0,101.0
2021-07,UF,MT,glp,126,114.0,103.0,127.5,94.495,130.0
2021-07,UF,PA,glp,160,98.0,89.0,109.1,85.0,118.0
2021-07,UF,PB,glp,64,94.5,88.1,98.7,79.99,105.0
2021-07,UF,PE,glp,249,85.0,80.998,90.0,75.0,100.0
2021-07,UF,PI,glp,75,95.995,92.5,100.0,89.99,105.0
2021-07,UF,PR,glp,473,94.0,88.0,105.0,78.0,115.0
2021-07,UF,RJ,glp,323,82.99,75.992,95.0,68.0,103.0
2021-07,UF,RN,glp,59,98.0,90.0,102.1,89.0,105.9
2021-07,UF,RO,glp,73,112.0,99.0,120.0,95.0,122.0
2021-07,UF,RR,glp,87,108.0,103.6,113.0,100.0,115.0
2021-07,UF,RS,glp,463,91.0,85.0,99.0,65.0,115.275
2021-07,UF,SC,glp,106,98.0,91.9,108.5,81.99,110.0
2021-07,UF,SE,glp,26,85.9,82.25,88.25,78.0,90.0
2021-07,UF,SP,glp,1524,90.0,84.99,98.0,75.0,110.0
2021-07,UF,TO,glp,93,105.0,95.0,110.0,80.0,115.0
2021-08,BR,BR,glp,5733,94.99,85.0,105.0,67.495,130.0
2021-08,MUN,AC|CRUZEIRO DO SUL,glp,5,118.0,113.2,118.0,112.0,118.0
2021-08,MUN,AC|RIO BRANCO,glp,52,109.5,105.1,115.0,100.0,118.0
2021-08,MUN,AL|ARAPIRACA,glp,9,90.0,84.78,90.0,83.9,90.0
2021-08,MUN,AL|DELMIRO GOUVEIA,glp,2,92.5,90.5,94.5,90.0,95.0
2021-08,MUN,AL|MACEIO,glp,11,93.0,85.0,95.0,80.0,95.0
2021-08,MUN,AM|ITACOATIARA,glp,9,105.0,103.0,105.0,103.0,105.0
2021-08,MUN,AM|MANAUS,glp,56,98.0,95.0,101.0,90.0,105.0
2021-08,MUN,AM|TEFE,glp,4,116.0,115.3,116.0,115.0,116.0
2021-08,MUN,AP|MACAPA,glp,13,110.0,106.0,113.8,100.0,115.0
2021-08,MUN,BA|BARREIRAS,glp,5,100.0,97.0,100.0,95.0,100.0
2021-08,MUN,BA|BRUMADO,glp,4,89.0,84.5,90.0,83.0,90.0
2021-08,MUN,BA|CAMACARI,glp,15,90.0,88.0,90.0,86.5,95.0
2021-08,MUN,BA|EUNAPOLIS,glp,13,88.0,82.662,89.8,81.99,90.0
2021-08,MUN,BA|FEIRA DE SANTANA,glp,12,81.5,78.0,86.7,77.99,88.0
2021-08,MUN,BA|GUANAMBI,glp,15,85.0,85.0,85.0,85.0,90.0
2021-08,MUN,BA|ILHEUS,glp,6,94.0,91.0,98.0,90.0,101.0
2021-08,MUN,BA|IRECE,glp,3,82.0,82.0,82.8,82.0,83.0
2021-08,MUN,BA|ITABUNA,glp,10,90.0,84.0,95.0,84.0,95.0
2021-08,MUN,BA|JUAZEIRO,glp,8,87.0,84.1,89.0,82.0,89.0
2021-08,MUN,BA|LAURO DE FREITAS,glp,13,87.0,84.992,94.796,83.99,96.0
2021-08,MUN,BA|LIVRAMENTO DE NOSSA SENHORA,glp,3,87.0,85.4,89.4,85.0,90.0
2021-08,MUN,BA|SALVADOR,glp,58,85.0,80.0,90.0,75.0,99.0
2021-08,MUN,BA|SIMOES FILHO,glp,18,82.0,76.793,90.897,74.0,100.0
2021-08,MUN,BA|VITORIA DA CONQUISTA,glp,6,85.0,83.492,87.5,81.99,90.0
2021-08,MUN,CE|CANINDE,glp,3,96.0,93.6,96.8,93.0,97.0
2021-08,MUN,CE|CAUCAIA,glp,17,98.0,89.996,100.0,83.0,105.0
2021-08,MUN,CE|CRATEUS,glp,6,101.0,95.0,109.25,93.0,110.0
2021-08,MUN,CE|CRATO,glp,15,100.0,98.4,100.8,95.0,104.0
2021-08,MUN,CE|FORTALEZA,glp,55,100.0,90.0,103.6,82.0,110.0
2021-08,MUN,CE|IGUATU,glp,3,96.0,96.0,98.4,96.0,99.0
2021-08,MUN,CE|ITAPIPOCA,glp,8,96.5,90.0,98.6,90.0,100.0
2021-08,MUN,CE|JUAZEIRO DO NORTE,glp,11,101.0,96.0,101.0,94.5,101.0
2021-08,MUN,CE|MARACANAU,glp,9,95.0,93.592,103.4,88.0,105.0
2021-08,MUN,CE|QUIXADA,glp,5,90.0,86.2,91.8,85.0,93.0
2021-08,MUN,CE|SOBRAL,glp,3,102.0,98.0,102.08,97.0,102.1
2021-08,MUN,DF|BRASILIA,glp,43,88.0,84.99,93.992,82.99,99.99
2021-08,MUN,ES|ARACRUZ,glp,6,90.0,86.0,95.0,83.0,95.0
2021-08,MUN,ES|CACHOEIRO DE ITAPEMIRIM,glp,1,100.0,100.0,100.0,100.0,100.0
2021-08,MUN,ES|GUARAPARI,glp,9,81.99,79.99,90.0,79.99,90.0
2021-08,MUN,ES|LINHARES,glp,19,90.0,90.0,95.0,90.0,100.0
2021-08,MUN,ES|SERRA,glp,23,90.0,90.0,94.0,84.99,95.0
2021-08,MUN,ES|VITORIA,glp,9,95.0,85.0,100.6,85.0,103.0
2021-08,MUN,GO|AGUAS LINDAS DE GOIAS,glp,23,86.99,84.99,89.8,81.99,94.0
2021-08,MUN,GO|ANAPOLIS,glp,23,95.0,95.0,101.6,88.0,105.0
2021-08,MUN,GO|APARECIDA DE GOIANIA,glp,20,98.5,94.455,100.0,89.99,100.0
2021-08,MUN,GO|CALDAS NOVAS,glp,5,100.0,100.0,106.5,100.0,107.5
2021-08,MUN,GO|CATALAO,glp,17,98.0,95.0,99.7,95.0,102.0
2021-08,MUN,GO|FORMOSA,glp,15,86.0,82.196,95.0,81.99,97.0
2021-08,MUN,GO|GOIANIA,glp,32,98.0,95.0,100.0,90.0,102.5
2021-08,MUN,GO|ITUMBIARA,glp,6,100.0,97.5,101.25,95.0,102.5
2021-08,MUN,GO|JATAI,glp,3,115.0,115.0,115.0,115.0,115.0
2021-08,MUN,GO|LUZIANIA,glp,10,89.995,87.786,90.7,85.9,97.0
2021-08,MUN,GO|MINEIROS,glp,7,105.0,105.0,105.0,105.0,105.0
2021-08,MUN,GO|MORRINHOS,glp,7,95.0,92.994,95.4,90.0,96.0
2021-08,MUN,GO|RIO VERDE,glp,27,110.0,105.0,115.0,100.0,120.0
2021-08,MUN,GO|TRINDADE,glp,58,95.0,90.0,98.0,84.99,100.0
2021-08,MUN,MA|IMPERATRIZ,glp,28,95.0,90.0,95.0,90.0,95.0
2021-08,MUN,MA|SAO JOSE DE RIBAMAR,glp,9,94.99,94.99,95.39,94.99,96.99
2021-08,MUN,MA|SAO LUIS,glp,24,94.99,94.99,94.99,93.99,96.99
2021-08,MUN,MG|ALFENAS,glp,13,90.0,88.4,99.0,85.0,100.0
2021-08,MUN,MG|ARAGUARI,glp,17,95.0,92.1,100.8,90.0,105.0
2021-08,MUN,MG|ARAXA,glp,12,93.25,92.55,98.8,90.0,100.0
2021-08,MUN,MG|BARBACENA,glp,13,90.0,85.6,94.6,85.0,95.0
2021-08,MUN,MG|BELO HORIZONTE,glp,27,90.0,87.594,105.0,84.99,110.0
2021-08,MUN,MG|BETIM,glp,40,98.0,90.0,101.1,86.0,108.0
2021-08,MUN,MG|BOM DESPACHO,glp,5,96.0,95.0,98.77,95.0,99.95
2021-08,MUN,MG|CAMPO BELO,glp,8,95.0,95.0,97.297,95.0,98.0
2021-08,MUN,MG|CONSELHEIRO LAFAIETE,glp,15,88.0,85.0,94.6,84.99,95.0
2021-08,MUN,MG|CONTAGEM,glp,58,95.0,88.7,100.3,84.99,108.45
2021-08,MUN,MG|DIVINOPOLIS,glp,4,95.0,91.5,95.0,90.0,95.0
2021-08,MUN,MG|FORMIGA,glp,12,95.0,95.0,95.9,90.0,103.0
2021-08,MUN,MG|GOVERNADOR VALADARES,glp,22,100.0,96.65,104.9,95.0,107.0
2021-08,MUN,MG|IBIRITE,glp,1,95.0,95.0,95.0,95.0,95.0
2021-08,MUN,MG|IPATINGA,glp,21,97.0,93.0,102.0,85.0,105.0
2021-08,MUN,MG|ITAUNA,glp,14,94.25,89.0,97.0,85.99,98.0
2021-08,MUN,MG|ITUIUTABA,glp,16,98.0,94.995,99.0,91.0,99.0
2021-08,MUN,MG|JANUARIA,glp,12,114.245,110.0,117.9,110.0,118.0
2021-08,MUN,MG|JOAO MONLEVADE,glp,13,94.0,90.0,95.0,88.0,95.0
2021-08,MUN,MG|JOAO PINHEIRO,glp,10,108.0,104.9,108.0,104.9,108.0
2021-08,MUN,MG|JUIZ DE FORA,glp,24,90.0,80.9,95.0,79.945,98.0
2021-08,MUN,MG|LAVRAS,glp,14,91.5,86.3,97.55,85.0,98.0
2021-08,MUN,MG|LEOPOLDINA,glp,9,90.0,89.6,92.6,88.0,95.0
2021-08,MUN,MG|MANHUACU,glp,6,95.0,92.45,95.0,90.0,95.0
2021-08,MUN,MG|MONTE CARMELO,glp,16,94.5,90.0,95.0,90.0,97.5
2021-08,MUN,MG|MONTES CLAROS,glp,42,102.0,97.505,107.0,90.0,110.0
2021-08,MUN,MG|MURIAE,glp,10,93.998,92.05,100.0,88.0,100.0
2021-08,MUN,MG|OLIVEIRA,glp,4,99.0,96.2,99.7,95.0,100.0
2021-08,MUN,MG|PARACATU,glp,14,95.0,93.0,96.75,89.99,100.0
2021-08,MUN,MG|PASSOS,glp,30,95.0,90.0,100.0,90.0,100.0
2021-08,MUN,MG|PATOS DE MINAS,glp,5,100.0,96.2,108.0,95.0,110.0
2021-08,MUN,MG|PATROCINIO,glp,9,93.0,90.0,98.4,90.0,100.0
2021-08,MUN,MG|POCOS DE CALDAS,glp,15,98.0,97.99,100.0,97.99,100.0
2021-08,MUN,MG|SABARA,glp,1,100.0,100.0,100.0,100.0,100.0
2021-08,MUN,MG|SAO JOAO DEL REI,glp,15,94.0,90.0,95.0,84.99,96.0
2021-08,MUN,MG|SAO SEBASTIAO DO PARAISO,glp,8,87.5,84.4,95.0,83.0,95.0
2021-08,MUN,MG|SETE LAGOAS,glp,13,90.0,85.598,94.98,85.0,95.0
2021-08,MUN,MG|TEOFILO OTONI,glp,15,100.0,97.7,104.2,95.0,105.0
2021-08,MUN,MG|TRES CORACOES,glp,11,82.0,80.0,85.0,80.0,90.0
2021-08,MUN,MG|UBA,glp,13,93.0,90.0,95.0,90.0,100.0
2021-08,MUN,MG|UBERABA,glp,24,90.0,88.0,95.0,79.99,98.0
2021-08,MUN,MG|UBERLANDIA,glp,35,98.0,95.0,101.2,92.0,105.0
2021-08,MUN,MG|UNAI,glp,8,115.0,113.5,115.75,110.0,117.5
2021-08,MUN,MG|VARGINHA,glp,18,89.945,88.0,90.0,84.0,95.0
2021-08,MUN,MG|VICOSA,glp,3,95.0,90.2,103.0,89.0,105.0
2021-08,MUN,MS|CAMPO GRANDE,glp,92,90.0,83.19,95.0,79.9,100.0
2021-08,MUN,MS|CORUMBA,glp,3,95.0,91.0,95.0,90.0,95.0
2021-08,MUN,MS|DOURADOS,glp,41,95.0,90.0,100.0,88.0,105.0
2021-08,MUN,MS|TRES LAGOAS,glp,17,95.0,94.2,96.9,90.0,99.0
2021-08,MUN,MT|ALTA FLORESTA,glp,18,130.0,123.5,130.0,120.0,130.0
2021-08,MUN,MT|CACERES,glp,9,105.0,103.992,105.2,100.0,106.0
2021-08,MUN,MT|CUIABA,glp,49,110.0,98.0,120.0,97.0,120.0
2021-08,MUN,MT|RONDONOPOLIS,glp,27,115.0,110.0,120.0,99.0,125.0
2021-08,MUN,MT|SINOP,glp,27,125.0,120.0,126.0,120.0,130.0
2021-08,MUN,MT|SORRISO,glp,14,127.5,125.0,130.0,120.0,130.0
2021-08,MUN,MT|VARZEA GRANDE,glp,10,115.0,100.0,115.0,100.0,115.0
2021-08,MUN,PA|ABAETETUBA,glp,9,93.0,90.6,95.8,89.0,99.0
2021-08,MUN,PA|ALENQUER,glp,5,95.0,87.0,95.0,85.0,95.0
2021-08,MUN,PA|ALTAMIRA,glp,12,115.0,113.2,117.35,101.0,130.0
2021-08,MUN,PA|ANANINDEUA,glp,26,96.25,91.5,102.5,90.0,105.0
2021-08,MUN,PA|BELEM,glp,48,99.99,95.0,104.3,88.0,110.0
2021-08,MUN,PA|CAMETA,glp,10,105.0,103.0,108.0,103.0,108.0
2021-08,MUN,PA|CONCEICAO DO ARAGUAIA,glp,10,108.75,104.75,110.25,102.5,112.5
2021-08,MUN,PA|ITAITUBA,glp,11,110.0,100.0,112.0,100.0,112.0
2021-08,MUN,PA|MARABA,glp,7,106.0,102.4,107.0,100.0,107.0
2021-08,MUN,PB|BAYEUX,glp,5,95.0,93.8,95.0,93.0,95.0
2021-08,MUN,PB|CABEDELO,glp,6,95.0,91.0,103.75,90.0,105.0
2021-08,MUN,PB|CAMPINA GRANDE,glp,34,95.0,90.0,99.7,84.0,100.0
2021-08,MUN,PB|JOAO PESSOA,glp,22,95.0,89.55,98.6,79.99,100.0
2021-08,MUN,PB|SOUSA,glp,6,90.75,88.0,97.5,86.0,100.0
2021-08,MUN,PE|ARARIPINA,glp,3,95.0,95.0,95.0,95.0,95.0
2021-08,MUN,PE|BELO JARDIM,glp,8,86.0,84.7,90.2,84.0,93.0
2021-08,MUN,PE|CABO DE SANTO AGOSTINHO,glp,17,85.0,79.594,90.0,78.0,90.0
2021-08,MUN,PE|CARUARU,glp,8,85.0,82.1,91.8,80.0,96.0
2021-08,MUN,PE|GARANHUNS,glp,9,89.99,89.99,95.0,89.99,95.0
2021-08,MUN,PE|IGARASSU,glp,15,86.0,85.0,87.0,85.0,87.0
2021-08,MUN,PE|JABOATAO DOS GUARARAPES,glp,34,85.0,82.0,88.0,77.5,90.0
2021-08,MUN,PE|LAJEDO,glp,5,85.0,85.0,85.0,85.0,85.0
2021-08,MUN,PE|OLINDA,glp,43,84.99,82.0,90.0,80.0,95.0
2021-08,MUN,PE|PAULISTA,glp,26,85.995,84.995,91.5,82.99,95.0
2021-08,MUN,PE|PETROLINA,glp,26,88.0,85.0,90.0,80.0,90.0
2021-08,MUN,PE|RECIFE,glp,68,85.0,81.69,90.0,78.0,95.0
2021-08,MUN,PE|SANTA CRUZ DO CAPIBARIBE,glp,5,100.0,100.0,100.0,100.0,100.0
2021-08,MUN,PE|VITORIA DE SANTO ANTAO,glp,10,80.0,77.891,82.0,77.0,82.0
2021-08,MUN,PI|PARNAIBA,glp,3,105.0,101.0,109.0,100.0,110.0
2021-08,MUN,PI|TERESINA,glp,60,99.0,94.99,99.99,93.0,110.0
2021-08,MUN,PR|APUCARANA,glp,16,100.0,99.945,104.99,99.9,105.0
2021-08,MUN,PR|ARAPONGAS,glp,20,93.5,92.6,95.25,89.9,100.0
2021-08,MUN,PR|ARAUCARIA,glp,16,90.0,89.5,95.0,87.0,99.0
2021-08,MUN,PR|CAMBE,glp,20,100.0,95.0,105.0,95.0,107.5
2021-08,MUN,PR|CAMPO MOURAO,glp,13,105.0,100.8,105.0,100.0,105.0
2021-08,MUN,PR|CASCAVEL,glp,21,94.0,93.0,98.0,89.0,105.0
2021-08,MUN,PR|CASTRO,glp,7,90.0,87.76,98.0,87.4,98.0
2021-08,MUN,PR|CIANORTE,glp,7,100.0,99.54,107.0,99.0,110.0
2021-08,MUN,PR|COLOMBO,glp,22,90.0,88.55,90.95,86.9,93.5
2021-08,MUN,PR|CORNELIO PROCOPIO,glp,4,105.0,101.5,108.5,100.0,110.0
2021-08,MUN,PR|CURITIBA,glp,40,91.0,87.7,97.0,83.9,97.5
2021-08,MUN,PR|FOZ DO IGUACU,glp,20,110.0,105.0,110.5,105.0,118.0
2021-08,MUN,PR|FRANCISCO BELTRAO,glp,2,110.0,110.0,110.0,110.0,110.0
2021-08,MUN,PR|GUARAPUAVA,glp,10,98.0,96.81,100.0,96.0,100.0
2021-08,MUN,PR|LONDRINA,glp,67,94.99,88.0,99.4,82.0,106.0
2021-08,MUN,PR|MARINGA,glp,46,102.5,96.495,107.0,90.0,110.0
2021-08,MUN,PR|PARANAGUA,glp,14,85.0,79.3,87.693,77.0,90.0
2021-08,MUN,PR|PARANAVAI,glp,25,102.0,99.0,105.0,95.0,108.0
2021-08,MUN,PR|PINHAIS,glp,20,90.0,87.7,92.3,84.9,98.0
2021-08,MUN,PR|PONTA GROSSA,glp,30,92.75,85.0,98.1,83.9,100.0
2021-08,MUN,PR|SANTO ANTONIO DA PLATINA,glp,6,95.75,94.0,98.0,93.0,98.0
2021-08,MUN,PR|SAO JOSE DOS PINHAIS,glp,14,90.0,88.93,94.45,85.0,99.0
2021-08,MUN,PR|TOLEDO,glp,29,95.0,89.972,102.2,88.9,106.5
2021-08,MUN,PR|UMUARAMA,glp,14,100.0,98.6,105.0,98.0,105.0
2021-08,MUN,PR|UNIAO DA VITORIA,glp,5,100.0,97.0,103.0,95.0,105.0
2021-08,MUN,RJ|ANGRA DOS REIS,glp,8,98.975,98.78,99.962,98.5,99.99
2021-08,MUN,RJ|ARARUAMA,glp,11,77.99,74.99,78.99,71.0,79.99
2021-08,MUN,RJ|BARRA MANSA,glp,8,88.5,87.335,94.043,85.9,96.5
2021-08,MUN,RJ|BELFORD ROXO,glp,9,81.99,80.0,85.1,80.0,85.5
2021-08,MUN,RJ|CABO FRIO,glp,8,78.495,76.49,79.644,76.49,79.99
2021-08,MUN,RJ|CAMPOS DOS GOYTACAZES,glp,19,85.0,81.6,85.4,79.99,87.0
2021-08,MUN,RJ|DUQUE DE CAXIAS,glp,33,82.0,77.0,82.99,76.99,88.0
2021-08,MUN,RJ|ITAPERUNA,glp,8,93.75,85.0,95.0,85.0,95.0
2021-08,MUN,RJ|MAGE,glp,9,80.0,76.998,84.992,76.99,85.0
2021-08,MUN,RJ|MARICA,glp,6,79.99,73.99,83.995,70.99,85.0
2021-08,MUN,RJ|NILOPOLIS,glp,11,85.0,80.0,85.0,80.0,85.0
2021-08,MUN,RJ|NITEROI,glp,10,78.99,76.691,82.0,74.0,82.0
2021-08,MUN,RJ|NOVA FRIBURGO,glp,11,102.0,102.0,103.0,102.0,103.0
2021-08,MUN,RJ|NOVA IGUACU,glp,25,80.0,77.396,90.0,76.49,90.0
2021-08,MUN,RJ|PETROPOLIS,glp,12,86.45,84.55,89.791,79.99,89.99
2021-08,MUN,RJ|RESENDE,glp,6,91.75,79.985,99.0,79.98,100.0
2021-08,MUN,RJ|RIO BONITO,glp,6,74.495,71.745,77.99,70.0,79.99
2021-08,MUN,RJ|RIO DE JANEIRO,glp,51,87.0,79.99,90.0,77.0,90.0
2021-08,MUN,RJ|SAO FRANCISCO DE ITABAPOANA,glp,4,90.0,90.0,93.5,90.0,95.0
2021-08,MUN,RJ|SAO GONCALO,glp,16,80.495,79.99,84.5,79.99,89.0
2021-08,MUN,RJ|SAO JOAO DE MERITI,glp,15,83.0,78.79,87.8,77.0,92.99
2021-08,MUN,RJ|SAQUAREMA,glp,10,74.0,70.8,81.391,69.0,85.0
2021-08,MUN,RJ|TERESOPOLIS,glp,7,92.45,89.6,95.36,89.0,95.9
2021-08,MUN,RJ|TRES RIOS,glp,4,94.99,94.99,98.497,94.99,100.0
2021-08,MUN,RJ|VALENCA,glp,9,86.9,84.6,87.6,83.0,90.0
2021-08,MUN,RJ|VOLTA REDONDA,glp,9,88.9,85.7,91.9,84.9,91.9
2021-08,MUN,RN|MOSSORO,glp,10,95.0,94.75,100.0,92.5,100.0
2021-08,MUN,RN|NATAL,glp,24,100.0,92.9,105.0,89.0,105.9
2021-08,MUN,RN|PARNAMIRIM,glp,24,100.0,96.896,100.0,95.99,105.0
2021-08,MUN,RO|ARIQUEMES,glp,8,113.0,111.4,116.5,110.0,120.0
2021-08,MUN,RO|CACOAL,glp,6,117.25,115.0,121.0,115.0,122.0
2021-08,MUN,RO|PIMENTA BUENO,glp,4,121.0,120.3,121.0,120.0,121.0
2021-08,MUN,RO|PORTO VELHO,glp,36,105.0,97.995,110.0,95.0,120.0
2021-08,MUN,RO|VILHENA,glp,8,120.0,117.7,120.3,117.0,121.0
2021-08,MUN,RR|BOA VISTA,glp,95,110.0,105.0,112.0,103.0,115.0
2021-08,MUN,RS|ALEGRETE,glp,10,91.0,88.0,92.0,88.0,92.0
2021-08,MUN,RS|ALVORADA,glp,7,89.0,82.996,93.0,79.99,93.0
2021-08,MUN,RS|BAGE,glp,26,94.75,90.0,95.0,90.0,96.0
2021-08,MUN,RS|BENTO GONCALVES,glp,6,95.7,82.5,101.0,75.0,102.0
2021-08,MUN,RS|CACHOEIRA DO SUL,glp,7,93.0,90.0,96.2,90.0,98.0
2021-08,MUN,RS|CACHOEIRINHA,glp,6,91.5,86.95,97.45,85.9,99.9
2021-08,MUN,RS|CANOAS,glp,15,88.0,84.2,94.0,82.0,94.0
2021-08,MUN,RS|CAXIAS DO SUL,glp,56,95.5,89.95,99.935,84.99,105.0
2021-08,MUN,RS|CRUZ ALTA,glp,4,85.9,73.017,85.9,67.495,85.9
2021-08,MUN,RS|ERECHIM,glp,18,104.0,99.4,108.6,90.0,112.5
2021-08,MUN,RS|ESTEIO,glp,12,89.0,85.0,96.95,82.0,100.0
2021-08,MUN,RS|GRAVATAI,glp,9,86.99,85.0,89.92,85.0,90.0
2021-08,MUN,RS|GUAIBA,glp,6,90.0,89.95,95.0,89.9,100.0
2021-08,MUN,RS|IJUI,glp,6,91.0,84.75,100.0,84.5,103.0
2021-08,MUN,RS|LAJEADO,glp,7,95.0,92.6,98.8,89.0,100.0
2021-08,MUN,RS|NOVO HAMBURGO,glp,12,88.0,84.55,88.9,84.0,89.0
2021-08,MUN,RS|OSORIO,glp,8,89.2,79.997,95.9,79.99,98.0
2021-08,MUN,RS|PASSO FUNDO,glp,3,95.0,93.4,101.4,93.0,103.0
2021-08,MUN,RS|PELOTAS,glp,47,89.0,86.3,94.4,84.0,100.0
2021-08,MUN,RS|PORTO ALEGRE,glp,30,92.5,87.981,95.29,86.99,98.0
2021-08,MUN,RS|RIO GRANDE,glp,11,88.0,87.0,88.0,85.0,93.0
2021-08,MUN,RS|SANTA CRUZ DO SUL,glp,14,95.0,90.9,96.05,90.0,98.0
2021-08,MUN,RS|SANTA MARIA,glp,36,95.0,93.0,100.0,88.0,105.0
2021-08,MUN,RS|SANTA ROSA,glp,8,93.0,90.0,95.2,90.0,98.0
2021-08,MUN,RS|SANTANA DO LIVRAMENTO,glp,17,95.0,90.0,98.0,85.0,98.0
2021-08,MUN,RS|SANTO ANGELO,glp,4,106.035,105.0,112.621,105.0,115.0
2021-08,MUN,RS|SAO GABRIEL,glp,11,90.0,89.95,93.0,89.0,104.5
2021-08,MUN,RS|SAO LEOPOLDO,glp,8,84.45,81.997,89.3,81.99,90.0
2021-08,MUN,RS|SAO LUIZ GONZAGA,glp,10,91.0,89.899,94.1,88.99,95.0
2021-08,MUN,RS|SAPIRANGA,glp,5,95.0,92.0,98.8,90.0,100.0
2021-08,MUN,RS|SAPUCAIA DO SUL,glp,19,87.0,83.4,92.0,82.0,96.0
2021-08,MUN,RS|TORRES,glp,7,90.0,87.954,96.388,84.9,100.0
2021-08,MUN,RS|VACARIA,glp,7,93.0,89.6,98.0,89.0,98.0
2021-08,MUN,RS|VIAMAO,glp,14,90.25,88.23,95.7,85.99,96.0
2021-08,MUN,SC|ARARANGUA,glp,2,94.0,93.2,94.8,93.0,95.0
2021-08,MUN,SC|BIGUACU,glp,3,100.0,100.0,101.6,100.0,102.0
2021-08,MUN,SC|BLUMENAU,glp,8,110.0,110.0,110.0,110.0,110.0
2021-08,MUN,SC|BRUSQUE,glp,6,105.5,105.0,107.5,105.0,108.0
2021-08,MUN,SC|CACADOR,glp,6,105.0,102.5,110.0,100.0,110.0
2021-08,MUN,SC|CHAPECO,glp,6,105.0,100.0,110.0,100.0,110.0
2021-08,MUN,SC|CONCORDIA,glp,7,97.5,95.0,102.0,95.0,105.0
2021-08,MUN,SC|CRICIUMA,glp,1,96.0,96.0,96.0,96.0,96.0
2021-08,MUN,SC|FLORIANOPOLIS,glp,2,101.992,101.99,101.994,101.99,101.995
2021-08,MUN,SC|JARAGUA DO SUL,glp,7,91.9,91.9,96.99,91.9,96.99
2021-08,MUN,SC|LAGES,glp,16,95.0,93.5,97.0,92.0,98.0
2021-08,MUN,SC|LAGUNA,glp,4,89.0,86.947,93.5,86.495,95.0
2021-08,MUN,SC|MAFRA,glp,9,95.0,95.0,103.1,95.0,103.5
2021-08,MUN,SC|PALHOCA,glp,2,101.5,100.3,102.7,100.0,103.0
2021-08,MUN,SC|SAO JOSE,glp,1,102.0,102.0,102.0,102.0,102.0
2021-08,MUN,SC|TUBARAO,glp,1,93.0,93.0,93.0,93.0,93.0
2021-08,MUN,SC|XANXERE,glp,3,95.0,95.0,98.2,95.0,99.0
2021-08,MUN,SE|ARACAJU,glp,22,89.9,85.09,94.5,83.0,97.0
2021-08,MUN,SE|NOSSA SENHORA DO SOCORRO,glp,1,89.9,89.9,89.9,89.9,89.9
2021-08,MUN,SP|ADAMANTINA,glp,7,95.0,88.0,95.0,85.0,95.0
2021-08,MUN,SP|AMERICANA,glp,18,90.0,84.99,96.5,84.99,100.0
2021-08,MUN,SP|AMPARO,glp,6,97.25,92.5,100.0,90.0,100.0
2021-08,MUN,SP|ARACATUBA,glp,33,85.495,82.99,89.3,75.0,90.0
2021-08,MUN,SP|ARARAQUARA,glp,17,100.0,99.99,105.0,96.0,110.0
2021-08,MUN,SP|ARARAS,glp,7,94.9,92.94,95.34,90.0,96.0
2021-08,MUN,SP|ASSIS,glp,9,90.0,87.6,95.18,86.0,95.9
2021-08,MUN,SP|ATIBAIA,glp,17,94.0,88.6,100.0,83.99,103.0
2021-08,MUN,SP|AVARE,glp,8,94.995,91.677,95.0,89.99,95.0
2021-08,MUN,SP|BARRETOS,glp,4,99.995,92.39,102.0,89.99,102.0
2021-08,MUN,SP|BARUERI,glp,37,90.0,87.594,95.0,83.5,100.0
2021-08,MUN,SP|BAURU,glp,19,94.99,89.72,95.0,85.0,96.0
2021-08,MUN,SP|BEBEDOURO,glp,11,100.0,95.0,105.0,95.0,105.0
2021-08,MUN,SP|BIRIGUI,glp,30,92.0,89.65,95.0,84.9,95.0
2021-08,MUN,SP|BOTUCATU,glp,24,90.0,88.0,91.95,88.0,93.0
2021-08,MUN,SP|BRAGANCA PAULISTA,glp,13,98.0,89.992,99.9,84.99,99.99
2021-08,MUN,SP|CACAPAVA,glp,5,99.0,98.99,110.594,98.99,114.99
2021-08,MUN,SP|CAMPINAS,glp,11,89.99,89.99,90.0,89.99,94.99
2021-08,MUN,SP|CARAGUATATUBA,glp,3,85.0,84.992,89.0,84.99,90.0
2021-08,MUN,SP|CARAPICUIBA,glp,34,90.0,84.99,94.99,79.99,98.0
2021-08,MUN,SP|CATANDUVA,glp,10,91.5,87.99,96.3,87.99,99.0
2021-08,MUN,SP|COSMOPOLIS,glp,5,85.0,84.99,89.996,84.99,90.0
2021-08,MUN,SP|COTIA,glp,16,95.0,88.435,102.495,86.99,110.0
2021-08,MUN,SP|CRUZEIRO,glp,8,84.995,82.097,88.3,79.99,89.0
2021-08,MUN,SP|CUBATAO,glp,7,98.0,91.8,102.0,90.0,105.0
2021-08,MUN,SP|DIADEMA,glp,34,91.49,89.297,95.0,88.99,100.0
2021-08,MUN,SP|DRACENA,glp,4,95.0,90.8,97.1,89.0,98.0
2021-08,MUN,SP|EMBU DAS ARTES,glp,6,92.492,89.945,103.195,89.9,111.4
2021-08,MUN,SP|FRANCA,glp,35,93.0,89.99,98.96,84.99,102.0
2021-08,MUN,SP|GUARATINGUETA,glp,13,85.0,84.1,89.4,84.0,90.0
2021-08,MUN,SP|GUARUJA,glp,9,92.5,88.992,97.59,85.0,99.99
2021-08,MUN,SP|GUARULHOS,glp,19,92.99,89.99,98.0,89.99,98.0
2021-08,MUN,SP|HORTOLANDIA,glp,9,93.0,86.598,100.0,84.99,100.0
2021-08,MUN,SP|IBITINGA,glp,6,100.0,96.5,101.0,95.0,101.0
2021-08,MUN,SP|INDAIATUBA,glp,17,95.0,90.0,98.0,88.0,98.0
2021-08,MUN,SP|ITANHAEM,glp,4,100.0,100.0,100.0,100.0,100.0
2021-08,MUN,SP|ITAPECERICA DA SERRA,glp,6,89.99,88.995,90.495,88.0,90.99
2021-08,MUN,SP|ITAPETININGA,glp,1,90.0,90.0,90.0,90.0,90.0
2021-08,MUN,SP|ITAPEVA,glp,4,99.0,98.3,103.214,98.0,105.02
2021-08,MUN,SP|ITAPIRA,glp,3,90.0,89.992,90.0,89.99,90.0
2021-08,MUN,SP|ITAPOLIS,glp,9,94.5,89.8,98.2,89.0,99.0
2021-08,MUN,SP|ITAQUAQUECETUBA,glp,14,89.995,89.99,92.99,89.99,92.99
2021-08,MUN,SP|ITATIBA,glp,9,92.0,89.98,92.0,89.9,92.0
2021-08,MUN,SP|ITU,glp,9,92.0,89.998,95.0,89.99,95.0
2021-08,MUN,SP|JABOTICABAL,glp,4,89.4,88.27,89.97,88.0,90.0
2021-08,MUN,SP|JACAREI,glp,9,89.995,84.5,97.0,82.5,97.0
2021-08,MUN,SP|JALES,glp,14,85.0,83.292,88.0,80.0,90.0
2021-08,MUN,SP|JAU,glp,12,97.375,95.5,98.0,93.0,100.0
2021-08,MUN,SP|JOSE BONIFACIO,glp,8,92.25,88.8,95.9,86.0,98.0
2021-08,MUN,SP|JUNDIAI,glp,13,95.0,92.2,98.8,87.99,100.0
2021-08,MUN,SP|LEME,glp,10,95.0,95.0,96.3,95.0,99.0
2021-08,MUN,SP|LIMEIRA,glp,14,90.0,85.0,93.4,85.0,100.0
2021-08,MUN,SP|LINS,glp,12,90.0,89.909,100.0,85.0,100.0
2021-08,MUN,SP|LORENA,glp,12,83.995,79.991,88.0,78.0,89.9
2021-08,MUN,SP|MARILIA,glp,6,101.0,99.0,103.0,98.0,103.0
2021-08,MUN,SP|MATAO,glp,8,90.0,89.99,100.9,89.99,110.0
2021-08,MUN,SP|MAUA,glp,47,92.0,89.99,97.994,89.0,98.0
2021-08,MUN,SP|MIRASSOL,glp,12,90.0,88.1,94.691,85.0,95.0
2021-08,MUN,SP|MOCOCA,glp,5,93.5,90.6,95.0,89.0,95.0
2021-08,MUN,SP|MOGI DAS CRUZES,glp,33,90.0,87.992,95.0,84.99,97.0
2021-08,MUN,SP|MOGI GUACU,glp,11,88.0,84.99,90.0,84.99,90.0
2021-08,MUN,SP|MOGI MIRIM,glp,8,85.0,82.89,88.59,77.99,89.99
2021-08,MUN,SP|MONTE ALTO,glp,8,95.0,90.0,97.45,90.0,98.5
2021-08,MUN,SP|OLIMPIA,glp,6,80.0,80.0,83.5,80.0,85.0
2021-08,MUN,SP|OSASCO,glp,52,95.99,90.199,98.0,89.99,105.0
2021-08,MUN,SP|OURINHOS,glp,19,90.0,88.0,93.2,87.0,95.0
2021-08,MUN,SP|PARAGUACU PAULISTA,glp,14,103.0,95.0,104.4,90.0,105.0
2021-08,MUN,SP|PAULINIA,glp,9,89.995,84.99,90.0,84.99,90.0
2021-08,MUN,SP|PINDAMONHANGABA,glp,6,90.0,87.995,93.0,87.99,93.0
2021-08,MUN,SP|PIRACICABA,glp,17,89.99,84.99,98.0,84.99,99.0
2021-08,MUN,SP|PIRASSUNUNGA,glp,2,85.5,83.5,87.5,83.0,88.0
2021-08,MUN,SP|POA,glp,8,89.995,83.99,93.6,83.99,95.0
2021-08,MUN,SP|PORTO FERREIRA,glp,2,90.495,86.099,94.891,85.0,95.99
2021-08,MUN,SP|PRAIA GRANDE,glp,10,92.99,91.79,95.1,89.9,96.0
2021-08,MUN,SP|PRESIDENTE PRUDENTE,glp,4,92.5,90.6,93.0,90.0,93.0
2021-08,MUN,SP|PRESIDENTE VENCESLAU,glp,1,82.0,82.0,82.0,82.0,82.0
2021-08,MUN,SP|RIBEIRAO PIRES,glp,20,91.495,84.9,100.0,84.9,100.0
2021-08,MUN,SP|RIBEIRAO PRETO,glp,56,95.0,89.995,100.0,83.0,105.0
2021-08,MUN,SP|RIO CLARO,glp,5,93.0,90.8,94.2,90.0,95.0
2021-08,MUN,SP|SALTO,glp,16,87.5,82.995,91.725,82.99,96.0
2021-08,MUN,SP|SANTA BARBARA D'OESTE,glp,14,85.0,84.99,90.0,84.99,95.0
2021-08,MUN,SP|SANTA CRUZ DO RIO PARDO,glp,16,95.0,92.25,96.0,90.0,100.0
2021-08,MUN,SP|SANTO ANDRE,glp,45,92.0,85.396,96.294,82.99,99.99
2021-08,MUN,SP|SANTOS,glp,18,98.5,89.39,105.0,86.99,105.0
2021-08,MUN,SP|SAO BERNARDO DO CAMPO,glp,34,92.995,89.958,100.0,87.9,105.0
2021-08,MUN,SP|SAO CAETANO DO SUL,glp,6,95.0,92.0,95.995,90.0,96.99
2021-08,MUN,SP|SAO CARLOS,glp,17,96.0,92.3,105.0,89.99,110.0
2021-08,MUN,SP|SAO JOAO DA BOA VISTA,glp,12,95.0,95.0,95.0,92.5,95.0
2021-08,MUN,SP|SAO JOSE DO RIO PRETO,glp,21,94.99,89.0,100.0,85.0,107.0
2021-08,MUN,SP|SAO JOSE DOS CAMPOS,glp,18,89.995,81.397,97.993,77.99,99.99
2021-08,MUN,SP|SAO PAULO,glp,102,93.0,85.0,100.0,83.99,103.99
2021-08,MUN,SP|SAO ROQUE,glp,6,92.5,90.995,94.495,89.99,94.99
2021-08,MUN,SP|SAO VICENTE,glp,21,89.9,86.99,94.99,86.99,107.9
2021-08,MUN,SP|SERTAOZINHO,glp,15,95.0,91.0,97.0,90.0,98.0
2021-08,MUN,SP|SOROCABA,glp,18,91.0,89.393,98.297,87.99,100.0
2021-08,MUN,SP|SUMARE,glp,11,90.0,84.99,95.0,84.99,95.0
2021-08,MUN,SP|SUZANO,glp,25,90.99,86.394,96.2,85.0,98.99
2021-08,MUN,SP|TABOAO DA SERRA,glp,6,93.445,88.242,96.49,86.99,97.99
2021-08,MUN,SP|TATUI,glp,9,98.0,97.19,98.0,93.99,98.0
2021-08,MUN,SP|TAUBATE,glp,10,85.5,84.691,92.1,82.0,93.0
2021-08,MUN,SP|TUPA,glp,6,84.5,84.0,87.5,84.0,90.0
2021-08,MUN,SP|UBATUBA,glp,15,94.0,87.0,95.0,85.0,98.0
2021-08,MUN,SP|VALINHOS,glp,6,88.445,82.99,92.995,82.99,97.0
2021-08,MUN,SP|VARZEA PAULISTA,glp,8,90.0,89.393,96.59,88.0,97.99
2021-08,MUN,SP|VINHEDO,glp,4,96.445,91.097,96.97,89.0,97.0
2021-08,MUN,SP|VOTORANTIM,glp,18,91.5,89.997,95.0,89.99,96.0
2021-08,MUN,SP|VOTUPORANGA,glp,12,87.0,85.0,89.99,85.0,90.0
2021-08,MUN,TO|ARAGUAINA,glp,22,106.25,100.0,110.0,100.0,115.0
2021-08,MUN,TO|GURUPI,glp,44,105.0,105.0,110.0,98.0,110.0
2021-08,MUN,TO|PALMAS,glp,26,97.5,90.0,108.25,90.0,115.0
2021-08,MUN,TO|PARAISO DO TOCANTINS,glp,8,100.0,93.5,110.0,90.0,110.0
2021-08,MUN,TO|PORTO NACIONAL,glp,14,106.25,100.0,109.265,100.0,115.0
2021-08,UF,AC,glp,57,110.0,105.6,115.4,100.0,118.0
2021-08,UF,AL,glp,22,90.0,85.0,95.0,80.0,95.0
2021-08,UF,AM,glp,69,99.0,95.0,105.0,90.0,116.0
2021-08,UF,AP,glp,13,110.0,106.0,113.8,100.0,115.0
2021-08,UF,BA,glp,189,87.0,80.0,92.0,74.0,101.0
2021-08,UF,CE,glp,135,99.0,90.0,103.0,82.0,110.0
2021-08,UF,DF,glp,43,88.0,84.99,93.992,82.99,99.99
2021-08,UF,ES,glp,67,90.0,84.996,95.0,79.99,103.0
2021-08,UF,GO,glp,253,95.0,87.099,105.0,81.99,120.0
2021-08,UF,MA,glp,61,94.99,90.0,95.0,90.0,96.99
2021-08,UF,MG,glp,695,95.0,88.0,103.0,79.945,118.0
2021-08,UF,MS,glp,153,91.5,85.0,98.0,79.9,105.0
2021-08,UF,MT,glp,154,115.0,100.0,130.0,97.0,130.0
2021-08,UF,PA,glp,138,100.0,95.0,112.0,85.0,130.0
2021-08,UF,PB,glp,73,95.0,90.0,100.0,79.99,105.0
2021-08,UF,PE,glp,277,85.0,81.993,90.0,77.0,100.0
2021-08,UF,PI,glp,63,99.99,94.99,99.99,93.0,110.0
2021-08,UF,PR,glp,488,95.0,88.35,105.0,77.0,118.0
2021-08,UF,RJ,glp,325,84.0,77.0,94.99,69.0,103.0
2021-08,UF,RN,glp,58,100.0,95.0,105.0,89.0,105.9
2021-08,UF,RO,glp,62,110.0,99.1,120.0,95.0,122.0
2021-08,UF,RR,glp,95,110.0,105.0,112.0,103.0,115.0
2021-08,UF,RS,glp,466,92.0,85.922,99.9,67.495,115.0
2021-08,UF,SC,glp,84,98.0,93.0,110.0,86.495,110.0
2021-08,UF,SE,glp,23,89.9,85.18,94.0,83.0,97.0
2021-08,UF,SP,glp,1556,92.0,85.0,99.0,75.0,114.99
2021-08,UF,TO,glp,114,105.0,95.0,110.0,90.0,115.0
2021-09,BR,BR,glp,5892,98.9,89.99,110.0,74.0,135.0
2021-09,MUN,AC|CRUZEIRO DO SUL,glp,5,120.0,114.4,120.0,112.0,120.0
2021-09,MUN,AC|RIO BRANCO,glp,46,110.25,108.0,116.0,105.0,120.0
2021-09,MUN,AL|ARAPIRACA,glp,12,95.0,87.46,98.0,85.0,105.0
2021-09,MUN,AL|DELMIRO GOUVEIA,glp,3,95.0,95.0,99.0,95.0,100.0
2021-09,MUN,AL|MACEIO,glp,11,95.0,90.0,95.0,86.99,96.5
2021-09,MUN,AM|ITACOATIARA,glp,10,108.0,106.35,109.1,105.0,110.0
2021-09,MUN,AM|MANAUS,glp,50,100.0,95.0,103.55,93.5,105.0
2021-09,MUN,AM|TEFE,glp,6,118.0,115.0,120.0,115.0,120.0
2021-09,MUN,AP|MACAPA,glp,14,107.25,102.5,116.4,100.0,119.0
2021-09,MUN,BA|BARREIRAS,glp,8,105.0,105.0,110.0,105.0,110.0
2021-09,MUN,BA|BRUMADO,glp,4,94.5,88.4,95.0,86.0,95.0
2021-09,MUN,BA|CAMACARI,glp,15,95.0,88.0,99.2,87.0,100.0
2021-09,MUN,BA|EUNAPOLIS,glp,15,86.995,85.0,90.0,85.0,90.0
2021-09,MUN,BA|FEIRA DE SANTANA,glp,12,87.25,83.991,92.6,81.0,94.0
2021-09,MUN,BA|GUANAMBI,glp,15,92.5,90.98,95.0,85.0,95.0
2021-09,MUN,BA|ILHEUS,glp,6,101.0,99.0,106.0,98.0,110.0
2021-09,MUN,BA|IRECE,glp,3,88.0,86.4,88.8,86.0,89.0
2021-09,MUN,BA|ITABUNA,glp,10,95.0,89.85,100.2,88.5,102.0
2021-09,MUN,BA|JEQUIE,glp,6,84.5,80.0,86.5,80.0,87.0
2021-09,MUN,BA|JUAZEIRO,glp,6,92.5,89.5,96.0,89.0,96.0
2021-09,MUN,BA|LAURO DE FREITAS,glp,19,89.995,84.6,95.6,82.0,103.0
2021-09,MUN,BA|LIVRAMENTO DE NOSSA SENHORA,glp,6,95.0,88.75,95.0,87.5,95.0
2021-09,MUN,BA|PAULO AFONSO,glp,7,92.5,82.0,95.8,82.0,97.0
2021-09,MUN,BA|SALVADOR,glp,76,90.0,82.0,95.495,77.99,100.0
2021-09,MUN,BA|SIMOES FILHO,glp,13,90.0,82.592,96.992,80.0,108.0
2021-09,MUN,BA|VITORIA DA CONQUISTA,glp,6,86.5,84.248,92.5,83.495,95.0
2021-09,MUN,CE|AQUIRAZ,glp,1,100.0,100.0,100.0,100.0,100.0
2021-09,MUN,CE|CAUCAIA,glp,17,105.0,90.0,105.0,89.0,105.0
2021-09,MUN,CE|CRATEUS,glp,5,98.0,97.4,110.0,97.0,110.0
2021-09,MUN,CE|CRATO,glp,14,105.0,100.3,105.0,99.0,107.0
2021-09,MUN,CE|FORTALEZA,glp,56,100.0,94.0,105.25,89.0,110.0
2021-09,MUN,CE|ICO,glp,3,105.0,103.8,109.0,103.5,110.0
2021-09,MUN,CE|IGUATU,glp,3,99.0,99.0,102.2,99.0,103.0
2021-09,MUN,CE|ITAPIPOCA,glp,8,98.0,94.7,100.0,94.0,100.0
2021-09,MUN,CE|JUAZEIRO DO NORTE,glp,13,103.0,101.0,105.0,101.0,105.0
2021-09,MUN,CE|LIMOEIRO DO NORTE,glp,6,107.5,101.0,110.0,95.0,110.0
2021-09,MUN,CE|MARACANAU,glp,9,99.99,97.4,104.4,95.0,110.0
2021-09,MUN,CE|QUIXADA,glp,4,96.0,92.55,99.1,91.5,100.0
2021-09,MUN,CE|SOBRAL,glp,4,104.25,102.45,107.1,102.0,108.0
2021-09,MUN,DF|BRASILIA,glp,81,93.99,89.49,95.0,85.0,114.99
2021-09,MUN,ES|ARACRUZ,glp,6,92.745,88.5,97.25,88.0,98.0
2021-09,MUN,ES|CARIACICA,glp,22,85.0,82.099,89.749,80.0,100.0
2021-09,MUN,ES|GUARAPARI,glp,9,90.0,86.8,95.4,86.0,97.0
2021-09,MUN,ES|LINHARES,glp,19,95.0,90.0,101.0,90.0,105.0
2021-09,MUN,ES|SERRA,glp,24,100.0,100.0,100.0,82.99,102.5
2021-09,MUN,ES|VITORIA,glp,7,105.0,91.2,107.0,90.0,110.0
2021-09,MUN,GO|AGUAS LINDAS DE GOIAS,glp,19,92.99,89.99,95.0,88.0,98.0
2021-09,MUN,GO|ANAPOLIS,glp,21,100.0,95.0,105.0,95.0,110.0
2021-09,MUN,GO|APARECIDA DE GOIANIA,glp,21,100.0,99.0,110.0,94.99,110.0
2021-09,MUN,GO|CALDAS NOVAS,glp,4,108.75,105.75,110.0,105.0,110.0
2021-09,MUN,GO|CATALAO,glp,6,99.0,95.5,102.0,95.0,102.0
2021-09,MUN,GO|FORMOSA,glp,15,97.0,90.998,100.0,90.0,103.0
2021-09,MUN,GO|GOIANIA,glp,39,105.0,100.0,108.4,95.0,110.0
2021-09,MUN,GO|ITUMBIARA,glp,12,105.0,100.0,109.8,85.0,110.0
2021-09,MUN,GO|JATAI,glp,7,125.0,125.0,130.0,125.0,130.0
2021-09,MUN,GO|LUZIANIA,glp,9,95.0,94.0,96.792,90.0,98.0
2021-09,MUN,GO|MINEIROS,glp,6,110.0,110.0,110.0,110.0,110.0
2021-09,MUN,GO|MORRINHOS,glp,4,98.245,91.95,99.997,90.0,100.0
2021-09,MUN,GO|RIO VERDE,glp,29,110.0,110.0,115.2,105.0,117.0
2021-09,MUN,GO|TRINDADE,glp,58,98.0,95.0,100.0,87.495,101.89
2021-09,MUN,GO|VALPARAISO DE GOIAS,glp,16,91.0,89.99,95.99,89.98,105.0
2021-09,MUN,MA|IMPERATRIZ,glp,28,97.5,95.0,100.0,92.5,100.0
2021-09,MUN,MA|SAO JOSE DE RIBAMAR,glp,8,99.99,99.99,99.99,99.99,99.99
2021-09,MUN,MA|SAO LUIS,glp,22,99.99,99.99,99.99,94.99,101.99
2021-09,MUN,MG|ALFENAS,glp,13,95.0,90.5,100.0,89.995,100.0
2021-09,MUN,MG|ARAGUARI,glp,15,100.0,96.2,106.6,95.0,110.0
2021-09,MUN,MG|ARAXA,glp,10,99.5,98.0,102.3,98.0,105.0
2021-09,MUN,MG|BARBACENA,glp,14,95.0,90.0,98.693,90.0,99.0
2021-09,MUN,MG|BELO HORIZONTE,glp,29,98.0,94.592,109.2,90.99,110.0
2021-09,MUN,MG|BETIM,glp,33,100.0,94.992,105.0,88.0,110.0
2021-09,MUN,MG|BOM DESPACHO,glp,5,100.0,100.0,103.0,100.0,105.0
2021-09,MUN,MG|CAMPO BELO,glp,8,99.99,98.444,99.99,95.99,99.99
2021-09,MUN,MG|CONSELHEIRO LAFAIETE,glp,14,92.25,88.247,99.7,80.0,107.5
2021-09,MUN,MG|CONTAGEM,glp,41,100.0,95.0,109.0,92.0,112.0
2021-09,MUN,MG|DIVINOPOLIS,glp,7,100.0,95.0,100.0,95.0,100.0
2021-09,MUN,MG|FORMIGA,glp,14,100.5,97.65,103.0,97.0,105.0
2021-09,MUN,MG|GOVERNADOR VALADARES,glp,28,110.0,99.4,110.0,96.0,115.0
2021-09,MUN,MG|IBIRITE,glp,1,98.0,98.0,98.0,98.0,98.0
2021-09,MUN,MG|IPATINGA,glp,21,104.0,95.0,107.0,85.0,110.0
2021-09,MUN,MG|ITAUNA,glp,15,100.0,93.8,105.0,91.99,105.0
2021-09,MUN,MG|ITUIUTABA,glp,18,100.75,95.35,102.15,90.0,102.5
2021-09,MUN,MG|JANUARIA,glp,17,119.0,113.8,122.4,112.0,123.0
2021-09,MUN,MG|JOAO MONLEVADE,glp,9,95.0,94.8,100.2,94.0,105.0
2021-09,MUN,MG|JOAO PINHEIRO,glp,10,113.0,107.9,113.0,107.9,113.0
2021-09,MUN,MG|JUIZ DE FORA,glp,23,95.0,89.99,99.52,84.99,110.0
2021-09,MUN,MG|LAVRAS,glp,12,95.0,90.2,104.3,89.0,106.0
2021-09,MUN,MG|LEOPOLDINA,glp,6,97.25,94.5,98.5,94.0,99.0
2021-09,MUN,MG|MANHUACU,glp,6,99.95,95.0,105.0,95.0,105.0
2021-09,MUN,MG|MONTE CARMELO,glp,15,100.0,96.7,100.0,96.0,100.0
2021-09,MUN,MG|MONTES CLAROS,glp,44,105.0,101.3,110.0,99.0,115.0
2021-09,MUN,MG|MURIAE,glp,11,97.99,95.0,105.0,95.0,105.0
2021-09,MUN,MG|OLIVEIRA,glp,4,99.5,97.95,100.0,97.5,100.0
2021-09,MUN,MG|PARA DE MINAS,glp,7,102.0,97.8,107.4,96.0,109.5
2021-09,MUN,MG|PARACATU,glp,10,105.0,104.25,105.0,97.5,105.0
2021-09,MUN,MG|PASSOS,glp,30,100.0,97.95,105.25,95.0,110.0
2021-09,MUN,MG|PATOS DE MINAS,glp,11,105.0,100.0,110.0,100.0,110.0
2021-09,MUN,MG|PATROCINIO,glp,8,98.0,93.5,101.95,90.0,106.5
2021-09,MUN,MG|POCOS DE CALDAS,glp,17,102.995,101.7,105.0,100.0,105.0
2021-09,MUN,MG|POUSO ALEGRE,glp,4,95.0,91.5,98.5,90.0,100.0
2021-09,MUN,MG|SAO JOAO DEL REI,glp,15,98.0,95.0,103.8,89.99,105.0
2021-09,MUN,MG|SAO SEBASTIAO DO PARAISO,glp,13,95.0,90.0,100.0,85.0,105.0
2021-09,MUN,MG|SETE LAGOAS,glp,11,95.0,88.0,99.9,88.0,101.0
2021-09,MUN,MG|TEOFILO OTONI,glp,19,100.0,97.4,105.0,95.0,105.0
2021-09,MUN,MG|TRES CORACOES,glp,12,88.0,85.0,94.5,83.5,95.0
2021-09,MUN,MG|UBA,glp,16,100.0,98.5,106.5,93.0,110.0
2021-09,MUN,MG|UBERABA,glp,24,100.0,95.0,105.0,90.0,105.0
2021-09,MUN,MG|UBERLANDIA,glp,44,100.0,98.0,108.5,97.0,120.0
2021-09,MUN,MG|UNAI,glp,8,120.0,117.05,120.0,116.0,120.0
2021-09,MUN,MG|VARGINHA,glp,15,95.0,90.0,95.0,90.0,96.5
2021-09,MUN,MG|VICOSA,glp,3,100.0,96.8,108.0,96.0,110.0
2021-09,MUN,MS|CAMPO GRANDE,glp,105,95.0,88.0,99.96,84.9,110.0
2021-09,MUN,MS|CORUMBA,glp,1,100.0,100.0,100.0,100.0,100.0
2021-09,MUN,MS|DOURADOS,glp,32,103.0,95.15,105.9,91.0,110.0
2021-09,MUN,MS|PONTA PORA,glp,2,92.5,90.5,94.5,90.0,95.0
2021-09,MUN,MS|TRES LAGOAS,glp,16,100.0,96.25,100.0,95.0,100.0
2021-09,MUN,MT|ALTA FLORESTA,glp,17,130.0,125.0,130.0,120.0,135.0
2021-09,MUN,MT|CACERES,glp,11,105.0,105.0,110.0,97.5,112.5
2021-09,MUN,MT|CUIABA,glp,47,120.0,100.0,122.5,97.995,125.0
2021-09,MUN,MT|RONDONOPOLIS,glp,18,120.0,115.0,126.5,110.0,130.0
2021-09,MUN,MT|SINOP,glp,25,127.5,121.0,130.0,120.0,135.0
2021-09,MUN,MT|SORRISO,glp,17,127.5,125.0,130.0,125.0,130.0
2021-09,MUN,MT|VARZEA GRANDE,glp,12,120.0,110.5,120.0,105.0,122.5
2021-09,MUN,PA|ABAETETUBA,glp,7,93.5,93.0,96.0,93.0,97.5
2021-09,MUN,PA|ALENQUER,glp,4,95.0,91.5,95.0,90.0,95.0
2021-09,MUN,PA|ALTAMIRA,glp,11,117.5,115.0,120.0,101.0,120.0
2021-09,MUN,PA|ANANINDEUA,glp,27,100.0,95.0,105.6,90.0,110.0
2021-09,MUN,PA|BELEM,glp,47,104.0,99.99,109.693,98.0,115.0
2021-09,MUN,PA|BRAGANCA,glp,9,105.0,102.2,105.0,99.0,105.0
2021-09,MUN,PA|CAMETA,glp,8,107.25,104.7,108.3,104.0,109.0
2021-09,MUN,PA|CONCEICAO DO ARAGUAIA,glp,11,110.0,95.0,110.0,95.0,110.0
2021-09,MUN,PA|ITAITUBA,glp,12,111.0,105.0,115.0,100.0,118.0
2021-09,MUN,PA|MARABA,glp,7,108.0,107.3,112.0,107.0,112.0
2021-09,MUN,PA|REDENCAO,glp,10,120.0,114.5,120.0,110.0,120.0
2021-09,MUN,PA|SANTAREM,glp,51,96.0,91.0,100.0,80.0,100.0
2021-09,MUN,PB|BAYEUX,glp,5,102.0,97.0,102.0,95.0,102.0
2021-09,MUN,PB|CABEDELO,glp,7,98.0,96.9,109.4,96.0,110.0
2021-09,MUN,PB|CAMPINA GRANDE,glp,32,100.0,95.0,100.0,90.5,105.0
2021-09,MUN,PB|JOAO PESSOA,glp,24,100.0,91.65,105.0,87.99,110.0
2021-09,MUN,PB|SOUSA,glp,5,100.0,95.2,105.0,92.0,105.0
2021-09,MUN,PE|ARARIPINA,glp,3,100.0,100.0,100.0,100.0,100.0
2021-09,MUN,PE|ARCOVERDE,glp,5,93.0,89.396,95.0,89.0,95.0
2021-09,MUN,PE|BELO JARDIM,glp,8,91.5,87.1,96.5,85.0,100.0
2021-09,MUN,PE|CABO DE SANTO AGOSTINHO,glp,13,90.0,89.992,92.9,86.0,105.0
2021-09,MUN,PE|CARUARU,glp,8,90.0,88.8,96.497,86.0,99.99
2021-09,MUN,PE|GARANHUNS,glp,8,97.5,94.997,100.0,94.99,100.0
2021-09,MUN,PE|GOIANA,glp,5,91.995,88.2,92.3,87.0,92.5
2021-09,MUN,PE|IGARASSU,glp,20,90.0,89.9,93.65,88.0,97.0
2021-09,MUN,PE|JABOATAO DOS GUARARAPES,glp,31,90.0,87.5,90.0,80.0,90.0
2021-09,MUN,PE|LAJEDO,glp,5,87.5,85.0,90.5,85.0,92.5
2021-09,MUN,PE|OLINDA,glp,46,89.99,85.0,95.0,84.0,100.0
2021-09,MUN,PE|PAULISTA,glp,26,91.5,87.248,95.0,84.99,100.0
2021-09,MUN,PE|PETROLINA,glp,26,92.0,89.0,95.0,85.0,95.0
2021-09,MUN,PE|RECIFE,glp,73,90.0,86.099,95.0,79.99,105.0
2021-09,MUN,PE|SANTA CRUZ DO CAPIBARIBE,glp,5,103.5,100.0,105.6,100.0,107.0
2021-09,MUN,PE|SERRA TALHADA,glp,3,108.0,104.8,108.0,104.0,108.0
2021-09,MUN,PE|VITORIA DE SANTO ANTAO,glp,10,85.0,85.0,85.0,85.0,85.0
2021-09,MUN,PI|PARNAIBA,glp,5,110.0,107.5,115.0,107.5,115.0
2021-09,MUN,PI|TERESINA,glp,45,100.0,99.396,104.795,95.0,112.5
2021-09,MUN,PR|ARAPONGAS,glp,14,98.0,95.8,99.97,94.9,100.0
2021-09,MUN,PR|ARAUCARIA,glp,22,97.25,93.2,100.0,92.0,110.0
2021-09,MUN,PR|CAMBE,glp,19,105.0,99.8,110.5,95.0,115.0
2021-09,MUN,PR|CAMPO MOURAO,glp,12,107.0,103.2,109.85,100.0,110.0
2021-09,MUN,PR|CASCAVEL,glp,23,100.0,96.4,105.0,95.0,112.5
2021-09,MUN,PR|CASTRO,glp,7,92.5,90.68,99.6,90.2,102.0
2021-09,MUN,PR|CIANORTE,glp,16,112.5,105.0,119.5,100.0,125.0
2021-09,MUN,PR|COLOMBO,glp,28,95.0,90.0,98.3,87.5,99.9
2021-09,MUN,PR|CORNELIO PROCOPIO,glp,7,115.0,115.0,115.0,115.0,115.0
2021-09,MUN,PR|CURITIBA,glp,49,99.0,94.892,105.0,88.9,107.0
2021-09,MUN,PR|FOZ DO IGUACU,glp,21,115.0,110.0,118.0,110.0,125.0
2021-09,MUN,PR|GUARAPUAVA,glp,10,104.0,101.81,106.4,101.0,110.0
2021-09,MUN,PR|LONDRINA,glp,65,98.0,90.7,105.0,88.0,107.5
2021-09,MUN,PR|MARINGA,glp,51,107.0,100.0,114.0,97.5,120.0
2021-09,MUN,PR|PARANAGUA,glp,13,90.0,88.38,94.6,82.5,98.0
2021-09,MUN,PR|PARANAVAI,glp,23,105.0,102.5,110.0,99.0,110.0
2021-09,MUN,PR|PINHAIS,glp,18,94.25,90.0,98.0,87.4,99.0
2021-09,MUN,PR|PONTA GROSSA,glp,32,97.5,93.2,102.9,89.9,107.0
2021-09,MUN,PR|SANTO ANTONIO DA PLATINA,glp,4,99.0,94.5,103.5,93.0,105.0
2021-09,MUN,PR|SAO JOSE DOS PINHAIS,glp,13,95.0,89.588,98.56,85.0,99.0
2021-09,MUN,PR|TOLEDO,glp,26,97.748,95.0,107.5,94.99,115.0
2021-09,MUN,PR|UMUARAMA,glp,14,110.0,105.0,114.7,105.0,115.0
2021-09,MUN,PR|UNIAO DA VITORIA,glp,5,105.0,101.0,105.0,100.0,105.0
2021-09,MUN,RJ|ANGRA DOS REIS,glp,8,104.95,104.9,105.0,104.9,105.0
2021-09,MUN,RJ|ARARUAMA,glp,10,80.748,77.791,84.99,76.0,84.99
2021-09,MUN,RJ|BARRA MANSA,glp,8,92.725,91.3,95.75,89.9,97.5
2021-09,MUN,RJ|BELFORD ROXO,glp,12,85.5,81.196,90.0,80.495,95.0
2021-09,MUN,RJ|CABO FRIO,glp,8,85.0,84.99,88.07,84.99,95.0
2021-09,MUN,RJ|CAMPOS DOS GOYTACAZES,glp,20,86.75,84.41,90.0,79.99,95.0
2021-09,MUN,RJ|DUQUE DE CAXIAS,glp,35,85.0,81.696,89.99,78.0,90.0
2021-09,MUN,RJ|ITAPERUNA,glp,5,90.0,84.4,90.0,84.0,90.0
2021-09,MUN,RJ|MAGE,glp,12,82.0,80.19,84.791,79.99,87.99
2021-09,MUN,RJ|MARICA,glp,5,86.99,82.99,89.196,82.99,90.0
2021-09,MUN,RJ|NILOPOLIS,glp,10,88.75,84.75,90.0,82.5,90.0
2021-09,MUN,RJ|NITEROI,glp,10,83.99,81.791,87.091,80.0,88.0
2021-09,MUN,RJ|NOVA FRIBURGO,glp,10,107.0,106.5,107.19,102.0,108.0
2021-09,MUN,RJ|NOVA IGUACU,glp,26,84.998,80.0,95.0,76.0,95.0
2021-09,MUN,RJ|PETROPOLIS,glp,10,90.0,89.049,95.0,84.99,95.0
2021-09,MUN,RJ|RESENDE,glp,6,93.0,89.99,98.25,86.99,102.5
2021-09,MUN,RJ|RIO BONITO,glp,6,79.99,76.995,82.99,75.0,84.99
2021-09,MUN,RJ|RIO DE JANEIRO,glp,58,92.745,84.997,100.0,80.0,102.0
2021-09,MUN,RJ|SAO FRANCISCO DE ITABAPOANA,glp,3,93.0,90.6,93.0,90.0,93.0
2021-09,MUN,RJ|SAO GONCALO,glp,16,86.94,84.995,90.0,84.99,94.0
2021-09,MUN,RJ|SAO JOAO DE MERITI,glp,17,85.0,82.598,92.0,81.99,97.99
2021-09,MUN,RJ|SAQUAREMA,glp,10,79.5,75.8,85.146,74.0,86.5
2021-09,MUN,RJ|TERESOPOLIS,glp,6,102.4,100.5,103.95,100.0,105.0
2021-09,MUN,RJ|TRES RIOS,glp,2,99.995,97.991,101.999,97.49,102.5
2021-09,MUN,RJ|VALENCA,glp,9,90.0,86.6,92.0,85.0,92.0
2021-09,MUN,RJ|VOLTA REDONDA,glp,9,91.4,89.52,96.7,88.0,99.9
2021-09,MUN,RN|MOSSORO,glp,5,100.0,97.0,105.0,95.0,105.0
2021-09,MUN,RN|NATAL,glp,25,105.0,95.0,110.0,90.0,115.0
2021-09,MUN,RN|PARNAMIRIM,glp,29,101.5,100.0,108.0,98.995,110.0
2021-09,MUN,RO|ARIQUEMES,glp,8,114.75,113.0,120.1,113.0,125.0
2021-09,MUN,RO|CACOAL,glp,6,118.0,116.0,120.25,116.0,120.5
2021-09,MUN,RO|PIMENTA BUENO,glp,4,123.0,120.3,125.0,120.0,125.0
2021-09,MUN,RO|PORTO VELHO,glp,35,108.0,99.4,115.0,99.0,120.0
2021-09,MUN,RO|VILHENA,glp,8,123.5,121.4,125.3,120.0,126.0
2021-09,MUN,RR|BOA VISTA,glp,92,111.0,108.0,115.0,103.0,127.5
2021-09,MUN,RS|ALEGRETE,glp,10,96.5,94.5,99.09,90.0,99.9
2021-09,MUN,RS|ALVORADA,glp,10,89.5,84.99,93.7,84.99,100.0
2021-09,MUN,RS|BAGE,glp,27,99.0,94.2,100.0,90.0,102.0
2021-09,MUN,RS|BENTO GONCALVES,glp,5,100.0,97.0,106.4,95.0,108.0
2021-09,MUN,RS|CACHOEIRA DO SUL,glp,7,98.0,96.5,101.4,95.0,105.0
2021-09,MUN,RS|CACHOEIRINHA,glp,6,95.0,90.95,102.0,89.9,109.0
2021-09,MUN,RS|CANOAS,glp,14,93.25,86.497,95.63,85.0,97.0
2021-09,MUN,RS|CAXIAS DO SUL,glp,47,99.99,90.0,104.9,87.49,110.0
2021-09,MUN,RS|CRUZ ALTA,glp,2,84.95,84.19,85.71,84.0,85.9
2021-09,MUN,RS|ERECHIM,glp,12,107.0,105.0,110.0,105.0,115.0
2021-09,MUN,RS|ESTEIO,glp,11,94.0,91.0,100.0,88.0,100.0
2021-09,MUN,RS|GRAVATAI,glp,8,92.0,89.997,94.27,89.99,94.9
2021-09,MUN,RS|GUAIBA,glp,6,100.0,98.225,102.5,97.45,105.0
2021-09,MUN,RS|IJUI,glp,5,95.0,89.94,105.6,89.9,108.0
2021-09,MUN,RS|LAJEADO,glp,7,103.0,95.8,103.8,95.5,105.0
2021-09,MUN,RS|NOVO HAMBURGO,glp,12,93.0,91.1,94.8,90.0,100.0
2021-09,MUN,RS|OSORIO,glp,6,97.748,92.45,101.5,90.0,103.0
2021-09,MUN,RS|PELOTAS,glp,46,95.0,93.0,101.0,91.0,107.0
2021-09,MUN,RS|PORTO ALEGRE,glp,30,99.9,93.981,105.0,93.0,108.0
2021-09,MUN,RS|RIO GRANDE,glp,9,95.0,92.6,95.0,91.0,95.0
2021-09,MUN,RS|SANTA CRUZ DO SUL,glp,13,98.0,95.0,102.4,95.0,105.0
2021-09,MUN,RS|SANTA MARIA,glp,38,101.0,99.393,105.0,95.0,119.0
2021-09,MUN,RS|SANTA ROSA,glp,8,100.0,92.1,101.2,90.0,104.0
2021-09,MUN,RS|SANTANA DO LIVRAMENTO,glp,16,95.0,90.0,99.0,85.0,100.0
2021-09,MUN,RS|SANTO ANGELO,glp,4,122.5,113.0,125.0,110.0,125.0
2021-09,MUN,RS|SAO GABRIEL,glp,11,95.0,90.0,98.5,90.0,112.0
2021-09,MUN,RS|SAO LEOPOLDO,glp,8,89.95,87.997,91.6,87.99,93.0
2021-09,MUN,RS|SAO LUIZ GONZAGA,glp,9,95.0,94.0,100.0,94.0,100.0
2021-09,MUN,RS|SAPIRANGA,glp,5,100.0,96.2,100.0,95.0,100.0
2021-09,MUN,RS|SAPUCAIA DO SUL,glp,21,94.0,89.0,96.0,85.0,99.0
2021-09,MUN,RS|TORRES,glp,5,94.99,88.44,105.992,87.4,110.0
2021-09,MUN,RS|URUGUAIANA,glp,13,110.0,97.6,110.0,95.0,111.0
2021-09,MUN,RS|VACARIA,glp,7,99.0,92.3,103.0,92.0,103.0
2021-09,MUN,RS|VIAMAO,glp,14,95.0,91.57,100.7,88.99,101.0
2021-09,MUN,SC|ARARANGUA,glp,3,100.0,98.4,100.0,98.0,100.0
2021-09,MUN,SC|BIGUACU,glp,2,104.0,103.6,104.4,103.5,104.5
2021-09,MUN,SC|BLUMENAU,glp,9,120.0,116.0,120.0,100.0,120.0
2021-09,MUN,SC|BRUSQUE,glp,6,110.0,108.75,113.0,107.5,115.0
2021-09,MUN,SC|CACADOR,glp,6,112.5,110.0,115.0,110.0,115.0
2021-09,MUN,SC|CHAPECO,glp,4,110.0,106.5,111.4,105.0,112.0
2021-09,MUN,SC|CONCORDIA,glp,4,98.5,95.6,106.3,95.0,109.0
2021-09,MUN,SC|CRICIUMA,glp,2,100.5,96.9,104.1,96.0,105.0
2021-09,MUN,SC|FLORIANOPOLIS,glp,2,105.742,103.145,108.34,102.495,108.99
2021-09,MUN,SC|JARAGUA DO SUL,glp,9,98.9,94.7,103.598,91.9,109.99
2021-09,MUN,SC|JOINVILLE,glp,8,104.0,97.4,106.5,96.0,110.0
2021-09,MUN,SC|LAGES,glp,6,100.0,98.0,100.5,98.0,101.0
2021-09,MUN,SC|LAGUNA,glp,2,97.0,96.2,97.8,96.0,98.0
2021-09,MUN,SC|MAFRA,glp,10,103.5,100.0,108.4,100.0,108.4
2021-09,MUN,SC|PALHOCA,glp,2,105.0,105.0,105.0,105.0,105.0
2021-09,MUN,SC|SAO JOSE,glp,1,105.5,105.5,105.5,105.5,105.5
2021-09,MUN,SC|VIDEIRA,glp,5,108.0,102.0,114.2,100.0,117.0
2021-09,MUN,SE|ARACAJU,glp,25,90.0,86.7,94.96,85.0,97.0
2021-09,MUN,SE|ITABAIANA,glp,7,92.0,88.6,95.8,86.5,97.0
2021-09,MUN,SE|NOSSA SENHORA DO SOCORRO,glp,9,90.0,87.592,93.38,86.0,94.9
2021-09,MUN,SP|ADAMANTINA,glp,5,97.5,92.0,101.9,90.0,102.5
2021-09,MUN,SP|AMERICANA,glp,17,95.0,89.99,102.0,89.99,107.0
2021-09,MUN,SP|AMPARO,glp,7,102.0,93.0,108.8,90.0,110.0
2021-09,MUN,SP|ARACATUBA,glp,33,93.0,92.198,95.0,89.99,100.0
2021-09,MUN,SP|ARARAQUARA,glp,19,105.0,102.399,113.0,99.99,113.0
2021-09,MUN,SP|ARARAS,glp,7,99.9,97.76,101.76,97.4,102.9
2021-09,MUN,SP|ASSIS,glp,8,97.9,94.1,100.9,92.0,103.0
2021-09,MUN,SP|ATIBAIA,glp,21,100.0,88.0,105.0,86.99,108.0
2021-09,MUN,SP|AVARE,glp,8,99.99,92.97,100.0,92.9,100.0
2021-09,MUN,SP|BARRETOS,glp,4,100.995,96.497,106.2,95.0,108.0
2021-09,MUN,SP|BARUERI,glp,41,95.0,90.0,102.0,84.99,105.0
2021-09,MUN,SP|BAURU,glp,20,95.0,92.699,105.0,85.0,105.0
2021-09,MUN,SP|BEBEDOURO,glp,13,102.5,99.992,105.0,97.5,110.0
2021-09,MUN,SP|BIRIGUI,glp,30,95.0,92.25,100.0,87.5,105.0
2021-09,MUN,SP|BRAGANCA PAULISTA,glp,14,99.9,96.5,103.0,87.99,104.995
2021-09,MUN,SP|CACAPAVA,glp,5,105.3,103.99,112.594,103.99,114.99
2021-09,MUN,SP|CAMPINAS,glp,11,94.99,94.99,95.0,94.99,99.99
2021-09,MUN,SP|CARAGUATATUBA,glp,3,88.9,88.9,93.78,88.9,95.0
2021-09,MUN,SP|CARAPICUIBA,glp,27,92.49,88.6,99.99,84.99,99.99
2021-09,MUN,SP|CATANDUVA,glp,10,97.45,89.981,100.0,89.9,100.0
2021-09,MUN,SP|COSMOPOLIS,glp,5,84.99,84.99,87.994,84.99,89.99
2021-09,MUN,SP|COTIA,glp,8,99.99,99.633,106.5,98.8,110.0
2021-09,MUN,SP|CRUZEIRO,glp,8,88.995,85.0,94.2,85.0,97.0
2021-09,MUN,SP|CUBATAO,glp,8,100.95,97.7,106.5,97.0,110.0
2021-09,MUN,SP|DIADEMA,glp,28,99.99,98.0,99.99,90.0,110.0
2021-09,MUN,SP|DRACENA,glp,4,99.0,95.9,100.0,95.0,100.0
2021-09,MUN,SP|EMBU DAS ARTES,glp,5,95.0,94.99,109.896,94.99,116.5
2021-09,MUN,SP|FRANCA,glp,41,97.99,92.49,100.0,89.99,108.0
2021-09,MUN,SP|GARCA,glp,4,97.5,91.5,100.0,90.0,100.0
2021-09,MUN,SP|GUARATINGUETA,glp,14,91.0,89.297,95.8,88.0,98.0
2021-09,MUN,SP|GUARUJA,glp,5,95.0,90.0,99.99,90.0,99.99
2021-09,MUN,SP|GUARULHOS,glp,20,97.495,94.99,105.0,94.99,105.0
2021-09,MUN,SP|HORTOLANDIA,glp,8,99.248,92.79,101.5,89.99,105.0
2021-09,MUN,SP|IBITINGA,glp,6,105.0,100.0,107.5,100.0,108.0
2021-09,MUN,SP|INDAIATUBA,glp,18,100.0,92.7,105.0,90.0,106.0
2021-09,MUN,SP|ITANHAEM,glp,3,102.0,100.416,108.4,100.02,110.0
2021-09,MUN,SP|ITAPECERICA DA SERRA,glp,6,95.49,93.49,99.5,91.99,100.0
2021-09,MUN,SP|ITAPETININGA,glp,12,101.74,95.25,104.85,95.0,107.5
2021-09,MUN,SP|ITAPEVA,glp,4,105.0,103.25,106.575,102.5,107.25
2021-09,MUN,SP|ITAPIRA,glp,3,94.99,94.902,94.998,94.88,95.0
2021-09,MUN,SP|ITAPOLIS,glp,8,100.0,95.0,105.0,95.0,105.0
2021-09,MUN,SP|ITAQUAQUECETUBA,glp,12,95.995,94.99,97.89,94.99,99.99
2021-09,MUN,SP|ITATIBA,glp,4,97.0,95.3,98.63,95.0,98.9
2021-09,MUN,SP|ITU,glp,14,97.35,95.0,100.0,94.99,101.0
2021-09,MUN,SP|JABOTICABAL,glp,10,93.0,86.999,95.0,86.99,95.0
2021-09,MUN,SP|JACAREI,glp,10,92.0,86.95,100.11,86.5,102.0
2021-09,MUN,SP|JALES,glp,14,90.0,85.747,95.0,85.0,100.0
2021-09,MUN,SP|JAU,glp,12,101.75,98.0,102.0,98.0,103.0
2021-09,MUN,SP|JOSE BONIFACIO,glp,6,97.5,94.0,102.5,93.0,105.0
2021-09,MUN,SP|JUNDIAI,glp,15,101.0,94.693,104.6,93.0,108.0
2021-09,MUN,SP|LEME,glp,10,100.0,99.9,103.5,99.0,108.0
2021-09,MUN,SP|LIMEIRA,glp,13,95.0,90.0,99.2,90.0,105.0
2021-09,MUN,SP|LINS,glp,10,100.0,94.41,103.0,90.0,103.0
2021-09,MUN,SP|LORENA,glp,13,88.0,85.0,93.7,85.0,95.0
2021-09,MUN,SP|MARILIA,glp,6,108.0,106.0,109.0,105.0,109.0
2021-09,MUN,SP|MATAO,glp,8,97.995,97.99,109.5,97.99,120.0
2021-09,MUN,SP|MAUA,glp,46,99.99,99.99,106.0,89.99,107.0
2021-09,MUN,SP|MIRASSOL,glp,10,99.492,90.0,100.0,90.0,100.0
2021-09,MUN,SP|MOCOCA,glp,5,100.0,96.6,105.0,95.0,105.0
2021-09,MUN,SP|MOGI DAS CRUZES,glp,27,95.0,92.0,100.0,89.5,100.0
2021-09,MUN,SP|MOGI GUACU,glp,11,90.0,90.0,95.0,88.99,95.0
2021-09,MUN,SP|MOGI MIRIM,glp,8,89.745,88.697,94.19,87.99,96.99
2021-09,MUN,SP|MONTE ALTO,glp,8,98.0,95.0,98.95,95.0,100.0
2021-09,MUN,SP|OLIMPIA,glp,8,84.0,84.0,85.6,84.0,87.0
2021-09,MUN,SP|OSASCO,glp,55,96.99,94.99,102.4,89.99,105.0
2021-09,MUN,SP|OURINHOS,glp,20,95.0,92.0,99.1,90.0,100.0
2021-09,MUN,SP|PARAGUACU PAULISTA,glp,13,103.0,95.82,103.4,93.5,110.0
2021-09,MUN,SP|PAULINIA,glp,10,93.0,92.84,96.0,91.49,96.0
2021-09,MUN,SP|PINDAMONHANGABA,glp,6,95.0,94.0,99.0,93.0,99.0
2021-09,MUN,SP|PIRACICABA,glp,17,94.99,88.694,102.0,84.99,105.0
2021-09,MUN,SP|PIRASSUNUNGA,glp,2,91.0,87.8,94.2,87.0,95.0
2021-09,MUN,SP|POA,glp,8,96.745,87.99,98.593,87.99,100.0
2021-09,MUN,SP|PORTO FERREIRA,glp,2,93.995,92.399,95.591,92.0,95.99
2021-09,MUN,SP|PRAIA GRANDE,glp,9,97.99,97.372,98.2,94.9,99.0
2021-09,MUN,SP|PRESIDENTE PRUDENTE,glp,7,96.0,89.554,100.0,88.9,100.0
2021-09,MUN,SP|RIBEIRAO PIRES,glp,20,97.495,89.9,106.0,89.9,106.0
2021-09,MUN,SP|RIBEIRAO PRETO,glp,35,100.0,94.994,105.96,92.99,110.0
2021-09,MUN,SP|RIO CLARO,glp,7,98.0,95.3,99.39,95.0,99.99
2021-09,MUN,SP|SALTO,glp,15,90.0,84.994,96.76,82.99,97.0
2021-09,MUN,SP|SANTA BARBARA D'OESTE,glp,14,90.0,89.99,95.0,89.99,100.0
2021-09,MUN,SP|SANTA CRUZ DO RIO PARDO,glp,16,102.0,98.5,106.5,98.0,110.0
2021-09,MUN,SP|SANTO ANDRE,glp,45,97.99,90.396,102.99,89.99,104.99
2021-09,MUN,SP|SANTOS,glp,25,102.0,92.396,105.0,90.0,120.0
2021-09,MUN,SP|SAO BERNARDO DO CAMPO,glp,37,99.99,94.754,116.6,92.495,125.9
2021-09,MUN,SP|SAO CAETANO DO SUL,glp,6,100.0,99.495,102.995,99.0,103.0
2021-09,MUN,SP|SAO CARLOS,glp,14,104.5,98.0,110.0,96.9,117.0
2021-09,MUN,SP|SAO JOAO DA BOA VISTA,glp,12,100.0,97.5,100.0,97.5,105.0
2021-09,MUN,SP|SAO JOSE DO RIO PRETO,glp,21,95.0,95.0,111.0,90.0,115.0
2021-09,MUN,SP|SAO JOSE DOS CAMPOS,glp,18,95.5,86.394,102.897,81.99,105.0
2021-09,MUN,SP|SAO PAULO,glp,93,97.99,89.99,105.0,85.0,113.99
2021-09,MUN,SP|SAO ROQUE,glp,7,98.0,96.8,100.0,95.0,100.0
2021-09,MUN,SP|SAO VICENTE,glp,18,94.99,84.99,99.263,79.99,109.95
2021-09,MUN,SP|SERTAOZINHO,glp,18,98.0,94.25,100.0,91.0,105.0
2021-09,MUN,SP|SOROCABA,glp,33,98.5,94.92,104.9,91.0,105.0
2021-09,MUN,SP|SUMARE,glp,11,94.99,89.99,100.0,89.99,100.0
2021-09,MUN,SP|SUZANO,glp,18,97.0,94.34,103.297,92.0,104.0
2021-09,MUN,SP|TABOAO DA SERRA,glp,6,94.995,94.99,101.945,94.99,104.99
2021-09,MUN,SP|TATUI,glp,9,105.0,103.198,105.0,99.99,105.0
2021-09,MUN,SP|TAUBATE,glp,11,92.0,90.0,98.0,89.9,98.0
2021-09,MUN,SP|UBATUBA,glp,14,97.5,92.3,104.25,90.0,105.0
2021-09,MUN,SP|VALINHOS,glp,5,93.99,88.99,96.954,88.99,96.99
2021-09,MUN,SP|VARZEA PAULISTA,glp,10,92.5,88.0,102.199,88.0,103.99
2021-09,MUN,SP|VINHEDO,glp,4,99.945,96.47,102.797,95.0,104.0
2021-09,MUN,SP|VOTORANTIM,glp,19,99.0,93.999,100.0,89.99,102.5
2021-09,MUN,SP|VOTUPORANGA,glp,8,95.0,89.997,95.6,89.99,97.0
2021-09,MUN,TO|ARAGUAINA,glp,19,110.0,109.0,116.0,100.0,120.0
2021-09,MUN,TO|GURUPI,glp,44,115.0,108.0,115.0,100.0,115.0
2021-09,MUN,TO|PALMAS,glp,47,100.0,95.0,105.0,90.0,115.0
2021-09,UF,AC,glp,51,111.0,108.0,119.0,105.0,120.0
2021-09,UF,AL,glp,26,95.0,88.495,98.0,85.0,105.0
2021-09,UF,AM,glp,66,102.0,95.75,109.5,93.5,120.0
2021-09,UF,AP,glp,14,107.25,102.5,116.4,100.0,119.0
2021-09,UF,BA,glp,227,90.0,84.594,98.0,77.99,110.0
2021-09,UF,CE,glp,143,101.0,95.0,107.0,89.0,110.0
2021-09,UF,DF,glp,81,93.99,89.49,95.0,85.0,114.99
2021-09,UF,ES,glp,87,95.0,84.594,100.0,80.0,110.0
2021-09,UF,GO,glp,266,100.0,92.99,110.0,85.0,130.0
2021-09,UF,MA,glp,58,99.99,95.0,100.0,92.5,101.99
2021-09,UF,MG,glp,710,100.0,93.45,110.0,80.0,123.0
2021-09,UF,MS,glp,156,95.0,89.45,105.0,84.9,110.0
2021-09,UF,MT,glp,147,120.0,105.0,130.0,97.5,135.0
2021-09,UF,PA,glp,204,102.5,95.0,115.0,80.0,120.0
2021-09,UF,PB,glp,73,100.0,95.0,105.0,87.99,110.0
2021-09,UF,PE,glp,295,90.0,85.99,95.0,79.99,108.0
2021-09,UF,PI,glp,50,100.998,99.891,107.5,95.0,115.0
2021-09,UF,PR,glp,492,100.0,93.0,112.45,82.5,125.0
2021-09,UF,RJ,glp,331,88.0,80.995,99.9,74.0,108.0
2021-09,UF,RN,glp,59,104.09,99.799,110.0,90.0,115.0
2021-09,UF,RO,glp,61,113.0,103.0,125.0,99.0,126.0
2021-09,UF,RR,glp,92,111.0,108.0,115.0,103.0,127.5
2021-09,UF,RS,glp,452,97.472,90.0,105.0,84.0,125.0
2021-09,UF,SC,glp,81,105.0,98.0,117.0,91.9,120.0
2021-09,UF,SE,glp,41,90.0,86.5,95.0,85.0,97.0
2021-09,UF,SP,glp,1519,97.9,90.0,105.0,79.99,125.9
2021-09,UF,TO,glp,110,110.0,100.0,115.0,90.0,120.0
2021-10,BR,BR,glp,5653,100.0,91.99,113.0,75.99,135.0
2021-10,MUN,AC|CRUZEIRO DO SUL,glp,5,120.0,115.2,120.0,112.0,120.0
2021-10,MUN,AC|RIO BRANCO,glp,43,114.0,110.0,120.0,108.0,125.0
2021-10,MUN,AL|ARAPIRACA,glp,10,97.5,94.89,100.25,93.9,102.5
2021-10,MUN,AL|DELMIRO GOUVEIA,glp,2,101.25,100.25,102.25,100.0,102.5
2021-10,MUN,AL|MACEIO,glp,11,95.0,92.5,99.0,86.99,100.0
2021-10,MUN,AM|ITACOATIARA,glp,10,110.0,108.0,110.65,108.0,112.0
2021-10,MUN,AM|MANAUS,glp,62,102.0,97.0,107.45,94.0,115.0
2021-10,MUN,AM|TEFE,glp,5,120.0,116.8,124.0,116.0,124.0
2021-10,MUN,AP|MACAPA,glp,18,114.25,107.8,120.0,105.0,121.0
2021-10,MUN,BA|BARREIRAS,glp,5,110.0,110.0,114.0,110.0,115.0
2021-10,MUN,BA|CAMACARI,glp,23,98.0,95.0,100.0,90.0,100.0
2021-10,MUN,BA|EUNAPOLIS,glp,11,88.0,87.0,90.5,86.99,90.5
2021-10,MUN,BA|FEIRA DE SANTANA,glp,9,88.44,88.0,97.0,88.0,97.0
2021-10,MUN,BA|GUANAMBI,glp,15,100.0,99.94,100.0,95.0,100.0
2021-10,MUN,BA|ILHEUS,glp,6,102.75,100.0,108.25,99.0,110.0
2021-10,MUN,BA|IRECE,glp,3,92.0,92.0,92.8,92.0,93.0
2021-10,MUN,BA|ITABUNA,glp,10,99.0,89.7,105.0,87.0,105.0
2021-10,MUN,BA|JEQUIE,glp,6,85.995,77.0,89.5,76.0,90.0
2021-10,MUN,BA|JUAZEIRO,glp,6,96.5,92.25,97.75,90.0,98.0
2021-10,MUN,BA|LAURO DE FREITAS,glp,34,93.0,90.0,100.0,83.0,105.0
2021-10,MUN,BA|PAULO AFONSO,glp,9,90.0,84.8,95.2,84.0,96.0
2021-10,MUN,BA|SALVADOR,glp,101,94.5,85.0,99.0,78.0,102.0
2021-10,MUN,BA|SIMOES FILHO,glp,18,90.0,84.1,96.497,82.0,111.5
2021-10,MUN,BA|VITORIA DA CONQUISTA,glp,5,90.0,85.595,93.0,84.995,95.0
2021-10,MUN,CE|AQUIRAZ,glp,1,100.0,100.0,100.0,100.0,100.0
2021-10,MUN,CE|CAUCAIA,glp,16,105.0,93.5,105.0,90.0,110.0
2021-10,MUN,CE|CRATEUS,glp,5,105.0,100.0,110.0,100.0,110.0
2021-10,MUN,CE|CRATO,glp,14,108.0,105.048,108.0,99.0,110.0
2021-10,MUN,CE|FORTALEZA,glp,55,103.0,96.4,108.0,93.0,112.0
2021-10,MUN,CE|ICO,glp,3,108.0,106.4,113.6,106.0,115.0
2021-10,MUN,CE|IGUATU,glp,3,103.0,102.2,106.2,102.0,107.0
2021-10,MUN,CE|ITAPIPOCA,glp,8,103.5,97.2,105.6,96.5,107.0
2021-10,MUN,CE|JUAZEIRO DO NORTE,glp,12,108.0,104.1,108.0,95.5,108.0
2021-10,MUN,CE|LIMOEIRO DO NORTE,glp,7,110.0,102.2,115.0,95.0,115.0
2021-10,MUN,CE|MARACANAU,glp,9,102.99,96.6,106.0,95.0,110.0
2021-10,MUN,CE|QUIXADA,glp,5,98.5,94.697,100.0,92.495,100.0
2021-10,MUN,CE|SOBRAL,glp,3,107.5,105.5,109.5,105.0,110.0
2021-10,MUN,DF|BRASILIA,glp,55,95.0,92.5,98.0,91.99,103.99
2021-10,MUN,ES|ARACRUZ,glp,6,95.0,92.0,100.0,92.0,100.0
2021-10,MUN,ES|CARIACICA,glp,25,88.945,84.4,95.194,75.99,102.5
2021-10,MUN,ES|GUARAPARI,glp,9,94.99,89.892,95.7,89.5,98.5
2021-10,MUN,ES|LINHARES,glp,17,99.0,95.0,103.5,90.0,105.0
2021-10,MUN,ES|SERRA,glp,21,102.5,100.0,105.0,97.5,107.5
2021-10,MUN,ES|VILA VELHA,glp,15,93.0,86.0,96.296,85.0,104.0
2021-10,MUN,ES|VITORIA,glp,6,107.5,97.5,110.0,90.0,110.0
2021-10,MUN,GO|AGUAS LINDAS DE GOIAS,glp,27,90.0,87.99,98.0,85.99,102.0
2021-10,MUN,GO|ANAPOLIS,glp,25,105.0,103.5,110.0,100.0,115.0
2021-10,MUN,GO|APARECIDA DE GOIANIA,glp,21,105.0,100.0,112.45,99.99,112.45
2021-10,MUN,GO|CALDAS NOVAS,glp,4,110.0,110.0,111.75,110.0,112.5
2021-10,MUN,GO|FORMOSA,glp,15,95.5,90.0,105.3,90.0,107.0
2021-10,MUN,GO|GOIANIA,glp,42,110.0,105.0,110.0,93.99,112.5
2021-10,MUN,GO|ITUMBIARA,glp,19,107.5,102.4,116.0,100.0,120.0
2021-10,MUN,GO|JATAI,glp,11,130.0,125.0,130.0,125.0,130.0
2021-10,MUN,GO|LUZIANIA,glp,9,96.99,94.899,97.99,94.495,97.99
2021-10,MUN,GO|MINEIROS,glp,7,112.5,111.5,115.0,110.0,115.0
2021-10,MUN,GO|MORRINHOS,glp,9,102.5,94.5,105.5,92.5,107.5
2021-10,MUN,GO|RIO VERDE,glp,11,115.0,110.0,117.0,110.0,117.0
2021-10,MUN,GO|TRINDADE,glp,56,100.0,96.25,105.0,89.99,110.0
2021-10,MUN,GO|VALPARAISO DE GOIAS,glp,17,97.0,92.394,100.0,89.99,105.0
2021-10,MUN,MA|IMPERATRIZ,glp,28,100.0,97.5,100.0,97.495,105.0
2021-10,MUN,MA|SAO JOSE DE RIBAMAR,glp,9,102.49,99.99,104.99,99.99,104.99
2021-10,MUN,MA|SAO LUIS,glp,26,103.24,99.99,104.99,99.99,104.99
2021-10,MUN,MG|ALFENAS,glp,12,100.0,90.25,100.0,90.0,105.0
2021-10,MUN,MG|ARAGUARI,glp,13,101.5,100.0,109.8,99.0,112.5
2021-10,MUN,MG|ARAXA,glp,11,101.0,98.0,110.0,98.0,110.0
2021-10,MUN,MG|BARBACENA,glp,16,97.5,94.995,100.25,90.0,105.5
2021-10,MUN,MG|BELO HORIZONTE,glp,28,100.0,95.693,112.9,93.0,118.0
2021-10,MUN,MG|BETIM,glp,21,100.0,98.0,110.0,95.0,114.0
2021-10,MUN,MG|BOM DESPACHO,glp,4,110.0,103.0,110.0,100.0,110.0
2021-10,MUN,MG|CAMPO BELO,glp,8,102.5,99.997,105.148,99.99,105.495
2021-10,MUN,MG|CONSELHEIRO LAFAIETE,glp,13,98.0,93.0,105.8,92.5,110.0
2021-10,MUN,MG|CONTAGEM,glp,45,105.0,99.4,110.0,95.0,120.0
2021-10,MUN,MG|DIVINOPOLIS,glp,3,95.0,94.996,99.0,94.995,100.0
2021-10,MUN,MG|FORMIGA,glp,15,103.0,100.0,105.0,100.0,107.5
2021-10,MUN,MG|GOVERNADOR VALADARES,glp,15,110.0,98.0,113.0,95.0,115.0
2021-10,MUN,MG|IPATINGA,glp,20,109.25,98.0,112.05,89.5,115.0
2021-10,MUN,MG|ITAUNA,glp,15,101.5,97.4,108.0,94.49,108.5
2021-10,MUN,MG|ITUIUTABA,glp,17,103.5,99.194,106.4,94.0,110.0
2021-10,MUN,MG|JANUARIA,glp,16,120.0,116.25,123.0,115.0,125.0
2021-10,MUN,MG|JOAO MONLEVADE,glp,9,100.0,95.0,105.2,95.0,106.0
2021-10,MUN,MG|JOAO PINHEIRO,glp,10,118.0,114.99,118.0,114.9,118.0
2021-10,MUN,MG|JUIZ DE FORA,glp,27,97.99,93.8,102.2,84.99,110.0
2021-10,MUN,MG|LAVRAS,glp,10,97.0,92.5,105.35,92.5,108.5
2021-10,MUN,MG|LEOPOLDINA,glp,8,99.5,97.1,102.55,95.0,105.0
2021-10,MUN,MG|MANHUACU,glp,6,102.5,98.7,105.0,97.5,105.0
2021-10,MUN,MG|MONTE CARMELO,glp,15,103.0,100.0,105.0,99.0,105.0
2021-10,MUN,MG|MONTES CLAROS,glp,42,105.5,103.05,112.7,100.0,115.0
2021-10,MUN,MG|MURIAE,glp,10,102.5,97.691,105.4,95.0,109.0
2021-10,MUN,MG|OLIVEIRA,glp,4,102.5,100.75,104.25,100.0,105.0
2021-10,MUN,MG|PARA DE MINAS,glp,3,98.0,96.4,104.4,96.0,106.0
2021-10,MUN,MG|PARACATU,glp,9,105.0,105.0,110.0,105.0,110.0
2021-10,MUN,MG|PASSOS,glp,16,105.0,100.0,112.5,100.0,115.0
2021-10,MUN,MG|PATOS DE MINAS,glp,11,110.0,105.0,115.0,100.0,117.5
2021-10,MUN,MG|PATROCINIO,glp,10,105.0,102.05,110.25,98.0,112.5
2021-10,MUN,MG|POCOS DE CALDAS,glp,15,107.0,103.0,109.594,100.0,110.0
2021-10,MUN,MG|SAO JOAO DEL REI,glp,15,102.0,98.1,105.0,94.99,106.0
2021-10,MUN,MG|SAO SEBASTIAO DO PARAISO,glp,19,95.0,89.98,103.0,89.0,107.5
2021-10,MUN,MG|SETE LAGOAS,glp,10,96.25,94.35,100.41,93.0,105.0
2021-10,MUN,MG|TEOFILO OTONI,glp,5,105.0,100.0,105.0,100.0,105.0
2021-10,MUN,MG|TRES CORACOES,glp,10,95.0,90.25,97.3,88.0,100.0
2021-10,MUN,MG|UBA,glp,13,100.0,100.0,106.2,96.5,110.0
2021-10,MUN,MG|UBERABA,glp,25,105.0,100.0,110.0,90.0,112.0
2021-10,MUN,MG|UBERLANDIA,glp,25,105.0,100.0,110.0,97.0,120.0
2021-10,MUN,MG|UNAI,glp,9,120.0,115.0,120.0,115.0,120.0
2021-10,MUN,MG|VARGINHA,glp,13,100.0,98.0,110.0,92.0,110.0
2021-10,MUN,MG|VICOSA,glp,3,113.0,106.6,114.6,105.0,115.0
2021-10,MUN,MS|CAMPO GRANDE,glp,80,95.498,90.0,100.0,88.0,110.0
2021-10,MUN,MS|DOURADOS,glp,38,105.0,97.85,110.0,94.0,124.0
2021-10,MUN,MS|PONTA PORA,glp,4,95.0,95.0,97.1,95.0,98.0
2021-10,MUN,MS|TRES LAGOAS,glp,18,100.0,100.0,105.0,95.0,110.0
2021-10,MUN,MT|ALTA FLORESTA,glp,8,135.0,128.5,135.0,125.0,135.0
2021-10,MUN,MT|CACERES,glp,10,106.5,104.25,110.5,97.5,115.0
2021-10,MUN,MT|CUIABA,glp,46,120.5,105.0,125.0,100.0,125.0
2021-10,MUN,MT|RONDONOPOLIS,glp,18,125.0,118.5,130.0,112.5,130.0
2021-10,MUN,MT|SINOP,glp,23,130.0,125.0,135.0,120.0,135.0
2021-10,MUN,MT|SORRISO,glp,17,130.0,126.5,135.0,125.0,135.0
2021-10,MUN,MT|VARZEA GRANDE,glp,11,122.0,110.0,125.0,110.0,125.0
2021-10,MUN,PA|ABAETETUBA,glp,7,97.0,94.5,100.0,93.0,100.0
2021-10,MUN,PA|ALENQUER,glp,4,95.0,95.0,95.0,95.0,95.0
2021-10,MUN,PA|ALTAMIRA,glp,9,120.0,117.0,120.0,115.0,120.0
2021-10,MUN,PA|ANANINDEUA,glp,26,104.24,99.99,110.0,96.5,119.0
2021-10,MUN,PA|BELEM,glp,47,106.0,100.0,110.992,97.495,117.5
2021-10,MUN,PA|BRAGANCA,glp,9,110.0,107.0,112.0,105.0,112.0
2021-10,MUN,PA|CAMETA,glp,8,108.5,107.1,110.15,105.0,110.5
2021-10,MUN,PA|CONCEICAO DO ARAGUAIA,glp,12,110.0,101.0,114.75,100.0,115.0
2021-10,MUN,PA|ITAITUBA,glp,6,120.0,115.0,122.5,115.0,125.0
2021-10,MUN,PA|SANTAREM,glp,60,98.0,92.95,100.0,89.0,105.0
2021-10,MUN,PB|BAYEUX,glp,6,103.0,99.75,106.75,97.0,110.0
2021-10,MUN,PB|CABEDELO,glp,6,106.25,100.75,112.0,100.0,112.5
2021-10,MUN,PB|CAMPINA GRANDE,glp,35,100.0,98.796,106.5,89.0,120.0
2021-10,MUN,PB|JOAO PESSOA,glp,21,104.99,96.0,110.0,89.99,110.0
2021-10,MUN,PB|SOUSA,glp,5,105.0,95.2,108.0,92.0,110.0
2021-10,MUN,PE|ARARIPINA,glp,3,110.0,110.0,110.0,110.0,110.0
2021-10,MUN,PE|ARCOVERDE,glp,5,95.0,89.4,95.0,89.0,95.0
2021-10,MUN,PE|BELO JARDIM,glp,6,95.5,91.5,99.5,88.0,100.0
2021-10,MUN,PE|CABO DE SANTO AGOSTINHO,glp,9,94.0,92.199,97.0,90.995,105.0
2021-10,MUN,PE|CARUARU,glp,8,92.5,89.7,99.993,89.0,100.0
2021-10,MUN,PE|GARANHUNS,glp,10,99.99,96.35,100.0,95.0,100.0
2021-10,MUN,PE|GOIANA,glp,9,95.0,89.7,95.8,88.5,99.0
2021-10,MUN,PE|IGARASSU,glp,20,95.0,94.0,98.5,94.0,99.0
2021-10,MUN,PE|JABOATAO DOS GUARARAPES,glp,29,90.0,87.392,95.0,80.0,95.0
2021-10,MUN,PE|LAJEDO,glp,5,90.0,90.0,90.0,90.0,90.0
2021-10,MUN,PE|OLINDA,glp,46,93.0,88.0,96.25,85.0,100.0
2021-10,MUN,PE|PAULISTA,glp,21,95.0,92.5,98.0,89.99,102.5
2021-10,MUN,PE|PETROLINA,glp,19,97.5,92.0,100.0,92.0,100.0
2021-10,MUN,PE|RECIFE,glp,72,90.495,89.0,95.0,85.0,100.0
2021-10,MUN,PE|SANTA CRUZ DO CAPIBARIBE,glp,5,108.5,108.5,109.4,108.5,110.0
2021-10,MUN,PE|SERRA TALHADA,glp,4,110.75,108.75,113.1,108.0,114.0
2021-10,MUN,PE|VITORIA DE SANTO ANTAO,glp,10,87.5,87.45,90.0,87.0,90.0
2021-10,MUN,PI|PARNAIBA,glp,3,115.0,115.0,119.0,115.0,120.0
2021-10,MUN,PI|TERESINA,glp,66,105.0,100.0,107.5,99.99,118.0
2021-10,MUN,PR|ARAPONGAS,glp,18,99.225,94.9,100.0,93.0,100.0
2021-10,MUN,PR|ARAUCARIA,glp,13,98.0,95.0,109.0,92.0,110.0
2021-10,MUN,PR|CAMBE,glp,18,107.75,100.0,112.5,100.0,115.0
2021-10,MUN,PR|CAMPO MOURAO,glp,10,112.0,112.0,115.1,112.0,116.0
2021-10,MUN,PR|CASCAVEL,glp,25,105.0,100.0,110.0,96.0,115.0
2021-10,MUN,PR|CASTRO,glp,6,97.95,93.5,103.75,92.0,105.0
2021-10,MUN,PR|CIANORTE,glp,15,115.0,110.0,119.0,110.0,119.45
2021-10,MUN,PR|COLOMBO,glp,24,98.45,95.8,99.9,92.0,101.0
2021-10,MUN,PR|CORNELIO PROCOPIO,glp,6,115.0,115.0,115.0,115.0,115.0
2021-10,MUN,PR|CURITIBA,glp,39,99.9,95.0,105.2,89.9,108.5
2021-10,MUN,PR|FOZ DO IGUACU,glp,21,117.5,112.5,120.0,110.0,125.0
2021-10,MUN,PR|FRANCISCO BELTRAO,glp,10,117.15,110.5,119.6,110.5,120.5
2021-10,MUN,PR|GUARAPUAVA,glp,9,106.9,105.8,111.0,105.0,115.0
2021-10,MUN,PR|LONDRINA,glp,68,100.0,94.393,109.65,85.0,115.0
2021-10,MUN,PR|MARINGA,glp,51,110.0,105.0,118.0,100.0,125.0
2021-10,MUN,PR|PARANAGUA,glp,13,95.0,91.1,99.24,87.0,105.0
2021-10,MUN,PR|PARANAVAI,glp,22,110.0,105.0,110.0,105.0,110.0
2021-10,MUN,PR|PINHAIS,glp,18,99.0,96.7,99.965,92.5,103.0
2021-10,MUN,PR|PONTA GROSSA,glp,25,99.5,95.4,105.0,93.9,105.0
2021-10,MUN,PR|SAO JOSE DOS PINHAIS,glp,14,98.925,90.2,102.011,87.5,102.5
2021-10,MUN,PR|TOLEDO,glp,27,105.0,94.998,108.8,92.49,113.5
2021-10,MUN,PR|UMUARAMA,glp,14,115.0,110.0,119.67,105.0,120.0
2021-10,MUN,PR|UNIAO DA VITORIA,glp,5,110.0,110.0,110.9,110.0,111.5
2021-10,MUN,RJ|ANGRA DOS REIS,glp,7,104.95,104.9,105.0,104.9,105.0
2021-10,MUN,RJ|ARARUAMA,glp,11,85.0,81.99,86.99,80.0,88.99
2021-10,MUN,RJ|BARRA MANSA,glp,8,94.5,93.327,98.0,91.99,98.0
2021-10,MUN,RJ|BELFORD ROXO,glp,12,86.5,83.996,92.5,83.0,92.5
2021-10,MUN,RJ|CABO FRIO,glp,8,88.992,87.49,90.944,87.49,91.99
2021-10,MUN,RJ|CAMPOS DOS GOYTACAZES,glp,20,90.0,86.755,92.0,84.99,93.0
2021-10,MUN,RJ|DUQUE DE CAXIAS,glp,33,89.0,82.0,92.9,80.0,94.99
2021-10,MUN,RJ|ITAPERUNA,glp,6,94.0,92.5,96.5,92.5,98.0
2021-10,MUN,RJ|MARICA,glp,6,88.245,81.99,92.495,77.99,93.0
2021-10,MUN,RJ|NILOPOLIS,glp,11,92.5,90.0,95.0,85.0,95.0
2021-10,MUN,RJ|NITEROI,glp,10,86.995,83.791,90.191,82.0,92.0
2021-10,MUN,RJ|NOVA FRIBURGO,glp,10,109.05,107.18,111.0,107.0,111.0
2021-10,MUN,RJ|NOVA IGUACU,glp,19,90.0,86.396,95.0,80.0,95.0
2021-10,MUN,RJ|PETROPOLIS,glp,14,90.0,89.99,97.55,89.5,99.99
2021-10,MUN,RJ|RESENDE,glp,6,88.175,86.99,102.495,86.99,110.0
2021-10,MUN,RJ|RIO BONITO,glp,6,83.49,81.195,86.242,80.4,87.495
2021-10,MUN,RJ|RIO DE JANEIRO,glp,44,93.99,87.3,95.0,84.0,95.99
2021-10,MUN,RJ|SAO FRANCISCO DE ITABAPOANA,glp,4,94.75,90.2,97.55,89.0,98.0
2021-10,MUN,RJ|SAO GONCALO,glp,17,90.0,87.284,93.497,86.49,95.5
2021-10,MUN,RJ|SAO JOAO DE MERITI,glp,14,88.75,84.644,94.25,82.995,95.0
2021-10,MUN,RJ|SAQUAREMA,glp,8,83.5,79.493,90.5,76.0,94.0
2021-10,MUN,RJ|TERESOPOLIS,glp,6,104.45,100.95,106.95,100.0,107.0
2021-10,MUN,RJ|TRES RIOS,glp,2,102.495,100.491,104.499,99.99,105.0
2021-10,MUN,RJ|VALENCA,glp,7,94.0,88.2,95.0,87.0,95.0
2021-10,MUN,RJ|VOLTA REDONDA,glp,9,93.9,91.18,100.1,89.9,100.9
2021-10,MUN,RN|MOSSORO,glp,7,105.0,101.5,110.0,100.0,110.0
2021-10,MUN,RN|NATAL,glp,22,107.5,100.0,114.75,94.0,120.0
2021-10,MUN,RN|PARNAMIRIM,glp,21,110.0,105.0,110.0,99.99,118.0
2021-10,MUN,RO|CACOAL,glp,8,123.25,119.4,128.7,118.0,135.0
2021-10,MUN,RO|PIMENTA BUENO,glp,4,127.5,125.6,128.7,125.0,129.0
2021-10,MUN,RO|PORTO VELHO,glp,35,110.0,103.5,119.2,99.0,120.0
2021-10,MUN,RO|VILHENA,glp,8,125.0,121.4,128.6,120.0,130.0
2021-10,MUN,RR|BOA VISTA,glp,87,111.0,108.0,115.0,102.0,130.0
2021-10,MUN,RS|ALEGRETE,glp,9,102.0,99.0,105.58,99.0,107.9
2021-10,MUN,RS|ALVORADA,glp,9,94.0,88.998,101.8,88.99,105.0
2021-10,MUN,RS|BAGE,glp,26,103.75,97.75,105.0,93.0,105.0
2021-10,MUN,RS|BENTO GONCALVES,glp,4,106.45,101.5,114.97,100.0,118.0
2021-10,MUN,RS|CACHOEIRA DO SUL,glp,7,99.0,97.6,106.2,97.0,111.0
2021-10,MUN,RS|CACHOEIRINHA,glp,6,97.75,93.7,104.5,93.4,109.0
2021-10,MUN,RS|CANOAS,glp,15,96.0,90.594,100.0,88.5,100.5
2021-10,MUN,RS|CAXIAS DO SUL,glp,45,105.0,93.5,116.3,89.9,119.9
2021-10,MUN,RS|CRUZ ALTA,glp,4,95.9,94.57,95.9,94.0,95.9
2021-10,MUN,RS|ESTEIO,glp,11,98.0,94.0,102.5,91.0,103.0
2021-10,MUN,RS|GRAVATAI,glp,8,96.0,92.78,97.564,92.5,98.995
2021-10,MUN,RS|GUAIBA,glp,6,100.0,97.45,102.5,95.9,105.0
2021-10,MUN,RS|IJUI,glp,6,106.0,102.5,110.0,100.0,110.0
2021-10,MUN,RS|LAJEADO,glp,7,105.0,97.4,107.5,96.5,107.5
2021-10,MUN,RS|NOVO HAMBURGO,glp,12,95.25,93.05,97.45,92.0,100.0
2021-10,MUN,RS|OSORIO,glp,6,102.0,97.45,110.0,95.0,115.0
2021-10,MUN,RS|PASSO FUNDO,glp,3,100.0,100.0,100.0,100.0,100.0
2021-10,MUN,RS|PELOTAS,glp,48,98.0,95.0,104.15,93.0,120.0
2021-10,MUN,RS|PORTO ALEGRE,glp,24,104.0,98.927,110.0,93.0,115.0
2021-10,MUN,RS|RIO GRANDE,glp,8,97.5,95.0,100.75,95.0,102.5
2021-10,MUN,RS|SANTA CRUZ DO SUL,glp,17,100.0,95.0,105.0,94.0,107.0
2021-10,MUN,RS|SANTA MARIA,glp,37,103.5,100.0,105.0,99.0,119.9
2021-10,MUN,RS|SANTA ROSA,glp,8,101.0,94.7,105.8,94.0,110.0
2021-10,MUN,RS|SANTANA DO LIVRAMENTO,glp,16,100.0,95.0,104.5,89.5,107.5
2021-10,MUN,RS|SANTO ANGELO,glp,3,130.275,126.055,134.055,125.0,135.0
2021-10,MUN,RS|SAO GABRIEL,glp,11,99.99,95.0,102.0,95.0,114.0
2021-10,MUN,RS|SAO LEOPOLDO,glp,8,95.0,89.4,97.3,88.0,98.0
2021-10,MUN,RS|SAO LUIZ GONZAGA,glp,9,100.0,94.0,105.0,94.0,105.0
2021-10,MUN,RS|SAPIRANGA,glp,5,105.0,101.4,113.0,99.0,115.0
2021-10,MUN,RS|SAPUCAIA DO SUL,glp,20,96.0,91.991,100.25,91.5,103.0
2021-10,MUN,RS|TORRES,glp,6,96.2,91.2,106.242,90.0,110.0
2021-10,MUN,RS|URUGUAIANA,glp,10,118.0,110.5,118.2,97.0,120.0
2021-10,MUN,RS|VIAMAO,glp,16,99.5,96.495,103.725,93.45,105.0
2021-10,MUN,SC|ARARANGUA,glp,6,102.25,97.5,103.0,95.0,103.0
2021-10,MUN,SC|BALNEARIO CAMBORIU,glp,3,114.0,106.8,114.0,105.0,114.0
2021-10,MUN,SC|BIGUACU,glp,2,111.0,110.2,111.8,110.0,112.0
2021-10,MUN,SC|BLUMENAU,glp,13,120.0,116.0,120.0,110.0,120.0
2021-10,MUN,SC|BRUSQUE,glp,6,113.0,112.5,115.0,112.5,115.0
2021-10,MUN,SC|CACADOR,glp,6,115.0,110.0,122.5,110.0,125.0
2021-10,MUN,SC|CHAPECO,glp,8,117.0,115.0,120.75,115.0,122.5
2021-10,MUN,SC|CONCORDIA,glp,5,102.0,96.8,107.994,95.0,109.99
2021-10,MUN,SC|CRICIUMA,glp,2,104.25,103.65,104.85,103.5,105.0
2021-10,MUN,SC|FLORIANOPOLIS,glp,4,113.99,112.597,116.797,112.0,118.0
2021-10,MUN,SC|ITAJAI,glp,3,109.0,103.0,112.2,101.5,113.0
2021-10,MUN,SC|JARAGUA DO SUL,glp,6,103.9,100.695,110.0,99.99,110.0
2021-10,MUN,SC|JOINVILLE,glp,6,108.0,108.0,110.0,108.0,110.0
2021-10,MUN,SC|LAGES,glp,6,100.0,98.0,100.0,98.0,100.0
2021-10,MUN,SC|LAGUNA,glp,4,97.0,95.993,99.4,95.99,100.0
2021-10,MUN,SC|MAFRA,glp,8,105.0,100.0,107.22,100.0,112.4
2021-10,MUN,SC|PALHOCA,glp,3,113.99,113.198,113.99,113.0,113.99
2021-10,MUN,SC|SAO JOSE,glp,3,114.0,114.0,114.796,114.0,114.995
2021-10,MUN,SC|TUBARAO,glp,2,105.0,105.0,105.0,105.0,105.0
2021-10,MUN,SC|VIDEIRA,glp,9,110.0,101.8,125.2,93.0,130.0
2021-10,MUN,SE|ARACAJU,glp,20,94.9,91.8,100.0,87.0,100.0
2021-10,MUN,SE|ITABAIANA,glp,7,93.0,91.2,97.6,90.0,100.0
2021-10,MUN,SE|NOSSA SENHORA DAS DORES,glp,1,90.0,90.0,90.0,90.0,90.0
2021-10,MUN,SE|NOSSA SENHORA DO SOCORRO,glp,8,91.75,89.498,95.0,89.495,95.0
2021-10,MUN,SP|ADAMANTINA,glp,5,100.0,97.0,106.3,95.0,107.5
2021-10,MUN,SP|AMERICANA,glp,16,97.5,94.99,105.5,94.99,110.0
2021-10,MUN,SP|AMPARO,glp,4,107.5,101.5,116.3,100.0,119.0
2021-10,MUN,SP|ARACATUBA,glp,33,97.0,96.49,99.5,93.0,102.5
2021-10,MUN,SP|ARARAQUARA,glp,13,106.99,105.0,118.0,102.0,118.0
2021-10,MUN,SP|ARARAS,glp,7,99.9,99.14,101.76,98.0,102.9
2021-10,MUN,SP|ASSIS,glp,8,102.4,94.1,104.27,92.0,104.9
2021-10,MUN,SP|ATIBAIA,glp,14,105.0,100.0,106.75,93.99,110.0
2021-10,MUN,SP|AVARE,glp,8,99.995,99.963,103.25,99.9,105.0
2021-10,MUN,SP|BARRETOS,glp,3,108.0,105.592,111.2,104.99,112.0
2021-10,MUN,SP|BARUERI,glp,36,99.99,92.75,106.0,90.0,113.0
2021-10,MUN,SP|BAURU,glp,19,100.0,95.4,105.6,94.99,108.0
2021-10,MUN,SP|BEBEDOURO,glp,13,105.0,100.0,109.5,100.0,110.0
2021-10,MUN,SP|BIRIGUI,glp,30,99.75,96.95,105.25,92.5,107.5
2021-10,MUN,SP|BRAGANCA PAULISTA,glp,11,103.0,97.49,105.0,94.41,109.99
2021-10,MUN,SP|CACAPAVA,glp,8,108.995,104.697,120.6,103.99,122.0
2021-10,MUN,SP|CAMPINAS,glp,12,96.97,95.148,99.89,94.99,104.99
2021-10,MUN,SP|CARAGUATATUBA,glp,3,100.0,98.4,104.0,98.0,105.0
2021-10,MUN,SP|CARAPICUIBA,glp,21,99.99,92.49,102.49,90.0,104.99
2021-10,MUN,SP|CATANDUVA,glp,9,100.0,89.998,106.0,89.99,110.0
2021-10,MUN,SP|COSMOPOLIS,glp,5,84.99,84.99,89.494,84.99,92.49
2021-10,MUN,SP|COTIA,glp,8,104.995,101.744,114.15,99.99,118.0
2021-10,MUN,SP|CRUZEIRO,glp,8,93.0,89.7,95.6,89.0,97.0
2021-10,MUN,SP|CUBATAO,glp,6,106.5,102.225,117.5,102.0,120.0
2021-10,MUN,SP|DIADEMA,glp,34,110.0,97.99,115.0,95.0,115.0
2021-10,MUN,SP|DRACENA,glp,4,105.0,105.0,108.5,105.0,110.0
2021-10,MUN,SP|EMBU DAS ARTES,glp,6,102.242,98.74,111.95,97.49,118.9
2021-10,MUN,SP|FRANCA,glp,32,99.99,92.731,104.999,89.9,110.0
2021-10,MUN,SP|GARCA,glp,7,95.995,93.896,104.0,92.99,110.0
2021-10,MUN,SP|GUARATINGUETA,glp,13,95.0,91.7,98.6,91.0,103.0
2021-10,MUN,SP|GUARUJA,glp,8,97.495,91.75,103.24,90.0,104.99
2021-10,MUN,SP|GUARULHOS,glp,20,99.99,97.499,105.0,94.99,107.5
2021-10,MUN,SP|HORTOLANDIA,glp,9,100.0,93.69,106.3,92.49,107.5
2021-10,MUN,SP|IBITINGA,glp,6,107.5,105.0,110.0,105.0,110.0
2021-10,MUN,SP|INDAIATUBA,glp,19,105.0,97.881,108.0,95.0,110.0
2021-10,MUN,SP|ITANHAEM,glp,4,108.75,107.15,110.7,107.0,111.0
2021-10,MUN,SP|ITAPECERICA DA SERRA,glp,7,99.99,95.49,105.0,92.49,105.0
2021-10,MUN,SP|ITAPETININGA,glp,11,104.0,102.99,110.0,100.0,110.0
2021-10,MUN,SP|ITAPEVA,glp,4,110.25,106.05,112.262,105.0,112.375
2021-10,MUN,SP|ITAPIRA,glp,5,100.0,96.924,104.8,94.88,108.0
2021-10,MUN,SP|ITAPOLIS,glp,8,101.5,96.75,105.0,95.0,105.0
2021-10,MUN,SP|ITAQUAQUECETUBA,glp,14,96.99,94.992,101.39,94.99,103.99
2021-10,MUN,SP|ITATIBA,glp,4,100.7,99.65,102.52,99.5,103.0
2021-10,MUN,SP|ITU,glp,10,99.498,95.81,100.5,95.0,105.0
2021-10,MUN,SP|JABOTICABAL,glp,5,96.5,95.578,99.2,95.0,100.0
2021-10,MUN,SP|JACAREI,glp,9,98.0,88.398,102.9,85.99,104.9
2021-10,MUN,SP|JALES,glp,12,92.5,90.041,95.0,89.99,100.0
2021-10,MUN,SP|JAU,glp,13,105.0,102.0,108.6,100.0,113.5
2021-10,MUN,SP|JOSE BONIFACIO,glp,6,107.5,95.0,110.0,90.0,110.0
2021-10,MUN,SP|JUNDIAI,glp,8,104.5,99.093,110.6,97.0,112.0
2021-10,MUN,SP|LEME,glp,10,100.0,100.0,106.7,100.0,113.0
2021-10,MUN,SP|LIMEIRA,glp,14,97.0,90.0,104.25,90.0,105.0
2021-10,MUN,SP|LINS,glp,11,102.5,99.9,107.0,95.0,108.0
2021-10,MUN,SP|LORENA,glp,12,91.0,85.1,94.999,85.0,97.0
2021-10,MUN,SP|MARILIA,glp,7,112.0,109.0,113.8,107.5,115.0
2021-10,MUN,SP|MATAO,glp,8,100.495,99.74,114.5,97.99,125.0
2021-10,MUN,SP|MAUA,glp,47,100.0,99.794,106.994,92.49,111.0
2021-10,MUN,SP|MIRASSOL,glp,10,100.0,99.541,100.0,95.5,100.0
2021-10,MUN,SP|MOCOCA,glp,5,105.0,99.1,105.0,97.5,105.0
2021-10,MUN,SP|MOGI DAS CRUZES,glp,33,99.0,94.99,105.0,90.0,105.0
2021-10,MUN,SP|MOGI GUACU,glp,11,95.0,94.0,98.0,92.5,98.0
2021-10,MUN,SP|MOGI MIRIM,glp,8,94.5,92.497,97.263,88.99,97.9
2021-10,MUN,SP|MONTE ALTO,glp,7,100.0,99.2,105.0,98.0,105.0
2021-10,MUN,SP|OLIMPIA,glp,7,90.0,89.0,92.0,87.5,95.0
2021-10,MUN,SP|OSASCO,glp,37,99.99,95.998,103.19,89.99,117.5
2021-10,MUN,SP|OURINHOS,glp,21,100.0,95.0,103.0,94.0,105.0
2021-10,MUN,SP|PARAGUACU PAULISTA,glp,12,103.0,98.65,104.8,97.5,110.0
2021-10,MUN,SP|PAULINIA,glp,9,97.5,95.398,98.194,94.99,98.99
2021-10,MUN,SP|PINDAMONHANGABA,glp,10,100.0,97.5,101.75,93.0,104.0
2021-10,MUN,SP|PIRACICABA,glp,16,97.49,94.995,105.0,91.49,110.0
2021-10,MUN,SP|PIRASSUNUNGA,glp,2,91.0,87.8,94.2,87.0,95.0
2021-10,MUN,SP|POA,glp,8,99.99,92.99,102.295,92.99,102.995
2021-10,MUN,SP|PORTO FERREIRA,glp,2,95.5,92.7,98.3,92.0,99.0
2021-10,MUN,SP|PRAIA GRANDE,glp,13,102.99,99.9,103.8,97.99,104.0
2021-10,MUN,SP|PRESIDENTE PRUDENTE,glp,13,95.45,93.0,102.4,88.9,105.0
2021-10,MUN,SP|PRESIDENTE VENCESLAU,glp,5,101.0,98.4,103.8,98.0,105.0
2021-10,MUN,SP|RIBEIRAO PIRES,glp,20,99.95,94.809,107.55,93.0,108.0
2021-10,MUN,SP|RIBEIRAO PRETO,glp,38,104.998,97.95,110.0,89.45,113.0
2021-10,MUN,SP|RIO CLARO,glp,6,99.0,97.0,99.995,95.0,100.0
2021-10,MUN,SP|SALTO,glp,13,95.0,94.118,101.6,92.5,102.0
2021-10,MUN,SP|SANTA BARBARA D'OESTE,glp,13,95.0,94.99,95.0,92.99,100.0
2021-10,MUN,SP|SANTA CRUZ DO RIO PARDO,glp,19,105.0,100.0,110.0,100.0,110.5
2021-10,MUN,SP|SANTO ANDRE,glp,33,100.0,92.998,106.998,92.49,109.99
2021-10,MUN,SP|SANTOS,glp,24,104.5,97.59,119.7,96.0,120.0
2021-10,MUN,SP|SAO BERNARDO DO CAMPO,glp,37,104.99,97.0,115.4,94.99,127.0
2021-10,MUN,SP|SAO CAETANO DO SUL,glp,6,105.0,101.995,105.0,99.99,105.0
2021-10,MUN,SP|SAO CARLOS,glp,14,106.5,100.53,114.25,98.995,117.0
2021-10,MUN,SP|SAO JOAO DA BOA VISTA,glp,12,100.0,100.0,105.0,100.0,107.5
2021-10,MUN,SP|SAO JOSE DO RIO PRETO,glp,21,98.99,95.0,115.0,90.0,117.5
2021-10,MUN,SP|SAO JOSE DOS CAMPOS,glp,18,97.742,88.144,105.149,81.99,109.99
2021-10,MUN,SP|SAO PAULO,glp,92,99.99,89.991,109.99,84.5,116.49
2021-10,MUN,SP|SAO ROQUE,glp,7,99.0,93.893,102.0,89.99,105.0
2021-10,MUN,SP|SAO VICENTE,glp,18,98.9,94.24,100.742,92.49,102.99
2021-10,MUN,SP|SERTAOZINHO,glp,15,100.0,98.5,105.0,90.0,105.0
2021-10,MUN,SP|SOROCABA,glp,19,100.0,94.8,106.0,93.0,110.0
2021-10,MUN,SP|SUMARE,glp,9,97.49,92.49,99.2,92.49,104.0
2021-10,MUN,SP|SUZANO,glp,20,99.99,94.891,106.991,93.99,107.0
2021-10,MUN,SP|TABOAO DA SERRA,glp,6,98.742,96.74,103.945,95.99,104.99
2021-10,MUN,SP|TATUI,glp,9,109.995,106.798,110.0,103.99,110.0
2021-10,MUN,SP|TAUBATE,glp,17,96.0,91.8,98.0,90.0,102.0
2021-10,MUN,SP|UBATUBA,glp,12,104.995,95.0,106.8,93.0,108.5
2021-10,MUN,SP|VALINHOS,glp,5,98.99,92.99,99.718,92.99,99.9
2021-10,MUN,SP|VARZEA PAULISTA,glp,8,95.75,93.1,106.593,91.0,108.0
2021-10,MUN,SP|VINHEDO,glp,4,102.698,102.12,107.828,102.0,109.9
2021-10,MUN,SP|VOTORANTIM,glp,18,99.495,94.247,103.3,92.49,105.0
2021-10,MUN,SP|VOTUPORANGA,glp,10,96.45,89.999,99.1,89.99,100.0
2021-10,MUN,TO|ARAGUAINA,glp,27,115.0,105.0,115.0,100.0,120.0
2021-10,MUN,TO|GURUPI,glp,39,117.5,113.2,117.5,106.5,120.0
2021-10,MUN,TO|PALMAS,glp,30,102.5,100.0,110.0,95.0,115.0
2021-10,UF,AC,glp,48,115.0,110.0,120.0,108.0,125.0
2021-10,UF,AL,glp,23,97.0,94.12,100.0,86.99,102.5
2021-10,UF,AM,glp,77,104.0,97.0,110.7,94.0,124.0
2021-10,UF,AP,glp,18,114.25,107.8,120.0,105.0,121.0
2021-10,UF,BA,glp,261,94.99,85.0,100.0,76.0,115.0
2021-10,UF,CE,glp,141,105.0,96.49,110.0,90.0,115.0
2021-10,UF,DF,glp,55,95.0,92.5,98.0,91.99,103.99
2021-10,UF,ES,glp,99,95.0,87.4,104.2,75.99,110.0
2021-10,UF,GO,glp,273,104.99,94.594,112.5,85.99,130.0
2021-10,UF,MA,glp,63,100.0,99.99,104.99,97.495,105.0
2021-10,UF,MG,glp,624,103.995,95.0,112.0,84.99,125.0
2021-10,UF,MS,glp,140,98.0,91.95,107.5,88.0,124.0
2021-10,UF,MT,glp,133,125.0,108.4,133.7,97.5,135.0
2021-10,UF,PA,glp,188,102.5,95.0,114.3,89.0,125.0
2021-10,UF,PB,glp,73,102.5,97.2,110.0,89.0,120.0
2021-10,UF,PE,glp,281,94.0,89.0,100.0,80.0,114.0
2021-10,UF,PI,glp,69,105.0,100.0,107.998,99.99,120.0
2021-10,UF,PR,glp,471,105.0,95.0,115.0,85.0,125.0
2021-10,UF,RJ,glp,298,90.0,84.9,98.0,76.0,111.0
2021-10,UF,RN,glp,50,108.75,100.0,111.6,94.0,120.0
2021-10,UF,RO,glp,55,115.0,105.0,126.6,99.0,135.0
2021-10,UF,RR,glp,87,111.0,108.0,115.0,102.0,130.0
2021-10,UF,RS,glp,430,100.0,94.0,109.9,88.0,135.0
2021-10,UF,SC,glp,105,110.0,100.0,120.0,93.0,130.0
2021-10,UF,SE,glp,36,94.0,89.75,99.0,87.0,100.0
2021-10,UF,SP,glp,1459,100.0,94.0,109.0,81.99,127.0
2021-10,UF,TO,glp,96,114.5,102.5,117.5,95.0,120.0
2021-11,BR,BR,glp,5993,102.99,93.0,115.0,78.0,140.0
2021-11,MUN,AC|CRUZEIRO DO SUL,glp,5,120.0,117.6,120.0,116.0,120.0
2021-11,MUN,AC|RIO BRANCO,glp,51,115.0,112.0,120.0,109.0,130.0
2021-11,MUN,AL|ARAPIRACA,glp,9,99.0,97.18,101.0,93.9,105.0
2021-11,MUN,AL|DELMIRO GOUVEIA,glp,2,102.5,100.5,104.5,100.0,105.0
2021-11,MUN,AL|MACEIO,glp,11,100.0,95.0,100.0,86.99,100.0
2021-11,MUN,AM|ITACOATIARA,glp,9,112.0,111.6,115.0,110.0,115.0
2021-11,MUN,AM|MANAUS,glp,54,105.0,100.0,109.0,97.0,115.0
2021-11,MUN,AM|TEFE,glp,6,124.0,120.0,125.0,116.0,125.0
2021-11,MUN,AP|MACAPA,glp,19,116.5,112.0,120.2,110.0,121.0
2021-11,MUN,BA|BARREIRAS,glp,5,115.0,112.0,115.0,110.0,115.0
2021-11,MUN,BA|BRUMADO,glp,4,96.0,91.5,99.1,90.0,100.0
2021-11,MUN,BA|CAMACARI,glp,29,98.0,95.0,105.0,92.0,105.0
2021-11,MUN,BA|EUNAPOLIS,glp,13,89.99,88.0,94.398,88.0,95.0
2021-11,MUN,BA|FEIRA DE SANTANA,glp,13,92.0,88.0,97.0,87.99,97.0
2021-11,MUN,BA|GUANAMBI,glp,15,100.0,99.94,100.0,95.0,100.0
2021-11,MUN,BA|ILHEUS,glp,6,103.5,101.0,110.0,100.0,110.0
2021-11,MUN,BA|IRECE,glp,3,92.0,92.0,92.8,92.0,93.0
2021-11,MUN,BA|ITABUNA,glp,10,99.0,89.7,105.0,87.0,105.0
2021-11,MUN,BA|JEQUIE,glp,8,87.0,83.5,89.3,80.0,90.0
2021-11,MUN,BA|JUAZEIRO,glp,6,98.5,97.0,100.0,96.0,100.0
2021-11,MUN,BA|LAURO DE FREITAS,glp,34,94.995,89.993,101.35,81.495,110.0
2021-11,MUN,BA|PAULO AFONSO,glp,4,95.5,89.8,97.7,88.0,98.0
2021-11,MUN,BA|SALVADOR,glp,139,94.99,87.99,99.19,81.0,102.0
2021-11,MUN,BA|SIMOES FILHO,glp,17,90.0,83.8,99.697,82.0,108.0
2021-11,MUN,BA|VALENCA,glp,5,110.0,104.0,110.0,100.0,110.0
2021-11,MUN,BA|VITORIA DA CONQUISTA,glp,5,95.0,90.793,97.8,87.995,98.0
2021-11,MUN,CE|AQUIRAZ,glp,1,100.0,100.0,100.0,100.0,100.0
2021-11,MUN,CE|CAUCAIA,glp,16,105.0,92.5,106.5,89.0,115.0
2021-11,MUN,CE|CRATEUS,glp,5,110.0,100.0,110.0,100.0,110.0
2021-11,MUN,CE|CRATO,glp,14,108.0,99.297,108.0,97.5,110.0
2021-11,MUN,CE|FORTALEZA,glp,55,105.0,97.4,110.0,93.0,114.0
2021-11,MUN,CE|ICO,glp,3,110.0,106.8,114.0,106.0,115.0
2021-11,MUN,CE|IGUATU,glp,3,104.0,103.2,106.4,103.0,107.0
2021-11,MUN,CE|ITAPIPOCA,glp,8,102.5,99.4,105.6,98.0,107.0
2021-11,MUN,CE|JUAZEIRO DO NORTE,glp,12,108.0,105.15,108.0,104.0,108.0
2021-11,MUN,CE|LIMOEIRO DO NORTE,glp,4,107.5,98.0,110.0,95.0,110.0
2021-11,MUN,CE|MARACANAU,glp,9,104.0,98.0,106.0,90.0,110.0
2021-11,MUN,CE|QUIXADA,glp,5,100.0,96.6,105.0,95.0,105.0
2021-11,MUN,CE|SOBRAL,glp,4,108.75,105.75,110.0,105.0,110.0
2021-11,MUN,DF|BRASILIA,glp,59,97.99,94.99,99.99,89.99,107.0
2021-11,MUN,ES|ARACRUZ,glp,6,96.5,92.5,101.5,92.0,103.0
2021-11,MUN,ES|CARIACICA,glp,26,89.99,85.0,94.745,83.995,105.0
2021-11,MUN,ES|GUARAPARI,glp,9,95.0,92.398,100.0,89.99,100.0
2021-11,MUN,ES|LINHARES,glp,18,100.0,100.0,105.0,98.0,105.0
2021-11,MUN,ES|SERRA,glp,26,105.0,100.0,105.0,89.99,105.0
2021-11,MUN,ES|VILA VELHA,glp,20,95.0,91.491,96.1,85.0,104.0
2021-11,MUN,ES|VITORIA,glp,7,105.0,95.0,110.0,95.0,110.0
2021-11,MUN,GO|AGUAS LINDAS DE GOIAS,glp,21,94.99,89.99,98.0,84.99,102.0
2021-11,MUN,GO|ANAPOLIS,glp,22,110.0,110.0,112.25,107.5,115.0
2021-11,MUN,GO|APARECIDA DE GOIANIA,glp,20,107.0,100.0,114.9,99.99,115.0
2021-11,MUN,GO|CALDAS NOVAS,glp,5,115.0,115.0,115.0,115.0,115.0
2021-11,MUN,GO|FORMOSA,glp,16,100.0,91.995,106.5,90.0,108.0
2021-11,MUN,GO|GOIANIA,glp,46,115.0,110.0,115.0,99.0,115.0
2021-11,MUN,GO|ITUMBIARA,glp,18,110.0,107.1,115.0,100.0,130.0
2021-11,MUN,GO|JATAI,glp,9,130.0,125.0,130.0,125.0,130.0
2021-11,MUN,GO|LUZIANIA,glp,10,99.99,97.99,100.1,97.99,101.0
2021-11,MUN,GO|MINEIROS,glp,8,115.0,115.0,115.0,115.0,115.0
2021-11,MUN,GO|MORRINHOS,glp,7,105.0,100.994,107.0,95.0,110.0
2021-11,MUN,GO|RIO VERDE,glp,15,115.0,110.0,120.0,110.0,120.0
2021-11,MUN,GO|TRINDADE,glp,60,100.0,98.6,105.0,90.0,114.0
2021-11,MUN,GO|VALPARAISO DE GOIAS,glp,17,99.99,96.2,103.8,95.0,110.0
2021-11,MUN,MA|IMPERATRIZ,glp,28,100.0,99.99,100.0,97.5,100.0
2021-11,MUN,MA|SAO JOSE DE RIBAMAR,glp,10,104.99,104.99,104.99,104.99,104.99
2021-11,MUN,MA|SAO LUIS,glp,21,104.99,104.99,104.99,103.99,120.0
2021-11,MUN,MG|ALFENAS,glp,9,105.0,104.0,108.0,100.0,110.0
2021-11,MUN,MG|ARAGUARI,glp,13,105.0,100.0,109.5,100.0,120.0
2021-11,MUN,MG|ARAXA,glp,12,105.0,100.4,110.0,98.0,115.0
2021-11,MUN,MG|BARBACENA,glp,16,100.0,95.0,105.0,94.99,105.0
2021-11,MUN,MG|BELO HORIZONTE,glp,26,100.0,96.0,112.5,94.99,120.0
2021-11,MUN,MG|BETIM,glp,36,105.0,99.75,110.0,97.0,115.0
2021-11,MUN,MG|BOM DESPACHO,glp,5,110.0,100.0,110.0,100.0,110.0
2021-11,MUN,MG|CAMPO BELO,glp,8,104.498,100.0,105.0,100.0,105.0
2021-11,MUN,MG|CONSELHEIRO LAFAIETE,glp,13,98.0,95.0,109.0,95.0,112.0
2021-11,MUN,MG|CONTAGEM,glp,52,105.0,98.0,112.25,95.99,117.5
2021-11,MUN,MG|DIVINOPOLIS,glp,6,96.498,94.99,105.0,94.99,110.0
2021-11,MUN,MG|FORMIGA,glp,15,105.0,104.0,105.0,104.0,107.5
2021-11,MUN,MG|IPATINGA,glp,19,107.0,100.0,115.0,94.0,115.0
2021-11,MUN,MG|ITAUNA,glp,15,103.0,98.4,108.6,95.99,110.0
2021-11,MUN,MG|ITUIUTABA,glp,17,108.0,101.2,110.0,95.0,110.0
2021-11,MUN,MG|JANUARIA,glp,16,121.0,115.555,123.5,110.0,125.0
2021-11,MUN,MG|JOAO MONLEVADE,glp,9,100.0,99.0,104.2,95.0,105.0
2021-11,MUN,MG|JOAO PINHEIRO,glp,10,118.0,114.99,118.0,114.9,118.0
2021-11,MUN,MG|JUIZ DE FORA,glp,23,100.0,94.992,105.0,89.0,110.0
2021-11,MUN,MG|LAVRAS,glp,10,97.0,95.0,99.4,95.0,112.0
2021-11,MUN,MG|LEOPOLDINA,glp,6,102.25,100.0,106.75,100.0,108.5
2021-11,MUN,MG|MANHUACU,glp,6,102.5,99.95,107.5,99.9,110.0
2021-11,MUN,MG|MONTE CARMELO,glp,16,105.0,103.0,107.5,100.0,110.0
2021-11,MUN,MG|MONTES CLAROS,glp,38,110.0,108.7,115.6,105.0,120.0
2021-11,MUN,MG|MURIAE,glp,11,102.99,100.0,109.5,98.0,110.0
2021-11,MUN,MG|OLIVEIRA,glp,4,106.0,105.0,107.0,105.0,107.0
2021-11,MUN,MG|PARA DE MINAS,glp,6,104.45,101.5,105.0,100.0,105.0
2021-11,MUN,MG|PARACATU,glp,10,110.0,105.0,110.0,105.0,110.0
2021-11,MUN,MG|PASSOS,glp,32,108.75,102.75,110.0,100.0,115.0
2021-11,MUN,MG|PATOS DE MINAS,glp,12,110.0,100.5,115.0,100.0,115.0
2021-11,MUN,MG|PATROCINIO,glp,11,105.0,100.0,110.0,100.0,110.0
2021-11,MUN,MG|POCOS DE CALDAS,glp,16,108.0,107.0,109.995,105.0,110.0
2021-11,MUN,MG|POUSO ALEGRE,glp,3,95.0,95.0,97.4,95.0,98.0
2021-11,MUN,MG|SAO JOAO DEL REI,glp,15,105.0,100.0,105.0,94.99,105.0
2021-11,MUN,MG|SAO SEBASTIAO DO PARAISO,glp,20,95.0,90.0,105.5,90.0,110.0
2021-11,MUN,MG|SETE LAGOAS,glp,11,98.9,95.0,103.0,93.0,106.0
2021-11,MUN,MG|TEOFILO OTONI,glp,17,105.0,101.2,106.4,98.0,107.0
2021-11,MUN,MG|TRES CORACOES,glp,10,95.0,92.9,98.2,92.0,100.0
2021-11,MUN,MG|UBA,glp,13,105.0,100.5,109.0,100.0,115.0
2021-11,MUN,MG|UBERABA,glp,23,108.0,100.0,114.0,97.0,115.0
2021-11,MUN,MG|UBERLANDIA,glp,30,105.0,100.0,110.0,98.99,112.0
2021-11,MUN,MG|UNAI,glp,7,120.0,120.0,120.0,120.0,120.0
2021-11,MUN,MG|VARGINHA,glp,16,100.0,98.0,101.25,92.0,105.0
2021-11,MUN,MG|VICOSA,glp,4,110.5,105.9,114.4,105.0,115.0
2021-11,MUN,MS|CAMPO GRANDE,glp,123,98.0,92.99,100.0,89.9,116.0
2021-11,MUN,MS|DOURADOS,glp,31,105.0,100.0,115.0,95.0,124.0
2021-11,MUN,MS|PONTA PORA,glp,6,96.5,95.0,99.0,95.0,100.0
2021-11,MUN,MS|TRES LAGOAS,glp,18,103.745,100.0,105.0,100.0,107.5
2021-11,MUN,MT|ALTA FLORESTA,glp,16,130.0,130.0,135.0,125.0,138.0
2021-11,MUN,MT|CACERES,glp,10,109.0,105.0,110.5,105.0,115.0
2021-11,MUN,MT|CUIABA,glp,49,125.0,114.3,125.0,100.0,130.0
2021-11,MUN,MT|RONDONOPOLIS,glp,14,126.25,120.0,133.5,115.0,135.0
2021-11,MUN,MT|SINOP,glp,23,130.0,125.5,135.0,125.0,135.0
2021-11,MUN,MT|SORRISO,glp,19,132.5,130.0,140.0,127.5,140.0
2021-11,MUN,MT|VARZEA GRANDE,glp,14,125.0,115.0,125.0,115.0,125.0
2021-11,MUN,PA|ABAETETUBA,glp,7,100.0,98.0,105.0,98.0,105.0
2021-11,MUN,PA|ALENQUER,glp,4,101.245,96.497,104.25,95.0,105.0
2021-11,MUN,PA|ALTAMIRA,glp,10,120.0,115.0,122.75,115.0,125.0
2021-11,MUN,PA|ANANINDEUA,glp,26,105.0,99.995,110.0,99.99,119.99
2021-11,MUN,PA|BELEM,glp,46,108.0,104.995,113.245,95.0,116.0
2021-11,MUN,PA|BRAGANCA,glp,8,110.0,110.0,110.6,110.0,112.0
2021-11,MUN,PA|CAMETA,glp,10,110.0,109.5,115.0,105.0,115.0
2021-11,MUN,PA|CONCEICAO DO ARAGUAIA,glp,12,112.5,107.75,115.0,105.0,117.5
2021-11,MUN,PA|ITAITUBA,glp,5,120.0,117.0,123.0,115.0,125.0
2021-11,MUN,PA|MARABA,glp,5,116.0,115.0,120.0,115.0,120.0
2021-11,MUN,PA|SANTAREM,glp,56,100.0,97.5,105.0,90.0,109.0
2021-11,MUN,PB|BAYEUX,glp,5,105.0,103.5,105.0,102.5,105.0
2021-11,MUN,PB|CABEDELO,glp,7,105.0,103.0,114.4,100.0,115.0
2021-11,MUN,PB|CAMPINA GRANDE,glp,34,105.0,100.0,110.0,96.0,110.0
2021-11,MUN,PB|JOAO PESSOA,glp,25,105.0,99.994,110.0,89.99,115.0
2021-11,MUN,PB|SOUSA,glp,5,105.0,97.0,105.0,95.0,105.0
2021-11,MUN,PE|ARARIPINA,glp,3,110.0,110.0,110.0,110.0,110.0
2021-11,MUN,PE|ARCOVERDE,glp,4,96.25,93.596,99.25,92.995,100.0
2021-11,MUN,PE|BELO JARDIM,glp,8,95.5,93.7,100.8,93.0,105.0
2021-11,MUN,PE|CABO DE SANTO AGOSTINHO,glp,8,94.5,92.097,95.0,89.99,95.0
2021-11,MUN,PE|CARUARU,glp,8,95.0,89.7,101.5,89.0,105.0
2021-11,MUN,PE|GARANHUNS,glp,10,99.99,99.19,99.99,91.995,99.995
2021-11,MUN,PE|GOIANA,glp,6,95.0,92.5,97.5,90.0,100.0
2021-11,MUN,PE|IGARASSU,glp,22,95.0,95.0,100.0,94.0,100.0
2021-11,MUN,PE|JABOATAO DOS GUARARAPES,glp,27,93.0,90.0,95.0,80.0,95.0
2021-11,MUN,PE|LAJEDO,glp,5,90.0,90.0,90.0,90.0,90.0
2021-11,MUN,PE|OLINDA,glp,49,94.0,89.994,99.2,87.99,100.0
2021-11,MUN,PE|PAULISTA,glp,28,95.9,93.49,100.0,85.0,105.0
2021-11,MUN,PE|PETROLINA,glp,21,100.0,92.0,100.0,90.0,100.0
2021-11,MUN,PE|RECIFE,glp,75,94.0,89.99,100.0,86.0,105.0
2021-11,MUN,PE|SANTA CRUZ DO CAPIBARIBE,glp,5,110.0,110.0,110.0,110.0,110.0
2021-11,MUN,PE|SERRA TALHADA,glp,3,109.5,105.9,113.1,105.0,114.0
2021-11,MUN,PE|VITORIA DE SANTO ANTAO,glp,11,90.0,90.0,90.0,90.0,90.0
2021-11,MUN,PI|PARNAIBA,glp,3,115.0,115.0,119.0,115.0,120.0
2021-11,MUN,PI|PICOS,glp,2,109.995,109.991,109.999,109.99,110.0
2021-11,MUN,PI|TERESINA,glp,48,108.745,103.5,110.0,100.0,120.0
2021-11,MUN,PR|APUCARANA,glp,24,110.0,109.993,113.5,105.0,117.0
2021-11,MUN,PR|ARAPONGAS,glp,20,100.0,99.76,105.3,98.0,110.0
2021-11,MUN,PR|ARAUCARIA,glp,13,100.0,95.0,107.984,95.0,115.0
2021-11,MUN,PR|CAMBE,glp,19,110.0,100.0,115.0,100.0,115.0
2021-11,MUN,PR|CAMPO MOURAO,glp,12,114.0,112.05,116.8,112.0,120.0
2021-11,MUN,PR|CASCAVEL,glp,24,110.0,102.9,115.0,100.0,120.0
2021-11,MUN,PR|CASTRO,glp,8,102.5,95.0,106.5,95.0,110.0
2021-11,MUN,PR|CIANORTE,glp,17,115.0,113.0,120.0,110.0,120.0
2021-11,MUN,PR|COLOMBO,glp,24,99.225,94.3,100.7,89.9,107.0
2021-11,MUN,PR|CORNELIO PROCOPIO,glp,6,130.0,120.0,130.0,110.0,130.0
2021-11,MUN,PR|CURITIBA,glp,43,102.9,98.18,110.0,95.0,110.0
2021-11,MUN,PR|FOZ DO IGUACU,glp,22,120.0,115.0,125.0,108.0,125.0
2021-11,MUN,PR|FRANCISCO BELTRAO,glp,14,120.0,110.3,121.94,105.0,123.0
2021-11,MUN,PR|GUARAPUAVA,glp,9,110.0,106.8,112.0,106.0,120.0
2021-11,MUN,PR|LONDRINA,glp,67,100.0,95.0,110.0,90.0,115.0
2021-11,MUN,PR|MARINGA,glp,51,112.5,105.0,118.0,98.0,120.0
2021-11,MUN,PR|PARANAGUA,glp,13,95.0,92.0,98.6,89.0,105.0
2021-11,MUN,PR|PARANAVAI,glp,22,110.0,105.3,115.0,105.0,115.0
2021-11,MUN,PR|PINHAIS,glp,18,99.95,95.0,102.3,94.9,107.0
2021-11,MUN,PR|PONTA GROSSA,glp,28,102.5,94.0,107.0,93.9,110.0
2021-11,MUN,PR|SAO JOSE DOS PINHAIS,glp,13,99.9,97.364,104.4,90.0,109.9
2021-11,MUN,PR|TOLEDO,glp,28,105.0,99.693,110.75,97.495,115.0
2021-11,MUN,PR|UMUARAMA,glp,14,115.0,110.0,120.0,110.0,120.0
2021-11,MUN,PR|UNIAO DA VITORIA,glp,6,110.0,110.0,114.0,110.0,115.0
2021-11,MUN,RJ|ANGRA DOS REIS,glp,11,105.0,104.9,110.0,104.9,110.5
2021-11,MUN,RJ|ARARUAMA,glp,10,86.495,83.591,89.54,80.0,89.99
2021-11,MUN,RJ|BARRA MANSA,glp,8,96.5,93.327,98.6,91.99,100.0
2021-11,MUN,RJ|BELFORD ROXO,glp,12,88.0,85.1,92.25,83.5,95.0
2021-11,MUN,RJ|CABO FRIO,glp,8,89.99,89.99,90.297,89.99,90.99
2021-11,MUN,RJ|CAMPOS DOS GOYTACAZES,glp,18,90.0,89.0,93.6,87.0,95.0
2021-11,MUN,RJ|DUQUE DE CAXIAS,glp,32,89.99,86.099,90.0,80.0,93.0
2021-11,MUN,RJ|ITAPERUNA,glp,5,94.0,92.5,98.0,92.5,98.0
2021-11,MUN,RJ|MARICA,glp,6,89.495,82.99,92.495,79.99,93.0
2021-11,MUN,RJ|NILOPOLIS,glp,11,95.0,90.495,95.0,90.0,96.0
2021-11,MUN,RJ|NITEROI,glp,10,87.748,85.778,92.74,84.0,94.99
2021-11,MUN,RJ|NOVA FRIBURGO,glp,10,111.05,111.0,112.0,111.0,112.0
2021-11,MUN,RJ|NOVA IGUACU,glp,21,94.99,89.99,100.0,84.0,100.0
2021-11,MUN,RJ|PETROPOLIS,glp,13,94.9,89.99,97.98,87.0,99.99
2021-11,MUN,RJ|RESENDE,glp,6,87.995,86.49,102.495,85.99,110.0
2021-11,MUN,RJ|RIO BONITO,glp,5,84.99,82.236,84.99,80.4,84.99
2021-11,MUN,RJ|RIO DE JANEIRO,glp,80,94.99,87.9,97.99,84.0,102.0
2021-11,MUN,RJ|SAO FRANCISCO DE ITABAPOANA,glp,2,99.0,98.2,99.8,98.0,100.0
2021-11,MUN,RJ|SAO GONCALO,glp,16,90.25,88.99,95.0,87.99,95.0
2021-11,MUN,RJ|SAO JOAO DE MERITI,glp,18,93.995,87.392,95.0,85.99,104.99
2021-11,MUN,RJ|SAQUAREMA,glp,8,85.0,80.8,90.5,78.0,94.0
2021-11,MUN,RJ|TERESOPOLIS,glp,8,105.95,97.1,107.57,95.0,108.9
2021-11,MUN,RJ|TRES RIOS,glp,3,99.99,95.99,103.998,94.99,105.0
2021-11,MUN,RJ|VALENCA,glp,7,94.0,89.6,95.0,89.0,95.0
2021-11,MUN,RJ|VOLTA REDONDA,glp,10,96.95,94.8,99.1,93.9,100.9
2021-11,MUN,RN|MOSSORO,glp,7,105.0,103.0,107.0,100.0,110.0
2021-11,MUN,RN|NATAL,glp,22,110.0,100.0,115.0,96.0,120.0
2021-11,MUN,RN|PARNAMIRIM,glp,21,110.0,105.0,110.0,99.99,115.0
2021-11,MUN,RO|CACOAL,glp,8,127.5,124.7,135.0,124.0,135.0
2021-11,MUN,RO|PIMENTA BUENO,glp,4,129.0,128.3,129.0,128.0,129.0
2021-11,MUN,RO|PORTO VELHO,glp,36,112.5,105.0,120.0,100.0,120.0
2021-11,MUN,RO|VILHENA,glp,8,130.0,126.4,130.6,125.0,132.0
2021-11,MUN,RR|BOA VISTA,glp,96,112.0,108.5,115.0,97.0,130.0
2021-11,MUN,RS|ALEGRETE,glp,9,103.0,101.6,105.58,100.0,107.9
2021-11,MUN,RS|ALVORADA,glp,7,95.0,91.496,100.0,89.99,103.0
2021-11,MUN,RS|BAGE,glp,26,105.0,99.5,109.0,97.5,111.0
2021-11,MUN,RS|BENTO GONCALVES,glp,5,110.0,100.0,115.16,100.0,118.0
2021-11,MUN,RS|CACHOEIRA DO SUL,glp,7,99.0,98.6,103.0,98.0,103.0
2021-11,MUN,RS|CACHOEIRINHA,glp,6,98.5,95.45,105.5,94.9,109.0
2021-11,MUN,RS|CANOAS,glp,14,98.0,94.0,100.0,89.0,102.0
2021-11,MUN,RS|CAXIAS DO SUL,glp,62,105.0,95.0,114.36,85.0,119.9
2021-11,MUN,RS|CRUZ ALTA,glp,3,94.0,94.0,95.52,94.0,95.9
2021-11,MUN,RS|ESTEIO,glp,11,98.0,95.0,103.0,94.0,105.0
2021-11,MUN,RS|GRAVATAI,glp,8,96.0,95.63,99.0,95.0,99.0
2021-11,MUN,RS|GUAIBA,glp,6,100.0,97.45,102.5,95.9,105.0
2021-11,MUN,RS|IJUI,glp,11,110.0,105.0,115.0,94.9,120.0
2021-11,MUN,RS|LAJEADO,glp,7,100.0,94.0,112.0,85.0,115.0
2021-11,MUN,RS|NOVO HAMBURGO,glp,12,97.5,95.0,98.9,95.0,100.0
2021-11,MUN,RS|OSORIO,glp,6,105.0,95.0,111.5,90.0,115.0
2021-11,MUN,RS|PASSO FUNDO,glp,26,105.0,101.5,109.5,100.0,110.0
2021-11,MUN,RS|PELOTAS,glp,47,98.0,96.0,105.0,95.0,119.9
2021-11,MUN,RS|PORTO ALEGRE,glp,25,104.9,98.994,110.0,93.9,115.0
2021-11,MUN,RS|SANTA CRUZ DO SUL,glp,21,97.5,85.0,105.0,85.0,107.0
2021-11,MUN,RS|SANTA MARIA,glp,36,105.0,100.0,114.0,100.0,119.9
2021-11,MUN,RS|SANTA ROSA,glp,8,102.0,99.4,106.5,98.0,110.0
2021-11,MUN,RS|SANTANA DO LIVRAMENTO,glp,16,100.0,95.0,105.0,90.0,108.0
2021-11,MUN,RS|SANTO ANGELO,glp,4,127.0,120.5,136.3,119.0,139.0
2021-11,MUN,RS|SAO GABRIEL,glp,12,102.75,99.996,105.0,90.0,118.0
2021-11,MUN,RS|SAO LEOPOLDO,glp,8,95.5,92.697,98.3,91.99,99.0
2021-11,MUN,RS|SAO LUIZ GONZAGA,glp,9,105.0,101.198,105.0,99.99,105.0
2021-11,MUN,RS|SAPIRANGA,glp,11,105.0,99.0,115.0,99.0,115.0
2021-11,MUN,RS|SAPUCAIA DO SUL,glp,19,96.0,94.0,100.6,93.0,105.0
2021-11,MUN,RS|TORRES,glp,8,100.0,94.97,106.486,94.9,110.0
2021-11,MUN,RS|URUGUAIANA,glp,13,118.0,116.3,119.6,97.0,120.0
2021-11,MUN,RS|VACARIA,glp,6,102.495,99.495,108.0,99.0,108.0
2021-11,MUN,RS|VIAMAO,glp,15,103.0,97.936,108.0,95.0,110.0
2021-11,MUN,SC|ARARANGUA,glp,4,103.5,101.6,104.7,101.0,105.0
2021-11,MUN,SC|BALNEARIO CAMBORIU,glp,5,114.0,114.0,115.3,114.0,115.5
2021-11,MUN,SC|BIGUACU,glp,3,110.0,109.992,111.6,109.99,112.0
2021-11,MUN,SC|BLUMENAU,glp,10,120.0,120.0,120.0,120.0,120.0
2021-11,MUN,SC|BRUSQUE,glp,6,115.0,115.0,115.5,115.0,116.0
2021-11,MUN,SC|CACADOR,glp,7,115.0,113.0,132.0,110.0,135.0
2021-11,MUN,SC|CHAPECO,glp,7,120.0,115.0,120.0,115.0,120.0
2021-11,MUN,SC|CONCORDIA,glp,5,105.0,100.8,107.994,100.0,109.99
2021-11,MUN,SC|CRICIUMA,glp,13,105.0,104.0,106.0,97.45,106.0
2021-11,MUN,SC|FLORIANOPOLIS,glp,5,113.99,111.596,116.1,110.0,116.5
2021-11,MUN,SC|ITAJAI,glp,4,104.5,102.6,112.0,102.0,115.0
2021-11,MUN,SC|JARAGUA DO SUL,glp,6,103.922,102.95,110.245,102.0,110.49
2021-11,MUN,SC|JOINVILLE,glp,6,108.0,108.0,112.5,108.0,115.0
2021-11,MUN,SC|LAGUNA,glp,7,94.99,92.99,98.8,92.99,100.0
2021-11,MUN,SC|MAFRA,glp,11,105.0,105.0,112.6,105.0,112.8
2021-11,MUN,SC|PALHOCA,glp,2,113.495,113.099,113.891,113.0,113.99
2021-11,MUN,SC|SAO JOSE,glp,3,114.0,114.0,114.0,114.0,114.0
2021-11,MUN,SC|TUBARAO,glp,4,109.5,105.0,114.0,105.0,114.0
2021-11,MUN,SC|XANXERE,glp,4,107.5,105.0,113.5,105.0,115.0
2021-11,MUN,SE|ARACAJU,glp,22,98.0,93.19,99.9,90.0,100.0
2021-11,MUN,SE|ITABAIANA,glp,6,94.5,92.0,100.0,92.0,100.0
2021-11,MUN,SE|NOSSA SENHORA DO SOCORRO,glp,9,91.0,91.0,97.08,91.0,97.4
2021-11,MUN,SP|ADAMANTINA,glp,5,105.0,100.0,109.4,100.0,110.0
2021-11,MUN,SP|AMERICANA,glp,16,100.0,94.99,101.0,94.99,105.0
2021-11,MUN,SP|AMPARO,glp,3,112.0,106.4,117.6,105.0,119.0
2021-11,MUN,SP|ARACATUBA,glp,33,100.0,99.198,104.5,90.0,105.0
2021-11,MUN,SP|ARARAQUARA,glp,13,106.99,104.99,118.0,104.99,118.0
2021-11,MUN,SP|ARARAS,glp,7,103.0,102.596,105.154,101.99,106.9
2021-11,MUN,SP|ASSIS,glp,8,101.0,95.7,104.93,95.0,105.0
2021-11,MUN,SP|ATIBAIA,glp,17,105.0,100.0,110.0,93.99,110.0
2021-11,MUN,SP|AVARE,glp,8,101.75,99.99,105.0,99.99,105.0
2021-11,MUN,SP|BARRETOS,glp,4,109.995,101.497,117.1,100.0,118.0
2021-11,MUN,SP|BARUERI,glp,35,99.99,96.0,108.8,89.99,113.0
2021-11,MUN,SP|BAURU,glp,21,100.0,98.0,106.5,90.0,108.0
2021-11,MUN,SP|BEBEDOURO,glp,13,105.0,98.4,110.0,97.99,110.0
2021-11,MUN,SP|BIRIGUI,glp,30,105.0,100.0,110.0,94.9,110.0
2021-11,MUN,SP|BOTUCATU,glp,22,95.0,90.295,95.855,85.0,100.0
2021-11,MUN,SP|BRAGANCA PAULISTA,glp,9,108.0,100.304,109.19,83.92,109.99
2021-11,MUN,SP|CACAPAVA,glp,5,108.99,108.99,121.2,108.99,122.0
2021-11,MUN,SP|CAMPINAS,glp,11,98.99,97.99,100.0,97.99,104.99
2021-11,MUN,SP|CARAGUATATUBA,glp,6,95.0,87.995,98.0,87.99,100.0
2021-11,MUN,SP|CARAPICUIBA,glp,16,99.99,94.995,104.99,94.99,104.99
2021-11,MUN,SP|CATANDUVA,glp,8,98.998,95.0,115.0,95.0,115.0
2021-11,MUN,SP|COSMOPOLIS,glp,5,84.99,84.99,90.994,84.99,94.99
2021-11,MUN,SP|COTIA,glp,9,106.0,99.492,118.32,97.5,119.6
2021-11,MUN,SP|CRUZEIRO,glp,11,93.0,89.99,95.0,88.995,97.0
2021-11,MUN,SP|CUBATAO,glp,6,108.5,102.5,117.5,102.0,120.0
2021-11,MUN,SP|DIADEMA,glp,35,110.0,100.598,115.0,97.99,115.0
2021-11,MUN,SP|DRACENA,glp,3,110.0,110.0,110.0,110.0,110.0
2021-11,MUN,SP|EMBU DAS ARTES,glp,5,104.0,99.99,116.096,99.99,123.5
2021-11,MUN,SP|FRANCA,glp,34,100.0,95.0,105.0,94.99,110.0
2021-11,MUN,SP|GARCA,glp,6,100.0,96.495,107.5,95.99,115.0
2021-11,MUN,SP|GUARATINGUETA,glp,13,95.0,93.392,98.8,92.0,103.0
2021-11,MUN,SP|GUARUJA,glp,7,100.0,95.0,104.99,95.0,104.99
2021-11,MUN,SP|GUARULHOS,glp,20,99.99,94.99,105.0,89.99,105.0
2021-11,MUN,SP|HORTOLANDIA,glp,9,100.0,94.99,106.0,94.99,110.0
2021-11,MUN,SP|IBITINGA,glp,5,110.0,107.0,111.2,105.0,112.0
2021-11,MUN,SP|INDAIATUBA,glp,19,105.0,98.6,110.0,95.0,110.0
2021-11,MUN,SP|ITANHAEM,glp,3,107.0,107.0,109.4,107.0,110.0
2021-11,MUN,SP|ITAPECERICA DA SERRA,glp,7,105.0,99.99,107.0,99.99,110.0
2021-11,MUN,SP|ITAPETININGA,glp,11,105.0,103.0,110.0,100.0,110.0
2021-11,MUN,SP|ITAPEVA,glp,4,115.0,114.3,115.35,114.0,115.5
2021-11,MUN,SP|ITAPIRA,glp,4,99.995,99.297,105.6,99.0,108.0
2021-11,MUN,SP|ITAPOLIS,glp,8,102.0,95.0,110.0,95.0,110.0
2021-11,MUN,SP|ITAQUAQUECETUBA,glp,14,96.99,94.99,99.39,90.0,99.99
2021-11,MUN,SP|ITATIBA,glp,4,101.95,100.3,102.97,100.0,103.0
2021-11,MUN,SP|ITU,glp,8,102.5,97.97,106.197,97.9,108.99
2021-11,MUN,SP|JABOTICABAL,glp,6,97.95,95.995,100.0,94.99,100.0
2021-11,MUN,SP|JACAREI,glp,9,102.0,89.598,106.9,87.99,106.9
2021-11,MUN,SP|JALES,glp,11,94.99,92.99,95.0,90.0,100.0
2021-11,MUN,SP|JAU,glp,12,105.5,105.0,107.0,105.0,109.0
2021-11,MUN,SP|JOSE BONIFACIO,glp,7,105.0,98.0,110.0,95.0,110.0
2021-11,MUN,SP|JUNDIAI,glp,8,106.75,99.393,110.6,98.0,112.0
2021-11,MUN,SP|LEME,glp,11,105.0,104.0,106.0,100.0,113.0
2021-11,MUN,SP|LIMEIRA,glp,14,99.0,91.2,100.0,90.0,102.5
2021-11,MUN,SP|LINS,glp,15,105.0,99.936,110.0,95.0,110.0
2021-11,MUN,SP|LORENA,glp,13,90.0,85.0,96.98,85.0,99.9
2021-11,MUN,SP|MARILIA,glp,7,112.0,111.1,113.8,110.5,115.0
2021-11,MUN,SP|MATAO,glp,8,99.995,95.245,116.0,93.495,130.0
2021-11,MUN,SP|MAUA,glp,45,105.0,104.198,111.0,94.99,117.0
2021-11,MUN,SP|MIRASSOL,glp,12,105.0,100.0,110.0,98.0,110.0
2021-11,MUN,SP|MOCOCA,glp,5,105.0,101.6,105.0,100.0,105.0
2021-11,MUN,SP|MOGI DAS CRUZES,glp,31,99.99,95.0,105.0,94.99,105.0
2021-11,MUN,SP|MOGI GUACU,glp,11,96.5,95.0,98.0,95.0,100.0
2021-11,MUN,SP|MOGI MIRIM,glp,8,95.75,93.497,97.29,89.99,97.99
2021-11,MUN,SP|MONTE ALTO,glp,10,100.0,99.9,115.0,99.0,115.0
2021-11,MUN,SP|OLIMPIA,glp,9,90.0,90.0,95.8,90.0,99.0
2021-11,MUN,SP|OSASCO,glp,40,99.992,94.99,105.0,89.99,117.99
2021-11,MUN,SP|OURINHOS,glp,20,102.5,100.0,105.0,99.0,105.0
2021-11,MUN,SP|PARAGUACU PAULISTA,glp,13,103.0,95.6,107.7,95.0,110.0
2021-11,MUN,SP|PAULINIA,glp,9,97.99,94.99,98.198,94.99,98.99
2021-11,MUN,SP|PINDAMONHANGABA,glp,7,100.0,99.2,104.0,98.0,104.0
2021-11,MUN,SP|PIRACICABA,glp,17,99.99,95.0,104.0,94.99,110.0
2021-11,MUN,SP|PIRASSUNUNGA,glp,3,99.0,91.8,101.4,90.0,102.0
2021-11,MUN,SP|POA,glp,8,99.99,92.99,102.3,92.99,103.0
2021-11,MUN,SP|PORTO FERREIRA,glp,2,102.45,96.49,108.41,95.0,109.9
2021-11,MUN,SP|PRAIA GRANDE,glp,10,102.99,99.9,104.0,99.9,104.0
2021-11,MUN,SP|PRESIDENTE PRUDENTE,glp,14,97.5,92.99,105.0,90.0,108.0
2021-11,MUN,SP|PRESIDENTE VENCESLAU,glp,2,106.0,104.4,107.6,104.0,108.0
2021-11,MUN,SP|RIBEIRAO PIRES,glp,20,102.495,94.981,110.0,94.9,110.0
2021-11,MUN,SP|RIBEIRAO PRETO,glp,24,100.0,99.93,108.15,89.0,110.0
2021-11,MUN,SP|RIO CLARO,glp,5,100.0,99.994,100.0,99.99,100.0
2021-11,MUN,SP|SALTO,glp,15,95.0,93.654,103.8,93.49,105.0
2021-11,MUN,SP|SANTA BARBARA D'OESTE,glp,13,95.0,94.99,95.0,94.99,100.0
2021-11,MUN,SP|SANTA CRUZ DO RIO PARDO,glp,18,110.0,105.0,110.6,104.0,112.0
2021-11,MUN,SP|SANTO ANDRE,glp,45,102.0,95.0,106.996,94.99,109.99
2021-11,MUN,SP|SANTOS,glp,24,104.945,96.99,119.7,94.99,120.0
2021-11,MUN,SP|SAO BERNARDO DO CAMPO,glp,45,105.0,98.1,117.4,94.99,129.99
2021-11,MUN,SP|SAO CAETANO DO SUL,glp,6,105.0,102.495,105.0,99.99,105.0
2021-11,MUN,SP|SAO CARLOS,glp,14,106.0,98.563,115.0,97.99,115.0
2021-11,MUN,SP|SAO JOAO DA BOA VISTA,glp,12,105.0,105.0,105.0,105.0,110.0
2021-11,MUN,SP|SAO JOSE DO RIO PRETO,glp,20,100.0,98.0,115.5,97.99,120.0
2021-11,MUN,SP|SAO JOSE DOS CAMPOS,glp,18,102.25,97.09,108.59,94.99,109.99
2021-11,MUN,SP|SAO PAULO,glp,93,99.99,93.398,110.0,89.99,118.99
2021-11,MUN,SP|SAO ROQUE,glp,7,100.0,89.99,105.0,89.99,105.0
2021-11,MUN,SP|SAO VICENTE,glp,17,98.0,94.99,101.19,94.99,114.0
2021-11,MUN,SP|SERTAOZINHO,glp,11,105.0,100.0,110.0,100.0,110.0
2021-11,MUN,SP|SOROCABA,glp,15,105.0,100.0,110.0,95.0,110.0
2021-11,MUN,SP|SUMARE,glp,8,99.99,94.99,101.193,94.99,104.0
2021-11,MUN,SP|SUZANO,glp,23,99.99,95.198,106.792,90.0,107.0
2021-11,MUN,SP|TABOAO DA SERRA,glp,6,99.99,98.49,104.445,96.99,105.99
2021-11,MUN,SP|TATUI,glp,9,110.0,108.79,111.0,103.99,115.0
2021-11,MUN,SP|TAUBATE,glp,11,96.99,84.99,98.0,79.99,103.0
2021-11,MUN,SP|TUPA,glp,11,100.0,95.0,110.0,95.0,110.0
2021-11,MUN,SP|UBATUBA,glp,12,104.995,95.0,109.7,94.0,112.0
2021-11,MUN,SP|VALINHOS,glp,6,98.99,92.99,99.9,92.99,99.9
2021-11,MUN,SP|VARZEA PAULISTA,glp,6,100.5,96.0,107.5,94.0,110.0
2021-11,MUN,SP|VINHEDO,glp,5,105.0,103.16,105.98,102.0,106.0
2021-11,MUN,SP|VOTORANTIM,glp,17,100.0,92.996,108.8,89.99,110.0
2021-11,MUN,SP|VOTUPORANGA,glp,13,99.0,96.572,107.4,95.0,108.0
2021-11,MUN,TO|ARAGUAINA,glp,24,115.0,110.0,116.75,105.0,120.0
2021-11,MUN,TO|GURUPI,glp,41,120.0,115.0,120.0,108.0,120.0
2021-11,MUN,TO|PALMAS,glp,28,105.0,105.0,106.5,100.0,118.0
2021-11,UF,AC,glp,56,115.0,112.0,120.0,109.0,130.0
2021-11,UF,AL,glp,22,100.0,95.0,100.0,86.99,105.0
2021-11,UF,AM,glp,69,107.0,100.0,115.0,97.0,125.0
2021-11,UF,AP,glp,19,116.5,112.0,120.2,110.0,121.0
2021-11,UF,BA,glp,316,95.0,88.0,100.0,80.0,115.0
2021-11,UF,CE,glp,139,105.0,97.892,110.0,89.0,115.0
2021-11,UF,DF,glp,59,97.99,94.99,99.99,89.99,107.0
2021-11,UF,ES,glp,112,97.0,88.05,105.0,83.995,110.0
2021-11,UF,GO,glp,274,105.0,95.0,115.0,84.99,130.0
2021-11,UF,MA,glp,59,104.99,99.99,104.99,97.5,120.0
2021-11,UF,MG,glp,667,105.0,97.3,113.0,89.0,125.0
2021-11,UF,MS,glp,178,98.0,94.99,105.75,89.9,124.0
2021-11,UF,MT,glp,145,125.0,115.0,135.0,100.0,140.0
2021-11,UF,PA,glp,189,105.0,98.0,115.2,90.0,125.0
2021-11,UF,PB,glp,76,105.0,100.0,110.0,89.99,115.0
2021-11,UF,PE,glp,293,95.0,90.0,100.0,80.0,114.0
2021-11,UF,PI,glp,53,110.0,105.0,110.0,100.0,120.0
2021-11,UF,PR,glp,515,107.0,97.994,117.5,89.0,130.0
2021-11,UF,RJ,glp,338,92.492,86.0,100.0,78.0,112.0
2021-11,UF,RN,glp,50,110.0,100.0,112.3,96.0,120.0
2021-11,UF,RO,glp,56,118.0,106.0,130.0,100.0,135.0
2021-11,UF,RR,glp,96,112.0,108.5,115.0,97.0,130.0
2021-11,UF,RS,glp,484,102.25,95.0,110.9,85.0,139.0
2021-11,UF,SC,glp,112,110.0,102.0,120.0,92.99,135.0
2021-11,UF,SE,glp,37,95.0,91.0,99.94,90.0,100.0
2021-11,UF,SP,glp,1486,100.0,94.99,110.0,79.99,130.0
2021-11,UF,TO,glp,93,115.0,105.0,120.0,100.0,120.0
2021-12,BR,BR,glp,5983,102.49,92.0,115.0,77.99,140.0
2021-12,MUN,AC|CRUZEIRO DO SUL,glp,5,120.0,120.0,120.0,120.0,120.0
2021-12,MUN,AC|RIO BRANCO,glp,44,115.0,112.0,122.8,110.0,130.0
2021-12,MUN,AL|ARAPIRACA,glp,10,99.5,94.89,100.0,93.9,100.0
2021-12,MUN,AL|DELMIRO GOUVEIA,glp,2,102.5,100.5,104.5,100.0,105.0
2021-12,MUN,AL|MACEIO,glp,11,100.0,95.0,102.5,86.99,103.0
2021-12,MUN,AM|ITACOATIARA,glp,10,113.0,111.8,115.0,110.0,115.0
2021-12,MUN,AM|MANAUS,glp,64,105.0,100.0,109.0,97.0,115.0
2021-12,MUN,AM|TEFE,glp,5,124.0,124.0,124.6,124.0,125.0
2021-12,MUN,AP|MACAPA,glp,20,116.0,110.9,120.0,110.0,121.0
2021-12,MUN,BA|BARREIRAS,glp,7,115.0,110.0,115.0,110.0,115.0
2021-12,MUN,BA|BRUMADO,glp,4,96.0,91.5,99.1,90.0,100.0
2021-12,MUN,BA|CAMACARI,glp,31,98.0,95.0,100.0,85.0,105.0
2021-12,MUN,BA|EUNAPOLIS,glp,14,90.0,89.644,95.0,89.0,95.0
2021-12,MUN,BA|FEIRA DE SANTANA,glp,14,88.84,88.0,93.15,87.99,97.0
2021-12,MUN,BA|GUANAMBI,glp,15,100.0,99.94,100.0,95.0,100.0
2021-12,MUN,BA|ILHEUS,glp,6,103.5,101.0,110.0,100.0,110.0
2021-12,MUN,BA|IRECE,glp,3,92.0,92.0,92.8,92.0,93.0
2021-12,MUN,BA|ITABUNA,glp,10,100.0,89.7,102.3,87.0,105.0
2021-12,MUN,BA|JEQUIE,glp,9,86.0,82.0,89.2,80.0,90.0
2021-12,MUN,BA|JUAZEIRO,glp,7,100.0,98.0,100.0,98.0,100.0
2021-12,MUN,BA|LAURO DE FREITAS,glp,33,94.99,90.0,100.0,77.99,110.0
2021-12,MUN,BA|PAULO AFONSO,glp,2,92.0,87.2,96.8,86.0,98.0
2021-12,MUN,BA|SALVADOR,glp,165,94.99,85.0,99.99,80.0,105.0
2021-12,MUN,BA|SIMOES FILHO,glp,18,90.0,84.1,98.597,82.0,108.0
2021-12,MUN,BA|VALENCA,glp,4,110.0,106.5,110.0,105.0,110.0
2021-12,MUN,BA|VITORIA DA CONQUISTA,glp,5,90.0,88.79,96.497,87.99,97.495
2021-12,MUN,CE|AQUIRAZ,glp,1,100.0,100.0,100.0,100.0,100.0
2021-12,MUN,CE|CANINDE,glp,3,104.0,101.6,105.6,101.0,106.0
2021-12,MUN,CE|CAUCAIA,glp,16,105.0,95.0,106.5,90.0,115.0
2021-12,MUN,CE|CRATEUS,glp,5,99.0,99.0,100.0,99.0,100.0
2021-12,MUN,CE|CRATO,glp,14,108.0,99.99,108.0,95.0,110.0
2021-12,MUN,CE|FORTALEZA,glp,56,105.0,97.5,110.0,93.0,114.0
2021-12,MUN,CE|IGUATU,glp,3,104.0,104.0,106.4,104.0,107.0
2021-12,MUN,CE|ITAPIPOCA,glp,8,105.0,99.25,107.8,97.5,108.5
2021-12,MUN,CE|JUAZEIRO DO NORTE,glp,13,102.5,99.99,108.0,98.0,108.0
2021-12,MUN,CE|LIMOEIRO DO NORTE,glp,3,110.0,110.0,110.0,110.0,110.0
2021-12,MUN,CE|MARACANAU,glp,9,104.0,98.992,106.0,95.0,110.0
2021-12,MUN,CE|QUIXADA,glp,4,102.25,96.35,105.0,95.0,105.0
2021-12,MUN,CE|SOBRAL,glp,7,110.0,108.4,111.4,106.0,112.0
2021-12,MUN,DF|BRASILIA,glp,53,98.0,94.99,99.99,89.99,114.495
2021-12,MUN,ES|ARACRUZ,glp,6,96.5,92.5,102.5,92.0,105.0
2021-12,MUN,ES|CARIACICA,glp,25,89.99,85.0,94.194,84.99,105.0
2021-12,MUN,ES|COLATINA,glp,7,90.0,90.0,95.0,90.0,95.0
2021-12,MUN,ES|GUARAPARI,glp,10,95.0,92.699,100.0,89.99,100.0
2021-12,MUN,ES|LINHARES,glp,18,100.0,100.0,105.0,98.0,105.0
2021-12,MUN,ES|SERRA,glp,26,105.0,100.0,105.0,85.0,105.0
2021-12,MUN,ES|VILA VELHA,glp,17,95.0,89.994,96.394,85.0,98.0
2021-12,MUN,ES|VITORIA,glp,8,105.0,93.5,110.0,90.0,110.0
2021-12,MUN,GO|AGUAS LINDAS DE GOIAS,glp,18,92.0,89.99,102.9,89.49,105.0
2021-12,MUN,GO|ANAPOLIS,glp,20,115.0,114.75,115.0,110.0,115.0
2021-12,MUN,GO|APARECIDA DE GOIANIA,glp,20,107.0,100.0,114.9,99.99,115.0
2021-12,MUN,GO|CALDAS NOVAS,glp,5,115.0,115.0,115.0,115.0,115.0
2021-12,MUN,GO|FORMOSA,glp,16,100.0,93.495,106.5,90.0,108.0
2021-12,MUN,GO|GOIANIA,glp,45,115.0,110.0,115.0,99.99,116.5
2021-12,MUN,GO|ITUMBIARA,glp,15,110.0,108.0,115.0,105.0,120.0
2021-12,MUN,GO|JATAI,glp,5,130.0,125.0,130.0,125.0,130.0
2021-12,MUN,GO|LUZIANIA,glp,12,99.99,97.99,100.0,97.99,101.0
2021-12,MUN,GO|MINEIROS,glp,7,115.0,115.0,115.0,115.0,115.0
2021-12,MUN,GO|MORRINHOS,glp,8,105.0,101.15,106.5,98.0,110.0
2021-12,MUN,GO|RIO VERDE,glp,27,115.0,112.5,120.0,110.0,125.0
2021-12,MUN,GO|TRINDADE,glp,59,100.0,98.7,105.0,93.0,110.0
2021-12,MUN,GO|VALPARAISO DE GOIAS,glp,15,99.99,95.0,104.2,94.99,110.0
2021-12,MUN,MA|IMPERATRIZ,glp,28,100.0,100.0,100.0,95.0,100.0
2021-12,MUN,MA|SAO JOSE DE RIBAMAR,glp,10,104.99,104.99,104.99,104.99,104.99
2021-12,MUN,MA|SAO LUIS,glp,25,104.99,104.99,104.99,104.99,120.0
2021-12,MUN,MG|ALFENAS,glp,12,100.0,95.5,104.75,90.0,105.0
2021-12,MUN,MG|ARAGUARI,glp,18,104.0,100.0,110.6,100.0,120.0
2021-12,MUN,MG|ARAXA,glp,11,105.0,103.0,110.0,100.0,110.0
2021-12,MUN,MG|BARBACENA,glp,15,100.0,95.0,103.0,94.99,105.0
2021-12,MUN,MG|BELO HORIZONTE,glp,34,103.75,96.0,115.0,94.99,120.0
2021-12,MUN,MG|BETIM,glp,24,105.0,99.993,110.0,98.0,112.5
2021-12,MUN,MG|BOM DESPACHO,glp,3,100.0,92.0,108.0,90.0,110.0
2021-12,MUN,MG|CAMPO BELO,glp,8,103.75,100.0,105.148,100.0,105.495
2021-12,MUN,MG|CONSELHEIRO LAFAIETE,glp,14,96.5,94.993,108.2,94.99,112.0
2021-12,MUN,MG|CONTAGEM,glp,39,105.0,97.792,110.2,94.99,116.0
2021-12,MUN,MG|DIVINOPOLIS,glp,3,94.99,94.99,98.998,94.99,100.0
2021-12,MUN,MG|FORMIGA,glp,15,105.0,104.7,107.0,104.0,110.0
2021-12,MUN,MG|GOVERNADOR VALADARES,glp,8,110.0,105.0,115.0,105.0,115.0
2021-12,MUN,MG|IBIRITE,glp,1,110.0,110.0,110.0,110.0,110.0
2021-12,MUN,MG|IPATINGA,glp,22,107.0,100.0,114.5,94.0,115.0
2021-12,MUN,MG|ITAUNA,glp,15,108.0,98.7,108.6,96.49,110.0
2021-12,MUN,MG|ITUIUTABA,glp,17,105.0,100.0,108.4,95.0,110.0
2021-12,MUN,MG|JANUARIA,glp,16,120.0,120.0,124.0,117.5,125.0
2021-12,MUN,MG|JOAO MONLEVADE,glp,9,100.0,99.6,103.4,98.0,105.0
2021-12,MUN,MG|JOAO PINHEIRO,glp,10,118.0,114.9,118.2,114.9,120.0
2021-12,MUN,MG|JUIZ DE FORA,glp,26,100.0,92.49,105.0,89.0,110.0
2021-12,MUN,MG|LAVRAS,glp,11,98.0,95.0,99.0,95.0,112.0
2021-12,MUN,MG|MANHUACU,glp,6,102.5,99.95,107.5,99.9,110.0
2021-12,MUN,MG|MONTE CARMELO,glp,19,105.0,104.6,110.0,100.0,115.0
2021-12,MUN,MG|MONTES CLAROS,glp,40,110.75,109.0,115.2,105.0,120.0
2021-12,MUN,MG|MURIAE,glp,11,102.99,100.0,105.0,100.0,109.5
2021-12,MUN,MG|OLIVEIRA,glp,4,105.5,103.25,106.0,102.5,106.0
2021-12,MUN,MG|PARA DE MINAS,glp,4,107.5,105.0,113.43,105.0,114.9
2021-12,MUN,MG|PARACATU,glp,10,110.0,105.0,110.5,105.0,115.0
2021-12,MUN,MG|PASSOS,glp,31,110.0,105.0,112.5,100.0,115.0
2021-12,MUN,MG|PATOS DE MINAS,glp,6,110.0,107.5,112.5,105.0,115.0
2021-12,MUN,MG|PATROCINIO,glp,9,100.0,100.0,111.0,100.0,115.0
2021-12,MUN,MG|POCOS DE CALDAS,glp,15,108.0,107.693,110.0,107.0,110.495
2021-12,MUN,MG|POUSO ALEGRE,glp,15,98.0,95.0,100.0,92.99,110.0
2021-12,MUN,MG|SAO JOAO DEL REI,glp,15,105.0,100.0,105.6,94.99,107.0
2021-12,MUN,MG|SAO SEBASTIAO DO PARAISO,glp,23,95.0,91.0,110.0,89.9,110.0
2021-12,MUN,MG|SETE LAGOAS,glp,11,98.9,95.0,103.0,93.0,106.0
2021-12,MUN,MG|TEOFILO OTONI,glp,15,107.0,102.0,110.0,100.0,110.0
2021-12,MUN,MG|TRES CORACOES,glp,10,95.0,94.9,98.2,94.0,100.0
2021-12,MUN,MG|UBA,glp,14,105.0,100.0,108.5,95.0,115.0
2021-12,MUN,MG|UBERABA,glp,25,105.0,95.4,113.0,90.0,115.0
2021-12,MUN,MG|UBERLANDIA,glp,46,105.0,100.0,110.0,97.99,118.0
2021-12,MUN,MG|UNAI,glp,7,120.0,120.0,120.0,120.0,120.0
2021-12,MUN,MG|VARGINHA,glp,16,99.995,97.75,100.0,92.0,102.5
2021-12,MUN,MG|VICOSA,glp,4,109.0,105.0,114.4,105.0,115.0
2021-12,MUN,MS|CAMPO GRANDE,glp,116,98.0,91.0,100.0,89.0,116.0
2021-12,MUN,MS|DOURADOS,glp,36,106.5,100.0,115.0,97.0,124.0
2021-12,MUN,MS|PONTA PORA,glp,4,96.5,95.0,98.0,95.0,98.0
2021-12,MUN,MS|TRES LAGOAS,glp,18,103.745,100.0,105.0,98.0,110.0
2021-12,MUN,MT|ALTA FLORESTA,glp,12,132.5,130.0,135.0,130.0,135.0
2021-12,MUN,MT|CACERES,glp,10,105.0,94.995,108.7,94.995,115.0
2021-12,MUN,MT|CUIABA,glp,54,122.5,115.0,125.0,100.0,130.0
2021-12,MUN,MT|RONDONOPOLIS,glp,18,125.0,120.0,130.75,110.0,135.0
2021-12,MUN,MT|SINOP,glp,28,130.0,130.0,135.0,125.0,140.0
2021-12,MUN,MT|SORRISO,glp,20,130.0,125.0,140.0,125.0,140.0
2021-12,MUN,MT|VARZEA GRANDE,glp,13,125.0,120.0,125.0,115.0,125.0
2021-12,MUN,PA|ABAETETUBA,glp,8,98.0,98.0,105.0,98.0,105.0
2021-12,MUN,PA|ALENQUER,glp,5,105.0,105.0,105.0,105.0,105.0
2021-12,MUN,PA|ALTAMIRA,glp,9,125.0,124.8,125.0,124.0,125.0
2021-12,MUN,PA|ANANINDEUA,glp,26,105.0,99.995,112.5,99.99,119.99
2021-12,MUN,PA|BELEM,glp,46,108.0,105.0,113.25,95.0,120.0
2021-12,MUN,PA|BRAGANCA,glp,7,110.0,110.0,110.8,110.0,112.0
2021-12,MUN,PA|CAMETA,glp,7,110.0,108.0,110.4,105.0,111.0
2021-12,MUN,PA|CONCEICAO DO ARAGUAIA,glp,13,110.0,106.0,115.0,105.0,120.0
2021-12,MUN,PA|MARABA,glp,3,115.0,115.0,115.0,115.0,115.0
2021-12,MUN,PA|PARAUAPEBAS,glp,6,127.5,125.0,130.0,125.0,130.0
2021-12,MUN,PA|SANTAREM,glp,63,102.0,95.3,106.6,87.0,110.0
2021-12,MUN,PB|BAYEUX,glp,5,105.0,102.0,105.0,100.0,105.0
2021-12,MUN,PB|CABEDELO,glp,6,107.5,105.0,114.5,105.0,115.0
2021-12,MUN,PB|CAMPINA GRANDE,glp,36,105.0,99.995,110.0,95.0,110.0
2021-12,MUN,PB|JOAO PESSOA,glp,23,105.0,100.0,110.0,89.99,115.0
2021-12,MUN,PB|SOUSA,glp,5,105.0,97.0,108.0,95.0,110.0
2021-12,MUN,PE|ARARIPINA,glp,3,110.0,110.0,110.0,110.0,110.0
2021-12,MUN,PE|BELO JARDIM,glp,7,96.0,94.2,99.4,93.0,100.0
2021-12,MUN,PE|CABO DE SANTO AGOSTINHO,glp,8,93.5,91.49,95.0,87.99,95.0
2021-12,MUN,PE|CARUARU,glp,8,93.75,89.4,101.5,88.0,105.0
2021-12,MUN,PE|GARANHUNS,glp,8,80.99,79.99,91.293,79.99,92.0
2021-12,MUN,PE|GOIANA,glp,6,92.5,90.0,95.0,90.0,95.0
2021-12,MUN,PE|IGARASSU,glp,19,95.0,94.8,100.0,94.0,100.0
2021-12,MUN,PE|JABOATAO DOS GUARARAPES,glp,34,90.0,87.99,95.0,80.0,95.0
2021-12,MUN,PE|LAJEDO,glp,5,90.0,90.0,90.0,90.0,90.0
2021-12,MUN,PE|OLINDA,glp,47,92.5,90.0,96.2,85.0,120.0
2021-12,MUN,PE|PAULISTA,glp,28,95.0,90.0,100.0,89.99,105.0
2021-12,MUN,PE|PETROLINA,glp,21,99.0,95.0,100.0,90.0,100.0
2021-12,MUN,PE|RECIFE,glp,82,93.99,89.99,100.0,85.0,105.0
2021-12,MUN,PE|SANTA CRUZ DO CAPIBARIBE,glp,5,110.0,110.0,110.0,110.0,110.0
2021-12,MUN,PE|SERRA TALHADA,glp,3,110.0,106.0,110.0,105.0,110.0
2021-12,MUN,PE|VITORIA DE SANTO ANTAO,glp,10,90.0,90.0,90.0,90.0,90.0
2021-12,MUN,PI|PARNAIBA,glp,4,117.5,115.0,120.0,115.0,120.0
2021-12,MUN,PI|TERESINA,glp,62,105.0,104.996,110.0,99.99,120.0
2021-12,MUN,PR|APUCARANA,glp,22,110.0,99.99,110.0,99.0,115.0
2021-12,MUN,PR|ARAPONGAS,glp,21,100.0,99.9,104.995,99.9,105.0
2021-12,MUN,PR|CAMBE,glp,19,110.0,101.6,115.0,100.0,115.0
2021-12,MUN,PR|CAMPO MOURAO,glp,11,115.0,112.0,117.0,100.5,120.0
2021-12,MUN,PR|CASCAVEL,glp,21,115.0,105.0,120.0,100.0,120.0
2021-12,MUN,PR|CASTRO,glp,7,105.0,95.0,107.0,95.0,110.0
2021-12,MUN,PR|CIANORTE,glp,17,115.0,110.0,120.0,109.9,120.0
2021-12,MUN,PR|COLOMBO,glp,25,98.9,89.936,99.996,89.0,107.0
2021-12,MUN,PR|CORNELIO PROCOPIO,glp,4,130.0,126.5,130.0,125.0,130.0
2021-12,MUN,PR|CURITIBA,glp,46,99.925,92.945,102.45,81.9,106.0
2021-12,MUN,PR|FOZ DO IGUACU,glp,20,115.0,115.0,125.0,110.0,125.0
2021-12,MUN,PR|FRANCISCO BELTRAO,glp,13,117.0,109.0,120.0,109.0,122.0
2021-12,MUN,PR|GUARAPUAVA,glp,9,110.0,106.8,112.0,106.0,120.0
2021-12,MUN,PR|LONDRINA,glp,65,100.0,95.0,110.0,90.0,115.0
2021-12,MUN,PR|MARINGA,glp,53,113.0,105.2,118.0,98.0,120.0
2021-12,MUN,PR|PARANAGUA,glp,14,95.0,92.0,98.4,89.0,105.0
2021-12,MUN,PR|PARANAVAI,glp,18,110.0,108.5,115.0,94.95,115.0
2021-12,MUN,PR|PINHAIS,glp,23,99.0,94.092,102.0,89.0,103.5
2021-12,MUN,PR|PONTA GROSSA,glp,12,100.0,94.1,105.0,93.9,105.0
2021-12,MUN,PR|SAO JOSE DOS PINHAIS,glp,16,99.0,91.0,103.0,88.88,109.9
2021-12,MUN,PR|TOLEDO,glp,28,100.0,93.49,110.0,89.99,115.0
2021-12,MUN,PR|UMUARAMA,glp,13,117.5,112.5,120.0,110.0,120.0
2021-12,MUN,PR|UNIAO DA VITORIA,glp,6,110.0,109.0,115.0,108.0,115.0
2021-12,MUN,RJ|ANGRA DOS REIS,glp,9,105.0,104.9,105.0,104.9,105.0
2021-12,MUN,RJ|ARARUAMA,glp,11,85.99,83.99,89.99,82.0,89.99
2021-12,MUN,RJ|BARRA MANSA,glp,8,96.0,92.627,100.1,91.99,105.0
2021-12,MUN,RJ|BELFORD ROXO,glp,11,88.0,83.99,91.495,80.0,94.0
2021-12,MUN,RJ|CAMPOS DOS GOYTACAZES,glp,19,90.0,88.6,93.4,86.995,95.0
2021-12,MUN,RJ|DUQUE DE CAXIAS,glp,34,89.975,84.993,91.4,80.0,100.0
2021-12,MUN,RJ|ITAPERUNA,glp,6,100.0,96.25,100.0,95.0,100.0
2021-12,MUN,RJ|NILOPOLIS,glp,9,95.0,90.0,95.1,90.0,95.5
2021-12,MUN,RJ|NITEROI,glp,10,87.495,84.9,92.298,84.0,94.975
2021-12,MUN,RJ|NOVA FRIBURGO,glp,7,111.1,111.0,111.7,111.0,112.0
2021-12,MUN,RJ|NOVA IGUACU,glp,17,95.0,89.99,100.0,86.0,100.0
2021-12,MUN,RJ|PETROPOLIS,glp,14,92.45,87.87,97.1,87.0,98.0
2021-12,MUN,RJ|RESENDE,glp,6,89.99,89.99,100.0,89.99,110.0
2021-12,MUN,RJ|RIO BONITO,glp,5,84.99,80.996,84.99,80.0,84.99
2021-12,MUN,RJ|RIO DE JANEIRO,glp,67,94.99,87.996,97.99,84.99,105.0
2021-12,MUN,RJ|SAO FRANCISCO DE ITABAPOANA,glp,2,99.0,98.2,99.8,98.0,100.0
2021-12,MUN,RJ|SAO GONCALO,glp,16,91.02,89.495,95.0,89.0,95.0
2021-12,MUN,RJ|SAO JOAO DE MERITI,glp,16,92.75,86.992,95.0,85.99,104.99
2021-12,MUN,RJ|SAQUAREMA,glp,10,84.495,79.8,89.5,78.0,94.0
2021-12,MUN,RJ|TERESOPOLIS,glp,6,100.0,94.95,106.0,90.0,107.0
2021-12,MUN,RJ|TRES RIOS,glp,3,94.99,92.99,98.998,92.49,100.0
2021-12,MUN,RJ|VALENCA,glp,8,93.0,88.7,95.0,88.0,95.0
2021-12,MUN,RJ|VOLTA REDONDA,glp,9,95.0,94.9,100.69,94.9,103.45
2021-12,MUN,RN|MOSSORO,glp,4,105.0,105.0,105.0,105.0,105.0
2021-12,MUN,RN|NATAL,glp,25,110.0,102.0,115.0,96.0,120.0
2021-12,MUN,RN|PARNAMIRIM,glp,23,110.0,105.0,110.0,105.0,115.0
2021-12,MUN,RO|CACOAL,glp,8,125.0,124.7,131.5,124.0,135.0
2021-12,MUN,RO|PIMENTA BUENO,glp,4,129.0,128.3,129.0,128.0,129.0
2021-12,MUN,RO|PORTO VELHO,glp,36,112.5,105.0,120.0,100.0,120.0
2021-12,MUN,RO|VILHENA,glp,9,130.0,127.0,130.0,127.0,130.0
2021-12,MUN,RR|BOA VISTA,glp,92,111.0,108.0,115.0,105.0,130.0
2021-12,MUN,RS|ALEGRETE,glp,8,103.95,101.4,105.87,100.0,107.9
2021-12,MUN,RS|ALVORADA,glp,8,94.5,88.493,103.6,85.0,105.0
2021-12,MUN,RS|BAGE,glp,26,105.0,99.5,105.0,98.0,111.0
2021-12,MUN,RS|BENTO GONCALVES,glp,6,105.45,97.5,118.0,95.0,118.0
2021-12,MUN,RS|CACHOEIRA DO SUL,glp,7,99.0,98.0,104.0,98.0,110.0
2021-12,MUN,RS|CACHOEIRINHA,glp,6,98.5,95.95,104.5,95.9,109.0
2021-12,MUN,RS|CANOAS,glp,14,98.0,94.0,100.0,89.0,102.0
2021-12,MUN,RS|CAXIAS DO SUL,glp,60,105.0,95.0,114.2,90.0,119.9
2021-12,MUN,RS|CRUZ ALTA,glp,3,94.0,94.0,95.52,94.0,95.9
2021-12,MUN,RS|ERECHIM,glp,6,112.495,110.0,119.0,110.0,120.0
2021-12,MUN,RS|ESTEIO,glp,12,98.0,95.0,100.9,94.0,103.0
2021-12,MUN,RS|GRAVATAI,glp,8,95.995,92.0,99.0,92.0,99.0
2021-12,MUN,RS|GUAIBA,glp,6,100.0,97.45,102.5,95.9,105.0
2021-12,MUN,RS|IJUI,glp,13,110.0,106.0,112.5,99.9,120.0
2021-12,MUN,RS|LAJEADO,glp,7,102.5,94.0,110.8,85.0,115.0
2021-12,MUN,RS|NOVO HAMBURGO,glp,12,96.5,94.1,98.0,93.0,99.0
2021-12,MUN,RS|OSORIO,glp,6,101.25,95.0,111.5,90.0,115.0
2021-12,MUN,RS|PASSO FUNDO,glp,24,105.0,104.0,107.55,100.0,110.0
2021-12,MUN,RS|PELOTAS,glp,43,98.0,96.0,102.5,95.0,108.0
2021-12,MUN,RS|PORTO ALEGRE,glp,25,105.0,99.0,110.0,95.0,115.0
2021-12,MUN,RS|SANTA CRUZ DO SUL,glp,19,95.0,87.7,105.0,86.5,107.0
2021-12,MUN,RS|SANTA MARIA,glp,35,105.0,99.994,110.0,98.0,119.0
2021-12,MUN,RS|SANTA ROSA,glp,8,102.0,99.4,107.55,98.0,110.0
2021-12,MUN,RS|SANTANA DO LIVRAMENTO,glp,12,100.0,95.3,104.5,90.0,108.0
2021-12,MUN,RS|SANTO ANGELO,glp,3,130.0,121.2,134.4,119.0,135.5
2021-12,MUN,RS|SAO GABRIEL,glp,11,100.0,99.995,103.0,90.0,118.0
2021-12,MUN,RS|SAO LEOPOLDO,glp,10,96.5,91.999,99.0,91.99,99.0
2021-12,MUN,RS|SAO LUIZ GONZAGA,glp,9,105.0,103.0,105.0,99.0,105.0
2021-12,MUN,RS|SAPIRANGA,glp,11,105.0,99.0,115.0,99.0,115.0
2021-12,MUN,RS|SAPUCAIA DO SUL,glp,20,97.0,93.8,100.3,90.0,105.0
2021-12,MUN,RS|TORRES,glp,5,99.9,95.16,107.992,95.0,110.0
2021-12,MUN,RS|URUGUAIANA,glp,11,120.0,118.0,120.0,118.0,120.0
2021-12,MUN,RS|VACARIA,glp,9,100.0,99.0,110.4,99.0,120.0
2021-12,MUN,RS|VIAMAO,glp,15,100.0,97.99,105.0,95.0,110.0
2021-12,MUN,SC|ARARANGUA,glp,4,99.99,99.98,102.1,99.98,103.0
2021-12,MUN,SC|BALNEARIO CAMBORIU,glp,2,110.0,106.0,114.0,105.0,115.0
2021-12,MUN,SC|BIGUACU,glp,2,111.25,110.25,112.25,110.0,112.5
2021-12,MUN,SC|BLUMENAU,glp,12,120.0,120.0,120.0,108.0,120.0
2021-12,MUN,SC|BRUSQUE,glp,6,115.0,115.0,115.5,115.0,116.0
2021-12,MUN,SC|CACADOR,glp,5,120.0,112.0,133.0,110.0,135.0
2021-12,MUN,SC|CHAPECO,glp,3,120.0,116.0,120.0,115.0,120.0
2021-12,MUN,SC|CONCORDIA,glp,5,102.0,100.8,107.994,100.0,109.99
2021-12,MUN,SC|CRICIUMA,glp,5,110.0,108.5,113.0,107.5,115.0
2021-12,MUN,SC|FLORIANOPOLIS,glp,5,113.99,111.596,117.4,110.0,119.0
2021-12,MUN,SC|ITAJAI,glp,4,108.5,105.6,113.5,105.0,115.0
2021-12,MUN,SC|JARAGUA DO SUL,glp,6,103.92,102.95,109.995,102.0,110.0
2021-12,MUN,SC|JOINVILLE,glp,6,108.0,108.0,112.5,108.0,115.0
2021-12,MUN,SC|LAGES,glp,11,105.0,105.0,110.0,105.0,110.0
2021-12,MUN,SC|LAGUNA,glp,8,95.99,95.99,98.6,95.99,100.0
2021-12,MUN,SC|MAFRA,glp,8,105.0,105.0,106.5,105.0,110.0
2021-12,MUN,SC|PALHOCA,glp,4,113.495,113.0,114.697,113.0,115.0
2021-12,MUN,SC|SAO JOSE,glp,2,114.0,114.0,114.0,114.0,114.0
2021-12,MUN,SC|TUBARAO,glp,1,110.0,110.0,110.0,110.0,110.0
2021-12,MUN,SC|XANXERE,glp,4,107.5,100.1,110.0,98.0,110.0
2021-12,MUN,SE|ARACAJU,glp,21,97.5,94.0,99.9,92.0,99.9
2021-12,MUN,SE|ITABAIANA,glp,6,95.0,92.5,100.0,92.0,100.0
2021-12,MUN,SE|NOSSA SENHORA DAS DORES,glp,1,93.0,93.0,93.0,93.0,93.0
2021-12,MUN,SE|NOSSA SENHORA DO SOCORRO,glp,10,91.5,91.0,99.9,91.0,99.9
2021-12,MUN,SP|ADAMANTINA,glp,5,105.0,100.0,108.8,100.0,110.0
2021-12,MUN,SP|AMERICANA,glp,16,98.995,94.99,103.5,94.99,110.0
2021-12,MUN,SP|AMPARO,glp,5,105.0,99.4,111.2,99.0,112.0
2021-12,MUN,SP|ARACATUBA,glp,33,100.0,99.99,105.0,98.99,105.0
2021-12,MUN,SP|ARARAQUARA,glp,14,106.25,105.0,118.0,99.99,118.0
2021-12,MUN,SP|ARARAS,glp,7,99.9,99.536,105.154,98.99,106.9
2021-12,MUN,SP|ASSIS,glp,9,99.9,94.8,101.0,94.0,105.0
2021-12,MUN,SP|ATIBAIA,glp,13,104.9,99.92,110.0,93.99,110.0
2021-12,MUN,SP|AVARE,glp,8,102.5,99.99,105.0,99.99,105.0
2021-12,MUN,SP|BARRETOS,glp,4,109.995,100.097,117.1,98.0,118.0
2021-12,MUN,SP|BARUERI,glp,27,99.99,96.0,110.0,91.99,113.0
2021-12,MUN,SP|BAURU,glp,16,99.995,91.5,106.5,89.99,108.0
2021-12,MUN,SP|BEBEDOURO,glp,14,103.75,98.0,110.0,95.0,110.0
2021-12,MUN,SP|BIRIGUI,glp,29,102.5,100.0,110.0,94.9,110.0
2021-12,MUN,SP|BOTUCATU,glp,17,95.0,87.2,95.0,82.995,100.0
2021-12,MUN,SP|BRAGANCA PAULISTA,glp,10,104.995,104.9,109.09,104.9,109.99
2021-12,MUN,SP|CACAPAVA,glp,5,108.99,108.99,121.2,108.99,122.0
2021-12,MUN,SP|CAMPINAS,glp,11,98.99,97.99,100.0,97.99,104.99
2021-12,MUN,SP|CARAGUATATUBA,glp,7,95.0,92.2,100.8,88.0,105.0
2021-12,MUN,SP|CARAPICUIBA,glp,13,99.99,94.992,104.99,94.99,113.0
2021-12,MUN,SP|CATANDUVA,glp,12,96.0,94.909,109.9,94.9,115.0
2021-12,MUN,SP|COSMOPOLIS,glp,5,84.99,84.99,90.994,84.99,94.99
2021-12,MUN,SP|COTIA,glp,8,110.5,103.49,124.28,99.99,126.1
2021-12,MUN,SP|CRUZEIRO,glp,9,89.945,85.59,95.0,83.99,95.0
2021-12,MUN,SP|CUBATAO,glp,6,108.5,100.995,117.5,98.99,120.0
2021-12,MUN,SP|DIADEMA,glp,31,112.99,100.0,115.0,97.99,115.0
2021-12,MUN,SP|DRACENA,glp,4,110.0,106.5,110.0,105.0,110.0
2021-12,MUN,SP|EMBU DAS ARTES,glp,5,104.0,99.99,116.096,99.99,123.5
2021-12,MUN,SP|FRANCA,glp,32,100.0,94.99,105.0,93.49,115.0
2021-12,MUN,SP|GARCA,glp,5,100.0,96.394,102.4,95.99,104.0
2021-12,MUN,SP|GUARATINGUETA,glp,14,95.0,92.297,98.7,90.0,103.0
2021-12,MUN,SP|GUARUJA,glp,9,95.0,93.98,104.99,89.9,104.99
2021-12,MUN,SP|GUARULHOS,glp,21,99.99,94.99,105.0,89.99,105.0
2021-12,MUN,SP|HORTOLANDIA,glp,8,101.495,94.99,106.5,94.99,110.0
2021-12,MUN,SP|IBITINGA,glp,6,110.0,108.25,110.5,106.5,111.0
2021-12,MUN,SP|INDAIATUBA,glp,23,105.0,97.198,108.8,95.0,110.0
2021-12,MUN,SP|ITANHAEM,glp,3,107.0,107.0,109.4,107.0,110.0
2021-12,MUN,SP|ITAPECERICA DA SERRA,glp,6,99.992,99.99,103.75,99.99,105.0
2021-12,MUN,SP|ITAPETININGA,glp,15,103.99,100.0,106.5,100.0,110.0
2021-12,MUN,SP|ITAPEVA,glp,4,114.5,114.0,115.35,114.0,115.5
2021-12,MUN,SP|ITAPIRA,glp,3,100.0,99.192,106.4,98.99,108.0
2021-12,MUN,SP|ITAPOLIS,glp,9,107.5,99.0,110.0,95.0,110.0
2021-12,MUN,SP|ITAQUAQUECETUBA,glp,14,92.49,89.99,97.69,89.99,99.99
2021-12,MUN,SP|ITATIBA,glp,7,103.0,100.6,106.4,100.0,110.0
2021-12,MUN,SP|ITU,glp,7,98.0,94.99,105.0,94.99,105.0
2021-12,MUN,SP|JABOTICABAL,glp,5,97.9,95.8,99.2,95.0,100.0
2021-12,MUN,SP|JACAREI,glp,9,94.0,89.598,106.9,87.99,106.9
2021-12,MUN,SP|JALES,glp,12,94.945,92.099,95.0,89.5,95.0
2021-12,MUN,SP|JAU,glp,12,105.5,105.0,109.0,105.0,113.7
2021-12,MUN,SP|JOSE BONIFACIO,glp,7,105.0,100.0,110.0,100.0,110.0
2021-12,MUN,SP|JUNDIAI,glp,8,106.0,99.393,110.6,98.0,112.0
2021-12,MUN,SP|LEME,glp,10,105.0,104.9,106.7,104.0,113.0
2021-12,MUN,SP|LIMEIRA,glp,13,100.0,95.6,100.0,95.0,100.0
2021-12,MUN,SP|LINS,glp,11,110.0,99.945,110.0,99.9,110.0
2021-12,MUN,SP|LORENA,glp,13,93.5,84.992,99.32,84.99,100.0
2021-12,MUN,SP|MARILIA,glp,13,112.5,110.0,120.0,110.0,120.0
2021-12,MUN,SP|MATAO,glp,9,93.0,89.792,114.0,89.0,130.0
2021-12,MUN,SP|MAUA,glp,44,105.0,100.6,111.0,94.99,117.0
2021-12,MUN,SP|MIRASSOL,glp,10,102.5,100.0,110.0,100.0,110.0
2021-12,MUN,SP|MOCOCA,glp,5,105.0,101.6,105.0,100.0,105.0
2021-12,MUN,SP|MOGI DAS CRUZES,glp,30,99.99,96.855,105.0,89.99,107.0
2021-12,MUN,SP|MOGI GUACU,glp,11,98.0,95.0,98.0,95.0,100.0
2021-12,MUN,SP|MOGI MIRIM,glp,10,96.99,94.799,97.0,92.99,97.0
2021-12,MUN,SP|MONTE ALTO,glp,8,100.0,98.7,106.6,98.0,115.0
2021-12,MUN,SP|OLIMPIA,glp,7,90.0,90.0,93.6,90.0,99.0
2021-12,MUN,SP|OSASCO,glp,20,100.0,99.791,105.491,95.0,110.0
2021-12,MUN,SP|OURINHOS,glp,21,102.0,100.0,103.0,98.0,105.0
2021-12,MUN,SP|PARAGUACU PAULISTA,glp,11,98.0,95.0,108.0,94.95,110.0
2021-12,MUN,SP|PAULINIA,glp,9,97.99,94.99,98.198,94.99,98.99
2021-12,MUN,SP|PINDAMONHANGABA,glp,6,100.0,99.5,102.0,99.0,104.0
2021-12,MUN,SP|PIRACICABA,glp,18,99.99,95.0,103.0,94.99,110.0
2021-12,MUN,SP|PIRASSUNUNGA,glp,2,89.95,89.91,89.99,89.9,90.0
2021-12,MUN,SP|POA,glp,8,99.99,92.99,102.3,92.99,103.0
2021-12,MUN,SP|PORTO FERREIRA,glp,2,102.45,96.49,108.41,95.0,109.9
2021-12,MUN,SP|PRAIA GRANDE,glp,10,102.99,101.79,105.4,99.9,118.0
2021-12,MUN,SP|PRESIDENTE PRUDENTE,glp,14,102.5,90.897,107.1,89.99,110.0
2021-12,MUN,SP|PRESIDENTE VENCESLAU,glp,1,105.0,105.0,105.0,105.0,105.0
2021-12,MUN,SP|RIBEIRAO PIRES,glp,19,100.0,94.972,110.0,94.9,110.0
2021-12,MUN,SP|RIBEIRAO PRETO,glp,28,102.75,99.765,110.0,94.5,114.0
2021-12,MUN,SP|RIO CLARO,glp,5,100.0,99.994,100.0,99.99,100.0
2021-12,MUN,SP|SALTO,glp,16,95.0,92.945,102.975,91.99,104.0
2021-12,MUN,SP|SANTA BARBARA D'OESTE,glp,13,95.0,94.99,95.0,89.99,99.995
2021-12,MUN,SP|SANTA CRUZ DO RIO PARDO,glp,15,110.0,109.4,110.0,105.0,112.0
2021-12,MUN,SP|SANTO ANDRE,glp,45,102.0,95.0,106.996,94.99,109.99
2021-12,MUN,SP|SANTOS,glp,22,104.95,96.99,119.9,94.99,120.0
2021-12,MUN,SP|SAO BERNARDO DO CAMPO,glp,36,102.99,97.995,111.0,94.99,120.0
2021-12,MUN,SP|SAO CAETANO DO SUL,glp,6,105.0,102.5,105.0,100.0,105.0
2021-12,MUN,SP|SAO CARLOS,glp,13,107.0,98.372,115.0,97.99,115.0
2021-12,MUN,SP|SAO JOAO DA BOA VISTA,glp,11,105.0,105.0,105.0,105.0,110.0
2021-12,MUN,SP|SAO JOSE DO RIO PRETO,glp,20,100.0,93.0,111.0,89.99,120.0
2021-12,MUN,SP|SAO JOSE DOS CAMPOS,glp,19,100.0,92.2,105.598,79.99,109.99
2021-12,MUN,SP|SAO PAULO,glp,90,99.99,91.341,109.991,88.99,118.99
2021-12,MUN,SP|SAO ROQUE,glp,8,97.5,89.99,100.75,89.99,102.5
2021-12,MUN,SP|SAO VICENTE,glp,19,98.0,94.99,101.19,94.99,115.0
2021-12,MUN,SP|SERTAOZINHO,glp,18,105.0,100.0,110.0,100.0,115.0
2021-12,MUN,SP|SOROCABA,glp,15,105.0,95.0,110.0,94.99,110.0
2021-12,MUN,SP|SUMARE,glp,11,99.99,94.99,100.0,94.99,104.0
2021-12,MUN,SP|SUZANO,glp,18,98.972,92.84,106.297,90.0,107.0
2021-12,MUN,SP|TABOAO DA SERRA,glp,7,99.99,97.99,105.393,94.99,105.99
2021-12,MUN,SP|TATUI,glp,9,110.0,108.79,111.0,103.99,115.0
2021-12,MUN,SP|TAUBATE,glp,10,96.5,92.499,98.5,87.99,103.0
2021-12,MUN,SP|TUPA,glp,11,100.0,95.0,110.0,95.0,110.0
2021-12,MUN,SP|UBATUBA,glp,11,100.0,95.0,107.0,93.0,112.0
2021-12,MUN,SP|VALINHOS,glp,7,98.99,92.99,99.9,92.99,99.9
2021-12,MUN,SP|VARZEA PAULISTA,glp,10,99.995,93.899,108.2,92.99,110.0
2021-12,MUN,SP|VINHEDO,glp,6,102.0,101.5,105.45,101.0,106.0
2021-12,MUN,SP|VOTORANTIM,glp,17,100.0,89.99,105.0,89.99,110.0
2021-12,MUN,SP|VOTUPORANGA,glp,10,99.0,95.0,105.3,95.0,108.0
2021-12,MUN,TO|ARAGUAINA,glp,25,115.0,110.0,115.0,105.0,120.0
2021-12,MUN,TO|GURUPI,glp,35,115.0,115.0,120.0,94.99,120.0
2021-12,MUN,TO|PALMAS,glp,63,110.0,105.0,120.0,100.0,120.0
2021-12,MUN,TO|PARAISO DO TOCANTINS,glp,2,111.0,110.2,111.8,110.0,112.0
2021-12,UF,AC,glp,49,115.0,112.0,120.8,110.0,130.0
2021-12,UF,AL,glp,23,100.0,95.0,102.5,86.99,105.0
2021-12,UF,AM,glp,79,107.0,100.0,115.0,97.0,125.0
2021-12,UF,AP,glp,20,116.0,110.9,120.0,110.0,121.0
2021-12,UF,BA,glp,347,95.0,87.0,100.0,77.99,115.0
2021-12,UF,CE,glp,142,105.0,97.991,110.0,90.0,115.0
2021-12,UF,DF,glp,53,98.0,94.99,99.99,89.99,114.495
2021-12,UF,ES,glp,117,96.0,87.0,105.0,84.99,110.0
2021-12,UF,GO,glp,272,108.0,97.5,115.0,89.49,130.0
2021-12,UF,MA,glp,63,104.99,100.0,104.99,95.0,120.0
2021-12,UF,MG,glp,687,105.0,96.0,115.0,89.0,125.0
2021-12,UF,MS,glp,174,99.0,93.0,109.4,89.0,124.0
2021-12,UF,MT,glp,155,125.0,115.0,135.0,94.995,140.0
2021-12,UF,PA,glp,193,105.0,98.0,115.0,87.0,130.0
2021-12,UF,PB,glp,75,105.0,100.0,110.0,89.99,115.0
2021-12,UF,PE,glp,294,95.0,89.99,100.0,79.99,120.0
2021-12,UF,PI,glp,66,105.0,104.998,110.0,99.99,120.0
2021-12,UF,PR,glp,483,105.0,95.0,117.0,81.9,130.0
2021-12,UF,RJ,glp,303,92.0,85.99,100.0,78.0,112.0
2021-12,UF,RN,glp,52,110.0,105.0,110.9,96.0,120.0
2021-12,UF,RO,glp,57,120.0,107.6,130.0,100.0,135.0
2021-12,UF,RR,glp,92,111.0,108.0,115.0,105.0,130.0
2021-12,UF,RS,glp,478,102.0,95.0,110.9,85.0,135.5
2021-12,UF,SC,glp,103,110.0,100.0,120.0,95.99,135.0
2021-12,UF,SE,glp,38,95.0,91.0,99.9,91.0,100.0
2021-12,UF,SP,glp,1443,100.0,94.99,110.0,79.99,130.0
2021-12,UF,TO,glp,125,115.0,105.0,120.0,94.99,120.0
