periodo,nivel,codigo,produto,postos,mediana,p10,p90,minimo,maximo
2018-01,BR,BR,glp,6705,68.0,60.0,80.0,45.0,115.0
2018-01,MUN,AC|CRUZEIRO DO SUL,glp,7,78.0,78.0,83.2,78.0,85.0
2018-01,MUN,AC|RIO BRANCO,glp,52,78.0,75.0,80.0,73.0,82.0
2018-01,MUN,AL|ARAPIRACA,glp,7,60.0,55.0,62.0,55.0,65.0
2018-01,MUN,AL|DELMIRO GOUVEIA,glp,2,70.0,66.0,74.0,65.0,75.0
2018-01,MUN,AL|MACEIO,glp,50,70.0,70.0,70.0,68.0,70.0
2018-01,MUN,AL|PALMEIRA DOS INDIOS,glp,6,65.0,62.5,65.0,60.0,65.0
2018-01,MUN,AL|RIO LARGO,glp,3,60.0,60.0,60.0,60.0,60.0
2018-01,MUN,AL|SATUBA,glp,1,70.0,70.0,70.0,70.0,70.0
2018-01,MUN,AM|ITACOATIARA,glp,12,85.0,82.5,85.0,82.0,85.0
2018-01,MUN,AM|MANACAPURU,glp,4,79.0,78.3,79.7,78.0,80.0
2018-01,MUN,AM|MANAUS,glp,173,70.0,66.5,74.8,65.0,80.0
2018-01,MUN,AM|PARINTINS,glp,5,75.0,71.4,75.0,69.0,75.0
2018-01,MUN,AM|TEFE,glp,2,80.0,80.0,80.0,80.0,80.0
2018-01,MUN,AP|MACAPA,glp,10,73.0,71.0,74.91,62.0,75.0
2018-01,MUN,AP|SANTANA,glp,7,70.0,65.0,74.2,65.0,76.0
2018-01,MUN,BA|ALAGOINHAS,glp,4,64.0,62.3,65.0,62.0,65.0
2018-01,MUN,BA|BARREIRAS,glp,8,75.0,62.25,75.0,50.0,75.0
2018-01,MUN,BA|BRUMADO,glp,4,48.0,47.3,51.5,47.0,53.0
2018-01,MUN,BA|CAETITE,glp,7,55.0,55.0,58.8,55.0,60.0
2018-01,MUN,BA|CAMACARI,glp,9,63.0,52.8,67.0,52.0,67.0
2018-01,MUN,BA|EUNAPOLIS,glp,7,67.0,65.0,68.0,65.0,68.0
2018-01,MUN,BA|FEIRA DE SANTANA,glp,7,58.0,56.8,63.74,55.0,66.5
2018-01,MUN,BA|GUANAMBI,glp,16,55.0,55.0,55.0,55.0,55.0
2018-01,MUN,BA|ILHEUS,glp,7,70.0,65.0,75.394,65.0,76.0
2018-01,MUN,BA|IPIRA,glp,3,65.0,61.0,65.0,60.0,65.0
2018-01,MUN,BA|IRECE,glp,8,54.0,53.0,58.0,53.0,65.0
2018-01,MUN,BA|ITABUNA,glp,6,62.5,57.5,66.5,55.0,68.0
2018-01,MUN,BA|ITAMARAJU,glp,6,60.0,60.0,62.5,60.0,63.0
2018-01,MUN,BA|JACOBINA,glp,5,55.0,50.0,56.8,50.0,58.0
2018-01,MUN,BA|JAGUAQUARA,glp,2,62.5,60.5,64.5,60.0,65.0
2018-01,MUN,BA|JEQUIE,glp,6,53.0,51.5,55.5,50.0,58.0
2018-01,MUN,BA|JUAZEIRO,glp,8,60.25,57.8,66.5,55.0,70.0
2018-01,MUN,BA|LAURO DE FREITAS,glp,12,57.5,55.0,65.0,50.0,68.0
2018-01,MUN,BA|LIVRAMENTO DE NOSSA SENHORA,glp,3,58.0,47.6,59.592,45.0,59.99
2018-01,MUN,BA|PAULO AFONSO,glp,6,76.5,72.0,80.0,69.0,80.0
2018-01,MUN,BA|POCOES,glp,4,58.0,58.0,59.4,58.0,60.0
2018-01,MUN,BA|PORTO SEGURO,glp,11,60.0,60.0,65.0,60.0,65.0
2018-01,MUN,BA|SALVADOR,glp,74,55.0,50.0,65.0,45.0,68.0
2018-01,MUN,BA|SANTANOPOLIS,glp,1,58.0,58.0,58.0,58.0,58.0
2018-01,MUN,BA|SANTO ANTONIO DE JESUS,glp,5,60.0,55.0,60.0,55.0,60.0
2018-01,MUN,BA|SENHOR DO BONFIM,glp,2,65.0,65.0,65.0,65.0,65.0
2018-01,MUN,BA|SERRINHA,glp,6,60.0,57.5,60.0,55.0,60.0
2018-01,MUN,BA|SIMOES FILHO,glp,8,57.5,51.4,61.5,50.0,65.0
2018-01,MUN,BA|TEIXEIRA DE FREITAS,glp,10,62.75,60.0,65.0,60.0,65.0
2018-01,MUN,BA|VALENCA,glp,5,70.0,69.4,70.0,69.0,70.0
2018-01,MUN,BA|VITORIA DA CONQUISTA,glp,4,61.0,60.0,64.1,60.0,65.0
2018-01,MUN,CE|CANINDE,glp,4,70.0,69.3,71.4,69.0,72.0
2018-01,MUN,CE|CAUCAIA,glp,23,72.5,70.0,75.4,69.0,80.0
2018-01,MUN,CE|CRATEUS,glp,5,72.0,69.7,73.8,69.5,75.0
2018-01,MUN,CE|CRATO,glp,16,72.0,70.0,75.0,60.0,75.0
2018-01,MUN,CE|FORTALEZA,glp,111,75.0,70.0,78.0,69.0,80.0
2018-01,MUN,CE|ICO,glp,5,72.0,70.8,73.2,70.0,74.0
2018-01,MUN,CE|IGUATU,glp,5,68.0,66.2,70.0,66.0,70.0
2018-01,MUN,CE|ITAPIPOCA,glp,8,69.5,67.1,71.3,65.0,72.0
2018-01,MUN,CE|JUAZEIRO DO NORTE,glp,12,68.0,68.0,71.35,67.5,72.5
2018-01,MUN,CE|LIMOEIRO DO NORTE,glp,4,70.5,68.6,71.7,68.0,72.0
2018-01,MUN,CE|MARACANAU,glp,14,75.0,70.0,79.25,69.0,80.0
2018-01,MUN,CE|PACAJUS,glp,1,75.0,75.0,75.0,75.0,75.0
2018-01,MUN,CE|QUIXADA,glp,6,72.0,71.0,73.5,70.0,75.0
2018-01,MUN,CE|SOBRAL,glp,10,71.0,68.9,72.3,68.0,75.0
2018-01,MUN,DF|BRASILIA,glp,54,69.0,65.0,75.0,60.0,90.0
2018-01,MUN,ES|ARACRUZ,glp,8,66.5,59.1,72.4,57.0,78.0
2018-01,MUN,ES|CACHOEIRO DE ITAPEMIRIM,glp,15,65.0,60.0,67.6,60.0,70.0
2018-01,MUN,ES|CARIACICA,glp,65,60.0,59.936,65.0,55.0,65.0
2018-01,MUN,ES|COLATINA,glp,8,65.0,60.0,65.0,60.0,65.0
2018-01,MUN,ES|GUARAPARI,glp,16,69.9,65.0,72.0,65.0,75.0
2018-01,MUN,ES|LINHARES,glp,17,65.0,60.0,69.94,55.0,70.0
2018-01,MUN,ES|SAO MATEUS,glp,8,60.0,57.1,66.5,55.0,70.0
2018-01,MUN,ES|SERRA,glp,83,60.0,59.0,65.0,55.0,65.0
2018-01,MUN,ES|VILA VELHA,glp,26,60.0,58.5,62.0,58.0,65.0
2018-01,MUN,ES|VITORIA,glp,24,65.0,60.0,68.0,59.9,70.0
2018-01,MUN,GO|AGUAS LINDAS DE GOIAS,glp,13,67.0,66.0,68.8,66.0,69.0
2018-01,MUN,GO|ANAPOLIS,glp,46,69.0,68.0,70.0,66.0,70.0
2018-01,MUN,GO|APARECIDA DE GOIANIA,glp,32,69.0,67.0,70.0,65.0,70.0
2018-01,MUN,GO|CALDAS NOVAS,glp,14,69.5,65.6,70.0,65.0,72.0
2018-01,MUN,GO|CATALAO,glp,12,70.0,69.1,71.9,69.0,72.0
2018-01,MUN,GO|FORMOSA,glp,16,72.0,69.5,74.0,69.0,74.0
2018-01,MUN,GO|GOIANIA,glp,83,75.0,72.0,78.0,70.0,78.0
2018-01,MUN,GO|GOIATUBA,glp,5,75.0,75.0,76.8,75.0,78.0
2018-01,MUN,GO|ITUMBIARA,glp,10,78.25,74.5,80.0,70.0,80.0
2018-01,MUN,GO|JATAI,glp,26,72.0,70.0,75.0,70.0,76.0
2018-01,MUN,GO|LUZIANIA,glp,17,67.0,64.6,68.0,64.0,68.0
2018-01,MUN,GO|MINEIROS,glp,8,80.0,79.7,82.0,79.0,82.0
2018-01,MUN,GO|MORRINHOS,glp,10,69.0,66.95,70.0,66.5,70.0
2018-01,MUN,GO|PORANGATU,glp,21,69.0,67.0,70.0,67.0,72.0
2018-01,MUN,GO|RIO VERDE,glp,18,70.5,67.7,74.0,67.0,74.0
2018-01,MUN,GO|TRINDADE,glp,33,69.0,67.1,70.0,67.0,70.0
2018-01,MUN,GO|VALPARAISO DE GOIAS,glp,14,67.0,65.25,67.7,64.5,68.0
2018-01,MUN,MA|ACAILANDIA,glp,4,75.0,71.5,75.0,70.0,75.0
2018-01,MUN,MA|BACABAL,glp,5,78.0,77.7,78.6,77.5,79.0
2018-01,MUN,MA|BALSAS,glp,4,87.5,85.0,90.0,85.0,90.0
2018-01,MUN,MA|BARRA DO CORDA,glp,4,81.0,80.0,82.0,80.0,82.0
2018-01,MUN,MA|CAXIAS,glp,3,65.0,49.0,65.0,45.0,65.0
2018-01,MUN,MA|CODO,glp,1,75.0,75.0,75.0,75.0,75.0
2018-01,MUN,MA|IMPERATRIZ,glp,25,75.0,70.0,80.0,70.0,85.0
2018-01,MUN,MA|PINHEIRO,glp,4,80.25,80.0,82.25,80.0,83.0
2018-01,MUN,MA|PRESIDENTE DUTRA,glp,3,75.0,75.0,75.0,75.0,75.0
2018-01,MUN,MA|SANTA INES,glp,3,73.0,70.6,73.0,70.0,73.0
2018-01,MUN,MA|SAO JOSE DE RIBAMAR,glp,10,64.99,64.99,65.0,64.99,65.0
2018-01,MUN,MA|SAO LUIS,glp,62,64.99,64.99,65.0,54.0,65.0
2018-01,MUN,MA|SAO LUIS GONZAGA DO MARANHAO,glp,1,77.0,77.0,77.0,77.0,77.0
2018-01,MUN,MG|ALFENAS,glp,14,64.0,60.0,68.5,60.0,70.0
2018-01,MUN,MG|ARAGUARI,glp,8,70.0,70.0,73.6,70.0,75.0
2018-01,MUN,MG|ARAXA,glp,5,65.0,63.8,70.0,63.0,70.0
2018-01,MUN,MG|BARBACENA,glp,11,70.0,65.0,70.0,65.0,80.0
2018-01,MUN,MG|BELO HORIZONTE,glp,35,65.0,58.4,72.4,55.0,80.0
2018-01,MUN,MG|BETIM,glp,22,65.0,60.35,69.8,60.0,80.0
2018-01,MUN,MG|BOM DESPACHO,glp,6,73.45,70.0,78.45,70.0,80.0
2018-01,MUN,MG|CAMPO BELO,glp,7,70.0,65.9,70.0,65.0,70.0
2018-01,MUN,MG|CARATINGA,glp,3,75.0,75.0,75.0,75.0,75.0
2018-01,MUN,MG|CONGONHAS,glp,7,71.0,68.8,71.0,67.0,71.0
2018-01,MUN,MG|CONSELHEIRO LAFAIETE,glp,7,60.0,58.0,61.996,58.0,64.99
2018-01,MUN,MG|CONTAGEM,glp,20,70.0,65.0,75.0,65.0,76.9
2018-01,MUN,MG|CORONEL FABRICIANO,glp,10,74.0,70.0,75.0,70.0,75.0
2018-01,MUN,MG|CURVELO,glp,6,65.0,62.5,70.0,62.0,70.0
2018-01,MUN,MG|DIVINOPOLIS,glp,18,67.5,60.0,70.6,60.0,75.0
2018-01,MUN,MG|FORMIGA,glp,8,75.0,75.0,76.5,75.0,80.0
2018-01,MUN,MG|FRUTAL,glp,8,61.0,56.4,68.3,55.0,69.0
2018-01,MUN,MG|GOVERNADOR VALADARES,glp,9,72.0,69.2,75.0,66.0,75.0
2018-01,MUN,MG|GUAXUPE,glp,6,62.25,58.25,64.0,56.5,65.0
2018-01,MUN,MG|IPATINGA,glp,16,70.0,68.0,75.0,68.0,75.0
2018-01,MUN,MG|ITABIRA,glp,7,69.0,68.6,75.2,68.0,75.5
2018-01,MUN,MG|ITAJUBA,glp,11,63.0,58.0,63.0,55.0,65.0
2018-01,MUN,MG|ITAUNA,glp,9,70.0,64.0,70.0,64.0,70.0
2018-01,MUN,MG|ITUIUTABA,glp,16,70.0,66.5,75.0,65.0,76.0
2018-01,MUN,MG|JANAUBA,glp,3,75.0,73.0,76.6,72.5,77.0
2018-01,MUN,MG|JANUARIA,glp,8,90.0,85.7,90.0,85.0,90.0
2018-01,MUN,MG|JOAO MONLEVADE,glp,8,61.25,60.0,66.5,60.0,70.0
2018-01,MUN,MG|JOAO PINHEIRO,glp,11,80.0,80.0,80.0,79.9,80.0
2018-01,MUN,MG|JUIZ DE FORA,glp,22,70.0,65.0,79.99,65.0,80.0
2018-01,MUN,MG|LAVRAS,glp,9,63.0,60.0,66.0,60.0,70.0
2018-01,MUN,MG|LEOPOLDINA,glp,8,78.0,73.2,80.3,69.0,81.0
2018-01,MUN,MG|MANHUACU,glp,7,65.0,60.0,72.0,60.0,75.0
2018-01,MUN,MG|MONTE CARMELO,glp,10,60.0,60.0,65.0,60.0,65.0
2018-01,MUN,MG|MONTES CLAROS,glp,31,72.0,70.0,73.0,70.0,73.0
2018-01,MUN,MG|MURIAE,glp,7,75.0,73.0,75.0,70.0,75.0
2018-01,MUN,MG|NOVA LIMA,glp,8,68.0,64.4,73.2,63.0,76.0
2018-01,MUN,MG|OLIVEIRA,glp,5,72.9,71.16,74.6,70.0,75.0
2018-01,MUN,MG|OURO PRETO,glp,5,77.0,74.4,78.8,74.0,80.0
2018-01,MUN,MG|PARA DE MINAS,glp,4,79.5,72.1,84.1,70.0,85.0
2018-01,MUN,MG|PARACATU,glp,12,70.0,60.5,75.0,60.0,75.0
2018-01,MUN,MG|PASSOS,glp,16,64.0,60.0,69.0,60.0,72.0
2018-01,MUN,MG|PATOS DE MINAS,glp,7,70.0,65.0,70.0,65.0,70.0
2018-01,MUN,MG|PATROCINIO,glp,5,65.0,65.0,65.0,65.0,65.0
2018-01,MUN,MG|POCOS DE CALDAS,glp,14,70.0,69.27,72.1,69.0,73.0
2018-01,MUN,MG|POUSO ALEGRE,glp,6,66.5,62.5,70.5,60.0,73.0
2018-01,MUN,MG|SABARA,glp,8,69.0,64.2,70.0,60.0,70.0
2018-01,MUN,MG|SAO JOAO DEL REI,glp,15,65.0,60.0,69.6,60.0,70.0
2018-01,MUN,MG|SAO SEBASTIAO DO PARAISO,glp,16,69.5,65.0,74.0,64.0,75.0
2018-01,MUN,MG|SETE LAGOAS,glp,18,66.0,63.0,70.9,60.0,75.0
2018-01,MUN,MG|TEOFILO OTONI,glp,17,68.0,65.0,69.0,60.0,70.0
2018-01,MUN,MG|TIMOTEO,glp,5,70.0,69.4,75.0,69.0,75.0
2018-01,MUN,MG|TRES CORACOES,glp,10,66.5,62.7,70.3,60.0,73.0
2018-01,MUN,MG|UBA,glp,11,80.0,75.0,80.0,75.0,80.0
2018-01,MUN,MG|UBERABA,glp,19,65.0,64.6,70.0,60.0,80.0
2018-01,MUN,MG|UBERLANDIA,glp,26,75.0,68.0,76.25,65.0,80.0
2018-01,MUN,MG|UNAI,glp,5,82.0,80.0,85.0,80.0,85.0
2018-01,MUN,MG|VARGINHA,glp,13,60.0,60.0,65.0,60.0,70.0
2018-01,MUN,MG|VICOSA,glp,4,72.5,64.4,75.0,62.0,75.0
2018-01,MUN,MS|CAMPO GRANDE,glp,220,77.0,72.0,78.0,66.0,80.0
2018-01,MUN,MS|CORUMBA,glp,6,90.0,90.0,90.0,90.0,90.0
2018-01,MUN,MS|COXIM,glp,8,79.0,78.0,79.3,78.0,80.0
2018-01,MUN,MS|DOURADOS,glp,30,69.5,65.0,80.0,60.0,81.0
2018-01,MUN,MS|NOVA ANDRADINA,glp,11,85.0,80.0,85.0,70.0,85.0
2018-01,MUN,MS|PONTA PORA,glp,3,66.0,65.2,67.6,65.0,68.0
2018-01,MUN,MS|TRES LAGOAS,glp,9,60.0,59.6,66.8,58.0,74.0
2018-01,MUN,MT|ALTA FLORESTA,glp,7,110.0,108.6,113.5,108.0,115.0
2018-01,MUN,MT|CACERES,glp,11,85.0,80.0,89.0,80.0,90.0
2018-01,MUN,MT|CUIABA,glp,178,95.0,90.0,95.0,90.0,105.0
2018-01,MUN,MT|RONDONOPOLIS,glp,11,98.0,90.0,100.0,88.0,100.0
2018-01,MUN,MT|SINOP,glp,13,100.0,95.6,104.0,90.0,105.0
2018-01,MUN,MT|SORRISO,glp,11,90.0,85.0,99.0,85.0,110.0
2018-01,MUN,MT|VARZEA GRANDE,glp,48,95.0,90.0,100.0,85.0,100.0
2018-01,MUN,PA|ABAETETUBA,glp,6,64.5,64.0,70.75,64.0,71.0
2018-01,MUN,PA|ALENQUER,glp,4,73.5,68.6,79.1,68.0,80.0
2018-01,MUN,PA|ALTAMIRA,glp,9,85.0,80.0,91.6,80.0,98.0
2018-01,MUN,PA|ANANINDEUA,glp,27,65.0,60.0,70.0,60.0,80.0
2018-01,MUN,PA|BELEM,glp,59,65.0,60.0,70.0,60.0,75.0
2018-01,MUN,PA|BRAGANCA,glp,6,81.0,80.0,85.0,80.0,85.0
2018-01,MUN,PA|CAMETA,glp,6,67.5,60.0,70.0,60.0,70.0
2018-01,MUN,PA|CASTANHAL,glp,6,70.0,66.5,70.75,63.0,71.5
2018-01,MUN,PA|CONCEICAO DO ARAGUAIA,glp,6,82.0,80.0,85.0,80.0,85.0
2018-01,MUN,PA|ITAITUBA,glp,6,88.0,82.5,90.75,80.0,93.5
2018-01,MUN,PA|MARABA,glp,10,80.0,74.6,80.0,71.0,80.0
2018-01,MUN,PA|PARAGOMINAS,glp,3,86.0,85.2,88.4,85.0,89.0
2018-01,MUN,PA|PARAUAPEBAS,glp,4,85.0,85.0,85.0,85.0,85.0
2018-01,MUN,PA|REDENCAO,glp,5,90.0,87.0,90.0,85.0,90.0
2018-01,MUN,PA|SANTAREM,glp,21,70.0,68.0,70.0,65.0,72.0
2018-01,MUN,PA|XINGUARA,glp,7,90.0,88.0,90.0,88.0,90.0
2018-01,MUN,PB|BAYEUX,glp,9,63.0,60.0,65.0,60.0,65.0
2018-01,MUN,PB|CABEDELO,glp,9,65.0,60.0,65.2,60.0,66.0
2018-01,MUN,PB|CAMPINA GRANDE,glp,20,66.5,60.0,70.0,60.0,75.0
2018-01,MUN,PB|JOAO PESSOA,glp,25,65.0,60.0,65.0,60.0,65.0
2018-01,MUN,PB|PATOS,glp,7,65.0,61.8,65.8,60.0,67.0
2018-01,MUN,PB|SOUSA,glp,3,65.0,65.0,65.0,65.0,65.0
2018-01,MUN,PE|ARARIPINA,glp,5,70.0,70.0,73.0,70.0,75.0
2018-01,MUN,PE|ARCOVERDE,glp,9,70.0,70.0,73.0,70.0,73.0
2018-01,MUN,PE|BELO JARDIM,glp,4,61.0,57.6,64.4,57.0,65.0
2018-01,MUN,PE|CABO DE SANTO AGOSTINHO,glp,10,60.0,55.0,65.0,55.0,65.0
2018-01,MUN,PE|CARUARU,glp,9,65.0,60.0,65.4,60.0,67.0
2018-01,MUN,PE|GARANHUNS,glp,7,60.0,55.0,67.0,55.0,70.0
2018-01,MUN,PE|GOIANA,glp,4,65.0,61.5,65.0,60.0,65.0
2018-01,MUN,PE|IGARASSU,glp,20,65.0,65.0,70.0,60.0,70.0
2018-01,MUN,PE|JABOATAO DOS GUARARAPES,glp,21,65.0,55.0,70.0,55.0,70.0
2018-01,MUN,PE|LAJEDO,glp,3,55.0,55.0,55.0,55.0,55.0
2018-01,MUN,PE|OLINDA,glp,27,60.0,58.8,65.0,55.0,65.0
2018-01,MUN,PE|PAULISTA,glp,9,65.0,60.0,67.0,60.0,75.0
2018-01,MUN,PE|PETROLINA,glp,13,60.0,60.0,61.6,55.0,64.0
2018-01,MUN,PE|RECIFE,glp,38,65.0,60.0,70.0,58.5,75.0
2018-01,MUN,PE|SALGUEIRO,glp,3,70.0,70.0,70.0,70.0,70.0
2018-01,MUN,PE|SANTA CRUZ DO CAPIBARIBE,glp,7,60.0,53.0,65.0,50.0,65.0
2018-01,MUN,PE|SERRA TALHADA,glp,3,75.0,75.0,75.0,75.0,75.0
2018-01,MUN,PE|VITORIA DE SANTO ANTAO,glp,10,60.0,55.0,60.5,55.0,65.0
2018-01,MUN,PI|PARNAIBA,glp,4,83.5,80.655,84.0,79.65,84.0
2018-01,MUN,PI|PICOS,glp,2,72.75,72.55,72.95,72.5,73.0
2018-01,MUN,PI|PIRIPIRI,glp,4,83.0,79.5,83.0,78.0,83.0
2018-01,MUN,PI|TERESINA,glp,47,62.5,60.0,65.0,60.0,65.0
2018-01,MUN,PR|APUCARANA,glp,22,70.0,64.54,70.0,60.0,75.0
2018-01,MUN,PR|ARAPONGAS,glp,22,70.0,59.91,70.0,59.9,75.0
2018-01,MUN,PR|ARAUCARIA,glp,19,55.0,55.0,65.0,52.0,66.0
2018-01,MUN,PR|ASSIS CHATEAUBRIAND,glp,3,86.95,85.39,87.79,85.0,88.0
2018-01,MUN,PR|CAMBE,glp,16,70.0,64.5,70.0,60.0,70.0
2018-01,MUN,PR|CAMPO LARGO,glp,22,59.0,55.0,61.81,55.0,65.0
2018-01,MUN,PR|CAMPO MOURAO,glp,9,65.0,64.98,75.0,64.9,75.0
2018-01,MUN,PR|CASCAVEL,glp,39,82.0,80.0,83.0,75.0,85.0
2018-01,MUN,PR|CASTRO,glp,6,69.0,65.0,70.0,65.0,70.0
2018-01,MUN,PR|CIANORTE,glp,18,65.45,65.0,69.3,65.0,70.0
2018-01,MUN,PR|COLOMBO,glp,21,60.0,55.0,70.0,55.0,70.0
2018-01,MUN,PR|CORNELIO PROCOPIO,glp,4,70.0,69.65,70.0,69.5,70.0
2018-01,MUN,PR|CURITIBA,glp,68,61.0,55.0,69.9,52.0,75.0
2018-01,MUN,PR|CURIUVA,glp,1,60.0,60.0,60.0,60.0,60.0
2018-01,MUN,PR|FOZ DO IGUACU,glp,17,75.0,73.0,80.95,70.0,83.0
2018-01,MUN,PR|FRANCISCO BELTRAO,glp,6,63.995,59.5,65.0,59.0,65.0
2018-01,MUN,PR|GUARAPUAVA,glp,10,59.95,57.69,65.0,54.9,65.0
2018-01,MUN,PR|LONDRINA,glp,59,65.0,60.0,70.0,60.0,75.0
2018-01,MUN,PR|MARECHAL CANDIDO RONDON,glp,4,78.0,75.6,79.7,75.0,80.0
2018-01,MUN,PR|MARINGA,glp,25,80.0,75.0,80.0,75.0,80.0
2018-01,MUN,PR|PARANAGUA,glp,8,55.0,54.4,56.5,53.0,60.0
2018-01,MUN,PR|PARANAVAI,glp,15,70.0,65.0,70.0,60.0,75.0
2018-01,MUN,PR|PATO BRAGADO,glp,1,82.0,82.0,82.0,82.0,82.0
2018-01,MUN,PR|PATO BRANCO,glp,10,75.0,72.9,75.1,72.0,76.0
2018-01,MUN,PR|PINHAIS,glp,16,57.0,55.0,63.0,53.0,67.0
2018-01,MUN,PR|PONTA GROSSA,glp,12,57.0,55.1,63.0,50.0,63.0
2018-01,MUN,PR|RAMILANDIA,glp,1,80.95,80.95,80.95,80.95,80.95
2018-01,MUN,PR|SANTO ANTONIO DA PLATINA,glp,14,63.0,59.3,65.0,57.0,71.0
2018-01,MUN,PR|SAO JOSE DOS PINHAIS,glp,13,55.0,55.0,58.0,52.0,65.0
2018-01,MUN,PR|SERTANOPOLIS,glp,1,70.0,70.0,70.0,70.0,70.0
2018-01,MUN,PR|TOLEDO,glp,24,80.0,78.0,82.35,75.0,85.0
2018-01,MUN,PR|UMUARAMA,glp,16,72.25,70.0,75.0,70.0,75.0
2018-01,MUN,PR|UNIAO DA VITORIA,glp,4,78.0,68.3,80.7,65.0,81.0
2018-01,MUN,RJ|ANGRA DOS REIS,glp,7,70.0,65.2,74.34,64.0,75.0
2018-01,MUN,RJ|ARARUAMA,glp,7,59.5,54.8,60.0,53.0,60.0
2018-01,MUN,RJ|BARRA DO PIRAI,glp,4,68.95,66.163,69.7,64.99,70.0
2018-01,MUN,RJ|BARRA MANSA,glp,10,65.0,61.6,68.05,58.0,68.5
2018-01,MUN,RJ|BELFORD ROXO,glp,6,60.0,56.5,65.0,55.0,65.0
2018-01,MUN,RJ|CABO FRIO,glp,5,63.0,61.2,65.2,60.0,66.0
2018-01,MUN,RJ|CAMPOS DOS GOYTACAZES,glp,29,65.0,57.4,70.0,50.0,70.0
2018-01,MUN,RJ|DUQUE DE CAXIAS,glp,22,58.0,55.0,59.9,50.0,62.0
2018-01,MUN,RJ|ITABORAI,glp,7,65.0,62.0,70.6,62.0,73.0
2018-01,MUN,RJ|ITAGUAI,glp,3,64.9,64.9,64.98,64.9,65.0
2018-01,MUN,RJ|ITAPERUNA,glp,5,60.0,57.0,63.0,55.0,65.0
2018-01,MUN,RJ|MACAE,glp,6,61.5,59.0,66.5,58.0,68.0
2018-01,MUN,RJ|MAGE,glp,6,64.0,51.0,67.5,51.0,70.0
2018-01,MUN,RJ|MARICA,glp,5,57.0,55.0,64.2,55.0,65.0
2018-01,MUN,RJ|NILOPOLIS,glp,6,62.5,60.0,67.5,60.0,70.0
2018-01,MUN,RJ|NITEROI,glp,7,58.0,54.4,61.6,53.5,64.0
2018-01,MUN,RJ|NOVA FRIBURGO,glp,7,65.0,56.0,72.4,50.0,73.0
2018-01,MUN,RJ|NOVA IGUACU,glp,20,60.0,55.0,65.0,55.0,65.0
2018-01,MUN,RJ|PETROPOLIS,glp,7,62.9,58.0,68.0,58.0,68.0
2018-01,MUN,RJ|RESENDE,glp,7,70.0,60.0,75.0,60.0,75.0
2018-01,MUN,RJ|RIO BONITO,glp,3,50.0,50.0,54.0,50.0,55.0
2018-01,MUN,RJ|RIO DE JANEIRO,glp,79,62.45,55.0,75.0,49.99,85.0
2018-01,MUN,RJ|SANTO ANTONIO DE PADUA,glp,2,49.75,49.59,49.91,49.55,49.95
2018-01,MUN,RJ|SAO FRANCISCO DE ITABAPOANA,glp,2,65.0,65.0,65.0,65.0,65.0
2018-01,MUN,RJ|SAO GONCALO,glp,16,58.5,58.0,65.0,58.0,68.0
2018-01,MUN,RJ|SAO JOAO DE MERITI,glp,9,60.0,60.0,60.0,60.0,60.0
2018-01,MUN,RJ|SAPUCAIA,glp,3,67.0,57.8,75.8,55.5,78.0
2018-01,MUN,RJ|SAQUAREMA,glp,4,59.0,57.53,59.7,56.9,60.0
2018-01,MUN,RJ|TERESOPOLIS,glp,6,69.0,66.0,71.0,63.0,73.0
2018-01,MUN,RJ|TRES RIOS,glp,3,57.5,55.5,63.5,55.0,65.0
2018-01,MUN,RJ|VALENCA,glp,4,67.5,67.0,72.2,67.0,74.0
2018-01,MUN,RJ|VOLTA REDONDA,glp,9,67.0,63.8,69.0,63.0,69.0
2018-01,MUN,RN|CAICO,glp,9,70.0,67.4,72.6,65.0,75.0
2018-01,MUN,RN|MOSSORO,glp,8,70.5,67.8,73.6,65.0,75.0
2018-01,MUN,RN|NATAL,glp,66,69.0,63.75,73.0,60.0,75.0
2018-01,MUN,RN|PARNAMIRIM,glp,21,70.0,68.0,75.0,65.0,80.0
2018-01,MUN,RO|ARIQUEMES,glp,5,82.0,80.0,82.6,80.0,83.0
2018-01,MUN,RO|CACOAL,glp,5,89.0,87.4,89.0,87.0,89.0
2018-01,MUN,RO|JI-PARANA,glp,9,80.0,75.0,80.0,75.0,80.0
2018-01,MUN,RO|PIMENTA BUENO,glp,4,91.0,91.0,91.0,91.0,91.0
2018-01,MUN,RO|PORTO VELHO,glp,33,70.0,65.0,73.8,63.0,78.0
2018-01,MUN,RO|VILHENA,glp,10,83.0,80.9,86.2,80.0,88.0
2018-01,MUN,RR|BOA VISTA,glp,26,80.0,78.0,82.0,78.0,82.0
2018-01,MUN,RS|ALEGRETE,glp,8,75.0,67.1,82.9,65.0,85.0
2018-01,MUN,RS|ALVORADA,glp,7,60.0,58.0,63.0,55.0,63.0
2018-01,MUN,RS|BAGE,glp,26,71.0,69.0,75.0,65.0,76.0
2018-01,MUN,RS|BENTO GONCALVES,glp,5,63.0,61.2,78.0,60.0,80.0
2018-01,MUN,RS|CACHOEIRA DO SUL,glp,8,57.5,56.33,60.3,55.0,61.0
2018-01,MUN,RS|CACHOEIRINHA,glp,6,65.5,60.5,69.5,59.0,70.0
2018-01,MUN,RS|CANOAS,glp,14,66.0,60.0,70.0,60.0,72.0
2018-01,MUN,RS|CAXIAS DO SUL,glp,45,69.9,60.8,75.0,60.0,82.0
2018-01,MUN,RS|CRUZ ALTA,glp,3,65.0,60.2,74.6,59.0,77.0
2018-01,MUN,RS|ERECHIM,glp,8,85.0,81.4,87.55,80.0,90.0
2018-01,MUN,RS|ESTEIO,glp,13,65.0,64.92,68.9,62.5,70.0
2018-01,MUN,RS|GRAMADO,glp,5,79.0,78.4,80.0,78.0,80.0
2018-01,MUN,RS|GRAVATAI,glp,10,60.0,59.8,65.0,58.0,65.0
2018-01,MUN,RS|GUAIBA,glp,7,65.0,60.0,68.0,60.0,68.0
2018-01,MUN,RS|IJUI,glp,8,70.0,68.8,75.0,66.0,75.0
2018-01,MUN,RS|LAJEADO,glp,12,72.0,70.0,75.0,70.0,75.0
2018-01,MUN,RS|NOVO HAMBURGO,glp,12,60.0,59.991,64.7,59.0,70.0
2018-01,MUN,RS|OSORIO,glp,6,67.0,65.0,73.0,65.0,73.0
2018-01,MUN,RS|PASSO FUNDO,glp,22,65.0,65.0,70.0,62.0,75.0
2018-01,MUN,RS|PELOTAS,glp,17,65.0,55.0,71.2,55.0,73.8
2018-01,MUN,RS|PORTO ALEGRE,glp,21,65.0,64.9,70.0,60.0,75.0
2018-01,MUN,RS|RIO GRANDE,glp,9,65.0,60.0,65.6,60.0,68.0
2018-01,MUN,RS|SANTA CRUZ DO SUL,glp,19,70.0,70.0,76.2,69.0,78.0
2018-01,MUN,RS|SANTA MARIA,glp,82,72.75,68.1,78.0,65.0,82.5
2018-01,MUN,RS|SANTA ROSA,glp,7,77.0,73.0,78.0,70.0,78.0
2018-01,MUN,RS|SANTANA DO LIVRAMENTO,glp,13,55.0,51.0,60.0,50.0,60.0
2018-01,MUN,RS|SANTO ANGELO,glp,3,71.0,70.2,72.6,70.0,73.0
2018-01,MUN,RS|SAO GABRIEL,glp,9,75.0,68.0,78.0,68.0,78.0
2018-01,MUN,RS|SAO LEOPOLDO,glp,9,60.0,59.4,65.0,57.0,65.0
2018-01,MUN,RS|SAO LUIZ GONZAGA,glp,7,69.0,68.0,76.6,68.0,79.0
2018-01,MUN,RS|SAPIRANGA,glp,5,68.0,66.4,68.0,66.0,68.0
2018-01,MUN,RS|SAPUCAIA DO SUL,glp,29,65.0,60.0,69.2,59.0,72.0
2018-01,MUN,RS|TORRES,glp,5,80.0,75.2,85.0,72.0,85.0
2018-01,MUN,RS|URUGUAIANA,glp,13,80.0,71.0,85.0,67.0,85.0
2018-01,MUN,RS|VACARIA,glp,5,75.0,65.8,77.4,65.0,79.0
2018-01,MUN,RS|VIAMAO,glp,21,65.0,60.0,70.0,58.0,75.0
2018-01,MUN,SC|ARARANGUA,glp,4,62.5,60.0,68.5,60.0,70.0
2018-01,MUN,SC|BALNEARIO CAMBORIU,glp,4,69.0,67.6,69.7,67.0,70.0
2018-01,MUN,SC|BIGUACU,glp,2,60.5,60.1,60.9,60.0,61.0
2018-01,MUN,SC|BLUMENAU,glp,7,75.0,74.6,77.4,74.0,78.0
2018-01,MUN,SC|BRUSQUE,glp,6,65.0,62.5,65.0,60.0,65.0
2018-01,MUN,SC|CACADOR,glp,5,65.0,62.0,72.6,60.0,75.0
2018-01,MUN,SC|CHAPECO,glp,5,77.0,75.8,80.0,75.0,80.0
2018-01,MUN,SC|CONCORDIA,glp,4,65.0,65.0,67.1,65.0,68.0
2018-01,MUN,SC|CRICIUMA,glp,13,65.0,63.0,70.0,63.0,70.0
2018-01,MUN,SC|FLORIANOPOLIS,glp,8,65.95,62.8,70.0,60.0,70.0
2018-01,MUN,SC|ITAJAI,glp,10,65.0,65.0,70.0,65.0,70.0
2018-01,MUN,SC|JARAGUA DO SUL,glp,7,67.9,66.16,72.0,64.9,72.0
2018-01,MUN,SC|JOINVILLE,glp,5,69.0,65.8,75.0,65.0,79.0
2018-01,MUN,SC|LAGES,glp,7,65.0,60.0,69.4,60.0,70.0
2018-01,MUN,SC|LAGUNA,glp,4,66.5,65.0,69.4,65.0,70.0
2018-01,MUN,SC|MAFRA,glp,6,68.5,64.95,72.5,64.9,75.0
2018-01,MUN,SC|PALHOCA,glp,3,65.0,65.0,67.4,65.0,68.0
2018-01,MUN,SC|SAO JOSE,glp,4,61.0,60.0,62.0,60.0,62.0
2018-01,MUN,SC|TUBARAO,glp,5,65.0,65.0,65.0,65.0,65.0
2018-01,MUN,SC|VIDEIRA,glp,6,72.5,67.5,76.5,65.0,77.0
2018-01,MUN,SC|XANXERE,glp,5,78.0,75.0,80.0,75.0,80.0
2018-01,MUN,SE|ARACAJU,glp,12,80.0,77.0,83.0,75.0,90.0
2018-01,MUN,SE|ITABAIANA,glp,3,70.0,70.0,74.0,70.0,75.0
2018-01,MUN,SE|LAGARTO,glp,4,75.0,71.5,75.0,70.0,75.0
2018-01,MUN,SE|NOSSA SENHORA DO SOCORRO,glp,7,70.0,70.0,76.2,70.0,78.0
2018-01,MUN,SP|ADAMANTINA,glp,7,65.0,60.0,70.0,60.0,70.0
2018-01,MUN,SP|AGUDOS,glp,1,57.5,57.5,57.5,57.5,57.5
2018-01,MUN,SP|AMERICANA,glp,18,60.0,60.0,66.5,55.0,70.0
2018-01,MUN,SP|AMPARO,glp,7,70.0,64.4,73.8,62.0,75.0
2018-01,MUN,SP|ARACATUBA,glp,38,65.0,60.0,65.0,57.0,70.0
2018-01,MUN,SP|ARARAQUARA,glp,23,64.0,60.0,70.0,60.0,78.0
2018-01,MUN,SP|ARARAS,glp,7,69.8,68.9,82.0,68.9,85.0
2018-01,MUN,SP|ASSIS,glp,12,68.0,64.1,68.0,63.0,70.0
2018-01,MUN,SP|ATIBAIA,glp,22,67.5,60.3,70.0,59.0,79.0
2018-01,MUN,SP|AVARE,glp,8,60.0,59.4,65.0,58.0,65.0
2018-01,MUN,SP|BARRETOS,glp,4,63.5,58.5,65.0,57.0,65.0
2018-01,MUN,SP|BARUERI,glp,14,60.0,58.0,68.5,55.0,70.0
2018-01,MUN,SP|BAURU,glp,36,65.0,60.0,69.1,55.0,75.0
2018-01,MUN,SP|BEBEDOURO,glp,14,67.25,63.3,70.0,58.0,75.0
2018-01,MUN,SP|BIRIGUI,glp,26,65.5,60.0,70.0,60.0,70.0
2018-01,MUN,SP|BOTUCATU,glp,16,73.0,73.0,73.0,72.0,73.0
2018-01,MUN,SP|BRAGANCA PAULISTA,glp,13,60.0,56.0,64.12,55.0,65.0
2018-01,MUN,SP|CACAPAVA,glp,11,60.0,55.0,68.0,50.99,70.0
2018-01,MUN,SP|CAMPINAS,glp,27,65.0,58.0,68.0,58.0,69.0
2018-01,MUN,SP|CARAGUATATUBA,glp,6,58.495,55.0,66.5,55.0,68.0
2018-01,MUN,SP|CARAPICUIBA,glp,14,65.0,64.993,65.0,59.99,67.0
2018-01,MUN,SP|CATANDUVA,glp,15,65.0,60.0,69.54,59.95,70.0
2018-01,MUN,SP|COSMOPOLIS,glp,8,60.0,59.35,62.55,59.0,65.0
2018-01,MUN,SP|COTIA,glp,9,62.0,59.0,66.0,55.0,70.0
2018-01,MUN,SP|CRUZEIRO,glp,9,57.0,52.4,59.4,50.0,65.0
2018-01,MUN,SP|CUBATAO,glp,9,65.0,61.598,80.0,59.99,80.0
2018-01,MUN,SP|DIADEMA,glp,23,72.0,67.599,78.99,64.99,79.0
2018-01,MUN,SP|DRACENA,glp,5,72.0,66.2,72.8,65.0,73.0
2018-01,MUN,SP|EMBU DAS ARTES,glp,6,65.0,64.7,74.5,64.5,75.0
2018-01,MUN,SP|FRANCA,glp,19,64.99,59.9,72.2,59.9,73.0
2018-01,MUN,SP|GARCA,glp,8,70.0,65.0,70.0,65.0,70.0
2018-01,MUN,SP|GUARATINGUETA,glp,21,60.0,57.99,70.0,55.0,75.0
2018-01,MUN,SP|GUARUJA,glp,11,60.0,54.99,62.0,54.99,67.0
2018-01,MUN,SP|GUARULHOS,glp,35,65.0,58.0,70.0,55.0,75.0
2018-01,MUN,SP|HORTOLANDIA,glp,15,62.0,60.0,67.6,58.0,68.0
2018-01,MUN,SP|IBITINGA,glp,8,73.0,71.0,75.0,71.0,75.0
2018-01,MUN,SP|INDAIATUBA,glp,13,62.5,60.0,70.0,60.0,75.0
2018-01,MUN,SP|ITANHAEM,glp,5,70.0,62.4,70.0,60.0,70.0
2018-01,MUN,SP|ITAPECERICA DA SERRA,glp,8,68.0,64.1,72.4,62.0,78.0
2018-01,MUN,SP|ITAPETININGA,glp,12,69.0,68.0,74.5,60.0,75.0
2018-01,MUN,SP|ITAPEVA,glp,4,72.0,65.15,77.8,63.5,79.0
2018-01,MUN,SP|ITAPIRA,glp,5,58.0,58.0,58.6,58.0,59.0
2018-01,MUN,SP|ITAPOLIS,glp,15,72.0,68.0,75.0,67.0,78.5
2018-01,MUN,SP|ITAQUAQUECETUBA,glp,16,62.495,60.0,65.0,60.0,65.0
2018-01,MUN,SP|ITATIBA,glp,6,66.0,63.5,68.5,62.0,70.0
2018-01,MUN,SP|ITU,glp,7,59.99,57.4,61.2,55.0,63.0
2018-01,MUN,SP|JABOTICABAL,glp,4,60.995,59.99,64.8,59.99,66.0
2018-01,MUN,SP|JACAREI,glp,10,59.0,58.9,62.1,58.0,63.0
2018-01,MUN,SP|JALES,glp,10,60.0,59.6,65.0,56.0,65.0
2018-01,MUN,SP|JAU,glp,12,62.5,59.91,69.5,59.5,78.7
2018-01,MUN,SP|JOSE BONIFACIO,glp,7,65.0,60.0,69.2,60.0,71.0
2018-01,MUN,SP|JUNDIAI,glp,8,65.0,55.0,72.2,55.0,75.0
2018-01,MUN,SP|LEME,glp,8,60.0,58.0,60.0,58.0,60.0
2018-01,MUN,SP|LIMEIRA,glp,13,58.0,55.0,62.0,53.0,62.0
2018-01,MUN,SP|LINS,glp,8,60.0,58.0,65.0,58.0,65.0
2018-01,MUN,SP|LORENA,glp,12,61.0,55.5,68.3,50.0,70.0
2018-01,MUN,SP|MARILIA,glp,6,75.0,75.0,75.0,75.0,75.0
2018-01,MUN,SP|MATAO,glp,8,69.5,67.4,70.0,66.0,70.0
2018-01,MUN,SP|MAUA,glp,27,65.0,58.0,67.0,58.0,69.99
2018-01,MUN,SP|MIRASSOL,glp,14,55.0,52.635,60.0,52.5,61.5
2018-01,MUN,SP|MOCOCA,glp,5,70.0,67.0,72.9,65.0,73.5
2018-01,MUN,SP|MOGI DAS CRUZES,glp,31,60.0,55.0,65.0,50.0,73.5
2018-01,MUN,SP|MOGI GUACU,glp,11,54.0,50.0,55.0,50.0,60.0
2018-01,MUN,SP|MOGI MIRIM,glp,8,50.0,49.4,55.9,48.0,65.0
2018-01,MUN,SP|MONTE ALTO,glp,8,66.0,60.0,70.0,60.0,70.0
2018-01,MUN,SP|OLIMPIA,glp,6,57.0,57.0,57.0,57.0,57.0
2018-01,MUN,SP|OSASCO,glp,27,68.0,65.0,73.36,60.0,79.99
2018-01,MUN,SP|OURINHOS,glp,11,65.0,60.0,70.0,55.0,70.0
2018-01,MUN,SP|PARAGUACU PAULISTA,glp,14,70.0,70.0,71.75,65.0,75.0
2018-01,MUN,SP|PAULINIA,glp,12,62.5,60.0,68.0,60.0,68.0
2018-01,MUN,SP|PINDAMONHANGABA,glp,7,55.0,54.6,57.6,54.0,60.0
2018-01,MUN,SP|PIRACICABA,glp,16,69.5,63.5,70.0,60.0,70.0
2018-01,MUN,SP|PIRASSUNUNGA,glp,3,60.0,58.4,64.0,58.0,65.0
2018-01,MUN,SP|POA,glp,12,57.5,54.1,60.9,54.0,64.0
2018-01,MUN,SP|PORTO FERREIRA,glp,4,55.0,51.5,56.4,50.0,57.0
2018-01,MUN,SP|PRAIA GRANDE,glp,13,67.0,60.792,70.0,58.0,75.0
2018-01,MUN,SP|PRESIDENTE PRUDENTE,glp,20,60.0,55.45,70.2,55.0,74.9
2018-01,MUN,SP|PRESIDENTE VENCESLAU,glp,9,65.0,60.0,69.92,60.0,70.0
2018-01,MUN,SP|RIBEIRAO PIRES,glp,11,60.0,60.0,65.0,58.0,65.0
2018-01,MUN,SP|RIBEIRAO PRETO,glp,33,82.5,70.0,86.0,68.0,86.0
2018-01,MUN,SP|RIO CLARO,glp,6,59.0,56.5,60.0,55.0,60.0
2018-01,MUN,SP|SALTO,glp,16,60.0,58.4,64.0,57.0,65.0
2018-01,MUN,SP|SANTA BARBARA D'OESTE,glp,13,60.0,55.0,65.0,55.0,65.0
2018-01,MUN,SP|SANTA CRUZ DO RIO PARDO,glp,15,73.0,70.0,75.0,70.0,78.0
2018-01,MUN,SP|SANTO ANDRE,glp,40,66.5,62.246,72.299,59.99,75.0
2018-01,MUN,SP|SANTOS,glp,24,70.995,62.435,79.97,60.0,89.9
2018-01,MUN,SP|SAO BERNARDO DO CAMPO,glp,28,68.5,60.0,76.5,60.0,84.9
2018-01,MUN,SP|SAO CAETANO DO SUL,glp,4,75.0,69.993,80.0,69.99,80.0
2018-01,MUN,SP|SAO CARLOS,glp,16,73.0,70.0,81.0,68.0,85.0
2018-01,MUN,SP|SAO JOAO DA BOA VISTA,glp,8,64.0,63.0,65.3,63.0,66.0
2018-01,MUN,SP|SAO JOSE DO RIO PRETO,glp,23,65.0,56.4,70.0,55.0,70.0
2018-01,MUN,SP|SAO JOSE DOS CAMPOS,glp,18,65.0,61.4,67.2,60.0,74.0
2018-01,MUN,SP|SAO PAULO,glp,123,69.0,59.992,76.4,54.99,88.0
2018-01,MUN,SP|SAO ROQUE,glp,9,70.0,67.4,70.4,65.0,72.0
2018-01,MUN,SP|SAO VICENTE,glp,23,65.0,56.6,72.9,55.0,75.0
2018-01,MUN,SP|SERTAOZINHO,glp,17,65.0,61.8,65.0,60.0,70.0
2018-01,MUN,SP|SOROCABA,glp,27,65.0,62.0,69.94,60.0,70.0
2018-01,MUN,SP|SUMARE,glp,8,60.0,60.0,66.497,60.0,69.99
2018-01,MUN,SP|SUZANO,glp,13,62.5,58.398,65.4,58.0,69.0
2018-01,MUN,SP|TABOAO DA SERRA,glp,7,65.0,60.94,67.0,55.0,70.0
2018-01,MUN,SP|TATUI,glp,8,68.5,65.0,70.0,65.0,70.0
2018-01,MUN,SP|TAUBATE,glp,9,57.0,53.6,60.4,48.0,62.0
2018-01,MUN,SP|TUPA,glp,10,65.0,60.0,65.2,60.0,67.0
2018-01,MUN,SP|UBATUBA,glp,11,60.0,50.0,64.0,50.0,70.0
2018-01,MUN,SP|VALINHOS,glp,5,68.0,67.0,69.2,67.0,70.0
2018-01,MUN,SP|VARZEA PAULISTA,glp,6,55.0,54.5,60.748,54.0,66.495
2018-01,MUN,SP|VINHEDO,glp,4,68.0,67.3,68.63,67.0,68.9
2018-01,MUN,SP|VOTORANTIM,glp,21,65.0,60.0,68.0,60.0,75.0
2018-01,MUN,SP|VOTUPORANGA,glp,8,61.0,60.0,65.0,60.0,65.0
2018-01,MUN,TO|ARAGUAINA,glp,15,85.0,82.0,89.0,80.0,90.0
2018-01,MUN,TO|GURUPI,glp,34,80.0,80.0,85.0,80.0,88.0
2018-01,MUN,TO|PALMAS,glp,27,85.0,80.0,88.0,75.0,90.0
2018-01,MUN,TO|PARAISO DO TOCANTINS,glp,6,90.0,87.5,92.75,85.0,93.0
2018-01,MUN,TO|PORTO NACIONAL,glp,11,90.0,90.0,90.0,85.0,90.0
2018-01,UF,AC,glp,59,78.0,75.0,80.0,73.0,85.0
2018-01,UF,AL,glp,69,70.0,60.0,70.0,55.0,75.0
2018-01,UF,AM,glp,196,70.0,66.5,76.5,65.0,85.0
2018-01,UF,AP,glp,17,73.0,65.0,74.94,62.0,76.0
2018-01,UF,BA,glp,264,60.0,52.0,68.0,45.0,80.0
2018-01,UF,CE,glp,224,72.5,69.15,76.5,60.0,80.0
2018-01,UF,DF,glp,54,69.0,65.0,75.0,60.0,90.0
2018-01,UF,ES,glp,270,60.0,59.9,68.0,55.0,78.0
2018-01,UF,GO,glp,378,70.0,67.0,75.15,64.0,82.0
2018-01,UF,MA,glp,129,65.0,64.99,80.0,45.0,90.0
2018-01,UF,MG,glp,642,70.0,60.0,75.0,55.0,90.0
2018-01,UF,MS,glp,287,77.0,70.0,79.4,58.0,90.0
2018-01,UF,MT,glp,279,95.0,90.0,100.0,80.0,115.0
2018-01,UF,PA,glp,185,70.0,60.0,85.6,60.0,98.0
2018-01,UF,PB,glp,73,65.0,60.0,68.0,60.0,75.0
2018-01,UF,PE,glp,202,65.0,57.0,70.0,50.0,75.0
2018-01,UF,PI,glp,57,62.5,60.0,80.99,60.0,84.0
2018-01,UF,PR,glp,526,65.0,56.0,80.0,50.0,88.0
2018-01,UF,RJ,glp,316,62.0,55.0,72.5,49.55,85.0
2018-01,UF,RN,glp,104,70.0,65.0,74.4,60.0,80.0
2018-01,UF,RO,glp,66,76.0,67.0,88.5,63.0,91.0
2018-01,UF,RR,glp,26,80.0,78.0,82.0,78.0,82.0
2018-01,UF,RS,glp,499,69.0,60.0,78.0,50.0,90.0
2018-01,UF,SC,glp,120,66.95,62.0,75.1,60.0,80.0
2018-01,UF,SE,glp,26,75.0,70.0,82.5,70.0,90.0
2018-01,UF,SP,glp,1544,65.0,58.0,73.0,48.0,89.9
2018-01,UF,TO,glp,93,85.0,80.0,90.0,75.0,93.0
2018-02,BR,BR,glp,6632,68.0,59.9,80.0,45.0,120.0
2018-02,MUN,AC|CRUZEIRO DO SUL,glp,7,78.0,78.0,82.0,78.0,82.0
2018-02,MUN,AC|RIO BRANCO,glp,43,78.0,75.0,80.0,72.0,83.0
2018-02,MUN,AL|ARAPIRACA,glp,6,60.0,57.5,62.5,55.0,65.0
2018-02,MUN,AL|DELMIRO GOUVEIA,glp,2,70.0,66.0,74.0,65.0,75.0
2018-02,MUN,AL|MACEIO,glp,41,65.0,65.0,70.0,65.0,70.0
2018-02,MUN,AL|PALMEIRA DOS INDIOS,glp,5,65.0,62.0,65.0,60.0,65.0
2018-02,MUN,AL|RIO LARGO,glp,3,60.0,60.0,60.0,60.0,60.0
2018-02,MUN,AM|ITACOATIARA,glp,14,85.0,79.3,85.0,79.0,85.0
2018-02,MUN,AM|MANACAPURU,glp,4,79.0,79.0,79.0,79.0,79.0
2018-02,MUN,AM|MANAUS,glp,77,70.0,65.0,75.0,63.0,80.0
2018-02,MUN,AM|PARINTINS,glp,4,75.0,70.8,75.0,69.0,75.0
2018-02,MUN,AM|TEFE,glp,2,76.0,76.0,76.0,76.0,76.0
2018-02,MUN,AP|MACAPA,glp,11,75.0,74.3,76.0,62.0,76.0
2018-02,MUN,AP|SANTANA,glp,7,65.0,65.0,70.0,65.0,70.0
2018-02,MUN,BA|ALAGOINHAS,glp,3,65.0,62.6,65.0,62.0,65.0
2018-02,MUN,BA|BARREIRAS,glp,5,75.0,72.0,75.0,70.0,75.0
2018-02,MUN,BA|BRUMADO,glp,4,48.0,48.0,51.5,48.0,53.0
2018-02,MUN,BA|CAETITE,glp,6,55.0,54.0,55.0,53.0,55.0
2018-02,MUN,BA|CAMACARI,glp,9,53.0,51.592,62.2,50.0,63.0
2018-02,MUN,BA|EUNAPOLIS,glp,7,67.0,65.0,68.0,65.0,68.0
2018-02,MUN,BA|FEIRA DE SANTANA,glp,7,55.0,51.2,60.08,50.0,63.2
2018-02,MUN,BA|GUANAMBI,glp,16,55.0,52.5,55.0,50.0,55.0
2018-02,MUN,BA|ILHEUS,glp,7,70.0,65.0,74.188,65.0,76.0
2018-02,MUN,BA|IPIRA,glp,3,62.0,60.4,64.4,60.0,65.0
2018-02,MUN,BA|IRECE,glp,8,53.0,52.1,56.5,50.0,60.0
2018-02,MUN,BA|ITABUNA,glp,6,62.5,55.0,67.5,55.0,70.0
2018-02,MUN,BA|ITAMARAJU,glp,5,60.0,60.0,61.8,60.0,63.0
2018-02,MUN,BA|JACOBINA,glp,5,55.0,50.0,58.3,50.0,58.5
2018-02,MUN,BA|JAGUAQUARA,glp,2,62.5,60.5,64.5,60.0,65.0
2018-02,MUN,BA|JEQUIE,glp,6,53.0,51.5,55.5,50.0,58.0
2018-02,MUN,BA|JUAZEIRO,glp,8,59.0,55.0,60.0,55.0,60.0
2018-02,MUN,BA|LAURO DE FREITAS,glp,12,57.5,55.0,65.0,50.0,68.0
2018-02,MUN,BA|LIVRAMENTO DE NOSSA SENHORA,glp,4,55.0,52.9,58.493,52.0,59.99
2018-02,MUN,BA|PAULO AFONSO,glp,5,75.0,74.4,78.0,74.0,80.0
2018-02,MUN,BA|POCOES,glp,4,58.0,58.0,59.4,58.0,60.0
2018-02,MUN,BA|PORTO SEGURO,glp,10,60.0,60.0,65.0,60.0,65.0
2018-02,MUN,BA|SALVADOR,glp,96,52.5,49.0,60.0,45.0,65.0
2018-02,MUN,BA|SANTANOPOLIS,glp,1,54.0,54.0,54.0,54.0,54.0
2018-02,MUN,BA|SANTO ANTONIO DE JESUS,glp,5,55.0,55.0,58.0,55.0,60.0
2018-02,MUN,BA|SENHOR DO BONFIM,glp,3,65.0,62.6,65.0,62.0,65.0
2018-02,MUN,BA|SERRINHA,glp,4,60.0,56.5,60.0,55.0,60.0
2018-02,MUN,BA|SIMOES FILHO,glp,6,57.5,51.0,62.5,50.0,65.0
2018-02,MUN,BA|TEIXEIRA DE FREITAS,glp,9,60.0,59.4,65.0,57.0,65.0
2018-02,MUN,BA|VALENCA,glp,5,70.0,70.0,71.8,70.0,73.0
2018-02,MUN,BA|VITORIA DA CONQUISTA,glp,4,60.0,60.0,63.5,60.0,65.0
2018-02,MUN,CE|CANINDE,glp,5,66.5,62.0,70.4,60.0,72.0
2018-02,MUN,CE|CAUCAIA,glp,25,65.0,60.0,70.0,60.0,75.0
2018-02,MUN,CE|CRATEUS,glp,5,65.0,61.0,69.2,60.0,70.0
2018-02,MUN,CE|CRATO,glp,17,65.0,60.0,67.5,60.0,71.0
2018-02,MUN,CE|FORTALEZA,glp,114,70.0,67.5,75.0,60.0,76.5
2018-02,MUN,CE|ICO,glp,5,65.0,60.8,68.3,60.0,68.5
2018-02,MUN,CE|IGUATU,glp,4,65.75,65.0,67.55,65.0,68.0
2018-02,MUN,CE|ITAPIPOCA,glp,7,60.0,60.0,65.6,60.0,66.5
2018-02,MUN,CE|JUAZEIRO DO NORTE,glp,19,60.0,54.5,65.0,52.5,65.0
2018-02,MUN,CE|LIMOEIRO DO NORTE,glp,4,68.25,67.65,69.55,67.5,70.0
2018-02,MUN,CE|MARACANAU,glp,12,70.03,70.0,75.9,70.0,80.0
2018-02,MUN,CE|MAURITI,glp,1,60.0,60.0,60.0,60.0,60.0
2018-02,MUN,CE|PACAJUS,glp,1,70.0,70.0,70.0,70.0,70.0
2018-02,MUN,CE|QUIXADA,glp,8,69.25,63.5,70.75,60.0,72.5
2018-02,MUN,CE|SOBRAL,glp,9,68.0,60.0,70.4,60.0,72.0
2018-02,MUN,DF|BRASILIA,glp,44,70.0,65.0,75.0,60.0,90.0
2018-02,MUN,ES|ARACRUZ,glp,8,62.0,58.4,68.6,57.0,70.0
2018-02,MUN,ES|CACHOEIRO DE ITAPEMIRIM,glp,13,65.0,60.2,67.8,59.9,70.0
2018-02,MUN,ES|CARIACICA,glp,66,62.0,60.0,65.0,59.9,65.0
2018-02,MUN,ES|COLATINA,glp,8,65.0,60.0,65.0,60.0,65.0
2018-02,MUN,ES|GUARAPARI,glp,16,68.95,65.0,71.0,65.0,75.0
2018-02,MUN,ES|LINHARES,glp,15,62.0,60.0,70.0,60.0,75.0
2018-02,MUN,ES|SAO MATEUS,glp,7,65.0,60.0,68.8,60.0,70.0
2018-02,MUN,ES|SERRA,glp,102,60.0,59.9,65.0,55.0,70.0
2018-02,MUN,ES|VILA VELHA,glp,25,60.0,60.0,65.0,59.9,65.0
2018-02,MUN,ES|VITORIA,glp,24,62.0,60.0,65.0,60.0,65.0
2018-02,MUN,GO|AGUAS LINDAS DE GOIAS,glp,13,67.0,67.0,69.0,67.0,69.0
2018-02,MUN,GO|ANAPOLIS,glp,45,69.0,68.0,70.0,67.0,70.0
2018-02,MUN,GO|APARECIDA DE GOIANIA,glp,32,70.0,68.0,71.8,65.0,73.0
2018-02,MUN,GO|CALDAS NOVAS,glp,11,70.0,69.0,72.0,65.0,72.0
2018-02,MUN,GO|CATALAO,glp,14,70.0,70.0,72.0,69.0,72.0
2018-02,MUN,GO|FORMOSA,glp,17,72.0,70.0,74.0,70.0,74.0
2018-02,MUN,GO|GOIANIA,glp,78,75.0,74.0,78.0,72.0,78.0
2018-02,MUN,GO|GOIATUBA,glp,5,75.0,75.0,78.0,75.0,78.0
2018-02,MUN,GO|ITUMBIARA,glp,12,80.0,79.0,80.0,70.0,80.0
2018-02,MUN,GO|JATAI,glp,24,75.0,70.6,75.7,70.0,76.0
2018-02,MUN,GO|LUZIANIA,glp,22,67.5,65.0,68.0,65.0,68.0
2018-02,MUN,GO|MINEIROS,glp,9,80.0,80.0,82.6,80.0,85.0
2018-02,MUN,GO|MORRINHOS,glp,10,70.0,69.0,70.0,69.0,70.0
2018-02,MUN,GO|PORANGATU,glp,21,69.0,67.0,70.0,67.0,72.0
2018-02,MUN,GO|RIO VERDE,glp,22,72.0,70.0,74.0,70.0,74.0
2018-02,MUN,GO|TRINDADE,glp,36,69.0,68.0,70.0,67.0,70.0
2018-02,MUN,GO|VALPARAISO DE GOIAS,glp,18,67.0,65.0,68.0,65.0,68.0
2018-02,MUN,MA|ACAILANDIA,glp,5,75.0,72.0,75.0,70.0,75.0
2018-02,MUN,MA|BACABAL,glp,4,78.5,78.0,79.0,78.0,79.0
2018-02,MUN,MA|BALSAS,glp,5,85.0,85.0,90.0,85.0,90.0
2018-02,MUN,MA|BARRA DO CORDA,glp,5,82.0,80.0,82.0,80.0,82.0
2018-02,MUN,MA|CAXIAS,glp,4,60.0,55.0,68.5,55.0,70.0
2018-02,MUN,MA|CODO,glp,1,75.0,75.0,75.0,75.0,75.0
2018-02,MUN,MA|IMPERATRIZ,glp,21,75.0,67.0,80.0,67.0,85.0
2018-02,MUN,MA|PINHEIRO,glp,4,80.25,80.0,81.2,80.0,81.5
2018-02,MUN,MA|PRESIDENTE DUTRA,glp,3,75.0,73.4,75.0,73.0,75.0
2018-02,MUN,MA|SANTA INES,glp,3,70.0,70.0,72.4,70.0,73.0
2018-02,MUN,MA|SAO JOSE DE RIBAMAR,glp,10,64.99,64.99,65.0,64.99,65.0
2018-02,MUN,MA|SAO LUIS,glp,49,64.99,64.99,65.0,64.99,65.0
2018-02,MUN,MG|ALFENAS,glp,10,65.0,64.5,70.2,60.0,72.0
2018-02,MUN,MG|ARAGUARI,glp,9,70.0,69.0,70.5,65.0,72.5
2018-02,MUN,MG|ARAXA,glp,4,64.0,62.65,68.5,62.5,70.0
2018-02,MUN,MG|BARBACENA,glp,11,70.0,68.0,75.0,67.0,75.0
2018-02,MUN,MG|BELO HORIZONTE,glp,24,65.0,60.0,72.8,58.0,80.0
2018-02,MUN,MG|BETIM,glp,12,65.0,65.0,69.8,60.0,73.0
2018-02,MUN,MG|BOM DESPACHO,glp,5,75.0,70.0,76.9,70.0,76.9
2018-02,MUN,MG|CAMPO BELO,glp,4,70.0,66.5,70.0,65.0,70.0
2018-02,MUN,MG|CARATINGA,glp,3,75.0,74.2,75.0,74.0,75.0
2018-02,MUN,MG|CONGONHAS,glp,6,71.0,68.5,71.0,67.0,71.0
2018-02,MUN,MG|CONSELHEIRO LAFAIETE,glp,7,60.0,55.0,61.996,55.0,64.99
2018-02,MUN,MG|CONTAGEM,glp,13,70.0,65.0,70.0,63.0,74.9
2018-02,MUN,MG|CORONEL FABRICIANO,glp,7,73.0,70.0,75.0,70.0,75.0
2018-02,MUN,MG|CURVELO,glp,5,65.0,61.4,70.0,61.0,70.0
2018-02,MUN,MG|DIVINOPOLIS,glp,25,65.0,60.0,70.0,59.99,72.0
2018-02,MUN,MG|FORMIGA,glp,7,75.0,70.0,77.0,70.0,80.0
2018-02,MUN,MG|FRUTAL,glp,5,60.0,56.2,68.6,55.0,69.0
2018-02,MUN,MG|GOVERNADOR VALADARES,glp,9,73.0,69.2,75.0,66.0,75.0
2018-02,MUN,MG|GUAXUPE,glp,5,63.0,62.2,65.0,62.0,65.0
2018-02,MUN,MG|IPATINGA,glp,22,70.0,65.3,75.0,60.0,78.0
2018-02,MUN,MG|ITABIRA,glp,6,69.0,69.0,75.5,69.0,76.0
2018-02,MUN,MG|ITAJUBA,glp,8,61.5,57.8,63.0,55.0,63.0
2018-02,MUN,MG|ITAUNA,glp,10,70.0,64.9,70.0,64.0,70.0
2018-02,MUN,MG|ITUIUTABA,glp,16,69.5,65.0,74.0,65.0,75.0
2018-02,MUN,MG|JANAUBA,glp,3,75.0,71.0,76.6,70.0,77.0
2018-02,MUN,MG|JANUARIA,glp,12,90.0,90.0,91.8,86.0,95.0
2018-02,MUN,MG|JOAO MONLEVADE,glp,8,65.0,60.0,66.5,60.0,70.0
2018-02,MUN,MG|JOAO PINHEIRO,glp,11,80.0,80.0,80.0,79.9,80.0
2018-02,MUN,MG|JUIZ DE FORA,glp,22,70.0,65.0,79.99,65.0,80.0
2018-02,MUN,MG|LAVRAS,glp,9,63.0,60.0,66.0,60.0,70.0
2018-02,MUN,MG|LEOPOLDINA,glp,6,75.25,70.0,79.75,69.0,80.0
2018-02,MUN,MG|MANHUACU,glp,6,65.0,62.5,71.5,60.0,75.0
2018-02,MUN,MG|MONTE CARMELO,glp,10,60.0,60.0,65.0,60.0,65.0
2018-02,MUN,MG|MONTES CLAROS,glp,33,72.0,70.0,73.0,70.0,73.0
2018-02,MUN,MG|MURIAE,glp,8,75.0,74.7,75.0,74.0,75.0
2018-02,MUN,MG|NOVA LIMA,glp,7,70.0,65.6,73.2,65.0,75.0
2018-02,MUN,MG|OLIVEIRA,glp,5,72.9,70.0,73.56,70.0,74.0
2018-02,MUN,MG|OURO PRETO,glp,4,75.0,75.0,80.25,75.0,82.5
2018-02,MUN,MG|PARA DE MINAS,glp,4,79.5,72.1,82.7,70.0,83.0
2018-02,MUN,MG|PARACATU,glp,9,60.0,59.9,66.0,59.5,70.0
2018-02,MUN,MG|PASSOS,glp,17,65.0,60.0,70.0,60.0,75.0
2018-02,MUN,MG|PATOS DE MINAS,glp,7,65.0,65.0,70.0,65.0,70.0
2018-02,MUN,MG|PATROCINIO,glp,5,65.0,65.0,65.9,65.0,66.5
2018-02,MUN,MG|POCOS DE CALDAS,glp,14,70.0,69.0,72.1,69.0,73.0
2018-02,MUN,MG|POUSO ALEGRE,glp,7,68.0,63.0,71.2,60.0,73.0
2018-02,MUN,MG|SABARA,glp,8,69.0,64.2,70.75,60.0,72.5
2018-02,MUN,MG|SAO JOAO DEL REI,glp,15,64.0,60.0,69.6,60.0,70.0
2018-02,MUN,MG|SAO SEBASTIAO DO PARAISO,glp,17,65.0,60.0,72.0,60.0,75.0
2018-02,MUN,MG|SETE LAGOAS,glp,17,65.0,61.8,71.2,55.0,75.0
2018-02,MUN,MG|TEOFILO OTONI,glp,15,68.0,65.0,69.0,55.0,70.0
2018-02,MUN,MG|TIMOTEO,glp,5,70.0,69.4,75.0,69.0,75.0
2018-02,MUN,MG|TRES CORACOES,glp,9,68.0,63.8,70.6,63.0,73.0
2018-02,MUN,MG|UBA,glp,11,75.0,75.0,80.0,75.0,80.0
2018-02,MUN,MG|UBERABA,glp,13,65.0,65.0,70.0,65.0,70.0
2018-02,MUN,MG|UBERLANDIA,glp,28,70.0,68.0,75.0,65.0,75.0
2018-02,MUN,MG|UNAI,glp,5,82.0,80.0,85.0,80.0,85.0
2018-02,MUN,MG|VARGINHA,glp,13,60.0,60.0,64.6,60.0,65.0
2018-02,MUN,MG|VICOSA,glp,4,75.0,65.9,75.0,62.0,75.0
2018-02,MUN,MS|CAMPO GRANDE,glp,275,72.0,70.0,73.0,69.0,75.0
2018-02,MUN,MS|CORUMBA,glp,6,90.0,90.0,90.0,90.0,90.0
2018-02,MUN,MS|COXIM,glp,7,79.0,78.0,79.4,78.0,80.0
2018-02,MUN,MS|DOURADOS,glp,33,70.0,65.0,78.8,65.0,80.0
2018-02,MUN,MS|NOVA ANDRADINA,glp,11,85.0,70.0,85.0,70.0,85.0
2018-02,MUN,MS|PONTA PORA,glp,3,66.0,65.2,67.6,65.0,68.0
2018-02,MUN,MS|TRES LAGOAS,glp,11,60.0,60.0,65.0,58.0,74.0
2018-02,MUN,MT|ALTA FLORESTA,glp,6,109.5,101.25,115.0,100.0,120.0
2018-02,MUN,MT|CACERES,glp,10,85.0,75.0,87.3,75.0,90.0
2018-02,MUN,MT|CUIABA,glp,194,94.0,90.0,99.0,90.0,105.0
2018-02,MUN,MT|RONDONOPOLIS,glp,9,95.0,90.0,101.0,90.0,105.0
2018-02,MUN,MT|SINOP,glp,12,100.0,95.3,100.0,95.0,105.0
2018-02,MUN,MT|SORRISO,glp,10,92.5,85.0,95.4,85.0,99.0
2018-02,MUN,MT|VARZEA GRANDE,glp,39,95.0,90.0,100.0,90.0,105.0
2018-02,MUN,PA|ABAETETUBA,glp,6,64.0,64.0,70.75,64.0,71.0
2018-02,MUN,PA|ALENQUER,glp,3,75.0,71.0,79.0,70.0,80.0
2018-02,MUN,PA|ALTAMIRA,glp,8,85.0,80.0,92.4,80.0,98.0
2018-02,MUN,PA|ANANINDEUA,glp,27,65.0,60.0,68.8,59.0,80.0
2018-02,MUN,PA|BELEM,glp,63,65.0,60.0,70.0,60.0,75.0
2018-02,MUN,PA|BRAGANCA,glp,6,81.0,80.0,85.0,80.0,85.0
2018-02,MUN,PA|CAMETA,glp,5,70.0,64.0,76.0,60.0,80.0
2018-02,MUN,PA|CASTANHAL,glp,7,70.0,64.6,70.0,64.0,70.0
2018-02,MUN,PA|CONCEICAO DO ARAGUAIA,glp,6,81.25,80.0,85.0,80.0,85.0
2018-02,MUN,PA|ITAITUBA,glp,7,85.0,83.8,92.0,82.0,98.0
2018-02,MUN,PA|MARABA,glp,7,80.0,75.0,82.0,75.0,85.0
2018-02,MUN,PA|PARAGOMINAS,glp,3,86.0,85.2,88.4,85.0,89.0
2018-02,MUN,PA|PARAUAPEBAS,glp,5,85.0,83.5,85.0,82.5,85.0
2018-02,MUN,PA|REDENCAO,glp,5,90.0,85.0,90.0,85.0,90.0
2018-02,MUN,PA|SANTAREM,glp,21,70.0,68.0,70.0,65.0,72.0
2018-02,MUN,PA|XINGUARA,glp,6,89.5,86.5,90.0,85.0,90.0
2018-02,MUN,PB|BAYEUX,glp,8,65.0,63.7,65.0,63.0,65.0
2018-02,MUN,PB|CABEDELO,glp,9,65.0,60.0,65.0,60.0,65.0
2018-02,MUN,PB|CAMPINA GRANDE,glp,20,65.0,60.0,70.0,60.0,75.0
2018-02,MUN,PB|ITABAIANA,glp,1,65.0,65.0,65.0,65.0,65.0
2018-02,MUN,PB|JOAO PESSOA,glp,27,65.0,60.0,65.0,60.0,65.0
2018-02,MUN,PB|PATOS,glp,5,65.0,61.2,66.2,60.0,67.0
2018-02,MUN,PB|SOUSA,glp,3,65.0,65.0,65.0,65.0,65.0
2018-02,MUN,PE|ARARIPINA,glp,4,70.0,70.0,70.0,70.0,70.0
2018-02,MUN,PE|ARCOVERDE,glp,11,70.0,70.0,73.0,70.0,73.0
2018-02,MUN,PE|BELO JARDIM,glp,3,59.0,55.8,59.0,55.0,59.0
2018-02,MUN,PE|CABO DE SANTO AGOSTINHO,glp,11,60.0,55.0,65.0,55.0,65.0
2018-02,MUN,PE|CARUARU,glp,13,60.0,60.0,65.0,60.0,65.0
2018-02,MUN,PE|GARANHUNS,glp,7,60.0,58.0,65.0,55.0,65.0
2018-02,MUN,PE|GOIANA,glp,5,60.0,57.0,65.0,55.0,65.0
2018-02,MUN,PE|IGARASSU,glp,18,60.0,60.0,66.5,60.0,70.0
2018-02,MUN,PE|JABOATAO DOS GUARARAPES,glp,24,60.0,56.5,67.5,55.0,70.0
2018-02,MUN,PE|LAJEDO,glp,3,55.0,55.0,55.0,55.0,55.0
2018-02,MUN,PE|OLINDA,glp,25,60.0,55.0,65.0,55.0,65.0
2018-02,MUN,PE|PAULISTA,glp,16,65.0,60.0,65.0,60.0,65.0
2018-02,MUN,PE|PETROLINA,glp,12,59.0,58.0,61.8,55.0,64.0
2018-02,MUN,PE|RECIFE,glp,36,60.0,60.0,65.0,55.0,66.0
2018-02,MUN,PE|SALGUEIRO,glp,3,70.0,70.0,70.0,70.0,70.0
2018-02,MUN,PE|SANTA CRUZ DO CAPIBARIBE,glp,4,60.0,60.0,63.5,60.0,65.0
2018-02,MUN,PE|SERRA TALHADA,glp,3,75.0,75.0,75.0,75.0,75.0
2018-02,MUN,PE|VITORIA DE SANTO ANTAO,glp,10,60.0,59.5,62.3,55.0,65.0
2018-02,MUN,PI|PARNAIBA,glp,3,80.0,78.4,82.4,78.0,83.0
2018-02,MUN,PI|PICOS,glp,2,71.25,70.25,72.25,70.0,72.5
2018-02,MUN,PI|PIRIPIRI,glp,5,83.0,79.6,83.0,78.0,83.0
2018-02,MUN,PI|TERESINA,glp,43,60.0,60.0,65.0,59.99,65.0
2018-02,MUN,PR|APUCARANA,glp,17,70.0,62.4,73.8,60.0,75.0
2018-02,MUN,PR|ARAPONGAS,glp,17,65.0,60.0,70.0,59.9,70.0
2018-02,MUN,PR|ARAUCARIA,glp,14,65.0,64.3,69.4,60.0,70.0
2018-02,MUN,PR|ASSIS CHATEAUBRIAND,glp,4,87.0,78.3,88.0,75.0,88.0
2018-02,MUN,PR|CAMBE,glp,17,70.0,65.0,70.0,60.0,75.0
2018-02,MUN,PR|CAMPO LARGO,glp,15,60.0,58.0,64.2,58.0,65.0
2018-02,MUN,PR|CAMPO MOURAO,glp,9,65.0,64.98,75.0,64.9,75.0
2018-02,MUN,PR|CASCAVEL,glp,46,80.0,78.0,83.0,73.0,84.0
2018-02,MUN,PR|CASTRO,glp,6,70.0,70.0,76.5,70.0,78.0
2018-02,MUN,PR|CIANORTE,glp,19,65.0,65.0,68.16,65.0,70.0
2018-02,MUN,PR|COLOMBO,glp,19,70.0,67.8,70.0,65.0,70.0
2018-02,MUN,PR|CORNELIO PROCOPIO,glp,6,72.5,69.75,75.0,69.5,75.0
2018-02,MUN,PR|CURITIBA,glp,32,65.0,60.29,70.0,59.9,75.0
2018-02,MUN,PR|CURIUVA,glp,1,60.0,60.0,60.0,60.0,60.0
2018-02,MUN,PR|FOZ DO IGUACU,glp,27,75.0,73.0,79.36,70.0,85.0
2018-02,MUN,PR|FRANCISCO BELTRAO,glp,8,59.495,57.1,65.0,55.0,65.0
2018-02,MUN,PR|GUARAPUAVA,glp,12,62.0,59.09,65.0,58.0,75.0
2018-02,MUN,PR|JESUITAS,glp,1,75.0,75.0,75.0,75.0,75.0
2018-02,MUN,PR|LONDRINA,glp,65,68.0,65.0,70.0,59.9,78.0
2018-02,MUN,PR|MARECHAL CANDIDO RONDON,glp,3,77.0,75.4,78.6,75.0,79.0
2018-02,MUN,PR|MARINGA,glp,26,79.0,75.0,80.0,70.0,80.0
2018-02,MUN,PR|PARANAGUA,glp,10,55.0,54.9,60.0,54.0,60.0
2018-02,MUN,PR|PARANAVAI,glp,16,69.5,65.0,73.75,60.0,75.0
2018-02,MUN,PR|PATO BRAGADO,glp,1,82.0,82.0,82.0,82.0,82.0
2018-02,MUN,PR|PATO BRANCO,glp,9,75.0,72.8,75.44,72.0,76.0
2018-02,MUN,PR|PINHAIS,glp,16,58.0,56.0,67.0,55.0,69.9
2018-02,MUN,PR|PONTA GROSSA,glp,15,58.0,55.0,63.2,50.0,65.0
2018-02,MUN,PR|RAMILANDIA,glp,1,79.9,79.9,79.9,79.9,79.9
2018-02,MUN,PR|SANTO ANTONIO DA PLATINA,glp,14,63.0,59.3,65.0,57.0,71.0
2018-02,MUN,PR|SAO JOSE DOS PINHAIS,glp,13,62.0,60.26,64.0,58.5,70.0
2018-02,MUN,PR|SERTANOPOLIS,glp,1,70.0,70.0,70.0,70.0,70.0
2018-02,MUN,PR|TOLEDO,glp,21,78.0,75.0,80.0,75.0,80.0
2018-02,MUN,PR|UMUARAMA,glp,13,73.0,70.0,75.0,70.0,75.0
2018-02,MUN,PR|UNIAO DA VITORIA,glp,6,76.0,70.0,80.5,65.0,81.0
2018-02,MUN,RJ|ANGRA DOS REIS,glp,6,71.95,69.5,74.5,69.0,75.0
2018-02,MUN,RJ|ARARUAMA,glp,7,57.0,51.796,60.0,49.99,60.0
2018-02,MUN,RJ|BARRA DO PIRAI,glp,3,68.9,65.78,68.98,65.0,69.0
2018-02,MUN,RJ|BARRA MANSA,glp,10,65.0,61.6,67.1,58.0,68.0
2018-02,MUN,RJ|BELFORD ROXO,glp,7,58.0,54.6,65.0,54.0,65.0
2018-02,MUN,RJ|CABO FRIO,glp,5,63.0,60.0,64.6,60.0,65.0
2018-02,MUN,RJ|CAMPOS DOS GOYTACAZES,glp,27,64.0,55.0,70.0,50.0,70.0
2018-02,MUN,RJ|DUQUE DE CAXIAS,glp,21,58.0,55.0,60.0,50.0,62.0
2018-02,MUN,RJ|ITABORAI,glp,8,65.0,60.7,67.6,60.0,69.0
2018-02,MUN,RJ|ITAGUAI,glp,3,66.4,65.28,66.4,65.0,66.4
2018-02,MUN,RJ|ITAPERUNA,glp,5,60.0,57.0,63.0,55.0,65.0
2018-02,MUN,RJ|MACAE,glp,4,60.0,58.6,63.5,58.0,65.0
2018-02,MUN,RJ|MAGE,glp,3,51.0,51.0,66.2,51.0,70.0
2018-02,MUN,RJ|MARICA,glp,3,65.0,63.4,65.0,63.0,65.0
2018-02,MUN,RJ|NILOPOLIS,glp,7,60.0,58.0,67.0,55.0,70.0
2018-02,MUN,RJ|NITEROI,glp,7,60.0,52.8,61.2,51.0,63.0
2018-02,MUN,RJ|NOVA FRIBURGO,glp,5,60.0,52.0,65.0,50.0,65.0
2018-02,MUN,RJ|NOVA IGUACU,glp,20,61.25,59.5,65.0,55.0,65.0
2018-02,MUN,RJ|PETROPOLIS,glp,9,63.9,58.999,68.7,58.995,71.5
2018-02,MUN,RJ|RESENDE,glp,6,70.0,62.5,75.0,60.0,75.0
2018-02,MUN,RJ|RIO BONITO,glp,4,55.0,51.5,55.0,50.0,55.0
2018-02,MUN,RJ|RIO DE JANEIRO,glp,79,62.0,55.0,75.0,49.9,80.0
2018-02,MUN,RJ|SANTO ANTONIO DE PADUA,glp,4,53.5,51.05,53.5,50.0,53.5
2018-02,MUN,RJ|SAO FRANCISCO DE ITABAPOANA,glp,2,70.0,70.0,70.0,70.0,70.0
2018-02,MUN,RJ|SAO GONCALO,glp,11,56.9,54.0,65.0,50.0,65.0
2018-02,MUN,RJ|SAO JOAO DE MERITI,glp,9,60.0,60.0,60.0,60.0,60.0
2018-02,MUN,RJ|SAPUCAIA,glp,3,62.0,56.4,70.8,55.0,73.0
2018-02,MUN,RJ|SAQUAREMA,glp,4,57.95,55.22,59.7,54.5,60.0
2018-02,MUN,RJ|TERESOPOLIS,glp,6,69.0,66.0,71.0,63.0,73.0
2018-02,MUN,RJ|TRES RIOS,glp,3,55.0,55.0,59.0,55.0,60.0
2018-02,MUN,RJ|VALENCA,glp,4,67.5,67.0,72.2,67.0,74.0
2018-02,MUN,RJ|VOLTA REDONDA,glp,10,65.5,63.9,68.1,63.0,69.0
2018-02,MUN,RN|CAICO,glp,6,66.25,60.75,72.5,60.0,75.0
2018-02,MUN,RN|CEARA-MIRIM,glp,1,65.0,65.0,65.0,65.0,65.0
2018-02,MUN,RN|MOSSORO,glp,12,56.25,45.5,72.2,45.0,75.0
2018-02,MUN,RN|NATAL,glp,59,65.0,60.0,70.0,60.0,75.0
2018-02,MUN,RN|PARNAMIRIM,glp,19,65.0,60.0,70.0,55.0,78.0
2018-02,MUN,RO|ARIQUEMES,glp,7,80.0,78.8,82.4,77.0,83.0
2018-02,MUN,RO|CACOAL,glp,5,88.0,86.8,89.0,86.0,89.0
2018-02,MUN,RO|JI-PARANA,glp,9,80.0,75.0,80.0,75.0,80.0
2018-02,MUN,RO|PIMENTA BUENO,glp,4,91.0,91.0,91.0,91.0,91.0
2018-02,MUN,RO|PORTO VELHO,glp,41,70.0,67.0,75.0,65.0,78.0
2018-02,MUN,RO|VILHENA,glp,10,82.5,80.0,86.2,80.0,88.0
2018-02,MUN,RR|BOA VISTA,glp,25,80.0,78.0,81.2,78.0,82.0
2018-02,MUN,RS|ALEGRETE,glp,8,75.025,65.55,81.5,64.5,85.0
2018-02,MUN,RS|ALVORADA,glp,7,60.0,58.0,63.0,55.0,63.0
2018-02,MUN,RS|BAGE,glp,24,70.0,68.6,75.0,65.0,76.0
2018-02,MUN,RS|BENTO GONCALVES,glp,3,63.0,60.6,63.0,60.0,63.0
2018-02,MUN,RS|CACHOEIRA DO SUL,glp,10,58.5,56.9,62.75,56.9,65.0
2018-02,MUN,RS|CACHOEIRINHA,glp,6,65.5,60.5,69.5,59.0,70.0
2018-02,MUN,RS|CANOAS,glp,15,67.0,60.0,70.0,60.0,72.0
2018-02,MUN,RS|CAXIAS DO SUL,glp,48,69.9,62.0,75.0,60.0,82.0
2018-02,MUN,RS|CRUZ ALTA,glp,3,59.0,58.2,63.8,58.0,65.0
2018-02,MUN,RS|ERECHIM,glp,7,82.0,80.0,87.0,80.0,90.0
2018-02,MUN,RS|ESTEIO,glp,14,65.0,65.0,68.7,64.9,70.0
2018-02,MUN,RS|GRAMADO,glp,5,80.0,70.2,81.6,65.0,82.0
2018-02,MUN,RS|GRAVATAI,glp,10,60.0,59.8,65.0,58.0,65.0
2018-02,MUN,RS|GUAIBA,glp,6,65.75,62.5,68.0,60.0,68.0
2018-02,MUN,RS|IJUI,glp,7,70.0,68.8,75.0,67.0,75.0
2018-02,MUN,RS|LAJEADO,glp,10,73.5,70.0,75.0,70.0,75.0
2018-02,MUN,RS|NOVO HAMBURGO,glp,12,60.0,60.0,64.8,59.995,70.0
2018-02,MUN,RS|OSORIO,glp,5,67.0,66.7,70.6,66.5,73.0
2018-02,MUN,RS|PASSO FUNDO,glp,21,65.0,65.0,70.0,60.0,72.0
2018-02,MUN,RS|PELOTAS,glp,17,66.0,58.0,70.6,55.0,73.8
2018-02,MUN,RS|PORTO ALEGRE,glp,22,69.975,65.0,75.0,60.5,78.0
2018-02,MUN,RS|RIO GRANDE,glp,9,65.0,60.0,65.6,60.0,68.0
2018-02,MUN,RS|SANTA CRUZ DO SUL,glp,18,70.0,69.7,75.6,68.0,78.0
2018-02,MUN,RS|SANTA MARIA,glp,82,75.0,69.0,78.0,65.0,85.0
2018-02,MUN,RS|SANTA ROSA,glp,7,76.0,73.0,78.7,70.0,79.0
2018-02,MUN,RS|SANTANA DO LIVRAMENTO,glp,13,55.0,55.0,60.0,50.0,60.0
2018-02,MUN,RS|SANTO ANGELO,glp,5,71.0,70.0,74.2,70.0,75.0
2018-02,MUN,RS|SAO GABRIEL,glp,12,72.5,68.0,75.0,65.9,79.0
2018-02,MUN,RS|SAO LEOPOLDO,glp,8,60.0,59.1,65.0,57.0,65.0
2018-02,MUN,RS|SAO LUIZ GONZAGA,glp,5,70.0,68.4,77.4,68.0,79.0
2018-02,MUN,RS|SAPIRANGA,glp,5,68.0,66.4,68.0,66.0,68.0
2018-02,MUN,RS|SAPUCAIA DO SUL,glp,20,65.0,59.9,70.19,57.0,72.0
2018-02,MUN,RS|TORRES,glp,5,80.0,75.2,85.0,72.0,85.0
2018-02,MUN,RS|URUGUAIANA,glp,12,76.5,70.2,80.0,70.0,80.0
2018-02,MUN,RS|VACARIA,glp,5,75.0,65.8,77.4,65.0,79.0
2018-02,MUN,RS|VIAMAO,glp,22,66.5,60.0,70.0,58.0,77.0
2018-02,MUN,SC|ARARANGUA,glp,5,60.0,60.0,68.0,60.0,70.0
2018-02,MUN,SC|BALNEARIO CAMBORIU,glp,5,75.0,69.8,75.0,68.0,75.0
2018-02,MUN,SC|BIGUACU,glp,2,66.5,65.3,67.7,65.0,68.0
2018-02,MUN,SC|BLUMENAU,glp,11,75.0,75.0,79.0,70.0,80.0
2018-02,MUN,SC|BRUSQUE,glp,7,65.0,64.0,65.0,62.5,65.0
2018-02,MUN,SC|CACADOR,glp,5,65.0,62.0,67.4,60.0,69.0
2018-02,MUN,SC|CHAPECO,glp,5,77.0,75.8,80.0,75.0,80.0
2018-02,MUN,SC|CONCORDIA,glp,4,65.0,65.0,67.1,65.0,68.0
2018-02,MUN,SC|CRICIUMA,glp,12,65.0,65.0,69.8,64.0,70.0
2018-02,MUN,SC|FLORIANOPOLIS,glp,8,70.0,65.0,75.75,65.0,77.5
2018-02,MUN,SC|ITAJAI,glp,8,67.5,64.7,71.5,64.0,75.0
2018-02,MUN,SC|JARAGUA DO SUL,glp,7,69.0,64.74,70.74,60.0,72.0
2018-02,MUN,SC|JOINVILLE,glp,5,69.0,65.8,69.0,65.0,69.0
2018-02,MUN,SC|LAGES,glp,7,65.0,61.5,71.2,60.0,73.0
2018-02,MUN,SC|LAGUNA,glp,4,66.5,65.0,69.4,65.0,70.0
2018-02,MUN,SC|MAFRA,glp,6,65.0,64.45,72.5,64.0,75.0
2018-02,MUN,SC|PALHOCA,glp,4,65.0,61.5,65.0,60.0,65.0
2018-02,MUN,SC|SAO JOSE,glp,4,61.0,56.5,62.0,55.0,62.0
2018-02,MUN,SC|TUBARAO,glp,8,65.0,64.7,67.55,64.0,70.0
2018-02,MUN,SC|VIDEIRA,glp,5,75.0,75.0,76.6,75.0,77.0
2018-02,MUN,SC|XANXERE,glp,4,79.0,75.9,80.0,75.0,80.0
2018-02,MUN,SE|ARACAJU,glp,12,80.0,77.0,83.0,75.0,90.0
2018-02,MUN,SE|ITABAIANA,glp,4,70.0,70.0,73.5,70.0,75.0
2018-02,MUN,SE|LAGARTO,glp,4,72.5,70.0,75.7,70.0,76.0
2018-02,MUN,SE|NOSSA SENHORA DO SOCORRO,glp,8,70.0,70.0,74.4,70.0,80.0
2018-02,MUN,SP|ADAMANTINA,glp,5,65.0,64.4,70.0,64.0,70.0
2018-02,MUN,SP|AMERICANA,glp,16,60.0,60.0,60.0,55.0,62.0
2018-02,MUN,SP|AMPARO,glp,6,70.0,62.0,72.5,62.0,75.0
2018-02,MUN,SP|ARACATUBA,glp,34,62.5,60.0,65.0,55.0,67.5
2018-02,MUN,SP|ARARAQUARA,glp,13,60.0,60.0,64.8,55.0,70.0
2018-02,MUN,SP|ARARAS,glp,12,63.9,63.81,72.61,63.0,80.0
2018-02,MUN,SP|ASSIS,glp,8,68.0,64.4,68.6,63.0,70.0
2018-02,MUN,SP|ATIBAIA,glp,10,70.0,64.5,70.0,60.0,70.0
2018-02,MUN,SP|AVARE,glp,10,60.0,57.9,65.0,57.0,65.0
2018-02,MUN,SP|BARRETOS,glp,6,63.5,58.0,66.5,56.0,68.0
2018-02,MUN,SP|BARUERI,glp,18,65.0,60.0,70.6,58.0,72.0
2018-02,MUN,SP|BAURU,glp,34,65.0,60.0,68.7,55.0,72.0
2018-02,MUN,SP|BEBEDOURO,glp,10,68.0,58.9,70.5,58.0,75.0
2018-02,MUN,SP|BIRIGUI,glp,19,65.0,60.0,70.0,55.0,70.0
2018-02,MUN,SP|BOTUCATU,glp,17,73.0,71.2,73.0,62.5,73.0
2018-02,MUN,SP|BRAGANCA PAULISTA,glp,8,60.0,58.5,61.5,55.0,65.0
2018-02,MUN,SP|CACAPAVA,glp,6,66.5,57.5,69.0,55.0,70.0
2018-02,MUN,SP|CAMPINAS,glp,28,65.0,60.0,69.0,59.0,69.0
2018-02,MUN,SP|CARAGUATATUBA,glp,6,65.0,65.0,68.0,65.0,68.0
2018-02,MUN,SP|CARAPICUIBA,glp,19,65.0,63.992,67.0,60.0,67.0
2018-02,MUN,SP|CATANDUVA,glp,15,65.0,60.0,69.96,59.95,70.0
2018-02,MUN,SP|COSMOPOLIS,glp,8,60.0,59.0,63.95,59.0,65.0
2018-02,MUN,SP|COTIA,glp,13,65.0,60.0,69.8,58.0,80.0
2018-02,MUN,SP|CRUZEIRO,glp,11,55.0,51.9,60.0,50.0,63.5
2018-02,MUN,SP|CUBATAO,glp,9,68.0,59.596,80.0,58.0,80.0
2018-02,MUN,SP|DIADEMA,glp,24,70.75,58.6,76.7,58.0,77.5
2018-02,MUN,SP|DRACENA,glp,5,69.8,66.2,71.2,65.0,72.0
2018-02,MUN,SP|EMBU DAS ARTES,glp,6,64.0,57.45,70.0,54.9,75.0
2018-02,MUN,SP|FRANCA,glp,23,59.99,58.992,72.8,58.0,75.0
2018-02,MUN,SP|GARCA,glp,8,70.0,65.0,71.5,65.0,75.0
2018-02,MUN,SP|GUARATINGUETA,glp,20,60.0,57.691,70.2,53.0,75.0
2018-02,MUN,SP|GUARUJA,glp,10,64.993,59.491,66.396,55.0,70.0
2018-02,MUN,SP|GUARULHOS,glp,34,64.49,58.3,70.0,55.0,75.0
2018-02,MUN,SP|HORTOLANDIA,glp,9,65.0,59.6,67.2,58.0,68.0
2018-02,MUN,SP|IBITINGA,glp,9,73.0,71.0,75.0,71.0,75.0
2018-02,MUN,SP|INDAIATUBA,glp,13,60.0,60.0,70.0,60.0,75.0
2018-02,MUN,SP|ITANHAEM,glp,4,70.0,67.2,70.0,66.0,70.0
2018-02,MUN,SP|ITAPECERICA DA SERRA,glp,6,68.0,63.5,74.0,62.0,78.0
2018-02,MUN,SP|ITAPETININGA,glp,12,69.0,68.0,71.35,68.0,75.0
2018-02,MUN,SP|ITAPEVA,glp,6,67.0,61.0,71.5,60.0,73.0
2018-02,MUN,SP|ITAPIRA,glp,4,58.0,58.0,60.8,58.0,62.0
2018-02,MUN,SP|ITAPOLIS,glp,15,72.0,68.8,75.0,67.0,76.5
2018-02,MUN,SP|ITAQUAQUECETUBA,glp,16,62.5,60.0,65.0,49.99,65.0
2018-02,MUN,SP|ITATIBA,glp,5,67.0,65.0,67.0,65.0,67.0
2018-02,MUN,SP|ITU,glp,7,59.99,57.4,61.2,55.0,63.0
2018-02,MUN,SP|JABOTICABAL,glp,6,60.0,59.495,63.25,59.0,66.0
2018-02,MUN,SP|JACAREI,glp,18,59.0,50.0,65.9,50.0,70.0
2018-02,MUN,SP|JALES,glp,10,63.5,60.0,65.5,60.0,70.0
2018-02,MUN,SP|JAU,glp,9,65.0,65.0,67.74,65.0,78.7
2018-02,MUN,SP|JOSE BONIFACIO,glp,7,60.0,58.0,71.8,55.0,73.0
2018-02,MUN,SP|JUNDIAI,glp,10,68.5,55.0,75.0,55.0,75.0
2018-02,MUN,SP|LEME,glp,9,60.0,58.0,60.0,58.0,60.0
2018-02,MUN,SP|LIMEIRA,glp,13,59.0,55.3,63.5,54.0,65.995
2018-02,MUN,SP|LINS,glp,12,60.0,58.0,65.0,58.0,65.0
2018-02,MUN,SP|LORENA,glp,15,60.0,55.0,62.0,55.0,70.0
2018-02,MUN,SP|MARILIA,glp,8,75.0,71.4,75.0,70.0,75.0
2018-02,MUN,SP|MATAO,glp,9,70.0,67.8,71.0,67.0,75.0
2018-02,MUN,SP|MAUA,glp,22,60.0,58.2,67.0,55.0,69.99
2018-02,MUN,SP|MIRASSOL,glp,14,55.0,53.6,58.5,52.95,60.0
2018-02,MUN,SP|MOCOCA,glp,9,70.0,65.0,73.8,65.0,75.0
2018-02,MUN,SP|MOGI DAS CRUZES,glp,31,60.9,57.5,68.0,56.0,77.0
2018-02,MUN,SP|MOGI GUACU,glp,14,55.0,50.0,59.4,48.0,60.0
2018-02,MUN,SP|MOGI MIRIM,glp,8,52.75,48.0,56.5,48.0,60.0
2018-02,MUN,SP|MONTE ALTO,glp,9,67.0,60.0,70.0,60.0,70.0
2018-02,MUN,SP|OLIMPIA,glp,9,57.0,57.0,57.6,57.0,60.0
2018-02,MUN,SP|OSASCO,glp,24,66.5,65.0,73.33,60.0,79.99
2018-02,MUN,SP|OURINHOS,glp,12,65.0,55.3,69.6,55.0,70.0
2018-02,MUN,SP|PARAGUACU PAULISTA,glp,14,70.0,70.0,70.0,70.0,75.0
2018-02,MUN,SP|PAULINIA,glp,12,62.5,60.0,67.95,60.0,69.0
2018-02,MUN,SP|PINDAMONHANGABA,glp,8,55.0,54.7,57.2,54.0,60.0
2018-02,MUN,SP|PIRACICABA,glp,19,67.5,63.4,70.0,60.0,70.0
2018-02,MUN,SP|PIRASSUNUNGA,glp,2,59.5,58.3,60.7,58.0,61.0
2018-02,MUN,SP|POA,glp,12,57.75,55.0,60.0,54.99,60.5
2018-02,MUN,SP|PORTO FERREIRA,glp,3,57.0,55.4,59.4,55.0,60.0
2018-02,MUN,SP|PRAIA GRANDE,glp,19,67.0,62.8,70.0,57.0,70.0
2018-02,MUN,SP|PRESIDENTE PRUDENTE,glp,37,62.0,59.0,67.0,55.0,74.9
2018-02,MUN,SP|PRESIDENTE VENCESLAU,glp,8,63.5,60.0,68.57,60.0,69.9
2018-02,MUN,SP|RIBEIRAO PIRES,glp,11,60.0,60.0,65.0,59.995,65.0
2018-02,MUN,SP|RIBEIRAO PRETO,glp,50,75.0,65.0,84.1,63.0,85.0
2018-02,MUN,SP|RIO CLARO,glp,7,60.0,56.8,60.8,55.0,62.0
2018-02,MUN,SP|SALTO,glp,11,60.0,58.9,62.0,55.0,65.0
2018-02,MUN,SP|SANTA BARBARA D'OESTE,glp,14,60.0,55.0,65.0,55.0,65.0
2018-02,MUN,SP|SANTA CRUZ DO RIO PARDO,glp,12,72.5,70.0,75.0,70.0,78.0
2018-02,MUN,SP|SANTO ANDRE,glp,33,67.0,60.598,69.99,59.99,75.0
2018-02,MUN,SP|SANTOS,glp,26,70.0,64.95,78.5,62.0,89.9
2018-02,MUN,SP|SAO BERNARDO DO CAMPO,glp,30,70.995,64.0,84.909,60.0,89.9
2018-02,MUN,SP|SAO CAETANO DO SUL,glp,4,75.0,69.993,80.0,69.99,80.0
2018-02,MUN,SP|SAO CARLOS,glp,14,72.45,68.9,79.75,68.0,84.0
2018-02,MUN,SP|SAO JOAO DA BOA VISTA,glp,8,65.0,63.0,65.65,63.0,66.0
2018-02,MUN,SP|SAO JOSE DO RIO PRETO,glp,42,64.0,55.0,70.0,55.0,78.0
2018-02,MUN,SP|SAO JOSE DOS CAMPOS,glp,19,65.0,61.6,68.4,60.0,74.0
2018-02,MUN,SP|SAO PAULO,glp,106,68.0,60.0,78.0,51.99,85.0
2018-02,MUN,SP|SAO ROQUE,glp,6,70.0,69.0,70.0,68.0,70.0
2018-02,MUN,SP|SAO VICENTE,glp,28,64.995,59.63,72.9,55.0,73.9
2018-02,MUN,SP|SERTAOZINHO,glp,15,65.0,60.0,66.8,60.0,70.0
2018-02,MUN,SP|SOROCABA,glp,30,63.5,60.0,68.05,59.5,70.0
2018-02,MUN,SP|SUMARE,glp,8,64.0,60.0,69.297,60.0,69.99
2018-02,MUN,SP|SUZANO,glp,13,65.0,55.592,67.9,54.99,68.0
2018-02,MUN,SP|TABOAO DA SERRA,glp,6,65.0,60.0,67.5,55.0,70.0
2018-02,MUN,SP|TATUI,glp,10,66.0,65.0,70.0,65.0,70.0
2018-02,MUN,SP|TAUBATE,glp,8,57.25,52.9,60.0,48.0,60.0
2018-02,MUN,SP|TUPA,glp,6,65.0,65.0,66.0,65.0,67.0
2018-02,MUN,SP|UBATUBA,glp,11,60.0,55.0,70.0,50.0,70.0
2018-02,MUN,SP|VALINHOS,glp,10,69.0,64.9,69.955,63.995,70.0
2018-02,MUN,SP|VARZEA PAULISTA,glp,10,55.0,55.0,55.0,55.0,55.0
2018-02,MUN,SP|VINHEDO,glp,5,68.5,67.4,68.96,67.0,69.0
2018-02,MUN,SP|VOTORANTIM,glp,21,65.0,59.9,65.0,55.0,75.0
2018-02,MUN,SP|VOTUPORANGA,glp,4,62.0,60.6,64.1,60.0,65.0
2018-02,MUN,TO|ARAGUAINA,glp,15,85.0,82.0,90.0,80.0,95.0
2018-02,MUN,TO|GURUPI,glp,34,80.0,80.0,85.0,80.0,90.0
2018-02,MUN,TO|PALMAS,glp,41,86.0,80.0,90.0,80.0,92.0
2018-02,MUN,TO|PARAISO DO TOCANTINS,glp,6,90.0,87.5,91.5,85.0,93.0
2018-02,MUN,TO|PORTO NACIONAL,glp,11,90.0,90.0,90.0,90.0,90.0
2018-02,UF,AC,glp,50,78.0,75.0,82.0,72.0,83.0
2018-02,UF,AL,glp,57,65.0,60.0,70.0,55.0,75.0
2018-02,UF,AM,glp,101,72.0,65.0,80.0,63.0,85.0
2018-02,UF,AP,glp,18,74.65,65.0,76.0,62.0,76.0
2018-02,UF,BA,glp,275,55.0,50.0,65.0,45.0,80.0
2018-02,UF,CE,glp,236,69.0,60.0,72.75,52.5,80.0
2018-02,UF,DF,glp,44,70.0,65.0,75.0,60.0,90.0
2018-02,UF,ES,glp,284,62.0,60.0,65.0,55.0,75.0
2018-02,UF,GO,glp,389,70.0,67.9,78.0,65.0,85.0
2018-02,UF,MA,glp,114,65.0,64.99,80.0,55.0,90.0
2018-02,UF,MG,glp,600,70.0,60.0,75.0,55.0,95.0
2018-02,UF,MS,glp,346,72.0,70.0,75.0,58.0,90.0
2018-02,UF,MT,glp,280,95.0,90.0,100.0,75.0,120.0
2018-02,UF,PA,glp,185,68.0,60.0,85.0,59.0,98.0
2018-02,UF,PB,glp,73,65.0,60.0,67.8,60.0,75.0
2018-02,UF,PE,glp,208,60.0,58.0,70.0,55.0,75.0
2018-02,UF,PI,glp,53,60.0,60.0,79.6,59.99,83.0
2018-02,UF,PR,glp,500,70.0,60.0,80.0,50.0,88.0
2018-02,UF,RJ,glp,305,60.0,55.0,72.8,49.9,80.0
2018-02,UF,RN,glp,97,65.0,60.0,70.0,45.0,78.0
2018-02,UF,RO,glp,76,75.0,68.5,88.0,65.0,91.0
2018-02,UF,RR,glp,25,80.0,78.0,81.2,78.0,82.0
2018-02,UF,RS,glp,488,69.95,60.0,76.3,50.0,90.0
2018-02,UF,SC,glp,126,67.7,62.75,75.5,55.0,80.0
2018-02,UF,SE,glp,28,75.0,70.0,82.3,70.0,90.0
2018-02,UF,SP,glp,1567,65.0,58.0,73.0,48.0,89.9
2018-02,UF,TO,glp,107,85.0,80.0,90.0,80.0,95.0
2018-03,BR,BR,glp,6625,68.0,59.99,80.0,45.0,114.0
2018-03,MUN,AC|CRUZEIRO DO SUL,glp,9,82.0,78.0,85.2,78.0,86.0
2018-03,MUN,AC|RIO BRANCO,glp,60,78.0,75.0,80.0,72.0,80.0
2018-03,MUN,AL|ARAPIRACA,glp,6,60.0,57.5,65.0,55.0,65.0
2018-03,MUN,AL|DELMIRO GOUVEIA,glp,2,75.0,75.0,75.0,75.0,75.0
2018-03,MUN,AL|MACEIO,glp,42,65.0,65.0,65.0,65.0,68.0
2018-03,MUN,AL|PALMEIRA DOS INDIOS,glp,5,65.0,62.0,65.0,60.0,65.0
2018-03,MUN,AL|RIO LARGO,glp,3,60.0,60.0,60.0,60.0,60.0
2018-03,MUN,AM|ITACOATIARA,glp,10,80.0,78.0,85.0,78.0,85.0
2018-03,MUN,AM|MANACAPURU,glp,4,79.0,79.0,79.0,79.0,79.0
2018-03,MUN,AM|MANAUS,glp,169,70.0,66.0,75.0,63.0,80.0
2018-03,MUN,AM|PARINTINS,glp,3,75.0,70.2,75.0,69.0,75.0
2018-03,MUN,AM|TEFE,glp,2,76.0,76.0,76.0,76.0,76.0
2018-03,MUN,AP|MACAPA,glp,10,75.0,72.17,75.55,62.0,76.0
2018-03,MUN,AP|SANTANA,glp,7,68.0,65.0,70.0,65.0,70.0
2018-03,MUN,BA|ALAGOINHAS,glp,4,62.0,60.6,64.1,60.0,65.0
2018-03,MUN,BA|BARREIRAS,glp,5,75.0,72.0,75.0,70.0,75.0
2018-03,MUN,BA|BRUMADO,glp,5,50.0,50.0,53.6,50.0,54.0
2018-03,MUN,BA|CAETITE,glp,5,55.0,52.0,55.0,50.0,55.0
2018-03,MUN,BA|CAMACARI,glp,9,55.0,50.0,62.2,50.0,63.0
2018-03,MUN,BA|EUNAPOLIS,glp,7,67.0,65.0,68.0,65.0,68.0
2018-03,MUN,BA|FEIRA DE SANTANA,glp,9,55.0,53.8,57.12,53.0,58.0
2018-03,MUN,BA|GUANAMBI,glp,16,55.0,51.25,55.0,50.0,55.0
2018-03,MUN,BA|ILHEUS,glp,7,70.0,63.0,74.794,60.0,76.0
2018-03,MUN,BA|IPIRA,glp,2,61.5,58.7,64.3,58.0,65.0
2018-03,MUN,BA|IRECE,glp,7,52.0,50.0,57.0,50.0,60.0
2018-03,MUN,BA|ITABUNA,glp,7,65.0,55.0,73.2,55.0,78.0
2018-03,MUN,BA|ITAMARAJU,glp,4,62.5,60.0,65.0,60.0,65.0
2018-03,MUN,BA|JACOBINA,glp,5,55.0,47.0,60.4,45.0,62.0
2018-03,MUN,BA|JAGUAQUARA,glp,2,53.5,52.3,54.7,52.0,55.0
2018-03,MUN,BA|JEQUIE,glp,7,53.0,50.0,55.0,50.0,58.0
2018-03,MUN,BA|JUAZEIRO,glp,12,58.5,55.0,64.5,55.0,71.0
2018-03,MUN,BA|LAURO DE FREITAS,glp,12,56.0,50.0,65.0,48.0,68.0
2018-03,MUN,BA|LIVRAMENTO DE NOSSA SENHORA,glp,4,57.495,52.9,59.997,52.0,60.0
2018-03,MUN,BA|PAULO AFONSO,glp,5,75.0,73.5,75.0,72.5,75.0
2018-03,MUN,BA|POCOES,glp,4,58.0,58.0,59.4,58.0,60.0
2018-03,MUN,BA|PORTO SEGURO,glp,11,60.0,60.0,65.0,60.0,65.0
2018-03,MUN,BA|SALVADOR,glp,66,52.0,49.0,57.5,45.0,65.0
2018-03,MUN,BA|SANTO ANTONIO DE JESUS,glp,5,55.0,55.0,58.0,55.0,60.0
2018-03,MUN,BA|SENHOR DO BONFIM,glp,3,65.0,65.0,65.0,65.0,65.0
2018-03,MUN,BA|SERRINHA,glp,5,60.0,52.0,60.0,50.0,60.0
2018-03,MUN,BA|SIMOES FILHO,glp,8,55.0,51.4,61.5,50.0,65.0
2018-03,MUN,BA|TEIXEIRA DE FREITAS,glp,9,60.0,59.4,65.0,57.0,65.0
2018-03,MUN,BA|VALENCA,glp,4,70.0,70.0,70.0,70.0,70.0
2018-03,MUN,BA|VITORIA DA CONQUISTA,glp,6,62.5,60.0,65.0,60.0,65.0
2018-03,MUN,CE|CANINDE,glp,5,68.0,65.0,68.3,65.0,68.5
2018-03,MUN,CE|CAUCAIA,glp,25,70.0,65.0,70.0,65.0,75.0
2018-03,MUN,CE|CRATEUS,glp,5,68.0,62.0,70.0,60.0,70.0
2018-03,MUN,CE|CRATO,glp,18,61.5,60.0,67.25,58.0,69.0
2018-03,MUN,CE|FORTALEZA,glp,115,70.0,68.0,75.0,65.0,78.0
2018-03,MUN,CE|ICO,glp,6,70.0,66.5,70.0,65.0,70.0
2018-03,MUN,CE|IGUATU,glp,4,64.25,61.05,67.1,60.0,68.0
2018-03,MUN,CE|ITAPIPOCA,glp,9,65.0,60.0,68.4,60.0,70.0
2018-03,MUN,CE|JUAZEIRO DO NORTE,glp,20,60.0,55.0,65.3,55.0,68.0
2018-03,MUN,CE|LIMOEIRO DO NORTE,glp,4,75.0,71.5,75.0,70.0,75.0
2018-03,MUN,CE|MARACANAU,glp,15,70.0,70.0,75.0,68.0,75.0
2018-03,MUN,CE|MAURITI,glp,1,60.0,60.0,60.0,60.0,60.0
2018-03,MUN,CE|PACAJUS,glp,1,70.0,70.0,70.0,70.0,70.0
2018-03,MUN,CE|QUIXADA,glp,8,70.0,66.05,71.65,65.0,72.0
2018-03,MUN,CE|SOBRAL,glp,10,66.75,65.0,70.0,65.0,70.0
2018-03,MUN,DF|BRASILIA,glp,42,68.0,60.5,75.0,55.0,90.0
2018-03,MUN,ES|ARACRUZ,glp,9,64.0,58.6,68.0,57.0,68.0
2018-03,MUN,ES|CACHOEIRO DE ITAPEMIRIM,glp,14,63.95,60.0,67.7,59.9,70.0
2018-03,MUN,ES|CARIACICA,glp,67,62.0,60.0,65.0,55.0,65.0
2018-03,MUN,ES|COLATINA,glp,9,62.0,60.0,65.0,60.0,65.0
2018-03,MUN,ES|GUARAPARI,glp,24,68.0,65.0,70.0,62.0,70.0
2018-03,MUN,ES|LINHARES,glp,17,62.0,56.5,70.0,55.0,72.5
2018-03,MUN,ES|SAO MATEUS,glp,7,65.0,60.0,70.0,60.0,70.0
2018-03,MUN,ES|SERRA,glp,83,60.0,58.38,65.0,55.0,68.0
2018-03,MUN,ES|VILA VELHA,glp,38,62.0,60.0,65.9,59.9,68.0
2018-03,MUN,ES|VITORIA,glp,24,62.0,60.0,65.0,59.0,68.0
2018-03,MUN,GO|AGUAS LINDAS DE GOIAS,glp,13,67.0,67.0,69.0,67.0,69.0
2018-03,MUN,GO|ANAPOLIS,glp,43,69.0,68.0,70.0,67.0,70.0
2018-03,MUN,GO|APARECIDA DE GOIANIA,glp,27,70.0,68.0,70.8,65.0,72.0
2018-03,MUN,GO|CALDAS NOVAS,glp,12,70.0,69.1,72.0,69.0,72.0
2018-03,MUN,GO|CATALAO,glp,12,70.0,70.0,72.0,70.0,72.0
2018-03,MUN,GO|FORMOSA,glp,13,72.0,70.0,73.6,70.0,74.0
2018-03,MUN,GO|GOIANIA,glp,65,75.5,74.4,78.0,72.0,78.0
2018-03,MUN,GO|GOIATUBA,glp,5,75.0,75.0,78.0,75.0,78.0
2018-03,MUN,GO|ITUMBIARA,glp,9,80.0,79.4,80.0,79.0,80.0
2018-03,MUN,GO|JATAI,glp,25,74.0,72.0,75.6,70.0,76.0
2018-03,MUN,GO|LUZIANIA,glp,17,68.0,66.2,69.0,65.0,69.0
2018-03,MUN,GO|MINEIROS,glp,8,80.0,80.0,82.0,80.0,82.0
2018-03,MUN,GO|MORRINHOS,glp,10,70.0,69.0,70.0,69.0,70.0
2018-03,MUN,GO|PORANGATU,glp,16,69.25,67.0,71.0,67.0,72.0
2018-03,MUN,GO|RIO VERDE,glp,17,72.0,70.0,74.0,70.0,74.0
2018-03,MUN,GO|TRINDADE,glp,27,69.0,68.0,70.0,67.0,70.0
2018-03,MUN,GO|VALPARAISO DE GOIAS,glp,14,67.25,67.0,68.7,65.0,69.0
2018-03,MUN,MA|ACAILANDIA,glp,4,75.0,75.0,75.0,75.0,75.0
2018-03,MUN,MA|BACABAL,glp,4,78.5,78.0,79.0,78.0,79.0
2018-03,MUN,MA|BALSAS,glp,6,87.5,85.0,90.0,85.0,90.0
2018-03,MUN,MA|BARRA DO CORDA,glp,6,82.0,77.5,82.0,75.0,82.0
2018-03,MUN,MA|CAXIAS,glp,3,60.0,54.0,68.0,52.5,70.0
2018-03,MUN,MA|CODO,glp,2,75.0,75.0,75.0,75.0,75.0
2018-03,MUN,MA|IMPERATRIZ,glp,26,75.0,67.0,80.0,65.0,85.0
2018-03,MUN,MA|PINHEIRO,glp,5,80.0,80.0,80.8,80.0,81.0
2018-03,MUN,MA|PRESIDENTE DUTRA,glp,4,75.0,75.0,75.0,75.0,75.0
2018-03,MUN,MA|SANTA INES,glp,3,70.0,70.0,72.4,70.0,73.0
2018-03,MUN,MA|SAO JOSE DE RIBAMAR,glp,13,64.99,64.99,64.999,64.99,65.0
2018-03,MUN,MA|SAO LUIS,glp,67,64.99,64.99,65.0,60.0,65.0
2018-03,MUN,MG|ALFENAS,glp,8,65.0,60.0,68.85,60.0,72.0
2018-03,MUN,MG|ARAGUARI,glp,9,70.0,65.0,71.0,65.0,75.0
2018-03,MUN,MG|ARAXA,glp,7,64.0,62.6,67.0,62.0,70.0
2018-03,MUN,MG|BARBACENA,glp,13,70.0,70.0,74.0,68.0,75.0
2018-03,MUN,MG|BELO HORIZONTE,glp,27,65.0,60.0,70.0,59.0,78.0
2018-03,MUN,MG|BETIM,glp,13,65.0,65.0,73.2,62.5,75.0
2018-03,MUN,MG|BOM DESPACHO,glp,6,75.0,70.25,76.9,68.0,76.9
2018-03,MUN,MG|CAMPO BELO,glp,4,70.0,68.6,70.0,68.0,70.0
2018-03,MUN,MG|CARATINGA,glp,3,75.0,74.2,75.0,74.0,75.0
2018-03,MUN,MG|CONGONHAS,glp,7,71.0,68.8,71.0,67.0,71.0
2018-03,MUN,MG|CONSELHEIRO LAFAIETE,glp,9,60.0,55.0,60.998,55.0,64.99
2018-03,MUN,MG|CONTAGEM,glp,13,67.0,65.0,75.0,64.9,78.0
2018-03,MUN,MG|CORONEL FABRICIANO,glp,7,70.0,70.0,73.8,70.0,75.0
2018-03,MUN,MG|CURVELO,glp,5,61.0,60.4,67.6,60.0,70.0
2018-03,MUN,MG|DIVINOPOLIS,glp,18,65.0,60.0,70.0,59.99,72.0
2018-03,MUN,MG|FORMIGA,glp,8,71.5,69.7,75.0,69.0,75.0
2018-03,MUN,MG|FRUTAL,glp,6,60.748,57.0,68.5,55.0,69.0
2018-03,MUN,MG|GOVERNADOR VALADARES,glp,9,72.0,69.2,75.0,66.0,75.0
2018-03,MUN,MG|GUAXUPE,glp,5,65.0,60.0,65.0,60.0,65.0
2018-03,MUN,MG|IPATINGA,glp,16,70.0,65.0,75.0,60.0,78.0
2018-03,MUN,MG|ITABIRA,glp,6,69.75,68.75,75.5,68.5,76.0
2018-03,MUN,MG|ITAJUBA,glp,9,60.0,57.4,63.0,55.0,63.0
2018-03,MUN,MG|ITAUNA,glp,10,70.0,63.9,70.0,63.0,70.0
2018-03,MUN,MG|ITUIUTABA,glp,16,70.0,65.0,75.0,65.0,76.0
2018-03,MUN,MG|JANAUBA,glp,4,70.0,70.0,73.5,70.0,75.0
2018-03,MUN,MG|JANUARIA,glp,13,89.9,85.6,90.8,85.0,92.0
2018-03,MUN,MG|JOAO MONLEVADE,glp,8,62.5,60.0,65.0,60.0,65.0
2018-03,MUN,MG|JOAO PINHEIRO,glp,11,65.0,65.0,74.0,65.0,80.0
2018-03,MUN,MG|JUIZ DE FORA,glp,22,70.0,65.0,79.99,65.0,80.0
2018-03,MUN,MG|LAVRAS,glp,8,65.0,64.4,65.0,63.0,65.0
2018-03,MUN,MG|LEOPOLDINA,glp,7,75.0,69.6,78.4,69.0,79.0
2018-03,MUN,MG|MANHUACU,glp,6,66.5,62.5,72.5,60.0,75.0
2018-03,MUN,MG|MONTE CARMELO,glp,12,60.0,60.0,65.0,60.0,65.0
2018-03,MUN,MG|MONTES CLAROS,glp,32,72.75,70.0,73.0,70.0,74.0
2018-03,MUN,MG|MURIAE,glp,7,75.0,70.0,75.0,70.0,75.0
2018-03,MUN,MG|NOVA LIMA,glp,8,66.0,61.5,70.0,58.0,70.0
2018-03,MUN,MG|OLIVEIRA,glp,4,72.9,70.87,73.67,70.0,74.0
2018-03,MUN,MG|OURO PRETO,glp,6,74.75,71.5,75.0,70.0,75.0
2018-03,MUN,MG|PARA DE MINAS,glp,4,76.0,71.5,81.2,70.0,83.0
2018-03,MUN,MG|PARACATU,glp,11,60.0,60.0,70.0,60.0,70.0
2018-03,MUN,MG|PASSOS,glp,17,70.0,65.0,70.8,65.0,75.0
2018-03,MUN,MG|PATOS DE MINAS,glp,9,65.0,65.0,76.0,65.0,80.0
2018-03,MUN,MG|PATROCINIO,glp,4,63.75,60.75,65.0,60.0,65.0
2018-03,MUN,MG|POCOS DE CALDAS,glp,16,60.0,60.0,69.5,59.9,70.0
2018-03,MUN,MG|POUSO ALEGRE,glp,7,65.0,60.0,70.0,60.0,70.0
2018-03,MUN,MG|SABARA,glp,9,66.0,60.0,71.0,60.0,75.0
2018-03,MUN,MG|SAO JOAO DEL REI,glp,15,65.0,60.0,70.0,60.0,72.0
2018-03,MUN,MG|SAO SEBASTIAO DO PARAISO,glp,16,65.0,62.0,70.0,60.0,70.0
2018-03,MUN,MG|SETE LAGOAS,glp,13,65.0,65.0,73.0,62.0,75.0
2018-03,MUN,MG|TEOFILO OTONI,glp,15,68.0,65.0,69.0,60.0,70.0
2018-03,MUN,MG|TIMOTEO,glp,6,70.0,69.5,75.0,69.0,75.0
2018-03,MUN,MG|TRES CORACOES,glp,9,68.0,64.8,72.2,64.0,73.0
2018-03,MUN,MG|UBA,glp,11,75.0,70.0,79.99,70.0,80.0
2018-03,MUN,MG|UBERABA,glp,32,65.0,65.0,70.0,60.0,70.0
2018-03,MUN,MG|UBERLANDIA,glp,28,70.0,68.0,75.0,65.0,75.0
2018-03,MUN,MG|UNAI,glp,5,82.0,80.0,85.0,80.0,85.0
2018-03,MUN,MG|VARGINHA,glp,13,63.0,60.0,65.0,60.0,68.0
2018-03,MUN,MG|VICOSA,glp,5,68.0,64.4,73.0,64.0,75.0
2018-03,MUN,MS|CAMPO GRANDE,glp,220,77.0,75.0,78.0,70.0,80.0
2018-03,MUN,MS|CORUMBA,glp,7,90.0,90.0,90.0,90.0,90.0
2018-03,MUN,MS|COXIM,glp,7,79.0,78.0,79.6,78.0,80.5
2018-03,MUN,MS|DOURADOS,glp,34,70.0,65.0,75.0,65.0,80.0
2018-03,MUN,MS|NOVA ANDRADINA,glp,11,85.0,80.0,85.0,70.0,85.0
2018-03,MUN,MS|PONTA PORA,glp,3,66.0,65.2,66.4,65.0,66.5
2018-03,MUN,MS|TRES LAGOAS,glp,8,60.0,59.4,67.7,58.0,74.0
2018-03,MUN,MT|ALTA FLORESTA,glp,6,109.5,105.0,112.0,105.0,114.0
2018-03,MUN,MT|CACERES,glp,9,85.0,74.0,87.6,70.0,90.0
2018-03,MUN,MT|CUIABA,glp,164,95.0,90.0,99.0,88.0,109.0
2018-03,MUN,MT|LUCAS DO RIO VERDE,glp,1,85.0,85.0,85.0,85.0,85.0
2018-03,MUN,MT|RONDONOPOLIS,glp,12,99.75,90.5,100.0,90.0,105.0
2018-03,MUN,MT|SINOP,glp,14,100.0,95.0,100.0,90.0,102.5
2018-03,MUN,MT|SORRISO,glp,8,90.0,85.0,96.2,85.0,99.0
2018-03,MUN,MT|VARZEA GRANDE,glp,39,95.0,90.0,95.0,85.0,100.0
2018-03,MUN,PA|ABAETETUBA,glp,7,64.0,64.0,70.7,64.0,71.0
2018-03,MUN,PA|ALENQUER,glp,3,75.0,71.0,81.4,70.0,83.0
2018-03,MUN,PA|ALTAMIRA,glp,9,85.0,80.0,91.6,80.0,98.0
2018-03,MUN,PA|ANANINDEUA,glp,25,65.0,61.2,69.2,60.0,80.0
2018-03,MUN,PA|BELEM,glp,62,65.0,60.0,70.0,60.0,75.0
2018-03,MUN,PA|BRAGANCA,glp,7,80.0,80.0,85.0,80.0,85.0
2018-03,MUN,PA|CAMETA,glp,5,70.0,64.0,73.0,60.0,75.0
2018-03,MUN,PA|CASTANHAL,glp,6,66.5,64.0,70.0,63.0,70.0
2018-03,MUN,PA|CONCEICAO DO ARAGUAIA,glp,5,80.0,80.0,80.0,80.0,80.0
2018-03,MUN,PA|ITAITUBA,glp,6,85.0,81.0,88.0,80.0,88.0
2018-03,MUN,PA|MARABA,glp,9,80.0,75.0,81.0,75.0,85.0
2018-03,MUN,PA|PARAGOMINAS,glp,3,86.0,85.2,88.4,85.0,89.0
2018-03,MUN,PA|PARAUAPEBAS,glp,5,85.0,83.5,85.0,82.5,85.0
2018-03,MUN,PA|REDENCAO,glp,5,90.0,85.0,90.0,85.0,90.0
2018-03,MUN,PA|SANTAREM,glp,22,70.0,68.0,70.0,65.0,72.0
2018-03,MUN,PA|XINGUARA,glp,8,90.0,85.0,90.0,85.0,90.0
2018-03,MUN,PB|BAYEUX,glp,6,65.0,64.5,65.0,64.0,65.0
2018-03,MUN,PB|CABEDELO,glp,7,60.0,60.0,65.8,60.0,67.0
2018-03,MUN,PB|CAMPINA GRANDE,glp,20,62.75,60.0,70.0,58.0,75.0
2018-03,MUN,PB|ITABAIANA,glp,1,65.0,65.0,65.0,65.0,65.0
2018-03,MUN,PB|JOAO PESSOA,glp,20,65.0,60.0,65.0,60.0,67.5
2018-03,MUN,PB|PATOS,glp,5,65.0,61.2,66.2,60.0,67.0
2018-03,MUN,PB|SOUSA,glp,2,63.5,62.3,64.7,62.0,65.0
2018-03,MUN,PE|ARARIPINA,glp,4,70.0,70.0,70.0,70.0,70.0
2018-03,MUN,PE|ARCOVERDE,glp,9,72.0,70.0,75.0,70.0,75.0
2018-03,MUN,PE|BELO JARDIM,glp,3,59.0,59.0,60.2,59.0,60.5
2018-03,MUN,PE|CABO DE SANTO AGOSTINHO,glp,10,60.0,55.0,65.0,55.0,65.0
2018-03,MUN,PE|CARUARU,glp,14,60.0,60.0,65.0,60.0,65.0
2018-03,MUN,PE|GARANHUNS,glp,7,62.5,58.0,65.0,55.0,65.0
2018-03,MUN,PE|GOIANA,glp,4,57.5,55.0,60.0,55.0,60.0
2018-03,MUN,PE|IGARASSU,glp,18,60.0,60.0,65.0,60.0,67.5
2018-03,MUN,PE|JABOATAO DOS GUARARAPES,glp,20,60.0,55.0,65.0,52.5,65.0
2018-03,MUN,PE|LAJEDO,glp,3,55.0,55.0,55.0,55.0,55.0
2018-03,MUN,PE|OLINDA,glp,27,60.0,55.0,61.0,55.0,65.0
2018-03,MUN,PE|PAULISTA,glp,16,60.0,60.0,65.0,60.0,65.0
2018-03,MUN,PE|PETROLINA,glp,17,58.3,56.8,62.2,55.0,65.0
2018-03,MUN,PE|RECIFE,glp,36,60.0,59.5,65.0,55.0,65.0
2018-03,MUN,PE|SALGUEIRO,glp,3,70.0,68.4,70.0,68.0,70.0
2018-03,MUN,PE|SANTA CRUZ DO CAPIBARIBE,glp,4,59.0,55.9,60.0,55.0,60.0
2018-03,MUN,PE|SERRA TALHADA,glp,3,75.0,71.0,75.0,70.0,75.0
2018-03,MUN,PE|VITORIA DE SANTO ANTAO,glp,10,60.0,55.0,62.3,55.0,65.0
2018-03,MUN,PI|PARNAIBA,glp,3,80.0,78.4,81.6,78.0,82.0
2018-03,MUN,PI|PICOS,glp,2,67.5,65.5,69.5,65.0,70.0
2018-03,MUN,PI|PIRIPIRI,glp,4,80.75,80.0,82.55,80.0,83.0
2018-03,MUN,PI|TERESINA,glp,42,62.5,60.0,65.0,59.99,65.0
2018-03,MUN,PR|APUCARANA,glp,16,65.0,62.0,71.5,58.9,75.0
2018-03,MUN,PR|ARAPONGAS,glp,20,60.0,59.9,70.0,55.0,70.0
2018-03,MUN,PR|ARAUCARIA,glp,15,65.0,61.0,68.4,60.0,75.0
2018-03,MUN,PR|ASSIS CHATEAUBRIAND,glp,5,87.0,79.0,88.0,75.0,88.0
2018-03,MUN,PR|CAMBE,glp,16,70.0,65.0,70.0,60.0,75.0
2018-03,MUN,PR|CAMPO LARGO,glp,15,60.0,58.0,65.0,58.0,68.0
2018-03,MUN,PR|CAMPO MOURAO,glp,9,65.0,64.98,75.0,64.9,75.0
2018-03,MUN,PR|CASCAVEL,glp,46,78.0,72.0,80.0,70.0,83.0
2018-03,MUN,PR|CASTRO,glp,5,70.0,70.0,76.8,70.0,78.0
2018-03,MUN,PR|CIANORTE,glp,21,70.0,69.0,70.0,65.0,70.0
2018-03,MUN,PR|COLOMBO,glp,19,70.0,67.75,70.0,65.0,70.0
2018-03,MUN,PR|CORNELIO PROCOPIO,glp,6,75.0,70.0,76.5,65.0,78.0
2018-03,MUN,PR|CURITIBA,glp,32,65.0,63.0,69.9,59.9,75.0
2018-03,MUN,PR|CURIUVA,glp,1,60.0,60.0,60.0,60.0,60.0
2018-03,MUN,PR|FOZ DO IGUACU,glp,18,75.0,75.0,79.5,70.0,85.0
2018-03,MUN,PR|FRANCISCO BELTRAO,glp,8,59.45,57.1,61.5,55.0,65.0
2018-03,MUN,PR|GUARAPUAVA,glp,14,64.9,59.93,67.8,59.0,85.0
2018-03,MUN,PR|JESUITAS,glp,1,75.0,75.0,75.0,75.0,75.0
2018-03,MUN,PR|LONDRINA,glp,58,65.0,64.97,70.0,59.9,78.0
2018-03,MUN,PR|MARECHAL CANDIDO RONDON,glp,3,75.0,71.0,76.6,70.0,77.0
2018-03,MUN,PR|MARINGA,glp,21,79.0,75.0,80.0,70.0,80.0
2018-03,MUN,PR|PARANAGUA,glp,9,55.0,55.0,56.0,55.0,60.0
2018-03,MUN,PR|PARANAVAI,glp,15,70.0,67.0,74.6,65.0,75.0
2018-03,MUN,PR|PATO BRAGADO,glp,1,82.0,82.0,82.0,82.0,82.0
2018-03,MUN,PR|PATO BRANCO,glp,9,75.0,72.8,75.2,72.0,76.0
2018-03,MUN,PR|PINHAIS,glp,16,67.5,64.0,70.75,60.0,72.0
2018-03,MUN,PR|PONTA GROSSA,glp,12,60.0,59.5,61.85,59.0,62.0
2018-03,MUN,PR|SANTO ANTONIO DA PLATINA,glp,13,65.0,60.0,66.92,60.0,72.0
2018-03,MUN,PR|SAO JOSE DOS PINHAIS,glp,13,69.0,64.12,69.8,62.0,75.0
2018-03,MUN,PR|SERTANOPOLIS,glp,1,70.0,70.0,70.0,70.0,70.0
2018-03,MUN,PR|TOLEDO,glp,24,78.0,75.0,81.4,73.0,85.0
2018-03,MUN,PR|UMUARAMA,glp,11,70.0,65.0,75.0,65.0,75.0
2018-03,MUN,PR|UNIAO DA VITORIA,glp,5,76.0,71.4,80.6,69.0,81.0
2018-03,MUN,RJ|ANGRA DOS REIS,glp,6,71.95,69.5,74.5,69.0,75.0
2018-03,MUN,RJ|ARARUAMA,glp,6,57.495,54.0,60.0,53.0,60.0
2018-03,MUN,RJ|BARRA DO PIRAI,glp,3,69.0,68.92,69.8,68.9,70.0
2018-03,MUN,RJ|BARRA MANSA,glp,9,65.0,63.6,67.0,62.0,67.0
2018-03,MUN,RJ|BELFORD ROXO,glp,7,58.0,55.0,63.5,55.0,65.0
2018-03,MUN,RJ|CABO FRIO,glp,6,60.0,58.5,63.5,57.0,64.0
2018-03,MUN,RJ|CAMPOS DOS GOYTACAZES,glp,25,65.0,59.4,70.0,51.5,70.0
2018-03,MUN,RJ|DUQUE DE CAXIAS,glp,21,58.0,55.0,60.0,55.0,62.0
2018-03,MUN,RJ|ITABORAI,glp,6,65.0,60.0,65.0,60.0,65.0
2018-03,MUN,RJ|ITAGUAI,glp,4,65.45,64.93,66.25,64.9,66.4
2018-03,MUN,RJ|ITAPERUNA,glp,6,60.0,57.5,65.0,55.0,65.0
2018-03,MUN,RJ|MACAE,glp,5,60.0,58.8,63.8,58.0,65.0
2018-03,MUN,RJ|MAGE,glp,3,51.0,51.0,66.2,51.0,70.0
2018-03,MUN,RJ|MARICA,glp,3,65.0,63.4,65.0,63.0,65.0
2018-03,MUN,RJ|NILOPOLIS,glp,6,60.0,58.75,67.5,57.5,70.0
2018-03,MUN,RJ|NITEROI,glp,7,60.0,56.4,61.2,54.0,63.0
2018-03,MUN,RJ|NOVA FRIBURGO,glp,6,61.5,52.5,65.0,50.0,65.0
2018-03,MUN,RJ|NOVA IGUACU,glp,19,65.0,63.0,65.0,55.0,65.0
2018-03,MUN,RJ|PETROPOLIS,glp,8,61.5,56.93,67.93,50.0,75.0
2018-03,MUN,RJ|RESENDE,glp,7,75.0,75.0,77.0,75.0,80.0
2018-03,MUN,RJ|RIO BONITO,glp,5,55.0,55.0,55.0,55.0,55.0
2018-03,MUN,RJ|RIO DE JANEIRO,glp,79,60.0,55.0,75.0,49.9,80.0
2018-03,MUN,RJ|SANTO ANTONIO DE PADUA,glp,3,53.5,50.7,53.5,50.0,53.5
2018-03,MUN,RJ|SAO FRANCISCO DE ITABAPOANA,glp,3,70.0,66.0,70.0,65.0,70.0
2018-03,MUN,RJ|SAO GONCALO,glp,9,55.0,53.2,61.0,50.0,65.0
2018-03,MUN,RJ|SAO JOAO DE MERITI,glp,8,60.0,60.0,60.0,60.0,60.0
2018-03,MUN,RJ|SAPUCAIA,glp,3,62.0,56.4,70.8,55.0,73.0
2018-03,MUN,RJ|SAQUAREMA,glp,4,54.2,51.15,59.07,51.0,60.0
2018-03,MUN,RJ|TERESOPOLIS,glp,6,69.0,64.0,72.0,63.0,73.0
2018-03,MUN,RJ|TRES RIOS,glp,3,55.0,55.0,59.0,55.0,60.0
2018-03,MUN,RJ|VALENCA,glp,4,67.5,67.0,72.2,67.0,74.0
2018-03,MUN,RJ|VOLTA REDONDA,glp,10,65.0,63.8,69.0,62.0,69.0
2018-03,MUN,RN|CAICO,glp,7,65.0,60.9,65.0,60.0,65.0
2018-03,MUN,RN|CEARA-MIRIM,glp,1,65.0,65.0,65.0,65.0,65.0
2018-03,MUN,RN|MOSSORO,glp,12,60.0,55.0,65.0,50.0,65.0
2018-03,MUN,RN|NATAL,glp,62,65.0,60.0,70.0,60.0,70.0
2018-03,MUN,RN|PARNAMIRIM,glp,20,63.0,60.0,65.5,57.5,70.0
2018-03,MUN,RO|ARIQUEMES,glp,5,80.0,78.2,82.6,77.0,83.0
2018-03,MUN,RO|CACOAL,glp,6,87.5,86.5,88.0,86.0,88.0
2018-03,MUN,RO|JI-PARANA,glp,11,75.0,73.0,80.0,73.0,80.0
2018-03,MUN,RO|PIMENTA BUENO,glp,5,91.0,91.0,91.0,91.0,91.0
2018-03,MUN,RO|PORTO VELHO,glp,31,72.0,69.0,75.0,65.0,78.0
2018-03,MUN,RO|VILHENA,glp,10,82.5,80.0,86.2,80.0,88.0
2018-03,MUN,RR|BOA VISTA,glp,37,80.0,79.2,82.0,78.0,82.0
2018-03,MUN,RS|ALEGRETE,glp,8,75.0,66.95,81.5,64.5,85.0
2018-03,MUN,RS|ALVORADA,glp,7,60.0,58.0,61.2,55.0,63.0
2018-03,MUN,RS|BAGE,glp,28,70.0,68.0,75.0,65.0,76.0
2018-03,MUN,RS|BENTO GONCALVES,glp,3,68.0,64.0,68.0,63.0,68.0
2018-03,MUN,RS|CACHOEIRA DO SUL,glp,7,58.0,56.74,60.0,56.5,60.0
2018-03,MUN,RS|CACHOEIRINHA,glp,6,66.0,61.5,69.25,59.0,70.0
2018-03,MUN,RS|CANOAS,glp,15,67.0,60.0,70.0,58.0,72.0
2018-03,MUN,RS|CAXIAS DO SUL,glp,40,69.0,60.0,74.2,60.0,82.0
2018-03,MUN,RS|CRUZ ALTA,glp,2,58.5,58.1,58.9,58.0,59.0
2018-03,MUN,RS|ERECHIM,glp,9,80.0,78.2,82.2,75.0,83.0
2018-03,MUN,RS|ESTEIO,glp,13,65.0,65.0,68.8,64.9,70.0
2018-03,MUN,RS|GRAMADO,glp,4,79.0,68.9,81.4,65.0,82.0
2018-03,MUN,RS|GRAVATAI,glp,8,60.5,59.685,65.0,58.95,65.0
2018-03,MUN,RS|GUAIBA,glp,8,65.0,63.8,68.3,61.0,69.0
2018-03,MUN,RS|IJUI,glp,8,70.0,65.7,75.0,65.0,75.0
2018-03,MUN,RS|LAJEADO,glp,11,70.0,68.0,75.0,68.0,75.0
2018-03,MUN,RS|NOVO HAMBURGO,glp,12,60.0,60.0,61.8,55.0,65.0
2018-03,MUN,RS|OSORIO,glp,6,65.5,65.0,70.45,65.0,73.0
2018-03,MUN,RS|PASSO FUNDO,glp,22,65.0,65.0,70.0,60.0,75.0
2018-03,MUN,RS|PELOTAS,glp,19,68.0,58.0,70.0,57.0,70.0
2018-03,MUN,RS|PORTO ALEGRE,glp,21,72.0,65.0,76.0,59.0,80.0
2018-03,MUN,RS|RIO GRANDE,glp,10,65.0,60.0,67.55,60.0,68.0
2018-03,MUN,RS|SANTA CRUZ DO SUL,glp,18,70.0,70.0,75.6,69.0,78.0
2018-03,MUN,RS|SANTA MARIA,glp,83,72.0,68.0,78.0,65.0,82.5
2018-03,MUN,RS|SANTA ROSA,glp,7,78.0,70.0,84.5,70.0,86.0
2018-03,MUN,RS|SANTANA DO LIVRAMENTO,glp,13,60.0,55.0,60.0,50.0,60.0
2018-03,MUN,RS|SANTO ANGELO,glp,5,71.0,70.0,74.2,70.0,75.0
2018-03,MUN,RS|SAO GABRIEL,glp,11,70.0,68.0,75.0,68.0,78.0
2018-03,MUN,RS|SAO LEOPOLDO,glp,12,63.75,60.0,67.8,53.0,69.0
2018-03,MUN,RS|SAO LUIZ GONZAGA,glp,5,70.0,68.4,77.4,68.0,79.0
2018-03,MUN,RS|SAPIRANGA,glp,5,68.0,62.4,78.0,60.0,78.0
2018-03,MUN,RS|SAPUCAIA DO SUL,glp,19,65.0,59.8,70.19,57.0,72.0
2018-03,MUN,RS|TORRES,glp,6,80.0,73.5,82.75,72.0,83.5
2018-03,MUN,RS|URUGUAIANA,glp,13,78.0,70.4,80.0,70.0,80.0
2018-03,MUN,RS|VACARIA,glp,5,75.0,65.8,77.4,65.0,79.0
2018-03,MUN,RS|VIAMAO,glp,21,65.0,60.0,70.0,58.0,77.0
2018-03,MUN,SC|ARARANGUA,glp,6,60.0,60.0,70.0,60.0,70.0
2018-03,MUN,SC|BALNEARIO CAMBORIU,glp,5,75.0,70.0,76.5,70.0,77.5
2018-03,MUN,SC|BIGUACU,glp,2,66.5,65.3,67.7,65.0,68.0
2018-03,MUN,SC|BLUMENAU,glp,10,74.5,70.0,75.5,70.0,80.0
2018-03,MUN,SC|BRUSQUE,glp,7,65.0,60.0,65.0,60.0,65.0
2018-03,MUN,SC|CACADOR,glp,6,65.0,62.5,72.5,60.0,75.0
2018-03,MUN,SC|CHAPECO,glp,5,77.0,75.8,80.0,75.0,80.0
2018-03,MUN,SC|CONCORDIA,glp,4,65.0,65.0,67.1,65.0,68.0
2018-03,MUN,SC|CRICIUMA,glp,11,70.0,70.0,73.0,63.0,73.0
2018-03,MUN,SC|FLORIANOPOLIS,glp,7,70.3,65.0,76.2,65.0,78.0
2018-03,MUN,SC|ITAJAI,glp,8,69.0,61.7,71.5,61.0,75.0
2018-03,MUN,SC|JARAGUA DO SUL,glp,7,69.9,61.4,73.56,56.0,75.9
2018-03,MUN,SC|JOINVILLE,glp,5,70.0,67.8,77.4,67.0,79.0
2018-03,MUN,SC|LAGES,glp,8,65.0,60.0,70.0,60.0,70.0
2018-03,MUN,SC|LAGUNA,glp,5,65.0,65.0,70.0,65.0,70.0
2018-03,MUN,SC|MAFRA,glp,6,69.975,67.45,75.0,65.0,75.0
2018-03,MUN,SC|PALHOCA,glp,5,65.0,65.0,65.0,65.0,65.0
2018-03,MUN,SC|SAO JOSE,glp,2,64.5,62.9,66.1,62.5,66.5
2018-03,MUN,SC|TUBARAO,glp,5,65.0,64.4,68.0,64.0,70.0
2018-03,MUN,SC|VIDEIRA,glp,5,75.0,75.0,76.6,75.0,77.0
2018-03,MUN,SC|XANXERE,glp,4,79.0,75.9,81.75,75.0,82.5
2018-03,MUN,SE|ARACAJU,glp,12,80.0,75.0,82.7,72.0,85.0
2018-03,MUN,SE|ITABAIANA,glp,4,70.0,66.5,73.5,65.0,75.0
2018-03,MUN,SE|LAGARTO,glp,5,70.0,70.0,70.0,70.0,70.0
2018-03,MUN,SE|NOSSA SENHORA DO SOCORRO,glp,7,70.0,70.0,75.2,70.0,80.0
2018-03,MUN,SP|ADAMANTINA,glp,5,67.5,64.4,70.0,64.0,70.0
2018-03,MUN,SP|AGUDOS,glp,1,55.0,55.0,55.0,55.0,55.0
2018-03,MUN,SP|AMERICANA,glp,18,60.0,60.0,65.0,55.0,70.0
2018-03,MUN,SP|AMPARO,glp,6,70.0,65.0,75.0,60.0,75.0
2018-03,MUN,SP|ARACATUBA,glp,35,62.5,59.18,65.0,55.0,65.0
2018-03,MUN,SP|ARARAQUARA,glp,12,73.0,68.2,76.0,65.0,76.0
2018-03,MUN,SP|ARARAS,glp,10,63.9,63.72,74.11,63.0,85.0
2018-03,MUN,SP|ASSIS,glp,7,68.0,64.2,68.0,63.0,68.0
2018-03,MUN,SP|ATIBAIA,glp,10,60.0,56.8,69.1,55.0,70.0
2018-03,MUN,SP|AVARE,glp,11,60.0,60.0,65.0,57.0,65.0
2018-03,MUN,SP|BARRETOS,glp,6,62.0,59.0,65.0,56.0,65.0
2018-03,MUN,SP|BARUERI,glp,17,64.99,60.0,70.8,60.0,72.0
2018-03,MUN,SP|BAURU,glp,43,65.0,60.0,68.4,55.0,75.0
2018-03,MUN,SP|BEBEDOURO,glp,16,67.25,59.5,71.25,58.0,75.0
2018-03,MUN,SP|BIRIGUI,glp,20,63.0,60.0,70.0,55.0,70.0
2018-03,MUN,SP|BOTUCATU,glp,17,60.0,60.0,60.0,57.0,73.0
2018-03,MUN,SP|BRAGANCA PAULISTA,glp,7,60.0,58.0,62.0,55.0,65.0
2018-03,MUN,SP|CACAPAVA,glp,7,65.0,53.0,68.8,50.0,70.0
2018-03,MUN,SP|CAMPINAS,glp,28,64.75,60.0,69.5,58.0,72.0
2018-03,MUN,SP|CARAGUATATUBA,glp,6,64.5,60.75,66.5,59.0,68.0
2018-03,MUN,SP|CARAPICUIBA,glp,14,65.0,60.9,67.0,59.995,67.0
2018-03,MUN,SP|CATANDUVA,glp,8,65.0,63.485,67.13,59.95,70.0
2018-03,MUN,SP|COSMOPOLIS,glp,5,60.0,58.8,61.6,58.0,62.0
2018-03,MUN,SP|COTIA,glp,9,68.0,59.6,70.0,58.0,70.0
2018-03,MUN,SP|CRUZEIRO,glp,14,53.7,51.93,55.0,51.5,60.0
2018-03,MUN,SP|CUBATAO,glp,9,68.0,62.5,80.0,62.5,80.0
2018-03,MUN,SP|DIADEMA,glp,24,71.75,60.0,75.85,55.0,76.0
2018-03,MUN,SP|DRACENA,glp,4,68.9,65.9,71.34,65.0,72.0
2018-03,MUN,SP|EMBU DAS ARTES,glp,5,65.0,61.2,70.4,60.0,74.0
2018-03,MUN,SP|FRANCA,glp,18,58.95,58.0,75.0,57.0,75.0
2018-03,MUN,SP|GARCA,glp,4,65.0,65.0,65.0,65.0,65.0
2018-03,MUN,SP|GUARATINGUETA,glp,14,60.0,55.6,68.5,53.0,72.0
2018-03,MUN,SP|GUARUJA,glp,12,69.9,64.99,75.0,64.99,75.0
2018-03,MUN,SP|GUARULHOS,glp,35,65.0,58.7,70.0,55.0,75.0
2018-03,MUN,SP|HORTOLANDIA,glp,8,65.0,60.0,67.3,60.0,68.0
2018-03,MUN,SP|IBITINGA,glp,12,72.0,68.2,75.0,68.0,75.0
2018-03,MUN,SP|INDAIATUBA,glp,12,65.0,65.0,69.5,60.0,70.0
2018-03,MUN,SP|ITANHAEM,glp,3,70.0,62.0,74.0,60.0,75.0
2018-03,MUN,SP|ITAPECERICA DA SERRA,glp,7,65.0,60.4,73.2,58.0,78.0
2018-03,MUN,SP|ITAPETININGA,glp,12,68.0,65.0,70.0,55.0,70.0
2018-03,MUN,SP|ITAPEVA,glp,6,65.5,61.75,71.5,60.0,73.0
2018-03,MUN,SP|ITAPIRA,glp,4,58.0,58.0,60.8,58.0,62.0
2018-03,MUN,SP|ITAPOLIS,glp,12,72.0,68.2,74.95,68.0,76.5
2018-03,MUN,SP|ITAQUAQUECETUBA,glp,17,60.0,55.0,65.0,54.99,65.0
2018-03,MUN,SP|ITATIBA,glp,6,66.0,65.0,67.0,65.0,67.0
2018-03,MUN,SP|ITU,glp,7,58.995,54.996,61.2,54.99,63.0
2018-03,MUN,SP|JABOTICABAL,glp,9,60.0,58.0,62.8,54.0,66.0
2018-03,MUN,SP|JACAREI,glp,16,59.0,50.0,61.5,50.0,70.0
2018-03,MUN,SP|JALES,glp,11,65.0,60.0,70.0,60.0,70.0
2018-03,MUN,SP|JAU,glp,12,65.0,65.0,65.0,65.0,78.7
2018-03,MUN,SP|JOSE BONIFACIO,glp,4,62.5,60.0,68.5,60.0,70.0
2018-03,MUN,SP|JUNDIAI,glp,9,70.0,63.6,73.1,58.0,73.5
2018-03,MUN,SP|LEME,glp,9,60.0,58.0,60.0,58.0,60.0
2018-03,MUN,SP|LIMEIRA,glp,13,60.0,55.0,65.0,55.0,70.0
2018-03,MUN,SP|LINS,glp,12,60.0,58.0,65.0,58.0,65.0
2018-03,MUN,SP|LORENA,glp,16,60.0,55.0,63.5,55.0,70.0
2018-03,MUN,SP|MARILIA,glp,8,75.0,71.4,75.0,70.0,75.0
2018-03,MUN,SP|MATAO,glp,9,70.0,67.8,71.0,67.0,75.0
2018-03,MUN,SP|MAUA,glp,24,62.0,55.0,67.0,54.995,67.0
2018-03,MUN,SP|MIRASSOL,glp,11,60.0,60.0,65.0,55.0,68.0
2018-03,MUN,SP|MOCOCA,glp,10,70.0,65.0,75.0,65.0,75.0
2018-03,MUN,SP|MOGI DAS CRUZES,glp,32,60.0,58.0,68.0,54.99,77.0
2018-03,MUN,SP|MOGI GUACU,glp,11,55.0,50.0,60.0,50.0,60.0
2018-03,MUN,SP|MOGI MIRIM,glp,8,52.0,48.0,55.0,48.0,55.0
2018-03,MUN,SP|MONTE ALTO,glp,10,66.0,60.0,70.0,60.0,70.0
2018-03,MUN,SP|OLIMPIA,glp,9,57.0,57.0,57.6,57.0,60.0
2018-03,MUN,SP|OSASCO,glp,22,67.998,65.0,73.71,60.0,79.99
2018-03,MUN,SP|OURINHOS,glp,13,65.0,55.6,69.2,55.0,70.0
2018-03,MUN,SP|PARAGUACU PAULISTA,glp,11,70.0,70.0,70.0,70.0,70.0
2018-03,MUN,SP|PAULINIA,glp,17,63.0,60.0,67.4,59.99,68.0
2018-03,MUN,SP|PINDAMONHANGABA,glp,7,59.0,55.0,60.8,55.0,62.0
2018-03,MUN,SP|PIRACICABA,glp,19,65.0,64.6,70.0,60.0,70.0
2018-03,MUN,SP|PIRASSUNUNGA,glp,2,61.5,58.7,64.3,58.0,65.0
2018-03,MUN,SP|POA,glp,12,55.0,54.99,60.9,54.0,64.0
2018-03,MUN,SP|PORTO FERREIRA,glp,3,60.0,56.0,60.0,55.0,60.0
2018-03,MUN,SP|PRAIA GRANDE,glp,20,67.0,64.791,70.0,62.0,70.0
2018-03,MUN,SP|PRESIDENTE PRUDENTE,glp,39,62.0,58.4,70.0,55.0,74.9
2018-03,MUN,SP|PRESIDENTE VENCESLAU,glp,7,65.0,60.9,65.0,60.0,65.0
2018-03,MUN,SP|RIBEIRAO PIRES,glp,11,60.0,59.9,65.0,58.995,65.0
2018-03,MUN,SP|RIBEIRAO PRETO,glp,57,75.0,65.0,84.4,63.0,88.0
2018-03,MUN,SP|RIO CLARO,glp,6,60.0,57.0,61.0,55.0,62.0
2018-03,MUN,SP|SALTO,glp,16,60.0,58.9,62.5,55.0,65.0
2018-03,MUN,SP|SANTA BARBARA D'OESTE,glp,17,60.0,55.0,65.0,55.0,65.0
2018-03,MUN,SP|SANTA CRUZ DO RIO PARDO,glp,14,72.5,70.0,77.1,70.0,78.0
2018-03,MUN,SP|SANTO ANDRE,glp,38,65.0,60.0,69.99,59.99,75.0
2018-03,MUN,SP|SANTOS,glp,25,69.95,64.94,80.54,60.0,89.9
2018-03,MUN,SP|SAO BERNARDO DO CAMPO,glp,31,67.0,60.0,79.9,60.0,89.9
2018-03,MUN,SP|SAO CAETANO DO SUL,glp,4,75.0,69.993,80.0,69.99,80.0
2018-03,MUN,SP|SAO CARLOS,glp,15,70.0,68.9,83.2,66.5,85.0
2018-03,MUN,SP|SAO JOAO DA BOA VISTA,glp,8,65.5,64.4,68.0,63.0,68.0
2018-03,MUN,SP|SAO JOSE DO RIO PRETO,glp,38,65.0,57.85,73.0,55.0,78.0
2018-03,MUN,SP|SAO JOSE DOS CAMPOS,glp,20,65.0,50.0,70.5,50.0,85.0
2018-03,MUN,SP|SAO PAULO,glp,116,68.495,59.995,77.0,55.0,88.0
2018-03,MUN,SP|SAO ROQUE,glp,8,70.0,67.7,70.0,67.0,70.0
2018-03,MUN,SP|SAO VICENTE,glp,29,64.0,59.72,72.18,58.0,73.9
2018-03,MUN,SP|SERTAOZINHO,glp,15,65.0,60.0,65.0,60.0,65.0
2018-03,MUN,SP|SOROCABA,glp,28,63.0,60.0,69.3,55.0,70.0
2018-03,MUN,SP|SUMARE,glp,8,65.0,64.7,69.297,64.0,69.99
2018-03,MUN,SP|SUZANO,glp,13,60.0,55.292,65.0,54.99,65.0
2018-03,MUN,SP|TABOAO DA SERRA,glp,6,65.0,63.748,67.5,62.495,70.0
2018-03,MUN,SP|TATUI,glp,8,66.0,64.4,68.6,63.0,70.0
2018-03,MUN,SP|TAUBATE,glp,10,56.0,54.9,60.3,54.0,63.0
2018-03,MUN,SP|TUPA,glp,7,65.0,63.0,65.8,60.0,67.0
2018-03,MUN,SP|UBATUBA,glp,12,65.0,55.5,70.0,50.0,75.0
2018-03,MUN,SP|VALINHOS,glp,10,68.5,65.699,69.91,62.99,70.0
2018-03,MUN,SP|VARZEA PAULISTA,glp,11,55.0,55.0,60.0,53.0,60.0
2018-03,MUN,SP|VINHEDO,glp,5,68.0,67.992,69.56,67.99,70.0
2018-03,MUN,SP|VOTORANTIM,glp,17,60.0,56.6,65.0,55.0,75.0
2018-03,MUN,SP|VOTUPORANGA,glp,7,60.0,60.0,63.8,60.0,65.0
2018-03,MUN,TO|ARAGUAINA,glp,12,80.0,80.0,85.0,75.0,90.0
2018-03,MUN,TO|GURUPI,glp,35,80.0,80.0,85.0,80.0,90.0
2018-03,MUN,TO|PALMAS,glp,25,85.0,80.0,90.0,80.0,91.0
2018-03,MUN,TO|PARAISO DO TOCANTINS,glp,7,90.0,90.0,93.8,90.0,95.0
2018-03,MUN,TO|PORTO NACIONAL,glp,12,90.0,90.0,90.0,85.0,90.0
2018-03,UF,AC,glp,69,78.0,75.0,80.0,72.0,86.0
2018-03,UF,AL,glp,58,65.0,60.0,65.0,55.0,75.0
2018-03,UF,AM,glp,188,70.0,66.5,76.0,63.0,85.0
2018-03,UF,AP,glp,17,73.3,65.0,75.2,62.0,76.0
2018-03,UF,BA,glp,255,55.0,50.0,66.2,45.0,78.0
2018-03,UF,CE,glp,246,70.0,60.5,74.25,55.0,78.0
2018-03,UF,DF,glp,42,68.0,60.5,75.0,55.0,90.0
2018-03,UF,ES,glp,292,62.0,60.0,68.0,55.0,72.5
2018-03,UF,GO,glp,333,70.0,68.0,78.0,65.0,82.0
2018-03,UF,MA,glp,143,64.995,64.99,80.0,52.5,90.0
2018-03,UF,MG,glp,627,69.0,60.0,75.0,55.0,92.0
2018-03,UF,MS,glp,290,77.0,70.0,79.0,58.0,90.0
2018-03,UF,MT,glp,253,95.0,90.0,100.0,70.0,114.0
2018-03,UF,PA,glp,187,70.0,60.0,85.0,60.0,98.0
2018-03,UF,PB,glp,61,65.0,60.0,67.0,58.0,75.0
2018-03,UF,PE,glp,208,60.0,55.0,65.0,52.5,75.0
2018-03,UF,PI,glp,51,62.5,60.0,80.0,59.99,83.0
2018-03,UF,PR,glp,478,70.0,60.0,79.0,55.0,88.0
2018-03,UF,RJ,glp,300,62.0,55.0,73.09,49.9,80.0
2018-03,UF,RN,glp,102,65.0,60.0,70.0,50.0,70.0
2018-03,UF,RO,glp,68,75.5,70.0,88.0,65.0,91.0
2018-03,UF,RR,glp,37,80.0,79.2,82.0,78.0,82.0
2018-03,UF,RS,glp,490,70.0,60.0,78.0,50.0,86.0
2018-03,UF,SC,glp,123,70.0,62.1,75.98,56.0,82.5
2018-03,UF,SE,glp,28,72.0,70.0,80.0,65.0,85.0
2018-03,UF,SP,glp,1588,65.0,58.0,73.0,48.0,89.9
2018-03,UF,TO,glp,91,85.0,80.0,90.0,75.0,95.0
2018-04,BR,BR,glp,6498,67.0,60.0,80.0,45.0,110.0
2018-04,MUN,AC|CRUZEIRO DO SUL,glp,5,78.0,78.0,82.2,78.0,85.0
2018-04,MUN,AC|RIO BRANCO,glp,45,78.0,75.0,80.0,72.0,82.0
2018-04,MUN,AL|ARAPIRACA,glp,6,60.0,57.5,65.0,55.0,65.0
2018-04,MUN,AL|DELMIRO GOUVEIA,glp,2,75.0,75.0,75.0,75.0,75.0
2018-04,MUN,AL|MACEIO,glp,39,65.0,63.992,65.0,60.0,70.0
2018-04,MUN,AL|PALMEIRA DOS INDIOS,glp,5,65.0,62.0,65.0,60.0,65.0
2018-04,MUN,AL|RIO LARGO,glp,5,60.0,57.0,63.0,55.0,65.0
2018-04,MUN,AM|ITACOATIARA,glp,11,80.0,78.0,85.0,78.0,85.0
2018-04,MUN,AM|MANACAPURU,glp,4,79.0,79.0,79.0,79.0,79.0
2018-04,MUN,AM|MANAUS,glp,122,70.0,65.1,73.0,63.0,80.0
2018-04,MUN,AM|PARINTINS,glp,4,75.0,70.8,75.0,69.0,75.0
2018-04,MUN,AM|TEFE,glp,4,76.0,75.3,80.2,75.0,82.0
2018-04,MUN,AP|MACAPA,glp,10,75.25,71.9,76.55,62.0,77.0
2018-04,MUN,AP|SANTANA,glp,7,69.0,65.0,70.0,65.0,70.0
2018-04,MUN,BA|ALAGOINHAS,glp,4,61.0,59.646,62.0,59.495,62.0
2018-04,MUN,BA|BARREIRAS,glp,4,75.0,71.5,75.0,70.0,75.0
2018-04,MUN,BA|BRUMADO,glp,4,51.5,50.0,54.4,50.0,55.0
2018-04,MUN,BA|CAETITE,glp,6,56.5,55.0,60.0,55.0,60.0
2018-04,MUN,BA|CAMACARI,glp,9,52.0,49.99,62.2,49.99,63.0
2018-04,MUN,BA|EUNAPOLIS,glp,7,67.0,65.0,68.0,65.0,68.0
2018-04,MUN,BA|FEIRA DE SANTANA,glp,14,55.0,54.0,59.4,50.0,66.5
2018-04,MUN,BA|GUANAMBI,glp,15,55.0,55.0,55.0,50.0,55.0
2018-04,MUN,BA|ILHEUS,glp,7,72.99,63.0,75.4,60.0,76.0
2018-04,MUN,BA|IPIRA,glp,3,60.0,58.4,64.0,58.0,65.0
2018-04,MUN,BA|IRECE,glp,7,53.0,50.0,55.0,50.0,55.0
2018-04,MUN,BA|ITABUNA,glp,7,65.0,59.2,67.0,58.0,70.0
2018-04,MUN,BA|ITAMARAJU,glp,4,60.0,60.0,63.5,60.0,65.0
2018-04,MUN,BA|JACOBINA,glp,5,55.0,48.5,59.2,47.5,60.0
2018-04,MUN,BA|JAGUAQUARA,glp,2,53.5,52.3,54.7,52.0,55.0
2018-04,MUN,BA|JEQUIE,glp,6,53.0,51.0,55.5,50.0,58.0
2018-04,MUN,BA|JUAZEIRO,glp,10,59.5,54.9,65.0,54.0,65.0
2018-04,MUN,BA|LAURO DE FREITAS,glp,12,56.0,50.0,65.0,48.0,68.0
2018-04,MUN,BA|LIVRAMENTO DE NOSSA SENHORA,glp,3,59.9,55.98,59.98,55.0,60.0
2018-04,MUN,BA|PAULO AFONSO,glp,5,75.0,72.0,75.0,70.0,75.0
2018-04,MUN,BA|POCOES,glp,5,58.0,58.0,60.0,58.0,60.0
2018-04,MUN,BA|PORTO SEGURO,glp,11,60.0,60.0,65.0,60.0,70.0
2018-04,MUN,BA|SALVADOR,glp,54,53.0,50.0,55.0,45.0,60.0
2018-04,MUN,BA|SANTO ANTONIO DE JESUS,glp,6,55.0,55.0,57.5,55.0,60.0
2018-04,MUN,BA|SENHOR DO BONFIM,glp,3,60.0,60.0,64.0,60.0,65.0
2018-04,MUN,BA|SERRINHA,glp,4,57.5,51.5,60.0,50.0,60.0
2018-04,MUN,BA|SIMOES FILHO,glp,7,55.0,51.2,59.0,50.0,65.0
2018-04,MUN,BA|TEIXEIRA DE FREITAS,glp,8,60.0,60.0,63.6,60.0,65.0
2018-04,MUN,BA|VALENCA,glp,7,70.0,70.0,71.2,70.0,73.0
2018-04,MUN,BA|VITORIA DA CONQUISTA,glp,6,65.0,61.5,65.0,60.0,65.0
2018-04,MUN,CE|CANINDE,glp,4,65.5,65.0,67.05,65.0,67.5
2018-04,MUN,CE|CAUCAIA,glp,22,68.0,65.0,70.0,60.0,70.0
2018-04,MUN,CE|CRATEUS,glp,5,66.5,61.0,70.0,60.0,70.0
2018-04,MUN,CE|CRATO,glp,17,63.0,60.0,67.9,60.0,70.0
2018-04,MUN,CE|FORTALEZA,glp,110,73.5,70.0,78.0,65.0,79.0
2018-04,MUN,CE|ICO,glp,6,67.75,62.5,70.0,60.0,70.0
2018-04,MUN,CE|IGUATU,glp,6,63.5,60.0,65.75,60.0,66.5
2018-04,MUN,CE|ITAPIPOCA,glp,8,65.0,60.0,66.15,60.0,66.5
2018-04,MUN,CE|JUAZEIRO DO NORTE,glp,17,60.0,59.0,65.0,57.0,68.0
2018-04,MUN,CE|LIMOEIRO DO NORTE,glp,5,70.0,70.0,73.0,70.0,75.0
2018-04,MUN,CE|MARACANAU,glp,15,72.5,67.0,75.0,65.0,78.0
2018-04,MUN,CE|PACAJUS,glp,1,72.5,72.5,72.5,72.5,72.5
2018-04,MUN,CE|QUIXADA,glp,7,70.0,65.0,71.7,65.0,72.0
2018-04,MUN,CE|SOBRAL,glp,9,68.0,65.0,69.2,65.0,70.0
2018-04,MUN,DF|BRASILIA,glp,42,68.0,60.5,75.0,57.5,85.0
2018-04,MUN,ES|ARACRUZ,glp,8,62.5,58.4,66.5,57.0,70.0
2018-04,MUN,ES|CACHOEIRO DE ITAPEMIRIM,glp,13,65.0,60.0,69.8,59.9,70.0
2018-04,MUN,ES|CARIACICA,glp,65,60.0,60.0,65.0,58.0,65.0
2018-04,MUN,ES|COLATINA,glp,9,62.0,60.0,65.0,60.0,65.0
2018-04,MUN,ES|GUARAPARI,glp,23,60.0,57.6,68.0,50.0,69.0
2018-04,MUN,ES|LINHARES,glp,16,63.5,55.0,72.5,55.0,75.0
2018-04,MUN,ES|SAO MATEUS,glp,7,65.0,63.0,70.0,60.0,70.0
2018-04,MUN,ES|SERRA,glp,64,65.0,60.0,66.75,59.0,70.0
2018-04,MUN,ES|VILA VELHA,glp,38,62.0,58.5,65.9,53.0,68.0
2018-04,MUN,ES|VITORIA,glp,17,65.0,60.0,66.2,57.5,70.0
2018-04,MUN,GO|AGUAS LINDAS DE GOIAS,glp,13,68.0,67.0,69.0,67.0,70.0
2018-04,MUN,GO|ANAPOLIS,glp,38,70.0,68.7,70.0,68.0,70.0
2018-04,MUN,GO|APARECIDA DE GOIANIA,glp,21,70.0,69.0,72.0,69.0,74.0
2018-04,MUN,GO|CALDAS NOVAS,glp,13,70.0,70.0,72.0,69.0,73.0
2018-04,MUN,GO|CATALAO,glp,11,70.0,70.0,72.0,70.0,72.0
2018-04,MUN,GO|FORMOSA,glp,12,72.0,71.1,73.9,70.0,74.0
2018-04,MUN,GO|GOIANIA,glp,68,76.0,75.0,78.0,74.0,78.0
2018-04,MUN,GO|GOIATUBA,glp,5,76.5,76.0,77.6,76.0,78.0
2018-04,MUN,GO|ITUMBIARA,glp,7,80.0,79.0,80.0,79.0,80.0
2018-04,MUN,GO|JATAI,glp,25,75.0,72.0,76.0,72.0,76.0
2018-04,MUN,GO|LUZIANIA,glp,12,69.0,68.1,70.0,68.0,70.0
2018-04,MUN,GO|MINEIROS,glp,8,80.0,80.0,82.0,80.0,82.0
2018-04,MUN,GO|MORRINHOS,glp,12,70.0,69.1,72.0,69.0,72.0
2018-04,MUN,GO|PORANGATU,glp,18,70.0,69.0,72.0,69.0,72.0
2018-04,MUN,GO|RIO VERDE,glp,13,72.0,72.0,74.0,72.0,74.0
2018-04,MUN,GO|TRINDADE,glp,24,70.0,69.0,70.0,68.5,72.0
2018-04,MUN,GO|VALPARAISO DE GOIAS,glp,10,68.0,67.0,69.1,67.0,70.0
2018-04,MUN,MA|ACAILANDIA,glp,5,70.0,70.0,76.5,70.0,77.5
2018-04,MUN,MA|BACABAL,glp,4,78.5,78.0,79.0,78.0,79.0
2018-04,MUN,MA|BALSAS,glp,6,87.5,85.0,90.0,85.0,90.0
2018-04,MUN,MA|BARRA DO CORDA,glp,5,82.0,77.4,83.8,75.0,85.0
2018-04,MUN,MA|CAXIAS,glp,3,60.0,56.0,60.0,55.0,60.0
2018-04,MUN,MA|CODO,glp,3,75.0,75.0,75.0,75.0,75.0
2018-04,MUN,MA|IMPERATRIZ,glp,37,72.5,68.0,80.0,65.0,85.0
2018-04,MUN,MA|PINHEIRO,glp,4,80.0,80.0,80.7,80.0,81.0
2018-04,MUN,MA|PRESIDENTE DUTRA,glp,3,75.0,75.0,75.0,75.0,75.0
2018-04,MUN,MA|SANTA INES,glp,3,72.0,72.0,72.0,72.0,72.0
2018-04,MUN,MA|SAO JOSE DE RIBAMAR,glp,15,64.99,64.99,64.996,64.99,65.0
2018-04,MUN,MA|SAO LUIS,glp,54,64.99,64.99,65.0,64.99,65.9
2018-04,MUN,MA|SAO LUIS GONZAGA DO MARANHAO,glp,1,77.0,77.0,77.0,77.0,77.0
2018-04,MUN,MG|ALFENAS,glp,9,65.0,60.0,70.0,60.0,70.0
2018-04,MUN,MG|ARAGUARI,glp,9,70.0,65.0,70.0,65.0,70.0
2018-04,MUN,MG|ARAXA,glp,6,63.5,61.0,64.5,60.0,65.0
2018-04,MUN,MG|BARBACENA,glp,16,70.0,65.0,72.5,65.0,75.0
2018-04,MUN,MG|BELO HORIZONTE,glp,26,65.0,60.0,70.0,58.5,78.0
2018-04,MUN,MG|BETIM,glp,12,66.0,65.0,74.5,65.0,75.0
2018-04,MUN,MG|BOM DESPACHO,glp,5,75.0,70.0,76.9,70.0,76.9
2018-04,MUN,MG|CAMPO BELO,glp,5,70.0,65.6,70.0,65.0,70.0
2018-04,MUN,MG|CARATINGA,glp,4,74.5,69.8,75.0,68.0,75.0
2018-04,MUN,MG|CONGONHAS,glp,7,71.0,68.8,71.0,67.0,71.0
2018-04,MUN,MG|CONSELHEIRO LAFAIETE,glp,8,60.0,55.0,60.6,55.0,62.0
2018-04,MUN,MG|CONTAGEM,glp,14,70.0,65.0,77.1,64.9,78.0
2018-04,MUN,MG|CORONEL FABRICIANO,glp,6,70.0,70.0,73.5,70.0,75.0
2018-04,MUN,MG|CURVELO,glp,6,63.5,59.0,67.5,58.0,70.0
2018-04,MUN,MG|DIVINOPOLIS,glp,17,65.0,60.0,70.0,59.99,72.0
2018-04,MUN,MG|FORMIGA,glp,7,70.0,70.0,76.6,70.0,79.0
2018-04,MUN,MG|FRUTAL,glp,6,60.0,59.45,68.5,58.9,69.0
2018-04,MUN,MG|GOVERNADOR VALADARES,glp,10,72.0,69.6,75.0,66.0,75.0
2018-04,MUN,MG|GUAXUPE,glp,6,62.5,60.0,65.0,60.0,65.0
2018-04,MUN,MG|IPATINGA,glp,16,70.0,65.0,75.0,60.0,75.0
2018-04,MUN,MG|ITABIRA,glp,7,70.0,69.0,75.4,69.0,76.0
2018-04,MUN,MG|ITAJUBA,glp,8,63.0,58.7,63.6,58.0,65.0
2018-04,MUN,MG|ITAUNA,glp,11,70.0,64.0,70.0,63.0,70.0
2018-04,MUN,MG|ITUIUTABA,glp,15,70.0,65.0,75.0,65.0,76.0
2018-04,MUN,MG|JANAUBA,glp,4,73.5,70.6,76.4,70.0,77.0
2018-04,MUN,MG|JANUARIA,glp,11,89.0,86.0,91.0,85.0,92.0
2018-04,MUN,MG|JOAO MONLEVADE,glp,9,65.0,60.0,66.8,60.0,70.0
2018-04,MUN,MG|JOAO PINHEIRO,glp,16,65.0,62.0,69.5,60.0,70.0
2018-04,MUN,MG|JUIZ DE FORA,glp,22,70.0,65.0,79.99,65.0,80.0
2018-04,MUN,MG|LAVRAS,glp,9,65.0,64.6,66.0,63.0,70.0
2018-04,MUN,MG|LEOPOLDINA,glp,8,76.5,73.2,78.0,69.0,78.0
2018-04,MUN,MG|MANHUACU,glp,7,68.0,62.94,75.0,60.0,75.0
2018-04,MUN,MG|MONTE CARMELO,glp,11,62.5,60.0,65.0,60.0,65.0
2018-04,MUN,MG|MONTES CLAROS,glp,34,73.0,72.0,74.0,72.0,75.0
2018-04,MUN,MG|MURIAE,glp,6,72.5,70.0,75.0,70.0,75.0
2018-04,MUN,MG|NOVA LIMA,glp,8,66.0,63.5,70.0,60.0,70.0
2018-04,MUN,MG|OLIVEIRA,glp,4,69.95,66.47,73.5,65.0,75.0
2018-04,MUN,MG|OURO PRETO,glp,6,73.5,70.0,75.0,70.0,75.0
2018-04,MUN,MG|PARA DE MINAS,glp,4,76.0,71.5,81.2,70.0,83.0
2018-04,MUN,MG|PARACATU,glp,9,67.5,64.0,70.0,60.0,70.0
2018-04,MUN,MG|PASSOS,glp,18,70.0,65.0,70.0,65.0,72.0
2018-04,MUN,MG|PATOS DE MINAS,glp,7,70.0,66.8,72.7,65.0,73.0
2018-04,MUN,MG|PATROCINIO,glp,7,65.0,60.0,70.0,60.0,70.0
2018-04,MUN,MG|POCOS DE CALDAS,glp,16,60.0,59.925,65.0,59.8,68.0
2018-04,MUN,MG|POUSO ALEGRE,glp,7,68.0,61.2,70.0,60.0,70.0
2018-04,MUN,MG|SABARA,glp,8,67.0,60.0,71.5,60.0,75.0
2018-04,MUN,MG|SAO JOAO DEL REI,glp,15,65.0,60.0,70.0,60.0,72.0
2018-04,MUN,MG|SAO SEBASTIAO DO PARAISO,glp,17,65.0,64.6,70.0,60.0,70.0
2018-04,MUN,MG|SETE LAGOAS,glp,15,65.0,62.4,70.0,60.0,75.0
2018-04,MUN,MG|TEOFILO OTONI,glp,14,65.0,65.0,68.0,55.0,69.0
2018-04,MUN,MG|TIMOTEO,glp,6,70.0,69.5,75.0,69.0,75.0
2018-04,MUN,MG|TRES CORACOES,glp,9,68.0,64.8,72.2,64.0,73.0
2018-04,MUN,MG|UBA,glp,12,75.0,75.0,79.999,72.5,80.0
2018-04,MUN,MG|UBERABA,glp,21,65.0,65.0,70.0,60.0,75.0
2018-04,MUN,MG|UBERLANDIA,glp,25,70.0,67.7,75.0,65.0,75.0
2018-04,MUN,MG|UNAI,glp,5,82.0,80.0,84.0,80.0,85.0
2018-04,MUN,MG|VARGINHA,glp,13,63.0,60.0,65.0,60.0,68.0
2018-04,MUN,MG|VICOSA,glp,3,68.0,65.6,69.6,65.0,70.0
2018-04,MUN,MS|BATAYPORA,glp,1,85.0,85.0,85.0,85.0,85.0
2018-04,MUN,MS|CAMPO GRANDE,glp,166,76.0,70.0,78.0,69.0,80.0
2018-04,MUN,MS|CORUMBA,glp,6,90.0,90.0,90.0,90.0,90.0
2018-04,MUN,MS|COXIM,glp,8,82.0,81.4,82.9,80.0,85.0
2018-04,MUN,MS|DOURADOS,glp,31,70.0,65.0,77.0,65.0,80.0
2018-04,MUN,MS|NOVA ANDRADINA,glp,12,80.0,75.0,84.5,70.0,85.0
2018-04,MUN,MS|PONTA PORA,glp,3,65.0,62.6,73.0,62.0,75.0
2018-04,MUN,MS|TRES LAGOAS,glp,7,60.0,59.2,68.6,58.0,74.0
2018-04,MUN,MT|ALTA FLORESTA,glp,7,110.0,103.0,110.0,100.0,110.0
2018-04,MUN,MT|CACERES,glp,9,80.0,70.0,85.4,70.0,87.0
2018-04,MUN,MT|CUIABA,glp,164,90.0,90.0,96.4,85.0,109.0
2018-04,MUN,MT|LUCAS DO RIO VERDE,glp,1,98.0,98.0,98.0,98.0,98.0
2018-04,MUN,MT|RONDONOPOLIS,glp,13,99.0,91.8,100.0,90.0,105.0
2018-04,MUN,MT|SINOP,glp,14,100.0,95.0,100.0,95.0,105.0
2018-04,MUN,MT|SORRISO,glp,7,95.0,90.0,96.6,90.0,99.0
2018-04,MUN,MT|VARZEA GRANDE,glp,38,95.0,90.0,100.0,90.0,100.0
2018-04,MUN,PA|ABAETETUBA,glp,7,68.0,64.0,71.95,64.0,73.0
2018-04,MUN,PA|ALENQUER,glp,3,80.0,72.0,82.4,70.0,83.0
2018-04,MUN,PA|ALTAMIRA,glp,10,84.0,80.0,90.8,80.0,98.0
2018-04,MUN,PA|ANANINDEUA,glp,27,66.0,61.2,70.0,60.0,80.0
2018-04,MUN,PA|BELEM,glp,56,65.0,60.0,69.0,60.0,75.0
2018-04,MUN,PA|BRAGANCA,glp,7,80.0,79.6,85.0,79.0,85.0
2018-04,MUN,PA|CAMETA,glp,5,70.0,70.0,73.0,70.0,75.0
2018-04,MUN,PA|CASTANHAL,glp,6,66.5,64.0,69.0,63.0,70.0
2018-04,MUN,PA|CONCEICAO DO ARAGUAIA,glp,5,80.0,80.0,80.0,80.0,80.0
2018-04,MUN,PA|ITAITUBA,glp,6,82.5,80.0,88.0,80.0,88.0
2018-04,MUN,PA|MARABA,glp,8,78.75,76.75,80.0,75.0,80.0
2018-04,MUN,PA|PARAGOMINAS,glp,3,86.0,85.2,88.4,85.0,89.0
2018-04,MUN,PA|PARAUAPEBAS,glp,4,87.5,85.0,90.0,85.0,90.0
2018-04,MUN,PA|REDENCAO,glp,7,95.0,88.0,95.0,85.0,95.0
2018-04,MUN,PA|SANTAREM,glp,22,70.0,68.0,70.0,65.0,72.0
2018-04,MUN,PA|XINGUARA,glp,6,90.0,88.0,91.5,88.0,93.0
2018-04,MUN,PB|BAYEUX,glp,6,65.0,64.5,65.0,64.0,65.0
2018-04,MUN,PB|CABEDELO,glp,7,60.0,60.0,62.8,60.0,67.0
2018-04,MUN,PB|CAMPINA GRANDE,glp,21,65.0,60.0,70.0,60.0,75.0
2018-04,MUN,PB|ITABAIANA,glp,1,65.0,65.0,65.0,65.0,65.0
2018-04,MUN,PB|JOAO PESSOA,glp,34,65.0,60.0,65.0,56.99,70.0
2018-04,MUN,PB|PATOS,glp,6,64.0,60.0,66.0,60.0,67.0
2018-04,MUN,PB|SOUSA,glp,3,65.0,61.0,65.0,60.0,65.0
2018-04,MUN,PE|ARARIPINA,glp,4,72.5,70.0,75.0,70.0,75.0
2018-04,MUN,PE|ARCOVERDE,glp,7,75.0,70.0,75.0,70.0,75.0
2018-04,MUN,PE|BELO JARDIM,glp,3,60.0,60.0,60.0,60.0,60.0
2018-04,MUN,PE|CABO DE SANTO AGOSTINHO,glp,11,60.0,55.0,65.0,55.0,65.0
2018-04,MUN,PE|CACHOEIRINHA,glp,1,55.0,55.0,55.0,55.0,55.0
2018-04,MUN,PE|CARUARU,glp,10,62.5,60.0,65.0,60.0,65.0
2018-04,MUN,PE|GARANHUNS,glp,7,60.0,60.0,67.0,60.0,70.0
2018-04,MUN,PE|GOIANA,glp,4,60.0,56.5,61.75,55.0,62.5
2018-04,MUN,PE|IGARASSU,glp,17,60.0,60.0,65.0,60.0,65.0
2018-04,MUN,PE|JABOATAO DOS GUARARAPES,glp,22,60.0,55.5,65.0,55.0,65.0
2018-04,MUN,PE|LAJEDO,glp,3,55.0,55.0,55.0,55.0,55.0
2018-04,MUN,PE|OLINDA,glp,29,60.0,55.0,61.0,55.0,65.0
2018-04,MUN,PE|PAULISTA,glp,10,65.0,60.0,65.0,60.0,65.0
2018-04,MUN,PE|PETROLINA,glp,19,58.0,55.0,60.4,53.0,65.0
2018-04,MUN,PE|RECIFE,glp,32,60.0,55.5,65.0,55.0,65.0
2018-04,MUN,PE|SALGUEIRO,glp,4,70.0,70.0,70.7,70.0,71.0
2018-04,MUN,PE|SANTA CRUZ DO CAPIBARIBE,glp,5,60.0,57.0,61.8,55.0,63.0
2018-04,MUN,PE|SERRA TALHADA,glp,4,72.5,70.6,74.4,70.0,75.0
2018-04,MUN,PE|VITORIA DE SANTO ANTAO,glp,10,60.0,55.0,62.3,55.0,65.0
2018-04,MUN,PI|PARNAIBA,glp,3,80.0,78.4,81.6,78.0,82.0
2018-04,MUN,PI|PICOS,glp,2,67.5,65.5,69.5,65.0,70.0
2018-04,MUN,PI|PIRIPIRI,glp,5,75.0,75.0,76.5,75.0,77.5
2018-04,MUN,PI|TERESINA,glp,41,65.0,60.0,65.0,59.99,65.0
2018-04,MUN,PR|APUCARANA,glp,15,65.0,60.0,70.0,56.99,70.0
2018-04,MUN,PR|ARAPONGAS,glp,18,65.0,64.9,65.0,64.0,65.0
2018-04,MUN,PR|ARAUCARIA,glp,16,65.0,60.0,65.0,60.0,70.0
2018-04,MUN,PR|ASSIS CHATEAUBRIAND,glp,5,86.5,79.0,87.6,75.0,88.0
2018-04,MUN,PR|CAMBE,glp,17,70.0,68.0,73.8,65.0,75.0
2018-04,MUN,PR|CAMPO LARGO,glp,15,63.0,58.0,65.0,58.0,75.0
2018-04,MUN,PR|CAMPO MOURAO,glp,9,68.0,64.98,75.6,64.9,78.0
2018-04,MUN,PR|CASCAVEL,glp,22,74.0,70.0,80.0,70.0,80.0
2018-04,MUN,PR|CASTRO,glp,6,72.5,70.0,79.0,70.0,80.0
2018-04,MUN,PR|CIANORTE,glp,19,70.0,67.4,70.0,65.0,70.0
2018-04,MUN,PR|COLOMBO,glp,20,70.0,67.85,70.0,65.0,70.0
2018-04,MUN,PR|CORNELIO PROCOPIO,glp,5,75.0,75.0,76.8,75.0,78.0
2018-04,MUN,PR|CURITIBA,glp,52,65.0,62.05,68.0,58.0,75.0
2018-04,MUN,PR|CURIUVA,glp,1,65.0,65.0,65.0,65.0,65.0
2018-04,MUN,PR|FOZ DO IGUACU,glp,18,75.0,75.0,78.6,70.0,85.0
2018-04,MUN,PR|FRANCISCO BELTRAO,glp,8,59.45,57.1,61.5,55.0,65.0
2018-04,MUN,PR|GUARAPUAVA,glp,14,64.9,60.435,67.8,59.9,85.0
2018-04,MUN,PR|JESUITAS,glp,1,75.0,75.0,75.0,75.0,75.0
2018-04,MUN,PR|LONDRINA,glp,59,65.0,65.0,70.0,60.0,75.0
2018-04,MUN,PR|MARECHAL CANDIDO RONDON,glp,3,75.0,72.6,76.6,72.0,77.0
2018-04,MUN,PR|MARINGA,glp,24,79.0,71.5,80.0,70.0,85.0
2018-04,MUN,PR|PARANAGUA,glp,9,55.0,55.0,57.6,55.0,60.0
2018-04,MUN,PR|PARANAVAI,glp,15,70.0,65.0,75.0,65.0,75.0
2018-04,MUN,PR|PATO BRAGADO,glp,1,82.0,82.0,82.0,82.0,82.0
2018-04,MUN,PR|PATO BRANCO,glp,9,75.0,72.8,75.2,72.0,76.0
2018-04,MUN,PR|PINHAIS,glp,16,68.5,64.0,71.0,60.0,75.0
2018-04,MUN,PR|PONTA GROSSA,glp,12,60.0,59.09,62.0,59.0,64.0
2018-04,MUN,PR|SANTO ANTONIO DA PLATINA,glp,13,65.0,60.0,68.92,60.0,72.0
2018-04,MUN,PR|SAO JOSE DOS PINHAIS,glp,13,69.0,64.92,70.0,62.0,75.0
2018-04,MUN,PR|SERTANOPOLIS,glp,1,70.0,70.0,70.0,70.0,70.0
2018-04,MUN,PR|TOLEDO,glp,24,80.0,75.0,82.85,75.0,85.0
2018-04,MUN,PR|UMUARAMA,glp,10,70.0,68.6,75.0,65.0,75.0
2018-04,MUN,PR|UNIAO DA VITORIA,glp,5,70.0,69.0,76.6,69.0,81.0
2018-04,MUN,RJ|ANGRA DOS REIS,glp,6,71.95,69.5,74.5,69.0,75.0
2018-04,MUN,RJ|ARARUAMA,glp,7,55.0,54.194,59.994,53.0,60.0
2018-04,MUN,RJ|BARRA DO PIRAI,glp,4,69.45,68.93,69.97,68.9,70.0
2018-04,MUN,RJ|BARRA MANSA,glp,11,65.0,62.0,67.0,60.0,70.0
2018-04,MUN,RJ|BELFORD ROXO,glp,8,60.0,55.0,61.5,55.0,65.0
2018-04,MUN,RJ|CABO FRIO,glp,7,60.0,58.5,66.394,57.0,70.0
2018-04,MUN,RJ|CAMPOS DOS GOYTACAZES,glp,26,62.0,57.5,70.0,53.0,70.0
2018-04,MUN,RJ|DUQUE DE CAXIAS,glp,33,60.0,55.0,64.6,55.0,70.0
2018-04,MUN,RJ|ITABORAI,glp,5,65.0,65.0,68.6,65.0,69.0
2018-04,MUN,RJ|ITAGUAI,glp,4,65.95,64.93,66.9,64.9,66.9
2018-04,MUN,RJ|ITAPERUNA,glp,5,62.0,58.8,65.0,58.0,65.0
2018-04,MUN,RJ|MACAE,glp,6,61.0,60.0,62.0,60.0,62.0
2018-04,MUN,RJ|MAGE,glp,3,51.0,51.0,66.2,51.0,70.0
2018-04,MUN,RJ|MARICA,glp,4,61.5,60.0,64.4,60.0,65.0
2018-04,MUN,RJ|NILOPOLIS,glp,5,60.0,60.0,63.0,60.0,65.0
2018-04,MUN,RJ|NITEROI,glp,12,60.0,56.2,64.7,52.0,68.0
2018-04,MUN,RJ|NOVA FRIBURGO,glp,6,64.0,61.5,65.0,60.0,65.0
2018-04,MUN,RJ|NOVA IGUACU,glp,20,65.0,64.5,65.0,55.0,65.0
2018-04,MUN,RJ|PETROPOLIS,glp,7,60.0,56.0,68.94,50.0,75.0
2018-04,MUN,RJ|RESENDE,glp,9,75.0,75.0,76.0,75.0,80.0
2018-04,MUN,RJ|RIO BONITO,glp,4,55.0,55.0,55.0,55.0,55.0
2018-04,MUN,RJ|RIO DE JANEIRO,glp,79,62.0,55.0,75.0,49.9,80.0
2018-04,MUN,RJ|SANTO ANTONIO DE PADUA,glp,3,53.5,50.7,53.5,50.0,53.5
2018-04,MUN,RJ|SAO FRANCISCO DE ITABAPOANA,glp,3,70.0,66.0,70.0,65.0,70.0
2018-04,MUN,RJ|SAO GONCALO,glp,16,60.0,55.0,63.0,53.5,65.0
2018-04,MUN,RJ|SAO JOAO DE MERITI,glp,12,60.0,60.0,62.45,55.0,65.0
2018-04,MUN,RJ|SAPUCAIA,glp,3,62.0,56.4,70.8,55.0,73.0
2018-04,MUN,RJ|SAQUAREMA,glp,4,53.995,50.9,58.497,50.0,60.0
2018-04,MUN,RJ|TERESOPOLIS,glp,6,69.0,64.0,72.5,63.0,73.0
2018-04,MUN,RJ|TRES RIOS,glp,3,55.0,55.0,59.0,55.0,60.0
2018-04,MUN,RJ|VALENCA,glp,4,67.5,67.0,72.2,67.0,74.0
2018-04,MUN,RJ|VOLTA REDONDA,glp,8,66.25,64.093,69.0,62.0,69.0
2018-04,MUN,RN|CAICO,glp,9,63.5,60.0,65.0,60.0,65.0
2018-04,MUN,RN|MOSSORO,glp,10,62.5,60.0,65.5,60.0,70.0
2018-04,MUN,RN|NATAL,glp,59,65.0,60.0,70.0,60.0,75.0
2018-04,MUN,RN|PARNAMIRIM,glp,23,61.5,60.0,65.0,55.0,70.0
2018-04,MUN,RO|ARIQUEMES,glp,6,80.0,78.5,81.5,77.0,83.0
2018-04,MUN,RO|CACOAL,glp,5,87.0,86.4,87.6,86.0,88.0
2018-04,MUN,RO|JI-PARANA,glp,8,75.0,73.0,80.0,73.0,80.0
2018-04,MUN,RO|PIMENTA BUENO,glp,5,91.0,91.0,91.0,91.0,91.0
2018-04,MUN,RO|PORTO VELHO,glp,39,72.0,68.8,74.2,65.0,75.0
2018-04,MUN,RO|VILHENA,glp,10,82.5,80.0,86.2,80.0,88.0
2018-04,MUN,RR|BOA VISTA,glp,34,80.0,80.0,82.0,78.0,82.0
2018-04,MUN,RS|ALEGRETE,glp,8,74.5,66.95,81.5,64.5,85.0
2018-04,MUN,RS|ALVORADA,glp,7,60.0,58.0,61.2,55.0,63.0
2018-04,MUN,RS|BAGE,glp,25,70.0,67.0,75.0,65.0,76.0
2018-04,MUN,RS|BENTO GONCALVES,glp,3,68.0,64.0,68.0,63.0,68.0
2018-04,MUN,RS|CACHOEIRA DO SUL,glp,8,55.0,54.985,60.0,54.95,60.0
2018-04,MUN,RS|CACHOEIRINHA,glp,6,66.0,63.0,69.5,62.0,70.0
2018-04,MUN,RS|CANOAS,glp,22,64.25,59.1,70.0,57.0,72.0
2018-04,MUN,RS|CAXIAS DO SUL,glp,42,69.0,60.0,75.0,58.9,82.0
2018-04,MUN,RS|CRUZ ALTA,glp,3,59.0,58.2,59.8,58.0,60.0
2018-04,MUN,RS|ERECHIM,glp,9,80.0,72.5,83.4,72.5,85.0
2018-04,MUN,RS|ESTEIO,glp,14,65.0,64.93,68.7,58.5,70.0
2018-04,MUN,RS|GRAMADO,glp,4,79.0,68.9,81.4,65.0,82.0
2018-04,MUN,RS|GRAVATAI,glp,8,65.0,62.0,65.6,62.0,67.0
2018-04,MUN,RS|GUAIBA,glp,7,68.0,65.0,70.0,65.0,70.0
2018-04,MUN,RS|IJUI,glp,8,70.0,69.7,75.0,69.0,75.0
2018-04,MUN,RS|LAJEADO,glp,10,72.5,68.0,75.0,68.0,75.0
2018-04,MUN,RS|NOVO HAMBURGO,glp,19,60.0,60.0,65.0,55.0,65.0
2018-04,MUN,RS|OSORIO,glp,5,65.0,65.0,70.96,65.0,73.0
2018-04,MUN,RS|PASSO FUNDO,glp,22,65.5,65.0,71.8,62.0,75.0
2018-04,MUN,RS|PELOTAS,glp,18,68.0,59.4,70.0,55.0,70.0
2018-04,MUN,RS|PORTO ALEGRE,glp,21,70.0,64.9,75.0,59.9,77.5
2018-04,MUN,RS|RIO GRANDE,glp,11,65.0,62.0,65.0,60.0,70.0
2018-04,MUN,RS|SANTA CRUZ DO SUL,glp,18,70.0,68.35,75.6,65.0,79.0
2018-04,MUN,RS|SANTA MARIA,glp,82,72.5,69.0,77.9,65.0,85.0
2018-04,MUN,RS|SANTA ROSA,glp,7,78.0,73.0,85.4,70.0,86.0
2018-04,MUN,RS|SANTANA DO LIVRAMENTO,glp,13,60.0,55.0,60.0,55.0,60.0
2018-04,MUN,RS|SANTO ANGELO,glp,5,72.0,70.4,74.2,70.0,75.0
2018-04,MUN,RS|SAO GABRIEL,glp,11,70.0,68.0,78.0,66.9,78.0
2018-04,MUN,RS|SAO LEOPOLDO,glp,10,63.0,59.6,65.2,56.0,67.0
2018-04,MUN,RS|SAO LUIZ GONZAGA,glp,5,70.0,68.4,73.0,68.0,75.0
2018-04,MUN,RS|SAPIRANGA,glp,5,68.0,62.4,78.0,60.0,78.0
2018-04,MUN,RS|SAPUCAIA DO SUL,glp,19,65.0,59.8,70.38,57.0,72.0
2018-04,MUN,RS|TORRES,glp,5,80.0,73.2,83.0,72.0,85.0
2018-04,MUN,RS|URUGUAIANA,glp,13,78.0,70.4,80.0,70.0,80.0
2018-04,MUN,RS|VACARIA,glp,5,75.0,65.8,77.4,65.0,79.0
2018-04,MUN,RS|VIAMAO,glp,19,65.0,62.0,69.18,62.0,70.0
2018-04,MUN,SC|ARARANGUA,glp,6,63.5,60.0,69.0,60.0,70.0
2018-04,MUN,SC|BALNEARIO CAMBORIU,glp,7,75.0,70.0,77.0,70.0,80.0
2018-04,MUN,SC|BIGUACU,glp,3,65.0,61.0,67.4,60.0,68.0
2018-04,MUN,SC|BLUMENAU,glp,8,75.0,70.0,78.0,70.0,85.0
2018-04,MUN,SC|BRUSQUE,glp,6,65.0,65.0,66.0,65.0,67.0
2018-04,MUN,SC|CACADOR,glp,3,70.0,66.0,74.0,65.0,75.0
2018-04,MUN,SC|CHAPECO,glp,5,77.0,75.8,80.0,75.0,80.0
2018-04,MUN,SC|CONCORDIA,glp,5,65.0,65.0,68.6,65.0,69.0
2018-04,MUN,SC|CRICIUMA,glp,10,70.0,69.3,73.0,63.0,73.0
2018-04,MUN,SC|FLORIANOPOLIS,glp,16,70.0,65.0,78.5,65.0,80.0
2018-04,MUN,SC|ITAJAI,glp,7,68.0,61.6,72.0,61.0,75.0
2018-04,MUN,SC|JARAGUA DO SUL,glp,6,64.95,57.95,69.95,52.0,72.0
2018-04,MUN,SC|JOINVILLE,glp,5,70.0,67.8,77.4,67.0,79.0
2018-04,MUN,SC|LAGES,glp,10,65.0,60.0,70.0,60.0,70.0
2018-04,MUN,SC|LAGUNA,glp,4,67.5,65.0,70.0,65.0,70.0
2018-04,MUN,SC|MAFRA,glp,5,69.9,69.36,75.0,69.0,75.0
2018-04,MUN,SC|PALHOCA,glp,3,65.0,65.0,65.0,65.0,65.0
2018-04,MUN,SC|SAO JOSE,glp,2,65.0,65.0,65.0,65.0,65.0
2018-04,MUN,SC|TUBARAO,glp,5,65.0,64.4,68.0,64.0,70.0
2018-04,MUN,SC|VIDEIRA,glp,5,75.0,72.0,76.2,70.0,77.0
2018-04,MUN,SC|XANXERE,glp,4,79.0,75.9,80.0,75.0,80.0
2018-04,MUN,SE|ARACAJU,glp,12,80.0,75.0,82.7,72.0,85.0
2018-04,MUN,SE|ITABAIANA,glp,4,70.0,68.6,71.75,68.0,72.5
2018-04,MUN,SE|LAGARTO,glp,5,70.0,70.0,73.0,70.0,75.0
2018-04,MUN,SE|NOSSA SENHORA DO SOCORRO,glp,7,70.0,70.0,75.2,70.0,80.0
2018-04,MUN,SP|ADAMANTINA,glp,4,65.0,64.3,65.0,64.0,65.0
2018-04,MUN,SP|AMERICANA,glp,16,60.0,60.0,65.0,55.0,65.0
2018-04,MUN,SP|AMPARO,glp,6,71.5,65.0,75.0,60.0,75.0
2018-04,MUN,SP|ARACATUBA,glp,35,60.0,58.9,65.0,55.0,65.0
2018-04,MUN,SP|ARARAQUARA,glp,12,73.0,70.0,76.0,70.0,76.0
2018-04,MUN,SP|ARARAS,glp,14,64.0,63.83,76.25,63.0,85.0
2018-04,MUN,SP|ASSIS,glp,7,68.0,64.2,68.0,63.0,68.0
2018-04,MUN,SP|ATIBAIA,glp,11,65.0,60.0,70.0,60.0,75.0
2018-04,MUN,SP|AVARE,glp,11,60.0,57.0,65.0,55.0,65.0
2018-04,MUN,SP|BARRETOS,glp,8,63.5,58.0,65.0,58.0,65.0
2018-04,MUN,SP|BARUERI,glp,12,63.5,60.0,67.9,60.0,70.0
2018-04,MUN,SP|BAURU,glp,35,65.0,60.0,70.0,58.0,75.0
2018-04,MUN,SP|BEBEDOURO,glp,11,65.0,60.0,70.0,58.0,70.0
2018-04,MUN,SP|BIRIGUI,glp,20,65.0,60.0,70.0,60.0,70.0
2018-04,MUN,SP|BOTUCATU,glp,16,58.5,58.0,60.0,57.0,60.0
2018-04,MUN,SP|BRAGANCA PAULISTA,glp,8,60.0,59.999,65.0,59.995,65.0
2018-04,MUN,SP|CACAPAVA,glp,6,62.5,57.5,69.0,55.0,70.0
2018-04,MUN,SP|CAMPINAS,glp,33,65.0,60.0,69.99,58.0,71.5
2018-04,MUN,SP|CARAGUATATUBA,glp,5,60.0,60.0,63.0,60.0,65.0
2018-04,MUN,SP|CARAPICUIBA,glp,12,65.0,63.2,65.0,59.995,67.0
2018-04,MUN,SP|CATANDUVA,glp,13,65.0,60.5,70.0,59.95,70.0
2018-04,MUN,SP|COSMOPOLIS,glp,5,61.0,58.0,62.6,58.0,63.0
2018-04,MUN,SP|COTIA,glp,9,68.0,59.8,70.0,59.0,70.0
2018-04,MUN,SP|CRUZEIRO,glp,11,53.0,51.9,55.0,50.0,60.0
2018-04,MUN,SP|CUBATAO,glp,9,69.0,65.0,80.0,65.0,80.0
2018-04,MUN,SP|DIADEMA,glp,26,72.5,65.25,75.0,61.49,75.0
2018-04,MUN,SP|DRACENA,glp,4,68.9,65.9,71.34,65.0,72.0
2018-04,MUN,SP|EMBU DAS ARTES,glp,6,65.0,61.5,70.0,60.0,75.0
2018-04,MUN,SP|FRANCA,glp,22,58.99,57.1,65.0,55.0,70.0
2018-04,MUN,SP|GARCA,glp,8,67.5,64.25,70.0,62.5,70.0
2018-04,MUN,SP|GUARATINGUETA,glp,19,60.0,56.6,66.0,53.0,72.0
2018-04,MUN,SP|GUARUJA,glp,14,70.0,64.27,75.0,59.99,75.0
2018-04,MUN,SP|GUARULHOS,glp,39,65.0,58.4,70.0,51.0,75.0
2018-04,MUN,SP|HORTOLANDIA,glp,9,65.0,60.0,67.2,60.0,68.0
2018-04,MUN,SP|IBITINGA,glp,10,70.0,66.5,72.05,66.5,72.5
2018-04,MUN,SP|INDAIATUBA,glp,19,65.0,64.6,70.0,60.0,70.0
2018-04,MUN,SP|ITANHAEM,glp,6,70.0,60.0,72.5,60.0,75.0
2018-04,MUN,SP|ITAPECERICA DA SERRA,glp,11,65.0,65.0,70.0,65.0,78.0
2018-04,MUN,SP|ITAPETININGA,glp,12,68.0,65.0,70.0,57.0,70.0
2018-04,MUN,SP|ITAPEVA,glp,6,65.0,63.75,69.0,62.5,73.0
2018-04,MUN,SP|ITAPIRA,glp,6,58.0,58.0,63.5,58.0,65.0
2018-04,MUN,SP|ITAPOLIS,glp,15,72.0,68.8,75.0,68.0,76.5
2018-04,MUN,SP|ITAQUAQUECETUBA,glp,17,60.0,55.0,65.0,54.99,65.0
2018-04,MUN,SP|ITATIBA,glp,7,67.0,65.0,67.0,65.0,67.0
2018-04,MUN,SP|ITU,glp,7,59.0,54.996,64.4,54.99,65.0
2018-04,MUN,SP|JABOTICABAL,glp,7,60.0,57.697,60.8,55.0,62.0
2018-04,MUN,SP|JACAREI,glp,19,59.0,50.0,63.4,50.0,65.0
2018-04,MUN,SP|JALES,glp,9,65.0,60.0,70.0,60.0,70.0
2018-04,MUN,SP|JAU,glp,12,65.0,65.0,65.0,65.0,78.7
2018-04,MUN,SP|JOSE BONIFACIO,glp,7,62.5,60.0,65.0,60.0,68.0
2018-04,MUN,SP|JUNDIAI,glp,10,69.5,57.7,75.0,55.0,75.0
2018-04,MUN,SP|LEME,glp,9,60.0,58.0,60.0,58.0,60.0
2018-04,MUN,SP|LIMEIRA,glp,16,62.5,55.0,65.0,55.0,65.0
2018-04,MUN,SP|LINS,glp,11,60.0,58.0,65.0,58.0,65.0
2018-04,MUN,SP|LORENA,glp,16,60.0,55.0,63.5,55.0,70.0
2018-04,MUN,SP|MARILIA,glp,8,74.0,71.4,75.0,70.0,75.0
2018-04,MUN,SP|MATAO,glp,8,70.0,67.7,71.5,67.0,75.0
2018-04,MUN,SP|MAUA,glp,24,60.0,55.75,65.0,54.99,67.0
2018-04,MUN,SP|MIRASSOL,glp,15,60.0,57.7,60.9,55.0,68.0
2018-04,MUN,SP|MOCOCA,glp,10,69.0,65.0,75.0,65.0,75.0
2018-04,MUN,SP|MOGI DAS CRUZES,glp,33,60.0,57.992,67.4,54.99,77.0
2018-04,MUN,SP|MOGI GUACU,glp,13,55.0,50.0,59.6,50.0,60.0
2018-04,MUN,SP|MOGI MIRIM,glp,10,52.0,48.0,55.0,48.0,55.0
2018-04,MUN,SP|MONTE ALTO,glp,10,66.0,60.0,70.0,60.0,70.0
2018-04,MUN,SP|OLIMPIA,glp,9,57.0,57.0,57.6,57.0,60.0
2018-04,MUN,SP|OSASCO,glp,21,68.0,65.0,72.0,60.0,78.495
2018-04,MUN,SP|OURINHOS,glp,13,65.0,55.6,69.2,55.0,70.0
2018-04,MUN,SP|PARAGUACU PAULISTA,glp,14,70.0,70.0,70.0,70.0,70.0
2018-04,MUN,SP|PAULINIA,glp,17,63.0,59.996,67.4,55.0,69.0
2018-04,MUN,SP|PINDAMONHANGABA,glp,7,55.0,54.6,60.8,54.0,62.0
2018-04,MUN,SP|PIRACICABA,glp,18,67.5,65.0,70.0,65.0,70.0
2018-04,MUN,SP|PIRASSUNUNGA,glp,2,59.0,58.2,59.8,58.0,60.0
2018-04,MUN,SP|POA,glp,12,56.5,54.544,60.45,54.0,62.0
2018-04,MUN,SP|PORTO FERREIRA,glp,3,57.0,55.4,59.4,55.0,60.0
2018-04,MUN,SP|PRAIA GRANDE,glp,17,67.0,62.6,70.0,59.99,70.0
2018-04,MUN,SP|PRESIDENTE PRUDENTE,glp,32,61.25,59.045,68.0,53.0,72.4
2018-04,MUN,SP|PRESIDENTE VENCESLAU,glp,7,63.0,60.0,65.0,60.0,65.0
2018-04,MUN,SP|RIBEIRAO PIRES,glp,10,60.0,59.999,65.0,59.99,65.0
2018-04,MUN,SP|RIBEIRAO PRETO,glp,58,72.0,65.0,85.0,63.0,88.0
2018-04,MUN,SP|RIO CLARO,glp,7,60.0,56.8,60.8,55.0,62.0
2018-04,MUN,SP|SALTO,glp,16,60.0,58.9,63.0,55.0,65.0
2018-04,MUN,SP|SANTA BARBARA D'OESTE,glp,15,60.0,60.0,65.0,55.0,65.0
2018-04,MUN,SP|SANTA CRUZ DO RIO PARDO,glp,15,70.0,70.0,75.0,60.0,78.0
2018-04,MUN,SP|SANTO ANDRE,glp,42,65.0,60.0,69.99,59.99,75.0
2018-04,MUN,SP|SANTOS,glp,23,69.9,65.0,78.6,62.0,89.9
2018-04,MUN,SP|SAO BERNARDO DO CAMPO,glp,27,65.0,59.998,72.0,59.945,84.9
2018-04,MUN,SP|SAO CAETANO DO SUL,glp,4,75.0,69.993,80.0,69.99,80.0
2018-04,MUN,SP|SAO CARLOS,glp,16,70.0,67.95,81.0,66.9,85.0
2018-04,MUN,SP|SAO JOAO DA BOA VISTA,glp,8,65.5,64.4,68.0,63.0,68.0
2018-04,MUN,SP|SAO JOSE DO RIO PRETO,glp,40,65.0,59.8,73.0,55.0,80.0
2018-04,MUN,SP|SAO JOSE DOS CAMPOS,glp,20,65.0,50.0,70.5,50.0,85.0
2018-04,MUN,SP|SAO PAULO,glp,108,67.0,59.693,78.0,55.0,88.0
2018-04,MUN,SP|SAO ROQUE,glp,8,70.0,67.7,71.45,67.0,72.5
2018-04,MUN,SP|SAO VICENTE,glp,28,63.65,59.963,70.0,58.9,75.0
2018-04,MUN,SP|SERTAOZINHO,glp,15,65.0,60.0,65.0,55.0,68.0
2018-04,MUN,SP|SOROCABA,glp,33,63.0,60.0,68.0,55.0,70.0
2018-04,MUN,SP|SUMARE,glp,8,65.0,65.0,69.297,65.0,69.99
2018-04,MUN,SP|SUZANO,glp,13,60.0,56.798,67.4,55.0,70.0
2018-04,MUN,SP|TABOAO DA SERRA,glp,10,62.5,59.491,65.5,55.0,70.0
2018-04,MUN,SP|TATUI,glp,8,66.0,64.4,68.6,63.0,70.0
2018-04,MUN,SP|TAUBATE,glp,8,56.0,54.7,60.9,54.0,63.0
2018-04,MUN,SP|TUPA,glp,6,65.0,62.5,66.0,60.0,67.0
2018-04,MUN,SP|UBATUBA,glp,14,65.0,51.5,70.0,49.9,75.0
2018-04,MUN,SP|VALINHOS,glp,9,68.5,67.2,69.92,66.0,70.0
2018-04,MUN,SP|VARZEA PAULISTA,glp,7,55.0,55.0,60.0,55.0,60.0
2018-04,MUN,SP|VINHEDO,glp,4,68.25,68.0,68.78,68.0,68.9
2018-04,MUN,SP|VOTORANTIM,glp,17,60.0,58.0,65.2,58.0,76.0
2018-04,MUN,SP|VOTUPORANGA,glp,5,60.0,60.0,62.6,60.0,63.0
2018-04,MUN,TO|ARAGUAINA,glp,15,85.0,80.0,90.0,65.0,95.0
2018-04,MUN,TO|GURUPI,glp,35,80.0,80.0,85.0,80.0,90.0
2018-04,MUN,TO|PALMAS,glp,28,85.0,80.0,90.0,80.0,91.95
2018-04,MUN,TO|PARAISO DO TOCANTINS,glp,7,90.0,89.6,95.0,89.0,95.0
2018-04,MUN,TO|PORTO NACIONAL,glp,11,90.0,85.0,90.0,85.0,90.0
2018-04,UF,AC,glp,50,78.0,75.0,80.0,72.0,85.0
2018-04,UF,AL,glp,57,65.0,60.0,65.0,55.0,75.0
2018-04,UF,AM,glp,145,70.0,66.0,78.0,63.0,85.0
2018-04,UF,AP,glp,17,73.0,65.0,76.5,62.0,77.0
2018-04,UF,BA,glp,245,55.0,50.0,68.0,45.0,76.0
2018-04,UF,CE,glp,232,70.0,60.0,75.95,57.0,79.0
2018-04,UF,DF,glp,42,68.0,60.5,75.0,57.5,85.0
2018-04,UF,ES,glp,260,62.0,60.0,68.0,50.0,75.0
2018-04,UF,GO,glp,310,72.0,69.0,78.0,67.0,82.0
2018-04,UF,MA,glp,143,65.0,64.99,80.0,55.0,90.0
2018-04,UF,MG,glp,622,70.0,60.0,75.0,55.0,92.0
2018-04,UF,MS,glp,234,75.0,70.0,80.0,58.0,90.0
2018-04,UF,MT,glp,253,95.0,90.0,100.0,70.0,110.0
2018-04,UF,PA,glp,182,70.0,60.0,87.8,60.0,98.0
2018-04,UF,PB,glp,78,65.0,60.0,67.0,56.99,75.0
2018-04,UF,PE,glp,202,60.0,55.0,65.0,53.0,75.0
2018-04,UF,PI,glp,51,65.0,60.0,75.0,59.99,82.0
2018-04,UF,PR,glp,475,69.0,60.0,78.0,55.0,88.0
2018-04,UF,RJ,glp,333,62.0,55.0,73.72,49.9,80.0
2018-04,UF,RN,glp,101,64.0,60.0,70.0,55.0,75.0
2018-04,UF,RO,glp,73,73.5,70.0,87.0,65.0,91.0
2018-04,UF,RR,glp,34,80.0,80.0,82.0,78.0,82.0
2018-04,UF,RS,glp,497,69.0,60.0,76.5,54.95,86.0
2018-04,UF,SC,glp,125,70.0,63.36,77.0,52.0,85.0
2018-04,UF,SE,glp,28,72.25,70.0,80.0,68.0,85.0
2018-04,UF,SP,glp,1613,65.0,58.0,72.0,48.0,89.9
2018-04,UF,TO,glp,96,85.0,80.0,90.0,65.0,95.0
2018-05,BR,BR,glp,6473,67.0,59.99,80.0,45.0,115.0
2018-05,MUN,AC|CRUZEIRO DO SUL,glp,8,80.0,78.0,82.9,78.0,85.0
2018-05,MUN,AC|RIO BRANCO,glp,51,78.5,75.0,80.0,72.0,81.0
2018-05,MUN,AL|ARAPIRACA,glp,6,60.0,60.0,65.0,60.0,65.0
2018-05,MUN,AL|DELMIRO GOUVEIA,glp,3,75.0,71.0,75.0,70.0,75.0
2018-05,MUN,AL|MACEIO,glp,41,65.0,64.0,65.0,64.0,70.0
2018-05,MUN,AL|PALMEIRA DOS INDIOS,glp,6,65.0,62.5,65.0,60.0,65.0
2018-05,MUN,AL|RIO LARGO,glp,7,60.0,55.0,63.2,55.0,65.0
2018-05,MUN,AM|ITACOATIARA,glp,12,85.0,78.0,85.0,78.0,87.0
2018-05,MUN,AM|MANACAPURU,glp,4,79.0,79.0,79.0,79.0,79.0
2018-05,MUN,AM|MANAUS,glp,144,70.0,66.0,72.0,63.0,80.0
2018-05,MUN,AM|PARINTINS,glp,4,75.0,70.8,75.0,69.0,75.0
2018-05,MUN,AM|TEFE,glp,3,76.0,75.2,76.0,75.0,76.0
2018-05,MUN,AP|MACAPA,glp,10,75.5,71.9,78.1,62.0,79.0
2018-05,MUN,AP|SANTANA,glp,6,69.5,66.25,72.225,65.0,74.45
2018-05,MUN,BA|ALAGOINHAS,glp,4,61.0,57.83,63.4,56.9,64.0
2018-05,MUN,BA|BARREIRAS,glp,7,70.0,70.0,75.0,70.0,75.0
2018-05,MUN,BA|BRUMADO,glp,4,50.0,50.0,52.1,50.0,53.0
2018-05,MUN,BA|CAETITE,glp,6,55.0,55.0,59.0,55.0,60.0
2018-05,MUN,BA|CAMACARI,glp,12,53.5,50.0,61.6,50.0,65.0
2018-05,MUN,BA|EUNAPOLIS,glp,9,67.0,65.0,68.0,65.0,68.0
2018-05,MUN,BA|FEIRA DE SANTANA,glp,10,56.45,54.5,60.65,50.0,66.5
2018-05,MUN,BA|GUANAMBI,glp,15,52.5,50.0,52.5,50.0,52.5
2018-05,MUN,BA|ILHEUS,glp,7,72.98,68.0,75.4,65.0,76.0
2018-05,MUN,BA|IPIRA,glp,3,60.0,58.4,64.0,58.0,65.0
2018-05,MUN,BA|IRECE,glp,10,53.0,50.0,55.2,50.0,57.0
2018-05,MUN,BA|ITABUNA,glp,7,65.0,60.0,67.0,60.0,70.0
2018-05,MUN,BA|ITAMARAJU,glp,4,62.5,60.0,65.0,60.0,65.0
2018-05,MUN,BA|JACOBINA,glp,5,50.0,50.0,56.8,50.0,58.0
2018-05,MUN,BA|JAGUAQUARA,glp,2,53.5,52.3,54.7,52.0,55.0
2018-05,MUN,BA|JEQUIE,glp,7,53.0,50.0,55.0,50.0,58.0
2018-05,MUN,BA|JUAZEIRO,glp,7,59.0,56.8,62.0,55.0,65.0
2018-05,MUN,BA|LAURO DE FREITAS,glp,20,52.5,50.0,65.0,50.0,68.0
2018-05,MUN,BA|LIVRAMENTO DE NOSSA SENHORA,glp,3,53.0,52.6,58.52,52.5,59.9
2018-05,MUN,BA|PAULO AFONSO,glp,5,75.0,71.2,75.0,70.0,75.0
2018-05,MUN,BA|POCOES,glp,7,60.0,58.0,63.2,58.0,65.0
2018-05,MUN,BA|PORTO SEGURO,glp,10,60.0,60.0,65.5,60.0,70.0
2018-05,MUN,BA|SALVADOR,glp,73,55.0,50.4,58.0,45.0,63.0
2018-05,MUN,BA|SANTANOPOLIS,glp,1,56.0,56.0,56.0,56.0,56.0
2018-05,MUN,BA|SANTO ANTONIO DE JESUS,glp,7,55.0,50.0,55.0,50.0,55.0
2018-05,MUN,BA|SENHOR DO BONFIM,glp,4,60.0,60.0,63.5,60.0,65.0
2018-05,MUN,BA|SERRINHA,glp,6,55.0,50.0,60.0,50.0,60.0
2018-05,MUN,BA|SIMOES FILHO,glp,8,55.0,51.4,56.5,50.0,60.0
2018-05,MUN,BA|TEIXEIRA DE FREITAS,glp,9,60.0,59.0,63.4,55.0,65.0
2018-05,MUN,BA|VALENCA,glp,7,70.0,70.0,71.2,70.0,73.0
2018-05,MUN,BA|VITORIA DA CONQUISTA,glp,6,60.0,56.0,67.5,55.0,70.0
2018-05,MUN,CE|CANINDE,glp,4,65.0,65.0,65.7,65.0,66.0
2018-05,MUN,CE|CAUCAIA,glp,19,66.0,65.0,70.0,62.5,70.0
2018-05,MUN,CE|CRATEUS,glp,4,65.0,64.3,65.0,64.0,65.0
2018-05,MUN,CE|CRATO,glp,17,64.0,60.0,65.0,55.0,65.0
2018-05,MUN,CE|FORTALEZA,glp,88,75.0,70.0,78.0,66.5,80.0
2018-05,MUN,CE|ICO,glp,5,70.0,66.2,70.0,65.0,70.0
2018-05,MUN,CE|IGUATU,glp,4,65.0,62.9,65.7,62.0,66.0
2018-05,MUN,CE|ITAPIPOCA,glp,6,65.0,63.5,66.5,62.0,67.0
2018-05,MUN,CE|JUAZEIRO DO NORTE,glp,18,60.0,59.1,65.75,57.0,67.5
2018-05,MUN,CE|LIMOEIRO DO NORTE,glp,5,70.0,67.0,70.0,65.0,70.0
2018-05,MUN,CE|MARACANAU,glp,14,75.0,70.0,76.05,60.0,78.0
2018-05,MUN,CE|PACAJUS,glp,1,72.5,72.5,72.5,72.5,72.5
2018-05,MUN,CE|QUIXADA,glp,8,70.0,66.4,70.3,65.0,71.0
2018-05,MUN,CE|SOBRAL,glp,8,66.0,65.0,68.0,65.0,68.0
2018-05,MUN,DF|BRASILIA,glp,42,68.0,60.5,75.0,58.0,85.0
2018-05,MUN,ES|ARACRUZ,glp,9,60.0,57.0,67.6,57.0,78.0
2018-05,MUN,ES|CACHOEIRO DE ITAPEMIRIM,glp,13,65.0,60.2,70.0,60.0,70.0
2018-05,MUN,ES|CARIACICA,glp,62,62.0,60.0,65.0,60.0,65.0
2018-05,MUN,ES|COLATINA,glp,9,60.0,55.0,65.0,55.0,65.0
2018-05,MUN,ES|GUARAPARI,glp,17,60.0,56.2,62.0,55.0,68.0
2018-05,MUN,ES|LINHARES,glp,15,60.0,55.8,69.992,55.0,75.0
2018-05,MUN,ES|SAO MATEUS,glp,5,60.0,60.0,68.0,60.0,70.0
2018-05,MUN,ES|SERRA,glp,63,62.0,60.0,65.0,59.99,68.0
2018-05,MUN,ES|VILA VELHA,glp,28,60.0,55.0,65.0,53.0,68.0
2018-05,MUN,ES|VITORIA,glp,22,65.0,60.0,68.0,60.0,70.0
2018-05,MUN,GO|AGUAS LINDAS DE GOIAS,glp,11,68.0,67.0,69.0,67.0,70.0
2018-05,MUN,GO|ANAPOLIS,glp,40,70.0,68.9,70.0,68.0,70.0
2018-05,MUN,GO|APARECIDA DE GOIANIA,glp,30,70.0,69.0,74.0,69.0,74.0
2018-05,MUN,GO|CALDAS NOVAS,glp,9,72.0,70.0,72.2,70.0,73.0
2018-05,MUN,GO|CATALAO,glp,10,71.0,70.0,72.0,70.0,72.0
2018-05,MUN,GO|FORMOSA,glp,14,72.25,70.6,74.0,70.0,74.0
2018-05,MUN,GO|GOIANIA,glp,66,75.0,75.0,78.0,74.0,78.0
2018-05,MUN,GO|GOIATUBA,glp,5,77.0,76.0,78.0,76.0,78.0
2018-05,MUN,GO|ITUMBIARA,glp,7,80.0,79.0,80.0,79.0,80.0
2018-05,MUN,GO|JATAI,glp,18,75.0,73.05,76.0,72.0,76.0
2018-05,MUN,GO|LUZIANIA,glp,17,69.0,69.0,70.0,69.0,70.0
2018-05,MUN,GO|MINEIROS,glp,7,80.0,80.0,82.0,80.0,82.0
2018-05,MUN,GO|MORRINHOS,glp,11,70.0,70.0,72.0,70.0,72.0
2018-05,MUN,GO|PORANGATU,glp,17,70.0,69.0,72.0,69.0,72.0
2018-05,MUN,GO|RIO VERDE,glp,14,73.0,72.0,74.0,72.0,74.5
2018-05,MUN,GO|TRINDADE,glp,24,70.0,69.0,72.0,69.0,72.0
2018-05,MUN,GO|VALPARAISO DE GOIAS,glp,14,68.0,67.65,69.7,67.5,70.0
2018-05,MUN,MA|ACAILANDIA,glp,4,80.0,73.0,80.0,70.0,80.0
2018-05,MUN,MA|BACABAL,glp,4,78.0,75.9,78.7,75.0,79.0
2018-05,MUN,MA|BALSAS,glp,4,87.5,81.5,90.0,80.0,90.0
2018-05,MUN,MA|BARRA DO CORDA,glp,5,82.0,77.0,83.8,75.0,85.0
2018-05,MUN,MA|CAXIAS,glp,4,65.0,56.5,70.0,55.0,70.0
2018-05,MUN,MA|CODO,glp,3,75.0,75.0,75.0,75.0,75.0
2018-05,MUN,MA|IMPERATRIZ,glp,29,70.0,70.0,75.0,65.0,85.0
2018-05,MUN,MA|PINHEIRO,glp,5,80.0,78.8,80.0,78.0,80.0
2018-05,MUN,MA|PRESIDENTE DUTRA,glp,3,75.0,71.0,75.0,70.0,75.0
2018-05,MUN,MA|SANTA INES,glp,4,72.0,72.0,72.0,72.0,72.0
2018-05,MUN,MA|SAO JOSE DE RIBAMAR,glp,10,64.99,64.99,65.24,64.99,67.495
2018-05,MUN,MA|SAO LUIS,glp,56,64.99,64.99,64.995,64.9,70.0
2018-05,MUN,MA|SAO LUIS GONZAGA DO MARANHAO,glp,1,77.0,77.0,77.0,77.0,77.0
2018-05,MUN,MG|ALFENAS,glp,8,65.0,60.0,70.0,60.0,70.0
2018-05,MUN,MG|ARAGUARI,glp,8,69.0,65.0,70.0,65.0,70.0
2018-05,MUN,MG|ARAXA,glp,5,63.0,60.8,64.6,60.0,65.0
2018-05,MUN,MG|BARBACENA,glp,13,70.0,65.0,74.0,65.0,75.0
2018-05,MUN,MG|BELO HORIZONTE,glp,26,65.0,60.0,70.0,57.0,78.0
2018-05,MUN,MG|BETIM,glp,12,68.0,65.0,75.0,65.0,100.0
2018-05,MUN,MG|BOM DESPACHO,glp,5,72.0,70.0,76.14,70.0,76.9
2018-05,MUN,MG|CAMPO BELO,glp,4,70.0,70.0,70.0,70.0,70.0
2018-05,MUN,MG|CARATINGA,glp,4,74.5,69.8,75.0,68.0,75.0
2018-05,MUN,MG|CONGONHAS,glp,9,71.0,66.6,72.8,65.0,74.0
2018-05,MUN,MG|CONSELHEIRO LAFAIETE,glp,9,60.0,55.0,60.4,55.0,62.0
2018-05,MUN,MG|CONTAGEM,glp,14,70.0,65.0,77.1,64.9,78.0
2018-05,MUN,MG|CORONEL FABRICIANO,glp,5,70.0,70.0,73.0,70.0,75.0
2018-05,MUN,MG|CURVELO,glp,5,60.0,60.0,68.0,60.0,70.0
2018-05,MUN,MG|DIVINOPOLIS,glp,18,70.0,60.0,70.0,60.0,72.0
2018-05,MUN,MG|FORMIGA,glp,7,70.0,70.0,79.4,70.0,80.0
2018-05,MUN,MG|FRUTAL,glp,6,60.0,58.25,68.5,56.5,69.0
2018-05,MUN,MG|GOVERNADOR VALADARES,glp,11,72.0,70.0,75.0,66.0,76.0
2018-05,MUN,MG|GUAXUPE,glp,5,65.0,61.2,65.0,60.0,65.0
2018-05,MUN,MG|IPATINGA,glp,16,70.0,66.5,75.0,60.0,75.0
2018-05,MUN,MG|ITABIRA,glp,6,70.0,69.0,75.5,69.0,76.0
2018-05,MUN,MG|ITAJUBA,glp,7,63.0,59.2,63.8,58.0,65.0
2018-05,MUN,MG|ITAUNA,glp,9,70.0,64.8,70.0,64.0,70.0
2018-05,MUN,MG|ITUIUTABA,glp,15,70.0,66.2,75.6,65.0,80.0
2018-05,MUN,MG|JANAUBA,glp,3,75.0,72.6,76.6,72.0,77.0
2018-05,MUN,MG|JANUARIA,glp,11,88.0,86.0,90.0,85.0,90.0
2018-05,MUN,MG|JOAO MONLEVADE,glp,8,62.25,60.0,67.9,60.0,70.0
2018-05,MUN,MG|JOAO PINHEIRO,glp,12,65.0,65.0,65.0,64.0,65.0
2018-05,MUN,MG|JUIZ DE FORA,glp,22,70.0,65.0,79.99,65.0,80.0
2018-05,MUN,MG|LAVRAS,glp,9,65.0,64.6,66.0,63.0,70.0
2018-05,MUN,MG|LEOPOLDINA,glp,7,75.0,69.2,78.0,68.0,78.0
2018-05,MUN,MG|MANHUACU,glp,6,66.5,62.5,75.0,60.0,75.0
2018-05,MUN,MG|MONTE CARMELO,glp,10,64.0,60.0,65.0,60.0,65.0
2018-05,MUN,MG|MONTES CLAROS,glp,29,73.0,72.0,74.0,72.0,74.0
2018-05,MUN,MG|MURIAE,glp,6,72.5,70.0,75.0,70.0,75.0
2018-05,MUN,MG|NOVA LIMA,glp,8,67.0,65.0,71.5,65.0,75.0
2018-05,MUN,MG|OLIVEIRA,glp,5,69.9,66.96,71.76,65.0,73.0
2018-05,MUN,MG|OURO PRETO,glp,7,73.0,70.0,75.0,70.0,75.0
2018-05,MUN,MG|PARA DE MINAS,glp,3,77.0,71.4,83.4,70.0,85.0
2018-05,MUN,MG|PARACATU,glp,9,70.0,65.0,75.0,65.0,75.0
2018-05,MUN,MG|PASSOS,glp,16,70.0,65.0,70.0,65.0,72.0
2018-05,MUN,MG|PATOS DE MINAS,glp,9,70.0,65.0,73.4,65.0,75.0
2018-05,MUN,MG|PATROCINIO,glp,5,65.0,65.0,66.8,65.0,68.0
2018-05,MUN,MG|POCOS DE CALDAS,glp,18,60.0,60.0,65.72,59.8,70.0
2018-05,MUN,MG|POUSO ALEGRE,glp,6,63.5,60.0,69.0,60.0,70.0
2018-05,MUN,MG|SABARA,glp,8,67.0,60.0,71.5,60.0,75.0
2018-05,MUN,MG|SAO JOAO DEL REI,glp,16,65.0,60.0,70.0,60.0,72.0
2018-05,MUN,MG|SAO SEBASTIAO DO PARAISO,glp,16,66.0,64.5,70.0,60.0,72.5
2018-05,MUN,MG|SETE LAGOAS,glp,17,65.0,61.2,70.0,60.0,73.0
2018-05,MUN,MG|TEOFILO OTONI,glp,15,65.0,64.4,68.0,55.0,68.0
2018-05,MUN,MG|TIMOTEO,glp,6,70.0,69.5,75.0,69.0,75.0
2018-05,MUN,MG|TRES CORACOES,glp,9,68.0,64.0,70.6,64.0,73.0
2018-05,MUN,MG|UBA,glp,12,75.0,70.0,79.741,70.0,80.0
2018-05,MUN,MG|UBERABA,glp,25,65.0,65.0,70.0,62.5,70.0
2018-05,MUN,MG|UBERLANDIA,glp,31,70.0,68.0,75.0,65.0,75.0
2018-05,MUN,MG|UNAI,glp,6,80.0,80.0,82.5,80.0,85.0
2018-05,MUN,MG|VARGINHA,glp,13,63.0,60.0,65.0,60.0,68.0
2018-05,MUN,MG|VICOSA,glp,3,65.0,65.0,69.0,65.0,70.0
2018-05,MUN,MS|BATAYPORA,glp,1,85.0,85.0,85.0,85.0,85.0
2018-05,MUN,MS|CAMPO GRANDE,glp,220,72.0,70.0,75.0,69.0,78.0
2018-05,MUN,MS|CORUMBA,glp,5,90.0,90.0,90.0,90.0,90.0
2018-05,MUN,MS|COXIM,glp,8,82.0,78.5,82.9,75.0,85.0
2018-05,MUN,MS|DOURADOS,glp,31,70.0,65.0,75.0,65.0,85.0
2018-05,MUN,MS|NOVA ANDRADINA,glp,14,80.0,75.0,83.5,70.0,85.0
2018-05,MUN,MS|PONTA PORA,glp,3,65.0,63.4,73.0,63.0,75.0
2018-05,MUN,MS|TRES LAGOAS,glp,8,60.0,59.58,67.7,58.6,74.0
2018-05,MUN,MT|ALTA FLORESTA,glp,7,110.0,106.8,110.0,105.0,110.0
2018-05,MUN,MT|CACERES,glp,12,79.5,70.0,87.7,70.0,90.0
2018-05,MUN,MT|CUIABA,glp,167,95.0,90.0,98.4,85.0,115.0
2018-05,MUN,MT|LUCAS DO RIO VERDE,glp,1,98.0,98.0,98.0,98.0,98.0
2018-05,MUN,MT|RONDONOPOLIS,glp,12,99.5,90.5,100.0,90.0,105.0
2018-05,MUN,MT|SINOP,glp,17,100.0,95.0,100.0,95.0,105.0
2018-05,MUN,MT|SORRISO,glp,10,95.0,90.0,100.5,90.0,105.0
2018-05,MUN,MT|VARZEA GRANDE,glp,38,95.0,90.0,100.0,85.0,105.0
2018-05,MUN,PA|ABAETETUBA,glp,6,68.0,66.0,73.0,64.0,74.0
2018-05,MUN,PA|ALENQUER,glp,4,80.0,73.0,82.1,70.0,83.0
2018-05,MUN,PA|ALTAMIRA,glp,9,85.0,80.0,91.6,80.0,98.0
2018-05,MUN,PA|ANANINDEUA,glp,28,65.0,60.0,70.0,60.0,80.0
2018-05,MUN,PA|BELEM,glp,60,65.0,60.0,70.0,60.0,75.0
2018-05,MUN,PA|BRAGANCA,glp,7,80.0,80.0,85.0,80.0,85.0
2018-05,MUN,PA|CAMETA,glp,5,70.0,67.0,73.0,65.0,75.0
2018-05,MUN,PA|CASTANHAL,glp,6,66.25,65.0,68.5,65.0,69.0
2018-05,MUN,PA|CONCEICAO DO ARAGUAIA,glp,6,80.0,80.0,87.5,80.0,95.0
2018-05,MUN,PA|ITAITUBA,glp,6,83.5,80.0,88.0,80.0,88.0
2018-05,MUN,PA|MARABA,glp,8,80.0,75.0,81.5,75.0,85.0
2018-05,MUN,PA|PARAGOMINAS,glp,3,89.0,86.6,89.0,86.0,89.0
2018-05,MUN,PA|PARAUAPEBAS,glp,4,87.5,85.0,90.0,85.0,90.0
2018-05,MUN,PA|REDENCAO,glp,7,95.0,90.0,95.0,90.0,95.0
2018-05,MUN,PA|SANTAREM,glp,23,70.0,65.6,70.0,65.0,72.0
2018-05,MUN,PA|XINGUARA,glp,6,90.0,89.0,91.5,88.0,93.0
2018-05,MUN,PB|BAYEUX,glp,9,65.0,64.8,65.0,64.0,65.0
2018-05,MUN,PB|CABEDELO,glp,8,60.0,60.0,62.1,60.0,67.0
2018-05,MUN,PB|CAMPINA GRANDE,glp,31,65.0,60.0,70.0,60.0,75.0
2018-05,MUN,PB|ITABAIANA,glp,1,60.0,60.0,60.0,60.0,60.0
2018-05,MUN,PB|JOAO PESSOA,glp,26,65.0,60.0,65.0,60.0,65.0
2018-05,MUN,PB|PATOS,glp,5,63.0,60.0,66.2,60.0,67.0
2018-05,MUN,PB|SOUSA,glp,3,62.0,60.4,64.4,60.0,65.0
2018-05,MUN,PE|ARARIPINA,glp,4,70.0,70.0,73.5,70.0,75.0
2018-05,MUN,PE|ARCOVERDE,glp,6,73.5,70.0,75.0,70.0,75.0
2018-05,MUN,PE|BELO JARDIM,glp,4,60.0,60.0,60.0,60.0,60.0
2018-05,MUN,PE|CABO DE SANTO AGOSTINHO,glp,13,60.0,58.0,64.5,55.0,65.0
2018-05,MUN,PE|CACHOEIRINHA,glp,1,55.0,55.0,55.0,55.0,55.0
2018-05,MUN,PE|CARUARU,glp,14,62.5,60.0,65.0,60.0,65.0
2018-05,MUN,PE|GARANHUNS,glp,10,65.0,60.0,65.5,60.0,70.0
2018-05,MUN,PE|GOIANA,glp,4,63.75,60.75,65.0,60.0,65.0
2018-05,MUN,PE|IGARASSU,glp,17,60.0,60.0,65.0,60.0,65.0
2018-05,MUN,PE|JABOATAO DOS GUARARAPES,glp,26,60.0,60.0,65.0,57.5,65.0
2018-05,MUN,PE|LAJEDO,glp,3,55.0,55.0,55.0,55.0,55.0
2018-05,MUN,PE|OLINDA,glp,32,60.0,55.0,60.0,55.0,65.0
2018-05,MUN,PE|PAULISTA,glp,14,65.0,60.45,65.0,60.0,70.0
2018-05,MUN,PE|PETROLINA,glp,10,58.0,56.8,60.2,55.0,62.0
2018-05,MUN,PE|RECIFE,glp,39,65.0,60.0,66.0,56.5,70.0
2018-05,MUN,PE|SALGUEIRO,glp,4,70.0,70.0,70.0,70.0,70.0
2018-05,MUN,PE|SANTA CRUZ DO CAPIBARIBE,glp,8,62.5,57.1,65.0,55.0,65.0
2018-05,MUN,PE|SERRA TALHADA,glp,4,74.75,73.45,75.0,73.0,75.0
2018-05,MUN,PE|VITORIA DE SANTO ANTAO,glp,10,60.0,55.0,62.3,55.0,65.0
2018-05,MUN,PI|PARNAIBA,glp,3,80.0,80.0,81.6,80.0,82.0
2018-05,MUN,PI|PICOS,glp,2,67.5,65.5,69.5,65.0,70.0
2018-05,MUN,PI|PIRIPIRI,glp,4,75.0,73.25,75.0,72.5,75.0
2018-05,MUN,PI|TERESINA,glp,42,65.0,62.5,65.0,59.99,65.0
2018-05,MUN,PR|APUCARANA,glp,14,65.0,60.0,70.0,60.0,70.0
2018-05,MUN,PR|ARAPONGAS,glp,17,65.0,64.9,65.0,64.0,65.0
2018-05,MUN,PR|ARAUCARIA,glp,14,64.5,60.0,65.0,60.0,70.0
2018-05,MUN,PR|ASSIS CHATEAUBRIAND,glp,6,86.0,72.5,87.5,70.0,88.0
2018-05,MUN,PR|CAMBE,glp,15,70.0,68.0,71.8,65.0,75.0
2018-05,MUN,PR|CAMPO LARGO,glp,16,63.45,58.0,65.0,58.0,65.0
2018-05,MUN,PR|CAMPO MOURAO,glp,9,65.0,64.98,75.0,64.9,75.0
2018-05,MUN,PR|CASCAVEL,glp,20,75.0,70.0,80.0,70.0,80.0
2018-05,MUN,PR|CASTRO,glp,6,72.5,67.5,77.5,65.0,80.0
2018-05,MUN,PR|CIANORTE,glp,18,65.0,65.0,69.0,65.0,70.0
2018-05,MUN,PR|COLOMBO,glp,19,70.0,67.7,70.0,65.0,70.0
2018-05,MUN,PR|CORNELIO PROCOPIO,glp,6,75.0,72.5,76.5,70.0,78.0
2018-05,MUN,PR|CURITIBA,glp,32,65.0,62.09,68.0,59.9,75.0
2018-05,MUN,PR|CURIUVA,glp,1,65.0,65.0,65.0,65.0,65.0
2018-05,MUN,PR|FOZ DO IGUACU,glp,17,75.0,75.0,78.8,70.0,85.0
2018-05,MUN,PR|FRANCISCO BELTRAO,glp,8,59.945,58.7,61.5,58.0,65.0
2018-05,MUN,PR|GUARAPUAVA,glp,11,65.0,62.0,69.45,60.0,85.0
2018-05,MUN,PR|JESUITAS,glp,1,75.0,75.0,75.0,75.0,75.0
2018-05,MUN,PR|LONDRINA,glp,58,65.0,65.0,70.0,60.0,75.0
2018-05,MUN,PR|MARECHAL CANDIDO RONDON,glp,3,75.0,71.0,76.6,70.0,77.0
2018-05,MUN,PR|MARINGA,glp,18,80.0,75.0,80.0,70.0,80.0
2018-05,MUN,PR|PARANAGUA,glp,8,55.0,55.0,55.6,55.0,57.0
2018-05,MUN,PR|PARANAVAI,glp,16,70.0,65.0,72.5,65.0,75.0
2018-05,MUN,PR|PATO BRAGADO,glp,1,84.0,84.0,84.0,84.0,84.0
2018-05,MUN,PR|PATO BRANCO,glp,9,75.0,71.2,75.2,70.0,76.0
2018-05,MUN,PR|PINHAIS,glp,16,68.0,64.0,71.0,60.0,75.0
2018-05,MUN,PR|PONTA GROSSA,glp,13,60.0,59.0,63.6,58.0,65.0
2018-05,MUN,PR|SANTO ANTONIO DA PLATINA,glp,13,65.0,60.0,68.92,60.0,72.0
2018-05,MUN,PR|SAO JOSE DOS PINHAIS,glp,13,69.0,64.12,70.0,62.0,75.0
2018-05,MUN,PR|SERTANOPOLIS,glp,1,70.0,70.0,70.0,70.0,70.0
2018-05,MUN,PR|TOLEDO,glp,24,81.75,79.3,85.0,75.0,86.0
2018-05,MUN,PR|UMUARAMA,glp,10,70.0,65.0,70.5,65.0,75.0
2018-05,MUN,PR|UNIAO DA VITORIA,glp,3,76.0,70.4,80.0,69.0,81.0
2018-05,MUN,RJ|ANGRA DOS REIS,glp,6,71.95,67.5,74.5,65.0,75.0
2018-05,MUN,RJ|ARARUAMA,glp,7,55.0,52.4,57.0,51.5,60.0
2018-05,MUN,RJ|BARRA DO PIRAI,glp,4,69.45,68.93,69.97,68.9,70.0
2018-05,MUN,RJ|BARRA MANSA,glp,10,65.5,63.8,68.2,62.0,70.0
2018-05,MUN,RJ|BELFORD ROXO,glp,7,55.99,55.0,62.0,55.0,65.0
2018-05,MUN,RJ|CABO FRIO,glp,6,60.0,58.0,61.5,57.0,63.0
2018-05,MUN,RJ|CAMPOS DOS GOYTACAZES,glp,25,60.0,55.0,69.2,53.0,73.0
2018-05,MUN,RJ|DUQUE DE CAXIAS,glp,22,59.5,55.0,61.8,52.0,62.0
2018-05,MUN,RJ|ITABORAI,glp,4,65.0,65.0,65.0,65.0,65.0
2018-05,MUN,RJ|ITAGUAI,glp,4,65.95,64.93,66.9,64.9,66.9
2018-05,MUN,RJ|ITAPERUNA,glp,5,60.0,58.8,62.3,58.0,62.5
2018-05,MUN,RJ|MACAE,glp,5,60.0,60.0,62.0,60.0,62.0
2018-05,MUN,RJ|MAGE,glp,3,51.0,51.0,66.2,51.0,70.0
2018-05,MUN,RJ|MARICA,glp,4,61.5,60.0,64.4,60.0,65.0
2018-05,MUN,RJ|NILOPOLIS,glp,5,60.0,60.0,63.0,60.0,65.0
2018-05,MUN,RJ|NITEROI,glp,11,60.0,58.0,64.0,56.0,65.0
2018-05,MUN,RJ|NOVA FRIBURGO,glp,6,64.0,61.5,70.5,60.0,72.0
2018-05,MUN,RJ|NOVA IGUACU,glp,20,65.0,64.5,65.0,55.0,65.0
2018-05,MUN,RJ|PETROPOLIS,glp,7,60.0,59.9,68.94,59.9,75.0
2018-05,MUN,RJ|RESENDE,glp,9,75.0,75.0,75.0,75.0,75.0
2018-05,MUN,RJ|RIO BONITO,glp,4,55.0,55.0,55.0,55.0,55.0
2018-05,MUN,RJ|RIO DE JANEIRO,glp,81,60.0,55.0,75.0,49.9,80.0
2018-05,MUN,RJ|SANTO ANTONIO DE PADUA,glp,3,53.5,50.7,53.5,50.0,53.5
2018-05,MUN,RJ|SAO FRANCISCO DE ITABAPOANA,glp,4,65.0,61.5,68.5,60.0,70.0
2018-05,MUN,RJ|SAO GONCALO,glp,16,60.0,55.0,63.0,55.0,65.0
2018-05,MUN,RJ|SAO JOAO DE MERITI,glp,10,60.0,59.5,65.0,55.0,65.0
2018-05,MUN,RJ|SAPUCAIA,glp,3,62.0,56.4,70.8,55.0,73.0
2018-05,MUN,RJ|SAQUAREMA,glp,4,53.25,50.45,58.5,50.0,60.0
2018-05,MUN,RJ|TERESOPOLIS,glp,6,69.0,64.0,71.75,63.0,72.0
2018-05,MUN,RJ|TRES RIOS,glp,3,57.5,55.5,59.5,55.0,60.0
2018-05,MUN,RJ|VALENCA,glp,5,67.0,65.8,71.6,65.0,74.0
2018-05,MUN,RJ|VOLTA REDONDA,glp,12,64.99,62.1,67.9,60.0,69.0
2018-05,MUN,RN|CAICO,glp,5,65.0,65.0,65.0,65.0,65.0
2018-05,MUN,RN|MOSSORO,glp,8,60.0,60.0,65.0,60.0,65.0
2018-05,MUN,RN|NATAL,glp,40,62.5,60.0,65.0,57.0,71.0
2018-05,MUN,RN|PARNAMIRIM,glp,18,62.75,60.0,65.3,57.5,70.0
2018-05,MUN,RO|ARIQUEMES,glp,5,80.0,80.0,81.8,80.0,83.0
2018-05,MUN,RO|CACOAL,glp,4,87.0,86.3,87.7,86.0,88.0
2018-05,MUN,RO|JI-PARANA,glp,12,73.5,73.0,79.5,73.0,82.0
2018-05,MUN,RO|PIMENTA BUENO,glp,5,91.0,91.0,91.0,91.0,91.0
2018-05,MUN,RO|PORTO VELHO,glp,36,70.0,68.0,73.0,65.0,75.0
2018-05,MUN,RO|VILHENA,glp,10,82.5,80.0,86.2,80.0,88.0
2018-05,MUN,RR|BOA VISTA,glp,40,80.0,79.9,82.0,78.0,82.0
2018-05,MUN,RS|ALEGRETE,glp,8,74.5,68.0,81.5,68.0,85.0
2018-05,MUN,RS|ALVORADA,glp,7,60.0,58.0,64.4,55.0,65.0
2018-05,MUN,RS|BAGE,glp,26,70.0,66.5,75.0,65.0,76.0
2018-05,MUN,RS|BENTO GONCALVES,glp,3,68.0,64.0,68.0,63.0,68.0
2018-05,MUN,RS|CACHOEIRA DO SUL,glp,7,55.0,53.0,56.56,53.0,58.9
2018-05,MUN,RS|CACHOEIRINHA,glp,6,65.5,62.0,69.5,62.0,70.0
2018-05,MUN,RS|CANOAS,glp,14,61.5,59.3,67.7,57.0,69.0
2018-05,MUN,RS|CAXIAS DO SUL,glp,44,69.0,60.0,74.0,55.0,82.0
2018-05,MUN,RS|CRUZ ALTA,glp,3,59.0,58.2,61.4,58.0,62.0
2018-05,MUN,RS|ERECHIM,glp,10,80.0,75.0,83.45,75.0,87.5
2018-05,MUN,RS|ESTEIO,glp,12,63.5,58.0,65.0,55.0,70.0
2018-05,MUN,RS|GRAMADO,glp,4,79.0,68.9,81.4,65.0,82.0
2018-05,MUN,RS|GRAVATAI,glp,8,65.0,63.4,66.2,62.0,69.0
2018-05,MUN,RS|GUAIBA,glp,6,66.5,65.0,72.5,65.0,75.0
2018-05,MUN,RS|IJUI,glp,7,70.0,67.4,76.2,65.0,78.0
2018-05,MUN,RS|LAJEADO,glp,11,70.0,65.0,75.0,65.0,75.0
2018-05,MUN,RS|NOVO HAMBURGO,glp,12,60.0,60.0,65.0,60.0,70.0
2018-05,MUN,RS|OSORIO,glp,7,65.0,65.0,71.14,65.0,73.0
2018-05,MUN,RS|PASSO FUNDO,glp,21,69.0,65.0,70.0,60.0,72.0
2018-05,MUN,RS|PELOTAS,glp,16,65.0,59.0,70.0,55.0,70.0
2018-05,MUN,RS|PORTO ALEGRE,glp,21,70.0,64.9,75.0,59.9,75.0
2018-05,MUN,RS|RIO GRANDE,glp,9,65.0,61.6,70.0,60.0,70.0
2018-05,MUN,RS|SANTA CRUZ DO SUL,glp,16,70.0,67.0,74.5,65.0,79.0
2018-05,MUN,RS|SANTA MARIA,glp,82,70.0,69.0,76.8,65.0,82.5
2018-05,MUN,RS|SANTA ROSA,glp,7,78.0,73.8,85.4,72.0,86.0
2018-05,MUN,RS|SANTANA DO LIVRAMENTO,glp,11,60.0,55.0,60.0,55.0,60.0
2018-05,MUN,RS|SANTO ANGELO,glp,4,72.5,70.0,75.0,70.0,75.0
2018-05,MUN,RS|SAO GABRIEL,glp,13,75.0,66.32,77.4,65.0,80.0
2018-05,MUN,RS|SAO LEOPOLDO,glp,8,62.0,60.0,65.0,60.0,65.0
2018-05,MUN,RS|SAO LUIZ GONZAGA,glp,5,70.0,68.4,74.2,68.0,75.0
2018-05,MUN,RS|SAPIRANGA,glp,5,68.0,62.4,78.0,60.0,78.0
2018-05,MUN,RS|SAPUCAIA DO SUL,glp,18,65.5,60.0,70.57,57.0,72.0
2018-05,MUN,RS|TORRES,glp,5,80.0,73.2,83.0,72.0,85.0
2018-05,MUN,RS|URUGUAIANA,glp,15,73.0,70.0,80.0,70.0,80.0
2018-05,MUN,RS|VACARIA,glp,5,75.0,70.8,77.4,70.0,79.0
2018-05,MUN,RS|VIAMAO,glp,15,65.0,62.0,70.0,60.0,70.0
2018-05,MUN,SC|ARARANGUA,glp,4,65.5,63.0,69.4,63.0,70.0
2018-05,MUN,SC|BALNEARIO CAMBORIU,glp,4,75.0,75.0,75.0,75.0,75.0
2018-05,MUN,SC|BIGUACU,glp,3,65.0,61.0,65.0,60.0,65.0
2018-05,MUN,SC|BLUMENAU,glp,9,75.0,70.0,85.0,70.0,85.0
2018-05,MUN,SC|BRUSQUE,glp,6,65.0,61.0,65.0,60.0,65.0
2018-05,MUN,SC|CACADOR,glp,3,70.0,66.0,74.0,65.0,75.0
2018-05,MUN,SC|CHAPECO,glp,5,77.0,75.8,80.0,75.0,80.0
2018-05,MUN,SC|CONCORDIA,glp,4,65.0,65.0,67.1,65.0,68.0
2018-05,MUN,SC|CRICIUMA,glp,11,70.0,70.0,73.0,69.0,73.0
2018-05,MUN,SC|FLORIANOPOLIS,glp,20,70.0,64.99,70.95,64.0,77.0
2018-05,MUN,SC|ITAJAI,glp,7,68.0,61.6,72.0,61.0,75.0
2018-05,MUN,SC|JARAGUA DO SUL,glp,5,65.0,64.3,70.36,63.9,72.0
2018-05,MUN,SC|JOINVILLE,glp,6,69.5,66.0,77.0,65.0,79.0
2018-05,MUN,SC|LAGES,glp,8,65.0,60.0,68.6,60.0,70.0
2018-05,MUN,SC|LAGUNA,glp,4,67.5,65.0,70.0,65.0,70.0
2018-05,MUN,SC|MAFRA,glp,6,72.45,68.95,76.0,68.0,77.0
2018-05,MUN,SC|PALHOCA,glp,2,62.45,60.49,64.41,60.0,64.9
2018-05,MUN,SC|SAO JOSE,glp,2,61.0,60.2,61.8,60.0,62.0
2018-05,MUN,SC|TUBARAO,glp,5,65.0,64.4,68.0,64.0,70.0
2018-05,MUN,SC|VIDEIRA,glp,6,75.0,72.5,75.5,70.0,76.0
2018-05,MUN,SC|XANXERE,glp,4,79.0,75.9,80.0,75.0,80.0
2018-05,MUN,SE|ARACAJU,glp,15,80.0,73.2,83.0,70.0,85.0
2018-05,MUN,SE|ITABAIANA,glp,3,70.0,68.4,70.0,68.0,70.0
2018-05,MUN,SE|LAGARTO,glp,4,67.5,64.93,73.5,64.9,75.0
2018-05,MUN,SE|NOSSA SENHORA DO SOCORRO,glp,7,70.0,70.0,76.4,70.0,80.0
2018-05,MUN,SP|ADAMANTINA,glp,4,65.0,64.3,65.0,64.0,65.0
2018-05,MUN,SP|AMERICANA,glp,17,62.5,60.0,65.0,55.0,65.0
2018-05,MUN,SP|AMPARO,glp,5,70.0,62.8,73.0,60.0,75.0
2018-05,MUN,SP|ARACATUBA,glp,41,60.0,59.0,65.0,55.0,65.0
2018-05,MUN,SP|ARARAQUARA,glp,12,73.0,70.0,76.0,70.0,76.0
2018-05,MUN,SP|ARARAS,glp,14,64.45,63.83,76.25,63.0,85.0
2018-05,MUN,SP|ASSIS,glp,9,65.0,62.8,68.0,62.0,68.0
2018-05,MUN,SP|ATIBAIA,glp,10,62.5,59.8,68.7,58.0,75.0
2018-05,MUN,SP|AVARE,glp,11,60.0,57.0,65.0,55.0,65.0
2018-05,MUN,SP|BARRETOS,glp,7,60.0,58.0,65.0,58.0,65.0
2018-05,MUN,SP|BARUERI,glp,14,61.5,58.6,67.7,55.0,70.0
2018-05,MUN,SP|BAURU,glp,30,63.5,58.0,70.0,57.0,75.0
2018-05,MUN,SP|BEBEDOURO,glp,13,70.0,60.8,74.0,58.0,75.0
2018-05,MUN,SP|BIRIGUI,glp,21,65.0,60.0,65.0,60.0,70.0
2018-05,MUN,SP|BOTUCATU,glp,16,60.0,57.5,60.0,57.0,60.0
2018-05,MUN,SP|BRAGANCA PAULISTA,glp,9,60.0,58.992,65.0,55.0,65.0
2018-05,MUN,SP|CACAPAVA,glp,7,60.0,57.994,68.8,55.0,70.0
2018-05,MUN,SP|CAMPINAS,glp,34,64.5,59.99,69.365,58.0,70.0
2018-05,MUN,SP|CARAGUATATUBA,glp,5,60.0,60.0,66.8,60.0,68.0
2018-05,MUN,SP|CARAPICUIBA,glp,17,65.0,64.2,65.0,60.0,70.0
2018-05,MUN,SP|CATANDUVA,glp,16,67.0,61.5,70.0,59.95,70.0
2018-05,MUN,SP|COSMOPOLIS,glp,8,58.75,58.0,61.3,58.0,62.0
2018-05,MUN,SP|COTIA,glp,12,66.5,60.0,70.0,59.0,70.0
2018-05,MUN,SP|CRUZEIRO,glp,12,53.5,52.01,59.5,50.0,70.0
2018-05,MUN,SP|CUBATAO,glp,9,70.0,60.0,80.0,60.0,80.0
2018-05,MUN,SP|DIADEMA,glp,23,73.0,65.2,75.0,62.99,75.5
2018-05,MUN,SP|DRACENA,glp,4,68.9,65.9,71.34,65.0,72.0
2018-05,MUN,SP|EMBU DAS ARTES,glp,5,65.0,61.2,71.0,60.0,75.0
2018-05,MUN,SP|FRANCA,glp,20,58.99,58.0,65.0,56.0,66.5
2018-05,MUN,SP|GARCA,glp,8,65.0,63.5,70.0,60.0,70.0
2018-05,MUN,SP|GUARATINGUETA,glp,18,59.7,56.33,69.3,53.0,72.0
2018-05,MUN,SP|GUARUJA,glp,9,75.0,68.98,75.6,64.9,78.0
2018-05,MUN,SP|GUARULHOS,glp,38,60.248,56.4,69.993,52.0,75.0
2018-05,MUN,SP|HORTOLANDIA,glp,9,60.0,59.4,67.6,57.0,70.0
2018-05,MUN,SP|IBITINGA,glp,10,71.0,67.85,72.55,66.5,73.0
2018-05,MUN,SP|INDAIATUBA,glp,12,65.0,65.0,70.0,63.0,70.0
2018-05,MUN,SP|ITANHAEM,glp,5,70.0,64.0,73.0,60.0,75.0
2018-05,MUN,SP|ITAPECERICA DA SERRA,glp,6,68.0,65.0,74.0,65.0,78.0
2018-05,MUN,SP|ITAPETININGA,glp,12,66.5,60.0,70.0,57.0,70.0
2018-05,MUN,SP|ITAPEVA,glp,6,67.5,65.0,71.5,65.0,73.0
2018-05,MUN,SP|ITAPIRA,glp,4,58.0,58.0,60.8,58.0,62.0
2018-05,MUN,SP|ITAPOLIS,glp,13,72.0,68.0,74.9,65.0,76.5
2018-05,MUN,SP|ITAQUAQUECETUBA,glp,17,60.0,54.99,62.0,54.99,65.0
2018-05,MUN,SP|ITATIBA,glp,5,65.0,65.0,67.0,65.0,67.0
2018-05,MUN,SP|ITU,glp,7,55.0,54.567,61.6,54.0,64.0
2018-05,MUN,SP|JABOTICABAL,glp,7,60.0,57.994,62.4,55.0,66.0
2018-05,MUN,SP|JACAREI,glp,19,59.0,54.8,65.0,50.0,70.0
2018-05,MUN,SP|JALES,glp,11,65.0,60.0,70.0,60.0,70.0
2018-05,MUN,SP|JAU,glp,13,65.0,61.0,67.4,60.0,78.7
2018-05,MUN,SP|JOSE BONIFACIO,glp,5,65.0,62.0,69.2,60.0,70.0
2018-05,MUN,SP|JUNDIAI,glp,10,69.5,57.7,75.0,55.0,75.0
2018-05,MUN,SP|LEME,glp,9,60.0,58.0,60.0,58.0,60.0
2018-05,MUN,SP|LIMEIRA,glp,15,65.0,55.0,65.0,55.0,65.0
2018-05,MUN,SP|LINS,glp,11,60.0,58.0,65.0,58.0,65.0
2018-05,MUN,SP|LORENA,glp,16,60.0,55.0,65.0,55.0,70.0
2018-05,MUN,SP|MARILIA,glp,6,75.0,72.5,75.0,72.0,75.0
2018-05,MUN,SP|MATAO,glp,8,70.0,67.7,71.5,67.0,75.0
2018-05,MUN,SP|MAUA,glp,22,57.75,54.99,60.0,53.0,69.99
2018-05,MUN,SP|MIRASSOL,glp,15,60.0,55.0,63.0,55.0,68.0
2018-05,MUN,SP|MOCOCA,glp,9,70.0,65.0,75.0,65.0,75.0
2018-05,MUN,SP|MOGI DAS CRUZES,glp,31,59.99,56.99,65.0,54.99,77.0
2018-05,MUN,SP|MOGI GUACU,glp,12,55.0,50.0,59.8,50.0,60.0
2018-05,MUN,SP|MOGI MIRIM,glp,10,52.0,48.0,55.5,48.0,60.0
2018-05,MUN,SP|MONTE ALTO,glp,10,66.0,60.0,70.0,60.0,70.0
2018-05,MUN,SP|OLIMPIA,glp,9,57.0,57.0,57.6,57.0,60.0
2018-05,MUN,SP|OSASCO,glp,23,68.0,65.0,72.0,60.0,79.9
2018-05,MUN,SP|OURINHOS,glp,13,64.9,55.6,69.2,55.0,70.0
2018-05,MUN,SP|PARAGUACU PAULISTA,glp,12,70.0,70.0,70.0,70.0,70.0
2018-05,MUN,SP|PAULINIA,glp,13,63.0,60.2,67.0,60.0,68.0
2018-05,MUN,SP|PINDAMONHANGABA,glp,8,55.5,52.8,60.6,50.0,62.0
2018-05,MUN,SP|PIRACICABA,glp,18,67.0,64.55,70.0,62.5,70.0
2018-05,MUN,SP|PIRASSUNUNGA,glp,3,60.0,58.4,62.0,58.0,62.5
2018-05,MUN,SP|POA,glp,12,57.748,54.991,60.9,54.0,62.0
2018-05,MUN,SP|PORTO FERREIRA,glp,3,57.0,55.4,59.4,55.0,60.0
2018-05,MUN,SP|PRAIA GRANDE,glp,16,70.0,64.472,70.0,63.0,99.0
2018-05,MUN,SP|PRESIDENTE PRUDENTE,glp,33,61.0,59.54,64.9,52.995,70.0
2018-05,MUN,SP|PRESIDENTE VENCESLAU,glp,7,64.99,60.6,65.0,60.0,65.0
2018-05,MUN,SP|RIBEIRAO PIRES,glp,10,60.0,59.79,60.0,57.9,60.0
2018-05,MUN,SP|RIBEIRAO PRETO,glp,56,72.0,65.0,82.0,63.0,88.0
2018-05,MUN,SP|RIO CLARO,glp,7,60.0,56.8,62.4,55.0,63.0
2018-05,MUN,SP|SALTO,glp,11,60.0,60.0,63.0,59.9,67.0
2018-05,MUN,SP|SANTA BARBARA D'OESTE,glp,17,60.0,60.0,65.0,55.0,65.0
2018-05,MUN,SP|SANTA CRUZ DO RIO PARDO,glp,15,70.0,68.36,75.0,60.0,78.0
2018-05,MUN,SP|SANTO ANDRE,glp,39,64.99,59.99,69.99,55.99,75.0
2018-05,MUN,SP|SANTOS,glp,27,70.0,64.9,83.74,60.0,89.9
2018-05,MUN,SP|SAO BERNARDO DO CAMPO,glp,32,68.0,60.0,84.41,59.89,89.9
2018-05,MUN,SP|SAO CAETANO DO SUL,glp,4,75.0,69.993,80.0,69.99,80.0
2018-05,MUN,SP|SAO CARLOS,glp,14,70.0,66.9,82.2,66.0,85.0
2018-05,MUN,SP|SAO JOAO DA BOA VISTA,glp,8,65.5,64.4,68.0,63.0,68.0
2018-05,MUN,SP|SAO JOSE DO RIO PRETO,glp,37,65.0,59.1,71.5,56.5,78.0
2018-05,MUN,SP|SAO JOSE DOS CAMPOS,glp,23,65.0,51.98,69.6,50.0,75.0
2018-05,MUN,SP|SAO PAULO,glp,107,65.0,59.0,75.0,49.99,85.0
2018-05,MUN,SP|SAO ROQUE,glp,8,70.0,68.0,70.0,68.0,70.0
2018-05,MUN,SP|SAO VICENTE,glp,23,64.0,59.955,69.0,58.9,73.0
2018-05,MUN,SP|SERTAOZINHO,glp,12,65.0,60.0,67.7,60.0,68.0
2018-05,MUN,SP|SOROCABA,glp,31,63.0,58.0,68.0,55.0,70.0
2018-05,MUN,SP|SUMARE,glp,8,65.0,65.0,69.297,65.0,69.99
2018-05,MUN,SP|SUZANO,glp,13,60.0,56.99,65.0,55.0,65.0
2018-05,MUN,SP|TABOAO DA SERRA,glp,6,65.0,65.0,70.0,65.0,70.0
2018-05,MUN,SP|TATUI,glp,8,66.0,64.4,68.6,63.0,70.0
2018-05,MUN,SP|TAUBATE,glp,8,56.0,54.7,60.0,54.0,60.0
2018-05,MUN,SP|TUPA,glp,7,65.0,60.0,65.8,60.0,67.0
2018-05,MUN,SP|UBATUBA,glp,11,65.0,52.5,70.0,50.0,75.0
2018-05,MUN,SP|VALINHOS,glp,8,68.25,65.097,69.62,62.99,69.9
2018-05,MUN,SP|VARZEA PAULISTA,glp,8,55.0,55.0,60.0,55.0,60.0
2018-05,MUN,SP|VINHEDO,glp,4,68.0,67.3,68.63,67.0,68.9
2018-05,MUN,SP|VOTORANTIM,glp,20,60.0,58.0,65.3,55.0,75.0
2018-05,MUN,SP|VOTUPORANGA,glp,6,60.0,60.0,62.5,60.0,63.0
2018-05,MUN,TO|ARAGUAINA,glp,12,85.0,80.0,90.0,80.0,90.0
2018-05,MUN,TO|GURUPI,glp,35,80.0,80.0,85.0,80.0,90.0
2018-05,MUN,TO|PALMAS,glp,26,85.0,80.0,90.0,80.0,91.95
2018-05,MUN,TO|PARAISO DO TOCANTINS,glp,10,90.0,89.9,95.0,89.0,95.0
2018-05,MUN,TO|PORTO NACIONAL,glp,11,90.0,85.0,90.0,85.0,90.0
2018-05,UF,AC,glp,59,78.5,75.0,80.0,72.0,85.0
2018-05,UF,AL,glp,63,65.0,60.0,65.0,55.0,75.0
2018-05,UF,AM,glp,167,70.0,66.0,76.8,63.0,87.0
2018-05,UF,AP,glp,16,74.225,66.25,78.0,62.0,79.0
2018-05,UF,BA,glp,285,55.0,50.0,68.0,45.0,76.0
2018-05,UF,CE,glp,201,70.0,62.0,78.0,55.0,80.0
2018-05,UF,DF,glp,42,68.0,60.5,75.0,58.0,85.0
2018-05,UF,ES,glp,243,62.0,60.0,65.0,53.0,78.0
2018-05,UF,GO,glp,314,72.0,69.0,78.0,67.0,82.0
2018-05,UF,MA,glp,132,65.0,64.99,80.0,55.0,90.0
2018-05,UF,MG,glp,613,70.0,60.0,75.0,55.0,100.0
2018-05,UF,MS,glp,290,72.0,70.0,77.05,58.6,90.0
2018-05,UF,MT,glp,264,95.0,90.0,100.0,70.0,115.0
2018-05,UF,PA,glp,188,68.0,60.0,88.3,60.0,98.0
2018-05,UF,PB,glp,83,65.0,60.0,65.0,60.0,75.0
2018-05,UF,PE,glp,223,60.0,57.5,67.6,55.0,75.0
2018-05,UF,PI,glp,51,65.0,62.5,75.0,59.99,82.0
2018-05,UF,PR,glp,436,68.0,60.0,80.0,55.0,88.0
2018-05,UF,RJ,glp,321,62.0,55.0,74.0,49.9,80.0
2018-05,UF,RN,glp,71,62.5,60.0,65.0,57.0,71.0
2018-05,UF,RO,glp,72,73.0,69.1,87.0,65.0,91.0
2018-05,UF,RR,glp,40,80.0,79.9,82.0,78.0,82.0
2018-05,UF,RS,glp,471,69.5,60.0,76.0,53.0,87.5
2018-05,UF,SC,glp,124,70.0,63.0,76.7,60.0,85.0
2018-05,UF,SE,glp,29,75.0,69.6,80.6,64.9,85.0
2018-05,UF,SP,glp,1581,65.0,57.99,72.0,48.0,99.0
2018-05,UF,TO,glp,94,85.0,80.0,90.0,80.0,95.0
2018-06,BR,BR,glp,6134,70.0,60.0,80.0,49.9,115.0
2018-06,MUN,AC|CRUZEIRO DO SUL,glp,6,78.0,78.0,83.5,78.0,85.0
2018-06,MUN,AC|RIO BRANCO,glp,60,78.0,75.0,80.0,72.0,80.0
2018-06,MUN,AL|ARAPIRACA,glp,7,65.0,60.0,66.2,60.0,68.0
2018-06,MUN,AL|DELMIRO GOUVEIA,glp,3,75.0,71.0,75.0,70.0,75.0
2018-06,MUN,AL|MACEIO,glp,43,65.0,65.0,69.8,65.0,70.0
2018-06,MUN,AL|PALMEIRA DOS INDIOS,glp,5,65.0,65.0,65.0,65.0,65.0
2018-06,MUN,AL|RIO LARGO,glp,5,65.0,65.0,65.0,65.0,65.0
2018-06,MUN,AL|SATUBA,glp,1,65.0,65.0,65.0,65.0,65.0
2018-06,MUN,AM|ITACOATIARA,glp,9,80.0,78.0,85.0,78.0,85.0
2018-06,MUN,AM|MANACAPURU,glp,5,79.0,76.6,79.0,75.0,79.0
2018-06,MUN,AM|MANAUS,glp,92,70.0,65.0,75.0,63.0,80.0
2018-06,MUN,AM|PARINTINS,glp,5,72.0,70.2,75.0,69.0,75.0
2018-06,MUN,AM|TEFE,glp,2,72.0,72.0,72.0,72.0,72.0
2018-06,MUN,AP|LARANJAL DO JARI,glp,1,75.0,75.0,75.0,75.0,75.0
2018-06,MUN,AP|MACAPA,glp,12,76.5,73.2,78.0,62.0,79.0
2018-06,MUN,AP|SANTANA,glp,4,67.5,65.3,69.0,65.0,69.0
2018-06,MUN,BA|ALAGOINHAS,glp,3,62.0,60.4,64.4,60.0,65.0
2018-06,MUN,BA|BARREIRAS,glp,6,70.0,70.0,70.0,70.0,70.0
2018-06,MUN,BA|BRUMADO,glp,4,54.25,52.8,55.0,52.5,55.0
2018-06,MUN,BA|CAETITE,glp,6,57.5,56.25,60.0,55.0,60.0
2018-06,MUN,BA|CAMACARI,glp,9,60.0,60.0,65.0,60.0,65.0
2018-06,MUN,BA|EUNAPOLIS,glp,8,66.0,65.0,68.0,65.0,68.0
2018-06,MUN,BA|FEIRA DE SANTANA,glp,16,55.5,55.0,65.0,55.0,65.0
2018-06,MUN,BA|GUANAMBI,glp,15,55.0,55.0,55.0,55.0,55.0
2018-06,MUN,BA|ILHEUS,glp,7,75.0,72.4,75.4,70.0,76.0
2018-06,MUN,BA|IPIRA,glp,2,61.25,60.25,62.25,60.0,62.5
2018-06,MUN,BA|IRECE,glp,10,55.0,52.9,55.25,52.0,57.5
2018-06,MUN,BA|ITABUNA,glp,7,65.0,65.0,75.2,65.0,75.5
2018-06,MUN,BA|ITAMARAJU,glp,4,62.5,60.0,65.0,60.0,65.0
2018-06,MUN,BA|JACOBINA,glp,4,55.0,51.5,57.1,50.0,58.0
2018-06,MUN,BA|JAGUAQUARA,glp,2,52.0,52.0,52.0,52.0,52.0
2018-06,MUN,BA|JEQUIE,glp,7,53.0,51.8,55.6,51.5,56.5
2018-06,MUN,BA|JUAZEIRO,glp,7,62.0,60.0,65.0,60.0,65.0
2018-06,MUN,BA|LAURO DE FREITAS,glp,13,60.0,55.6,65.0,55.0,68.0
2018-06,MUN,BA|LIVRAMENTO DE NOSSA SENHORA,glp,3,60.0,56.0,60.0,55.0,60.0
2018-06,MUN,BA|PAULO AFONSO,glp,6,73.75,70.0,75.0,70.0,75.0
2018-06,MUN,BA|POCOES,glp,5,60.0,58.0,63.8,58.0,65.0
2018-06,MUN,BA|PORTO SEGURO,glp,8,62.5,60.0,67.25,60.0,72.5
2018-06,MUN,BA|SALVADOR,glp,75,65.0,60.0,65.0,50.0,68.0
2018-06,MUN,BA|SANTO ANTONIO DE JESUS,glp,5,55.0,53.8,59.0,53.0,60.0
2018-06,MUN,BA|SENHOR DO BONFIM,glp,3,60.0,60.0,60.0,60.0,60.0
2018-06,MUN,BA|SERRINHA,glp,4,60.0,60.0,60.0,60.0,60.0
2018-06,MUN,BA|SIMOES FILHO,glp,8,59.0,55.0,70.0,55.0,70.0
2018-06,MUN,BA|TEIXEIRA DE FREITAS,glp,9,60.0,55.0,65.0,55.0,65.0
2018-06,MUN,BA|VALENCA,glp,5,70.0,70.0,74.2,70.0,75.0
2018-06,MUN,BA|VARZEDO,glp,1,60.0,60.0,60.0,60.0,60.0
2018-06,MUN,BA|VITORIA DA CONQUISTA,glp,6,65.0,57.5,67.5,55.0,70.0
2018-06,MUN,CE|CANINDE,glp,4,65.75,65.0,66.85,65.0,67.0
2018-06,MUN,CE|CAUCAIA,glp,23,70.0,68.0,75.0,65.0,75.0
2018-06,MUN,CE|CRATEUS,glp,3,66.5,65.3,67.7,65.0,68.0
2018-06,MUN,CE|CRATO,glp,14,65.0,60.75,66.2,60.0,68.0
2018-06,MUN,CE|FORTALEZA,glp,95,76.0,75.0,80.0,69.0,80.0
2018-06,MUN,CE|ICO,glp,5,70.0,69.4,71.2,69.0,72.0
2018-06,MUN,CE|IGUATU,glp,3,66.5,65.3,66.9,65.0,67.0
2018-06,MUN,CE|ITAPIPOCA,glp,6,66.5,63.5,69.0,62.0,70.0
2018-06,MUN,CE|JUAZEIRO DO NORTE,glp,15,65.0,60.0,69.2,57.0,70.0
2018-06,MUN,CE|LIMOEIRO DO NORTE,glp,4,69.0,65.9,70.0,65.0,70.0
2018-06,MUN,CE|MARACANAU,glp,11,76.5,72.5,79.0,70.0,79.0
2018-06,MUN,CE|MAURITI,glp,1,70.0,70.0,70.0,70.0,70.0
2018-06,MUN,CE|QUIXADA,glp,7,69.0,65.9,72.0,65.0,75.0
2018-06,MUN,CE|SOBRAL,glp,7,68.0,65.0,68.0,65.0,68.0
2018-06,MUN,DF|BRASILIA,glp,42,70.0,70.0,80.0,70.0,85.0
2018-06,MUN,ES|ARACRUZ,glp,9,60.0,58.0,66.8,58.0,74.0
2018-06,MUN,ES|CACHOEIRO DE ITAPEMIRIM,glp,11,65.0,64.9,69.0,63.0,70.0
2018-06,MUN,ES|CARIACICA,glp,66,65.0,60.0,65.0,60.0,68.0
2018-06,MUN,ES|COLATINA,glp,8,63.75,57.2,65.3,56.5,66.0
2018-06,MUN,ES|GUARAPARI,glp,16,70.0,65.0,70.0,60.0,72.0
2018-06,MUN,ES|LINHARES,glp,15,65.0,60.0,73.0,60.0,75.0
2018-06,MUN,ES|SAO MATEUS,glp,5,65.0,60.0,70.0,60.0,70.0
2018-06,MUN,ES|SERRA,glp,64,62.5,60.0,65.0,59.99,68.0
2018-06,MUN,ES|VILA VELHA,glp,26,61.0,60.0,65.0,60.0,65.0
2018-06,MUN,ES|VITORIA,glp,24,65.0,63.3,69.33,62.0,70.0
2018-06,MUN,GO|AGUAS LINDAS DE GOIAS,glp,10,69.5,69.0,70.0,69.0,70.0
2018-06,MUN,GO|ANAPOLIS,glp,38,70.0,70.0,75.0,68.0,75.0
2018-06,MUN,GO|APARECIDA DE GOIANIA,glp,25,70.0,70.0,72.0,69.0,75.0
2018-06,MUN,GO|CALDAS NOVAS,glp,10,70.0,70.0,72.0,70.0,72.0
2018-06,MUN,GO|CATALAO,glp,10,72.0,70.0,72.0,70.0,72.0
2018-06,MUN,GO|FORMOSA,glp,14,72.0,71.3,72.85,70.0,73.0
2018-06,MUN,GO|GOIANIA,glp,60,75.0,75.0,80.0,70.0,80.0
2018-06,MUN,GO|GOIATUBA,glp,4,77.0,71.5,79.7,70.0,80.0
2018-06,MUN,GO|ITUMBIARA,glp,6,85.0,82.5,85.0,80.0,85.0
2018-06,MUN,GO|JATAI,glp,18,78.0,76.0,78.0,75.0,78.0
2018-06,MUN,GO|LUZIANIA,glp,17,70.0,70.0,72.0,70.0,72.0
2018-06,MUN,GO|MINEIROS,glp,7,70.0,70.0,70.8,70.0,72.0
2018-06,MUN,GO|MORRINHOS,glp,7,75.0,71.2,75.0,70.0,75.0
2018-06,MUN,GO|PORANGATU,glp,15,72.0,70.0,73.0,70.0,73.0
2018-06,MUN,GO|RIO VERDE,glp,14,74.0,72.3,75.0,72.0,75.0
2018-06,MUN,GO|TRINDADE,glp,22,75.0,75.0,78.0,75.0,80.0
2018-06,MUN,GO|VALPARAISO DE GOIAS,glp,12,70.0,69.5,70.0,69.0,70.0
2018-06,MUN,MA|ACAILANDIA,glp,3,80.0,80.0,80.0,80.0,80.0
2018-06,MUN,MA|BACABAL,glp,4,78.5,75.9,79.35,75.0,79.5
2018-06,MUN,MA|BALSAS,glp,4,90.0,86.5,90.0,85.0,90.0
2018-06,MUN,MA|BARRA DO CORDA,glp,5,80.0,80.0,83.8,80.0,85.0
2018-06,MUN,MA|CAXIAS,glp,3,70.0,70.0,70.0,70.0,70.0
2018-06,MUN,MA|CODO,glp,3,75.0,75.0,75.0,75.0,75.0
2018-06,MUN,MA|IMPERATRIZ,glp,21,75.0,68.0,75.0,68.0,80.0
2018-06,MUN,MA|PINHEIRO,glp,5,80.0,78.8,80.0,78.0,80.0
2018-06,MUN,MA|PRESIDENTE DUTRA,glp,3,75.0,73.0,75.0,72.5,75.0
2018-06,MUN,MA|SANTA INES,glp,3,72.0,70.4,72.0,70.0,72.0
2018-06,MUN,MA|SAO JOSE DE RIBAMAR,glp,6,64.993,64.99,65.498,64.99,65.995
2018-06,MUN,MA|SAO LUIS,glp,48,64.99,64.99,65.0,64.99,65.0
2018-06,MUN,MG|ALFENAS,glp,8,68.75,64.25,70.0,62.5,70.0
2018-06,MUN,MG|ARAGUARI,glp,6,75.0,70.0,77.5,70.0,80.0
2018-06,MUN,MG|ARAXA,glp,3,70.0,70.0,72.4,70.0,73.0
2018-06,MUN,MG|BARBACENA,glp,12,70.0,70.0,74.5,70.0,80.0
2018-06,MUN,MG|BELO HORIZONTE,glp,25,75.0,70.0,80.0,65.0,80.0
2018-06,MUN,MG|BETIM,glp,11,67.5,65.0,73.45,65.0,75.0
2018-06,MUN,MG|BOM DESPACHO,glp,5,75.0,69.0,76.9,65.0,76.9
2018-06,MUN,MG|CAMPO BELO,glp,4,70.0,70.0,70.0,70.0,70.0
2018-06,MUN,MG|CARATINGA,glp,3,75.0,75.0,75.0,75.0,75.0
2018-06,MUN,MG|CONGONHAS,glp,6,71.0,70.0,71.0,70.0,71.0
2018-06,MUN,MG|CONSELHEIRO LAFAIETE,glp,7,70.0,68.0,72.0,65.0,75.0
2018-06,MUN,MG|CONTAGEM,glp,13,70.0,70.0,77.4,70.0,78.0
2018-06,MUN,MG|CORONEL FABRICIANO,glp,6,70.0,69.0,72.5,68.0,75.0
2018-06,MUN,MG|CURVELO,glp,7,65.0,65.0,67.0,65.0,70.0
2018-06,MUN,MG|DIVINOPOLIS,glp,19,70.0,67.0,73.0,65.0,75.0
2018-06,MUN,MG|FORMIGA,glp,6,75.0,71.0,79.5,70.0,80.0
2018-06,MUN,MG|FRUTAL,glp,5,65.0,63.497,68.9,62.495,69.5
2018-06,MUN,MG|GOVERNADOR VALADARES,glp,8,74.0,68.5,75.0,65.0,75.0
2018-06,MUN,MG|GUAXUPE,glp,6,65.0,64.0,70.0,63.0,70.0
2018-06,MUN,MG|IPATINGA,glp,16,72.25,68.25,75.0,65.0,75.0
2018-06,MUN,MG|ITABIRA,glp,6,72.5,69.5,76.5,69.0,78.0
2018-06,MUN,MG|ITAJUBA,glp,9,63.0,60.0,65.0,60.0,65.0
2018-06,MUN,MG|ITAUNA,glp,9,70.0,69.6,70.0,68.0,70.0
2018-06,MUN,MG|ITUIUTABA,glp,15,70.0,66.2,75.6,65.0,80.0
2018-06,MUN,MG|JANAUBA,glp,3,75.0,72.6,76.6,72.0,77.0
2018-06,MUN,MG|JANUARIA,glp,10,88.5,85.0,90.0,85.0,90.0
2018-06,MUN,MG|JOAO MONLEVADE,glp,9,65.0,60.0,70.0,60.0,70.0
2018-06,MUN,MG|JOAO PINHEIRO,glp,11,72.5,70.0,75.0,65.0,75.0
2018-06,MUN,MG|JUIZ DE FORA,glp,23,75.0,70.0,80.0,70.0,85.0
2018-06,MUN,MG|LAVRAS,glp,8,65.0,65.0,65.75,65.0,67.5
2018-06,MUN,MG|LEOPOLDINA,glp,7,75.0,65.0,77.6,65.0,80.0
2018-06,MUN,MG|MANHUACU,glp,8,69.0,64.97,72.9,64.9,75.0
2018-06,MUN,MG|MONTE CARMELO,glp,8,66.5,65.0,70.0,65.0,70.0
2018-06,MUN,MG|MONTES CLAROS,glp,22,75.0,75.0,76.8,75.0,77.0
2018-06,MUN,MG|MURIAE,glp,6,70.0,70.0,74.0,70.0,75.0
2018-06,MUN,MG|NOVA LIMA,glp,5,75.0,70.0,75.0,70.0,75.0
2018-06,MUN,MG|OLIVEIRA,glp,6,70.0,69.9,72.5,69.9,75.0
2018-06,MUN,MG|OURO PRETO,glp,6,75.0,73.5,78.5,73.0,79.0
2018-06,MUN,MG|PARA DE MINAS,glp,4,79.0,72.7,79.0,70.0,79.0
2018-06,MUN,MG|PARACATU,glp,9,75.0,70.0,80.0,70.0,80.0
2018-06,MUN,MG|PASSOS,glp,18,70.0,65.0,70.0,65.0,72.0
2018-06,MUN,MG|PATOS DE MINAS,glp,6,70.0,70.0,71.25,70.0,72.5
2018-06,MUN,MG|PATROCINIO,glp,4,70.0,70.0,70.0,70.0,70.0
2018-06,MUN,MG|POCOS DE CALDAS,glp,16,68.75,65.0,70.0,65.0,75.0
2018-06,MUN,MG|POUSO ALEGRE,glp,7,70.0,64.6,71.0,64.0,72.5
2018-06,MUN,MG|SABARA,glp,8,68.5,65.0,71.5,65.0,75.0
2018-06,MUN,MG|SAO JOAO DEL REI,glp,16,70.0,67.5,70.0,65.0,73.0
2018-06,MUN,MG|SAO SEBASTIAO DO PARAISO,glp,15,68.5,67.5,73.0,67.5,80.0
2018-06,MUN,MG|SETE LAGOAS,glp,19,72.0,68.0,75.0,67.5,80.0
2018-06,MUN,MG|TEOFILO OTONI,glp,18,65.0,65.0,69.0,60.0,69.0
2018-06,MUN,MG|TIMOTEO,glp,6,75.0,71.0,75.0,70.0,75.0
2018-06,MUN,MG|TRES CORACOES,glp,10,68.0,64.0,70.5,64.0,75.0
2018-06,MUN,MG|UBA,glp,10,75.0,74.5,80.0,70.0,80.0
2018-06,MUN,MG|UBERABA,glp,19,70.0,65.0,70.0,65.0,75.0
2018-06,MUN,MG|UBERLANDIA,glp,31,75.0,70.0,80.0,68.0,80.0
2018-06,MUN,MG|UNAI,glp,4,85.0,81.5,85.0,80.0,85.0
2018-06,MUN,MG|VARGINHA,glp,13,63.0,60.0,65.0,60.0,68.0
2018-06,MUN,MG|VICOSA,glp,3,70.0,70.0,74.0,70.0,75.0
2018-06,MUN,MS|CAMPO GRANDE,glp,220,78.0,75.0,79.0,70.0,80.0
2018-06,MUN,MS|CORUMBA,glp,5,90.0,86.0,90.0,85.0,90.0
2018-06,MUN,MS|COXIM,glp,6,82.0,82.0,83.5,82.0,85.0
2018-06,MUN,MS|DOURADOS,glp,28,75.0,70.0,76.5,69.45,80.0
2018-06,MUN,MS|NOVA ANDRADINA,glp,11,80.0,77.5,85.0,75.0,85.0
2018-06,MUN,MS|PONTA PORA,glp,3,65.0,64.2,73.0,64.0,75.0
2018-06,MUN,MS|TRES LAGOAS,glp,7,65.0,60.0,68.6,60.0,74.0
2018-06,MUN,MT|ALTA FLORESTA,glp,6,108.0,105.0,109.25,105.0,110.0
2018-06,MUN,MT|CACERES,glp,8,85.0,78.5,85.9,75.0,88.0
2018-06,MUN,MT|CUIABA,glp,167,95.0,90.0,100.0,90.0,115.0
2018-06,MUN,MT|LUCAS DO RIO VERDE,glp,1,108.0,108.0,108.0,108.0,108.0
2018-06,MUN,MT|RONDONOPOLIS,glp,11,100.0,95.0,100.0,95.0,105.0
2018-06,MUN,MT|SINOP,glp,13,97.5,95.0,100.0,95.0,105.0
2018-06,MUN,MT|SORRISO,glp,8,100.0,96.75,108.0,95.0,115.0
2018-06,MUN,MT|VARZEA GRANDE,glp,41,95.0,90.0,100.0,90.0,100.0
2018-06,MUN,PA|ABAETETUBA,glp,6,65.0,64.5,72.0,64.0,72.0
2018-06,MUN,PA|ALENQUER,glp,3,80.0,80.0,82.4,80.0,83.0
2018-06,MUN,PA|ALTAMIRA,glp,9,85.0,81.6,106.0,80.0,110.0
2018-06,MUN,PA|ANANINDEUA,glp,27,66.5,61.2,70.0,60.0,80.0
2018-06,MUN,PA|BELEM,glp,59,65.0,60.0,65.6,60.0,75.0
2018-06,MUN,PA|BRAGANCA,glp,6,80.0,80.0,85.0,80.0,85.0
2018-06,MUN,PA|CAMETA,glp,5,70.0,67.0,73.0,65.0,75.0
2018-06,MUN,PA|CASTANHAL,glp,5,70.0,67.0,75.0,65.0,75.0
2018-06,MUN,PA|CONCEICAO DO ARAGUAIA,glp,3,85.0,77.0,89.0,75.0,90.0
2018-06,MUN,PA|ITAITUBA,glp,6,85.0,80.0,88.0,80.0,88.0
2018-06,MUN,PA|MARABA,glp,8,80.0,75.0,85.0,75.0,85.0
2018-06,MUN,PA|PARAGOMINAS,glp,3,85.0,85.0,88.2,85.0,89.0
2018-06,MUN,PA|PARAUAPEBAS,glp,4,90.0,90.0,90.0,90.0,90.0
2018-06,MUN,PA|REDENCAO,glp,5,95.0,95.0,95.0,95.0,95.0
2018-06,MUN,PA|SANTAREM,glp,21,68.0,65.0,70.0,62.0,72.5
2018-06,MUN,PA|XINGUARA,glp,6,90.0,88.75,92.5,88.5,95.0
2018-06,MUN,PB|BAYEUX,glp,5,65.0,65.0,70.0,65.0,70.0
2018-06,MUN,PB|CABEDELO,glp,7,60.0,60.0,68.2,60.0,70.0
2018-06,MUN,PB|CAMPINA GRANDE,glp,24,65.0,64.996,70.0,60.0,70.0
2018-06,MUN,PB|ITABAIANA,glp,1,65.0,65.0,65.0,65.0,65.0
2018-06,MUN,PB|JOAO PESSOA,glp,20,70.0,70.0,70.0,70.0,70.0
2018-06,MUN,PB|PATOS,glp,4,66.0,65.0,69.1,65.0,70.0
2018-06,MUN,PB|SOUSA,glp,3,62.0,58.8,64.4,58.0,65.0
2018-06,MUN,PE|ARARIPINA,glp,5,75.0,70.0,75.0,70.0,75.0
2018-06,MUN,PE|ARCOVERDE,glp,6,70.0,70.0,72.5,70.0,75.0
2018-06,MUN,PE|BELO JARDIM,glp,2,63.75,62.75,64.75,62.5,65.0
2018-06,MUN,PE|CABO DE SANTO AGOSTINHO,glp,10,65.0,62.25,65.5,60.0,70.0
2018-06,MUN,PE|CACHOEIRINHA,glp,1,60.0,60.0,60.0,60.0,60.0
2018-06,MUN,PE|CARUARU,glp,9,65.0,63.2,65.0,60.0,65.0
2018-06,MUN,PE|GARANHUNS,glp,6,65.0,65.0,65.0,65.0,65.0
2018-06,MUN,PE|GOIANA,glp,4,60.0,60.0,63.5,60.0,65.0
2018-06,MUN,PE|IGARASSU,glp,15,65.0,60.0,65.0,60.0,65.0
2018-06,MUN,PE|JABOATAO DOS GUARARAPES,glp,20,65.0,60.0,65.0,60.0,67.5
2018-06,MUN,PE|LAJEDO,glp,3,60.0,60.0,60.0,60.0,60.0
2018-06,MUN,PE|OLINDA,glp,23,60.0,60.0,65.0,60.0,65.0
2018-06,MUN,PE|PAULISTA,glp,9,65.0,64.0,66.0,60.0,70.0
2018-06,MUN,PE|PETROLINA,glp,12,60.0,60.0,63.85,60.0,65.0
2018-06,MUN,PE|RECIFE,glp,37,65.0,60.0,70.0,60.0,70.0
2018-06,MUN,PE|SALGUEIRO,glp,3,70.0,68.0,74.0,67.5,75.0
2018-06,MUN,PE|SANTA CRUZ DO CAPIBARIBE,glp,6,66.25,65.0,68.75,65.0,70.0
2018-06,MUN,PE|SERRA TALHADA,glp,3,75.0,73.4,75.0,73.0,75.0
2018-06,MUN,PE|VITORIA DE SANTO ANTAO,glp,10,60.0,60.0,62.3,60.0,65.0
2018-06,MUN,PI|PARNAIBA,glp,4,80.0,80.0,81.4,80.0,82.0
2018-06,MUN,PI|PICOS,glp,3,70.0,65.2,74.0,64.0,75.0
2018-06,MUN,PI|PIRIPIRI,glp,5,75.0,75.0,80.0,75.0,80.0
2018-06,MUN,PI|TERESINA,glp,42,70.0,65.0,75.0,60.0,75.0
2018-06,MUN,PR|APUCARANA,glp,14,66.5,65.0,70.0,60.0,70.0
2018-06,MUN,PR|ARAPONGAS,glp,17,65.0,64.54,65.0,64.0,70.0
2018-06,MUN,PR|ARAUCARIA,glp,14,63.5,60.0,65.0,60.0,70.0
2018-06,MUN,PR|ASSIS CHATEAUBRIAND,glp,5,85.0,82.0,87.4,80.0,88.0
2018-06,MUN,PR|CAMBE,glp,15,70.0,68.4,72.5,67.5,73.0
2018-06,MUN,PR|CAMPO LARGO,glp,15,61.9,58.0,65.0,58.0,65.0
2018-06,MUN,PR|CAMPO MOURAO,glp,13,68.0,65.0,74.5,64.9,78.0
2018-06,MUN,PR|CASCAVEL,glp,19,75.0,71.6,80.0,70.0,80.0
2018-06,MUN,PR|CASTRO,glp,6,71.0,65.0,77.5,65.0,80.0
2018-06,MUN,PR|CIANORTE,glp,19,68.5,65.0,70.4,65.0,72.5
2018-06,MUN,PR|COLOMBO,glp,19,70.0,66.0,70.0,65.0,70.0
2018-06,MUN,PR|CORNELIO PROCOPIO,glp,5,75.0,75.0,75.0,75.0,75.0
2018-06,MUN,PR|CURITIBA,glp,32,65.0,64.0,70.0,60.0,70.0
2018-06,MUN,PR|CURIUVA,glp,1,67.5,67.5,67.5,67.5,67.5
2018-06,MUN,PR|FOZ DO IGUACU,glp,17,80.0,75.0,80.0,70.0,80.0
2018-06,MUN,PR|FRANCISCO BELTRAO,glp,8,65.0,64.25,67.4,62.5,73.0
2018-06,MUN,PR|GUARAPUAVA,glp,12,65.0,64.955,77.7,60.0,80.0
2018-06,MUN,PR|JESUITAS,glp,1,80.0,80.0,80.0,80.0,80.0
2018-06,MUN,PR|LONDRINA,glp,58,70.0,68.0,75.0,60.0,77.0
2018-06,MUN,PR|MARECHAL CANDIDO RONDON,glp,4,72.5,70.0,77.1,70.0,78.0
2018-06,MUN,PR|MARINGA,glp,25,80.0,75.0,83.0,70.0,90.0
2018-06,MUN,PR|PARANAGUA,glp,9,55.0,55.0,60.0,55.0,60.0
2018-06,MUN,PR|PARANAVAI,glp,15,75.0,70.0,75.0,65.0,75.0
2018-06,MUN,PR|PATO BRAGADO,glp,1,83.0,83.0,83.0,83.0,83.0
2018-06,MUN,PR|PATO BRANCO,glp,9,75.0,73.0,76.0,73.0,76.0
2018-06,MUN,PR|PINHAIS,glp,16,68.5,64.0,73.5,60.0,75.0
2018-06,MUN,PR|PONTA GROSSA,glp,12,60.0,59.54,62.45,59.0,64.0
2018-06,MUN,PR|SANTO ANTONIO DA PLATINA,glp,13,65.0,60.0,68.92,60.0,72.0
2018-06,MUN,PR|SAO JOSE DOS PINHAIS,glp,13,69.0,68.0,70.0,65.0,75.0
2018-06,MUN,PR|SERTANOPOLIS,glp,1,75.0,75.0,75.0,75.0,75.0
2018-06,MUN,PR|TOLEDO,glp,16,83.75,80.0,86.0,77.5,88.0
2018-06,MUN,PR|UMUARAMA,glp,8,73.75,70.0,75.0,70.0,75.0
2018-06,MUN,PR|UNIAO DA VITORIA,glp,5,72.0,69.4,75.3,69.0,75.5
2018-06,MUN,RJ|ANGRA DOS REIS,glp,6,71.45,65.0,75.0,65.0,75.0
2018-06,MUN,RJ|ARARUAMA,glp,6,60.0,56.25,60.0,55.0,60.0
2018-06,MUN,RJ|BARRA DO PIRAI,glp,4,69.45,68.93,69.97,68.9,70.0
2018-06,MUN,RJ|BARRA MANSA,glp,10,65.5,63.39,70.0,57.9,70.0
2018-06,MUN,RJ|BELFORD ROXO,glp,6,60.0,57.0,65.0,55.0,65.0
2018-06,MUN,RJ|CABO FRIO,glp,5,60.0,57.0,63.0,55.0,65.0
2018-06,MUN,RJ|CAMPOS DOS GOYTACAZES,glp,25,65.0,60.8,70.9,60.0,76.0
2018-06,MUN,RJ|DUQUE DE CAXIAS,glp,22,60.0,57.1,62.0,55.0,62.0
2018-06,MUN,RJ|ITABORAI,glp,5,62.5,61.4,65.0,61.0,65.0
2018-06,MUN,RJ|ITAGUAI,glp,3,66.4,65.28,66.4,65.0,66.4
2018-06,MUN,RJ|ITAPERUNA,glp,4,60.0,58.6,63.5,58.0,65.0
2018-06,MUN,RJ|MACAE,glp,6,65.0,61.25,66.0,60.0,67.0
2018-06,MUN,RJ|MAGE,glp,4,52.5,51.3,64.9,51.0,70.0
2018-06,MUN,RJ|MARICA,glp,5,65.0,62.0,68.0,60.0,70.0
2018-06,MUN,RJ|NILOPOLIS,glp,6,60.0,60.0,62.5,60.0,65.0
2018-06,MUN,RJ|NITEROI,glp,7,60.0,60.0,65.2,60.0,70.0
2018-06,MUN,RJ|NOVA FRIBURGO,glp,5,65.0,62.0,66.8,60.0,67.0
2018-06,MUN,RJ|NOVA IGUACU,glp,19,65.0,64.0,65.0,58.0,65.0
2018-06,MUN,RJ|PETROPOLIS,glp,7,70.0,63.14,72.0,53.0,75.0
2018-06,MUN,RJ|RESENDE,glp,6,75.0,75.0,77.5,75.0,80.0
2018-06,MUN,RJ|RIO BONITO,glp,3,55.0,55.0,55.0,55.0,55.0
2018-06,MUN,RJ|RIO DE JANEIRO,glp,79,62.0,55.0,75.0,49.9,80.0
2018-06,MUN,RJ|SANTO ANTONIO DE PADUA,glp,2,61.0,55.4,66.6,54.0,68.0
2018-06,MUN,RJ|SAO FRANCISCO DE ITABAPOANA,glp,3,67.5,65.5,69.5,65.0,70.0
2018-06,MUN,RJ|SAO GONCALO,glp,8,60.0,60.0,62.6,60.0,64.0
2018-06,MUN,RJ|SAO JOAO DE MERITI,glp,8,60.0,60.0,60.9,60.0,63.0
2018-06,MUN,RJ|SAPUCAIA,glp,3,62.5,62.1,70.9,62.0,73.0
2018-06,MUN,RJ|SAQUAREMA,glp,5,58.0,56.5,59.6,55.5,60.0
2018-06,MUN,RJ|TERESOPOLIS,glp,6,68.0,64.0,72.5,63.0,73.0
2018-06,MUN,RJ|TRES RIOS,glp,2,62.5,60.5,64.5,60.0,65.0
2018-06,MUN,RJ|VALENCA,glp,4,70.0,66.5,72.8,65.0,74.0
2018-06,MUN,RJ|VOLTA REDONDA,glp,10,64.945,62.9,66.1,62.0,67.0
2018-06,MUN,RN|CAICO,glp,5,65.0,64.4,66.5,64.0,67.5
2018-06,MUN,RN|MOSSORO,glp,9,62.5,60.0,65.0,60.0,65.0
2018-06,MUN,RN|NATAL,glp,53,66.5,62.5,70.0,60.0,70.0
2018-06,MUN,RN|PARNAMIRIM,glp,12,62.0,60.0,68.0,60.0,70.0
2018-06,MUN,RO|ARIQUEMES,glp,4,80.0,76.5,82.1,75.0,83.0
2018-06,MUN,RO|CACOAL,glp,5,87.0,86.4,88.0,86.0,88.0
2018-06,MUN,RO|JI-PARANA,glp,6,78.0,72.5,82.5,70.0,85.0
2018-06,MUN,RO|PIMENTA BUENO,glp,4,91.0,90.65,91.0,90.5,91.0
2018-06,MUN,RO|PORTO VELHO,glp,44,70.0,68.0,77.0,67.0,78.0
2018-06,MUN,RO|VILHENA,glp,9,82.0,80.0,86.4,80.0,88.0
2018-06,MUN,RR|BOA VISTA,glp,40,80.0,79.0,82.0,78.0,82.0
2018-06,MUN,RS|ALEGRETE,glp,7,78.0,73.0,82.0,70.0,85.0
2018-06,MUN,RS|ALVORADA,glp,7,60.0,59.6,63.3,59.0,64.5
2018-06,MUN,RS|BAGE,glp,25,70.75,68.0,75.0,65.0,75.0
2018-06,MUN,RS|BENTO GONCALVES,glp,3,68.0,66.4,68.8,66.0,69.0
2018-06,MUN,RS|CACHOEIRA DO SUL,glp,7,60.0,56.5,63.5,55.0,65.0
2018-06,MUN,RS|CACHOEIRINHA,glp,6,66.0,63.75,69.5,62.5,70.0
2018-06,MUN,RS|CANOAS,glp,14,61.5,59.3,67.7,58.5,69.0
2018-06,MUN,RS|CAXIAS DO SUL,glp,44,69.9,65.0,75.0,60.0,77.0
2018-06,MUN,RS|CRUZ ALTA,glp,3,59.45,59.09,59.89,59.0,60.0
2018-06,MUN,RS|ERECHIM,glp,9,82.0,75.0,84.0,75.0,84.0
2018-06,MUN,RS|ESTEIO,glp,12,63.25,60.0,65.0,59.0,70.0
2018-06,MUN,RS|GRAMADO,glp,4,79.0,72.05,83.5,69.5,85.0
2018-06,MUN,RS|GRAVATAI,glp,9,65.0,65.0,65.4,65.0,67.0
2018-06,MUN,RS|GUAIBA,glp,7,68.0,65.0,72.0,65.0,75.0
2018-06,MUN,RS|IJUI,glp,7,73.5,69.6,75.0,69.0,75.0
2018-06,MUN,RS|LAJEADO,glp,11,70.0,68.0,75.0,67.5,75.0
2018-06,MUN,RS|NOVO HAMBURGO,glp,13,62.5,60.0,69.0,60.0,70.0
2018-06,MUN,RS|OSORIO,glp,8,69.475,65.0,70.0,65.0,70.0
2018-06,MUN,RS|PASSO FUNDO,glp,23,65.0,65.0,70.0,60.0,72.0
2018-06,MUN,RS|PELOTAS,glp,16,66.5,58.0,70.0,55.0,70.0
2018-06,MUN,RS|PORTO ALEGRE,glp,40,67.0,62.81,72.3,60.0,75.0
2018-06,MUN,RS|RIO GRANDE,glp,9,65.0,61.6,70.0,60.0,70.0
2018-06,MUN,RS|SANTA CRUZ DO SUL,glp,17,72.0,69.4,76.8,68.0,79.0
2018-06,MUN,RS|SANTA MARIA,glp,82,72.0,69.0,77.25,65.0,85.0
2018-06,MUN,RS|SANTA ROSA,glp,7,79.0,77.3,85.4,77.0,86.0
2018-06,MUN,RS|SANTANA DO LIVRAMENTO,glp,12,61.25,57.5,64.8,55.0,65.0
2018-06,MUN,RS|SANTO ANGELO,glp,3,70.0,70.0,74.0,70.0,75.0
2018-06,MUN,RS|SAO GABRIEL,glp,10,75.0,74.5,75.3,70.0,78.0
2018-06,MUN,RS|SAO LEOPOLDO,glp,10,62.5,60.0,65.0,60.0,65.0
2018-06,MUN,RS|SAO LUIZ GONZAGA,glp,5,70.0,70.0,77.0,70.0,79.0
2018-06,MUN,RS|SAPIRANGA,glp,5,68.0,66.0,78.0,66.0,78.0
2018-06,MUN,RS|SAPUCAIA DO SUL,glp,19,65.0,59.9,70.38,57.5,72.0
2018-06,MUN,RS|TORRES,glp,6,77.5,72.75,85.0,70.5,85.0
2018-06,MUN,RS|URUGUAIANA,glp,13,70.0,70.0,79.6,70.0,80.0
2018-06,MUN,RS|VACARIA,glp,5,80.0,76.2,80.0,75.0,80.0
2018-06,MUN,RS|VIAMAO,glp,17,65.0,63.0,70.0,60.0,77.0
2018-06,MUN,SC|ARARANGUA,glp,4,64.0,63.0,67.8,63.0,69.0
2018-06,MUN,SC|BALNEARIO CAMBORIU,glp,4,75.0,75.0,75.0,75.0,75.0
2018-06,MUN,SC|BIGUACU,glp,2,60.0,60.0,60.0,60.0,60.0
2018-06,MUN,SC|BLUMENAU,glp,7,75.0,70.0,80.2,70.0,85.0
2018-06,MUN,SC|BRUSQUE,glp,7,65.0,61.2,67.0,60.0,67.0
2018-06,MUN,SC|CACADOR,glp,4,70.0,70.0,73.5,70.0,75.0
2018-06,MUN,SC|CHAPECO,glp,5,78.5,77.9,80.0,77.5,80.0
2018-06,MUN,SC|CONCORDIA,glp,4,65.0,65.0,67.1,65.0,68.0
2018-06,MUN,SC|CRICIUMA,glp,10,71.25,70.0,75.0,70.0,75.0
2018-06,MUN,SC|FLORIANOPOLIS,glp,21,70.0,70.0,73.0,70.0,76.5
2018-06,MUN,SC|ITAJAI,glp,7,65.0,63.1,71.0,62.5,72.5
2018-06,MUN,SC|JARAGUA DO SUL,glp,5,65.9,64.9,70.18,64.9,72.0
2018-06,MUN,SC|JOINVILLE,glp,6,71.25,69.0,77.0,69.0,79.0
2018-06,MUN,SC|LAGES,glp,7,65.0,63.0,70.0,60.0,70.0
2018-06,MUN,SC|LAGUNA,glp,4,67.5,65.0,70.0,65.0,70.0
2018-06,MUN,SC|MAFRA,glp,6,72.45,69.45,76.0,69.0,77.0
2018-06,MUN,SC|PALHOCA,glp,2,63.95,62.79,65.11,62.5,65.4
2018-06,MUN,SC|SAO JOSE,glp,4,65.0,61.5,65.0,60.0,65.0
2018-06,MUN,SC|TUBARAO,glp,6,65.0,64.75,70.0,64.5,70.0
2018-06,MUN,SC|VIDEIRA,glp,6,75.0,72.5,75.0,70.0,75.0
2018-06,MUN,SC|XANXERE,glp,5,80.0,76.6,80.0,75.0,80.0
2018-06,MUN,SE|ARACAJU,glp,17,80.0,76.5,85.0,70.0,85.0
2018-06,MUN,SE|ITABAIANA,glp,3,70.0,66.0,74.0,65.0,75.0
2018-06,MUN,SE|LAGARTO,glp,4,73.75,70.75,75.0,70.0,75.0
2018-06,MUN,SE|NOSSA SENHORA DO SOCORRO,glp,7,75.0,70.0,78.2,70.0,80.0
2018-06,MUN,SP|ADAMANTINA,glp,3,65.0,60.2,65.8,59.0,66.0
2018-06,MUN,SP|AMERICANA,glp,18,65.0,60.0,70.0,60.0,70.0
2018-06,MUN,SP|AMPARO,glp,5,72.0,65.0,73.8,65.0,75.0
2018-06,MUN,SP|ARACATUBA,glp,35,65.0,65.0,65.0,60.0,65.0
2018-06,MUN,SP|ARARAQUARA,glp,12,75.0,70.0,82.3,70.0,83.0
2018-06,MUN,SP|ARARAS,glp,11,66.0,65.9,80.0,65.8,85.0
2018-06,MUN,SP|ASSIS,glp,7,65.0,65.0,65.6,65.0,66.5
2018-06,MUN,SP|ATIBAIA,glp,10,70.0,65.0,72.5,65.0,72.5
2018-06,MUN,SP|AVARE,glp,11,65.0,62.5,65.0,60.0,70.0
2018-06,MUN,SP|BARRETOS,glp,5,63.0,60.0,67.2,60.0,70.0
2018-06,MUN,SP|BARUERI,glp,13,65.5,60.6,69.8,60.0,72.5
2018-06,MUN,SP|BAURU,glp,29,67.0,65.0,70.4,60.0,75.0
2018-06,MUN,SP|BEBEDOURO,glp,12,70.0,65.25,75.0,65.0,80.0
2018-06,MUN,SP|BIRIGUI,glp,18,65.0,61.75,70.0,60.0,70.0
2018-06,MUN,SP|BOTUCATU,glp,19,60.0,50.0,65.0,50.0,65.0
2018-06,MUN,SP|BRAGANCA PAULISTA,glp,7,65.0,60.0,65.0,60.0,65.0
2018-06,MUN,SP|CACAPAVA,glp,6,62.5,56.0,70.0,52.0,70.0
2018-06,MUN,SP|CAMPINAS,glp,35,63.0,59.994,70.0,58.0,70.0
2018-06,MUN,SP|CARAGUATATUBA,glp,5,60.0,60.0,66.8,60.0,68.0
2018-06,MUN,SP|CARAPICUIBA,glp,14,67.5,65.0,70.0,65.0,70.0
2018-06,MUN,SP|CATANDUVA,glp,15,70.0,63.8,70.0,59.95,75.0
2018-06,MUN,SP|COSMOPOLIS,glp,5,62.0,60.4,63.5,60.0,64.5
2018-06,MUN,SP|COTIA,glp,8,72.5,61.8,75.0,59.0,75.0
2018-06,MUN,SP|CRUZEIRO,glp,11,55.0,55.0,60.0,53.0,62.5
2018-06,MUN,SP|CUBATAO,glp,8,75.0,65.0,80.0,65.0,80.0
2018-06,MUN,SP|DIADEMA,glp,22,71.0,65.3,75.0,65.0,77.0
2018-06,MUN,SP|DRACENA,glp,3,70.0,68.4,71.6,68.0,72.0
2018-06,MUN,SP|EMBU DAS ARTES,glp,5,70.0,65.0,73.0,65.0,75.0
2018-06,MUN,SP|FRANCA,glp,15,65.0,60.0,73.0,60.0,75.0
2018-06,MUN,SP|GARCA,glp,7,70.0,65.0,70.0,65.0,70.0
2018-06,MUN,SP|GUARATINGUETA,glp,18,60.0,56.33,70.0,55.0,72.0
2018-06,MUN,SP|GUARUJA,glp,10,69.995,69.9,80.0,69.9,80.0
2018-06,MUN,SP|GUARULHOS,glp,35,65.0,60.0,69.954,56.0,75.0
2018-06,MUN,SP|HORTOLANDIA,glp,9,63.0,59.4,68.0,57.0,70.0
2018-06,MUN,SP|IBITINGA,glp,9,72.0,69.6,75.0,68.0,75.0
2018-06,MUN,SP|INDAIATUBA,glp,14,70.0,65.0,70.0,65.0,75.0
2018-06,MUN,SP|ITANHAEM,glp,6,67.5,61.25,72.5,60.0,75.0
2018-06,MUN,SP|ITAPECERICA DA SERRA,glp,7,69.0,65.0,78.8,65.0,80.0
2018-06,MUN,SP|ITAPETININGA,glp,13,65.0,61.0,70.0,55.0,70.0
2018-06,MUN,SP|ITAPEVA,glp,5,75.0,67.0,78.0,65.0,80.0
2018-06,MUN,SP|ITAPIRA,glp,4,63.5,62.0,65.0,62.0,65.0
2018-06,MUN,SP|ITAPOLIS,glp,13,72.5,70.2,75.0,70.0,78.5
2018-06,MUN,SP|ITAQUAQUECETUBA,glp,17,69.99,59.996,70.0,56.0,75.0
2018-06,MUN,SP|ITATIBA,glp,4,66.0,65.0,69.1,65.0,70.0
2018-06,MUN,SP|ITU,glp,7,65.0,60.0,67.42,60.0,70.0
2018-06,MUN,SP|JABOTICABAL,glp,5,69.99,63.2,69.998,62.0,70.0
2018-06,MUN,SP|JACAREI,glp,11,59.0,59.0,60.0,55.0,69.0
2018-06,MUN,SP|JALES,glp,8,67.5,63.05,70.0,62.0,70.0
2018-06,MUN,SP|JAU,glp,9,70.0,65.0,71.0,65.0,75.0
2018-06,MUN,SP|JOSE BONIFACIO,glp,4,62.75,60.75,66.15,60.0,67.5
2018-06,MUN,SP|JUNDIAI,glp,11,70.0,69.9,80.0,60.0,80.0
2018-06,MUN,SP|LEME,glp,12,60.0,55.15,70.0,55.0,70.0
2018-06,MUN,SP|LIMEIRA,glp,13,70.0,61.6,70.0,60.0,70.0
2018-06,MUN,SP|LINS,glp,9,70.0,65.0,70.0,65.0,70.0
2018-06,MUN,SP|LORENA,glp,22,60.0,55.0,70.0,55.0,79.0
2018-06,MUN,SP|MARILIA,glp,6,75.0,74.0,75.0,73.0,75.0
2018-06,MUN,SP|MATAO,glp,11,70.0,70.0,75.0,69.0,75.0
2018-06,MUN,SP|MAUA,glp,23,60.0,59.0,64.6,55.0,65.0
2018-06,MUN,SP|MIRASSOL,glp,12,62.5,57.75,65.0,57.5,70.0
2018-06,MUN,SP|MOCOCA,glp,7,70.0,70.0,70.8,70.0,72.0
2018-06,MUN,SP|MOGI DAS CRUZES,glp,31,60.0,58.0,65.0,54.99,68.5
2018-06,MUN,SP|MOGI GUACU,glp,11,65.0,60.0,65.0,60.0,70.0
2018-06,MUN,SP|MOGI MIRIM,glp,8,60.0,59.4,61.5,58.0,65.0
2018-06,MUN,SP|MONTE ALTO,glp,9,65.0,65.0,72.6,65.0,75.0
2018-06,MUN,SP|OLIMPIA,glp,7,58.0,57.8,62.0,57.5,65.0
2018-06,MUN,SP|OSASCO,glp,25,70.0,65.0,76.8,60.0,85.0
2018-06,MUN,SP|OURINHOS,glp,12,65.0,60.3,69.5,59.0,70.0
2018-06,MUN,SP|PARAGUACU PAULISTA,glp,12,70.0,70.0,70.0,70.0,73.0
2018-06,MUN,SP|PAULINIA,glp,8,62.75,61.842,65.9,61.495,68.0
2018-06,MUN,SP|PINDAMONHANGABA,glp,7,56.0,54.8,60.8,54.5,62.0
2018-06,MUN,SP|PIRACICABA,glp,20,70.0,65.0,75.0,65.0,75.0
2018-06,MUN,SP|PIRASSUNUNGA,glp,2,70.0,66.0,74.0,65.0,75.0
2018-06,MUN,SP|POA,glp,12,58.245,54.991,65.0,54.0,65.0
2018-06,MUN,SP|PORTO FERREIRA,glp,3,60.0,57.6,60.0,57.0,60.0
2018-06,MUN,SP|PRAIA GRANDE,glp,16,68.995,64.5,70.0,63.0,80.0
2018-06,MUN,SP|PRESIDENTE PRUDENTE,glp,32,64.0,60.0,67.25,57.9,69.0
2018-06,MUN,SP|PRESIDENTE VENCESLAU,glp,6,65.0,63.0,65.0,63.0,65.0
2018-06,MUN,SP|RIBEIRAO PIRES,glp,10,60.0,59.886,62.75,58.9,65.0
2018-06,MUN,SP|RIBEIRAO PRETO,glp,34,80.0,75.0,85.7,68.0,90.0
2018-06,MUN,SP|RIO CLARO,glp,7,60.0,60.0,65.0,60.0,65.0
2018-06,MUN,SP|SALTO,glp,12,61.0,60.0,65.0,60.0,70.0
2018-06,MUN,SP|SANTA BARBARA D'OESTE,glp,14,60.0,60.0,66.75,60.0,70.0
2018-06,MUN,SP|SANTA CRUZ DO RIO PARDO,glp,12,70.5,70.0,75.0,65.0,78.0
2018-06,MUN,SP|SANTO ANDRE,glp,35,66.0,60.0,74.996,59.99,79.9
2018-06,MUN,SP|SANTOS,glp,18,72.0,67.393,80.832,60.0,86.1
2018-06,MUN,SP|SAO BERNARDO DO CAMPO,glp,20,70.0,62.7,74.91,60.0,75.0
2018-06,MUN,SP|SAO CAETANO DO SUL,glp,4,75.0,69.993,80.0,69.99,80.0
2018-06,MUN,SP|SAO CARLOS,glp,15,72.0,68.9,81.6,68.0,85.0
2018-06,MUN,SP|SAO JOAO DA BOA VISTA,glp,8,68.0,65.7,70.9,65.0,73.0
2018-06,MUN,SP|SAO JOSE DO RIO PRETO,glp,29,67.5,60.0,70.0,58.0,78.0
2018-06,MUN,SP|SAO JOSE DOS CAMPOS,glp,20,70.0,69.8,75.0,65.0,85.0
2018-06,MUN,SP|SAO PAULO,glp,112,67.995,59.909,75.0,52.0,85.0
2018-06,MUN,SP|SAO ROQUE,glp,9,70.0,67.0,73.4,63.0,79.0
2018-06,MUN,SP|SAO VICENTE,glp,22,65.0,60.1,72.7,58.99,80.0
2018-06,MUN,SP|SERTAOZINHO,glp,12,69.5,68.0,70.0,65.0,70.0
2018-06,MUN,SP|SOROCABA,glp,31,67.0,63.0,70.0,55.0,75.0
2018-06,MUN,SP|SUMARE,glp,8,67.5,65.0,71.5,65.0,75.0
2018-06,MUN,SP|SUZANO,glp,13,65.0,58.4,65.0,57.5,69.0
2018-06,MUN,SP|TABOAO DA SERRA,glp,6,75.0,65.0,75.0,65.0,75.0
2018-06,MUN,SP|TATUI,glp,8,70.0,66.4,70.0,65.0,70.0
2018-06,MUN,SP|TAUBATE,glp,8,57.998,57.35,60.9,57.0,63.0
2018-06,MUN,SP|TUPA,glp,6,65.0,65.0,67.5,65.0,70.0
2018-06,MUN,SP|UBATUBA,glp,11,65.0,53.5,70.0,50.0,75.0
2018-06,MUN,SP|VALINHOS,glp,8,68.95,66.7,70.0,66.0,70.0
2018-06,MUN,SP|VARZEA PAULISTA,glp,7,60.0,58.0,70.0,55.0,70.0
2018-06,MUN,SP|VINHEDO,glp,6,68.998,67.0,69.475,66.0,69.5
2018-06,MUN,SP|VOTORANTIM,glp,20,64.5,58.9,66.65,55.0,75.0
2018-06,MUN,SP|VOTUPORANGA,glp,6,67.5,60.0,70.0,60.0,70.0
2018-06,MUN,TO|ARAGUAINA,glp,13,85.0,85.0,90.0,80.0,95.0
2018-06,MUN,TO|GURUPI,glp,33,81.5,80.0,85.0,77.5,85.0
2018-06,MUN,TO|PALMAS,glp,32,85.0,80.0,85.0,80.0,90.0
2018-06,MUN,TO|PARAISO DO TOCANTINS,glp,7,95.0,89.6,95.0,89.0,95.0
2018-06,MUN,TO|PORTO NACIONAL,glp,10,90.0,85.0,90.0,85.0,90.0
2018-06,UF,AC,glp,66,78.0,75.0,80.0,72.0,85.0
2018-06,UF,AL,glp,64,65.0,65.0,70.0,60.0,75.0
2018-06,UF,AM,glp,113,70.0,66.0,78.0,63.0,85.0
2018-06,UF,AP,glp,17,75.0,65.6,78.0,62.0,79.0
2018-06,UF,BA,glp,268,60.0,55.0,70.0,50.0,76.0
2018-06,UF,CE,glp,198,75.0,65.0,78.0,57.0,80.0
2018-06,UF,DF,glp,42,70.0,70.0,80.0,70.0,85.0
2018-06,UF,ES,glp,244,65.0,60.0,68.0,56.5,75.0
2018-06,UF,GO,glp,289,72.0,70.0,78.0,68.0,85.0
2018-06,UF,MA,glp,108,66.998,64.99,80.0,64.99,90.0
2018-06,UF,MG,glp,583,70.0,65.0,76.98,60.0,90.0
2018-06,UF,MS,glp,280,77.0,73.0,80.0,60.0,90.0
2018-06,UF,MT,glp,255,95.0,90.0,100.0,75.0,115.0
2018-06,UF,PA,glp,176,68.0,60.0,88.75,60.0,110.0
2018-06,UF,PB,glp,64,66.5,60.6,70.0,58.0,70.0
2018-06,UF,PE,glp,184,65.0,60.0,70.0,60.0,75.0
2018-06,UF,PI,glp,54,70.0,65.0,78.5,60.0,82.0
2018-06,UF,PR,glp,437,70.0,62.5,80.0,55.0,90.0
2018-06,UF,RJ,glp,294,64.25,57.0,74.997,49.9,80.0
2018-06,UF,RN,glp,79,65.0,60.0,70.0,60.0,70.0
2018-06,UF,RO,glp,72,75.0,68.1,87.0,67.0,91.0
2018-06,UF,RR,glp,40,80.0,79.0,82.0,78.0,82.0
2018-06,UF,RS,glp,495,70.0,60.0,76.0,55.0,86.0
2018-06,UF,SC,glp,126,70.0,64.7,76.75,60.0,85.0
2018-06,UF,SE,glp,31,77.5,70.0,84.0,65.0,85.0
2018-06,UF,SP,glp,1460,65.0,60.0,75.0,50.0,90.0
2018-06,UF,TO,glp,95,85.0,80.0,90.0,77.5,95.0
2018-07,BR,BR,glp,6660,69.9,60.0,80.0,50.0,115.0
2018-07,MUN,AC|CRUZEIRO DO SUL,glp,5,78.0,78.0,84.0,78.0,88.0
2018-07,MUN,AC|RIO BRANCO,glp,59,79.0,75.8,80.0,74.0,83.0
2018-07,MUN,AL|ARAPIRACA,glp,8,63.75,60.0,65.9,60.0,68.0
2018-07,MUN,AL|DELMIRO GOUVEIA,glp,2,73.75,72.75,74.75,72.5,75.0
2018-07,MUN,AL|MACEIO,glp,44,70.0,65.0,70.0,64.99,70.0
2018-07,MUN,AL|PALMEIRA DOS INDIOS,glp,8,65.0,63.5,70.0,60.0,70.0
2018-07,MUN,AL|RIO LARGO,glp,5,65.0,54.0,68.0,50.0,70.0
2018-07,MUN,AM|ITACOATIARA,glp,11,85.0,78.0,85.0,78.0,85.0
2018-07,MUN,AM|MANACAPURU,glp,5,79.0,78.4,79.6,78.0,80.0
2018-07,MUN,AM|MANAUS,glp,137,69.5,65.0,72.0,63.0,75.0
2018-07,MUN,AM|PARINTINS,glp,2,75.0,75.0,75.0,75.0,75.0
2018-07,MUN,AM|TEFE,glp,3,72.0,72.0,72.0,72.0,72.0
2018-07,MUN,AP|MACAPA,glp,20,76.0,69.99,78.0,62.0,80.0
2018-07,MUN,AP|SANTANA,glp,10,69.0,65.9,70.0,65.0,70.0
2018-07,MUN,BA|ALAGOINHAS,glp,4,61.5,60.0,64.4,60.0,65.0
2018-07,MUN,BA|BARREIRAS,glp,5,70.0,67.0,71.5,65.0,72.5
2018-07,MUN,BA|BRUMADO,glp,4,54.25,52.8,56.75,52.5,57.5
2018-07,MUN,BA|CAETITE,glp,6,60.0,57.75,63.0,57.5,65.0
2018-07,MUN,BA|CAMACARI,glp,13,62.0,60.0,68.0,60.0,69.0
2018-07,MUN,BA|EUNAPOLIS,glp,9,65.5,64.0,68.1,60.0,68.5
2018-07,MUN,BA|FEIRA DE SANTANA,glp,18,60.0,55.0,65.0,55.0,70.0
2018-07,MUN,BA|GUANAMBI,glp,23,60.0,55.0,60.0,55.0,60.0
2018-07,MUN,BA|ILHEUS,glp,8,75.0,71.75,76.15,70.0,76.5
2018-07,MUN,BA|IPIRA,glp,3,65.0,59.4,67.4,58.0,68.0
2018-07,MUN,BA|IRECE,glp,11,55.0,53.0,60.0,52.5,60.0
2018-07,MUN,BA|ITABUNA,glp,8,65.0,61.5,66.5,58.0,70.0
2018-07,MUN,BA|ITAMARAJU,glp,4,62.5,60.0,65.0,60.0,65.0
2018-07,MUN,BA|JACOBINA,glp,6,60.0,54.0,60.0,50.0,60.0
2018-07,MUN,BA|JAGUAQUARA,glp,3,52.0,52.0,54.4,52.0,55.0
2018-07,MUN,BA|JEQUIE,glp,10,53.0,50.0,54.1,50.0,55.0
2018-07,MUN,BA|JUAZEIRO,glp,7,60.0,60.0,63.8,60.0,65.0
2018-07,MUN,BA|LAURO DE FREITAS,glp,15,63.0,59.4,66.2,55.0,68.0
2018-07,MUN,BA|LIVRAMENTO DE NOSSA SENHORA,glp,5,60.0,55.6,63.0,55.0,65.0
2018-07,MUN,BA|PAULO AFONSO,glp,6,71.25,69.5,75.0,69.0,75.0
2018-07,MUN,BA|POCOES,glp,4,60.0,58.3,61.7,58.0,62.0
2018-07,MUN,BA|PORTO SEGURO,glp,10,60.0,60.0,61.0,60.0,70.0
2018-07,MUN,BA|SALVADOR,glp,83,65.0,60.0,65.0,53.0,68.0
2018-07,MUN,BA|SANTANOPOLIS,glp,1,60.0,60.0,60.0,60.0,60.0
2018-07,MUN,BA|SANTO ANTONIO DE JESUS,glp,7,61.5,51.8,66.0,50.0,67.5
2018-07,MUN,BA|SENHOR DO BONFIM,glp,3,60.0,60.0,60.0,60.0,60.0
2018-07,MUN,BA|SERRINHA,glp,4,57.5,55.0,60.0,55.0,60.0
2018-07,MUN,BA|SIMOES FILHO,glp,10,60.0,55.0,69.1,55.0,70.0
2018-07,MUN,BA|TEIXEIRA DE FREITAS,glp,11,60.0,55.0,65.0,55.0,67.0
2018-07,MUN,BA|VALENCA,glp,6,70.0,67.5,70.0,65.0,70.0
2018-07,MUN,BA|VITORIA DA CONQUISTA,glp,6,65.75,65.0,68.0,65.0,68.0
2018-07,MUN,CE|CANINDE,glp,5,66.5,65.0,70.0,65.0,70.0
2018-07,MUN,CE|CAUCAIA,glp,19,73.5,70.0,75.0,70.0,78.0
2018-07,MUN,CE|CRATEUS,glp,4,66.25,65.0,68.55,65.0,69.0
2018-07,MUN,CE|CRATO,glp,15,65.0,65.0,66.3,61.0,70.0
2018-07,MUN,CE|FORTALEZA,glp,59,75.0,71.0,78.0,70.0,80.0
2018-07,MUN,CE|ICO,glp,3,70.0,70.0,70.0,70.0,70.0
2018-07,MUN,CE|IGUATU,glp,4,65.0,65.0,65.7,65.0,66.0
2018-07,MUN,CE|ITAPIPOCA,glp,7,68.0,65.0,70.0,65.0,70.0
2018-07,MUN,CE|JUAZEIRO DO NORTE,glp,10,65.0,64.5,65.0,60.0,65.0
2018-07,MUN,CE|LIMOEIRO DO NORTE,glp,4,70.0,66.5,70.0,65.0,70.0
2018-07,MUN,CE|MARACANAU,glp,11,75.0,75.0,77.5,70.0,80.0
2018-07,MUN,CE|QUIXADA,glp,5,70.0,66.2,70.0,65.0,70.0
2018-07,MUN,CE|SOBRAL,glp,6,65.0,63.75,68.0,62.5,68.0
2018-07,MUN,DF|BRASILIA,glp,44,70.0,70.0,78.5,65.0,85.0
2018-07,MUN,ES|ARACRUZ,glp,9,65.0,57.0,66.0,57.0,70.0
2018-07,MUN,ES|CACHOEIRO DE ITAPEMIRIM,glp,13,67.0,65.0,70.0,64.9,76.0
2018-07,MUN,ES|CARIACICA,glp,86,62.0,59.45,65.0,55.0,68.0
2018-07,MUN,ES|COLATINA,glp,8,61.75,55.1,65.0,53.0,65.0
2018-07,MUN,ES|GUARAPARI,glp,16,68.0,65.0,70.0,65.0,72.0
2018-07,MUN,ES|LINHARES,glp,16,65.0,60.0,75.0,59.9,75.0
2018-07,MUN,ES|SAO MATEUS,glp,5,65.0,60.0,68.0,60.0,70.0
2018-07,MUN,ES|SERRA,glp,84,62.0,60.0,65.0,58.0,68.0
2018-07,MUN,ES|VILA VELHA,glp,27,60.0,58.0,65.0,55.0,68.0
2018-07,MUN,ES|VITORIA,glp,24,65.0,65.0,69.4,64.0,70.0
2018-07,MUN,GO|AGUAS LINDAS DE GOIAS,glp,16,70.0,64.0,70.0,60.0,75.0
2018-07,MUN,GO|ANAPOLIS,glp,30,70.0,70.0,75.0,70.0,75.0
2018-07,MUN,GO|APARECIDA DE GOIANIA,glp,20,70.0,70.0,72.0,70.0,72.0
2018-07,MUN,GO|CALDAS NOVAS,glp,15,70.0,70.0,72.0,68.28,72.0
2018-07,MUN,GO|CATALAO,glp,16,70.0,65.0,72.0,65.0,80.0
2018-07,MUN,GO|FORMOSA,glp,20,72.0,70.0,76.1,68.0,84.0
2018-07,MUN,GO|GOIANIA,glp,49,75.0,75.0,80.0,70.0,80.0
2018-07,MUN,GO|GOIATUBA,glp,5,75.0,71.2,78.0,70.0,80.0
2018-07,MUN,GO|ITUMBIARA,glp,12,80.0,73.2,85.0,70.0,85.0
2018-07,MUN,GO|JATAI,glp,28,78.0,70.0,78.0,70.0,78.0
2018-07,MUN,GO|LUZIANIA,glp,21,70.0,65.0,72.0,60.0,75.0
2018-07,MUN,GO|MINEIROS,glp,9,70.0,69.6,70.4,68.0,72.0
2018-07,MUN,GO|MORRINHOS,glp,7,75.0,70.0,75.0,70.0,75.0
2018-07,MUN,GO|PORANGATU,glp,21,72.0,70.0,73.0,70.0,73.0
2018-07,MUN,GO|RIO VERDE,glp,18,73.0,68.5,75.0,65.0,75.0
2018-07,MUN,GO|TRINDADE,glp,26,75.0,75.0,78.0,75.0,80.0
2018-07,MUN,GO|VALPARAISO DE GOIAS,glp,21,70.0,69.0,70.0,65.0,73.0
2018-07,MUN,MA|ACAILANDIA,glp,4,80.0,76.5,80.0,75.0,80.0
2018-07,MUN,MA|BACABAL,glp,3,78.0,73.6,78.8,72.5,79.0
2018-07,MUN,MA|BALSAS,glp,6,85.0,82.5,88.75,80.0,90.0
2018-07,MUN,MA|BARRA DO CORDA,glp,4,80.0,80.0,81.4,80.0,82.0
2018-07,MUN,MA|CAXIAS,glp,3,60.0,60.0,68.0,60.0,70.0
2018-07,MUN,MA|CODO,glp,2,76.5,76.1,76.9,76.0,77.0
2018-07,MUN,MA|IMPERATRIZ,glp,30,75.0,68.0,80.0,60.0,80.0
2018-07,MUN,MA|PINHEIRO,glp,4,80.0,80.0,80.0,80.0,80.0
2018-07,MUN,MA|PRESIDENTE DUTRA,glp,3,75.0,71.0,75.0,70.0,75.0
2018-07,MUN,MA|SANTA INES,glp,4,72.0,70.6,72.0,70.0,72.0
2018-07,MUN,MA|SAO JOSE DE RIBAMAR,glp,9,64.99,64.99,64.996,64.99,65.0
2018-07,MUN,MA|SAO LUIS,glp,52,64.99,64.99,64.99,60.0,65.0
2018-07,MUN,MA|SAO LUIS GONZAGA DO MARANHAO,glp,1,78.0,78.0,78.0,78.0,78.0
2018-07,MUN,MG|ALFENAS,glp,8,70.0,65.0,70.0,65.0,70.0
2018-07,MUN,MG|ARAGUARI,glp,9,70.0,70.0,76.0,70.0,80.0
2018-07,MUN,MG|ARAXA,glp,5,65.0,65.0,70.0,65.0,70.0
2018-07,MUN,MG|BARBACENA,glp,17,70.0,68.0,72.0,65.0,80.0
2018-07,MUN,MG|BELO HORIZONTE,glp,24,75.0,70.0,80.0,65.0,80.0
2018-07,MUN,MG|BETIM,glp,12,67.3,65.0,70.0,64.0,75.0
2018-07,MUN,MG|BOM DESPACHO,glp,4,76.9,75.57,76.9,75.0,76.9
2018-07,MUN,MG|CAMPO BELO,glp,5,70.0,70.0,70.0,70.0,70.0
2018-07,MUN,MG|CARATINGA,glp,3,75.0,75.0,78.2,75.0,79.0
2018-07,MUN,MG|CONGONHAS,glp,8,71.0,70.0,71.0,70.0,71.0
2018-07,MUN,MG|CONSELHEIRO LAFAIETE,glp,8,66.5,63.5,70.0,60.0,70.0
2018-07,MUN,MG|CONTAGEM,glp,14,72.45,70.0,75.0,70.0,78.0
2018-07,MUN,MG|CORONEL FABRICIANO,glp,5,75.0,72.0,75.0,70.0,75.0
2018-07,MUN,MG|CURVELO,glp,6,65.0,60.0,68.75,60.0,70.0
2018-07,MUN,MG|DIVINOPOLIS,glp,17,70.0,68.0,72.0,65.0,78.0
2018-07,MUN,MG|FORMIGA,glp,6,74.0,69.5,77.5,68.0,80.0
2018-07,MUN,MG|FRUTAL,glp,5,70.0,70.0,71.2,70.0,72.0
2018-07,MUN,MG|GOVERNADOR VALADARES,glp,10,70.5,66.8,75.0,65.0,75.0
2018-07,MUN,MG|GUAXUPE,glp,8,65.0,62.85,65.9,62.5,68.0
2018-07,MUN,MG|IPATINGA,glp,16,75.0,70.0,75.0,70.0,75.0
2018-07,MUN,MG|ITABIRA,glp,5,70.5,70.0,75.0,70.0,75.0
2018-07,MUN,MG|ITAJUBA,glp,8,65.0,62.1,65.0,60.0,65.0
2018-07,MUN,MG|ITAUNA,glp,9,70.0,67.4,71.0,65.0,75.0
2018-07,MUN,MG|ITUIUTABA,glp,15,70.0,66.0,75.3,65.0,79.0
2018-07,MUN,MG|JANAUBA,glp,3,75.0,75.0,75.0,75.0,75.0
2018-07,MUN,MG|JANUARIA,glp,9,89.5,87.4,90.0,85.0,90.0
2018-07,MUN,MG|JOAO MONLEVADE,glp,9,65.0,60.0,66.0,60.0,70.0
2018-07,MUN,MG|JOAO PINHEIRO,glp,10,70.0,69.5,75.0,65.0,75.0
2018-07,MUN,MG|JUIZ DE FORA,glp,25,75.0,70.0,76.2,65.0,79.0
2018-07,MUN,MG|LAVRAS,glp,10,65.0,65.0,70.0,65.0,70.0
2018-07,MUN,MG|LEOPOLDINA,glp,7,75.0,70.0,77.0,70.0,80.0
2018-07,MUN,MG|MANHUACU,glp,7,75.0,68.0,75.0,65.0,75.0
2018-07,MUN,MG|MONTE CARMELO,glp,11,65.0,65.0,68.0,65.0,70.0
2018-07,MUN,MG|MONTES CLAROS,glp,26,75.0,75.0,76.0,75.0,77.0
2018-07,MUN,MG|MURIAE,glp,5,75.0,71.2,76.8,70.0,78.0
2018-07,MUN,MG|NOVA LIMA,glp,5,75.0,72.0,77.4,70.0,79.0
2018-07,MUN,MG|OLIVEIRA,glp,5,70.0,69.9,70.0,69.9,70.0
2018-07,MUN,MG|OURO PRETO,glp,6,74.5,71.25,77.5,70.0,77.5
2018-07,MUN,MG|PARA DE MINAS,glp,4,77.0,71.5,79.0,70.0,79.0
2018-07,MUN,MG|PARACATU,glp,10,70.0,70.0,75.0,70.0,75.0
2018-07,MUN,MG|PASSOS,glp,15,70.0,65.0,71.2,65.0,73.0
2018-07,MUN,MG|PATOS DE MINAS,glp,7,70.0,70.0,72.0,70.0,75.0
2018-07,MUN,MG|PATROCINIO,glp,6,65.0,65.0,69.0,65.0,70.0
2018-07,MUN,MG|POCOS DE CALDAS,glp,13,70.0,65.0,70.0,65.0,70.0
2018-07,MUN,MG|POUSO ALEGRE,glp,8,70.0,66.8,70.0,64.0,70.0
2018-07,MUN,MG|SABARA,glp,8,70.0,65.2,73.25,54.0,75.0
2018-07,MUN,MG|SAO JOAO DEL REI,glp,20,69.0,65.0,70.0,60.0,72.5
2018-07,MUN,MG|SAO SEBASTIAO DO PARAISO,glp,15,70.0,70.0,72.0,70.0,80.0
2018-07,MUN,MG|SETE LAGOAS,glp,14,67.0,60.0,75.0,57.0,75.0
2018-07,MUN,MG|TEOFILO OTONI,glp,17,68.0,65.0,69.4,65.0,70.0
2018-07,MUN,MG|TIMOTEO,glp,6,75.0,71.0,75.0,70.0,75.0
2018-07,MUN,MG|TRES CORACOES,glp,10,66.5,64.0,70.5,64.0,75.0
2018-07,MUN,MG|UBA,glp,12,71.5,65.0,75.0,65.0,75.0
2018-07,MUN,MG|UBERABA,glp,19,70.0,70.0,75.0,65.0,75.0
2018-07,MUN,MG|UBERLANDIA,glp,60,70.0,66.8,78.0,63.0,80.0
2018-07,MUN,MG|UNAI,glp,6,80.0,75.0,85.0,70.0,85.0
2018-07,MUN,MG|VARGINHA,glp,14,64.0,60.0,67.1,60.0,68.0
2018-07,MUN,MG|VICOSA,glp,3,75.0,67.0,79.0,65.0,80.0
2018-07,MUN,MS|CAMPO GRANDE,glp,106,75.0,65.0,78.0,64.9,80.0
2018-07,MUN,MS|CORUMBA,glp,6,90.0,88.75,92.5,87.5,95.0
2018-07,MUN,MS|COXIM,glp,7,82.0,82.0,84.4,82.0,85.0
2018-07,MUN,MS|DOURADOS,glp,32,75.0,67.29,80.0,65.0,80.0
2018-07,MUN,MS|NOVA ANDRADINA,glp,16,80.0,72.5,85.0,70.0,85.0
2018-07,MUN,MS|PONTA PORA,glp,4,66.0,65.0,76.1,65.0,80.0
2018-07,MUN,MS|TRES LAGOAS,glp,7,60.0,60.0,65.0,60.0,65.0
2018-07,MUN,MT|ALTA FLORESTA,glp,6,109.5,106.5,111.0,105.0,112.0
2018-07,MUN,MT|CACERES,glp,8,82.5,75.0,89.3,75.0,90.0
2018-07,MUN,MT|CUIABA,glp,168,95.0,90.0,100.0,90.0,115.0
2018-07,MUN,MT|RONDONOPOLIS,glp,14,96.5,95.0,100.0,80.0,105.0
2018-07,MUN,MT|SINOP,glp,17,100.0,95.0,105.0,90.0,105.0
2018-07,MUN,MT|SORRISO,glp,9,105.0,102.0,107.0,100.0,115.0
2018-07,MUN,MT|VARZEA GRANDE,glp,39,95.0,90.0,100.0,90.0,105.0
2018-07,MUN,PA|ABAETETUBA,glp,6,68.0,68.0,72.0,68.0,72.0
2018-07,MUN,PA|ALENQUER,glp,3,80.0,80.0,80.0,80.0,80.0
2018-07,MUN,PA|ALTAMIRA,glp,10,85.0,78.8,89.2,68.0,100.0
2018-07,MUN,PA|ANANINDEUA,glp,26,65.0,60.0,70.0,60.0,80.0
2018-07,MUN,PA|BELEM,glp,57,65.0,60.0,70.0,60.0,75.0
2018-07,MUN,PA|BRAGANCA,glp,6,80.0,78.5,80.0,77.0,80.0
2018-07,MUN,PA|CAMETA,glp,5,70.0,67.0,75.0,65.0,75.0
2018-07,MUN,PA|CASTANHAL,glp,5,72.0,70.0,75.0,70.0,75.0
2018-07,MUN,PA|CONCEICAO DO ARAGUAIA,glp,4,86.25,81.5,87.85,80.0,88.0
2018-07,MUN,PA|ITAITUBA,glp,6,86.5,82.0,88.0,80.0,88.0
2018-07,MUN,PA|MARABA,glp,9,75.0,75.0,85.0,75.0,85.0
2018-07,MUN,PA|PARAGOMINAS,glp,3,86.5,86.5,88.1,86.5,88.5
2018-07,MUN,PA|PARAUAPEBAS,glp,5,85.0,75.0,90.0,75.0,90.0
2018-07,MUN,PA|REDENCAO,glp,6,91.5,90.0,95.0,90.0,95.0
2018-07,MUN,PA|SANTAREM,glp,21,68.0,65.0,72.0,65.0,75.0
2018-07,MUN,PA|XINGUARA,glp,7,90.0,89.2,92.0,88.0,95.0
2018-07,MUN,PB|BAYEUX,glp,5,70.0,70.0,70.0,70.0,70.0
2018-07,MUN,PB|CABEDELO,glp,7,70.0,67.4,70.0,65.0,70.0
2018-07,MUN,PB|CAMPINA GRANDE,glp,23,65.0,63.0,69.0,60.0,70.0
2018-07,MUN,PB|ITABAIANA,glp,1,65.0,65.0,65.0,65.0,65.0
2018-07,MUN,PB|JOAO PESSOA,glp,21,70.0,65.0,70.0,65.0,70.0
2018-07,MUN,PB|PATOS,glp,5,67.0,62.0,69.4,60.0,70.0
2018-07,MUN,PB|SOUSA,glp,3,64.0,63.2,64.8,63.0,65.0
2018-07,MUN,PE|ARARIPINA,glp,3,75.0,71.0,75.0,70.0,75.0
2018-07,MUN,PE|ARCOVERDE,glp,8,70.0,69.997,72.15,69.99,72.5
2018-07,MUN,PE|BELO JARDIM,glp,2,60.0,60.0,60.0,60.0,60.0
2018-07,MUN,PE|CABO DE SANTO AGOSTINHO,glp,11,65.0,60.0,65.0,60.0,65.0
2018-07,MUN,PE|CARUARU,glp,8,63.75,60.0,65.0,60.0,65.0
2018-07,MUN,PE|GARANHUNS,glp,8,65.0,64.999,66.5,64.995,70.0
2018-07,MUN,PE|GOIANA,glp,4,64.498,62.95,65.698,62.5,66.0
2018-07,MUN,PE|IGARASSU,glp,16,65.0,60.0,65.0,60.0,65.0
2018-07,MUN,PE|JABOATAO DOS GUARARAPES,glp,23,65.0,60.0,65.0,60.0,65.0
2018-07,MUN,PE|LAJEDO,glp,5,60.0,60.0,65.0,60.0,65.0
2018-07,MUN,PE|OLINDA,glp,26,60.0,60.0,65.0,60.0,70.0
2018-07,MUN,PE|PAULISTA,glp,11,65.0,60.0,65.0,60.0,70.0
2018-07,MUN,PE|PETROLINA,glp,13,60.0,60.0,62.0,60.0,64.0
2018-07,MUN,PE|RECIFE,glp,42,65.0,60.0,69.5,60.0,70.0
2018-07,MUN,PE|SALGUEIRO,glp,3,70.0,70.0,70.0,70.0,70.0
2018-07,MUN,PE|SANTA CRUZ DO CAPIBARIBE,glp,6,65.0,65.0,70.0,65.0,70.0
2018-07,MUN,PE|SERRA TALHADA,glp,4,74.0,72.3,78.5,72.0,80.0
2018-07,MUN,PE|VITORIA DE SANTO ANTAO,glp,12,65.0,62.6,69.75,60.0,70.0
2018-07,MUN,PI|PARNAIBA,glp,3,80.0,80.0,81.6,80.0,82.0
2018-07,MUN,PI|PICOS,glp,2,72.5,70.5,74.5,70.0,75.0
2018-07,MUN,PI|PIRIPIRI,glp,4,77.5,75.0,81.4,75.0,82.0
2018-07,MUN,PI|TERESINA,glp,50,65.0,60.0,65.0,55.0,65.0
2018-07,MUN,PR|APUCARANA,glp,14,65.0,65.0,70.0,60.0,70.0
2018-07,MUN,PR|ARAPONGAS,glp,17,65.0,64.0,65.0,63.0,70.0
2018-07,MUN,PR|ARAUCARIA,glp,13,64.0,60.0,65.0,60.0,70.0
2018-07,MUN,PR|ASSIS CHATEAUBRIAND,glp,5,85.0,80.78,85.0,80.0,85.0
2018-07,MUN,PR|CAMBE,glp,16,70.0,70.0,74.0,65.0,75.0
2018-07,MUN,PR|CAMPO LARGO,glp,15,60.0,58.0,65.0,58.0,65.0
2018-07,MUN,PR|CAMPO MOURAO,glp,9,70.0,69.98,71.6,69.9,78.0
2018-07,MUN,PR|CASCAVEL,glp,21,75.0,72.0,78.0,70.0,80.0
2018-07,MUN,PR|CASTRO,glp,5,72.0,67.0,78.0,65.0,80.0
2018-07,MUN,PR|CIANORTE,glp,17,70.0,70.0,75.0,70.0,75.0
2018-07,MUN,PR|COLOMBO,glp,19,70.0,66.8,70.0,65.0,73.0
2018-07,MUN,PR|CORNELIO PROCOPIO,glp,7,75.0,75.0,75.0,75.0,75.0
2018-07,MUN,PR|CURITIBA,glp,34,65.0,64.0,70.0,60.0,75.0
2018-07,MUN,PR|FOZ DO IGUACU,glp,17,80.0,75.0,80.0,70.0,80.0
2018-07,MUN,PR|FRANCISCO BELTRAO,glp,11,67.0,63.5,67.0,60.0,75.0
2018-07,MUN,PR|GUARAPUAVA,glp,11,67.0,65.0,80.0,60.0,80.0
2018-07,MUN,PR|LONDRINA,glp,58,70.0,65.0,75.0,60.0,77.0
2018-07,MUN,PR|MARECHAL CANDIDO RONDON,glp,3,75.0,72.6,76.6,72.0,77.0
2018-07,MUN,PR|MARINGA,glp,24,80.0,75.0,80.0,75.0,90.0
2018-07,MUN,PR|PARANAGUA,glp,9,55.0,55.0,61.0,55.0,65.0
2018-07,MUN,PR|PARANAVAI,glp,16,75.0,70.0,75.0,70.0,75.0
2018-07,MUN,PR|PATO BRAGADO,glp,1,82.0,82.0,82.0,82.0,82.0
2018-07,MUN,PR|PATO BRANCO,glp,7,77.0,74.2,78.4,73.0,79.0
2018-07,MUN,PR|PINHAIS,glp,16,68.5,64.0,73.5,62.5,75.0
2018-07,MUN,PR|PONTA GROSSA,glp,13,60.0,59.54,64.8,59.25,65.0
2018-07,MUN,PR|RAMILANDIA,glp,1,80.0,80.0,80.0,80.0,80.0
2018-07,MUN,PR|SANTO ANTONIO DA PLATINA,glp,12,65.0,60.0,69.41,60.0,72.0
2018-07,MUN,PR|SAO JOSE DOS PINHAIS,glp,13,69.0,65.6,69.8,65.0,75.0
2018-07,MUN,PR|TOLEDO,glp,29,85.0,80.0,85.0,75.0,86.5
2018-07,MUN,PR|UMUARAMA,glp,11,70.0,70.0,75.0,65.0,75.0
2018-07,MUN,PR|UNIAO DA VITORIA,glp,5,76.0,73.2,76.0,72.0,76.0
2018-07,MUN,RJ|ANGRA DOS REIS,glp,6,69.5,66.5,73.9,65.0,73.9
2018-07,MUN,RJ|ARARUAMA,glp,6,55.0,53.5,60.0,53.0,60.0
2018-07,MUN,RJ|BARRA DO PIRAI,glp,5,69.9,68.94,70.0,68.9,70.0
2018-07,MUN,RJ|BARRA MANSA,glp,10,66.5,61.59,70.59,57.9,75.9
2018-07,MUN,RJ|BELFORD ROXO,glp,9,58.0,55.8,61.0,55.0,65.0
2018-07,MUN,RJ|CABO FRIO,glp,5,62.0,58.8,63.8,58.0,65.0
2018-07,MUN,RJ|CAMPOS DOS GOYTACAZES,glp,28,63.0,55.347,67.9,55.0,76.0
2018-07,MUN,RJ|DUQUE DE CAXIAS,glp,33,60.0,55.0,60.0,55.0,65.0
2018-07,MUN,RJ|ITABORAI,glp,6,65.0,62.5,68.75,60.0,69.0
2018-07,MUN,RJ|ITAGUAI,glp,3,66.4,65.28,66.4,65.0,66.4
2018-07,MUN,RJ|ITAPERUNA,glp,4,60.0,58.6,60.0,58.0,60.0
2018-07,MUN,RJ|MACAE,glp,5,64.5,60.6,66.9,60.0,67.5
2018-07,MUN,RJ|MAGE,glp,5,60.0,53.2,68.0,52.0,70.0
2018-07,MUN,RJ|MARICA,glp,4,65.0,61.5,68.5,60.0,70.0
2018-07,MUN,RJ|NILOPOLIS,glp,6,60.0,60.0,65.0,60.0,65.0
2018-07,MUN,RJ|NITEROI,glp,10,60.0,58.6,64.1,55.0,65.0
2018-07,MUN,RJ|NOVA FRIBURGO,glp,5,71.0,62.0,72.2,60.0,73.0
2018-07,MUN,RJ|NOVA IGUACU,glp,30,65.0,55.0,65.0,55.0,65.0
2018-07,MUN,RJ|PETROPOLIS,glp,8,60.995,54.997,71.43,54.99,75.0
2018-07,MUN,RJ|RESENDE,glp,6,75.0,75.0,75.0,75.0,75.0
2018-07,MUN,RJ|RIO BONITO,glp,4,56.25,55.0,59.25,55.0,60.0
2018-07,MUN,RJ|RIO DE JANEIRO,glp,83,65.0,55.0,75.0,50.0,80.0
2018-07,MUN,RJ|SANTO ANTONIO DE PADUA,glp,3,60.0,56.4,66.4,55.5,68.0
2018-07,MUN,RJ|SAO FRANCISCO DE ITABAPOANA,glp,2,67.5,65.5,69.5,65.0,70.0
2018-07,MUN,RJ|SAO GONCALO,glp,16,60.0,60.0,62.5,58.0,65.0
2018-07,MUN,RJ|SAO JOAO DE MERITI,glp,8,60.0,59.97,60.9,59.9,63.0
2018-07,MUN,RJ|SAPUCAIA,glp,3,62.0,56.4,70.8,55.0,73.0
2018-07,MUN,RJ|SAQUAREMA,glp,5,58.0,56.196,60.0,55.0,60.0
2018-07,MUN,RJ|TERESOPOLIS,glp,6,65.0,63.0,71.75,63.0,72.0
2018-07,MUN,RJ|TRES RIOS,glp,3,60.0,60.0,64.0,60.0,65.0
2018-07,MUN,RJ|VALENCA,glp,5,65.0,65.0,72.4,65.0,74.0
2018-07,MUN,RJ|VOLTA REDONDA,glp,7,65.0,64.594,67.04,64.0,68.0
2018-07,MUN,RN|CAICO,glp,5,65.0,65.0,65.0,65.0,65.0
2018-07,MUN,RN|MOSSORO,glp,8,65.0,65.0,66.5,65.0,70.0
2018-07,MUN,RN|NATAL,glp,68,67.5,65.0,70.0,65.0,70.0
2018-07,MUN,RN|PARNAMIRIM,glp,15,65.0,64.4,69.0,62.5,70.0
2018-07,MUN,RO|ARIQUEMES,glp,4,80.0,77.2,80.0,76.0,80.0
2018-07,MUN,RO|CACOAL,glp,4,87.5,87.0,89.4,87.0,90.0
2018-07,MUN,RO|JI-PARANA,glp,10,77.0,75.9,80.5,75.0,85.0
2018-07,MUN,RO|PIMENTA BUENO,glp,4,91.0,90.3,91.0,90.0,91.0
2018-07,MUN,RO|PORTO VELHO,glp,45,71.5,68.0,75.0,67.0,77.0
2018-07,MUN,RO|VILHENA,glp,8,82.0,80.7,85.9,80.0,88.0
2018-07,MUN,RR|BOA VISTA,glp,41,80.0,80.0,82.0,78.0,82.0
2018-07,MUN,RS|ALEGRETE,glp,7,78.0,72.4,82.0,70.0,85.0
2018-07,MUN,RS|ALVORADA,glp,8,63.25,61.0,65.6,61.0,67.0
2018-07,MUN,RS|BAGE,glp,24,70.0,68.0,73.55,64.0,75.0
2018-07,MUN,RS|BENTO GONCALVES,glp,4,66.5,65.0,68.7,65.0,69.0
2018-07,MUN,RS|CACHOEIRA DO SUL,glp,9,57.0,55.0,60.0,55.0,60.0
2018-07,MUN,RS|CACHOEIRINHA,glp,11,67.0,65.0,69.0,60.0,70.0
2018-07,MUN,RS|CANOAS,glp,26,65.0,60.0,68.5,59.0,70.0
2018-07,MUN,RS|CAXIAS DO SUL,glp,56,70.0,65.0,75.0,65.0,79.0
2018-07,MUN,RS|CRUZ ALTA,glp,4,58.5,52.4,59.7,50.0,60.0
2018-07,MUN,RS|ERECHIM,glp,10,80.0,72.7,83.2,70.0,85.0
2018-07,MUN,RS|ESTEIO,glp,13,65.0,64.92,67.4,64.9,70.0
2018-07,MUN,RS|GRAMADO,glp,6,81.25,76.0,85.0,74.0,85.0
2018-07,MUN,RS|GRAVATAI,glp,8,65.0,65.0,67.3,65.0,68.0
2018-07,MUN,RS|GUAIBA,glp,8,67.5,65.0,71.5,65.0,75.0
2018-07,MUN,RS|IJUI,glp,6,71.0,69.0,77.0,68.0,79.0
2018-07,MUN,RS|LAJEADO,glp,10,70.5,69.25,75.0,62.5,75.0
2018-07,MUN,RS|NOVO HAMBURGO,glp,14,65.0,65.0,68.5,60.0,70.0
2018-07,MUN,RS|OSORIO,glp,7,70.0,66.2,70.0,65.0,70.0
2018-07,MUN,RS|PASSO FUNDO,glp,29,65.0,65.0,70.0,60.0,73.0
2018-07,MUN,RS|PELOTAS,glp,16,65.0,58.5,70.0,55.0,70.0
2018-07,MUN,RS|PORTO ALEGRE,glp,42,67.95,60.0,70.0,59.0,75.0
2018-07,MUN,RS|RIO GRANDE,glp,10,65.0,63.6,70.0,60.0,70.0
2018-07,MUN,RS|SANTA CRUZ DO SUL,glp,18,69.5,59.97,75.45,58.0,78.0
2018-07,MUN,RS|SANTA MARIA,glp,77,75.0,69.8,78.4,67.5,87.0
2018-07,MUN,RS|SANTA ROSA,glp,8,76.5,75.0,78.6,75.0,80.0
2018-07,MUN,RS|SANTANA DO LIVRAMENTO,glp,11,64.0,60.0,65.0,57.5,65.0
2018-07,MUN,RS|SANTO ANGELO,glp,6,73.0,70.0,77.5,70.0,80.0
2018-07,MUN,RS|SAO GABRIEL,glp,11,70.0,70.0,78.0,70.0,78.0
2018-07,MUN,RS|SAO LEOPOLDO,glp,13,62.0,57.9,66.8,55.0,69.0
2018-07,MUN,RS|SAO LUIZ GONZAGA,glp,5,70.0,70.0,79.0,70.0,79.0
2018-07,MUN,RS|SAPIRANGA,glp,7,67.0,65.0,78.0,65.0,78.0
2018-07,MUN,RS|SAPUCAIA DO SUL,glp,24,65.0,60.0,69.7,58.0,72.0
2018-07,MUN,RS|TORRES,glp,8,72.5,67.8,78.0,65.0,85.0
2018-07,MUN,RS|URUGUAIANA,glp,19,70.0,70.0,80.0,70.0,80.0
2018-07,MUN,RS|VACARIA,glp,10,76.5,69.8,80.2,68.0,82.0
2018-07,MUN,RS|VIAMAO,glp,31,66.9,65.0,70.0,62.0,77.0
2018-07,MUN,SC|ARARANGUA,glp,6,63.0,61.5,66.5,60.0,70.0
2018-07,MUN,SC|BALNEARIO CAMBORIU,glp,8,75.0,75.0,75.0,75.0,75.0
2018-07,MUN,SC|BIGUACU,glp,3,62.5,62.1,64.5,62.0,65.0
2018-07,MUN,SC|BLUMENAU,glp,17,75.0,70.0,85.0,69.0,85.0
2018-07,MUN,SC|BRUSQUE,glp,9,65.0,64.4,67.4,62.0,69.0
2018-07,MUN,SC|CACADOR,glp,4,70.0,69.3,73.5,69.0,75.0
2018-07,MUN,SC|CHAPECO,glp,5,80.0,80.0,80.0,80.0,80.0
2018-07,MUN,SC|CONCORDIA,glp,7,68.0,67.6,69.1,67.0,70.0
2018-07,MUN,SC|CRICIUMA,glp,12,69.5,65.25,71.0,65.0,75.0
2018-07,MUN,SC|FLORIANOPOLIS,glp,22,70.0,69.0,73.0,65.0,73.5
2018-07,MUN,SC|ITAJAI,glp,8,64.5,60.85,70.75,60.5,72.5
2018-07,MUN,SC|JARAGUA DO SUL,glp,8,65.65,61.75,69.83,60.0,72.0
2018-07,MUN,SC|JOINVILLE,glp,10,69.0,65.0,75.4,65.0,79.0
2018-07,MUN,SC|LAGES,glp,9,65.0,64.6,68.4,63.0,70.0
2018-07,MUN,SC|LAGUNA,glp,4,67.5,65.0,70.0,65.0,70.0
2018-07,MUN,SC|MAFRA,glp,7,70.0,69.54,77.4,69.0,78.0
2018-07,MUN,SC|PALHOCA,glp,4,65.95,62.17,67.7,61.0,68.0
2018-07,MUN,SC|SAO JOSE,glp,5,63.0,60.0,66.9,60.0,66.9
2018-07,MUN,SC|TUBARAO,glp,6,66.5,65.0,69.5,65.0,70.0
2018-07,MUN,SC|VIDEIRA,glp,9,75.0,74.0,77.0,70.0,85.0
2018-07,MUN,SC|XANXERE,glp,5,80.0,77.0,80.0,75.0,80.0
2018-07,MUN,SE|ARACAJU,glp,23,80.0,75.0,85.0,70.0,85.0
2018-07,MUN,SE|ITABAIANA,glp,3,73.0,70.6,74.6,70.0,75.0
2018-07,MUN,SE|LAGARTO,glp,4,70.0,70.0,73.5,70.0,75.0
2018-07,MUN,SE|NOSSA SENHORA DO SOCORRO,glp,9,75.0,70.0,75.0,70.0,75.0
2018-07,MUN,SP|ADAMANTINA,glp,4,65.5,65.0,67.4,65.0,68.0
2018-07,MUN,SP|AGUDOS,glp,1,62.0,62.0,62.0,62.0,62.0
2018-07,MUN,SP|AMERICANA,glp,15,65.0,62.0,65.0,60.0,66.5
2018-07,MUN,SP|AMPARO,glp,6,72.5,64.5,74.0,64.0,75.0
2018-07,MUN,SP|ARACATUBA,glp,38,65.0,65.0,65.0,61.0,65.0
2018-07,MUN,SP|ARARAQUARA,glp,12,75.0,70.0,84.15,70.0,85.0
2018-07,MUN,SP|ARARAS,glp,8,65.9,65.87,71.6,65.8,80.0
2018-07,MUN,SP|ASSIS,glp,10,65.0,62.7,68.0,60.0,68.0
2018-07,MUN,SP|ATIBAIA,glp,10,70.0,65.0,70.25,65.0,72.5
2018-07,MUN,SP|AVARE,glp,10,65.0,59.499,65.0,54.99,65.0
2018-07,MUN,SP|BARRETOS,glp,5,63.0,59.94,65.0,59.9,65.0
2018-07,MUN,SP|BARUERI,glp,12,65.0,63.0,68.0,60.0,70.0
2018-07,MUN,SP|BAURU,glp,38,66.75,61.7,70.0,60.0,72.0
2018-07,MUN,SP|BEBEDOURO,glp,13,67.5,61.8,74.0,60.0,78.0
2018-07,MUN,SP|BIRIGUI,glp,20,65.0,64.9,67.75,62.5,70.0
2018-07,MUN,SP|BOTUCATU,glp,21,50.0,50.0,60.0,50.0,65.0
2018-07,MUN,SP|BRAGANCA PAULISTA,glp,8,64.0,60.0,65.0,60.0,65.0
2018-07,MUN,SP|CACAPAVA,glp,9,65.0,55.0,70.0,55.0,70.0
2018-07,MUN,SP|CAMPINAS,glp,34,65.0,60.0,70.0,58.0,72.0
2018-07,MUN,SP|CARAGUATATUBA,glp,3,60.0,57.6,69.6,57.0,72.0
2018-07,MUN,SP|CARAPICUIBA,glp,12,70.0,63.2,70.0,60.0,70.0
2018-07,MUN,SP|CATANDUVA,glp,16,70.0,66.5,71.5,63.0,75.0
2018-07,MUN,SP|COSMOPOLIS,glp,5,63.0,60.8,65.0,60.0,65.0
2018-07,MUN,SP|COTIA,glp,8,71.75,63.0,76.5,63.0,80.0
2018-07,MUN,SP|CRUZEIRO,glp,14,55.0,53.0,59.1,53.0,61.0
2018-07,MUN,SP|CUBATAO,glp,10,72.5,65.0,80.0,65.0,80.0
2018-07,MUN,SP|DIADEMA,glp,20,72.0,62.7,75.0,59.995,75.0
2018-07,MUN,SP|DRACENA,glp,5,70.0,68.8,73.8,68.0,75.0
2018-07,MUN,SP|EMBU DAS ARTES,glp,5,70.0,65.0,74.2,65.0,77.0
2018-07,MUN,SP|FRANCA,glp,19,65.0,63.2,70.4,60.0,72.5
2018-07,MUN,SP|GARCA,glp,8,67.5,60.0,70.0,60.0,70.0
2018-07,MUN,SP|GUARATINGUETA,glp,21,59.0,55.0,69.0,54.99,72.0
2018-07,MUN,SP|GUARUJA,glp,10,70.0,68.1,75.0,60.0,75.0
2018-07,MUN,SP|GUARULHOS,glp,33,65.0,59.99,70.0,55.0,75.0
2018-07,MUN,SP|HORTOLANDIA,glp,8,67.5,62.6,70.0,57.0,70.0
2018-07,MUN,SP|IBITINGA,glp,11,72.0,70.0,75.0,68.0,75.0
2018-07,MUN,SP|INDAIATUBA,glp,12,70.0,65.0,70.0,65.0,72.5
2018-07,MUN,SP|ITANHAEM,glp,3,70.0,68.8,70.0,68.5,70.0
2018-07,MUN,SP|ITAPECERICA DA SERRA,glp,9,68.0,65.0,71.6,65.0,78.0
2018-07,MUN,SP|ITAPETININGA,glp,11,65.0,65.0,70.0,60.0,73.0
2018-07,MUN,SP|ITAPEVA,glp,6,70.0,65.0,77.5,65.0,80.0
2018-07,MUN,SP|ITAPIRA,glp,5,62.0,58.2,65.0,57.0,65.0
2018-07,MUN,SP|ITAPOLIS,glp,12,72.0,69.1,74.975,65.0,78.5
2018-07,MUN,SP|ITAQUAQUECETUBA,glp,19,59.99,59.972,65.0,59.9,69.99
2018-07,MUN,SP|ITATIBA,glp,4,66.0,65.0,69.1,65.0,70.0
2018-07,MUN,SP|ITU,glp,7,62.0,60.0,65.0,60.0,65.0
2018-07,MUN,SP|JABOTICABAL,glp,5,67.495,62.0,69.8,60.0,70.0
2018-07,MUN,SP|JACAREI,glp,14,59.0,57.6,62.45,55.0,65.0
2018-07,MUN,SP|JALES,glp,10,70.0,64.8,70.0,63.0,70.0
2018-07,MUN,SP|JAU,glp,11,65.0,65.0,69.0,65.0,69.0
2018-07,MUN,SP|JOSE BONIFACIO,glp,8,65.0,60.0,67.3,60.0,68.0
2018-07,MUN,SP|JUNDIAI,glp,11,70.0,60.0,75.0,60.0,78.0
2018-07,MUN,SP|LEME,glp,8,60.0,57.5,64.475,57.5,65.0
2018-07,MUN,SP|LIMEIRA,glp,18,70.0,60.0,70.0,60.0,70.0
2018-07,MUN,SP|LINS,glp,16,65.0,65.0,70.0,57.0,70.0
2018-07,MUN,SP|LORENA,glp,14,60.0,55.75,72.5,55.0,79.0
2018-07,MUN,SP|MARILIA,glp,11,75.0,72.0,75.0,65.0,75.0
2018-07,MUN,SP|MATAO,glp,15,70.0,68.74,75.0,67.0,75.0
2018-07,MUN,SP|MAUA,glp,21,60.0,55.0,63.0,55.0,70.0
2018-07,MUN,SP|MIRASSOL,glp,17,60.0,60.0,66.2,60.0,68.0
2018-07,MUN,SP|MOCOCA,glp,7,70.0,70.0,70.8,70.0,72.0
2018-07,MUN,SP|MOGI DAS CRUZES,glp,33,60.0,58.6,64.998,54.99,65.0
2018-07,MUN,SP|MOGI GUACU,glp,13,65.0,60.0,69.0,60.0,70.0
2018-07,MUN,SP|MOGI MIRIM,glp,9,60.0,58.0,61.0,50.0,65.0
2018-07,MUN,SP|MONTE ALTO,glp,11,65.2,65.0,72.0,65.0,72.0
2018-07,MUN,SP|OLIMPIA,glp,8,59.0,58.7,61.5,58.0,65.0
2018-07,MUN,SP|OSASCO,glp,29,67.0,62.0,75.0,60.0,85.0
2018-07,MUN,SP|OURINHOS,glp,12,65.0,60.3,70.0,60.0,70.0
2018-07,MUN,SP|PARAGUACU PAULISTA,glp,11,70.0,70.0,70.0,64.95,73.0
2018-07,MUN,SP|PAULINIA,glp,13,65.0,61.0,68.0,60.0,70.0
2018-07,MUN,SP|PINDAMONHANGABA,glp,7,56.0,55.0,63.0,55.0,63.0
2018-07,MUN,SP|PIRACICABA,glp,19,70.0,65.0,70.0,65.0,70.0
2018-07,MUN,SP|PIRASSUNUNGA,glp,2,62.5,60.5,64.5,60.0,65.0
2018-07,MUN,SP|POA,glp,12,60.0,59.996,65.0,57.49,65.0
2018-07,MUN,SP|PORTO FERREIRA,glp,3,60.0,60.0,60.0,60.0,60.0
2018-07,MUN,SP|PRAIA GRANDE,glp,13,70.0,65.5,77.0,63.0,99.0
2018-07,MUN,SP|PRESIDENTE PRUDENTE,glp,37,62.5,59.14,65.0,57.9,69.0
2018-07,MUN,SP|PRESIDENTE VENCESLAU,glp,8,65.0,60.0,66.5,60.0,70.0
2018-07,MUN,SP|RIBEIRAO PIRES,glp,14,60.0,57.965,62.0,57.0,65.0
2018-07,MUN,SP|RIBEIRAO PRETO,glp,42,80.0,74.1,85.0,68.0,90.0
2018-07,MUN,SP|RIO CLARO,glp,7,60.0,60.0,64.4,60.0,68.0
2018-07,MUN,SP|SALTO,glp,12,60.5,59.955,64.8,59.0,65.0
2018-07,MUN,SP|SANTA BARBARA D'OESTE,glp,16,65.0,60.0,65.0,60.0,65.0
2018-07,MUN,SP|SANTA CRUZ DO RIO PARDO,glp,17,70.0,68.4,73.2,65.0,78.0
2018-07,MUN,SP|SANTO ANDRE,glp,37,64.99,59.996,69.99,56.99,79.9
2018-07,MUN,SP|SANTOS,glp,28,70.0,66.33,81.25,60.0,90.0
2018-07,MUN,SP|SAO BERNARDO DO CAMPO,glp,20,68.5,63.9,73.2,60.0,75.0
2018-07,MUN,SP|SAO CAETANO DO SUL,glp,6,78.995,72.245,82.5,70.0,85.0
2018-07,MUN,SP|SAO CARLOS,glp,16,69.95,68.45,80.5,67.0,85.0
2018-07,MUN,SP|SAO JOAO DA BOA VISTA,glp,9,70.0,67.4,72.8,65.0,78.0
2018-07,MUN,SP|SAO JOSE DO RIO PRETO,glp,76,65.0,64.995,70.0,60.0,85.0
2018-07,MUN,SP|SAO JOSE DOS CAMPOS,glp,20,70.0,67.7,75.0,65.0,85.0
2018-07,MUN,SP|SAO PAULO,glp,120,68.99,59.999,78.0,55.0,88.0
2018-07,MUN,SP|SAO ROQUE,glp,8,69.5,65.0,70.0,65.0,70.0
2018-07,MUN,SP|SAO VICENTE,glp,22,61.9,58.99,70.89,58.0,80.0
2018-07,MUN,SP|SERTAOZINHO,glp,15,69.0,65.0,70.0,65.0,70.35
2018-07,MUN,SP|SOROCABA,glp,30,66.0,64.9,70.0,55.0,70.0
2018-07,MUN,SP|SUMARE,glp,10,69.0,64.7,72.75,62.0,75.0
2018-07,MUN,SP|SUZANO,glp,14,63.0,58.597,65.848,57.0,66.5
2018-07,MUN,SP|TABOAO DA SERRA,glp,6,72.5,64.25,75.0,63.5,75.0
2018-07,MUN,SP|TATUI,glp,8,66.5,63.5,71.5,60.0,75.0
2018-07,MUN,SP|TAUBATE,glp,8,60.0,60.0,63.4,60.0,65.5
2018-07,MUN,SP|TUPA,glp,8,66.5,65.0,68.6,65.0,70.0
2018-07,MUN,SP|UBATUBA,glp,11,65.0,51.0,70.0,50.0,75.0
2018-07,MUN,SP|VALINHOS,glp,6,68.0,65.9,70.0,65.9,70.0
2018-07,MUN,SP|VARZEA PAULISTA,glp,7,60.0,56.5,62.1,55.0,63.0
2018-07,MUN,SP|VINHEDO,glp,4,70.0,68.6,70.0,68.0,70.0
2018-07,MUN,SP|VOTORANTIM,glp,19,62.0,58.0,66.3,58.0,68.0
2018-07,MUN,SP|VOTUPORANGA,glp,7,70.0,65.0,72.0,65.0,75.0
2018-07,MUN,TO|ARAGUAINA,glp,12,85.0,80.0,90.0,80.0,90.0
2018-07,MUN,TO|GURUPI,glp,41,80.0,80.0,85.0,80.0,88.0
2018-07,MUN,TO|PALMAS,glp,29,85.0,80.0,85.2,80.0,86.0
2018-07,MUN,TO|PARAISO DO TOCANTINS,glp,9,95.0,89.8,95.0,89.0,95.0
2018-07,MUN,TO|PORTO NACIONAL,glp,13,90.0,90.0,90.0,85.0,90.0
2018-07,UF,AC,glp,64,78.5,76.0,80.0,74.0,88.0
2018-07,UF,AL,glp,67,70.0,63.994,70.0,50.0,75.0
2018-07,UF,AM,glp,158,70.0,65.0,75.9,63.0,85.0
2018-07,UF,AP,glp,30,75.0,66.0,78.0,62.0,80.0
2018-07,UF,BA,glp,313,60.0,55.0,68.0,50.0,76.5
2018-07,UF,CE,glp,152,71.0,65.0,76.5,60.0,80.0
2018-07,UF,DF,glp,44,70.0,70.0,78.5,65.0,85.0
2018-07,UF,ES,glp,288,64.0,60.0,68.0,53.0,76.0
2018-07,UF,GO,glp,334,72.0,70.0,78.0,60.0,85.0
2018-07,UF,MA,glp,125,65.0,64.99,80.0,60.0,90.0
2018-07,UF,MG,glp,632,70.0,65.0,75.0,54.0,90.0
2018-07,UF,MS,glp,178,75.0,65.0,80.0,60.0,95.0
2018-07,UF,MT,glp,261,95.0,90.0,100.0,75.0,115.0
2018-07,UF,PA,glp,179,70.0,60.0,88.0,60.0,100.0
2018-07,UF,PB,glp,65,69.0,65.0,70.0,60.0,70.0
2018-07,UF,PE,glp,205,65.0,60.0,70.0,60.0,80.0
2018-07,UF,PI,glp,59,65.0,60.0,75.0,55.0,82.0
2018-07,UF,PR,glp,449,70.0,63.0,80.0,55.0,90.0
2018-07,UF,RJ,glp,339,62.0,55.0,73.9,50.0,80.0
2018-07,UF,RN,glp,96,65.0,65.0,70.0,62.5,70.0
2018-07,UF,RO,glp,75,74.0,68.0,87.0,67.0,91.0
2018-07,UF,RR,glp,41,80.0,80.0,82.0,78.0,82.0
2018-07,UF,RS,glp,576,69.25,62.25,77.0,50.0,87.0
2018-07,UF,SC,glp,168,70.0,63.0,78.3,60.0,85.0
2018-07,UF,SE,glp,39,75.0,70.0,83.8,70.0,85.0
2018-07,UF,SP,glp,1619,65.0,60.0,75.0,50.0,99.0
2018-07,UF,TO,glp,104,85.0,80.0,90.0,80.0,95.0
2018-08,BR,BR,glp,6899,68.0,60.0,80.0,48.0,115.0
2018-08,MUN,AC|CRUZEIRO DO SUL,glp,5,80.0,80.0,87.6,80.0,88.0
2018-08,MUN,AC|RIO BRANCO,glp,58,78.0,75.85,81.15,74.0,90.0
2018-08,MUN,AL|ARAPIRACA,glp,6,65.0,62.5,65.0,60.0,65.0
2018-08,MUN,AL|DELMIRO GOUVEIA,glp,3,75.0,75.0,75.0,75.0,75.0
2018-08,MUN,AL|MACEIO,glp,53,70.0,70.0,70.0,69.0,70.0
2018-08,MUN,AL|PALMEIRA DOS INDIOS,glp,5,70.0,67.0,70.0,65.0,70.0
2018-08,MUN,AL|RIO LARGO,glp,5,65.0,65.0,70.0,65.0,70.0
2018-08,MUN,AM|ITACOATIARA,glp,15,80.0,78.0,85.0,78.0,85.0
2018-08,MUN,AM|MANACAPURU,glp,5,79.0,79.0,80.0,79.0,80.0
2018-08,MUN,AM|MANAUS,glp,170,70.0,67.0,73.0,65.0,80.0
2018-08,MUN,AM|PARINTINS,glp,4,76.0,72.2,77.0,71.0,77.0
2018-08,MUN,AM|TEFE,glp,2,72.0,72.0,72.0,72.0,72.0
2018-08,MUN,AP|MACAPA,glp,14,76.0,69.99,79.4,62.0,80.0
2018-08,MUN,AP|SANTANA,glp,8,67.25,65.7,70.0,65.0,70.0
2018-08,MUN,BA|ALAGOINHAS,glp,3,63.0,61.4,64.6,61.0,65.0
2018-08,MUN,BA|BARREIRAS,glp,8,70.0,68.43,70.0,65.0,70.0
2018-08,MUN,BA|BRUMADO,glp,4,55.0,55.0,55.0,55.0,55.0
2018-08,MUN,BA|CAETITE,glp,6,60.0,60.0,61.0,60.0,62.0
2018-08,MUN,BA|CAMACARI,glp,12,62.995,60.2,68.0,60.0,70.0
2018-08,MUN,BA|EUNAPOLIS,glp,12,65.5,65.0,68.0,60.0,68.0
2018-08,MUN,BA|FEIRA DE SANTANA,glp,25,58.4,55.0,64.0,55.0,70.0
2018-08,MUN,BA|GUANAMBI,glp,24,60.0,60.0,60.0,57.5,60.0
2018-08,MUN,BA|ILHEUS,glp,8,75.995,71.75,77.3,70.0,78.0
2018-08,MUN,BA|IPIRA,glp,2,66.5,65.3,67.7,65.0,68.0
2018-08,MUN,BA|IRECE,glp,11,55.0,55.0,60.0,55.0,60.0
2018-08,MUN,BA|ITABUNA,glp,8,65.0,61.5,66.5,58.0,70.0
2018-08,MUN,BA|ITAMARAJU,glp,4,60.0,60.0,63.5,60.0,65.0
2018-08,MUN,BA|JACOBINA,glp,4,60.0,60.0,60.0,60.0,60.0
2018-08,MUN,BA|JAGUAQUARA,glp,3,52.0,52.0,54.4,52.0,55.0
2018-08,MUN,BA|JEQUIE,glp,7,55.0,53.0,55.0,50.0,55.0
2018-08,MUN,BA|JUAZEIRO,glp,8,60.0,57.1,61.95,55.0,63.0
2018-08,MUN,BA|LAURO DE FREITAS,glp,13,63.0,58.4,66.996,55.0,68.0
2018-08,MUN,BA|LIVRAMENTO DE NOSSA SENHORA,glp,5,60.0,57.0,64.58,55.0,65.0
2018-08,MUN,BA|PAULO AFONSO,glp,7,70.0,70.0,72.0,70.0,75.0
2018-08,MUN,BA|POCOES,glp,5,62.0,58.8,63.8,58.0,65.0
2018-08,MUN,BA|PORTO SEGURO,glp,10,60.0,60.0,61.0,60.0,70.0
2018-08,MUN,BA|SALVADOR,glp,128,65.0,60.0,67.3,55.0,70.0
2018-08,MUN,BA|SANTANOPOLIS,glp,1,60.0,60.0,60.0,60.0,60.0
2018-08,MUN,BA|SANTO ANTONIO DE JESUS,glp,8,65.0,57.55,71.5,56.5,75.0
2018-08,MUN,BA|SENHOR DO BONFIM,glp,3,60.0,60.0,65.2,60.0,66.5
2018-08,MUN,BA|SERRINHA,glp,3,60.0,56.0,60.0,55.0,60.0
2018-08,MUN,BA|SIMOES FILHO,glp,8,60.0,58.5,68.0,55.0,68.0
2018-08,MUN,BA|TEIXEIRA DE FREITAS,glp,12,60.5,60.0,65.0,57.5,66.0
2018-08,MUN,BA|VALENCA,glp,7,70.0,68.0,70.0,65.0,70.0
2018-08,MUN,BA|VITORIA DA CONQUISTA,glp,4,68.0,65.9,68.0,65.0,68.0
2018-08,MUN,CE|CANINDE,glp,5,65.0,63.0,68.0,63.0,70.0
2018-08,MUN,CE|CAUCAIA,glp,21,70.0,70.0,75.0,70.0,75.0
2018-08,MUN,CE|CRATEUS,glp,4,66.0,63.05,68.95,62.0,70.0
2018-08,MUN,CE|CRATO,glp,15,65.0,63.0,68.0,62.0,70.0
2018-08,MUN,CE|FORTALEZA,glp,61,75.0,70.0,75.0,70.0,75.0
2018-08,MUN,CE|ICO,glp,4,70.0,70.0,70.7,70.0,71.0
2018-08,MUN,CE|IGUATU,glp,5,63.0,60.4,64.2,60.0,65.0
2018-08,MUN,CE|ITAPIPOCA,glp,8,65.0,64.4,70.0,63.0,70.0
2018-08,MUN,CE|JUAZEIRO DO NORTE,glp,25,65.0,60.0,67.3,60.0,70.0
2018-08,MUN,CE|LIMOEIRO DO NORTE,glp,4,70.0,68.95,70.7,68.5,71.0
2018-08,MUN,CE|MARACANAU,glp,14,73.0,70.0,75.0,70.0,75.0
2018-08,MUN,CE|QUIXADA,glp,5,67.5,66.4,69.0,66.0,70.0
2018-08,MUN,CE|SOBRAL,glp,8,62.75,60.0,63.6,60.0,65.0
2018-08,MUN,DF|BRASILIA,glp,44,70.0,70.0,78.5,65.0,85.0
2018-08,MUN,ES|ARACRUZ,glp,9,65.0,57.0,65.0,57.0,65.0
2018-08,MUN,ES|CACHOEIRO DE ITAPEMIRIM,glp,13,68.0,65.0,70.0,60.0,79.0
2018-08,MUN,ES|CARIACICA,glp,109,60.0,59.9,65.0,58.0,68.0
2018-08,MUN,ES|COLATINA,glp,8,60.0,56.8,65.0,54.0,65.0
2018-08,MUN,ES|GUARAPARI,glp,17,62.0,60.0,65.0,60.0,65.0
2018-08,MUN,ES|LINHARES,glp,14,65.0,60.0,75.0,59.9,75.0
2018-08,MUN,ES|SAO MATEUS,glp,5,62.5,60.0,68.0,60.0,70.0
2018-08,MUN,ES|SERRA,glp,105,62.0,59.994,65.0,58.0,68.0
2018-08,MUN,ES|VILA VELHA,glp,25,62.0,60.0,65.0,55.0,65.0
2018-08,MUN,ES|VITORIA,glp,24,65.0,64.0,68.0,55.0,70.0
2018-08,MUN,GO|AGUAS LINDAS DE GOIAS,glp,11,65.0,60.0,70.0,60.0,70.0
2018-08,MUN,GO|ANAPOLIS,glp,28,70.0,70.0,75.0,70.0,75.0
2018-08,MUN,GO|APARECIDA DE GOIANIA,glp,24,70.0,70.0,72.0,70.0,72.0
2018-08,MUN,GO|CALDAS NOVAS,glp,10,69.14,64.5,72.1,60.0,73.0
2018-08,MUN,GO|CATALAO,glp,9,68.0,65.0,72.0,65.0,80.0
2018-08,MUN,GO|FORMOSA,glp,15,75.0,72.0,77.6,68.0,79.0
2018-08,MUN,GO|GOIANIA,glp,59,75.0,75.0,80.0,70.0,80.0
2018-08,MUN,GO|GOIATUBA,glp,4,71.5,70.0,74.4,70.0,75.0
2018-08,MUN,GO|ITUMBIARA,glp,7,75.0,71.8,77.0,70.0,80.0
2018-08,MUN,GO|JATAI,glp,17,72.0,70.0,75.0,70.0,75.0
2018-08,MUN,GO|LUZIANIA,glp,16,66.5,62.5,70.0,60.0,75.0
2018-08,MUN,GO|MINEIROS,glp,6,70.0,68.0,70.0,68.0,70.0
2018-08,MUN,GO|MORRINHOS,glp,8,70.0,68.7,74.3,68.0,75.0
2018-08,MUN,GO|PORANGATU,glp,15,70.0,66.2,71.2,65.0,73.0
2018-08,MUN,GO|RIO VERDE,glp,17,70.0,65.0,73.8,65.0,75.0
2018-08,MUN,GO|TRINDADE,glp,25,75.0,75.0,78.0,75.0,80.0
2018-08,MUN,GO|VALPARAISO DE GOIAS,glp,10,70.0,65.0,70.2,65.0,72.0
2018-08,MUN,MA|ACAILANDIA,glp,6,80.0,71.25,80.0,70.0,80.0
2018-08,MUN,MA|BACABAL,glp,3,78.0,71.6,78.8,70.0,79.0
2018-08,MUN,MA|BALSAS,glp,6,81.25,80.0,85.0,80.0,85.0
2018-08,MUN,MA|BARRA DO CORDA,glp,4,80.0,80.0,81.4,80.0,82.0
2018-08,MUN,MA|CAXIAS,glp,3,60.0,60.0,68.0,60.0,70.0
2018-08,MUN,MA|CODO,glp,2,77.0,77.0,77.0,77.0,77.0
2018-08,MUN,MA|IMPERATRIZ,glp,38,72.5,67.1,76.5,65.0,80.0
2018-08,MUN,MA|PINHEIRO,glp,3,80.0,80.0,80.0,80.0,80.0
2018-08,MUN,MA|PRESIDENTE DUTRA,glp,3,73.0,70.6,74.6,70.0,75.0
2018-08,MUN,MA|SANTA INES,glp,3,72.0,70.4,72.0,70.0,72.0
2018-08,MUN,MA|SAO JOSE DE RIBAMAR,glp,15,64.99,64.396,64.99,64.0,64.99
2018-08,MUN,MA|SAO LUIS,glp,63,64.99,64.495,64.99,55.0,64.999
2018-08,MUN,MG|ALFENAS,glp,8,70.0,68.5,71.5,65.0,75.0
2018-08,MUN,MG|ARAGUARI,glp,8,70.0,70.0,75.0,70.0,75.0
2018-08,MUN,MG|ARAXA,glp,5,65.0,65.0,70.0,65.0,70.0
2018-08,MUN,MG|BARBACENA,glp,14,70.0,65.0,70.0,65.0,70.0
2018-08,MUN,MG|BELO HORIZONTE,glp,24,70.0,60.0,78.5,60.0,80.0
2018-08,MUN,MG|BETIM,glp,11,67.6,65.0,70.0,64.0,75.0
2018-08,MUN,MG|BOM DESPACHO,glp,5,76.9,75.76,76.9,75.0,76.9
2018-08,MUN,MG|CAMPO BELO,glp,4,70.0,70.0,70.0,70.0,70.0
2018-08,MUN,MG|CARATINGA,glp,6,75.0,69.95,77.0,69.9,79.0
2018-08,MUN,MG|CONGONHAS,glp,7,71.0,70.0,72.6,70.0,75.0
2018-08,MUN,MG|CONSELHEIRO LAFAIETE,glp,8,65.0,62.5,67.65,62.5,68.0
2018-08,MUN,MG|CONTAGEM,glp,13,70.0,70.0,74.98,64.9,78.0
2018-08,MUN,MG|CORONEL FABRICIANO,glp,7,70.0,65.0,75.0,65.0,75.0
2018-08,MUN,MG|CURVELO,glp,6,62.5,60.0,67.5,60.0,70.0
2018-08,MUN,MG|DIVINOPOLIS,glp,17,70.0,63.0,72.0,60.0,78.0
2018-08,MUN,MG|FORMIGA,glp,6,71.5,69.0,77.5,68.0,80.0
2018-08,MUN,MG|FRUTAL,glp,5,70.0,70.0,71.2,70.0,72.0
2018-08,MUN,MG|GOVERNADOR VALADARES,glp,12,71.5,67.3,75.0,65.0,75.0
2018-08,MUN,MG|GUAXUPE,glp,8,65.0,62.1,67.3,60.0,68.0
2018-08,MUN,MG|IPATINGA,glp,15,75.0,70.0,75.0,69.0,75.0
2018-08,MUN,MG|ITABIRA,glp,10,75.0,70.0,78.4,70.0,82.0
2018-08,MUN,MG|ITAJUBA,glp,7,63.5,60.6,65.0,57.0,65.0
2018-08,MUN,MG|ITAUNA,glp,8,70.0,68.5,70.0,65.0,70.0
2018-08,MUN,MG|ITUIUTABA,glp,15,70.0,66.2,75.6,65.0,80.0
2018-08,MUN,MG|JANAUBA,glp,4,75.0,75.0,75.0,75.0,75.0
2018-08,MUN,MG|JANUARIA,glp,7,88.0,85.0,90.0,85.0,90.0
2018-08,MUN,MG|JOAO MONLEVADE,glp,8,64.0,60.0,68.8,60.0,73.0
2018-08,MUN,MG|JOAO PINHEIRO,glp,11,70.0,65.0,70.0,65.0,70.0
2018-08,MUN,MG|JUIZ DE FORA,glp,24,75.0,70.0,76.4,65.0,79.0
2018-08,MUN,MG|LAVRAS,glp,9,65.0,65.0,70.0,65.0,70.0
2018-08,MUN,MG|LEOPOLDINA,glp,7,75.0,71.8,75.0,70.0,75.0
2018-08,MUN,MG|MANHUACU,glp,6,75.0,67.5,75.0,65.0,75.0
2018-08,MUN,MG|MONTE CARMELO,glp,10,65.0,64.5,65.3,60.0,68.0
2018-08,MUN,MG|MONTES CLAROS,glp,52,74.5,68.64,75.0,67.0,78.0
2018-08,MUN,MG|MURIAE,glp,5,75.0,71.2,75.0,70.0,75.0
2018-08,MUN,MG|NOVA LIMA,glp,5,75.0,72.0,77.4,70.0,79.0
2018-08,MUN,MG|OLIVEIRA,glp,6,71.45,67.5,72.95,65.0,73.0
2018-08,MUN,MG|OURO PRETO,glp,6,74.5,70.0,75.0,70.0,75.0
2018-08,MUN,MG|PARA DE MINAS,glp,4,74.5,66.5,79.0,65.0,79.0
2018-08,MUN,MG|PARACATU,glp,8,70.0,65.0,70.0,65.0,70.0
2018-08,MUN,MG|PASSOS,glp,15,70.0,65.0,71.2,65.0,73.0
2018-08,MUN,MG|PATOS DE MINAS,glp,7,70.0,70.0,72.0,70.0,75.0
2018-08,MUN,MG|PATROCINIO,glp,6,65.0,65.0,69.0,65.0,70.0
2018-08,MUN,MG|POCOS DE CALDAS,glp,15,65.0,65.0,70.0,65.0,70.0
2018-08,MUN,MG|POUSO ALEGRE,glp,7,70.0,68.0,70.0,68.0,70.0
2018-08,MUN,MG|SABARA,glp,8,72.5,62.4,75.0,54.0,75.0
2018-08,MUN,MG|SAO JOAO DEL REI,glp,15,70.0,65.0,70.0,65.0,70.0
2018-08,MUN,MG|SAO SEBASTIAO DO PARAISO,glp,15,70.0,70.0,75.0,65.0,80.0
2018-08,MUN,MG|SETE LAGOAS,glp,12,67.5,59.1,75.0,57.0,75.0
2018-08,MUN,MG|TEOFILO OTONI,glp,18,68.0,65.0,70.0,60.0,70.0
2018-08,MUN,MG|TIMOTEO,glp,5,75.0,70.8,75.0,70.0,75.0
2018-08,MUN,MG|TRES CORACOES,glp,9,68.0,64.8,71.0,64.0,75.0
2018-08,MUN,MG|UBA,glp,9,70.0,65.0,71.0,65.0,75.0
2018-08,MUN,MG|UBERABA,glp,23,70.0,70.0,74.5,65.0,75.0
2018-08,MUN,MG|UBERLANDIA,glp,83,70.0,67.1,75.0,63.0,78.0
2018-08,MUN,MG|UNAI,glp,4,80.0,73.0,80.0,70.0,80.0
2018-08,MUN,MG|VARGINHA,glp,13,63.0,60.0,65.0,60.0,68.0
2018-08,MUN,MG|VICOSA,glp,3,75.0,67.0,79.0,65.0,80.0
2018-08,MUN,MS|CAMPO GRANDE,glp,112,70.0,65.0,75.0,60.0,85.0
2018-08,MUN,MS|CORUMBA,glp,6,90.0,87.5,90.0,85.0,90.0
2018-08,MUN,MS|COXIM,glp,8,87.0,86.325,87.15,84.75,87.5
2018-08,MUN,MS|DOURADOS,glp,34,70.0,65.0,78.5,65.0,80.0
2018-08,MUN,MS|NOVA ANDRADINA,glp,11,75.0,70.0,85.0,70.0,85.0
2018-08,MUN,MS|PONTA PORA,glp,2,68.5,67.3,69.7,67.0,70.0
2018-08,MUN,MS|TRES LAGOAS,glp,11,65.0,60.0,65.0,59.0,65.0
2018-08,MUN,MT|ALTA FLORESTA,glp,7,110.0,107.4,110.8,105.0,112.0
2018-08,MUN,MT|CACERES,glp,8,82.5,75.0,89.3,75.0,90.0
2018-08,MUN,MT|CUIABA,glp,205,95.0,90.0,100.0,90.0,115.0
2018-08,MUN,MT|RONDONOPOLIS,glp,11,98.0,92.5,100.0,85.0,100.0
2018-08,MUN,MT|SINOP,glp,17,100.0,96.8,102.0,95.0,105.0
2018-08,MUN,MT|SORRISO,glp,9,105.0,105.0,115.0,105.0,115.0
2018-08,MUN,MT|VARZEA GRANDE,glp,48,95.0,95.0,100.0,90.0,105.0
2018-08,MUN,PA|ABAETETUBA,glp,6,68.0,66.5,72.0,65.0,72.0
2018-08,MUN,PA|ALENQUER,glp,3,80.0,80.0,84.0,80.0,85.0
2018-08,MUN,PA|ALTAMIRA,glp,9,85.0,77.6,86.0,68.0,86.0
2018-08,MUN,PA|ANANINDEUA,glp,30,65.0,62.45,70.0,60.0,75.0
2018-08,MUN,PA|BELEM,glp,62,65.0,60.0,70.0,60.0,75.0
2018-08,MUN,PA|BRAGANCA,glp,7,80.0,78.0,85.0,75.0,85.0
2018-08,MUN,PA|CAMETA,glp,5,70.0,67.0,73.0,65.0,75.0
2018-08,MUN,PA|CASTANHAL,glp,5,72.0,70.0,75.0,70.0,75.0
2018-08,MUN,PA|CONCEICAO DO ARAGUAIA,glp,4,85.0,81.5,87.1,80.0,88.0
2018-08,MUN,PA|ITAITUBA,glp,5,88.0,86.2,88.0,85.0,88.0
2018-08,MUN,PA|MARABA,glp,11,75.0,75.0,82.0,75.0,85.0
2018-08,MUN,PA|PARAGOMINAS,glp,3,88.0,88.0,91.2,88.0,92.0
2018-08,MUN,PA|PARAUAPEBAS,glp,7,87.5,85.0,90.0,85.0,90.0
2018-08,MUN,PA|REDENCAO,glp,8,95.0,88.5,100.0,85.0,100.0
2018-08,MUN,PA|SANTAREM,glp,21,68.0,65.0,72.0,65.0,75.0
2018-08,MUN,PA|XINGUARA,glp,6,90.0,87.5,90.0,87.0,90.0
2018-08,MUN,PB|BAYEUX,glp,7,70.0,70.0,70.0,70.0,70.0
2018-08,MUN,PB|CABEDELO,glp,8,70.0,67.8,70.0,65.0,70.0
2018-08,MUN,PB|CAMPINA GRANDE,glp,24,65.0,65.0,65.0,62.5,67.5
2018-08,MUN,PB|ITABAIANA,glp,1,65.0,65.0,65.0,65.0,65.0
2018-08,MUN,PB|JOAO PESSOA,glp,22,70.0,65.5,70.0,65.0,70.0
2018-08,MUN,PB|PATOS,glp,5,65.0,61.4,68.8,59.0,70.0
2018-08,MUN,PB|SOUSA,glp,3,64.0,63.2,64.8,63.0,65.0
2018-08,MUN,PE|ARARIPINA,glp,3,75.0,71.0,75.0,70.0,75.0
2018-08,MUN,PE|ARCOVERDE,glp,8,70.0,70.0,70.0,70.0,70.0
2018-08,MUN,PE|BELO JARDIM,glp,4,65.0,65.0,67.8,65.0,69.0
2018-08,MUN,PE|CABO DE SANTO AGOSTINHO,glp,11,65.0,60.0,65.0,60.0,65.0
2018-08,MUN,PE|CARUARU,glp,13,65.0,60.0,65.0,60.0,65.0
2018-08,MUN,PE|GARANHUNS,glp,11,65.0,65.0,65.0,65.0,65.0
2018-08,MUN,PE|GOIANA,glp,6,65.0,65.0,65.0,65.0,65.0
2018-08,MUN,PE|IGARASSU,glp,17,65.0,60.0,65.0,60.0,65.0
2018-08,MUN,PE|JABOATAO DOS GUARARAPES,glp,34,65.0,60.0,65.0,60.0,65.0
2018-08,MUN,PE|LAJEDO,glp,8,65.0,63.5,65.0,60.0,65.0
2018-08,MUN,PE|OLINDA,glp,27,65.0,60.0,65.0,60.0,67.5
2018-08,MUN,PE|PAULISTA,glp,19,65.0,60.0,65.0,60.0,70.0
2018-08,MUN,PE|PETROLINA,glp,12,60.0,60.0,62.0,53.0,65.0
2018-08,MUN,PE|RECIFE,glp,32,65.0,60.5,65.0,60.0,70.0
2018-08,MUN,PE|SALGUEIRO,glp,3,70.0,70.0,70.0,70.0,70.0
2018-08,MUN,PE|SANTA CRUZ DO CAPIBARIBE,glp,8,65.0,65.0,68.25,65.0,70.0
2018-08,MUN,PE|SERRA TALHADA,glp,3,75.0,72.6,79.0,72.0,80.0
2018-08,MUN,PE|VITORIA DE SANTO ANTAO,glp,11,65.0,65.0,70.0,65.0,70.0
2018-08,MUN,PI|PARNAIBA,glp,3,85.0,85.0,85.0,85.0,85.0
2018-08,MUN,PI|PICOS,glp,3,70.0,70.0,74.0,70.0,75.0
2018-08,MUN,PI|PIRIPIRI,glp,4,75.0,75.0,78.5,75.0,80.0
2018-08,MUN,PI|TERESINA,glp,45,62.5,60.0,65.0,55.0,65.0
2018-08,MUN,PR|APUCARANA,glp,14,65.0,65.0,70.0,60.0,70.0
2018-08,MUN,PR|ARAPONGAS,glp,19,65.0,64.0,66.0,63.0,70.0
2018-08,MUN,PR|ARAUCARIA,glp,13,64.0,60.0,65.0,60.0,70.0
2018-08,MUN,PR|ASSIS CHATEAUBRIAND,glp,4,85.0,82.83,85.7,81.9,86.0
2018-08,MUN,PR|CAMBE,glp,16,70.0,70.0,74.0,65.0,75.0
2018-08,MUN,PR|CAMPO LARGO,glp,15,60.0,58.0,65.0,58.0,65.0
2018-08,MUN,PR|CAMPO MOURAO,glp,14,72.5,69.93,77.1,69.9,78.0
2018-08,MUN,PR|CASCAVEL,glp,23,75.0,70.4,78.0,70.0,80.0
2018-08,MUN,PR|CASTRO,glp,5,70.0,68.2,73.0,67.0,75.0
2018-08,MUN,PR|CIANORTE,glp,21,70.0,70.0,75.0,65.0,75.0
2018-08,MUN,PR|COLOMBO,glp,19,70.0,67.0,70.0,65.0,73.0
2018-08,MUN,PR|CORNELIO PROCOPIO,glp,6,75.0,75.0,75.0,75.0,75.0
2018-08,MUN,PR|CURITIBA,glp,33,65.0,60.0,70.0,59.9,75.0
2018-08,MUN,PR|FOZ DO IGUACU,glp,17,80.0,75.0,80.0,70.0,80.0
2018-08,MUN,PR|FRANCISCO BELTRAO,glp,9,67.0,66.998,67.5,66.99,67.5
2018-08,MUN,PR|GUARAPUAVA,glp,11,68.0,67.0,80.0,66.0,85.0
2018-08,MUN,PR|LONDRINA,glp,63,70.0,65.0,74.4,60.0,77.0
2018-08,MUN,PR|MARECHAL CANDIDO RONDON,glp,6,77.0,75.0,80.0,75.0,80.0
2018-08,MUN,PR|MARINGA,glp,19,78.0,75.0,80.0,75.0,80.0
2018-08,MUN,PR|PARANAGUA,glp,9,55.0,55.0,60.0,55.0,60.0
2018-08,MUN,PR|PARANAVAI,glp,17,75.0,68.0,75.0,65.0,75.0
2018-08,MUN,PR|PATO BRAGADO,glp,1,82.0,82.0,82.0,82.0,82.0
2018-08,MUN,PR|PATO BRANCO,glp,7,77.0,74.6,78.4,74.0,79.0
2018-08,MUN,PR|PINHAIS,glp,16,68.5,64.0,73.5,60.0,75.0
2018-08,MUN,PR|PONTA GROSSA,glp,12,60.0,59.91,64.9,59.0,68.0
2018-08,MUN,PR|RAMILANDIA,glp,1,80.0,80.0,80.0,80.0,80.0
2018-08,MUN,PR|SANTO ANTONIO DA PLATINA,glp,12,65.0,60.0,69.41,60.0,72.0
2018-08,MUN,PR|SAO JOSE DOS PINHAIS,glp,16,69.0,66.5,70.0,65.0,75.0
2018-08,MUN,PR|TOLEDO,glp,30,84.5,80.0,85.1,75.0,86.5
2018-08,MUN,PR|UMUARAMA,glp,10,70.0,67.5,75.0,67.5,75.0
2018-08,MUN,PR|UNIAO DA VITORIA,glp,4,75.0,72.9,75.7,72.0,76.0
2018-08,MUN,RJ|ANGRA DOS REIS,glp,5,70.0,68.4,73.9,68.0,73.9
2018-08,MUN,RJ|ARARUAMA,glp,6,55.0,54.0,57.5,53.0,60.0
2018-08,MUN,RJ|BARRA DO PIRAI,glp,5,69.9,69.36,73.0,69.0,75.0
2018-08,MUN,RJ|BARRA MANSA,glp,10,66.5,61.69,70.0,58.9,70.0
2018-08,MUN,RJ|BELFORD ROXO,glp,6,57.0,55.0,62.5,55.0,65.0
2018-08,MUN,RJ|CABO FRIO,glp,4,61.0,58.6,62.0,58.0,62.0
2018-08,MUN,RJ|CAMPOS DOS GOYTACAZES,glp,30,60.0,58.591,67.3,55.0,76.0
2018-08,MUN,RJ|DUQUE DE CAXIAS,glp,25,60.0,55.4,60.0,55.0,65.0
2018-08,MUN,RJ|ITABORAI,glp,7,65.0,60.0,65.8,60.0,67.0
2018-08,MUN,RJ|ITAGUAI,glp,4,67.05,65.42,69.24,65.0,69.9
2018-08,MUN,RJ|ITAPERUNA,glp,5,60.0,58.8,63.0,58.0,65.0
2018-08,MUN,RJ|MACAE,glp,6,64.0,61.5,67.0,60.0,67.0
2018-08,MUN,RJ|MAGE,glp,6,67.5,57.5,70.0,55.0,70.0
2018-08,MUN,RJ|MARICA,glp,3,65.0,65.0,69.0,65.0,70.0
2018-08,MUN,RJ|NILOPOLIS,glp,6,60.0,60.0,62.5,60.0,65.0
2018-08,MUN,RJ|NITEROI,glp,7,60.0,59.2,65.0,58.0,65.0
2018-08,MUN,RJ|NOVA FRIBURGO,glp,5,65.0,62.0,72.0,60.0,72.0
2018-08,MUN,RJ|NOVA IGUACU,glp,30,65.0,55.0,65.0,55.0,65.0
2018-08,MUN,RJ|PETROPOLIS,glp,7,62.0,61.2,66.6,60.0,69.0
2018-08,MUN,RJ|RESENDE,glp,9,75.0,75.0,78.0,75.0,78.0
2018-08,MUN,RJ|RIO BONITO,glp,3,55.0,55.0,55.0,55.0,55.0
2018-08,MUN,RJ|RIO DE JANEIRO,glp,88,62.475,55.0,75.0,50.0,80.0
2018-08,MUN,RJ|SANTO ANTONIO DE PADUA,glp,2,57.75,55.95,59.55,55.5,60.0
2018-08,MUN,RJ|SAO FRANCISCO DE ITABAPOANA,glp,2,67.5,65.5,69.5,65.0,70.0
2018-08,MUN,RJ|SAO GONCALO,glp,9,60.0,59.6,62.2,58.0,63.0
2018-08,MUN,RJ|SAO JOAO DE MERITI,glp,8,60.0,59.972,60.9,59.905,63.0
2018-08,MUN,RJ|SAPUCAIA,glp,2,63.5,56.7,70.3,55.0,72.0
2018-08,MUN,RJ|SAQUAREMA,glp,5,57.99,53.8,60.0,53.0,60.0
2018-08,MUN,RJ|TERESOPOLIS,glp,6,68.0,68.0,72.5,68.0,73.0
2018-08,MUN,RJ|TRES RIOS,glp,3,60.0,60.0,64.0,60.0,65.0
2018-08,MUN,RJ|VALENCA,glp,5,65.0,65.0,72.4,65.0,74.0
2018-08,MUN,RJ|VOLTA REDONDA,glp,8,65.5,64.693,67.3,64.0,68.0
2018-08,MUN,RN|CAICO,glp,5,65.0,65.0,65.0,65.0,65.0
2018-08,MUN,RN|MOSSORO,glp,12,62.5,60.0,65.0,60.0,70.0
2018-08,MUN,RN|NATAL,glp,66,65.0,60.0,70.0,60.0,70.0
2018-08,MUN,RN|PARNAMIRIM,glp,28,65.0,60.0,67.2,60.0,70.0
2018-08,MUN,RO|ARIQUEMES,glp,4,80.0,77.9,80.0,77.0,80.0
2018-08,MUN,RO|CACOAL,glp,4,87.5,85.6,89.4,85.0,90.0
2018-08,MUN,RO|JI-PARANA,glp,10,75.0,75.0,80.5,75.0,85.0
2018-08,MUN,RO|PIMENTA BUENO,glp,4,91.0,90.3,91.0,90.0,91.0
2018-08,MUN,RO|PORTO VELHO,glp,54,72.5,69.0,75.0,66.25,85.0
2018-08,MUN,RO|VILHENA,glp,8,81.0,80.0,85.9,80.0,88.0
2018-08,MUN,RR|BOA VISTA,glp,33,80.0,80.0,82.0,78.0,84.0
2018-08,MUN,RS|ALEGRETE,glp,8,76.0,71.97,80.0,71.9,80.0
2018-08,MUN,RS|ALVORADA,glp,7,65.0,60.0,66.2,60.0,68.0
2018-08,MUN,RS|BAGE,glp,29,70.0,65.0,75.0,64.5,75.0
2018-08,MUN,RS|BENTO GONCALVES,glp,4,69.0,65.9,70.0,65.0,70.0
2018-08,MUN,RS|CACHOEIRA DO SUL,glp,7,57.0,54.96,58.8,54.9,60.0
2018-08,MUN,RS|CACHOEIRINHA,glp,6,66.5,62.0,68.0,60.0,68.0
2018-08,MUN,RS|CANOAS,glp,14,68.0,60.0,70.0,59.0,70.0
2018-08,MUN,RS|CAXIAS DO SUL,glp,43,70.0,65.0,75.0,65.0,79.0
2018-08,MUN,RS|CRUZ ALTA,glp,2,49.0,48.2,49.8,48.0,50.0
2018-08,MUN,RS|ERECHIM,glp,7,75.0,71.8,83.2,70.0,85.0
2018-08,MUN,RS|ESTEIO,glp,17,60.0,57.2,68.0,55.0,70.0
2018-08,MUN,RS|GRAMADO,glp,6,75.0,70.0,81.5,70.0,85.0
2018-08,MUN,RS|GRAVATAI,glp,8,67.5,65.0,68.6,65.0,70.0
2018-08,MUN,RS|GUAIBA,glp,6,68.5,65.0,72.5,65.0,75.0
2018-08,MUN,RS|IJUI,glp,6,71.0,69.0,76.5,68.0,78.0
2018-08,MUN,RS|LAJEADO,glp,12,73.0,70.0,75.0,65.0,78.0
2018-08,MUN,RS|NOVO HAMBURGO,glp,17,63.0,60.0,67.0,60.0,70.0
2018-08,MUN,RS|OSORIO,glp,6,70.0,68.5,72.5,67.0,75.0
2018-08,MUN,RS|PASSO FUNDO,glp,21,65.0,65.0,70.0,65.0,73.0
2018-08,MUN,RS|PELOTAS,glp,19,68.0,60.0,70.0,60.0,70.0
2018-08,MUN,RS|PORTO ALEGRE,glp,27,68.0,62.34,70.0,59.9,70.0
2018-08,MUN,RS|RIO GRANDE,glp,16,62.5,60.0,68.0,60.0,70.0
2018-08,MUN,RS|SANTA CRUZ DO SUL,glp,17,68.0,59.96,73.2,58.0,78.0
2018-08,MUN,RS|SANTA MARIA,glp,77,75.0,70.0,78.0,63.0,87.0
2018-08,MUN,RS|SANTA ROSA,glp,8,76.5,75.0,78.6,75.0,80.0
2018-08,MUN,RS|SANTANA DO LIVRAMENTO,glp,14,65.0,60.0,65.0,60.0,65.0
2018-08,MUN,RS|SANTO ANGELO,glp,3,73.0,73.0,78.6,73.0,80.0
2018-08,MUN,RS|SAO GABRIEL,glp,9,75.0,70.0,75.6,70.0,78.0
2018-08,MUN,RS|SAO LEOPOLDO,glp,8,58.0,57.03,61.2,55.0,64.0
2018-08,MUN,RS|SAO LUIZ GONZAGA,glp,5,70.0,70.0,79.0,70.0,79.0
2018-08,MUN,RS|SAPIRANGA,glp,5,65.0,64.0,73.6,64.0,78.0
2018-08,MUN,RS|SAPUCAIA DO SUL,glp,32,64.0,59.1,69.81,58.0,72.0
2018-08,MUN,RS|TORRES,glp,5,72.0,67.0,77.4,65.0,79.0
2018-08,MUN,RS|URUGUAIANA,glp,14,78.5,75.0,80.0,72.0,80.0
2018-08,MUN,RS|VACARIA,glp,9,75.0,69.8,78.0,69.0,78.0
2018-08,MUN,RS|VIAMAO,glp,14,67.5,63.6,69.63,61.0,70.0
2018-08,MUN,SC|ARARANGUA,glp,7,65.0,61.0,65.0,58.0,65.0
2018-08,MUN,SC|BALNEARIO CAMBORIU,glp,4,75.0,75.0,75.0,75.0,75.0
2018-08,MUN,SC|BIGUACU,glp,4,65.0,65.0,66.4,65.0,67.0
2018-08,MUN,SC|BLUMENAU,glp,7,70.0,69.6,75.0,69.0,75.0
2018-08,MUN,SC|BRUSQUE,glp,7,65.0,61.598,65.0,60.995,65.0
2018-08,MUN,SC|CACADOR,glp,6,65.5,60.0,73.5,60.0,75.0
2018-08,MUN,SC|CHAPECO,glp,5,80.0,80.0,80.0,80.0,80.0
2018-08,MUN,SC|CONCORDIA,glp,7,68.0,67.6,73.2,67.0,75.0
2018-08,MUN,SC|CRICIUMA,glp,11,68.0,65.0,70.0,65.0,70.0
2018-08,MUN,SC|FLORIANOPOLIS,glp,17,70.0,70.0,71.0,70.0,72.0
2018-08,MUN,SC|ITAJAI,glp,7,60.0,60.0,62.0,60.0,62.0
2018-08,MUN,SC|JARAGUA DO SUL,glp,6,62.75,60.95,69.45,60.0,69.9
2018-08,MUN,SC|JOINVILLE,glp,5,69.0,66.6,69.6,65.0,70.0
2018-08,MUN,SC|LAGES,glp,9,65.0,62.4,68.4,60.0,70.0
2018-08,MUN,SC|LAGUNA,glp,6,65.0,62.5,70.0,60.0,70.0
2018-08,MUN,SC|MAFRA,glp,4,69.9,69.27,69.97,69.0,70.0
2018-08,MUN,SC|PALHOCA,glp,4,66.0,65.0,67.7,65.0,68.0
2018-08,MUN,SC|SAO JOSE,glp,5,65.0,62.0,67.56,60.0,68.0
2018-08,MUN,SC|TUBARAO,glp,7,65.0,64.2,68.8,63.0,70.0
2018-08,MUN,SC|VIDEIRA,glp,8,75.0,72.0,75.0,65.0,75.0
2018-08,MUN,SC|XANXERE,glp,7,80.0,75.0,81.12,75.0,82.8
2018-08,MUN,SE|ARACAJU,glp,35,80.0,73.8,82.6,70.0,85.0
2018-08,MUN,SE|ITABAIANA,glp,3,73.0,70.6,74.6,70.0,75.0
2018-08,MUN,SE|LAGARTO,glp,5,70.0,70.0,70.0,70.0,70.0
2018-08,MUN,SE|NOSSA SENHORA DO SOCORRO,glp,7,75.0,70.0,75.0,70.0,75.0
2018-08,MUN,SP|ADAMANTINA,glp,5,66.0,65.0,67.2,65.0,68.0
2018-08,MUN,SP|AMERICANA,glp,17,65.0,63.0,65.0,60.0,68.0
2018-08,MUN,SP|AMPARO,glp,6,72.0,65.0,74.0,65.0,75.0
2018-08,MUN,SP|ARACATUBA,glp,39,65.0,65.0,65.0,62.5,65.0
2018-08,MUN,SP|ARARAQUARA,glp,14,75.0,68.6,80.9,65.0,83.0
2018-08,MUN,SP|ARARAS,glp,13,65.9,65.16,77.6,65.0,85.0
2018-08,MUN,SP|ASSIS,glp,10,66.5,62.7,68.0,60.0,68.0
2018-08,MUN,SP|ATIBAIA,glp,10,70.0,65.0,70.5,65.0,75.0
2018-08,MUN,SP|AVARE,glp,10,65.0,60.0,65.0,60.0,65.0
2018-08,MUN,SP|BARRETOS,glp,5,63.0,57.0,65.0,55.0,65.0
2018-08,MUN,SP|BARUERI,glp,14,65.0,63.0,70.0,62.0,70.0
2018-08,MUN,SP|BAURU,glp,27,65.0,60.0,69.7,60.0,75.0
2018-08,MUN,SP|BEBEDOURO,glp,16,65.0,63.5,72.5,58.0,78.0
2018-08,MUN,SP|BIRIGUI,glp,26,65.0,62.5,70.0,55.0,70.0
2018-08,MUN,SP|BOTUCATU,glp,21,50.0,50.0,60.0,50.0,65.0
2018-08,MUN,SP|BRAGANCA PAULISTA,glp,9,65.0,60.0,65.38,60.0,66.9
2018-08,MUN,SP|CACAPAVA,glp,5,65.0,58.2,70.0,57.0,70.0
2018-08,MUN,SP|CAMPINAS,glp,29,65.0,62.4,69.596,60.0,70.0
2018-08,MUN,SP|CARAGUATATUBA,glp,3,60.0,57.6,72.8,57.0,76.0
2018-08,MUN,SP|CARAPICUIBA,glp,12,70.0,63.2,70.0,60.0,70.0
2018-08,MUN,SP|CATANDUVA,glp,13,70.0,65.6,70.0,65.0,75.0
2018-08,MUN,SP|COSMOPOLIS,glp,6,63.5,60.0,65.0,60.0,65.0
2018-08,MUN,SP|COTIA,glp,8,69.5,63.0,76.5,63.0,80.0
2018-08,MUN,SP|CRUZEIRO,glp,11,55.0,55.0,60.0,55.0,60.0
2018-08,MUN,SP|CUBATAO,glp,10,73.0,64.999,77.1,64.99,78.0
2018-08,MUN,SP|DIADEMA,glp,25,69.0,65.796,75.0,63.99,75.0
2018-08,MUN,SP|DRACENA,glp,5,70.0,68.0,73.8,68.0,75.0
2018-08,MUN,SP|EMBU DAS ARTES,glp,5,70.0,65.0,74.2,65.0,77.0
2018-08,MUN,SP|FRANCA,glp,27,65.0,60.0,70.8,59.99,75.0
2018-08,MUN,SP|GARCA,glp,7,65.0,63.0,70.0,60.0,70.0
2018-08,MUN,SP|GUARATINGUETA,glp,23,55.0,54.991,68.6,54.95,72.0
2018-08,MUN,SP|GUARUJA,glp,15,75.0,74.994,80.0,70.0,80.0
2018-08,MUN,SP|GUARULHOS,glp,38,60.0,59.627,69.297,55.0,74.95
2018-08,MUN,SP|HORTOLANDIA,glp,8,67.5,62.6,70.0,57.0,70.0
2018-08,MUN,SP|IBITINGA,glp,11,72.0,70.0,75.0,68.0,75.0
2018-08,MUN,SP|INDAIATUBA,glp,14,70.0,65.0,70.0,65.0,75.0
2018-08,MUN,SP|ITANHAEM,glp,3,70.0,64.4,70.0,63.0,70.0
2018-08,MUN,SP|ITAPECERICA DA SERRA,glp,7,68.0,65.0,73.2,65.0,78.0
2018-08,MUN,SP|ITAPETININGA,glp,11,65.0,63.0,70.0,60.0,70.0
2018-08,MUN,SP|ITAPEVA,glp,5,70.0,67.0,78.0,65.0,80.0
2018-08,MUN,SP|ITAPIRA,glp,4,60.0,60.0,63.5,60.0,65.0
2018-08,MUN,SP|ITAPOLIS,glp,12,71.0,70.0,75.0,65.0,78.5
2018-08,MUN,SP|ITAQUAQUECETUBA,glp,20,60.0,59.986,60.499,54.99,69.95
2018-08,MUN,SP|ITATIBA,glp,4,66.0,65.0,69.1,65.0,70.0
2018-08,MUN,SP|ITU,glp,7,62.0,61.194,67.0,60.0,67.0
2018-08,MUN,SP|JABOTICABAL,glp,8,65.0,58.0,69.297,58.0,69.99
2018-08,MUN,SP|JACAREI,glp,16,59.95,58.5,69.9,57.0,69.9
2018-08,MUN,SP|JALES,glp,10,70.0,67.61,70.25,65.0,72.5
2018-08,MUN,SP|JAU,glp,14,65.0,65.0,68.0,65.0,69.0
2018-08,MUN,SP|JOSE BONIFACIO,glp,6,65.75,62.5,71.0,60.0,74.0
2018-08,MUN,SP|JUNDIAI,glp,12,70.0,60.999,77.5,60.0,80.0
2018-08,MUN,SP|LEME,glp,8,60.0,55.0,63.0,55.0,70.0
2018-08,MUN,SP|LIMEIRA,glp,15,64.0,60.0,65.0,60.0,70.0
2018-08,MUN,SP|LINS,glp,15,65.0,65.0,70.0,57.0,70.0
2018-08,MUN,SP|LORENA,glp,15,60.0,55.4,66.2,55.0,68.0
2018-08,MUN,SP|MARILIA,glp,11,75.0,72.0,75.0,65.0,75.0
2018-08,MUN,SP|MATAO,glp,14,70.0,68.53,75.0,67.0,75.0
2018-08,MUN,SP|MAUA,glp,24,60.0,56.3,65.0,54.99,65.0
2018-08,MUN,SP|MIRASSOL,glp,11,60.0,60.0,65.0,60.0,70.0
2018-08,MUN,SP|MOCOCA,glp,6,70.0,69.0,71.0,68.0,72.0
2018-08,MUN,SP|MOGI DAS CRUZES,glp,34,60.0,59.135,62.5,57.0,68.0
2018-08,MUN,SP|MOGI GUACU,glp,12,65.0,60.5,65.0,60.0,70.0
2018-08,MUN,SP|MOGI MIRIM,glp,8,55.0,52.0,65.0,52.0,65.0
2018-08,MUN,SP|MONTE ALTO,glp,11,65.0,65.0,72.0,65.0,72.0
2018-08,MUN,SP|OLIMPIA,glp,6,60.0,58.5,62.5,57.0,65.0
2018-08,MUN,SP|OSASCO,glp,24,67.25,60.0,75.0,60.0,85.0
2018-08,MUN,SP|OURINHOS,glp,12,65.0,63.2,70.0,60.0,70.0
2018-08,MUN,SP|PARAGUACU PAULISTA,glp,11,70.0,67.0,70.0,65.0,73.0
2018-08,MUN,SP|PAULINIA,glp,12,64.495,59.99,68.6,58.99,70.0
2018-08,MUN,SP|PINDAMONHANGABA,glp,6,60.0,60.0,64.0,60.0,65.0
2018-08,MUN,SP|PIRACICABA,glp,18,70.0,65.0,70.0,65.0,70.0
2018-08,MUN,SP|PIRASSUNUNGA,glp,2,62.5,60.5,64.5,60.0,65.0
2018-08,MUN,SP|POA,glp,12,60.0,59.99,64.5,54.99,65.0
2018-08,MUN,SP|PORTO FERREIRA,glp,3,60.0,60.0,62.4,60.0,63.0
2018-08,MUN,SP|PRAIA GRANDE,glp,22,70.0,65.0,75.0,65.0,89.0
2018-08,MUN,SP|PRESIDENTE PRUDENTE,glp,36,63.0,59.95,65.0,57.9,69.0
2018-08,MUN,SP|PRESIDENTE VENCESLAU,glp,9,65.0,60.0,70.0,60.0,70.0
2018-08,MUN,SP|RIBEIRAO PIRES,glp,13,60.0,58.38,60.0,58.0,62.5
2018-08,MUN,SP|RIBEIRAO PRETO,glp,30,82.0,75.0,86.1,70.0,90.0
2018-08,MUN,SP|RIO CLARO,glp,6,60.0,60.0,64.25,60.0,65.0
2018-08,MUN,SP|SALTO,glp,16,60.0,56.5,64.0,55.0,65.0
2018-08,MUN,SP|SANTA BARBARA D'OESTE,glp,18,65.0,60.0,65.0,60.0,65.0
2018-08,MUN,SP|SANTA CRUZ DO RIO PARDO,glp,15,70.0,67.0,74.2,64.0,75.0
2018-08,MUN,SP|SANTO ANDRE,glp,43,64.99,60.0,69.99,59.99,79.9
2018-08,MUN,SP|SANTOS,glp,30,70.0,66.71,85.0,64.0,90.0
2018-08,MUN,SP|SAO BERNARDO DO CAMPO,glp,29,69.99,64.792,79.92,60.0,89.9
2018-08,MUN,SP|SAO CAETANO DO SUL,glp,7,80.0,69.996,86.96,69.99,89.9
2018-08,MUN,SP|SAO CARLOS,glp,16,72.0,68.425,81.5,67.0,87.0
2018-08,MUN,SP|SAO JOAO DA BOA VISTA,glp,8,70.0,67.1,70.9,65.0,73.0
2018-08,MUN,SP|SAO JOSE DO RIO PRETO,glp,47,65.0,60.0,70.6,58.0,79.0
2018-08,MUN,SP|SAO JOSE DOS CAMPOS,glp,20,70.0,59.999,75.0,59.95,85.0
2018-08,MUN,SP|SAO PAULO,glp,113,66.0,59.918,76.0,55.0,85.0
2018-08,MUN,SP|SAO ROQUE,glp,9,70.0,65.0,70.4,65.0,72.0
2018-08,MUN,SP|SAO VICENTE,glp,33,62.0,59.9,69.78,58.0,80.0
2018-08,MUN,SP|SERTAOZINHO,glp,21,67.0,65.0,70.0,63.0,70.0
2018-08,MUN,SP|SOROCABA,glp,30,66.0,63.8,70.0,60.0,70.0
2018-08,MUN,SP|SUMARE,glp,8,69.995,65.0,70.0,65.0,70.0
2018-08,MUN,SP|SUZANO,glp,14,62.0,58.597,66.7,57.0,68.0
2018-08,MUN,SP|TABOAO DA SERRA,glp,6,72.0,65.35,75.0,65.0,75.0
2018-08,MUN,SP|TATUI,glp,8,68.0,63.5,70.0,60.0,70.0
2018-08,MUN,SP|TAUBATE,glp,8,60.0,60.0,60.9,60.0,63.0
2018-08,MUN,SP|TUPA,glp,9,68.0,65.0,70.6,65.0,73.0
2018-08,MUN,SP|UBATUBA,glp,12,65.0,55.0,70.0,52.0,75.0
2018-08,MUN,SP|VALINHOS,glp,10,64.5,62.605,66.85,59.95,70.0
2018-08,MUN,SP|VARZEA PAULISTA,glp,10,60.0,60.0,62.1,60.0,63.0
2018-08,MUN,SP|VINHEDO,glp,4,68.9,67.57,69.32,67.0,69.5
2018-08,MUN,SP|VOTORANTIM,glp,19,65.0,60.0,65.2,58.0,68.0
2018-08,MUN,SP|VOTUPORANGA,glp,10,69.0,63.6,70.5,60.0,75.0
2018-08,MUN,TO|ARAGUAINA,glp,18,85.0,80.0,90.0,80.0,90.0
2018-08,MUN,TO|GURUPI,glp,34,80.0,80.0,85.0,80.0,88.0
2018-08,MUN,TO|PALMAS,glp,70,85.0,80.0,89.1,80.0,90.0
2018-08,MUN,TO|PARAISO DO TOCANTINS,glp,8,95.0,88.5,95.0,85.0,95.0
2018-08,MUN,TO|PORTO NACIONAL,glp,14,90.0,85.0,90.0,85.0,90.0
2018-08,UF,AC,glp,63,79.0,76.0,81.9,74.0,90.0
2018-08,UF,AL,glp,72,70.0,65.0,70.0,60.0,75.0
2018-08,UF,AM,glp,196,70.0,67.0,78.0,65.0,85.0
2018-08,UF,AP,glp,22,70.0,66.0,78.0,62.0,80.0
2018-08,UF,BA,glp,363,62.0,55.3,70.0,50.0,78.0
2018-08,UF,CE,glp,179,70.0,63.0,75.0,60.0,75.0
2018-08,UF,DF,glp,44,70.0,70.0,78.5,65.0,85.0
2018-08,UF,ES,glp,329,62.0,59.998,65.0,54.0,79.0
2018-08,UF,GO,glp,281,72.0,65.0,75.0,60.0,80.0
2018-08,UF,MA,glp,149,64.99,64.99,80.0,55.0,85.0
2018-08,UF,MG,glp,668,70.0,65.0,75.0,54.0,90.0
2018-08,UF,MS,glp,184,70.0,65.0,80.0,59.0,90.0
2018-08,UF,MT,glp,305,95.0,90.0,100.0,75.0,115.0
2018-08,UF,PA,glp,192,70.0,62.55,88.0,60.0,100.0
2018-08,UF,PB,glp,70,67.25,65.0,70.0,59.0,70.0
2018-08,UF,PE,glp,230,65.0,60.0,68.1,53.0,80.0
2018-08,UF,PI,glp,55,65.0,60.0,75.0,55.0,85.0
2018-08,UF,PR,glp,462,70.0,63.0,80.0,55.0,86.5
2018-08,UF,RJ,glp,327,62.0,55.0,74.9,50.0,80.0
2018-08,UF,RN,glp,111,65.0,60.0,70.0,60.0,70.0
2018-08,UF,RO,glp,84,75.0,69.297,85.0,66.25,91.0
2018-08,UF,RR,glp,33,80.0,80.0,82.0,78.0,84.0
2018-08,UF,RS,glp,508,69.9,60.0,77.0,48.0,87.0
2018-08,UF,SC,glp,143,68.0,62.0,75.0,58.0,82.8
2018-08,UF,SE,glp,50,76.0,70.0,82.0,70.0,85.0
2018-08,UF,SP,glp,1635,65.0,59.99,75.0,50.0,90.0
2018-08,UF,TO,glp,144,85.0,80.0,90.0,80.0,95.0
2018-09,BR,BR,glp,6578,68.0,60.0,80.0,48.0,120.0
2018-09,MUN,AC|CRUZEIRO DO SUL,glp,4,80.0,80.0,84.9,80.0,87.0
2018-09,MUN,AC|RIO BRANCO,glp,49,80.0,77.0,83.0,75.0,90.0
2018-09,MUN,AL|ARAPIRACA,glp,10,65.0,65.0,65.3,65.0,68.0
2018-09,MUN,AL|DELMIRO GOUVEIA,glp,2,75.0,75.0,75.0,75.0,75.0
2018-09,MUN,AL|MACEIO,glp,22,70.0,70.0,70.0,70.0,70.0
2018-09,MUN,AL|PALMEIRA DOS INDIOS,glp,7,65.0,63.0,70.0,60.0,70.0
2018-09,MUN,AL|RIO LARGO,glp,4,67.5,65.0,70.0,65.0,70.0
2018-09,MUN,AM|ITACOATIARA,glp,12,80.0,78.0,85.0,78.0,85.0
2018-09,MUN,AM|MANACAPURU,glp,6,79.5,79.0,80.0,79.0,80.0
2018-09,MUN,AM|MANAUS,glp,154,70.0,67.0,73.7,64.0,80.0
2018-09,MUN,AM|PARINTINS,glp,4,76.0,72.2,77.0,71.0,77.0
2018-09,MUN,AM|TEFE,glp,2,76.0,76.0,76.0,76.0,76.0
2018-09,MUN,AP|MACAPA,glp,11,77.0,75.0,78.0,65.0,79.0
2018-09,MUN,AP|SANTANA,glp,5,69.0,65.4,69.6,65.0,70.0
2018-09,MUN,BA|ALAGOINHAS,glp,6,63.5,61.748,65.0,61.0,65.0
2018-09,MUN,BA|BARREIRAS,glp,8,70.0,68.5,70.0,65.0,70.0
2018-09,MUN,BA|BRUMADO,glp,4,55.0,55.0,55.0,55.0,55.0
2018-09,MUN,BA|CAETITE,glp,6,60.0,60.0,66.0,60.0,70.0
2018-09,MUN,BA|CAMACARI,glp,14,63.0,61.3,68.0,60.0,70.0
2018-09,MUN,BA|EUNAPOLIS,glp,9,65.0,65.0,68.0,65.0,68.0
2018-09,MUN,BA|FEIRA DE SANTANA,glp,20,58.0,55.0,63.2,55.0,65.0
2018-09,MUN,BA|GUANAMBI,glp,22,60.0,60.0,60.0,60.0,60.0
2018-09,MUN,BA|ILHEUS,glp,7,78.0,75.894,80.0,75.0,80.0
2018-09,MUN,BA|IPIRA,glp,2,66.5,65.3,67.7,65.0,68.0
2018-09,MUN,BA|IRECE,glp,10,56.5,55.0,60.6,55.0,66.0
2018-09,MUN,BA|ITABUNA,glp,8,65.0,62.1,70.0,60.0,70.0
2018-09,MUN,BA|ITAMARAJU,glp,4,60.0,58.6,60.0,58.0,60.0
2018-09,MUN,BA|JACOBINA,glp,4,60.0,60.0,60.0,60.0,60.0
2018-09,MUN,BA|JAGUAQUARA,glp,5,52.0,52.0,55.0,52.0,55.0
2018-09,MUN,BA|JEQUIE,glp,13,54.0,50.0,56.6,50.0,58.0
2018-09,MUN,BA|JUAZEIRO,glp,7,60.0,59.2,61.2,58.0,63.0
2018-09,MUN,BA|LAURO DE FREITAS,glp,22,64.0,58.2,65.0,55.0,68.0
2018-09,MUN,BA|LIVRAMENTO DE NOSSA SENHORA,glp,3,60.0,56.0,62.32,55.0,62.9
2018-09,MUN,BA|PAULO AFONSO,glp,6,70.0,70.0,72.5,70.0,75.0
2018-09,MUN,BA|POCOES,glp,6,60.0,60.0,62.0,60.0,62.0
2018-09,MUN,BA|PORTO SEGURO,glp,9,60.0,60.0,64.4,60.0,70.0
2018-09,MUN,BA|SALVADOR,glp,147,65.0,60.0,67.0,55.0,73.0
2018-09,MUN,BA|SANTANOPOLIS,glp,1,60.0,60.0,60.0,60.0,60.0
2018-09,MUN,BA|SANTO ANTONIO DE JESUS,glp,9,60.0,56.6,69.4,55.0,75.0
2018-09,MUN,BA|SENHOR DO BONFIM,glp,3,68.0,65.6,68.8,65.0,69.0
2018-09,MUN,BA|SERRINHA,glp,4,60.0,56.5,60.0,55.0,60.0
2018-09,MUN,BA|SIMOES FILHO,glp,12,61.5,55.4,68.0,52.0,68.0
2018-09,MUN,BA|TEIXEIRA DE FREITAS,glp,10,65.0,60.0,65.1,60.0,66.0
2018-09,MUN,BA|VALENCA,glp,8,70.0,67.1,71.5,65.0,75.0
2018-09,MUN,BA|VITORIA DA CONQUISTA,glp,4,68.0,65.9,68.0,65.0,68.0
2018-09,MUN,CE|CANINDE,glp,3,68.0,64.8,68.0,64.0,68.0
2018-09,MUN,CE|CAUCAIA,glp,19,70.0,69.8,72.0,69.0,75.0
2018-09,MUN,CE|CRATEUS,glp,3,70.0,70.0,70.8,70.0,71.0
2018-09,MUN,CE|CRATO,glp,15,68.0,65.6,69.6,65.0,70.0
2018-09,MUN,CE|FORTALEZA,glp,60,73.0,70.0,75.0,70.0,78.0
2018-09,MUN,CE|ICO,glp,3,67.5,65.5,69.5,65.0,70.0
2018-09,MUN,CE|IGUATU,glp,4,62.5,60.0,67.1,60.0,68.0
2018-09,MUN,CE|ITAPIPOCA,glp,7,69.0,67.0,70.0,67.0,70.0
2018-09,MUN,CE|JUAZEIRO DO NORTE,glp,22,66.5,60.0,68.0,60.0,70.0
2018-09,MUN,CE|LIMOEIRO DO NORTE,glp,3,67.0,67.0,67.4,67.0,67.5
2018-09,MUN,CE|MARACANAU,glp,9,70.0,69.9,75.0,69.5,75.0
2018-09,MUN,CE|QUIXADA,glp,5,68.0,67.0,69.2,67.0,70.0
2018-09,MUN,CE|SOBRAL,glp,6,62.25,61.0,65.0,60.0,65.0
2018-09,MUN,DF|BRASILIA,glp,44,70.0,70.0,80.0,63.5,85.0
2018-09,MUN,ES|ARACRUZ,glp,10,62.0,56.9,65.9,56.0,74.0
2018-09,MUN,ES|CACHOEIRO DE ITAPEMIRIM,glp,10,65.75,59.995,69.1,59.95,79.0
2018-09,MUN,ES|CARIACICA,glp,87,62.0,60.0,65.0,58.0,68.0
2018-09,MUN,ES|COLATINA,glp,8,62.5,56.8,65.0,54.0,65.0
2018-09,MUN,ES|GUARAPARI,glp,18,63.0,60.0,65.0,60.0,69.0
2018-09,MUN,ES|LINHARES,glp,20,60.0,59.71,75.0,58.0,75.0
2018-09,MUN,ES|SAO MATEUS,glp,5,65.0,60.0,68.0,60.0,70.0
2018-09,MUN,ES|SERRA,glp,83,62.0,60.0,65.0,59.9,68.0
2018-09,MUN,ES|VILA VELHA,glp,40,62.0,60.0,65.0,55.0,68.0
2018-09,MUN,ES|VITORIA,glp,24,65.0,65.0,70.0,60.0,70.0
2018-09,MUN,GO|AGUAS LINDAS DE GOIAS,glp,12,65.0,60.0,70.0,60.0,70.0
2018-09,MUN,GO|ANAPOLIS,glp,29,70.0,70.0,75.0,70.0,75.0
2018-09,MUN,GO|APARECIDA DE GOIANIA,glp,23,70.0,70.0,72.0,70.0,72.0
2018-09,MUN,GO|CALDAS NOVAS,glp,13,70.0,65.0,72.8,62.0,75.0
2018-09,MUN,GO|CATALAO,glp,11,68.0,65.0,70.0,65.0,75.0
2018-09,MUN,GO|FORMOSA,glp,12,73.0,68.2,78.699,68.0,79.0
2018-09,MUN,GO|GOIANIA,glp,55,75.0,75.0,80.0,70.0,80.0
2018-09,MUN,GO|GOIATUBA,glp,4,70.0,70.0,73.5,70.0,75.0
2018-09,MUN,GO|ITUMBIARA,glp,7,75.0,70.9,75.0,70.0,75.0
2018-09,MUN,GO|JATAI,glp,19,70.0,70.0,75.0,68.0,75.0
2018-09,MUN,GO|LUZIANIA,glp,17,67.5,63.0,70.0,60.0,70.0
2018-09,MUN,GO|MINEIROS,glp,7,70.0,69.2,70.0,68.0,70.0
2018-09,MUN,GO|MORRINHOS,glp,8,70.0,68.7,74.0,68.0,74.0
2018-09,MUN,GO|PORANGATU,glp,16,70.0,65.0,70.0,65.0,73.0
2018-09,MUN,GO|RIO VERDE,glp,16,66.5,63.75,70.0,60.0,75.0
2018-09,MUN,GO|TRINDADE,glp,29,75.0,75.0,78.0,75.0,80.0
2018-09,MUN,GO|VALPARAISO DE GOIAS,glp,16,67.75,65.0,72.5,65.0,75.0
2018-09,MUN,MA|ACAILANDIA,glp,3,80.0,72.0,80.0,70.0,80.0
2018-09,MUN,MA|BACABAL,glp,3,78.0,71.6,78.0,70.0,78.0
2018-09,MUN,MA|BALSAS,glp,4,82.5,80.0,85.0,80.0,85.0
2018-09,MUN,MA|BARRA DO CORDA,glp,4,80.0,80.0,81.4,80.0,82.0
2018-09,MUN,MA|CAXIAS,glp,2,60.0,60.0,60.0,60.0,60.0
2018-09,MUN,MA|CODO,glp,2,77.0,77.0,77.0,77.0,77.0
2018-09,MUN,MA|IMPERATRIZ,glp,33,70.0,65.0,80.0,59.0,80.0
2018-09,MUN,MA|PINHEIRO,glp,3,80.0,80.0,80.0,80.0,80.0
2018-09,MUN,MA|PRESIDENTE DUTRA,glp,3,70.0,70.0,72.4,70.0,73.0
2018-09,MUN,MA|SANTA INES,glp,3,72.0,70.4,72.0,70.0,72.0
2018-09,MUN,MA|SAO JOSE DE RIBAMAR,glp,14,64.99,64.99,64.99,59.99,64.99
2018-09,MUN,MA|SAO LUIS,glp,60,64.99,62.246,64.99,54.99,64.99
2018-09,MUN,MG|ALFENAS,glp,8,70.0,65.0,71.5,65.0,75.0
2018-09,MUN,MG|ARAGUARI,glp,9,70.0,70.0,73.4,70.0,75.0
2018-09,MUN,MG|ARAXA,glp,5,65.0,64.4,70.0,64.0,70.0
2018-09,MUN,MG|BARBACENA,glp,14,70.0,65.0,70.0,65.0,75.0
2018-09,MUN,MG|BELO HORIZONTE,glp,24,70.0,60.0,75.0,60.0,80.0
2018-09,MUN,MG|BETIM,glp,11,67.6,65.0,70.0,64.0,75.0
2018-09,MUN,MG|BOM DESPACHO,glp,6,76.9,74.0,76.9,73.0,76.9
2018-09,MUN,MG|CAMPO BELO,glp,4,70.0,70.0,70.0,70.0,70.0
2018-09,MUN,MG|CARATINGA,glp,4,72.5,69.93,78.43,69.9,79.9
2018-09,MUN,MG|CONGONHAS,glp,6,70.5,70.0,71.0,70.0,71.0
2018-09,MUN,MG|CONSELHEIRO LAFAIETE,glp,8,65.0,64.55,68.6,63.5,70.0
2018-09,MUN,MG|CONTAGEM,glp,13,70.0,70.0,74.98,64.9,78.0
2018-09,MUN,MG|CORONEL FABRICIANO,glp,5,65.0,65.0,68.0,65.0,70.0
2018-09,MUN,MG|CURVELO,glp,6,65.0,60.0,66.25,60.0,67.5
2018-09,MUN,MG|DIVINOPOLIS,glp,17,70.0,70.0,75.0,65.0,78.0
2018-09,MUN,MG|FORMIGA,glp,6,70.0,69.0,77.5,68.0,80.0
2018-09,MUN,MG|FRUTAL,glp,5,70.0,70.0,71.2,70.0,72.0
2018-09,MUN,MG|GOVERNADOR VALADARES,glp,11,71.0,67.0,75.0,65.0,78.0
2018-09,MUN,MG|GUAXUPE,glp,6,65.0,64.0,67.0,63.0,68.0
2018-09,MUN,MG|IPATINGA,glp,15,75.0,69.4,75.0,65.0,75.0
2018-09,MUN,MG|ITABIRA,glp,7,75.0,74.2,79.0,73.0,82.0
2018-09,MUN,MG|ITAJUBA,glp,6,64.0,60.0,65.0,57.0,65.0
2018-09,MUN,MG|ITAUNA,glp,9,70.0,69.0,70.0,65.0,70.0
2018-09,MUN,MG|ITUIUTABA,glp,15,70.0,66.2,75.6,65.0,80.0
2018-09,MUN,MG|JANAUBA,glp,3,75.0,71.0,75.0,70.0,75.0
2018-09,MUN,MG|JANUARIA,glp,9,89.0,87.8,89.2,87.0,90.0
2018-09,MUN,MG|JOAO MONLEVADE,glp,8,65.0,60.0,66.95,60.0,71.5
2018-09,MUN,MG|JOAO PINHEIRO,glp,12,60.0,59.9,69.5,59.9,70.0
2018-09,MUN,MG|JUIZ DE FORA,glp,24,75.0,68.6,76.4,63.0,79.0
2018-09,MUN,MG|LAVRAS,glp,8,65.0,65.0,70.0,65.0,70.0
2018-09,MUN,MG|LEOPOLDINA,glp,7,75.0,71.8,75.0,70.0,75.0
2018-09,MUN,MG|MANHUACU,glp,6,72.5,65.0,75.0,65.0,75.0
2018-09,MUN,MG|MONTE CARMELO,glp,9,65.0,64.0,65.6,60.0,68.0
2018-09,MUN,MG|MONTES CLAROS,glp,61,73.0,68.0,75.0,65.0,80.0
2018-09,MUN,MG|MURIAE,glp,5,73.0,71.6,75.0,71.0,75.0
2018-09,MUN,MG|NOVA LIMA,glp,5,75.0,72.0,77.4,70.0,79.0
2018-09,MUN,MG|OLIVEIRA,glp,5,70.45,67.0,73.36,65.0,75.0
2018-09,MUN,MG|OURO PRETO,glp,6,75.0,72.0,75.0,70.0,75.0
2018-09,MUN,MG|PARA DE MINAS,glp,4,74.5,66.5,79.63,65.0,79.9
2018-09,MUN,MG|PARACATU,glp,8,70.0,65.0,70.0,65.0,70.0
2018-09,MUN,MG|PASSOS,glp,15,70.0,65.0,71.2,65.0,73.0
2018-09,MUN,MG|PATOS DE MINAS,glp,6,70.0,70.0,72.5,70.0,75.0
2018-09,MUN,MG|PATROCINIO,glp,6,67.5,65.0,70.0,65.0,70.0
2018-09,MUN,MG|POCOS DE CALDAS,glp,18,70.0,65.0,70.0,65.0,70.0
2018-09,MUN,MG|POUSO ALEGRE,glp,7,70.0,68.0,70.0,68.0,70.0
2018-09,MUN,MG|SABARA,glp,8,72.5,62.4,75.0,54.0,75.0
2018-09,MUN,MG|SAO JOAO DEL REI,glp,15,68.0,65.0,70.0,65.0,70.0
2018-09,MUN,MG|SAO SEBASTIAO DO PARAISO,glp,15,70.0,70.0,75.0,65.0,75.0
2018-09,MUN,MG|SETE LAGOAS,glp,12,67.5,59.1,74.9,57.0,75.0
2018-09,MUN,MG|TEOFILO OTONI,glp,16,68.0,65.0,72.0,65.0,72.0
2018-09,MUN,MG|TIMOTEO,glp,5,75.0,73.2,75.0,72.0,75.0
2018-09,MUN,MG|TRES CORACOES,glp,9,68.0,65.0,71.0,65.0,75.0
2018-09,MUN,MG|UBA,glp,11,70.0,65.0,73.0,65.0,75.0
2018-09,MUN,MG|UBERABA,glp,24,70.0,66.5,73.5,60.0,75.0
2018-09,MUN,MG|UBERLANDIA,glp,64,70.0,68.0,75.0,63.0,75.0
2018-09,MUN,MG|UNAI,glp,5,80.0,74.0,83.0,70.0,85.0
2018-09,MUN,MG|VARGINHA,glp,13,63.0,60.0,65.0,60.0,68.0
2018-09,MUN,MG|VICOSA,glp,3,70.0,68.4,78.0,68.0,80.0
2018-09,MUN,MS|CAMPO GRANDE,glp,74,70.0,64.23,75.0,60.0,80.0
2018-09,MUN,MS|CORUMBA,glp,6,90.0,86.25,90.0,82.5,90.0
2018-09,MUN,MS|COXIM,glp,8,87.0,85.5,87.0,82.0,87.0
2018-09,MUN,MS|DOURADOS,glp,34,70.0,65.0,75.0,65.0,80.0
2018-09,MUN,MS|NOVA ANDRADINA,glp,12,75.0,70.0,84.5,70.0,85.0
2018-09,MUN,MS|PONTA PORA,glp,2,68.5,67.3,69.7,67.0,70.0
2018-09,MUN,MS|TRES LAGOAS,glp,10,62.5,59.9,65.25,59.0,67.5
2018-09,MUN,MT|ALTA FLORESTA,glp,6,109.5,105.0,110.0,105.0,110.0
2018-09,MUN,MT|CACERES,glp,8,82.5,75.0,89.3,75.0,90.0
2018-09,MUN,MT|CUIABA,glp,168,95.0,90.0,100.0,85.0,115.0
2018-09,MUN,MT|RONDONOPOLIS,glp,9,100.0,95.0,100.0,95.0,100.0
2018-09,MUN,MT|SINOP,glp,14,100.0,98.0,100.0,98.0,105.0
2018-09,MUN,MT|SORRISO,glp,11,105.0,105.0,115.0,105.0,120.0
2018-09,MUN,MT|VARZEA GRANDE,glp,39,95.0,90.0,100.0,90.0,100.0
2018-09,MUN,PA|ABAETETUBA,glp,8,66.5,65.0,72.0,65.0,72.0
2018-09,MUN,PA|ALENQUER,glp,3,80.0,80.0,82.4,80.0,83.0
2018-09,MUN,PA|ALTAMIRA,glp,10,87.0,81.9,90.0,72.0,90.0
2018-09,MUN,PA|ANANINDEUA,glp,24,68.0,62.95,71.35,60.0,72.5
2018-09,MUN,PA|BELEM,glp,46,65.0,65.0,70.0,65.0,75.0
2018-09,MUN,PA|BRAGANCA,glp,7,80.0,78.0,81.2,75.0,83.0
2018-09,MUN,PA|CAMETA,glp,5,70.0,67.0,76.0,65.0,80.0
2018-09,MUN,PA|CASTANHAL,glp,5,75.0,70.0,76.2,70.0,77.0
2018-09,MUN,PA|CONCEICAO DO ARAGUAIA,glp,4,90.0,86.5,90.0,85.0,90.0
2018-09,MUN,PA|ITAITUBA,glp,7,88.0,84.0,92.0,84.0,92.0
2018-09,MUN,PA|MARABA,glp,9,85.0,80.0,85.0,80.0,85.0
2018-09,MUN,PA|PARAGOMINAS,glp,3,92.0,88.8,95.2,88.0,96.0
2018-09,MUN,PA|PARAUAPEBAS,glp,4,90.0,90.0,90.0,90.0,90.0
2018-09,MUN,PA|REDENCAO,glp,5,100.0,91.0,100.0,85.0,100.0
2018-09,MUN,PA|SANTAREM,glp,22,70.0,65.0,74.7,65.0,75.0
2018-09,MUN,PA|XINGUARA,glp,6,92.5,89.0,95.0,88.0,95.0
2018-09,MUN,PB|BAYEUX,glp,5,70.0,70.0,70.0,70.0,70.0
2018-09,MUN,PB|CABEDELO,glp,8,70.0,67.8,70.0,65.0,70.0
2018-09,MUN,PB|CAMPINA GRANDE,glp,37,65.0,65.0,65.0,60.0,67.0
2018-09,MUN,PB|ITABAIANA,glp,1,65.0,65.0,65.0,65.0,65.0
2018-09,MUN,PB|JOAO PESSOA,glp,20,70.0,69.5,70.0,65.0,70.0
2018-09,MUN,PB|PATOS,glp,4,66.0,65.0,69.1,65.0,70.0
2018-09,MUN,PB|SOUSA,glp,2,65.0,65.0,65.0,65.0,65.0
2018-09,MUN,PE|ARARIPINA,glp,4,75.0,71.5,75.0,70.0,75.0
2018-09,MUN,PE|ARCOVERDE,glp,7,70.0,70.0,70.0,70.0,70.0
2018-09,MUN,PE|BELO JARDIM,glp,4,64.75,61.35,65.0,60.0,65.0
2018-09,MUN,PE|CABO DE SANTO AGOSTINHO,glp,11,65.0,60.0,65.0,60.0,65.0
2018-09,MUN,PE|CARUARU,glp,13,65.0,60.0,65.0,60.0,65.0
2018-09,MUN,PE|GARANHUNS,glp,13,65.0,65.0,65.0,60.0,65.5
2018-09,MUN,PE|GOIANA,glp,6,65.0,65.0,65.0,65.0,65.0
2018-09,MUN,PE|IGARASSU,glp,18,65.0,61.75,65.0,60.0,65.0
2018-09,MUN,PE|JABOATAO DOS GUARARAPES,glp,34,65.0,60.0,65.0,60.0,65.0
2018-09,MUN,PE|LAJEDO,glp,7,65.0,60.0,65.0,60.0,65.0
2018-09,MUN,PE|OLINDA,glp,28,63.75,60.0,65.0,60.0,65.0
2018-09,MUN,PE|PAULISTA,glp,16,65.0,60.0,65.0,60.0,65.0
2018-09,MUN,PE|PETROLINA,glp,12,60.0,59.1,61.8,53.0,65.0
2018-09,MUN,PE|RECIFE,glp,35,65.0,65.0,65.0,60.0,65.0
2018-09,MUN,PE|SALGUEIRO,glp,3,70.0,70.0,70.0,70.0,70.0
2018-09,MUN,PE|SANTA CRUZ DO CAPIBARIBE,glp,10,65.0,65.0,65.5,65.0,70.0
2018-09,MUN,PE|SERRA TALHADA,glp,3,75.0,72.6,79.0,72.0,80.0
2018-09,MUN,PE|VITORIA DE SANTO ANTAO,glp,11,65.0,65.0,65.0,60.0,70.0
2018-09,MUN,PI|PARNAIBA,glp,2,84.0,83.2,84.8,83.0,85.0
2018-09,MUN,PI|PICOS,glp,2,70.0,70.0,70.0,70.0,70.0
2018-09,MUN,PI|PIRIPIRI,glp,4,75.0,71.5,78.5,70.0,80.0
2018-09,MUN,PI|TERESINA,glp,58,65.0,60.0,65.0,55.0,75.0
2018-09,MUN,PR|APUCARANA,glp,14,65.0,65.0,70.0,60.0,70.0
2018-09,MUN,PR|ARAPONGAS,glp,17,65.0,64.0,65.0,63.0,70.0
2018-09,MUN,PR|ARAUCARIA,glp,13,64.0,60.0,65.0,60.0,70.0
2018-09,MUN,PR|ASSIS CHATEAUBRIAND,glp,4,85.0,82.83,85.0,81.9,85.0
2018-09,MUN,PR|CAMBE,glp,16,70.0,70.0,74.0,65.0,75.0
2018-09,MUN,PR|CAMPO LARGO,glp,15,60.0,58.0,65.0,58.0,65.0
2018-09,MUN,PR|CAMPO MOURAO,glp,9,75.0,69.98,75.6,69.9,78.0
2018-09,MUN,PR|CASCAVEL,glp,19,75.0,71.6,80.0,70.0,82.5
2018-09,MUN,PR|CASTRO,glp,6,70.0,66.0,72.5,65.0,75.0
2018-09,MUN,PR|CIANORTE,glp,16,70.0,67.5,75.0,65.0,75.0
2018-09,MUN,PR|COLOMBO,glp,19,70.0,67.0,70.0,65.0,73.0
2018-09,MUN,PR|CORNELIO PROCOPIO,glp,4,75.0,75.0,75.0,75.0,75.0
2018-09,MUN,PR|CURITIBA,glp,32,65.0,60.0,70.0,59.9,75.0
2018-09,MUN,PR|FOZ DO IGUACU,glp,17,84.8,75.0,84.8,70.0,84.8
2018-09,MUN,PR|FRANCISCO BELTRAO,glp,9,67.0,67.0,67.7,67.0,68.5
2018-09,MUN,PR|GUARAPUAVA,glp,9,68.5,67.8,80.0,67.0,80.0
2018-09,MUN,PR|LONDRINA,glp,63,70.0,65.0,74.6,60.0,77.0
2018-09,MUN,PR|MARECHAL CANDIDO RONDON,glp,4,77.5,75.0,80.0,75.0,80.0
2018-09,MUN,PR|MARINGA,glp,23,80.0,75.0,80.0,75.0,85.0
2018-09,MUN,PR|PARANAGUA,glp,8,55.0,55.0,60.0,55.0,60.0
2018-09,MUN,PR|PARANAVAI,glp,16,75.0,67.5,75.0,65.0,75.0
2018-09,MUN,PR|PATO BRANCO,glp,7,77.0,71.8,78.8,70.0,80.0
2018-09,MUN,PR|PINHAIS,glp,17,68.0,64.2,73.2,60.0,75.0
2018-09,MUN,PR|PONTA GROSSA,glp,12,60.0,59.91,63.8,59.0,65.0
2018-09,MUN,PR|RAMILANDIA,glp,1,84.8,84.8,84.8,84.8,84.8
2018-09,MUN,PR|SANTO ANTONIO DA PLATINA,glp,12,65.0,60.0,65.0,60.0,69.9
2018-09,MUN,PR|SAO JOSE DOS PINHAIS,glp,13,69.0,68.0,70.0,65.0,75.0
2018-09,MUN,PR|TOLEDO,glp,28,85.0,80.0,85.3,80.0,88.0
2018-09,MUN,PR|UMUARAMA,glp,10,70.0,65.0,75.0,65.0,75.0
2018-09,MUN,PR|UNIAO DA VITORIA,glp,3,75.0,72.6,75.0,72.0,75.0
2018-09,MUN,RJ|ANGRA DOS REIS,glp,6,71.95,68.5,73.95,68.0,74.0
2018-09,MUN,RJ|ARARUAMA,glp,6,55.0,51.5,58.5,50.0,60.0
2018-09,MUN,RJ|BARRA DO PIRAI,glp,5,70.0,69.9,73.0,69.9,75.0
2018-09,MUN,RJ|BARRA MANSA,glp,10,67.5,61.69,70.0,58.9,70.0
2018-09,MUN,RJ|BELFORD ROXO,glp,6,57.0,55.0,62.5,55.0,65.0
2018-09,MUN,RJ|CABO FRIO,glp,5,62.0,58.8,63.8,58.0,65.0
2018-09,MUN,RJ|CAMPOS DOS GOYTACAZES,glp,27,62.5,58.594,68.2,56.5,76.0
2018-09,MUN,RJ|DUQUE DE CAXIAS,glp,21,60.0,56.0,60.0,55.0,62.5
2018-09,MUN,RJ|ITABORAI,glp,4,61.0,60.0,64.1,60.0,65.0
2018-09,MUN,RJ|ITAGUAI,glp,4,66.4,65.42,68.85,65.0,69.9
2018-09,MUN,RJ|ITAPERUNA,glp,5,60.0,60.0,63.0,60.0,65.0
2018-09,MUN,RJ|MACAE,glp,5,64.0,61.6,67.6,60.0,68.0
2018-09,MUN,RJ|MAGE,glp,5,70.0,62.0,70.0,60.0,70.0
2018-09,MUN,RJ|MARICA,glp,3,65.0,65.0,69.0,65.0,70.0
2018-09,MUN,RJ|NILOPOLIS,glp,4,60.0,60.0,63.5,60.0,65.0
2018-09,MUN,RJ|NITEROI,glp,8,60.5,58.7,65.0,58.0,65.0
2018-09,MUN,RJ|NOVA FRIBURGO,glp,5,65.0,62.0,72.0,60.0,72.0
2018-09,MUN,RJ|NOVA IGUACU,glp,30,65.0,55.0,65.0,55.0,65.0
2018-09,MUN,RJ|PETROPOLIS,glp,7,62.0,61.2,65.0,60.0,65.0
2018-09,MUN,RJ|RESENDE,glp,8,75.0,73.2,75.9,69.0,78.0
2018-09,MUN,RJ|RIO BONITO,glp,3,55.0,55.0,55.0,55.0,55.0
2018-09,MUN,RJ|RIO DE JANEIRO,glp,86,62.45,55.0,75.0,50.0,80.0
2018-09,MUN,RJ|SANTO ANTONIO DE PADUA,glp,2,57.0,54.6,59.4,54.0,60.0
2018-09,MUN,RJ|SAO FRANCISCO DE ITABAPOANA,glp,2,67.5,65.5,69.5,65.0,70.0
2018-09,MUN,RJ|SAO GONCALO,glp,10,60.0,57.7,60.2,55.0,62.0
2018-09,MUN,RJ|SAO JOAO DE MERITI,glp,8,60.0,59.97,60.9,59.9,63.0
2018-09,MUN,RJ|SAPUCAIA,glp,2,62.5,56.5,68.5,55.0,70.0
2018-09,MUN,RJ|SAQUAREMA,glp,5,55.99,53.2,60.0,52.0,60.0
2018-09,MUN,RJ|TERESOPOLIS,glp,6,68.0,68.0,72.5,68.0,73.0
2018-09,MUN,RJ|TRES RIOS,glp,2,62.5,60.5,64.5,60.0,65.0
2018-09,MUN,RJ|VALENCA,glp,5,65.0,65.0,70.4,65.0,74.0
2018-09,MUN,RJ|VOLTA REDONDA,glp,11,66.9,65.0,68.0,64.99,68.0
2018-09,MUN,RN|CAICO,glp,4,65.0,65.0,67.1,65.0,68.0
2018-09,MUN,RN|MOSSORO,glp,12,65.0,65.0,70.0,60.0,70.0
2018-09,MUN,RN|NATAL,glp,67,68.0,63.0,71.0,60.0,72.5
2018-09,MUN,RN|PARNAMIRIM,glp,26,63.5,60.0,70.0,60.0,70.0
2018-09,MUN,RO|ARIQUEMES,glp,5,80.0,77.0,80.9,77.0,81.5
2018-09,MUN,RO|CACOAL,glp,4,85.0,85.0,85.7,85.0,86.0
2018-09,MUN,RO|JI-PARANA,glp,10,75.0,75.0,80.5,75.0,85.0
2018-09,MUN,RO|PIMENTA BUENO,glp,4,91.0,90.3,91.0,90.0,91.0
2018-09,MUN,RO|PORTO VELHO,glp,41,73.0,69.0,75.0,66.25,80.0
2018-09,MUN,RO|VILHENA,glp,8,81.0,80.0,85.9,80.0,88.0
2018-09,MUN,RR|BOA VISTA,glp,41,80.0,80.0,82.0,78.0,82.0
2018-09,MUN,RS|ALEGRETE,glp,7,73.0,70.74,80.0,69.0,80.0
2018-09,MUN,RS|ALVORADA,glp,9,65.0,61.6,65.6,60.0,68.0
2018-09,MUN,RS|BAGE,glp,23,70.0,65.5,71.9,64.5,75.0
2018-09,MUN,RS|BENTO GONCALVES,glp,4,69.0,65.9,70.0,65.0,70.0
2018-09,MUN,RS|CACHOEIRA DO SUL,glp,8,57.95,55.0,58.6,55.0,60.0
2018-09,MUN,RS|CACHOEIRINHA,glp,7,67.0,62.4,68.0,60.0,68.0
2018-09,MUN,RS|CANOAS,glp,14,68.0,60.0,70.0,59.0,70.0
2018-09,MUN,RS|CAXIAS DO SUL,glp,42,69.9,66.55,74.9,65.0,80.5
2018-09,MUN,RS|CRUZ ALTA,glp,2,49.0,48.2,49.8,48.0,50.0
2018-09,MUN,RS|ERECHIM,glp,7,75.0,70.0,79.6,70.0,82.0
2018-09,MUN,RS|ESTEIO,glp,12,61.0,58.0,68.0,55.0,70.0
2018-09,MUN,RS|GRAMADO,glp,6,75.75,72.5,82.0,70.0,85.0
2018-09,MUN,RS|GRAVATAI,glp,8,67.5,65.0,68.6,65.0,70.0
2018-09,MUN,RS|GUAIBA,glp,6,68.5,65.0,72.5,65.0,75.0
2018-09,MUN,RS|IJUI,glp,7,70.0,66.8,76.2,65.0,78.0
2018-09,MUN,RS|LAJEADO,glp,10,72.5,69.2,75.3,62.0,78.0
2018-09,MUN,RS|NOVO HAMBURGO,glp,12,63.0,60.0,64.8,60.0,65.0
2018-09,MUN,RS|OSORIO,glp,9,70.0,68.6,72.78,67.0,79.9
2018-09,MUN,RS|PASSO FUNDO,glp,21,65.0,65.0,70.0,65.0,73.0
2018-09,MUN,RS|PELOTAS,glp,16,69.0,60.0,70.0,60.0,70.0
2018-09,MUN,RS|PORTO ALEGRE,glp,22,68.725,65.0,72.0,60.0,75.0
2018-09,MUN,RS|RIO GRANDE,glp,9,60.0,60.0,66.0,60.0,66.0
2018-09,MUN,RS|SANTA CRUZ DO SUL,glp,20,68.0,59.99,75.0,58.0,86.0
2018-09,MUN,RS|SANTA MARIA,glp,77,75.0,70.0,79.0,68.0,87.0
2018-09,MUN,RS|SANTA ROSA,glp,7,75.0,75.0,78.8,75.0,80.0
2018-09,MUN,RS|SANTANA DO LIVRAMENTO,glp,11,65.0,60.0,65.0,60.0,69.0
2018-09,MUN,RS|SANTO ANGELO,glp,3,73.0,73.0,78.6,73.0,80.0
2018-09,MUN,RS|SAO GABRIEL,glp,11,75.0,70.0,75.0,70.0,78.0
2018-09,MUN,RS|SAO LEOPOLDO,glp,9,58.0,57.32,60.8,55.0,64.0
2018-09,MUN,RS|SAO LUIZ GONZAGA,glp,7,75.0,70.0,79.4,70.0,80.0
2018-09,MUN,RS|SAPIRANGA,glp,6,65.0,64.5,72.5,64.0,78.0
2018-09,MUN,RS|SAPUCAIA DO SUL,glp,19,65.0,58.9,69.92,58.0,72.0
2018-09,MUN,RS|TORRES,glp,5,72.0,67.0,77.4,65.0,79.0
2018-09,MUN,RS|URUGUAIANA,glp,13,75.0,75.0,80.0,72.0,88.0
2018-09,MUN,RS|VACARIA,glp,9,75.0,70.0,78.0,70.0,78.0
2018-09,MUN,RS|VIAMAO,glp,14,67.5,63.6,69.63,61.0,70.0
2018-09,MUN,SC|ARARANGUA,glp,5,65.0,59.2,65.0,58.0,65.0
2018-09,MUN,SC|BALNEARIO CAMBORIU,glp,4,75.0,75.0,75.0,75.0,75.0
2018-09,MUN,SC|BIGUACU,glp,4,65.0,65.0,66.4,65.0,67.0
2018-09,MUN,SC|BLUMENAU,glp,7,70.0,69.6,75.0,69.0,75.0
2018-09,MUN,SC|BRUSQUE,glp,7,65.0,62.297,65.0,62.0,65.0
2018-09,MUN,SC|CACADOR,glp,4,67.5,61.5,72.8,60.0,74.0
2018-09,MUN,SC|CHAPECO,glp,5,80.0,80.0,80.0,80.0,80.0
2018-09,MUN,SC|CONCORDIA,glp,7,68.0,67.6,73.2,67.0,75.0
2018-09,MUN,SC|CRICIUMA,glp,11,68.0,65.0,70.0,65.0,70.0
2018-09,MUN,SC|FLORIANOPOLIS,glp,17,70.0,70.0,71.5,70.0,71.5
2018-09,MUN,SC|ITAJAI,glp,7,60.0,60.0,62.0,60.0,62.0
2018-09,MUN,SC|JARAGUA DO SUL,glp,9,62.5,59.0,69.18,55.0,69.9
2018-09,MUN,SC|JOINVILLE,glp,5,69.0,66.6,69.6,65.0,70.0
2018-09,MUN,SC|LAGES,glp,8,65.0,60.0,68.6,60.0,70.0
2018-09,MUN,SC|LAGUNA,glp,4,65.0,61.5,68.5,60.0,70.0
2018-09,MUN,SC|MAFRA,glp,4,69.9,69.27,69.97,69.0,70.0
2018-09,MUN,SC|PALHOCA,glp,5,65.0,65.0,65.0,65.0,65.0
2018-09,MUN,SC|SAO JOSE,glp,6,65.0,65.0,67.45,65.0,68.0
2018-09,MUN,SC|TUBARAO,glp,5,65.0,63.8,69.2,63.0,70.0
2018-09,MUN,SC|VIDEIRA,glp,7,75.0,74.0,75.0,72.5,75.0
2018-09,MUN,SC|XANXERE,glp,5,75.0,73.8,80.0,73.0,82.0
2018-09,MUN,SE|ARACAJU,glp,33,80.0,73.4,84.6,70.0,85.0
2018-09,MUN,SE|ITABAIANA,glp,3,73.0,70.6,74.6,70.0,75.0
2018-09,MUN,SE|LAGARTO,glp,5,70.0,67.0,70.0,65.0,70.0
2018-09,MUN,SE|NOSSA SENHORA DO SOCORRO,glp,8,70.0,68.5,75.0,65.0,75.0
2018-09,MUN,SP|ADAMANTINA,glp,4,65.0,65.0,65.7,65.0,66.0
2018-09,MUN,SP|AGUDOS,glp,1,65.0,65.0,65.0,65.0,65.0
2018-09,MUN,SP|AMERICANA,glp,18,65.0,63.5,65.0,60.0,68.0
2018-09,MUN,SP|AMPARO,glp,5,72.0,67.8,74.2,65.0,75.0
2018-09,MUN,SP|ARACATUBA,glp,38,65.0,65.0,67.5,60.0,70.0
2018-09,MUN,SP|ARARAQUARA,glp,14,75.0,68.6,80.9,65.0,83.0
2018-09,MUN,SP|ARARAS,glp,12,65.95,65.9,79.25,65.9,85.0
2018-09,MUN,SP|ASSIS,glp,14,68.0,65.0,69.4,62.5,70.0
2018-09,MUN,SP|ATIBAIA,glp,10,70.0,67.7,75.0,65.0,75.0
2018-09,MUN,SP|AVARE,glp,17,65.0,63.0,65.0,60.0,65.0
2018-09,MUN,SP|BARRETOS,glp,5,60.0,55.8,62.4,55.0,64.0
2018-09,MUN,SP|BARUERI,glp,13,65.0,60.4,69.6,60.0,70.0
2018-09,MUN,SP|BAURU,glp,35,65.0,60.0,70.0,56.0,73.0
2018-09,MUN,SP|BEBEDOURO,glp,12,67.5,58.5,72.7,58.0,75.0
2018-09,MUN,SP|BIRIGUI,glp,23,65.0,60.5,70.0,60.0,70.0
2018-09,MUN,SP|BOTUCATU,glp,21,53.0,50.0,60.0,50.0,65.0
2018-09,MUN,SP|BRAGANCA PAULISTA,glp,7,65.0,59.996,65.76,59.99,66.9
2018-09,MUN,SP|CACAPAVA,glp,6,62.5,57.5,70.0,55.0,70.0
2018-09,MUN,SP|CAMPINAS,glp,23,65.0,60.0,69.99,60.0,70.0
2018-09,MUN,SP|CARAGUATATUBA,glp,3,60.0,57.6,72.8,57.0,76.0
2018-09,MUN,SP|CARAPICUIBA,glp,12,70.0,60.5,70.0,60.0,70.0
2018-09,MUN,SP|CATANDUVA,glp,12,70.0,65.495,74.8,65.0,75.0
2018-09,MUN,SP|COSMOPOLIS,glp,6,63.0,62.25,64.25,62.0,65.0
2018-09,MUN,SP|COTIA,glp,8,69.5,63.0,76.5,63.0,80.0
2018-09,MUN,SP|CRUZEIRO,glp,14,55.0,55.0,60.0,53.0,60.0
2018-09,MUN,SP|CUBATAO,glp,9,76.0,64.998,78.0,64.99,78.0
2018-09,MUN,SP|DIADEMA,glp,26,69.0,65.0,75.0,62.99,75.0
2018-09,MUN,SP|DRACENA,glp,3,70.0,68.4,71.6,68.0,72.0
2018-09,MUN,SP|EMBU DAS ARTES,glp,5,70.0,65.0,74.2,65.0,77.0
2018-09,MUN,SP|FRANCA,glp,27,65.0,62.994,70.0,59.99,75.0
2018-09,MUN,SP|GARCA,glp,7,65.0,62.6,67.0,62.0,70.0
2018-09,MUN,SP|GUARATINGUETA,glp,21,57.0,55.0,69.0,54.99,72.0
2018-09,MUN,SP|GUARUJA,glp,14,76.5,74.927,80.0,74.9,80.0
2018-09,MUN,SP|GUARULHOS,glp,37,60.9,59.59,68.796,55.0,70.0
2018-09,MUN,SP|HORTOLANDIA,glp,8,67.5,62.6,70.0,57.0,70.0
2018-09,MUN,SP|IBITINGA,glp,14,70.0,68.0,75.0,65.0,75.0
2018-09,MUN,SP|INDAIATUBA,glp,13,70.0,65.0,70.0,65.0,75.0
2018-09,MUN,SP|ITANHAEM,glp,3,70.0,70.0,70.0,70.0,70.0
2018-09,MUN,SP|ITAPECERICA DA SERRA,glp,7,68.0,65.0,78.8,65.0,80.0
2018-09,MUN,SP|ITAPETININGA,glp,11,65.0,63.0,70.0,60.0,70.0
2018-09,MUN,SP|ITAPEVA,glp,5,72.5,70.0,77.4,70.0,79.0
2018-09,MUN,SP|ITAPIRA,glp,3,60.0,60.0,64.0,60.0,65.0
2018-09,MUN,SP|ITAPOLIS,glp,13,74.0,70.2,76.4,70.0,78.5
2018-09,MUN,SP|ITAQUAQUECETUBA,glp,19,60.0,59.99,63.8,59.95,69.97
2018-09,MUN,SP|ITATIBA,glp,4,63.5,60.0,69.1,60.0,70.0
2018-09,MUN,SP|ITU,glp,7,62.0,61.194,67.0,60.0,67.0
2018-09,MUN,SP|JABOTICABAL,glp,7,62.0,58.0,65.0,58.0,65.0
2018-09,MUN,SP|JACAREI,glp,14,63.95,59.135,69.9,55.0,72.0
2018-09,MUN,SP|JALES,glp,7,70.0,67.96,70.0,67.9,70.0
2018-09,MUN,SP|JAU,glp,11,65.0,65.0,68.0,65.0,75.0
2018-09,MUN,SP|JOSE BONIFACIO,glp,6,65.0,65.0,71.0,65.0,74.0
2018-09,MUN,SP|JUNDIAI,glp,12,70.0,60.999,73.0,60.0,78.0
2018-09,MUN,SP|LEME,glp,8,60.0,55.0,66.5,55.0,70.0
2018-09,MUN,SP|LIMEIRA,glp,15,60.0,60.0,68.0,60.0,70.0
2018-09,MUN,SP|LINS,glp,16,65.0,65.0,70.0,57.0,70.0
2018-09,MUN,SP|LORENA,glp,22,60.0,55.0,66.35,54.99,69.0
2018-09,MUN,SP|MARILIA,glp,13,75.0,75.0,77.0,73.0,77.0
2018-09,MUN,SP|MATAO,glp,17,70.0,66.6,75.0,65.0,77.0
2018-09,MUN,SP|MAUA,glp,20,58.748,54.791,65.0,52.5,65.0
2018-09,MUN,SP|MIRASSOL,glp,11,65.0,60.0,70.0,60.0,70.0
2018-09,MUN,SP|MOCOCA,glp,6,70.0,69.0,71.0,68.0,72.0
2018-09,MUN,SP|MOGI DAS CRUZES,glp,33,60.0,59.138,64.8,57.0,68.0
2018-09,MUN,SP|MOGI GUACU,glp,11,65.0,60.0,70.0,60.0,70.0
2018-09,MUN,SP|MOGI MIRIM,glp,8,55.0,52.0,65.0,52.0,65.0
2018-09,MUN,SP|MONTE ALTO,glp,11,67.5,63.0,72.0,62.5,72.0
2018-09,MUN,SP|OLIMPIA,glp,8,56.5,56.0,65.0,56.0,65.0
2018-09,MUN,SP|OSASCO,glp,25,69.0,61.2,75.0,60.0,85.0
2018-09,MUN,SP|OURINHOS,glp,19,66.5,60.0,71.4,60.0,75.0
2018-09,MUN,SP|PARAGUACU PAULISTA,glp,11,70.0,69.0,70.0,65.0,70.0
2018-09,MUN,SP|PAULINIA,glp,7,62.0,59.59,69.397,58.99,70.0
2018-09,MUN,SP|PINDAMONHANGABA,glp,6,60.0,60.0,64.0,60.0,65.0
2018-09,MUN,SP|PIRACICABA,glp,19,70.0,65.0,70.0,65.0,72.0
2018-09,MUN,SP|PIRASSUNUNGA,glp,2,62.5,60.5,64.5,60.0,65.0
2018-09,MUN,SP|POA,glp,12,60.0,59.954,64.75,54.99,65.0
2018-09,MUN,SP|PORTO FERREIRA,glp,2,61.5,60.3,62.7,60.0,63.0
2018-09,MUN,SP|PRAIA GRANDE,glp,23,70.0,65.0,75.8,63.0,80.0
2018-09,MUN,SP|PRESIDENTE PRUDENTE,glp,35,65.0,59.97,66.8,57.9,69.0
2018-09,MUN,SP|PRESIDENTE VENCESLAU,glp,8,62.5,60.0,67.9,60.0,70.0
2018-09,MUN,SP|RIBEIRAO PIRES,glp,12,59.995,55.3,60.0,55.0,62.5
2018-09,MUN,SP|RIBEIRAO PRETO,glp,38,75.0,70.0,86.0,70.0,90.0
2018-09,MUN,SP|RIO CLARO,glp,6,60.0,60.0,63.5,60.0,65.0
2018-09,MUN,SP|SALTO,glp,13,62.0,60.0,64.8,55.0,65.0
2018-09,MUN,SP|SANTA BARBARA D'OESTE,glp,16,65.0,60.0,65.0,60.0,65.0
2018-09,MUN,SP|SANTA CRUZ DO RIO PARDO,glp,14,71.25,66.5,72.7,64.0,75.0
2018-09,MUN,SP|SANTO ANDRE,glp,34,64.99,59.993,71.39,57.99,79.9
2018-09,MUN,SP|SANTOS,glp,26,71.5,65.0,82.4,64.0,86.1
2018-09,MUN,SP|SAO BERNARDO DO CAMPO,glp,30,70.0,63.999,80.49,60.0,86.0
2018-09,MUN,SP|SAO CAETANO DO SUL,glp,7,80.0,69.996,86.96,69.99,89.9
2018-09,MUN,SP|SAO CARLOS,glp,17,72.0,67.7,80.8,65.9,87.0
2018-09,MUN,SP|SAO JOAO DA BOA VISTA,glp,8,70.0,67.1,70.9,65.0,73.0
2018-09,MUN,SP|SAO JOSE DO RIO PRETO,glp,46,65.0,64.5,70.0,58.0,79.0
2018-09,MUN,SP|SAO JOSE DOS CAMPOS,glp,18,70.0,60.0,75.0,60.0,85.0
2018-09,MUN,SP|SAO PAULO,glp,122,66.0,59.91,77.999,55.0,88.0
2018-09,MUN,SP|SAO ROQUE,glp,8,70.0,68.0,70.6,68.0,72.0
2018-09,MUN,SP|SAO VICENTE,glp,22,63.9,59.085,70.781,58.0,80.0
2018-09,MUN,SP|SERTAOZINHO,glp,20,67.5,65.0,70.0,60.0,70.0
2018-09,MUN,SP|SOROCABA,glp,30,66.0,63.8,70.0,60.0,70.0
2018-09,MUN,SP|SUMARE,glp,8,69.995,65.0,70.0,65.0,70.0
2018-09,MUN,SP|SUZANO,glp,14,60.95,58.597,67.4,57.0,68.0
2018-09,MUN,SP|TABOAO DA SERRA,glp,6,72.0,65.0,75.0,65.0,75.0
2018-09,MUN,SP|TATUI,glp,8,66.5,63.5,70.0,60.0,70.0
2018-09,MUN,SP|TAUBATE,glp,8,60.0,60.0,60.9,60.0,63.0
2018-09,MUN,SP|TUPA,glp,10,68.0,65.0,70.3,65.0,73.0
2018-09,MUN,SP|UBATUBA,glp,11,65.0,60.0,70.0,52.0,75.0
2018-09,MUN,SP|VALINHOS,glp,9,59.99,53.998,65.2,53.99,70.0
2018-09,MUN,SP|VARZEA PAULISTA,glp,10,61.0,60.0,63.0,60.0,63.0
2018-09,MUN,SP|VINHEDO,glp,4,68.9,67.57,69.67,67.0,70.0
2018-09,MUN,SP|VOTORANTIM,glp,20,65.0,60.0,65.1,60.0,68.0
2018-09,MUN,SP|VOTUPORANGA,glp,7,65.0,63.0,69.2,60.0,72.5
2018-09,MUN,TO|ARAGUAINA,glp,13,85.0,80.0,89.0,80.0,90.0
2018-09,MUN,TO|GURUPI,glp,36,81.75,80.0,85.0,80.0,90.0
2018-09,MUN,TO|PALMAS,glp,42,85.0,82.5,89.9,80.0,90.0
2018-09,MUN,TO|PARAISO DO TOCANTINS,glp,8,92.5,85.0,95.0,85.0,95.0
2018-09,MUN,TO|PORTO NACIONAL,glp,12,85.0,85.0,87.5,80.0,90.0
2018-09,UF,AC,glp,53,80.0,77.15,83.0,75.0,90.0
2018-09,UF,AL,glp,45,70.0,65.0,70.0,60.0,75.0
2018-09,UF,AM,glp,178,70.0,67.0,78.0,64.0,85.0
2018-09,UF,AP,glp,16,76.0,65.5,78.0,65.0,79.0
2018-09,UF,BA,glp,393,62.99,55.2,68.0,50.0,80.0
2018-09,UF,CE,glp,159,70.0,65.0,75.0,60.0,78.0
2018-09,UF,DF,glp,44,70.0,70.0,80.0,63.5,85.0
2018-09,UF,ES,glp,305,62.0,60.0,65.0,54.0,79.0
2018-09,UF,GO,glp,294,70.0,65.0,75.0,60.0,80.0
2018-09,UF,MA,glp,134,64.99,64.927,80.0,54.99,85.0
2018-09,UF,MG,glp,652,70.0,65.0,75.0,54.0,90.0
2018-09,UF,MS,glp,146,70.0,65.0,82.25,59.0,90.0
2018-09,UF,MT,glp,255,95.0,90.0,102.0,75.0,120.0
2018-09,UF,PA,glp,168,70.0,65.0,90.0,60.0,100.0
2018-09,UF,PB,glp,77,65.0,65.0,70.0,60.0,70.0
2018-09,UF,PE,glp,235,65.0,60.0,65.0,53.0,80.0
2018-09,UF,PI,glp,66,65.0,60.0,70.0,55.0,85.0
2018-09,UF,PR,glp,436,70.0,62.0,80.0,55.0,88.0
2018-09,UF,RJ,glp,316,62.7,55.0,74.45,50.0,80.0
2018-09,UF,RN,glp,109,68.0,60.0,70.0,60.0,72.5
2018-09,UF,RO,glp,72,75.0,70.0,85.0,66.25,91.0
2018-09,UF,RR,glp,41,80.0,80.0,82.0,78.0,82.0
2018-09,UF,RS,glp,472,70.0,60.0,77.45,48.0,88.0
2018-09,UF,SC,glp,136,68.0,61.95,75.0,55.0,82.0
2018-09,UF,SE,glp,49,75.0,70.0,82.2,65.0,85.0
2018-09,UF,SP,glp,1616,65.0,59.99,75.0,50.0,90.0
2018-09,UF,TO,glp,111,85.0,80.0,90.0,80.0,95.0
2018-10,BR,BR,glp,6559,68.0,60.0,80.0,50.0,120.0
2018-10,MUN,AC|CRUZEIRO DO SUL,glp,4,80.0,80.0,84.9,80.0,87.0
2018-10,MUN,AC|RIO BRANCO,glp,49,79.0,77.0,82.0,73.0,90.0
2018-10,MUN,AL|ARAPIRACA,glp,11,65.0,65.0,65.0,62.0,70.0
2018-10,MUN,AL|DELMIRO GOUVEIA,glp,3,75.0,75.0,75.0,75.0,75.0
2018-10,MUN,AL|MACEIO,glp,12,70.0,65.0,70.0,65.0,70.0
2018-10,MUN,AL|PALMEIRA DOS INDIOS,glp,5,65.0,65.0,68.0,65.0,70.0
2018-10,MUN,AL|RIO LARGO,glp,5,65.0,65.0,65.0,65.0,65.0
2018-10,MUN,AM|ITACOATIARA,glp,17,80.0,78.0,85.0,78.0,85.0
2018-10,MUN,AM|MANACAPURU,glp,6,79.5,79.0,80.0,79.0,80.0
2018-10,MUN,AM|MANAUS,glp,171,70.0,67.0,74.0,64.0,80.0
2018-10,MUN,AM|PARINTINS,glp,5,77.0,72.6,77.0,71.0,77.0
2018-10,MUN,AM|TEFE,glp,2,76.0,76.0,76.0,76.0,76.0
2018-10,MUN,AP|MACAPA,glp,11,78.0,75.0,80.0,67.0,80.0
2018-10,MUN,AP|SANTANA,glp,5,70.0,67.2,72.4,66.0,74.0
2018-10,MUN,BA|ALAGOINHAS,glp,3,65.0,64.192,65.0,63.99,65.0
2018-10,MUN,BA|BARREIRAS,glp,11,70.0,70.0,70.0,70.0,70.0
2018-10,MUN,BA|BRUMADO,glp,4,58.0,57.3,59.4,57.0,60.0
2018-10,MUN,BA|CAETITE,glp,5,62.0,60.8,62.0,60.0,62.0
2018-10,MUN,BA|CAMACARI,glp,10,65.0,62.0,68.2,62.0,70.0
2018-10,MUN,BA|EUNAPOLIS,glp,11,65.0,65.0,68.0,60.0,68.0
2018-10,MUN,BA|FEIRA DE SANTANA,glp,24,60.0,57.0,62.85,54.0,66.0
2018-10,MUN,BA|GUANAMBI,glp,21,60.0,60.0,60.0,55.0,60.0
2018-10,MUN,BA|ILHEUS,glp,7,78.0,73.9,80.0,70.0,80.0
2018-10,MUN,BA|IPIRA,glp,2,66.5,65.3,67.7,65.0,68.0
2018-10,MUN,BA|IRECE,glp,10,59.0,55.0,60.0,55.0,60.0
2018-10,MUN,BA|ITABUNA,glp,8,65.0,62.1,70.0,60.0,70.0
2018-10,MUN,BA|ITAMARAJU,glp,5,60.0,58.8,60.0,58.0,60.0
2018-10,MUN,BA|JACOBINA,glp,6,60.0,58.75,62.5,57.5,65.0
2018-10,MUN,BA|JAGUAQUARA,glp,3,55.0,52.6,55.0,52.0,55.0
2018-10,MUN,BA|JEQUIE,glp,10,55.0,50.0,57.1,50.0,58.0
2018-10,MUN,BA|JUAZEIRO,glp,7,60.0,59.2,61.2,58.0,63.0
2018-10,MUN,BA|LAURO DE FREITAS,glp,21,65.0,60.0,67.0,55.0,68.0
2018-10,MUN,BA|LIVRAMENTO DE NOSSA SENHORA,glp,4,60.0,56.5,63.5,55.0,65.0
2018-10,MUN,BA|PAULO AFONSO,glp,5,70.0,70.0,70.0,70.0,70.0
2018-10,MUN,BA|POCOES,glp,6,61.0,59.0,63.5,58.0,65.0
2018-10,MUN,BA|PORTO SEGURO,glp,9,63.0,61.6,66.0,60.0,70.0
2018-10,MUN,BA|SALVADOR,glp,147,65.0,60.0,68.0,55.0,70.0
2018-10,MUN,BA|SANTANOPOLIS,glp,1,60.0,60.0,60.0,60.0,60.0
2018-10,MUN,BA|SANTO ANTONIO DE JESUS,glp,9,60.0,57.4,65.0,55.0,65.0
2018-10,MUN,BA|SENHOR DO BONFIM,glp,2,70.0,70.0,70.0,70.0,70.0
2018-10,MUN,BA|SERRINHA,glp,7,55.0,55.0,60.0,55.0,60.0
2018-10,MUN,BA|SIMOES FILHO,glp,8,61.9,59.4,65.0,58.0,65.0
2018-10,MUN,BA|TEIXEIRA DE FREITAS,glp,10,60.0,60.0,65.5,60.0,70.0
2018-10,MUN,BA|VALENCA,glp,5,70.0,70.0,73.0,70.0,75.0
2018-10,MUN,BA|VITORIA DA CONQUISTA,glp,4,69.0,65.9,70.0,65.0,70.0
2018-10,MUN,CE|CANINDE,glp,5,68.0,67.0,69.2,67.0,70.0
2018-10,MUN,CE|CAUCAIA,glp,18,69.0,65.7,70.0,65.0,71.0
2018-10,MUN,CE|CRATEUS,glp,4,69.5,68.3,70.0,68.0,70.0
2018-10,MUN,CE|CRATO,glp,14,68.0,67.3,70.0,66.0,70.0
2018-10,MUN,CE|FORTALEZA,glp,59,75.0,70.0,75.0,70.0,75.5
2018-10,MUN,CE|ICO,glp,4,67.5,66.65,68.0,66.5,68.0
2018-10,MUN,CE|IGUATU,glp,5,67.0,66.2,67.6,66.0,68.0
2018-10,MUN,CE|ITAPIPOCA,glp,7,68.0,67.6,70.0,67.0,70.0
2018-10,MUN,CE|JUAZEIRO DO NORTE,glp,21,68.0,65.0,68.0,63.0,68.0
2018-10,MUN,CE|LIMOEIRO DO NORTE,glp,5,68.0,67.4,70.0,67.0,70.0
2018-10,MUN,CE|MARACANAU,glp,11,70.0,70.0,75.0,67.0,75.0
2018-10,MUN,CE|QUIXADA,glp,4,69.0,67.3,70.0,67.0,70.0
2018-10,MUN,CE|SOBRAL,glp,6,67.0,66.0,68.5,65.0,70.0
2018-10,MUN,DF|BRASILIA,glp,44,70.0,70.0,80.0,62.0,90.0
2018-10,MUN,ES|ARACRUZ,glp,8,62.0,56.7,67.7,56.0,74.0
2018-10,MUN,ES|CACHOEIRO DE ITAPEMIRIM,glp,10,66.0,64.21,70.9,58.0,79.0
2018-10,MUN,ES|CARIACICA,glp,79,62.0,60.0,65.0,58.0,65.0
2018-10,MUN,ES|COLATINA,glp,8,62.5,58.0,65.0,58.0,65.0
2018-10,MUN,ES|GUARAPARI,glp,24,64.5,60.0,68.0,60.0,70.0
2018-10,MUN,ES|LINHARES,glp,16,60.0,59.95,72.5,58.0,75.0
2018-10,MUN,ES|SAO MATEUS,glp,6,65.0,60.0,67.5,60.0,70.0
2018-10,MUN,ES|SERRA,glp,75,63.0,60.0,65.0,59.9,68.0
2018-10,MUN,ES|VILA VELHA,glp,30,60.0,59.9,65.0,58.0,65.0
2018-10,MUN,ES|VITORIA,glp,12,65.0,65.0,67.7,64.0,70.0
2018-10,MUN,GO|AGUAS LINDAS DE GOIAS,glp,11,65.0,58.0,70.0,55.0,75.0
2018-10,MUN,GO|ANAPOLIS,glp,32,71.0,70.0,75.0,70.0,75.0
2018-10,MUN,GO|APARECIDA DE GOIANIA,glp,23,70.0,70.0,72.0,70.0,72.0
2018-10,MUN,GO|CALDAS NOVAS,glp,12,68.14,62.3,70.0,59.95,72.0
2018-10,MUN,GO|CATALAO,glp,9,67.0,65.0,70.0,65.0,70.0
2018-10,MUN,GO|FORMOSA,glp,16,74.0,70.0,78.0,68.0,79.0
2018-10,MUN,GO|GOIANIA,glp,50,75.0,70.0,75.5,70.0,80.0
2018-10,MUN,GO|GOIATUBA,glp,3,75.0,71.0,75.0,70.0,75.0
2018-10,MUN,GO|ITUMBIARA,glp,7,73.0,69.2,75.0,68.0,75.0
2018-10,MUN,GO|JATAI,glp,17,73.5,70.0,75.0,68.0,79.0
2018-10,MUN,GO|LUZIANIA,glp,19,65.0,65.0,70.0,62.0,75.0
2018-10,MUN,GO|MINEIROS,glp,7,70.0,60.0,71.2,60.0,73.0
2018-10,MUN,GO|MORRINHOS,glp,9,70.0,68.0,73.0,68.0,73.0
2018-10,MUN,GO|PORANGATU,glp,14,70.0,65.0,70.0,65.0,70.0
2018-10,MUN,GO|RIO VERDE,glp,16,69.0,65.0,72.5,60.0,75.0
2018-10,MUN,GO|TRINDADE,glp,31,75.0,70.0,78.0,70.0,80.0
2018-10,MUN,GO|VALPARAISO DE GOIAS,glp,12,67.5,65.0,70.0,65.0,75.0
2018-10,MUN,MA|ACAILANDIA,glp,3,80.0,72.0,80.0,70.0,80.0
2018-10,MUN,MA|BACABAL,glp,3,78.0,71.6,78.8,70.0,79.0
2018-10,MUN,MA|BALSAS,glp,4,82.5,76.5,85.0,75.0,85.0
2018-10,MUN,MA|BARRA DO CORDA,glp,4,80.0,80.0,81.4,80.0,82.0
2018-10,MUN,MA|CAXIAS,glp,3,62.5,60.5,64.5,60.0,65.0
2018-10,MUN,MA|CODO,glp,2,77.0,77.0,77.0,77.0,77.0
2018-10,MUN,MA|IMPERATRIZ,glp,23,70.0,60.0,75.0,55.0,80.0
2018-10,MUN,MA|PINHEIRO,glp,3,80.0,80.0,80.0,80.0,80.0
2018-10,MUN,MA|PRESIDENTE DUTRA,glp,3,70.0,70.0,72.4,70.0,73.0
2018-10,MUN,MA|SANTA INES,glp,3,72.0,70.4,72.0,70.0,72.0
2018-10,MUN,MA|SAO JOSE DE RIBAMAR,glp,11,59.99,57.99,64.99,57.49,64.99
2018-10,MUN,MA|SAO LUIS,glp,66,58.99,54.99,62.49,54.0,64.99
2018-10,MUN,MG|ALFENAS,glp,8,70.0,65.0,71.5,65.0,75.0
2018-10,MUN,MG|ARAGUARI,glp,8,70.0,70.0,73.6,70.0,75.0
2018-10,MUN,MG|ARAXA,glp,4,64.0,62.3,68.5,62.0,70.0
2018-10,MUN,MG|BARBACENA,glp,12,70.0,65.0,70.0,65.0,75.0
2018-10,MUN,MG|BELO HORIZONTE,glp,24,69.0,60.0,75.0,60.0,80.0
2018-10,MUN,MG|BETIM,glp,11,67.6,65.0,70.0,64.0,75.0
2018-10,MUN,MG|BOM DESPACHO,glp,5,76.9,66.76,77.56,60.0,78.0
2018-10,MUN,MG|CAMPO BELO,glp,6,70.0,70.0,70.0,70.0,70.0
2018-10,MUN,MG|CARATINGA,glp,3,75.0,71.0,78.92,70.0,79.9
2018-10,MUN,MG|CONGONHAS,glp,7,71.0,70.0,71.0,70.0,71.0
2018-10,MUN,MG|CONSELHEIRO LAFAIETE,glp,8,65.0,60.0,68.6,60.0,70.0
2018-10,MUN,MG|CONTAGEM,glp,13,70.0,70.0,74.98,64.9,78.0
2018-10,MUN,MG|CORONEL FABRICIANO,glp,9,70.0,65.0,75.0,65.0,75.0
2018-10,MUN,MG|CURVELO,glp,5,65.0,62.0,68.0,60.0,70.0
2018-10,MUN,MG|DIVINOPOLIS,glp,17,70.0,70.0,75.0,65.0,78.0
2018-10,MUN,MG|FORMIGA,glp,8,70.0,69.4,76.5,68.0,80.0
2018-10,MUN,MG|FRUTAL,glp,5,70.0,70.0,71.2,70.0,72.0
2018-10,MUN,MG|GOVERNADOR VALADARES,glp,9,73.0,70.0,75.0,70.0,75.0
2018-10,MUN,MG|GUAXUPE,glp,6,65.0,62.5,68.0,60.0,68.0
2018-10,MUN,MG|IPATINGA,glp,15,75.0,69.4,75.0,65.0,75.0
2018-10,MUN,MG|ITABIRA,glp,7,78.0,75.0,80.2,75.0,82.0
2018-10,MUN,MG|ITAJUBA,glp,7,65.0,60.6,65.0,57.0,65.0
2018-10,MUN,MG|ITAUNA,glp,12,70.0,65.0,70.0,62.0,70.0
2018-10,MUN,MG|ITUIUTABA,glp,15,70.0,66.2,75.6,65.0,80.0
2018-10,MUN,MG|JANAUBA,glp,2,76.0,75.2,76.8,75.0,77.0
2018-10,MUN,MG|JANUARIA,glp,10,89.0,86.8,90.0,85.0,90.0
2018-10,MUN,MG|JOAO MONLEVADE,glp,8,65.0,61.4,69.4,60.0,75.0
2018-10,MUN,MG|JOAO PINHEIRO,glp,11,60.0,59.9,65.0,59.9,65.0
2018-10,MUN,MG|JUIZ DE FORA,glp,24,75.0,68.6,76.4,63.0,79.0
2018-10,MUN,MG|LAVRAS,glp,9,65.0,65.0,70.0,65.0,70.0
2018-10,MUN,MG|LEOPOLDINA,glp,6,75.0,70.0,76.5,70.0,78.0
2018-10,MUN,MG|MANHUACU,glp,6,72.5,65.0,75.0,65.0,75.0
2018-10,MUN,MG|MONTE CARMELO,glp,10,65.0,64.5,70.5,60.0,75.0
2018-10,MUN,MG|MONTES CLAROS,glp,41,75.0,70.0,75.0,68.0,80.0
2018-10,MUN,MG|MURIAE,glp,5,75.0,71.8,77.6,71.0,78.0
2018-10,MUN,MG|NOVA LIMA,glp,5,75.0,72.0,77.4,70.0,79.0
2018-10,MUN,MG|OLIVEIRA,glp,5,70.0,69.94,73.36,69.9,75.0
2018-10,MUN,MG|OURO PRETO,glp,7,75.0,73.0,77.9,70.0,80.0
2018-10,MUN,MG|PARA DE MINAS,glp,3,79.0,71.8,79.0,70.0,79.0
2018-10,MUN,MG|PARACATU,glp,8,70.0,68.5,75.0,65.0,75.0
2018-10,MUN,MG|PASSOS,glp,15,70.0,65.0,71.2,65.0,73.0
2018-10,MUN,MG|PATOS DE MINAS,glp,6,70.0,70.0,74.0,70.0,75.0
2018-10,MUN,MG|PATROCINIO,glp,5,68.0,65.0,69.6,65.0,70.0
2018-10,MUN,MG|POCOS DE CALDAS,glp,16,70.0,65.0,70.0,65.0,70.0
2018-10,MUN,MG|POUSO ALEGRE,glp,7,70.0,68.0,70.0,68.0,70.0
2018-10,MUN,MG|SABARA,glp,8,72.5,68.8,75.0,66.0,75.0
2018-10,MUN,MG|SAO JOAO DEL REI,glp,15,68.0,65.0,70.0,64.0,70.0
2018-10,MUN,MG|SAO SEBASTIAO DO PARAISO,glp,15,70.0,70.0,75.0,65.0,75.0
2018-10,MUN,MG|SETE LAGOAS,glp,12,68.5,63.2,73.9,57.0,75.0
2018-10,MUN,MG|TEOFILO OTONI,glp,13,68.0,68.0,74.4,68.0,75.0
2018-10,MUN,MG|TIMOTEO,glp,5,75.0,75.0,75.0,75.0,75.0
2018-10,MUN,MG|TRES CORACOES,glp,9,68.0,65.0,71.0,65.0,75.0
2018-10,MUN,MG|UBA,glp,11,70.0,65.0,75.0,65.0,75.0
2018-10,MUN,MG|UBERABA,glp,22,70.0,70.0,75.0,60.0,75.0
2018-10,MUN,MG|UBERLANDIA,glp,94,70.0,65.0,75.0,65.0,80.0
2018-10,MUN,MG|UNAI,glp,4,80.0,80.0,83.5,80.0,85.0
2018-10,MUN,MG|VARGINHA,glp,13,63.0,60.0,65.0,60.0,68.0
2018-10,MUN,MG|VICOSA,glp,3,70.0,68.4,78.0,68.0,80.0
2018-10,MUN,MS|CAMPO GRANDE,glp,96,70.0,65.0,75.0,59.9,85.0
2018-10,MUN,MS|CORUMBA,glp,7,90.0,86.5,90.0,85.0,90.0
2018-10,MUN,MS|COXIM,glp,6,86.0,85.0,87.0,85.0,87.0
2018-10,MUN,MS|DOURADOS,glp,33,70.0,65.0,75.0,63.0,80.0
2018-10,MUN,MS|NOVA ANDRADINA,glp,11,80.0,70.0,80.0,70.0,85.0
2018-10,MUN,MS|PONTA PORA,glp,2,68.5,67.3,69.7,67.0,70.0
2018-10,MUN,MS|TRES LAGOAS,glp,8,62.5,59.7,65.0,59.0,65.0
2018-10,MUN,MT|ALTA FLORESTA,glp,6,109.5,105.0,110.0,105.0,110.0
2018-10,MUN,MT|CACERES,glp,8,85.0,78.5,86.2,75.0,89.0
2018-10,MUN,MT|CUIABA,glp,168,95.0,90.0,100.0,85.0,106.5
2018-10,MUN,MT|RONDONOPOLIS,glp,10,99.0,90.0,100.0,90.0,100.0
2018-10,MUN,MT|SINOP,glp,13,100.0,98.0,100.0,95.0,105.0
2018-10,MUN,MT|SORRISO,glp,8,110.0,108.5,116.5,105.0,120.0
2018-10,MUN,MT|VARZEA GRANDE,glp,39,95.0,90.0,100.0,90.0,105.0
2018-10,MUN,PA|ABAETETUBA,glp,7,68.0,64.0,75.2,64.0,80.0
2018-10,MUN,PA|ALENQUER,glp,3,80.0,80.0,82.4,80.0,83.0
2018-10,MUN,PA|ALTAMIRA,glp,10,90.0,84.0,92.2,75.0,94.0
2018-10,MUN,PA|ANANINDEUA,glp,28,68.0,65.0,72.9,62.0,75.0
2018-10,MUN,PA|BELEM,glp,49,65.0,65.0,70.0,65.0,80.0
2018-10,MUN,PA|BRAGANCA,glp,6,80.0,80.0,85.0,80.0,85.0
2018-10,MUN,PA|CAMETA,glp,7,70.0,68.0,75.8,65.0,80.0
2018-10,MUN,PA|CASTANHAL,glp,5,70.0,70.0,73.0,70.0,75.0
2018-10,MUN,PA|CONCEICAO DO ARAGUAIA,glp,5,90.0,87.0,90.0,85.0,90.0
2018-10,MUN,PA|ITAITUBA,glp,6,89.0,84.0,92.0,84.0,92.0
2018-10,MUN,PA|MARABA,glp,9,85.0,84.0,85.6,80.0,88.0
2018-10,MUN,PA|PARAGOMINAS,glp,3,92.0,92.0,95.2,92.0,96.0
2018-10,MUN,PA|PARAUAPEBAS,glp,6,87.5,82.5,90.0,80.0,90.0
2018-10,MUN,PA|REDENCAO,glp,6,90.0,90.0,90.0,90.0,90.0
2018-10,MUN,PA|SANTAREM,glp,20,70.0,65.0,72.3,65.0,75.0
2018-10,MUN,PA|XINGUARA,glp,7,95.0,95.0,95.0,95.0,95.0
2018-10,MUN,PB|BAYEUX,glp,7,70.0,70.0,70.0,70.0,70.0
2018-10,MUN,PB|CABEDELO,glp,9,70.0,68.2,70.0,65.0,70.0
2018-10,MUN,PB|CAMPINA GRANDE,glp,33,65.0,65.0,65.0,60.0,66.0
2018-10,MUN,PB|ITABAIANA,glp,1,65.0,65.0,65.0,65.0,65.0
2018-10,MUN,PB|JOAO PESSOA,glp,19,70.0,69.0,70.0,65.0,70.0
2018-10,MUN,PB|PATOS,glp,4,66.0,65.0,69.1,65.0,70.0
2018-10,MUN,PB|SOUSA,glp,3,65.0,65.0,65.0,65.0,65.0
2018-10,MUN,PE|ARARIPINA,glp,3,70.0,70.0,74.0,70.0,75.0
2018-10,MUN,PE|ARCOVERDE,glp,7,70.0,70.0,70.0,70.0,70.0
2018-10,MUN,PE|BELO JARDIM,glp,3,60.0,60.0,64.0,60.0,65.0
2018-10,MUN,PE|CABO DE SANTO AGOSTINHO,glp,12,65.0,60.0,65.0,60.0,65.0
2018-10,MUN,PE|CARUARU,glp,12,65.0,62.75,65.0,60.0,65.0
2018-10,MUN,PE|GARANHUNS,glp,9,65.0,64.0,65.0,60.0,65.0
2018-10,MUN,PE|GOIANA,glp,7,65.0,65.0,65.0,65.0,65.0
2018-10,MUN,PE|IGARASSU,glp,21,65.0,60.0,65.0,60.0,65.0
2018-10,MUN,PE|JABOATAO DOS GUARARAPES,glp,25,65.0,60.0,65.0,60.0,65.0
2018-10,MUN,PE|LAJEDO,glp,7,65.0,60.0,65.0,60.0,65.0
2018-10,MUN,PE|OLINDA,glp,44,65.0,60.0,65.0,60.0,66.0
2018-10,MUN,PE|PAULISTA,glp,12,65.0,65.0,65.0,60.0,65.0
2018-10,MUN,PE|PETROLINA,glp,11,60.0,60.0,62.0,53.0,68.0
2018-10,MUN,PE|RECIFE,glp,49,65.0,65.0,65.0,60.0,66.0
2018-10,MUN,PE|SALGUEIRO,glp,3,73.0,70.6,74.6,70.0,75.0
2018-10,MUN,PE|SANTA CRUZ DO CAPIBARIBE,glp,6,65.0,65.0,65.0,65.0,65.0
2018-10,MUN,PE|SERRA TALHADA,glp,3,78.0,75.6,79.6,75.0,80.0
2018-10,MUN,PE|VITORIA DE SANTO ANTAO,glp,14,65.0,60.0,65.0,60.0,70.0
2018-10,MUN,PI|PARNAIBA,glp,3,83.0,80.6,86.2,80.0,87.0
2018-10,MUN,PI|PICOS,glp,3,71.5,70.3,74.3,70.0,75.0
2018-10,MUN,PI|PIRIPIRI,glp,5,80.0,77.0,80.0,75.0,80.0
2018-10,MUN,PI|TERESINA,glp,51,65.0,60.0,65.0,60.0,65.0
2018-10,MUN,PR|APUCARANA,glp,14,65.0,65.0,70.0,60.0,70.0
2018-10,MUN,PR|ARAPONGAS,glp,19,65.0,64.0,65.0,63.0,70.0
2018-10,MUN,PR|ARAUCARIA,glp,13,64.0,60.0,65.0,60.0,70.0
2018-10,MUN,PR|ASSIS CHATEAUBRIAND,glp,5,85.0,78.96,85.0,75.0,85.0
2018-10,MUN,PR|CAMBE,glp,16,70.0,70.0,74.0,65.0,75.0
2018-10,MUN,PR|CAMPO LARGO,glp,15,60.0,58.0,65.0,58.0,65.0
2018-10,MUN,PR|CAMPO MOURAO,glp,9,75.0,69.98,75.6,69.9,78.0
2018-10,MUN,PR|CASCAVEL,glp,19,75.0,72.8,80.0,70.0,80.0
2018-10,MUN,PR|CASTRO,glp,6,69.0,66.0,70.0,65.0,70.0
2018-10,MUN,PR|CIANORTE,glp,19,75.0,65.0,75.0,65.0,75.0
2018-10,MUN,PR|COLOMBO,glp,19,70.0,67.4,70.0,60.0,73.0
2018-10,MUN,PR|CORNELIO PROCOPIO,glp,6,75.0,75.0,75.0,75.0,75.0
2018-10,MUN,PR|CURITIBA,glp,33,65.0,60.0,70.0,59.9,75.0
2018-10,MUN,PR|FOZ DO IGUACU,glp,17,84.8,75.0,84.8,70.0,84.8
2018-10,MUN,PR|FRANCISCO BELTRAO,glp,10,70.0,67.9,70.1,67.0,71.0
2018-10,MUN,PR|GUARAPUAVA,glp,11,72.0,71.0,80.0,70.0,80.0
2018-10,MUN,PR|LONDRINA,glp,63,70.0,65.6,74.6,60.0,77.0
2018-10,MUN,PR|MARECHAL CANDIDO RONDON,glp,4,77.5,75.0,80.0,75.0,80.0
2018-10,MUN,PR|MARINGA,glp,23,78.0,75.0,80.0,70.0,85.0
2018-10,MUN,PR|PARANAGUA,glp,9,55.0,55.0,60.0,55.0,60.0
2018-10,MUN,PR|PARANAVAI,glp,16,75.0,67.5,75.0,65.0,75.0
2018-10,MUN,PR|PATO BRANCO,glp,7,78.0,75.0,80.4,75.0,81.0
2018-10,MUN,PR|PINHAIS,glp,17,68.0,64.2,73.2,60.0,75.0
2018-10,MUN,PR|PONTA GROSSA,glp,12,60.0,59.91,63.8,59.0,68.0
2018-10,MUN,PR|RAMILANDIA,glp,1,84.8,84.8,84.8,84.8,84.8
2018-10,MUN,PR|SANTO ANTONIO DA PLATINA,glp,12,65.0,60.0,65.0,60.0,69.9
2018-10,MUN,PR|SAO JOSE DOS PINHAIS,glp,13,69.0,65.6,70.0,62.0,75.0
2018-10,MUN,PR|TOLEDO,glp,21,85.0,80.0,85.0,80.0,86.0
2018-10,MUN,PR|UMUARAMA,glp,11,74.0,68.0,75.0,65.0,75.0
2018-10,MUN,PR|UNIAO DA VITORIA,glp,3,75.0,72.6,75.0,72.0,75.0
2018-10,MUN,RJ|ANGRA DOS REIS,glp,6,71.95,70.0,74.0,70.0,74.0
2018-10,MUN,RJ|ARARUAMA,glp,6,57.5,55.0,59.0,55.0,60.0
2018-10,MUN,RJ|BARRA DO PIRAI,glp,4,74.0,72.3,76.4,72.0,77.0
2018-10,MUN,RJ|BARRA MANSA,glp,9,68.0,63.78,71.0,58.9,75.0
2018-10,MUN,RJ|BELFORD ROXO,glp,6,60.0,59.5,62.5,59.0,65.0
2018-10,MUN,RJ|CABO FRIO,glp,4,63.5,59.5,64.7,58.0,65.0
2018-10,MUN,RJ|CAMPOS DOS GOYTACAZES,glp,27,60.0,58.594,68.2,58.0,76.0
2018-10,MUN,RJ|DUQUE DE CAXIAS,glp,25,60.0,56.5,60.0,55.0,62.5
2018-10,MUN,RJ|ITABORAI,glp,4,62.0,62.0,64.1,62.0,65.0
2018-10,MUN,RJ|ITAGUAI,glp,4,69.9,67.45,69.9,66.4,69.9
2018-10,MUN,RJ|ITAPERUNA,glp,5,63.0,60.0,65.0,60.0,65.0
2018-10,MUN,RJ|MACAE,glp,5,64.0,63.4,68.0,63.0,68.0
2018-10,MUN,RJ|MAGE,glp,6,70.0,62.5,70.0,60.0,70.0
2018-10,MUN,RJ|MARICA,glp,3,65.0,65.0,69.0,65.0,70.0
2018-10,MUN,RJ|NILOPOLIS,glp,4,60.0,60.0,63.5,60.0,65.0
2018-10,MUN,RJ|NITEROI,glp,7,60.0,58.0,62.0,58.0,65.0
2018-10,MUN,RJ|NOVA FRIBURGO,glp,5,65.0,62.0,72.0,60.0,72.0
2018-10,MUN,RJ|NOVA IGUACU,glp,30,65.0,59.8,65.0,55.0,65.0
2018-10,MUN,RJ|PETROPOLIS,glp,7,62.0,61.2,65.0,60.0,65.0
2018-10,MUN,RJ|RESENDE,glp,8,75.0,75.0,78.6,75.0,80.0
2018-10,MUN,RJ|RIO BONITO,glp,5,55.0,55.0,55.0,55.0,55.0
2018-10,MUN,RJ|RIO DE JANEIRO,glp,78,65.0,55.0,75.0,50.0,80.0
2018-10,MUN,RJ|SANTO ANTONIO DE PADUA,glp,2,57.0,54.6,59.4,54.0,60.0
2018-10,MUN,RJ|SAO FRANCISCO DE ITABAPOANA,glp,3,70.0,66.0,70.0,65.0,70.0
2018-10,MUN,RJ|SAO GONCALO,glp,15,60.0,58.8,62.6,55.0,65.0
2018-10,MUN,RJ|SAO JOAO DE MERITI,glp,8,60.0,59.97,62.9,59.9,65.0
2018-10,MUN,RJ|SAPUCAIA,glp,2,62.5,56.5,68.5,55.0,70.0
2018-10,MUN,RJ|SAQUAREMA,glp,6,57.5,52.0,60.0,52.0,60.0
2018-10,MUN,RJ|TERESOPOLIS,glp,6,68.0,68.0,72.5,68.0,73.0
2018-10,MUN,RJ|TRES RIOS,glp,2,62.5,60.5,64.5,60.0,65.0
2018-10,MUN,RJ|VALENCA,glp,5,67.0,65.0,71.8,65.0,75.0
2018-10,MUN,RJ|VOLTA REDONDA,glp,8,67.5,65.7,69.893,65.0,72.0
2018-10,MUN,RN|CAICO,glp,5,65.0,63.2,69.2,62.0,70.0
2018-10,MUN,RN|CARAUBAS,glp,1,67.0,67.0,67.0,67.0,67.0
2018-10,MUN,RN|MOSSORO,glp,11,67.0,65.0,70.0,62.0,70.0
2018-10,MUN,RN|NATAL,glp,66,67.5,63.0,70.0,62.0,74.0
2018-10,MUN,RN|PARNAMIRIM,glp,26,68.0,63.0,70.0,63.0,70.0
2018-10,MUN,RO|ARIQUEMES,glp,4,78.5,77.0,80.0,77.0,80.0
2018-10,MUN,RO|CACOAL,glp,4,85.0,85.0,85.7,85.0,86.0
2018-10,MUN,RO|JI-PARANA,glp,8,75.0,75.0,81.5,75.0,85.0
2018-10,MUN,RO|PIMENTA BUENO,glp,4,91.0,90.3,91.0,90.0,91.0
2018-10,MUN,RO|PORTO VELHO,glp,38,72.0,68.0,75.0,66.25,85.0
2018-10,MUN,RO|VILHENA,glp,9,80.0,80.0,85.6,80.0,88.0
2018-10,MUN,RR|BOA VISTA,glp,36,80.0,80.0,82.0,78.0,82.0
2018-10,MUN,RS|ALEGRETE,glp,7,77.0,73.8,80.8,72.0,82.0
2018-10,MUN,RS|ALVORADA,glp,7,65.0,63.0,65.0,60.0,65.0
2018-10,MUN,RS|BAGE,glp,23,70.0,68.0,73.2,65.0,75.0
2018-10,MUN,RS|BENTO GONCALVES,glp,3,72.0,70.4,74.4,70.0,75.0
2018-10,MUN,RS|CACHOEIRA DO SUL,glp,7,60.0,56.2,60.0,55.0,60.0
2018-10,MUN,RS|CACHOEIRINHA,glp,7,68.0,63.6,69.4,63.0,70.0
2018-10,MUN,RS|CANOAS,glp,15,68.0,63.8,70.0,59.0,70.0
2018-10,MUN,RS|CAXIAS DO SUL,glp,51,72.0,68.0,75.0,64.0,82.0
2018-10,MUN,RS|CRUZ ALTA,glp,2,50.0,50.0,50.0,50.0,50.0
2018-10,MUN,RS|ERECHIM,glp,7,75.0,70.0,82.4,70.0,83.0
2018-10,MUN,RS|ESTEIO,glp,15,64.0,59.4,68.6,58.0,70.0
2018-10,MUN,RS|GRAMADO,glp,4,74.0,70.9,75.0,70.0,75.0
2018-10,MUN,RS|GRAVATAI,glp,8,67.5,65.0,68.6,65.0,70.0
2018-10,MUN,RS|GUAIBA,glp,6,68.5,65.0,72.5,65.0,75.0
2018-10,MUN,RS|IJUI,glp,8,72.5,68.15,75.9,65.0,78.0
2018-10,MUN,RS|LAJEADO,glp,10,72.5,69.5,75.3,65.0,78.0
2018-10,MUN,RS|NOVO HAMBURGO,glp,12,63.0,60.0,64.8,60.0,65.0
2018-10,MUN,RS|OSORIO,glp,10,70.0,68.8,71.895,67.0,79.95
2018-10,MUN,RS|PASSO FUNDO,glp,21,65.0,65.0,70.0,65.0,73.0
2018-10,MUN,RS|PELOTAS,glp,17,68.0,60.0,70.8,60.0,75.0
2018-10,MUN,RS|PORTO ALEGRE,glp,20,68.0,65.0,70.29,63.9,74.0
2018-10,MUN,RS|RIO GRANDE,glp,10,62.0,60.0,66.0,60.0,66.0
2018-10,MUN,RS|SANTA CRUZ DO SUL,glp,17,70.0,62.0,73.8,60.0,86.0
2018-10,MUN,RS|SANTA MARIA,glp,77,75.0,70.0,78.0,68.0,85.0
2018-10,MUN,RS|SANTA ROSA,glp,7,76.0,75.0,78.8,75.0,80.0
2018-10,MUN,RS|SANTANA DO LIVRAMENTO,glp,12,66.0,62.75,69.9,60.0,70.0
2018-10,MUN,RS|SANTO ANGELO,glp,3,73.0,73.0,78.6,73.0,80.0
2018-10,MUN,RS|SAO GABRIEL,glp,9,75.0,72.4,77.6,70.0,80.0
2018-10,MUN,RS|SAO LEOPOLDO,glp,8,60.0,58.43,62.6,55.0,64.0
2018-10,MUN,RS|SAO LUIZ GONZAGA,glp,5,79.0,72.0,81.2,70.0,82.0
2018-10,MUN,RS|SAPIRANGA,glp,5,65.0,64.4,66.6,64.0,67.0
2018-10,MUN,RS|SAPUCAIA DO SUL,glp,21,65.0,60.0,69.9,59.0,72.0
2018-10,MUN,RS|TORRES,glp,5,72.0,67.0,77.4,65.0,79.0
2018-10,MUN,RS|URUGUAIANA,glp,14,75.0,75.0,80.0,72.0,88.0
2018-10,MUN,RS|VACARIA,glp,9,75.0,70.0,80.0,70.0,80.0
2018-10,MUN,RS|VIAMAO,glp,14,67.5,63.6,69.63,61.0,70.0
2018-10,MUN,SC|ARARANGUA,glp,4,67.5,64.9,69.4,64.0,70.0
2018-10,MUN,SC|BALNEARIO CAMBORIU,glp,5,75.0,75.0,75.0,75.0,75.0
2018-10,MUN,SC|BIGUACU,glp,3,65.0,65.0,65.0,65.0,65.0
2018-10,MUN,SC|BLUMENAU,glp,7,75.0,70.0,76.2,70.0,78.0
2018-10,MUN,SC|BRUSQUE,glp,7,66.0,65.0,68.2,65.0,70.0
2018-10,MUN,SC|CACADOR,glp,3,60.0,60.0,71.2,60.0,74.0
2018-10,MUN,SC|CHAPECO,glp,5,80.0,78.8,84.2,78.0,87.0
2018-10,MUN,SC|CONCORDIA,glp,7,68.0,68.0,77.1,68.0,78.0
2018-10,MUN,SC|CRICIUMA,glp,11,68.0,65.0,70.0,65.0,70.0
2018-10,MUN,SC|FLORIANOPOLIS,glp,20,70.0,70.0,72.0,68.0,73.0
2018-10,MUN,SC|ITAJAI,glp,8,61.0,60.0,62.9,60.0,65.0
2018-10,MUN,SC|JARAGUA DO SUL,glp,6,64.0,60.95,72.45,60.0,75.0
2018-10,MUN,SC|JOINVILLE,glp,5,69.0,66.2,69.0,65.0,69.0
2018-10,MUN,SC|LAGES,glp,8,66.5,65.0,68.6,65.0,70.0
2018-10,MUN,SC|LAGUNA,glp,4,65.0,61.5,68.5,60.0,70.0
2018-10,MUN,SC|MAFRA,glp,5,69.9,69.0,74.76,69.0,78.0
2018-10,MUN,SC|PALHOCA,glp,4,65.0,65.0,65.0,65.0,65.0
2018-10,MUN,SC|SAO JOSE,glp,5,65.0,65.0,65.0,65.0,65.0
2018-10,MUN,SC|TUBARAO,glp,5,65.0,63.8,69.2,63.0,70.0
2018-10,MUN,SC|VIDEIRA,glp,6,75.0,75.0,77.5,75.0,80.0
2018-10,MUN,SC|XANXERE,glp,4,75.0,73.6,79.9,73.0,82.0
2018-10,MUN,SE|ARACAJU,glp,20,75.0,70.0,80.0,70.0,85.0
2018-10,MUN,SE|ITABAIANA,glp,3,68.0,65.6,68.0,65.0,68.0
2018-10,MUN,SE|LAGARTO,glp,5,65.0,65.0,68.0,65.0,70.0
2018-10,MUN,SE|NOSSA SENHORA DO SOCORRO,glp,7,70.0,65.0,75.0,65.0,75.0
2018-10,MUN,SP|ADAMANTINA,glp,4,65.0,65.0,65.7,65.0,66.0
2018-10,MUN,SP|AGUDOS,glp,1,65.0,65.0,65.0,65.0,65.0
2018-10,MUN,SP|AMERICANA,glp,20,65.0,64.5,65.0,60.0,68.0
2018-10,MUN,SP|AMPARO,glp,6,72.0,65.0,74.0,65.0,75.0
2018-10,MUN,SP|ARACATUBA,glp,35,65.0,65.0,66.8,63.0,68.0
2018-10,MUN,SP|ARARAQUARA,glp,12,75.0,70.0,82.3,70.0,83.0
2018-10,MUN,SP|ARARAS,glp,9,66.0,65.9,81.0,65.9,85.0
2018-10,MUN,SP|ASSIS,glp,11,66.5,65.0,70.0,61.5,70.0
2018-10,MUN,SP|ATIBAIA,glp,10,70.0,65.0,70.5,65.0,75.0
2018-10,MUN,SP|AVARE,glp,8,65.0,63.5,65.0,60.0,65.0
2018-10,MUN,SP|BARRETOS,glp,5,65.0,60.0,65.0,60.0,65.0
2018-10,MUN,SP|BARUERI,glp,12,65.0,60.2,69.8,60.0,70.0
2018-10,MUN,SP|BAURU,glp,31,65.0,58.0,70.0,56.0,73.0
2018-10,MUN,SP|BEBEDOURO,glp,11,70.0,63.0,75.0,58.0,75.0
2018-10,MUN,SP|BIRIGUI,glp,23,65.0,60.0,70.0,55.0,70.0
2018-10,MUN,SP|BOTUCATU,glp,18,56.0,55.175,60.0,55.0,65.0
2018-10,MUN,SP|BRAGANCA PAULISTA,glp,10,65.0,59.999,65.19,59.99,66.9
2018-10,MUN,SP|CACAPAVA,glp,6,62.5,56.0,70.0,55.0,70.0
2018-10,MUN,SP|CAMPINAS,glp,32,65.495,61.146,69.99,54.99,70.0
2018-10,MUN,SP|CARAGUATATUBA,glp,3,60.0,57.6,72.8,57.0,76.0
2018-10,MUN,SP|CARAPICUIBA,glp,12,70.0,60.5,71.791,59.995,72.0
2018-10,MUN,SP|CATANDUVA,glp,12,70.0,68.2,72.7,67.0,75.0
2018-10,MUN,SP|COSMOPOLIS,glp,6,61.0,59.5,63.5,59.0,65.0
2018-10,MUN,SP|COTIA,glp,8,67.5,63.0,76.5,63.0,80.0
2018-10,MUN,SP|CRUZEIRO,glp,12,55.0,55.0,60.0,55.0,60.0
2018-10,MUN,SP|CUBATAO,glp,9,77.5,65.8,80.0,65.0,80.0
2018-10,MUN,SP|DIADEMA,glp,25,69.99,60.0,75.0,59.99,75.0
2018-10,MUN,SP|DRACENA,glp,5,70.0,68.0,73.8,68.0,75.0
2018-10,MUN,SP|EMBU DAS ARTES,glp,5,70.0,65.0,74.2,65.0,77.0
2018-10,MUN,SP|FRANCA,glp,16,65.0,64.25,67.5,60.0,70.0
2018-10,MUN,SP|GARCA,glp,6,65.0,63.5,67.5,62.0,70.0
2018-10,MUN,SP|GUARATINGUETA,glp,14,59.75,57.3,69.1,55.0,70.0
2018-10,MUN,SP|GUARUJA,glp,11,75.0,74.9,80.0,74.9,80.0
2018-10,MUN,SP|GUARULHOS,glp,37,63.0,59.594,69.994,54.0,70.0
2018-10,MUN,SP|HORTOLANDIA,glp,8,67.5,62.6,70.0,57.0,70.0
2018-10,MUN,SP|IBITINGA,glp,14,70.0,68.0,75.0,65.0,75.0
2018-10,MUN,SP|INDAIATUBA,glp,14,70.0,65.0,70.0,65.0,75.0
2018-10,MUN,SP|ITANHAEM,glp,3,70.0,70.0,70.0,70.0,70.0
2018-10,MUN,SP|ITAPECERICA DA SERRA,glp,7,68.0,65.0,81.2,65.0,83.0
2018-10,MUN,SP|ITAPETININGA,glp,11,65.0,63.0,70.0,60.0,70.0
2018-10,MUN,SP|ITAPEVA,glp,5,75.0,70.0,79.2,70.0,80.0
2018-10,MUN,SP|ITAPIRA,glp,5,60.0,60.0,65.0,60.0,65.0
2018-10,MUN,SP|ITAPOLIS,glp,13,74.0,70.4,76.6,70.0,78.5
2018-10,MUN,SP|ITAQUAQUECETUBA,glp,19,60.0,59.9,64.992,59.9,69.0
2018-10,MUN,SP|ITATIBA,glp,4,63.5,60.0,69.1,60.0,70.0
2018-10,MUN,SP|ITU,glp,7,62.0,61.194,67.0,60.0,67.0
2018-10,MUN,SP|JABOTICABAL,glp,8,65.0,59.4,69.0,58.0,69.0
2018-10,MUN,SP|JACAREI,glp,13,63.0,59.0,68.12,59.0,72.0
2018-10,MUN,SP|JALES,glp,10,70.0,67.61,70.0,65.0,70.0
2018-10,MUN,SP|JAU,glp,13,65.0,65.0,68.0,65.0,78.0
2018-10,MUN,SP|JOSE BONIFACIO,glp,6,65.0,62.5,72.0,60.0,74.0
2018-10,MUN,SP|JUNDIAI,glp,12,70.0,60.999,77.5,60.0,80.0
2018-10,MUN,SP|LEME,glp,9,64.0,60.0,65.6,60.0,68.0
2018-10,MUN,SP|LIMEIRA,glp,15,62.0,60.0,68.0,60.0,70.0
2018-10,MUN,SP|LINS,glp,16,65.0,65.0,70.0,65.0,70.0
2018-10,MUN,SP|LORENA,glp,13,60.0,55.2,66.6,53.0,68.0
2018-10,MUN,SP|MARILIA,glp,11,75.0,75.0,77.0,73.0,77.0
2018-10,MUN,SP|MATAO,glp,13,70.0,67.18,75.0,66.0,75.0
2018-10,MUN,SP|MAUA,glp,19,60.0,55.0,65.0,54.0,65.0
2018-10,MUN,SP|MIRASSOL,glp,10,65.0,61.35,65.5,60.0,70.0
2018-10,MUN,SP|MOCOCA,glp,5,70.0,68.8,71.2,68.0,72.0
2018-10,MUN,SP|MOGI DAS CRUZES,glp,35,60.0,59.0,66.8,54.99,68.0
2018-10,MUN,SP|MOGI GUACU,glp,11,65.0,60.0,70.0,60.0,70.0
2018-10,MUN,SP|MOGI MIRIM,glp,8,55.0,52.0,65.0,52.0,65.0
2018-10,MUN,SP|MONTE ALTO,glp,11,70.0,63.0,72.0,60.0,77.0
2018-10,MUN,SP|OLIMPIA,glp,6,56.0,56.0,61.5,56.0,63.0
2018-10,MUN,SP|OSASCO,glp,21,68.0,63.0,75.0,60.0,85.0
2018-10,MUN,SP|OURINHOS,glp,15,68.0,62.0,71.2,60.0,73.0
2018-10,MUN,SP|PARAGUACU PAULISTA,glp,11,70.0,65.0,70.0,65.0,75.0
2018-10,MUN,SP|PAULINIA,glp,16,61.0,59.49,69.99,58.99,70.0
2018-10,MUN,SP|PINDAMONHANGABA,glp,6,60.0,57.5,62.5,55.0,65.0
2018-10,MUN,SP|PIRACICABA,glp,22,65.0,65.0,70.0,65.0,70.0
2018-10,MUN,SP|PIRASSUNUNGA,glp,2,62.5,60.5,64.5,60.0,65.0
2018-10,MUN,SP|POA,glp,12,60.0,59.909,65.0,59.9,65.0
2018-10,MUN,SP|PORTO FERREIRA,glp,3,60.0,60.0,62.4,60.0,63.0
2018-10,MUN,SP|PRAIA GRANDE,glp,14,68.0,63.6,74.2,60.0,80.0
2018-10,MUN,SP|PRESIDENTE PRUDENTE,glp,34,65.0,59.93,65.0,57.9,69.0
2018-10,MUN,SP|PRESIDENTE VENCESLAU,glp,8,66.0,61.4,68.6,60.0,70.0
2018-10,MUN,SP|RIBEIRAO PIRES,glp,13,70.0,68.0,72.6,60.0,73.0
2018-10,MUN,SP|RIBEIRAO PRETO,glp,41,75.0,70.0,86.0,70.0,90.0
2018-10,MUN,SP|RIO CLARO,glp,7,60.0,60.0,65.0,60.0,65.0
2018-10,MUN,SP|SALTO,glp,13,62.0,60.0,65.0,55.0,65.0
2018-10,MUN,SP|SANTA BARBARA D'OESTE,glp,17,65.0,60.0,65.0,60.0,66.5
2018-10,MUN,SP|SANTA CRUZ DO RIO PARDO,glp,16,72.0,64.5,73.0,64.0,75.0
2018-10,MUN,SP|SANTO ANDRE,glp,44,64.99,59.993,69.99,57.99,79.9
2018-10,MUN,SP|SANTOS,glp,24,72.995,65.6,83.43,65.0,86.1
2018-10,MUN,SP|SAO BERNARDO DO CAMPO,glp,30,70.0,65.0,80.49,63.0,86.0
2018-10,MUN,SP|SAO CAETANO DO SUL,glp,7,80.0,69.996,86.96,69.99,89.9
2018-10,MUN,SP|SAO CARLOS,glp,17,74.0,69.9,80.8,69.9,87.0
2018-10,MUN,SP|SAO JOAO DA BOA VISTA,glp,8,70.0,67.1,70.9,65.0,73.0
2018-10,MUN,SP|SAO JOSE DO RIO PRETO,glp,64,65.0,65.0,75.0,55.0,79.0
2018-10,MUN,SP|SAO JOSE DOS CAMPOS,glp,20,70.0,60.0,75.0,60.0,85.0
2018-10,MUN,SP|SAO PAULO,glp,127,68.0,59.9,77.994,55.0,88.0
2018-10,MUN,SP|SAO ROQUE,glp,7,69.0,66.8,70.0,65.0,70.0
2018-10,MUN,SP|SAO VICENTE,glp,33,62.99,58.992,70.792,58.0,80.0
2018-10,MUN,SP|SERTAOZINHO,glp,17,68.0,65.0,70.0,60.0,70.0
2018-10,MUN,SP|SOROCABA,glp,31,67.0,65.0,70.0,61.0,71.0
2018-10,MUN,SP|SUMARE,glp,8,69.995,65.0,70.0,65.0,70.0
2018-10,MUN,SP|SUZANO,glp,12,65.0,59.991,67.9,59.0,68.0
2018-10,MUN,SP|TABOAO DA SERRA,glp,6,72.0,65.0,75.0,65.0,75.0
2018-10,MUN,SP|TATUI,glp,8,67.0,63.5,70.0,60.0,70.0
2018-10,MUN,SP|TAUBATE,glp,8,60.0,60.0,60.9,60.0,63.0
2018-10,MUN,SP|TUPA,glp,8,68.0,65.0,70.9,65.0,73.0
2018-10,MUN,SP|UBATUBA,glp,12,65.0,60.0,70.0,55.0,75.0
2018-10,MUN,SP|VALINHOS,glp,9,59.9,55.49,60.0,55.49,60.0
2018-10,MUN,SP|VARZEA PAULISTA,glp,7,60.0,60.0,62.4,60.0,63.0
2018-10,MUN,SP|VINHEDO,glp,5,67.99,67.39,68.96,66.99,69.0
2018-10,MUN,SP|VOTORANTIM,glp,18,65.0,60.0,66.6,60.0,68.0
2018-10,MUN,SP|VOTUPORANGA,glp,7,65.0,60.0,65.4,60.0,66.0
2018-10,MUN,TO|ARAGUAINA,glp,13,82.5,80.0,89.0,75.0,90.0
2018-10,MUN,TO|GURUPI,glp,39,82.5,80.0,85.0,78.0,90.0
2018-10,MUN,TO|PALMAS,glp,48,85.0,80.0,86.8,70.0,90.0
2018-10,MUN,TO|PARAISO DO TOCANTINS,glp,9,90.0,85.0,95.0,85.0,95.0
2018-10,MUN,TO|PORTO NACIONAL,glp,13,85.0,85.0,85.0,80.0,90.0
2018-10,UF,AC,glp,53,80.0,77.1,82.0,73.0,90.0
2018-10,UF,AL,glp,36,65.0,65.0,70.0,62.0,75.0
2018-10,UF,AM,glp,201,70.0,67.0,78.0,64.0,85.0
2018-10,UF,AP,glp,16,76.0,68.0,79.0,66.0,80.0
2018-10,UF,BA,glp,385,63.0,57.26,70.0,50.0,80.0
2018-10,UF,CE,glp,163,70.0,67.0,75.0,63.0,75.5
2018-10,UF,DF,glp,44,70.0,70.0,80.0,62.0,90.0
2018-10,UF,ES,glp,268,62.0,60.0,65.0,56.0,79.0
2018-10,UF,GO,glp,288,70.0,65.0,75.0,55.0,80.0
2018-10,UF,MA,glp,128,60.0,54.99,79.3,54.0,85.0
2018-10,UF,MG,glp,657,70.0,65.0,75.0,57.0,90.0
2018-10,UF,MS,glp,163,70.0,65.0,80.0,59.0,90.0
2018-10,UF,MT,glp,252,95.0,90.0,100.0,75.0,120.0
2018-10,UF,PA,glp,177,70.0,65.0,90.0,62.0,96.0
2018-10,UF,PB,glp,76,65.0,65.0,70.0,60.0,70.0
2018-10,UF,PE,glp,248,65.0,60.0,65.0,53.0,80.0
2018-10,UF,PI,glp,62,65.0,60.0,79.5,60.0,87.0
2018-10,UF,PR,glp,443,70.0,61.92,80.0,55.0,86.0
2018-10,UF,RJ,glp,315,63.0,57.0,74.9,50.0,80.0
2018-10,UF,RN,glp,109,67.5,63.0,70.0,62.0,74.0
2018-10,UF,RO,glp,67,75.0,69.0,85.0,66.25,91.0
2018-10,UF,RR,glp,36,80.0,80.0,82.0,78.0,82.0
2018-10,UF,RS,glp,476,70.0,62.0,77.0,50.0,88.0
2018-10,UF,SC,glp,132,69.0,63.1,75.0,60.0,87.0
2018-10,UF,SE,glp,35,72.5,65.0,79.2,65.0,85.0
2018-10,UF,SP,glp,1607,65.0,60.0,75.0,52.0,90.0
2018-10,UF,TO,glp,122,85.0,80.0,87.95,70.0,95.0
2018-11,BR,BR,glp,6987,69.0,60.0,81.5,50.0,120.0
2018-11,MUN,AC|CRUZEIRO DO SUL,glp,4,73.0,73.0,81.4,73.0,85.0
2018-11,MUN,AC|RIO BRANCO,glp,59,80.0,77.8,83.0,73.0,85.0
2018-11,MUN,AL|ARAPIRACA,glp,9,65.0,64.8,65.6,64.0,68.0
2018-11,MUN,AL|DELMIRO GOUVEIA,glp,4,71.25,70.0,72.85,70.0,73.0
2018-11,MUN,AL|MACEIO,glp,12,67.5,65.0,70.0,65.0,70.0
2018-11,MUN,AL|PALMEIRA DOS INDIOS,glp,6,65.0,60.75,67.5,59.0,70.0
2018-11,MUN,AL|RIO LARGO,glp,4,65.0,65.0,68.5,65.0,70.0
2018-11,MUN,AM|ITACOATIARA,glp,18,83.0,79.4,88.0,78.0,90.0
2018-11,MUN,AM|MANACAPURU,glp,8,81.5,79.0,83.0,79.0,83.0
2018-11,MUN,AM|MANAUS,glp,125,70.0,67.2,75.0,66.0,80.0
2018-11,MUN,AM|PARINTINS,glp,4,77.75,71.4,79.55,69.0,80.0
2018-11,MUN,AM|TEFE,glp,3,76.0,75.2,77.6,75.0,78.0
2018-11,MUN,AP|MACAPA,glp,9,78.0,75.0,80.0,75.0,80.0
2018-11,MUN,AP|SANTANA,glp,5,73.0,68.1,74.6,67.5,75.0
2018-11,MUN,BA|ALAGOINHAS,glp,5,65.0,64.0,66.2,64.0,67.0
2018-11,MUN,BA|BARREIRAS,glp,4,70.0,70.0,70.0,70.0,70.0
2018-11,MUN,BA|BRUMADO,glp,4,58.0,57.3,61.5,57.0,63.0
2018-11,MUN,BA|CAETITE,glp,5,60.0,60.0,61.2,60.0,62.0
2018-11,MUN,BA|CAMACARI,glp,11,62.99,62.0,65.0,60.0,70.0
2018-11,MUN,BA|EUNAPOLIS,glp,8,65.0,65.0,67.3,65.0,68.0
2018-11,MUN,BA|FEIRA DE SANTANA,glp,9,60.0,60.0,65.0,60.0,65.0
2018-11,MUN,BA|GUANAMBI,glp,18,60.0,59.25,60.0,57.5,60.0
2018-11,MUN,BA|ILHEUS,glp,8,78.0,75.6,80.6,70.0,82.0
2018-11,MUN,BA|IPIRA,glp,3,65.0,65.0,68.2,65.0,69.0
2018-11,MUN,BA|IRECE,glp,9,58.0,55.0,61.2,55.0,66.0
2018-11,MUN,BA|ITABUNA,glp,9,65.0,59.0,70.0,55.0,70.0
2018-11,MUN,BA|ITAMARAJU,glp,4,60.0,60.0,60.0,60.0,60.0
2018-11,MUN,BA|JACOBINA,glp,6,61.25,56.25,64.0,55.0,65.0
2018-11,MUN,BA|JAGUAQUARA,glp,5,55.0,53.2,55.0,52.0,55.0
2018-11,MUN,BA|JEQUIE,glp,7,53.0,50.0,56.2,50.0,58.0
2018-11,MUN,BA|JUAZEIRO,glp,7,60.0,60.0,61.2,60.0,63.0
2018-11,MUN,BA|LAURO DE FREITAS,glp,14,65.0,58.0,68.0,58.0,70.0
2018-11,MUN,BA|LIVRAMENTO DE NOSSA SENHORA,glp,4,61.5,60.0,64.4,60.0,65.0
2018-11,MUN,BA|PAULO AFONSO,glp,8,66.5,64.1,70.0,62.0,70.0
2018-11,MUN,BA|POCOES,glp,5,62.0,58.8,63.8,58.0,65.0
2018-11,MUN,BA|PORTO SEGURO,glp,13,65.5,64.0,69.5,64.0,75.0
2018-11,MUN,BA|SALVADOR,glp,109,64.99,60.0,67.2,55.0,70.0
2018-11,MUN,BA|SANTO ANTONIO DE JESUS,glp,7,60.0,58.0,65.0,55.0,65.0
2018-11,MUN,BA|SENHOR DO BONFIM,glp,3,70.0,68.4,70.0,68.0,70.0
2018-11,MUN,BA|SERRINHA,glp,7,60.0,55.0,60.0,55.0,60.0
2018-11,MUN,BA|SIMOES FILHO,glp,12,62.5,58.0,65.0,55.0,65.0
2018-11,MUN,BA|TEIXEIRA DE FREITAS,glp,13,60.0,60.0,61.6,60.0,70.0
2018-11,MUN,BA|VALENCA,glp,9,70.0,69.6,75.0,68.0,75.0
2018-11,MUN,BA|VITORIA DA CONQUISTA,glp,5,70.0,66.2,70.6,65.0,71.0
2018-11,MUN,CE|CANINDE,glp,5,68.0,67.4,69.6,67.0,70.0
2018-11,MUN,CE|CAUCAIA,glp,20,69.5,67.0,72.75,67.0,75.0
2018-11,MUN,CE|CRATEUS,glp,3,68.0,66.8,69.6,66.5,70.0
2018-11,MUN,CE|CRATO,glp,16,66.5,65.0,68.5,63.0,69.0
2018-11,MUN,CE|FORTALEZA,glp,61,78.0,75.0,80.0,75.0,85.0
2018-11,MUN,CE|ICO,glp,3,70.0,67.2,70.0,66.5,70.0
2018-11,MUN,CE|IGUATU,glp,4,68.0,66.6,69.4,66.0,70.0
2018-11,MUN,CE|ITAPIPOCA,glp,7,68.0,67.0,68.4,67.0,69.0
2018-11,MUN,CE|JUAZEIRO DO NORTE,glp,21,67.0,65.0,70.0,65.0,70.0
2018-11,MUN,CE|LIMOEIRO DO NORTE,glp,5,70.0,68.2,73.0,68.0,75.0
2018-11,MUN,CE|MARACANAU,glp,11,75.0,72.0,75.0,70.0,76.5
2018-11,MUN,CE|QUIXADA,glp,5,67.0,65.8,69.0,65.0,70.0
2018-11,MUN,CE|SOBRAL,glp,6,69.25,67.25,70.0,66.5,70.0
2018-11,MUN,DF|BRASILIA,glp,44,70.0,70.0,80.0,65.0,92.5
2018-11,MUN,ES|ARACRUZ,glp,11,65.0,59.995,70.0,56.0,74.0
2018-11,MUN,ES|CACHOEIRO DE ITAPEMIRIM,glp,12,66.0,60.41,69.9,58.0,79.0
2018-11,MUN,ES|CARIACICA,glp,110,62.0,60.0,65.0,58.0,68.0
2018-11,MUN,ES|COLATINA,glp,11,65.0,58.0,65.0,56.5,65.0
2018-11,MUN,ES|GUARAPARI,glp,24,65.0,60.0,68.0,60.0,70.0
2018-11,MUN,ES|LINHARES,glp,19,65.0,60.0,71.0,59.9,75.0
2018-11,MUN,ES|SAO MATEUS,glp,7,65.0,60.0,67.0,60.0,70.0
2018-11,MUN,ES|SERRA,glp,103,62.0,60.0,65.0,58.0,68.0
2018-11,MUN,ES|VILA VELHA,glp,39,60.0,60.0,65.0,55.0,68.0
2018-11,MUN,ES|VITORIA,glp,27,65.0,64.0,70.0,55.0,70.0
2018-11,MUN,GO|AGUAS LINDAS DE GOIAS,glp,15,61.0,56.2,68.0,55.0,70.0
2018-11,MUN,GO|ANAPOLIS,glp,35,73.5,71.4,75.0,70.0,75.0
2018-11,MUN,GO|APARECIDA DE GOIANIA,glp,26,72.0,70.0,72.0,70.0,72.0
2018-11,MUN,GO|CALDAS NOVAS,glp,14,70.0,65.0,71.4,60.0,75.0
2018-11,MUN,GO|CATALAO,glp,14,68.0,65.0,70.0,65.0,75.0
2018-11,MUN,GO|FORMOSA,glp,16,75.5,71.5,80.745,69.0,83.0
2018-11,MUN,GO|GOIANIA,glp,68,75.0,75.0,78.0,70.0,78.0
2018-11,MUN,GO|GOIATUBA,glp,4,73.75,70.75,75.0,70.0,75.0
2018-11,MUN,GO|ITUMBIARA,glp,8,73.25,69.25,76.5,67.5,80.0
2018-11,MUN,GO|JATAI,glp,18,75.0,71.75,77.5,70.0,80.0
2018-11,MUN,GO|LUZIANIA,glp,21,65.0,65.0,70.0,60.0,75.0
2018-11,MUN,GO|MINEIROS,glp,6,70.0,70.0,71.5,70.0,73.0
2018-11,MUN,GO|MORRINHOS,glp,12,70.0,69.0,73.0,65.0,73.0
2018-11,MUN,GO|PORANGATU,glp,15,70.0,66.2,71.5,65.0,73.0
2018-11,MUN,GO|RIO VERDE,glp,16,70.0,65.0,75.0,62.5,75.0
2018-11,MUN,GO|TRINDADE,glp,26,75.0,75.0,76.25,72.5,78.0
2018-11,MUN,GO|VALPARAISO DE GOIAS,glp,17,67.5,65.0,71.0,65.0,75.0
2018-11,MUN,MA|ACAILANDIA,glp,3,75.0,71.0,77.0,70.0,77.5
2018-11,MUN,MA|BACABAL,glp,4,76.5,71.5,78.7,70.0,79.0
2018-11,MUN,MA|BALSAS,glp,5,90.0,81.0,90.0,80.0,90.0
2018-11,MUN,MA|BARRA DO CORDA,glp,4,78.75,75.75,81.4,75.0,82.0
2018-11,MUN,MA|CAXIAS,glp,3,65.0,63.0,65.0,62.5,65.0
2018-11,MUN,MA|CODO,glp,2,77.0,77.0,77.0,77.0,77.0
2018-11,MUN,MA|IMPERATRIZ,glp,28,65.0,65.0,75.0,55.0,85.0
2018-11,MUN,MA|PINHEIRO,glp,3,82.5,80.5,82.9,80.0,83.0
2018-11,MUN,MA|PRESIDENTE DUTRA,glp,3,73.0,70.6,74.6,70.0,75.0
2018-11,MUN,MA|SANTA INES,glp,3,74.0,72.4,75.6,72.0,76.0
2018-11,MUN,MA|SAO JOSE DE RIBAMAR,glp,6,54.995,54.99,55.0,54.99,55.0
2018-11,MUN,MA|SAO LUIS,glp,63,55.0,54.99,65.0,54.99,75.0
2018-11,MUN,MG|ALFENAS,glp,11,69.0,65.0,70.0,55.0,70.0
2018-11,MUN,MG|ARAGUARI,glp,9,74.0,69.6,75.0,68.0,75.0
2018-11,MUN,MG|ARAXA,glp,4,64.0,62.65,68.5,62.5,70.0
2018-11,MUN,MG|BARBACENA,glp,15,70.0,65.0,71.5,65.0,75.0
2018-11,MUN,MG|BELO HORIZONTE,glp,26,68.75,62.5,75.0,60.0,77.5
2018-11,MUN,MG|BETIM,glp,14,67.5,65.45,73.5,65.0,75.0
2018-11,MUN,MG|BOM DESPACHO,glp,6,78.225,73.45,79.95,70.0,80.0
2018-11,MUN,MG|CAMPO BELO,glp,6,70.0,70.0,70.0,70.0,70.0
2018-11,MUN,MG|CARATINGA,glp,5,74.99,70.0,77.94,70.0,79.9
2018-11,MUN,MG|CONGONHAS,glp,9,71.0,70.0,72.6,70.0,75.0
2018-11,MUN,MG|CONSELHEIRO LAFAIETE,glp,10,65.0,60.0,68.2,60.0,70.0
2018-11,MUN,MG|CONTAGEM,glp,13,70.0,69.2,74.98,64.9,78.0
2018-11,MUN,MG|CORONEL FABRICIANO,glp,8,70.0,65.0,75.0,65.0,75.0
2018-11,MUN,MG|CURVELO,glp,8,65.0,62.0,68.6,62.0,70.0
2018-11,MUN,MG|DIVINOPOLIS,glp,17,70.0,70.0,75.0,62.5,75.0
2018-11,MUN,MG|FORMIGA,glp,10,74.75,70.0,75.5,70.0,80.0
2018-11,MUN,MG|FRUTAL,glp,5,70.0,70.0,71.2,70.0,72.0
2018-11,MUN,MG|GOVERNADOR VALADARES,glp,8,74.75,71.05,76.1,70.0,77.5
2018-11,MUN,MG|GUAXUPE,glp,10,66.5,65.0,70.0,65.0,70.0
2018-11,MUN,MG|IPATINGA,glp,16,75.0,69.75,75.75,65.0,78.0
2018-11,MUN,MG|ITABIRA,glp,8,78.5,76.05,83.65,75.0,84.0
2018-11,MUN,MG|ITAJUBA,glp,8,64.0,59.1,65.0,57.0,65.0
2018-11,MUN,MG|ITAUNA,glp,8,70.0,64.1,70.0,62.0,70.0
2018-11,MUN,MG|ITUIUTABA,glp,15,70.0,67.1,75.6,65.0,80.0
2018-11,MUN,MG|JANAUBA,glp,4,73.5,72.0,76.4,72.0,77.0
2018-11,MUN,MG|JANUARIA,glp,13,90.0,88.2,92.0,87.5,92.0
2018-11,MUN,MG|JOAO MONLEVADE,glp,9,66.0,63.2,69.7,62.0,72.5
2018-11,MUN,MG|JOAO PINHEIRO,glp,10,62.5,62.4,65.0,62.4,65.0
2018-11,MUN,MG|JUIZ DE FORA,glp,23,70.0,65.0,75.0,60.0,79.0
2018-11,MUN,MG|LAVRAS,glp,11,68.0,65.0,70.0,61.0,70.0
2018-11,MUN,MG|LEOPOLDINA,glp,7,75.5,71.2,77.4,70.0,78.0
2018-11,MUN,MG|MANHUACU,glp,7,70.0,64.96,75.0,64.9,75.0
2018-11,MUN,MG|MONTE CARMELO,glp,12,68.0,65.0,70.0,60.0,73.5
2018-11,MUN,MG|MONTES CLAROS,glp,22,75.0,71.15,76.35,66.5,78.0
2018-11,MUN,MG|MURIAE,glp,7,80.0,72.2,82.6,71.0,85.0
2018-11,MUN,MG|NOVA LIMA,glp,6,75.0,70.0,77.0,70.0,79.0
2018-11,MUN,MG|OLIVEIRA,glp,5,70.0,69.6,70.0,69.4,70.0
2018-11,MUN,MG|OURO PRETO,glp,5,75.0,73.5,77.7,72.5,78.5
2018-11,MUN,MG|PARA DE MINAS,glp,6,70.0,70.0,78.95,70.0,79.0
2018-11,MUN,MG|PARACATU,glp,9,70.0,65.0,70.0,65.0,70.0
2018-11,MUN,MG|PASSOS,glp,15,70.0,65.0,71.2,65.0,75.5
2018-11,MUN,MG|PATOS DE MINAS,glp,8,72.5,70.0,75.75,70.0,77.5
2018-11,MUN,MG|PATROCINIO,glp,6,70.0,66.5,72.5,65.0,75.0
2018-11,MUN,MG|POCOS DE CALDAS,glp,18,70.0,70.0,70.0,67.5,70.0
2018-11,MUN,MG|POUSO ALEGRE,glp,8,70.0,67.1,70.0,65.0,70.0
2018-11,MUN,MG|SABARA,glp,8,71.25,68.8,75.45,66.0,76.5
2018-11,MUN,MG|SAO JOAO DEL REI,glp,16,68.0,65.0,70.0,65.0,70.0
2018-11,MUN,MG|SAO SEBASTIAO DO PARAISO,glp,15,70.0,69.7,71.2,65.0,75.0
2018-11,MUN,MG|SETE LAGOAS,glp,13,68.5,63.4,74.8,60.0,78.0
2018-11,MUN,MG|TEOFILO OTONI,glp,18,70.0,68.2,75.15,65.0,76.0
2018-11,MUN,MG|TIMOTEO,glp,8,75.75,75.0,78.6,75.0,80.0
2018-11,MUN,MG|TRES CORACOES,glp,9,68.5,67.0,73.0,65.0,75.0
2018-11,MUN,MG|UBA,glp,9,70.0,65.0,75.0,65.0,75.0
2018-11,MUN,MG|UBERABA,glp,30,70.0,65.0,75.0,60.0,75.0
2018-11,MUN,MG|UBERLANDIA,glp,81,70.0,68.0,75.0,64.0,80.0
2018-11,MUN,MG|UNAI,glp,4,81.25,80.0,86.0,80.0,87.5
2018-11,MUN,MG|VARGINHA,glp,15,65.0,60.8,67.8,60.0,70.0
2018-11,MUN,MG|VICOSA,glp,6,72.5,69.0,80.0,68.0,80.0
2018-11,MUN,MS|CAMPO GRANDE,glp,155,70.0,62.0,76.8,55.0,85.0
2018-11,MUN,MS|CORUMBA,glp,6,90.0,88.75,90.0,87.5,90.0
2018-11,MUN,MS|COXIM,glp,8,86.0,85.0,88.25,85.0,90.0
2018-11,MUN,MS|DOURADOS,glp,36,70.0,65.0,79.0,63.0,85.0
2018-11,MUN,MS|NOVA ANDRADINA,glp,11,77.5,75.0,85.0,75.0,85.0
2018-11,MUN,MS|PONTA PORA,glp,2,68.75,67.75,69.75,67.5,70.0
2018-11,MUN,MS|TRES LAGOAS,glp,11,60.0,55.0,65.0,54.0,74.0
2018-11,MUN,MT|ALTA FLORESTA,glp,8,107.0,105.0,110.0,105.0,110.0
2018-11,MUN,MT|CACERES,glp,9,85.0,75.0,87.0,75.0,95.0
2018-11,MUN,MT|CUIABA,glp,210,95.0,90.0,100.0,85.0,115.99
2018-11,MUN,MT|RONDONOPOLIS,glp,15,98.0,92.0,100.0,90.0,100.0
2018-11,MUN,MT|SINOP,glp,15,100.0,99.0,104.0,95.0,105.0
2018-11,MUN,MT|SORRISO,glp,9,110.0,106.4,118.0,100.0,120.0
2018-11,MUN,MT|VARZEA GRANDE,glp,49,95.0,90.0,100.0,85.0,105.0
2018-11,MUN,PA|ABAETETUBA,glp,8,68.0,64.0,72.55,64.0,78.5
2018-11,MUN,PA|ALENQUER,glp,4,81.5,80.0,84.4,80.0,85.0
2018-11,MUN,PA|ALTAMIRA,glp,10,90.0,86.7,94.1,75.0,95.0
2018-11,MUN,PA|ANANINDEUA,glp,39,72.5,67.9,78.4,64.0,88.0
2018-11,MUN,PA|BELEM,glp,48,65.0,65.0,70.0,65.0,80.0
2018-11,MUN,PA|BRAGANCA,glp,7,80.0,80.0,83.2,80.0,85.0
2018-11,MUN,PA|CAMETA,glp,8,74.0,71.75,80.75,70.0,82.5
2018-11,MUN,PA|CASTANHAL,glp,5,72.5,70.0,74.0,70.0,75.0
2018-11,MUN,PA|CONCEICAO DO ARAGUAIA,glp,7,80.0,80.0,87.0,80.0,90.0
2018-11,MUN,PA|ITAITUBA,glp,6,90.0,84.25,92.0,84.0,92.0
2018-11,MUN,PA|MARABA,glp,11,85.0,80.0,90.0,80.0,90.0
2018-11,MUN,PA|PARAGOMINAS,glp,3,96.0,92.8,96.0,92.0,96.0
2018-11,MUN,PA|PARAUAPEBAS,glp,5,90.0,87.0,90.0,85.0,90.0
2018-11,MUN,PA|REDENCAO,glp,5,92.5,90.0,94.6,90.0,95.0
2018-11,MUN,PA|SANTAREM,glp,20,70.0,68.6,75.0,65.0,75.0
2018-11,MUN,PA|XINGUARA,glp,7,95.0,95.0,96.0,95.0,97.5
2018-11,MUN,PB|BAYEUX,glp,8,70.0,70.0,70.0,70.0,70.0
2018-11,MUN,PB|CABEDELO,glp,8,70.0,68.9,70.0,67.5,70.0
2018-11,MUN,PB|CAMPINA GRANDE,glp,36,65.0,65.0,66.0,65.0,70.0
2018-11,MUN,PB|ITABAIANA,glp,1,65.0,65.0,65.0,65.0,65.0
2018-11,MUN,PB|JOAO PESSOA,glp,21,70.0,70.0,70.0,65.0,70.0
2018-11,MUN,PB|PATOS,glp,4,64.75,60.75,69.1,60.0,70.0
2018-11,MUN,PB|PIANCO,glp,1,73.0,73.0,73.0,73.0,73.0
2018-11,MUN,PB|SOUSA,glp,3,65.0,65.0,65.0,65.0,65.0
2018-11,MUN,PE|ARARIPINA,glp,4,71.25,70.0,75.3,70.0,76.5
2018-11,MUN,PE|ARCOVERDE,glp,9,70.0,70.0,70.0,70.0,70.0
2018-11,MUN,PE|BELO JARDIM,glp,3,65.0,65.0,65.0,65.0,65.0
2018-11,MUN,PE|CABO DE SANTO AGOSTINHO,glp,12,65.0,65.0,65.0,65.0,66.0
2018-11,MUN,PE|CARUARU,glp,12,65.0,65.0,69.7,65.0,70.0
2018-11,MUN,PE|GARANHUNS,glp,9,65.0,64.0,65.2,60.0,66.0
2018-11,MUN,PE|GOIANA,glp,10,65.0,65.0,65.1,65.0,66.0
2018-11,MUN,PE|IGARASSU,glp,22,65.0,65.0,65.0,65.0,70.0
2018-11,MUN,PE|JABOATAO DOS GUARARAPES,glp,29,65.0,65.0,66.0,65.0,68.0
2018-11,MUN,PE|LAJEDO,glp,8,65.0,63.5,65.6,60.0,67.0
2018-11,MUN,PE|OLINDA,glp,26,65.0,65.0,66.0,65.0,70.0
2018-11,MUN,PE|PAULISTA,glp,11,65.0,65.0,67.5,65.0,70.0
2018-11,MUN,PE|PETROLINA,glp,10,60.5,59.3,62.6,53.0,68.0
2018-11,MUN,PE|RECIFE,glp,64,65.0,65.0,69.4,65.0,70.0
2018-11,MUN,PE|SALGUEIRO,glp,3,74.0,73.2,74.8,73.0,75.0
2018-11,MUN,PE|SANTA CRUZ DO CAPIBARIBE,glp,6,65.0,65.0,65.5,65.0,66.0
2018-11,MUN,PE|SERRA TALHADA,glp,3,78.0,76.4,79.6,76.0,80.0
2018-11,MUN,PE|VITORIA DE SANTO ANTAO,glp,11,65.0,60.0,65.0,60.0,70.0
2018-11,MUN,PI|PARNAIBA,glp,2,82.0,80.4,83.6,80.0,84.0
2018-11,MUN,PI|PICOS,glp,3,68.0,68.0,71.6,68.0,72.5
2018-11,MUN,PI|PIRIPIRI,glp,4,77.5,75.0,81.75,75.0,82.5
2018-11,MUN,PI|TERESINA,glp,49,65.0,60.0,65.0,60.0,65.0
2018-11,MUN,PR|APUCARANA,glp,17,65.0,62.1,70.0,59.99,70.0
2018-11,MUN,PR|ARAPONGAS,glp,20,67.5,64.855,70.25,63.0,75.0
2018-11,MUN,PR|ARAUCARIA,glp,13,64.0,60.0,66.2,60.0,70.0
2018-11,MUN,PR|ASSIS CHATEAUBRIAND,glp,4,86.475,81.935,87.55,80.0,88.0
2018-11,MUN,PR|CAMBE,glp,16,70.0,70.0,74.0,67.5,75.0
2018-11,MUN,PR|CAMPO LARGO,glp,15,60.0,58.4,65.0,58.0,65.0
2018-11,MUN,PR|CAMPO MOURAO,glp,9,75.0,70.99,77.4,70.95,79.0
2018-11,MUN,PR|CASCAVEL,glp,21,75.0,72.0,80.0,70.0,82.5
2018-11,MUN,PR|CASTRO,glp,5,70.0,68.8,73.4,68.0,75.0
2018-11,MUN,PR|CIANORTE,glp,18,73.25,68.35,76.95,66.0,78.0
2018-11,MUN,PR|COLOMBO,glp,20,70.0,64.5,70.3,60.0,74.0
2018-11,MUN,PR|CORNELIO PROCOPIO,glp,7,75.0,75.0,75.6,75.0,76.5
2018-11,MUN,PR|CURITIBA,glp,35,65.0,60.76,70.0,59.9,75.0
2018-11,MUN,PR|FOZ DO IGUACU,glp,17,82.4,75.0,82.4,70.0,82.4
2018-11,MUN,PR|FRANCISCO BELTRAO,glp,9,65.0,64.94,71.6,64.9,78.0
2018-11,MUN,PR|GUARAPUAVA,glp,14,70.5,65.6,81.75,65.0,85.0
2018-11,MUN,PR|LONDRINA,glp,66,70.0,65.5,73.5,63.0,75.0
2018-11,MUN,PR|MARECHAL CANDIDO RONDON,glp,4,78.75,76.8,80.0,76.5,80.0
2018-11,MUN,PR|MARINGA,glp,24,80.0,78.0,81.5,75.0,85.0
2018-11,MUN,PR|PARANAGUA,glp,8,58.25,55.0,59.65,55.0,60.0
2018-11,MUN,PR|PARANAVAI,glp,16,75.0,67.5,75.0,65.0,75.0
2018-11,MUN,PR|PATO BRANCO,glp,6,77.0,73.75,79.5,72.5,80.0
2018-11,MUN,PR|PINHAIS,glp,17,69.0,64.6,72.6,62.5,75.0
2018-11,MUN,PR|PONTA GROSSA,glp,14,60.0,59.965,65.0,59.5,70.0
2018-11,MUN,PR|RAMILANDIA,glp,1,82.4,82.4,82.4,82.4,82.4
2018-11,MUN,PR|SANTO ANTONIO DA PLATINA,glp,12,65.0,62.5,67.7,60.0,69.9
2018-11,MUN,PR|SAO JOSE DOS PINHAIS,glp,15,69.0,66.2,70.0,65.0,75.0
2018-11,MUN,PR|TOLEDO,glp,20,85.0,80.0,85.1,80.0,88.0
2018-11,MUN,PR|UMUARAMA,glp,12,70.0,65.25,74.75,65.0,75.0
2018-11,MUN,PR|UNIAO DA VITORIA,glp,3,76.0,74.0,76.4,73.5,76.5
2018-11,MUN,RJ|ANGRA DOS REIS,glp,7,71.9,70.0,74.94,70.0,75.0
2018-11,MUN,RJ|ARARUAMA,glp,6,56.0,54.995,61.0,54.99,62.0
2018-11,MUN,RJ|BARRA DO PIRAI,glp,5,73.0,72.0,74.96,72.0,75.0
2018-11,MUN,RJ|BARRA MANSA,glp,10,71.0,69.6,75.3,66.0,78.0
2018-11,MUN,RJ|BELFORD ROXO,glp,7,62.0,59.8,65.0,59.5,65.0
2018-11,MUN,RJ|CABO FRIO,glp,4,63.495,59.497,64.7,58.0,65.0
2018-11,MUN,RJ|CAMPOS DOS GOYTACAZES,glp,28,64.5,58.0,70.0,58.0,76.0
2018-11,MUN,RJ|DUQUE DE CAXIAS,glp,24,60.0,58.0,62.0,55.0,64.0
2018-11,MUN,RJ|ITABORAI,glp,4,62.5,62.15,65.65,62.0,67.0
2018-11,MUN,RJ|ITAGUAI,glp,3,70.9,70.9,71.3,70.9,71.4
2018-11,MUN,RJ|ITAPERUNA,glp,6,63.5,61.25,67.5,60.0,70.0
2018-11,MUN,RJ|MACAE,glp,5,64.0,63.4,68.0,63.0,68.0
2018-11,MUN,RJ|MAGE,glp,8,62.5,54.4,70.0,53.0,70.0
2018-11,MUN,RJ|MARICA,glp,4,67.5,63.25,70.0,62.5,70.0
2018-11,MUN,RJ|NILOPOLIS,glp,7,62.0,60.0,65.0,60.0,65.0
2018-11,MUN,RJ|NITEROI,glp,13,65.0,60.3,68.0,58.0,69.0
2018-11,MUN,RJ|NOVA FRIBURGO,glp,5,65.0,60.0,68.6,60.0,71.0
2018-11,MUN,RJ|NOVA IGUACU,glp,30,65.0,58.0,65.0,55.0,65.0
2018-11,MUN,RJ|PETROPOLIS,glp,7,63.5,60.6,65.0,60.0,65.0
2018-11,MUN,RJ|RESENDE,glp,6,77.5,77.0,77.75,76.5,78.0
2018-11,MUN,RJ|RIO BONITO,glp,4,55.0,55.0,62.0,55.0,65.0
2018-11,MUN,RJ|RIO DE JANEIRO,glp,87,65.0,55.0,75.0,55.0,80.0
2018-11,MUN,RJ|SANTO ANTONIO DE PADUA,glp,3,60.0,55.6,60.0,54.5,60.0
2018-11,MUN,RJ|SAO FRANCISCO DE ITABAPOANA,glp,2,67.5,65.5,69.5,65.0,70.0
2018-11,MUN,RJ|SAO GONCALO,glp,13,63.0,58.0,65.0,55.0,68.0
2018-11,MUN,RJ|SAO JOAO DE MERITI,glp,9,60.0,59.98,63.4,59.9,67.0
2018-11,MUN,RJ|SAPUCAIA,glp,3,65.0,61.0,69.0,60.0,70.0
2018-11,MUN,RJ|SAQUAREMA,glp,5,60.0,56.2,61.4,55.0,62.0
2018-11,MUN,RJ|TERESOPOLIS,glp,6,68.475,68.0,72.5,68.0,73.0
2018-11,MUN,RJ|TRES RIOS,glp,2,65.0,61.0,69.0,60.0,70.0
2018-11,MUN,RJ|VALENCA,glp,6,68.0,67.0,74.0,67.0,79.0
2018-11,MUN,RJ|VOLTA REDONDA,glp,11,72.0,70.0,74.0,69.995,74.0
2018-11,MUN,RN|CAICO,glp,4,66.5,65.45,68.95,65.0,70.0
2018-11,MUN,RN|CARAUBAS,glp,1,67.0,67.0,67.0,67.0,67.0
2018-11,MUN,RN|MOSSORO,glp,9,68.0,66.8,69.2,66.0,70.0
2018-11,MUN,RN|NATAL,glp,71,68.0,65.0,70.0,60.0,70.0
2018-11,MUN,RN|PARNAMIRIM,glp,26,67.75,65.0,70.0,65.0,70.0
2018-11,MUN,RO|ARIQUEMES,glp,6,79.0,76.75,81.5,76.5,83.0
2018-11,MUN,RO|CACOAL,glp,7,85.0,85.0,87.0,85.0,90.0
2018-11,MUN,RO|JI-PARANA,glp,12,75.0,75.0,79.8,75.0,82.5
2018-11,MUN,RO|PIMENTA BUENO,glp,6,85.0,85.0,91.0,85.0,91.0
2018-11,MUN,RO|PORTO VELHO,glp,32,73.0,68.075,76.95,65.0,85.0
2018-11,MUN,RO|VILHENA,glp,11,83.0,80.0,88.0,80.0,88.0
2018-11,MUN,RR|BOA VISTA,glp,67,85.0,80.0,85.5,77.0,87.0
2018-11,MUN,RS|ALEGRETE,glp,8,75.0,70.35,80.3,70.0,81.0
2018-11,MUN,RS|ALVORADA,glp,7,66.0,63.8,67.0,62.0,67.0
2018-11,MUN,RS|BAGE,glp,31,72.0,69.25,75.0,65.0,76.5
2018-11,MUN,RS|BENTO GONCALVES,glp,3,68.0,66.4,70.4,66.0,71.0
2018-11,MUN,RS|CACHOEIRA DO SUL,glp,9,60.0,57.8,63.4,57.0,65.0
2018-11,MUN,RS|CACHOEIRINHA,glp,7,68.0,63.7,68.7,62.5,69.0
2018-11,MUN,RS|CANOAS,glp,15,68.5,62.5,70.0,60.0,70.0
2018-11,MUN,RS|CAXIAS DO SUL,glp,48,71.95,65.7,75.0,60.0,85.0
2018-11,MUN,RS|CRUZ ALTA,glp,2,51.0,50.6,51.4,50.5,51.5
2018-11,MUN,RS|ERECHIM,glp,7,75.0,70.0,81.2,70.0,83.0
2018-11,MUN,RS|ESTEIO,glp,14,65.0,61.05,69.7,59.5,71.0
2018-11,MUN,RS|GRAMADO,glp,4,75.25,71.05,77.35,70.0,77.5
2018-11,MUN,RS|GRAVATAI,glp,11,68.0,65.0,72.0,65.0,73.0
2018-11,MUN,RS|GUAIBA,glp,9,69.0,66.6,71.8,65.0,75.0
2018-11,MUN,RS|IJUI,glp,7,73.0,69.6,77.1,69.0,78.0
2018-11,MUN,RS|LAJEADO,glp,11,73.0,68.0,77.5,67.5,78.0
2018-11,MUN,RS|NOVO HAMBURGO,glp,12,64.0,62.6,65.9,61.0,67.0
2018-11,MUN,RS|OSORIO,glp,7,75.0,69.5,79.2,68.0,82.5
2018-11,MUN,RS|PASSO FUNDO,glp,21,67.0,67.0,71.0,62.5,75.0
2018-11,MUN,RS|PELOTAS,glp,24,68.525,60.75,72.8,60.0,77.0
2018-11,MUN,RS|PORTO ALEGRE,glp,19,68.5,65.0,70.58,63.9,74.0
2018-11,MUN,RS|RIO GRANDE,glp,11,63.5,62.5,67.5,62.5,69.0
2018-11,MUN,RS|SANTA CRUZ DO SUL,glp,17,65.0,59.0,70.1,59.0,86.0
2018-11,MUN,RS|SANTA MARIA,glp,62,75.0,70.0,80.0,67.0,87.0
2018-11,MUN,RS|SANTA ROSA,glp,7,77.0,75.6,80.4,75.0,81.0
2018-11,MUN,RS|SANTANA DO LIVRAMENTO,glp,13,65.0,65.0,69.6,60.0,70.0
2018-11,MUN,RS|SANTO ANGELO,glp,3,75.0,74.2,81.0,74.0,82.5
2018-11,MUN,RS|SAO GABRIEL,glp,10,75.25,72.25,82.05,70.0,82.5
2018-11,MUN,RS|SAO LEOPOLDO,glp,8,63.5,62.315,65.165,62.0,68.0
2018-11,MUN,RS|SAO LUIZ GONZAGA,glp,7,80.0,70.0,82.0,70.0,82.0
2018-11,MUN,RS|SAPIRANGA,glp,6,67.5,66.5,73.5,66.5,78.0
2018-11,MUN,RS|SAPUCAIA DO SUL,glp,20,66.0,62.5,71.04,62.0,72.5
2018-11,MUN,RS|TORRES,glp,5,72.0,68.3,77.4,66.5,79.0
2018-11,MUN,RS|URUGUAIANA,glp,13,77.5,72.0,82.0,69.0,88.0
2018-11,MUN,RS|VACARIA,glp,9,78.0,73.7,79.0,72.5,79.0
2018-11,MUN,RS|VIAMAO,glp,14,68.45,65.3,69.78,63.0,71.0
2018-11,MUN,SC|ARARANGUA,glp,5,65.0,63.8,67.3,63.0,67.5
2018-11,MUN,SC|BALNEARIO CAMBORIU,glp,5,76.5,75.4,77.4,75.0,78.0
2018-11,MUN,SC|BIGUACU,glp,3,65.0,65.0,65.0,65.0,65.0
2018-11,MUN,SC|BLUMENAU,glp,7,74.0,71.2,76.9,70.0,77.5
2018-11,MUN,SC|BRUSQUE,glp,6,67.0,66.25,69.75,66.0,70.0
2018-11,MUN,SC|CACADOR,glp,3,64.5,64.5,73.7,64.5,76.0
2018-11,MUN,SC|CHAPECO,glp,5,81.0,79.8,84.6,79.0,87.0
2018-11,MUN,SC|CONCORDIA,glp,6,69.0,68.0,79.5,68.0,80.0
2018-11,MUN,SC|CRICIUMA,glp,11,68.5,65.0,71.0,65.0,72.0
2018-11,MUN,SC|FLORIANOPOLIS,glp,24,70.0,70.0,72.0,70.0,72.0
2018-11,MUN,SC|ITAJAI,glp,7,64.5,63.5,65.8,63.5,67.0
2018-11,MUN,SC|JARAGUA DO SUL,glp,7,69.9,65.0,71.74,65.0,74.5
2018-11,MUN,SC|JOINVILLE,glp,5,70.5,67.4,72.0,66.0,73.0
2018-11,MUN,SC|LAGES,glp,8,68.0,67.1,70.0,65.0,70.0
2018-11,MUN,SC|LAGUNA,glp,6,68.75,65.0,74.5,65.0,79.0
2018-11,MUN,SC|MAFRA,glp,8,69.45,68.7,78.6,68.0,80.0
2018-11,MUN,SC|PALHOCA,glp,3,65.0,65.0,65.0,65.0,65.0
2018-11,MUN,SC|SAO JOSE,glp,3,65.0,65.0,65.0,65.0,65.0
2018-11,MUN,SC|TUBARAO,glp,5,67.0,66.4,69.4,66.0,70.0
2018-11,MUN,SC|VIDEIRA,glp,6,77.25,75.0,80.0,75.0,80.0
2018-11,MUN,SC|XANXERE,glp,4,75.0,75.0,79.9,75.0,82.0
2018-11,MUN,SE|ARACAJU,glp,12,72.5,68.1,79.8,68.0,80.0
2018-11,MUN,SE|ITABAIANA,glp,3,68.0,68.0,68.0,68.0,68.0
2018-11,MUN,SE|LAGARTO,glp,4,67.5,67.5,67.5,67.5,67.5
2018-11,MUN,SE|NOSSA SENHORA DO SOCORRO,glp,8,70.0,62.499,72.8,62.495,73.5
2018-11,MUN,SP|ADAMANTINA,glp,5,66.5,65.6,67.96,65.0,68.0
2018-11,MUN,SP|AGUDOS,glp,1,65.0,65.0,65.0,65.0,65.0
2018-11,MUN,SP|AMERICANA,glp,18,65.0,63.5,65.0,60.0,65.0
2018-11,MUN,SP|AMPARO,glp,7,73.0,66.8,74.4,65.0,75.0
2018-11,MUN,SP|ARACATUBA,glp,39,65.0,65.0,67.6,65.0,70.0
2018-11,MUN,SP|ARARAQUARA,glp,14,75.25,71.8,81.05,65.0,81.5
2018-11,MUN,SP|ARARAS,glp,10,68.9,65.9,82.3,65.9,85.0
2018-11,MUN,SP|ASSIS,glp,15,68.0,63.8,70.0,63.0,70.0
2018-11,MUN,SP|ATIBAIA,glp,14,69.5,65.0,71.75,58.0,72.5
2018-11,MUN,SP|AVARE,glp,15,65.0,65.0,68.0,65.0,80.0
2018-11,MUN,SP|BARRETOS,glp,8,65.0,63.0,68.0,63.0,68.0
2018-11,MUN,SP|BARUERI,glp,20,65.0,61.8,71.5,60.0,72.5
2018-11,MUN,SP|BAURU,glp,35,65.0,60.0,70.0,59.9,78.0
2018-11,MUN,SP|BEBEDOURO,glp,12,69.0,60.5,75.0,58.0,75.0
2018-11,MUN,SP|BIRIGUI,glp,18,65.0,60.0,70.0,55.0,70.0
2018-11,MUN,SP|BOTUCATU,glp,16,59.0,59.0,59.0,59.0,60.0
2018-11,MUN,SP|BRAGANCA PAULISTA,glp,11,65.0,60.0,66.0,59.99,68.45
2018-11,MUN,SP|CACAPAVA,glp,5,65.0,58.2,70.0,57.0,70.0
2018-11,MUN,SP|CAMPINAS,glp,38,69.248,62.7,73.0,57.99,75.0
2018-11,MUN,SP|CARAGUATATUBA,glp,4,65.0,58.95,74.2,58.5,76.0
2018-11,MUN,SP|CARAPICUIBA,glp,21,70.0,59.99,72.0,59.9,73.0
2018-11,MUN,SP|CATANDUVA,glp,17,70.0,68.6,75.0,65.0,75.0
2018-11,MUN,SP|COSMOPOLIS,glp,6,64.0,62.25,65.0,62.0,65.0
2018-11,MUN,SP|COTIA,glp,9,65.0,62.4,76.0,60.0,80.0
2018-11,MUN,SP|CRUZEIRO,glp,11,55.0,55.0,60.0,53.0,60.0
2018-11,MUN,SP|CUBATAO,glp,10,76.0,65.0,80.0,65.0,80.0
2018-11,MUN,SP|DIADEMA,glp,20,71.0,59.8,75.0,58.0,75.0
2018-11,MUN,SP|DRACENA,glp,4,69.5,68.3,71.4,68.0,72.0
2018-11,MUN,SP|EMBU DAS ARTES,glp,6,69.95,65.0,71.0,65.0,72.0
2018-11,MUN,SP|FRANCA,glp,19,68.95,64.99,70.4,60.0,75.0
2018-11,MUN,SP|GARCA,glp,8,65.0,65.0,70.0,65.0,70.0
2018-11,MUN,SP|GUARATINGUETA,glp,18,60.0,57.1,67.9,55.0,70.0
2018-11,MUN,SP|GUARUJA,glp,14,79.9,74.927,80.0,74.9,84.99
2018-11,MUN,SP|GUARULHOS,glp,39,65.0,59.99,70.0,53.0,75.0
2018-11,MUN,SP|HORTOLANDIA,glp,8,67.5,63.8,70.0,61.0,70.0
2018-11,MUN,SP|IBITINGA,glp,13,70.0,67.2,75.0,67.0,75.0
2018-11,MUN,SP|INDAIATUBA,glp,14,70.0,65.6,70.0,65.0,70.0
2018-11,MUN,SP|ITANHAEM,glp,3,70.0,70.0,70.0,70.0,70.0
2018-11,MUN,SP|ITAPECERICA DA SERRA,glp,8,68.25,65.0,74.05,65.0,80.0
2018-11,MUN,SP|ITAPETININGA,glp,11,65.0,65.0,70.0,65.0,70.0
2018-11,MUN,SP|ITAPEVA,glp,7,68.0,66.8,74.0,65.0,80.0
2018-11,MUN,SP|ITAPIRA,glp,5,62.0,60.0,66.2,60.0,67.0
2018-11,MUN,SP|ITAPOLIS,glp,13,74.5,70.0,76.6,70.0,78.5
2018-11,MUN,SP|ITAQUAQUECETUBA,glp,19,62.0,59.972,65.0,50.0,68.9
2018-11,MUN,SP|ITATIBA,glp,4,66.75,66.5,69.1,66.5,70.0
2018-11,MUN,SP|ITU,glp,7,64.0,61.996,65.396,61.99,65.99
2018-11,MUN,SP|JABOTICABAL,glp,8,65.0,59.0,66.2,59.0,69.0
2018-11,MUN,SP|JACAREI,glp,18,63.0,59.0,68.9,59.0,75.0
2018-11,MUN,SP|JALES,glp,10,70.0,67.7,70.25,65.0,72.5
2018-11,MUN,SP|JAU,glp,18,68.5,65.0,70.0,65.0,78.0
2018-11,MUN,SP|JOSE BONIFACIO,glp,6,65.0,62.5,68.25,60.0,68.5
2018-11,MUN,SP|JUNDIAI,glp,14,71.0,65.1,76.5,62.5,80.0
2018-11,MUN,SP|LEME,glp,15,63.0,60.0,66.2,60.0,68.0
2018-11,MUN,SP|LIMEIRA,glp,14,65.0,60.0,66.75,60.0,70.0
2018-11,MUN,SP|LINS,glp,17,68.0,65.0,70.0,65.0,70.0
2018-11,MUN,SP|LORENA,glp,14,59.0,53.6,64.9,53.0,69.0
2018-11,MUN,SP|MARILIA,glp,13,77.0,75.0,78.0,75.0,79.0
2018-11,MUN,SP|MATAO,glp,16,70.5,67.45,75.0,66.0,80.0
2018-11,MUN,SP|MAUA,glp,26,65.5,61.0,72.0,55.0,72.0
2018-11,MUN,SP|MIRASSOL,glp,11,65.0,60.0,70.0,60.0,70.0
2018-11,MUN,SP|MOCOCA,glp,9,70.0,70.0,70.4,70.0,72.0
2018-11,MUN,SP|MOGI DAS CRUZES,glp,35,61.5,59.9,66.2,55.0,68.0
2018-11,MUN,SP|MOGI GUACU,glp,13,65.0,60.5,69.3,55.0,70.0
2018-11,MUN,SP|MOGI MIRIM,glp,9,55.0,53.5,65.0,53.5,65.0
2018-11,MUN,SP|MONTE ALTO,glp,12,68.5,65.0,74.9,64.9,77.0
2018-11,MUN,SP|OLIMPIA,glp,11,60.0,56.0,60.0,56.0,63.0
2018-11,MUN,SP|OSASCO,glp,27,68.0,63.4,73.5,60.0,79.9
2018-11,MUN,SP|OURINHOS,glp,16,67.0,61.5,70.0,60.0,70.0
2018-11,MUN,SP|PARAGUACU PAULISTA,glp,13,70.0,70.0,75.0,70.0,75.0
2018-11,MUN,SP|PAULINIA,glp,11,62.0,60.0,70.0,60.0,70.0
2018-11,MUN,SP|PINDAMONHANGABA,glp,8,61.25,59.25,65.0,57.5,65.0
2018-11,MUN,SP|PIRACICABA,glp,19,65.0,65.0,70.0,65.0,70.0
2018-11,MUN,SP|PIRASSUNUNGA,glp,3,65.0,61.0,67.0,60.0,67.5
2018-11,MUN,SP|POA,glp,13,62.0,59.992,65.0,59.9,65.0
2018-11,MUN,SP|PORTO FERREIRA,glp,3,62.5,58.1,62.9,57.0,63.0
2018-11,MUN,SP|PRAIA GRANDE,glp,23,70.0,66.0,74.8,60.0,84.99
2018-11,MUN,SP|PRESIDENTE PRUDENTE,glp,46,65.0,61.25,68.75,60.0,75.0
2018-11,MUN,SP|PRESIDENTE VENCESLAU,glp,9,65.0,65.0,68.4,65.0,70.0
2018-11,MUN,SP|RIBEIRAO PIRES,glp,13,72.0,69.2,74.5,65.995,75.0
2018-11,MUN,SP|RIBEIRAO PRETO,glp,49,80.0,70.0,88.38,65.0,90.0
2018-11,MUN,SP|RIO CLARO,glp,7,60.0,60.0,65.5,60.0,70.0
2018-11,MUN,SP|SALTO,glp,16,63.0,59.95,65.0,55.0,65.0
2018-11,MUN,SP|SANTA BARBARA D'OESTE,glp,15,65.0,60.0,65.0,55.0,68.0
2018-11,MUN,SP|SANTA CRUZ DO RIO PARDO,glp,19,71.0,69.8,75.0,65.5,80.0
2018-11,MUN,SP|SANTO ANDRE,glp,39,67.0,61.2,73.992,59.99,79.9
2018-11,MUN,SP|SANTOS,glp,20,71.0,67.61,80.2,65.0,90.0
2018-11,MUN,SP|SAO BERNARDO DO CAMPO,glp,22,68.0,64.099,73.0,60.0,75.0
2018-11,MUN,SP|SAO CAETANO DO SUL,glp,7,80.0,71.2,86.96,70.0,89.9
2018-11,MUN,SP|SAO CARLOS,glp,18,74.0,70.665,81.5,69.9,87.0
2018-11,MUN,SP|SAO JOAO DA BOA VISTA,glp,8,70.0,68.7,71.95,68.0,73.0
2018-11,MUN,SP|SAO JOSE DO RIO PRETO,glp,42,70.0,65.0,75.0,58.0,80.0
2018-11,MUN,SP|SAO JOSE DOS CAMPOS,glp,21,70.0,60.0,70.0,60.0,75.0
2018-11,MUN,SP|SAO PAULO,glp,119,66.0,59.99,75.2,55.0,88.0
2018-11,MUN,SP|SAO ROQUE,glp,10,69.0,65.0,70.3,65.0,73.0
2018-11,MUN,SP|SAO VICENTE,glp,26,65.0,60.0,72.945,59.0,80.0
2018-11,MUN,SP|SERTAOZINHO,glp,21,68.0,65.0,71.0,60.0,75.0
2018-11,MUN,SP|SOROCABA,glp,30,67.9,63.9,70.0,62.0,72.0
2018-11,MUN,SP|SUMARE,glp,10,71.248,66.35,72.75,65.0,75.0
2018-11,MUN,SP|SUZANO,glp,14,63.0,59.285,67.4,59.0,68.5
2018-11,MUN,SP|TABOAO DA SERRA,glp,8,69.5,67.5,75.0,67.5,75.0
2018-11,MUN,SP|TATUI,glp,8,67.0,63.5,70.0,60.0,70.0
2018-11,MUN,SP|TAUBATE,glp,9,60.0,60.0,64.0,60.0,68.0
2018-11,MUN,SP|TUPA,glp,9,69.0,65.0,73.4,65.0,75.0
2018-11,MUN,SP|UBATUBA,glp,14,65.0,56.5,69.7,53.5,70.0
2018-11,MUN,SP|VALINHOS,glp,9,58.99,54.998,59.99,54.99,59.99
2018-11,MUN,SP|VARZEA PAULISTA,glp,9,65.0,61.6,67.0,60.0,67.0
2018-11,MUN,SP|VINHEDO,glp,5,69.45,68.39,71.2,67.99,72.0
2018-11,MUN,SP|VOTORANTIM,glp,20,65.0,64.41,70.0,60.0,70.0
2018-11,MUN,SP|VOTUPORANGA,glp,9,65.0,60.0,70.0,60.0,70.0
2018-11,MUN,TO|ARAGUAINA,glp,12,75.0,72.5,80.0,70.0,80.0
2018-11,MUN,TO|GURUPI,glp,34,83.0,80.0,85.0,78.0,88.0
2018-11,MUN,TO|PALMAS,glp,41,85.0,80.0,87.5,79.5,91.5
2018-11,MUN,TO|PARAISO DO TOCANTINS,glp,13,90.0,85.0,95.0,75.0,95.0
2018-11,MUN,TO|PORTO NACIONAL,glp,13,85.0,85.0,85.0,80.0,85.0
2018-11,UF,AC,glp,63,80.0,77.0,83.0,73.0,85.0
2018-11,UF,AL,glp,35,65.0,65.0,70.0,59.0,73.0
2018-11,UF,AM,glp,158,70.5,67.85,80.45,66.0,90.0
2018-11,UF,AP,glp,14,76.0,70.2,79.7,67.5,80.0
2018-11,UF,BA,glp,331,63.0,58.0,70.0,50.0,82.0
2018-11,UF,CE,glp,167,70.0,66.5,78.0,63.0,85.0
2018-11,UF,DF,glp,44,70.0,70.0,80.0,65.0,92.5
2018-11,UF,ES,glp,363,62.0,60.0,66.6,55.0,79.0
2018-11,UF,GO,glp,331,72.0,65.0,75.0,55.0,83.0
2018-11,UF,MA,glp,127,65.0,54.99,78.4,54.99,90.0
2018-11,UF,MG,glp,692,70.0,65.0,76.45,55.0,92.0
2018-11,UF,MS,glp,229,70.0,62.32,81.59,54.0,90.0
2018-11,UF,MT,glp,315,95.0,90.0,100.0,75.0,120.0
2018-11,UF,PA,glp,193,73.0,65.0,90.0,64.0,97.5
2018-11,UF,PB,glp,82,66.0,65.0,70.0,60.0,73.0
2018-11,UF,PE,glp,252,65.0,65.0,70.0,53.0,80.0
2018-11,UF,PI,glp,58,65.0,60.0,73.25,60.0,84.0
2018-11,UF,PR,glp,458,70.0,62.85,80.0,55.0,88.0
2018-11,UF,RJ,glp,340,65.0,58.0,74.09,53.0,80.0
2018-11,UF,RN,glp,111,68.0,65.0,70.0,60.0,70.0
2018-11,UF,RO,glp,74,76.75,69.0,85.0,65.0,91.0
2018-11,UF,RR,glp,67,85.0,80.0,85.5,77.0,87.0
2018-11,UF,RS,glp,481,70.0,63.5,78.0,50.5,88.0
2018-11,UF,SC,glp,137,70.0,65.0,77.7,63.0,87.0
2018-11,UF,SE,glp,27,70.0,67.3,76.2,62.495,80.0
2018-11,UF,SP,glp,1725,67.0,60.0,75.0,50.0,90.0
2018-11,UF,TO,glp,113,85.0,79.6,89.8,70.0,95.0
2018-12,BR,BR,glp,6963,70.0,60.0,81.4,50.0,120.0
2018-12,MUN,AC|CRUZEIRO DO SUL,glp,8,73.0,73.0,85.0,73.0,85.0
2018-12,MUN,AC|RIO BRANCO,glp,44,81.0,78.3,85.0,77.0,90.0
2018-12,MUN,AL|ARAPIRACA,glp,9,65.0,65.0,68.0,65.0,68.0
2018-12,MUN,AL|DELMIRO GOUVEIA,glp,4,70.0,70.0,70.0,70.0,70.0
2018-12,MUN,AL|MACEIO,glp,12,69.5,65.0,70.0,65.0,70.0
2018-12,MUN,AL|PALMEIRA DOS INDIOS,glp,7,70.0,60.0,70.0,60.0,70.0
2018-12,MUN,AL|RIO LARGO,glp,6,65.0,65.0,65.0,65.0,65.0
2018-12,MUN,AM|ITACOATIARA,glp,16,83.0,80.0,89.0,80.0,90.0
2018-12,MUN,AM|MANACAPURU,glp,8,82.75,80.0,83.0,80.0,83.0
2018-12,MUN,AM|MANAUS,glp,97,70.0,66.0,74.4,62.0,77.0
2018-12,MUN,AM|PARINTINS,glp,3,80.0,80.0,80.0,80.0,80.0
2018-12,MUN,AM|TEFE,glp,3,79.0,78.2,79.8,78.0,80.0
2018-12,MUN,AP|MACAPA,glp,17,80.0,75.0,83.4,75.0,84.0
2018-12,MUN,AP|SANTANA,glp,6,75.0,73.0,76.65,73.0,78.0
2018-12,MUN,BA|ALAGOINHAS,glp,5,67.0,65.8,67.6,65.0,68.0
2018-12,MUN,BA|BARREIRAS,glp,8,70.0,70.0,70.0,70.0,70.0
2018-12,MUN,BA|BRUMADO,glp,4,60.0,57.9,61.4,57.0,62.0
2018-12,MUN,BA|CAETITE,glp,5,60.0,60.0,61.2,60.0,62.0
2018-12,MUN,BA|CAMACARI,glp,12,65.0,62.099,69.8,62.0,70.0
2018-12,MUN,BA|EUNAPOLIS,glp,9,65.0,65.0,68.0,65.0,68.0
2018-12,MUN,BA|FEIRA DE SANTANA,glp,32,60.0,60.0,65.0,58.0,66.0
2018-12,MUN,BA|GUANAMBI,glp,21,60.0,60.0,60.0,60.0,60.0
2018-12,MUN,BA|ILHEUS,glp,9,80.0,78.0,81.4,78.0,85.0
2018-12,MUN,BA|IPIRA,glp,4,65.0,65.0,67.8,65.0,69.0
2018-12,MUN,BA|IRECE,glp,11,57.0,55.0,60.0,55.0,64.0
2018-12,MUN,BA|ITABUNA,glp,10,60.0,60.0,65.5,60.0,70.0
2018-12,MUN,BA|ITAMARAJU,glp,6,60.0,57.5,60.0,55.0,60.0
2018-12,MUN,BA|JACOBINA,glp,6,60.0,60.0,67.5,60.0,70.0
2018-12,MUN,BA|JAGUAQUARA,glp,3,55.0,55.0,55.0,55.0,55.0
2018-12,MUN,BA|JEQUIE,glp,10,50.0,50.0,53.5,50.0,58.0
2018-12,MUN,BA|JUAZEIRO,glp,7,60.0,60.0,60.0,60.0,60.0
2018-12,MUN,BA|LAURO DE FREITAS,glp,19,65.0,58.0,68.0,58.0,70.0
2018-12,MUN,BA|LIVRAMENTO DE NOSSA SENHORA,glp,6,61.5,57.5,65.0,55.0,65.0
2018-12,MUN,BA|PAULO AFONSO,glp,9,65.0,64.0,66.8,60.0,70.0
2018-12,MUN,BA|POCOES,glp,5,60.0,58.8,61.2,58.0,62.0
2018-12,MUN,BA|PORTO SEGURO,glp,13,68.0,64.0,74.0,64.0,75.0
2018-12,MUN,BA|SALVADOR,glp,126,63.0,60.0,67.0,55.0,71.0
2018-12,MUN,BA|SANTO ANTONIO DE JESUS,glp,8,61.0,57.1,62.9,55.0,65.0
2018-12,MUN,BA|SENHOR DO BONFIM,glp,3,70.0,68.4,72.4,68.0,73.0
2018-12,MUN,BA|SERRINHA,glp,6,55.0,55.0,60.0,55.0,60.0
2018-12,MUN,BA|SIMOES FILHO,glp,12,60.0,60.0,65.0,55.0,68.0
2018-12,MUN,BA|TEIXEIRA DE FREITAS,glp,11,60.0,58.0,62.0,57.0,65.0
2018-12,MUN,BA|VALENCA,glp,4,70.0,68.6,73.5,68.0,75.0
2018-12,MUN,BA|VITORIA DA CONQUISTA,glp,6,70.0,62.5,70.0,60.0,70.0
2018-12,MUN,CE|CANINDE,glp,5,68.0,67.4,69.6,67.0,70.0
2018-12,MUN,CE|CAUCAIA,glp,20,70.0,67.5,75.2,65.0,78.0
2018-12,MUN,CE|CRATEUS,glp,4,70.5,67.6,72.0,67.0,72.0
2018-12,MUN,CE|CRATO,glp,15,66.0,66.0,67.0,65.0,70.0
2018-12,MUN,CE|FORTALEZA,glp,58,75.25,72.35,78.5,70.0,81.0
2018-12,MUN,CE|ICO,glp,4,69.0,69.0,69.7,69.0,70.0
2018-12,MUN,CE|IGUATU,glp,5,70.0,68.0,71.2,68.0,72.0
2018-12,MUN,CE|ITAPIPOCA,glp,7,67.0,66.2,70.0,65.0,70.0
2018-12,MUN,CE|JUAZEIRO DO NORTE,glp,20,66.0,63.0,67.0,60.0,67.0
2018-12,MUN,CE|LIMOEIRO DO NORTE,glp,4,68.5,67.0,70.0,67.0,70.0
2018-12,MUN,CE|MARACANAU,glp,17,77.0,75.0,80.0,70.0,80.0
2018-12,MUN,CE|QUIXADA,glp,6,68.0,67.0,70.0,67.0,70.0
2018-12,MUN,CE|SOBRAL,glp,7,70.0,65.9,70.0,65.0,70.0
2018-12,MUN,DF|BRASILIA,glp,43,70.0,70.0,79.0,65.0,95.0
2018-12,MUN,ES|ARACRUZ,glp,9,65.0,59.196,67.6,56.0,70.0
2018-12,MUN,ES|CACHOEIRO DE ITAPEMIRIM,glp,15,65.0,58.8,71.74,58.0,72.9
2018-12,MUN,ES|CARIACICA,glp,65,64.0,60.0,65.0,60.0,68.0
2018-12,MUN,ES|COLATINA,glp,12,65.0,58.2,67.95,55.0,68.0
2018-12,MUN,ES|GUARAPARI,glp,16,66.5,65.0,70.0,62.0,72.0
2018-12,MUN,ES|LINHARES,glp,23,65.0,63.0,74.5,59.9,75.0
2018-12,MUN,ES|SAO MATEUS,glp,10,65.0,64.8,70.3,63.0,73.0
2018-12,MUN,ES|SERRA,glp,84,64.0,60.0,65.0,60.0,70.0
2018-12,MUN,ES|VILA VELHA,glp,27,64.0,60.0,68.0,60.0,70.0
2018-12,MUN,ES|VITORIA,glp,18,66.5,64.85,68.6,62.0,70.0
2018-12,MUN,GO|AGUAS LINDAS DE GOIAS,glp,17,60.0,55.0,67.0,55.0,70.0
2018-12,MUN,GO|ANAPOLIS,glp,40,74.0,72.0,75.0,72.0,75.0
2018-12,MUN,GO|APARECIDA DE GOIANIA,glp,26,72.0,70.0,72.5,70.0,73.0
2018-12,MUN,GO|CALDAS NOVAS,glp,13,70.0,65.0,70.0,60.0,71.0
2018-12,MUN,GO|CATALAO,glp,15,69.0,65.0,70.0,65.0,70.0
2018-12,MUN,GO|FORMOSA,glp,14,75.0,69.3,79.997,68.0,84.0
2018-12,MUN,GO|GOIANIA,glp,72,75.0,75.0,78.0,72.0,78.0
2018-12,MUN,GO|GOIATUBA,glp,7,75.0,71.8,75.0,70.0,75.0
2018-12,MUN,GO|ITUMBIARA,glp,12,75.0,70.0,75.0,70.0,80.0
2018-12,MUN,GO|JATAI,glp,15,77.5,75.0,80.0,75.0,80.0
2018-12,MUN,GO|LUZIANIA,glp,16,65.0,64.0,72.5,62.0,75.0
2018-12,MUN,GO|MINEIROS,glp,7,70.0,66.0,73.8,60.0,75.0
2018-12,MUN,GO|MORRINHOS,glp,12,70.75,65.3,72.9,65.0,80.0
2018-12,MUN,GO|PORANGATU,glp,16,70.0,66.0,72.5,65.0,73.0
2018-12,MUN,GO|RIO VERDE,glp,16,70.0,65.0,71.0,65.0,75.0
2018-12,MUN,GO|TRINDADE,glp,24,75.0,75.0,76.0,72.0,78.0
2018-12,MUN,GO|VALPARAISO DE GOIAS,glp,15,65.0,63.8,70.0,62.5,75.0
2018-12,MUN,MA|ACAILANDIA,glp,3,76.0,71.2,76.0,70.0,76.0
2018-12,MUN,MA|BACABAL,glp,5,78.0,72.0,79.2,70.0,80.0
2018-12,MUN,MA|BALSAS,glp,5,85.0,80.0,88.0,80.0,90.0
2018-12,MUN,MA|BARRA DO CORDA,glp,4,78.75,72.25,81.4,70.0,82.0
2018-12,MUN,MA|CAXIAS,glp,3,65.0,62.6,65.0,62.0,65.0
2018-12,MUN,MA|CODO,glp,2,77.0,77.0,77.0,77.0,77.0
2018-12,MUN,MA|IMPERATRIZ,glp,25,65.0,65.0,75.6,60.0,80.0
2018-12,MUN,MA|PINHEIRO,glp,5,85.0,84.4,85.0,84.0,85.0
2018-12,MUN,MA|PRESIDENTE DUTRA,glp,3,75.0,73.0,75.0,72.5,75.0
2018-12,MUN,MA|SANTA INES,glp,3,76.0,76.0,76.0,76.0,76.0
2018-12,MUN,MA|SAO JOSE DE RIBAMAR,glp,9,59.99,54.99,80.0,54.99,80.0
2018-12,MUN,MA|SAO LUIS,glp,48,59.995,54.99,75.0,54.99,80.0
2018-12,MUN,MA|SAO LUIS GONZAGA DO MARANHAO,glp,1,80.0,80.0,80.0,80.0,80.0
2018-12,MUN,MG|ALFENAS,glp,8,65.0,65.0,68.6,65.0,70.0
2018-12,MUN,MG|ARAGUARI,glp,14,75.0,68.6,75.0,65.0,75.0
2018-12,MUN,MG|ARAXA,glp,11,70.0,62.0,72.0,62.0,75.0
2018-12,MUN,MG|BARBACENA,glp,14,70.0,65.0,73.5,65.0,76.5
2018-12,MUN,MG|BELO HORIZONTE,glp,35,65.0,60.0,75.0,60.0,80.0
2018-12,MUN,MG|BETIM,glp,11,70.0,65.0,75.0,65.0,75.0
2018-12,MUN,MG|BOM DESPACHO,glp,5,79.9,67.2,79.98,62.0,80.0
2018-12,MUN,MG|CAMPO BELO,glp,7,70.0,68.0,70.0,65.0,70.0
2018-12,MUN,MG|CARATINGA,glp,5,74.0,70.0,76.8,70.0,78.0
2018-12,MUN,MG|CONGONHAS,glp,8,71.0,67.9,72.0,63.0,72.0
2018-12,MUN,MG|CONSELHEIRO LAFAIETE,glp,11,60.0,60.0,65.0,57.5,70.0
2018-12,MUN,MG|CONTAGEM,glp,13,70.0,68.4,75.0,64.9,78.0
2018-12,MUN,MG|CORONEL FABRICIANO,glp,9,70.0,65.0,75.0,65.0,75.0
2018-12,MUN,MG|CURVELO,glp,10,63.5,60.0,65.4,60.0,69.0
2018-12,MUN,MG|DIVINOPOLIS,glp,19,70.0,69.0,75.0,62.5,75.0
2018-12,MUN,MG|FORMIGA,glp,9,75.0,72.4,76.0,70.0,80.0
2018-12,MUN,MG|FRUTAL,glp,5,70.0,70.0,77.8,70.0,83.0
2018-12,MUN,MG|GOVERNADOR VALADARES,glp,10,75.75,71.8,80.0,70.0,80.0
2018-12,MUN,MG|GUAXUPE,glp,8,65.0,65.0,70.05,65.0,72.5
2018-12,MUN,MG|IPATINGA,glp,15,75.0,67.0,75.0,60.0,78.0
2018-12,MUN,MG|ITABIRA,glp,10,79.5,78.9,84.1,78.0,85.0
2018-12,MUN,MG|ITAJUBA,glp,7,65.0,60.6,65.0,57.0,65.0
2018-12,MUN,MG|ITAUNA,glp,12,70.0,65.0,75.7,65.0,76.0
2018-12,MUN,MG|ITUIUTABA,glp,17,70.0,68.0,75.0,65.0,80.0
2018-12,MUN,MG|JANAUBA,glp,4,74.0,72.0,76.7,72.0,77.0
2018-12,MUN,MG|JANUARIA,glp,13,92.0,89.6,92.0,88.0,92.0
2018-12,MUN,MG|JOAO MONLEVADE,glp,11,65.0,65.0,68.0,65.0,74.0
2018-12,MUN,MG|JOAO PINHEIRO,glp,11,65.0,64.95,65.0,64.9,65.0
2018-12,MUN,MG|JUIZ DE FORA,glp,23,70.0,60.6,75.0,60.0,79.0
2018-12,MUN,MG|LAVRAS,glp,9,68.0,66.8,70.0,62.0,70.0
2018-12,MUN,MG|LEOPOLDINA,glp,9,76.0,74.5,78.4,72.5,80.0
2018-12,MUN,MG|MANHUACU,glp,6,72.5,65.0,75.0,65.0,75.0
2018-12,MUN,MG|MONTE CARMELO,glp,15,70.0,65.0,70.0,65.0,75.0
2018-12,MUN,MG|MONTES CLAROS,glp,30,75.0,70.0,78.0,65.0,79.0
2018-12,MUN,MG|MURIAE,glp,7,77.5,72.2,85.0,71.0,85.0
2018-12,MUN,MG|NOVA LIMA,glp,5,75.0,69.0,77.4,65.0,79.0
2018-12,MUN,MG|OLIVEIRA,glp,6,70.0,66.45,72.5,65.0,75.0
2018-12,MUN,MG|OURO PRETO,glp,6,73.75,71.25,77.0,70.0,79.0
2018-12,MUN,MG|PARA DE MINAS,glp,6,76.5,67.5,79.5,65.0,80.0
2018-12,MUN,MG|PARACATU,glp,12,75.0,70.25,75.0,70.0,75.0
2018-12,MUN,MG|PASSOS,glp,19,70.0,65.0,75.0,65.0,78.0
2018-12,MUN,MG|PATOS DE MINAS,glp,7,75.0,70.0,78.5,70.0,80.0
2018-12,MUN,MG|PATROCINIO,glp,9,75.0,70.0,75.0,70.0,75.0
2018-12,MUN,MG|POCOS DE CALDAS,glp,17,70.0,70.0,70.0,70.0,70.0
2018-12,MUN,MG|POUSO ALEGRE,glp,7,70.0,69.2,70.0,68.0,70.0
2018-12,MUN,MG|SABARA,glp,11,70.0,70.0,75.0,66.0,78.0
2018-12,MUN,MG|SAO JOAO DEL REI,glp,15,68.0,65.0,70.0,65.0,70.0
2018-12,MUN,MG|SAO SEBASTIAO DO PARAISO,glp,16,70.0,65.0,70.0,60.0,75.0
2018-12,MUN,MG|SETE LAGOAS,glp,13,66.5,63.0,74.8,59.0,75.0
2018-12,MUN,MG|TEOFILO OTONI,glp,15,70.0,70.0,74.0,70.0,76.0
2018-12,MUN,MG|TIMOTEO,glp,6,76.0,72.5,78.0,70.0,78.0
2018-12,MUN,MG|TRES CORACOES,glp,12,69.0,67.05,75.0,67.0,75.0
2018-12,MUN,MG|UBA,glp,10,72.5,69.491,75.5,65.0,80.0
2018-12,MUN,MG|UBERABA,glp,21,70.0,70.0,75.0,70.0,75.0
2018-12,MUN,MG|UBERLANDIA,glp,80,70.0,68.0,75.0,65.0,80.0
2018-12,MUN,MG|UNAI,glp,6,85.0,82.5,85.0,80.0,85.0
2018-12,MUN,MG|VARGINHA,glp,13,65.0,60.4,70.0,60.0,70.0
2018-12,MUN,MG|VICOSA,glp,6,71.5,65.0,80.0,65.0,80.0
2018-12,MUN,MS|CAMPO GRANDE,glp,148,70.0,64.393,75.9,58.0,85.0
2018-12,MUN,MS|CORUMBA,glp,7,90.0,90.0,90.0,90.0,90.0
2018-12,MUN,MS|COXIM,glp,8,90.0,90.0,92.45,90.0,93.5
2018-12,MUN,MS|DOURADOS,glp,38,71.25,65.0,80.0,60.0,85.0
2018-12,MUN,MS|NOVA ANDRADINA,glp,13,80.0,75.0,85.0,72.5,85.0
2018-12,MUN,MS|PONTA PORA,glp,4,69.0,68.0,70.0,68.0,70.0
2018-12,MUN,MS|TRES LAGOAS,glp,9,60.0,54.8,66.8,54.0,74.0
2018-12,MUN,MT|ALTA FLORESTA,glp,9,108.0,105.0,110.0,105.0,110.0
2018-12,MUN,MT|CACERES,glp,13,80.0,75.6,95.0,75.0,98.0
2018-12,MUN,MT|CUIABA,glp,168,95.0,90.0,100.0,90.0,115.0
2018-12,MUN,MT|RONDONOPOLIS,glp,10,100.0,95.0,105.0,95.0,105.0
2018-12,MUN,MT|SINOP,glp,16,105.0,100.0,110.0,100.0,110.0
2018-12,MUN,MT|SORRISO,glp,11,110.0,105.0,120.0,100.0,120.0
2018-12,MUN,MT|VARZEA GRANDE,glp,40,95.0,90.0,100.0,85.0,100.0
2018-12,MUN,PA|ABAETETUBA,glp,9,70.0,66.0,77.06,66.0,85.3
2018-12,MUN,PA|ALENQUER,glp,4,81.5,80.0,84.4,80.0,85.0
2018-12,MUN,PA|ALTAMIRA,glp,11,90.0,88.0,94.0,75.0,95.0
2018-12,MUN,PA|ANANINDEUA,glp,37,75.0,69.2,75.0,65.0,85.0
2018-12,MUN,PA|BELEM,glp,46,65.0,65.0,70.0,65.0,85.0
2018-12,MUN,PA|BRAGANCA,glp,6,80.0,75.75,82.5,72.5,85.0
2018-12,MUN,PA|CAMETA,glp,5,80.0,71.2,83.0,70.0,85.0
2018-12,MUN,PA|CASTANHAL,glp,9,75.0,69.0,76.0,65.0,80.0
2018-12,MUN,PA|CONCEICAO DO ARAGUAIA,glp,8,85.0,80.0,90.0,80.0,90.0
2018-12,MUN,PA|ITAITUBA,glp,9,92.0,85.0,96.0,85.0,100.0
2018-12,MUN,PA|MARABA,glp,10,85.0,84.5,87.55,80.0,88.0
2018-12,MUN,PA|PARAGOMINAS,glp,3,96.0,92.8,96.0,92.0,96.0
2018-12,MUN,PA|PARAUAPEBAS,glp,7,90.0,86.4,90.0,81.0,90.0
2018-12,MUN,PA|REDENCAO,glp,10,99.5,90.0,100.0,90.0,100.0
2018-12,MUN,PA|SANTAREM,glp,22,72.0,70.0,75.0,65.0,77.0
2018-12,MUN,PA|XINGUARA,glp,7,95.0,95.0,100.0,95.0,100.0
2018-12,MUN,PB|BAYEUX,glp,5,70.0,70.0,70.0,70.0,70.0
2018-12,MUN,PB|CABEDELO,glp,8,70.0,70.0,71.5,70.0,75.0
2018-12,MUN,PB|CAMPINA GRANDE,glp,26,65.0,65.0,70.0,65.0,70.0
2018-12,MUN,PB|JOAO PESSOA,glp,20,70.0,69.5,70.0,65.0,70.0
2018-12,MUN,PB|PATOS,glp,6,65.0,60.0,68.5,60.0,70.0
2018-12,MUN,PB|PIANCO,glp,1,62.0,62.0,62.0,62.0,62.0
2018-12,MUN,PB|SOUSA,glp,3,65.0,65.0,67.4,65.0,68.0
2018-12,MUN,PE|ARARIPINA,glp,5,70.0,70.0,75.9,70.0,76.5
2018-12,MUN,PE|ARCOVERDE,glp,9,70.0,70.0,70.0,70.0,70.0
2018-12,MUN,PE|BELO JARDIM,glp,4,65.0,65.0,65.0,65.0,65.0
2018-12,MUN,PE|CABO DE SANTO AGOSTINHO,glp,10,65.0,65.0,65.0,65.0,65.0
2018-12,MUN,PE|CARUARU,glp,10,65.0,65.0,70.0,65.0,70.0
2018-12,MUN,PE|GARANHUNS,glp,10,65.0,65.0,65.0,65.0,65.0
2018-12,MUN,PE|GOIANA,glp,7,65.0,65.0,65.0,65.0,65.0
2018-12,MUN,PE|IGARASSU,glp,21,65.0,65.0,65.0,65.0,70.0
2018-12,MUN,PE|JABOATAO DOS GUARARAPES,glp,26,65.0,65.0,68.75,65.0,70.0
2018-12,MUN,PE|LAJEDO,glp,7,65.0,65.0,65.0,65.0,65.0
2018-12,MUN,PE|OLINDA,glp,28,65.0,65.0,65.0,65.0,70.0
2018-12,MUN,PE|PAULISTA,glp,9,65.0,65.0,70.0,65.0,70.0
2018-12,MUN,PE|PETROLINA,glp,12,60.0,60.0,61.8,58.0,68.0
2018-12,MUN,PE|RECIFE,glp,49,65.0,65.0,70.0,65.0,70.0
2018-12,MUN,PE|SALGUEIRO,glp,4,75.0,73.6,75.0,73.0,75.0
2018-12,MUN,PE|SANTA CRUZ DO CAPIBARIBE,glp,7,65.0,65.0,65.0,65.0,65.0
2018-12,MUN,PE|SERRA TALHADA,glp,7,80.0,77.4,81.2,75.0,83.0
2018-12,MUN,PE|VITORIA DE SANTO ANTAO,glp,15,60.0,60.0,65.0,60.0,65.0
2018-12,MUN,PI|PARNAIBA,glp,3,83.5,82.3,87.9,82.0,89.0
2018-12,MUN,PI|PICOS,glp,4,70.0,70.0,73.5,70.0,75.0
2018-12,MUN,PI|PIRIPIRI,glp,5,80.0,75.0,84.0,75.0,85.0
2018-12,MUN,PI|TERESINA,glp,56,65.0,60.0,69.0,55.0,72.5
2018-12,MUN,PR|APUCARANA,glp,14,65.0,62.9,70.0,60.0,70.0
2018-12,MUN,PR|ARAPONGAS,glp,17,70.0,64.6,75.0,63.0,75.0
2018-12,MUN,PR|ARAUCARIA,glp,18,65.0,60.7,68.6,60.0,70.0
2018-12,MUN,PR|ASSIS CHATEAUBRIAND,glp,4,85.5,81.5,87.4,80.0,88.0
2018-12,MUN,PR|CAMBE,glp,16,70.0,70.0,74.0,70.0,75.0
2018-12,MUN,PR|CAMPO LARGO,glp,17,60.0,59.2,65.0,58.0,65.0
2018-12,MUN,PR|CAMPO MOURAO,glp,13,77.5,75.0,80.0,73.0,81.0
2018-12,MUN,PR|CASCAVEL,glp,21,75.0,72.0,80.0,70.0,80.0
2018-12,MUN,PR|CASTRO,glp,5,70.0,68.2,70.6,68.0,71.0
2018-12,MUN,PR|CIANORTE,glp,18,72.5,68.75,75.8,67.0,77.0
2018-12,MUN,PR|COLOMBO,glp,19,70.0,66.6,70.0,62.5,73.0
2018-12,MUN,PR|CORNELIO PROCOPIO,glp,5,75.0,75.0,76.8,75.0,78.0
2018-12,MUN,PR|CURITIBA,glp,32,65.0,63.1,70.0,59.9,73.0
2018-12,MUN,PR|FOZ DO IGUACU,glp,36,80.0,75.0,84.0,72.5,90.0
2018-12,MUN,PR|FRANCISCO BELTRAO,glp,10,60.0,59.981,65.0,59.9,65.0
2018-12,MUN,PR|GUARAPUAVA,glp,16,67.0,65.5,80.0,65.0,85.0
2018-12,MUN,PR|LONDRINA,glp,59,70.0,65.0,75.0,63.0,77.0
2018-12,MUN,PR|MARECHAL CANDIDO RONDON,glp,5,80.0,76.2,80.0,76.0,80.0
2018-12,MUN,PR|MARINGA,glp,22,80.0,75.0,83.0,75.0,83.0
2018-12,MUN,PR|PARANAGUA,glp,8,60.0,55.0,63.6,55.0,65.0
2018-12,MUN,PR|PARANAVAI,glp,17,75.0,68.0,76.2,65.0,78.0
2018-12,MUN,PR|PATO BRANCO,glp,6,78.25,74.75,79.5,72.5,80.0
2018-12,MUN,PR|PINHAIS,glp,16,68.5,65.0,72.5,65.0,75.0
2018-12,MUN,PR|PONTA GROSSA,glp,13,60.0,60.0,69.0,60.0,72.0
2018-12,MUN,PR|RAMILANDIA,glp,1,80.0,80.0,80.0,80.0,80.0
2018-12,MUN,PR|SANTO ANTONIO DA PLATINA,glp,12,65.0,65.0,69.76,60.0,71.0
2018-12,MUN,PR|SAO JOSE DOS PINHAIS,glp,19,69.0,64.78,71.0,63.9,75.0
2018-12,MUN,PR|TOLEDO,glp,20,85.0,80.0,85.1,72.45,86.0
2018-12,MUN,PR|UMUARAMA,glp,16,67.495,61.25,70.0,60.0,70.0
2018-12,MUN,PR|UNIAO DA VITORIA,glp,4,74.0,71.6,76.4,71.0,77.0
2018-12,MUN,RJ|ANGRA DOS REIS,glp,7,71.0,69.2,74.94,68.0,75.0
2018-12,MUN,RJ|ARARUAMA,glp,6,55.0,54.0,61.0,53.0,62.0
2018-12,MUN,RJ|BARRA DO PIRAI,glp,6,72.0,70.95,74.0,70.0,75.0
2018-12,MUN,RJ|BARRA MANSA,glp,9,71.0,70.0,75.6,70.0,78.0
2018-12,MUN,RJ|BELFORD ROXO,glp,6,67.5,59.5,70.0,59.0,70.0
2018-12,MUN,RJ|CABO FRIO,glp,8,63.0,57.7,64.3,57.0,65.0
2018-12,MUN,RJ|CAMPOS DOS GOYTACAZES,glp,27,64.0,58.0,70.0,58.0,79.0
2018-12,MUN,RJ|DUQUE DE CAXIAS,glp,25,60.0,58.8,66.8,56.0,70.0
2018-12,MUN,RJ|ITABORAI,glp,4,65.0,63.95,65.84,63.5,66.2
2018-12,MUN,RJ|ITAGUAI,glp,3,71.9,71.9,72.7,71.9,72.9
2018-12,MUN,RJ|ITAPERUNA,glp,9,65.0,64.6,68.4,63.0,70.0
2018-12,MUN,RJ|MACAE,glp,5,65.0,65.0,69.6,65.0,72.0
2018-12,MUN,RJ|MAGE,glp,6,67.5,57.5,70.0,55.0,70.0
2018-12,MUN,RJ|MARICA,glp,4,67.5,61.5,70.0,60.0,70.0
2018-12,MUN,RJ|NILOPOLIS,glp,6,61.5,60.0,65.0,60.0,65.0
2018-12,MUN,RJ|NITEROI,glp,8,65.0,62.9,68.3,58.0,69.0
2018-12,MUN,RJ|NOVA FRIBURGO,glp,6,62.5,60.0,65.0,60.0,65.0
2018-12,MUN,RJ|NOVA IGUACU,glp,31,65.0,58.0,65.0,55.0,65.0
2018-12,MUN,RJ|PETROPOLIS,glp,7,65.0,56.497,65.0,55.0,65.0
2018-12,MUN,RJ|RESENDE,glp,11,78.0,75.0,80.0,70.0,80.0
2018-12,MUN,RJ|RIO BONITO,glp,5,55.0,55.0,55.0,55.0,55.0
2018-12,MUN,RJ|RIO DE JANEIRO,glp,88,64.5,55.0,75.0,55.0,80.0
2018-12,MUN,RJ|SANTO ANTONIO DE PADUA,glp,3,60.0,56.0,60.0,55.0,60.0
2018-12,MUN,RJ|SAO FRANCISCO DE ITABAPOANA,glp,3,70.0,66.0,70.0,65.0,70.0
2018-12,MUN,RJ|SAO GONCALO,glp,10,68.0,64.3,70.0,58.0,70.0
2018-12,MUN,RJ|SAO JOAO DE MERITI,glp,8,63.5,59.97,66.2,59.9,69.0
2018-12,MUN,RJ|SAPUCAIA,glp,3,65.0,57.0,69.0,55.0,70.0
2018-12,MUN,RJ|SAQUAREMA,glp,6,59.7,57.25,60.5,55.0,61.0
2018-12,MUN,RJ|TERESOPOLIS,glp,7,68.0,68.0,72.4,68.0,73.0
2018-12,MUN,RJ|TRES RIOS,glp,4,62.5,60.0,65.0,60.0,65.0
2018-12,MUN,RJ|VALENCA,glp,6,67.5,66.75,74.5,66.5,80.0
2018-12,MUN,RJ|VOLTA REDONDA,glp,9,72.0,70.86,74.2,70.3,75.0
2018-12,MUN,RN|CAICO,glp,5,67.0,66.0,71.8,66.0,75.0
2018-12,MUN,RN|CARAUBAS,glp,1,67.0,67.0,67.0,67.0,67.0
2018-12,MUN,RN|MOSSORO,glp,8,66.0,65.7,67.9,65.0,70.0
2018-12,MUN,RN|NATAL,glp,67,67.0,64.8,70.0,63.0,72.0
2018-12,MUN,RN|PARNAMIRIM,glp,26,67.0,64.0,69.0,60.0,70.0
2018-12,MUN,RO|ARIQUEMES,glp,8,80.0,79.7,83.3,79.0,84.0
2018-12,MUN,RO|CACOAL,glp,11,85.0,85.0,90.0,85.0,90.0
2018-12,MUN,RO|JI-PARANA,glp,13,75.0,75.0,80.0,71.95,85.0
2018-12,MUN,RO|PIMENTA BUENO,glp,6,85.0,85.0,85.5,85.0,86.0
2018-12,MUN,RO|PORTO VELHO,glp,41,75.0,70.0,78.0,68.0,90.0
2018-12,MUN,RO|VILHENA,glp,13,84.0,80.0,88.0,75.0,91.0
2018-12,MUN,RR|BOA VISTA,glp,90,84.0,80.0,85.0,75.0,86.0
2018-12,MUN,RS|ALEGRETE,glp,12,70.0,69.0,79.5,69.0,80.0
2018-12,MUN,RS|ALVORADA,glp,11,67.5,65.0,68.5,65.0,73.0
2018-12,MUN,RS|BAGE,glp,23,74.5,70.6,75.0,69.0,78.0
2018-12,MUN,RS|BENTO GONCALVES,glp,4,74.5,73.3,75.0,73.0,75.0
2018-12,MUN,RS|CACHOEIRA DO SUL,glp,10,60.0,58.0,63.11,58.0,65.0
2018-12,MUN,RS|CACHOEIRINHA,glp,7,69.0,65.3,69.0,65.0,69.0
2018-12,MUN,RS|CANOAS,glp,18,68.75,65.0,70.0,65.0,70.0
2018-12,MUN,RS|CAXIAS DO SUL,glp,49,70.0,68.8,74.2,63.45,85.0
2018-12,MUN,RS|CRUZ ALTA,glp,3,50.0,50.0,51.6,50.0,52.0
2018-12,MUN,RS|ERECHIM,glp,14,75.75,70.0,82.1,70.0,88.0
2018-12,MUN,RS|ESTEIO,glp,12,65.5,61.25,69.0,59.5,70.0
2018-12,MUN,RS|GRAMADO,glp,4,78.0,76.45,79.55,76.0,80.0
2018-12,MUN,RS|GRAVATAI,glp,9,68.0,65.8,69.7,65.0,72.5
2018-12,MUN,RS|GUAIBA,glp,7,69.0,66.6,75.2,66.0,75.5
2018-12,MUN,RS|IJUI,glp,6,73.25,69.5,75.25,69.0,76.5
2018-12,MUN,RS|LAJEADO,glp,10,72.5,71.55,78.2,67.5,80.0
2018-12,MUN,RS|NOVO HAMBURGO,glp,13,65.0,65.0,66.2,63.5,67.0
2018-12,MUN,RS|OSORIO,glp,7,70.5,70.0,75.5,70.0,80.0
2018-12,MUN,RS|PASSO FUNDO,glp,26,69.0,67.0,72.25,65.0,75.0
2018-12,MUN,RS|PELOTAS,glp,17,68.0,60.0,75.0,60.0,77.0
2018-12,MUN,RS|PORTO ALEGRE,glp,28,70.0,65.0,73.3,64.0,74.9
2018-12,MUN,RS|RIO GRANDE,glp,11,65.0,65.0,67.0,62.5,68.0
2018-12,MUN,RS|SANTA CRUZ DO SUL,glp,22,66.25,60.0,71.0,59.0,86.0
2018-12,MUN,RS|SANTA MARIA,glp,77,75.0,70.0,78.0,67.5,87.0
2018-12,MUN,RS|SANTA ROSA,glp,7,77.5,76.5,79.4,76.5,80.0
2018-12,MUN,RS|SANTANA DO LIVRAMENTO,glp,11,65.0,65.0,67.0,60.0,70.0
2018-12,MUN,RS|SANTO ANGELO,glp,6,75.0,70.0,77.5,65.0,80.0
2018-12,MUN,RS|SAO GABRIEL,glp,15,76.0,70.0,81.2,70.0,85.0
2018-12,MUN,RS|SAO LEOPOLDO,glp,15,63.5,58.8,66.8,57.0,69.0
2018-12,MUN,RS|SAO LUIZ GONZAGA,glp,6,78.5,72.5,81.0,70.0,82.0
2018-12,MUN,RS|SAPIRANGA,glp,8,69.0,65.35,70.0,65.0,70.0
2018-12,MUN,RS|SAPUCAIA DO SUL,glp,28,67.75,62.7,72.115,60.0,75.0
2018-12,MUN,RS|TORRES,glp,6,74.5,71.75,78.5,70.0,80.0
2018-12,MUN,RS|URUGUAIANA,glp,15,80.0,78.4,85.0,76.5,87.5
2018-12,MUN,RS|VACARIA,glp,9,74.0,69.4,78.0,69.0,80.0
2018-12,MUN,RS|VIAMAO,glp,20,69.95,67.76,74.1,66.5,79.0
2018-12,MUN,SC|ARARANGUA,glp,5,67.0,65.0,68.8,65.0,70.0
2018-12,MUN,SC|BALNEARIO CAMBORIU,glp,4,75.0,75.0,75.0,75.0,75.0
2018-12,MUN,SC|BIGUACU,glp,3,65.0,65.0,67.4,65.0,68.0
2018-12,MUN,SC|BLUMENAU,glp,10,74.0,70.0,75.3,70.0,78.0
2018-12,MUN,SC|BRUSQUE,glp,6,67.0,65.475,69.0,63.95,69.5
2018-12,MUN,SC|CACADOR,glp,5,75.0,62.8,78.2,62.0,79.0
2018-12,MUN,SC|CHAPECO,glp,10,81.0,79.9,85.2,79.0,87.0
2018-12,MUN,SC|CONCORDIA,glp,6,69.7,68.5,78.0,68.0,79.0
2018-12,MUN,SC|CRICIUMA,glp,12,69.25,68.1,70.0,67.0,71.5
2018-12,MUN,SC|FLORIANOPOLIS,glp,20,70.0,69.86,72.55,65.0,73.0
2018-12,MUN,SC|ITAJAI,glp,8,65.0,63.5,65.0,63.5,65.0
2018-12,MUN,SC|JARAGUA DO SUL,glp,6,65.0,64.25,67.95,63.5,69.95
2018-12,MUN,SC|JOINVILLE,glp,5,69.5,67.8,75.2,67.0,79.0
2018-12,MUN,SC|LAGES,glp,10,70.0,67.5,72.0,63.0,72.0
2018-12,MUN,SC|LAGUNA,glp,6,68.5,65.0,75.0,65.0,75.0
2018-12,MUN,SC|MAFRA,glp,9,74.0,70.0,80.0,70.0,80.0
2018-12,MUN,SC|PALHOCA,glp,4,65.0,64.93,65.0,64.9,65.0
2018-12,MUN,SC|SAO JOSE,glp,5,67.0,64.97,67.9,64.95,67.9
2018-12,MUN,SC|TUBARAO,glp,7,68.0,65.9,70.4,65.0,71.0
2018-12,MUN,SC|VIDEIRA,glp,8,77.25,75.0,81.5,75.0,85.0
2018-12,MUN,SC|XANXERE,glp,7,78.0,76.2,81.0,75.0,84.0
2018-12,MUN,SE|ARACAJU,glp,43,70.0,69.2,78.0,65.0,83.0
2018-12,MUN,SE|ITABAIANA,glp,4,70.0,66.95,72.7,66.5,73.0
2018-12,MUN,SE|LAGARTO,glp,7,70.0,65.0,70.0,65.0,70.0
2018-12,MUN,SE|NOSSA SENHORA DO SOCORRO,glp,9,65.0,60.0,71.2,60.0,72.0
2018-12,MUN,SP|ADAMANTINA,glp,4,68.9,68.0,69.94,68.0,70.0
2018-12,MUN,SP|AGUDOS,glp,1,65.0,65.0,65.0,65.0,65.0
2018-12,MUN,SP|AMERICANA,glp,18,65.0,63.5,67.5,60.0,67.5
2018-12,MUN,SP|AMPARO,glp,6,74.0,69.75,78.0,67.5,80.0
2018-12,MUN,SP|ARACATUBA,glp,45,65.0,65.0,68.0,58.0,70.0
2018-12,MUN,SP|ARARAQUARA,glp,12,77.5,75.0,81.8,73.0,83.0
2018-12,MUN,SP|ARARAS,glp,13,67.9,67.9,71.96,66.0,82.0
2018-12,MUN,SP|ASSIS,glp,10,68.0,66.8,70.0,65.0,70.0
2018-12,MUN,SP|ATIBAIA,glp,10,69.5,64.5,70.5,60.0,75.0
2018-12,MUN,SP|AVARE,glp,8,65.0,64.25,65.0,62.5,65.0
2018-12,MUN,SP|BARRETOS,glp,4,65.25,63.6,65.85,63.0,66.0
2018-12,MUN,SP|BARUERI,glp,20,66.25,65.0,73.0,60.0,75.0
2018-12,MUN,SP|BAURU,glp,35,65.0,60.0,70.0,59.9,77.0
2018-12,MUN,SP|BEBEDOURO,glp,10,68.725,62.5,72.75,62.5,75.0
2018-12,MUN,SP|BIRIGUI,glp,16,65.0,61.25,70.0,60.0,70.0
2018-12,MUN,SP|BOTUCATU,glp,16,62.0,61.75,62.0,59.5,62.5
2018-12,MUN,SP|BRAGANCA PAULISTA,glp,11,65.0,60.0,66.0,60.0,66.0
2018-12,MUN,SP|CACAPAVA,glp,9,65.0,57.792,70.0,57.0,70.0
2018-12,MUN,SP|CAMPINAS,glp,40,68.0,64.94,75.0,58.99,75.0
2018-12,MUN,SP|CARAGUATATUBA,glp,3,60.0,60.0,72.8,60.0,76.0
2018-12,MUN,SP|CARAPICUIBA,glp,13,70.0,59.992,70.8,59.99,72.0
2018-12,MUN,SP|CATANDUVA,glp,8,70.0,66.535,74.1,65.45,79.0
2018-12,MUN,SP|COSMOPOLIS,glp,6,61.74,59.243,63.748,58.995,65.0
2018-12,MUN,SP|COTIA,glp,8,68.0,62.1,76.5,60.0,80.0
2018-12,MUN,SP|CRUZEIRO,glp,14,60.0,55.0,60.0,53.9,60.0
2018-12,MUN,SP|CUBATAO,glp,9,75.0,65.0,80.4,65.0,82.0
2018-12,MUN,SP|DIADEMA,glp,20,74.0,69.8,75.0,64.995,78.0
2018-12,MUN,SP|DRACENA,glp,5,70.0,68.0,73.8,68.0,75.0
2018-12,MUN,SP|EMBU DAS ARTES,glp,5,67.0,65.0,70.0,65.0,70.0
2018-12,MUN,SP|FRANCA,glp,18,68.5,66.33,70.0,62.45,74.99
2018-12,MUN,SP|GARCA,glp,4,65.0,65.0,68.5,65.0,70.0
2018-12,MUN,SP|GUARATINGUETA,glp,22,61.0,59.991,68.8,55.0,72.0
2018-12,MUN,SP|GUARUJA,glp,8,80.0,79.33,81.5,78.0,85.0
2018-12,MUN,SP|GUARULHOS,glp,36,65.0,60.0,70.0,55.0,75.0
2018-12,MUN,SP|HORTOLANDIA,glp,8,68.0,65.0,70.0,65.0,70.0
2018-12,MUN,SP|IBITINGA,glp,8,70.0,67.0,75.0,67.0,75.0
2018-12,MUN,SP|INDAIATUBA,glp,13,70.0,70.0,70.0,65.0,70.0
2018-12,MUN,SP|ITANHAEM,glp,3,70.0,70.0,70.0,70.0,70.0
2018-12,MUN,SP|ITAPECERICA DA SERRA,glp,7,69.0,65.0,78.8,65.0,80.0
2018-12,MUN,SP|ITAPETININGA,glp,11,66.5,65.0,71.9,65.0,72.5
2018-12,MUN,SP|ITAPEVA,glp,7,70.0,68.0,77.0,65.0,80.0
2018-12,MUN,SP|ITAPIRA,glp,4,64.0,61.2,66.1,60.0,67.0
2018-12,MUN,SP|ITAPOLIS,glp,13,75.0,70.0,76.9,65.0,77.5
2018-12,MUN,SP|ITAQUAQUECETUBA,glp,21,64.95,55.0,65.0,50.0,69.0
2018-12,MUN,SP|ITATIBA,glp,4,68.0,67.3,69.4,67.0,70.0
2018-12,MUN,SP|ITU,glp,7,65.0,62.497,66.897,61.0,69.0
2018-12,MUN,SP|JABOTICABAL,glp,5,65.0,60.8,65.0,58.0,65.0
2018-12,MUN,SP|JACAREI,glp,15,64.5,59.4,66.0,58.0,72.5
2018-12,MUN,SP|JALES,glp,10,70.0,69.71,70.5,68.0,75.0
2018-12,MUN,SP|JAU,glp,13,70.0,68.4,70.8,65.0,78.0
2018-12,MUN,SP|JOSE BONIFACIO,glp,6,65.0,60.0,69.25,60.0,72.0
2018-12,MUN,SP|JUNDIAI,glp,13,70.0,66.8,74.6,65.0,78.0
2018-12,MUN,SP|LEME,glp,8,62.5,60.0,65.9,60.0,68.0
2018-12,MUN,SP|LIMEIRA,glp,15,65.0,60.0,65.0,60.0,70.0
2018-12,MUN,SP|LINS,glp,8,69.0,65.0,70.0,65.0,70.0
2018-12,MUN,SP|LORENA,glp,12,59.0,55.0,64.5,55.0,69.0
2018-12,MUN,SP|MARILIA,glp,6,75.0,75.0,78.0,75.0,79.0
2018-12,MUN,SP|MATAO,glp,9,70.0,69.2,73.4,66.0,75.0
2018-12,MUN,SP|MAUA,glp,21,70.0,65.0,74.99,55.0,75.0
2018-12,MUN,SP|MIRASSOL,glp,11,65.0,62.5,67.5,59.995,68.0
2018-12,MUN,SP|MOCOCA,glp,7,70.0,69.0,75.0,67.5,75.0
2018-12,MUN,SP|MOGI DAS CRUZES,glp,34,63.0,59.753,65.0,55.0,69.0
2018-12,MUN,SP|MOGI GUACU,glp,12,65.0,65.0,67.7,65.0,70.0
2018-12,MUN,SP|MOGI MIRIM,glp,8,55.75,55.0,65.0,55.0,65.0
2018-12,MUN,SP|MONTE ALTO,glp,8,69.45,64.985,75.6,64.95,77.0
2018-12,MUN,SP|OLIMPIA,glp,7,56.0,56.0,61.2,56.0,63.0
2018-12,MUN,SP|OSASCO,glp,26,68.0,60.0,72.248,58.0,83.99
2018-12,MUN,SP|OURINHOS,glp,12,67.5,65.0,69.8,60.0,70.0
2018-12,MUN,SP|PARAGUACU PAULISTA,glp,11,75.0,70.0,75.0,70.0,78.0
2018-12,MUN,SP|PAULINIA,glp,11,65.0,59.99,70.0,59.99,72.0
2018-12,MUN,SP|PINDAMONHANGABA,glp,7,63.0,60.0,65.0,60.0,65.0
2018-12,MUN,SP|PIRACICABA,glp,21,65.0,65.0,70.0,65.0,70.0
2018-12,MUN,SP|PIRASSUNUNGA,glp,2,65.0,61.0,69.0,60.0,70.0
2018-12,MUN,SP|POA,glp,11,60.0,59.9,63.5,57.5,65.0
2018-12,MUN,SP|PORTO FERREIRA,glp,3,65.0,63.4,65.0,63.0,65.0
2018-12,MUN,SP|PRAIA GRANDE,glp,16,74.0,69.5,78.0,65.0,84.99
2018-12,MUN,SP|PRESIDENTE PRUDENTE,glp,40,65.0,61.8,68.0,59.9,73.0
2018-12,MUN,SP|PRESIDENTE VENCESLAU,glp,7,65.0,65.0,68.8,65.0,70.0
2018-12,MUN,SP|RIBEIRAO PIRES,glp,14,74.45,73.0,77.0,71.995,77.0
2018-12,MUN,SP|RIBEIRAO PRETO,glp,43,80.0,70.0,89.52,65.0,90.0
2018-12,MUN,SP|RIO CLARO,glp,7,60.0,60.0,66.1,60.0,70.0
2018-12,MUN,SP|SALTO,glp,11,63.5,59.5,65.0,56.0,67.0
2018-12,MUN,SP|SANTA BARBARA D'OESTE,glp,13,65.0,61.0,65.0,57.5,68.0
2018-12,MUN,SP|SANTA CRUZ DO RIO PARDO,glp,15,71.5,70.0,75.0,69.0,80.0
2018-12,MUN,SP|SANTO ANDRE,glp,39,65.0,59.998,72.792,59.99,75.0
2018-12,MUN,SP|SANTOS,glp,19,72.0,67.4,79.92,65.0,89.9
2018-12,MUN,SP|SAO BERNARDO DO CAMPO,glp,20,71.0,68.0,84.99,67.0,85.0
2018-12,MUN,SP|SAO CAETANO DO SUL,glp,7,80.0,71.497,86.96,70.0,89.9
2018-12,MUN,SP|SAO CARLOS,glp,16,75.5,71.5,82.5,68.0,87.0
2018-12,MUN,SP|SAO JOAO DA BOA VISTA,glp,8,71.5,69.7,73.0,69.0,73.0
2018-12,MUN,SP|SAO JOSE DO RIO PRETO,glp,51,67.0,65.0,75.0,60.0,79.0
2018-12,MUN,SP|SAO JOSE DOS CAMPOS,glp,41,68.0,60.0,70.0,58.0,78.0
2018-12,MUN,SP|SAO PAULO,glp,124,69.0,60.0,78.0,55.0,88.0
2018-12,MUN,SP|SAO ROQUE,glp,10,70.0,67.7,73.0,65.0,73.0
2018-12,MUN,SP|SAO VICENTE,glp,21,65.0,59.99,70.0,58.99,73.9
2018-12,MUN,SP|SERTAOZINHO,glp,17,70.0,68.0,71.4,60.0,72.0
2018-12,MUN,SP|SOROCABA,glp,31,68.5,63.5,73.0,62.5,74.0
2018-12,MUN,SP|SUMARE,glp,8,75.0,68.0,75.0,68.0,75.0
2018-12,MUN,SP|SUZANO,glp,14,62.723,59.0,67.4,59.0,69.0
2018-12,MUN,SP|TABOAO DA SERRA,glp,6,70.0,68.5,75.0,68.0,75.0
2018-12,MUN,SP|TATUI,glp,9,69.0,64.5,73.0,62.5,73.0
2018-12,MUN,SP|TAUBATE,glp,8,60.0,60.0,63.6,60.0,65.0
2018-12,MUN,SP|TUPA,glp,9,69.45,65.0,73.4,65.0,75.0
2018-12,MUN,SP|UBATUBA,glp,14,61.5,55.0,69.4,55.0,70.0
2018-12,MUN,SP|VALINHOS,glp,9,64.99,59.4,67.1,57.0,67.5
2018-12,MUN,SP|VARZEA PAULISTA,glp,9,65.0,62.4,67.2,60.0,68.0
2018-12,MUN,SP|VINHEDO,glp,5,70.0,69.097,71.99,68.495,71.99
2018-12,MUN,SP|VOTORANTIM,glp,18,69.0,61.75,70.0,60.0,70.0
2018-12,MUN,SP|VOTUPORANGA,glp,5,65.0,65.0,68.8,65.0,70.0
2018-12,MUN,TO|ARAGUAINA,glp,13,75.0,75.0,75.0,70.0,80.0
2018-12,MUN,TO|GURUPI,glp,35,70.0,65.0,78.0,65.0,85.0
2018-12,MUN,TO|PALMAS,glp,42,85.0,80.25,89.0,80.0,91.5
2018-12,MUN,TO|PARAISO DO TOCANTINS,glp,10,85.0,75.0,86.0,75.0,95.0
2018-12,MUN,TO|PORTO NACIONAL,glp,15,85.0,85.0,85.0,80.0,85.0
2018-12,UF,AC,glp,52,81.0,77.0,85.0,73.0,90.0
2018-12,UF,AL,glp,38,65.75,65.0,70.0,60.0,70.0
2018-12,UF,AM,glp,127,71.0,67.0,83.0,62.0,90.0
2018-12,UF,AP,glp,23,80.0,75.0,82.8,73.0,84.0
2018-12,UF,BA,glp,390,62.0,58.0,69.1,50.0,85.0
2018-12,UF,CE,glp,172,70.0,66.0,77.5,60.0,81.0
2018-12,UF,DF,glp,43,70.0,70.0,79.0,65.0,95.0
2018-12,UF,ES,glp,279,65.0,60.0,68.0,55.0,75.0
2018-12,UF,GO,glp,337,73.0,65.0,76.0,55.0,84.0
2018-12,UF,MA,glp,116,65.0,54.995,80.0,54.99,90.0
2018-12,UF,MG,glp,729,70.0,65.0,77.6,57.0,92.0
2018-12,UF,MS,glp,227,70.0,63.0,82.5,54.0,93.5
2018-12,UF,MT,glp,267,95.0,90.0,105.0,75.0,120.0
2018-12,UF,PA,glp,203,75.0,65.0,93.3,65.0,100.0
2018-12,UF,PB,glp,69,70.0,65.0,70.0,60.0,75.0
2018-12,UF,PE,glp,240,65.0,65.0,70.0,58.0,83.0
2018-12,UF,PI,glp,68,65.0,60.0,75.0,55.0,89.0
2018-12,UF,PR,glp,479,70.0,63.0,80.0,55.0,90.0
2018-12,UF,RJ,glp,346,65.0,58.0,75.0,53.0,80.0
2018-12,UF,RN,glp,107,67.0,65.0,70.0,60.0,75.0
2018-12,UF,RO,glp,92,78.0,71.545,86.0,68.0,91.0
2018-12,UF,RR,glp,90,84.0,80.0,85.0,75.0,86.0
2018-12,UF,RS,glp,546,70.0,65.0,78.0,50.0,88.0
2018-12,UF,SC,glp,156,70.0,65.0,79.4,62.0,87.0
2018-12,UF,SE,glp,63,70.0,65.0,75.0,60.0,83.0
2018-12,UF,SP,glp,1589,67.5,60.0,75.0,50.0,90.0
2018-12,UF,TO,glp,115,83.0,70.0,85.0,65.0,95.0
