periodo,nivel,codigo,produto,postos,mediana,p10,p90,minimo,maximo
2022-01,BR,BR,glp,5966,102.0,92.0,115.0,78.0,140.0
2022-01,MUN,AC|CRUZEIRO DO SUL,glp,5,120.0,120.0,120.0,120.0,120.0
2022-01,MUN,AC|RIO BRANCO,glp,44,115.0,112.0,121.4,110.0,130.0
2022-01,MUN,AL|ARAPIRACA,glp,8,99.5,97.47,100.0,93.9,100.0
2022-01,MUN,AL|DELMIRO GOUVEIA,glp,2,102.5,100.5,104.5,100.0,105.0
2022-01,MUN,AL|MACEIO,glp,11,100.0,95.0,100.0,86.99,103.0
2022-01,MUN,AL|PALMEIRA DOS INDIOS,glp,7,105.0,101.6,105.0,96.5,105.0
2022-01,MUN,AM|ITACOATIARA,glp,9,113.0,111.6,115.0,110.0,115.0
2022-01,MUN,AM|MANAUS,glp,47,105.0,100.0,109.4,97.0,115.0
2022-01,MUN,AM|TEFE,glp,5,124.0,124.0,124.6,124.0,125.0
2022-01,MUN,AP|MACAPA,glp,17,116.0,114.0,120.0,109.0,121.0
2022-01,MUN,BA|BARREIRAS,glp,6,115.0,112.5,115.0,110.0,115.0
2022-01,MUN,BA|BRUMADO,glp,4,96.0,91.5,99.1,90.0,100.0
2022-01,MUN,BA|CAETITE,glp,9,92.5,85.0,93.0,85.0,93.0
2022-01,MUN,BA|CAMACARI,glp,31,98.0,95.0,101.0,95.0,105.0
2022-01,MUN,BA|EUNAPOLIS,glp,12,90.0,89.909,95.0,88.0,95.0
2022-01,MUN,BA|FEIRA DE SANTANA,glp,14,88.0,88.0,95.5,87.99,97.0
2022-01,MUN,BA|GUANAMBI,glp,15,100.0,100.0,100.0,99.9,100.0
2022-01,MUN,BA|ILHEUS,glp,6,103.5,101.0,110.0,100.0,110.0
2022-01,MUN,BA|IRECE,glp,3,92.0,92.0,92.8,92.0,93.0
2022-01,MUN,BA|ITABUNA,glp,8,99.0,89.1,100.0,87.0,100.0
2022-01,MUN,BA|JEQUIE,glp,7,87.5,84.8,89.4,84.5,90.0
2022-01,MUN,BA|JUAZEIRO,glp,6,99.75,98.5,100.0,98.0,100.0
2022-01,MUN,BA|LAURO DE FREITAS,glp,33,95.0,85.198,100.0,83.99,110.0
2022-01,MUN,BA|PAULO AFONSO,glp,4,91.0,87.2,93.4,86.0,94.0
2022-01,MUN,BA|SALVADOR,glp,175,92.0,85.0,99.99,80.0,105.0
2022-01,MUN,BA|SIMOES FILHO,glp,16,92.495,84.495,99.992,83.0,109.0
2022-01,MUN,BA|VITORIA DA CONQUISTA,glp,5,94.99,89.994,96.8,89.99,98.0
2022-01,MUN,CE|AQUIRAZ,glp,1,100.0,100.0,100.0,100.0,100.0
2022-01,MUN,CE|CAUCAIA,glp,16,105.0,95.0,106.5,95.0,115.0
2022-01,MUN,CE|CRATEUS,glp,3,99.0,98.2,99.8,98.0,100.0
2022-01,MUN,CE|CRATO,glp,14,100.0,99.99,100.0,95.0,110.0
2022-01,MUN,CE|FORTALEZA,glp,55,105.0,100.0,110.0,93.0,114.0
2022-01,MUN,CE|IGUATU,glp,3,108.0,107.2,108.0,107.0,108.0
2022-01,MUN,CE|ITAPIPOCA,glp,8,105.0,99.7,105.6,99.0,107.0
2022-01,MUN,CE|JUAZEIRO DO NORTE,glp,13,100.0,99.99,103.7,98.0,105.0
2022-01,MUN,CE|LIMOEIRO DO NORTE,glp,4,110.0,110.0,110.0,110.0,110.0
2022-01,MUN,CE|MARACANAU,glp,9,104.0,98.992,106.0,95.0,110.0
2022-01,MUN,CE|QUIXADA,glp,4,99.5,97.6,103.5,97.0,105.0
2022-01,MUN,DF|BRASILIA,glp,50,98.0,94.99,99.99,92.49,114.0
2022-01,MUN,ES|ARACRUZ,glp,6,96.5,92.5,100.0,92.0,100.0
2022-01,MUN,ES|CARIACICA,glp,22,90.0,85.0,96.291,84.99,105.0
2022-01,MUN,ES|COLATINA,glp,9,99.0,93.2,100.0,90.0,100.0
2022-01,MUN,ES|GUARAPARI,glp,9,95.0,92.398,100.0,89.99,100.0
2022-01,MUN,ES|LINHARES,glp,16,100.0,100.0,105.0,98.0,105.0
2022-01,MUN,ES|SAO MATEUS,glp,9,94.99,93.992,95.0,90.0,95.0
2022-01,MUN,ES|SERRA,glp,30,105.0,91.79,105.0,85.0,105.0
2022-01,MUN,ES|VILA VELHA,glp,15,95.0,88.996,95.594,85.0,98.0
2022-01,MUN,ES|VITORIA,glp,6,107.5,100.0,110.0,95.0,110.0
2022-01,MUN,GO|AGUAS LINDAS DE GOIAS,glp,28,94.99,89.99,98.3,89.99,105.0
2022-01,MUN,GO|ANAPOLIS,glp,23,110.0,110.0,115.0,105.0,115.0
2022-01,MUN,GO|APARECIDA DE GOIANIA,glp,20,108.25,104.5,112.74,99.99,115.0
2022-01,MUN,GO|CALDAS NOVAS,glp,5,115.0,115.0,115.0,115.0,115.0
2022-01,MUN,GO|FORMOSA,glp,15,100.0,93.8,106.8,91.99,108.0
2022-01,MUN,GO|GOIANIA,glp,38,115.0,110.0,115.0,99.99,115.0
2022-01,MUN,GO|ITUMBIARA,glp,15,110.0,107.4,115.0,105.0,120.0
2022-01,MUN,GO|JATAI,glp,15,130.0,125.0,130.0,125.0,130.0
2022-01,MUN,GO|LUZIANIA,glp,9,99.99,97.99,100.2,97.99,101.0
2022-01,MUN,GO|MINEIROS,glp,8,115.0,115.0,115.0,115.0,115.0
2022-01,MUN,GO|MORRINHOS,glp,7,110.0,104.996,110.0,104.99,110.0
2022-01,MUN,GO|RIO VERDE,glp,28,115.0,110.0,120.0,110.0,120.0
2022-01,MUN,GO|TRINDADE,glp,55,100.0,98.8,105.0,90.0,110.0
2022-01,MUN,GO|VALPARAISO DE GOIAS,glp,16,99.99,94.995,100.0,94.99,110.0
2022-01,MUN,MA|IMPERATRIZ,glp,28,100.0,100.0,100.0,97.5,100.0
2022-01,MUN,MA|SAO JOSE DE RIBAMAR,glp,12,104.99,104.99,104.99,104.99,104.99
2022-01,MUN,MA|SAO LUIS,glp,23,104.99,104.99,104.99,104.99,114.0
2022-01,MUN,MG|ALFENAS,glp,10,101.25,99.5,105.0,95.0,105.0
2022-01,MUN,MG|ARAGUARI,glp,14,105.0,100.0,111.4,100.0,120.0
2022-01,MUN,MG|ARAXA,glp,5,103.5,99.8,105.0,98.0,105.0
2022-01,MUN,MG|BARBACENA,glp,14,100.0,95.0,104.25,94.99,105.0
2022-01,MUN,MG|BELO HORIZONTE,glp,29,100.0,95.998,115.0,94.99,120.0
2022-01,MUN,MG|BETIM,glp,28,110.0,99.99,113.25,96.0,115.0
2022-01,MUN,MG|BOM DESPACHO,glp,5,110.0,97.0,110.0,95.0,110.0
2022-01,MUN,MG|CAMPO BELO,glp,8,105.0,100.0,105.0,100.0,105.0
2022-01,MUN,MG|CONSELHEIRO LAFAIETE,glp,15,98.0,94.994,102.4,94.99,111.0
2022-01,MUN,MG|CONTAGEM,glp,51,110.0,99.0,115.0,95.0,125.0
2022-01,MUN,MG|CORONEL FABRICIANO,glp,9,110.0,106.6,112.4,105.0,114.0
2022-01,MUN,MG|DIVINOPOLIS,glp,1,94.99,94.99,94.99,94.99,94.99
2022-01,MUN,MG|FORMIGA,glp,16,105.0,104.0,105.0,104.0,110.0
2022-01,MUN,MG|GOVERNADOR VALADARES,glp,8,116.25,111.75,120.0,110.0,120.0
2022-01,MUN,MG|IPATINGA,glp,19,110.0,103.2,113.0,100.0,115.0
2022-01,MUN,MG|ITAUNA,glp,15,105.5,99.0,109.6,95.99,110.0
2022-01,MUN,MG|ITUIUTABA,glp,17,102.0,99.6,109.0,95.0,109.0
2022-01,MUN,MG|JANUARIA,glp,11,120.0,117.5,122.5,115.0,125.0
2022-01,MUN,MG|JOAO MONLEVADE,glp,9,100.0,99.6,103.2,98.0,104.0
2022-01,MUN,MG|JOAO PINHEIRO,glp,10,118.0,114.9,118.2,114.9,120.0
2022-01,MUN,MG|JUIZ DE FORA,glp,23,100.0,90.39,105.0,89.0,110.0
2022-01,MUN,MG|LAVRAS,glp,10,98.0,96.8,100.3,95.0,112.0
2022-01,MUN,MG|MANHUACU,glp,6,102.5,99.95,107.5,99.9,110.0
2022-01,MUN,MG|MONTE CARMELO,glp,17,105.0,105.0,110.0,100.0,112.5
2022-01,MUN,MG|MONTES CLAROS,glp,30,110.25,109.0,115.2,105.0,117.5
2022-01,MUN,MG|MURIAE,glp,9,102.99,100.0,106.0,100.0,110.0
2022-01,MUN,MG|OLIVEIRA,glp,5,105.0,102.0,107.0,100.0,107.0
2022-01,MUN,MG|OURO PRETO,glp,4,111.25,106.5,114.25,105.0,115.0
2022-01,MUN,MG|PARA DE MINAS,glp,4,105.0,101.5,108.5,100.0,110.0
2022-01,MUN,MG|PARACATU,glp,9,110.0,105.0,110.5,105.0,112.5
2022-01,MUN,MG|PASSOS,glp,32,110.0,105.0,115.0,100.0,115.0
2022-01,MUN,MG|PATOS DE MINAS,glp,13,115.0,110.0,115.0,105.0,120.0
2022-01,MUN,MG|PATROCINIO,glp,8,100.0,100.0,106.85,100.0,110.0
2022-01,MUN,MG|POCOS DE CALDAS,glp,15,108.0,107.696,109.96,106.0,110.0
2022-01,MUN,MG|POUSO ALEGRE,glp,9,96.0,95.0,102.0,95.0,110.0
2022-01,MUN,MG|SAO JOAO DEL REI,glp,15,105.0,99.4,105.6,94.99,107.0
2022-01,MUN,MG|SAO SEBASTIAO DO PARAISO,glp,21,95.0,90.0,110.0,89.9,110.0
2022-01,MUN,MG|SETE LAGOAS,glp,10,98.45,94.8,105.01,93.0,106.0
2022-01,MUN,MG|TEOFILO OTONI,glp,15,105.0,102.0,107.0,100.0,108.5
2022-01,MUN,MG|TIMOTEO,glp,7,112.5,110.0,115.0,110.0,115.0
2022-01,MUN,MG|TRES CORACOES,glp,9,95.0,92.8,98.4,92.0,100.0
2022-01,MUN,MG|UBA,glp,14,105.0,100.0,108.5,95.0,115.0
2022-01,MUN,MG|UBERABA,glp,29,105.0,99.4,115.0,88.99,115.0
2022-01,MUN,MG|UBERLANDIA,glp,34,105.0,100.75,110.0,95.0,115.0
2022-01,MUN,MG|UNAI,glp,9,120.0,120.0,120.0,120.0,120.0
2022-01,MUN,MG|VARGINHA,glp,17,100.0,96.8,100.0,92.0,102.5
2022-01,MUN,MG|VICOSA,glp,3,111.5,106.3,114.3,105.0,115.0
2022-01,MUN,MS|CAMPO GRANDE,glp,77,98.0,90.0,105.0,89.0,116.0
2022-01,MUN,MS|CORUMBA,glp,4,105.0,101.5,112.0,100.0,115.0
2022-01,MUN,MS|COXIM,glp,6,115.0,112.5,118.0,110.0,118.0
2022-01,MUN,MS|DOURADOS,glp,33,105.0,100.0,115.0,97.0,124.0
2022-01,MUN,MS|PONTA PORA,glp,5,95.0,95.0,98.0,95.0,98.0
2022-01,MUN,MS|TRES LAGOAS,glp,21,100.0,100.0,105.0,98.0,110.0
2022-01,MUN,MT|ALTA FLORESTA,glp,14,135.0,130.0,135.0,130.0,135.0
2022-01,MUN,MT|CACERES,glp,10,105.0,103.6,108.7,100.0,115.0
2022-01,MUN,MT|CUIABA,glp,53,125.0,115.0,125.0,110.0,130.0
2022-01,MUN,MT|RONDONOPOLIS,glp,9,125.0,118.0,131.0,110.0,135.0
2022-01,MUN,MT|SINOP,glp,22,130.0,130.0,134.5,125.0,140.0
2022-01,MUN,MT|SORRISO,glp,16,132.5,125.0,140.0,125.0,140.0
2022-01,MUN,MT|VARZEA GRANDE,glp,15,125.0,112.0,125.0,109.99,128.0
2022-01,MUN,PA|ABAETETUBA,glp,6,98.0,98.0,105.0,98.0,105.0
2022-01,MUN,PA|ALENQUER,glp,4,105.0,105.0,105.0,105.0,105.0
2022-01,MUN,PA|ALTAMIRA,glp,10,125.0,123.55,125.0,115.0,125.0
2022-01,MUN,PA|ANANINDEUA,glp,26,104.99,100.0,112.5,99.99,119.99
2022-01,MUN,PA|BELEM,glp,45,107.0,105.0,112.594,95.0,128.0
2022-01,MUN,PA|BRAGANCA,glp,7,110.0,110.0,110.8,110.0,112.0
2022-01,MUN,PA|CAMETA,glp,9,110.0,109.0,110.2,105.0,111.0
2022-01,MUN,PA|CASTANHAL,glp,15,110.0,105.0,111.2,99.99,114.0
2022-01,MUN,PA|CONCEICAO DO ARAGUAIA,glp,10,115.55,115.248,115.55,115.0,115.55
2022-01,MUN,PA|ITAITUBA,glp,12,125.0,118.2,125.0,115.0,126.5
2022-01,MUN,PA|MARABA,glp,11,120.0,110.0,121.0,110.0,122.0
2022-01,MUN,PA|PARAGOMINAS,glp,5,130.0,127.0,130.0,125.0,130.0
2022-01,MUN,PA|PARAUAPEBAS,glp,12,127.5,125.0,130.0,114.99,130.0
2022-01,MUN,PA|SANTAREM,glp,60,100.0,95.0,105.15,90.0,110.0
2022-01,MUN,PA|XINGUARA,glp,9,125.0,124.0,130.0,120.0,130.0
2022-01,MUN,PB|BAYEUX,glp,5,105.0,102.0,105.0,100.0,105.0
2022-01,MUN,PB|CABEDELO,glp,6,107.5,105.0,114.5,105.0,115.0
2022-01,MUN,PB|CAMPINA GRANDE,glp,32,105.0,98.199,110.0,90.0,110.0
2022-01,MUN,PB|JOAO PESSOA,glp,22,105.0,100.0,110.0,89.99,115.0
2022-01,MUN,PB|SOUSA,glp,5,105.0,97.0,105.0,95.0,105.0
2022-01,MUN,PE|ARARIPINA,glp,3,110.0,110.0,110.0,110.0,110.0
2022-01,MUN,PE|BELO JARDIM,glp,8,95.5,93.7,99.3,93.0,100.0
2022-01,MUN,PE|CABO DE SANTO AGOSTINHO,glp,8,92.995,89.744,95.0,87.99,95.0
2022-01,MUN,PE|CARUARU,glp,8,90.0,89.4,101.5,88.0,105.0
2022-01,MUN,PE|GARANHUNS,glp,9,80.98,79.98,90.392,79.98,92.0
2022-01,MUN,PE|GOIANA,glp,6,94.5,90.0,95.0,90.0,95.0
2022-01,MUN,PE|IGARASSU,glp,19,95.0,94.0,100.0,90.0,100.0
2022-01,MUN,PE|JABOATAO DOS GUARARAPES,glp,21,95.0,90.0,95.0,88.0,95.0
2022-01,MUN,PE|LAJEDO,glp,5,90.0,90.0,90.0,90.0,90.0
2022-01,MUN,PE|OLINDA,glp,48,92.25,89.99,100.0,85.0,120.0
2022-01,MUN,PE|PAULISTA,glp,28,95.0,90.0,98.0,89.99,110.0
2022-01,MUN,PE|PETROLINA,glp,21,100.0,98.0,100.0,88.0,100.0
2022-01,MUN,PE|RECIFE,glp,73,90.99,89.99,100.0,85.0,110.0
2022-01,MUN,PE|SANTA CRUZ DO CAPIBARIBE,glp,5,105.0,102.0,105.0,100.0,105.0
2022-01,MUN,PE|SERRA TALHADA,glp,3,110.0,106.0,110.0,105.0,110.0
2022-01,MUN,PE|VITORIA DE SANTO ANTAO,glp,10,90.0,90.0,92.5,90.0,92.5
2022-01,MUN,PI|PARNAIBA,glp,2,117.5,115.5,119.5,115.0,120.0
2022-01,MUN,PI|PIRIPIRI,glp,4,124.0,122.3,125.7,122.0,126.0
2022-01,MUN,PI|TERESINA,glp,60,105.0,105.0,110.0,99.99,120.0
2022-01,MUN,PR|APUCARANA,glp,23,109.99,99.956,110.0,99.0,115.0
2022-01,MUN,PR|ARAPONGAS,glp,20,99.995,99.9,102.1,99.9,110.0
2022-01,MUN,PR|CAMBE,glp,18,109.5,101.4,115.0,100.0,115.0
2022-01,MUN,PR|CAMPO MOURAO,glp,11,115.0,112.0,117.0,109.0,120.0
2022-01,MUN,PR|CASCAVEL,glp,19,115.0,101.6,120.0,99.0,120.0
2022-01,MUN,PR|CASTRO,glp,7,102.5,95.0,107.0,95.0,110.0
2022-01,MUN,PR|CIANORTE,glp,17,115.0,110.0,120.0,109.9,120.0
2022-01,MUN,PR|COLOMBO,glp,22,98.45,90.409,99.855,89.0,107.0
2022-01,MUN,PR|CORNELIO PROCOPIO,glp,4,120.0,120.0,120.0,120.0,120.0
2022-01,MUN,PR|CURITIBA,glp,33,99.0,96.192,100.0,89.9,105.0
2022-01,MUN,PR|FOZ DO IGUACU,glp,19,115.0,115.0,125.0,110.0,125.0
2022-01,MUN,PR|FRANCISCO BELTRAO,glp,10,113.5,107.9,120.2,98.0,122.0
2022-01,MUN,PR|GUARAPUAVA,glp,9,110.0,106.8,112.0,106.0,120.0
2022-01,MUN,PR|LONDRINA,glp,67,100.0,95.0,110.0,90.0,115.0
2022-01,MUN,PR|MARINGA,glp,45,115.0,106.2,116.8,98.0,120.0
2022-01,MUN,PR|PARANAGUA,glp,13,95.0,92.0,98.6,89.0,105.0
2022-01,MUN,PR|PARANAVAI,glp,19,110.0,104.0,115.0,84.9,115.0
2022-01,MUN,PR|PINHAIS,glp,19,99.0,93.6,100.0,89.0,102.0
2022-01,MUN,PR|PONTA GROSSA,glp,16,100.0,96.5,105.0,94.99,115.0
2022-01,MUN,PR|SANTO ANTONIO DA PLATINA,glp,7,105.0,105.0,107.4,105.0,108.0
2022-01,MUN,PR|SAO JOSE DOS PINHAIS,glp,15,99.0,91.6,101.0,89.0,109.9
2022-01,MUN,PR|TOLEDO,glp,27,98.0,89.99,110.0,88.0,116.0
2022-01,MUN,PR|UMUARAMA,glp,9,115.0,115.0,120.5,115.0,122.5
2022-01,MUN,PR|UNIAO DA VITORIA,glp,9,110.0,109.6,113.4,108.0,115.0
2022-01,MUN,RJ|ANGRA DOS REIS,glp,9,105.0,104.9,105.0,104.9,105.0
2022-01,MUN,RJ|ARARUAMA,glp,10,86.495,83.99,89.99,83.99,89.99
2022-01,MUN,RJ|BARRA MANSA,glp,8,98.0,92.627,100.8,91.99,105.0
2022-01,MUN,RJ|BELFORD ROXO,glp,13,87.99,85.198,90.0,83.99,97.0
2022-01,MUN,RJ|CAMPOS DOS GOYTACAZES,glp,23,90.0,88.0,92.8,84.99,95.0
2022-01,MUN,RJ|DUQUE DE CAXIAS,glp,31,88.0,84.99,90.0,80.0,93.0
2022-01,MUN,RJ|ITAGUAI,glp,3,103.9,96.78,103.9,95.0,103.9
2022-01,MUN,RJ|ITAPERUNA,glp,6,95.0,95.0,95.0,95.0,95.0
2022-01,MUN,RJ|NILOPOLIS,glp,7,95.0,91.5,95.0,90.0,95.0
2022-01,MUN,RJ|NITEROI,glp,10,87.248,84.9,92.299,84.0,94.99
2022-01,MUN,RJ|NOVA FRIBURGO,glp,9,111.0,111.0,112.2,111.0,113.0
2022-01,MUN,RJ|NOVA IGUACU,glp,22,92.495,86.199,100.0,84.99,100.0
2022-01,MUN,RJ|PETROPOLIS,glp,9,89.99,85.0,95.0,85.0,95.0
2022-01,MUN,RJ|RESENDE,glp,7,95.0,89.99,101.0,89.99,110.0
2022-01,MUN,RJ|RIO BONITO,glp,5,84.99,79.988,84.99,79.98,84.99
2022-01,MUN,RJ|RIO DE JANEIRO,glp,65,94.0,88.394,96.0,83.995,100.0
2022-01,MUN,RJ|SAO FRANCISCO DE ITABAPOANA,glp,2,99.0,98.2,99.8,98.0,100.0
2022-01,MUN,RJ|SAO GONCALO,glp,19,89.99,89.396,95.0,87.99,95.0
2022-01,MUN,RJ|SAO JOAO DE MERITI,glp,17,93.0,87.19,97.0,85.99,100.0
2022-01,MUN,RJ|SAQUAREMA,glp,9,84.99,79.6,90.0,78.0,94.0
2022-01,MUN,RJ|TERESOPOLIS,glp,5,100.0,98.76,106.2,98.0,107.0
2022-01,MUN,RJ|VALENCA,glp,7,90.0,88.6,94.4,88.0,95.0
2022-01,MUN,RJ|VOLTA REDONDA,glp,9,96.9,94.9,99.12,94.9,100.0
2022-01,MUN,RN|CAICO,glp,4,115.0,104.5,115.0,100.0,115.0
2022-01,MUN,RN|MOSSORO,glp,7,105.0,103.0,110.0,100.0,110.0
2022-01,MUN,RN|NATAL,glp,22,110.0,100.5,115.0,96.0,120.0
2022-01,MUN,RN|PARNAMIRIM,glp,22,110.0,105.2,110.0,99.99,113.0
2022-01,MUN,RO|CACOAL,glp,7,125.0,124.6,132.0,124.0,135.0
2022-01,MUN,RO|PIMENTA BUENO,glp,4,129.0,129.0,129.7,129.0,130.0
2022-01,MUN,RO|PORTO VELHO,glp,35,113.0,105.8,120.0,100.0,120.0
2022-01,MUN,RO|VILHENA,glp,8,130.0,127.7,130.0,127.0,130.0
2022-01,MUN,RR|BOA VISTA,glp,87,111.0,108.0,115.0,99.0,118.0
2022-01,MUN,RS|ALEGRETE,glp,9,103.0,100.8,105.58,100.0,107.9
2022-01,MUN,RS|ALVORADA,glp,7,95.0,87.394,99.4,85.0,103.0
2022-01,MUN,RS|BAGE,glp,24,105.0,99.65,105.0,98.0,111.0
2022-01,MUN,RS|BENTO GONCALVES,glp,4,106.0,96.5,116.2,95.0,118.0
2022-01,MUN,RS|CACHOEIRA DO SUL,glp,7,99.0,96.8,103.4,95.0,110.0
2022-01,MUN,RS|CACHOEIRINHA,glp,6,102.0,94.45,107.25,93.0,109.0
2022-01,MUN,RS|CANOAS,glp,14,98.0,94.0,100.0,89.5,102.0
2022-01,MUN,RS|CAXIAS DO SUL,glp,56,105.0,95.0,110.9,90.0,119.9
2022-01,MUN,RS|CRUZ ALTA,glp,2,94.0,94.0,94.0,94.0,94.0
2022-01,MUN,RS|ERECHIM,glp,21,115.0,110.0,120.0,105.0,126.0
2022-01,MUN,RS|ESTEIO,glp,11,98.0,95.0,104.5,94.0,110.0
2022-01,MUN,RS|GRAVATAI,glp,8,96.0,95.093,99.0,93.0,99.0
2022-01,MUN,RS|GUAIBA,glp,5,100.0,96.54,103.0,94.9,105.0
2022-01,MUN,RS|IJUI,glp,13,115.0,106.0,115.0,99.9,120.0
2022-01,MUN,RS|LAJEADO,glp,7,105.0,94.0,110.8,85.0,115.0
2022-01,MUN,RS|NOVO HAMBURGO,glp,12,96.75,95.0,98.0,93.0,99.0
2022-01,MUN,RS|OSORIO,glp,6,100.0,95.0,111.5,90.0,115.0
2022-01,MUN,RS|PASSO FUNDO,glp,26,105.0,103.0,105.0,100.0,110.0
2022-01,MUN,RS|PELOTAS,glp,47,98.0,96.0,105.0,94.0,119.9
2022-01,MUN,RS|PORTO ALEGRE,glp,33,104.9,99.0,110.0,95.0,115.0
2022-01,MUN,RS|RIO GRANDE,glp,13,98.0,97.1,99.0,97.0,99.495
2022-01,MUN,RS|SANTA CRUZ DO SUL,glp,18,95.0,88.0,105.0,85.0,107.0
2022-01,MUN,RS|SANTA MARIA,glp,35,105.0,99.997,110.0,98.0,119.0
2022-01,MUN,RS|SANTA ROSA,glp,9,104.0,99.6,106.0,98.0,110.0
2022-01,MUN,RS|SANTO ANGELO,glp,3,119.0,119.0,121.0,119.0,121.5
2022-01,MUN,RS|SAO GABRIEL,glp,11,100.0,100.0,103.0,100.0,118.0
2022-01,MUN,RS|SAO LEOPOLDO,glp,10,96.5,91.999,99.1,91.99,100.0
2022-01,MUN,RS|SAO LUIZ GONZAGA,glp,7,104.5,99.99,105.0,99.99,105.0
2022-01,MUN,RS|SAPIRANGA,glp,10,105.0,99.0,106.9,99.0,115.0
2022-01,MUN,RS|SAPUCAIA DO SUL,glp,19,97.0,93.6,103.0,90.0,105.0
2022-01,MUN,RS|TORRES,glp,5,99.9,95.36,109.992,95.0,110.0
2022-01,MUN,RS|URUGUAIANA,glp,4,115.5,101.8,118.0,97.0,118.0
2022-01,MUN,RS|VACARIA,glp,9,100.0,99.0,108.0,99.0,108.0
2022-01,MUN,RS|VIAMAO,glp,14,99.998,95.9,105.0,95.0,110.0
2022-01,MUN,SC|ARARANGUA,glp,4,99.995,99.983,100.0,99.98,100.0
2022-01,MUN,SC|BIGUACU,glp,2,110.0,110.0,110.0,110.0,110.0
2022-01,MUN,SC|BLUMENAU,glp,14,120.0,120.0,120.0,120.0,120.0
2022-01,MUN,SC|BRUSQUE,glp,6,115.0,115.0,115.5,115.0,116.0
2022-01,MUN,SC|CACADOR,glp,7,115.0,108.0,132.0,105.0,135.0
2022-01,MUN,SC|CHAPECO,glp,4,120.0,116.5,120.0,115.0,120.0
2022-01,MUN,SC|CONCORDIA,glp,4,103.5,100.6,105.0,100.0,105.0
2022-01,MUN,SC|CRICIUMA,glp,3,105.0,101.0,105.0,100.0,105.0
2022-01,MUN,SC|FLORIANOPOLIS,glp,5,110.0,109.394,116.54,108.99,118.5
2022-01,MUN,SC|ITAJAI,glp,2,112.5,110.5,114.5,110.0,115.0
2022-01,MUN,SC|JOINVILLE,glp,7,108.0,108.0,112.0,108.0,115.0
2022-01,MUN,SC|LAGES,glp,22,105.0,105.0,110.0,105.0,115.0
2022-01,MUN,SC|LAGUNA,glp,8,95.99,95.99,98.6,95.99,100.0
2022-01,MUN,SC|MAFRA,glp,8,105.0,105.0,105.75,105.0,107.5
2022-01,MUN,SC|PALHOCA,glp,3,113.0,113.0,113.792,113.0,113.99
2022-01,MUN,SC|SAO JOSE,glp,1,114.0,114.0,114.0,114.0,114.0
2022-01,MUN,SC|TUBARAO,glp,1,105.0,105.0,105.0,105.0,105.0
2022-01,MUN,SC|VIDEIRA,glp,7,112.0,108.4,123.2,106.0,128.0
2022-01,MUN,SC|XANXERE,glp,4,106.25,99.35,110.0,98.0,110.0
2022-01,MUN,SE|ARACAJU,glp,25,98.0,91.898,99.9,89.99,100.0
2022-01,MUN,SE|ITABAIANA,glp,4,97.5,94.3,100.0,94.0,100.0
2022-01,MUN,SE|NOSSA SENHORA DAS DORES,glp,1,93.0,93.0,93.0,93.0,93.0
2022-01,MUN,SE|NOSSA SENHORA DO SOCORRO,glp,8,91.0,91.0,98.57,91.0,99.9
2022-01,MUN,SP|ADAMANTINA,glp,4,106.0,101.5,109.1,100.0,110.0
2022-01,MUN,SP|AMERICANA,glp,20,98.995,94.99,102.3,94.99,110.0
2022-01,MUN,SP|AMPARO,glp,7,105.0,99.996,110.4,99.99,111.0
2022-01,MUN,SP|ARACATUBA,glp,33,100.0,99.99,105.0,98.995,105.0
2022-01,MUN,SP|ARARAQUARA,glp,13,105.0,105.0,118.0,99.99,118.0
2022-01,MUN,SP|ARARAS,glp,7,99.9,99.536,105.154,98.99,106.9
2022-01,MUN,SP|ASSIS,glp,8,99.9,94.7,101.048,94.0,103.495
2022-01,MUN,SP|ATIBAIA,glp,20,105.0,99.99,110.0,93.99,112.0
2022-01,MUN,SP|AVARE,glp,8,102.495,97.797,105.0,94.99,105.0
2022-01,MUN,SP|BARRETOS,glp,8,107.5,100.0,115.9,100.0,118.0
2022-01,MUN,SP|BARUERI,glp,32,99.99,96.0,110.0,89.0,115.0
2022-01,MUN,SP|BAURU,glp,20,99.995,90.0,105.3,89.99,108.0
2022-01,MUN,SP|BEBEDOURO,glp,14,106.75,101.2,110.0,95.0,110.0
2022-01,MUN,SP|BIRIGUI,glp,28,102.5,99.997,110.0,94.9,110.0
2022-01,MUN,SP|BOTUCATU,glp,17,95.0,94.996,95.0,94.95,96.95
2022-01,MUN,SP|BRAGANCA PAULISTA,glp,14,104.99,104.9,108.0,97.0,109.495
2022-01,MUN,SP|CACAPAVA,glp,5,99.99,89.99,111.2,89.99,112.0
2022-01,MUN,SP|CAMPINAS,glp,27,99.99,97.99,99.994,94.99,110.0
2022-01,MUN,SP|CARAGUATATUBA,glp,7,95.0,90.396,100.8,87.99,105.0
2022-01,MUN,SP|CARAPICUIBA,glp,12,99.99,94.991,104.99,94.99,113.0
2022-01,MUN,SP|CATANDUVA,glp,11,96.0,93.0,109.0,92.99,110.0
2022-01,MUN,SP|COSMOPOLIS,glp,5,84.99,84.99,90.997,84.99,94.995
2022-01,MUN,SP|COTIA,glp,8,108.0,103.49,121.13,99.99,126.1
2022-01,MUN,SP|CRUZEIRO,glp,9,89.99,85.79,95.0,84.99,95.0
2022-01,MUN,SP|CUBATAO,glp,5,110.0,104.6,118.0,103.0,120.0
2022-01,MUN,SP|DIADEMA,glp,33,110.0,100.598,116.396,97.49,116.75
2022-01,MUN,SP|DRACENA,glp,4,110.0,106.5,110.0,105.0,110.0
2022-01,MUN,SP|EMBU DAS ARTES,glp,5,104.0,99.99,116.096,99.99,123.5
2022-01,MUN,SP|FRANCA,glp,34,100.0,95.0,109.03,94.99,115.0
2022-01,MUN,SP|GARCA,glp,5,100.0,96.394,102.4,95.99,104.0
2022-01,MUN,SP|GUARATINGUETA,glp,13,95.0,92.198,98.8,90.0,103.0
2022-01,MUN,SP|GUARUJA,glp,7,95.0,92.996,100.99,89.99,102.49
2022-01,MUN,SP|GUARULHOS,glp,19,99.99,94.99,105.0,89.99,105.0
2022-01,MUN,SP|HORTOLANDIA,glp,8,101.495,94.99,106.5,94.99,110.0
2022-01,MUN,SP|IBITINGA,glp,5,110.0,104.0,110.0,100.0,110.0
2022-01,MUN,SP|INDAIATUBA,glp,19,105.0,96.8,110.0,95.0,110.0
2022-01,MUN,SP|ITANHAEM,glp,3,107.0,107.0,109.4,107.0,110.0
2022-01,MUN,SP|ITAPECERICA DA SERRA,glp,6,99.99,99.99,102.5,99.99,105.0
2022-01,MUN,SP|ITAPETININGA,glp,11,103.99,100.0,110.0,100.0,110.0
2022-01,MUN,SP|ITAPEVA,glp,4,114.5,114.0,115.35,114.0,115.5
2022-01,MUN,SP|ITAPIRA,glp,3,100.0,99.192,106.4,98.99,108.0
2022-01,MUN,SP|ITAPOLIS,glp,8,110.0,105.5,110.0,95.0,110.0
2022-01,MUN,SP|ITAQUAQUECETUBA,glp,12,89.99,89.99,94.491,89.99,94.99
2022-01,MUN,SP|ITATIBA,glp,8,102.9,100.7,105.8,100.0,110.0
2022-01,MUN,SP|ITU,glp,12,101.0,97.91,107.25,94.99,110.0
2022-01,MUN,SP|JABOTICABAL,glp,4,96.7,95.143,99.37,94.99,100.0
2022-01,MUN,SP|JACAREI,glp,9,100.0,89.598,106.9,87.99,106.9
2022-01,MUN,SP|JALES,glp,12,94.945,89.91,94.999,89.0,95.0
2022-01,MUN,SP|JAU,glp,12,107.0,105.0,109.0,105.0,113.5
2022-01,MUN,SP|JOSE BONIFACIO,glp,7,107.5,100.0,110.0,100.0,110.0
2022-01,MUN,SP|JUNDIAI,glp,17,100.0,99.99,110.8,98.0,112.495
2022-01,MUN,SP|LEME,glp,10,105.0,104.9,106.7,104.0,113.0
2022-01,MUN,SP|LIMEIRA,glp,16,99.995,95.0,100.0,95.0,100.0
2022-01,MUN,SP|LINS,glp,9,110.0,99.972,110.0,99.9,110.0
2022-01,MUN,SP|LORENA,glp,13,92.0,84.992,96.98,84.99,99.9
2022-01,MUN,SP|MARILIA,glp,19,112.0,109.0,116.0,100.0,120.0
2022-01,MUN,SP|MATAO,glp,7,89.99,89.594,118.0,89.0,130.0
2022-01,MUN,SP|MAUA,glp,43,104.995,98.0,111.0,94.99,117.0
2022-01,MUN,SP|MIRASSOL,glp,13,100.0,100.0,110.0,96.0,110.0
2022-01,MUN,SP|MOCOCA,glp,5,105.0,101.6,105.0,100.0,105.0
2022-01,MUN,SP|MOGI DAS CRUZES,glp,29,99.5,89.998,105.0,89.99,110.0
2022-01,MUN,SP|MOGI GUACU,glp,11,98.0,95.0,100.0,95.0,100.0
2022-01,MUN,SP|MOGI MIRIM,glp,9,96.99,94.998,97.6,94.99,100.0
2022-01,MUN,SP|MONTE ALTO,glp,8,100.0,98.7,106.6,98.0,115.0
2022-01,MUN,SP|OLIMPIA,glp,6,90.0,90.0,94.5,90.0,99.0
2022-01,MUN,SP|OSASCO,glp,22,100.0,99.99,109.741,95.0,110.0
2022-01,MUN,SP|OURINHOS,glp,21,102.0,100.0,105.0,98.0,105.0
2022-01,MUN,SP|PARAGUACU PAULISTA,glp,11,103.0,99.9,108.0,95.0,110.0
2022-01,MUN,SP|PAULINIA,glp,10,97.995,94.99,98.099,94.99,98.99
2022-01,MUN,SP|PINDAMONHANGABA,glp,6,100.0,100.0,102.0,100.0,104.0
2022-01,MUN,SP|PIRACICABA,glp,16,99.99,95.0,105.0,94.99,110.0
2022-01,MUN,SP|PIRASSUNUNGA,glp,2,89.95,89.91,89.99,89.9,90.0
2022-01,MUN,SP|POA,glp,7,99.99,92.99,102.4,92.99,103.0
2022-01,MUN,SP|PORTO FERREIRA,glp,2,102.45,96.49,108.41,95.0,109.9
2022-01,MUN,SP|PRAIA GRANDE,glp,15,103.0,102.99,105.8,99.9,110.0
2022-01,MUN,SP|PRESIDENTE PRUDENTE,glp,15,98.0,91.196,106.8,89.99,109.0
2022-01,MUN,SP|PRESIDENTE VENCESLAU,glp,5,108.0,105.0,113.936,105.0,114.9
2022-01,MUN,SP|RIBEIRAO PIRES,glp,18,99.95,94.963,110.0,94.9,110.0
2022-01,MUN,SP|RIBEIRAO PRETO,glp,28,105.0,99.9,110.9,89.0,115.0
2022-01,MUN,SP|RIO CLARO,glp,5,100.0,99.994,100.0,99.99,100.0
2022-01,MUN,SP|SALTO,glp,20,95.0,94.981,102.2,91.99,104.0
2022-01,MUN,SP|SANTA BARBARA D'OESTE,glp,13,95.0,94.99,95.0,89.99,100.0
2022-01,MUN,SP|SANTA CRUZ DO RIO PARDO,glp,15,110.0,100.0,110.0,99.9,114.0
2022-01,MUN,SP|SANTA FE DO SUL,glp,1,100.0,100.0,100.0,100.0,100.0
2022-01,MUN,SP|SANTO ANDRE,glp,45,100.0,95.0,107.0,94.99,109.99
2022-01,MUN,SP|SANTOS,glp,18,108.0,96.997,120.0,95.0,120.0
2022-01,MUN,SP|SAO BERNARDO DO CAMPO,glp,50,104.99,98.891,115.4,94.99,129.99
2022-01,MUN,SP|SAO CAETANO DO SUL,glp,6,105.0,100.0,105.0,100.0,105.0
2022-01,MUN,SP|SAO CARLOS,glp,13,107.0,100.094,115.0,99.9,115.0
2022-01,MUN,SP|SAO JOAO DA BOA VISTA,glp,11,95.0,95.0,105.0,95.0,105.0
2022-01,MUN,SP|SAO JOSE DO RIO PRETO,glp,20,99.99,89.791,111.0,88.0,120.0
2022-01,MUN,SP|SAO JOSE DOS CAMPOS,glp,18,100.75,88.493,105.897,79.98,109.99
2022-01,MUN,SP|SAO PAULO,glp,69,99.99,93.0,110.98,88.99,118.99
2022-01,MUN,SP|SAO ROQUE,glp,8,100.0,93.49,103.25,89.99,105.0
2022-01,MUN,SP|SAO VICENTE,glp,17,98.0,94.99,101.994,94.99,105.99
2022-01,MUN,SP|SERTAOZINHO,glp,17,105.0,100.0,108.5,100.0,114.5
2022-01,MUN,SP|SOROCABA,glp,32,100.0,98.1,107.941,95.0,110.0
2022-01,MUN,SP|SUMARE,glp,10,99.99,94.99,100.4,94.99,104.0
2022-01,MUN,SP|SUZANO,glp,14,97.0,92.99,106.693,91.49,107.0
2022-01,MUN,SP|TABOAO DA SERRA,glp,6,99.99,97.49,104.445,94.99,105.99
2022-01,MUN,SP|TATUI,glp,9,110.0,108.79,111.0,103.99,115.0
2022-01,MUN,SP|TAUBATE,glp,10,96.5,92.2,98.5,85.0,103.0
2022-01,MUN,SP|TUPA,glp,11,100.0,95.0,110.0,95.0,110.0
2022-01,MUN,SP|UBATUBA,glp,11,100.0,95.0,107.0,93.0,112.0
2022-01,MUN,SP|VALINHOS,glp,8,96.24,92.99,99.276,92.99,99.945
2022-01,MUN,SP|VARZEA PAULISTA,glp,11,99.995,95.0,107.99,95.0,110.0
2022-01,MUN,SP|VINHEDO,glp,4,102.0,99.9,104.03,99.0,104.9
2022-01,MUN,SP|VOTORANTIM,glp,19,100.0,89.99,108.0,89.99,110.0
2022-01,MUN,SP|VOTUPORANGA,glp,10,99.0,98.26,108.1,92.495,109.0
2022-01,MUN,TO|ARAGUAINA,glp,23,115.0,112.5,115.0,110.0,120.0
2022-01,MUN,TO|GURUPI,glp,36,115.0,113.5,115.0,94.99,120.0
2022-01,MUN,TO|PALMAS,glp,37,110.0,110.0,115.0,105.0,120.0
2022-01,MUN,TO|PORTO NACIONAL,glp,13,110.0,110.0,120.0,110.0,120.0
2022-01,UF,AC,glp,49,115.0,112.0,120.4,110.0,130.0
2022-01,UF,AL,glp,28,100.0,95.0,105.0,86.99,105.0
2022-01,UF,AM,glp,61,107.0,100.0,115.0,97.0,125.0
2022-01,UF,AP,glp,17,116.0,114.0,120.0,109.0,121.0
2022-01,UF,BA,glp,354,94.99,86.993,100.0,80.0,115.0
2022-01,UF,CE,glp,130,104.0,98.0,110.0,93.0,115.0
2022-01,UF,DF,glp,50,98.0,94.99,99.99,92.49,114.0
2022-01,UF,ES,glp,122,96.495,89.991,105.0,84.99,110.0
2022-01,UF,GO,glp,282,109.75,95.0,115.0,89.99,130.0
2022-01,UF,MA,glp,63,104.99,100.0,104.99,97.5,114.0
2022-01,UF,MG,glp,671,105.0,97.0,115.0,88.99,125.0
2022-01,UF,MS,glp,146,100.0,92.995,110.0,89.0,124.0
2022-01,UF,MT,glp,139,125.0,114.0,135.0,100.0,140.0
2022-01,UF,PA,glp,241,109.0,99.99,125.0,90.0,130.0
2022-01,UF,PB,glp,70,105.0,99.791,110.0,89.99,115.0
2022-01,UF,PE,glp,275,94.0,89.99,100.0,79.98,120.0
2022-01,UF,PI,glp,66,107.5,105.0,112.5,99.99,126.0
2022-01,UF,PR,glp,458,105.0,95.0,115.0,84.9,125.0
2022-01,UF,RJ,glp,305,90.0,85.99,100.0,78.0,113.0
2022-01,UF,RN,glp,55,110.0,100.0,115.0,96.0,120.0
2022-01,UF,RO,glp,54,119.0,108.6,130.0,100.0,135.0
2022-01,UF,RR,glp,87,111.0,108.0,115.0,99.0,118.0
2022-01,UF,RS,glp,485,102.0,95.0,111.0,85.0,126.0
2022-01,UF,SC,glp,112,110.0,100.0,120.0,95.99,135.0
2022-01,UF,SE,glp,38,96.0,91.0,99.9,89.99,100.0
2022-01,UF,SP,glp,1499,100.0,94.99,110.0,79.98,130.0
2022-01,UF,TO,glp,109,115.0,110.0,115.0,94.99,120.0
2022-02,BR,BR,glp,6034,102.995,92.0,115.0,78.0,140.0
2022-02,MUN,AC|CRUZEIRO DO SUL,glp,5,120.0,120.0,120.0,120.0,120.0
2022-02,MUN,AC|RIO BRANCO,glp,39,115.0,112.0,124.2,110.0,130.0
2022-02,MUN,AL|ARAPIRACA,glp,10,99.0,94.89,100.0,93.9,100.0
2022-02,MUN,AL|DELMIRO GOUVEIA,glp,2,102.5,100.5,104.5,100.0,105.0
2022-02,MUN,AL|MACEIO,glp,11,100.0,95.0,100.0,86.99,103.0
2022-02,MUN,AL|PALMEIRA DOS INDIOS,glp,4,105.0,105.0,105.0,105.0,105.0
2022-02,MUN,AM|ITACOATIARA,glp,10,114.0,111.8,115.0,110.0,115.0
2022-02,MUN,AM|MANACAPURU,glp,5,111.0,111.0,115.0,111.0,115.0
2022-02,MUN,AM|MANAUS,glp,45,105.0,100.0,109.6,97.0,115.0
2022-02,MUN,AM|PARINTINS,glp,4,120.0,120.0,123.5,120.0,125.0
2022-02,MUN,AM|TEFE,glp,5,124.0,124.0,125.0,124.0,125.0
2022-02,MUN,AP|MACAPA,glp,14,116.0,114.3,120.0,111.5,121.0
2022-02,MUN,BA|BARREIRAS,glp,5,120.0,116.0,120.0,115.0,120.0
2022-02,MUN,BA|CAETITE,glp,7,92.5,90.0,93.4,90.0,94.0
2022-02,MUN,BA|CAMACARI,glp,32,100.0,95.3,104.7,88.0,105.0
2022-02,MUN,BA|EUNAPOLIS,glp,14,93.995,90.3,98.5,90.0,100.0
2022-02,MUN,BA|FEIRA DE SANTANA,glp,10,88.0,88.0,97.5,88.0,102.0
2022-02,MUN,BA|GUANAMBI,glp,15,110.0,100.0,110.0,100.0,110.0
2022-02,MUN,BA|ILHEUS,glp,6,109.0,106.0,112.5,105.0,115.0
2022-02,MUN,BA|IRECE,glp,3,97.0,97.0,97.0,97.0,97.0
2022-02,MUN,BA|ITABUNA,glp,9,103.0,93.8,106.0,89.0,110.0
2022-02,MUN,BA|JEQUIE,glp,6,90.0,88.25,93.5,88.0,95.0
2022-02,MUN,BA|JUAZEIRO,glp,7,100.0,96.0,100.0,93.0,100.0
2022-02,MUN,BA|LAURO DE FREITAS,glp,34,98.5,89.297,105.0,85.99,110.0
2022-02,MUN,BA|PAULO AFONSO,glp,3,94.0,88.4,97.2,87.0,98.0
2022-02,MUN,BA|POCOES,glp,2,90.0,88.4,91.6,88.0,92.0
2022-02,MUN,BA|SALVADOR,glp,151,99.99,90.0,104.0,85.0,107.0
2022-02,MUN,BA|SIMOES FILHO,glp,14,95.0,87.2,104.242,86.0,109.0
2022-02,MUN,BA|VALENCA,glp,4,107.5,101.5,110.0,100.0,110.0
2022-02,MUN,BA|VITORIA DA CONQUISTA,glp,4,96.495,94.99,101.146,94.99,102.495
2022-02,MUN,CE|AQUIRAZ,glp,1,100.0,100.0,100.0,100.0,100.0
2022-02,MUN,CE|CAUCAIA,glp,16,105.0,95.0,106.5,95.0,115.0
2022-02,MUN,CE|CRATO,glp,17,100.0,99.99,105.0,95.0,110.0
2022-02,MUN,CE|FORTALEZA,glp,55,105.0,98.8,110.0,93.0,115.0
2022-02,MUN,CE|IGUATU,glp,3,107.0,107.0,107.8,107.0,108.0
2022-02,MUN,CE|ITAPIPOCA,glp,8,103.75,100.0,105.6,100.0,107.0
2022-02,MUN,CE|JUAZEIRO DO NORTE,glp,13,100.0,99.198,104.4,98.0,105.0
2022-02,MUN,CE|LIMOEIRO DO NORTE,glp,4,110.0,110.0,110.0,110.0,110.0
2022-02,MUN,CE|MARACANAU,glp,9,104.0,98.992,106.0,95.0,110.0
2022-02,MUN,CE|QUIXADA,glp,2,102.5,100.5,104.5,100.0,105.0
2022-02,MUN,CE|SOBRAL,glp,5,106.0,100.0,110.0,100.0,110.0
2022-02,MUN,DF|BRASILIA,glp,50,98.248,94.99,99.99,89.99,106.995
2022-02,MUN,ES|ARACRUZ,glp,6,96.0,92.5,103.0,92.0,103.0
2022-02,MUN,ES|CACHOEIRO DE ITAPEMIRIM,glp,20,98.0,89.981,100.194,87.0,105.0
2022-02,MUN,ES|CARIACICA,glp,23,90.0,85.0,95.592,84.99,105.0
2022-02,MUN,ES|COLATINA,glp,9,98.0,90.0,98.6,90.0,99.0
2022-02,MUN,ES|GUARAPARI,glp,8,94.995,92.097,100.0,89.99,100.0
2022-02,MUN,ES|LINHARES,glp,16,100.0,100.0,105.0,98.0,105.0
2022-02,MUN,ES|SAO MATEUS,glp,9,94.99,82.99,95.998,82.99,99.99
2022-02,MUN,ES|SERRA,glp,30,105.0,91.79,105.0,85.0,105.0
2022-02,MUN,ES|VILA VELHA,glp,12,95.0,87.499,95.0,85.0,97.0
2022-02,MUN,ES|VITORIA,glp,6,107.5,100.0,110.0,95.0,110.0
2022-02,MUN,GO|AGUAS LINDAS DE GOIAS,glp,23,95.0,90.29,101.4,89.99,105.0
2022-02,MUN,GO|ANAPOLIS,glp,26,110.0,105.0,110.0,97.0,115.0
2022-02,MUN,GO|APARECIDA DE GOIANIA,glp,20,109.75,104.5,114.91,99.99,115.0
2022-02,MUN,GO|CALDAS NOVAS,glp,5,115.0,115.0,115.0,115.0,115.0
2022-02,MUN,GO|CATALAO,glp,8,105.0,103.5,105.9,100.0,108.0
2022-02,MUN,GO|FORMOSA,glp,15,100.0,92.794,106.8,90.0,108.0
2022-02,MUN,GO|GOIANIA,glp,41,115.0,110.0,115.0,99.99,115.0
2022-02,MUN,GO|GOIATUBA,glp,6,107.5,100.0,110.0,95.0,110.0
2022-02,MUN,GO|ITUMBIARA,glp,14,110.0,107.3,115.0,105.0,120.0
2022-02,MUN,GO|JATAI,glp,15,130.0,125.0,130.0,125.0,130.0
2022-02,MUN,GO|LUZIANIA,glp,11,99.99,97.99,100.0,92.99,101.0
2022-02,MUN,GO|MINEIROS,glp,6,115.0,115.0,115.0,115.0,115.0
2022-02,MUN,GO|MORRINHOS,glp,7,110.0,104.194,110.0,103.0,110.0
2022-02,MUN,GO|PORANGATU,glp,15,108.0,105.0,110.0,102.5,110.0
2022-02,MUN,GO|RIO VERDE,glp,21,115.0,110.0,120.0,110.0,120.0
2022-02,MUN,GO|TRINDADE,glp,54,100.0,100.0,105.0,95.0,110.0
2022-02,MUN,GO|VALPARAISO DE GOIAS,glp,18,99.99,94.997,101.5,94.99,110.0
2022-02,MUN,MA|BALSAS,glp,5,115.0,115.0,115.0,115.0,115.0
2022-02,MUN,MA|BARRA DO CORDA,glp,6,105.0,102.5,105.0,100.0,105.0
2022-02,MUN,MA|IMPERATRIZ,glp,27,100.0,100.0,100.0,95.0,100.0
2022-02,MUN,MA|PINHEIRO,glp,3,110.0,110.0,110.0,110.0,110.0
2022-02,MUN,MA|SANTA INES,glp,7,114.0,114.0,114.0,114.0,114.0
2022-02,MUN,MA|SAO JOSE DE RIBAMAR,glp,11,104.99,104.99,104.99,104.99,104.99
2022-02,MUN,MA|SAO LUIS,glp,20,104.99,104.99,104.99,104.99,109.995
2022-02,MUN,MG|ALFENAS,glp,12,100.0,100.0,104.75,100.0,105.0
2022-02,MUN,MG|ARAGUARI,glp,7,105.0,99.6,106.5,99.0,108.0
2022-02,MUN,MG|ARAXA,glp,10,105.0,104.8,105.5,103.0,110.0
2022-02,MUN,MG|BARBACENA,glp,16,100.0,94.995,102.5,94.9,105.0
2022-02,MUN,MG|BELO HORIZONTE,glp,29,105.0,95.998,115.0,94.99,120.0
2022-02,MUN,MG|BETIM,glp,34,109.5,104.3,114.25,97.0,120.0
2022-02,MUN,MG|BOM DESPACHO,glp,5,110.0,101.0,110.0,95.0,110.0
2022-02,MUN,MG|CAMPO BELO,glp,8,101.25,100.0,105.0,100.0,105.0
2022-02,MUN,MG|CONSELHEIRO LAFAIETE,glp,14,96.5,95.0,102.8,94.99,112.0
2022-02,MUN,MG|CONTAGEM,glp,37,106.5,98.794,112.0,95.0,115.0
2022-02,MUN,MG|CORONEL FABRICIANO,glp,7,110.0,107.4,110.8,105.0,112.0
2022-02,MUN,MG|DIVINOPOLIS,glp,1,94.99,94.99,94.99,94.99,94.99
2022-02,MUN,MG|FORMIGA,glp,12,105.0,105.0,108.0,105.0,108.0
2022-02,MUN,MG|FRUTAL,glp,7,101.0,100.0,101.0,100.0,101.0
2022-02,MUN,MG|GOVERNADOR VALADARES,glp,8,115.0,109.25,120.0,107.5,120.0
2022-02,MUN,MG|GUAXUPE,glp,4,95.5,90.9,102.9,90.0,105.0
2022-02,MUN,MG|IPATINGA,glp,19,107.0,100.0,115.0,94.0,115.0
2022-02,MUN,MG|ITABIRA,glp,3,115.0,107.0,119.0,105.0,120.0
2022-02,MUN,MG|ITAJUBA,glp,12,104.0,98.0,109.5,98.0,110.0
2022-02,MUN,MG|ITAUNA,glp,11,100.0,99.0,108.0,95.99,108.0
2022-02,MUN,MG|ITUIUTABA,glp,14,104.5,99.3,108.0,95.0,110.0
2022-02,MUN,MG|JANUARIA,glp,15,120.0,120.0,124.2,115.0,125.0
2022-02,MUN,MG|JOAO MONLEVADE,glp,9,102.5,100.0,104.2,100.0,105.0
2022-02,MUN,MG|JOAO PINHEIRO,glp,10,118.0,114.99,118.2,114.9,120.0
2022-02,MUN,MG|JUIZ DE FORA,glp,23,99.99,89.99,105.0,89.0,110.0
2022-02,MUN,MG|LAVRAS,glp,11,98.0,95.0,99.0,95.0,112.0
2022-02,MUN,MG|MANHUACU,glp,6,102.5,99.95,107.5,99.9,110.0
2022-02,MUN,MG|MONTE CARMELO,glp,15,110.0,105.0,111.5,105.0,115.0
2022-02,MUN,MG|MONTES CLAROS,glp,36,110.0,109.0,115.25,105.0,117.5
2022-02,MUN,MG|MURIAE,glp,9,103.0,100.0,106.0,100.0,110.0
2022-02,MUN,MG|OLIVEIRA,glp,4,106.0,101.5,107.0,100.0,107.0
2022-02,MUN,MG|OURO PRETO,glp,4,110.0,106.5,113.5,105.0,115.0
2022-02,MUN,MG|PARA DE MINAS,glp,3,105.0,101.0,105.0,100.0,105.0
2022-02,MUN,MG|PARACATU,glp,10,110.0,105.0,110.0,105.0,110.0
2022-02,MUN,MG|PASSOS,glp,32,110.0,102.75,112.5,100.0,115.0
2022-02,MUN,MG|PATOS DE MINAS,glp,21,115.0,110.0,115.0,105.0,120.0
2022-02,MUN,MG|PATROCINIO,glp,8,100.0,100.0,108.0,100.0,115.0
2022-02,MUN,MG|POCOS DE CALDAS,glp,16,108.0,107.99,109.972,105.0,110.0
2022-02,MUN,MG|POUSO ALEGRE,glp,14,95.0,93.593,100.0,90.0,100.0
2022-02,MUN,MG|SAO JOAO DEL REI,glp,15,105.0,97.394,105.6,94.99,107.0
2022-02,MUN,MG|SAO SEBASTIAO DO PARAISO,glp,20,95.0,90.0,108.65,90.0,110.0
2022-02,MUN,MG|SETE LAGOAS,glp,10,98.45,94.8,105.01,93.0,106.0
2022-02,MUN,MG|TEOFILO OTONI,glp,15,104.0,100.0,105.0,100.0,106.0
2022-02,MUN,MG|TIMOTEO,glp,10,115.0,104.5,115.0,100.0,115.0
2022-02,MUN,MG|TRES CORACOES,glp,9,95.0,93.0,98.4,93.0,100.0
2022-02,MUN,MG|UBA,glp,14,105.0,100.0,108.5,95.0,115.0
2022-02,MUN,MG|UBERABA,glp,20,107.5,100.0,112.75,97.0,115.0
2022-02,MUN,MG|UBERLANDIA,glp,30,105.0,100.0,110.0,95.0,112.0
2022-02,MUN,MG|UNAI,glp,9,120.0,120.0,120.0,120.0,120.0
2022-02,MUN,MG|VARGINHA,glp,19,100.0,98.0,100.0,92.0,105.0
2022-02,MUN,MG|VICOSA,glp,3,113.0,106.6,114.6,105.0,115.0
2022-02,MUN,MS|CAMPO GRANDE,glp,50,95.995,90.0,100.0,89.0,105.0
2022-02,MUN,MS|CORUMBA,glp,5,105.0,102.0,113.0,100.0,115.0
2022-02,MUN,MS|COXIM,glp,6,117.5,115.0,120.0,115.0,120.0
2022-02,MUN,MS|DOURADOS,glp,34,105.0,100.0,115.0,97.0,124.0
2022-02,MUN,MS|NOVA ANDRADINA,glp,13,100.0,95.0,107.4,95.0,110.0
2022-02,MUN,MS|PONTA PORA,glp,5,96.0,95.0,98.0,95.0,98.0
2022-02,MUN,MS|TRES LAGOAS,glp,19,102.5,99.6,106.0,95.0,115.0
2022-02,MUN,MT|ALTA FLORESTA,glp,11,135.0,130.0,135.0,130.0,135.0
2022-02,MUN,MT|CACERES,glp,10,105.0,104.8,115.0,103.0,115.0
2022-02,MUN,MT|CUIABA,glp,52,125.0,115.0,125.0,107.5,130.0
2022-02,MUN,MT|RONDONOPOLIS,glp,18,125.0,120.0,130.0,117.5,135.0
2022-02,MUN,MT|SINOP,glp,23,130.0,130.0,135.0,125.0,140.0
2022-02,MUN,MT|SORRISO,glp,20,135.0,125.0,135.5,125.0,140.0
2022-02,MUN,MT|VARZEA GRANDE,glp,13,125.0,109.992,125.0,109.99,125.0
2022-02,MUN,PA|ABAETETUBA,glp,6,98.0,98.0,105.0,98.0,105.0
2022-02,MUN,PA|ALENQUER,glp,4,105.0,105.0,105.0,105.0,105.0
2022-02,MUN,PA|ALTAMIRA,glp,9,125.0,123.2,125.0,120.0,125.0
2022-02,MUN,PA|ANANINDEUA,glp,26,105.0,100.0,112.5,99.99,119.99
2022-02,MUN,PA|BELEM,glp,45,107.0,104.994,111.794,95.0,128.0
2022-02,MUN,PA|BRAGANCA,glp,8,110.0,110.0,110.6,110.0,112.0
2022-02,MUN,PA|CAMETA,glp,8,110.0,108.5,110.3,105.0,111.0
2022-02,MUN,PA|CASTANHAL,glp,9,110.0,107.4,110.4,105.0,112.0
2022-02,MUN,PA|CONCEICAO DO ARAGUAIA,glp,9,115.55,115.22,115.55,115.0,115.55
2022-02,MUN,PA|ITAITUBA,glp,12,120.0,118.2,125.0,115.0,125.0
2022-02,MUN,PA|MARABA,glp,11,120.0,115.0,120.0,110.0,122.0
2022-02,MUN,PA|PARAGOMINAS,glp,5,130.0,130.0,130.0,130.0,130.0
2022-02,MUN,PA|PARAUAPEBAS,glp,5,130.0,125.0,130.0,125.0,130.0
2022-02,MUN,PA|SANTAREM,glp,56,102.25,95.0,105.0,90.0,110.0
2022-02,MUN,PA|XINGUARA,glp,14,122.5,120.0,128.5,115.0,130.0
2022-02,MUN,PB|BAYEUX,glp,5,105.0,105.0,105.0,105.0,105.0
2022-02,MUN,PB|CABEDELO,glp,6,107.5,105.0,114.5,105.0,115.0
2022-02,MUN,PB|CAMPINA GRANDE,glp,35,105.0,98.796,110.0,95.0,110.0
2022-02,MUN,PB|JOAO PESSOA,glp,23,105.0,100.0,110.0,89.99,115.0
2022-02,MUN,PB|SOUSA,glp,4,105.0,101.5,108.5,100.0,110.0
2022-02,MUN,PE|ARARIPINA,glp,3,110.0,110.0,110.0,110.0,110.0
2022-02,MUN,PE|BELO JARDIM,glp,8,95.5,93.7,99.3,93.0,100.0
2022-02,MUN,PE|CABO DE SANTO AGOSTINHO,glp,8,93.0,87.99,93.6,87.99,95.0
2022-02,MUN,PE|CARUARU,glp,9,92.5,89.6,101.0,88.0,105.0
2022-02,MUN,PE|GARANHUNS,glp,7,80.0,79.98,87.794,79.98,92.0
2022-02,MUN,PE|GOIANA,glp,6,91.25,90.0,95.0,90.0,95.0
2022-02,MUN,PE|IGARASSU,glp,19,95.0,93.7,100.0,90.0,100.0
2022-02,MUN,PE|JABOATAO DOS GUARARAPES,glp,37,92.0,87.99,95.0,87.99,95.0
2022-02,MUN,PE|LAJEDO,glp,5,90.0,90.0,90.0,90.0,90.0
2022-02,MUN,PE|OLINDA,glp,48,90.0,87.198,96.95,84.99,120.0
2022-02,MUN,PE|PAULISTA,glp,18,95.0,93.493,98.597,89.99,110.0
2022-02,MUN,PE|PETROLINA,glp,22,100.0,99.05,105.0,90.5,105.0
2022-02,MUN,PE|RECIFE,glp,79,90.0,89.99,100.0,84.99,115.0
2022-02,MUN,PE|SANTA CRUZ DO CAPIBARIBE,glp,5,102.5,97.0,102.5,95.0,102.5
2022-02,MUN,PE|SERRA TALHADA,glp,3,110.0,106.0,113.2,105.0,114.0
2022-02,MUN,PE|VITORIA DE SANTO ANTAO,glp,10,90.0,89.5,90.0,85.0,90.0
2022-02,MUN,PI|PARNAIBA,glp,2,117.5,115.5,119.5,115.0,120.0
2022-02,MUN,PI|PICOS,glp,4,95.995,95.0,109.597,95.0,115.0
2022-02,MUN,PI|PIRIPIRI,glp,3,123.0,116.6,124.6,115.0,125.0
2022-02,MUN,PI|TERESINA,glp,50,109.495,104.75,110.0,94.99,120.0
2022-02,MUN,PR|APUCARANA,glp,26,110.0,99.945,110.0,99.0,110.0
2022-02,MUN,PR|ARAPONGAS,glp,20,100.0,99.9,100.3,99.9,110.0
2022-02,MUN,PR|CAMBE,glp,16,106.95,100.0,115.0,100.0,115.0
2022-02,MUN,PR|CAMPO LARGO,glp,21,97.9,90.0,100.0,88.95,102.0
2022-02,MUN,PR|CAMPO MOURAO,glp,9,115.0,111.2,117.6,108.0,120.0
2022-02,MUN,PR|CASCAVEL,glp,22,115.0,102.3,120.0,99.0,120.0
2022-02,MUN,PR|CASTRO,glp,7,95.0,95.0,107.0,95.0,110.0
2022-02,MUN,PR|CIANORTE,glp,14,115.0,110.0,120.0,109.9,120.0
2022-02,MUN,PR|COLOMBO,glp,21,98.45,89.9,99.9,89.0,107.0
2022-02,MUN,PR|CORNELIO PROCOPIO,glp,3,120.0,120.0,120.0,120.0,120.0
2022-02,MUN,PR|CURITIBA,glp,33,99.0,92.592,100.0,89.9,105.0
2022-02,MUN,PR|FOZ DO IGUACU,glp,20,112.5,110.0,125.0,110.0,125.0
2022-02,MUN,PR|FRANCISCO BELTRAO,glp,10,117.25,107.9,120.2,98.0,122.0
2022-02,MUN,PR|GUARAPUAVA,glp,9,110.0,105.8,112.0,105.0,120.0
2022-02,MUN,PR|JACAREZINHO,glp,1,105.0,105.0,105.0,105.0,105.0
2022-02,MUN,PR|LONDRINA,glp,66,100.0,95.0,110.0,91.5,115.0
2022-02,MUN,PR|MARECHAL CANDIDO RONDON,glp,1,95.0,95.0,95.0,95.0,95.0
2022-02,MUN,PR|MARINGA,glp,40,115.0,105.0,118.0,105.0,125.0
2022-02,MUN,PR|PARANAGUA,glp,13,95.0,90.4,98.6,89.0,105.0
2022-02,MUN,PR|PARANAVAI,glp,17,110.0,95.96,112.0,84.9,115.0
2022-02,MUN,PR|PATO BRANCO,glp,6,113.5,112.0,116.5,111.5,117.0
2022-02,MUN,PR|PINHAIS,glp,17,98.5,90.0,100.0,89.0,102.5
2022-02,MUN,PR|PONTA GROSSA,glp,36,100.0,95.0,108.5,94.0,120.0
2022-02,MUN,PR|SANTO ANTONIO DA PLATINA,glp,6,107.0,105.0,109.523,105.0,110.0
2022-02,MUN,PR|SAO JOSE DOS PINHAIS,glp,13,99.0,91.396,100.78,89.5,109.9
2022-02,MUN,PR|TOLEDO,glp,29,99.9,89.592,106.0,87.9,115.0
2022-02,MUN,PR|UMUARAMA,glp,11,115.0,110.0,118.9,110.0,120.0
2022-02,MUN,PR|UNIAO DA VITORIA,glp,9,110.0,109.0,115.0,105.0,115.0
2022-02,MUN,RJ|ANGRA DOS REIS,glp,9,105.0,103.918,105.0,99.99,105.0
2022-02,MUN,RJ|ARARUAMA,glp,10,84.995,83.589,89.99,79.98,89.99
2022-02,MUN,RJ|BARRA MANSA,glp,7,96.5,91.154,100.8,89.9,105.0
2022-02,MUN,RJ|BELFORD ROXO,glp,11,87.99,85.0,90.0,83.99,90.0
2022-02,MUN,RJ|CABO FRIO,glp,7,87.99,86.79,89.994,84.99,90.0
2022-02,MUN,RJ|CAMPOS DOS GOYTACAZES,glp,23,90.0,88.1,91.8,84.99,95.0
2022-02,MUN,RJ|DUQUE DE CAXIAS,glp,32,88.0,84.991,90.036,80.0,93.0
2022-02,MUN,RJ|ITABORAI,glp,4,87.99,87.99,89.39,87.99,89.99
2022-02,MUN,RJ|ITAGUAI,glp,3,103.9,98.38,103.9,97.0,103.9
2022-02,MUN,RJ|ITAPERUNA,glp,6,95.0,95.0,95.0,95.0,95.0
2022-02,MUN,RJ|MACAE,glp,5,110.0,109.39,110.0,108.99,110.0
2022-02,MUN,RJ|MARICA,glp,3,92.0,87.192,92.8,85.99,93.0
2022-02,MUN,RJ|NILOPOLIS,glp,9,95.0,90.0,95.2,90.0,96.0
2022-02,MUN,RJ|NITEROI,glp,10,87.495,84.972,92.298,84.0,94.975
2022-02,MUN,RJ|NOVA FRIBURGO,glp,8,111.05,111.0,111.65,111.0,112.0
2022-02,MUN,RJ|NOVA IGUACU,glp,17,90.0,86.797,100.0,84.99,100.0
2022-02,MUN,RJ|PETROPOLIS,glp,10,89.99,85.0,95.3,85.0,98.0
2022-02,MUN,RJ|RESENDE,glp,6,92.5,91.49,95.0,90.99,95.0
2022-02,MUN,RJ|RIO BONITO,glp,5,84.99,79.988,84.99,79.98,84.99
2022-02,MUN,RJ|RIO DE JANEIRO,glp,55,91.99,85.394,97.594,79.98,100.0
2022-02,MUN,RJ|SAO FRANCISCO DE ITABAPOANA,glp,2,99.0,98.2,99.8,98.0,100.0
2022-02,MUN,RJ|SAO GONCALO,glp,16,89.735,89.48,95.0,89.44,95.44
2022-02,MUN,RJ|SAO JOAO DE MERITI,glp,10,90.498,85.89,95.5,84.99,99.995
2022-02,MUN,RJ|SAQUAREMA,glp,7,85.99,80.4,91.0,78.0,94.0
2022-02,MUN,RJ|TRES RIOS,glp,2,99.995,99.991,99.999,99.99,100.0
2022-02,MUN,RJ|VALENCA,glp,8,92.0,88.43,94.3,85.0,95.0
2022-02,MUN,RJ|VOLTA REDONDA,glp,9,96.9,94.9,99.12,94.9,100.0
2022-02,MUN,RN|CAICO,glp,5,115.0,115.0,115.0,115.0,115.0
2022-02,MUN,RN|MOSSORO,glp,7,110.0,108.0,110.0,105.0,110.0
2022-02,MUN,RN|NATAL,glp,22,110.0,105.0,119.5,96.0,120.0
2022-02,MUN,RN|PARNAMIRIM,glp,21,110.0,105.0,110.0,99.99,115.0
2022-02,MUN,RO|CACOAL,glp,7,125.0,124.6,132.0,124.0,135.0
2022-02,MUN,RO|JI-PARANA,glp,14,120.0,117.3,124.4,117.0,128.0
2022-02,MUN,RO|PIMENTA BUENO,glp,4,129.0,129.0,129.7,129.0,130.0
2022-02,MUN,RO|PORTO VELHO,glp,34,113.0,105.6,120.0,100.0,120.0
2022-02,MUN,RO|VILHENA,glp,8,130.0,127.7,132.9,127.0,135.0
2022-02,MUN,RR|BOA VISTA,glp,91,111.0,108.0,115.0,105.0,130.0
2022-02,MUN,RS|ALEGRETE,glp,9,103.0,100.0,106.38,100.0,107.9
2022-02,MUN,RS|ALVORADA,glp,7,94.0,86.794,99.1,85.0,103.0
2022-02,MUN,RS|BAGE,glp,26,105.0,100.0,111.0,98.0,115.0
2022-02,MUN,RS|BENTO GONCALVES,glp,3,112.0,102.4,112.0,100.0,112.0
2022-02,MUN,RS|CACHOEIRA DO SUL,glp,6,98.0,96.5,99.0,95.0,99.0
2022-02,MUN,RS|CACHOEIRINHA,glp,7,99.0,96.56,106.6,95.9,109.0
2022-02,MUN,RS|CANOAS,glp,14,98.0,94.0,100.0,89.0,102.0
2022-02,MUN,RS|CAXIAS DO SUL,glp,47,105.0,95.0,110.9,90.0,119.9
2022-02,MUN,RS|CRUZ ALTA,glp,3,94.0,94.0,95.52,94.0,95.9
2022-02,MUN,RS|ERECHIM,glp,19,112.0,110.0,119.0,105.0,125.0
2022-02,MUN,RS|ESTEIO,glp,12,98.0,95.0,100.9,94.0,103.0
2022-02,MUN,RS|GRAMADO,glp,4,110.0,103.0,110.0,100.0,110.0
2022-02,MUN,RS|GRAVATAI,glp,8,96.0,93.693,99.0,93.0,99.0
2022-02,MUN,RS|GUAIBA,glp,5,100.0,99.4,103.0,99.0,105.0
2022-02,MUN,RS|IJUI,glp,13,112.5,105.0,115.0,99.9,120.0
2022-02,MUN,RS|LAJEADO,glp,7,105.0,96.0,110.8,90.0,115.0
2022-02,MUN,RS|NOVO HAMBURGO,glp,12,96.5,94.1,98.0,93.0,99.0
2022-02,MUN,RS|OSORIO,glp,6,100.0,94.975,111.5,90.0,115.0
2022-02,MUN,RS|PASSO FUNDO,glp,25,105.0,104.0,105.0,100.0,106.0
2022-02,MUN,RS|PELOTAS,glp,45,98.0,96.0,105.0,95.0,119.9
2022-02,MUN,RS|PORTO ALEGRE,glp,26,105.0,99.0,110.0,95.0,115.0
2022-02,MUN,RS|RIO GRANDE,glp,11,99.0,97.0,100.0,97.0,100.0
2022-02,MUN,RS|SANTA CRUZ DO SUL,glp,17,94.0,90.0,100.0,89.0,105.0
2022-02,MUN,RS|SANTA MARIA,glp,36,105.0,99.998,113.0,98.0,119.98
2022-02,MUN,RS|SANTA ROSA,glp,8,102.0,99.4,106.5,98.0,110.0
2022-02,MUN,RS|SANTANA DO LIVRAMENTO,glp,14,100.0,95.9,105.0,90.0,105.0
2022-02,MUN,RS|SANTO ANGELO,glp,3,119.0,119.0,131.8,119.0,135.0
2022-02,MUN,RS|SAO GABRIEL,glp,11,102.0,100.0,103.0,99.995,118.0
2022-02,MUN,RS|SAO LEOPOLDO,glp,8,95.45,91.997,98.3,91.99,99.0
2022-02,MUN,RS|SAO LUIZ GONZAGA,glp,5,105.0,101.594,105.0,99.99,105.0
2022-02,MUN,RS|SAPIRANGA,glp,6,105.0,102.0,110.0,99.0,115.0
2022-02,MUN,RS|SAPUCAIA DO SUL,glp,19,96.0,92.2,103.0,84.99,105.0
2022-02,MUN,RS|TORRES,glp,5,99.9,95.36,109.992,95.0,110.0
2022-02,MUN,RS|URUGUAIANA,glp,10,118.0,108.7,118.0,97.0,118.0
2022-02,MUN,RS|VACARIA,glp,8,103.75,99.0,108.0,99.0,108.0
2022-02,MUN,RS|VIAMAO,glp,14,100.0,95.897,105.0,95.0,110.0
2022-02,MUN,SC|ARARANGUA,glp,4,99.988,99.98,99.998,99.98,100.0
2022-02,MUN,SC|BALNEARIO CAMBORIU,glp,7,120.0,116.0,123.2,110.0,128.0
2022-02,MUN,SC|BIGUACU,glp,2,110.0,110.0,110.0,110.0,110.0
2022-02,MUN,SC|BLUMENAU,glp,11,120.0,120.0,120.0,112.5,120.0
2022-02,MUN,SC|BRUSQUE,glp,6,115.0,115.0,115.5,115.0,116.0
2022-02,MUN,SC|CACADOR,glp,7,115.0,108.0,126.0,105.0,135.0
2022-02,MUN,SC|CHAPECO,glp,5,120.0,117.0,120.0,115.0,120.0
2022-02,MUN,SC|CONCORDIA,glp,4,103.0,100.3,105.0,100.0,105.0
2022-02,MUN,SC|CRICIUMA,glp,5,106.0,105.0,108.4,105.0,110.0
2022-02,MUN,SC|FLORIANOPOLIS,glp,5,111.5,109.394,115.0,108.99,115.0
2022-02,MUN,SC|ITAJAI,glp,10,117.0,114.0,120.1,105.0,121.0
2022-02,MUN,SC|JARAGUA DO SUL,glp,5,103.9,103.18,107.6,103.0,110.0
2022-02,MUN,SC|JOINVILLE,glp,10,108.0,108.0,111.22,108.0,115.0
2022-02,MUN,SC|LAGES,glp,21,105.0,105.0,110.0,105.0,120.0
2022-02,MUN,SC|LAGUNA,glp,8,95.99,95.99,99.3,95.99,100.0
2022-02,MUN,SC|MAFRA,glp,8,105.0,105.0,106.5,105.0,110.0
2022-02,MUN,SC|PALHOCA,glp,2,113.495,113.099,113.891,113.0,113.99
2022-02,MUN,SC|SAO JOSE,glp,1,114.0,114.0,114.0,114.0,114.0
2022-02,MUN,SC|TUBARAO,glp,2,102.0,99.6,104.4,99.0,105.0
2022-02,MUN,SC|VIDEIRA,glp,5,110.0,107.6,113.8,106.0,115.0
2022-02,MUN,SC|XANXERE,glp,4,105.0,98.6,110.0,98.0,110.0
2022-02,MUN,SE|ARACAJU,glp,18,98.2,91.548,100.0,89.99,100.0
2022-02,MUN,SE|ITABAIANA,glp,3,102.0,96.4,103.6,95.0,104.0
2022-02,MUN,SE|LAGARTO,glp,7,100.0,97.6,102.8,97.0,107.0
2022-02,MUN,SE|NOSSA SENHORA DO SOCORRO,glp,8,91.0,91.0,99.93,91.0,100.0
2022-02,MUN,SP|ADAMANTINA,glp,4,106.0,101.5,109.1,100.0,110.0
2022-02,MUN,SP|AMERICANA,glp,17,100.0,94.99,105.0,94.99,110.0
2022-02,MUN,SP|AMPARO,glp,6,108.5,99.995,113.5,99.99,114.5
2022-02,MUN,SP|ARACATUBA,glp,34,100.0,99.99,105.0,93.49,105.0
2022-02,MUN,SP|ARARAQUARA,glp,13,105.0,105.0,118.0,99.99,118.0
2022-02,MUN,SP|ARARAS,glp,7,99.9,99.536,105.154,98.99,106.9
2022-02,MUN,SP|ASSIS,glp,10,99.9,94.9,100.3,94.0,103.0
2022-02,MUN,SP|ATIBAIA,glp,20,105.0,99.99,110.0,93.99,112.0
2022-02,MUN,SP|AVARE,glp,8,99.99,97.097,105.0,94.99,105.0
2022-02,MUN,SP|BARRETOS,glp,5,110.0,102.0,116.796,100.0,118.0
2022-02,MUN,SP|BARUERI,glp,36,99.99,97.49,110.0,89.9,113.0
2022-02,MUN,SP|BAURU,glp,18,99.995,90.0,105.9,90.0,108.0
2022-02,MUN,SP|BEBEDOURO,glp,13,110.0,101.0,110.0,100.0,115.0
2022-02,MUN,SP|BIRIGUI,glp,28,100.0,99.393,110.0,97.445,110.0
2022-02,MUN,SP|BOTUCATU,glp,18,95.0,94.997,95.585,94.95,96.95
2022-02,MUN,SP|BRAGANCA PAULISTA,glp,11,104.9,104.9,108.0,104.9,108.0
2022-02,MUN,SP|CACAPAVA,glp,5,99.99,89.99,111.196,89.99,112.0
2022-02,MUN,SP|CAMPINAS,glp,13,98.99,97.99,99.998,97.99,115.0
2022-02,MUN,SP|CARAGUATATUBA,glp,3,95.0,89.392,107.0,87.99,110.0
2022-02,MUN,SP|CARAPICUIBA,glp,11,99.99,94.99,104.99,94.99,106.495
2022-02,MUN,SP|CATANDUVA,glp,12,97.5,93.181,109.0,92.99,110.0
2022-02,MUN,SP|COSMOPOLIS,glp,5,84.99,84.99,87.99,84.99,89.99
2022-02,MUN,SP|COTIA,glp,8,104.995,99.997,121.13,99.99,126.1
2022-02,MUN,SP|CRUZEIRO,glp,8,89.99,85.69,92.9,84.99,95.0
2022-02,MUN,SP|CUBATAO,glp,5,110.0,102.794,118.0,99.99,120.0
2022-02,MUN,SP|DIADEMA,glp,29,110.0,99.792,118.5,96.99,118.5
2022-02,MUN,SP|DRACENA,glp,4,110.0,106.5,110.0,105.0,110.0
2022-02,MUN,SP|EMBU DAS ARTES,glp,5,102.49,99.99,115.7,99.99,123.5
2022-02,MUN,SP|FRANCA,glp,38,99.995,94.99,109.927,91.99,110.0
2022-02,MUN,SP|GARCA,glp,5,100.0,96.394,102.4,95.99,104.0
2022-02,MUN,SP|GUARATINGUETA,glp,13,95.0,92.198,98.8,90.0,103.0
2022-02,MUN,SP|GUARUJA,glp,9,95.0,95.0,99.99,95.0,99.99
2022-02,MUN,SP|GUARULHOS,glp,20,99.99,94.99,105.0,89.99,105.0
2022-02,MUN,SP|HORTOLANDIA,glp,8,101.495,94.99,105.0,94.99,105.0
2022-02,MUN,SP|IBITINGA,glp,5,110.0,104.0,110.0,100.0,110.0
2022-02,MUN,SP|INDAIATUBA,glp,20,102.748,95.0,108.2,89.99,110.0
2022-02,MUN,SP|ITANHAEM,glp,3,107.0,107.0,109.4,107.0,110.0
2022-02,MUN,SP|ITAPECERICA DA SERRA,glp,6,99.99,99.245,102.495,98.5,105.0
2022-02,MUN,SP|ITAPETININGA,glp,11,103.99,100.0,110.0,99.99,110.0
2022-02,MUN,SP|ITAPEVA,glp,4,115.0,115.0,115.35,115.0,115.5
2022-02,MUN,SP|ITAPIRA,glp,3,108.0,100.792,109.6,98.99,110.0
2022-02,MUN,SP|ITAPOLIS,glp,8,110.0,105.5,110.0,95.0,110.0
2022-02,MUN,SP|ITAQUAQUECETUBA,glp,14,89.99,89.99,98.49,89.99,99.99
2022-02,MUN,SP|ITATIBA,glp,4,103.45,102.27,108.2,102.0,110.0
2022-02,MUN,SP|ITU,glp,22,100.0,95.0,105.0,94.99,110.0
2022-02,MUN,SP|JABOTICABAL,glp,4,94.995,94.258,97.03,93.945,97.9
2022-02,MUN,SP|JACAREI,glp,9,98.0,89.598,106.9,87.99,106.9
2022-02,MUN,SP|JALES,glp,12,94.945,92.09,95.0,88.0,95.0
2022-02,MUN,SP|JAU,glp,12,107.0,105.0,109.0,105.0,113.5
2022-02,MUN,SP|JOSE BONIFACIO,glp,8,107.5,101.75,110.0,100.0,110.0
2022-02,MUN,SP|JUNDIAI,glp,10,107.0,99.99,112.0,99.99,112.0
2022-02,MUN,SP|LEME,glp,9,105.0,104.0,106.6,104.0,113.0
2022-02,MUN,SP|LIMEIRA,glp,14,99.99,95.0,100.0,89.99,100.0
2022-02,MUN,SP|LINS,glp,8,108.75,99.963,110.0,99.9,110.0
2022-02,MUN,SP|LORENA,glp,18,94.995,84.997,99.0,84.99,99.9
2022-02,MUN,SP|MARILIA,glp,18,112.0,109.4,113.0,105.0,115.0
2022-02,MUN,SP|MATAO,glp,7,89.99,89.99,114.997,89.99,130.0
2022-02,MUN,SP|MAUA,glp,45,104.995,94.994,111.0,79.98,117.0
2022-02,MUN,SP|MIRASSOL,glp,13,100.0,100.0,110.0,96.0,110.0
2022-02,MUN,SP|MOCOCA,glp,5,105.0,101.6,105.0,100.0,105.0
2022-02,MUN,SP|MOGI DAS CRUZES,glp,28,99.7,89.99,105.0,89.99,107.0
2022-02,MUN,SP|MOGI GUACU,glp,12,98.0,95.0,98.0,95.0,100.0
2022-02,MUN,SP|MOGI MIRIM,glp,8,95.995,94.997,97.0,94.99,97.0
2022-02,MUN,SP|MONTE ALTO,glp,8,100.0,97.1,106.6,95.0,115.0
2022-02,MUN,SP|OLIMPIA,glp,9,90.0,90.0,99.2,90.0,100.0
2022-02,MUN,SP|OSASCO,glp,22,99.99,98.199,101.791,95.0,104.99
2022-02,MUN,SP|OURINHOS,glp,19,102.0,99.8,105.0,98.0,105.0
2022-02,MUN,SP|PARAGUACU PAULISTA,glp,11,103.0,95.0,108.0,95.0,110.0
2022-02,MUN,SP|PAULINIA,glp,10,98.0,94.99,100.7,94.99,107.0
2022-02,MUN,SP|PINDAMONHANGABA,glp,6,100.0,100.0,102.0,100.0,104.0
2022-02,MUN,SP|PIRACICABA,glp,16,99.99,95.0,105.0,94.99,110.0
2022-02,MUN,SP|PIRASSUNUNGA,glp,2,89.95,89.91,89.99,89.9,90.0
2022-02,MUN,SP|POA,glp,7,99.99,97.19,102.4,92.99,103.0
2022-02,MUN,SP|PORTO FERREIRA,glp,2,102.45,96.49,108.41,95.0,109.9
2022-02,MUN,SP|PRAIA GRANDE,glp,8,102.99,102.063,103.3,99.9,104.0
2022-02,MUN,SP|PRESIDENTE PRUDENTE,glp,16,104.0,90.995,108.0,89.99,108.0
2022-02,MUN,SP|PRESIDENTE VENCESLAU,glp,4,107.0,104.3,111.443,104.0,112.49
2022-02,MUN,SP|RIBEIRAO PIRES,glp,19,99.9,94.9,110.0,92.995,110.0
2022-02,MUN,SP|RIBEIRAO PRETO,glp,24,105.0,99.993,109.242,89.0,114.0
2022-02,MUN,SP|RIO CLARO,glp,5,100.0,99.994,100.0,99.99,100.0
2022-02,MUN,SP|SALTO,glp,21,95.0,94.99,102.0,91.99,104.0
2022-02,MUN,SP|SANTA BARBARA D'OESTE,glp,13,95.0,90.99,97.0,89.99,100.0
2022-02,MUN,SP|SANTA CRUZ DO RIO PARDO,glp,17,109.0,100.0,110.0,99.9,114.0
2022-02,MUN,SP|SANTA FE DO SUL,glp,1,99.995,99.995,99.995,99.995,99.995
2022-02,MUN,SP|SANTO ANDRE,glp,35,103.0,95.0,109.99,94.99,110.0
2022-02,MUN,SP|SANTOS,glp,24,109.0,97.29,120.0,94.99,120.0
2022-02,MUN,SP|SAO BERNARDO DO CAMPO,glp,29,105.0,98.79,121.18,94.99,129.99
2022-02,MUN,SP|SAO CAETANO DO SUL,glp,6,105.0,102.5,107.495,100.0,109.99
2022-02,MUN,SP|SAO CARLOS,glp,13,107.0,102.594,115.0,99.99,115.0
2022-02,MUN,SP|SAO JOAO DA BOA VISTA,glp,11,100.0,95.0,105.0,95.0,105.0
2022-02,MUN,SP|SAO JOSE DO RIO PRETO,glp,21,95.0,89.99,110.0,88.0,120.0
2022-02,MUN,SP|SAO JOSE DOS CAMPOS,glp,18,99.992,89.99,105.897,79.98,109.99
2022-02,MUN,SP|SAO PAULO,glp,80,99.99,89.999,110.0,87.99,118.99
2022-02,MUN,SP|SAO ROQUE,glp,6,102.5,92.49,105.0,89.99,105.0
2022-02,MUN,SP|SAO VICENTE,glp,17,98.0,94.99,101.994,94.99,105.99
2022-02,MUN,SP|SERTAOZINHO,glp,16,105.0,100.0,110.0,100.0,119.0
2022-02,MUN,SP|SOROCABA,glp,47,102.5,97.596,110.0,89.9,115.0
2022-02,MUN,SP|SUMARE,glp,10,99.99,94.99,104.1,94.99,105.0
2022-02,MUN,SP|SUZANO,glp,20,97.95,91.89,100.2,90.0,102.99
2022-02,MUN,SP|TABOAO DA SERRA,glp,6,99.99,96.445,99.99,94.99,99.99
2022-02,MUN,SP|TATUI,glp,9,110.0,108.79,111.0,103.99,115.0
2022-02,MUN,SP|TAUBATE,glp,8,96.0,92.097,99.5,89.99,103.0
2022-02,MUN,SP|TUPA,glp,14,99.995,95.0,110.0,95.0,110.0
2022-02,MUN,SP|UBATUBA,glp,12,100.495,93.1,109.7,89.0,112.0
2022-02,MUN,SP|VALINHOS,glp,5,98.99,92.99,99.536,92.99,99.9
2022-02,MUN,SP|VARZEA PAULISTA,glp,8,99.995,95.0,102.397,95.0,107.99
2022-02,MUN,SP|VINHEDO,glp,5,102.0,99.396,103.74,99.0,104.9
2022-02,MUN,SP|VOTORANTIM,glp,18,100.0,98.697,103.6,98.0,108.0
2022-02,MUN,SP|VOTUPORANGA,glp,9,99.0,95.0,101.0,95.0,105.0
2022-02,MUN,TO|ARAGUAINA,glp,20,115.0,105.0,115.0,105.0,120.0
2022-02,MUN,TO|GURUPI,glp,36,115.0,113.5,115.0,99.99,115.0
2022-02,MUN,TO|PALMAS,glp,35,110.0,108.0,115.0,105.0,120.0
2022-02,MUN,TO|PORTO NACIONAL,glp,16,110.0,110.0,117.5,110.0,120.0
2022-02,UF,AC,glp,44,115.0,112.0,123.4,110.0,130.0
2022-02,UF,AL,glp,27,100.0,95.0,105.0,86.99,105.0
2022-02,UF,AM,glp,69,108.0,100.0,120.0,97.0,125.0
2022-02,UF,AP,glp,14,116.0,114.3,120.0,111.5,121.0
2022-02,UF,BA,glp,326,99.99,89.995,105.0,85.0,120.0
2022-02,UF,CE,glp,133,105.0,99.198,110.0,93.0,115.0
2022-02,UF,DF,glp,50,98.248,94.99,99.99,89.99,106.995
2022-02,UF,ES,glp,139,98.0,87.4,105.0,82.99,110.0
2022-02,UF,GO,glp,305,106.0,95.0,115.0,89.99,130.0
2022-02,UF,MA,glp,79,104.99,100.0,114.0,95.0,115.0
2022-02,UF,MG,glp,690,105.0,95.999,115.0,89.0,125.0
2022-02,UF,MS,glp,132,100.0,93.1,110.0,89.0,124.0
2022-02,UF,MT,glp,147,125.0,115.0,135.0,103.0,140.0
2022-02,UF,PA,glp,227,108.0,98.0,125.0,90.0,130.0
2022-02,UF,PB,glp,73,105.0,100.0,110.0,89.99,115.0
2022-02,UF,PE,glp,287,93.0,88.597,100.0,79.98,120.0
2022-02,UF,PI,glp,59,109.99,100.0,115.0,94.99,125.0
2022-02,UF,PR,glp,496,105.0,95.0,115.0,84.9,125.0
2022-02,UF,RJ,glp,294,90.0,85.0,100.0,78.0,112.0
2022-02,UF,RN,glp,55,110.0,105.0,115.0,96.0,120.0
2022-02,UF,RO,glp,67,120.0,110.0,130.0,100.0,135.0
2022-02,UF,RR,glp,91,111.0,108.0,115.0,105.0,130.0
2022-02,UF,RS,glp,479,102.0,95.0,112.1,84.99,135.0
2022-02,UF,SC,glp,132,110.0,100.0,120.0,95.99,135.0
2022-02,UF,SE,glp,36,98.95,91.0,100.0,89.99,107.0
2022-02,UF,SP,glp,1476,100.0,94.99,110.0,79.98,130.0
2022-02,UF,TO,glp,107,115.0,110.0,115.0,99.99,120.0
2022-03,BR,BR,glp,6297,110.0,99.9,125.0,78.0,160.0
2022-03,MUN,AC|CRUZEIRO DO SUL,glp,4,130.0,130.0,130.7,130.0,131.0
2022-03,MUN,AC|RIO BRANCO,glp,40,125.0,119.0,132.3,113.5,142.5
2022-03,MUN,AL|ARAPIRACA,glp,8,108.0,103.13,116.5,99.0,120.0
2022-03,MUN,AL|DELMIRO GOUVEIA,glp,2,112.5,110.5,114.5,110.0,115.0
2022-03,MUN,AL|MACEIO,glp,11,105.0,95.99,110.0,95.0,115.0
2022-03,MUN,AL|PALMEIRA DOS INDIOS,glp,4,115.0,115.0,115.0,115.0,115.0
2022-03,MUN,AM|ITACOATIARA,glp,9,128.0,125.0,135.0,125.0,135.0
2022-03,MUN,AM|MANACAPURU,glp,11,117.5,115.0,130.0,111.0,130.0
2022-03,MUN,AM|MANAUS,glp,46,115.0,106.75,121.75,100.0,130.0
2022-03,MUN,AM|PARINTINS,glp,3,130.0,126.0,138.0,125.0,140.0
2022-03,MUN,AM|TEFE,glp,3,135.0,135.0,135.0,135.0,135.0
2022-03,MUN,AP|MACAPA,glp,14,122.5,118.6,127.7,105.0,130.0
2022-03,MUN,BA|BARREIRAS,glp,6,122.5,120.0,125.0,120.0,125.0
2022-03,MUN,BA|CAMACARI,glp,32,105.0,98.2,109.9,94.0,112.5
2022-03,MUN,BA|EUNAPOLIS,glp,13,99.45,95.398,100.0,94.99,110.0
2022-03,MUN,BA|FEIRA DE SANTANA,glp,15,94.0,88.0,101.496,88.0,108.0
2022-03,MUN,BA|GUANAMBI,glp,15,110.0,110.0,110.0,100.0,110.0
2022-03,MUN,BA|ILHEUS,glp,6,112.5,110.0,117.5,110.0,120.0
2022-03,MUN,BA|IRECE,glp,3,100.0,100.0,102.4,100.0,103.0
2022-03,MUN,BA|ITABUNA,glp,9,108.0,95.8,112.3,89.0,113.5
2022-03,MUN,BA|JEQUIE,glp,6,92.0,91.0,92.5,90.0,93.0
2022-03,MUN,BA|JUAZEIRO,glp,6,105.0,102.5,106.0,100.0,107.0
2022-03,MUN,BA|LAURO DE FREITAS,glp,35,100.0,95.0,107.8,87.0,112.5
2022-03,MUN,BA|PAULO AFONSO,glp,2,107.0,104.6,109.4,104.0,110.0
2022-03,MUN,BA|SALVADOR,glp,164,102.0,94.99,109.99,88.0,120.0
2022-03,MUN,BA|SIMOES FILHO,glp,16,97.75,90.0,108.992,90.0,119.0
2022-03,MUN,BA|VALENCA,glp,7,107.5,105.0,110.0,105.0,110.0
2022-03,MUN,CE|AQUIRAZ,glp,1,100.0,100.0,100.0,100.0,100.0
2022-03,MUN,CE|CAUCAIA,glp,17,107.5,101.5,114.4,95.0,122.5
2022-03,MUN,CE|CRATEUS,glp,5,110.0,108.0,118.2,108.0,120.0
2022-03,MUN,CE|CRATO,glp,14,115.0,108.25,115.0,107.495,115.0
2022-03,MUN,CE|FORTALEZA,glp,53,115.0,105.0,125.0,93.0,129.0
2022-03,MUN,CE|IGUATU,glp,3,108.0,108.0,117.6,108.0,120.0
2022-03,MUN,CE|ITAPIPOCA,glp,6,112.5,105.0,115.0,105.0,115.0
2022-03,MUN,CE|JUAZEIRO DO NORTE,glp,13,115.0,101.5,117.0,98.0,120.0
2022-03,MUN,CE|LIMOEIRO DO NORTE,glp,3,125.0,119.0,125.0,117.5,125.0
2022-03,MUN,CE|MARACANAU,glp,9,115.0,104.0,120.0,100.0,120.0
2022-03,MUN,CE|QUIXADA,glp,4,106.0,101.5,112.6,100.0,115.0
2022-03,MUN,CE|SOBRAL,glp,7,120.0,101.5,125.0,100.0,125.0
2022-03,MUN,DF|BRASILIA,glp,54,106.742,99.992,110.99,94.99,114.99
2022-03,MUN,ES|ARACRUZ,glp,6,96.0,92.5,103.0,92.0,103.0
2022-03,MUN,ES|CACHOEIRO DE ITAPEMIRIM,glp,17,98.0,91.794,104.995,89.99,107.495
2022-03,MUN,ES|CARIACICA,glp,25,100.0,94.99,100.0,90.0,110.0
2022-03,MUN,ES|COLATINA,glp,8,107.0,103.15,110.0,100.0,110.0
2022-03,MUN,ES|GUARAPARI,glp,10,105.0,97.249,110.5,94.99,115.0
2022-03,MUN,ES|LINHARES,glp,18,115.0,102.8,115.0,100.0,120.0
2022-03,MUN,ES|SAO MATEUS,glp,12,99.99,94.99,104.499,89.99,105.0
2022-03,MUN,ES|SERRA,glp,26,110.0,102.495,115.0,89.99,118.5
2022-03,MUN,ES|VILA VELHA,glp,21,102.495,93.0,107.0,85.0,110.0
2022-03,MUN,ES|VITORIA,glp,6,112.5,107.5,117.5,105.0,120.0
2022-03,MUN,GO|AGUAS LINDAS DE GOIAS,glp,27,103.0,94.56,105.4,86.99,111.0
2022-03,MUN,GO|ANAPOLIS,glp,22,120.0,115.0,122.25,110.0,125.0
2022-03,MUN,GO|APARECIDA DE GOIANIA,glp,20,115.0,110.0,125.0,105.0,125.0
2022-03,MUN,GO|CALDAS NOVAS,glp,5,115.0,115.0,122.8,115.0,128.0
2022-03,MUN,GO|CATALAO,glp,12,115.0,105.3,117.85,105.0,120.0
2022-03,MUN,GO|FORMOSA,glp,15,110.0,101.0,115.0,95.0,120.0
2022-03,MUN,GO|GOIANIA,glp,39,120.0,115.0,125.0,110.0,130.0
2022-03,MUN,GO|GOIATUBA,glp,6,110.0,108.75,112.5,107.5,115.0
2022-03,MUN,GO|ITUMBIARA,glp,15,125.0,114.8,130.0,112.5,130.0
2022-03,MUN,GO|JATAI,glp,16,140.0,130.0,140.0,125.0,140.0
2022-03,MUN,GO|LUZIANIA,glp,11,113.99,107.49,115.0,105.99,115.0
2022-03,MUN,GO|MINEIROS,glp,6,120.0,117.5,125.0,115.0,125.0
2022-03,MUN,GO|MORRINHOS,glp,7,119.99,110.0,120.0,110.0,120.0
2022-03,MUN,GO|PORANGATU,glp,15,110.0,105.0,119.2,105.0,130.0
2022-03,MUN,GO|RIO VERDE,glp,23,130.0,120.0,140.0,115.0,141.5
2022-03,MUN,GO|TRINDADE,glp,52,107.5,100.0,115.0,93.0,130.0
2022-03,MUN,GO|VALPARAISO DE GOIAS,glp,11,114.99,107.49,115.0,95.0,125.0
2022-03,MUN,MA|BALSAS,glp,4,130.0,124.75,130.0,122.5,130.0
2022-03,MUN,MA|BARRA DO CORDA,glp,6,117.5,105.0,120.0,105.0,120.0
2022-03,MUN,MA|IMPERATRIZ,glp,27,110.0,105.0,110.0,100.0,110.0
2022-03,MUN,MA|PINHEIRO,glp,4,121.25,117.5,125.0,117.5,125.0
2022-03,MUN,MA|SANTA INES,glp,4,114.0,114.0,114.0,114.0,114.0
2022-03,MUN,MA|SAO JOSE DE RIBAMAR,glp,11,119.99,104.99,119.99,104.99,119.99
2022-03,MUN,MA|SAO LUIS,glp,31,119.99,104.99,119.99,104.99,120.0
2022-03,MUN,MG|ALFENAS,glp,12,110.0,105.0,119.5,100.0,120.0
2022-03,MUN,MG|ARAGUARI,glp,9,115.0,104.999,121.4,104.995,125.0
2022-03,MUN,MG|ARAXA,glp,4,105.0,101.5,105.0,100.0,105.0
2022-03,MUN,MG|BARBACENA,glp,14,103.95,100.0,111.4,97.0,120.0
2022-03,MUN,MG|BELO HORIZONTE,glp,30,110.0,99.8,120.0,95.0,130.0
2022-03,MUN,MG|BETIM,glp,36,110.0,105.75,118.75,100.0,123.0
2022-03,MUN,MG|CAMPO BELO,glp,8,115.0,108.5,120.0,105.0,120.0
2022-03,MUN,MG|CONSELHEIRO LAFAIETE,glp,15,106.0,100.6,113.4,99.99,115.0
2022-03,MUN,MG|CONTAGEM,glp,50,111.745,107.25,120.0,95.0,125.0
2022-03,MUN,MG|CORONEL FABRICIANO,glp,7,121.0,114.8,124.1,114.5,125.0
2022-03,MUN,MG|CURVELO,glp,14,107.75,95.0,118.5,95.0,120.0
2022-03,MUN,MG|DIVINOPOLIS,glp,25,110.0,105.0,115.0,105.0,120.0
2022-03,MUN,MG|FORMIGA,glp,11,117.5,112.5,120.0,105.0,125.0
2022-03,MUN,MG|FRUTAL,glp,8,109.75,101.0,110.0,101.0,110.0
2022-03,MUN,MG|GOVERNADOR VALADARES,glp,8,120.0,113.5,121.5,110.0,125.0
2022-03,MUN,MG|IPATINGA,glp,19,117.0,110.0,123.0,110.0,127.5
2022-03,MUN,MG|ITABIRA,glp,2,115.0,107.0,123.0,105.0,125.0
2022-03,MUN,MG|ITAJUBA,glp,9,115.0,110.0,121.0,110.0,125.0
2022-03,MUN,MG|ITAUNA,glp,11,110.0,105.0,120.0,105.0,120.0
2022-03,MUN,MG|ITUIUTABA,glp,18,110.0,105.0,115.6,105.0,118.0
2022-03,MUN,MG|JANAUBA,glp,3,113.61,101.122,118.722,98.0,120.0
2022-03,MUN,MG|JANUARIA,glp,16,129.25,121.25,135.0,120.0,140.0
2022-03,MUN,MG|JOAO MONLEVADE,glp,9,113.0,107.0,118.4,105.0,120.0
2022-03,MUN,MG|JOAO PINHEIRO,glp,11,120.0,117.9,128.0,115.0,130.0
2022-03,MUN,MG|JUIZ DE FORA,glp,22,109.95,100.041,114.75,95.0,118.0
2022-03,MUN,MG|LAVRAS,glp,11,104.0,99.0,105.0,97.5,117.0
2022-03,MUN,MG|LEOPOLDINA,glp,7,115.0,108.0,121.0,105.0,122.5
2022-03,MUN,MG|MANHUACU,glp,6,112.5,105.95,117.5,104.9,120.0
2022-03,MUN,MG|MONTE CARMELO,glp,18,115.0,108.5,120.0,105.0,120.0
2022-03,MUN,MG|MONTES CLAROS,glp,33,119.0,109.2,130.0,105.495,132.0
2022-03,MUN,MG|MURIAE,glp,9,110.0,104.0,116.0,100.0,120.0
2022-03,MUN,MG|OLIVEIRA,glp,4,105.0,101.5,105.0,100.0,105.0
2022-03,MUN,MG|OURO PRETO,glp,4,123.5,120.6,125.0,120.0,125.0
2022-03,MUN,MG|PARA DE MINAS,glp,3,112.5,106.5,118.5,105.0,120.0
2022-03,MUN,MG|PARACATU,glp,9,125.0,119.5,125.0,117.5,125.0
2022-03,MUN,MG|PASSOS,glp,33,115.0,112.5,129.5,105.0,130.0
2022-03,MUN,MG|PATOS DE MINAS,glp,24,118.75,110.0,128.5,99.9,130.0
2022-03,MUN,MG|PATROCINIO,glp,9,115.0,107.9,118.6,107.5,125.0
2022-03,MUN,MG|POCOS DE CALDAS,glp,15,122.0,118.2,123.99,115.5,124.0
2022-03,MUN,MG|POUSO ALEGRE,glp,12,106.0,95.0,110.0,95.0,113.0
2022-03,MUN,MG|SAO JOAO DEL REI,glp,16,115.0,106.5,116.0,104.99,118.0
2022-03,MUN,MG|SAO SEBASTIAO DO PARAISO,glp,23,105.0,99.992,115.0,95.0,120.0
2022-03,MUN,MG|SETE LAGOAS,glp,10,111.0,107.64,115.0,104.4,115.0
2022-03,MUN,MG|TEOFILO OTONI,glp,13,117.5,115.0,120.0,115.0,120.0
2022-03,MUN,MG|TIMOTEO,glp,8,122.5,113.5,125.0,110.0,125.0
2022-03,MUN,MG|TRES CORACOES,glp,12,102.0,95.4,105.0,95.0,107.5
2022-03,MUN,MG|UBA,glp,15,115.0,110.0,120.0,110.0,120.0
2022-03,MUN,MG|UBERABA,glp,26,111.25,105.495,120.0,100.0,125.0
2022-03,MUN,MG|UBERLANDIA,glp,28,113.0,105.0,115.0,100.0,115.0
2022-03,MUN,MG|UNAI,glp,9,120.0,120.0,120.0,120.0,120.0
2022-03,MUN,MG|VARGINHA,glp,19,110.0,99.6,113.4,98.0,115.0
2022-03,MUN,MG|VICOSA,glp,3,120.0,117.6,128.8,117.0,131.0
2022-03,MUN,MS|CAMPO GRANDE,glp,113,105.0,95.0,110.0,90.0,125.0
2022-03,MUN,MS|CORUMBA,glp,2,110.0,106.0,114.0,105.0,115.0
2022-03,MUN,MS|COXIM,glp,11,130.0,120.0,130.0,115.0,130.0
2022-03,MUN,MS|DOURADOS,glp,32,115.0,105.1,124.75,103.0,130.0
2022-03,MUN,MS|NOVA ANDRADINA,glp,13,110.0,105.0,115.0,105.0,120.0
2022-03,MUN,MS|PONTA PORA,glp,5,103.0,98.8,105.6,98.0,106.0
2022-03,MUN,MS|TRES LAGOAS,glp,20,110.0,104.9,115.25,100.0,125.0
2022-03,MUN,MT|ALTA FLORESTA,glp,11,149.5,135.0,150.0,130.0,150.0
2022-03,MUN,MT|CACERES,glp,9,125.0,105.0,126.0,105.0,130.0
2022-03,MUN,MT|CUIABA,glp,57,125.0,120.0,137.0,109.99,145.0
2022-03,MUN,MT|RONDONOPOLIS,glp,14,130.0,125.0,136.75,110.0,140.0
2022-03,MUN,MT|SINOP,glp,23,140.0,135.0,150.0,130.0,160.0
2022-03,MUN,MT|SORRISO,glp,20,140.0,130.0,140.25,130.0,145.0
2022-03,MUN,MT|VARZEA GRANDE,glp,10,125.0,114.999,130.0,114.99,130.0
2022-03,MUN,PA|ABAETETUBA,glp,8,110.0,102.9,110.3,98.0,111.0
2022-03,MUN,PA|ALENQUER,glp,4,105.0,105.0,105.0,105.0,105.0
2022-03,MUN,PA|ALTAMIRA,glp,9,135.0,130.0,135.0,130.0,135.0
2022-03,MUN,PA|ANANINDEUA,glp,26,112.0,110.0,117.5,100.0,129.99
2022-03,MUN,PA|BELEM,glp,47,115.0,112.098,119.99,109.0,134.0
2022-03,MUN,PA|BRAGANCA,glp,7,125.0,122.0,125.0,117.5,125.0
2022-03,MUN,PA|CAMETA,glp,7,120.0,114.0,120.0,105.0,120.0
2022-03,MUN,PA|CASTANHAL,glp,7,120.0,108.8,125.8,107.0,127.0
2022-03,MUN,PA|CONCEICAO DO ARAGUAIA,glp,10,126.388,114.495,130.0,105.0,130.0
2022-03,MUN,PA|ITAITUBA,glp,14,132.5,125.0,137.85,120.5,140.0
2022-03,MUN,PA|MARABA,glp,10,123.5,120.0,130.0,120.0,130.0
2022-03,MUN,PA|PARAGOMINAS,glp,4,140.0,140.0,140.0,140.0,140.0
2022-03,MUN,PA|REDENCAO,glp,14,150.0,146.5,150.0,140.0,150.0
2022-03,MUN,PA|SANTAREM,glp,62,109.5,98.2,115.0,89.0,122.0
2022-03,MUN,PA|XINGUARA,glp,7,120.0,120.0,125.0,120.0,125.0
2022-03,MUN,PB|BAYEUX,glp,5,115.5,112.0,115.8,110.0,116.0
2022-03,MUN,PB|CABEDELO,glp,6,120.0,111.25,124.5,110.0,125.0
2022-03,MUN,PB|CAMPINA GRANDE,glp,31,120.0,110.0,120.0,99.99,128.0
2022-03,MUN,PB|JOAO PESSOA,glp,24,115.0,105.0,119.25,104.99,125.0
2022-03,MUN,PB|PATOS,glp,4,120.0,114.4,121.4,112.0,122.0
2022-03,MUN,PB|SOUSA,glp,5,110.0,105.0,114.0,105.0,115.0
2022-03,MUN,PE|ARARIPINA,glp,3,125.0,125.0,125.0,125.0,125.0
2022-03,MUN,PE|BELO JARDIM,glp,8,106.0,97.8,109.3,95.0,110.0
2022-03,MUN,PE|CABO DE SANTO AGOSTINHO,glp,8,101.75,98.49,106.198,94.99,108.995
2022-03,MUN,PE|CARUARU,glp,9,100.0,98.0,106.0,90.0,110.0
2022-03,MUN,PE|GARANHUNS,glp,8,103.742,90.491,109.993,79.98,110.0
2022-03,MUN,PE|GOIANA,glp,6,100.0,95.0,102.5,90.0,105.0
2022-03,MUN,PE|IGARASSU,glp,20,102.0,98.946,110.0,97.0,110.0
2022-03,MUN,PE|JABOATAO DOS GUARARAPES,glp,28,99.498,95.0,102.9,92.0,105.0
2022-03,MUN,PE|LAJEDO,glp,5,100.0,99.994,100.0,99.99,100.0
2022-03,MUN,PE|OLINDA,glp,49,99.99,94.4,105.5,89.99,120.0
2022-03,MUN,PE|PAULISTA,glp,22,100.0,97.496,109.4,89.99,115.0
2022-03,MUN,PE|PETROLINA,glp,19,105.0,97.0,106.2,94.0,107.0
2022-03,MUN,PE|RECIFE,glp,77,99.99,90.0,105.0,85.0,110.0
2022-03,MUN,PE|SANTA CRUZ DO CAPIBARIBE,glp,5,115.0,105.5,115.0,102.5,115.0
2022-03,MUN,PE|SERRA TALHADA,glp,3,122.0,108.4,126.8,105.0,128.0
2022-03,MUN,PE|VITORIA DE SANTO ANTAO,glp,10,100.0,98.6,100.0,95.0,100.0
2022-03,MUN,PI|PARNAIBA,glp,3,125.0,125.0,129.0,125.0,130.0
2022-03,MUN,PI|PICOS,glp,4,108.0,106.596,119.9,105.995,125.0
2022-03,MUN,PI|PIRIPIRI,glp,4,123.75,119.35,128.5,118.0,130.0
2022-03,MUN,PI|TERESINA,glp,58,115.0,105.0,120.0,100.0,130.0
2022-03,MUN,PR|APUCARANA,glp,18,115.0,107.0,120.0,99.9,120.0
2022-03,MUN,PR|ARAPONGAS,glp,21,109.9,104.9,113.0,100.0,125.0
2022-03,MUN,PR|ASSIS CHATEAUBRIAND,glp,7,140.0,120.96,140.0,99.9,140.0
2022-03,MUN,PR|CAMBE,glp,18,115.0,109.7,125.0,100.0,125.0
2022-03,MUN,PR|CAMPO LARGO,glp,16,108.5,102.95,112.25,100.0,115.0
2022-03,MUN,PR|CAMPO MOURAO,glp,10,121.0,117.45,127.0,117.0,127.0
2022-03,MUN,PR|CASCAVEL,glp,18,115.0,104.85,120.0,102.0,122.5
2022-03,MUN,PR|CASTRO,glp,6,109.725,107.5,110.0,107.0,110.0
2022-03,MUN,PR|CIANORTE,glp,17,125.0,115.0,130.0,110.0,130.0
2022-03,MUN,PR|COLOMBO,glp,25,99.5,96.2,110.0,90.0,117.0
2022-03,MUN,PR|CORNELIO PROCOPIO,glp,6,122.5,120.0,125.0,120.0,125.0
2022-03,MUN,PR|CURITIBA,glp,33,106.0,100.0,110.0,94.9,117.9
2022-03,MUN,PR|FOZ DO IGUACU,glp,21,125.0,120.0,130.0,115.0,130.0
2022-03,MUN,PR|FRANCISCO BELTRAO,glp,10,120.0,109.0,128.0,109.0,128.0
2022-03,MUN,PR|GUARAPUAVA,glp,12,116.5,115.045,123.0,110.0,130.0
2022-03,MUN,PR|JACAREZINHO,glp,1,115.0,115.0,115.0,115.0,115.0
2022-03,MUN,PR|LONDRINA,glp,65,110.0,105.0,120.0,96.5,130.0
2022-03,MUN,PR|MARINGA,glp,52,120.0,110.0,130.0,105.0,139.0
2022-03,MUN,PR|PARANAGUA,glp,13,105.0,99.0,110.8,89.0,113.0
2022-03,MUN,PR|PARANAVAI,glp,20,110.0,100.0,115.0,94.4,115.0
2022-03,MUN,PR|PATO BRANCO,glp,7,127.0,124.4,130.0,123.5,130.0
2022-03,MUN,PR|PINHAIS,glp,18,104.5,98.493,110.0,94.45,115.0
2022-03,MUN,PR|PONTA GROSSA,glp,24,105.0,95.9,115.0,89.9,125.0
2022-03,MUN,PR|SANTO ANTONIO DA PLATINA,glp,9,117.0,113.98,119.2,109.9,120.0
2022-03,MUN,PR|SAO JOSE DOS PINHAIS,glp,15,110.0,101.36,112.34,98.0,119.9
2022-03,MUN,PR|TOLEDO,glp,14,112.5,107.2,115.0,105.0,115.0
2022-03,MUN,PR|UMUARAMA,glp,12,117.5,110.5,124.5,110.0,125.0
2022-03,MUN,PR|UNIAO DA VITORIA,glp,9,120.0,109.6,130.0,108.0,130.0
2022-03,MUN,RJ|ANGRA DOS REIS,glp,9,119.9,104.98,120.0,104.9,120.0
2022-03,MUN,RJ|ARARUAMA,glp,10,94.49,88.59,97.29,84.99,99.99
2022-03,MUN,RJ|BARRA DO PIRAI,glp,4,112.4,111.2,118.5,110.9,120.9
2022-03,MUN,RJ|BARRA MANSA,glp,7,103.99,101.2,110.0,100.0,110.0
2022-03,MUN,RJ|BELFORD ROXO,glp,12,94.495,90.2,98.0,90.0,100.0
2022-03,MUN,RJ|CABO FRIO,glp,7,94.99,92.99,99.99,92.99,99.99
2022-03,MUN,RJ|CAMPOS DOS GOYTACAZES,glp,19,99.995,90.0,103.4,89.0,110.0
2022-03,MUN,RJ|DUQUE DE CAXIAS,glp,31,95.99,88.0,99.99,87.5,103.0
2022-03,MUN,RJ|ITABORAI,glp,7,99.99,93.59,99.994,92.99,100.0
2022-03,MUN,RJ|ITAGUAI,glp,3,115.9,106.38,115.9,104.0,115.9
2022-03,MUN,RJ|ITAPERUNA,glp,5,105.0,103.2,105.9,102.0,106.5
2022-03,MUN,RJ|MACAE,glp,6,123.99,113.75,125.0,110.0,125.0
2022-03,MUN,RJ|MARICA,glp,5,95.0,87.594,101.6,85.99,105.0
2022-03,MUN,RJ|NILOPOLIS,glp,9,105.0,95.0,106.0,95.0,110.0
2022-03,MUN,RJ|NITEROI,glp,10,95.992,94.891,99.99,94.0,99.995
2022-03,MUN,RJ|NOVA FRIBURGO,glp,7,124.0,118.0,124.1,118.0,124.1
2022-03,MUN,RJ|NOVA IGUACU,glp,18,99.995,94.997,106.5,90.0,110.0
2022-03,MUN,RJ|PETROPOLIS,glp,11,99.99,91.99,105.0,85.0,106.0
2022-03,MUN,RJ|RESENDE,glp,6,109.99,105.5,109.995,102.0,110.0
2022-03,MUN,RJ|RIO BONITO,glp,5,89.99,86.996,92.994,85.0,94.99
2022-03,MUN,RJ|RIO DE JANEIRO,glp,51,99.99,91.995,105.0,84.0,108.0
2022-03,MUN,RJ|SAO FRANCISCO DE ITABAPOANA,glp,2,104.0,99.2,108.8,98.0,110.0
2022-03,MUN,RJ|SAO GONCALO,glp,16,94.995,94.705,102.495,94.0,105.0
2022-03,MUN,RJ|SAO JOAO DE MERITI,glp,15,99.99,90.792,103.0,84.99,105.0
2022-03,MUN,RJ|SAQUAREMA,glp,9,90.0,83.592,101.6,78.0,104.0
2022-03,MUN,RJ|TERESOPOLIS,glp,6,109.45,102.725,113.5,98.0,115.0
2022-03,MUN,RJ|TRES RIOS,glp,2,104.995,104.991,104.999,104.99,105.0
2022-03,MUN,RJ|VALENCA,glp,8,98.7,89.4,104.0,88.0,104.0
2022-03,MUN,RJ|VOLTA REDONDA,glp,10,110.0,107.89,110.0,106.9,110.0
2022-03,MUN,RN|CAICO,glp,5,128.0,117.6,128.0,115.0,128.0
2022-03,MUN,RN|MOSSORO,glp,8,119.0,110.0,120.0,110.0,120.0
2022-03,MUN,RN|NATAL,glp,24,114.0,110.0,125.0,105.0,130.0
2022-03,MUN,RN|PARNAMIRIM,glp,23,120.0,114.2,125.0,110.0,125.0
2022-03,MUN,RO|CACOAL,glp,8,135.75,125.0,145.0,125.0,145.0
2022-03,MUN,RO|PIMENTA BUENO,glp,4,140.25,136.5,144.7,136.5,145.0
2022-03,MUN,RO|PORTO VELHO,glp,37,125.0,110.9,133.2,108.0,137.5
2022-03,MUN,RO|VILHENA,glp,8,144.5,144.0,146.5,144.0,150.0
2022-03,MUN,RR|BOA VISTA,glp,99,119.5,110.0,127.0,99.0,145.0
2022-03,MUN,RS|ALEGRETE,glp,8,113.5,107.8,114.93,105.0,115.0
2022-03,MUN,RS|ALVORADA,glp,8,103.0,92.443,111.5,90.0,115.0
2022-03,MUN,RS|BAGE,glp,24,120.0,113.3,120.0,107.5,125.0
2022-03,MUN,RS|BENTO GONCALVES,glp,3,112.0,110.4,124.8,110.0,128.0
2022-03,MUN,RS|CACHOEIRA DO SUL,glp,8,105.0,99.97,110.6,99.9,112.0
2022-03,MUN,RS|CACHOEIRINHA,glp,7,105.0,102.6,113.0,100.5,119.0
2022-03,MUN,RS|CANOAS,glp,14,105.95,104.15,110.0,98.0,112.0
2022-03,MUN,RS|CAXIAS DO SUL,glp,50,113.725,102.5,119.9,102.49,125.0
2022-03,MUN,RS|CRUZ ALTA,glp,3,104.95,100.19,105.71,99.0,105.9
2022-03,MUN,RS|ERECHIM,glp,19,123.0,117.4,130.0,115.0,130.0
2022-03,MUN,RS|ESTEIO,glp,11,108.0,105.0,115.0,105.0,115.0
2022-03,MUN,RS|GRAMADO,glp,6,111.0,107.75,118.5,107.5,122.0
2022-03,MUN,RS|GRAVATAI,glp,8,101.0,98.998,104.6,98.995,106.0
2022-03,MUN,RS|GUAIBA,glp,5,105.0,104.4,108.0,104.0,110.0
2022-03,MUN,RS|IJUI,glp,13,115.0,110.0,120.0,104.95,125.0
2022-03,MUN,RS|LAJEADO,glp,7,105.0,105.0,115.0,105.0,115.0
2022-03,MUN,RS|NOVO HAMBURGO,glp,12,106.0,100.4,108.0,96.0,110.0
2022-03,MUN,RS|OSORIO,glp,5,110.0,103.596,114.8,102.0,118.0
2022-03,MUN,RS|PASSO FUNDO,glp,26,112.75,109.75,117.25,104.0,120.0
2022-03,MUN,RS|PELOTAS,glp,46,104.75,98.0,110.0,95.0,118.0
2022-03,MUN,RS|PORTO ALEGRE,glp,22,109.7,100.4,119.5,99.0,122.5
2022-03,MUN,RS|RIO GRANDE,glp,11,120.0,112.0,122.0,110.5,122.0
2022-03,MUN,RS|SANTA CRUZ DO SUL,glp,18,110.0,106.0,113.25,105.0,117.0
2022-03,MUN,RS|SANTA MARIA,glp,40,115.0,105.0,119.0,100.0,125.0
2022-03,MUN,RS|SANTA ROSA,glp,8,113.0,109.4,118.6,108.0,120.0
2022-03,MUN,RS|SANTANA DO LIVRAMENTO,glp,14,111.5,104.0,118.5,94.995,120.0
2022-03,MUN,RS|SANTO ANGELO,glp,3,125.0,124.2,132.2,124.0,134.0
2022-03,MUN,RS|SAO GABRIEL,glp,11,110.0,104.995,110.0,102.0,137.0
2022-03,MUN,RS|SAO LEOPOLDO,glp,8,103.5,102.0,108.45,102.0,109.5
2022-03,MUN,RS|SAO LUIZ GONZAGA,glp,5,110.0,110.0,112.5,110.0,112.5
2022-03,MUN,RS|SAPIRANGA,glp,5,115.0,112.0,121.0,110.0,125.0
2022-03,MUN,RS|SAPUCAIA DO SUL,glp,19,109.5,108.0,113.4,105.0,115.0
2022-03,MUN,RS|TORRES,glp,5,105.9,102.072,109.992,100.12,110.0
2022-03,MUN,RS|URUGUAIANA,glp,10,123.75,119.2,125.5,112.0,130.0
2022-03,MUN,RS|VACARIA,glp,9,117.0,107.4,125.0,99.0,125.0
2022-03,MUN,RS|VIAMAO,glp,14,104.5,102.65,115.0,100.5,120.0
2022-03,MUN,SC|ARARANGUA,glp,4,111.75,102.536,115.0,99.98,115.0
2022-03,MUN,SC|BALNEARIO CAMBORIU,glp,7,132.0,122.496,136.2,114.99,138.0
2022-03,MUN,SC|BIGUACU,glp,1,125.0,125.0,125.0,125.0,125.0
2022-03,MUN,SC|BLUMENAU,glp,10,120.0,119.5,130.5,115.0,135.0
2022-03,MUN,SC|BRUSQUE,glp,6,125.0,124.0,126.5,123.0,128.0
2022-03,MUN,SC|CACADOR,glp,6,130.0,120.0,138.75,120.0,142.5
2022-03,MUN,SC|CHAPECO,glp,5,130.0,126.6,148.2,125.0,155.0
2022-03,MUN,SC|CONCORDIA,glp,4,114.0,112.3,118.5,112.0,120.0
2022-03,MUN,SC|CRICIUMA,glp,6,117.0,111.0,120.0,105.0,120.0
2022-03,MUN,SC|FLORIANOPOLIS,glp,5,119.99,116.6,131.396,116.0,137.0
2022-03,MUN,SC|ITAJAI,glp,9,124.5,113.0,126.0,105.0,130.0
2022-03,MUN,SC|JARAGUA DO SUL,glp,5,104.99,103.9,109.76,103.9,110.0
2022-03,MUN,SC|JOINVILLE,glp,13,115.0,108.0,120.0,108.0,120.0
2022-03,MUN,SC|LAGES,glp,23,113.0,106.0,120.0,105.0,125.0
2022-03,MUN,SC|LAGUNA,glp,8,98.998,95.99,106.947,95.99,107.99
2022-03,MUN,SC|MAFRA,glp,8,120.0,113.5,125.0,110.0,125.0
2022-03,MUN,SC|PALHOCA,glp,2,123.25,121.85,124.65,121.5,125.0
2022-03,MUN,SC|SAO JOSE,glp,1,121.0,121.0,121.0,121.0,121.0
2022-03,MUN,SC|TUBARAO,glp,1,105.0,105.0,105.0,105.0,105.0
2022-03,MUN,SC|VIDEIRA,glp,6,120.0,117.5,133.5,115.0,144.0
2022-03,MUN,SC|XANXERE,glp,4,117.5,115.0,127.0,115.0,130.0
2022-03,MUN,SE|ARACAJU,glp,25,100.0,96.2,105.0,88.0,108.0
2022-03,MUN,SE|ITABAIANA,glp,5,100.0,95.8,112.0,95.0,112.0
2022-03,MUN,SE|LAGARTO,glp,7,110.0,100.6,116.0,100.0,117.5
2022-03,MUN,SE|NOSSA SENHORA DO SOCORRO,glp,8,103.0,99.997,105.0,99.99,105.0
2022-03,MUN,SP|ADAMANTINA,glp,4,111.25,110.0,115.65,110.0,117.0
2022-03,MUN,SP|AMERICANA,glp,19,110.0,104.0,119.99,100.0,120.0
2022-03,MUN,SP|AMPARO,glp,6,111.0,109.25,130.0,108.5,130.0
2022-03,MUN,SP|ARACATUBA,glp,34,110.0,107.149,115.0,97.99,120.0
2022-03,MUN,SP|ARARAQUARA,glp,14,122.25,107.55,127.7,105.0,128.0
2022-03,MUN,SP|ARARAS,glp,7,115.0,114.394,115.76,113.5,116.9
2022-03,MUN,SP|ASSIS,glp,9,115.0,104.0,120.0,100.0,120.0
2022-03,MUN,SP|ATIBAIA,glp,20,115.0,106.0,120.0,106.0,125.0
2022-03,MUN,SP|AVARE,glp,8,109.995,107.797,110.0,104.99,110.0
2022-03,MUN,SP|BARRETOS,glp,6,117.5,110.0,121.5,105.0,123.0
2022-03,MUN,SP|BARUERI,glp,36,110.0,95.995,120.0,94.99,123.0
2022-03,MUN,SP|BAURU,glp,19,105.0,99.99,110.6,97.5,115.0
2022-03,MUN,SP|BEBEDOURO,glp,14,120.0,111.5,125.0,105.0,130.0
2022-03,MUN,SP|BIRIGUI,glp,28,105.0,104.995,112.5,102.45,115.0
2022-03,MUN,SP|BOTUCATU,glp,18,115.0,105.5,115.0,95.0,115.95
2022-03,MUN,SP|BRAGANCA PAULISTA,glp,9,114.9,107.38,118.4,104.9,120.0
2022-03,MUN,SP|CACAPAVA,glp,5,104.99,99.99,113.794,99.99,114.99
2022-03,MUN,SP|CAMPINAS,glp,21,114.99,98.99,115.0,97.99,125.0
2022-03,MUN,SP|CARAGUATATUBA,glp,9,101.0,95.0,112.0,95.0,120.0
2022-03,MUN,SP|CARAPICUIBA,glp,12,108.748,105.0,114.491,98.0,114.99
2022-03,MUN,SP|CATANDUVA,glp,11,109.0,104.9,118.0,99.995,119.9
2022-03,MUN,SP|COSMOPOLIS,glp,5,95.0,94.994,99.99,94.99,99.99
2022-03,MUN,SP|COTIA,glp,8,115.0,114.99,126.97,114.99,129.0
2022-03,MUN,SP|CRUZEIRO,glp,8,94.245,88.79,98.95,85.99,100.0
2022-03,MUN,SP|CUBATAO,glp,6,117.5,112.5,127.5,110.0,130.0
2022-03,MUN,SP|DIADEMA,glp,35,114.99,104.394,135.0,99.0,135.0
2022-03,MUN,SP|DRACENA,glp,3,110.0,110.0,118.8,110.0,121.0
2022-03,MUN,SP|EMBU DAS ARTES,glp,6,112.0,104.99,119.245,99.99,123.5
2022-03,MUN,SP|FRANCA,glp,36,110.0,98.95,122.5,94.99,129.9
2022-03,MUN,SP|GARCA,glp,4,109.5,106.2,122.915,105.0,128.45
2022-03,MUN,SP|GUARATINGUETA,glp,13,103.0,100.0,110.0,100.0,113.0
2022-03,MUN,SP|GUARUJA,glp,8,107.995,105.0,114.99,105.0,114.99
2022-03,MUN,SP|GUARULHOS,glp,19,110.0,104.69,115.0,99.99,115.0
2022-03,MUN,SP|HORTOLANDIA,glp,8,111.5,104.997,118.25,104.99,120.0
2022-03,MUN,SP|IBITINGA,glp,5,115.0,112.5,115.0,112.5,115.0
2022-03,MUN,SP|INDAIATUBA,glp,19,110.0,95.79,116.0,92.99,120.0
2022-03,MUN,SP|ITANHAEM,glp,3,110.0,107.6,115.6,107.0,117.0
2022-03,MUN,SP|ITAPECERICA DA SERRA,glp,6,109.99,104.49,110.0,99.99,110.0
2022-03,MUN,SP|ITAPETININGA,glp,11,115.0,113.99,118.0,110.0,120.0
2022-03,MUN,SP|ITAPEVA,glp,4,120.0,120.0,122.086,120.0,122.98
2022-03,MUN,SP|ITAPIRA,glp,3,110.0,109.192,113.2,108.99,114.0
2022-03,MUN,SP|ITAPOLIS,glp,8,115.0,113.5,118.0,110.0,125.0
2022-03,MUN,SP|ITAQUAQUECETUBA,glp,15,109.99,100.994,110.0,94.99,110.0
2022-03,MUN,SP|ITATIBA,glp,4,114.45,112.57,118.43,112.0,119.9
2022-03,MUN,SP|ITU,glp,23,105.0,102.496,113.5,100.0,120.0
2022-03,MUN,SP|JABOTICABAL,glp,4,105.0,104.993,108.5,104.99,110.0
2022-03,MUN,SP|JACAREI,glp,9,105.0,97.391,119.9,94.995,119.9
2022-03,MUN,SP|JALES,glp,13,104.99,92.92,108.6,92.0,110.0
2022-03,MUN,SP|JAU,glp,12,117.0,114.55,119.8,112.0,123.9
2022-03,MUN,SP|JOSE BONIFACIO,glp,8,115.0,110.0,120.0,110.0,120.0
2022-03,MUN,SP|JUNDIAI,glp,12,114.0,109.909,121.7,108.0,122.0
2022-03,MUN,SP|LEME,glp,10,114.5,105.0,118.05,105.0,123.0
2022-03,MUN,SP|LIMEIRA,glp,17,110.0,99.996,120.0,95.0,120.0
2022-03,MUN,SP|LINS,glp,9,110.0,109.972,120.5,109.9,122.5
2022-03,MUN,SP|LORENA,glp,15,100.0,98.0,109.96,84.99,115.0
2022-03,MUN,SP|MARILIA,glp,13,123.0,117.5,125.0,108.0,125.0
2022-03,MUN,SP|MATAO,glp,7,110.0,107.0,121.0,102.5,130.0
2022-03,MUN,SP|MAUA,glp,46,110.0,102.248,120.0,94.995,121.0
2022-03,MUN,SP|MIRASSOL,glp,14,113.75,105.0,115.0,100.0,125.0
2022-03,MUN,SP|MOCOCA,glp,5,114.0,110.0,118.0,110.0,118.0
2022-03,MUN,SP|MOGI DAS CRUZES,glp,27,105.0,98.894,109.99,89.99,110.0
2022-03,MUN,SP|MOGI GUACU,glp,20,110.0,97.9,110.0,95.0,110.0
2022-03,MUN,SP|MOGI MIRIM,glp,9,106.0,99.392,110.0,97.0,110.0
2022-03,MUN,SP|MONTE ALTO,glp,11,110.0,104.0,122.0,102.5,127.5
2022-03,MUN,SP|OLIMPIA,glp,10,103.0,95.85,103.0,90.0,103.0
2022-03,MUN,SP|OSASCO,glp,21,110.0,105.0,120.0,105.0,132.0
2022-03,MUN,SP|OURINHOS,glp,17,110.0,109.6,115.0,108.5,115.0
2022-03,MUN,SP|PARAGUACU PAULISTA,glp,11,120.0,110.0,120.0,106.0,120.0
2022-03,MUN,SP|PAULINIA,glp,13,107.0,98.698,110.0,97.99,110.0
2022-03,MUN,SP|PINDAMONHANGABA,glp,6,111.5,108.75,116.25,107.5,120.0
2022-03,MUN,SP|PIRACICABA,glp,16,108.495,102.495,115.0,99.0,120.0
2022-03,MUN,SP|PIRASSUNUNGA,glp,2,103.495,102.291,104.699,101.99,105.0
2022-03,MUN,SP|POA,glp,8,109.0,99.99,110.6,92.99,112.0
2022-03,MUN,SP|PORTO FERREIRA,glp,2,112.45,106.49,118.41,105.0,119.9
2022-03,MUN,SP|PRAIA GRANDE,glp,9,113.99,112.392,116.0,110.0,120.0
2022-03,MUN,SP|PRESIDENTE PRUDENTE,glp,14,110.0,98.147,115.0,90.0,120.0
2022-03,MUN,SP|PRESIDENTE VENCESLAU,glp,2,105.0,97.0,113.0,95.0,115.0
2022-03,MUN,SP|RIBEIRAO PIRES,glp,19,107.99,99.999,125.0,95.99,125.0
2022-03,MUN,SP|RIBEIRAO PRETO,glp,41,110.0,105.0,117.0,99.99,125.0
2022-03,MUN,SP|RIO CLARO,glp,7,109.99,100.0,110.0,100.0,110.0
2022-03,MUN,SP|SALTO,glp,16,99.5,95.0,105.0,94.99,109.9
2022-03,MUN,SP|SANTA BARBARA D'OESTE,glp,15,109.99,103.5,110.0,102.5,120.0
2022-03,MUN,SP|SANTA CRUZ DO RIO PARDO,glp,15,110.0,110.0,120.0,109.99,124.0
2022-03,MUN,SP|SANTA FE DO SUL,glp,1,105.0,105.0,105.0,105.0,105.0
2022-03,MUN,SP|SANTO ANDRE,glp,30,114.995,109.999,120.0,98.99,121.99
2022-03,MUN,SP|SANTOS,glp,19,116.5,104.72,131.0,99.99,149.0
2022-03,MUN,SP|SAO BERNARDO DO CAMPO,glp,48,112.495,102.7,130.0,99.99,144.99
2022-03,MUN,SP|SAO CAETANO DO SUL,glp,6,117.5,112.5,125.0,110.0,125.0
2022-03,MUN,SP|SAO CARLOS,glp,13,120.0,117.2,125.0,116.495,125.0
2022-03,MUN,SP|SAO JOAO DA BOA VISTA,glp,12,108.75,105.0,110.0,102.5,110.0
2022-03,MUN,SP|SAO JOSE DO RIO PRETO,glp,21,110.0,100.0,130.0,99.99,135.0
2022-03,MUN,SP|SAO JOSE DOS CAMPOS,glp,18,109.99,99.99,115.9,89.99,120.0
2022-03,MUN,SP|SAO PAULO,glp,79,110.0,94.99,120.5,87.99,131.99
2022-03,MUN,SP|SAO ROQUE,glp,6,112.5,102.495,115.0,99.99,115.0
2022-03,MUN,SP|SAO VICENTE,glp,18,109.9,104.997,112.19,104.99,123.8
2022-03,MUN,SP|SERTAOZINHO,glp,14,110.0,105.0,120.0,105.0,124.5
2022-03,MUN,SP|SOROCABA,glp,42,110.0,104.91,115.0,99.0,120.0
2022-03,MUN,SP|SUMARE,glp,16,110.0,102.49,115.0,99.99,116.0
2022-03,MUN,SP|SUZANO,glp,20,104.99,99.459,112.099,95.0,113.95
2022-03,MUN,SP|TABOAO DA SERRA,glp,7,109.9,102.99,111.996,99.99,114.99
2022-03,MUN,SP|TATUI,glp,9,120.0,119.0,125.0,115.0,125.0
2022-03,MUN,SP|TAUBATE,glp,13,100.0,95.592,105.8,85.0,106.0
2022-03,MUN,SP|TUPA,glp,12,110.0,102.9,119.5,95.0,127.0
2022-03,MUN,SP|UBATUBA,glp,11,112.0,101.5,120.0,100.0,121.0
2022-03,MUN,SP|VALINHOS,glp,6,109.9,102.468,110.0,99.99,110.0
2022-03,MUN,SP|VARZEA PAULISTA,glp,7,110.0,104.0,117.99,102.5,117.99
2022-03,MUN,SP|VINHEDO,glp,4,115.0,112.9,120.6,112.0,123.0
2022-03,MUN,SP|VOTORANTIM,glp,18,110.0,108.491,115.0,100.0,120.0
2022-03,MUN,SP|VOTUPORANGA,glp,9,104.0,98.994,115.6,98.99,118.0
2022-03,MUN,TO|ARAGUAINA,glp,26,117.5,115.0,125.0,110.0,125.0
2022-03,MUN,TO|GURUPI,glp,36,125.0,115.0,125.0,115.0,125.0
2022-03,MUN,TO|PALMAS,glp,32,122.75,119.1,125.0,110.0,130.0
2022-03,MUN,TO|PORTO NACIONAL,glp,16,125.0,119.0,130.0,110.0,130.0
2022-03,UF,AC,glp,44,127.0,119.3,132.0,113.5,142.5
2022-03,UF,AL,glp,25,110.0,101.36,115.0,95.0,120.0
2022-03,UF,AM,glp,72,118.25,111.0,130.0,100.0,140.0
2022-03,UF,AP,glp,14,122.5,118.6,127.7,105.0,130.0
2022-03,UF,BA,glp,335,102.5,93.0,110.0,87.0,125.0
2022-03,UF,CE,glp,135,115.0,104.0,120.0,93.0,129.0
2022-03,UF,DF,glp,54,106.742,99.992,110.99,94.99,114.99
2022-03,UF,ES,glp,149,103.0,94.692,115.0,85.0,120.0
2022-03,UF,GO,glp,302,115.0,103.0,130.0,86.99,141.5
2022-03,UF,MA,glp,87,112.5,104.996,120.0,100.0,130.0
2022-03,UF,MG,glp,750,113.555,104.0,122.55,95.0,140.0
2022-03,UF,MS,glp,196,107.5,98.12,120.0,90.0,130.0
2022-03,UF,MT,glp,144,130.0,120.0,145.0,105.0,160.0
2022-03,UF,PA,glp,236,115.0,105.0,135.0,89.0,150.0
2022-03,UF,PB,glp,75,115.0,105.0,120.0,99.99,128.0
2022-03,UF,PE,glp,280,100.0,94.45,108.996,79.98,128.0
2022-03,UF,PI,glp,69,115.0,105.0,123.0,100.0,130.0
2022-03,UF,PR,glp,497,112.0,100.0,125.0,89.0,140.0
2022-03,UF,RJ,glp,310,99.99,90.0,110.0,78.0,125.0
2022-03,UF,RN,glp,60,120.0,110.0,125.0,105.0,130.0
2022-03,UF,RO,glp,57,127.5,112.1,145.0,108.0,150.0
2022-03,UF,RR,glp,99,119.5,110.0,127.0,99.0,145.0
2022-03,UF,RS,glp,485,110.0,102.5,120.0,90.0,137.0
2022-03,UF,SC,glp,134,119.995,105.0,130.0,95.99,155.0
2022-03,UF,SE,glp,45,103.0,96.7,110.0,88.0,117.5
2022-03,UF,SP,glp,1533,110.0,100.0,120.0,84.99,149.0
2022-03,UF,TO,glp,110,122.5,115.0,125.0,110.0,130.0
2022-04,BR,BR,glp,6302,114.99,101.99,128.0,85.0,160.0
2022-04,MUN,AC|CRUZEIRO DO SUL,glp,6,132.0,132.0,132.0,132.0,132.0
2022-04,MUN,AC|RIO BRANCO,glp,43,130.0,125.0,135.0,122.0,145.0
2022-04,MUN,AL|ARAPIRACA,glp,9,108.0,99.8,111.8,99.0,115.0
2022-04,MUN,AL|DELMIRO GOUVEIA,glp,2,112.5,110.5,114.5,110.0,115.0
2022-04,MUN,AL|MACEIO,glp,11,110.0,105.0,110.0,94.495,115.0
2022-04,MUN,AL|PALMEIRA DOS INDIOS,glp,4,115.0,115.0,115.0,115.0,115.0
2022-04,MUN,AL|RIO LARGO,glp,3,110.0,110.0,110.0,110.0,110.0
2022-04,MUN,AM|ITACOATIARA,glp,9,128.0,125.0,135.0,125.0,135.0
2022-04,MUN,AM|MANACAPURU,glp,8,124.0,120.6,130.0,115.0,130.0
2022-04,MUN,AM|MANAUS,glp,43,118.0,112.0,121.8,102.0,130.0
2022-04,MUN,AM|PARINTINS,glp,3,140.0,140.0,140.0,140.0,140.0
2022-04,MUN,AM|TEFE,glp,3,136.5,135.3,137.7,135.0,138.0
2022-04,MUN,AP|MACAPA,glp,13,126.0,116.0,127.8,110.0,130.0
2022-04,MUN,BA|ALAGOINHAS,glp,10,105.0,99.95,108.0,99.495,108.0
2022-04,MUN,BA|BARREIRAS,glp,6,130.0,130.0,130.0,130.0,130.0
2022-04,MUN,BA|BRUMADO,glp,4,107.75,103.5,109.55,102.0,110.0
2022-04,MUN,BA|CAETITE,glp,6,100.0,100.0,105.0,100.0,105.0
2022-04,MUN,BA|CAMACARI,glp,30,110.0,104.9,120.0,100.0,120.0
2022-04,MUN,BA|EUNAPOLIS,glp,12,106.75,104.1,114.75,99.99,117.5
2022-04,MUN,BA|FEIRA DE SANTANA,glp,12,96.495,88.484,107.4,88.0,113.0
2022-04,MUN,BA|GUANAMBI,glp,15,110.0,110.0,110.0,110.0,110.0
2022-04,MUN,BA|ILHEUS,glp,6,117.0,115.5,123.5,115.0,127.0
2022-04,MUN,BA|IRECE,glp,3,107.0,105.4,107.8,105.0,108.0
2022-04,MUN,BA|ITABUNA,glp,7,112.0,100.2,120.0,93.0,120.0
2022-04,MUN,BA|ITAMARAJU,glp,8,105.0,101.75,108.0,100.0,108.0
2022-04,MUN,BA|JACOBINA,glp,7,120.0,120.0,120.8,120.0,122.0
2022-04,MUN,BA|JAGUAQUARA,glp,2,113.75,112.75,114.75,112.5,115.0
2022-04,MUN,BA|JEQUIE,glp,6,95.0,92.75,97.225,92.0,99.45
2022-04,MUN,BA|JUAZEIRO,glp,6,107.0,106.0,108.0,106.0,108.5
2022-04,MUN,BA|LAURO DE FREITAS,glp,33,105.0,98.2,111.6,91.5,125.0
2022-04,MUN,BA|PAULO AFONSO,glp,1,100.0,100.0,100.0,100.0,100.0
2022-04,MUN,BA|POCOES,glp,3,107.0,105.4,109.4,105.0,110.0
2022-04,MUN,BA|PORTO SEGURO,glp,14,106.25,98.0,110.0,95.0,110.0
2022-04,MUN,BA|SALVADOR,glp,149,109.99,99.99,114.99,89.99,120.0
2022-04,MUN,BA|SANTO ANTONIO DE JESUS,glp,7,110.0,103.6,110.0,103.0,110.0
2022-04,MUN,BA|SENHOR DO BONFIM,glp,2,110.0,106.0,114.0,105.0,115.0
2022-04,MUN,BA|SIMOES FILHO,glp,12,104.995,96.199,115.0,96.0,125.0
2022-04,MUN,BA|TEIXEIRA DE FREITAS,glp,14,108.75,100.0,113.5,95.0,120.0
2022-04,MUN,BA|VALENCA,glp,9,115.0,111.0,122.5,105.0,132.5
2022-04,MUN,CE|AQUIRAZ,glp,1,105.0,105.0,105.0,105.0,105.0
2022-04,MUN,CE|CAUCAIA,glp,16,110.0,105.0,122.5,99.99,130.0
2022-04,MUN,CE|CRATEUS,glp,5,113.0,110.0,118.6,108.0,120.0
2022-04,MUN,CE|CRATO,glp,14,115.0,112.0,115.0,110.0,120.0
2022-04,MUN,CE|FORTALEZA,glp,55,115.0,108.0,125.0,103.0,128.0
2022-04,MUN,CE|ICO,glp,3,125.0,117.0,129.0,115.0,130.0
2022-04,MUN,CE|IGUATU,glp,3,120.0,116.0,120.8,115.0,121.0
2022-04,MUN,CE|ITAPIPOCA,glp,6,112.5,110.0,115.0,110.0,115.0
2022-04,MUN,CE|JUAZEIRO DO NORTE,glp,13,115.0,114.0,119.5,113.5,120.0
2022-04,MUN,CE|LIMOEIRO DO NORTE,glp,3,125.0,123.8,125.0,123.5,125.0
2022-04,MUN,CE|MARACANAU,glp,9,115.0,109.0,120.0,105.0,120.0
2022-04,MUN,CE|QUIXADA,glp,2,114.5,114.1,114.9,114.0,115.0
2022-04,MUN,CE|SOBRAL,glp,5,122.5,118.2,125.0,117.0,125.0
2022-04,MUN,DF|BRASILIA,glp,53,107.99,100.0,113.894,99.99,119.99
2022-04,MUN,ES|ARACRUZ,glp,6,110.0,102.5,111.5,100.0,113.0
2022-04,MUN,ES|CACHOEIRO DE ITAPEMIRIM,glp,19,109.99,99.936,115.0,98.0,120.0
2022-04,MUN,ES|CARIACICA,glp,26,100.0,94.99,104.995,93.0,110.0
2022-04,MUN,ES|COLATINA,glp,8,110.0,103.5,110.0,100.0,110.0
2022-04,MUN,ES|GUARAPARI,glp,9,109.495,102.998,115.0,94.99,115.0
2022-04,MUN,ES|LINHARES,glp,17,115.0,110.0,117.0,110.0,120.0
2022-04,MUN,ES|SAO MATEUS,glp,10,99.99,99.99,105.0,99.99,105.0
2022-04,MUN,ES|SERRA,glp,24,110.0,105.0,114.25,94.99,115.0
2022-04,MUN,ES|VILA VELHA,glp,25,107.0,97.4,110.0,92.99,110.0
2022-04,MUN,ES|VITORIA,glp,6,117.5,110.0,120.0,105.0,120.0
2022-04,MUN,GO|AGUAS LINDAS DE GOIAS,glp,22,103.995,99.99,110.0,96.99,111.0
2022-04,MUN,GO|ANAPOLIS,glp,22,120.0,120.0,129.5,115.0,132.5
2022-04,MUN,GO|APARECIDA DE GOIANIA,glp,20,120.0,115.0,125.0,110.0,130.0
2022-04,MUN,GO|CALDAS NOVAS,glp,5,115.0,115.0,122.8,115.0,128.0
2022-04,MUN,GO|CATALAO,glp,10,115.0,115.0,120.15,115.0,121.5
2022-04,MUN,GO|FORMOSA,glp,16,114.5,105.0,119.0,104.99,120.0
2022-04,MUN,GO|GOIANIA,glp,43,125.0,125.0,130.0,115.0,130.0
2022-04,MUN,GO|GOIATUBA,glp,7,120.0,113.0,123.5,110.0,125.0
2022-04,MUN,GO|ITUMBIARA,glp,15,127.0,122.0,130.0,118.0,130.0
2022-04,MUN,GO|JATAI,glp,21,140.0,135.0,145.0,120.0,145.0
2022-04,MUN,GO|LUZIANIA,glp,11,114.99,109.99,115.0,109.99,115.0
2022-04,MUN,GO|MINEIROS,glp,5,125.0,123.2,125.0,122.0,125.0
2022-04,MUN,GO|MORRINHOS,glp,8,119.745,113.5,120.0,110.0,120.0
2022-04,MUN,GO|PORANGATU,glp,15,120.0,115.0,125.0,115.0,125.0
2022-04,MUN,GO|RIO VERDE,glp,28,135.0,130.0,140.0,125.0,140.0
2022-04,MUN,GO|TRINDADE,glp,51,110.0,110.0,117.0,100.0,125.0
2022-04,MUN,GO|VALPARAISO DE GOIAS,glp,10,112.245,110.0,115.991,110.0,125.0
2022-04,MUN,MA|ACAILANDIA,glp,8,115.0,113.7,119.3,113.0,120.0
2022-04,MUN,MA|BACABAL,glp,8,120.5,120.0,122.0,120.0,122.0
2022-04,MUN,MA|BALSAS,glp,4,130.0,130.0,130.0,130.0,130.0
2022-04,MUN,MA|BARRA DO CORDA,glp,5,120.0,115.0,120.0,115.0,120.0
2022-04,MUN,MA|CAXIAS,glp,7,115.0,115.0,120.0,115.0,120.0
2022-04,MUN,MA|CODO,glp,7,120.0,120.0,121.0,120.0,122.5
2022-04,MUN,MA|IMPERATRIZ,glp,28,110.0,107.5,110.0,105.0,110.0
2022-04,MUN,MA|PINHEIRO,glp,4,125.0,125.0,125.0,125.0,125.0
2022-04,MUN,MA|PRESIDENTE DUTRA,glp,4,122.5,103.55,125.0,96.5,125.0
2022-04,MUN,MA|SANTA INES,glp,5,129.0,128.7,129.0,128.5,129.0
2022-04,MUN,MA|SAO JOSE DE RIBAMAR,glp,11,119.99,119.99,119.99,119.99,119.99
2022-04,MUN,MA|SAO LUIS,glp,26,119.99,117.495,119.99,114.99,120.0
2022-04,MUN,MG|ALFENAS,glp,9,110.0,110.0,116.0,110.0,120.0
2022-04,MUN,MG|ARAGUARI,glp,8,120.0,109.4,121.85,108.0,125.0
2022-04,MUN,MG|ARAXA,glp,12,115.0,115.0,120.45,112.0,124.0
2022-04,MUN,MG|BARBACENA,glp,16,110.0,105.0,117.5,104.9,120.0
2022-04,MUN,MG|BELO HORIZONTE,glp,30,110.0,105.0,125.0,95.0,125.0
2022-04,MUN,MG|BETIM,glp,34,120.0,110.0,125.0,100.0,125.0
2022-04,MUN,MG|CAMPO BELO,glp,7,120.0,120.0,120.0,120.0,120.0
2022-04,MUN,MG|CARATINGA,glp,4,122.5,120.0,125.0,120.0,125.0
2022-04,MUN,MG|CONGONHAS,glp,10,115.75,113.6,117.55,110.0,118.0
2022-04,MUN,MG|CONSELHEIRO LAFAIETE,glp,14,105.5,105.0,110.0,104.99,110.0
2022-04,MUN,MG|CONTAGEM,glp,50,120.0,104.999,125.0,101.9,135.0
2022-04,MUN,MG|CORONEL FABRICIANO,glp,7,123.0,118.0,125.4,115.0,126.0
2022-04,MUN,MG|CURVELO,glp,7,110.0,100.0,120.0,100.0,120.0
2022-04,MUN,MG|DIVINOPOLIS,glp,33,110.0,105.0,119.5,105.0,120.0
2022-04,MUN,MG|FORMIGA,glp,15,122.5,120.0,125.0,117.0,130.0
2022-04,MUN,MG|FRUTAL,glp,5,115.5,115.0,115.5,115.0,115.5
2022-04,MUN,MG|GOVERNADOR VALADARES,glp,9,125.0,120.0,135.8,120.0,139.0
2022-04,MUN,MG|GUAXUPE,glp,7,106.5,101.8,110.0,100.0,110.0
2022-04,MUN,MG|IPATINGA,glp,18,122.75,113.5,126.5,110.0,130.0
2022-04,MUN,MG|ITABIRA,glp,2,120.0,116.0,124.0,115.0,125.0
2022-04,MUN,MG|ITAJUBA,glp,13,112.5,110.0,115.0,110.0,120.0
2022-04,MUN,MG|ITAUNA,glp,9,115.0,105.8,117.6,105.0,120.0
2022-04,MUN,MG|ITUIUTABA,glp,18,110.0,105.0,116.95,102.5,118.0
2022-04,MUN,MG|JANAUBA,glp,2,116.97,115.746,118.194,115.44,118.5
2022-04,MUN,MG|JANUARIA,glp,11,135.0,132.0,135.0,129.0,140.0
2022-04,MUN,MG|JOAO MONLEVADE,glp,9,115.0,111.2,120.0,110.0,120.0
2022-04,MUN,MG|JOAO PINHEIRO,glp,10,128.0,124.21,130.0,118.0,130.0
2022-04,MUN,MG|JUIZ DE FORA,glp,26,110.0,100.995,116.5,99.99,120.0
2022-04,MUN,MG|LAVRAS,glp,8,110.0,109.7,113.5,109.0,117.0
2022-04,MUN,MG|LEOPOLDINA,glp,6,116.5,111.5,120.0,110.0,120.0
2022-04,MUN,MG|MANHUACU,glp,6,112.5,105.95,115.0,104.9,115.0
2022-04,MUN,MG|MONTE CARMELO,glp,17,115.0,115.0,120.0,115.0,130.0
2022-04,MUN,MG|MONTES CLAROS,glp,41,128.0,120.0,130.0,109.99,132.0
2022-04,MUN,MG|MURIAE,glp,6,110.0,107.5,115.0,105.0,120.0
2022-04,MUN,MG|OLIVEIRA,glp,4,111.25,109.3,114.25,109.0,115.0
2022-04,MUN,MG|OURO PRETO,glp,4,123.5,120.6,125.0,120.0,125.0
2022-04,MUN,MG|PARA DE MINAS,glp,3,120.0,120.0,124.0,120.0,125.0
2022-04,MUN,MG|PARACATU,glp,9,125.0,125.0,125.5,125.0,127.5
2022-04,MUN,MG|PASSOS,glp,27,120.0,115.0,126.0,110.0,130.0
2022-04,MUN,MG|PATOS DE MINAS,glp,21,130.0,120.0,130.0,120.0,135.0
2022-04,MUN,MG|PATROCINIO,glp,9,115.0,114.0,117.0,110.0,125.0
2022-04,MUN,MG|POCOS DE CALDAS,glp,14,122.25,120.0,124.0,120.0,124.99
2022-04,MUN,MG|POUSO ALEGRE,glp,10,109.5,107.25,110.5,105.0,115.0
2022-04,MUN,MG|SAO JOAO DEL REI,glp,16,115.0,110.5,117.0,102.49,118.0
2022-04,MUN,MG|SAO SEBASTIAO DO PARAISO,glp,20,105.0,104.5,115.5,99.9,120.0
2022-04,MUN,MG|SETE LAGOAS,glp,10,110.0,109.71,115.5,108.0,120.0
2022-04,MUN,MG|TEOFILO OTONI,glp,17,117.0,115.0,120.4,110.0,122.5
2022-04,MUN,MG|TIMOTEO,glp,7,125.0,115.0,125.0,115.0,125.0
2022-04,MUN,MG|TRES CORACOES,glp,12,106.25,105.0,110.0,105.0,110.0
2022-04,MUN,MG|UBA,glp,13,120.0,115.0,120.0,110.0,120.0
2022-04,MUN,MG|UBERABA,glp,25,115.0,105.8,123.0,98.99,125.0
2022-04,MUN,MG|UBERLANDIA,glp,23,115.0,110.0,119.7,105.0,125.0
2022-04,MUN,MG|UNAI,glp,8,135.0,135.0,140.0,135.0,140.0
2022-04,MUN,MG|VARGINHA,glp,17,110.0,104.6,115.0,100.0,115.0
2022-04,MUN,MG|VICOSA,glp,3,121.0,117.8,126.6,117.0,128.0
2022-04,MUN,MS|CAMPO GRANDE,glp,116,108.0,99.82,115.0,95.0,129.0
2022-04,MUN,MS|CORUMBA,glp,2,115.0,115.0,115.0,115.0,115.0
2022-04,MUN,MS|COXIM,glp,8,128.75,124.25,130.0,122.5,130.0
2022-04,MUN,MS|DOURADOS,glp,31,115.0,110.0,127.0,106.0,130.0
2022-04,MUN,MS|NOVA ANDRADINA,glp,12,115.0,110.5,120.0,110.0,120.0
2022-04,MUN,MS|PONTA PORA,glp,4,105.5,105.0,114.4,105.0,118.0
2022-04,MUN,MS|TRES LAGOAS,glp,23,115.0,110.0,119.0,105.0,125.0
2022-04,MUN,MT|ALTA FLORESTA,glp,14,150.0,146.2,150.0,145.0,150.0
2022-04,MUN,MT|CACERES,glp,8,125.0,120.0,126.5,120.0,130.0
2022-04,MUN,MT|CUIABA,glp,54,135.0,121.5,140.0,109.99,145.0
2022-04,MUN,MT|SINOP,glp,23,145.0,140.0,150.0,140.0,160.0
2022-04,MUN,MT|SORRISO,glp,19,140.0,138.2,150.0,135.0,150.0
2022-04,MUN,MT|VARZEA GRANDE,glp,11,135.0,119.99,137.0,114.99,140.0
2022-04,MUN,PA|ABAETETUBA,glp,8,110.0,106.5,117.3,103.0,118.0
2022-04,MUN,PA|ALENQUER,glp,4,115.0,111.5,115.0,110.0,115.0
2022-04,MUN,PA|ALTAMIRA,glp,10,135.0,134.5,135.0,130.0,135.0
2022-04,MUN,PA|ANANINDEUA,glp,26,111.0,109.0,116.5,105.0,129.99
2022-04,MUN,PA|BELEM,glp,47,115.0,113.498,119.396,110.0,140.0
2022-04,MUN,PA|BRAGANCA,glp,7,125.0,125.0,125.0,125.0,125.0
2022-04,MUN,PA|CAMETA,glp,7,120.0,120.0,120.0,120.0,120.0
2022-04,MUN,PA|CASTANHAL,glp,7,120.0,113.8,122.8,112.0,127.0
2022-04,MUN,PA|CONCEICAO DO ARAGUAIA,glp,9,130.0,130.0,130.0,130.0,130.0
2022-04,MUN,PA|ITAITUBA,glp,14,135.0,130.0,136.75,128.0,140.0
2022-04,MUN,PA|MARABA,glp,10,128.0,125.0,130.0,125.0,130.0
2022-04,MUN,PA|PARAGOMINAS,glp,4,140.0,140.0,140.0,140.0,140.0
2022-04,MUN,PA|PARAUAPEBAS,glp,7,140.0,140.0,145.0,140.0,145.0
2022-04,MUN,PA|REDENCAO,glp,7,150.0,140.0,150.0,140.0,150.0
2022-04,MUN,PA|SANTAREM,glp,56,111.25,106.25,115.0,105.0,122.0
2022-04,MUN,PB|BAYEUX,glp,5,115.0,115.0,116.0,115.0,116.0
2022-04,MUN,PB|CABEDELO,glp,7,119.0,109.0,121.0,100.0,122.5
2022-04,MUN,PB|CAMPINA GRANDE,glp,34,120.0,110.6,123.5,105.0,128.0
2022-04,MUN,PB|JOAO PESSOA,glp,24,115.0,108.25,120.0,99.99,125.0
2022-04,MUN,PB|PATOS,glp,4,120.0,114.4,120.0,112.0,120.0
2022-04,MUN,PB|SOUSA,glp,5,115.0,107.0,118.8,105.0,120.0
2022-04,MUN,PE|ARARIPINA,glp,3,115.0,115.0,115.0,115.0,115.0
2022-04,MUN,PE|ARCOVERDE,glp,6,99.995,99.99,101.5,99.99,103.0
2022-04,MUN,PE|BELO JARDIM,glp,7,105.0,101.8,107.8,100.0,109.0
2022-04,MUN,PE|CABO DE SANTO AGOSTINHO,glp,8,100.0,94.99,104.3,94.99,108.5
2022-04,MUN,PE|CARUARU,glp,8,102.0,100.0,111.5,100.0,115.0
2022-04,MUN,PE|GARANHUNS,glp,8,109.99,109.99,110.0,109.99,110.0
2022-04,MUN,PE|GOIANA,glp,8,100.0,97.0,108.6,90.0,110.0
2022-04,MUN,PE|IGARASSU,glp,20,104.5,102.246,110.0,100.0,110.0
2022-04,MUN,PE|JABOATAO DOS GUARARAPES,glp,35,100.0,97.497,100.6,92.0,110.0
2022-04,MUN,PE|LAJEDO,glp,5,100.0,99.994,100.0,99.99,100.0
2022-04,MUN,PE|OLINDA,glp,47,100.0,96.596,108.796,95.0,120.0
2022-04,MUN,PE|PAULISTA,glp,19,105.0,99.998,110.0,97.495,115.0
2022-04,MUN,PE|PETROLINA,glp,18,106.0,103.05,110.0,100.0,112.0
2022-04,MUN,PE|RECIFE,glp,67,100.0,98.0,107.0,92.0,115.0
2022-04,MUN,PE|SANTA CRUZ DO CAPIBARIBE,glp,5,115.0,112.0,115.0,110.0,115.0
2022-04,MUN,PE|SERRA TALHADA,glp,3,128.0,121.2,128.0,119.5,128.0
2022-04,MUN,PE|VITORIA DE SANTO ANTAO,glp,12,100.0,100.0,100.0,99.99,100.0
2022-04,MUN,PI|PARNAIBA,glp,3,130.0,126.0,130.0,125.0,130.0
2022-04,MUN,PI|PICOS,glp,4,122.5,120.0,125.0,120.0,125.0
2022-04,MUN,PI|PIRIPIRI,glp,5,130.0,122.4,130.0,118.0,130.0
2022-04,MUN,PI|TERESINA,glp,49,120.0,117.499,120.0,114.5,130.0
2022-04,MUN,PR|APUCARANA,glp,20,115.0,110.0,120.0,107.45,120.0
2022-04,MUN,PR|ARAPONGAS,glp,21,110.0,108.0,111.45,104.9,115.0
2022-04,MUN,PR|ASSIS CHATEAUBRIAND,glp,8,138.5,135.0,140.0,135.0,140.0
2022-04,MUN,PR|CAMBE,glp,17,118.0,110.0,125.0,110.0,125.0
2022-04,MUN,PR|CAMPO LARGO,glp,18,109.675,102.765,111.615,99.9,113.0
2022-04,MUN,PR|CAMPO MOURAO,glp,10,126.0,124.7,128.55,122.0,129.0
2022-04,MUN,PR|CASCAVEL,glp,26,119.0,113.5,123.75,110.0,125.0
2022-04,MUN,PR|CASTRO,glp,6,108.5,107.5,112.5,107.0,115.0
2022-04,MUN,PR|CIANORTE,glp,16,129.2,125.0,130.0,120.0,130.0
2022-04,MUN,PR|COLOMBO,glp,22,110.0,106.15,114.75,105.0,119.0
2022-04,MUN,PR|CORNELIO PROCOPIO,glp,3,125.0,125.0,125.0,125.0,125.0
2022-04,MUN,PR|CURITIBA,glp,35,110.0,105.4,114.0,104.9,117.9
2022-04,MUN,PR|FOZ DO IGUACU,glp,21,120.0,115.0,130.0,105.0,130.0
2022-04,MUN,PR|FRANCISCO BELTRAO,glp,10,121.0,109.9,130.0,109.0,130.0
2022-04,MUN,PR|GUARAPUAVA,glp,9,121.5,117.95,124.4,117.95,130.0
2022-04,MUN,PR|JACAREZINHO,glp,1,115.0,115.0,115.0,115.0,115.0
2022-04,MUN,PR|LONDRINA,glp,64,110.0,105.0,123.5,100.0,130.0
2022-04,MUN,PR|MARECHAL CANDIDO RONDON,glp,8,117.5,114.963,120.0,114.9,120.0
2022-04,MUN,PR|MARINGA,glp,45,125.0,116.0,130.0,115.0,133.0
2022-04,MUN,PR|PARANAGUA,glp,14,105.0,101.5,110.35,98.0,113.0
2022-04,MUN,PR|PARANAVAI,glp,19,120.0,115.0,123.0,98.9,125.0
2022-04,MUN,PR|PATO BRANCO,glp,7,128.0,123.6,130.0,123.0,130.0
2022-04,MUN,PR|PINHAIS,glp,19,110.0,107.2,115.0,105.0,115.0
2022-04,MUN,PR|PONTA GROSSA,glp,30,108.0,105.0,113.3,99.9,119.5
2022-04,MUN,PR|SANTO ANTONIO DA PLATINA,glp,8,117.5,115.0,120.8,115.0,125.0
2022-04,MUN,PR|SAO JOSE DOS PINHAIS,glp,15,110.0,107.0,114.78,105.0,119.9
2022-04,MUN,PR|TOLEDO,glp,13,114.0,110.4,119.0,105.0,120.0
2022-04,MUN,PR|UMUARAMA,glp,11,120.0,120.0,125.0,115.0,130.0
2022-04,MUN,PR|UNIAO DA VITORIA,glp,6,122.5,120.0,127.5,120.0,130.0
2022-04,MUN,RJ|ANGRA DOS REIS,glp,9,120.0,119.9,121.2,119.9,122.0
2022-04,MUN,RJ|ARARUAMA,glp,10,94.995,93.89,97.294,92.99,99.99
2022-04,MUN,RJ|BARRA DO PIRAI,glp,4,112.4,111.2,115.0,110.9,115.9
2022-04,MUN,RJ|BARRA MANSA,glp,8,107.748,99.63,113.25,99.0,115.0
2022-04,MUN,RJ|BELFORD ROXO,glp,12,97.495,90.399,99.791,85.0,100.0
2022-04,MUN,RJ|CABO FRIO,glp,4,97.99,97.99,97.997,97.99,98.0
2022-04,MUN,RJ|CAMPOS DOS GOYTACAZES,glp,18,100.0,97.853,102.2,94.99,110.0
2022-04,MUN,RJ|DUQUE DE CAXIAS,glp,25,95.0,94.687,99.99,93.99,110.0
2022-04,MUN,RJ|ITABORAI,glp,7,96.99,93.89,99.99,89.99,99.99
2022-04,MUN,RJ|ITAGUAI,glp,3,115.9,108.78,115.9,107.0,115.9
2022-04,MUN,RJ|ITAPERUNA,glp,5,105.0,104.1,106.8,103.5,108.0
2022-04,MUN,RJ|MACAE,glp,5,123.5,123.194,125.0,122.99,125.0
2022-04,MUN,RJ|MARICA,glp,5,99.5,90.0,103.0,90.0,105.0
2022-04,MUN,RJ|NILOPOLIS,glp,7,105.0,98.0,105.0,95.0,105.0
2022-04,MUN,RJ|NITEROI,glp,10,94.515,91.9,100.491,91.0,105.0
2022-04,MUN,RJ|NOVA FRIBURGO,glp,8,122.25,121.37,124.06,119.9,124.2
2022-04,MUN,RJ|NOVA IGUACU,glp,19,100.0,94.998,115.0,90.0,118.0
2022-04,MUN,RJ|PETROPOLIS,glp,10,100.995,95.0,105.1,95.0,106.0
2022-04,MUN,RJ|RESENDE,glp,7,110.0,109.99,114.0,109.99,120.0
2022-04,MUN,RJ|RIO BONITO,glp,5,90.0,89.994,94.99,89.99,94.99
2022-04,MUN,RJ|RIO DE JANEIRO,glp,57,100.0,94.99,105.4,89.99,108.0
2022-04,MUN,RJ|SANTO ANTONIO DE PADUA,glp,3,100.0,100.0,106.4,100.0,108.0
2022-04,MUN,RJ|SAO FRANCISCO DE ITABAPOANA,glp,2,104.0,99.2,108.8,98.0,110.0
2022-04,MUN,RJ|SAO GONCALO,glp,16,99.745,97.498,105.0,95.495,105.0
2022-04,MUN,RJ|SAO JOAO DE MERITI,glp,11,99.9,94.99,104.99,94.99,105.0
2022-04,MUN,RJ|SAQUAREMA,glp,6,94.0,87.995,101.248,87.99,104.0
2022-04,MUN,RJ|TERESOPOLIS,glp,8,121.0,100.0,126.0,100.0,126.0
2022-04,MUN,RJ|TRES RIOS,glp,3,109.99,109.99,109.998,109.99,110.0
2022-04,MUN,RJ|VALENCA,glp,9,100.0,97.6,107.0,96.0,115.0
2022-04,MUN,RJ|VOLTA REDONDA,glp,9,110.0,106.52,110.38,105.0,111.9
2022-04,MUN,RN|CAICO,glp,4,125.0,125.0,125.0,125.0,125.0
2022-04,MUN,RN|MOSSORO,glp,8,120.0,117.1,123.25,115.0,125.0
2022-04,MUN,RN|NATAL,glp,26,120.0,110.0,127.25,105.0,139.0
2022-04,MUN,RN|PARNAMIRIM,glp,19,120.0,115.0,125.0,115.0,125.0
2022-04,MUN,RO|ARIQUEMES,glp,8,136.0,135.0,140.1,135.0,145.0
2022-04,MUN,RO|CACOAL,glp,7,140.0,138.2,147.0,137.0,150.0
2022-04,MUN,RO|JI-PARANA,glp,9,135.0,131.8,138.4,131.0,140.0
2022-04,MUN,RO|PIMENTA BUENO,glp,4,144.0,144.0,144.7,144.0,145.0
2022-04,MUN,RO|PORTO VELHO,glp,36,125.0,119.0,135.0,115.0,140.0
2022-04,MUN,RO|VILHENA,glp,8,146.5,143.7,150.0,143.0,150.0
2022-04,MUN,RR|BOA VISTA,glp,88,125.0,120.0,130.0,99.0,145.0
2022-04,MUN,RS|ALEGRETE,glp,8,114.0,109.7,115.0,109.0,115.0
2022-04,MUN,RS|ALVORADA,glp,7,103.995,97.394,110.4,95.0,111.0
2022-04,MUN,RS|BAGE,glp,24,120.0,115.45,124.4,112.0,125.0
2022-04,MUN,RS|BENTO GONCALVES,glp,3,125.0,121.0,127.4,120.0,128.0
2022-04,MUN,RS|CACHOEIRA DO SUL,glp,7,110.0,103.0,112.0,100.0,112.0
2022-04,MUN,RS|CACHOEIRINHA,glp,7,112.5,108.6,126.96,108.0,129.9
2022-04,MUN,RS|CANOAS,glp,14,107.25,102.375,110.0,98.0,111.0
2022-04,MUN,RS|CAXIAS DO SUL,glp,51,115.0,110.0,120.0,107.0,129.9
2022-04,MUN,RS|CRUZ ALTA,glp,3,105.9,104.38,105.9,104.0,105.9
2022-04,MUN,RS|ERECHIM,glp,18,125.0,121.7,130.0,120.0,135.0
2022-04,MUN,RS|ESTEIO,glp,11,108.0,105.0,115.0,103.5,117.5
2022-04,MUN,RS|GRAMADO,glp,5,115.0,109.6,119.2,108.0,122.0
2022-04,MUN,RS|GRAVATAI,glp,8,104.5,103.0,109.135,103.0,109.45
2022-04,MUN,RS|GUAIBA,glp,5,110.0,109.4,119.0,109.0,125.0
2022-04,MUN,RS|IJUI,glp,11,122.5,115.0,127.5,109.9,127.5
2022-04,MUN,RS|LAJEADO,glp,7,105.0,103.0,113.2,103.0,115.0
2022-04,MUN,RS|NOVO HAMBURGO,glp,12,105.0,104.0,109.95,96.0,110.0
2022-04,MUN,RS|OSORIO,glp,5,110.0,98.994,116.8,96.99,118.0
2022-04,MUN,RS|PASSO FUNDO,glp,17,114.0,110.0,116.0,110.0,118.0
2022-04,MUN,RS|PELOTAS,glp,45,109.0,107.0,112.8,106.0,117.5
2022-04,MUN,RS|PORTO ALEGRE,glp,21,114.9,109.0,122.0,105.0,125.0
2022-04,MUN,RS|RIO GRANDE,glp,10,121.0,120.0,121.55,120.0,122.0
2022-04,MUN,RS|SANTA CRUZ DO SUL,glp,16,110.0,105.5,113.0,104.0,115.0
2022-04,MUN,RS|SANTA MARIA,glp,39,115.0,108.5,120.0,100.0,125.0
2022-04,MUN,RS|SANTA ROSA,glp,9,115.0,109.6,116.0,108.0,120.0
2022-04,MUN,RS|SANTANA DO LIVRAMENTO,glp,14,113.0,110.0,118.5,100.0,120.0
2022-04,MUN,RS|SANTO ANGELO,glp,3,129.0,127.4,129.0,127.0,129.0
2022-04,MUN,RS|SAO GABRIEL,glp,12,110.0,110.0,112.7,110.0,137.0
2022-04,MUN,RS|SAO LEOPOLDO,glp,8,102.75,101.55,109.3,100.5,110.0
2022-04,MUN,RS|SAO LUIZ GONZAGA,glp,5,115.0,110.0,120.0,110.0,120.0
2022-04,MUN,RS|SAPIRANGA,glp,5,110.0,108.8,115.0,108.0,115.0
2022-04,MUN,RS|SAPUCAIA DO SUL,glp,19,109.0,105.9,111.6,105.0,115.0
2022-04,MUN,RS|TORRES,glp,6,116.44,105.45,128.0,105.0,136.0
2022-04,MUN,RS|URUGUAIANA,glp,10,125.0,119.2,126.2,112.0,128.0
2022-04,MUN,RS|VACARIA,glp,8,116.25,112.9,125.0,108.0,125.0
2022-04,MUN,RS|VIAMAO,glp,14,112.25,107.3,120.0,105.5,125.0
2022-04,MUN,SC|ARARANGUA,glp,4,115.0,115.0,116.4,115.0,117.0
2022-04,MUN,SC|BALNEARIO CAMBORIU,glp,6,133.5,125.0,136.5,120.0,138.0
2022-04,MUN,SC|BIGUACU,glp,2,123.5,122.3,124.7,122.0,125.0
2022-04,MUN,SC|BLUMENAU,glp,7,130.0,122.0,130.0,110.0,130.0
2022-04,MUN,SC|BRUSQUE,glp,6,125.0,123.5,129.0,123.0,130.0
2022-04,MUN,SC|CACADOR,glp,6,130.0,125.0,147.5,120.0,155.0
2022-04,MUN,SC|CHAPECO,glp,5,138.0,127.0,148.2,125.0,155.0
2022-04,MUN,SC|CONCORDIA,glp,4,112.5,110.6,116.5,110.0,118.0
2022-04,MUN,SC|CRICIUMA,glp,8,117.0,115.2,118.3,111.0,119.0
2022-04,MUN,SC|FLORIANOPOLIS,glp,5,122.99,119.8,124.196,119.0,125.0
2022-04,MUN,SC|ITAJAI,glp,9,130.0,112.5,132.0,112.5,132.0
2022-04,MUN,SC|JARAGUA DO SUL,glp,9,114.99,111.9,117.492,111.9,123.5
2022-04,MUN,SC|JOINVILLE,glp,10,119.5,117.0,125.5,117.0,130.0
2022-04,MUN,SC|LAGES,glp,19,120.0,115.0,124.2,113.0,128.0
2022-04,MUN,SC|LAGUNA,glp,6,107.99,106.748,111.495,106.0,115.0
2022-04,MUN,SC|MAFRA,glp,9,122.5,120.0,125.0,120.0,125.0
2022-04,MUN,SC|PALHOCA,glp,2,124.4,123.92,124.88,123.8,125.0
2022-04,MUN,SC|SAO JOSE,glp,3,125.0,122.6,127.4,122.0,128.0
2022-04,MUN,SC|TUBARAO,glp,1,115.0,115.0,115.0,115.0,115.0
2022-04,MUN,SC|VIDEIRA,glp,5,121.5,120.0,133.0,120.0,140.0
2022-04,MUN,SC|XANXERE,glp,4,117.5,115.0,127.0,115.0,130.0
2022-04,MUN,SE|ARACAJU,glp,19,105.0,103.956,110.0,100.0,118.0
2022-04,MUN,SE|ITABAIANA,glp,5,105.0,100.0,110.6,100.0,111.0
2022-04,MUN,SE|LAGARTO,glp,7,119.0,114.3,120.0,114.0,120.0
2022-04,MUN,SE|NOSSA SENHORA DO SOCORRO,glp,7,100.0,99.99,105.0,99.99,105.0
2022-04,MUN,SP|ADAMANTINA,glp,4,113.5,110.0,119.1,110.0,120.0
2022-04,MUN,SP|AMERICANA,glp,19,112.0,110.0,117.99,108.0,120.0
2022-04,MUN,SP|AMPARO,glp,6,116.0,109.5,130.0,109.0,130.0
2022-04,MUN,SP|ARACATUBA,glp,34,115.0,113.5,117.85,110.0,120.0
2022-04,MUN,SP|ARARAQUARA,glp,17,122.5,119.6,128.0,115.0,128.0
2022-04,MUN,SP|ARARAS,glp,7,108.0,108.0,115.157,108.0,116.9
2022-04,MUN,SP|ASSIS,glp,8,115.0,112.3,120.0,106.0,120.0
2022-04,MUN,SP|ATIBAIA,glp,20,115.0,112.0,120.0,103.0,120.0
2022-04,MUN,SP|AVARE,glp,8,104.995,104.69,109.3,103.99,110.0
2022-04,MUN,SP|BARRETOS,glp,6,118.0,112.5,124.0,110.0,128.0
2022-04,MUN,SP|BARUERI,glp,30,110.0,105.891,120.0,96.0,123.0
2022-04,MUN,SP|BAURU,glp,15,105.0,94.994,115.0,92.99,118.0
2022-04,MUN,SP|BEBEDOURO,glp,13,120.0,111.0,125.0,100.0,125.0
2022-04,MUN,SP|BIRIGUI,glp,28,115.0,112.35,120.0,103.0,120.0
2022-04,MUN,SP|BOTUCATU,glp,17,110.0,105.0,115.0,104.0,115.95
2022-04,MUN,SP|BRAGANCA PAULISTA,glp,7,114.9,114.9,117.9,114.9,120.0
2022-04,MUN,SP|CACAPAVA,glp,5,101.99,99.99,119.996,99.99,120.0
2022-04,MUN,SP|CAMPINAS,glp,15,114.99,114.99,121.0,114.99,125.0
2022-04,MUN,SP|CARAGUATATUBA,glp,6,105.495,103.995,114.0,102.99,120.0
2022-04,MUN,SP|CARAPICUIBA,glp,11,110.0,108.0,114.99,105.0,114.995
2022-04,MUN,SP|CATANDUVA,glp,12,108.5,104.991,119.99,104.9,120.0
2022-04,MUN,SP|COSMOPOLIS,glp,5,99.99,96.99,99.99,94.99,99.99
2022-04,MUN,SP|COTIA,glp,8,115.0,114.99,136.146,114.99,140.0
2022-04,MUN,SP|CRUZEIRO,glp,8,99.995,97.49,110.0,97.49,110.0
2022-04,MUN,SP|CUBATAO,glp,6,118.75,110.5,127.5,110.0,130.0
2022-04,MUN,SP|DIADEMA,glp,30,115.5,109.999,135.0,108.0,135.0
2022-04,MUN,SP|DRACENA,glp,3,120.0,120.0,120.8,120.0,121.0
2022-04,MUN,SP|EMBU DAS ARTES,glp,6,112.0,109.99,125.295,109.99,135.6
2022-04,MUN,SP|FRANCA,glp,36,110.0,104.99,125.0,97.99,129.9
2022-04,MUN,SP|GARCA,glp,7,115.0,109.0,123.56,109.0,128.9
2022-04,MUN,SP|GUARATINGUETA,glp,13,108.0,105.0,110.0,99.99,113.0
2022-04,MUN,SP|GUARUJA,glp,7,110.0,110.0,115.99,110.0,115.99
2022-04,MUN,SP|GUARULHOS,glp,19,109.99,103.99,115.0,99.99,115.0
2022-04,MUN,SP|HORTOLANDIA,glp,9,115.0,104.994,120.0,104.99,120.0
2022-04,MUN,SP|IBITINGA,glp,5,119.0,111.5,124.0,107.5,125.0
2022-04,MUN,SP|INDAIATUBA,glp,15,110.0,108.8,118.3,106.0,120.0
2022-04,MUN,SP|ITANHAEM,glp,3,117.0,117.0,119.4,117.0,120.0
2022-04,MUN,SP|ITAPECERICA DA SERRA,glp,6,109.99,102.995,114.998,99.99,117.5
2022-04,MUN,SP|ITAPETININGA,glp,11,115.0,114.95,118.0,113.99,120.0
2022-04,MUN,SP|ITAPEVA,glp,4,126.75,123.5,133.85,123.5,135.5
2022-04,MUN,SP|ITAPIRA,glp,3,110.0,107.592,121.6,106.99,124.5
2022-04,MUN,SP|ITAPOLIS,glp,8,120.0,117.0,121.5,110.0,125.0
2022-04,MUN,SP|ITAQUAQUECETUBA,glp,13,107.99,100.99,109.998,99.99,110.0
2022-04,MUN,SP|ITATIBA,glp,4,113.5,111.93,118.43,111.9,119.9
2022-04,MUN,SP|ITU,glp,20,110.0,104.8,115.0,103.0,120.0
2022-04,MUN,SP|JABOTICABAL,glp,4,104.995,104.99,106.75,104.99,107.5
2022-04,MUN,SP|JACAREI,glp,9,110.0,99.098,119.9,95.49,119.9
2022-04,MUN,SP|JALES,glp,12,105.0,104.909,106.995,98.0,110.0
2022-04,MUN,SP|JAU,glp,13,118.0,117.0,120.0,117.0,120.0
2022-04,MUN,SP|JOSE BONIFACIO,glp,7,115.0,110.0,122.0,110.0,125.0
2022-04,MUN,SP|JUNDIAI,glp,13,110.0,109.99,117.0,109.99,119.0
2022-04,MUN,SP|LEME,glp,8,115.0,113.55,117.4,112.5,123.0
2022-04,MUN,SP|LIMEIRA,glp,15,110.0,107.0,117.6,105.0,120.0
2022-04,MUN,SP|LINS,glp,9,117.5,109.9,121.0,109.9,125.0
2022-04,MUN,SP|LORENA,glp,14,101.245,95.896,109.97,94.99,115.0
2022-04,MUN,SP|MARILIA,glp,13,123.5,120.4,125.0,118.0,125.0
2022-04,MUN,SP|MATAO,glp,7,110.0,110.0,121.0,110.0,130.0
2022-04,MUN,SP|MAUA,glp,46,106.245,95.0,120.0,89.99,121.0
2022-04,MUN,SP|MIRASSOL,glp,13,113.0,110.0,120.0,110.0,125.0
2022-04,MUN,SP|MOCOCA,glp,7,118.495,114.796,120.0,109.99,120.0
2022-04,MUN,SP|MOGI DAS CRUZES,glp,27,109.99,104.834,115.0,103.0,120.0
2022-04,MUN,SP|MOGI GUACU,glp,15,110.0,110.0,110.0,110.0,115.0
2022-04,MUN,SP|MOGI MIRIM,glp,9,105.5,103.43,110.0,99.99,110.0
2022-04,MUN,SP|MONTE ALTO,glp,10,120.0,110.0,127.5,110.0,127.5
2022-04,MUN,SP|OLIMPIA,glp,5,103.0,103.0,103.0,103.0,103.0
2022-04,MUN,SP|OSASCO,glp,21,110.0,109.99,120.0,105.0,124.99
2022-04,MUN,SP|OURINHOS,glp,19,115.0,110.0,115.055,110.0,118.0
2022-04,MUN,SP|PARAGUACU PAULISTA,glp,11,120.0,110.0,120.0,106.0,120.0
2022-04,MUN,SP|PAULINIA,glp,11,110.0,109.99,110.0,109.99,110.0
2022-04,MUN,SP|PINDAMONHANGABA,glp,6,115.0,112.5,118.5,112.5,120.0
2022-04,MUN,SP|PIRACICABA,glp,16,110.0,104.995,115.0,99.99,120.0
2022-04,MUN,SP|PIRASSUNUNGA,glp,2,103.495,102.291,104.699,101.99,105.0
2022-04,MUN,SP|POA,glp,8,109.995,102.99,110.6,102.99,112.0
2022-04,MUN,SP|PORTO FERREIRA,glp,2,112.45,106.49,118.41,105.0,119.9
2022-04,MUN,SP|PRAIA GRANDE,glp,9,112.0,110.292,115.2,107.5,120.0
2022-04,MUN,SP|PRESIDENTE PRUDENTE,glp,26,110.0,107.495,115.5,101.49,120.0
2022-04,MUN,SP|PRESIDENTE VENCESLAU,glp,5,115.0,111.2,115.0,110.0,115.0
2022-04,MUN,SP|RIBEIRAO PIRES,glp,18,105.495,104.9,125.0,104.9,125.0
2022-04,MUN,SP|RIBEIRAO PRETO,glp,38,115.0,109.24,120.0,103.0,125.0
2022-04,MUN,SP|RIO CLARO,glp,5,110.0,109.994,110.0,109.99,110.0
2022-04,MUN,SP|SALTO,glp,22,105.0,103.0,111.8,92.5,118.0
2022-04,MUN,SP|SANTA BARBARA D'OESTE,glp,17,107.495,105.0,110.0,105.0,110.0
2022-04,MUN,SP|SANTA CRUZ DO RIO PARDO,glp,14,115.0,110.0,120.0,109.99,124.0
2022-04,MUN,SP|SANTO ANDRE,glp,47,112.0,106.596,119.99,104.99,120.0
2022-04,MUN,SP|SANTOS,glp,21,120.0,108.7,149.0,105.0,149.0
2022-04,MUN,SP|SAO BERNARDO DO CAMPO,glp,37,117.0,110.536,135.0,109.99,144.99
2022-04,MUN,SP|SAO CAETANO DO SUL,glp,6,115.0,112.5,122.5,110.0,125.0
2022-04,MUN,SP|SAO CARLOS,glp,13,119.0,115.596,125.0,115.0,130.0
2022-04,MUN,SP|SAO JOAO DA BOA VISTA,glp,12,106.25,105.0,110.0,105.0,110.0
2022-04,MUN,SP|SAO JOSE DO RIO PRETO,glp,21,110.0,100.0,120.0,98.99,135.0
2022-04,MUN,SP|SAO JOSE DOS CAMPOS,glp,19,109.99,98.99,115.6,89.99,120.0
2022-04,MUN,SP|SAO PAULO,glp,84,110.0,101.44,120.0,98.99,131.99
2022-04,MUN,SP|SAO ROQUE,glp,6,109.0,98.74,115.0,97.49,115.0
2022-04,MUN,SP|SAO VICENTE,glp,18,107.75,104.963,115.297,104.9,121.5
2022-04,MUN,SP|SERTAOZINHO,glp,15,110.0,107.0,118.0,103.0,125.0
2022-04,MUN,SP|SOROCABA,glp,41,110.0,107.0,120.0,104.99,122.0
2022-04,MUN,SP|SUMARE,glp,9,110.0,99.99,114.2,99.99,115.0
2022-04,MUN,SP|SUZANO,glp,14,108.5,103.247,115.0,100.0,115.0
2022-04,MUN,SP|TABOAO DA SERRA,glp,6,109.945,104.995,112.495,104.99,114.99
2022-04,MUN,SP|TATUI,glp,12,123.75,120.0,125.0,115.0,130.0
2022-04,MUN,SP|TAUBATE,glp,12,105.5,99.99,114.5,98.0,115.0
2022-04,MUN,SP|TUPA,glp,12,112.75,110.0,125.4,108.0,127.0
2022-04,MUN,SP|UBATUBA,glp,11,115.0,108.0,120.0,105.0,121.0
2022-04,MUN,SP|VALINHOS,glp,5,99.9,98.39,109.9,97.99,109.9
2022-04,MUN,SP|VARZEA PAULISTA,glp,7,107.5,105.0,117.396,105.0,117.99
2022-04,MUN,SP|VINHEDO,glp,6,112.99,110.5,117.998,110.0,123.0
2022-04,MUN,SP|VOTORANTIM,glp,19,110.0,109.99,115.1,108.0,116.5
2022-04,MUN,SP|VOTUPORANGA,glp,8,109.45,106.75,113.0,105.0,120.0
2022-04,MUN,TO|ARAGUAINA,glp,27,125.0,120.0,127.7,120.0,135.0
2022-04,MUN,TO|GURUPI,glp,35,125.0,122.0,125.0,109.99,130.0
2022-04,MUN,TO|PALMAS,glp,28,120.0,120.0,126.2,120.0,130.0
2022-04,MUN,TO|PARAISO DO TOCANTINS,glp,12,125.0,120.5,127.25,120.0,132.5
2022-04,MUN,TO|PORTO NACIONAL,glp,14,130.0,121.5,130.0,120.0,130.0
2022-04,UF,AC,glp,49,130.0,125.0,135.0,122.0,145.0
2022-04,UF,AL,glp,29,110.0,103.92,115.0,94.495,115.0
2022-04,UF,AM,glp,66,120.0,112.0,135.0,102.0,140.0
2022-04,UF,AP,glp,13,126.0,116.0,127.8,110.0,130.0
2022-04,UF,BA,glp,384,109.99,99.927,115.0,88.0,132.5
2022-04,UF,CE,glp,135,115.0,108.8,125.0,99.99,130.0
2022-04,UF,DF,glp,53,107.99,100.0,113.894,99.99,119.99
2022-04,UF,ES,glp,150,110.0,98.0,115.0,92.99,120.0
2022-04,UF,GO,glp,309,120.0,110.0,135.0,96.99,145.0
2022-04,UF,MA,glp,117,119.99,110.0,125.0,96.5,130.0
2022-04,UF,MG,glp,751,115.5,105.0,128.0,95.0,140.0
2022-04,UF,MS,glp,196,110.0,100.0,121.0,95.0,130.0
2022-04,UF,MT,glp,129,137.5,125.0,150.0,109.99,160.0
2022-04,UF,PA,glp,223,116.0,110.0,135.0,103.0,150.0
2022-04,UF,PB,glp,79,117.5,110.0,120.0,99.99,128.0
2022-04,UF,PE,glp,279,100.0,99.0,110.0,90.0,128.0
2022-04,UF,PI,glp,61,120.0,118.0,130.0,114.5,130.0
2022-04,UF,PR,glp,502,115.0,106.0,128.95,98.0,140.0
2022-04,UF,RJ,glp,305,100.0,94.977,115.9,85.0,126.0
2022-04,UF,RN,glp,57,120.0,115.0,125.0,105.0,139.0
2022-04,UF,RO,glp,72,135.0,120.3,145.0,115.0,150.0
2022-04,UF,RR,glp,88,125.0,120.0,130.0,99.0,145.0
2022-04,UF,RS,glp,467,112.0,105.0,125.0,95.0,137.0
2022-04,UF,SC,glp,130,120.0,112.5,132.0,106.0,155.0
2022-04,UF,SE,glp,38,105.0,100.0,118.3,99.99,120.0
2022-04,UF,SP,glp,1504,111.5,104.99,120.0,89.99,149.0
2022-04,UF,TO,glp,116,125.0,120.0,130.0,109.99,135.0
2022-05,BR,BR,glp,6470,113.0,100.0,126.0,84.99,160.0
2022-05,MUN,AC|CRUZEIRO DO SUL,glp,5,132.0,124.8,132.0,120.0,132.0
2022-05,MUN,AC|RIO BRANCO,glp,46,129.0,124.5,135.0,122.0,145.0
2022-05,MUN,AL|ARAPIRACA,glp,11,108.0,100.0,110.0,99.9,110.0
2022-05,MUN,AL|DELMIRO GOUVEIA,glp,2,110.0,110.0,110.0,110.0,110.0
2022-05,MUN,AL|MACEIO,glp,11,105.0,105.0,110.0,94.0,115.0
2022-05,MUN,AL|PALMEIRA DOS INDIOS,glp,4,115.0,115.0,115.0,115.0,115.0
2022-05,MUN,AL|RIO LARGO,glp,3,110.0,110.0,110.0,110.0,110.0
2022-05,MUN,AM|ITACOATIARA,glp,9,128.0,124.2,135.0,121.0,135.0
2022-05,MUN,AM|MANACAPURU,glp,3,124.0,123.2,124.0,123.0,124.0
2022-05,MUN,AM|MANAUS,glp,67,118.0,112.0,122.4,109.0,140.0
2022-05,MUN,AM|PARINTINS,glp,2,140.0,140.0,140.0,140.0,140.0
2022-05,MUN,AM|TEFE,glp,5,138.0,132.0,138.0,130.0,138.0
2022-05,MUN,AP|MACAPA,glp,11,125.0,120.0,127.5,110.0,129.0
2022-05,MUN,AP|SANTANA,glp,10,116.0,114.95,119.1,114.5,120.0
2022-05,MUN,BA|ALAGOINHAS,glp,9,102.0,101.394,103.4,100.99,105.0
2022-05,MUN,BA|BARREIRAS,glp,5,130.0,128.5,130.0,127.5,130.0
2022-05,MUN,BA|BRUMADO,glp,4,106.0,102.9,107.0,102.0,107.0
2022-05,MUN,BA|CAETITE,glp,2,112.5,110.5,114.5,110.0,115.0
2022-05,MUN,BA|CAMACARI,glp,35,105.0,101.2,114.2,100.0,120.0
2022-05,MUN,BA|EUNAPOLIS,glp,14,105.0,99.993,111.75,98.0,115.0
2022-05,MUN,BA|FEIRA DE SANTANA,glp,11,95.0,92.0,108.0,88.0,113.0
2022-05,MUN,BA|GUANAMBI,glp,15,110.0,110.0,110.0,110.0,110.0
2022-05,MUN,BA|ILHEUS,glp,6,117.0,115.5,123.5,115.0,127.0
2022-05,MUN,BA|IPIRA,glp,3,110.0,110.0,110.0,110.0,110.0
2022-05,MUN,BA|IRECE,glp,3,107.0,105.4,107.8,105.0,108.0
2022-05,MUN,BA|ITABUNA,glp,8,112.0,106.4,115.0,98.0,115.0
2022-05,MUN,BA|ITAMARAJU,glp,8,105.0,103.5,108.0,100.0,108.0
2022-05,MUN,BA|JACOBINA,glp,7,120.0,120.0,122.0,120.0,122.0
2022-05,MUN,BA|JAGUAQUARA,glp,3,115.0,115.0,115.0,115.0,115.0
2022-05,MUN,BA|JEQUIE,glp,6,92.0,91.0,93.0,90.0,94.0
2022-05,MUN,BA|JUAZEIRO,glp,6,107.0,106.0,108.5,105.0,110.0
2022-05,MUN,BA|LAURO DE FREITAS,glp,32,103.998,98.199,110.905,87.0,125.0
2022-05,MUN,BA|LIVRAMENTO DE NOSSA SENHORA,glp,1,110.0,110.0,110.0,110.0,110.0
2022-05,MUN,BA|PAULO AFONSO,glp,2,110.0,110.0,110.0,110.0,110.0
2022-05,MUN,BA|POCOES,glp,3,100.0,100.0,100.0,100.0,100.0
2022-05,MUN,BA|PORTO SEGURO,glp,11,101.5,95.0,105.0,93.0,110.0
2022-05,MUN,BA|SALVADOR,glp,150,106.0,99.0,114.99,92.0,119.0
2022-05,MUN,BA|SANTO ANTONIO DE JESUS,glp,7,110.0,103.6,110.0,103.0,110.0
2022-05,MUN,BA|SENHOR DO BONFIM,glp,5,115.0,115.0,115.0,115.0,115.0
2022-05,MUN,BA|SERRINHA,glp,3,125.0,113.0,125.0,110.0,125.0
2022-05,MUN,BA|SIMOES FILHO,glp,16,101.0,95.5,112.5,94.99,119.99
2022-05,MUN,BA|TEIXEIRA DE FREITAS,glp,9,104.0,98.2,108.0,95.0,110.0
2022-05,MUN,BA|VALENCA,glp,5,112.5,107.0,115.0,105.0,115.0
2022-05,MUN,BA|VITORIA DA CONQUISTA,glp,5,107.5,105.0,110.0,105.0,110.0
2022-05,MUN,CE|AQUIRAZ,glp,1,110.0,110.0,110.0,110.0,110.0
2022-05,MUN,CE|CANINDE,glp,3,112.0,108.8,114.4,108.0,115.0
2022-05,MUN,CE|CAUCAIA,glp,16,110.0,99.995,120.0,99.99,130.0
2022-05,MUN,CE|CRATEUS,glp,5,113.0,110.0,117.2,108.0,120.0
2022-05,MUN,CE|CRATO,glp,14,115.0,112.0,115.0,110.0,120.0
2022-05,MUN,CE|FORTALEZA,glp,53,117.0,110.0,125.0,104.0,128.0
2022-05,MUN,CE|ICO,glp,3,125.0,117.0,125.0,115.0,125.0
2022-05,MUN,CE|IGUATU,glp,3,120.0,116.0,120.8,115.0,121.0
2022-05,MUN,CE|ITAPIPOCA,glp,6,111.5,110.0,115.0,110.0,115.0
2022-05,MUN,CE|JUAZEIRO DO NORTE,glp,13,113.0,113.0,115.0,113.0,120.0
2022-05,MUN,CE|LIMOEIRO DO NORTE,glp,4,122.0,115.35,124.1,112.5,125.0
2022-05,MUN,CE|MARACANAU,glp,11,115.0,110.0,120.0,105.0,125.0
2022-05,MUN,CE|QUIXADA,glp,3,115.0,112.6,115.0,112.0,115.0
2022-05,MUN,CE|SOBRAL,glp,5,120.0,118.2,120.0,117.0,120.0
2022-05,MUN,DF|BRASILIA,glp,50,107.99,100.0,115.0,97.99,129.99
2022-05,MUN,ES|ARACRUZ,glp,6,108.75,102.5,111.5,100.0,113.0
2022-05,MUN,ES|CACHOEIRO DE ITAPEMIRIM,glp,19,110.0,99.972,115.0,98.0,117.5
2022-05,MUN,ES|CARIACICA,glp,26,97.5,94.742,104.995,90.0,110.0
2022-05,MUN,ES|COLATINA,glp,8,110.0,103.5,115.0,100.0,115.0
2022-05,MUN,ES|GUARAPARI,glp,8,107.5,94.99,115.0,94.99,115.0
2022-05,MUN,ES|LINHARES,glp,18,115.0,110.0,115.0,110.0,120.0
2022-05,MUN,ES|SAO MATEUS,glp,6,99.99,99.99,104.995,99.99,105.0
2022-05,MUN,ES|SERRA,glp,25,110.0,105.0,113.0,94.99,115.0
2022-05,MUN,ES|VILA VELHA,glp,22,107.25,99.991,110.0,84.99,111.0
2022-05,MUN,ES|VITORIA,glp,6,117.5,110.0,120.0,105.0,120.0
2022-05,MUN,GO|AGUAS LINDAS DE GOIAS,glp,22,100.0,98.09,107.95,94.0,111.0
2022-05,MUN,GO|ANAPOLIS,glp,25,120.0,120.0,125.0,115.0,130.0
2022-05,MUN,GO|APARECIDA DE GOIANIA,glp,20,117.75,113.6,120.0,110.0,125.0
2022-05,MUN,GO|CALDAS NOVAS,glp,5,115.0,115.0,122.8,115.0,128.0
2022-05,MUN,GO|CATALAO,glp,11,116.5,115.0,119.0,115.0,120.0
2022-05,MUN,GO|FORMOSA,glp,14,107.5,104.297,117.1,99.99,120.0
2022-05,MUN,GO|GOIANIA,glp,40,125.0,122.25,125.25,115.0,130.0
2022-05,MUN,GO|GOIATUBA,glp,7,120.0,113.0,125.0,110.0,125.0
2022-05,MUN,GO|ITUMBIARA,glp,15,127.0,120.8,130.0,118.0,130.0
2022-05,MUN,GO|JATAI,glp,14,140.0,136.5,144.4,135.0,145.0
2022-05,MUN,GO|LUZIANIA,glp,11,115.0,109.99,115.0,109.945,115.0
2022-05,MUN,GO|MINEIROS,glp,6,123.5,119.495,125.0,116.99,125.0
2022-05,MUN,GO|MORRINHOS,glp,7,120.0,113.0,120.0,110.0,120.0
2022-05,MUN,GO|PORANGATU,glp,17,120.0,116.6,125.0,115.0,125.0
2022-05,MUN,GO|RIO VERDE,glp,25,135.0,130.0,135.0,125.0,140.0
2022-05,MUN,GO|TRINDADE,glp,45,110.0,105.0,119.0,98.0,120.0
2022-05,MUN,GO|VALPARAISO DE GOIAS,glp,10,110.0,109.99,111.5,109.99,125.0
2022-05,MUN,MA|ACAILANDIA,glp,6,115.0,113.0,115.0,113.0,115.0
2022-05,MUN,MA|BACABAL,glp,7,120.0,120.0,123.2,120.0,125.0
2022-05,MUN,MA|BALSAS,glp,5,130.0,127.0,130.0,125.0,130.0
2022-05,MUN,MA|BARRA DO CORDA,glp,7,120.0,109.6,127.0,101.5,130.0
2022-05,MUN,MA|CAXIAS,glp,7,120.0,110.0,120.0,110.0,120.0
2022-05,MUN,MA|CODO,glp,7,120.0,120.0,120.0,120.0,120.0
2022-05,MUN,MA|IMPERATRIZ,glp,28,110.0,105.0,110.0,99.99,110.0
2022-05,MUN,MA|SANTA INES,glp,3,128.0,128.0,128.8,128.0,129.0
2022-05,MUN,MA|SAO JOSE DE RIBAMAR,glp,9,119.99,119.392,119.992,117.0,120.0
2022-05,MUN,MA|SAO LUIS,glp,24,119.99,119.99,119.99,117.49,120.0
2022-05,MUN,MG|ALFENAS,glp,11,117.5,110.0,120.0,110.0,120.0
2022-05,MUN,MG|ARAGUARI,glp,8,117.625,109.4,121.5,108.0,125.0
2022-05,MUN,MG|ARAXA,glp,8,115.0,110.0,116.5,110.0,120.0
2022-05,MUN,MG|BARBACENA,glp,12,110.0,99.991,119.3,99.9,120.0
2022-05,MUN,MG|BELO HORIZONTE,glp,29,110.0,107.598,125.0,95.0,125.0
2022-05,MUN,MG|BETIM,glp,26,120.0,111.995,125.0,100.0,128.0
2022-05,MUN,MG|BOM DESPACHO,glp,3,115.0,99.0,115.0,95.0,115.0
2022-05,MUN,MG|CAMPO BELO,glp,8,120.0,120.0,120.0,120.0,120.0
2022-05,MUN,MG|CARATINGA,glp,7,125.0,116.0,126.96,110.0,129.9
2022-05,MUN,MG|CONGONHAS,glp,10,115.0,112.25,117.0,110.0,117.0
2022-05,MUN,MG|CONSELHEIRO LAFAIETE,glp,14,101.0,99.99,110.0,99.99,112.0
2022-05,MUN,MG|CONTAGEM,glp,43,118.0,107.4,125.0,101.99,128.5
2022-05,MUN,MG|CORONEL FABRICIANO,glp,10,121.75,119.5,125.1,115.0,126.0
2022-05,MUN,MG|CURVELO,glp,12,102.5,95.3,119.0,95.0,120.0
2022-05,MUN,MG|DIVINOPOLIS,glp,31,110.0,105.0,120.0,105.0,120.0
2022-05,MUN,MG|FORMIGA,glp,16,120.0,118.5,126.25,117.0,130.0
2022-05,MUN,MG|FRUTAL,glp,16,114.9,107.0,115.0,105.0,117.99
2022-05,MUN,MG|GOVERNADOR VALADARES,glp,8,122.5,118.5,136.2,115.0,139.0
2022-05,MUN,MG|GUAXUPE,glp,7,110.0,101.8,110.0,100.0,110.0
2022-05,MUN,MG|IPATINGA,glp,19,122.5,110.0,125.0,110.0,127.5
2022-05,MUN,MG|ITABIRA,glp,2,115.0,115.0,115.0,115.0,115.0
2022-05,MUN,MG|ITAJUBA,glp,13,115.0,110.0,115.0,110.0,125.0
2022-05,MUN,MG|ITAUNA,glp,8,112.5,105.0,117.0,105.0,117.0
2022-05,MUN,MG|ITUIUTABA,glp,18,110.0,104.997,112.9,100.0,116.0
2022-05,MUN,MG|JANAUBA,glp,3,121.11,120.222,128.222,120.0,130.0
2022-05,MUN,MG|JANUARIA,glp,16,130.0,128.5,134.0,122.0,140.0
2022-05,MUN,MG|JOAO MONLEVADE,glp,9,115.0,110.0,120.0,110.0,120.0
2022-05,MUN,MG|JOAO PINHEIRO,glp,11,128.0,124.9,130.0,118.0,130.0
2022-05,MUN,MG|JUIZ DE FORA,glp,21,110.0,98.49,120.0,96.99,120.0
2022-05,MUN,MG|LAVRAS,glp,11,110.0,105.0,112.0,105.0,122.0
2022-05,MUN,MG|LEOPOLDINA,glp,6,112.5,110.0,119.0,110.0,120.0
2022-05,MUN,MG|MANHUACU,glp,6,112.5,105.95,115.0,104.9,115.0
2022-05,MUN,MG|MONTE CARMELO,glp,18,115.0,112.85,120.0,110.0,130.0
2022-05,MUN,MG|MONTES CLAROS,glp,46,125.0,116.0,130.0,109.99,132.0
2022-05,MUN,MG|MURIAE,glp,9,110.0,106.6,115.992,105.0,120.0
2022-05,MUN,MG|NOVA LIMA,glp,12,115.0,115.0,125.0,110.0,126.0
2022-05,MUN,MG|OURO PRETO,glp,4,125.0,122.9,128.5,122.0,130.0
2022-05,MUN,MG|PARA DE MINAS,glp,3,120.0,116.0,120.0,115.0,120.0
2022-05,MUN,MG|PARACATU,glp,8,125.0,123.5,125.0,120.0,125.0
2022-05,MUN,MG|PASSOS,glp,30,120.0,114.5,125.0,110.0,130.0
2022-05,MUN,MG|PATOS DE MINAS,glp,21,125.0,120.0,130.0,120.0,130.0
2022-05,MUN,MG|PATROCINIO,glp,8,120.0,115.0,121.5,115.0,125.0
2022-05,MUN,MG|POCOS DE CALDAS,glp,14,121.75,120.0,124.343,118.0,125.0
2022-05,MUN,MG|POUSO ALEGRE,glp,10,110.0,105.0,110.5,105.0,115.0
2022-05,MUN,MG|SABARA,glp,9,126.0,122.0,126.3,110.0,127.5
2022-05,MUN,MG|SAO JOAO DEL REI,glp,15,115.0,110.0,117.0,99.99,118.0
2022-05,MUN,MG|SAO SEBASTIAO DO PARAISO,glp,22,105.0,100.0,117.25,97.99,120.0
2022-05,MUN,MG|SETE LAGOAS,glp,10,110.0,108.0,115.5,108.0,120.0
2022-05,MUN,MG|TEOFILO OTONI,glp,17,116.0,112.1,117.5,110.0,118.0
2022-05,MUN,MG|TIMOTEO,glp,8,118.75,115.0,126.5,115.0,130.0
2022-05,MUN,MG|TRES CORACOES,glp,10,105.0,102.145,105.5,98.995,110.0
2022-05,MUN,MG|UBA,glp,8,117.5,112.1,120.0,110.0,120.0
2022-05,MUN,MG|UBERABA,glp,25,120.0,110.0,123.0,107.0,125.0
2022-05,MUN,MG|UBERLANDIA,glp,23,111.99,110.0,120.0,105.0,125.0
2022-05,MUN,MG|UNAI,glp,8,140.0,138.5,141.5,135.0,145.0
2022-05,MUN,MG|VARGINHA,glp,19,110.0,104.792,115.0,100.0,115.0
2022-05,MUN,MG|VICOSA,glp,3,121.0,117.8,123.4,117.0,124.0
2022-05,MUN,MS|CAMPO GRANDE,glp,105,110.0,99.99,115.0,95.0,125.0
2022-05,MUN,MS|CORUMBA,glp,2,115.0,115.0,115.0,115.0,115.0
2022-05,MUN,MS|COXIM,glp,9,125.0,120.0,130.0,120.0,130.0
2022-05,MUN,MS|DOURADOS,glp,32,115.0,110.0,125.0,102.0,130.0
2022-05,MUN,MS|NOVA ANDRADINA,glp,13,115.0,110.0,117.4,110.0,120.0
2022-05,MUN,MS|PONTA PORA,glp,4,105.5,105.0,114.4,105.0,118.0
2022-05,MUN,MS|TRES LAGOAS,glp,20,115.0,110.0,115.5,107.5,125.0
2022-05,MUN,MT|ALTA FLORESTA,glp,14,150.0,149.3,150.0,145.0,150.0
2022-05,MUN,MT|CACERES,glp,20,125.0,120.0,125.25,115.0,130.0
2022-05,MUN,MT|CUIABA,glp,56,133.5,118.5,140.0,114.99,145.0
2022-05,MUN,MT|RONDONOPOLIS,glp,11,132.5,130.0,140.0,125.0,145.0
2022-05,MUN,MT|SINOP,glp,24,147.5,140.0,150.0,140.0,160.0
2022-05,MUN,MT|SORRISO,glp,19,145.0,139.0,150.0,132.0,150.0
2022-05,MUN,MT|VARZEA GRANDE,glp,12,135.0,119.991,136.8,114.99,140.0
2022-05,MUN,PA|ABAETETUBA,glp,8,108.0,108.0,115.9,108.0,118.0
2022-05,MUN,PA|ALENQUER,glp,4,115.0,111.5,115.0,110.0,115.0
2022-05,MUN,PA|ALTAMIRA,glp,10,135.0,134.5,135.0,130.0,135.0
2022-05,MUN,PA|ANANINDEUA,glp,26,112.25,109.0,121.0,105.0,129.99
2022-05,MUN,PA|BELEM,glp,46,115.0,111.99,119.495,110.0,140.0
2022-05,MUN,PA|BRAGANCA,glp,6,125.0,122.0,125.0,119.0,125.0
2022-05,MUN,PA|CAMETA,glp,8,120.0,120.0,120.6,120.0,122.0
2022-05,MUN,PA|CASTANHAL,glp,7,118.0,113.8,122.0,112.0,125.0
2022-05,MUN,PA|CONCEICAO DO ARAGUAIA,glp,10,130.0,130.0,130.0,130.0,130.0
2022-05,MUN,PA|ITAITUBA,glp,14,135.0,131.5,137.55,128.0,140.0
2022-05,MUN,PA|MARABA,glp,9,127.0,124.6,130.0,123.0,130.0
2022-05,MUN,PA|PARAGOMINAS,glp,4,140.0,140.0,140.0,140.0,140.0
2022-05,MUN,PA|PARAUAPEBAS,glp,2,140.0,140.0,140.0,140.0,140.0
2022-05,MUN,PA|REDENCAO,glp,6,150.0,142.5,150.0,140.0,150.0
2022-05,MUN,PA|SANTAREM,glp,53,110.0,105.0,115.0,99.95,122.0
2022-05,MUN,PA|XINGUARA,glp,7,135.0,133.0,135.0,130.0,135.0
2022-05,MUN,PB|BAYEUX,glp,5,115.0,115.0,116.0,115.0,116.0
2022-05,MUN,PB|CABEDELO,glp,7,119.0,109.0,120.0,100.0,120.0
2022-05,MUN,PB|CAMPINA GRANDE,glp,37,120.0,111.5,122.0,105.0,128.0
2022-05,MUN,PB|JOAO PESSOA,glp,24,115.0,106.5,120.0,99.99,125.0
2022-05,MUN,PB|PATOS,glp,4,120.0,114.4,120.0,112.0,120.0
2022-05,MUN,PB|SOUSA,glp,5,110.0,108.5,119.0,107.5,120.0
2022-05,MUN,PE|ARARIPINA,glp,3,115.0,115.0,115.0,115.0,115.0
2022-05,MUN,PE|ARCOVERDE,glp,7,100.0,98.994,100.0,97.5,100.0
2022-05,MUN,PE|BELO JARDIM,glp,7,107.0,102.6,110.0,102.0,110.0
2022-05,MUN,PE|CABO DE SANTO AGOSTINHO,glp,8,100.0,94.99,102.65,94.99,103.0
2022-05,MUN,PE|CARUARU,glp,8,101.5,98.5,111.5,95.0,115.0
2022-05,MUN,PE|GARANHUNS,glp,9,110.0,109.99,110.0,109.99,110.0
2022-05,MUN,PE|GOIANA,glp,6,102.5,100.0,108.75,100.0,110.0
2022-05,MUN,PE|IGARASSU,glp,20,105.0,100.0,110.0,100.0,110.0
2022-05,MUN,PE|JABOATAO DOS GUARARAPES,glp,29,100.0,94.79,100.0,90.0,110.0
2022-05,MUN,PE|LAJEDO,glp,5,95.0,95.0,95.0,95.0,95.0
2022-05,MUN,PE|OLINDA,glp,47,100.0,95.0,105.6,90.0,140.0
2022-05,MUN,PE|PAULISTA,glp,31,100.0,95.0,110.0,93.0,115.0
2022-05,MUN,PE|PETROLINA,glp,15,107.0,103.2,110.0,100.0,112.0
2022-05,MUN,PE|RECIFE,glp,79,100.0,97.816,110.0,91.0,115.0
2022-05,MUN,PE|SALGUEIRO,glp,4,105.0,98.0,112.0,95.0,115.0
2022-05,MUN,PE|SANTA CRUZ DO CAPIBARIBE,glp,5,110.0,110.0,113.0,110.0,115.0
2022-05,MUN,PE|SERRA TALHADA,glp,4,125.0,119.4,127.1,117.0,128.0
2022-05,MUN,PE|VITORIA DE SANTO ANTAO,glp,10,100.0,100.0,100.0,100.0,100.0
2022-05,MUN,PI|PARNAIBA,glp,3,130.0,126.0,130.0,125.0,130.0
2022-05,MUN,PI|PICOS,glp,3,120.0,115.2,124.0,114.0,125.0
2022-05,MUN,PI|PIRIPIRI,glp,5,128.0,120.0,130.0,115.0,130.0
2022-05,MUN,PI|TERESINA,glp,54,120.0,115.0,120.0,110.0,130.0
2022-05,MUN,PR|APUCARANA,glp,24,115.0,102.997,116.75,99.5,120.0
2022-05,MUN,PR|ARAPONGAS,glp,19,110.0,108.0,110.0,104.9,115.0
2022-05,MUN,PR|ARAUCARIA,glp,13,105.0,102.6,109.4,99.9,110.0
2022-05,MUN,PR|ASSIS CHATEAUBRIAND,glp,9,137.0,134.5,140.0,132.5,140.0
2022-05,MUN,PR|CAMBE,glp,18,120.0,110.0,125.0,105.0,125.0
2022-05,MUN,PR|CAMPO LARGO,glp,18,106.725,101.37,110.6,99.9,112.0
2022-05,MUN,PR|CAMPO MOURAO,glp,10,125.5,123.4,129.0,122.5,129.0
2022-05,MUN,PR|CASCAVEL,glp,25,120.0,115.0,125.0,115.0,125.0
2022-05,MUN,PR|CASTRO,glp,7,107.0,102.2,110.8,98.0,115.0
2022-05,MUN,PR|CIANORTE,glp,16,129.9,122.5,130.0,115.0,130.0
2022-05,MUN,PR|COLOMBO,glp,21,107.0,105.0,110.0,99.9,115.0
2022-05,MUN,PR|CORNELIO PROCOPIO,glp,3,125.0,125.0,125.0,125.0,125.0
2022-05,MUN,PR|CURITIBA,glp,39,108.5,104.9,110.0,98.0,115.0
2022-05,MUN,PR|FOZ DO IGUACU,glp,22,115.0,102.9,120.0,100.0,128.0
2022-05,MUN,PR|FRANCISCO BELTRAO,glp,10,120.0,118.95,130.0,109.5,130.0
2022-05,MUN,PR|GUARAPUAVA,glp,11,120.0,117.9,120.0,117.9,123.0
2022-05,MUN,PR|JACAREZINHO,glp,1,115.0,115.0,115.0,115.0,115.0
2022-05,MUN,PR|LONDRINA,glp,66,110.0,105.0,122.5,100.0,125.0
2022-05,MUN,PR|MARECHAL CANDIDO RONDON,glp,4,114.995,114.927,115.0,114.9,115.0
2022-05,MUN,PR|MARINGA,glp,50,125.0,115.0,130.0,105.0,139.0
2022-05,MUN,PR|PARANAGUA,glp,13,105.0,105.0,110.0,100.0,113.0
2022-05,MUN,PR|PARANAVAI,glp,19,120.0,115.0,120.0,98.9,125.0
2022-05,MUN,PR|PATO BRANCO,glp,7,128.0,121.8,130.0,121.5,130.0
2022-05,MUN,PR|PINHAIS,glp,18,110.0,105.0,110.0,105.0,115.0
2022-05,MUN,PR|PONTA GROSSA,glp,32,108.0,100.5,115.0,99.9,118.0
2022-05,MUN,PR|SANTO ANTONIO DA PLATINA,glp,8,117.0,113.8,120.53,111.0,122.0
2022-05,MUN,PR|SAO JOSE DOS PINHAIS,glp,14,109.95,106.3,110.0,105.0,110.0
2022-05,MUN,PR|TOLEDO,glp,13,112.0,104.992,115.0,104.45,115.0
2022-05,MUN,PR|UMUARAMA,glp,11,120.0,120.0,125.0,117.5,125.0
2022-05,MUN,PR|UNIAO DA VITORIA,glp,8,120.0,117.75,123.0,112.5,130.0
2022-05,MUN,RJ|ANGRA DOS REIS,glp,8,120.0,119.9,120.0,119.9,120.0
2022-05,MUN,RJ|ARARUAMA,glp,10,96.49,93.89,98.194,92.99,99.99
2022-05,MUN,RJ|BARRA DO PIRAI,glp,4,112.4,111.2,115.0,110.9,115.9
2022-05,MUN,RJ|BARRA MANSA,glp,7,115.0,102.354,115.0,99.9,115.0
2022-05,MUN,RJ|BELFORD ROXO,glp,12,97.0,90.399,99.346,85.0,100.0
2022-05,MUN,RJ|CABO FRIO,glp,4,97.99,97.99,97.997,97.99,98.0
2022-05,MUN,RJ|CAMPOS DOS GOYTACAZES,glp,19,100.0,94.999,105.8,94.99,110.0
2022-05,MUN,RJ|DUQUE DE CAXIAS,glp,32,94.99,93.991,99.891,89.0,104.99
2022-05,MUN,RJ|ITABORAI,glp,7,94.99,92.99,96.99,89.99,96.99
2022-05,MUN,RJ|ITAGUAI,glp,3,115.9,108.78,115.9,107.0,115.9
2022-05,MUN,RJ|ITAPERUNA,glp,5,105.0,105.0,107.8,105.0,108.0
2022-05,MUN,RJ|MACAE,glp,6,121.0,120.0,123.495,120.0,124.99
2022-05,MUN,RJ|MARICA,glp,6,97.995,90.0,102.5,90.0,105.0
2022-05,MUN,RJ|NILOPOLIS,glp,13,104.99,100.0,105.0,95.0,105.0
2022-05,MUN,RJ|NITEROI,glp,11,93.99,91.0,99.99,90.99,105.0
2022-05,MUN,RJ|NOVA FRIBURGO,glp,7,120.1,120.0,121.1,120.0,122.0
2022-05,MUN,RJ|NOVA IGUACU,glp,18,99.992,94.9,115.0,89.99,115.04
2022-05,MUN,RJ|PETROPOLIS,glp,9,100.0,96.6,105.2,95.0,106.0
2022-05,MUN,RJ|RESENDE,glp,9,110.0,109.392,112.0,107.0,120.0
2022-05,MUN,RJ|RIO BONITO,glp,5,90.0,89.994,94.99,89.99,94.99
2022-05,MUN,RJ|RIO DE JANEIRO,glp,52,101.742,95.099,105.9,93.99,108.0
2022-05,MUN,RJ|SANTO ANTONIO DE PADUA,glp,3,100.0,100.0,104.0,100.0,105.0
2022-05,MUN,RJ|SAO FRANCISCO DE ITABAPOANA,glp,2,104.0,99.2,108.8,98.0,110.0
2022-05,MUN,RJ|SAO GONCALO,glp,17,97.475,95.975,105.0,95.0,105.0
2022-05,MUN,RJ|SAO JOAO DE MERITI,glp,16,99.945,94.99,105.0,94.99,105.0
2022-05,MUN,RJ|SAQUAREMA,glp,7,92.995,87.996,100.394,87.99,104.0
2022-05,MUN,RJ|TRES RIOS,glp,3,109.99,109.198,109.998,109.0,110.0
2022-05,MUN,RJ|VALENCA,glp,8,99.995,95.0,104.3,95.0,105.0
2022-05,MUN,RJ|VOLTA REDONDA,glp,7,109.45,107.5,110.0,106.9,110.0
2022-05,MUN,RN|CAICO,glp,5,125.0,125.0,125.0,125.0,125.0
2022-05,MUN,RN|MOSSORO,glp,9,118.0,115.0,121.0,115.0,125.0
2022-05,MUN,RN|NATAL,glp,27,120.0,109.0,126.34,105.0,139.0
2022-05,MUN,RN|PARNAMIRIM,glp,23,117.5,115.0,120.0,110.0,125.0
2022-05,MUN,RO|ARIQUEMES,glp,8,136.5,132.0,140.5,125.0,144.0
2022-05,MUN,RO|CACOAL,glp,7,140.0,138.2,148.2,137.0,150.0
2022-05,MUN,RO|JI-PARANA,glp,11,136.0,130.0,138.0,130.0,142.0
2022-05,MUN,RO|PIMENTA BUENO,glp,4,144.0,144.0,144.7,144.0,145.0
2022-05,MUN,RO|PORTO VELHO,glp,36,125.0,120.0,135.0,115.0,140.0
2022-05,MUN,RO|VILHENA,glp,8,146.5,143.4,150.0,142.0,150.0
2022-05,MUN,RR|BOA VISTA,glp,91,125.0,120.0,130.0,115.0,145.0
2022-05,MUN,RS|ALEGRETE,glp,9,114.0,107.18,115.6,99.9,118.0
2022-05,MUN,RS|ALVORADA,glp,8,102.5,97.793,108.6,95.0,110.0
2022-05,MUN,RS|BAGE,glp,24,120.0,115.0,124.4,112.0,125.0
2022-05,MUN,RS|BENTO GONCALVES,glp,3,122.0,120.4,122.0,120.0,122.0
2022-05,MUN,RS|CACHOEIRA DO SUL,glp,7,110.0,108.0,112.0,105.0,112.0
2022-05,MUN,RS|CACHOEIRINHA,glp,7,110.0,107.6,119.76,107.0,129.9
2022-05,MUN,RS|CANOAS,glp,14,105.75,100.6,110.0,98.0,110.0
2022-05,MUN,RS|CAXIAS DO SUL,glp,59,110.9,109.7,120.18,107.0,129.9
2022-05,MUN,RS|CRUZ ALTA,glp,3,105.9,104.38,105.9,104.0,105.9
2022-05,MUN,RS|ERECHIM,glp,20,125.0,120.0,130.0,120.0,132.5
2022-05,MUN,RS|ESTEIO,glp,11,108.0,103.0,113.0,102.0,115.0
2022-05,MUN,RS|GRAMADO,glp,5,115.0,109.6,119.2,108.0,122.0
2022-05,MUN,RS|GRAVATAI,glp,8,104.5,103.0,110.262,103.0,111.0
2022-05,MUN,RS|GUAIBA,glp,6,110.0,109.5,117.5,109.0,125.0
2022-05,MUN,RS|IJUI,glp,13,125.0,116.0,129.5,109.9,130.0
2022-05,MUN,RS|LAJEADO,glp,7,105.0,103.0,113.2,103.0,115.0
2022-05,MUN,RS|NOVO HAMBURGO,glp,12,105.0,100.2,108.15,96.0,110.0
2022-05,MUN,RS|OSORIO,glp,5,102.0,98.194,116.8,96.99,118.0
2022-05,MUN,RS|PASSO FUNDO,glp,29,115.0,112.0,115.5,110.0,120.0
2022-05,MUN,RS|PELOTAS,glp,46,108.0,106.0,112.0,103.0,120.0
2022-05,MUN,RS|PORTO ALEGRE,glp,31,114.9,108.9,120.0,99.9,122.0
2022-05,MUN,RS|RIO GRANDE,glp,11,120.0,120.0,122.0,118.0,122.0
2022-05,MUN,RS|SANTA CRUZ DO SUL,glp,17,110.0,105.0,115.0,105.0,115.0
2022-05,MUN,RS|SANTA MARIA,glp,37,115.0,108.6,116.9,102.0,120.0
2022-05,MUN,RS|SANTA ROSA,glp,11,115.0,110.0,117.5,108.0,120.0
2022-05,MUN,RS|SANTANA DO LIVRAMENTO,glp,14,115.0,109.3,118.5,100.0,120.0
2022-05,MUN,RS|SANTO ANGELO,glp,3,129.0,125.8,129.0,125.0,129.0
2022-05,MUN,RS|SAO GABRIEL,glp,11,110.0,110.0,113.0,110.0,137.0
2022-05,MUN,RS|SAO LEOPOLDO,glp,8,101.0,98.697,108.45,97.99,109.5
2022-05,MUN,RS|SAO LUIZ GONZAGA,glp,5,115.0,110.0,120.0,110.0,120.0
2022-05,MUN,RS|SAPIRANGA,glp,5,110.0,108.8,115.0,108.0,115.0
2022-05,MUN,RS|SAPUCAIA DO SUL,glp,19,108.0,104.0,111.0,103.5,113.5
2022-05,MUN,RS|TORRES,glp,5,112.9,105.36,119.992,105.0,120.0
2022-05,MUN,RS|URUGUAIANA,glp,10,125.0,114.7,126.0,112.0,126.0
2022-05,MUN,RS|VACARIA,glp,8,117.5,113.2,125.0,109.0,125.0
2022-05,MUN,RS|VIAMAO,glp,14,110.0,106.65,121.75,105.0,122.5
2022-05,MUN,SC|ARARANGUA,glp,4,113.5,112.0,116.4,112.0,117.0
2022-05,MUN,SC|BALNEARIO CAMBORIU,glp,6,130.0,130.0,135.0,130.0,138.0
2022-05,MUN,SC|BIGUACU,glp,2,125.0,125.0,125.0,125.0,125.0
2022-05,MUN,SC|BLUMENAU,glp,3,132.0,132.0,132.0,132.0,132.0
2022-05,MUN,SC|BRUSQUE,glp,6,125.0,123.0,129.0,123.0,130.0
2022-05,MUN,SC|CACADOR,glp,7,130.0,112.8,148.0,102.0,160.0
2022-05,MUN,SC|CHAPECO,glp,5,130.0,117.7,145.8,111.5,155.0
2022-05,MUN,SC|CONCORDIA,glp,4,114.0,110.9,118.43,110.0,119.9
2022-05,MUN,SC|CRICIUMA,glp,9,117.0,116.2,119.0,115.0,119.0
2022-05,MUN,SC|FLORIANOPOLIS,glp,6,121.495,120.22,122.75,119.5,123.5
2022-05,MUN,SC|ITAJAI,glp,7,129.5,110.0,130.794,110.0,132.0
2022-05,MUN,SC|JARAGUA DO SUL,glp,10,111.9,109.994,116.381,109.945,119.9
2022-05,MUN,SC|JOINVILLE,glp,13,120.0,115.0,125.0,115.0,125.0
2022-05,MUN,SC|LAGES,glp,22,119.0,110.0,120.0,109.0,125.0
2022-05,MUN,SC|LAGUNA,glp,8,107.242,104.99,111.5,104.99,115.0
2022-05,MUN,SC|MAFRA,glp,9,123.0,120.0,125.16,120.0,125.8
2022-05,MUN,SC|PALHOCA,glp,2,123.4,123.08,123.72,123.0,123.8
2022-05,MUN,SC|SAO JOSE,glp,2,128.0,128.0,128.0,128.0,128.0
2022-05,MUN,SC|TUBARAO,glp,6,112.0,106.495,116.0,105.0,117.0
2022-05,MUN,SC|VIDEIRA,glp,5,120.0,120.0,135.0,120.0,145.0
2022-05,MUN,SC|XANXERE,glp,4,117.5,115.0,127.0,115.0,130.0
2022-05,MUN,SE|ARACAJU,glp,19,104.9,99.98,105.6,97.99,110.0
2022-05,MUN,SE|ITABAIANA,glp,4,107.5,105.0,110.0,105.0,110.0
2022-05,MUN,SE|LAGARTO,glp,7,115.0,112.4,119.994,110.0,120.0
2022-05,MUN,SE|NOSSA SENHORA DO SOCORRO,glp,8,101.75,99.99,104.93,99.99,105.0
2022-05,MUN,SP|ADAMANTINA,glp,4,110.0,110.0,113.5,110.0,115.0
2022-05,MUN,SP|AMERICANA,glp,19,111.0,110.0,115.0,110.0,120.0
2022-05,MUN,SP|AMPARO,glp,7,120.0,109.2,130.0,108.0,130.0
2022-05,MUN,SP|ARACATUBA,glp,34,108.998,104.646,115.0,93.0,120.0
2022-05,MUN,SP|ARARAQUARA,glp,12,122.5,120.0,127.7,115.0,128.0
2022-05,MUN,SP|ARARAS,glp,7,108.0,107.596,112.936,106.99,112.99
2022-05,MUN,SP|ASSIS,glp,8,115.0,110.55,120.0,106.0,120.0
2022-05,MUN,SP|ATIBAIA,glp,19,119.0,110.0,120.0,103.0,120.0
2022-05,MUN,SP|AVARE,glp,9,105.0,104.79,109.0,103.99,109.0
2022-05,MUN,SP|BARRETOS,glp,6,115.5,110.0,124.0,110.0,128.0
2022-05,MUN,SP|BARUERI,glp,32,110.0,105.0,120.0,99.99,123.0
2022-05,MUN,SP|BAURU,glp,13,107.0,99.992,115.0,98.995,118.0
2022-05,MUN,SP|BEBEDOURO,glp,13,120.0,111.0,120.0,100.0,122.5
2022-05,MUN,SP|BIRIGUI,glp,27,115.0,112.8,120.0,103.0,120.0
2022-05,MUN,SP|BOTUCATU,glp,16,105.0,103.0,110.0,103.0,115.0
2022-05,MUN,SP|BRAGANCA PAULISTA,glp,8,114.9,114.9,129.0,114.9,150.0
2022-05,MUN,SP|CACAPAVA,glp,5,102.0,96.99,119.996,94.99,120.0
2022-05,MUN,SP|CAMPINAS,glp,14,115.0,114.99,125.0,109.99,144.99
2022-05,MUN,SP|CARAGUATATUBA,glp,4,106.5,103.593,116.4,102.99,120.0
2022-05,MUN,SP|CARAPICUIBA,glp,11,109.99,105.0,113.49,104.99,115.0
2022-05,MUN,SP|CATANDUVA,glp,11,110.0,104.9,119.9,103.99,120.0
2022-05,MUN,SP|COSMOPOLIS,glp,5,99.99,96.99,99.99,94.99,99.99
2022-05,MUN,SP|COTIA,glp,8,115.0,114.99,137.894,114.99,140.005
2022-05,MUN,SP|CRUZEIRO,glp,12,99.995,94.99,109.5,94.99,115.0
2022-05,MUN,SP|CUBATAO,glp,6,118.5,112.0,127.5,110.0,130.0
2022-05,MUN,SP|DIADEMA,glp,34,118.495,110.6,135.0,108.0,135.0
2022-05,MUN,SP|DRACENA,glp,4,120.5,117.9,121.0,117.0,121.0
2022-05,MUN,SP|EMBU DAS ARTES,glp,7,109.99,109.99,124.74,109.99,135.6
2022-05,MUN,SP|FRANCA,glp,36,110.0,104.99,122.225,98.9,129.9
2022-05,MUN,SP|GARCA,glp,5,109.0,105.4,121.34,103.0,128.9
2022-05,MUN,SP|GUARATINGUETA,glp,13,105.0,101.0,109.998,99.99,113.0
2022-05,MUN,SP|GUARUJA,glp,6,112.45,110.0,115.49,110.0,115.99
2022-05,MUN,SP|GUARULHOS,glp,21,107.99,99.99,115.0,92.0,115.0
2022-05,MUN,SP|HORTOLANDIA,glp,8,106.495,104.99,115.0,104.99,115.0
2022-05,MUN,SP|IBITINGA,glp,5,120.0,110.6,120.0,105.0,120.0
2022-05,MUN,SP|INDAIATUBA,glp,19,112.0,108.0,120.0,105.0,120.0
2022-05,MUN,SP|ITANHAEM,glp,3,116.0,115.2,119.2,115.0,120.0
2022-05,MUN,SP|ITAPECERICA DA SERRA,glp,6,107.995,94.99,109.995,89.99,110.0
2022-05,MUN,SP|ITAPETININGA,glp,11,115.0,114.95,118.0,113.99,120.0
2022-05,MUN,SP|ITAPEVA,glp,4,122.75,120.0,128.65,120.0,130.0
2022-05,MUN,SP|ITAPIRA,glp,3,110.0,105.992,125.2,104.99,129.0
2022-05,MUN,SP|ITAPOLIS,glp,8,120.0,110.0,121.5,110.0,125.0
2022-05,MUN,SP|ITAQUAQUECETUBA,glp,13,107.99,99.99,109.792,99.99,110.0
2022-05,MUN,SP|ITATIBA,glp,5,115.0,110.74,117.94,109.9,119.9
2022-05,MUN,SP|ITU,glp,20,110.0,104.8,115.0,103.0,120.0
2022-05,MUN,SP|JABOTICABAL,glp,4,104.995,104.99,105.63,104.99,105.9
2022-05,MUN,SP|JACAREI,glp,9,105.0,98.598,119.9,92.99,119.9
2022-05,MUN,SP|JALES,glp,11,105.0,104.9,106.0,98.0,109.0
2022-05,MUN,SP|JAU,glp,12,117.5,117.0,119.89,117.0,120.0
2022-05,MUN,SP|JOSE BONIFACIO,glp,6,115.0,110.0,122.5,110.0,125.0
2022-05,MUN,SP|JUNDIAI,glp,9,110.0,109.99,117.0,109.99,117.0
2022-05,MUN,SP|LEME,glp,11,114.0,110.0,115.0,110.0,123.0
2022-05,MUN,SP|LIMEIRA,glp,17,110.0,107.6,118.0,104.99,120.0
2022-05,MUN,SP|LINS,glp,9,115.0,107.92,121.0,100.0,125.0
2022-05,MUN,SP|LORENA,glp,15,102.0,89.994,113.0,89.99,115.0
2022-05,MUN,SP|MARILIA,glp,15,123.0,121.0,124.6,118.0,125.0
2022-05,MUN,SP|MATAO,glp,8,110.0,110.0,119.5,110.0,130.0
2022-05,MUN,SP|MAUA,glp,46,109.99,99.995,118.5,89.99,121.0
2022-05,MUN,SP|MIRASSOL,glp,13,114.0,110.0,125.0,108.0,125.0
2022-05,MUN,SP|MOCOCA,glp,7,118.0,114.196,120.0,109.99,120.0
2022-05,MUN,SP|MOGI DAS CRUZES,glp,29,110.0,104.478,115.0,101.995,120.0
2022-05,MUN,SP|MOGI GUACU,glp,11,110.0,110.0,110.0,110.0,110.0
2022-05,MUN,SP|MOGI MIRIM,glp,8,107.495,102.675,110.0,102.5,110.0
2022-05,MUN,SP|MONTE ALTO,glp,8,122.5,113.5,125.0,110.0,125.0
2022-05,MUN,SP|OLIMPIA,glp,8,100.0,99.7,100.9,99.0,103.0
2022-05,MUN,SP|OSASCO,glp,21,110.0,105.0,120.0,102.495,124.99
2022-05,MUN,SP|OURINHOS,glp,17,115.0,110.0,115.0,110.0,118.0
2022-05,MUN,SP|PARAGUACU PAULISTA,glp,12,117.5,111.4,120.0,110.0,120.0
2022-05,MUN,SP|PAULINIA,glp,12,109.992,105.499,110.0,105.0,112.5
2022-05,MUN,SP|PINDAMONHANGABA,glp,6,115.0,115.0,116.0,115.0,117.0
2022-05,MUN,SP|PIRACICABA,glp,16,110.0,104.995,115.0,99.99,120.0
2022-05,MUN,SP|PIRASSUNUNGA,glp,2,102.495,100.491,104.499,99.99,105.0
2022-05,MUN,SP|POA,glp,8,108.995,102.99,110.6,102.99,112.0
2022-05,MUN,SP|PORTO FERREIRA,glp,2,112.45,106.49,118.41,105.0,119.9
2022-05,MUN,SP|PRAIA GRANDE,glp,8,110.495,109.25,111.3,107.5,112.0
2022-05,MUN,SP|PRESIDENTE PRUDENTE,glp,22,110.0,98.189,115.0,97.99,116.0
2022-05,MUN,SP|PRESIDENTE VENCESLAU,glp,4,113.0,111.6,114.4,111.0,115.0
2022-05,MUN,SP|RIBEIRAO PIRES,glp,18,105.495,104.9,125.0,104.9,125.0
2022-05,MUN,SP|RIBEIRAO PRETO,glp,40,110.0,107.791,120.499,99.5,129.9
2022-05,MUN,SP|RIO CLARO,glp,6,110.0,109.995,114.0,109.99,118.0
2022-05,MUN,SP|SALTO,glp,23,105.0,104.992,112.0,99.99,113.95
2022-05,MUN,SP|SANTA BARBARA D'OESTE,glp,15,105.0,104.99,105.0,104.99,105.0
2022-05,MUN,SP|SANTA CRUZ DO RIO PARDO,glp,16,115.0,110.0,121.25,109.99,124.0
2022-05,MUN,SP|SANTO ANDRE,glp,29,112.0,106.6,119.992,99.99,120.0
2022-05,MUN,SP|SANTOS,glp,23,122.0,107.1,139.0,102.99,149.0
2022-05,MUN,SP|SAO BERNARDO DO CAMPO,glp,47,114.99,109.99,128.8,108.0,144.99
2022-05,MUN,SP|SAO CAETANO DO SUL,glp,6,114.995,110.0,120.0,110.0,125.0
2022-05,MUN,SP|SAO CARLOS,glp,14,116.995,113.0,125.0,110.0,130.0
2022-05,MUN,SP|SAO JOAO DA BOA VISTA,glp,12,105.0,100.5,110.0,99.99,110.0
2022-05,MUN,SP|SAO JOSE DO RIO PRETO,glp,20,110.0,99.99,121.0,99.99,130.0
2022-05,MUN,SP|SAO JOSE DOS CAMPOS,glp,18,107.748,94.99,115.9,89.99,120.0
2022-05,MUN,SP|SAO PAULO,glp,91,110.0,99.99,120.0,96.99,131.0
2022-05,MUN,SP|SAO ROQUE,glp,6,109.0,97.49,115.0,94.99,115.0
2022-05,MUN,SP|SAO VICENTE,glp,16,109.5,104.9,111.5,104.9,115.99
2022-05,MUN,SP|SERTAOZINHO,glp,14,110.0,104.0,120.0,104.0,120.0
2022-05,MUN,SP|SOROCABA,glp,40,110.0,106.99,117.55,104.9,120.0
2022-05,MUN,SP|SUMARE,glp,23,107.99,99.99,110.0,97.49,116.995
2022-05,MUN,SP|SUZANO,glp,20,105.99,104.491,112.09,100.0,112.9
2022-05,MUN,SP|TABOAO DA SERRA,glp,6,109.945,104.995,112.495,104.99,114.99
2022-05,MUN,SP|TATUI,glp,11,120.0,114.0,125.0,110.0,130.0
2022-05,MUN,SP|TAUBATE,glp,9,106.0,96.592,106.4,95.0,108.0
2022-05,MUN,SP|TUPA,glp,12,115.0,107.55,120.0,105.0,127.0
2022-05,MUN,SP|UBATUBA,glp,11,116.5,106.5,120.0,105.0,121.0
2022-05,MUN,SP|VALINHOS,glp,5,99.9,97.99,105.9,97.99,105.9
2022-05,MUN,SP|VARZEA PAULISTA,glp,6,105.0,105.0,111.0,105.0,117.0
2022-05,MUN,SP|VINHEDO,glp,5,112.99,111.196,113.0,110.0,113.0
2022-05,MUN,SP|VOTORANTIM,glp,19,110.0,109.99,113.4,108.0,115.0
2022-05,MUN,SP|VOTUPORANGA,glp,8,109.5,108.7,116.47,108.0,117.8
2022-05,MUN,TO|ARAGUAINA,glp,15,125.0,121.0,129.0,117.5,130.0
2022-05,MUN,TO|GURUPI,glp,35,125.0,122.0,125.0,109.99,130.0
2022-05,MUN,TO|PALMAS,glp,28,125.0,120.0,127.65,120.0,130.0
2022-05,MUN,TO|PARAISO DO TOCANTINS,glp,10,125.0,122.25,132.75,120.0,135.0
2022-05,MUN,TO|PORTO NACIONAL,glp,14,125.0,120.0,130.0,120.0,130.0
2022-05,UF,AC,glp,51,130.0,124.0,135.0,120.0,145.0
2022-05,UF,AL,glp,31,110.0,100.0,115.0,94.0,115.0
2022-05,UF,AM,glp,86,120.0,112.0,132.5,109.0,140.0
2022-05,UF,AP,glp,21,120.0,115.0,127.0,110.0,129.0
2022-05,UF,BA,glp,394,106.0,98.0,115.0,87.0,130.0
2022-05,UF,CE,glp,140,115.0,110.0,122.0,99.99,130.0
2022-05,UF,DF,glp,50,107.99,100.0,115.0,97.99,129.99
2022-05,UF,ES,glp,144,110.0,95.0,115.0,84.99,120.0
2022-05,UF,GO,glp,294,120.0,105.0,132.5,94.0,145.0
2022-05,UF,MA,glp,103,119.99,105.5,124.4,99.99,130.0
2022-05,UF,MG,glp,782,115.0,105.0,126.0,95.0,145.0
2022-05,UF,MS,glp,185,110.0,100.8,120.0,95.0,130.0
2022-05,UF,MT,glp,156,135.0,120.0,150.0,114.99,160.0
2022-05,UF,PA,glp,220,115.0,108.0,135.0,99.95,150.0
2022-05,UF,PB,glp,82,117.5,110.0,120.0,99.99,128.0
2022-05,UF,PE,glp,297,100.0,95.0,110.0,90.0,140.0
2022-05,UF,PI,glp,65,120.0,115.0,127.8,110.0,130.0
2022-05,UF,PR,glp,529,113.0,105.0,125.0,98.0,140.0
2022-05,UF,RJ,glp,310,99.998,94.072,115.0,85.0,124.99
2022-05,UF,RN,glp,64,120.0,112.9,125.0,105.0,139.0
2022-05,UF,RO,glp,74,135.0,122.65,145.0,115.0,150.0
2022-05,UF,RR,glp,91,125.0,120.0,130.0,115.0,145.0
2022-05,UF,RS,glp,505,112.0,105.0,122.0,95.0,137.0
2022-05,UF,SC,glp,140,120.0,110.0,130.0,102.0,160.0
2022-05,UF,SE,glp,38,104.922,99.997,114.3,97.99,120.0
2022-05,UF,SP,glp,1516,110.0,104.75,120.0,89.99,150.0
2022-05,UF,TO,glp,102,125.0,120.0,129.8,109.99,135.0
2022-06,BR,BR,glp,6579,113.0,100.0,126.0,84.99,160.0
2022-06,MUN,AC|CRUZEIRO DO SUL,glp,4,132.0,132.0,132.0,132.0,132.0
2022-06,MUN,AC|RIO BRANCO,glp,43,130.0,125.0,135.0,123.0,145.0
2022-06,MUN,AL|ARAPIRACA,glp,10,108.748,99.99,110.0,99.9,110.0
2022-06,MUN,AL|DELMIRO GOUVEIA,glp,2,110.0,110.0,110.0,110.0,110.0
2022-06,MUN,AL|MACEIO,glp,11,105.0,102.5,110.0,94.0,115.0
2022-06,MUN,AL|PALMEIRA DOS INDIOS,glp,4,115.0,115.0,115.0,115.0,115.0
2022-06,MUN,AL|RIO LARGO,glp,3,115.0,113.0,115.0,112.5,115.0
2022-06,MUN,AM|ITACOATIARA,glp,9,128.0,124.2,135.0,121.0,135.0
2022-06,MUN,AM|MANACAPURU,glp,6,124.0,123.5,130.0,123.0,130.0
2022-06,MUN,AM|MANAUS,glp,48,118.0,111.7,121.3,109.0,128.0
2022-06,MUN,AM|PARINTINS,glp,3,140.0,140.0,140.0,140.0,140.0
2022-06,MUN,AM|TEFE,glp,4,136.5,135.0,138.0,135.0,138.0
2022-06,MUN,AP|MACAPA,glp,14,125.0,118.6,128.4,110.0,130.0
2022-06,MUN,AP|SANTANA,glp,10,118.0,113.05,120.5,95.5,125.0
2022-06,MUN,BA|ALAGOINHAS,glp,8,102.5,99.99,105.0,99.99,105.0
2022-06,MUN,BA|BARREIRAS,glp,6,130.0,127.5,131.25,125.0,132.5
2022-06,MUN,BA|BRUMADO,glp,5,105.0,103.2,107.0,102.0,107.0
2022-06,MUN,BA|CAETITE,glp,8,105.0,104.25,105.0,102.5,105.0
2022-06,MUN,BA|CAMACARI,glp,27,105.0,100.0,110.8,95.0,115.0
2022-06,MUN,BA|EUNAPOLIS,glp,14,103.25,98.3,107.5,97.0,110.0
2022-06,MUN,BA|FEIRA DE SANTANA,glp,10,97.5,94.7,108.5,92.0,113.0
2022-06,MUN,BA|GUANAMBI,glp,15,110.0,110.0,110.0,110.0,110.0
2022-06,MUN,BA|ILHEUS,glp,6,117.0,115.5,123.5,115.0,127.0
2022-06,MUN,BA|IPIRA,glp,3,110.0,110.0,110.0,110.0,110.0
2022-06,MUN,BA|IRECE,glp,3,107.0,105.4,107.8,105.0,108.0
2022-06,MUN,BA|ITABUNA,glp,8,112.0,106.1,115.0,97.0,115.0
2022-06,MUN,BA|ITAMARAJU,glp,6,103.75,100.0,106.5,100.0,108.0
2022-06,MUN,BA|JACOBINA,glp,8,120.0,120.0,122.0,120.0,122.0
2022-06,MUN,BA|JAGUAQUARA,glp,3,115.0,115.0,115.0,115.0,115.0
2022-06,MUN,BA|JEQUIE,glp,7,92.0,90.0,93.0,90.0,93.0
2022-06,MUN,BA|JUAZEIRO,glp,6,107.0,105.0,109.25,105.0,110.0
2022-06,MUN,BA|LAURO DE FREITAS,glp,31,100.0,95.0,110.0,87.5,125.0
2022-06,MUN,BA|LIVRAMENTO DE NOSSA SENHORA,glp,3,105.0,105.0,109.0,105.0,110.0
2022-06,MUN,BA|PAULO AFONSO,glp,3,105.0,94.6,109.0,92.0,110.0
2022-06,MUN,BA|POCOES,glp,4,100.0,100.0,107.0,100.0,110.0
2022-06,MUN,BA|PORTO SEGURO,glp,9,98.0,92.8,100.0,92.0,100.0
2022-06,MUN,BA|SALVADOR,glp,167,105.0,95.0,110.0,86.99,125.0
2022-06,MUN,BA|SANTO ANTONIO DE JESUS,glp,7,110.0,101.4,110.0,99.0,110.0
2022-06,MUN,BA|SENHOR DO BONFIM,glp,4,115.0,115.0,115.0,115.0,115.0
2022-06,MUN,BA|SERRINHA,glp,4,120.0,120.0,123.5,120.0,125.0
2022-06,MUN,BA|SIMOES FILHO,glp,16,99.99,95.0,109.995,94.99,119.99
2022-06,MUN,BA|TEIXEIRA DE FREITAS,glp,13,100.0,95.0,110.0,94.0,110.0
2022-06,MUN,BA|VALENCA,glp,5,110.0,106.0,114.0,105.0,115.0
2022-06,MUN,BA|VITORIA DA CONQUISTA,glp,5,110.0,103.0,110.0,100.0,110.0
2022-06,MUN,CE|AQUIRAZ,glp,1,115.0,115.0,115.0,115.0,115.0
2022-06,MUN,CE|CANINDE,glp,3,112.0,108.8,114.4,108.0,115.0
2022-06,MUN,CE|CAUCAIA,glp,16,110.0,102.495,120.0,99.99,123.0
2022-06,MUN,CE|CRATEUS,glp,5,113.0,113.0,120.9,113.0,121.5
2022-06,MUN,CE|CRATO,glp,14,115.0,112.0,117.1,110.0,120.0
2022-06,MUN,CE|FORTALEZA,glp,56,117.0,112.5,124.0,104.0,128.0
2022-06,MUN,CE|ICO,glp,3,125.0,117.0,125.0,115.0,125.0
2022-06,MUN,CE|IGUATU,glp,3,120.0,118.4,120.8,118.0,121.0
2022-06,MUN,CE|ITAPIPOCA,glp,6,111.5,110.0,115.0,110.0,115.0
2022-06,MUN,CE|JUAZEIRO DO NORTE,glp,13,113.0,113.0,117.4,108.0,120.0
2022-06,MUN,CE|LIMOEIRO DO NORTE,glp,4,122.25,122.0,123.2,122.0,123.5
2022-06,MUN,CE|MARACANAU,glp,13,115.0,109.992,119.4,105.0,125.0
2022-06,MUN,CE|QUIXADA,glp,2,113.5,112.3,114.7,112.0,115.0
2022-06,MUN,CE|SOBRAL,glp,5,120.0,118.2,120.0,117.0,120.0
2022-06,MUN,DF|BRASILIA,glp,49,107.99,99.99,115.0,99.99,129.495
2022-06,MUN,ES|ARACRUZ,glp,8,108.75,103.5,111.5,100.0,115.0
2022-06,MUN,ES|CACHOEIRO DE ITAPEMIRIM,glp,19,109.99,99.52,115.0,98.0,115.0
2022-06,MUN,ES|CARIACICA,glp,23,100.0,94.99,107.992,90.0,110.0
2022-06,MUN,ES|COLATINA,glp,8,115.0,105.0,115.0,105.0,115.0
2022-06,MUN,ES|GUARAPARI,glp,8,107.5,94.99,115.0,94.99,115.0
2022-06,MUN,ES|LINHARES,glp,17,115.0,110.0,115.0,110.0,120.0
2022-06,MUN,ES|SAO MATEUS,glp,9,99.99,99.99,104.992,99.99,105.0
2022-06,MUN,ES|SERRA,glp,25,110.0,105.0,115.0,92.99,115.0
2022-06,MUN,ES|VILA VELHA,glp,23,105.0,95.998,110.0,84.99,111.0
2022-06,MUN,ES|VITORIA,glp,7,115.0,103.0,120.0,100.0,120.0
2022-06,MUN,GO|AGUAS LINDAS DE GOIAS,glp,17,105.0,99.19,105.0,94.99,110.0
2022-06,MUN,GO|ANAPOLIS,glp,22,120.0,120.0,122.5,115.0,125.0
2022-06,MUN,GO|APARECIDA DE GOIANIA,glp,20,117.0,113.6,120.0,110.0,125.0
2022-06,MUN,GO|CALDAS NOVAS,glp,4,115.0,115.0,124.1,115.0,128.0
2022-06,MUN,GO|CATALAO,glp,10,117.5,114.7,120.0,112.0,120.0
2022-06,MUN,GO|FORMOSA,glp,15,110.0,101.594,116.8,99.99,120.0
2022-06,MUN,GO|GOIANIA,glp,41,125.0,120.0,125.0,117.0,125.0
2022-06,MUN,GO|GOIATUBA,glp,8,121.25,118.5,125.0,115.0,125.0
2022-06,MUN,GO|ITUMBIARA,glp,15,127.0,118.0,130.0,115.0,130.0
2022-06,MUN,GO|JATAI,glp,15,140.0,137.5,141.8,135.0,145.0
2022-06,MUN,GO|LUZIANIA,glp,12,115.0,109.99,115.0,107.99,115.0
2022-06,MUN,GO|MINEIROS,glp,6,125.0,122.0,125.0,122.0,125.0
2022-06,MUN,GO|MORRINHOS,glp,8,119.998,110.0,120.0,110.0,120.0
2022-06,MUN,GO|PORANGATU,glp,16,119.25,115.0,120.0,115.0,120.0
2022-06,MUN,GO|RIO VERDE,glp,24,130.0,128.25,135.0,125.0,135.0
2022-06,MUN,GO|TRINDADE,glp,48,110.0,104.85,115.0,100.0,125.0
2022-06,MUN,GO|VALPARAISO DE GOIAS,glp,11,110.0,109.99,110.0,104.99,125.0
2022-06,MUN,MA|ACAILANDIA,glp,10,115.0,113.0,116.0,113.0,125.0
2022-06,MUN,MA|BACABAL,glp,6,120.0,120.0,123.5,120.0,125.0
2022-06,MUN,MA|BALSAS,glp,5,130.0,127.0,130.0,125.0,130.0
2022-06,MUN,MA|BARRA DO CORDA,glp,5,115.0,115.0,118.0,115.0,120.0
2022-06,MUN,MA|CAXIAS,glp,6,120.0,110.0,120.0,110.0,120.0
2022-06,MUN,MA|CODO,glp,7,120.0,120.0,120.0,120.0,120.0
2022-06,MUN,MA|IMPERATRIZ,glp,26,110.0,105.0,110.0,99.99,110.0
2022-06,MUN,MA|PINHEIRO,glp,7,116.5,95.52,125.0,88.8,125.0
2022-06,MUN,MA|PRESIDENTE DUTRA,glp,5,120.0,117.0,120.0,115.0,120.0
2022-06,MUN,MA|SANTA INES,glp,3,128.0,128.0,128.8,128.0,129.0
2022-06,MUN,MA|SAO JOSE DE RIBAMAR,glp,9,114.99,114.99,117.99,114.99,119.99
2022-06,MUN,MA|SAO LUIS,glp,29,114.99,114.99,119.99,114.99,120.0
2022-06,MUN,MG|ALFENAS,glp,11,112.5,110.0,115.0,110.0,120.0
2022-06,MUN,MG|ARAGUARI,glp,8,115.0,109.4,121.5,108.0,125.0
2022-06,MUN,MG|ARAXA,glp,10,115.0,110.0,115.5,110.0,120.0
2022-06,MUN,MG|BARBACENA,glp,12,108.5,99.99,110.0,99.9,120.0
2022-06,MUN,MG|BELO HORIZONTE,glp,30,110.0,107.9,123.2,95.5,128.0
2022-06,MUN,MG|BETIM,glp,34,122.0,110.9,125.0,99.99,128.0
2022-06,MUN,MG|BOM DESPACHO,glp,5,115.0,101.0,118.0,95.0,120.0
2022-06,MUN,MG|CAMPO BELO,glp,7,120.0,120.0,120.0,120.0,120.0
2022-06,MUN,MG|CARATINGA,glp,5,125.0,114.0,127.94,110.0,129.9
2022-06,MUN,MG|CONGONHAS,glp,9,115.0,114.0,116.2,114.0,117.0
2022-06,MUN,MG|CONSELHEIRO LAFAIETE,glp,15,103.0,99.994,110.0,99.99,112.0
2022-06,MUN,MG|CONTAGEM,glp,62,120.0,105.099,125.0,99.99,130.0
2022-06,MUN,MG|CORONEL FABRICIANO,glp,10,120.5,118.6,125.0,115.0,125.0
2022-06,MUN,MG|CURVELO,glp,9,100.0,95.0,110.5,95.0,112.5
2022-06,MUN,MG|DIVINOPOLIS,glp,28,110.0,105.0,115.6,105.0,120.0
2022-06,MUN,MG|FORMIGA,glp,15,120.0,120.0,124.0,117.0,130.0
2022-06,MUN,MG|FRUTAL,glp,9,109.9,102.4,114.92,100.0,115.0
2022-06,MUN,MG|GOVERNADOR VALADARES,glp,10,122.5,114.999,135.4,114.99,139.0
2022-06,MUN,MG|GUAXUPE,glp,7,110.0,101.8,110.0,100.0,110.0
2022-06,MUN,MG|IBIRITE,glp,1,108.0,108.0,108.0,108.0,108.0
2022-06,MUN,MG|IPATINGA,glp,18,119.5,110.0,125.0,107.0,125.0
2022-06,MUN,MG|ITABIRA,glp,2,115.0,115.0,115.0,115.0,115.0
2022-06,MUN,MG|ITAJUBA,glp,10,111.25,110.0,115.5,110.0,120.0
2022-06,MUN,MG|ITAUNA,glp,12,116.0,105.099,117.0,105.0,118.0
2022-06,MUN,MG|ITUIUTABA,glp,15,110.0,104.994,112.0,100.0,115.0
2022-06,MUN,MG|JANAUBA,glp,2,127.4,126.28,128.52,126.0,128.8
2022-06,MUN,MG|JANUARIA,glp,14,128.0,122.0,135.0,120.0,140.0
2022-06,MUN,MG|JOAO MONLEVADE,glp,10,115.0,110.0,120.0,110.0,120.0
2022-06,MUN,MG|JOAO PINHEIRO,glp,10,126.5,124.21,130.0,118.0,130.0
2022-06,MUN,MG|JUIZ DE FORA,glp,23,110.0,97.59,120.0,96.99,135.0
2022-06,MUN,MG|LAVRAS,glp,11,110.0,105.0,112.0,105.0,116.0
2022-06,MUN,MG|LEOPOLDINA,glp,6,110.0,105.0,115.75,100.0,116.5
2022-06,MUN,MG|MANHUACU,glp,6,112.5,105.95,115.0,104.9,115.0
2022-06,MUN,MG|MONTE CARMELO,glp,20,115.0,110.0,120.0,110.0,130.0
2022-06,MUN,MG|MONTES CLAROS,glp,56,123.75,118.498,129.5,109.495,135.0
2022-06,MUN,MG|MURIAE,glp,5,110.0,110.0,116.0,110.0,120.0
2022-06,MUN,MG|NOVA LIMA,glp,9,122.0,114.0,125.6,110.0,128.0
2022-06,MUN,MG|OLIVEIRA,glp,4,110.0,108.6,110.0,108.0,110.0
2022-06,MUN,MG|OURO PRETO,glp,4,123.5,120.6,128.5,120.0,130.0
2022-06,MUN,MG|PARA DE MINAS,glp,3,117.5,115.5,119.5,115.0,120.0
2022-06,MUN,MG|PARACATU,glp,11,125.0,120.0,125.0,116.5,125.0
2022-06,MUN,MG|PASSOS,glp,32,120.0,115.0,125.0,110.0,130.0
2022-06,MUN,MG|PATOS DE MINAS,glp,20,125.0,122.25,130.0,120.0,130.0
2022-06,MUN,MG|PATROCINIO,glp,10,116.0,115.0,120.0,115.0,120.0
2022-06,MUN,MG|POCOS DE CALDAS,glp,12,121.0,120.0,123.99,118.0,124.0
2022-06,MUN,MG|POUSO ALEGRE,glp,4,109.0,108.3,109.7,108.0,110.0
2022-06,MUN,MG|SABARA,glp,8,125.5,123.5,127.0,120.0,127.0
2022-06,MUN,MG|SAO JOAO DEL REI,glp,13,114.0,110.0,117.0,99.99,118.0
2022-06,MUN,MG|SAO SEBASTIAO DO PARAISO,glp,20,105.0,99.9,115.5,97.99,120.0
2022-06,MUN,MG|SETE LAGOAS,glp,10,109.95,108.0,115.5,108.0,120.0
2022-06,MUN,MG|TEOFILO OTONI,glp,17,115.0,113.0,117.2,110.0,118.0
2022-06,MUN,MG|TIMOTEO,glp,6,117.5,113.75,122.5,112.5,125.0
2022-06,MUN,MG|TRES CORACOES,glp,11,105.0,100.0,105.0,97.995,110.0
2022-06,MUN,MG|UBA,glp,13,115.0,110.0,120.0,105.0,130.0
2022-06,MUN,MG|UBERABA,glp,25,115.0,110.0,123.0,107.0,125.0
2022-06,MUN,MG|UBERLANDIA,glp,28,115.0,110.0,120.0,105.0,125.0
2022-06,MUN,MG|UNAI,glp,7,140.0,136.5,140.0,135.0,140.0
2022-06,MUN,MG|VARGINHA,glp,14,110.0,104.297,115.0,100.0,115.0
2022-06,MUN,MG|VICOSA,glp,3,127.0,119.0,127.8,117.0,128.0
2022-06,MUN,MS|CAMPO GRANDE,glp,104,110.0,99.927,115.0,95.0,125.0
2022-06,MUN,MS|CORUMBA,glp,2,115.0,115.0,115.0,115.0,115.0
2022-06,MUN,MS|COXIM,glp,7,125.0,125.0,130.0,125.0,130.0
2022-06,MUN,MS|DOURADOS,glp,33,115.0,110.0,126.6,105.0,130.0
2022-06,MUN,MS|NOVA ANDRADINA,glp,13,112.5,110.0,117.4,110.0,120.0
2022-06,MUN,MS|PONTA PORA,glp,4,105.5,105.0,107.4,105.0,108.0
2022-06,MUN,MS|TRES LAGOAS,glp,23,112.5,110.0,119.0,110.0,125.0
2022-06,MUN,MT|ALTA FLORESTA,glp,17,150.0,150.0,150.0,149.5,150.0
2022-06,MUN,MT|CACERES,glp,23,122.5,119.992,125.0,115.0,130.0
2022-06,MUN,MT|CUIABA,glp,57,135.0,119.4,140.0,114.99,145.0
2022-06,MUN,MT|RONDONOPOLIS,glp,16,135.0,127.5,147.5,122.5,150.0
2022-06,MUN,MT|SINOP,glp,24,147.5,140.75,150.0,140.0,160.0
2022-06,MUN,MT|SORRISO,glp,21,145.0,135.0,150.0,132.0,150.0
2022-06,MUN,MT|VARZEA GRANDE,glp,14,135.0,119.993,137.35,114.99,140.0
2022-06,MUN,PA|ABAETETUBA,glp,6,110.5,108.0,116.5,108.0,118.0
2022-06,MUN,PA|ALENQUER,glp,4,115.0,111.5,115.0,110.0,115.0
2022-06,MUN,PA|ALTAMIRA,glp,9,135.0,134.0,135.0,130.0,135.0
2022-06,MUN,PA|ANANINDEUA,glp,26,112.75,109.0,121.0,105.0,129.99
2022-06,MUN,PA|BELEM,glp,47,115.0,111.99,119.396,110.0,140.0
2022-06,MUN,PA|BRAGANCA,glp,8,125.0,124.7,125.0,124.0,125.0
2022-06,MUN,PA|CAMETA,glp,7,120.0,120.0,120.8,120.0,122.0
2022-06,MUN,PA|CASTANHAL,glp,6,119.0,115.0,120.0,115.0,120.0
2022-06,MUN,PA|CONCEICAO DO ARAGUAIA,glp,9,130.0,130.0,130.0,130.0,130.0
2022-06,MUN,PA|ITAITUBA,glp,14,135.0,131.5,137.1,128.0,140.0
2022-06,MUN,PA|MARABA,glp,12,125.0,123.0,130.0,123.0,130.0
2022-06,MUN,PA|PARAGOMINAS,glp,4,140.0,140.0,140.0,140.0,140.0
2022-06,MUN,PA|PARAUAPEBAS,glp,5,140.0,140.0,144.0,140.0,145.0
2022-06,MUN,PA|REDENCAO,glp,10,145.0,137.9,150.0,119.0,150.0
2022-06,MUN,PA|SANTAREM,glp,51,112.0,105.0,115.0,100.0,122.0
2022-06,MUN,PA|XINGUARA,glp,7,135.0,133.0,135.0,130.0,135.0
2022-06,MUN,PB|BAYEUX,glp,5,115.0,112.0,116.0,110.0,116.0
2022-06,MUN,PB|CABEDELO,glp,6,119.5,115.0,120.0,115.0,120.0
2022-06,MUN,PB|CAMPINA GRANDE,glp,32,120.0,111.6,124.75,102.0,128.0
2022-06,MUN,PB|JOAO PESSOA,glp,23,115.0,106.0,120.0,99.99,125.0
2022-06,MUN,PB|PATOS,glp,4,120.0,114.4,120.0,112.0,120.0
2022-06,MUN,PB|SOUSA,glp,3,115.0,111.0,119.0,110.0,120.0
2022-06,MUN,PE|ARARIPINA,glp,3,110.0,110.0,110.0,110.0,110.0
2022-06,MUN,PE|ARCOVERDE,glp,6,95.0,94.0,98.75,93.0,100.0
2022-06,MUN,PE|BELO JARDIM,glp,7,106.0,102.0,109.1,102.0,110.0
2022-06,MUN,PE|CABO DE SANTO AGOSTINHO,glp,9,100.0,94.99,100.6,94.99,103.0
2022-06,MUN,PE|CARUARU,glp,8,101.5,98.5,111.5,95.0,115.0
2022-06,MUN,PE|GARANHUNS,glp,8,109.99,109.99,110.0,109.99,110.0
2022-06,MUN,PE|GOIANA,glp,6,101.25,100.0,103.75,100.0,105.0
2022-06,MUN,PE|IGARASSU,glp,20,105.0,100.0,110.0,99.99,110.0
2022-06,MUN,PE|JABOATAO DOS GUARARAPES,glp,37,100.0,95.0,102.5,92.0,110.0
2022-06,MUN,PE|LAJEDO,glp,5,95.0,95.0,95.0,95.0,95.0
2022-06,MUN,PE|OLINDA,glp,44,100.0,95.0,105.0,90.0,140.0
2022-06,MUN,PE|PAULISTA,glp,25,100.0,95.0,110.0,95.0,115.0
2022-06,MUN,PE|PETROLINA,glp,15,105.0,103.2,105.0,95.0,105.0
2022-06,MUN,PE|RECIFE,glp,64,100.0,97.993,110.0,91.0,115.0
2022-06,MUN,PE|SALGUEIRO,glp,2,115.0,115.0,115.0,115.0,115.0
2022-06,MUN,PE|SANTA CRUZ DO CAPIBARIBE,glp,5,110.0,110.0,113.0,110.0,115.0
2022-06,MUN,PE|SERRA TALHADA,glp,3,120.0,118.4,120.0,118.0,120.0
2022-06,MUN,PE|VITORIA DE SANTO ANTAO,glp,10,100.0,99.499,100.0,94.99,100.0
2022-06,MUN,PI|PARNAIBA,glp,3,119.0,119.0,123.8,119.0,125.0
2022-06,MUN,PI|PICOS,glp,3,120.0,120.0,124.0,120.0,125.0
2022-06,MUN,PI|PIRIPIRI,glp,5,128.0,119.0,130.0,115.0,130.0
2022-06,MUN,PI|TERESINA,glp,51,120.0,115.0,120.0,110.0,130.0
2022-06,MUN,PR|APUCARANA,glp,26,115.0,100.0,115.0,99.5,120.0
2022-06,MUN,PR|ARAPONGAS,glp,19,110.0,107.38,110.0,104.9,115.0
2022-06,MUN,PR|ARAUCARIA,glp,22,110.0,105.0,114.75,99.9,115.0
2022-06,MUN,PR|ASSIS CHATEAUBRIAND,glp,8,136.0,133.5,140.0,130.0,140.0
2022-06,MUN,PR|CAMBE,glp,16,118.5,111.25,125.0,107.5,125.0
2022-06,MUN,PR|CAMPO LARGO,glp,17,105.5,99.9,110.0,99.5,110.0
2022-06,MUN,PR|CAMPO MOURAO,glp,18,125.0,120.0,129.3,115.0,130.0
2022-06,MUN,PR|CASCAVEL,glp,20,118.75,115.0,120.5,110.0,125.0
2022-06,MUN,PR|CASTRO,glp,6,107.5,106.0,113.0,105.0,118.0
2022-06,MUN,PR|CIANORTE,glp,16,129.9,122.5,130.0,115.0,130.0
2022-06,MUN,PR|COLOMBO,glp,26,105.0,105.0,110.0,99.9,115.0
2022-06,MUN,PR|CORNELIO PROCOPIO,glp,6,130.0,125.0,135.0,125.0,135.0
2022-06,MUN,PR|CURITIBA,glp,38,108.0,103.997,110.0,98.0,115.0
2022-06,MUN,PR|FOZ DO IGUACU,glp,21,110.0,100.0,120.0,100.0,128.0
2022-06,MUN,PR|FRANCISCO BELTRAO,glp,10,120.0,109.9,130.0,109.0,130.0
2022-06,MUN,PR|GUARAPUAVA,glp,12,120.0,117.91,120.0,117.9,123.0
2022-06,MUN,PR|JACAREZINHO,glp,1,115.0,115.0,115.0,115.0,115.0
2022-06,MUN,PR|LONDRINA,glp,64,110.0,105.0,120.0,100.0,125.0
2022-06,MUN,PR|MARECHAL CANDIDO RONDON,glp,8,114.995,104.97,115.75,104.9,117.5
2022-06,MUN,PR|MARINGA,glp,50,125.0,115.0,130.0,115.0,139.0
2022-06,MUN,PR|PARANAGUA,glp,15,105.0,98.4,110.0,96.0,113.0
2022-06,MUN,PR|PARANAVAI,glp,20,120.0,113.39,120.0,94.99,125.0
2022-06,MUN,PR|PATO BRANCO,glp,7,128.0,122.6,130.0,122.0,130.0
2022-06,MUN,PR|PINHAIS,glp,17,107.5,105.0,112.7,105.0,115.0
2022-06,MUN,PR|PONTA GROSSA,glp,25,110.0,105.0,114.2,104.45,118.0
2022-06,MUN,PR|SANTO ANTONIO DA PLATINA,glp,8,117.0,113.8,119.2,111.0,122.0
2022-06,MUN,PR|SAO JOSE DOS PINHAIS,glp,13,110.0,103.32,110.0,99.9,113.0
2022-06,MUN,PR|TOLEDO,glp,19,115.0,108.198,125.0,100.0,130.0
2022-06,MUN,PR|UMUARAMA,glp,13,120.0,120.0,124.0,115.0,125.0
2022-06,MUN,PR|UNIAO DA VITORIA,glp,6,120.0,115.0,125.0,110.0,130.0
2022-06,MUN,RJ|ANGRA DOS REIS,glp,8,120.0,119.9,120.0,119.9,120.0
2022-06,MUN,RJ|ARARUAMA,glp,10,95.49,92.691,97.299,90.0,99.99
2022-06,MUN,RJ|BARRA DO PIRAI,glp,5,111.9,111.3,114.3,110.9,115.9
2022-06,MUN,RJ|BARRA MANSA,glp,7,110.0,102.354,112.0,99.9,115.0
2022-06,MUN,RJ|BELFORD ROXO,glp,12,95.0,90.399,99.791,85.0,100.0
2022-06,MUN,RJ|CABO FRIO,glp,5,97.99,97.99,99.194,97.99,99.99
2022-06,MUN,RJ|CAMPOS DOS GOYTACAZES,glp,19,100.0,98.0,110.0,94.99,110.0
2022-06,MUN,RJ|DUQUE DE CAXIAS,glp,34,94.99,93.297,99.99,90.0,105.0
2022-06,MUN,RJ|ITABORAI,glp,6,95.99,94.99,96.99,94.99,96.99
2022-06,MUN,RJ|ITAGUAI,glp,3,115.9,108.78,115.9,107.0,115.9
2022-06,MUN,RJ|ITAPERUNA,glp,5,100.0,100.0,101.5,100.0,102.5
2022-06,MUN,RJ|MACAE,glp,6,122.0,120.0,123.495,120.0,124.99
2022-06,MUN,RJ|MAGE,glp,7,95.99,94.59,100.0,93.99,100.0
2022-06,MUN,RJ|MARICA,glp,5,97.99,90.0,102.2,90.0,105.0
2022-06,MUN,RJ|NILOPOLIS,glp,8,100.0,95.0,105.0,95.0,105.0
2022-06,MUN,RJ|NITEROI,glp,10,94.495,90.999,100.491,90.99,105.0
2022-06,MUN,RJ|NOVA FRIBURGO,glp,9,120.0,120.0,120.8,120.0,122.0
2022-06,MUN,RJ|NOVA IGUACU,glp,20,99.99,94.5,110.0,89.99,110.0
2022-06,MUN,RJ|PETROPOLIS,glp,9,100.0,93.49,105.0,93.45,105.0
2022-06,MUN,RJ|RESENDE,glp,7,110.0,108.794,110.0,107.0,110.0
2022-06,MUN,RJ|RIO BONITO,glp,5,90.0,89.994,94.99,89.99,94.99
2022-06,MUN,RJ|RIO DE JANEIRO,glp,51,100.0,95.0,105.0,89.99,108.0
2022-06,MUN,RJ|SANTO ANTONIO DE PADUA,glp,3,95.0,89.0,103.0,87.5,105.0
2022-06,MUN,RJ|SAO FRANCISCO DE ITABAPOANA,glp,2,104.0,99.2,108.8,98.0,110.0
2022-06,MUN,RJ|SAO GONCALO,glp,16,98.495,95.735,105.0,95.0,105.0
2022-06,MUN,RJ|SAO JOAO DE MERITI,glp,16,98.945,94.99,105.0,94.99,105.0
2022-06,MUN,RJ|SAPUCAIA,glp,2,110.0,110.0,110.0,110.0,110.0
2022-06,MUN,RJ|SAQUAREMA,glp,8,92.495,87.997,99.793,87.99,104.0
2022-06,MUN,RJ|TERESOPOLIS,glp,6,115.0,105.0,116.0,100.0,117.0
2022-06,MUN,RJ|TRES RIOS,glp,2,109.995,109.991,109.999,109.99,110.0
2022-06,MUN,RJ|VALENCA,glp,8,99.995,95.0,101.5,95.0,105.0
2022-06,MUN,RJ|VOLTA REDONDA,glp,7,109.95,107.5,110.66,106.9,110.9
2022-06,MUN,RN|CAICO,glp,4,125.0,125.0,125.0,125.0,125.0
2022-06,MUN,RN|MOSSORO,glp,7,118.0,115.0,120.0,115.0,120.0
2022-06,MUN,RN|NATAL,glp,23,120.0,108.9,125.72,105.0,139.0
2022-06,MUN,RN|PARNAMIRIM,glp,19,117.5,114.0,120.4,110.0,125.0
2022-06,MUN,RO|ARIQUEMES,glp,5,141.5,136.8,143.0,136.0,144.0
2022-06,MUN,RO|CACOAL,glp,7,140.0,137.6,147.0,137.0,150.0
2022-06,MUN,RO|JI-PARANA,glp,13,135.0,128.792,136.0,126.99,136.0
2022-06,MUN,RO|PIMENTA BUENO,glp,4,144.0,144.0,144.7,144.0,145.0
2022-06,MUN,RO|PORTO VELHO,glp,35,125.0,118.8,135.0,115.0,140.0
2022-06,MUN,RO|VILHENA,glp,9,148.0,143.6,150.0,142.0,150.0
2022-06,MUN,RR|BOA VISTA,glp,91,125.0,120.0,130.0,115.0,145.0
2022-06,MUN,RS|ALEGRETE,glp,8,114.0,106.27,115.9,99.9,118.0
2022-06,MUN,RS|ALVORADA,glp,11,100.0,96.99,110.0,95.0,115.0
2022-06,MUN,RS|BAGE,glp,24,120.0,115.0,123.5,112.0,125.0
2022-06,MUN,RS|BENTO GONCALVES,glp,3,122.0,120.4,122.0,120.0,122.0
2022-06,MUN,RS|CACHOEIRA DO SUL,glp,10,110.0,104.3,112.0,98.0,112.0
2022-06,MUN,RS|CACHOEIRINHA,glp,7,113.0,108.2,120.96,107.0,129.9
2022-06,MUN,RS|CANOAS,glp,15,105.0,100.8,110.0,98.0,110.0
2022-06,MUN,RS|CAXIAS DO SUL,glp,51,110.9,110.0,120.0,107.0,129.9
2022-06,MUN,RS|CRUZ ALTA,glp,2,104.95,104.19,105.71,104.0,105.9
2022-06,MUN,RS|ERECHIM,glp,19,125.0,123.0,130.0,120.0,135.0
2022-06,MUN,RS|ESTEIO,glp,11,108.0,102.0,113.0,102.0,115.0
2022-06,MUN,RS|GRAMADO,glp,5,115.0,109.6,119.2,108.0,122.0
2022-06,MUN,RS|GRAVATAI,glp,9,105.0,103.0,109.0,103.0,109.0
2022-06,MUN,RS|GUAIBA,glp,6,110.0,109.5,117.5,109.0,125.0
2022-06,MUN,RS|IJUI,glp,13,122.5,116.0,125.0,109.99,130.0
2022-06,MUN,RS|LAJEADO,glp,7,105.0,103.0,113.2,103.0,115.0
2022-06,MUN,RS|NOVO HAMBURGO,glp,12,104.5,100.2,107.7,96.0,110.0
2022-06,MUN,RS|OSORIO,glp,5,110.0,98.994,115.78,96.99,118.0
2022-06,MUN,RS|PASSO FUNDO,glp,32,115.0,112.0,115.0,110.0,119.0
2022-06,MUN,RS|PELOTAS,glp,45,108.0,106.0,113.2,103.0,120.0
2022-06,MUN,RS|PORTO ALEGRE,glp,40,114.7,109.0,120.0,100.0,122.0
2022-06,MUN,RS|RIO GRANDE,glp,9,120.0,119.6,126.3,118.0,127.5
2022-06,MUN,RS|SANTA CRUZ DO SUL,glp,17,110.0,105.0,115.0,105.0,115.0
2022-06,MUN,RS|SANTA MARIA,glp,36,115.0,108.0,116.0,105.0,119.0
2022-06,MUN,RS|SANTA ROSA,glp,11,115.0,110.0,115.0,108.0,117.5
2022-06,MUN,RS|SANTANA DO LIVRAMENTO,glp,14,114.5,106.5,118.5,100.0,120.0
2022-06,MUN,RS|SANTO ANGELO,glp,3,129.0,127.4,129.0,127.0,129.0
2022-06,MUN,RS|SAO GABRIEL,glp,11,110.0,110.0,115.0,110.0,137.0
2022-06,MUN,RS|SAO LEOPOLDO,glp,8,101.0,98.697,108.3,97.99,109.0
2022-06,MUN,RS|SAO LUIZ GONZAGA,glp,5,115.0,110.0,120.0,110.0,120.0
2022-06,MUN,RS|SAPIRANGA,glp,8,109.5,107.1,115.0,105.0,115.0
2022-06,MUN,RS|SAPUCAIA DO SUL,glp,19,106.0,104.0,110.2,103.0,115.0
2022-06,MUN,RS|TORRES,glp,8,113.95,105.63,136.0,105.0,136.0
2022-06,MUN,RS|URUGUAIANA,glp,10,122.5,114.7,125.0,112.0,125.0
2022-06,MUN,RS|VACARIA,glp,8,123.75,113.2,125.0,109.0,125.0
2022-06,MUN,RS|VIAMAO,glp,17,112.0,105.0,117.0,105.0,125.0
2022-06,MUN,SC|ARARANGUA,glp,4,115.0,112.3,117.0,112.0,117.0
2022-06,MUN,SC|BALNEARIO CAMBORIU,glp,4,130.0,130.0,135.6,130.0,138.0
2022-06,MUN,SC|BIGUACU,glp,2,125.0,125.0,125.0,125.0,125.0
2022-06,MUN,SC|BLUMENAU,glp,14,128.5,114.993,134.1,105.0,136.0
2022-06,MUN,SC|BRUSQUE,glp,6,125.0,123.0,129.0,123.0,130.0
2022-06,MUN,SC|CACADOR,glp,8,125.0,107.0,146.0,100.0,160.0
2022-06,MUN,SC|CHAPECO,glp,5,130.0,106.6,145.8,93.0,155.0
2022-06,MUN,SC|CONCORDIA,glp,4,112.5,110.0,115.0,110.0,115.0
2022-06,MUN,SC|CRICIUMA,glp,14,117.75,117.0,118.85,117.0,119.0
2022-06,MUN,SC|FLORIANOPOLIS,glp,4,120.5,119.0,126.2,119.0,128.0
2022-06,MUN,SC|ITAJAI,glp,7,129.99,110.0,133.332,110.0,135.0
2022-06,MUN,SC|JARAGUA DO SUL,glp,9,111.9,111.518,119.99,109.99,119.99
2022-06,MUN,SC|JOINVILLE,glp,13,118.0,115.0,120.0,115.0,122.5
2022-06,MUN,SC|LAGES,glp,23,120.0,110.0,120.0,109.0,130.0
2022-06,MUN,SC|LAGUNA,glp,8,107.248,104.848,111.948,104.495,116.495
2022-06,MUN,SC|MAFRA,glp,9,123.0,120.0,125.0,120.0,125.0
2022-06,MUN,SC|PALHOCA,glp,2,123.72,123.496,123.944,123.44,124.0
2022-06,MUN,SC|SAO JOSE,glp,2,128.0,128.0,128.0,128.0,128.0
2022-06,MUN,SC|TUBARAO,glp,8,114.75,106.397,117.9,104.99,120.0
2022-06,MUN,SC|VIDEIRA,glp,5,120.0,120.0,132.0,120.0,140.0
2022-06,MUN,SC|XANXERE,glp,4,117.5,111.5,127.0,110.0,130.0
2022-06,MUN,SE|ARACAJU,glp,22,104.9,100.0,107.7,97.99,115.0
2022-06,MUN,SE|ITABAIANA,glp,4,107.5,105.0,110.0,105.0,110.0
2022-06,MUN,SE|LAGARTO,glp,7,115.0,112.4,120.0,110.0,120.0
2022-06,MUN,SE|NOSSA SENHORA DAS DORES,glp,1,100.0,100.0,100.0,100.0,100.0
2022-06,MUN,SE|NOSSA SENHORA DO SOCORRO,glp,8,101.0,99.99,104.93,99.99,105.0
2022-06,MUN,SP|ADAMANTINA,glp,4,112.5,110.0,116.4,110.0,117.0
2022-06,MUN,SP|AMERICANA,glp,22,110.0,110.0,115.0,104.99,120.0
2022-06,MUN,SP|AMPARO,glp,7,110.0,109.2,130.0,108.0,130.0
2022-06,MUN,SP|ARACATUBA,glp,34,105.0,89.99,115.0,89.0,115.0
2022-06,MUN,SP|ARARAQUARA,glp,13,125.0,118.4,127.4,115.0,128.0
2022-06,MUN,SP|ARARAS,glp,7,108.0,107.596,112.936,106.99,112.99
2022-06,MUN,SP|ASSIS,glp,8,115.0,109.4,120.0,108.0,120.0
2022-06,MUN,SP|ATIBAIA,glp,19,118.0,110.0,120.0,103.0,120.0
2022-06,MUN,SP|AVARE,glp,9,104.99,103.792,109.0,103.0,109.0
2022-06,MUN,SP|BARRETOS,glp,5,116.0,112.0,124.8,110.0,128.0
2022-06,MUN,SP|BARUERI,glp,34,110.0,104.993,120.0,99.99,124.99
2022-06,MUN,SP|BAURU,glp,16,105.0,99.5,115.0,94.99,118.0
2022-06,MUN,SP|BEBEDOURO,glp,13,120.0,115.0,124.0,110.0,125.0
2022-06,MUN,SP|BIRIGUI,glp,27,115.0,112.6,120.0,103.0,120.0
2022-06,MUN,SP|BOTUCATU,glp,16,105.0,103.0,107.5,103.0,110.0
2022-06,MUN,SP|BRAGANCA PAULISTA,glp,8,115.0,114.932,116.5,114.9,120.0
2022-06,MUN,SP|CACAPAVA,glp,6,108.5,92.49,119.995,84.99,120.0
2022-06,MUN,SP|CAMPINAS,glp,22,114.995,114.99,124.5,110.0,144.99
2022-06,MUN,SP|CARAGUATATUBA,glp,6,105.0,102.495,112.5,99.99,120.0
2022-06,MUN,SP|CARAPICUIBA,glp,11,108.0,105.0,109.99,104.99,111.99
2022-06,MUN,SP|CATANDUVA,glp,10,109.5,104.709,119.91,102.99,120.0
2022-06,MUN,SP|COSMOPOLIS,glp,9,99.99,96.99,99.99,94.99,99.99
2022-06,MUN,SP|COTIA,glp,8,115.0,114.242,132.303,112.495,140.01
2022-06,MUN,SP|CRUZEIRO,glp,7,99.99,94.996,109.0,94.99,115.0
2022-06,MUN,SP|CUBATAO,glp,5,120.0,111.2,128.0,110.0,130.0
2022-06,MUN,SP|DIADEMA,glp,29,117.0,110.0,135.0,109.99,135.0
2022-06,MUN,SP|DRACENA,glp,3,120.0,117.6,120.8,117.0,121.0
2022-06,MUN,SP|EMBU DAS ARTES,glp,5,114.0,109.99,127.158,109.99,135.6
2022-06,MUN,SP|FRANCA,glp,33,109.99,104.99,120.0,100.0,130.0
2022-06,MUN,SP|GARCA,glp,5,109.0,105.4,121.34,103.0,128.9
2022-06,MUN,SP|GUARATINGUETA,glp,13,105.0,100.392,109.792,99.99,113.0
2022-06,MUN,SP|GUARUJA,glp,8,110.0,109.997,115.29,109.99,115.99
2022-06,MUN,SP|GUARULHOS,glp,19,105.0,97.596,115.0,89.99,115.0
2022-06,MUN,SP|HORTOLANDIA,glp,9,105.99,94.99,115.0,94.99,115.0
2022-06,MUN,SP|IBITINGA,glp,5,120.0,112.0,121.5,110.0,122.5
2022-06,MUN,SP|INDAIATUBA,glp,18,110.5,107.997,115.6,105.0,120.0
2022-06,MUN,SP|ITANHAEM,glp,3,115.0,115.0,119.0,115.0,120.0
2022-06,MUN,SP|ITAPECERICA DA SERRA,glp,8,109.99,101.99,114.496,94.99,125.0
2022-06,MUN,SP|ITAPETININGA,glp,11,115.0,114.95,118.0,113.99,120.0
2022-06,MUN,SP|ITAPEVA,glp,4,122.5,120.0,126.925,120.0,127.75
2022-06,MUN,SP|ITAPIRA,glp,6,105.0,104.995,114.5,104.99,119.0
2022-06,MUN,SP|ITAPOLIS,glp,9,120.0,114.0,123.0,110.0,125.0
2022-06,MUN,SP|ITAQUAQUECETUBA,glp,14,107.99,101.49,109.997,99.99,110.0
2022-06,MUN,SP|ITATIBA,glp,5,115.0,111.94,117.94,109.9,119.9
2022-06,MUN,SP|ITU,glp,20,110.0,103.95,115.0,100.0,120.0
2022-06,MUN,SP|JABOTICABAL,glp,5,105.9,104.994,110.0,104.99,110.0
2022-06,MUN,SP|JACAREI,glp,9,105.0,98.598,119.9,92.99,119.9
2022-06,MUN,SP|JALES,glp,12,104.995,104.909,105.9,98.0,109.0
2022-06,MUN,SP|JAU,glp,11,117.0,117.0,120.0,117.0,120.0
2022-06,MUN,SP|JOSE BONIFACIO,glp,8,115.0,110.0,117.25,110.0,122.5
2022-06,MUN,SP|JUNDIAI,glp,9,110.0,109.99,117.0,109.99,117.0
2022-06,MUN,SP|LEME,glp,10,114.5,110.0,115.8,110.0,123.0
2022-06,MUN,SP|LIMEIRA,glp,19,110.0,106.6,115.2,104.995,120.0
2022-06,MUN,SP|LINS,glp,9,115.0,107.56,121.0,100.0,125.0
2022-06,MUN,SP|LORENA,glp,13,100.0,90.0,109.98,85.0,115.0
2022-06,MUN,SP|MARILIA,glp,12,122.25,120.1,125.0,115.0,125.0
2022-06,MUN,SP|MATAO,glp,7,110.0,110.0,121.0,110.0,130.0
2022-06,MUN,SP|MAUA,glp,40,104.995,89.99,117.299,89.99,121.0
2022-06,MUN,SP|MIRASSOL,glp,13,110.0,105.2,124.0,105.0,125.0
2022-06,MUN,SP|MOCOCA,glp,6,119.0,113.95,120.0,109.9,120.0
2022-06,MUN,SP|MOGI DAS CRUZES,glp,31,109.0,103.0,115.0,99.0,120.0
2022-06,MUN,SP|MOGI GUACU,glp,15,110.0,110.0,110.0,110.0,110.0
2022-06,MUN,SP|MOGI MIRIM,glp,10,107.495,104.75,110.0,102.5,110.0
2022-06,MUN,SP|MONTE ALTO,glp,8,121.25,108.5,127.25,105.0,132.5
2022-06,MUN,SP|OLIMPIA,glp,7,100.0,100.0,103.8,100.0,105.0
2022-06,MUN,SP|OSASCO,glp,20,110.0,107.35,112.556,100.0,124.99
2022-06,MUN,SP|OURINHOS,glp,21,113.0,110.0,115.0,109.9,118.0
2022-06,MUN,SP|PARAGUACU PAULISTA,glp,12,117.5,111.4,120.0,110.0,120.0
2022-06,MUN,SP|PAULINIA,glp,16,110.0,109.99,115.0,109.99,120.0
2022-06,MUN,SP|PINDAMONHANGABA,glp,6,115.0,115.0,116.0,115.0,117.0
2022-06,MUN,SP|PIRACICABA,glp,16,110.0,104.995,115.0,99.99,120.0
2022-06,MUN,SP|PIRASSUNUNGA,glp,2,102.495,100.491,104.499,99.99,105.0
2022-06,MUN,SP|POA,glp,8,108.995,102.99,110.6,102.99,112.0
2022-06,MUN,SP|PORTO FERREIRA,glp,2,112.45,106.49,118.41,105.0,119.9
2022-06,MUN,SP|PRAIA GRANDE,glp,8,110.99,110.0,112.0,110.0,112.0
2022-06,MUN,SP|PRESIDENTE PRUDENTE,glp,22,107.5,98.189,115.0,97.99,116.0
2022-06,MUN,SP|PRESIDENTE VENCESLAU,glp,4,111.5,106.5,116.5,105.0,118.0
2022-06,MUN,SP|RIBEIRAO PIRES,glp,14,105.0,104.9,122.0,104.9,125.0
2022-06,MUN,SP|RIBEIRAO PRETO,glp,28,115.0,110.0,124.99,105.0,129.9
2022-06,MUN,SP|RIO CLARO,glp,11,110.0,110.0,110.0,109.99,115.0
2022-06,MUN,SP|SALTO,glp,18,105.0,102.73,113.6,99.99,118.0
2022-06,MUN,SP|SANTA BARBARA D'OESTE,glp,14,105.0,104.992,105.0,104.99,105.0
2022-06,MUN,SP|SANTA CRUZ DO RIO PARDO,glp,12,115.0,110.0,120.0,109.99,120.0
2022-06,MUN,SP|SANTO ANDRE,glp,43,110.0,105.0,119.99,104.99,120.0
2022-06,MUN,SP|SANTOS,glp,22,122.0,109.549,139.0,105.0,139.0
2022-06,MUN,SP|SAO BERNARDO DO CAMPO,glp,36,115.0,109.99,135.0,108.0,144.99
2022-06,MUN,SP|SAO CAETANO DO SUL,glp,6,115.0,110.0,122.5,110.0,125.0
2022-06,MUN,SP|SAO CARLOS,glp,13,116.0,113.0,125.0,110.0,130.0
2022-06,MUN,SP|SAO JOAO DA BOA VISTA,glp,12,105.0,100.5,110.0,99.99,110.0
2022-06,MUN,SP|SAO JOSE DO RIO PRETO,glp,20,110.0,99.999,121.0,99.99,130.0
2022-06,MUN,SP|SAO JOSE DOS CAMPOS,glp,18,108.995,94.99,115.9,89.99,120.0
2022-06,MUN,SP|SAO PAULO,glp,105,110.0,99.99,120.0,89.99,131.99
2022-06,MUN,SP|SAO ROQUE,glp,6,108.0,97.49,115.0,94.99,115.0
2022-06,MUN,SP|SAO VICENTE,glp,14,109.5,104.9,112.1,104.9,127.5
2022-06,MUN,SP|SERTAOZINHO,glp,13,110.0,104.0,119.0,104.0,120.0
2022-06,MUN,SP|SOROCABA,glp,40,110.0,106.79,116.2,100.0,120.0
2022-06,MUN,SP|SUMARE,glp,14,104.99,99.99,109.998,99.99,110.0
2022-06,MUN,SP|SUZANO,glp,23,105.0,100.0,112.0,99.99,112.9
2022-06,MUN,SP|TABOAO DA SERRA,glp,6,109.945,104.995,112.495,104.99,114.99
2022-06,MUN,SP|TATUI,glp,13,120.0,114.2,124.0,110.0,130.0
2022-06,MUN,SP|TAUBATE,glp,9,106.0,96.792,108.4,96.0,110.0
2022-06,MUN,SP|TUPA,glp,12,111.5,105.0,120.0,105.0,125.0
2022-06,MUN,SP|UBATUBA,glp,11,115.0,105.0,118.0,105.0,121.0
2022-06,MUN,SP|VALINHOS,glp,8,98.968,97.99,108.63,97.99,115.0
2022-06,MUN,SP|VARZEA PAULISTA,glp,7,105.0,105.0,109.8,105.0,117.0
2022-06,MUN,SP|VINHEDO,glp,9,112.99,112.32,113.0,110.0,113.0
2022-06,MUN,SP|VOTORANTIM,glp,19,110.0,109.99,115.0,109.99,120.0
2022-06,MUN,SP|VOTUPORANGA,glp,8,109.5,105.0,117.93,105.0,118.0
2022-06,MUN,TO|ARAGUAINA,glp,21,125.0,120.0,130.0,120.0,130.0
2022-06,MUN,TO|GURUPI,glp,35,125.0,122.0,125.0,109.99,125.0
2022-06,MUN,TO|PALMAS,glp,33,120.0,120.0,125.0,120.0,130.0
2022-06,MUN,TO|PARAISO DO TOCANTINS,glp,17,125.0,120.0,130.0,120.0,132.5
2022-06,MUN,TO|PORTO NACIONAL,glp,13,125.0,120.0,130.0,120.0,130.0
2022-06,UF,AC,glp,47,130.0,125.0,135.0,123.0,145.0
2022-06,UF,AL,glp,30,110.0,100.0,115.0,94.0,115.0
2022-06,UF,AM,glp,70,120.0,112.0,135.0,109.0,140.0
2022-06,UF,AP,glp,24,120.0,115.0,127.0,95.5,130.0
2022-06,UF,BA,glp,414,105.0,95.0,115.0,86.99,132.5
2022-06,UF,CE,glp,144,115.0,110.0,122.0,99.99,128.0
2022-06,UF,DF,glp,49,107.99,99.99,115.0,99.99,129.495
2022-06,UF,ES,glp,147,109.99,96.8,115.0,84.99,120.0
2022-06,UF,GO,glp,292,120.0,105.0,130.0,94.99,145.0
2022-06,UF,MA,glp,118,115.0,107.5,123.25,88.8,130.0
2022-06,UF,MG,glp,801,115.0,105.0,125.0,95.0,140.0
2022-06,UF,MS,glp,186,110.0,101.0,121.0,95.0,130.0
2022-06,UF,MT,glp,172,136.25,120.0,150.0,114.99,160.0
2022-06,UF,PA,glp,225,116.99,110.0,135.0,100.0,150.0
2022-06,UF,PB,glp,73,120.0,110.0,120.0,99.99,128.0
2022-06,UF,PE,glp,277,100.0,95.0,110.0,90.0,140.0
2022-06,UF,PI,glp,62,120.0,115.0,124.5,110.0,130.0
2022-06,UF,PR,glp,547,113.0,105.0,128.0,94.99,140.0
2022-06,UF,RJ,glp,321,99.99,93.99,111.9,85.0,124.99
2022-06,UF,RN,glp,53,120.0,113.0,125.0,105.0,139.0
2022-06,UF,RO,glp,73,135.0,123.2,145.0,115.0,150.0
2022-06,UF,RR,glp,91,125.0,120.0,130.0,115.0,145.0
2022-06,UF,RS,glp,519,112.0,105.0,122.6,95.0,137.0
2022-06,UF,SC,glp,155,119.0,110.0,130.0,93.0,160.0
2022-06,UF,SE,glp,42,104.9,100.0,114.9,97.99,120.0
2022-06,UF,SP,glp,1528,110.0,102.843,120.0,84.99,144.99
2022-06,UF,TO,glp,119,125.0,120.0,130.0,109.99,132.5
2022-07,BR,BR,glp,6431,110.9,100.0,125.0,84.99,160.0
2022-07,MUN,AC|CRUZEIRO DO SUL,glp,5,132.0,124.8,132.9,120.0,133.5
2022-07,MUN,AC|RIO BRANCO,glp,50,128.0,122.9,135.2,120.0,145.0
2022-07,MUN,AL|ARAPIRACA,glp,13,109.99,100.0,110.0,99.9,110.0
2022-07,MUN,AL|DELMIRO GOUVEIA,glp,2,107.5,105.5,109.5,105.0,110.0
2022-07,MUN,AL|MACEIO,glp,11,105.0,102.5,110.0,94.0,115.0
2022-07,MUN,AL|PALMEIRA DOS INDIOS,glp,4,115.0,115.0,115.0,115.0,115.0
2022-07,MUN,AL|RIO LARGO,glp,3,115.0,115.0,115.0,115.0,115.0
2022-07,MUN,AM|ITACOATIARA,glp,8,126.5,123.8,135.0,121.0,135.0
2022-07,MUN,AM|MANACAPURU,glp,5,124.0,124.0,130.0,124.0,130.0
2022-07,MUN,AM|MANAUS,glp,52,118.0,110.55,122.0,109.0,140.0
2022-07,MUN,AM|PARINTINS,glp,3,140.0,140.0,140.0,140.0,140.0
2022-07,MUN,AM|TEFE,glp,4,135.75,132.45,138.0,132.0,138.0
2022-07,MUN,AP|MACAPA,glp,16,123.25,120.0,128.5,117.5,130.0
2022-07,MUN,AP|SANTANA,glp,7,122.5,117.197,124.1,116.0,125.0
2022-07,MUN,BA|ALAGOINHAS,glp,7,105.0,104.196,107.4,102.99,108.0
2022-07,MUN,BA|BARREIRAS,glp,6,135.0,130.0,135.0,130.0,135.0
2022-07,MUN,BA|BRUMADO,glp,4,106.5,105.0,109.4,105.0,110.0
2022-07,MUN,BA|CAETITE,glp,6,105.0,103.75,105.0,102.5,105.0
2022-07,MUN,BA|CAMACARI,glp,32,110.0,105.0,115.0,105.0,120.0
2022-07,MUN,BA|EUNAPOLIS,glp,14,105.0,101.293,110.0,100.0,110.0
2022-07,MUN,BA|FEIRA DE SANTANA,glp,10,100.0,99.9,110.291,99.0,113.0
2022-07,MUN,BA|GUANAMBI,glp,15,110.0,110.0,110.0,110.0,110.0
2022-07,MUN,BA|ILHEUS,glp,6,122.0,119.5,128.5,119.0,130.0
2022-07,MUN,BA|IPIRA,glp,2,113.75,112.75,114.75,112.5,115.0
2022-07,MUN,BA|IRECE,glp,3,110.0,109.2,110.0,109.0,110.0
2022-07,MUN,BA|ITABUNA,glp,8,116.0,106.7,120.0,99.0,120.0
2022-07,MUN,BA|ITAMARAJU,glp,6,105.0,100.0,111.5,100.0,115.0
2022-07,MUN,BA|JACOBINA,glp,7,125.0,123.0,125.4,120.0,126.0
2022-07,MUN,BA|JAGUAQUARA,glp,2,115.0,115.0,115.0,115.0,115.0
2022-07,MUN,BA|JEQUIE,glp,6,95.0,95.0,96.75,95.0,98.0
2022-07,MUN,BA|JUAZEIRO,glp,6,110.0,108.5,112.5,107.0,115.0
2022-07,MUN,BA|LAURO DE FREITAS,glp,31,105.0,100.0,114.945,90.0,125.0
2022-07,MUN,BA|LIVRAMENTO DE NOSSA SENHORA,glp,3,110.0,110.0,110.0,110.0,110.0
2022-07,MUN,BA|PAULO AFONSO,glp,3,110.0,98.0,110.0,95.0,110.0
2022-07,MUN,BA|POCOES,glp,3,105.0,95.4,111.0,93.0,112.5
2022-07,MUN,BA|PORTO SEGURO,glp,9,101.5,99.6,105.0,98.0,105.0
2022-07,MUN,BA|SALVADOR,glp,148,109.99,99.997,115.0,94.99,120.0
2022-07,MUN,BA|SANTO ANTONIO DE JESUS,glp,7,110.0,107.0,115.0,104.0,115.0
2022-07,MUN,BA|SENHOR DO BONFIM,glp,3,115.0,115.0,119.0,115.0,120.0
2022-07,MUN,BA|SERRINHA,glp,5,130.0,124.0,130.0,120.0,130.0
2022-07,MUN,BA|SIMOES FILHO,glp,15,105.0,99.396,110.0,97.99,125.0
2022-07,MUN,BA|TEIXEIRA DE FREITAS,glp,9,105.0,102.0,106.0,98.0,110.0
2022-07,MUN,BA|VALENCA,glp,5,110.0,110.0,111.5,110.0,112.5
2022-07,MUN,BA|VITORIA DA CONQUISTA,glp,4,110.0,109.3,110.0,109.0,110.0
2022-07,MUN,CE|AQUIRAZ,glp,1,115.0,115.0,115.0,115.0,115.0
2022-07,MUN,CE|CANINDE,glp,3,112.0,108.8,114.4,108.0,115.0
2022-07,MUN,CE|CAUCAIA,glp,17,110.0,102.996,120.0,97.0,123.0
2022-07,MUN,CE|CRATEUS,glp,4,113.0,113.0,117.9,113.0,120.0
2022-07,MUN,CE|CRATO,glp,14,115.0,112.15,115.0,110.0,120.0
2022-07,MUN,CE|FORTALEZA,glp,54,117.0,110.0,122.7,100.0,126.0
2022-07,MUN,CE|IGUATU,glp,3,118.0,115.6,118.8,115.0,119.0
2022-07,MUN,CE|ITAPIPOCA,glp,6,111.5,110.0,115.0,110.0,115.0
2022-07,MUN,CE|JUAZEIRO DO NORTE,glp,11,113.0,113.0,118.0,113.0,120.0
2022-07,MUN,CE|LIMOEIRO DO NORTE,glp,3,122.0,121.2,124.4,121.0,125.0
2022-07,MUN,CE|MARACANAU,glp,11,115.0,105.0,120.0,99.99,125.0
2022-07,MUN,CE|SOBRAL,glp,5,120.0,117.2,120.0,117.0,120.0
2022-07,MUN,DF|BRASILIA,glp,44,104.49,99.99,114.848,94.99,129.99
2022-07,MUN,ES|ARACRUZ,glp,9,110.0,104.0,115.0,100.0,115.0
2022-07,MUN,ES|CACHOEIRO DE ITAPEMIRIM,glp,19,110.0,99.972,115.0,97.99,116.5
2022-07,MUN,ES|CARIACICA,glp,24,95.0,94.99,106.993,90.0,110.0
2022-07,MUN,ES|COLATINA,glp,13,100.0,98.0,109.0,97.5,110.0
2022-07,MUN,ES|GUARAPARI,glp,1,107.0,107.0,107.0,107.0,107.0
2022-07,MUN,ES|LINHARES,glp,16,113.75,110.0,115.0,110.0,120.0
2022-07,MUN,ES|SAO MATEUS,glp,8,99.99,99.99,101.5,99.99,105.0
2022-07,MUN,ES|SERRA,glp,32,105.0,96.19,110.0,94.99,115.0
2022-07,MUN,ES|VILA VELHA,glp,23,110.0,92.992,110.0,84.99,110.0
2022-07,MUN,ES|VITORIA,glp,9,112.5,100.0,121.0,100.0,125.0
2022-07,MUN,GO|AGUAS LINDAS DE GOIAS,glp,23,100.0,97.992,105.0,94.99,110.0
2022-07,MUN,GO|ANAPOLIS,glp,23,120.0,120.0,120.0,105.0,123.5
2022-07,MUN,GO|APARECIDA DE GOIANIA,glp,26,115.0,110.0,120.0,99.99,125.0
2022-07,MUN,GO|CALDAS NOVAS,glp,4,115.0,115.0,124.1,115.0,128.0
2022-07,MUN,GO|CATALAO,glp,9,115.0,114.0,120.0,110.0,120.0
2022-07,MUN,GO|FORMOSA,glp,15,110.0,103.1,119.2,99.99,130.0
2022-07,MUN,GO|GOIANIA,glp,41,122.5,120.0,125.0,110.0,127.5
2022-07,MUN,GO|GOIATUBA,glp,8,120.0,118.5,125.0,115.0,125.0
2022-07,MUN,GO|ITUMBIARA,glp,13,125.0,115.3,128.2,115.0,130.0
2022-07,MUN,GO|JATAI,glp,15,140.0,137.5,140.0,135.0,140.0
2022-07,MUN,GO|LUZIANIA,glp,12,110.245,105.99,114.75,105.49,115.0
2022-07,MUN,GO|MINEIROS,glp,6,121.5,120.0,125.0,120.0,125.0
2022-07,MUN,GO|MORRINHOS,glp,7,119.5,113.0,120.0,110.0,120.0
2022-07,MUN,GO|PORANGATU,glp,15,116.0,115.0,120.0,112.0,125.0
2022-07,MUN,GO|RIO VERDE,glp,21,132.5,130.0,140.0,120.0,140.0
2022-07,MUN,GO|TRINDADE,glp,47,110.0,100.0,115.0,95.0,120.0
2022-07,MUN,GO|VALPARAISO DE GOIAS,glp,10,110.0,106.14,110.0,102.99,110.0
2022-07,MUN,MA|ACAILANDIA,glp,8,114.5,113.0,116.5,113.0,120.0
2022-07,MUN,MA|BACABAL,glp,7,118.0,118.0,125.0,118.0,125.0
2022-07,MUN,MA|BALSAS,glp,5,130.0,127.0,130.0,125.0,130.0
2022-07,MUN,MA|BARRA DO CORDA,glp,5,120.0,117.0,120.0,115.0,120.0
2022-07,MUN,MA|CAXIAS,glp,4,120.0,116.5,120.0,115.0,120.0
2022-07,MUN,MA|CODO,glp,6,120.0,120.0,120.0,120.0,120.0
2022-07,MUN,MA|IMPERATRIZ,glp,27,110.0,105.0,110.0,99.99,110.0
2022-07,MUN,MA|PINHEIRO,glp,3,125.0,105.0,125.0,100.0,125.0
2022-07,MUN,MA|PRESIDENTE DUTRA,glp,3,120.0,116.0,120.0,115.0,120.0
2022-07,MUN,MA|SANTA INES,glp,3,128.0,128.0,128.8,128.0,129.0
2022-07,MUN,MA|SAO JOSE DE RIBAMAR,glp,8,114.99,114.99,116.497,114.99,119.99
2022-07,MUN,MA|SAO LUIS,glp,30,114.99,114.99,115.499,114.99,120.0
2022-07,MUN,MG|ALFENAS,glp,11,110.0,105.0,115.0,100.0,120.0
2022-07,MUN,MG|ARAGUARI,glp,8,110.0,108.0,116.5,108.0,120.0
2022-07,MUN,MG|ARAXA,glp,9,112.0,109.7,116.8,108.5,124.0
2022-07,MUN,MG|BARBACENA,glp,12,110.0,99.99,110.0,99.9,120.0
2022-07,MUN,MG|BELO HORIZONTE,glp,29,110.0,104.999,121.0,95.0,128.0
2022-07,MUN,MG|BETIM,glp,30,118.5,109.999,125.0,100.0,125.0
2022-07,MUN,MG|BOM DESPACHO,glp,4,112.45,99.47,115.0,95.0,115.0
2022-07,MUN,MG|CAMPO BELO,glp,7,120.0,120.0,120.0,120.0,120.0
2022-07,MUN,MG|CARATINGA,glp,7,125.0,116.0,129.9,110.0,129.9
2022-07,MUN,MG|CONGONHAS,glp,2,113.5,112.3,114.7,112.0,115.0
2022-07,MUN,MG|CONSELHEIRO LAFAIETE,glp,15,100.0,99.99,108.0,98.0,112.0
2022-07,MUN,MG|CONTAGEM,glp,50,120.0,104.999,125.0,96.0,130.0
2022-07,MUN,MG|CORONEL FABRICIANO,glp,6,112.25,109.0,115.75,108.0,117.5
2022-07,MUN,MG|CURVELO,glp,10,100.0,92.699,110.0,89.99,110.0
2022-07,MUN,MG|DIVINOPOLIS,glp,29,110.0,105.0,115.4,105.0,120.0
2022-07,MUN,MG|FORMIGA,glp,14,120.0,120.0,120.0,117.0,120.0
2022-07,MUN,MG|FRUTAL,glp,13,109.9,95.998,112.49,95.0,115.0
2022-07,MUN,MG|GOVERNADOR VALADARES,glp,8,125.0,120.0,135.0,120.0,135.0
2022-07,MUN,MG|GUAXUPE,glp,7,110.0,101.8,110.0,100.0,110.0
2022-07,MUN,MG|IBIRITE,glp,1,105.0,105.0,105.0,105.0,105.0
2022-07,MUN,MG|IPATINGA,glp,18,114.0,108.5,120.3,105.0,125.0
2022-07,MUN,MG|ITABIRA,glp,2,115.0,115.0,115.0,115.0,115.0
2022-07,MUN,MG|ITAJUBA,glp,10,110.0,110.0,110.5,110.0,115.0
2022-07,MUN,MG|ITAUNA,glp,16,115.0,105.0,116.0,102.0,117.0
2022-07,MUN,MG|ITUIUTABA,glp,17,110.0,103.0,110.0,100.0,110.0
2022-07,MUN,MG|JANAUBA,glp,2,135.69,133.138,138.242,132.5,138.88
2022-07,MUN,MG|JANUARIA,glp,10,127.25,122.0,135.5,122.0,140.0
2022-07,MUN,MG|JOAO MONLEVADE,glp,9,115.0,109.0,118.0,105.0,120.0
2022-07,MUN,MG|JOAO PINHEIRO,glp,10,126.5,124.21,130.0,118.0,130.0
2022-07,MUN,MG|JUIZ DE FORA,glp,22,110.0,96.99,119.5,93.99,135.0
2022-07,MUN,MG|LAVRAS,glp,11,110.0,105.0,110.0,102.5,110.0
2022-07,MUN,MG|LEOPOLDINA,glp,6,108.5,103.0,116.5,100.0,118.0
2022-07,MUN,MG|MANHUACU,glp,6,110.0,105.95,113.75,104.9,115.0
2022-07,MUN,MG|MONTE CARMELO,glp,19,115.0,110.0,116.0,110.0,120.0
2022-07,MUN,MG|MONTES CLAROS,glp,52,123.0,115.3,127.85,109.495,130.0
2022-07,MUN,MG|MURIAE,glp,6,110.0,110.0,112.5,110.0,115.0
2022-07,MUN,MG|NOVA LIMA,glp,10,120.5,115.0,125.0,115.0,125.0
2022-07,MUN,MG|OLIVEIRA,glp,4,110.0,108.6,110.0,108.0,110.0
2022-07,MUN,MG|OURO PRETO,glp,4,121.0,120.0,127.6,120.0,130.0
2022-07,MUN,MG|PARA DE MINAS,glp,3,120.0,116.0,120.0,115.0,120.0
2022-07,MUN,MG|PARACATU,glp,10,122.5,119.5,125.0,115.0,125.0
2022-07,MUN,MG|PASSOS,glp,29,117.5,112.0,123.0,100.0,130.0
2022-07,MUN,MG|PATOS DE MINAS,glp,17,120.0,120.0,130.0,117.5,130.0
2022-07,MUN,MG|PATROCINIO,glp,7,115.0,110.0,117.0,110.0,120.0
2022-07,MUN,MG|POCOS DE CALDAS,glp,12,121.245,120.0,123.0,118.0,123.99
2022-07,MUN,MG|POUSO ALEGRE,glp,6,105.5,99.995,111.5,94.99,115.0
2022-07,MUN,MG|SABARA,glp,9,125.0,117.6,127.0,108.0,127.0
2022-07,MUN,MG|SAO JOAO DA PONTE,glp,1,130.0,130.0,130.0,130.0,130.0
2022-07,MUN,MG|SAO JOAO DEL REI,glp,13,111.5,101.5,114.8,99.99,118.0
2022-07,MUN,MG|SAO SEBASTIAO DO PARAISO,glp,23,100.0,98.392,115.0,95.0,116.0
2022-07,MUN,MG|SETE LAGOAS,glp,10,109.9,106.8,115.5,105.0,120.0
2022-07,MUN,MG|TEOFILO OTONI,glp,14,115.0,110.75,115.0,110.0,115.0
2022-07,MUN,MG|TIMOTEO,glp,7,115.0,110.0,119.0,110.0,125.0
2022-07,MUN,MG|TRES CORACOES,glp,9,102.5,99.592,105.0,98.0,105.0
2022-07,MUN,MG|UBA,glp,10,115.0,110.0,120.0,110.0,120.0
2022-07,MUN,MG|UBERABA,glp,25,115.0,110.0,120.0,107.0,125.0
2022-07,MUN,MG|UBERLANDIA,glp,29,110.0,105.0,120.0,100.0,120.0
2022-07,MUN,MG|UNAI,glp,7,135.0,135.0,140.0,135.0,140.0
2022-07,MUN,MG|VARGINHA,glp,15,110.0,103.4,115.0,97.5,115.0
2022-07,MUN,MG|VICOSA,glp,3,128.0,119.2,128.0,117.0,128.0
2022-07,MUN,MS|CAMPO GRANDE,glp,108,110.0,99.99,115.0,95.0,125.0
2022-07,MUN,MS|CORUMBA,glp,2,115.0,115.0,115.0,115.0,115.0
2022-07,MUN,MS|COXIM,glp,6,127.5,125.0,130.0,125.0,130.0
2022-07,MUN,MS|DOURADOS,glp,32,115.0,109.91,126.8,105.0,130.0
2022-07,MUN,MS|NOVA ANDRADINA,glp,12,111.25,110.0,117.7,110.0,120.0
2022-07,MUN,MS|PONTA PORA,glp,4,105.5,105.0,107.4,105.0,108.0
2022-07,MUN,MS|TRES LAGOAS,glp,21,115.0,110.0,120.0,110.0,125.0
2022-07,MUN,MT|ALTA FLORESTA,glp,16,150.0,149.5,150.0,145.0,155.0
2022-07,MUN,MT|CACERES,glp,21,120.0,119.99,125.0,115.0,130.0
2022-07,MUN,MT|CUIABA,glp,57,135.0,118.8,140.0,109.99,145.0
2022-07,MUN,MT|RONDONOPOLIS,glp,15,135.0,130.0,140.0,125.0,140.0
2022-07,MUN,MT|SINOP,glp,22,148.75,145.0,150.0,140.0,160.0
2022-07,MUN,MT|SORRISO,glp,17,145.0,136.8,150.0,135.0,150.0
2022-07,MUN,MT|VARZEA GRANDE,glp,11,135.0,119.99,137.0,114.99,137.5
2022-07,MUN,PA|ABAETETUBA,glp,7,108.0,106.0,116.2,106.0,118.0
2022-07,MUN,PA|ALENQUER,glp,4,115.0,111.5,118.5,110.0,120.0
2022-07,MUN,PA|ALTAMIRA,glp,10,135.0,132.25,135.0,130.0,135.0
2022-07,MUN,PA|ANANINDEUA,glp,27,110.0,106.2,120.8,105.0,129.99
2022-07,MUN,PA|BELEM,glp,46,115.0,110.0,119.995,105.0,140.0
2022-07,MUN,PA|BRAGANCA,glp,6,125.0,117.0,125.0,115.0,125.0
2022-07,MUN,PA|CAMETA,glp,8,120.0,120.0,120.6,120.0,122.0
2022-07,MUN,PA|CASTANHAL,glp,7,115.0,113.4,120.0,111.0,120.0
2022-07,MUN,PA|CONCEICAO DO ARAGUAIA,glp,8,130.0,130.0,130.0,130.0,130.0
2022-07,MUN,PA|ITAITUBA,glp,14,135.0,131.05,137.85,128.0,140.0
2022-07,MUN,PA|MARABA,glp,14,125.0,123.6,125.0,123.0,125.0
2022-07,MUN,PA|PARAGOMINAS,glp,4,140.0,140.0,140.0,140.0,140.0
2022-07,MUN,PA|PARAUAPEBAS,glp,3,140.0,136.0,140.0,135.0,140.0
2022-07,MUN,PA|REDENCAO,glp,9,145.0,140.0,150.0,140.0,150.0
2022-07,MUN,PA|SANTAREM,glp,47,111.0,105.0,116.2,99.0,122.0
2022-07,MUN,PA|XINGUARA,glp,7,130.0,128.0,135.0,125.0,135.0
2022-07,MUN,PB|BAYEUX,glp,5,110.0,110.0,110.0,110.0,110.0
2022-07,MUN,PB|CABEDELO,glp,6,119.5,113.75,120.0,112.5,120.0
2022-07,MUN,PB|CAMPINA GRANDE,glp,33,117.5,109.2,120.0,100.0,125.0
2022-07,MUN,PB|JOAO PESSOA,glp,23,112.0,104.99,115.0,97.49,120.0
2022-07,MUN,PB|PATOS,glp,4,117.75,112.95,119.4,111.0,120.0
2022-07,MUN,PB|SOUSA,glp,5,110.0,106.2,118.4,105.0,120.0
2022-07,MUN,PE|ARARIPINA,glp,3,120.0,120.0,120.0,120.0,120.0
2022-07,MUN,PE|ARCOVERDE,glp,6,95.0,93.998,98.75,92.995,100.0
2022-07,MUN,PE|BELO JARDIM,glp,6,106.0,101.0,108.5,100.0,110.0
2022-07,MUN,PE|CABO DE SANTO AGOSTINHO,glp,10,96.5,89.59,100.0,85.99,100.0
2022-07,MUN,PE|CARUARU,glp,8,101.5,96.75,109.75,95.0,115.0
2022-07,MUN,PE|GARANHUNS,glp,8,109.99,109.99,110.0,109.99,110.0
2022-07,MUN,PE|GOIANA,glp,6,102.5,99.5,107.5,99.0,110.0
2022-07,MUN,PE|IGARASSU,glp,20,104.75,100.0,110.0,99.99,110.0
2022-07,MUN,PE|JABOATAO DOS GUARARAPES,glp,38,100.0,94.99,103.5,90.0,110.0
2022-07,MUN,PE|LAJEDO,glp,5,95.0,95.0,95.0,95.0,95.0
2022-07,MUN,PE|OLINDA,glp,45,99.99,95.0,105.0,90.0,140.0
2022-07,MUN,PE|PAULISTA,glp,22,100.0,95.399,109.5,95.0,115.0
2022-07,MUN,PE|PETROLINA,glp,17,110.0,105.0,110.0,105.0,112.0
2022-07,MUN,PE|RECIFE,glp,70,100.0,95.0,105.5,91.0,115.0
2022-07,MUN,PE|SALGUEIRO,glp,3,112.0,112.0,114.4,112.0,115.0
2022-07,MUN,PE|SANTA CRUZ DO CAPIBARIBE,glp,5,110.0,110.0,115.0,110.0,115.0
2022-07,MUN,PE|SERRA TALHADA,glp,4,117.5,117.0,118.0,117.0,118.0
2022-07,MUN,PE|VITORIA DE SANTO ANTAO,glp,11,100.0,100.0,100.0,99.99,100.0
2022-07,MUN,PI|PARNAIBA,glp,5,119.0,116.6,120.0,115.0,120.0
2022-07,MUN,PI|PICOS,glp,3,120.0,108.0,124.0,105.0,125.0
2022-07,MUN,PI|PIRIPIRI,glp,5,125.0,117.497,129.2,112.495,130.0
2022-07,MUN,PI|TERESINA,glp,52,120.0,115.0,120.0,110.0,130.0
2022-07,MUN,PR|APUCARANA,glp,21,110.0,100.0,115.0,99.5,120.0
2022-07,MUN,PR|ARAPONGAS,glp,20,109.95,107.69,110.0,104.9,115.0
2022-07,MUN,PR|ARAUCARIA,glp,16,112.0,105.0,115.0,99.9,115.0
2022-07,MUN,PR|ASSIS CHATEAUBRIAND,glp,8,140.0,136.4,140.0,135.0,140.0
2022-07,MUN,PR|CAMBE,glp,19,117.0,110.0,125.0,105.0,125.0
2022-07,MUN,PR|CAMPO LARGO,glp,18,105.0,99.9,110.0,99.0,110.0
2022-07,MUN,PR|CAMPO MOURAO,glp,13,125.0,120.0,125.0,120.0,130.0
2022-07,MUN,PR|CASCAVEL,glp,28,117.5,114.1,120.0,110.0,125.0
2022-07,MUN,PR|CASTRO,glp,7,108.0,106.2,116.2,105.0,118.0
2022-07,MUN,PR|CIANORTE,glp,16,129.9,122.5,130.0,120.0,130.0
2022-07,MUN,PR|COLOMBO,glp,21,105.0,105.0,110.0,99.9,115.0
2022-07,MUN,PR|CORNELIO PROCOPIO,glp,4,125.0,125.0,125.0,125.0,125.0
2022-07,MUN,PR|CURITIBA,glp,37,107.0,103.194,110.0,98.0,115.0
2022-07,MUN,PR|FOZ DO IGUACU,glp,20,107.498,100.0,118.2,99.99,122.5
2022-07,MUN,PR|FRANCISCO BELTRAO,glp,9,120.0,114.6,130.0,109.0,130.0
2022-07,MUN,PR|GUARAPUAVA,glp,9,120.0,117.98,120.6,117.9,123.0
2022-07,MUN,PR|LONDRINA,glp,67,110.0,101.5,120.0,100.0,125.0
2022-07,MUN,PR|MARECHAL CANDIDO RONDON,glp,4,114.995,114.927,115.0,114.9,115.0
2022-07,MUN,PR|MARINGA,glp,51,125.0,115.0,130.0,115.0,137.0
2022-07,MUN,PR|PARANAGUA,glp,14,105.0,98.3,110.0,96.0,113.0
2022-07,MUN,PR|PARANAVAI,glp,21,120.0,109.95,120.0,94.99,125.0
2022-07,MUN,PR|PATO BRANCO,glp,7,128.0,123.0,130.0,123.0,130.0
2022-07,MUN,PR|PINHAIS,glp,17,106.0,104.8,113.8,102.0,115.0
2022-07,MUN,PR|PONTA GROSSA,glp,26,110.0,104.95,115.0,99.9,120.0
2022-07,MUN,PR|SANTO ANTONIO DA PLATINA,glp,8,117.0,113.8,119.2,111.0,122.0
2022-07,MUN,PR|SAO JOSE DOS PINHAIS,glp,13,105.0,100.51,112.0,99.9,113.0
2022-07,MUN,PR|TOLEDO,glp,13,112.0,104.5,117.5,104.0,120.0
2022-07,MUN,PR|UMUARAMA,glp,11,120.0,120.0,125.0,117.5,125.0
2022-07,MUN,PR|UNIAO DA VITORIA,glp,5,120.0,114.0,128.8,110.0,130.0
2022-07,MUN,RJ|ANGRA DOS REIS,glp,9,120.0,119.9,120.0,119.9,120.0
2022-07,MUN,RJ|ARARUAMA,glp,9,95.99,92.392,97.598,90.0,99.99
2022-07,MUN,RJ|BARRA DO PIRAI,glp,4,111.9,109.87,118.2,109.0,120.9
2022-07,MUN,RJ|BARRA MANSA,glp,7,110.0,101.154,113.5,99.9,115.0
2022-07,MUN,RJ|BELFORD ROXO,glp,12,95.0,90.399,97.99,85.0,99.99
2022-07,MUN,RJ|CABO FRIO,glp,5,97.99,97.99,99.194,97.99,99.99
2022-07,MUN,RJ|CAMPOS DOS GOYTACAZES,glp,17,102.0,96.796,107.3,89.99,120.0
2022-07,MUN,RJ|DUQUE DE CAXIAS,glp,31,94.99,93.0,99.99,90.0,105.0
2022-07,MUN,RJ|ITABORAI,glp,6,94.99,92.99,94.99,92.99,94.99
2022-07,MUN,RJ|ITAGUAI,glp,3,115.9,108.78,115.9,107.0,115.9
2022-07,MUN,RJ|ITAPERUNA,glp,5,102.5,100.0,105.0,100.0,105.0
2022-07,MUN,RJ|MACAE,glp,6,120.0,120.0,123.495,120.0,124.99
2022-07,MUN,RJ|MAGE,glp,7,94.99,93.54,95.39,93.0,95.99
2022-07,MUN,RJ|MARICA,glp,5,97.99,90.0,102.2,90.0,105.0
2022-07,MUN,RJ|NILOPOLIS,glp,12,104.995,100.0,105.0,100.0,105.0
2022-07,MUN,RJ|NITEROI,glp,10,91.488,89.79,100.491,87.99,105.0
2022-07,MUN,RJ|NOVA FRIBURGO,glp,6,118.0,117.0,119.1,116.0,120.0
2022-07,MUN,RJ|NOVA IGUACU,glp,19,100.0,93.0,110.0,84.99,110.0
2022-07,MUN,RJ|PETROPOLIS,glp,16,99.498,84.99,105.0,84.99,108.0
2022-07,MUN,RJ|RESENDE,glp,6,110.0,109.995,110.0,109.99,110.0
2022-07,MUN,RJ|RIO BONITO,glp,5,90.0,89.994,94.99,89.99,94.99
2022-07,MUN,RJ|RIO DE JANEIRO,glp,55,101.99,94.994,105.0,90.0,108.0
2022-07,MUN,RJ|SANTO ANTONIO DE PADUA,glp,3,90.0,90.0,106.0,90.0,110.0
2022-07,MUN,RJ|SAO FRANCISCO DE ITABAPOANA,glp,2,104.0,99.2,108.8,98.0,110.0
2022-07,MUN,RJ|SAO GONCALO,glp,16,97.49,94.992,105.0,94.99,105.0
2022-07,MUN,RJ|SAO JOAO DE MERITI,glp,17,97.99,94.99,105.0,91.99,105.0
2022-07,MUN,RJ|SAPUCAIA,glp,2,110.0,110.0,110.0,110.0,110.0
2022-07,MUN,RJ|SAQUAREMA,glp,8,92.495,89.39,98.593,87.99,100.0
2022-07,MUN,RJ|TERESOPOLIS,glp,7,111.5,104.8,115.0,100.0,115.0
2022-07,MUN,RJ|TRES RIOS,glp,2,109.995,109.991,109.999,109.99,110.0
2022-07,MUN,RJ|VALENCA,glp,6,99.5,97.0,100.0,95.0,100.0
2022-07,MUN,RJ|VOLTA REDONDA,glp,13,106.9,105.92,110.8,105.0,111.0
2022-07,MUN,RN|CAICO,glp,4,123.75,122.5,125.0,122.5,125.0
2022-07,MUN,RN|MOSSORO,glp,6,116.25,112.5,118.0,110.0,118.0
2022-07,MUN,RN|NATAL,glp,25,120.0,107.0,125.54,100.0,139.0
2022-07,MUN,RN|PARNAMIRIM,glp,20,117.5,114.5,122.3,110.0,125.0
2022-07,MUN,RO|ARIQUEMES,glp,4,144.5,138.4,145.7,136.0,146.0
2022-07,MUN,RO|CACOAL,glp,8,139.5,137.7,145.6,137.0,147.0
2022-07,MUN,RO|JI-PARANA,glp,15,136.0,133.2,136.6,125.495,140.0
2022-07,MUN,RO|PIMENTA BUENO,glp,4,144.0,144.0,144.7,144.0,145.0
2022-07,MUN,RO|PORTO VELHO,glp,34,125.0,117.65,135.0,114.0,140.0
2022-07,MUN,RO|VILHENA,glp,8,145.0,142.95,150.0,140.5,150.0
2022-07,MUN,RR|BOA VISTA,glp,90,125.0,119.8,130.0,113.0,145.0
2022-07,MUN,RS|ALEGRETE,glp,8,111.5,106.27,115.9,99.9,118.0
2022-07,MUN,RS|ALVORADA,glp,8,99.5,94.99,104.15,94.99,108.0
2022-07,MUN,RS|BAGE,glp,25,120.0,115.0,120.0,115.0,125.0
2022-07,MUN,RS|BENTO GONCALVES,glp,3,128.0,123.2,128.0,122.0,128.0
2022-07,MUN,RS|CACHOEIRA DO SUL,glp,9,110.0,103.6,112.0,98.0,112.0
2022-07,MUN,RS|CACHOEIRINHA,glp,7,110.0,106.2,119.46,105.0,129.9
2022-07,MUN,RS|CANOAS,glp,18,106.0,100.0,110.6,98.0,116.5
2022-07,MUN,RS|CAXIAS DO SUL,glp,56,110.9,108.45,120.0,105.0,129.9
2022-07,MUN,RS|CRUZ ALTA,glp,3,104.0,104.0,105.52,104.0,105.9
2022-07,MUN,RS|ERECHIM,glp,18,125.0,122.85,130.0,120.0,135.0
2022-07,MUN,RS|ESTEIO,glp,10,108.0,102.0,115.25,102.0,117.5
2022-07,MUN,RS|GRAMADO,glp,5,115.0,109.6,119.2,108.0,122.0
2022-07,MUN,RS|GRAVATAI,glp,10,105.0,102.9,109.05,102.0,109.5
2022-07,MUN,RS|GUAIBA,glp,6,110.0,109.5,117.5,109.0,125.0
2022-07,MUN,RS|IJUI,glp,12,122.5,115.5,129.5,109.99,130.0
2022-07,MUN,RS|LAJEADO,glp,7,105.0,103.0,113.2,103.0,115.0
2022-07,MUN,RS|NOVO HAMBURGO,glp,12,103.5,102.0,107.9,96.0,109.0
2022-07,MUN,RS|OSORIO,glp,5,102.0,98.174,114.76,96.99,118.0
2022-07,MUN,RS|PASSO FUNDO,glp,33,115.0,112.2,115.0,110.0,118.0
2022-07,MUN,RS|PELOTAS,glp,45,108.0,106.4,112.0,103.0,120.0
2022-07,MUN,RS|PORTO ALEGRE,glp,28,112.25,108.693,120.0,105.0,122.0
2022-07,MUN,RS|RIO GRANDE,glp,10,131.0,127.8,132.1,126.0,133.0
2022-07,MUN,RS|SANTA CRUZ DO SUL,glp,17,109.0,104.0,114.1,103.5,115.0
2022-07,MUN,RS|SANTA MARIA,glp,39,112.5,107.9,115.2,105.0,119.5
2022-07,MUN,RS|SANTA ROSA,glp,11,115.0,110.0,115.0,108.0,120.0
2022-07,MUN,RS|SANTANA DO LIVRAMENTO,glp,13,115.0,110.0,119.0,100.0,120.0
2022-07,MUN,RS|SANTO ANGELO,glp,3,129.0,125.8,129.0,125.0,129.0
2022-07,MUN,RS|SAO GABRIEL,glp,11,110.0,110.0,115.0,110.0,137.0
2022-07,MUN,RS|SAO LEOPOLDO,glp,8,101.0,97.693,108.45,97.0,109.5
2022-07,MUN,RS|SAO LUIZ GONZAGA,glp,5,115.0,112.0,120.0,110.0,120.0
2022-07,MUN,RS|SAPIRANGA,glp,6,110.0,108.25,115.0,108.0,115.0
2022-07,MUN,RS|SAPUCAIA DO SUL,glp,20,106.5,101.95,110.05,101.0,115.0
2022-07,MUN,RS|TORRES,glp,6,113.2,105.45,117.74,105.0,119.98
2022-07,MUN,RS|URUGUAIANA,glp,10,120.0,114.7,125.0,112.0,125.0
2022-07,MUN,RS|VACARIA,glp,8,119.0,109.7,121.5,109.0,125.0
2022-07,MUN,RS|VIAMAO,glp,14,110.0,105.6,115.0,105.0,115.0
2022-07,MUN,SC|ARARANGUA,glp,4,113.5,110.6,116.4,110.0,117.0
2022-07,MUN,SC|BALNEARIO CAMBORIU,glp,5,130.0,128.0,134.8,128.0,138.0
2022-07,MUN,SC|BIGUACU,glp,2,125.0,125.0,125.0,125.0,125.0
2022-07,MUN,SC|BLUMENAU,glp,18,128.5,114.997,132.9,105.0,135.0
2022-07,MUN,SC|BRUSQUE,glp,6,123.5,120.0,127.0,120.0,129.0
2022-07,MUN,SC|CACADOR,glp,7,127.5,106.0,148.0,100.0,160.0
2022-07,MUN,SC|CHAPECO,glp,7,130.0,113.4,144.8,93.0,155.0
2022-07,MUN,SC|CONCORDIA,glp,4,111.25,110.0,114.25,110.0,115.0
2022-07,MUN,SC|CRICIUMA,glp,11,117.0,117.0,118.0,117.0,119.0
2022-07,MUN,SC|FLORIANOPOLIS,glp,3,119.945,119.189,121.589,119.0,122.0
2022-07,MUN,SC|ITAJAI,glp,7,129.745,110.0,130.888,110.0,132.22
2022-07,MUN,SC|JARAGUA DO SUL,glp,9,111.9,111.52,119.198,110.0,119.99
2022-07,MUN,SC|JOINVILLE,glp,9,120.0,114.792,120.0,114.0,120.0
2022-07,MUN,SC|LAGES,glp,22,118.5,110.5,120.0,110.0,125.0
2022-07,MUN,SC|LAGUNA,glp,6,104.24,101.75,110.0,101.0,110.0
2022-07,MUN,SC|MAFRA,glp,10,120.0,120.0,125.0,120.0,125.0
2022-07,MUN,SC|PALHOCA,glp,2,122.0,121.2,122.8,121.0,123.0
2022-07,MUN,SC|SAO JOSE,glp,3,128.0,125.6,128.0,125.0,128.0
2022-07,MUN,SC|TUBARAO,glp,5,115.0,115.0,115.6,115.0,116.0
2022-07,MUN,SC|VIDEIRA,glp,6,119.5,117.5,130.0,117.0,140.0
2022-07,MUN,SC|XANXERE,glp,4,111.25,110.0,117.75,110.0,120.0
2022-07,MUN,SE|ARACAJU,glp,20,103.95,99.99,105.5,97.99,112.5
2022-07,MUN,SE|ITABAIANA,glp,4,107.0,105.0,109.7,105.0,110.0
2022-07,MUN,SE|LAGARTO,glp,4,111.5,110.0,113.7,110.0,114.0
2022-07,MUN,SE|NOSSA SENHORA DAS DORES,glp,1,100.0,100.0,100.0,100.0,100.0
2022-07,MUN,SE|NOSSA SENHORA DO SOCORRO,glp,7,100.0,99.99,104.94,99.99,105.0
2022-07,MUN,SP|ADAMANTINA,glp,4,110.0,110.0,112.45,110.0,113.5
2022-07,MUN,SP|AMERICANA,glp,22,110.0,105.241,119.999,104.99,120.0
2022-07,MUN,SP|AMPARO,glp,8,112.0,109.4,117.2,108.0,120.0
2022-07,MUN,SP|ARACATUBA,glp,34,103.745,89.99,115.0,89.0,115.0
2022-07,MUN,SP|ARARAQUARA,glp,12,122.0,117.55,126.35,112.0,126.5
2022-07,MUN,SP|ARARAS,glp,7,105.0,105.0,111.836,105.0,112.49
2022-07,MUN,SP|ASSIS,glp,7,115.0,110.0,118.5,110.0,120.0
2022-07,MUN,SP|ATIBAIA,glp,17,115.0,109.2,120.0,99.99,120.0
2022-07,MUN,SP|AVARE,glp,10,103.995,99.891,105.0,99.0,105.0
2022-07,MUN,SP|BARRETOS,glp,6,115.5,112.5,124.0,110.0,128.0
2022-07,MUN,SP|BARUERI,glp,33,109.99,99.99,120.0,99.9,123.0
2022-07,MUN,SP|BAURU,glp,18,105.0,99.693,110.75,89.99,118.0
2022-07,MUN,SP|BEBEDOURO,glp,13,117.5,110.7,125.0,105.0,125.0
2022-07,MUN,SP|BIRIGUI,glp,27,115.0,109.2,115.0,103.0,120.0
2022-07,MUN,SP|BOTUCATU,glp,16,105.0,103.0,108.75,103.0,115.0
2022-07,MUN,SP|BRAGANCA PAULISTA,glp,9,114.995,114.32,115.0,112.0,115.0
2022-07,MUN,SP|CACAPAVA,glp,5,95.0,86.99,117.996,84.99,120.0
2022-07,MUN,SP|CAMPINAS,glp,16,111.995,106.745,117.5,104.99,120.0
2022-07,MUN,SP|CARAGUATATUBA,glp,7,105.0,105.0,111.594,105.0,120.0
2022-07,MUN,SP|CARAPICUIBA,glp,11,108.0,105.0,110.99,104.99,110.99
2022-07,MUN,SP|CATANDUVA,glp,11,110.0,104.9,119.9,102.99,120.0
2022-07,MUN,SP|COSMOPOLIS,glp,6,95.99,94.99,99.99,94.99,99.99
2022-07,MUN,SP|COTIA,glp,8,115.0,114.99,131.406,114.99,137.02
2022-07,MUN,SP|CRUZEIRO,glp,8,98.495,89.997,108.0,89.99,115.0
2022-07,MUN,SP|CUBATAO,glp,6,115.0,109.0,125.0,109.0,130.0
2022-07,MUN,SP|DIADEMA,glp,32,117.49,110.3,135.0,109.99,135.0
2022-07,MUN,SP|DRACENA,glp,4,117.0,112.1,119.1,110.0,120.0
2022-07,MUN,SP|EMBU DAS ARTES,glp,6,109.995,107.49,127.75,104.99,135.6
2022-07,MUN,SP|FRANCA,glp,34,109.99,100.0,123.5,99.99,129.9
2022-07,MUN,SP|GARCA,glp,5,110.0,109.0,119.78,109.0,120.0
2022-07,MUN,SP|GUARATINGUETA,glp,13,105.0,99.99,108.8,99.9,113.0
2022-07,MUN,SP|GUARUJA,glp,5,110.0,110.0,115.59,110.0,115.99
2022-07,MUN,SP|GUARULHOS,glp,19,105.0,98.392,109.99,89.99,115.0
2022-07,MUN,SP|HORTOLANDIA,glp,14,100.0,94.99,115.0,94.99,115.0
2022-07,MUN,SP|IBITINGA,glp,5,120.0,109.0,123.0,105.0,125.0
2022-07,MUN,SP|INDAIATUBA,glp,13,110.0,105.6,112.8,103.5,115.0
2022-07,MUN,SP|ITANHAEM,glp,3,115.0,115.0,119.0,115.0,120.0
2022-07,MUN,SP|ITAPECERICA DA SERRA,glp,7,104.99,97.99,109.997,94.99,110.0
2022-07,MUN,SP|ITAPETININGA,glp,11,115.0,114.95,118.0,113.99,120.0
2022-07,MUN,SP|ITAPEVA,glp,4,122.85,122.0,124.078,122.0,124.24
2022-07,MUN,SP|ITAPIRA,glp,3,103.0,102.2,103.0,102.0,103.0
2022-07,MUN,SP|ITAPOLIS,glp,9,120.0,115.6,121.0,110.0,125.0
2022-07,MUN,SP|ITAQUAQUECETUBA,glp,13,104.99,99.99,108.0,99.99,110.0
2022-07,MUN,SP|ITATIBA,glp,7,112.0,109.96,117.827,109.9,119.9
2022-07,MUN,SP|ITU,glp,21,110.0,104.99,115.0,99.99,120.0
2022-07,MUN,SP|JABOTICABAL,glp,4,108.75,104.98,110.0,103.9,110.0
2022-07,MUN,SP|JACAREI,glp,9,105.0,98.598,114.9,92.99,114.9
2022-07,MUN,SP|JALES,glp,11,105.0,104.9,105.0,95.5,109.0
2022-07,MUN,SP|JAU,glp,10,117.0,116.8,120.0,115.0,120.0
2022-07,MUN,SP|JOSE BONIFACIO,glp,7,112.0,106.5,117.0,105.0,120.0
2022-07,MUN,SP|JUNDIAI,glp,10,108.24,107.0,114.0,107.0,114.0
2022-07,MUN,SP|LEME,glp,9,110.0,105.0,112.6,105.0,123.0
2022-07,MUN,SP|LIMEIRA,glp,19,109.995,103.99,118.0,99.99,120.0
2022-07,MUN,SP|LINS,glp,9,115.0,100.0,121.0,100.0,125.0
2022-07,MUN,SP|LORENA,glp,15,99.99,89.994,115.0,85.0,115.0
2022-07,MUN,SP|MARILIA,glp,17,119.0,115.6,122.4,115.0,125.0
2022-07,MUN,SP|MATAO,glp,7,110.0,110.0,121.0,110.0,130.0
2022-07,MUN,SP|MAUA,glp,45,104.99,94.99,115.993,89.99,121.0
2022-07,MUN,SP|MIRASSOL,glp,12,107.5,100.4,117.25,99.99,120.0
2022-07,MUN,SP|MOCOCA,glp,5,120.0,117.0,123.0,115.0,125.0
2022-07,MUN,SP|MOGI DAS CRUZES,glp,27,105.0,99.996,113.74,98.0,120.0
2022-07,MUN,SP|MOGI GUACU,glp,17,110.0,108.0,110.0,105.0,113.0
2022-07,MUN,SP|MOGI MIRIM,glp,13,105.0,99.5,110.0,99.5,110.0
2022-07,MUN,SP|MONTE ALTO,glp,8,116.25,108.5,125.75,105.0,127.5
2022-07,MUN,SP|OLIMPIA,glp,5,96.0,96.0,97.2,96.0,98.0
2022-07,MUN,SP|OSASCO,glp,20,109.995,105.446,110.31,100.0,124.99
2022-07,MUN,SP|OURINHOS,glp,18,113.95,110.0,115.0,104.9,118.0
2022-07,MUN,SP|PARAGUACU PAULISTA,glp,11,115.0,111.0,120.0,110.0,120.0
2022-07,MUN,SP|PAULINIA,glp,12,107.248,104.991,110.0,104.99,110.0
2022-07,MUN,SP|PINDAMONHANGABA,glp,6,115.0,111.0,116.0,110.0,117.0
2022-07,MUN,SP|PIRACICABA,glp,16,106.5,99.992,112.5,99.99,120.0
2022-07,MUN,SP|PIRASSUNUNGA,glp,2,102.495,100.491,104.499,99.99,105.0
2022-07,MUN,SP|POA,glp,8,104.495,99.99,110.0,99.99,110.0
2022-07,MUN,SP|PORTO FERREIRA,glp,2,110.95,103.79,118.11,102.0,119.9
2022-07,MUN,SP|PRAIA GRANDE,glp,8,107.998,107.693,109.975,107.0,112.25
2022-07,MUN,SP|PRESIDENTE PRUDENTE,glp,22,105.0,98.189,114.8,97.0,116.0
2022-07,MUN,SP|PRESIDENTE VENCESLAU,glp,5,115.0,102.8,122.14,98.0,124.9
2022-07,MUN,SP|RIBEIRAO PIRES,glp,18,104.995,104.327,120.0,100.0,125.0
2022-07,MUN,SP|RIBEIRAO PRETO,glp,33,115.0,108.8,124.99,102.5,129.9
2022-07,MUN,SP|RIO CLARO,glp,10,110.0,110.0,110.0,110.0,110.0
2022-07,MUN,SP|SALTO,glp,19,105.0,101.518,110.4,99.99,112.5
2022-07,MUN,SP|SANTA BARBARA D'OESTE,glp,26,105.0,104.99,110.0,104.99,112.5
2022-07,MUN,SP|SANTA CRUZ DO RIO PARDO,glp,12,114.5,110.0,116.8,110.0,120.0
2022-07,MUN,SP|SANTO ANDRE,glp,42,109.25,102.099,119.84,99.99,120.0
2022-07,MUN,SP|SANTOS,glp,20,119.95,106.0,139.0,105.0,139.9
2022-07,MUN,SP|SAO BERNARDO DO CAMPO,glp,38,111.75,108.4,120.6,105.0,130.0
2022-07,MUN,SP|SAO CAETANO DO SUL,glp,6,115.0,110.0,122.5,110.0,125.0
2022-07,MUN,SP|SAO CARLOS,glp,13,115.0,109.909,122.0,109.0,130.0
2022-07,MUN,SP|SAO JOAO DA BOA VISTA,glp,12,105.0,105.0,109.5,99.995,110.0
2022-07,MUN,SP|SAO JOSE DO RIO PRETO,glp,20,110.0,99.999,121.0,99.99,130.0
2022-07,MUN,SP|SAO JOSE DOS CAMPOS,glp,18,107.495,95.697,114.25,87.49,117.495
2022-07,MUN,SP|SAO PAULO,glp,76,109.99,99.99,118.995,89.99,131.0
2022-07,MUN,SP|SAO ROQUE,glp,6,108.0,97.49,115.0,94.99,115.0
2022-07,MUN,SP|SAO VICENTE,glp,15,106.0,104.9,114.2,104.9,115.9
2022-07,MUN,SP|SERTAOZINHO,glp,11,110.0,104.0,120.0,104.0,120.0
2022-07,MUN,SP|SOROCABA,glp,39,110.0,104.99,116.5,99.99,120.0
2022-07,MUN,SP|SUMARE,glp,14,97.495,94.99,104.994,94.99,110.0
2022-07,MUN,SP|SUZANO,glp,20,104.995,99.999,110.2,99.99,112.9
2022-07,MUN,SP|TABOAO DA SERRA,glp,6,109.968,104.995,112.495,104.99,114.99
2022-07,MUN,SP|TATUI,glp,11,120.0,110.0,122.5,110.0,125.0
2022-07,MUN,SP|TAUBATE,glp,8,102.0,96.39,104.65,94.99,105.0
2022-07,MUN,SP|TUPA,glp,10,109.0,105.0,115.5,105.0,120.0
2022-07,MUN,SP|UBATUBA,glp,11,114.99,108.0,115.0,105.0,121.0
2022-07,MUN,SP|VALINHOS,glp,8,102.445,95.99,105.9,95.99,105.9
2022-07,MUN,SP|VARZEA PAULISTA,glp,6,100.0,100.0,108.5,100.0,117.0
2022-07,MUN,SP|VINHEDO,glp,9,113.0,111.996,113.0,110.0,113.0
2022-07,MUN,SP|VOTORANTIM,glp,19,110.0,108.5,113.4,107.0,120.0
2022-07,MUN,SP|VOTUPORANGA,glp,8,109.5,105.0,112.355,105.0,117.85
2022-07,MUN,TO|ARAGUAINA,glp,13,125.0,120.0,130.0,120.0,130.0
2022-07,MUN,TO|GURUPI,glp,34,125.0,120.6,125.0,109.99,125.0
2022-07,MUN,TO|PALMAS,glp,33,122.5,120.0,127.0,100.0,130.0
2022-07,MUN,TO|PARAISO DO TOCANTINS,glp,8,125.0,118.5,126.5,115.0,130.0
2022-07,MUN,TO|PORTO NACIONAL,glp,14,125.0,120.0,130.0,120.0,130.0
2022-07,UF,AC,glp,55,129.0,122.4,135.0,120.0,145.0
2022-07,UF,AL,glp,33,109.99,100.0,115.0,94.0,115.0
2022-07,UF,AM,glp,72,120.0,112.0,134.85,109.0,140.0
2022-07,UF,AP,glp,23,123.0,118.396,128.0,116.0,130.0
2022-07,UF,BA,glp,385,109.99,100.0,119.998,90.0,135.0
2022-07,UF,CE,glp,132,115.0,110.0,120.0,97.0,126.0
2022-07,UF,DF,glp,44,104.49,99.99,114.848,94.99,129.99
2022-07,UF,ES,glp,154,105.0,95.0,115.0,84.99,125.0
2022-07,UF,GO,glp,295,118.0,104.4,130.0,94.99,140.0
2022-07,UF,MA,glp,109,114.99,107.0,125.0,99.99,130.0
2022-07,UF,MG,glp,765,115.0,104.99,125.0,89.99,140.0
2022-07,UF,MS,glp,185,110.0,100.0,120.0,95.0,130.0
2022-07,UF,MT,glp,159,135.0,120.0,150.0,109.99,160.0
2022-07,UF,PA,glp,221,116.99,108.0,135.0,99.0,150.0
2022-07,UF,PB,glp,76,115.0,107.75,120.0,97.49,125.0
2022-07,UF,PE,glp,287,100.0,95.0,110.0,85.99,140.0
2022-07,UF,PI,glp,65,120.0,115.0,120.0,105.0,130.0
2022-07,UF,PR,glp,523,112.5,104.0,126.6,94.99,140.0
2022-07,UF,RJ,glp,331,100.0,92.0,111.0,84.99,124.99
2022-07,UF,RN,glp,55,118.0,110.0,125.0,100.0,139.0
2022-07,UF,RO,glp,73,135.0,121.8,145.0,114.0,150.0
2022-07,UF,RR,glp,90,125.0,119.8,130.0,113.0,145.0
2022-07,UF,RS,glp,509,110.9,104.0,122.0,94.99,137.0
2022-07,UF,SC,glp,150,120.0,110.0,130.0,93.0,160.0
2022-07,UF,SE,glp,36,104.9,99.995,110.0,97.99,114.0
2022-07,UF,SP,glp,1502,110.0,99.99,120.0,84.99,139.9
2022-07,UF,TO,glp,102,125.0,120.0,127.95,100.0,130.0
2022-08,BR,BR,glp,6596,110.0,99.99,125.0,81.99,160.0
2022-08,MUN,AC|CRUZEIRO DO SUL,glp,4,130.0,130.0,130.0,130.0,130.0
2022-08,MUN,AC|RIO BRANCO,glp,44,128.0,120.0,135.0,120.0,145.0
2022-08,MUN,AL|ARAPIRACA,glp,9,109.0,99.98,110.0,99.9,110.0
2022-08,MUN,AL|DELMIRO GOUVEIA,glp,2,107.5,105.5,109.5,105.0,110.0
2022-08,MUN,AL|MACEIO,glp,11,105.0,105.0,110.0,94.0,115.0
2022-08,MUN,AL|PALMEIRA DOS INDIOS,glp,4,115.0,115.0,115.0,115.0,115.0
2022-08,MUN,AL|RIO LARGO,glp,3,115.0,115.0,115.0,115.0,115.0
2022-08,MUN,AM|ITACOATIARA,glp,9,128.0,119.598,135.0,117.99,135.0
2022-08,MUN,AM|MANACAPURU,glp,5,124.0,124.0,130.0,124.0,130.0
2022-08,MUN,AM|MANAUS,glp,70,115.25,109.0,121.0,106.0,140.0
2022-08,MUN,AM|PARINTINS,glp,3,140.0,136.0,140.0,135.0,140.0
2022-08,MUN,AM|TEFE,glp,5,132.0,130.8,136.8,130.0,138.0
2022-08,MUN,AP|MACAPA,glp,18,123.0,117.1,127.65,115.0,128.0
2022-08,MUN,AP|SANTANA,glp,8,121.0,116.0,123.6,116.0,125.0
2022-08,MUN,BA|ALAGOINHAS,glp,9,108.0,104.8,110.6,104.0,113.0
2022-08,MUN,BA|BARREIRAS,glp,7,140.0,135.0,142.0,135.0,145.0
2022-08,MUN,BA|BRUMADO,glp,4,110.0,105.6,114.4,105.0,115.0
2022-08,MUN,BA|CAETITE,glp,7,105.0,103.0,107.0,100.0,110.0
2022-08,MUN,BA|CAMACARI,glp,34,115.0,110.0,120.0,100.0,120.0
2022-08,MUN,BA|EUNAPOLIS,glp,14,113.625,110.0,117.5,109.99,120.0
2022-08,MUN,BA|FEIRA DE SANTANA,glp,12,104.0,100.0,114.496,99.99,115.0
2022-08,MUN,BA|GUANAMBI,glp,15,110.0,110.0,111.5,110.0,115.0
2022-08,MUN,BA|ILHEUS,glp,6,127.0,125.5,131.0,125.0,135.0
2022-08,MUN,BA|IPIRA,glp,2,117.5,115.5,119.5,115.0,120.0
2022-08,MUN,BA|IRECE,glp,3,110.0,110.0,110.0,110.0,110.0
2022-08,MUN,BA|ITABUNA,glp,8,120.0,113.7,122.9,99.0,125.0
2022-08,MUN,BA|ITAMARAJU,glp,5,110.0,100.0,111.5,100.0,112.5
2022-08,MUN,BA|JACOBINA,glp,6,130.0,130.0,130.0,130.0,130.0
2022-08,MUN,BA|JAGUAQUARA,glp,2,115.0,115.0,115.0,115.0,115.0
2022-08,MUN,BA|JEQUIE,glp,7,100.0,99.2,101.2,98.0,103.0
2022-08,MUN,BA|JUAZEIRO,glp,7,110.0,108.8,112.0,107.0,115.0
2022-08,MUN,BA|LAURO DE FREITAS,glp,31,110.0,103.0,117.0,100.0,125.0
2022-08,MUN,BA|LIVRAMENTO DE NOSSA SENHORA,glp,3,110.0,110.0,110.0,110.0,110.0
2022-08,MUN,BA|PAULO AFONSO,glp,4,110.0,103.0,110.0,100.0,110.0
2022-08,MUN,BA|POCOES,glp,4,107.5,102.9,113.5,102.0,115.0
2022-08,MUN,BA|PORTO SEGURO,glp,9,107.5,104.7,110.0,103.5,110.0
2022-08,MUN,BA|SALVADOR,glp,158,114.99,102.05,120.0,89.99,130.0
2022-08,MUN,BA|SANTO ANTONIO DE JESUS,glp,7,115.0,108.6,115.0,108.0,115.0
2022-08,MUN,BA|SENHOR DO BONFIM,glp,3,115.0,115.0,119.0,115.0,120.0
2022-08,MUN,BA|SERRINHA,glp,5,130.0,130.0,130.0,130.0,130.0
2022-08,MUN,BA|SIMOES FILHO,glp,15,110.0,103.0,114.996,102.49,129.99
2022-08,MUN,BA|TEIXEIRA DE FREITAS,glp,7,110.0,104.2,117.0,103.0,120.0
2022-08,MUN,BA|VALENCA,glp,8,113.75,110.25,117.9,105.0,120.0
2022-08,MUN,BA|VITORIA DA CONQUISTA,glp,4,115.0,111.5,115.0,110.0,115.0
2022-08,MUN,CE|AQUIRAZ,glp,1,115.0,115.0,115.0,115.0,115.0
2022-08,MUN,CE|CANINDE,glp,3,112.0,108.8,114.4,108.0,115.0
2022-08,MUN,CE|CAUCAIA,glp,16,110.0,102.495,120.0,95.0,123.0
2022-08,MUN,CE|CRATEUS,glp,5,113.0,110.0,117.2,108.0,120.0
2022-08,MUN,CE|CRATO,glp,14,114.0,112.0,115.0,110.0,120.0
2022-08,MUN,CE|FORTALEZA,glp,54,117.0,110.0,124.4,100.0,128.0
2022-08,MUN,CE|ICO,glp,4,123.5,117.1,125.0,115.0,125.0
2022-08,MUN,CE|IGUATU,glp,4,116.5,111.5,118.7,110.0,119.0
2022-08,MUN,CE|ITAPIPOCA,glp,6,110.0,110.0,115.0,110.0,115.0
2022-08,MUN,CE|JUAZEIRO DO NORTE,glp,12,113.0,113.0,117.7,110.0,120.0
2022-08,MUN,CE|LIMOEIRO DO NORTE,glp,4,121.0,109.5,122.0,105.0,122.0
2022-08,MUN,CE|MARACANAU,glp,12,110.0,105.5,120.0,99.99,125.0
2022-08,MUN,CE|QUIXADA,glp,4,113.5,112.0,115.0,112.0,115.0
2022-08,MUN,CE|SOBRAL,glp,7,120.0,116.2,120.0,115.0,120.0
2022-08,MUN,DF|BRASILIA,glp,55,104.99,97.394,110.0,94.99,124.99
2022-08,MUN,ES|ARACRUZ,glp,9,110.0,100.0,115.0,100.0,115.0
2022-08,MUN,ES|CACHOEIRO DE ITAPEMIRIM,glp,18,109.995,99.963,115.0,98.0,116.5
2022-08,MUN,ES|CARIACICA,glp,23,97.995,93.398,107.992,90.0,110.0
2022-08,MUN,ES|COLATINA,glp,12,103.75,95.5,109.5,95.0,110.0
2022-08,MUN,ES|GUARAPARI,glp,9,108.0,94.99,115.0,94.99,115.0
2022-08,MUN,ES|LINHARES,glp,16,115.0,110.0,115.0,110.0,120.0
2022-08,MUN,ES|SAO MATEUS,glp,7,99.99,99.99,101.994,99.99,105.0
2022-08,MUN,ES|SERRA,glp,25,110.0,105.0,115.0,92.99,115.0
2022-08,MUN,ES|VILA VELHA,glp,26,106.0,96.998,110.0,84.99,110.0
2022-08,MUN,ES|VITORIA,glp,7,115.0,103.0,122.0,100.0,125.0
2022-08,MUN,GO|AGUAS LINDAS DE GOIAS,glp,24,100.0,94.99,105.0,94.99,108.0
2022-08,MUN,GO|ANAPOLIS,glp,28,120.0,115.0,120.0,105.0,123.0
2022-08,MUN,GO|APARECIDA DE GOIANIA,glp,23,115.0,113.0,115.0,110.0,120.0
2022-08,MUN,GO|CALDAS NOVAS,glp,4,115.0,115.0,122.0,115.0,125.0
2022-08,MUN,GO|CATALAO,glp,8,115.0,112.1,118.6,110.0,120.0
2022-08,MUN,GO|FORMOSA,glp,14,107.5,99.993,117.1,99.99,130.0
2022-08,MUN,GO|GOIANIA,glp,41,120.0,115.0,125.0,99.99,125.0
2022-08,MUN,GO|GOIATUBA,glp,6,120.0,112.5,120.0,110.0,120.0
2022-08,MUN,GO|ITUMBIARA,glp,10,125.0,115.0,127.3,115.0,130.0
2022-08,MUN,GO|JATAI,glp,14,140.0,137.9,140.0,135.0,140.0
2022-08,MUN,GO|LUZIANIA,glp,11,105.99,104.99,115.0,104.99,115.0
2022-08,MUN,GO|MINEIROS,glp,5,120.0,120.0,123.0,120.0,125.0
2022-08,MUN,GO|MORRINHOS,glp,7,117.0,113.0,120.0,110.0,120.0
2022-08,MUN,GO|PORANGATU,glp,14,116.0,115.0,120.0,112.0,120.0
2022-08,MUN,GO|RIO VERDE,glp,18,130.0,125.0,140.0,115.0,140.0
2022-08,MUN,GO|TRINDADE,glp,47,110.0,100.0,113.5,100.0,120.0
2022-08,MUN,GO|VALPARAISO DE GOIAS,glp,12,106.25,99.991,110.0,99.99,125.0
2022-08,MUN,MA|ACAILANDIA,glp,9,114.495,113.0,125.0,113.0,125.0
2022-08,MUN,MA|BACABAL,glp,5,118.0,118.0,119.2,118.0,120.0
2022-08,MUN,MA|BALSAS,glp,5,130.0,127.0,130.0,125.0,130.0
2022-08,MUN,MA|BARRA DO CORDA,glp,5,120.0,117.0,120.0,115.0,120.0
2022-08,MUN,MA|CAXIAS,glp,4,120.0,113.0,120.0,110.0,120.0
2022-08,MUN,MA|CODO,glp,7,115.0,113.0,115.0,110.0,115.0
2022-08,MUN,MA|IMPERATRIZ,glp,27,105.0,105.0,105.0,99.99,110.0
2022-08,MUN,MA|PINHEIRO,glp,5,120.0,100.0,123.0,100.0,125.0
2022-08,MUN,MA|PRESIDENTE DUTRA,glp,4,120.0,116.5,120.0,115.0,120.0
2022-08,MUN,MA|SANTA INES,glp,3,128.0,126.4,128.0,126.0,128.0
2022-08,MUN,MA|SAO JOSE DE RIBAMAR,glp,11,114.99,114.99,115.0,114.99,115.0
2022-08,MUN,MA|SAO LUIS,glp,24,114.99,114.99,114.997,114.99,120.0
2022-08,MUN,MG|ALFENAS,glp,11,110.0,100.0,115.0,100.0,120.0
2022-08,MUN,MG|ARAGUARI,glp,8,106.75,103.5,113.0,100.0,120.0
2022-08,MUN,MG|ARAXA,glp,12,105.0,105.0,115.0,105.0,124.0
2022-08,MUN,MG|BARBACENA,glp,12,108.5,99.99,110.0,99.9,120.0
2022-08,MUN,MG|BELO HORIZONTE,glp,29,110.0,99.998,125.6,95.0,130.0
2022-08,MUN,MG|BETIM,glp,27,115.0,107.5,123.2,100.0,125.0
2022-08,MUN,MG|BOM DESPACHO,glp,6,109.5,92.5,115.0,90.0,115.0
2022-08,MUN,MG|CAMPO BELO,glp,7,120.0,120.0,120.0,120.0,120.0
2022-08,MUN,MG|CARATINGA,glp,5,125.0,114.0,127.94,110.0,129.9
2022-08,MUN,MG|CONGONHAS,glp,2,113.0,111.4,114.6,111.0,115.0
2022-08,MUN,MG|CONSELHEIRO LAFAIETE,glp,15,100.0,98.796,110.0,97.49,110.0
2022-08,MUN,MG|CONTAGEM,glp,52,115.0,105.0,124.99,100.0,127.0
2022-08,MUN,MG|CORONEL FABRICIANO,glp,7,110.0,109.2,113.2,108.0,115.0
2022-08,MUN,MG|CURVELO,glp,9,100.0,91.0,110.0,89.0,110.0
2022-08,MUN,MG|DIVINOPOLIS,glp,32,110.0,105.0,115.0,105.0,120.0
2022-08,MUN,MG|FORMIGA,glp,16,120.0,115.0,120.0,113.0,130.0
2022-08,MUN,MG|FRUTAL,glp,11,109.9,95.0,115.0,95.0,115.0
2022-08,MUN,MG|GOVERNADOR VALADARES,glp,12,125.0,115.0,129.75,110.0,135.0
2022-08,MUN,MG|GUAXUPE,glp,6,102.5,97.75,110.0,97.5,110.0
2022-08,MUN,MG|IPATINGA,glp,19,114.0,109.0,120.0,105.0,125.0
2022-08,MUN,MG|ITABIRA,glp,2,115.0,115.0,115.0,115.0,115.0
2022-08,MUN,MG|ITAJUBA,glp,11,110.0,105.0,115.0,105.0,125.0
2022-08,MUN,MG|ITAUNA,glp,14,115.0,105.0,116.4,102.0,118.0
2022-08,MUN,MG|ITUIUTABA,glp,18,105.5,100.0,110.0,99.99,110.0
2022-08,MUN,MG|JANAUBA,glp,2,136.0,135.2,136.8,135.0,137.0
2022-08,MUN,MG|JANUARIA,glp,10,125.0,119.8,129.2,118.0,140.0
2022-08,MUN,MG|JOAO MONLEVADE,glp,9,115.0,109.0,115.4,105.0,117.0
2022-08,MUN,MG|JOAO PINHEIRO,glp,10,126.5,124.21,130.0,118.0,130.0
2022-08,MUN,MG|JUIZ DE FORA,glp,25,107.0,96.99,113.0,93.99,115.0
2022-08,MUN,MG|LAVRAS,glp,11,110.0,105.0,110.0,105.0,115.0
2022-08,MUN,MG|LEOPOLDINA,glp,6,108.5,102.5,116.5,100.0,118.0
2022-08,MUN,MG|MANHUACU,glp,6,110.0,105.95,112.5,104.9,115.0
2022-08,MUN,MG|MONTE CARMELO,glp,20,111.25,110.0,115.0,110.0,120.0
2022-08,MUN,MG|MONTES CLAROS,glp,43,120.0,112.0,126.2,109.0,128.0
2022-08,MUN,MG|MURIAE,glp,6,110.0,110.0,112.5,110.0,115.0
2022-08,MUN,MG|NOVA LIMA,glp,12,120.0,110.6,125.0,110.0,125.0
2022-08,MUN,MG|OLIVEIRA,glp,4,110.0,108.6,110.0,108.0,110.0
2022-08,MUN,MG|OURO PRETO,glp,4,121.0,120.0,127.6,120.0,130.0
2022-08,MUN,MG|PARA DE MINAS,glp,3,117.5,115.5,119.5,115.0,120.0
2022-08,MUN,MG|PARACATU,glp,10,120.0,115.0,120.5,115.0,125.0
2022-08,MUN,MG|PASSOS,glp,29,115.0,110.0,120.0,100.0,120.0
2022-08,MUN,MG|PATOS DE MINAS,glp,22,120.0,115.0,125.0,110.0,130.0
2022-08,MUN,MG|PATROCINIO,glp,6,115.0,110.0,120.0,110.0,120.0
2022-08,MUN,MG|POCOS DE CALDAS,glp,12,119.998,115.0,120.0,114.99,120.0
2022-08,MUN,MG|POUSO ALEGRE,glp,4,106.5,98.0,109.4,95.0,110.0
2022-08,MUN,MG|SABARA,glp,13,118.5,106.0,125.0,103.0,125.0
2022-08,MUN,MG|SAO JOAO DEL REI,glp,13,110.0,100.0,113.0,99.99,115.0
2022-08,MUN,MG|SAO SEBASTIAO DO PARAISO,glp,20,100.0,94.651,115.0,90.0,116.0
2022-08,MUN,MG|SETE LAGOAS,glp,10,107.5,104.99,115.41,104.9,120.0
2022-08,MUN,MG|TEOFILO OTONI,glp,17,112.5,111.6,113.0,110.0,114.0
2022-08,MUN,MG|TIMOTEO,glp,6,110.75,110.0,115.0,110.0,115.0
2022-08,MUN,MG|TRES CORACOES,glp,10,100.0,99.791,105.0,98.0,105.0
2022-08,MUN,MG|UBA,glp,13,110.0,110.0,120.0,105.0,122.5
2022-08,MUN,MG|UBERABA,glp,26,110.0,102.5,120.0,98.99,125.0
2022-08,MUN,MG|UBERLANDIA,glp,30,110.0,105.0,120.0,100.0,120.99
2022-08,MUN,MG|UNAI,glp,11,130.0,130.0,135.0,125.0,135.0
2022-08,MUN,MG|VARGINHA,glp,18,106.0,101.7,111.5,95.0,115.0
2022-08,MUN,MG|VICOSA,glp,3,127.0,119.0,127.8,117.0,128.0
2022-08,MUN,MS|CAMPO GRANDE,glp,97,110.0,99.39,115.0,95.0,127.5
2022-08,MUN,MS|CORUMBA,glp,2,115.0,115.0,115.0,115.0,115.0
2022-08,MUN,MS|COXIM,glp,6,127.5,125.0,130.0,125.0,130.0
2022-08,MUN,MS|DOURADOS,glp,31,115.0,109.99,127.0,105.0,130.0
2022-08,MUN,MS|NOVA ANDRADINA,glp,13,115.0,110.0,117.4,110.0,120.0
2022-08,MUN,MS|PONTA PORA,glp,3,106.0,105.2,107.6,105.0,108.0
2022-08,MUN,MS|TRES LAGOAS,glp,24,112.5,110.0,115.0,110.0,125.0
2022-08,MUN,MT|ALTA FLORESTA,glp,9,150.0,148.2,150.0,145.0,150.0
2022-08,MUN,MT|CACERES,glp,23,120.0,99.992,125.0,99.99,130.0
2022-08,MUN,MT|CUIABA,glp,59,127.5,115.0,137.6,109.0,145.0
2022-08,MUN,MT|RONDONOPOLIS,glp,17,130.0,128.0,145.0,125.0,150.0
2022-08,MUN,MT|SINOP,glp,23,145.0,145.0,150.0,140.0,160.0
2022-08,MUN,MT|SORRISO,glp,20,144.5,132.25,150.0,130.0,150.0
2022-08,MUN,MT|VARZEA GRANDE,glp,11,135.0,119.99,135.0,110.99,137.5
2022-08,MUN,PA|ABAETETUBA,glp,7,106.0,106.0,110.0,106.0,113.0
2022-08,MUN,PA|ALENQUER,glp,4,115.0,111.5,118.5,110.0,120.0
2022-08,MUN,PA|ALTAMIRA,glp,11,135.0,130.0,135.0,130.0,150.0
2022-08,MUN,PA|ANANINDEUA,glp,26,112.5,107.0,120.0,105.0,123.0
2022-08,MUN,PA|BELEM,glp,46,115.0,110.0,119.0,105.0,140.0
2022-08,MUN,PA|BRAGANCA,glp,7,125.0,117.664,125.0,115.0,125.0
2022-08,MUN,PA|CAMETA,glp,7,120.0,120.0,120.8,120.0,122.0
2022-08,MUN,PA|CASTANHAL,glp,7,115.0,115.0,120.0,115.0,120.0
2022-08,MUN,PA|CONCEICAO DO ARAGUAIA,glp,7,130.0,130.0,130.0,130.0,130.0
2022-08,MUN,PA|ITAITUBA,glp,12,135.0,130.0,137.7,128.0,140.0
2022-08,MUN,PA|MARABA,glp,10,125.0,125.0,125.0,125.0,125.0
2022-08,MUN,PA|PARAGOMINAS,glp,5,140.0,140.0,140.0,140.0,140.0
2022-08,MUN,PA|PARAUAPEBAS,glp,5,140.0,130.2,140.0,127.0,140.0
2022-08,MUN,PA|REDENCAO,glp,4,150.0,147.879,150.0,146.97,150.0
2022-08,MUN,PA|SANTAREM,glp,53,110.0,105.0,115.0,99.99,121.0
2022-08,MUN,PA|XINGUARA,glp,7,130.0,128.0,135.0,125.0,135.0
2022-08,MUN,PB|BAYEUX,glp,5,110.0,110.0,110.0,110.0,110.0
2022-08,MUN,PB|CABEDELO,glp,6,117.0,112.5,120.0,110.0,120.0
2022-08,MUN,PB|CAMPINA GRANDE,glp,33,115.0,108.0,120.0,98.0,125.0
2022-08,MUN,PB|JOAO PESSOA,glp,23,110.0,100.0,115.0,94.99,120.0
2022-08,MUN,PB|PATOS,glp,4,116.5,110.1,119.4,108.0,120.0
2022-08,MUN,PB|SAPE,glp,1,115.0,115.0,115.0,115.0,115.0
2022-08,MUN,PB|SOUSA,glp,5,110.0,106.6,116.0,105.0,120.0
2022-08,MUN,PE|ARARIPINA,glp,3,115.0,115.0,115.0,115.0,115.0
2022-08,MUN,PE|ARCOVERDE,glp,6,95.0,93.995,97.5,92.99,100.0
2022-08,MUN,PE|BELO JARDIM,glp,7,105.0,99.2,107.6,98.0,110.0
2022-08,MUN,PE|CABO DE SANTO AGOSTINHO,glp,9,99.99,89.99,103.0,89.99,103.0
2022-08,MUN,PE|CARUARU,glp,8,100.0,94.4,108.0,93.0,115.0
2022-08,MUN,PE|GARANHUNS,glp,9,109.99,109.99,110.0,109.99,110.0
2022-08,MUN,PE|GOIANA,glp,4,105.0,103.6,105.0,103.0,105.0
2022-08,MUN,PE|IGARASSU,glp,20,100.0,100.0,110.0,99.99,110.0
2022-08,MUN,PE|JABOATAO DOS GUARARAPES,glp,32,95.5,94.991,100.0,89.99,102.5
2022-08,MUN,PE|LAJEDO,glp,5,95.0,95.0,95.0,95.0,95.0
2022-08,MUN,PE|OLINDA,glp,47,97.5,95.0,105.0,90.0,140.0
2022-08,MUN,PE|PAULISTA,glp,24,99.992,94.993,105.0,90.0,115.0
2022-08,MUN,PE|PETROLINA,glp,16,110.0,108.75,112.5,105.0,115.0
2022-08,MUN,PE|RECIFE,glp,74,100.0,95.0,105.0,91.0,115.0
2022-08,MUN,PE|SALGUEIRO,glp,5,112.0,112.0,112.0,112.0,112.0
2022-08,MUN,PE|SANTA CRUZ DO CAPIBARIBE,glp,7,110.0,108.0,115.0,105.0,115.0
2022-08,MUN,PE|SERRA TALHADA,glp,3,118.0,117.2,118.0,117.0,118.0
2022-08,MUN,PE|VITORIA DE SANTO ANTAO,glp,11,100.0,95.0,100.0,90.0,100.0
2022-08,MUN,PI|PARNAIBA,glp,3,119.0,119.0,119.8,119.0,120.0
2022-08,MUN,PI|PICOS,glp,3,120.0,108.0,124.0,105.0,125.0
2022-08,MUN,PI|PIRIPIRI,glp,5,125.0,115.994,126.8,109.99,128.0
2022-08,MUN,PI|TERESINA,glp,52,120.0,115.0,120.0,99.99,130.0
2022-08,MUN,PR|APUCARANA,glp,24,112.5,100.0,115.0,99.5,120.0
2022-08,MUN,PR|ARAPONGAS,glp,21,110.0,108.0,110.0,104.9,115.0
2022-08,MUN,PR|ARAUCARIA,glp,18,110.0,105.0,115.0,99.9,120.0
2022-08,MUN,PR|ASSIS CHATEAUBRIAND,glp,9,137.5,135.0,140.0,135.0,140.0
2022-08,MUN,PR|CAMBE,glp,16,116.45,110.0,125.0,110.0,125.0
2022-08,MUN,PR|CAMPO LARGO,glp,17,105.0,100.56,110.0,99.9,110.0
2022-08,MUN,PR|CAMPO MOURAO,glp,14,125.0,120.0,125.0,120.0,130.0
2022-08,MUN,PR|CASCAVEL,glp,25,117.5,115.0,120.0,110.0,125.0
2022-08,MUN,PR|CASTRO,glp,7,107.99,106.2,116.2,105.0,118.0
2022-08,MUN,PR|CIANORTE,glp,16,129.9,121.25,130.0,120.0,130.0
2022-08,MUN,PR|COLOMBO,glp,21,106.0,99.9,110.0,98.0,115.0
2022-08,MUN,PR|CORNELIO PROCOPIO,glp,3,125.0,125.0,125.0,125.0,125.0
2022-08,MUN,PR|CURITIBA,glp,35,107.5,103.99,110.0,98.0,115.0
2022-08,MUN,PR|FOZ DO IGUACU,glp,21,100.0,94.99,115.0,94.99,120.0
2022-08,MUN,PR|FRANCISCO BELTRAO,glp,3,118.5,116.5,120.1,116.0,120.5
2022-08,MUN,PR|GUARAPUAVA,glp,10,120.0,117.99,120.3,117.9,123.0
2022-08,MUN,PR|JACAREZINHO,glp,1,113.0,113.0,113.0,113.0,113.0
2022-08,MUN,PR|LONDRINA,glp,65,110.0,100.0,119.0,100.0,125.0
2022-08,MUN,PR|MARECHAL CANDIDO RONDON,glp,8,114.995,104.97,115.0,104.9,115.0
2022-08,MUN,PR|MARINGA,glp,50,125.0,115.0,130.0,110.0,139.0
2022-08,MUN,PR|PARANAGUA,glp,13,105.0,99.2,110.0,98.0,113.0
2022-08,MUN,PR|PARANAVAI,glp,21,120.0,110.0,120.0,94.9,125.0
2022-08,MUN,PR|PATO BRANCO,glp,6,126.5,121.5,130.0,120.0,130.0
2022-08,MUN,PR|PINHAIS,glp,18,106.0,104.97,115.0,102.0,118.0
2022-08,MUN,PR|PONTA GROSSA,glp,22,110.0,107.05,115.0,99.9,116.0
2022-08,MUN,PR|SANTO ANTONIO DA PLATINA,glp,8,116.99,113.8,118.5,111.0,122.0
2022-08,MUN,PR|SAO JOSE DOS PINHAIS,glp,13,110.0,104.12,110.0,99.9,113.0
2022-08,MUN,PR|TOLEDO,glp,17,115.0,104.96,117.5,104.0,125.0
2022-08,MUN,PR|UMUARAMA,glp,12,120.0,115.25,124.5,115.0,125.0
2022-08,MUN,PR|UNIAO DA VITORIA,glp,6,120.0,115.0,123.5,115.0,127.0
2022-08,MUN,RJ|ANGRA DOS REIS,glp,8,120.0,119.9,120.0,119.9,120.0
2022-08,MUN,RJ|ARARUAMA,glp,9,93.99,89.8,97.59,89.0,99.99
2022-08,MUN,RJ|BARRA DO PIRAI,glp,5,109.9,109.36,114.3,109.0,115.9
2022-08,MUN,RJ|BARRA MANSA,glp,8,104.0,99.9,115.0,99.9,115.0
2022-08,MUN,RJ|BELFORD ROXO,glp,12,95.0,89.991,97.99,85.0,99.99
2022-08,MUN,RJ|CABO FRIO,glp,5,97.99,97.99,99.097,97.99,99.495
2022-08,MUN,RJ|CAMPOS DOS GOYTACAZES,glp,19,100.0,89.972,105.0,89.0,110.0
2022-08,MUN,RJ|DUQUE DE CAXIAS,glp,27,94.99,90.0,99.99,89.99,105.0
2022-08,MUN,RJ|ITABORAI,glp,7,92.99,92.594,94.99,92.0,94.99
2022-08,MUN,RJ|ITAGUAI,glp,3,115.9,108.78,115.9,107.0,115.9
2022-08,MUN,RJ|ITAPERUNA,glp,4,102.5,100.0,105.0,100.0,105.0
2022-08,MUN,RJ|MACAE,glp,6,120.0,120.0,123.5,120.0,125.0
2022-08,MUN,RJ|MAGE,glp,4,93.995,92.293,97.79,91.99,98.99
2022-08,MUN,RJ|MARICA,glp,6,97.995,90.0,102.5,90.0,105.0
2022-08,MUN,RJ|NILOPOLIS,glp,12,104.995,100.0,105.0,99.99,105.0
2022-08,MUN,RJ|NITEROI,glp,9,91.0,89.59,100.992,87.99,105.0
2022-08,MUN,RJ|NOVA FRIBURGO,glp,9,118.0,117.6,118.56,116.0,120.0
2022-08,MUN,RJ|NOVA IGUACU,glp,15,105.0,99.99,110.0,95.0,110.0
2022-08,MUN,RJ|PETROPOLIS,glp,13,98.99,95.0,105.0,84.99,105.0
2022-08,MUN,RJ|RESENDE,glp,6,110.0,109.995,110.0,109.99,110.0
2022-08,MUN,RJ|RIO BONITO,glp,5,90.0,89.994,94.99,89.99,94.99
2022-08,MUN,RJ|RIO DE JANEIRO,glp,59,99.99,92.792,105.1,85.0,107.99
2022-08,MUN,RJ|SANTO ANTONIO DE PADUA,glp,3,90.0,90.0,98.0,90.0,100.0
2022-08,MUN,RJ|SAO FRANCISCO DE ITABAPOANA,glp,2,104.0,99.2,108.8,98.0,110.0
2022-08,MUN,RJ|SAO GONCALO,glp,17,97.975,94.59,105.0,93.99,105.0
2022-08,MUN,RJ|SAO JOAO DE MERITI,glp,17,99.9,91.19,105.0,89.99,105.0
2022-08,MUN,RJ|SAPUCAIA,glp,2,110.0,110.0,110.0,110.0,110.0
2022-08,MUN,RJ|SAQUAREMA,glp,9,91.99,89.59,98.392,87.99,100.0
2022-08,MUN,RJ|TERESOPOLIS,glp,6,109.0,106.5,113.25,105.0,114.0
2022-08,MUN,RJ|TRES RIOS,glp,3,109.99,109.99,109.998,109.99,110.0
2022-08,MUN,RJ|VALENCA,glp,8,99.5,94.1,101.5,92.0,105.0
2022-08,MUN,RJ|VOLTA REDONDA,glp,9,106.9,105.0,107.5,105.0,109.9
2022-08,MUN,RN|CAICO,glp,5,120.0,120.0,123.0,120.0,125.0
2022-08,MUN,RN|MOSSORO,glp,9,115.0,110.0,119.4,110.0,125.0
2022-08,MUN,RN|NATAL,glp,25,120.0,105.8,125.54,100.0,139.0
2022-08,MUN,RN|PARNAMIRIM,glp,21,115.0,110.0,122.0,104.99,125.0
2022-08,MUN,RO|ARIQUEMES,glp,4,144.0,136.7,145.7,134.0,146.0
2022-08,MUN,RO|CACOAL,glp,6,138.0,137.0,141.0,137.0,143.0
2022-08,MUN,RO|JI-PARANA,glp,14,134.0,130.9,136.0,126.99,145.0
2022-08,MUN,RO|PIMENTA BUENO,glp,4,142.0,142.0,142.0,142.0,142.0
2022-08,MUN,RO|PORTO VELHO,glp,37,125.0,115.0,135.0,113.0,140.0
2022-08,MUN,RO|VILHENA,glp,10,145.0,141.6,145.3,138.0,148.0
2022-08,MUN,RR|BOA VISTA,glp,85,123.0,117.994,127.6,99.0,140.0
2022-08,MUN,RS|ALEGRETE,glp,8,111.5,106.27,115.9,99.9,118.0
2022-08,MUN,RS|ALVORADA,glp,8,99.5,94.997,105.9,94.99,108.0
2022-08,MUN,RS|BAGE,glp,25,120.0,115.0,120.0,115.0,125.0
2022-08,MUN,RS|BENTO GONCALVES,glp,3,128.0,123.2,128.0,122.0,128.0
2022-08,MUN,RS|CACHOEIRA DO SUL,glp,9,110.0,103.6,112.0,98.0,112.0
2022-08,MUN,RS|CACHOEIRINHA,glp,6,107.5,104.0,120.95,103.0,129.9
2022-08,MUN,RS|CANOAS,glp,17,105.0,101.2,110.4,98.0,112.0
2022-08,MUN,RS|CAXIAS DO SUL,glp,56,110.9,100.0,120.0,99.99,129.9
2022-08,MUN,RS|CRUZ ALTA,glp,3,98.95,98.19,99.71,98.0,99.9
2022-08,MUN,RS|ERECHIM,glp,18,125.0,122.4,130.0,120.0,132.5
2022-08,MUN,RS|ESTEIO,glp,11,108.0,102.0,113.0,102.0,113.0
2022-08,MUN,RS|GRAMADO,glp,5,115.0,109.6,119.2,108.0,122.0
2022-08,MUN,RS|GRAVATAI,glp,9,105.0,101.6,109.0,100.0,109.0
2022-08,MUN,RS|GUAIBA,glp,5,110.0,109.4,119.0,109.0,125.0
2022-08,MUN,RS|IJUI,glp,12,125.0,115.5,129.5,109.99,130.0
2022-08,MUN,RS|LAJEADO,glp,7,105.0,103.0,113.2,103.0,115.0
2022-08,MUN,RS|NOVO HAMBURGO,glp,12,103.0,100.0,107.25,96.0,109.0
2022-08,MUN,RS|OSORIO,glp,5,102.0,98.19,114.4,96.99,118.0
2022-08,MUN,RS|PASSO FUNDO,glp,32,115.0,110.0,115.0,110.0,116.5
2022-08,MUN,RS|PELOTAS,glp,44,108.0,107.15,112.7,103.0,120.0
2022-08,MUN,RS|PORTO ALEGRE,glp,25,113.0,108.396,120.0,105.0,130.0
2022-08,MUN,RS|RIO GRANDE,glp,11,131.0,130.0,132.0,128.0,133.0
2022-08,MUN,RS|SANTA CRUZ DO SUL,glp,18,108.0,106.4,110.0,105.0,110.0
2022-08,MUN,RS|SANTA MARIA,glp,41,112.5,108.0,115.0,107.0,120.0
2022-08,MUN,RS|SANTA ROSA,glp,11,110.0,110.0,115.0,108.0,120.0
2022-08,MUN,RS|SANTANA DO LIVRAMENTO,glp,15,115.0,110.0,120.0,100.0,120.0
2022-08,MUN,RS|SANTO ANGELO,glp,4,127.0,122.9,129.0,122.0,129.0
2022-08,MUN,RS|SAO GABRIEL,glp,11,110.0,110.0,115.0,110.0,137.0
2022-08,MUN,RS|SAO LEOPOLDO,glp,8,100.5,97.693,108.75,97.0,110.5
2022-08,MUN,RS|SAO LUIZ GONZAGA,glp,5,115.0,112.0,120.0,110.0,120.0
2022-08,MUN,RS|SAPIRANGA,glp,6,109.0,107.5,115.0,107.0,115.0
2022-08,MUN,RS|SAPUCAIA DO SUL,glp,20,105.0,100.0,109.55,100.0,115.0
2022-08,MUN,RS|TORRES,glp,4,109.945,105.597,117.856,105.0,119.98
2022-08,MUN,RS|URUGUAIANA,glp,10,120.0,114.3,125.0,108.0,125.0
2022-08,MUN,RS|VACARIA,glp,8,119.0,109.7,120.75,109.0,122.5
2022-08,MUN,RS|VIAMAO,glp,14,110.0,105.6,115.0,105.0,119.0
2022-08,MUN,SC|ARARANGUA,glp,4,113.5,110.6,116.4,110.0,117.0
2022-08,MUN,SC|BALNEARIO CAMBORIU,glp,5,130.0,126.2,130.0,125.0,130.0
2022-08,MUN,SC|BIGUACU,glp,2,125.0,125.0,125.0,125.0,125.0
2022-08,MUN,SC|BLUMENAU,glp,17,125.0,114.996,133.5,105.0,135.0
2022-08,MUN,SC|BRUSQUE,glp,6,121.5,120.0,126.5,120.0,128.0
2022-08,MUN,SC|CACADOR,glp,7,125.0,106.0,142.0,100.0,160.0
2022-08,MUN,SC|CHAPECO,glp,7,128.0,113.4,139.0,93.0,145.0
2022-08,MUN,SC|CONCORDIA,glp,4,110.0,110.0,113.5,110.0,115.0
2022-08,MUN,SC|CRICIUMA,glp,12,117.75,117.0,120.35,115.0,121.0
2022-08,MUN,SC|FLORIANOPOLIS,glp,2,119.495,119.099,119.891,119.0,119.99
2022-08,MUN,SC|ITAJAI,glp,7,129.5,110.0,130.888,110.0,132.22
2022-08,MUN,SC|JARAGUA DO SUL,glp,9,111.9,111.52,119.18,110.0,119.9
2022-08,MUN,SC|JOINVILLE,glp,16,118.0,115.0,119.5,113.99,125.0
2022-08,MUN,SC|LAGES,glp,21,120.0,115.0,125.0,110.0,125.0
2022-08,MUN,SC|LAGUNA,glp,9,101.99,100.8,102.6,100.0,105.0
2022-08,MUN,SC|MAFRA,glp,8,120.0,119.25,123.0,117.5,123.0
2022-08,MUN,SC|PALHOCA,glp,2,123.0,123.0,123.0,123.0,123.0
2022-08,MUN,SC|SAO JOSE,glp,3,128.0,125.6,128.0,125.0,128.0
2022-08,MUN,SC|TUBARAO,glp,9,115.0,115.0,115.0,115.0,115.0
2022-08,MUN,SC|VIDEIRA,glp,6,119.0,117.0,127.5,116.0,135.0
2022-08,MUN,SC|XANXERE,glp,4,110.0,106.5,117.0,105.0,120.0
2022-08,MUN,SE|ARACAJU,glp,16,103.5,99.945,104.95,97.99,115.0
2022-08,MUN,SE|ITABAIANA,glp,5,105.0,102.0,109.2,100.0,110.0
2022-08,MUN,SE|LAGARTO,glp,6,113.5,110.0,117.495,110.0,119.99
2022-08,MUN,SE|NOSSA SENHORA DO SOCORRO,glp,7,100.0,99.99,104.94,99.99,105.0
2022-08,MUN,SP|ADAMANTINA,glp,7,110.0,110.0,119.94,110.0,120.0
2022-08,MUN,SP|AMERICANA,glp,22,110.0,104.991,120.0,104.99,120.0
2022-08,MUN,SP|AMPARO,glp,11,112.0,108.0,120.0,108.0,120.0
2022-08,MUN,SP|ARACATUBA,glp,34,100.0,89.99,115.0,89.0,115.0
2022-08,MUN,SP|ARARAQUARA,glp,14,120.0,111.5,125.0,110.0,125.0
2022-08,MUN,SP|ARARAS,glp,7,105.0,104.596,109.936,103.99,109.99
2022-08,MUN,SP|ASSIS,glp,7,115.0,110.0,120.0,110.0,120.0
2022-08,MUN,SP|ATIBAIA,glp,19,115.0,107.8,120.0,99.945,120.0
2022-08,MUN,SP|AVARE,glp,10,99.99,99.891,100.0,99.0,100.0
2022-08,MUN,SP|BARRETOS,glp,5,115.0,110.0,118.4,110.0,120.0
2022-08,MUN,SP|BARUERI,glp,32,109.99,100.199,120.0,99.99,124.99
2022-08,MUN,SP|BAURU,glp,16,105.0,99.495,115.0,97.99,118.0
2022-08,MUN,SP|BEBEDOURO,glp,14,115.0,110.6,120.0,105.0,125.0
2022-08,MUN,SP|BIRIGUI,glp,27,115.0,109.6,115.0,103.0,115.0
2022-08,MUN,SP|BOTUCATU,glp,16,105.0,99.0,107.5,97.995,115.0
2022-08,MUN,SP|BRAGANCA PAULISTA,glp,10,114.902,113.305,115.5,112.0,120.0
2022-08,MUN,SP|CACAPAVA,glp,5,95.0,86.99,102.996,84.99,105.0
2022-08,MUN,SP|CAMPINAS,glp,27,110.0,109.993,113.2,109.99,120.0
2022-08,MUN,SP|CARAGUATATUBA,glp,6,105.495,102.495,114.0,99.99,120.0
2022-08,MUN,SP|CARAPICUIBA,glp,11,108.0,104.99,109.99,104.99,109.99
2022-08,MUN,SP|CATANDUVA,glp,10,108.0,99.9,119.91,99.9,120.0
2022-08,MUN,SP|COSMOPOLIS,glp,6,94.99,94.99,97.49,94.99,99.99
2022-08,MUN,SP|COTIA,glp,8,115.0,114.99,131.406,114.99,137.02
2022-08,MUN,SP|CRUZEIRO,glp,8,98.495,89.997,104.5,89.99,115.0
2022-08,MUN,SP|CUBATAO,glp,5,115.0,110.0,126.0,108.0,130.0
2022-08,MUN,SP|DIADEMA,glp,31,115.0,110.0,135.0,106.5,135.0
2022-08,MUN,SP|DRACENA,glp,3,113.5,110.7,116.3,110.0,117.0
2022-08,MUN,SP|EMBU DAS ARTES,glp,6,110.0,107.49,127.75,104.99,135.6
2022-08,MUN,SP|FRANCA,glp,40,104.995,99.981,115.194,95.0,120.0
2022-08,MUN,SP|GARCA,glp,5,109.0,105.4,115.94,103.0,119.9
2022-08,MUN,SP|GUARATINGUETA,glp,13,105.0,99.99,108.8,99.9,113.0
2022-08,MUN,SP|GUARUJA,glp,7,110.0,109.19,115.39,107.99,115.99
2022-08,MUN,SP|GUARULHOS,glp,20,104.99,90.0,109.99,89.99,115.0
2022-08,MUN,SP|HORTOLANDIA,glp,17,100.0,94.99,110.0,94.99,115.0
2022-08,MUN,SP|IBITINGA,glp,5,120.0,107.8,123.0,103.0,125.0
2022-08,MUN,SP|INDAIATUBA,glp,19,110.0,107.4,113.0,102.0,113.0
2022-08,MUN,SP|ITANHAEM,glp,4,116.5,115.0,119.4,115.0,120.0
2022-08,MUN,SP|ITAPECERICA DA SERRA,glp,7,99.99,97.99,109.99,94.99,109.99
2022-08,MUN,SP|ITAPETININGA,glp,11,115.0,113.99,118.0,110.0,120.0
2022-08,MUN,SP|ITAPEVA,glp,4,127.25,127.0,128.2,127.0,128.5
2022-08,MUN,SP|ITAPIRA,glp,6,101.0,99.99,103.0,99.99,103.0
2022-08,MUN,SP|ITAPOLIS,glp,9,120.0,115.6,121.0,110.0,125.0
2022-08,MUN,SP|ITAQUAQUECETUBA,glp,15,99.99,96.99,104.99,89.99,105.0
2022-08,MUN,SP|ITATIBA,glp,6,119.9,117.45,119.9,115.0,119.9
2022-08,MUN,SP|ITU,glp,20,110.0,99.999,115.0,99.495,117.5
2022-08,MUN,SP|JABOTICABAL,glp,6,107.495,101.945,110.0,99.99,110.0
2022-08,MUN,SP|JACAREI,glp,9,105.0,98.598,114.9,92.99,114.9
2022-08,MUN,SP|JALES,glp,12,105.0,104.909,105.0,96.0,109.0
2022-08,MUN,SP|JAU,glp,10,117.0,116.8,118.2,115.0,120.0
2022-08,MUN,SP|JOSE BONIFACIO,glp,8,110.0,104.7,115.75,104.0,117.5
2022-08,MUN,SP|JUNDIAI,glp,13,111.9,107.099,114.0,107.0,114.0
2022-08,MUN,SP|LEME,glp,10,110.0,105.0,113.1,105.0,123.0
2022-08,MUN,SP|LIMEIRA,glp,18,106.25,102.447,118.3,99.99,120.0
2022-08,MUN,SP|LINS,glp,9,104.99,98.992,117.0,95.0,125.0
2022-08,MUN,SP|LORENA,glp,13,95.0,89.992,109.32,85.0,115.0
2022-08,MUN,SP|MARILIA,glp,19,118.0,116.6,122.0,115.0,123.0
2022-08,MUN,SP|MATAO,glp,7,107.0,106.2,121.0,105.0,130.0
2022-08,MUN,SP|MAUA,glp,46,99.99,89.99,115.0,81.99,121.0
2022-08,MUN,SP|MIRASSOL,glp,15,108.0,100.0,118.0,99.99,120.0
2022-08,MUN,SP|MOCOCA,glp,5,120.0,117.0,123.0,115.0,125.0
2022-08,MUN,SP|MOGI DAS CRUZES,glp,26,104.995,99.99,111.45,98.0,115.0
2022-08,MUN,SP|MOGI GUACU,glp,17,110.0,106.5,110.0,105.0,113.0
2022-08,MUN,SP|MOGI MIRIM,glp,13,109.99,99.5,110.0,99.5,110.0
2022-08,MUN,SP|MONTE ALTO,glp,8,115.0,108.5,125.0,105.0,125.0
2022-08,MUN,SP|OLIMPIA,glp,8,95.5,95.0,98.6,95.0,100.0
2022-08,MUN,SP|OSASCO,glp,20,109.995,104.9,110.0,100.0,124.99
2022-08,MUN,SP|OURINHOS,glp,16,114.95,110.0,115.0,108.0,118.0
2022-08,MUN,SP|PARAGUACU PAULISTA,glp,11,115.0,110.0,120.0,110.0,120.0
2022-08,MUN,SP|PAULINIA,glp,14,105.0,104.993,109.25,104.99,110.0
2022-08,MUN,SP|PINDAMONHANGABA,glp,6,106.5,105.0,111.5,105.0,113.0
2022-08,MUN,SP|PIRACICABA,glp,16,104.995,99.99,112.5,99.99,120.0
2022-08,MUN,SP|PIRASSUNUNGA,glp,2,101.495,98.691,104.299,97.99,105.0
2022-08,MUN,SP|POA,glp,8,101.495,99.99,110.0,99.99,110.0
2022-08,MUN,SP|PORTO FERREIRA,glp,2,110.95,103.79,118.11,102.0,119.9
2022-08,MUN,SP|PRAIA GRANDE,glp,8,108.0,107.693,108.65,107.0,109.0
2022-08,MUN,SP|PRESIDENTE PRUDENTE,glp,22,105.0,97.99,110.0,97.0,116.0
2022-08,MUN,SP|PRESIDENTE VENCESLAU,glp,5,110.0,110.0,120.94,110.0,124.9
2022-08,MUN,SP|RIBEIRAO PIRES,glp,18,103.495,99.9,115.0,98.0,115.0
2022-08,MUN,SP|RIBEIRAO PRETO,glp,26,112.5,107.25,116.998,106.0,124.99
2022-08,MUN,SP|RIO CLARO,glp,6,110.0,110.0,110.0,110.0,110.0
2022-08,MUN,SP|SALTO,glp,19,105.0,99.99,110.0,99.945,112.0
2022-08,MUN,SP|SANTA BARBARA D'OESTE,glp,15,104.995,99.99,105.0,99.99,107.5
2022-08,MUN,SP|SANTA CRUZ DO RIO PARDO,glp,12,114.5,110.0,115.0,110.0,117.0
2022-08,MUN,SP|SANTO ANDRE,glp,43,108.0,100.0,117.0,99.99,120.0
2022-08,MUN,SP|SANTOS,glp,20,119.95,106.0,139.0,105.0,139.0
2022-08,MUN,SP|SAO BERNARDO DO CAMPO,glp,47,114.99,105.0,129.0,99.99,144.99
2022-08,MUN,SP|SAO CAETANO DO SUL,glp,6,115.0,110.0,122.5,110.0,125.0
2022-08,MUN,SP|SAO CARLOS,glp,13,113.0,109.92,120.0,109.9,130.0
2022-08,MUN,SP|SAO JOAO DA BOA VISTA,glp,12,105.0,105.0,107.25,100.0,110.0
2022-08,MUN,SP|SAO JOSE DO RIO PRETO,glp,46,115.0,99.995,127.5,93.99,135.0
2022-08,MUN,SP|SAO JOSE DOS CAMPOS,glp,18,107.495,94.997,115.0,84.99,116.99
2022-08,MUN,SP|SAO PAULO,glp,99,105.0,99.99,117.198,93.99,131.0
2022-08,MUN,SP|SAO ROQUE,glp,6,108.0,94.99,115.0,94.99,115.0
2022-08,MUN,SP|SAO VICENTE,glp,14,106.0,104.9,114.4,104.9,115.99
2022-08,MUN,SP|SERTAOZINHO,glp,10,108.5,104.0,119.9,104.0,119.9
2022-08,MUN,SP|SOROCABA,glp,42,110.0,103.55,118.0,99.99,120.0
2022-08,MUN,SP|SUMARE,glp,19,98.99,94.994,110.0,94.99,110.0
2022-08,MUN,SP|SUZANO,glp,19,105.99,99.99,112.18,99.99,114.99
2022-08,MUN,SP|TABOAO DA SERRA,glp,6,109.945,104.995,112.495,104.99,114.99
2022-08,MUN,SP|TATUI,glp,12,111.25,110.0,115.0,104.99,120.0
2022-08,MUN,SP|TAUBATE,glp,10,100.5,94.49,104.3,89.99,107.0
2022-08,MUN,SP|TUPA,glp,10,109.0,105.0,120.5,105.0,125.0
2022-08,MUN,SP|UBATUBA,glp,11,107.5,100.0,115.0,95.0,121.0
2022-08,MUN,SP|VALINHOS,glp,13,99.9,95.99,105.9,95.99,105.9
2022-08,MUN,SP|VARZEA PAULISTA,glp,6,100.0,100.0,108.5,100.0,117.0
2022-08,MUN,SP|VINHEDO,glp,6,112.998,112.99,113.0,112.99,113.0
2022-08,MUN,SP|VOTORANTIM,glp,19,110.0,104.99,113.4,104.0,119.0
2022-08,MUN,SP|VOTUPORANGA,glp,9,109.0,102.0,110.0,102.0,110.0
2022-08,MUN,TO|ARAGUAINA,glp,15,125.0,120.0,125.0,120.0,125.0
2022-08,MUN,TO|GURUPI,glp,37,125.0,121.2,125.0,109.99,125.0
2022-08,MUN,TO|PALMAS,glp,34,120.0,120.0,127.1,100.0,128.0
2022-08,MUN,TO|PARAISO DO TOCANTINS,glp,8,122.5,118.5,126.5,115.0,130.0
2022-08,MUN,TO|PORTO NACIONAL,glp,14,120.0,120.0,125.0,120.0,125.0
2022-08,UF,AC,glp,48,128.0,120.0,135.0,120.0,145.0
2022-08,UF,AL,glp,29,109.99,100.0,115.0,94.0,115.0
2022-08,UF,AM,glp,92,118.0,109.0,131.8,106.0,140.0
2022-08,UF,AP,glp,26,123.0,116.0,126.25,115.0,128.0
2022-08,UF,BA,glp,406,111.495,103.0,121.0,89.99,145.0
2022-08,UF,CE,glp,146,115.0,109.0,121.0,95.0,128.0
2022-08,UF,DF,glp,55,104.99,97.394,110.0,94.99,124.99
2022-08,UF,ES,glp,152,109.495,95.0,115.0,84.99,125.0
2022-08,UF,GO,glp,286,115.0,102.0,130.0,94.99,140.0
2022-08,UF,MA,glp,109,114.99,105.0,121.0,99.99,130.0
2022-08,UF,MG,glp,787,112.0,100.0,125.0,89.0,140.0
2022-08,UF,MS,glp,176,110.0,100.0,122.0,95.0,130.0
2022-08,UF,MT,glp,162,135.0,115.0,150.0,99.99,160.0
2022-08,UF,PA,glp,218,115.0,107.5,135.0,99.99,150.0
2022-08,UF,PB,glp,77,112.5,104.996,120.0,94.99,125.0
2022-08,UF,PE,glp,290,100.0,95.0,110.0,89.99,140.0
2022-08,UF,PI,glp,63,120.0,115.0,124.0,99.99,130.0
2022-08,UF,PR,glp,520,112.5,102.45,125.0,94.9,140.0
2022-08,UF,RJ,glp,327,99.99,90.0,110.0,84.99,125.0
2022-08,UF,RN,glp,60,115.0,110.0,125.0,100.0,139.0
2022-08,UF,RO,glp,75,134.0,118.8,145.0,113.0,148.0
2022-08,UF,RR,glp,85,123.0,117.994,127.6,99.0,140.0
2022-08,UF,RS,glp,506,110.0,103.0,122.25,94.99,137.0
2022-08,UF,SC,glp,160,119.0,110.0,130.0,93.0,160.0
2022-08,UF,SE,glp,34,104.9,99.99,113.7,97.99,119.99
2022-08,UF,SP,glp,1599,109.99,99.99,120.0,81.99,144.99
2022-08,UF,TO,glp,108,125.0,120.0,125.0,100.0,130.0
2022-09,BR,BR,glp,5448,112.5,100.0,125.0,84.99,160.0
2022-09,MUN,AC|CRUZEIRO DO SUL,glp,5,130.0,124.0,130.0,120.0,130.0
2022-09,MUN,AC|RIO BRANCO,glp,29,128.0,120.0,135.0,120.0,143.0
2022-09,MUN,AL|ARAPIRACA,glp,10,109.995,101.75,110.0,100.0,110.0
2022-09,MUN,AL|DELMIRO GOUVEIA,glp,2,107.5,105.5,109.5,105.0,110.0
2022-09,MUN,AL|MACEIO,glp,18,105.0,98.8,115.0,95.0,118.0
2022-09,MUN,AL|PALMEIRA DOS INDIOS,glp,4,115.0,111.5,115.0,110.0,115.0
2022-09,MUN,AL|RIO LARGO,glp,3,115.0,115.0,115.0,115.0,115.0
2022-09,MUN,AM|ITACOATIARA,glp,10,126.5,119.8,135.0,117.995,135.0
2022-09,MUN,AM|MANACAPURU,glp,5,124.0,124.0,128.8,124.0,130.0
2022-09,MUN,AM|MANAUS,glp,90,115.0,108.95,120.0,103.0,125.0
2022-09,MUN,AM|PARINTINS,glp,2,137.5,135.5,139.5,135.0,140.0
2022-09,MUN,AM|TEFE,glp,2,134.0,130.8,137.2,130.0,138.0
2022-09,MUN,AP|MACAPA,glp,26,123.5,118.0,128.0,113.0,130.0
2022-09,MUN,AP|SANTANA,glp,7,120.0,117.2,123.8,116.0,125.0
2022-09,MUN,BA|ALAGOINHAS,glp,6,110.0,106.995,112.0,105.99,114.0
2022-09,MUN,BA|BARREIRAS,glp,4,140.0,136.5,143.5,135.0,145.0
2022-09,MUN,BA|BRUMADO,glp,4,110.0,105.628,114.4,105.04,115.0
2022-09,MUN,BA|CAETITE,glp,6,110.0,106.75,113.75,105.0,115.0
2022-09,MUN,BA|CAMACARI,glp,16,115.0,110.0,115.0,110.0,119.0
2022-09,MUN,BA|EUNAPOLIS,glp,12,115.0,109.991,119.5,109.99,120.0
2022-09,MUN,BA|FEIRA DE SANTANA,glp,8,105.0,102.8,114.993,100.0,115.0
2022-09,MUN,BA|GUANAMBI,glp,15,110.0,110.0,111.5,110.0,115.0
2022-09,MUN,BA|ILHEUS,glp,6,127.0,125.5,131.0,125.0,135.0
2022-09,MUN,BA|IPIRA,glp,2,118.25,115.65,120.85,115.0,121.5
2022-09,MUN,BA|IRECE,glp,3,110.0,110.0,110.0,110.0,110.0
2022-09,MUN,BA|ITABUNA,glp,8,120.0,110.2,122.2,99.0,125.0
2022-09,MUN,BA|ITAMARAJU,glp,4,102.5,100.0,108.5,100.0,110.0
2022-09,MUN,BA|JACOBINA,glp,6,130.0,130.0,130.0,130.0,130.0
2022-09,MUN,BA|JAGUAQUARA,glp,3,115.0,115.0,115.0,115.0,115.0
2022-09,MUN,BA|JEQUIE,glp,6,100.0,99.0,101.5,98.0,103.0
2022-09,MUN,BA|JUAZEIRO,glp,7,117.5,114.4,122.0,113.5,125.0
2022-09,MUN,BA|LAURO DE FREITAS,glp,21,115.0,104.0,120.0,100.0,125.0
2022-09,MUN,BA|LIVRAMENTO DE NOSSA SENHORA,glp,3,110.0,110.0,110.0,110.0,110.0
2022-09,MUN,BA|PAULO AFONSO,glp,1,117.0,117.0,117.0,117.0,117.0
2022-09,MUN,BA|POCOES,glp,4,110.0,110.0,113.5,110.0,115.0
2022-09,MUN,BA|PORTO SEGURO,glp,9,108.0,104.4,110.0,102.0,110.0
2022-09,MUN,BA|SALVADOR,glp,80,110.0,101.8,119.09,89.99,120.0
2022-09,MUN,BA|SANTO ANTONIO DE JESUS,glp,7,115.0,108.6,115.0,108.0,115.0
2022-09,MUN,BA|SENHOR DO BONFIM,glp,1,115.0,115.0,115.0,115.0,115.0
2022-09,MUN,BA|SERRINHA,glp,3,130.0,130.0,130.0,130.0,130.0
2022-09,MUN,BA|SIMOES FILHO,glp,10,109.995,103.0,116.499,103.0,129.99
2022-09,MUN,BA|TEIXEIRA DE FREITAS,glp,7,102.5,100.9,111.8,100.0,117.5
2022-09,MUN,BA|VALENCA,glp,6,116.25,110.0,120.0,105.0,120.0
2022-09,MUN,BA|VITORIA DA CONQUISTA,glp,4,115.0,111.5,115.0,110.0,115.0
2022-09,MUN,CE|AQUIRAZ,glp,1,112.5,112.5,112.5,112.5,112.5
2022-09,MUN,CE|CANINDE,glp,3,112.0,108.8,116.0,108.0,117.0
2022-09,MUN,CE|CAUCAIA,glp,16,112.5,99.995,120.0,95.0,123.0
2022-09,MUN,CE|CRATEUS,glp,5,113.0,110.0,117.2,108.0,120.0
2022-09,MUN,CE|CRATO,glp,14,113.245,112.0,116.2,110.0,120.0
2022-09,MUN,CE|FORTALEZA,glp,69,117.0,110.0,125.0,100.0,128.0
2022-09,MUN,CE|ICO,glp,3,125.0,117.0,125.0,115.0,125.0
2022-09,MUN,CE|IGUATU,glp,3,119.0,117.8,119.8,117.5,120.0
2022-09,MUN,CE|ITAPIPOCA,glp,5,114.0,108.0,115.0,108.0,115.0
2022-09,MUN,CE|JUAZEIRO DO NORTE,glp,9,113.0,112.4,115.0,110.0,115.0
2022-09,MUN,CE|LIMOEIRO DO NORTE,glp,3,122.0,114.4,124.4,112.5,125.0
2022-09,MUN,CE|MARACANAU,glp,9,110.0,103.998,121.0,99.99,125.0
2022-09,MUN,CE|QUIXADA,glp,4,113.75,112.15,116.4,112.0,117.0
2022-09,MUN,CE|SOBRAL,glp,6,120.0,116.75,120.0,115.0,120.0
2022-09,MUN,DF|BRASILIA,glp,47,105.0,99.99,111.178,97.0,119.99
2022-09,MUN,ES|ARACRUZ,glp,8,111.0,103.5,116.5,100.0,120.0
2022-09,MUN,ES|CACHOEIRO DE ITAPEMIRIM,glp,12,110.99,99.909,115.0,98.0,116.5
2022-09,MUN,ES|CARIACICA,glp,24,98.998,92.646,106.993,89.99,110.0
2022-09,MUN,ES|COLATINA,glp,11,100.0,95.0,110.0,95.0,110.0
2022-09,MUN,ES|LINHARES,glp,14,115.0,112.5,117.5,110.0,120.0
2022-09,MUN,ES|SAO MATEUS,glp,1,99.99,99.99,99.99,99.99,99.99
2022-09,MUN,ES|SERRA,glp,24,110.0,105.0,114.25,95.0,120.0
2022-09,MUN,ES|VILA VELHA,glp,15,110.0,93.497,110.0,84.99,110.0
2022-09,MUN,ES|VITORIA,glp,10,115.0,99.999,124.1,99.99,125.0
2022-09,MUN,GO|AGUAS LINDAS DE GOIAS,glp,1,100.0,100.0,100.0,100.0,100.0
2022-09,MUN,GO|ANAPOLIS,glp,23,117.5,115.0,120.0,115.0,122.0
2022-09,MUN,GO|APARECIDA DE GOIANIA,glp,25,115.0,110.0,115.0,110.0,115.0
2022-09,MUN,GO|CALDAS NOVAS,glp,4,115.0,115.0,122.0,115.0,125.0
2022-09,MUN,GO|CATALAO,glp,10,117.25,114.75,120.25,112.5,122.5
2022-09,MUN,GO|FORMOSA,glp,13,105.0,99.992,117.0,99.99,130.0
2022-09,MUN,GO|GOIANIA,glp,48,119.5,110.0,120.0,99.99,125.0
2022-09,MUN,GO|GOIATUBA,glp,4,120.0,116.5,121.75,115.0,122.5
2022-09,MUN,GO|ITUMBIARA,glp,7,115.0,115.0,127.0,115.0,127.0
2022-09,MUN,GO|JATAI,glp,14,140.0,137.15,140.0,135.0,142.5
2022-09,MUN,GO|LUZIANIA,glp,11,110.0,105.99,112.0,105.99,115.0
2022-09,MUN,GO|MINEIROS,glp,5,122.5,121.0,124.0,120.0,125.0
2022-09,MUN,GO|MORRINHOS,glp,6,116.0,111.25,120.0,110.0,120.0
2022-09,MUN,GO|PORANGATU,glp,14,117.75,115.0,120.0,113.5,122.5
2022-09,MUN,GO|RIO VERDE,glp,15,140.0,135.0,140.0,125.0,140.0
2022-09,MUN,GO|TRINDADE,glp,19,110.0,100.0,110.0,93.0,113.0
2022-09,MUN,GO|VALPARAISO DE GOIAS,glp,11,106.99,99.99,110.0,99.99,110.0
2022-09,MUN,MA|ACAILANDIA,glp,6,114.0,113.0,120.0,113.0,125.0
2022-09,MUN,MA|BACABAL,glp,5,118.0,118.0,118.0,118.0,118.0
2022-09,MUN,MA|BALSAS,glp,3,130.0,126.0,130.0,125.0,130.0
2022-09,MUN,MA|BARRA DO CORDA,glp,4,120.0,116.5,120.0,115.0,120.0
2022-09,MUN,MA|CAXIAS,glp,2,118.75,117.75,119.75,117.5,120.0
2022-09,MUN,MA|CODO,glp,6,115.0,115.0,115.0,115.0,115.0
2022-09,MUN,MA|IMPERATRIZ,glp,27,105.0,105.0,105.0,99.99,105.0
2022-09,MUN,MA|PINHEIRO,glp,5,125.0,120.0,125.0,120.0,125.0
2022-09,MUN,MA|PRESIDENTE DUTRA,glp,3,120.0,116.0,120.0,115.0,120.0
2022-09,MUN,MA|SANTA INES,glp,3,130.0,129.2,130.0,129.0,130.0
2022-09,MUN,MA|SAO JOSE DE RIBAMAR,glp,8,114.99,114.99,115.0,114.99,115.0
2022-09,MUN,MA|SAO LUIS,glp,40,114.99,114.99,115.244,114.9,120.0
2022-09,MUN,MG|ALFENAS,glp,11,110.0,102.5,115.0,100.0,120.0
2022-09,MUN,MG|ARAGUARI,glp,7,110.0,105.3,114.0,105.0,120.0
2022-09,MUN,MG|ARAXA,glp,8,105.0,105.0,115.0,105.0,115.0
2022-09,MUN,MG|BARBACENA,glp,11,107.0,99.99,110.0,99.9,120.0
2022-09,MUN,MG|BELO HORIZONTE,glp,45,110.0,104.994,129.2,95.0,149.0
2022-09,MUN,MG|BETIM,glp,22,117.5,110.0,125.0,100.0,125.0
2022-09,MUN,MG|BOM DESPACHO,glp,5,110.0,95.0,115.0,95.0,115.0
2022-09,MUN,MG|CAMPO BELO,glp,6,120.0,120.0,120.0,120.0,120.0
2022-09,MUN,MG|CARATINGA,glp,4,117.5,110.0,125.0,110.0,125.0
2022-09,MUN,MG|CONGONHAS,glp,2,111.0,110.2,111.8,110.0,112.0
2022-09,MUN,MG|CONSELHEIRO LAFAIETE,glp,10,100.0,98.0,105.5,98.0,110.0
2022-09,MUN,MG|CONTAGEM,glp,25,118.0,109.396,126.2,103.99,128.9
2022-09,MUN,MG|CORONEL FABRICIANO,glp,6,110.0,107.5,110.5,105.0,111.0
2022-09,MUN,MG|CURVELO,glp,9,100.0,94.6,106.0,93.0,110.0
2022-09,MUN,MG|DIVINOPOLIS,glp,23,110.0,105.0,117.8,105.0,120.0
2022-09,MUN,MG|FORMIGA,glp,8,120.0,120.0,123.0,120.0,130.0
2022-09,MUN,MG|FRUTAL,glp,6,114.975,103.5,115.0,102.5,115.0
2022-09,MUN,MG|GOVERNADOR VALADARES,glp,9,115.0,109.5,129.0,107.5,135.0
2022-09,MUN,MG|GUAXUPE,glp,6,99.5,97.0,102.0,95.0,102.5
2022-09,MUN,MG|IPATINGA,glp,18,114.0,108.5,120.0,105.0,125.0
2022-09,MUN,MG|ITABIRA,glp,2,115.0,115.0,115.0,115.0,115.0
2022-09,MUN,MG|ITAJUBA,glp,6,115.0,112.5,115.0,110.0,115.0
2022-09,MUN,MG|ITAUNA,glp,13,113.0,105.0,120.0,100.0,122.0
2022-09,MUN,MG|ITUIUTABA,glp,15,105.0,100.0,110.0,100.0,110.5
2022-09,MUN,MG|JANAUBA,glp,2,136.5,135.3,137.7,135.0,138.0
2022-09,MUN,MG|JANUARIA,glp,10,128.0,124.5,130.0,120.0,130.0
2022-09,MUN,MG|JOAO MONLEVADE,glp,9,115.0,109.0,115.4,105.0,117.0
2022-09,MUN,MG|JOAO PINHEIRO,glp,9,128.0,123.52,130.0,118.0,130.0
2022-09,MUN,MG|JUIZ DE FORA,glp,22,107.75,96.099,112.5,93.99,115.0
2022-09,MUN,MG|LAVRAS,glp,10,110.0,107.7,115.7,105.0,122.0
2022-09,MUN,MG|LEOPOLDINA,glp,6,109.25,105.0,116.5,105.0,118.0
2022-09,MUN,MG|MANHUACU,glp,6,110.0,105.95,112.5,104.9,115.0
2022-09,MUN,MG|MONTE CARMELO,glp,16,110.0,110.0,115.0,110.0,120.0
2022-09,MUN,MG|MONTES CLAROS,glp,15,122.0,115.0,124.2,114.0,130.0
2022-09,MUN,MG|MURIAE,glp,7,110.0,110.0,112.0,110.0,115.0
2022-09,MUN,MG|NOVA LIMA,glp,10,125.0,115.0,128.0,115.0,128.0
2022-09,MUN,MG|OLIVEIRA,glp,4,110.75,110.0,112.2,110.0,112.5
2022-09,MUN,MG|OURO PRETO,glp,4,123.0,120.75,126.3,120.0,127.5
2022-09,MUN,MG|PARA DE MINAS,glp,3,117.5,109.5,117.5,107.5,117.5
2022-09,MUN,MG|PARACATU,glp,10,120.0,115.0,125.0,115.0,125.0
2022-09,MUN,MG|PASSOS,glp,25,120.0,110.0,120.0,100.0,125.0
2022-09,MUN,MG|PATOS DE MINAS,glp,10,122.5,115.0,130.0,115.0,130.0
2022-09,MUN,MG|PATROCINIO,glp,7,115.0,110.0,120.0,110.0,120.0
2022-09,MUN,MG|POCOS DE CALDAS,glp,10,119.995,114.999,120.0,114.99,120.0
2022-09,MUN,MG|POUSO ALEGRE,glp,2,105.0,105.0,105.0,105.0,105.0
2022-09,MUN,MG|SABARA,glp,8,125.0,120.5,125.0,110.0,125.0
2022-09,MUN,MG|SAO JOAO DEL REI,glp,13,110.0,100.0,113.0,99.99,115.0
2022-09,MUN,MG|SAO SEBASTIAO DO PARAISO,glp,19,97.5,91.989,111.0,89.945,116.0
2022-09,MUN,MG|SETE LAGOAS,glp,9,110.0,104.98,115.92,104.9,120.0
2022-09,MUN,MG|TEOFILO OTONI,glp,17,113.5,112.0,115.0,112.0,118.0
2022-09,MUN,MG|TIMOTEO,glp,5,110.0,107.0,115.0,105.0,115.0
2022-09,MUN,MG|TRES CORACOES,glp,9,100.0,99.6,105.0,98.0,105.0
2022-09,MUN,MG|UBA,glp,7,117.5,112.5,118.8,112.5,120.0
2022-09,MUN,MG|UBERABA,glp,14,115.0,113.247,120.0,110.0,125.0
2022-09,MUN,MG|UBERLANDIA,glp,26,110.0,105.0,118.0,100.0,120.0
2022-09,MUN,MG|UNAI,glp,6,130.0,130.0,130.0,130.0,130.0
2022-09,MUN,MG|VARGINHA,glp,15,107.5,102.7,110.0,102.0,112.5
2022-09,MUN,MG|VICOSA,glp,3,127.0,119.0,131.0,117.0,132.0
2022-09,MUN,MS|CAMPO GRANDE,glp,95,110.0,99.99,115.0,95.0,126.5
2022-09,MUN,MS|CORUMBA,glp,2,116.25,115.25,117.25,115.0,117.5
2022-09,MUN,MS|COXIM,glp,6,127.5,125.0,130.0,125.0,130.0
2022-09,MUN,MS|DOURADOS,glp,30,115.0,110.0,127.3,107.5,130.0
2022-09,MUN,MS|NOVA ANDRADINA,glp,12,113.75,110.0,117.7,110.0,120.0
2022-09,MUN,MS|PONTA PORA,glp,3,110.0,109.2,110.0,109.0,110.0
2022-09,MUN,MS|TRES LAGOAS,glp,12,112.5,110.0,119.75,110.0,125.0
2022-09,MUN,MT|ALTA FLORESTA,glp,6,150.0,149.5,150.0,149.0,150.0
2022-09,MUN,MT|CACERES,glp,16,115.0,110.0,125.0,105.0,130.0
2022-09,MUN,MT|CUIABA,glp,55,135.0,115.0,138.8,113.0,145.0
2022-09,MUN,MT|RONDONOPOLIS,glp,9,130.0,129.0,135.5,125.0,137.5
2022-09,MUN,MT|SINOP,glp,17,147.5,141.5,150.0,140.0,150.0
2022-09,MUN,MT|SORRISO,glp,10,145.0,144.9,150.0,144.0,150.0
2022-09,MUN,MT|VARZEA GRANDE,glp,10,135.0,119.09,135.0,110.99,135.0
2022-09,MUN,PA|ABAETETUBA,glp,7,108.0,107.2,111.2,106.0,113.0
2022-09,MUN,PA|ALENQUER,glp,4,115.0,111.5,116.75,110.0,117.5
2022-09,MUN,PA|ALTAMIRA,glp,10,135.0,130.0,136.5,130.0,150.0
2022-09,MUN,PA|ANANINDEUA,glp,26,113.25,108.5,121.25,107.0,124.0
2022-09,MUN,PA|BELEM,glp,57,115.0,110.0,119.4,105.0,144.0
2022-09,MUN,PA|BRAGANCA,glp,4,119.94,116.464,123.5,115.0,125.0
2022-09,MUN,PA|CAMETA,glp,7,120.0,120.0,120.8,120.0,122.0
2022-09,MUN,PA|CASTANHAL,glp,6,117.75,116.25,120.0,115.0,120.0
2022-09,MUN,PA|CONCEICAO DO ARAGUAIA,glp,8,130.0,130.0,130.0,130.0,130.0
2022-09,MUN,PA|ITAITUBA,glp,10,135.0,129.8,135.5,128.0,140.0
2022-09,MUN,PA|MARABA,glp,9,125.0,125.0,125.0,125.0,125.0
2022-09,MUN,PA|PARAGOMINAS,glp,5,140.0,140.0,140.0,140.0,140.0
2022-09,MUN,PA|PARAUAPEBAS,glp,3,140.0,140.0,142.0,140.0,142.5
2022-09,MUN,PA|REDENCAO,glp,5,150.0,142.788,150.0,140.0,150.0
2022-09,MUN,PA|SANTAREM,glp,40,110.0,105.0,115.0,104.99,121.0
2022-09,MUN,PA|XINGUARA,glp,7,130.0,128.0,135.0,125.0,135.0
2022-09,MUN,PB|BAYEUX,glp,5,110.0,110.0,110.0,110.0,110.0
2022-09,MUN,PB|CABEDELO,glp,6,117.0,112.5,120.0,110.0,120.0
2022-09,MUN,PB|CAMPINA GRANDE,glp,30,118.0,107.7,120.0,100.0,125.0
2022-09,MUN,PB|JOAO PESSOA,glp,29,110.0,103.698,116.0,94.99,122.5
2022-09,MUN,PB|PATOS,glp,4,118.25,114.35,119.7,113.0,120.0
2022-09,MUN,PB|SAPE,glp,1,115.0,115.0,115.0,115.0,115.0
2022-09,MUN,PB|SOUSA,glp,4,110.0,103.0,117.0,100.0,120.0
2022-09,MUN,PE|ARARIPINA,glp,3,117.5,117.5,119.5,117.5,120.0
2022-09,MUN,PE|ARCOVERDE,glp,6,98.25,94.498,100.0,93.995,100.0
2022-09,MUN,PE|BELO JARDIM,glp,4,109.0,102.4,110.0,100.0,110.0
2022-09,MUN,PE|CABO DE SANTO AGOSTINHO,glp,8,99.995,95.997,100.0,92.49,100.0
2022-09,MUN,PE|CARUARU,glp,8,98.5,97.0,108.75,97.0,117.5
2022-09,MUN,PE|GARANHUNS,glp,8,110.0,109.99,110.748,109.99,112.495
2022-09,MUN,PE|GOIANA,glp,4,104.0,103.0,105.0,103.0,105.0
2022-09,MUN,PE|JABOATAO DOS GUARARAPES,glp,26,97.998,94.995,100.0,91.99,100.0
2022-09,MUN,PE|LAJEDO,glp,5,100.0,99.994,100.0,99.99,100.0
2022-09,MUN,PE|OLINDA,glp,2,98.0,96.4,99.6,96.0,100.0
2022-09,MUN,PE|PAULISTA,glp,2,105.0,101.0,109.0,100.0,110.0
2022-09,MUN,PE|PETROLINA,glp,14,117.5,115.0,120.0,99.0,120.0
2022-09,MUN,PE|RECIFE,glp,14,99.99,95.6,110.0,95.0,119.0
2022-09,MUN,PE|SALGUEIRO,glp,3,112.0,112.0,112.0,112.0,112.0
2022-09,MUN,PE|SANTA CRUZ DO CAPIBARIBE,glp,6,110.0,108.75,115.0,107.5,115.0
2022-09,MUN,PE|SERRA TALHADA,glp,3,117.5,117.1,117.9,117.0,118.0
2022-09,MUN,PE|VITORIA DE SANTO ANTAO,glp,10,100.0,97.246,100.0,95.0,100.0
2022-09,MUN,PI|PARNAIBA,glp,2,120.75,120.15,121.35,120.0,121.5
2022-09,MUN,PI|PICOS,glp,2,118.75,111.75,125.75,110.0,127.5
2022-09,MUN,PI|PIRIPIRI,glp,5,125.0,117.794,126.8,112.99,128.0
2022-09,MUN,PI|TERESINA,glp,57,120.0,115.0,120.0,110.0,130.0
2022-09,MUN,PR|APUCARANA,glp,19,110.0,104.81,115.998,100.0,120.0
2022-09,MUN,PR|ARAPONGAS,glp,18,110.0,108.45,111.45,104.9,112.9
2022-09,MUN,PR|ARAUCARIA,glp,15,112.5,110.0,115.9,108.5,118.0
2022-09,MUN,PR|ASSIS CHATEAUBRIAND,glp,4,135.0,129.75,142.0,127.5,145.0
2022-09,MUN,PR|CAMBE,glp,17,120.0,115.0,125.0,112.5,125.0
2022-09,MUN,PR|CAMPO LARGO,glp,18,105.0,99.997,110.0,99.945,110.0
2022-09,MUN,PR|CAMPO MOURAO,glp,11,125.0,122.5,127.5,120.0,130.0
2022-09,MUN,PR|CASCAVEL,glp,23,120.0,111.0,120.0,110.0,125.0
2022-09,MUN,PR|CASTRO,glp,5,108.0,107.7,109.5,107.5,109.5
2022-09,MUN,PR|CIANORTE,glp,16,129.9,121.25,130.0,120.0,132.5
2022-09,MUN,PR|COLOMBO,glp,13,104.0,99.9,109.4,99.9,110.0
2022-09,MUN,PR|CORNELIO PROCOPIO,glp,3,125.0,125.0,125.0,125.0,125.0
2022-09,MUN,PR|CURITIBA,glp,61,106.0,102.99,113.0,99.9,115.0
2022-09,MUN,PR|FOZ DO IGUACU,glp,19,107.5,102.499,113.5,100.0,120.0
2022-09,MUN,PR|FRANCISCO BELTRAO,glp,2,116.0,116.0,116.0,116.0,116.0
2022-09,MUN,PR|GUARAPUAVA,glp,9,120.0,118.76,120.0,118.0,120.0
2022-09,MUN,PR|JACAREZINHO,glp,1,114.0,114.0,114.0,114.0,114.0
2022-09,MUN,PR|LONDRINA,glp,66,110.0,100.0,120.0,100.0,125.0
2022-09,MUN,PR|MARECHAL CANDIDO RONDON,glp,4,120.0,109.493,120.0,104.99,120.0
2022-09,MUN,PR|MARINGA,glp,25,125.0,115.0,130.0,115.0,130.0
2022-09,MUN,PR|PARANAGUA,glp,9,105.0,97.8,110.0,97.0,110.0
2022-09,MUN,PR|PARANAVAI,glp,19,120.0,111.78,121.0,94.945,125.0
2022-09,MUN,PR|PATO BRANCO,glp,6,129.0,124.0,130.0,123.0,130.0
2022-09,MUN,PR|PINHAIS,glp,8,105.5,103.4,111.5,99.9,115.0
2022-09,MUN,PR|PONTA GROSSA,glp,14,113.25,108.0,117.1,103.9,121.0
2022-09,MUN,PR|SANTO ANTONIO DA PLATINA,glp,6,117.0,116.74,119.75,116.5,122.0
2022-09,MUN,PR|SAO JOSE DOS PINHAIS,glp,13,109.0,99.9,114.0,99.9,115.0
2022-09,MUN,PR|TOLEDO,glp,12,115.0,105.5,120.0,104.0,125.0
2022-09,MUN,PR|UMUARAMA,glp,9,120.0,114.5,125.0,112.5,125.0
2022-09,MUN,PR|UNIAO DA VITORIA,glp,5,125.0,117.0,130.0,115.0,130.0
2022-09,MUN,RJ|ANGRA DOS REIS,glp,6,120.0,119.9,120.0,119.9,120.0
2022-09,MUN,RJ|BARRA DO PIRAI,glp,3,111.9,111.58,112.3,111.5,112.4
2022-09,MUN,RJ|BARRA MANSA,glp,6,105.995,99.9,112.5,99.9,115.0
2022-09,MUN,RJ|BELFORD ROXO,glp,12,95.0,90.0,98.899,87.99,99.99
2022-09,MUN,RJ|CABO FRIO,glp,3,100.495,98.499,102.499,98.0,103.0
2022-09,MUN,RJ|CAMPOS DOS GOYTACAZES,glp,18,100.0,89.97,106.85,89.495,110.0
2022-09,MUN,RJ|DUQUE DE CAXIAS,glp,23,94.99,92.48,97.878,90.0,99.99
2022-09,MUN,RJ|ITAGUAI,glp,3,117.9,109.18,117.9,107.0,117.9
2022-09,MUN,RJ|ITAPERUNA,glp,4,100.0,100.0,103.5,100.0,105.0
2022-09,MUN,RJ|MACAE,glp,6,122.5,120.0,125.0,120.0,125.0
2022-09,MUN,RJ|MAGE,glp,1,96.99,96.99,96.99,96.99,96.99
2022-09,MUN,RJ|MARICA,glp,3,98.0,91.6,103.6,90.0,105.0
2022-09,MUN,RJ|NILOPOLIS,glp,8,100.0,99.997,105.0,99.99,105.0
2022-09,MUN,RJ|NITEROI,glp,7,92.5,91.393,97.7,90.49,104.0
2022-09,MUN,RJ|NOVA FRIBURGO,glp,8,118.0,117.4,118.74,116.0,120.0
2022-09,MUN,RJ|NOVA IGUACU,glp,17,99.99,87.296,107.0,84.99,110.0
2022-09,MUN,RJ|PETROPOLIS,glp,7,102.5,93.496,105.0,87.49,105.0
2022-09,MUN,RJ|RESENDE,glp,6,120.0,119.99,120.0,119.99,120.0
2022-09,MUN,RJ|RIO DE JANEIRO,glp,76,100.0,94.99,105.5,89.99,117.0
2022-09,MUN,RJ|SANTO ANTONIO DE PADUA,glp,2,91.25,90.25,92.25,90.0,92.5
2022-09,MUN,RJ|SAO FRANCISCO DE ITABAPOANA,glp,2,104.0,99.2,108.8,98.0,110.0
2022-09,MUN,RJ|SAO GONCALO,glp,9,97.49,96.38,110.0,92.0,110.0
2022-09,MUN,RJ|SAO JOAO DE MERITI,glp,16,99.99,90.99,105.0,87.99,105.0
2022-09,MUN,RJ|SAPUCAIA,glp,2,108.0,106.4,109.6,106.0,110.0
2022-09,MUN,RJ|SAQUAREMA,glp,5,95.99,91.196,99.196,90.0,100.0
2022-09,MUN,RJ|TERESOPOLIS,glp,4,111.5,108.0,117.8,108.0,119.0
2022-09,MUN,RJ|TRES RIOS,glp,2,109.995,109.991,109.999,109.99,110.0
2022-09,MUN,RJ|VALENCA,glp,8,104.0,99.4,104.3,98.0,105.0
2022-09,MUN,RJ|VOLTA REDONDA,glp,8,108.4,105.0,109.55,105.0,109.9
2022-09,MUN,RN|CAICO,glp,4,120.0,120.0,120.0,120.0,120.0
2022-09,MUN,RN|MOSSORO,glp,5,110.0,110.0,116.0,110.0,120.0
2022-09,MUN,RN|NATAL,glp,30,115.0,102.45,125.0,95.0,145.0
2022-09,MUN,RN|PARNAMIRIM,glp,18,115.0,111.75,121.5,107.495,125.0
2022-09,MUN,RO|ARIQUEMES,glp,5,142.0,134.8,145.6,134.0,146.0
2022-09,MUN,RO|CACOAL,glp,7,137.0,134.6,140.0,134.0,143.0
2022-09,MUN,RO|JI-PARANA,glp,11,133.0,128.0,136.0,125.995,138.0
2022-09,MUN,RO|PIMENTA BUENO,glp,4,142.0,142.0,142.0,142.0,142.0
2022-09,MUN,RO|PORTO VELHO,glp,38,125.0,114.4,135.0,110.0,140.0
2022-09,MUN,RO|VILHENA,glp,8,145.0,137.997,145.0,137.99,145.0
2022-09,MUN,RR|BOA VISTA,glp,63,122.0,118.0,126.8,111.5,135.0
2022-09,MUN,RS|ALEGRETE,glp,8,113.5,106.27,115.9,99.9,118.0
2022-09,MUN,RS|ALVORADA,glp,9,102.0,98.998,109.4,94.99,115.0
2022-09,MUN,RS|BAGE,glp,25,120.0,119.1,129.0,115.0,132.5
2022-09,MUN,RS|BENTO GONCALVES,glp,3,128.0,123.6,129.6,122.5,130.0
2022-09,MUN,RS|CACHOEIRA DO SUL,glp,9,110.0,103.6,112.0,98.0,112.0
2022-09,MUN,RS|CACHOEIRINHA,glp,6,114.0,108.0,123.95,107.0,129.9
2022-09,MUN,RS|CANOAS,glp,14,106.5,98.6,110.7,98.0,112.5
2022-09,MUN,RS|CAXIAS DO SUL,glp,43,110.9,100.4,120.0,99.99,129.9
2022-09,MUN,RS|CRUZ ALTA,glp,3,99.9,98.38,99.9,98.0,99.9
2022-09,MUN,RS|ERECHIM,glp,12,129.0,123.0,131.8,120.0,135.0
2022-09,MUN,RS|ESTEIO,glp,10,108.0,102.0,115.5,102.0,120.0
2022-09,MUN,RS|GRAMADO,glp,5,115.0,110.6,120.2,108.0,122.0
2022-09,MUN,RS|GRAVATAI,glp,9,105.0,101.6,109.0,100.0,109.0
2022-09,MUN,RS|GUAIBA,glp,5,110.0,109.4,119.0,109.0,125.0
2022-09,MUN,RS|IJUI,glp,12,122.5,109.909,129.5,105.0,130.0
2022-09,MUN,RS|LAJEADO,glp,7,105.0,99.0,113.2,93.0,115.0
2022-09,MUN,RS|NOVO HAMBURGO,glp,12,104.5,100.1,108.9,96.0,110.0
2022-09,MUN,RS|OSORIO,glp,5,104.9,101.394,115.15,100.99,118.95
2022-09,MUN,RS|PASSO FUNDO,glp,25,115.0,113.1,116.5,110.0,116.5
2022-09,MUN,RS|PELOTAS,glp,32,110.0,108.0,114.9,105.0,120.0
2022-09,MUN,RS|PORTO ALEGRE,glp,31,114.9,110.0,125.0,99.9,130.0
2022-09,MUN,RS|RIO GRANDE,glp,9,137.0,135.2,139.2,134.0,140.0
2022-09,MUN,RS|SANTA CRUZ DO SUL,glp,17,110.0,109.1,111.7,108.0,115.0
2022-09,MUN,RS|SANTA MARIA,glp,34,112.5,108.0,116.75,107.5,121.5
2022-09,MUN,RS|SANTA ROSA,glp,8,112.75,110.0,117.65,110.0,118.0
2022-09,MUN,RS|SANTANA DO LIVRAMENTO,glp,14,115.0,110.9,120.0,100.0,122.5
2022-09,MUN,RS|SANTO ANGELO,glp,3,129.0,125.8,129.0,125.0,129.0
2022-09,MUN,RS|SAO GABRIEL,glp,10,111.25,110.0,117.2,110.0,137.0
2022-09,MUN,RS|SAO LEOPOLDO,glp,8,100.5,97.693,108.0,97.0,108.0
2022-09,MUN,RS|SAO LUIZ GONZAGA,glp,5,120.0,112.0,121.5,110.0,122.5
2022-09,MUN,RS|SAPIRANGA,glp,5,112.5,111.5,115.0,111.5,115.0
2022-09,MUN,RS|SAPUCAIA DO SUL,glp,20,105.0,102.0,110.0,100.0,115.0
2022-09,MUN,RS|TORRES,glp,4,112.422,108.233,118.456,107.5,119.98
2022-09,MUN,RS|URUGUAIANA,glp,10,120.0,114.3,125.0,108.0,125.0
2022-09,MUN,RS|VACARIA,glp,8,119.0,112.85,130.0,112.5,130.0
2022-09,MUN,RS|VIAMAO,glp,14,110.0,105.0,119.97,102.0,120.0
2022-09,MUN,SC|ARARANGUA,glp,4,114.25,112.5,117.19,112.5,117.7
2022-09,MUN,SC|BALNEARIO CAMBORIU,glp,4,128.5,126.95,129.0,126.5,129.0
2022-09,MUN,SC|BIGUACU,glp,2,124.0,123.2,124.8,123.0,125.0
2022-09,MUN,SC|BLUMENAU,glp,14,125.0,116.5,131.4,105.0,135.0
2022-09,MUN,SC|BRUSQUE,glp,6,122.75,121.25,126.5,120.0,128.0
2022-09,MUN,SC|CACADOR,glp,5,125.0,112.0,148.0,110.0,160.0
2022-09,MUN,SC|CHAPECO,glp,5,132.5,107.0,142.0,93.0,145.0
2022-09,MUN,SC|CONCORDIA,glp,4,112.5,110.0,115.0,110.0,115.0
2022-09,MUN,SC|CRICIUMA,glp,9,118.0,115.0,125.0,115.0,125.0
2022-09,MUN,SC|FLORIANOPOLIS,glp,9,125.0,119.0,128.4,115.0,130.0
2022-09,MUN,SC|ITAJAI,glp,7,129.75,112.874,132.088,112.775,132.22
2022-09,MUN,SC|JARAGUA DO SUL,glp,6,113.945,111.9,121.995,111.9,124.0
2022-09,MUN,SC|JOINVILLE,glp,6,119.5,116.0,125.0,115.0,125.0
2022-09,MUN,SC|LAGES,glp,18,118.5,113.5,125.0,110.0,130.0
2022-09,MUN,SC|LAGUNA,glp,5,101.99,101.396,111.0,101.0,115.0
2022-09,MUN,SC|MAFRA,glp,4,121.5,120.0,124.4,120.0,125.0
2022-09,MUN,SC|PALHOCA,glp,2,124.75,123.35,126.15,123.0,126.5
2022-09,MUN,SC|SAO JOSE,glp,2,129.0,128.2,129.8,128.0,130.0
2022-09,MUN,SC|TUBARAO,glp,6,115.0,115.0,117.0,115.0,118.0
2022-09,MUN,SC|VIDEIRA,glp,6,120.0,119.0,127.75,118.0,135.0
2022-09,MUN,SC|XANXERE,glp,4,112.5,106.5,118.5,105.0,120.0
2022-09,MUN,SE|ARACAJU,glp,33,104.9,100.0,109.9,94.99,115.0
2022-09,MUN,SE|ITABAIANA,glp,4,108.75,105.0,114.25,105.0,115.0
2022-09,MUN,SE|LAGARTO,glp,5,114.0,111.2,117.4,110.0,119.0
2022-09,MUN,SE|NOSSA SENHORA DAS DORES,glp,1,105.0,105.0,105.0,105.0,105.0
2022-09,MUN,SE|NOSSA SENHORA DO SOCORRO,glp,8,103.75,99.997,109.9,99.99,109.9
2022-09,MUN,SP|ADAMANTINA,glp,5,112.5,110.0,115.0,110.0,115.0
2022-09,MUN,SP|AMERICANA,glp,26,110.0,105.0,119.995,104.99,120.0
2022-09,MUN,SP|AMPARO,glp,5,114.0,114.0,118.0,114.0,120.0
2022-09,MUN,SP|ARACATUBA,glp,34,100.0,89.99,115.0,89.0,115.0
2022-09,MUN,SP|ARARAQUARA,glp,12,120.0,112.75,125.0,110.0,126.5
2022-09,MUN,SP|ARARAS,glp,7,105.0,104.596,110.954,103.99,112.4
2022-09,MUN,SP|ASSIS,glp,7,115.0,112.5,120.0,112.5,120.0
2022-09,MUN,SP|ATIBAIA,glp,10,116.5,108.999,120.5,99.99,125.0
2022-09,MUN,SP|AVARE,glp,8,101.995,99.99,102.5,99.99,102.5
2022-09,MUN,SP|BARRETOS,glp,4,115.5,113.25,118.8,112.5,120.0
2022-09,MUN,SP|BARUERI,glp,24,109.995,105.3,120.0,101.99,125.5
2022-09,MUN,SP|BAURU,glp,13,105.0,99.992,117.4,99.0,120.0
2022-09,MUN,SP|BEBEDOURO,glp,11,120.0,110.0,120.0,105.0,122.5
2022-09,MUN,SP|BIRIGUI,glp,27,115.0,104.2,115.0,99.99,115.0
2022-09,MUN,SP|BOTUCATU,glp,16,105.0,101.475,107.5,99.0,115.0
2022-09,MUN,SP|BRAGANCA PAULISTA,glp,7,114.99,110.304,117.0,103.41,120.0
2022-09,MUN,SP|CACAPAVA,glp,5,97.5,89.49,101.496,87.49,102.5
2022-09,MUN,SP|CAMPINAS,glp,18,113.498,109.997,115.0,109.99,115.0
2022-09,MUN,SP|CARAGUATATUBA,glp,4,105.0,101.493,122.5,99.99,130.0
2022-09,MUN,SP|CARAPICUIBA,glp,11,107.5,104.99,113.995,104.99,114.995
2022-09,MUN,SP|CATANDUVA,glp,9,105.0,99.936,119.18,99.9,119.9
2022-09,MUN,SP|COSMOPOLIS,glp,5,94.99,94.99,97.99,94.99,99.99
2022-09,MUN,SP|COTIA,glp,8,116.25,114.99,131.403,114.99,137.01
2022-09,MUN,SP|CRUZEIRO,glp,8,97.0,89.99,104.5,89.99,115.0
2022-09,MUN,SP|CUBATAO,glp,5,116.5,112.0,126.0,110.0,130.0
2022-09,MUN,SP|DIADEMA,glp,20,109.99,103.599,117.79,99.99,125.0
2022-09,MUN,SP|DRACENA,glp,2,113.75,112.75,114.75,112.5,115.0
2022-09,MUN,SP|EMBU DAS ARTES,glp,5,110.0,106.99,126.36,104.99,135.6
2022-09,MUN,SP|FRANCA,glp,18,104.995,99.99,113.0,98.9,125.0
2022-09,MUN,SP|GARCA,glp,5,109.0,105.4,115.94,103.0,119.9
2022-09,MUN,SP|GUARATINGUETA,glp,12,105.0,99.99,109.999,99.99,115.0
2022-09,MUN,SP|GUARUJA,glp,5,112.5,112.494,117.79,112.49,117.99
2022-09,MUN,SP|GUARULHOS,glp,20,104.995,92.499,109.99,90.995,115.0
2022-09,MUN,SP|HORTOLANDIA,glp,15,105.99,95.0,115.0,94.99,115.0
2022-09,MUN,SP|IBITINGA,glp,5,120.0,112.3,123.0,110.5,125.0
2022-09,MUN,SP|INDAIATUBA,glp,15,110.0,106.2,115.0,102.0,118.0
2022-09,MUN,SP|ITANHAEM,glp,3,115.0,115.0,119.0,115.0,120.0
2022-09,MUN,SP|ITAPECERICA DA SERRA,glp,7,104.99,99.99,107.997,99.99,108.0
2022-09,MUN,SP|ITAPETININGA,glp,10,115.0,114.755,118.2,113.0,120.0
2022-09,MUN,SP|ITAPEVA,glp,5,126.75,118.8,127.3,115.0,127.5
2022-09,MUN,SP|ITAPIRA,glp,3,104.0,104.0,104.8,104.0,105.0
2022-09,MUN,SP|ITAPOLIS,glp,8,120.0,113.5,121.5,110.0,125.0
2022-09,MUN,SP|ITAQUAQUECETUBA,glp,12,102.492,99.99,109.491,94.99,109.99
2022-09,MUN,SP|ITATIBA,glp,4,112.0,110.6,114.1,110.0,115.0
2022-09,MUN,SP|ITU,glp,14,111.0,110.0,116.4,105.0,118.0
2022-09,MUN,SP|JABOTICABAL,glp,5,110.0,104.336,110.0,103.9,110.0
2022-09,MUN,SP|JACAREI,glp,9,109.0,100.0,114.9,100.0,114.9
2022-09,MUN,SP|JALES,glp,9,105.0,103.6,105.8,98.0,109.0
2022-09,MUN,SP|JAU,glp,10,117.0,116.8,118.2,115.0,120.0
2022-09,MUN,SP|JOSE BONIFACIO,glp,5,112.5,105.6,114.0,104.0,115.0
2022-09,MUN,SP|JUNDIAI,glp,13,115.0,107.99,120.9,107.99,122.0
2022-09,MUN,SP|LEME,glp,8,107.5,105.7,113.9,105.0,123.0
2022-09,MUN,SP|LIMEIRA,glp,20,110.0,101.799,120.0,99.99,120.0
2022-09,MUN,SP|LINS,glp,8,102.495,97.743,114.5,92.5,125.0
2022-09,MUN,SP|LORENA,glp,12,97.495,89.991,109.61,85.0,115.0
2022-09,MUN,SP|MARILIA,glp,10,119.0,118.0,124.1,118.0,125.0
2022-09,MUN,SP|MATAO,glp,7,107.0,106.2,121.0,105.0,130.0
2022-09,MUN,SP|MAUA,glp,20,110.5,104.09,114.54,88.49,121.0
2022-09,MUN,SP|MIRASSOL,glp,11,106.5,100.0,110.0,99.99,115.0
2022-09,MUN,SP|MOCOCA,glp,5,120.0,117.0,123.0,115.0,125.0
2022-09,MUN,SP|MOGI DAS CRUZES,glp,19,105.0,100.0,110.58,98.0,119.0
2022-09,MUN,SP|MOGI GUACU,glp,14,110.0,100.0,113.5,100.0,120.0
2022-09,MUN,SP|MOGI MIRIM,glp,12,110.0,99.524,110.0,99.5,110.0
2022-09,MUN,SP|MONTE ALTO,glp,8,118.75,108.5,123.0,105.0,130.0
2022-09,MUN,SP|OLIMPIA,glp,5,97.0,97.0,99.0,97.0,99.0
2022-09,MUN,SP|OSASCO,glp,20,112.5,109.75,120.0,105.0,120.0
2022-09,MUN,SP|OURINHOS,glp,16,111.5,105.0,115.5,105.0,118.0
2022-09,MUN,SP|PARAGUACU PAULISTA,glp,11,115.0,110.0,120.0,110.0,120.0
2022-09,MUN,SP|PAULINIA,glp,14,109.99,104.993,110.0,104.9,110.0
2022-09,MUN,SP|PINDAMONHANGABA,glp,1,113.0,113.0,113.0,113.0,113.0
2022-09,MUN,SP|PIRACICABA,glp,16,104.99,99.99,112.5,99.99,120.0
2022-09,MUN,SP|PIRASSUNUNGA,glp,2,104.245,101.641,106.849,100.99,107.5
2022-09,MUN,SP|POA,glp,8,104.495,99.99,110.0,99.99,110.0
2022-09,MUN,SP|PORTO FERREIRA,glp,2,111.95,105.59,118.31,104.0,119.9
2022-09,MUN,SP|PRAIA GRANDE,glp,8,109.5,107.99,113.3,107.99,114.0
2022-09,MUN,SP|PRESIDENTE PRUDENTE,glp,21,107.5,98.495,115.0,97.99,116.0
2022-09,MUN,SP|PRESIDENTE VENCESLAU,glp,5,112.5,110.0,115.0,110.0,115.0
2022-09,MUN,SP|RIBEIRAO PIRES,glp,17,104.99,99.9,116.6,98.0,120.0
2022-09,MUN,SP|RIBEIRAO PRETO,glp,25,110.0,107.0,119.598,103.5,124.99
2022-09,MUN,SP|RIO CLARO,glp,9,110.0,110.0,112.0,110.0,120.0
2022-09,MUN,SP|SALTO,glp,18,105.0,101.712,112.9,99.99,115.0
2022-09,MUN,SP|SANTA BARBARA D'OESTE,glp,20,105.0,99.99,105.0,99.99,110.0
2022-09,MUN,SP|SANTA CRUZ DO RIO PARDO,glp,12,114.5,110.0,115.0,110.0,117.0
2022-09,MUN,SP|SANTO ANDRE,glp,15,107.5,105.0,119.392,104.99,122.5
2022-09,MUN,SP|SANTOS,glp,12,121.0,110.51,138.6,108.99,139.0
2022-09,MUN,SP|SAO BERNARDO DO CAMPO,glp,20,112.49,102.7,135.499,99.99,144.99
2022-09,MUN,SP|SAO CAETANO DO SUL,glp,6,117.5,111.25,126.248,110.0,127.495
2022-09,MUN,SP|SAO CARLOS,glp,13,113.0,109.92,125.0,109.9,130.0
2022-09,MUN,SP|SAO JOAO DA BOA VISTA,glp,11,105.0,105.0,110.0,105.0,110.0
2022-09,MUN,SP|SAO JOSE DO RIO PRETO,glp,29,113.5,102.0,130.0,99.99,135.0
2022-09,MUN,SP|SAO JOSE DOS CAMPOS,glp,18,108.995,94.997,117.147,84.99,118.49
2022-09,MUN,SP|SAO PAULO,glp,81,110.0,100.0,121.99,93.99,129.99
2022-09,MUN,SP|SAO ROQUE,glp,6,108.0,96.24,115.0,94.99,115.0
2022-09,MUN,SP|SAO VICENTE,glp,14,109.9,104.9,114.4,104.9,121.0
2022-09,MUN,SP|SERTAOZINHO,glp,6,107.5,104.0,114.95,104.0,119.9
2022-09,MUN,SP|SOROCABA,glp,25,110.0,107.0,120.0,104.99,122.0
2022-09,MUN,SP|SUMARE,glp,14,105.0,94.993,115.0,94.99,115.0
2022-09,MUN,SP|SUZANO,glp,13,111.99,99.99,115.998,99.99,124.495
2022-09,MUN,SP|TABOAO DA SERRA,glp,6,109.995,104.995,113.968,104.99,116.49
2022-09,MUN,SP|TATUI,glp,9,110.0,110.0,115.2,110.0,120.0
2022-09,MUN,SP|TAUBATE,glp,8,101.75,96.39,104.3,94.99,105.0
2022-09,MUN,SP|TUPA,glp,8,105.0,105.0,115.1,105.0,120.0
2022-09,MUN,SP|UBATUBA,glp,11,105.0,100.0,115.0,99.0,121.0
2022-09,MUN,SP|VALINHOS,glp,8,105.445,105.0,105.9,105.0,105.9
2022-09,MUN,SP|VARZEA PAULISTA,glp,6,102.5,102.5,109.25,102.5,116.0
2022-09,MUN,SP|VINHEDO,glp,4,112.995,112.995,112.995,112.995,112.995
2022-09,MUN,SP|VOTORANTIM,glp,19,110.0,106.995,117.6,106.5,120.0
2022-09,MUN,SP|VOTUPORANGA,glp,7,109.0,102.0,114.0,102.0,120.0
2022-09,MUN,TO|ARAGUAINA,glp,1,120.0,120.0,120.0,120.0,120.0
2022-09,MUN,TO|GURUPI,glp,34,125.0,125.0,125.0,120.0,126.5
2022-09,MUN,TO|PALMAS,glp,32,122.5,120.0,127.25,100.0,130.0
2022-09,MUN,TO|PARAISO DO TOCANTINS,glp,8,122.5,120.0,130.0,120.0,130.0
2022-09,MUN,TO|PORTO NACIONAL,glp,11,120.0,120.0,125.0,120.0,125.0
2022-09,UF,AC,glp,34,128.0,120.0,134.4,120.0,143.0
2022-09,UF,AL,glp,37,109.99,101.167,115.0,95.0,118.0
2022-09,UF,AM,glp,109,117.995,109.0,125.4,103.0,140.0
2022-09,UF,AP,glp,33,123.0,118.0,128.0,113.0,130.0
2022-09,UF,BA,glp,272,110.0,102.55,120.0,89.99,145.0
2022-09,UF,CE,glp,150,115.0,108.0,122.1,95.0,128.0
2022-09,UF,DF,glp,47,105.0,99.99,111.178,97.0,119.99
2022-09,UF,ES,glp,119,110.0,95.0,115.0,84.99,125.0
2022-09,UF,GO,glp,230,115.0,105.0,135.0,93.0,142.5
2022-09,UF,MA,glp,112,114.99,105.0,120.0,99.99,130.0
2022-09,UF,MG,glp,625,113.0,102.0,125.0,89.945,149.0
2022-09,UF,MS,glp,160,110.0,100.0,123.65,95.0,130.0
2022-09,UF,MT,glp,123,135.0,115.0,150.0,105.0,150.0
2022-09,UF,PA,glp,208,116.498,108.0,135.0,104.99,150.0
2022-09,UF,PB,glp,79,115.0,105.0,120.0,94.99,125.0
2022-09,UF,PE,glp,126,100.0,95.0,117.5,91.99,120.0
2022-09,UF,PI,glp,66,120.0,115.0,125.0,110.0,130.0
2022-09,UF,PR,glp,450,112.5,103.981,125.0,94.945,145.0
2022-09,UF,RJ,glp,275,100.0,92.5,117.54,84.99,125.0
2022-09,UF,RN,glp,57,115.0,105.697,125.0,95.0,145.0
2022-09,UF,RO,glp,73,133.0,117.18,142.8,110.0,146.0
2022-09,UF,RR,glp,63,122.0,118.0,126.8,111.5,135.0
2022-09,UF,RS,glp,454,112.0,102.15,125.0,93.0,140.0
2022-09,UF,SC,glp,128,120.0,111.33,130.0,93.0,160.0
2022-09,UF,SE,glp,51,105.0,100.0,114.0,94.99,119.0
2022-09,UF,SP,glp,1281,110.0,99.99,120.0,84.99,144.99
2022-09,UF,TO,glp,86,125.0,120.0,125.0,100.0,130.0
2022-10,BR,BR,glp,1886,110.0,99.0,122.0,70.0,149.0
2022-10,MUN,AC|RIO BRANCO,glp,23,125.0,120.0,132.0,115.0,135.0
2022-10,MUN,AL|MACEIO,glp,24,110.0,99.99,115.0,94.0,120.0
2022-10,MUN,AM|MANAUS,glp,97,115.0,107.194,120.0,104.0,130.0
2022-10,MUN,AP|MACAPA,glp,17,123.0,116.8,128.0,113.0,128.0
2022-10,MUN,BA|LAURO DE FREITAS,glp,10,114.0,109.496,115.0,105.0,115.0
2022-10,MUN,BA|SALVADOR,glp,27,114.99,102.94,120.0,99.99,121.0
2022-10,MUN,CE|CAUCAIA,glp,12,115.0,105.0,115.0,100.0,120.0
2022-10,MUN,CE|CRATO,glp,6,112.995,108.995,114.0,108.0,115.0
2022-10,MUN,CE|FORTALEZA,glp,24,112.5,108.0,121.4,105.0,125.0
2022-10,MUN,CE|JUAZEIRO DO NORTE,glp,9,110.0,109.4,113.0,107.0,113.0
2022-10,MUN,CE|MARACANAU,glp,10,113.5,111.299,120.3,104.99,123.0
2022-10,MUN,DF|BRASILIA,glp,50,101.99,99.891,110.0,94.99,119.99
2022-10,MUN,ES|CACHOEIRO DE ITAPEMIRIM,glp,6,105.0,103.49,112.5,101.99,120.0
2022-10,MUN,ES|GUARAPARI,glp,4,110.0,99.493,113.5,94.99,115.0
2022-10,MUN,ES|VITORIA,glp,10,110.0,99.999,111.4,99.99,124.0
2022-10,MUN,GO|ANAPOLIS,glp,11,115.0,110.0,120.0,105.0,122.0
2022-10,MUN,GO|GOIANIA,glp,26,109.5,100.0,120.0,99.99,120.0
2022-10,MUN,GO|ITUMBIARA,glp,6,115.0,115.0,115.0,115.0,115.0
2022-10,MUN,GO|LUZIANIA,glp,6,105.995,101.99,112.0,101.99,115.0
2022-10,MUN,MA|IMPERATRIZ,glp,7,100.0,99.99,102.0,99.99,105.0
2022-10,MUN,MA|SAO JOSE DE RIBAMAR,glp,7,114.99,114.99,114.99,114.99,114.99
2022-10,MUN,MA|SAO LUIS,glp,39,114.99,114.99,114.992,114.9,119.0
2022-10,MUN,MG|ARAGUARI,glp,8,110.0,108.5,111.5,105.0,115.0
2022-10,MUN,MG|ARAXA,glp,8,105.0,99.7,116.0,99.0,130.0
2022-10,MUN,MG|BARBACENA,glp,8,105.0,103.5,110.0,100.0,110.0
2022-10,MUN,MG|BELO HORIZONTE,glp,30,115.0,103.749,130.0,99.99,149.0
2022-10,MUN,MG|BETIM,glp,13,110.0,107.6,112.4,106.0,120.0
2022-10,MUN,MG|CARATINGA,glp,9,125.0,116.4,129.9,110.0,129.9
2022-10,MUN,MG|CONTAGEM,glp,16,112.5,105.0,120.0,99.0,128.0
2022-10,MUN,MG|CORONEL FABRICIANO,glp,8,120.0,107.1,125.0,105.0,125.0
2022-10,MUN,MG|DIVINOPOLIS,glp,4,111.5,102.4,122.0,100.0,125.0
2022-10,MUN,MG|FRUTAL,glp,2,109.9,109.9,109.9,109.9,109.9
2022-10,MUN,MG|GOVERNADOR VALADARES,glp,11,125.0,115.0,130.0,110.0,130.0
2022-10,MUN,MG|IPATINGA,glp,6,119.5,110.0,120.0,110.0,120.0
2022-10,MUN,MG|ITUIUTABA,glp,5,100.0,99.994,108.0,99.99,110.0
2022-10,MUN,MG|MANHUACU,glp,3,110.0,105.92,110.0,104.9,110.0
2022-10,MUN,MG|MONTE CARMELO,glp,5,110.0,110.0,114.16,110.0,115.0
2022-10,MUN,MG|MONTES CLAROS,glp,18,120.0,112.897,125.0,107.99,135.0
2022-10,MUN,MG|NOVA LIMA,glp,5,112.0,112.0,113.2,112.0,114.0
2022-10,MUN,MG|PARA DE MINAS,glp,6,115.5,111.5,120.25,109.0,124.0
2022-10,MUN,MG|PASSOS,glp,5,110.0,110.0,118.0,110.0,120.0
2022-10,MUN,MG|PATOS DE MINAS,glp,5,115.0,104.0,118.0,100.0,120.0
2022-10,MUN,MG|POUSO ALEGRE,glp,10,111.25,90.0,115.0,89.995,115.0
2022-10,MUN,MG|SAO JOAO DEL REI,glp,4,108.0,98.3,113.5,95.0,115.0
2022-10,MUN,MG|SETE LAGOAS,glp,9,109.9,104.718,126.0,99.99,130.0
2022-10,MUN,MG|TIMOTEO,glp,4,115.0,115.0,115.0,115.0,115.0
2022-10,MUN,MG|UBERABA,glp,9,108.0,104.4,117.0,102.0,125.0
2022-10,MUN,MG|UBERLANDIA,glp,9,113.0,104.0,125.0,100.0,125.0
2022-10,MUN,MS|CAMPO GRANDE,glp,9,110.0,99.52,117.0,98.0,125.0
2022-10,MUN,MS|DOURADOS,glp,9,129.0,109.6,130.0,108.0,130.0
2022-10,MUN,MT|CUIABA,glp,15,130.0,116.99,136.6,113.0,141.0
2022-10,MUN,MT|VARZEA GRANDE,glp,11,120.0,114.99,120.0,113.0,124.99
2022-10,MUN,PA|BELEM,glp,30,114.995,107.99,120.3,105.0,144.0
2022-10,MUN,PA|CASTANHAL,glp,8,115.0,114.1,121.5,112.0,125.0
2022-10,MUN,PB|BAYEUX,glp,8,110.0,110.0,110.9,110.0,113.0
2022-10,MUN,PB|CAMPINA GRANDE,glp,8,120.0,109.7,121.5,109.0,125.0
2022-10,MUN,PB|JOAO PESSOA,glp,13,105.0,99.99,115.0,99.99,120.0
2022-10,MUN,PE|CARUARU,glp,7,90.0,89.996,97.0,89.99,100.0
2022-10,MUN,PE|OLINDA,glp,2,102.5,96.5,108.5,95.0,110.0
2022-10,MUN,PE|PETROLINA,glp,10,111.0,107.7,115.0,105.0,115.0
2022-10,MUN,PE|RECIFE,glp,17,98.0,95.0,110.0,95.0,119.0
2022-10,MUN,PI|TERESINA,glp,41,117.5,114.99,120.0,107.0,125.0
2022-10,MUN,PR|CAMBE,glp,6,115.45,112.5,118.5,110.0,120.0
2022-10,MUN,PR|COLOMBO,glp,16,99.9,94.45,104.975,89.9,105.0
2022-10,MUN,PR|CURITIBA,glp,41,105.9,99.9,113.0,94.9,115.9
2022-10,MUN,PR|FOZ DO IGUACU,glp,13,110.0,100.0,124.0,94.99,125.0
2022-10,MUN,PR|GUARAPUAVA,glp,11,118.0,110.0,120.0,109.0,120.0
2022-10,MUN,PR|LONDRINA,glp,20,105.0,99.9,120.5,95.0,130.0
2022-10,MUN,PR|MARINGA,glp,8,122.5,112.9,130.0,108.0,130.0
2022-10,MUN,PR|SAO JOSE DOS PINHAIS,glp,10,101.5,95.0,106.4,95.0,110.0
2022-10,MUN,RJ|ANGRA DOS REIS,glp,10,120.0,119.41,120.0,115.0,120.0
2022-10,MUN,RJ|BARRA MANSA,glp,6,99.968,99.9,104.45,99.9,104.9
2022-10,MUN,RJ|CABO FRIO,glp,4,88.995,85.297,97.593,85.0,99.99
2022-10,MUN,RJ|CAMPOS DOS GOYTACAZES,glp,5,95.0,89.99,100.0,89.99,100.0
2022-10,MUN,RJ|DUQUE DE CAXIAS,glp,20,91.498,89.94,100.499,85.0,105.0
2022-10,MUN,RJ|NILOPOLIS,glp,5,105.0,102.0,105.0,100.0,105.0
2022-10,MUN,RJ|NITEROI,glp,2,97.5,91.5,103.5,90.0,105.0
2022-10,MUN,RJ|NOVA FRIBURGO,glp,10,108.0,107.699,110.5,104.99,115.0
2022-10,MUN,RJ|NOVA IGUACU,glp,20,97.495,84.99,105.0,83.0,112.0
2022-10,MUN,RJ|RESENDE,glp,3,115.0,115.0,115.792,115.0,115.99
2022-10,MUN,RJ|RIO DE JANEIRO,glp,43,98.0,89.99,104.392,84.5,132.7
2022-10,MUN,RJ|SAO GONCALO,glp,4,94.995,94.99,98.493,94.99,99.99
2022-10,MUN,RJ|SAO JOAO DE MERITI,glp,11,99.99,90.0,100.0,89.99,100.0
2022-10,MUN,RJ|VOLTA REDONDA,glp,8,103.998,102.03,107.508,100.0,110.0
2022-10,MUN,RN|MOSSORO,glp,7,115.0,111.196,122.0,109.99,125.0
2022-10,MUN,RN|NATAL,glp,10,110.0,95.0,110.0,95.0,110.0
2022-10,MUN,RN|PARNAMIRIM,glp,12,114.0,110.3,115.0,110.0,115.0
2022-10,MUN,RO|JI-PARANA,glp,7,130.0,126.8,134.4,125.0,135.0
2022-10,MUN,RO|PORTO VELHO,glp,23,120.0,102.0,131.2,70.0,135.0
2022-10,MUN,RR|BOA VISTA,glp,26,120.0,113.5,125.0,105.0,128.0
2022-10,MUN,RS|ALVORADA,glp,8,100.0,94.997,111.5,94.99,115.0
2022-10,MUN,RS|BENTO GONCALVES,glp,3,126.0,113.2,126.0,110.0,126.0
2022-10,MUN,RS|CACHOEIRINHA,glp,5,105.0,102.0,111.8,100.0,113.0
2022-10,MUN,RS|CANOAS,glp,13,100.0,98.0,105.0,95.9,105.0
2022-10,MUN,RS|CAXIAS DO SUL,glp,5,109.9,99.94,109.96,99.9,110.0
2022-10,MUN,RS|ESTEIO,glp,6,105.0,102.0,110.0,102.0,112.0
2022-10,MUN,RS|GRAMADO,glp,3,115.0,112.6,120.6,112.0,122.0
2022-10,MUN,RS|GRAVATAI,glp,8,105.0,94.0,108.3,80.0,109.0
2022-10,MUN,RS|NOVO HAMBURGO,glp,9,100.0,98.4,102.2,96.0,103.0
2022-10,MUN,RS|PELOTAS,glp,9,108.0,105.18,115.1,101.9,115.5
2022-10,MUN,RS|PORTO ALEGRE,glp,19,110.0,108.2,116.0,100.0,117.0
2022-10,MUN,RS|SANTA CRUZ DO SUL,glp,6,110.0,110.0,112.5,110.0,115.0
2022-10,MUN,RS|SANTA MARIA,glp,5,112.0,107.0,125.94,105.0,129.9
2022-10,MUN,RS|SAO GABRIEL,glp,1,110.0,110.0,110.0,110.0,110.0
2022-10,MUN,RS|SAO LEOPOLDO,glp,9,102.0,96.6,105.0,95.0,105.0
2022-10,MUN,RS|SAPIRANGA,glp,8,109.0,104.95,110.6,102.5,112.0
2022-10,MUN,RS|SAPUCAIA DO SUL,glp,9,102.0,95.0,109.2,95.0,110.0
2022-10,MUN,SC|BLUMENAU,glp,6,124.95,107.5,132.5,105.0,135.0
2022-10,MUN,SC|BRUSQUE,glp,6,123.95,121.0,125.0,120.0,125.0
2022-10,MUN,SC|CHAPECO,glp,5,120.0,119.1,139.0,118.5,145.0
2022-10,MUN,SC|CRICIUMA,glp,6,118.0,116.5,119.0,115.0,119.0
2022-10,MUN,SC|FLORIANOPOLIS,glp,7,125.0,117.2,127.0,113.0,130.0
2022-10,MUN,SC|ITAJAI,glp,3,130.0,115.6,130.0,112.0,130.0
2022-10,MUN,SC|JOINVILLE,glp,13,116.0,111.0,128.0,105.0,133.0
2022-10,MUN,SC|LAGES,glp,4,115.0,113.6,125.5,113.0,130.0
2022-10,MUN,SC|SAO JOSE,glp,11,123.0,113.0,125.0,111.5,126.0
2022-10,MUN,SE|ARACAJU,glp,18,104.9,100.0,105.3,94.99,109.9
2022-10,MUN,SP|AMERICANA,glp,4,110.5,106.493,113.793,104.99,114.99
2022-10,MUN,SP|AMPARO,glp,6,117.0,113.5,118.5,110.0,120.0
2022-10,MUN,SP|ARACATUBA,glp,13,99.99,89.99,103.996,89.99,110.0
2022-10,MUN,SP|ARARAQUARA,glp,4,117.5,107.4,125.5,105.0,127.0
2022-10,MUN,SP|BARUERI,glp,7,104.99,99.99,110.8,99.99,112.0
2022-10,MUN,SP|BAURU,glp,10,100.0,94.99,110.5,94.99,115.0
2022-10,MUN,SP|BIRIGUI,glp,11,110.0,102.5,115.0,99.99,115.0
2022-10,MUN,SP|BOTUCATU,glp,8,99.99,95.0,101.493,95.0,105.0
2022-10,MUN,SP|BRAGANCA PAULISTA,glp,9,109.9,100.0,110.998,100.0,114.99
2022-10,MUN,SP|CACAPAVA,glp,7,95.0,89.59,103.994,88.99,110.0
2022-10,MUN,SP|CAMPINAS,glp,20,114.922,109.99,114.99,109.495,115.0
2022-10,MUN,SP|CARAPICUIBA,glp,11,105.0,100.0,110.0,99.99,114.99
2022-10,MUN,SP|CATANDUVA,glp,1,94.9,94.9,94.9,94.9,94.9
2022-10,MUN,SP|DIADEMA,glp,10,117.5,105.0,130.0,105.0,130.0
2022-10,MUN,SP|FRANCA,glp,17,105.0,104.99,114.0,99.99,125.0
2022-10,MUN,SP|GUARULHOS,glp,16,95.49,89.99,99.995,89.99,109.99
2022-10,MUN,SP|INDAIATUBA,glp,9,110.0,104.4,114.2,102.0,115.0
2022-10,MUN,SP|ITAPIRA,glp,7,103.0,99.194,105.8,98.0,110.0
2022-10,MUN,SP|ITAQUAQUECETUBA,glp,7,94.99,89.99,99.99,89.99,99.99
2022-10,MUN,SP|ITU,glp,1,110.0,110.0,110.0,110.0,110.0
2022-10,MUN,SP|JACAREI,glp,14,109.0,100.0,114.9,95.99,115.0
2022-10,MUN,SP|JALES,glp,7,95.0,92.954,100.6,89.9,109.0
2022-10,MUN,SP|JUNDIAI,glp,12,110.0,106.991,118.9,105.0,119.0
2022-10,MUN,SP|LIMEIRA,glp,4,100.0,99.993,121.0,99.99,130.0
2022-10,MUN,SP|LINS,glp,4,104.495,101.2,104.997,100.0,105.0
2022-10,MUN,SP|MIRASSOL,glp,3,105.0,104.2,109.0,104.0,110.0
2022-10,MUN,SP|MOGI DAS CRUZES,glp,4,106.495,104.993,107.997,104.99,108.0
2022-10,MUN,SP|MOGI GUACU,glp,5,99.99,99.99,106.0,99.99,110.0
2022-10,MUN,SP|MOGI MIRIM,glp,8,99.75,89.99,103.0,89.99,103.0
2022-10,MUN,SP|OSASCO,glp,7,109.99,98.396,110.796,95.99,111.99
2022-10,MUN,SP|PINDAMONHANGABA,glp,8,106.0,98.55,115.45,97.5,116.5
2022-10,MUN,SP|PIRACICABA,glp,11,104.99,97.0,115.0,95.99,115.0
2022-10,MUN,SP|PRESIDENTE PRUDENTE,glp,8,107.5,97.093,110.9,95.0,113.0
2022-10,MUN,SP|SALTO,glp,3,105.0,105.0,109.0,105.0,110.0
2022-10,MUN,SP|SANTO ANDRE,glp,3,105.0,102.592,105.0,101.99,105.0
2022-10,MUN,SP|SANTOS,glp,10,113.5,109.81,123.79,109.0,139.9
2022-10,MUN,SP|SAO BERNARDO DO CAMPO,glp,2,103.5,102.3,104.7,102.0,105.0
2022-10,MUN,SP|SAO CAETANO DO SUL,glp,4,114.995,104.49,115.0,99.99,115.0
2022-10,MUN,SP|SAO JOSE DO RIO PRETO,glp,19,110.0,100.0,126.0,99.495,130.0
2022-10,MUN,SP|SAO JOSE DOS CAMPOS,glp,18,108.495,89.99,119.993,84.99,120.0
2022-10,MUN,SP|SAO PAULO,glp,56,111.995,104.995,122.0,98.995,129.99
2022-10,MUN,SP|SOROCABA,glp,19,105.0,99.99,115.4,99.99,118.0
2022-10,MUN,SP|SUZANO,glp,14,109.99,99.99,114.693,98.0,115.0
2022-10,MUN,SP|TAUBATE,glp,11,96.99,87.99,105.0,86.99,106.5
2022-10,MUN,SP|VALINHOS,glp,1,95.99,95.99,95.99,95.99,95.99
2022-10,MUN,SP|VARZEA PAULISTA,glp,9,102.0,94.798,105.9,93.99,109.5
2022-10,MUN,SP|VINHEDO,glp,8,109.45,99.09,113.263,96.99,113.9
2022-10,MUN,SP|VOTORANTIM,glp,1,105.0,105.0,105.0,105.0,105.0
2022-10,MUN,SP|VOTUPORANGA,glp,12,110.0,105.25,116.17,101.5,121.0
2022-10,MUN,TO|ARAGUAINA,glp,7,120.0,120.0,125.0,120.0,125.0
2022-10,MUN,TO|GURUPI,glp,4,122.5,115.093,125.0,112.99,125.0
2022-10,MUN,TO|PALMAS,glp,7,125.0,120.0,130.0,120.0,130.0
2022-10,UF,AC,glp,23,125.0,120.0,132.0,115.0,135.0
2022-10,UF,AL,glp,24,110.0,99.99,115.0,94.0,120.0
2022-10,UF,AM,glp,97,115.0,107.194,120.0,104.0,130.0
2022-10,UF,AP,glp,17,123.0,116.8,128.0,113.0,128.0
2022-10,UF,BA,glp,37,114.99,104.96,120.0,99.99,121.0
2022-10,UF,CE,glp,61,112.0,105.0,120.0,100.0,125.0
2022-10,UF,DF,glp,50,101.99,99.891,110.0,94.99,119.99
2022-10,UF,ES,glp,20,109.0,99.999,115.5,94.99,124.0
2022-10,UF,GO,glp,49,110.0,101.99,120.0,99.99,122.0
2022-10,UF,MA,glp,53,114.99,101.0,114.99,99.99,119.0
2022-10,UF,MG,glp,220,112.45,104.981,125.0,89.995,149.0
2022-10,UF,MS,glp,18,111.5,103.47,130.0,98.0,130.0
2022-10,UF,MT,glp,26,120.0,114.99,135.5,113.0,141.0
2022-10,UF,PA,glp,38,115.0,107.99,120.9,105.0,144.0
2022-10,UF,PB,glp,29,110.0,99.99,120.0,99.99,125.0
2022-10,UF,PE,glp,36,99.995,92.5,115.0,89.99,119.0
2022-10,UF,PI,glp,41,117.5,114.99,120.0,107.0,125.0
2022-10,UF,PR,glp,125,105.9,99.0,120.0,89.9,130.0
2022-10,UF,RJ,glp,151,99.99,89.99,115.0,83.0,132.7
2022-10,UF,RN,glp,29,112.0,99.99,115.4,95.0,125.0
2022-10,UF,RO,glp,30,122.748,109.0,134.1,70.0,135.0
2022-10,UF,RR,glp,26,120.0,113.5,125.0,105.0,128.0
2022-10,UF,RS,glp,126,106.0,99.0,115.0,80.0,129.9
2022-10,UF,SC,glp,61,120.0,113.0,130.0,105.0,145.0
2022-10,UF,SE,glp,18,104.9,100.0,105.3,94.99,109.9
2022-10,UF,SP,glp,463,108.0,95.0,118.0,84.99,139.9
2022-10,UF,TO,glp,18,120.0,120.0,130.0,112.99,130.0
2022-11,BR,BR,glp,2869,110.0,99.9,124.0,80.0,150.0
2022-11,MUN,AC|RIO BRANCO,glp,33,125.0,117.2,131.6,115.0,134.0
2022-11,MUN,AL|ARAPIRACA,glp,7,100.0,99.99,109.994,99.99,110.0
2022-11,MUN,AL|MACEIO,glp,32,110.0,99.99,112.5,94.0,120.0
2022-11,MUN,AM|MANAUS,glp,96,113.0,105.995,120.0,104.0,130.0
2022-11,MUN,AP|MACAPA,glp,18,124.0,117.1,128.0,108.0,128.0
2022-11,MUN,AP|SANTANA,glp,4,113.5,100.1,115.7,95.0,116.0
2022-11,MUN,BA|CAMACARI,glp,8,115.0,113.5,116.2,110.0,119.0
2022-11,MUN,BA|FEIRA DE SANTANA,glp,6,103.995,94.25,108.495,93.5,109.99
2022-11,MUN,BA|ILHEUS,glp,1,127.0,127.0,127.0,127.0,127.0
2022-11,MUN,BA|ITABUNA,glp,7,119.5,104.0,124.0,102.5,130.0
2022-11,MUN,BA|ITAMARAJU,glp,4,105.0,100.0,110.0,100.0,110.0
2022-11,MUN,BA|JACOBINA,glp,1,130.0,130.0,130.0,130.0,130.0
2022-11,MUN,BA|JUAZEIRO,glp,6,110.0,107.5,112.5,107.0,115.0
2022-11,MUN,BA|LAURO DE FREITAS,glp,9,115.0,110.8,115.0,110.0,115.0
2022-11,MUN,BA|SALVADOR,glp,21,118.0,110.0,120.0,105.0,125.0
2022-11,MUN,BA|SENHOR DO BONFIM,glp,1,125.0,125.0,125.0,125.0,125.0
2022-11,MUN,BA|SIMOES FILHO,glp,2,128.5,113.7,143.3,110.0,147.0
2022-11,MUN,BA|VITORIA DA CONQUISTA,glp,1,115.0,115.0,115.0,115.0,115.0
2022-11,MUN,CE|CAUCAIA,glp,14,115.0,101.5,115.0,100.0,120.0
2022-11,MUN,CE|CRATO,glp,10,110.0,109.791,112.3,108.0,115.0
2022-11,MUN,CE|FORTALEZA,glp,33,112.5,108.0,120.0,105.0,125.0
2022-11,MUN,CE|JUAZEIRO DO NORTE,glp,14,110.75,110.0,115.35,107.0,120.0
2022-11,MUN,CE|MARACANAU,glp,11,112.0,109.99,123.0,99.99,125.0
2022-11,MUN,DF|BRASILIA,glp,57,100.995,99.592,109.997,94.99,119.99
2022-11,MUN,ES|CACHOEIRO DE ITAPEMIRIM,glp,7,105.0,103.79,111.0,101.99,120.0
2022-11,MUN,ES|GUARAPARI,glp,7,95.0,94.99,110.0,94.99,110.0
2022-11,MUN,ES|LINHARES,glp,12,115.0,110.0,120.0,110.0,120.0
2022-11,MUN,ES|VILA VELHA,glp,5,105.0,102.0,108.0,100.0,110.0
2022-11,MUN,ES|VITORIA,glp,11,110.0,99.99,110.0,94.99,124.0
2022-11,MUN,GO|AGUAS LINDAS DE GOIAS,glp,18,102.0,95.0,105.0,94.99,106.0
2022-11,MUN,GO|ANAPOLIS,glp,24,118.0,115.45,119.7,105.0,122.0
2022-11,MUN,GO|CATALAO,glp,9,115.0,114.2,120.0,111.0,120.0
2022-11,MUN,GO|GOIANIA,glp,50,112.0,101.791,117.5,98.0,130.0
2022-11,MUN,GO|ITUMBIARA,glp,9,116.0,110.8,125.0,108.0,125.0
2022-11,MUN,GO|LUZIANIA,glp,11,101.99,99.99,109.0,99.99,115.0
2022-11,MUN,GO|TRINDADE,glp,2,110.5,110.1,110.9,110.0,111.0
2022-11,MUN,MA|ACAILANDIA,glp,5,115.0,108.6,115.0,105.0,115.0
2022-11,MUN,MA|BALSAS,glp,2,127.5,125.5,129.5,125.0,130.0
2022-11,MUN,MA|CAXIAS,glp,5,115.0,112.5,119.0,112.5,120.0
2022-11,MUN,MA|IMPERATRIZ,glp,9,100.0,99.99,101.0,99.99,105.0
2022-11,MUN,MA|SAO JOSE DE RIBAMAR,glp,15,114.99,111.99,115.0,109.99,116.99
2022-11,MUN,MA|SAO LUIS,glp,39,114.99,114.99,114.99,100.0,117.0
2022-11,MUN,MG|ARAGUARI,glp,8,110.0,105.0,116.5,105.0,120.0
2022-11,MUN,MG|ARAXA,glp,8,105.0,99.7,108.0,99.0,115.0
2022-11,MUN,MG|BARBACENA,glp,9,105.0,100.0,110.0,100.0,110.0
2022-11,MUN,MG|BELO HORIZONTE,glp,30,115.0,99.99,129.1,99.99,149.0
2022-11,MUN,MG|BETIM,glp,19,110.0,104.4,110.0,100.0,120.0
2022-11,MUN,MG|CARATINGA,glp,9,125.0,116.4,129.9,110.0,129.9
2022-11,MUN,MG|CONTAGEM,glp,22,110.0,100.5,120.0,99.99,128.0
2022-11,MUN,MG|CORONEL FABRICIANO,glp,10,120.0,110.0,120.5,110.0,125.0
2022-11,MUN,MG|DIVINOPOLIS,glp,5,110.0,106.2,113.0,105.0,115.0
2022-11,MUN,MG|FRUTAL,glp,8,109.9,109.9,109.9,109.9,109.9
2022-11,MUN,MG|GOVERNADOR VALADARES,glp,16,123.75,117.5,131.25,110.0,135.0
2022-11,MUN,MG|IPATINGA,glp,7,112.75,110.0,120.0,110.0,120.0
2022-11,MUN,MG|ITUIUTABA,glp,5,100.0,100.0,108.0,100.0,110.0
2022-11,MUN,MG|JUIZ DE FORA,glp,10,94.995,89.49,111.9,84.99,120.0
2022-11,MUN,MG|LAVRAS,glp,8,110.0,105.6,111.5,100.0,115.0
2022-11,MUN,MG|MANHUACU,glp,2,110.0,110.0,110.0,110.0,110.0
2022-11,MUN,MG|MONTE CARMELO,glp,7,110.0,110.0,113.8,110.0,115.0
2022-11,MUN,MG|MONTES CLAROS,glp,32,120.0,114.346,128.8,104.0,139.0
2022-11,MUN,MG|NOVA LIMA,glp,8,111.5,107.85,115.3,107.5,116.0
2022-11,MUN,MG|PARA DE MINAS,glp,8,115.0,113.13,124.93,109.0,125.0
2022-11,MUN,MG|PASSOS,glp,2,112.5,110.5,114.5,110.0,115.0
2022-11,MUN,MG|PATOS DE MINAS,glp,13,115.0,105.0,124.0,100.0,125.0
2022-11,MUN,MG|POUSO ALEGRE,glp,14,108.75,93.0,115.0,89.99,115.0
2022-11,MUN,MG|SAO JOAO DEL REI,glp,6,107.5,100.0,112.5,95.0,115.0
2022-11,MUN,MG|SAO SEBASTIAO DO PARAISO,glp,5,99.9,95.0,100.0,95.0,100.0
2022-11,MUN,MG|SETE LAGOAS,glp,10,108.95,99.999,121.0,99.99,130.0
2022-11,MUN,MG|TEOFILO OTONI,glp,2,117.495,115.491,119.499,114.99,120.0
2022-11,MUN,MG|TIMOTEO,glp,6,115.0,113.75,125.0,112.5,125.0
2022-11,MUN,MG|UBERABA,glp,10,106.0,99.899,116.0,98.99,125.0
2022-11,MUN,MG|UBERLANDIA,glp,24,118.75,101.5,123.5,100.0,125.0
2022-11,MUN,MS|CAMPO GRANDE,glp,31,110.0,110.0,115.0,98.0,125.0
2022-11,MUN,MS|DOURADOS,glp,11,120.0,110.0,130.0,108.0,130.0
2022-11,MUN,MS|TRES LAGOAS,glp,10,115.0,110.0,120.8,110.0,128.0
2022-11,MUN,MT|CACERES,glp,11,105.0,104.99,115.0,104.99,120.0
2022-11,MUN,MT|CUIABA,glp,34,122.5,119.99,135.0,112.99,141.0
2022-11,MUN,MT|RONDONOPOLIS,glp,7,130.0,124.996,135.0,124.99,135.0
2022-11,MUN,MT|SINOP,glp,15,142.5,140.0,150.0,140.0,150.0
2022-11,MUN,MT|VARZEA GRANDE,glp,28,120.0,115.0,120.0,111.995,130.0
2022-11,MUN,PA|BELEM,glp,36,110.0,106.495,119.75,103.0,144.0
2022-11,MUN,PA|CASTANHAL,glp,11,115.0,115.0,115.0,113.0,125.0
2022-11,MUN,PA|ITAITUBA,glp,3,130.0,126.8,131.6,126.0,132.0
2022-11,MUN,PA|MARABA,glp,6,122.495,114.968,130.0,109.99,130.0
2022-11,MUN,PA|REDENCAO,glp,4,150.0,144.75,150.0,142.5,150.0
2022-11,MUN,PA|SANTAREM,glp,2,116.5,115.3,117.7,115.0,118.0
2022-11,MUN,PB|BAYEUX,glp,9,110.0,110.0,110.6,110.0,113.0
2022-11,MUN,PB|CAMPINA GRANDE,glp,12,120.0,110.0,120.0,109.0,125.0
2022-11,MUN,PB|JOAO PESSOA,glp,32,109.995,99.99,110.0,99.495,120.0
2022-11,MUN,PE|CARUARU,glp,15,90.0,90.0,95.0,89.99,100.0
2022-11,MUN,PE|GARANHUNS,glp,8,104.99,104.99,105.0,104.99,105.0
2022-11,MUN,PE|JABOATAO DOS GUARARAPES,glp,15,100.0,97.194,108.0,92.0,120.0
2022-11,MUN,PE|OLINDA,glp,9,98.0,95.0,116.0,95.0,140.0
2022-11,MUN,PE|PETROLINA,glp,10,110.0,105.0,116.15,105.0,117.5
2022-11,MUN,PE|RECIFE,glp,15,99.99,95.0,111.2,93.0,119.0
2022-11,MUN,PI|PARNAIBA,glp,6,115.0,97.5,115.0,80.0,115.0
2022-11,MUN,PI|PICOS,glp,6,112.5,105.0,119.748,105.0,120.0
2022-11,MUN,PI|TERESINA,glp,40,119.995,112.25,120.0,107.0,130.0
2022-11,MUN,PR|APUCARANA,glp,7,100.0,100.0,115.0,100.0,115.0
2022-11,MUN,PR|ARAPONGAS,glp,5,108.0,105.0,109.96,105.0,110.0
2022-11,MUN,PR|ARAUCARIA,glp,6,105.0,104.5,116.5,104.0,125.0
2022-11,MUN,PR|CAMBE,glp,10,115.45,109.75,120.5,107.5,125.0
2022-11,MUN,PR|CAMPO LARGO,glp,8,109.0,105.0,110.0,105.0,110.0
2022-11,MUN,PR|CASCAVEL,glp,12,130.0,113.1,130.0,110.0,130.0
2022-11,MUN,PR|COLOMBO,glp,11,99.9,94.9,99.99,93.45,105.0
2022-11,MUN,PR|CURITIBA,glp,49,105.0,99.9,109.96,88.9,115.9
2022-11,MUN,PR|FOZ DO IGUACU,glp,18,110.0,100.0,120.0,99.99,125.0
2022-11,MUN,PR|GUARAPUAVA,glp,9,118.0,112.4,120.0,110.0,120.0
2022-11,MUN,PR|LONDRINA,glp,22,110.0,100.0,124.5,95.0,130.0
2022-11,MUN,PR|MARINGA,glp,13,122.5,115.0,129.6,110.0,130.0
2022-11,MUN,PR|PARANAVAI,glp,3,99.9,95.9,103.98,94.9,105.0
2022-11,MUN,PR|PINHAIS,glp,3,110.0,102.0,110.0,100.0,110.0
2022-11,MUN,PR|PONTA GROSSA,glp,13,110.0,102.6,115.0,99.9,115.0
2022-11,MUN,PR|SAO JOSE DOS PINHAIS,glp,15,101.0,93.2,108.8,89.9,110.0
2022-11,MUN,PR|TOLEDO,glp,5,110.0,109.997,120.0,109.995,120.0
2022-11,MUN,PR|UMUARAMA,glp,6,120.0,112.5,122.5,110.0,125.0
2022-11,MUN,RJ|ANGRA DOS REIS,glp,10,120.0,119.41,120.0,115.0,120.0
2022-11,MUN,RJ|BARRA MANSA,glp,9,99.9,99.9,104.18,99.9,104.9
2022-11,MUN,RJ|BELFORD ROXO,glp,8,92.495,89.997,98.25,89.99,100.0
2022-11,MUN,RJ|CABO FRIO,glp,9,96.99,85.79,99.992,84.99,100.0
2022-11,MUN,RJ|CAMPOS DOS GOYTACAZES,glp,7,99.5,93.596,102.0,89.99,105.0
2022-11,MUN,RJ|DUQUE DE CAXIAS,glp,19,89.99,85.792,96.798,85.0,105.0
2022-11,MUN,RJ|NILOPOLIS,glp,10,105.0,102.246,105.25,100.0,107.5
2022-11,MUN,RJ|NITEROI,glp,6,91.5,88.5,100.0,87.0,105.0
2022-11,MUN,RJ|NOVA FRIBURGO,glp,10,108.0,107.699,110.0,104.99,110.0
2022-11,MUN,RJ|NOVA IGUACU,glp,21,97.99,84.99,105.0,83.0,115.0
2022-11,MUN,RJ|PETROPOLIS,glp,3,102.495,96.499,104.499,95.0,105.0
2022-11,MUN,RJ|RESENDE,glp,4,115.495,115.0,118.797,115.0,120.0
2022-11,MUN,RJ|RIO DE JANEIRO,glp,42,99.495,90.191,100.855,86.0,117.0
2022-11,MUN,RJ|SAO GONCALO,glp,7,94.99,93.593,99.99,92.99,99.99
2022-11,MUN,RJ|SAO JOAO DE MERITI,glp,12,94.995,92.649,99.994,89.99,100.0
2022-11,MUN,RJ|TERESOPOLIS,glp,6,110.0,106.45,115.95,105.0,117.9
2022-11,MUN,RJ|VOLTA REDONDA,glp,8,105.945,102.9,107.55,102.9,110.0
2022-11,MUN,RN|MOSSORO,glp,6,116.0,112.0,122.5,112.0,125.0
2022-11,MUN,RN|NATAL,glp,12,110.0,95.499,115.0,95.0,120.0
2022-11,MUN,RN|PARNAMIRIM,glp,16,112.5,109.972,115.0,99.99,116.0
2022-11,MUN,RO|ARIQUEMES,glp,4,131.5,121.6,134.4,118.0,135.0
2022-11,MUN,RO|JI-PARANA,glp,9,129.0,124.0,131.0,120.0,135.0
2022-11,MUN,RO|PORTO VELHO,glp,31,120.0,110.0,135.0,106.0,140.0
2022-11,MUN,RO|VILHENA,glp,1,145.0,145.0,145.0,145.0,145.0
2022-11,MUN,RR|BOA VISTA,glp,28,120.0,115.56,125.0,109.0,128.0
2022-11,MUN,RS|ALVORADA,glp,3,100.0,96.0,108.0,95.0,110.0
2022-11,MUN,RS|BAGE,glp,7,120.0,118.0,130.0,115.0,130.0
2022-11,MUN,RS|BENTO GONCALVES,glp,3,125.0,111.4,125.8,108.0,126.0
2022-11,MUN,RS|CACHOEIRINHA,glp,7,105.0,103.0,111.2,100.0,113.0
2022-11,MUN,RS|CANOAS,glp,12,102.25,99.0,105.0,98.0,105.0
2022-11,MUN,RS|CAXIAS DO SUL,glp,19,110.0,105.72,115.92,100.0,120.0
2022-11,MUN,RS|ERECHIM,glp,11,123.0,121.0,124.5,120.0,130.0
2022-11,MUN,RS|ESTEIO,glp,7,105.0,102.0,109.6,102.0,112.0
2022-11,MUN,RS|GRAVATAI,glp,9,107.0,101.9,108.2,97.5,109.0
2022-11,MUN,RS|NOVO HAMBURGO,glp,9,98.0,96.8,100.0,96.0,100.0
2022-11,MUN,RS|PASSO FUNDO,glp,4,112.5,110.0,115.0,110.0,115.0
2022-11,MUN,RS|PELOTAS,glp,14,108.0,105.0,110.0,101.9,115.0
2022-11,MUN,RS|PORTO ALEGRE,glp,12,110.0,110.0,115.7,109.0,116.9
2022-11,MUN,RS|SANTA CRUZ DO SUL,glp,9,110.0,109.0,110.0,105.0,110.0
2022-11,MUN,RS|SANTA MARIA,glp,21,108.0,105.0,120.0,103.0,129.9
2022-11,MUN,RS|SAO LEOPOLDO,glp,9,102.0,96.6,105.5,95.0,107.5
2022-11,MUN,RS|SAPIRANGA,glp,8,107.75,104.25,110.6,102.5,112.0
2022-11,MUN,RS|SAPUCAIA DO SUL,glp,10,101.0,100.0,108.1,100.0,109.0
2022-11,MUN,RS|VIAMAO,glp,5,107.0,100.56,114.96,99.0,115.0
2022-11,MUN,SC|BALNEARIO CAMBORIU,glp,1,119.99,119.99,119.99,119.99,119.99
2022-11,MUN,SC|BIGUACU,glp,3,123.0,122.992,124.6,122.99,125.0
2022-11,MUN,SC|BLUMENAU,glp,11,130.0,110.0,132.5,105.0,135.0
2022-11,MUN,SC|BRUSQUE,glp,6,122.925,121.0,125.0,120.0,125.0
2022-11,MUN,SC|CHAPECO,glp,5,130.0,123.2,130.0,120.0,130.0
2022-11,MUN,SC|CRICIUMA,glp,6,118.0,116.5,119.0,115.0,119.0
2022-11,MUN,SC|FLORIANOPOLIS,glp,8,124.0,117.9,126.5,113.0,130.0
2022-11,MUN,SC|ITAJAI,glp,7,130.0,113.8,130.0,112.0,130.0
2022-11,MUN,SC|JOINVILLE,glp,13,118.0,115.0,128.0,115.0,133.0
2022-11,MUN,SC|LAGES,glp,6,118.75,111.5,130.0,110.0,130.0
2022-11,MUN,SC|PALHOCA,glp,7,118.0,114.8,128.796,114.5,129.99
2022-11,MUN,SC|SAO JOSE,glp,4,123.5,122.0,125.7,122.0,126.0
2022-11,MUN,SC|TUBARAO,glp,3,120.0,118.0,124.0,117.5,125.0
2022-11,MUN,SE|ARACAJU,glp,20,104.9,99.94,105.0,99.9,106.0
2022-11,MUN,SP|AMERICANA,glp,1,111.0,111.0,111.0,111.0,111.0
2022-11,MUN,SP|AMPARO,glp,5,110.0,110.0,118.8,110.0,120.0
2022-11,MUN,SP|ARACATUBA,glp,14,97.495,89.99,110.0,89.99,115.0
2022-11,MUN,SP|ARARAQUARA,glp,17,112.5,108.0,121.4,104.99,127.0
2022-11,MUN,SP|ARARAS,glp,8,105.0,104.697,110.0,103.99,110.0
2022-11,MUN,SP|ASSIS,glp,2,107.45,97.41,117.49,94.9,120.0
2022-11,MUN,SP|ATIBAIA,glp,13,115.0,105.0,118.8,99.0,120.0
2022-11,MUN,SP|BARRETOS,glp,5,110.0,107.0,118.0,105.0,120.0
2022-11,MUN,SP|BARUERI,glp,8,109.99,100.0,110.6,100.0,112.0
2022-11,MUN,SP|BAURU,glp,15,99.99,95.0,110.0,94.0,110.0
2022-11,MUN,SP|BIRIGUI,glp,11,110.0,100.0,115.0,99.0,115.0
2022-11,MUN,SP|BOTUCATU,glp,10,99.99,99.455,105.5,95.0,110.0
2022-11,MUN,SP|BRAGANCA PAULISTA,glp,13,109.99,105.0,110.0,100.0,114.99
2022-11,MUN,SP|CACAPAVA,glp,8,97.0,89.69,101.491,88.99,104.995
2022-11,MUN,SP|CAMPINAS,glp,16,113.74,109.99,114.99,109.99,115.0
2022-11,MUN,SP|CARAPICUIBA,glp,15,107.995,99.992,110.0,99.99,114.99
2022-11,MUN,SP|CATANDUVA,glp,4,109.95,105.0,118.47,105.0,120.0
2022-11,MUN,SP|COTIA,glp,2,113.995,110.791,117.199,109.99,118.0
2022-11,MUN,SP|DIADEMA,glp,11,111.99,104.99,130.0,104.99,130.0
2022-11,MUN,SP|EMBU DAS ARTES,glp,11,109.9,99.99,110.0,98.99,114.99
2022-11,MUN,SP|FRANCA,glp,17,110.0,104.99,120.0,99.99,130.0
2022-11,MUN,SP|GUARATINGUETA,glp,4,94.95,86.493,99.963,84.99,99.99
2022-11,MUN,SP|GUARULHOS,glp,16,96.49,89.99,99.99,89.99,104.99
2022-11,MUN,SP|INDAIATUBA,glp,6,110.0,104.5,113.5,102.0,114.0
2022-11,MUN,SP|ITAPECERICA DA SERRA,glp,6,99.99,93.99,104.995,87.99,110.0
2022-11,MUN,SP|ITAPIRA,glp,7,102.0,99.194,105.8,98.0,110.0
2022-11,MUN,SP|ITAQUAQUECETUBA,glp,4,94.99,94.99,98.49,94.99,99.99
2022-11,MUN,SP|ITATIBA,glp,9,105.0,104.0,111.0,104.0,115.0
2022-11,MUN,SP|ITU,glp,1,110.0,110.0,110.0,110.0,110.0
2022-11,MUN,SP|JACAREI,glp,15,109.0,100.0,114.9,95.0,115.0
2022-11,MUN,SP|JALES,glp,8,100.0,93.5,106.2,90.0,109.0
2022-11,MUN,SP|JAU,glp,4,116.5,107.93,118.0,104.9,118.0
2022-11,MUN,SP|JUNDIAI,glp,11,110.0,104.49,118.0,104.0,119.0
2022-11,MUN,SP|LIMEIRA,glp,10,100.0,99.995,101.5,99.995,115.0
2022-11,MUN,SP|LINS,glp,4,102.5,99.93,106.75,99.9,107.5
2022-11,MUN,SP|MARILIA,glp,1,115.0,115.0,115.0,115.0,115.0
2022-11,MUN,SP|MATAO,glp,7,110.0,100.0,118.0,100.0,130.0
2022-11,MUN,SP|MIRASSOL,glp,9,105.0,99.792,110.0,99.0,110.0
2022-11,MUN,SP|MOGI DAS CRUZES,glp,7,104.99,99.19,108.49,97.99,111.49
2022-11,MUN,SP|MOGI GUACU,glp,9,100.0,99.99,108.4,99.99,110.0
2022-11,MUN,SP|MOGI MIRIM,glp,9,100.0,89.99,103.0,89.99,103.0
2022-11,MUN,SP|OSASCO,glp,8,108.742,98.797,110.597,95.99,111.99
2022-11,MUN,SP|PINDAMONHANGABA,glp,13,104.0,95.0,114.0,93.0,115.0
2022-11,MUN,SP|PIRACICABA,glp,14,104.99,97.897,115.0,95.99,115.0
2022-11,MUN,SP|PRESIDENTE PRUDENTE,glp,11,107.0,97.99,110.0,95.0,113.0
2022-11,MUN,SP|RIBEIRAO PRETO,glp,9,115.0,105.8,124.99,89.0,124.99
2022-11,MUN,SP|RIO CLARO,glp,8,103.75,99.997,112.397,99.99,117.99
2022-11,MUN,SP|SANTO ANDRE,glp,12,106.0,100.199,114.99,99.99,116.99
2022-11,MUN,SP|SANTOS,glp,14,113.5,109.9,127.53,106.0,139.9
2022-11,MUN,SP|SAO BERNARDO DO CAMPO,glp,6,107.495,99.5,117.495,97.0,117.99
2022-11,MUN,SP|SAO CAETANO DO SUL,glp,6,115.0,107.49,115.0,99.99,115.0
2022-11,MUN,SP|SAO CARLOS,glp,20,111.198,105.0,117.35,105.0,130.0
2022-11,MUN,SP|SAO JOSE DO RIO PRETO,glp,28,109.99,100.0,125.0,99.99,130.0
2022-11,MUN,SP|SAO JOSE DOS CAMPOS,glp,19,109.99,97.99,119.992,80.0,120.0
2022-11,MUN,SP|SAO PAULO,glp,67,110.0,105.0,120.796,89.99,129.99
2022-11,MUN,SP|SOROCABA,glp,13,105.0,100.491,110.0,99.99,118.0
2022-11,MUN,SP|SUZANO,glp,16,100.0,99.99,114.495,98.0,115.0
2022-11,MUN,SP|TABOAO DA SERRA,glp,10,99.99,95.0,110.19,95.0,111.99
2022-11,MUN,SP|TAUBATE,glp,13,97.5,88.39,105.0,86.99,105.0
2022-11,MUN,SP|VALINHOS,glp,10,99.9,95.99,109.91,95.99,110.0
2022-11,MUN,SP|VARZEA PAULISTA,glp,9,102.0,96.79,105.0,93.99,105.0
2022-11,MUN,SP|VINHEDO,glp,8,111.0,99.09,113.263,96.99,113.9
2022-11,MUN,SP|VOTORANTIM,glp,5,105.0,104.994,108.0,104.99,110.0
2022-11,MUN,SP|VOTUPORANGA,glp,13,110.0,105.5,119.52,100.95,125.0
2022-11,MUN,TO|ARAGUAINA,glp,16,120.0,120.0,125.0,120.0,125.0
2022-11,MUN,TO|GURUPI,glp,10,125.0,121.8,125.0,120.0,125.0
2022-11,MUN,TO|PALMAS,glp,21,125.0,120.0,130.0,120.0,130.0
2022-11,UF,AC,glp,33,125.0,117.2,131.6,115.0,134.0
2022-11,UF,AL,glp,39,110.0,99.99,112.5,94.0,120.0
2022-11,UF,AM,glp,96,113.0,105.995,120.0,104.0,130.0
2022-11,UF,AP,glp,22,122.5,112.3,128.0,95.0,128.0
2022-11,UF,BA,glp,67,115.0,105.0,120.0,93.5,147.0
2022-11,UF,CE,glp,82,112.0,107.991,120.0,99.99,125.0
2022-11,UF,DF,glp,57,100.995,99.592,109.997,94.99,119.99
2022-11,UF,ES,glp,42,110.0,95.499,119.5,94.99,124.0
2022-11,UF,GO,glp,123,112.5,100.0,119.0,94.99,130.0
2022-11,UF,MA,glp,75,114.99,100.0,115.0,99.99,130.0
2022-11,UF,MG,glp,323,110.0,100.0,125.0,84.99,149.0
2022-11,UF,MS,glp,52,110.0,110.0,120.0,98.0,130.0
2022-11,UF,MT,glp,95,120.0,113.796,140.6,104.99,150.0
2022-11,UF,PA,glp,62,115.0,107.99,130.0,103.0,150.0
2022-11,UF,PB,glp,53,110.0,99.99,120.0,99.495,125.0
2022-11,UF,PE,glp,72,100.0,90.0,111.8,89.99,140.0
2022-11,UF,PI,glp,52,115.0,110.0,120.0,80.0,130.0
2022-11,UF,PR,glp,215,108.0,99.9,124.2,88.9,130.0
2022-11,UF,RJ,glp,191,99.99,89.99,110.0,83.0,120.0
2022-11,UF,RN,glp,34,112.25,101.493,116.7,95.0,125.0
2022-11,UF,RO,glp,45,125.0,110.0,135.0,106.0,145.0
2022-11,UF,RR,glp,28,120.0,115.56,125.0,109.0,128.0
2022-11,UF,RS,glp,179,108.0,100.0,120.0,95.0,130.0
2022-11,UF,SC,glp,80,122.25,115.0,130.0,105.0,135.0
2022-11,UF,SE,glp,20,104.9,99.94,105.0,99.9,106.0
2022-11,UF,SP,glp,685,107.995,97.994,117.834,80.0,139.9
2022-11,UF,TO,glp,47,125.0,120.0,126.0,120.0,130.0
2022-12,BR,BR,glp,3720,110.0,96.999,125.0,80.0,150.0
2022-12,MUN,AC|RIO BRANCO,glp,35,122.0,115.0,132.0,110.0,135.0
2022-12,MUN,AL|ARAPIRACA,glp,8,100.0,99.99,100.897,99.99,102.99
2022-12,MUN,AL|MACEIO,glp,32,110.0,99.99,115.0,94.0,115.0
2022-12,MUN,AM|MANAUS,glp,99,120.0,112.5,128.0,108.5,135.0
2022-12,MUN,AM|PARINTINS,glp,1,138.0,138.0,138.0,138.0,138.0
2022-12,MUN,AP|MACAPA,glp,18,120.25,110.4,128.0,108.0,128.0
2022-12,MUN,AP|SANTANA,glp,2,114.0,113.2,114.8,113.0,115.0
2022-12,MUN,BA|BARREIRAS,glp,1,140.0,140.0,140.0,140.0,140.0
2022-12,MUN,BA|CAMACARI,glp,11,115.0,115.0,115.0,110.0,119.0
2022-12,MUN,BA|FEIRA DE SANTANA,glp,11,105.0,95.0,110.0,95.0,110.0
2022-12,MUN,BA|ILHEUS,glp,4,126.0,124.3,136.1,124.0,140.0
2022-12,MUN,BA|ITABUNA,glp,7,120.0,103.0,120.0,100.0,120.0
2022-12,MUN,BA|ITAMARAJU,glp,5,110.0,100.0,110.0,100.0,110.0
2022-12,MUN,BA|JEQUIE,glp,6,98.0,96.5,98.0,95.0,98.0
2022-12,MUN,BA|JUAZEIRO,glp,6,111.0,101.5,115.0,98.0,115.0
2022-12,MUN,BA|LAURO DE FREITAS,glp,10,112.0,109.8,119.991,108.0,120.0
2022-12,MUN,BA|SALVADOR,glp,26,117.75,103.5,120.0,99.99,129.0
2022-12,MUN,BA|SIMOES FILHO,glp,6,112.495,107.5,124.995,105.0,129.99
2022-12,MUN,CE|CAUCAIA,glp,14,115.0,105.0,118.5,100.0,120.0
2022-12,MUN,CE|CRATO,glp,9,110.0,109.598,112.0,107.99,112.0
2022-12,MUN,CE|FORTALEZA,glp,39,110.0,104.99,120.0,97.0,125.0
2022-12,MUN,CE|ITAPIPOCA,glp,4,113.75,110.75,115.0,110.0,115.0
2022-12,MUN,CE|JUAZEIRO DO NORTE,glp,12,110.0,108.0,113.0,107.5,120.0
2022-12,MUN,CE|LIMOEIRO DO NORTE,glp,7,120.0,114.5,121.0,110.0,122.5
2022-12,MUN,CE|MARACANAU,glp,11,109.99,109.0,123.0,98.495,125.0
2022-12,MUN,DF|BRASILIA,glp,58,99.99,97.34,107.644,91.99,119.99
2022-12,MUN,ES|CACHOEIRO DE ITAPEMIRIM,glp,6,105.0,103.742,108.5,102.495,110.0
2022-12,MUN,ES|CARIACICA,glp,9,95.0,95.0,110.0,95.0,110.0
2022-12,MUN,ES|GUARAPARI,glp,14,94.995,94.99,107.0,94.99,110.0
2022-12,MUN,ES|LINHARES,glp,12,115.0,110.0,115.0,110.0,120.0
2022-12,MUN,ES|SERRA,glp,12,99.495,94.955,115.0,94.95,115.0
2022-12,MUN,ES|VILA VELHA,glp,16,105.0,101.25,105.225,95.0,110.0
2022-12,MUN,ES|VITORIA,glp,10,110.0,99.49,110.0,94.99,110.0
2022-12,MUN,GO|AGUAS LINDAS DE GOIAS,glp,23,103.99,99.992,105.0,99.99,105.0
2022-12,MUN,GO|ANAPOLIS,glp,21,120.0,113.0,120.0,106.0,120.0
2022-12,MUN,GO|APARECIDA DE GOIANIA,glp,1,110.0,110.0,110.0,110.0,110.0
2022-12,MUN,GO|CATALAO,glp,9,115.0,112.4,118.0,110.0,120.0
2022-12,MUN,GO|FORMOSA,glp,3,108.0,105.6,113.6,105.0,115.0
2022-12,MUN,GO|GOIANIA,glp,55,110.0,100.0,120.0,99.99,130.0
2022-12,MUN,GO|ITUMBIARA,glp,9,115.0,109.0,121.0,105.0,125.0
2022-12,MUN,GO|JATAI,glp,7,135.0,135.0,135.0,135.0,135.0
2022-12,MUN,GO|LUZIANIA,glp,15,105.0,99.99,115.0,99.99,115.0
2022-12,MUN,GO|RIO VERDE,glp,12,125.0,120.0,130.0,110.0,135.0
2022-12,MUN,GO|TRINDADE,glp,15,100.0,99.994,108.0,99.99,110.0
2022-12,MUN,MA|ACAILANDIA,glp,8,106.25,104.997,116.5,104.99,120.0
2022-12,MUN,MA|BALSAS,glp,1,125.0,125.0,125.0,125.0,125.0
2022-12,MUN,MA|CAXIAS,glp,6,115.0,110.0,117.5,110.0,120.0
2022-12,MUN,MA|IMPERATRIZ,glp,16,100.0,93.998,102.5,93.0,109.995
2022-12,MUN,MA|SAO JOSE DE RIBAMAR,glp,14,109.99,109.99,114.997,109.99,116.99
2022-12,MUN,MA|SAO LUIS,glp,39,109.99,109.99,114.99,100.0,115.0
2022-12,MUN,MG|ARAGUARI,glp,8,110.0,105.0,115.0,105.0,115.0
2022-12,MUN,MG|ARAXA,glp,7,100.0,99.6,115.0,99.0,130.0
2022-12,MUN,MG|BARBACENA,glp,9,107.0,100.0,110.0,100.0,110.0
2022-12,MUN,MG|BELO HORIZONTE,glp,33,114.99,99.99,128.2,98.0,149.0
2022-12,MUN,MG|BETIM,glp,18,107.0,100.0,110.15,97.5,113.5
2022-12,MUN,MG|CARATINGA,glp,9,120.0,116.4,125.98,110.0,129.9
2022-12,MUN,MG|CONSELHEIRO LAFAIETE,glp,8,98.0,95.0,110.0,95.0,110.0
2022-12,MUN,MG|CONTAGEM,glp,26,110.0,99.99,116.5,97.99,120.0
2022-12,MUN,MG|CORONEL FABRICIANO,glp,12,120.0,110.0,120.0,110.0,125.0
2022-12,MUN,MG|DIVINOPOLIS,glp,6,110.0,107.5,112.5,105.0,115.0
2022-12,MUN,MG|FRUTAL,glp,9,109.9,109.9,109.99,109.9,109.99
2022-12,MUN,MG|GOVERNADOR VALADARES,glp,15,122.0,115.0,132.2,110.0,135.0
2022-12,MUN,MG|IPATINGA,glp,12,118.0,106.0,120.0,105.0,124.0
2022-12,MUN,MG|ITUIUTABA,glp,10,100.0,99.9,105.5,99.0,110.0
2022-12,MUN,MG|JUIZ DE FORA,glp,3,96.0,87.192,99.2,84.99,100.0
2022-12,MUN,MG|LAVRAS,glp,7,110.0,104.8,119.0,100.0,125.0
2022-12,MUN,MG|MANHUACU,glp,5,110.0,101.96,110.0,100.0,110.0
2022-12,MUN,MG|MONTE CARMELO,glp,9,109.0,104.0,111.0,100.0,115.0
2022-12,MUN,MG|MONTES CLAROS,glp,31,120.0,106.99,125.0,80.0,137.0
2022-12,MUN,MG|MURIAE,glp,7,110.0,99.96,118.0,99.9,118.0
2022-12,MUN,MG|NOVA LIMA,glp,9,112.0,107.0,114.2,103.0,115.0
2022-12,MUN,MG|PARA DE MINAS,glp,8,114.975,108.515,124.93,104.0,125.0
2022-12,MUN,MG|PASSOS,glp,2,112.5,110.5,114.5,110.0,115.0
2022-12,MUN,MG|PATOS DE MINAS,glp,13,110.0,102.8,120.0,98.44,125.0
2022-12,MUN,MG|POUSO ALEGRE,glp,13,115.0,92.0,115.0,89.99,115.0
2022-12,MUN,MG|SAO JOAO DEL REI,glp,5,110.0,102.0,113.0,100.0,115.0
2022-12,MUN,MG|SETE LAGOAS,glp,13,107.0,99.992,120.0,99.99,130.0
2022-12,MUN,MG|TEOFILO OTONI,glp,11,113.0,111.0,114.99,110.0,115.0
2022-12,MUN,MG|TIMOTEO,glp,7,115.0,110.9,125.0,110.0,125.0
2022-12,MUN,MG|UBERABA,glp,17,105.0,98.594,114.0,95.0,125.0
2022-12,MUN,MG|UBERLANDIA,glp,24,112.5,100.6,120.0,95.0,125.0
2022-12,MUN,MS|CAMPO GRANDE,glp,18,110.0,104.997,110.0,99.9,110.0
2022-12,MUN,MS|DOURADOS,glp,19,130.0,109.6,130.0,108.0,130.0
2022-12,MUN,MS|TRES LAGOAS,glp,11,115.0,110.0,115.0,110.0,115.0
2022-12,MUN,MT|CACERES,glp,12,108.75,99.99,120.0,99.99,120.0
2022-12,MUN,MT|CUIABA,glp,41,120.0,119.99,135.0,110.0,140.0
2022-12,MUN,MT|RONDONOPOLIS,glp,14,130.0,125.0,130.0,123.0,135.0
2022-12,MUN,MT|SINOP,glp,18,142.0,140.0,150.0,140.0,150.0
2022-12,MUN,MT|VARZEA GRANDE,glp,28,120.0,114.1,124.75,107.49,140.0
2022-12,MUN,PA|ALENQUER,glp,1,118.0,118.0,118.0,118.0,118.0
2022-12,MUN,PA|ALTAMIRA,glp,3,138.0,131.6,147.6,130.0,150.0
2022-12,MUN,PA|ANANINDEUA,glp,11,110.0,100.0,115.0,99.99,115.0
2022-12,MUN,PA|BELEM,glp,40,110.0,102.891,119.55,98.99,144.0
2022-12,MUN,PA|CASTANHAL,glp,11,115.0,105.0,115.0,105.0,125.0
2022-12,MUN,PA|CONCEICAO DO ARAGUAIA,glp,3,120.0,112.0,120.0,110.0,120.0
2022-12,MUN,PA|ITAITUBA,glp,6,130.0,125.5,133.5,125.0,135.0
2022-12,MUN,PA|MARABA,glp,6,122.5,112.99,127.5,109.99,130.0
2022-12,MUN,PA|REDENCAO,glp,7,140.0,140.0,147.0,140.0,150.0
2022-12,MUN,PA|SANTAREM,glp,22,111.0,100.0,119.8,90.0,120.0
2022-12,MUN,PB|BAYEUX,glp,9,107.5,106.0,110.3,106.0,111.5
2022-12,MUN,PB|CABEDELO,glp,8,105.0,102.9,115.0,98.0,115.0
2022-12,MUN,PB|CAMPINA GRANDE,glp,14,120.0,110.0,120.0,100.0,120.0
2022-12,MUN,PB|JOAO PESSOA,glp,37,110.0,99.996,115.0,94.99,120.0
2022-12,MUN,PB|PATOS,glp,7,112.0,109.2,115.0,108.0,118.0
2022-12,MUN,PE|ARARIPINA,glp,7,115.0,115.0,115.0,115.0,115.0
2022-12,MUN,PE|CABO DE SANTO AGOSTINHO,glp,6,97.495,94.0,100.0,93.0,100.0
2022-12,MUN,PE|CARUARU,glp,14,95.0,92.0,98.5,90.0,100.0
2022-12,MUN,PE|GARANHUNS,glp,9,104.99,104.99,105.0,104.99,105.0
2022-12,MUN,PE|JABOATAO DOS GUARARAPES,glp,16,100.0,97.495,101.0,94.99,124.0
2022-12,MUN,PE|OLINDA,glp,13,100.0,95.0,102.0,95.0,140.0
2022-12,MUN,PE|PAULISTA,glp,12,100.0,97.3,102.25,95.0,105.0
2022-12,MUN,PE|PETROLINA,glp,11,110.0,105.0,115.0,105.0,115.0
2022-12,MUN,PE|RECIFE,glp,22,100.0,95.0,110.0,93.0,119.0
2022-12,MUN,PE|SERRA TALHADA,glp,7,112.0,112.0,122.0,112.0,125.0
2022-12,MUN,PI|PARNAIBA,glp,7,115.0,99.5,115.0,80.0,115.0
2022-12,MUN,PI|PICOS,glp,8,111.25,106.75,116.5,105.0,120.0
2022-12,MUN,PI|TERESINA,glp,40,115.0,110.0,120.0,107.0,125.0
2022-12,MUN,PR|APUCARANA,glp,13,100.0,100.0,105.0,99.99,110.0
2022-12,MUN,PR|ARAPONGAS,glp,13,110.0,105.0,110.0,105.0,125.0
2022-12,MUN,PR|ARAUCARIA,glp,6,105.0,104.5,116.5,104.0,125.0
2022-12,MUN,PR|CAMBE,glp,10,114.25,109.75,120.5,107.5,125.0
2022-12,MUN,PR|CAMPO LARGO,glp,14,102.5,99.9,105.0,99.9,110.0
2022-12,MUN,PR|CASCAVEL,glp,13,130.0,110.0,130.0,110.0,130.0
2022-12,MUN,PR|COLOMBO,glp,20,96.45,91.781,99.99,89.9,99.99
2022-12,MUN,PR|CURITIBA,glp,59,102.45,96.6,108.39,92.9,119.99
2022-12,MUN,PR|FOZ DO IGUACU,glp,19,107.5,99.5,120.0,89.99,120.0
2022-12,MUN,PR|GUARAPUAVA,glp,12,113.75,110.0,120.0,108.95,120.0
2022-12,MUN,PR|LONDRINA,glp,23,107.5,98.0,124.0,95.0,125.0
2022-12,MUN,PR|MARINGA,glp,18,122.5,113.5,128.6,110.0,130.0
2022-12,MUN,PR|PARANAGUA,glp,8,96.5,92.1,105.9,90.0,115.0
2022-12,MUN,PR|PARANAVAI,glp,8,115.0,89.963,121.5,89.9,125.0
2022-12,MUN,PR|PINHAIS,glp,10,107.0,100.0,110.0,100.0,110.0
2022-12,MUN,PR|PONTA GROSSA,glp,19,105.0,98.8,115.0,89.9,115.0
2022-12,MUN,PR|SAO JOSE DOS PINHAIS,glp,22,96.0,95.0,106.4,89.9,110.0
2022-12,MUN,PR|TOLEDO,glp,7,109.99,108.0,113.994,108.0,120.0
2022-12,MUN,PR|UMUARAMA,glp,6,120.0,115.0,120.0,110.0,120.0
2022-12,MUN,RJ|ANGRA DOS REIS,glp,10,118.0,115.0,120.0,115.0,120.0
2022-12,MUN,RJ|ARARUAMA,glp,8,97.495,92.793,99.99,90.0,99.99
2022-12,MUN,RJ|BARRA MANSA,glp,9,99.9,99.9,102.18,99.9,104.9
2022-12,MUN,RJ|BELFORD ROXO,glp,9,89.99,80.0,100.0,80.0,100.0
2022-12,MUN,RJ|CABO FRIO,glp,9,94.99,84.39,99.99,81.99,99.99
2022-12,MUN,RJ|CAMPOS DOS GOYTACAZES,glp,9,100.0,89.792,100.0,89.0,100.0
2022-12,MUN,RJ|DUQUE DE CAXIAS,glp,20,89.99,84.999,100.491,82.5,110.0
2022-12,MUN,RJ|ITABORAI,glp,12,86.99,84.99,88.99,82.99,89.0
2022-12,MUN,RJ|MARICA,glp,8,87.495,81.393,101.5,80.0,105.0
2022-12,MUN,RJ|NILOPOLIS,glp,10,100.0,99.491,105.0,95.0,105.0
2022-12,MUN,RJ|NITEROI,glp,8,89.245,82.697,96.6,81.99,105.0
2022-12,MUN,RJ|NOVA FRIBURGO,glp,10,108.0,107.699,110.0,104.99,110.0
2022-12,MUN,RJ|NOVA IGUACU,glp,21,94.99,84.99,105.0,83.0,105.0
2022-12,MUN,RJ|PETROPOLIS,glp,8,100.95,96.993,103.6,90.0,105.0
2022-12,MUN,RJ|RESENDE,glp,1,110.0,110.0,110.0,110.0,110.0
2022-12,MUN,RJ|RIO BONITO,glp,5,82.99,81.196,84.996,80.0,85.0
2022-12,MUN,RJ|RIO DE JANEIRO,glp,41,97.5,89.99,100.0,84.0,117.0
2022-12,MUN,RJ|SAO GONCALO,glp,11,91.99,89.99,100.0,89.99,100.0
2022-12,MUN,RJ|SAO JOAO DE MERITI,glp,11,94.99,89.99,99.99,86.495,100.0
2022-12,MUN,RJ|SAQUAREMA,glp,4,93.99,90.897,95.69,90.0,95.99
2022-12,MUN,RJ|TERESOPOLIS,glp,7,109.9,100.0,113.16,100.0,117.9
2022-12,MUN,RJ|VOLTA REDONDA,glp,8,105.9,102.0,106.585,99.9,107.95
2022-12,MUN,RN|MOSSORO,glp,13,120.0,111.0,125.0,110.0,125.0
2022-12,MUN,RN|NATAL,glp,20,115.0,99.491,115.0,95.0,120.0
2022-12,MUN,RN|PARNAMIRIM,glp,17,109.0,104.6,111.0,99.99,112.5
2022-12,MUN,RO|ARIQUEMES,glp,9,130.0,124.0,133.4,120.0,135.0
2022-12,MUN,RO|CACOAL,glp,9,136.0,132.6,141.4,131.0,143.0
2022-12,MUN,RO|JI-PARANA,glp,10,127.75,124.5,130.5,120.0,135.0
2022-12,MUN,RO|PORTO VELHO,glp,35,120.0,111.2,135.0,106.0,140.0
2022-12,MUN,RO|VILHENA,glp,1,135.0,135.0,135.0,135.0,135.0
2022-12,MUN,RR|BOA VISTA,glp,37,128.0,120.0,132.4,116.0,140.0
2022-12,MUN,RS|ALVORADA,glp,9,100.0,89.99,109.4,89.99,115.0
2022-12,MUN,RS|BAGE,glp,9,120.0,119.0,130.0,115.0,130.0
2022-12,MUN,RS|BENTO GONCALVES,glp,5,120.0,108.0,125.72,108.0,129.0
2022-12,MUN,RS|CACHOEIRINHA,glp,6,103.75,100.0,109.0,100.0,113.0
2022-12,MUN,RS|CANOAS,glp,19,100.0,96.52,105.0,95.0,110.0
2022-12,MUN,RS|CAXIAS DO SUL,glp,32,109.65,105.0,119.88,98.9,120.0
2022-12,MUN,RS|ERECHIM,glp,11,121.0,119.0,125.0,118.0,130.0
2022-12,MUN,RS|ESTEIO,glp,9,105.0,100.0,108.8,100.0,112.0
2022-12,MUN,RS|GRAMADO,glp,9,118.5,114.4,121.2,112.0,122.0
2022-12,MUN,RS|GRAVATAI,glp,8,103.0,95.0,103.9,95.0,106.0
2022-12,MUN,RS|LAJEADO,glp,6,103.0,97.5,112.0,95.0,117.0
2022-12,MUN,RS|NOVO HAMBURGO,glp,15,95.0,94.0,99.36,93.495,100.0
2022-12,MUN,RS|PASSO FUNDO,glp,6,110.0,110.0,112.5,110.0,115.0
2022-12,MUN,RS|PELOTAS,glp,19,108.0,101.8,108.4,100.0,110.0
2022-12,MUN,RS|PORTO ALEGRE,glp,21,110.0,102.0,120.0,99.9,120.0
2022-12,MUN,RS|SANTA CRUZ DO SUL,glp,11,107.0,105.0,110.0,105.0,110.0
2022-12,MUN,RS|SANTA MARIA,glp,23,105.0,100.0,118.3,100.0,129.9
2022-12,MUN,RS|SANTA ROSA,glp,9,110.0,108.0,113.0,108.0,125.0
2022-12,MUN,RS|SAO LEOPOLDO,glp,9,100.0,95.8,100.998,95.0,104.99
2022-12,MUN,RS|SAPIRANGA,glp,9,107.0,102.0,109.752,100.0,111.0
2022-12,MUN,RS|SAPUCAIA DO SUL,glp,9,100.0,100.0,104.1,100.0,104.5
2022-12,MUN,RS|VIAMAO,glp,9,99.9,95.0,110.92,95.0,115.0
2022-12,MUN,SC|BALNEARIO CAMBORIU,glp,5,119.99,119.99,128.396,119.99,134.0
2022-12,MUN,SC|BIGUACU,glp,4,122.495,119.2,124.397,118.0,125.0
2022-12,MUN,SC|BLUMENAU,glp,11,130.0,110.0,135.0,100.0,135.0
2022-12,MUN,SC|BRUSQUE,glp,7,123.0,120.0,124.4,120.0,125.0
2022-12,MUN,SC|CHAPECO,glp,11,130.0,127.0,138.0,123.0,138.0
2022-12,MUN,SC|CRICIUMA,glp,6,115.75,113.75,118.5,112.5,119.0
2022-12,MUN,SC|FLORIANOPOLIS,glp,7,125.0,117.2,125.0,113.0,125.0
2022-12,MUN,SC|ITAJAI,glp,15,130.0,112.0,130.0,110.0,130.0
2022-12,MUN,SC|JOINVILLE,glp,12,115.5,115.0,129.0,113.5,133.0
2022-12,MUN,SC|LAGES,glp,6,117.5,111.5,130.0,110.0,130.0
2022-12,MUN,SC|LAGUNA,glp,7,114.0,107.594,120.0,107.0,120.0
2022-12,MUN,SC|PALHOCA,glp,9,125.0,113.0,129.99,113.0,129.99
2022-12,MUN,SC|SAO JOSE,glp,10,122.5,112.899,126.2,111.99,128.0
2022-12,MUN,SC|TUBARAO,glp,8,120.0,120.0,120.9,120.0,123.0
2022-12,MUN,SE|ARACAJU,glp,24,104.9,99.9,104.97,95.0,106.0
2022-12,MUN,SP|AMERICANA,glp,5,110.0,106.594,114.96,104.99,115.0
2022-12,MUN,SP|AMPARO,glp,9,110.0,108.0,117.6,108.0,120.0
2022-12,MUN,SP|ARACATUBA,glp,23,89.99,89.99,109.0,89.99,120.0
2022-12,MUN,SP|ARARAQUARA,glp,19,110.0,100.0,117.2,94.99,127.0
2022-12,MUN,SP|ARARAS,glp,8,105.0,104.697,110.0,103.99,110.0
2022-12,MUN,SP|ASSIS,glp,10,112.45,104.9,120.0,104.9,120.0
2022-12,MUN,SP|ATIBAIA,glp,13,110.0,97.5,119.4,91.0,120.0
2022-12,MUN,SP|BARRETOS,glp,5,115.0,108.5,120.0,107.5,120.0
2022-12,MUN,SP|BARUERI,glp,13,100.0,99.992,109.692,99.99,110.0
2022-12,MUN,SP|BAURU,glp,18,99.99,94.779,103.6,92.0,105.0
2022-12,MUN,SP|BIRIGUI,glp,12,110.0,105.5,110.0,99.99,112.5
2022-12,MUN,SP|BOTUCATU,glp,13,99.99,95.99,105.0,94.99,110.0
2022-12,MUN,SP|BRAGANCA PAULISTA,glp,13,107.5,103.59,111.996,100.0,114.99
2022-12,MUN,SP|CACAPAVA,glp,8,94.995,88.193,100.6,84.0,102.0
2022-12,MUN,SP|CAMPINAS,glp,20,114.99,109.691,114.99,104.99,115.0
2022-12,MUN,SP|CARAPICUIBA,glp,17,105.0,99.99,109.394,99.99,114.99
2022-12,MUN,SP|CATANDUVA,glp,7,114.9,104.436,114.9,99.99,114.9
2022-12,MUN,SP|COTIA,glp,4,109.99,109.99,114.197,109.99,116.0
2022-12,MUN,SP|DIADEMA,glp,11,109.99,104.99,130.0,104.99,130.0
2022-12,MUN,SP|EMBU DAS ARTES,glp,12,104.995,99.99,109.999,98.99,114.99
2022-12,MUN,SP|FRANCA,glp,18,109.995,103.493,120.0,99.99,125.0
2022-12,MUN,SP|GUARATINGUETA,glp,7,99.9,87.993,104.8,84.99,112.0
2022-12,MUN,SP|GUARULHOS,glp,17,92.99,89.99,99.99,88.99,100.0
2022-12,MUN,SP|HORTOLANDIA,glp,12,102.495,94.99,110.0,94.99,115.0
2022-12,MUN,SP|IBITINGA,glp,8,99.995,98.793,116.5,96.0,120.0
2022-12,MUN,SP|INDAIATUBA,glp,8,106.5,103.4,109.3,102.0,110.0
2022-12,MUN,SP|ITANHAEM,glp,3,99.99,99.99,119.998,99.99,125.0
2022-12,MUN,SP|ITAPECERICA DA SERRA,glp,8,99.99,94.29,102.993,87.99,110.0
2022-12,MUN,SP|ITAPETININGA,glp,5,115.0,111.98,120.0,110.0,120.0
2022-12,MUN,SP|ITAPEVA,glp,9,121.0,114.8,125.4,108.0,127.0
2022-12,MUN,SP|ITAPIRA,glp,7,100.0,96.0,105.8,93.0,110.0
2022-12,MUN,SP|ITAQUAQUECETUBA,glp,3,94.99,90.99,98.99,89.99,99.99
2022-12,MUN,SP|ITATIBA,glp,8,105.0,99.998,105.9,99.995,108.0
2022-12,MUN,SP|ITU,glp,1,110.0,110.0,110.0,110.0,110.0
2022-12,MUN,SP|JACAREI,glp,14,109.495,94.993,114.9,90.0,115.0
2022-12,MUN,SP|JALES,glp,8,97.5,93.5,104.633,90.0,105.0
2022-12,MUN,SP|JAU,glp,9,115.0,110.38,119.4,99.9,125.0
2022-12,MUN,SP|JUNDIAI,glp,13,108.0,96.792,117.8,95.0,119.0
2022-12,MUN,SP|LIMEIRA,glp,11,100.0,100.0,100.0,99.495,110.0
2022-12,MUN,SP|LINS,glp,7,102.0,95.96,105.0,89.9,105.0
2022-12,MUN,SP|MARILIA,glp,9,115.0,113.5,115.0,113.5,115.0
2022-12,MUN,SP|MATAO,glp,10,100.0,99.99,112.0,99.99,130.0
2022-12,MUN,SP|MAUA,glp,13,112.99,107.99,114.998,102.99,115.0
2022-12,MUN,SP|MIRASSOL,glp,10,105.0,99.891,110.0,99.0,110.0
2022-12,MUN,SP|MOGI DAS CRUZES,glp,10,100.992,97.34,102.75,95.99,105.0
2022-12,MUN,SP|MOGI GUACU,glp,9,99.99,99.99,101.0,99.99,105.0
2022-12,MUN,SP|MOGI MIRIM,glp,9,99.5,89.99,103.0,89.99,103.0
2022-12,MUN,SP|OSASCO,glp,8,104.99,92.99,109.99,85.99,109.99
2022-12,MUN,SP|PAULINIA,glp,8,105.0,104.243,107.9,102.5,110.0
2022-12,MUN,SP|PINDAMONHANGABA,glp,11,104.0,93.0,110.0,92.99,115.0
2022-12,MUN,SP|PIRACICABA,glp,17,112.5,104.996,115.0,97.0,115.0
2022-12,MUN,SP|POA,glp,7,100.0,97.396,106.0,94.99,106.0
2022-12,MUN,SP|PRESIDENTE PRUDENTE,glp,16,103.75,95.0,110.0,94.9,110.0
2022-12,MUN,SP|RIBEIRAO PIRES,glp,7,104.9,99.14,110.0,98.0,110.0
2022-12,MUN,SP|RIBEIRAO PRETO,glp,13,114.995,105.998,124.792,89.0,124.99
2022-12,MUN,SP|RIO CLARO,glp,7,100.0,95.0,102.0,95.0,105.0
2022-12,MUN,SP|SALTO,glp,1,105.0,105.0,105.0,105.0,105.0
2022-12,MUN,SP|SANTA BARBARA D'OESTE,glp,13,99.99,97.598,104.99,95.0,105.0
2022-12,MUN,SP|SANTO ANDRE,glp,12,106.0,100.199,113.84,99.99,118.495
2022-12,MUN,SP|SANTOS,glp,14,113.5,105.293,122.0,104.9,139.9
2022-12,MUN,SP|SAO BERNARDO DO CAMPO,glp,6,107.495,97.5,114.5,97.0,117.0
2022-12,MUN,SP|SAO CAETANO DO SUL,glp,6,115.0,108.742,115.0,102.495,115.0
2022-12,MUN,SP|SAO CARLOS,glp,20,110.0,107.5,121.0,105.0,130.0
2022-12,MUN,SP|SAO JOAO DA BOA VISTA,glp,9,105.0,104.0,105.0,100.0,105.0
2022-12,MUN,SP|SAO JOSE DO RIO PRETO,glp,32,118.75,97.7,125.0,95.0,130.0
2022-12,MUN,SP|SAO JOSE DOS CAMPOS,glp,22,108.49,90.691,116.899,80.0,120.0
2022-12,MUN,SP|SAO PAULO,glp,70,109.99,102.249,118.491,89.99,128.0
2022-12,MUN,SP|SERTAOZINHO,glp,9,105.0,104.49,115.0,102.45,115.0
2022-12,MUN,SP|SOROCABA,glp,19,103.5,99.99,110.0,98.0,116.5
2022-12,MUN,SP|SUMARE,glp,12,120.0,106.491,120.0,104.99,120.0
2022-12,MUN,SP|SUZANO,glp,15,98.0,92.89,111.497,89.99,113.495
2022-12,MUN,SP|TABOAO DA SERRA,glp,9,99.99,94.998,110.39,94.99,111.99
2022-12,MUN,SP|TAUBATE,glp,13,95.0,84.992,101.4,80.99,105.0
2022-12,MUN,SP|VALINHOS,glp,10,94.99,92.89,100.41,91.99,105.0
2022-12,MUN,SP|VARZEA PAULISTA,glp,9,100.0,94.79,105.899,93.99,109.495
2022-12,MUN,SP|VINHEDO,glp,11,102.0,89.99,112.0,87.99,112.99
2022-12,MUN,SP|VOTORANTIM,glp,6,105.0,104.995,107.5,104.99,110.0
2022-12,MUN,SP|VOTUPORANGA,glp,17,109.0,103.0,117.0,99.95,125.0
2022-12,MUN,TO|ARAGUAINA,glp,17,120.0,120.0,125.0,120.0,125.0
2022-12,MUN,TO|GURUPI,glp,14,121.0,120.0,125.0,112.99,125.0
2022-12,MUN,TO|PALMAS,glp,20,120.0,120.0,130.0,120.0,130.0
2022-12,UF,AC,glp,35,122.0,115.0,132.0,110.0,135.0
2022-12,UF,AL,glp,40,106.25,99.99,115.0,94.0,115.0
2022-12,UF,AM,glp,100,120.0,112.5,128.0,108.5,138.0
2022-12,UF,AP,glp,20,120.0,110.8,128.0,108.0,128.0
2022-12,UF,BA,glp,93,114.99,99.992,120.0,95.0,140.0
2022-12,UF,CE,glp,96,112.0,105.0,120.0,97.0,125.0
2022-12,UF,DF,glp,58,99.99,97.34,107.644,91.99,119.99
2022-12,UF,ES,glp,79,105.0,94.99,115.0,94.95,120.0
2022-12,UF,GO,glp,170,110.0,100.0,125.0,99.99,135.0
2022-12,UF,MA,glp,84,109.99,100.0,115.0,93.0,125.0
2022-12,UF,MG,glp,366,110.0,100.0,120.0,80.0,149.0
2022-12,UF,MS,glp,48,110.0,107.05,130.0,99.9,130.0
2022-12,UF,MT,glp,113,120.0,114.992,140.0,99.99,150.0
2022-12,UF,PA,glp,110,115.0,102.891,132.3,90.0,150.0
2022-12,UF,PB,glp,75,110.0,105.0,120.0,94.99,120.0
2022-12,UF,PE,glp,117,100.0,95.0,115.0,90.0,140.0
2022-12,UF,PI,glp,55,115.0,110.0,120.0,80.0,125.0
2022-12,UF,PR,glp,300,105.0,95.0,120.0,89.9,130.0
2022-12,UF,RJ,glp,239,97.49,85.0,108.0,80.0,120.0
2022-12,UF,RN,glp,50,115.0,104.0,122.75,95.0,125.0
2022-12,UF,RO,glp,64,125.0,115.0,135.0,106.0,143.0
2022-12,UF,RR,glp,37,128.0,120.0,132.4,116.0,140.0
2022-12,UF,RS,glp,263,105.9,98.0,120.0,89.99,130.0
2022-12,UF,SC,glp,118,122.0,113.0,130.0,100.0,138.0
2022-12,UF,SE,glp,24,104.9,99.9,104.97,95.0,106.0
2022-12,UF,SP,glp,915,105.0,95.0,117.0,80.0,139.9
2022-12,UF,TO,glp,51,120.0,120.0,127.0,112.99,130.0
