periodo,nivel,codigo,produto,postos,mediana,p10,p90,minimo,maximo
2011-01,BR,BR,glp,10700,38.5,34.9,43.0,24.99,56.0
2011-01,MUN,AC|CRUZEIRO DO SUL,glp,6,50.0,49.0,53.0,48.0,53.0
2011-01,MUN,AC|RIO BRANCO,glp,209,41.0,40.0,42.0,39.5,45.0
2011-01,MUN,AC|SENA MADUREIRA,glp,6,45.0,42.0,45.0,40.0,45.0
2011-01,MUN,AC|SENADOR GUIOMARD,glp,6,42.0,40.5,44.0,40.0,46.0
2011-01,MUN,AC|XAPURI,glp,2,45.0,45.0,45.0,45.0,45.0
2011-01,MUN,AL|ARAPIRACA,glp,8,35.0,35.0,35.6,35.0,37.0
2011-01,MUN,AL|DELMIRO GOUVEIA,glp,2,35.0,35.0,35.0,35.0,35.0
2011-01,MUN,AL|IGACI,glp,1,35.0,35.0,35.0,35.0,35.0
2011-01,MUN,AL|MACEIO,glp,55,35.0,35.0,37.0,35.0,38.0
2011-01,MUN,AL|MARECHAL DEODORO,glp,2,36.0,35.2,36.8,35.0,37.0
2011-01,MUN,AL|PALMEIRA DOS INDIOS,glp,7,39.0,38.0,40.0,38.0,40.0
2011-01,MUN,AL|RIO LARGO,glp,5,34.0,33.0,35.0,33.0,35.0
2011-01,MUN,AL|SANTANA DO IPANEMA,glp,5,35.0,35.0,35.0,35.0,35.0
2011-01,MUN,AL|SAO JOSE DA LAJE,glp,1,35.0,35.0,35.0,35.0,35.0
2011-01,MUN,AM|AUTAZES,glp,1,31.0,31.0,31.0,31.0,31.0
2011-01,MUN,AM|HUMAITA,glp,2,35.5,35.1,35.9,35.0,36.0
2011-01,MUN,AM|ITACOATIARA,glp,10,34.0,32.9,35.0,32.0,35.0
2011-01,MUN,AM|MANACAPURU,glp,5,33.0,32.0,33.0,32.0,33.0
2011-01,MUN,AM|MANAUS,glp,214,30.0,29.0,32.0,27.0,34.0
2011-01,MUN,AM|PARINTINS,glp,2,30.75,30.15,31.35,30.0,31.5
2011-01,MUN,AM|PRESIDENTE FIGUEIREDO,glp,3,34.0,33.2,34.8,33.0,35.0
2011-01,MUN,AM|TEFE,glp,2,35.5,35.1,35.9,35.0,36.0
2011-01,MUN,AP|LARANJAL DO JARI,glp,2,38.5,38.1,38.9,38.0,39.0
2011-01,MUN,AP|MACAPA,glp,18,40.0,40.0,42.0,40.0,42.0
2011-01,MUN,AP|OIAPOQUE,glp,1,56.0,56.0,56.0,56.0,56.0
2011-01,MUN,AP|SANTANA,glp,7,42.0,42.0,44.0,42.0,44.0
2011-01,MUN,BA|ALAGOINHAS,glp,5,37.0,37.0,37.09,37.0,37.15
2011-01,MUN,BA|BARRA,glp,4,35.0,35.0,35.0,35.0,35.0
2011-01,MUN,BA|BARRA DO MENDES,glp,1,35.0,35.0,35.0,35.0,35.0
2011-01,MUN,BA|BARREIRAS,glp,10,39.0,38.0,40.0,38.0,40.0
2011-01,MUN,BA|BRUMADO,glp,7,35.0,35.0,35.0,35.0,35.0
2011-01,MUN,BA|CAETITE,glp,6,30.0,30.0,30.5,30.0,31.0
2011-01,MUN,BA|CAMACARI,glp,17,38.0,35.9,39.94,35.0,40.0
2011-01,MUN,BA|CAMPO FORMOSO,glp,2,38.0,38.0,38.0,38.0,38.0
2011-01,MUN,BA|CANDEIAS,glp,6,35.0,33.165,35.0,33.0,35.0
2011-01,MUN,BA|CAPIM GROSSO,glp,1,38.0,38.0,38.0,38.0,38.0
2011-01,MUN,BA|EUNAPOLIS,glp,9,35.0,35.0,35.2,35.0,36.0
2011-01,MUN,BA|FEIRA DE SANTANA,glp,18,38.45,37.4,39.0,33.0,39.0
2011-01,MUN,BA|GUANAMBI,glp,14,26.5,25.0,28.0,24.99,29.0
2011-01,MUN,BA|ILHEUS,glp,9,38.99,37.0,40.2,37.0,41.0
2011-01,MUN,BA|IPIRA,glp,6,38.0,38.0,38.0,38.0,38.0
2011-01,MUN,BA|IRECE,glp,12,35.0,35.0,35.0,35.0,35.0
2011-01,MUN,BA|ITABUNA,glp,12,39.0,38.0,39.0,38.0,39.0
2011-01,MUN,BA|ITAMARAJU,glp,5,35.0,35.0,35.0,35.0,35.0
2011-01,MUN,BA|JACOBINA,glp,7,38.0,38.0,40.0,38.0,40.0
2011-01,MUN,BA|JAGUAQUARA,glp,9,33.0,33.0,33.0,33.0,33.0
2011-01,MUN,BA|JEQUIE,glp,14,32.0,30.0,32.0,25.0,32.5
2011-01,MUN,BA|JOAO DOURADO,glp,1,35.0,35.0,35.0,35.0,35.0
2011-01,MUN,BA|JUAZEIRO,glp,6,34.75,34.0,35.0,34.0,35.0
2011-01,MUN,BA|LAURO DE FREITAS,glp,25,36.0,35.0,36.0,30.0,39.0
2011-01,MUN,BA|LIVRAMENTO DE NOSSA SENHORA,glp,2,35.0,32.6,37.4,32.0,38.0
2011-01,MUN,BA|PAULO AFONSO,glp,5,37.0,35.4,37.0,35.0,37.0
2011-01,MUN,BA|POCOES,glp,6,32.0,30.0,32.0,30.0,32.0
2011-01,MUN,BA|PORTO SEGURO,glp,10,38.0,36.9,38.0,36.0,38.0
2011-01,MUN,BA|RUY BARBOSA,glp,4,35.0,35.0,35.0,35.0,35.0
2011-01,MUN,BA|SALVADOR,glp,235,35.0,33.0,37.0,30.0,38.0
2011-01,MUN,BA|SANTO ANTONIO DE JESUS,glp,8,36.5,35.0,38.3,35.0,39.0
2011-01,MUN,BA|SENHOR DO BONFIM,glp,5,38.0,38.0,38.0,38.0,38.0
2011-01,MUN,BA|SERRINHA,glp,6,38.0,38.0,38.0,38.0,38.0
2011-01,MUN,BA|SIMOES FILHO,glp,7,36.0,36.0,38.0,36.0,38.0
2011-01,MUN,BA|TEIXEIRA DE FREITAS,glp,10,35.5,35.0,38.0,35.0,38.0
2011-01,MUN,BA|URANDI,glp,1,26.5,26.5,26.5,26.5,26.5
2011-01,MUN,BA|VALENCA,glp,5,37.0,35.0,37.0,35.0,37.0
2011-01,MUN,BA|VITORIA DA CONQUISTA,glp,14,35.0,35.0,38.0,25.6,40.0
2011-01,MUN,CE|AQUIRAZ,glp,1,39.0,39.0,39.0,39.0,39.0
2011-01,MUN,CE|ARACOIABA,glp,1,38.0,38.0,38.0,38.0,38.0
2011-01,MUN,CE|BEBERIBE,glp,1,33.0,33.0,33.0,33.0,33.0
2011-01,MUN,CE|CANINDE,glp,2,33.5,33.1,33.9,33.0,34.0
2011-01,MUN,CE|CAUCAIA,glp,40,38.0,37.0,38.0,36.0,40.0
2011-01,MUN,CE|CRATEUS,glp,5,35.0,34.0,35.0,34.0,35.0
2011-01,MUN,CE|CRATO,glp,12,37.5,32.0,39.0,30.0,40.0
2011-01,MUN,CE|FORTALEZA,glp,209,38.0,37.0,40.0,34.0,40.0
2011-01,MUN,CE|ICO,glp,4,32.5,32.0,33.0,32.0,33.0
2011-01,MUN,CE|IGUATU,glp,4,37.0,36.3,37.0,36.0,37.0
2011-01,MUN,CE|IPU,glp,2,33.5,33.1,33.9,33.0,34.0
2011-01,MUN,CE|ITAPIPOCA,glp,7,34.0,33.0,35.0,33.0,35.0
2011-01,MUN,CE|JUAZEIRO DO NORTE,glp,15,38.0,32.0,40.0,30.0,40.0
2011-01,MUN,CE|LIMOEIRO DO NORTE,glp,5,36.0,33.8,36.0,33.0,36.0
2011-01,MUN,CE|MARACANAU,glp,15,38.0,37.0,40.0,37.0,40.0
2011-01,MUN,CE|MORADA NOVA,glp,5,35.0,34.4,35.8,34.0,36.0
2011-01,MUN,CE|PEDRA BRANCA,glp,2,32.5,32.1,32.9,32.0,33.0
2011-01,MUN,CE|QUIXADA,glp,8,36.5,36.0,38.0,36.0,38.0
2011-01,MUN,CE|SOBRAL,glp,5,37.0,35.2,38.0,34.0,38.0
2011-01,MUN,DF|BRASILIA,glp,117,37.0,36.0,38.0,35.0,39.0
2011-01,MUN,ES|ARACRUZ,glp,9,35.0,33.0,35.0,33.0,35.0
2011-01,MUN,ES|BARRA DE SAO FRANCISCO,glp,8,33.0,33.0,36.0,33.0,36.0
2011-01,MUN,ES|CACHOEIRO DE ITAPEMIRIM,glp,16,35.0,34.25,36.0,34.0,36.0
2011-01,MUN,ES|CARIACICA,glp,44,33.5,30.0,35.0,30.0,37.0
2011-01,MUN,ES|CASTELO,glp,5,33.5,31.8,33.8,31.0,34.0
2011-01,MUN,ES|COLATINA,glp,10,33.5,33.0,34.55,33.0,35.0
2011-01,MUN,ES|GUARAPARI,glp,20,38.0,35.0,38.0,35.0,38.0
2011-01,MUN,ES|ITAPEMIRIM,glp,3,35.0,34.2,36.6,34.0,37.0
2011-01,MUN,ES|JAGUARE,glp,4,35.5,35.0,36.0,35.0,36.0
2011-01,MUN,ES|LINHARES,glp,19,35.0,33.0,35.0,32.0,35.0
2011-01,MUN,ES|MARATAIZES,glp,1,35.0,35.0,35.0,35.0,35.0
2011-01,MUN,ES|NOVA VENECIA,glp,3,35.0,35.0,36.6,35.0,37.0
2011-01,MUN,ES|SAO MATEUS,glp,14,37.5,37.0,39.0,37.0,39.0
2011-01,MUN,ES|SERRA,glp,72,35.0,33.0,36.0,32.0,38.0
2011-01,MUN,ES|VILA VELHA,glp,29,33.0,29.9,35.0,29.0,38.0
2011-01,MUN,ES|VITORIA,glp,19,35.0,34.8,36.0,34.0,38.0
2011-01,MUN,GO|AGUAS LINDAS DE GOIAS,glp,15,40.0,40.0,42.0,38.0,43.0
2011-01,MUN,GO|ANAPOLIS,glp,118,39.0,38.0,40.0,35.99,42.0
2011-01,MUN,GO|APARECIDA DE GOIANIA,glp,31,40.0,39.0,41.0,39.0,41.0
2011-01,MUN,GO|CALDAS NOVAS,glp,24,39.0,38.0,40.0,37.0,40.0
2011-01,MUN,GO|CAMPO ALEGRE DE GOIAS,glp,1,38.0,38.0,38.0,38.0,38.0
2011-01,MUN,GO|CATALAO,glp,12,38.0,38.0,38.0,38.0,38.0
2011-01,MUN,GO|CIDADE OCIDENTAL,glp,1,37.0,37.0,37.0,37.0,37.0
2011-01,MUN,GO|FORMOSA,glp,20,40.0,40.0,40.0,40.0,40.0
2011-01,MUN,GO|GOIANIA,glp,117,40.0,39.0,41.0,39.0,42.0
2011-01,MUN,GO|GOIATUBA,glp,11,38.0,37.0,38.0,37.0,38.0
2011-01,MUN,GO|ITUMBIARA,glp,14,40.0,40.0,40.0,40.0,40.0
2011-01,MUN,GO|JATAI,glp,19,40.0,40.0,42.0,40.0,42.0
2011-01,MUN,GO|LUZIANIA,glp,34,40.0,39.0,40.0,39.0,40.0
2011-01,MUN,GO|MINEIROS,glp,17,44.0,43.0,45.0,42.0,45.0
2011-01,MUN,GO|MORRINHOS,glp,16,38.0,37.5,40.0,37.0,40.0
2011-01,MUN,GO|PLANALTINA,glp,20,45.0,45.0,45.0,45.0,45.0
2011-01,MUN,GO|PONTALINA,glp,1,37.0,37.0,37.0,37.0,37.0
2011-01,MUN,GO|PORANGATU,glp,18,45.0,45.0,45.0,45.0,45.0
2011-01,MUN,GO|RIO VERDE,glp,22,42.0,41.0,43.0,41.0,43.0
2011-01,MUN,GO|SENADOR CANEDO,glp,1,41.0,41.0,41.0,41.0,41.0
2011-01,MUN,GO|TRINDADE,glp,30,40.0,39.0,41.0,39.0,41.0
2011-01,MUN,GO|VALPARAISO DE GOIAS,glp,11,43.0,43.0,43.0,43.0,43.0
2011-01,MUN,MA|ACAILANDIA,glp,5,40.0,40.0,42.6,40.0,43.0
2011-01,MUN,MA|BACABAL,glp,4,38.0,37.3,38.0,37.0,38.0
2011-01,MUN,MA|BALSAS,glp,3,40.0,40.0,40.0,40.0,40.0
2011-01,MUN,MA|BARRA DO CORDA,glp,6,42.0,42.0,45.0,42.0,45.0
2011-01,MUN,MA|CAROLINA,glp,3,44.0,44.0,44.0,44.0,44.0
2011-01,MUN,MA|CAXIAS,glp,3,42.0,42.0,42.0,42.0,42.0
2011-01,MUN,MA|CODO,glp,3,40.5,40.1,40.9,40.0,41.0
2011-01,MUN,MA|IMPERATRIZ,glp,48,42.0,41.4,42.0,40.0,42.0
2011-01,MUN,MA|JOAO LISBOA,glp,1,42.0,42.0,42.0,42.0,42.0
2011-01,MUN,MA|PINHEIRO,glp,4,38.5,37.0,40.0,37.0,40.0
2011-01,MUN,MA|PRESIDENTE DUTRA,glp,3,38.0,38.0,38.0,38.0,38.0
2011-01,MUN,MA|SANTA INES,glp,4,40.0,40.0,40.0,40.0,40.0
2011-01,MUN,MA|SAO DOMINGOS DO MARANHAO,glp,2,35.0,35.0,35.0,35.0,35.0
2011-01,MUN,MA|SAO JOAO DOS PATOS,glp,3,40.0,40.0,40.0,40.0,40.0
2011-01,MUN,MA|SAO JOSE DE RIBAMAR,glp,7,39.0,38.0,39.0,38.0,39.0
2011-01,MUN,MA|SAO LUIS,glp,56,39.0,38.0,40.0,35.0,40.0
2011-01,MUN,MA|TIMON,glp,3,33.0,33.0,33.0,33.0,33.0
2011-01,MUN,MG|ALFENAS,glp,15,38.0,35.0,38.0,33.0,40.0
2011-01,MUN,MG|ARAGUARI,glp,20,45.0,43.9,45.0,43.0,45.0
2011-01,MUN,MG|ARAXA,glp,4,42.0,42.0,44.1,42.0,45.0
2011-01,MUN,MG|BARBACENA,glp,16,37.0,34.0,38.0,33.0,38.0
2011-01,MUN,MG|BELO HORIZONTE,glp,121,42.0,39.0,43.5,36.0,45.0
2011-01,MUN,MG|BETIM,glp,41,41.5,40.0,42.0,37.0,42.0
2011-01,MUN,MG|BOM DESPACHO,glp,3,40.0,36.8,40.0,36.0,40.0
2011-01,MUN,MG|CAMPO BELO,glp,8,37.5,37.5,37.5,37.5,37.5
2011-01,MUN,MG|CARATINGA,glp,4,39.5,37.6,40.0,37.0,40.0
2011-01,MUN,MG|CATAGUASES,glp,4,36.5,35.3,37.0,35.0,37.0
2011-01,MUN,MG|CONGONHAS,glp,10,38.0,35.9,39.0,35.0,39.0
2011-01,MUN,MG|CONSELHEIRO LAFAIETE,glp,12,40.0,38.0,40.0,38.0,42.0
2011-01,MUN,MG|CONTAGEM,glp,115,42.0,40.0,43.0,37.5,44.0
2011-01,MUN,MG|CORONEL FABRICIANO,glp,6,42.0,42.0,42.0,42.0,42.0
2011-01,MUN,MG|CURVELO,glp,11,42.0,42.0,43.0,42.0,43.0
2011-01,MUN,MG|DIAMANTINA,glp,5,45.0,44.0,45.0,44.0,45.0
2011-01,MUN,MG|DIVINOPOLIS,glp,18,40.0,40.0,42.0,40.0,42.0
2011-01,MUN,MG|FORMIGA,glp,4,37.5,37.5,37.5,37.5,37.5
2011-01,MUN,MG|FRUTAL,glp,5,38.0,38.0,38.0,38.0,38.0
2011-01,MUN,MG|GOVERNADOR VALADARES,glp,21,40.0,39.0,40.0,38.5,42.0
2011-01,MUN,MG|GUAXUPE,glp,9,39.0,38.0,40.0,38.0,40.0
2011-01,MUN,MG|IBIRITE,glp,12,42.0,40.0,43.0,35.21,43.0
2011-01,MUN,MG|IPATINGA,glp,16,41.0,40.0,41.5,40.0,42.0
2011-01,MUN,MG|ITABIRA,glp,5,41.0,41.0,42.2,41.0,43.0
2011-01,MUN,MG|ITABIRITO,glp,1,39.0,39.0,39.0,39.0,39.0
2011-01,MUN,MG|ITAJUBA,glp,14,38.0,37.3,40.0,37.0,40.0
2011-01,MUN,MG|ITAUNA,glp,14,43.0,42.0,43.0,40.0,44.0
2011-01,MUN,MG|ITUIUTABA,glp,20,40.0,38.9,42.0,35.0,43.0
2011-01,MUN,MG|ITURAMA,glp,1,42.0,42.0,42.0,42.0,42.0
2011-01,MUN,MG|JACUI,glp,1,38.0,38.0,38.0,38.0,38.0
2011-01,MUN,MG|JANAUBA,glp,2,37.5,37.1,37.9,37.0,38.0
2011-01,MUN,MG|JANUARIA,glp,6,42.0,41.0,42.75,40.0,43.0
2011-01,MUN,MG|JOAO MONLEVADE,glp,7,42.0,41.0,42.0,41.0,42.0
2011-01,MUN,MG|JOAO PINHEIRO,glp,10,45.0,44.69,45.1,41.9,46.0
2011-01,MUN,MG|JUIZ DE FORA,glp,64,42.0,38.0,44.0,35.99,46.0
2011-01,MUN,MG|LAVRAS,glp,13,40.0,38.0,41.8,37.0,42.0
2011-01,MUN,MG|LEOPOLDINA,glp,7,40.0,38.8,40.4,37.0,41.0
2011-01,MUN,MG|MANHUACU,glp,5,35.0,34.67,36.08,34.45,36.5
2011-01,MUN,MG|MARIANA,glp,5,41.0,39.8,41.0,39.0,41.0
2011-01,MUN,MG|MONTE CARMELO,glp,15,40.0,40.0,40.0,40.0,43.0
2011-01,MUN,MG|MONTES CLAROS,glp,1,40.0,40.0,40.0,40.0,40.0
2011-01,MUN,MG|MURIAE,glp,5,41.0,39.8,41.6,39.0,42.0
2011-01,MUN,MG|NOVA LIMA,glp,14,43.0,40.65,44.0,40.0,45.0
2011-01,MUN,MG|OLIVEIRA,glp,8,37.0,36.7,37.3,36.0,38.0
2011-01,MUN,MG|OURO PRETO,glp,10,40.0,39.0,41.1,39.0,42.0
2011-01,MUN,MG|PARA DE MINAS,glp,6,41.0,39.95,42.5,39.0,43.0
2011-01,MUN,MG|PARACATU,glp,10,47.0,46.7,47.1,44.0,48.0
2011-01,MUN,MG|PASSOS,glp,19,39.0,37.8,40.0,37.0,40.0
2011-01,MUN,MG|PATOS DE MINAS,glp,18,43.0,42.0,45.0,42.0,45.0
2011-01,MUN,MG|PATROCINIO,glp,8,45.0,44.0,45.0,44.0,45.0
2011-01,MUN,MG|POCOS DE CALDAS,glp,16,35.0,35.0,39.0,34.99,39.0
2011-01,MUN,MG|POUSO ALEGRE,glp,18,39.0,37.97,39.0,37.9,39.0
2011-01,MUN,MG|RIBEIRAO DAS NEVES,glp,28,42.0,40.0,43.3,38.0,45.0
2011-01,MUN,MG|SABARA,glp,15,42.0,38.2,42.0,35.0,42.0
2011-01,MUN,MG|SANTA LUZIA,glp,25,42.0,41.0,43.0,38.0,44.0
2011-01,MUN,MG|SANTOS DUMONT,glp,6,39.5,38.5,40.0,38.0,40.0
2011-01,MUN,MG|SAO GONCALO DO RIO ABAIXO,glp,1,42.0,42.0,42.0,42.0,42.0
2011-01,MUN,MG|SAO GOTARDO,glp,1,43.0,43.0,43.0,43.0,43.0
2011-01,MUN,MG|SAO JOAO DEL REI,glp,16,39.0,39.0,40.0,39.0,40.0
2011-01,MUN,MG|SAO LOURENCO,glp,3,39.0,39.0,39.8,39.0,40.0
2011-01,MUN,MG|SAO SEBASTIAO DO PARAISO,glp,16,39.0,38.0,39.5,38.0,40.0
2011-01,MUN,MG|SETE LAGOAS,glp,16,39.0,38.0,39.0,38.0,40.0
2011-01,MUN,MG|TEOFILO OTONI,glp,23,36.0,36.0,38.0,35.0,39.0
2011-01,MUN,MG|TIMOTEO,glp,9,40.0,39.8,42.42,39.0,44.1
2011-01,MUN,MG|TRES CORACOES,glp,9,38.0,38.0,38.0,38.0,38.0
2011-01,MUN,MG|UBA,glp,9,37.0,35.718,38.38,34.99,39.9
2011-01,MUN,MG|UBERABA,glp,40,45.0,45.0,45.0,40.0,45.0
2011-01,MUN,MG|UBERLANDIA,glp,79,42.0,42.0,43.5,40.0,44.0
2011-01,MUN,MG|UNAI,glp,14,43.0,43.0,43.0,43.0,43.0
2011-01,MUN,MG|VARGINHA,glp,12,35.5,35.0,37.85,35.0,38.0
2011-01,MUN,MG|VESPASIANO,glp,12,42.0,40.0,43.0,40.0,43.5
2011-01,MUN,MG|VICOSA,glp,3,40.0,38.4,40.0,38.0,40.0
2011-01,MUN,MS|BATAYPORA,glp,2,46.0,45.2,46.8,45.0,47.0
2011-01,MUN,MS|CAMPO GRANDE,glp,410,46.0,43.0,48.0,39.9,48.0
2011-01,MUN,MS|CORUMBA,glp,9,44.0,42.8,44.0,42.0,44.0
2011-01,MUN,MS|COXIM,glp,13,47.0,47.0,47.0,47.0,47.0
2011-01,MUN,MS|DOURADOS,glp,70,45.0,42.9,47.1,39.0,48.0
2011-01,MUN,MS|NOVA ANDRADINA,glp,19,45.0,43.0,45.0,43.0,45.0
2011-01,MUN,MS|PARANAIBA,glp,15,43.0,43.0,43.0,42.0,43.0
2011-01,MUN,MS|PONTA PORA,glp,6,43.0,41.5,43.0,40.0,43.0
2011-01,MUN,MS|SONORA,glp,1,50.0,50.0,50.0,50.0,50.0
2011-01,MUN,MS|TRES LAGOAS,glp,18,40.0,40.0,42.0,40.0,42.0
2011-01,MUN,MT|ALTA FLORESTA,glp,1,47.0,47.0,47.0,47.0,47.0
2011-01,MUN,MT|CACERES,glp,10,42.0,39.9,44.25,39.0,46.5
2011-01,MUN,MT|CUIABA,glp,51,47.0,44.0,48.0,43.0,49.0
2011-01,MUN,MT|NOVA MUTUM,glp,1,48.0,48.0,48.0,48.0,48.0
2011-01,MUN,MT|RONDONOPOLIS,glp,11,49.0,48.0,50.0,48.0,50.0
2011-01,MUN,MT|SINOP,glp,9,47.0,46.0,48.0,46.0,48.0
2011-01,MUN,MT|SORRISO,glp,12,48.0,46.1,50.9,45.0,51.5
2011-01,MUN,MT|VARZEA GRANDE,glp,15,46.0,43.0,47.0,42.0,48.0
2011-01,MUN,PA|ABAETETUBA,glp,6,34.5,34.0,35.0,34.0,35.0
2011-01,MUN,PA|ALENQUER,glp,6,40.0,39.95,40.0,39.9,40.0
2011-01,MUN,PA|ALTAMIRA,glp,11,42.0,40.0,42.0,40.0,42.0
2011-01,MUN,PA|ANANINDEUA,glp,31,40.0,40.0,40.0,39.0,40.0
2011-01,MUN,PA|BELEM,glp,89,40.0,38.0,41.0,35.0,41.0
2011-01,MUN,PA|BRAGANCA,glp,6,42.0,42.0,42.5,42.0,43.0
2011-01,MUN,PA|BREVES,glp,3,41.0,40.2,41.0,40.0,41.0
2011-01,MUN,PA|CAMETA,glp,5,39.9,38.4,40.0,38.0,40.0
2011-01,MUN,PA|CASTANHAL,glp,8,40.0,40.0,40.0,40.0,40.0
2011-01,MUN,PA|CONCEICAO DO ARAGUAIA,glp,6,45.0,45.0,47.0,45.0,49.0
2011-01,MUN,PA|ITAITUBA,glp,7,45.0,45.0,45.0,45.0,45.0
2011-01,MUN,PA|MARABA,glp,3,40.0,40.0,40.0,40.0,40.0
2011-01,MUN,PA|MOJUI DOS CAMPOS,glp,1,39.0,39.0,39.0,39.0,39.0
2011-01,MUN,PA|PARAGOMINAS,glp,3,45.0,45.0,45.0,45.0,45.0
2011-01,MUN,PA|PARAUAPEBAS,glp,3,43.0,40.6,43.8,40.0,44.0
2011-01,MUN,PA|REDENCAO,glp,5,45.0,43.4,45.0,43.0,45.0
2011-01,MUN,PA|SANTAREM,glp,25,40.0,38.0,40.0,37.0,40.0
2011-01,MUN,PA|TUCURUI,glp,6,43.0,43.0,43.0,43.0,43.0
2011-01,MUN,PA|XINGUARA,glp,7,43.0,43.0,43.0,43.0,43.0
2011-01,MUN,PB|BAYEUX,glp,10,35.0,33.0,35.0,33.0,35.0
2011-01,MUN,PB|CABEDELO,glp,10,34.0,33.0,35.0,33.0,35.0
2011-01,MUN,PB|CAMPINA GRANDE,glp,46,35.0,35.0,35.0,35.0,38.0
2011-01,MUN,PB|GUARABIRA,glp,1,35.0,35.0,35.0,35.0,35.0
2011-01,MUN,PB|INGA,glp,1,35.0,35.0,35.0,35.0,35.0
2011-01,MUN,PB|ITABAIANA,glp,1,35.0,35.0,35.0,35.0,35.0
2011-01,MUN,PB|JOAO PESSOA,glp,46,33.0,32.0,35.0,31.0,36.0
2011-01,MUN,PB|MAMANGUAPE,glp,4,33.0,32.3,33.63,32.0,33.9
2011-01,MUN,PB|PATOS,glp,7,33.0,32.6,34.4,32.0,35.0
2011-01,MUN,PB|SANTA RITA,glp,9,34.0,33.0,35.0,33.0,35.0
2011-01,MUN,PB|SAPE,glp,3,34.0,33.2,34.8,33.0,35.0
2011-01,MUN,PB|SOUSA,glp,6,31.5,30.0,34.0,30.0,35.0
2011-01,MUN,PE|ABREU E LIMA,glp,7,35.0,33.6,35.7,33.0,36.0
2011-01,MUN,PE|AFOGADOS DA INGAZEIRA,glp,4,38.0,36.6,38.0,36.0,38.0
2011-01,MUN,PE|AGUAS BELAS,glp,1,36.0,36.0,36.0,36.0,36.0
2011-01,MUN,PE|ALIANCA,glp,1,36.0,36.0,36.0,36.0,36.0
2011-01,MUN,PE|ARARIPINA,glp,4,36.0,36.0,36.0,36.0,36.0
2011-01,MUN,PE|ARCOVERDE,glp,4,36.0,36.0,36.0,36.0,36.0
2011-01,MUN,PE|BELO JARDIM,glp,6,37.5,37.5,37.5,37.5,37.5
2011-01,MUN,PE|BEZERROS,glp,1,37.5,37.5,37.5,37.5,37.5
2011-01,MUN,PE|BOM CONSELHO,glp,4,37.0,37.0,37.0,37.0,37.0
2011-01,MUN,PE|CABO DE SANTO AGOSTINHO,glp,16,35.0,34.0,36.0,33.0,36.0
2011-01,MUN,PE|CACHOEIRINHA,glp,1,37.0,37.0,37.0,37.0,37.0
2011-01,MUN,PE|CAMARAGIBE,glp,20,35.0,33.0,36.0,33.0,44.0
2011-01,MUN,PE|CARUARU,glp,31,32.0,32.0,34.0,30.0,35.0
2011-01,MUN,PE|GARANHUNS,glp,6,37.0,37.0,37.0,37.0,37.0
2011-01,MUN,PE|GOIANA,glp,5,31.5,29.1,33.8,28.5,35.0
2011-01,MUN,PE|GRAVATA,glp,7,35.0,30.0,38.0,30.0,38.0
2011-01,MUN,PE|IGARASSU,glp,24,35.25,35.0,36.0,30.0,36.0
2011-01,MUN,PE|JABOATAO DOS GUARARAPES,glp,32,35.0,35.0,38.0,34.0,38.0
2011-01,MUN,PE|LAJEDO,glp,6,37.0,37.0,37.0,37.0,37.0
2011-01,MUN,PE|OLINDA,glp,27,33.0,30.0,35.0,30.0,36.0
2011-01,MUN,PE|PAULISTA,glp,7,35.0,34.498,36.0,34.495,36.0
2011-01,MUN,PE|PETROLINA,glp,16,35.0,35.0,35.5,34.0,36.0
2011-01,MUN,PE|RECIFE,glp,91,35.0,33.0,36.0,32.0,40.0
2011-01,MUN,PE|SALGUEIRO,glp,5,39.0,38.4,40.0,38.0,40.0
2011-01,MUN,PE|SANTA CRUZ DO CAPIBARIBE,glp,5,37.5,37.5,37.5,37.5,37.5
2011-01,MUN,PE|SAO BENTO DO UNA,glp,6,37.5,37.5,37.5,37.5,37.5
2011-01,MUN,PE|SAO LOURENCO DA MATA,glp,13,35.0,34.6,36.0,34.0,36.0
2011-01,MUN,PE|SERRA TALHADA,glp,5,38.0,38.0,38.0,38.0,38.0
2011-01,MUN,PE|VITORIA DE SANTO ANTAO,glp,11,35.0,35.0,35.0,34.0,35.0
2011-01,MUN,PI|BARRAS,glp,2,39.0,39.0,39.0,39.0,39.0
2011-01,MUN,PI|CAMPO MAIOR,glp,5,39.0,39.0,39.0,39.0,39.0
2011-01,MUN,PI|OEIRAS,glp,5,40.0,39.4,40.0,39.0,40.0
2011-01,MUN,PI|PARNAIBA,glp,2,38.5,38.1,38.9,38.0,39.0
2011-01,MUN,PI|PICOS,glp,2,35.0,35.0,35.0,35.0,35.0
2011-01,MUN,PI|PIRIPIRI,glp,4,39.0,39.0,39.0,39.0,39.0
2011-01,MUN,PI|TERESINA,glp,54,35.0,35.0,37.0,35.0,37.5
2011-01,MUN,PR|ALMIRANTE TAMANDARE,glp,11,37.0,37.0,38.5,36.4,40.0
2011-01,MUN,PR|APUCARANA,glp,18,40.0,38.7,40.0,38.0,40.0
2011-01,MUN,PR|ARAPONGAS,glp,18,40.0,38.0,40.0,38.0,40.0
2011-01,MUN,PR|ARAUCARIA,glp,13,36.0,35.0,37.0,34.0,38.0
2011-01,MUN,PR|ASSIS CHATEAUBRIAND,glp,4,38.0,38.0,38.0,38.0,38.0
2011-01,MUN,PR|CAMBE,glp,30,40.0,39.0,41.0,39.0,42.0
2011-01,MUN,PR|CAMPO LARGO,glp,18,35.0,34.963,35.3,34.0,36.0
2011-01,MUN,PR|CAMPO MOURAO,glp,11,41.0,39.0,43.9,39.0,45.0
2011-01,MUN,PR|CASCAVEL,glp,70,41.5,40.0,42.0,40.0,42.5
2011-01,MUN,PR|CASTRO,glp,9,40.0,39.8,40.0,39.0,40.0
2011-01,MUN,PR|CIANORTE,glp,14,39.45,37.65,40.0,35.0,42.0
2011-01,MUN,PR|COLOMBO,glp,24,36.0,34.27,37.82,32.9,38.0
2011-01,MUN,PR|CORNELIO PROCOPIO,glp,6,40.0,40.0,40.0,40.0,40.0
2011-01,MUN,PR|CURITIBA,glp,118,36.0,35.0,37.0,34.0,38.0
2011-01,MUN,PR|FOZ DO IGUACU,glp,79,44.0,43.0,44.0,40.0,44.0
2011-01,MUN,PR|FRANCISCO BELTRAO,glp,7,33.04,31.4,37.0,29.9,40.0
2011-01,MUN,PR|GUAIRA,glp,1,45.0,45.0,45.0,45.0,45.0
2011-01,MUN,PR|GUARAPUAVA,glp,15,33.0,32.95,34.3,32.5,36.5
2011-01,MUN,PR|IBIPORA,glp,1,41.0,41.0,41.0,41.0,41.0
2011-01,MUN,PR|LARANJEIRAS DO SUL,glp,5,40.0,39.0,40.74,39.0,40.9
2011-01,MUN,PR|LONDRINA,glp,105,40.0,40.0,41.0,40.0,41.0
2011-01,MUN,PR|MARECHAL CANDIDO RONDON,glp,7,43.0,40.0,45.0,40.0,45.0
2011-01,MUN,PR|MARINGA,glp,39,43.0,40.0,45.0,40.0,45.0
2011-01,MUN,PR|MEDIANEIRA,glp,1,44.0,44.0,44.0,44.0,44.0
2011-01,MUN,PR|PARANAGUA,glp,24,37.0,35.0,39.0,34.0,40.0
2011-01,MUN,PR|PARANAVAI,glp,16,42.0,40.0,42.0,40.0,42.0
2011-01,MUN,PR|PATO BRANCO,glp,12,40.0,40.0,40.0,40.0,40.0
2011-01,MUN,PR|PINHAIS,glp,16,36.0,35.0,37.0,35.0,38.0
2011-01,MUN,PR|PONTA GROSSA,glp,33,37.0,36.0,37.0,35.0,38.0
2011-01,MUN,PR|SANTO ANTONIO DA PLATINA,glp,15,40.0,40.0,40.0,40.0,40.0
2011-01,MUN,PR|SAO JOSE DOS PINHAIS,glp,17,37.0,36.0,38.0,35.0,39.0
2011-01,MUN,PR|TERRA BOA,glp,1,35.0,35.0,35.0,35.0,35.0
2011-01,MUN,PR|TOLEDO,glp,25,43.0,40.0,45.0,38.0,45.0
2011-01,MUN,PR|UMUARAMA,glp,16,38.0,37.0,40.0,37.0,40.0
2011-01,MUN,PR|UNIAO DA VITORIA,glp,4,39.5,38.3,40.0,38.0,40.0
2011-01,MUN,RJ|ANGRA DOS REIS,glp,5,41.0,40.0,42.0,40.0,42.0
2011-01,MUN,RJ|ARARUAMA,glp,6,35.5,34.495,36.5,34.0,37.0
2011-01,MUN,RJ|ARMACAO DOS BUZIOS,glp,1,36.0,36.0,36.0,36.0,36.0
2011-01,MUN,RJ|BARRA DO PIRAI,glp,5,37.0,37.0,37.0,37.0,37.0
2011-01,MUN,RJ|BARRA MANSA,glp,13,39.0,38.0,40.0,38.0,40.0
2011-01,MUN,RJ|BELFORD ROXO,glp,7,40.0,38.0,40.8,38.0,42.0
2011-01,MUN,RJ|CABO FRIO,glp,4,34.0,34.0,34.35,34.0,34.5
2011-01,MUN,RJ|CAMPOS DOS GOYTACAZES,glp,20,40.0,39.62,40.002,36.9,42.0
2011-01,MUN,RJ|DUQUE DE CAXIAS,glp,59,40.0,35.5,40.6,31.0,42.0
2011-01,MUN,RJ|GUAPIMIRIM,glp,1,40.0,40.0,40.0,40.0,40.0
2011-01,MUN,RJ|ITABORAI,glp,4,38.0,38.0,38.0,38.0,38.0
2011-01,MUN,RJ|ITAGUAI,glp,4,37.175,35.57,37.485,35.0,37.5
2011-01,MUN,RJ|ITAPERUNA,glp,4,35.0,34.3,35.0,34.0,35.0
2011-01,MUN,RJ|MACAE,glp,4,43.0,43.0,43.7,43.0,44.0
2011-01,MUN,RJ|MAGE,glp,3,38.0,38.0,38.0,38.0,38.0
2011-01,MUN,RJ|MANGARATIBA,glp,1,37.9,37.9,37.9,37.9,37.9
2011-01,MUN,RJ|MARICA,glp,3,37.0,37.0,37.8,37.0,38.0
2011-01,MUN,RJ|NILOPOLIS,glp,6,38.0,35.99,40.5,34.99,41.0
2011-01,MUN,RJ|NITEROI,glp,15,38.0,37.4,40.0,37.0,40.0
2011-01,MUN,RJ|NOVA FRIBURGO,glp,6,38.0,36.0,38.0,36.0,38.0
2011-01,MUN,RJ|NOVA IGUACU,glp,21,39.0,38.0,40.0,35.0,40.0
2011-01,MUN,RJ|PARAIBA DO SUL,glp,3,38.0,35.592,38.0,34.99,38.0
2011-01,MUN,RJ|PARATY,glp,1,38.0,38.0,38.0,38.0,38.0
2011-01,MUN,RJ|PETROPOLIS,glp,6,37.5,37.0,39.5,37.0,40.0
2011-01,MUN,RJ|RESENDE,glp,6,38.0,38.0,38.5,38.0,39.0
2011-01,MUN,RJ|RIO BONITO,glp,4,39.0,38.3,39.7,38.0,40.0
2011-01,MUN,RJ|RIO DAS OSTRAS,glp,1,44.0,44.0,44.0,44.0,44.0
2011-01,MUN,RJ|RIO DE JANEIRO,glp,91,36.0,34.0,40.0,31.0,41.0
2011-01,MUN,RJ|SANTO ANTONIO DE PADUA,glp,2,32.0,32.0,32.0,32.0,32.0
2011-01,MUN,RJ|SAO FRANCISCO DE ITABAPOANA,glp,2,40.0,40.0,40.0,40.0,40.0
2011-01,MUN,RJ|SAO GONCALO,glp,29,36.0,35.0,37.2,34.0,39.0
2011-01,MUN,RJ|SAO JOAO DE MERITI,glp,13,38.0,37.2,40.0,36.5,40.0
2011-01,MUN,RJ|SAPUCAIA,glp,2,40.0,40.0,40.0,40.0,40.0
2011-01,MUN,RJ|SAQUAREMA,glp,5,34.99,33.994,35.0,33.99,35.0
2011-01,MUN,RJ|TERESOPOLIS,glp,7,37.0,37.0,37.94,37.0,38.0
2011-01,MUN,RJ|TRES RIOS,glp,2,38.0,38.0,38.0,38.0,38.0
2011-01,MUN,RJ|VALENCA,glp,6,39.0,38.0,39.0,38.0,39.0
2011-01,MUN,RJ|VASSOURAS,glp,2,38.0,38.0,38.0,38.0,38.0
2011-01,MUN,RJ|VOLTA REDONDA,glp,7,37.0,37.0,38.0,37.0,38.0
2011-01,MUN,RN|CAICARA DO NORTE,glp,1,40.0,40.0,40.0,40.0,40.0
2011-01,MUN,RN|CAICO,glp,4,35.5,35.0,37.05,35.0,37.5
2011-01,MUN,RN|CURRAIS NOVOS,glp,4,34.75,34.15,35.0,34.0,35.0
2011-01,MUN,RN|MOSSORO,glp,5,38.0,38.0,38.0,38.0,38.0
2011-01,MUN,RN|NATAL,glp,74,40.0,38.0,40.0,37.5,40.0
2011-01,MUN,RN|PARNAMIRIM,glp,19,38.0,36.8,38.2,36.0,40.0
2011-01,MUN,RN|SAO JOSE DE MIPIBU,glp,2,40.0,40.0,40.0,40.0,40.0
2011-01,MUN,RN|SERRA DO MEL,glp,1,40.0,40.0,40.0,40.0,40.0
2011-01,MUN,RO|ARIQUEMES,glp,7,42.0,42.0,42.0,42.0,42.0
2011-01,MUN,RO|CACOAL,glp,5,43.0,42.0,43.0,42.0,43.0
2011-01,MUN,RO|GUAJARA-MIRIM,glp,7,43.0,42.0,43.0,42.0,43.0
2011-01,MUN,RO|JI-PARANA,glp,13,38.0,37.0,38.8,37.0,39.0
2011-01,MUN,RO|PIMENTA BUENO,glp,4,42.0,42.0,43.4,42.0,44.0
2011-01,MUN,RO|PORTO VELHO,glp,61,38.0,37.0,40.0,37.0,40.0
2011-01,MUN,RO|SAO MIGUEL DO GUAPORE,glp,3,45.0,45.0,45.0,45.0,45.0
2011-01,MUN,RO|VILHENA,glp,8,42.5,42.0,43.0,42.0,43.0
2011-01,MUN,RR|BOA VISTA,glp,34,41.75,40.15,42.0,40.0,42.5
2011-01,MUN,RR|CANTA,glp,1,42.0,42.0,42.0,42.0,42.0
2011-01,MUN,RR|CARACARAI,glp,1,44.5,44.5,44.5,44.5,44.5
2011-01,MUN,RR|RORAINOPOLIS,glp,2,42.0,42.0,42.0,42.0,42.0
2011-01,MUN,RS|ALEGRETE,glp,13,36.0,34.12,38.1,31.0,39.0
2011-01,MUN,RS|ALVORADA,glp,17,39.0,37.6,40.0,35.0,40.0
2011-01,MUN,RS|BAGE,glp,29,38.0,38.0,40.0,38.0,42.0
2011-01,MUN,RS|BENTO GONCALVES,glp,9,39.0,39.0,40.2,39.0,41.0
2011-01,MUN,RS|CACAPAVA DO SUL,glp,12,43.0,38.0,43.0,38.0,43.0
2011-01,MUN,RS|CACHOEIRA DO SUL,glp,22,34.9,34.0,40.0,32.0,43.0
2011-01,MUN,RS|CACHOEIRINHA,glp,13,39.0,38.0,40.0,38.0,41.0
2011-01,MUN,RS|CANOAS,glp,36,38.0,36.0,40.0,35.0,42.0
2011-01,MUN,RS|CAXIAS DO SUL,glp,75,40.0,38.97,42.0,35.0,45.0
2011-01,MUN,RS|CHUI,glp,5,33.0,31.0,34.2,31.0,35.0
2011-01,MUN,RS|CRUZ ALTA,glp,7,36.0,34.0,38.2,34.0,40.0
2011-01,MUN,RS|DAVID CANABARRO,glp,1,42.0,42.0,42.0,42.0,42.0
2011-01,MUN,RS|ERECHIM,glp,24,42.0,40.0,43.0,40.0,44.0
2011-01,MUN,RS|ESTEIO,glp,11,38.0,38.0,40.0,37.0,40.0
2011-01,MUN,RS|GRAMADO,glp,8,39.0,38.0,40.0,38.0,40.0
2011-01,MUN,RS|GRAVATAI,glp,32,39.0,38.0,40.0,36.0,41.0
2011-01,MUN,RS|GUAIBA,glp,14,39.95,39.27,40.0,39.0,40.0
2011-01,MUN,RS|GUAPORE,glp,1,40.0,40.0,40.0,40.0,40.0
2011-01,MUN,RS|IJUI,glp,6,40.0,39.0,41.5,39.0,42.0
2011-01,MUN,RS|JAGUARAO,glp,11,33.0,32.0,33.0,32.0,35.0
2011-01,MUN,RS|LAJEADO,glp,12,40.0,38.1,40.0,38.0,40.0
2011-01,MUN,RS|NOVO HAMBURGO,glp,21,37.0,36.0,38.0,35.0,38.0
2011-01,MUN,RS|OSORIO,glp,9,40.0,40.0,40.0,40.0,40.0
2011-01,MUN,RS|PALMEIRA DAS MISSOES,glp,6,39.95,39.0,40.95,39.0,41.9
2011-01,MUN,RS|PASSO FUNDO,glp,77,40.0,36.6,43.0,32.0,45.0
2011-01,MUN,RS|PELOTAS,glp,38,35.0,33.0,37.15,30.0,38.0
2011-01,MUN,RS|PINTO BANDEIRA,glp,1,40.0,40.0,40.0,40.0,40.0
2011-01,MUN,RS|PORTAO,glp,1,40.0,40.0,40.0,40.0,40.0
2011-01,MUN,RS|PORTO ALEGRE,glp,74,38.0,37.0,40.0,35.0,40.0
2011-01,MUN,RS|RIO GRANDE,glp,62,35.0,35.0,36.0,32.0,38.0
2011-01,MUN,RS|SANTA CRUZ DO SUL,glp,20,37.0,36.95,40.1,36.0,44.0
2011-01,MUN,RS|SANTA MARIA,glp,93,38.0,36.0,40.0,35.5,43.0
2011-01,MUN,RS|SANTA ROSA,glp,11,38.0,37.0,38.0,37.0,38.0
2011-01,MUN,RS|SANTA VITORIA DO PALMAR,glp,9,36.0,35.9,38.2,35.5,39.0
2011-01,MUN,RS|SANTANA DO LIVRAMENTO,glp,24,34.0,33.9,34.0,33.0,34.0
2011-01,MUN,RS|SANTO ANGELO,glp,12,40.0,40.0,41.0,40.0,43.0
2011-01,MUN,RS|SAO BORJA,glp,10,40.0,38.9,40.0,38.0,40.0
2011-01,MUN,RS|SAO GABRIEL,glp,16,40.0,37.5,43.0,37.0,44.0
2011-01,MUN,RS|SAO LEOPOLDO,glp,18,38.0,36.7,38.0,35.0,39.0
2011-01,MUN,RS|SAO LUIZ GONZAGA,glp,5,43.0,41.94,43.6,41.9,44.0
2011-01,MUN,RS|SAPIRANGA,glp,17,40.0,38.3,40.4,36.0,42.0
2011-01,MUN,RS|SAPUCAIA DO SUL,glp,21,39.0,38.0,40.0,35.0,40.0
2011-01,MUN,RS|TORRES,glp,7,40.0,39.9,41.6,39.9,42.5
2011-01,MUN,RS|TRAMANDAI,glp,10,40.0,38.0,40.0,38.0,40.0
2011-01,MUN,RS|URUGUAIANA,glp,16,39.5,38.75,40.0,38.0,41.0
2011-01,MUN,RS|VACARIA,glp,8,39.95,38.97,41.15,38.9,41.5
2011-01,MUN,RS|VIAMAO,glp,18,40.0,36.4,40.0,35.0,42.0
2011-01,MUN,SC|ARARANGUA,glp,4,38.0,35.9,39.4,35.0,40.0
2011-01,MUN,SC|BALNEARIO CAMBORIU,glp,1,42.0,42.0,42.0,42.0,42.0
2011-01,MUN,SC|BIGUACU,glp,3,46.0,46.0,46.8,46.0,47.0
2011-01,MUN,SC|BLUMENAU,glp,14,40.0,39.0,42.0,39.0,43.0
2011-01,MUN,SC|BRUSQUE,glp,5,40.0,38.4,42.64,38.0,44.4
2011-01,MUN,SC|CACADOR,glp,2,40.5,40.1,40.9,40.0,41.0
2011-01,MUN,SC|CHAPECO,glp,15,39.0,37.94,40.0,37.5,41.0
2011-01,MUN,SC|CONCORDIA,glp,2,40.5,40.1,40.9,40.0,41.0
2011-01,MUN,SC|CRICIUMA,glp,9,39.0,37.8,40.2,37.0,41.0
2011-01,MUN,SC|FLORIANOPOLIS,glp,6,45.5,44.5,46.5,44.0,47.0
2011-01,MUN,SC|GASPAR,glp,1,41.0,41.0,41.0,41.0,41.0
2011-01,MUN,SC|ITAJAI,glp,16,39.0,38.0,40.0,38.0,40.0
2011-01,MUN,SC|JARAGUA DO SUL,glp,6,39.5,38.5,40.75,38.0,41.5
2011-01,MUN,SC|JOINVILLE,glp,23,40.0,39.0,41.8,38.0,43.0
2011-01,MUN,SC|LAGES,glp,8,40.0,40.0,40.075,40.0,40.25
2011-01,MUN,SC|LAGUNA,glp,3,39.9,38.38,39.98,38.0,40.0
2011-01,MUN,SC|MAFRA,glp,4,40.0,39.3,40.7,39.0,41.0
2011-01,MUN,SC|PALHOCA,glp,5,44.0,42.0,45.0,42.0,45.0
2011-01,MUN,SC|SAO JOSE,glp,8,44.0,43.7,45.0,43.0,45.0
2011-01,MUN,SC|SAO MIGUEL DO OESTE,glp,3,37.0,35.4,37.8,35.0,38.0
2011-01,MUN,SC|TUBARAO,glp,6,39.5,38.0,40.5,38.0,41.0
2011-01,MUN,SC|VIDEIRA,glp,5,40.0,38.76,41.6,38.0,42.0
2011-01,MUN,SC|XANXERE,glp,5,40.0,38.6,40.0,38.0,40.0
2011-01,MUN,SE|ARACAJU,glp,23,35.0,34.1,35.0,34.0,37.0
2011-01,MUN,SE|ITABAIANA,glp,4,36.0,36.0,37.4,36.0,38.0
2011-01,MUN,SE|ITABAIANINHA,glp,4,32.5,32.0,33.7,32.0,34.0
2011-01,MUN,SE|LAGARTO,glp,6,35.0,34.5,35.0,34.0,35.0
2011-01,MUN,SE|NOSSA SENHORA DO SOCORRO,glp,8,35.0,34.7,35.0,34.0,35.0
2011-01,MUN,SE|SIMAO DIAS,glp,4,33.0,30.9,33.0,30.0,33.0
2011-01,MUN,SE|TOBIAS BARRETO,glp,4,35.0,34.3,35.0,34.0,35.0
2011-01,MUN,SP|ADAMANTINA,glp,12,38.0,37.1,38.0,35.0,38.0
2011-01,MUN,SP|AMERICANA,glp,23,39.5,39.0,40.0,37.99,40.0
2011-01,MUN,SP|AMPARO,glp,8,39.0,38.0,40.54,38.0,41.8
2011-01,MUN,SP|APIAI,glp,2,38.75,38.55,38.95,38.5,39.0
2011-01,MUN,SP|ARACATUBA,glp,45,38.0,35.0,39.96,34.0,40.0
2011-01,MUN,SP|ARARAQUARA,glp,16,39.0,38.0,40.0,34.99,40.0
2011-01,MUN,SP|ARARAS,glp,4,34.9,34.9,35.6,34.9,35.9
2011-01,MUN,SP|ASSIS,glp,17,38.0,38.0,38.0,38.0,39.0
2011-01,MUN,SP|ATIBAIA,glp,28,37.0,35.0,38.65,33.0,39.0
2011-01,MUN,SP|AVARE,glp,11,40.0,38.0,40.0,37.0,40.0
2011-01,MUN,SP|BARRETOS,glp,20,37.0,34.8,38.0,33.0,38.9
2011-01,MUN,SP|BARUERI,glp,39,38.0,34.8,40.0,33.99,45.0
2011-01,MUN,SP|BAURU,glp,70,38.0,36.0,40.06,35.0,41.0
2011-01,MUN,SP|BEBEDOURO,glp,21,39.9,36.0,40.0,34.0,42.0
2011-01,MUN,SP|BIRIGUI,glp,23,37.5,35.2,38.0,34.0,38.0
2011-01,MUN,SP|BOTUCATU,glp,18,39.0,38.7,39.65,38.0,40.0
2011-01,MUN,SP|BRAGANCA PAULISTA,glp,22,37.0,35.0,38.0,34.0,38.0
2011-01,MUN,SP|CACAPAVA,glp,19,37.0,32.0,38.0,31.99,39.0
2011-01,MUN,SP|CAMPINAS,glp,80,36.25,34.5,39.0,30.0,40.0
2011-01,MUN,SP|CAMPOS DO JORDAO,glp,9,37.0,36.0,38.0,36.0,38.0
2011-01,MUN,SP|CAPAO BONITO,glp,4,36.0,36.0,36.0,36.0,36.0
2011-01,MUN,SP|CARAGUATATUBA,glp,15,40.0,39.0,40.0,37.9,42.0
2011-01,MUN,SP|CARAPICUIBA,glp,23,34.99,33.99,38.998,33.99,40.0
2011-01,MUN,SP|CATANDUVA,glp,16,38.0,36.0,40.0,35.0,40.0
2011-01,MUN,SP|COSMOPOLIS,glp,10,38.0,36.8,38.0,35.0,38.0
2011-01,MUN,SP|COTIA,glp,12,36.5,35.0,40.9,35.0,41.0
2011-01,MUN,SP|CRUZEIRO,glp,13,37.0,35.2,37.0,34.0,37.0
2011-01,MUN,SP|CUBATAO,glp,6,37.0,36.0,37.5,36.0,38.0
2011-01,MUN,SP|DIADEMA,glp,38,36.0,33.35,38.0,29.8,40.0
2011-01,MUN,SP|DRACENA,glp,10,45.0,44.7,45.0,42.0,45.0
2011-01,MUN,SP|EMBU DAS ARTES,glp,4,37.5,35.6,38.0,35.0,38.0
2011-01,MUN,SP|FERNANDOPOLIS,glp,1,38.0,38.0,38.0,38.0,38.0
2011-01,MUN,SP|FERRAZ DE VASCONCELOS,glp,10,39.25,37.9,40.0,37.0,40.0
2011-01,MUN,SP|FRANCA,glp,40,40.0,39.0,41.0,38.0,42.0
2011-01,MUN,SP|FRANCISCO MORATO,glp,16,38.0,36.45,40.0,35.0,40.0
2011-01,MUN,SP|FRANCO DA ROCHA,glp,8,36.5,35.0,40.0,35.0,40.0
2011-01,MUN,SP|GARCA,glp,13,40.0,38.0,40.0,38.0,40.0
2011-01,MUN,SP|GUARATINGUETA,glp,19,32.0,30.0,39.992,30.0,40.0
2011-01,MUN,SP|GUARUJA,glp,11,38.0,38.0,40.6,36.0,41.0
2011-01,MUN,SP|GUARULHOS,glp,60,38.0,35.0,40.0,33.99,41.0
2011-01,MUN,SP|HORTOLANDIA,glp,21,37.0,36.0,40.0,36.0,40.0
2011-01,MUN,SP|IBITINGA,glp,9,39.0,38.0,40.2,38.0,41.0
2011-01,MUN,SP|INDAIATUBA,glp,23,42.0,40.0,42.0,40.0,43.0
2011-01,MUN,SP|ITANHAEM,glp,14,37.0,35.0,38.0,35.0,38.0
2011-01,MUN,SP|ITAPECERICA DA SERRA,glp,6,40.0,36.995,40.0,35.99,40.0
2011-01,MUN,SP|ITAPETININGA,glp,16,36.0,33.5,38.45,33.0,39.0
2011-01,MUN,SP|ITAPEVA,glp,6,38.0,37.25,39.0,37.0,39.0
2011-01,MUN,SP|ITAPEVI,glp,8,34.995,33.99,37.99,33.99,37.99
2011-01,MUN,SP|ITAPIRA,glp,6,35.0,35.0,35.0,35.0,35.0
2011-01,MUN,SP|ITAPOLIS,glp,17,39.0,38.0,40.0,38.0,40.0
2011-01,MUN,SP|ITAQUAQUECETUBA,glp,23,38.0,36.4,40.0,35.99,40.0
2011-01,MUN,SP|ITATIBA,glp,12,37.0,36.0,37.95,36.0,38.0
2011-01,MUN,SP|ITU,glp,11,36.9,34.9,37.0,33.0,39.8
2011-01,MUN,SP|JABOTICABAL,glp,23,38.0,36.0,40.0,35.0,42.0
2011-01,MUN,SP|JACAREI,glp,26,35.0,31.995,37.75,29.99,39.25
2011-01,MUN,SP|JALES,glp,10,38.75,38.0,40.0,38.0,40.0
2011-01,MUN,SP|JANDIRA,glp,16,36.0,33.0,39.0,30.0,40.0
2011-01,MUN,SP|JAU,glp,13,38.0,35.0,38.0,35.0,40.0
2011-01,MUN,SP|JOSE BONIFACIO,glp,16,37.0,37.0,39.225,35.5,39.9
2011-01,MUN,SP|JUNDIAI,glp,16,37.0,36.0,39.495,32.0,40.0
2011-01,MUN,SP|LEME,glp,16,35.9,34.9,36.95,34.9,37.9
2011-01,MUN,SP|LIMEIRA,glp,19,36.0,35.0,38.398,33.99,39.99
2011-01,MUN,SP|LINS,glp,23,33.0,30.0,35.0,30.0,38.0
2011-01,MUN,SP|LORENA,glp,16,33.0,30.0,37.0,26.5,39.0
2011-01,MUN,SP|MARILIA,glp,18,40.0,38.7,40.0,38.0,42.0
2011-01,MUN,SP|MATAO,glp,17,40.0,39.0,40.4,38.0,46.0
2011-01,MUN,SP|MAUA,glp,39,41.0,37.998,42.0,32.0,45.0
2011-01,MUN,SP|MIRASSOL,glp,13,37.0,35.0,38.0,35.0,38.0
2011-01,MUN,SP|MOCOCA,glp,14,42.0,40.6,42.0,39.0,42.0
2011-01,MUN,SP|MOGI DAS CRUZES,glp,53,38.0,37.0,40.0,35.0,42.0
2011-01,MUN,SP|MOGI GUACU,glp,18,37.0,35.7,37.0,35.0,37.0
2011-01,MUN,SP|MOGI MIRIM,glp,9,35.0,35.0,36.2,35.0,37.0
2011-01,MUN,SP|MONTE ALTO,glp,13,40.0,38.4,42.8,35.0,43.0
2011-01,MUN,SP|OLIMPIA,glp,12,35.0,35.0,35.0,32.99,35.0
2011-01,MUN,SP|OSASCO,glp,89,36.9,33.99,40.0,32.99,43.0
2011-01,MUN,SP|OURINHOS,glp,25,38.0,35.0,39.0,35.0,39.0
2011-01,MUN,SP|PARAGUACU PAULISTA,glp,12,42.0,40.2,42.0,40.0,42.0
2011-01,MUN,SP|PAULICEIA,glp,1,37.5,37.5,37.5,37.5,37.5
2011-01,MUN,SP|PAULINIA,glp,18,35.0,31.0,37.3,31.0,38.0
2011-01,MUN,SP|PINDAMONHANGABA,glp,19,37.0,34.98,38.0,34.9,39.0
2011-01,MUN,SP|PIRACICABA,glp,30,38.0,37.0,40.0,37.0,40.0
2011-01,MUN,SP|PIRASSUNUNGA,glp,10,36.45,34.9,38.0,34.9,38.0
2011-01,MUN,SP|POA,glp,10,38.5,36.65,40.0,33.5,40.0
2011-01,MUN,SP|PORTO FERREIRA,glp,8,34.0,34.0,35.0,34.0,35.0
2011-01,MUN,SP|PRAIA GRANDE,glp,23,38.0,34.992,41.0,33.99,45.0
2011-01,MUN,SP|PRESIDENTE PRUDENTE,glp,31,38.0,37.0,40.0,36.0,43.9
2011-01,MUN,SP|PRESIDENTE VENCESLAU,glp,15,37.0,36.0,37.0,36.0,37.0
2011-01,MUN,SP|RIBEIRAO PIRES,glp,13,40.0,38.0,40.0,37.9,42.0
2011-01,MUN,SP|RIBEIRAO PRETO,glp,132,42.0,40.0,42.0,37.0,43.0
2011-01,MUN,SP|RIO CLARO,glp,8,35.0,35.0,35.0,35.0,35.0
2011-01,MUN,SP|SALTO,glp,16,38.0,34.5,39.95,34.0,40.0
2011-01,MUN,SP|SANTA BARBARA D'OESTE,glp,23,40.0,39.0,40.0,38.0,40.0
2011-01,MUN,SP|SANTA CRUZ DO RIO PARDO,glp,13,37.0,35.2,37.0,35.0,38.0
2011-01,MUN,SP|SANTO ANDRE,glp,56,39.95,35.0,42.0,33.99,43.0
2011-01,MUN,SP|SANTOS,glp,41,36.73,34.0,40.0,32.95,43.0
2011-01,MUN,SP|SAO BERNARDO DO CAMPO,glp,55,39.0,35.0,40.6,33.0,43.0
2011-01,MUN,SP|SAO CAETANO DO SUL,glp,7,39.99,38.0,41.94,38.0,42.0
2011-01,MUN,SP|SAO CARLOS,glp,19,37.9,35.9,39.92,35.9,41.0
2011-01,MUN,SP|SAO JOAO DA BOA VISTA,glp,11,38.0,38.0,38.0,38.0,38.0
2011-01,MUN,SP|SAO JOAQUIM DA BARRA,glp,12,40.0,39.1,40.0,38.0,41.0
2011-01,MUN,SP|SAO JOSE DO RIO PRETO,glp,105,38.0,36.0,40.0,35.0,43.0
2011-01,MUN,SP|SAO JOSE DOS CAMPOS,glp,65,36.0,35.0,37.0,32.0,38.0
2011-01,MUN,SP|SAO PAULO,glp,262,38.675,34.0,40.0,33.99,42.0
2011-01,MUN,SP|SAO ROQUE,glp,14,36.0,33.993,37.7,32.0,38.9
2011-01,MUN,SP|SAO VICENTE,glp,46,36.0,35.0,38.0,33.99,42.0
2011-01,MUN,SP|SERTAOZINHO,glp,23,38.0,35.59,39.6,34.0,40.0
2011-01,MUN,SP|SOROCABA,glp,28,37.0,36.0,38.3,35.0,39.99
2011-01,MUN,SP|SUMARE,glp,43,37.0,36.1,38.998,34.0,40.0
2011-01,MUN,SP|SUZANO,glp,31,40.0,37.0,40.0,33.99,40.0
2011-01,MUN,SP|TABOAO DA SERRA,glp,6,34.5,33.995,39.9,33.99,39.9
2011-01,MUN,SP|TATUI,glp,9,39.0,37.8,40.0,37.0,40.0
2011-01,MUN,SP|TAUBATE,glp,38,37.0,35.0,39.0,34.0,42.0
2011-01,MUN,SP|TUPA,glp,12,35.0,32.0,36.0,32.0,36.0
2011-01,MUN,SP|UBATUBA,glp,11,38.0,35.0,40.0,34.99,40.0
2011-01,MUN,SP|VALINHOS,glp,11,38.0,37.0,40.0,37.0,41.0
2011-01,MUN,SP|VARZEA PAULISTA,glp,11,35.0,35.0,38.0,35.0,38.0
2011-01,MUN,SP|VINHEDO,glp,6,40.0,39.0,40.225,38.5,40.45
2011-01,MUN,SP|VOTORANTIM,glp,17,37.0,36.54,37.0,36.0,40.0
2011-01,MUN,SP|VOTUPORANGA,glp,19,35.0,35.0,37.2,33.0,38.0
2011-01,MUN,TO|ARAGUAINA,glp,13,45.0,43.2,45.0,43.0,45.0
2011-01,MUN,TO|GURUPI,glp,29,45.0,45.0,45.0,45.0,45.0
2011-01,MUN,TO|PALMAS,glp,17,45.0,42.0,45.0,42.0,45.0
2011-01,MUN,TO|PARAISO DO TOCANTINS,glp,3,45.0,44.2,45.0,44.0,45.0
2011-01,MUN,TO|PORTO NACIONAL,glp,6,45.0,44.0,45.0,44.0,45.0
2011-01,UF,AC,glp,229,41.0,40.0,42.296,39.5,53.0
2011-01,UF,AL,glp,86,35.0,35.0,37.0,33.0,40.0
2011-01,UF,AM,glp,239,30.0,29.0,32.0,27.0,36.0
2011-01,UF,AP,glp,28,41.0,40.0,44.0,38.0,56.0
2011-01,UF,BA,glp,524,35.5,32.0,38.0,24.99,41.0
2011-01,UF,CE,glp,343,38.0,35.0,40.0,30.0,40.0
2011-01,UF,DF,glp,117,37.0,36.0,38.0,35.0,39.0
2011-01,UF,ES,glp,276,35.0,32.75,37.0,29.0,39.0
2011-01,UF,GO,glp,553,40.0,38.0,43.0,35.99,45.0
2011-01,UF,MA,glp,158,40.0,38.0,42.0,33.0,45.0
2011-01,UF,MG,glp,1140,41.0,37.5,44.0,33.0,48.0
2011-01,UF,MS,glp,563,46.0,43.0,47.0,39.0,50.0
2011-01,UF,MT,glp,110,47.0,43.0,49.0,39.0,51.5
2011-01,UF,PA,glp,231,40.0,38.0,43.0,34.0,49.0
2011-01,UF,PB,glp,144,35.0,33.0,35.0,30.0,38.0
2011-01,UF,PE,glp,366,35.0,33.0,37.7,28.5,44.0
2011-01,UF,PI,glp,74,35.0,35.0,39.0,35.0,40.0
2011-01,UF,PR,glp,803,40.0,35.0,44.0,29.9,45.0
2011-01,UF,RJ,glp,381,38.0,35.0,40.0,31.0,44.0
2011-01,UF,RN,glp,110,39.0,37.0,40.0,34.0,40.0
2011-01,UF,RO,glp,108,39.0,37.0,43.0,37.0,45.0
2011-01,UF,RR,glp,38,42.0,40.35,42.0,40.0,44.5
2011-01,UF,RS,glp,962,39.0,35.0,41.0,30.0,45.0
2011-01,UF,SC,glp,154,40.0,38.0,44.0,35.0,47.0
2011-01,UF,SE,glp,53,35.0,33.0,35.8,30.0,38.0
2011-01,UF,SP,glp,2842,38.0,35.0,40.5,26.5,46.0
2011-01,UF,TO,glp,68,45.0,43.0,45.0,42.0,45.0
2011-02,BR,BR,glp,10761,38.5,34.0,43.0,24.99,56.0
2011-02,MUN,AC|CRUZEIRO DO SUL,glp,6,50.0,49.0,53.0,48.0,53.0
2011-02,MUN,AC|RIO BRANCO,glp,215,41.0,40.0,42.0,39.5,45.0
2011-02,MUN,AC|SENA MADUREIRA,glp,6,45.0,42.0,45.0,40.0,45.0
2011-02,MUN,AC|SENADOR GUIOMARD,glp,5,42.0,40.4,42.0,40.0,42.0
2011-02,MUN,AC|XAPURI,glp,2,47.0,47.0,47.0,47.0,47.0
2011-02,MUN,AL|ARAPIRACA,glp,9,35.0,33.8,35.4,33.0,37.0
2011-02,MUN,AL|DELMIRO GOUVEIA,glp,2,35.0,35.0,35.0,35.0,35.0
2011-02,MUN,AL|IGACI,glp,1,35.0,35.0,35.0,35.0,35.0
2011-02,MUN,AL|MACEIO,glp,43,36.0,34.0,37.0,33.0,38.0
2011-02,MUN,AL|MARECHAL DEODORO,glp,2,35.0,35.0,35.0,35.0,35.0
2011-02,MUN,AL|PALMEIRA DOS INDIOS,glp,7,39.0,38.0,40.0,38.0,40.0
2011-02,MUN,AL|RIO LARGO,glp,4,33.0,33.0,34.4,33.0,35.0
2011-02,MUN,AL|SANTANA DO IPANEMA,glp,5,35.0,35.0,35.0,35.0,35.0
2011-02,MUN,AM|AUTAZES,glp,1,31.0,31.0,31.0,31.0,31.0
2011-02,MUN,AM|HUMAITA,glp,2,35.5,35.1,35.9,35.0,36.0
2011-02,MUN,AM|ITACOATIARA,glp,10,34.0,32.9,35.0,32.0,35.0
2011-02,MUN,AM|MANACAPURU,glp,5,33.0,32.4,33.0,32.0,33.0
2011-02,MUN,AM|MANAUS,glp,203,30.0,29.0,32.0,27.0,34.0
2011-02,MUN,AM|PARINTINS,glp,1,30.0,30.0,30.0,30.0,30.0
2011-02,MUN,AM|PRESIDENTE FIGUEIREDO,glp,3,34.0,33.2,34.8,33.0,35.0
2011-02,MUN,AM|TEFE,glp,2,36.5,35.3,37.7,35.0,38.0
2011-02,MUN,AP|LARANJAL DO JARI,glp,2,38.5,38.1,38.9,38.0,39.0
2011-02,MUN,AP|MACAPA,glp,26,40.0,40.0,42.0,40.0,42.0
2011-02,MUN,AP|OIAPOQUE,glp,1,56.0,56.0,56.0,56.0,56.0
2011-02,MUN,AP|SANTANA,glp,7,42.0,42.0,44.0,42.0,44.0
2011-02,MUN,BA|ALAGOINHAS,glp,5,37.0,37.0,37.3,37.0,37.5
2011-02,MUN,BA|BARRA,glp,4,35.0,34.65,35.0,34.5,35.0
2011-02,MUN,BA|BARRA DO MENDES,glp,1,35.0,35.0,35.0,35.0,35.0
2011-02,MUN,BA|BARREIRAS,glp,10,39.0,38.0,40.0,38.0,40.0
2011-02,MUN,BA|BRUMADO,glp,7,35.0,34.6,35.0,34.0,35.0
2011-02,MUN,BA|CAETITE,glp,6,30.0,30.0,30.0,30.0,30.0
2011-02,MUN,BA|CAMACARI,glp,16,38.0,38.0,39.25,38.0,40.0
2011-02,MUN,BA|CAMPO FORMOSO,glp,2,38.0,38.0,38.0,38.0,38.0
2011-02,MUN,BA|CANDEIAS,glp,6,34.0,33.0,35.0,33.0,35.0
2011-02,MUN,BA|CAPIM GROSSO,glp,1,38.0,38.0,38.0,38.0,38.0
2011-02,MUN,BA|EUNAPOLIS,glp,9,35.0,35.0,35.2,35.0,36.0
2011-02,MUN,BA|FEIRA DE SANTANA,glp,21,38.0,37.99,39.0,36.0,39.0
2011-02,MUN,BA|GUANAMBI,glp,14,26.498,25.0,28.0,24.99,29.5
2011-02,MUN,BA|ILHEUS,glp,9,38.99,37.0,40.2,37.0,41.0
2011-02,MUN,BA|IPIRA,glp,5,38.0,38.0,38.0,38.0,38.0
2011-02,MUN,BA|IRECE,glp,12,35.0,35.0,35.0,35.0,35.0
2011-02,MUN,BA|ITABUNA,glp,12,39.0,39.0,39.0,38.0,39.0
2011-02,MUN,BA|ITAMARAJU,glp,5,35.0,35.0,35.0,35.0,35.0
2011-02,MUN,BA|JACOBINA,glp,7,38.0,38.0,40.0,38.0,40.0
2011-02,MUN,BA|JAGUAQUARA,glp,9,33.0,33.0,33.0,33.0,33.0
2011-02,MUN,BA|JEQUIE,glp,14,32.0,28.6,32.5,26.0,33.0
2011-02,MUN,BA|JOAO DOURADO,glp,1,35.0,35.0,35.0,35.0,35.0
2011-02,MUN,BA|JUAZEIRO,glp,7,35.0,34.3,35.0,34.0,35.0
2011-02,MUN,BA|LAURO DE FREITAS,glp,26,36.0,35.0,36.5,32.0,40.0
2011-02,MUN,BA|LIVRAMENTO DE NOSSA SENHORA,glp,2,32.0,32.0,32.0,32.0,32.0
2011-02,MUN,BA|PAULO AFONSO,glp,5,37.0,35.4,37.0,35.0,37.0
2011-02,MUN,BA|POCOES,glp,6,31.0,30.0,32.0,30.0,32.0
2011-02,MUN,BA|PORTO SEGURO,glp,10,38.0,35.95,38.0,35.5,38.0
2011-02,MUN,BA|RUY BARBOSA,glp,4,35.0,35.0,35.0,35.0,35.0
2011-02,MUN,BA|SALVADOR,glp,208,35.0,33.0,37.0,30.0,38.0
2011-02,MUN,BA|SANTO ANTONIO DE JESUS,glp,8,36.0,35.0,38.0,35.0,38.0
2011-02,MUN,BA|SENHOR DO BONFIM,glp,5,38.0,38.0,38.0,38.0,38.0
2011-02,MUN,BA|SERRINHA,glp,4,38.0,38.0,38.0,38.0,38.0
2011-02,MUN,BA|SIMOES FILHO,glp,6,38.0,36.0,38.0,36.0,38.0
2011-02,MUN,BA|TEIXEIRA DE FREITAS,glp,8,35.5,35.0,38.0,35.0,38.0
2011-02,MUN,BA|URANDI,glp,1,25.0,25.0,25.0,25.0,25.0
2011-02,MUN,BA|VALENCA,glp,5,37.0,35.0,37.0,35.0,37.0
2011-02,MUN,BA|VITORIA DA CONQUISTA,glp,13,35.0,35.0,38.0,32.0,40.0
2011-02,MUN,CE|AQUIRAZ,glp,1,39.0,39.0,39.0,39.0,39.0
2011-02,MUN,CE|ARACOIABA,glp,1,38.0,38.0,38.0,38.0,38.0
2011-02,MUN,CE|BEBERIBE,glp,1,33.0,33.0,33.0,33.0,33.0
2011-02,MUN,CE|CANINDE,glp,2,33.5,33.1,33.9,33.0,34.0
2011-02,MUN,CE|CAUCAIA,glp,42,37.75,36.55,38.0,36.0,40.0
2011-02,MUN,CE|CRATEUS,glp,5,35.0,34.0,35.0,34.0,35.0
2011-02,MUN,CE|CRATO,glp,12,37.5,32.0,39.0,30.0,40.0
2011-02,MUN,CE|FORTALEZA,glp,208,38.0,37.0,40.0,35.0,40.0
2011-02,MUN,CE|ICO,glp,4,32.5,32.0,33.0,32.0,33.0
2011-02,MUN,CE|IGUATU,glp,4,37.0,36.3,37.0,36.0,37.0
2011-02,MUN,CE|IPU,glp,2,33.5,33.1,33.9,33.0,34.0
2011-02,MUN,CE|ITAPIPOCA,glp,7,34.0,33.0,35.0,33.0,35.0
2011-02,MUN,CE|JUAZEIRO DO NORTE,glp,15,38.0,32.0,40.0,30.0,40.0
2011-02,MUN,CE|LIMOEIRO DO NORTE,glp,5,36.0,35.0,36.0,35.0,36.0
2011-02,MUN,CE|MARACANAU,glp,15,38.0,37.0,40.0,37.0,40.0
2011-02,MUN,CE|MORADA NOVA,glp,5,35.0,34.4,36.0,34.0,36.0
2011-02,MUN,CE|PEDRA BRANCA,glp,2,32.5,32.1,32.9,32.0,33.0
2011-02,MUN,CE|QUIXADA,glp,8,36.5,36.0,38.0,36.0,38.0
2011-02,MUN,CE|SOBRAL,glp,5,37.0,35.2,38.0,34.0,38.0
2011-02,MUN,DF|BRASILIA,glp,142,37.0,36.0,38.0,35.0,42.0
2011-02,MUN,ES|ARACRUZ,glp,9,35.0,33.0,35.0,33.0,35.0
2011-02,MUN,ES|BARRA DE SAO FRANCISCO,glp,8,33.0,33.0,36.0,33.0,36.0
2011-02,MUN,ES|CACHOEIRO DE ITAPEMIRIM,glp,17,35.0,34.6,36.0,34.0,36.0
2011-02,MUN,ES|CARIACICA,glp,49,35.0,30.0,36.6,30.0,38.0
2011-02,MUN,ES|CASTELO,glp,5,33.5,31.8,33.8,31.0,34.0
2011-02,MUN,ES|COLATINA,glp,8,35.5,35.0,37.0,35.0,37.0
2011-02,MUN,ES|GUARAPARI,glp,20,38.0,35.0,38.0,35.0,38.0
2011-02,MUN,ES|ITAPEMIRIM,glp,3,35.0,34.2,36.6,34.0,37.0
2011-02,MUN,ES|JAGUARE,glp,4,35.5,35.0,36.0,35.0,36.0
2011-02,MUN,ES|LINHARES,glp,19,35.0,33.0,35.0,32.0,35.0
2011-02,MUN,ES|MARATAIZES,glp,1,35.0,35.0,35.0,35.0,35.0
2011-02,MUN,ES|NOVA VENECIA,glp,3,35.0,35.0,36.6,35.0,37.0
2011-02,MUN,ES|SAO MATEUS,glp,14,37.5,37.0,39.0,37.0,39.0
2011-02,MUN,ES|SERRA,glp,75,35.0,34.0,37.6,32.0,38.0
2011-02,MUN,ES|VILA VELHA,glp,33,35.0,30.0,37.6,30.0,38.0
2011-02,MUN,ES|VITORIA,glp,12,37.0,35.05,38.0,34.0,38.0
2011-02,MUN,GO|AGUAS LINDAS DE GOIAS,glp,15,40.0,40.0,42.0,38.0,43.0
2011-02,MUN,GO|ANAPOLIS,glp,121,39.5,38.0,40.0,35.99,42.0
2011-02,MUN,GO|APARECIDA DE GOIANIA,glp,39,40.0,39.0,41.0,39.0,41.0
2011-02,MUN,GO|CALDAS NOVAS,glp,24,39.0,38.0,40.0,37.0,40.0
2011-02,MUN,GO|CAMPO ALEGRE DE GOIAS,glp,1,38.0,38.0,38.0,38.0,38.0
2011-02,MUN,GO|CATALAO,glp,12,38.0,38.0,38.0,38.0,38.0
2011-02,MUN,GO|CIDADE OCIDENTAL,glp,1,37.0,37.0,37.0,37.0,37.0
2011-02,MUN,GO|FORMOSA,glp,20,40.0,40.0,40.0,40.0,40.0
2011-02,MUN,GO|GOIANIA,glp,177,40.0,39.0,41.0,36.0,42.0
2011-02,MUN,GO|GOIATUBA,glp,11,38.0,37.0,38.0,37.0,38.0
2011-02,MUN,GO|ITUMBIARA,glp,14,40.0,40.0,40.0,39.75,40.0
2011-02,MUN,GO|JATAI,glp,20,40.0,40.0,42.0,40.0,42.0
2011-02,MUN,GO|LUZIANIA,glp,34,40.0,39.0,40.0,39.0,40.0
2011-02,MUN,GO|MINEIROS,glp,17,44.0,43.0,45.0,42.0,45.0
2011-02,MUN,GO|MORRINHOS,glp,16,38.0,37.5,40.0,37.0,40.0
2011-02,MUN,GO|PLANALTINA,glp,20,45.0,45.0,45.0,45.0,45.0
2011-02,MUN,GO|PONTALINA,glp,1,37.0,37.0,37.0,37.0,37.0
2011-02,MUN,GO|PORANGATU,glp,18,45.0,45.0,45.0,45.0,45.0
2011-02,MUN,GO|RIO VERDE,glp,22,42.0,41.0,43.0,41.0,43.0
2011-02,MUN,GO|SENADOR CANEDO,glp,2,40.5,40.1,40.9,40.0,41.0
2011-02,MUN,GO|TRINDADE,glp,39,40.0,39.0,41.0,39.0,41.0
2011-02,MUN,GO|VALPARAISO DE GOIAS,glp,11,43.0,43.0,43.0,43.0,43.15
2011-02,MUN,MA|ACAILANDIA,glp,5,40.0,40.0,42.6,40.0,43.0
2011-02,MUN,MA|BACABAL,glp,4,38.0,37.3,38.0,37.0,38.0
2011-02,MUN,MA|BALSAS,glp,3,40.0,40.0,40.0,40.0,40.0
2011-02,MUN,MA|BARRA DO CORDA,glp,6,42.0,42.0,45.0,42.0,45.0
2011-02,MUN,MA|CAROLINA,glp,3,44.0,44.0,44.0,44.0,44.0
2011-02,MUN,MA|CAXIAS,glp,3,42.0,42.0,42.0,42.0,42.0
2011-02,MUN,MA|CODO,glp,3,40.5,40.1,40.9,40.0,41.0
2011-02,MUN,MA|IMPERATRIZ,glp,46,42.0,42.0,42.0,40.0,42.0
2011-02,MUN,MA|JOAO LISBOA,glp,1,42.0,42.0,42.0,42.0,42.0
2011-02,MUN,MA|PINHEIRO,glp,4,38.5,37.0,40.0,37.0,40.0
2011-02,MUN,MA|PRESIDENTE DUTRA,glp,3,38.0,38.0,38.0,38.0,38.0
2011-02,MUN,MA|SANTA INES,glp,4,40.0,40.0,40.0,40.0,40.0
2011-02,MUN,MA|SAO DOMINGOS DO MARANHAO,glp,2,35.0,35.0,35.0,35.0,35.0
2011-02,MUN,MA|SAO JOAO DOS PATOS,glp,3,40.0,40.0,40.0,40.0,40.0
2011-02,MUN,MA|SAO JOSE DE RIBAMAR,glp,10,40.0,38.0,40.0,38.0,40.0
2011-02,MUN,MA|SAO LUIS,glp,64,39.0,38.0,40.0,35.0,40.0
2011-02,MUN,MA|TIMON,glp,3,33.0,33.0,33.2,33.0,33.25
2011-02,MUN,MG|ALFENAS,glp,15,38.0,35.0,38.0,33.0,40.0
2011-02,MUN,MG|ARAGUARI,glp,16,45.0,43.5,45.0,43.0,45.0
2011-02,MUN,MG|ARAXA,glp,5,42.0,42.0,45.0,42.0,45.0
2011-02,MUN,MG|BARBACENA,glp,16,37.0,34.0,38.0,33.0,38.0
2011-02,MUN,MG|BELO HORIZONTE,glp,121,42.0,39.0,43.5,36.0,45.0
2011-02,MUN,MG|BETIM,glp,37,42.0,39.6,43.0,35.21,43.0
2011-02,MUN,MG|BOM DESPACHO,glp,3,40.0,36.8,40.0,36.0,40.0
2011-02,MUN,MG|CAMPO BELO,glp,8,36.75,35.5,37.0,35.5,37.0
2011-02,MUN,MG|CARATINGA,glp,3,40.0,37.6,40.0,37.0,40.0
2011-02,MUN,MG|CATAGUASES,glp,6,37.75,36.5,38.0,36.0,38.0
2011-02,MUN,MG|CONGONHAS,glp,9,38.0,35.8,38.2,35.0,39.0
2011-02,MUN,MG|CONSELHEIRO LAFAIETE,glp,12,38.0,37.1,40.0,35.0,42.0
2011-02,MUN,MG|CONTAGEM,glp,104,42.0,40.0,43.0,39.0,44.0
2011-02,MUN,MG|CORONEL FABRICIANO,glp,7,42.0,42.0,42.0,42.0,42.0
2011-02,MUN,MG|CURVELO,glp,10,42.0,42.0,43.0,42.0,43.0
2011-02,MUN,MG|DIAMANTINA,glp,5,45.0,44.0,45.0,44.0,45.0
2011-02,MUN,MG|DIVINOPOLIS,glp,18,40.0,40.0,42.0,40.0,42.0
2011-02,MUN,MG|FORMIGA,glp,4,38.75,37.8,39.35,37.5,39.5
2011-02,MUN,MG|FRUTAL,glp,5,38.0,38.0,38.0,38.0,38.0
2011-02,MUN,MG|GOVERNADOR VALADARES,glp,20,39.0,38.9,40.2,38.0,42.0
2011-02,MUN,MG|GUAXUPE,glp,9,39.0,38.0,40.0,38.0,40.0
2011-02,MUN,MG|IBIRITE,glp,13,42.0,40.0,43.0,35.21,43.0
2011-02,MUN,MG|IPATINGA,glp,16,41.0,40.0,41.5,40.0,42.0
2011-02,MUN,MG|ITABIRA,glp,5,41.0,41.0,42.2,41.0,43.0
2011-02,MUN,MG|ITABIRITO,glp,1,39.0,39.0,39.0,39.0,39.0
2011-02,MUN,MG|ITAJUBA,glp,14,38.25,37.65,40.0,37.0,40.0
2011-02,MUN,MG|ITAUNA,glp,14,42.5,40.0,43.0,40.0,44.0
2011-02,MUN,MG|ITUIUTABA,glp,19,40.0,38.8,42.0,35.0,43.0
2011-02,MUN,MG|ITURAMA,glp,1,42.0,42.0,42.0,42.0,42.0
2011-02,MUN,MG|JACUI,glp,1,38.0,38.0,38.0,38.0,38.0
2011-02,MUN,MG|JANAUBA,glp,4,38.0,37.3,38.0,37.0,38.0
2011-02,MUN,MG|JANUARIA,glp,6,42.0,41.0,43.0,40.0,43.0
2011-02,MUN,MG|JOAO MONLEVADE,glp,8,41.5,41.0,42.0,41.0,42.0
2011-02,MUN,MG|JOAO PINHEIRO,glp,10,45.0,44.69,45.1,41.9,46.0
2011-02,MUN,MG|JUIZ DE FORA,glp,61,42.0,38.0,44.0,35.99,46.0
2011-02,MUN,MG|LAVRAS,glp,12,39.5,38.0,41.8,37.0,42.0
2011-02,MUN,MG|LEOPOLDINA,glp,6,40.0,40.0,40.5,40.0,41.0
2011-02,MUN,MG|MANHUACU,glp,5,35.0,34.2,36.6,34.0,37.0
2011-02,MUN,MG|MARIANA,glp,5,40.0,40.0,41.0,40.0,41.0
2011-02,MUN,MG|MONTE CARMELO,glp,15,40.0,40.0,40.0,40.0,43.0
2011-02,MUN,MG|MONTES CLAROS,glp,1,40.0,40.0,40.0,40.0,40.0
2011-02,MUN,MG|MURIAE,glp,5,41.0,39.8,41.6,39.0,42.0
2011-02,MUN,MG|NOVA LIMA,glp,16,42.0,40.5,44.0,40.0,44.0
2011-02,MUN,MG|OLIVEIRA,glp,8,36.0,36.0,37.6,36.0,39.0
2011-02,MUN,MG|OURO PRETO,glp,10,40.0,39.0,41.1,39.0,42.0
2011-02,MUN,MG|PARA DE MINAS,glp,6,41.5,39.95,42.5,39.0,43.0
2011-02,MUN,MG|PARACATU,glp,10,47.0,46.8,48.09,45.0,48.9
2011-02,MUN,MG|PASSOS,glp,18,39.0,38.0,40.0,37.0,40.0
2011-02,MUN,MG|PATOS DE MINAS,glp,18,43.0,42.0,45.0,42.0,45.0
2011-02,MUN,MG|PATROCINIO,glp,8,45.0,44.0,45.0,44.0,45.0
2011-02,MUN,MG|POCOS DE CALDAS,glp,15,35.0,35.0,39.0,34.99,39.0
2011-02,MUN,MG|POUSO ALEGRE,glp,18,38.0,37.97,39.0,37.9,39.0
2011-02,MUN,MG|RIBEIRAO DAS NEVES,glp,23,42.0,39.0,43.0,38.0,43.0
2011-02,MUN,MG|SABARA,glp,15,42.0,39.4,42.0,35.0,43.0
2011-02,MUN,MG|SANTA LUZIA,glp,24,42.0,40.0,43.0,37.0,44.0
2011-02,MUN,MG|SANTOS DUMONT,glp,6,39.5,38.5,40.0,38.0,40.0
2011-02,MUN,MG|SAO GONCALO DO RIO ABAIXO,glp,1,42.0,42.0,42.0,42.0,42.0
2011-02,MUN,MG|SAO GOTARDO,glp,1,43.0,43.0,43.0,43.0,43.0
2011-02,MUN,MG|SAO JOAO DEL REI,glp,15,39.0,39.0,40.0,39.0,40.0
2011-02,MUN,MG|SAO LOURENCO,glp,3,39.0,39.0,39.8,39.0,40.0
2011-02,MUN,MG|SAO SEBASTIAO DO PARAISO,glp,16,39.0,38.0,39.5,38.0,40.0
2011-02,MUN,MG|SETE LAGOAS,glp,15,38.0,38.0,39.0,36.0,40.0
2011-02,MUN,MG|TEOFILO OTONI,glp,22,36.0,36.0,38.0,35.0,42.0
2011-02,MUN,MG|TIMOTEO,glp,9,40.0,39.8,42.4,39.0,44.0
2011-02,MUN,MG|TRES CORACOES,glp,9,38.0,38.0,38.0,38.0,38.0
2011-02,MUN,MG|UBA,glp,8,38.0,35.697,38.285,34.99,38.95
2011-02,MUN,MG|UBERABA,glp,40,45.0,45.0,45.0,40.0,45.0
2011-02,MUN,MG|UBERLANDIA,glp,84,42.0,42.0,43.0,38.0,44.0
2011-02,MUN,MG|UNAI,glp,15,43.0,43.0,43.0,43.0,43.0
2011-02,MUN,MG|VARGINHA,glp,12,36.5,35.0,37.9,35.0,38.0
2011-02,MUN,MG|VESPASIANO,glp,12,41.75,40.0,42.45,40.0,43.0
2011-02,MUN,MG|VICOSA,glp,3,40.0,38.4,40.8,38.0,41.0
2011-02,MUN,MS|BATAYPORA,glp,2,46.0,45.2,46.8,45.0,47.0
2011-02,MUN,MS|CAMPO GRANDE,glp,412,47.0,43.0,48.0,39.9,48.0
2011-02,MUN,MS|CORUMBA,glp,9,44.0,42.8,44.0,42.0,44.0
2011-02,MUN,MS|COXIM,glp,12,47.0,47.0,47.0,47.0,47.0
2011-02,MUN,MS|DOURADOS,glp,69,45.0,42.8,48.0,39.0,48.0
2011-02,MUN,MS|NOVA ANDRADINA,glp,15,45.0,43.0,45.0,42.0,45.0
2011-02,MUN,MS|PARANAIBA,glp,15,43.0,43.0,43.0,42.0,43.0
2011-02,MUN,MS|PONTA PORA,glp,5,43.0,41.2,43.0,40.0,43.0
2011-02,MUN,MS|SONORA,glp,1,50.0,50.0,50.0,50.0,50.0
2011-02,MUN,MS|TRES LAGOAS,glp,16,40.0,40.0,42.0,40.0,42.0
2011-02,MUN,MT|ALTA FLORESTA,glp,1,47.0,47.0,47.0,47.0,47.0
2011-02,MUN,MT|CACERES,glp,10,42.0,40.0,44.25,40.0,46.5
2011-02,MUN,MT|CUIABA,glp,51,47.0,44.0,48.0,43.0,49.0
2011-02,MUN,MT|NOVA MUTUM,glp,1,48.0,48.0,48.0,48.0,48.0
2011-02,MUN,MT|RONDONOPOLIS,glp,11,49.0,48.0,50.0,48.0,50.0
2011-02,MUN,MT|SINOP,glp,8,46.5,46.35,47.3,46.0,48.0
2011-02,MUN,MT|SORRISO,glp,11,48.0,46.0,51.0,45.0,51.5
2011-02,MUN,MT|VARZEA GRANDE,glp,15,46.0,43.0,47.0,42.0,48.0
2011-02,MUN,PA|ABAETETUBA,glp,6,34.5,34.0,35.0,34.0,35.0
2011-02,MUN,PA|ALENQUER,glp,6,40.0,38.5,40.0,38.0,40.0
2011-02,MUN,PA|ALTAMIRA,glp,11,42.0,40.0,42.0,40.0,42.0
2011-02,MUN,PA|ANANINDEUA,glp,31,40.0,40.0,40.0,39.0,40.0
2011-02,MUN,PA|BELEM,glp,91,40.0,38.0,40.0,35.0,41.0
2011-02,MUN,PA|BRAGANCA,glp,6,42.0,42.0,42.5,42.0,43.0
2011-02,MUN,PA|BREVES,glp,3,41.0,40.2,41.0,40.0,41.0
2011-02,MUN,PA|CAMETA,glp,5,39.9,38.4,40.0,38.0,40.0
2011-02,MUN,PA|CASTANHAL,glp,8,40.0,40.0,40.0,40.0,40.0
2011-02,MUN,PA|CONCEICAO DO ARAGUAIA,glp,6,45.0,45.0,46.5,45.0,48.0
2011-02,MUN,PA|ITAITUBA,glp,7,45.0,45.0,45.0,45.0,45.0
2011-02,MUN,PA|MARABA,glp,3,40.0,40.0,40.0,40.0,40.0
2011-02,MUN,PA|MOJUI DOS CAMPOS,glp,1,39.0,39.0,39.0,39.0,39.0
2011-02,MUN,PA|PARAGOMINAS,glp,3,45.0,45.0,45.0,45.0,45.0
2011-02,MUN,PA|PARAUAPEBAS,glp,3,43.0,40.6,43.8,40.0,44.0
2011-02,MUN,PA|REDENCAO,glp,5,45.0,43.4,45.0,43.0,45.0
2011-02,MUN,PA|SANTAREM,glp,35,39.0,38.0,40.0,36.0,40.0
2011-02,MUN,PA|TUCURUI,glp,5,43.0,43.0,43.0,43.0,43.0
2011-02,MUN,PA|XINGUARA,glp,7,43.0,43.0,43.0,43.0,43.0
2011-02,MUN,PB|BAYEUX,glp,10,33.0,32.45,33.0,32.0,33.0
2011-02,MUN,PB|CABEDELO,glp,9,34.0,33.0,35.0,33.0,35.0
2011-02,MUN,PB|CAMPINA GRANDE,glp,44,35.0,35.0,35.0,33.0,38.0
2011-02,MUN,PB|GUARABIRA,glp,1,35.0,35.0,35.0,35.0,35.0
2011-02,MUN,PB|INGA,glp,1,35.0,35.0,35.0,35.0,35.0
2011-02,MUN,PB|ITABAIANA,glp,1,35.0,35.0,35.0,35.0,35.0
2011-02,MUN,PB|JOAO PESSOA,glp,46,33.0,32.0,35.0,31.0,36.0
2011-02,MUN,PB|MAMANGUAPE,glp,4,33.0,32.3,33.63,32.0,33.9
2011-02,MUN,PB|PATOS,glp,7,33.0,32.6,34.4,32.0,35.0
2011-02,MUN,PB|SANTA RITA,glp,12,33.0,33.0,35.0,33.0,35.0
2011-02,MUN,PB|SAPE,glp,3,35.0,34.2,35.0,34.0,35.0
2011-02,MUN,PB|SOUSA,glp,6,31.5,30.0,34.0,30.0,35.0
2011-02,MUN,PE|ABREU E LIMA,glp,8,34.25,33.845,36.0,33.495,36.0
2011-02,MUN,PE|AFOGADOS DA INGAZEIRA,glp,4,38.0,36.6,38.0,36.0,38.0
2011-02,MUN,PE|AGUAS BELAS,glp,1,36.0,36.0,36.0,36.0,36.0
2011-02,MUN,PE|ALIANCA,glp,1,36.0,36.0,36.0,36.0,36.0
2011-02,MUN,PE|ARARIPINA,glp,4,36.0,36.0,36.0,36.0,36.0
2011-02,MUN,PE|ARCOVERDE,glp,5,36.0,36.0,36.0,36.0,36.0
2011-02,MUN,PE|BELO JARDIM,glp,6,37.25,37.0,38.75,37.0,40.0
2011-02,MUN,PE|BEZERROS,glp,1,37.5,37.5,37.5,37.5,37.5
2011-02,MUN,PE|BOM CONSELHO,glp,4,37.5,37.15,37.5,37.0,37.5
2011-02,MUN,PE|CABO DE SANTO AGOSTINHO,glp,16,35.25,33.0,36.0,33.0,36.0
2011-02,MUN,PE|CACHOEIRINHA,glp,1,37.0,37.0,37.0,37.0,37.0
2011-02,MUN,PE|CAMARAGIBE,glp,15,34.0,33.4,36.0,33.0,38.5
2011-02,MUN,PE|CARUARU,glp,31,33.0,32.0,34.0,30.0,35.0
2011-02,MUN,PE|GARANHUNS,glp,6,37.0,37.0,37.5,37.0,37.5
2011-02,MUN,PE|GOIANA,glp,5,31.0,30.0,33.8,30.0,35.0
2011-02,MUN,PE|GRAVATA,glp,7,35.0,33.0,38.0,30.0,38.0
2011-02,MUN,PE|IGARASSU,glp,15,35.0,34.0,35.5,34.0,36.0
2011-02,MUN,PE|JABOATAO DOS GUARARAPES,glp,35,35.0,35.0,38.0,32.0,38.0
2011-02,MUN,PE|LAJEDO,glp,6,37.0,37.0,38.0,37.0,39.0
2011-02,MUN,PE|OLINDA,glp,33,33.995,30.398,35.0,30.0,36.0
2011-02,MUN,PE|PAULISTA,glp,7,34.0,34.0,34.2,34.0,34.5
2011-02,MUN,PE|PETROLINA,glp,13,35.0,33.7,35.0,33.5,35.5
2011-02,MUN,PE|RECIFE,glp,122,34.0,33.0,36.0,31.0,38.0
2011-02,MUN,PE|SALGUEIRO,glp,5,39.0,38.4,40.0,38.0,40.0
2011-02,MUN,PE|SANTA CRUZ DO CAPIBARIBE,glp,6,37.25,36.0,38.25,35.0,39.0
2011-02,MUN,PE|SAO BENTO DO UNA,glp,6,37.5,37.25,37.5,37.0,37.5
2011-02,MUN,PE|SAO LOURENCO DA MATA,glp,12,34.5,33.996,35.9,33.0,36.0
2011-02,MUN,PE|SERRA TALHADA,glp,5,38.0,38.0,38.0,38.0,38.0
2011-02,MUN,PE|VITORIA DE SANTO ANTAO,glp,11,35.0,35.0,35.0,34.0,35.0
2011-02,MUN,PI|BARRAS,glp,2,39.0,39.0,39.0,39.0,39.0
2011-02,MUN,PI|CAMPO MAIOR,glp,5,39.0,39.0,39.0,39.0,39.0
2011-02,MUN,PI|OEIRAS,glp,5,40.0,39.4,40.0,39.0,40.0
2011-02,MUN,PI|PARNAIBA,glp,4,37.0,35.6,38.4,35.0,39.0
2011-02,MUN,PI|PICOS,glp,3,35.0,34.6,35.8,34.5,36.0
2011-02,MUN,PI|PIRIPIRI,glp,4,39.0,39.0,39.0,39.0,39.0
2011-02,MUN,PI|TERESINA,glp,54,35.0,35.0,36.7,29.99,37.0
2011-02,MUN,PR|ALMIRANTE TAMANDARE,glp,11,37.0,37.0,38.5,36.8,40.0
2011-02,MUN,PR|APUCARANA,glp,18,40.0,38.7,40.0,38.0,40.0
2011-02,MUN,PR|ARAPONGAS,glp,18,40.0,38.0,40.0,38.0,40.0
2011-02,MUN,PR|ARAUCARIA,glp,13,36.0,35.0,37.8,35.0,38.0
2011-02,MUN,PR|ASSIS CHATEAUBRIAND,glp,3,38.0,38.0,38.0,38.0,38.0
2011-02,MUN,PR|CAMBE,glp,31,40.0,39.0,41.0,39.0,42.0
2011-02,MUN,PR|CAMPO LARGO,glp,18,35.0,34.963,36.0,34.0,36.0
2011-02,MUN,PR|CAMPO MOURAO,glp,11,41.0,39.0,43.9,39.0,45.0
2011-02,MUN,PR|CASCAVEL,glp,63,41.0,40.0,42.0,40.0,43.0
2011-02,MUN,PR|CASTRO,glp,9,40.0,39.8,40.0,39.0,40.0
2011-02,MUN,PR|CIANORTE,glp,18,39.0,37.85,40.0,35.0,42.0
2011-02,MUN,PR|COLOMBO,glp,24,35.0,34.27,37.0,32.9,38.0
2011-02,MUN,PR|CORNELIO PROCOPIO,glp,6,40.0,40.0,40.0,40.0,40.0
2011-02,MUN,PR|CURITIBA,glp,118,36.0,35.0,37.0,34.0,38.0
2011-02,MUN,PR|FOZ DO IGUACU,glp,72,44.0,43.0,44.0,40.0,44.0
2011-02,MUN,PR|FRANCISCO BELTRAO,glp,7,33.0,31.1,37.0,29.9,40.0
2011-02,MUN,PR|GUAIRA,glp,1,40.0,40.0,40.0,40.0,40.0
2011-02,MUN,PR|GUARAPUAVA,glp,13,33.0,32.5,35.0,32.0,38.0
2011-02,MUN,PR|IBIPORA,glp,1,41.0,41.0,41.0,41.0,41.0
2011-02,MUN,PR|LARANJEIRAS DO SUL,glp,5,40.0,39.0,40.74,39.0,40.9
2011-02,MUN,PR|LONDRINA,glp,105,40.0,40.0,41.0,40.0,41.0
2011-02,MUN,PR|MARECHAL CANDIDO RONDON,glp,7,43.0,40.0,45.0,40.0,45.0
2011-02,MUN,PR|MARINGA,glp,40,43.0,40.0,45.0,40.0,45.0
2011-02,MUN,PR|MEDIANEIRA,glp,1,43.0,43.0,43.0,43.0,43.0
2011-02,MUN,PR|PARANAGUA,glp,24,37.0,35.0,39.0,35.0,40.0
2011-02,MUN,PR|PARANAVAI,glp,16,42.0,40.0,42.0,40.0,42.0
2011-02,MUN,PR|PATO BRANCO,glp,13,40.0,40.0,40.0,40.0,40.0
2011-02,MUN,PR|PINHAIS,glp,16,36.0,35.0,37.0,35.0,38.0
2011-02,MUN,PR|PONTA GROSSA,glp,33,37.0,36.0,37.0,35.0,38.0
2011-02,MUN,PR|SANTO ANTONIO DA PLATINA,glp,15,40.0,40.0,40.0,40.0,40.0
2011-02,MUN,PR|SAO JOSE DOS PINHAIS,glp,17,37.0,36.0,38.0,35.0,39.0
2011-02,MUN,PR|TERRA BOA,glp,1,38.0,38.0,38.0,38.0,38.0
2011-02,MUN,PR|TOLEDO,glp,26,40.0,39.9,43.0,38.0,45.0
2011-02,MUN,PR|UMUARAMA,glp,16,37.25,37.0,38.0,36.0,40.0
2011-02,MUN,PR|UNIAO DA VITORIA,glp,4,39.5,39.0,40.0,39.0,40.0
2011-02,MUN,RJ|ANGRA DOS REIS,glp,5,41.0,40.0,42.0,40.0,42.0
2011-02,MUN,RJ|ARARUAMA,glp,6,35.5,34.495,36.5,34.0,37.0
2011-02,MUN,RJ|ARMACAO DOS BUZIOS,glp,1,36.0,36.0,36.0,36.0,36.0
2011-02,MUN,RJ|BARRA DO PIRAI,glp,4,37.0,37.0,37.0,37.0,37.0
2011-02,MUN,RJ|BARRA MANSA,glp,13,39.0,38.0,40.0,38.0,40.0
2011-02,MUN,RJ|BELFORD ROXO,glp,8,39.5,38.0,40.6,38.0,42.0
2011-02,MUN,RJ|CABO FRIO,glp,4,34.0,34.0,34.21,34.0,34.3
2011-02,MUN,RJ|CAMPOS DOS GOYTACAZES,glp,20,40.0,39.72,40.218,36.9,42.0
2011-02,MUN,RJ|DUQUE DE CAXIAS,glp,58,39.0,35.0,40.0,31.0,41.0
2011-02,MUN,RJ|GUAPIMIRIM,glp,1,40.0,40.0,40.0,40.0,40.0
2011-02,MUN,RJ|ITABORAI,glp,4,38.0,38.0,38.0,38.0,38.0
2011-02,MUN,RJ|ITAGUAI,glp,4,37.2,35.57,37.78,35.0,37.9
2011-02,MUN,RJ|ITAPERUNA,glp,4,34.5,32.6,35.0,32.0,35.0
2011-02,MUN,RJ|MACAE,glp,4,41.5,38.6,43.0,38.0,43.0
2011-02,MUN,RJ|MAGE,glp,3,38.0,38.0,38.0,38.0,38.0
2011-02,MUN,RJ|MANGARATIBA,glp,1,37.9,37.9,37.9,37.9,37.9
2011-02,MUN,RJ|MARICA,glp,3,37.0,37.0,37.8,37.0,38.0
2011-02,MUN,RJ|NILOPOLIS,glp,8,36.49,34.99,40.6,34.99,42.0
2011-02,MUN,RJ|NITEROI,glp,15,38.0,36.4,38.0,35.0,39.0
2011-02,MUN,RJ|NOVA FRIBURGO,glp,5,38.0,38.0,38.0,38.0,38.0
2011-02,MUN,RJ|NOVA IGUACU,glp,21,39.0,37.0,40.0,35.0,40.0
2011-02,MUN,RJ|PARAIBA DO SUL,glp,3,38.0,35.592,38.0,34.99,38.0
2011-02,MUN,RJ|PARATY,glp,2,38.0,38.0,38.0,38.0,38.0
2011-02,MUN,RJ|PETROPOLIS,glp,7,39.9,38.0,40.0,38.0,40.0
2011-02,MUN,RJ|RESENDE,glp,6,38.0,38.0,38.5,38.0,39.0
2011-02,MUN,RJ|RIO BONITO,glp,4,39.0,38.3,39.7,38.0,40.0
2011-02,MUN,RJ|RIO DAS OSTRAS,glp,1,40.0,40.0,40.0,40.0,40.0
2011-02,MUN,RJ|RIO DE JANEIRO,glp,98,36.945,34.0,40.0,31.0,41.0
2011-02,MUN,RJ|SANTO ANTONIO DE PADUA,glp,1,32.0,32.0,32.0,32.0,32.0
2011-02,MUN,RJ|SAO FRANCISCO DE ITABAPOANA,glp,2,40.0,40.0,40.0,40.0,40.0
2011-02,MUN,RJ|SAO GONCALO,glp,27,37.0,35.0,38.0,32.8,40.0
2011-02,MUN,RJ|SAO JOAO DE MERITI,glp,7,38.0,36.6,38.8,36.0,40.0
2011-02,MUN,RJ|SAPUCAIA,glp,2,40.0,40.0,40.0,40.0,40.0
2011-02,MUN,RJ|SAQUAREMA,glp,5,34.99,33.994,35.0,33.99,35.0
2011-02,MUN,RJ|TERESOPOLIS,glp,6,39.0,38.5,39.0,38.0,39.0
2011-02,MUN,RJ|TRES RIOS,glp,1,38.0,38.0,38.0,38.0,38.0
2011-02,MUN,RJ|VALENCA,glp,5,39.0,38.0,39.0,38.0,39.0
2011-02,MUN,RJ|VASSOURAS,glp,2,38.0,38.0,38.0,38.0,38.0
2011-02,MUN,RJ|VOLTA REDONDA,glp,7,37.0,37.0,38.0,37.0,38.0
2011-02,MUN,RN|CAICARA DO NORTE,glp,1,40.0,40.0,40.0,40.0,40.0
2011-02,MUN,RN|CAICO,glp,5,35.0,34.4,37.2,34.0,38.0
2011-02,MUN,RN|CURRAIS NOVOS,glp,4,34.5,34.0,35.0,34.0,35.0
2011-02,MUN,RN|MOSSORO,glp,5,36.5,35.4,38.0,35.0,38.0
2011-02,MUN,RN|NATAL,glp,74,40.0,38.0,40.0,38.0,40.0
2011-02,MUN,RN|PARNAMIRIM,glp,19,38.0,37.0,39.0,36.0,40.0
2011-02,MUN,RN|SAO JOSE DE MIPIBU,glp,2,40.0,40.0,40.0,40.0,40.0
2011-02,MUN,RN|SERRA DO MEL,glp,1,40.0,40.0,40.0,40.0,40.0
2011-02,MUN,RO|ARIQUEMES,glp,5,42.0,42.0,42.0,42.0,42.0
2011-02,MUN,RO|CACOAL,glp,6,42.5,42.0,43.0,42.0,43.0
2011-02,MUN,RO|GUAJARA-MIRIM,glp,7,43.0,42.0,43.0,42.0,43.0
2011-02,MUN,RO|JI-PARANA,glp,12,37.5,37.0,38.0,37.0,39.0
2011-02,MUN,RO|PIMENTA BUENO,glp,4,42.0,42.0,43.4,42.0,44.0
2011-02,MUN,RO|PORTO VELHO,glp,77,38.0,37.0,40.0,37.0,40.0
2011-02,MUN,RO|SAO MIGUEL DO GUAPORE,glp,3,45.0,45.0,45.0,45.0,45.0
2011-02,MUN,RO|VILHENA,glp,8,42.5,42.0,43.0,42.0,43.0
2011-02,MUN,RR|BOA VISTA,glp,36,42.0,40.0,42.0,39.0,42.5
2011-02,MUN,RR|CANTA,glp,1,42.0,42.0,42.0,42.0,42.0
2011-02,MUN,RR|CARACARAI,glp,1,45.0,45.0,45.0,45.0,45.0
2011-02,MUN,RR|RORAINOPOLIS,glp,2,44.0,44.0,44.0,44.0,44.0
2011-02,MUN,RS|ALEGRETE,glp,13,36.0,35.0,38.8,33.9,39.0
2011-02,MUN,RS|ALVORADA,glp,13,39.0,37.2,40.0,35.0,40.0
2011-02,MUN,RS|BAGE,glp,32,38.0,38.0,39.945,38.0,42.0
2011-02,MUN,RS|BENTO GONCALVES,glp,9,39.0,39.0,40.2,39.0,41.0
2011-02,MUN,RS|CACAPAVA DO SUL,glp,13,43.0,38.8,43.0,38.0,43.0
2011-02,MUN,RS|CACHOEIRA DO SUL,glp,19,35.0,34.72,40.0,32.0,44.0
2011-02,MUN,RS|CACHOEIRINHA,glp,10,39.0,38.0,40.1,38.0,41.0
2011-02,MUN,RS|CANOAS,glp,25,39.0,36.0,40.0,35.0,42.0
2011-02,MUN,RS|CAXIAS DO SUL,glp,81,40.0,38.95,42.0,35.0,45.0
2011-02,MUN,RS|CHUI,glp,4,33.0,31.6,34.4,31.0,35.0
2011-02,MUN,RS|CRUZ ALTA,glp,7,36.0,34.0,38.2,34.0,40.0
2011-02,MUN,RS|ERECHIM,glp,24,42.0,40.0,43.0,40.0,44.0
2011-02,MUN,RS|ESTEIO,glp,11,38.0,38.0,40.0,37.0,40.0
2011-02,MUN,RS|GRAMADO,glp,8,39.0,38.0,40.0,38.0,40.0
2011-02,MUN,RS|GRAVATAI,glp,30,39.0,38.0,40.0,37.0,41.0
2011-02,MUN,RS|GUAIBA,glp,14,39.95,39.27,40.0,39.0,40.0
2011-02,MUN,RS|GUAPORE,glp,1,40.0,40.0,40.0,40.0,40.0
2011-02,MUN,RS|IJUI,glp,6,40.0,39.0,41.5,39.0,42.0
2011-02,MUN,RS|JAGUARAO,glp,11,33.0,32.0,34.0,32.0,35.0
2011-02,MUN,RS|LAJEADO,glp,13,40.0,38.0,40.0,38.0,40.0
2011-02,MUN,RS|NOVO HAMBURGO,glp,21,37.0,36.0,38.0,35.0,38.0
2011-02,MUN,RS|OSORIO,glp,9,40.0,40.0,40.0,40.0,40.0
2011-02,MUN,RS|PALMEIRA DAS MISSOES,glp,6,40.0,39.45,40.95,39.0,41.9
2011-02,MUN,RS|PASSO FUNDO,glp,75,40.0,37.0,42.0,32.0,45.0
2011-02,MUN,RS|PELOTAS,glp,36,35.0,33.0,36.5,32.0,38.0
2011-02,MUN,RS|PINTO BANDEIRA,glp,1,40.0,40.0,40.0,40.0,40.0
2011-02,MUN,RS|PORTAO,glp,1,40.0,40.0,40.0,40.0,40.0
2011-02,MUN,RS|PORTO ALEGRE,glp,77,38.9,37.0,40.0,35.0,40.0
2011-02,MUN,RS|RIO GRANDE,glp,67,35.0,35.0,36.0,32.0,38.0
2011-02,MUN,RS|SANTA CRUZ DO SUL,glp,20,37.0,36.9,40.1,35.0,45.0
2011-02,MUN,RS|SANTA MARIA,glp,90,38.0,36.5,40.05,35.0,43.0
2011-02,MUN,RS|SANTA ROSA,glp,11,38.0,37.0,38.5,37.0,38.5
2011-02,MUN,RS|SANTA VITORIA DO PALMAR,glp,9,36.0,35.9,38.2,35.5,39.0
2011-02,MUN,RS|SANTANA DO LIVRAMENTO,glp,21,34.0,33.9,34.0,33.0,34.0
2011-02,MUN,RS|SANTO ANGELO,glp,13,40.0,40.0,41.0,38.0,43.0
2011-02,MUN,RS|SAO BORJA,glp,8,40.0,38.7,40.0,38.0,40.0
2011-02,MUN,RS|SAO GABRIEL,glp,16,40.0,37.5,43.0,37.0,44.0
2011-02,MUN,RS|SAO LEOPOLDO,glp,18,38.0,36.7,38.0,35.0,39.0
2011-02,MUN,RS|SAO LUIZ GONZAGA,glp,5,43.0,41.94,43.6,41.9,44.0
2011-02,MUN,RS|SAPIRANGA,glp,11,39.0,38.0,39.0,37.0,40.0
2011-02,MUN,RS|SAPUCAIA DO SUL,glp,21,39.0,38.0,40.0,35.0,40.0
2011-02,MUN,RS|TORRES,glp,7,40.0,39.9,41.6,39.9,42.5
2011-02,MUN,RS|TRAMANDAI,glp,11,40.0,38.0,40.0,38.0,40.0
2011-02,MUN,RS|URUGUAIANA,glp,15,39.0,38.497,40.0,38.0,41.0
2011-02,MUN,RS|VACARIA,glp,8,40.0,39.97,41.15,39.9,41.5
2011-02,MUN,RS|VIAMAO,glp,22,40.0,37.09,40.0,35.0,42.0
2011-02,MUN,SC|ARARANGUA,glp,4,38.0,35.9,39.4,35.0,40.0
2011-02,MUN,SC|BALNEARIO CAMBORIU,glp,1,42.0,42.0,42.0,42.0,42.0
2011-02,MUN,SC|BIGUACU,glp,3,46.0,46.0,46.8,46.0,47.0
2011-02,MUN,SC|BLUMENAU,glp,14,40.0,39.0,42.0,39.0,43.0
2011-02,MUN,SC|BRUSQUE,glp,5,40.0,38.4,42.94,38.0,44.9
2011-02,MUN,SC|CACADOR,glp,2,40.5,40.1,40.9,40.0,41.0
2011-02,MUN,SC|CHAPECO,glp,15,39.0,39.0,40.0,39.0,41.0
2011-02,MUN,SC|CONCORDIA,glp,2,40.0,40.0,40.0,40.0,40.0
2011-02,MUN,SC|CRICIUMA,glp,9,39.0,37.8,40.2,37.0,41.0
2011-02,MUN,SC|FLORIANOPOLIS,glp,6,45.5,44.5,46.5,44.0,47.0
2011-02,MUN,SC|GASPAR,glp,1,41.0,41.0,41.0,41.0,41.0
2011-02,MUN,SC|ITAJAI,glp,16,39.0,38.0,40.0,38.0,40.0
2011-02,MUN,SC|JARAGUA DO SUL,glp,5,39.0,38.4,40.9,38.0,41.5
2011-02,MUN,SC|JOINVILLE,glp,23,40.0,39.0,41.8,38.0,43.0
2011-02,MUN,SC|LAGES,glp,9,40.0,40.0,40.0,40.0,40.0
2011-02,MUN,SC|LAGUNA,glp,3,39.5,38.3,39.9,38.0,40.0
2011-02,MUN,SC|MAFRA,glp,4,40.0,39.3,40.7,39.0,41.0
2011-02,MUN,SC|PALHOCA,glp,5,44.0,42.0,45.0,42.0,45.0
2011-02,MUN,SC|SAO JOSE,glp,8,44.0,43.7,45.0,43.0,45.0
2011-02,MUN,SC|SAO MIGUEL DO OESTE,glp,3,37.0,35.4,37.8,35.0,38.0
2011-02,MUN,SC|TUBARAO,glp,6,39.5,38.0,40.5,38.0,41.0
2011-02,MUN,SC|VIDEIRA,glp,5,40.0,38.76,41.6,38.0,42.0
2011-02,MUN,SC|XANXERE,glp,5,40.0,38.8,40.0,38.0,40.0
2011-02,MUN,SE|ARACAJU,glp,21,35.0,33.0,35.0,32.0,36.0
2011-02,MUN,SE|ITABAIANA,glp,4,38.0,38.0,38.0,38.0,38.0
2011-02,MUN,SE|ITABAIANINHA,glp,3,33.0,32.2,33.8,32.0,34.0
2011-02,MUN,SE|LAGARTO,glp,5,35.0,35.0,35.3,35.0,35.5
2011-02,MUN,SE|NOSSA SENHORA DO SOCORRO,glp,7,35.0,35.0,35.0,35.0,35.0
2011-02,MUN,SE|SIMAO DIAS,glp,3,33.0,33.0,34.6,33.0,35.0
2011-02,MUN,SE|TOBIAS BARRETO,glp,4,35.0,34.3,35.0,34.0,35.0
2011-02,MUN,SP|ADAMANTINA,glp,12,38.0,37.1,38.0,35.0,38.0
2011-02,MUN,SP|AMERICANA,glp,22,40.0,39.0,40.0,37.99,40.0
2011-02,MUN,SP|AMPARO,glp,7,39.0,37.6,40.72,37.0,41.8
2011-02,MUN,SP|APIAI,glp,2,39.0,39.0,39.0,39.0,39.0
2011-02,MUN,SP|ARACATUBA,glp,45,38.0,35.0,39.93,34.0,40.0
2011-02,MUN,SP|ARARAQUARA,glp,16,39.0,38.0,40.0,34.99,40.0
2011-02,MUN,SP|ARARAS,glp,6,34.9,32.9,35.4,32.9,35.9
2011-02,MUN,SP|ASSIS,glp,15,38.0,38.0,39.0,38.0,39.0
2011-02,MUN,SP|ATIBAIA,glp,24,37.5,35.3,38.85,33.0,39.0
2011-02,MUN,SP|AVARE,glp,8,40.0,38.0,40.0,38.0,40.0
2011-02,MUN,SP|BARRETOS,glp,18,36.25,34.56,38.0,33.0,38.0
2011-02,MUN,SP|BARUERI,glp,38,38.0,34.0,40.0,33.99,45.0
2011-02,MUN,SP|BAURU,glp,68,37.5,36.85,40.0,34.0,41.0
2011-02,MUN,SP|BEBEDOURO,glp,24,39.45,35.6,40.0,34.0,42.0
2011-02,MUN,SP|BIRIGUI,glp,22,37.0,35.1,38.0,34.0,38.0
2011-02,MUN,SP|BOTUCATU,glp,18,39.0,38.0,40.0,38.0,40.0
2011-02,MUN,SP|BRAGANCA PAULISTA,glp,21,37.0,35.0,38.0,34.0,38.0
2011-02,MUN,SP|CACAPAVA,glp,19,37.0,32.0,38.0,32.0,39.0
2011-02,MUN,SP|CAMPINAS,glp,80,36.5,34.9,39.0,30.0,40.0
2011-02,MUN,SP|CAMPOS DO JORDAO,glp,9,37.0,36.0,38.0,36.0,38.0
2011-02,MUN,SP|CAPAO BONITO,glp,4,36.0,36.0,36.0,36.0,36.0
2011-02,MUN,SP|CARAGUATATUBA,glp,8,40.0,38.67,40.0,37.9,40.0
2011-02,MUN,SP|CARAPICUIBA,glp,31,34.99,33.99,38.99,33.99,40.0
2011-02,MUN,SP|CATANDUVA,glp,16,37.25,35.5,39.5,35.0,40.0
2011-02,MUN,SP|COSMOPOLIS,glp,10,35.0,35.0,37.1,35.0,38.0
2011-02,MUN,SP|COTIA,glp,11,36.0,35.0,41.0,35.0,41.0
2011-02,MUN,SP|CRUZEIRO,glp,13,37.0,35.2,37.0,34.0,37.0
2011-02,MUN,SP|CUBATAO,glp,6,37.0,36.0,37.5,36.0,38.0
2011-02,MUN,SP|DIADEMA,glp,38,35.25,32.7,38.0,29.9,40.0
2011-02,MUN,SP|DRACENA,glp,9,45.0,44.4,45.0,42.0,45.0
2011-02,MUN,SP|EMBU DAS ARTES,glp,4,37.5,35.6,38.0,35.0,38.0
2011-02,MUN,SP|FERRAZ DE VASCONCELOS,glp,10,38.0,37.8,40.0,36.0,40.0
2011-02,MUN,SP|FRANCA,glp,48,40.225,38.835,42.0,36.95,42.0
2011-02,MUN,SP|FRANCISCO MORATO,glp,15,40.0,36.4,40.0,35.0,40.0
2011-02,MUN,SP|FRANCO DA ROCHA,glp,6,35.5,35.0,38.5,35.0,40.0
2011-02,MUN,SP|GARCA,glp,11,40.0,38.0,40.0,38.0,40.0
2011-02,MUN,SP|GUARATINGUETA,glp,17,32.0,30.0,38.8,30.0,40.0
2011-02,MUN,SP|GUARUJA,glp,10,38.6,38.0,40.37,38.0,41.0
2011-02,MUN,SP|GUARULHOS,glp,61,38.0,35.0,40.0,33.99,41.0
2011-02,MUN,SP|HORTOLANDIA,glp,22,37.45,36.0,39.9,35.0,40.0
2011-02,MUN,SP|IBITINGA,glp,9,40.0,38.0,40.2,38.0,41.0
2011-02,MUN,SP|INDAIATUBA,glp,23,42.0,40.0,42.0,40.0,43.0
2011-02,MUN,SP|ITANHAEM,glp,14,37.0,35.0,38.0,35.0,38.0
2011-02,MUN,SP|ITAPECERICA DA SERRA,glp,6,40.0,36.995,40.0,35.99,40.0
2011-02,MUN,SP|ITAPETININGA,glp,16,36.0,33.5,38.45,33.0,39.0
2011-02,MUN,SP|ITAPEVA,glp,6,38.0,37.5,39.0,37.0,39.0
2011-02,MUN,SP|ITAPEVI,glp,7,34.0,33.594,36.2,33.0,38.0
2011-02,MUN,SP|ITAPIRA,glp,6,35.0,35.0,35.0,35.0,35.0
2011-02,MUN,SP|ITAPOLIS,glp,16,39.0,38.0,39.8,35.0,40.0
2011-02,MUN,SP|ITAQUAQUECETUBA,glp,23,38.0,36.3,40.0,35.99,40.0
2011-02,MUN,SP|ITATIBA,glp,11,37.0,36.0,38.0,36.0,38.0
2011-02,MUN,SP|ITU,glp,11,36.9,34.9,37.0,33.0,39.8
2011-02,MUN,SP|JABOTICABAL,glp,23,38.0,36.0,40.0,34.0,42.0
2011-02,MUN,SP|JACAREI,glp,24,32.0,31.15,35.0,30.0,36.5
2011-02,MUN,SP|JALES,glp,11,38.0,38.0,40.0,38.0,40.0
2011-02,MUN,SP|JANDIRA,glp,15,36.0,33.0,38.6,32.99,40.0
2011-02,MUN,SP|JAU,glp,12,38.0,35.0,38.0,35.0,40.0
2011-02,MUN,SP|JOSE BONIFACIO,glp,16,37.0,37.0,39.225,35.5,39.9
2011-02,MUN,SP|JUNDIAI,glp,16,37.0,36.0,39.495,32.0,40.0
2011-02,MUN,SP|JUNQUEIROPOLIS,glp,1,45.0,45.0,45.0,45.0,45.0
2011-02,MUN,SP|LEME,glp,16,35.9,34.9,36.95,34.9,37.9
2011-02,MUN,SP|LIMEIRA,glp,19,36.0,35.0,38.398,33.99,39.99
2011-02,MUN,SP|LINS,glp,29,33.0,30.0,35.2,30.0,38.0
2011-02,MUN,SP|LORENA,glp,13,33.0,27.6,34.678,26.5,35.0
2011-02,MUN,SP|MARILIA,glp,16,40.0,38.0,40.0,38.0,40.0
2011-02,MUN,SP|MATAO,glp,18,40.0,38.7,42.0,38.0,46.0
2011-02,MUN,SP|MAUA,glp,35,40.0,36.592,42.0,29.99,45.0
2011-02,MUN,SP|MIRASSOL,glp,12,36.0,35.0,37.999,35.0,38.0
2011-02,MUN,SP|MOCOCA,glp,13,42.0,42.0,42.0,36.9,42.0
2011-02,MUN,SP|MOGI DAS CRUZES,glp,52,38.9,37.0,40.0,35.0,41.0
2011-02,MUN,SP|MOGI GUACU,glp,17,37.0,35.6,37.0,35.0,37.0
2011-02,MUN,SP|MOGI MIRIM,glp,10,36.0,34.9,36.1,34.0,37.0
2011-02,MUN,SP|MONTE ALTO,glp,13,40.0,38.0,42.4,35.0,43.0
2011-02,MUN,SP|OLIMPIA,glp,12,35.0,33.0,35.0,32.99,35.0
2011-02,MUN,SP|OSASCO,glp,75,36.9,33.99,40.0,33.0,43.0
2011-02,MUN,SP|OURINHOS,glp,24,38.0,35.0,39.0,35.0,39.0
2011-02,MUN,SP|PARAGUACU PAULISTA,glp,13,42.0,40.0,42.0,40.0,42.0
2011-02,MUN,SP|PAULICEIA,glp,1,37.0,37.0,37.0,37.0,37.0
2011-02,MUN,SP|PAULINIA,glp,18,35.0,31.0,37.0,30.0,38.0
2011-02,MUN,SP|PINDAMONHANGABA,glp,19,37.0,34.9,38.0,32.0,39.0
2011-02,MUN,SP|PIRACICABA,glp,30,37.0,36.981,39.1,35.0,40.0
2011-02,MUN,SP|PIRASSUNUNGA,glp,9,35.9,34.9,38.0,34.9,38.0
2011-02,MUN,SP|POA,glp,9,40.0,37.0,40.0,37.0,40.0
2011-02,MUN,SP|PORTO FERREIRA,glp,8,34.0,34.0,35.0,34.0,35.0
2011-02,MUN,SP|PRAIA GRANDE,glp,23,38.0,34.992,40.8,33.99,45.0
2011-02,MUN,SP|PRESIDENTE PRUDENTE,glp,61,39.0,37.0,40.0,36.0,43.9
2011-02,MUN,SP|PRESIDENTE VENCESLAU,glp,14,36.75,35.5,37.0,35.5,38.0
2011-02,MUN,SP|RIBEIRAO PIRES,glp,14,39.95,37.93,40.0,37.9,42.0
2011-02,MUN,SP|RIBEIRAO PRETO,glp,106,42.0,39.5,42.0,34.0,43.0
2011-02,MUN,SP|RIO CLARO,glp,8,35.0,35.0,35.0,35.0,35.0
2011-02,MUN,SP|SALTO,glp,16,38.0,34.5,39.95,34.0,40.0
2011-02,MUN,SP|SANTA BARBARA D'OESTE,glp,21,39.0,39.0,40.0,38.0,40.0
2011-02,MUN,SP|SANTA CRUZ DO RIO PARDO,glp,13,37.0,35.2,37.0,35.0,38.0
2011-02,MUN,SP|SANTO ANDRE,glp,55,39.9,35.0,42.0,33.99,42.9
2011-02,MUN,SP|SANTOS,glp,38,37.0,34.9,40.0,34.0,43.0
2011-02,MUN,SP|SAO BERNARDO DO CAMPO,glp,55,39.0,35.0,40.6,34.0,43.0
2011-02,MUN,SP|SAO CAETANO DO SUL,glp,7,39.0,38.0,41.06,38.0,41.9
2011-02,MUN,SP|SAO CARLOS,glp,22,37.9,35.9,39.9,35.9,41.0
2011-02,MUN,SP|SAO JOAO DA BOA VISTA,glp,11,38.0,38.0,38.0,38.0,38.0
2011-02,MUN,SP|SAO JOAQUIM DA BARRA,glp,12,40.0,39.55,40.9,39.0,41.0
2011-02,MUN,SP|SAO JOSE DO RIO PRETO,glp,105,38.0,35.0,40.0,34.5,43.0
2011-02,MUN,SP|SAO JOSE DOS CAMPOS,glp,65,36.0,35.0,37.0,32.0,38.0
2011-02,MUN,SP|SAO PAULO,glp,313,38.99,34.0,40.0,33.0,43.7
2011-02,MUN,SP|SAO ROQUE,glp,11,36.0,33.99,38.0,32.0,38.9
2011-02,MUN,SP|SAO VICENTE,glp,47,37.0,35.0,38.0,33.99,42.0
2011-02,MUN,SP|SERTAOZINHO,glp,33,38.0,34.2,39.9,33.0,40.0
2011-02,MUN,SP|SOROCABA,glp,28,37.0,36.0,38.3,35.0,39.99
2011-02,MUN,SP|SUMARE,glp,22,37.0,36.1,38.9,34.0,40.0
2011-02,MUN,SP|SUZANO,glp,30,40.0,38.0,40.0,33.99,40.0
2011-02,MUN,SP|TABOAO DA SERRA,glp,6,34.5,33.995,39.9,33.99,39.9
2011-02,MUN,SP|TATUI,glp,9,39.0,37.8,40.0,37.0,40.0
2011-02,MUN,SP|TAUBATE,glp,38,37.0,35.0,39.0,34.0,42.0
2011-02,MUN,SP|TUPA,glp,12,35.0,32.0,36.0,32.0,38.0
2011-02,MUN,SP|UBATUBA,glp,11,38.0,35.0,40.0,34.99,40.0
2011-02,MUN,SP|VALINHOS,glp,11,38.0,37.0,40.0,37.0,40.5
2011-02,MUN,SP|VARZEA PAULISTA,glp,11,35.0,35.0,38.0,35.0,38.0
2011-02,MUN,SP|VINHEDO,glp,6,40.0,39.0,40.0,38.5,40.0
2011-02,MUN,SP|VOTORANTIM,glp,17,37.0,36.54,37.0,36.0,40.0
2011-02,MUN,SP|VOTUPORANGA,glp,17,35.0,33.6,37.0,33.0,38.0
2011-02,MUN,TO|ARAGUAINA,glp,13,45.0,43.2,45.0,43.0,45.0
2011-02,MUN,TO|GURUPI,glp,29,45.0,45.0,45.0,45.0,45.0
2011-02,MUN,TO|PALMAS,glp,17,45.0,43.0,45.0,42.0,45.0
2011-02,MUN,TO|PARAISO DO TOCANTINS,glp,3,45.0,44.2,45.0,44.0,45.0
2011-02,MUN,TO|PORTO NACIONAL,glp,6,45.0,44.0,45.0,44.0,45.0
2011-02,UF,AC,glp,234,41.0,40.0,42.0,39.5,53.0
2011-02,UF,AL,glp,73,35.0,34.0,37.8,33.0,40.0
2011-02,UF,AM,glp,227,30.0,29.0,32.0,27.0,38.0
2011-02,UF,AP,glp,36,41.0,40.0,42.5,38.0,56.0
2011-02,UF,BA,glp,494,35.0,32.0,38.0,24.99,41.0
2011-02,UF,CE,glp,344,38.0,35.0,40.0,30.0,40.0
2011-02,UF,DF,glp,142,37.0,36.0,38.0,35.0,42.0
2011-02,UF,ES,glp,280,35.0,33.0,38.0,30.0,39.0
2011-02,UF,GO,glp,635,40.0,38.0,43.0,35.99,45.0
2011-02,UF,MA,glp,167,40.0,38.0,42.0,33.0,45.0
2011-02,UF,MG,glp,1115,41.0,38.0,44.0,33.0,48.9
2011-02,UF,MS,glp,556,46.0,43.0,48.0,39.0,50.0
2011-02,UF,MT,glp,108,47.0,43.0,48.93,40.0,51.5
2011-02,UF,PA,glp,242,40.0,38.0,43.0,34.0,48.0
2011-02,UF,PB,glp,144,34.0,32.65,35.0,30.0,38.0
2011-02,UF,PE,glp,391,35.0,33.0,37.5,30.0,40.0
2011-02,UF,PI,glp,77,35.0,35.0,39.0,29.99,40.0
2011-02,UF,PR,glp,794,40.0,35.0,43.0,29.9,45.0
2011-02,UF,RJ,glp,378,38.0,34.99,40.0,31.0,43.0
2011-02,UF,RN,glp,111,39.0,36.5,40.0,34.0,40.0
2011-02,UF,RO,glp,122,38.25,37.0,43.0,37.0,45.0
2011-02,UF,RR,glp,40,42.0,40.0,42.05,39.0,45.0
2011-02,UF,RS,glp,943,38.95,35.0,41.0,31.0,45.0
2011-02,UF,SC,glp,154,40.0,38.0,44.0,35.0,47.0
2011-02,UF,SE,glp,47,35.0,33.0,35.7,32.0,38.0
2011-02,UF,SP,glp,2839,38.0,34.99,40.0,26.5,46.0
2011-02,UF,TO,glp,68,45.0,43.0,45.0,42.0,45.0
2011-03,BR,BR,glp,10971,38.0,34.9,43.0,24.99,53.0
2011-03,MUN,AC|CRUZEIRO DO SUL,glp,6,50.0,49.0,53.0,48.0,53.0
2011-03,MUN,AC|RIO BRANCO,glp,212,41.0,40.5,42.0,39.0,44.0
2011-03,MUN,AC|SENA MADUREIRA,glp,6,45.0,42.0,45.0,40.0,45.0
2011-03,MUN,AC|SENADOR GUIOMARD,glp,6,42.0,41.0,44.25,40.0,46.0
2011-03,MUN,AC|TARAUACA,glp,2,50.0,50.0,50.0,50.0,50.0
2011-03,MUN,AC|XAPURI,glp,3,46.0,45.2,46.0,45.0,46.0
2011-03,MUN,AL|ARAPIRACA,glp,11,35.0,34.0,35.0,33.0,37.0
2011-03,MUN,AL|DELMIRO GOUVEIA,glp,2,35.0,35.0,35.0,35.0,35.0
2011-03,MUN,AL|IGACI,glp,1,35.0,35.0,35.0,35.0,35.0
2011-03,MUN,AL|MACEIO,glp,69,35.0,35.0,37.0,35.0,37.0
2011-03,MUN,AL|MARECHAL DEODORO,glp,3,35.0,35.0,35.0,35.0,35.0
2011-03,MUN,AL|PALMEIRA DOS INDIOS,glp,7,39.0,38.0,40.0,38.0,40.0
2011-03,MUN,AL|RIO LARGO,glp,4,34.0,33.0,35.0,33.0,35.0
2011-03,MUN,AL|SANTANA DO IPANEMA,glp,5,35.0,35.0,35.0,35.0,35.0
2011-03,MUN,AL|SAO JOSE DA LAJE,glp,1,35.0,35.0,35.0,35.0,35.0
2011-03,MUN,AM|AUTAZES,glp,1,31.0,31.0,31.0,31.0,31.0
2011-03,MUN,AM|HUMAITA,glp,2,35.5,35.1,35.9,35.0,36.0
2011-03,MUN,AM|ITACOATIARA,glp,10,34.0,32.9,35.0,32.0,35.0
2011-03,MUN,AM|MANACAPURU,glp,5,33.0,32.4,33.0,32.0,33.0
2011-03,MUN,AM|MANAUS,glp,210,30.0,29.0,32.0,27.0,45.0
2011-03,MUN,AM|PARINTINS,glp,2,31.75,31.55,31.95,31.5,32.0
2011-03,MUN,AM|PRESIDENTE FIGUEIREDO,glp,3,34.0,33.2,34.8,33.0,35.0
2011-03,MUN,AM|TEFE,glp,2,36.5,35.3,37.7,35.0,38.0
2011-03,MUN,AP|LARANJAL DO JARI,glp,2,39.5,39.1,39.9,39.0,40.0
2011-03,MUN,AP|MACAPA,glp,19,40.0,40.0,42.0,40.0,42.0
2011-03,MUN,AP|OIAPOQUE,glp,1,50.0,50.0,50.0,50.0,50.0
2011-03,MUN,AP|SANTANA,glp,9,43.0,42.0,44.2,42.0,45.0
2011-03,MUN,BA|ALAGOINHAS,glp,5,37.0,37.0,37.0,37.0,37.0
2011-03,MUN,BA|BARRA,glp,5,35.0,34.4,35.0,34.0,35.0
2011-03,MUN,BA|BARRA DO MENDES,glp,1,35.0,35.0,35.0,35.0,35.0
2011-03,MUN,BA|BARREIRAS,glp,10,39.0,38.0,40.0,38.0,40.0
2011-03,MUN,BA|BRUMADO,glp,7,35.0,35.0,35.0,35.0,35.0
2011-03,MUN,BA|CAETITE,glp,6,30.0,30.0,30.0,30.0,30.0
2011-03,MUN,BA|CAMACARI,glp,11,38.0,38.0,38.5,38.0,38.5
2011-03,MUN,BA|CAMPO FORMOSO,glp,2,38.0,38.0,38.0,38.0,38.0
2011-03,MUN,BA|CANDEIAS,glp,6,34.0,33.0,35.0,33.0,35.0
2011-03,MUN,BA|CAPIM GROSSO,glp,1,38.0,38.0,38.0,38.0,38.0
2011-03,MUN,BA|EUNAPOLIS,glp,9,35.0,35.0,35.2,35.0,36.0
2011-03,MUN,BA|FEIRA DE SANTANA,glp,41,38.0,36.995,38.5,36.0,39.0
2011-03,MUN,BA|GUANAMBI,glp,14,28.0,25.0,28.0,24.99,30.0
2011-03,MUN,BA|ILHEUS,glp,9,38.99,37.0,40.2,37.0,41.0
2011-03,MUN,BA|IPIRA,glp,6,38.0,38.0,38.0,38.0,38.0
2011-03,MUN,BA|IRECE,glp,12,35.0,35.0,35.0,35.0,35.0
2011-03,MUN,BA|ITABUNA,glp,12,39.0,38.1,39.0,37.0,39.5
2011-03,MUN,BA|ITAMARAJU,glp,6,35.0,35.0,35.0,35.0,35.0
2011-03,MUN,BA|JACOBINA,glp,7,38.0,38.0,40.0,38.0,40.0
2011-03,MUN,BA|JAGUAQUARA,glp,9,33.0,33.0,33.0,33.0,33.0
2011-03,MUN,BA|JEQUIE,glp,14,31.0,30.0,32.7,26.0,33.0
2011-03,MUN,BA|JOAO DOURADO,glp,1,35.0,35.0,35.0,35.0,35.0
2011-03,MUN,BA|JUAZEIRO,glp,8,34.0,32.0,35.0,32.0,35.0
2011-03,MUN,BA|LAURO DE FREITAS,glp,19,36.0,35.0,36.4,34.0,39.0
2011-03,MUN,BA|LIVRAMENTO DE NOSSA SENHORA,glp,2,32.0,32.0,32.0,32.0,32.0
2011-03,MUN,BA|PAULO AFONSO,glp,5,37.0,35.4,37.0,35.0,37.0
2011-03,MUN,BA|POCOES,glp,7,31.0,30.0,32.8,30.0,34.0
2011-03,MUN,BA|PORTO SEGURO,glp,10,38.0,35.9,38.0,35.0,38.0
2011-03,MUN,BA|RUY BARBOSA,glp,4,35.0,35.0,35.0,35.0,35.0
2011-03,MUN,BA|SALVADOR,glp,233,35.0,33.0,37.0,30.0,38.0
2011-03,MUN,BA|SANTANOPOLIS,glp,1,39.0,39.0,39.0,39.0,39.0
2011-03,MUN,BA|SANTO ANTONIO DE JESUS,glp,8,35.5,35.0,38.0,35.0,38.0
2011-03,MUN,BA|SENHOR DO BONFIM,glp,5,38.0,38.0,38.0,38.0,38.0
2011-03,MUN,BA|SERRINHA,glp,5,38.0,38.0,38.0,38.0,38.0
2011-03,MUN,BA|SIMOES FILHO,glp,7,38.0,36.0,38.0,36.0,38.0
2011-03,MUN,BA|TEIXEIRA DE FREITAS,glp,10,35.25,35.0,38.0,35.0,38.0
2011-03,MUN,BA|URANDI,glp,1,28.0,28.0,28.0,28.0,28.0
2011-03,MUN,BA|VALENCA,glp,5,37.0,35.4,37.0,35.0,37.0
2011-03,MUN,BA|VITORIA DA CONQUISTA,glp,16,36.0,35.0,39.0,25.6,40.0
2011-03,MUN,CE|AQUIRAZ,glp,1,39.0,39.0,39.0,39.0,39.0
2011-03,MUN,CE|ARACOIABA,glp,1,38.0,38.0,38.0,38.0,38.0
2011-03,MUN,CE|BEBERIBE,glp,1,33.0,33.0,33.0,33.0,33.0
2011-03,MUN,CE|CANINDE,glp,2,33.5,33.1,33.9,33.0,34.0
2011-03,MUN,CE|CAUCAIA,glp,43,37.0,37.0,38.0,36.0,40.0
2011-03,MUN,CE|CRATEUS,glp,5,35.0,34.0,35.0,34.0,35.0
2011-03,MUN,CE|CRATO,glp,12,37.5,32.0,39.0,30.0,40.0
2011-03,MUN,CE|FORTALEZA,glp,208,38.0,37.0,40.0,34.0,40.0
2011-03,MUN,CE|ICO,glp,4,32.5,32.0,33.0,32.0,33.0
2011-03,MUN,CE|IGUATU,glp,4,37.0,36.3,37.0,36.0,37.0
2011-03,MUN,CE|IPU,glp,2,33.5,33.1,33.9,33.0,34.0
2011-03,MUN,CE|ITAPIPOCA,glp,7,34.0,33.0,35.0,33.0,35.0
2011-03,MUN,CE|JUAZEIRO DO NORTE,glp,15,38.0,32.4,40.0,32.0,40.0
2011-03,MUN,CE|LIMOEIRO DO NORTE,glp,5,36.0,35.0,36.0,35.0,36.0
2011-03,MUN,CE|MARACANAU,glp,15,38.0,37.0,40.0,37.0,40.0
2011-03,MUN,CE|MORADA NOVA,glp,5,35.0,34.4,36.0,34.0,36.0
2011-03,MUN,CE|PEDRA BRANCA,glp,2,32.5,32.1,32.9,32.0,33.0
2011-03,MUN,CE|QUIXADA,glp,8,36.5,36.0,38.0,36.0,38.0
2011-03,MUN,CE|SOBRAL,glp,5,37.0,35.2,38.0,34.0,38.0
2011-03,MUN,DF|BRASILIA,glp,149,37.0,36.0,38.0,36.0,39.0
2011-03,MUN,ES|ARACRUZ,glp,9,35.0,33.0,35.0,33.0,35.0
2011-03,MUN,ES|BARRA DE SAO FRANCISCO,glp,8,34.0,34.0,36.0,34.0,36.0
2011-03,MUN,ES|CACHOEIRO DE ITAPEMIRIM,glp,18,35.0,34.0,36.0,34.0,36.0
2011-03,MUN,ES|CARIACICA,glp,48,35.0,32.55,36.3,30.0,38.0
2011-03,MUN,ES|CASTELO,glp,3,33.0,31.4,33.8,31.0,34.0
2011-03,MUN,ES|COLATINA,glp,10,35.5,34.9,37.0,34.0,37.0
2011-03,MUN,ES|GUARAPARI,glp,23,38.0,35.2,38.0,35.0,38.0
2011-03,MUN,ES|ITAPEMIRIM,glp,3,36.0,35.2,37.6,35.0,38.0
2011-03,MUN,ES|JAGUARE,glp,5,36.0,35.0,36.0,35.0,36.0
2011-03,MUN,ES|LINHARES,glp,14,34.5,33.0,35.0,32.0,35.0
2011-03,MUN,ES|MARATAIZES,glp,1,35.0,35.0,35.0,35.0,35.0
2011-03,MUN,ES|NOVA VENECIA,glp,4,35.5,35.0,36.7,35.0,37.0
2011-03,MUN,ES|SAO MATEUS,glp,15,38.0,37.0,39.0,37.0,45.0
2011-03,MUN,ES|SERRA,glp,78,35.0,33.7,37.0,32.0,38.0
2011-03,MUN,ES|VILA VELHA,glp,35,35.0,30.0,37.2,30.0,38.0
2011-03,MUN,ES|VITORIA,glp,20,36.0,34.95,38.0,34.0,38.0
2011-03,MUN,GO|AGUAS LINDAS DE GOIAS,glp,15,40.0,40.0,42.0,38.0,43.0
2011-03,MUN,GO|ANAPOLIS,glp,137,39.0,38.0,40.0,35.99,42.0
2011-03,MUN,GO|APARECIDA DE GOIANIA,glp,47,40.0,39.0,41.0,39.0,41.0
2011-03,MUN,GO|CALDAS NOVAS,glp,24,39.0,38.0,40.0,37.0,40.0
2011-03,MUN,GO|CAMPO ALEGRE DE GOIAS,glp,1,38.0,38.0,38.0,38.0,38.0
2011-03,MUN,GO|CATALAO,glp,12,38.0,38.0,38.0,38.0,38.0
2011-03,MUN,GO|CIDADE OCIDENTAL,glp,1,37.0,37.0,37.0,37.0,37.0
2011-03,MUN,GO|FORMOSA,glp,20,40.0,40.0,40.0,40.0,40.0
2011-03,MUN,GO|GOIANIA,glp,129,40.0,39.0,41.0,39.0,42.0
2011-03,MUN,GO|GOIATUBA,glp,11,38.0,37.0,38.0,37.0,38.0
2011-03,MUN,GO|ITUMBIARA,glp,14,40.0,40.0,43.0,39.5,43.0
2011-03,MUN,GO|JATAI,glp,19,40.0,40.0,42.0,40.0,42.0
2011-03,MUN,GO|LUZIANIA,glp,34,40.0,39.0,40.0,39.0,40.0
2011-03,MUN,GO|MINEIROS,glp,17,44.0,43.0,45.0,42.0,45.0
2011-03,MUN,GO|MORRINHOS,glp,16,38.0,37.5,40.0,37.0,40.0
2011-03,MUN,GO|PLANALTINA,glp,20,45.0,45.0,45.0,45.0,45.0
2011-03,MUN,GO|PONTALINA,glp,1,37.0,37.0,37.0,37.0,37.0
2011-03,MUN,GO|PORANGATU,glp,18,45.0,45.0,45.0,45.0,45.0
2011-03,MUN,GO|RIO VERDE,glp,22,42.0,41.0,43.0,41.0,43.0
2011-03,MUN,GO|SENADOR CANEDO,glp,1,41.0,41.0,41.0,41.0,41.0
2011-03,MUN,GO|TRINDADE,glp,33,40.0,39.0,41.0,39.0,41.0
2011-03,MUN,GO|VALPARAISO DE GOIAS,glp,11,43.0,43.0,43.0,43.0,43.0
2011-03,MUN,MA|ACAILANDIA,glp,5,40.0,40.0,42.6,40.0,43.0
2011-03,MUN,MA|BACABAL,glp,4,38.0,37.3,38.0,37.0,38.0
2011-03,MUN,MA|BALSAS,glp,3,40.0,40.0,40.0,40.0,40.0
2011-03,MUN,MA|BARRA DO CORDA,glp,6,42.0,42.0,45.0,42.0,45.0
2011-03,MUN,MA|CAROLINA,glp,3,44.0,44.0,44.0,44.0,44.0
2011-03,MUN,MA|CAXIAS,glp,4,42.5,42.0,44.4,42.0,45.0
2011-03,MUN,MA|CODO,glp,3,40.5,40.1,40.9,40.0,41.0
2011-03,MUN,MA|IMPERATRIZ,glp,48,42.0,41.0,42.0,38.0,43.0
2011-03,MUN,MA|JOAO LISBOA,glp,1,42.0,42.0,42.0,42.0,42.0
2011-03,MUN,MA|PINHEIRO,glp,4,38.5,37.0,40.0,37.0,40.0
2011-03,MUN,MA|PRESIDENTE DUTRA,glp,3,38.0,38.0,38.0,38.0,38.0
2011-03,MUN,MA|SANTA INES,glp,4,40.0,40.0,40.0,40.0,40.0
2011-03,MUN,MA|SAO DOMINGOS DO MARANHAO,glp,2,36.0,36.0,36.0,36.0,36.0
2011-03,MUN,MA|SAO JOAO DOS PATOS,glp,3,40.0,40.0,40.0,40.0,40.0
2011-03,MUN,MA|SAO JOSE DE RIBAMAR,glp,10,39.0,38.0,40.0,38.0,40.0
2011-03,MUN,MA|SAO LUIS,glp,79,39.0,38.0,40.0,35.0,40.0
2011-03,MUN,MA|TIMON,glp,3,33.0,33.0,33.4,33.0,33.5
2011-03,MUN,MG|ALFENAS,glp,15,38.0,34.16,38.0,33.0,40.0
2011-03,MUN,MG|ARAGUARI,glp,20,45.0,43.9,45.0,43.0,46.0
2011-03,MUN,MG|ARAXA,glp,5,42.0,42.0,45.0,42.0,45.0
2011-03,MUN,MG|BARBACENA,glp,16,37.0,34.5,38.0,33.0,38.0
2011-03,MUN,MG|BELO HORIZONTE,glp,121,42.0,39.0,43.0,37.0,45.0
2011-03,MUN,MG|BETIM,glp,34,43.0,39.3,43.0,35.21,43.0
2011-03,MUN,MG|BOM DESPACHO,glp,3,40.0,36.8,40.0,36.0,40.0
2011-03,MUN,MG|CAMPO BELO,glp,8,35.0,35.0,35.0,35.0,35.0
2011-03,MUN,MG|CARATINGA,glp,3,40.0,37.6,40.0,37.0,40.0
2011-03,MUN,MG|CATAGUASES,glp,4,38.0,37.65,38.7,37.5,39.0
2011-03,MUN,MG|CONGONHAS,glp,10,38.0,36.0,39.0,36.0,39.0
2011-03,MUN,MG|CONSELHEIRO LAFAIETE,glp,12,38.0,35.2,40.0,35.0,42.0
2011-03,MUN,MG|CONTAGEM,glp,110,42.0,40.0,43.0,40.0,45.0
2011-03,MUN,MG|CORONEL FABRICIANO,glp,8,42.0,42.0,42.0,42.0,42.0
2011-03,MUN,MG|CURVELO,glp,11,42.0,42.0,43.0,42.0,43.0
2011-03,MUN,MG|DIAMANTINA,glp,5,45.0,44.4,45.0,44.0,45.0
2011-03,MUN,MG|DIVINOPOLIS,glp,18,40.0,40.0,42.0,40.0,42.0
2011-03,MUN,MG|FORMIGA,glp,4,38.0,35.6,39.0,35.0,39.0
2011-03,MUN,MG|FRUTAL,glp,5,38.0,38.0,38.0,38.0,38.0
2011-03,MUN,MG|GOVERNADOR VALADARES,glp,25,40.0,39.0,45.0,38.0,45.0
2011-03,MUN,MG|GUAXUPE,glp,9,38.9,37.0,40.0,33.0,40.0
2011-03,MUN,MG|IBIRITE,glp,10,41.0,40.0,43.0,40.0,43.0
2011-03,MUN,MG|IPATINGA,glp,16,41.0,40.0,41.5,40.0,42.0
2011-03,MUN,MG|ITABIRA,glp,5,43.0,43.0,44.2,43.0,45.0
2011-03,MUN,MG|ITABIRITO,glp,1,39.0,39.0,39.0,39.0,39.0
2011-03,MUN,MG|ITAJUBA,glp,14,38.0,37.3,40.0,37.0,40.0
2011-03,MUN,MG|ITAUNA,glp,14,42.5,40.0,43.0,40.0,44.0
2011-03,MUN,MG|ITUIUTABA,glp,20,41.0,39.9,43.0,37.0,44.0
2011-03,MUN,MG|ITURAMA,glp,1,42.0,42.0,42.0,42.0,42.0
2011-03,MUN,MG|JACUI,glp,1,38.0,38.0,38.0,38.0,38.0
2011-03,MUN,MG|JANAUBA,glp,2,38.0,38.0,38.0,38.0,38.0
2011-03,MUN,MG|JANUARIA,glp,6,42.0,41.0,43.0,40.0,43.0
2011-03,MUN,MG|JOAO MONLEVADE,glp,9,41.0,41.0,42.0,41.0,42.0
2011-03,MUN,MG|JOAO PINHEIRO,glp,12,45.0,45.0,45.0,41.9,46.0
2011-03,MUN,MG|JUIZ DE FORA,glp,62,41.5,38.0,44.0,35.99,46.0
2011-03,MUN,MG|LAVRAS,glp,12,39.5,38.0,41.8,37.0,42.0
2011-03,MUN,MG|LEOPOLDINA,glp,7,40.0,38.8,40.4,37.0,41.0
2011-03,MUN,MG|MANHUACU,glp,5,35.0,34.2,37.6,34.0,38.0
2011-03,MUN,MG|MARIANA,glp,5,40.0,40.0,41.6,40.0,42.0
2011-03,MUN,MG|MONTE CARMELO,glp,15,40.0,40.0,40.0,40.0,40.0
2011-03,MUN,MG|MONTES CLAROS,glp,1,40.0,40.0,40.0,40.0,40.0
2011-03,MUN,MG|MURIAE,glp,5,41.0,39.8,41.6,39.0,42.0
2011-03,MUN,MG|NOVA LIMA,glp,14,43.0,42.0,44.0,40.0,44.0
2011-03,MUN,MG|OLIVEIRA,glp,8,35.0,35.0,35.3,35.0,36.0
2011-03,MUN,MG|OURO PRETO,glp,10,40.0,39.0,41.1,39.0,42.0
2011-03,MUN,MG|PARA DE MINAS,glp,12,41.45,39.991,42.45,39.0,43.0
2011-03,MUN,MG|PARACATU,glp,10,47.0,46.8,48.1,45.0,49.0
2011-03,MUN,MG|PASSOS,glp,20,39.0,37.9,40.0,37.0,40.0
2011-03,MUN,MG|PATOS DE MINAS,glp,18,43.0,41.4,43.0,40.0,45.0
2011-03,MUN,MG|PATROCINIO,glp,8,45.0,44.0,45.0,44.0,45.0
2011-03,MUN,MG|POCOS DE CALDAS,glp,15,35.0,34.994,39.0,34.99,39.0
2011-03,MUN,MG|POUSO ALEGRE,glp,18,38.0,37.97,39.0,37.9,39.0
2011-03,MUN,MG|RIBEIRAO DAS NEVES,glp,34,42.0,40.0,44.7,38.0,45.0
2011-03,MUN,MG|SABARA,glp,15,42.0,40.8,42.0,36.0,42.0
2011-03,MUN,MG|SANTA LUZIA,glp,32,42.0,40.0,43.0,37.0,45.0
2011-03,MUN,MG|SANTOS DUMONT,glp,6,39.5,38.5,40.0,38.0,40.0
2011-03,MUN,MG|SAO GONCALO DO RIO ABAIXO,glp,1,42.0,42.0,42.0,42.0,42.0
2011-03,MUN,MG|SAO GOTARDO,glp,1,42.0,42.0,42.0,42.0,42.0
2011-03,MUN,MG|SAO JOAO DEL REI,glp,16,39.0,39.0,40.0,39.0,40.0
2011-03,MUN,MG|SAO LOURENCO,glp,3,39.0,39.0,39.8,39.0,40.0
2011-03,MUN,MG|SAO SEBASTIAO DO PARAISO,glp,16,39.0,38.0,39.5,38.0,40.0
2011-03,MUN,MG|SETE LAGOAS,glp,16,38.5,38.0,39.0,38.0,40.0
2011-03,MUN,MG|TEOFILO OTONI,glp,22,36.0,35.1,37.8,35.0,38.0
2011-03,MUN,MG|TIMOTEO,glp,9,40.0,39.8,42.42,39.0,44.1
2011-03,MUN,MG|TRES CORACOES,glp,9,38.0,38.0,38.0,38.0,38.0
2011-03,MUN,MG|UBA,glp,8,38.0,35.7,38.57,35.0,39.9
2011-03,MUN,MG|UBERABA,glp,40,45.0,45.0,45.0,40.0,45.0
2011-03,MUN,MG|UBERLANDIA,glp,77,43.0,42.0,45.0,40.0,45.0
2011-03,MUN,MG|UNAI,glp,15,43.0,43.0,43.0,43.0,43.0
2011-03,MUN,MG|VARGINHA,glp,13,35.0,35.0,38.0,34.0,38.0
2011-03,MUN,MG|VESPASIANO,glp,15,42.0,42.0,43.0,40.0,44.0
2011-03,MUN,MG|VICOSA,glp,3,40.0,38.4,40.8,38.0,41.0
2011-03,MUN,MS|BATAYPORA,glp,2,45.5,45.1,45.9,45.0,46.0
2011-03,MUN,MS|CAMPO GRANDE,glp,418,47.0,43.0,48.0,39.9,48.0
2011-03,MUN,MS|CORUMBA,glp,9,44.0,42.8,44.0,42.0,44.0
2011-03,MUN,MS|COXIM,glp,13,47.0,47.0,47.0,47.0,48.0
2011-03,MUN,MS|DOURADOS,glp,69,46.0,43.8,48.0,40.0,49.0
2011-03,MUN,MS|NOVA ANDRADINA,glp,15,45.0,43.0,45.0,42.0,45.5
2011-03,MUN,MS|PARANAIBA,glp,15,43.0,43.0,43.92,42.0,45.0
2011-03,MUN,MS|PONTA PORA,glp,5,43.0,41.2,45.0,40.0,45.0
2011-03,MUN,MS|SONORA,glp,1,50.0,50.0,50.0,50.0,50.0
2011-03,MUN,MS|TRES LAGOAS,glp,18,40.0,38.0,41.3,38.0,42.0
2011-03,MUN,MT|ALTA FLORESTA,glp,6,50.0,48.5,51.5,47.0,52.0
2011-03,MUN,MT|CACERES,glp,11,42.0,40.0,44.0,39.0,46.5
2011-03,MUN,MT|CUIABA,glp,51,48.0,45.0,49.5,43.0,53.0
2011-03,MUN,MT|NOVA MUTUM,glp,1,48.0,48.0,48.0,48.0,48.0
2011-03,MUN,MT|RONDONOPOLIS,glp,11,48.0,48.0,50.0,46.0,50.0
2011-03,MUN,MT|SINOP,glp,9,47.0,45.8,47.2,45.0,48.0
2011-03,MUN,MT|SORRISO,glp,12,49.225,46.65,50.9,45.0,51.0
2011-03,MUN,MT|VARZEA GRANDE,glp,17,46.0,43.0,47.0,42.0,48.0
2011-03,MUN,PA|ABAETETUBA,glp,6,34.5,34.0,35.0,34.0,35.0
2011-03,MUN,PA|ALENQUER,glp,6,40.0,39.0,40.5,38.0,41.0
2011-03,MUN,PA|ALTAMIRA,glp,11,42.0,40.0,42.0,40.0,42.0
2011-03,MUN,PA|ANANINDEUA,glp,31,40.0,40.0,40.0,39.0,40.0
2011-03,MUN,PA|BELEM,glp,90,40.0,38.0,40.0,35.0,41.0
2011-03,MUN,PA|BRAGANCA,glp,6,42.0,42.0,42.5,42.0,43.0
2011-03,MUN,PA|BREVES,glp,3,41.0,40.2,41.0,40.0,41.0
2011-03,MUN,PA|CAMETA,glp,7,40.0,38.6,42.8,38.0,44.0
2011-03,MUN,PA|CASTANHAL,glp,8,40.0,40.0,40.0,40.0,40.0
2011-03,MUN,PA|CONCEICAO DO ARAGUAIA,glp,11,45.0,45.0,48.0,45.0,49.0
2011-03,MUN,PA|CONCORDIA DO PARA,glp,1,45.0,45.0,45.0,45.0,45.0
2011-03,MUN,PA|ITAITUBA,glp,7,45.0,45.0,45.0,45.0,45.0
2011-03,MUN,PA|MARABA,glp,4,40.0,40.0,40.0,40.0,40.0
2011-03,MUN,PA|MOJUI DOS CAMPOS,glp,1,39.0,39.0,39.0,39.0,39.0
2011-03,MUN,PA|PARAGOMINAS,glp,3,45.0,45.0,45.0,45.0,45.0
2011-03,MUN,PA|PARAUAPEBAS,glp,3,43.0,40.6,43.8,40.0,44.0
2011-03,MUN,PA|REDENCAO,glp,5,45.0,43.4,45.0,43.0,45.0
2011-03,MUN,PA|SANTAREM,glp,25,39.0,37.4,40.0,36.0,40.0
2011-03,MUN,PA|TUCURUI,glp,6,43.0,43.0,43.5,43.0,44.0
2011-03,MUN,PA|XINGUARA,glp,7,43.0,43.0,43.0,43.0,43.0
2011-03,MUN,PB|BAYEUX,glp,9,33.0,33.0,34.2,33.0,35.0
2011-03,MUN,PB|CABEDELO,glp,10,33.5,33.0,35.0,33.0,35.0
2011-03,MUN,PB|CAMPINA GRANDE,glp,45,35.0,35.0,35.0,33.0,35.0
2011-03,MUN,PB|GUARABIRA,glp,1,35.0,35.0,35.0,35.0,35.0
2011-03,MUN,PB|INGA,glp,1,35.0,35.0,35.0,35.0,35.0
2011-03,MUN,PB|ITABAIANA,glp,1,35.0,35.0,35.0,35.0,35.0
2011-03,MUN,PB|JOAO PESSOA,glp,62,33.0,33.0,35.0,31.0,36.0
2011-03,MUN,PB|MAMANGUAPE,glp,4,33.0,32.3,33.63,32.0,33.9
2011-03,MUN,PB|PATOS,glp,7,33.0,33.0,34.4,33.0,35.0
2011-03,MUN,PB|SANTA RITA,glp,13,33.0,33.0,35.0,33.0,35.0
2011-03,MUN,PB|SAPE,glp,3,34.0,34.0,34.8,34.0,35.0
2011-03,MUN,PB|SOUSA,glp,6,32.5,30.0,34.0,30.0,35.0
2011-03,MUN,PE|ABREU E LIMA,glp,8,33.0,32.4,34.95,31.0,36.0
2011-03,MUN,PE|AFOGADOS DA INGAZEIRA,glp,4,38.0,36.6,38.0,36.0,38.0
2011-03,MUN,PE|AGUAS BELAS,glp,1,36.0,36.0,36.0,36.0,36.0
2011-03,MUN,PE|ALIANCA,glp,1,33.0,33.0,33.0,33.0,33.0
2011-03,MUN,PE|ARARIPINA,glp,5,36.0,35.4,36.0,35.0,36.0
2011-03,MUN,PE|ARCOVERDE,glp,6,36.0,36.0,36.5,36.0,37.0
2011-03,MUN,PE|BELO JARDIM,glp,6,35.0,35.0,35.0,35.0,35.0
2011-03,MUN,PE|BEZERROS,glp,1,35.0,35.0,35.0,35.0,35.0
2011-03,MUN,PE|BOM CONSELHO,glp,4,35.0,35.0,35.0,35.0,35.0
2011-03,MUN,PE|CABO DE SANTO AGOSTINHO,glp,11,35.0,33.0,36.0,33.0,36.0
2011-03,MUN,PE|CACHOEIRINHA,glp,1,35.0,35.0,35.0,35.0,35.0
2011-03,MUN,PE|CAMARAGIBE,glp,16,33.0,32.5,35.0,31.0,36.0
2011-03,MUN,PE|CARUARU,glp,32,32.5,32.0,34.0,30.0,35.0
2011-03,MUN,PE|GARANHUNS,glp,7,35.0,35.0,35.0,35.0,35.0
2011-03,MUN,PE|GOIANA,glp,5,31.0,30.0,33.8,30.0,35.0
2011-03,MUN,PE|GRAVATA,glp,7,35.0,30.0,38.0,30.0,38.0
2011-03,MUN,PE|IGARASSU,glp,16,33.0,33.0,35.5,32.0,36.0
2011-03,MUN,PE|JABOATAO DOS GUARARAPES,glp,42,35.0,35.0,38.0,32.0,38.0
2011-03,MUN,PE|LAJEDO,glp,6,35.0,35.0,35.0,35.0,35.0
2011-03,MUN,PE|OLINDA,glp,35,34.0,30.0,35.0,30.0,36.0
2011-03,MUN,PE|PAULISTA,glp,8,33.0,33.0,33.9,33.0,36.0
2011-03,MUN,PE|PETROLINA,glp,14,35.0,32.45,35.0,32.0,35.0
2011-03,MUN,PE|RECIFE,glp,106,35.0,33.0,36.0,30.0,40.0
2011-03,MUN,PE|SALGUEIRO,glp,5,39.0,38.4,40.0,38.0,40.0
2011-03,MUN,PE|SANTA CRUZ DO CAPIBARIBE,glp,5,35.0,35.0,35.0,35.0,35.0
2011-03,MUN,PE|SAO BENTO DO UNA,glp,6,35.0,35.0,35.0,35.0,35.0
2011-03,MUN,PE|SAO LOURENCO DA MATA,glp,13,33.0,33.0,36.0,32.0,36.0
2011-03,MUN,PE|SERRA TALHADA,glp,5,38.0,38.0,38.0,38.0,38.0
2011-03,MUN,PE|VITORIA DE SANTO ANTAO,glp,12,35.0,35.0,35.0,34.0,35.0
2011-03,MUN,PI|BARRAS,glp,2,39.0,39.0,39.0,39.0,39.0
2011-03,MUN,PI|CAMPO MAIOR,glp,5,40.0,39.0,41.0,39.0,41.0
2011-03,MUN,PI|OEIRAS,glp,5,40.0,39.0,40.0,39.0,40.0
2011-03,MUN,PI|PARNAIBA,glp,2,37.0,35.4,38.6,35.0,39.0
2011-03,MUN,PI|PICOS,glp,2,35.5,35.1,35.9,35.0,36.0
2011-03,MUN,PI|PIRIPIRI,glp,4,39.0,39.0,39.0,39.0,39.0
2011-03,MUN,PI|TERESINA,glp,53,35.0,35.0,35.0,29.99,35.0
2011-03,MUN,PR|ALMIRANTE TAMANDARE,glp,11,37.0,37.0,38.5,36.8,40.0
2011-03,MUN,PR|APUCARANA,glp,18,40.0,38.7,40.0,38.0,40.0
2011-03,MUN,PR|ARAPONGAS,glp,18,40.0,38.0,40.0,38.0,40.0
2011-03,MUN,PR|ARAUCARIA,glp,14,36.0,35.0,37.7,35.0,38.0
2011-03,MUN,PR|ASSIS CHATEAUBRIAND,glp,3,35.0,35.0,35.0,35.0,35.0
2011-03,MUN,PR|CAMBE,glp,31,40.0,39.0,41.0,39.0,42.0
2011-03,MUN,PR|CAMPO LARGO,glp,19,35.0,34.98,36.0,34.9,36.0
2011-03,MUN,PR|CAMPO MOURAO,glp,11,41.0,39.0,43.9,39.0,45.0
2011-03,MUN,PR|CASCAVEL,glp,64,41.0,40.0,42.0,40.0,42.0
2011-03,MUN,PR|CASTRO,glp,9,40.0,39.8,40.0,39.0,40.0
2011-03,MUN,PR|CIANORTE,glp,18,39.0,37.85,40.0,35.0,42.0
2011-03,MUN,PR|COLOMBO,glp,24,36.0,35.0,37.82,34.0,38.0
2011-03,MUN,PR|CORNELIO PROCOPIO,glp,6,40.0,40.0,40.0,40.0,40.0
2011-03,MUN,PR|CURITIBA,glp,119,36.0,35.0,37.0,34.0,38.0
2011-03,MUN,PR|FOZ DO IGUACU,glp,56,44.0,43.5,44.0,40.0,44.0
2011-03,MUN,PR|FRANCISCO BELTRAO,glp,7,33.0,31.5,37.0,30.9,40.0
2011-03,MUN,PR|GUAIRA,glp,1,40.0,40.0,40.0,40.0,40.0
2011-03,MUN,PR|GUARAPUAVA,glp,14,33.5,32.3,35.0,32.0,38.0
2011-03,MUN,PR|IBIPORA,glp,1,41.0,41.0,41.0,41.0,41.0
2011-03,MUN,PR|LARANJEIRAS DO SUL,glp,8,40.25,39.0,42.3,39.0,43.0
2011-03,MUN,PR|LONDRINA,glp,105,40.0,40.0,41.0,40.0,41.0
2011-03,MUN,PR|MARECHAL CANDIDO RONDON,glp,7,43.0,40.0,45.0,40.0,45.0
2011-03,MUN,PR|MARINGA,glp,40,43.0,40.0,45.0,40.0,47.0
2011-03,MUN,PR|PARANAGUA,glp,29,37.5,35.0,39.0,35.0,40.0
2011-03,MUN,PR|PARANAVAI,glp,13,42.0,40.0,42.0,40.0,42.0
2011-03,MUN,PR|PATO BRANCO,glp,13,40.0,40.0,40.0,40.0,40.0
2011-03,MUN,PR|PINHAIS,glp,16,36.0,35.0,37.0,35.0,38.0
2011-03,MUN,PR|PONTA GROSSA,glp,34,37.0,36.0,37.0,35.0,40.0
2011-03,MUN,PR|SANTO ANTONIO DA PLATINA,glp,16,40.0,40.0,40.0,40.0,40.0
2011-03,MUN,PR|SAO JOSE DOS PINHAIS,glp,17,37.0,35.6,38.0,35.0,40.0
2011-03,MUN,PR|TERRA BOA,glp,1,38.0,38.0,38.0,38.0,38.0
2011-03,MUN,PR|TOLEDO,glp,23,38.0,35.0,42.4,33.0,45.0
2011-03,MUN,PR|UMUARAMA,glp,15,37.0,36.0,38.0,36.0,40.0
2011-03,MUN,PR|UNIAO DA VITORIA,glp,4,39.5,39.0,40.0,39.0,40.0
2011-03,MUN,RJ|ANGRA DOS REIS,glp,5,41.0,40.0,42.0,40.0,42.0
2011-03,MUN,RJ|ARARUAMA,glp,6,35.5,34.495,36.5,34.0,37.0
2011-03,MUN,RJ|ARMACAO DOS BUZIOS,glp,1,36.0,36.0,36.0,36.0,36.0
2011-03,MUN,RJ|BARRA DO PIRAI,glp,6,37.0,37.0,37.0,37.0,37.0
2011-03,MUN,RJ|BARRA MANSA,glp,13,39.0,38.0,40.0,38.0,40.0
2011-03,MUN,RJ|BELFORD ROXO,glp,8,40.0,38.0,42.0,38.0,42.0
2011-03,MUN,RJ|CABO FRIO,glp,4,34.0,34.0,34.35,34.0,34.5
2011-03,MUN,RJ|CAMPOS DOS GOYTACAZES,glp,20,40.0,40.0,40.002,38.0,42.0
2011-03,MUN,RJ|DUQUE DE CAXIAS,glp,60,39.0,35.045,42.0,34.0,45.0
2011-03,MUN,RJ|GUAPIMIRIM,glp,1,40.0,40.0,40.0,40.0,40.0
2011-03,MUN,RJ|ITABORAI,glp,4,38.0,38.0,38.0,38.0,38.0
2011-03,MUN,RJ|ITAGUAI,glp,4,37.2,35.57,37.78,35.0,37.9
2011-03,MUN,RJ|ITAPERUNA,glp,4,35.0,32.9,35.0,32.0,35.0
2011-03,MUN,RJ|MACAE,glp,4,41.5,38.6,43.0,38.0,43.0
2011-03,MUN,RJ|MAGE,glp,4,38.0,38.0,38.0,38.0,38.0
2011-03,MUN,RJ|MANGARATIBA,glp,1,37.9,37.9,37.9,37.9,37.9
2011-03,MUN,RJ|MARICA,glp,3,37.0,37.0,37.8,37.0,38.0
2011-03,MUN,RJ|NILOPOLIS,glp,6,35.995,34.99,38.0,34.99,38.0
2011-03,MUN,RJ|NITEROI,glp,10,38.0,36.0,38.0,36.0,38.0
2011-03,MUN,RJ|NOVA FRIBURGO,glp,6,38.0,38.0,38.0,38.0,38.0
2011-03,MUN,RJ|NOVA IGUACU,glp,21,37.0,35.99,40.0,34.99,40.0
2011-03,MUN,RJ|PARAIBA DO SUL,glp,3,38.0,35.592,38.0,34.99,38.0
2011-03,MUN,RJ|PARATY,glp,1,38.0,38.0,38.0,38.0,38.0
2011-03,MUN,RJ|PETROPOLIS,glp,7,40.0,39.14,41.34,38.0,42.0
2011-03,MUN,RJ|RESENDE,glp,6,38.0,38.0,38.5,38.0,39.0
2011-03,MUN,RJ|RIO BONITO,glp,2,38.5,38.1,38.9,38.0,39.0
2011-03,MUN,RJ|RIO DAS OSTRAS,glp,1,40.0,40.0,40.0,40.0,40.0
2011-03,MUN,RJ|RIO DE JANEIRO,glp,104,36.0,34.0,40.0,31.0,41.0
2011-03,MUN,RJ|SANTO ANTONIO DE PADUA,glp,1,32.0,32.0,32.0,32.0,32.0
2011-03,MUN,RJ|SAO FRANCISCO DE ITABAPOANA,glp,2,40.0,40.0,40.0,40.0,40.0
2011-03,MUN,RJ|SAO GONCALO,glp,30,36.0,36.0,38.05,36.0,40.0
2011-03,MUN,RJ|SAO JOAO DE MERITI,glp,17,38.0,36.3,40.0,35.0,40.0
2011-03,MUN,RJ|SAPUCAIA,glp,2,40.0,40.0,40.0,40.0,40.0
2011-03,MUN,RJ|SAQUAREMA,glp,5,34.99,33.994,35.0,33.99,35.0
2011-03,MUN,RJ|TERESOPOLIS,glp,6,39.0,38.5,39.0,38.0,39.0
2011-03,MUN,RJ|TRES RIOS,glp,2,38.0,38.0,38.0,38.0,38.0
2011-03,MUN,RJ|VALENCA,glp,6,39.0,38.0,39.0,38.0,39.0
2011-03,MUN,RJ|VASSOURAS,glp,2,38.0,38.0,38.0,38.0,38.0
2011-03,MUN,RJ|VOLTA REDONDA,glp,7,37.0,37.0,38.0,37.0,38.0
2011-03,MUN,RN|CAICARA DO NORTE,glp,1,40.0,40.0,40.0,40.0,40.0
2011-03,MUN,RN|CAICO,glp,5,35.0,34.4,37.2,34.0,38.0
2011-03,MUN,RN|CURRAIS NOVOS,glp,4,34.5,34.0,35.0,34.0,35.0
2011-03,MUN,RN|MOSSORO,glp,5,35.0,35.0,35.0,35.0,35.0
2011-03,MUN,RN|NATAL,glp,75,40.0,38.0,40.0,38.0,42.0
2011-03,MUN,RN|PARNAMIRIM,glp,19,37.0,36.0,38.2,35.0,39.0
2011-03,MUN,RN|SAO JOSE DE MIPIBU,glp,2,40.0,40.0,40.0,40.0,40.0
2011-03,MUN,RN|SERRA DO MEL,glp,1,40.0,40.0,40.0,40.0,40.0
2011-03,MUN,RO|ARIQUEMES,glp,6,42.0,42.0,42.0,42.0,42.0
2011-03,MUN,RO|CACOAL,glp,7,42.0,42.0,43.0,42.0,43.0
2011-03,MUN,RO|GUAJARA-MIRIM,glp,7,43.0,42.0,43.0,42.0,43.0
2011-03,MUN,RO|JI-PARANA,glp,13,38.0,37.0,38.8,37.0,39.0
2011-03,MUN,RO|PIMENTA BUENO,glp,5,42.0,42.0,44.0,42.0,44.0
2011-03,MUN,RO|PORTO VELHO,glp,60,38.0,37.9,40.0,37.0,40.0
2011-03,MUN,RO|SAO MIGUEL DO GUAPORE,glp,3,45.0,45.0,45.0,45.0,45.0
2011-03,MUN,RO|VILHENA,glp,8,42.5,42.0,43.0,42.0,43.0
2011-03,MUN,RR|BOA VISTA,glp,39,42.0,40.8,42.1,40.0,44.0
2011-03,MUN,RR|CANTA,glp,2,39.5,39.1,39.9,39.0,40.0
2011-03,MUN,RR|CARACARAI,glp,2,45.5,45.1,45.9,45.0,46.0
2011-03,MUN,RR|MUCAJAI,glp,1,42.0,42.0,42.0,42.0,42.0
2011-03,MUN,RR|RORAINOPOLIS,glp,3,44.0,44.0,44.8,44.0,45.0
2011-03,MUN,RS|ALEGRETE,glp,12,36.0,35.1,38.9,33.9,39.0
2011-03,MUN,RS|ALVORADA,glp,13,39.0,37.2,40.0,35.0,40.0
2011-03,MUN,RS|BAGE,glp,34,38.0,38.0,40.0,38.0,42.0
2011-03,MUN,RS|BENTO GONCALVES,glp,9,39.0,39.0,40.2,39.0,41.0
2011-03,MUN,RS|CACAPAVA DO SUL,glp,14,42.5,38.0,43.0,38.0,43.0
2011-03,MUN,RS|CACHOEIRA DO SUL,glp,20,38.0,34.9,40.0,34.0,44.0
2011-03,MUN,RS|CACHOEIRINHA,glp,10,39.0,38.0,40.1,38.0,41.0
2011-03,MUN,RS|CANOAS,glp,25,39.0,36.0,40.0,35.0,42.0
2011-03,MUN,RS|CAXIAS DO SUL,glp,80,40.0,38.95,42.0,38.0,45.0
2011-03,MUN,RS|CHUI,glp,5,33.0,31.0,34.2,31.0,35.0
2011-03,MUN,RS|CRUZ ALTA,glp,7,36.0,34.0,38.2,34.0,40.0
2011-03,MUN,RS|DAVID CANABARRO,glp,1,42.0,42.0,42.0,42.0,42.0
2011-03,MUN,RS|ERECHIM,glp,24,43.0,40.0,45.7,40.0,46.0
2011-03,MUN,RS|ESTEIO,glp,11,38.0,38.0,40.0,37.0,40.0
2011-03,MUN,RS|GRAMADO,glp,8,39.0,38.0,40.0,38.0,40.0
2011-03,MUN,RS|GRAVATAI,glp,28,39.0,38.0,40.0,37.0,41.0
2011-03,MUN,RS|GUAIBA,glp,15,40.0,39.36,40.0,39.0,40.0
2011-03,MUN,RS|GUAPORE,glp,1,40.0,40.0,40.0,40.0,40.0
2011-03,MUN,RS|IJUI,glp,6,40.0,39.0,41.5,39.0,42.0
2011-03,MUN,RS|JAGUARAO,glp,9,33.0,32.0,34.2,32.0,35.0
2011-03,MUN,RS|LAJEADO,glp,13,40.0,39.2,40.0,38.0,40.0
2011-03,MUN,RS|NOVO HAMBURGO,glp,21,37.0,36.0,38.0,35.0,38.0
2011-03,MUN,RS|OSORIO,glp,10,40.0,40.0,40.0,40.0,40.0
2011-03,MUN,RS|PALMEIRA DAS MISSOES,glp,7,40.0,39.54,42.54,39.0,43.5
2011-03,MUN,RS|PASSO FUNDO,glp,92,40.0,37.03,43.0,35.0,44.0
2011-03,MUN,RS|PELOTAS,glp,38,35.0,33.0,37.0,32.0,38.0
2011-03,MUN,RS|PINTO BANDEIRA,glp,1,40.0,40.0,40.0,40.0,40.0
2011-03,MUN,RS|PORTAO,glp,1,40.0,40.0,40.0,40.0,40.0
2011-03,MUN,RS|PORTO ALEGRE,glp,99,39.0,37.0,40.0,35.0,40.0
2011-03,MUN,RS|RIO GRANDE,glp,66,35.0,35.0,35.75,32.0,38.0
2011-03,MUN,RS|SANTA CRUZ DO SUL,glp,21,37.0,37.0,40.0,35.0,45.0
2011-03,MUN,RS|SANTA MARIA,glp,90,38.0,36.0,41.0,35.0,43.0
2011-03,MUN,RS|SANTA ROSA,glp,11,38.0,37.0,38.0,37.0,39.0
2011-03,MUN,RS|SANTA VITORIA DO PALMAR,glp,8,36.0,36.0,38.3,36.0,39.0
2011-03,MUN,RS|SANTANA DO LIVRAMENTO,glp,20,34.0,33.9,34.0,33.9,34.0
2011-03,MUN,RS|SANTO ANGELO,glp,13,40.0,40.0,42.6,38.0,44.0
2011-03,MUN,RS|SAO BORJA,glp,9,40.0,35.0,40.0,35.0,40.0
2011-03,MUN,RS|SAO GABRIEL,glp,16,40.0,37.5,43.0,37.0,44.0
2011-03,MUN,RS|SAO LEOPOLDO,glp,19,38.0,36.8,38.2,35.0,40.0
2011-03,MUN,RS|SAO LUIZ GONZAGA,glp,6,43.0,41.95,44.5,41.9,45.0
2011-03,MUN,RS|SAPIRANGA,glp,11,39.0,38.0,39.9,38.0,40.0
2011-03,MUN,RS|SAPUCAIA DO SUL,glp,21,39.0,38.0,40.0,35.0,40.0
2011-03,MUN,RS|TORRES,glp,7,41.0,39.96,42.7,39.9,43.0
2011-03,MUN,RS|TRAMANDAI,glp,10,40.0,38.0,40.0,38.0,40.0
2011-03,MUN,RS|URUGUAIANA,glp,21,39.0,37.0,40.0,37.0,40.0
2011-03,MUN,RS|VACARIA,glp,8,40.0,39.97,41.15,39.9,41.5
2011-03,MUN,RS|VIAMAO,glp,19,40.0,36.6,40.0,35.0,42.0
2011-03,MUN,SC|ARARANGUA,glp,4,38.0,35.9,39.4,35.0,40.0
2011-03,MUN,SC|BALNEARIO CAMBORIU,glp,1,43.0,43.0,43.0,43.0,43.0
2011-03,MUN,SC|BIGUACU,glp,3,46.0,46.0,46.8,46.0,47.0
2011-03,MUN,SC|BLUMENAU,glp,22,40.0,39.0,40.9,38.0,42.0
2011-03,MUN,SC|BRUSQUE,glp,5,40.0,38.4,42.94,38.0,44.9
2011-03,MUN,SC|CACADOR,glp,4,40.5,39.3,41.0,39.0,41.0
2011-03,MUN,SC|CHAPECO,glp,18,39.0,39.0,40.0,38.0,41.0
2011-03,MUN,SC|CONCORDIA,glp,4,40.0,39.93,40.7,39.9,41.0
2011-03,MUN,SC|CRICIUMA,glp,10,39.0,37.9,40.1,37.0,41.0
2011-03,MUN,SC|FLORIANOPOLIS,glp,6,43.75,43.0,44.25,43.0,44.5
2011-03,MUN,SC|GASPAR,glp,1,39.0,39.0,39.0,39.0,39.0
2011-03,MUN,SC|ITAJAI,glp,16,39.0,38.0,40.0,38.0,40.0
2011-03,MUN,SC|JARAGUA DO SUL,glp,6,39.0,38.5,40.75,38.0,41.5
2011-03,MUN,SC|JOINVILLE,glp,23,40.0,39.0,41.8,38.5,43.0
2011-03,MUN,SC|LAGES,glp,8,40.0,40.0,40.0,40.0,40.0
2011-03,MUN,SC|LAGUNA,glp,4,39.75,38.45,42.1,38.0,43.0
2011-03,MUN,SC|MAFRA,glp,4,40.0,39.3,40.7,39.0,41.0
2011-03,MUN,SC|PALHOCA,glp,5,44.0,42.0,45.0,42.0,45.0
2011-03,MUN,SC|SAO JOSE,glp,8,44.0,43.7,45.0,43.0,45.0
2011-03,MUN,SC|SAO MIGUEL DO OESTE,glp,3,37.0,35.4,37.8,35.0,38.0
2011-03,MUN,SC|TUBARAO,glp,8,39.5,38.0,40.3,38.0,41.0
2011-03,MUN,SC|VIDEIRA,glp,5,40.0,38.76,41.6,38.0,42.0
2011-03,MUN,SC|XANXERE,glp,6,40.0,39.0,40.0,38.0,40.0
2011-03,MUN,SE|ARACAJU,glp,19,35.0,32.8,35.0,32.0,36.0
2011-03,MUN,SE|ITABAIANA,glp,4,38.0,38.0,38.0,38.0,38.0
2011-03,MUN,SE|ITABAIANINHA,glp,3,33.0,32.2,33.8,32.0,34.0
2011-03,MUN,SE|LAGARTO,glp,4,35.0,34.93,35.7,34.9,36.0
2011-03,MUN,SE|NOSSA SENHORA DO SOCORRO,glp,7,35.0,34.6,35.0,34.0,35.0
2011-03,MUN,SE|SIMAO DIAS,glp,5,35.0,33.0,35.0,33.0,35.0
2011-03,MUN,SE|TOBIAS BARRETO,glp,4,35.0,34.3,35.0,34.0,35.0
2011-03,MUN,SP|ADAMANTINA,glp,12,38.0,37.1,38.0,35.0,38.0
2011-03,MUN,SP|AMERICANA,glp,23,40.0,39.0,40.0,37.99,40.0
2011-03,MUN,SP|AMPARO,glp,9,39.0,37.8,40.36,37.0,41.8
2011-03,MUN,SP|APIAI,glp,2,39.0,39.0,39.0,39.0,39.0
2011-03,MUN,SP|ARACATUBA,glp,45,38.0,35.0,39.54,34.0,40.0
2011-03,MUN,SP|ARARAQUARA,glp,16,39.0,38.0,40.0,34.99,40.0
2011-03,MUN,SP|ARARAS,glp,5,34.9,34.9,35.5,34.9,35.9
2011-03,MUN,SP|ASSIS,glp,16,40.0,38.0,40.0,38.0,40.0
2011-03,MUN,SP|ATIBAIA,glp,24,37.5,35.3,38.85,33.0,39.0
2011-03,MUN,SP|AVARE,glp,16,40.0,40.0,42.0,38.0,42.0
2011-03,MUN,SP|BARRETOS,glp,21,36.0,34.8,38.0,33.0,38.0
2011-03,MUN,SP|BARUERI,glp,31,37.0,35.0,40.0,33.99,40.0
2011-03,MUN,SP|BAURU,glp,68,38.0,36.35,40.0,34.0,41.0
2011-03,MUN,SP|BEBEDOURO,glp,22,39.45,35.2,40.0,34.0,42.0
2011-03,MUN,SP|BIRIGUI,glp,23,37.5,35.0,38.0,34.0,38.0
2011-03,MUN,SP|BOTUCATU,glp,17,39.0,38.6,40.0,38.0,40.0
2011-03,MUN,SP|BRAGANCA PAULISTA,glp,22,37.0,35.049,38.0,34.0,38.0
2011-03,MUN,SP|CACAPAVA,glp,18,37.0,32.0,38.0,31.99,39.0
2011-03,MUN,SP|CAMPINAS,glp,80,37.0,34.45,39.0,30.0,40.0
2011-03,MUN,SP|CAMPOS DO JORDAO,glp,9,37.0,36.0,38.0,36.0,38.0
2011-03,MUN,SP|CAPAO BONITO,glp,4,36.0,36.0,36.0,36.0,36.0
2011-03,MUN,SP|CARAGUATATUBA,glp,12,40.0,39.0,40.0,37.9,42.0
2011-03,MUN,SP|CARAPICUIBA,glp,29,34.0,33.99,39.0,33.99,40.0
2011-03,MUN,SP|CATANDUVA,glp,16,37.25,35.5,39.5,35.0,40.0
2011-03,MUN,SP|COSMOPOLIS,glp,11,35.0,35.0,38.0,35.0,38.0
2011-03,MUN,SP|COTIA,glp,12,36.5,35.0,41.0,35.0,41.0
2011-03,MUN,SP|CRUZEIRO,glp,14,37.0,35.3,37.0,34.0,37.0
2011-03,MUN,SP|CUBATAO,glp,8,37.0,36.0,38.0,36.0,38.0
2011-03,MUN,SP|DIADEMA,glp,38,35.0,33.843,39.9,30.0,40.0
2011-03,MUN,SP|DRACENA,glp,9,45.0,44.4,45.0,42.0,45.0
2011-03,MUN,SP|EMBU DAS ARTES,glp,4,37.5,35.6,38.0,35.0,38.0
2011-03,MUN,SP|FERRAZ DE VASCONCELOS,glp,11,38.0,38.0,40.0,36.0,40.0
2011-03,MUN,SP|FRANCA,glp,53,39.0,37.9,40.0,37.0,41.0
2011-03,MUN,SP|FRANCISCO MORATO,glp,14,37.0,35.3,38.0,33.0,39.99
2011-03,MUN,SP|FRANCO DA ROCHA,glp,8,36.5,35.0,38.6,35.0,40.0
2011-03,MUN,SP|GARCA,glp,11,40.0,35.0,40.0,35.0,40.0
2011-03,MUN,SP|GUARATINGUETA,glp,17,32.0,30.0,40.0,30.0,40.0
2011-03,MUN,SP|GUARUJA,glp,10,38.6,38.0,40.64,38.0,41.0
2011-03,MUN,SP|GUARULHOS,glp,60,38.0,35.9,40.0,33.99,41.0
2011-03,MUN,SP|HORTOLANDIA,glp,24,37.0,36.0,39.7,35.0,40.0
2011-03,MUN,SP|IBITINGA,glp,12,40.0,38.0,42.7,38.0,44.0
2011-03,MUN,SP|INDAIATUBA,glp,23,42.0,40.0,42.0,40.0,43.0
2011-03,MUN,SP|ITANHAEM,glp,14,37.0,35.0,38.0,35.0,38.0
2011-03,MUN,SP|ITAPECERICA DA SERRA,glp,6,40.0,36.995,40.0,35.99,40.0
2011-03,MUN,SP|ITAPETININGA,glp,16,36.0,33.5,38.45,33.0,39.0
2011-03,MUN,SP|ITAPEVA,glp,6,38.0,38.0,39.0,38.0,39.0
2011-03,MUN,SP|ITAPEVI,glp,7,35.0,33.99,37.994,33.99,38.0
2011-03,MUN,SP|ITAPIRA,glp,5,35.0,35.0,35.0,35.0,35.0
2011-03,MUN,SP|ITAPOLIS,glp,16,38.5,38.0,39.9,35.0,40.0
2011-03,MUN,SP|ITAQUAQUECETUBA,glp,23,38.0,35.992,40.0,31.0,40.0
2011-03,MUN,SP|ITATIBA,glp,12,37.0,36.0,37.95,36.0,38.0
2011-03,MUN,SP|ITU,glp,11,36.9,34.9,37.0,33.0,39.8
2011-03,MUN,SP|JABOTICABAL,glp,21,38.0,36.0,40.0,34.0,42.0
2011-03,MUN,SP|JACAREI,glp,24,35.0,31.15,37.0,30.0,38.0
2011-03,MUN,SP|JALES,glp,10,39.5,38.0,40.0,38.0,40.0
2011-03,MUN,SP|JANDIRA,glp,18,36.495,32.99,38.0,32.29,39.0
2011-03,MUN,SP|JAU,glp,11,37.0,35.0,38.0,35.0,38.0
2011-03,MUN,SP|JOSE BONIFACIO,glp,20,37.0,36.71,39.05,35.0,39.9
2011-03,MUN,SP|JUNDIAI,glp,16,37.0,36.0,39.495,32.0,40.0
2011-03,MUN,SP|LEME,glp,22,35.9,33.19,37.0,33.0,37.9
2011-03,MUN,SP|LIMEIRA,glp,19,36.0,35.0,38.398,33.99,39.99
2011-03,MUN,SP|LINS,glp,28,35.0,30.7,37.646,30.0,42.0
2011-03,MUN,SP|LORENA,glp,16,33.0,33.0,37.0,33.0,39.0
2011-03,MUN,SP|MARILIA,glp,13,40.0,39.2,40.0,38.0,40.0
2011-03,MUN,SP|MATAO,glp,17,40.0,38.6,41.4,37.9,46.0
2011-03,MUN,SP|MAUA,glp,39,41.0,36.0,42.0,33.0,45.0
2011-03,MUN,SP|MIRASSOL,glp,14,36.0,35.0,37.997,35.0,38.0
2011-03,MUN,SP|MOCOCA,glp,14,42.0,42.0,42.0,40.0,42.0
2011-03,MUN,SP|MOGI DAS CRUZES,glp,51,38.9,36.99,40.0,35.0,41.0
2011-03,MUN,SP|MOGI GUACU,glp,18,37.0,35.7,37.0,35.0,37.0
2011-03,MUN,SP|MOGI MIRIM,glp,10,36.0,34.9,36.1,34.0,37.0
2011-03,MUN,SP|MONTE ALTO,glp,12,40.0,38.2,42.9,35.0,43.0
2011-03,MUN,SP|OLIMPIA,glp,13,33.0,33.0,35.0,32.99,38.0
2011-03,MUN,SP|OSASCO,glp,86,36.0,33.99,40.0,32.99,42.0
2011-03,MUN,SP|OURINHOS,glp,25,38.0,35.0,39.0,35.0,39.0
2011-03,MUN,SP|PARAGUACU PAULISTA,glp,12,42.0,42.0,42.0,40.0,42.0
2011-03,MUN,SP|PAULICEIA,glp,1,37.0,37.0,37.0,37.0,37.0
2011-03,MUN,SP|PAULINIA,glp,20,35.0,31.0,37.1,30.0,38.0
2011-03,MUN,SP|PINDAMONHANGABA,glp,19,37.0,34.98,38.0,34.9,39.0
2011-03,MUN,SP|PIRACICABA,glp,31,37.0,37.0,37.0,35.0,40.0
2011-03,MUN,SP|PIRASSUNUNGA,glp,11,35.5,34.9,38.0,34.9,38.0
2011-03,MUN,SP|POA,glp,12,38.5,36.1,40.0,36.0,40.0
2011-03,MUN,SP|PORTO FERREIRA,glp,8,34.0,34.0,35.0,34.0,35.0
2011-03,MUN,SP|PRAIA GRANDE,glp,23,38.0,34.596,40.8,33.99,45.0
2011-03,MUN,SP|PRESIDENTE PRUDENTE,glp,61,39.0,37.0,40.0,36.0,43.9
2011-03,MUN,SP|PRESIDENTE VENCESLAU,glp,13,36.5,36.0,37.0,35.0,37.5
2011-03,MUN,SP|RIBEIRAO PIRES,glp,13,39.9,38.0,40.0,37.9,42.0
2011-03,MUN,SP|RIBEIRAO PRETO,glp,100,42.0,40.0,42.0,37.0,44.0
2011-03,MUN,SP|RIO CLARO,glp,9,35.0,35.0,35.0,35.0,35.0
2011-03,MUN,SP|SALTO,glp,16,38.0,34.5,39.95,34.0,40.0
2011-03,MUN,SP|SANTA BARBARA D'OESTE,glp,22,39.0,39.0,40.0,38.0,40.0
2011-03,MUN,SP|SANTA CRUZ DO RIO PARDO,glp,13,37.0,36.0,37.0,35.0,38.0
2011-03,MUN,SP|SANTO ANDRE,glp,54,39.9,35.0,41.9,33.99,42.9
2011-03,MUN,SP|SANTOS,glp,41,37.0,34.25,40.0,33.0,43.0
2011-03,MUN,SP|SAO BERNARDO DO CAMPO,glp,54,39.25,36.15,41.97,34.0,43.0
2011-03,MUN,SP|SAO CAETANO DO SUL,glp,8,39.495,38.0,41.93,38.0,42.0
2011-03,MUN,SP|SAO CARLOS,glp,17,37.9,36.9,39.94,35.9,41.0
2011-03,MUN,SP|SAO JOAO DA BOA VISTA,glp,11,38.0,38.0,38.0,38.0,38.0
2011-03,MUN,SP|SAO JOAQUIM DA BARRA,glp,12,40.0,40.0,40.9,40.0,41.0
2011-03,MUN,SP|SAO JOSE DO RIO PRETO,glp,85,38.0,36.0,40.0,34.0,43.0
2011-03,MUN,SP|SAO JOSE DOS CAMPOS,glp,65,36.0,35.0,37.0,32.0,38.0
2011-03,MUN,SP|SAO PAULO,glp,271,38.0,33.99,40.0,32.0,42.0
2011-03,MUN,SP|SAO ROQUE,glp,13,36.0,33.992,37.8,33.0,38.9
2011-03,MUN,SP|SAO VICENTE,glp,47,37.0,35.0,38.4,33.99,42.0
2011-03,MUN,SP|SERTAOZINHO,glp,28,38.0,35.0,40.0,34.0,41.0
2011-03,MUN,SP|SOROCABA,glp,29,37.0,36.0,39.0,35.0,42.0
2011-03,MUN,SP|SUMARE,glp,22,37.0,36.1,38.9,34.0,40.0
2011-03,MUN,SP|SUZANO,glp,31,40.0,38.0,40.0,33.99,40.0
2011-03,MUN,SP|TABOAO DA SERRA,glp,6,34.5,33.995,39.9,33.99,39.9
2011-03,MUN,SP|TATUI,glp,9,39.0,37.8,40.0,37.0,40.0
2011-03,MUN,SP|TAUBATE,glp,38,37.0,35.0,39.0,34.0,42.0
2011-03,MUN,SP|TUPA,glp,13,35.0,32.0,36.0,32.0,38.0
2011-03,MUN,SP|UBATUBA,glp,11,38.0,35.0,40.0,34.99,40.0
2011-03,MUN,SP|VALINHOS,glp,11,38.0,37.0,40.0,37.0,40.0
2011-03,MUN,SP|VARZEA PAULISTA,glp,11,35.0,35.0,38.0,35.0,38.0
2011-03,MUN,SP|VINHEDO,glp,5,40.0,39.4,41.54,39.0,41.9
2011-03,MUN,SP|VOTORANTIM,glp,17,37.0,36.54,37.0,36.0,40.0
2011-03,MUN,SP|VOTUPORANGA,glp,20,35.0,34.8,37.0,33.0,38.0
2011-03,MUN,TO|ARAGUAINA,glp,13,45.0,43.2,45.0,43.0,45.0
2011-03,MUN,TO|GURUPI,glp,29,45.0,44.0,45.0,44.0,45.0
2011-03,MUN,TO|PALMAS,glp,17,45.0,43.0,45.0,42.0,45.0
2011-03,MUN,TO|PARAISO DO TOCANTINS,glp,3,45.0,44.2,45.0,44.0,45.0
2011-03,MUN,TO|PORTO NACIONAL,glp,6,45.0,44.0,45.0,44.0,45.0
2011-03,UF,AC,glp,235,41.0,40.5,42.5,39.0,53.0
2011-03,UF,AL,glp,103,35.0,35.0,37.0,33.0,40.0
2011-03,UF,AM,glp,235,30.0,29.0,33.0,27.0,45.0
2011-03,UF,AP,glp,31,42.0,40.0,44.0,39.0,50.0
2011-03,UF,BA,glp,540,35.5,32.0,38.0,24.99,41.0
2011-03,UF,CE,glp,345,38.0,35.0,40.0,30.0,40.0
2011-03,UF,DF,glp,149,37.0,36.0,38.0,36.0,39.0
2011-03,UF,ES,glp,294,35.0,33.0,38.0,30.0,45.0
2011-03,UF,GO,glp,603,40.0,38.0,43.0,35.99,45.0
2011-03,UF,MA,glp,185,40.0,38.0,42.0,33.0,45.0
2011-03,UF,MG,glp,1153,42.0,38.0,44.5,33.0,49.0
2011-03,UF,MS,glp,565,47.0,43.0,48.0,38.0,50.0
2011-03,UF,MT,glp,118,47.95,43.0,50.0,39.0,53.0
2011-03,UF,PA,glp,241,40.0,38.0,45.0,34.0,49.0
2011-03,UF,PB,glp,162,34.0,33.0,35.0,30.0,36.0
2011-03,UF,PE,glp,388,35.0,32.0,36.0,30.0,40.0
2011-03,UF,PI,glp,73,35.0,35.0,39.0,29.99,41.0
2011-03,UF,PR,glp,785,40.0,35.0,43.0,30.9,47.0
2011-03,UF,RJ,glp,395,38.0,34.99,40.0,31.0,45.0
2011-03,UF,RN,glp,112,39.0,35.0,40.0,34.0,42.0
2011-03,UF,RO,glp,109,39.0,37.0,43.0,37.0,45.0
2011-03,UF,RR,glp,47,42.0,40.0,44.0,39.0,46.0
2011-03,UF,RS,glp,990,39.0,35.0,41.0,31.0,46.0
2011-03,UF,SC,glp,174,40.0,38.0,43.35,35.0,47.0
2011-03,UF,SE,glp,46,35.0,33.0,36.0,32.0,38.0
2011-03,UF,SP,glp,2825,38.0,34.99,40.0,30.0,46.0
2011-03,UF,TO,glp,68,45.0,43.0,45.0,42.0,45.0
2011-04,BR,BR,glp,11020,39.0,34.99,44.0,27.0,53.9
2011-04,MUN,AC|CRUZEIRO DO SUL,glp,6,50.0,49.0,53.0,48.0,53.0
2011-04,MUN,AC|RIO BRANCO,glp,210,41.0,40.0,42.0,39.0,44.0
2011-04,MUN,AC|SENA MADUREIRA,glp,6,45.0,42.5,45.0,41.0,45.0
2011-04,MUN,AC|SENADOR GUIOMARD,glp,6,44.0,44.0,44.5,44.0,45.0
2011-04,MUN,AC|TARAUACA,glp,3,50.0,50.0,50.0,50.0,50.0
2011-04,MUN,AC|XAPURI,glp,3,45.0,45.0,45.8,45.0,46.0
2011-04,MUN,AL|ARAPIRACA,glp,11,35.0,34.0,35.0,33.0,37.0
2011-04,MUN,AL|DELMIRO GOUVEIA,glp,3,35.0,35.0,35.0,35.0,35.0
2011-04,MUN,AL|IGACI,glp,1,35.0,35.0,35.0,35.0,35.0
2011-04,MUN,AL|MACEIO,glp,56,37.0,35.0,37.5,35.0,38.0
2011-04,MUN,AL|MARECHAL DEODORO,glp,3,35.0,35.0,35.0,35.0,35.0
2011-04,MUN,AL|PALMEIRA DOS INDIOS,glp,7,39.0,38.0,40.0,38.0,40.0
2011-04,MUN,AL|RIO LARGO,glp,5,33.0,33.0,35.0,33.0,35.0
2011-04,MUN,AL|SANTANA DO IPANEMA,glp,6,35.0,35.0,35.0,35.0,35.0
2011-04,MUN,AM|AUTAZES,glp,1,31.0,31.0,31.0,31.0,31.0
2011-04,MUN,AM|HUMAITA,glp,3,35.0,35.0,35.8,35.0,36.0
2011-04,MUN,AM|ITACOATIARA,glp,11,34.0,33.0,35.0,33.0,35.0
2011-04,MUN,AM|MANACAPURU,glp,5,33.0,32.4,33.0,32.0,33.0
2011-04,MUN,AM|MANAUS,glp,206,30.0,29.0,32.0,27.0,45.0
2011-04,MUN,AM|PARINTINS,glp,2,32.25,31.65,32.85,31.5,33.0
2011-04,MUN,AM|PRESIDENTE FIGUEIREDO,glp,3,34.0,33.2,34.8,33.0,35.0
2011-04,MUN,AM|TEFE,glp,2,36.5,35.3,37.7,35.0,38.0
2011-04,MUN,AP|LARANJAL DO JARI,glp,2,39.5,39.1,39.9,39.0,40.0
2011-04,MUN,AP|MACAPA,glp,22,41.0,40.0,42.0,40.0,42.0
2011-04,MUN,AP|OIAPOQUE,glp,1,50.0,50.0,50.0,50.0,50.0
2011-04,MUN,AP|SANTANA,glp,7,43.0,42.0,44.4,42.0,45.0
2011-04,MUN,BA|ALAGOINHAS,glp,5,37.0,37.0,37.0,37.0,37.0
2011-04,MUN,BA|BARRA,glp,5,34.0,33.4,35.2,33.0,36.0
2011-04,MUN,BA|BARRA DO MENDES,glp,1,35.0,35.0,35.0,35.0,35.0
2011-04,MUN,BA|BARREIRAS,glp,10,39.0,38.0,40.0,38.0,40.0
2011-04,MUN,BA|BRUMADO,glp,6,35.0,35.0,35.0,35.0,35.0
2011-04,MUN,BA|CAETITE,glp,6,30.0,30.0,30.0,30.0,30.0
2011-04,MUN,BA|CAMACARI,glp,13,38.0,38.0,38.5,38.0,39.0
2011-04,MUN,BA|CAMPO FORMOSO,glp,2,38.0,38.0,38.0,38.0,38.0
2011-04,MUN,BA|CANDEIAS,glp,7,35.0,32.8,35.0,32.5,35.0
2011-04,MUN,BA|CAPIM GROSSO,glp,1,38.0,38.0,38.0,38.0,38.0
2011-04,MUN,BA|EUNAPOLIS,glp,7,35.0,35.0,35.4,35.0,36.0
2011-04,MUN,BA|FEIRA DE SANTANA,glp,32,38.0,37.0,38.9,36.0,39.0
2011-04,MUN,BA|GUANAMBI,glp,14,28.0,28.0,28.0,28.0,30.0
2011-04,MUN,BA|ILHEUS,glp,9,38.99,36.0,40.2,32.0,41.0
2011-04,MUN,BA|IPIRA,glp,5,38.0,38.0,38.0,38.0,38.0
2011-04,MUN,BA|IRECE,glp,13,35.0,35.0,35.0,35.0,35.0
2011-04,MUN,BA|ITABUNA,glp,13,39.0,37.4,40.0,36.0,40.0
2011-04,MUN,BA|ITAMARAJU,glp,6,35.0,35.0,35.0,35.0,35.0
2011-04,MUN,BA|JACOBINA,glp,7,38.0,38.0,40.0,38.0,40.0
2011-04,MUN,BA|JAGUAQUARA,glp,9,33.0,33.0,33.0,33.0,33.0
2011-04,MUN,BA|JEQUIE,glp,14,31.75,30.0,33.4,30.0,36.0
2011-04,MUN,BA|JOAO DOURADO,glp,1,35.0,35.0,35.0,35.0,35.0
2011-04,MUN,BA|JUAZEIRO,glp,8,34.0,32.0,35.0,32.0,35.0
2011-04,MUN,BA|LAURO DE FREITAS,glp,19,36.0,35.0,37.2,35.0,39.0
2011-04,MUN,BA|LIVRAMENTO DE NOSSA SENHORA,glp,2,32.0,32.0,32.0,32.0,32.0
2011-04,MUN,BA|PAULO AFONSO,glp,5,37.0,35.4,37.0,35.0,37.0
2011-04,MUN,BA|POCOES,glp,6,32.0,31.0,33.0,30.0,34.0
2011-04,MUN,BA|PORTO SEGURO,glp,9,38.0,36.0,38.0,36.0,38.0
2011-04,MUN,BA|RUY BARBOSA,glp,4,35.0,35.0,35.0,35.0,35.0
2011-04,MUN,BA|SALVADOR,glp,228,35.0,33.0,37.0,30.0,38.0
2011-04,MUN,BA|SANTANOPOLIS,glp,1,39.0,39.0,39.0,39.0,39.0
2011-04,MUN,BA|SANTO ANTONIO DE JESUS,glp,8,37.0,35.7,37.65,35.0,38.0
2011-04,MUN,BA|SENHOR DO BONFIM,glp,5,38.0,38.0,38.0,38.0,38.0
2011-04,MUN,BA|SERRINHA,glp,6,38.0,38.0,38.0,38.0,38.0
2011-04,MUN,BA|SIMOES FILHO,glp,7,38.0,37.0,38.0,37.0,38.0
2011-04,MUN,BA|TEIXEIRA DE FREITAS,glp,11,35.0,35.0,38.0,35.0,38.0
2011-04,MUN,BA|URANDI,glp,1,28.0,28.0,28.0,28.0,28.0
2011-04,MUN,BA|VALENCA,glp,5,37.0,37.0,37.0,37.0,37.0
2011-04,MUN,BA|VITORIA DA CONQUISTA,glp,15,35.0,35.0,38.0,35.0,40.0
2011-04,MUN,CE|AQUIRAZ,glp,1,39.0,39.0,39.0,39.0,39.0
2011-04,MUN,CE|ARACOIABA,glp,1,38.0,38.0,38.0,38.0,38.0
2011-04,MUN,CE|BEBERIBE,glp,2,33.0,33.0,33.0,33.0,33.0
2011-04,MUN,CE|CANINDE,glp,4,35.0,34.3,35.7,34.0,36.0
2011-04,MUN,CE|CAUCAIA,glp,43,37.0,36.6,38.0,36.0,40.0
2011-04,MUN,CE|CRATEUS,glp,5,35.0,34.0,35.0,34.0,35.0
2011-04,MUN,CE|CRATO,glp,15,36.0,33.0,40.0,32.0,40.0
2011-04,MUN,CE|FORTALEZA,glp,206,38.0,36.75,40.0,34.98,40.0
2011-04,MUN,CE|ICO,glp,4,32.5,32.0,33.7,32.0,34.0
2011-04,MUN,CE|IGUATU,glp,5,37.0,36.0,37.3,36.0,37.5
2011-04,MUN,CE|IPU,glp,2,33.5,33.1,33.9,33.0,34.0
2011-04,MUN,CE|ITAPIPOCA,glp,7,34.0,33.0,35.0,33.0,35.0
2011-04,MUN,CE|JUAZEIRO DO NORTE,glp,18,38.5,36.85,40.0,36.0,40.0
2011-04,MUN,CE|LIMOEIRO DO NORTE,glp,5,36.0,35.0,36.0,35.0,36.0
2011-04,MUN,CE|MARACANAU,glp,15,38.0,37.0,40.0,37.0,40.0
2011-04,MUN,CE|MORADA NOVA,glp,5,35.0,34.4,36.0,34.0,36.0
2011-04,MUN,CE|PEDRA BRANCA,glp,4,33.0,32.3,33.7,32.0,34.0
2011-04,MUN,CE|QUIXADA,glp,8,36.5,36.0,38.0,36.0,38.0
2011-04,MUN,CE|SAO GONCALO DO AMARANTE,glp,1,36.0,36.0,36.0,36.0,36.0
2011-04,MUN,CE|SOBRAL,glp,6,37.5,35.5,38.5,34.0,39.0
2011-04,MUN,DF|BRASILIA,glp,140,37.0,36.0,38.0,36.0,42.0
2011-04,MUN,ES|ARACRUZ,glp,9,35.0,33.0,35.0,33.0,35.0
2011-04,MUN,ES|BARRA DE SAO FRANCISCO,glp,8,34.0,34.0,36.0,34.0,36.0
2011-04,MUN,ES|CACHOEIRO DE ITAPEMIRIM,glp,18,35.0,34.0,36.0,34.0,36.0
2011-04,MUN,ES|CARIACICA,glp,46,35.0,35.0,37.0,30.0,38.0
2011-04,MUN,ES|CASTELO,glp,4,33.5,31.6,34.7,31.0,35.0
2011-04,MUN,ES|COLATINA,glp,10,35.0,34.45,36.55,34.0,37.0
2011-04,MUN,ES|GUARAPARI,glp,22,38.0,36.0,38.0,35.0,38.0
2011-04,MUN,ES|ITAPEMIRIM,glp,3,36.0,35.2,37.6,35.0,38.0
2011-04,MUN,ES|JAGUARE,glp,4,35.5,35.0,36.0,35.0,36.0
2011-04,MUN,ES|LINHARES,glp,16,34.5,33.0,35.0,33.0,35.0
2011-04,MUN,ES|MARATAIZES,glp,1,35.0,35.0,35.0,35.0,35.0
2011-04,MUN,ES|NOVA VENECIA,glp,3,36.0,35.2,36.8,35.0,37.0
2011-04,MUN,ES|SAO MATEUS,glp,14,37.5,37.0,39.0,37.0,39.0
2011-04,MUN,ES|SERRA,glp,72,36.0,35.0,37.45,34.5,38.0
2011-04,MUN,ES|VILA VELHA,glp,34,35.0,33.0,36.7,30.0,38.0
2011-04,MUN,ES|VITORIA,glp,18,37.0,35.0,38.0,35.0,38.0
2011-04,MUN,GO|AGUAS LINDAS DE GOIAS,glp,15,40.0,40.0,42.0,38.0,43.0
2011-04,MUN,GO|ANAPOLIS,glp,132,39.0,38.0,40.0,35.0,42.0
2011-04,MUN,GO|APARECIDA DE GOIANIA,glp,33,40.0,39.0,41.0,39.0,41.0
2011-04,MUN,GO|CALDAS NOVAS,glp,24,39.0,38.0,40.0,37.0,40.0
2011-04,MUN,GO|CAMPO ALEGRE DE GOIAS,glp,1,38.0,38.0,38.0,38.0,38.0
2011-04,MUN,GO|CATALAO,glp,12,38.0,38.0,38.0,38.0,38.0
2011-04,MUN,GO|CIDADE OCIDENTAL,glp,1,37.0,37.0,37.0,37.0,37.0
2011-04,MUN,GO|FORMOSA,glp,20,40.0,40.0,40.0,40.0,40.0
2011-04,MUN,GO|GOIANIA,glp,130,40.0,39.0,41.0,39.0,42.0
2011-04,MUN,GO|GOIATUBA,glp,11,38.0,37.0,38.0,37.0,38.0
2011-04,MUN,GO|ITUMBIARA,glp,16,43.0,40.5,43.0,40.0,43.0
2011-04,MUN,GO|JATAI,glp,19,40.0,40.0,42.0,40.0,42.0
2011-04,MUN,GO|LUZIANIA,glp,34,40.0,39.0,40.0,39.0,40.0
2011-04,MUN,GO|MINEIROS,glp,18,44.0,43.0,45.0,42.0,45.0
2011-04,MUN,GO|MORRINHOS,glp,16,38.0,37.5,40.0,37.0,40.0
2011-04,MUN,GO|PLANALTINA,glp,21,45.0,45.0,45.0,45.0,45.0
2011-04,MUN,GO|PONTALINA,glp,1,37.0,37.0,37.0,37.0,37.0
2011-04,MUN,GO|PORANGATU,glp,18,45.0,45.0,45.0,45.0,45.0
2011-04,MUN,GO|RIO VERDE,glp,22,42.0,41.0,43.0,41.0,43.0
2011-04,MUN,GO|SENADOR CANEDO,glp,1,41.0,41.0,41.0,41.0,41.0
2011-04,MUN,GO|TRINDADE,glp,34,40.0,39.0,41.0,39.0,41.0
2011-04,MUN,GO|VALPARAISO DE GOIAS,glp,12,43.0,43.0,43.0,40.0,43.0
2011-04,MUN,MA|ACAILANDIA,glp,5,40.0,40.0,42.6,40.0,43.0
2011-04,MUN,MA|BACABAL,glp,4,38.0,37.3,38.0,37.0,38.0
2011-04,MUN,MA|BALSAS,glp,4,40.0,40.0,40.0,40.0,40.0
2011-04,MUN,MA|BARRA DO CORDA,glp,7,45.0,42.0,45.0,42.0,45.0
2011-04,MUN,MA|CAROLINA,glp,3,44.0,44.0,44.0,44.0,44.0
2011-04,MUN,MA|CAXIAS,glp,4,42.0,42.0,42.7,42.0,43.0
2011-04,MUN,MA|CODO,glp,3,41.0,40.2,41.0,40.0,41.0
2011-04,MUN,MA|IMPERATRIZ,glp,46,42.0,40.0,42.0,38.0,43.0
2011-04,MUN,MA|JOAO LISBOA,glp,1,42.0,42.0,42.0,42.0,42.0
2011-04,MUN,MA|PINHEIRO,glp,4,38.5,37.0,40.0,37.0,40.0
2011-04,MUN,MA|PRESIDENTE DUTRA,glp,3,38.0,38.0,38.0,38.0,38.0
2011-04,MUN,MA|SANTA INES,glp,4,40.0,40.0,40.0,40.0,40.0
2011-04,MUN,MA|SAO DOMINGOS DO MARANHAO,glp,2,36.0,36.0,36.0,36.0,36.0
2011-04,MUN,MA|SAO JOAO DOS PATOS,glp,3,40.0,40.0,40.0,40.0,40.0
2011-04,MUN,MA|SAO JOSE DE RIBAMAR,glp,10,39.0,38.0,39.55,38.0,40.0
2011-04,MUN,MA|SAO LUIS,glp,63,39.0,38.0,40.0,35.0,40.0
2011-04,MUN,MA|TIMON,glp,3,39.0,37.4,39.0,37.0,39.0
2011-04,MUN,MG|ALFENAS,glp,15,38.0,33.8,38.0,33.0,40.0
2011-04,MUN,MG|ARAGUARI,glp,16,45.0,43.5,45.0,43.0,45.0
2011-04,MUN,MG|ARAXA,glp,5,42.0,42.0,45.0,42.0,45.0
2011-04,MUN,MG|BARBACENA,glp,18,37.0,34.7,38.0,34.0,38.0
2011-04,MUN,MG|BELO HORIZONTE,glp,126,42.5,40.0,44.5,37.0,46.0
2011-04,MUN,MG|BETIM,glp,41,43.0,40.0,43.0,40.0,44.0
2011-04,MUN,MG|BOM DESPACHO,glp,3,40.0,36.8,40.0,36.0,40.0
2011-04,MUN,MG|CAMPO BELO,glp,8,35.0,35.0,35.0,35.0,35.0
2011-04,MUN,MG|CARATINGA,glp,3,40.0,37.6,40.0,37.0,40.0
2011-04,MUN,MG|CATAGUASES,glp,4,38.0,37.65,38.7,37.5,39.0
2011-04,MUN,MG|CONGONHAS,glp,9,38.0,36.0,39.0,36.0,39.0
2011-04,MUN,MG|CONSELHEIRO LAFAIETE,glp,11,38.0,38.0,40.0,35.0,42.0
2011-04,MUN,MG|CONTAGEM,glp,110,43.0,40.0,44.55,40.0,45.0
2011-04,MUN,MG|CORONEL FABRICIANO,glp,10,42.0,42.0,42.0,42.0,42.0
2011-04,MUN,MG|CURVELO,glp,11,42.0,42.0,43.0,42.0,43.0
2011-04,MUN,MG|DIAMANTINA,glp,6,45.0,44.0,45.0,44.0,45.0
2011-04,MUN,MG|DIVINOPOLIS,glp,18,40.0,40.0,42.0,40.0,42.0
2011-04,MUN,MG|FORMIGA,glp,4,39.5,36.9,40.7,36.0,41.0
2011-04,MUN,MG|FRUTAL,glp,5,38.0,38.0,38.0,38.0,38.0
2011-04,MUN,MG|GOVERNADOR VALADARES,glp,20,39.0,38.9,40.2,38.0,42.0
2011-04,MUN,MG|GUAXUPE,glp,9,38.9,37.5,40.0,35.5,40.0
2011-04,MUN,MG|IBIRITE,glp,11,42.0,40.0,43.0,40.0,43.0
2011-04,MUN,MG|IPATINGA,glp,16,41.0,40.0,41.5,40.0,42.0
2011-04,MUN,MG|ITABIRA,glp,6,43.0,43.0,45.0,43.0,45.0
2011-04,MUN,MG|ITABIRITO,glp,1,39.0,39.0,39.0,39.0,39.0
2011-04,MUN,MG|ITAJUBA,glp,13,39.0,38.0,40.0,37.0,40.0
2011-04,MUN,MG|ITAUNA,glp,15,42.5,40.0,43.0,40.0,44.0
2011-04,MUN,MG|ITUIUTABA,glp,20,42.0,40.0,43.1,37.0,44.0
2011-04,MUN,MG|ITURAMA,glp,1,42.0,42.0,42.0,42.0,42.0
2011-04,MUN,MG|JACUI,glp,1,38.0,38.0,38.0,38.0,38.0
2011-04,MUN,MG|JANAUBA,glp,2,38.0,38.0,38.0,38.0,38.0
2011-04,MUN,MG|JANUARIA,glp,7,43.0,42.0,44.4,42.0,45.0
2011-04,MUN,MG|JOAO MONLEVADE,glp,9,41.0,41.0,42.0,41.0,42.0
2011-04,MUN,MG|JOAO PINHEIRO,glp,12,45.0,45.0,45.0,41.9,46.0
2011-04,MUN,MG|JUIZ DE FORA,glp,61,42.0,38.0,44.0,36.99,47.0
2011-04,MUN,MG|LAVRAS,glp,12,39.5,38.0,41.8,37.0,42.0
2011-04,MUN,MG|LEOPOLDINA,glp,7,40.0,38.8,40.4,37.0,41.0
2011-04,MUN,MG|MANHUACU,glp,5,35.0,34.2,37.6,34.0,38.0
2011-04,MUN,MG|MARIANA,glp,5,40.0,40.0,41.6,40.0,42.0
2011-04,MUN,MG|MONTE CARMELO,glp,15,40.0,40.0,40.0,40.0,40.0
2011-04,MUN,MG|MONTES CLAROS,glp,16,42.0,40.0,43.5,40.0,44.0
2011-04,MUN,MG|MURIAE,glp,5,41.0,39.8,41.6,39.0,42.0
2011-04,MUN,MG|NOVA LIMA,glp,16,43.0,42.0,45.0,41.0,47.4
2011-04,MUN,MG|OLIVEIRA,glp,8,35.0,35.0,35.0,35.0,35.0
2011-04,MUN,MG|OURO PRETO,glp,10,40.0,39.0,41.1,39.0,42.0
2011-04,MUN,MG|PARA DE MINAS,glp,11,41.9,39.5,42.5,39.0,43.0
2011-04,MUN,MG|PARACATU,glp,9,47.0,46.6,48.2,45.0,49.0
2011-04,MUN,MG|PASSOS,glp,20,39.0,37.9,40.0,37.0,40.0
2011-04,MUN,MG|PATOS DE MINAS,glp,18,43.0,42.0,43.0,42.0,45.0
2011-04,MUN,MG|PATROCINIO,glp,10,45.0,44.0,45.0,44.0,45.0
2011-04,MUN,MG|POCOS DE CALDAS,glp,17,35.0,34.996,39.0,34.99,39.0
2011-04,MUN,MG|PONTE NOVA,glp,1,38.0,38.0,38.0,38.0,38.0
2011-04,MUN,MG|POUSO ALEGRE,glp,18,38.0,37.9,39.0,36.5,39.0
2011-04,MUN,MG|RIBEIRAO DAS NEVES,glp,32,42.25,40.0,44.0,38.0,45.0
2011-04,MUN,MG|SABARA,glp,14,42.0,40.15,43.85,40.0,44.0
2011-04,MUN,MG|SANTA LUZIA,glp,34,43.0,41.3,44.0,38.0,44.5
2011-04,MUN,MG|SANTOS DUMONT,glp,6,39.45,38.5,40.0,38.0,40.0
2011-04,MUN,MG|SAO GONCALO DO RIO ABAIXO,glp,1,42.0,42.0,42.0,42.0,42.0
2011-04,MUN,MG|SAO GOTARDO,glp,1,43.0,43.0,43.0,43.0,43.0
2011-04,MUN,MG|SAO JOAO DEL REI,glp,16,39.0,39.0,40.0,39.0,40.0
2011-04,MUN,MG|SAO LOURENCO,glp,3,39.0,39.0,39.8,39.0,40.0
2011-04,MUN,MG|SAO SEBASTIAO DO PARAISO,glp,16,39.0,38.0,39.5,38.0,40.0
2011-04,MUN,MG|SETE LAGOAS,glp,28,40.0,38.0,41.0,38.0,42.0
2011-04,MUN,MG|TEOFILO OTONI,glp,22,36.0,36.0,37.8,35.0,38.0
2011-04,MUN,MG|TIMOTEO,glp,9,40.0,39.8,42.42,39.0,44.1
2011-04,MUN,MG|TRES CORACOES,glp,9,38.0,37.8,38.0,37.0,38.0
2011-04,MUN,MG|UBA,glp,9,38.0,38.0,38.39,38.0,39.95
2011-04,MUN,MG|UBERABA,glp,40,45.0,45.0,45.0,40.0,45.0
2011-04,MUN,MG|UBERLANDIA,glp,77,44.0,42.0,45.0,40.0,45.0
2011-04,MUN,MG|UNAI,glp,14,43.0,43.0,44.0,43.0,44.0
2011-04,MUN,MG|VARGINHA,glp,16,36.5,35.0,38.0,35.0,38.0
2011-04,MUN,MG|VESPASIANO,glp,15,42.0,40.0,43.3,40.0,44.0
2011-04,MUN,MG|VICOSA,glp,3,40.0,38.4,40.8,38.0,41.0
2011-04,MUN,MS|BATAYPORA,glp,2,44.5,44.1,44.9,44.0,45.0
2011-04,MUN,MS|CAMPO GRANDE,glp,410,48.0,45.0,49.0,40.0,50.0
2011-04,MUN,MS|CORUMBA,glp,9,44.0,43.8,44.1,43.0,44.5
2011-04,MUN,MS|COXIM,glp,13,50.0,50.0,50.0,50.0,50.0
2011-04,MUN,MS|DOURADOS,glp,67,46.0,44.0,48.0,40.0,48.0
2011-04,MUN,MS|NOVA ANDRADINA,glp,19,45.0,43.0,45.0,43.0,46.0
2011-04,MUN,MS|PARANAIBA,glp,16,45.0,45.0,45.0,44.0,45.0
2011-04,MUN,MS|PONTA PORA,glp,5,43.0,43.0,45.0,43.0,45.0
2011-04,MUN,MS|SONORA,glp,1,50.0,50.0,50.0,50.0,50.0
2011-04,MUN,MS|TRES LAGOAS,glp,19,40.0,38.0,41.2,34.0,42.0
2011-04,MUN,MT|ALTA FLORESTA,glp,8,50.0,50.0,51.3,50.0,52.0
2011-04,MUN,MT|CACERES,glp,11,42.0,40.0,44.0,39.0,46.5
2011-04,MUN,MT|CUIABA,glp,55,48.0,45.0,49.8,43.0,53.9
2011-04,MUN,MT|NOVA MUTUM,glp,1,48.0,48.0,48.0,48.0,48.0
2011-04,MUN,MT|RONDONOPOLIS,glp,11,48.0,48.0,50.0,46.0,50.0
2011-04,MUN,MT|SINOP,glp,17,48.0,47.6,49.0,45.0,49.0
2011-04,MUN,MT|SORRISO,glp,11,50.0,47.0,51.0,45.0,51.0
2011-04,MUN,MT|VARZEA GRANDE,glp,16,46.0,43.0,47.0,42.0,48.0
2011-04,MUN,PA|ABAETETUBA,glp,6,35.25,34.25,36.75,34.0,37.0
2011-04,MUN,PA|ALENQUER,glp,6,40.0,39.0,40.75,38.0,41.0
2011-04,MUN,PA|ALTAMIRA,glp,11,42.0,40.0,42.0,40.0,44.0
2011-04,MUN,PA|ANANINDEUA,glp,31,40.0,40.0,40.0,39.0,40.0
2011-04,MUN,PA|BELEM,glp,89,40.0,37.0,40.0,35.0,41.0
2011-04,MUN,PA|BRAGANCA,glp,6,42.0,42.0,42.5,42.0,43.0
2011-04,MUN,PA|BREVES,glp,3,41.0,40.2,41.0,40.0,41.0
2011-04,MUN,PA|CAMETA,glp,6,39.95,38.5,43.0,38.0,44.0
2011-04,MUN,PA|CASTANHAL,glp,8,40.0,40.0,40.0,40.0,40.0
2011-04,MUN,PA|CONCEICAO DO ARAGUAIA,glp,9,45.0,44.8,47.8,44.0,49.0
2011-04,MUN,PA|CONCORDIA DO PARA,glp,1,43.5,43.5,43.5,43.5,43.5
2011-04,MUN,PA|ITAITUBA,glp,8,45.0,45.0,46.0,45.0,46.0
2011-04,MUN,PA|MARABA,glp,3,40.0,40.0,40.8,40.0,41.0
2011-04,MUN,PA|MOJUI DOS CAMPOS,glp,1,39.0,39.0,39.0,39.0,39.0
2011-04,MUN,PA|PARAGOMINAS,glp,3,45.0,45.0,45.0,45.0,45.0
2011-04,MUN,PA|PARAUAPEBAS,glp,3,43.0,40.6,43.8,40.0,44.0
2011-04,MUN,PA|REDENCAO,glp,5,45.0,43.8,45.3,43.0,45.5
2011-04,MUN,PA|SANTAREM,glp,26,39.0,37.5,40.0,36.0,40.0
2011-04,MUN,PA|TUCURUI,glp,5,43.0,43.0,43.6,43.0,44.0
2011-04,MUN,PA|XINGUARA,glp,7,44.0,43.0,44.2,43.0,44.5
2011-04,MUN,PB|BAYEUX,glp,12,33.0,33.0,33.9,32.3,35.0
2011-04,MUN,PB|CABEDELO,glp,9,33.0,33.0,34.2,33.0,35.0
2011-04,MUN,PB|CAMPINA GRANDE,glp,44,35.0,34.0,35.0,33.0,38.0
2011-04,MUN,PB|GUARABIRA,glp,1,35.0,35.0,35.0,35.0,35.0
2011-04,MUN,PB|INGA,glp,1,33.0,33.0,33.0,33.0,33.0
2011-04,MUN,PB|ITABAIANA,glp,1,35.0,35.0,35.0,35.0,35.0
2011-04,MUN,PB|JOAO PESSOA,glp,47,33.0,33.0,35.0,31.0,36.0
2011-04,MUN,PB|MAMANGUAPE,glp,4,33.0,33.0,33.63,33.0,33.9
2011-04,MUN,PB|PATOS,glp,7,33.0,33.0,34.4,33.0,35.0
2011-04,MUN,PB|SANTA RITA,glp,9,33.0,33.0,34.2,33.0,35.0
2011-04,MUN,PB|SAPE,glp,3,34.0,34.0,34.8,34.0,35.0
2011-04,MUN,PB|SOUSA,glp,6,33.75,32.75,35.75,32.5,37.0
2011-04,MUN,PE|ABREU E LIMA,glp,9,33.0,32.9,33.6,32.5,36.0
2011-04,MUN,PE|AFOGADOS DA INGAZEIRA,glp,4,38.0,36.6,38.0,36.0,38.0
2011-04,MUN,PE|AGUAS BELAS,glp,1,36.0,36.0,36.0,36.0,36.0
2011-04,MUN,PE|ALIANCA,glp,1,33.0,33.0,33.0,33.0,33.0
2011-04,MUN,PE|ARARIPINA,glp,5,36.0,35.0,36.0,35.0,36.0
2011-04,MUN,PE|ARCOVERDE,glp,6,36.0,36.0,36.5,36.0,37.0
2011-04,MUN,PE|BELO JARDIM,glp,6,35.0,35.0,35.0,35.0,35.0
2011-04,MUN,PE|BEZERROS,glp,1,35.0,35.0,35.0,35.0,35.0
2011-04,MUN,PE|BOM CONSELHO,glp,4,35.0,35.0,35.0,35.0,35.0
2011-04,MUN,PE|CABO DE SANTO AGOSTINHO,glp,18,33.0,31.997,34.15,30.0,36.0
2011-04,MUN,PE|CACHOEIRINHA,glp,1,35.0,35.0,35.0,35.0,35.0
2011-04,MUN,PE|CAMARAGIBE,glp,15,34.0,33.0,35.0,33.0,39.0
2011-04,MUN,PE|CARUARU,glp,31,33.0,32.0,34.0,30.0,35.0
2011-04,MUN,PE|GARANHUNS,glp,7,35.0,35.0,35.0,35.0,35.0
2011-04,MUN,PE|GOIANA,glp,4,32.0,31.3,34.1,31.0,35.0
2011-04,MUN,PE|GRAVATA,glp,7,35.0,30.0,38.0,30.0,38.0
2011-04,MUN,PE|IGARASSU,glp,16,33.0,33.0,34.75,32.0,36.0
2011-04,MUN,PE|JABOATAO DOS GUARARAPES,glp,49,35.0,34.8,38.0,32.0,38.0
2011-04,MUN,PE|LAJEDO,glp,6,35.0,35.0,35.1,35.0,35.2
2011-04,MUN,PE|LIMOEIRO,glp,1,35.0,35.0,35.0,35.0,35.0
2011-04,MUN,PE|MORENO,glp,1,35.0,35.0,35.0,35.0,35.0
2011-04,MUN,PE|OLINDA,glp,34,33.0,30.0,35.0,30.0,35.0
2011-04,MUN,PE|PAULISTA,glp,8,33.0,33.0,35.0,33.0,35.0
2011-04,MUN,PE|PETROLINA,glp,15,35.0,33.0,35.0,32.0,38.0
2011-04,MUN,PE|RECIFE,glp,109,34.0,33.0,35.45,30.0,40.0
2011-04,MUN,PE|SALGUEIRO,glp,5,39.0,38.4,40.0,38.0,40.0
2011-04,MUN,PE|SANTA CRUZ DO CAPIBARIBE,glp,6,35.0,35.0,35.25,35.0,35.5
2011-04,MUN,PE|SAO BENTO DO UNA,glp,6,35.0,35.0,35.0,35.0,35.0
2011-04,MUN,PE|SAO LOURENCO DA MATA,glp,13,33.0,32.53,34.998,32.495,35.0
2011-04,MUN,PE|SERRA TALHADA,glp,5,38.0,38.0,38.0,38.0,38.0
2011-04,MUN,PE|VITORIA DE SANTO ANTAO,glp,13,35.0,35.0,35.0,34.0,35.0
2011-04,MUN,PI|BARRAS,glp,2,39.0,39.0,39.0,39.0,39.0
2011-04,MUN,PI|CAMPO MAIOR,glp,5,41.0,41.0,41.0,41.0,41.0
2011-04,MUN,PI|OEIRAS,glp,5,40.0,39.0,40.0,39.0,40.0
2011-04,MUN,PI|PARNAIBA,glp,2,37.0,35.4,38.6,35.0,39.0
2011-04,MUN,PI|PICOS,glp,2,35.5,35.1,35.9,35.0,36.0
2011-04,MUN,PI|PIRIPIRI,glp,4,39.0,39.0,39.35,39.0,39.5
2011-04,MUN,PI|TERESINA,glp,58,35.0,35.0,37.0,31.99,37.0
2011-04,MUN,PR|ALMIRANTE TAMANDARE,glp,11,37.0,37.0,38.5,36.8,40.0
2011-04,MUN,PR|APUCARANA,glp,18,40.0,38.7,40.0,38.0,40.0
2011-04,MUN,PR|ARAPONGAS,glp,18,40.0,38.0,40.0,38.0,40.0
2011-04,MUN,PR|ARAUCARIA,glp,13,36.0,35.0,37.8,35.0,38.0
2011-04,MUN,PR|ASSIS CHATEAUBRIAND,glp,4,35.0,35.0,35.63,35.0,35.9
2011-04,MUN,PR|CAMBE,glp,31,40.0,39.0,41.0,39.0,42.0
2011-04,MUN,PR|CAMPO LARGO,glp,18,35.0,34.997,36.0,33.9,37.0
2011-04,MUN,PR|CAMPO MOURAO,glp,11,41.0,39.0,43.9,39.0,45.0
2011-04,MUN,PR|CASCAVEL,glp,70,40.5,40.0,42.0,39.5,42.0
2011-04,MUN,PR|CASTRO,glp,9,40.0,39.8,40.0,39.0,40.0
2011-04,MUN,PR|CIANORTE,glp,14,39.0,37.965,40.0,35.0,42.0
2011-04,MUN,PR|COLOMBO,glp,26,36.0,35.0,37.7,34.0,38.0
2011-04,MUN,PR|CORNELIO PROCOPIO,glp,6,40.0,40.0,40.0,40.0,40.0
2011-04,MUN,PR|CURITIBA,glp,120,36.0,35.0,37.0,32.0,41.0
2011-04,MUN,PR|FOZ DO IGUACU,glp,57,44.0,44.0,45.5,40.0,47.0
2011-04,MUN,PR|FRANCISCO BELTRAO,glp,7,35.0,31.5,37.0,30.9,40.0
2011-04,MUN,PR|GUAIRA,glp,1,40.0,40.0,40.0,40.0,40.0
2011-04,MUN,PR|GUARAPUAVA,glp,14,34.25,33.0,35.0,33.0,38.0
2011-04,MUN,PR|IBIPORA,glp,1,41.0,41.0,41.0,41.0,41.0
2011-04,MUN,PR|LARANJEIRAS DO SUL,glp,9,40.5,39.0,42.2,39.0,43.0
2011-04,MUN,PR|LONDRINA,glp,105,40.0,40.0,41.0,35.0,41.1
2011-04,MUN,PR|MARECHAL CANDIDO RONDON,glp,8,44.5,41.4,46.0,40.0,46.0
2011-04,MUN,PR|MARINGA,glp,40,43.0,40.0,45.0,40.0,47.0
2011-04,MUN,PR|MEDIANEIRA,glp,1,44.0,44.0,44.0,44.0,44.0
2011-04,MUN,PR|PARANAGUA,glp,25,38.0,36.0,40.0,35.0,40.0
2011-04,MUN,PR|PARANAVAI,glp,13,41.0,40.0,42.0,40.0,42.0
2011-04,MUN,PR|PATO BRANCO,glp,13,40.0,40.0,40.0,40.0,40.0
2011-04,MUN,PR|PINHAIS,glp,16,36.0,35.0,37.0,35.0,38.0
2011-04,MUN,PR|PONTA GROSSA,glp,33,37.0,36.0,37.0,35.0,38.0
2011-04,MUN,PR|SANTO ANTONIO DA PLATINA,glp,16,40.0,40.0,40.0,40.0,40.0
2011-04,MUN,PR|SAO JOSE DOS PINHAIS,glp,18,37.0,36.0,38.0,35.0,40.0
2011-04,MUN,PR|TERRA BOA,glp,1,38.0,38.0,38.0,38.0,38.0
2011-04,MUN,PR|TOLEDO,glp,24,38.0,35.0,42.1,33.0,45.0
2011-04,MUN,PR|UMUARAMA,glp,15,37.0,36.0,37.6,36.0,38.0
2011-04,MUN,PR|UNIAO DA VITORIA,glp,4,39.5,39.0,40.0,39.0,40.0
2011-04,MUN,RJ|ANGRA DOS REIS,glp,5,41.0,40.0,42.0,40.0,42.0
2011-04,MUN,RJ|ARARUAMA,glp,6,37.0,37.0,38.49,37.0,38.99
2011-04,MUN,RJ|ARMACAO DOS BUZIOS,glp,1,36.0,36.0,36.0,36.0,36.0
2011-04,MUN,RJ|BARRA DO PIRAI,glp,4,37.0,37.0,37.0,37.0,37.0
2011-04,MUN,RJ|BARRA MANSA,glp,15,39.0,37.0,40.0,36.0,40.0
2011-04,MUN,RJ|BELFORD ROXO,glp,11,38.0,35.0,40.0,34.99,42.0
2011-04,MUN,RJ|CABO FRIO,glp,4,34.0,34.0,34.35,34.0,34.5
2011-04,MUN,RJ|CAMPOS DOS GOYTACAZES,glp,20,40.0,40.0,40.002,38.0,42.0
2011-04,MUN,RJ|DUQUE DE CAXIAS,glp,56,39.5,35.75,41.0,32.5,42.0
2011-04,MUN,RJ|ITABORAI,glp,5,38.0,38.0,38.6,38.0,39.0
2011-04,MUN,RJ|ITAGUAI,glp,4,37.2,35.57,37.78,35.0,37.9
2011-04,MUN,RJ|ITAPERUNA,glp,4,35.75,34.45,36.35,34.0,36.5
2011-04,MUN,RJ|MACAE,glp,4,41.5,40.0,43.0,40.0,43.0
2011-04,MUN,RJ|MAGE,glp,3,39.0,38.2,39.8,38.0,40.0
2011-04,MUN,RJ|MANGARATIBA,glp,1,37.9,37.9,37.9,37.9,37.9
2011-04,MUN,RJ|MARICA,glp,3,37.0,37.0,37.8,37.0,38.0
2011-04,MUN,RJ|NILOPOLIS,glp,7,40.0,36.19,40.0,34.99,40.0
2011-04,MUN,RJ|NITEROI,glp,14,38.0,38.0,40.0,38.0,42.0
2011-04,MUN,RJ|NOVA FRIBURGO,glp,6,38.0,38.0,39.5,38.0,40.0
2011-04,MUN,RJ|NOVA IGUACU,glp,22,37.0,35.99,39.9,34.99,40.0
2011-04,MUN,RJ|PARAIBA DO SUL,glp,3,38.0,35.592,38.0,34.99,38.0
2011-04,MUN,RJ|PARATY,glp,2,38.0,38.0,38.0,38.0,38.0
2011-04,MUN,RJ|PETROPOLIS,glp,7,40.0,39.54,41.34,39.0,42.0
2011-04,MUN,RJ|RESENDE,glp,6,38.0,38.0,38.5,38.0,39.0
2011-04,MUN,RJ|RIO BONITO,glp,2,38.5,38.1,38.9,38.0,39.0
2011-04,MUN,RJ|RIO DAS OSTRAS,glp,1,40.0,40.0,40.0,40.0,40.0
2011-04,MUN,RJ|RIO DE JANEIRO,glp,96,36.945,34.0,40.0,30.0,42.0
2011-04,MUN,RJ|SANTO ANTONIO DE PADUA,glp,1,32.0,32.0,32.0,32.0,32.0
2011-04,MUN,RJ|SAO FRANCISCO DE ITABAPOANA,glp,2,40.0,40.0,40.0,40.0,40.0
2011-04,MUN,RJ|SAO GONCALO,glp,32,38.0,36.0,40.0,33.0,42.0
2011-04,MUN,RJ|SAO JOAO DE MERITI,glp,9,38.0,37.9,40.0,37.5,40.0
2011-04,MUN,RJ|SAPUCAIA,glp,2,40.0,40.0,40.0,40.0,40.0
2011-04,MUN,RJ|SAQUAREMA,glp,5,34.99,33.994,35.0,33.99,35.0
2011-04,MUN,RJ|TERESOPOLIS,glp,7,39.0,38.6,40.0,38.0,40.0
2011-04,MUN,RJ|TRES RIOS,glp,3,38.0,38.0,38.0,38.0,38.0
2011-04,MUN,RJ|VALENCA,glp,6,39.0,38.0,39.0,38.0,39.0
2011-04,MUN,RJ|VASSOURAS,glp,2,38.0,38.0,38.0,38.0,38.0
2011-04,MUN,RJ|VOLTA REDONDA,glp,7,37.0,37.0,38.0,37.0,38.0
2011-04,MUN,RN|CAICARA DO NORTE,glp,1,40.0,40.0,40.0,40.0,40.0
2011-04,MUN,RN|CAICO,glp,5,35.0,34.4,37.2,34.0,38.0
2011-04,MUN,RN|CURRAIS NOVOS,glp,4,34.5,34.0,35.0,34.0,35.0
2011-04,MUN,RN|MOSSORO,glp,5,35.0,35.0,35.5,35.0,35.5
2011-04,MUN,RN|NATAL,glp,75,40.0,38.0,40.0,38.0,41.5
2011-04,MUN,RN|PARNAMIRIM,glp,19,37.0,35.9,39.0,35.0,39.5
2011-04,MUN,RN|SAO JOSE DE MIPIBU,glp,3,40.0,40.0,40.0,40.0,40.0
2011-04,MUN,RN|SERRA DO MEL,glp,1,40.0,40.0,40.0,40.0,40.0
2011-04,MUN,RO|ARIQUEMES,glp,7,42.0,42.0,42.0,42.0,42.0
2011-04,MUN,RO|CACOAL,glp,8,42.5,42.0,43.0,42.0,43.0
2011-04,MUN,RO|GUAJARA-MIRIM,glp,7,43.0,42.0,43.0,42.0,43.0
2011-04,MUN,RO|JI-PARANA,glp,14,38.0,37.0,39.0,37.0,39.0
2011-04,MUN,RO|PIMENTA BUENO,glp,4,43.0,42.0,44.0,42.0,44.0
2011-04,MUN,RO|PORTO VELHO,glp,66,38.5,38.0,40.0,37.0,40.0
2011-04,MUN,RO|SAO MIGUEL DO GUAPORE,glp,3,45.0,45.0,45.0,45.0,45.0
2011-04,MUN,RO|VILHENA,glp,8,42.5,42.0,43.0,42.0,43.0
2011-04,MUN,RR|BOA VISTA,glp,38,41.75,41.0,42.0,40.0,43.0
2011-04,MUN,RR|CANTA,glp,2,39.5,39.1,39.9,39.0,40.0
2011-04,MUN,RR|CARACARAI,glp,2,45.5,45.1,45.9,45.0,46.0
2011-04,MUN,RR|MUCAJAI,glp,1,42.0,42.0,42.0,42.0,42.0
2011-04,MUN,RR|RORAINOPOLIS,glp,3,44.0,44.0,44.8,44.0,45.0
2011-04,MUN,RS|ALEGRETE,glp,12,36.0,35.0,38.0,34.9,39.0
2011-04,MUN,RS|ALVORADA,glp,13,39.5,38.0,40.0,35.5,40.0
2011-04,MUN,RS|BAGE,glp,32,38.0,38.0,39.9,37.5,42.0
2011-04,MUN,RS|BENTO GONCALVES,glp,11,40.5,39.5,41.0,39.0,41.5
2011-04,MUN,RS|CACAPAVA DO SUL,glp,17,42.5,39.9,43.0,38.0,43.0
2011-04,MUN,RS|CACHOEIRA DO SUL,glp,19,38.0,34.0,40.0,34.0,44.0
2011-04,MUN,RS|CACHOEIRINHA,glp,10,39.0,38.0,40.1,38.0,41.0
2011-04,MUN,RS|CANOAS,glp,27,38.5,35.6,40.2,35.0,42.0
2011-04,MUN,RS|CAXIAS DO SUL,glp,80,40.0,39.0,42.0,35.0,45.0
2011-04,MUN,RS|CHUI,glp,4,32.0,31.0,34.4,31.0,35.0
2011-04,MUN,RS|CRUZ ALTA,glp,7,36.0,34.0,38.2,34.0,40.0
2011-04,MUN,RS|DAVID CANABARRO,glp,1,42.0,42.0,42.0,42.0,42.0
2011-04,MUN,RS|ERECHIM,glp,24,45.0,44.0,46.0,43.0,46.0
2011-04,MUN,RS|ESTEIO,glp,11,39.0,38.0,40.0,38.0,42.0
2011-04,MUN,RS|GRAMADO,glp,8,39.5,38.35,40.8,38.0,41.5
2011-04,MUN,RS|GRAVATAI,glp,28,39.0,38.0,40.0,37.0,41.0
2011-04,MUN,RS|GUAIBA,glp,14,39.95,39.27,40.0,39.0,40.0
2011-04,MUN,RS|IJUI,glp,5,40.0,39.4,41.6,39.0,42.0
2011-04,MUN,RS|JAGUARAO,glp,9,34.0,33.0,35.1,33.0,35.5
2011-04,MUN,RS|LAJEADO,glp,12,40.0,40.0,40.0,40.0,40.0
2011-04,MUN,RS|NOVO HAMBURGO,glp,22,38.0,36.55,38.5,35.5,40.0
2011-04,MUN,RS|OSORIO,glp,9,40.0,40.0,40.0,40.0,40.0
2011-04,MUN,RS|PALMEIRA DAS MISSOES,glp,6,40.0,39.5,42.7,39.0,43.5
2011-04,MUN,RS|PASSO FUNDO,glp,72,40.0,36.55,42.0,32.0,45.0
2011-04,MUN,RS|PELOTAS,glp,38,36.0,34.0,37.15,32.5,38.0
2011-04,MUN,RS|PINTO BANDEIRA,glp,1,41.0,41.0,41.0,41.0,41.0
2011-04,MUN,RS|PORTAO,glp,1,40.0,40.0,40.0,40.0,40.0
2011-04,MUN,RS|PORTO ALEGRE,glp,60,38.9,37.0,40.0,35.0,40.0
2011-04,MUN,RS|RIO GRANDE,glp,67,35.0,35.0,36.0,32.0,38.0
2011-04,MUN,RS|SANTA CRUZ DO SUL,glp,21,39.0,37.0,40.0,37.0,45.0
2011-04,MUN,RS|SANTA MARIA,glp,90,38.0,36.45,41.0,35.0,43.0
2011-04,MUN,RS|SANTA ROSA,glp,11,38.0,37.0,38.0,37.0,39.0
2011-04,MUN,RS|SANTA VITORIA DO PALMAR,glp,9,36.0,36.0,38.0,36.0,38.0
2011-04,MUN,RS|SANTANA DO LIVRAMENTO,glp,19,34.0,33.9,34.0,33.9,34.0
2011-04,MUN,RS|SANTO ANGELO,glp,13,40.0,40.0,42.6,38.0,44.0
2011-04,MUN,RS|SAO BORJA,glp,9,40.0,35.0,40.0,35.0,40.0
2011-04,MUN,RS|SAO GABRIEL,glp,16,40.0,37.5,43.0,37.0,44.0
2011-04,MUN,RS|SAO LEOPOLDO,glp,19,38.0,37.5,39.2,35.0,40.0
2011-04,MUN,RS|SAO LUIZ GONZAGA,glp,5,43.0,41.94,43.6,41.9,44.0
2011-04,MUN,RS|SAPIRANGA,glp,12,40.0,38.09,42.0,38.0,42.0
2011-04,MUN,RS|SAPUCAIA DO SUL,glp,23,40.0,38.0,40.0,35.0,42.0
2011-04,MUN,RS|TORRES,glp,8,41.0,39.985,42.65,39.95,43.0
2011-04,MUN,RS|TRAMANDAI,glp,11,40.0,38.0,40.0,38.0,40.0
2011-04,MUN,RS|URUGUAIANA,glp,20,40.0,37.9,40.0,35.0,40.0
2011-04,MUN,RS|VACARIA,glp,8,40.0,39.97,41.15,39.9,41.5
2011-04,MUN,RS|VIAMAO,glp,21,40.0,37.0,42.0,35.0,42.0
2011-04,MUN,SC|ARARANGUA,glp,4,38.0,36.25,39.4,35.5,40.0
2011-04,MUN,SC|BALNEARIO CAMBORIU,glp,1,40.0,40.0,40.0,40.0,40.0
2011-04,MUN,SC|BIGUACU,glp,3,46.0,46.0,46.8,46.0,47.0
2011-04,MUN,SC|BLUMENAU,glp,22,39.0,38.0,40.0,37.0,41.0
2011-04,MUN,SC|BRUSQUE,glp,5,42.0,40.58,45.1,40.0,46.5
2011-04,MUN,SC|CACADOR,glp,3,40.0,39.2,40.8,39.0,41.0
2011-04,MUN,SC|CHAPECO,glp,18,39.0,39.0,40.0,38.0,41.0
2011-04,MUN,SC|CONCORDIA,glp,5,40.0,39.94,41.6,39.9,42.0
2011-04,MUN,SC|CRICIUMA,glp,9,39.0,37.8,40.2,37.0,41.0
2011-04,MUN,SC|FLORIANOPOLIS,glp,84,43.0,42.0,45.0,40.0,47.0
2011-04,MUN,SC|GASPAR,glp,1,39.0,39.0,39.0,39.0,39.0
2011-04,MUN,SC|ITAJAI,glp,22,39.0,38.0,40.0,38.0,40.0
2011-04,MUN,SC|JARAGUA DO SUL,glp,5,39.0,38.2,40.5,38.0,41.5
2011-04,MUN,SC|JOINVILLE,glp,28,40.0,39.0,41.3,38.5,43.0
2011-04,MUN,SC|LAGES,glp,6,40.0,40.0,40.0,40.0,40.0
2011-04,MUN,SC|LAGUNA,glp,4,39.95,39.27,42.1,39.0,43.0
2011-04,MUN,SC|MAFRA,glp,4,40.0,39.3,40.7,39.0,41.0
2011-04,MUN,SC|PALHOCA,glp,10,44.0,42.9,45.0,42.0,45.0
2011-04,MUN,SC|SAO JOSE,glp,14,44.0,42.3,45.0,42.0,46.0
2011-04,MUN,SC|SAO MIGUEL DO OESTE,glp,3,37.0,35.4,38.6,35.0,39.0
2011-04,MUN,SC|TUBARAO,glp,8,40.0,38.7,40.3,38.0,41.0
2011-04,MUN,SC|VIDEIRA,glp,5,40.0,38.76,41.6,38.0,42.0
2011-04,MUN,SC|XANXERE,glp,6,40.0,39.0,40.0,38.0,40.0
2011-04,MUN,SE|ARACAJU,glp,16,34.5,32.5,35.0,32.0,35.0
2011-04,MUN,SE|ITABAIANA,glp,4,38.0,38.0,38.0,38.0,38.0
2011-04,MUN,SE|ITABAIANINHA,glp,3,33.0,32.2,33.8,32.0,34.0
2011-04,MUN,SE|LAGARTO,glp,4,35.0,34.93,35.7,34.9,36.0
2011-04,MUN,SE|NOSSA SENHORA DO SOCORRO,glp,10,35.0,34.9,35.0,34.0,35.0
2011-04,MUN,SE|SIMAO DIAS,glp,4,35.0,33.6,35.0,33.0,35.0
2011-04,MUN,SE|TOBIAS BARRETO,glp,4,35.0,34.3,35.0,34.0,35.0
2011-04,MUN,SP|ADAMANTINA,glp,12,38.0,37.1,38.0,35.0,38.0
2011-04,MUN,SP|AMERICANA,glp,22,41.0,40.0,42.0,37.99,42.0
2011-04,MUN,SP|AMPARO,glp,7,39.0,37.6,40.72,37.0,41.8
2011-04,MUN,SP|APIAI,glp,2,39.0,39.0,39.0,39.0,39.0
2011-04,MUN,SP|ARACATUBA,glp,45,38.0,35.0,38.15,34.0,40.0
2011-04,MUN,SP|ARARAQUARA,glp,16,39.0,38.0,40.0,34.99,40.0
2011-04,MUN,SP|ARARAS,glp,4,34.9,34.9,35.6,34.9,35.9
2011-04,MUN,SP|ASSIS,glp,18,40.0,38.0,40.0,38.0,40.0
2011-04,MUN,SP|ATIBAIA,glp,25,38.0,35.4,38.8,33.0,39.0
2011-04,MUN,SP|AVARE,glp,14,40.0,40.0,42.0,38.0,42.0
2011-04,MUN,SP|BARRETOS,glp,19,37.0,35.0,38.0,33.0,38.0
2011-04,MUN,SP|BARUERI,glp,36,37.998,34.495,40.0,33.99,40.0
2011-04,MUN,SP|BAURU,glp,68,38.0,36.85,40.0,34.0,41.0
2011-04,MUN,SP|BEBEDOURO,glp,22,38.0,37.0,40.0,35.0,42.0
2011-04,MUN,SP|BIRIGUI,glp,24,37.75,35.3,38.0,34.0,38.0
2011-04,MUN,SP|BOTUCATU,glp,15,43.0,41.2,43.0,41.0,43.0
2011-04,MUN,SP|BRAGANCA PAULISTA,glp,22,37.0,35.099,38.0,34.0,38.0
2011-04,MUN,SP|CACAPAVA,glp,22,36.5,32.0,38.0,32.0,38.0
2011-04,MUN,SP|CAMPINAS,glp,80,37.5,34.95,39.95,31.5,40.0
2011-04,MUN,SP|CAMPOS DO JORDAO,glp,9,37.0,36.3,37.2,33.5,38.0
2011-04,MUN,SP|CAPAO BONITO,glp,4,36.0,36.0,36.0,36.0,36.0
2011-04,MUN,SP|CARAGUATATUBA,glp,11,40.0,40.0,40.0,39.0,42.0
2011-04,MUN,SP|CARAPICUIBA,glp,29,34.5,33.99,38.958,33.99,39.0
2011-04,MUN,SP|CATANDUVA,glp,16,37.25,35.5,39.5,35.0,40.0
2011-04,MUN,SP|COSMOPOLIS,glp,11,37.0,35.0,38.0,35.0,38.0
2011-04,MUN,SP|COTIA,glp,11,37.0,35.0,41.0,35.0,41.0
2011-04,MUN,SP|CRUZEIRO,glp,13,37.0,35.2,37.0,34.0,37.0
2011-04,MUN,SP|CUBATAO,glp,7,37.0,36.0,38.0,36.0,38.0
2011-04,MUN,SP|DIADEMA,glp,38,35.0,33.0,38.0,29.9,38.7
2011-04,MUN,SP|DRACENA,glp,9,45.0,44.4,45.0,42.0,45.0
2011-04,MUN,SP|EMBU DAS ARTES,glp,4,37.5,35.6,38.0,35.0,38.0
2011-04,MUN,SP|FERRAZ DE VASCONCELOS,glp,11,38.0,38.0,40.0,36.0,40.0
2011-04,MUN,SP|FRANCA,glp,39,39.0,37.98,40.0,35.0,40.0
2011-04,MUN,SP|FRANCISCO MORATO,glp,19,37.0,35.8,37.0,33.0,38.0
2011-04,MUN,SP|FRANCO DA ROCHA,glp,6,37.0,35.0,39.0,35.0,40.0
2011-04,MUN,SP|GARCA,glp,11,40.0,38.0,40.0,37.5,40.0
2011-04,MUN,SP|GUARATINGUETA,glp,13,30.0,30.0,38.0,29.95,40.0
2011-04,MUN,SP|GUARUJA,glp,10,38.6,38.0,40.64,38.0,41.0
2011-04,MUN,SP|GUARULHOS,glp,60,38.0,35.0,40.0,33.99,41.0
2011-04,MUN,SP|HORTOLANDIA,glp,24,37.0,36.0,39.7,35.0,42.0
2011-04,MUN,SP|IBITINGA,glp,10,39.25,38.0,40.4,38.0,44.0
2011-04,MUN,SP|INDAIATUBA,glp,23,42.0,40.0,42.0,40.0,43.0
2011-04,MUN,SP|ITANHAEM,glp,13,37.0,35.2,38.0,35.0,38.0
2011-04,MUN,SP|ITAPECERICA DA SERRA,glp,6,40.0,36.995,40.0,35.99,40.0
2011-04,MUN,SP|ITAPETININGA,glp,16,35.0,34.45,37.0,33.0,40.0
2011-04,MUN,SP|ITAPEVA,glp,5,38.0,38.0,39.0,38.0,39.0
2011-04,MUN,SP|ITAPEVI,glp,8,35.0,33.99,37.993,33.99,38.0
2011-04,MUN,SP|ITAPIRA,glp,6,35.0,35.0,35.0,35.0,35.0
2011-04,MUN,SP|ITAPOLIS,glp,16,38.5,38.0,40.0,35.5,40.0
2011-04,MUN,SP|ITAQUAQUECETUBA,glp,23,38.0,36.189,40.0,35.0,40.0
2011-04,MUN,SP|ITATIBA,glp,12,37.0,36.0,37.95,30.9,38.0
2011-04,MUN,SP|ITU,glp,11,37.0,34.0,37.0,33.0,38.0
2011-04,MUN,SP|JABOTICABAL,glp,21,38.0,36.5,40.0,34.0,42.0
2011-04,MUN,SP|JACAREI,glp,22,35.0,34.0,37.9,33.5,39.75
2011-04,MUN,SP|JALES,glp,9,38.0,38.0,40.0,38.0,40.0
2011-04,MUN,SP|JANDIRA,glp,18,35.5,33.696,38.0,33.0,39.0
2011-04,MUN,SP|JAU,glp,13,38.0,35.0,38.0,35.0,40.0
2011-04,MUN,SP|JOSE BONIFACIO,glp,17,37.0,37.0,39.2,35.0,39.9
2011-04,MUN,SP|JUNDIAI,glp,16,37.0,37.0,39.0,37.0,40.0
2011-04,MUN,SP|LEME,glp,22,35.7,34.09,36.9,33.0,37.9
2011-04,MUN,SP|LIMEIRA,glp,20,36.0,35.0,38.199,33.99,39.99
2011-04,MUN,SP|LINS,glp,23,35.0,32.1,36.4,30.0,38.0
2011-04,MUN,SP|LORENA,glp,14,35.0,33.0,38.7,33.0,39.0
2011-04,MUN,SP|MARILIA,glp,24,40.0,38.3,40.0,38.0,42.0
2011-04,MUN,SP|MATAO,glp,19,40.0,38.76,41.1,38.0,43.0
2011-04,MUN,SP|MAUA,glp,40,41.0,37.089,42.0,30.99,45.0
2011-04,MUN,SP|MIRASSOL,glp,13,36.0,35.0,37.792,35.0,38.0
2011-04,MUN,SP|MOCOCA,glp,13,42.0,40.4,42.0,39.0,42.0
2011-04,MUN,SP|MOGI DAS CRUZES,glp,52,38.0,37.0,40.0,35.0,41.0
2011-04,MUN,SP|MOGI GUACU,glp,17,38.0,37.0,38.4,37.0,39.0
2011-04,MUN,SP|MOGI MIRIM,glp,11,36.0,35.0,36.0,34.0,37.0
2011-04,MUN,SP|MONTE ALTO,glp,12,41.0,38.2,42.9,35.0,43.0
2011-04,MUN,SP|OLIMPIA,glp,12,34.0,33.0,35.0,33.0,35.0
2011-04,MUN,SP|OSASCO,glp,80,35.945,33.99,40.0,32.99,42.0
2011-04,MUN,SP|OURINHOS,glp,24,38.0,35.0,39.0,35.0,39.0
2011-04,MUN,SP|PARAGUACU PAULISTA,glp,14,42.0,40.6,42.0,40.0,42.0
2011-04,MUN,SP|PAULICEIA,glp,1,37.0,37.0,37.0,37.0,37.0
2011-04,MUN,SP|PAULINIA,glp,20,34.0,31.0,35.0,31.0,37.0
2011-04,MUN,SP|PINDAMONHANGABA,glp,19,37.0,34.98,38.0,34.9,39.0
2011-04,MUN,SP|PIRACICABA,glp,31,38.0,37.0,40.0,35.0,40.0
2011-04,MUN,SP|PIRASSUNUNGA,glp,11,35.5,34.9,38.0,34.9,38.0
2011-04,MUN,SP|POA,glp,11,38.0,36.0,40.0,32.0,40.0
2011-04,MUN,SP|PORTO FERREIRA,glp,11,34.0,34.0,35.0,30.0,36.0
2011-04,MUN,SP|PRAIA GRANDE,glp,22,38.0,35.091,40.9,33.99,45.0
2011-04,MUN,SP|PRESIDENTE PRUDENTE,glp,61,39.0,37.0,40.0,36.0,43.9
2011-04,MUN,SP|PRESIDENTE VENCESLAU,glp,12,36.25,35.0,37.0,35.0,37.0
2011-04,MUN,SP|RIBEIRAO PIRES,glp,13,39.0,37.92,40.0,37.9,42.5
2011-04,MUN,SP|RIBEIRAO PRETO,glp,112,42.0,42.0,42.0,39.0,43.0
2011-04,MUN,SP|RIO CLARO,glp,8,35.0,35.0,35.0,35.0,35.0
2011-04,MUN,SP|SALTO,glp,16,38.0,34.5,39.95,34.0,40.0
2011-04,MUN,SP|SANTA BARBARA D'OESTE,glp,26,41.0,40.0,42.0,38.0,42.0
2011-04,MUN,SP|SANTA CRUZ DO RIO PARDO,glp,13,37.0,36.0,37.0,35.0,38.0
2011-04,MUN,SP|SANTO ANDRE,glp,55,39.99,35.99,41.9,34.99,42.9
2011-04,MUN,SP|SANTOS,glp,40,37.0,34.45,40.1,33.0,43.0
2011-04,MUN,SP|SAO BERNARDO DO CAMPO,glp,54,39.5,36.0,41.97,34.0,43.0
2011-04,MUN,SP|SAO CAETANO DO SUL,glp,7,40.0,39.0,43.14,39.0,45.0
2011-04,MUN,SP|SAO CARLOS,glp,17,37.9,36.9,39.94,35.9,41.0
2011-04,MUN,SP|SAO JOAO DA BOA VISTA,glp,11,38.0,38.0,38.0,38.0,38.0
2011-04,MUN,SP|SAO JOAQUIM DA BARRA,glp,12,40.0,40.0,40.9,40.0,42.0
2011-04,MUN,SP|SAO JOSE DO RIO PRETO,glp,87,38.0,35.0,40.0,33.0,43.0
2011-04,MUN,SP|SAO JOSE DOS CAMPOS,glp,66,36.0,35.0,38.0,32.99,39.0
2011-04,MUN,SP|SAO PAULO,glp,263,38.0,34.176,40.16,33.99,42.0
2011-04,MUN,SP|SAO ROQUE,glp,13,36.0,33.992,37.8,33.0,38.9
2011-04,MUN,SP|SAO VICENTE,glp,47,37.0,35.0,38.4,33.99,42.0
2011-04,MUN,SP|SERTAOZINHO,glp,27,38.0,34.0,38.0,33.57,39.5
2011-04,MUN,SP|SOROCABA,glp,28,38.0,36.0,39.93,35.0,40.0
2011-04,MUN,SP|SUMARE,glp,21,37.0,32.0,40.0,30.0,40.0
2011-04,MUN,SP|SUZANO,glp,33,40.0,38.0,40.0,33.99,41.0
2011-04,MUN,SP|TABOAO DA SERRA,glp,6,34.5,33.995,39.9,33.99,39.9
2011-04,MUN,SP|TATUI,glp,9,40.0,37.8,40.6,37.0,43.0
2011-04,MUN,SP|TAUBATE,glp,37,37.0,35.0,39.0,34.0,42.0
2011-04,MUN,SP|TUPA,glp,12,35.0,32.0,36.0,32.0,38.0
2011-04,MUN,SP|UBATUBA,glp,11,38.0,35.0,40.0,34.99,40.0
2011-04,MUN,SP|VALINHOS,glp,11,38.0,38.0,40.0,37.5,40.0
2011-04,MUN,SP|VARZEA PAULISTA,glp,11,35.0,35.0,38.0,35.0,38.0
2011-04,MUN,SP|VINHEDO,glp,5,40.0,39.4,40.8,39.0,41.0
2011-04,MUN,SP|VOTORANTIM,glp,17,37.0,36.54,37.0,36.0,40.0
2011-04,MUN,SP|VOTUPORANGA,glp,20,35.25,35.0,36.91,33.0,38.0
2011-04,MUN,TO|ARAGUAINA,glp,14,45.0,43.0,45.0,40.0,45.0
2011-04,MUN,TO|DIANOPOLIS,glp,6,45.0,44.0,45.0,44.0,45.0
2011-04,MUN,TO|GURUPI,glp,36,45.0,44.5,45.0,44.0,45.0
2011-04,MUN,TO|PALMAS,glp,19,43.0,42.0,45.0,42.0,45.0
2011-04,MUN,TO|PARAISO DO TOCANTINS,glp,10,45.0,44.0,45.0,44.0,45.0
2011-04,MUN,TO|PORTO NACIONAL,glp,13,45.0,44.0,45.0,44.0,45.0
2011-04,UF,AC,glp,234,41.0,40.15,43.7,39.0,53.0
2011-04,UF,AL,glp,92,35.0,35.0,38.0,33.0,40.0
2011-04,UF,AM,glp,233,30.0,29.0,33.0,27.0,45.0
2011-04,UF,AP,glp,32,42.0,40.0,43.9,39.0,50.0
2011-04,UF,BA,glp,526,36.0,32.0,38.0,28.0,41.0
2011-04,UF,CE,glp,357,38.0,35.0,40.0,32.0,40.0
2011-04,UF,DF,glp,140,37.0,36.0,38.0,36.0,42.0
2011-04,UF,ES,glp,282,35.5,34.0,38.0,30.0,39.0
2011-04,UF,GO,glp,591,40.0,38.0,43.0,35.0,45.0
2011-04,UF,MA,glp,169,40.0,38.0,42.0,35.0,45.0
2011-04,UF,MG,glp,1195,42.0,38.0,45.0,33.0,49.0
2011-04,UF,MS,glp,561,47.0,43.0,49.0,34.0,50.0
2011-04,UF,MT,glp,130,48.0,43.9,50.0,39.0,53.9
2011-04,UF,PA,glp,237,40.0,38.0,44.2,34.0,49.0
2011-04,UF,PB,glp,144,34.0,33.0,35.0,31.0,38.0
2011-04,UF,PE,glp,407,35.0,32.0,36.0,30.0,40.0
2011-04,UF,PI,glp,78,35.0,35.0,39.65,31.99,41.0
2011-04,UF,PR,glp,790,40.0,35.0,43.0,30.9,47.0
2011-04,UF,RJ,glp,388,38.0,34.99,40.0,30.0,43.0
2011-04,UF,RN,glp,113,39.0,35.5,40.0,34.0,41.5
2011-04,UF,RO,glp,117,39.0,37.6,43.0,37.0,45.0
2011-04,UF,RR,glp,46,42.0,40.5,43.5,39.0,46.0
2011-04,UF,RS,glp,935,39.0,35.0,41.96,31.0,46.0
2011-04,UF,SC,glp,270,40.0,38.9,45.0,35.0,47.0
2011-04,UF,SE,glp,45,35.0,33.0,35.6,32.0,38.0
2011-04,UF,SP,glp,2810,38.0,35.0,41.0,29.9,45.0
2011-04,UF,TO,glp,98,45.0,43.0,45.0,40.0,45.0
2011-05,BR,BR,glp,11092,39.0,35.0,44.0,25.6,53.9
2011-05,MUN,AC|CRUZEIRO DO SUL,glp,6,50.0,49.0,53.0,48.0,53.0
2011-05,MUN,AC|RIO BRANCO,glp,208,42.0,41.0,43.0,39.0,45.0
2011-05,MUN,AC|SENA MADUREIRA,glp,6,45.0,42.5,45.0,41.0,45.0
2011-05,MUN,AC|SENADOR GUIOMARD,glp,6,44.0,44.0,44.0,44.0,44.0
2011-05,MUN,AC|TARAUACA,glp,3,50.0,50.0,50.0,50.0,50.0
2011-05,MUN,AC|XAPURI,glp,3,45.0,43.4,45.8,43.0,46.0
2011-05,MUN,AL|ARAPIRACA,glp,9,35.0,34.6,35.4,33.0,37.0
2011-05,MUN,AL|DELMIRO GOUVEIA,glp,3,35.0,35.0,35.0,35.0,35.0
2011-05,MUN,AL|MACEIO,glp,55,38.0,37.0,40.0,35.0,41.0
2011-05,MUN,AL|MARECHAL DEODORO,glp,2,37.5,37.1,37.9,37.0,38.0
2011-05,MUN,AL|PALMEIRA DOS INDIOS,glp,7,39.0,38.0,40.0,38.0,40.0
2011-05,MUN,AL|RIO LARGO,glp,5,33.0,33.0,35.0,33.0,35.0
2011-05,MUN,AL|SANTANA DO IPANEMA,glp,6,35.0,35.0,35.0,35.0,35.0
2011-05,MUN,AL|SAO JOSE DA LAJE,glp,1,35.0,35.0,35.0,35.0,35.0
2011-05,MUN,AM|AUTAZES,glp,1,31.5,31.5,31.5,31.5,31.5
2011-05,MUN,AM|HUMAITA,glp,3,36.0,36.0,36.4,36.0,36.5
2011-05,MUN,AM|ITACOATIARA,glp,11,34.0,33.0,35.0,33.0,35.0
2011-05,MUN,AM|MANACAPURU,glp,5,33.0,32.4,33.0,32.0,33.0
2011-05,MUN,AM|MANAUS,glp,201,31.0,30.0,32.0,28.0,45.0
2011-05,MUN,AM|PARINTINS,glp,2,32.25,32.05,32.45,32.0,32.5
2011-05,MUN,AM|PRESIDENTE FIGUEIREDO,glp,2,33.5,33.1,33.9,33.0,34.0
2011-05,MUN,AM|TEFE,glp,2,38.0,38.0,38.0,38.0,38.0
2011-05,MUN,AP|LARANJAL DO JARI,glp,2,45.0,45.0,45.0,45.0,45.0
2011-05,MUN,AP|MACAPA,glp,23,41.0,40.0,42.0,40.0,42.0
2011-05,MUN,AP|OIAPOQUE,glp,1,48.0,48.0,48.0,48.0,48.0
2011-05,MUN,AP|SANTANA,glp,9,45.0,43.2,45.0,40.0,45.0
2011-05,MUN,BA|ALAGOINHAS,glp,5,37.0,37.0,37.0,37.0,37.0
2011-05,MUN,BA|BARRA,glp,6,35.0,34.5,35.5,34.0,36.0
2011-05,MUN,BA|BARRA DO MENDES,glp,1,35.0,35.0,35.0,35.0,35.0
2011-05,MUN,BA|BARREIRAS,glp,10,40.0,38.0,40.0,38.0,40.0
2011-05,MUN,BA|BRUMADO,glp,7,35.0,34.2,35.4,33.0,36.0
2011-05,MUN,BA|CAETITE,glp,6,30.0,30.0,30.0,30.0,30.0
2011-05,MUN,BA|CAMACARI,glp,12,38.25,38.0,38.5,38.0,39.0
2011-05,MUN,BA|CAMPO FORMOSO,glp,2,38.0,38.0,38.0,38.0,38.0
2011-05,MUN,BA|CANDEIAS,glp,7,35.0,32.6,35.0,32.0,35.0
2011-05,MUN,BA|CAPIM GROSSO,glp,1,38.0,38.0,38.0,38.0,38.0
2011-05,MUN,BA|EUNAPOLIS,glp,8,35.0,35.0,35.3,35.0,36.0
2011-05,MUN,BA|FEIRA DE SANTANA,glp,23,38.0,36.2,39.0,35.9,39.0
2011-05,MUN,BA|GUANAMBI,glp,14,28.0,28.0,28.0,28.0,34.0
2011-05,MUN,BA|ILHEUS,glp,9,38.99,36.0,40.2,32.0,41.0
2011-05,MUN,BA|IPIRA,glp,6,38.0,38.0,38.0,38.0,38.0
2011-05,MUN,BA|IRECE,glp,12,35.0,35.0,35.0,35.0,35.0
2011-05,MUN,BA|ITABUNA,glp,14,39.0,38.3,40.0,36.0,40.0
2011-05,MUN,BA|ITAMARAJU,glp,5,35.0,35.0,35.0,35.0,35.0
2011-05,MUN,BA|JACOBINA,glp,7,38.0,38.0,40.0,38.0,40.0
2011-05,MUN,BA|JAGUAQUARA,glp,9,33.0,33.0,33.0,33.0,33.0
2011-05,MUN,BA|JEQUIE,glp,14,30.0,29.93,32.0,26.0,34.0
2011-05,MUN,BA|JOAO DOURADO,glp,1,35.0,35.0,35.0,35.0,35.0
2011-05,MUN,BA|JUAZEIRO,glp,6,34.0,33.5,34.5,33.0,35.0
2011-05,MUN,BA|LAURO DE FREITAS,glp,18,36.0,35.7,36.3,34.0,40.0
2011-05,MUN,BA|LIVRAMENTO DE NOSSA SENHORA,glp,1,32.0,32.0,32.0,32.0,32.0
2011-05,MUN,BA|PAULO AFONSO,glp,5,37.0,35.4,37.0,35.0,37.0
2011-05,MUN,BA|POCOES,glp,7,30.0,30.0,32.8,30.0,34.0
2011-05,MUN,BA|PORTO SEGURO,glp,10,38.0,36.9,38.0,36.0,38.0
2011-05,MUN,BA|RUY BARBOSA,glp,4,35.0,35.0,35.0,35.0,35.0
2011-05,MUN,BA|SALVADOR,glp,203,35.0,32.6,37.0,30.0,38.0
2011-05,MUN,BA|SANTANOPOLIS,glp,1,39.0,39.0,39.0,39.0,39.0
2011-05,MUN,BA|SANTO ANTONIO DE JESUS,glp,8,37.0,37.0,37.3,37.0,38.0
2011-05,MUN,BA|SENHOR DO BONFIM,glp,5,38.0,38.0,38.0,38.0,38.0
2011-05,MUN,BA|SERRINHA,glp,6,38.0,38.0,38.0,38.0,38.0
2011-05,MUN,BA|SIMOES FILHO,glp,6,37.5,37.0,38.0,37.0,38.0
2011-05,MUN,BA|TEIXEIRA DE FREITAS,glp,11,35.0,35.0,38.0,35.0,38.0
2011-05,MUN,BA|URANDI,glp,1,28.0,28.0,28.0,28.0,28.0
2011-05,MUN,BA|VALENCA,glp,5,37.0,35.8,37.0,35.0,37.0
2011-05,MUN,BA|VITORIA DA CONQUISTA,glp,15,35.0,35.0,38.0,25.6,40.0
2011-05,MUN,CE|AQUIRAZ,glp,1,39.0,39.0,39.0,39.0,39.0
2011-05,MUN,CE|ARACOIABA,glp,1,38.0,38.0,38.0,38.0,38.0
2011-05,MUN,CE|BEBERIBE,glp,1,33.0,33.0,33.0,33.0,33.0
2011-05,MUN,CE|CANINDE,glp,4,35.0,34.3,35.7,34.0,36.0
2011-05,MUN,CE|CAUCAIA,glp,43,37.5,36.1,38.0,36.0,40.0
2011-05,MUN,CE|CRATEUS,glp,5,35.0,34.4,35.6,34.0,36.0
2011-05,MUN,CE|CRATO,glp,16,37.0,33.0,40.0,32.0,40.0
2011-05,MUN,CE|FORTALEZA,glp,201,38.0,36.0,40.0,35.0,40.0
2011-05,MUN,CE|ICO,glp,3,35.0,35.0,35.0,35.0,35.0
2011-05,MUN,CE|IGUATU,glp,4,35.0,35.0,36.4,35.0,37.0
2011-05,MUN,CE|IPU,glp,2,33.5,33.1,33.9,33.0,34.0
2011-05,MUN,CE|ITAPIPOCA,glp,7,34.0,33.0,35.0,33.0,35.0
2011-05,MUN,CE|JUAZEIRO DO NORTE,glp,17,39.0,37.2,40.0,34.0,40.0
2011-05,MUN,CE|LIMOEIRO DO NORTE,glp,5,36.0,35.0,36.6,35.0,37.0
2011-05,MUN,CE|MARACANAU,glp,15,38.0,37.0,40.0,37.0,40.0
2011-05,MUN,CE|MORADA NOVA,glp,5,35.0,34.4,36.0,34.0,36.0
2011-05,MUN,CE|PEDRA BRANCA,glp,3,33.0,32.2,33.8,32.0,34.0
2011-05,MUN,CE|QUIXADA,glp,8,37.0,36.0,39.3,36.0,40.0
2011-05,MUN,CE|SAO GONCALO DO AMARANTE,glp,1,36.0,36.0,36.0,36.0,36.0
2011-05,MUN,CE|SOBRAL,glp,7,37.0,36.2,38.4,35.0,39.0
2011-05,MUN,DF|BRASILIA,glp,163,37.0,36.0,38.0,36.0,40.0
2011-05,MUN,ES|ARACRUZ,glp,9,35.0,33.0,35.0,33.0,35.0
2011-05,MUN,ES|BARRA DE SAO FRANCISCO,glp,8,34.0,34.0,36.0,34.0,36.0
2011-05,MUN,ES|CACHOEIRO DE ITAPEMIRIM,glp,18,35.0,34.0,36.0,34.0,36.0
2011-05,MUN,ES|CARIACICA,glp,46,35.75,35.0,37.0,32.0,38.0
2011-05,MUN,ES|CASTELO,glp,5,33.0,31.8,34.6,31.0,35.0
2011-05,MUN,ES|COLATINA,glp,10,36.0,35.0,37.0,35.0,37.0
2011-05,MUN,ES|GUARAPARI,glp,22,38.0,35.0,38.0,35.0,38.0
2011-05,MUN,ES|ITAPEMIRIM,glp,3,36.0,35.2,37.6,35.0,38.0
2011-05,MUN,ES|JAGUARE,glp,4,35.5,35.0,36.0,35.0,36.0
2011-05,MUN,ES|LINHARES,glp,14,34.5,34.0,35.0,34.0,35.0
2011-05,MUN,ES|MARATAIZES,glp,1,35.0,35.0,35.0,35.0,35.0
2011-05,MUN,ES|NOVA VENECIA,glp,3,36.0,35.2,36.8,35.0,37.0
2011-05,MUN,ES|SAO MATEUS,glp,13,38.0,37.0,39.0,37.0,39.0
2011-05,MUN,ES|SERRA,glp,79,36.0,35.0,38.0,32.0,38.0
2011-05,MUN,ES|VILA VELHA,glp,36,35.0,32.0,36.75,30.0,38.0
2011-05,MUN,ES|VITORIA,glp,18,36.0,35.0,38.0,35.0,38.0
2011-05,MUN,GO|AGUAS LINDAS DE GOIAS,glp,15,40.0,40.0,42.0,38.0,43.0
2011-05,MUN,GO|ANAPOLIS,glp,106,39.0,38.0,40.0,34.99,42.0
2011-05,MUN,GO|APARECIDA DE GOIANIA,glp,33,40.0,39.0,41.0,39.0,41.0
2011-05,MUN,GO|CALDAS NOVAS,glp,24,39.0,38.0,40.0,37.0,40.0
2011-05,MUN,GO|CAMPO ALEGRE DE GOIAS,glp,1,38.0,38.0,38.0,38.0,38.0
2011-05,MUN,GO|CATALAO,glp,12,38.0,38.0,38.0,38.0,38.0
2011-05,MUN,GO|CIDADE OCIDENTAL,glp,1,37.0,37.0,37.0,37.0,37.0
2011-05,MUN,GO|FORMOSA,glp,19,40.0,40.0,40.0,40.0,40.0
2011-05,MUN,GO|GOIANIA,glp,159,40.0,39.0,41.0,39.0,42.0
2011-05,MUN,GO|GOIATUBA,glp,11,38.0,37.0,38.0,37.0,38.0
2011-05,MUN,GO|ITUMBIARA,glp,16,43.0,41.0,43.0,40.0,43.0
2011-05,MUN,GO|JATAI,glp,19,40.0,40.0,42.0,40.0,42.0
2011-05,MUN,GO|LUZIANIA,glp,33,40.0,39.0,40.0,39.0,40.0
2011-05,MUN,GO|MINEIROS,glp,18,44.0,43.0,45.0,42.0,45.0
2011-05,MUN,GO|MORRINHOS,glp,16,38.0,37.5,40.0,37.0,40.0
2011-05,MUN,GO|PLANALTINA,glp,20,45.0,45.0,45.0,45.0,45.0
2011-05,MUN,GO|PONTALINA,glp,1,37.0,37.0,37.0,37.0,37.0
2011-05,MUN,GO|PORANGATU,glp,18,45.0,45.0,45.0,45.0,45.0
2011-05,MUN,GO|RIO VERDE,glp,22,42.0,41.0,43.0,41.0,43.0
2011-05,MUN,GO|TRINDADE,glp,34,40.0,39.0,41.0,39.0,41.0
2011-05,MUN,GO|VALPARAISO DE GOIAS,glp,12,43.0,43.0,43.0,40.0,43.0
2011-05,MUN,MA|ACAILANDIA,glp,5,40.0,40.0,42.6,40.0,43.0
2011-05,MUN,MA|BACABAL,glp,4,38.0,37.3,38.0,37.0,38.0
2011-05,MUN,MA|BALSAS,glp,3,40.0,40.0,40.0,40.0,40.0
2011-05,MUN,MA|BARRA DO CORDA,glp,7,45.0,42.0,45.0,42.0,45.0
2011-05,MUN,MA|CAROLINA,glp,3,44.0,44.0,44.0,44.0,44.0
2011-05,MUN,MA|CAXIAS,glp,3,42.0,42.0,42.0,42.0,42.0
2011-05,MUN,MA|CODO,glp,3,41.0,40.2,41.0,40.0,41.0
2011-05,MUN,MA|IMPERATRIZ,glp,50,42.0,40.0,42.0,38.0,43.0
2011-05,MUN,MA|JOAO LISBOA,glp,1,42.0,42.0,42.0,42.0,42.0
2011-05,MUN,MA|PINHEIRO,glp,4,38.5,37.0,40.0,37.0,40.0
2011-05,MUN,MA|PRESIDENTE DUTRA,glp,3,38.0,38.0,38.0,38.0,38.0
2011-05,MUN,MA|SANTA INES,glp,4,40.0,40.0,40.0,40.0,40.0
2011-05,MUN,MA|SAO DOMINGOS DO MARANHAO,glp,2,36.0,36.0,36.0,36.0,36.0
2011-05,MUN,MA|SAO JOAO DOS PATOS,glp,3,40.0,40.0,40.0,40.0,40.0
2011-05,MUN,MA|SAO JOSE DE RIBAMAR,glp,12,39.0,38.1,40.0,38.0,40.0
2011-05,MUN,MA|SAO LUIS,glp,62,39.0,38.0,40.0,35.0,40.0
2011-05,MUN,MA|TIMON,glp,3,39.0,37.4,39.0,37.0,39.0
2011-05,MUN,MG|ALFENAS,glp,15,38.0,35.0,38.0,33.0,40.0
2011-05,MUN,MG|ARAGUARI,glp,17,45.0,43.0,45.0,43.0,45.0
2011-05,MUN,MG|ARAXA,glp,5,42.0,42.0,45.0,42.0,45.0
2011-05,MUN,MG|BARBACENA,glp,17,37.0,34.6,38.0,34.0,38.0
2011-05,MUN,MG|BELO HORIZONTE,glp,124,42.5,40.0,44.85,37.0,46.0
2011-05,MUN,MG|BETIM,glp,42,43.0,40.0,45.0,40.0,45.09
2011-05,MUN,MG|BOM DESPACHO,glp,4,40.0,37.2,40.0,36.0,40.0
2011-05,MUN,MG|CAMPO BELO,glp,8,35.0,35.0,35.0,35.0,35.0
2011-05,MUN,MG|CARATINGA,glp,3,40.0,37.6,40.0,37.0,40.0
2011-05,MUN,MG|CATAGUASES,glp,4,38.0,37.65,38.7,37.5,39.0
2011-05,MUN,MG|CONGONHAS,glp,10,37.5,35.7,39.1,33.0,40.0
2011-05,MUN,MG|CONSELHEIRO LAFAIETE,glp,12,38.0,35.3,40.0,35.0,42.0
2011-05,MUN,MG|CONTAGEM,glp,109,43.0,41.0,45.0,37.0,45.5
2011-05,MUN,MG|CORONEL FABRICIANO,glp,8,42.0,42.0,42.0,42.0,42.0
2011-05,MUN,MG|CURVELO,glp,11,42.0,42.0,43.0,42.0,43.0
2011-05,MUN,MG|DIAMANTINA,glp,6,45.0,44.0,45.0,44.0,45.0
2011-05,MUN,MG|DIVINOPOLIS,glp,18,40.0,40.0,42.0,40.0,42.0
2011-05,MUN,MG|FORMIGA,glp,4,39.0,35.3,42.7,35.0,43.0
2011-05,MUN,MG|FRUTAL,glp,5,38.0,38.0,38.0,38.0,38.0
2011-05,MUN,MG|GOVERNADOR VALADARES,glp,20,39.5,38.9,40.2,38.0,42.0
2011-05,MUN,MG|GUAXUPE,glp,10,38.0,37.9,39.0,37.0,39.0
2011-05,MUN,MG|IBIRITE,glp,13,44.0,42.0,45.048,40.0,46.06
2011-05,MUN,MG|IPATINGA,glp,16,41.0,40.0,41.5,40.0,42.0
2011-05,MUN,MG|ITABIRA,glp,5,43.0,43.0,44.2,43.0,45.0
2011-05,MUN,MG|ITABIRITO,glp,1,39.0,39.0,39.0,39.0,39.0
2011-05,MUN,MG|ITAJUBA,glp,13,39.9,38.0,40.0,37.0,40.0
2011-05,MUN,MG|ITAUNA,glp,14,42.75,40.0,43.0,40.0,44.0
2011-05,MUN,MG|ITUIUTABA,glp,19,42.0,40.0,42.2,37.0,44.0
2011-05,MUN,MG|ITURAMA,glp,1,42.0,42.0,42.0,42.0,42.0
2011-05,MUN,MG|JACUI,glp,1,38.0,38.0,38.0,38.0,38.0
2011-05,MUN,MG|JANAUBA,glp,3,38.0,38.0,39.6,38.0,40.0
2011-05,MUN,MG|JANUARIA,glp,7,42.0,42.0,44.4,42.0,45.0
2011-05,MUN,MG|JOAO MONLEVADE,glp,8,41.5,41.0,42.0,41.0,42.0
2011-05,MUN,MG|JOAO PINHEIRO,glp,12,45.0,45.0,45.0,42.9,46.0
2011-05,MUN,MG|JUIZ DE FORA,glp,60,42.0,38.0,44.05,36.99,47.0
2011-05,MUN,MG|LAVRAS,glp,12,39.5,38.0,41.8,37.0,42.0
2011-05,MUN,MG|LEOPOLDINA,glp,7,40.0,38.8,40.4,37.0,41.0
2011-05,MUN,MG|MANHUACU,glp,5,36.5,34.7,37.6,34.5,38.0
2011-05,MUN,MG|MARIANA,glp,5,44.5,43.4,45.0,43.0,45.0
2011-05,MUN,MG|MONTE CARMELO,glp,18,40.0,40.0,40.0,40.0,40.0
2011-05,MUN,MG|MONTES CLAROS,glp,16,42.0,40.0,43.5,40.0,44.0
2011-05,MUN,MG|MURIAE,glp,5,41.0,39.8,41.6,39.0,42.0
2011-05,MUN,MG|NOVA LIMA,glp,15,43.0,42.0,44.0,40.0,44.0
2011-05,MUN,MG|OLIVEIRA,glp,8,35.0,35.0,36.0,35.0,36.0
2011-05,MUN,MG|OURO PRETO,glp,10,40.0,39.0,41.1,39.0,42.0
2011-05,MUN,MG|PARA DE MINAS,glp,11,41.9,40.0,42.5,40.0,43.0
2011-05,MUN,MG|PARACATU,glp,9,47.0,46.6,48.2,45.0,49.0
2011-05,MUN,MG|PASSOS,glp,20,39.0,37.9,40.0,37.0,40.0
2011-05,MUN,MG|PATOS DE MINAS,glp,19,43.0,42.0,43.0,35.0,45.0
2011-05,MUN,MG|PATROCINIO,glp,11,45.0,44.0,45.0,38.0,45.0
2011-05,MUN,MG|POCOS DE CALDAS,glp,16,35.0,34.995,39.0,34.99,39.0
2011-05,MUN,MG|PONTE NOVA,glp,1,38.0,38.0,38.0,38.0,38.0
2011-05,MUN,MG|POUSO ALEGRE,glp,18,38.0,37.97,38.0,35.0,39.0
2011-05,MUN,MG|RIBEIRAO DAS NEVES,glp,29,43.0,40.0,44.0,38.0,45.0
2011-05,MUN,MG|SABARA,glp,15,42.0,42.0,43.6,40.0,44.0
2011-05,MUN,MG|SANTA LUZIA,glp,22,42.5,40.0,44.0,38.0,44.0
2011-05,MUN,MG|SANTOS DUMONT,glp,6,39.45,38.0,40.0,38.0,40.0
2011-05,MUN,MG|SAO GONCALO DO RIO ABAIXO,glp,1,42.0,42.0,42.0,42.0,42.0
2011-05,MUN,MG|SAO GOTARDO,glp,1,43.0,43.0,43.0,43.0,43.0
2011-05,MUN,MG|SAO JOAO DEL REI,glp,16,39.0,39.0,40.0,39.0,40.0
2011-05,MUN,MG|SAO LOURENCO,glp,3,39.0,39.0,39.8,39.0,40.0
2011-05,MUN,MG|SAO SEBASTIAO DO PARAISO,glp,16,39.0,38.0,39.5,38.0,40.0
2011-05,MUN,MG|SETE LAGOAS,glp,28,40.0,39.0,41.0,38.9,42.0
2011-05,MUN,MG|TEOFILO OTONI,glp,22,36.0,36.0,38.0,36.0,39.0
2011-05,MUN,MG|TIMOTEO,glp,9,40.0,39.8,42.42,39.0,44.1
2011-05,MUN,MG|TRES CORACOES,glp,10,38.0,38.0,38.0,38.0,38.0
2011-05,MUN,MG|UBA,glp,9,38.0,38.0,39.92,38.0,40.0
2011-05,MUN,MG|UBERABA,glp,38,45.0,45.0,45.0,40.0,45.0
2011-05,MUN,MG|UBERLANDIA,glp,76,44.0,43.0,45.0,40.0,45.0
2011-05,MUN,MG|UNAI,glp,14,43.0,43.0,43.0,43.0,43.0
2011-05,MUN,MG|VARGINHA,glp,16,35.0,33.5,38.0,33.0,38.0
2011-05,MUN,MG|VESPASIANO,glp,17,42.0,41.2,44.0,40.0,44.0
2011-05,MUN,MG|VICOSA,glp,3,40.0,38.4,40.8,38.0,41.0
2011-05,MUN,MS|BATAYPORA,glp,2,44.5,44.1,44.9,44.0,45.0
2011-05,MUN,MS|CAMPO GRANDE,glp,410,48.0,45.0,49.0,42.0,50.0
2011-05,MUN,MS|CORUMBA,glp,9,47.0,46.0,47.0,46.0,47.0
2011-05,MUN,MS|COXIM,glp,13,50.0,50.0,50.0,50.0,50.0
2011-05,MUN,MS|DOURADOS,glp,65,46.0,44.0,47.0,39.9,48.0
2011-05,MUN,MS|NOVA ANDRADINA,glp,19,45.0,43.0,45.0,43.0,46.0
2011-05,MUN,MS|PARANAIBA,glp,16,45.0,45.0,45.0,44.0,45.0
2011-05,MUN,MS|PONTA PORA,glp,5,43.0,43.0,45.0,43.0,45.0
2011-05,MUN,MS|TRES LAGOAS,glp,20,40.0,38.0,40.2,38.0,42.0
2011-05,MUN,MT|ALTA FLORESTA,glp,8,50.0,50.0,51.3,50.0,52.0
2011-05,MUN,MT|CACERES,glp,10,42.0,39.9,42.2,39.0,44.0
2011-05,MUN,MT|CUIABA,glp,54,48.0,45.0,49.85,43.0,53.9
2011-05,MUN,MT|NOVA MUTUM,glp,1,48.0,48.0,48.0,48.0,48.0
2011-05,MUN,MT|RONDONOPOLIS,glp,11,48.0,48.0,50.0,46.0,50.0
2011-05,MUN,MT|SINOP,glp,18,48.0,48.0,49.0,47.0,49.0
2011-05,MUN,MT|SORRISO,glp,9,48.0,46.6,50.2,45.0,51.0
2011-05,MUN,MT|VARZEA GRANDE,glp,24,46.0,44.0,47.0,43.0,48.0
2011-05,MUN,PA|ABAETETUBA,glp,6,34.5,34.0,35.0,34.0,35.0
2011-05,MUN,PA|ALENQUER,glp,6,40.0,40.0,42.5,40.0,43.0
2011-05,MUN,PA|ALTAMIRA,glp,10,42.0,40.0,42.2,40.0,44.0
2011-05,MUN,PA|ANANINDEUA,glp,31,40.0,40.0,40.0,39.0,40.0
2011-05,MUN,PA|BELEM,glp,90,40.0,37.5,40.0,34.5,44.0
2011-05,MUN,PA|BRAGANCA,glp,6,42.0,42.0,42.75,42.0,43.0
2011-05,MUN,PA|BREVES,glp,3,41.0,40.2,41.0,40.0,41.0
2011-05,MUN,PA|CAMETA,glp,7,42.0,39.96,42.8,39.9,44.0
2011-05,MUN,PA|CASTANHAL,glp,8,40.0,40.0,40.0,40.0,40.0
2011-05,MUN,PA|CONCEICAO DO ARAGUAIA,glp,8,45.5,44.7,46.45,44.0,47.5
2011-05,MUN,PA|CONCORDIA DO PARA,glp,1,45.0,45.0,45.0,45.0,45.0
2011-05,MUN,PA|ITAITUBA,glp,7,45.0,45.0,45.4,45.0,46.0
2011-05,MUN,PA|MARABA,glp,2,40.5,40.1,40.9,40.0,41.0
2011-05,MUN,PA|MOJUI DOS CAMPOS,glp,1,39.0,39.0,39.0,39.0,39.0
2011-05,MUN,PA|PARAGOMINAS,glp,3,45.0,45.0,45.0,45.0,45.0
2011-05,MUN,PA|PARAUAPEBAS,glp,3,43.0,40.6,43.8,40.0,44.0
2011-05,MUN,PA|REDENCAO,glp,10,45.0,42.5,45.0,38.0,45.0
2011-05,MUN,PA|SANTAREM,glp,34,40.0,38.0,42.0,36.0,42.0
2011-05,MUN,PA|TUCURUI,glp,5,43.0,43.0,43.6,43.0,44.0
2011-05,MUN,PA|XINGUARA,glp,7,44.75,44.0,45.0,44.0,45.0
2011-05,MUN,PB|BAYEUX,glp,7,35.0,33.0,35.0,33.0,35.0
2011-05,MUN,PB|CABEDELO,glp,9,33.0,33.0,35.0,33.0,35.0
2011-05,MUN,PB|CAMPINA GRANDE,glp,44,35.0,35.0,35.0,33.0,38.0
2011-05,MUN,PB|GUARABIRA,glp,1,35.0,35.0,35.0,35.0,35.0
2011-05,MUN,PB|INGA,glp,1,35.0,35.0,35.0,35.0,35.0
2011-05,MUN,PB|ITABAIANA,glp,1,35.0,35.0,35.0,35.0,35.0
2011-05,MUN,PB|JOAO PESSOA,glp,49,33.0,33.0,35.0,31.0,36.0
2011-05,MUN,PB|MAMANGUAPE,glp,4,33.5,33.0,34.0,33.0,34.0
2011-05,MUN,PB|PATOS,glp,7,34.0,33.0,34.4,33.0,35.0
2011-05,MUN,PB|SANTA RITA,glp,12,33.0,33.0,35.0,33.0,35.0
2011-05,MUN,PB|SAPE,glp,3,34.0,34.0,34.8,34.0,35.0
2011-05,MUN,PB|SOUSA,glp,6,32.5,32.0,34.0,32.0,35.0
2011-05,MUN,PE|ABREU E LIMA,glp,7,33.0,33.0,33.4,33.0,34.0
2011-05,MUN,PE|AFOGADOS DA INGAZEIRA,glp,4,38.0,36.6,38.0,36.0,38.0
2011-05,MUN,PE|AGUAS BELAS,glp,1,36.0,36.0,36.0,36.0,36.0
2011-05,MUN,PE|ARARIPINA,glp,5,36.0,35.0,36.0,35.0,36.0
2011-05,MUN,PE|ARCOVERDE,glp,4,36.0,36.0,36.7,36.0,37.0
2011-05,MUN,PE|BELO JARDIM,glp,6,36.0,36.0,37.0,36.0,37.0
2011-05,MUN,PE|BEZERROS,glp,1,36.0,36.0,36.0,36.0,36.0
2011-05,MUN,PE|BOM CONSELHO,glp,4,36.5,36.0,37.0,36.0,37.0
2011-05,MUN,PE|CABO DE SANTO AGOSTINHO,glp,11,33.0,32.0,33.0,32.0,34.0
2011-05,MUN,PE|CACHOEIRINHA,glp,1,36.0,36.0,36.0,36.0,36.0
2011-05,MUN,PE|CAMARAGIBE,glp,17,33.0,32.0,33.8,31.995,40.0
2011-05,MUN,PE|CARUARU,glp,24,32.25,32.0,34.0,32.0,35.0
2011-05,MUN,PE|GARANHUNS,glp,6,36.0,36.0,36.0,36.0,36.0
2011-05,MUN,PE|GOIANA,glp,5,32.135,30.8,36.8,30.0,38.0
2011-05,MUN,PE|GRAVATA,glp,7,35.0,30.0,38.0,30.0,38.0
2011-05,MUN,PE|IGARASSU,glp,16,33.0,32.998,34.5,32.995,36.0
2011-05,MUN,PE|JABOATAO DOS GUARARAPES,glp,53,35.0,33.2,38.0,31.0,38.0
2011-05,MUN,PE|LAJEDO,glp,6,36.0,36.0,36.0,36.0,36.0
2011-05,MUN,PE|LIMOEIRO,glp,1,33.0,33.0,33.0,33.0,33.0
2011-05,MUN,PE|OLINDA,glp,46,33.0,30.0,35.0,29.995,35.0
2011-05,MUN,PE|PAULISTA,glp,8,33.0,32.693,34.146,32.0,34.5
2011-05,MUN,PE|PETROLINA,glp,15,34.0,32.4,35.0,32.0,38.0
2011-05,MUN,PE|RECIFE,glp,113,34.0,31.0,35.0,30.0,40.0
2011-05,MUN,PE|SALGUEIRO,glp,5,39.0,38.4,40.0,38.0,40.0
2011-05,MUN,PE|SANTA CRUZ DO CAPIBARIBE,glp,5,36.0,35.7,36.0,35.5,36.0
2011-05,MUN,PE|SAO BENTO DO UNA,glp,6,36.0,36.0,36.0,36.0,36.0
2011-05,MUN,PE|SAO LOURENCO DA MATA,glp,13,33.0,32.22,34.4,32.0,36.0
2011-05,MUN,PE|SERRA TALHADA,glp,5,38.0,38.0,38.0,38.0,38.0
2011-05,MUN,PE|VITORIA DE SANTO ANTAO,glp,13,35.0,35.0,35.0,34.0,35.0
2011-05,MUN,PI|BARRAS,glp,2,39.0,39.0,39.0,39.0,39.0
2011-05,MUN,PI|CAMPO MAIOR,glp,4,41.0,41.0,41.0,41.0,41.0
2011-05,MUN,PI|OEIRAS,glp,5,40.0,40.0,40.6,40.0,41.0
2011-05,MUN,PI|PARNAIBA,glp,2,37.0,35.4,38.6,35.0,39.0
2011-05,MUN,PI|PICOS,glp,3,36.0,35.2,36.0,35.0,36.0
2011-05,MUN,PI|PIRIPIRI,glp,4,39.0,39.0,39.0,39.0,39.0
2011-05,MUN,PI|TERESINA,glp,56,37.0,35.0,37.0,31.99,37.0
2011-05,MUN,PR|ALMIRANTE TAMANDARE,glp,11,37.0,37.0,38.5,36.4,40.0
2011-05,MUN,PR|APUCARANA,glp,18,40.0,38.7,40.0,38.0,40.0
2011-05,MUN,PR|ARAPONGAS,glp,17,40.0,38.0,40.0,38.0,40.0
2011-05,MUN,PR|ARAUCARIA,glp,13,36.0,35.0,37.8,35.0,38.0
2011-05,MUN,PR|ASSIS CHATEAUBRIAND,glp,4,35.0,35.0,35.63,35.0,35.9
2011-05,MUN,PR|CAMBE,glp,30,40.0,39.0,41.0,39.0,42.0
2011-05,MUN,PR|CAMPO LARGO,glp,18,35.0,34.997,36.3,33.9,38.0
2011-05,MUN,PR|CAMPO MOURAO,glp,11,41.0,40.0,44.0,39.9,45.0
2011-05,MUN,PR|CASCAVEL,glp,70,41.25,40.0,42.0,40.0,43.0
2011-05,MUN,PR|CASTRO,glp,9,40.0,39.8,40.0,39.0,40.0
2011-05,MUN,PR|CIANORTE,glp,16,39.5,38.0,41.0,38.0,42.0
2011-05,MUN,PR|COLOMBO,glp,25,36.0,35.0,38.0,34.0,38.0
2011-05,MUN,PR|CORNELIO PROCOPIO,glp,6,40.0,40.0,40.0,40.0,40.0
2011-05,MUN,PR|CURITIBA,glp,117,36.0,35.0,37.0,34.0,38.0
2011-05,MUN,PR|FOZ DO IGUACU,glp,63,47.0,46.1,47.0,40.0,47.0
2011-05,MUN,PR|FRANCISCO BELTRAO,glp,7,33.0,31.5,37.0,30.9,40.0
2011-05,MUN,PR|GUAIRA,glp,1,40.0,40.0,40.0,40.0,40.0
2011-05,MUN,PR|GUARAPUAVA,glp,14,35.0,35.0,37.0,35.0,37.0
2011-05,MUN,PR|IBIPORA,glp,1,41.0,41.0,41.0,41.0,41.0
2011-05,MUN,PR|LARANJEIRAS DO SUL,glp,8,40.45,39.0,43.0,39.0,43.0
2011-05,MUN,PR|LONDRINA,glp,102,40.0,40.0,41.0,35.0,41.1
2011-05,MUN,PR|MARECHAL CANDIDO RONDON,glp,7,46.0,41.2,46.0,40.0,46.0
2011-05,MUN,PR|MARINGA,glp,41,43.0,40.0,45.0,40.0,47.0
2011-05,MUN,PR|MEDIANEIRA,glp,1,47.0,47.0,47.0,47.0,47.0
2011-05,MUN,PR|PARANAGUA,glp,29,38.0,35.8,39.2,35.0,40.0
2011-05,MUN,PR|PARANAVAI,glp,13,41.0,40.0,42.0,40.0,42.0
2011-05,MUN,PR|PATO BRANCO,glp,13,40.0,40.0,40.0,40.0,41.0
2011-05,MUN,PR|PINHAIS,glp,16,36.0,35.0,37.0,35.0,38.0
2011-05,MUN,PR|PONTA GROSSA,glp,35,37.0,36.0,37.0,35.0,38.0
2011-05,MUN,PR|SANTO ANTONIO DA PLATINA,glp,15,39.0,39.0,39.0,39.0,39.0
2011-05,MUN,PR|SAO JOSE DOS PINHAIS,glp,17,37.0,35.6,38.0,35.0,40.0
2011-05,MUN,PR|TERRA BOA,glp,1,38.0,38.0,38.0,38.0,38.0
2011-05,MUN,PR|TOLEDO,glp,27,38.0,34.96,41.2,33.0,45.0
2011-05,MUN,PR|UMUARAMA,glp,15,36.0,36.0,37.0,35.0,37.0
2011-05,MUN,PR|UNIAO DA VITORIA,glp,4,39.5,39.0,40.0,39.0,40.0
2011-05,MUN,RJ|ANGRA DOS REIS,glp,6,40.5,39.0,42.0,39.0,42.0
2011-05,MUN,RJ|ARARUAMA,glp,6,37.0,35.49,37.995,34.99,38.99
2011-05,MUN,RJ|ARMACAO DOS BUZIOS,glp,1,36.0,36.0,36.0,36.0,36.0
2011-05,MUN,RJ|BARRA DO PIRAI,glp,5,37.0,34.8,37.6,34.0,38.0
2011-05,MUN,RJ|BARRA MANSA,glp,14,38.5,37.0,40.0,36.0,40.0
2011-05,MUN,RJ|BELFORD ROXO,glp,6,36.5,34.995,38.0,34.99,38.0
2011-05,MUN,RJ|CABO FRIO,glp,5,34.0,34.0,34.8,34.0,35.0
2011-05,MUN,RJ|CAMPOS DOS GOYTACAZES,glp,20,40.0,39.8,40.0,38.0,42.0
2011-05,MUN,RJ|DUQUE DE CAXIAS,glp,58,39.0,35.85,40.0,34.0,42.0
2011-05,MUN,RJ|GUAPIMIRIM,glp,1,40.0,40.0,40.0,40.0,40.0
2011-05,MUN,RJ|ITABORAI,glp,6,38.0,36.5,38.5,35.0,39.0
2011-05,MUN,RJ|ITAGUAI,glp,4,39.075,37.57,39.705,37.0,39.9
2011-05,MUN,RJ|ITAPERUNA,glp,4,37.0,36.0,39.4,36.0,40.0
2011-05,MUN,RJ|MACAE,glp,4,41.5,40.0,43.0,40.0,43.0
2011-05,MUN,RJ|MAGE,glp,3,38.0,38.0,39.6,38.0,40.0
2011-05,MUN,RJ|MANGARATIBA,glp,1,39.9,39.9,39.9,39.9,39.9
2011-05,MUN,RJ|MARICA,glp,4,37.0,37.0,37.7,37.0,38.0
2011-05,MUN,RJ|NILOPOLIS,glp,4,40.0,40.0,40.0,40.0,40.0
2011-05,MUN,RJ|NITEROI,glp,14,38.0,36.0,38.7,35.0,40.0
2011-05,MUN,RJ|NOVA FRIBURGO,glp,6,38.75,38.0,40.0,38.0,40.0
2011-05,MUN,RJ|NOVA IGUACU,glp,22,37.5,35.099,40.0,34.99,40.0
2011-05,MUN,RJ|PARAIBA DO SUL,glp,3,38.0,38.0,38.0,38.0,38.0
2011-05,MUN,RJ|PARATY,glp,2,39.0,38.2,39.8,38.0,40.0
2011-05,MUN,RJ|PETROPOLIS,glp,7,40.9,39.54,42.0,39.0,42.0
2011-05,MUN,RJ|RESENDE,glp,6,38.0,38.0,38.5,38.0,39.0
2011-05,MUN,RJ|RIO BONITO,glp,3,38.0,38.0,38.8,38.0,39.0
2011-05,MUN,RJ|RIO DAS OSTRAS,glp,1,40.0,40.0,40.0,40.0,40.0
2011-05,MUN,RJ|RIO DE JANEIRO,glp,84,36.0,34.0,40.0,31.0,42.0
2011-05,MUN,RJ|SANTO ANTONIO DE PADUA,glp,2,35.0,35.0,35.0,35.0,35.0
2011-05,MUN,RJ|SAO FRANCISCO DE ITABAPOANA,glp,2,39.0,38.2,39.8,38.0,40.0
2011-05,MUN,RJ|SAO GONCALO,glp,26,36.25,35.25,38.0,34.0,39.0
2011-05,MUN,RJ|SAO JOAO DE MERITI,glp,15,38.0,38.0,40.0,36.0,40.0
2011-05,MUN,RJ|SAPUCAIA,glp,2,40.0,40.0,40.0,40.0,40.0
2011-05,MUN,RJ|SAQUAREMA,glp,5,35.95,35.198,36.3,35.0,36.5
2011-05,MUN,RJ|TERESOPOLIS,glp,6,39.5,39.0,40.0,39.0,40.0
2011-05,MUN,RJ|TRES RIOS,glp,2,39.0,38.2,39.8,38.0,40.0
2011-05,MUN,RJ|VALENCA,glp,5,39.0,37.8,39.6,37.0,40.0
2011-05,MUN,RJ|VASSOURAS,glp,2,40.0,40.0,40.0,40.0,40.0
2011-05,MUN,RJ|VOLTA REDONDA,glp,7,38.0,36.2,39.4,35.0,40.0
2011-05,MUN,RN|CAICARA DO NORTE,glp,1,40.0,40.0,40.0,40.0,40.0
2011-05,MUN,RN|CAICO,glp,4,35.0,34.3,37.1,34.0,38.0
2011-05,MUN,RN|CURRAIS NOVOS,glp,4,34.5,34.0,35.0,34.0,35.0
2011-05,MUN,RN|MOSSORO,glp,5,35.0,35.0,36.0,35.0,36.0
2011-05,MUN,RN|NATAL,glp,73,40.0,38.0,40.0,38.0,40.0
2011-05,MUN,RN|PARNAMIRIM,glp,19,37.0,35.8,39.2,35.0,40.0
2011-05,MUN,RN|SAO JOSE DE MIPIBU,glp,3,40.0,40.0,40.0,40.0,40.0
2011-05,MUN,RN|SERRA DO MEL,glp,1,40.0,40.0,40.0,40.0,40.0
2011-05,MUN,RO|ARIQUEMES,glp,6,42.0,42.0,42.0,42.0,42.0
2011-05,MUN,RO|CACOAL,glp,6,42.5,42.0,43.0,42.0,43.0
2011-05,MUN,RO|GUAJARA-MIRIM,glp,6,42.5,42.0,43.0,42.0,43.0
2011-05,MUN,RO|JI-PARANA,glp,13,38.0,37.0,39.0,37.0,39.0
2011-05,MUN,RO|PIMENTA BUENO,glp,4,43.0,42.0,44.0,42.0,44.0
2011-05,MUN,RO|PORTO VELHO,glp,77,38.0,37.0,40.0,37.0,40.0
2011-05,MUN,RO|SAO MIGUEL DO GUAPORE,glp,3,45.0,45.0,45.0,45.0,45.0
2011-05,MUN,RO|VILHENA,glp,8,42.5,42.0,43.0,42.0,43.0
2011-05,MUN,RR|BOA VISTA,glp,42,41.75,41.0,42.45,40.0,43.0
2011-05,MUN,RR|CANTA,glp,2,39.5,39.1,39.9,39.0,40.0
2011-05,MUN,RR|CARACARAI,glp,2,45.5,45.1,45.9,45.0,46.0
2011-05,MUN,RR|MUCAJAI,glp,1,42.0,42.0,42.0,42.0,42.0
2011-05,MUN,RR|RORAINOPOLIS,glp,2,44.5,44.1,44.9,44.0,45.0
2011-05,MUN,RS|ALEGRETE,glp,12,36.0,35.0,38.9,34.9,39.0
2011-05,MUN,RS|ALVORADA,glp,13,39.0,37.2,40.0,35.0,40.0
2011-05,MUN,RS|BAGE,glp,33,38.0,38.0,39.0,29.9,42.0
2011-05,MUN,RS|BENTO GONCALVES,glp,14,40.0,39.0,45.0,38.0,45.0
2011-05,MUN,RS|CACAPAVA DO SUL,glp,11,43.0,38.0,43.0,38.0,43.0
2011-05,MUN,RS|CACHOEIRA DO SUL,glp,21,38.0,35.0,40.0,35.0,44.0
2011-05,MUN,RS|CACHOEIRINHA,glp,10,39.0,38.0,40.1,38.0,41.0
2011-05,MUN,RS|CANOAS,glp,42,39.0,36.0,40.0,35.0,42.0
2011-05,MUN,RS|CAXIAS DO SUL,glp,75,40.0,39.0,42.0,35.0,45.0
2011-05,MUN,RS|CHUI,glp,5,33.0,31.0,34.2,31.0,35.0
2011-05,MUN,RS|CRUZ ALTA,glp,7,36.0,34.0,38.2,34.0,40.0
2011-05,MUN,RS|ERECHIM,glp,19,45.0,44.0,46.0,43.0,46.0
2011-05,MUN,RS|ESTEIO,glp,11,39.0,38.0,40.0,38.0,42.0
2011-05,MUN,RS|GRAMADO,glp,8,39.75,38.0,40.0,38.0,40.0
2011-05,MUN,RS|GRAVATAI,glp,29,40.0,38.0,40.0,37.0,42.0
2011-05,MUN,RS|GUAIBA,glp,14,39.95,39.27,40.0,39.0,40.0
2011-05,MUN,RS|IJUI,glp,5,40.0,39.4,41.6,39.0,42.0
2011-05,MUN,RS|JAGUARAO,glp,13,33.0,32.0,34.8,32.0,36.0
2011-05,MUN,RS|LAJEADO,glp,11,40.0,40.0,40.0,40.0,40.0
2011-05,MUN,RS|NOVO HAMBURGO,glp,21,37.0,36.0,38.0,35.0,40.0
2011-05,MUN,RS|OSORIO,glp,9,40.0,40.0,40.0,40.0,40.0
2011-05,MUN,RS|PALMEIRA DAS MISSOES,glp,10,40.0,39.0,43.05,39.0,43.5
2011-05,MUN,RS|PASSO FUNDO,glp,89,40.0,35.8,43.0,30.0,45.0
2011-05,MUN,RS|PELOTAS,glp,39,36.0,33.0,38.0,32.0,38.0
2011-05,MUN,RS|PINTO BANDEIRA,glp,1,40.0,40.0,40.0,40.0,40.0
2011-05,MUN,RS|PORTO ALEGRE,glp,90,38.95,37.0,40.0,35.0,40.0
2011-05,MUN,RS|RIO GRANDE,glp,64,37.0,36.0,38.0,36.0,40.0
2011-05,MUN,RS|SANTA CRUZ DO SUL,glp,20,38.5,37.0,40.4,35.0,45.0
2011-05,MUN,RS|SANTA MARIA,glp,90,38.0,36.45,40.0,35.0,43.0
2011-05,MUN,RS|SANTA ROSA,glp,11,38.0,37.0,38.0,37.0,39.0
2011-05,MUN,RS|SANTA VITORIA DO PALMAR,glp,9,36.0,36.0,38.0,36.0,38.0
2011-05,MUN,RS|SANTANA DO LIVRAMENTO,glp,18,34.0,33.9,34.0,33.9,34.0
2011-05,MUN,RS|SANTO ANGELO,glp,17,41.0,40.0,43.4,38.0,44.0
2011-05,MUN,RS|SAO BORJA,glp,8,39.5,35.0,40.0,35.0,40.0
2011-05,MUN,RS|SAO GABRIEL,glp,16,41.0,38.0,43.0,37.0,44.0
2011-05,MUN,RS|SAO LEOPOLDO,glp,18,38.0,36.7,39.0,36.0,39.0
2011-05,MUN,RS|SAO LUIZ GONZAGA,glp,5,43.0,41.94,43.6,41.9,44.0
2011-05,MUN,RS|SAPIRANGA,glp,11,40.0,38.9,42.0,38.0,42.0
2011-05,MUN,RS|SAPUCAIA DO SUL,glp,21,40.0,38.0,40.0,35.0,40.0
2011-05,MUN,RS|TORRES,glp,7,40.0,39.96,42.1,39.9,43.0
2011-05,MUN,RS|TRAMANDAI,glp,11,40.0,38.0,40.0,38.0,40.0
2011-05,MUN,RS|URUGUAIANA,glp,19,40.0,39.0,40.0,38.0,41.0
2011-05,MUN,RS|VACARIA,glp,11,40.0,39.5,42.0,39.0,42.0
2011-05,MUN,RS|VIAMAO,glp,22,40.0,37.91,42.0,35.0,43.0
2011-05,MUN,SC|ARARANGUA,glp,4,38.0,36.6,39.4,36.0,40.0
2011-05,MUN,SC|BALNEARIO CAMBORIU,glp,3,45.0,41.0,47.4,40.0,48.0
2011-05,MUN,SC|BIGUACU,glp,3,46.0,46.0,46.8,46.0,47.0
2011-05,MUN,SC|BLUMENAU,glp,22,40.0,39.0,41.5,38.95,42.0
2011-05,MUN,SC|BRUSQUE,glp,6,42.0,39.475,44.75,38.95,46.5
2011-05,MUN,SC|CACADOR,glp,3,40.0,39.2,40.8,39.0,41.0
2011-05,MUN,SC|CHAPECO,glp,18,41.25,40.0,42.65,40.0,43.0
2011-05,MUN,SC|CONCORDIA,glp,4,40.0,39.93,40.7,39.9,41.0
2011-05,MUN,SC|CRICIUMA,glp,10,39.0,37.9,40.1,37.0,41.0
2011-05,MUN,SC|FLORIANOPOLIS,glp,84,43.25,42.0,45.0,41.0,47.0
2011-05,MUN,SC|GASPAR,glp,1,39.0,39.0,39.0,39.0,39.0
2011-05,MUN,SC|ITAJAI,glp,22,40.0,38.1,42.0,38.0,42.0
2011-05,MUN,SC|JARAGUA DO SUL,glp,5,39.0,38.2,40.5,38.0,41.5
2011-05,MUN,SC|JOINVILLE,glp,28,40.0,39.0,41.3,38.5,43.0
2011-05,MUN,SC|LAGES,glp,8,40.0,40.0,40.0,40.0,40.0
2011-05,MUN,SC|LAGUNA,glp,4,40.0,39.93,42.1,39.9,43.0
2011-05,MUN,SC|MAFRA,glp,4,40.0,39.3,40.7,39.0,41.0
2011-05,MUN,SC|PALHOCA,glp,10,44.0,42.9,45.0,42.0,45.0
2011-05,MUN,SC|SAO JOSE,glp,14,44.0,42.3,45.0,42.0,46.0
2011-05,MUN,SC|SAO MIGUEL DO OESTE,glp,3,37.0,35.4,38.6,35.0,39.0
2011-05,MUN,SC|TUBARAO,glp,8,35.0,35.0,37.3,35.0,38.0
2011-05,MUN,SC|VIDEIRA,glp,5,40.0,38.76,41.6,38.0,42.0
2011-05,MUN,SC|XANXERE,glp,6,40.0,39.0,40.0,38.0,40.0
2011-05,MUN,SE|ARACAJU,glp,24,34.5,33.0,35.0,32.0,36.0
2011-05,MUN,SE|ITABAIANA,glp,4,38.0,38.0,38.0,38.0,38.0
2011-05,MUN,SE|ITABAIANINHA,glp,3,33.0,32.2,33.8,32.0,34.0
2011-05,MUN,SE|LAGARTO,glp,4,35.5,34.93,37.4,34.9,38.0
2011-05,MUN,SE|NOSSA SENHORA DO SOCORRO,glp,10,35.0,35.0,35.05,35.0,35.5
2011-05,MUN,SE|SIMAO DIAS,glp,4,35.0,33.6,35.0,33.0,35.0
2011-05,MUN,SE|TOBIAS BARRETO,glp,4,35.0,34.3,35.0,34.0,35.0
2011-05,MUN,SP|ADAMANTINA,glp,12,38.0,37.1,38.0,35.0,38.0
2011-05,MUN,SP|AMERICANA,glp,20,41.0,40.0,42.0,37.99,42.0
2011-05,MUN,SP|AMPARO,glp,8,39.0,37.7,40.54,37.0,41.8
2011-05,MUN,SP|APIAI,glp,2,39.0,39.0,39.0,39.0,39.0
2011-05,MUN,SP|ARACATUBA,glp,50,37.75,34.9,38.0,30.0,40.0
2011-05,MUN,SP|ARARAQUARA,glp,15,39.0,38.0,40.0,34.99,40.0
2011-05,MUN,SP|ARARAS,glp,5,34.9,34.63,34.93,34.45,34.95
2011-05,MUN,SP|ASSIS,glp,17,39.0,38.0,40.0,38.0,40.0
2011-05,MUN,SP|ATIBAIA,glp,26,37.5,35.5,39.0,33.0,40.0
2011-05,MUN,SP|AVARE,glp,9,40.0,39.6,42.0,38.0,42.0
2011-05,MUN,SP|BARRETOS,glp,18,35.0,35.0,36.3,33.0,38.0
2011-05,MUN,SP|BARUERI,glp,36,38.0,34.0,40.0,33.99,40.0
2011-05,MUN,SP|BAURU,glp,68,38.0,36.97,40.15,34.0,41.0
2011-05,MUN,SP|BEBEDOURO,glp,22,38.0,37.0,40.0,35.0,42.0
2011-05,MUN,SP|BIRIGUI,glp,23,38.0,35.0,38.0,34.0,38.0
2011-05,MUN,SP|BOTUCATU,glp,17,43.0,42.2,43.0,39.0,43.0
2011-05,MUN,SP|BRAGANCA PAULISTA,glp,22,37.0,35.99,38.0,35.0,38.0
2011-05,MUN,SP|CACAPAVA,glp,19,37.0,32.0,38.0,31.99,38.0
2011-05,MUN,SP|CAMPINAS,glp,80,37.0,35.0,39.54,33.0,40.0
2011-05,MUN,SP|CAMPOS DO JORDAO,glp,9,37.0,36.8,37.2,36.0,38.0
2011-05,MUN,SP|CAPAO BONITO,glp,4,36.0,36.0,36.0,36.0,36.0
2011-05,MUN,SP|CARAGUATATUBA,glp,15,40.0,39.0,40.0,37.9,42.0
2011-05,MUN,SP|CARAPICUIBA,glp,31,34.0,33.99,38.0,33.99,39.0
2011-05,MUN,SP|CATANDUVA,glp,16,37.75,35.5,39.5,35.0,40.0
2011-05,MUN,SP|COSMOPOLIS,glp,11,37.0,35.0,38.0,35.0,38.0
2011-05,MUN,SP|COTIA,glp,11,37.0,35.0,41.0,35.0,41.0
2011-05,MUN,SP|CRUZEIRO,glp,13,37.0,35.2,37.0,34.0,37.0
2011-05,MUN,SP|CUBATAO,glp,7,37.0,36.0,38.0,36.0,38.0
2011-05,MUN,SP|DIADEMA,glp,38,35.0,32.848,38.0,29.9,40.0
2011-05,MUN,SP|DRACENA,glp,9,45.0,44.4,45.0,42.0,45.0
2011-05,MUN,SP|EMBU DAS ARTES,glp,4,37.5,35.6,38.0,35.0,38.0
2011-05,MUN,SP|FERRAZ DE VASCONCELOS,glp,10,38.0,37.791,40.0,36.0,40.0
2011-05,MUN,SP|FRANCA,glp,48,39.225,37.85,40.0,32.0,40.0
2011-05,MUN,SP|FRANCISCO MORATO,glp,16,37.0,35.5,37.0,35.0,38.0
2011-05,MUN,SP|FRANCO DA ROCHA,glp,6,35.5,35.0,36.5,35.0,37.0
2011-05,MUN,SP|GARCA,glp,11,40.0,38.0,40.0,37.0,40.0
2011-05,MUN,SP|GUARATINGUETA,glp,16,30.95,30.0,37.998,30.0,40.0
2011-05,MUN,SP|GUARUJA,glp,11,38.6,38.0,40.6,38.0,41.0
2011-05,MUN,SP|GUARULHOS,glp,60,38.0,35.9,40.0,33.99,41.0
2011-05,MUN,SP|HORTOLANDIA,glp,21,37.0,36.0,40.0,35.0,42.0
2011-05,MUN,SP|IBITINGA,glp,10,39.0,38.0,40.4,38.0,44.0
2011-05,MUN,SP|INDAIATUBA,glp,23,42.0,40.0,42.0,40.0,43.0
2011-05,MUN,SP|ITANHAEM,glp,13,37.0,35.0,38.0,35.0,38.0
2011-05,MUN,SP|ITAPECERICA DA SERRA,glp,6,40.0,36.995,40.0,35.99,40.0
2011-05,MUN,SP|ITAPETININGA,glp,15,35.0,34.36,37.0,33.0,40.0
2011-05,MUN,SP|ITAPEVA,glp,5,38.0,37.2,38.6,37.0,39.0
2011-05,MUN,SP|ITAPEVI,glp,9,35.99,33.99,38.0,33.99,38.0
2011-05,MUN,SP|ITAPIRA,glp,5,35.0,35.0,35.0,35.0,35.0
2011-05,MUN,SP|ITAPOLIS,glp,15,39.0,37.4,40.0,36.0,40.0
2011-05,MUN,SP|ITAQUAQUECETUBA,glp,23,38.0,33.0,40.0,30.0,40.0
2011-05,MUN,SP|ITATIBA,glp,12,37.0,36.0,37.95,30.9,38.0
2011-05,MUN,SP|ITU,glp,11,37.0,34.0,38.0,33.0,38.0
2011-05,MUN,SP|JABOTICABAL,glp,21,38.0,36.0,40.0,34.0,42.0
2011-05,MUN,SP|JACAREI,glp,16,36.0,34.25,38.0,34.0,39.0
2011-05,MUN,SP|JALES,glp,10,38.0,35.0,39.1,35.0,40.0
2011-05,MUN,SP|JANDIRA,glp,16,35.995,34.995,38.5,33.0,40.0
2011-05,MUN,SP|JAU,glp,12,38.0,35.0,38.0,35.0,40.0
2011-05,MUN,SP|JOSE BONIFACIO,glp,17,37.0,35.0,39.2,35.0,39.9
2011-05,MUN,SP|JUNDIAI,glp,16,37.0,37.0,39.0,37.0,40.0
2011-05,MUN,SP|LEME,glp,23,35.5,34.5,37.0,33.0,37.0
2011-05,MUN,SP|LIMEIRA,glp,20,36.0,35.0,38.199,33.99,39.99
2011-05,MUN,SP|LINS,glp,24,35.0,31.993,35.7,30.0,38.0
2011-05,MUN,SP|LORENA,glp,16,35.0,32.5,36.5,30.0,39.0
2011-05,MUN,SP|MARILIA,glp,23,40.0,39.1,40.0,38.0,42.0
2011-05,MUN,SP|MATAO,glp,17,40.0,40.0,42.0,39.0,46.0
2011-05,MUN,SP|MAUA,glp,40,40.5,35.956,42.0,30.99,45.0
2011-05,MUN,SP|MIRASSOL,glp,12,35.0,33.0,36.0,33.0,38.0
2011-05,MUN,SP|MOCOCA,glp,13,42.0,40.2,42.0,38.0,42.0
2011-05,MUN,SP|MOGI DAS CRUZES,glp,51,38.0,37.5,40.0,36.0,41.0
2011-05,MUN,SP|MOGI GUACU,glp,17,38.0,37.0,38.4,37.0,39.0
2011-05,MUN,SP|MOGI MIRIM,glp,10,36.0,34.9,36.1,34.0,37.0
2011-05,MUN,SP|MONTE ALTO,glp,12,40.0,38.2,43.0,35.0,43.0
2011-05,MUN,SP|OLIMPIA,glp,12,34.0,33.0,35.0,32.99,38.0
2011-05,MUN,SP|OSASCO,glp,82,34.99,33.99,39.99,32.0,43.0
2011-05,MUN,SP|OURINHOS,glp,30,38.0,35.0,39.0,33.0,39.0
2011-05,MUN,SP|PARAGUACU PAULISTA,glp,14,42.0,42.0,42.0,41.0,42.0
2011-05,MUN,SP|PAULICEIA,glp,1,37.0,37.0,37.0,37.0,37.0
2011-05,MUN,SP|PAULINIA,glp,21,34.0,31.0,35.0,30.99,36.0
2011-05,MUN,SP|PINDAMONHANGABA,glp,19,37.0,34.98,38.0,34.9,39.0
2011-05,MUN,SP|PIRACICABA,glp,30,39.995,37.9,40.0,35.0,40.0
2011-05,MUN,SP|PIRASSUNUNGA,glp,9,35.5,34.9,38.0,34.9,38.0
2011-05,MUN,SP|POA,glp,10,38.0,38.0,40.0,38.0,40.0
2011-05,MUN,SP|PORTO FERREIRA,glp,7,34.0,32.4,35.4,30.0,36.0
2011-05,MUN,SP|PRAIA GRANDE,glp,21,38.0,34.99,42.0,33.99,45.0
2011-05,MUN,SP|PRESIDENTE PRUDENTE,glp,60,39.0,37.0,40.0,36.0,43.9
2011-05,MUN,SP|PRESIDENTE VENCESLAU,glp,12,35.0,35.0,37.0,35.0,37.2
2011-05,MUN,SP|RIBEIRAO PIRES,glp,13,39.9,38.0,40.0,38.0,42.0
2011-05,MUN,SP|RIBEIRAO PRETO,glp,139,42.0,40.8,42.0,38.0,45.0
2011-05,MUN,SP|RIO CLARO,glp,8,35.0,35.0,35.0,35.0,35.0
2011-05,MUN,SP|SALTO,glp,15,38.0,34.4,39.96,34.0,40.0
2011-05,MUN,SP|SANTA BARBARA D'OESTE,glp,23,41.0,40.0,42.0,40.0,42.0
2011-05,MUN,SP|SANTA CRUZ DO RIO PARDO,glp,13,37.0,36.92,37.0,35.0,38.0
2011-05,MUN,SP|SANTO ANDRE,glp,50,39.995,35.999,41.91,33.99,42.9
2011-05,MUN,SP|SANTOS,glp,41,37.0,34.5,40.0,34.0,43.0
2011-05,MUN,SP|SAO BERNARDO DO CAMPO,glp,52,39.5,36.0,41.81,34.0,43.0
2011-05,MUN,SP|SAO CAETANO DO SUL,glp,7,39.99,39.0,41.06,39.0,41.9
2011-05,MUN,SP|SAO CARLOS,glp,16,37.9,36.9,39.95,35.9,41.0
2011-05,MUN,SP|SAO JOAO DA BOA VISTA,glp,11,38.0,38.0,38.0,38.0,38.0
2011-05,MUN,SP|SAO JOAQUIM DA BARRA,glp,12,40.0,38.2,41.0,38.0,42.0
2011-05,MUN,SP|SAO JOSE DO RIO PRETO,glp,97,38.0,35.0,40.0,33.0,45.0
2011-05,MUN,SP|SAO JOSE DOS CAMPOS,glp,62,36.0,35.099,38.0,35.0,39.0
2011-05,MUN,SP|SAO PAULO,glp,269,38.0,33.99,40.0,33.99,42.0
2011-05,MUN,SP|SAO ROQUE,glp,13,36.0,34.0,37.8,33.99,38.9
2011-05,MUN,SP|SAO VICENTE,glp,46,37.0,35.0,39.0,33.99,42.0
2011-05,MUN,SP|SERTAOZINHO,glp,28,38.0,34.97,38.0,33.9,40.0
2011-05,MUN,SP|SOROCABA,glp,28,38.0,36.0,39.93,35.0,40.0
2011-05,MUN,SP|SUMARE,glp,21,37.0,30.0,40.0,30.0,40.0
2011-05,MUN,SP|SUZANO,glp,33,40.0,36.0,40.0,33.99,40.0
2011-05,MUN,SP|TABOAO DA SERRA,glp,6,34.5,33.995,39.9,33.99,39.9
2011-05,MUN,SP|TATUI,glp,9,40.0,37.8,40.4,37.0,42.0
2011-05,MUN,SP|TAUBATE,glp,38,37.2,35.0,39.3,34.0,42.0
2011-05,MUN,SP|TUPA,glp,7,36.0,33.8,36.8,32.0,38.0
2011-05,MUN,SP|UBATUBA,glp,11,38.0,35.0,40.0,34.99,40.0
2011-05,MUN,SP|VALINHOS,glp,11,39.0,38.0,40.0,38.0,40.5
2011-05,MUN,SP|VARZEA PAULISTA,glp,11,35.0,35.0,38.0,35.0,38.0
2011-05,MUN,SP|VINHEDO,glp,5,40.0,39.4,41.0,39.0,41.0
2011-05,MUN,SP|VOTORANTIM,glp,17,37.0,36.54,37.0,36.0,40.0
2011-05,MUN,SP|VOTUPORANGA,glp,20,35.0,33.0,37.0,33.0,38.0
2011-05,MUN,TO|ARAGUAINA,glp,14,45.0,43.0,45.0,40.0,45.0
2011-05,MUN,TO|DIANOPOLIS,glp,6,45.0,44.0,45.0,44.0,45.0
2011-05,MUN,TO|GURUPI,glp,33,45.0,44.2,45.0,44.0,45.0
2011-05,MUN,TO|PALMAS,glp,29,44.0,42.0,45.0,42.0,45.0
2011-05,MUN,TO|PARAISO DO TOCANTINS,glp,11,45.0,44.0,45.0,43.0,45.0
2011-05,MUN,TO|PORTO NACIONAL,glp,13,45.0,44.0,45.0,44.0,45.0
2011-05,UF,AC,glp,232,42.0,41.0,44.0,39.0,53.0
2011-05,UF,AL,glp,88,37.0,35.0,40.0,33.0,41.0
2011-05,UF,AM,glp,227,31.0,30.0,33.0,28.0,45.0
2011-05,UF,AP,glp,35,42.0,40.0,45.0,40.0,48.0
2011-05,UF,BA,glp,491,36.0,31.0,38.0,25.6,41.0
2011-05,UF,CE,glp,349,38.0,35.0,40.0,32.0,40.0
2011-05,UF,DF,glp,163,37.0,36.0,38.0,36.0,40.0
2011-05,UF,ES,glp,289,36.0,34.0,38.0,30.0,39.0
2011-05,UF,GO,glp,590,40.0,38.0,43.0,34.99,45.0
2011-05,UF,MA,glp,172,40.0,38.0,42.0,35.0,45.0
2011-05,UF,MG,glp,1182,42.0,38.0,45.0,33.0,49.0
2011-05,UF,MS,glp,559,48.0,44.0,49.0,38.0,50.0
2011-05,UF,MT,glp,135,48.0,44.0,50.0,39.0,53.9
2011-05,UF,PA,glp,248,40.0,38.0,45.0,34.0,47.5
2011-05,UF,PB,glp,144,34.0,33.0,35.0,31.0,38.0
2011-05,UF,PE,glp,408,34.0,32.0,37.0,29.995,40.0
2011-05,UF,PI,glp,76,37.0,35.0,40.0,31.99,41.0
2011-05,UF,PR,glp,795,40.0,35.0,45.0,30.9,47.0
2011-05,UF,RJ,glp,374,38.0,35.0,40.0,31.0,43.0
2011-05,UF,RN,glp,110,39.0,35.0,40.0,34.0,40.0
2011-05,UF,RO,glp,123,39.0,37.0,43.0,37.0,45.0
2011-05,UF,RR,glp,49,42.0,41.0,43.0,39.0,46.0
2011-05,UF,RS,glp,990,39.0,36.0,42.0,29.9,46.0
2011-05,UF,SC,glp,275,41.5,39.0,45.0,35.0,48.0
2011-05,UF,SE,glp,53,35.0,33.0,36.0,32.0,38.0
2011-05,UF,SP,glp,2829,38.0,35.0,41.0,29.9,46.0
2011-05,UF,TO,glp,106,45.0,43.0,45.0,40.0,45.0
2011-06,BR,BR,glp,10859,39.0,35.0,45.0,26.0,53.9
2011-06,MUN,AC|CRUZEIRO DO SUL,glp,6,50.0,49.0,53.0,48.0,53.0
2011-06,MUN,AC|RIO BRANCO,glp,211,43.0,42.0,43.5,40.0,45.0
2011-06,MUN,AC|SENA MADUREIRA,glp,6,45.0,43.5,45.0,43.0,45.0
2011-06,MUN,AC|SENADOR GUIOMARD,glp,6,44.0,44.0,44.0,44.0,44.0
2011-06,MUN,AC|TARAUACA,glp,3,50.0,50.0,50.0,50.0,50.0
2011-06,MUN,AC|XAPURI,glp,3,45.0,44.2,45.8,44.0,46.0
2011-06,MUN,AL|ARAPIRACA,glp,9,35.0,33.8,35.4,33.0,37.0
2011-06,MUN,AL|DELMIRO GOUVEIA,glp,2,35.0,35.0,35.0,35.0,35.0
2011-06,MUN,AL|MACEIO,glp,62,40.0,40.0,40.0,38.0,40.0
2011-06,MUN,AL|MARECHAL DEODORO,glp,2,39.0,39.0,39.0,39.0,39.0
2011-06,MUN,AL|PALMEIRA DOS INDIOS,glp,5,39.0,38.0,39.6,38.0,40.0
2011-06,MUN,AL|RIO LARGO,glp,5,33.0,33.0,35.0,33.0,35.0
2011-06,MUN,AL|SANTANA DO IPANEMA,glp,6,35.0,35.0,35.0,35.0,35.0
2011-06,MUN,AL|SAO JOSE DA LAJE,glp,1,40.0,40.0,40.0,40.0,40.0
2011-06,MUN,AM|AUTAZES,glp,1,32.0,32.0,32.0,32.0,32.0
2011-06,MUN,AM|HUMAITA,glp,3,36.0,35.6,36.4,35.5,36.5
2011-06,MUN,AM|ITACOATIARA,glp,10,34.0,33.0,35.0,33.0,35.0
2011-06,MUN,AM|MANACAPURU,glp,5,33.0,33.0,33.0,33.0,33.0
2011-06,MUN,AM|MANAUS,glp,191,31.0,30.0,32.0,28.0,45.0
2011-06,MUN,AM|PARINTINS,glp,2,32.25,32.05,32.45,32.0,32.5
2011-06,MUN,AM|PRESIDENTE FIGUEIREDO,glp,2,34.25,34.05,34.45,34.0,34.5
2011-06,MUN,AM|TEFE,glp,2,38.0,38.0,38.0,38.0,38.0
2011-06,MUN,AP|LARANJAL DO JARI,glp,2,44.75,44.55,44.95,44.5,45.0
2011-06,MUN,AP|MACAPA,glp,21,41.0,40.0,42.0,40.0,42.0
2011-06,MUN,AP|OIAPOQUE,glp,1,51.5,51.5,51.5,51.5,51.5
2011-06,MUN,AP|SANTANA,glp,8,45.0,45.0,45.0,45.0,45.0
2011-06,MUN,BA|ALAGOINHAS,glp,5,37.0,37.0,37.0,37.0,37.0
2011-06,MUN,BA|BARRA,glp,6,35.0,33.5,35.5,33.0,36.0
2011-06,MUN,BA|BARRA DO MENDES,glp,1,35.0,35.0,35.0,35.0,35.0
2011-06,MUN,BA|BARREIRAS,glp,10,40.0,38.0,40.0,38.0,40.0
2011-06,MUN,BA|BRUMADO,glp,7,35.0,34.2,36.0,33.0,36.0
2011-06,MUN,BA|CAETITE,glp,6,30.0,30.0,30.0,30.0,30.0
2011-06,MUN,BA|CAMACARI,glp,13,38.0,38.0,38.5,38.0,39.0
2011-06,MUN,BA|CAMPO FORMOSO,glp,2,38.0,38.0,38.0,38.0,38.0
2011-06,MUN,BA|CANDEIAS,glp,7,35.0,32.3,35.0,32.0,35.0
2011-06,MUN,BA|CAPIM GROSSO,glp,1,38.0,38.0,38.0,38.0,38.0
2011-06,MUN,BA|EUNAPOLIS,glp,9,35.0,35.0,35.2,35.0,36.0
2011-06,MUN,BA|FEIRA DE SANTANA,glp,15,38.0,35.9,39.0,35.0,39.0
2011-06,MUN,BA|GUANAMBI,glp,14,28.0,28.0,28.0,28.0,30.0
2011-06,MUN,BA|ILHEUS,glp,9,38.99,37.0,40.2,37.0,41.0
2011-06,MUN,BA|IPIRA,glp,6,38.0,38.0,38.0,38.0,38.0
2011-06,MUN,BA|IRECE,glp,12,35.0,35.0,35.0,35.0,41.0
2011-06,MUN,BA|ITABUNA,glp,14,39.0,37.3,40.0,36.0,40.0
2011-06,MUN,BA|ITAMARAJU,glp,6,35.0,35.0,35.0,35.0,35.0
2011-06,MUN,BA|JACOBINA,glp,7,38.0,38.0,40.0,38.0,40.0
2011-06,MUN,BA|JAGUAQUARA,glp,9,33.0,33.0,33.0,33.0,33.0
2011-06,MUN,BA|JEQUIE,glp,14,30.0,29.93,32.0,26.0,34.0
2011-06,MUN,BA|JOAO DOURADO,glp,1,35.0,35.0,35.0,35.0,35.0
2011-06,MUN,BA|JUAZEIRO,glp,9,34.0,33.8,35.0,33.0,35.0
2011-06,MUN,BA|LAURO DE FREITAS,glp,21,36.0,35.0,36.0,34.0,38.0
2011-06,MUN,BA|LIVRAMENTO DE NOSSA SENHORA,glp,2,33.5,32.3,34.7,32.0,35.0
2011-06,MUN,BA|PAULO AFONSO,glp,5,37.0,35.4,37.0,35.0,37.0
2011-06,MUN,BA|POCOES,glp,6,32.0,32.0,37.0,32.0,40.0
2011-06,MUN,BA|PORTO SEGURO,glp,9,38.0,36.8,38.0,36.0,38.0
2011-06,MUN,BA|RUY BARBOSA,glp,4,35.0,35.0,35.0,35.0,35.0
2011-06,MUN,BA|SALVADOR,glp,227,35.0,33.0,37.0,30.0,38.0
2011-06,MUN,BA|SANTO ANTONIO DE JESUS,glp,8,37.0,37.0,37.0,37.0,37.0
2011-06,MUN,BA|SENHOR DO BONFIM,glp,5,38.0,38.0,38.0,38.0,38.0
2011-06,MUN,BA|SERRINHA,glp,4,38.0,38.0,38.0,38.0,38.0
2011-06,MUN,BA|SIMOES FILHO,glp,6,37.5,37.0,38.0,37.0,38.0
2011-06,MUN,BA|TEIXEIRA DE FREITAS,glp,10,35.5,35.0,38.0,35.0,38.0
2011-06,MUN,BA|URANDI,glp,1,28.0,28.0,28.0,28.0,28.0
2011-06,MUN,BA|VALENCA,glp,5,37.0,35.0,37.0,35.0,37.0
2011-06,MUN,BA|VITORIA DA CONQUISTA,glp,14,35.0,35.0,38.0,35.0,40.0
2011-06,MUN,CE|AQUIRAZ,glp,1,39.0,39.0,39.0,39.0,39.0
2011-06,MUN,CE|ARACOIABA,glp,1,38.0,38.0,38.0,38.0,38.0
2011-06,MUN,CE|BEBERIBE,glp,2,33.0,33.0,33.0,33.0,33.0
2011-06,MUN,CE|CANINDE,glp,4,35.0,34.3,35.7,34.0,36.0
2011-06,MUN,CE|CAUCAIA,glp,42,38.0,36.5,38.0,35.0,40.0
2011-06,MUN,CE|CRATEUS,glp,5,35.0,34.4,35.6,34.0,36.0
2011-06,MUN,CE|CRATO,glp,14,38.0,33.6,40.0,33.0,40.0
2011-06,MUN,CE|FORTALEZA,glp,197,38.0,36.0,40.0,35.0,40.0
2011-06,MUN,CE|ICO,glp,3,35.0,35.0,35.0,35.0,35.0
2011-06,MUN,CE|IGUATU,glp,3,35.0,35.0,36.6,35.0,37.0
2011-06,MUN,CE|IPU,glp,2,33.5,33.1,33.9,33.0,34.0
2011-06,MUN,CE|ITAPIPOCA,glp,7,34.0,33.0,35.0,33.0,35.0
2011-06,MUN,CE|JUAZEIRO DO NORTE,glp,16,35.0,34.5,40.0,34.0,40.0
2011-06,MUN,CE|LIMOEIRO DO NORTE,glp,5,36.0,35.0,36.6,35.0,37.0
2011-06,MUN,CE|MARACANAU,glp,15,37.0,36.0,40.0,36.0,40.0
2011-06,MUN,CE|MORADA NOVA,glp,5,35.0,34.4,36.0,34.0,36.0
2011-06,MUN,CE|PEDRA BRANCA,glp,3,33.0,32.2,33.8,32.0,34.0
2011-06,MUN,CE|QUIXADA,glp,8,37.0,36.0,39.3,36.0,40.0
2011-06,MUN,CE|SOBRAL,glp,6,37.5,37.0,38.5,37.0,39.0
2011-06,MUN,DF|BRASILIA,glp,156,37.25,36.495,38.0,36.0,47.0
2011-06,MUN,ES|ARACRUZ,glp,9,35.0,33.0,35.0,33.0,35.0
2011-06,MUN,ES|BARRA DE SAO FRANCISCO,glp,8,34.0,34.0,36.0,34.0,36.0
2011-06,MUN,ES|CACHOEIRO DE ITAPEMIRIM,glp,18,35.0,34.0,36.0,34.0,36.0
2011-06,MUN,ES|CARIACICA,glp,46,36.0,30.0,37.0,29.99,38.0
2011-06,MUN,ES|CASTELO,glp,5,35.5,33.6,36.0,33.0,36.0
2011-06,MUN,ES|COLATINA,glp,10,36.0,35.0,37.1,35.0,38.0
2011-06,MUN,ES|GUARAPARI,glp,24,38.0,36.0,38.0,35.0,38.0
2011-06,MUN,ES|ITAPEMIRIM,glp,3,33.0,33.0,35.4,33.0,36.0
2011-06,MUN,ES|JAGUARE,glp,5,36.0,35.0,38.4,35.0,40.0
2011-06,MUN,ES|LINHARES,glp,16,35.0,34.0,35.0,34.0,35.0
2011-06,MUN,ES|MARATAIZES,glp,1,35.0,35.0,35.0,35.0,35.0
2011-06,MUN,ES|NOVA VENECIA,glp,3,38.0,35.6,39.6,35.0,40.0
2011-06,MUN,ES|SAO MATEUS,glp,13,38.0,37.0,39.0,37.0,39.0
2011-06,MUN,ES|SERRA,glp,80,36.0,35.0,38.0,35.0,38.0
2011-06,MUN,ES|VILA VELHA,glp,35,36.0,33.4,38.0,32.0,38.0
2011-06,MUN,ES|VITORIA,glp,22,37.0,35.0,38.0,35.0,38.0
2011-06,MUN,GO|AGUAS LINDAS DE GOIAS,glp,15,40.0,40.0,42.0,38.0,43.0
2011-06,MUN,GO|ANAPOLIS,glp,139,39.5,38.0,40.0,34.99,42.0
2011-06,MUN,GO|APARECIDA DE GOIANIA,glp,33,40.0,39.0,41.0,39.0,41.0
2011-06,MUN,GO|CALDAS NOVAS,glp,26,39.0,38.0,40.0,37.0,40.0
2011-06,MUN,GO|CAMPO ALEGRE DE GOIAS,glp,1,38.0,38.0,38.0,38.0,38.0
2011-06,MUN,GO|CATALAO,glp,16,38.0,38.0,38.0,38.0,39.0
2011-06,MUN,GO|CIDADE OCIDENTAL,glp,1,37.0,37.0,37.0,37.0,37.0
2011-06,MUN,GO|FORMOSA,glp,20,40.0,40.0,40.0,40.0,40.0
2011-06,MUN,GO|GOIANIA,glp,137,40.0,39.0,41.0,38.0,42.0
2011-06,MUN,GO|GOIATUBA,glp,11,38.0,37.0,38.0,37.0,38.0
2011-06,MUN,GO|ITUMBIARA,glp,16,43.0,41.75,43.0,40.0,43.0
2011-06,MUN,GO|JATAI,glp,21,40.0,40.0,42.0,40.0,42.0
2011-06,MUN,GO|LUZIANIA,glp,42,40.0,39.0,40.0,39.0,41.0
2011-06,MUN,GO|MINEIROS,glp,18,44.0,43.0,45.0,42.0,45.0
2011-06,MUN,GO|MORRINHOS,glp,17,38.0,37.6,40.0,37.0,40.0
2011-06,MUN,GO|PLANALTINA,glp,28,45.0,45.0,45.0,45.0,45.0
2011-06,MUN,GO|PONTALINA,glp,1,37.0,37.0,37.0,37.0,37.0
2011-06,MUN,GO|PORANGATU,glp,18,45.0,45.0,45.0,45.0,45.0
2011-06,MUN,GO|RIO VERDE,glp,26,42.0,40.5,43.0,39.0,43.0
2011-06,MUN,GO|TRINDADE,glp,30,40.0,39.0,41.0,39.0,41.0
2011-06,MUN,GO|VALPARAISO DE GOIAS,glp,12,43.0,43.0,43.0,40.0,43.0
2011-06,MUN,MA|ACAILANDIA,glp,5,40.0,40.0,42.6,40.0,43.0
2011-06,MUN,MA|BACABAL,glp,4,38.0,37.3,38.0,37.0,38.0
2011-06,MUN,MA|BALSAS,glp,3,40.0,40.0,40.0,40.0,40.0
2011-06,MUN,MA|BARRA DO CORDA,glp,7,45.0,42.0,45.0,42.0,45.0
2011-06,MUN,MA|CAROLINA,glp,3,44.0,44.0,44.0,44.0,44.0
2011-06,MUN,MA|CAXIAS,glp,3,42.0,42.0,42.0,42.0,42.0
2011-06,MUN,MA|CODO,glp,3,41.0,40.2,41.0,40.0,41.0
2011-06,MUN,MA|IMPERATRIZ,glp,47,42.0,40.0,42.0,38.0,43.0
2011-06,MUN,MA|JOAO LISBOA,glp,1,42.0,42.0,42.0,42.0,42.0
2011-06,MUN,MA|PINHEIRO,glp,4,38.5,37.0,40.0,37.0,40.0
2011-06,MUN,MA|PRESIDENTE DUTRA,glp,3,38.0,38.0,38.0,38.0,38.0
2011-06,MUN,MA|SANTA INES,glp,4,40.0,40.0,40.0,40.0,40.0
2011-06,MUN,MA|SAO DOMINGOS DO MARANHAO,glp,2,36.0,36.0,36.0,36.0,36.0
2011-06,MUN,MA|SAO JOAO DOS PATOS,glp,3,40.0,40.0,40.0,40.0,40.0
2011-06,MUN,MA|SAO JOSE DE RIBAMAR,glp,10,39.0,38.0,40.0,38.0,40.0
2011-06,MUN,MA|SAO LUIS,glp,69,39.0,38.0,40.0,36.0,40.0
2011-06,MUN,MA|TIMON,glp,3,39.0,37.4,39.0,37.0,39.0
2011-06,MUN,MG|ALFENAS,glp,15,38.0,34.16,38.0,33.0,40.0
2011-06,MUN,MG|ARAGUARI,glp,16,45.0,43.5,45.0,43.0,45.0
2011-06,MUN,MG|ARAXA,glp,5,42.0,42.0,45.0,42.0,45.0
2011-06,MUN,MG|BARBACENA,glp,17,37.0,35.0,38.0,34.0,38.0
2011-06,MUN,MG|BELO HORIZONTE,glp,124,42.0,39.65,44.35,37.0,46.0
2011-06,MUN,MG|BETIM,glp,35,43.0,41.0,45.0,39.0,45.0
2011-06,MUN,MG|BOM DESPACHO,glp,3,42.0,40.4,42.0,40.0,42.0
2011-06,MUN,MG|CAMPO BELO,glp,8,37.0,37.0,38.65,37.0,39.0
2011-06,MUN,MG|CARATINGA,glp,3,38.5,37.3,38.5,37.0,38.5
2011-06,MUN,MG|CATAGUASES,glp,7,38.75,37.0,40.0,37.0,40.0
2011-06,MUN,MG|CONGONHAS,glp,9,38.0,35.8,38.0,35.0,38.0
2011-06,MUN,MG|CONSELHEIRO LAFAIETE,glp,10,38.0,38.0,40.2,38.0,42.0
2011-06,MUN,MG|CONTAGEM,glp,110,43.5,40.0,45.0,40.0,46.02
2011-06,MUN,MG|CORONEL FABRICIANO,glp,10,42.0,41.8,42.0,40.0,42.0
2011-06,MUN,MG|CURVELO,glp,10,42.5,42.0,43.0,42.0,43.0
2011-06,MUN,MG|DIAMANTINA,glp,6,45.0,44.0,45.0,44.0,45.0
2011-06,MUN,MG|DIVINOPOLIS,glp,20,41.0,40.0,42.0,40.0,42.0
2011-06,MUN,MG|FORMIGA,glp,4,36.0,36.0,40.9,36.0,43.0
2011-06,MUN,MG|FRUTAL,glp,5,38.0,38.0,38.0,38.0,38.0
2011-06,MUN,MG|GOVERNADOR VALADARES,glp,20,39.5,38.9,40.2,38.0,42.0
2011-06,MUN,MG|GUAXUPE,glp,12,36.0,35.0,36.9,34.0,38.9
2011-06,MUN,MG|IBIRITE,glp,13,42.5,40.4,45.0,40.0,46.0
2011-06,MUN,MG|IPATINGA,glp,18,41.0,40.0,41.3,40.0,42.0
2011-06,MUN,MG|ITABIRA,glp,5,43.0,43.0,44.2,43.0,45.0
2011-06,MUN,MG|ITABIRITO,glp,1,39.0,39.0,39.0,39.0,39.0
2011-06,MUN,MG|ITAJUBA,glp,13,39.0,38.0,40.0,37.0,40.0
2011-06,MUN,MG|ITAUNA,glp,14,42.5,40.0,43.0,40.0,44.0
2011-06,MUN,MG|ITUIUTABA,glp,19,42.5,39.9,44.0,37.0,45.0
2011-06,MUN,MG|ITURAMA,glp,1,42.0,42.0,42.0,42.0,42.0
2011-06,MUN,MG|JACUI,glp,1,38.0,38.0,38.0,38.0,38.0
2011-06,MUN,MG|JANAUBA,glp,3,39.0,38.2,39.8,38.0,40.0
2011-06,MUN,MG|JANUARIA,glp,6,42.0,41.0,43.25,40.0,43.5
2011-06,MUN,MG|JOAO MONLEVADE,glp,7,42.0,41.0,42.0,41.0,42.0
2011-06,MUN,MG|JOAO PINHEIRO,glp,12,45.0,45.0,45.0,42.9,46.0
2011-06,MUN,MG|JUIZ DE FORA,glp,59,42.0,38.792,44.1,36.99,47.0
2011-06,MUN,MG|LAVRAS,glp,12,39.5,38.0,41.8,37.0,42.0
2011-06,MUN,MG|LEOPOLDINA,glp,7,40.0,38.8,41.6,37.0,42.5
2011-06,MUN,MG|MANHUACU,glp,5,37.0,34.7,38.0,34.5,38.0
2011-06,MUN,MG|MARIANA,glp,5,45.0,44.4,45.0,44.0,45.0
2011-06,MUN,MG|MONTE CARMELO,glp,18,40.0,40.0,40.0,40.0,40.0
2011-06,MUN,MG|MONTES CLAROS,glp,16,42.0,40.0,43.5,40.0,44.0
2011-06,MUN,MG|MURIAE,glp,5,41.0,39.8,41.6,39.0,42.0
2011-06,MUN,MG|NOVA LIMA,glp,15,43.0,40.8,44.0,40.0,45.0
2011-06,MUN,MG|OLIVEIRA,glp,8,35.5,35.35,35.65,35.0,36.0
2011-06,MUN,MG|OURO PRETO,glp,10,40.0,39.0,41.1,39.0,42.0
2011-06,MUN,MG|PARA DE MINAS,glp,11,41.9,40.0,42.5,40.0,43.0
2011-06,MUN,MG|PARACATU,glp,9,47.0,45.0,48.2,45.0,49.0
2011-06,MUN,MG|PASSOS,glp,19,39.0,38.0,40.0,37.0,40.0
2011-06,MUN,MG|PATOS DE MINAS,glp,18,43.0,42.0,43.0,42.0,45.0
2011-06,MUN,MG|PATROCINIO,glp,8,44.5,44.0,45.0,44.0,45.0
2011-06,MUN,MG|POCOS DE CALDAS,glp,16,35.0,34.995,39.0,34.99,39.0
2011-06,MUN,MG|PONTE NOVA,glp,1,38.0,38.0,38.0,38.0,38.0
2011-06,MUN,MG|POUSO ALEGRE,glp,18,38.0,36.55,38.3,35.5,39.0
2011-06,MUN,MG|RIBEIRAO DAS NEVES,glp,33,43.0,41.2,45.0,38.0,45.0
2011-06,MUN,MG|SABARA,glp,15,42.5,42.0,43.0,42.0,43.5
2011-06,MUN,MG|SANTA LUZIA,glp,24,43.25,42.0,44.0,39.0,44.0
2011-06,MUN,MG|SANTOS DUMONT,glp,5,39.9,38.4,40.0,38.0,40.0
2011-06,MUN,MG|SAO GONCALO DO RIO ABAIXO,glp,1,42.0,42.0,42.0,42.0,42.0
2011-06,MUN,MG|SAO GOTARDO,glp,1,43.0,43.0,43.0,43.0,43.0
2011-06,MUN,MG|SAO JOAO DEL REI,glp,15,39.0,39.0,40.0,39.0,40.0
2011-06,MUN,MG|SAO LOURENCO,glp,4,39.0,39.0,39.7,39.0,40.0
2011-06,MUN,MG|SAO SEBASTIAO DO PARAISO,glp,16,39.0,38.0,39.5,38.0,40.0
2011-06,MUN,MG|SETE LAGOAS,glp,28,40.0,39.0,41.0,38.9,42.0
2011-06,MUN,MG|TEOFILO OTONI,glp,22,36.0,36.0,38.0,35.0,39.0
2011-06,MUN,MG|TIMOTEO,glp,9,40.0,39.8,44.01,39.0,44.05
2011-06,MUN,MG|TRES CORACOES,glp,9,38.0,38.0,38.0,38.0,38.0
2011-06,MUN,MG|UBA,glp,8,38.0,38.0,41.28,38.0,44.5
2011-06,MUN,MG|UBERABA,glp,38,45.0,45.0,45.0,40.0,45.0
2011-06,MUN,MG|UBERLANDIA,glp,76,44.0,43.0,45.0,40.0,45.0
2011-06,MUN,MG|UNAI,glp,14,43.0,43.0,43.0,43.0,43.0
2011-06,MUN,MG|VARGINHA,glp,16,35.0,32.525,35.25,30.0,37.0
2011-06,MUN,MG|VESPASIANO,glp,11,42.0,39.0,42.5,38.0,44.0
2011-06,MUN,MG|VICOSA,glp,3,40.0,40.0,40.8,40.0,41.0
2011-06,MUN,MS|BATAYPORA,glp,2,44.5,44.1,44.9,44.0,45.0
2011-06,MUN,MS|CAMPO GRANDE,glp,413,48.5,45.0,49.0,42.0,50.0
2011-06,MUN,MS|CORUMBA,glp,9,47.0,46.0,47.0,46.0,47.0
2011-06,MUN,MS|COXIM,glp,13,50.0,50.0,50.0,49.0,50.0
2011-06,MUN,MS|DOURADOS,glp,66,46.0,44.0,47.0,39.9,48.5
2011-06,MUN,MS|NOVA ANDRADINA,glp,17,45.0,44.2,45.0,43.0,46.0
2011-06,MUN,MS|PARANAIBA,glp,16,45.0,45.0,45.0,44.0,45.0
2011-06,MUN,MS|PONTA PORA,glp,5,44.0,41.2,45.0,40.0,45.0
2011-06,MUN,MS|TRES LAGOAS,glp,17,40.0,38.0,40.0,38.0,42.0
2011-06,MUN,MT|ALTA FLORESTA,glp,8,50.0,50.0,51.3,50.0,52.0
2011-06,MUN,MT|CACERES,glp,11,42.0,40.0,44.0,39.0,46.5
2011-06,MUN,MT|CUIABA,glp,54,48.0,45.0,49.85,43.0,53.9
2011-06,MUN,MT|NOVA MUTUM,glp,1,48.0,48.0,48.0,48.0,48.0
2011-06,MUN,MT|RONDONOPOLIS,glp,11,48.0,48.0,50.0,46.0,50.0
2011-06,MUN,MT|SINOP,glp,16,48.0,47.0,48.0,47.0,48.0
2011-06,MUN,MT|SORRISO,glp,11,50.0,47.0,51.0,45.0,51.0
2011-06,MUN,MT|VARZEA GRANDE,glp,16,45.0,44.0,46.5,44.0,47.0
2011-06,MUN,PA|ABAETETUBA,glp,6,39.0,38.5,39.0,38.0,39.0
2011-06,MUN,PA|ALENQUER,glp,6,42.0,40.5,43.25,40.0,43.5
2011-06,MUN,PA|ALTAMIRA,glp,10,45.0,41.8,45.05,40.0,45.5
2011-06,MUN,PA|ANANINDEUA,glp,32,40.0,40.0,40.0,39.0,42.0
2011-06,MUN,PA|BELEM,glp,85,40.0,39.0,42.0,35.0,45.0
2011-06,MUN,PA|BRAGANCA,glp,7,44.0,42.6,45.0,42.0,45.0
2011-06,MUN,PA|BREVES,glp,3,43.0,41.4,44.6,41.0,45.0
2011-06,MUN,PA|CAMETA,glp,5,45.0,45.0,45.0,45.0,45.0
2011-06,MUN,PA|CASTANHAL,glp,8,40.0,40.0,40.6,40.0,42.0
2011-06,MUN,PA|CONCEICAO DO ARAGUAIA,glp,7,46.0,45.0,47.7,45.0,48.0
2011-06,MUN,PA|CONCORDIA DO PARA,glp,1,45.0,45.0,45.0,45.0,45.0
2011-06,MUN,PA|ITAITUBA,glp,7,45.0,45.0,46.4,45.0,47.0
2011-06,MUN,PA|MARABA,glp,2,40.0,40.0,40.0,40.0,40.0
2011-06,MUN,PA|PARAGOMINAS,glp,3,48.0,46.8,48.0,46.5,48.0
2011-06,MUN,PA|PARAUAPEBAS,glp,5,45.0,41.6,46.8,40.0,48.0
2011-06,MUN,PA|REDENCAO,glp,6,45.0,43.75,45.0,43.0,45.0
2011-06,MUN,PA|SANTAREM,glp,26,40.0,39.5,42.0,39.0,43.0
2011-06,MUN,PA|TUCURUI,glp,6,45.0,44.0,45.0,43.0,45.0
2011-06,MUN,PA|XINGUARA,glp,7,46.5,45.6,47.4,45.0,48.0
2011-06,MUN,PB|BAYEUX,glp,7,34.0,33.0,35.0,33.0,35.0
2011-06,MUN,PB|CABEDELO,glp,11,33.0,33.0,35.0,33.0,35.0
2011-06,MUN,PB|CAMPINA GRANDE,glp,41,35.0,35.0,35.0,33.0,35.0
2011-06,MUN,PB|GUARABIRA,glp,1,35.0,35.0,35.0,35.0,35.0
2011-06,MUN,PB|INGA,glp,1,35.0,35.0,35.0,35.0,35.0
2011-06,MUN,PB|ITABAIANA,glp,1,35.0,35.0,35.0,35.0,35.0
2011-06,MUN,PB|JOAO PESSOA,glp,48,33.0,33.0,35.0,31.0,35.0
2011-06,MUN,PB|MAMANGUAPE,glp,4,33.0,32.3,33.0,32.0,33.0
2011-06,MUN,PB|PATOS,glp,7,34.0,33.3,35.0,33.0,35.0
2011-06,MUN,PB|SANTA RITA,glp,6,33.0,33.0,34.0,33.0,35.0
2011-06,MUN,PB|SAPE,glp,3,33.0,33.0,33.8,33.0,34.0
2011-06,MUN,PB|SOUSA,glp,4,30.0,30.0,30.0,30.0,30.0
2011-06,MUN,PE|ABREU E LIMA,glp,7,32.0,31.59,33.0,30.99,33.0
2011-06,MUN,PE|AFOGADOS DA INGAZEIRA,glp,4,38.0,36.6,38.0,36.0,38.0
2011-06,MUN,PE|AGUAS BELAS,glp,1,36.0,36.0,36.0,36.0,36.0
2011-06,MUN,PE|ARARIPINA,glp,5,36.0,35.0,36.0,35.0,36.0
2011-06,MUN,PE|ARCOVERDE,glp,5,36.0,36.0,36.6,36.0,37.0
2011-06,MUN,PE|BELO JARDIM,glp,6,36.5,36.0,37.0,36.0,37.0
2011-06,MUN,PE|BEZERROS,glp,1,36.0,36.0,36.0,36.0,36.0
2011-06,MUN,PE|BOM CONSELHO,glp,4,37.0,36.3,37.0,36.0,37.0
2011-06,MUN,PE|CABO DE SANTO AGOSTINHO,glp,11,33.0,30.99,33.0,30.0,33.0
2011-06,MUN,PE|CACHOEIRINHA,glp,1,36.0,36.0,36.0,36.0,36.0
2011-06,MUN,PE|CAMARAGIBE,glp,14,33.0,32.0,33.0,30.0,35.0
2011-06,MUN,PE|CARUARU,glp,24,33.0,32.0,34.0,32.0,35.0
2011-06,MUN,PE|GARANHUNS,glp,6,36.0,36.0,36.0,36.0,36.0
2011-06,MUN,PE|GOIANA,glp,5,32.0,30.4,33.8,30.0,35.0
2011-06,MUN,PE|GRAVATA,glp,7,35.0,33.0,38.0,33.0,38.0
2011-06,MUN,PE|IGARASSU,glp,16,32.495,32.0,33.0,30.0,36.0
2011-06,MUN,PE|JABOATAO DOS GUARARAPES,glp,55,35.0,34.396,38.0,32.0,38.0
2011-06,MUN,PE|LAJEDO,glp,6,36.0,36.0,36.0,36.0,36.0
2011-06,MUN,PE|LIMOEIRO,glp,1,33.0,33.0,33.0,33.0,33.0
2011-06,MUN,PE|OLINDA,glp,31,33.0,30.0,35.0,28.0,36.0
2011-06,MUN,PE|PAULISTA,glp,8,33.0,32.0,33.0,32.0,33.0
2011-06,MUN,PE|PETROLINA,glp,13,34.0,32.2,34.4,32.0,35.0
2011-06,MUN,PE|RECIFE,glp,99,34.0,31.99,35.0,30.0,40.0
2011-06,MUN,PE|SALGUEIRO,glp,5,38.0,38.0,39.2,38.0,40.0
2011-06,MUN,PE|SANTA CRUZ DO CAPIBARIBE,glp,5,36.0,35.4,36.0,35.0,36.0
2011-06,MUN,PE|SAO BENTO DO UNA,glp,6,36.0,36.0,36.0,36.0,36.0
2011-06,MUN,PE|SAO LOURENCO DA MATA,glp,11,33.0,32.0,33.0,32.0,35.0
2011-06,MUN,PE|SERRA TALHADA,glp,5,38.0,38.0,38.0,38.0,38.0
2011-06,MUN,PE|VITORIA DE SANTO ANTAO,glp,13,35.0,35.0,35.0,34.0,35.0
2011-06,MUN,PI|BARRAS,glp,2,41.0,41.0,41.0,41.0,41.0
2011-06,MUN,PI|CAMPO MAIOR,glp,4,41.0,41.0,41.0,41.0,41.0
2011-06,MUN,PI|OEIRAS,glp,5,40.0,40.0,40.6,40.0,41.0
2011-06,MUN,PI|PARNAIBA,glp,2,39.0,39.0,39.0,39.0,39.0
2011-06,MUN,PI|PICOS,glp,2,36.5,36.1,36.9,36.0,37.0
2011-06,MUN,PI|PIRIPIRI,glp,4,39.5,39.0,40.7,39.0,41.0
2011-06,MUN,PI|TERESINA,glp,53,40.0,38.5,40.0,35.995,40.0
2011-06,MUN,PR|ALMIRANTE TAMANDARE,glp,11,37.0,37.0,38.5,37.0,39.0
2011-06,MUN,PR|APUCARANA,glp,18,40.0,38.7,40.0,38.0,40.0
2011-06,MUN,PR|ARAPONGAS,glp,17,40.0,38.0,40.0,38.0,40.0
2011-06,MUN,PR|ARAUCARIA,glp,13,36.0,35.0,37.8,35.0,38.0
2011-06,MUN,PR|ASSIS CHATEAUBRIAND,glp,4,35.0,35.0,35.63,35.0,35.9
2011-06,MUN,PR|CAMBE,glp,30,40.0,39.0,41.0,39.0,42.0
2011-06,MUN,PR|CAMPO LARGO,glp,18,35.5,34.997,36.0,34.9,37.0
2011-06,MUN,PR|CAMPO MOURAO,glp,12,41.5,40.0,42.95,40.0,45.0
2011-06,MUN,PR|CASCAVEL,glp,68,40.0,40.0,41.5,40.0,42.0
2011-06,MUN,PR|CASTRO,glp,9,38.0,37.8,40.0,37.0,40.0
2011-06,MUN,PR|CIANORTE,glp,14,40.375,39.3,43.55,39.0,45.0
2011-06,MUN,PR|COLOMBO,glp,24,36.75,35.0,37.85,34.0,38.5
2011-06,MUN,PR|CORNELIO PROCOPIO,glp,6,40.0,40.0,40.0,40.0,40.0
2011-06,MUN,PR|CURITIBA,glp,121,36.0,35.0,37.0,34.0,40.0
2011-06,MUN,PR|FOZ DO IGUACU,glp,59,47.0,46.0,47.0,40.0,47.0
2011-06,MUN,PR|FRANCISCO BELTRAO,glp,7,33.0,31.5,37.0,30.9,40.0
2011-06,MUN,PR|GUAIRA,glp,1,40.0,40.0,40.0,40.0,40.0
2011-06,MUN,PR|GUARAPUAVA,glp,14,35.0,35.0,37.0,35.0,38.0
2011-06,MUN,PR|IBIPORA,glp,1,41.0,41.0,41.0,41.0,41.0
2011-06,MUN,PR|LARANJEIRAS DO SUL,glp,9,41.0,39.0,42.12,39.0,43.0
2011-06,MUN,PR|LONDRINA,glp,105,40.0,40.0,41.0,40.0,42.0
2011-06,MUN,PR|MARECHAL CANDIDO RONDON,glp,6,44.0,41.0,45.0,40.0,45.0
2011-06,MUN,PR|MARINGA,glp,41,41.5,40.0,45.0,38.0,47.0
2011-06,MUN,PR|MEDIANEIRA,glp,1,47.0,47.0,47.0,47.0,47.0
2011-06,MUN,PR|PARANAGUA,glp,27,37.0,35.0,39.0,33.0,40.0
2011-06,MUN,PR|PARANAVAI,glp,13,42.0,40.0,42.0,40.0,42.0
2011-06,MUN,PR|PATO BRANCO,glp,13,41.0,40.0,42.0,40.0,42.5
2011-06,MUN,PR|PINHAIS,glp,16,36.0,35.0,37.25,35.0,38.0
2011-06,MUN,PR|PONTA GROSSA,glp,32,36.5,36.0,37.0,35.0,38.0
2011-06,MUN,PR|SANTO ANTONIO DA PLATINA,glp,15,38.0,38.0,38.0,38.0,38.0
2011-06,MUN,PR|SAO JOSE DOS PINHAIS,glp,17,37.0,35.8,38.0,35.0,40.0
2011-06,MUN,PR|TERRA BOA,glp,1,42.5,42.5,42.5,42.5,42.5
2011-06,MUN,PR|TOLEDO,glp,24,38.0,35.0,42.1,33.0,45.0
2011-06,MUN,PR|UMUARAMA,glp,15,36.0,35.7,37.0,35.0,37.0
2011-06,MUN,PR|UNIAO DA VITORIA,glp,4,40.0,39.3,40.0,39.0,40.0
2011-06,MUN,RJ|ANGRA DOS REIS,glp,5,39.0,39.0,44.0,39.0,44.0
2011-06,MUN,RJ|ARARUAMA,glp,6,36.0,34.5,37.995,34.0,38.99
2011-06,MUN,RJ|ARMACAO DOS BUZIOS,glp,2,35.45,35.09,35.81,35.0,35.9
2011-06,MUN,RJ|BARRA DO PIRAI,glp,4,36.5,34.6,37.7,34.0,38.0
2011-06,MUN,RJ|BARRA MANSA,glp,13,38.0,37.0,40.0,36.0,40.0
2011-06,MUN,RJ|BELFORD ROXO,glp,6,38.0,38.0,38.0,38.0,38.0
2011-06,MUN,RJ|CABO FRIO,glp,4,34.0,34.0,34.7,34.0,35.0
2011-06,MUN,RJ|CAMPOS DOS GOYTACAZES,glp,20,40.0,40.0,40.0,40.0,42.0
2011-06,MUN,RJ|DUQUE DE CAXIAS,glp,58,39.0,35.0,40.0,35.0,42.0
2011-06,MUN,RJ|ITABORAI,glp,5,37.0,35.4,38.0,35.0,38.0
2011-06,MUN,RJ|ITAGUAI,glp,4,39.2,37.57,39.78,37.0,39.9
2011-06,MUN,RJ|ITAPERUNA,glp,4,37.0,36.0,38.0,36.0,38.0
2011-06,MUN,RJ|MACAE,glp,4,41.5,40.0,43.0,40.0,43.0
2011-06,MUN,RJ|MAGE,glp,3,40.0,38.4,40.0,38.0,40.0
2011-06,MUN,RJ|MANGARATIBA,glp,1,39.9,39.9,39.9,39.9,39.9
2011-06,MUN,RJ|MARICA,glp,5,37.0,36.4,37.6,36.0,38.0
2011-06,MUN,RJ|NILOPOLIS,glp,4,40.0,40.0,40.0,40.0,40.0
2011-06,MUN,RJ|NITEROI,glp,17,38.0,37.0,38.4,36.5,40.0
2011-06,MUN,RJ|NOVA FRIBURGO,glp,6,40.0,39.0,40.0,38.0,40.0
2011-06,MUN,RJ|NOVA IGUACU,glp,21,37.5,35.0,39.0,32.945,40.0
2011-06,MUN,RJ|PARAIBA DO SUL,glp,3,39.0,38.2,39.0,38.0,39.0
2011-06,MUN,RJ|PARATY,glp,2,39.0,38.2,39.8,38.0,40.0
2011-06,MUN,RJ|PETROPOLIS,glp,5,41.0,40.18,42.0,40.0,42.0
2011-06,MUN,RJ|RESENDE,glp,6,38.0,38.0,38.5,38.0,39.0
2011-06,MUN,RJ|RIO BONITO,glp,4,38.5,38.0,39.0,38.0,39.0
2011-06,MUN,RJ|RIO DAS OSTRAS,glp,1,40.0,40.0,40.0,40.0,40.0
2011-06,MUN,RJ|RIO DE JANEIRO,glp,80,36.0,33.999,40.0,31.0,42.0
2011-06,MUN,RJ|SANTO ANTONIO DE PADUA,glp,2,35.0,35.0,35.0,35.0,35.0
2011-06,MUN,RJ|SAO FRANCISCO DE ITABAPOANA,glp,2,38.5,37.3,39.7,37.0,40.0
2011-06,MUN,RJ|SAO GONCALO,glp,40,38.0,35.0,40.0,34.0,40.0
2011-06,MUN,RJ|SAO JOAO DE MERITI,glp,12,38.0,38.0,40.0,36.0,40.0
2011-06,MUN,RJ|SAPUCAIA,glp,2,40.0,40.0,40.0,40.0,40.0
2011-06,MUN,RJ|SAQUAREMA,glp,5,34.9,33.754,35.96,32.99,36.0
2011-06,MUN,RJ|TERESOPOLIS,glp,7,39.0,39.0,40.0,39.0,40.0
2011-06,MUN,RJ|TRES RIOS,glp,2,39.0,38.2,39.8,38.0,40.0
2011-06,MUN,RJ|VALENCA,glp,4,39.0,37.6,40.4,37.0,41.0
2011-06,MUN,RJ|VASSOURAS,glp,2,40.0,40.0,40.0,40.0,40.0
2011-06,MUN,RJ|VOLTA REDONDA,glp,7,38.0,36.2,39.4,35.0,40.0
2011-06,MUN,RN|CAICARA DO NORTE,glp,1,40.0,40.0,40.0,40.0,40.0
2011-06,MUN,RN|CAICO,glp,5,35.0,34.4,37.2,34.0,38.0
2011-06,MUN,RN|CURRAIS NOVOS,glp,4,34.52,34.012,35.0,34.0,35.0
2011-06,MUN,RN|MOSSORO,glp,5,35.0,35.0,35.3,35.0,35.5
2011-06,MUN,RN|NATAL,glp,72,40.0,38.0,40.0,38.0,40.0
2011-06,MUN,RN|PARNAMIRIM,glp,19,38.5,36.8,40.0,36.0,42.0
2011-06,MUN,RN|SAO JOSE DE MIPIBU,glp,3,40.0,40.0,40.0,40.0,40.0
2011-06,MUN,RN|SERRA DO MEL,glp,1,40.0,40.0,40.0,40.0,40.0
2011-06,MUN,RO|ARIQUEMES,glp,7,42.0,42.0,42.0,42.0,42.0
2011-06,MUN,RO|CACOAL,glp,7,42.0,42.0,43.0,42.0,43.0
2011-06,MUN,RO|GUAJARA-MIRIM,glp,6,42.5,42.0,43.0,42.0,43.0
2011-06,MUN,RO|JI-PARANA,glp,13,38.0,37.0,39.0,37.0,39.0
2011-06,MUN,RO|PIMENTA BUENO,glp,4,43.0,42.0,44.0,42.0,44.0
2011-06,MUN,RO|PORTO VELHO,glp,64,38.5,37.3,40.0,37.0,42.0
2011-06,MUN,RO|SAO MIGUEL DO GUAPORE,glp,3,45.0,45.0,45.0,45.0,45.0
2011-06,MUN,RO|VILHENA,glp,12,42.5,42.0,43.0,42.0,43.0
2011-06,MUN,RR|BOA VISTA,glp,40,43.0,42.0,44.0,41.0,45.0
2011-06,MUN,RR|CANTA,glp,3,40.0,36.8,42.0,36.0,42.5
2011-06,MUN,RR|CARACARAI,glp,2,46.0,46.0,46.0,46.0,46.0
2011-06,MUN,RR|RORAINOPOLIS,glp,2,44.5,44.1,44.9,44.0,45.0
2011-06,MUN,RS|ALEGRETE,glp,12,36.0,35.05,39.0,34.4,41.0
2011-06,MUN,RS|ALVORADA,glp,13,39.0,37.2,40.0,35.0,40.0
2011-06,MUN,RS|BAGE,glp,29,38.0,38.0,39.0,38.0,42.0
2011-06,MUN,RS|BENTO GONCALVES,glp,10,40.5,38.9,45.0,38.0,45.0
2011-06,MUN,RS|CACAPAVA DO SUL,glp,11,43.0,38.0,43.0,38.0,43.0
2011-06,MUN,RS|CACHOEIRA DO SUL,glp,18,38.5,36.4,40.0,35.0,44.0
2011-06,MUN,RS|CACHOEIRINHA,glp,16,39.0,38.0,40.0,38.0,41.0
2011-06,MUN,RS|CANOAS,glp,28,39.0,36.0,40.0,35.0,42.0
2011-06,MUN,RS|CAXIAS DO SUL,glp,70,40.0,39.0,42.0,36.0,45.0
2011-06,MUN,RS|CHUI,glp,4,33.0,31.6,34.4,31.0,35.0
2011-06,MUN,RS|CRUZ ALTA,glp,7,36.0,34.0,38.2,34.0,40.0
2011-06,MUN,RS|ERECHIM,glp,19,45.0,44.0,46.0,43.0,46.0
2011-06,MUN,RS|ESTEIO,glp,14,39.0,38.0,40.0,38.0,40.0
2011-06,MUN,RS|GRAMADO,glp,8,40.0,40.0,41.0,40.0,41.0
2011-06,MUN,RS|GRAVATAI,glp,29,40.0,38.0,40.2,37.0,42.0
2011-06,MUN,RS|GUAIBA,glp,17,40.0,38.6,40.0,38.0,42.0
2011-06,MUN,RS|IJUI,glp,5,40.0,39.4,41.6,39.0,42.0
2011-06,MUN,RS|JAGUARAO,glp,10,33.0,32.0,34.2,32.0,36.0
2011-06,MUN,RS|LAJEADO,glp,11,40.0,40.0,40.0,40.0,40.0
2011-06,MUN,RS|NOVO HAMBURGO,glp,21,37.0,36.0,38.0,33.0,40.0
2011-06,MUN,RS|OSORIO,glp,9,40.0,40.0,40.0,40.0,40.0
2011-06,MUN,RS|PALMEIRA DAS MISSOES,glp,6,38.5,38.0,40.0,38.0,41.0
2011-06,MUN,RS|PASSO FUNDO,glp,77,40.0,37.0,43.0,35.0,45.0
2011-06,MUN,RS|PELOTAS,glp,37,36.0,33.3,38.0,32.0,38.0
2011-06,MUN,RS|PORTO ALEGRE,glp,64,38.0,37.0,40.0,35.0,40.0
2011-06,MUN,RS|RIO GRANDE,glp,66,37.0,37.0,38.0,36.0,38.0
2011-06,MUN,RS|SANTA CRUZ DO SUL,glp,20,39.0,37.0,40.4,37.0,45.0
2011-06,MUN,RS|SANTA MARIA,glp,90,38.0,36.0,41.0,35.0,43.0
2011-06,MUN,RS|SANTA ROSA,glp,11,38.0,37.0,38.0,37.0,38.5
2011-06,MUN,RS|SANTA VITORIA DO PALMAR,glp,9,36.0,36.0,38.0,36.0,38.0
2011-06,MUN,RS|SANTANA DO LIVRAMENTO,glp,18,34.0,33.9,34.0,33.9,34.0
2011-06,MUN,RS|SANTO ANGELO,glp,17,40.5,40.0,43.4,39.0,45.0
2011-06,MUN,RS|SAO BORJA,glp,8,40.0,37.8,40.0,35.0,40.0
2011-06,MUN,RS|SAO GABRIEL,glp,16,40.0,37.5,43.0,37.0,44.0
2011-06,MUN,RS|SAO LEOPOLDO,glp,20,38.0,36.9,40.0,35.9,40.0
2011-06,MUN,RS|SAO LUIZ GONZAGA,glp,6,43.25,41.7,44.5,41.5,45.0
2011-06,MUN,RS|SAPIRANGA,glp,11,40.0,39.0,41.0,39.0,41.0
2011-06,MUN,RS|SAPUCAIA DO SUL,glp,22,40.0,38.0,40.0,35.0,40.0
2011-06,MUN,RS|TORRES,glp,6,39.5,38.5,41.5,38.0,43.0
2011-06,MUN,RS|TRAMANDAI,glp,14,40.0,38.6,40.0,38.0,45.0
2011-06,MUN,RS|URUGUAIANA,glp,17,40.0,38.867,40.0,38.0,40.0
2011-06,MUN,RS|VACARIA,glp,10,39.0,37.9,40.0,37.0,40.0
2011-06,MUN,RS|VIAMAO,glp,22,40.0,38.01,41.95,35.0,42.0
2011-06,MUN,SC|ARARANGUA,glp,4,38.0,38.0,39.4,38.0,40.0
2011-06,MUN,SC|BALNEARIO CAMBORIU,glp,3,45.0,41.8,47.4,41.0,48.0
2011-06,MUN,SC|BIGUACU,glp,3,46.0,46.0,46.8,46.0,47.0
2011-06,MUN,SC|BLUMENAU,glp,22,42.0,40.0,43.0,39.0,45.0
2011-06,MUN,SC|BRUSQUE,glp,5,40.0,38.0,44.7,38.0,46.5
2011-06,MUN,SC|CACADOR,glp,3,45.0,43.4,45.0,43.0,45.0
2011-06,MUN,SC|CHAPECO,glp,17,42.0,40.0,43.4,39.965,45.0
2011-06,MUN,SC|CONCORDIA,glp,4,39.95,39.27,40.7,39.0,41.0
2011-06,MUN,SC|CRICIUMA,glp,9,40.0,39.8,40.4,39.0,42.0
2011-06,MUN,SC|FLORIANOPOLIS,glp,82,43.25,42.0,45.0,41.0,47.0
2011-06,MUN,SC|GASPAR,glp,1,42.0,42.0,42.0,42.0,42.0
2011-06,MUN,SC|ITAJAI,glp,22,40.0,38.1,42.0,38.0,42.0
2011-06,MUN,SC|JARAGUA DO SUL,glp,5,41.5,38.8,43.2,38.0,44.0
2011-06,MUN,SC|JOINVILLE,glp,28,40.0,39.0,41.3,38.5,43.0
2011-06,MUN,SC|LAGES,glp,6,40.0,39.5,40.0,39.0,40.0
2011-06,MUN,SC|LAGUNA,glp,4,39.5,38.3,40.0,38.0,40.0
2011-06,MUN,SC|MAFRA,glp,4,36.0,35.3,36.0,35.0,36.0
2011-06,MUN,SC|PALHOCA,glp,10,44.0,42.9,45.0,42.0,45.0
2011-06,MUN,SC|SAO JOSE,glp,14,44.0,42.3,45.0,42.0,46.0
2011-06,MUN,SC|SAO MIGUEL DO OESTE,glp,3,37.0,35.4,38.6,35.0,39.0
2011-06,MUN,SC|TUBARAO,glp,8,35.0,35.0,37.15,35.0,37.5
2011-06,MUN,SC|VIDEIRA,glp,5,41.0,40.0,42.0,40.0,42.0
2011-06,MUN,SC|XANXERE,glp,6,41.5,40.0,42.75,40.0,43.5
2011-06,MUN,SE|ARACAJU,glp,15,34.0,33.0,35.0,32.0,35.0
2011-06,MUN,SE|ITABAIANA,glp,4,38.0,38.0,38.0,38.0,38.0
2011-06,MUN,SE|ITABAIANINHA,glp,3,33.0,32.2,33.8,32.0,34.0
2011-06,MUN,SE|LAGARTO,glp,5,35.0,34.0,36.8,34.0,38.0
2011-06,MUN,SE|NOSSA SENHORA DO SOCORRO,glp,7,35.0,35.0,35.0,35.0,35.0
2011-06,MUN,SE|SIMAO DIAS,glp,5,35.0,33.8,35.0,33.0,35.0
2011-06,MUN,SE|TOBIAS BARRETO,glp,4,35.0,34.3,35.35,34.0,35.5
2011-06,MUN,SP|ADAMANTINA,glp,12,38.0,37.1,38.0,35.0,38.0
2011-06,MUN,SP|AMERICANA,glp,22,40.498,40.0,41.0,37.99,41.0
2011-06,MUN,SP|AMPARO,glp,6,38.5,37.5,40.9,37.0,41.8
2011-06,MUN,SP|APIAI,glp,2,39.0,39.0,39.0,39.0,39.0
2011-06,MUN,SP|ARACATUBA,glp,44,38.0,35.0,38.0,34.0,40.0
2011-06,MUN,SP|ARARAQUARA,glp,15,39.0,38.0,40.0,34.99,40.0
2011-06,MUN,SP|ARARAS,glp,4,34.9,34.9,35.6,34.9,35.9
2011-06,MUN,SP|ASSIS,glp,16,40.0,39.0,40.0,38.0,40.0
2011-06,MUN,SP|ATIBAIA,glp,24,38.0,37.0,40.0,31.99,40.0
2011-06,MUN,SP|AVARE,glp,10,40.0,38.9,42.0,38.0,42.0
2011-06,MUN,SP|BARRETOS,glp,18,35.0,34.4,36.0,33.0,36.8
2011-06,MUN,SP|BARUERI,glp,36,38.0,34.0,40.0,33.99,40.0
2011-06,MUN,SP|BAURU,glp,66,38.0,35.5,40.5,34.0,41.0
2011-06,MUN,SP|BEBEDOURO,glp,22,37.975,36.045,39.81,34.0,42.0
2011-06,MUN,SP|BIRIGUI,glp,24,36.0,32.0,38.0,32.0,38.0
2011-06,MUN,SP|BOTUCATU,glp,16,43.0,43.0,43.0,41.0,43.45
2011-06,MUN,SP|BRAGANCA PAULISTA,glp,22,37.0,35.049,38.0,34.0,38.0
2011-06,MUN,SP|CACAPAVA,glp,19,37.0,32.0,38.0,31.99,38.0
2011-06,MUN,SP|CAMPINAS,glp,80,37.25,35.0,40.0,33.0,40.0
2011-06,MUN,SP|CAMPOS DO JORDAO,glp,9,37.0,35.8,37.2,31.0,38.0
2011-06,MUN,SP|CAPAO BONITO,glp,4,36.0,36.0,36.0,36.0,36.0
2011-06,MUN,SP|CARAGUATATUBA,glp,10,40.0,38.89,40.2,37.9,42.0
2011-06,MUN,SP|CARAPICUIBA,glp,29,34.0,33.99,37.172,33.99,39.0
2011-06,MUN,SP|CATANDUVA,glp,16,37.75,35.5,40.0,35.0,40.0
2011-06,MUN,SP|COSMOPOLIS,glp,11,35.0,35.0,38.0,35.0,38.0
2011-06,MUN,SP|COTIA,glp,11,37.0,35.0,41.0,35.0,41.0
2011-06,MUN,SP|CRUZEIRO,glp,13,37.0,35.2,37.0,34.0,37.0
2011-06,MUN,SP|CUBATAO,glp,7,37.0,36.0,38.0,36.0,38.0
2011-06,MUN,SP|DIADEMA,glp,38,35.0,31.4,38.0,29.9,40.0
2011-06,MUN,SP|DRACENA,glp,9,45.0,44.4,45.0,42.0,45.0
2011-06,MUN,SP|EMBU DAS ARTES,glp,4,37.5,35.6,38.0,35.0,38.0
2011-06,MUN,SP|FERRAZ DE VASCONCELOS,glp,11,38.0,37.99,40.0,36.0,40.0
2011-06,MUN,SP|FRANCA,glp,44,39.0,38.0,40.0,37.0,40.0
2011-06,MUN,SP|FRANCISCO MORATO,glp,13,40.0,38.699,42.0,36.0,42.0
2011-06,MUN,SP|FRANCO DA ROCHA,glp,7,36.0,35.0,37.4,35.0,38.0
2011-06,MUN,SP|GARCA,glp,8,40.0,38.7,40.0,38.0,40.0
2011-06,MUN,SP|GUARATINGUETA,glp,14,32.45,30.0,37.385,30.0,39.99
2011-06,MUN,SP|GUARUJA,glp,11,38.6,38.0,40.6,38.0,41.0
2011-06,MUN,SP|GUARULHOS,glp,60,38.0,35.0,40.0,32.99,41.0
2011-06,MUN,SP|HORTOLANDIA,glp,21,37.0,36.0,40.0,35.0,42.0
2011-06,MUN,SP|IBITINGA,glp,8,39.0,38.0,41.9,38.0,44.0
2011-06,MUN,SP|INDAIATUBA,glp,23,42.0,40.0,42.0,40.0,43.0
2011-06,MUN,SP|ITANHAEM,glp,13,37.0,35.0,38.0,35.0,38.0
2011-06,MUN,SP|ITAPECERICA DA SERRA,glp,6,40.0,36.995,40.0,35.99,40.0
2011-06,MUN,SP|ITAPETININGA,glp,19,35.0,34.72,37.2,33.0,40.0
2011-06,MUN,SP|ITAPEVA,glp,5,38.0,38.0,38.6,38.0,39.0
2011-06,MUN,SP|ITAPEVI,glp,7,34.0,33.594,36.8,33.0,38.0
2011-06,MUN,SP|ITAPIRA,glp,5,35.0,35.0,35.0,35.0,35.0
2011-06,MUN,SP|ITAPOLIS,glp,16,38.0,38.0,40.0,37.0,40.0
2011-06,MUN,SP|ITAQUAQUECETUBA,glp,22,38.0,36.1,40.0,34.0,40.0
2011-06,MUN,SP|ITATIBA,glp,16,37.5,36.0,38.0,35.0,38.0
2011-06,MUN,SP|ITU,glp,11,37.0,34.0,38.0,33.0,38.0
2011-06,MUN,SP|JABOTICABAL,glp,21,38.0,36.0,40.0,34.0,42.0
2011-06,MUN,SP|JACAREI,glp,15,36.0,34.0,38.0,33.0,38.0
2011-06,MUN,SP|JALES,glp,9,38.0,35.0,40.0,35.0,40.0
2011-06,MUN,SP|JANDIRA,glp,14,35.998,35.0,38.0,33.0,39.0
2011-06,MUN,SP|JAU,glp,12,38.0,35.0,38.0,35.0,40.0
2011-06,MUN,SP|JOSE BONIFACIO,glp,16,37.0,37.0,39.0,35.0,39.9
2011-06,MUN,SP|JUNDIAI,glp,16,37.0,37.0,39.0,37.0,40.0
2011-06,MUN,SP|LEME,glp,16,35.9,34.9,36.95,34.9,37.9
2011-06,MUN,SP|LIMEIRA,glp,20,36.0,35.0,38.199,33.99,39.99
2011-06,MUN,SP|LINS,glp,21,34.0,33.0,35.0,30.0,38.0
2011-06,MUN,SP|LORENA,glp,14,35.0,32.3,35.0,30.3,35.0
2011-06,MUN,SP|MARILIA,glp,14,40.0,39.3,40.0,38.0,40.0
2011-06,MUN,SP|MATAO,glp,17,40.0,39.6,41.0,38.0,42.0
2011-06,MUN,SP|MAUA,glp,37,41.0,35.96,42.104,31.0,45.0
2011-06,MUN,SP|MIRASSOL,glp,12,36.25,35.0,37.891,35.0,38.0
2011-06,MUN,SP|MOCOCA,glp,13,42.0,40.0,42.0,38.0,42.0
2011-06,MUN,SP|MOGI DAS CRUZES,glp,51,38.0,37.0,40.0,36.0,41.0
2011-06,MUN,SP|MOGI GUACU,glp,18,38.0,37.0,38.3,37.0,39.0
2011-06,MUN,SP|MOGI MIRIM,glp,11,35.5,35.0,36.0,34.0,36.0
2011-06,MUN,SP|MONTE ALTO,glp,10,40.5,38.6,42.1,35.0,43.0
2011-06,MUN,SP|OLIMPIA,glp,11,33.0,33.0,35.0,33.0,38.0
2011-06,MUN,SP|OSASCO,glp,90,35.31,33.99,39.996,29.995,43.0
2011-06,MUN,SP|OURINHOS,glp,22,38.0,35.05,39.0,35.0,39.1
2011-06,MUN,SP|PARAGUACU PAULISTA,glp,13,42.0,41.2,42.0,40.0,42.0
2011-06,MUN,SP|PAULICEIA,glp,1,37.0,37.0,37.0,37.0,37.0
2011-06,MUN,SP|PAULINIA,glp,21,34.0,31.0,35.0,31.0,37.0
2011-06,MUN,SP|PINDAMONHANGABA,glp,19,37.0,34.98,38.0,34.45,39.0
2011-06,MUN,SP|PIRACICABA,glp,30,39.9,37.9,40.0,35.0,41.0
2011-06,MUN,SP|PIRASSUNUNGA,glp,10,35.7,34.9,38.0,34.9,38.0
2011-06,MUN,SP|POA,glp,10,38.0,37.8,40.0,36.0,40.0
2011-06,MUN,SP|PORTO FERREIRA,glp,7,34.0,32.4,35.4,30.0,36.0
2011-06,MUN,SP|PRAIA GRANDE,glp,21,38.0,34.99,41.5,33.99,45.0
2011-06,MUN,SP|PRESIDENTE PRUDENTE,glp,60,39.0,37.0,40.0,36.0,43.9
2011-06,MUN,SP|PRESIDENTE VENCESLAU,glp,9,35.0,35.0,37.18,35.0,37.9
2011-06,MUN,SP|RIBEIRAO PIRES,glp,13,39.9,38.0,40.0,38.0,42.0
2011-06,MUN,SP|RIBEIRAO PRETO,glp,105,40.0,38.0,42.0,37.0,45.0
2011-06,MUN,SP|RIO CLARO,glp,8,35.0,35.0,35.0,35.0,35.0
2011-06,MUN,SP|SALTO,glp,15,38.0,34.4,39.96,34.0,40.0
2011-06,MUN,SP|SANTA BARBARA D'OESTE,glp,25,40.0,40.0,41.0,40.0,42.0
2011-06,MUN,SP|SANTA CRUZ DO RIO PARDO,glp,13,37.0,36.92,37.0,35.0,38.0
2011-06,MUN,SP|SANTO ANDRE,glp,53,39.9,35.991,41.9,33.99,42.9
2011-06,MUN,SP|SANTOS,glp,40,37.0,34.9,40.0,34.0,42.9
2011-06,MUN,SP|SAO BERNARDO DO CAMPO,glp,52,39.5,36.0,41.81,32.0,43.0
2011-06,MUN,SP|SAO CAETANO DO SUL,glp,8,39.995,39.0,42.165,39.0,45.0
2011-06,MUN,SP|SAO CARLOS,glp,16,37.9,36.9,39.95,35.9,41.0
2011-06,MUN,SP|SAO JOAO DA BOA VISTA,glp,11,38.0,38.0,38.0,38.0,38.0
2011-06,MUN,SP|SAO JOAQUIM DA BARRA,glp,12,40.0,38.2,40.9,38.0,42.0
2011-06,MUN,SP|SAO JOSE DO RIO PRETO,glp,102,38.0,35.0,40.0,35.0,42.0
2011-06,MUN,SP|SAO JOSE DOS CAMPOS,glp,62,36.0,35.099,38.0,35.0,39.0
2011-06,MUN,SP|SAO PAULO,glp,263,38.0,33.99,40.0,33.99,42.0
2011-06,MUN,SP|SAO ROQUE,glp,12,36.5,33.991,38.0,33.0,38.9
2011-06,MUN,SP|SAO VICENTE,glp,46,36.75,35.0,39.0,33.99,42.0
2011-06,MUN,SP|SERTAOZINHO,glp,28,38.0,34.85,38.6,32.99,40.0
2011-06,MUN,SP|SOROCABA,glp,29,38.0,36.0,39.92,35.0,40.0
2011-06,MUN,SP|SUMARE,glp,21,37.0,30.0,40.0,30.0,40.0
2011-06,MUN,SP|SUZANO,glp,31,40.0,36.0,40.0,33.99,40.0
2011-06,MUN,SP|TABOAO DA SERRA,glp,7,34.0,33.194,39.9,32.0,39.9
2011-06,MUN,SP|TATUI,glp,9,40.0,37.8,40.6,37.0,43.0
2011-06,MUN,SP|TAUBATE,glp,38,37.0,35.0,39.0,34.0,42.0
2011-06,MUN,SP|TUPA,glp,10,35.5,31.75,36.2,29.5,38.0
2011-06,MUN,SP|UBATUBA,glp,11,38.0,35.0,40.0,34.99,40.0
2011-06,MUN,SP|VALINHOS,glp,11,38.0,38.0,40.0,38.0,40.0
2011-06,MUN,SP|VARZEA PAULISTA,glp,11,35.0,35.0,38.0,35.0,38.0
2011-06,MUN,SP|VINHEDO,glp,5,40.0,39.4,41.54,39.0,41.9
2011-06,MUN,SP|VOTORANTIM,glp,17,37.0,36.54,37.0,36.0,40.0
2011-06,MUN,SP|VOTUPORANGA,glp,19,35.0,33.8,37.2,33.0,38.0
2011-06,MUN,TO|ARAGUAINA,glp,16,45.0,43.0,45.0,43.0,45.0
2011-06,MUN,TO|DIANOPOLIS,glp,6,45.0,44.0,45.0,44.0,45.0
2011-06,MUN,TO|GURUPI,glp,28,45.0,44.0,45.0,44.0,45.0
2011-06,MUN,TO|PALMAS,glp,17,44.0,42.6,45.0,42.0,45.0
2011-06,MUN,TO|PARAISO DO TOCANTINS,glp,11,45.0,44.0,45.0,43.0,45.0
2011-06,MUN,TO|PORTO NACIONAL,glp,13,45.0,44.0,45.0,44.0,45.0
2011-06,UF,AC,glp,235,43.0,42.0,44.0,40.0,53.0
2011-06,UF,AL,glp,92,40.0,35.0,40.0,33.0,40.0
2011-06,UF,AM,glp,216,31.0,30.0,33.0,28.0,45.0
2011-06,UF,AP,glp,32,42.0,40.0,45.0,40.0,51.5
2011-06,UF,BA,glp,510,35.25,32.0,38.0,26.0,41.0
2011-06,UF,CE,glp,339,38.0,35.0,40.0,32.0,40.0
2011-06,UF,DF,glp,156,37.25,36.495,38.0,36.0,47.0
2011-06,UF,ES,glp,298,36.0,34.0,38.0,29.99,40.0
2011-06,UF,GO,glp,628,40.0,38.0,43.0,34.99,45.0
2011-06,UF,MA,glp,174,40.0,38.0,42.0,36.0,45.0
2011-06,UF,MG,glp,1170,42.0,38.0,45.0,30.0,49.0
2011-06,UF,MS,glp,558,48.0,44.0,49.0,38.0,50.0
2011-06,UF,MT,glp,128,48.0,44.0,50.0,39.0,53.9
2011-06,UF,PA,glp,232,40.0,40.0,45.0,35.0,48.0
2011-06,UF,PB,glp,134,35.0,33.0,35.0,30.0,35.0
2011-06,UF,PE,glp,375,34.0,32.0,37.0,28.0,40.0
2011-06,UF,PI,glp,72,40.0,38.5,40.9,35.995,41.0
2011-06,UF,PR,glp,786,40.0,35.0,43.5,30.9,47.0
2011-06,UF,RJ,glp,378,38.0,34.997,40.0,31.0,44.0
2011-06,UF,RN,glp,110,39.0,35.45,40.0,34.0,42.0
2011-06,UF,RO,glp,116,39.5,37.5,43.0,37.0,45.0
2011-06,UF,RR,glp,47,43.0,42.0,44.0,36.0,46.0
2011-06,UF,RS,glp,928,39.0,36.0,42.0,31.0,46.0
2011-06,UF,SC,glp,268,42.0,39.0,45.0,35.0,48.0
2011-06,UF,SE,glp,43,35.0,33.0,37.5,32.0,38.0
2011-06,UF,SP,glp,2743,38.0,35.0,40.5,29.5,45.0
2011-06,UF,TO,glp,91,45.0,43.0,45.0,42.0,45.0
2011-07,BR,BR,glp,10864,39.0,34.992,44.5,25.6,59.0
2011-07,MUN,AC|CRUZEIRO DO SUL,glp,6,50.0,48.75,53.0,48.0,53.0
2011-07,MUN,AC|RIO BRANCO,glp,204,43.0,42.0,43.5,40.0,45.0
2011-07,MUN,AC|SENA MADUREIRA,glp,6,46.0,44.5,46.0,43.0,46.0
2011-07,MUN,AC|SENADOR GUIOMARD,glp,6,44.0,44.0,44.0,44.0,44.0
2011-07,MUN,AC|TARAUACA,glp,2,50.0,50.0,50.0,50.0,50.0
2011-07,MUN,AC|XAPURI,glp,3,46.0,46.0,46.0,46.0,46.0
2011-07,MUN,AL|ARAPIRACA,glp,9,35.0,34.6,35.4,33.0,37.0
2011-07,MUN,AL|DELMIRO GOUVEIA,glp,3,35.0,35.0,35.0,35.0,35.0
2011-07,MUN,AL|MACEIO,glp,55,40.0,40.0,40.0,39.0,41.0
2011-07,MUN,AL|MARECHAL DEODORO,glp,1,39.0,39.0,39.0,39.0,39.0
2011-07,MUN,AL|PALMEIRA DOS INDIOS,glp,7,39.0,38.0,40.0,38.0,40.0
2011-07,MUN,AL|RIO LARGO,glp,4,34.0,33.0,35.0,33.0,35.0
2011-07,MUN,AL|SANTANA DO IPANEMA,glp,6,35.0,35.0,35.0,35.0,35.0
2011-07,MUN,AM|AUTAZES,glp,1,32.0,32.0,32.0,32.0,32.0
2011-07,MUN,AM|HUMAITA,glp,3,36.0,35.6,36.0,35.5,36.0
2011-07,MUN,AM|ITACOATIARA,glp,10,34.0,33.0,35.0,33.0,35.0
2011-07,MUN,AM|MANACAPURU,glp,5,33.0,33.0,33.0,33.0,33.0
2011-07,MUN,AM|MANAUS,glp,188,31.0,30.0,32.0,28.0,45.0
2011-07,MUN,AM|PARINTINS,glp,2,31.25,30.25,32.25,30.0,32.5
2011-07,MUN,AM|PRESIDENTE FIGUEIREDO,glp,2,34.0,33.2,34.8,33.0,35.0
2011-07,MUN,AM|TEFE,glp,2,38.0,38.0,38.0,38.0,38.0
2011-07,MUN,AP|LARANJAL DO JARI,glp,2,44.25,44.05,44.45,44.0,44.5
2011-07,MUN,AP|MACAPA,glp,25,41.0,40.0,42.0,40.0,42.0
2011-07,MUN,AP|OIAPOQUE,glp,1,59.0,59.0,59.0,59.0,59.0
2011-07,MUN,AP|SANTANA,glp,7,45.0,45.0,45.0,45.0,45.0
2011-07,MUN,BA|ALAGOINHAS,glp,5,37.0,37.0,37.0,37.0,37.0
2011-07,MUN,BA|BARRA,glp,6,35.0,34.0,35.75,34.0,36.0
2011-07,MUN,BA|BARRA DO MENDES,glp,1,35.0,35.0,35.0,35.0,35.0
2011-07,MUN,BA|BARREIRAS,glp,10,40.0,38.0,40.0,38.0,40.0
2011-07,MUN,BA|BRUMADO,glp,7,35.0,34.2,35.7,33.0,36.0
2011-07,MUN,BA|CAETITE,glp,6,30.0,30.0,30.0,30.0,30.0
2011-07,MUN,BA|CAMACARI,glp,14,38.0,38.0,38.5,38.0,39.0
2011-07,MUN,BA|CAMPO FORMOSO,glp,2,38.0,38.0,38.0,38.0,38.0
2011-07,MUN,BA|CANDEIAS,glp,7,35.0,32.6,35.0,32.0,35.0
2011-07,MUN,BA|CAPIM GROSSO,glp,1,38.0,38.0,38.0,38.0,38.0
2011-07,MUN,BA|EUNAPOLIS,glp,8,35.0,35.0,35.3,35.0,36.0
2011-07,MUN,BA|FEIRA DE SANTANA,glp,19,38.0,34.6,39.0,33.0,39.0
2011-07,MUN,BA|GUANAMBI,glp,14,28.0,28.0,28.0,28.0,30.0
2011-07,MUN,BA|ILHEUS,glp,8,38.995,36.1,40.3,34.0,41.0
2011-07,MUN,BA|IPIRA,glp,6,38.0,38.0,38.0,38.0,38.0
2011-07,MUN,BA|IRECE,glp,11,35.0,35.0,35.0,35.0,35.22
2011-07,MUN,BA|ITABUNA,glp,13,39.0,38.2,40.0,36.0,40.0
2011-07,MUN,BA|ITAMARAJU,glp,6,35.0,35.0,35.0,35.0,35.0
2011-07,MUN,BA|JACOBINA,glp,7,38.0,38.0,40.0,38.0,40.0
2011-07,MUN,BA|JAGUAQUARA,glp,9,33.0,33.0,33.0,33.0,33.0
2011-07,MUN,BA|JEQUIE,glp,14,30.0,29.927,32.7,26.0,34.0
2011-07,MUN,BA|JOAO DOURADO,glp,1,35.0,35.0,35.0,35.0,35.0
2011-07,MUN,BA|JUAZEIRO,glp,7,34.0,33.3,34.2,33.0,34.5
2011-07,MUN,BA|LAURO DE FREITAS,glp,18,36.0,36.0,36.3,34.0,38.0
2011-07,MUN,BA|LIVRAMENTO DE NOSSA SENHORA,glp,1,30.0,30.0,30.0,30.0,30.0
2011-07,MUN,BA|PAULO AFONSO,glp,5,37.0,35.4,37.0,35.0,37.0
2011-07,MUN,BA|POCOES,glp,6,32.0,32.0,34.0,32.0,34.0
2011-07,MUN,BA|PORTO SEGURO,glp,9,38.0,36.8,38.0,36.0,38.0
2011-07,MUN,BA|RUY BARBOSA,glp,4,35.0,35.0,35.0,35.0,35.0
2011-07,MUN,BA|SALVADOR,glp,203,35.0,33.0,37.0,32.0,38.0
2011-07,MUN,BA|SANTO ANTONIO DE JESUS,glp,8,37.0,36.85,37.5,36.5,37.5
2011-07,MUN,BA|SENHOR DO BONFIM,glp,5,38.0,38.0,38.0,38.0,38.0
2011-07,MUN,BA|SERRINHA,glp,4,38.0,38.0,38.0,38.0,38.0
2011-07,MUN,BA|SIMOES FILHO,glp,7,37.0,35.5,38.0,33.25,38.0
2011-07,MUN,BA|TEIXEIRA DE FREITAS,glp,7,35.0,35.0,36.8,35.0,38.0
2011-07,MUN,BA|URANDI,glp,1,28.0,28.0,28.0,28.0,28.0
2011-07,MUN,BA|VALENCA,glp,5,37.0,36.0,37.0,36.0,37.0
2011-07,MUN,BA|VITORIA DA CONQUISTA,glp,14,35.0,35.0,39.4,25.6,40.0
2011-07,MUN,CE|AQUIRAZ,glp,1,39.0,39.0,39.0,39.0,39.0
2011-07,MUN,CE|ARACOIABA,glp,1,38.0,38.0,38.0,38.0,38.0
2011-07,MUN,CE|BEBERIBE,glp,1,33.0,33.0,33.0,33.0,33.0
2011-07,MUN,CE|CANINDE,glp,4,35.0,34.3,35.7,34.0,36.0
2011-07,MUN,CE|CAUCAIA,glp,21,37.5,36.5,38.0,36.0,40.0
2011-07,MUN,CE|CRATEUS,glp,5,35.0,34.4,35.6,34.0,36.0
2011-07,MUN,CE|CRATO,glp,13,35.0,33.2,40.0,31.0,40.0
2011-07,MUN,CE|FORTALEZA,glp,200,38.0,36.0,40.0,35.0,40.0
2011-07,MUN,CE|ICO,glp,3,35.0,35.0,35.0,35.0,35.0
2011-07,MUN,CE|IGUATU,glp,4,35.0,35.0,36.4,35.0,37.0
2011-07,MUN,CE|IPU,glp,2,33.5,33.1,33.9,33.0,34.0
2011-07,MUN,CE|ITAPIPOCA,glp,5,34.0,33.4,35.0,33.0,35.0
2011-07,MUN,CE|JUAZEIRO DO NORTE,glp,16,35.5,34.0,40.0,34.0,40.0
2011-07,MUN,CE|LIMOEIRO DO NORTE,glp,5,36.0,35.0,36.6,35.0,37.0
2011-07,MUN,CE|MARACANAU,glp,15,37.0,36.0,40.0,36.0,40.0
2011-07,MUN,CE|MORADA NOVA,glp,5,35.0,34.4,36.0,34.0,36.0
2011-07,MUN,CE|PEDRA BRANCA,glp,4,33.5,32.3,34.0,32.0,34.0
2011-07,MUN,CE|QUIXADA,glp,8,37.0,36.0,39.3,36.0,40.0
2011-07,MUN,CE|SAO GONCALO DO AMARANTE,glp,1,36.0,36.0,36.0,36.0,36.0
2011-07,MUN,CE|SOBRAL,glp,6,37.0,36.0,38.5,35.0,39.0
2011-07,MUN,DF|BRASILIA,glp,194,37.0,37.0,38.0,36.0,40.0
2011-07,MUN,ES|ARACRUZ,glp,9,35.0,33.0,35.0,33.0,35.0
2011-07,MUN,ES|BARRA DE SAO FRANCISCO,glp,8,34.0,34.0,36.0,34.0,36.0
2011-07,MUN,ES|CACHOEIRO DE ITAPEMIRIM,glp,18,35.0,34.7,36.0,34.0,36.0
2011-07,MUN,ES|CARIACICA,glp,45,36.0,30.0,37.0,30.0,38.0
2011-07,MUN,ES|CASTELO,glp,3,35.0,33.4,35.4,33.0,35.5
2011-07,MUN,ES|COLATINA,glp,10,36.0,34.9,37.1,34.0,38.0
2011-07,MUN,ES|GUARAPARI,glp,20,38.0,36.0,38.0,35.0,38.0
2011-07,MUN,ES|ITAPEMIRIM,glp,3,33.0,32.2,33.0,32.0,33.0
2011-07,MUN,ES|JAGUARE,glp,4,35.5,35.0,36.0,35.0,36.0
2011-07,MUN,ES|LINHARES,glp,18,35.0,34.0,35.0,34.0,35.0
2011-07,MUN,ES|MARATAIZES,glp,1,35.0,35.0,35.0,35.0,35.0
2011-07,MUN,ES|NOVA VENECIA,glp,4,34.75,33.45,37.1,33.0,38.0
2011-07,MUN,ES|SAO MATEUS,glp,16,38.0,37.0,39.0,37.0,39.0
2011-07,MUN,ES|SERRA,glp,76,36.0,35.5,38.0,35.0,38.0
2011-07,MUN,ES|VILA VELHA,glp,28,36.0,34.4,38.0,30.0,38.0
2011-07,MUN,ES|VITORIA,glp,22,37.0,36.0,38.0,35.0,38.0
2011-07,MUN,GO|AGUAS LINDAS DE GOIAS,glp,16,40.0,40.0,42.0,38.0,43.0
2011-07,MUN,GO|ANAPOLIS,glp,107,39.0,37.0,40.0,35.0,42.0
2011-07,MUN,GO|APARECIDA DE GOIANIA,glp,47,40.0,39.0,41.0,38.0,41.0
2011-07,MUN,GO|CALDAS NOVAS,glp,28,39.0,38.0,40.0,37.0,40.0
2011-07,MUN,GO|CAMPO ALEGRE DE GOIAS,glp,1,38.0,38.0,38.0,38.0,38.0
2011-07,MUN,GO|CATALAO,glp,13,38.0,38.0,38.0,38.0,38.0
2011-07,MUN,GO|CIDADE OCIDENTAL,glp,1,37.0,37.0,37.0,37.0,37.0
2011-07,MUN,GO|FORMOSA,glp,21,40.0,40.0,40.0,40.0,40.0
2011-07,MUN,GO|GOIANIA,glp,177,40.0,39.0,41.0,38.0,42.0
2011-07,MUN,GO|GOIATUBA,glp,11,38.0,37.5,38.0,37.0,38.0
2011-07,MUN,GO|ITUMBIARA,glp,16,43.0,41.5,43.0,40.0,43.0
2011-07,MUN,GO|JATAI,glp,21,40.0,40.0,42.0,40.0,42.0
2011-07,MUN,GO|LUZIANIA,glp,41,40.0,39.0,40.0,39.0,41.0
2011-07,MUN,GO|MINEIROS,glp,18,44.0,43.0,45.0,42.0,45.0
2011-07,MUN,GO|MORRINHOS,glp,22,38.0,37.1,40.0,37.0,40.0
2011-07,MUN,GO|PLANALTINA,glp,23,45.0,45.0,45.0,45.0,45.0
2011-07,MUN,GO|PONTALINA,glp,1,37.0,37.0,37.0,37.0,37.0
2011-07,MUN,GO|PORANGATU,glp,18,45.0,45.0,45.0,45.0,45.0
2011-07,MUN,GO|RIO VERDE,glp,26,42.0,40.5,43.0,39.0,43.0
2011-07,MUN,GO|TRINDADE,glp,36,40.0,39.0,41.0,34.0,41.0
2011-07,MUN,GO|VALPARAISO DE GOIAS,glp,14,43.0,43.0,43.0,40.0,43.0
2011-07,MUN,MA|ACAILANDIA,glp,5,40.0,40.0,42.6,40.0,43.0
2011-07,MUN,MA|BACABAL,glp,4,38.0,37.3,38.0,37.0,38.0
2011-07,MUN,MA|BALSAS,glp,3,40.0,40.0,40.0,40.0,40.0
2011-07,MUN,MA|BARRA DO CORDA,glp,7,45.0,42.0,45.0,42.0,45.0
2011-07,MUN,MA|CAROLINA,glp,3,44.0,44.0,44.0,44.0,44.0
2011-07,MUN,MA|CAXIAS,glp,3,42.0,42.0,42.0,42.0,42.0
2011-07,MUN,MA|CODO,glp,3,41.0,40.2,41.0,40.0,41.0
2011-07,MUN,MA|IMPERATRIZ,glp,40,42.0,39.0,42.5,38.0,43.0
2011-07,MUN,MA|JOAO LISBOA,glp,1,42.0,42.0,42.0,42.0,42.0
2011-07,MUN,MA|PINHEIRO,glp,4,38.5,37.0,40.0,37.0,40.0
2011-07,MUN,MA|PRESIDENTE DUTRA,glp,3,38.0,38.0,38.0,38.0,38.0
2011-07,MUN,MA|SANTA INES,glp,4,40.0,40.0,40.0,40.0,40.0
2011-07,MUN,MA|SAO DOMINGOS DO MARANHAO,glp,2,36.0,36.0,36.0,36.0,36.0
2011-07,MUN,MA|SAO JOAO DOS PATOS,glp,3,40.0,40.0,40.0,40.0,40.0
2011-07,MUN,MA|SAO JOSE DE RIBAMAR,glp,9,40.0,38.0,40.0,38.0,40.0
2011-07,MUN,MA|SAO LUIS,glp,65,40.0,38.0,40.0,35.0,40.0
2011-07,MUN,MA|TIMON,glp,3,39.0,38.2,39.0,38.0,39.0
2011-07,MUN,MG|ALFENAS,glp,15,38.0,34.4,38.0,33.0,40.0
2011-07,MUN,MG|ARAGUARI,glp,18,45.0,43.7,45.0,43.0,45.0
2011-07,MUN,MG|ARAXA,glp,5,42.0,42.0,45.0,42.0,45.0
2011-07,MUN,MG|BARBACENA,glp,17,37.0,35.0,38.0,34.0,38.0
2011-07,MUN,MG|BELO HORIZONTE,glp,124,43.0,39.5,44.0,36.0,46.0
2011-07,MUN,MG|BETIM,glp,33,43.0,41.0,45.0,40.0,45.0
2011-07,MUN,MG|BOM DESPACHO,glp,3,40.0,40.0,40.8,40.0,41.0
2011-07,MUN,MG|CAMPO BELO,glp,8,36.5,36.0,37.3,36.0,38.0
2011-07,MUN,MG|CARATINGA,glp,3,37.0,37.0,38.6,37.0,39.0
2011-07,MUN,MG|CATAGUASES,glp,4,38.5,37.3,39.7,37.0,40.0
2011-07,MUN,MG|CONGONHAS,glp,9,38.0,35.9,38.0,35.5,38.0
2011-07,MUN,MG|CONSELHEIRO LAFAIETE,glp,10,39.5,36.95,40.2,36.5,42.0
2011-07,MUN,MG|CONTAGEM,glp,113,43.0,41.0,45.0,40.0,46.0
2011-07,MUN,MG|CORONEL FABRICIANO,glp,10,42.0,41.8,42.0,40.0,42.0
2011-07,MUN,MG|CURVELO,glp,11,42.0,42.0,44.0,42.0,44.0
2011-07,MUN,MG|DIAMANTINA,glp,6,44.75,44.0,45.0,44.0,45.0
2011-07,MUN,MG|DIVINOPOLIS,glp,20,40.0,40.0,42.0,40.0,44.0
2011-07,MUN,MG|FORMIGA,glp,4,38.5,36.0,41.7,36.0,42.0
2011-07,MUN,MG|FRUTAL,glp,5,38.0,38.0,38.0,38.0,38.0
2011-07,MUN,MG|GOVERNADOR VALADARES,glp,21,39.0,38.0,40.0,38.0,42.0
2011-07,MUN,MG|GUAXUPE,glp,12,36.7,35.1,38.9,34.0,40.0
2011-07,MUN,MG|IBIRITE,glp,12,43.0,40.1,44.35,40.0,45.0
2011-07,MUN,MG|IPATINGA,glp,23,40.0,40.0,42.0,40.0,42.0
2011-07,MUN,MG|ITABIRA,glp,5,43.0,43.0,43.0,43.0,43.0
2011-07,MUN,MG|ITABIRITO,glp,1,39.0,39.0,39.0,39.0,39.0
2011-07,MUN,MG|ITAJUBA,glp,15,39.0,37.4,40.0,35.0,40.0
2011-07,MUN,MG|ITAUNA,glp,14,42.5,40.0,43.0,40.0,44.0
2011-07,MUN,MG|ITUIUTABA,glp,19,42.0,39.7,43.5,37.0,44.0
2011-07,MUN,MG|ITURAMA,glp,1,40.0,40.0,40.0,40.0,40.0
2011-07,MUN,MG|JACUI,glp,1,38.0,38.0,38.0,38.0,38.0
2011-07,MUN,MG|JANAUBA,glp,2,38.0,38.0,38.0,38.0,38.0
2011-07,MUN,MG|JANUARIA,glp,6,42.0,41.0,42.75,40.0,43.0
2011-07,MUN,MG|JOAO MONLEVADE,glp,9,41.0,41.0,42.0,41.0,42.0
2011-07,MUN,MG|JOAO PINHEIRO,glp,14,45.0,44.3,45.0,42.9,46.0
2011-07,MUN,MG|JUIZ DE FORA,glp,59,40.0,38.0,44.1,36.99,47.0
2011-07,MUN,MG|LAVRAS,glp,12,39.5,38.0,41.8,37.0,42.0
2011-07,MUN,MG|LEOPOLDINA,glp,7,40.0,38.8,40.7,37.0,41.0
2011-07,MUN,MG|MANHUACU,glp,6,35.75,35.0,37.0,35.0,37.0
2011-07,MUN,MG|MARIANA,glp,5,45.0,44.7,45.8,44.5,46.0
2011-07,MUN,MG|MONTE CARMELO,glp,18,40.0,40.0,40.0,40.0,40.0
2011-07,MUN,MG|MONTES CLAROS,glp,16,42.0,40.0,43.5,40.0,44.0
2011-07,MUN,MG|MURIAE,glp,5,41.0,39.8,41.6,39.0,42.0
2011-07,MUN,MG|NOVA LIMA,glp,15,43.5,42.0,45.0,40.0,45.0
2011-07,MUN,MG|OLIVEIRA,glp,8,36.75,36.0,38.3,36.0,39.0
2011-07,MUN,MG|OURO PRETO,glp,10,40.0,39.0,41.55,39.0,42.0
2011-07,MUN,MG|PARA DE MINAS,glp,11,41.9,40.0,42.5,40.0,43.0
2011-07,MUN,MG|PARACATU,glp,9,49.0,46.6,49.0,45.0,49.0
2011-07,MUN,MG|PASSOS,glp,18,39.0,37.7,40.0,37.0,40.0
2011-07,MUN,MG|PATOS DE MINAS,glp,20,43.0,42.0,43.1,42.0,45.0
2011-07,MUN,MG|PATROCINIO,glp,10,45.0,44.0,45.0,44.0,45.0
2011-07,MUN,MG|POCOS DE CALDAS,glp,16,35.0,34.995,39.0,34.99,39.0
2011-07,MUN,MG|PONTE NOVA,glp,1,38.0,38.0,38.0,38.0,38.0
2011-07,MUN,MG|POUSO ALEGRE,glp,18,38.5,37.5,39.0,37.0,39.0
2011-07,MUN,MG|RIBEIRAO DAS NEVES,glp,21,42.5,40.0,44.0,39.0,45.0
2011-07,MUN,MG|SABARA,glp,14,42.25,41.15,43.35,41.0,43.995
2011-07,MUN,MG|SANTA LUZIA,glp,26,43.0,41.0,44.0,40.0,45.0
2011-07,MUN,MG|SANTOS DUMONT,glp,6,39.45,38.0,40.0,38.0,40.0
2011-07,MUN,MG|SAO GONCALO DO RIO ABAIXO,glp,1,42.0,42.0,42.0,42.0,42.0
2011-07,MUN,MG|SAO GOTARDO,glp,1,43.0,43.0,43.0,43.0,43.0
2011-07,MUN,MG|SAO JOAO DEL REI,glp,16,39.0,39.0,40.0,39.0,40.0
2011-07,MUN,MG|SAO LOURENCO,glp,5,40.0,39.4,40.0,39.0,40.0
2011-07,MUN,MG|SAO SEBASTIAO DO PARAISO,glp,16,39.0,38.0,39.5,38.0,40.0
2011-07,MUN,MG|SETE LAGOAS,glp,24,39.5,39.0,41.0,38.9,42.0
2011-07,MUN,MG|TEOFILO OTONI,glp,22,36.0,36.0,38.0,35.0,39.0
2011-07,MUN,MG|TIMOTEO,glp,9,40.0,39.8,44.0,39.0,44.0
2011-07,MUN,MG|TRES CORACOES,glp,9,38.0,38.0,38.0,38.0,38.0
2011-07,MUN,MG|UBA,glp,8,38.0,38.0,38.57,38.0,39.9
2011-07,MUN,MG|UBERABA,glp,38,45.0,45.0,45.0,40.0,45.0
2011-07,MUN,MG|UBERLANDIA,glp,77,44.0,42.76,45.0,40.0,45.0
2011-07,MUN,MG|UNAI,glp,14,43.0,43.0,43.0,43.0,43.0
2011-07,MUN,MG|VARGINHA,glp,16,35.0,31.75,35.5,29.99,36.0
2011-07,MUN,MG|VESPASIANO,glp,15,42.0,40.0,43.6,38.0,44.0
2011-07,MUN,MG|VICOSA,glp,2,39.5,39.1,39.9,39.0,40.0
2011-07,MUN,MS|BATAYPORA,glp,2,44.5,44.1,44.9,44.0,45.0
2011-07,MUN,MS|CAMPO GRANDE,glp,409,48.0,45.0,49.0,40.0,50.0
2011-07,MUN,MS|CORUMBA,glp,9,47.0,46.3,47.0,45.5,47.0
2011-07,MUN,MS|COXIM,glp,13,50.0,50.0,50.0,48.0,50.0
2011-07,MUN,MS|DOURADOS,glp,66,46.0,44.0,48.0,41.5,48.0
2011-07,MUN,MS|NOVA ANDRADINA,glp,13,45.0,43.2,45.0,43.0,46.0
2011-07,MUN,MS|PARANAIBA,glp,16,45.0,45.0,45.0,44.0,45.0
2011-07,MUN,MS|PONTA PORA,glp,5,43.0,41.0,44.4,40.0,45.0
2011-07,MUN,MS|TRES LAGOAS,glp,18,40.0,38.0,42.0,38.0,42.0
2011-07,MUN,MT|ALTA FLORESTA,glp,8,50.0,50.0,51.3,50.0,52.0
2011-07,MUN,MT|CACERES,glp,12,43.25,40.2,44.9,40.0,46.5
2011-07,MUN,MT|CUIABA,glp,54,48.0,45.0,50.0,43.0,53.9
2011-07,MUN,MT|NOVA MUTUM,glp,1,48.0,48.0,48.0,48.0,48.0
2011-07,MUN,MT|RONDONOPOLIS,glp,11,48.0,48.0,50.0,46.0,50.0
2011-07,MUN,MT|SINOP,glp,16,48.0,47.0,48.0,47.0,48.0
2011-07,MUN,MT|SORRISO,glp,10,50.0,46.8,51.0,45.0,51.0
2011-07,MUN,MT|VARZEA GRANDE,glp,17,45.0,44.0,46.4,44.0,47.0
2011-07,MUN,PA|ABAETETUBA,glp,6,39.0,38.5,39.0,38.0,39.0
2011-07,MUN,PA|ALENQUER,glp,6,42.25,40.5,43.25,40.0,43.5
2011-07,MUN,PA|ALTAMIRA,glp,10,45.0,41.8,45.0,40.0,45.0
2011-07,MUN,PA|ANANINDEUA,glp,31,40.0,40.0,40.0,39.0,40.0
2011-07,MUN,PA|BELEM,glp,85,40.0,39.0,42.0,35.0,45.0
2011-07,MUN,PA|BRAGANCA,glp,6,44.0,43.015,45.0,43.0,45.0
2011-07,MUN,PA|BREVES,glp,3,43.0,41.4,44.6,41.0,45.0
2011-07,MUN,PA|CAMETA,glp,5,45.0,45.0,45.0,45.0,45.0
2011-07,MUN,PA|CASTANHAL,glp,9,40.0,39.4,40.0,37.0,40.0
2011-07,MUN,PA|CONCEICAO DO ARAGUAIA,glp,7,45.0,45.0,46.6,45.0,47.5
2011-07,MUN,PA|CONCORDIA DO PARA,glp,1,45.0,45.0,45.0,45.0,45.0
2011-07,MUN,PA|ITAITUBA,glp,8,46.0,44.7,47.0,44.0,47.0
2011-07,MUN,PA|MARABA,glp,3,40.0,40.0,40.8,40.0,41.0
2011-07,MUN,PA|PARAGOMINAS,glp,5,48.0,48.0,48.0,48.0,48.0
2011-07,MUN,PA|PARAUAPEBAS,glp,3,45.0,44.2,46.2,44.0,46.5
2011-07,MUN,PA|REDENCAO,glp,5,45.0,43.4,45.0,43.0,45.0
2011-07,MUN,PA|SANTAREM,glp,44,40.4,40.0,42.0,38.0,44.0
2011-07,MUN,PA|TUCURUI,glp,6,40.0,38.5,43.5,37.0,45.0
2011-07,MUN,PA|XINGUARA,glp,7,47.0,45.6,48.0,45.0,48.0
2011-07,MUN,PB|BAYEUX,glp,7,35.0,33.6,35.0,33.0,35.0
2011-07,MUN,PB|CABEDELO,glp,9,33.0,33.0,35.0,33.0,35.0
2011-07,MUN,PB|CAMPINA GRANDE,glp,42,35.0,35.0,35.0,33.0,35.0
2011-07,MUN,PB|GUARABIRA,glp,1,35.0,35.0,35.0,35.0,35.0
2011-07,MUN,PB|INGA,glp,1,35.0,35.0,35.0,35.0,35.0
2011-07,MUN,PB|ITABAIANA,glp,1,35.0,35.0,35.0,35.0,35.0
2011-07,MUN,PB|JOAO PESSOA,glp,66,33.0,32.95,35.0,31.0,35.0
2011-07,MUN,PB|MAMANGUAPE,glp,4,33.0,32.3,33.0,32.0,33.0
2011-07,MUN,PB|PATOS,glp,7,34.0,33.3,34.7,33.0,35.0
2011-07,MUN,PB|SANTA RITA,glp,6,34.0,33.0,34.5,33.0,35.0
2011-07,MUN,PB|SAPE,glp,3,33.0,33.0,33.0,33.0,33.0
2011-07,MUN,PB|SOUSA,glp,6,30.5,30.0,33.0,30.0,33.0
2011-07,MUN,PE|ABREU E LIMA,glp,7,32.5,32.1,32.997,31.5,33.0
2011-07,MUN,PE|AFOGADOS DA INGAZEIRA,glp,4,38.0,36.6,38.0,36.0,38.0
2011-07,MUN,PE|AGUAS BELAS,glp,1,35.5,35.5,35.5,35.5,35.5
2011-07,MUN,PE|ARARIPINA,glp,5,36.0,35.4,36.0,35.0,36.0
2011-07,MUN,PE|ARCOVERDE,glp,4,36.0,35.65,36.0,35.5,36.0
2011-07,MUN,PE|BELO JARDIM,glp,6,36.5,36.0,36.75,36.0,37.0
2011-07,MUN,PE|BEZERROS,glp,1,36.0,36.0,36.0,36.0,36.0
2011-07,MUN,PE|BOM CONSELHO,glp,4,37.5,36.8,37.5,36.5,37.5
2011-07,MUN,PE|CABO DE SANTO AGOSTINHO,glp,10,33.0,32.45,33.0,31.995,33.0
2011-07,MUN,PE|CACHOEIRINHA,glp,1,36.5,36.5,36.5,36.5,36.5
2011-07,MUN,PE|CAMARAGIBE,glp,13,32.5,31.6,33.0,31.495,33.5
2011-07,MUN,PE|CARUARU,glp,27,32.0,32.0,34.0,32.0,35.0
2011-07,MUN,PE|GARANHUNS,glp,6,36.5,36.0,36.5,36.0,36.5
2011-07,MUN,PE|GOIANA,glp,4,32.0,31.3,34.1,31.0,35.0
2011-07,MUN,PE|GRAVATA,glp,7,35.0,33.0,38.0,33.0,38.0
2011-07,MUN,PE|IGARASSU,glp,16,32.5,32.0,33.0,31.0,33.15
2011-07,MUN,PE|JABOATAO DOS GUARARAPES,glp,53,35.0,35.0,38.0,32.0,38.0
2011-07,MUN,PE|LAJEDO,glp,6,36.0,36.0,36.5,36.0,36.5
2011-07,MUN,PE|MORENO,glp,1,35.0,35.0,35.0,35.0,35.0
2011-07,MUN,PE|OLINDA,glp,33,32.0,30.0,35.0,28.0,36.0
2011-07,MUN,PE|PAULISTA,glp,8,32.748,31.545,33.0,30.495,33.0
2011-07,MUN,PE|PETROLINA,glp,13,34.0,32.0,35.0,32.0,35.0
2011-07,MUN,PE|RECIFE,glp,94,35.0,31.0,35.85,30.0,40.0
2011-07,MUN,PE|SALGUEIRO,glp,5,38.0,38.0,38.6,38.0,39.0
2011-07,MUN,PE|SANTA CRUZ DO CAPIBARIBE,glp,5,36.0,35.7,36.3,35.5,36.5
2011-07,MUN,PE|SAO BENTO DO UNA,glp,6,36.75,36.5,37.0,36.5,37.0
2011-07,MUN,PE|SAO LOURENCO DA MATA,glp,11,32.5,31.5,33.0,31.0,33.0
2011-07,MUN,PE|SERRA TALHADA,glp,4,38.0,38.0,38.0,38.0,38.0
2011-07,MUN,PE|VITORIA DE SANTO ANTAO,glp,12,35.0,35.0,35.0,34.0,35.0
2011-07,MUN,PI|BARRAS,glp,2,40.75,40.55,40.95,40.5,41.0
2011-07,MUN,PI|CAMPO MAIOR,glp,4,41.0,41.0,41.0,41.0,41.0
2011-07,MUN,PI|OEIRAS,glp,5,40.0,40.0,40.6,40.0,41.0
2011-07,MUN,PI|PARNAIBA,glp,2,39.5,39.1,39.9,39.0,40.0
2011-07,MUN,PI|PICOS,glp,2,36.5,36.1,36.9,36.0,37.0
2011-07,MUN,PI|PIRIPIRI,glp,4,40.0,39.0,41.0,39.0,41.0
2011-07,MUN,PI|TERESINA,glp,54,40.0,40.0,40.0,34.99,40.0
2011-07,MUN,PR|ALMIRANTE TAMANDARE,glp,12,37.0,37.0,38.45,33.0,39.0
2011-07,MUN,PR|APUCARANA,glp,18,40.0,38.7,40.0,38.0,40.0
2011-07,MUN,PR|ARAPONGAS,glp,17,40.0,38.0,40.0,38.0,40.0
2011-07,MUN,PR|ARAUCARIA,glp,13,36.0,35.0,37.8,35.0,38.0
2011-07,MUN,PR|ASSIS CHATEAUBRIAND,glp,4,35.0,35.0,35.63,35.0,35.9
2011-07,MUN,PR|CAMBE,glp,30,40.0,39.0,41.0,39.0,42.0
2011-07,MUN,PR|CAMPO LARGO,glp,18,36.0,34.997,36.3,34.95,37.0
2011-07,MUN,PR|CAMPO MOURAO,glp,12,40.0,40.0,44.8,40.0,45.0
2011-07,MUN,PR|CASCAVEL,glp,68,40.0,39.95,41.0,39.5,42.0
2011-07,MUN,PR|CASTRO,glp,9,38.0,36.8,40.0,36.0,40.0
2011-07,MUN,PR|CIANORTE,glp,17,43.0,40.0,43.0,40.0,44.0
2011-07,MUN,PR|COLOMBO,glp,24,36.5,35.0,37.82,35.0,38.0
2011-07,MUN,PR|CORNELIO PROCOPIO,glp,6,40.0,40.0,40.0,40.0,40.0
2011-07,MUN,PR|CURITIBA,glp,117,36.0,35.0,37.0,34.0,38.0
2011-07,MUN,PR|FOZ DO IGUACU,glp,53,47.0,46.0,47.0,40.0,47.0
2011-07,MUN,PR|FRANCISCO BELTRAO,glp,7,33.0,32.56,37.0,31.9,40.0
2011-07,MUN,PR|GUAIRA,glp,1,40.0,40.0,40.0,40.0,40.0
2011-07,MUN,PR|GUARAPUAVA,glp,14,37.0,35.0,39.0,34.5,39.0
2011-07,MUN,PR|IBIPORA,glp,1,41.0,41.0,41.0,41.0,41.0
2011-07,MUN,PR|LARANJEIRAS DO SUL,glp,8,40.0,38.7,42.3,38.0,43.0
2011-07,MUN,PR|LONDRINA,glp,106,40.0,40.0,41.0,38.0,42.0
2011-07,MUN,PR|MARECHAL CANDIDO RONDON,glp,6,42.5,40.0,44.0,40.0,45.0
2011-07,MUN,PR|MARINGA,glp,39,40.0,40.0,45.0,39.0,45.0
2011-07,MUN,PR|MEDIANEIRA,glp,1,47.0,47.0,47.0,47.0,47.0
2011-07,MUN,PR|PARANAGUA,glp,27,37.0,35.0,38.4,33.0,40.0
2011-07,MUN,PR|PARANAVAI,glp,13,42.0,40.0,42.0,40.0,42.0
2011-07,MUN,PR|PATO BRANCO,glp,13,42.0,40.0,42.0,40.0,42.0
2011-07,MUN,PR|PINHAIS,glp,17,36.0,35.0,37.4,35.0,38.0
2011-07,MUN,PR|PONTA GROSSA,glp,32,36.5,36.0,37.0,35.0,38.0
2011-07,MUN,PR|SANTO ANTONIO DA PLATINA,glp,15,39.0,39.0,39.0,39.0,39.0
2011-07,MUN,PR|SAO JOSE DOS PINHAIS,glp,18,37.0,36.0,38.0,35.5,40.0
2011-07,MUN,PR|TERRA BOA,glp,1,42.0,42.0,42.0,42.0,42.0
2011-07,MUN,PR|TOLEDO,glp,25,38.0,35.0,40.0,31.5,45.0
2011-07,MUN,PR|UMUARAMA,glp,15,35.5,35.0,36.0,35.0,36.0
2011-07,MUN,PR|UNIAO DA VITORIA,glp,4,40.0,39.3,40.0,39.0,40.0
2011-07,MUN,RJ|ANGRA DOS REIS,glp,5,42.0,39.4,42.6,39.0,43.0
2011-07,MUN,RJ|ARARUAMA,glp,6,36.0,34.5,37.995,34.0,38.99
2011-07,MUN,RJ|ARMACAO DOS BUZIOS,glp,1,35.9,35.9,35.9,35.9,35.9
2011-07,MUN,RJ|BARRA DO PIRAI,glp,3,37.0,35.8,37.8,35.5,38.0
2011-07,MUN,RJ|BARRA MANSA,glp,13,38.0,37.0,40.0,37.0,40.0
2011-07,MUN,RJ|BELFORD ROXO,glp,6,38.0,38.0,38.0,38.0,38.0
2011-07,MUN,RJ|CABO FRIO,glp,5,35.0,32.8,35.0,32.0,35.0
2011-07,MUN,RJ|CAMPOS DOS GOYTACAZES,glp,20,40.0,39.85,40.0,37.0,42.0
2011-07,MUN,RJ|DUQUE DE CAXIAS,glp,52,40.0,35.0,40.0,35.0,42.0
2011-07,MUN,RJ|GUAPIMIRIM,glp,1,40.0,40.0,40.0,40.0,40.0
2011-07,MUN,RJ|ITABORAI,glp,5,37.0,35.4,38.0,35.0,38.0
2011-07,MUN,RJ|ITAGUAI,glp,4,39.2,37.57,39.78,37.0,39.9
2011-07,MUN,RJ|ITAPERUNA,glp,4,37.25,36.15,38.0,36.0,38.0
2011-07,MUN,RJ|MACAE,glp,4,41.5,38.6,43.0,38.0,43.0
2011-07,MUN,RJ|MAGE,glp,3,40.0,38.4,40.0,38.0,40.0
2011-07,MUN,RJ|MANGARATIBA,glp,1,39.905,39.905,39.905,39.905,39.905
2011-07,MUN,RJ|MARICA,glp,4,37.5,37.0,38.7,37.0,39.0
2011-07,MUN,RJ|NILOPOLIS,glp,4,40.0,40.0,40.0,40.0,40.0
2011-07,MUN,RJ|NITEROI,glp,15,38.0,36.0,39.2,36.0,40.0
2011-07,MUN,RJ|NOVA FRIBURGO,glp,5,40.0,39.0,40.0,39.0,40.0
2011-07,MUN,RJ|NOVA IGUACU,glp,21,36.0,33.5,38.0,29.99,40.0
2011-07,MUN,RJ|PARAIBA DO SUL,glp,3,39.0,38.2,39.0,38.0,39.0
2011-07,MUN,RJ|PARATY,glp,2,39.0,38.2,39.8,38.0,40.0
2011-07,MUN,RJ|PETROPOLIS,glp,7,41.0,40.0,42.32,40.0,42.8
2011-07,MUN,RJ|RESENDE,glp,6,38.0,38.0,38.5,38.0,39.0
2011-07,MUN,RJ|RIO BONITO,glp,4,38.5,38.0,39.0,38.0,39.0
2011-07,MUN,RJ|RIO DAS OSTRAS,glp,1,40.0,40.0,40.0,40.0,40.0
2011-07,MUN,RJ|RIO DE JANEIRO,glp,83,36.0,33.992,40.0,31.0,42.0
2011-07,MUN,RJ|SANTO ANTONIO DE PADUA,glp,2,35.0,35.0,35.0,35.0,35.0
2011-07,MUN,RJ|SAO FRANCISCO DE ITABAPOANA,glp,2,37.25,37.05,37.45,37.0,37.5
2011-07,MUN,RJ|SAO GONCALO,glp,18,36.5,35.7,38.8,35.0,40.0
2011-07,MUN,RJ|SAO JOAO DE MERITI,glp,10,38.0,35.9,40.0,35.0,40.0
2011-07,MUN,RJ|SAPUCAIA,glp,2,40.0,40.0,40.0,40.0,40.0
2011-07,MUN,RJ|SAQUAREMA,glp,5,34.9,33.16,36.0,32.0,36.0
2011-07,MUN,RJ|TERESOPOLIS,glp,7,40.0,39.0,40.0,39.0,40.0
2011-07,MUN,RJ|TRES RIOS,glp,2,38.0,38.0,38.0,38.0,38.0
2011-07,MUN,RJ|VALENCA,glp,5,39.0,37.4,39.6,37.0,40.0
2011-07,MUN,RJ|VASSOURAS,glp,2,40.0,40.0,40.0,40.0,40.0
2011-07,MUN,RJ|VOLTA REDONDA,glp,7,38.0,36.2,39.4,35.0,40.0
2011-07,MUN,RN|CAICARA DO NORTE,glp,1,40.0,40.0,40.0,40.0,40.0
2011-07,MUN,RN|CAICO,glp,4,35.0,34.3,36.4,34.0,37.0
2011-07,MUN,RN|CURRAIS NOVOS,glp,4,34.0,34.0,34.7,34.0,35.0
2011-07,MUN,RN|MOSSORO,glp,5,35.0,35.0,35.0,35.0,35.0
2011-07,MUN,RN|NATAL,glp,75,40.0,38.0,40.0,38.0,40.0
2011-07,MUN,RN|PARNAMIRIM,glp,18,38.75,36.0,40.0,36.0,41.0
2011-07,MUN,RN|SAO JOSE DE MIPIBU,glp,3,40.0,40.0,40.0,40.0,40.0
2011-07,MUN,RN|SERRA DO MEL,glp,1,40.0,40.0,40.0,40.0,40.0
2011-07,MUN,RO|ARIQUEMES,glp,5,42.0,42.0,42.0,42.0,42.0
2011-07,MUN,RO|CACOAL,glp,6,42.5,42.0,43.0,42.0,43.0
2011-07,MUN,RO|GUAJARA-MIRIM,glp,6,42.5,42.0,43.0,42.0,43.0
2011-07,MUN,RO|JI-PARANA,glp,13,38.0,37.0,39.0,37.0,39.0
2011-07,MUN,RO|PIMENTA BUENO,glp,5,42.0,42.0,44.0,42.0,44.0
2011-07,MUN,RO|PORTO VELHO,glp,84,38.0,38.0,40.0,37.0,40.0
2011-07,MUN,RO|SAO MIGUEL DO GUAPORE,glp,3,45.0,45.0,45.0,45.0,45.0
2011-07,MUN,RO|VILHENA,glp,10,42.0,42.0,43.0,42.0,43.0
2011-07,MUN,RR|BOA VISTA,glp,38,43.0,42.0,44.0,41.0,45.0
2011-07,MUN,RR|CANTA,glp,2,40.5,36.9,44.1,36.0,45.0
2011-07,MUN,RR|CARACARAI,glp,2,46.5,46.1,46.9,46.0,47.0
2011-07,MUN,RR|RORAINOPOLIS,glp,2,44.5,44.1,44.9,44.0,45.0
2011-07,MUN,RS|ALEGRETE,glp,12,36.0,35.05,39.0,34.9,41.0
2011-07,MUN,RS|ALVORADA,glp,13,39.0,37.2,40.0,35.0,40.0
2011-07,MUN,RS|BAGE,glp,29,38.0,37.7,39.4,32.0,42.0
2011-07,MUN,RS|BENTO GONCALVES,glp,10,40.5,39.35,45.0,38.0,45.0
2011-07,MUN,RS|CACAPAVA DO SUL,glp,12,43.0,38.45,43.0,38.0,43.0
2011-07,MUN,RS|CACHOEIRA DO SUL,glp,19,38.0,35.0,40.0,35.0,44.0
2011-07,MUN,RS|CACHOEIRINHA,glp,10,39.0,38.0,40.1,38.0,41.0
2011-07,MUN,RS|CANOAS,glp,27,39.0,36.0,40.0,35.0,42.0
2011-07,MUN,RS|CAXIAS DO SUL,glp,73,40.0,39.0,42.0,37.0,45.0
2011-07,MUN,RS|CHUI,glp,5,33.0,31.0,34.2,31.0,35.0
2011-07,MUN,RS|CRUZ ALTA,glp,7,36.0,34.0,38.2,34.0,40.0
2011-07,MUN,RS|ERECHIM,glp,19,45.0,44.0,46.0,43.0,46.0
2011-07,MUN,RS|ESTEIO,glp,13,39.0,38.0,40.0,38.0,40.0
2011-07,MUN,RS|GRAMADO,glp,7,40.0,40.0,40.85,40.0,41.0
2011-07,MUN,RS|GRAVATAI,glp,29,40.0,38.0,40.2,37.0,42.0
2011-07,MUN,RS|GUAIBA,glp,15,40.0,39.36,40.0,38.0,42.0
2011-07,MUN,RS|GUAPORE,glp,1,40.0,40.0,40.0,40.0,40.0
2011-07,MUN,RS|IJUI,glp,4,40.5,39.3,41.7,39.0,42.0
2011-07,MUN,RS|JAGUARAO,glp,10,33.25,33.0,34.2,33.0,36.0
2011-07,MUN,RS|LAJEADO,glp,14,40.0,40.0,40.0,40.0,40.0
2011-07,MUN,RS|NOVO HAMBURGO,glp,21,37.0,35.0,38.0,32.0,38.0
2011-07,MUN,RS|OSORIO,glp,9,40.0,40.0,40.0,40.0,40.0
2011-07,MUN,RS|PALMEIRA DAS MISSOES,glp,8,38.5,38.0,40.9,38.0,43.0
2011-07,MUN,RS|PASSO FUNDO,glp,68,40.0,37.693,43.0,32.0,44.0
2011-07,MUN,RS|PELOTAS,glp,37,36.0,33.3,38.0,32.0,38.0
2011-07,MUN,RS|PORTAO,glp,1,40.0,40.0,40.0,40.0,40.0
2011-07,MUN,RS|PORTO ALEGRE,glp,112,39.0,38.0,40.0,35.0,42.0
2011-07,MUN,RS|RIO GRANDE,glp,64,37.0,37.0,38.0,35.0,38.0
2011-07,MUN,RS|SANTA CRUZ DO SUL,glp,19,39.0,37.0,41.6,35.0,45.0
2011-07,MUN,RS|SANTA MARIA,glp,90,38.0,36.95,40.0,34.0,43.0
2011-07,MUN,RS|SANTA ROSA,glp,11,38.0,37.0,38.0,37.0,39.0
2011-07,MUN,RS|SANTA VITORIA DO PALMAR,glp,9,36.0,36.0,38.0,36.0,38.0
2011-07,MUN,RS|SANTANA DO LIVRAMENTO,glp,18,34.0,34.0,34.0,34.0,37.0
2011-07,MUN,RS|SANTO ANGELO,glp,15,40.0,40.0,41.6,39.0,42.0
2011-07,MUN,RS|SAO BORJA,glp,9,40.0,38.8,40.0,38.0,40.0
2011-07,MUN,RS|SAO GABRIEL,glp,16,40.0,37.5,43.0,37.0,44.0
2011-07,MUN,RS|SAO LEOPOLDO,glp,25,38.0,35.94,39.0,35.0,40.0
2011-07,MUN,RS|SAO LUIZ GONZAGA,glp,6,43.5,39.5,45.0,39.0,45.0
2011-07,MUN,RS|SAPIRANGA,glp,11,40.0,39.0,41.0,39.0,41.0
2011-07,MUN,RS|SAPUCAIA DO SUL,glp,21,39.0,38.0,40.0,38.0,40.0
2011-07,MUN,RS|TORRES,glp,5,39.0,38.0,41.8,38.0,43.0
2011-07,MUN,RS|TRAMANDAI,glp,10,40.0,39.8,40.0,38.0,40.0
2011-07,MUN,RS|URUGUAIANA,glp,16,40.0,38.495,40.0,38.0,40.0
2011-07,MUN,RS|VACARIA,glp,8,38.5,36.85,39.405,36.5,40.0
2011-07,MUN,RS|VIAMAO,glp,19,40.0,38.78,42.0,37.0,42.0
2011-07,MUN,SC|ARARANGUA,glp,4,39.0,38.3,39.7,38.0,40.0
2011-07,MUN,SC|BALNEARIO CAMBORIU,glp,3,45.0,41.0,47.4,40.0,48.0
2011-07,MUN,SC|BIGUACU,glp,3,46.0,46.0,46.8,46.0,47.0
2011-07,MUN,SC|BLUMENAU,glp,22,42.0,40.0,43.0,39.0,45.0
2011-07,MUN,SC|BRUSQUE,glp,5,40.0,38.0,44.7,38.0,46.5
2011-07,MUN,SC|CACADOR,glp,3,45.0,44.2,45.0,44.0,45.0
2011-07,MUN,SC|CHAPECO,glp,16,42.25,41.495,43.25,40.0,44.0
2011-07,MUN,SC|CONCORDIA,glp,4,38.0,36.075,39.33,35.25,39.9
2011-07,MUN,SC|CRICIUMA,glp,9,40.0,39.8,40.4,39.0,42.0
2011-07,MUN,SC|FLORIANOPOLIS,glp,82,43.5,42.0,45.0,41.0,48.5
2011-07,MUN,SC|GASPAR,glp,1,43.0,43.0,43.0,43.0,43.0
2011-07,MUN,SC|ITAJAI,glp,22,40.0,38.1,42.0,38.0,42.0
2011-07,MUN,SC|JARAGUA DO SUL,glp,5,42.0,39.5,43.4,38.0,44.0
2011-07,MUN,SC|JOINVILLE,glp,28,40.0,39.0,42.0,38.5,43.0
2011-07,MUN,SC|LAGES,glp,7,40.0,39.6,41.2,39.0,43.0
2011-07,MUN,SC|LAGUNA,glp,4,38.5,38.0,39.7,38.0,40.0
2011-07,MUN,SC|MAFRA,glp,4,36.0,35.3,36.0,35.0,36.0
2011-07,MUN,SC|PALHOCA,glp,10,44.0,42.9,45.0,42.0,45.0
2011-07,MUN,SC|SAO JOSE,glp,14,44.0,42.3,45.0,42.0,46.0
2011-07,MUN,SC|SAO MIGUEL DO OESTE,glp,3,37.0,35.4,38.6,35.0,39.0
2011-07,MUN,SC|TUBARAO,glp,8,35.0,35.0,35.75,35.0,37.5
2011-07,MUN,SC|VIDEIRA,glp,5,41.0,38.8,42.3,38.0,42.5
2011-07,MUN,SC|XANXERE,glp,6,41.0,40.0,43.0,40.0,44.0
2011-07,MUN,SE|ARACAJU,glp,27,35.0,33.6,37.0,32.0,37.0
2011-07,MUN,SE|ITABAIANA,glp,4,38.0,38.0,38.0,38.0,38.0
2011-07,MUN,SE|ITABAIANINHA,glp,3,33.0,32.2,35.16,32.0,35.7
2011-07,MUN,SE|LAGARTO,glp,5,35.0,33.4,35.6,33.0,36.0
2011-07,MUN,SE|NOSSA SENHORA DO SOCORRO,glp,7,35.0,35.0,35.0,35.0,35.0
2011-07,MUN,SE|SIMAO DIAS,glp,4,35.0,33.6,35.0,33.0,35.0
2011-07,MUN,SE|TOBIAS BARRETO,glp,4,34.75,34.15,35.0,34.0,35.0
2011-07,MUN,SP|ADAMANTINA,glp,12,38.0,37.1,38.0,35.0,38.0
2011-07,MUN,SP|AMERICANA,glp,20,41.0,40.95,42.0,37.99,42.0
2011-07,MUN,SP|AMPARO,glp,5,39.0,37.4,41.28,37.0,42.8
2011-07,MUN,SP|APIAI,glp,2,39.0,39.0,39.0,39.0,39.0
2011-07,MUN,SP|ARACATUBA,glp,43,37.0,35.0,38.0,34.0,40.0
2011-07,MUN,SP|ARARAQUARA,glp,15,39.0,38.0,40.0,34.99,40.0
2011-07,MUN,SP|ARARAS,glp,2,35.4,35.0,35.8,34.9,35.9
2011-07,MUN,SP|ASSIS,glp,15,40.0,39.0,40.0,38.0,40.0
2011-07,MUN,SP|ATIBAIA,glp,24,38.0,37.0,40.0,36.0,40.0
2011-07,MUN,SP|AVARE,glp,9,40.0,39.6,40.4,38.0,42.0
2011-07,MUN,SP|BARRETOS,glp,16,35.0,33.5,36.0,33.0,36.9
2011-07,MUN,SP|BARUERI,glp,36,38.0,34.99,40.0,33.99,40.0
2011-07,MUN,SP|BAURU,glp,66,38.0,35.0,40.25,34.0,41.0
2011-07,MUN,SP|BEBEDOURO,glp,22,35.0,34.9,39.0,29.99,40.0
2011-07,MUN,SP|BIRIGUI,glp,24,35.0,31.0,38.0,29.6,38.0
2011-07,MUN,SP|BOTUCATU,glp,15,43.0,41.7,43.0,40.0,43.0
2011-07,MUN,SP|BRAGANCA PAULISTA,glp,20,37.0,33.0,37.0,32.0,38.0
2011-07,MUN,SP|CACAPAVA,glp,16,37.0,33.5,38.0,31.99,38.0
2011-07,MUN,SP|CAMPINAS,glp,80,37.0,34.95,40.0,32.5,40.5
2011-07,MUN,SP|CAMPOS DO JORDAO,glp,9,37.0,33.8,37.0,31.0,37.0
2011-07,MUN,SP|CAPAO BONITO,glp,4,37.5,34.2,38.0,33.0,38.0
2011-07,MUN,SP|CARAGUATATUBA,glp,8,40.0,38.67,40.0,37.9,40.0
2011-07,MUN,SP|CARAPICUIBA,glp,28,34.45,33.99,37.927,33.99,39.0
2011-07,MUN,SP|CATANDUVA,glp,16,37.75,35.25,39.0,35.0,40.0
2011-07,MUN,SP|COSMOPOLIS,glp,10,37.5,35.0,39.0,35.0,39.0
2011-07,MUN,SP|COTIA,glp,11,37.0,35.0,41.0,35.0,41.0
2011-07,MUN,SP|CRUZEIRO,glp,14,37.0,35.3,37.0,34.0,37.4
2011-07,MUN,SP|CUBATAO,glp,6,37.5,36.5,38.0,36.0,38.0
2011-07,MUN,SP|DIADEMA,glp,38,35.0,31.4,38.0,29.9,40.0
2011-07,MUN,SP|DRACENA,glp,10,45.0,44.7,45.2,42.0,47.0
2011-07,MUN,SP|EMBU DAS ARTES,glp,4,37.5,35.6,38.0,35.0,38.0
2011-07,MUN,SP|FERRAZ DE VASCONCELOS,glp,11,38.0,38.0,40.0,36.0,40.0
2011-07,MUN,SP|FRANCA,glp,45,39.0,38.0,40.0,37.0,40.0
2011-07,MUN,SP|FRANCISCO MORATO,glp,13,41.0,40.0,42.0,40.0,42.0
2011-07,MUN,SP|FRANCO DA ROCHA,glp,6,38.25,36.5,40.5,35.0,42.0
2011-07,MUN,SP|GARCA,glp,8,40.0,38.0,40.0,38.0,40.0
2011-07,MUN,SP|GUARATINGUETA,glp,14,32.45,30.0,39.1,30.0,40.0
2011-07,MUN,SP|GUARUJA,glp,11,38.6,36.0,40.6,34.495,41.0
2011-07,MUN,SP|GUARULHOS,glp,60,38.0,35.9,40.0,33.0,41.0
2011-07,MUN,SP|HORTOLANDIA,glp,21,37.0,36.0,40.0,35.0,42.0
2011-07,MUN,SP|IBITINGA,glp,8,38.5,38.0,41.9,38.0,44.0
2011-07,MUN,SP|INDAIATUBA,glp,23,42.0,40.0,42.0,39.5,43.0
2011-07,MUN,SP|ITANHAEM,glp,13,37.0,37.0,38.8,35.0,39.0
2011-07,MUN,SP|ITAPECERICA DA SERRA,glp,6,40.0,36.995,40.0,35.99,40.0
2011-07,MUN,SP|ITAPETININGA,glp,16,35.0,35.0,37.5,33.0,40.0
2011-07,MUN,SP|ITAPEVA,glp,5,38.0,37.2,38.6,37.0,39.0
2011-07,MUN,SP|ITAPEVI,glp,8,34.998,33.693,37.3,33.0,38.0
2011-07,MUN,SP|ITAPIRA,glp,5,37.0,37.0,37.0,37.0,37.0
2011-07,MUN,SP|ITAPOLIS,glp,16,39.25,38.0,40.0,35.5,40.0
2011-07,MUN,SP|ITAQUAQUECETUBA,glp,20,38.0,35.9,40.0,35.0,40.0
2011-07,MUN,SP|ITATIBA,glp,11,38.0,36.0,38.0,36.0,39.0
2011-07,MUN,SP|ITU,glp,11,37.0,34.0,38.0,33.0,38.0
2011-07,MUN,SP|JABOTICABAL,glp,21,38.0,36.0,40.0,34.0,42.0
2011-07,MUN,SP|JACAREI,glp,19,35.0,33.9,38.0,33.0,40.0
2011-07,MUN,SP|JALES,glp,8,39.0,37.7,40.0,37.0,40.0
2011-07,MUN,SP|JANDIRA,glp,15,36.0,34.4,38.0,33.0,39.0
2011-07,MUN,SP|JAU,glp,12,38.0,35.0,38.0,35.0,40.0
2011-07,MUN,SP|JOSE BONIFACIO,glp,16,37.0,36.25,39.698,34.85,39.99
2011-07,MUN,SP|JUNDIAI,glp,16,37.0,37.0,39.0,37.0,40.0
2011-07,MUN,SP|LEME,glp,16,35.9,34.9,36.95,34.9,37.9
2011-07,MUN,SP|LIMEIRA,glp,20,36.0,35.0,38.199,33.99,39.99
2011-07,MUN,SP|LINS,glp,22,34.0,30.0,35.0,30.0,38.0
2011-07,MUN,SP|LORENA,glp,14,35.0,30.0,35.0,30.0,35.0
2011-07,MUN,SP|MARILIA,glp,14,40.0,39.0,40.0,38.0,41.0
2011-07,MUN,SP|MATAO,glp,15,40.0,38.4,40.0,37.5,40.5
2011-07,MUN,SP|MAUA,glp,33,41.0,35.9,42.0,33.95,45.0
2011-07,MUN,SP|MIRASSOL,glp,14,36.5,35.0,37.997,34.0,38.0
2011-07,MUN,SP|MOCOCA,glp,12,41.5,40.0,42.0,38.0,42.0
2011-07,MUN,SP|MOGI DAS CRUZES,glp,50,38.45,37.0,40.0,36.0,41.0
2011-07,MUN,SP|MOGI GUACU,glp,17,38.0,37.0,38.0,35.0,39.0
2011-07,MUN,SP|MOGI MIRIM,glp,11,38.0,37.0,38.0,37.0,40.0
2011-07,MUN,SP|MONTE ALTO,glp,12,40.0,38.2,43.0,35.0,43.0
2011-07,MUN,SP|OLIMPIA,glp,12,33.0,30.0,35.0,30.0,36.5
2011-07,MUN,SP|OSASCO,glp,84,35.245,33.99,39.5,30.0,45.99
2011-07,MUN,SP|OURINHOS,glp,24,37.25,35.0,39.0,32.9,39.0
2011-07,MUN,SP|PARAGUACU PAULISTA,glp,11,42.0,40.0,42.0,40.0,42.0
2011-07,MUN,SP|PAULICEIA,glp,1,37.0,37.0,37.0,37.0,37.0
2011-07,MUN,SP|PAULINIA,glp,19,34.0,31.0,35.0,31.0,37.0
2011-07,MUN,SP|PINDAMONHANGABA,glp,19,37.0,34.98,38.0,34.9,39.0
2011-07,MUN,SP|PIRACICABA,glp,31,39.8,38.0,40.0,35.0,41.0
2011-07,MUN,SP|PIRASSUNUNGA,glp,8,35.5,34.9,37.3,34.9,38.0
2011-07,MUN,SP|POA,glp,10,38.0,36.9,40.0,36.0,40.0
2011-07,MUN,SP|PORTO FERREIRA,glp,8,34.0,32.8,35.3,30.0,36.0
2011-07,MUN,SP|PRAIA GRANDE,glp,21,38.0,34.99,41.0,33.99,45.0
2011-07,MUN,SP|PRESIDENTE PRUDENTE,glp,60,39.0,36.0,40.0,34.5,43.9
2011-07,MUN,SP|PRESIDENTE VENCESLAU,glp,10,36.0,34.9,37.0,34.0,37.0
2011-07,MUN,SP|RIBEIRAO PIRES,glp,12,39.9,38.0,40.0,38.0,42.0
2011-07,MUN,SP|RIBEIRAO PRETO,glp,121,42.0,39.0,42.0,37.0,45.0
2011-07,MUN,SP|RIO CLARO,glp,8,35.0,35.0,35.0,35.0,35.0
2011-07,MUN,SP|SALTO,glp,15,40.0,35.0,41.0,34.0,42.0
2011-07,MUN,SP|SANTA BARBARA D'OESTE,glp,26,40.5,40.0,42.0,38.0,42.0
2011-07,MUN,SP|SANTA CRUZ DO RIO PARDO,glp,14,37.0,35.57,37.35,34.0,38.0
2011-07,MUN,SP|SANTO ANDRE,glp,50,39.922,35.446,41.91,34.99,42.9
2011-07,MUN,SP|SANTOS,glp,38,37.0,34.9,39.27,34.0,41.0
2011-07,MUN,SP|SAO BERNARDO DO CAMPO,glp,51,39.9,36.0,41.9,33.0,43.0
2011-07,MUN,SP|SAO CAETANO DO SUL,glp,8,39.972,39.0,42.83,39.0,45.0
2011-07,MUN,SP|SAO CARLOS,glp,17,37.9,36.9,39.9,36.9,39.9
2011-07,MUN,SP|SAO JOAO DA BOA VISTA,glp,11,38.0,38.0,38.0,38.0,38.0
2011-07,MUN,SP|SAO JOAQUIM DA BARRA,glp,11,40.0,39.0,40.0,39.0,40.0
2011-07,MUN,SP|SAO JOSE DO RIO PRETO,glp,102,38.0,35.0,40.0,35.0,43.0
2011-07,MUN,SP|SAO JOSE DOS CAMPOS,glp,62,36.0,35.074,38.0,35.0,39.0
2011-07,MUN,SP|SAO PAULO,glp,262,38.922,34.0,40.0,33.99,42.0
2011-07,MUN,SP|SAO ROQUE,glp,12,37.0,34.1,37.94,33.99,38.9
2011-07,MUN,SP|SAO VICENTE,glp,46,37.0,35.0,39.0,33.99,42.0
2011-07,MUN,SP|SERTAOZINHO,glp,24,38.0,34.0,38.0,33.99,40.0
2011-07,MUN,SP|SOROCABA,glp,28,38.0,37.0,39.0,36.0,41.0
2011-07,MUN,SP|SUMARE,glp,21,37.0,30.0,40.0,30.0,40.0
2011-07,MUN,SP|SUZANO,glp,31,39.0,37.0,40.0,33.99,40.0
2011-07,MUN,SP|TABOAO DA SERRA,glp,6,34.5,33.995,39.9,33.99,39.9
2011-07,MUN,SP|TATUI,glp,9,38.0,37.99,40.4,37.99,42.0
2011-07,MUN,SP|TAUBATE,glp,38,37.0,35.0,39.0,34.0,42.0
2011-07,MUN,SP|TUPA,glp,11,36.0,32.0,36.0,29.5,38.0
2011-07,MUN,SP|UBATUBA,glp,11,38.0,35.0,40.0,34.99,40.0
2011-07,MUN,SP|VALINHOS,glp,11,39.0,38.0,40.0,38.0,41.0
2011-07,MUN,SP|VARZEA PAULISTA,glp,11,35.0,35.0,36.0,35.0,38.0
2011-07,MUN,SP|VINHEDO,glp,5,40.0,39.4,40.98,39.0,41.0
2011-07,MUN,SP|VOTORANTIM,glp,17,37.0,36.96,37.7,36.9,40.0
2011-07,MUN,SP|VOTUPORANGA,glp,19,35.0,33.8,37.2,33.0,39.8
2011-07,MUN,TO|ARAGUAINA,glp,16,45.0,43.0,45.0,43.0,45.0
2011-07,MUN,TO|DIANOPOLIS,glp,6,45.0,44.0,45.0,44.0,45.0
2011-07,MUN,TO|GURUPI,glp,32,45.0,44.1,45.0,44.0,45.0
2011-07,MUN,TO|PALMAS,glp,17,44.0,42.6,45.0,42.0,45.0
2011-07,MUN,TO|PARAISO DO TOCANTINS,glp,11,45.0,44.0,45.0,43.0,45.0
2011-07,MUN,TO|PORTO NACIONAL,glp,13,45.0,44.0,45.0,44.0,45.0
2011-07,UF,AC,glp,227,43.0,42.0,44.0,40.0,53.0
2011-07,UF,AL,glp,85,40.0,35.0,40.0,33.0,41.0
2011-07,UF,AM,glp,213,31.0,30.0,33.0,28.0,45.0
2011-07,UF,AP,glp,35,42.0,40.0,45.0,40.0,59.0
2011-07,UF,BA,glp,479,35.22,33.0,38.0,25.6,41.0
2011-07,UF,CE,glp,320,38.0,35.0,40.0,31.0,40.0
2011-07,UF,DF,glp,194,37.0,37.0,38.0,36.0,40.0
2011-07,UF,ES,glp,285,36.0,34.0,38.0,30.0,39.0
2011-07,UF,GO,glp,658,40.0,38.0,43.0,34.0,45.0
2011-07,UF,MA,glp,162,40.0,38.0,42.5,35.0,45.0
2011-07,UF,MG,glp,1177,42.0,37.996,45.0,29.99,49.0
2011-07,UF,MS,glp,551,48.0,43.0,49.0,38.0,50.0
2011-07,UF,MT,glp,129,48.0,44.0,50.0,40.0,53.9
2011-07,UF,PA,glp,250,40.0,39.0,45.0,35.0,48.0
2011-07,UF,PB,glp,153,34.0,33.0,35.0,30.0,35.0
2011-07,UF,PE,glp,367,35.0,31.998,37.0,28.0,40.0
2011-07,UF,PI,glp,73,40.0,39.0,40.9,34.99,41.0
2011-07,UF,PR,glp,781,40.0,35.0,43.0,31.5,47.0
2011-07,UF,RJ,glp,350,38.0,34.99,40.0,29.99,43.0
2011-07,UF,RN,glp,111,39.5,35.0,40.0,34.0,41.0
2011-07,UF,RO,glp,132,39.0,38.0,43.0,37.0,45.0
2011-07,UF,RR,glp,44,43.0,42.0,44.7,36.0,47.0
2011-07,UF,RS,glp,957,39.0,36.0,41.0,31.0,46.0
2011-07,UF,SC,glp,268,42.0,38.35,45.0,35.0,48.5
2011-07,UF,SE,glp,54,35.0,33.0,37.0,32.0,38.0
2011-07,UF,SP,glp,2714,38.0,34.99,41.0,29.5,47.0
2011-07,UF,TO,glp,95,45.0,43.0,45.0,42.0,45.0
2011-08,BR,BR,glp,10879,39.0,35.0,45.0,25.6,58.0
2011-08,MUN,AC|CRUZEIRO DO SUL,glp,6,50.0,49.0,53.0,48.0,53.0
2011-08,MUN,AC|RIO BRANCO,glp,208,43.0,42.5,44.0,40.0,45.0
2011-08,MUN,AC|SENA MADUREIRA,glp,6,46.0,44.5,46.0,43.0,46.0
2011-08,MUN,AC|SENADOR GUIOMARD,glp,6,44.0,44.0,44.0,44.0,44.0
2011-08,MUN,AC|TARAUACA,glp,2,50.0,50.0,50.0,50.0,50.0
2011-08,MUN,AC|XAPURI,glp,3,46.0,46.0,46.0,46.0,46.0
2011-08,MUN,AL|ARAPIRACA,glp,11,35.0,34.0,37.0,33.0,37.0
2011-08,MUN,AL|ATALAIA,glp,1,39.0,39.0,39.0,39.0,39.0
2011-08,MUN,AL|DELMIRO GOUVEIA,glp,3,35.0,35.0,35.0,35.0,35.0
2011-08,MUN,AL|MACEIO,glp,55,40.0,40.0,40.0,35.0,40.0
2011-08,MUN,AL|MARECHAL DEODORO,glp,3,40.0,39.2,42.4,39.0,43.0
2011-08,MUN,AL|PALMEIRA DOS INDIOS,glp,7,37.0,37.0,37.7,37.0,38.0
2011-08,MUN,AL|RIO LARGO,glp,4,34.0,33.0,35.0,33.0,35.0
2011-08,MUN,AL|SANTANA DO IPANEMA,glp,6,35.0,35.0,35.0,35.0,35.0
2011-08,MUN,AL|SAO JOSE DA LAJE,glp,1,40.0,40.0,40.0,40.0,40.0
2011-08,MUN,AM|HUMAITA,glp,3,36.0,35.2,36.0,35.0,36.0
2011-08,MUN,AM|ITACOATIARA,glp,12,34.5,33.1,35.0,33.0,35.0
2011-08,MUN,AM|MANACAPURU,glp,5,33.0,33.0,33.0,33.0,33.0
2011-08,MUN,AM|MANAUS,glp,188,31.0,30.0,32.0,28.0,45.0
2011-08,MUN,AM|PARINTINS,glp,2,31.25,30.25,32.25,30.0,32.5
2011-08,MUN,AM|PRESIDENTE FIGUEIREDO,glp,2,35.12,35.024,35.216,35.0,35.24
2011-08,MUN,AM|TEFE,glp,2,38.0,38.0,38.0,38.0,38.0
2011-08,MUN,AP|LARANJAL DO JARI,glp,2,44.5,44.1,44.9,44.0,45.0
2011-08,MUN,AP|MACAPA,glp,26,40.5,40.0,42.0,40.0,42.0
2011-08,MUN,AP|OIAPOQUE,glp,1,58.0,58.0,58.0,58.0,58.0
2011-08,MUN,AP|SANTANA,glp,7,45.0,45.0,45.0,45.0,45.0
2011-08,MUN,BA|ALAGOINHAS,glp,5,37.0,37.0,37.0,37.0,37.0
2011-08,MUN,BA|BARRA,glp,6,35.0,34.0,36.0,34.0,36.0
2011-08,MUN,BA|BARRA DO MENDES,glp,1,35.0,35.0,35.0,35.0,35.0
2011-08,MUN,BA|BARREIRAS,glp,10,40.0,38.0,40.0,38.0,40.0
2011-08,MUN,BA|BRUMADO,glp,5,35.0,35.0,35.6,35.0,36.0
2011-08,MUN,BA|CAETITE,glp,6,30.0,30.0,30.0,30.0,30.0
2011-08,MUN,BA|CAMACARI,glp,12,38.0,38.0,38.0,38.0,38.5
2011-08,MUN,BA|CAMPO FORMOSO,glp,2,38.0,38.0,38.0,38.0,38.0
2011-08,MUN,BA|CANDEIAS,glp,7,35.0,32.6,35.0,32.0,35.0
2011-08,MUN,BA|CAPIM GROSSO,glp,1,38.0,38.0,38.0,38.0,38.0
2011-08,MUN,BA|EUNAPOLIS,glp,8,35.0,35.0,35.3,35.0,36.0
2011-08,MUN,BA|FEIRA DE SANTANA,glp,15,38.0,36.0,39.0,35.0,39.0
2011-08,MUN,BA|GUANAMBI,glp,14,28.0,28.0,28.0,28.0,28.0
2011-08,MUN,BA|ILHEUS,glp,8,38.995,37.0,40.3,37.0,41.0
2011-08,MUN,BA|IPIRA,glp,6,38.0,38.0,38.0,38.0,38.0
2011-08,MUN,BA|IRECE,glp,12,35.0,35.0,35.0,35.0,35.0
2011-08,MUN,BA|ITABUNA,glp,15,39.0,37.4,40.0,36.0,40.0
2011-08,MUN,BA|ITAMARAJU,glp,6,35.0,35.0,35.0,35.0,35.0
2011-08,MUN,BA|JACOBINA,glp,7,38.0,38.0,40.0,38.0,40.0
2011-08,MUN,BA|JAGUAQUARA,glp,9,33.0,33.0,33.0,33.0,33.0
2011-08,MUN,BA|JEQUIE,glp,14,31.0,30.0,32.7,28.0,34.0
2011-08,MUN,BA|JOAO DOURADO,glp,1,35.0,35.0,35.0,35.0,35.0
2011-08,MUN,BA|JUAZEIRO,glp,7,34.0,33.6,34.0,33.0,34.0
2011-08,MUN,BA|LAURO DE FREITAS,glp,20,36.0,36.0,36.1,34.0,38.0
2011-08,MUN,BA|LIVRAMENTO DE NOSSA SENHORA,glp,1,32.0,32.0,32.0,32.0,32.0
2011-08,MUN,BA|PAULO AFONSO,glp,5,37.0,35.4,37.0,35.0,37.0
2011-08,MUN,BA|POCOES,glp,7,31.0,30.0,34.0,30.0,34.0
2011-08,MUN,BA|PORTO SEGURO,glp,9,38.0,36.8,38.0,36.0,38.0
2011-08,MUN,BA|RUY BARBOSA,glp,4,35.0,35.0,35.0,35.0,35.0
2011-08,MUN,BA|SALVADOR,glp,214,35.0,33.0,37.0,30.0,38.0
2011-08,MUN,BA|SANTO ANTONIO DE JESUS,glp,8,36.5,35.0,37.3,35.0,38.0
2011-08,MUN,BA|SENHOR DO BONFIM,glp,5,38.0,38.0,38.0,38.0,38.0
2011-08,MUN,BA|SERRINHA,glp,5,38.0,38.0,38.0,38.0,38.0
2011-08,MUN,BA|SIMOES FILHO,glp,7,37.0,36.2,38.0,35.0,38.0
2011-08,MUN,BA|TEIXEIRA DE FREITAS,glp,11,35.0,35.0,38.0,35.0,38.0
2011-08,MUN,BA|URANDI,glp,1,28.0,28.0,28.0,28.0,28.0
2011-08,MUN,BA|VALENCA,glp,5,37.0,35.8,37.0,35.0,37.0
2011-08,MUN,BA|VITORIA DA CONQUISTA,glp,20,35.0,35.0,38.0,25.6,40.0
2011-08,MUN,CE|AQUIRAZ,glp,1,39.0,39.0,39.0,39.0,39.0
2011-08,MUN,CE|ARACOIABA,glp,1,38.0,38.0,38.0,38.0,38.0
2011-08,MUN,CE|BEBERIBE,glp,1,33.0,33.0,33.0,33.0,33.0
2011-08,MUN,CE|CANINDE,glp,4,35.0,35.0,35.7,35.0,36.0
2011-08,MUN,CE|CAUCAIA,glp,42,37.0,36.0,39.9,36.0,40.0
2011-08,MUN,CE|CRATEUS,glp,5,35.0,34.4,35.6,34.0,36.0
2011-08,MUN,CE|CRATO,glp,13,35.0,33.4,40.0,30.0,40.0
2011-08,MUN,CE|FORTALEZA,glp,201,38.0,36.0,40.0,34.0,40.0
2011-08,MUN,CE|ICO,glp,3,35.0,35.0,35.0,35.0,35.0
2011-08,MUN,CE|IGUATU,glp,4,35.0,35.0,36.4,35.0,37.0
2011-08,MUN,CE|IPU,glp,2,33.5,33.1,33.9,33.0,34.0
2011-08,MUN,CE|ITAPIPOCA,glp,5,34.0,33.4,35.0,33.0,35.0
2011-08,MUN,CE|JUAZEIRO DO NORTE,glp,16,35.0,34.0,40.0,34.0,40.0
2011-08,MUN,CE|LIMOEIRO DO NORTE,glp,5,36.0,35.0,36.6,35.0,37.0
2011-08,MUN,CE|MARACANAU,glp,15,37.0,36.0,40.0,36.0,40.0
2011-08,MUN,CE|MORADA NOVA,glp,5,35.0,34.4,36.0,34.0,36.0
2011-08,MUN,CE|PEDRA BRANCA,glp,4,33.5,32.3,34.0,32.0,34.0
2011-08,MUN,CE|QUIXADA,glp,8,37.0,36.0,39.3,36.0,40.0
2011-08,MUN,CE|SAO GONCALO DO AMARANTE,glp,1,36.0,36.0,36.0,36.0,36.0
2011-08,MUN,CE|SOBRAL,glp,6,37.0,36.0,38.5,35.0,39.0
2011-08,MUN,DF|BRASILIA,glp,138,37.0,36.0,38.0,36.0,39.0
2011-08,MUN,ES|ARACRUZ,glp,9,35.0,33.0,35.0,33.0,35.0
2011-08,MUN,ES|BARRA DE SAO FRANCISCO,glp,8,34.0,34.0,36.0,34.0,36.0
2011-08,MUN,ES|CACHOEIRO DE ITAPEMIRIM,glp,18,35.0,34.0,36.0,34.0,36.0
2011-08,MUN,ES|CARIACICA,glp,50,36.0,32.25,37.05,30.0,38.0
2011-08,MUN,ES|CASTELO,glp,5,35.0,33.6,35.3,33.0,35.5
2011-08,MUN,ES|COLATINA,glp,10,37.0,35.0,38.2,35.0,40.0
2011-08,MUN,ES|GUARAPARI,glp,22,38.0,36.0,38.0,35.0,38.0
2011-08,MUN,ES|ITAPEMIRIM,glp,3,33.0,32.2,33.0,32.0,33.0
2011-08,MUN,ES|JAGUARE,glp,4,35.5,35.0,36.0,35.0,36.0
2011-08,MUN,ES|LINHARES,glp,15,35.0,34.0,35.0,34.0,35.0
2011-08,MUN,ES|MARATAIZES,glp,1,35.0,35.0,35.0,35.0,35.0
2011-08,MUN,ES|NOVA VENECIA,glp,3,38.0,34.8,39.6,34.0,40.0
2011-08,MUN,ES|SAO MATEUS,glp,13,38.0,37.0,39.0,37.0,39.0
2011-08,MUN,ES|SERRA,glp,92,36.5,35.55,38.0,35.0,38.0
2011-08,MUN,ES|VILA VELHA,glp,46,36.0,35.0,38.0,30.0,38.0
2011-08,MUN,ES|VITORIA,glp,29,37.0,36.0,38.0,35.0,38.0
2011-08,MUN,GO|AGUAS LINDAS DE GOIAS,glp,17,40.0,40.0,42.0,38.0,43.0
2011-08,MUN,GO|ANAPOLIS,glp,123,38.0,37.0,40.0,35.0,42.0
2011-08,MUN,GO|APARECIDA DE GOIANIA,glp,33,40.0,39.0,41.0,39.0,41.0
2011-08,MUN,GO|CALDAS NOVAS,glp,25,39.0,38.0,40.0,37.0,40.0
2011-08,MUN,GO|CAMPO ALEGRE DE GOIAS,glp,1,38.0,38.0,38.0,38.0,38.0
2011-08,MUN,GO|CATALAO,glp,12,38.0,38.0,38.0,38.0,38.0
2011-08,MUN,GO|CIDADE OCIDENTAL,glp,1,37.0,37.0,37.0,37.0,37.0
2011-08,MUN,GO|FORMOSA,glp,19,40.0,40.0,40.0,40.0,40.0
2011-08,MUN,GO|GOIANIA,glp,124,40.0,39.0,41.0,39.0,42.0
2011-08,MUN,GO|GOIATUBA,glp,11,38.0,37.0,38.0,37.0,38.0
2011-08,MUN,GO|ITUMBIARA,glp,16,43.0,42.0,43.0,40.0,43.0
2011-08,MUN,GO|JATAI,glp,19,40.0,40.0,42.0,40.0,42.0
2011-08,MUN,GO|LUZIANIA,glp,33,40.0,39.0,40.0,39.0,40.0
2011-08,MUN,GO|MINEIROS,glp,17,44.0,43.0,45.0,42.0,45.0
2011-08,MUN,GO|MORRINHOS,glp,16,38.0,37.5,40.0,37.0,40.0
2011-08,MUN,GO|PLANALTINA,glp,20,45.0,45.0,45.0,45.0,45.0
2011-08,MUN,GO|PONTALINA,glp,1,37.0,37.0,37.0,37.0,37.0
2011-08,MUN,GO|PORANGATU,glp,18,45.0,45.0,45.0,45.0,45.0
2011-08,MUN,GO|RIO VERDE,glp,22,42.0,41.0,43.0,41.0,43.0
2011-08,MUN,GO|TRINDADE,glp,30,40.0,39.0,41.0,39.0,41.0
2011-08,MUN,GO|VALPARAISO DE GOIAS,glp,12,43.0,43.0,43.0,40.0,43.0
2011-08,MUN,MA|ACAILANDIA,glp,5,40.0,40.0,43.0,40.0,43.0
2011-08,MUN,MA|BACABAL,glp,4,38.0,37.3,38.0,37.0,38.0
2011-08,MUN,MA|BALSAS,glp,3,40.0,40.0,40.0,40.0,40.0
2011-08,MUN,MA|BARRA DO CORDA,glp,7,45.0,42.0,45.0,42.0,45.0
2011-08,MUN,MA|CAROLINA,glp,3,44.0,44.0,44.0,44.0,44.0
2011-08,MUN,MA|CAXIAS,glp,3,42.0,42.0,42.0,42.0,42.0
2011-08,MUN,MA|CODO,glp,3,41.0,40.2,41.0,40.0,41.0
2011-08,MUN,MA|IMPERATRIZ,glp,46,43.0,43.0,43.0,35.0,43.0
2011-08,MUN,MA|JOAO LISBOA,glp,1,43.0,43.0,43.0,43.0,43.0
2011-08,MUN,MA|PINHEIRO,glp,4,38.5,37.0,40.0,37.0,40.0
2011-08,MUN,MA|PRESIDENTE DUTRA,glp,3,38.0,38.0,38.0,38.0,38.0
2011-08,MUN,MA|SANTA INES,glp,4,40.0,40.0,40.0,40.0,40.0
2011-08,MUN,MA|SAO DOMINGOS DO MARANHAO,glp,2,36.0,36.0,36.0,36.0,36.0
2011-08,MUN,MA|SAO JOAO DOS PATOS,glp,3,40.0,40.0,40.0,40.0,40.0
2011-08,MUN,MA|SAO JOSE DE RIBAMAR,glp,10,40.0,38.9,40.0,38.0,40.0
2011-08,MUN,MA|SAO LUIS,glp,64,39.25,38.0,40.0,35.0,40.0
2011-08,MUN,MA|TIMON,glp,3,39.0,39.0,39.0,39.0,39.0
2011-08,MUN,MG|ALFENAS,glp,15,38.0,33.8,38.0,30.0,40.0
2011-08,MUN,MG|ARAGUARI,glp,16,45.0,43.5,45.0,43.0,45.0
2011-08,MUN,MG|ARAXA,glp,5,42.0,42.0,45.0,42.0,45.0
2011-08,MUN,MG|BARBACENA,glp,17,37.0,35.0,38.0,35.0,38.0
2011-08,MUN,MG|BELO HORIZONTE,glp,124,43.0,39.65,44.7,37.0,46.0
2011-08,MUN,MG|BETIM,glp,37,43.0,40.0,45.0,35.21,45.09
2011-08,MUN,MG|BOM DESPACHO,glp,3,42.0,40.4,42.0,40.0,42.0
2011-08,MUN,MG|CAMPO BELO,glp,9,36.0,36.0,37.4,36.0,43.0
2011-08,MUN,MG|CARATINGA,glp,5,38.0,37.0,39.0,37.0,39.0
2011-08,MUN,MG|CATAGUASES,glp,5,37.0,37.0,38.6,37.0,39.0
2011-08,MUN,MG|CONGONHAS,glp,9,37.0,35.8,38.0,35.0,38.0
2011-08,MUN,MG|CONSELHEIRO LAFAIETE,glp,10,39.0,37.8,40.2,36.0,42.0
2011-08,MUN,MG|CONTAGEM,glp,113,43.0,41.96,44.9,40.0,47.0
2011-08,MUN,MG|CORONEL FABRICIANO,glp,10,42.0,41.8,42.0,40.0,42.0
2011-08,MUN,MG|CURVELO,glp,11,42.0,42.0,43.0,42.0,43.0
2011-08,MUN,MG|DIAMANTINA,glp,6,45.0,44.0,45.0,44.0,45.0
2011-08,MUN,MG|DIVINOPOLIS,glp,18,40.0,40.0,42.0,40.0,42.0
2011-08,MUN,MG|FORMIGA,glp,4,37.0,36.0,41.5,36.0,43.0
2011-08,MUN,MG|FRUTAL,glp,5,38.0,38.0,38.0,38.0,38.0
2011-08,MUN,MG|GOVERNADOR VALADARES,glp,21,40.0,39.0,42.0,38.0,45.0
2011-08,MUN,MG|GUAXUPE,glp,10,35.0,33.9,38.1,33.0,39.0
2011-08,MUN,MG|IBIRITE,glp,12,43.0,41.55,45.0,41.0,45.0
2011-08,MUN,MG|IPATINGA,glp,16,41.0,40.0,41.5,40.0,42.0
2011-08,MUN,MG|ITABIRA,glp,6,43.5,43.0,45.0,43.0,45.0
2011-08,MUN,MG|ITABIRITO,glp,1,39.0,39.0,39.0,39.0,39.0
2011-08,MUN,MG|ITAJUBA,glp,15,38.0,37.0,40.0,35.0,40.0
2011-08,MUN,MG|ITAUNA,glp,14,42.5,40.0,43.0,40.0,44.0
2011-08,MUN,MG|ITUIUTABA,glp,19,41.0,39.8,43.0,37.0,44.0
2011-08,MUN,MG|ITURAMA,glp,1,40.0,40.0,40.0,40.0,40.0
2011-08,MUN,MG|JACUI,glp,1,38.0,38.0,38.0,38.0,38.0
2011-08,MUN,MG|JANAUBA,glp,2,38.0,38.0,38.0,38.0,38.0
2011-08,MUN,MG|JANUARIA,glp,6,42.0,41.0,42.75,40.0,43.0
2011-08,MUN,MG|JOAO MONLEVADE,glp,8,41.5,41.0,42.0,41.0,42.0
2011-08,MUN,MG|JOAO PINHEIRO,glp,12,45.0,43.0,45.0,42.9,46.0
2011-08,MUN,MG|JUIZ DE FORA,glp,62,40.0,38.0,44.0,36.99,47.0
2011-08,MUN,MG|LAVRAS,glp,12,39.5,38.0,41.8,37.0,42.0
2011-08,MUN,MG|LEOPOLDINA,glp,7,40.0,38.8,40.4,37.0,41.0
2011-08,MUN,MG|MANHUACU,glp,6,36.0,35.0,37.5,35.0,38.0
2011-08,MUN,MG|MARIANA,glp,5,45.0,44.2,45.0,44.0,45.0
2011-08,MUN,MG|MONTE CARMELO,glp,18,40.0,40.0,40.0,40.0,40.0
2011-08,MUN,MG|MONTES CLAROS,glp,17,42.0,40.0,44.0,40.0,48.0
2011-08,MUN,MG|MURIAE,glp,5,41.0,39.8,41.6,39.0,42.0
2011-08,MUN,MG|NOVA LIMA,glp,16,44.0,42.0,45.0,40.0,45.0
2011-08,MUN,MG|OLIVEIRA,glp,8,36.0,35.7,38.3,35.0,39.0
2011-08,MUN,MG|OURO PRETO,glp,10,40.0,39.0,41.1,39.0,42.0
2011-08,MUN,MG|PARA DE MINAS,glp,11,41.9,40.0,42.5,40.0,43.0
2011-08,MUN,MG|PARACATU,glp,9,49.0,47.0,49.0,47.0,49.0
2011-08,MUN,MG|PASSOS,glp,19,39.0,37.8,40.0,37.0,40.0
2011-08,MUN,MG|PATOS DE MINAS,glp,18,43.0,42.0,43.6,42.0,45.0
2011-08,MUN,MG|PATROCINIO,glp,10,45.0,44.0,45.0,44.0,45.0
2011-08,MUN,MG|POCOS DE CALDAS,glp,16,35.0,34.995,39.0,34.99,39.0
2011-08,MUN,MG|PONTE NOVA,glp,1,38.0,38.0,38.0,38.0,38.0
2011-08,MUN,MG|POUSO ALEGRE,glp,18,39.0,38.0,39.0,38.0,39.0
2011-08,MUN,MG|RIBEIRAO DAS NEVES,glp,25,43.0,39.4,45.0,38.0,45.0
2011-08,MUN,MG|SABARA,glp,17,42.0,38.0,44.0,35.0,44.0
2011-08,MUN,MG|SANTA LUZIA,glp,26,43.0,42.0,44.5,36.0,45.0
2011-08,MUN,MG|SANTOS DUMONT,glp,6,39.45,38.0,40.0,38.0,40.0
2011-08,MUN,MG|SAO GONCALO DO RIO ABAIXO,glp,1,42.0,42.0,42.0,42.0,42.0
2011-08,MUN,MG|SAO GOTARDO,glp,1,43.0,43.0,43.0,43.0,43.0
2011-08,MUN,MG|SAO JOAO DEL REI,glp,16,39.0,39.0,40.0,39.0,40.0
2011-08,MUN,MG|SAO LOURENCO,glp,5,39.0,38.4,40.0,38.0,40.0
2011-08,MUN,MG|SAO SEBASTIAO DO PARAISO,glp,16,39.0,38.0,39.5,38.0,40.0
2011-08,MUN,MG|SETE LAGOAS,glp,24,39.5,39.0,41.0,38.9,42.0
2011-08,MUN,MG|TEOFILO OTONI,glp,22,36.0,36.0,38.0,35.0,39.0
2011-08,MUN,MG|TIMOTEO,glp,9,42.0,39.8,44.0,39.0,44.0
2011-08,MUN,MG|TRES CORACOES,glp,9,38.0,38.0,38.0,38.0,38.0
2011-08,MUN,MG|UBA,glp,9,38.0,38.0,40.0,38.0,40.0
2011-08,MUN,MG|UBERABA,glp,38,45.0,45.0,45.0,40.0,45.0
2011-08,MUN,MG|UBERLANDIA,glp,77,44.0,42.0,45.0,37.0,45.0
2011-08,MUN,MG|UNAI,glp,14,43.0,43.0,43.0,43.0,43.0
2011-08,MUN,MG|VARGINHA,glp,16,35.0,33.0,35.5,32.0,36.0
2011-08,MUN,MG|VESPASIANO,glp,14,42.0,40.3,43.7,40.0,44.0
2011-08,MUN,MG|VICOSA,glp,3,40.0,38.4,40.0,38.0,40.0
2011-08,MUN,MS|BATAYPORA,glp,2,44.5,44.1,44.9,44.0,45.0
2011-08,MUN,MS|CAMPO GRANDE,glp,417,48.9,45.0,49.0,40.0,50.0
2011-08,MUN,MS|CORUMBA,glp,8,47.0,46.4,47.0,45.0,47.0
2011-08,MUN,MS|COXIM,glp,13,50.0,50.0,50.0,48.0,50.5
2011-08,MUN,MS|DOURADOS,glp,67,46.0,44.0,47.0,40.0,48.0
2011-08,MUN,MS|NOVA ANDRADINA,glp,18,45.0,43.0,45.0,43.0,46.0
2011-08,MUN,MS|PARANAIBA,glp,16,45.0,45.0,45.0,44.0,45.0
2011-08,MUN,MS|PONTA PORA,glp,5,43.0,41.2,45.0,40.0,45.0
2011-08,MUN,MS|TRES LAGOAS,glp,19,40.0,38.0,40.0,38.0,42.0
2011-08,MUN,MT|ALTA FLORESTA,glp,8,50.0,50.0,51.3,50.0,52.0
2011-08,MUN,MT|CACERES,glp,9,44.0,42.8,46.5,42.0,48.5
2011-08,MUN,MT|CUIABA,glp,54,48.0,45.0,50.0,43.0,53.9
2011-08,MUN,MT|NOVA MUTUM,glp,1,48.0,48.0,48.0,48.0,48.0
2011-08,MUN,MT|RONDONOPOLIS,glp,11,48.0,48.0,50.0,46.0,50.0
2011-08,MUN,MT|SINOP,glp,14,48.0,47.0,48.0,47.0,48.0
2011-08,MUN,MT|SORRISO,glp,11,50.0,47.0,51.0,45.0,51.0
2011-08,MUN,MT|VARZEA GRANDE,glp,14,45.0,44.0,46.7,44.0,47.0
2011-08,MUN,PA|ABAETETUBA,glp,6,39.0,38.5,39.0,38.0,39.0
2011-08,MUN,PA|ALENQUER,glp,6,42.0,40.0,43.5,40.0,44.0
2011-08,MUN,PA|ALTAMIRA,glp,10,45.0,41.8,45.0,40.0,45.0
2011-08,MUN,PA|ANANINDEUA,glp,31,40.0,40.0,40.0,38.0,40.0
2011-08,MUN,PA|BELEM,glp,85,40.0,37.7,40.0,35.0,44.0
2011-08,MUN,PA|BRAGANCA,glp,6,44.0,43.0,45.0,43.0,45.0
2011-08,MUN,PA|BREVES,glp,3,43.0,41.4,44.6,41.0,45.0
2011-08,MUN,PA|CAMETA,glp,5,45.0,45.0,45.0,45.0,45.0
2011-08,MUN,PA|CASTANHAL,glp,8,40.0,39.0,40.0,39.0,40.0
2011-08,MUN,PA|CONCEICAO DO ARAGUAIA,glp,7,45.0,44.2,46.6,43.0,47.5
2011-08,MUN,PA|CONCORDIA DO PARA,glp,1,45.0,45.0,45.0,45.0,45.0
2011-08,MUN,PA|ITAITUBA,glp,8,45.5,44.7,47.0,44.0,47.0
2011-08,MUN,PA|MARABA,glp,3,40.0,40.0,40.8,40.0,41.0
2011-08,MUN,PA|MOJUI DOS CAMPOS,glp,1,42.0,42.0,42.0,42.0,42.0
2011-08,MUN,PA|PARAGOMINAS,glp,5,48.0,48.0,48.0,48.0,48.0
2011-08,MUN,PA|PARAUAPEBAS,glp,5,48.0,45.4,48.0,45.0,48.0
2011-08,MUN,PA|REDENCAO,glp,5,43.0,43.0,45.0,43.0,45.0
2011-08,MUN,PA|SANTAREM,glp,30,42.0,40.0,42.1,36.5,44.0
2011-08,MUN,PA|TUCURUI,glp,6,37.0,35.0,41.25,35.0,45.0
2011-08,MUN,PA|XINGUARA,glp,7,47.0,45.6,48.0,45.0,48.0
2011-08,MUN,PB|BAYEUX,glp,7,35.0,33.0,35.0,33.0,35.0
2011-08,MUN,PB|CABEDELO,glp,8,33.0,33.0,35.0,33.0,35.0
2011-08,MUN,PB|CAMPINA GRANDE,glp,42,35.0,35.0,35.0,34.0,35.0
2011-08,MUN,PB|GUARABIRA,glp,1,35.0,35.0,35.0,35.0,35.0
2011-08,MUN,PB|INGA,glp,1,35.0,35.0,35.0,35.0,35.0
2011-08,MUN,PB|ITABAIANA,glp,1,35.0,35.0,35.0,35.0,35.0
2011-08,MUN,PB|JOAO PESSOA,glp,48,33.0,32.63,35.0,31.0,39.0
2011-08,MUN,PB|MAMANGUAPE,glp,4,33.0,32.3,33.0,32.0,33.0
2011-08,MUN,PB|PATOS,glp,7,34.0,33.0,34.0,33.0,34.0
2011-08,MUN,PB|SANTA RITA,glp,12,33.0,33.0,35.0,33.0,35.0
2011-08,MUN,PB|SAPE,glp,3,33.0,33.0,33.0,33.0,33.0
2011-08,MUN,PB|SOUSA,glp,6,30.0,30.0,33.0,30.0,33.0
2011-08,MUN,PE|ABREU E LIMA,glp,7,32.0,32.0,33.0,32.0,33.0
2011-08,MUN,PE|AFOGADOS DA INGAZEIRA,glp,4,38.0,36.6,39.4,36.0,40.0
2011-08,MUN,PE|AGUAS BELAS,glp,1,36.0,36.0,36.0,36.0,36.0
2011-08,MUN,PE|ARARIPINA,glp,5,36.0,35.4,36.0,35.0,36.0
2011-08,MUN,PE|ARCOVERDE,glp,4,36.0,36.0,36.0,36.0,36.0
2011-08,MUN,PE|BELO JARDIM,glp,6,37.0,36.0,37.0,36.0,37.0
2011-08,MUN,PE|BEZERROS,glp,1,36.0,36.0,36.0,36.0,36.0
2011-08,MUN,PE|BOM CONSELHO,glp,4,37.0,36.3,37.0,36.0,37.0
2011-08,MUN,PE|CABO DE SANTO AGOSTINHO,glp,12,33.0,32.0,33.0,30.0,34.0
2011-08,MUN,PE|CACHOEIRINHA,glp,1,36.0,36.0,36.0,36.0,36.0
2011-08,MUN,PE|CAMARAGIBE,glp,16,32.5,32.0,33.0,30.0,33.0
2011-08,MUN,PE|CARUARU,glp,16,32.0,32.0,33.0,32.0,34.0
2011-08,MUN,PE|GARANHUNS,glp,6,36.0,36.0,36.0,36.0,36.0
2011-08,MUN,PE|GOIANA,glp,5,32.0,31.4,33.8,31.0,35.0
2011-08,MUN,PE|GRAVATA,glp,5,35.0,33.0,35.6,33.0,36.0
2011-08,MUN,PE|IGARASSU,glp,17,32.99,32.0,33.0,30.0,33.0
2011-08,MUN,PE|JABOATAO DOS GUARARAPES,glp,46,35.0,35.0,38.0,32.0,38.0
2011-08,MUN,PE|LAJEDO,glp,6,36.0,36.0,36.0,36.0,36.0
2011-08,MUN,PE|LIMOEIRO,glp,1,33.0,33.0,33.0,33.0,33.0
2011-08,MUN,PE|OLINDA,glp,38,33.0,30.0,35.0,28.0,36.0
2011-08,MUN,PE|PAULISTA,glp,7,33.0,32.0,33.8,32.0,35.0
2011-08,MUN,PE|PETROLINA,glp,15,34.0,32.0,34.6,32.0,35.0
2011-08,MUN,PE|RECIFE,glp,100,35.0,31.0,36.0,30.0,40.0
2011-08,MUN,PE|SALGUEIRO,glp,4,38.0,38.0,38.0,38.0,38.0
2011-08,MUN,PE|SANTA CRUZ DO CAPIBARIBE,glp,5,36.0,36.0,36.0,36.0,36.0
2011-08,MUN,PE|SAO BENTO DO UNA,glp,6,36.0,36.0,36.0,36.0,36.0
2011-08,MUN,PE|SAO LOURENCO DA MATA,glp,12,32.75,32.0,33.0,30.0,33.99
2011-08,MUN,PE|SERRA TALHADA,glp,4,38.0,38.0,38.0,38.0,38.0
2011-08,MUN,PE|VITORIA DE SANTO ANTAO,glp,12,35.0,35.0,35.0,34.0,35.0
2011-08,MUN,PI|BARRAS,glp,2,41.0,41.0,41.0,41.0,41.0
2011-08,MUN,PI|CAMPO MAIOR,glp,4,41.0,41.0,41.0,41.0,41.0
2011-08,MUN,PI|OEIRAS,glp,5,40.0,40.0,40.6,40.0,41.0
2011-08,MUN,PI|PARNAIBA,glp,3,40.0,38.4,40.0,38.0,40.0
2011-08,MUN,PI|PICOS,glp,3,37.0,36.2,37.8,36.0,38.0
2011-08,MUN,PI|PIRIPIRI,glp,4,41.0,40.3,41.0,40.0,41.0
2011-08,MUN,PI|TERESINA,glp,54,40.0,40.0,40.0,34.99,40.0
2011-08,MUN,PR|ALMIRANTE TAMANDARE,glp,11,37.0,36.9,38.0,35.0,39.0
2011-08,MUN,PR|APUCARANA,glp,18,40.0,38.7,40.0,38.0,40.0
2011-08,MUN,PR|ARAPONGAS,glp,17,40.0,38.0,40.0,38.0,40.0
2011-08,MUN,PR|ARAUCARIA,glp,13,36.0,35.0,37.8,35.0,38.0
2011-08,MUN,PR|ASSIS CHATEAUBRIAND,glp,4,35.0,35.0,35.63,35.0,35.9
2011-08,MUN,PR|CAMBE,glp,30,40.0,39.0,41.0,39.0,42.0
2011-08,MUN,PR|CAMPO LARGO,glp,18,36.0,34.997,37.0,34.9,37.0
2011-08,MUN,PR|CAMPO MOURAO,glp,11,40.0,40.0,43.0,40.0,43.0
2011-08,MUN,PR|CASCAVEL,glp,70,40.5,40.0,41.05,39.5,42.0
2011-08,MUN,PR|CASTRO,glp,9,38.0,36.8,39.2,36.0,40.0
2011-08,MUN,PR|CIANORTE,glp,17,43.0,40.0,43.0,40.0,43.0
2011-08,MUN,PR|COLOMBO,glp,24,36.0,35.0,37.82,35.0,38.0
2011-08,MUN,PR|CORNELIO PROCOPIO,glp,6,40.0,40.0,40.0,40.0,40.0
2011-08,MUN,PR|CURITIBA,glp,117,36.0,35.0,37.0,34.0,38.0
2011-08,MUN,PR|FOZ DO IGUACU,glp,58,47.0,46.0,47.0,33.0,47.0
2011-08,MUN,PR|FRANCISCO BELTRAO,glp,7,33.0,32.5,37.0,31.9,40.0
2011-08,MUN,PR|GUAIRA,glp,1,40.0,40.0,40.0,40.0,40.0
2011-08,MUN,PR|GUARAPUAVA,glp,14,37.5,35.3,40.0,35.0,40.0
2011-08,MUN,PR|IBIPORA,glp,1,41.0,41.0,41.0,41.0,41.0
2011-08,MUN,PR|LARANJEIRAS DO SUL,glp,7,40.0,39.2,42.4,38.0,43.0
2011-08,MUN,PR|LONDRINA,glp,106,40.0,40.0,41.0,40.0,42.0
2011-08,MUN,PR|MARECHAL CANDIDO RONDON,glp,5,43.0,43.0,45.0,43.0,45.0
2011-08,MUN,PR|MARINGA,glp,38,40.0,40.0,45.0,40.0,45.0
2011-08,MUN,PR|MEDIANEIRA,glp,1,47.0,47.0,47.0,47.0,47.0
2011-08,MUN,PR|PARANAGUA,glp,26,37.0,35.0,38.5,33.0,40.0
2011-08,MUN,PR|PARANAVAI,glp,13,42.0,40.0,42.0,40.0,42.0
2011-08,MUN,PR|PATO BRANCO,glp,14,42.0,42.0,42.0,40.0,42.0
2011-08,MUN,PR|PINHAIS,glp,16,36.0,35.0,37.5,35.0,38.0
2011-08,MUN,PR|PONTA GROSSA,glp,32,36.5,36.0,37.0,35.0,38.0
2011-08,MUN,PR|SANTO ANTONIO DA PLATINA,glp,14,40.0,38.3,40.0,38.0,40.0
2011-08,MUN,PR|SAO JOSE DOS PINHAIS,glp,17,37.0,36.0,38.0,35.0,40.0
2011-08,MUN,PR|TERRA BOA,glp,1,42.0,42.0,42.0,42.0,42.0
2011-08,MUN,PR|TOLEDO,glp,24,37.5,35.0,40.0,30.0,43.0
2011-08,MUN,PR|UMUARAMA,glp,15,35.0,35.0,36.0,35.0,36.0
2011-08,MUN,PR|UNIAO DA VITORIA,glp,4,40.0,39.3,40.0,39.0,40.0
2011-08,MUN,RJ|ANGRA DOS REIS,glp,5,40.0,39.0,43.2,39.0,44.0
2011-08,MUN,RJ|ARARUAMA,glp,6,36.5,34.5,38.0,34.0,39.0
2011-08,MUN,RJ|ARMACAO DOS BUZIOS,glp,1,35.9,35.9,35.9,35.9,35.9
2011-08,MUN,RJ|BARRA DO PIRAI,glp,4,37.5,35.6,38.0,35.0,38.0
2011-08,MUN,RJ|BARRA MANSA,glp,13,38.0,37.2,40.0,33.9,40.0
2011-08,MUN,RJ|BELFORD ROXO,glp,6,38.0,36.5,38.0,35.0,38.0
2011-08,MUN,RJ|CABO FRIO,glp,4,34.5,32.6,35.0,32.0,35.0
2011-08,MUN,RJ|CAMPOS DOS GOYTACAZES,glp,20,40.0,37.0,40.0,37.0,42.0
2011-08,MUN,RJ|DUQUE DE CAXIAS,glp,58,39.0,35.0,40.0,33.5,42.0
2011-08,MUN,RJ|GUAPIMIRIM,glp,1,40.0,40.0,40.0,40.0,40.0
2011-08,MUN,RJ|ITABORAI,glp,5,38.0,35.4,38.0,35.0,38.0
2011-08,MUN,RJ|ITAGUAI,glp,4,39.2,37.57,39.78,37.0,39.9
2011-08,MUN,RJ|ITAPERUNA,glp,3,38.0,36.4,38.0,36.0,38.0
2011-08,MUN,RJ|MACAE,glp,4,39.0,37.3,42.1,37.0,43.0
2011-08,MUN,RJ|MAGE,glp,3,38.0,35.6,39.6,35.0,40.0
2011-08,MUN,RJ|MANGARATIBA,glp,1,39.9,39.9,39.9,39.9,39.9
2011-08,MUN,RJ|MARICA,glp,5,37.0,36.4,38.6,36.0,39.0
2011-08,MUN,RJ|NILOPOLIS,glp,4,40.0,40.0,40.0,40.0,40.0
2011-08,MUN,RJ|NITEROI,glp,9,38.0,36.5,38.4,36.5,40.0
2011-08,MUN,RJ|NOVA FRIBURGO,glp,6,39.5,38.5,40.0,38.0,40.0
2011-08,MUN,RJ|NOVA IGUACU,glp,21,36.0,32.0,38.0,29.99,40.0
2011-08,MUN,RJ|PARAIBA DO SUL,glp,3,39.0,38.2,39.0,38.0,39.0
2011-08,MUN,RJ|PARATY,glp,1,40.0,40.0,40.0,40.0,40.0
2011-08,MUN,RJ|PETROPOLIS,glp,7,41.0,40.0,42.32,40.0,42.8
2011-08,MUN,RJ|RESENDE,glp,6,38.0,38.0,38.5,38.0,39.0
2011-08,MUN,RJ|RIO BONITO,glp,5,38.0,38.0,38.6,38.0,39.0
2011-08,MUN,RJ|RIO DAS OSTRAS,glp,1,40.0,40.0,40.0,40.0,40.0
2011-08,MUN,RJ|RIO DE JANEIRO,glp,85,36.0,33.69,40.0,31.0,42.0
2011-08,MUN,RJ|SANTO ANTONIO DE PADUA,glp,2,35.0,35.0,35.0,35.0,35.0
2011-08,MUN,RJ|SAO FRANCISCO DE ITABAPOANA,glp,2,38.0,38.0,38.0,38.0,38.0
2011-08,MUN,RJ|SAO GONCALO,glp,28,37.0,36.0,38.0,35.0,39.0
2011-08,MUN,RJ|SAO JOAO DE MERITI,glp,7,38.0,36.8,38.8,35.0,40.0
2011-08,MUN,RJ|SAPUCAIA,glp,2,39.5,39.1,39.9,39.0,40.0
2011-08,MUN,RJ|SAQUAREMA,glp,5,34.9,32.8,35.56,32.0,36.0
2011-08,MUN,RJ|TERESOPOLIS,glp,6,40.0,39.0,40.0,39.0,40.0
2011-08,MUN,RJ|TRES RIOS,glp,2,39.0,38.2,39.8,38.0,40.0
2011-08,MUN,RJ|VALENCA,glp,4,38.5,37.3,39.0,37.0,39.0
2011-08,MUN,RJ|VASSOURAS,glp,2,40.0,40.0,40.0,40.0,40.0
2011-08,MUN,RJ|VOLTA REDONDA,glp,7,38.0,36.2,39.4,35.0,40.0
2011-08,MUN,RN|CAICARA DO NORTE,glp,1,40.0,40.0,40.0,40.0,40.0
2011-08,MUN,RN|CAICO,glp,5,35.0,34.4,36.8,34.0,37.0
2011-08,MUN,RN|CURRAIS NOVOS,glp,4,34.5,34.0,37.1,34.0,38.0
2011-08,MUN,RN|MOSSORO,glp,5,35.0,35.0,36.5,35.0,36.5
2011-08,MUN,RN|NATAL,glp,75,40.0,38.0,40.0,37.0,40.0
2011-08,MUN,RN|PARNAMIRIM,glp,19,38.0,36.0,40.0,35.0,42.0
2011-08,MUN,RN|SAO JOSE DE MIPIBU,glp,3,40.0,40.0,40.0,40.0,40.0
2011-08,MUN,RN|SERRA DO MEL,glp,1,40.0,40.0,40.0,40.0,40.0
2011-08,MUN,RO|ARIQUEMES,glp,7,42.0,42.0,42.0,42.0,42.0
2011-08,MUN,RO|CACOAL,glp,7,42.0,42.0,43.0,42.0,43.0
2011-08,MUN,RO|GUAJARA-MIRIM,glp,6,42.5,42.0,43.0,42.0,43.0
2011-08,MUN,RO|JI-PARANA,glp,12,38.0,37.0,39.0,37.0,39.0
2011-08,MUN,RO|PIMENTA BUENO,glp,4,43.0,42.0,44.0,42.0,44.0
2011-08,MUN,RO|PORTO VELHO,glp,66,38.5,38.0,40.0,37.0,40.0
2011-08,MUN,RO|SAO MIGUEL DO GUAPORE,glp,3,45.0,45.0,45.0,45.0,45.0
2011-08,MUN,RO|VILHENA,glp,8,42.5,42.0,43.0,42.0,43.0
2011-08,MUN,RR|BOA VISTA,glp,43,43.0,42.0,44.0,41.0,45.0
2011-08,MUN,RR|CANTA,glp,3,40.0,36.8,43.2,36.0,44.0
2011-08,MUN,RR|CARACARAI,glp,2,46.5,46.1,46.9,46.0,47.0
2011-08,MUN,RR|RORAINOPOLIS,glp,2,44.5,44.1,44.9,44.0,45.0
2011-08,MUN,RS|ALEGRETE,glp,12,36.0,35.1,39.0,34.9,41.0
2011-08,MUN,RS|ALVORADA,glp,15,40.0,37.4,40.0,35.0,40.0
2011-08,MUN,RS|BAGE,glp,31,38.0,38.0,40.0,37.0,42.0
2011-08,MUN,RS|BENTO GONCALVES,glp,11,41.0,39.9,45.0,38.0,45.0
2011-08,MUN,RS|CACAPAVA DO SUL,glp,11,43.0,40.0,43.0,40.0,43.0
2011-08,MUN,RS|CACHOEIRA DO SUL,glp,18,40.0,38.0,40.0,38.0,44.0
2011-08,MUN,RS|CACHOEIRINHA,glp,11,39.0,38.0,40.0,38.0,41.0
2011-08,MUN,RS|CANOAS,glp,27,39.0,36.0,40.0,35.0,42.0
2011-08,MUN,RS|CAXIAS DO SUL,glp,79,40.0,39.0,42.0,36.0,45.0
2011-08,MUN,RS|CHUI,glp,5,33.0,31.0,34.2,31.0,35.0
2011-08,MUN,RS|CRUZ ALTA,glp,10,36.0,34.0,40.0,34.0,40.0
2011-08,MUN,RS|DAVID CANABARRO,glp,1,40.5,40.5,40.5,40.5,40.5
2011-08,MUN,RS|ERECHIM,glp,30,45.0,44.0,46.0,43.0,48.0
2011-08,MUN,RS|ESTEIO,glp,12,39.0,38.0,40.0,38.0,40.0
2011-08,MUN,RS|GRAMADO,glp,8,40.0,40.0,40.65,40.0,41.0
2011-08,MUN,RS|GRAVATAI,glp,28,39.75,38.0,40.3,38.0,42.0
2011-08,MUN,RS|GUAIBA,glp,15,40.0,39.36,40.0,38.0,42.0
2011-08,MUN,RS|GUAPORE,glp,1,40.0,40.0,40.0,40.0,40.0
2011-08,MUN,RS|IJUI,glp,10,40.75,39.0,42.1,39.0,43.0
2011-08,MUN,RS|JAGUARAO,glp,9,33.0,33.0,34.4,33.0,36.0
2011-08,MUN,RS|LAJEADO,glp,11,40.0,40.0,40.0,40.0,40.0
2011-08,MUN,RS|NOVO HAMBURGO,glp,22,36.5,35.1,38.0,32.0,38.0
2011-08,MUN,RS|OSORIO,glp,9,40.0,40.0,40.0,40.0,40.0
2011-08,MUN,RS|PALMEIRA DAS MISSOES,glp,9,39.0,38.0,43.0,38.0,43.0
2011-08,MUN,RS|PASSO FUNDO,glp,82,40.0,37.1,42.0,35.0,45.0
2011-08,MUN,RS|PELOTAS,glp,38,36.0,35.0,38.0,33.0,40.0
2011-08,MUN,RS|PORTO ALEGRE,glp,72,39.0,37.0,40.0,35.0,42.0
2011-08,MUN,RS|RIO GRANDE,glp,66,37.0,37.0,38.0,36.0,40.0
2011-08,MUN,RS|SANTA CRUZ DO SUL,glp,19,39.0,37.0,40.8,35.0,45.0
2011-08,MUN,RS|SANTA MARIA,glp,91,38.0,36.0,41.0,34.0,43.0
2011-08,MUN,RS|SANTA ROSA,glp,11,38.0,38.0,38.0,37.0,39.0
2011-08,MUN,RS|SANTA VITORIA DO PALMAR,glp,9,36.0,36.0,38.2,36.0,39.0
2011-08,MUN,RS|SANTANA DO LIVRAMENTO,glp,18,34.0,34.0,34.0,34.0,34.0
2011-08,MUN,RS|SANTO ANGELO,glp,14,40.0,40.0,41.0,39.0,42.0
2011-08,MUN,RS|SAO BORJA,glp,8,40.0,38.7,40.6,38.0,42.0
2011-08,MUN,RS|SAO GABRIEL,glp,16,40.0,37.5,43.0,37.0,44.0
2011-08,MUN,RS|SAO LEOPOLDO,glp,21,38.0,35.9,39.0,35.0,39.0
2011-08,MUN,RS|SAO LUIZ GONZAGA,glp,6,41.0,39.0,44.5,39.0,45.0
2011-08,MUN,RS|SAPIRANGA,glp,11,40.0,39.0,41.0,39.0,41.0
2011-08,MUN,RS|SAPUCAIA DO SUL,glp,22,39.0,38.0,40.0,36.0,40.0
2011-08,MUN,RS|TORRES,glp,5,40.0,38.0,41.8,38.0,43.0
2011-08,MUN,RS|TRAMANDAI,glp,10,40.0,38.0,40.0,38.0,40.0
2011-08,MUN,RS|URUGUAIANA,glp,16,40.0,38.0,40.0,38.0,40.0
2011-08,MUN,RS|VACARIA,glp,8,38.5,36.4,39.51,35.0,40.0
2011-08,MUN,RS|VIAMAO,glp,18,40.0,37.63,42.0,35.0,42.0
2011-08,MUN,SC|ARARANGUA,glp,4,40.0,38.6,40.0,38.0,40.0
2011-08,MUN,SC|BALNEARIO CAMBORIU,glp,3,42.0,40.4,44.4,40.0,45.0
2011-08,MUN,SC|BIGUACU,glp,3,46.0,46.0,46.8,46.0,47.0
2011-08,MUN,SC|BLUMENAU,glp,22,42.0,40.0,43.0,39.0,45.0
2011-08,MUN,SC|BRUSQUE,glp,5,40.0,38.0,44.7,38.0,46.5
2011-08,MUN,SC|CACADOR,glp,3,43.0,43.0,44.6,43.0,45.0
2011-08,MUN,SC|CHAPECO,glp,16,42.0,41.5,43.5,40.0,45.0
2011-08,MUN,SC|CONCORDIA,glp,4,38.0,38.0,38.7,38.0,39.0
2011-08,MUN,SC|CRICIUMA,glp,11,40.0,40.0,42.0,39.0,42.0
2011-08,MUN,SC|FLORIANOPOLIS,glp,82,43.5,42.0,45.0,41.0,48.5
2011-08,MUN,SC|GASPAR,glp,1,43.0,43.0,43.0,43.0,43.0
2011-08,MUN,SC|ITAJAI,glp,22,40.0,38.1,42.0,38.0,42.0
2011-08,MUN,SC|JARAGUA DO SUL,glp,5,42.0,39.6,44.6,38.0,45.0
2011-08,MUN,SC|JOINVILLE,glp,28,40.0,39.0,42.0,38.5,43.0
2011-08,MUN,SC|LAGES,glp,8,40.0,40.0,40.0,40.0,40.0
2011-08,MUN,SC|LAGUNA,glp,4,38.5,38.0,39.7,38.0,40.0
2011-08,MUN,SC|MAFRA,glp,4,36.0,35.3,36.0,35.0,36.0
2011-08,MUN,SC|PALHOCA,glp,10,44.0,42.9,45.0,42.0,45.0
2011-08,MUN,SC|SAO JOSE,glp,14,44.0,42.3,45.0,42.0,46.0
2011-08,MUN,SC|SAO MIGUEL DO OESTE,glp,3,35.0,34.2,36.6,34.0,37.0
2011-08,MUN,SC|TUBARAO,glp,8,35.0,35.0,35.6,35.0,37.0
2011-08,MUN,SC|VIDEIRA,glp,5,40.0,38.8,40.0,38.0,40.0
2011-08,MUN,SC|XANXERE,glp,6,40.0,40.0,43.0,40.0,44.0
2011-08,MUN,SE|ARACAJU,glp,27,35.0,34.6,37.0,34.0,37.0
2011-08,MUN,SE|ITABAIANA,glp,4,38.0,38.0,38.0,38.0,38.0
2011-08,MUN,SE|ITABAIANINHA,glp,3,33.0,32.2,33.8,32.0,34.0
2011-08,MUN,SE|LAGARTO,glp,4,35.0,33.6,35.7,33.0,36.0
2011-08,MUN,SE|NOSSA SENHORA DO SOCORRO,glp,7,35.0,35.0,35.0,35.0,35.0
2011-08,MUN,SE|SIMAO DIAS,glp,4,35.0,33.6,35.0,33.0,35.0
2011-08,MUN,SE|TOBIAS BARRETO,glp,4,35.0,34.3,35.0,34.0,35.0
2011-08,MUN,SP|ADAMANTINA,glp,12,38.0,37.1,38.0,35.0,38.0
2011-08,MUN,SP|AMERICANA,glp,21,41.0,41.0,42.0,37.99,42.0
2011-08,MUN,SP|AMPARO,glp,5,39.0,37.4,41.28,37.0,42.8
2011-08,MUN,SP|APIAI,glp,2,39.0,39.0,39.0,39.0,39.0
2011-08,MUN,SP|ARACATUBA,glp,43,37.0,35.0,38.0,34.0,40.0
2011-08,MUN,SP|ARARAQUARA,glp,15,39.0,38.0,40.0,34.99,40.0
2011-08,MUN,SP|ARARAS,glp,4,34.9,34.9,35.6,34.9,35.9
2011-08,MUN,SP|ASSIS,glp,16,40.0,38.5,40.0,38.0,40.0
2011-08,MUN,SP|ATIBAIA,glp,24,38.0,37.0,40.0,36.0,40.0
2011-08,MUN,SP|AVARE,glp,11,40.0,40.0,40.0,40.0,42.0
2011-08,MUN,SP|BARRETOS,glp,19,35.0,33.8,36.0,33.0,36.4
2011-08,MUN,SP|BARUERI,glp,37,38.0,34.296,40.0,31.995,40.0
2011-08,MUN,SP|BAURU,glp,64,38.0,35.0,40.0,34.0,41.0
2011-08,MUN,SP|BEBEDOURO,glp,23,35.0,34.96,38.8,29.99,39.95
2011-08,MUN,SP|BIRIGUI,glp,23,33.0,30.0,37.7,29.9,38.0
2011-08,MUN,SP|BOTUCATU,glp,17,43.0,40.0,43.0,39.0,43.0
2011-08,MUN,SP|BRAGANCA PAULISTA,glp,22,36.0,31.1,37.0,29.99,38.0
2011-08,MUN,SP|CACAPAVA,glp,19,37.0,32.0,38.0,31.99,38.0
2011-08,MUN,SP|CAMPINAS,glp,80,38.0,35.0,40.0,33.0,40.5
2011-08,MUN,SP|CAMPOS DO JORDAO,glp,9,37.0,35.8,37.2,31.0,38.0
2011-08,MUN,SP|CAPAO BONITO,glp,4,37.5,36.3,38.0,36.0,38.0
2011-08,MUN,SP|CARAGUATATUBA,glp,9,40.0,38.78,40.4,37.9,42.0
2011-08,MUN,SP|CARAPICUIBA,glp,30,33.99,33.99,37.91,33.99,39.0
2011-08,MUN,SP|CATANDUVA,glp,16,38.0,36.0,39.0,35.0,40.0
2011-08,MUN,SP|COSMOPOLIS,glp,10,37.5,35.0,38.1,35.0,39.0
2011-08,MUN,SP|COTIA,glp,11,37.0,35.0,41.0,35.0,41.0
2011-08,MUN,SP|CRUZEIRO,glp,14,37.0,35.3,37.0,34.0,37.0
2011-08,MUN,SP|CUBATAO,glp,7,37.0,36.6,38.0,36.0,38.0
2011-08,MUN,SP|DIADEMA,glp,36,35.0,31.5,38.0,29.9,40.0
2011-08,MUN,SP|DRACENA,glp,10,45.0,44.7,45.2,42.0,47.0
2011-08,MUN,SP|EMBU DAS ARTES,glp,5,38.0,35.8,38.0,35.0,38.0
2011-08,MUN,SP|FERRAZ DE VASCONCELOS,glp,12,38.0,38.0,39.9,36.0,40.0
2011-08,MUN,SP|FRANCA,glp,51,39.0,36.0,40.0,34.0,41.0
2011-08,MUN,SP|FRANCISCO MORATO,glp,12,41.0,40.0,42.0,40.0,42.0
2011-08,MUN,SP|FRANCO DA ROCHA,glp,5,40.0,37.0,41.2,35.0,42.0
2011-08,MUN,SP|GARCA,glp,11,40.0,38.0,40.0,38.0,40.0
2011-08,MUN,SP|GUARATINGUETA,glp,17,33.0,30.0,38.8,30.0,40.0
2011-08,MUN,SP|GUARUJA,glp,11,38.6,36.0,40.6,33.99,41.0
2011-08,MUN,SP|GUARULHOS,glp,60,38.0,35.45,40.0,33.0,41.0
2011-08,MUN,SP|HORTOLANDIA,glp,21,37.0,36.0,40.0,35.0,42.0
2011-08,MUN,SP|IBITINGA,glp,10,39.5,38.0,42.2,38.0,44.0
2011-08,MUN,SP|INDAIATUBA,glp,23,42.0,40.0,42.0,39.5,43.0
2011-08,MUN,SP|ITANHAEM,glp,13,37.0,37.0,38.8,35.0,39.0
2011-08,MUN,SP|ITAPECERICA DA SERRA,glp,6,40.0,36.995,40.0,35.99,40.0
2011-08,MUN,SP|ITAPETININGA,glp,17,35.0,35.0,38.8,33.0,41.0
2011-08,MUN,SP|ITAPEVA,glp,6,38.0,38.0,38.5,38.0,39.0
2011-08,MUN,SP|ITAPEVI,glp,8,34.5,33.693,37.593,33.0,39.0
2011-08,MUN,SP|ITAPIRA,glp,4,37.0,37.0,37.0,37.0,37.0
2011-08,MUN,SP|ITAPOLIS,glp,17,39.0,38.0,40.0,37.0,40.0
2011-08,MUN,SP|ITAQUAQUECETUBA,glp,21,38.0,36.0,40.0,35.0,40.0
2011-08,MUN,SP|ITATIBA,glp,11,38.0,36.0,38.0,36.0,39.0
2011-08,MUN,SP|ITU,glp,11,37.0,34.0,38.0,33.0,38.0
2011-08,MUN,SP|JABOTICABAL,glp,21,38.0,36.0,40.0,35.0,42.0
2011-08,MUN,SP|JACAREI,glp,20,37.0,33.45,40.0,30.0,40.0
2011-08,MUN,SP|JALES,glp,8,38.0,37.0,39.3,37.0,40.0
2011-08,MUN,SP|JANDIRA,glp,16,36.0,35.0,38.0,32.0,39.0
2011-08,MUN,SP|JAU,glp,13,38.0,35.0,38.0,35.0,40.0
2011-08,MUN,SP|JOSE BONIFACIO,glp,16,37.0,36.0,39.45,35.0,39.99
2011-08,MUN,SP|JUNDIAI,glp,16,37.0,37.0,39.0,37.0,40.0
2011-08,MUN,SP|LEME,glp,16,35.9,34.9,36.95,34.9,37.9
2011-08,MUN,SP|LIMEIRA,glp,18,36.0,35.0,38.597,33.99,39.99
2011-08,MUN,SP|LINS,glp,25,35.0,30.0,35.6,30.0,38.0
2011-08,MUN,SP|LORENA,glp,17,35.0,30.0,35.0,30.0,38.0
2011-08,MUN,SP|MARILIA,glp,19,40.0,39.8,40.0,38.0,40.0
2011-08,MUN,SP|MATAO,glp,18,40.0,38.7,40.0,38.0,42.0
2011-08,MUN,SP|MAUA,glp,38,40.0,35.868,42.0,30.99,45.0
2011-08,MUN,SP|MIRASSOL,glp,14,36.0,35.0,38.0,35.0,38.0
2011-08,MUN,SP|MOCOCA,glp,12,42.0,40.2,42.0,39.0,42.0
2011-08,MUN,SP|MOGI DAS CRUZES,glp,50,38.5,37.0,40.0,36.0,40.5
2011-08,MUN,SP|MOGI GUACU,glp,18,38.0,37.0,38.036,35.0,39.0
2011-08,MUN,SP|MOGI MIRIM,glp,10,38.0,37.0,38.2,37.0,40.0
2011-08,MUN,SP|MONTE ALTO,glp,12,40.0,38.2,43.0,35.0,43.0
2011-08,MUN,SP|OLIMPIA,glp,11,34.0,30.0,39.0,30.0,40.0
2011-08,MUN,SP|OSASCO,glp,88,35.99,33.99,40.0,30.0,46.0
2011-08,MUN,SP|OURINHOS,glp,26,37.5,35.0,39.0,32.9,39.0
2011-08,MUN,SP|PARAGUACU PAULISTA,glp,14,37.5,35.0,42.0,35.0,42.0
2011-08,MUN,SP|PAULICEIA,glp,1,37.5,37.5,37.5,37.5,37.5
2011-08,MUN,SP|PAULINIA,glp,21,34.0,31.0,35.0,31.0,37.0
2011-08,MUN,SP|PINDAMONHANGABA,glp,19,37.0,34.98,38.0,34.9,39.0
2011-08,MUN,SP|PIRACICABA,glp,33,40.0,38.0,40.0,35.0,40.0
2011-08,MUN,SP|PIRASSUNUNGA,glp,12,35.5,34.9,38.0,34.0,38.0
2011-08,MUN,SP|POA,glp,9,38.0,37.6,38.4,36.0,40.0
2011-08,MUN,SP|PORTO FERREIRA,glp,7,34.0,32.4,35.4,30.0,36.0
2011-08,MUN,SP|PRAIA GRANDE,glp,22,38.0,35.091,40.9,33.99,45.0
2011-08,MUN,SP|PRESIDENTE PRUDENTE,glp,61,39.0,36.0,40.0,35.0,43.9
2011-08,MUN,SP|PRESIDENTE VENCESLAU,glp,12,35.5,35.0,38.8,34.0,40.0
2011-08,MUN,SP|RIBEIRAO PIRES,glp,12,39.9,38.0,40.0,38.0,42.0
2011-08,MUN,SP|RIBEIRAO PRETO,glp,114,42.0,38.3,42.0,37.0,45.0
2011-08,MUN,SP|RIO CLARO,glp,8,35.0,35.0,35.0,35.0,35.0
2011-08,MUN,SP|SALTO,glp,15,40.0,35.0,41.0,34.0,42.0
2011-08,MUN,SP|SANTA BARBARA D'OESTE,glp,26,41.0,39.0,42.0,38.0,42.0
2011-08,MUN,SP|SANTA CRUZ DO RIO PARDO,glp,13,37.0,36.92,37.8,35.0,38.0
2011-08,MUN,SP|SANTO ANDRE,glp,53,39.9,35.099,41.9,34.49,42.9
2011-08,MUN,SP|SANTOS,glp,36,37.3,35.0,39.95,34.0,41.0
2011-08,MUN,SP|SAO BERNARDO DO CAMPO,glp,52,39.95,36.1,41.81,32.0,43.0
2011-08,MUN,SP|SAO CAETANO DO SUL,glp,8,39.995,39.0,42.83,39.0,45.0
2011-08,MUN,SP|SAO CARLOS,glp,16,37.95,36.9,39.9,36.9,39.9
2011-08,MUN,SP|SAO JOAO DA BOA VISTA,glp,11,38.0,38.0,38.0,38.0,38.0
2011-08,MUN,SP|SAO JOAQUIM DA BARRA,glp,11,36.0,35.0,38.0,35.0,40.0
2011-08,MUN,SP|SAO JOSE DO RIO PRETO,glp,104,38.0,35.0,40.0,33.0,43.0
2011-08,MUN,SP|SAO JOSE DOS CAMPOS,glp,62,36.0,35.099,38.0,35.0,39.0
2011-08,MUN,SP|SAO PAULO,glp,271,38.0,34.0,40.0,33.99,42.0
2011-08,MUN,SP|SAO ROQUE,glp,9,37.0,33.792,38.18,33.0,38.9
2011-08,MUN,SP|SAO VICENTE,glp,47,37.0,35.54,39.0,33.99,42.0
2011-08,MUN,SP|SERTAOZINHO,glp,25,38.0,34.4,38.0,33.99,40.0
2011-08,MUN,SP|SOROCABA,glp,28,38.0,37.0,39.0,36.0,41.0
2011-08,MUN,SP|SUMARE,glp,21,37.0,30.0,40.0,30.0,40.0
2011-08,MUN,SP|SUZANO,glp,31,39.0,37.0,40.0,33.99,41.0
2011-08,MUN,SP|TABOAO DA SERRA,glp,6,34.5,33.995,39.9,33.99,39.9
2011-08,MUN,SP|TATUI,glp,9,38.0,37.99,40.6,37.99,43.0
2011-08,MUN,SP|TAUBATE,glp,38,37.0,35.0,39.0,34.0,42.0
2011-08,MUN,SP|TUPA,glp,11,36.0,32.0,36.0,29.5,38.0
2011-08,MUN,SP|UBATUBA,glp,11,38.0,35.0,40.0,34.99,40.0
2011-08,MUN,SP|VALINHOS,glp,11,39.0,38.0,40.0,38.0,40.0
2011-08,MUN,SP|VARZEA PAULISTA,glp,11,35.0,33.0,36.0,33.0,38.0
2011-08,MUN,SP|VINHEDO,glp,5,40.0,39.4,41.0,39.0,41.0
2011-08,MUN,SP|VOTORANTIM,glp,17,37.0,36.96,37.4,36.9,40.0
2011-08,MUN,SP|VOTUPORANGA,glp,19,35.0,34.8,38.0,33.0,40.95
2011-08,MUN,TO|ARAGUAINA,glp,13,45.0,43.2,45.0,43.0,45.0
2011-08,MUN,TO|DIANOPOLIS,glp,6,45.0,44.0,45.0,44.0,45.0
2011-08,MUN,TO|GURUPI,glp,32,45.0,44.1,45.0,44.0,45.0
2011-08,MUN,TO|PALMAS,glp,17,44.0,42.6,45.0,42.0,45.0
2011-08,MUN,TO|PARAISO DO TOCANTINS,glp,11,45.0,44.0,45.0,43.0,45.0
2011-08,MUN,TO|PORTO NACIONAL,glp,13,45.0,44.0,45.0,44.0,45.0
2011-08,UF,AC,glp,231,43.0,42.5,44.0,40.0,53.0
2011-08,UF,AL,glp,91,40.0,35.0,40.0,33.0,43.0
2011-08,UF,AM,glp,214,31.0,30.0,33.0,28.0,45.0
2011-08,UF,AP,glp,36,41.75,40.0,45.0,40.0,58.0
2011-08,UF,BA,glp,499,35.0,32.8,38.0,25.6,41.0
2011-08,UF,CE,glp,342,37.5,35.0,40.0,30.0,40.0
2011-08,UF,DF,glp,138,37.0,36.0,38.0,36.0,39.0
2011-08,UF,ES,glp,328,36.0,35.0,38.0,30.0,40.0
2011-08,UF,GO,glp,570,40.0,38.0,43.0,35.0,45.0
2011-08,UF,MA,glp,168,40.0,38.0,43.0,35.0,45.0
2011-08,UF,MG,glp,1182,42.0,38.0,45.0,30.0,49.0
2011-08,UF,MS,glp,565,48.0,44.0,49.0,38.0,50.5
2011-08,UF,MT,glp,122,48.0,45.0,50.0,42.0,53.9
2011-08,UF,PA,glp,238,40.0,39.0,45.0,35.0,48.0
2011-08,UF,PB,glp,140,34.0,33.0,35.0,30.0,39.0
2011-08,UF,PE,glp,366,34.0,32.0,36.0,28.0,40.0
2011-08,UF,PI,glp,75,40.0,38.8,41.0,34.99,41.0
2011-08,UF,PR,glp,779,40.0,35.0,43.0,30.0,47.0
2011-08,UF,RJ,glp,358,38.0,34.963,40.0,29.99,44.0
2011-08,UF,RN,glp,113,39.5,36.1,40.0,34.0,42.0
2011-08,UF,RO,glp,113,39.0,38.0,43.0,37.0,45.0
2011-08,UF,RR,glp,50,43.25,42.0,44.1,36.0,47.0
2011-08,UF,RS,glp,956,39.0,36.0,42.0,31.0,48.0
2011-08,UF,SC,glp,271,42.0,38.0,45.0,34.0,48.5
2011-08,UF,SE,glp,53,35.0,34.0,37.0,32.0,38.0
2011-08,UF,SP,glp,2789,38.0,34.99,41.0,29.5,47.0
2011-08,UF,TO,glp,92,45.0,44.0,45.0,42.0,45.0
2011-09,BR,BR,glp,10737,39.0,35.0,45.0,25.6,58.0
2011-09,MUN,AC|CRUZEIRO DO SUL,glp,6,50.0,49.0,53.0,48.0,53.0
2011-09,MUN,AC|RIO BRANCO,glp,202,43.0,42.55,44.0,40.0,45.0
2011-09,MUN,AC|SENA MADUREIRA,glp,6,46.25,44.5,47.0,43.0,47.0
2011-09,MUN,AC|SENADOR GUIOMARD,glp,6,44.0,44.0,44.0,44.0,44.0
2011-09,MUN,AC|TARAUACA,glp,3,50.0,50.0,50.0,50.0,50.0
2011-09,MUN,AC|XAPURI,glp,3,46.0,45.2,46.0,45.0,46.0
2011-09,MUN,AL|ARAPIRACA,glp,6,37.0,37.0,37.0,37.0,37.0
2011-09,MUN,AL|ATALAIA,glp,1,39.0,39.0,39.0,39.0,39.0
2011-09,MUN,AL|DELMIRO GOUVEIA,glp,4,35.0,35.0,35.0,35.0,35.0
2011-09,MUN,AL|MACEIO,glp,41,40.0,40.0,40.0,40.0,40.0
2011-09,MUN,AL|MARECHAL DEODORO,glp,2,39.5,39.1,39.9,39.0,40.0
2011-09,MUN,AL|PALMEIRA DOS INDIOS,glp,6,37.0,37.0,37.0,37.0,37.0
2011-09,MUN,AL|RIO LARGO,glp,3,40.0,39.2,40.0,39.0,40.0
2011-09,MUN,AL|SANTANA DO IPANEMA,glp,7,35.0,35.0,35.0,35.0,35.0
2011-09,MUN,AL|SAO JOSE DA LAJE,glp,1,40.0,40.0,40.0,40.0,40.0
2011-09,MUN,AM|HUMAITA,glp,3,36.0,36.0,36.0,36.0,36.0
2011-09,MUN,AM|ITACOATIARA,glp,13,34.0,33.0,35.0,33.0,35.0
2011-09,MUN,AM|MANACAPURU,glp,5,33.0,33.0,33.0,33.0,33.0
2011-09,MUN,AM|MANAUS,glp,188,31.0,30.0,32.0,28.0,45.0
2011-09,MUN,AM|PARINTINS,glp,2,31.25,30.25,32.25,30.0,32.5
2011-09,MUN,AM|PRESIDENTE FIGUEIREDO,glp,2,35.0,35.0,35.0,35.0,35.0
2011-09,MUN,AM|TEFE,glp,2,38.5,38.1,38.9,38.0,39.0
2011-09,MUN,AP|LARANJAL DO JARI,glp,2,44.5,44.1,44.9,44.0,45.0
2011-09,MUN,AP|MACAPA,glp,21,41.0,40.0,42.0,39.0,42.0
2011-09,MUN,AP|OIAPOQUE,glp,1,58.0,58.0,58.0,58.0,58.0
2011-09,MUN,AP|SANTANA,glp,7,45.0,43.8,45.0,42.0,45.0
2011-09,MUN,BA|ALAGOINHAS,glp,5,37.0,37.0,37.0,37.0,37.0
2011-09,MUN,BA|BARRA,glp,6,34.5,33.0,36.0,32.0,36.0
2011-09,MUN,BA|BARRA DO MENDES,glp,1,35.0,35.0,35.0,35.0,35.0
2011-09,MUN,BA|BARREIRAS,glp,10,40.0,38.0,40.0,38.0,40.0
2011-09,MUN,BA|BRUMADO,glp,5,35.0,35.0,35.0,35.0,35.0
2011-09,MUN,BA|CAETITE,glp,7,30.0,30.0,30.0,30.0,30.0
2011-09,MUN,BA|CAMACARI,glp,13,40.45,38.0,42.0,34.0,42.0
2011-09,MUN,BA|CAMPO FORMOSO,glp,2,38.0,38.0,38.0,38.0,38.0
2011-09,MUN,BA|CANDEIAS,glp,7,35.0,32.6,35.0,32.0,35.0
2011-09,MUN,BA|CAPIM GROSSO,glp,1,38.0,38.0,38.0,38.0,38.0
2011-09,MUN,BA|EUNAPOLIS,glp,7,35.0,35.0,35.4,35.0,36.0
2011-09,MUN,BA|FEIRA DE SANTANA,glp,20,39.0,38.0,39.9,37.0,40.0
2011-09,MUN,BA|GUANAMBI,glp,14,28.0,28.0,28.0,28.0,28.0
2011-09,MUN,BA|ILHEUS,glp,8,38.495,36.1,40.23,34.0,41.0
2011-09,MUN,BA|IPIRA,glp,5,38.0,38.0,38.0,38.0,38.0
2011-09,MUN,BA|IRECE,glp,13,35.0,35.0,35.0,35.0,35.0
2011-09,MUN,BA|ITABUNA,glp,13,40.0,37.4,41.0,36.0,42.0
2011-09,MUN,BA|ITAMARAJU,glp,5,35.0,35.0,35.0,35.0,35.0
2011-09,MUN,BA|JACOBINA,glp,7,39.0,38.0,40.0,38.0,40.0
2011-09,MUN,BA|JAGUAQUARA,glp,9,33.0,33.0,33.0,33.0,33.0
2011-09,MUN,BA|JEQUIE,glp,14,32.0,32.0,32.0,28.0,34.0
2011-09,MUN,BA|JOAO DOURADO,glp,1,35.0,35.0,35.0,35.0,35.0
2011-09,MUN,BA|JUAZEIRO,glp,6,34.0,34.0,34.5,34.0,35.0
2011-09,MUN,BA|LAURO DE FREITAS,glp,19,37.0,36.0,40.0,34.0,40.0
2011-09,MUN,BA|LIVRAMENTO DE NOSSA SENHORA,glp,1,32.0,32.0,32.0,32.0,32.0
2011-09,MUN,BA|PAULO AFONSO,glp,5,37.0,35.4,37.0,35.0,37.0
2011-09,MUN,BA|POCOES,glp,6,32.0,31.015,33.5,31.0,34.0
2011-09,MUN,BA|PORTO SEGURO,glp,9,38.0,36.8,38.0,36.0,38.0
2011-09,MUN,BA|RUY BARBOSA,glp,4,35.0,35.0,35.0,35.0,35.0
2011-09,MUN,BA|SALVADOR,glp,211,37.0,34.0,39.0,32.0,40.5
2011-09,MUN,BA|SANTO ANTONIO DE JESUS,glp,8,37.0,36.35,37.0,36.0,37.0
2011-09,MUN,BA|SENHOR DO BONFIM,glp,5,38.0,38.0,38.0,38.0,38.0
2011-09,MUN,BA|SERRINHA,glp,5,38.0,38.0,38.0,38.0,38.0
2011-09,MUN,BA|SIMOES FILHO,glp,7,38.5,37.0,39.0,37.0,39.0
2011-09,MUN,BA|TEIXEIRA DE FREITAS,glp,11,35.0,35.0,38.0,35.0,38.0
2011-09,MUN,BA|URANDI,glp,1,28.0,28.0,28.0,28.0,28.0
2011-09,MUN,BA|VALENCA,glp,5,37.0,36.4,37.6,36.0,38.0
2011-09,MUN,BA|VITORIA DA CONQUISTA,glp,18,36.5,35.0,38.27,25.6,40.0
2011-09,MUN,CE|ARACOIABA,glp,1,37.0,37.0,37.0,37.0,37.0
2011-09,MUN,CE|BEBERIBE,glp,2,33.0,33.0,33.0,33.0,33.0
2011-09,MUN,CE|CANINDE,glp,4,35.0,35.0,35.7,35.0,36.0
2011-09,MUN,CE|CAUCAIA,glp,43,37.0,36.2,40.0,35.0,40.0
2011-09,MUN,CE|CRATEUS,glp,5,35.0,34.4,35.6,34.0,36.0
2011-09,MUN,CE|CRATO,glp,13,35.0,33.4,40.0,30.0,40.0
2011-09,MUN,CE|FORTALEZA,glp,196,37.0,36.0,40.0,34.0,40.0
2011-09,MUN,CE|ICO,glp,3,33.0,32.2,33.8,32.0,34.0
2011-09,MUN,CE|IGUATU,glp,4,36.5,36.0,37.7,36.0,38.0
2011-09,MUN,CE|IPU,glp,2,33.5,33.1,33.9,33.0,34.0
2011-09,MUN,CE|ITAPIPOCA,glp,5,34.0,33.4,35.0,33.0,35.0
2011-09,MUN,CE|JUAZEIRO DO NORTE,glp,16,35.0,34.0,40.0,34.0,40.0
2011-09,MUN,CE|LIMOEIRO DO NORTE,glp,5,36.0,35.0,36.6,35.0,37.0
2011-09,MUN,CE|MARACANAU,glp,15,37.0,36.0,40.0,35.0,40.0
2011-09,MUN,CE|MORADA NOVA,glp,5,35.0,34.4,36.0,34.0,36.0
2011-09,MUN,CE|PEDRA BRANCA,glp,4,33.5,32.3,34.0,32.0,34.0
2011-09,MUN,CE|QUIXADA,glp,8,37.0,36.0,39.3,36.0,40.0
2011-09,MUN,CE|SAO GONCALO DO AMARANTE,glp,1,36.0,36.0,36.0,36.0,36.0
2011-09,MUN,CE|SOBRAL,glp,7,38.0,36.0,39.0,36.0,39.0
2011-09,MUN,DF|BRASILIA,glp,121,37.0,36.0,38.0,36.0,39.0
2011-09,MUN,ES|ARACRUZ,glp,9,35.0,33.0,35.0,33.0,35.0
2011-09,MUN,ES|BARRA DE SAO FRANCISCO,glp,8,34.0,34.0,36.0,34.0,36.0
2011-09,MUN,ES|CACHOEIRO DE ITAPEMIRIM,glp,18,35.0,34.0,36.0,34.0,36.0
2011-09,MUN,ES|CARIACICA,glp,48,36.0,35.0,37.0,30.0,38.0
2011-09,MUN,ES|CASTELO,glp,4,35.25,34.65,36.55,34.5,37.0
2011-09,MUN,ES|COLATINA,glp,9,38.0,37.0,38.8,37.0,40.0
2011-09,MUN,ES|GUARAPARI,glp,21,38.0,36.0,38.0,35.0,38.0
2011-09,MUN,ES|ITAPEMIRIM,glp,3,35.0,33.4,35.0,33.0,35.0
2011-09,MUN,ES|JAGUARE,glp,4,35.5,35.0,36.0,35.0,36.0
2011-09,MUN,ES|LINHARES,glp,15,35.0,34.0,35.0,34.0,35.0
2011-09,MUN,ES|MARATAIZES,glp,1,35.0,35.0,35.0,35.0,35.0
2011-09,MUN,ES|NOVA VENECIA,glp,3,38.0,34.8,39.6,34.0,40.0
2011-09,MUN,ES|SAO MATEUS,glp,14,38.0,37.0,39.0,37.0,39.0
2011-09,MUN,ES|SERRA,glp,69,37.0,36.0,38.0,35.0,38.0
2011-09,MUN,ES|VILA VELHA,glp,41,36.0,35.0,38.0,30.0,38.0
2011-09,MUN,ES|VITORIA,glp,18,37.0,35.0,38.0,35.0,38.0
2011-09,MUN,GO|AGUAS LINDAS DE GOIAS,glp,17,40.0,40.0,42.0,38.0,43.0
2011-09,MUN,GO|ANAPOLIS,glp,148,38.75,37.0,40.0,34.0,42.0
2011-09,MUN,GO|APARECIDA DE GOIANIA,glp,33,40.0,39.0,41.0,39.0,41.0
2011-09,MUN,GO|CALDAS NOVAS,glp,25,39.0,38.0,40.0,37.0,40.0
2011-09,MUN,GO|CAMPO ALEGRE DE GOIAS,glp,1,38.0,38.0,38.0,38.0,38.0
2011-09,MUN,GO|CATALAO,glp,12,38.0,38.0,38.0,38.0,38.0
2011-09,MUN,GO|CIDADE OCIDENTAL,glp,1,37.0,37.0,37.0,37.0,37.0
2011-09,MUN,GO|FORMOSA,glp,19,40.0,40.0,40.0,40.0,40.0
2011-09,MUN,GO|GOIANIA,glp,143,40.0,39.0,41.0,39.0,42.0
2011-09,MUN,GO|GOIATUBA,glp,11,38.0,37.0,38.0,37.0,38.0
2011-09,MUN,GO|ITUMBIARA,glp,16,43.0,42.0,43.0,40.0,43.0
2011-09,MUN,GO|JATAI,glp,19,40.0,40.0,42.0,40.0,42.0
2011-09,MUN,GO|LUZIANIA,glp,34,40.0,39.0,40.0,39.0,40.0
2011-09,MUN,GO|MINEIROS,glp,17,44.0,43.0,45.0,42.0,45.0
2011-09,MUN,GO|MORRINHOS,glp,16,38.0,37.5,40.0,37.0,40.0
2011-09,MUN,GO|PLANALTINA,glp,20,45.0,45.0,45.0,45.0,45.0
2011-09,MUN,GO|PONTALINA,glp,1,37.0,37.0,37.0,37.0,37.0
2011-09,MUN,GO|PORANGATU,glp,18,45.0,45.0,45.0,45.0,45.0
2011-09,MUN,GO|RIO VERDE,glp,22,42.0,41.0,43.0,41.0,43.0
2011-09,MUN,GO|TRINDADE,glp,30,40.0,39.0,41.0,39.0,41.0
2011-09,MUN,GO|VALPARAISO DE GOIAS,glp,12,43.0,43.0,43.0,40.0,43.0
2011-09,MUN,MA|ACAILANDIA,glp,5,40.0,40.0,43.0,40.0,43.0
2011-09,MUN,MA|BACABAL,glp,4,38.0,37.3,38.0,37.0,38.0
2011-09,MUN,MA|BALSAS,glp,3,40.0,40.0,40.0,40.0,40.0
2011-09,MUN,MA|BARRA DO CORDA,glp,7,45.0,42.0,45.0,42.0,45.0
2011-09,MUN,MA|CAROLINA,glp,3,44.0,44.0,44.0,44.0,44.0
2011-09,MUN,MA|CAXIAS,glp,3,42.0,42.0,42.0,42.0,42.0
2011-09,MUN,MA|CODO,glp,3,41.0,40.2,41.0,40.0,41.0
2011-09,MUN,MA|IMPERATRIZ,glp,45,41.5,40.0,43.0,40.0,43.0
2011-09,MUN,MA|JOAO LISBOA,glp,1,43.0,43.0,43.0,43.0,43.0
2011-09,MUN,MA|PINHEIRO,glp,4,38.5,37.0,40.0,37.0,40.0
2011-09,MUN,MA|PRESIDENTE DUTRA,glp,3,38.0,38.0,38.0,38.0,38.0
2011-09,MUN,MA|SANTA INES,glp,4,40.0,40.0,40.0,40.0,40.0
2011-09,MUN,MA|SAO DOMINGOS DO MARANHAO,glp,2,36.0,36.0,36.0,36.0,36.0
2011-09,MUN,MA|SAO JOAO DOS PATOS,glp,3,40.0,40.0,40.0,40.0,40.0
2011-09,MUN,MA|SAO JOSE DE RIBAMAR,glp,12,40.0,40.0,43.0,40.0,45.0
2011-09,MUN,MA|SAO LUIS,glp,66,40.0,39.0,43.0,35.0,44.5
2011-09,MUN,MA|TIMON,glp,3,39.0,39.0,39.0,39.0,39.0
2011-09,MUN,MG|ALFENAS,glp,15,38.0,33.8,38.0,30.0,40.0
2011-09,MUN,MG|ARAGUARI,glp,16,45.0,43.5,45.0,43.0,45.0
2011-09,MUN,MG|ARAXA,glp,5,42.0,42.0,45.0,42.0,45.0
2011-09,MUN,MG|BARBACENA,glp,16,37.0,35.0,38.0,35.0,38.0
2011-09,MUN,MG|BELO HORIZONTE,glp,124,42.75,40.0,45.0,37.0,47.0
2011-09,MUN,MG|BETIM,glp,36,43.0,41.0,44.045,38.0,45.0
2011-09,MUN,MG|BOM DESPACHO,glp,4,41.0,40.0,42.0,40.0,42.0
2011-09,MUN,MG|CAMPO BELO,glp,8,36.0,36.0,36.0,36.0,36.0
2011-09,MUN,MG|CARATINGA,glp,5,38.0,37.0,39.0,37.0,39.0
2011-09,MUN,MG|CATAGUASES,glp,5,37.0,37.0,38.6,37.0,39.0
2011-09,MUN,MG|CONGONHAS,glp,10,39.0,36.0,40.0,36.0,40.0
2011-09,MUN,MG|CONSELHEIRO LAFAIETE,glp,10,38.0,36.9,40.2,36.0,42.0
2011-09,MUN,MG|CONTAGEM,glp,115,43.0,41.518,44.288,40.0,46.09
2011-09,MUN,MG|CORONEL FABRICIANO,glp,9,42.0,42.0,42.0,42.0,42.0
2011-09,MUN,MG|CURVELO,glp,11,42.0,42.0,43.0,42.0,43.0
2011-09,MUN,MG|DIAMANTINA,glp,6,45.0,44.0,45.0,44.0,45.0
2011-09,MUN,MG|DIVINOPOLIS,glp,18,40.0,40.0,42.0,40.0,42.0
2011-09,MUN,MG|FORMIGA,glp,4,39.5,36.6,42.4,36.0,43.0
2011-09,MUN,MG|FRUTAL,glp,5,39.9,38.0,40.0,38.0,40.0
2011-09,MUN,MG|GOVERNADOR VALADARES,glp,22,39.25,39.0,40.0,38.0,42.0
2011-09,MUN,MG|GUAXUPE,glp,11,36.0,34.0,38.9,33.0,39.0
2011-09,MUN,MG|IBIRITE,glp,13,43.0,40.018,43.806,40.0,44.0
2011-09,MUN,MG|IPATINGA,glp,16,41.0,40.0,41.5,40.0,42.0
2011-09,MUN,MG|ITABIRA,glp,5,46.0,44.8,46.0,44.0,46.0
2011-09,MUN,MG|ITABIRITO,glp,1,39.0,39.0,39.0,39.0,39.0
2011-09,MUN,MG|ITAJUBA,glp,12,38.0,36.1,40.0,35.0,40.0
2011-09,MUN,MG|ITAUNA,glp,14,43.0,40.0,43.0,40.0,44.0
2011-09,MUN,MG|ITUIUTABA,glp,19,42.5,40.4,43.6,37.0,44.0
2011-09,MUN,MG|ITURAMA,glp,1,40.0,40.0,40.0,40.0,40.0
2011-09,MUN,MG|JACUI,glp,1,38.0,38.0,38.0,38.0,38.0
2011-09,MUN,MG|JANAUBA,glp,2,38.0,38.0,38.0,38.0,38.0
2011-09,MUN,MG|JANUARIA,glp,6,42.0,39.95,42.25,39.9,42.5
2011-09,MUN,MG|JOAO MONLEVADE,glp,8,41.5,41.0,42.0,41.0,42.0
2011-09,MUN,MG|JOAO PINHEIRO,glp,12,45.0,43.0,45.0,42.9,46.0
2011-09,MUN,MG|JUIZ DE FORA,glp,63,40.0,38.0,44.9,36.99,47.0
2011-09,MUN,MG|LAVRAS,glp,12,39.5,38.0,41.8,37.0,42.0
2011-09,MUN,MG|LEOPOLDINA,glp,7,40.0,38.8,40.4,37.0,41.0
2011-09,MUN,MG|MANHUACU,glp,6,37.0,35.0,38.5,35.0,40.0
2011-09,MUN,MG|MARIANA,glp,5,45.0,44.7,45.0,44.5,45.0
2011-09,MUN,MG|MONTE CARMELO,glp,18,40.0,40.0,40.0,40.0,40.0
2011-09,MUN,MG|MONTES CLAROS,glp,16,42.0,40.0,43.5,40.0,44.0
2011-09,MUN,MG|MURIAE,glp,5,41.0,39.8,41.6,39.0,42.0
2011-09,MUN,MG|NOVA LIMA,glp,17,44.0,42.6,45.0,41.0,45.0
2011-09,MUN,MG|OLIVEIRA,glp,8,36.0,36.0,37.3,36.0,38.0
2011-09,MUN,MG|OURO PRETO,glp,10,40.0,39.0,41.1,39.0,42.0
2011-09,MUN,MG|PARA DE MINAS,glp,10,41.45,40.0,42.55,40.0,43.0
2011-09,MUN,MG|PARACATU,glp,9,49.0,47.0,49.0,47.0,49.0
2011-09,MUN,MG|PASSOS,glp,18,39.0,38.0,40.0,37.0,40.0
2011-09,MUN,MG|PATOS DE MINAS,glp,18,46.028,45.0,48.15,44.0,49.0
2011-09,MUN,MG|PATROCINIO,glp,10,45.0,44.0,45.0,44.0,45.0
2011-09,MUN,MG|POCOS DE CALDAS,glp,16,35.0,34.995,39.0,34.99,39.0
2011-09,MUN,MG|PONTE NOVA,glp,1,38.0,38.0,38.0,38.0,38.0
2011-09,MUN,MG|POUSO ALEGRE,glp,18,38.5,38.0,39.0,38.0,39.0
2011-09,MUN,MG|RIBEIRAO DAS NEVES,glp,25,43.0,39.4,45.0,38.0,45.0
2011-09,MUN,MG|SABARA,glp,21,42.0,38.0,44.0,35.0,44.0
2011-09,MUN,MG|SANTA LUZIA,glp,19,42.5,41.6,44.0,36.0,45.0
2011-09,MUN,MG|SANTOS DUMONT,glp,6,39.45,38.0,40.0,38.0,40.0
2011-09,MUN,MG|SAO GONCALO DO RIO ABAIXO,glp,1,42.0,42.0,42.0,42.0,42.0
2011-09,MUN,MG|SAO JOAO DEL REI,glp,16,39.0,39.0,40.0,37.0,40.0
2011-09,MUN,MG|SAO LOURENCO,glp,5,39.0,38.7,41.2,38.5,42.0
2011-09,MUN,MG|SAO SEBASTIAO DO PARAISO,glp,16,39.0,38.0,39.5,38.0,40.0
2011-09,MUN,MG|SETE LAGOAS,glp,23,39.0,39.0,40.8,38.9,42.0
2011-09,MUN,MG|TAIOBEIRAS,glp,1,38.0,38.0,38.0,38.0,38.0
2011-09,MUN,MG|TEOFILO OTONI,glp,22,36.0,36.0,38.0,36.0,39.0
2011-09,MUN,MG|TIMOTEO,glp,9,40.0,39.8,44.0,39.0,44.0
2011-09,MUN,MG|TRES CORACOES,glp,9,38.0,38.0,38.0,38.0,38.0
2011-09,MUN,MG|UBA,glp,9,38.0,37.7,40.4,36.5,42.0
2011-09,MUN,MG|UBERABA,glp,38,48.0,48.0,48.0,48.0,48.0
2011-09,MUN,MG|UBERLANDIA,glp,76,44.0,43.0,45.0,41.5,45.0
2011-09,MUN,MG|UNAI,glp,14,43.0,43.0,43.0,43.0,43.0
2011-09,MUN,MG|VARGINHA,glp,16,39.0,37.0,40.0,35.0,40.0
2011-09,MUN,MG|VESPASIANO,glp,14,42.0,40.3,44.0,40.0,45.0
2011-09,MUN,MG|VICOSA,glp,3,40.0,38.4,40.0,38.0,40.0
2011-09,MUN,MS|BATAYPORA,glp,2,42.5,40.5,44.5,40.0,45.0
2011-09,MUN,MS|CAMPO GRANDE,glp,407,48.0,45.0,49.0,42.0,50.0
2011-09,MUN,MS|CORUMBA,glp,8,47.0,46.4,47.0,45.0,47.0
2011-09,MUN,MS|COXIM,glp,13,50.0,49.6,52.0,48.0,52.0
2011-09,MUN,MS|DOURADOS,glp,67,46.0,44.0,47.7,40.0,49.0
2011-09,MUN,MS|NOVA ANDRADINA,glp,17,45.0,43.0,45.0,42.0,45.0
2011-09,MUN,MS|PARANAIBA,glp,17,45.0,45.0,45.0,44.0,45.0
2011-09,MUN,MS|PONTA PORA,glp,5,43.0,41.2,46.0,40.0,46.0
2011-09,MUN,MS|TRES LAGOAS,glp,18,40.0,38.0,42.0,38.0,42.0
2011-09,MUN,MT|ALTA FLORESTA,glp,8,50.0,50.0,51.3,50.0,52.0
2011-09,MUN,MT|CACERES,glp,9,44.0,42.8,46.5,42.0,48.5
2011-09,MUN,MT|CUIABA,glp,54,48.0,45.0,50.0,43.0,53.9
2011-09,MUN,MT|NOVA MUTUM,glp,1,48.0,48.0,48.0,48.0,48.0
2011-09,MUN,MT|RONDONOPOLIS,glp,11,48.0,48.0,50.0,46.0,50.0
2011-09,MUN,MT|SINOP,glp,14,48.0,47.0,48.0,47.0,48.0
2011-09,MUN,MT|SORRISO,glp,11,50.0,47.0,51.0,45.0,51.0
2011-09,MUN,MT|VARZEA GRANDE,glp,14,45.0,44.0,46.0,44.0,47.0
2011-09,MUN,PA|ABAETETUBA,glp,8,39.0,38.0,39.3,38.0,40.0
2011-09,MUN,PA|ALENQUER,glp,6,43.0,40.0,43.5,40.0,44.0
2011-09,MUN,PA|ALTAMIRA,glp,10,46.0,45.0,46.0,45.0,46.0
2011-09,MUN,PA|ANANINDEUA,glp,31,38.0,38.0,39.0,37.0,40.0
2011-09,MUN,PA|BELEM,glp,85,40.0,35.4,40.0,33.0,44.0
2011-09,MUN,PA|BRAGANCA,glp,6,44.5,43.5,46.0,43.0,47.0
2011-09,MUN,PA|BREVES,glp,3,41.0,40.2,42.6,40.0,43.0
2011-09,MUN,PA|CAMETA,glp,5,45.0,45.0,45.0,45.0,45.0
2011-09,MUN,PA|CASTANHAL,glp,8,39.5,39.0,40.0,39.0,40.0
2011-09,MUN,PA|CONCEICAO DO ARAGUAIA,glp,7,45.0,44.2,46.6,43.0,47.5
2011-09,MUN,PA|CONCORDIA DO PARA,glp,1,45.0,45.0,45.0,45.0,45.0
2011-09,MUN,PA|ITAITUBA,glp,8,40.5,40.0,45.0,40.0,45.0
2011-09,MUN,PA|MARABA,glp,3,40.0,40.0,40.8,40.0,41.0
2011-09,MUN,PA|MOJUI DOS CAMPOS,glp,1,42.0,42.0,42.0,42.0,42.0
2011-09,MUN,PA|PARAGOMINAS,glp,5,48.0,48.0,48.0,48.0,48.0
2011-09,MUN,PA|PARAUAPEBAS,glp,5,48.0,45.4,48.0,45.0,48.0
2011-09,MUN,PA|REDENCAO,glp,6,44.0,43.0,45.0,43.0,45.0
2011-09,MUN,PA|SANTAREM,glp,27,42.0,40.92,43.4,40.0,44.0
2011-09,MUN,PA|TUCURUI,glp,6,35.0,35.0,35.0,35.0,35.0
2011-09,MUN,PA|XINGUARA,glp,8,47.0,45.7,48.0,45.0,48.0
2011-09,MUN,PB|BAYEUX,glp,7,33.0,33.0,35.0,33.0,35.0
2011-09,MUN,PB|CABEDELO,glp,7,33.0,33.0,35.0,33.0,35.0
2011-09,MUN,PB|CAMPINA GRANDE,glp,41,35.0,35.0,35.0,33.0,35.0
2011-09,MUN,PB|GUARABIRA,glp,1,35.0,35.0,35.0,35.0,35.0
2011-09,MUN,PB|INGA,glp,1,35.0,35.0,35.0,35.0,35.0
2011-09,MUN,PB|ITABAIANA,glp,1,35.0,35.0,35.0,35.0,35.0
2011-09,MUN,PB|JOAO PESSOA,glp,58,33.0,33.0,35.0,32.0,35.0
2011-09,MUN,PB|MAMANGUAPE,glp,4,32.5,32.0,34.4,32.0,35.0
2011-09,MUN,PB|PATOS,glp,7,35.0,34.0,35.0,34.0,35.0
2011-09,MUN,PB|SANTA RITA,glp,12,33.5,33.0,35.0,33.0,35.0
2011-09,MUN,PB|SAPE,glp,3,33.0,33.0,33.0,33.0,33.0
2011-09,MUN,PB|SOUSA,glp,6,32.0,31.0,33.0,30.0,33.0
2011-09,MUN,PE|ABREU E LIMA,glp,7,32.99,32.498,33.0,32.495,33.0
2011-09,MUN,PE|AFOGADOS DA INGAZEIRA,glp,4,38.0,38.0,39.4,38.0,40.0
2011-09,MUN,PE|AGUAS BELAS,glp,1,38.0,38.0,38.0,38.0,38.0
2011-09,MUN,PE|ARARIPINA,glp,5,37.0,35.8,37.0,35.0,37.0
2011-09,MUN,PE|ARCOVERDE,glp,4,36.0,36.0,36.7,36.0,37.0
2011-09,MUN,PE|BELO JARDIM,glp,6,36.5,35.75,37.0,35.5,37.0
2011-09,MUN,PE|BEZERROS,glp,1,36.0,36.0,36.0,36.0,36.0
2011-09,MUN,PE|BOM CONSELHO,glp,4,36.75,36.15,37.0,36.0,37.0
2011-09,MUN,PE|CABO DE SANTO AGOSTINHO,glp,10,33.0,31.9,34.05,31.0,34.5
2011-09,MUN,PE|CACHOEIRINHA,glp,1,36.0,36.0,36.0,36.0,36.0
2011-09,MUN,PE|CAMARAGIBE,glp,15,32.5,32.0,33.0,30.0,36.495
2011-09,MUN,PE|CARUARU,glp,32,33.0,32.0,34.9,32.0,35.5
2011-09,MUN,PE|GARANHUNS,glp,6,36.0,36.0,36.075,36.0,36.15
2011-09,MUN,PE|GOIANA,glp,5,32.0,32.0,34.2,32.0,35.0
2011-09,MUN,PE|GRAVATA,glp,7,35.0,34.2,35.4,33.0,36.0
2011-09,MUN,PE|IGARASSU,glp,15,32.995,32.0,33.0,31.5,33.0
2011-09,MUN,PE|JABOATAO DOS GUARARAPES,glp,59,35.0,33.8,38.0,32.0,38.0
2011-09,MUN,PE|LAJEDO,glp,6,36.0,36.0,36.0,36.0,36.0
2011-09,MUN,PE|OLINDA,glp,36,33.5,30.75,35.0,30.0,36.0
2011-09,MUN,PE|PAULISTA,glp,11,35.0,32.0,38.0,32.0,38.0
2011-09,MUN,PE|PETROLINA,glp,15,34.5,33.2,35.0,32.0,35.0
2011-09,MUN,PE|RECIFE,glp,99,35.0,32.0,36.6,30.0,40.0
2011-09,MUN,PE|SALGUEIRO,glp,4,38.0,38.0,38.35,38.0,38.5
2011-09,MUN,PE|SANTA CRUZ DO CAPIBARIBE,glp,5,36.0,35.4,36.0,35.0,36.0
2011-09,MUN,PE|SAO BENTO DO UNA,glp,6,36.0,36.0,36.0,36.0,36.0
2011-09,MUN,PE|SAO LOURENCO DA MATA,glp,12,33.0,32.55,33.0,32.495,33.0
2011-09,MUN,PE|SERRA TALHADA,glp,4,40.0,40.0,40.0,40.0,40.0
2011-09,MUN,PE|VITORIA DE SANTO ANTAO,glp,13,35.0,35.0,40.0,35.0,40.0
2011-09,MUN,PI|BARRAS,glp,2,42.0,42.0,42.0,42.0,42.0
2011-09,MUN,PI|CAMPO MAIOR,glp,4,41.0,41.0,41.0,41.0,41.0
2011-09,MUN,PI|OEIRAS,glp,5,40.0,40.0,40.6,40.0,41.0
2011-09,MUN,PI|PARNAIBA,glp,3,41.0,40.2,41.8,40.0,42.0
2011-09,MUN,PI|PICOS,glp,3,37.0,37.0,37.8,37.0,38.0
2011-09,MUN,PI|PIRIPIRI,glp,4,41.0,40.3,41.0,40.0,41.0
2011-09,MUN,PI|TERESINA,glp,54,40.0,40.0,40.0,34.99,40.0
2011-09,MUN,PR|ALMIRANTE TAMANDARE,glp,14,38.0,37.0,39.0,37.0,40.0
2011-09,MUN,PR|APUCARANA,glp,18,40.0,38.7,40.0,38.0,40.0
2011-09,MUN,PR|ARAPONGAS,glp,17,40.0,38.0,40.0,38.0,40.0
2011-09,MUN,PR|ARAUCARIA,glp,13,37.0,35.0,37.8,35.0,38.0
2011-09,MUN,PR|ASSIS CHATEAUBRIAND,glp,4,35.0,35.0,35.63,35.0,35.9
2011-09,MUN,PR|CAMBE,glp,30,40.0,39.0,41.0,39.0,42.0
2011-09,MUN,PR|CAMPO LARGO,glp,18,36.5,34.997,37.0,34.9,38.0
2011-09,MUN,PR|CAMPO MOURAO,glp,14,43.0,40.6,45.0,40.0,45.0
2011-09,MUN,PR|CASCAVEL,glp,60,42.75,42.0,43.0,41.5,44.0
2011-09,MUN,PR|CASTRO,glp,9,38.0,36.8,40.0,36.0,40.0
2011-09,MUN,PR|CIANORTE,glp,16,42.5,40.0,43.5,40.0,45.0
2011-09,MUN,PR|COLOMBO,glp,24,37.0,35.0,38.0,35.0,38.4
2011-09,MUN,PR|CORNELIO PROCOPIO,glp,6,40.0,40.0,40.0,40.0,40.0
2011-09,MUN,PR|CURITIBA,glp,117,36.0,35.0,37.0,34.0,38.0
2011-09,MUN,PR|FOZ DO IGUACU,glp,54,47.0,46.0,49.0,40.0,49.0
2011-09,MUN,PR|FRANCISCO BELTRAO,glp,7,35.0,33.597,37.9,33.0,40.0
2011-09,MUN,PR|GUAIRA,glp,1,40.0,40.0,40.0,40.0,40.0
2011-09,MUN,PR|GUARAPUAVA,glp,14,38.5,35.3,40.0,35.0,40.0
2011-09,MUN,PR|IBIPORA,glp,1,41.0,41.0,41.0,41.0,41.0
2011-09,MUN,PR|LARANJEIRAS DO SUL,glp,7,40.0,38.97,40.8,37.5,42.0
2011-09,MUN,PR|LONDRINA,glp,107,40.0,40.0,41.0,40.0,41.1
2011-09,MUN,PR|MARECHAL CANDIDO RONDON,glp,6,45.0,43.0,46.5,43.0,48.0
2011-09,MUN,PR|MARINGA,glp,39,45.0,45.0,45.0,40.0,48.0
2011-09,MUN,PR|MEDIANEIRA,glp,1,47.0,47.0,47.0,47.0,47.0
2011-09,MUN,PR|PARANAGUA,glp,27,38.0,35.0,39.4,33.0,40.0
2011-09,MUN,PR|PARANAVAI,glp,13,42.0,40.0,42.0,40.0,42.0
2011-09,MUN,PR|PATO BRANCO,glp,13,42.0,42.0,42.0,42.0,42.0
2011-09,MUN,PR|PINHAIS,glp,16,36.0,35.0,37.5,35.0,38.0
2011-09,MUN,PR|PONTA GROSSA,glp,33,37.0,36.0,37.0,35.0,38.0
2011-09,MUN,PR|SANTO ANTONIO DA PLATINA,glp,17,40.0,39.6,40.0,38.0,41.0
2011-09,MUN,PR|SAO JOSE DOS PINHAIS,glp,17,37.0,35.7,38.0,35.0,40.0
2011-09,MUN,PR|TERRA BOA,glp,1,46.0,46.0,46.0,46.0,46.0
2011-09,MUN,PR|TOLEDO,glp,23,35.0,34.92,40.0,29.9,43.0
2011-09,MUN,PR|UMUARAMA,glp,15,39.0,38.0,40.0,37.0,40.0
2011-09,MUN,PR|UNIAO DA VITORIA,glp,4,42.0,40.6,42.7,40.0,43.0
2011-09,MUN,RJ|ANGRA DOS REIS,glp,5,40.0,39.0,43.2,39.0,44.0
2011-09,MUN,RJ|ARARUAMA,glp,6,36.5,34.5,38.0,34.0,39.0
2011-09,MUN,RJ|ARMACAO DOS BUZIOS,glp,1,36.9,36.9,36.9,36.9,36.9
2011-09,MUN,RJ|BARRA DO PIRAI,glp,3,38.0,36.0,38.0,35.5,38.0
2011-09,MUN,RJ|BARRA MANSA,glp,13,38.0,35.39,40.0,35.0,42.0
2011-09,MUN,RJ|BELFORD ROXO,glp,6,36.5,35.0,38.0,35.0,38.0
2011-09,MUN,RJ|CABO FRIO,glp,4,34.5,34.0,35.7,34.0,36.0
2011-09,MUN,RJ|CAMPOS DOS GOYTACAZES,glp,20,40.0,38.45,40.0,38.0,42.0
2011-09,MUN,RJ|DUQUE DE CAXIAS,glp,58,39.0,35.0,40.0,33.5,42.0
2011-09,MUN,RJ|ITABORAI,glp,5,38.0,36.4,39.2,36.0,40.0
2011-09,MUN,RJ|ITAGUAI,glp,4,39.2,37.57,39.78,37.0,39.9
2011-09,MUN,RJ|ITAPERUNA,glp,3,38.0,36.4,39.6,36.0,40.0
2011-09,MUN,RJ|MACAE,glp,4,40.0,38.6,40.35,38.0,40.5
2011-09,MUN,RJ|MAGE,glp,3,38.0,35.6,39.6,35.0,40.0
2011-09,MUN,RJ|MANGARATIBA,glp,1,39.9,39.9,39.9,39.9,39.9
2011-09,MUN,RJ|MARICA,glp,4,37.0,36.3,38.4,36.0,39.0
2011-09,MUN,RJ|NILOPOLIS,glp,4,40.0,40.0,40.0,40.0,40.0
2011-09,MUN,RJ|NITEROI,glp,15,38.0,37.2,40.0,35.5,40.0
2011-09,MUN,RJ|NOVA FRIBURGO,glp,6,40.0,39.0,40.0,39.0,40.0
2011-09,MUN,RJ|NOVA IGUACU,glp,21,36.0,32.99,38.0,32.0,40.0
2011-09,MUN,RJ|PARAIBA DO SUL,glp,3,40.0,38.4,40.8,38.0,41.0
2011-09,MUN,RJ|PARATY,glp,1,42.0,42.0,42.0,42.0,42.0
2011-09,MUN,RJ|PETROPOLIS,glp,8,40.95,38.77,42.24,35.9,42.8
2011-09,MUN,RJ|RESENDE,glp,6,38.0,38.0,38.0,38.0,38.0
2011-09,MUN,RJ|RIO BONITO,glp,4,39.0,39.0,39.0,39.0,39.0
2011-09,MUN,RJ|RIO DAS OSTRAS,glp,1,40.0,40.0,40.0,40.0,40.0
2011-09,MUN,RJ|RIO DE JANEIRO,glp,88,36.0,33.693,40.0,31.0,42.0
2011-09,MUN,RJ|SANTO ANTONIO DE PADUA,glp,2,35.0,35.0,35.0,35.0,35.0
2011-09,MUN,RJ|SAO FRANCISCO DE ITABAPOANA,glp,2,38.0,38.0,38.0,38.0,38.0
2011-09,MUN,RJ|SAO GONCALO,glp,29,37.0,34.0,38.0,33.0,40.0
2011-09,MUN,RJ|SAO JOAO DE MERITI,glp,13,38.0,38.0,39.8,35.0,40.0
2011-09,MUN,RJ|SAPUCAIA,glp,2,39.5,39.1,39.9,39.0,40.0
2011-09,MUN,RJ|SAQUAREMA,glp,5,34.9,32.794,35.596,31.99,36.0
2011-09,MUN,RJ|TERESOPOLIS,glp,8,40.0,39.0,40.0,39.0,40.0
2011-09,MUN,RJ|TRES RIOS,glp,4,39.0,35.9,40.0,35.0,40.0
2011-09,MUN,RJ|VALENCA,glp,5,39.0,37.4,39.6,37.0,40.0
2011-09,MUN,RJ|VASSOURAS,glp,2,40.0,40.0,40.0,40.0,40.0
2011-09,MUN,RJ|VOLTA REDONDA,glp,7,38.0,35.0,40.0,35.0,40.0
2011-09,MUN,RN|CAICARA DO NORTE,glp,1,40.0,40.0,40.0,40.0,40.0
2011-09,MUN,RN|CAICO,glp,5,38.0,36.1,38.0,35.5,38.0
2011-09,MUN,RN|CURRAIS NOVOS,glp,4,36.5,34.3,38.0,34.0,38.0
2011-09,MUN,RN|MOSSORO,glp,5,35.0,34.7,36.8,34.5,38.0
2011-09,MUN,RN|NATAL,glp,75,40.0,39.0,40.0,36.0,42.0
2011-09,MUN,RN|PARNAMIRIM,glp,19,40.0,37.0,40.4,36.0,42.0
2011-09,MUN,RN|SAO JOSE DE MIPIBU,glp,3,42.0,40.4,42.0,40.0,42.0
2011-09,MUN,RN|SERRA DO MEL,glp,1,40.0,40.0,40.0,40.0,40.0
2011-09,MUN,RO|ARIQUEMES,glp,7,42.0,42.0,42.0,42.0,42.0
2011-09,MUN,RO|CACOAL,glp,7,42.0,42.0,43.0,42.0,43.0
2011-09,MUN,RO|GUAJARA-MIRIM,glp,6,42.5,42.0,43.0,42.0,43.0
2011-09,MUN,RO|JI-PARANA,glp,13,38.0,37.0,39.0,37.0,39.0
2011-09,MUN,RO|PIMENTA BUENO,glp,5,42.0,42.0,44.0,42.0,44.0
2011-09,MUN,RO|PORTO VELHO,glp,65,38.0,37.0,40.0,37.0,41.0
2011-09,MUN,RO|SAO MIGUEL DO GUAPORE,glp,3,45.0,45.0,45.0,45.0,45.0
2011-09,MUN,RO|VILHENA,glp,8,42.5,42.0,43.0,42.0,43.0
2011-09,MUN,RR|BOA VISTA,glp,35,43.5,42.0,44.0,42.0,45.0
2011-09,MUN,RR|CANTA,glp,2,42.0,40.4,43.6,40.0,44.0
2011-09,MUN,RR|CARACARAI,glp,2,46.5,46.1,46.9,46.0,47.0
2011-09,MUN,RR|RORAINOPOLIS,glp,2,43.5,42.3,44.7,42.0,45.0
2011-09,MUN,RS|ALEGRETE,glp,13,36.0,35.6,39.0,34.65,41.5
2011-09,MUN,RS|ALVORADA,glp,15,40.0,38.0,40.0,35.5,40.0
2011-09,MUN,RS|BAGE,glp,29,38.0,38.0,40.0,37.0,42.0
2011-09,MUN,RS|BENTO GONCALVES,glp,10,42.0,39.8,45.0,38.0,45.0
2011-09,MUN,RS|CACAPAVA DO SUL,glp,12,43.0,43.0,43.0,42.5,43.0
2011-09,MUN,RS|CACHOEIRA DO SUL,glp,18,39.25,38.0,40.6,38.0,44.0
2011-09,MUN,RS|CACHOEIRINHA,glp,11,40.0,39.0,41.0,39.0,41.0
2011-09,MUN,RS|CANOAS,glp,28,40.0,37.0,41.3,36.0,42.0
2011-09,MUN,RS|CAXIAS DO SUL,glp,67,40.0,39.0,42.0,36.0,45.0
2011-09,MUN,RS|CHUI,glp,5,33.0,31.0,34.2,31.0,35.0
2011-09,MUN,RS|CRUZ ALTA,glp,7,36.0,34.0,38.2,34.0,40.0
2011-09,MUN,RS|DAVID CANABARRO,glp,1,41.0,41.0,41.0,41.0,41.0
2011-09,MUN,RS|ERECHIM,glp,19,45.0,44.0,46.0,43.0,46.0
2011-09,MUN,RS|ESTEIO,glp,12,39.75,39.0,40.0,38.5,40.0
2011-09,MUN,RS|GRAMADO,glp,8,40.0,40.0,41.825,40.0,42.0
2011-09,MUN,RS|GRAVATAI,glp,30,40.0,39.0,40.1,38.0,42.0
2011-09,MUN,RS|GUAIBA,glp,15,40.0,39.36,40.0,38.0,42.0
2011-09,MUN,RS|IJUI,glp,5,40.0,39.4,41.6,39.0,42.0
2011-09,MUN,RS|JAGUARAO,glp,9,33.0,33.0,35.2,33.0,36.0
2011-09,MUN,RS|LAJEADO,glp,13,40.0,40.0,40.0,39.0,40.0
2011-09,MUN,RS|NOVO HAMBURGO,glp,22,37.0,35.1,38.0,32.0,40.0
2011-09,MUN,RS|OSORIO,glp,9,40.0,40.0,40.0,40.0,40.0
2011-09,MUN,RS|PALMEIRA DAS MISSOES,glp,8,40.25,38.0,43.0,38.0,43.0
2011-09,MUN,RS|PASSO FUNDO,glp,62,40.0,37.0,43.0,35.0,45.0
2011-09,MUN,RS|PELOTAS,glp,37,37.0,35.0,38.0,33.0,40.0
2011-09,MUN,RS|PORTO ALEGRE,glp,73,39.9,37.0,40.0,35.0,42.0
2011-09,MUN,RS|RIO GRANDE,glp,57,37.0,37.0,38.0,35.0,40.0
2011-09,MUN,RS|SANTA CRUZ DO SUL,glp,19,40.0,37.4,41.2,37.0,45.0
2011-09,MUN,RS|SANTA MARIA,glp,86,38.0,37.0,41.0,34.0,43.495
2011-09,MUN,RS|SANTA ROSA,glp,11,38.0,38.0,39.0,37.0,40.0
2011-09,MUN,RS|SANTA VITORIA DO PALMAR,glp,9,36.0,36.0,38.2,36.0,39.0
2011-09,MUN,RS|SANTANA DO LIVRAMENTO,glp,18,36.0,34.7,36.0,34.0,36.0
2011-09,MUN,RS|SANTO ANGELO,glp,13,40.0,40.0,41.0,39.0,42.0
2011-09,MUN,RS|SAO BORJA,glp,9,40.0,38.8,40.0,38.0,40.0
2011-09,MUN,RS|SAO GABRIEL,glp,17,42.0,37.0,44.4,37.0,45.0
2011-09,MUN,RS|SAO LEOPOLDO,glp,23,38.0,36.2,40.0,35.0,40.0
2011-09,MUN,RS|SAO LUIZ GONZAGA,glp,7,42.0,39.0,45.0,39.0,45.0
2011-09,MUN,RS|SAPIRANGA,glp,11,40.0,40.0,42.0,40.0,42.0
2011-09,MUN,RS|SAPUCAIA DO SUL,glp,23,40.0,38.1,41.0,37.0,42.0
2011-09,MUN,RS|TORRES,glp,5,40.0,40.0,41.8,40.0,43.0
2011-09,MUN,RS|TRAMANDAI,glp,12,40.0,38.2,40.0,38.0,40.0
2011-09,MUN,RS|URUGUAIANA,glp,15,40.0,39.4,40.0,38.8,40.0
2011-09,MUN,RS|VACARIA,glp,8,39.75,37.1,40.0,35.0,40.0
2011-09,MUN,RS|VIAMAO,glp,18,40.0,37.63,42.0,35.5,42.0
2011-09,MUN,SC|ARARANGUA,glp,4,40.0,38.6,40.0,38.0,40.0
2011-09,MUN,SC|BALNEARIO CAMBORIU,glp,3,45.0,45.0,46.6,45.0,47.0
2011-09,MUN,SC|BIGUACU,glp,3,46.0,46.0,47.36,46.0,47.7
2011-09,MUN,SC|BLUMENAU,glp,22,42.0,40.0,43.0,39.0,45.0
2011-09,MUN,SC|BRUSQUE,glp,5,40.0,38.0,44.7,38.0,46.5
2011-09,MUN,SC|CACADOR,glp,3,45.0,43.4,45.0,43.0,45.0
2011-09,MUN,SC|CHAPECO,glp,16,42.0,41.75,44.0,40.0,45.0
2011-09,MUN,SC|CONCORDIA,glp,4,38.0,38.0,38.7,38.0,39.0
2011-09,MUN,SC|CRICIUMA,glp,11,42.0,40.0,42.0,39.0,43.0
2011-09,MUN,SC|FLORIANOPOLIS,glp,82,43.75,42.0,45.0,41.0,48.5
2011-09,MUN,SC|GASPAR,glp,1,43.0,43.0,43.0,43.0,43.0
2011-09,MUN,SC|ITAJAI,glp,22,41.0,39.0,42.0,38.0,42.0
2011-09,MUN,SC|JARAGUA DO SUL,glp,6,43.0,40.0,45.0,38.0,45.0
2011-09,MUN,SC|JOINVILLE,glp,28,40.0,39.0,42.0,38.5,43.0
2011-09,MUN,SC|LAGES,glp,6,42.75,41.0,44.5,40.0,45.0
2011-09,MUN,SC|LAGUNA,glp,4,38.5,38.0,39.7,38.0,40.0
2011-09,MUN,SC|MAFRA,glp,4,36.0,35.3,36.0,35.0,36.0
2011-09,MUN,SC|PALHOCA,glp,10,45.0,43.9,47.0,43.0,47.0
2011-09,MUN,SC|SAO JOSE,glp,14,44.0,42.3,45.0,42.0,46.0
2011-09,MUN,SC|SAO MIGUEL DO OESTE,glp,3,38.0,36.4,38.8,36.0,39.0
2011-09,MUN,SC|TUBARAO,glp,8,35.0,35.0,37.3,35.0,38.0
2011-09,MUN,SC|VIDEIRA,glp,5,40.0,40.0,40.0,40.0,40.0
2011-09,MUN,SC|XANXERE,glp,6,44.0,42.0,44.0,40.0,44.0
2011-09,MUN,SE|ARACAJU,glp,27,35.0,34.6,37.0,34.0,37.0
2011-09,MUN,SE|ITABAIANA,glp,4,38.0,37.3,38.0,37.0,38.0
2011-09,MUN,SE|ITABAIANINHA,glp,3,33.0,32.2,33.8,32.0,34.0
2011-09,MUN,SE|LAGARTO,glp,6,35.5,34.0,37.0,33.0,37.0
2011-09,MUN,SE|NOSSA SENHORA DO SOCORRO,glp,11,35.0,35.0,35.0,35.0,35.0
2011-09,MUN,SE|SIMAO DIAS,glp,4,35.0,33.6,35.0,33.0,35.0
2011-09,MUN,SE|TOBIAS BARRETO,glp,4,35.0,34.3,35.0,34.0,35.0
2011-09,MUN,SP|ADAMANTINA,glp,12,38.0,37.127,38.0,35.0,38.0
2011-09,MUN,SP|AMERICANA,glp,26,41.0,39.995,42.0,39.0,42.0
2011-09,MUN,SP|AMPARO,glp,5,39.0,37.4,41.28,37.0,42.8
2011-09,MUN,SP|APIAI,glp,2,39.0,39.0,39.0,39.0,39.0
2011-09,MUN,SP|ARACATUBA,glp,43,37.0,34.6,38.0,34.0,40.0
2011-09,MUN,SP|ARARAQUARA,glp,15,39.0,38.0,40.0,34.99,40.0
2011-09,MUN,SP|ARARAS,glp,5,36.5,36.14,38.48,35.9,39.8
2011-09,MUN,SP|ASSIS,glp,15,40.0,39.0,40.0,38.0,40.0
2011-09,MUN,SP|ATIBAIA,glp,24,38.0,37.0,40.0,36.0,40.0
2011-09,MUN,SP|AVARE,glp,11,40.0,39.9,40.0,38.0,42.0
2011-09,MUN,SP|BARRETOS,glp,19,35.0,33.0,36.0,33.0,36.3
2011-09,MUN,SP|BARUERI,glp,36,38.0,34.49,42.75,33.99,43.0
2011-09,MUN,SP|BAURU,glp,64,38.0,35.0,41.0,34.0,41.0
2011-09,MUN,SP|BEBEDOURO,glp,22,35.0,34.9,38.0,32.0,40.0
2011-09,MUN,SP|BIRIGUI,glp,24,32.0,30.0,35.0,29.9,38.0
2011-09,MUN,SP|BOTUCATU,glp,15,43.0,43.0,44.0,40.0,45.0
2011-09,MUN,SP|BRAGANCA PAULISTA,glp,22,36.0,31.1,37.0,29.99,38.0
2011-09,MUN,SP|CACAPAVA,glp,18,36.5,32.0,38.0,31.99,38.0
2011-09,MUN,SP|CAMPINAS,glp,80,37.75,35.0,41.0,33.0,42.0
2011-09,MUN,SP|CAMPOS DO JORDAO,glp,9,37.0,35.8,37.2,31.0,38.0
2011-09,MUN,SP|CAPAO BONITO,glp,4,37.5,36.3,38.0,36.0,38.0
2011-09,MUN,SP|CARAGUATATUBA,glp,14,40.0,39.3,40.0,37.9,42.0
2011-09,MUN,SP|CARAPICUIBA,glp,27,34.0,33.99,38.994,33.99,39.9
2011-09,MUN,SP|CATANDUVA,glp,16,38.0,37.0,39.0,35.0,40.0
2011-09,MUN,SP|COSMOPOLIS,glp,11,38.0,35.0,38.5,35.0,39.5
2011-09,MUN,SP|COTIA,glp,11,37.0,35.0,41.0,35.0,41.0
2011-09,MUN,SP|CRUZEIRO,glp,14,37.0,35.3,37.0,34.0,37.0
2011-09,MUN,SP|CUBATAO,glp,7,38.4,36.9,40.0,36.0,40.0
2011-09,MUN,SP|DIADEMA,glp,37,35.0,33.0,38.966,29.9,39.9
2011-09,MUN,SP|DRACENA,glp,10,45.0,44.7,45.2,42.0,47.0
2011-09,MUN,SP|EMBU DAS ARTES,glp,5,38.0,35.8,38.0,35.0,38.0
2011-09,MUN,SP|FERRAZ DE VASCONCELOS,glp,11,38.0,38.0,39.0,36.0,40.0
2011-09,MUN,SP|FRANCA,glp,41,39.0,37.0,40.0,36.0,41.0
2011-09,MUN,SP|FRANCISCO MORATO,glp,14,42.0,40.0,42.0,40.0,42.0
2011-09,MUN,SP|FRANCO DA ROCHA,glp,8,40.0,37.093,42.6,35.0,44.0
2011-09,MUN,SP|GARCA,glp,12,40.0,38.0,40.0,38.0,40.0
2011-09,MUN,SP|GUARATINGUETA,glp,17,32.5,30.0,39.994,30.0,40.0
2011-09,MUN,SP|GUARUJA,glp,10,40.825,35.799,42.955,33.99,43.45
2011-09,MUN,SP|GUARULHOS,glp,60,38.745,36.0,40.9,32.5,43.0
2011-09,MUN,SP|HORTOLANDIA,glp,21,37.0,36.0,40.0,35.0,42.0
2011-09,MUN,SP|IBITINGA,glp,10,40.0,38.0,42.0,38.0,42.0
2011-09,MUN,SP|INDAIATUBA,glp,23,42.0,40.0,42.0,39.5,43.0
2011-09,MUN,SP|ITANHAEM,glp,13,37.0,37.0,38.8,35.0,39.0
2011-09,MUN,SP|ITAPECERICA DA SERRA,glp,6,40.0,36.995,40.0,35.99,40.0
2011-09,MUN,SP|ITAPETININGA,glp,16,35.0,35.0,37.5,33.0,40.0
2011-09,MUN,SP|ITAPEVA,glp,6,38.0,37.5,39.515,37.0,41.0
2011-09,MUN,SP|ITAPEVI,glp,8,35.99,33.693,38.0,33.0,38.0
2011-09,MUN,SP|ITAPIRA,glp,4,37.0,37.0,37.0,37.0,37.0
2011-09,MUN,SP|ITAPOLIS,glp,16,39.9,38.0,40.0,37.0,40.75
2011-09,MUN,SP|ITAQUAQUECETUBA,glp,21,38.0,35.0,40.0,34.49,40.0
2011-09,MUN,SP|ITATIBA,glp,11,38.0,36.0,38.0,36.0,39.0
2011-09,MUN,SP|ITU,glp,11,37.0,34.0,38.0,33.0,38.0
2011-09,MUN,SP|JABOTICABAL,glp,21,38.0,36.5,40.0,35.5,42.0
2011-09,MUN,SP|JACAREI,glp,15,37.0,31.2,39.6,30.0,40.0
2011-09,MUN,SP|JALES,glp,12,38.0,35.2,39.35,35.0,40.0
2011-09,MUN,SP|JANDIRA,glp,17,38.0,36.6,39.4,36.0,40.0
2011-09,MUN,SP|JAU,glp,13,38.0,35.0,38.0,35.0,40.0
2011-09,MUN,SP|JOSE BONIFACIO,glp,16,37.0,37.0,39.0,35.0,39.9
2011-09,MUN,SP|JUNDIAI,glp,16,37.0,37.0,39.0,37.0,40.0
2011-09,MUN,SP|LEME,glp,21,35.9,34.9,37.0,33.0,37.0
2011-09,MUN,SP|LIMEIRA,glp,20,36.0,35.0,38.199,33.99,39.99
2011-09,MUN,SP|LINS,glp,22,33.0,30.0,35.0,30.0,36.5
2011-09,MUN,SP|LORENA,glp,15,35.0,33.0,35.0,30.0,35.0
2011-09,MUN,SP|MARILIA,glp,15,40.0,39.0,40.0,38.0,42.0
2011-09,MUN,SP|MATAO,glp,18,40.5,39.35,42.0,38.0,45.0
2011-09,MUN,SP|MAUA,glp,38,41.75,37.97,44.3,34.9,46.0
2011-09,MUN,SP|MIRASSOL,glp,14,36.0,35.15,37.997,35.0,39.0
2011-09,MUN,SP|MOCOCA,glp,12,41.0,40.0,42.0,40.0,42.0
2011-09,MUN,SP|MOGI DAS CRUZES,glp,44,40.0,37.27,42.35,36.0,43.0
2011-09,MUN,SP|MOGI GUACU,glp,17,38.0,37.0,38.0,35.0,39.0
2011-09,MUN,SP|MOGI MIRIM,glp,9,38.0,37.0,38.4,37.0,40.0
2011-09,MUN,SP|MONTE ALTO,glp,12,41.0,39.1,44.9,38.0,46.0
2011-09,MUN,SP|OLIMPIA,glp,11,33.0,30.0,35.0,30.0,40.0
2011-09,MUN,SP|OSASCO,glp,84,36.0,33.99,40.395,32.0,43.0
2011-09,MUN,SP|OURINHOS,glp,23,39.0,35.0,41.0,35.0,45.0
2011-09,MUN,SP|PARAGUACU PAULISTA,glp,14,35.0,35.0,40.8,34.95,42.0
2011-09,MUN,SP|PAULICEIA,glp,1,38.0,38.0,38.0,38.0,38.0
2011-09,MUN,SP|PAULINIA,glp,21,35.0,31.0,36.0,31.0,37.0
2011-09,MUN,SP|PINDAMONHANGABA,glp,19,37.0,34.98,38.0,34.9,39.0
2011-09,MUN,SP|PIRACICABA,glp,31,40.0,38.0,42.0,35.0,42.0
2011-09,MUN,SP|PIRASSUNUNGA,glp,9,35.5,34.9,38.0,34.9,38.0
2011-09,MUN,SP|POA,glp,10,38.0,36.0,38.2,36.0,40.0
2011-09,MUN,SP|PORTO FERREIRA,glp,8,34.0,32.8,35.3,30.0,36.0
2011-09,MUN,SP|PRAIA GRANDE,glp,21,39.0,36.0,42.0,33.99,45.0
2011-09,MUN,SP|PRESIDENTE PRUDENTE,glp,51,39.0,36.0,40.0,35.0,43.9
2011-09,MUN,SP|PRESIDENTE VENCESLAU,glp,10,37.5,34.9,39.91,34.0,40.0
2011-09,MUN,SP|RIBEIRAO PIRES,glp,13,42.9,38.18,43.0,38.0,43.0
2011-09,MUN,SP|RIBEIRAO PRETO,glp,115,41.5,39.2,42.0,37.0,45.0
2011-09,MUN,SP|RIO CLARO,glp,8,35.0,35.0,35.0,35.0,35.0
2011-09,MUN,SP|SALTO,glp,15,40.0,35.0,41.0,34.0,42.0
2011-09,MUN,SP|SANTA BARBARA D'OESTE,glp,29,40.0,40.0,42.0,38.0,42.0
2011-09,MUN,SP|SANTA CRUZ DO RIO PARDO,glp,13,37.0,37.0,38.0,35.0,38.6
2011-09,MUN,SP|SANTO ANDRE,glp,49,40.0,35.998,43.9,34.99,44.0
2011-09,MUN,SP|SANTOS,glp,33,38.0,35.96,40.0,35.5,42.9
2011-09,MUN,SP|SAO BERNARDO DO CAMPO,glp,51,40.0,37.0,43.0,34.0,45.0
2011-09,MUN,SP|SAO CAETANO DO SUL,glp,8,40.995,39.85,44.23,39.5,45.0
2011-09,MUN,SP|SAO CARLOS,glp,16,37.95,36.9,39.9,36.9,39.9
2011-09,MUN,SP|SAO JOAO DA BOA VISTA,glp,11,38.0,38.0,38.0,38.0,38.0
2011-09,MUN,SP|SAO JOAQUIM DA BARRA,glp,11,40.0,40.0,40.0,40.0,41.0
2011-09,MUN,SP|SAO JOSE DO RIO PRETO,glp,73,38.0,35.0,40.0,33.0,45.0
2011-09,MUN,SP|SAO JOSE DOS CAMPOS,glp,62,36.0,35.099,38.0,35.0,39.0
2011-09,MUN,SP|SAO PAULO,glp,273,39.0,33.992,42.0,33.99,43.5
2011-09,MUN,SP|SAO ROQUE,glp,12,36.5,34.491,39.81,34.0,40.0
2011-09,MUN,SP|SAO VICENTE,glp,44,38.25,36.0,39.0,33.99,45.0
2011-09,MUN,SP|SERTAOZINHO,glp,25,38.0,35.0,40.0,35.0,40.0
2011-09,MUN,SP|SOROCABA,glp,28,38.0,37.0,39.0,36.0,41.0
2011-09,MUN,SP|SUMARE,glp,21,37.0,30.0,40.0,30.0,40.0
2011-09,MUN,SP|SUZANO,glp,31,39.5,37.0,41.0,33.99,43.0
2011-09,MUN,SP|TABOAO DA SERRA,glp,6,34.5,33.995,39.9,33.99,39.9
2011-09,MUN,SP|TATUI,glp,9,38.0,37.99,40.6,37.99,43.0
2011-09,MUN,SP|TAUBATE,glp,38,37.0,35.0,39.0,34.0,42.0
2011-09,MUN,SP|TUPA,glp,12,35.5,32.25,37.9,30.75,39.5
2011-09,MUN,SP|UBATUBA,glp,11,37.0,34.99,40.0,34.0,40.0
2011-09,MUN,SP|VALINHOS,glp,11,38.5,38.0,41.0,37.0,41.0
2011-09,MUN,SP|VARZEA PAULISTA,glp,11,35.0,33.0,36.0,33.0,38.0
2011-09,MUN,SP|VINHEDO,glp,5,40.5,39.7,41.6,39.5,42.0
2011-09,MUN,SP|VOTORANTIM,glp,17,37.0,36.96,38.0,36.9,40.0
2011-09,MUN,SP|VOTUPORANGA,glp,20,36.45,34.9,38.0,33.0,40.95
2011-09,MUN,TO|ARAGUAINA,glp,13,45.0,43.2,45.0,43.0,45.0
2011-09,MUN,TO|DIANOPOLIS,glp,6,45.0,44.0,45.0,44.0,45.0
2011-09,MUN,TO|GURUPI,glp,32,45.0,44.1,45.0,44.0,45.0
2011-09,MUN,TO|PALMAS,glp,17,44.0,42.6,45.0,42.0,45.0
2011-09,MUN,TO|PARAISO DO TOCANTINS,glp,11,45.0,44.0,45.0,43.0,45.0
2011-09,MUN,TO|PORTO NACIONAL,glp,13,45.0,44.0,45.0,44.0,45.0
2011-09,UF,AC,glp,226,43.0,43.0,45.0,40.0,53.0
2011-09,UF,AL,glp,71,40.0,35.0,40.0,35.0,40.0
2011-09,UF,AM,glp,215,31.0,30.0,33.64,28.0,45.0
2011-09,UF,AP,glp,31,42.0,40.0,45.0,39.0,58.0
2011-09,UF,BA,glp,494,36.75,32.3,39.95,25.6,42.0
2011-09,UF,CE,glp,339,37.0,35.0,40.0,30.0,40.0
2011-09,UF,DF,glp,121,37.0,36.0,38.0,36.0,39.0
2011-09,UF,ES,glp,285,36.0,35.0,38.0,30.0,40.0
2011-09,UF,GO,glp,615,40.0,38.0,43.0,34.0,45.0
2011-09,UF,MA,glp,171,40.0,39.0,43.0,35.0,45.0
2011-09,UF,MG,glp,1175,42.0,38.0,45.0,30.0,49.0
2011-09,UF,MS,glp,554,48.0,44.0,49.0,38.0,52.0
2011-09,UF,MT,glp,122,48.0,45.0,50.0,42.0,53.9
2011-09,UF,PA,glp,239,40.0,38.0,46.0,33.0,48.0
2011-09,UF,PB,glp,148,34.0,33.0,35.0,30.0,35.0
2011-09,UF,PE,glp,393,35.0,32.0,37.9,30.0,40.0
2011-09,UF,PI,glp,75,40.0,40.0,41.0,34.99,42.0
2011-09,UF,PR,glp,776,40.0,36.0,45.0,29.9,49.0
2011-09,UF,RJ,glp,376,38.0,34.978,40.0,31.0,44.0
2011-09,UF,RN,glp,113,40.0,37.0,40.0,34.0,42.0
2011-09,UF,RO,glp,114,39.0,37.0,43.0,37.0,45.0
2011-09,UF,RR,glp,41,43.5,42.0,45.0,40.0,47.0
2011-09,UF,RS,glp,899,39.9,36.0,42.0,31.0,46.0
2011-09,UF,SC,glp,270,42.0,39.0,45.0,35.0,48.5
2011-09,UF,SE,glp,59,35.0,34.0,37.0,32.0,38.0
2011-09,UF,SP,glp,2723,38.0,35.0,42.0,29.9,47.0
2011-09,UF,TO,glp,92,45.0,44.0,45.0,42.0,45.0
2011-10,BR,BR,glp,10754,39.5,35.0,45.0,28.0,58.0
2011-10,MUN,AC|CRUZEIRO DO SUL,glp,6,50.0,49.0,53.0,48.0,53.0
2011-10,MUN,AC|RIO BRANCO,glp,206,43.0,43.0,44.0,40.0,47.0
2011-10,MUN,AC|SENA MADUREIRA,glp,5,45.0,44.0,45.6,44.0,46.0
2011-10,MUN,AC|SENADOR GUIOMARD,glp,6,44.0,44.0,44.0,44.0,44.0
2011-10,MUN,AC|TARAUACA,glp,2,50.0,50.0,50.0,50.0,50.0
2011-10,MUN,AC|XAPURI,glp,3,45.0,45.0,45.0,45.0,45.0
2011-10,MUN,AL|ARAPIRACA,glp,6,37.0,37.0,37.0,37.0,37.0
2011-10,MUN,AL|ATALAIA,glp,1,39.0,39.0,39.0,39.0,39.0
2011-10,MUN,AL|DELMIRO GOUVEIA,glp,4,38.0,38.0,38.0,38.0,38.0
2011-10,MUN,AL|MACEIO,glp,41,40.0,40.0,40.0,38.0,40.0
2011-10,MUN,AL|MARECHAL DEODORO,glp,3,39.0,38.2,39.0,38.0,39.0
2011-10,MUN,AL|PALMEIRA DOS INDIOS,glp,6,37.0,37.0,37.0,37.0,37.0
2011-10,MUN,AL|RIO LARGO,glp,4,40.0,39.3,40.0,39.0,40.0
2011-10,MUN,AL|SANTANA DO IPANEMA,glp,7,35.0,35.0,35.0,35.0,35.0
2011-10,MUN,AM|HUMAITA,glp,3,36.0,35.2,36.8,35.0,37.0
2011-10,MUN,AM|ITACOATIARA,glp,13,34.0,33.0,35.0,33.0,35.0
2011-10,MUN,AM|MANACAPURU,glp,5,33.0,33.0,33.0,33.0,33.0
2011-10,MUN,AM|MANAUS,glp,187,32.0,30.0,33.0,28.0,45.0
2011-10,MUN,AM|PARINTINS,glp,2,31.25,30.25,32.25,30.0,32.5
2011-10,MUN,AM|PRESIDENTE FIGUEIREDO,glp,2,35.0,35.0,35.0,35.0,35.0
2011-10,MUN,AM|TEFE,glp,2,38.5,38.1,38.9,38.0,39.0
2011-10,MUN,AP|LARANJAL DO JARI,glp,2,45.5,45.1,45.9,45.0,46.0
2011-10,MUN,AP|MACAPA,glp,20,41.0,40.0,42.0,39.0,42.0
2011-10,MUN,AP|OIAPOQUE,glp,1,58.0,58.0,58.0,58.0,58.0
2011-10,MUN,AP|SANTANA,glp,8,47.0,45.0,47.0,45.0,47.0
2011-10,MUN,BA|ALAGOINHAS,glp,5,39.0,38.94,39.0,38.9,39.0
2011-10,MUN,BA|BARRA,glp,6,34.0,32.0,36.0,32.0,36.0
2011-10,MUN,BA|BARRA DO MENDES,glp,1,35.0,35.0,35.0,35.0,35.0
2011-10,MUN,BA|BARREIRAS,glp,10,40.0,38.0,40.0,38.0,40.0
2011-10,MUN,BA|BRUMADO,glp,5,35.0,33.8,35.6,33.0,36.0
2011-10,MUN,BA|CAETITE,glp,7,30.0,30.0,30.0,30.0,30.0
2011-10,MUN,BA|CAMACARI,glp,13,42.0,40.4,42.9,40.0,43.0
2011-10,MUN,BA|CAMPO FORMOSO,glp,2,39.0,38.2,39.8,38.0,40.0
2011-10,MUN,BA|CANDEIAS,glp,7,35.0,32.6,35.0,32.0,35.0
2011-10,MUN,BA|CAPIM GROSSO,glp,1,38.0,38.0,38.0,38.0,38.0
2011-10,MUN,BA|EUNAPOLIS,glp,8,35.0,35.0,35.3,35.0,36.0
2011-10,MUN,BA|FEIRA DE SANTANA,glp,19,39.0,38.0,39.92,37.0,40.0
2011-10,MUN,BA|GUANAMBI,glp,14,28.0,28.0,28.0,28.0,28.0
2011-10,MUN,BA|ILHEUS,glp,8,38.495,36.1,40.23,34.0,41.0
2011-10,MUN,BA|IPIRA,glp,5,38.0,38.0,38.0,38.0,38.0
2011-10,MUN,BA|IRECE,glp,12,35.0,35.0,35.0,35.0,35.0
2011-10,MUN,BA|ITABUNA,glp,14,40.0,37.0,42.0,36.0,42.0
2011-10,MUN,BA|ITAMARAJU,glp,5,33.0,33.0,33.0,33.0,33.0
2011-10,MUN,BA|JACOBINA,glp,7,38.0,38.0,38.8,38.0,40.0
2011-10,MUN,BA|JAGUAQUARA,glp,9,33.0,33.0,33.0,33.0,33.0
2011-10,MUN,BA|JEQUIE,glp,14,32.0,30.6,32.0,29.0,34.0
2011-10,MUN,BA|JOAO DOURADO,glp,1,35.0,35.0,35.0,35.0,35.0
2011-10,MUN,BA|JUAZEIRO,glp,8,35.0,34.7,35.0,34.0,35.0
2011-10,MUN,BA|LAURO DE FREITAS,glp,20,38.0,36.0,40.0,35.0,41.0
2011-10,MUN,BA|LIVRAMENTO DE NOSSA SENHORA,glp,3,32.0,32.0,32.0,32.0,32.0
2011-10,MUN,BA|PAULO AFONSO,glp,5,37.0,36.4,39.2,36.0,40.0
2011-10,MUN,BA|POCOES,glp,7,32.0,32.0,34.1,32.0,35.0
2011-10,MUN,BA|PORTO SEGURO,glp,10,38.0,36.9,38.0,36.0,38.0
2011-10,MUN,BA|RUY BARBOSA,glp,4,40.0,40.0,40.0,40.0,40.0
2011-10,MUN,BA|SALVADOR,glp,219,37.0,34.0,38.96,32.0,41.0
2011-10,MUN,BA|SANTO ANTONIO DE JESUS,glp,8,37.0,36.0,37.0,36.0,37.0
2011-10,MUN,BA|SENHOR DO BONFIM,glp,5,40.0,36.8,40.0,36.0,40.0
2011-10,MUN,BA|SERRINHA,glp,6,38.0,38.0,38.0,38.0,38.0
2011-10,MUN,BA|SIMOES FILHO,glp,7,40.0,38.0,40.0,38.0,40.0
2011-10,MUN,BA|TEIXEIRA DE FREITAS,glp,7,35.0,35.0,38.0,35.0,38.0
2011-10,MUN,BA|URANDI,glp,1,28.0,28.0,28.0,28.0,28.0
2011-10,MUN,BA|VALENCA,glp,5,37.0,37.0,37.6,37.0,38.0
2011-10,MUN,BA|VITORIA DA CONQUISTA,glp,17,37.0,35.0,38.0,35.0,40.0
2011-10,MUN,CE|ARACOIABA,glp,1,37.5,37.5,37.5,37.5,37.5
2011-10,MUN,CE|BEBERIBE,glp,2,33.0,33.0,33.0,33.0,33.0
2011-10,MUN,CE|CANINDE,glp,4,35.0,35.0,35.7,35.0,36.0
2011-10,MUN,CE|CAUCAIA,glp,45,37.0,36.4,40.0,36.0,40.0
2011-10,MUN,CE|CRATEUS,glp,5,35.0,34.4,35.6,34.0,36.0
2011-10,MUN,CE|CRATO,glp,12,35.0,35.0,40.0,30.0,40.0
2011-10,MUN,CE|FORTALEZA,glp,196,37.75,36.0,40.0,34.0,42.0
2011-10,MUN,CE|ICO,glp,3,33.0,32.2,33.8,32.0,34.0
2011-10,MUN,CE|IGUATU,glp,4,36.5,36.0,37.7,36.0,38.0
2011-10,MUN,CE|IPU,glp,2,33.5,33.1,33.9,33.0,34.0
2011-10,MUN,CE|ITAPIPOCA,glp,5,34.0,33.4,35.0,33.0,35.0
2011-10,MUN,CE|JUAZEIRO DO NORTE,glp,15,35.0,34.4,40.0,34.0,40.0
2011-10,MUN,CE|LIMOEIRO DO NORTE,glp,5,36.0,35.0,36.6,35.0,37.0
2011-10,MUN,CE|MARACANAU,glp,15,37.0,36.0,40.0,35.0,40.0
2011-10,MUN,CE|MORADA NOVA,glp,5,35.0,34.4,36.0,34.0,36.0
2011-10,MUN,CE|PEDRA BRANCA,glp,4,33.5,32.3,34.0,32.0,34.0
2011-10,MUN,CE|QUIXADA,glp,8,37.0,36.0,39.3,36.0,40.0
2011-10,MUN,CE|SAO GONCALO DO AMARANTE,glp,1,36.0,36.0,36.0,36.0,36.0
2011-10,MUN,CE|SOBRAL,glp,6,38.5,36.0,39.5,36.0,40.0
2011-10,MUN,DF|BRASILIA,glp,122,37.0,36.0,38.0,36.0,39.0
2011-10,MUN,ES|ARACRUZ,glp,9,35.0,34.0,35.0,34.0,35.0
2011-10,MUN,ES|BARRA DE SAO FRANCISCO,glp,8,34.0,34.0,36.0,34.0,36.0
2011-10,MUN,ES|CACHOEIRO DE ITAPEMIRIM,glp,18,35.0,34.0,36.0,34.0,36.0
2011-10,MUN,ES|CARIACICA,glp,49,36.0,35.0,37.0,30.0,38.0
2011-10,MUN,ES|CASTELO,glp,6,35.25,33.75,36.5,33.0,37.0
2011-10,MUN,ES|COLATINA,glp,12,38.0,37.0,38.9,35.0,40.0
2011-10,MUN,ES|GUARAPARI,glp,22,38.0,36.0,38.0,35.0,38.0
2011-10,MUN,ES|ITAPEMIRIM,glp,3,35.0,35.0,35.0,35.0,35.0
2011-10,MUN,ES|JAGUARE,glp,4,35.5,35.0,36.0,35.0,36.0
2011-10,MUN,ES|LINHARES,glp,14,34.5,34.0,35.0,34.0,35.0
2011-10,MUN,ES|MARATAIZES,glp,1,35.0,35.0,35.0,35.0,35.0
2011-10,MUN,ES|NOVA VENECIA,glp,3,38.0,37.2,39.6,37.0,40.0
2011-10,MUN,ES|SAO MATEUS,glp,14,38.0,37.0,39.0,37.0,39.0
2011-10,MUN,ES|SERRA,glp,71,37.0,36.0,38.0,35.0,38.0
2011-10,MUN,ES|VILA VELHA,glp,40,36.0,34.0,38.0,30.0,38.0
2011-10,MUN,ES|VITORIA,glp,18,36.5,35.0,38.0,35.0,38.0
2011-10,MUN,GO|AGUAS LINDAS DE GOIAS,glp,14,40.0,40.0,42.0,38.0,43.0
2011-10,MUN,GO|ANAPOLIS,glp,148,38.5,37.0,40.0,34.0,42.0
2011-10,MUN,GO|APARECIDA DE GOIANIA,glp,33,40.0,39.0,41.0,39.0,41.0
2011-10,MUN,GO|CALDAS NOVAS,glp,24,39.0,38.0,40.0,37.0,40.0
2011-10,MUN,GO|CAMPO ALEGRE DE GOIAS,glp,1,38.0,38.0,38.0,38.0,38.0
2011-10,MUN,GO|CATALAO,glp,12,38.0,38.0,38.0,38.0,38.0
2011-10,MUN,GO|CIDADE OCIDENTAL,glp,1,37.0,37.0,37.0,37.0,37.0
2011-10,MUN,GO|FORMOSA,glp,19,40.0,40.0,40.0,40.0,40.0
2011-10,MUN,GO|GOIANIA,glp,120,40.0,39.0,41.0,38.99,42.0
2011-10,MUN,GO|GOIATUBA,glp,11,38.0,37.0,38.0,37.0,38.0
2011-10,MUN,GO|ITUMBIARA,glp,16,43.0,42.0,43.0,40.0,43.0
2011-10,MUN,GO|JATAI,glp,19,40.0,40.0,42.0,40.0,42.0
2011-10,MUN,GO|LUZIANIA,glp,34,40.0,39.0,40.0,39.0,40.0
2011-10,MUN,GO|MINEIROS,glp,18,44.0,43.0,45.0,42.0,45.0
2011-10,MUN,GO|MORRINHOS,glp,21,38.0,38.0,40.0,37.0,40.0
2011-10,MUN,GO|PLANALTINA,glp,20,45.0,45.0,45.0,45.0,45.0
2011-10,MUN,GO|PONTALINA,glp,1,37.0,37.0,37.0,37.0,37.0
2011-10,MUN,GO|PORANGATU,glp,18,45.0,45.0,45.0,45.0,45.0
2011-10,MUN,GO|RIO VERDE,glp,22,42.0,41.0,43.0,41.0,43.0
2011-10,MUN,GO|TRINDADE,glp,31,40.0,39.0,41.0,37.0,41.0
2011-10,MUN,GO|VALPARAISO DE GOIAS,glp,12,43.0,43.0,43.0,40.0,43.0
2011-10,MUN,MA|ACAILANDIA,glp,5,40.0,40.0,43.0,40.0,43.0
2011-10,MUN,MA|BACABAL,glp,4,38.0,37.3,38.0,37.0,38.0
2011-10,MUN,MA|BALSAS,glp,3,40.0,40.0,40.0,40.0,40.0
2011-10,MUN,MA|BARRA DO CORDA,glp,7,45.0,42.0,45.0,42.0,45.0
2011-10,MUN,MA|CAROLINA,glp,3,44.0,44.0,44.0,44.0,44.0
2011-10,MUN,MA|CAXIAS,glp,3,42.0,42.0,42.0,42.0,42.0
2011-10,MUN,MA|CODO,glp,3,41.0,40.2,41.0,40.0,41.0
2011-10,MUN,MA|IMPERATRIZ,glp,40,40.0,40.0,43.0,40.0,43.0
2011-10,MUN,MA|JOAO LISBOA,glp,1,43.0,43.0,43.0,43.0,43.0
2011-10,MUN,MA|PINHEIRO,glp,4,38.5,37.0,40.0,37.0,40.0
2011-10,MUN,MA|PRESIDENTE DUTRA,glp,3,38.0,38.0,38.0,38.0,38.0
2011-10,MUN,MA|SANTA INES,glp,4,40.0,40.0,40.0,40.0,40.0
2011-10,MUN,MA|SAO DOMINGOS DO MARANHAO,glp,2,36.0,36.0,36.0,36.0,36.0
2011-10,MUN,MA|SAO JOAO DOS PATOS,glp,3,40.0,40.0,40.0,40.0,40.0
2011-10,MUN,MA|SAO JOSE DE RIBAMAR,glp,10,43.0,42.7,43.2,40.0,45.0
2011-10,MUN,MA|SAO LUIS,glp,58,43.0,39.0,43.0,39.0,45.0
2011-10,MUN,MA|TIMON,glp,3,39.0,39.0,39.0,39.0,39.0
2011-10,MUN,MG|ALFENAS,glp,15,38.0,35.0,38.0,33.0,40.0
2011-10,MUN,MG|ARAGUARI,glp,17,45.0,43.0,45.0,43.0,45.0
2011-10,MUN,MG|ARAXA,glp,5,42.0,42.0,45.0,42.0,45.0
2011-10,MUN,MG|BARBACENA,glp,17,37.0,35.0,38.0,35.0,38.0
2011-10,MUN,MG|BELO HORIZONTE,glp,123,43.0,40.0,45.0,37.0,46.0
2011-10,MUN,MG|BETIM,glp,38,43.27,40.7,45.0,39.5,45.0
2011-10,MUN,MG|BOM DESPACHO,glp,4,41.0,40.0,42.0,40.0,42.0
2011-10,MUN,MG|CAMPO BELO,glp,8,36.0,36.0,36.03,36.0,36.1
2011-10,MUN,MG|CARATINGA,glp,6,39.0,37.5,39.0,37.0,39.0
2011-10,MUN,MG|CATAGUASES,glp,4,37.5,37.0,38.0,37.0,38.0
2011-10,MUN,MG|CONGONHAS,glp,10,39.0,36.0,40.0,36.0,40.0
2011-10,MUN,MG|CONSELHEIRO LAFAIETE,glp,10,38.0,37.45,40.2,37.0,42.0
2011-10,MUN,MG|CONTAGEM,glp,113,43.0,41.124,45.0,40.0,46.5
2011-10,MUN,MG|CORONEL FABRICIANO,glp,9,42.0,41.6,42.0,40.0,42.0
2011-10,MUN,MG|CURVELO,glp,11,42.0,42.0,43.0,42.0,43.0
2011-10,MUN,MG|DIAMANTINA,glp,6,45.0,44.0,45.0,44.0,45.0
2011-10,MUN,MG|DIVINOPOLIS,glp,18,40.0,40.0,42.0,40.0,42.0
2011-10,MUN,MG|FORMIGA,glp,4,39.5,36.6,42.4,36.0,43.0
2011-10,MUN,MG|FRUTAL,glp,5,40.0,39.97,40.0,39.95,40.0
2011-10,MUN,MG|GOVERNADOR VALADARES,glp,22,39.5,39.0,40.0,38.0,42.0
2011-10,MUN,MG|GUAXUPE,glp,10,38.0,35.8,38.0,34.0,38.0
2011-10,MUN,MG|IBIRITE,glp,12,43.03,42.05,44.9,40.0,45.0
2011-10,MUN,MG|IPATINGA,glp,16,41.0,40.0,41.5,40.0,42.0
2011-10,MUN,MG|ITABIRA,glp,5,46.0,46.0,46.0,46.0,46.0
2011-10,MUN,MG|ITABIRITO,glp,1,39.0,39.0,39.0,39.0,39.0
2011-10,MUN,MG|ITAJUBA,glp,14,38.0,37.0,40.0,36.0,42.0
2011-10,MUN,MG|ITAUNA,glp,14,43.0,40.0,43.0,40.0,44.0
2011-10,MUN,MG|ITUIUTABA,glp,19,42.0,40.7,43.1,38.0,44.0
2011-10,MUN,MG|ITURAMA,glp,1,42.0,42.0,42.0,42.0,42.0
2011-10,MUN,MG|JACUI,glp,1,38.0,38.0,38.0,38.0,38.0
2011-10,MUN,MG|JANAUBA,glp,1,38.0,38.0,38.0,38.0,38.0
2011-10,MUN,MG|JANUARIA,glp,6,42.0,40.95,42.25,40.0,42.5
2011-10,MUN,MG|JOAO MONLEVADE,glp,9,41.0,41.0,42.0,41.0,42.0
2011-10,MUN,MG|JOAO PINHEIRO,glp,12,45.0,43.2,45.0,42.9,46.0
2011-10,MUN,MG|JUIZ DE FORA,glp,58,42.0,40.0,45.0,36.995,47.0
2011-10,MUN,MG|LAVRAS,glp,12,39.5,38.0,41.8,37.0,42.0
2011-10,MUN,MG|LEOPOLDINA,glp,7,40.0,38.8,40.4,37.0,41.0
2011-10,MUN,MG|MANHUACU,glp,6,37.0,35.0,38.5,35.0,40.0
2011-10,MUN,MG|MARIANA,glp,5,44.0,44.0,44.6,44.0,45.0
2011-10,MUN,MG|MONTE CARMELO,glp,18,40.0,40.0,40.0,40.0,40.0
2011-10,MUN,MG|MONTES CLAROS,glp,16,42.0,40.0,43.5,40.0,44.0
2011-10,MUN,MG|MURIAE,glp,5,41.0,39.8,41.6,39.0,42.0
2011-10,MUN,MG|NOVA LIMA,glp,16,44.25,42.5,45.75,40.0,47.0
2011-10,MUN,MG|OLIVEIRA,glp,8,36.0,36.0,36.0,36.0,36.0
2011-10,MUN,MG|OURO PRETO,glp,10,40.0,39.0,41.1,39.0,42.0
2011-10,MUN,MG|PARA DE MINAS,glp,10,41.95,40.0,42.55,40.0,43.0
2011-10,MUN,MG|PARACATU,glp,9,47.0,45.8,49.0,45.0,49.0
2011-10,MUN,MG|PASSOS,glp,20,39.0,37.9,40.0,37.0,40.0
2011-10,MUN,MG|PATOS DE MINAS,glp,18,48.0,48.0,50.0,45.0,50.0
2011-10,MUN,MG|PATROCINIO,glp,10,45.0,44.0,45.0,44.0,45.0
2011-10,MUN,MG|POCOS DE CALDAS,glp,16,35.0,34.995,39.0,34.99,39.0
2011-10,MUN,MG|PONTE NOVA,glp,1,38.0,38.0,38.0,38.0,38.0
2011-10,MUN,MG|POUSO ALEGRE,glp,18,39.0,38.0,39.0,38.0,39.0
2011-10,MUN,MG|RIBEIRAO DAS NEVES,glp,27,42.0,40.8,45.0,38.0,45.0
2011-10,MUN,MG|SABARA,glp,20,42.0,38.7,44.0,35.0,44.0
2011-10,MUN,MG|SANTA LUZIA,glp,26,43.25,40.0,44.0,39.0,45.0
2011-10,MUN,MG|SANTOS DUMONT,glp,6,39.45,38.0,40.0,38.0,40.0
2011-10,MUN,MG|SAO GONCALO DO RIO ABAIXO,glp,1,42.0,42.0,42.0,42.0,42.0
2011-10,MUN,MG|SAO JOAO DEL REI,glp,16,39.0,39.0,40.0,39.0,40.0
2011-10,MUN,MG|SAO LOURENCO,glp,5,39.0,38.4,41.2,38.0,42.0
2011-10,MUN,MG|SAO SEBASTIAO DO PARAISO,glp,13,38.0,37.0,39.0,37.0,40.0
2011-10,MUN,MG|SETE LAGOAS,glp,24,39.0,39.0,40.7,38.9,42.0
2011-10,MUN,MG|TAIOBEIRAS,glp,1,38.0,38.0,38.0,38.0,38.0
2011-10,MUN,MG|TEOFILO OTONI,glp,22,45.0,42.15,45.0,42.0,46.0
2011-10,MUN,MG|TIMOTEO,glp,9,42.0,39.8,44.0,39.0,44.0
2011-10,MUN,MG|TRES CORACOES,glp,9,38.0,38.0,38.0,38.0,38.0
2011-10,MUN,MG|UBA,glp,8,38.0,38.0,40.0,38.0,40.0
2011-10,MUN,MG|UBERABA,glp,38,48.0,48.0,48.0,48.0,48.0
2011-10,MUN,MG|UBERLANDIA,glp,76,45.0,44.0,46.0,43.0,48.0
2011-10,MUN,MG|UNAI,glp,14,43.0,43.0,43.0,43.0,43.0
2011-10,MUN,MG|VARGINHA,glp,16,40.0,38.0,40.0,35.0,40.0
2011-10,MUN,MG|VESPASIANO,glp,15,42.0,40.0,44.0,39.5,44.0
2011-10,MUN,MG|VICOSA,glp,3,43.0,39.0,43.0,38.0,43.0
2011-10,MUN,MS|BATAYPORA,glp,2,45.5,45.1,45.9,45.0,46.0
2011-10,MUN,MS|CAMPO GRANDE,glp,410,48.0,45.0,49.0,40.0,50.0
2011-10,MUN,MS|CORUMBA,glp,8,47.0,46.4,47.0,45.0,47.0
2011-10,MUN,MS|COXIM,glp,12,51.5,50.0,52.0,48.0,52.5
2011-10,MUN,MS|DOURADOS,glp,66,46.0,45.0,48.0,40.45,49.0
2011-10,MUN,MS|NOVA ANDRADINA,glp,18,45.0,43.0,45.0,43.0,45.0
2011-10,MUN,MS|PARANAIBA,glp,17,45.0,45.0,45.0,44.0,45.0
2011-10,MUN,MS|PONTA PORA,glp,5,45.0,43.2,46.0,42.0,46.0
2011-10,MUN,MS|TRES LAGOAS,glp,19,40.0,40.0,42.0,38.0,42.0
2011-10,MUN,MT|ALTA FLORESTA,glp,9,50.0,50.0,51.2,50.0,52.0
2011-10,MUN,MT|CACERES,glp,11,44.9,43.0,46.0,42.0,48.5
2011-10,MUN,MT|CUIABA,glp,54,48.0,45.0,50.0,43.0,53.9
2011-10,MUN,MT|NOVA MUTUM,glp,1,48.0,48.0,48.0,48.0,48.0
2011-10,MUN,MT|RONDONOPOLIS,glp,11,48.0,48.0,50.0,46.0,50.0
2011-10,MUN,MT|SINOP,glp,14,49.0,48.0,50.0,47.0,50.0
2011-10,MUN,MT|SORRISO,glp,11,50.0,47.0,51.0,45.0,51.0
2011-10,MUN,MT|VARZEA GRANDE,glp,15,45.0,44.0,46.6,44.0,47.0
2011-10,MUN,PA|ABAETETUBA,glp,6,38.5,38.0,39.0,38.0,39.0
2011-10,MUN,PA|ALENQUER,glp,5,43.0,40.0,43.6,40.0,44.0
2011-10,MUN,PA|ALTAMIRA,glp,10,46.0,45.0,46.0,45.0,46.0
2011-10,MUN,PA|ANANINDEUA,glp,31,38.0,38.0,39.0,37.0,40.0
2011-10,MUN,PA|BELEM,glp,87,40.0,35.6,40.0,33.0,45.0
2011-10,MUN,PA|BRAGANCA,glp,6,44.0,43.0,46.0,43.0,47.0
2011-10,MUN,PA|BREVES,glp,3,43.0,41.4,44.6,41.0,45.0
2011-10,MUN,PA|CAMETA,glp,7,45.0,45.0,45.0,45.0,45.0
2011-10,MUN,PA|CASTANHAL,glp,8,39.5,39.0,40.0,39.0,40.0
2011-10,MUN,PA|CONCEICAO DO ARAGUAIA,glp,7,45.0,44.2,46.6,43.0,47.5
2011-10,MUN,PA|CONCORDIA DO PARA,glp,1,45.0,45.0,45.0,45.0,45.0
2011-10,MUN,PA|ITAITUBA,glp,8,40.0,40.0,40.6,40.0,42.0
2011-10,MUN,PA|MARABA,glp,2,40.5,40.1,40.9,40.0,41.0
2011-10,MUN,PA|PARAGOMINAS,glp,5,48.0,48.0,49.2,48.0,50.0
2011-10,MUN,PA|PARAUAPEBAS,glp,6,48.0,46.5,48.5,46.0,49.0
2011-10,MUN,PA|REDENCAO,glp,6,44.0,43.0,45.0,43.0,45.0
2011-10,MUN,PA|SANTAREM,glp,26,42.0,40.4,43.5,40.0,44.0
2011-10,MUN,PA|TUCURUI,glp,5,35.0,35.0,35.0,35.0,35.0
2011-10,MUN,PA|XINGUARA,glp,7,47.0,45.6,48.0,45.0,48.0
2011-10,MUN,PB|BAYEUX,glp,10,35.0,33.0,35.0,33.0,35.0
2011-10,MUN,PB|CABEDELO,glp,7,35.0,33.0,35.0,33.0,35.0
2011-10,MUN,PB|CAMPINA GRANDE,glp,38,35.0,35.0,35.0,35.0,35.0
2011-10,MUN,PB|GUARABIRA,glp,1,35.0,35.0,35.0,35.0,35.0
2011-10,MUN,PB|INGA,glp,1,35.0,35.0,35.0,35.0,35.0
2011-10,MUN,PB|ITABAIANA,glp,1,35.0,35.0,35.0,35.0,35.0
2011-10,MUN,PB|JOAO PESSOA,glp,45,33.0,33.0,35.0,31.0,37.0
2011-10,MUN,PB|MAMANGUAPE,glp,3,33.0,32.2,34.6,32.0,35.0
2011-10,MUN,PB|PATOS,glp,7,35.0,34.0,35.0,34.0,35.0
2011-10,MUN,PB|SANTA RITA,glp,13,35.0,33.0,35.0,33.0,35.0
2011-10,MUN,PB|SAPE,glp,3,34.0,33.2,34.8,33.0,35.0
2011-10,MUN,PB|SOUSA,glp,6,32.0,31.0,33.0,30.0,33.0
2011-10,MUN,PE|ABREU E LIMA,glp,7,33.0,32.8,33.0,32.5,33.0
2011-10,MUN,PE|AFOGADOS DA INGAZEIRA,glp,4,38.0,38.0,39.4,38.0,40.0
2011-10,MUN,PE|AGUAS BELAS,glp,1,38.0,38.0,38.0,38.0,38.0
2011-10,MUN,PE|ARARIPINA,glp,4,37.0,37.0,37.0,37.0,37.0
2011-10,MUN,PE|ARCOVERDE,glp,4,36.0,36.0,36.7,36.0,37.0
2011-10,MUN,PE|BELO JARDIM,glp,6,37.0,36.0,37.0,36.0,37.0
2011-10,MUN,PE|BEZERROS,glp,1,36.0,36.0,36.0,36.0,36.0
2011-10,MUN,PE|BOM CONSELHO,glp,4,37.0,36.3,37.0,36.0,37.0
2011-10,MUN,PE|CABO DE SANTO AGOSTINHO,glp,9,33.0,32.4,33.495,32.0,33.495
2011-10,MUN,PE|CACHOEIRINHA,glp,1,36.0,36.0,36.0,36.0,36.0
2011-10,MUN,PE|CAMARAGIBE,glp,13,33.0,33.0,34.72,33.0,40.0
2011-10,MUN,PE|CARUARU,glp,23,35.0,30.0,37.0,28.0,38.0
2011-10,MUN,PE|GARANHUNS,glp,7,36.0,36.0,36.0,36.0,36.0
2011-10,MUN,PE|GOIANA,glp,5,35.0,30.2,35.0,29.0,35.0
2011-10,MUN,PE|GRAVATA,glp,6,35.0,30.0,36.5,30.0,38.0
2011-10,MUN,PE|IGARASSU,glp,15,33.0,32.995,33.3,32.5,34.5
2011-10,MUN,PE|JABOATAO DOS GUARARAPES,glp,55,35.0,34.0,38.0,32.0,38.0
2011-10,MUN,PE|LAJEDO,glp,6,36.0,36.0,36.0,36.0,36.0
2011-10,MUN,PE|LIMOEIRO,glp,1,33.0,33.0,33.0,33.0,33.0
2011-10,MUN,PE|MORENO,glp,1,38.0,38.0,38.0,38.0,38.0
2011-10,MUN,PE|OLINDA,glp,39,33.0,31.0,35.0,30.0,36.0
2011-10,MUN,PE|PAULISTA,glp,10,35.5,31.8,38.0,30.0,38.0
2011-10,MUN,PE|PETROLINA,glp,17,35.0,35.0,35.0,35.0,38.0
2011-10,MUN,PE|RECIFE,glp,106,35.0,32.5,36.5,30.0,40.0
2011-10,MUN,PE|SALGUEIRO,glp,4,38.0,38.0,38.0,38.0,38.0
2011-10,MUN,PE|SANTA CRUZ DO CAPIBARIBE,glp,5,36.0,36.0,36.0,36.0,36.0
2011-10,MUN,PE|SAO BENTO DO UNA,glp,6,36.0,36.0,36.0,36.0,36.0
2011-10,MUN,PE|SAO LOURENCO DA MATA,glp,12,33.0,32.55,33.0,32.5,35.5
2011-10,MUN,PE|SERRA TALHADA,glp,4,40.0,40.0,40.0,40.0,40.0
2011-10,MUN,PE|VITORIA DE SANTO ANTAO,glp,13,40.0,37.5,40.0,37.5,40.0
2011-10,MUN,PI|BARRAS,glp,2,42.0,42.0,42.0,42.0,42.0
2011-10,MUN,PI|CAMPO MAIOR,glp,4,43.0,43.0,43.0,43.0,43.0
2011-10,MUN,PI|OEIRAS,glp,5,40.0,40.0,40.6,40.0,41.0
2011-10,MUN,PI|PARNAIBA,glp,5,42.0,40.4,42.0,40.0,42.0
2011-10,MUN,PI|PICOS,glp,3,38.0,38.0,38.0,38.0,38.0
2011-10,MUN,PI|PIRIPIRI,glp,4,41.0,40.3,41.0,40.0,41.0
2011-10,MUN,PI|TERESINA,glp,52,40.0,40.0,40.0,34.99,40.0
2011-10,MUN,PR|ALMIRANTE TAMANDARE,glp,10,38.625,38.0,39.1,38.0,40.0
2011-10,MUN,PR|APUCARANA,glp,18,40.0,38.7,40.0,38.0,40.0
2011-10,MUN,PR|ARAPONGAS,glp,17,40.0,38.0,40.0,38.0,40.0
2011-10,MUN,PR|ARAUCARIA,glp,13,37.0,36.0,39.0,36.0,41.0
2011-10,MUN,PR|ASSIS CHATEAUBRIAND,glp,4,35.0,35.0,35.63,35.0,35.9
2011-10,MUN,PR|CAMBE,glp,30,40.0,39.0,41.0,39.0,42.0
2011-10,MUN,PR|CAMPO LARGO,glp,18,37.0,36.0,38.0,35.9,38.0
2011-10,MUN,PR|CAMPO MOURAO,glp,11,43.0,40.0,45.0,40.0,45.0
2011-10,MUN,PR|CASCAVEL,glp,68,42.0,41.5,43.0,41.0,43.0
2011-10,MUN,PR|CASTRO,glp,9,38.0,36.8,40.0,36.0,40.0
2011-10,MUN,PR|CIANORTE,glp,15,42.0,40.0,43.6,40.0,45.0
2011-10,MUN,PR|COLOMBO,glp,24,37.0,36.0,38.75,36.0,39.0
2011-10,MUN,PR|CORNELIO PROCOPIO,glp,6,40.0,40.0,40.0,40.0,40.0
2011-10,MUN,PR|CURITIBA,glp,121,36.0,35.0,37.0,34.0,38.0
2011-10,MUN,PR|FOZ DO IGUACU,glp,64,49.0,48.0,49.0,40.0,49.0
2011-10,MUN,PR|FRANCISCO BELTRAO,glp,7,35.0,33.96,37.6,33.9,40.0
2011-10,MUN,PR|GUAIRA,glp,1,40.0,40.0,40.0,40.0,40.0
2011-10,MUN,PR|GUARAPUAVA,glp,14,39.0,37.3,40.0,37.0,40.0
2011-10,MUN,PR|IBIPORA,glp,1,41.0,41.0,41.0,41.0,41.0
2011-10,MUN,PR|LARANJEIRAS DO SUL,glp,7,40.0,39.2,42.36,38.0,42.9
2011-10,MUN,PR|LONDRINA,glp,106,40.0,40.0,41.0,40.0,41.1
2011-10,MUN,PR|MARECHAL CANDIDO RONDON,glp,6,45.0,45.0,48.0,45.0,48.0
2011-10,MUN,PR|MARINGA,glp,40,45.0,45.0,45.0,43.0,47.0
2011-10,MUN,PR|MEDIANEIRA,glp,1,48.0,48.0,48.0,48.0,48.0
2011-10,MUN,PR|PARANAGUA,glp,26,38.0,35.0,39.5,33.0,40.0
2011-10,MUN,PR|PARANAVAI,glp,13,42.0,40.0,43.0,40.0,43.5
2011-10,MUN,PR|PATO BRANCO,glp,13,42.0,42.0,42.0,42.0,42.0
2011-10,MUN,PR|PINHAIS,glp,16,37.0,36.0,38.0,35.0,39.0
2011-10,MUN,PR|PONTA GROSSA,glp,33,36.0,36.0,37.0,35.0,38.0
2011-10,MUN,PR|SANTO ANTONIO DA PLATINA,glp,16,40.0,39.5,40.0,38.0,41.0
2011-10,MUN,PR|SAO JOSE DOS PINHAIS,glp,17,38.0,36.6,39.0,35.5,40.0
2011-10,MUN,PR|TERRA BOA,glp,1,45.0,45.0,45.0,45.0,45.0
2011-10,MUN,PR|TOLEDO,glp,22,38.0,35.0,40.0,31.9,43.0
2011-10,MUN,PR|UMUARAMA,glp,15,39.45,38.0,40.0,37.0,40.0
2011-10,MUN,PR|UNIAO DA VITORIA,glp,4,43.0,42.3,44.4,42.0,45.0
2011-10,MUN,RJ|ANGRA DOS REIS,glp,5,40.0,39.0,43.2,39.0,44.0
2011-10,MUN,RJ|ARARUAMA,glp,7,36.0,34.6,38.196,34.0,39.99
2011-10,MUN,RJ|ARMACAO DOS BUZIOS,glp,1,36.9,36.9,36.9,36.9,36.9
2011-10,MUN,RJ|BARRA DO PIRAI,glp,4,38.0,37.3,40.8,37.0,42.0
2011-10,MUN,RJ|BARRA MANSA,glp,13,39.0,35.4,40.0,35.0,42.0
2011-10,MUN,RJ|BELFORD ROXO,glp,6,36.5,35.0,38.0,35.0,38.0
2011-10,MUN,RJ|CABO FRIO,glp,4,34.5,32.6,35.7,32.0,36.0
2011-10,MUN,RJ|CAMPOS DOS GOYTACAZES,glp,21,40.0,40.0,40.0,38.0,42.0
2011-10,MUN,RJ|DUQUE DE CAXIAS,glp,55,39.0,35.0,40.0,34.0,41.0
2011-10,MUN,RJ|ITABORAI,glp,5,38.0,36.4,39.2,36.0,40.0
2011-10,MUN,RJ|ITAGUAI,glp,4,39.2,37.5,39.78,36.9,39.9
2011-10,MUN,RJ|ITAPERUNA,glp,3,38.0,36.4,39.6,36.0,40.0
2011-10,MUN,RJ|MACAE,glp,4,39.0,38.0,40.0,38.0,40.0
2011-10,MUN,RJ|MAGE,glp,3,38.0,38.0,39.6,38.0,40.0
2011-10,MUN,RJ|MANGARATIBA,glp,1,39.9,39.9,39.9,39.9,39.9
2011-10,MUN,RJ|MARICA,glp,5,38.0,37.4,39.0,37.0,39.0
2011-10,MUN,RJ|NILOPOLIS,glp,4,40.0,40.0,40.0,40.0,40.0
2011-10,MUN,RJ|NITEROI,glp,15,38.0,37.4,40.0,36.0,40.0
2011-10,MUN,RJ|NOVA FRIBURGO,glp,6,39.0,38.5,40.0,38.0,40.0
2011-10,MUN,RJ|NOVA IGUACU,glp,21,36.0,32.99,38.0,32.0,40.0
2011-10,MUN,RJ|PARAIBA DO SUL,glp,3,40.0,38.4,40.8,38.0,41.0
2011-10,MUN,RJ|PARATY,glp,1,42.0,42.0,42.0,42.0,42.0
2011-10,MUN,RJ|PETROPOLIS,glp,9,40.0,37.5,42.0,35.9,42.0
2011-10,MUN,RJ|RESENDE,glp,6,38.0,38.0,38.0,38.0,38.0
2011-10,MUN,RJ|RIO BONITO,glp,4,39.0,39.0,39.0,39.0,39.0
2011-10,MUN,RJ|RIO DAS OSTRAS,glp,1,40.0,40.0,40.0,40.0,40.0
2011-10,MUN,RJ|RIO DE JANEIRO,glp,92,36.0,34.0,40.0,31.99,43.0
2011-10,MUN,RJ|SANTO ANTONIO DE PADUA,glp,2,35.0,35.0,35.0,35.0,35.0
2011-10,MUN,RJ|SAO FRANCISCO DE ITABAPOANA,glp,2,38.0,38.0,38.0,38.0,38.0
2011-10,MUN,RJ|SAO GONCALO,glp,25,37.0,36.0,39.0,35.0,40.0
2011-10,MUN,RJ|SAO JOAO DE MERITI,glp,7,38.0,37.2,38.8,36.0,40.0
2011-10,MUN,RJ|SAPUCAIA,glp,2,39.5,39.1,39.9,39.0,40.0
2011-10,MUN,RJ|SAQUAREMA,glp,5,34.9,32.794,35.6,31.99,36.0
2011-10,MUN,RJ|TERESOPOLIS,glp,7,40.0,39.6,40.0,39.0,40.0
2011-10,MUN,RJ|TRES RIOS,glp,3,40.0,38.4,40.0,38.0,40.0
2011-10,MUN,RJ|VALENCA,glp,4,38.5,37.3,39.7,37.0,40.0
2011-10,MUN,RJ|VASSOURAS,glp,2,40.0,40.0,40.0,40.0,40.0
2011-10,MUN,RJ|VOLTA REDONDA,glp,7,38.0,35.0,40.0,35.0,40.0
2011-10,MUN,RN|CAICARA DO NORTE,glp,1,40.0,40.0,40.0,40.0,40.0
2011-10,MUN,RN|CAICO,glp,5,37.0,35.4,38.0,35.0,38.0
2011-10,MUN,RN|CURRAIS NOVOS,glp,4,36.5,34.3,38.0,34.0,38.0
2011-10,MUN,RN|MOSSORO,glp,5,36.0,35.0,36.57,35.0,36.95
2011-10,MUN,RN|NATAL,glp,76,40.0,39.0,40.0,37.0,42.0
2011-10,MUN,RN|PARNAMIRIM,glp,19,39.5,37.4,41.2,36.0,42.0
2011-10,MUN,RN|SAO JOSE DE MIPIBU,glp,3,40.0,40.0,40.0,40.0,40.0
2011-10,MUN,RN|SERRA DO MEL,glp,1,40.0,40.0,40.0,40.0,40.0
2011-10,MUN,RO|ARIQUEMES,glp,8,42.0,42.0,42.0,42.0,42.0
2011-10,MUN,RO|CACOAL,glp,6,42.0,42.0,43.0,42.0,43.0
2011-10,MUN,RO|GUAJARA-MIRIM,glp,6,42.5,42.0,43.0,42.0,43.0
2011-10,MUN,RO|JI-PARANA,glp,12,38.0,37.0,39.0,37.0,39.0
2011-10,MUN,RO|PIMENTA BUENO,glp,5,42.0,42.0,44.0,42.0,44.0
2011-10,MUN,RO|PORTO VELHO,glp,70,38.0,37.0,40.0,37.0,40.0
2011-10,MUN,RO|SAO MIGUEL DO GUAPORE,glp,3,45.0,45.0,45.0,45.0,45.0
2011-10,MUN,RO|VILHENA,glp,8,42.5,42.0,43.0,42.0,43.0
2011-10,MUN,RR|BOA VISTA,glp,32,43.0,42.0,44.0,42.0,46.0
2011-10,MUN,RR|CANTA,glp,2,42.0,40.4,43.6,40.0,44.0
2011-10,MUN,RR|CARACARAI,glp,2,46.5,46.1,46.9,46.0,47.0
2011-10,MUN,RR|RORAINOPOLIS,glp,2,43.5,42.3,44.7,42.0,45.0
2011-10,MUN,RS|ALEGRETE,glp,12,37.0,35.55,39.9,34.9,40.0
2011-10,MUN,RS|ALVORADA,glp,13,40.0,38.4,41.6,35.0,42.0
2011-10,MUN,RS|BAGE,glp,29,38.0,38.0,39.2,36.0,42.0
2011-10,MUN,RS|BENTO GONCALVES,glp,10,42.0,41.89,45.0,40.9,45.0
2011-10,MUN,RS|CACAPAVA DO SUL,glp,15,43.0,42.4,43.0,40.0,43.0
2011-10,MUN,RS|CACHOEIRA DO SUL,glp,18,39.5,38.0,40.6,38.0,44.0
2011-10,MUN,RS|CACHOEIRINHA,glp,11,40.0,38.0,40.0,38.0,41.0
2011-10,MUN,RS|CANOAS,glp,28,40.0,38.0,42.0,37.0,42.0
2011-10,MUN,RS|CAXIAS DO SUL,glp,70,40.0,39.0,42.0,36.0,45.0
2011-10,MUN,RS|CHUI,glp,5,33.0,31.4,34.2,31.0,35.0
2011-10,MUN,RS|CRUZ ALTA,glp,7,36.0,34.0,38.2,34.0,40.0
2011-10,MUN,RS|DAVID CANABARRO,glp,1,41.0,41.0,41.0,41.0,41.0
2011-10,MUN,RS|ERECHIM,glp,19,45.0,44.0,46.0,43.0,46.0
2011-10,MUN,RS|ESTEIO,glp,13,39.0,38.0,40.0,38.0,40.0
2011-10,MUN,RS|GRAMADO,glp,8,41.0,40.0,42.9,40.0,45.0
2011-10,MUN,RS|GRAVATAI,glp,28,40.0,39.5,41.0,39.0,42.0
2011-10,MUN,RS|GUAIBA,glp,15,40.0,39.9,40.0,39.0,42.0
2011-10,MUN,RS|IJUI,glp,5,41.0,40.0,42.0,40.0,42.0
2011-10,MUN,RS|JAGUARAO,glp,10,33.0,33.0,34.2,33.0,36.0
2011-10,MUN,RS|LAJEADO,glp,12,40.0,40.0,40.0,39.0,40.0
2011-10,MUN,RS|NOVO HAMBURGO,glp,22,37.0,35.1,38.9,32.0,40.0
2011-10,MUN,RS|OSORIO,glp,14,40.0,40.0,42.0,40.0,43.0
2011-10,MUN,RS|PALMEIRA DAS MISSOES,glp,7,41.0,38.6,43.0,38.0,43.0
2011-10,MUN,RS|PASSO FUNDO,glp,67,40.0,37.0,43.0,35.0,46.0
2011-10,MUN,RS|PELOTAS,glp,37,37.0,35.0,38.4,34.0,40.0
2011-10,MUN,RS|PORTO ALEGRE,glp,65,40.0,37.0,40.0,35.0,42.0
2011-10,MUN,RS|RIO GRANDE,glp,36,37.0,35.0,38.0,35.0,38.0
2011-10,MUN,RS|SANTA CRUZ DO SUL,glp,20,40.0,37.95,43.1,37.0,45.0
2011-10,MUN,RS|SANTA MARIA,glp,92,38.0,36.05,40.45,33.0,43.0
2011-10,MUN,RS|SANTA ROSA,glp,11,38.0,38.0,39.0,37.0,39.0
2011-10,MUN,RS|SANTA VITORIA DO PALMAR,glp,9,36.0,36.0,38.0,36.0,38.0
2011-10,MUN,RS|SANTANA DO LIVRAMENTO,glp,19,37.0,37.0,37.0,37.0,38.0
2011-10,MUN,RS|SANTO ANGELO,glp,15,40.0,40.0,42.0,39.0,44.0
2011-10,MUN,RS|SAO BORJA,glp,8,40.0,38.7,42.15,38.0,42.5
2011-10,MUN,RS|SAO GABRIEL,glp,17,42.0,38.0,44.4,36.0,45.0
2011-10,MUN,RS|SAO LEOPOLDO,glp,18,38.0,36.0,40.0,35.0,40.0
2011-10,MUN,RS|SAO LUIZ GONZAGA,glp,5,40.0,39.0,43.8,39.0,45.0
2011-10,MUN,RS|SAPIRANGA,glp,11,40.0,40.0,42.0,40.0,42.0
2011-10,MUN,RS|SAPUCAIA DO SUL,glp,26,40.0,38.5,41.5,36.0,42.0
2011-10,MUN,RS|TORRES,glp,5,40.0,38.2,41.8,37.0,43.0
2011-10,MUN,RS|TRAMANDAI,glp,12,40.0,40.0,40.0,40.0,43.0
2011-10,MUN,RS|URUGUAIANA,glp,15,40.0,40.0,42.0,39.0,42.0
2011-10,MUN,RS|VACARIA,glp,9,39.5,35.0,40.0,35.0,40.0
2011-10,MUN,RS|VIAMAO,glp,18,40.0,37.63,42.0,35.0,42.0
2011-10,MUN,SC|ARARANGUA,glp,4,40.0,40.0,41.4,40.0,42.0
2011-10,MUN,SC|BALNEARIO CAMBORIU,glp,3,45.0,45.0,46.2,45.0,46.5
2011-10,MUN,SC|BIGUACU,glp,3,46.0,46.0,46.8,46.0,47.0
2011-10,MUN,SC|BLUMENAU,glp,22,42.0,40.0,43.0,39.0,45.0
2011-10,MUN,SC|BRUSQUE,glp,5,40.0,38.0,44.7,38.0,46.5
2011-10,MUN,SC|CACADOR,glp,3,45.0,43.4,45.0,43.0,45.0
2011-10,MUN,SC|CHAPECO,glp,16,42.0,41.5,44.0,40.0,45.0
2011-10,MUN,SC|CONCORDIA,glp,4,38.0,38.0,38.7,38.0,39.0
2011-10,MUN,SC|CRICIUMA,glp,10,42.0,38.9,45.0,38.0,45.0
2011-10,MUN,SC|FLORIANOPOLIS,glp,82,44.0,42.0,45.0,41.0,48.5
2011-10,MUN,SC|GASPAR,glp,1,43.0,43.0,43.0,43.0,43.0
2011-10,MUN,SC|ITAJAI,glp,22,40.0,39.0,42.0,38.0,42.0
2011-10,MUN,SC|JARAGUA DO SUL,glp,8,42.5,39.4,45.0,38.0,45.0
2011-10,MUN,SC|JOINVILLE,glp,28,40.0,39.0,42.0,38.5,43.0
2011-10,MUN,SC|LAGES,glp,7,43.0,41.2,44.4,40.0,45.0
2011-10,MUN,SC|LAGUNA,glp,5,39.0,38.0,40.0,38.0,40.0
2011-10,MUN,SC|MAFRA,glp,4,37.0,36.3,37.7,36.0,38.0
2011-10,MUN,SC|PALHOCA,glp,10,45.0,44.0,47.0,44.0,47.0
2011-10,MUN,SC|SAO JOSE,glp,14,44.0,42.3,45.0,42.0,46.0
2011-10,MUN,SC|SAO MIGUEL DO OESTE,glp,3,36.0,36.0,38.4,36.0,39.0
2011-10,MUN,SC|TUBARAO,glp,8,35.0,35.0,37.15,35.0,37.5
2011-10,MUN,SC|VIDEIRA,glp,5,40.0,40.0,43.0,40.0,45.0
2011-10,MUN,SC|XANXERE,glp,5,44.0,44.0,44.0,44.0,44.0
2011-10,MUN,SE|ARACAJU,glp,26,35.0,35.0,37.0,35.0,37.0
2011-10,MUN,SE|ITABAIANA,glp,4,38.0,37.3,38.0,37.0,38.0
2011-10,MUN,SE|ITABAIANINHA,glp,3,33.0,33.0,34.2,33.0,34.5
2011-10,MUN,SE|LAGARTO,glp,4,37.0,37.0,37.7,37.0,38.0
2011-10,MUN,SE|NOSSA SENHORA DO SOCORRO,glp,9,35.0,35.0,35.6,35.0,38.0
2011-10,MUN,SE|SIMAO DIAS,glp,4,35.0,35.0,37.1,35.0,38.0
2011-10,MUN,SE|TOBIAS BARRETO,glp,4,35.0,35.0,35.35,35.0,35.5
2011-10,MUN,SP|ADAMANTINA,glp,12,38.0,37.05,38.0,35.0,38.0
2011-10,MUN,SP|AMERICANA,glp,24,41.5,40.0,42.0,39.99,44.0
2011-10,MUN,SP|AMPARO,glp,6,39.0,37.5,41.9,37.0,42.8
2011-10,MUN,SP|APIAI,glp,2,39.0,39.0,39.0,39.0,39.0
2011-10,MUN,SP|ARACATUBA,glp,43,37.0,34.6,38.0,34.0,40.0
2011-10,MUN,SP|ARARAQUARA,glp,15,39.0,38.0,40.0,34.99,40.0
2011-10,MUN,SP|ARARAS,glp,6,36.5,36.5,37.85,36.5,37.9
2011-10,MUN,SP|ASSIS,glp,15,40.0,39.0,40.0,38.0,40.5
2011-10,MUN,SP|ATIBAIA,glp,24,38.0,37.0,40.0,36.0,40.0
2011-10,MUN,SP|AVARE,glp,11,40.0,39.9,40.0,38.0,42.0
2011-10,MUN,SP|BARRETOS,glp,18,35.0,33.0,36.0,33.0,37.3
2011-10,MUN,SP|BARUERI,glp,35,39.0,35.99,42.0,33.99,43.0
2011-10,MUN,SP|BAURU,glp,65,38.0,35.0,41.0,34.5,41.0
2011-10,MUN,SP|BEBEDOURO,glp,22,35.0,34.09,39.71,34.0,40.0
2011-10,MUN,SP|BIRIGUI,glp,24,32.0,30.0,37.4,29.9,38.0
2011-10,MUN,SP|BOTUCATU,glp,15,45.0,43.8,45.0,43.0,45.0
2011-10,MUN,SP|BRAGANCA PAULISTA,glp,22,36.0,31.1,37.0,29.99,38.0
2011-10,MUN,SP|CACAPAVA,glp,19,37.0,32.0,38.0,31.99,38.0
2011-10,MUN,SP|CAMPINAS,glp,80,38.0,35.5,41.905,33.0,42.0
2011-10,MUN,SP|CAMPOS DO JORDAO,glp,9,37.0,35.8,37.2,31.0,38.0
2011-10,MUN,SP|CAPAO BONITO,glp,4,37.5,36.3,38.0,36.0,38.0
2011-10,MUN,SP|CARAGUATATUBA,glp,15,40.0,39.0,40.0,37.9,42.0
2011-10,MUN,SP|CARAPICUIBA,glp,28,34.495,33.99,39.927,33.99,41.99
2011-10,MUN,SP|CATANDUVA,glp,16,38.0,37.0,38.0,35.0,40.0
2011-10,MUN,SP|COSMOPOLIS,glp,11,38.0,38.0,39.0,37.0,39.0
2011-10,MUN,SP|COTIA,glp,11,37.0,35.0,41.0,35.0,41.0
2011-10,MUN,SP|CRUZEIRO,glp,14,36.5,34.65,37.0,34.0,37.0
2011-10,MUN,SP|CUBATAO,glp,7,38.4,37.6,40.0,37.0,40.0
2011-10,MUN,SP|DIADEMA,glp,36,35.0,31.45,38.95,30.0,40.0
2011-10,MUN,SP|DRACENA,glp,10,45.0,44.7,45.2,42.0,47.0
2011-10,MUN,SP|EMBU DAS ARTES,glp,5,38.0,35.8,38.0,35.0,38.0
2011-10,MUN,SP|FERNANDOPOLIS,glp,1,38.0,38.0,38.0,38.0,38.0
2011-10,MUN,SP|FERRAZ DE VASCONCELOS,glp,10,38.0,35.899,39.1,34.99,40.0
2011-10,MUN,SP|FRANCA,glp,49,39.9,38.0,40.0,35.0,41.0
2011-10,MUN,SP|FRANCISCO MORATO,glp,13,42.0,40.0,42.0,40.0,44.0
2011-10,MUN,SP|FRANCO DA ROCHA,glp,7,40.0,37.996,44.0,37.99,44.0
2011-10,MUN,SP|GARCA,glp,11,40.0,38.0,40.0,38.0,40.0
2011-10,MUN,SP|GUARATINGUETA,glp,17,33.0,30.0,39.696,30.0,40.0
2011-10,MUN,SP|GUARUJA,glp,10,40.9,35.799,43.0,33.99,43.9
2011-10,MUN,SP|GUARULHOS,glp,59,38.5,35.4,42.0,32.0,43.0
2011-10,MUN,SP|HORTOLANDIA,glp,21,37.0,36.0,40.0,35.0,42.0
2011-10,MUN,SP|IBITINGA,glp,10,40.0,38.0,41.1,38.0,42.0
2011-10,MUN,SP|INDAIATUBA,glp,23,42.0,40.0,42.0,39.5,43.0
2011-10,MUN,SP|ITANHAEM,glp,13,37.0,37.0,38.8,35.0,39.0
2011-10,MUN,SP|ITAPECERICA DA SERRA,glp,6,40.0,36.995,40.0,35.99,40.0
2011-10,MUN,SP|ITAPETININGA,glp,16,35.0,35.0,37.5,33.0,40.0
2011-10,MUN,SP|ITAPEVA,glp,6,40.0,39.0,40.5,38.0,41.0
2011-10,MUN,SP|ITAPEVI,glp,7,35.99,33.996,37.994,33.99,38.0
2011-10,MUN,SP|ITAPIRA,glp,4,37.0,37.0,37.0,37.0,37.0
2011-10,MUN,SP|ITAPOLIS,glp,17,40.0,38.3,40.0,37.0,41.0
2011-10,MUN,SP|ITAQUAQUECETUBA,glp,21,38.0,35.0,40.0,33.99,40.0
2011-10,MUN,SP|ITATIBA,glp,11,38.0,36.0,38.0,36.0,39.0
2011-10,MUN,SP|ITU,glp,11,37.0,34.0,38.0,33.0,38.0
2011-10,MUN,SP|JABOTICABAL,glp,22,38.0,37.0,40.0,36.0,42.0
2011-10,MUN,SP|JACAREI,glp,13,38.0,35.0,39.8,35.0,41.0
2011-10,MUN,SP|JALES,glp,12,38.0,37.1,39.35,35.0,40.0
2011-10,MUN,SP|JANDIRA,glp,16,38.0,37.993,40.0,36.0,40.0
2011-10,MUN,SP|JAU,glp,13,38.0,35.0,39.6,35.0,40.0
2011-10,MUN,SP|JOSE BONIFACIO,glp,16,37.0,36.0,39.25,34.9,39.9
2011-10,MUN,SP|JUNDIAI,glp,16,37.0,37.0,39.0,37.0,40.0
2011-10,MUN,SP|LEME,glp,20,36.0,34.86,37.0,32.0,37.0
2011-10,MUN,SP|LIMEIRA,glp,20,36.0,35.0,38.199,33.99,39.99
2011-10,MUN,SP|LINS,glp,22,34.0,30.15,35.0,30.0,36.0
2011-10,MUN,SP|LORENA,glp,16,34.0,31.0,35.0,30.0,35.0
2011-10,MUN,SP|MARILIA,glp,15,40.0,35.9,41.2,34.0,42.0
2011-10,MUN,SP|MATAO,glp,17,41.0,39.6,42.0,38.0,45.0
2011-10,MUN,SP|MAUA,glp,42,42.0,37.991,44.9,32.0,47.0
2011-10,MUN,SP|MIRASSOL,glp,14,36.0,35.0,38.0,35.0,39.99
2011-10,MUN,SP|MOCOCA,glp,12,42.0,40.1,42.0,39.0,42.0
2011-10,MUN,SP|MOGI DAS CRUZES,glp,49,39.9,37.0,42.0,36.0,43.0
2011-10,MUN,SP|MOGI GUACU,glp,17,38.0,37.0,38.0,35.0,39.0
2011-10,MUN,SP|MOGI MIRIM,glp,11,38.0,37.0,38.0,37.0,40.0
2011-10,MUN,SP|MONTE ALTO,glp,12,42.0,38.2,45.8,38.0,46.0
2011-10,MUN,SP|OLIMPIA,glp,13,35.0,31.0,35.0,31.0,35.0
2011-10,MUN,SP|OSASCO,glp,81,36.99,33.99,41.0,33.0,45.9
2011-10,MUN,SP|OURINHOS,glp,23,39.0,35.0,41.0,35.0,41.0
2011-10,MUN,SP|PARAGUACU PAULISTA,glp,13,40.0,35.0,42.0,34.9,42.0
2011-10,MUN,SP|PAULICEIA,glp,1,37.0,37.0,37.0,37.0,37.0
2011-10,MUN,SP|PAULINIA,glp,21,36.0,35.0,38.0,31.0,38.0
2011-10,MUN,SP|PINDAMONHANGABA,glp,19,37.0,34.98,38.0,34.9,39.0
2011-10,MUN,SP|PIRACICABA,glp,34,40.0,38.3,42.0,35.0,42.0
2011-10,MUN,SP|PIRASSUNUNGA,glp,12,35.5,34.9,38.0,34.0,38.0
2011-10,MUN,SP|POA,glp,10,38.0,36.0,38.2,36.0,40.0
2011-10,MUN,SP|PORTO FERREIRA,glp,8,34.0,32.8,35.3,30.0,36.0
2011-10,MUN,SP|PRAIA GRANDE,glp,21,40.0,36.0,43.0,34.485,46.0
2011-10,MUN,SP|PRESIDENTE PRUDENTE,glp,60,39.0,36.0,40.0,35.0,43.9
2011-10,MUN,SP|PRESIDENTE VENCESLAU,glp,14,37.0,34.3,39.7,34.0,41.9
2011-10,MUN,SP|RIBEIRAO PIRES,glp,13,42.9,39.92,43.0,38.9,44.0
2011-10,MUN,SP|RIBEIRAO PRETO,glp,118,42.0,40.0,42.0,37.5,45.0
2011-10,MUN,SP|RIO CLARO,glp,8,35.0,35.0,35.0,35.0,35.0
2011-10,MUN,SP|SALTO,glp,15,40.0,35.0,41.0,34.0,42.0
2011-10,MUN,SP|SANTA BARBARA D'OESTE,glp,23,41.0,38.1,42.0,38.0,42.0
2011-10,MUN,SP|SANTA CRUZ DO RIO PARDO,glp,13,37.0,37.0,38.0,35.0,38.6
2011-10,MUN,SP|SANTO ANDRE,glp,36,41.0,37.25,43.95,34.99,45.0
2011-10,MUN,SP|SANTOS,glp,34,38.25,36.0,41.5,35.0,43.0
2011-10,MUN,SP|SAO BERNARDO DO CAMPO,glp,51,40.0,37.0,43.0,34.0,45.0
2011-10,MUN,SP|SAO CAETANO DO SUL,glp,8,40.995,40.0,44.23,40.0,45.0
2011-10,MUN,SP|SAO CARLOS,glp,16,37.95,36.9,39.9,36.9,39.9
2011-10,MUN,SP|SAO JOAO DA BOA VISTA,glp,11,38.0,38.0,38.0,38.0,38.0
2011-10,MUN,SP|SAO JOAQUIM DA BARRA,glp,11,40.0,38.0,42.0,38.0,42.0
2011-10,MUN,SP|SAO JOSE DO RIO PRETO,glp,103,38.0,36.5,40.0,33.0,43.0
2011-10,MUN,SP|SAO JOSE DOS CAMPOS,glp,62,36.0,35.099,38.0,35.0,39.0
2011-10,MUN,SP|SAO PAULO,glp,267,39.0,33.99,43.0,33.99,44.0
2011-10,MUN,SP|SAO ROQUE,glp,12,38.0,35.0,39.99,34.99,40.0
2011-10,MUN,SP|SAO VICENTE,glp,45,38.0,36.76,40.0,33.99,45.0
2011-10,MUN,SP|SERTAOZINHO,glp,26,38.0,35.0,40.0,35.0,40.0
2011-10,MUN,SP|SOROCABA,glp,28,38.0,37.0,39.0,36.0,41.0
2011-10,MUN,SP|SUMARE,glp,21,37.0,30.0,40.0,30.0,40.0
2011-10,MUN,SP|SUZANO,glp,31,40.0,38.0,42.0,33.99,43.0
2011-10,MUN,SP|TABOAO DA SERRA,glp,6,34.5,33.995,39.9,33.99,39.9
2011-10,MUN,SP|TATUI,glp,9,38.0,37.99,41.0,37.99,45.0
2011-10,MUN,SP|TAUBATE,glp,38,37.0,35.0,39.0,34.0,42.0
2011-10,MUN,SP|TUPA,glp,12,36.0,32.1,39.35,32.0,40.0
2011-10,MUN,SP|UBATUBA,glp,11,38.0,35.0,40.0,34.99,40.0
2011-10,MUN,SP|VALINHOS,glp,11,40.0,38.0,41.0,38.0,41.0
2011-10,MUN,SP|VARZEA PAULISTA,glp,11,35.0,33.0,36.0,33.0,38.0
2011-10,MUN,SP|VINHEDO,glp,5,40.0,39.4,41.54,39.0,41.9
2011-10,MUN,SP|VOTORANTIM,glp,17,37.0,36.96,37.4,36.9,40.0
2011-10,MUN,SP|VOTUPORANGA,glp,19,35.0,34.0,38.4,33.0,40.95
2011-10,MUN,TO|ARAGUAINA,glp,13,45.0,43.0,45.0,42.5,45.0
2011-10,MUN,TO|DIANOPOLIS,glp,6,45.0,44.0,45.0,44.0,45.0
2011-10,MUN,TO|GURUPI,glp,31,45.0,44.0,45.0,44.0,45.0
2011-10,MUN,TO|PALMAS,glp,19,44.0,42.8,45.0,42.0,45.0
2011-10,MUN,TO|PARAISO DO TOCANTINS,glp,11,45.0,44.0,45.0,43.0,45.0
2011-10,MUN,TO|PORTO NACIONAL,glp,23,45.0,44.0,45.0,44.0,45.0
2011-10,UF,AC,glp,228,43.0,43.0,44.0,40.0,53.0
2011-10,UF,AL,glp,72,40.0,37.0,40.0,35.0,40.0
2011-10,UF,AM,glp,214,32.0,30.0,34.0,28.0,45.0
2011-10,UF,AP,glp,31,42.0,40.0,47.0,39.0,58.0
2011-10,UF,BA,glp,505,37.0,32.0,40.0,28.0,43.0
2011-10,UF,CE,glp,338,37.0,35.0,40.0,30.0,42.0
2011-10,UF,DF,glp,122,37.0,36.0,38.0,36.0,39.0
2011-10,UF,ES,glp,292,36.0,34.55,38.0,30.0,40.0
2011-10,UF,GO,glp,595,40.0,38.0,43.0,34.0,45.0
2011-10,UF,MA,glp,156,41.5,39.0,43.0,36.0,45.0
2011-10,UF,MG,glp,1178,42.0,38.0,45.0,33.0,50.0
2011-10,UF,MS,glp,557,48.0,44.0,49.0,38.0,52.5
2011-10,UF,MT,glp,126,48.0,45.0,50.0,42.0,53.9
2011-10,UF,PA,glp,236,40.0,38.0,46.0,33.0,50.0
2011-10,UF,PB,glp,135,35.0,33.0,35.0,30.0,37.0
2011-10,UF,PE,glp,389,35.0,32.0,38.0,28.0,40.0
2011-10,UF,PI,glp,75,40.0,40.0,42.0,34.99,43.0
2011-10,UF,PR,glp,787,40.0,36.0,45.0,31.9,49.0
2011-10,UF,RJ,glp,369,38.0,34.99,40.0,31.99,44.0
2011-10,UF,RN,glp,114,40.0,37.0,40.0,34.0,42.0
2011-10,UF,RO,glp,118,39.0,37.7,43.0,37.0,45.0
2011-10,UF,RR,glp,38,43.25,42.0,45.0,40.0,47.0
2011-10,UF,RS,glp,887,40.0,36.0,42.0,31.0,46.0
2011-10,UF,SC,glp,272,42.0,39.0,45.0,35.0,48.5
2011-10,UF,SE,glp,54,35.0,35.0,37.7,33.0,38.0
2011-10,UF,SP,glp,2763,38.0,35.0,42.0,29.9,47.0
2011-10,UF,TO,glp,103,45.0,44.0,45.0,42.0,45.0
2011-11,BR,BR,glp,10879,39.5,35.0,45.0,28.0,58.0
2011-11,MUN,AC|CRUZEIRO DO SUL,glp,6,50.0,49.0,53.0,48.0,53.0
2011-11,MUN,AC|RIO BRANCO,glp,211,43.0,43.0,44.0,38.64,45.0
2011-11,MUN,AC|SENA MADUREIRA,glp,6,44.5,43.5,45.5,43.0,46.0
2011-11,MUN,AC|SENADOR GUIOMARD,glp,6,44.0,44.0,45.0,44.0,46.0
2011-11,MUN,AC|TARAUACA,glp,2,50.0,50.0,50.0,50.0,50.0
2011-11,MUN,AC|XAPURI,glp,3,45.0,45.0,45.0,45.0,45.0
2011-11,MUN,AL|ARAPIRACA,glp,6,37.0,37.0,37.0,37.0,37.0
2011-11,MUN,AL|ATALAIA,glp,1,39.0,39.0,39.0,39.0,39.0
2011-11,MUN,AL|DELMIRO GOUVEIA,glp,3,38.0,38.0,38.0,38.0,38.0
2011-11,MUN,AL|MACEIO,glp,67,40.0,39.0,40.0,38.0,40.0
2011-11,MUN,AL|MARECHAL DEODORO,glp,2,38.5,38.1,38.9,38.0,39.0
2011-11,MUN,AL|PALMEIRA DOS INDIOS,glp,6,37.0,37.0,37.0,37.0,37.0
2011-11,MUN,AL|RIO LARGO,glp,4,40.0,39.3,40.0,39.0,40.0
2011-11,MUN,AL|SANTANA DO IPANEMA,glp,7,35.0,35.0,38.0,35.0,38.0
2011-11,MUN,AL|SAO JOSE DA LAJE,glp,1,39.0,39.0,39.0,39.0,39.0
2011-11,MUN,AM|HUMAITA,glp,3,36.0,35.2,36.8,35.0,37.0
2011-11,MUN,AM|ITACOATIARA,glp,13,34.0,33.0,35.0,33.0,35.0
2011-11,MUN,AM|MANACAPURU,glp,5,33.0,33.0,35.3,33.0,36.5
2011-11,MUN,AM|MANAUS,glp,184,32.0,30.0,33.0,29.0,45.0
2011-11,MUN,AM|PARINTINS,glp,2,31.75,30.35,33.15,30.0,33.5
2011-11,MUN,AM|PRESIDENTE FIGUEIREDO,glp,3,35.0,35.0,35.0,35.0,35.0
2011-11,MUN,AM|TEFE,glp,2,38.5,38.1,38.9,38.0,39.0
2011-11,MUN,AP|LARANJAL DO JARI,glp,2,45.25,44.65,45.85,44.5,46.0
2011-11,MUN,AP|MACAPA,glp,23,41.0,40.0,42.0,38.0,42.0
2011-11,MUN,AP|OIAPOQUE,glp,1,58.0,58.0,58.0,58.0,58.0
2011-11,MUN,AP|SANTANA,glp,7,47.0,45.0,47.0,45.0,47.0
2011-11,MUN,BA|ALAGOINHAS,glp,5,39.0,34.48,39.0,32.0,39.0
2011-11,MUN,BA|BARRA,glp,6,34.0,32.0,36.0,32.0,36.0
2011-11,MUN,BA|BARRA DO MENDES,glp,1,35.0,35.0,35.0,35.0,35.0
2011-11,MUN,BA|BARREIRAS,glp,10,45.0,42.9,45.0,42.0,45.0
2011-11,MUN,BA|BRUMADO,glp,5,35.0,33.2,36.0,32.0,36.0
2011-11,MUN,BA|CAETITE,glp,6,30.0,29.0,30.0,28.0,30.0
2011-11,MUN,BA|CAMACARI,glp,13,42.0,42.0,42.98,40.0,43.0
2011-11,MUN,BA|CAMPO FORMOSO,glp,2,39.0,38.2,39.8,38.0,40.0
2011-11,MUN,BA|CANDEIAS,glp,7,35.0,32.6,35.0,32.0,35.0
2011-11,MUN,BA|CAPIM GROSSO,glp,1,45.0,45.0,45.0,45.0,45.0
2011-11,MUN,BA|EUNAPOLIS,glp,8,38.0,38.0,39.3,38.0,40.0
2011-11,MUN,BA|FEIRA DE SANTANA,glp,18,38.75,38.0,39.9,36.0,40.0
2011-11,MUN,BA|GUANAMBI,glp,14,28.0,28.0,28.0,28.0,28.0
2011-11,MUN,BA|ILHEUS,glp,8,38.0,37.0,39.27,37.0,39.9
2011-11,MUN,BA|IPIRA,glp,5,38.0,38.0,38.0,38.0,38.0
2011-11,MUN,BA|IRECE,glp,11,35.0,35.0,35.0,35.0,35.0
2011-11,MUN,BA|ITABUNA,glp,14,40.0,37.65,42.0,36.0,42.0
2011-11,MUN,BA|ITAMARAJU,glp,4,33.0,33.0,33.0,33.0,33.0
2011-11,MUN,BA|JACOBINA,glp,7,38.0,38.0,38.8,38.0,40.0
2011-11,MUN,BA|JAGUAQUARA,glp,9,33.0,33.0,33.0,33.0,33.0
2011-11,MUN,BA|JEQUIE,glp,14,32.0,30.0,32.0,30.0,34.0
2011-11,MUN,BA|JOAO DOURADO,glp,1,35.0,35.0,35.0,35.0,35.0
2011-11,MUN,BA|JUAZEIRO,glp,6,35.0,35.0,35.0,35.0,35.0
2011-11,MUN,BA|LAURO DE FREITAS,glp,23,38.0,35.2,40.0,35.0,41.0
2011-11,MUN,BA|LIVRAMENTO DE NOSSA SENHORA,glp,1,32.0,32.0,32.0,32.0,32.0
2011-11,MUN,BA|PAULO AFONSO,glp,5,37.0,36.4,39.2,36.0,40.0
2011-11,MUN,BA|POCOES,glp,4,35.0,35.0,35.0,35.0,35.0
2011-11,MUN,BA|PORTO SEGURO,glp,9,40.0,37.6,40.0,36.0,40.0
2011-11,MUN,BA|RUY BARBOSA,glp,4,40.0,40.0,40.0,40.0,40.0
2011-11,MUN,BA|SALVADOR,glp,223,37.0,34.0,38.0,32.0,41.0
2011-11,MUN,BA|SANTO ANTONIO DE JESUS,glp,8,38.0,37.7,38.0,37.0,38.0
2011-11,MUN,BA|SENHOR DO BONFIM,glp,5,40.0,36.8,40.0,36.0,40.0
2011-11,MUN,BA|SERRINHA,glp,4,38.0,34.5,38.7,33.0,39.0
2011-11,MUN,BA|SIMOES FILHO,glp,8,40.0,38.0,40.0,38.0,40.0
2011-11,MUN,BA|TEIXEIRA DE FREITAS,glp,8,35.0,35.0,35.9,35.0,38.0
2011-11,MUN,BA|URANDI,glp,1,28.0,28.0,28.0,28.0,28.0
2011-11,MUN,BA|VALENCA,glp,5,38.0,37.4,38.0,37.0,38.0
2011-11,MUN,BA|VITORIA DA CONQUISTA,glp,17,38.0,35.0,38.8,35.0,40.0
2011-11,MUN,CE|ARACOIABA,glp,1,37.0,37.0,37.0,37.0,37.0
2011-11,MUN,CE|BEBERIBE,glp,1,33.0,33.0,33.0,33.0,33.0
2011-11,MUN,CE|CANINDE,glp,4,35.0,35.0,35.7,35.0,36.0
2011-11,MUN,CE|CAUCAIA,glp,41,39.0,37.0,40.0,37.0,40.0
2011-11,MUN,CE|CRATEUS,glp,5,35.0,34.4,35.6,34.0,36.0
2011-11,MUN,CE|CRATO,glp,12,35.0,35.0,40.0,30.0,40.0
2011-11,MUN,CE|FORTALEZA,glp,196,38.0,36.0,40.0,34.0,40.0
2011-11,MUN,CE|ICO,glp,3,33.0,32.2,33.8,32.0,34.0
2011-11,MUN,CE|IGUATU,glp,4,36.5,36.0,37.7,36.0,38.0
2011-11,MUN,CE|IPU,glp,2,33.5,33.1,33.9,33.0,34.0
2011-11,MUN,CE|ITAPIPOCA,glp,7,35.0,33.6,36.0,33.0,36.0
2011-11,MUN,CE|JUAZEIRO DO NORTE,glp,15,35.0,34.4,40.0,34.0,40.0
2011-11,MUN,CE|LIMOEIRO DO NORTE,glp,5,36.0,35.0,36.6,35.0,37.0
2011-11,MUN,CE|MARACANAU,glp,15,37.0,36.0,39.6,36.0,40.0
2011-11,MUN,CE|MORADA NOVA,glp,5,35.0,34.4,36.0,34.0,36.0
2011-11,MUN,CE|PEDRA BRANCA,glp,4,33.5,32.3,34.0,32.0,34.0
2011-11,MUN,CE|QUIXADA,glp,8,37.0,36.0,39.3,36.0,40.0
2011-11,MUN,CE|SAO GONCALO DO AMARANTE,glp,1,36.0,36.0,36.0,36.0,36.0
2011-11,MUN,CE|SOBRAL,glp,7,38.0,36.0,39.4,36.0,40.0
2011-11,MUN,DF|BRASILIA,glp,131,37.0,36.0,38.0,36.0,39.0
2011-11,MUN,ES|ARACRUZ,glp,9,35.0,34.0,35.0,34.0,35.0
2011-11,MUN,ES|BARRA DE SAO FRANCISCO,glp,8,34.0,34.0,36.0,34.0,36.0
2011-11,MUN,ES|CACHOEIRO DE ITAPEMIRIM,glp,18,35.0,34.0,36.0,34.0,36.0
2011-11,MUN,ES|CARIACICA,glp,50,36.0,35.0,37.0,30.0,38.0
2011-11,MUN,ES|CASTELO,glp,3,35.5,33.5,36.7,33.0,37.0
2011-11,MUN,ES|COLATINA,glp,12,39.0,38.0,39.0,37.0,39.5
2011-11,MUN,ES|GUARAPARI,glp,21,38.0,36.0,38.0,35.0,38.0
2011-11,MUN,ES|ITAPEMIRIM,glp,3,35.0,34.2,35.0,34.0,35.0
2011-11,MUN,ES|JAGUARE,glp,4,35.5,35.0,36.0,35.0,36.0
2011-11,MUN,ES|LINHARES,glp,18,35.0,34.0,35.3,34.0,36.0
2011-11,MUN,ES|MARATAIZES,glp,1,35.0,35.0,35.0,35.0,35.0
2011-11,MUN,ES|NOVA VENECIA,glp,3,38.0,37.2,39.6,37.0,40.0
2011-11,MUN,ES|SAO MATEUS,glp,17,38.0,37.0,39.0,37.0,39.0
2011-11,MUN,ES|SERRA,glp,72,37.0,36.0,38.0,35.0,38.0
2011-11,MUN,ES|VILA VELHA,glp,36,36.0,35.0,38.0,33.0,38.0
2011-11,MUN,ES|VITORIA,glp,24,37.0,35.3,38.0,35.0,38.0
2011-11,MUN,GO|AGUAS LINDAS DE GOIAS,glp,15,40.0,40.0,42.0,38.0,43.0
2011-11,MUN,GO|ANAPOLIS,glp,157,38.5,37.0,40.0,34.5,40.0
2011-11,MUN,GO|APARECIDA DE GOIANIA,glp,45,40.0,39.0,41.0,39.0,41.0
2011-11,MUN,GO|CALDAS NOVAS,glp,28,39.0,37.7,40.0,37.0,40.0
2011-11,MUN,GO|CAMPO ALEGRE DE GOIAS,glp,1,38.0,38.0,38.0,38.0,38.0
2011-11,MUN,GO|CATALAO,glp,16,38.0,38.0,38.5,38.0,39.0
2011-11,MUN,GO|CIDADE OCIDENTAL,glp,1,37.0,37.0,37.0,37.0,37.0
2011-11,MUN,GO|FORMOSA,glp,19,40.0,40.0,40.0,40.0,40.0
2011-11,MUN,GO|GOIANIA,glp,125,40.0,39.0,41.0,37.0,42.0
2011-11,MUN,GO|GOIATUBA,glp,11,38.0,37.0,38.0,37.0,38.0
2011-11,MUN,GO|ITUMBIARA,glp,16,43.0,42.0,43.0,40.0,43.0
2011-11,MUN,GO|JATAI,glp,21,40.0,40.0,42.0,40.0,43.0
2011-11,MUN,GO|LUZIANIA,glp,40,40.0,39.0,43.2,39.0,45.0
2011-11,MUN,GO|MINEIROS,glp,18,44.0,43.0,45.0,42.0,45.0
2011-11,MUN,GO|MORRINHOS,glp,21,38.0,38.0,40.0,37.0,40.0
2011-11,MUN,GO|PLANALTINA,glp,22,45.0,45.0,45.0,45.0,45.0
2011-11,MUN,GO|PONTALINA,glp,1,37.0,37.0,37.0,37.0,37.0
2011-11,MUN,GO|PORANGATU,glp,21,45.0,42.0,45.0,42.0,45.0
2011-11,MUN,GO|RIO VERDE,glp,24,42.0,41.0,43.0,41.0,43.0
2011-11,MUN,GO|SENADOR CANEDO,glp,1,39.0,39.0,39.0,39.0,39.0
2011-11,MUN,GO|TRINDADE,glp,37,40.0,39.0,41.0,39.0,41.0
2011-11,MUN,GO|VALPARAISO DE GOIAS,glp,18,43.0,42.0,43.0,42.0,43.0
2011-11,MUN,MA|ACAILANDIA,glp,5,40.0,40.0,42.6,40.0,43.0
2011-11,MUN,MA|BACABAL,glp,4,38.0,37.3,38.0,37.0,38.0
2011-11,MUN,MA|BALSAS,glp,3,40.0,40.0,40.0,40.0,40.0
2011-11,MUN,MA|BARRA DO CORDA,glp,7,45.0,42.0,45.0,42.0,45.0
2011-11,MUN,MA|CAROLINA,glp,3,44.0,44.0,44.0,44.0,44.0
2011-11,MUN,MA|CAXIAS,glp,3,42.0,42.0,42.0,42.0,42.0
2011-11,MUN,MA|CODO,glp,3,41.0,40.2,41.0,40.0,41.0
2011-11,MUN,MA|IMPERATRIZ,glp,45,40.0,40.0,42.0,40.0,43.0
2011-11,MUN,MA|JOAO LISBOA,glp,1,42.0,42.0,42.0,42.0,42.0
2011-11,MUN,MA|PINHEIRO,glp,4,38.5,37.0,40.0,37.0,40.0
2011-11,MUN,MA|PRESIDENTE DUTRA,glp,3,38.0,38.0,38.0,38.0,38.0
2011-11,MUN,MA|SANTA INES,glp,4,40.0,40.0,40.0,40.0,40.0
2011-11,MUN,MA|SAO DOMINGOS DO MARANHAO,glp,2,36.0,36.0,36.0,36.0,36.0
2011-11,MUN,MA|SAO JOAO DOS PATOS,glp,3,40.0,40.0,40.0,40.0,40.0
2011-11,MUN,MA|SAO JOSE DE RIBAMAR,glp,11,43.0,40.0,44.5,39.0,45.0
2011-11,MUN,MA|SAO LUIS,glp,69,42.5,40.0,43.0,39.0,45.0
2011-11,MUN,MA|TIMON,glp,3,39.0,39.0,39.0,39.0,39.0
2011-11,MUN,MG|ALFENAS,glp,15,36.5,34.4,38.0,33.0,40.0
2011-11,MUN,MG|ARAGUARI,glp,17,45.0,43.0,45.0,43.0,45.0
2011-11,MUN,MG|ARAXA,glp,6,42.5,42.0,45.0,42.0,45.0
2011-11,MUN,MG|BARBACENA,glp,17,37.0,35.0,38.0,35.0,38.0
2011-11,MUN,MG|BELO HORIZONTE,glp,124,43.0,39.3,45.0,37.0,47.0
2011-11,MUN,MG|BETIM,glp,33,43.0,40.0,44.0,39.0,45.0
2011-11,MUN,MG|BOM DESPACHO,glp,4,41.0,40.0,42.0,40.0,42.0
2011-11,MUN,MG|CAMPO BELO,glp,8,36.0,36.0,36.0,36.0,36.0
2011-11,MUN,MG|CARATINGA,glp,3,39.0,37.4,39.0,37.0,39.0
2011-11,MUN,MG|CATAGUASES,glp,4,37.25,37.0,37.85,37.0,38.0
2011-11,MUN,MG|CONGONHAS,glp,10,39.0,36.0,40.0,36.0,40.0
2011-11,MUN,MG|CONSELHEIRO LAFAIETE,glp,10,38.0,36.9,40.2,36.0,42.0
2011-11,MUN,MG|CONTAGEM,glp,112,43.0,41.0,45.0,40.0,47.0
2011-11,MUN,MG|CORONEL FABRICIANO,glp,11,42.0,42.0,42.0,40.0,42.0
2011-11,MUN,MG|CURVELO,glp,11,42.0,42.0,43.0,42.0,43.0
2011-11,MUN,MG|DIAMANTINA,glp,6,45.0,44.0,45.0,44.0,45.0
2011-11,MUN,MG|DIVINOPOLIS,glp,20,40.0,40.0,42.0,40.0,42.0
2011-11,MUN,MG|FORMIGA,glp,4,39.0,39.0,40.4,39.0,41.0
2011-11,MUN,MG|FRUTAL,glp,5,39.9,39.0,40.0,39.0,40.0
2011-11,MUN,MG|GOVERNADOR VALADARES,glp,23,39.0,39.0,41.6,38.0,42.0
2011-11,MUN,MG|GUAXUPE,glp,9,38.0,36.0,38.0,36.0,38.0
2011-11,MUN,MG|IBIRITE,glp,13,43.0,42.0,45.0,40.0,45.0
2011-11,MUN,MG|IPATINGA,glp,16,41.0,40.0,41.5,40.0,42.0
2011-11,MUN,MG|ITABIRA,glp,5,46.0,44.8,46.0,44.0,46.0
2011-11,MUN,MG|ITABIRITO,glp,1,39.0,39.0,39.0,39.0,39.0
2011-11,MUN,MG|ITAJUBA,glp,14,38.0,37.0,40.0,36.0,42.0
2011-11,MUN,MG|ITAUNA,glp,14,42.5,40.0,43.0,39.0,44.0
2011-11,MUN,MG|ITUIUTABA,glp,19,42.0,40.0,43.0,38.0,43.0
2011-11,MUN,MG|ITURAMA,glp,1,40.0,40.0,40.0,40.0,40.0
2011-11,MUN,MG|JACUI,glp,1,38.0,38.0,38.0,38.0,38.0
2011-11,MUN,MG|JANAUBA,glp,1,36.0,36.0,36.0,36.0,36.0
2011-11,MUN,MG|JANUARIA,glp,6,41.95,40.0,42.25,40.0,42.5
2011-11,MUN,MG|JOAO MONLEVADE,glp,9,41.0,41.0,42.0,41.0,42.0
2011-11,MUN,MG|JOAO PINHEIRO,glp,12,45.0,45.0,45.0,43.9,46.0
2011-11,MUN,MG|JUIZ DE FORA,glp,56,42.0,40.0,45.0,36.99,47.0
2011-11,MUN,MG|LAVRAS,glp,12,39.5,38.0,41.8,37.0,42.0
2011-11,MUN,MG|LEOPOLDINA,glp,7,40.0,38.8,40.4,37.0,41.0
2011-11,MUN,MG|MANHUACU,glp,6,37.0,35.0,38.5,35.0,40.0
2011-11,MUN,MG|MARIANA,glp,5,44.5,44.0,45.0,44.0,45.0
2011-11,MUN,MG|MONTE CARMELO,glp,18,40.0,40.0,40.0,40.0,40.0
2011-11,MUN,MG|MONTES CLAROS,glp,16,42.0,40.0,43.5,40.0,44.0
2011-11,MUN,MG|MURIAE,glp,7,41.0,39.0,42.0,39.0,42.0
2011-11,MUN,MG|NOVA LIMA,glp,17,44.5,43.0,45.0,40.0,47.0
2011-11,MUN,MG|OLIVEIRA,glp,8,36.0,36.0,36.3,36.0,37.0
2011-11,MUN,MG|OURO PRETO,glp,10,40.0,39.0,41.1,39.0,42.0
2011-11,MUN,MG|PARA DE MINAS,glp,10,41.95,40.0,42.55,40.0,43.0
2011-11,MUN,MG|PARACATU,glp,9,47.0,45.8,49.0,45.0,49.0
2011-11,MUN,MG|PASSOS,glp,19,39.0,38.0,40.0,37.0,40.0
2011-11,MUN,MG|PATOS DE MINAS,glp,18,48.0,45.0,50.0,45.0,50.0
2011-11,MUN,MG|PATROCINIO,glp,10,45.0,44.0,45.0,44.0,45.0
2011-11,MUN,MG|POCOS DE CALDAS,glp,16,36.0,34.995,39.0,34.99,39.0
2011-11,MUN,MG|PONTE NOVA,glp,1,38.0,38.0,38.0,38.0,38.0
2011-11,MUN,MG|POUSO ALEGRE,glp,18,39.0,38.0,39.0,38.0,39.0
2011-11,MUN,MG|RIBEIRAO DAS NEVES,glp,28,43.0,40.7,45.0,39.0,46.0
2011-11,MUN,MG|SABARA,glp,22,42.0,39.1,44.0,35.0,44.5
2011-11,MUN,MG|SANTA LUZIA,glp,32,43.0,40.2,44.9,38.0,45.0
2011-11,MUN,MG|SANTOS DUMONT,glp,6,39.45,38.0,40.0,38.0,40.0
2011-11,MUN,MG|SAO GONCALO DO RIO ABAIXO,glp,1,42.0,42.0,42.0,42.0,42.0
2011-11,MUN,MG|SAO JOAO DEL REI,glp,16,39.0,39.0,40.0,37.0,40.0
2011-11,MUN,MG|SAO LOURENCO,glp,3,39.0,38.2,41.4,38.0,42.0
2011-11,MUN,MG|SAO SEBASTIAO DO PARAISO,glp,13,38.0,37.0,39.0,37.0,40.0
2011-11,MUN,MG|SETE LAGOAS,glp,23,39.0,39.0,40.8,38.9,42.0
2011-11,MUN,MG|TAIOBEIRAS,glp,1,39.0,39.0,39.0,39.0,39.0
2011-11,MUN,MG|TEOFILO OTONI,glp,22,45.0,42.3,45.0,42.0,46.0
2011-11,MUN,MG|TIMOTEO,glp,9,41.0,39.8,44.0,39.0,44.0
2011-11,MUN,MG|TRES CORACOES,glp,9,38.0,38.0,38.0,38.0,38.0
2011-11,MUN,MG|UBA,glp,8,38.0,38.0,40.0,38.0,40.0
2011-11,MUN,MG|UBERABA,glp,38,48.0,48.0,48.0,48.0,48.0
2011-11,MUN,MG|UBERLANDIA,glp,76,45.0,44.0,46.0,43.0,48.0
2011-11,MUN,MG|UNAI,glp,14,43.0,43.0,43.0,43.0,43.0
2011-11,MUN,MG|VARGINHA,glp,16,40.0,40.0,45.0,40.0,46.0
2011-11,MUN,MG|VESPASIANO,glp,12,42.5,40.2,44.0,40.0,45.0
2011-11,MUN,MG|VICOSA,glp,2,40.25,38.45,42.05,38.0,42.5
2011-11,MUN,MS|BATAYPORA,glp,2,45.5,45.1,45.9,45.0,46.0
2011-11,MUN,MS|CAMPO GRANDE,glp,413,48.5,45.0,49.0,42.0,50.0
2011-11,MUN,MS|CORUMBA,glp,8,47.0,46.4,47.0,45.0,47.0
2011-11,MUN,MS|COXIM,glp,12,52.0,50.15,52.0,48.0,54.0
2011-11,MUN,MS|DOURADOS,glp,67,46.0,45.0,48.2,40.7,50.0
2011-11,MUN,MS|NOVA ANDRADINA,glp,18,45.0,44.4,45.0,43.0,45.5
2011-11,MUN,MS|PARANAIBA,glp,15,45.0,45.0,45.0,44.0,45.0
2011-11,MUN,MS|PONTA PORA,glp,5,45.0,42.4,46.0,42.0,46.0
2011-11,MUN,MS|TRES LAGOAS,glp,19,40.0,40.0,42.0,40.0,42.0
2011-11,MUN,MT|ALTA FLORESTA,glp,9,50.0,50.0,51.2,50.0,52.0
2011-11,MUN,MT|CACERES,glp,11,44.9,43.0,46.0,42.0,48.5
2011-11,MUN,MT|CUIABA,glp,54,48.0,45.0,50.0,43.0,53.9
2011-11,MUN,MT|NOVA MUTUM,glp,1,48.0,48.0,48.0,48.0,48.0
2011-11,MUN,MT|RONDONOPOLIS,glp,11,48.0,48.0,50.0,46.0,50.0
2011-11,MUN,MT|SINOP,glp,14,49.0,48.0,50.0,48.0,50.0
2011-11,MUN,MT|SORRISO,glp,11,50.0,47.0,51.0,45.0,51.0
2011-11,MUN,MT|VARZEA GRANDE,glp,18,45.0,42.7,46.3,39.0,47.0
2011-11,MUN,PA|ABAETETUBA,glp,6,40.0,39.0,40.5,38.0,41.0
2011-11,MUN,PA|ALENQUER,glp,4,43.5,43.0,44.0,43.0,44.0
2011-11,MUN,PA|ALTAMIRA,glp,10,46.0,45.0,46.0,45.0,46.0
2011-11,MUN,PA|ANANINDEUA,glp,31,38.0,38.0,38.5,37.0,38.5
2011-11,MUN,PA|BELEM,glp,87,40.0,35.0,40.0,33.0,45.0
2011-11,MUN,PA|BRAGANCA,glp,6,44.5,43.5,45.0,43.0,45.0
2011-11,MUN,PA|BREVES,glp,3,43.5,41.5,44.7,41.0,45.0
2011-11,MUN,PA|CAMETA,glp,6,45.0,44.0,45.0,43.0,45.0
2011-11,MUN,PA|CASTANHAL,glp,8,38.75,38.35,40.0,38.0,40.0
2011-11,MUN,PA|CONCEICAO DO ARAGUAIA,glp,8,38.0,38.0,46.45,38.0,47.5
2011-11,MUN,PA|ITAITUBA,glp,8,40.0,40.0,40.6,40.0,42.0
2011-11,MUN,PA|MARABA,glp,4,40.5,40.0,43.8,40.0,45.0
2011-11,MUN,PA|PARAGOMINAS,glp,5,48.0,48.0,49.6,48.0,50.0
2011-11,MUN,PA|PARAUAPEBAS,glp,3,48.0,48.0,48.8,48.0,49.0
2011-11,MUN,PA|REDENCAO,glp,5,35.0,35.0,35.0,35.0,35.0
2011-11,MUN,PA|SANTAREM,glp,27,42.0,42.0,43.0,40.0,44.0
2011-11,MUN,PA|TUCURUI,glp,5,35.0,35.0,35.0,35.0,35.0
2011-11,MUN,PA|XINGUARA,glp,7,47.0,45.6,48.0,45.0,48.0
2011-11,MUN,PB|BAYEUX,glp,11,35.0,33.0,35.0,33.0,35.0
2011-11,MUN,PB|CABEDELO,glp,7,35.0,33.0,35.0,33.0,35.0
2011-11,MUN,PB|CAMPINA GRANDE,glp,36,35.0,35.0,35.0,33.0,37.0
2011-11,MUN,PB|GUARABIRA,glp,1,35.0,35.0,35.0,35.0,35.0
2011-11,MUN,PB|INGA,glp,1,35.0,35.0,35.0,35.0,35.0
2011-11,MUN,PB|ITABAIANA,glp,1,37.0,37.0,37.0,37.0,37.0
2011-11,MUN,PB|JOAO PESSOA,glp,51,33.0,33.0,35.0,31.0,35.0
2011-11,MUN,PB|MAMANGUAPE,glp,2,34.0,33.2,34.8,33.0,35.0
2011-11,MUN,PB|PATOS,glp,7,35.0,34.6,35.0,34.0,35.0
2011-11,MUN,PB|SANTA RITA,glp,13,33.0,33.0,35.0,33.0,35.0
2011-11,MUN,PB|SAPE,glp,3,34.0,33.2,34.8,33.0,35.0
2011-11,MUN,PB|SOUSA,glp,6,32.0,31.0,32.5,30.0,33.0
2011-11,MUN,PE|ABREU E LIMA,glp,7,33.0,33.0,33.0,33.0,33.0
2011-11,MUN,PE|AFOGADOS DA INGAZEIRA,glp,4,38.0,38.0,39.4,38.0,40.0
2011-11,MUN,PE|AGUAS BELAS,glp,1,38.0,38.0,38.0,38.0,38.0
2011-11,MUN,PE|ARARIPINA,glp,4,37.0,36.3,37.0,36.0,37.0
2011-11,MUN,PE|ARCOVERDE,glp,4,36.0,36.0,36.7,36.0,37.0
2011-11,MUN,PE|BELO JARDIM,glp,6,37.0,36.0,37.0,36.0,37.0
2011-11,MUN,PE|BEZERROS,glp,1,36.0,36.0,36.0,36.0,36.0
2011-11,MUN,PE|BOM CONSELHO,glp,4,37.0,36.3,37.0,36.0,37.0
2011-11,MUN,PE|CABO DE SANTO AGOSTINHO,glp,10,33.0,33.0,34.099,33.0,34.99
2011-11,MUN,PE|CACHOEIRINHA,glp,1,36.0,36.0,36.0,36.0,36.0
2011-11,MUN,PE|CAMARAGIBE,glp,14,33.0,33.0,34.997,33.0,38.0
2011-11,MUN,PE|CARUARU,glp,20,35.0,28.0,38.0,28.0,40.0
2011-11,MUN,PE|GARANHUNS,glp,6,36.0,36.0,36.0,36.0,36.0
2011-11,MUN,PE|GOIANA,glp,5,35.0,31.4,35.0,31.0,35.0
2011-11,MUN,PE|GRAVATA,glp,4,32.5,30.0,35.0,30.0,35.0
2011-11,MUN,PE|IGARASSU,glp,16,33.0,33.0,33.0,33.0,33.0
2011-11,MUN,PE|JABOATAO DOS GUARARAPES,glp,58,35.0,34.35,37.3,33.0,38.0
2011-11,MUN,PE|LAJEDO,glp,6,36.0,36.0,36.0,36.0,36.0
2011-11,MUN,PE|LIMOEIRO,glp,1,33.0,33.0,33.0,33.0,33.0
2011-11,MUN,PE|MORENO,glp,1,33.0,33.0,33.0,33.0,33.0
2011-11,MUN,PE|OLINDA,glp,44,33.0,30.0,35.0,29.99,36.0
2011-11,MUN,PE|PAULISTA,glp,8,33.0,33.0,34.15,33.0,34.5
2011-11,MUN,PE|PETROLINA,glp,13,35.0,34.4,35.0,34.25,35.0
2011-11,MUN,PE|RECIFE,glp,108,34.995,32.0,36.0,30.0,40.0
2011-11,MUN,PE|SALGUEIRO,glp,5,38.0,38.0,38.0,38.0,38.0
2011-11,MUN,PE|SANTA CRUZ DO CAPIBARIBE,glp,5,36.0,35.4,36.0,35.0,36.0
2011-11,MUN,PE|SAO BENTO DO UNA,glp,6,36.0,36.0,36.0,36.0,36.0
2011-11,MUN,PE|SAO LOURENCO DA MATA,glp,11,33.0,33.0,35.0,33.0,35.0
2011-11,MUN,PE|SERRA TALHADA,glp,4,40.0,40.0,40.0,40.0,40.0
2011-11,MUN,PE|VITORIA DE SANTO ANTAO,glp,12,40.0,40.0,40.0,40.0,40.0
2011-11,MUN,PI|BARRAS,glp,2,42.0,42.0,42.0,42.0,42.0
2011-11,MUN,PI|CAMPO MAIOR,glp,4,43.0,43.0,43.0,43.0,43.0
2011-11,MUN,PI|OEIRAS,glp,5,40.0,40.0,40.6,40.0,41.0
2011-11,MUN,PI|PARNAIBA,glp,4,41.5,40.3,42.0,40.0,42.0
2011-11,MUN,PI|PICOS,glp,2,39.0,38.2,39.8,38.0,40.0
2011-11,MUN,PI|PIRIPIRI,glp,4,43.0,40.9,43.0,40.0,43.0
2011-11,MUN,PI|TERESINA,glp,53,40.0,40.0,40.0,34.99,40.0
2011-11,MUN,PR|ALMIRANTE TAMANDARE,glp,10,38.75,38.0,39.1,38.0,40.0
2011-11,MUN,PR|APUCARANA,glp,18,40.0,38.7,40.0,38.0,40.0
2011-11,MUN,PR|ARAPONGAS,glp,17,40.0,38.0,40.0,38.0,40.0
2011-11,MUN,PR|ARAUCARIA,glp,13,36.0,35.0,39.0,35.0,41.0
2011-11,MUN,PR|ASSIS CHATEAUBRIAND,glp,4,35.0,34.65,35.63,34.5,35.9
2011-11,MUN,PR|CAMBE,glp,30,40.0,39.0,41.0,39.0,42.0
2011-11,MUN,PR|CAMPO LARGO,glp,18,37.0,36.0,37.3,35.9,38.0
2011-11,MUN,PR|CAMPO MOURAO,glp,11,43.0,40.0,45.0,40.0,45.0
2011-11,MUN,PR|CASCAVEL,glp,60,42.0,40.9,42.1,40.0,43.0
2011-11,MUN,PR|CASTRO,glp,9,38.0,36.8,40.0,36.0,40.0
2011-11,MUN,PR|CIANORTE,glp,14,43.0,40.0,45.0,40.0,45.0
2011-11,MUN,PR|COLOMBO,glp,24,37.0,35.3,39.0,35.0,40.0
2011-11,MUN,PR|CORNELIO PROCOPIO,glp,6,40.0,40.0,40.0,40.0,40.0
2011-11,MUN,PR|CURITIBA,glp,117,36.0,35.0,37.0,34.0,38.0
2011-11,MUN,PR|FOZ DO IGUACU,glp,43,49.0,48.0,49.0,40.0,49.0
2011-11,MUN,PR|FRANCISCO BELTRAO,glp,7,35.0,33.9,37.132,33.9,40.33
2011-11,MUN,PR|GUAIRA,glp,1,40.0,40.0,40.0,40.0,40.0
2011-11,MUN,PR|GUARAPUAVA,glp,14,39.0,38.0,40.0,38.0,40.0
2011-11,MUN,PR|IBIPORA,glp,1,41.0,41.0,41.0,41.0,41.0
2011-11,MUN,PR|LARANJEIRAS DO SUL,glp,7,40.0,37.6,40.8,37.0,42.0
2011-11,MUN,PR|LONDRINA,glp,106,40.0,40.0,41.0,40.0,41.1
2011-11,MUN,PR|MARECHAL CANDIDO RONDON,glp,6,45.0,43.5,46.5,42.0,48.0
2011-11,MUN,PR|MARINGA,glp,38,45.0,43.0,45.0,43.0,47.0
2011-11,MUN,PR|PARANAGUA,glp,25,38.0,35.0,39.6,33.0,40.0
2011-11,MUN,PR|PARANAVAI,glp,13,42.0,40.0,43.0,40.0,43.0
2011-11,MUN,PR|PATO BRANCO,glp,13,42.0,42.0,42.0,42.0,42.0
2011-11,MUN,PR|PINHAIS,glp,16,37.5,36.5,38.0,35.0,39.0
2011-11,MUN,PR|PONTA GROSSA,glp,32,37.0,36.0,37.0,35.0,38.0
2011-11,MUN,PR|SANTO ANTONIO DA PLATINA,glp,16,40.0,40.0,40.5,38.0,42.0
2011-11,MUN,PR|SAO JOSE DOS PINHAIS,glp,17,37.5,36.3,39.0,35.5,41.5
2011-11,MUN,PR|TERRA BOA,glp,1,45.0,45.0,45.0,45.0,45.0
2011-11,MUN,PR|TOLEDO,glp,24,35.5,33.27,40.0,33.0,43.0
2011-11,MUN,PR|UMUARAMA,glp,15,39.0,37.4,40.0,37.0,40.0
2011-11,MUN,PR|UNIAO DA VITORIA,glp,4,43.75,42.15,45.0,42.0,45.0
2011-11,MUN,RJ|ANGRA DOS REIS,glp,6,41.0,39.0,44.0,39.0,44.0
2011-11,MUN,RJ|ARARUAMA,glp,6,36.5,34.5,38.495,34.0,39.99
2011-11,MUN,RJ|ARMACAO DOS BUZIOS,glp,1,39.9,39.9,39.9,39.9,39.9
2011-11,MUN,RJ|BARRA DO PIRAI,glp,4,38.5,37.3,41.1,37.0,42.0
2011-11,MUN,RJ|BARRA MANSA,glp,13,39.0,35.4,40.0,35.0,42.0
2011-11,MUN,RJ|BELFORD ROXO,glp,6,37.25,35.75,38.5,35.0,39.0
2011-11,MUN,RJ|CABO FRIO,glp,6,35.5,33.0,36.5,32.0,37.0
2011-11,MUN,RJ|CAMPOS DOS GOYTACAZES,glp,20,40.0,40.0,40.0,38.0,42.0
2011-11,MUN,RJ|DUQUE DE CAXIAS,glp,56,39.375,35.0,40.0,33.0,40.0
2011-11,MUN,RJ|ITABORAI,glp,5,38.0,36.4,39.2,36.0,40.0
2011-11,MUN,RJ|ITAGUAI,glp,4,39.2,37.5,39.78,36.9,39.9
2011-11,MUN,RJ|ITAPERUNA,glp,3,38.0,36.4,39.6,36.0,40.0
2011-11,MUN,RJ|MACAE,glp,4,40.0,40.0,42.1,40.0,43.0
2011-11,MUN,RJ|MAGE,glp,5,38.0,37.4,39.2,37.0,40.0
2011-11,MUN,RJ|MANGARATIBA,glp,1,39.9,39.9,39.9,39.9,39.9
2011-11,MUN,RJ|MARICA,glp,4,38.0,37.3,38.7,37.0,39.0
2011-11,MUN,RJ|NILOPOLIS,glp,4,40.0,40.0,40.0,40.0,40.0
2011-11,MUN,RJ|NITEROI,glp,8,38.0,35.4,38.0,34.0,38.0
2011-11,MUN,RJ|NOVA FRIBURGO,glp,6,39.0,38.5,40.0,38.0,40.0
2011-11,MUN,RJ|NOVA IGUACU,glp,22,36.495,34.099,39.8,32.0,40.0
2011-11,MUN,RJ|PARAIBA DO SUL,glp,3,40.0,40.0,40.8,40.0,41.0
2011-11,MUN,RJ|PARATY,glp,1,42.0,42.0,42.0,42.0,42.0
2011-11,MUN,RJ|PETROPOLIS,glp,6,39.45,36.9,42.0,35.9,42.0
2011-11,MUN,RJ|RESENDE,glp,6,38.0,38.0,38.0,38.0,38.0
2011-11,MUN,RJ|RIO BONITO,glp,4,39.0,39.0,39.0,39.0,39.0
2011-11,MUN,RJ|RIO DAS OSTRAS,glp,1,40.0,40.0,40.0,40.0,40.0
2011-11,MUN,RJ|RIO DE JANEIRO,glp,95,36.0,34.0,41.08,31.5,43.0
2011-11,MUN,RJ|SANTO ANTONIO DE PADUA,glp,2,35.0,35.0,35.0,35.0,35.0
2011-11,MUN,RJ|SAO FRANCISCO DE ITABAPOANA,glp,2,38.0,38.0,38.0,38.0,38.0
2011-11,MUN,RJ|SAO GONCALO,glp,26,38.0,36.0,40.0,35.0,40.0
2011-11,MUN,RJ|SAO JOAO DE MERITI,glp,14,38.0,38.0,39.0,35.0,39.0
2011-11,MUN,RJ|SAPUCAIA,glp,2,39.5,39.1,39.9,39.0,40.0
2011-11,MUN,RJ|SAQUAREMA,glp,6,32.5,30.5,34.5,30.0,35.0
2011-11,MUN,RJ|TERESOPOLIS,glp,6,40.0,39.5,40.0,39.0,40.0
2011-11,MUN,RJ|TRES RIOS,glp,3,40.0,38.4,40.0,38.0,40.0
2011-11,MUN,RJ|VALENCA,glp,4,38.5,37.3,39.7,37.0,40.0
2011-11,MUN,RJ|VASSOURAS,glp,2,40.0,40.0,40.0,40.0,40.0
2011-11,MUN,RJ|VOLTA REDONDA,glp,7,38.0,35.0,40.0,35.0,40.0
2011-11,MUN,RN|CAICARA DO NORTE,glp,1,40.0,40.0,40.0,40.0,40.0
2011-11,MUN,RN|CAICO,glp,5,37.0,35.4,38.0,35.0,38.0
2011-11,MUN,RN|CURRAIS NOVOS,glp,4,36.5,34.3,38.0,34.0,38.0
2011-11,MUN,RN|MOSSORO,glp,5,37.0,35.0,38.0,35.0,38.0
2011-11,MUN,RN|NATAL,glp,74,40.0,39.0,40.0,38.0,42.0
2011-11,MUN,RN|PARNAMIRIM,glp,19,40.0,37.8,42.0,36.0,42.0
2011-11,MUN,RN|SAO JOSE DE MIPIBU,glp,3,40.0,40.0,40.0,40.0,40.0
2011-11,MUN,RN|SERRA DO MEL,glp,1,40.0,40.0,40.0,40.0,40.0
2011-11,MUN,RO|ARIQUEMES,glp,7,42.0,42.0,42.0,42.0,42.0
2011-11,MUN,RO|CACOAL,glp,6,42.0,42.0,43.0,42.0,43.0
2011-11,MUN,RO|GUAJARA-MIRIM,glp,6,42.5,42.0,43.0,42.0,43.0
2011-11,MUN,RO|JI-PARANA,glp,12,38.0,37.0,39.0,37.0,39.0
2011-11,MUN,RO|PIMENTA BUENO,glp,7,42.0,42.0,44.0,42.0,44.0
2011-11,MUN,RO|PORTO VELHO,glp,64,38.5,38.0,40.0,37.0,41.0
2011-11,MUN,RO|SAO MIGUEL DO GUAPORE,glp,3,45.0,45.0,45.0,45.0,45.0
2011-11,MUN,RO|VILHENA,glp,8,42.5,42.0,43.0,42.0,43.0
2011-11,MUN,RR|BOA VISTA,glp,32,45.0,43.0,45.0,42.0,46.0
2011-11,MUN,RR|CANTA,glp,2,42.5,40.5,44.5,40.0,45.0
2011-11,MUN,RR|CARACARAI,glp,2,46.5,46.1,46.9,46.0,47.0
2011-11,MUN,RR|RORAINOPOLIS,glp,2,43.5,42.3,44.7,42.0,45.0
2011-11,MUN,RS|ALEGRETE,glp,11,38.0,36.0,39.0,33.9,40.0
2011-11,MUN,RS|ALVORADA,glp,13,39.5,37.2,40.9,35.0,41.0
2011-11,MUN,RS|BAGE,glp,29,38.0,38.0,40.0,36.0,42.0
2011-11,MUN,RS|BENTO GONCALVES,glp,11,41.0,39.9,45.0,38.0,45.0
2011-11,MUN,RS|CACAPAVA DO SUL,glp,11,42.5,41.5,43.0,41.0,43.0
2011-11,MUN,RS|CACHOEIRA DO SUL,glp,18,39.25,38.0,41.0,38.0,44.0
2011-11,MUN,RS|CACHOEIRINHA,glp,12,39.95,38.0,40.0,38.0,41.0
2011-11,MUN,RS|CANOAS,glp,30,40.0,37.0,42.0,36.0,43.0
2011-11,MUN,RS|CAXIAS DO SUL,glp,81,40.0,39.95,42.0,36.0,45.0
2011-11,MUN,RS|CHUI,glp,5,33.0,31.4,34.2,31.0,35.0
2011-11,MUN,RS|CRUZ ALTA,glp,7,36.0,34.0,38.2,34.0,40.0
2011-11,MUN,RS|ERECHIM,glp,19,46.0,44.9,46.5,44.0,47.0
2011-11,MUN,RS|ESTEIO,glp,12,39.0,38.1,40.0,38.0,41.0
2011-11,MUN,RS|GRAMADO,glp,8,40.0,40.0,41.5,40.0,41.5
2011-11,MUN,RS|GRAVATAI,glp,30,40.0,39.0,40.1,38.0,42.0
2011-11,MUN,RS|GUAIBA,glp,18,40.0,39.78,41.075,38.95,42.0
2011-11,MUN,RS|IJUI,glp,5,41.0,39.4,42.0,39.0,42.0
2011-11,MUN,RS|JAGUARAO,glp,15,34.0,33.0,40.0,33.0,40.0
2011-11,MUN,RS|LAJEADO,glp,13,40.0,40.0,40.0,40.0,40.0
2011-11,MUN,RS|NOVO HAMBURGO,glp,22,37.0,35.1,39.0,33.5,40.0
2011-11,MUN,RS|OSORIO,glp,9,42.0,40.0,42.6,40.0,43.0
2011-11,MUN,RS|PALMEIRA DAS MISSOES,glp,12,40.0,39.0,42.9,38.0,45.0
2011-11,MUN,RS|PASSO FUNDO,glp,71,40.0,38.0,42.0,35.0,45.0
2011-11,MUN,RS|PELOTAS,glp,36,37.0,35.0,38.0,33.0,40.0
2011-11,MUN,RS|PORTAO,glp,1,40.0,40.0,40.0,40.0,40.0
2011-11,MUN,RS|PORTO ALEGRE,glp,83,40.0,38.0,40.5,35.0,42.5
2011-11,MUN,RS|RIO GRANDE,glp,50,38.0,36.0,40.0,36.0,40.0
2011-11,MUN,RS|SANTA CRUZ DO SUL,glp,21,40.0,39.0,43.0,37.0,45.0
2011-11,MUN,RS|SANTA MARIA,glp,87,38.0,36.8,40.4,34.0,43.5
2011-11,MUN,RS|SANTA ROSA,glp,11,38.0,38.0,39.0,37.0,39.0
2011-11,MUN,RS|SANTA VITORIA DO PALMAR,glp,8,36.0,36.0,38.0,36.0,38.0
2011-11,MUN,RS|SANTANA DO LIVRAMENTO,glp,19,37.0,37.0,37.0,37.0,37.0
2011-11,MUN,RS|SANTO ANGELO,glp,22,42.0,40.0,45.0,40.0,45.0
2011-11,MUN,RS|SAO BORJA,glp,7,42.0,40.0,42.0,40.0,42.0
2011-11,MUN,RS|SAO GABRIEL,glp,17,42.0,38.0,44.4,36.0,45.0
2011-11,MUN,RS|SAO LEOPOLDO,glp,19,39.0,36.0,40.0,35.0,40.0
2011-11,MUN,RS|SAO LUIZ GONZAGA,glp,10,40.0,39.0,45.1,39.0,46.0
2011-11,MUN,RS|SAPIRANGA,glp,11,40.0,40.0,42.0,40.0,42.0
2011-11,MUN,RS|SAPUCAIA DO SUL,glp,23,40.0,38.2,40.9,36.0,42.0
2011-11,MUN,RS|TORRES,glp,8,40.0,40.0,42.3,40.0,43.0
2011-11,MUN,RS|TRAMANDAI,glp,11,42.0,40.0,43.0,40.0,43.0
2011-11,MUN,RS|URUGUAIANA,glp,11,41.0,40.0,43.0,40.0,43.0
2011-11,MUN,RS|VACARIA,glp,8,39.75,37.1,40.0,35.0,40.0
2011-11,MUN,RS|VIAMAO,glp,18,40.0,37.78,42.0,36.5,42.0
2011-11,MUN,SC|ARARANGUA,glp,5,40.0,40.0,42.0,40.0,42.0
2011-11,MUN,SC|BALNEARIO CAMBORIU,glp,3,45.0,42.6,45.0,42.0,45.0
2011-11,MUN,SC|BIGUACU,glp,3,46.15,46.03,46.83,46.0,47.0
2011-11,MUN,SC|BLUMENAU,glp,22,42.0,41.05,44.35,41.0,46.5
2011-11,MUN,SC|BRUSQUE,glp,5,40.0,38.0,44.7,38.0,46.5
2011-11,MUN,SC|CACADOR,glp,4,43.75,40.75,45.0,40.0,45.0
2011-11,MUN,SC|CHAPECO,glp,16,42.0,39.25,44.5,39.0,45.0
2011-11,MUN,SC|CONCORDIA,glp,4,38.0,38.0,38.7,38.0,39.0
2011-11,MUN,SC|CRICIUMA,glp,12,41.0,38.0,42.9,35.0,45.0
2011-11,MUN,SC|FLORIANOPOLIS,glp,82,44.0,42.0,45.0,41.0,48.5
2011-11,MUN,SC|GASPAR,glp,1,44.5,44.5,44.5,44.5,44.5
2011-11,MUN,SC|ITAJAI,glp,22,40.25,39.0,42.0,38.0,42.0
2011-11,MUN,SC|JARAGUA DO SUL,glp,6,44.0,41.5,45.0,40.0,45.0
2011-11,MUN,SC|JOINVILLE,glp,28,40.0,39.0,42.0,38.5,43.0
2011-11,MUN,SC|LAGES,glp,7,43.0,41.8,44.4,40.0,45.0
2011-11,MUN,SC|LAGUNA,glp,4,38.5,38.0,39.7,38.0,40.0
2011-11,MUN,SC|MAFRA,glp,4,37.0,36.3,37.7,36.0,38.0
2011-11,MUN,SC|PALHOCA,glp,10,45.0,44.0,47.0,44.0,47.0
2011-11,MUN,SC|SAO JOSE,glp,15,44.0,42.4,45.0,42.0,46.0
2011-11,MUN,SC|SAO MIGUEL DO OESTE,glp,2,37.5,36.3,38.7,36.0,39.0
2011-11,MUN,SC|TUBARAO,glp,8,35.5,35.0,37.0,35.0,37.0
2011-11,MUN,SC|VIDEIRA,glp,5,40.0,40.0,43.0,40.0,45.0
2011-11,MUN,SC|XANXERE,glp,5,44.0,44.0,44.0,44.0,44.0
2011-11,MUN,SE|ARACAJU,glp,27,35.0,35.0,37.0,35.0,37.0
2011-11,MUN,SE|ITABAIANA,glp,4,38.0,37.3,38.0,37.0,38.0
2011-11,MUN,SE|ITABAIANINHA,glp,3,35.0,34.2,35.0,34.0,35.0
2011-11,MUN,SE|LAGARTO,glp,5,37.0,35.36,37.6,35.0,38.0
2011-11,MUN,SE|NOSSA SENHORA DO SOCORRO,glp,8,35.0,35.0,35.9,35.0,38.0
2011-11,MUN,SE|SIMAO DIAS,glp,4,35.0,35.0,35.0,35.0,35.0
2011-11,MUN,SE|TOBIAS BARRETO,glp,4,37.0,35.6,37.0,35.0,37.0
2011-11,MUN,SP|ADAMANTINA,glp,12,38.0,37.1,38.0,35.0,38.0
2011-11,MUN,SP|AMERICANA,glp,22,41.75,40.55,42.0,39.99,44.0
2011-11,MUN,SP|AMPARO,glp,7,39.0,37.6,41.72,37.0,42.8
2011-11,MUN,SP|APIAI,glp,2,39.0,39.0,39.0,39.0,39.0
2011-11,MUN,SP|ARACATUBA,glp,43,37.5,34.2,38.8,34.0,40.0
2011-11,MUN,SP|ARARAQUARA,glp,15,39.0,38.0,40.0,34.99,40.0
2011-11,MUN,SP|ARARAS,glp,8,34.9,34.9,37.86,34.9,38.0
2011-11,MUN,SP|ASSIS,glp,15,42.0,41.4,42.0,41.0,42.0
2011-11,MUN,SP|ATIBAIA,glp,24,38.0,37.0,40.0,36.0,40.0
2011-11,MUN,SP|AVARE,glp,13,40.0,38.4,40.0,38.0,42.0
2011-11,MUN,SP|BARRETOS,glp,16,35.0,33.0,36.0,33.0,36.8
2011-11,MUN,SP|BARUERI,glp,32,39.0,35.991,42.0,33.99,43.0
2011-11,MUN,SP|BAURU,glp,65,39.0,36.4,40.0,34.0,42.0
2011-11,MUN,SP|BEBEDOURO,glp,22,35.0,30.991,37.99,29.99,40.0
2011-11,MUN,SP|BIRIGUI,glp,23,32.0,30.0,35.8,29.9,38.0
2011-11,MUN,SP|BOTUCATU,glp,16,45.0,41.5,45.0,40.0,45.0
2011-11,MUN,SP|BRAGANCA PAULISTA,glp,22,36.0,31.1,37.0,29.99,38.0
2011-11,MUN,SP|CACAPAVA,glp,18,36.5,32.0,38.0,31.99,38.0
2011-11,MUN,SP|CAMPINAS,glp,80,38.0,35.5,42.0,33.0,42.0
2011-11,MUN,SP|CAMPOS DO JORDAO,glp,9,37.0,35.8,37.2,31.0,38.0
2011-11,MUN,SP|CAPAO BONITO,glp,4,37.5,36.3,38.0,36.0,38.0
2011-11,MUN,SP|CARAGUATATUBA,glp,11,40.0,39.0,40.0,37.9,40.0
2011-11,MUN,SP|CARAPICUIBA,glp,26,34.495,33.99,39.495,33.99,40.0
2011-11,MUN,SP|CATANDUVA,glp,16,38.0,37.0,38.0,35.0,40.0
2011-11,MUN,SP|COSMOPOLIS,glp,10,38.0,35.45,38.0,35.0,38.0
2011-11,MUN,SP|COTIA,glp,11,37.0,35.0,41.0,35.0,41.0
2011-11,MUN,SP|CRUZEIRO,glp,14,37.0,35.3,37.0,34.0,37.0
2011-11,MUN,SP|CUBATAO,glp,7,39.0,37.84,40.0,37.0,40.0
2011-11,MUN,SP|DIADEMA,glp,36,35.0,31.5,38.495,29.9,40.0
2011-11,MUN,SP|DRACENA,glp,10,45.0,44.7,45.2,42.0,47.0
2011-11,MUN,SP|EMBU DAS ARTES,glp,5,38.0,35.8,38.0,35.0,38.0
2011-11,MUN,SP|FERNANDOPOLIS,glp,1,38.0,38.0,38.0,38.0,38.0
2011-11,MUN,SP|FERRAZ DE VASCONCELOS,glp,10,38.0,35.5,38.1,35.495,39.0
2011-11,MUN,SP|FRANCA,glp,48,39.5,38.35,40.0,36.0,40.0
2011-11,MUN,SP|FRANCISCO MORATO,glp,12,42.0,40.2,42.0,40.0,44.0
2011-11,MUN,SP|FRANCO DA ROCHA,glp,9,40.0,37.998,44.0,37.99,44.0
2011-11,MUN,SP|GARCA,glp,11,40.0,39.0,40.0,38.0,40.0
2011-11,MUN,SP|GUARATINGUETA,glp,16,34.5,30.0,39.75,30.0,40.0
2011-11,MUN,SP|GUARUJA,glp,10,40.9,35.999,43.0,35.99,43.9
2011-11,MUN,SP|GUARULHOS,glp,57,38.0,35.0,41.9,30.0,43.0
2011-11,MUN,SP|HORTOLANDIA,glp,21,37.0,36.0,40.0,35.0,42.0
2011-11,MUN,SP|IBITINGA,glp,8,39.0,38.0,41.2,38.0,44.0
2011-11,MUN,SP|INDAIATUBA,glp,23,42.0,40.0,42.0,39.5,43.0
2011-11,MUN,SP|ITANHAEM,glp,13,37.0,37.0,38.8,35.0,39.0
2011-11,MUN,SP|ITAPECERICA DA SERRA,glp,6,40.0,36.995,40.0,35.99,40.0
2011-11,MUN,SP|ITAPETININGA,glp,16,35.0,35.0,37.5,33.0,40.0
2011-11,MUN,SP|ITAPEVA,glp,6,40.0,40.0,40.0,40.0,40.0
2011-11,MUN,SP|ITAPEVI,glp,7,36.0,33.996,37.994,33.99,38.0
2011-11,MUN,SP|ITAPIRA,glp,5,37.0,37.0,37.0,37.0,37.0
2011-11,MUN,SP|ITAPOLIS,glp,16,40.0,38.5,40.5,37.0,41.0
2011-11,MUN,SP|ITAQUAQUECETUBA,glp,21,38.0,36.0,40.0,33.99,40.0
2011-11,MUN,SP|ITATIBA,glp,11,38.0,36.0,38.0,36.0,39.0
2011-11,MUN,SP|ITU,glp,11,37.0,34.0,38.0,33.0,38.0
2011-11,MUN,SP|JABOTICABAL,glp,22,38.0,37.0,40.0,37.0,42.0
2011-11,MUN,SP|JACAREI,glp,26,37.0,34.995,40.0,34.0,40.0
2011-11,MUN,SP|JALES,glp,7,38.0,37.6,38.8,37.0,40.0
2011-11,MUN,SP|JANDIRA,glp,15,38.0,37.967,40.0,36.0,40.0
2011-11,MUN,SP|JAU,glp,13,38.0,35.0,38.0,35.0,40.0
2011-11,MUN,SP|JOSE BONIFACIO,glp,15,37.0,35.0,38.96,34.9,39.45
2011-11,MUN,SP|JUNDIAI,glp,16,37.0,37.0,39.0,37.0,40.0
2011-11,MUN,SP|LEME,glp,18,36.0,33.2,37.0,32.0,37.0
2011-11,MUN,SP|LIMEIRA,glp,20,36.0,35.0,38.199,33.99,39.99
2011-11,MUN,SP|LINS,glp,23,33.0,30.0,35.0,30.0,35.0
2011-11,MUN,SP|LORENA,glp,15,33.0,30.0,35.0,30.0,35.0
2011-11,MUN,SP|MARILIA,glp,18,40.0,34.9,40.0,34.5,40.0
2011-11,MUN,SP|MATAO,glp,17,41.0,39.8,42.0,38.0,45.0
2011-11,MUN,SP|MAUA,glp,32,42.0,37.909,44.9,32.0,47.0
2011-11,MUN,SP|MIRASSOL,glp,12,36.0,35.0,37.999,35.0,38.0
2011-11,MUN,SP|MOCOCA,glp,15,40.0,39.4,42.0,38.0,42.0
2011-11,MUN,SP|MOGI DAS CRUZES,glp,50,39.5,37.0,42.1,36.0,43.0
2011-11,MUN,SP|MOGI GUACU,glp,15,38.0,37.0,38.0,35.0,39.0
2011-11,MUN,SP|MOGI MIRIM,glp,11,38.0,37.0,38.0,37.0,40.0
2011-11,MUN,SP|MONTE ALTO,glp,12,42.0,38.2,44.9,38.0,46.0
2011-11,MUN,SP|OLIMPIA,glp,13,33.0,31.0,35.0,31.0,35.0
2011-11,MUN,SP|OSASCO,glp,82,36.945,33.99,40.95,32.0,45.995
2011-11,MUN,SP|OURINHOS,glp,20,39.0,35.0,41.0,35.0,41.0
2011-11,MUN,SP|PARAGUACU PAULISTA,glp,13,40.0,38.0,41.6,34.9,42.0
2011-11,MUN,SP|PAULICEIA,glp,1,37.0,37.0,37.0,37.0,37.0
2011-11,MUN,SP|PAULINIA,glp,18,35.25,34.5,37.65,34.0,38.0
2011-11,MUN,SP|PINDAMONHANGABA,glp,19,37.0,34.98,38.0,34.9,39.0
2011-11,MUN,SP|PIRACICABA,glp,30,40.0,38.0,42.0,35.0,42.0
2011-11,MUN,SP|PIRASSUNUNGA,glp,12,35.5,34.9,38.0,34.0,38.0
2011-11,MUN,SP|POA,glp,9,38.0,36.8,40.0,36.0,40.0
2011-11,MUN,SP|PORTO FERREIRA,glp,8,34.0,32.8,35.3,30.0,36.0
2011-11,MUN,SP|PRAIA GRANDE,glp,20,40.0,36.0,42.75,34.99,46.0
2011-11,MUN,SP|PRESIDENTE PRUDENTE,glp,60,39.0,36.0,40.0,35.0,43.9
2011-11,MUN,SP|PRESIDENTE VENCESLAU,glp,12,37.0,34.1,38.9,34.0,41.9
2011-11,MUN,SP|RIBEIRAO PIRES,glp,12,42.25,39.51,43.0,39.4,44.0
2011-11,MUN,SP|RIBEIRAO PRETO,glp,109,42.0,39.0,42.0,37.0,45.0
2011-11,MUN,SP|RIO CLARO,glp,8,35.0,35.0,35.0,35.0,35.0
2011-11,MUN,SP|SALTO,glp,15,40.0,35.0,41.0,34.0,42.0
2011-11,MUN,SP|SANTA BARBARA D'OESTE,glp,27,41.0,38.0,42.0,37.0,42.0
2011-11,MUN,SP|SANTA CRUZ DO RIO PARDO,glp,12,37.25,37.0,38.0,35.0,38.6
2011-11,MUN,SP|SANTO ANDRE,glp,52,39.995,35.1,43.9,34.99,44.0
2011-11,MUN,SP|SANTOS,glp,33,38.37,36.0,41.9,35.95,45.0
2011-11,MUN,SP|SAO BERNARDO DO CAMPO,glp,50,40.5,36.9,43.0,34.0,45.0
2011-11,MUN,SP|SAO CAETANO DO SUL,glp,8,41.995,40.0,44.23,40.0,45.0
2011-11,MUN,SP|SAO CARLOS,glp,16,37.95,36.9,39.9,36.9,39.9
2011-11,MUN,SP|SAO JOAO DA BOA VISTA,glp,11,38.0,38.0,38.0,38.0,38.0
2011-11,MUN,SP|SAO JOAQUIM DA BARRA,glp,11,40.0,38.0,41.0,38.0,42.0
2011-11,MUN,SP|SAO JOSE DO RIO PRETO,glp,102,38.0,35.0,40.0,31.0,43.0
2011-11,MUN,SP|SAO JOSE DOS CAMPOS,glp,62,36.0,35.099,38.0,35.0,39.0
2011-11,MUN,SP|SAO PAULO,glp,275,39.99,33.99,42.8,33.99,45.0
2011-11,MUN,SP|SAO ROQUE,glp,9,38.0,34.998,39.92,34.99,40.0
2011-11,MUN,SP|SAO VICENTE,glp,45,38.0,36.82,40.6,33.99,45.0
2011-11,MUN,SP|SERTAOZINHO,glp,26,38.0,35.0,40.0,35.0,40.0
2011-11,MUN,SP|SOROCABA,glp,28,38.0,37.0,39.0,36.0,41.0
2011-11,MUN,SP|SUMARE,glp,21,37.0,30.0,40.0,30.0,40.0
2011-11,MUN,SP|SUZANO,glp,31,42.0,38.0,42.5,33.99,43.0
2011-11,MUN,SP|TABOAO DA SERRA,glp,6,34.5,33.995,39.9,33.99,39.9
2011-11,MUN,SP|TATUI,glp,9,38.0,37.99,41.0,37.99,45.0
2011-11,MUN,SP|TAUBATE,glp,38,37.0,35.0,39.0,34.0,42.0
2011-11,MUN,SP|TUPA,glp,12,35.0,32.1,38.0,31.99,40.0
2011-11,MUN,SP|UBATUBA,glp,11,38.0,35.0,40.0,34.99,40.0
2011-11,MUN,SP|VALINHOS,glp,10,39.5,38.9,42.0,38.0,42.0
2011-11,MUN,SP|VARZEA PAULISTA,glp,11,35.0,33.0,36.0,33.0,38.0
2011-11,MUN,SP|VINHEDO,glp,6,40.75,39.0,41.95,39.0,42.0
2011-11,MUN,SP|VOTORANTIM,glp,17,37.0,36.96,37.4,36.9,40.0
2011-11,MUN,SP|VOTUPORANGA,glp,19,36.0,34.0,38.4,33.0,40.95
2011-11,MUN,TO|ARAGUAINA,glp,14,45.0,43.3,45.0,43.0,45.0
2011-11,MUN,TO|COMBINADO,glp,1,43.0,43.0,43.0,43.0,43.0
2011-11,MUN,TO|DIANOPOLIS,glp,6,45.0,44.0,45.0,44.0,45.0
2011-11,MUN,TO|GURUPI,glp,28,45.0,44.7,45.0,44.0,45.6
2011-11,MUN,TO|PALMAS,glp,27,44.0,43.0,45.0,42.0,45.0
2011-11,MUN,TO|PARAISO DO TOCANTINS,glp,7,45.0,43.6,45.0,43.0,45.0
2011-11,MUN,TO|PORTO NACIONAL,glp,21,44.0,43.0,45.0,42.0,45.0
2011-11,UF,AC,glp,234,43.0,43.0,44.0,38.64,53.0
2011-11,UF,AL,glp,97,39.0,37.0,40.0,35.0,40.0
2011-11,UF,AM,glp,212,32.0,30.05,34.0,29.0,45.0
2011-11,UF,AP,glp,33,42.0,40.0,47.0,38.0,58.0
2011-11,UF,BA,glp,500,37.0,33.0,40.0,28.0,45.0
2011-11,UF,CE,glp,336,37.695,35.0,40.0,30.0,40.0
2011-11,UF,DF,glp,131,37.0,36.0,38.0,36.0,39.0
2011-11,UF,ES,glp,299,36.0,35.0,38.0,30.0,40.0
2011-11,UF,GO,glp,658,40.0,38.0,43.0,34.5,45.0
2011-11,UF,MA,glp,173,42.0,40.0,43.0,36.0,45.0
2011-11,UF,MG,glp,1178,42.0,38.0,45.0,33.0,50.0
2011-11,UF,MS,glp,559,48.0,44.0,49.0,40.0,54.0
2011-11,UF,MT,glp,129,48.0,44.0,50.0,39.0,53.9
2011-11,UF,PA,glp,233,40.0,37.0,45.8,33.0,50.0
2011-11,UF,PB,glp,139,35.0,33.0,35.0,30.0,37.0
2011-11,UF,PE,glp,389,35.0,32.0,38.0,28.0,40.0
2011-11,UF,PI,glp,74,40.0,40.0,42.0,34.99,43.0
2011-11,UF,PR,glp,750,40.0,36.0,45.0,33.0,49.0
2011-11,UF,RJ,glp,374,38.0,34.99,40.0,30.0,44.0
2011-11,UF,RN,glp,112,40.0,38.0,40.0,34.0,42.0
2011-11,UF,RO,glp,113,39.0,38.0,43.0,37.0,45.0
2011-11,UF,RR,glp,38,45.0,42.0,45.3,40.0,47.0
2011-11,UF,RS,glp,943,40.0,37.0,42.0,31.0,47.0
2011-11,UF,SC,glp,273,42.5,39.0,45.0,35.0,48.5
2011-11,UF,SE,glp,55,35.0,35.0,37.0,34.0,38.0
2011-11,UF,SP,glp,2743,38.0,35.0,42.0,29.9,47.0
2011-11,UF,TO,glp,104,45.0,43.0,45.0,42.0,45.6
2011-12,BR,BR,glp,10449,39.0,35.0,45.0,26.0,58.0
2011-12,MUN,AC|CRUZEIRO DO SUL,glp,6,50.0,49.0,53.0,48.0,53.0
2011-12,MUN,AC|RIO BRANCO,glp,138,43.0,43.0,44.0,38.64,45.0
2011-12,MUN,AC|SENA MADUREIRA,glp,5,45.0,44.0,45.6,44.0,46.0
2011-12,MUN,AC|SENADOR GUIOMARD,glp,5,45.0,43.8,46.0,43.0,46.0
2011-12,MUN,AC|TARAUACA,glp,2,50.0,50.0,50.0,50.0,50.0
2011-12,MUN,AC|XAPURI,glp,3,45.0,45.0,45.8,45.0,46.0
2011-12,MUN,AL|ARAPIRACA,glp,6,37.0,37.0,37.0,37.0,37.0
2011-12,MUN,AL|ATALAIA,glp,1,39.0,39.0,39.0,39.0,39.0
2011-12,MUN,AL|DELMIRO GOUVEIA,glp,3,38.0,38.0,38.0,38.0,38.0
2011-12,MUN,AL|MACEIO,glp,54,40.0,38.3,40.0,37.0,43.0
2011-12,MUN,AL|MARECHAL DEODORO,glp,2,38.0,38.0,38.0,38.0,38.0
2011-12,MUN,AL|PALMEIRA DOS INDIOS,glp,6,37.0,37.0,37.0,37.0,37.0
2011-12,MUN,AL|RIO LARGO,glp,3,40.0,39.2,40.0,39.0,40.0
2011-12,MUN,AL|SANTANA DO IPANEMA,glp,7,35.0,35.0,38.0,35.0,38.0
2011-12,MUN,AL|SAO JOSE DA LAJE,glp,1,39.0,39.0,39.0,39.0,39.0
2011-12,MUN,AM|HUMAITA,glp,2,36.0,35.2,36.8,35.0,37.0
2011-12,MUN,AM|ITACOATIARA,glp,12,34.5,33.1,35.0,33.0,35.0
2011-12,MUN,AM|MANACAPURU,glp,5,34.0,33.0,37.8,33.0,40.0
2011-12,MUN,AM|MANAUS,glp,184,32.0,30.0,33.0,29.0,45.0
2011-12,MUN,AM|PARINTINS,glp,2,32.25,31.25,33.25,31.0,33.5
2011-12,MUN,AM|PRESIDENTE FIGUEIREDO,glp,3,35.0,35.0,35.0,35.0,35.0
2011-12,MUN,AM|TEFE,glp,2,38.5,38.1,38.9,38.0,39.0
2011-12,MUN,AP|LARANJAL DO JARI,glp,2,45.0,44.2,45.8,44.0,46.0
2011-12,MUN,AP|MACAPA,glp,20,41.0,40.0,42.0,38.0,42.0
2011-12,MUN,AP|OIAPOQUE,glp,1,58.0,58.0,58.0,58.0,58.0
2011-12,MUN,AP|SANTANA,glp,7,47.0,45.0,47.0,45.0,47.0
2011-12,MUN,BA|ALAGOINHAS,glp,5,39.0,38.67,39.0,38.45,39.0
2011-12,MUN,BA|BARRA,glp,5,34.0,32.0,35.2,32.0,36.0
2011-12,MUN,BA|BARRA DO MENDES,glp,1,35.0,35.0,35.0,35.0,35.0
2011-12,MUN,BA|BARREIRAS,glp,10,45.0,42.9,45.0,42.0,45.0
2011-12,MUN,BA|BRUMADO,glp,5,35.0,33.2,35.8,32.0,36.0
2011-12,MUN,BA|CAETITE,glp,6,30.0,28.5,30.0,28.0,30.0
2011-12,MUN,BA|CAMACARI,glp,13,42.0,42.0,42.9,42.0,43.0
2011-12,MUN,BA|CAMPO FORMOSO,glp,2,38.5,38.1,38.9,38.0,39.0
2011-12,MUN,BA|CANDEIAS,glp,7,35.0,32.6,35.0,32.0,35.0
2011-12,MUN,BA|CAPIM GROSSO,glp,1,45.0,45.0,45.0,45.0,45.0
2011-12,MUN,BA|EUNAPOLIS,glp,8,38.0,38.0,39.3,38.0,40.0
2011-12,MUN,BA|FEIRA DE SANTANA,glp,14,38.25,38.0,39.9,36.0,40.0
2011-12,MUN,BA|GUANAMBI,glp,14,28.0,28.0,28.0,28.0,28.0
2011-12,MUN,BA|ILHEUS,glp,7,38.0,37.2,39.36,36.0,39.9
2011-12,MUN,BA|IPIRA,glp,5,40.0,39.0,40.0,39.0,40.0
2011-12,MUN,BA|IRECE,glp,10,35.0,35.0,35.0,35.0,35.0
2011-12,MUN,BA|ITABUNA,glp,14,40.0,38.0,42.0,37.0,42.0
2011-12,MUN,BA|ITAMARAJU,glp,4,33.0,33.0,33.0,33.0,33.0
2011-12,MUN,BA|JACOBINA,glp,7,38.0,38.0,38.8,38.0,40.0
2011-12,MUN,BA|JAGUAQUARA,glp,9,33.0,33.0,33.0,33.0,33.0
2011-12,MUN,BA|JEQUIE,glp,14,32.0,30.0,32.0,26.0,32.0
2011-12,MUN,BA|JOAO DOURADO,glp,1,35.0,35.0,35.0,35.0,35.0
2011-12,MUN,BA|JUAZEIRO,glp,7,35.0,35.0,35.0,35.0,35.0
2011-12,MUN,BA|LAURO DE FREITAS,glp,25,38.0,36.0,40.0,35.0,41.0
2011-12,MUN,BA|LIVRAMENTO DE NOSSA SENHORA,glp,2,32.0,32.0,32.0,32.0,32.0
2011-12,MUN,BA|PAULO AFONSO,glp,5,37.0,36.2,38.4,36.0,39.0
2011-12,MUN,BA|POCOES,glp,4,35.0,35.0,35.0,35.0,35.0
2011-12,MUN,BA|PORTO SEGURO,glp,9,40.0,37.8,40.0,37.0,40.0
2011-12,MUN,BA|RUY BARBOSA,glp,4,40.0,40.0,40.0,40.0,40.0
2011-12,MUN,BA|SALVADOR,glp,218,37.0,34.0,38.3,32.0,41.0
2011-12,MUN,BA|SANTO ANTONIO DE JESUS,glp,8,38.0,37.5,38.0,37.5,38.0
2011-12,MUN,BA|SENHOR DO BONFIM,glp,5,40.0,36.8,40.0,36.0,40.0
2011-12,MUN,BA|SERRINHA,glp,5,38.0,32.4,38.6,32.0,39.0
2011-12,MUN,BA|SIMOES FILHO,glp,8,40.0,37.25,40.0,35.5,40.0
2011-12,MUN,BA|TEIXEIRA DE FREITAS,glp,7,35.0,35.0,35.0,35.0,35.0
2011-12,MUN,BA|URANDI,glp,1,28.0,28.0,28.0,28.0,28.0
2011-12,MUN,BA|VALENCA,glp,5,38.0,37.7,38.0,37.5,38.0
2011-12,MUN,BA|VITORIA DA CONQUISTA,glp,14,38.0,36.0,39.4,35.0,40.0
2011-12,MUN,CE|ARACOIABA,glp,1,37.5,37.5,37.5,37.5,37.5
2011-12,MUN,CE|BEBERIBE,glp,2,34.5,33.3,35.7,33.0,36.0
2011-12,MUN,CE|CANINDE,glp,4,35.0,35.0,35.7,35.0,36.0
2011-12,MUN,CE|CAUCAIA,glp,41,39.0,37.0,40.0,37.0,40.0
2011-12,MUN,CE|CRATEUS,glp,5,36.0,35.0,36.0,35.0,36.0
2011-12,MUN,CE|CRATO,glp,12,35.25,35.0,40.0,32.5,40.0
2011-12,MUN,CE|FORTALEZA,glp,196,38.0,36.0,40.0,34.0,40.5
2011-12,MUN,CE|ICO,glp,3,34.0,33.2,34.0,33.0,34.0
2011-12,MUN,CE|IGUATU,glp,4,36.5,36.0,37.7,36.0,38.0
2011-12,MUN,CE|IPU,glp,2,34.0,34.0,34.0,34.0,34.0
2011-12,MUN,CE|ITAPIPOCA,glp,7,34.0,33.6,35.4,33.0,36.0
2011-12,MUN,CE|JUAZEIRO DO NORTE,glp,15,35.0,34.4,40.0,34.0,40.0
2011-12,MUN,CE|LIMOEIRO DO NORTE,glp,5,35.5,35.0,36.6,35.0,37.0
2011-12,MUN,CE|MARACANAU,glp,15,38.0,37.0,39.954,37.0,40.0
2011-12,MUN,CE|MORADA NOVA,glp,5,34.0,34.0,35.6,34.0,36.0
2011-12,MUN,CE|PEDRA BRANCA,glp,3,33.0,32.2,33.8,32.0,34.0
2011-12,MUN,CE|QUIXADA,glp,8,37.0,35.7,38.3,35.0,39.0
2011-12,MUN,CE|SAO GONCALO DO AMARANTE,glp,1,36.0,36.0,36.0,36.0,36.0
2011-12,MUN,CE|SOBRAL,glp,5,39.0,37.0,40.0,37.0,40.0
2011-12,MUN,DF|BRASILIA,glp,121,37.0,36.0,38.0,36.0,39.0
2011-12,MUN,ES|ARACRUZ,glp,9,35.0,34.0,35.0,34.0,35.0
2011-12,MUN,ES|BARRA DE SAO FRANCISCO,glp,8,34.0,34.0,36.0,34.0,36.0
2011-12,MUN,ES|CACHOEIRO DE ITAPEMIRIM,glp,18,35.0,34.0,36.0,34.0,36.0
2011-12,MUN,ES|CARIACICA,glp,43,36.0,35.0,37.0,30.0,38.0
2011-12,MUN,ES|CASTELO,glp,5,35.5,34.0,36.6,33.0,37.0
2011-12,MUN,ES|COLATINA,glp,10,37.0,36.0,38.75,36.0,41.0
2011-12,MUN,ES|GUARAPARI,glp,20,38.0,36.0,38.0,35.0,38.0
2011-12,MUN,ES|ITAPEMIRIM,glp,3,34.0,33.2,34.8,33.0,35.0
2011-12,MUN,ES|JAGUARE,glp,4,35.5,35.0,36.0,35.0,36.0
2011-12,MUN,ES|LINHARES,glp,14,34.5,34.0,35.0,34.0,35.0
2011-12,MUN,ES|NOVA VENECIA,glp,3,38.0,37.2,39.6,37.0,40.0
2011-12,MUN,ES|SAO MATEUS,glp,13,38.0,37.0,39.0,37.0,39.0
2011-12,MUN,ES|SERRA,glp,92,37.0,36.0,38.0,35.0,38.0
2011-12,MUN,ES|VILA VELHA,glp,34,36.0,35.0,38.0,33.0,38.0
2011-12,MUN,ES|VITORIA,glp,20,37.0,36.0,38.0,35.0,38.0
2011-12,MUN,GO|AGUAS LINDAS DE GOIAS,glp,14,40.0,40.0,42.0,38.0,43.0
2011-12,MUN,GO|ANAPOLIS,glp,139,38.0,37.0,40.0,34.99,40.0
2011-12,MUN,GO|APARECIDA DE GOIANIA,glp,35,40.0,39.0,41.0,39.0,41.0
2011-12,MUN,GO|CALDAS NOVAS,glp,24,39.0,38.0,40.0,37.0,40.0
2011-12,MUN,GO|CAMPO ALEGRE DE GOIAS,glp,1,38.0,38.0,38.0,38.0,38.0
2011-12,MUN,GO|CATALAO,glp,13,38.0,38.0,38.0,38.0,40.0
2011-12,MUN,GO|CIDADE OCIDENTAL,glp,1,37.0,37.0,37.0,37.0,37.0
2011-12,MUN,GO|FORMOSA,glp,19,40.0,40.0,40.0,40.0,40.0
2011-12,MUN,GO|GOIANIA,glp,118,40.0,39.0,41.0,37.0,42.0
2011-12,MUN,GO|GOIATUBA,glp,11,38.0,37.0,38.0,37.0,38.0
2011-12,MUN,GO|ITUMBIARA,glp,16,43.0,42.0,43.0,40.0,43.0
2011-12,MUN,GO|JATAI,glp,19,40.0,40.0,42.0,40.0,42.0
2011-12,MUN,GO|LUZIANIA,glp,33,40.0,39.0,40.0,39.0,40.0
2011-12,MUN,GO|MINEIROS,glp,18,44.0,43.0,45.0,42.0,45.0
2011-12,MUN,GO|MORRINHOS,glp,17,38.0,37.6,40.0,37.0,40.0
2011-12,MUN,GO|PLANALTINA,glp,20,45.0,45.0,45.0,45.0,45.0
2011-12,MUN,GO|PONTALINA,glp,1,37.0,37.0,37.0,37.0,37.0
2011-12,MUN,GO|PORANGATU,glp,18,45.0,45.0,45.0,45.0,45.0
2011-12,MUN,GO|RIO VERDE,glp,23,42.0,41.0,43.0,41.0,43.0
2011-12,MUN,GO|TRINDADE,glp,31,40.0,39.0,41.0,39.0,41.0
2011-12,MUN,GO|VALPARAISO DE GOIAS,glp,14,43.0,43.0,43.0,40.0,45.0
2011-12,MUN,MA|ACAILANDIA,glp,5,40.0,40.0,42.6,40.0,43.0
2011-12,MUN,MA|BACABAL,glp,4,38.0,37.3,38.0,37.0,38.0
2011-12,MUN,MA|BALSAS,glp,3,40.0,40.0,40.0,40.0,40.0
2011-12,MUN,MA|BARRA DO CORDA,glp,7,45.0,42.0,45.0,42.0,45.0
2011-12,MUN,MA|CAROLINA,glp,3,44.0,44.0,44.0,44.0,44.0
2011-12,MUN,MA|CAXIAS,glp,3,42.0,42.0,42.0,42.0,42.0
2011-12,MUN,MA|CODO,glp,3,41.0,40.2,41.0,40.0,41.0
2011-12,MUN,MA|IMPERATRIZ,glp,46,40.0,40.0,42.0,40.0,43.0
2011-12,MUN,MA|JOAO LISBOA,glp,1,42.0,42.0,42.0,42.0,42.0
2011-12,MUN,MA|PINHEIRO,glp,4,38.5,37.0,40.0,37.0,40.0
2011-12,MUN,MA|PRESIDENTE DUTRA,glp,3,38.0,38.0,38.0,38.0,38.0
2011-12,MUN,MA|SANTA INES,glp,4,40.0,40.0,40.0,40.0,40.0
2011-12,MUN,MA|SAO DOMINGOS DO MARANHAO,glp,2,36.0,36.0,36.0,36.0,36.0
2011-12,MUN,MA|SAO JOAO DOS PATOS,glp,3,40.0,40.0,40.0,40.0,40.0
2011-12,MUN,MA|SAO JOSE DE RIBAMAR,glp,8,42.0,42.0,45.0,42.0,45.0
2011-12,MUN,MA|SAO LUIS,glp,57,42.5,42.0,45.0,39.0,45.0
2011-12,MUN,MA|TIMON,glp,3,39.0,39.0,39.0,39.0,39.0
2011-12,MUN,MG|ALFENAS,glp,15,38.0,34.4,38.0,33.0,40.0
2011-12,MUN,MG|ARAGUARI,glp,17,45.0,43.0,45.0,43.0,45.0
2011-12,MUN,MG|ARAXA,glp,5,42.0,42.0,45.0,42.0,45.0
2011-12,MUN,MG|BARBACENA,glp,15,37.0,35.0,38.0,35.0,38.0
2011-12,MUN,MG|BELO HORIZONTE,glp,124,43.0,39.5,45.0,37.0,47.0
2011-12,MUN,MG|BETIM,glp,33,43.5,40.2,45.0,39.0,45.5
2011-12,MUN,MG|BOM DESPACHO,glp,3,42.0,40.4,42.0,40.0,42.0
2011-12,MUN,MG|CAMPO BELO,glp,8,36.0,36.0,36.0,36.0,36.0
2011-12,MUN,MG|CARATINGA,glp,3,37.0,36.2,37.8,36.0,38.0
2011-12,MUN,MG|CATAGUASES,glp,5,38.0,37.4,39.6,37.0,40.0
2011-12,MUN,MG|CONGONHAS,glp,10,40.0,38.0,40.0,38.0,40.0
2011-12,MUN,MG|CONSELHEIRO LAFAIETE,glp,10,38.0,37.9,40.2,37.0,42.0
2011-12,MUN,MG|CONTAGEM,glp,110,43.0,41.95,46.0,40.0,47.0
2011-12,MUN,MG|CORONEL FABRICIANO,glp,9,42.0,41.6,42.0,40.0,42.0
2011-12,MUN,MG|CURVELO,glp,10,42.0,42.0,43.0,42.0,43.0
2011-12,MUN,MG|DIAMANTINA,glp,6,45.0,44.0,45.0,44.0,45.0
2011-12,MUN,MG|DIVINOPOLIS,glp,18,40.0,40.0,42.0,40.0,42.0
2011-12,MUN,MG|FORMIGA,glp,4,40.5,36.6,43.0,36.0,43.0
2011-12,MUN,MG|FRUTAL,glp,6,39.95,39.0,40.0,39.0,40.0
2011-12,MUN,MG|GOVERNADOR VALADARES,glp,20,39.5,38.9,40.2,38.0,42.0
2011-12,MUN,MG|GUAXUPE,glp,9,38.0,36.0,38.0,36.0,38.0
2011-12,MUN,MG|IBIRITE,glp,11,43.0,41.0,45.0,40.0,45.0
2011-12,MUN,MG|IPATINGA,glp,15,41.0,40.0,41.6,40.0,42.0
2011-12,MUN,MG|ITABIRA,glp,5,46.0,44.8,46.0,44.0,46.0
2011-12,MUN,MG|ITABIRITO,glp,1,39.0,39.0,39.0,39.0,39.0
2011-12,MUN,MG|ITAJUBA,glp,13,38.0,37.0,40.0,36.0,42.0
2011-12,MUN,MG|ITAUNA,glp,14,42.5,40.0,43.0,39.0,44.0
2011-12,MUN,MG|ITUIUTABA,glp,19,42.0,40.0,43.0,38.0,45.0
2011-12,MUN,MG|ITURAMA,glp,1,40.0,40.0,40.0,40.0,40.0
2011-12,MUN,MG|JANAUBA,glp,1,36.0,36.0,36.0,36.0,36.0
2011-12,MUN,MG|JANUARIA,glp,5,40.0,40.0,42.6,40.0,43.0
2011-12,MUN,MG|JOAO MONLEVADE,glp,7,41.0,41.0,42.0,41.0,42.0
2011-12,MUN,MG|JOAO PINHEIRO,glp,12,45.0,44.505,45.0,44.0,45.5
2011-12,MUN,MG|JUIZ DE FORA,glp,57,42.0,40.0,45.0,37.0,47.0
2011-12,MUN,MG|LAVRAS,glp,12,39.5,38.0,41.8,37.0,42.0
2011-12,MUN,MG|LEOPOLDINA,glp,7,40.0,38.8,40.4,37.0,41.0
2011-12,MUN,MG|MANHUACU,glp,6,37.0,35.5,38.0,35.0,38.0
2011-12,MUN,MG|MARIANA,glp,5,44.0,44.0,45.0,44.0,45.0
2011-12,MUN,MG|MONTE CARMELO,glp,18,40.0,40.0,40.0,40.0,40.0
2011-12,MUN,MG|MONTES CLAROS,glp,16,42.0,40.0,43.5,40.0,44.0
2011-12,MUN,MG|MURIAE,glp,5,41.0,39.8,41.6,39.0,42.0
2011-12,MUN,MG|NOVA LIMA,glp,11,44.0,43.5,45.0,42.0,47.0
2011-12,MUN,MG|OLIVEIRA,glp,7,36.0,36.0,36.2,36.0,36.5
2011-12,MUN,MG|OURO PRETO,glp,10,40.0,39.0,41.1,39.0,42.0
2011-12,MUN,MG|PARA DE MINAS,glp,10,41.95,40.0,42.55,40.0,43.0
2011-12,MUN,MG|PARACATU,glp,9,48.0,45.8,49.0,45.0,49.0
2011-12,MUN,MG|PASSOS,glp,20,39.0,37.9,40.0,37.0,40.0
2011-12,MUN,MG|PATOS DE MINAS,glp,18,48.0,45.0,50.0,45.0,50.0
2011-12,MUN,MG|PATROCINIO,glp,10,45.0,44.0,45.0,44.0,45.0
2011-12,MUN,MG|POCOS DE CALDAS,glp,16,36.0,34.995,39.0,34.99,39.0
2011-12,MUN,MG|PONTE NOVA,glp,1,38.0,38.0,38.0,38.0,38.0
2011-12,MUN,MG|POUSO ALEGRE,glp,18,38.5,37.32,39.0,36.9,39.0
2011-12,MUN,MG|RIBEIRAO DAS NEVES,glp,16,43.0,42.0,45.0,40.0,45.5
2011-12,MUN,MG|SABARA,glp,15,42.0,39.0,44.0,36.0,44.0
2011-12,MUN,MG|SANTA LUZIA,glp,16,43.0,41.5,44.0,40.0,45.0
2011-12,MUN,MG|SANTOS DUMONT,glp,5,39.9,38.4,40.0,38.0,40.0
2011-12,MUN,MG|SAO GONCALO DO RIO ABAIXO,glp,1,42.0,42.0,42.0,42.0,42.0
2011-12,MUN,MG|SAO JOAO DEL REI,glp,16,39.0,39.0,40.0,39.0,40.0
2011-12,MUN,MG|SAO LOURENCO,glp,3,38.0,36.8,39.6,36.5,40.0
2011-12,MUN,MG|SAO SEBASTIAO DO PARAISO,glp,13,38.0,37.0,39.0,37.0,40.0
2011-12,MUN,MG|SETE LAGOAS,glp,25,39.0,38.0,40.0,38.0,40.0
2011-12,MUN,MG|TAIOBEIRAS,glp,1,35.0,35.0,35.0,35.0,35.0
2011-12,MUN,MG|TEOFILO OTONI,glp,22,45.0,42.0,45.0,42.0,45.0
2011-12,MUN,MG|TIMOTEO,glp,9,42.0,39.8,44.0,39.0,44.0
2011-12,MUN,MG|TRES CORACOES,glp,9,38.0,38.0,38.0,38.0,38.0
2011-12,MUN,MG|UBA,glp,7,38.995,38.0,40.0,38.0,40.0
2011-12,MUN,MG|UBERABA,glp,38,48.0,48.0,48.0,48.0,48.0
2011-12,MUN,MG|UBERLANDIA,glp,77,45.0,44.0,46.0,38.0,48.0
2011-12,MUN,MG|UNAI,glp,14,43.0,43.0,43.0,43.0,43.0
2011-12,MUN,MG|VARGINHA,glp,16,45.0,41.25,45.0,40.0,45.0
2011-12,MUN,MG|VESPASIANO,glp,11,42.0,40.0,44.0,40.0,44.0
2011-12,MUN,MG|VICOSA,glp,2,41.5,40.3,42.7,40.0,43.0
2011-12,MUN,MS|BATAYPORA,glp,2,45.5,45.1,45.9,45.0,46.0
2011-12,MUN,MS|CAMPO GRANDE,glp,419,48.5,45.0,49.0,42.0,50.0
2011-12,MUN,MS|CORUMBA,glp,8,47.0,46.4,47.0,45.0,47.0
2011-12,MUN,MS|COXIM,glp,13,52.0,50.2,52.0,48.0,54.0
2011-12,MUN,MS|DOURADOS,glp,67,46.0,45.0,48.0,45.0,50.0
2011-12,MUN,MS|NOVA ANDRADINA,glp,17,45.0,43.0,45.0,43.0,45.0
2011-12,MUN,MS|PARANAIBA,glp,15,45.0,45.0,45.0,44.0,45.0
2011-12,MUN,MS|PONTA PORA,glp,5,45.0,43.0,46.0,43.0,46.0
2011-12,MUN,MS|TRES LAGOAS,glp,16,40.0,40.0,42.0,40.0,42.0
2011-12,MUN,MT|ALTA FLORESTA,glp,9,50.0,50.0,51.2,50.0,52.0
2011-12,MUN,MT|CACERES,glp,11,44.9,43.0,46.0,42.0,48.5
2011-12,MUN,MT|CUIABA,glp,54,48.0,45.0,50.0,43.0,53.9
2011-12,MUN,MT|NOVA MUTUM,glp,1,48.0,48.0,48.0,48.0,48.0
2011-12,MUN,MT|RONDONOPOLIS,glp,11,49.0,49.0,50.0,48.0,50.0
2011-12,MUN,MT|SINOP,glp,14,49.0,48.0,50.0,48.0,50.0
2011-12,MUN,MT|SORRISO,glp,11,50.0,47.0,51.0,45.0,51.0
2011-12,MUN,MT|VARZEA GRANDE,glp,14,45.0,44.0,46.0,44.0,47.0
2011-12,MUN,PA|ABAETETUBA,glp,6,40.0,39.0,40.5,38.0,41.0
2011-12,MUN,PA|ALENQUER,glp,6,43.5,41.5,44.0,40.0,44.0
2011-12,MUN,PA|ALTAMIRA,glp,10,46.0,45.9,46.0,45.0,46.0
2011-12,MUN,PA|ANANINDEUA,glp,31,38.0,38.0,38.0,38.0,38.5
2011-12,MUN,PA|BELEM,glp,86,40.0,35.0,40.0,33.0,45.0
2011-12,MUN,PA|BRAGANCA,glp,6,45.0,44.5,46.0,44.0,47.0
2011-12,MUN,PA|BREVES,glp,3,44.0,42.4,44.8,42.0,45.0
2011-12,MUN,PA|CAMETA,glp,6,45.0,44.0,45.0,43.0,45.0
2011-12,MUN,PA|CASTANHAL,glp,7,45.0,41.8,45.0,40.0,45.0
2011-12,MUN,PA|CONCEICAO DO ARAGUAIA,glp,7,38.0,38.0,38.0,38.0,38.0
2011-12,MUN,PA|ITAITUBA,glp,10,40.0,40.0,45.1,40.0,46.0
2011-12,MUN,PA|MARABA,glp,4,40.5,40.0,41.7,40.0,42.0
2011-12,MUN,PA|PARAGOMINAS,glp,5,48.0,48.0,50.0,48.0,50.0
2011-12,MUN,PA|PARAUAPEBAS,glp,3,48.0,48.0,48.8,48.0,49.0
2011-12,MUN,PA|REDENCAO,glp,5,35.0,35.0,35.0,35.0,35.0
2011-12,MUN,PA|SANTAREM,glp,36,42.0,40.0,43.0,36.5,44.0
2011-12,MUN,PA|TUCURUI,glp,5,35.0,35.0,35.0,35.0,35.0
2011-12,MUN,PA|XINGUARA,glp,7,46.5,45.3,47.4,45.0,48.0
2011-12,MUN,PB|BAYEUX,glp,10,34.0,33.0,35.0,33.0,35.0
2011-12,MUN,PB|CABEDELO,glp,7,35.0,33.0,35.0,33.0,35.0
2011-12,MUN,PB|CAMPINA GRANDE,glp,38,35.0,35.0,35.3,33.0,38.0
2011-12,MUN,PB|GUARABIRA,glp,1,35.0,35.0,35.0,35.0,35.0
2011-12,MUN,PB|INGA,glp,1,35.0,35.0,35.0,35.0,35.0
2011-12,MUN,PB|ITABAIANA,glp,1,35.0,35.0,35.0,35.0,35.0
2011-12,MUN,PB|JOAO PESSOA,glp,46,33.0,33.0,35.0,31.0,35.0
2011-12,MUN,PB|MAMANGUAPE,glp,2,34.0,33.2,34.8,33.0,35.0
2011-12,MUN,PB|PATOS,glp,7,35.0,34.5,35.0,34.5,35.0
2011-12,MUN,PB|SANTA RITA,glp,8,33.0,33.0,35.0,33.0,35.0
2011-12,MUN,PB|SAPE,glp,3,34.0,33.2,34.8,33.0,35.0
2011-12,MUN,PB|SOUSA,glp,6,32.0,31.0,32.5,30.0,33.0
2011-12,MUN,PE|ABREU E LIMA,glp,7,33.995,33.0,34.997,33.0,35.0
2011-12,MUN,PE|AFOGADOS DA INGAZEIRA,glp,4,38.0,38.0,38.7,38.0,39.0
2011-12,MUN,PE|AGUAS BELAS,glp,1,38.0,38.0,38.0,38.0,38.0
2011-12,MUN,PE|ARARIPINA,glp,4,37.0,36.3,37.0,36.0,37.0
2011-12,MUN,PE|ARCOVERDE,glp,4,36.5,36.0,37.0,36.0,37.0
2011-12,MUN,PE|BELO JARDIM,glp,6,37.0,36.0,37.0,36.0,37.0
2011-12,MUN,PE|BEZERROS,glp,1,36.5,36.5,36.5,36.5,36.5
2011-12,MUN,PE|BOM CONSELHO,glp,4,37.0,36.3,37.0,36.0,37.0
2011-12,MUN,PE|CABO DE SANTO AGOSTINHO,glp,15,35.0,33.0,37.398,33.0,38.0
2011-12,MUN,PE|CACHOEIRINHA,glp,1,36.0,36.0,36.0,36.0,36.0
2011-12,MUN,PE|CAMARAGIBE,glp,15,34.0,33.0,34.998,33.0,37.0
2011-12,MUN,PE|CARUARU,glp,18,33.75,28.0,38.0,28.0,39.0
2011-12,MUN,PE|GARANHUNS,glp,6,36.0,36.0,36.0,36.0,36.0
2011-12,MUN,PE|GOIANA,glp,5,35.5,35.0,35.8,35.0,36.0
2011-12,MUN,PE|GRAVATA,glp,4,30.0,30.0,30.0,30.0,30.0
2011-12,MUN,PE|IGARASSU,glp,15,34.0,33.0,34.795,33.0,35.5
2011-12,MUN,PE|JABOATAO DOS GUARARAPES,glp,53,35.0,34.5,37.9,33.0,38.0
2011-12,MUN,PE|LAJEDO,glp,6,36.0,36.0,36.0,36.0,36.0
2011-12,MUN,PE|MORENO,glp,1,35.0,35.0,35.0,35.0,35.0
2011-12,MUN,PE|OLINDA,glp,39,32.5,30.0,35.0,28.0,35.0
2011-12,MUN,PE|PAULISTA,glp,7,34.0,33.0,34.995,33.0,34.995
2011-12,MUN,PE|PETROLINA,glp,14,35.0,35.0,35.0,34.25,35.0
2011-12,MUN,PE|RECIFE,glp,107,34.0,30.0,35.0,29.995,40.0
2011-12,MUN,PE|SALGUEIRO,glp,5,38.0,38.0,38.0,38.0,38.0
2011-12,MUN,PE|SANTA CRUZ DO CAPIBARIBE,glp,5,36.0,35.4,36.0,35.0,36.0
2011-12,MUN,PE|SAO BENTO DO UNA,glp,6,36.0,36.0,36.0,36.0,36.0
2011-12,MUN,PE|SAO LOURENCO DA MATA,glp,11,33.995,33.0,34.5,33.0,34.99
2011-12,MUN,PE|SERRA TALHADA,glp,4,40.0,40.0,40.0,40.0,40.0
2011-12,MUN,PE|VITORIA DE SANTO ANTAO,glp,12,35.0,35.0,35.0,34.0,35.0
2011-12,MUN,PI|BARRAS,glp,2,42.0,42.0,42.0,42.0,42.0
2011-12,MUN,PI|CAMPO MAIOR,glp,4,43.0,43.0,43.0,43.0,43.0
2011-12,MUN,PI|OEIRAS,glp,5,40.0,40.0,40.6,40.0,41.0
2011-12,MUN,PI|PARNAIBA,glp,3,42.0,41.2,42.0,41.0,42.0
2011-12,MUN,PI|PICOS,glp,2,38.0,38.0,38.0,38.0,38.0
2011-12,MUN,PI|PIRIPIRI,glp,4,43.0,40.9,43.0,40.0,43.0
2011-12,MUN,PI|TERESINA,glp,53,40.0,40.0,40.0,34.99,40.0
2011-12,MUN,PR|ALMIRANTE TAMANDARE,glp,10,38.75,38.0,39.1,38.0,40.0
2011-12,MUN,PR|APUCARANA,glp,18,40.0,38.7,40.0,38.0,40.0
2011-12,MUN,PR|ARAPONGAS,glp,17,40.0,38.0,40.0,38.0,40.0
2011-12,MUN,PR|ARAUCARIA,glp,13,36.5,35.0,38.9,35.0,43.25
2011-12,MUN,PR|ASSIS CHATEAUBRIAND,glp,4,35.0,35.0,35.63,35.0,35.9
2011-12,MUN,PR|CAMBE,glp,29,40.0,39.0,41.0,39.0,42.0
2011-12,MUN,PR|CAMPO LARGO,glp,18,37.0,36.0,37.5,36.0,38.0
2011-12,MUN,PR|CAMPO MOURAO,glp,11,43.0,40.0,45.0,40.0,45.0
2011-12,MUN,PR|CASCAVEL,glp,69,41.0,40.0,42.0,40.0,43.0
2011-12,MUN,PR|CASTRO,glp,9,39.0,36.8,40.0,36.0,40.0
2011-12,MUN,PR|CIANORTE,glp,14,43.0,40.0,45.0,40.0,45.0
2011-12,MUN,PR|COLOMBO,glp,24,37.0,36.15,38.97,35.0,40.0
2011-12,MUN,PR|CORNELIO PROCOPIO,glp,6,40.0,40.0,40.0,40.0,40.0
2011-12,MUN,PR|CURITIBA,glp,117,36.0,35.0,37.0,34.0,38.0
2011-12,MUN,PR|FOZ DO IGUACU,glp,43,48.5,48.0,49.0,40.0,49.0
2011-12,MUN,PR|FRANCISCO BELTRAO,glp,7,35.0,33.954,37.0,33.9,40.0
2011-12,MUN,PR|GUAIRA,glp,1,40.0,40.0,40.0,40.0,40.0
2011-12,MUN,PR|GUARAPUAVA,glp,14,39.0,37.3,40.0,37.0,40.0
2011-12,MUN,PR|IBIPORA,glp,1,41.0,41.0,41.0,41.0,41.0
2011-12,MUN,PR|LARANJEIRAS DO SUL,glp,7,40.0,37.0,42.36,37.0,42.9
2011-12,MUN,PR|LONDRINA,glp,106,40.0,40.0,41.0,40.0,41.1
2011-12,MUN,PR|MARECHAL CANDIDO RONDON,glp,6,45.75,43.5,47.25,42.0,48.0
2011-12,MUN,PR|MARINGA,glp,41,45.0,43.0,45.0,42.5,48.0
2011-12,MUN,PR|PARANAGUA,glp,23,37.0,35.0,38.0,35.0,39.0
2011-12,MUN,PR|PARANAVAI,glp,13,42.0,41.2,42.4,40.0,43.0
2011-12,MUN,PR|PATO BRANCO,glp,13,42.0,42.0,42.0,41.0,42.0
2011-12,MUN,PR|PINHAIS,glp,16,37.5,35.75,39.0,35.0,39.5
2011-12,MUN,PR|PONTA GROSSA,glp,33,37.0,36.0,37.0,35.0,40.0
2011-12,MUN,PR|SANTO ANTONIO DA PLATINA,glp,16,40.0,39.5,40.5,38.0,42.0
2011-12,MUN,PR|SAO JOSE DOS PINHAIS,glp,17,37.5,36.0,39.0,35.5,42.0
2011-12,MUN,PR|TERRA BOA,glp,1,45.0,45.0,45.0,45.0,45.0
2011-12,MUN,PR|TOLEDO,glp,22,38.0,33.0,40.0,32.45,40.0
2011-12,MUN,PR|UMUARAMA,glp,15,38.0,36.6,39.6,36.0,40.0
2011-12,MUN,PR|UNIAO DA VITORIA,glp,4,43.5,42.0,45.0,42.0,45.0
2011-12,MUN,RJ|ANGRA DOS REIS,glp,5,40.0,39.0,43.2,39.0,44.0
2011-12,MUN,RJ|ARARUAMA,glp,6,36.5,34.75,38.0,34.5,39.0
2011-12,MUN,RJ|ARMACAO DOS BUZIOS,glp,1,38.4,38.4,38.4,38.4,38.4
2011-12,MUN,RJ|BARRA DO PIRAI,glp,4,38.5,37.3,41.1,37.0,42.0
2011-12,MUN,RJ|BARRA MANSA,glp,13,39.0,35.4,40.0,35.0,42.0
2011-12,MUN,RJ|BELFORD ROXO,glp,6,40.0,38.49,40.0,37.99,40.0
2011-12,MUN,RJ|CABO FRIO,glp,4,34.75,32.45,36.7,32.0,37.0
2011-12,MUN,RJ|CAMPOS DOS GOYTACAZES,glp,20,40.0,38.0,40.0,38.0,42.0
2011-12,MUN,RJ|DUQUE DE CAXIAS,glp,54,39.0,35.0,40.0,33.0,42.0
2011-12,MUN,RJ|ITABORAI,glp,4,37.5,36.3,39.4,36.0,40.0
2011-12,MUN,RJ|ITAGUAI,glp,4,39.7,37.68,40.6,36.9,40.9
2011-12,MUN,RJ|ITAPERUNA,glp,3,38.0,36.4,39.6,36.0,40.0
2011-12,MUN,RJ|MACAE,glp,4,40.0,40.0,42.1,40.0,43.0
2011-12,MUN,RJ|MAGE,glp,3,38.0,37.2,38.0,37.0,38.0
2011-12,MUN,RJ|MANGARATIBA,glp,1,39.9,39.9,39.9,39.9,39.9
2011-12,MUN,RJ|MARICA,glp,3,38.0,37.2,38.8,37.0,39.0
2011-12,MUN,RJ|NILOPOLIS,glp,4,40.0,40.0,40.0,40.0,40.0
2011-12,MUN,RJ|NITEROI,glp,14,38.0,37.0,40.8,35.0,42.0
2011-12,MUN,RJ|NOVA FRIBURGO,glp,6,39.0,38.5,40.0,38.0,40.0
2011-12,MUN,RJ|NOVA IGUACU,glp,22,36.0,34.99,39.8,34.0,40.0
2011-12,MUN,RJ|PARAIBA DO SUL,glp,3,40.0,40.0,40.8,40.0,41.0
2011-12,MUN,RJ|PARATY,glp,1,40.0,40.0,40.0,40.0,40.0
2011-12,MUN,RJ|PETROPOLIS,glp,7,38.0,37.1,42.0,35.9,42.0
2011-12,MUN,RJ|RESENDE,glp,6,38.0,38.0,38.0,38.0,38.0
2011-12,MUN,RJ|RIO BONITO,glp,4,39.0,39.0,39.0,39.0,39.0
2011-12,MUN,RJ|RIO DAS OSTRAS,glp,1,40.0,40.0,40.0,40.0,40.0
2011-12,MUN,RJ|RIO DE JANEIRO,glp,94,36.0,33.64,41.56,31.99,43.0
2011-12,MUN,RJ|SANTO ANTONIO DE PADUA,glp,2,35.0,35.0,35.0,35.0,35.0
2011-12,MUN,RJ|SAO FRANCISCO DE ITABAPOANA,glp,2,38.0,38.0,38.0,38.0,38.0
2011-12,MUN,RJ|SAO GONCALO,glp,26,36.0,35.5,38.5,34.0,40.0
2011-12,MUN,RJ|SAO JOAO DE MERITI,glp,14,38.0,38.0,38.94,36.0,40.0
2011-12,MUN,RJ|SAPUCAIA,glp,2,39.5,39.1,39.9,39.0,40.0
2011-12,MUN,RJ|SAQUAREMA,glp,5,33.0,32.4,34.6,32.0,35.0
2011-12,MUN,RJ|TERESOPOLIS,glp,6,40.0,39.5,40.0,39.0,40.0
2011-12,MUN,RJ|TRES RIOS,glp,3,40.0,38.4,40.0,38.0,40.0
2011-12,MUN,RJ|VALENCA,glp,4,38.5,37.3,39.7,37.0,40.0
2011-12,MUN,RJ|VASSOURAS,glp,2,40.0,40.0,40.0,40.0,40.0
2011-12,MUN,RJ|VOLTA REDONDA,glp,7,38.0,35.0,40.0,35.0,40.0
2011-12,MUN,RN|CAICARA DO NORTE,glp,1,40.0,40.0,40.0,40.0,40.0
2011-12,MUN,RN|CAICO,glp,5,37.0,35.4,38.0,35.0,38.0
2011-12,MUN,RN|CURRAIS NOVOS,glp,4,37.5,34.3,40.0,34.0,40.0
2011-12,MUN,RN|MOSSORO,glp,5,36.0,35.0,37.4,35.0,38.0
2011-12,MUN,RN|NATAL,glp,75,40.0,39.0,40.0,38.0,42.0
2011-12,MUN,RN|PARNAMIRIM,glp,19,38.5,37.0,40.4,35.0,42.0
2011-12,MUN,RN|SAO JOSE DE MIPIBU,glp,3,40.0,40.0,40.0,40.0,40.0
2011-12,MUN,RN|SERRA DO MEL,glp,1,40.0,40.0,40.0,40.0,40.0
2011-12,MUN,RO|ARIQUEMES,glp,7,42.0,42.0,42.0,42.0,42.0
2011-12,MUN,RO|CACOAL,glp,5,42.0,42.0,42.6,42.0,43.0
2011-12,MUN,RO|GUAJARA-MIRIM,glp,6,42.5,42.0,43.0,42.0,43.0
2011-12,MUN,RO|JI-PARANA,glp,13,38.0,37.0,39.0,37.0,39.0
2011-12,MUN,RO|PIMENTA BUENO,glp,4,43.0,42.0,44.0,42.0,44.0
2011-12,MUN,RO|PORTO VELHO,glp,60,38.0,37.9,40.0,37.0,40.0
2011-12,MUN,RO|SAO MIGUEL DO GUAPORE,glp,3,45.0,45.0,45.0,45.0,45.0
2011-12,MUN,RO|VILHENA,glp,8,42.5,42.0,43.0,42.0,43.0
2011-12,MUN,RR|BOA VISTA,glp,34,44.0,43.0,45.0,41.0,46.0
2011-12,MUN,RR|CANTA,glp,3,40.0,36.8,44.0,36.0,45.0
2011-12,MUN,RR|CARACARAI,glp,2,44.75,43.75,45.75,43.5,46.0
2011-12,MUN,RR|RORAINOPOLIS,glp,2,41.0,40.2,41.8,40.0,42.0
2011-12,MUN,RS|ALEGRETE,glp,12,36.0,35.455,39.45,35.0,40.0
2011-12,MUN,RS|ALVORADA,glp,14,40.0,37.3,41.35,35.5,42.0
2011-12,MUN,RS|BAGE,glp,28,38.0,38.0,40.0,36.0,42.0
2011-12,MUN,RS|BENTO GONCALVES,glp,14,43.5,40.6,45.0,40.0,45.0
2011-12,MUN,RS|CACAPAVA DO SUL,glp,11,43.0,40.0,43.0,40.0,43.0
2011-12,MUN,RS|CACHOEIRA DO SUL,glp,19,39.0,38.0,42.0,38.0,44.0
2011-12,MUN,RS|CACHOEIRINHA,glp,11,40.0,38.0,40.0,38.0,41.0
2011-12,MUN,RS|CANOAS,glp,29,40.0,37.0,42.0,36.0,43.0
2011-12,MUN,RS|CAXIAS DO SUL,glp,68,40.0,39.95,42.0,37.0,45.0
2011-12,MUN,RS|CHUI,glp,4,33.0,31.6,34.4,31.0,35.0
2011-12,MUN,RS|CRUZ ALTA,glp,9,35.0,30.0,40.0,30.0,40.0
2011-12,MUN,RS|ERECHIM,glp,19,47.0,46.0,47.5,45.5,48.0
2011-12,MUN,RS|ESTEIO,glp,18,40.0,38.7,42.0,38.0,42.0
2011-12,MUN,RS|GRAMADO,glp,8,42.5,40.0,43.635,40.0,43.95
2011-12,MUN,RS|GRAVATAI,glp,29,40.0,39.0,41.2,37.0,42.0
2011-12,MUN,RS|GUAIBA,glp,16,40.0,39.9,42.0,39.9,42.0
2011-12,MUN,RS|IJUI,glp,8,40.5,38.7,42.3,38.0,43.0
2011-12,MUN,RS|JAGUARAO,glp,10,33.625,32.934,36.6,32.34,42.0
2011-12,MUN,RS|LAJEADO,glp,11,40.0,39.0,40.0,39.0,40.0
2011-12,MUN,RS|NOVO HAMBURGO,glp,23,37.0,35.2,38.8,34.0,40.0
2011-12,MUN,RS|OSORIO,glp,10,42.0,42.0,43.0,42.0,43.0
2011-12,MUN,RS|PALMEIRA DAS MISSOES,glp,10,40.0,39.0,42.0,39.0,42.0
2011-12,MUN,RS|PASSO FUNDO,glp,41,42.0,40.0,43.5,37.0,44.0
2011-12,MUN,RS|PELOTAS,glp,38,37.0,35.0,38.0,34.0,40.0
2011-12,MUN,RS|PINTO BANDEIRA,glp,1,46.0,46.0,46.0,46.0,46.0
2011-12,MUN,RS|PORTO ALEGRE,glp,74,40.0,38.475,42.0,35.0,42.0
2011-12,MUN,RS|RIO GRANDE,glp,32,38.0,36.0,39.0,36.0,40.0
2011-12,MUN,RS|SANTA CRUZ DO SUL,glp,20,40.0,38.0,43.0,37.0,44.0
2011-12,MUN,RS|SANTA MARIA,glp,83,38.18,37.0,41.0,34.0,43.5
2011-12,MUN,RS|SANTA ROSA,glp,11,38.0,37.0,38.5,37.0,39.0
2011-12,MUN,RS|SANTA VITORIA DO PALMAR,glp,9,36.0,36.0,38.0,36.0,38.0
2011-12,MUN,RS|SANTANA DO LIVRAMENTO,glp,18,37.0,37.0,37.0,37.0,37.0
2011-12,MUN,RS|SANTO ANGELO,glp,19,42.0,40.0,42.2,40.0,44.0
2011-12,MUN,RS|SAO BORJA,glp,7,42.0,40.6,42.0,40.0,42.0
2011-12,MUN,RS|SAO GABRIEL,glp,17,42.0,38.0,44.4,36.0,45.0
2011-12,MUN,RS|SAO LEOPOLDO,glp,18,38.0,36.0,40.0,35.0,40.0
2011-12,MUN,RS|SAO LUIZ GONZAGA,glp,5,40.0,39.4,40.0,39.0,40.0
2011-12,MUN,RS|SAPIRANGA,glp,13,42.0,41.0,42.0,40.0,43.0
2011-12,MUN,RS|SAPUCAIA DO SUL,glp,24,40.0,38.15,41.7,36.0,42.15
2011-12,MUN,RS|TORRES,glp,6,40.0,40.0,42.0,40.0,42.0
2011-12,MUN,RS|TRAMANDAI,glp,11,42.0,40.0,43.0,40.0,43.0
2011-12,MUN,RS|URUGUAIANA,glp,11,42.0,40.0,43.0,40.0,43.0
2011-12,MUN,RS|VACARIA,glp,11,39.5,36.0,40.0,35.0,41.0
2011-12,MUN,RS|VIAMAO,glp,19,40.0,38.0,42.0,37.9,42.0
2011-12,MUN,SC|ARARANGUA,glp,4,40.0,40.0,41.4,40.0,42.0
2011-12,MUN,SC|BALNEARIO CAMBORIU,glp,3,45.0,43.4,45.8,43.0,46.0
2011-12,MUN,SC|BIGUACU,glp,3,46.0,46.0,46.8,46.0,47.0
2011-12,MUN,SC|BLUMENAU,glp,22,44.0,42.1,45.0,42.0,47.0
2011-12,MUN,SC|BRUSQUE,glp,5,40.0,38.0,44.7,38.0,46.5
2011-12,MUN,SC|CACADOR,glp,4,45.0,41.5,45.0,40.0,45.0
2011-12,MUN,SC|CHAPECO,glp,13,45.0,42.984,46.0,40.0,46.0
2011-12,MUN,SC|CONCORDIA,glp,4,38.0,38.0,38.7,38.0,39.0
2011-12,MUN,SC|CRICIUMA,glp,9,40.0,38.0,42.0,38.0,42.0
2011-12,MUN,SC|FLORIANOPOLIS,glp,81,44.0,42.0,45.0,41.0,47.0
2011-12,MUN,SC|GASPAR,glp,1,47.0,47.0,47.0,47.0,47.0
2011-12,MUN,SC|ITAJAI,glp,22,40.0,39.0,42.0,38.0,42.0
2011-12,MUN,SC|JARAGUA DO SUL,glp,5,44.0,41.2,45.0,40.0,45.0
2011-12,MUN,SC|JOINVILLE,glp,28,40.0,39.0,42.3,38.5,43.0
2011-12,MUN,SC|LAGES,glp,7,43.0,41.8,43.8,40.0,45.0
2011-12,MUN,SC|LAGUNA,glp,4,39.0,38.0,41.4,38.0,42.0
2011-12,MUN,SC|MAFRA,glp,4,37.25,36.3,37.85,36.0,38.0
2011-12,MUN,SC|PALHOCA,glp,10,45.0,44.0,47.0,44.0,47.0
2011-12,MUN,SC|SAO JOSE,glp,14,44.0,42.3,45.0,42.0,46.0
2011-12,MUN,SC|SAO MIGUEL DO OESTE,glp,2,37.5,36.3,38.7,36.0,39.0
2011-12,MUN,SC|TUBARAO,glp,6,38.0,36.5,39.5,36.0,40.0
2011-12,MUN,SC|VIDEIRA,glp,5,40.0,40.0,42.4,40.0,44.0
2011-12,MUN,SC|XANXERE,glp,5,44.0,44.0,44.0,44.0,44.0
2011-12,MUN,SE|ARACAJU,glp,27,35.0,35.0,37.0,35.0,37.0
2011-12,MUN,SE|ITABAIANA,glp,5,35.0,34.4,37.6,34.0,38.0
2011-12,MUN,SE|ITABAIANINHA,glp,3,35.0,34.2,35.0,34.0,35.0
2011-12,MUN,SE|LAGARTO,glp,4,36.45,35.27,37.0,35.0,37.0
2011-12,MUN,SE|NOSSA SENHORA DO SOCORRO,glp,8,35.0,35.0,35.9,35.0,38.0
2011-12,MUN,SE|SIMAO DIAS,glp,4,35.0,35.0,35.0,35.0,35.0
2011-12,MUN,SE|TOBIAS BARRETO,glp,4,37.0,37.0,37.0,37.0,37.0
2011-12,MUN,SP|ADAMANTINA,glp,12,38.0,37.1,38.0,35.0,38.0
2011-12,MUN,SP|AMERICANA,glp,23,42.0,41.0,42.0,39.99,42.0
2011-12,MUN,SP|AMPARO,glp,7,39.0,37.6,40.52,37.0,42.8
2011-12,MUN,SP|APIAI,glp,2,39.0,39.0,39.0,39.0,39.0
2011-12,MUN,SP|ARACATUBA,glp,43,37.0,35.0,38.0,34.0,40.0
2011-12,MUN,SP|ARARAQUARA,glp,15,39.0,38.0,40.0,34.99,40.0
2011-12,MUN,SP|ARARAS,glp,5,36.5,34.94,37.28,34.9,37.8
2011-12,MUN,SP|ASSIS,glp,15,42.0,41.4,42.0,39.0,42.0
2011-12,MUN,SP|ATIBAIA,glp,24,38.0,37.0,40.0,36.0,40.0
2011-12,MUN,SP|AVARE,glp,10,40.0,38.0,40.15,38.0,41.5
2011-12,MUN,SP|BARRETOS,glp,17,35.0,33.0,35.7,33.0,36.8
2011-12,MUN,SP|BARUERI,glp,33,39.0,35.99,42.0,33.99,43.0
2011-12,MUN,SP|BAURU,glp,63,40.0,37.0,41.9,35.0,42.0
2011-12,MUN,SP|BEBEDOURO,glp,22,34.975,31.1,37.99,29.99,40.0
2011-12,MUN,SP|BIRIGUI,glp,21,37.5,34.0,38.0,32.0,40.0
2011-12,MUN,SP|BOTUCATU,glp,16,45.0,41.5,45.0,40.0,45.0
2011-12,MUN,SP|BRAGANCA PAULISTA,glp,22,36.0,31.1,37.0,29.99,38.0
2011-12,MUN,SP|CACAPAVA,glp,19,37.0,32.0,38.0,31.99,38.0
2011-12,MUN,SP|CAMPINAS,glp,80,38.0,35.5,42.0,33.0,42.0
2011-12,MUN,SP|CAMPOS DO JORDAO,glp,9,37.0,35.8,37.2,31.0,38.0
2011-12,MUN,SP|CAPAO BONITO,glp,4,37.5,36.3,38.0,36.0,38.0
2011-12,MUN,SP|CARAGUATATUBA,glp,13,40.0,39.0,40.0,37.9,42.0
2011-12,MUN,SP|CARAPICUIBA,glp,27,34.99,33.99,38.397,33.99,40.0
2011-12,MUN,SP|CATANDUVA,glp,16,38.0,37.0,38.0,35.0,40.0
2011-12,MUN,SP|COSMOPOLIS,glp,10,38.0,38.0,39.0,38.0,39.0
2011-12,MUN,SP|COTIA,glp,11,37.0,35.0,41.0,35.0,41.0
2011-12,MUN,SP|CRUZEIRO,glp,14,37.0,35.3,37.0,34.0,37.0
2011-12,MUN,SP|CUBATAO,glp,7,39.0,37.84,40.0,37.0,40.0
2011-12,MUN,SP|DIADEMA,glp,36,35.5,31.0,38.95,29.99,40.0
2011-12,MUN,SP|DRACENA,glp,10,45.0,44.7,45.2,42.0,47.0
2011-12,MUN,SP|EMBU DAS ARTES,glp,5,38.0,35.8,38.0,35.0,38.0
2011-12,MUN,SP|FERNANDOPOLIS,glp,1,38.0,38.0,38.0,38.0,38.0
2011-12,MUN,SP|FERRAZ DE VASCONCELOS,glp,11,38.0,36.0,38.0,36.0,40.0
2011-12,MUN,SP|FRANCA,glp,48,39.9,38.0,40.0,32.0,41.0
2011-12,MUN,SP|FRANCISCO MORATO,glp,12,42.0,40.2,42.0,40.0,44.0
2011-12,MUN,SP|FRANCO DA ROCHA,glp,6,40.0,36.5,40.0,35.0,40.0
2011-12,MUN,SP|GARCA,glp,10,40.0,38.0,40.0,38.0,40.0
2011-12,MUN,SP|GUARATINGUETA,glp,17,33.0,30.0,39.7,30.0,40.0
2011-12,MUN,SP|GUARUJA,glp,10,40.9,35.999,43.0,35.99,43.9
2011-12,MUN,SP|GUARULHOS,glp,58,38.0,35.0,41.1,32.0,44.0
2011-12,MUN,SP|HORTOLANDIA,glp,21,37.0,36.0,40.0,35.0,42.0
2011-12,MUN,SP|IBITINGA,glp,8,39.0,38.0,40.525,38.0,41.75
2011-12,MUN,SP|INDAIATUBA,glp,23,42.0,40.0,42.0,39.5,43.0
2011-12,MUN,SP|ITANHAEM,glp,13,37.0,37.0,38.8,35.0,39.0
2011-12,MUN,SP|ITAPECERICA DA SERRA,glp,6,40.0,36.995,40.0,35.99,40.0
2011-12,MUN,SP|ITAPETININGA,glp,15,35.0,35.0,37.0,33.0,38.0
2011-12,MUN,SP|ITAPEVA,glp,5,40.0,40.0,40.0,40.0,40.0
2011-12,MUN,SP|ITAPEVI,glp,6,35.49,33.99,38.0,33.99,38.0
2011-12,MUN,SP|ITAPIRA,glp,5,37.0,37.0,37.0,37.0,37.0
2011-12,MUN,SP|ITAPOLIS,glp,17,40.0,39.0,40.0,37.0,41.0
2011-12,MUN,SP|ITAQUAQUECETUBA,glp,21,38.0,38.0,40.0,33.995,42.0
2011-12,MUN,SP|ITATIBA,glp,11,38.0,36.0,38.0,36.0,39.0
2011-12,MUN,SP|ITU,glp,11,37.0,34.0,38.0,33.0,38.0
2011-12,MUN,SP|JABOTICABAL,glp,22,38.0,37.0,40.0,37.0,42.0
2011-12,MUN,SP|JACAREI,glp,16,36.75,33.5,40.0,32.0,42.0
2011-12,MUN,SP|JALES,glp,7,38.0,37.6,38.8,37.0,40.0
2011-12,MUN,SP|JANDIRA,glp,14,38.0,37.993,40.0,37.99,41.0
2011-12,MUN,SP|JAU,glp,12,38.0,35.3,38.0,35.0,40.0
2011-12,MUN,SP|JOSE BONIFACIO,glp,15,37.0,35.0,39.0,34.9,39.45
2011-12,MUN,SP|JUNDIAI,glp,16,37.0,37.0,39.5,37.0,40.0
2011-12,MUN,SP|LEME,glp,19,36.0,33.9,37.0,33.0,37.0
2011-12,MUN,SP|LIMEIRA,glp,20,36.0,35.0,38.199,33.99,39.99
2011-12,MUN,SP|LINS,glp,22,33.75,32.55,35.0,30.0,38.0
2011-12,MUN,SP|LORENA,glp,17,33.0,30.0,35.0,29.0,35.0
2011-12,MUN,SP|MARILIA,glp,13,39.0,34.96,40.0,34.9,41.0
2011-12,MUN,SP|MATAO,glp,18,41.5,40.0,42.0,38.0,45.0
2011-12,MUN,SP|MAUA,glp,35,42.0,37.936,44.6,32.0,47.0
2011-12,MUN,SP|MIRASSOL,glp,13,36.0,35.0,37.998,34.3,40.0
2011-12,MUN,SP|MOCOCA,glp,15,41.0,39.4,42.0,38.0,42.0
2011-12,MUN,SP|MOGI DAS CRUZES,glp,47,39.9,37.0,42.4,36.0,43.0
2011-12,MUN,SP|MOGI GUACU,glp,18,38.0,37.0,38.0,35.0,39.0
2011-12,MUN,SP|MOGI MIRIM,glp,8,38.0,37.7,38.6,37.0,40.0
2011-12,MUN,SP|MONTE ALTO,glp,12,42.0,38.2,45.8,38.0,46.0
2011-12,MUN,SP|OLIMPIA,glp,11,33.0,32.0,35.0,32.0,35.0
2011-12,MUN,SP|OSASCO,glp,81,36.99,33.99,41.0,33.0,46.0
2011-12,MUN,SP|OURINHOS,glp,21,39.0,35.0,41.0,31.0,41.3
2011-12,MUN,SP|PARAGUACU PAULISTA,glp,13,40.0,39.1,40.0,39.0,40.0
2011-12,MUN,SP|PAULICEIA,glp,1,38.0,38.0,38.0,38.0,38.0
2011-12,MUN,SP|PAULINIA,glp,21,36.0,35.0,38.0,34.0,38.0
2011-12,MUN,SP|PINDAMONHANGABA,glp,19,37.0,34.98,38.0,34.9,39.0
2011-12,MUN,SP|PIRACICABA,glp,30,41.25,38.9,42.0,35.0,42.0
2011-12,MUN,SP|PIRASSUNUNGA,glp,7,35.5,34.9,37.4,34.9,38.0
2011-12,MUN,SP|POA,glp,8,37.5,36.0,40.0,36.0,40.0
2011-12,MUN,SP|PORTO FERREIRA,glp,8,34.0,32.8,35.3,30.0,36.0
2011-12,MUN,SP|PRAIA GRANDE,glp,20,40.0,36.0,43.2,34.985,46.0
2011-12,MUN,SP|PRESIDENTE PRUDENTE,glp,60,39.0,36.0,40.0,35.0,43.9
2011-12,MUN,SP|PRESIDENTE VENCESLAU,glp,10,37.0,36.7,38.91,34.0,39.0
2011-12,MUN,SP|RIBEIRAO PIRES,glp,13,41.9,39.52,43.0,39.4,44.0
2011-12,MUN,SP|RIBEIRAO PRETO,glp,116,42.0,39.0,42.0,37.0,45.0
2011-12,MUN,SP|RIO CLARO,glp,8,35.0,35.0,35.0,35.0,35.0
2011-12,MUN,SP|SALTO,glp,15,40.0,35.0,41.0,34.0,42.0
2011-12,MUN,SP|SANTA BARBARA D'OESTE,glp,25,41.0,40.0,42.0,38.0,42.0
2011-12,MUN,SP|SANTA CRUZ DO RIO PARDO,glp,12,37.0,37.0,38.0,35.0,38.6
2011-12,MUN,SP|SANTO ANDRE,glp,43,39.9,36.0,43.9,32.99,44.0
2011-12,MUN,SP|SANTOS,glp,33,38.0,36.0,41.5,36.0,43.0
2011-12,MUN,SP|SAO BERNARDO DO CAMPO,glp,50,41.0,36.9,43.0,34.0,44.0
2011-12,MUN,SP|SAO CAETANO DO SUL,glp,7,42.0,40.0,44.34,40.0,45.0
2011-12,MUN,SP|SAO CARLOS,glp,16,37.95,36.9,39.9,36.9,39.9
2011-12,MUN,SP|SAO JOAO DA BOA VISTA,glp,11,38.0,38.0,38.0,38.0,38.0
2011-12,MUN,SP|SAO JOAQUIM DA BARRA,glp,11,40.0,38.0,42.0,38.0,42.0
2011-12,MUN,SP|SAO JOSE DO RIO PRETO,glp,96,38.0,35.0,40.0,35.0,42.5
2011-12,MUN,SP|SAO JOSE DOS CAMPOS,glp,62,36.0,35.0,38.0,32.99,39.0
2011-12,MUN,SP|SAO PAULO,glp,269,39.45,34.792,42.992,33.95,44.0
2011-12,MUN,SP|SAO ROQUE,glp,11,37.0,35.0,39.9,34.99,40.0
2011-12,MUN,SP|SAO VICENTE,glp,43,38.5,36.68,40.8,33.99,45.0
2011-12,MUN,SP|SERTAOZINHO,glp,26,38.0,35.0,40.0,35.0,40.0
2011-12,MUN,SP|SOROCABA,glp,28,38.0,37.0,39.0,36.0,41.0
2011-12,MUN,SP|SUMARE,glp,21,37.0,30.0,40.0,30.0,40.0
2011-12,MUN,SP|SUZANO,glp,31,42.0,36.0,42.0,33.99,44.0
2011-12,MUN,SP|TABOAO DA SERRA,glp,6,34.5,33.995,39.9,33.99,39.9
2011-12,MUN,SP|TATUI,glp,9,38.0,37.93,41.0,37.69,45.0
2011-12,MUN,SP|TAUBATE,glp,38,37.0,35.0,39.0,34.0,42.0
2011-12,MUN,SP|TUPA,glp,11,36.0,32.0,38.0,31.9,40.0
2011-12,MUN,SP|UBATUBA,glp,11,38.0,35.0,40.0,34.99,40.0
2011-12,MUN,SP|VALINHOS,glp,10,39.0,38.45,40.05,38.0,40.5
2011-12,MUN,SP|VARZEA PAULISTA,glp,11,35.0,33.0,36.0,33.0,38.0
2011-12,MUN,SP|VINHEDO,glp,6,40.0,38.5,41.975,38.5,42.0
2011-12,MUN,SP|VOTORANTIM,glp,17,37.0,36.96,37.4,36.9,40.0
2011-12,MUN,SP|VOTUPORANGA,glp,18,36.0,34.7,38.3,34.0,41.0
2011-12,MUN,TO|ARAGUAINA,glp,13,45.0,43.2,45.0,43.0,45.0
2011-12,MUN,TO|DIANOPOLIS,glp,6,45.0,44.0,45.0,44.0,45.0
2011-12,MUN,TO|GURUPI,glp,27,45.0,44.0,45.0,44.0,45.0
2011-12,MUN,TO|PALMAS,glp,16,44.0,42.5,45.0,42.0,45.0
2011-12,MUN,TO|PARAISO DO TOCANTINS,glp,7,45.0,43.6,45.0,43.0,45.0
2011-12,MUN,TO|PORTO NACIONAL,glp,13,45.0,43.2,45.0,43.0,45.0
2011-12,UF,AC,glp,159,43.0,43.0,45.0,38.64,53.0
2011-12,UF,AL,glp,83,39.0,37.0,40.0,35.0,43.0
2011-12,UF,AM,glp,210,32.0,30.45,34.0,29.0,45.0
2011-12,UF,AP,glp,30,42.0,40.0,47.0,38.0,58.0
2011-12,UF,BA,glp,489,37.0,32.0,40.0,26.0,45.0
2011-12,UF,CE,glp,334,37.5,35.0,40.0,32.0,40.5
2011-12,UF,DF,glp,121,37.0,36.0,38.0,36.0,39.0
2011-12,UF,ES,glp,296,36.0,35.0,38.0,30.0,41.0
2011-12,UF,GO,glp,585,40.0,38.0,43.0,34.99,45.0
2011-12,UF,MA,glp,159,42.0,40.0,44.1,36.0,45.0
2011-12,UF,MG,glp,1116,42.0,38.0,45.5,33.0,50.0
2011-12,UF,MS,glp,562,48.0,45.0,49.0,40.0,54.0
2011-12,UF,MT,glp,125,48.0,45.0,50.0,42.0,53.9
2011-12,UF,PA,glp,243,40.0,37.0,45.4,33.0,50.0
2011-12,UF,PB,glp,130,35.0,33.0,35.0,30.0,38.0
2011-12,UF,PE,glp,380,35.0,31.445,37.0,28.0,40.0
2011-12,UF,PI,glp,73,40.0,40.0,42.0,34.99,43.0
2011-12,UF,PR,glp,758,40.0,36.0,45.0,32.45,49.0
2011-12,UF,RJ,glp,370,38.0,34.99,40.0,31.99,44.0
2011-12,UF,RN,glp,113,40.0,37.0,40.0,34.0,42.0
2011-12,UF,RO,glp,106,39.0,37.5,43.0,37.0,45.0
2011-12,UF,RR,glp,41,44.0,42.0,45.0,36.0,46.0
2011-12,UF,RS,glp,869,40.0,37.0,42.0,30.0,48.0
2011-12,UF,SC,glp,261,43.0,39.0,45.0,36.0,47.0
2011-12,UF,SE,glp,55,35.0,35.0,37.0,34.0,38.0
2011-12,UF,SP,glp,2699,38.0,35.0,42.0,29.0,47.0
2011-12,UF,TO,glp,82,45.0,43.0,45.0,42.0,45.0
