periodo,nivel,codigo,produto,postos,mediana,p10,p90,minimo,maximo
2008-01,BR,BR,glp,9473,33.0,30.0,37.0,25.0,47.0
2008-01,MUN,AC|BUJARI,glp,1,37.0,37.0,37.0,37.0,37.0
2008-01,MUN,AC|CRUZEIRO DO SUL,glp,1,46.0,46.0,46.0,46.0,46.0
2008-01,MUN,AC|RIO BRANCO,glp,83,37.5,37.0,38.8,36.0,40.0
2008-01,MUN,AC|SENA MADUREIRA,glp,3,40.0,40.0,40.0,40.0,40.0
2008-01,MUN,AC|SENADOR GUIOMARD,glp,1,36.0,36.0,36.0,36.0,36.0
2008-01,MUN,AC|TARAUACA,glp,2,45.0,45.0,45.0,45.0,45.0
2008-01,MUN,AC|XAPURI,glp,3,41.0,41.0,41.0,41.0,41.0
2008-01,MUN,AL|ARAPIRACA,glp,4,30.0,30.0,30.0,30.0,30.0
2008-01,MUN,AL|DELMIRO GOUVEIA,glp,1,31.0,31.0,31.0,31.0,31.0
2008-01,MUN,AL|IGACI,glp,1,32.0,32.0,32.0,32.0,32.0
2008-01,MUN,AL|MACEIO,glp,14,32.0,30.0,33.0,30.0,33.0
2008-01,MUN,AL|MARECHAL DEODORO,glp,1,32.0,32.0,32.0,32.0,32.0
2008-01,MUN,AL|PALMEIRA DOS INDIOS,glp,5,32.0,30.0,32.0,30.0,32.0
2008-01,MUN,AL|RIO LARGO,glp,3,32.0,32.0,32.0,32.0,32.0
2008-01,MUN,AL|SANTANA DO IPANEMA,glp,2,32.0,32.0,32.0,32.0,32.0
2008-01,MUN,AM|HUMAITA,glp,2,37.25,37.05,37.45,37.0,37.5
2008-01,MUN,AM|ITACOATIARA,glp,5,34.0,33.0,34.0,33.0,34.0
2008-01,MUN,AM|MANACAPURU,glp,2,32.0,32.0,32.0,32.0,32.0
2008-01,MUN,AM|MANAUS,glp,327,32.0,31.0,33.0,30.0,35.0
2008-01,MUN,AM|PARINTINS,glp,2,34.0,34.0,34.0,34.0,34.0
2008-01,MUN,AM|PRESIDENTE FIGUEIREDO,glp,1,36.0,36.0,36.0,36.0,36.0
2008-01,MUN,AP|CALCOENE,glp,1,37.0,37.0,37.0,37.0,37.0
2008-01,MUN,AP|LARANJAL DO JARI,glp,1,37.0,37.0,37.0,37.0,37.0
2008-01,MUN,AP|MACAPA,glp,16,34.0,34.0,34.5,34.0,35.0
2008-01,MUN,AP|OIAPOQUE,glp,2,47.0,47.0,47.0,47.0,47.0
2008-01,MUN,AP|SANTANA,glp,5,35.0,34.4,36.0,34.0,36.0
2008-01,MUN,BA|ALAGOINHAS,glp,4,35.0,35.0,35.0,35.0,35.0
2008-01,MUN,BA|BARRA,glp,3,30.0,30.0,31.6,30.0,32.0
2008-01,MUN,BA|BARREIRAS,glp,10,36.0,32.0,36.0,32.0,36.0
2008-01,MUN,BA|BRUMADO,glp,6,31.0,30.0,32.0,30.0,32.0
2008-01,MUN,BA|CAETITE,glp,6,30.0,28.5,30.0,28.0,30.0
2008-01,MUN,BA|CAMACARI,glp,8,36.75,35.7,38.5,35.0,38.5
2008-01,MUN,BA|CAMPO FORMOSO,glp,3,35.0,35.0,35.0,35.0,35.0
2008-01,MUN,BA|CANDEIAS,glp,5,33.0,31.7,33.0,31.5,33.0
2008-01,MUN,BA|CAPIM GROSSO,glp,1,35.0,35.0,35.0,35.0,35.0
2008-01,MUN,BA|EUNAPOLIS,glp,6,35.0,35.0,35.0,35.0,35.0
2008-01,MUN,BA|FEIRA DE SANTANA,glp,8,35.5,33.25,35.5,28.0,35.5
2008-01,MUN,BA|GUANAMBI,glp,13,25.0,25.0,28.0,25.0,30.0
2008-01,MUN,BA|ILHEUS,glp,9,36.0,35.0,36.0,35.0,36.0
2008-01,MUN,BA|IPIRA,glp,5,35.0,35.0,35.0,35.0,35.0
2008-01,MUN,BA|IRECE,glp,6,27.5,26.25,27.5,25.0,27.5
2008-01,MUN,BA|ITABUNA,glp,8,35.0,34.7,35.0,34.0,35.0
2008-01,MUN,BA|ITAMARAJU,glp,4,33.0,33.0,33.0,33.0,33.0
2008-01,MUN,BA|JACOBINA,glp,5,30.0,30.0,30.0,30.0,30.0
2008-01,MUN,BA|JAGUAQUARA,glp,9,30.0,30.0,31.0,30.0,35.0
2008-01,MUN,BA|JEQUIE,glp,4,30.0,30.0,32.1,30.0,33.0
2008-01,MUN,BA|JUAZEIRO,glp,4,31.5,31.0,32.7,31.0,33.0
2008-01,MUN,BA|LAURO DE FREITAS,glp,11,32.0,29.0,32.0,28.0,32.0
2008-01,MUN,BA|LIVRAMENTO DE NOSSA SENHORA,glp,1,30.0,30.0,30.0,30.0,30.0
2008-01,MUN,BA|PAULO AFONSO,glp,5,33.0,33.0,33.6,33.0,34.0
2008-01,MUN,BA|POCOES,glp,4,33.0,33.0,34.4,33.0,35.0
2008-01,MUN,BA|PORTO SEGURO,glp,9,35.0,35.0,35.0,35.0,35.0
2008-01,MUN,BA|RUY BARBOSA,glp,3,33.0,33.0,33.0,33.0,33.0
2008-01,MUN,BA|SALVADOR,glp,129,31.995,28.0,33.1,25.0,35.0
2008-01,MUN,BA|SANTO ANTONIO DE JESUS,glp,8,33.0,32.7,33.0,32.0,33.0
2008-01,MUN,BA|SENHOR DO BONFIM,glp,4,35.0,35.0,35.0,35.0,35.0
2008-01,MUN,BA|SERRINHA,glp,3,35.0,35.0,35.0,35.0,35.0
2008-01,MUN,BA|SIMOES FILHO,glp,6,33.0,31.5,35.5,30.0,36.0
2008-01,MUN,BA|TEIXEIRA DE FREITAS,glp,7,33.0,32.6,33.4,32.0,34.0
2008-01,MUN,BA|URANDI,glp,1,30.0,30.0,30.0,30.0,30.0
2008-01,MUN,BA|VALENCA,glp,4,33.0,33.0,34.4,33.0,35.0
2008-01,MUN,BA|VITORIA DA CONQUISTA,glp,2,32.5,32.1,32.9,32.0,33.0
2008-01,MUN,CE|ARACOIABA,glp,1,35.0,35.0,35.0,35.0,35.0
2008-01,MUN,CE|BEBERIBE,glp,1,32.0,32.0,32.0,32.0,32.0
2008-01,MUN,CE|CANINDE,glp,2,31.0,31.0,31.0,31.0,31.0
2008-01,MUN,CE|CAUCAIA,glp,36,35.0,35.0,36.0,33.0,36.0
2008-01,MUN,CE|CRATEUS,glp,3,32.0,32.0,32.0,32.0,32.0
2008-01,MUN,CE|CRATO,glp,9,32.0,29.6,33.0,28.0,33.0
2008-01,MUN,CE|FORTALEZA,glp,117,35.0,33.6,36.0,32.9,37.0
2008-01,MUN,CE|ICO,glp,3,32.0,32.0,32.0,32.0,32.0
2008-01,MUN,CE|IGUATU,glp,4,33.0,33.0,33.0,33.0,33.0
2008-01,MUN,CE|INDEPENDENCIA,glp,1,32.0,32.0,32.0,32.0,32.0
2008-01,MUN,CE|IPU,glp,3,34.0,34.0,34.0,34.0,34.0
2008-01,MUN,CE|ITAPIPOCA,glp,3,30.0,30.0,30.0,30.0,30.0
2008-01,MUN,CE|JUAZEIRO DO NORTE,glp,6,32.0,30.5,32.75,30.5,33.0
2008-01,MUN,CE|LIMOEIRO DO NORTE,glp,3,34.0,32.4,34.0,32.0,34.0
2008-01,MUN,CE|MARACANAU,glp,6,35.5,33.0,36.0,32.0,36.0
2008-01,MUN,CE|MORADA NOVA,glp,4,33.0,33.0,33.7,33.0,34.0
2008-01,MUN,CE|PEDRA BRANCA,glp,2,31.0,31.0,31.0,31.0,31.0
2008-01,MUN,CE|QUIXADA,glp,5,34.0,32.4,34.0,32.0,34.0
2008-01,MUN,CE|SAO GONCALO DO AMARANTE,glp,1,33.0,33.0,33.0,33.0,33.0
2008-01,MUN,CE|SOBRAL,glp,3,33.0,33.0,33.0,33.0,33.0
2008-01,MUN,DF|BRASILIA,glp,131,38.0,35.0,39.0,30.0,39.01
2008-01,MUN,ES|ARACRUZ,glp,6,34.0,32.75,35.0,32.5,35.0
2008-01,MUN,ES|BARRA DE SAO FRANCISCO,glp,6,30.0,30.0,33.5,30.0,35.0
2008-01,MUN,ES|CACHOEIRO DE ITAPEMIRIM,glp,13,32.0,29.9,33.0,27.0,33.0
2008-01,MUN,ES|CARIACICA,glp,16,35.0,34.25,35.95,34.0,36.9
2008-01,MUN,ES|CASTELO,glp,2,32.5,32.1,32.9,32.0,33.0
2008-01,MUN,ES|COLATINA,glp,7,32.0,32.0,33.0,32.0,33.0
2008-01,MUN,ES|GUARAPARI,glp,6,35.0,33.5,35.5,33.0,36.0
2008-01,MUN,ES|ITAPEMIRIM,glp,1,28.0,28.0,28.0,28.0,28.0
2008-01,MUN,ES|JAGUARE,glp,3,33.9,33.18,33.98,33.0,34.0
2008-01,MUN,ES|LINHARES,glp,11,35.0,34.0,35.0,34.0,35.0
2008-01,MUN,ES|NOVA VENECIA,glp,1,30.0,30.0,30.0,30.0,30.0
2008-01,MUN,ES|PIUMA,glp,1,36.0,36.0,36.0,36.0,36.0
2008-01,MUN,ES|SAO MATEUS,glp,8,33.0,33.0,34.0,33.0,34.0
2008-01,MUN,ES|SERRA,glp,38,34.0,32.0,35.0,30.0,35.0
2008-01,MUN,ES|VILA VELHA,glp,14,34.0,32.3,34.0,31.0,35.0
2008-01,MUN,ES|VITORIA,glp,3,36.0,35.2,36.8,35.0,37.0
2008-01,MUN,GO|AGUAS LINDAS DE GOIAS,glp,7,34.5,33.8,35.0,33.5,35.0
2008-01,MUN,GO|ANAPOLIS,glp,104,32.0,31.0,33.0,30.0,34.0
2008-01,MUN,GO|APARECIDA DE GOIANIA,glp,79,32.0,31.0,33.0,30.0,33.0
2008-01,MUN,GO|BELA VISTA DE GOIAS,glp,1,32.0,32.0,32.0,32.0,32.0
2008-01,MUN,GO|CALDAS NOVAS,glp,38,34.0,33.85,35.0,32.5,38.0
2008-01,MUN,GO|CATALAO,glp,14,30.0,30.0,31.0,30.0,31.0
2008-01,MUN,GO|FORMOSA,glp,45,37.0,37.0,37.0,37.0,37.0
2008-01,MUN,GO|GOIANIA,glp,252,32.0,31.05,33.0,27.9,34.0
2008-01,MUN,GO|GOIATUBA,glp,11,34.0,32.0,34.0,32.0,34.0
2008-01,MUN,GO|ITUMBIARA,glp,18,33.0,33.0,33.0,33.0,33.0
2008-01,MUN,GO|JATAI,glp,23,35.0,35.0,37.0,35.0,38.0
2008-01,MUN,GO|LUZIANIA,glp,59,33.0,33.0,34.0,30.0,34.0
2008-01,MUN,GO|MINEIROS,glp,18,35.0,35.0,35.0,35.0,35.0
2008-01,MUN,GO|MORRINHOS,glp,22,34.0,32.9,35.0,32.0,37.0
2008-01,MUN,GO|PLANALTINA,glp,21,37.0,35.0,39.0,33.0,39.0
2008-01,MUN,GO|PONTALINA,glp,1,34.0,34.0,34.0,34.0,34.0
2008-01,MUN,GO|PORANGATU,glp,13,35.0,31.8,36.0,30.0,36.0
2008-01,MUN,GO|RIO VERDE,glp,42,36.0,35.0,36.0,35.0,36.0
2008-01,MUN,GO|SANTO ANTONIO DE GOIAS,glp,1,32.0,32.0,32.0,32.0,32.0
2008-01,MUN,GO|TRINDADE,glp,43,31.0,30.1,32.0,30.0,33.0
2008-01,MUN,GO|VALPARAISO DE GOIAS,glp,9,30.0,30.0,30.2,30.0,31.0
2008-01,MUN,MA|ACAILANDIA,glp,2,38.0,38.0,38.0,38.0,38.0
2008-01,MUN,MA|BACABAL,glp,3,37.5,36.9,37.5,36.75,37.5
2008-01,MUN,MA|BALSAS,glp,3,37.0,37.0,37.0,37.0,37.0
2008-01,MUN,MA|BARRA DO CORDA,glp,2,38.0,38.0,38.0,38.0,38.0
2008-01,MUN,MA|CAROLINA,glp,3,38.0,38.0,38.0,38.0,38.0
2008-01,MUN,MA|CAXIAS,glp,1,38.0,38.0,38.0,38.0,38.0
2008-01,MUN,MA|CODO,glp,2,36.5,36.5,36.5,36.5,36.5
2008-01,MUN,MA|IMPERATRIZ,glp,41,37.0,37.0,37.0,37.0,37.0
2008-01,MUN,MA|MATINHA,glp,1,34.5,34.5,34.5,34.5,34.5
2008-01,MUN,MA|PINHEIRO,glp,2,37.5,37.1,37.9,37.0,38.0
2008-01,MUN,MA|PRESIDENTE DUTRA,glp,2,35.0,35.0,35.0,35.0,35.0
2008-01,MUN,MA|SANTA INES,glp,2,35.5,35.5,35.5,35.5,35.5
2008-01,MUN,MA|SAO JOAO DOS PATOS,glp,2,38.0,38.0,38.0,38.0,38.0
2008-01,MUN,MA|SAO JOSE DE RIBAMAR,glp,14,35.0,34.0,35.0,33.0,35.5
2008-01,MUN,MA|SAO LUIS,glp,39,34.5,33.5,35.0,33.0,35.0
2008-01,MUN,MA|TIMON,glp,1,35.0,35.0,35.0,35.0,35.0
2008-01,MUN,MG|ALFENAS,glp,20,34.75,30.0,35.0,30.0,35.0
2008-01,MUN,MG|ARAGUARI,glp,16,36.75,35.0,37.0,35.0,37.0
2008-01,MUN,MG|ARAXA,glp,4,34.5,34.0,35.0,34.0,35.0
2008-01,MUN,MG|BARBACENA,glp,16,33.0,32.0,35.0,32.0,37.5
2008-01,MUN,MG|BELO HORIZONTE,glp,120,35.0,31.95,35.0,29.0,36.0
2008-01,MUN,MG|BETIM,glp,39,35.0,32.8,35.0,31.49,35.0
2008-01,MUN,MG|BOM DESPACHO,glp,3,35.0,35.0,35.0,35.0,35.0
2008-01,MUN,MG|CAMPO BELO,glp,9,35.0,35.0,35.0,35.0,35.0
2008-01,MUN,MG|CARATINGA,glp,3,33.0,32.2,33.0,32.0,33.0
2008-01,MUN,MG|CATAGUASES,glp,4,30.0,30.0,30.7,30.0,31.0
2008-01,MUN,MG|CONCEICAO DAS ALAGOAS,glp,1,35.0,35.0,35.0,35.0,35.0
2008-01,MUN,MG|CONGONHAS,glp,9,35.0,35.0,35.0,35.0,35.0
2008-01,MUN,MG|CONSELHEIRO LAFAIETE,glp,4,35.0,34.65,35.0,34.5,35.0
2008-01,MUN,MG|CONTAGEM,glp,77,34.5,32.0,35.0,31.0,36.0
2008-01,MUN,MG|CORONEL FABRICIANO,glp,3,34.0,34.0,34.8,34.0,35.0
2008-01,MUN,MG|CURVELO,glp,10,35.0,35.0,36.0,35.0,36.0
2008-01,MUN,MG|DIAMANTINA,glp,9,35.0,34.0,38.0,30.0,38.0
2008-01,MUN,MG|DIVINOPOLIS,glp,18,35.0,35.0,36.0,34.5,36.0
2008-01,MUN,MG|FORMIGA,glp,10,35.0,35.0,35.0,35.0,35.0
2008-01,MUN,MG|FRUTAL,glp,5,34.0,32.8,34.6,32.0,35.0
2008-01,MUN,MG|GOVERNADOR VALADARES,glp,19,34.0,33.4,34.0,32.0,34.71
2008-01,MUN,MG|GUAXUPE,glp,7,33.0,32.0,33.0,32.0,33.0
2008-01,MUN,MG|IBIRITE,glp,10,34.5,34.0,35.09,34.0,35.9
2008-01,MUN,MG|IPATINGA,glp,15,33.0,32.0,34.0,32.0,35.0
2008-01,MUN,MG|ITABIRA,glp,4,36.5,36.5,36.5,36.5,36.5
2008-01,MUN,MG|ITAJUBA,glp,13,35.0,34.0,35.0,34.0,35.0
2008-01,MUN,MG|ITAUNA,glp,14,33.0,32.3,33.7,32.0,35.0
2008-01,MUN,MG|ITUIUTABA,glp,17,34.0,33.0,35.0,33.0,35.0
2008-01,MUN,MG|ITURAMA,glp,1,34.9,34.9,34.9,34.9,34.9
2008-01,MUN,MG|JANAUBA,glp,2,35.0,35.0,35.0,35.0,35.0
2008-01,MUN,MG|JANUARIA,glp,8,36.0,35.0,36.3,35.0,37.0
2008-01,MUN,MG|JOAO MONLEVADE,glp,7,34.0,34.0,35.4,34.0,36.0
2008-01,MUN,MG|JOAO PINHEIRO,glp,16,38.0,36.5,38.0,34.5,38.0
2008-01,MUN,MG|JUIZ DE FORA,glp,103,38.0,37.0,38.5,36.0,39.0
2008-01,MUN,MG|LAVRAS,glp,11,30.0,29.0,35.0,28.0,35.0
2008-01,MUN,MG|LEOPOLDINA,glp,5,35.0,35.0,36.0,35.0,36.0
2008-01,MUN,MG|MANHUACU,glp,6,34.0,33.5,34.5,33.0,35.0
2008-01,MUN,MG|MARIANA,glp,5,32.0,32.0,34.4,32.0,35.0
2008-01,MUN,MG|MATIAS BARBOSA,glp,1,38.5,38.5,38.5,38.5,38.5
2008-01,MUN,MG|MONTE CARMELO,glp,17,32.0,31.0,33.0,30.0,33.0
2008-01,MUN,MG|MONTES CLAROS,glp,53,36.0,36.0,36.0,35.0,36.5
2008-01,MUN,MG|MURIAE,glp,3,32.0,30.4,34.4,30.0,35.0
2008-01,MUN,MG|NOVA LIMA,glp,9,35.0,34.0,36.4,34.0,38.0
2008-01,MUN,MG|OLIVEIRA,glp,7,35.0,35.0,35.0,35.0,35.0
2008-01,MUN,MG|OURO PRETO,glp,8,36.0,35.0,37.3,35.0,38.0
2008-01,MUN,MG|PARA DE MINAS,glp,10,35.9,33.0,36.0,33.0,36.0
2008-01,MUN,MG|PARACATU,glp,8,39.0,38.0,40.0,38.0,40.0
2008-01,MUN,MG|PASSOS,glp,17,35.0,34.6,35.0,34.0,35.0
2008-01,MUN,MG|PATOS DE MINAS,glp,17,35.0,35.0,35.4,34.0,36.0
2008-01,MUN,MG|PATROCINIO,glp,18,35.0,34.7,36.0,34.0,36.0
2008-01,MUN,MG|POCOS DE CALDAS,glp,17,32.0,32.0,35.0,30.0,35.0
2008-01,MUN,MG|POUSO ALEGRE,glp,21,35.0,35.0,36.0,34.5,36.0
2008-01,MUN,MG|RIBEIRAO DAS NEVES,glp,23,34.0,32.2,34.9,30.0,35.0
2008-01,MUN,MG|SABARA,glp,17,35.0,32.0,36.0,31.0,36.0
2008-01,MUN,MG|SANTA LUZIA,glp,24,35.0,33.3,36.0,32.5,36.0
2008-01,MUN,MG|SANTOS DUMONT,glp,5,35.0,35.0,37.0,35.0,37.0
2008-01,MUN,MG|SAO GOTARDO,glp,1,35.0,35.0,35.0,35.0,35.0
2008-01,MUN,MG|SAO JOAO DEL REI,glp,15,37.0,37.0,37.0,37.0,38.0
2008-01,MUN,MG|SAO LOURENCO,glp,3,30.0,30.0,34.0,30.0,35.0
2008-01,MUN,MG|SAO SEBASTIAO DO PARAISO,glp,11,35.0,33.0,35.0,33.0,36.36
2008-01,MUN,MG|SETE LAGOAS,glp,14,33.495,31.3,35.0,31.0,36.0
2008-01,MUN,MG|TEOFILO OTONI,glp,31,35.0,35.0,36.0,33.0,36.0
2008-01,MUN,MG|TIMOTEO,glp,6,34.0,33.25,34.0,33.0,34.0
2008-01,MUN,MG|TRES CORACOES,glp,8,28.0,27.0,28.3,27.0,29.0
2008-01,MUN,MG|UBA,glp,7,35.0,35.0,35.0,35.0,35.0
2008-01,MUN,MG|UBERABA,glp,56,35.0,35.0,35.0,34.0,35.0
2008-01,MUN,MG|UBERLANDIA,glp,104,34.5,33.0,35.0,32.0,36.0
2008-01,MUN,MG|UNAI,glp,13,39.0,39.0,39.0,39.0,39.0
2008-01,MUN,MG|VARGINHA,glp,18,34.0,29.0,35.0,29.0,36.0
2008-01,MUN,MG|VESPASIANO,glp,10,33.0,31.95,34.1,31.5,35.0
2008-01,MUN,MG|VICOSA,glp,3,35.0,35.0,36.6,35.0,37.0
2008-01,MUN,MS|BATAYPORA,glp,1,38.0,38.0,38.0,38.0,38.0
2008-01,MUN,MS|CAMPO GRANDE,glp,189,34.0,32.0,36.0,30.0,38.0
2008-01,MUN,MS|CORUMBA,glp,7,42.0,41.6,42.0,41.0,42.0
2008-01,MUN,MS|COXIM,glp,9,38.0,38.0,38.0,38.0,38.0
2008-01,MUN,MS|DOURADOS,glp,56,39.0,37.5,42.0,35.0,43.0
2008-01,MUN,MS|NOVA ANDRADINA,glp,14,38.0,35.3,38.0,34.0,40.0
2008-01,MUN,MS|PARANAIBA,glp,18,40.0,40.0,40.0,38.0,40.0
2008-01,MUN,MS|PONTA PORA,glp,4,36.0,36.0,36.0,36.0,36.0
2008-01,MUN,MS|SAO GABRIEL DO OESTE,glp,1,38.0,38.0,38.0,38.0,38.0
2008-01,MUN,MS|SIDROLANDIA,glp,1,33.0,33.0,33.0,33.0,33.0
2008-01,MUN,MS|TRES LAGOAS,glp,18,38.0,37.0,38.3,35.0,39.0
2008-01,MUN,MT|ALTA FLORESTA,glp,6,40.0,40.0,41.5,40.0,42.0
2008-01,MUN,MT|CACERES,glp,8,38.0,38.0,38.0,38.0,38.0
2008-01,MUN,MT|CUIABA,glp,39,40.0,39.0,41.0,39.0,42.0
2008-01,MUN,MT|RONDONOPOLIS,glp,9,44.0,42.0,44.0,42.0,44.0
2008-01,MUN,MT|SINOP,glp,11,40.0,38.0,42.0,38.0,42.0
2008-01,MUN,MT|SORRISO,glp,8,40.25,39.4,41.3,38.0,42.0
2008-01,MUN,MT|VARZEA GRANDE,glp,12,41.0,40.0,41.0,40.0,41.0
2008-01,MUN,PA|ABAETETUBA,glp,4,34.0,34.0,34.0,34.0,34.0
2008-01,MUN,PA|ALENQUER,glp,2,34.95,34.91,34.99,34.9,35.0
2008-01,MUN,PA|ALTAMIRA,glp,9,36.0,35.8,36.2,35.0,37.0
2008-01,MUN,PA|ANANINDEUA,glp,61,31.0,31.0,31.0,30.0,32.0
2008-01,MUN,PA|BELEM,glp,80,31.0,30.0,32.0,29.5,32.0
2008-01,MUN,PA|BRAGANCA,glp,4,37.0,37.0,37.0,37.0,37.0
2008-01,MUN,PA|BREVES,glp,2,32.5,32.1,32.9,32.0,33.0
2008-01,MUN,PA|CAMETA,glp,3,32.0,32.0,32.0,32.0,32.0
2008-01,MUN,PA|CASTANHAL,glp,7,34.0,34.0,34.0,34.0,34.0
2008-01,MUN,PA|CONCEICAO DO ARAGUAIA,glp,2,37.0,37.0,37.0,37.0,37.0
2008-01,MUN,PA|ITAITUBA,glp,7,35.0,34.0,35.0,34.0,35.0
2008-01,MUN,PA|MARABA,glp,2,38.0,38.0,38.0,38.0,38.0
2008-01,MUN,PA|PARAGOMINAS,glp,3,36.0,36.0,36.0,36.0,36.0
2008-01,MUN,PA|PARAUAPEBAS,glp,3,39.0,39.0,39.0,39.0,39.0
2008-01,MUN,PA|REDENCAO,glp,5,38.0,35.4,38.0,35.0,38.0
2008-01,MUN,PA|SANTAREM,glp,20,34.0,33.35,35.0,32.0,36.0
2008-01,MUN,PA|TUCURUI,glp,4,38.0,38.0,38.0,38.0,38.0
2008-01,MUN,PA|XINGUARA,glp,7,39.0,38.6,39.0,38.0,39.0
2008-01,MUN,PB|BAYEUX,glp,4,33.0,33.0,34.4,33.0,35.0
2008-01,MUN,PB|CABEDELO,glp,3,33.0,33.0,34.6,33.0,35.0
2008-01,MUN,PB|CAMPINA GRANDE,glp,20,30.0,27.9,33.0,26.0,35.0
2008-01,MUN,PB|GUARABIRA,glp,1,30.0,30.0,30.0,30.0,30.0
2008-01,MUN,PB|INGA,glp,1,31.5,31.5,31.5,31.5,31.5
2008-01,MUN,PB|JOAO PESSOA,glp,35,33.0,31.4,33.6,30.0,35.0
2008-01,MUN,PB|MAMANGUAPE,glp,2,28.0,28.0,28.0,28.0,28.0
2008-01,MUN,PB|PATOS,glp,7,35.0,33.4,35.0,31.0,35.0
2008-01,MUN,PB|SANTA RITA,glp,4,32.5,30.6,33.0,30.0,33.0
2008-01,MUN,PB|SAPE,glp,1,30.0,30.0,30.0,30.0,30.0
2008-01,MUN,PB|SOUSA,glp,3,33.0,30.6,33.0,30.0,33.0
2008-01,MUN,PE|ABREU E LIMA,glp,7,27.0,25.6,27.4,25.0,28.0
2008-01,MUN,PE|AFOGADOS DA INGAZEIRA,glp,1,30.0,30.0,30.0,30.0,30.0
2008-01,MUN,PE|AGUAS BELAS,glp,1,34.0,34.0,34.0,34.0,34.0
2008-01,MUN,PE|ARARIPINA,glp,1,33.0,33.0,33.0,33.0,33.0
2008-01,MUN,PE|ARCOVERDE,glp,1,34.0,34.0,34.0,34.0,34.0
2008-01,MUN,PE|BELO JARDIM,glp,4,33.0,32.65,33.0,32.5,33.0
2008-01,MUN,PE|BOM CONSELHO,glp,3,32.0,32.0,32.0,32.0,32.0
2008-01,MUN,PE|CABO DE SANTO AGOSTINHO,glp,6,28.0,26.0,29.0,25.0,30.0
2008-01,MUN,PE|CAMARAGIBE,glp,12,30.0,28.05,30.0,27.5,30.0
2008-01,MUN,PE|CARUARU,glp,6,32.998,30.0,33.0,30.0,33.0
2008-01,MUN,PE|GARANHUNS,glp,4,30.0,30.0,30.0,30.0,30.0
2008-01,MUN,PE|GOIANA,glp,2,30.0,30.0,30.0,30.0,30.0
2008-01,MUN,PE|GRAVATA,glp,4,28.5,25.3,31.0,25.0,31.0
2008-01,MUN,PE|IGARASSU,glp,10,28.0,27.999,30.0,27.995,30.0
2008-01,MUN,PE|JABOATAO DOS GUARARAPES,glp,35,28.0,27.497,30.0,26.0,30.0
2008-01,MUN,PE|JUCATI,glp,1,30.0,30.0,30.0,30.0,30.0
2008-01,MUN,PE|LAJEDO,glp,5,30.0,30.0,30.0,30.0,30.0
2008-01,MUN,PE|MORENO,glp,1,30.0,30.0,30.0,30.0,30.0
2008-01,MUN,PE|OLINDA,glp,23,28.0,27.0,28.0,27.0,30.0
2008-01,MUN,PE|PAULISTA,glp,7,28.0,28.0,30.0,28.0,30.0
2008-01,MUN,PE|PETROLINA,glp,3,33.0,32.2,33.0,32.0,33.0
2008-01,MUN,PE|RECIFE,glp,83,28.0,27.0,30.0,27.0,30.0
2008-01,MUN,PE|SALGUEIRO,glp,3,30.0,30.0,30.0,30.0,30.0
2008-01,MUN,PE|SANTA CRUZ DO CAPIBARIBE,glp,4,36.0,35.3,36.0,35.0,36.0
2008-01,MUN,PE|SAO BENTO DO UNA,glp,2,31.0,30.2,31.8,30.0,32.0
2008-01,MUN,PE|SAO LOURENCO DA MATA,glp,12,29.248,28.0,30.0,28.0,31.0
2008-01,MUN,PE|SERRA TALHADA,glp,5,33.0,33.0,34.36,33.0,35.0
2008-01,MUN,PE|VENTUROSA,glp,1,34.0,34.0,34.0,34.0,34.0
2008-01,MUN,PE|VITORIA DE SANTO ANTAO,glp,10,35.0,30.0,35.0,30.0,35.0
2008-01,MUN,PI|BARRAS,glp,1,32.5,32.5,32.5,32.5,32.5
2008-01,MUN,PI|CAMPO MAIOR,glp,4,37.0,37.0,37.0,37.0,37.0
2008-01,MUN,PI|OEIRAS,glp,3,38.0,38.0,38.0,38.0,38.0
2008-01,MUN,PI|PARNAIBA,glp,1,37.0,37.0,37.0,37.0,37.0
2008-01,MUN,PI|PICOS,glp,2,38.0,38.0,38.0,38.0,38.0
2008-01,MUN,PI|PIRIPIRI,glp,3,37.0,37.0,37.0,37.0,37.0
2008-01,MUN,PI|TERESINA,glp,49,35.0,35.0,36.0,35.0,37.0
2008-01,MUN,PR|ALMIRANTE TAMANDARE,glp,9,30.0,29.0,31.2,29.0,32.0
2008-01,MUN,PR|APUCARANA,glp,23,31.0,29.1,32.0,29.0,35.0
2008-01,MUN,PR|ARAPONGAS,glp,27,32.5,31.8,34.0,31.0,35.0
2008-01,MUN,PR|ARAUCARIA,glp,9,30.0,29.0,30.0,29.0,30.0
2008-01,MUN,PR|ASSIS CHATEAUBRIAND,glp,6,33.0,33.0,35.0,33.0,35.0
2008-01,MUN,PR|CAMBE,glp,38,33.0,31.4,34.3,30.0,35.0
2008-01,MUN,PR|CAMPO LARGO,glp,16,30.0,28.75,31.0,28.0,32.0
2008-01,MUN,PR|CAMPO MOURAO,glp,11,35.0,33.0,35.0,30.0,35.0
2008-01,MUN,PR|CASCAVEL,glp,25,33.0,32.0,35.0,30.0,38.0
2008-01,MUN,PR|CASTRO,glp,17,33.0,32.3,34.0,32.0,35.0
2008-01,MUN,PR|CIANORTE,glp,14,37.0,35.0,38.0,35.0,38.0
2008-01,MUN,PR|COLOMBO,glp,28,31.0,29.85,32.0,29.0,33.0
2008-01,MUN,PR|CORNELIO PROCOPIO,glp,8,35.0,35.0,35.0,35.0,35.0
2008-01,MUN,PR|CURITIBA,glp,126,30.0,29.9,32.0,28.5,34.0
2008-01,MUN,PR|FOZ DO IGUACU,glp,44,33.0,31.3,35.0,29.0,36.0
2008-01,MUN,PR|FRANCISCO BELTRAO,glp,10,34.0,32.8,36.1,31.0,37.0
2008-01,MUN,PR|GUARAPUAVA,glp,11,32.0,32.0,33.0,32.0,34.0
2008-01,MUN,PR|LARANJEIRAS DO SUL,glp,7,35.0,32.2,35.0,31.0,35.0
2008-01,MUN,PR|LONDRINA,glp,107,31.0,30.0,33.4,29.5,35.0
2008-01,MUN,PR|MARECHAL CANDIDO RONDON,glp,10,37.0,35.0,37.0,35.0,37.0
2008-01,MUN,PR|MARINGA,glp,34,32.7,31.0,34.0,30.0,36.0
2008-01,MUN,PR|MEDIANEIRA,glp,1,32.0,32.0,32.0,32.0,32.0
2008-01,MUN,PR|PARANAGUA,glp,20,34.75,33.0,35.0,31.0,35.0
2008-01,MUN,PR|PARANAVAI,glp,15,35.0,33.0,35.0,33.0,35.0
2008-01,MUN,PR|PATO BRANCO,glp,9,33.0,32.0,34.2,32.0,35.0
2008-01,MUN,PR|PINHAIS,glp,19,30.0,30.0,32.0,28.0,32.0
2008-01,MUN,PR|PIRAI DO SUL,glp,1,34.0,34.0,34.0,34.0,34.0
2008-01,MUN,PR|PONTA GROSSA,glp,66,32.0,30.75,32.0,30.0,33.0
2008-01,MUN,PR|SANTO ANTONIO DA PLATINA,glp,16,32.0,32.0,33.25,32.0,34.0
2008-01,MUN,PR|SAO JOSE DOS PINHAIS,glp,17,31.0,30.0,32.0,30.0,34.0
2008-01,MUN,PR|SARANDI,glp,1,33.0,33.0,33.0,33.0,33.0
2008-01,MUN,PR|TERRA BOA,glp,1,35.0,35.0,35.0,35.0,35.0
2008-01,MUN,PR|TOLEDO,glp,15,35.0,33.0,35.0,30.0,38.0
2008-01,MUN,PR|UMUARAMA,glp,14,30.0,30.0,32.7,30.0,33.0
2008-01,MUN,PR|UNIAO DA VITORIA,glp,3,32.8,30.56,32.96,30.0,33.0
2008-01,MUN,RJ|ANGRA DOS REIS,glp,4,32.95,30.3,34.9,30.0,34.9
2008-01,MUN,RJ|ARARUAMA,glp,5,32.0,30.8,32.6,30.0,33.0
2008-01,MUN,RJ|ARMACAO DOS BUZIOS,glp,1,32.0,32.0,32.0,32.0,32.0
2008-01,MUN,RJ|BARRA DO PIRAI,glp,4,32.5,32.0,33.7,32.0,34.0
2008-01,MUN,RJ|BARRA MANSA,glp,18,33.0,33.0,35.0,31.0,36.0
2008-01,MUN,RJ|BELFORD ROXO,glp,6,30.0,29.0,31.0,29.0,32.0
2008-01,MUN,RJ|CABO FRIO,glp,4,28.5,28.0,31.1,28.0,32.0
2008-01,MUN,RJ|CAMPOS DOS GOYTACAZES,glp,16,30.0,29.0,33.0,29.0,35.0
2008-01,MUN,RJ|DUQUE DE CAXIAS,glp,28,30.0,29.0,33.3,29.0,34.0
2008-01,MUN,RJ|ITABORAI,glp,3,31.0,31.0,32.6,31.0,33.0
2008-01,MUN,RJ|ITAGUAI,glp,4,32.5,32.0,33.0,32.0,33.0
2008-01,MUN,RJ|ITAPERUNA,glp,4,28.0,28.0,28.0,28.0,28.0
2008-01,MUN,RJ|MACAE,glp,2,32.0,32.0,32.0,32.0,32.0
2008-01,MUN,RJ|MAGE,glp,2,32.0,31.2,32.8,31.0,33.0
2008-01,MUN,RJ|MANGARATIBA,glp,3,33.0,32.92,33.0,32.9,33.0
2008-01,MUN,RJ|MARICA,glp,2,30.5,30.1,30.9,30.0,31.0
2008-01,MUN,RJ|NILOPOLIS,glp,5,30.0,28.994,32.0,28.99,32.0
2008-01,MUN,RJ|NITEROI,glp,6,31.0,29.975,31.0,29.95,31.0
2008-01,MUN,RJ|NOVA FRIBURGO,glp,5,32.0,30.0,34.2,30.0,35.0
2008-01,MUN,RJ|NOVA IGUACU,glp,20,30.0,29.9,32.1,28.0,36.0
2008-01,MUN,RJ|PARAIBA DO SUL,glp,2,31.0,31.0,31.0,31.0,31.0
2008-01,MUN,RJ|PARATY,glp,2,34.45,34.09,34.81,34.0,34.9
2008-01,MUN,RJ|PETROPOLIS,glp,4,32.0,31.3,33.4,31.0,34.0
2008-01,MUN,RJ|RESENDE,glp,6,31.0,29.95,35.0,29.9,35.0
2008-01,MUN,RJ|RIO BONITO,glp,2,31.475,30.255,32.695,29.95,33.0
2008-01,MUN,RJ|RIO DE JANEIRO,glp,86,30.0,29.0,32.0,27.99,34.0
2008-01,MUN,RJ|SANTO ANTONIO DE PADUA,glp,1,33.0,33.0,33.0,33.0,33.0
2008-01,MUN,RJ|SAO FRANCISCO DE ITABAPOANA,glp,1,32.0,32.0,32.0,32.0,32.0
2008-01,MUN,RJ|SAO GONCALO,glp,7,31.0,30.0,32.0,30.0,32.0
2008-01,MUN,RJ|SAO JOAO DE MERITI,glp,7,30.0,29.0,30.0,29.0,30.0
2008-01,MUN,RJ|SAPUCAIA,glp,2,33.25,33.05,33.45,33.0,33.5
2008-01,MUN,RJ|SAQUAREMA,glp,3,30.0,29.92,30.8,29.9,31.0
2008-01,MUN,RJ|TERESOPOLIS,glp,3,33.0,33.0,33.0,33.0,33.0
2008-01,MUN,RJ|TRES RIOS,glp,2,30.5,30.1,30.9,30.0,31.0
2008-01,MUN,RJ|VALENCA,glp,6,33.45,33.0,34.0,33.0,34.0
2008-01,MUN,RJ|VASSOURAS,glp,3,34.0,33.2,34.0,33.0,34.0
2008-01,MUN,RJ|VOLTA REDONDA,glp,7,33.0,31.2,34.2,30.0,36.0
2008-01,MUN,RN|CAICO,glp,3,33.0,33.0,33.0,33.0,33.0
2008-01,MUN,RN|CURRAIS NOVOS,glp,6,33.0,33.0,33.0,33.0,33.0
2008-01,MUN,RN|MOSSORO,glp,3,32.0,32.0,32.0,32.0,32.0
2008-01,MUN,RN|NATAL,glp,14,32.0,30.0,32.0,30.0,32.0
2008-01,MUN,RN|PARNAMIRIM,glp,3,30.0,30.0,30.0,30.0,30.0
2008-01,MUN,RN|SAO JOSE DE MIPIBU,glp,2,32.0,32.0,32.0,32.0,32.0
2008-01,MUN,RN|TIMBAUBA DOS BATISTAS,glp,1,33.0,33.0,33.0,33.0,33.0
2008-01,MUN,RO|ARIQUEMES,glp,14,36.0,36.0,36.0,36.0,36.0
2008-01,MUN,RO|CACOAL,glp,10,37.5,37.0,38.0,37.0,38.0
2008-01,MUN,RO|GUAJARA-MIRIM,glp,4,37.0,37.0,37.0,37.0,37.0
2008-01,MUN,RO|JI-PARANA,glp,14,37.5,37.0,38.0,37.0,38.0
2008-01,MUN,RO|PIMENTA BUENO,glp,4,41.0,41.0,41.0,41.0,41.0
2008-01,MUN,RO|PORTO VELHO,glp,231,34.5,33.0,36.0,33.0,36.0
2008-01,MUN,RO|SAO MIGUEL DO GUAPORE,glp,1,42.0,42.0,42.0,42.0,42.0
2008-01,MUN,RO|VILHENA,glp,8,42.0,42.0,42.0,42.0,42.0
2008-01,MUN,RR|BOA VISTA,glp,25,37.0,36.0,38.0,34.35,39.0
2008-01,MUN,RR|MUCAJAI,glp,1,38.0,38.0,38.0,38.0,38.0
2008-01,MUN,RR|RORAINOPOLIS,glp,1,38.0,38.0,38.0,38.0,38.0
2008-01,MUN,RS|ALEGRETE,glp,13,35.0,35.0,35.8,35.0,36.0
2008-01,MUN,RS|ALVORADA,glp,10,33.0,29.99,33.1,29.9,34.0
2008-01,MUN,RS|BAGE,glp,33,33.0,32.0,34.0,32.0,34.0
2008-01,MUN,RS|BENTO GONCALVES,glp,9,37.5,35.0,39.8,35.0,39.8
2008-01,MUN,RS|CACAPAVA DO SUL,glp,8,36.5,35.0,37.6,35.0,39.0
2008-01,MUN,RS|CACHOEIRA DO SUL,glp,14,35.0,35.0,35.0,34.0,36.0
2008-01,MUN,RS|CACHOEIRINHA,glp,19,33.0,32.0,33.0,30.0,34.0
2008-01,MUN,RS|CANOAS,glp,46,35.0,32.0,35.0,31.0,37.0
2008-01,MUN,RS|CAXIAS DO SUL,glp,41,36.0,35.0,37.98,35.0,39.0
2008-01,MUN,RS|CHUI,glp,2,31.0,31.0,31.0,31.0,31.0
2008-01,MUN,RS|CRUZ ALTA,glp,5,35.0,31.0,38.2,31.0,39.0
2008-01,MUN,RS|CRUZEIRO DO SUL,glp,1,35.0,35.0,35.0,35.0,35.0
2008-01,MUN,RS|ERECHIM,glp,20,37.5,37.0,40.0,37.0,41.0
2008-01,MUN,RS|ESTEIO,glp,12,34.0,33.1,35.0,32.0,36.0
2008-01,MUN,RS|FARROUPILHA,glp,1,35.0,35.0,35.0,35.0,35.0
2008-01,MUN,RS|GRAMADO,glp,3,36.0,36.0,36.0,36.0,36.0
2008-01,MUN,RS|GRAVATAI,glp,38,33.0,28.7,34.0,27.0,34.0
2008-01,MUN,RS|GUAIBA,glp,13,32.9,32.0,33.82,32.0,33.9
2008-01,MUN,RS|IJUI,glp,8,34.0,33.0,35.0,33.0,35.0
2008-01,MUN,RS|IMBE,glp,1,36.0,36.0,36.0,36.0,36.0
2008-01,MUN,RS|JAGUARAO,glp,9,32.0,32.0,32.92,32.0,33.0
2008-01,MUN,RS|LAJEADO,glp,5,34.0,34.0,35.0,34.0,35.0
2008-01,MUN,RS|NOVA SANTA RITA,glp,1,34.0,34.0,34.0,34.0,34.0
2008-01,MUN,RS|NOVO HAMBURGO,glp,28,33.0,31.4,34.0,30.0,35.0
2008-01,MUN,RS|OSORIO,glp,8,36.0,35.0,36.3,35.0,37.0
2008-01,MUN,RS|PALMEIRA DAS MISSOES,glp,6,35.0,33.5,37.5,33.0,38.0
2008-01,MUN,RS|PASSO FUNDO,glp,56,36.0,35.0,37.0,33.0,38.5
2008-01,MUN,RS|PELOTAS,glp,44,32.0,31.0,33.0,30.0,33.0
2008-01,MUN,RS|PORTO ALEGRE,glp,51,33.9,32.45,35.0,31.0,35.0
2008-01,MUN,RS|RIO GRANDE,glp,47,32.5,30.0,34.2,29.9,35.0
2008-01,MUN,RS|SANTA CRUZ DO SUL,glp,17,35.0,34.6,35.7,34.0,36.0
2008-01,MUN,RS|SANTA MARIA,glp,43,34.0,33.0,35.0,31.5,38.0
2008-01,MUN,RS|SANTA ROSA,glp,10,35.0,33.45,36.0,33.0,36.0
2008-01,MUN,RS|SANTA VITORIA DO PALMAR,glp,7,34.0,32.0,34.0,32.0,34.0
2008-01,MUN,RS|SANTANA DO LIVRAMENTO,glp,14,34.0,34.0,34.0,34.0,36.0
2008-01,MUN,RS|SANTO ANGELO,glp,11,37.0,37.0,37.0,35.0,38.0
2008-01,MUN,RS|SAO BORJA,glp,3,35.0,35.0,35.0,35.0,35.0
2008-01,MUN,RS|SAO GABRIEL,glp,12,39.0,38.1,40.0,35.0,40.5
2008-01,MUN,RS|SAO LEOPOLDO,glp,20,34.0,32.0,34.0,32.0,35.0
2008-01,MUN,RS|SAO LUIZ GONZAGA,glp,5,37.0,37.0,39.0,37.0,39.0
2008-01,MUN,RS|SAPIRANGA,glp,9,34.0,33.8,35.0,33.0,35.0
2008-01,MUN,RS|SAPUCAIA DO SUL,glp,32,34.75,34.0,35.0,34.0,36.0
2008-01,MUN,RS|TORRES,glp,5,35.0,35.0,38.0,35.0,38.0
2008-01,MUN,RS|TRAMANDAI,glp,7,35.0,34.6,35.4,34.0,36.0
2008-01,MUN,RS|URUGUAIANA,glp,11,37.0,37.0,38.0,35.0,38.0
2008-01,MUN,RS|VACARIA,glp,7,34.0,34.0,34.046,34.0,34.1
2008-01,MUN,RS|VIAMAO,glp,24,34.0,33.0,35.0,32.0,35.0
2008-01,MUN,SC|ARARANGUA,glp,4,36.5,35.0,38.0,35.0,38.0
2008-01,MUN,SC|ASCURRA,glp,1,36.0,36.0,36.0,36.0,36.0
2008-01,MUN,SC|BALNEARIO CAMBORIU,glp,1,37.0,37.0,37.0,37.0,37.0
2008-01,MUN,SC|BIGUACU,glp,1,36.0,36.0,36.0,36.0,36.0
2008-01,MUN,SC|BLUMENAU,glp,55,37.0,35.0,40.6,35.0,41.6
2008-01,MUN,SC|BOMBINHAS,glp,1,33.0,33.0,33.0,33.0,33.0
2008-01,MUN,SC|BRUSQUE,glp,4,34.0,33.0,37.03,33.0,37.9
2008-01,MUN,SC|CACADOR,glp,3,38.0,35.6,38.0,35.0,38.0
2008-01,MUN,SC|CHAPECO,glp,22,35.0,35.0,36.0,34.5,38.0
2008-01,MUN,SC|CONCORDIA,glp,23,35.0,34.6,36.4,34.0,40.0
2008-01,MUN,SC|CRICIUMA,glp,9,40.0,37.8,42.0,37.0,42.0
2008-01,MUN,SC|FLORIANOPOLIS,glp,94,35.0,33.0,37.0,32.0,40.0
2008-01,MUN,SC|ITAJAI,glp,47,35.0,34.6,36.0,34.0,38.0
2008-01,MUN,SC|JARAGUA DO SUL,glp,4,34.5,33.3,35.7,33.0,36.0
2008-01,MUN,SC|JOINVILLE,glp,88,36.925,35.0,38.15,33.0,40.0
2008-01,MUN,SC|LAGES,glp,6,35.0,35.0,35.0,35.0,35.0
2008-01,MUN,SC|LAGUNA,glp,3,34.0,34.0,34.8,34.0,35.0
2008-01,MUN,SC|MAFRA,glp,4,32.9,31.57,32.97,31.0,33.0
2008-01,MUN,SC|PALHOCA,glp,20,35.0,32.8,36.0,30.0,36.0
2008-01,MUN,SC|SAO JOSE,glp,17,35.0,35.0,36.0,34.8,37.0
2008-01,MUN,SC|SAO MIGUEL DO OESTE,glp,9,33.0,31.8,34.0,31.0,34.0
2008-01,MUN,SC|TIJUCAS,glp,1,36.0,36.0,36.0,36.0,36.0
2008-01,MUN,SC|TUBARAO,glp,11,33.0,33.0,35.0,31.0,35.0
2008-01,MUN,SC|VIDEIRA,glp,5,35.0,35.0,35.0,35.0,35.0
2008-01,MUN,SC|XANXERE,glp,12,35.75,35.0,36.9,35.0,37.0
2008-01,MUN,SE|ARACAJU,glp,17,33.0,33.0,34.0,30.0,34.0
2008-01,MUN,SE|ITABAIANA,glp,4,32.85,30.81,33.7,30.0,34.0
2008-01,MUN,SE|ITABAIANINHA,glp,1,33.0,33.0,33.0,33.0,33.0
2008-01,MUN,SE|LAGARTO,glp,4,32.0,30.6,32.0,30.0,32.0
2008-01,MUN,SE|NOSSA SENHORA DO SOCORRO,glp,4,34.0,33.3,34.7,33.0,35.0
2008-01,MUN,SE|SIMAO DIAS,glp,1,31.0,31.0,31.0,31.0,31.0
2008-01,MUN,SE|TOBIAS BARRETO,glp,3,34.0,34.0,34.0,34.0,34.0
2008-01,MUN,SP|ADAMANTINA,glp,10,33.0,33.0,33.0,33.0,33.0
2008-01,MUN,SP|AMERICANA,glp,27,35.0,34.0,35.0,28.9,35.0
2008-01,MUN,SP|AMPARO,glp,4,32.5,32.0,34.715,32.0,35.45
2008-01,MUN,SP|APIAI,glp,2,34.0,34.0,34.0,34.0,34.0
2008-01,MUN,SP|ARACATUBA,glp,39,32.0,30.0,32.0,30.0,32.0
2008-01,MUN,SP|ARARAQUARA,glp,15,30.0,28.4,32.6,27.99,33.33
2008-01,MUN,SP|ARARAS,glp,2,31.4,31.08,31.72,31.0,31.8
2008-01,MUN,SP|ASSIS,glp,10,32.0,32.0,32.0,32.0,32.0
2008-01,MUN,SP|ATIBAIA,glp,23,32.0,30.1,33.0,29.5,34.5
2008-01,MUN,SP|AVARE,glp,7,37.0,36.6,37.7,36.0,38.0
2008-01,MUN,SP|BARRETOS,glp,13,30.0,29.6,30.0,28.5,30.0
2008-01,MUN,SP|BARUERI,glp,17,32.0,28.996,33.0,27.0,34.0
2008-01,MUN,SP|BAURU,glp,31,33.0,30.0,34.5,30.0,36.0
2008-01,MUN,SP|BEBEDOURO,glp,11,30.0,29.9,33.0,29.9,34.0
2008-01,MUN,SP|BIRIGUI,glp,21,32.0,30.0,33.0,30.0,33.0
2008-01,MUN,SP|BORACEIA,glp,1,36.0,36.0,36.0,36.0,36.0
2008-01,MUN,SP|BOTUCATU,glp,16,32.0,31.9,33.425,31.9,33.9
2008-01,MUN,SP|BRAGANCA PAULISTA,glp,31,30.0,26.99,32.0,26.0,33.0
2008-01,MUN,SP|CACAPAVA,glp,16,30.0,30.0,34.0,25.99,34.0
2008-01,MUN,SP|CAMPINAS,glp,55,32.0,29.99,34.0,27.0,35.0
2008-01,MUN,SP|CAMPOS DO JORDAO,glp,10,28.0,26.9,32.2,26.0,34.0
2008-01,MUN,SP|CAPAO BONITO,glp,4,30.5,30.15,30.85,30.0,31.0
2008-01,MUN,SP|CARAGUATATUBA,glp,7,32.0,30.0,34.6,30.0,35.5
2008-01,MUN,SP|CARAPICUIBA,glp,16,32.0,28.99,32.745,28.99,32.99
2008-01,MUN,SP|CATANDUVA,glp,16,32.0,29.375,33.0,29.0,35.0
2008-01,MUN,SP|COSMOPOLIS,glp,5,35.99,34.796,36.0,34.0,36.0
2008-01,MUN,SP|COTIA,glp,11,32.0,31.0,32.9,30.0,33.0
2008-01,MUN,SP|CRUZEIRO,glp,13,30.0,30.0,32.0,29.0,32.0
2008-01,MUN,SP|CUBATAO,glp,3,31.0,30.2,31.0,30.0,31.0
2008-01,MUN,SP|DIADEMA,glp,19,31.0,28.99,32.2,28.0,33.0
2008-01,MUN,SP|DRACENA,glp,9,35.0,35.0,35.0,35.0,35.0
2008-01,MUN,SP|EMBU DAS ARTES,glp,4,31.9,31.9,31.97,31.9,32.0
2008-01,MUN,SP|FERRAZ DE VASCONCELOS,glp,10,30.5,30.0,32.0,30.0,32.0
2008-01,MUN,SP|FRANCA,glp,22,32.0,28.9,32.0,28.0,35.0
2008-01,MUN,SP|FRANCISCO MORATO,glp,15,32.0,30.0,34.0,29.495,34.0
2008-01,MUN,SP|FRANCO DA ROCHA,glp,5,31.9,30.0,32.0,30.0,32.0
2008-01,MUN,SP|GARCA,glp,8,33.0,32.85,33.0,32.5,33.0
2008-01,MUN,SP|GUARATINGUETA,glp,12,27.0,25.53,30.0,25.5,33.0
2008-01,MUN,SP|GUARUJA,glp,5,35.5,34.0,35.5,33.0,35.5
2008-01,MUN,SP|GUARULHOS,glp,61,31.0,29.99,32.5,28.0,33.9
2008-01,MUN,SP|HORTOLANDIA,glp,26,32.0,30.0,32.0,28.99,33.99
2008-01,MUN,SP|IBITINGA,glp,8,30.0,30.0,30.0,30.0,30.0
2008-01,MUN,SP|INDAIATUBA,glp,32,35.0,35.0,35.0,33.0,35.0
2008-01,MUN,SP|ITANHAEM,glp,11,34.0,33.0,36.0,28.0,37.0
2008-01,MUN,SP|ITAPECERICA DA SERRA,glp,6,31.0,30.99,32.0,30.99,32.0
2008-01,MUN,SP|ITAPETININGA,glp,16,31.5,29.725,32.0,29.0,33.0
2008-01,MUN,SP|ITAPEVA,glp,5,32.0,29.2,32.6,28.0,33.0
2008-01,MUN,SP|ITAPEVI,glp,5,28.0,26.394,30.6,25.99,31.0
2008-01,MUN,SP|ITAPIRA,glp,4,31.0,30.3,31.0,30.0,31.0
2008-01,MUN,SP|ITAPOLIS,glp,14,30.0,30.0,30.0,30.0,33.0
2008-01,MUN,SP|ITAQUAQUECETUBA,glp,13,32.0,30.0,33.0,30.0,33.0
2008-01,MUN,SP|ITATIBA,glp,11,32.0,32.0,33.0,32.0,33.0
2008-01,MUN,SP|ITU,glp,11,30.0,29.0,33.0,29.0,33.0
2008-01,MUN,SP|JABOTICABAL,glp,12,32.0,32.0,33.0,32.0,33.0
2008-01,MUN,SP|JACAREI,glp,9,29.99,27.99,32.0,27.99,32.0
2008-01,MUN,SP|JALES,glp,8,32.5,30.7,33.0,30.0,33.0
2008-01,MUN,SP|JANDIRA,glp,8,29.0,26.7,30.3,26.0,31.0
2008-01,MUN,SP|JAU,glp,8,30.0,29.4,30.3,28.0,31.0
2008-01,MUN,SP|JOSE BONIFACIO,glp,14,32.0,30.3,32.0,30.0,32.0
2008-01,MUN,SP|JUNDIAI,glp,17,32.0,28.0,33.0,27.0,34.0
2008-01,MUN,SP|LEME,glp,18,32.0,29.997,34.0,29.99,34.0
2008-01,MUN,SP|LIMEIRA,glp,17,33.0,29.954,35.0,28.0,35.0
2008-01,MUN,SP|LINS,glp,19,32.0,29.99,32.0,29.0,33.0
2008-01,MUN,SP|LORENA,glp,12,29.5,27.1,30.0,27.0,32.0
2008-01,MUN,SP|MARILIA,glp,13,30.0,30.0,31.0,30.0,32.0
2008-01,MUN,SP|MATAO,glp,8,33.0,31.4,34.3,30.0,35.0
2008-01,MUN,SP|MAUA,glp,26,33.0,31.45,34.0,30.0,34.0
2008-01,MUN,SP|MIRASSOL,glp,10,30.0,29.44,30.1,28.0,31.0
2008-01,MUN,SP|MOCOCA,glp,12,35.0,34.0,35.0,34.0,35.0
2008-01,MUN,SP|MOGI DAS CRUZES,glp,35,34.0,31.72,37.0,29.75,37.45
2008-01,MUN,SP|MOGI GUACU,glp,13,30.0,30.0,30.0,29.99,30.0
2008-01,MUN,SP|MOGI MIRIM,glp,9,30.0,30.0,33.0,30.0,33.0
2008-01,MUN,SP|MONTE ALTO,glp,7,33.0,32.6,34.0,32.0,34.0
2008-01,MUN,SP|OLIMPIA,glp,8,30.0,30.0,30.3,30.0,31.0
2008-01,MUN,SP|OSASCO,glp,45,31.0,28.99,32.99,28.0,33.0
2008-01,MUN,SP|OURINHOS,glp,18,32.5,31.35,34.0,30.0,34.0
2008-01,MUN,SP|PARAGUACU PAULISTA,glp,11,32.0,32.0,32.5,32.0,32.5
2008-01,MUN,SP|PAULICEIA,glp,1,33.0,33.0,33.0,33.0,33.0
2008-01,MUN,SP|PAULINIA,glp,13,31.0,27.992,32.8,26.99,33.0
2008-01,MUN,SP|PINDAMONHANGABA,glp,18,31.5,28.0,33.3,28.0,37.0
2008-01,MUN,SP|PIRACICABA,glp,37,30.0,29.996,33.0,28.0,35.0
2008-01,MUN,SP|PIRASSUNUNGA,glp,6,31.7,30.5,31.95,30.0,32.0
2008-01,MUN,SP|PITANGUEIRAS,glp,1,30.0,30.0,30.0,30.0,30.0
2008-01,MUN,SP|POA,glp,8,31.0,30.0,32.0,30.0,32.0
2008-01,MUN,SP|PORTO FERREIRA,glp,6,30.0,30.0,30.0,30.0,30.0
2008-01,MUN,SP|PRAIA GRANDE,glp,9,32.0,30.0,34.0,30.0,34.0
2008-01,MUN,SP|PRESIDENTE PRUDENTE,glp,39,33.0,31.6,35.0,30.0,36.0
2008-01,MUN,SP|PRESIDENTE VENCESLAU,glp,9,29.0,29.0,30.0,29.0,30.0
2008-01,MUN,SP|RIBEIRAO PIRES,glp,12,33.0,32.0,33.0,29.99,34.0
2008-01,MUN,SP|RIBEIRAO PRETO,glp,83,32.0,30.0,34.0,28.9,35.0
2008-01,MUN,SP|RIO CLARO,glp,7,30.0,30.0,30.8,30.0,32.0
2008-01,MUN,SP|SALTO,glp,18,32.0,30.7,33.0,30.0,33.0
2008-01,MUN,SP|SANTA BARBARA D'OESTE,glp,28,34.0,34.0,35.0,33.0,35.0
2008-01,MUN,SP|SANTA CRUZ DO RIO PARDO,glp,9,33.0,32.0,33.1,32.0,33.5
2008-01,MUN,SP|SANTO ANDRE,glp,38,33.25,29.997,35.15,29.99,36.5
2008-01,MUN,SP|SANTOS,glp,12,32.0,29.99,33.9,29.99,39.5
2008-01,MUN,SP|SAO BERNARDO DO CAMPO,glp,36,33.0,31.0,34.5,29.99,35.0
2008-01,MUN,SP|SAO CAETANO DO SUL,glp,4,31.45,30.993,31.97,30.99,32.0
2008-01,MUN,SP|SAO CARLOS,glp,17,32.0,29.96,35.4,29.9,36.0
2008-01,MUN,SP|SAO JOAO DA BOA VISTA,glp,9,33.0,32.9,33.0,32.5,33.0
2008-01,MUN,SP|SAO JOAQUIM DA BARRA,glp,10,32.0,31.99,32.0,31.9,32.0
2008-01,MUN,SP|SAO JOSE DO RIO PRETO,glp,62,32.0,32.0,33.0,30.0,34.0
2008-01,MUN,SP|SAO JOSE DOS CAMPOS,glp,86,32.0,28.745,34.0,25.99,35.0
2008-01,MUN,SP|SAO PAULO,glp,214,30.99,28.99,33.0,27.0,35.5
2008-01,MUN,SP|SAO ROQUE,glp,7,31.0,29.8,31.94,28.0,32.0
2008-01,MUN,SP|SAO VICENTE,glp,24,30.0,27.993,34.0,27.9,35.0
2008-01,MUN,SP|SERTAOZINHO,glp,20,32.0,29.99,32.05,29.0,33.0
2008-01,MUN,SP|SOROCABA,glp,37,31.0,30.0,32.7,28.9,36.9
2008-01,MUN,SP|SUMARE,glp,28,33.0,32.0,34.0,28.0,34.0
2008-01,MUN,SP|SUZANO,glp,20,31.5,29.81,32.0,26.99,32.0
2008-01,MUN,SP|TABOAO DA SERRA,glp,6,28.995,28.968,30.0,28.945,30.0
2008-01,MUN,SP|TATUI,glp,8,33.0,32.0,33.3,32.0,34.0
2008-01,MUN,SP|TAUBATE,glp,42,28.0,25.99,29.0,25.0,30.0
2008-01,MUN,SP|TUPA,glp,6,31.0,31.0,31.0,31.0,31.0
2008-01,MUN,SP|UBATUBA,glp,11,31.0,30.0,35.0,30.0,35.0
2008-01,MUN,SP|VALINHOS,glp,8,33.0,32.0,34.0,32.0,34.0
2008-01,MUN,SP|VARZEA PAULISTA,glp,11,30.0,30.0,32.0,30.0,33.0
2008-01,MUN,SP|VINHEDO,glp,5,33.0,31.99,34.6,31.99,35.0
2008-01,MUN,SP|VOTORANTIM,glp,18,30.0,28.7,31.3,27.995,32.0
2008-01,MUN,SP|VOTUPORANGA,glp,15,30.0,28.0,31.6,27.0,32.0
2008-01,MUN,TO|ARAGUAINA,glp,12,40.0,40.0,40.0,40.0,40.0
2008-01,MUN,TO|COMBINADO,glp,1,37.0,37.0,37.0,37.0,37.0
2008-01,MUN,TO|DIANOPOLIS,glp,6,35.0,35.0,35.5,35.0,36.0
2008-01,MUN,TO|GURUPI,glp,56,35.0,35.0,36.0,35.0,36.0
2008-01,MUN,TO|PALMAS,glp,26,35.0,35.0,36.0,35.0,38.0
2008-01,MUN,TO|PARAISO DO TOCANTINS,glp,13,37.0,37.0,37.0,37.0,37.0
2008-01,MUN,TO|PORTO NACIONAL,glp,9,37.0,36.6,37.0,35.0,37.0
2008-01,MUN,TO|TAGUATINGA,glp,1,37.0,37.0,37.0,37.0,37.0
2008-01,UF,AC,glp,94,37.5,37.0,39.7,36.0,46.0
2008-01,UF,AL,glp,31,32.0,30.0,32.0,30.0,33.0
2008-01,UF,AM,glp,339,32.0,31.0,33.0,30.0,37.5
2008-01,UF,AP,glp,25,34.0,34.0,37.0,34.0,47.0
2008-01,UF,BA,glp,324,32.0,28.0,35.0,25.0,38.5
2008-01,UF,CE,glp,213,35.0,32.0,36.0,28.0,37.0
2008-01,UF,DF,glp,131,38.0,35.0,39.0,30.0,39.01
2008-01,UF,ES,glp,136,34.0,32.0,35.0,27.0,37.0
2008-01,UF,GO,glp,821,33.0,31.0,36.0,27.9,39.0
2008-01,UF,MA,glp,120,36.5,34.0,37.5,33.0,38.0
2008-01,UF,MG,glp,1218,35.0,32.0,37.325,27.0,40.0
2008-01,UF,MS,glp,318,35.35,33.0,40.0,30.0,43.0
2008-01,UF,MT,glp,93,40.0,38.0,42.0,38.0,44.0
2008-01,UF,PA,glp,225,32.0,30.7,37.0,29.5,39.0
2008-01,UF,PB,glp,81,33.0,30.0,35.0,26.0,35.0
2008-01,UF,PE,glp,257,28.0,27.0,33.0,25.0,36.0
2008-01,UF,PI,glp,63,35.0,35.0,37.0,32.5,38.0
2008-01,UF,PR,glp,778,32.0,30.0,35.0,28.0,38.0
2008-01,UF,RJ,glp,286,31.0,29.0,33.7,27.99,36.0
2008-01,UF,RN,glp,32,32.0,30.0,33.0,30.0,33.0
2008-01,UF,RO,glp,286,35.0,33.0,37.5,33.0,42.0
2008-01,UF,RR,glp,27,37.0,36.0,38.0,34.35,39.0
2008-01,UF,RS,glp,789,34.0,32.0,37.0,27.0,41.0
2008-01,UF,SC,glp,445,35.5,34.0,38.0,30.0,42.0
2008-01,UF,SE,glp,34,33.0,31.3,34.0,30.0,35.0
2008-01,UF,SP,glp,2183,32.0,29.0,34.0,25.0,39.5
2008-01,UF,TO,glp,124,36.0,35.0,37.7,35.0,40.0
2008-02,BR,BR,glp,9347,33.0,30.0,37.0,25.0,47.0
2008-02,MUN,AC|BUJARI,glp,1,37.0,37.0,37.0,37.0,37.0
2008-02,MUN,AC|CRUZEIRO DO SUL,glp,1,46.0,46.0,46.0,46.0,46.0
2008-02,MUN,AC|RIO BRANCO,glp,83,37.5,37.0,38.9,36.0,40.0
2008-02,MUN,AC|SENA MADUREIRA,glp,3,40.0,40.0,40.0,40.0,40.0
2008-02,MUN,AC|SENADOR GUIOMARD,glp,1,34.0,34.0,34.0,34.0,34.0
2008-02,MUN,AC|TARAUACA,glp,2,45.0,45.0,45.0,45.0,45.0
2008-02,MUN,AC|XAPURI,glp,3,41.0,41.0,41.0,41.0,41.0
2008-02,MUN,AL|ARAPIRACA,glp,4,30.0,30.0,30.0,30.0,30.0
2008-02,MUN,AL|DELMIRO GOUVEIA,glp,1,32.0,32.0,32.0,32.0,32.0
2008-02,MUN,AL|IGACI,glp,1,32.0,32.0,32.0,32.0,32.0
2008-02,MUN,AL|MACEIO,glp,14,32.0,30.0,33.0,30.0,33.0
2008-02,MUN,AL|MARECHAL DEODORO,glp,1,32.0,32.0,32.0,32.0,32.0
2008-02,MUN,AL|PALMEIRA DOS INDIOS,glp,5,32.0,30.0,32.0,30.0,32.0
2008-02,MUN,AL|RIO LARGO,glp,3,32.0,32.0,32.0,32.0,32.0
2008-02,MUN,AL|SANTANA DO IPANEMA,glp,2,32.0,32.0,32.0,32.0,32.0
2008-02,MUN,AM|HUMAITA,glp,2,37.25,37.05,37.45,37.0,37.5
2008-02,MUN,AM|ITACOATIARA,glp,5,34.0,33.0,34.0,33.0,34.0
2008-02,MUN,AM|MANACAPURU,glp,2,32.0,32.0,32.0,32.0,32.0
2008-02,MUN,AM|MANAUS,glp,327,32.0,31.0,33.0,30.0,35.0
2008-02,MUN,AM|PARINTINS,glp,2,34.0,34.0,34.0,34.0,34.0
2008-02,MUN,AM|PRESIDENTE FIGUEIREDO,glp,1,37.0,37.0,37.0,37.0,37.0
2008-02,MUN,AP|CALCOENE,glp,1,37.0,37.0,37.0,37.0,37.0
2008-02,MUN,AP|LARANJAL DO JARI,glp,1,37.0,37.0,37.0,37.0,37.0
2008-02,MUN,AP|MACAPA,glp,17,34.0,34.0,34.4,34.0,35.0
2008-02,MUN,AP|OIAPOQUE,glp,2,47.0,47.0,47.0,47.0,47.0
2008-02,MUN,AP|SANTANA,glp,4,35.5,34.3,36.0,34.0,36.0
2008-02,MUN,BA|ALAGOINHAS,glp,4,35.0,35.0,35.0,35.0,35.0
2008-02,MUN,BA|BARRA,glp,3,30.0,29.2,31.6,29.0,32.0
2008-02,MUN,BA|BARREIRAS,glp,10,36.0,36.0,36.0,36.0,36.0
2008-02,MUN,BA|BRUMADO,glp,6,30.5,30.0,32.0,30.0,32.0
2008-02,MUN,BA|CAETITE,glp,6,30.0,29.0,30.0,28.0,30.0
2008-02,MUN,BA|CAMACARI,glp,8,36.5,35.7,38.5,35.0,38.5
2008-02,MUN,BA|CAMPO FORMOSO,glp,3,35.0,35.0,35.0,35.0,35.0
2008-02,MUN,BA|CANDEIAS,glp,5,33.0,32.4,33.0,32.0,33.0
2008-02,MUN,BA|CAPIM GROSSO,glp,1,35.0,35.0,35.0,35.0,35.0
2008-02,MUN,BA|EUNAPOLIS,glp,6,35.0,35.0,35.0,35.0,35.0
2008-02,MUN,BA|FEIRA DE SANTANA,glp,8,35.5,33.25,35.5,28.0,35.5
2008-02,MUN,BA|GUANAMBI,glp,12,30.0,30.0,30.0,30.0,30.0
2008-02,MUN,BA|ILHEUS,glp,9,36.0,36.0,36.0,36.0,36.0
2008-02,MUN,BA|IPIRA,glp,5,35.0,35.0,35.0,35.0,35.0
2008-02,MUN,BA|IRECE,glp,6,30.0,30.0,30.0,30.0,30.0
2008-02,MUN,BA|ITABUNA,glp,8,35.0,34.85,35.0,34.5,35.0
2008-02,MUN,BA|ITAMARAJU,glp,4,33.0,33.0,33.0,33.0,33.0
2008-02,MUN,BA|JACOBINA,glp,5,35.0,35.0,35.0,35.0,35.0
2008-02,MUN,BA|JAGUAQUARA,glp,9,30.0,30.0,31.0,30.0,35.0
2008-02,MUN,BA|JEQUIE,glp,4,31.5,30.0,33.0,30.0,33.0
2008-02,MUN,BA|JUAZEIRO,glp,4,31.5,30.65,32.7,30.5,33.0
2008-02,MUN,BA|LAURO DE FREITAS,glp,11,32.0,28.0,32.0,27.0,32.0
2008-02,MUN,BA|LIVRAMENTO DE NOSSA SENHORA,glp,1,28.0,28.0,28.0,28.0,28.0
2008-02,MUN,BA|PAULO AFONSO,glp,5,33.0,33.0,33.6,33.0,34.0
2008-02,MUN,BA|POCOES,glp,4,33.0,33.0,34.4,33.0,35.0
2008-02,MUN,BA|PORTO SEGURO,glp,9,35.0,35.0,35.0,35.0,35.0
2008-02,MUN,BA|RUY BARBOSA,glp,3,33.0,33.0,33.0,33.0,33.0
2008-02,MUN,BA|SALVADOR,glp,129,31.5,28.0,33.5,26.5,34.0
2008-02,MUN,BA|SANTO ANTONIO DE JESUS,glp,8,33.0,31.7,33.0,31.0,33.0
2008-02,MUN,BA|SENHOR DO BONFIM,glp,4,35.0,35.0,35.0,35.0,35.0
2008-02,MUN,BA|SERRINHA,glp,3,35.0,35.0,35.0,35.0,35.0
2008-02,MUN,BA|SIMOES FILHO,glp,6,33.0,31.5,35.25,30.0,35.5
2008-02,MUN,BA|TEIXEIRA DE FREITAS,glp,6,33.0,32.5,33.5,32.0,34.0
2008-02,MUN,BA|URANDI,glp,1,30.0,30.0,30.0,30.0,30.0
2008-02,MUN,BA|VALENCA,glp,4,34.0,33.0,35.0,33.0,35.0
2008-02,MUN,BA|VITORIA DA CONQUISTA,glp,2,32.5,32.1,32.9,32.0,33.0
2008-02,MUN,CE|ARACOIABA,glp,1,33.0,33.0,33.0,33.0,33.0
2008-02,MUN,CE|BEBERIBE,glp,1,31.5,31.5,31.5,31.5,31.5
2008-02,MUN,CE|CANINDE,glp,2,33.0,33.0,33.0,33.0,33.0
2008-02,MUN,CE|CAUCAIA,glp,36,35.0,35.0,36.0,33.0,36.0
2008-02,MUN,CE|CRATEUS,glp,3,32.0,32.0,32.0,32.0,32.0
2008-02,MUN,CE|CRATO,glp,9,32.0,31.6,33.29,30.0,34.45
2008-02,MUN,CE|FORTALEZA,glp,120,35.0,33.0,35.05,32.0,37.0
2008-02,MUN,CE|ICO,glp,3,32.0,32.0,32.0,32.0,32.0
2008-02,MUN,CE|IGUATU,glp,4,33.0,33.0,33.0,33.0,33.0
2008-02,MUN,CE|INDEPENDENCIA,glp,1,32.0,32.0,32.0,32.0,32.0
2008-02,MUN,CE|IPU,glp,3,34.0,34.0,34.0,34.0,34.0
2008-02,MUN,CE|ITAPIPOCA,glp,3,30.0,30.0,30.0,30.0,30.0
2008-02,MUN,CE|JUAZEIRO DO NORTE,glp,7,32.0,28.0,32.0,28.0,32.0
2008-02,MUN,CE|LIMOEIRO DO NORTE,glp,3,34.0,32.4,34.0,32.0,34.0
2008-02,MUN,CE|MARACANAU,glp,6,35.0,33.0,36.0,32.0,36.0
2008-02,MUN,CE|MORADA NOVA,glp,4,33.25,32.65,33.85,32.5,34.0
2008-02,MUN,CE|PEDRA BRANCA,glp,2,31.0,31.0,31.0,31.0,31.0
2008-02,MUN,CE|QUIXADA,glp,5,34.0,32.4,34.0,32.0,34.0
2008-02,MUN,CE|SAO GONCALO DO AMARANTE,glp,1,33.0,33.0,33.0,33.0,33.0
2008-02,MUN,CE|SOBRAL,glp,3,33.0,33.0,33.0,33.0,33.0
2008-02,MUN,DF|BRASILIA,glp,125,37.0,35.0,39.0,28.0,39.02
2008-02,MUN,ES|ARACRUZ,glp,6,33.5,32.0,35.0,32.0,35.0
2008-02,MUN,ES|BARRA DE SAO FRANCISCO,glp,6,31.0,30.0,33.5,30.0,35.0
2008-02,MUN,ES|CACHOEIRO DE ITAPEMIRIM,glp,13,32.0,29.9,33.0,27.0,33.5
2008-02,MUN,ES|CARIACICA,glp,11,34.5,31.945,36.9,30.5,36.9
2008-02,MUN,ES|CASTELO,glp,2,32.5,32.1,32.9,32.0,33.0
2008-02,MUN,ES|COLATINA,glp,7,32.0,32.0,33.8,32.0,35.0
2008-02,MUN,ES|GUARAPARI,glp,6,35.0,33.5,35.5,33.0,36.0
2008-02,MUN,ES|ITAPEMIRIM,glp,1,32.0,32.0,32.0,32.0,32.0
2008-02,MUN,ES|JAGUARE,glp,3,33.9,33.18,33.98,33.0,34.0
2008-02,MUN,ES|LINHARES,glp,11,35.0,34.0,35.0,34.0,35.0
2008-02,MUN,ES|NOVA VENECIA,glp,1,27.0,27.0,27.0,27.0,27.0
2008-02,MUN,ES|PIUMA,glp,1,36.5,36.5,36.5,36.5,36.5
2008-02,MUN,ES|SAO MATEUS,glp,8,33.0,33.0,34.0,33.0,34.0
2008-02,MUN,ES|SERRA,glp,37,34.0,32.0,35.0,31.0,35.0
2008-02,MUN,ES|VILA VELHA,glp,13,34.0,33.0,34.0,32.0,35.0
2008-02,MUN,ES|VITORIA,glp,3,36.0,35.2,36.8,35.0,37.0
2008-02,MUN,GO|AGUAS LINDAS DE GOIAS,glp,7,34.0,34.0,35.0,34.0,35.0
2008-02,MUN,GO|ANAPOLIS,glp,105,32.0,31.0,33.0,30.0,34.0
2008-02,MUN,GO|APARECIDA DE GOIANIA,glp,78,32.0,31.0,33.0,30.0,33.0
2008-02,MUN,GO|BELA VISTA DE GOIAS,glp,1,32.0,32.0,32.0,32.0,32.0
2008-02,MUN,GO|CALDAS NOVAS,glp,38,34.0,34.0,35.0,32.5,37.5
2008-02,MUN,GO|CATALAO,glp,15,30.0,30.0,30.8,30.0,31.0
2008-02,MUN,GO|FORMOSA,glp,36,37.0,37.0,37.0,37.0,37.0
2008-02,MUN,GO|GOIANIA,glp,260,32.0,31.0,33.0,29.0,34.0
2008-02,MUN,GO|GOIATUBA,glp,11,34.0,32.0,34.0,32.0,34.0
2008-02,MUN,GO|ITUMBIARA,glp,18,33.0,33.0,33.0,33.0,34.0
2008-02,MUN,GO|JATAI,glp,23,35.0,35.0,35.8,34.0,37.0
2008-02,MUN,GO|LUZIANIA,glp,59,33.0,33.0,34.0,32.0,34.0
2008-02,MUN,GO|MINEIROS,glp,18,35.0,35.0,35.0,35.0,35.0
2008-02,MUN,GO|MORRINHOS,glp,22,34.0,32.9,34.9,32.5,39.0
2008-02,MUN,GO|PLANALTINA,glp,22,37.0,34.1,39.0,33.0,39.0
2008-02,MUN,GO|PONTALINA,glp,1,34.0,34.0,34.0,34.0,34.0
2008-02,MUN,GO|PORANGATU,glp,13,35.0,32.2,35.8,30.0,36.0
2008-02,MUN,GO|RIO VERDE,glp,42,36.0,35.5,36.0,35.5,36.0
2008-02,MUN,GO|SANTO ANTONIO DE GOIAS,glp,1,32.5,32.5,32.5,32.5,32.5
2008-02,MUN,GO|TRINDADE,glp,43,31.0,30.1,32.0,30.0,33.0
2008-02,MUN,GO|VALPARAISO DE GOIAS,glp,9,30.0,29.8,31.2,29.0,32.0
2008-02,MUN,MA|ACAILANDIA,glp,2,38.0,38.0,38.0,38.0,38.0
2008-02,MUN,MA|BACABAL,glp,3,37.5,36.7,37.5,36.5,37.5
2008-02,MUN,MA|BALSAS,glp,3,37.0,37.0,37.0,37.0,37.0
2008-02,MUN,MA|BARRA DO CORDA,glp,2,38.0,38.0,38.0,38.0,38.0
2008-02,MUN,MA|CAROLINA,glp,3,38.0,37.2,38.0,37.0,38.0
2008-02,MUN,MA|CAXIAS,glp,1,38.0,38.0,38.0,38.0,38.0
2008-02,MUN,MA|CODO,glp,2,36.5,36.5,36.5,36.5,36.5
2008-02,MUN,MA|IMPERATRIZ,glp,41,37.0,37.0,37.0,37.0,37.0
2008-02,MUN,MA|MATINHA,glp,1,34.5,34.5,34.5,34.5,34.5
2008-02,MUN,MA|PINHEIRO,glp,2,37.75,37.55,37.95,37.5,38.0
2008-02,MUN,MA|PRESIDENTE DUTRA,glp,2,35.0,35.0,35.0,35.0,35.0
2008-02,MUN,MA|SANTA INES,glp,2,35.5,35.5,35.5,35.5,35.5
2008-02,MUN,MA|SAO JOAO DOS PATOS,glp,2,38.0,38.0,38.0,38.0,38.0
2008-02,MUN,MA|SAO JOSE DE RIBAMAR,glp,11,34.5,34.0,35.0,33.0,35.0
2008-02,MUN,MA|SAO LUIS,glp,39,34.5,33.9,35.0,33.0,35.0
2008-02,MUN,MA|TIMON,glp,1,35.0,35.0,35.0,35.0,35.0
2008-02,MUN,MG|ALFENAS,glp,19,34.75,30.0,35.0,29.0,35.0
2008-02,MUN,MG|ARAGUARI,glp,17,36.5,34.6,37.0,34.0,37.05
2008-02,MUN,MG|ARAXA,glp,3,36.0,36.0,36.0,36.0,36.0
2008-02,MUN,MG|BARBACENA,glp,16,33.5,32.5,35.25,32.0,36.0
2008-02,MUN,MG|BELO HORIZONTE,glp,120,35.0,31.95,35.0,30.0,36.5
2008-02,MUN,MG|BETIM,glp,39,35.0,32.8,35.0,31.99,35.0
2008-02,MUN,MG|BOM DESPACHO,glp,3,35.0,35.0,35.0,35.0,35.0
2008-02,MUN,MG|CAMPO BELO,glp,9,35.0,35.0,35.0,35.0,35.0
2008-02,MUN,MG|CARATINGA,glp,3,33.0,32.2,33.0,32.0,33.0
2008-02,MUN,MG|CATAGUASES,glp,2,30.25,29.25,31.25,29.0,31.5
2008-02,MUN,MG|CONCEICAO DAS ALAGOAS,glp,1,35.0,35.0,35.0,35.0,35.0
2008-02,MUN,MG|CONGONHAS,glp,9,35.0,34.95,35.0,34.75,35.0
2008-02,MUN,MG|CONSELHEIRO LAFAIETE,glp,4,34.75,33.45,35.0,33.0,35.0
2008-02,MUN,MG|CONTAGEM,glp,77,34.5,32.3,35.18,31.0,36.0
2008-02,MUN,MG|CORONEL FABRICIANO,glp,3,35.0,34.6,35.0,34.5,35.0
2008-02,MUN,MG|CURVELO,glp,9,35.0,35.0,35.1,35.0,35.5
2008-02,MUN,MG|DIAMANTINA,glp,9,35.0,34.9,37.0,34.5,37.0
2008-02,MUN,MG|DIVINOPOLIS,glp,20,35.0,34.45,36.0,33.0,36.0
2008-02,MUN,MG|FORMIGA,glp,10,35.0,34.95,35.0,34.5,35.0
2008-02,MUN,MG|FRUTAL,glp,5,34.0,33.4,34.6,33.0,35.0
2008-02,MUN,MG|GOVERNADOR VALADARES,glp,19,34.0,32.8,34.0,32.0,34.71
2008-02,MUN,MG|GUAXUPE,glp,7,33.0,32.0,33.0,32.0,33.0
2008-02,MUN,MG|IBIRITE,glp,11,35.0,34.0,35.9,34.0,36.0
2008-02,MUN,MG|IPATINGA,glp,15,33.0,32.0,34.0,30.0,35.0
2008-02,MUN,MG|ITABIRA,glp,3,36.5,36.5,36.5,36.5,36.5
2008-02,MUN,MG|ITAJUBA,glp,13,34.5,34.0,35.0,33.5,35.0
2008-02,MUN,MG|ITAUNA,glp,14,33.0,32.3,33.7,32.0,35.0
2008-02,MUN,MG|ITUIUTABA,glp,17,34.0,33.0,35.0,33.0,35.0
2008-02,MUN,MG|ITURAMA,glp,1,34.9,34.9,34.9,34.9,34.9
2008-02,MUN,MG|JANAUBA,glp,2,35.0,35.0,35.0,35.0,35.0
2008-02,MUN,MG|JANUARIA,glp,8,36.0,35.35,36.475,35.0,37.0
2008-02,MUN,MG|JOAO MONLEVADE,glp,7,34.0,33.6,35.4,33.0,36.0
2008-02,MUN,MG|JOAO PINHEIRO,glp,16,38.0,36.5,38.0,35.0,38.0
2008-02,MUN,MG|JUIZ DE FORA,glp,80,36.75,34.95,39.0,34.0,40.0
2008-02,MUN,MG|LAVRAS,glp,10,31.5,28.9,35.0,28.0,35.0
2008-02,MUN,MG|LEOPOLDINA,glp,5,35.0,34.4,35.3,34.0,35.5
2008-02,MUN,MG|MANHUACU,glp,6,35.75,34.0,36.0,33.5,36.0
2008-02,MUN,MG|MARIANA,glp,5,32.5,32.0,33.1,32.0,33.5
2008-02,MUN,MG|MATIAS BARBOSA,glp,1,34.0,34.0,34.0,34.0,34.0
2008-02,MUN,MG|MONTE CARMELO,glp,17,32.0,31.0,33.0,30.0,33.0
2008-02,MUN,MG|MONTES CLAROS,glp,53,36.0,35.0,36.0,34.0,36.0
2008-02,MUN,MG|MURIAE,glp,3,32.0,30.4,34.4,30.0,35.0
2008-02,MUN,MG|NOVA LIMA,glp,9,35.5,34.8,36.4,34.0,38.0
2008-02,MUN,MG|OLIVEIRA,glp,7,35.0,35.0,35.0,35.0,35.0
2008-02,MUN,MG|OURO PRETO,glp,8,35.5,35.0,37.0,35.0,37.0
2008-02,MUN,MG|PARA DE MINAS,glp,10,35.9,33.0,36.0,33.0,36.0
2008-02,MUN,MG|PARACATU,glp,8,38.0,35.0,40.0,35.0,40.0
2008-02,MUN,MG|PASSOS,glp,17,33.5,32.0,35.0,32.0,35.0
2008-02,MUN,MG|PATOS DE MINAS,glp,17,35.0,35.0,35.4,34.0,36.0
2008-02,MUN,MG|PATROCINIO,glp,18,35.5,35.0,36.5,35.0,37.0
2008-02,MUN,MG|POCOS DE CALDAS,glp,17,32.0,32.0,33.5,30.0,35.0
2008-02,MUN,MG|POUSO ALEGRE,glp,21,35.0,35.0,36.0,34.0,36.0
2008-02,MUN,MG|RIBEIRAO DAS NEVES,glp,22,34.0,33.0,34.0,30.0,35.0
2008-02,MUN,MG|SABARA,glp,17,34.5,32.0,35.0,31.0,35.0
2008-02,MUN,MG|SANTA LUZIA,glp,23,35.0,33.1,36.0,33.0,36.0
2008-02,MUN,MG|SANTOS DUMONT,glp,5,35.0,32.6,35.0,31.0,35.0
2008-02,MUN,MG|SAO GOTARDO,glp,1,35.0,35.0,35.0,35.0,35.0
2008-02,MUN,MG|SAO JOAO DEL REI,glp,15,37.0,37.0,37.0,37.0,37.0
2008-02,MUN,MG|SAO LOURENCO,glp,2,30.0,30.0,30.0,30.0,30.0
2008-02,MUN,MG|SAO SEBASTIAO DO PARAISO,glp,11,33.5,31.5,35.0,30.5,36.36
2008-02,MUN,MG|SETE LAGOAS,glp,14,33.0,31.298,35.0,27.995,36.0
2008-02,MUN,MG|TEOFILO OTONI,glp,31,35.0,35.0,36.0,33.0,36.0
2008-02,MUN,MG|TIMOTEO,glp,6,33.5,33.0,34.0,33.0,34.0
2008-02,MUN,MG|TRES CORACOES,glp,8,28.0,27.0,28.3,27.0,29.0
2008-02,MUN,MG|UBA,glp,7,35.0,35.0,35.0,35.0,35.0
2008-02,MUN,MG|UBERABA,glp,50,35.0,35.0,35.0,34.0,35.0
2008-02,MUN,MG|UBERLANDIA,glp,100,34.0,33.0,35.0,32.0,36.0
2008-02,MUN,MG|UNAI,glp,13,39.0,39.0,39.0,39.0,39.0
2008-02,MUN,MG|VARGINHA,glp,18,34.5,34.0,35.255,33.0,36.0
2008-02,MUN,MG|VESPASIANO,glp,10,33.0,31.95,34.1,31.5,35.0
2008-02,MUN,MG|VICOSA,glp,3,35.0,35.0,36.6,35.0,37.0
2008-02,MUN,MS|BATAYPORA,glp,1,38.0,38.0,38.0,38.0,38.0
2008-02,MUN,MS|CAMPO GRANDE,glp,181,33.5,32.0,35.0,29.99,36.5
2008-02,MUN,MS|CORUMBA,glp,7,42.0,41.5,42.0,41.5,42.0
2008-02,MUN,MS|COXIM,glp,9,35.0,34.4,35.6,32.0,36.0
2008-02,MUN,MS|DOURADOS,glp,56,39.0,37.25,43.0,35.0,43.0
2008-02,MUN,MS|NOVA ANDRADINA,glp,15,36.0,34.0,38.0,34.0,38.0
2008-02,MUN,MS|PARANAIBA,glp,18,40.0,40.0,40.0,38.0,40.0
2008-02,MUN,MS|PONTA PORA,glp,4,36.0,36.0,36.0,36.0,36.0
2008-02,MUN,MS|SAO GABRIEL DO OESTE,glp,1,32.0,32.0,32.0,32.0,32.0
2008-02,MUN,MS|SIDROLANDIA,glp,1,33.0,33.0,33.0,33.0,33.0
2008-02,MUN,MS|TRES LAGOAS,glp,16,38.0,38.0,38.0,37.0,38.5
2008-02,MUN,MT|ALTA FLORESTA,glp,6,40.0,40.0,41.5,40.0,42.0
2008-02,MUN,MT|CACERES,glp,8,38.0,38.0,38.0,38.0,38.0
2008-02,MUN,MT|CUIABA,glp,39,40.5,39.0,41.0,38.5,42.0
2008-02,MUN,MT|RONDONOPOLIS,glp,9,43.0,42.0,44.0,42.0,44.0
2008-02,MUN,MT|SINOP,glp,11,40.0,38.0,42.0,38.0,42.0
2008-02,MUN,MT|SORRISO,glp,8,40.25,39.4,41.3,38.0,42.0
2008-02,MUN,MT|VARZEA GRANDE,glp,12,41.0,40.5,41.45,40.0,42.0
2008-02,MUN,PA|ABAETETUBA,glp,4,34.0,34.0,34.0,34.0,34.0
2008-02,MUN,PA|ALENQUER,glp,2,34.95,34.91,34.99,34.9,35.0
2008-02,MUN,PA|ALTAMIRA,glp,9,36.0,36.0,37.0,36.0,37.0
2008-02,MUN,PA|ANANINDEUA,glp,61,31.0,31.0,31.0,30.0,32.0
2008-02,MUN,PA|BELEM,glp,80,31.0,30.0,32.0,29.0,32.0
2008-02,MUN,PA|BRAGANCA,glp,4,37.0,35.6,37.0,35.0,37.0
2008-02,MUN,PA|BREVES,glp,2,32.5,32.1,32.9,32.0,33.0
2008-02,MUN,PA|CAMETA,glp,3,32.0,32.0,32.0,32.0,32.0
2008-02,MUN,PA|CASTANHAL,glp,7,34.0,34.0,34.0,34.0,34.0
2008-02,MUN,PA|CONCEICAO DO ARAGUAIA,glp,2,37.0,37.0,37.0,37.0,37.0
2008-02,MUN,PA|ITAITUBA,glp,7,34.5,33.8,35.0,33.5,35.0
2008-02,MUN,PA|MARABA,glp,2,37.75,37.55,37.95,37.5,38.0
2008-02,MUN,PA|PARAGOMINAS,glp,3,36.0,36.0,36.0,36.0,36.0
2008-02,MUN,PA|PARAUAPEBAS,glp,3,39.0,39.0,39.0,39.0,39.0
2008-02,MUN,PA|REDENCAO,glp,5,38.0,36.8,38.0,36.0,38.0
2008-02,MUN,PA|SANTAREM,glp,21,34.0,33.0,35.0,32.0,36.0
2008-02,MUN,PA|TUCURUI,glp,4,38.0,38.0,38.0,38.0,38.0
2008-02,MUN,PA|XINGUARA,glp,7,39.0,38.6,39.0,38.0,39.0
2008-02,MUN,PB|BAYEUX,glp,4,33.0,33.0,34.4,33.0,35.0
2008-02,MUN,PB|CABEDELO,glp,3,33.0,33.0,34.6,33.0,35.0
2008-02,MUN,PB|CAMPINA GRANDE,glp,20,30.0,29.45,33.1,26.5,35.0
2008-02,MUN,PB|GUARABIRA,glp,1,30.0,30.0,30.0,30.0,30.0
2008-02,MUN,PB|INGA,glp,1,30.0,30.0,30.0,30.0,30.0
2008-02,MUN,PB|JOAO PESSOA,glp,33,33.0,31.0,34.0,30.0,35.0
2008-02,MUN,PB|MAMANGUAPE,glp,2,33.0,33.0,33.0,33.0,33.0
2008-02,MUN,PB|PATOS,glp,5,35.0,32.6,35.0,31.0,35.0
2008-02,MUN,PB|SANTA RITA,glp,4,32.75,30.75,33.0,30.0,33.0
2008-02,MUN,PB|SAPE,glp,1,30.0,30.0,30.0,30.0,30.0
2008-02,MUN,PB|SOUSA,glp,3,33.0,30.6,33.0,30.0,33.0
2008-02,MUN,PE|ABREU E LIMA,glp,7,28.0,26.6,28.4,26.0,29.0
2008-02,MUN,PE|AFOGADOS DA INGAZEIRA,glp,1,30.0,30.0,30.0,30.0,30.0
2008-02,MUN,PE|AGUAS BELAS,glp,1,34.0,34.0,34.0,34.0,34.0
2008-02,MUN,PE|ARARIPINA,glp,1,33.0,33.0,33.0,33.0,33.0
2008-02,MUN,PE|ARCOVERDE,glp,1,34.0,34.0,34.0,34.0,34.0
2008-02,MUN,PE|BELO JARDIM,glp,4,33.0,33.0,33.0,33.0,33.0
2008-02,MUN,PE|BOM CONSELHO,glp,3,32.0,32.0,32.0,32.0,32.0
2008-02,MUN,PE|CABO DE SANTO AGOSTINHO,glp,6,27.5,26.0,29.0,25.0,30.0
2008-02,MUN,PE|CAMARAGIBE,glp,12,29.0,28.0,30.0,27.5,30.0
2008-02,MUN,PE|CARUARU,glp,6,33.0,30.0,33.0,30.0,33.0
2008-02,MUN,PE|GARANHUNS,glp,4,30.0,30.0,30.0,30.0,30.0
2008-02,MUN,PE|GOIANA,glp,2,30.0,30.0,30.0,30.0,30.0
2008-02,MUN,PE|GRAVATA,glp,4,30.0,30.0,30.0,30.0,30.0
2008-02,MUN,PE|IGARASSU,glp,10,28.0,28.0,29.1,28.0,30.0
2008-02,MUN,PE|JABOATAO DOS GUARARAPES,glp,35,28.0,27.2,30.0,27.0,30.25
2008-02,MUN,PE|JUCATI,glp,1,30.0,30.0,30.0,30.0,30.0
2008-02,MUN,PE|LAJEDO,glp,4,30.0,30.0,30.0,30.0,30.0
2008-02,MUN,PE|MORENO,glp,1,30.0,30.0,30.0,30.0,30.0
2008-02,MUN,PE|OLINDA,glp,23,28.0,27.5,28.0,27.0,30.0
2008-02,MUN,PE|PAULISTA,glp,7,28.0,28.0,30.0,28.0,30.0
2008-02,MUN,PE|PETROLINA,glp,3,33.0,32.2,33.0,32.0,33.0
2008-02,MUN,PE|RECIFE,glp,83,28.0,27.0,30.0,27.0,30.0
2008-02,MUN,PE|SALGUEIRO,glp,3,30.0,30.0,30.0,30.0,30.0
2008-02,MUN,PE|SANTA CRUZ DO CAPIBARIBE,glp,4,36.0,33.2,36.0,32.0,36.0
2008-02,MUN,PE|SAO BENTO DO UNA,glp,2,31.0,30.2,31.8,30.0,32.0
2008-02,MUN,PE|SAO LOURENCO DA MATA,glp,12,28.0,28.0,29.0,28.0,30.0
2008-02,MUN,PE|SERRA TALHADA,glp,5,33.0,33.0,33.0,33.0,33.0
2008-02,MUN,PE|VENTUROSA,glp,1,34.0,34.0,34.0,34.0,34.0
2008-02,MUN,PE|VITORIA DE SANTO ANTAO,glp,10,35.0,30.0,35.0,30.0,35.0
2008-02,MUN,PI|BARRAS,glp,1,32.5,32.5,32.5,32.5,32.5
2008-02,MUN,PI|CAMPO MAIOR,glp,4,37.0,37.0,37.0,37.0,37.0
2008-02,MUN,PI|OEIRAS,glp,3,38.0,38.0,38.0,38.0,38.0
2008-02,MUN,PI|PARNAIBA,glp,1,37.0,37.0,37.0,37.0,37.0
2008-02,MUN,PI|PICOS,glp,2,38.0,38.0,38.0,38.0,38.0
2008-02,MUN,PI|PIRIPIRI,glp,3,37.0,37.0,37.0,37.0,37.0
2008-02,MUN,PI|TERESINA,glp,49,35.0,35.0,36.0,35.0,37.0
2008-02,MUN,PR|ALMIRANTE TAMANDARE,glp,9,30.0,29.0,31.2,29.0,32.0
2008-02,MUN,PR|APUCARANA,glp,23,30.0,29.1,31.0,29.0,32.0
2008-02,MUN,PR|ARAPONGAS,glp,27,32.0,30.0,34.0,30.0,34.0
2008-02,MUN,PR|ARAUCARIA,glp,9,30.0,29.0,30.0,29.0,30.0
2008-02,MUN,PR|ASSIS CHATEAUBRIAND,glp,6,33.0,33.0,35.0,33.0,35.0
2008-02,MUN,PR|CAMBE,glp,44,33.0,30.6,35.0,30.0,35.0
2008-02,MUN,PR|CAMPO LARGO,glp,16,30.0,28.75,31.0,28.0,32.0
2008-02,MUN,PR|CAMPO MOURAO,glp,10,35.0,32.95,35.5,32.5,35.5
2008-02,MUN,PR|CASCAVEL,glp,26,33.0,32.0,35.0,30.0,36.5
2008-02,MUN,PR|CASTRO,glp,17,33.0,32.3,34.0,32.0,35.0
2008-02,MUN,PR|CIANORTE,glp,14,37.0,35.0,38.0,33.0,38.0
2008-02,MUN,PR|COLOMBO,glp,28,31.0,29.7,32.0,28.5,33.0
2008-02,MUN,PR|CORNELIO PROCOPIO,glp,8,35.0,35.0,35.0,35.0,35.0
2008-02,MUN,PR|CURITIBA,glp,123,30.0,29.9,32.0,28.5,33.0
2008-02,MUN,PR|FOZ DO IGUACU,glp,44,32.0,30.0,33.0,29.0,36.0
2008-02,MUN,PR|FRANCISCO BELTRAO,glp,9,35.0,32.6,36.2,31.0,37.0
2008-02,MUN,PR|GUARAPUAVA,glp,11,32.0,32.0,33.0,32.0,34.0
2008-02,MUN,PR|LARANJEIRAS DO SUL,glp,7,35.0,35.0,36.36,35.0,36.9
2008-02,MUN,PR|LONDRINA,glp,124,31.0,30.0,33.0,29.0,35.0
2008-02,MUN,PR|MARECHAL CANDIDO RONDON,glp,11,37.0,35.0,37.0,35.0,38.0
2008-02,MUN,PR|MARINGA,glp,34,32.7,31.0,34.0,30.0,36.0
2008-02,MUN,PR|MEDIANEIRA,glp,1,30.0,30.0,30.0,30.0,30.0
2008-02,MUN,PR|PARANAGUA,glp,20,35.0,33.0,35.0,31.0,35.0
2008-02,MUN,PR|PARANAVAI,glp,15,35.0,33.0,35.0,33.0,35.0
2008-02,MUN,PR|PATO BRANCO,glp,9,33.0,32.0,34.2,32.0,35.0
2008-02,MUN,PR|PINHAIS,glp,19,30.0,30.0,32.0,28.0,32.0
2008-02,MUN,PR|PIRAI DO SUL,glp,1,34.0,34.0,34.0,34.0,34.0
2008-02,MUN,PR|PONTA GROSSA,glp,66,32.0,30.5,32.25,30.0,33.0
2008-02,MUN,PR|SANTO ANTONIO DA PLATINA,glp,16,32.25,32.0,33.5,32.0,34.0
2008-02,MUN,PR|SAO JOSE DOS PINHAIS,glp,17,31.0,30.0,32.0,30.0,34.0
2008-02,MUN,PR|SARANDI,glp,1,33.0,33.0,33.0,33.0,33.0
2008-02,MUN,PR|TERRA BOA,glp,1,35.0,35.0,35.0,35.0,35.0
2008-02,MUN,PR|TOLEDO,glp,15,35.0,33.0,35.0,30.0,38.0
2008-02,MUN,PR|UMUARAMA,glp,14,30.0,30.0,32.7,30.0,34.5
2008-02,MUN,PR|UNIAO DA VITORIA,glp,3,32.0,31.2,32.32,31.0,32.4
2008-02,MUN,RJ|ANGRA DOS REIS,glp,4,32.0,30.3,33.0,30.0,33.0
2008-02,MUN,RJ|ARARUAMA,glp,5,32.0,31.4,32.6,31.0,33.0
2008-02,MUN,RJ|ARMACAO DOS BUZIOS,glp,1,32.0,32.0,32.0,32.0,32.0
2008-02,MUN,RJ|BARRA DO PIRAI,glp,4,31.725,30.435,33.4,30.0,34.0
2008-02,MUN,RJ|BARRA MANSA,glp,18,33.0,32.0,34.65,31.0,36.0
2008-02,MUN,RJ|BELFORD ROXO,glp,6,30.0,28.5,31.5,28.0,32.0
2008-02,MUN,RJ|CABO FRIO,glp,4,28.25,28.0,30.95,28.0,32.0
2008-02,MUN,RJ|CAMPOS DOS GOYTACAZES,glp,16,30.0,29.0,33.0,29.0,35.0
2008-02,MUN,RJ|DUQUE DE CAXIAS,glp,28,31.25,29.0,33.3,29.0,34.0
2008-02,MUN,RJ|ITABORAI,glp,3,31.0,30.6,32.6,30.5,33.0
2008-02,MUN,RJ|ITAGUAI,glp,4,32.5,32.0,33.0,32.0,33.0
2008-02,MUN,RJ|ITAPERUNA,glp,4,28.0,27.3,28.0,27.0,28.0
2008-02,MUN,RJ|MACAE,glp,2,32.25,32.05,32.45,32.0,32.5
2008-02,MUN,RJ|MAGE,glp,2,32.0,31.2,32.8,31.0,33.0
2008-02,MUN,RJ|MANGARATIBA,glp,3,32.0,32.0,32.8,32.0,33.0
2008-02,MUN,RJ|MARICA,glp,2,30.0,30.0,30.0,30.0,30.0
2008-02,MUN,RJ|NILOPOLIS,glp,5,30.495,29.697,31.996,29.495,32.0
2008-02,MUN,RJ|NITEROI,glp,6,31.0,30.0,31.0,30.0,31.0
2008-02,MUN,RJ|NOVA FRIBURGO,glp,5,30.0,28.8,32.6,28.0,33.0
2008-02,MUN,RJ|NOVA IGUACU,glp,20,30.0,29.8,32.0,28.0,36.0
2008-02,MUN,RJ|PARAIBA DO SUL,glp,2,32.0,31.2,32.8,31.0,33.0
2008-02,MUN,RJ|PARATY,glp,2,34.95,34.91,34.99,34.9,35.0
2008-02,MUN,RJ|PETROPOLIS,glp,4,32.75,31.3,33.85,31.0,34.0
2008-02,MUN,RJ|RESENDE,glp,6,31.0,29.95,34.0,29.9,35.0
2008-02,MUN,RJ|RIO BONITO,glp,2,31.75,30.75,32.75,30.5,33.0
2008-02,MUN,RJ|RIO DE JANEIRO,glp,86,30.0,28.995,32.0,27.99,34.0
2008-02,MUN,RJ|SANTO ANTONIO DE PADUA,glp,1,35.0,35.0,35.0,35.0,35.0
2008-02,MUN,RJ|SAO FRANCISCO DE ITABAPOANA,glp,1,32.0,32.0,32.0,32.0,32.0
2008-02,MUN,RJ|SAO GONCALO,glp,7,31.0,28.796,32.0,26.99,32.0
2008-02,MUN,RJ|SAO JOAO DE MERITI,glp,7,30.0,29.0,30.4,29.0,31.0
2008-02,MUN,RJ|SAPUCAIA,glp,2,33.0,33.0,33.0,33.0,33.0
2008-02,MUN,RJ|SAQUAREMA,glp,3,31.0,30.2,31.0,30.0,31.0
2008-02,MUN,RJ|TERESOPOLIS,glp,3,33.0,33.0,33.0,33.0,33.0
2008-02,MUN,RJ|TRES RIOS,glp,2,31.0,30.2,31.8,30.0,32.0
2008-02,MUN,RJ|VALENCA,glp,6,33.0,32.25,34.0,32.0,34.0
2008-02,MUN,RJ|VASSOURAS,glp,3,33.95,33.19,33.99,33.0,34.0
2008-02,MUN,RJ|VOLTA REDONDA,glp,7,33.0,30.0,33.6,30.0,34.5
2008-02,MUN,RN|CAICO,glp,3,33.0,33.0,33.0,33.0,33.0
2008-02,MUN,RN|CURRAIS NOVOS,glp,6,33.0,33.0,33.0,33.0,33.0
2008-02,MUN,RN|MOSSORO,glp,3,32.0,32.0,32.0,32.0,32.0
2008-02,MUN,RN|NATAL,glp,14,32.0,30.0,32.0,30.0,32.25
2008-02,MUN,RN|PARNAMIRIM,glp,3,30.0,30.0,30.0,30.0,30.0
2008-02,MUN,RN|SAO JOSE DE MIPIBU,glp,2,32.0,32.0,32.0,32.0,32.0
2008-02,MUN,RN|TIMBAUBA DOS BATISTAS,glp,1,33.0,33.0,33.0,33.0,33.0
2008-02,MUN,RO|ARIQUEMES,glp,14,38.0,36.0,38.0,36.0,38.0
2008-02,MUN,RO|CACOAL,glp,9,38.0,37.0,38.0,37.0,38.0
2008-02,MUN,RO|GUAJARA-MIRIM,glp,4,38.0,37.65,38.0,37.5,38.0
2008-02,MUN,RO|JI-PARANA,glp,18,37.25,37.0,38.0,37.0,38.0
2008-02,MUN,RO|PIMENTA BUENO,glp,4,41.0,41.0,41.0,41.0,41.0
2008-02,MUN,RO|PORTO VELHO,glp,221,33.0,33.0,35.0,33.0,35.0
2008-02,MUN,RO|SAO MIGUEL DO GUAPORE,glp,1,42.0,42.0,42.0,42.0,42.0
2008-02,MUN,RO|VILHENA,glp,8,42.0,42.0,42.0,42.0,42.0
2008-02,MUN,RR|BOA VISTA,glp,25,37.0,36.0,38.0,35.0,39.0
2008-02,MUN,RR|MUCAJAI,glp,1,38.0,38.0,38.0,38.0,38.0
2008-02,MUN,RR|RORAINOPOLIS,glp,1,38.0,38.0,38.0,38.0,38.0
2008-02,MUN,RS|ALEGRETE,glp,13,35.0,34.6,35.8,33.0,37.0
2008-02,MUN,RS|ALVORADA,glp,10,33.0,29.99,34.0,29.9,34.0
2008-02,MUN,RS|BAGE,glp,33,33.0,32.0,34.0,31.0,34.5
2008-02,MUN,RS|BENTO GONCALVES,glp,9,37.5,34.95,39.68,34.75,39.8
2008-02,MUN,RS|CACAPAVA DO SUL,glp,8,35.0,35.0,37.6,35.0,39.0
2008-02,MUN,RS|CACHOEIRA DO SUL,glp,14,35.0,35.0,35.0,34.0,36.0
2008-02,MUN,RS|CACHOEIRINHA,glp,18,32.0,30.0,33.15,28.5,34.0
2008-02,MUN,RS|CANOAS,glp,47,35.0,32.0,35.0,31.0,36.0
2008-02,MUN,RS|CAXIAS DO SUL,glp,39,36.0,35.0,37.0,35.0,39.0
2008-02,MUN,RS|CHUI,glp,2,31.0,31.0,31.0,31.0,31.0
2008-02,MUN,RS|CRUZ ALTA,glp,5,34.0,31.0,38.2,31.0,39.0
2008-02,MUN,RS|CRUZEIRO DO SUL,glp,1,35.0,35.0,35.0,35.0,35.0
2008-02,MUN,RS|ERECHIM,glp,20,37.5,37.0,40.0,37.0,41.0
2008-02,MUN,RS|ESTEIO,glp,13,34.0,34.0,35.0,34.0,36.0
2008-02,MUN,RS|FARROUPILHA,glp,1,35.5,35.5,35.5,35.5,35.5
2008-02,MUN,RS|GRAMADO,glp,3,36.0,36.0,36.0,36.0,36.0
2008-02,MUN,RS|GRAVATAI,glp,34,31.75,28.15,33.97,27.0,34.5
2008-02,MUN,RS|GUAIBA,glp,11,33.0,32.0,33.9,31.45,33.9
2008-02,MUN,RS|IJUI,glp,8,34.0,32.7,35.0,32.0,35.0
2008-02,MUN,RS|IMBE,glp,1,35.5,35.5,35.5,35.5,35.5
2008-02,MUN,RS|JAGUARAO,glp,9,32.0,32.0,32.0,32.0,32.0
2008-02,MUN,RS|LAJEADO,glp,5,34.0,34.0,35.6,34.0,36.0
2008-02,MUN,RS|NOVA SANTA RITA,glp,1,34.0,34.0,34.0,34.0,34.0
2008-02,MUN,RS|NOVO HAMBURGO,glp,27,30.0,29.6,34.0,28.0,35.0
2008-02,MUN,RS|OSORIO,glp,8,36.0,35.0,36.65,35.0,37.0
2008-02,MUN,RS|PALMEIRA DAS MISSOES,glp,6,35.0,34.0,37.0,34.0,38.0
2008-02,MUN,RS|PASSO FUNDO,glp,55,36.0,35.0,37.3,33.0,38.5
2008-02,MUN,RS|PELOTAS,glp,46,32.0,31.0,33.0,30.0,33.0
2008-02,MUN,RS|PORTO ALEGRE,glp,51,34.0,33.0,34.9,30.95,35.0
2008-02,MUN,RS|RIO GRANDE,glp,42,30.0,30.0,33.9,29.0,35.0
2008-02,MUN,RS|SANTA CRUZ DO SUL,glp,16,35.0,35.0,35.5,34.0,36.0
2008-02,MUN,RS|SANTA MARIA,glp,38,34.0,32.85,35.0,31.0,38.0
2008-02,MUN,RS|SANTA ROSA,glp,10,35.0,33.675,36.0,33.0,36.0
2008-02,MUN,RS|SANTA VITORIA DO PALMAR,glp,7,34.0,32.0,34.0,32.0,34.0
2008-02,MUN,RS|SANTANA DO LIVRAMENTO,glp,14,34.0,34.0,34.0,34.0,34.0
2008-02,MUN,RS|SANTO ANGELO,glp,11,37.0,35.5,37.0,35.0,38.0
2008-02,MUN,RS|SAO BORJA,glp,3,35.0,35.0,35.0,35.0,35.0
2008-02,MUN,RS|SAO GABRIEL,glp,12,39.0,38.1,39.9,33.8,40.5
2008-02,MUN,RS|SAO LEOPOLDO,glp,20,34.0,33.0,34.55,32.0,35.0
2008-02,MUN,RS|SAO LUIZ GONZAGA,glp,5,37.0,37.0,39.0,37.0,39.0
2008-02,MUN,RS|SAPIRANGA,glp,9,34.0,33.8,35.0,33.0,35.0
2008-02,MUN,RS|SAPUCAIA DO SUL,glp,29,34.0,34.0,35.0,34.0,36.0
2008-02,MUN,RS|TORRES,glp,5,38.0,35.0,38.0,35.0,38.0
2008-02,MUN,RS|TRAMANDAI,glp,7,35.0,34.6,35.8,34.0,37.0
2008-02,MUN,RS|URUGUAIANA,glp,11,37.0,35.0,37.0,35.0,38.0
2008-02,MUN,RS|VACARIA,glp,7,34.0,34.0,34.046,34.0,34.1
2008-02,MUN,RS|VIAMAO,glp,23,34.0,33.0,35.0,33.0,37.0
2008-02,MUN,SC|ARARANGUA,glp,4,36.5,35.0,38.0,35.0,38.0
2008-02,MUN,SC|ASCURRA,glp,1,36.0,36.0,36.0,36.0,36.0
2008-02,MUN,SC|BALNEARIO CAMBORIU,glp,1,37.0,37.0,37.0,37.0,37.0
2008-02,MUN,SC|BIGUACU,glp,1,36.0,36.0,36.0,36.0,36.0
2008-02,MUN,SC|BLUMENAU,glp,56,37.25,35.75,40.0,35.0,42.0
2008-02,MUN,SC|BOMBINHAS,glp,1,33.0,33.0,33.0,33.0,33.0
2008-02,MUN,SC|BRUSQUE,glp,4,34.25,33.15,37.03,33.0,37.9
2008-02,MUN,SC|CACADOR,glp,3,38.5,36.5,38.5,36.0,38.5
2008-02,MUN,SC|CHAPECO,glp,22,35.0,35.0,36.0,34.5,38.0
2008-02,MUN,SC|CONCORDIA,glp,9,35.0,34.9,40.0,34.5,40.0
2008-02,MUN,SC|CRICIUMA,glp,9,40.0,37.8,42.0,37.0,42.0
2008-02,MUN,SC|FLORIANOPOLIS,glp,46,35.0,33.0,38.0,32.0,40.0
2008-02,MUN,SC|ITAJAI,glp,70,35.0,32.0,36.05,30.0,39.9
2008-02,MUN,SC|JARAGUA DO SUL,glp,4,34.5,33.3,35.7,33.0,36.0
2008-02,MUN,SC|JOINVILLE,glp,92,37.0,35.0,39.9,34.0,42.5
2008-02,MUN,SC|LAGES,glp,6,36.5,35.0,37.0,35.0,37.0
2008-02,MUN,SC|LAGUNA,glp,3,34.0,34.0,34.8,34.0,35.0
2008-02,MUN,SC|MAFRA,glp,4,32.95,32.9,33.0,32.9,33.0
2008-02,MUN,SC|PALHOCA,glp,20,35.0,32.8,36.0,30.0,36.0
2008-02,MUN,SC|SAO JOSE,glp,17,35.0,35.0,36.0,34.8,37.0
2008-02,MUN,SC|SAO MIGUEL DO OESTE,glp,9,34.0,33.0,35.196,33.0,37.98
2008-02,MUN,SC|TIJUCAS,glp,1,36.0,36.0,36.0,36.0,36.0
2008-02,MUN,SC|TUBARAO,glp,11,33.0,33.0,35.0,32.0,35.0
2008-02,MUN,SC|VIDEIRA,glp,5,35.0,33.2,35.0,32.0,35.0
2008-02,MUN,SC|XANXERE,glp,12,36.375,35.05,37.0,35.0,37.5
2008-02,MUN,SE|ARACAJU,glp,17,33.0,33.0,34.0,30.0,34.0
2008-02,MUN,SE|ITABAIANA,glp,4,32.85,30.81,33.7,30.0,34.0
2008-02,MUN,SE|ITABAIANINHA,glp,1,33.0,33.0,33.0,33.0,33.0
2008-02,MUN,SE|LAGARTO,glp,4,32.0,30.6,32.0,30.0,32.0
2008-02,MUN,SE|NOSSA SENHORA DO SOCORRO,glp,4,34.0,33.3,34.7,33.0,35.0
2008-02,MUN,SE|SIMAO DIAS,glp,1,29.5,29.5,29.5,29.5,29.5
2008-02,MUN,SE|TOBIAS BARRETO,glp,3,34.0,34.0,34.0,34.0,34.0
2008-02,MUN,SP|ADAMANTINA,glp,10,33.0,33.0,33.05,33.0,33.5
2008-02,MUN,SP|AMERICANA,glp,30,34.0,33.99,35.0,28.9,35.0
2008-02,MUN,SP|AMPARO,glp,4,32.5,32.0,34.4,32.0,35.0
2008-02,MUN,SP|APIAI,glp,2,34.0,34.0,34.0,34.0,34.0
2008-02,MUN,SP|ARACATUBA,glp,38,32.0,32.0,32.0,30.0,32.0
2008-02,MUN,SP|ARARAQUARA,glp,15,31.0,30.0,33.3,28.0,34.0
2008-02,MUN,SP|ARARAS,glp,2,31.9,31.82,31.98,31.8,32.0
2008-02,MUN,SP|ASSIS,glp,9,32.0,32.0,32.0,32.0,32.0
2008-02,MUN,SP|ATIBAIA,glp,20,32.0,30.0,33.1,29.5,34.5
2008-02,MUN,SP|AVARE,glp,7,37.0,36.6,37.55,36.0,38.0
2008-02,MUN,SP|BARRETOS,glp,13,30.0,29.15,30.0,28.5,30.0
2008-02,MUN,SP|BARUERI,glp,17,31.0,28.6,33.2,27.99,34.0
2008-02,MUN,SP|BAURU,glp,28,34.0,32.7,36.0,30.0,36.0
2008-02,MUN,SP|BEBEDOURO,glp,11,29.95,28.45,32.0,28.4,32.5
2008-02,MUN,SP|BIRIGUI,glp,23,32.0,30.0,33.0,30.0,33.0
2008-02,MUN,SP|BORACEIA,glp,1,36.0,36.0,36.0,36.0,36.0
2008-02,MUN,SP|BOTUCATU,glp,16,32.0,31.9,32.0,30.0,32.0
2008-02,MUN,SP|BRAGANCA PAULISTA,glp,28,30.0,26.997,32.0,26.99,33.0
2008-02,MUN,SP|CACAPAVA,glp,16,31.5,30.0,34.0,25.99,34.0
2008-02,MUN,SP|CAMPINAS,glp,55,32.0,28.994,34.0,27.99,35.0
2008-02,MUN,SP|CAMPOS DO JORDAO,glp,10,28.0,26.9,32.2,25.995,34.0
2008-02,MUN,SP|CAPAO BONITO,glp,4,30.75,30.15,31.0,30.0,31.0
2008-02,MUN,SP|CARAGUATATUBA,glp,7,32.0,30.0,34.6,30.0,35.5
2008-02,MUN,SP|CARAPICUIBA,glp,16,32.0,28.99,32.495,28.99,32.99
2008-02,MUN,SP|CATANDUVA,glp,16,31.25,29.0,33.0,29.0,35.0
2008-02,MUN,SP|COSMOPOLIS,glp,5,35.99,34.796,36.0,34.0,36.0
2008-02,MUN,SP|COTIA,glp,11,32.0,30.5,32.0,30.0,32.99
2008-02,MUN,SP|CRUZEIRO,glp,13,30.0,30.0,32.0,29.0,32.0
2008-02,MUN,SP|CUBATAO,glp,3,31.0,30.2,31.0,30.0,31.0
2008-02,MUN,SP|DIADEMA,glp,19,30.0,28.99,33.0,28.0,34.0
2008-02,MUN,SP|DRACENA,glp,9,35.0,35.0,35.0,35.0,35.0
2008-02,MUN,SP|EMBU DAS ARTES,glp,4,31.9,31.62,31.9,31.5,31.9
2008-02,MUN,SP|FERRAZ DE VASCONCELOS,glp,10,30.25,30.0,32.0,30.0,32.0
2008-02,MUN,SP|FRANCA,glp,22,32.0,28.09,32.0,28.0,35.0
2008-02,MUN,SP|FRANCISCO MORATO,glp,16,31.95,30.0,32.5,30.0,33.0
2008-02,MUN,SP|FRANCO DA ROCHA,glp,5,31.9,30.0,32.0,30.0,32.0
2008-02,MUN,SP|GARCA,glp,8,33.0,33.0,33.0,33.0,33.0
2008-02,MUN,SP|GUARATINGUETA,glp,12,28.0,26.091,30.0,25.8,33.0
2008-02,MUN,SP|GUARUJA,glp,5,35.5,33.0,35.62,33.0,35.7
2008-02,MUN,SP|GUARULHOS,glp,61,31.0,29.99,32.5,28.0,33.9
2008-02,MUN,SP|HORTOLANDIA,glp,23,32.0,30.0,32.0,29.495,34.0
2008-02,MUN,SP|IBITINGA,glp,8,30.0,30.0,30.3,30.0,31.0
2008-02,MUN,SP|INDAIATUBA,glp,35,35.0,35.0,35.0,33.0,35.0
2008-02,MUN,SP|ITANHAEM,glp,11,34.5,33.0,36.0,29.0,37.0
2008-02,MUN,SP|ITAPECERICA DA SERRA,glp,6,31.125,30.45,31.95,30.0,32.0
2008-02,MUN,SP|ITAPETININGA,glp,16,31.495,30.0,32.0,29.0,33.0
2008-02,MUN,SP|ITAPEVA,glp,5,32.0,29.2,32.6,28.0,33.0
2008-02,MUN,SP|ITAPEVI,glp,5,29.0,27.396,30.9,27.0,31.5
2008-02,MUN,SP|ITAPIRA,glp,4,31.0,30.3,31.7,30.0,32.0
2008-02,MUN,SP|ITAPOLIS,glp,14,30.0,30.0,30.0,30.0,33.0
2008-02,MUN,SP|ITAQUAQUECETUBA,glp,13,32.0,30.0,33.0,30.0,33.0
2008-02,MUN,SP|ITATIBA,glp,11,32.0,32.0,33.0,32.0,33.0
2008-02,MUN,SP|ITU,glp,11,30.0,29.5,33.0,29.0,33.0
2008-02,MUN,SP|JABOTICABAL,glp,12,32.0,32.0,33.0,32.0,33.0
2008-02,MUN,SP|JACAREI,glp,8,30.24,27.99,32.0,27.99,32.0
2008-02,MUN,SP|JALES,glp,8,33.0,31.7,33.635,31.0,33.95
2008-02,MUN,SP|JANDIRA,glp,8,28.75,26.7,30.3,26.0,31.0
2008-02,MUN,SP|JAU,glp,8,30.0,30.0,30.3,30.0,31.0
2008-02,MUN,SP|JOSE BONIFACIO,glp,14,31.75,30.0,32.0,30.0,32.5
2008-02,MUN,SP|JUNDIAI,glp,17,32.0,28.3,33.0,27.0,34.0
2008-02,MUN,SP|LEME,glp,18,32.0,29.997,34.0,29.99,34.0
2008-02,MUN,SP|LIMEIRA,glp,17,33.0,29.954,35.0,28.0,35.0
2008-02,MUN,SP|LINS,glp,19,31.0,29.99,32.0,29.0,33.0
2008-02,MUN,SP|LORENA,glp,12,29.5,28.0,30.0,27.0,32.0
2008-02,MUN,SP|MARILIA,glp,13,30.0,30.0,31.0,30.0,32.0
2008-02,MUN,SP|MATAO,glp,8,32.0,31.4,33.0,30.0,33.0
2008-02,MUN,SP|MAUA,glp,25,32.99,31.36,34.0,30.0,34.0
2008-02,MUN,SP|MIRASSOL,glp,10,30.0,29.35,30.05,28.0,30.5
2008-02,MUN,SP|MOCOCA,glp,12,35.0,34.05,35.0,34.0,35.0
2008-02,MUN,SP|MOGI DAS CRUZES,glp,35,34.0,30.794,37.9,28.5,38.0
2008-02,MUN,SP|MOGI GUACU,glp,12,30.0,30.0,30.0,30.0,30.0
2008-02,MUN,SP|MOGI MIRIM,glp,9,30.0,30.0,33.0,30.0,33.0
2008-02,MUN,SP|MONTE ALTO,glp,7,33.0,32.6,34.0,32.0,34.0
2008-02,MUN,SP|OLIMPIA,glp,8,30.25,30.0,30.65,30.0,31.0
2008-02,MUN,SP|OSASCO,glp,45,31.0,28.936,32.99,27.99,33.0
2008-02,MUN,SP|OURINHOS,glp,22,33.0,32.0,34.0,31.0,35.0
2008-02,MUN,SP|PARAGUACU PAULISTA,glp,11,32.0,32.0,32.25,32.0,32.25
2008-02,MUN,SP|PAULICEIA,glp,1,32.0,32.0,32.0,32.0,32.0
2008-02,MUN,SP|PAULINIA,glp,13,31.0,27.992,32.8,26.99,33.0
2008-02,MUN,SP|PINDAMONHANGABA,glp,18,31.5,28.0,33.3,27.995,37.0
2008-02,MUN,SP|PIRACICABA,glp,30,30.0,29.791,33.0,28.0,35.0
2008-02,MUN,SP|PIRASSUNUNGA,glp,6,31.95,30.75,32.5,30.0,33.0
2008-02,MUN,SP|PITANGUEIRAS,glp,1,30.0,30.0,30.0,30.0,30.0
2008-02,MUN,SP|POA,glp,8,31.0,30.35,32.15,30.0,32.5
2008-02,MUN,SP|PORTO FERREIRA,glp,6,30.0,30.0,30.0,30.0,30.0
2008-02,MUN,SP|PRAIA GRANDE,glp,9,34.0,32.0,34.6,32.0,35.0
2008-02,MUN,SP|PRESIDENTE PRUDENTE,glp,40,33.75,32.0,35.0,30.0,35.5
2008-02,MUN,SP|PRESIDENTE VENCESLAU,glp,9,29.0,29.0,30.0,29.0,30.0
2008-02,MUN,SP|RIBEIRAO PIRES,glp,12,33.0,32.045,33.0,29.99,34.0
2008-02,MUN,SP|RIBEIRAO PRETO,glp,83,32.0,30.0,34.0,28.9,35.0
2008-02,MUN,SP|RIO CLARO,glp,7,30.0,30.0,30.8,30.0,32.0
2008-02,MUN,SP|SALTO,glp,17,32.0,30.6,33.0,30.0,33.0
2008-02,MUN,SP|SANTA BARBARA D'OESTE,glp,27,34.5,34.0,35.0,34.0,35.0
2008-02,MUN,SP|SANTA CRUZ DO RIO PARDO,glp,9,32.5,32.0,33.0,32.0,33.0
2008-02,MUN,SP|SANTO ANDRE,glp,38,33.0,29.997,35.0,29.99,36.5
2008-02,MUN,SP|SANTOS,glp,12,32.0,29.99,33.0,29.99,34.0
2008-02,MUN,SP|SAO BERNARDO DO CAMPO,glp,35,33.0,31.0,34.5,29.99,35.0
2008-02,MUN,SP|SAO CAETANO DO SUL,glp,4,31.45,30.293,31.97,29.99,32.0
2008-02,MUN,SP|SAO CARLOS,glp,17,32.0,29.54,34.4,28.9,36.0
2008-02,MUN,SP|SAO JOAO DA BOA VISTA,glp,9,33.0,32.8,33.0,32.0,33.0
2008-02,MUN,SP|SAO JOAQUIM DA BARRA,glp,10,32.0,31.9,32.0,31.9,32.0
2008-02,MUN,SP|SAO JOSE DO RIO PRETO,glp,60,32.0,30.0,33.0,29.5,34.0
2008-02,MUN,SP|SAO JOSE DOS CAMPOS,glp,86,31.0,28.742,34.0,25.99,35.0
2008-02,MUN,SP|SAO PAULO,glp,211,30.99,28.99,33.0,27.0,36.0
2008-02,MUN,SP|SAO ROQUE,glp,7,31.0,29.8,31.94,28.0,32.0
2008-02,MUN,SP|SAO VICENTE,glp,24,31.25,27.992,34.0,27.9,35.0
2008-02,MUN,SP|SERTAOZINHO,glp,19,32.0,29.98,32.2,29.0,35.0
2008-02,MUN,SP|SOROCABA,glp,37,31.0,30.0,33.0,28.9,36.9
2008-02,MUN,SP|SUMARE,glp,27,33.0,32.0,34.0,30.0,34.0
2008-02,MUN,SP|SUZANO,glp,20,32.0,29.981,32.0,26.99,32.5
2008-02,MUN,SP|TABOAO DA SERRA,glp,6,29.495,28.99,32.0,28.99,33.0
2008-02,MUN,SP|TATUI,glp,8,33.0,32.0,34.0,32.0,34.0
2008-02,MUN,SP|TAUBATE,glp,41,28.0,25.99,29.0,25.0,30.0
2008-02,MUN,SP|TUPA,glp,6,31.0,31.0,31.0,31.0,31.0
2008-02,MUN,SP|UBATUBA,glp,10,31.5,30.9,35.0,30.0,35.0
2008-02,MUN,SP|VALINHOS,glp,8,33.5,32.0,34.0,32.0,34.0
2008-02,MUN,SP|VARZEA PAULISTA,glp,11,30.0,30.0,33.0,30.0,34.0
2008-02,MUN,SP|VINHEDO,glp,5,33.0,31.99,34.0,31.99,34.0
2008-02,MUN,SP|VOTORANTIM,glp,18,30.0,28.7,31.3,27.99,32.0
2008-02,MUN,SP|VOTUPORANGA,glp,15,30.0,28.4,31.6,28.0,35.0
2008-02,MUN,TO|ARAGUAINA,glp,12,40.0,40.0,40.0,40.0,40.0
2008-02,MUN,TO|COMBINADO,glp,1,37.0,37.0,37.0,37.0,37.0
2008-02,MUN,TO|DIANOPOLIS,glp,6,35.25,35.0,35.75,35.0,36.0
2008-02,MUN,TO|GURUPI,glp,57,35.0,35.0,36.0,35.0,36.0
2008-02,MUN,TO|PALMAS,glp,29,35.5,35.0,36.2,35.0,38.0
2008-02,MUN,TO|PARAISO DO TOCANTINS,glp,13,37.0,37.0,37.0,37.0,37.0
2008-02,MUN,TO|PORTO NACIONAL,glp,9,37.0,36.6,37.0,35.0,37.0
2008-02,MUN,TO|TAGUATINGA,glp,1,37.0,37.0,37.0,37.0,37.0
2008-02,UF,AC,glp,94,37.75,37.0,39.7,34.0,46.0
2008-02,UF,AL,glp,31,32.0,30.0,32.0,30.0,33.0
2008-02,UF,AM,glp,339,32.0,31.0,33.0,30.0,37.5
2008-02,UF,AP,glp,25,34.0,34.0,37.0,34.0,47.0
2008-02,UF,BA,glp,322,32.998,29.0,35.5,26.5,38.5
2008-02,UF,CE,glp,217,35.0,32.0,36.0,28.0,37.0
2008-02,UF,DF,glp,125,37.0,35.0,39.0,28.0,39.02
2008-02,UF,ES,glp,129,34.0,32.0,35.0,27.0,37.0
2008-02,UF,GO,glp,822,33.0,31.0,36.0,29.0,39.0
2008-02,UF,MA,glp,117,36.5,34.0,37.5,33.0,38.0
2008-02,UF,MG,glp,1179,35.0,32.0,36.0,27.0,40.0
2008-02,UF,MS,glp,309,35.0,32.4,40.0,29.99,43.0
2008-02,UF,MT,glp,93,40.5,38.0,42.0,38.0,44.0
2008-02,UF,PA,glp,226,32.0,31.0,37.0,29.0,39.0
2008-02,UF,PB,glp,77,33.0,30.0,35.0,26.5,35.0
2008-02,UF,PE,glp,256,28.0,27.5,33.0,25.0,36.0
2008-02,UF,PI,glp,63,35.0,35.0,37.0,32.5,38.0
2008-02,UF,PR,glp,798,32.0,30.0,35.0,28.0,38.0
2008-02,UF,RJ,glp,286,31.0,29.0,33.0,26.99,36.0
2008-02,UF,RN,glp,32,32.0,30.0,33.0,30.0,33.0
2008-02,UF,RO,glp,279,34.0,33.0,38.0,33.0,42.0
2008-02,UF,RR,glp,27,37.0,36.0,38.0,35.0,39.0
2008-02,UF,RS,glp,767,34.0,31.0,37.0,27.0,41.0
2008-02,UF,SC,glp,411,36.0,33.0,39.0,30.0,42.5
2008-02,UF,SE,glp,34,33.0,30.6,34.0,29.5,35.0
2008-02,UF,SP,glp,2161,32.0,29.0,34.0,25.0,38.0
2008-02,UF,TO,glp,128,36.0,35.0,37.3,35.0,40.0
2008-03,BR,BR,glp,9208,33.0,30.0,37.0,25.0,47.0
2008-03,MUN,AC|BUJARI,glp,1,37.0,37.0,37.0,37.0,37.0
2008-03,MUN,AC|CRUZEIRO DO SUL,glp,1,46.0,46.0,46.0,46.0,46.0
2008-03,MUN,AC|RIO BRANCO,glp,81,37.5,37.0,38.0,36.0,39.0
2008-03,MUN,AC|SENA MADUREIRA,glp,3,40.0,40.0,40.0,40.0,40.0
2008-03,MUN,AC|TARAUACA,glp,2,44.75,44.55,44.95,44.5,45.0
2008-03,MUN,AC|XAPURI,glp,3,41.0,40.6,41.0,40.5,41.0
2008-03,MUN,AL|ARAPIRACA,glp,4,30.0,30.0,30.0,30.0,30.0
2008-03,MUN,AL|DELMIRO GOUVEIA,glp,1,31.5,31.5,31.5,31.5,31.5
2008-03,MUN,AL|IGACI,glp,1,32.0,32.0,32.0,32.0,32.0
2008-03,MUN,AL|MACEIO,glp,14,32.0,30.0,33.0,30.0,33.0
2008-03,MUN,AL|MARECHAL DEODORO,glp,1,32.0,32.0,32.0,32.0,32.0
2008-03,MUN,AL|PALMEIRA DOS INDIOS,glp,5,32.0,30.0,32.0,30.0,32.0
2008-03,MUN,AL|RIO LARGO,glp,3,32.0,32.0,32.0,32.0,32.0
2008-03,MUN,AL|SANTANA DO IPANEMA,glp,2,32.0,32.0,32.0,32.0,32.0
2008-03,MUN,AM|HUMAITA,glp,2,37.375,37.275,37.475,37.25,37.5
2008-03,MUN,AM|ITACOATIARA,glp,5,34.0,33.0,34.0,33.0,34.0
2008-03,MUN,AM|MANACAPURU,glp,2,32.5,32.5,32.5,32.5,32.5
2008-03,MUN,AM|MANAUS,glp,327,32.0,31.0,33.0,30.0,35.0
2008-03,MUN,AM|PARINTINS,glp,2,34.5,34.1,34.9,34.0,35.0
2008-03,MUN,AM|PRESIDENTE FIGUEIREDO,glp,1,37.0,37.0,37.0,37.0,37.0
2008-03,MUN,AP|CALCOENE,glp,1,37.0,37.0,37.0,37.0,37.0
2008-03,MUN,AP|LARANJAL DO JARI,glp,1,37.0,37.0,37.0,37.0,37.0
2008-03,MUN,AP|MACAPA,glp,15,34.0,34.0,35.0,34.0,35.0
2008-03,MUN,AP|OIAPOQUE,glp,2,47.0,47.0,47.0,47.0,47.0
2008-03,MUN,AP|SANTANA,glp,4,35.5,34.3,36.0,34.0,36.0
2008-03,MUN,BA|ALAGOINHAS,glp,4,35.0,35.0,35.0,35.0,35.0
2008-03,MUN,BA|BARRA,glp,3,33.0,32.6,33.0,32.5,33.0
2008-03,MUN,BA|BARREIRAS,glp,10,36.0,35.8,36.0,34.0,36.0
2008-03,MUN,BA|BRUMADO,glp,6,30.0,30.0,32.0,30.0,32.0
2008-03,MUN,BA|CAETITE,glp,6,30.0,29.5,30.0,29.0,30.0
2008-03,MUN,BA|CAMACARI,glp,8,37.5,35.7,38.5,35.0,38.5
2008-03,MUN,BA|CAMPO FORMOSO,glp,3,35.0,35.0,35.0,35.0,35.0
2008-03,MUN,BA|CANDEIAS,glp,5,33.0,32.4,33.0,32.0,33.0
2008-03,MUN,BA|CAPIM GROSSO,glp,1,35.0,35.0,35.0,35.0,35.0
2008-03,MUN,BA|EUNAPOLIS,glp,6,35.0,35.0,35.0,35.0,35.0
2008-03,MUN,BA|FEIRA DE SANTANA,glp,8,35.225,32.9,35.5,28.0,35.5
2008-03,MUN,BA|GUANAMBI,glp,12,30.0,30.0,30.0,30.0,30.0
2008-03,MUN,BA|ILHEUS,glp,9,36.0,36.0,36.0,36.0,36.0
2008-03,MUN,BA|IPIRA,glp,5,35.0,35.0,35.0,35.0,35.0
2008-03,MUN,BA|IRECE,glp,6,30.0,30.0,30.0,30.0,30.0
2008-03,MUN,BA|ITABUNA,glp,8,35.0,35.0,35.0,35.0,35.0
2008-03,MUN,BA|ITAMARAJU,glp,4,33.0,33.0,33.0,33.0,33.0
2008-03,MUN,BA|JACOBINA,glp,5,35.0,35.0,35.0,35.0,35.0
2008-03,MUN,BA|JAGUAQUARA,glp,9,30.0,30.0,31.0,30.0,35.0
2008-03,MUN,BA|JEQUIE,glp,4,32.25,30.45,33.0,30.0,33.0
2008-03,MUN,BA|JUAZEIRO,glp,4,31.5,31.0,32.7,31.0,33.0
2008-03,MUN,BA|LAURO DE FREITAS,glp,11,31.0,27.0,32.0,26.99,32.0
2008-03,MUN,BA|LIVRAMENTO DE NOSSA SENHORA,glp,1,30.0,30.0,30.0,30.0,30.0
2008-03,MUN,BA|PAULO AFONSO,glp,5,33.0,33.0,33.6,33.0,34.0
2008-03,MUN,BA|POCOES,glp,4,33.0,33.0,34.4,33.0,35.0
2008-03,MUN,BA|PORTO SEGURO,glp,9,35.0,35.0,35.0,35.0,35.0
2008-03,MUN,BA|RUY BARBOSA,glp,3,33.0,33.0,33.0,33.0,33.0
2008-03,MUN,BA|SALVADOR,glp,129,31.0,28.0,34.0,27.0,34.0
2008-03,MUN,BA|SANTO ANTONIO DE JESUS,glp,8,33.0,30.7,33.0,30.0,33.0
2008-03,MUN,BA|SENHOR DO BONFIM,glp,4,35.0,35.0,35.0,35.0,35.0
2008-03,MUN,BA|SERRINHA,glp,3,35.0,35.0,35.0,35.0,35.0
2008-03,MUN,BA|SIMOES FILHO,glp,6,33.0,32.0,35.0,31.0,35.0
2008-03,MUN,BA|TEIXEIRA DE FREITAS,glp,5,33.0,32.4,34.2,32.0,35.0
2008-03,MUN,BA|URANDI,glp,1,30.0,30.0,30.0,30.0,30.0
2008-03,MUN,BA|VALENCA,glp,4,34.0,29.5,35.0,28.0,35.0
2008-03,MUN,BA|VITORIA DA CONQUISTA,glp,2,32.75,32.55,32.95,32.5,33.0
2008-03,MUN,CE|ARACOIABA,glp,1,29.9,29.9,29.9,29.9,29.9
2008-03,MUN,CE|BEBERIBE,glp,1,32.0,32.0,32.0,32.0,32.0
2008-03,MUN,CE|CANINDE,glp,2,32.75,32.55,32.95,32.5,33.0
2008-03,MUN,CE|CAUCAIA,glp,31,35.0,33.0,36.0,33.0,36.0
2008-03,MUN,CE|CRATEUS,glp,3,32.0,31.2,32.0,31.0,32.0
2008-03,MUN,CE|CRATO,glp,9,32.0,30.0,32.2,30.0,33.0
2008-03,MUN,CE|FORTALEZA,glp,120,35.0,31.0,35.55,29.0,37.0
2008-03,MUN,CE|ICO,glp,3,32.0,32.0,32.0,32.0,32.0
2008-03,MUN,CE|IGUATU,glp,4,33.0,30.9,33.0,30.0,33.0
2008-03,MUN,CE|INDEPENDENCIA,glp,1,32.0,32.0,32.0,32.0,32.0
2008-03,MUN,CE|IPU,glp,3,34.0,34.0,34.0,34.0,34.0
2008-03,MUN,CE|ITAPIPOCA,glp,3,30.0,30.0,30.0,30.0,30.0
2008-03,MUN,CE|JUAZEIRO DO NORTE,glp,6,31.0,28.0,32.0,28.0,32.0
2008-03,MUN,CE|LIMOEIRO DO NORTE,glp,3,33.0,32.2,33.8,32.0,34.0
2008-03,MUN,CE|MARACANAU,glp,6,35.0,33.25,36.0,32.0,36.0
2008-03,MUN,CE|MORADA NOVA,glp,4,33.0,33.0,33.7,33.0,34.0
2008-03,MUN,CE|PEDRA BRANCA,glp,2,31.0,31.0,31.0,31.0,31.0
2008-03,MUN,CE|QUIXADA,glp,5,34.0,32.4,34.0,32.0,34.0
2008-03,MUN,CE|SAO GONCALO DO AMARANTE,glp,1,33.0,33.0,33.0,33.0,33.0
2008-03,MUN,CE|SOBRAL,glp,3,33.0,33.0,33.0,33.0,33.0
2008-03,MUN,DF|BRASILIA,glp,122,37.0,35.0,39.0,28.0,39.0
2008-03,MUN,ES|ARACRUZ,glp,6,33.5,31.5,35.0,31.0,35.0
2008-03,MUN,ES|BARRA DE SAO FRANCISCO,glp,6,31.0,30.0,33.5,30.0,35.0
2008-03,MUN,ES|CACHOEIRO DE ITAPEMIRIM,glp,13,33.0,29.92,33.0,29.0,33.0
2008-03,MUN,ES|CARIACICA,glp,8,34.0,30.67,35.0,29.9,35.0
2008-03,MUN,ES|CASTELO,glp,2,32.5,32.1,32.9,32.0,33.0
2008-03,MUN,ES|COLATINA,glp,7,33.0,31.2,33.8,30.0,35.0
2008-03,MUN,ES|GUARAPARI,glp,6,35.0,33.5,35.5,33.0,36.0
2008-03,MUN,ES|ITAPEMIRIM,glp,1,32.0,32.0,32.0,32.0,32.0
2008-03,MUN,ES|JAGUARE,glp,3,33.9,33.18,33.98,33.0,34.0
2008-03,MUN,ES|LINHARES,glp,12,35.0,35.0,35.0,33.0,35.0
2008-03,MUN,ES|NOVA VENECIA,glp,1,27.5,27.5,27.5,27.5,27.5
2008-03,MUN,ES|PIUMA,glp,1,37.0,37.0,37.0,37.0,37.0
2008-03,MUN,ES|SAO MATEUS,glp,8,33.0,33.0,34.0,33.0,34.0
2008-03,MUN,ES|SERRA,glp,37,34.0,32.0,35.0,30.0,35.0
2008-03,MUN,ES|VILA VELHA,glp,13,34.0,32.2,34.0,32.0,35.0
2008-03,MUN,ES|VITORIA,glp,3,36.0,35.2,36.8,35.0,37.0
2008-03,MUN,GO|AGUAS LINDAS DE GOIAS,glp,7,34.0,34.0,35.0,34.0,35.0
2008-03,MUN,GO|ANAPOLIS,glp,102,32.0,31.0,33.0,30.0,34.0
2008-03,MUN,GO|APARECIDA DE GOIANIA,glp,83,32.0,32.0,33.0,30.0,33.0
2008-03,MUN,GO|BELA VISTA DE GOIAS,glp,1,32.0,32.0,32.0,32.0,32.0
2008-03,MUN,GO|CALDAS NOVAS,glp,39,34.0,33.0,35.1,32.0,38.0
2008-03,MUN,GO|CATALAO,glp,15,30.0,30.0,31.0,30.0,31.0
2008-03,MUN,GO|FORMOSA,glp,36,37.0,37.0,37.0,37.0,37.0
2008-03,MUN,GO|GOIANIA,glp,271,32.0,31.0,33.0,29.1,34.0
2008-03,MUN,GO|GOIATUBA,glp,11,34.0,32.0,34.0,32.0,34.0
2008-03,MUN,GO|ITUMBIARA,glp,18,33.0,33.0,33.0,33.0,33.5
2008-03,MUN,GO|JATAI,glp,24,35.0,35.0,36.0,33.0,37.0
2008-03,MUN,GO|LUZIANIA,glp,59,33.0,33.0,34.0,31.0,34.0
2008-03,MUN,GO|MINEIROS,glp,18,35.0,35.0,35.0,35.0,35.0
2008-03,MUN,GO|MORRINHOS,glp,22,34.0,32.09,34.9,32.0,35.0
2008-03,MUN,GO|PLANALTINA,glp,23,38.0,36.3,39.0,34.0,39.0
2008-03,MUN,GO|PONTALINA,glp,1,34.0,34.0,34.0,34.0,34.0
2008-03,MUN,GO|PORANGATU,glp,13,35.0,31.1,35.5,29.99,36.0
2008-03,MUN,GO|RIO VERDE,glp,42,36.0,35.5,36.0,35.0,36.0
2008-03,MUN,GO|SANTO ANTONIO DE GOIAS,glp,1,32.0,32.0,32.0,32.0,32.0
2008-03,MUN,GO|TRINDADE,glp,43,31.0,30.6,31.9,30.5,33.0
2008-03,MUN,GO|VALPARAISO DE GOIAS,glp,9,30.0,30.0,31.0,30.0,31.0
2008-03,MUN,MA|ACAILANDIA,glp,2,38.0,38.0,38.0,38.0,38.0
2008-03,MUN,MA|BACABAL,glp,3,37.5,36.7,37.5,36.5,37.5
2008-03,MUN,MA|BALSAS,glp,3,37.0,37.0,37.0,37.0,37.0
2008-03,MUN,MA|BARRA DO CORDA,glp,2,38.0,38.0,38.0,38.0,38.0
2008-03,MUN,MA|CAROLINA,glp,3,38.0,38.0,38.0,38.0,38.0
2008-03,MUN,MA|CAXIAS,glp,1,38.0,38.0,38.0,38.0,38.0
2008-03,MUN,MA|CODO,glp,2,36.5,36.5,36.5,36.5,36.5
2008-03,MUN,MA|IMPERATRIZ,glp,41,37.0,37.0,37.0,37.0,37.0
2008-03,MUN,MA|MATINHA,glp,1,34.5,34.5,34.5,34.5,34.5
2008-03,MUN,MA|PINHEIRO,glp,2,37.5,37.1,37.9,37.0,38.0
2008-03,MUN,MA|PRESIDENTE DUTRA,glp,2,35.0,35.0,35.0,35.0,35.0
2008-03,MUN,MA|SANTA INES,glp,2,35.375,35.275,35.475,35.25,35.5
2008-03,MUN,MA|SAO JOAO DOS PATOS,glp,2,38.0,38.0,38.0,38.0,38.0
2008-03,MUN,MA|SAO JOSE DE RIBAMAR,glp,13,35.0,34.0,35.0,34.0,35.0
2008-03,MUN,MA|SAO LUIS,glp,39,34.0,33.5,34.6,32.0,35.0
2008-03,MUN,MA|TIMON,glp,1,35.0,35.0,35.0,35.0,35.0
2008-03,MUN,MG|ALFENAS,glp,19,32.0,30.0,36.2,29.0,37.0
2008-03,MUN,MG|ARAGUARI,glp,18,36.25,35.0,37.0,33.5,37.0
2008-03,MUN,MG|ARAXA,glp,3,36.0,36.0,36.0,36.0,36.0
2008-03,MUN,MG|BARBACENA,glp,16,33.0,32.475,35.0,32.0,36.0
2008-03,MUN,MG|BELO HORIZONTE,glp,120,35.0,32.0,35.0,30.0,37.0
2008-03,MUN,MG|BETIM,glp,36,34.945,32.0,35.0,31.9,35.0
2008-03,MUN,MG|BOM DESPACHO,glp,2,35.25,35.05,35.45,35.0,35.5
2008-03,MUN,MG|CAMPO BELO,glp,9,35.0,35.0,35.0,35.0,35.0
2008-03,MUN,MG|CARATINGA,glp,3,33.0,32.2,33.0,32.0,33.0
2008-03,MUN,MG|CATAGUASES,glp,2,29.0,28.2,29.8,28.0,30.0
2008-03,MUN,MG|CONCEICAO DAS ALAGOAS,glp,1,35.0,35.0,35.0,35.0,35.0
2008-03,MUN,MG|CONGONHAS,glp,9,35.5,34.8,36.0,34.0,36.0
2008-03,MUN,MG|CONSELHEIRO LAFAIETE,glp,4,34.5,33.5,35.85,33.5,36.0
2008-03,MUN,MG|CONTAGEM,glp,77,35.0,32.74,35.5,31.0,36.0
2008-03,MUN,MG|CORONEL FABRICIANO,glp,3,35.0,35.0,35.0,35.0,35.0
2008-03,MUN,MG|CURVELO,glp,9,35.0,35.0,36.0,35.0,36.0
2008-03,MUN,MG|DIAMANTINA,glp,9,35.0,35.0,37.1,35.0,37.5
2008-03,MUN,MG|DIVINOPOLIS,glp,21,35.0,33.0,36.0,33.0,37.0
2008-03,MUN,MG|FORMIGA,glp,10,35.0,34.0,35.0,34.0,35.0
2008-03,MUN,MG|FRUTAL,glp,5,34.0,33.4,34.6,33.0,35.0
2008-03,MUN,MG|GOVERNADOR VALADARES,glp,19,34.0,32.9,34.0,32.0,34.71
2008-03,MUN,MG|GUAXUPE,glp,7,32.0,31.8,32.994,31.5,33.0
2008-03,MUN,MG|IBIRITE,glp,11,35.0,33.5,35.9,32.0,35.9
2008-03,MUN,MG|IPATINGA,glp,14,33.5,32.0,34.0,30.0,35.0
2008-03,MUN,MG|ITABIRA,glp,3,36.5,36.5,36.5,36.5,36.5
2008-03,MUN,MG|ITAJUBA,glp,12,34.75,33.1,35.0,33.0,35.0
2008-03,MUN,MG|ITAUNA,glp,14,33.0,32.3,33.7,32.0,35.0
2008-03,MUN,MG|ITUIUTABA,glp,17,34.0,33.0,35.0,33.0,35.0
2008-03,MUN,MG|ITURAMA,glp,1,32.45,32.45,32.45,32.45,32.45
2008-03,MUN,MG|JANAUBA,glp,2,35.0,35.0,35.0,35.0,35.0
2008-03,MUN,MG|JANUARIA,glp,8,36.0,35.0,36.15,35.0,36.5
2008-03,MUN,MG|JOAO MONLEVADE,glp,7,35.0,34.3,35.4,34.0,36.0
2008-03,MUN,MG|JOAO PINHEIRO,glp,16,38.0,35.0,38.0,35.0,38.0
2008-03,MUN,MG|JUIZ DE FORA,glp,96,36.0,34.5,37.5,33.0,39.0
2008-03,MUN,MG|LAVRAS,glp,10,31.25,28.0,35.0,28.0,35.0
2008-03,MUN,MG|LEOPOLDINA,glp,5,34.0,33.0,36.0,33.0,36.0
2008-03,MUN,MG|MANHUACU,glp,4,36.0,36.0,36.0,36.0,36.0
2008-03,MUN,MG|MARIANA,glp,5,32.0,32.0,34.4,32.0,35.0
2008-03,MUN,MG|MATIAS BARBOSA,glp,1,34.0,34.0,34.0,34.0,34.0
2008-03,MUN,MG|MONTE CARMELO,glp,17,32.0,31.0,33.0,30.0,33.0
2008-03,MUN,MG|MONTES CLAROS,glp,53,36.0,35.0,36.0,34.0,36.5
2008-03,MUN,MG|MURIAE,glp,3,32.0,30.2,34.4,29.75,35.0
2008-03,MUN,MG|NOVA LIMA,glp,9,35.0,34.0,36.4,34.0,38.0
2008-03,MUN,MG|OLIVEIRA,glp,7,35.0,34.6,35.0,34.0,35.0
2008-03,MUN,MG|OURO PRETO,glp,8,35.75,35.0,36.45,35.0,37.5
2008-03,MUN,MG|PARA DE MINAS,glp,10,35.45,33.0,36.0,33.0,36.0
2008-03,MUN,MG|PARACATU,glp,8,38.0,37.7,40.0,37.0,40.0
2008-03,MUN,MG|PASSOS,glp,17,35.0,34.4,35.5,33.0,36.0
2008-03,MUN,MG|PATOS DE MINAS,glp,17,35.0,34.0,35.0,34.0,35.0
2008-03,MUN,MG|PATROCINIO,glp,18,35.0,34.5,36.15,34.0,36.5
2008-03,MUN,MG|POCOS DE CALDAS,glp,17,32.0,32.0,34.1,30.0,36.0
2008-03,MUN,MG|POUSO ALEGRE,glp,21,35.0,34.5,36.0,34.0,36.0
2008-03,MUN,MG|RIBEIRAO DAS NEVES,glp,22,33.5,33.0,34.0,30.0,35.0
2008-03,MUN,MG|SABARA,glp,17,34.0,30.6,35.4,30.0,36.0
2008-03,MUN,MG|SANTA LUZIA,glp,24,35.0,33.65,35.35,33.0,36.0
2008-03,MUN,MG|SANTOS DUMONT,glp,5,35.0,30.4,35.0,30.0,35.0
2008-03,MUN,MG|SAO GOTARDO,glp,1,34.0,34.0,34.0,34.0,34.0
2008-03,MUN,MG|SAO JOAO DEL REI,glp,15,36.5,36.2,37.0,36.0,37.0
2008-03,MUN,MG|SAO LOURENCO,glp,2,30.0,30.0,30.0,30.0,30.0
2008-03,MUN,MG|SAO SEBASTIAO DO PARAISO,glp,11,35.0,35.0,36.0,34.5,36.0
2008-03,MUN,MG|SETE LAGOAS,glp,14,33.0,31.15,35.0,29.99,36.0
2008-03,MUN,MG|TEOFILO OTONI,glp,31,35.5,35.0,36.0,33.0,38.0
2008-03,MUN,MG|TIMOTEO,glp,6,34.0,33.0,34.0,33.0,34.0
2008-03,MUN,MG|TRES CORACOES,glp,8,28.0,27.0,28.3,27.0,29.0
2008-03,MUN,MG|UBA,glp,7,35.0,35.0,35.0,35.0,35.0
2008-03,MUN,MG|UBERABA,glp,55,35.0,35.0,35.0,32.5,35.0
2008-03,MUN,MG|UBERLANDIA,glp,102,34.0,33.5,35.0,32.0,36.0
2008-03,MUN,MG|UNAI,glp,12,39.0,39.0,39.0,39.0,39.0
2008-03,MUN,MG|VARGINHA,glp,18,34.75,34.0,35.65,33.0,36.0
2008-03,MUN,MG|VESPASIANO,glp,10,33.0,31.95,34.55,31.5,35.0
2008-03,MUN,MG|VICOSA,glp,3,35.0,35.0,35.0,35.0,35.0
2008-03,MUN,MS|BATAYPORA,glp,1,36.5,36.5,36.5,36.5,36.5
2008-03,MUN,MS|CAMPO GRANDE,glp,180,34.0,32.0,35.0,30.0,36.0
2008-03,MUN,MS|CORUMBA,glp,7,42.0,41.8,42.0,41.5,42.0
2008-03,MUN,MS|COXIM,glp,9,32.0,31.6,33.4,30.0,35.0
2008-03,MUN,MS|DOURADOS,glp,55,40.0,37.0,42.0,35.0,43.0
2008-03,MUN,MS|NOVA ANDRADINA,glp,13,38.0,35.0,38.0,34.0,38.0
2008-03,MUN,MS|PARANAIBA,glp,18,40.0,39.4,40.0,38.0,40.0
2008-03,MUN,MS|PONTA PORA,glp,4,36.0,36.0,36.0,36.0,36.0
2008-03,MUN,MS|SAO GABRIEL DO OESTE,glp,1,30.0,30.0,30.0,30.0,30.0
2008-03,MUN,MS|SIDROLANDIA,glp,1,33.0,33.0,33.0,33.0,33.0
2008-03,MUN,MS|TRES LAGOAS,glp,16,38.0,37.5,39.0,37.0,40.0
2008-03,MUN,MT|ALTA FLORESTA,glp,6,40.0,40.0,41.0,40.0,42.0
2008-03,MUN,MT|CACERES,glp,8,38.0,38.0,38.0,38.0,38.0
2008-03,MUN,MT|CUIABA,glp,39,40.0,39.0,41.0,39.0,42.0
2008-03,MUN,MT|RONDONOPOLIS,glp,9,42.0,42.0,44.0,42.0,44.0
2008-03,MUN,MT|SINOP,glp,11,40.0,38.0,42.0,38.0,42.0
2008-03,MUN,MT|SORRISO,glp,8,40.25,38.0,41.3,38.0,42.0
2008-03,MUN,MT|VARZEA GRANDE,glp,12,41.0,40.05,41.95,40.0,42.0
2008-03,MUN,PA|ABAETETUBA,glp,4,34.0,34.0,34.0,34.0,34.0
2008-03,MUN,PA|ALENQUER,glp,2,34.95,34.91,34.99,34.9,35.0
2008-03,MUN,PA|ALTAMIRA,glp,9,36.0,35.8,36.6,35.0,37.0
2008-03,MUN,PA|ANANINDEUA,glp,64,31.0,31.0,31.0,30.0,32.0
2008-03,MUN,PA|BELEM,glp,78,31.5,30.0,32.0,30.0,33.0
2008-03,MUN,PA|BRAGANCA,glp,4,37.0,35.6,37.0,35.0,37.0
2008-03,MUN,PA|BREVES,glp,1,32.0,32.0,32.0,32.0,32.0
2008-03,MUN,PA|CAMETA,glp,3,32.0,32.0,32.0,32.0,32.0
2008-03,MUN,PA|CASTANHAL,glp,7,34.0,34.0,34.0,34.0,34.0
2008-03,MUN,PA|CONCEICAO DO ARAGUAIA,glp,2,37.0,37.0,37.0,37.0,37.0
2008-03,MUN,PA|ITAITUBA,glp,7,35.0,33.2,35.0,32.0,35.0
2008-03,MUN,PA|MARABA,glp,1,38.0,38.0,38.0,38.0,38.0
2008-03,MUN,PA|PARAGOMINAS,glp,3,37.0,37.0,37.0,37.0,37.0
2008-03,MUN,PA|PARAUAPEBAS,glp,3,39.0,39.0,39.0,39.0,39.0
2008-03,MUN,PA|REDENCAO,glp,5,38.0,36.4,38.6,36.0,39.0
2008-03,MUN,PA|SANTAREM,glp,21,34.0,33.5,35.0,32.0,36.0
2008-03,MUN,PA|TUCURUI,glp,4,38.0,38.0,38.0,38.0,38.0
2008-03,MUN,PA|XINGUARA,glp,7,39.0,38.6,39.0,38.0,39.0
2008-03,MUN,PB|BAYEUX,glp,4,33.0,33.0,33.0,33.0,33.0
2008-03,MUN,PB|CABEDELO,glp,3,33.0,33.0,33.8,33.0,34.0
2008-03,MUN,PB|CAMPINA GRANDE,glp,20,30.0,29.9,33.2,28.0,35.0
2008-03,MUN,PB|GUARABIRA,glp,1,30.0,30.0,30.0,30.0,30.0
2008-03,MUN,PB|INGA,glp,1,30.0,30.0,30.0,30.0,30.0
2008-03,MUN,PB|JOAO PESSOA,glp,33,33.0,31.2,34.8,30.0,35.0
2008-03,MUN,PB|MAMANGUAPE,glp,2,32.5,32.1,32.9,32.0,33.0
2008-03,MUN,PB|PATOS,glp,5,35.0,33.5,35.0,33.5,35.0
2008-03,MUN,PB|SANTA RITA,glp,4,31.5,30.0,33.0,30.0,33.0
2008-03,MUN,PB|SAPE,glp,1,27.0,27.0,27.0,27.0,27.0
2008-03,MUN,PB|SOUSA,glp,3,33.0,30.6,33.0,30.0,33.0
2008-03,MUN,PE|ABREU E LIMA,glp,7,28.0,26.0,28.2,26.0,28.5
2008-03,MUN,PE|AFOGADOS DA INGAZEIRA,glp,1,30.0,30.0,30.0,30.0,30.0
2008-03,MUN,PE|AGUAS BELAS,glp,1,34.0,34.0,34.0,34.0,34.0
2008-03,MUN,PE|ARARIPINA,glp,1,33.0,33.0,33.0,33.0,33.0
2008-03,MUN,PE|ARCOVERDE,glp,1,34.0,34.0,34.0,34.0,34.0
2008-03,MUN,PE|BELO JARDIM,glp,4,35.0,35.0,35.0,35.0,35.0
2008-03,MUN,PE|BOM CONSELHO,glp,3,32.0,32.0,32.0,32.0,32.0
2008-03,MUN,PE|CABO DE SANTO AGOSTINHO,glp,6,26.0,25.0,28.25,25.0,30.0
2008-03,MUN,PE|CAMARAGIBE,glp,12,29.748,28.0,30.0,27.0,30.0
2008-03,MUN,PE|CARUARU,glp,7,33.0,30.0,33.0,30.0,33.0
2008-03,MUN,PE|GARANHUNS,glp,4,30.0,30.0,30.0,30.0,30.0
2008-03,MUN,PE|GOIANA,glp,2,30.0,30.0,30.0,30.0,30.0
2008-03,MUN,PE|GRAVATA,glp,4,30.0,30.0,30.0,30.0,30.0
2008-03,MUN,PE|IGARASSU,glp,10,28.0,28.0,28.2,28.0,30.0
2008-03,MUN,PE|JABOATAO DOS GUARARAPES,glp,35,28.0,27.0,30.0,27.0,30.0
2008-03,MUN,PE|JUCATI,glp,1,30.0,30.0,30.0,30.0,30.0
2008-03,MUN,PE|LAJEDO,glp,3,30.0,30.0,30.0,30.0,30.0
2008-03,MUN,PE|MORENO,glp,1,30.0,30.0,30.0,30.0,30.0
2008-03,MUN,PE|OLINDA,glp,22,28.0,27.0,28.0,27.0,30.0
2008-03,MUN,PE|PAULISTA,glp,7,28.0,28.0,29.4,28.0,30.0
2008-03,MUN,PE|PETROLINA,glp,3,33.0,32.2,33.0,32.0,33.0
2008-03,MUN,PE|RECIFE,glp,83,28.0,27.0,30.0,27.0,30.0
2008-03,MUN,PE|SALGUEIRO,glp,3,30.0,30.0,30.0,30.0,30.0
2008-03,MUN,PE|SANTA CRUZ DO CAPIBARIBE,glp,4,36.0,36.0,36.0,36.0,36.0
2008-03,MUN,PE|SAO BENTO DO UNA,glp,2,33.5,32.3,34.7,32.0,35.0
2008-03,MUN,PE|SAO LOURENCO DA MATA,glp,12,29.0,28.0,29.95,28.0,30.0
2008-03,MUN,PE|SERRA TALHADA,glp,5,33.0,33.0,33.0,33.0,33.0
2008-03,MUN,PE|VENTUROSA,glp,1,34.0,34.0,34.0,34.0,34.0
2008-03,MUN,PE|VITORIA DE SANTO ANTAO,glp,10,35.0,30.0,35.0,30.0,35.0
2008-03,MUN,PI|BARRAS,glp,1,32.5,32.5,32.5,32.5,32.5
2008-03,MUN,PI|CAMPO MAIOR,glp,4,37.0,37.0,37.0,37.0,37.0
2008-03,MUN,PI|OEIRAS,glp,3,38.0,38.0,38.0,38.0,38.0
2008-03,MUN,PI|PARNAIBA,glp,1,37.0,37.0,37.0,37.0,37.0
2008-03,MUN,PI|PICOS,glp,2,38.0,38.0,38.0,38.0,38.0
2008-03,MUN,PI|PIRIPIRI,glp,3,37.0,37.0,37.0,37.0,37.0
2008-03,MUN,PI|TERESINA,glp,49,35.0,35.0,37.0,35.0,37.0
2008-03,MUN,PR|ALMIRANTE TAMANDARE,glp,9,30.0,29.0,31.2,29.0,32.0
2008-03,MUN,PR|APUCARANA,glp,23,30.0,29.6,31.0,29.0,32.0
2008-03,MUN,PR|ARAPONGAS,glp,27,32.0,31.3,33.7,30.0,34.0
2008-03,MUN,PR|ARAUCARIA,glp,9,30.0,29.0,30.0,29.0,30.0
2008-03,MUN,PR|ASSIS CHATEAUBRIAND,glp,5,32.9,32.0,34.2,32.0,35.0
2008-03,MUN,PR|CAMBE,glp,44,33.925,30.0,35.0,30.0,35.0
2008-03,MUN,PR|CAMPO LARGO,glp,16,30.0,28.75,31.0,28.0,32.0
2008-03,MUN,PR|CAMPO MOURAO,glp,10,34.25,32.7,35.0,30.0,35.0
2008-03,MUN,PR|CASCAVEL,glp,26,32.325,31.905,33.0,29.0,35.0
2008-03,MUN,PR|CASTRO,glp,17,33.0,32.0,34.0,31.5,35.0
2008-03,MUN,PR|CIANORTE,glp,16,35.0,34.95,37.75,34.0,38.0
2008-03,MUN,PR|COLOMBO,glp,28,31.0,29.35,32.0,28.7,33.0
2008-03,MUN,PR|CORNELIO PROCOPIO,glp,8,35.0,35.0,35.0,35.0,35.0
2008-03,MUN,PR|CURITIBA,glp,123,30.0,29.9,32.0,28.0,33.0
2008-03,MUN,PR|FOZ DO IGUACU,glp,43,31.0,29.5,32.0,28.5,36.0
2008-03,MUN,PR|FRANCISCO BELTRAO,glp,9,35.0,32.6,36.2,31.0,37.0
2008-03,MUN,PR|GUARAPUAVA,glp,11,32.0,32.0,33.0,32.0,34.0
2008-03,MUN,PR|LARANJEIRAS DO SUL,glp,7,35.0,35.0,35.76,35.0,36.9
2008-03,MUN,PR|LONDRINA,glp,110,30.0,30.0,33.0,29.0,35.0
2008-03,MUN,PR|MARECHAL CANDIDO RONDON,glp,11,37.0,35.0,37.0,35.0,37.0
2008-03,MUN,PR|MARINGA,glp,34,32.0,31.0,34.0,30.0,36.0
2008-03,MUN,PR|MEDIANEIRA,glp,1,30.0,30.0,30.0,30.0,30.0
2008-03,MUN,PR|PARANAGUA,glp,20,35.0,33.0,35.0,31.0,35.0
2008-03,MUN,PR|PARANAVAI,glp,15,35.0,33.0,35.0,32.0,35.0
2008-03,MUN,PR|PATO BRANCO,glp,9,33.0,32.0,34.2,32.0,35.0
2008-03,MUN,PR|PINHAIS,glp,19,30.0,30.0,32.0,28.0,32.0
2008-03,MUN,PR|PIRAI DO SUL,glp,1,34.0,34.0,34.0,34.0,34.0
2008-03,MUN,PR|PONTA GROSSA,glp,66,32.0,30.75,32.5,30.0,33.0
2008-03,MUN,PR|SANTO ANTONIO DA PLATINA,glp,15,32.5,32.0,34.0,32.0,34.0
2008-03,MUN,PR|SAO JOSE DOS PINHAIS,glp,16,31.0,30.0,32.0,30.0,32.0
2008-03,MUN,PR|SARANDI,glp,1,35.0,35.0,35.0,35.0,35.0
2008-03,MUN,PR|TERRA BOA,glp,1,35.0,35.0,35.0,35.0,35.0
2008-03,MUN,PR|TOLEDO,glp,15,33.5,31.9,35.0,29.9,38.0
2008-03,MUN,PR|UMUARAMA,glp,13,30.0,30.0,33.6,30.0,34.5
2008-03,MUN,PR|UNIAO DA VITORIA,glp,3,32.0,31.52,32.0,31.4,32.0
2008-03,MUN,RJ|ANGRA DOS REIS,glp,4,32.0,31.0,33.315,31.0,33.45
2008-03,MUN,RJ|ARARUAMA,glp,5,32.5,32.2,32.8,32.0,33.0
2008-03,MUN,RJ|ARMACAO DOS BUZIOS,glp,1,32.0,32.0,32.0,32.0,32.0
2008-03,MUN,RJ|BARRA DO PIRAI,glp,4,32.9,32.27,33.32,32.0,33.5
2008-03,MUN,RJ|BARRA MANSA,glp,18,33.0,32.0,33.65,31.0,36.0
2008-03,MUN,RJ|BELFORD ROXO,glp,6,29.5,28.0,31.5,28.0,32.0
2008-03,MUN,RJ|CABO FRIO,glp,4,28.5,28.0,29.7,28.0,30.0
2008-03,MUN,RJ|CAMPOS DOS GOYTACAZES,glp,16,30.0,29.0,33.0,29.0,35.0
2008-03,MUN,RJ|DUQUE DE CAXIAS,glp,28,31.5,29.0,33.3,29.0,34.0
2008-03,MUN,RJ|ITABORAI,glp,3,30.5,30.1,32.5,30.0,33.0
2008-03,MUN,RJ|ITAGUAI,glp,4,32.5,32.0,33.0,32.0,33.0
2008-03,MUN,RJ|ITAPERUNA,glp,4,28.0,27.3,28.0,27.0,28.0
2008-03,MUN,RJ|MACAE,glp,2,32.5,32.1,32.9,32.0,33.0
2008-03,MUN,RJ|MAGE,glp,2,32.25,31.65,32.85,31.5,33.0
2008-03,MUN,RJ|MANGARATIBA,glp,3,33.45,33.09,33.81,33.0,33.9
2008-03,MUN,RJ|MARICA,glp,2,30.0,30.0,30.0,30.0,30.0
2008-03,MUN,RJ|NILOPOLIS,glp,5,30.0,29.4,32.0,29.0,32.0
2008-03,MUN,RJ|NITEROI,glp,6,30.5,29.5,31.0,29.0,31.0
2008-03,MUN,RJ|NOVA FRIBURGO,glp,5,30.0,28.8,32.6,28.0,33.0
2008-03,MUN,RJ|NOVA IGUACU,glp,20,30.0,29.8,31.1,28.0,32.0
2008-03,MUN,RJ|PARAIBA DO SUL,glp,2,31.0,31.0,31.0,31.0,31.0
2008-03,MUN,RJ|PARATY,glp,2,33.95,33.19,34.71,33.0,34.9
2008-03,MUN,RJ|PETROPOLIS,glp,4,32.5,31.3,33.7,31.0,34.0
2008-03,MUN,RJ|RESENDE,glp,6,31.5,29.95,35.0,29.9,35.0
2008-03,MUN,RJ|RIO BONITO,glp,2,31.5,30.3,32.7,30.0,33.0
2008-03,MUN,RJ|RIO DE JANEIRO,glp,86,30.248,29.0,32.0,27.99,34.0
2008-03,MUN,RJ|SANTO ANTONIO DE PADUA,glp,1,35.0,35.0,35.0,35.0,35.0
2008-03,MUN,RJ|SAO FRANCISCO DE ITABAPOANA,glp,1,32.0,32.0,32.0,32.0,32.0
2008-03,MUN,RJ|SAO GONCALO,glp,7,31.0,30.0,32.0,30.0,32.0
2008-03,MUN,RJ|SAO JOAO DE MERITI,glp,7,30.0,29.0,30.0,29.0,30.0
2008-03,MUN,RJ|SAPUCAIA,glp,2,33.0,33.0,33.0,33.0,33.0
2008-03,MUN,RJ|SAQUAREMA,glp,3,31.0,29.4,31.8,29.0,32.0
2008-03,MUN,RJ|TERESOPOLIS,glp,3,33.0,32.2,33.0,32.0,33.0
2008-03,MUN,RJ|TRES RIOS,glp,2,32.25,31.65,32.85,31.5,33.0
2008-03,MUN,RJ|VALENCA,glp,6,33.25,33.0,34.0,33.0,34.0
2008-03,MUN,RJ|VASSOURAS,glp,3,33.0,33.0,33.8,33.0,34.0
2008-03,MUN,RJ|VOLTA REDONDA,glp,7,33.0,31.2,34.8,30.0,36.0
2008-03,MUN,RN|CAICO,glp,3,33.0,33.0,33.0,33.0,33.0
2008-03,MUN,RN|CURRAIS NOVOS,glp,6,33.0,33.0,33.0,33.0,33.0
2008-03,MUN,RN|MOSSORO,glp,3,32.0,32.0,32.0,32.0,32.0
2008-03,MUN,RN|NATAL,glp,14,32.0,30.0,32.0,30.0,32.5
2008-03,MUN,RN|PARNAMIRIM,glp,3,30.0,30.0,30.0,30.0,30.0
2008-03,MUN,RN|SAO JOSE DE MIPIBU,glp,2,32.0,32.0,32.0,32.0,32.0
2008-03,MUN,RN|TIMBAUBA DOS BATISTAS,glp,1,33.0,33.0,33.0,33.0,33.0
2008-03,MUN,RO|ARIQUEMES,glp,14,38.0,38.0,38.0,38.0,38.0
2008-03,MUN,RO|CACOAL,glp,9,38.0,37.4,38.0,37.0,38.0
2008-03,MUN,RO|GUAJARA-MIRIM,glp,4,38.0,38.0,38.0,38.0,38.0
2008-03,MUN,RO|JI-PARANA,glp,13,37.5,37.0,38.0,37.0,38.0
2008-03,MUN,RO|PIMENTA BUENO,glp,4,41.0,41.0,41.0,41.0,41.0
2008-03,MUN,RO|PORTO VELHO,glp,114,34.0,33.0,34.0,33.0,35.0
2008-03,MUN,RO|SAO MIGUEL DO GUAPORE,glp,1,42.0,42.0,42.0,42.0,42.0
2008-03,MUN,RO|VILHENA,glp,8,42.0,42.0,42.0,42.0,42.0
2008-03,MUN,RR|BOA VISTA,glp,25,37.0,36.0,38.0,34.7,39.0
2008-03,MUN,RR|MUCAJAI,glp,1,38.0,38.0,38.0,38.0,38.0
2008-03,MUN,RR|RORAINOPOLIS,glp,1,38.0,38.0,38.0,38.0,38.0
2008-03,MUN,RS|ALEGRETE,glp,13,35.0,34.1,35.8,33.0,36.0
2008-03,MUN,RS|ALVORADA,glp,10,33.0,29.995,33.55,29.95,34.0
2008-03,MUN,RS|BAGE,glp,31,33.5,32.0,34.0,30.0,36.0
2008-03,MUN,RS|BENTO GONCALVES,glp,9,37.5,35.0,39.56,35.0,39.8
2008-03,MUN,RS|CACAPAVA DO SUL,glp,8,36.0,35.0,37.0,35.0,37.0
2008-03,MUN,RS|CACHOEIRA DO SUL,glp,14,35.0,35.0,35.0,34.0,36.0
2008-03,MUN,RS|CACHOEIRINHA,glp,17,32.0,30.0,33.0,30.0,34.0
2008-03,MUN,RS|CANOAS,glp,47,34.5,31.998,35.0,31.0,36.0
2008-03,MUN,RS|CAXIAS DO SUL,glp,41,36.0,35.0,37.0,35.0,39.0
2008-03,MUN,RS|CHUI,glp,2,31.0,31.0,31.0,31.0,31.0
2008-03,MUN,RS|CRUZ ALTA,glp,5,33.0,31.0,38.2,31.0,39.0
2008-03,MUN,RS|CRUZEIRO DO SUL,glp,1,35.0,35.0,35.0,35.0,35.0
2008-03,MUN,RS|ERECHIM,glp,19,37.5,37.0,40.3,36.99,41.0
2008-03,MUN,RS|ESTEIO,glp,14,34.0,34.0,35.0,34.0,36.0
2008-03,MUN,RS|FARROUPILHA,glp,1,35.0,35.0,35.0,35.0,35.0
2008-03,MUN,RS|GRAMADO,glp,3,36.0,36.0,36.0,36.0,36.0
2008-03,MUN,RS|GRAVATAI,glp,30,31.5,30.0,34.0,30.0,35.0
2008-03,MUN,RS|GUAIBA,glp,11,33.0,32.0,33.9,30.0,33.9
2008-03,MUN,RS|IJUI,glp,8,34.0,32.7,35.0,32.0,35.0
2008-03,MUN,RS|IMBE,glp,1,35.0,35.0,35.0,35.0,35.0
2008-03,MUN,RS|JAGUARAO,glp,9,32.0,32.0,32.0,32.0,32.0
2008-03,MUN,RS|LAJEADO,glp,5,34.0,34.0,35.2,34.0,36.0
2008-03,MUN,RS|NOVA SANTA RITA,glp,1,34.0,34.0,34.0,34.0,34.0
2008-03,MUN,RS|NOVO HAMBURGO,glp,25,30.0,30.0,34.0,28.0,34.0
2008-03,MUN,RS|OSORIO,glp,8,35.5,35.0,36.65,35.0,37.0
2008-03,MUN,RS|PALMEIRA DAS MISSOES,glp,6,34.5,34.0,35.75,34.0,36.5
2008-03,MUN,RS|PASSO FUNDO,glp,55,36.0,35.0,38.0,33.0,39.0
2008-03,MUN,RS|PELOTAS,glp,45,32.0,31.0,32.8,30.0,33.0
2008-03,MUN,RS|PORTO ALEGRE,glp,47,33.9,32.8,35.0,31.0,35.0
2008-03,MUN,RS|RIO GRANDE,glp,42,30.0,30.0,33.0,30.0,35.5
2008-03,MUN,RS|SANTA CRUZ DO SUL,glp,16,35.0,35.0,35.5,34.0,36.0
2008-03,MUN,RS|SANTA MARIA,glp,42,34.0,33.0,35.0,31.75,38.0
2008-03,MUN,RS|SANTA ROSA,glp,9,35.0,33.8,36.0,33.0,36.0
2008-03,MUN,RS|SANTA VITORIA DO PALMAR,glp,7,34.0,32.0,34.0,32.0,34.0
2008-03,MUN,RS|SANTANA DO LIVRAMENTO,glp,14,34.0,34.0,34.035,33.5,36.5
2008-03,MUN,RS|SANTO ANGELO,glp,11,37.0,36.0,37.0,35.0,38.0
2008-03,MUN,RS|SAO BORJA,glp,3,35.0,35.0,35.0,35.0,35.0
2008-03,MUN,RS|SAO GABRIEL,glp,12,39.0,38.1,39.9,33.8,40.5
2008-03,MUN,RS|SAO LEOPOLDO,glp,18,34.0,32.7,34.0,32.0,35.0
2008-03,MUN,RS|SAO LUIZ GONZAGA,glp,5,37.0,37.0,39.0,37.0,39.0
2008-03,MUN,RS|SAPIRANGA,glp,10,34.0,33.9,35.0,33.0,35.0
2008-03,MUN,RS|SAPUCAIA DO SUL,glp,30,35.0,34.0,35.0,34.0,36.0
2008-03,MUN,RS|TORRES,glp,5,38.0,35.0,38.0,35.0,38.0
2008-03,MUN,RS|TRAMANDAI,glp,7,35.0,34.6,35.8,34.0,37.0
2008-03,MUN,RS|URUGUAIANA,glp,11,37.0,35.0,37.0,35.0,37.0
2008-03,MUN,RS|VACARIA,glp,7,34.0,34.0,34.46,34.0,35.0
2008-03,MUN,RS|VIAMAO,glp,23,34.0,33.0,35.0,29.0,37.0
2008-03,MUN,SC|ARARANGUA,glp,4,38.0,38.0,38.0,38.0,38.0
2008-03,MUN,SC|BALNEARIO CAMBORIU,glp,1,37.0,37.0,37.0,37.0,37.0
2008-03,MUN,SC|BIGUACU,glp,1,36.0,36.0,36.0,36.0,36.0
2008-03,MUN,SC|BLUMENAU,glp,44,38.0,36.0,40.0,34.0,41.6
2008-03,MUN,SC|BOMBINHAS,glp,1,33.0,33.0,33.0,33.0,33.0
2008-03,MUN,SC|BRUSQUE,glp,4,34.5,34.0,37.03,34.0,37.9
2008-03,MUN,SC|CACADOR,glp,3,38.0,36.4,38.0,36.0,38.0
2008-03,MUN,SC|CHAPECO,glp,22,35.0,35.0,36.225,34.5,38.0
2008-03,MUN,SC|CONCORDIA,glp,8,35.0,35.0,37.9,35.0,40.0
2008-03,MUN,SC|CRICIUMA,glp,9,37.5,35.8,39.6,35.0,40.0
2008-03,MUN,SC|FLORIANOPOLIS,glp,37,36.0,34.0,38.76,32.0,40.0
2008-03,MUN,SC|ITAJAI,glp,40,33.25,31.9,37.1,30.0,39.99
2008-03,MUN,SC|JARAGUA DO SUL,glp,4,36.0,35.3,36.35,35.0,36.5
2008-03,MUN,SC|JOINVILLE,glp,93,37.8,35.0,39.0,34.0,42.25
2008-03,MUN,SC|LAGES,glp,6,37.0,35.0,37.0,35.0,37.0
2008-03,MUN,SC|LAGUNA,glp,4,38.0,35.2,38.0,34.0,38.0
2008-03,MUN,SC|MAFRA,glp,4,32.95,31.57,33.0,31.0,33.0
2008-03,MUN,SC|PALHOCA,glp,20,35.0,32.9,36.0,30.0,36.0
2008-03,MUN,SC|SAO JOSE,glp,18,35.0,35.0,36.0,34.8,39.0
2008-03,MUN,SC|SAO MIGUEL DO OESTE,glp,6,34.25,32.25,36.49,32.0,37.98
2008-03,MUN,SC|TIJUCAS,glp,1,35.5,35.5,35.5,35.5,35.5
2008-03,MUN,SC|TUBARAO,glp,11,33.0,33.0,35.0,32.0,35.0
2008-03,MUN,SC|VIDEIRA,glp,5,35.0,32.6,35.0,32.0,35.0
2008-03,MUN,SC|XANXERE,glp,9,37.0,36.0,37.6,36.0,38.0
2008-03,MUN,SE|ARACAJU,glp,17,33.0,32.0,34.0,30.0,34.0
2008-03,MUN,SE|ITABAIANA,glp,4,32.85,30.81,33.7,30.0,34.0
2008-03,MUN,SE|ITABAIANINHA,glp,1,33.0,33.0,33.0,33.0,33.0
2008-03,MUN,SE|LAGARTO,glp,4,32.0,30.6,32.0,30.0,32.0
2008-03,MUN,SE|NOSSA SENHORA DO SOCORRO,glp,4,34.0,33.3,34.7,33.0,35.0
2008-03,MUN,SE|SIMAO DIAS,glp,1,31.0,31.0,31.0,31.0,31.0
2008-03,MUN,SE|TOBIAS BARRETO,glp,3,34.0,34.0,34.0,34.0,34.0
2008-03,MUN,SP|ADAMANTINA,glp,10,33.0,33.0,33.0,33.0,33.0
2008-03,MUN,SP|AMERICANA,glp,30,34.0,34.0,35.0,28.9,36.0
2008-03,MUN,SP|AMPARO,glp,5,33.0,32.0,34.74,32.0,35.9
2008-03,MUN,SP|APIAI,glp,2,34.0,34.0,34.0,34.0,34.0
2008-03,MUN,SP|ARACATUBA,glp,37,32.0,31.6,32.0,30.0,33.0
2008-03,MUN,SP|ARARAQUARA,glp,15,31.0,30.0,32.8,28.0,33.0
2008-03,MUN,SP|ARARAS,glp,2,31.875,31.855,31.895,31.85,31.9
2008-03,MUN,SP|ASSIS,glp,10,32.0,31.9,32.0,31.0,32.0
2008-03,MUN,SP|ATIBAIA,glp,21,32.0,30.0,33.0,29.5,34.0
2008-03,MUN,SP|AVARE,glp,7,37.0,36.6,37.7,36.0,38.0
2008-03,MUN,SP|BARRETOS,glp,13,30.0,30.0,30.0,29.0,30.0
2008-03,MUN,SP|BARUERI,glp,17,32.0,28.3,33.2,27.99,34.0
2008-03,MUN,SP|BAURU,glp,30,34.0,32.85,34.55,30.0,36.0
2008-03,MUN,SP|BEBEDOURO,glp,10,29.9,26.9,30.2,26.9,32.0
2008-03,MUN,SP|BIRIGUI,glp,24,32.0,30.0,33.0,30.0,33.0
2008-03,MUN,SP|BORACEIA,glp,1,36.0,36.0,36.0,36.0,36.0
2008-03,MUN,SP|BOTUCATU,glp,16,32.0,31.9,32.0,30.0,32.0
2008-03,MUN,SP|BRAGANCA PAULISTA,glp,28,30.0,26.99,32.0,26.9,33.0
2008-03,MUN,SP|CACAPAVA,glp,16,32.5,30.0,33.5,25.99,34.5
2008-03,MUN,SP|CAMPINAS,glp,53,32.0,29.59,34.0,27.99,35.0
2008-03,MUN,SP|CAMPOS DO JORDAO,glp,10,28.0,26.9,32.2,26.0,34.0
2008-03,MUN,SP|CAPAO BONITO,glp,4,32.0,31.65,32.0,31.5,32.0
2008-03,MUN,SP|CARAGUATATUBA,glp,7,34.0,33.0,34.0,33.0,34.0
2008-03,MUN,SP|CARAPICUIBA,glp,16,32.0,28.94,32.495,28.29,32.99
2008-03,MUN,SP|CATANDUVA,glp,16,31.0,29.0,32.5,29.0,35.0
2008-03,MUN,SP|COSMOPOLIS,glp,5,35.99,34.796,35.996,34.0,36.0
2008-03,MUN,SP|COTIA,glp,11,31.5,30.0,32.95,30.0,32.99
2008-03,MUN,SP|CRUZEIRO,glp,15,30.0,29.0,31.996,29.0,32.0
2008-03,MUN,SP|CUBATAO,glp,3,31.0,30.6,31.4,30.5,31.5
2008-03,MUN,SP|DIADEMA,glp,19,31.0,28.99,33.0,28.99,33.5
2008-03,MUN,SP|DRACENA,glp,9,35.0,34.0,35.1,34.0,35.5
2008-03,MUN,SP|EMBU DAS ARTES,glp,4,31.9,31.9,31.97,31.9,32.0
2008-03,MUN,SP|FERRAZ DE VASCONCELOS,glp,10,30.0,30.0,32.0,30.0,32.0
2008-03,MUN,SP|FRANCA,glp,22,32.0,28.09,32.95,28.0,35.0
2008-03,MUN,SP|FRANCISCO MORATO,glp,16,31.95,30.0,32.0,30.0,32.5
2008-03,MUN,SP|FRANCO DA ROCHA,glp,5,31.9,30.0,32.0,30.0,32.0
2008-03,MUN,SP|GARCA,glp,8,33.0,33.0,33.0,33.0,33.0
2008-03,MUN,SP|GUARATINGUETA,glp,12,28.75,27.1,30.0,27.0,33.0
2008-03,MUN,SP|GUARUJA,glp,5,35.0,34.1,35.4,34.0,35.5
2008-03,MUN,SP|GUARULHOS,glp,61,31.0,29.99,32.5,28.0,33.9
2008-03,MUN,SP|HORTOLANDIA,glp,26,32.0,30.0,32.0,28.99,33.99
2008-03,MUN,SP|IBITINGA,glp,8,30.0,30.0,30.0,30.0,30.0
2008-03,MUN,SP|INDAIATUBA,glp,35,35.0,35.0,35.0,33.0,35.0
2008-03,MUN,SP|ITANHAEM,glp,12,35.0,33.0,35.95,33.0,36.0
2008-03,MUN,SP|ITAPECERICA DA SERRA,glp,6,30.95,30.5,31.722,30.5,32.0
2008-03,MUN,SP|ITAPETININGA,glp,16,31.0,30.0,32.0,29.0,32.0
2008-03,MUN,SP|ITAPEVA,glp,5,32.0,31.4,32.0,31.0,32.0
2008-03,MUN,SP|ITAPEVI,glp,5,30.0,27.596,31.4,27.0,32.0
2008-03,MUN,SP|ITAPIRA,glp,4,31.0,30.3,31.7,30.0,32.0
2008-03,MUN,SP|ITAPOLIS,glp,15,30.0,30.0,31.8,30.0,33.0
2008-03,MUN,SP|ITAQUAQUECETUBA,glp,13,32.0,30.4,33.0,30.0,33.0
2008-03,MUN,SP|ITATIBA,glp,11,32.0,32.0,33.0,32.0,33.0
2008-03,MUN,SP|ITU,glp,11,30.5,29.5,33.0,29.0,33.0
2008-03,MUN,SP|JABOTICABAL,glp,12,32.0,32.0,33.0,32.0,33.0
2008-03,MUN,SP|JACAREI,glp,9,30.0,27.99,32.0,27.99,32.0
2008-03,MUN,SP|JALES,glp,8,32.0,31.485,32.65,31.45,33.0
2008-03,MUN,SP|JANDIRA,glp,8,29.0,27.393,31.0,26.0,31.0
2008-03,MUN,SP|JAU,glp,8,30.0,30.0,30.3,30.0,31.0
2008-03,MUN,SP|JOSE BONIFACIO,glp,13,32.0,30.2,32.0,30.0,32.0
2008-03,MUN,SP|JUNDIAI,glp,17,33.0,27.6,33.0,25.99,34.0
2008-03,MUN,SP|LEME,glp,18,32.0,30.696,33.0,29.995,33.0
2008-03,MUN,SP|LIMEIRA,glp,17,31.0,29.99,35.0,29.9,35.0
2008-03,MUN,SP|LINS,glp,19,30.5,29.994,32.0,29.5,32.5
2008-03,MUN,SP|LORENA,glp,16,30.0,28.5,31.0,27.0,32.0
2008-03,MUN,SP|MARILIA,glp,13,30.0,30.0,30.8,30.0,32.0
2008-03,MUN,SP|MATAO,glp,8,32.25,30.8,33.0,28.0,33.0
2008-03,MUN,SP|MAUA,glp,27,33.0,30.6,34.0,29.995,35.0
2008-03,MUN,SP|MIRASSOL,glp,10,30.0,29.8,31.0,28.0,31.0
2008-03,MUN,SP|MOCOCA,glp,12,35.0,34.55,35.0,34.0,35.0
2008-03,MUN,SP|MOGI DAS CRUZES,glp,33,34.0,31.398,37.0,29.99,38.0
2008-03,MUN,SP|MOGI GUACU,glp,12,30.0,30.0,30.0,30.0,32.0
2008-03,MUN,SP|MOGI MIRIM,glp,9,30.0,29.9,31.8,29.5,33.0
2008-03,MUN,SP|MONTE ALTO,glp,8,33.0,32.0,34.0,32.0,34.0
2008-03,MUN,SP|OLIMPIA,glp,8,30.0,30.0,31.3,30.0,32.0
2008-03,MUN,SP|OSASCO,glp,45,31.0,28.99,32.99,28.49,33.0
2008-03,MUN,SP|OURINHOS,glp,21,33.0,32.0,33.5,31.0,34.0
2008-03,MUN,SP|PARAGUACU PAULISTA,glp,11,32.0,32.0,32.0,31.5,32.0
2008-03,MUN,SP|PAULICEIA,glp,1,32.0,32.0,32.0,32.0,32.0
2008-03,MUN,SP|PAULINIA,glp,13,31.0,28.0,32.8,27.0,33.0
2008-03,MUN,SP|PINDAMONHANGABA,glp,20,31.5,27.999,33.0,27.99,37.0
2008-03,MUN,SP|PIRACICABA,glp,34,32.0,30.0,33.0,29.0,35.0
2008-03,MUN,SP|PIRASSUNUNGA,glp,7,32.0,31.3,32.4,31.0,33.0
2008-03,MUN,SP|PITANGUEIRAS,glp,1,30.0,30.0,30.0,30.0,30.0
2008-03,MUN,SP|POA,glp,8,31.5,31.0,32.6,31.0,34.0
2008-03,MUN,SP|PORTO FERREIRA,glp,6,30.0,29.75,30.5,29.5,31.0
2008-03,MUN,SP|PRAIA GRANDE,glp,9,33.0,31.998,34.2,31.99,35.0
2008-03,MUN,SP|PRESIDENTE PRUDENTE,glp,40,34.0,32.0,35.0,30.0,36.0
2008-03,MUN,SP|PRESIDENTE VENCESLAU,glp,9,29.5,29.4,30.0,29.0,30.0
2008-03,MUN,SP|RIBEIRAO PIRES,glp,12,33.0,32.0,33.0,29.99,34.0
2008-03,MUN,SP|RIBEIRAO PRETO,glp,99,32.0,30.0,34.0,29.0,35.0
2008-03,MUN,SP|RIO CLARO,glp,7,30.0,30.0,30.8,30.0,32.0
2008-03,MUN,SP|SALTO,glp,17,32.0,30.3,33.0,30.0,33.0
2008-03,MUN,SP|SANTA BARBARA D'OESTE,glp,30,34.0,34.0,35.0,34.0,35.0
2008-03,MUN,SP|SANTA CRUZ DO RIO PARDO,glp,9,33.0,32.0,33.1,32.0,33.5
2008-03,MUN,SP|SANTO ANDRE,glp,38,33.0,30.0,35.0,29.99,36.5
2008-03,MUN,SP|SANTOS,glp,12,32.0,29.99,33.0,29.99,34.0
2008-03,MUN,SP|SAO BERNARDO DO CAMPO,glp,36,33.0,30.5,34.25,29.99,35.0
2008-03,MUN,SP|SAO CAETANO DO SUL,glp,4,31.45,30.293,31.97,29.99,32.0
2008-03,MUN,SP|SAO CARLOS,glp,17,32.0,29.54,35.4,28.9,36.0
2008-03,MUN,SP|SAO JOAO DA BOA VISTA,glp,9,33.0,32.9,33.02,32.5,33.1
2008-03,MUN,SP|SAO JOAQUIM DA BARRA,glp,10,32.0,31.9,32.0,31.9,32.0
2008-03,MUN,SP|SAO JOSE DO RIO PRETO,glp,59,32.0,30.0,33.0,30.0,33.0
2008-03,MUN,SP|SAO JOSE DOS CAMPOS,glp,86,31.0,28.995,34.0,25.0,35.0
2008-03,MUN,SP|SAO PAULO,glp,215,30.995,28.99,33.0,27.99,36.0
2008-03,MUN,SP|SAO ROQUE,glp,7,31.0,29.8,31.94,28.0,32.0
2008-03,MUN,SP|SAO VICENTE,glp,24,30.5,27.927,34.0,27.0,35.0
2008-03,MUN,SP|SERTAOZINHO,glp,19,32.0,29.98,32.2,29.0,33.5
2008-03,MUN,SP|SOROCABA,glp,37,31.0,30.0,33.0,28.9,36.0
2008-03,MUN,SP|SUMARE,glp,28,33.0,32.0,34.0,32.0,34.0
2008-03,MUN,SP|SUZANO,glp,20,32.0,29.61,32.0,26.99,32.0
2008-03,MUN,SP|TABOAO DA SERRA,glp,6,29.495,28.99,32.0,28.99,33.0
2008-03,MUN,SP|TATUI,glp,7,33.0,31.0,33.4,31.0,34.0
2008-03,MUN,SP|TAUBATE,glp,41,28.0,25.99,29.0,25.0,30.0
2008-03,MUN,SP|TUPA,glp,6,30.75,30.45,31.0,30.45,31.0
2008-03,MUN,SP|UBATUBA,glp,10,31.5,30.0,32.75,30.0,35.0
2008-03,MUN,SP|VALINHOS,glp,8,33.5,32.0,34.0,32.0,34.0
2008-03,MUN,SP|VARZEA PAULISTA,glp,11,30.0,30.0,32.0,30.0,33.0
2008-03,MUN,SP|VINHEDO,glp,5,33.0,31.99,33.6,31.99,34.0
2008-03,MUN,SP|VOTORANTIM,glp,18,30.0,28.698,31.0,27.99,32.0
2008-03,MUN,SP|VOTUPORANGA,glp,15,30.5,30.0,32.0,29.0,34.0
2008-03,MUN,TO|ARAGUAINA,glp,12,40.0,40.0,40.0,39.0,40.0
2008-03,MUN,TO|COMBINADO,glp,1,37.0,37.0,37.0,37.0,37.0
2008-03,MUN,TO|DIANOPOLIS,glp,6,35.0,35.0,35.0,35.0,35.0
2008-03,MUN,TO|GURUPI,glp,57,35.0,35.0,36.0,35.0,36.0
2008-03,MUN,TO|PALMAS,glp,29,35.5,35.0,36.1,35.0,37.0
2008-03,MUN,TO|PARAISO DO TOCANTINS,glp,13,37.0,37.0,37.0,37.0,37.0
2008-03,MUN,TO|PORTO NACIONAL,glp,9,37.0,37.0,37.0,37.0,37.0
2008-03,MUN,TO|TAGUATINGA,glp,1,37.0,37.0,37.0,37.0,37.0
2008-03,UF,AC,glp,91,37.5,37.0,39.0,36.0,46.0
2008-03,UF,AL,glp,31,32.0,30.0,32.0,30.0,33.0
2008-03,UF,AM,glp,339,32.0,31.0,33.0,30.0,37.5
2008-03,UF,AP,glp,23,34.0,34.0,37.0,34.0,47.0
2008-03,UF,BA,glp,321,32.95,28.5,35.0,26.99,38.5
2008-03,UF,CE,glp,211,35.0,31.0,36.0,28.0,37.0
2008-03,UF,DF,glp,122,37.0,35.0,39.0,28.0,39.0
2008-03,UF,ES,glp,127,33.9,32.0,35.0,27.5,37.0
2008-03,UF,GO,glp,838,33.0,31.0,36.0,29.1,39.0
2008-03,UF,MA,glp,119,36.5,34.0,37.5,32.0,38.0
2008-03,UF,MG,glp,1196,35.0,32.4,36.0,27.0,40.0
2008-03,UF,MS,glp,305,35.0,32.0,40.0,30.0,43.0
2008-03,UF,MT,glp,93,40.5,38.0,42.0,38.0,44.0
2008-03,UF,PA,glp,225,32.0,31.0,37.0,30.0,39.0
2008-03,UF,PB,glp,77,33.0,30.0,35.0,27.0,35.0
2008-03,UF,PE,glp,255,28.0,27.0,33.0,25.0,36.0
2008-03,UF,PI,glp,63,35.0,35.0,37.0,32.5,38.0
2008-03,UF,PR,glp,781,32.0,30.0,35.0,28.0,38.0
2008-03,UF,RJ,glp,286,31.0,29.0,33.0,27.0,36.0
2008-03,UF,RN,glp,32,32.0,30.0,33.0,30.0,33.0
2008-03,UF,RO,glp,167,34.0,33.0,38.0,33.0,42.0
2008-03,UF,RR,glp,27,37.0,36.0,38.0,34.7,39.0
2008-03,UF,RS,glp,758,34.0,31.0,37.0,28.0,41.0
2008-03,UF,SC,glp,355,36.0,33.0,39.0,30.0,42.25
2008-03,UF,SE,glp,34,33.0,31.3,34.0,30.0,35.0
2008-03,UF,SP,glp,2204,32.0,29.0,34.0,25.0,38.0
2008-03,UF,TO,glp,128,36.0,35.0,37.0,35.0,40.0
2008-04,BR,BR,glp,9247,33.0,30.0,37.0,25.0,47.0
2008-04,MUN,AC|BUJARI,glp,1,38.0,38.0,38.0,38.0,38.0
2008-04,MUN,AC|CRUZEIRO DO SUL,glp,1,46.0,46.0,46.0,46.0,46.0
2008-04,MUN,AC|RIO BRANCO,glp,83,38.0,37.0,39.0,36.0,40.0
2008-04,MUN,AC|SENA MADUREIRA,glp,3,40.0,40.0,40.0,40.0,40.0
2008-04,MUN,AC|SENADOR GUIOMARD,glp,1,34.0,34.0,34.0,34.0,34.0
2008-04,MUN,AC|TARAUACA,glp,2,45.0,45.0,45.0,45.0,45.0
2008-04,MUN,AC|XAPURI,glp,3,41.0,41.0,41.0,41.0,41.0
2008-04,MUN,AL|ARAPIRACA,glp,4,30.0,30.0,30.0,30.0,30.0
2008-04,MUN,AL|DELMIRO GOUVEIA,glp,1,32.0,32.0,32.0,32.0,32.0
2008-04,MUN,AL|IGACI,glp,1,32.0,32.0,32.0,32.0,32.0
2008-04,MUN,AL|MACEIO,glp,14,32.0,30.0,33.0,30.0,33.0
2008-04,MUN,AL|MARECHAL DEODORO,glp,1,32.0,32.0,32.0,32.0,32.0
2008-04,MUN,AL|PALMEIRA DOS INDIOS,glp,5,32.0,30.0,33.8,30.0,35.0
2008-04,MUN,AL|RIO LARGO,glp,3,32.0,32.0,32.0,32.0,32.0
2008-04,MUN,AL|SANTANA DO IPANEMA,glp,2,32.0,32.0,32.0,32.0,32.0
2008-04,MUN,AM|HUMAITA,glp,2,37.75,37.55,37.95,37.5,38.0
2008-04,MUN,AM|ITACOATIARA,glp,5,34.0,33.0,34.0,33.0,34.0
2008-04,MUN,AM|MANACAPURU,glp,2,33.0,33.0,33.0,33.0,33.0
2008-04,MUN,AM|MANAUS,glp,325,32.0,31.0,33.5,30.0,35.25
2008-04,MUN,AM|PARINTINS,glp,2,34.5,34.1,34.9,34.0,35.0
2008-04,MUN,AM|PRESIDENTE FIGUEIREDO,glp,1,37.0,37.0,37.0,37.0,37.0
2008-04,MUN,AP|CALCOENE,glp,1,37.0,37.0,37.0,37.0,37.0
2008-04,MUN,AP|LARANJAL DO JARI,glp,1,37.0,37.0,37.0,37.0,37.0
2008-04,MUN,AP|MACAPA,glp,15,34.0,34.0,35.0,34.0,35.0
2008-04,MUN,AP|OIAPOQUE,glp,2,47.0,47.0,47.0,47.0,47.0
2008-04,MUN,AP|SANTANA,glp,4,35.5,34.3,36.0,34.0,36.0
2008-04,MUN,BA|ALAGOINHAS,glp,4,35.0,35.0,35.0,35.0,35.0
2008-04,MUN,BA|BARRA,glp,3,31.0,30.2,31.8,30.0,32.0
2008-04,MUN,BA|BARREIRAS,glp,10,36.0,36.0,36.0,36.0,36.0
2008-04,MUN,BA|BRUMADO,glp,6,31.0,30.0,32.0,30.0,32.0
2008-04,MUN,BA|CAETITE,glp,6,30.0,30.0,30.0,30.0,30.0
2008-04,MUN,BA|CAMACARI,glp,8,38.25,36.05,38.5,35.0,38.5
2008-04,MUN,BA|CAMPO FORMOSO,glp,3,35.0,35.0,35.0,35.0,35.0
2008-04,MUN,BA|CANDEIAS,glp,5,33.0,32.4,33.0,32.0,33.0
2008-04,MUN,BA|CAPIM GROSSO,glp,1,35.0,35.0,35.0,35.0,35.0
2008-04,MUN,BA|EUNAPOLIS,glp,6,35.0,35.0,35.0,35.0,35.0
2008-04,MUN,BA|FEIRA DE SANTANA,glp,8,35.0,32.9,35.5,28.0,35.5
2008-04,MUN,BA|GUANAMBI,glp,12,30.0,30.0,30.0,30.0,30.0
2008-04,MUN,BA|ILHEUS,glp,9,36.0,34.8,36.0,30.0,36.0
2008-04,MUN,BA|IPIRA,glp,5,35.0,35.0,35.0,35.0,35.0
2008-04,MUN,BA|IRECE,glp,5,30.0,30.0,30.0,30.0,30.0
2008-04,MUN,BA|ITABUNA,glp,8,35.0,35.0,35.0,35.0,35.0
2008-04,MUN,BA|ITAMARAJU,glp,4,33.0,33.0,33.0,33.0,33.0
2008-04,MUN,BA|JACOBINA,glp,5,35.0,35.0,35.0,35.0,35.0
2008-04,MUN,BA|JAGUAQUARA,glp,9,30.0,30.0,31.0,30.0,35.0
2008-04,MUN,BA|JEQUIE,glp,4,33.0,30.9,33.0,30.0,33.0
2008-04,MUN,BA|JUAZEIRO,glp,4,35.0,35.0,35.0,35.0,35.0
2008-04,MUN,BA|LAURO DE FREITAS,glp,11,27.0,26.0,30.0,25.0,32.0
2008-04,MUN,BA|LIVRAMENTO DE NOSSA SENHORA,glp,1,30.0,30.0,30.0,30.0,30.0
2008-04,MUN,BA|PAULO AFONSO,glp,5,33.0,33.0,33.6,33.0,34.0
2008-04,MUN,BA|POCOES,glp,4,32.5,32.0,34.4,32.0,35.0
2008-04,MUN,BA|PORTO SEGURO,glp,9,35.0,35.0,35.0,35.0,35.0
2008-04,MUN,BA|RUY BARBOSA,glp,3,33.0,33.0,33.0,33.0,33.0
2008-04,MUN,BA|SALVADOR,glp,128,31.25,28.0,33.65,26.0,34.0
2008-04,MUN,BA|SANTO ANTONIO DE JESUS,glp,8,32.0,29.4,33.0,28.0,33.0
2008-04,MUN,BA|SENHOR DO BONFIM,glp,4,35.0,35.0,35.0,35.0,35.0
2008-04,MUN,BA|SERRINHA,glp,3,35.0,29.4,35.0,28.0,35.0
2008-04,MUN,BA|SIMOES FILHO,glp,6,33.0,31.5,35.0,30.0,35.0
2008-04,MUN,BA|TEIXEIRA DE FREITAS,glp,5,33.0,32.4,34.2,32.0,35.0
2008-04,MUN,BA|URANDI,glp,1,30.0,30.0,30.0,30.0,30.0
2008-04,MUN,BA|VALENCA,glp,4,33.0,30.9,34.4,30.0,35.0
2008-04,MUN,BA|VITORIA DA CONQUISTA,glp,2,33.0,33.0,33.0,33.0,33.0
2008-04,MUN,CE|ARACOIABA,glp,1,33.0,33.0,33.0,33.0,33.0
2008-04,MUN,CE|BEBERIBE,glp,1,32.0,32.0,32.0,32.0,32.0
2008-04,MUN,CE|CANINDE,glp,2,32.5,32.1,32.9,32.0,33.0
2008-04,MUN,CE|CAUCAIA,glp,34,35.0,35.0,36.0,33.0,36.0
2008-04,MUN,CE|CRATEUS,glp,3,32.0,31.2,32.0,31.0,32.0
2008-04,MUN,CE|CRATO,glp,9,32.0,30.0,32.2,30.0,33.0
2008-04,MUN,CE|FORTALEZA,glp,124,35.0,33.0,36.0,30.0,37.0
2008-04,MUN,CE|ICO,glp,2,32.0,32.0,32.0,32.0,32.0
2008-04,MUN,CE|IGUATU,glp,4,33.0,30.9,33.0,30.0,33.0
2008-04,MUN,CE|INDEPENDENCIA,glp,1,32.0,32.0,32.0,32.0,32.0
2008-04,MUN,CE|IPU,glp,3,34.0,34.0,34.0,34.0,34.0
2008-04,MUN,CE|ITAPIPOCA,glp,3,30.0,30.0,30.0,30.0,30.0
2008-04,MUN,CE|JUAZEIRO DO NORTE,glp,6,30.0,28.0,32.0,28.0,32.0
2008-04,MUN,CE|LIMOEIRO DO NORTE,glp,3,34.0,32.4,34.0,32.0,34.0
2008-04,MUN,CE|MARACANAU,glp,6,35.0,32.5,36.0,32.0,36.0
2008-04,MUN,CE|MORADA NOVA,glp,4,33.0,33.0,33.7,33.0,34.0
2008-04,MUN,CE|PEDRA BRANCA,glp,2,31.0,31.0,31.0,31.0,31.0
2008-04,MUN,CE|QUIXADA,glp,5,34.0,32.4,34.0,32.0,34.0
2008-04,MUN,CE|SAO GONCALO DO AMARANTE,glp,1,33.0,33.0,33.0,33.0,33.0
2008-04,MUN,CE|SOBRAL,glp,3,33.0,33.0,33.0,33.0,33.0
2008-04,MUN,DF|BRASILIA,glp,128,38.0,34.693,39.0,30.0,39.02
2008-04,MUN,ES|ARACRUZ,glp,6,32.5,31.0,34.5,30.0,35.0
2008-04,MUN,ES|BARRA DE SAO FRANCISCO,glp,6,30.0,30.0,33.5,30.0,35.0
2008-04,MUN,ES|CACHOEIRO DE ITAPEMIRIM,glp,12,32.0,30.0,33.0,29.9,33.0
2008-04,MUN,ES|CARIACICA,glp,16,35.0,31.995,35.0,30.0,35.0
2008-04,MUN,ES|CASTELO,glp,2,32.5,32.1,32.9,32.0,33.0
2008-04,MUN,ES|COLATINA,glp,7,33.0,31.2,33.8,30.0,35.0
2008-04,MUN,ES|GUARAPARI,glp,6,35.0,33.5,35.5,33.0,36.0
2008-04,MUN,ES|ITAPEMIRIM,glp,1,32.0,32.0,32.0,32.0,32.0
2008-04,MUN,ES|JAGUARE,glp,3,33.9,33.18,33.98,33.0,34.0
2008-04,MUN,ES|LINHARES,glp,11,35.0,35.0,35.0,33.0,35.0
2008-04,MUN,ES|NOVA VENECIA,glp,1,27.0,27.0,27.0,27.0,27.0
2008-04,MUN,ES|PIUMA,glp,1,37.0,37.0,37.0,37.0,37.0
2008-04,MUN,ES|SAO MATEUS,glp,8,33.0,33.0,34.0,33.0,34.0
2008-04,MUN,ES|SERRA,glp,37,34.0,32.0,35.0,32.0,35.0
2008-04,MUN,ES|VILA VELHA,glp,13,34.0,32.2,34.0,32.0,35.0
2008-04,MUN,ES|VITORIA,glp,3,35.0,35.0,36.6,35.0,37.0
2008-04,MUN,GO|AGUAS LINDAS DE GOIAS,glp,7,35.0,35.0,35.0,35.0,35.0
2008-04,MUN,GO|ANAPOLIS,glp,102,32.0,31.0,33.0,29.9,34.0
2008-04,MUN,GO|APARECIDA DE GOIANIA,glp,92,32.0,31.5,33.0,30.0,33.25
2008-04,MUN,GO|BELA VISTA DE GOIAS,glp,1,33.0,33.0,33.0,33.0,33.0
2008-04,MUN,GO|CALDAS NOVAS,glp,40,34.0,33.0,36.0,32.0,38.0
2008-04,MUN,GO|CATALAO,glp,15,30.0,30.0,30.6,30.0,31.0
2008-04,MUN,GO|FORMOSA,glp,36,37.0,37.0,37.0,37.0,37.0
2008-04,MUN,GO|GOIANIA,glp,298,32.0,31.0,33.0,29.0,33.0
2008-04,MUN,GO|GOIATUBA,glp,11,34.0,32.0,34.0,32.0,34.0
2008-04,MUN,GO|ITUMBIARA,glp,18,33.0,33.0,33.0,33.0,33.0
2008-04,MUN,GO|JATAI,glp,24,35.0,35.0,35.7,34.0,38.0
2008-04,MUN,GO|LUZIANIA,glp,60,33.0,33.0,34.0,30.0,34.0
2008-04,MUN,GO|MINEIROS,glp,18,35.0,35.0,35.0,35.0,35.0
2008-04,MUN,GO|MORRINHOS,glp,21,34.0,32.0,35.0,32.0,39.0
2008-04,MUN,GO|PLANALTINA,glp,23,38.0,36.1,39.0,35.0,39.0
2008-04,MUN,GO|PONTALINA,glp,1,34.0,34.0,34.0,34.0,34.0
2008-04,MUN,GO|PORANGATU,glp,13,35.0,32.0,35.32,29.99,36.0
2008-04,MUN,GO|RIO VERDE,glp,42,36.0,36.0,36.0,35.0,36.0
2008-04,MUN,GO|SANTO ANTONIO DE GOIAS,glp,1,33.0,33.0,33.0,33.0,33.0
2008-04,MUN,GO|TRINDADE,glp,43,31.0,31.0,32.0,30.0,33.0
2008-04,MUN,GO|VALPARAISO DE GOIAS,glp,9,30.0,29.8,30.2,29.0,31.0
2008-04,MUN,MA|ACAILANDIA,glp,2,37.0,36.2,37.8,36.0,38.0
2008-04,MUN,MA|BACABAL,glp,3,37.5,36.7,37.5,36.5,37.5
2008-04,MUN,MA|BALSAS,glp,3,37.0,37.0,37.0,37.0,37.0
2008-04,MUN,MA|BARRA DO CORDA,glp,2,38.0,38.0,38.0,38.0,38.0
2008-04,MUN,MA|CAROLINA,glp,3,38.0,38.0,38.0,38.0,38.0
2008-04,MUN,MA|CAXIAS,glp,1,38.0,38.0,38.0,38.0,38.0
2008-04,MUN,MA|CODO,glp,2,36.5,36.5,36.5,36.5,36.5
2008-04,MUN,MA|IMPERATRIZ,glp,41,37.0,37.0,37.0,37.0,37.0
2008-04,MUN,MA|MATINHA,glp,1,34.5,34.5,34.5,34.5,34.5
2008-04,MUN,MA|PINHEIRO,glp,2,37.5,37.1,37.9,37.0,38.0
2008-04,MUN,MA|PRESIDENTE DUTRA,glp,2,35.0,35.0,35.0,35.0,35.0
2008-04,MUN,MA|SANTA INES,glp,2,35.5,35.5,35.5,35.5,35.5
2008-04,MUN,MA|SAO JOAO DOS PATOS,glp,2,38.0,38.0,38.0,38.0,38.0
2008-04,MUN,MA|SAO JOSE DE RIBAMAR,glp,13,34.0,34.0,35.0,31.5,35.0
2008-04,MUN,MA|SAO LUIS,glp,39,34.0,33.5,35.0,32.0,36.0
2008-04,MUN,MA|TIMON,glp,1,35.0,35.0,35.0,35.0,35.0
2008-04,MUN,MG|ALFENAS,glp,19,35.0,30.0,35.2,30.0,36.0
2008-04,MUN,MG|ARAGUARI,glp,18,35.0,35.0,36.93,35.0,37.0
2008-04,MUN,MG|ARAXA,glp,3,36.0,36.0,36.0,36.0,36.0
2008-04,MUN,MG|BARBACENA,glp,16,33.0,31.0,35.0,29.9,39.0
2008-04,MUN,MG|BELO HORIZONTE,glp,132,35.0,31.1,35.0,30.0,37.0
2008-04,MUN,MG|BETIM,glp,40,34.945,32.0,35.0,31.9,35.0
2008-04,MUN,MG|BOM DESPACHO,glp,2,35.0,35.0,35.0,35.0,35.0
2008-04,MUN,MG|CAMPO BELO,glp,9,35.0,35.0,35.0,35.0,35.0
2008-04,MUN,MG|CARATINGA,glp,3,33.0,32.2,33.0,32.0,33.0
2008-04,MUN,MG|CATAGUASES,glp,2,35.0,35.0,35.0,35.0,35.0
2008-04,MUN,MG|CONCEICAO DAS ALAGOAS,glp,1,35.0,35.0,35.0,35.0,35.0
2008-04,MUN,MG|CONGONHAS,glp,9,35.0,34.6,35.0,33.0,35.0
2008-04,MUN,MG|CONSELHEIRO LAFAIETE,glp,4,34.5,34.0,35.7,34.0,36.0
2008-04,MUN,MG|CONTAGEM,glp,77,35.0,32.0,35.7,31.0,36.0
2008-04,MUN,MG|CORONEL FABRICIANO,glp,3,35.0,35.0,35.0,35.0,35.0
2008-04,MUN,MG|CURVELO,glp,9,35.0,35.0,35.0,35.0,35.0
2008-04,MUN,MG|DIAMANTINA,glp,9,35.0,34.0,36.0,30.0,36.0
2008-04,MUN,MG|DIVINOPOLIS,glp,21,35.5,35.0,36.0,35.0,36.0
2008-04,MUN,MG|FORMIGA,glp,10,35.0,35.0,35.0,35.0,35.0
2008-04,MUN,MG|FRUTAL,glp,5,34.0,34.0,34.6,34.0,35.0
2008-04,MUN,MG|GOVERNADOR VALADARES,glp,20,34.0,32.9,34.071,32.0,36.0
2008-04,MUN,MG|GUAXUPE,glp,7,32.0,31.0,32.0,31.0,32.0
2008-04,MUN,MG|IBIRITE,glp,12,35.0,33.1,35.81,32.0,36.0
2008-04,MUN,MG|IPATINGA,glp,16,33.5,32.0,34.0,30.0,34.0
2008-04,MUN,MG|ITABIRA,glp,3,36.5,36.5,36.5,36.5,36.5
2008-04,MUN,MG|ITAJUBA,glp,12,34.0,33.0,35.0,32.0,35.0
2008-04,MUN,MG|ITAUNA,glp,14,33.0,32.3,33.7,32.0,35.0
2008-04,MUN,MG|ITUIUTABA,glp,17,34.0,33.0,35.0,33.0,35.0
2008-04,MUN,MG|ITURAMA,glp,1,30.0,30.0,30.0,30.0,30.0
2008-04,MUN,MG|JANAUBA,glp,2,35.0,35.0,35.0,35.0,35.0
2008-04,MUN,MG|JANUARIA,glp,8,36.0,36.0,36.0,36.0,36.0
2008-04,MUN,MG|JOAO MONLEVADE,glp,7,35.0,33.6,36.4,33.0,37.0
2008-04,MUN,MG|JOAO PINHEIRO,glp,16,38.0,35.0,38.0,35.0,38.0
2008-04,MUN,MG|JUIZ DE FORA,glp,103,36.0,34.0,39.0,33.0,39.0
2008-04,MUN,MG|LAVRAS,glp,10,30.0,28.0,33.2,28.0,35.0
2008-04,MUN,MG|LEOPOLDINA,glp,5,35.0,35.0,36.0,35.0,36.0
2008-04,MUN,MG|MANHUACU,glp,4,36.0,35.3,36.0,35.0,36.0
2008-04,MUN,MG|MARIANA,glp,5,32.0,32.0,32.0,32.0,32.0
2008-04,MUN,MG|MATIAS BARBOSA,glp,1,36.0,36.0,36.0,36.0,36.0
2008-04,MUN,MG|MONTE CARMELO,glp,17,32.0,31.0,34.4,30.0,35.5
2008-04,MUN,MG|MONTES CLAROS,glp,53,36.0,35.0,36.0,34.0,36.0
2008-04,MUN,MG|MURIAE,glp,3,32.0,30.0,34.4,29.5,35.0
2008-04,MUN,MG|NOVA LIMA,glp,9,35.0,35.0,36.4,35.0,38.0
2008-04,MUN,MG|OLIVEIRA,glp,7,35.0,35.0,35.0,35.0,35.0
2008-04,MUN,MG|OURO PRETO,glp,8,36.0,35.0,36.6,35.0,38.0
2008-04,MUN,MG|PARA DE MINAS,glp,10,35.9,33.0,36.0,33.0,36.0
2008-04,MUN,MG|PARACATU,glp,8,38.0,38.0,40.0,38.0,40.0
2008-04,MUN,MG|PASSOS,glp,17,33.0,32.0,35.0,32.0,35.0
2008-04,MUN,MG|PATOS DE MINAS,glp,17,35.0,34.0,35.0,34.0,35.0
2008-04,MUN,MG|PATROCINIO,glp,18,35.0,35.0,36.0,35.0,36.0
2008-04,MUN,MG|POCOS DE CALDAS,glp,17,32.0,32.0,35.0,30.0,35.0
2008-04,MUN,MG|POUSO ALEGRE,glp,21,35.0,34.0,35.0,34.0,36.0
2008-04,MUN,MG|RIBEIRAO DAS NEVES,glp,22,33.5,32.5,35.0,30.0,35.5
2008-04,MUN,MG|SABARA,glp,17,35.0,31.0,36.0,31.0,36.0
2008-04,MUN,MG|SANTA LUZIA,glp,24,35.0,33.3,35.7,33.0,36.0
2008-04,MUN,MG|SANTOS DUMONT,glp,5,35.0,30.0,35.0,30.0,35.0
2008-04,MUN,MG|SAO GOTARDO,glp,1,34.0,34.0,34.0,34.0,34.0
2008-04,MUN,MG|SAO JOAO DEL REI,glp,15,37.0,34.4,37.0,34.0,37.0
2008-04,MUN,MG|SAO LOURENCO,glp,2,25.0,25.0,25.0,25.0,25.0
2008-04,MUN,MG|SAO SEBASTIAO DO PARAISO,glp,11,35.0,35.0,36.0,33.0,36.0
2008-04,MUN,MG|SETE LAGOAS,glp,15,33.0,31.4,35.6,30.0,36.0
2008-04,MUN,MG|TEOFILO OTONI,glp,31,35.0,35.0,36.0,32.0,36.0
2008-04,MUN,MG|TIMOTEO,glp,6,34.0,33.5,34.5,33.0,35.0
2008-04,MUN,MG|TRES CORACOES,glp,8,28.0,27.0,28.3,27.0,29.0
2008-04,MUN,MG|UBA,glp,7,35.0,35.0,35.0,35.0,35.0
2008-04,MUN,MG|UBERABA,glp,55,35.0,35.0,35.0,32.0,35.0
2008-04,MUN,MG|UBERLANDIA,glp,100,35.0,33.99,35.0,32.0,36.0
2008-04,MUN,MG|UNAI,glp,12,39.0,39.0,39.0,39.0,39.0
2008-04,MUN,MG|VARGINHA,glp,18,35.0,35.0,36.0,35.0,36.0
2008-04,MUN,MG|VESPASIANO,glp,10,33.0,31.95,35.0,31.5,35.0
2008-04,MUN,MG|VICOSA,glp,3,35.0,35.0,35.0,35.0,35.0
2008-04,MUN,MS|BATAYPORA,glp,1,38.0,38.0,38.0,38.0,38.0
2008-04,MUN,MS|CAMPO GRANDE,glp,181,34.0,32.0,35.0,28.0,36.0
2008-04,MUN,MS|CORUMBA,glp,7,42.0,41.0,42.0,41.0,42.0
2008-04,MUN,MS|COXIM,glp,9,32.0,30.0,33.0,30.0,33.0
2008-04,MUN,MS|DOURADOS,glp,56,40.0,38.0,43.0,35.0,43.0
2008-04,MUN,MS|NOVA ANDRADINA,glp,15,36.0,34.2,38.0,34.0,38.0
2008-04,MUN,MS|PARANAIBA,glp,18,40.0,39.4,40.0,38.0,40.0
2008-04,MUN,MS|PONTA PORA,glp,4,36.0,36.0,36.0,36.0,36.0
2008-04,MUN,MS|SAO GABRIEL DO OESTE,glp,1,30.0,30.0,30.0,30.0,30.0
2008-04,MUN,MS|TRES LAGOAS,glp,16,38.0,37.0,38.0,35.0,39.0
2008-04,MUN,MT|ALTA FLORESTA,glp,6,40.0,40.0,41.0,40.0,42.0
2008-04,MUN,MT|CACERES,glp,8,38.0,38.0,38.0,38.0,38.0
2008-04,MUN,MT|CUIABA,glp,35,40.0,39.0,42.0,38.0,42.0
2008-04,MUN,MT|RONDONOPOLIS,glp,9,42.0,40.0,42.0,40.0,42.0
2008-04,MUN,MT|SINOP,glp,11,40.0,38.0,42.0,38.0,42.0
2008-04,MUN,MT|SORRISO,glp,7,40.0,38.0,40.8,38.0,42.0
2008-04,MUN,MT|VARZEA GRANDE,glp,12,40.0,39.55,41.0,39.0,42.0
2008-04,MUN,PA|ABAETETUBA,glp,4,34.0,34.0,34.0,34.0,34.0
2008-04,MUN,PA|ALENQUER,glp,2,34.95,34.91,34.99,34.9,35.0
2008-04,MUN,PA|ALTAMIRA,glp,9,36.0,35.8,36.6,35.0,37.0
2008-04,MUN,PA|ANANINDEUA,glp,49,31.0,30.0,32.0,30.0,32.0
2008-04,MUN,PA|BELEM,glp,78,32.0,30.0,32.0,29.0,33.0
2008-04,MUN,PA|BRAGANCA,glp,4,37.0,35.6,37.0,35.0,37.0
2008-04,MUN,PA|BREVES,glp,1,32.0,32.0,32.0,32.0,32.0
2008-04,MUN,PA|CAMETA,glp,3,32.0,32.0,32.0,32.0,32.0
2008-04,MUN,PA|CASTANHAL,glp,7,34.0,33.0,34.0,33.0,34.0
2008-04,MUN,PA|CONCEICAO DO ARAGUAIA,glp,2,37.0,37.0,37.0,37.0,37.0
2008-04,MUN,PA|ITAITUBA,glp,7,34.0,33.2,35.0,32.0,35.0
2008-04,MUN,PA|MARABA,glp,1,38.0,38.0,38.0,38.0,38.0
2008-04,MUN,PA|PARAGOMINAS,glp,3,37.0,37.0,37.0,37.0,37.0
2008-04,MUN,PA|PARAUAPEBAS,glp,3,39.0,39.0,39.0,39.0,39.0
2008-04,MUN,PA|REDENCAO,glp,5,38.0,36.0,38.6,36.0,39.0
2008-04,MUN,PA|SANTAREM,glp,21,34.0,34.0,35.0,32.0,36.0
2008-04,MUN,PA|TUCURUI,glp,4,38.0,38.0,38.0,38.0,38.0
2008-04,MUN,PA|XINGUARA,glp,7,39.0,39.0,39.0,39.0,39.0
2008-04,MUN,PB|BAYEUX,glp,4,33.0,33.0,33.0,33.0,33.0
2008-04,MUN,PB|CABEDELO,glp,3,33.0,33.0,34.6,33.0,35.0
2008-04,MUN,PB|CAMPINA GRANDE,glp,20,30.0,28.0,33.0,28.0,35.0
2008-04,MUN,PB|GUARABIRA,glp,1,30.0,30.0,30.0,30.0,30.0
2008-04,MUN,PB|INGA,glp,1,30.0,30.0,30.0,30.0,30.0
2008-04,MUN,PB|JOAO PESSOA,glp,33,33.0,30.2,33.8,30.0,35.0
2008-04,MUN,PB|MAMANGUAPE,glp,2,31.5,30.3,32.7,30.0,33.0
2008-04,MUN,PB|PATOS,glp,5,35.0,33.2,35.0,32.0,35.0
2008-04,MUN,PB|SANTA RITA,glp,4,31.5,30.0,33.0,30.0,33.0
2008-04,MUN,PB|SAPE,glp,1,30.0,30.0,30.0,30.0,30.0
2008-04,MUN,PB|SOUSA,glp,3,33.0,30.6,33.0,30.0,33.0
2008-04,MUN,PE|ABREU E LIMA,glp,7,26.0,25.0,28.0,25.0,28.0
2008-04,MUN,PE|AFOGADOS DA INGAZEIRA,glp,1,30.0,30.0,30.0,30.0,30.0
2008-04,MUN,PE|AGUAS BELAS,glp,1,34.0,34.0,34.0,34.0,34.0
2008-04,MUN,PE|ARARIPINA,glp,1,33.0,33.0,33.0,33.0,33.0
2008-04,MUN,PE|ARCOVERDE,glp,1,34.0,34.0,34.0,34.0,34.0
2008-04,MUN,PE|BELO JARDIM,glp,4,35.0,33.6,35.0,33.0,35.0
2008-04,MUN,PE|BOM CONSELHO,glp,3,32.0,32.0,32.0,32.0,32.0
2008-04,MUN,PE|CABO DE SANTO AGOSTINHO,glp,5,27.0,25.0,28.0,25.0,28.0
2008-04,MUN,PE|CAMARAGIBE,glp,12,29.5,28.0,30.0,27.0,30.0
2008-04,MUN,PE|CARUARU,glp,7,33.0,31.8,33.0,30.0,33.0
2008-04,MUN,PE|GARANHUNS,glp,4,30.0,30.0,30.0,30.0,30.0
2008-04,MUN,PE|GOIANA,glp,2,30.0,30.0,30.0,30.0,30.0
2008-04,MUN,PE|GRAVATA,glp,4,30.0,30.0,30.0,30.0,30.0
2008-04,MUN,PE|IGARASSU,glp,10,28.0,27.8,28.2,26.0,30.0
2008-04,MUN,PE|JABOATAO DOS GUARARAPES,glp,35,28.0,27.4,30.0,26.0,30.0
2008-04,MUN,PE|JUCATI,glp,1,30.0,30.0,30.0,30.0,30.0
2008-04,MUN,PE|LAJEDO,glp,3,30.0,30.0,30.0,30.0,30.0
2008-04,MUN,PE|MORENO,glp,1,30.0,30.0,30.0,30.0,30.0
2008-04,MUN,PE|OLINDA,glp,18,28.0,27.0,29.293,27.0,30.0
2008-04,MUN,PE|PAULISTA,glp,7,28.0,28.0,30.0,28.0,30.0
2008-04,MUN,PE|PETROLINA,glp,3,35.0,35.0,35.0,35.0,35.0
2008-04,MUN,PE|RECIFE,glp,83,28.0,27.0,30.0,27.0,30.0
2008-04,MUN,PE|SALGUEIRO,glp,3,30.0,30.0,30.0,30.0,30.0
2008-04,MUN,PE|SANTA CRUZ DO CAPIBARIBE,glp,4,36.0,36.0,36.0,36.0,36.0
2008-04,MUN,PE|SAO BENTO DO UNA,glp,2,33.5,32.3,34.7,32.0,35.0
2008-04,MUN,PE|SAO LOURENCO DA MATA,glp,12,28.0,28.0,29.899,28.0,30.0
2008-04,MUN,PE|SERRA TALHADA,glp,5,33.0,33.0,33.0,33.0,33.0
2008-04,MUN,PE|VENTUROSA,glp,1,34.0,34.0,34.0,34.0,34.0
2008-04,MUN,PE|VITORIA DE SANTO ANTAO,glp,10,35.0,33.6,35.0,30.0,35.0
2008-04,MUN,PI|BARRAS,glp,1,32.5,32.5,32.5,32.5,32.5
2008-04,MUN,PI|CAMPO MAIOR,glp,4,37.0,37.0,37.0,37.0,37.0
2008-04,MUN,PI|OEIRAS,glp,3,38.0,38.0,38.0,38.0,38.0
2008-04,MUN,PI|PARNAIBA,glp,1,37.0,37.0,37.0,37.0,37.0
2008-04,MUN,PI|PICOS,glp,2,38.0,38.0,38.0,38.0,38.0
2008-04,MUN,PI|PIRIPIRI,glp,3,37.0,37.0,37.0,37.0,37.0
2008-04,MUN,PI|TERESINA,glp,49,35.0,35.0,35.0,35.0,37.0
2008-04,MUN,PR|ALMIRANTE TAMANDARE,glp,9,30.0,29.0,31.2,29.0,32.0
2008-04,MUN,PR|APUCARANA,glp,23,30.0,30.0,31.0,26.9,32.0
2008-04,MUN,PR|ARAPONGAS,glp,27,33.0,32.0,34.0,30.0,36.0
2008-04,MUN,PR|ARAUCARIA,glp,9,30.0,30.0,30.0,30.0,30.0
2008-04,MUN,PR|ASSIS CHATEAUBRIAND,glp,5,32.0,31.94,32.54,31.9,32.9
2008-04,MUN,PR|CAMBE,glp,43,33.0,32.0,35.0,30.0,35.0
2008-04,MUN,PR|CAMPO LARGO,glp,16,30.0,28.75,31.0,28.0,32.0
2008-04,MUN,PR|CAMPO MOURAO,glp,10,33.5,31.8,35.0,30.0,35.0
2008-04,MUN,PR|CASCAVEL,glp,26,33.0,32.0,33.5,29.0,35.0
2008-04,MUN,PR|CASTRO,glp,17,33.0,32.0,34.0,31.5,35.0
2008-04,MUN,PR|CIANORTE,glp,16,35.0,35.0,37.75,34.9,38.0
2008-04,MUN,PR|COLOMBO,glp,29,31.0,29.4,32.0,28.9,33.0
2008-04,MUN,PR|CORNELIO PROCOPIO,glp,8,35.0,35.0,35.0,35.0,35.0
2008-04,MUN,PR|CURITIBA,glp,120,30.0,29.9,32.0,28.0,33.0
2008-04,MUN,PR|FOZ DO IGUACU,glp,43,31.0,29.92,33.8,28.0,35.0
2008-04,MUN,PR|FRANCISCO BELTRAO,glp,9,35.0,32.6,36.2,31.0,37.0
2008-04,MUN,PR|GUARAPUAVA,glp,11,32.0,32.0,33.0,32.0,34.0
2008-04,MUN,PR|LARANJEIRAS DO SUL,glp,7,35.0,35.0,36.36,35.0,36.9
2008-04,MUN,PR|LONDRINA,glp,110,30.0,30.0,33.0,29.0,35.0
2008-04,MUN,PR|MARECHAL CANDIDO RONDON,glp,11,37.0,37.0,37.0,35.0,37.0
2008-04,MUN,PR|MARINGA,glp,34,33.0,31.0,34.0,30.0,36.0
2008-04,MUN,PR|MEDIANEIRA,glp,1,32.0,32.0,32.0,32.0,32.0
2008-04,MUN,PR|PARANAGUA,glp,20,35.0,33.0,35.0,31.0,35.0
2008-04,MUN,PR|PARANAVAI,glp,15,35.0,33.0,35.0,33.0,35.0
2008-04,MUN,PR|PATO BRANCO,glp,9,33.0,32.0,34.2,32.0,35.0
2008-04,MUN,PR|PINHAIS,glp,19,30.0,30.0,32.0,28.0,32.0
2008-04,MUN,PR|PIRAI DO SUL,glp,1,34.0,34.0,34.0,34.0,34.0
2008-04,MUN,PR|PONTA GROSSA,glp,66,32.0,30.0,34.0,30.0,35.0
2008-04,MUN,PR|SANTO ANTONIO DA PLATINA,glp,15,32.0,32.0,34.0,32.0,34.0
2008-04,MUN,PR|SAO JOSE DOS PINHAIS,glp,15,31.0,30.0,32.0,30.0,32.0
2008-04,MUN,PR|SARANDI,glp,1,35.0,35.0,35.0,35.0,35.0
2008-04,MUN,PR|TERRA BOA,glp,1,35.0,35.0,35.0,35.0,35.0
2008-04,MUN,PR|TOLEDO,glp,12,33.0,30.2,35.0,29.9,38.0
2008-04,MUN,PR|UMUARAMA,glp,13,30.0,30.0,32.8,30.0,34.0
2008-04,MUN,PR|UNIAO DA VITORIA,glp,3,32.0,31.04,32.0,30.8,32.0
2008-04,MUN,RJ|ANGRA DOS REIS,glp,4,33.45,31.6,34.67,31.0,35.0
2008-04,MUN,RJ|ARARUAMA,glp,5,32.0,31.4,32.0,31.0,32.0
2008-04,MUN,RJ|ARMACAO DOS BUZIOS,glp,1,33.0,33.0,33.0,33.0,33.0
2008-04,MUN,RJ|BARRA DO PIRAI,glp,4,31.1,30.06,33.4,30.0,34.0
2008-04,MUN,RJ|BARRA MANSA,glp,18,33.0,31.7,35.3,30.0,36.0
2008-04,MUN,RJ|BELFORD ROXO,glp,6,30.0,29.5,31.5,29.0,32.0
2008-04,MUN,RJ|CABO FRIO,glp,4,28.0,26.593,28.7,25.99,29.0
2008-04,MUN,RJ|CAMPOS DOS GOYTACAZES,glp,16,30.0,28.995,33.0,27.9,33.0
2008-04,MUN,RJ|DUQUE DE CAXIAS,glp,29,31.0,30.0,31.2,29.0,33.5
2008-04,MUN,RJ|ITABORAI,glp,3,30.0,30.0,32.4,30.0,33.0
2008-04,MUN,RJ|ITAGUAI,glp,4,30.0,30.0,30.7,30.0,31.0
2008-04,MUN,RJ|ITAPERUNA,glp,4,28.0,27.3,28.0,27.0,28.0
2008-04,MUN,RJ|MACAE,glp,2,32.5,32.1,32.9,32.0,33.0
2008-04,MUN,RJ|MAGE,glp,2,32.0,31.2,32.8,31.0,33.0
2008-04,MUN,RJ|MANGARATIBA,glp,3,31.0,31.0,32.52,31.0,32.9
2008-04,MUN,RJ|MARICA,glp,2,30.0,30.0,30.0,30.0,30.0
2008-04,MUN,RJ|NILOPOLIS,glp,5,30.0,28.796,32.0,28.0,32.0
2008-04,MUN,RJ|NITEROI,glp,6,30.5,30.0,31.0,30.0,31.0
2008-04,MUN,RJ|NOVA FRIBURGO,glp,5,30.0,30.0,32.6,30.0,33.0
2008-04,MUN,RJ|NOVA IGUACU,glp,20,30.0,28.0,31.0,26.99,32.0
2008-04,MUN,RJ|PARAIBA DO SUL,glp,2,31.0,31.0,31.0,31.0,31.0
2008-04,MUN,RJ|PARATY,glp,2,34.45,34.09,34.81,34.0,34.9
2008-04,MUN,RJ|PETROPOLIS,glp,4,32.0,32.0,32.0,32.0,32.0
2008-04,MUN,RJ|RESENDE,glp,6,31.5,27.45,34.0,26.9,35.0
2008-04,MUN,RJ|RIO BONITO,glp,2,31.5,30.3,32.7,30.0,33.0
2008-04,MUN,RJ|RIO DE JANEIRO,glp,86,30.0,28.995,32.0,25.99,34.0
2008-04,MUN,RJ|SANTO ANTONIO DE PADUA,glp,1,35.0,35.0,35.0,35.0,35.0
2008-04,MUN,RJ|SAO FRANCISCO DE ITABAPOANA,glp,1,32.0,32.0,32.0,32.0,32.0
2008-04,MUN,RJ|SAO GONCALO,glp,7,31.0,30.0,32.0,30.0,32.0
2008-04,MUN,RJ|SAO JOAO DE MERITI,glp,7,30.0,29.0,30.0,29.0,30.0
2008-04,MUN,RJ|SAPUCAIA,glp,2,33.0,33.0,33.0,33.0,33.0
2008-04,MUN,RJ|SAQUAREMA,glp,3,30.0,28.4,30.8,28.0,31.0
2008-04,MUN,RJ|TERESOPOLIS,glp,3,33.0,30.6,34.6,30.0,35.0
2008-04,MUN,RJ|TRES RIOS,glp,2,30.5,30.1,30.9,30.0,31.0
2008-04,MUN,RJ|VALENCA,glp,6,33.0,33.0,34.0,33.0,34.0
2008-04,MUN,RJ|VASSOURAS,glp,3,34.0,33.2,34.0,33.0,34.0
2008-04,MUN,RJ|VOLTA REDONDA,glp,7,33.0,30.6,34.2,30.0,36.0
2008-04,MUN,RN|CAICO,glp,3,33.0,33.0,33.0,33.0,33.0
2008-04,MUN,RN|CURRAIS NOVOS,glp,6,33.0,33.0,33.0,33.0,33.0
2008-04,MUN,RN|MOSSORO,glp,3,32.0,30.4,32.0,30.0,32.0
2008-04,MUN,RN|NATAL,glp,14,32.0,30.0,32.0,30.0,32.5
2008-04,MUN,RN|PARNAMIRIM,glp,3,30.0,30.0,30.0,30.0,30.0
2008-04,MUN,RN|SAO JOSE DE MIPIBU,glp,2,32.0,32.0,32.0,32.0,32.0
2008-04,MUN,RN|TIMBAUBA DOS BATISTAS,glp,1,33.0,33.0,33.0,33.0,33.0
2008-04,MUN,RO|ARIQUEMES,glp,14,38.0,38.0,38.0,38.0,38.0
2008-04,MUN,RO|CACOAL,glp,9,38.0,37.4,38.1,37.0,38.5
2008-04,MUN,RO|GUAJARA-MIRIM,glp,4,38.0,38.0,38.0,38.0,38.0
2008-04,MUN,RO|JI-PARANA,glp,17,37.0,37.0,38.0,37.0,38.0
2008-04,MUN,RO|PIMENTA BUENO,glp,4,41.0,41.0,41.0,41.0,41.0
2008-04,MUN,RO|PORTO VELHO,glp,115,34.0,33.0,34.8,33.0,35.0
2008-04,MUN,RO|SAO MIGUEL DO GUAPORE,glp,1,42.0,42.0,42.0,42.0,42.0
2008-04,MUN,RO|VILHENA,glp,8,42.0,42.0,42.0,42.0,42.0
2008-04,MUN,RR|BOA VISTA,glp,25,37.0,36.5,38.0,34.7,39.0
2008-04,MUN,RR|MUCAJAI,glp,1,38.0,38.0,38.0,38.0,38.0
2008-04,MUN,RR|RORAINOPOLIS,glp,1,40.0,40.0,40.0,40.0,40.0
2008-04,MUN,RS|ALEGRETE,glp,13,35.0,33.0,35.0,33.0,35.0
2008-04,MUN,RS|ALVORADA,glp,11,33.0,29.9,33.0,29.9,33.0
2008-04,MUN,RS|BAGE,glp,32,33.0,31.1,35.0,29.0,36.0
2008-04,MUN,RS|BENTO GONCALVES,glp,9,37.5,35.0,39.56,35.0,39.8
2008-04,MUN,RS|CACAPAVA DO SUL,glp,8,36.2,34.25,37.0,32.5,37.0
2008-04,MUN,RS|CACHOEIRA DO SUL,glp,15,35.0,35.0,35.0,33.0,35.0
2008-04,MUN,RS|CACHOEIRINHA,glp,17,32.0,30.0,33.0,30.0,34.0
2008-04,MUN,RS|CANOAS,glp,47,35.0,32.0,35.0,30.0,36.0
2008-04,MUN,RS|CAXIAS DO SUL,glp,41,36.0,35.0,37.0,34.5,39.0
2008-04,MUN,RS|CHUI,glp,2,31.0,31.0,31.0,31.0,31.0
2008-04,MUN,RS|CRUZ ALTA,glp,5,31.0,31.0,38.2,31.0,39.0
2008-04,MUN,RS|CRUZEIRO DO SUL,glp,1,34.0,34.0,34.0,34.0,34.0
2008-04,MUN,RS|ERECHIM,glp,18,37.75,37.35,40.5,36.99,41.0
2008-04,MUN,RS|ESTEIO,glp,12,34.0,34.0,35.0,33.0,36.0
2008-04,MUN,RS|FARROUPILHA,glp,1,36.0,36.0,36.0,36.0,36.0
2008-04,MUN,RS|GRAMADO,glp,3,36.0,36.0,36.0,36.0,36.0
2008-04,MUN,RS|GRAVATAI,glp,30,31.0,30.0,34.0,30.0,34.0
2008-04,MUN,RS|GUAIBA,glp,11,33.0,32.0,33.9,32.0,34.0
2008-04,MUN,RS|IJUI,glp,8,34.0,32.0,35.0,32.0,35.0
2008-04,MUN,RS|IMBE,glp,1,35.0,35.0,35.0,35.0,35.0
2008-04,MUN,RS|JAGUARAO,glp,9,32.0,32.0,32.0,32.0,32.0
2008-04,MUN,RS|LAJEADO,glp,5,34.0,34.0,35.2,34.0,36.0
2008-04,MUN,RS|NOVA SANTA RITA,glp,1,33.0,33.0,33.0,33.0,33.0
2008-04,MUN,RS|NOVO HAMBURGO,glp,25,32.0,30.0,34.0,30.0,34.5
2008-04,MUN,RS|OSORIO,glp,8,36.0,35.0,37.0,35.0,37.0
2008-04,MUN,RS|PALMEIRA DAS MISSOES,glp,6,34.0,34.0,35.0,34.0,35.0
2008-04,MUN,RS|PASSO FUNDO,glp,55,36.0,34.4,37.8,33.0,38.0
2008-04,MUN,RS|PELOTAS,glp,45,32.0,30.4,33.0,30.0,33.0
2008-04,MUN,RS|PORTO ALEGRE,glp,47,34.0,32.6,34.94,32.0,35.0
2008-04,MUN,RS|RIO GRANDE,glp,44,30.0,30.0,33.0,30.0,35.0
2008-04,MUN,RS|SANTA CRUZ DO SUL,glp,17,35.0,35.0,36.0,34.0,36.0
2008-04,MUN,RS|SANTA MARIA,glp,39,34.0,32.9,35.0,32.0,38.0
2008-04,MUN,RS|SANTA ROSA,glp,9,35.0,33.8,36.0,33.0,36.0
2008-04,MUN,RS|SANTA VITORIA DO PALMAR,glp,7,34.0,32.0,34.0,32.0,34.0
2008-04,MUN,RS|SANTANA DO LIVRAMENTO,glp,14,34.0,34.0,34.0,34.0,39.0
2008-04,MUN,RS|SANTO ANGELO,glp,11,37.0,36.0,37.0,35.0,38.0
2008-04,MUN,RS|SAO BORJA,glp,3,35.0,35.0,35.0,35.0,35.0
2008-04,MUN,RS|SAO GABRIEL,glp,10,39.0,38.15,39.15,35.0,40.5
2008-04,MUN,RS|SAO LEOPOLDO,glp,19,34.0,32.0,34.2,30.0,35.0
2008-04,MUN,RS|SAO LUIZ GONZAGA,glp,5,37.0,37.0,39.0,37.0,39.0
2008-04,MUN,RS|SAPIRANGA,glp,10,34.0,33.9,35.0,33.0,35.0
2008-04,MUN,RS|SAPUCAIA DO SUL,glp,27,34.0,34.0,35.0,33.0,35.0
2008-04,MUN,RS|TORRES,glp,5,38.0,35.0,38.0,35.0,38.0
2008-04,MUN,RS|TRAMANDAI,glp,7,35.0,35.0,35.4,35.0,36.0
2008-04,MUN,RS|URUGUAIANA,glp,11,37.0,35.0,37.0,35.0,37.0
2008-04,MUN,RS|VACARIA,glp,7,34.0,34.0,34.46,34.0,35.0
2008-04,MUN,RS|VIAMAO,glp,23,34.0,33.0,34.8,29.0,37.0
2008-04,MUN,SC|ARARANGUA,glp,4,38.0,38.0,38.0,38.0,38.0
2008-04,MUN,SC|BALNEARIO CAMBORIU,glp,1,37.0,37.0,37.0,37.0,37.0
2008-04,MUN,SC|BIGUACU,glp,1,36.0,36.0,36.0,36.0,36.0
2008-04,MUN,SC|BLUMENAU,glp,41,38.0,36.0,40.0,34.0,42.0
2008-04,MUN,SC|BOMBINHAS,glp,1,33.0,33.0,33.0,33.0,33.0
2008-04,MUN,SC|BRUSQUE,glp,4,34.5,34.0,37.03,34.0,37.9
2008-04,MUN,SC|CACADOR,glp,3,38.0,36.4,38.0,36.0,38.0
2008-04,MUN,SC|CHAPECO,glp,21,35.0,35.0,36.5,34.5,38.0
2008-04,MUN,SC|CONCORDIA,glp,7,35.0,35.0,38.2,35.0,40.0
2008-04,MUN,SC|CRICIUMA,glp,9,37.0,35.0,40.0,35.0,40.0
2008-04,MUN,SC|FLORIANOPOLIS,glp,54,37.0,34.0,39.0,33.0,40.0
2008-04,MUN,SC|ITAJAI,glp,42,33.5,32.0,36.9,30.0,39.99
2008-04,MUN,SC|JARAGUA DO SUL,glp,4,36.0,35.3,36.35,35.0,36.5
2008-04,MUN,SC|JOINVILLE,glp,99,38.0,36.9,39.0,34.0,42.0
2008-04,MUN,SC|LAGES,glp,6,36.0,35.0,37.0,35.0,37.0
2008-04,MUN,SC|LAGUNA,glp,4,34.0,34.0,34.7,34.0,35.0
2008-04,MUN,SC|MAFRA,glp,4,32.95,31.57,33.0,31.0,33.0
2008-04,MUN,SC|PALHOCA,glp,20,35.0,32.9,36.0,30.0,36.0
2008-04,MUN,SC|SAO JOSE,glp,18,35.0,35.0,37.0,34.8,39.0
2008-04,MUN,SC|SAO MIGUEL DO OESTE,glp,6,33.0,32.0,36.49,32.0,37.98
2008-04,MUN,SC|TIJUCAS,glp,1,35.0,35.0,35.0,35.0,35.0
2008-04,MUN,SC|TUBARAO,glp,11,33.0,33.0,35.0,32.0,35.0
2008-04,MUN,SC|VIDEIRA,glp,5,35.0,32.0,35.0,32.0,35.0
2008-04,MUN,SC|XANXERE,glp,9,38.0,36.8,38.0,36.0,38.0
2008-04,MUN,SE|ARACAJU,glp,17,33.0,30.0,34.0,30.0,34.0
2008-04,MUN,SE|ITABAIANA,glp,4,32.85,30.81,33.7,30.0,34.0
2008-04,MUN,SE|ITABAIANINHA,glp,1,33.0,33.0,33.0,33.0,33.0
2008-04,MUN,SE|LAGARTO,glp,4,32.0,30.6,32.0,30.0,32.0
2008-04,MUN,SE|NOSSA SENHORA DO SOCORRO,glp,4,34.0,33.3,34.7,33.0,35.0
2008-04,MUN,SE|SIMAO DIAS,glp,1,30.0,30.0,30.0,30.0,30.0
2008-04,MUN,SE|TOBIAS BARRETO,glp,3,34.0,34.0,34.0,34.0,34.0
2008-04,MUN,SP|ADAMANTINA,glp,10,33.0,33.0,33.0,33.0,33.0
2008-04,MUN,SP|AMERICANA,glp,30,34.0,34.0,35.0,28.9,36.0
2008-04,MUN,SP|AMPARO,glp,5,33.0,31.94,35.0,31.9,35.0
2008-04,MUN,SP|APIAI,glp,2,34.0,34.0,34.0,34.0,34.0
2008-04,MUN,SP|ARACATUBA,glp,34,32.0,30.0,32.0,30.0,32.0
2008-04,MUN,SP|ARARAQUARA,glp,15,31.0,30.0,33.6,28.0,34.0
2008-04,MUN,SP|ARARAS,glp,2,32.0,32.0,32.0,32.0,32.0
2008-04,MUN,SP|ASSIS,glp,10,32.0,31.8,32.0,30.0,32.0
2008-04,MUN,SP|ATIBAIA,glp,20,32.0,30.0,33.0,29.5,34.0
2008-04,MUN,SP|AVARE,glp,7,37.0,36.6,37.7,36.0,38.0
2008-04,MUN,SP|BARRETOS,glp,13,30.0,30.0,30.0,29.0,30.0
2008-04,MUN,SP|BARUERI,glp,17,32.0,28.6,33.4,27.99,34.0
2008-04,MUN,SP|BAURU,glp,31,34.0,30.0,35.0,30.0,36.0
2008-04,MUN,SP|BEBEDOURO,glp,10,29.95,26.99,32.1,26.9,33.0
2008-04,MUN,SP|BIRIGUI,glp,24,32.0,30.0,33.0,30.0,33.0
2008-04,MUN,SP|BORACEIA,glp,1,36.0,36.0,36.0,36.0,36.0
2008-04,MUN,SP|BOTUCATU,glp,16,32.0,31.9,32.0,30.0,32.0
2008-04,MUN,SP|BRAGANCA PAULISTA,glp,28,30.0,26.963,32.0,25.0,33.0
2008-04,MUN,SP|CACAPAVA,glp,15,32.0,30.0,33.6,25.99,34.0
2008-04,MUN,SP|CAMPINAS,glp,50,30.0,29.81,33.09,27.99,35.0
2008-04,MUN,SP|CAMPOS DO JORDAO,glp,10,28.0,26.9,32.2,26.0,34.0
2008-04,MUN,SP|CAPAO BONITO,glp,4,33.0,32.3,33.0,32.0,33.0
2008-04,MUN,SP|CARAGUATATUBA,glp,7,34.0,32.0,34.396,32.0,34.99
2008-04,MUN,SP|CARAPICUIBA,glp,16,31.5,25.0,32.495,25.0,32.99
2008-04,MUN,SP|CATANDUVA,glp,16,31.0,29.0,32.0,29.0,33.0
2008-04,MUN,SP|COSMOPOLIS,glp,5,35.99,34.796,36.0,34.0,36.0
2008-04,MUN,SP|COTIA,glp,11,32.0,30.0,32.0,30.0,33.9
2008-04,MUN,SP|CRUZEIRO,glp,15,30.0,29.396,32.0,29.0,32.0
2008-04,MUN,SP|CUBATAO,glp,3,31.0,30.2,31.8,30.0,32.0
2008-04,MUN,SP|DIADEMA,glp,19,31.0,28.99,33.0,28.99,33.5
2008-04,MUN,SP|DRACENA,glp,9,35.0,33.0,36.4,33.0,38.0
2008-04,MUN,SP|EMBU DAS ARTES,glp,4,31.9,31.9,31.97,31.9,32.0
2008-04,MUN,SP|FERRAZ DE VASCONCELOS,glp,10,30.0,30.0,31.0,30.0,31.0
2008-04,MUN,SP|FRANCA,glp,22,32.0,28.09,33.0,28.0,35.0
2008-04,MUN,SP|FRANCISCO MORATO,glp,16,31.95,30.0,32.0,29.9,32.0
2008-04,MUN,SP|FRANCO DA ROCHA,glp,5,31.9,30.0,32.0,30.0,32.0
2008-04,MUN,SP|GARCA,glp,8,33.0,33.0,33.0,33.0,33.0
2008-04,MUN,SP|GUARATINGUETA,glp,12,28.25,28.0,30.0,27.0,33.0
2008-04,MUN,SP|GUARUJA,glp,5,35.5,35.0,35.5,35.0,35.5
2008-04,MUN,SP|GUARULHOS,glp,61,31.0,30.0,32.5,28.0,33.9
2008-04,MUN,SP|HORTOLANDIA,glp,26,31.998,30.0,32.5,28.99,33.0
2008-04,MUN,SP|IBITINGA,glp,8,30.0,30.0,33.0,30.0,33.0
2008-04,MUN,SP|INDAIATUBA,glp,33,35.0,33.4,35.0,33.0,35.0
2008-04,MUN,SP|ITANHAEM,glp,12,34.5,32.0,35.9,32.0,36.0
2008-04,MUN,SP|ITAPECERICA DA SERRA,glp,6,30.0,28.945,30.995,27.9,31.0
2008-04,MUN,SP|ITAPETININGA,glp,16,32.0,30.0,32.5,29.0,33.0
2008-04,MUN,SP|ITAPEVA,glp,5,32.0,31.4,32.0,31.0,32.0
2008-04,MUN,SP|ITAPEVI,glp,5,29.99,27.396,31.6,27.0,32.0
2008-04,MUN,SP|ITAPIRA,glp,4,31.0,30.3,31.7,30.0,32.0
2008-04,MUN,SP|ITAPOLIS,glp,15,30.0,30.0,31.8,30.0,33.0
2008-04,MUN,SP|ITAQUAQUECETUBA,glp,13,32.0,30.0,33.0,30.0,33.0
2008-04,MUN,SP|ITATIBA,glp,11,32.0,32.0,33.0,32.0,33.0
2008-04,MUN,SP|ITU,glp,11,30.0,29.0,33.0,29.0,33.0
2008-04,MUN,SP|JABOTICABAL,glp,12,32.0,32.0,33.0,32.0,33.0
2008-04,MUN,SP|JACAREI,glp,9,29.99,27.99,32.0,27.99,32.0
2008-04,MUN,SP|JALES,glp,8,32.95,32.0,33.6,32.0,35.0
2008-04,MUN,SP|JANDIRA,glp,8,29.495,27.393,31.0,26.0,31.0
2008-04,MUN,SP|JAU,glp,8,30.0,30.0,30.3,30.0,31.0
2008-04,MUN,SP|JOSE BONIFACIO,glp,13,32.0,30.0,32.0,30.0,32.0
2008-04,MUN,SP|JUNDIAI,glp,17,30.0,27.6,33.0,25.99,34.0
2008-04,MUN,SP|LEME,glp,18,32.0,32.0,32.0,29.99,33.0
2008-04,MUN,SP|LIMEIRA,glp,17,31.0,29.99,35.0,29.9,35.0
2008-04,MUN,SP|LINS,glp,19,30.0,30.0,32.0,30.0,32.0
2008-04,MUN,SP|LORENA,glp,15,29.0,28.0,30.0,27.0,30.0
2008-04,MUN,SP|MARILIA,glp,13,30.0,30.0,30.8,30.0,32.0
2008-04,MUN,SP|MATAO,glp,8,32.5,30.8,33.0,28.0,33.0
2008-04,MUN,SP|MAUA,glp,27,33.0,30.6,34.0,29.99,34.0
2008-04,MUN,SP|MIRASSOL,glp,10,30.0,29.8,30.1,28.0,31.0
2008-04,MUN,SP|MOCOCA,glp,12,35.0,35.0,35.0,34.0,35.0
2008-04,MUN,SP|MOGI DAS CRUZES,glp,35,34.0,32.0,35.0,27.99,38.0
2008-04,MUN,SP|MOGI GUACU,glp,12,30.0,30.0,30.0,30.0,32.0
2008-04,MUN,SP|MOGI MIRIM,glp,9,30.0,29.2,30.0,26.0,30.0
2008-04,MUN,SP|MONTE ALTO,glp,7,33.0,32.6,34.0,32.0,34.0
2008-04,MUN,SP|OLIMPIA,glp,8,30.0,30.0,30.3,30.0,31.0
2008-04,MUN,SP|OSASCO,glp,45,31.0,28.99,32.99,27.99,33.0
2008-04,MUN,SP|OURINHOS,glp,19,33.0,32.0,34.0,31.0,34.0
2008-04,MUN,SP|PARAGUACU PAULISTA,glp,11,32.0,32.0,32.0,31.0,32.0
2008-04,MUN,SP|PAULICEIA,glp,1,33.0,33.0,33.0,33.0,33.0
2008-04,MUN,SP|PAULINIA,glp,13,31.0,28.0,32.8,27.0,33.0
2008-04,MUN,SP|PINDAMONHANGABA,glp,22,30.0,27.991,32.95,26.0,33.0
2008-04,MUN,SP|PIRACICABA,glp,33,32.0,30.0,33.0,28.0,35.0
2008-04,MUN,SP|PIRASSUNUNGA,glp,7,32.0,31.8,32.4,31.5,33.0
2008-04,MUN,SP|PITANGUEIRAS,glp,1,30.0,30.0,30.0,30.0,30.0
2008-04,MUN,SP|POA,glp,8,31.0,30.7,32.0,30.0,32.0
2008-04,MUN,SP|PORTO FERREIRA,glp,6,30.0,30.0,32.0,30.0,32.0
2008-04,MUN,SP|PRAIA GRANDE,glp,9,33.0,31.978,34.2,31.89,35.0
2008-04,MUN,SP|PRESIDENTE PRUDENTE,glp,40,34.0,30.0,35.0,30.0,36.0
2008-04,MUN,SP|PRESIDENTE VENCESLAU,glp,9,30.0,30.0,30.0,30.0,30.0
2008-04,MUN,SP|RIBEIRAO PIRES,glp,12,33.0,30.2,33.0,29.99,34.0
2008-04,MUN,SP|RIBEIRAO PRETO,glp,99,32.0,30.0,34.0,29.0,35.0
2008-04,MUN,SP|RIO CLARO,glp,7,30.0,30.0,30.8,30.0,32.0
2008-04,MUN,SP|SALTO,glp,17,32.0,30.6,32.4,30.0,33.0
2008-04,MUN,SP|SANTA BARBARA D'OESTE,glp,21,34.0,34.0,35.0,34.0,35.0
2008-04,MUN,SP|SANTA CRUZ DO RIO PARDO,glp,9,33.0,32.0,33.1,32.0,33.5
2008-04,MUN,SP|SANTO ANDRE,glp,38,33.0,29.997,35.0,29.99,36.5
2008-04,MUN,SP|SANTOS,glp,12,32.0,29.99,33.0,29.9,34.0
2008-04,MUN,SP|SAO BERNARDO DO CAMPO,glp,36,33.0,30.5,34.25,29.99,35.0
2008-04,MUN,SP|SAO CAETANO DO SUL,glp,4,31.5,30.293,33.344,29.99,33.92
2008-04,MUN,SP|SAO CARLOS,glp,17,31.0,29.54,35.4,28.9,36.0
2008-04,MUN,SP|SAO JOAO DA BOA VISTA,glp,9,33.0,32.8,33.0,32.0,33.0
2008-04,MUN,SP|SAO JOAQUIM DA BARRA,glp,10,32.0,31.71,32.0,30.0,32.0
2008-04,MUN,SP|SAO JOSE DO RIO PRETO,glp,48,32.0,32.0,33.0,30.0,33.0
2008-04,MUN,SP|SAO JOSE DOS CAMPOS,glp,85,31.0,29.396,34.0,25.0,35.0
2008-04,MUN,SP|SAO PAULO,glp,213,31.0,28.99,33.0,27.0,36.0
2008-04,MUN,SP|SAO ROQUE,glp,7,31.0,29.8,31.94,28.0,32.0
2008-04,MUN,SP|SAO VICENTE,glp,23,30.75,27.99,33.0,27.9,35.0
2008-04,MUN,SP|SERTAOZINHO,glp,21,32.0,30.0,32.0,29.0,35.0
2008-04,MUN,SP|SOROCABA,glp,37,30.0,29.954,32.0,28.9,33.0
2008-04,MUN,SP|SUMARE,glp,26,32.0,30.0,34.0,29.99,34.0
2008-04,MUN,SP|SUZANO,glp,20,32.0,29.791,32.0,26.99,32.0
2008-04,MUN,SP|TABOAO DA SERRA,glp,6,29.495,28.99,32.0,28.99,33.0
2008-04,MUN,SP|TATUI,glp,7,33.0,30.6,33.4,30.0,34.0
2008-04,MUN,SP|TAUBATE,glp,41,28.0,25.99,30.0,25.0,30.0
2008-04,MUN,SP|TUPA,glp,6,30.5,29.9,31.0,29.9,31.0
2008-04,MUN,SP|UBATUBA,glp,10,30.0,29.99,33.2,29.9,35.0
2008-04,MUN,SP|VALINHOS,glp,8,33.5,32.0,34.0,32.0,34.0
2008-04,MUN,SP|VARZEA PAULISTA,glp,11,30.0,30.0,30.0,27.99,33.0
2008-04,MUN,SP|VINHEDO,glp,5,33.0,31.99,33.6,31.99,34.0
2008-04,MUN,SP|VOTORANTIM,glp,18,30.0,28.697,31.3,27.99,32.0
2008-04,MUN,SP|VOTUPORANGA,glp,15,31.0,30.0,32.6,30.0,33.0
2008-04,MUN,TO|ARAGUAINA,glp,12,40.0,40.0,40.0,40.0,40.0
2008-04,MUN,TO|COMBINADO,glp,1,37.0,37.0,37.0,37.0,37.0
2008-04,MUN,TO|DIANOPOLIS,glp,6,35.0,35.0,36.0,35.0,36.0
2008-04,MUN,TO|GURUPI,glp,57,35.0,35.0,36.0,35.0,36.0
2008-04,MUN,TO|PALMAS,glp,29,36.0,35.0,37.0,35.0,37.0
2008-04,MUN,TO|PARAISO DO TOCANTINS,glp,13,37.0,37.0,37.0,37.0,37.0
2008-04,MUN,TO|PORTO NACIONAL,glp,9,37.0,37.0,37.0,37.0,37.0
2008-04,MUN,TO|TAGUATINGA,glp,1,37.0,37.0,37.0,37.0,37.0
2008-04,UF,AC,glp,94,38.0,37.0,40.0,34.0,46.0
2008-04,UF,AL,glp,31,32.0,30.0,33.0,30.0,35.0
2008-04,UF,AM,glp,337,32.0,31.0,34.0,30.0,38.0
2008-04,UF,AP,glp,23,34.0,34.0,37.0,34.0,47.0
2008-04,UF,BA,glp,319,32.5,28.0,35.0,25.0,38.5
2008-04,UF,CE,glp,217,35.0,32.0,36.0,28.0,37.0
2008-04,UF,DF,glp,128,38.0,34.693,39.0,30.0,39.02
2008-04,UF,ES,glp,133,33.9,31.2,35.0,27.0,37.0
2008-04,UF,GO,glp,875,33.0,31.0,36.0,29.0,39.0
2008-04,UF,MA,glp,119,36.5,34.0,37.1,31.5,38.0
2008-04,UF,MG,glp,1222,35.0,32.0,36.0,25.0,40.0
2008-04,UF,MS,glp,308,35.0,32.0,40.5,28.0,43.0
2008-04,UF,MT,glp,88,40.0,38.0,42.0,38.0,42.0
2008-04,UF,PA,glp,210,32.0,30.0,37.0,29.0,39.0
2008-04,UF,PB,glp,77,33.0,30.0,35.0,28.0,35.0
2008-04,UF,PE,glp,250,28.0,27.0,33.0,25.0,36.0
2008-04,UF,PI,glp,63,35.0,35.0,37.0,32.5,38.0
2008-04,UF,PR,glp,774,32.0,30.0,35.0,26.9,38.0
2008-04,UF,RJ,glp,287,31.0,29.0,33.0,25.99,36.0
2008-04,UF,RN,glp,32,32.0,30.0,33.0,30.0,33.0
2008-04,UF,RO,glp,172,34.0,33.0,38.0,33.0,42.0
2008-04,UF,RR,glp,27,37.0,36.5,38.1,34.7,40.0
2008-04,UF,RS,glp,754,34.0,31.0,37.0,29.0,41.0
2008-04,UF,SC,glp,375,37.0,33.0,39.0,30.0,42.0
2008-04,UF,SE,glp,34,33.0,30.0,34.0,30.0,35.0
2008-04,UF,SP,glp,2170,32.0,29.0,34.0,25.0,38.0
2008-04,UF,TO,glp,128,36.0,35.0,37.0,35.0,40.0
2008-05,BR,BR,glp,9182,33.0,30.0,37.0,25.0,47.0
2008-05,MUN,AC|BUJARI,glp,1,38.5,38.5,38.5,38.5,38.5
2008-05,MUN,AC|CRUZEIRO DO SUL,glp,1,46.0,46.0,46.0,46.0,46.0
2008-05,MUN,AC|RIO BRANCO,glp,83,38.0,37.0,39.0,36.0,40.0
2008-05,MUN,AC|SENA MADUREIRA,glp,3,40.0,40.0,40.0,40.0,40.0
2008-05,MUN,AC|SENADOR GUIOMARD,glp,1,34.0,34.0,34.0,34.0,34.0
2008-05,MUN,AC|TARAUACA,glp,2,45.0,45.0,45.0,45.0,45.0
2008-05,MUN,AC|XAPURI,glp,3,41.5,41.1,41.9,41.0,42.0
2008-05,MUN,AL|ARAPIRACA,glp,4,30.0,30.0,30.0,30.0,30.0
2008-05,MUN,AL|DELMIRO GOUVEIA,glp,1,32.0,32.0,32.0,32.0,32.0
2008-05,MUN,AL|IGACI,glp,1,32.0,32.0,32.0,32.0,32.0
2008-05,MUN,AL|MACEIO,glp,14,32.0,30.0,33.0,30.0,33.0
2008-05,MUN,AL|MARECHAL DEODORO,glp,1,32.0,32.0,32.0,32.0,32.0
2008-05,MUN,AL|PALMEIRA DOS INDIOS,glp,5,31.0,30.0,33.2,30.0,34.0
2008-05,MUN,AL|RIO LARGO,glp,3,32.0,30.4,32.0,30.0,32.0
2008-05,MUN,AL|SANTANA DO IPANEMA,glp,2,32.0,32.0,32.0,32.0,32.0
2008-05,MUN,AM|HUMAITA,glp,2,38.0,38.0,38.0,38.0,38.0
2008-05,MUN,AM|ITACOATIARA,glp,5,34.0,33.0,34.0,33.0,34.0
2008-05,MUN,AM|MANACAPURU,glp,2,33.0,33.0,33.0,33.0,33.0
2008-05,MUN,AM|MANAUS,glp,319,32.5,31.0,34.0,30.0,36.0
2008-05,MUN,AM|PARINTINS,glp,2,34.5,34.1,34.9,34.0,35.0
2008-05,MUN,AM|PRESIDENTE FIGUEIREDO,glp,1,37.0,37.0,37.0,37.0,37.0
2008-05,MUN,AP|CALCOENE,glp,1,37.0,37.0,37.0,37.0,37.0
2008-05,MUN,AP|LARANJAL DO JARI,glp,1,37.0,37.0,37.0,37.0,37.0
2008-05,MUN,AP|MACAPA,glp,15,35.0,35.0,35.0,34.0,35.0
2008-05,MUN,AP|OIAPOQUE,glp,2,47.0,47.0,47.0,47.0,47.0
2008-05,MUN,AP|SANTANA,glp,4,35.5,35.0,36.0,35.0,36.0
2008-05,MUN,BA|ALAGOINHAS,glp,4,35.0,35.0,35.0,35.0,35.0
2008-05,MUN,BA|BARRA,glp,3,31.0,30.2,31.8,30.0,32.0
2008-05,MUN,BA|BARREIRAS,glp,10,36.0,36.0,36.0,36.0,36.0
2008-05,MUN,BA|BRUMADO,glp,6,32.5,31.0,33.0,30.0,33.0
2008-05,MUN,BA|CAETITE,glp,6,30.0,30.0,30.0,30.0,30.0
2008-05,MUN,BA|CAMACARI,glp,8,38.25,37.1,38.5,35.0,38.5
2008-05,MUN,BA|CAMPO FORMOSO,glp,3,35.0,35.0,35.0,35.0,35.0
2008-05,MUN,BA|CANDEIAS,glp,5,33.0,30.4,33.0,30.0,33.0
2008-05,MUN,BA|CAPIM GROSSO,glp,1,35.0,35.0,35.0,35.0,35.0
2008-05,MUN,BA|EUNAPOLIS,glp,6,35.0,35.0,35.0,35.0,35.0
2008-05,MUN,BA|FEIRA DE SANTANA,glp,8,35.0,33.2,35.5,29.0,35.5
2008-05,MUN,BA|GUANAMBI,glp,12,30.0,30.0,30.0,30.0,30.0
2008-05,MUN,BA|ILHEUS,glp,9,36.0,36.0,36.0,36.0,36.0
2008-05,MUN,BA|IPIRA,glp,5,35.0,35.0,35.0,35.0,35.0
2008-05,MUN,BA|IRECE,glp,5,30.0,30.0,30.0,30.0,30.0
2008-05,MUN,BA|ITABUNA,glp,8,35.0,35.0,35.0,35.0,35.0
2008-05,MUN,BA|ITAMARAJU,glp,4,33.0,33.0,33.0,33.0,33.0
2008-05,MUN,BA|JACOBINA,glp,5,35.0,35.0,35.0,35.0,35.0
2008-05,MUN,BA|JAGUAQUARA,glp,9,30.0,30.0,31.0,30.0,35.0
2008-05,MUN,BA|JEQUIE,glp,4,33.0,30.9,33.0,30.0,33.0
2008-05,MUN,BA|JUAZEIRO,glp,4,35.0,35.0,35.0,35.0,35.0
2008-05,MUN,BA|LAURO DE FREITAS,glp,11,29.745,28.5,32.0,27.495,32.0
2008-05,MUN,BA|LIVRAMENTO DE NOSSA SENHORA,glp,1,30.0,30.0,30.0,30.0,30.0
2008-05,MUN,BA|PAULO AFONSO,glp,5,33.0,33.0,33.8,33.0,34.0
2008-05,MUN,BA|POCOES,glp,4,32.0,32.0,33.4,32.0,34.0
2008-05,MUN,BA|PORTO SEGURO,glp,9,35.0,35.0,35.0,35.0,35.0
2008-05,MUN,BA|RUY BARBOSA,glp,3,33.0,33.0,33.0,33.0,33.0
2008-05,MUN,BA|SALVADOR,glp,129,31.45,28.5,34.0,26.0,34.5
2008-05,MUN,BA|SANTO ANTONIO DE JESUS,glp,8,32.5,30.0,33.0,30.0,33.0
2008-05,MUN,BA|SENHOR DO BONFIM,glp,4,35.0,35.0,35.0,35.0,35.0
2008-05,MUN,BA|SERRINHA,glp,3,35.0,35.0,35.0,35.0,35.0
2008-05,MUN,BA|SIMOES FILHO,glp,6,33.0,31.5,35.25,30.0,35.5
2008-05,MUN,BA|TEIXEIRA DE FREITAS,glp,5,33.0,32.4,34.2,32.0,35.0
2008-05,MUN,BA|URANDI,glp,1,30.0,30.0,30.0,30.0,30.0
2008-05,MUN,BA|VALENCA,glp,4,33.0,33.0,33.7,33.0,34.0
2008-05,MUN,BA|VITORIA DA CONQUISTA,glp,2,33.5,33.5,33.5,33.5,33.5
2008-05,MUN,CE|ARACOIABA,glp,1,33.0,33.0,33.0,33.0,33.0
2008-05,MUN,CE|BEBERIBE,glp,1,32.0,32.0,32.0,32.0,32.0
2008-05,MUN,CE|CANINDE,glp,2,32.5,32.1,32.9,32.0,33.0
2008-05,MUN,CE|CAUCAIA,glp,34,35.0,35.0,36.0,33.0,36.0
2008-05,MUN,CE|CRATEUS,glp,3,32.0,30.8,32.0,30.5,32.0
2008-05,MUN,CE|CRATO,glp,8,32.0,31.05,32.3,30.0,33.0
2008-05,MUN,CE|FORTALEZA,glp,124,35.0,33.0,36.0,31.5,37.0
2008-05,MUN,CE|ICO,glp,2,32.0,32.0,32.0,32.0,32.0
2008-05,MUN,CE|IGUATU,glp,4,33.0,30.9,33.0,30.0,33.0
2008-05,MUN,CE|INDEPENDENCIA,glp,1,32.0,32.0,32.0,32.0,32.0
2008-05,MUN,CE|IPU,glp,3,34.0,34.0,34.0,34.0,34.0
2008-05,MUN,CE|ITAPIPOCA,glp,3,30.0,30.0,30.0,30.0,30.0
2008-05,MUN,CE|JUAZEIRO DO NORTE,glp,6,32.0,31.5,32.0,31.0,32.0
2008-05,MUN,CE|LIMOEIRO DO NORTE,glp,3,34.0,32.4,34.0,32.0,34.0
2008-05,MUN,CE|MARACANAU,glp,6,35.0,33.0,36.0,32.5,36.0
2008-05,MUN,CE|MORADA NOVA,glp,4,33.5,33.0,34.0,33.0,34.0
2008-05,MUN,CE|PEDRA BRANCA,glp,2,31.0,31.0,31.0,31.0,31.0
2008-05,MUN,CE|QUIXADA,glp,5,34.0,32.4,34.0,32.0,34.0
2008-05,MUN,CE|SAO GONCALO DO AMARANTE,glp,1,33.0,33.0,33.0,33.0,33.0
2008-05,MUN,CE|SOBRAL,glp,3,33.0,33.0,33.0,33.0,33.0
2008-05,MUN,DF|BRASILIA,glp,128,38.0,35.0,39.0,30.0,39.51
2008-05,MUN,ES|ARACRUZ,glp,6,34.0,31.0,34.5,30.0,35.0
2008-05,MUN,ES|BARRA DE SAO FRANCISCO,glp,6,30.0,30.0,33.5,30.0,35.0
2008-05,MUN,ES|CACHOEIRO DE ITAPEMIRIM,glp,12,32.5,30.05,33.0,30.0,33.0
2008-05,MUN,ES|CARIACICA,glp,16,35.0,32.495,36.0,30.0,37.0
2008-05,MUN,ES|CASTELO,glp,2,32.5,32.1,32.9,32.0,33.0
2008-05,MUN,ES|COLATINA,glp,7,33.0,31.4,35.0,30.5,35.0
2008-05,MUN,ES|GUARAPARI,glp,6,34.5,31.0,35.5,30.0,36.0
2008-05,MUN,ES|ITAPEMIRIM,glp,1,33.0,33.0,33.0,33.0,33.0
2008-05,MUN,ES|JAGUARE,glp,3,33.9,33.18,33.98,33.0,34.0
2008-05,MUN,ES|LINHARES,glp,11,35.0,35.0,35.0,34.0,35.0
2008-05,MUN,ES|NOVA VENECIA,glp,1,27.0,27.0,27.0,27.0,27.0
2008-05,MUN,ES|PIUMA,glp,1,36.0,36.0,36.0,36.0,36.0
2008-05,MUN,ES|SAO MATEUS,glp,8,33.0,33.0,34.0,33.0,34.0
2008-05,MUN,ES|SERRA,glp,37,34.0,32.0,35.0,32.0,35.0
2008-05,MUN,ES|VILA VELHA,glp,13,34.0,32.1,34.0,32.0,35.0
2008-05,MUN,ES|VITORIA,glp,4,35.5,35.15,36.55,35.0,37.0
2008-05,MUN,GO|AGUAS LINDAS DE GOIAS,glp,7,35.0,34.0,35.0,34.0,35.0
2008-05,MUN,GO|ANAPOLIS,glp,101,32.0,31.0,33.0,29.9,34.0
2008-05,MUN,GO|APARECIDA DE GOIANIA,glp,105,32.0,32.0,33.0,30.0,33.0
2008-05,MUN,GO|BELA VISTA DE GOIAS,glp,1,32.0,32.0,32.0,32.0,32.0
2008-05,MUN,GO|CALDAS NOVAS,glp,38,34.0,33.0,35.15,32.0,38.0
2008-05,MUN,GO|CATALAO,glp,14,30.0,30.0,30.7,30.0,31.0
2008-05,MUN,GO|FORMOSA,glp,36,37.0,37.0,37.0,37.0,37.0
2008-05,MUN,GO|GOIANIA,glp,298,32.0,31.0,33.0,30.0,34.0
2008-05,MUN,GO|GOIATUBA,glp,11,34.0,32.0,34.0,31.0,34.0
2008-05,MUN,GO|ITUMBIARA,glp,18,33.0,33.0,33.0,33.0,33.0
2008-05,MUN,GO|JATAI,glp,21,35.0,35.0,37.0,34.0,38.0
2008-05,MUN,GO|LUZIANIA,glp,60,33.0,33.0,34.0,31.0,34.0
2008-05,MUN,GO|MINEIROS,glp,18,35.0,35.0,35.5,35.0,35.5
2008-05,MUN,GO|MORRINHOS,glp,21,34.0,32.0,35.0,32.0,39.0
2008-05,MUN,GO|PLANALTINA,glp,23,38.0,36.4,39.0,35.0,39.0
2008-05,MUN,GO|PONTALINA,glp,1,34.0,34.0,34.0,34.0,34.0
2008-05,MUN,GO|PORANGATU,glp,13,33.0,32.0,35.0,32.0,35.0
2008-05,MUN,GO|RIO VERDE,glp,42,36.0,35.55,36.0,35.5,36.0
2008-05,MUN,GO|SANTO ANTONIO DE GOIAS,glp,1,31.0,31.0,31.0,31.0,31.0
2008-05,MUN,GO|TRINDADE,glp,43,31.0,31.0,32.0,30.5,32.0
2008-05,MUN,GO|VALPARAISO DE GOIAS,glp,9,30.0,29.8,30.2,29.0,31.0
2008-05,MUN,MA|ACAILANDIA,glp,2,38.0,38.0,38.0,38.0,38.0
2008-05,MUN,MA|BACABAL,glp,2,37.0,36.6,37.4,36.5,37.5
2008-05,MUN,MA|BALSAS,glp,3,37.0,37.0,37.0,37.0,37.0
2008-05,MUN,MA|BARRA DO CORDA,glp,2,38.0,38.0,38.0,38.0,38.0
2008-05,MUN,MA|CAROLINA,glp,3,38.0,38.0,38.0,38.0,38.0
2008-05,MUN,MA|CAXIAS,glp,1,38.0,38.0,38.0,38.0,38.0
2008-05,MUN,MA|CODO,glp,2,36.5,36.5,36.5,36.5,36.5
2008-05,MUN,MA|IMPERATRIZ,glp,41,37.0,37.0,37.0,37.0,37.0
2008-05,MUN,MA|MATINHA,glp,1,35.0,35.0,35.0,35.0,35.0
2008-05,MUN,MA|PINHEIRO,glp,2,37.5,37.1,37.9,37.0,38.0
2008-05,MUN,MA|PRESIDENTE DUTRA,glp,2,35.0,35.0,35.0,35.0,35.0
2008-05,MUN,MA|SANTA INES,glp,2,35.5,35.5,35.5,35.5,35.5
2008-05,MUN,MA|SAO JOAO DOS PATOS,glp,2,38.0,38.0,38.0,38.0,38.0
2008-05,MUN,MA|SAO JOSE DE RIBAMAR,glp,13,34.0,34.0,35.0,34.0,35.0
2008-05,MUN,MA|SAO LUIS,glp,39,34.5,34.0,35.0,33.0,35.5
2008-05,MUN,MA|TIMON,glp,1,35.0,35.0,35.0,35.0,35.0
2008-05,MUN,MG|ALFENAS,glp,19,32.0,30.0,35.5,28.0,36.0
2008-05,MUN,MG|ARAGUARI,glp,18,35.75,35.0,37.0,35.0,37.0
2008-05,MUN,MG|ARAXA,glp,3,35.0,35.0,35.4,35.0,35.5
2008-05,MUN,MG|BARBACENA,glp,16,31.75,29.995,35.0,29.9,39.0
2008-05,MUN,MG|BELO HORIZONTE,glp,132,35.0,32.0,35.0,30.0,36.0
2008-05,MUN,MG|BETIM,glp,36,35.0,32.0,35.0,31.0,35.0
2008-05,MUN,MG|BOM DESPACHO,glp,2,35.0,35.0,35.0,35.0,35.0
2008-05,MUN,MG|CAMPO BELO,glp,9,35.0,35.0,35.0,35.0,35.0
2008-05,MUN,MG|CARATINGA,glp,3,33.0,32.2,33.0,32.0,33.0
2008-05,MUN,MG|CATAGUASES,glp,2,35.0,35.0,35.0,35.0,35.0
2008-05,MUN,MG|CONCEICAO DAS ALAGOAS,glp,1,35.0,35.0,35.0,35.0,35.0
2008-05,MUN,MG|CONGONHAS,glp,9,36.0,35.0,36.0,35.0,36.0
2008-05,MUN,MG|CONSELHEIRO LAFAIETE,glp,4,35.0,35.0,35.35,35.0,35.5
2008-05,MUN,MG|CONTAGEM,glp,77,34.0,32.12,36.0,31.0,36.0
2008-05,MUN,MG|CORONEL FABRICIANO,glp,3,35.0,35.0,35.0,35.0,35.0
2008-05,MUN,MG|CURVELO,glp,9,35.0,35.0,35.1,35.0,35.5
2008-05,MUN,MG|DIAMANTINA,glp,9,35.0,34.0,35.6,30.0,36.0
2008-05,MUN,MG|DIVINOPOLIS,glp,21,35.5,35.0,36.0,34.5,36.1
2008-05,MUN,MG|FORMIGA,glp,10,35.0,35.0,35.0,35.0,35.0
2008-05,MUN,MG|FRUTAL,glp,5,34.0,33.1,34.6,32.5,35.0
2008-05,MUN,MG|GOVERNADOR VALADARES,glp,19,34.0,32.8,34.0,32.0,34.71
2008-05,MUN,MG|GUAXUPE,glp,7,32.0,28.96,32.0,25.9,32.0
2008-05,MUN,MG|IBIRITE,glp,9,34.0,33.6,35.02,32.0,35.1
2008-05,MUN,MG|IPATINGA,glp,16,33.5,32.0,34.25,32.0,34.5
2008-05,MUN,MG|ITABIRA,glp,3,37.0,37.0,37.0,37.0,37.0
2008-05,MUN,MG|ITAJUBA,glp,13,34.0,33.0,35.0,33.0,36.0
2008-05,MUN,MG|ITAUNA,glp,14,33.0,32.3,34.05,32.0,35.0
2008-05,MUN,MG|ITUIUTABA,glp,17,34.0,33.0,35.0,33.0,35.0
2008-05,MUN,MG|ITURAMA,glp,1,31.0,31.0,31.0,31.0,31.0
2008-05,MUN,MG|JANAUBA,glp,2,35.0,35.0,35.0,35.0,35.0
2008-05,MUN,MG|JANUARIA,glp,8,35.5,35.0,35.65,35.0,36.0
2008-05,MUN,MG|JOAO MONLEVADE,glp,7,35.0,33.6,35.4,33.0,36.0
2008-05,MUN,MG|JOAO PINHEIRO,glp,17,35.5,35.0,38.0,35.0,38.0
2008-05,MUN,MG|JUIZ DE FORA,glp,103,36.5,35.0,39.0,33.5,39.0
2008-05,MUN,MG|LAVRAS,glp,10,30.0,28.0,35.0,28.0,35.0
2008-05,MUN,MG|LEOPOLDINA,glp,5,35.0,35.0,36.0,35.0,36.0
2008-05,MUN,MG|MANHUACU,glp,4,30.0,28.593,30.63,27.99,30.9
2008-05,MUN,MG|MARIANA,glp,5,32.0,32.0,33.5,32.0,33.5
2008-05,MUN,MG|MATIAS BARBOSA,glp,1,36.0,36.0,36.0,36.0,36.0
2008-05,MUN,MG|MONTE CARMELO,glp,17,32.0,31.6,35.5,30.0,36.0
2008-05,MUN,MG|MONTES CLAROS,glp,47,36.0,35.0,36.0,34.0,36.0
2008-05,MUN,MG|MURIAE,glp,3,32.0,30.08,34.4,29.6,35.0
2008-05,MUN,MG|NOVA LIMA,glp,9,35.5,34.9,36.4,34.5,38.0
2008-05,MUN,MG|OLIVEIRA,glp,7,35.0,35.0,35.0,35.0,35.0
2008-05,MUN,MG|OURO PRETO,glp,8,36.0,35.0,36.0,35.0,36.0
2008-05,MUN,MG|PARA DE MINAS,glp,10,35.9,32.95,36.0,32.5,36.0
2008-05,MUN,MG|PARACATU,glp,8,39.0,38.0,40.0,38.0,40.0
2008-05,MUN,MG|PASSOS,glp,17,32.0,31.6,34.4,31.0,35.0
2008-05,MUN,MG|PATOS DE MINAS,glp,17,35.0,34.0,35.0,33.0,35.0
2008-05,MUN,MG|PATROCINIO,glp,18,35.5,35.0,36.0,35.0,36.0
2008-05,MUN,MG|POCOS DE CALDAS,glp,17,32.0,32.0,34.0,32.0,35.5
2008-05,MUN,MG|POUSO ALEGRE,glp,21,35.0,34.0,35.5,34.0,36.0
2008-05,MUN,MG|RIBEIRAO DAS NEVES,glp,22,33.0,32.5,34.0,30.0,35.5
2008-05,MUN,MG|SABARA,glp,17,35.0,30.6,36.0,30.0,36.0
2008-05,MUN,MG|SANTA LUZIA,glp,24,35.0,33.0,35.85,33.0,36.0
2008-05,MUN,MG|SANTOS DUMONT,glp,5,35.0,30.0,35.0,30.0,35.0
2008-05,MUN,MG|SAO GOTARDO,glp,1,34.0,34.0,34.0,34.0,34.0
2008-05,MUN,MG|SAO JOAO DEL REI,glp,15,37.0,36.0,37.0,36.0,38.0
2008-05,MUN,MG|SAO LOURENCO,glp,2,25.0,25.0,25.0,25.0,25.0
2008-05,MUN,MG|SAO SEBASTIAO DO PARAISO,glp,10,35.0,34.9,35.55,34.0,36.0
2008-05,MUN,MG|SETE LAGOAS,glp,15,32.0,31.0,34.6,29.99,35.0
2008-05,MUN,MG|TEOFILO OTONI,glp,31,35.5,35.0,36.0,30.0,36.0
2008-05,MUN,MG|TIMOTEO,glp,6,34.0,33.5,34.5,33.0,35.0
2008-05,MUN,MG|TRES CORACOES,glp,8,27.5,27.0,28.3,27.0,29.0
2008-05,MUN,MG|UBA,glp,7,35.0,35.0,35.0,35.0,35.0
2008-05,MUN,MG|UBERABA,glp,55,35.0,35.0,35.0,33.0,35.0
2008-05,MUN,MG|UBERLANDIA,glp,102,35.0,34.0,35.0,33.0,36.5
2008-05,MUN,MG|UNAI,glp,12,39.0,37.0,39.0,35.0,39.0
2008-05,MUN,MG|VARGINHA,glp,18,35.75,35.0,36.0,35.0,36.0
2008-05,MUN,MG|VESPASIANO,glp,10,33.0,31.98,35.0,31.8,35.0
2008-05,MUN,MG|VICOSA,glp,3,35.0,35.0,35.0,35.0,35.0
2008-05,MUN,MS|BATAYPORA,glp,1,38.0,38.0,38.0,38.0,38.0
2008-05,MUN,MS|CAMPO GRANDE,glp,176,33.5,32.0,35.0,30.0,36.0
2008-05,MUN,MS|CORUMBA,glp,7,42.0,41.3,42.0,41.0,42.0
2008-05,MUN,MS|COXIM,glp,9,35.0,34.4,35.0,34.0,35.0
2008-05,MUN,MS|DOURADOS,glp,56,39.5,38.0,42.0,33.5,43.0
2008-05,MUN,MS|NOVA ANDRADINA,glp,14,37.5,35.0,38.0,34.5,39.0
2008-05,MUN,MS|PARANAIBA,glp,18,40.0,40.0,40.0,38.0,40.0
2008-05,MUN,MS|PONTA PORA,glp,4,39.0,37.6,39.0,37.0,39.0
2008-05,MUN,MS|SAO GABRIEL DO OESTE,glp,1,35.0,35.0,35.0,35.0,35.0
2008-05,MUN,MS|TRES LAGOAS,glp,16,37.5,36.0,38.0,35.0,38.0
2008-05,MUN,MT|ALTA FLORESTA,glp,6,40.0,40.0,40.0,40.0,40.0
2008-05,MUN,MT|CACERES,glp,8,38.0,37.7,38.0,37.0,38.0
2008-05,MUN,MT|CUIABA,glp,32,40.0,38.1,41.45,37.5,42.0
2008-05,MUN,MT|RONDONOPOLIS,glp,9,41.5,40.0,42.0,40.0,42.0
2008-05,MUN,MT|SINOP,glp,11,40.0,38.5,42.0,38.0,42.0
2008-05,MUN,MT|SORRISO,glp,7,40.5,38.8,41.0,38.5,41.0
2008-05,MUN,MT|VARZEA GRANDE,glp,12,40.0,38.1,40.95,37.0,42.0
2008-05,MUN,PA|ABAETETUBA,glp,4,34.0,34.0,34.0,34.0,34.0
2008-05,MUN,PA|ALENQUER,glp,1,35.0,35.0,35.0,35.0,35.0
2008-05,MUN,PA|ALTAMIRA,glp,9,39.0,37.4,40.0,37.0,40.0
2008-05,MUN,PA|ANANINDEUA,glp,58,31.0,30.0,32.15,30.0,35.0
2008-05,MUN,PA|BELEM,glp,78,32.0,30.5,32.15,30.0,34.0
2008-05,MUN,PA|BRAGANCA,glp,4,37.0,35.6,37.0,35.0,37.0
2008-05,MUN,PA|BREVES,glp,1,32.0,32.0,32.0,32.0,32.0
2008-05,MUN,PA|CAMETA,glp,3,32.5,32.1,33.7,32.0,34.0
2008-05,MUN,PA|CASTANHAL,glp,7,34.0,33.0,34.5,33.0,34.5
2008-05,MUN,PA|CONCEICAO DO ARAGUAIA,glp,2,37.0,37.0,37.0,37.0,37.0
2008-05,MUN,PA|ITAITUBA,glp,7,35.0,34.6,37.4,34.0,38.0
2008-05,MUN,PA|MARABA,glp,1,38.0,38.0,38.0,38.0,38.0
2008-05,MUN,PA|PARAGOMINAS,glp,3,37.0,37.0,37.0,37.0,37.0
2008-05,MUN,PA|PARAUAPEBAS,glp,3,39.0,39.0,39.0,39.0,39.0
2008-05,MUN,PA|REDENCAO,glp,5,38.0,36.0,38.6,36.0,39.0
2008-05,MUN,PA|SANTAREM,glp,21,35.0,34.0,36.0,32.5,36.0
2008-05,MUN,PA|TUCURUI,glp,4,38.0,38.0,38.0,38.0,38.0
2008-05,MUN,PA|XINGUARA,glp,7,39.5,39.0,39.5,39.0,39.5
2008-05,MUN,PB|BAYEUX,glp,4,34.0,33.0,35.0,33.0,35.0
2008-05,MUN,PB|CABEDELO,glp,3,33.0,33.0,33.0,33.0,33.0
2008-05,MUN,PB|CAMPINA GRANDE,glp,20,35.0,32.5,35.0,29.0,35.0
2008-05,MUN,PB|GUARABIRA,glp,1,35.0,35.0,35.0,35.0,35.0
2008-05,MUN,PB|INGA,glp,1,32.5,32.5,32.5,32.5,32.5
2008-05,MUN,PB|JOAO PESSOA,glp,30,33.0,31.45,34.1,30.0,35.0
2008-05,MUN,PB|MAMANGUAPE,glp,2,32.75,31.75,33.75,31.5,34.0
2008-05,MUN,PB|PATOS,glp,5,35.0,33.2,35.0,32.0,35.0
2008-05,MUN,PB|SANTA RITA,glp,4,31.5,30.0,33.0,30.0,33.0
2008-05,MUN,PB|SAPE,glp,2,30.0,30.0,30.0,30.0,30.0
2008-05,MUN,PB|SOUSA,glp,3,33.0,30.6,33.0,30.0,33.0
2008-05,MUN,PE|ABREU E LIMA,glp,7,35.0,33.5,35.0,32.0,35.0
2008-05,MUN,PE|AFOGADOS DA INGAZEIRA,glp,1,30.0,30.0,30.0,30.0,30.0
2008-05,MUN,PE|AGUAS BELAS,glp,1,34.0,34.0,34.0,34.0,34.0
2008-05,MUN,PE|ARARIPINA,glp,1,33.0,33.0,33.0,33.0,33.0
2008-05,MUN,PE|ARCOVERDE,glp,1,34.0,34.0,34.0,34.0,34.0
2008-05,MUN,PE|BELO JARDIM,glp,4,34.5,33.3,35.0,33.0,35.0
2008-05,MUN,PE|BOM CONSELHO,glp,3,32.0,32.0,32.0,32.0,32.0
2008-05,MUN,PE|CABO DE SANTO AGOSTINHO,glp,5,33.0,31.1,34.6,30.5,35.0
2008-05,MUN,PE|CAMARAGIBE,glp,12,34.0,33.0,35.0,31.5,35.0
2008-05,MUN,PE|CARUARU,glp,7,33.0,32.0,33.0,32.0,33.0
2008-05,MUN,PE|GARANHUNS,glp,4,30.0,30.0,31.05,30.0,31.5
2008-05,MUN,PE|GOIANA,glp,2,35.0,35.0,35.0,35.0,35.0
2008-05,MUN,PE|GRAVATA,glp,4,30.0,30.0,30.0,30.0,30.0
2008-05,MUN,PE|IGARASSU,glp,8,35.0,35.0,35.0,35.0,35.0
2008-05,MUN,PE|JABOATAO DOS GUARARAPES,glp,35,33.0,32.0,35.0,31.0,35.0
2008-05,MUN,PE|JUCATI,glp,1,30.0,30.0,30.0,30.0,30.0
2008-05,MUN,PE|LAJEDO,glp,2,30.0,30.0,30.0,30.0,30.0
2008-05,MUN,PE|MORENO,glp,1,35.0,35.0,35.0,35.0,35.0
2008-05,MUN,PE|OLINDA,glp,19,32.5,32.0,33.0,31.5,35.0
2008-05,MUN,PE|PAULISTA,glp,7,34.0,32.3,34.4,32.0,35.0
2008-05,MUN,PE|PETROLINA,glp,3,35.0,35.0,35.0,35.0,35.0
2008-05,MUN,PE|RECIFE,glp,83,32.0,28.0,34.0,27.0,35.0
2008-05,MUN,PE|SALGUEIRO,glp,3,31.0,31.0,31.8,31.0,32.0
2008-05,MUN,PE|SANTA CRUZ DO CAPIBARIBE,glp,2,33.0,30.6,35.4,30.0,36.0
2008-05,MUN,PE|SAO BENTO DO UNA,glp,2,31.75,31.55,31.95,31.5,32.0
2008-05,MUN,PE|SAO LOURENCO DA MATA,glp,11,33.5,33.0,35.0,32.5,35.0
2008-05,MUN,PE|SERRA TALHADA,glp,5,33.0,30.6,33.0,29.0,33.0
2008-05,MUN,PE|VENTUROSA,glp,1,34.0,34.0,34.0,34.0,34.0
2008-05,MUN,PE|VITORIA DE SANTO ANTAO,glp,10,35.0,34.0,35.0,34.0,35.0
2008-05,MUN,PI|BARRAS,glp,1,32.5,32.5,32.5,32.5,32.5
2008-05,MUN,PI|CAMPO MAIOR,glp,4,37.0,37.0,37.0,37.0,37.0
2008-05,MUN,PI|OEIRAS,glp,3,38.0,38.0,38.0,38.0,38.0
2008-05,MUN,PI|PARNAIBA,glp,1,37.0,37.0,37.0,37.0,37.0
2008-05,MUN,PI|PICOS,glp,2,38.0,38.0,38.0,38.0,38.0
2008-05,MUN,PI|PIRIPIRI,glp,3,37.0,37.0,37.0,37.0,37.0
2008-05,MUN,PI|TERESINA,glp,49,35.0,35.0,36.6,35.0,37.0
2008-05,MUN,PR|ALMIRANTE TAMANDARE,glp,9,30.0,29.0,30.4,29.0,32.0
2008-05,MUN,PR|APUCARANA,glp,23,30.0,29.1,31.0,26.9,34.0
2008-05,MUN,PR|ARAPONGAS,glp,22,33.0,32.0,34.0,32.0,36.0
2008-05,MUN,PR|ARAUCARIA,glp,9,30.0,30.0,30.0,30.0,30.0
2008-05,MUN,PR|ASSIS CHATEAUBRIAND,glp,5,32.0,30.76,33.2,30.0,33.4
2008-05,MUN,PR|CAMBE,glp,43,33.0,32.0,35.0,30.0,35.0
2008-05,MUN,PR|CAMPO LARGO,glp,16,30.0,28.75,30.5,28.0,32.0
2008-05,MUN,PR|CAMPO MOURAO,glp,10,33.0,30.0,35.0,30.0,35.0
2008-05,MUN,PR|CASCAVEL,glp,27,33.0,32.428,33.0,30.0,35.0
2008-05,MUN,PR|CASTRO,glp,11,33.0,32.0,34.0,30.0,34.0
2008-05,MUN,PR|CIANORTE,glp,16,38.0,34.25,38.0,30.0,38.0
2008-05,MUN,PR|COLOMBO,glp,29,31.0,29.4,32.0,28.9,33.0
2008-05,MUN,PR|CORNELIO PROCOPIO,glp,8,35.0,35.0,35.0,35.0,35.0
2008-05,MUN,PR|CURITIBA,glp,120,30.0,29.65,32.0,27.9,33.0
2008-05,MUN,PR|FOZ DO IGUACU,glp,43,38.0,32.0,39.0,29.0,39.0
2008-05,MUN,PR|FRANCISCO BELTRAO,glp,9,35.0,32.6,36.2,31.0,37.0
2008-05,MUN,PR|GUARAPUAVA,glp,11,32.0,32.0,33.0,32.0,34.0
2008-05,MUN,PR|LARANJEIRAS DO SUL,glp,7,35.0,35.0,36.36,35.0,36.9
2008-05,MUN,PR|LONDRINA,glp,110,30.5,30.0,33.0,29.0,34.0
2008-05,MUN,PR|MARECHAL CANDIDO RONDON,glp,11,37.0,37.0,37.0,35.0,37.0
2008-05,MUN,PR|MARINGA,glp,34,33.0,31.285,34.0,30.0,36.0
2008-05,MUN,PR|MEDIANEIRA,glp,1,38.0,38.0,38.0,38.0,38.0
2008-05,MUN,PR|PARANAGUA,glp,20,35.0,33.0,35.0,31.0,35.0
2008-05,MUN,PR|PARANAVAI,glp,15,35.0,33.0,35.0,33.0,35.0
2008-05,MUN,PR|PATO BRANCO,glp,9,33.0,32.0,34.2,32.0,35.0
2008-05,MUN,PR|PINHAIS,glp,19,30.0,30.0,32.0,28.0,32.0
2008-05,MUN,PR|PIRAI DO SUL,glp,1,34.0,34.0,34.0,34.0,34.0
2008-05,MUN,PR|PONTA GROSSA,glp,66,33.0,31.0,34.0,30.0,35.0
2008-05,MUN,PR|SANTO ANTONIO DA PLATINA,glp,15,32.0,32.0,34.0,32.0,35.0
2008-05,MUN,PR|SAO JOSE DOS PINHAIS,glp,15,31.0,30.0,32.0,30.0,32.0
2008-05,MUN,PR|SARANDI,glp,1,29.0,29.0,29.0,29.0,29.0
2008-05,MUN,PR|TERRA BOA,glp,1,35.0,35.0,35.0,35.0,35.0
2008-05,MUN,PR|TOLEDO,glp,11,32.0,30.0,35.0,28.4,38.0
2008-05,MUN,PR|UMUARAMA,glp,13,30.0,30.0,33.0,30.0,34.0
2008-05,MUN,PR|UNIAO DA VITORIA,glp,3,32.0,31.04,32.0,30.8,32.0
2008-05,MUN,RJ|ANGRA DOS REIS,glp,4,33.45,32.93,36.77,32.9,38.0
2008-05,MUN,RJ|ARARUAMA,glp,5,33.0,32.0,33.0,32.0,33.0
2008-05,MUN,RJ|ARMACAO DOS BUZIOS,glp,1,33.0,33.0,33.0,33.0,33.0
2008-05,MUN,RJ|BARRA DO PIRAI,glp,4,32.2,31.62,33.55,31.5,34.0
2008-05,MUN,RJ|BARRA MANSA,glp,18,33.0,31.85,34.15,31.5,35.5
2008-05,MUN,RJ|BELFORD ROXO,glp,6,30.0,30.0,31.5,30.0,32.0
2008-05,MUN,RJ|CABO FRIO,glp,4,28.25,26.593,28.85,25.99,29.0
2008-05,MUN,RJ|CAMPOS DOS GOYTACAZES,glp,16,30.0,29.0,33.0,29.0,33.0
2008-05,MUN,RJ|DUQUE DE CAXIAS,glp,29,31.0,30.4,32.0,30.0,33.0
2008-05,MUN,RJ|ITABORAI,glp,3,31.0,30.2,32.6,30.0,33.0
2008-05,MUN,RJ|ITAGUAI,glp,4,31.25,31.075,31.425,31.0,31.5
2008-05,MUN,RJ|ITAPERUNA,glp,4,28.75,28.5,29.0,28.5,29.0
2008-05,MUN,RJ|MACAE,glp,2,30.0,30.0,30.0,30.0,30.0
2008-05,MUN,RJ|MAGE,glp,2,32.0,31.2,32.8,31.0,33.0
2008-05,MUN,RJ|MANGARATIBA,glp,3,33.9,33.58,33.98,33.5,34.0
2008-05,MUN,RJ|MARICA,glp,2,30.0,30.0,30.0,30.0,30.0
2008-05,MUN,RJ|NILOPOLIS,glp,5,31.0,28.4,32.0,28.0,32.0
2008-05,MUN,RJ|NITEROI,glp,6,30.0,28.492,31.5,27.99,32.0
2008-05,MUN,RJ|NOVA FRIBURGO,glp,5,30.0,28.8,32.6,28.0,33.0
2008-05,MUN,RJ|NOVA IGUACU,glp,20,30.0,29.45,31.1,28.49,33.0
2008-05,MUN,RJ|PARAIBA DO SUL,glp,2,31.0,31.0,31.0,31.0,31.0
2008-05,MUN,RJ|PARATY,glp,2,33.5,33.1,33.9,33.0,34.0
2008-05,MUN,RJ|PETROPOLIS,glp,4,32.5,30.6,33.7,30.0,34.0
2008-05,MUN,RJ|RESENDE,glp,6,32.0,29.2,35.0,28.4,35.0
2008-05,MUN,RJ|RIO BONITO,glp,2,31.5,30.3,32.7,30.0,33.0
2008-05,MUN,RJ|RIO DE JANEIRO,glp,86,32.0,29.718,34.0,27.99,35.0
2008-05,MUN,RJ|SANTO ANTONIO DE PADUA,glp,1,35.0,35.0,35.0,35.0,35.0
2008-05,MUN,RJ|SAO FRANCISCO DE ITABAPOANA,glp,1,34.5,34.5,34.5,34.5,34.5
2008-05,MUN,RJ|SAO GONCALO,glp,7,30.0,29.595,30.7,28.995,31.0
2008-05,MUN,RJ|SAO JOAO DE MERITI,glp,7,32.0,30.8,32.4,30.5,33.0
2008-05,MUN,RJ|SAPUCAIA,glp,2,33.0,33.0,33.0,33.0,33.0
2008-05,MUN,RJ|SAQUAREMA,glp,3,30.0,29.992,30.8,29.99,31.0
2008-05,MUN,RJ|TERESOPOLIS,glp,3,35.0,31.8,35.8,31.0,36.0
2008-05,MUN,RJ|TRES RIOS,glp,2,30.25,30.05,30.45,30.0,30.5
2008-05,MUN,RJ|VALENCA,glp,6,33.0,33.0,34.0,33.0,34.0
2008-05,MUN,RJ|VASSOURAS,glp,3,34.0,33.2,34.0,33.0,34.0
2008-05,MUN,RJ|VOLTA REDONDA,glp,7,33.0,32.3,34.5,32.0,36.0
2008-05,MUN,RN|CAICO,glp,3,34.0,34.0,34.0,34.0,34.0
2008-05,MUN,RN|CURRAIS NOVOS,glp,6,33.0,33.0,33.0,33.0,33.0
2008-05,MUN,RN|MOSSORO,glp,3,32.0,32.0,32.0,32.0,32.0
2008-05,MUN,RN|NATAL,glp,14,32.0,32.0,32.0,30.0,32.5
2008-05,MUN,RN|PARNAMIRIM,glp,3,30.0,30.0,30.0,30.0,30.0
2008-05,MUN,RN|SAO JOSE DE MIPIBU,glp,2,32.0,32.0,32.0,32.0,32.0
2008-05,MUN,RN|TIMBAUBA DOS BATISTAS,glp,1,34.0,34.0,34.0,34.0,34.0
2008-05,MUN,RO|ARIQUEMES,glp,11,38.0,38.0,38.0,37.0,38.0
2008-05,MUN,RO|CACOAL,glp,9,38.0,37.4,39.0,37.0,39.0
2008-05,MUN,RO|GUAJARA-MIRIM,glp,4,38.0,38.0,38.0,38.0,38.0
2008-05,MUN,RO|JI-PARANA,glp,13,37.0,37.0,37.9,37.0,38.0
2008-05,MUN,RO|PIMENTA BUENO,glp,4,42.0,42.0,42.0,42.0,42.0
2008-05,MUN,RO|PORTO VELHO,glp,103,34.0,33.0,35.0,32.8,40.0
2008-05,MUN,RO|SAO MIGUEL DO GUAPORE,glp,1,42.0,42.0,42.0,42.0,42.0
2008-05,MUN,RO|VILHENA,glp,8,42.0,42.0,42.0,42.0,42.0
2008-05,MUN,RR|BOA VISTA,glp,24,38.0,36.16,38.35,34.7,40.0
2008-05,MUN,RR|MUCAJAI,glp,1,38.0,38.0,38.0,38.0,38.0
2008-05,MUN,RR|RORAINOPOLIS,glp,1,40.0,40.0,40.0,40.0,40.0
2008-05,MUN,RS|ALEGRETE,glp,13,35.0,33.0,35.0,33.0,36.0
2008-05,MUN,RS|ALVORADA,glp,11,33.0,29.9,33.0,29.9,34.0
2008-05,MUN,RS|BAGE,glp,32,32.25,32.0,34.0,28.0,36.0
2008-05,MUN,RS|BENTO GONCALVES,glp,9,37.5,35.0,38.45,35.0,40.25
2008-05,MUN,RS|CACAPAVA DO SUL,glp,8,36.5,35.0,37.6,35.0,39.0
2008-05,MUN,RS|CACHOEIRA DO SUL,glp,16,35.5,35.0,36.5,35.0,37.0
2008-05,MUN,RS|CACHOEIRINHA,glp,16,32.0,31.25,33.0,31.0,36.0
2008-05,MUN,RS|CANOAS,glp,47,35.0,32.8,36.0,30.0,37.0
2008-05,MUN,RS|CAXIAS DO SUL,glp,40,36.0,35.0,37.0,35.0,39.0
2008-05,MUN,RS|CHUI,glp,2,31.0,31.0,31.0,31.0,31.0
2008-05,MUN,RS|CRUZ ALTA,glp,5,31.0,31.0,38.2,31.0,39.0
2008-05,MUN,RS|CRUZEIRO DO SUL,glp,1,35.5,35.5,35.5,35.5,35.5
2008-05,MUN,RS|ERECHIM,glp,19,38.5,37.4,40.25,36.99,43.0
2008-05,MUN,RS|ESTEIO,glp,11,34.0,33.5,35.0,32.5,35.0
2008-05,MUN,RS|FARROUPILHA,glp,1,36.0,36.0,36.0,36.0,36.0
2008-05,MUN,RS|GRAMADO,glp,3,36.0,36.0,36.0,36.0,36.0
2008-05,MUN,RS|GRAVATAI,glp,29,30.0,30.0,34.0,30.0,34.0
2008-05,MUN,RS|GUAIBA,glp,11,33.5,32.0,33.9,32.0,33.9
2008-05,MUN,RS|IJUI,glp,8,34.0,32.0,35.0,32.0,35.0
2008-05,MUN,RS|IMBE,glp,1,35.0,35.0,35.0,35.0,35.0
2008-05,MUN,RS|JAGUARAO,glp,9,32.0,32.0,33.2,32.0,34.0
2008-05,MUN,RS|LAJEADO,glp,5,35.0,34.0,36.2,34.0,37.0
2008-05,MUN,RS|NOVA SANTA RITA,glp,1,34.5,34.5,34.5,34.5,34.5
2008-05,MUN,RS|NOVO HAMBURGO,glp,24,33.5,31.0,34.0,30.0,34.5
2008-05,MUN,RS|OSORIO,glp,8,36.0,35.0,36.3,35.0,37.0
2008-05,MUN,RS|PALMEIRA DAS MISSOES,glp,6,34.5,34.0,36.75,34.0,38.0
2008-05,MUN,RS|PASSO FUNDO,glp,53,37.0,35.0,38.0,33.0,40.0
2008-05,MUN,RS|PELOTAS,glp,38,32.0,30.85,33.0,30.0,34.0
2008-05,MUN,RS|PORTO ALEGRE,glp,47,33.9,32.8,35.0,32.0,36.0
2008-05,MUN,RS|RIO GRANDE,glp,47,31.0,30.0,33.0,30.0,35.0
2008-05,MUN,RS|SANTA CRUZ DO SUL,glp,17,35.0,35.0,36.0,34.5,36.0
2008-05,MUN,RS|SANTA MARIA,glp,39,34.5,33.0,35.1,30.0,38.0
2008-05,MUN,RS|SANTA ROSA,glp,9,35.0,33.8,36.0,33.0,36.0
2008-05,MUN,RS|SANTA VITORIA DO PALMAR,glp,8,34.0,32.0,34.3,32.0,35.0
2008-05,MUN,RS|SANTANA DO LIVRAMENTO,glp,14,34.0,34.0,34.0,34.0,34.1
2008-05,MUN,RS|SANTO ANGELO,glp,11,37.0,36.0,38.0,36.0,38.0
2008-05,MUN,RS|SAO BORJA,glp,3,35.0,35.0,35.0,35.0,35.0
2008-05,MUN,RS|SAO GABRIEL,glp,10,39.0,39.0,39.15,39.0,40.5
2008-05,MUN,RS|SAO LEOPOLDO,glp,19,34.0,32.0,34.5,30.0,35.0
2008-05,MUN,RS|SAO LUIZ GONZAGA,glp,5,37.0,37.0,39.0,37.0,39.0
2008-05,MUN,RS|SAPIRANGA,glp,10,34.0,34.0,35.0,34.0,35.0
2008-05,MUN,RS|SAPUCAIA DO SUL,glp,27,34.0,34.0,35.0,33.0,35.5
2008-05,MUN,RS|TORRES,glp,5,38.0,36.2,38.0,35.0,38.0
2008-05,MUN,RS|TRAMANDAI,glp,6,35.0,35.0,35.0,35.0,35.0
2008-05,MUN,RS|URUGUAIANA,glp,11,37.0,35.0,37.0,35.0,37.0
2008-05,MUN,RS|VACARIA,glp,7,35.0,34.604,35.04,34.01,35.1
2008-05,MUN,RS|VIAMAO,glp,18,34.0,33.0,35.0,33.0,37.0
2008-05,MUN,SC|ARARANGUA,glp,4,38.0,38.0,38.0,38.0,38.0
2008-05,MUN,SC|BALNEARIO CAMBORIU,glp,1,37.0,37.0,37.0,37.0,37.0
2008-05,MUN,SC|BIGUACU,glp,1,34.0,34.0,34.0,34.0,34.0
2008-05,MUN,SC|BLUMENAU,glp,37,38.0,35.6,40.4,34.0,42.0
2008-05,MUN,SC|BOMBINHAS,glp,1,33.0,33.0,33.0,33.0,33.0
2008-05,MUN,SC|BRUSQUE,glp,4,34.5,34.0,36.4,34.0,37.0
2008-05,MUN,SC|CACADOR,glp,3,38.0,36.4,38.0,36.0,38.0
2008-05,MUN,SC|CHAPECO,glp,21,35.0,35.0,36.5,34.5,38.0
2008-05,MUN,SC|CONCORDIA,glp,7,35.0,35.0,38.2,35.0,40.0
2008-05,MUN,SC|CRICIUMA,glp,9,37.0,33.0,39.68,33.0,40.0
2008-05,MUN,SC|FLORIANOPOLIS,glp,49,37.5,35.0,39.0,32.5,40.0
2008-05,MUN,SC|ITAJAI,glp,42,33.5,32.0,36.9,30.0,39.99
2008-05,MUN,SC|JARAGUA DO SUL,glp,4,36.0,35.3,36.35,35.0,36.5
2008-05,MUN,SC|JOINVILLE,glp,99,38.0,37.0,39.0,34.0,40.0
2008-05,MUN,SC|LAGES,glp,6,36.5,35.0,37.0,35.0,37.0
2008-05,MUN,SC|LAGUNA,glp,4,34.0,34.0,34.7,34.0,35.0
2008-05,MUN,SC|MAFRA,glp,4,31.95,31.0,32.97,31.0,33.0
2008-05,MUN,SC|PALHOCA,glp,17,36.0,33.2,36.9,30.0,38.0
2008-05,MUN,SC|SAO JOSE,glp,13,35.79,34.6,37.8,33.0,39.8
2008-05,MUN,SC|SAO MIGUEL DO OESTE,glp,6,33.0,32.0,35.49,32.0,37.98
2008-05,MUN,SC|TIJUCAS,glp,1,35.0,35.0,35.0,35.0,35.0
2008-05,MUN,SC|TUBARAO,glp,11,35.0,32.0,35.0,30.0,35.0
2008-05,MUN,SC|VIDEIRA,glp,5,35.0,32.0,35.0,32.0,35.0
2008-05,MUN,SC|XANXERE,glp,9,38.0,36.8,38.0,36.0,38.0
2008-05,MUN,SE|ARACAJU,glp,17,33.0,30.0,33.4,30.0,34.0
2008-05,MUN,SE|ITABAIANA,glp,4,32.85,30.81,33.7,30.0,34.0
2008-05,MUN,SE|ITABAIANINHA,glp,1,33.0,33.0,33.0,33.0,33.0
2008-05,MUN,SE|LAGARTO,glp,4,32.0,30.6,32.0,30.0,32.0
2008-05,MUN,SE|NOSSA SENHORA DO SOCORRO,glp,4,32.5,32.0,33.7,32.0,34.0
2008-05,MUN,SE|SIMAO DIAS,glp,1,31.0,31.0,31.0,31.0,31.0
2008-05,MUN,SE|TOBIAS BARRETO,glp,3,34.0,34.0,34.0,34.0,34.0
2008-05,MUN,SP|ADAMANTINA,glp,10,33.0,33.0,33.0,33.0,33.0
2008-05,MUN,SP|AMERICANA,glp,28,34.0,33.998,35.0,28.9,36.0
2008-05,MUN,SP|AMPARO,glp,5,32.5,31.97,35.54,31.95,35.9
2008-05,MUN,SP|APIAI,glp,2,34.0,34.0,34.0,34.0,34.0
2008-05,MUN,SP|ARACATUBA,glp,36,32.0,30.5,32.0,30.0,32.0
2008-05,MUN,SP|ARARAQUARA,glp,15,31.0,30.0,33.0,28.0,34.0
2008-05,MUN,SP|ARARAS,glp,2,32.0,32.0,32.0,32.0,32.0
2008-05,MUN,SP|ASSIS,glp,10,32.0,32.0,32.0,32.0,32.0
2008-05,MUN,SP|ATIBAIA,glp,23,32.0,30.1,33.0,29.5,33.0
2008-05,MUN,SP|AVARE,glp,7,37.0,36.6,37.7,36.0,38.0
2008-05,MUN,SP|BARRETOS,glp,13,30.0,30.0,30.0,28.75,30.0
2008-05,MUN,SP|BARUERI,glp,16,32.0,28.0,33.5,27.99,34.0
2008-05,MUN,SP|BAURU,glp,27,34.0,32.0,36.0,31.0,36.0
2008-05,MUN,SP|BEBEDOURO,glp,9,33.0,30.8,35.0,30.0,35.0
2008-05,MUN,SP|BIRIGUI,glp,24,32.0,31.0,33.0,30.0,33.0
2008-05,MUN,SP|BORACEIA,glp,1,35.0,35.0,35.0,35.0,35.0
2008-05,MUN,SP|BOTUCATU,glp,16,32.0,31.9,32.0,30.0,32.0
2008-05,MUN,SP|BRAGANCA PAULISTA,glp,26,29.95,26.99,32.5,26.9,33.0
2008-05,MUN,SP|CACAPAVA,glp,15,31.5,30.0,33.6,25.99,34.0
2008-05,MUN,SP|CAMPINAS,glp,52,30.75,29.0,33.0,27.0,35.0
2008-05,MUN,SP|CAMPOS DO JORDAO,glp,10,28.0,26.85,32.2,25.5,34.0
2008-05,MUN,SP|CAPAO BONITO,glp,4,33.0,32.3,33.0,32.0,33.0
2008-05,MUN,SP|CARAGUATATUBA,glp,7,34.0,34.0,34.396,34.0,34.99
2008-05,MUN,SP|CARAPICUIBA,glp,16,31.5,25.0,32.495,25.0,32.99
2008-05,MUN,SP|CATANDUVA,glp,16,31.0,29.0,32.5,29.0,33.0
2008-05,MUN,SP|COSMOPOLIS,glp,5,35.99,34.796,35.996,34.0,36.0
2008-05,MUN,SP|COTIA,glp,11,32.0,30.0,33.0,30.0,33.9
2008-05,MUN,SP|CRUZEIRO,glp,15,30.0,29.0,32.0,29.0,32.0
2008-05,MUN,SP|CUBATAO,glp,3,31.0,30.2,31.8,30.0,32.0
2008-05,MUN,SP|DIADEMA,glp,19,31.0,28.99,33.0,28.99,33.25
2008-05,MUN,SP|DRACENA,glp,9,35.0,33.0,36.4,33.0,38.0
2008-05,MUN,SP|EMBU DAS ARTES,glp,4,31.9,31.9,31.97,31.9,32.0
2008-05,MUN,SP|FERRAZ DE VASCONCELOS,glp,10,31.0,30.45,32.1,30.0,33.0
2008-05,MUN,SP|FRANCA,glp,22,30.0,28.145,32.0,28.0,32.0
2008-05,MUN,SP|FRANCISCO MORATO,glp,15,32.0,29.992,32.5,29.495,33.0
2008-05,MUN,SP|FRANCO DA ROCHA,glp,5,31.9,30.0,32.0,30.0,32.0
2008-05,MUN,SP|GARCA,glp,8,33.0,33.0,33.0,33.0,33.0
2008-05,MUN,SP|GUARATINGUETA,glp,12,28.0,28.0,29.9,27.0,33.0
2008-05,MUN,SP|GUARUJA,glp,5,31.5,31.0,33.5,31.0,33.5
2008-05,MUN,SP|GUARULHOS,glp,61,31.0,29.99,32.85,28.0,35.9
2008-05,MUN,SP|HORTOLANDIA,glp,25,31.5,30.0,32.0,28.99,33.0
2008-05,MUN,SP|IBITINGA,glp,8,30.0,30.0,30.9,30.0,33.0
2008-05,MUN,SP|INDAIATUBA,glp,34,35.0,33.0,35.0,33.0,35.0
2008-05,MUN,SP|ITANHAEM,glp,12,34.5,32.0,35.9,32.0,36.0
2008-05,MUN,SP|ITAPECERICA DA SERRA,glp,6,30.0,28.945,30.745,27.9,30.99
2008-05,MUN,SP|ITAPETININGA,glp,16,31.5,30.0,32.0,29.0,33.0
2008-05,MUN,SP|ITAPEVA,glp,5,32.0,30.8,32.6,30.0,33.0
2008-05,MUN,SP|ITAPEVI,glp,5,29.99,27.396,31.6,27.0,32.0
2008-05,MUN,SP|ITAPIRA,glp,4,31.0,30.3,31.0,30.0,31.0
2008-05,MUN,SP|ITAPOLIS,glp,15,30.0,30.0,30.9,30.0,33.0
2008-05,MUN,SP|ITAQUAQUECETUBA,glp,13,32.0,30.0,33.0,30.0,33.0
2008-05,MUN,SP|ITATIBA,glp,11,32.5,32.0,33.0,32.0,34.0
2008-05,MUN,SP|ITU,glp,11,31.0,29.0,32.5,29.0,33.0
2008-05,MUN,SP|JABOTICABAL,glp,12,32.0,32.0,33.0,32.0,33.0
2008-05,MUN,SP|JACAREI,glp,9,29.99,27.99,32.0,27.99,32.0
2008-05,MUN,SP|JALES,glp,8,33.0,32.0,33.88,32.0,35.0
2008-05,MUN,SP|JANDIRA,glp,8,29.745,27.393,31.0,26.0,31.0
2008-05,MUN,SP|JAU,glp,8,30.0,30.0,30.3,30.0,31.0
2008-05,MUN,SP|JOSE BONIFACIO,glp,14,31.5,30.0,32.0,30.0,33.0
2008-05,MUN,SP|JUNDIAI,glp,17,30.0,28.6,33.0,27.495,33.0
2008-05,MUN,SP|LEME,glp,18,32.0,32.0,32.3,29.99,33.0
2008-05,MUN,SP|LIMEIRA,glp,17,31.0,29.954,34.4,28.5,35.0
2008-05,MUN,SP|LINS,glp,19,32.0,30.8,35.0,30.0,35.0
2008-05,MUN,SP|LORENA,glp,15,30.0,28.0,31.194,27.0,32.0
2008-05,MUN,SP|MARILIA,glp,13,30.0,30.0,30.8,30.0,32.0
2008-05,MUN,SP|MATAO,glp,8,32.5,30.8,33.0,28.0,33.0
2008-05,MUN,SP|MAUA,glp,24,32.745,30.962,34.0,29.99,35.0
2008-05,MUN,SP|MIRASSOL,glp,10,30.0,28.79,30.1,26.9,31.0
2008-05,MUN,SP|MOCOCA,glp,12,35.0,34.0,35.0,34.0,35.0
2008-05,MUN,SP|MOGI DAS CRUZES,glp,35,34.0,32.26,34.95,27.99,38.0
2008-05,MUN,SP|MOGI GUACU,glp,12,30.0,30.0,30.0,30.0,32.0
2008-05,MUN,SP|MOGI MIRIM,glp,9,30.0,28.0,30.0,28.0,30.0
2008-05,MUN,SP|MONTE ALTO,glp,7,33.0,32.6,34.0,32.0,34.0
2008-05,MUN,SP|OLIMPIA,glp,8,30.25,30.0,31.0,30.0,31.0
2008-05,MUN,SP|OSASCO,glp,45,31.25,28.99,32.99,28.99,33.0
2008-05,MUN,SP|OURINHOS,glp,21,33.0,30.0,34.0,29.9,34.0
2008-05,MUN,SP|PARAGUACU PAULISTA,glp,11,32.0,31.0,32.0,30.0,32.0
2008-05,MUN,SP|PAULICEIA,glp,1,32.0,32.0,32.0,32.0,32.0
2008-05,MUN,SP|PAULINIA,glp,13,31.0,28.0,32.8,27.0,33.0
2008-05,MUN,SP|PINDAMONHANGABA,glp,22,32.0,28.0,33.0,27.99,35.0
2008-05,MUN,SP|PIRACICABA,glp,31,30.0,27.99,32.0,27.9,33.0
2008-05,MUN,SP|PIRASSUNUNGA,glp,7,32.0,31.8,32.4,31.5,33.0
2008-05,MUN,SP|PITANGUEIRAS,glp,1,30.0,30.0,30.0,30.0,30.0
2008-05,MUN,SP|POA,glp,8,32.0,30.7,32.3,30.0,33.0
2008-05,MUN,SP|PORTO FERREIRA,glp,6,30.0,30.0,31.5,30.0,32.0
2008-05,MUN,SP|PRAIA GRANDE,glp,9,33.0,31.9,33.4,31.5,35.0
2008-05,MUN,SP|PRESIDENTE PRUDENTE,glp,38,34.0,30.85,35.0,30.0,35.0
2008-05,MUN,SP|PRESIDENTE VENCESLAU,glp,9,30.0,30.0,30.0,30.0,30.0
2008-05,MUN,SP|RIBEIRAO PIRES,glp,12,33.0,30.2,33.0,29.99,34.0
2008-05,MUN,SP|RIBEIRAO PRETO,glp,98,32.0,30.0,33.65,29.0,35.0
2008-05,MUN,SP|RIO CLARO,glp,7,31.0,30.0,32.0,30.0,32.0
2008-05,MUN,SP|SALTO,glp,16,32.0,30.75,33.0,30.0,33.0
2008-05,MUN,SP|SANTA BARBARA D'OESTE,glp,28,34.0,34.0,35.0,34.0,35.0
2008-05,MUN,SP|SANTA CRUZ DO RIO PARDO,glp,9,33.0,32.0,33.1,32.0,33.5
2008-05,MUN,SP|SANTO ANDRE,glp,38,33.0,29.993,35.0,29.0,36.5
2008-05,MUN,SP|SANTOS,glp,12,32.0,30.04,33.0,29.9,34.0
2008-05,MUN,SP|SAO BERNARDO DO CAMPO,glp,35,33.0,31.0,34.3,29.99,35.0
2008-05,MUN,SP|SAO CAETANO DO SUL,glp,4,31.5,30.293,34.24,29.99,35.2
2008-05,MUN,SP|SAO CARLOS,glp,17,30.0,29.27,33.36,28.0,34.5
2008-05,MUN,SP|SAO JOAO DA BOA VISTA,glp,9,33.0,32.9,33.0,32.5,33.0
2008-05,MUN,SP|SAO JOAQUIM DA BARRA,glp,10,32.0,31.9,32.0,31.9,32.0
2008-05,MUN,SP|SAO JOSE DO RIO PRETO,glp,61,32.0,30.0,33.0,30.0,34.0
2008-05,MUN,SP|SAO JOSE DOS CAMPOS,glp,85,31.99,29.39,34.0,25.0,35.0
2008-05,MUN,SP|SAO PAULO,glp,222,30.0,28.99,33.0,28.0,36.0
2008-05,MUN,SP|SAO ROQUE,glp,7,31.0,30.0,31.36,28.5,31.9
2008-05,MUN,SP|SAO VICENTE,glp,23,30.0,27.992,33.8,27.0,35.0
2008-05,MUN,SP|SERTAOZINHO,glp,21,32.0,29.9,32.5,29.0,35.0
2008-05,MUN,SP|SOROCABA,glp,37,30.5,30.0,32.5,28.9,33.9
2008-05,MUN,SP|SUMARE,glp,26,32.0,29.995,34.0,29.5,34.0
2008-05,MUN,SP|SUZANO,glp,20,32.0,29.7,32.0,26.99,33.0
2008-05,MUN,SP|TABOAO DA SERRA,glp,6,29.495,28.99,31.75,28.99,33.0
2008-05,MUN,SP|TATUI,glp,7,33.0,31.0,33.4,31.0,34.0
2008-05,MUN,SP|TAUBATE,glp,42,28.0,25.0,29.9,25.0,30.0
2008-05,MUN,SP|TUPA,glp,6,31.0,30.725,31.0,30.45,31.0
2008-05,MUN,SP|UBATUBA,glp,10,30.0,29.45,30.5,29.0,35.0
2008-05,MUN,SP|VALINHOS,glp,8,33.5,31.997,34.0,31.99,34.0
2008-05,MUN,SP|VARZEA PAULISTA,glp,11,30.0,30.0,31.0,28.0,33.0
2008-05,MUN,SP|VINHEDO,glp,5,33.0,31.99,34.6,31.99,35.0
2008-05,MUN,SP|VOTORANTIM,glp,18,30.0,27.997,31.0,27.99,32.0
2008-05,MUN,SP|VOTUPORANGA,glp,15,31.0,30.0,32.0,29.0,33.0
2008-05,MUN,TO|ARAGUAINA,glp,12,40.0,40.0,40.0,39.0,40.0
2008-05,MUN,TO|COMBINADO,glp,1,37.0,37.0,37.0,37.0,37.0
2008-05,MUN,TO|DIANOPOLIS,glp,6,35.5,35.0,36.0,35.0,36.0
2008-05,MUN,TO|GURUPI,glp,57,35.0,35.0,36.0,35.0,36.0
2008-05,MUN,TO|PALMAS,glp,26,35.5,35.0,36.0,35.0,37.0
2008-05,MUN,TO|PARAISO DO TOCANTINS,glp,13,37.0,37.0,37.0,37.0,37.0
2008-05,MUN,TO|PORTO NACIONAL,glp,9,37.0,37.0,37.0,37.0,37.0
2008-05,MUN,TO|TAGUATINGA,glp,1,37.0,37.0,37.0,37.0,37.0
2008-05,UF,AC,glp,94,38.0,37.0,40.0,34.0,46.0
2008-05,UF,AL,glp,31,32.0,30.0,33.0,30.0,34.0
2008-05,UF,AM,glp,331,32.5,31.0,34.0,30.0,38.0
2008-05,UF,AP,glp,23,35.0,35.0,37.0,34.0,47.0
2008-05,UF,BA,glp,320,32.995,29.995,35.0,26.0,38.5
2008-05,UF,CE,glp,216,35.0,32.0,36.0,30.0,37.0
2008-05,UF,DF,glp,128,38.0,35.0,39.0,30.0,39.51
2008-05,UF,ES,glp,134,34.0,32.0,35.0,27.0,37.0
2008-05,UF,GO,glp,881,32.0,31.0,36.0,29.0,39.0
2008-05,UF,MA,glp,118,36.5,34.0,37.15,33.0,38.0
2008-05,UF,MG,glp,1211,35.0,32.0,36.0,25.0,40.0
2008-05,UF,MS,glp,302,35.0,32.5,40.0,30.0,43.0
2008-05,UF,MT,glp,85,40.0,38.0,42.0,37.0,42.0
2008-05,UF,PA,glp,218,32.0,31.0,38.0,30.0,40.0
2008-05,UF,PB,glp,75,33.0,31.0,35.0,29.0,35.0
2008-05,UF,PE,glp,245,33.0,30.0,35.0,27.0,36.0
2008-05,UF,PI,glp,63,35.5,35.0,37.0,32.5,38.0
2008-05,UF,PR,glp,763,32.0,30.0,35.0,26.9,39.0
2008-05,UF,RJ,glp,287,31.0,29.267,34.0,25.99,38.0
2008-05,UF,RN,glp,32,32.0,30.2,33.9,30.0,34.0
2008-05,UF,RO,glp,153,34.0,33.0,39.0,32.8,42.0
2008-05,UF,RR,glp,26,38.0,36.4,38.75,34.7,40.0
2008-05,UF,RS,glp,740,34.0,31.45,37.0,28.0,43.0
2008-05,UF,SC,glp,358,37.0,33.0,39.0,30.0,42.0
2008-05,UF,SE,glp,34,32.85,30.0,34.0,30.0,34.0
2008-05,UF,SP,glp,2189,32.0,29.0,34.0,25.0,38.0
2008-05,UF,TO,glp,125,35.5,35.0,37.0,35.0,40.0
2008-06,BR,BR,glp,9063,33.0,30.0,38.0,25.0,47.0
2008-06,MUN,AC|BUJARI,glp,1,38.0,38.0,38.0,38.0,38.0
2008-06,MUN,AC|CRUZEIRO DO SUL,glp,1,46.0,46.0,46.0,46.0,46.0
2008-06,MUN,AC|RIO BRANCO,glp,80,38.0,37.0,39.0,36.5,40.0
2008-06,MUN,AC|SENA MADUREIRA,glp,3,40.0,40.0,40.0,40.0,40.0
2008-06,MUN,AC|SENADOR GUIOMARD,glp,1,34.0,34.0,34.0,34.0,34.0
2008-06,MUN,AC|TARAUACA,glp,2,45.0,45.0,45.0,45.0,45.0
2008-06,MUN,AC|XAPURI,glp,3,41.5,41.1,41.9,41.0,42.0
2008-06,MUN,AL|ARAPIRACA,glp,4,33.0,33.0,33.0,33.0,33.0
2008-06,MUN,AL|DELMIRO GOUVEIA,glp,1,32.0,32.0,32.0,32.0,32.0
2008-06,MUN,AL|IGACI,glp,1,32.0,32.0,32.0,32.0,32.0
2008-06,MUN,AL|MACEIO,glp,14,32.0,30.0,33.0,30.0,33.0
2008-06,MUN,AL|MARECHAL DEODORO,glp,1,32.0,32.0,32.0,32.0,32.0
2008-06,MUN,AL|PALMEIRA DOS INDIOS,glp,5,30.0,30.0,32.6,30.0,33.0
2008-06,MUN,AL|RIO LARGO,glp,3,32.0,32.0,32.0,32.0,32.0
2008-06,MUN,AL|SANTANA DO IPANEMA,glp,2,32.0,32.0,32.0,32.0,32.0
2008-06,MUN,AM|HUMAITA,glp,2,38.0,38.0,38.0,38.0,38.0
2008-06,MUN,AM|ITACOATIARA,glp,5,34.0,33.0,34.0,33.0,34.0
2008-06,MUN,AM|MANACAPURU,glp,2,33.0,33.0,33.0,33.0,33.0
2008-06,MUN,AM|MANAUS,glp,319,32.5,31.0,34.0,30.0,36.0
2008-06,MUN,AM|PARINTINS,glp,2,34.5,34.1,34.9,34.0,35.0
2008-06,MUN,AM|PRESIDENTE FIGUEIREDO,glp,1,37.0,37.0,37.0,37.0,37.0
2008-06,MUN,AP|CALCOENE,glp,1,37.0,37.0,37.0,37.0,37.0
2008-06,MUN,AP|LARANJAL DO JARI,glp,1,37.0,37.0,37.0,37.0,37.0
2008-06,MUN,AP|MACAPA,glp,15,36.0,35.0,36.0,34.0,36.0
2008-06,MUN,AP|OIAPOQUE,glp,2,47.0,47.0,47.0,47.0,47.0
2008-06,MUN,AP|SANTANA,glp,4,36.0,35.3,36.0,35.0,36.0
2008-06,MUN,BA|ALAGOINHAS,glp,4,35.0,35.0,35.0,35.0,35.0
2008-06,MUN,BA|BARRA,glp,3,31.0,30.2,31.8,30.0,32.0
2008-06,MUN,BA|BARREIRAS,glp,10,36.0,36.0,36.0,36.0,36.0
2008-06,MUN,BA|BRUMADO,glp,6,34.0,34.0,34.0,34.0,34.0
2008-06,MUN,BA|CAETITE,glp,6,32.0,29.875,32.0,29.75,32.0
2008-06,MUN,BA|CAMACARI,glp,8,38.0,36.575,38.5,35.0,38.5
2008-06,MUN,BA|CAMPO FORMOSO,glp,3,36.5,36.5,36.5,36.5,36.5
2008-06,MUN,BA|CANDEIAS,glp,5,33.0,31.0,33.0,30.0,33.0
2008-06,MUN,BA|CAPIM GROSSO,glp,1,36.5,36.5,36.5,36.5,36.5
2008-06,MUN,BA|EUNAPOLIS,glp,6,35.0,35.0,35.25,35.0,35.5
2008-06,MUN,BA|FEIRA DE SANTANA,glp,8,35.0,32.9,35.5,28.0,35.5
2008-06,MUN,BA|GUANAMBI,glp,12,31.0,31.0,31.0,31.0,31.0
2008-06,MUN,BA|ILHEUS,glp,9,36.0,36.0,36.0,36.0,36.0
2008-06,MUN,BA|IPIRA,glp,5,35.0,35.0,35.0,35.0,35.0
2008-06,MUN,BA|IRECE,glp,5,35.0,35.0,35.0,35.0,35.0
2008-06,MUN,BA|ITABUNA,glp,8,35.0,35.0,35.0,35.0,35.0
2008-06,MUN,BA|ITAMARAJU,glp,4,33.0,33.0,33.0,33.0,33.0
2008-06,MUN,BA|JACOBINA,glp,5,38.0,35.0,38.0,35.0,38.0
2008-06,MUN,BA|JAGUAQUARA,glp,9,31.5,31.2,32.2,30.0,35.0
2008-06,MUN,BA|JEQUIE,glp,4,32.25,30.45,33.0,30.0,33.0
2008-06,MUN,BA|JUAZEIRO,glp,4,35.0,35.0,35.0,35.0,35.0
2008-06,MUN,BA|LAURO DE FREITAS,glp,11,31.5,30.0,32.0,29.0,32.5
2008-06,MUN,BA|LIVRAMENTO DE NOSSA SENHORA,glp,1,30.0,30.0,30.0,30.0,30.0
2008-06,MUN,BA|PAULO AFONSO,glp,5,33.0,33.0,33.8,33.0,34.0
2008-06,MUN,BA|POCOES,glp,4,32.5,32.0,33.7,32.0,34.0
2008-06,MUN,BA|PORTO SEGURO,glp,9,35.0,35.0,35.0,35.0,35.0
2008-06,MUN,BA|RUY BARBOSA,glp,3,33.0,33.0,33.0,33.0,33.0
2008-06,MUN,BA|SALVADOR,glp,128,32.0,30.0,33.0,28.0,35.0
2008-06,MUN,BA|SANTO ANTONIO DE JESUS,glp,8,32.5,31.4,33.0,30.0,33.0
2008-06,MUN,BA|SENHOR DO BONFIM,glp,4,38.0,38.0,38.0,38.0,38.0
2008-06,MUN,BA|SERRINHA,glp,3,35.0,35.0,35.0,35.0,35.0
2008-06,MUN,BA|SIMOES FILHO,glp,6,33.0,30.5,35.0,30.0,35.0
2008-06,MUN,BA|TEIXEIRA DE FREITAS,glp,6,35.0,35.0,35.0,35.0,35.0
2008-06,MUN,BA|URANDI,glp,1,31.0,31.0,31.0,31.0,31.0
2008-06,MUN,BA|VALENCA,glp,4,33.0,33.0,33.0,33.0,33.0
2008-06,MUN,BA|VITORIA DA CONQUISTA,glp,2,33.5,33.1,33.9,33.0,34.0
2008-06,MUN,CE|ARACOIABA,glp,1,35.5,35.5,35.5,35.5,35.5
2008-06,MUN,CE|BEBERIBE,glp,1,33.0,33.0,33.0,33.0,33.0
2008-06,MUN,CE|CANINDE,glp,2,32.5,32.1,32.9,32.0,33.0
2008-06,MUN,CE|CAUCAIA,glp,38,35.0,35.0,36.0,33.0,36.0
2008-06,MUN,CE|CRATEUS,glp,3,32.0,32.0,32.0,32.0,32.0
2008-06,MUN,CE|CRATO,glp,9,32.0,31.6,33.0,30.0,33.0
2008-06,MUN,CE|FORTALEZA,glp,118,35.0,34.0,36.0,32.0,37.0
2008-06,MUN,CE|ICO,glp,2,32.0,32.0,32.0,32.0,32.0
2008-06,MUN,CE|IGUATU,glp,4,33.0,30.9,33.0,30.0,33.0
2008-06,MUN,CE|INDEPENDENCIA,glp,1,32.0,32.0,32.0,32.0,32.0
2008-06,MUN,CE|IPU,glp,3,34.0,34.0,34.0,34.0,34.0
2008-06,MUN,CE|ITAPIPOCA,glp,3,30.0,30.0,30.0,30.0,30.0
2008-06,MUN,CE|JUAZEIRO DO NORTE,glp,6,32.0,31.5,32.0,31.0,32.0
2008-06,MUN,CE|LIMOEIRO DO NORTE,glp,3,34.0,34.0,34.0,34.0,34.0
2008-06,MUN,CE|MARACANAU,glp,6,35.0,33.0,36.0,32.5,36.0
2008-06,MUN,CE|MORADA NOVA,glp,4,34.0,33.65,34.0,33.5,34.0
2008-06,MUN,CE|PEDRA BRANCA,glp,2,32.0,32.0,32.0,32.0,32.0
2008-06,MUN,CE|QUIXADA,glp,5,33.0,32.2,34.0,32.0,34.0
2008-06,MUN,CE|SAO GONCALO DO AMARANTE,glp,1,33.0,33.0,33.0,33.0,33.0
2008-06,MUN,CE|SOBRAL,glp,3,33.0,33.0,33.0,33.0,33.0
2008-06,MUN,DF|BRASILIA,glp,128,38.0,35.0,39.0,32.0,40.02
2008-06,MUN,ES|ARACRUZ,glp,5,32.5,32.0,35.0,32.0,35.0
2008-06,MUN,ES|BARRA DE SAO FRANCISCO,glp,6,30.0,30.0,33.5,30.0,35.0
2008-06,MUN,ES|CACHOEIRO DE ITAPEMIRIM,glp,12,33.0,32.5,33.0,30.0,33.0
2008-06,MUN,ES|CARIACICA,glp,16,35.0,32.495,36.0,30.0,37.0
2008-06,MUN,ES|CASTELO,glp,2,32.5,32.1,32.9,32.0,33.0
2008-06,MUN,ES|COLATINA,glp,7,32.0,32.0,34.4,32.0,35.0
2008-06,MUN,ES|GUARAPARI,glp,6,34.5,32.5,35.5,32.0,36.0
2008-06,MUN,ES|ITAPEMIRIM,glp,1,33.0,33.0,33.0,33.0,33.0
2008-06,MUN,ES|JAGUARE,glp,3,34.0,33.92,34.8,33.9,35.0
2008-06,MUN,ES|LINHARES,glp,11,35.0,35.0,35.0,34.5,35.0
2008-06,MUN,ES|NOVA VENECIA,glp,1,35.0,35.0,35.0,35.0,35.0
2008-06,MUN,ES|PIUMA,glp,1,33.0,33.0,33.0,33.0,33.0
2008-06,MUN,ES|SAO MATEUS,glp,8,33.0,33.0,34.0,33.0,34.0
2008-06,MUN,ES|SERRA,glp,37,34.0,32.0,35.0,32.0,35.0
2008-06,MUN,ES|VILA VELHA,glp,13,34.0,32.0,34.0,32.0,35.0
2008-06,MUN,ES|VITORIA,glp,4,35.75,35.15,36.7,35.0,37.0
2008-06,MUN,GO|AGUAS LINDAS DE GOIAS,glp,7,35.0,35.0,35.0,35.0,35.0
2008-06,MUN,GO|ANAPOLIS,glp,104,32.0,31.0,33.0,29.9,34.0
2008-06,MUN,GO|APARECIDA DE GOIANIA,glp,108,32.0,31.0,33.0,31.0,33.0
2008-06,MUN,GO|BELA VISTA DE GOIAS,glp,1,32.0,32.0,32.0,32.0,32.0
2008-06,MUN,GO|CALDAS NOVAS,glp,38,34.0,33.0,35.0,32.0,38.0
2008-06,MUN,GO|CATALAO,glp,14,30.0,30.0,30.7,30.0,31.0
2008-06,MUN,GO|FORMOSA,glp,36,37.0,37.0,37.0,37.0,37.0
2008-06,MUN,GO|GOIANIA,glp,298,32.0,31.0,33.0,30.0,33.5
2008-06,MUN,GO|GOIATUBA,glp,11,34.0,32.0,34.0,32.0,34.0
2008-06,MUN,GO|ITUMBIARA,glp,18,33.0,33.0,33.0,33.0,33.5
2008-06,MUN,GO|JATAI,glp,23,35.0,35.0,36.0,35.0,37.0
2008-06,MUN,GO|LUZIANIA,glp,60,33.0,33.0,34.0,32.0,34.0
2008-06,MUN,GO|MINEIROS,glp,18,35.0,35.0,35.15,35.0,35.5
2008-06,MUN,GO|MORRINHOS,glp,21,34.0,32.9,35.0,32.0,39.0
2008-06,MUN,GO|PLANALTINA,glp,22,38.0,38.0,38.9,35.0,39.0
2008-06,MUN,GO|PONTALINA,glp,1,34.0,34.0,34.0,34.0,34.0
2008-06,MUN,GO|PORANGATU,glp,13,33.0,32.0,35.0,29.99,36.0
2008-06,MUN,GO|RIO VERDE,glp,42,36.0,36.0,36.0,35.5,36.0
2008-06,MUN,GO|SANTO ANTONIO DE GOIAS,glp,1,31.0,31.0,31.0,31.0,31.0
2008-06,MUN,GO|TRINDADE,glp,43,31.0,30.5,31.5,30.0,32.0
2008-06,MUN,GO|VALPARAISO DE GOIAS,glp,9,30.0,29.8,30.6,29.0,31.0
2008-06,MUN,MA|ACAILANDIA,glp,2,38.0,38.0,38.0,38.0,38.0
2008-06,MUN,MA|BACABAL,glp,2,37.0,36.6,37.4,36.5,37.5
2008-06,MUN,MA|BALSAS,glp,3,37.0,37.0,37.0,37.0,37.0
2008-06,MUN,MA|BARRA DO CORDA,glp,2,38.0,38.0,38.0,38.0,38.0
2008-06,MUN,MA|CAROLINA,glp,3,40.0,39.2,40.0,39.0,40.0
2008-06,MUN,MA|CAXIAS,glp,1,38.0,38.0,38.0,38.0,38.0
2008-06,MUN,MA|CODO,glp,2,36.5,36.5,36.5,36.5,36.5
2008-06,MUN,MA|IMPERATRIZ,glp,41,40.0,40.0,40.0,38.0,40.0
2008-06,MUN,MA|MATINHA,glp,1,34.0,34.0,34.0,34.0,34.0
2008-06,MUN,MA|PINHEIRO,glp,2,37.5,37.1,37.9,37.0,38.0
2008-06,MUN,MA|PRESIDENTE DUTRA,glp,2,35.0,35.0,35.0,35.0,35.0
2008-06,MUN,MA|SANTA INES,glp,2,35.375,35.275,35.475,35.25,35.5
2008-06,MUN,MA|SAO JOAO DOS PATOS,glp,2,38.0,38.0,38.0,38.0,38.0
2008-06,MUN,MA|SAO JOSE DE RIBAMAR,glp,13,35.0,34.0,35.0,34.0,35.5
2008-06,MUN,MA|SAO LUIS,glp,39,34.5,34.0,35.0,33.0,35.5
2008-06,MUN,MA|TIMON,glp,1,35.0,35.0,35.0,35.0,35.0
2008-06,MUN,MG|ALFENAS,glp,19,32.0,30.0,35.1,30.0,36.0
2008-06,MUN,MG|ARAGUARI,glp,16,37.0,36.0,37.0,35.0,37.0
2008-06,MUN,MG|ARAXA,glp,3,36.0,35.6,36.0,35.5,36.0
2008-06,MUN,MG|BARBACENA,glp,16,33.0,32.0,35.0,30.0,38.0
2008-06,MUN,MG|BELO HORIZONTE,glp,132,35.0,32.0,35.45,29.5,36.0
2008-06,MUN,MG|BETIM,glp,40,34.695,32.0,35.0,31.9,36.0
2008-06,MUN,MG|BOM DESPACHO,glp,2,35.0,35.0,35.0,35.0,35.0
2008-06,MUN,MG|CAMPO BELO,glp,9,35.0,34.9,35.0,34.5,35.0
2008-06,MUN,MG|CARATINGA,glp,3,33.0,32.2,33.0,32.0,33.0
2008-06,MUN,MG|CATAGUASES,glp,2,36.0,36.0,36.0,36.0,36.0
2008-06,MUN,MG|CONCEICAO DAS ALAGOAS,glp,1,35.0,35.0,35.0,35.0,35.0
2008-06,MUN,MG|CONGONHAS,glp,9,36.0,35.5,36.0,35.5,36.0
2008-06,MUN,MG|CONSELHEIRO LAFAIETE,glp,4,35.25,35.0,35.85,35.0,36.0
2008-06,MUN,MG|CONTAGEM,glp,77,34.5,32.34,36.0,31.0,36.0
2008-06,MUN,MG|CORONEL FABRICIANO,glp,3,35.0,35.0,35.0,35.0,35.0
2008-06,MUN,MG|CURVELO,glp,9,35.0,35.0,36.0,35.0,36.0
2008-06,MUN,MG|DIAMANTINA,glp,9,35.0,34.0,36.0,30.0,36.0
2008-06,MUN,MG|DIVINOPOLIS,glp,21,36.0,35.5,36.0,35.0,36.0
2008-06,MUN,MG|FORMIGA,glp,10,35.0,35.0,35.0,35.0,35.0
2008-06,MUN,MG|FRUTAL,glp,5,34.0,33.4,34.6,33.0,35.0
2008-06,MUN,MG|GOVERNADOR VALADARES,glp,19,34.0,34.0,35.0,32.0,35.22
2008-06,MUN,MG|GUAXUPE,glp,7,31.0,30.16,32.0,28.9,32.0
2008-06,MUN,MG|IBIRITE,glp,12,35.0,34.0,35.86,32.0,36.0
2008-06,MUN,MG|IPATINGA,glp,15,35.0,32.4,35.0,32.0,35.0
2008-06,MUN,MG|ITABIRA,glp,3,37.0,37.0,37.0,37.0,37.0
2008-06,MUN,MG|ITAJUBA,glp,12,34.75,33.1,35.0,33.0,36.0
2008-06,MUN,MG|ITAUNA,glp,14,33.0,32.3,33.7,32.0,35.0
2008-06,MUN,MG|ITUIUTABA,glp,17,34.0,33.0,35.0,33.0,35.0
2008-06,MUN,MG|ITURAMA,glp,1,32.0,32.0,32.0,32.0,32.0
2008-06,MUN,MG|JANAUBA,glp,2,36.0,36.0,36.0,36.0,36.0
2008-06,MUN,MG|JANUARIA,glp,8,35.5,35.35,36.0,35.0,36.0
2008-06,MUN,MG|JOAO MONLEVADE,glp,7,35.0,33.6,35.4,33.0,36.0
2008-06,MUN,MG|JOAO PINHEIRO,glp,16,38.0,35.25,38.0,35.0,39.0
2008-06,MUN,MG|JUIZ DE FORA,glp,88,37.0,35.0,39.0,33.0,39.0
2008-06,MUN,MG|LAVRAS,glp,10,31.5,28.0,35.0,28.0,35.0
2008-06,MUN,MG|LEOPOLDINA,glp,5,35.0,34.1,35.3,33.5,35.5
2008-06,MUN,MG|MANHUACU,glp,4,33.5,32.65,34.7,32.5,35.0
2008-06,MUN,MG|MARIANA,glp,5,32.0,32.0,32.0,32.0,32.0
2008-06,MUN,MG|MATIAS BARBOSA,glp,1,36.0,36.0,36.0,36.0,36.0
2008-06,MUN,MG|MONTE CARMELO,glp,17,32.0,31.6,36.0,30.0,36.0
2008-06,MUN,MG|MONTES CLAROS,glp,47,36.0,35.0,36.0,34.0,36.0
2008-06,MUN,MG|MURIAE,glp,3,32.0,30.04,34.4,29.55,35.0
2008-06,MUN,MG|NOVA LIMA,glp,9,36.0,34.9,36.4,34.5,38.0
2008-06,MUN,MG|OLIVEIRA,glp,7,35.0,35.0,35.0,35.0,35.0
2008-06,MUN,MG|OURO PRETO,glp,8,36.0,35.0,36.6,35.0,38.0
2008-06,MUN,MG|PARA DE MINAS,glp,10,35.95,34.8,36.5,33.0,36.5
2008-06,MUN,MG|PARACATU,glp,8,38.0,38.0,40.0,38.0,40.0
2008-06,MUN,MG|PASSOS,glp,16,32.0,30.0,33.5,29.5,36.0
2008-06,MUN,MG|PATOS DE MINAS,glp,18,35.0,34.0,35.0,34.0,36.0
2008-06,MUN,MG|PATROCINIO,glp,18,36.0,36.0,36.0,36.0,36.0
2008-06,MUN,MG|POCOS DE CALDAS,glp,17,32.0,32.0,34.2,30.0,36.0
2008-06,MUN,MG|POUSO ALEGRE,glp,19,37.0,36.0,37.0,36.0,37.0
2008-06,MUN,MG|RIBEIRAO DAS NEVES,glp,22,33.0,32.0,34.9,30.0,36.0
2008-06,MUN,MG|SABARA,glp,17,35.0,30.6,36.0,30.0,36.0
2008-06,MUN,MG|SANTA LUZIA,glp,24,35.5,35.0,36.0,34.0,36.0
2008-06,MUN,MG|SANTOS DUMONT,glp,5,35.0,33.5,35.0,32.5,35.0
2008-06,MUN,MG|SAO GOTARDO,glp,1,34.0,34.0,34.0,34.0,34.0
2008-06,MUN,MG|SAO JOAO DEL REI,glp,15,37.0,35.7,37.0,35.5,37.0
2008-06,MUN,MG|SAO LOURENCO,glp,2,36.0,36.0,36.0,36.0,36.0
2008-06,MUN,MG|SAO SEBASTIAO DO PARAISO,glp,11,35.0,35.0,36.0,34.0,36.0
2008-06,MUN,MG|SETE LAGOAS,glp,15,32.5,30.2,34.6,30.0,35.5
2008-06,MUN,MG|TEOFILO OTONI,glp,31,35.5,35.0,36.0,33.0,36.0
2008-06,MUN,MG|TIMOTEO,glp,6,34.0,33.5,34.5,33.0,35.0
2008-06,MUN,MG|TRES CORACOES,glp,8,28.0,27.0,28.6,27.0,30.0
2008-06,MUN,MG|UBA,glp,7,35.0,35.0,35.0,35.0,35.0
2008-06,MUN,MG|UBERABA,glp,54,35.0,35.0,35.0,34.0,35.0
2008-06,MUN,MG|UBERLANDIA,glp,100,35.0,33.0,35.0,32.0,36.5
2008-06,MUN,MG|UNAI,glp,12,39.0,39.0,39.0,39.0,39.0
2008-06,MUN,MG|VARGINHA,glp,18,36.0,35.5,36.0,35.5,36.0
2008-06,MUN,MG|VESPASIANO,glp,10,33.5,32.88,35.55,31.8,36.0
2008-06,MUN,MG|VICOSA,glp,3,35.0,35.0,35.0,35.0,35.0
2008-06,MUN,MS|BATAYPORA,glp,1,38.0,38.0,38.0,38.0,38.0
2008-06,MUN,MS|CAMPO GRANDE,glp,167,34.0,32.0,35.0,30.0,36.0
2008-06,MUN,MS|CORUMBA,glp,7,42.0,41.8,42.0,41.5,42.0
2008-06,MUN,MS|COXIM,glp,9,35.0,34.9,35.1,34.5,35.5
2008-06,MUN,MS|DOURADOS,glp,56,39.0,37.75,41.25,35.0,43.0
2008-06,MUN,MS|NOVA ANDRADINA,glp,14,38.0,34.3,38.0,34.0,40.0
2008-06,MUN,MS|PARANAIBA,glp,18,40.0,40.0,40.0,39.5,40.0
2008-06,MUN,MS|PONTA PORA,glp,4,38.0,37.0,39.0,37.0,39.0
2008-06,MUN,MS|SAO GABRIEL DO OESTE,glp,1,35.0,35.0,35.0,35.0,35.0
2008-06,MUN,MS|TRES LAGOAS,glp,16,37.5,35.75,38.0,35.5,38.0
2008-06,MUN,MT|ALTA FLORESTA,glp,6,40.0,40.0,41.0,40.0,42.0
2008-06,MUN,MT|CACERES,glp,8,38.0,38.0,38.0,38.0,38.0
2008-06,MUN,MT|CUIABA,glp,32,40.0,38.55,41.0,38.0,42.0
2008-06,MUN,MT|RONDONOPOLIS,glp,9,41.5,40.0,42.0,40.0,42.0
2008-06,MUN,MT|SINOP,glp,11,40.0,38.0,42.0,38.0,42.0
2008-06,MUN,MT|SORRISO,glp,7,39.5,38.8,40.2,38.5,40.5
2008-06,MUN,MT|VARZEA GRANDE,glp,12,40.0,39.5,40.95,36.0,42.0
2008-06,MUN,PA|ABAETETUBA,glp,4,34.0,34.0,34.0,34.0,34.0
2008-06,MUN,PA|ALENQUER,glp,1,36.0,36.0,36.0,36.0,36.0
2008-06,MUN,PA|ALTAMIRA,glp,9,40.0,38.8,40.0,38.0,40.0
2008-06,MUN,PA|ANANINDEUA,glp,63,33.0,32.0,33.9,30.0,34.0
2008-06,MUN,PA|BELEM,glp,79,32.0,32.0,33.0,31.5,34.0
2008-06,MUN,PA|BRAGANCA,glp,4,37.0,37.0,37.0,37.0,37.0
2008-06,MUN,PA|BREVES,glp,2,32.5,32.1,32.9,32.0,33.0
2008-06,MUN,PA|CAMETA,glp,3,33.0,32.2,33.8,32.0,34.0
2008-06,MUN,PA|CASTANHAL,glp,7,35.5,35.0,35.7,35.0,36.0
2008-06,MUN,PA|CONCEICAO DO ARAGUAIA,glp,2,37.0,37.0,37.0,37.0,37.0
2008-06,MUN,PA|ITAITUBA,glp,7,37.0,35.0,38.0,35.0,38.0
2008-06,MUN,PA|MARABA,glp,1,38.0,38.0,38.0,38.0,38.0
2008-06,MUN,PA|PARAGOMINAS,glp,3,37.0,37.0,37.0,37.0,37.0
2008-06,MUN,PA|PARAUAPEBAS,glp,3,39.0,39.0,39.0,39.0,39.0
2008-06,MUN,PA|REDENCAO,glp,5,38.0,36.0,38.0,36.0,38.0
2008-06,MUN,PA|SANTAREM,glp,21,35.0,34.0,36.0,33.5,36.0
2008-06,MUN,PA|TUCURUI,glp,4,38.0,38.0,38.0,38.0,38.0
2008-06,MUN,PA|XINGUARA,glp,7,39.0,39.0,40.0,39.0,40.0
2008-06,MUN,PB|BAYEUX,glp,4,34.5,33.3,35.0,33.0,35.0
2008-06,MUN,PB|CABEDELO,glp,3,34.0,33.2,34.8,33.0,35.0
2008-06,MUN,PB|CAMPINA GRANDE,glp,20,35.0,33.0,35.0,30.0,35.0
2008-06,MUN,PB|GUARABIRA,glp,1,35.0,35.0,35.0,35.0,35.0
2008-06,MUN,PB|INGA,glp,1,35.0,35.0,35.0,35.0,35.0
2008-06,MUN,PB|JOAO PESSOA,glp,31,33.0,32.0,35.0,30.0,35.0
2008-06,MUN,PB|MAMANGUAPE,glp,2,34.0,33.2,34.8,33.0,35.0
2008-06,MUN,PB|PATOS,glp,5,35.0,33.8,35.0,33.0,35.0
2008-06,MUN,PB|SANTA RITA,glp,4,33.0,32.3,34.4,32.0,35.0
2008-06,MUN,PB|SAPE,glp,1,35.0,35.0,35.0,35.0,35.0
2008-06,MUN,PB|SOUSA,glp,3,30.0,30.0,32.4,30.0,33.0
2008-06,MUN,PE|ABREU E LIMA,glp,7,35.0,32.9,35.0,32.0,35.0
2008-06,MUN,PE|AFOGADOS DA INGAZEIRA,glp,1,30.0,30.0,30.0,30.0,30.0
2008-06,MUN,PE|AGUAS BELAS,glp,1,36.0,36.0,36.0,36.0,36.0
2008-06,MUN,PE|ARARIPINA,glp,1,33.0,33.0,33.0,33.0,33.0
2008-06,MUN,PE|ARCOVERDE,glp,1,36.0,36.0,36.0,36.0,36.0
2008-06,MUN,PE|BELO JARDIM,glp,4,33.0,33.0,33.0,33.0,33.0
2008-06,MUN,PE|BOM CONSELHO,glp,3,32.0,32.0,32.4,32.0,32.5
2008-06,MUN,PE|CABO DE SANTO AGOSTINHO,glp,5,35.0,30.4,35.0,28.0,35.0
2008-06,MUN,PE|CAMARAGIBE,glp,12,31.0,30.019,32.45,30.0,33.5
2008-06,MUN,PE|CARUARU,glp,6,32.25,32.0,33.0,32.0,33.0
2008-06,MUN,PE|GARANHUNS,glp,4,32.25,30.95,32.85,30.5,33.0
2008-06,MUN,PE|GOIANA,glp,2,32.5,32.1,32.9,32.0,33.0
2008-06,MUN,PE|GRAVATA,glp,4,35.0,33.95,35.0,33.5,35.0
2008-06,MUN,PE|IGARASSU,glp,8,35.0,35.0,35.0,35.0,35.0
2008-06,MUN,PE|JABOATAO DOS GUARARAPES,glp,35,33.0,32.0,35.0,31.5,35.0
2008-06,MUN,PE|JUCATI,glp,1,32.5,32.5,32.5,32.5,32.5
2008-06,MUN,PE|LAJEDO,glp,4,30.0,30.0,30.0,30.0,30.0
2008-06,MUN,PE|MORENO,glp,1,35.0,35.0,35.0,35.0,35.0
2008-06,MUN,PE|OLINDA,glp,19,32.0,32.0,33.0,31.995,35.0
2008-06,MUN,PE|PAULISTA,glp,7,32.0,31.8,33.8,31.5,35.0
2008-06,MUN,PE|PETROLINA,glp,3,35.0,35.0,35.0,35.0,35.0
2008-06,MUN,PE|RECIFE,glp,82,32.0,28.0,35.0,27.0,35.0
2008-06,MUN,PE|SALGUEIRO,glp,2,34.5,34.1,34.9,34.0,35.0
2008-06,MUN,PE|SANTA CRUZ DO CAPIBARIBE,glp,3,38.0,38.0,38.0,38.0,38.0
2008-06,MUN,PE|SAO BENTO DO UNA,glp,2,33.0,33.0,33.0,33.0,33.0
2008-06,MUN,PE|SAO LOURENCO DA MATA,glp,12,32.5,32.0,34.85,30.0,35.0
2008-06,MUN,PE|SERRA TALHADA,glp,5,33.0,31.0,33.0,31.0,33.0
2008-06,MUN,PE|VENTUROSA,glp,1,34.0,34.0,34.0,34.0,34.0
2008-06,MUN,PE|VITORIA DE SANTO ANTAO,glp,10,35.0,34.0,35.0,34.0,35.0
2008-06,MUN,PI|BARRAS,glp,1,32.5,32.5,32.5,32.5,32.5
2008-06,MUN,PI|CAMPO MAIOR,glp,4,37.0,37.0,37.0,37.0,37.0
2008-06,MUN,PI|OEIRAS,glp,3,38.0,38.0,38.0,38.0,38.0
2008-06,MUN,PI|PARNAIBA,glp,1,37.0,37.0,37.0,37.0,37.0
2008-06,MUN,PI|PICOS,glp,2,38.0,38.0,38.0,38.0,38.0
2008-06,MUN,PI|PIRIPIRI,glp,3,37.0,37.0,37.0,37.0,37.0
2008-06,MUN,PI|TERESINA,glp,49,37.0,37.0,37.0,36.0,37.0
2008-06,MUN,PR|ALMIRANTE TAMANDARE,glp,9,30.0,29.0,30.4,29.0,32.0
2008-06,MUN,PR|APUCARANA,glp,19,30.0,28.0,33.2,27.9,34.0
2008-06,MUN,PR|ARAPONGAS,glp,18,33.0,32.0,34.0,32.0,36.0
2008-06,MUN,PR|ARAUCARIA,glp,9,30.0,30.0,31.0,30.0,31.0
2008-06,MUN,PR|ASSIS CHATEAUBRIAND,glp,4,32.425,30.41,32.97,29.75,33.0
2008-06,MUN,PR|CAMBE,glp,43,33.0,32.0,35.0,30.0,35.0
2008-06,MUN,PR|CAMPO LARGO,glp,16,30.0,28.75,30.0,28.0,32.0
2008-06,MUN,PR|CAMPO MOURAO,glp,10,33.0,30.0,35.0,30.0,35.0
2008-06,MUN,PR|CASCAVEL,glp,27,33.0,32.9,33.2,29.5,34.0
2008-06,MUN,PR|CASTRO,glp,11,33.5,32.0,34.0,30.0,35.0
2008-06,MUN,PR|CIANORTE,glp,16,38.0,36.725,38.0,32.5,38.0
2008-06,MUN,PR|COLOMBO,glp,31,31.0,30.0,32.0,28.9,33.0
2008-06,MUN,PR|CORNELIO PROCOPIO,glp,8,35.0,34.7,35.0,34.0,35.0
2008-06,MUN,PR|CURITIBA,glp,121,30.0,29.9,32.0,27.4,33.0
2008-06,MUN,PR|FOZ DO IGUACU,glp,41,38.5,35.0,39.0,29.0,39.0
2008-06,MUN,PR|FRANCISCO BELTRAO,glp,9,35.0,32.6,36.2,31.0,37.0
2008-06,MUN,PR|GUARAPUAVA,glp,11,32.0,32.0,33.0,32.0,34.0
2008-06,MUN,PR|LARANJEIRAS DO SUL,glp,7,35.5,35.0,36.4,35.0,37.0
2008-06,MUN,PR|LONDRINA,glp,108,31.0,30.0,33.0,29.5,35.0
2008-06,MUN,PR|MARECHAL CANDIDO RONDON,glp,11,37.0,37.0,37.0,35.0,37.0
2008-06,MUN,PR|MARINGA,glp,34,32.75,31.0,34.0,29.5,36.0
2008-06,MUN,PR|MEDIANEIRA,glp,1,38.5,38.5,38.5,38.5,38.5
2008-06,MUN,PR|PARANAGUA,glp,20,35.0,33.0,35.0,31.0,35.0
2008-06,MUN,PR|PARANAVAI,glp,15,35.0,33.0,35.0,33.0,35.0
2008-06,MUN,PR|PATO BRANCO,glp,9,33.0,32.0,34.2,32.0,35.0
2008-06,MUN,PR|PINHAIS,glp,16,30.0,30.0,32.0,28.0,32.0
2008-06,MUN,PR|PIRAI DO SUL,glp,1,34.0,34.0,34.0,34.0,34.0
2008-06,MUN,PR|PONTA GROSSA,glp,66,33.0,31.25,33.75,30.0,34.0
2008-06,MUN,PR|SANTO ANTONIO DA PLATINA,glp,15,32.0,32.0,34.0,32.0,35.0
2008-06,MUN,PR|SAO JOSE DOS PINHAIS,glp,15,31.0,30.0,32.0,30.0,32.0
2008-06,MUN,PR|SARANDI,glp,1,31.8,31.8,31.8,31.8,31.8
2008-06,MUN,PR|TERRA BOA,glp,1,35.0,35.0,35.0,35.0,35.0
2008-06,MUN,PR|TOLEDO,glp,11,33.0,32.0,36.5,30.0,38.0
2008-06,MUN,PR|UMUARAMA,glp,13,30.0,30.0,33.0,30.0,34.0
2008-06,MUN,PR|UNIAO DA VITORIA,glp,3,30.8,30.16,31.76,30.0,32.0
2008-06,MUN,RJ|ANGRA DOS REIS,glp,4,34.9,34.27,35.32,34.0,35.5
2008-06,MUN,RJ|ARARUAMA,glp,5,33.0,31.6,33.6,31.0,34.0
2008-06,MUN,RJ|ARMACAO DOS BUZIOS,glp,1,33.5,33.5,33.5,33.5,33.5
2008-06,MUN,RJ|BARRA DO PIRAI,glp,4,33.15,33.0,34.14,33.0,34.5
2008-06,MUN,RJ|BARRA MANSA,glp,18,33.5,32.0,35.56,32.0,36.0
2008-06,MUN,RJ|BELFORD ROXO,glp,6,30.0,29.998,31.248,29.995,31.5
2008-06,MUN,RJ|CABO FRIO,glp,4,30.0,29.3,30.0,29.0,30.0
2008-06,MUN,RJ|CAMPOS DOS GOYTACAZES,glp,16,32.0,30.0,33.0,29.99,33.0
2008-06,MUN,RJ|DUQUE DE CAXIAS,glp,29,31.0,30.0,33.0,30.0,33.0
2008-06,MUN,RJ|ITABORAI,glp,3,31.5,31.1,32.7,31.0,33.0
2008-06,MUN,RJ|ITAGUAI,glp,4,32.5,32.15,32.85,32.0,33.0
2008-06,MUN,RJ|ITAPERUNA,glp,4,30.0,30.0,30.0,30.0,30.0
2008-06,MUN,RJ|MACAE,glp,2,30.0,30.0,30.0,30.0,30.0
2008-06,MUN,RJ|MAGE,glp,2,32.25,32.05,32.45,32.0,32.5
2008-06,MUN,RJ|MANGARATIBA,glp,3,34.0,33.92,34.0,33.9,34.0
2008-06,MUN,RJ|MARICA,glp,2,31.0,30.2,31.8,30.0,32.0
2008-06,MUN,RJ|NILOPOLIS,glp,5,30.0,28.4,31.2,28.0,32.0
2008-06,MUN,RJ|NITEROI,glp,6,31.0,30.248,31.748,30.0,32.0
2008-06,MUN,RJ|NOVA FRIBURGO,glp,5,34.0,33.4,35.74,33.0,36.9
2008-06,MUN,RJ|NOVA IGUACU,glp,20,31.0,30.0,32.1,30.0,34.0
2008-06,MUN,RJ|PARAIBA DO SUL,glp,2,32.0,32.0,32.0,32.0,32.0
2008-06,MUN,RJ|PARATY,glp,2,34.5,34.1,34.9,34.0,35.0
2008-06,MUN,RJ|PETROPOLIS,glp,4,35.95,33.52,36.0,32.5,36.0
2008-06,MUN,RJ|RESENDE,glp,6,32.75,31.975,35.0,31.45,35.0
2008-06,MUN,RJ|RIO BONITO,glp,2,31.5,30.3,32.7,30.0,33.0
2008-06,MUN,RJ|RIO DE JANEIRO,glp,85,32.0,29.99,35.0,27.99,37.0
2008-06,MUN,RJ|SANTO ANTONIO DE PADUA,glp,1,35.0,35.0,35.0,35.0,35.0
2008-06,MUN,RJ|SAO FRANCISCO DE ITABAPOANA,glp,1,33.5,33.5,33.5,33.5,33.5
2008-06,MUN,RJ|SAO GONCALO,glp,7,31.0,29.792,32.4,29.495,33.0
2008-06,MUN,RJ|SAO JOAO DE MERITI,glp,7,33.0,32.0,34.4,32.0,35.0
2008-06,MUN,RJ|SAPUCAIA,glp,2,33.0,33.0,33.0,33.0,33.0
2008-06,MUN,RJ|SAQUAREMA,glp,3,30.0,29.992,30.8,29.99,31.0
2008-06,MUN,RJ|TERESOPOLIS,glp,3,35.5,35.1,35.9,35.0,36.0
2008-06,MUN,RJ|TRES RIOS,glp,2,32.0,32.0,32.0,32.0,32.0
2008-06,MUN,RJ|VALENCA,glp,6,33.5,33.0,34.25,33.0,34.5
2008-06,MUN,RJ|VASSOURAS,glp,3,34.0,33.2,34.4,33.0,34.5
2008-06,MUN,RJ|VOLTA REDONDA,glp,7,33.0,32.0,36.0,32.0,36.0
2008-06,MUN,RN|CAICO,glp,3,35.0,35.0,35.0,35.0,35.0
2008-06,MUN,RN|CURRAIS NOVOS,glp,6,35.0,35.0,35.0,35.0,35.0
2008-06,MUN,RN|MOSSORO,glp,3,32.0,32.0,32.0,32.0,32.0
2008-06,MUN,RN|NATAL,glp,14,32.0,32.0,32.0,30.0,32.5
2008-06,MUN,RN|PARNAMIRIM,glp,3,30.0,30.0,30.0,30.0,30.0
2008-06,MUN,RN|SAO JOSE DE MIPIBU,glp,2,32.0,32.0,32.0,32.0,32.0
2008-06,MUN,RN|TIMBAUBA DOS BATISTAS,glp,1,35.0,35.0,35.0,35.0,35.0
2008-06,MUN,RO|ARIQUEMES,glp,9,38.0,37.8,38.0,37.0,38.0
2008-06,MUN,RO|CACOAL,glp,9,38.0,37.8,38.5,37.0,38.5
2008-06,MUN,RO|GUAJARA-MIRIM,glp,4,38.0,38.0,38.0,38.0,38.0
2008-06,MUN,RO|JI-PARANA,glp,20,37.0,37.0,37.5,35.0,38.0
2008-06,MUN,RO|PIMENTA BUENO,glp,4,42.0,42.0,42.0,42.0,42.0
2008-06,MUN,RO|PORTO VELHO,glp,95,34.0,33.0,35.0,32.8,36.0
2008-06,MUN,RO|SAO MIGUEL DO GUAPORE,glp,1,42.0,42.0,42.0,42.0,42.0
2008-06,MUN,RO|VILHENA,glp,8,42.0,42.0,42.0,42.0,42.0
2008-06,MUN,RR|BOA VISTA,glp,24,38.0,36.16,38.85,35.5,40.0
2008-06,MUN,RR|MUCAJAI,glp,1,39.0,39.0,39.0,39.0,39.0
2008-06,MUN,RR|RORAINOPOLIS,glp,1,40.0,40.0,40.0,40.0,40.0
2008-06,MUN,RS|ALEGRETE,glp,12,35.0,33.0,35.95,33.0,36.0
2008-06,MUN,RS|ALVORADA,glp,11,33.0,30.0,35.0,29.9,35.0
2008-06,MUN,RS|BAGE,glp,25,32.0,32.0,33.6,28.0,36.0
2008-06,MUN,RS|BENTO GONCALVES,glp,9,39.0,37.0,41.0,35.0,41.0
2008-06,MUN,RS|CACAPAVA DO SUL,glp,7,37.0,35.0,37.0,35.0,37.0
2008-06,MUN,RS|CACHOEIRA DO SUL,glp,16,36.25,36.0,37.0,36.0,37.0
2008-06,MUN,RS|CACHOEIRINHA,glp,16,33.0,32.0,33.25,32.0,34.0
2008-06,MUN,RS|CANOAS,glp,47,36.0,34.8,37.4,31.0,39.0
2008-06,MUN,RS|CAXIAS DO SUL,glp,40,37.0,35.95,38.198,35.0,40.0
2008-06,MUN,RS|CHUI,glp,2,31.0,31.0,31.0,31.0,31.0
2008-06,MUN,RS|CRUZ ALTA,glp,5,33.0,31.4,38.2,31.0,39.0
2008-06,MUN,RS|CRUZEIRO DO SUL,glp,1,36.0,36.0,36.0,36.0,36.0
2008-06,MUN,RS|ERECHIM,glp,19,40.75,39.0,42.6,38.0,44.0
2008-06,MUN,RS|ESTEIO,glp,12,36.0,35.0,36.0,35.0,36.0
2008-06,MUN,RS|FARROUPILHA,glp,1,38.5,38.5,38.5,38.5,38.5
2008-06,MUN,RS|GRAMADO,glp,3,36.0,36.0,36.0,36.0,36.0
2008-06,MUN,RS|GRAVATAI,glp,29,32.5,30.9,34.0,30.5,36.0
2008-06,MUN,RS|GUAIBA,glp,11,34.4,34.0,35.0,33.0,35.0
2008-06,MUN,RS|IJUI,glp,8,34.25,34.0,35.45,34.0,36.5
2008-06,MUN,RS|IMBE,glp,1,36.0,36.0,36.0,36.0,36.0
2008-06,MUN,RS|JAGUARAO,glp,9,32.0,32.0,32.6,32.0,33.0
2008-06,MUN,RS|LAJEADO,glp,5,35.0,34.0,35.6,34.0,36.0
2008-06,MUN,RS|NOVA SANTA RITA,glp,1,36.0,36.0,36.0,36.0,36.0
2008-06,MUN,RS|NOVO HAMBURGO,glp,24,34.0,32.0,34.7,32.0,35.0
2008-06,MUN,RS|OSORIO,glp,8,36.75,35.7,37.3,35.0,38.0
2008-06,MUN,RS|PALMEIRA DAS MISSOES,glp,6,34.5,34.0,37.0,34.0,38.0
2008-06,MUN,RS|PASSO FUNDO,glp,52,39.0,37.5,40.0,37.0,40.5
2008-06,MUN,RS|PELOTAS,glp,38,32.0,30.0,33.0,30.0,34.0
2008-06,MUN,RS|PORTO ALEGRE,glp,47,34.0,33.0,35.9,32.0,36.0
2008-06,MUN,RS|RIO GRANDE,glp,47,33.0,30.0,35.0,30.0,37.0
2008-06,MUN,RS|SANTA CRUZ DO SUL,glp,16,35.0,35.0,35.5,35.0,36.0
2008-06,MUN,RS|SANTA MARIA,glp,39,35.0,33.0,37.1,32.0,38.0
2008-06,MUN,RS|SANTA ROSA,glp,9,35.0,34.8,37.0,34.0,37.0
2008-06,MUN,RS|SANTA VITORIA DO PALMAR,glp,8,34.0,32.0,34.3,32.0,35.0
2008-06,MUN,RS|SANTANA DO LIVRAMENTO,glp,14,34.0,34.0,34.0,34.0,34.1
2008-06,MUN,RS|SANTO ANGELO,glp,11,38.0,37.0,39.5,37.0,39.5
2008-06,MUN,RS|SAO BORJA,glp,3,35.0,35.0,35.0,35.0,35.0
2008-06,MUN,RS|SAO GABRIEL,glp,10,39.0,38.9,39.15,38.0,40.5
2008-06,MUN,RS|SAO LEOPOLDO,glp,19,35.0,33.2,36.0,30.0,36.0
2008-06,MUN,RS|SAO LUIZ GONZAGA,glp,5,39.0,37.0,40.0,37.0,40.0
2008-06,MUN,RS|SAPIRANGA,glp,10,35.0,34.0,36.0,34.0,36.0
2008-06,MUN,RS|SAPUCAIA DO SUL,glp,27,36.0,35.6,36.7,35.0,37.0
2008-06,MUN,RS|TORRES,glp,5,38.0,37.4,38.0,37.0,38.0
2008-06,MUN,RS|TRAMANDAI,glp,6,35.0,35.0,36.75,35.0,37.0
2008-06,MUN,RS|URUGUAIANA,glp,11,37.0,35.0,37.0,35.0,37.0
2008-06,MUN,RS|VACARIA,glp,7,36.0,36.0,36.046,36.0,36.1
2008-06,MUN,RS|VIAMAO,glp,18,37.0,36.0,38.0,34.0,38.0
2008-06,MUN,SC|ARARANGUA,glp,4,35.5,35.0,37.4,35.0,38.0
2008-06,MUN,SC|BALNEARIO CAMBORIU,glp,1,37.0,37.0,37.0,37.0,37.0
2008-06,MUN,SC|BIGUACU,glp,1,34.0,34.0,34.0,34.0,34.0
2008-06,MUN,SC|BLUMENAU,glp,37,38.0,35.6,41.0,34.0,42.0
2008-06,MUN,SC|BOMBINHAS,glp,1,33.0,33.0,33.0,33.0,33.0
2008-06,MUN,SC|BRUSQUE,glp,4,34.5,34.0,37.03,34.0,37.9
2008-06,MUN,SC|CACADOR,glp,3,38.0,36.4,38.0,36.0,38.0
2008-06,MUN,SC|CHAPECO,glp,21,35.5,35.0,37.0,34.5,38.0
2008-06,MUN,SC|CONCORDIA,glp,7,38.0,36.8,39.4,36.5,40.0
2008-06,MUN,SC|CRICIUMA,glp,9,35.0,33.0,39.36,33.0,40.0
2008-06,MUN,SC|FLORIANOPOLIS,glp,40,38.0,35.0,39.8,32.4,40.0
2008-06,MUN,SC|ITAJAI,glp,41,33.5,32.0,37.0,30.0,39.99
2008-06,MUN,SC|JARAGUA DO SUL,glp,4,36.0,35.3,36.35,35.0,36.5
2008-06,MUN,SC|JOINVILLE,glp,101,38.0,37.0,38.5,34.0,40.0
2008-06,MUN,SC|LAGES,glp,6,37.0,35.0,37.0,35.0,37.0
2008-06,MUN,SC|LAGUNA,glp,4,34.0,34.0,34.7,34.0,35.0
2008-06,MUN,SC|MAFRA,glp,4,31.75,31.0,32.85,31.0,33.0
2008-06,MUN,SC|PALHOCA,glp,16,36.0,34.25,37.65,30.0,40.0
2008-06,MUN,SC|SAO JOSE,glp,14,35.895,34.93,37.0,33.0,39.8
2008-06,MUN,SC|SAO MIGUEL DO OESTE,glp,6,33.5,32.0,35.99,32.0,37.98
2008-06,MUN,SC|TIJUCAS,glp,1,35.0,35.0,35.0,35.0,35.0
2008-06,MUN,SC|TUBARAO,glp,11,35.0,32.0,35.8,30.0,36.0
2008-06,MUN,SC|VIDEIRA,glp,5,35.0,32.0,35.0,32.0,35.0
2008-06,MUN,SC|XANXERE,glp,9,38.0,36.8,38.0,36.0,38.0
2008-06,MUN,SE|ARACAJU,glp,17,33.0,30.0,33.0,30.0,33.0
2008-06,MUN,SE|ITABAIANA,glp,4,33.5,30.9,34.0,30.0,34.0
2008-06,MUN,SE|ITABAIANINHA,glp,1,33.0,33.0,33.0,33.0,33.0
2008-06,MUN,SE|LAGARTO,glp,4,32.0,30.6,32.0,30.0,32.0
2008-06,MUN,SE|NOSSA SENHORA DO SOCORRO,glp,4,32.5,32.0,33.7,32.0,34.0
2008-06,MUN,SE|SIMAO DIAS,glp,1,30.0,30.0,30.0,30.0,30.0
2008-06,MUN,SE|TOBIAS BARRETO,glp,3,34.0,34.0,34.0,34.0,34.0
2008-06,MUN,SP|ADAMANTINA,glp,10,33.0,33.0,33.0,33.0,33.0
2008-06,MUN,SP|AMERICANA,glp,26,34.495,34.0,35.5,30.0,36.0
2008-06,MUN,SP|AMPARO,glp,4,32.5,32.0,35.03,32.0,35.9
2008-06,MUN,SP|APIAI,glp,2,34.0,34.0,34.0,34.0,34.0
2008-06,MUN,SP|ARACATUBA,glp,35,32.0,30.8,32.0,30.0,33.5
2008-06,MUN,SP|ARARAQUARA,glp,15,31.0,30.0,33.6,28.0,34.0
2008-06,MUN,SP|ARARAS,glp,2,32.237,32.048,32.428,32.0,32.475
2008-06,MUN,SP|ASSIS,glp,9,32.0,32.0,32.0,32.0,32.0
2008-06,MUN,SP|ATIBAIA,glp,21,32.0,31.0,33.0,29.5,33.5
2008-06,MUN,SP|AVARE,glp,7,37.0,36.6,38.0,36.0,38.0
2008-06,MUN,SP|BARRETOS,glp,13,30.0,29.2,30.0,28.9,30.0
2008-06,MUN,SP|BARUERI,glp,16,32.0,28.5,33.5,28.0,34.0
2008-06,MUN,SP|BAURU,glp,26,34.0,32.0,36.0,31.0,36.0
2008-06,MUN,SP|BEBEDOURO,glp,9,34.0,32.8,35.0,32.0,35.0
2008-06,MUN,SP|BIRIGUI,glp,24,32.0,31.0,33.0,30.0,33.0
2008-06,MUN,SP|BORACEIA,glp,1,35.0,35.0,35.0,35.0,35.0
2008-06,MUN,SP|BOTUCATU,glp,16,32.0,31.9,32.0,30.0,32.0
2008-06,MUN,SP|BRAGANCA PAULISTA,glp,27,30.0,26.99,32.4,25.99,33.0
2008-06,MUN,SP|CACAPAVA,glp,13,32.0,30.0,33.8,26.995,34.0
2008-06,MUN,SP|CAMPINAS,glp,51,32.0,29.9,33.0,28.0,35.0
2008-06,MUN,SP|CAMPOS DO JORDAO,glp,10,30.0,27.98,33.1,27.8,34.0
2008-06,MUN,SP|CAPAO BONITO,glp,4,33.0,32.3,33.0,32.0,33.0
2008-06,MUN,SP|CARAGUATATUBA,glp,7,34.0,34.0,34.396,34.0,34.99
2008-06,MUN,SP|CARAPICUIBA,glp,16,31.5,25.0,33.245,25.0,33.99
2008-06,MUN,SP|CATANDUVA,glp,16,31.75,30.0,32.5,29.5,33.0
2008-06,MUN,SP|COSMOPOLIS,glp,5,35.99,34.796,35.996,34.0,36.0
2008-06,MUN,SP|COTIA,glp,11,32.0,30.0,33.0,28.0,33.4
2008-06,MUN,SP|CRUZEIRO,glp,11,30.0,30.0,32.0,29.0,32.0
2008-06,MUN,SP|CUBATAO,glp,3,31.0,30.2,31.8,30.0,32.0
2008-06,MUN,SP|DIADEMA,glp,19,31.0,28.99,33.05,28.99,33.5
2008-06,MUN,SP|DRACENA,glp,9,35.0,33.8,36.0,33.0,36.0
2008-06,MUN,SP|EMBU DAS ARTES,glp,4,32.4,32.12,32.4,32.0,32.4
2008-06,MUN,SP|FERRAZ DE VASCONCELOS,glp,10,31.0,30.9,32.0,30.0,32.0
2008-06,MUN,SP|FRANCA,glp,22,30.0,28.2,32.0,28.0,32.0
2008-06,MUN,SP|FRANCISCO MORATO,glp,15,32.5,30.0,33.0,29.99,33.0
2008-06,MUN,SP|FRANCO DA ROCHA,glp,5,32.5,30.0,33.0,30.0,33.0
2008-06,MUN,SP|GARCA,glp,8,33.0,33.0,33.0,33.0,33.0
2008-06,MUN,SP|GUARATINGUETA,glp,12,28.25,28.0,29.9,27.0,33.0
2008-06,MUN,SP|GUARUJA,glp,5,35.0,31.0,35.5,31.0,35.5
2008-06,MUN,SP|GUARULHOS,glp,61,31.0,29.9,32.9,28.0,33.9
2008-06,MUN,SP|HORTOLANDIA,glp,21,32.0,30.0,33.0,28.99,33.0
2008-06,MUN,SP|IBITINGA,glp,7,30.0,30.0,30.0,30.0,30.0
2008-06,MUN,SP|INDAIATUBA,glp,34,35.0,33.0,35.0,33.0,35.0
2008-06,MUN,SP|ITANHAEM,glp,12,34.5,32.0,35.9,32.0,36.0
2008-06,MUN,SP|ITAPECERICA DA SERRA,glp,6,31.0,29.95,31.99,29.9,31.99
2008-06,MUN,SP|ITAPETININGA,glp,16,32.0,30.0,33.0,29.0,33.0
2008-06,MUN,SP|ITAPEVA,glp,5,32.0,30.8,34.6,30.0,35.0
2008-06,MUN,SP|ITAPEVI,glp,5,30.0,28.79,31.6,27.99,32.0
2008-06,MUN,SP|ITAPIRA,glp,4,31.0,31.0,31.7,31.0,32.0
2008-06,MUN,SP|ITAPOLIS,glp,15,30.0,30.0,31.8,30.0,33.0
2008-06,MUN,SP|ITAQUAQUECETUBA,glp,13,32.5,30.0,34.8,30.0,35.0
2008-06,MUN,SP|ITATIBA,glp,11,32.0,32.0,33.5,32.0,34.0
2008-06,MUN,SP|ITU,glp,11,31.0,30.0,33.0,29.0,33.0
2008-06,MUN,SP|JABOTICABAL,glp,12,32.0,32.0,33.0,32.0,33.0
2008-06,MUN,SP|JACAREI,glp,9,29.99,27.79,32.0,26.99,32.0
2008-06,MUN,SP|JALES,glp,8,34.0,32.7,34.615,32.0,35.0
2008-06,MUN,SP|JANDIRA,glp,8,30.495,28.7,31.15,28.0,31.5
2008-06,MUN,SP|JAU,glp,8,30.0,30.0,30.95,30.0,32.0
2008-06,MUN,SP|JOSE BONIFACIO,glp,14,32.0,31.0,32.0,31.0,32.0
2008-06,MUN,SP|JUNDIAI,glp,17,30.0,28.6,33.0,27.495,33.0
2008-06,MUN,SP|LEME,glp,17,32.0,31.2,34.0,30.0,34.0
2008-06,MUN,SP|LIMEIRA,glp,16,30.5,29.45,34.5,28.0,35.0
2008-06,MUN,SP|LINS,glp,19,32.0,30.8,35.0,30.0,35.0
2008-06,MUN,SP|LORENA,glp,11,29.0,27.0,30.0,26.495,31.99
2008-06,MUN,SP|MARILIA,glp,13,30.0,30.0,30.0,30.0,32.0
2008-06,MUN,SP|MATAO,glp,8,32.5,30.8,33.0,28.0,33.0
2008-06,MUN,SP|MAUA,glp,23,33.0,31.1,34.4,30.0,35.0
2008-06,MUN,SP|MIRASSOL,glp,10,30.0,28.9,30.2,28.0,32.0
2008-06,MUN,SP|MOCOCA,glp,12,35.0,34.0,35.0,33.0,35.0
2008-06,MUN,SP|MOGI DAS CRUZES,glp,35,34.0,32.4,35.0,30.0,38.0
2008-06,MUN,SP|MOGI GUACU,glp,12,30.0,30.0,30.0,30.0,30.0
2008-06,MUN,SP|MOGI MIRIM,glp,9,30.0,30.0,30.3,30.0,31.5
2008-06,MUN,SP|MONTE ALTO,glp,7,33.0,32.6,34.0,32.0,34.0
2008-06,MUN,SP|OLIMPIA,glp,8,30.0,30.0,31.0,30.0,31.0
2008-06,MUN,SP|OSASCO,glp,45,31.0,28.99,32.99,28.0,33.0
2008-06,MUN,SP|OURINHOS,glp,15,33.0,31.5,33.6,31.45,34.0
2008-06,MUN,SP|PARAGUACU PAULISTA,glp,11,32.0,32.0,32.0,30.0,32.5
2008-06,MUN,SP|PAULICEIA,glp,1,32.0,32.0,32.0,32.0,32.0
2008-06,MUN,SP|PAULINIA,glp,13,32.0,28.4,32.8,27.0,33.0
2008-06,MUN,SP|PINDAMONHANGABA,glp,17,31.0,28.0,33.0,27.99,33.0
2008-06,MUN,SP|PIRACICABA,glp,31,30.0,29.0,32.0,28.0,33.0
2008-06,MUN,SP|PIRASSUNUNGA,glp,7,32.0,31.3,32.0,31.0,32.0
2008-06,MUN,SP|PITANGUEIRAS,glp,1,30.0,30.0,30.0,30.0,30.0
2008-06,MUN,SP|POA,glp,8,31.0,30.7,31.3,30.0,32.0
2008-06,MUN,SP|PORTO FERREIRA,glp,6,30.0,30.0,31.0,30.0,32.0
2008-06,MUN,SP|PRAIA GRANDE,glp,9,33.0,31.6,33.4,30.0,35.0
2008-06,MUN,SP|PRESIDENTE PRUDENTE,glp,37,34.0,31.0,35.0,30.0,35.0
2008-06,MUN,SP|PRESIDENTE VENCESLAU,glp,8,30.0,30.0,30.0,30.0,30.0
2008-06,MUN,SP|RIBEIRAO PIRES,glp,11,33.0,30.0,33.0,29.99,34.0
2008-06,MUN,SP|RIBEIRAO PRETO,glp,97,32.0,30.0,33.4,29.0,35.0
2008-06,MUN,SP|RIO CLARO,glp,7,32.0,30.0,32.0,30.0,32.0
2008-06,MUN,SP|SALTO,glp,16,32.0,31.0,33.0,30.0,33.0
2008-06,MUN,SP|SANTA BARBARA D'OESTE,glp,19,34.0,34.0,35.0,34.0,35.0
2008-06,MUN,SP|SANTA CRUZ DO RIO PARDO,glp,9,33.5,32.8,34.1,32.0,34.5
2008-06,MUN,SP|SANTO ANDRE,glp,38,33.0,29.99,35.93,29.0,36.5
2008-06,MUN,SP|SANTOS,glp,12,32.0,30.091,33.0,29.9,34.0
2008-06,MUN,SP|SAO BERNARDO DO CAMPO,glp,34,33.0,31.0,34.85,29.99,35.0
2008-06,MUN,SP|SAO CAETANO DO SUL,glp,4,32.0,30.293,34.015,29.99,34.45
2008-06,MUN,SP|SAO CARLOS,glp,17,30.0,29.0,33.0,28.0,33.9
2008-06,MUN,SP|SAO JOAO DA BOA VISTA,glp,9,33.0,32.9,33.0,32.5,33.0
2008-06,MUN,SP|SAO JOAQUIM DA BARRA,glp,10,32.0,31.9,32.0,31.9,32.0
2008-06,MUN,SP|SAO JOSE DO RIO PRETO,glp,61,32.0,30.0,33.0,30.0,34.0
2008-06,MUN,SP|SAO JOSE DOS CAMPOS,glp,84,31.0,29.287,34.0,25.0,35.0
2008-06,MUN,SP|SAO PAULO,glp,218,30.0,28.99,33.62,28.0,36.0
2008-06,MUN,SP|SAO ROQUE,glp,7,31.0,30.2,31.36,29.0,31.9
2008-06,MUN,SP|SAO VICENTE,glp,21,30.0,28.0,33.0,27.45,35.0
2008-06,MUN,SP|SERTAOZINHO,glp,14,32.0,30.285,32.85,30.0,33.5
2008-06,MUN,SP|SOROCABA,glp,37,31.0,30.0,33.0,28.9,34.0
2008-06,MUN,SP|SUMARE,glp,22,32.0,30.0,34.0,29.99,34.0
2008-06,MUN,SP|SUZANO,glp,20,32.0,30.0,32.0,26.99,33.0
2008-06,MUN,SP|TABOAO DA SERRA,glp,6,29.995,28.99,32.0,28.99,33.0
2008-06,MUN,SP|TATUI,glp,7,32.0,31.0,33.4,31.0,34.0
2008-06,MUN,SP|TAUBATE,glp,40,28.0,27.891,30.0,26.0,30.0
2008-06,MUN,SP|TUPA,glp,6,31.75,31.0,34.0,31.0,35.0
2008-06,MUN,SP|UBATUBA,glp,10,30.0,28.9,30.0,28.0,30.0
2008-06,MUN,SP|VALINHOS,glp,8,33.5,32.0,34.0,32.0,34.0
2008-06,MUN,SP|VARZEA PAULISTA,glp,11,30.0,30.0,31.0,28.995,32.0
2008-06,MUN,SP|VINHEDO,glp,5,34.0,32.39,34.6,31.99,35.0
2008-06,MUN,SP|VOTORANTIM,glp,18,30.0,27.997,31.0,27.99,32.0
2008-06,MUN,SP|VOTUPORANGA,glp,15,30.0,30.0,32.0,30.0,33.0
2008-06,MUN,TO|ARAGUAINA,glp,12,40.0,40.0,40.0,40.0,40.0
2008-06,MUN,TO|COMBINADO,glp,1,37.0,37.0,37.0,37.0,37.0
2008-06,MUN,TO|DIANOPOLIS,glp,6,36.0,35.0,36.0,35.0,36.0
2008-06,MUN,TO|GURUPI,glp,57,35.0,35.0,36.0,35.0,36.0
2008-06,MUN,TO|PALMAS,glp,29,36.0,35.0,37.0,35.0,38.0
2008-06,MUN,TO|PARAISO DO TOCANTINS,glp,13,37.0,37.0,37.0,37.0,37.0
2008-06,MUN,TO|PORTO NACIONAL,glp,9,37.0,36.4,37.0,36.0,37.0
2008-06,MUN,TO|TAGUATINGA,glp,1,37.0,37.0,37.0,37.0,37.0
2008-06,UF,AC,glp,91,38.0,37.0,40.0,34.0,46.0
2008-06,UF,AL,glp,31,32.0,30.0,33.0,30.0,33.0
2008-06,UF,AM,glp,331,32.5,31.0,34.0,30.0,38.0
2008-06,UF,AP,glp,23,36.0,35.0,37.0,34.0,47.0
2008-06,UF,BA,glp,320,33.0,30.0,36.0,28.0,38.5
2008-06,UF,CE,glp,215,35.0,32.0,36.0,30.0,37.0
2008-06,UF,DF,glp,128,38.0,35.0,39.0,32.0,40.02
2008-06,UF,ES,glp,133,34.0,32.0,35.0,30.0,37.0
2008-06,UF,GO,glp,888,32.0,31.0,36.0,29.0,39.0
2008-06,UF,MA,glp,118,36.5,34.0,40.0,33.0,40.0
2008-06,UF,MG,glp,1194,35.0,32.0,37.0,27.0,40.0
2008-06,UF,MS,glp,293,35.0,33.0,40.0,30.0,43.0
2008-06,UF,MT,glp,85,40.0,38.0,42.0,36.0,42.0
2008-06,UF,PA,glp,225,33.0,32.0,38.0,30.0,40.0
2008-06,UF,PB,glp,75,33.0,32.0,35.0,30.0,35.0
2008-06,UF,PE,glp,246,32.5,30.0,35.0,27.0,38.0
2008-06,UF,PI,glp,63,37.0,37.0,37.0,32.5,38.0
2008-06,UF,PR,glp,750,32.0,30.0,35.0,27.4,39.0
2008-06,UF,RJ,glp,286,32.0,30.0,35.0,27.99,37.0
2008-06,UF,RN,glp,32,32.0,30.2,35.0,30.0,35.0
2008-06,UF,RO,glp,150,35.0,33.0,38.5,32.8,42.0
2008-06,UF,RR,glp,26,38.0,36.4,39.0,35.5,40.0
2008-06,UF,RS,glp,730,35.0,32.0,38.55,28.0,44.0
2008-06,UF,SC,glp,350,37.0,33.0,39.0,30.0,42.0
2008-06,UF,SE,glp,34,33.0,30.0,34.0,30.0,34.0
2008-06,UF,SP,glp,2118,32.0,29.0,34.0,25.0,38.0
2008-06,UF,TO,glp,128,36.0,35.0,37.3,35.0,40.0
2008-07,BR,BR,glp,9099,33.0,30.0,38.0,25.0,47.0
2008-07,MUN,AC|BUJARI,glp,1,38.0,38.0,38.0,38.0,38.0
2008-07,MUN,AC|CRUZEIRO DO SUL,glp,1,46.0,46.0,46.0,46.0,46.0
2008-07,MUN,AC|RIO BRANCO,glp,83,38.0,37.0,39.0,36.0,40.0
2008-07,MUN,AC|SENA MADUREIRA,glp,3,40.0,40.0,40.8,40.0,41.0
2008-07,MUN,AC|SENADOR GUIOMARD,glp,1,34.0,34.0,34.0,34.0,34.0
2008-07,MUN,AC|TARAUACA,glp,2,45.0,45.0,45.0,45.0,45.0
2008-07,MUN,AC|XAPURI,glp,3,41.5,41.1,41.9,41.0,42.0
2008-07,MUN,AL|ARAPIRACA,glp,4,33.0,33.0,33.0,33.0,33.0
2008-07,MUN,AL|DELMIRO GOUVEIA,glp,1,33.0,33.0,33.0,33.0,33.0
2008-07,MUN,AL|IGACI,glp,1,32.0,32.0,32.0,32.0,32.0
2008-07,MUN,AL|MACEIO,glp,14,32.0,30.3,33.0,30.0,33.0
2008-07,MUN,AL|MARECHAL DEODORO,glp,1,32.0,32.0,32.0,32.0,32.0
2008-07,MUN,AL|PALMEIRA DOS INDIOS,glp,5,30.0,30.0,32.6,30.0,33.0
2008-07,MUN,AL|RIO LARGO,glp,3,32.0,32.0,32.0,32.0,32.0
2008-07,MUN,AL|SANTANA DO IPANEMA,glp,2,32.0,32.0,32.0,32.0,32.0
2008-07,MUN,AM|HUMAITA,glp,2,38.0,38.0,38.0,38.0,38.0
2008-07,MUN,AM|ITACOATIARA,glp,5,34.0,33.0,35.0,33.0,35.0
2008-07,MUN,AM|MANACAPURU,glp,2,33.0,33.0,33.0,33.0,33.0
2008-07,MUN,AM|MANAUS,glp,319,32.5,31.0,34.0,30.0,36.0
2008-07,MUN,AM|PARINTINS,glp,2,34.5,34.1,34.9,34.0,35.0
2008-07,MUN,AM|PRESIDENTE FIGUEIREDO,glp,1,37.0,37.0,37.0,37.0,37.0
2008-07,MUN,AP|CALCOENE,glp,1,37.0,37.0,37.0,37.0,37.0
2008-07,MUN,AP|LARANJAL DO JARI,glp,1,37.0,37.0,37.0,37.0,37.0
2008-07,MUN,AP|MACAPA,glp,15,36.0,35.0,36.0,34.0,36.0
2008-07,MUN,AP|OIAPOQUE,glp,2,47.0,47.0,47.0,47.0,47.0
2008-07,MUN,AP|SANTANA,glp,4,36.0,36.0,36.7,36.0,37.0
2008-07,MUN,BA|ALAGOINHAS,glp,4,35.0,35.0,35.0,35.0,35.0
2008-07,MUN,BA|BARRA,glp,3,31.0,30.2,31.8,30.0,32.0
2008-07,MUN,BA|BARREIRAS,glp,10,36.0,36.0,36.0,36.0,36.0
2008-07,MUN,BA|BRUMADO,glp,6,34.0,34.0,34.0,34.0,34.0
2008-07,MUN,BA|CAETITE,glp,6,32.0,32.0,32.0,32.0,32.0
2008-07,MUN,BA|CAMACARI,glp,8,35.0,33.0,35.6,33.0,37.0
2008-07,MUN,BA|CAMPO FORMOSO,glp,3,38.0,38.0,38.0,38.0,38.0
2008-07,MUN,BA|CANDEIAS,glp,5,33.0,30.8,33.0,30.0,33.0
2008-07,MUN,BA|CAPIM GROSSO,glp,1,38.0,38.0,38.0,38.0,38.0
2008-07,MUN,BA|EUNAPOLIS,glp,6,35.0,35.0,35.0,35.0,35.0
2008-07,MUN,BA|FEIRA DE SANTANA,glp,8,35.0,32.9,35.5,28.0,35.5
2008-07,MUN,BA|GUANAMBI,glp,12,31.0,31.0,31.0,31.0,31.0
2008-07,MUN,BA|ILHEUS,glp,9,36.0,36.0,36.0,36.0,36.0
2008-07,MUN,BA|IPIRA,glp,5,35.0,35.0,35.0,35.0,35.0
2008-07,MUN,BA|IRECE,glp,5,35.0,35.0,35.0,35.0,35.0
2008-07,MUN,BA|ITABUNA,glp,8,35.0,35.0,35.0,35.0,35.0
2008-07,MUN,BA|ITAMARAJU,glp,4,33.0,33.0,33.14,33.0,33.2
2008-07,MUN,BA|JACOBINA,glp,5,38.0,34.0,38.0,32.0,38.0
2008-07,MUN,BA|JAGUAQUARA,glp,9,33.0,33.0,33.4,33.0,35.0
2008-07,MUN,BA|JEQUIE,glp,4,31.5,30.0,33.0,30.0,33.0
2008-07,MUN,BA|JUAZEIRO,glp,4,35.0,35.0,35.0,35.0,35.0
2008-07,MUN,BA|LAURO DE FREITAS,glp,11,30.0,30.0,32.0,28.0,32.0
2008-07,MUN,BA|LIVRAMENTO DE NOSSA SENHORA,glp,1,30.0,30.0,30.0,30.0,30.0
2008-07,MUN,BA|PAULO AFONSO,glp,5,33.0,33.0,34.0,33.0,34.0
2008-07,MUN,BA|POCOES,glp,4,33.0,32.0,34.0,32.0,34.0
2008-07,MUN,BA|PORTO SEGURO,glp,9,35.0,35.0,35.0,35.0,35.0
2008-07,MUN,BA|RUY BARBOSA,glp,3,33.0,33.0,33.0,33.0,33.0
2008-07,MUN,BA|SALVADOR,glp,129,32.0,30.0,33.1,28.0,35.0
2008-07,MUN,BA|SANTO ANTONIO DE JESUS,glp,7,33.0,32.0,33.0,32.0,33.0
2008-07,MUN,BA|SENHOR DO BONFIM,glp,4,38.0,38.0,38.0,38.0,38.0
2008-07,MUN,BA|SERRINHA,glp,3,35.0,35.0,35.0,35.0,35.0
2008-07,MUN,BA|SIMOES FILHO,glp,6,33.0,31.5,35.0,30.0,35.0
2008-07,MUN,BA|TEIXEIRA DE FREITAS,glp,5,35.0,35.0,35.0,35.0,35.0
2008-07,MUN,BA|URANDI,glp,1,31.0,31.0,31.0,31.0,31.0
2008-07,MUN,BA|VALENCA,glp,4,33.0,33.0,33.0,33.0,33.0
2008-07,MUN,BA|VITORIA DA CONQUISTA,glp,2,33.5,33.1,33.9,33.0,34.0
2008-07,MUN,CE|ARACOIABA,glp,1,35.0,35.0,35.0,35.0,35.0
2008-07,MUN,CE|BEBERIBE,glp,1,35.0,35.0,35.0,35.0,35.0
2008-07,MUN,CE|CANINDE,glp,2,32.5,32.1,32.9,32.0,33.0
2008-07,MUN,CE|CAUCAIA,glp,28,35.0,35.0,36.0,33.0,36.0
2008-07,MUN,CE|CRATEUS,glp,3,32.0,32.0,32.0,32.0,32.0
2008-07,MUN,CE|CRATO,glp,9,32.0,31.6,32.2,30.0,33.0
2008-07,MUN,CE|FORTALEZA,glp,118,35.0,35.0,36.0,33.0,37.0
2008-07,MUN,CE|ICO,glp,2,32.0,32.0,32.0,32.0,32.0
2008-07,MUN,CE|IGUATU,glp,4,33.0,30.9,33.0,30.0,33.0
2008-07,MUN,CE|INDEPENDENCIA,glp,1,32.0,32.0,32.0,32.0,32.0
2008-07,MUN,CE|IPU,glp,3,34.0,34.0,34.0,34.0,34.0
2008-07,MUN,CE|ITAPIPOCA,glp,3,30.0,30.0,30.0,30.0,30.0
2008-07,MUN,CE|JUAZEIRO DO NORTE,glp,7,32.0,32.0,32.0,32.0,32.0
2008-07,MUN,CE|LIMOEIRO DO NORTE,glp,2,34.0,34.0,34.0,34.0,34.0
2008-07,MUN,CE|MARACANAU,glp,6,36.0,34.5,37.0,34.0,37.0
2008-07,MUN,CE|MORADA NOVA,glp,4,33.5,33.0,34.0,33.0,34.0
2008-07,MUN,CE|PEDRA BRANCA,glp,2,32.0,32.0,32.0,32.0,32.0
2008-07,MUN,CE|QUIXADA,glp,5,33.0,32.0,34.0,32.0,34.0
2008-07,MUN,CE|SAO GONCALO DO AMARANTE,glp,1,33.0,33.0,33.0,33.0,33.0
2008-07,MUN,CE|SOBRAL,glp,3,33.0,33.0,33.0,33.0,33.0
2008-07,MUN,DF|BRASILIA,glp,128,38.0,35.0,39.0,34.0,40.02
2008-07,MUN,ES|ARACRUZ,glp,5,33.0,30.8,35.0,30.0,35.0
2008-07,MUN,ES|BARRA DE SAO FRANCISCO,glp,6,32.0,32.0,35.0,32.0,35.0
2008-07,MUN,ES|CACHOEIRO DE ITAPEMIRIM,glp,12,33.0,32.09,33.0,32.0,33.0
2008-07,MUN,ES|CARIACICA,glp,16,35.0,32.495,35.975,30.0,36.95
2008-07,MUN,ES|CASTELO,glp,2,32.5,32.1,32.9,32.0,33.0
2008-07,MUN,ES|COLATINA,glp,7,33.0,30.0,33.0,30.0,33.0
2008-07,MUN,ES|GUARAPARI,glp,6,34.0,32.5,35.5,32.0,36.0
2008-07,MUN,ES|ITAPEMIRIM,glp,1,33.0,33.0,33.0,33.0,33.0
2008-07,MUN,ES|JAGUARE,glp,3,34.9,34.18,36.58,34.0,37.0
2008-07,MUN,ES|LINHARES,glp,11,35.0,33.0,35.0,33.0,35.0
2008-07,MUN,ES|NOVA VENECIA,glp,1,35.0,35.0,35.0,35.0,35.0
2008-07,MUN,ES|PIUMA,glp,1,33.0,33.0,33.0,33.0,33.0
2008-07,MUN,ES|SAO MATEUS,glp,8,34.0,33.0,34.0,33.0,34.0
2008-07,MUN,ES|SERRA,glp,37,34.0,32.0,35.0,32.0,35.0
2008-07,MUN,ES|VILA VELHA,glp,13,34.0,32.0,34.0,32.0,35.0
2008-07,MUN,ES|VITORIA,glp,4,36.0,35.0,37.0,35.0,37.0
2008-07,MUN,GO|AGUAS LINDAS DE GOIAS,glp,7,35.0,35.0,35.0,35.0,35.0
2008-07,MUN,GO|ANAPOLIS,glp,101,32.0,31.0,33.0,29.0,34.0
2008-07,MUN,GO|APARECIDA DE GOIANIA,glp,108,32.0,31.5,33.0,31.0,33.0
2008-07,MUN,GO|BELA VISTA DE GOIAS,glp,1,32.0,32.0,32.0,32.0,32.0
2008-07,MUN,GO|CALDAS NOVAS,glp,40,34.0,33.0,35.0,32.0,38.0
2008-07,MUN,GO|CATALAO,glp,14,30.0,30.0,30.0,30.0,31.0
2008-07,MUN,GO|FORMOSA,glp,36,37.0,37.0,37.0,37.0,37.0
2008-07,MUN,GO|GOIANIA,glp,298,32.0,31.0,33.0,30.0,34.0
2008-07,MUN,GO|GOIATUBA,glp,11,34.0,32.0,34.0,32.0,34.0
2008-07,MUN,GO|ITUMBIARA,glp,18,33.0,33.0,33.0,33.0,34.0
2008-07,MUN,GO|JATAI,glp,23,35.0,33.2,35.8,30.0,38.0
2008-07,MUN,GO|LUZIANIA,glp,60,33.0,33.0,34.0,31.0,37.0
2008-07,MUN,GO|MINEIROS,glp,18,35.0,35.0,35.0,35.0,35.0
2008-07,MUN,GO|MORRINHOS,glp,22,34.0,32.9,34.9,32.0,39.0
2008-07,MUN,GO|PLANALTINA,glp,24,38.0,36.95,38.7,36.0,39.0
2008-07,MUN,GO|PONTALINA,glp,1,34.0,34.0,34.0,34.0,34.0
2008-07,MUN,GO|PORANGATU,glp,13,33.0,32.0,35.0,31.99,36.0
2008-07,MUN,GO|RIO VERDE,glp,42,36.0,35.55,36.0,35.5,36.0
2008-07,MUN,GO|SANTO ANTONIO DE GOIAS,glp,1,32.0,32.0,32.0,32.0,32.0
2008-07,MUN,GO|TRINDADE,glp,43,31.0,30.0,31.9,30.0,32.0
2008-07,MUN,GO|VALPARAISO DE GOIAS,glp,9,30.0,29.8,31.2,29.0,32.0
2008-07,MUN,MA|ACAILANDIA,glp,2,39.5,39.1,39.9,39.0,40.0
2008-07,MUN,MA|BACABAL,glp,2,37.0,36.6,37.4,36.5,37.5
2008-07,MUN,MA|BALSAS,glp,3,37.0,37.0,37.0,37.0,37.0
2008-07,MUN,MA|BARRA DO CORDA,glp,2,38.0,38.0,38.0,38.0,38.0
2008-07,MUN,MA|CAROLINA,glp,3,40.0,40.0,40.0,40.0,40.0
2008-07,MUN,MA|CAXIAS,glp,1,38.0,38.0,38.0,38.0,38.0
2008-07,MUN,MA|CODO,glp,2,36.5,36.5,36.5,36.5,36.5
2008-07,MUN,MA|IMPERATRIZ,glp,41,40.0,40.0,40.0,40.0,40.0
2008-07,MUN,MA|MATINHA,glp,1,35.0,35.0,35.0,35.0,35.0
2008-07,MUN,MA|PINHEIRO,glp,2,37.5,37.1,37.9,37.0,38.0
2008-07,MUN,MA|PRESIDENTE DUTRA,glp,2,35.0,35.0,35.0,35.0,35.0
2008-07,MUN,MA|SANTA INES,glp,2,35.5,35.5,35.5,35.5,35.5
2008-07,MUN,MA|SAO JOAO DOS PATOS,glp,2,38.0,38.0,38.0,38.0,38.0
2008-07,MUN,MA|SAO JOSE DE RIBAMAR,glp,14,34.5,34.0,35.0,33.0,36.0
2008-07,MUN,MA|SAO LUIS,glp,39,34.0,34.0,35.0,33.0,35.5
2008-07,MUN,MA|TIMON,glp,1,37.0,37.0,37.0,37.0,37.0
2008-07,MUN,MG|ALFENAS,glp,19,35.0,31.6,36.0,30.0,36.0
2008-07,MUN,MG|ARAGUARI,glp,18,36.0,35.0,37.0,35.0,37.0
2008-07,MUN,MG|ARAXA,glp,3,36.0,35.2,36.0,35.0,36.0
2008-07,MUN,MG|BARBACENA,glp,16,34.0,31.0,35.0,30.0,36.5
2008-07,MUN,MG|BELO HORIZONTE,glp,132,35.0,32.0,35.0,29.99,36.0
2008-07,MUN,MG|BETIM,glp,40,34.0,32.0,35.0,31.9,35.0
2008-07,MUN,MG|BOM DESPACHO,glp,2,37.0,37.0,37.0,37.0,37.0
2008-07,MUN,MG|CAMPO BELO,glp,9,35.0,35.0,35.0,35.0,35.0
2008-07,MUN,MG|CARATINGA,glp,3,33.0,32.2,33.0,32.0,33.0
2008-07,MUN,MG|CATAGUASES,glp,2,36.0,36.0,36.0,36.0,36.0
2008-07,MUN,MG|CONCEICAO DAS ALAGOAS,glp,1,35.0,35.0,35.0,35.0,35.0
2008-07,MUN,MG|CONGONHAS,glp,9,36.0,35.8,36.0,35.0,36.0
2008-07,MUN,MG|CONSELHEIRO LAFAIETE,glp,4,36.0,35.3,36.7,35.0,37.0
2008-07,MUN,MG|CONTAGEM,glp,77,35.0,32.9,36.0,31.9,36.0
2008-07,MUN,MG|CORONEL FABRICIANO,glp,3,35.0,35.0,35.0,35.0,35.0
2008-07,MUN,MG|CURVELO,glp,9,35.0,35.0,36.0,35.0,36.0
2008-07,MUN,MG|DIAMANTINA,glp,9,35.0,35.0,36.0,35.0,36.0
2008-07,MUN,MG|DIVINOPOLIS,glp,21,36.0,35.0,36.0,35.0,36.0
2008-07,MUN,MG|FORMIGA,glp,10,35.0,35.0,35.0,35.0,35.0
2008-07,MUN,MG|FRUTAL,glp,5,34.0,33.4,34.6,33.0,35.0
2008-07,MUN,MG|GOVERNADOR VALADARES,glp,22,34.75,34.0,35.922,32.0,37.0
2008-07,MUN,MG|GUAXUPE,glp,7,32.0,31.54,33.8,31.0,35.0
2008-07,MUN,MG|IBIRITE,glp,12,35.0,33.55,35.81,32.0,36.0
2008-07,MUN,MG|IPATINGA,glp,15,34.9,33.4,35.0,33.0,35.0
2008-07,MUN,MG|ITABIRA,glp,3,38.0,38.0,38.0,38.0,38.0
2008-07,MUN,MG|ITAJUBA,glp,12,34.5,33.1,35.0,33.0,36.0
2008-07,MUN,MG|ITAUNA,glp,14,33.0,32.3,34.0,32.0,35.0
2008-07,MUN,MG|ITUIUTABA,glp,17,34.0,33.0,35.0,33.0,35.0
2008-07,MUN,MG|ITURAMA,glp,1,32.0,32.0,32.0,32.0,32.0
2008-07,MUN,MG|JANAUBA,glp,2,36.0,36.0,36.0,36.0,36.0
2008-07,MUN,MG|JANUARIA,glp,8,36.0,36.0,36.0,36.0,36.0
2008-07,MUN,MG|JOAO MONLEVADE,glp,7,35.0,33.6,35.4,33.0,36.0
2008-07,MUN,MG|JOAO PINHEIRO,glp,17,38.0,35.6,38.0,35.0,40.0
2008-07,MUN,MG|JUIZ DE FORA,glp,101,36.0,35.0,38.0,34.0,39.0
2008-07,MUN,MG|LAVRAS,glp,10,31.0,28.0,35.0,28.0,35.0
2008-07,MUN,MG|LEOPOLDINA,glp,5,35.0,34.4,35.0,34.0,35.0
2008-07,MUN,MG|MANHUACU,glp,4,36.0,36.0,36.0,36.0,36.0
2008-07,MUN,MG|MARIANA,glp,5,32.0,32.0,32.0,32.0,32.0
2008-07,MUN,MG|MATIAS BARBOSA,glp,1,36.0,36.0,36.0,36.0,36.0
2008-07,MUN,MG|MONTE CARMELO,glp,17,33.0,32.0,36.0,32.0,36.0
2008-07,MUN,MG|MONTES CLAROS,glp,51,36.0,35.0,36.0,34.0,37.0
2008-07,MUN,MG|MURIAE,glp,3,32.0,30.08,34.4,29.6,35.0
2008-07,MUN,MG|NOVA LIMA,glp,9,36.0,35.0,36.4,35.0,38.0
2008-07,MUN,MG|OLIVEIRA,glp,7,35.0,35.0,35.0,35.0,35.0
2008-07,MUN,MG|OURO PRETO,glp,8,35.0,35.0,36.6,35.0,38.0
2008-07,MUN,MG|PARA DE MINAS,glp,10,35.95,34.8,36.5,33.0,36.5
2008-07,MUN,MG|PARACATU,glp,8,39.0,38.0,40.0,38.0,40.0
2008-07,MUN,MG|PASSOS,glp,16,32.0,31.0,35.0,30.0,36.0
2008-07,MUN,MG|PATOS DE MINAS,glp,18,35.0,34.0,35.15,34.0,36.0
2008-07,MUN,MG|PATROCINIO,glp,18,36.0,36.0,36.0,36.0,36.0
2008-07,MUN,MG|POCOS DE CALDAS,glp,17,32.0,32.0,35.0,30.0,36.0
2008-07,MUN,MG|POUSO ALEGRE,glp,19,37.0,37.0,37.0,36.0,37.0
2008-07,MUN,MG|RIBEIRAO DAS NEVES,glp,22,33.25,32.05,34.0,30.0,35.0
2008-07,MUN,MG|SABARA,glp,16,35.0,30.5,36.0,30.0,36.0
2008-07,MUN,MG|SANTA LUZIA,glp,24,35.0,33.0,35.5,33.0,36.0
2008-07,MUN,MG|SANTOS DUMONT,glp,5,35.0,35.0,35.0,35.0,35.0
2008-07,MUN,MG|SAO GOTARDO,glp,1,35.0,35.0,35.0,35.0,35.0
2008-07,MUN,MG|SAO JOAO DEL REI,glp,15,36.0,36.0,37.0,36.0,37.0
2008-07,MUN,MG|SAO LOURENCO,glp,2,36.0,36.0,36.0,36.0,36.0
2008-07,MUN,MG|SAO SEBASTIAO DO PARAISO,glp,11,35.0,35.0,36.0,34.0,36.0
2008-07,MUN,MG|SETE LAGOAS,glp,15,33.0,30.0,34.6,30.0,35.0
2008-07,MUN,MG|TEOFILO OTONI,glp,31,35.5,35.0,36.0,35.0,36.0
2008-07,MUN,MG|TIMOTEO,glp,6,34.5,34.0,35.0,34.0,35.0
2008-07,MUN,MG|TRES CORACOES,glp,8,28.0,27.0,29.3,27.0,30.0
2008-07,MUN,MG|UBA,glp,7,35.0,35.0,35.0,35.0,35.0
2008-07,MUN,MG|UBERABA,glp,54,35.0,35.0,35.0,34.0,35.5
2008-07,MUN,MG|UBERLANDIA,glp,106,34.0,33.0,35.0,32.0,36.0
2008-07,MUN,MG|UNAI,glp,12,38.0,36.0,39.0,36.0,39.0
2008-07,MUN,MG|VARGINHA,glp,18,36.0,36.0,36.0,35.0,36.0
2008-07,MUN,MG|VESPASIANO,glp,10,33.0,32.88,35.1,31.8,36.0
2008-07,MUN,MG|VICOSA,glp,3,35.0,35.0,35.0,35.0,35.0
2008-07,MUN,MS|BATAYPORA,glp,1,38.0,38.0,38.0,38.0,38.0
2008-07,MUN,MS|CAMPO GRANDE,glp,158,34.0,32.0,35.15,30.0,36.0
2008-07,MUN,MS|CORUMBA,glp,7,42.0,42.0,42.0,42.0,42.0
2008-07,MUN,MS|COXIM,glp,9,35.0,35.0,35.0,35.0,35.0
2008-07,MUN,MS|DOURADOS,glp,56,39.25,38.0,41.75,36.5,43.0
2008-07,MUN,MS|NOVA ANDRADINA,glp,14,38.0,34.0,38.0,34.0,38.0
2008-07,MUN,MS|PARANAIBA,glp,18,40.0,39.4,40.0,38.0,40.0
2008-07,MUN,MS|PONTA PORA,glp,4,38.0,37.0,39.0,37.0,39.0
2008-07,MUN,MS|SAO GABRIEL DO OESTE,glp,1,35.0,35.0,35.0,35.0,35.0
2008-07,MUN,MS|TRES LAGOAS,glp,16,37.0,36.5,38.0,35.0,38.0
2008-07,MUN,MT|ALTA FLORESTA,glp,6,40.0,40.0,41.5,40.0,42.0
2008-07,MUN,MT|CACERES,glp,8,38.0,38.0,38.0,38.0,38.0
2008-07,MUN,MT|CUIABA,glp,32,40.0,39.0,41.0,38.0,42.0
2008-07,MUN,MT|RONDONOPOLIS,glp,9,42.0,40.0,42.0,40.0,42.0
2008-07,MUN,MT|SINOP,glp,11,40.0,38.0,42.0,38.0,42.0
2008-07,MUN,MT|SORRISO,glp,7,40.0,38.6,41.0,38.0,41.0
2008-07,MUN,MT|VARZEA GRANDE,glp,12,40.0,39.0,41.0,36.0,42.0
2008-07,MUN,PA|ABAETETUBA,glp,4,34.0,34.0,34.0,34.0,34.0
2008-07,MUN,PA|ALENQUER,glp,2,36.5,36.1,36.9,36.0,37.0
2008-07,MUN,PA|ALTAMIRA,glp,9,40.0,38.0,40.0,38.0,40.0
2008-07,MUN,PA|ANANINDEUA,glp,66,33.0,32.0,33.5,32.0,34.0
2008-07,MUN,PA|BELEM,glp,77,33.0,32.0,33.0,32.0,34.0
2008-07,MUN,PA|BRAGANCA,glp,4,37.0,37.0,37.0,37.0,37.0
2008-07,MUN,PA|BREVES,glp,2,32.5,32.1,32.9,32.0,33.0
2008-07,MUN,PA|CAMETA,glp,3,34.0,32.4,34.0,32.0,34.0
2008-07,MUN,PA|CASTANHAL,glp,7,35.0,35.0,35.4,35.0,36.0
2008-07,MUN,PA|CONCEICAO DO ARAGUAIA,glp,2,37.0,37.0,37.0,37.0,37.0
2008-07,MUN,PA|ITAITUBA,glp,7,38.0,37.0,38.0,37.0,38.0
2008-07,MUN,PA|MARABA,glp,1,38.0,38.0,38.0,38.0,38.0
2008-07,MUN,PA|PARAGOMINAS,glp,3,37.0,37.0,37.0,37.0,37.0
2008-07,MUN,PA|PARAUAPEBAS,glp,3,39.0,39.0,39.0,39.0,39.0
2008-07,MUN,PA|REDENCAO,glp,5,37.0,35.4,37.6,35.0,38.0
2008-07,MUN,PA|SANTAREM,glp,21,35.0,34.0,36.0,33.0,36.0
2008-07,MUN,PA|TUCURUI,glp,4,38.0,38.0,38.0,38.0,38.0
2008-07,MUN,PA|XINGUARA,glp,7,39.0,39.0,40.0,39.0,40.0
2008-07,MUN,PB|BAYEUX,glp,4,35.0,35.0,35.0,35.0,35.0
2008-07,MUN,PB|CABEDELO,glp,3,33.0,33.0,33.8,33.0,34.0
2008-07,MUN,PB|CAMPINA GRANDE,glp,19,35.0,33.0,35.0,32.0,35.0
2008-07,MUN,PB|GUARABIRA,glp,1,35.0,35.0,35.0,35.0,35.0
2008-07,MUN,PB|INGA,glp,1,35.0,35.0,35.0,35.0,35.0
2008-07,MUN,PB|JOAO PESSOA,glp,30,33.0,31.9,34.1,30.0,35.0
2008-07,MUN,PB|MAMANGUAPE,glp,2,33.0,33.0,33.0,33.0,33.0
2008-07,MUN,PB|PATOS,glp,5,35.0,35.0,35.0,35.0,35.0
2008-07,MUN,PB|SANTA RITA,glp,4,35.0,32.9,35.0,32.0,35.0
2008-07,MUN,PB|SAPE,glp,2,35.0,35.0,35.0,35.0,35.0
2008-07,MUN,PB|SOUSA,glp,3,30.0,30.0,32.4,30.0,33.0
2008-07,MUN,PE|ABREU E LIMA,glp,7,35.0,32.6,35.0,32.0,35.0
2008-07,MUN,PE|AFOGADOS DA INGAZEIRA,glp,1,33.0,33.0,33.0,33.0,33.0
2008-07,MUN,PE|AGUAS BELAS,glp,1,36.0,36.0,36.0,36.0,36.0
2008-07,MUN,PE|ARARIPINA,glp,1,35.0,35.0,35.0,35.0,35.0
2008-07,MUN,PE|ARCOVERDE,glp,1,36.0,36.0,36.0,36.0,36.0
2008-07,MUN,PE|BELO JARDIM,glp,4,33.0,33.0,33.0,33.0,33.0
2008-07,MUN,PE|BOM CONSELHO,glp,3,35.0,35.0,35.0,35.0,35.0
2008-07,MUN,PE|CABO DE SANTO AGOSTINHO,glp,5,35.0,32.8,35.0,32.0,35.0
2008-07,MUN,PE|CAMARAGIBE,glp,12,32.0,30.2,32.0,30.0,32.0
2008-07,MUN,PE|CARUARU,glp,7,32.0,32.0,33.0,32.0,33.0
2008-07,MUN,PE|GARANHUNS,glp,4,35.0,35.0,35.0,35.0,35.0
2008-07,MUN,PE|GOIANA,glp,2,32.5,32.1,32.9,32.0,33.0
2008-07,MUN,PE|GRAVATA,glp,4,35.0,32.9,35.0,32.0,35.0
2008-07,MUN,PE|IGARASSU,glp,8,35.0,34.4,35.0,33.0,35.0
2008-07,MUN,PE|JABOATAO DOS GUARARAPES,glp,35,33.0,32.0,35.0,32.0,35.0
2008-07,MUN,PE|JUCATI,glp,1,33.0,33.0,33.0,33.0,33.0
2008-07,MUN,PE|LAJEDO,glp,4,30.0,30.0,30.0,30.0,30.0
2008-07,MUN,PE|MORENO,glp,1,35.0,35.0,35.0,35.0,35.0
2008-07,MUN,PE|OLINDA,glp,18,32.0,32.0,33.0,32.0,35.0
2008-07,MUN,PE|PAULISTA,glp,7,32.0,31.2,32.0,30.0,32.0
2008-07,MUN,PE|PETROLINA,glp,2,35.0,35.0,35.0,35.0,35.0
2008-07,MUN,PE|RECIFE,glp,82,32.0,28.0,35.0,27.0,35.0
2008-07,MUN,PE|SALGUEIRO,glp,2,35.0,35.0,35.0,35.0,35.0
2008-07,MUN,PE|SANTA CRUZ DO CAPIBARIBE,glp,3,38.0,38.0,38.0,38.0,38.0
2008-07,MUN,PE|SAO BENTO DO UNA,glp,2,33.0,33.0,33.0,33.0,33.0
2008-07,MUN,PE|SAO LOURENCO DA MATA,glp,12,32.0,32.0,35.0,31.0,35.0
2008-07,MUN,PE|SERRA TALHADA,glp,5,33.0,31.0,33.0,31.0,33.0
2008-07,MUN,PE|VENTUROSA,glp,1,36.0,36.0,36.0,36.0,36.0
2008-07,MUN,PE|VITORIA DE SANTO ANTAO,glp,10,35.0,35.0,35.0,35.0,35.0
2008-07,MUN,PI|BARRAS,glp,1,32.5,32.5,32.5,32.5,32.5
2008-07,MUN,PI|CAMPO MAIOR,glp,4,37.0,37.0,37.0,37.0,37.0
2008-07,MUN,PI|OEIRAS,glp,3,38.0,38.0,38.0,38.0,38.0
2008-07,MUN,PI|PARNAIBA,glp,1,37.0,37.0,37.0,37.0,37.0
2008-07,MUN,PI|PICOS,glp,2,38.0,38.0,38.0,38.0,38.0
2008-07,MUN,PI|PIRIPIRI,glp,3,37.0,37.0,37.0,37.0,37.0
2008-07,MUN,PI|TERESINA,glp,46,37.0,37.0,37.0,37.0,37.0
2008-07,MUN,PR|ALMIRANTE TAMANDARE,glp,9,30.0,29.0,30.4,29.0,32.0
2008-07,MUN,PR|APUCARANA,glp,20,30.0,28.95,31.3,28.0,34.0
2008-07,MUN,PR|ARAPONGAS,glp,18,33.0,32.0,34.0,32.0,36.0
2008-07,MUN,PR|ARAUCARIA,glp,9,30.0,30.0,30.2,30.0,31.0
2008-07,MUN,PR|ASSIS CHATEAUBRIAND,glp,4,32.45,30.25,32.97,29.5,33.0
2008-07,MUN,PR|CAMBE,glp,43,33.0,32.0,35.0,30.0,35.0
2008-07,MUN,PR|CAMPO LARGO,glp,17,30.0,28.8,30.8,28.0,32.0
2008-07,MUN,PR|CAMPO MOURAO,glp,10,33.0,30.0,35.0,30.0,35.0
2008-07,MUN,PR|CASCAVEL,glp,27,33.0,32.728,33.0,29.0,34.0
2008-07,MUN,PR|CASTRO,glp,11,33.0,32.5,34.0,30.0,35.0
2008-07,MUN,PR|CIANORTE,glp,16,38.0,37.0,38.0,30.0,38.0
2008-07,MUN,PR|COLOMBO,glp,31,30.0,29.5,32.0,28.9,33.0
2008-07,MUN,PR|CORNELIO PROCOPIO,glp,8,35.0,34.7,35.0,34.0,35.0
2008-07,MUN,PR|CURITIBA,glp,139,30.0,29.9,32.0,27.4,33.0
2008-07,MUN,PR|FOZ DO IGUACU,glp,42,38.25,35.3,39.0,29.0,39.0
2008-07,MUN,PR|FRANCISCO BELTRAO,glp,9,35.0,32.6,36.2,31.0,37.0
2008-07,MUN,PR|GUARAPUAVA,glp,11,32.0,32.0,33.0,32.0,34.0
2008-07,MUN,PR|LARANJEIRAS DO SUL,glp,7,36.0,35.0,36.4,35.0,37.0
2008-07,MUN,PR|LONDRINA,glp,105,31.0,30.0,33.0,30.0,35.0
2008-07,MUN,PR|MARECHAL CANDIDO RONDON,glp,11,37.0,37.0,37.0,35.0,37.0
2008-07,MUN,PR|MARINGA,glp,34,32.0,31.0,34.0,29.0,36.0
2008-07,MUN,PR|MEDIANEIRA,glp,1,38.0,38.0,38.0,38.0,38.0
2008-07,MUN,PR|PARANAGUA,glp,20,35.0,33.0,35.0,31.0,35.0
2008-07,MUN,PR|PARANAVAI,glp,15,35.0,33.0,35.0,33.0,35.0
2008-07,MUN,PR|PATO BRANCO,glp,9,33.0,32.0,34.2,32.0,35.0
2008-07,MUN,PR|PINHAIS,glp,16,30.0,30.0,32.0,28.0,32.0
2008-07,MUN,PR|PIRAI DO SUL,glp,1,34.0,34.0,34.0,34.0,34.0
2008-07,MUN,PR|PONTA GROSSA,glp,66,33.0,31.0,34.0,30.0,34.0
2008-07,MUN,PR|SANTO ANTONIO DA PLATINA,glp,14,32.0,32.0,33.7,32.0,35.0
2008-07,MUN,PR|SAO JOSE DOS PINHAIS,glp,15,31.0,30.0,32.0,30.0,32.0
2008-07,MUN,PR|SARANDI,glp,1,32.0,32.0,32.0,32.0,32.0
2008-07,MUN,PR|TERRA BOA,glp,1,35.0,35.0,35.0,35.0,35.0
2008-07,MUN,PR|TOLEDO,glp,11,38.0,35.0,38.0,34.0,38.0
2008-07,MUN,PR|UMUARAMA,glp,13,30.0,30.0,33.0,30.0,34.0
2008-07,MUN,PR|UNIAO DA VITORIA,glp,3,30.0,30.0,30.64,30.0,30.8
2008-07,MUN,RJ|ANGRA DOS REIS,glp,4,34.45,34.0,34.9,34.0,34.9
2008-07,MUN,RJ|ARARUAMA,glp,5,33.0,30.4,33.6,30.0,34.0
2008-07,MUN,RJ|ARMACAO DOS BUZIOS,glp,1,34.0,34.0,34.0,34.0,34.0
2008-07,MUN,RJ|BARRA DO PIRAI,glp,4,33.0,32.86,34.4,32.8,35.0
2008-07,MUN,RJ|BARRA MANSA,glp,18,35.0,35.0,36.0,35.0,36.0
2008-07,MUN,RJ|BELFORD ROXO,glp,6,30.5,30.0,32.0,30.0,32.0
2008-07,MUN,RJ|CABO FRIO,glp,4,30.0,30.0,30.0,30.0,30.0
2008-07,MUN,RJ|CAMPOS DOS GOYTACAZES,glp,16,33.0,32.995,35.0,32.0,35.0
2008-07,MUN,RJ|DUQUE DE CAXIAS,glp,29,33.0,31.8,34.0,31.0,34.0
2008-07,MUN,RJ|ITABORAI,glp,3,32.0,32.0,32.8,32.0,33.0
2008-07,MUN,RJ|ITAGUAI,glp,4,32.5,32.15,32.85,32.0,33.0
2008-07,MUN,RJ|ITAPERUNA,glp,4,30.0,30.0,30.0,30.0,30.0
2008-07,MUN,RJ|MACAE,glp,2,30.0,30.0,30.0,30.0,30.0
2008-07,MUN,RJ|MAGE,glp,2,32.5,32.1,32.9,32.0,33.0
2008-07,MUN,RJ|MANGARATIBA,glp,3,34.0,33.92,34.0,33.9,34.0
2008-07,MUN,RJ|MARICA,glp,2,31.5,31.1,31.9,31.0,32.0
2008-07,MUN,RJ|NILOPOLIS,glp,5,30.0,28.4,32.0,28.0,32.0
2008-07,MUN,RJ|NITEROI,glp,6,32.0,30.495,33.0,29.99,33.0
2008-07,MUN,RJ|NOVA FRIBURGO,glp,5,36.0,33.4,36.54,33.0,36.9
2008-07,MUN,RJ|NOVA IGUACU,glp,20,32.0,31.0,33.0,29.99,34.0
2008-07,MUN,RJ|PARAIBA DO SUL,glp,2,32.0,32.0,32.0,32.0,32.0
2008-07,MUN,RJ|PARATY,glp,2,36.0,34.4,37.6,34.0,38.0
2008-07,MUN,RJ|PETROPOLIS,glp,4,36.0,35.3,36.63,35.0,36.9
2008-07,MUN,RJ|RESENDE,glp,6,35.0,33.0,35.0,33.0,35.0
2008-07,MUN,RJ|RIO BONITO,glp,2,32.0,31.2,32.8,31.0,33.0
2008-07,MUN,RJ|RIO DE JANEIRO,glp,86,32.0,29.995,36.0,26.99,38.0
2008-07,MUN,RJ|SANTO ANTONIO DE PADUA,glp,1,35.0,35.0,35.0,35.0,35.0
2008-07,MUN,RJ|SAO FRANCISCO DE ITABAPOANA,glp,1,34.0,34.0,34.0,34.0,34.0
2008-07,MUN,RJ|SAO GONCALO,glp,7,32.0,29.996,33.0,29.99,33.0
2008-07,MUN,RJ|SAO JOAO DE MERITI,glp,7,33.0,32.0,34.4,32.0,35.0
2008-07,MUN,RJ|SAPUCAIA,glp,2,33.5,33.1,33.9,33.0,34.0
2008-07,MUN,RJ|SAQUAREMA,glp,3,32.0,30.392,32.8,29.99,33.0
2008-07,MUN,RJ|TERESOPOLIS,glp,3,36.0,35.2,36.0,35.0,36.0
2008-07,MUN,RJ|TRES RIOS,glp,2,32.0,32.0,32.0,32.0,32.0
2008-07,MUN,RJ|VALENCA,glp,6,33.5,33.0,35.0,33.0,35.0
2008-07,MUN,RJ|VASSOURAS,glp,3,34.0,33.2,34.8,33.0,35.0
2008-07,MUN,RJ|VOLTA REDONDA,glp,7,32.0,32.0,36.0,32.0,36.0
2008-07,MUN,RN|CAICO,glp,3,35.0,35.0,35.0,35.0,35.0
2008-07,MUN,RN|CURRAIS NOVOS,glp,6,35.0,35.0,35.0,35.0,35.0
2008-07,MUN,RN|MOSSORO,glp,3,32.0,30.4,32.0,30.0,32.0
2008-07,MUN,RN|NATAL,glp,14,32.0,32.0,32.0,30.0,32.5
2008-07,MUN,RN|PARNAMIRIM,glp,3,30.0,30.0,30.0,30.0,30.0
2008-07,MUN,RN|SAO JOSE DE MIPIBU,glp,2,32.0,32.0,32.0,32.0,32.0
2008-07,MUN,RN|TIMBAUBA DOS BATISTAS,glp,1,35.0,35.0,35.0,35.0,35.0
2008-07,MUN,RO|ARIQUEMES,glp,4,38.0,38.0,38.0,38.0,38.0
2008-07,MUN,RO|CACOAL,glp,9,39.0,38.8,39.0,38.0,39.0
2008-07,MUN,RO|GUAJARA-MIRIM,glp,4,38.0,38.0,38.0,38.0,38.0
2008-07,MUN,RO|JI-PARANA,glp,21,37.5,37.0,38.0,37.0,38.0
2008-07,MUN,RO|PIMENTA BUENO,glp,4,42.0,42.0,42.0,42.0,42.0
2008-07,MUN,RO|PORTO VELHO,glp,84,34.0,33.0,35.0,32.9,36.0
2008-07,MUN,RO|SAO MIGUEL DO GUAPORE,glp,1,42.0,42.0,42.0,42.0,42.0
2008-07,MUN,RO|VILHENA,glp,8,42.0,42.0,42.0,42.0,42.0
2008-07,MUN,RR|BOA VISTA,glp,24,38.0,36.3,39.0,35.8,40.0
2008-07,MUN,RR|MUCAJAI,glp,1,39.0,39.0,39.0,39.0,39.0
2008-07,MUN,RR|RORAINOPOLIS,glp,1,40.0,40.0,40.0,40.0,40.0
2008-07,MUN,RS|ALEGRETE,glp,12,35.0,33.0,35.0,33.0,36.0
2008-07,MUN,RS|ALVORADA,glp,11,33.0,30.0,35.0,29.9,35.0
2008-07,MUN,RS|BAGE,glp,25,32.0,32.0,33.6,31.0,36.0
2008-07,MUN,RS|BENTO GONCALVES,glp,9,38.5,35.0,41.2,35.0,42.0
2008-07,MUN,RS|CACAPAVA DO SUL,glp,7,35.0,35.0,37.0,35.0,37.0
2008-07,MUN,RS|CACHOEIRA DO SUL,glp,16,36.0,35.5,37.0,35.0,37.0
2008-07,MUN,RS|CACHOEIRINHA,glp,14,33.0,32.0,33.35,32.0,33.5
2008-07,MUN,RS|CANOAS,glp,46,36.0,35.0,37.0,31.0,39.0
2008-07,MUN,RS|CAXIAS DO SUL,glp,40,37.0,36.0,38.0,35.0,40.0
2008-07,MUN,RS|CHUI,glp,2,31.0,31.0,31.0,31.0,31.0
2008-07,MUN,RS|CRUZ ALTA,glp,5,33.0,31.4,38.2,31.0,39.0
2008-07,MUN,RS|CRUZEIRO DO SUL,glp,1,36.0,36.0,36.0,36.0,36.0
2008-07,MUN,RS|ERECHIM,glp,19,40.0,38.0,43.1,38.0,44.0
2008-07,MUN,RS|ESTEIO,glp,11,36.0,35.0,36.0,34.0,36.0
2008-07,MUN,RS|FARROUPILHA,glp,1,38.0,38.0,38.0,38.0,38.0
2008-07,MUN,RS|GRAMADO,glp,3,36.0,36.0,36.0,36.0,36.0
2008-07,MUN,RS|GRAVATAI,glp,29,33.0,31.0,34.2,30.0,36.0
2008-07,MUN,RS|GUAIBA,glp,11,34.9,34.0,35.5,33.9,36.0
2008-07,MUN,RS|IJUI,glp,8,35.0,34.7,35.45,34.0,36.5
2008-07,MUN,RS|IMBE,glp,1,37.0,37.0,37.0,37.0,37.0
2008-07,MUN,RS|JAGUARAO,glp,9,32.0,32.0,34.0,32.0,34.0
2008-07,MUN,RS|LAJEADO,glp,5,35.0,34.0,35.6,34.0,36.0
2008-07,MUN,RS|NOVA SANTA RITA,glp,1,36.0,36.0,36.0,36.0,36.0
2008-07,MUN,RS|NOVO HAMBURGO,glp,24,34.0,32.0,35.0,30.0,35.0
2008-07,MUN,RS|OSORIO,glp,8,37.0,36.0,38.0,36.0,38.0
2008-07,MUN,RS|PALMEIRA DAS MISSOES,glp,6,35.0,34.0,36.5,34.0,38.0
2008-07,MUN,RS|PASSO FUNDO,glp,54,38.0,37.0,40.0,35.0,40.0
2008-07,MUN,RS|PELOTAS,glp,42,32.0,31.0,33.0,30.0,34.0
2008-07,MUN,RS|PORTO ALEGRE,glp,47,34.5,33.0,35.9,32.0,36.0
2008-07,MUN,RS|RIO GRANDE,glp,47,33.0,30.0,35.0,30.0,37.0
2008-07,MUN,RS|SANTA CRUZ DO SUL,glp,16,36.5,36.0,37.5,36.0,38.5
2008-07,MUN,RS|SANTA MARIA,glp,44,35.0,33.0,36.0,32.0,38.0
2008-07,MUN,RS|SANTA ROSA,glp,9,36.0,34.8,37.0,34.0,37.0
2008-07,MUN,RS|SANTA VITORIA DO PALMAR,glp,8,34.0,32.0,34.3,32.0,35.0
2008-07,MUN,RS|SANTANA DO LIVRAMENTO,glp,14,34.0,34.0,34.0,34.0,34.1
2008-07,MUN,RS|SANTO ANGELO,glp,11,38.0,37.0,40.0,37.0,40.0
2008-07,MUN,RS|SAO BORJA,glp,3,35.0,35.0,35.0,35.0,35.0
2008-07,MUN,RS|SAO GABRIEL,glp,10,39.0,38.9,39.15,38.0,40.5
2008-07,MUN,RS|SAO LEOPOLDO,glp,19,35.0,34.0,36.0,32.0,36.0
2008-07,MUN,RS|SAO LUIZ GONZAGA,glp,5,39.0,37.0,40.0,37.0,40.0
2008-07,MUN,RS|SAPIRANGA,glp,10,35.5,34.0,36.0,34.0,36.0
2008-07,MUN,RS|SAPUCAIA DO SUL,glp,27,36.0,35.6,36.0,34.0,37.0
2008-07,MUN,RS|TORRES,glp,5,38.0,37.4,38.0,37.0,38.0
2008-07,MUN,RS|TRAMANDAI,glp,7,35.0,35.0,38.0,35.0,38.0
2008-07,MUN,RS|URUGUAIANA,glp,11,37.0,35.0,37.0,35.0,37.0
2008-07,MUN,RS|VACARIA,glp,7,36.0,35.604,36.04,35.01,36.1
2008-07,MUN,RS|VIAMAO,glp,20,37.0,36.0,38.0,35.0,38.0
2008-07,MUN,SC|ARARANGUA,glp,4,35.5,35.0,37.4,35.0,38.0
2008-07,MUN,SC|BALNEARIO CAMBORIU,glp,1,37.0,37.0,37.0,37.0,37.0
2008-07,MUN,SC|BIGUACU,glp,1,34.0,34.0,34.0,34.0,34.0
2008-07,MUN,SC|BLUMENAU,glp,37,38.0,36.6,40.0,34.5,42.0
2008-07,MUN,SC|BOMBINHAS,glp,1,33.0,33.0,33.0,33.0,33.0
2008-07,MUN,SC|BRUSQUE,glp,4,34.5,34.0,37.03,34.0,37.9
2008-07,MUN,SC|CACADOR,glp,3,38.0,36.4,38.0,36.0,38.0
2008-07,MUN,SC|CHAPECO,glp,21,36.0,35.0,36.5,34.5,38.0
2008-07,MUN,SC|CONCORDIA,glp,7,38.0,36.2,39.4,35.0,40.0
2008-07,MUN,SC|CRICIUMA,glp,9,35.0,33.0,37.44,33.0,39.2
2008-07,MUN,SC|FLORIANOPOLIS,glp,40,38.0,34.9,39.8,32.4,40.0
2008-07,MUN,SC|ITAJAI,glp,43,33.0,31.2,36.8,30.0,39.9
2008-07,MUN,SC|JARAGUA DO SUL,glp,4,36.0,35.3,36.35,35.0,36.5
2008-07,MUN,SC|JOINVILLE,glp,102,38.0,37.0,39.0,34.0,40.0
2008-07,MUN,SC|LAGES,glp,6,36.0,35.0,37.0,35.0,37.0
2008-07,MUN,SC|LAGUNA,glp,4,34.0,34.0,34.7,34.0,35.0
2008-07,MUN,SC|MAFRA,glp,4,31.95,30.3,32.97,30.0,33.0
2008-07,MUN,SC|PALHOCA,glp,16,36.0,34.25,37.65,30.0,40.0
2008-07,MUN,SC|SAO JOSE,glp,14,35.895,34.93,37.0,33.0,39.1
2008-07,MUN,SC|SAO MIGUEL DO OESTE,glp,6,33.0,32.0,36.49,32.0,39.98
2008-07,MUN,SC|TIJUCAS,glp,1,35.0,35.0,35.0,35.0,35.0
2008-07,MUN,SC|TUBARAO,glp,11,35.0,33.0,35.0,33.0,36.0
2008-07,MUN,SC|VIDEIRA,glp,5,35.0,32.0,35.0,32.0,35.0
2008-07,MUN,SC|XANXERE,glp,9,38.0,36.8,38.0,36.0,38.0
2008-07,MUN,SE|ARACAJU,glp,17,33.0,30.6,33.0,30.0,33.0
2008-07,MUN,SE|ITABAIANA,glp,4,33.5,30.9,34.0,30.0,34.0
2008-07,MUN,SE|ITABAIANINHA,glp,1,33.0,33.0,33.0,33.0,33.0
2008-07,MUN,SE|LAGARTO,glp,4,32.0,30.6,32.0,30.0,32.0
2008-07,MUN,SE|NOSSA SENHORA DO SOCORRO,glp,4,33.0,32.3,33.7,32.0,34.0
2008-07,MUN,SE|SIMAO DIAS,glp,1,30.0,30.0,30.0,30.0,30.0
2008-07,MUN,SE|TOBIAS BARRETO,glp,3,34.0,34.0,34.0,34.0,34.0
2008-07,MUN,SP|ADAMANTINA,glp,10,33.0,33.0,33.0,33.0,33.0
2008-07,MUN,SP|AMERICANA,glp,27,34.99,34.0,35.4,30.0,36.0
2008-07,MUN,SP|AMPARO,glp,4,32.0,31.3,33.4,31.0,34.0
2008-07,MUN,SP|APIAI,glp,2,34.0,34.0,34.0,34.0,34.0
2008-07,MUN,SP|ARACATUBA,glp,36,32.0,32.0,35.0,30.0,35.0
2008-07,MUN,SP|ARARAQUARA,glp,14,31.0,30.0,33.0,28.0,34.0
2008-07,MUN,SP|ARARAS,glp,2,32.475,32.095,32.855,32.0,32.95
2008-07,MUN,SP|ASSIS,glp,9,32.0,32.0,32.0,32.0,32.0
2008-07,MUN,SP|ATIBAIA,glp,23,32.0,29.8,34.0,28.0,36.0
2008-07,MUN,SP|AVARE,glp,7,37.0,36.6,38.0,36.0,38.0
2008-07,MUN,SP|BARRETOS,glp,13,30.0,29.2,30.0,28.9,30.0
2008-07,MUN,SP|BARUERI,glp,16,32.0,29.0,33.5,28.0,34.0
2008-07,MUN,SP|BAURU,glp,25,34.0,32.94,36.0,31.0,36.0
2008-07,MUN,SP|BEBEDOURO,glp,9,33.0,33.0,35.0,33.0,35.0
2008-07,MUN,SP|BIRIGUI,glp,24,32.0,31.0,33.0,30.0,33.0
2008-07,MUN,SP|BORACEIA,glp,1,36.0,36.0,36.0,36.0,36.0
2008-07,MUN,SP|BOTUCATU,glp,16,32.0,31.9,32.0,30.0,32.0
2008-07,MUN,SP|BRAGANCA PAULISTA,glp,28,30.0,26.997,32.0,25.99,33.0
2008-07,MUN,SP|CACAPAVA,glp,13,32.0,30.0,34.0,28.0,34.0
2008-07,MUN,SP|CAMPINAS,glp,50,32.0,29.99,33.09,28.0,35.0
2008-07,MUN,SP|CAMPOS DO JORDAO,glp,10,31.0,30.0,33.1,30.0,34.0
2008-07,MUN,SP|CAPAO BONITO,glp,4,37.0,36.3,37.0,36.0,37.0
2008-07,MUN,SP|CARAGUATATUBA,glp,7,34.0,34.0,34.396,34.0,34.99
2008-07,MUN,SP|CARAPICUIBA,glp,16,31.5,27.99,33.99,27.99,34.0
2008-07,MUN,SP|CATANDUVA,glp,16,32.0,30.0,33.0,29.5,35.0
2008-07,MUN,SP|COSMOPOLIS,glp,5,35.99,34.796,35.996,34.0,36.0
2008-07,MUN,SP|COTIA,glp,11,32.0,30.0,33.0,28.0,33.0
2008-07,MUN,SP|CRUZEIRO,glp,13,30.0,30.0,32.0,29.0,32.0
2008-07,MUN,SP|CUBATAO,glp,3,31.0,30.2,31.8,30.0,32.0
2008-07,MUN,SP|DIADEMA,glp,19,31.0,28.99,33.0,28.99,33.5
2008-07,MUN,SP|DRACENA,glp,9,36.0,34.8,36.0,34.0,36.0
2008-07,MUN,SP|EMBU DAS ARTES,glp,4,32.9,32.27,32.9,32.0,32.9
2008-07,MUN,SP|FERRAZ DE VASCONCELOS,glp,9,31.0,31.0,32.0,31.0,32.0
2008-07,MUN,SP|FRANCA,glp,22,33.0,32.0,34.0,31.0,34.0
2008-07,MUN,SP|FRANCISCO MORATO,glp,15,33.0,30.4,33.0,30.0,33.0
2008-07,MUN,SP|FRANCO DA ROCHA,glp,5,32.5,30.0,33.0,30.0,33.0
2008-07,MUN,SP|GARCA,glp,8,33.0,33.0,33.0,33.0,33.0
2008-07,MUN,SP|GUARATINGUETA,glp,12,28.25,28.0,30.0,28.0,33.0
2008-07,MUN,SP|GUARUJA,glp,5,35.5,32.8,35.9,31.0,35.9
2008-07,MUN,SP|GUARULHOS,glp,61,31.0,29.99,33.0,28.0,34.0
2008-07,MUN,SP|HORTOLANDIA,glp,24,30.995,30.0,32.7,28.99,33.0
2008-07,MUN,SP|IBITINGA,glp,7,30.0,30.0,30.0,30.0,30.0
2008-07,MUN,SP|INDAIATUBA,glp,35,35.0,33.0,35.0,33.0,35.0
2008-07,MUN,SP|ITANHAEM,glp,12,34.5,32.0,35.9,32.0,36.0
2008-07,MUN,SP|ITAPECERICA DA SERRA,glp,6,31.495,29.95,31.995,29.9,32.0
2008-07,MUN,SP|ITAPETININGA,glp,16,32.5,30.5,34.0,30.0,35.0
2008-07,MUN,SP|ITAPEVA,glp,5,36.0,36.0,37.0,36.0,37.0
2008-07,MUN,SP|ITAPEVI,glp,5,30.0,28.79,31.6,27.99,32.0
2008-07,MUN,SP|ITAPIRA,glp,4,31.0,30.3,31.7,30.0,32.0
2008-07,MUN,SP|ITAPOLIS,glp,15,30.0,30.0,31.8,30.0,33.0
2008-07,MUN,SP|ITAQUAQUECETUBA,glp,13,34.0,32.0,35.0,30.0,35.0
2008-07,MUN,SP|ITATIBA,glp,11,32.0,32.0,33.5,32.0,34.0
2008-07,MUN,SP|ITU,glp,11,31.0,30.0,32.0,29.0,33.0
2008-07,MUN,SP|JABOTICABAL,glp,12,32.5,32.0,33.0,32.0,34.0
2008-07,MUN,SP|JACAREI,glp,9,29.99,26.99,32.0,26.99,32.0
2008-07,MUN,SP|JALES,glp,6,34.45,33.5,35.0,33.0,35.0
2008-07,MUN,SP|JANDIRA,glp,8,30.495,28.7,31.0,28.0,31.0
2008-07,MUN,SP|JAU,glp,8,30.0,30.0,30.6,30.0,32.0
2008-07,MUN,SP|JOSE BONIFACIO,glp,13,32.0,31.0,32.0,30.0,33.0
2008-07,MUN,SP|JUNDIAI,glp,17,30.0,29.0,33.0,29.0,34.0
2008-07,MUN,SP|LEME,glp,17,32.0,30.0,32.8,30.0,35.0
2008-07,MUN,SP|LIMEIRA,glp,16,33.0,29.95,35.0,28.0,35.0
2008-07,MUN,SP|LINS,glp,19,32.0,30.8,35.0,30.0,35.0
2008-07,MUN,SP|LORENA,glp,12,30.0,28.1,30.0,27.0,31.99
2008-07,MUN,SP|MARILIA,glp,13,30.0,30.0,30.0,30.0,32.0
2008-07,MUN,SP|MATAO,glp,8,32.5,30.8,33.0,28.0,33.0
2008-07,MUN,SP|MAUA,glp,25,32.78,31.2,34.6,30.0,35.0
2008-07,MUN,SP|MIRASSOL,glp,10,30.0,29.8,30.1,28.0,31.0
2008-07,MUN,SP|MOCOCA,glp,12,35.0,34.0,35.0,33.0,35.0
2008-07,MUN,SP|MOGI DAS CRUZES,glp,35,34.0,32.0,34.96,30.0,38.0
2008-07,MUN,SP|MOGI GUACU,glp,12,30.0,30.0,30.0,30.0,32.0
2008-07,MUN,SP|MOGI MIRIM,glp,9,30.0,28.0,30.0,28.0,30.0
2008-07,MUN,SP|MONTE ALTO,glp,7,33.0,32.6,34.0,32.0,34.0
2008-07,MUN,SP|OLIMPIA,glp,8,30.0,30.0,30.3,30.0,31.0
2008-07,MUN,SP|OSASCO,glp,45,31.0,28.99,32.99,28.0,33.0
2008-07,MUN,SP|OURINHOS,glp,15,33.0,32.0,33.6,28.9,35.0
2008-07,MUN,SP|PARAGUACU PAULISTA,glp,10,32.0,32.0,32.05,32.0,32.5
2008-07,MUN,SP|PAULICEIA,glp,1,33.0,33.0,33.0,33.0,33.0
2008-07,MUN,SP|PAULINIA,glp,13,32.0,28.4,32.8,26.99,33.0
2008-07,MUN,SP|PINDAMONHANGABA,glp,19,31.0,28.0,33.0,28.0,33.0
2008-07,MUN,SP|PIRACICABA,glp,31,30.0,29.0,32.0,28.0,33.0
2008-07,MUN,SP|PIRASSUNUNGA,glp,7,32.0,31.8,32.0,31.5,32.0
2008-07,MUN,SP|PITANGUEIRAS,glp,1,30.0,30.0,30.0,30.0,30.0
2008-07,MUN,SP|POA,glp,8,31.5,31.0,32.0,31.0,32.0
2008-07,MUN,SP|PORTO FERREIRA,glp,6,32.5,30.0,33.5,30.0,34.0
2008-07,MUN,SP|PRAIA GRANDE,glp,9,33.0,31.6,33.4,30.0,35.0
2008-07,MUN,SP|PRESIDENTE PRUDENTE,glp,37,34.0,32.0,35.0,31.0,36.0
2008-07,MUN,SP|PRESIDENTE VENCESLAU,glp,9,30.0,30.0,30.0,30.0,30.0
2008-07,MUN,SP|RIBEIRAO PIRES,glp,12,33.0,30.2,33.0,29.99,34.0
2008-07,MUN,SP|RIBEIRAO PRETO,glp,97,32.0,30.0,34.0,30.0,35.0
2008-07,MUN,SP|RIO CLARO,glp,7,30.0,30.0,32.0,30.0,32.0
2008-07,MUN,SP|SALTO,glp,16,32.0,31.5,33.0,29.0,33.0
2008-07,MUN,SP|SANTA BARBARA D'OESTE,glp,22,35.0,34.0,36.891,34.0,37.0
2008-07,MUN,SP|SANTA CRUZ DO RIO PARDO,glp,9,33.0,32.8,34.0,32.0,34.0
2008-07,MUN,SP|SANTO ANDRE,glp,38,33.25,29.99,35.0,29.0,36.5
2008-07,MUN,SP|SANTOS,glp,12,32.0,29.99,32.99,29.0,33.0
2008-07,MUN,SP|SAO BERNARDO DO CAMPO,glp,35,33.0,30.4,34.8,29.99,35.0
2008-07,MUN,SP|SAO CAETANO DO SUL,glp,4,32.0,30.293,34.33,29.99,34.9
2008-07,MUN,SP|SAO CARLOS,glp,17,30.0,28.6,32.4,27.5,33.9
2008-07,MUN,SP|SAO JOAO DA BOA VISTA,glp,8,33.0,32.7,33.0,32.0,33.0
2008-07,MUN,SP|SAO JOAQUIM DA BARRA,glp,10,32.0,31.9,32.0,31.9,32.0
2008-07,MUN,SP|SAO JOSE DO RIO PRETO,glp,50,33.0,32.0,34.0,29.0,35.0
2008-07,MUN,SP|SAO JOSE DOS CAMPOS,glp,84,31.995,28.297,34.0,25.0,35.0
2008-07,MUN,SP|SAO PAULO,glp,218,30.0,28.99,33.99,27.99,36.0
2008-07,MUN,SP|SAO ROQUE,glp,7,31.0,30.2,31.36,29.0,31.9
2008-07,MUN,SP|SAO VICENTE,glp,23,30.0,27.992,33.8,27.9,35.0
2008-07,MUN,SP|SERTAOZINHO,glp,20,32.0,31.9,33.0,31.0,35.0
2008-07,MUN,SP|SOROCABA,glp,37,31.0,30.0,32.94,29.0,34.0
2008-07,MUN,SP|SUMARE,glp,24,32.0,30.0,34.0,29.99,34.0
2008-07,MUN,SP|SUZANO,glp,20,32.0,30.0,32.0,28.99,32.0
2008-07,MUN,SP|TABOAO DA SERRA,glp,6,29.995,28.99,32.0,28.99,33.0
2008-07,MUN,SP|TATUI,glp,6,32.5,31.0,33.5,31.0,34.0
2008-07,MUN,SP|TAUBATE,glp,40,28.0,27.99,30.0,25.0,30.0
2008-07,MUN,SP|TUPA,glp,5,33.0,31.0,34.2,31.0,35.0
2008-07,MUN,SP|UBATUBA,glp,10,29.95,28.0,30.0,28.0,30.0
2008-07,MUN,SP|VALINHOS,glp,8,33.0,32.0,34.0,32.0,34.0
2008-07,MUN,SP|VARZEA PAULISTA,glp,10,30.0,29.8,30.2,28.0,32.0
2008-07,MUN,SP|VINHEDO,glp,5,34.0,32.396,34.6,32.0,35.0
2008-07,MUN,SP|VOTORANTIM,glp,18,30.0,27.997,31.0,27.99,32.0
2008-07,MUN,SP|VOTUPORANGA,glp,15,30.0,30.0,32.0,30.0,33.0
2008-07,MUN,TO|ARAGUAINA,glp,12,40.0,40.0,40.0,38.0,40.0
2008-07,MUN,TO|COMBINADO,glp,1,37.0,37.0,37.0,37.0,37.0
2008-07,MUN,TO|DIANOPOLIS,glp,6,36.0,35.5,36.0,35.0,36.0
2008-07,MUN,TO|GURUPI,glp,57,35.0,35.0,36.0,35.0,36.0
2008-07,MUN,TO|PALMAS,glp,29,37.0,36.0,38.0,35.0,38.0
2008-07,MUN,TO|PARAISO DO TOCANTINS,glp,13,37.0,37.0,37.0,37.0,37.0
2008-07,MUN,TO|PORTO NACIONAL,glp,9,37.0,35.8,37.0,35.0,37.0
2008-07,MUN,TO|TAGUATINGA,glp,1,37.0,37.0,37.0,37.0,37.0
2008-07,UF,AC,glp,94,38.0,37.0,40.0,34.0,46.0
2008-07,UF,AL,glp,31,32.0,30.0,33.0,30.0,33.0
2008-07,UF,AM,glp,331,32.5,31.0,34.0,30.0,38.0
2008-07,UF,AP,glp,23,36.0,35.2,37.0,34.0,47.0
2008-07,UF,BA,glp,319,33.0,30.0,35.6,28.0,38.0
2008-07,UF,CE,glp,205,35.0,32.0,36.0,30.0,37.0
2008-07,UF,DF,glp,128,38.0,35.0,39.0,34.0,40.02
2008-07,UF,ES,glp,133,34.0,32.0,35.0,30.0,37.0
2008-07,UF,GO,glp,890,32.0,31.0,36.0,29.0,39.0
2008-07,UF,MA,glp,119,36.5,34.0,40.0,33.0,40.0
2008-07,UF,MG,glp,1222,35.0,32.0,36.0,27.0,40.0
2008-07,UF,MS,glp,284,35.0,33.0,40.0,30.0,43.0
2008-07,UF,MT,glp,85,40.0,38.0,42.0,36.0,42.0
2008-07,UF,PA,glp,227,33.0,32.0,38.0,32.0,40.0
2008-07,UF,PB,glp,74,33.0,32.0,35.0,30.0,35.0
2008-07,UF,PE,glp,245,33.0,31.4,35.0,27.0,38.0
2008-07,UF,PI,glp,60,37.0,37.0,37.0,32.5,38.0
2008-07,UF,PR,glp,767,32.0,30.0,36.0,27.4,39.0
2008-07,UF,RJ,glp,287,33.0,30.0,35.4,26.99,38.0
2008-07,UF,RN,glp,32,32.0,30.0,35.0,30.0,35.0
2008-07,UF,RO,glp,135,35.0,33.0,39.0,32.9,42.0
2008-07,UF,RR,glp,26,38.0,36.5,39.0,35.8,40.0
2008-07,UF,RS,glp,740,35.0,32.0,38.0,29.9,44.0
2008-07,UF,SC,glp,353,37.0,33.0,39.0,30.0,42.0
2008-07,UF,SE,glp,34,33.0,30.0,34.0,30.0,34.0
2008-07,UF,SP,glp,2127,32.0,29.0,34.9,25.0,38.0
2008-07,UF,TO,glp,128,36.0,35.0,38.0,35.0,40.0
2008-08,BR,BR,glp,9011,33.99,30.0,38.0,25.0,47.0
2008-08,MUN,AC|BUJARI,glp,1,38.75,38.75,38.75,38.75,38.75
2008-08,MUN,AC|CRUZEIRO DO SUL,glp,1,46.0,46.0,46.0,46.0,46.0
2008-08,MUN,AC|RIO BRANCO,glp,84,38.0,37.15,39.0,36.5,40.0
2008-08,MUN,AC|SENA MADUREIRA,glp,3,40.0,40.0,40.8,40.0,41.0
2008-08,MUN,AC|SENADOR GUIOMARD,glp,1,35.0,35.0,35.0,35.0,35.0
2008-08,MUN,AC|TARAUACA,glp,2,45.0,45.0,45.0,45.0,45.0
2008-08,MUN,AC|XAPURI,glp,3,41.5,41.1,41.9,41.0,42.0
2008-08,MUN,AL|ARAPIRACA,glp,4,33.0,33.0,33.0,33.0,33.0
2008-08,MUN,AL|DELMIRO GOUVEIA,glp,1,33.0,33.0,33.0,33.0,33.0
2008-08,MUN,AL|IGACI,glp,1,32.0,32.0,32.0,32.0,32.0
2008-08,MUN,AL|MACEIO,glp,14,32.0,31.65,33.0,30.0,33.0
2008-08,MUN,AL|MARECHAL DEODORO,glp,1,32.0,32.0,32.0,32.0,32.0
2008-08,MUN,AL|PALMEIRA DOS INDIOS,glp,5,30.0,30.0,32.6,30.0,33.0
2008-08,MUN,AL|RIO LARGO,glp,3,32.0,32.0,32.0,32.0,32.0
2008-08,MUN,AL|SANTANA DO IPANEMA,glp,2,32.0,32.0,32.0,32.0,32.0
2008-08,MUN,AM|HUMAITA,glp,2,38.0,38.0,38.0,38.0,38.0
2008-08,MUN,AM|ITACOATIARA,glp,5,35.0,34.4,35.0,34.0,35.0
2008-08,MUN,AM|MANACAPURU,glp,2,33.0,33.0,33.0,33.0,33.0
2008-08,MUN,AM|MANAUS,glp,319,32.5,31.0,34.0,30.0,36.0
2008-08,MUN,AM|PARINTINS,glp,2,34.5,34.1,34.9,34.0,35.0
2008-08,MUN,AM|PRESIDENTE FIGUEIREDO,glp,1,37.0,37.0,37.0,37.0,37.0
2008-08,MUN,AP|CALCOENE,glp,1,37.0,37.0,37.0,37.0,37.0
2008-08,MUN,AP|LARANJAL DO JARI,glp,1,37.0,37.0,37.0,37.0,37.0
2008-08,MUN,AP|MACAPA,glp,15,36.0,35.2,36.0,34.0,36.0
2008-08,MUN,AP|OIAPOQUE,glp,2,47.0,47.0,47.0,47.0,47.0
2008-08,MUN,AP|SANTANA,glp,4,36.25,36.0,36.85,36.0,37.0
2008-08,MUN,BA|ALAGOINHAS,glp,4,35.0,35.0,35.0,35.0,35.0
2008-08,MUN,BA|BARRA,glp,3,35.0,35.0,35.0,35.0,35.0
2008-08,MUN,BA|BARREIRAS,glp,10,36.0,36.0,36.0,36.0,36.0
2008-08,MUN,BA|BRUMADO,glp,6,34.0,34.0,34.0,34.0,34.0
2008-08,MUN,BA|CAETITE,glp,6,32.0,32.0,32.0,32.0,32.0
2008-08,MUN,BA|CAMACARI,glp,8,35.0,33.0,35.3,33.0,36.0
2008-08,MUN,BA|CAMPO FORMOSO,glp,3,35.0,35.0,35.0,35.0,35.0
2008-08,MUN,BA|CANDEIAS,glp,5,33.0,30.8,33.0,30.0,33.0
2008-08,MUN,BA|CAPIM GROSSO,glp,1,35.0,35.0,35.0,35.0,35.0
2008-08,MUN,BA|EUNAPOLIS,glp,6,35.0,35.0,35.0,35.0,35.0
2008-08,MUN,BA|FEIRA DE SANTANA,glp,8,35.0,33.5,35.5,30.0,35.5
2008-08,MUN,BA|GUANAMBI,glp,12,31.0,31.0,31.0,31.0,40.0
2008-08,MUN,BA|ILHEUS,glp,9,36.0,36.0,36.0,36.0,36.0
2008-08,MUN,BA|IPIRA,glp,5,35.0,35.0,35.0,35.0,35.0
2008-08,MUN,BA|IRECE,glp,5,35.0,35.0,35.0,35.0,35.0
2008-08,MUN,BA|ITABUNA,glp,8,35.0,35.0,35.0,35.0,35.0
2008-08,MUN,BA|ITAMARAJU,glp,3,33.0,33.0,33.0,33.0,33.0
2008-08,MUN,BA|JACOBINA,glp,5,38.0,35.8,38.0,35.0,38.0
2008-08,MUN,BA|JAGUAQUARA,glp,9,33.0,33.0,33.4,33.0,35.0
2008-08,MUN,BA|JEQUIE,glp,4,31.5,30.0,33.0,30.0,33.0
2008-08,MUN,BA|JUAZEIRO,glp,3,35.0,35.0,35.0,35.0,35.0
2008-08,MUN,BA|LAURO DE FREITAS,glp,11,34.0,32.0,34.495,29.0,34.99
2008-08,MUN,BA|LIVRAMENTO DE NOSSA SENHORA,glp,1,30.0,30.0,30.0,30.0,30.0
2008-08,MUN,BA|PAULO AFONSO,glp,5,33.0,33.0,33.6,33.0,34.0
2008-08,MUN,BA|POCOES,glp,4,33.0,32.0,34.0,32.0,34.0
2008-08,MUN,BA|PORTO SEGURO,glp,9,35.0,35.0,35.0,35.0,35.0
2008-08,MUN,BA|RUY BARBOSA,glp,3,33.0,33.0,33.0,33.0,33.0
2008-08,MUN,BA|SALVADOR,glp,129,32.0,30.0,34.0,28.0,35.0
2008-08,MUN,BA|SANTO ANTONIO DE JESUS,glp,7,33.0,31.6,33.0,31.0,33.0
2008-08,MUN,BA|SENHOR DO BONFIM,glp,4,38.0,38.0,38.0,38.0,38.0
2008-08,MUN,BA|SERRINHA,glp,3,35.0,35.0,35.0,35.0,35.0
2008-08,MUN,BA|SIMOES FILHO,glp,6,33.5,31.5,35.0,30.0,35.0
2008-08,MUN,BA|TEIXEIRA DE FREITAS,glp,5,35.0,35.0,35.0,35.0,35.0
2008-08,MUN,BA|URANDI,glp,1,31.0,31.0,31.0,31.0,31.0
2008-08,MUN,BA|VALENCA,glp,4,33.0,31.6,33.0,31.0,33.0
2008-08,MUN,BA|VITORIA DA CONQUISTA,glp,2,33.5,33.1,33.9,33.0,34.0
2008-08,MUN,CE|ARACOIABA,glp,1,35.0,35.0,35.0,35.0,35.0
2008-08,MUN,CE|BEBERIBE,glp,1,35.0,35.0,35.0,35.0,35.0
2008-08,MUN,CE|CANINDE,glp,2,34.0,34.0,34.0,34.0,34.0
2008-08,MUN,CE|CAUCAIA,glp,28,35.0,35.0,36.0,33.0,36.0
2008-08,MUN,CE|CRATEUS,glp,3,32.0,32.0,32.4,32.0,32.5
2008-08,MUN,CE|CRATO,glp,8,32.0,30.0,32.3,30.0,33.0
2008-08,MUN,CE|FORTALEZA,glp,118,35.0,35.0,36.0,33.0,37.0
2008-08,MUN,CE|ICO,glp,2,32.0,32.0,32.0,32.0,32.0
2008-08,MUN,CE|IGUATU,glp,4,33.5,33.0,34.0,33.0,34.0
2008-08,MUN,CE|IPU,glp,3,34.0,34.0,34.0,34.0,34.0
2008-08,MUN,CE|ITAPIPOCA,glp,3,30.0,30.0,30.0,30.0,30.0
2008-08,MUN,CE|JUAZEIRO DO NORTE,glp,6,32.0,31.0,32.75,30.0,33.0
2008-08,MUN,CE|LIMOEIRO DO NORTE,glp,2,34.0,34.0,34.0,34.0,34.0
2008-08,MUN,CE|MARACANAU,glp,6,35.5,33.0,37.0,32.0,37.0
2008-08,MUN,CE|MORADA NOVA,glp,4,33.25,33.0,33.85,33.0,34.0
2008-08,MUN,CE|PEDRA BRANCA,glp,2,32.0,32.0,32.0,32.0,32.0
2008-08,MUN,CE|QUIXADA,glp,5,33.0,32.0,34.0,32.0,34.0
2008-08,MUN,CE|SAO GONCALO DO AMARANTE,glp,1,34.0,34.0,34.0,34.0,34.0
2008-08,MUN,CE|SOBRAL,glp,3,33.5,33.5,33.9,33.5,34.0
2008-08,MUN,DF|BRASILIA,glp,128,38.0,35.0,39.0,34.0,40.02
2008-08,MUN,ES|ARACRUZ,glp,6,33.75,31.2,35.0,29.9,35.0
2008-08,MUN,ES|BARRA DE SAO FRANCISCO,glp,6,32.0,32.0,35.0,32.0,35.0
2008-08,MUN,ES|CACHOEIRO DE ITAPEMIRIM,glp,12,33.0,32.0,33.0,30.0,35.0
2008-08,MUN,ES|CARIACICA,glp,16,34.0,32.495,35.0,30.0,35.0
2008-08,MUN,ES|CASTELO,glp,2,32.5,32.1,32.9,32.0,33.0
2008-08,MUN,ES|COLATINA,glp,7,33.0,32.0,33.8,32.0,35.0
2008-08,MUN,ES|GUARAPARI,glp,6,34.0,32.5,35.5,32.0,36.0
2008-08,MUN,ES|ITAPEMIRIM,glp,1,33.0,33.0,33.0,33.0,33.0
2008-08,MUN,ES|JAGUARE,glp,3,34.9,34.18,35.38,34.0,35.5
2008-08,MUN,ES|LINHARES,glp,11,35.0,35.0,35.0,35.0,35.0
2008-08,MUN,ES|NOVA VENECIA,glp,1,32.0,32.0,32.0,32.0,32.0
2008-08,MUN,ES|PIUMA,glp,1,33.0,33.0,33.0,33.0,33.0
2008-08,MUN,ES|SAO MATEUS,glp,8,34.0,34.0,34.3,34.0,35.0
2008-08,MUN,ES|SERRA,glp,36,34.0,32.0,35.0,32.0,35.0
2008-08,MUN,ES|VILA VELHA,glp,13,34.0,32.0,34.0,32.0,35.0
2008-08,MUN,ES|VITORIA,glp,4,36.0,35.3,36.7,35.0,37.0
2008-08,MUN,GO|AGUAS LINDAS DE GOIAS,glp,7,35.0,35.0,35.0,35.0,35.0
2008-08,MUN,GO|ANAPOLIS,glp,100,32.0,31.0,33.0,29.3,34.0
2008-08,MUN,GO|APARECIDA DE GOIANIA,glp,108,32.0,32.0,33.0,31.0,33.0
2008-08,MUN,GO|BELA VISTA DE GOIAS,glp,1,32.0,32.0,32.0,32.0,32.0
2008-08,MUN,GO|CALDAS NOVAS,glp,40,34.0,33.0,34.55,32.0,38.0
2008-08,MUN,GO|CATALAO,glp,15,30.0,30.0,30.0,30.0,31.0
2008-08,MUN,GO|FORMOSA,glp,36,37.0,37.0,37.0,37.0,37.0
2008-08,MUN,GO|GOIANIA,glp,298,32.0,31.0,33.0,29.3,34.0
2008-08,MUN,GO|GOIATUBA,glp,11,34.0,32.0,34.0,32.0,34.0
2008-08,MUN,GO|ITUMBIARA,glp,18,33.0,33.0,33.0,33.0,33.5
2008-08,MUN,GO|JATAI,glp,23,35.0,34.2,35.4,32.0,37.0
2008-08,MUN,GO|LUZIANIA,glp,61,33.0,33.0,34.0,32.0,36.0
2008-08,MUN,GO|MINEIROS,glp,18,35.0,35.0,35.15,35.0,35.5
2008-08,MUN,GO|MORRINHOS,glp,21,34.0,32.9,35.0,32.0,39.0
2008-08,MUN,GO|PLANALTINA,glp,22,38.0,38.0,38.0,35.0,39.0
2008-08,MUN,GO|PONTALINA,glp,1,34.0,34.0,34.0,34.0,34.0
2008-08,MUN,GO|PORANGATU,glp,13,33.0,32.0,35.0,31.99,36.0
2008-08,MUN,GO|RIO VERDE,glp,42,36.0,35.55,36.0,35.5,36.0
2008-08,MUN,GO|SANTO ANTONIO DE GOIAS,glp,1,32.0,32.0,32.0,32.0,32.0
2008-08,MUN,GO|TRINDADE,glp,43,31.0,30.6,32.0,30.0,32.0
2008-08,MUN,GO|VALPARAISO DE GOIAS,glp,12,30.0,30.0,33.8,28.0,35.0
2008-08,MUN,MA|ACAILANDIA,glp,2,39.5,39.1,39.9,39.0,40.0
2008-08,MUN,MA|BACABAL,glp,2,37.0,36.6,37.4,36.5,37.5
2008-08,MUN,MA|BALSAS,glp,3,40.0,40.0,40.0,40.0,40.0
2008-08,MUN,MA|BARRA DO CORDA,glp,2,38.0,38.0,38.0,38.0,38.0
2008-08,MUN,MA|CAROLINA,glp,3,40.0,40.0,40.0,40.0,40.0
2008-08,MUN,MA|CAXIAS,glp,1,38.0,38.0,38.0,38.0,38.0
2008-08,MUN,MA|CODO,glp,2,36.5,36.5,36.5,36.5,36.5
2008-08,MUN,MA|IMPERATRIZ,glp,41,40.0,40.0,40.0,39.0,40.0
2008-08,MUN,MA|MATINHA,glp,1,34.0,34.0,34.0,34.0,34.0
2008-08,MUN,MA|PINHEIRO,glp,2,37.5,37.1,37.9,37.0,38.0
2008-08,MUN,MA|PRESIDENTE DUTRA,glp,2,35.0,35.0,35.0,35.0,35.0
2008-08,MUN,MA|SANTA INES,glp,2,35.0,35.0,35.0,35.0,35.0
2008-08,MUN,MA|SAO JOAO DOS PATOS,glp,2,38.0,38.0,38.0,38.0,38.0
2008-08,MUN,MA|SAO JOSE DE RIBAMAR,glp,13,34.0,34.0,35.0,34.0,35.0
2008-08,MUN,MA|SAO LUIS,glp,39,34.0,33.75,35.1,33.0,35.5
2008-08,MUN,MA|TIMON,glp,1,37.0,37.0,37.0,37.0,37.0
2008-08,MUN,MG|ALFENAS,glp,19,35.0,32.0,35.5,31.0,35.5
2008-08,MUN,MG|ARAGUARI,glp,18,35.5,35.0,36.075,34.0,37.0
2008-08,MUN,MG|ARAXA,glp,3,35.5,35.1,35.9,35.0,36.0
2008-08,MUN,MG|BARBACENA,glp,16,34.0,31.0,35.0,30.0,38.0
2008-08,MUN,MG|BELO HORIZONTE,glp,133,35.0,33.0,36.0,30.0,36.0
2008-08,MUN,MG|BETIM,glp,40,34.75,32.0,35.0,31.9,35.4
2008-08,MUN,MG|BOM DESPACHO,glp,2,37.0,37.0,37.0,37.0,37.0
2008-08,MUN,MG|CAMPO BELO,glp,9,35.0,34.6,35.0,33.0,35.0
2008-08,MUN,MG|CARATINGA,glp,3,33.0,32.6,33.0,32.5,33.0
2008-08,MUN,MG|CATAGUASES,glp,2,35.5,35.1,35.9,35.0,36.0
2008-08,MUN,MG|CONCEICAO DAS ALAGOAS,glp,1,35.0,35.0,35.0,35.0,35.0
2008-08,MUN,MG|CONGONHAS,glp,9,36.0,35.4,36.0,35.0,36.0
2008-08,MUN,MG|CONSELHEIRO LAFAIETE,glp,4,35.5,35.0,36.35,35.0,36.5
2008-08,MUN,MG|CONTAGEM,glp,75,34.5,32.94,35.74,31.5,36.0
2008-08,MUN,MG|CORONEL FABRICIANO,glp,3,35.0,35.0,35.0,35.0,35.0
2008-08,MUN,MG|CURVELO,glp,9,35.0,34.8,35.1,34.0,35.5
2008-08,MUN,MG|DIAMANTINA,glp,9,35.5,35.0,36.3,35.0,37.5
2008-08,MUN,MG|DIVINOPOLIS,glp,21,35.5,35.0,36.0,35.0,36.5
2008-08,MUN,MG|FORMIGA,glp,10,35.0,35.0,35.0,35.0,35.0
2008-08,MUN,MG|FRUTAL,glp,5,34.0,33.4,34.6,33.0,35.0
2008-08,MUN,MG|GOVERNADOR VALADARES,glp,22,35.0,34.0,35.0,32.0,35.22
2008-08,MUN,MG|GUAXUPE,glp,7,36.0,35.3,36.0,35.0,36.0
2008-08,MUN,MG|IBIRITE,glp,12,35.0,34.0,35.945,34.0,36.0
2008-08,MUN,MG|IPATINGA,glp,15,35.0,33.2,35.0,33.0,36.0
2008-08,MUN,MG|ITABIRA,glp,3,38.0,38.0,38.0,38.0,38.0
2008-08,MUN,MG|ITAJUBA,glp,12,34.0,33.05,35.0,33.0,36.0
2008-08,MUN,MG|ITAUNA,glp,14,33.0,33.0,34.0,33.0,35.0
2008-08,MUN,MG|ITUIUTABA,glp,17,34.0,33.0,35.0,33.0,35.0
2008-08,MUN,MG|ITURAMA,glp,1,35.0,35.0,35.0,35.0,35.0
2008-08,MUN,MG|JANAUBA,glp,2,36.0,36.0,36.0,36.0,36.0
2008-08,MUN,MG|JANUARIA,glp,8,36.0,34.7,36.0,34.0,36.0
2008-08,MUN,MG|JOAO MONLEVADE,glp,7,35.0,33.6,35.4,33.0,36.0
2008-08,MUN,MG|JOAO PINHEIRO,glp,17,36.0,35.0,38.0,35.0,38.0
2008-08,MUN,MG|JUIZ DE FORA,glp,101,36.0,35.0,38.0,34.0,39.0
2008-08,MUN,MG|LAVRAS,glp,10,31.0,28.0,35.05,28.0,35.5
2008-08,MUN,MG|LEOPOLDINA,glp,5,35.0,34.4,35.6,34.0,36.0
2008-08,MUN,MG|MANHUACU,glp,4,35.75,35.15,36.0,35.0,36.0
2008-08,MUN,MG|MARIANA,glp,5,35.5,32.0,35.8,32.0,36.0
2008-08,MUN,MG|MATIAS BARBOSA,glp,1,36.0,36.0,36.0,36.0,36.0
2008-08,MUN,MG|MONTE CARMELO,glp,17,35.0,32.0,35.7,32.0,37.0
2008-08,MUN,MG|MONTES CLAROS,glp,53,36.0,35.0,36.2,34.0,36.5
2008-08,MUN,MG|MURIAE,glp,3,32.0,29.6,34.4,29.0,35.0
2008-08,MUN,MG|NOVA LIMA,glp,9,36.0,35.0,36.4,35.0,38.0
2008-08,MUN,MG|OLIVEIRA,glp,7,35.0,35.0,35.0,35.0,35.0
2008-08,MUN,MG|OURO PRETO,glp,8,35.5,35.35,36.0,35.0,36.0
2008-08,MUN,MG|PARA DE MINAS,glp,10,36.0,34.35,36.5,33.0,36.5
2008-08,MUN,MG|PARACATU,glp,8,39.0,38.0,40.0,38.0,40.0
2008-08,MUN,MG|PASSOS,glp,16,32.0,30.5,34.5,30.0,35.5
2008-08,MUN,MG|PATOS DE MINAS,glp,18,35.0,34.0,36.0,34.0,36.0
2008-08,MUN,MG|PATROCINIO,glp,18,36.0,35.5,36.65,35.0,37.0
2008-08,MUN,MG|POCOS DE CALDAS,glp,17,32.0,32.0,33.7,30.0,35.0
2008-08,MUN,MG|POUSO ALEGRE,glp,19,37.0,37.0,37.0,36.0,37.5
2008-08,MUN,MG|RIBEIRAO DAS NEVES,glp,21,33.5,32.0,34.0,30.0,35.0
2008-08,MUN,MG|SABARA,glp,17,35.0,30.6,36.2,30.0,37.0
2008-08,MUN,MG|SANTA LUZIA,glp,24,35.0,33.0,35.85,33.0,36.0
2008-08,MUN,MG|SANTOS DUMONT,glp,5,35.0,35.0,35.0,35.0,35.0
2008-08,MUN,MG|SAO GOTARDO,glp,1,35.0,35.0,35.0,35.0,35.0
2008-08,MUN,MG|SAO JOAO DEL REI,glp,14,35.5,35.0,35.85,35.0,36.0
2008-08,MUN,MG|SAO LOURENCO,glp,2,35.25,35.05,35.45,35.0,35.5
2008-08,MUN,MG|SAO SEBASTIAO DO PARAISO,glp,11,35.0,33.0,35.0,33.0,35.5
2008-08,MUN,MG|SETE LAGOAS,glp,15,35.0,31.2,35.5,30.0,36.0
2008-08,MUN,MG|TEOFILO OTONI,glp,31,36.0,35.0,36.0,34.0,37.5
2008-08,MUN,MG|TIMOTEO,glp,6,34.5,34.0,35.0,34.0,35.0
2008-08,MUN,MG|TRES CORACOES,glp,8,28.0,27.0,29.3,27.0,30.0
2008-08,MUN,MG|UBA,glp,7,35.0,35.0,35.0,35.0,35.0
2008-08,MUN,MG|UBERABA,glp,54,35.0,35.0,35.0,34.5,35.5
2008-08,MUN,MG|UBERLANDIA,glp,98,35.0,33.0,36.0,32.0,36.25
2008-08,MUN,MG|UNAI,glp,12,39.0,39.0,39.0,39.0,39.0
2008-08,MUN,MG|VARGINHA,glp,18,36.0,35.35,36.65,34.5,37.0
2008-08,MUN,MG|VESPASIANO,glp,10,33.0,32.88,35.1,31.8,36.0
2008-08,MUN,MG|VICOSA,glp,3,35.0,35.0,35.0,35.0,35.0
2008-08,MUN,MS|BATAYPORA,glp,1,38.0,38.0,38.0,38.0,38.0
2008-08,MUN,MS|CAMPO GRANDE,glp,158,34.0,32.0,35.0,30.5,37.5
2008-08,MUN,MS|CORUMBA,glp,7,42.0,41.5,42.0,41.5,42.0
2008-08,MUN,MS|COXIM,glp,9,38.0,34.9,38.0,34.5,38.0
2008-08,MUN,MS|DOURADOS,glp,56,39.0,37.25,40.75,35.0,43.0
2008-08,MUN,MS|NOVA ANDRADINA,glp,14,35.75,34.3,38.0,33.0,38.0
2008-08,MUN,MS|PARANAIBA,glp,18,40.0,39.4,40.0,38.0,40.0
2008-08,MUN,MS|PONTA PORA,glp,4,38.0,37.0,39.0,37.0,39.0
2008-08,MUN,MS|SAO GABRIEL DO OESTE,glp,1,38.0,38.0,38.0,38.0,38.0
2008-08,MUN,MS|TRES LAGOAS,glp,16,38.0,37.5,38.0,37.0,38.5
2008-08,MUN,MT|ALTA FLORESTA,glp,6,40.0,40.0,41.25,40.0,42.0
2008-08,MUN,MT|CACERES,glp,8,38.0,38.0,38.3,38.0,39.0
2008-08,MUN,MT|CUIABA,glp,32,40.0,39.0,41.0,38.0,42.0
2008-08,MUN,MT|RONDONOPOLIS,glp,9,41.0,39.9,42.0,39.5,42.0
2008-08,MUN,MT|SINOP,glp,11,40.0,40.0,42.0,40.0,42.0
2008-08,MUN,MT|SORRISO,glp,7,40.0,38.0,41.0,38.0,41.0
2008-08,MUN,MT|VARZEA GRANDE,glp,12,40.0,36.4,41.0,36.0,42.0
2008-08,MUN,PA|ABAETETUBA,glp,4,34.0,33.3,34.0,33.0,34.0
2008-08,MUN,PA|ALENQUER,glp,2,36.5,36.1,36.9,36.0,37.0
2008-08,MUN,PA|ALTAMIRA,glp,9,39.0,38.4,40.0,38.0,40.0
2008-08,MUN,PA|ANANINDEUA,glp,66,33.0,32.0,33.0,32.0,34.0
2008-08,MUN,PA|BELEM,glp,77,33.0,32.0,33.0,32.0,34.0
2008-08,MUN,PA|BRAGANCA,glp,4,37.0,37.0,37.0,37.0,37.0
2008-08,MUN,PA|BREVES,glp,2,32.5,32.1,32.9,32.0,33.0
2008-08,MUN,PA|CAMETA,glp,3,34.0,32.4,34.0,32.0,34.0
2008-08,MUN,PA|CASTANHAL,glp,7,35.0,35.0,35.0,35.0,35.0
2008-08,MUN,PA|CONCEICAO DO ARAGUAIA,glp,2,37.0,37.0,37.0,37.0,37.0
2008-08,MUN,PA|ITAITUBA,glp,7,38.0,37.6,38.2,37.0,38.5
2008-08,MUN,PA|MARABA,glp,1,38.0,38.0,38.0,38.0,38.0
2008-08,MUN,PA|PARAGOMINAS,glp,3,37.0,37.0,37.0,37.0,37.0
2008-08,MUN,PA|PARAUAPEBAS,glp,3,39.0,39.0,39.0,39.0,39.0
2008-08,MUN,PA|REDENCAO,glp,5,36.0,34.8,37.0,34.0,37.0
2008-08,MUN,PA|SANTAREM,glp,20,35.0,34.0,35.1,32.5,36.0
2008-08,MUN,PA|TUCURUI,glp,4,38.0,38.0,38.0,38.0,38.0
2008-08,MUN,PA|XINGUARA,glp,7,39.5,38.8,40.0,38.5,40.0
2008-08,MUN,PB|BAYEUX,glp,4,33.0,33.0,33.7,33.0,34.0
2008-08,MUN,PB|CABEDELO,glp,3,33.0,33.0,34.6,33.0,35.0
2008-08,MUN,PB|CAMPINA GRANDE,glp,19,35.0,34.2,35.0,33.0,35.0
2008-08,MUN,PB|GUARABIRA,glp,1,35.0,35.0,35.0,35.0,35.0
2008-08,MUN,PB|INGA,glp,1,35.0,35.0,35.0,35.0,35.0
2008-08,MUN,PB|JOAO PESSOA,glp,30,33.0,30.9,34.1,30.0,35.0
2008-08,MUN,PB|MAMANGUAPE,glp,2,33.0,33.0,33.0,33.0,33.0
2008-08,MUN,PB|PATOS,glp,5,35.0,33.8,35.0,33.0,35.0
2008-08,MUN,PB|SANTA RITA,glp,4,34.0,32.6,34.7,32.0,35.0
2008-08,MUN,PB|SAPE,glp,2,35.0,35.0,35.0,35.0,35.0
2008-08,MUN,PB|SOUSA,glp,3,33.0,30.6,33.0,30.0,33.0
2008-08,MUN,PE|ABREU E LIMA,glp,7,35.0,32.6,35.0,32.0,35.0
2008-08,MUN,PE|AFOGADOS DA INGAZEIRA,glp,1,33.0,33.0,33.0,33.0,33.0
2008-08,MUN,PE|AGUAS BELAS,glp,1,36.0,36.0,36.0,36.0,36.0
2008-08,MUN,PE|ARARIPINA,glp,1,33.0,33.0,33.0,33.0,33.0
2008-08,MUN,PE|ARCOVERDE,glp,1,36.0,36.0,36.0,36.0,36.0
2008-08,MUN,PE|BELO JARDIM,glp,4,33.0,33.0,33.0,33.0,33.0
2008-08,MUN,PE|BOM CONSELHO,glp,3,35.0,35.0,35.0,35.0,35.0
2008-08,MUN,PE|CABO DE SANTO AGOSTINHO,glp,5,35.0,34.4,35.0,34.0,35.0
2008-08,MUN,PE|CAMARAGIBE,glp,12,34.0,33.0,35.0,33.0,35.0
2008-08,MUN,PE|CARUARU,glp,7,33.0,32.3,33.0,32.0,33.0
2008-08,MUN,PE|GARANHUNS,glp,4,33.0,33.0,33.7,33.0,34.0
2008-08,MUN,PE|GOIANA,glp,2,30.0,30.0,30.0,30.0,30.0
2008-08,MUN,PE|GRAVATA,glp,4,35.0,32.9,35.0,32.0,35.0
2008-08,MUN,PE|IGARASSU,glp,8,35.0,34.7,35.0,34.0,35.0
2008-08,MUN,PE|JABOATAO DOS GUARARAPES,glp,35,35.0,34.0,35.0,33.0,35.0
2008-08,MUN,PE|JUCATI,glp,1,33.0,33.0,33.0,33.0,33.0
2008-08,MUN,PE|LAJEDO,glp,2,30.0,30.0,30.0,30.0,30.0
2008-08,MUN,PE|MORENO,glp,1,35.0,35.0,35.0,35.0,35.0
2008-08,MUN,PE|OLINDA,glp,23,33.0,33.0,33.5,32.495,35.0
2008-08,MUN,PE|PAULISTA,glp,7,33.5,33.3,35.0,33.0,35.0
2008-08,MUN,PE|PETROLINA,glp,2,35.0,35.0,35.0,35.0,35.0
2008-08,MUN,PE|RECIFE,glp,82,33.0,28.099,35.0,28.0,35.0
2008-08,MUN,PE|SALGUEIRO,glp,2,35.0,35.0,35.0,35.0,35.0
2008-08,MUN,PE|SANTA CRUZ DO CAPIBARIBE,glp,3,38.0,38.0,38.0,38.0,38.0
2008-08,MUN,PE|SAO BENTO DO UNA,glp,2,33.0,33.0,33.0,33.0,33.0
2008-08,MUN,PE|SAO LOURENCO DA MATA,glp,12,33.0,33.0,34.0,33.0,35.0
2008-08,MUN,PE|SERRA TALHADA,glp,5,33.0,32.0,33.0,32.0,33.0
2008-08,MUN,PE|VENTUROSA,glp,1,36.0,36.0,36.0,36.0,36.0
2008-08,MUN,PE|VITORIA DE SANTO ANTAO,glp,10,35.0,34.9,35.0,34.0,35.0
2008-08,MUN,PI|BARRAS,glp,1,32.5,32.5,32.5,32.5,32.5
2008-08,MUN,PI|CAMPO MAIOR,glp,4,37.0,37.0,37.0,37.0,37.0
2008-08,MUN,PI|OEIRAS,glp,3,38.0,38.0,38.0,38.0,38.0
2008-08,MUN,PI|PARNAIBA,glp,1,37.0,37.0,37.0,37.0,37.0
2008-08,MUN,PI|PICOS,glp,2,38.0,38.0,38.0,38.0,38.0
2008-08,MUN,PI|PIRIPIRI,glp,3,37.0,37.0,37.0,37.0,37.0
2008-08,MUN,PI|TERESINA,glp,49,37.0,36.0,37.0,35.0,37.0
2008-08,MUN,PR|ALMIRANTE TAMANDARE,glp,9,30.0,29.0,30.4,29.0,32.0
2008-08,MUN,PR|APUCARANA,glp,20,30.0,29.35,33.1,27.9,34.0
2008-08,MUN,PR|ARAPONGAS,glp,17,33.0,33.0,34.0,32.0,36.0
2008-08,MUN,PR|ARAUCARIA,glp,9,30.0,30.0,30.0,30.0,30.0
2008-08,MUN,PR|ASSIS CHATEAUBRIAND,glp,5,33.0,30.8,33.27,30.0,33.45
2008-08,MUN,PR|CAMBE,glp,43,33.0,32.0,35.0,31.0,35.0
2008-08,MUN,PR|CAMPO LARGO,glp,17,30.0,28.8,30.0,28.0,32.0
2008-08,MUN,PR|CAMPO MOURAO,glp,10,33.0,29.8,35.0,28.0,35.0
2008-08,MUN,PR|CASCAVEL,glp,23,34.0,33.0,34.0,30.0,34.5
2008-08,MUN,PR|CASTRO,glp,12,33.0,32.5,34.0,30.0,34.0
2008-08,MUN,PR|CIANORTE,glp,16,38.0,37.5,38.0,30.0,38.0
2008-08,MUN,PR|COLOMBO,glp,29,31.0,29.98,32.0,29.0,33.0
2008-08,MUN,PR|CORNELIO PROCOPIO,glp,8,35.0,34.7,35.0,34.0,35.0
2008-08,MUN,PR|CURITIBA,glp,140,30.0,29.9,32.0,27.4,33.0
2008-08,MUN,PR|FOZ DO IGUACU,glp,40,39.0,38.0,39.0,38.0,39.0
2008-08,MUN,PR|FRANCISCO BELTRAO,glp,9,35.0,32.6,36.2,31.0,37.0
2008-08,MUN,PR|GUARAPUAVA,glp,11,32.0,32.0,33.0,32.0,34.0
2008-08,MUN,PR|LARANJEIRAS DO SUL,glp,7,37.0,35.7,37.0,34.5,37.0
2008-08,MUN,PR|LONDRINA,glp,106,32.0,30.0,33.0,30.0,34.0
2008-08,MUN,PR|MARECHAL CANDIDO RONDON,glp,11,37.0,37.0,37.0,35.0,37.0
2008-08,MUN,PR|MARINGA,glp,34,32.5,32.0,34.0,29.0,36.0
2008-08,MUN,PR|MEDIANEIRA,glp,1,39.0,39.0,39.0,39.0,39.0
2008-08,MUN,PR|PARANAGUA,glp,20,35.0,33.0,35.0,31.0,35.0
2008-08,MUN,PR|PARANAVAI,glp,15,35.0,33.0,35.0,33.0,35.0
2008-08,MUN,PR|PATO BRANCO,glp,9,33.5,32.0,34.2,32.0,35.0
2008-08,MUN,PR|PINHAIS,glp,16,30.0,29.75,32.0,28.0,33.0
2008-08,MUN,PR|PIRAI DO SUL,glp,1,34.5,34.5,34.5,34.5,34.5
2008-08,MUN,PR|PONTA GROSSA,glp,66,33.0,31.0,34.0,30.0,35.0
2008-08,MUN,PR|SANTO ANTONIO DA PLATINA,glp,14,33.0,32.15,34.2,32.0,35.0
2008-08,MUN,PR|SAO JOSE DOS PINHAIS,glp,15,31.0,30.0,32.0,30.0,34.0
2008-08,MUN,PR|SARANDI,glp,1,37.0,37.0,37.0,37.0,37.0
2008-08,MUN,PR|TERRA BOA,glp,1,35.0,35.0,35.0,35.0,35.0
2008-08,MUN,PR|TOLEDO,glp,11,37.0,35.0,38.0,34.0,38.95
2008-08,MUN,PR|UMUARAMA,glp,13,31.0,30.0,32.4,30.0,33.0
2008-08,MUN,PR|UNIAO DA VITORIA,glp,3,32.0,32.0,32.64,32.0,32.8
2008-08,MUN,RJ|ANGRA DOS REIS,glp,4,35.0,34.0,36.63,34.0,36.9
2008-08,MUN,RJ|ARARUAMA,glp,5,32.0,31.4,32.8,31.0,33.0
2008-08,MUN,RJ|ARMACAO DOS BUZIOS,glp,1,33.5,33.5,33.5,33.5,33.5
2008-08,MUN,RJ|BARRA DO PIRAI,glp,4,33.0,32.86,34.4,32.8,35.0
2008-08,MUN,RJ|BARRA MANSA,glp,18,36.0,35.0,36.0,35.0,36.0
2008-08,MUN,RJ|BELFORD ROXO,glp,6,30.5,30.0,32.0,30.0,32.0
2008-08,MUN,RJ|CABO FRIO,glp,4,30.0,29.3,30.0,29.0,30.0
2008-08,MUN,RJ|CAMPOS DOS GOYTACAZES,glp,16,33.0,32.0,35.0,32.0,35.0
2008-08,MUN,RJ|DUQUE DE CAXIAS,glp,29,33.0,31.8,34.0,31.0,34.0
2008-08,MUN,RJ|ITABORAI,glp,3,32.0,31.2,32.8,31.0,33.0
2008-08,MUN,RJ|ITAGUAI,glp,4,32.5,32.15,32.85,32.0,33.0
2008-08,MUN,RJ|ITAPERUNA,glp,4,30.0,30.0,30.0,30.0,30.0
2008-08,MUN,RJ|MACAE,glp,2,30.0,30.0,30.0,30.0,30.0
2008-08,MUN,RJ|MAGE,glp,2,32.0,32.0,32.0,32.0,32.0
2008-08,MUN,RJ|MANGARATIBA,glp,3,34.0,33.92,34.0,33.9,34.0
2008-08,MUN,RJ|MARICA,glp,2,32.0,31.2,32.8,31.0,33.0
2008-08,MUN,RJ|NILOPOLIS,glp,5,30.0,28.4,32.0,28.0,32.0
2008-08,MUN,RJ|NITEROI,glp,6,32.0,30.495,33.0,29.99,33.0
2008-08,MUN,RJ|NOVA FRIBURGO,glp,5,35.0,33.4,36.54,33.0,36.9
2008-08,MUN,RJ|NOVA IGUACU,glp,20,32.0,30.9,33.0,29.99,34.0
2008-08,MUN,RJ|PARAIBA DO SUL,glp,2,32.0,32.0,32.0,32.0,32.0
2008-08,MUN,RJ|PARATY,glp,2,36.0,34.4,37.6,34.0,38.0
2008-08,MUN,RJ|PETROPOLIS,glp,4,35.0,34.5,36.48,34.5,36.9
2008-08,MUN,RJ|RESENDE,glp,6,34.5,33.0,35.0,33.0,35.0
2008-08,MUN,RJ|RIO BONITO,glp,2,32.0,31.2,32.8,31.0,33.0
2008-08,MUN,RJ|RIO DE JANEIRO,glp,86,32.0,29.995,35.0,27.99,38.0
2008-08,MUN,RJ|SANTO ANTONIO DE PADUA,glp,1,35.0,35.0,35.0,35.0,35.0
2008-08,MUN,RJ|SAO FRANCISCO DE ITABAPOANA,glp,1,33.5,33.5,33.5,33.5,33.5
2008-08,MUN,RJ|SAO GONCALO,glp,7,32.0,30.596,33.0,29.99,33.0
2008-08,MUN,RJ|SAO JOAO DE MERITI,glp,7,33.0,32.0,34.4,32.0,35.0
2008-08,MUN,RJ|SAPUCAIA,glp,2,34.0,33.2,34.8,33.0,35.0
2008-08,MUN,RJ|SAQUAREMA,glp,3,32.0,30.4,32.8,30.0,33.0
2008-08,MUN,RJ|TERESOPOLIS,glp,3,35.0,35.0,35.0,35.0,35.0
2008-08,MUN,RJ|TRES RIOS,glp,2,32.05,32.01,32.09,32.0,32.1
2008-08,MUN,RJ|VALENCA,glp,6,34.0,33.0,34.25,33.0,34.5
2008-08,MUN,RJ|VASSOURAS,glp,3,34.0,33.2,34.8,33.0,35.0
2008-08,MUN,RJ|VOLTA REDONDA,glp,7,33.0,31.6,36.0,31.0,36.0
2008-08,MUN,RN|CAICO,glp,3,35.0,35.0,35.0,35.0,35.0
2008-08,MUN,RN|CURRAIS NOVOS,glp,6,35.0,35.0,35.0,35.0,35.0
2008-08,MUN,RN|MOSSORO,glp,3,32.0,30.4,32.0,30.0,32.0
2008-08,MUN,RN|NATAL,glp,14,32.0,32.0,32.0,30.0,32.25
2008-08,MUN,RN|PARNAMIRIM,glp,3,30.0,30.0,30.0,30.0,30.0
2008-08,MUN,RN|SAO JOSE DE MIPIBU,glp,2,32.0,32.0,32.0,32.0,32.0
2008-08,MUN,RN|TIMBAUBA DOS BATISTAS,glp,1,35.0,35.0,35.0,35.0,35.0
2008-08,MUN,RO|ARIQUEMES,glp,14,38.0,38.0,38.0,38.0,38.0
2008-08,MUN,RO|CACOAL,glp,9,38.5,37.9,39.16,37.5,40.0
2008-08,MUN,RO|GUAJARA-MIRIM,glp,4,38.0,38.0,38.0,38.0,38.0
2008-08,MUN,RO|JI-PARANA,glp,8,37.25,37.0,37.5,37.0,37.5
2008-08,MUN,RO|PIMENTA BUENO,glp,4,42.0,42.0,42.0,42.0,42.0
2008-08,MUN,RO|PORTO VELHO,glp,101,34.0,33.0,35.0,33.0,36.0
2008-08,MUN,RO|SAO MIGUEL DO GUAPORE,glp,1,42.0,42.0,42.0,42.0,42.0
2008-08,MUN,RO|VILHENA,glp,8,42.0,41.7,42.0,41.0,42.0
2008-08,MUN,RR|BOA VISTA,glp,24,38.0,36.3,39.0,35.8,40.0
2008-08,MUN,RR|MUCAJAI,glp,1,39.0,39.0,39.0,39.0,39.0
2008-08,MUN,RR|RORAINOPOLIS,glp,1,40.0,40.0,40.0,40.0,40.0
2008-08,MUN,RS|ALEGRETE,glp,12,35.0,33.0,35.9,33.0,36.0
2008-08,MUN,RS|ALVORADA,glp,11,33.0,30.0,35.0,29.9,35.0
2008-08,MUN,RS|BAGE,glp,24,32.25,32.0,34.0,32.0,36.0
2008-08,MUN,RS|BENTO GONCALVES,glp,9,38.5,36.4,41.2,35.0,42.0
2008-08,MUN,RS|CACAPAVA DO SUL,glp,6,36.0,35.0,37.0,35.0,37.0
2008-08,MUN,RS|CACHOEIRA DO SUL,glp,16,36.0,35.0,37.0,35.0,37.0
2008-08,MUN,RS|CACHOEIRINHA,glp,14,32.75,32.0,33.0,32.0,33.0
2008-08,MUN,RS|CANOAS,glp,44,36.0,33.6,37.0,32.0,38.5
2008-08,MUN,RS|CAXIAS DO SUL,glp,40,37.0,35.0,38.0,35.0,40.0
2008-08,MUN,RS|CHUI,glp,2,31.0,31.0,31.0,31.0,31.0
2008-08,MUN,RS|CRUZ ALTA,glp,5,33.0,31.4,38.2,31.0,39.0
2008-08,MUN,RS|CRUZEIRO DO SUL,glp,1,34.0,34.0,34.0,34.0,34.0
2008-08,MUN,RS|ERECHIM,glp,19,40.0,38.9,43.1,38.0,44.0
2008-08,MUN,RS|ESTEIO,glp,12,36.0,34.1,36.0,33.0,36.0
2008-08,MUN,RS|FARROUPILHA,glp,1,38.5,38.5,38.5,38.5,38.5
2008-08,MUN,RS|GRAMADO,glp,3,36.0,36.0,36.0,36.0,36.0
2008-08,MUN,RS|GRAVATAI,glp,28,33.0,31.0,35.0,30.0,36.0
2008-08,MUN,RS|GUAIBA,glp,11,34.9,34.0,35.0,34.0,36.0
2008-08,MUN,RS|IJUI,glp,8,35.0,34.7,35.45,34.0,36.5
2008-08,MUN,RS|IMBE,glp,1,37.0,37.0,37.0,37.0,37.0
2008-08,MUN,RS|JAGUARAO,glp,9,32.0,32.0,32.0,32.0,32.0
2008-08,MUN,RS|LAJEADO,glp,5,35.0,34.0,35.6,34.0,36.0
2008-08,MUN,RS|NOVA SANTA RITA,glp,1,36.0,36.0,36.0,36.0,36.0
2008-08,MUN,RS|NOVO HAMBURGO,glp,24,34.0,32.0,35.0,30.0,35.0
2008-08,MUN,RS|OSORIO,glp,8,37.0,37.0,38.0,37.0,38.0
2008-08,MUN,RS|PALMEIRA DAS MISSOES,glp,6,35.0,35.0,36.5,35.0,38.0
2008-08,MUN,RS|PASSO FUNDO,glp,55,38.0,37.0,40.0,35.0,40.0
2008-08,MUN,RS|PELOTAS,glp,35,33.0,31.0,34.0,30.0,34.0
2008-08,MUN,RS|PORTO ALEGRE,glp,47,34.5,33.6,35.66,32.0,36.0
2008-08,MUN,RS|RIO GRANDE,glp,47,33.0,30.0,35.0,30.0,37.0
2008-08,MUN,RS|SANTA CRUZ DO SUL,glp,16,36.5,36.0,37.5,36.0,38.5
2008-08,MUN,RS|SANTA MARIA,glp,37,35.0,33.0,36.0,32.0,38.0
2008-08,MUN,RS|SANTA ROSA,glp,9,35.0,34.0,37.0,34.0,37.0
2008-08,MUN,RS|SANTA VITORIA DO PALMAR,glp,8,34.0,32.0,34.3,32.0,35.0
2008-08,MUN,RS|SANTANA DO LIVRAMENTO,glp,14,34.0,34.0,34.0,34.0,34.1
2008-08,MUN,RS|SANTO ANGELO,glp,11,38.0,37.0,40.0,37.0,40.0
2008-08,MUN,RS|SAO BORJA,glp,3,35.0,35.0,35.0,35.0,35.0
2008-08,MUN,RS|SAO GABRIEL,glp,10,39.0,38.0,39.15,38.0,40.5
2008-08,MUN,RS|SAO LEOPOLDO,glp,19,35.0,34.0,36.0,34.0,36.0
2008-08,MUN,RS|SAO LUIZ GONZAGA,glp,5,40.0,38.8,40.0,38.0,40.0
2008-08,MUN,RS|SAPIRANGA,glp,9,34.0,34.0,35.2,34.0,36.0
2008-08,MUN,RS|SAPUCAIA DO SUL,glp,27,34.0,34.0,36.0,33.0,36.0
2008-08,MUN,RS|TORRES,glp,5,38.0,37.4,38.0,37.0,38.0
2008-08,MUN,RS|TRAMANDAI,glp,6,35.0,35.0,37.5,35.0,38.0
2008-08,MUN,RS|URUGUAIANA,glp,11,37.0,35.0,37.0,35.0,37.0
2008-08,MUN,RS|VACARIA,glp,7,36.0,35.604,36.04,35.01,36.1
2008-08,MUN,RS|VIAMAO,glp,19,37.0,36.0,38.0,35.0,38.0
2008-08,MUN,SC|ARARANGUA,glp,4,35.5,35.0,37.4,35.0,38.0
2008-08,MUN,SC|BALNEARIO CAMBORIU,glp,1,37.0,37.0,37.0,37.0,37.0
2008-08,MUN,SC|BIGUACU,glp,1,34.0,34.0,34.0,34.0,34.0
2008-08,MUN,SC|BLUMENAU,glp,37,38.0,36.6,40.0,34.53,42.0
2008-08,MUN,SC|BOMBINHAS,glp,1,33.0,33.0,33.0,33.0,33.0
2008-08,MUN,SC|BRUSQUE,glp,4,34.5,34.0,37.03,34.0,37.9
2008-08,MUN,SC|CACADOR,glp,3,38.0,36.4,38.0,36.0,38.0
2008-08,MUN,SC|CHAPECO,glp,21,35.0,35.0,36.0,34.5,38.0
2008-08,MUN,SC|CONCORDIA,glp,7,38.0,36.2,39.4,35.0,40.0
2008-08,MUN,SC|CRICIUMA,glp,9,37.0,33.0,39.28,33.0,40.0
2008-08,MUN,SC|FLORIANOPOLIS,glp,40,37.9,34.95,39.0,32.0,40.0
2008-08,MUN,SC|ITAJAI,glp,28,34.2,32.0,37.24,30.0,37.8
2008-08,MUN,SC|JARAGUA DO SUL,glp,4,36.0,35.3,36.35,35.0,36.5
2008-08,MUN,SC|JOINVILLE,glp,102,38.0,37.0,38.5,34.0,41.0
2008-08,MUN,SC|LAGES,glp,6,35.0,35.0,37.0,35.0,37.0
2008-08,MUN,SC|LAGUNA,glp,4,34.0,34.0,34.7,34.0,35.0
2008-08,MUN,SC|MAFRA,glp,4,31.95,30.3,32.97,30.0,33.0
2008-08,MUN,SC|PALHOCA,glp,16,36.0,34.0,37.65,32.5,40.0
2008-08,MUN,SC|SAO JOSE,glp,14,35.948,34.93,37.0,34.5,39.0
2008-08,MUN,SC|SAO MIGUEL DO OESTE,glp,6,33.0,32.0,34.945,32.0,36.89
2008-08,MUN,SC|TIJUCAS,glp,1,35.0,35.0,35.0,35.0,35.0
2008-08,MUN,SC|TUBARAO,glp,11,35.0,34.0,35.0,33.0,36.0
2008-08,MUN,SC|VIDEIRA,glp,5,35.0,33.2,35.0,32.0,35.0
2008-08,MUN,SC|XANXERE,glp,9,38.0,36.8,38.0,36.0,38.0
2008-08,MUN,SE|ARACAJU,glp,17,33.0,30.6,33.0,30.0,33.0
2008-08,MUN,SE|ITABAIANA,glp,4,33.5,30.9,34.0,30.0,34.0
2008-08,MUN,SE|ITABAIANINHA,glp,1,33.0,33.0,33.0,33.0,33.0
2008-08,MUN,SE|LAGARTO,glp,4,32.0,30.6,32.0,30.0,32.0
2008-08,MUN,SE|NOSSA SENHORA DO SOCORRO,glp,4,33.0,32.3,33.7,32.0,34.0
2008-08,MUN,SE|SIMAO DIAS,glp,1,30.0,30.0,30.0,30.0,30.0
2008-08,MUN,SE|TOBIAS BARRETO,glp,3,34.0,34.0,34.0,34.0,34.0
2008-08,MUN,SP|ADAMANTINA,glp,10,33.0,32.85,33.0,31.5,33.0
2008-08,MUN,SP|AMERICANA,glp,27,35.0,34.0,35.0,33.0,36.0
2008-08,MUN,SP|AMPARO,glp,4,32.5,30.6,33.665,30.0,33.95
2008-08,MUN,SP|APIAI,glp,2,37.5,37.1,37.9,37.0,38.0
2008-08,MUN,SP|ARACATUBA,glp,37,35.0,33.0,35.0,32.0,35.0
2008-08,MUN,SP|ARARAQUARA,glp,14,31.5,30.0,33.0,30.0,34.0
2008-08,MUN,SP|ARARAS,glp,2,32.475,32.095,32.855,32.0,32.95
2008-08,MUN,SP|ASSIS,glp,9,32.0,32.0,32.0,32.0,32.0
2008-08,MUN,SP|ATIBAIA,glp,21,32.0,29.5,34.0,28.0,36.0
2008-08,MUN,SP|AVARE,glp,7,37.0,36.5,38.0,36.5,38.0
2008-08,MUN,SP|BARRETOS,glp,13,30.0,29.192,30.0,28.99,32.0
2008-08,MUN,SP|BARUERI,glp,16,32.0,29.0,33.5,28.5,34.0
2008-08,MUN,SP|BAURU,glp,25,34.0,32.2,36.0,31.0,36.0
2008-08,MUN,SP|BEBEDOURO,glp,9,33.5,33.0,35.0,33.0,35.0
2008-08,MUN,SP|BIRIGUI,glp,20,32.0,31.8,32.55,30.0,33.0
2008-08,MUN,SP|BORACEIA,glp,1,36.0,36.0,36.0,36.0,36.0
2008-08,MUN,SP|BOTUCATU,glp,16,32.225,31.95,33.2,31.9,34.0
2008-08,MUN,SP|BRAGANCA PAULISTA,glp,25,30.0,27.396,31.54,26.99,32.0
2008-08,MUN,SP|CACAPAVA,glp,13,33.0,30.4,34.0,30.0,34.0
2008-08,MUN,SP|CAMPINAS,glp,49,32.0,29.792,33.18,28.0,35.0
2008-08,MUN,SP|CAMPOS DO JORDAO,glp,10,31.0,30.44,33.1,29.99,34.0
2008-08,MUN,SP|CAPAO BONITO,glp,4,37.0,36.3,37.0,36.0,37.0
2008-08,MUN,SP|CARAGUATATUBA,glp,7,34.0,34.0,34.396,34.0,34.99
2008-08,MUN,SP|CARAPICUIBA,glp,16,31.75,27.99,33.99,27.99,34.0
2008-08,MUN,SP|CATANDUVA,glp,16,31.75,30.0,33.0,29.9,35.0
2008-08,MUN,SP|COSMOPOLIS,glp,5,35.99,34.598,35.996,34.0,36.0
2008-08,MUN,SP|COTIA,glp,11,32.0,30.0,33.0,28.0,33.0
2008-08,MUN,SP|CRUZEIRO,glp,12,30.995,30.0,32.0,28.0,32.0
2008-08,MUN,SP|CUBATAO,glp,3,32.0,31.2,32.0,31.0,32.0
2008-08,MUN,SP|DIADEMA,glp,19,31.0,28.99,33.05,28.9,33.5
2008-08,MUN,SP|DRACENA,glp,9,36.0,34.9,36.09,34.5,36.45
2008-08,MUN,SP|EMBU DAS ARTES,glp,4,32.9,32.27,32.9,32.0,32.9
2008-08,MUN,SP|FERRAZ DE VASCONCELOS,glp,9,31.0,30.8,32.0,30.0,32.0
2008-08,MUN,SP|FRANCA,glp,22,33.0,31.1,34.0,30.0,34.0
2008-08,MUN,SP|FRANCISCO MORATO,glp,15,33.0,30.0,33.0,30.0,33.0
2008-08,MUN,SP|FRANCO DA ROCHA,glp,5,32.5,30.0,33.0,30.0,33.0
2008-08,MUN,SP|GARCA,glp,8,33.0,33.0,33.0,33.0,33.0
2008-08,MUN,SP|GUARATINGUETA,glp,12,30.5,28.0,32.9,28.0,33.0
2008-08,MUN,SP|GUARUJA,glp,5,35.5,35.2,35.9,35.0,35.9
2008-08,MUN,SP|GUARULHOS,glp,61,31.0,30.0,33.0,28.495,34.9
2008-08,MUN,SP|HORTOLANDIA,glp,21,30.0,30.0,33.0,30.0,33.0
2008-08,MUN,SP|IBITINGA,glp,7,30.0,30.0,31.0,30.0,31.0
2008-08,MUN,SP|INDAIATUBA,glp,29,35.0,33.0,35.0,31.0,35.0
2008-08,MUN,SP|ITANHAEM,glp,11,35.0,32.0,36.0,32.0,36.0
2008-08,MUN,SP|ITAPECERICA DA SERRA,glp,6,31.495,29.5,31.995,29.0,32.0
2008-08,MUN,SP|ITAPETININGA,glp,16,32.5,30.5,34.0,28.0,35.0
2008-08,MUN,SP|ITAPEVA,glp,5,36.0,36.0,36.3,36.0,36.5
2008-08,MUN,SP|ITAPEVI,glp,5,30.0,28.79,31.8,27.99,32.0
2008-08,MUN,SP|ITAPIRA,glp,4,32.5,32.0,33.0,32.0,33.0
2008-08,MUN,SP|ITAPOLIS,glp,15,31.0,30.0,32.0,30.0,32.0
2008-08,MUN,SP|ITAQUAQUECETUBA,glp,12,34.0,32.0,35.0,32.0,35.0
2008-08,MUN,SP|ITATIBA,glp,11,32.0,32.0,33.5,32.0,34.0
2008-08,MUN,SP|ITU,glp,11,31.0,29.5,32.0,29.0,33.0
2008-08,MUN,SP|JABOTICABAL,glp,12,32.5,32.0,33.0,32.0,34.0
2008-08,MUN,SP|JACAREI,glp,9,29.99,27.99,32.0,27.99,32.0
2008-08,MUN,SP|JALES,glp,6,34.45,33.2,35.0,33.0,35.0
2008-08,MUN,SP|JANDIRA,glp,8,30.495,28.7,31.15,28.0,31.5
2008-08,MUN,SP|JAU,glp,8,30.0,30.0,31.3,30.0,32.0
2008-08,MUN,SP|JOSE BONIFACIO,glp,13,32.0,31.0,32.0,30.0,33.0
2008-08,MUN,SP|JUNDIAI,glp,17,32.0,29.0,33.0,29.0,34.0
2008-08,MUN,SP|LEME,glp,18,32.0,30.0,32.0,30.0,35.0
2008-08,MUN,SP|LIMEIRA,glp,16,33.0,29.945,35.0,28.0,35.0
2008-08,MUN,SP|LINS,glp,19,32.0,32.0,33.0,31.0,35.0
2008-08,MUN,SP|LORENA,glp,11,30.0,29.0,30.0,28.0,31.99
2008-08,MUN,SP|MARILIA,glp,13,30.0,30.0,31.2,30.0,32.0
2008-08,MUN,SP|MATAO,glp,8,32.0,31.4,33.0,30.0,33.0
2008-08,MUN,SP|MAUA,glp,24,32.885,31.148,34.7,30.0,35.0
2008-08,MUN,SP|MIRASSOL,glp,10,30.0,30.0,31.1,30.0,32.0
2008-08,MUN,SP|MOCOCA,glp,12,34.5,34.0,35.0,33.0,35.0
2008-08,MUN,SP|MOGI DAS CRUZES,glp,35,34.0,32.0,35.0,31.5,37.0
2008-08,MUN,SP|MOGI GUACU,glp,12,30.0,29.1,30.0,28.0,30.0
2008-08,MUN,SP|MOGI MIRIM,glp,9,30.0,28.8,30.0,28.0,30.0
2008-08,MUN,SP|MONTE ALTO,glp,7,33.0,32.6,34.0,32.0,34.0
2008-08,MUN,SP|OLIMPIA,glp,8,30.0,30.0,30.3,30.0,31.0
2008-08,MUN,SP|OSASCO,glp,45,31.5,28.99,33.0,28.5,34.0
2008-08,MUN,SP|OURINHOS,glp,15,33.0,32.0,34.0,28.9,35.0
2008-08,MUN,SP|PARAGUACU PAULISTA,glp,10,32.0,32.0,32.05,32.0,32.5
2008-08,MUN,SP|PAULICEIA,glp,1,33.0,33.0,33.0,33.0,33.0
2008-08,MUN,SP|PAULINIA,glp,13,31.0,28.8,32.8,26.99,33.0
2008-08,MUN,SP|PINDAMONHANGABA,glp,17,32.0,28.0,33.0,28.0,33.0
2008-08,MUN,SP|PIRACICABA,glp,30,30.0,29.999,31.1,29.99,33.0
2008-08,MUN,SP|PIRASSUNUNGA,glp,7,32.0,31.65,32.2,31.5,32.5
2008-08,MUN,SP|PITANGUEIRAS,glp,1,30.0,30.0,30.0,30.0,30.0
2008-08,MUN,SP|POA,glp,8,32.0,32.0,32.3,32.0,33.0
2008-08,MUN,SP|PORTO FERREIRA,glp,6,32.5,30.0,33.5,30.0,34.0
2008-08,MUN,SP|PRAIA GRANDE,glp,9,33.0,32.0,35.0,32.0,35.0
2008-08,MUN,SP|PRESIDENTE PRUDENTE,glp,37,35.0,32.0,35.7,31.0,37.0
2008-08,MUN,SP|PRESIDENTE VENCESLAU,glp,9,34.0,30.0,34.0,30.0,34.0
2008-08,MUN,SP|RIBEIRAO PIRES,glp,12,32.95,30.2,33.0,29.99,34.0
2008-08,MUN,SP|RIBEIRAO PRETO,glp,89,33.0,32.0,35.0,30.0,36.0
2008-08,MUN,SP|RIO CLARO,glp,7,30.0,30.0,32.0,30.0,32.0
2008-08,MUN,SP|SALTO,glp,16,32.0,31.0,33.0,29.0,33.0
2008-08,MUN,SP|SANTA BARBARA D'OESTE,glp,19,35.0,34.8,36.2,34.0,37.0
2008-08,MUN,SP|SANTA CRUZ DO RIO PARDO,glp,9,33.0,32.8,34.0,32.0,34.0
2008-08,MUN,SP|SANTO ANDRE,glp,38,33.0,29.99,35.65,28.99,36.5
2008-08,MUN,SP|SANTOS,glp,11,33.0,31.0,34.0,29.945,39.5
2008-08,MUN,SP|SAO BERNARDO DO CAMPO,glp,36,33.0,30.5,34.75,29.99,35.0
2008-08,MUN,SP|SAO CAETANO DO SUL,glp,4,32.0,30.296,34.33,29.995,34.9
2008-08,MUN,SP|SAO CARLOS,glp,17,30.0,29.6,33.0,28.0,33.9
2008-08,MUN,SP|SAO JOAO DA BOA VISTA,glp,8,33.0,32.0,33.0,32.0,33.0
2008-08,MUN,SP|SAO JOAQUIM DA BARRA,glp,10,32.0,31.945,32.0,31.9,32.0
2008-08,MUN,SP|SAO JOSE DO RIO PRETO,glp,53,33.0,32.0,34.0,29.0,35.0
2008-08,MUN,SP|SAO JOSE DOS CAMPOS,glp,84,32.0,28.3,34.0,25.99,36.0
2008-08,MUN,SP|SAO PAULO,glp,218,30.0,28.99,33.99,27.99,36.0
2008-08,MUN,SP|SAO ROQUE,glp,7,31.0,30.2,31.36,29.0,31.9
2008-08,MUN,SP|SAO VICENTE,glp,20,30.0,27.99,32.2,27.9,35.0
2008-08,MUN,SP|SERTAOZINHO,glp,21,32.0,32.0,33.0,31.0,35.0
2008-08,MUN,SP|SOROCABA,glp,27,31.0,30.0,32.36,29.9,34.0
2008-08,MUN,SP|SUMARE,glp,21,32.0,30.0,33.0,29.99,35.0
2008-08,MUN,SP|SUZANO,glp,20,32.0,29.899,33.0,27.0,33.0
2008-08,MUN,SP|TABOAO DA SERRA,glp,6,29.995,28.99,32.25,28.99,33.0
2008-08,MUN,SP|TATUI,glp,6,32.5,31.0,33.5,31.0,34.0
2008-08,MUN,SP|TAUBATE,glp,38,30.0,27.7,30.0,25.0,32.0
2008-08,MUN,SP|TUPA,glp,5,33.0,31.0,34.2,31.0,35.0
2008-08,MUN,SP|UBATUBA,glp,10,29.95,28.0,30.0,28.0,30.0
2008-08,MUN,SP|VALINHOS,glp,8,33.5,32.0,34.0,32.0,34.0
2008-08,MUN,SP|VARZEA PAULISTA,glp,10,30.0,27.799,30.2,25.99,32.0
2008-08,MUN,SP|VINHEDO,glp,5,34.0,32.39,34.6,31.99,35.0
2008-08,MUN,SP|VOTORANTIM,glp,18,30.0,27.997,31.0,27.99,32.0
2008-08,MUN,SP|VOTUPORANGA,glp,15,30.0,30.0,32.0,30.0,33.0
2008-08,MUN,TO|ARAGUAINA,glp,12,40.0,40.0,40.0,40.0,40.0
2008-08,MUN,TO|COMBINADO,glp,1,37.0,37.0,37.0,37.0,37.0
2008-08,MUN,TO|DIANOPOLIS,glp,6,36.5,36.0,37.0,36.0,37.0
2008-08,MUN,TO|GURUPI,glp,57,35.0,35.0,36.0,35.0,36.0
2008-08,MUN,TO|PALMAS,glp,24,37.0,36.0,38.0,35.0,38.0
2008-08,MUN,TO|PARAISO DO TOCANTINS,glp,13,37.0,37.0,37.0,37.0,37.0
2008-08,MUN,TO|PORTO NACIONAL,glp,9,37.0,36.0,37.0,36.0,37.0
2008-08,MUN,TO|TAGUATINGA,glp,1,37.0,37.0,37.0,37.0,37.0
2008-08,UF,AC,glp,95,38.5,37.2,40.0,35.0,46.0
2008-08,UF,AL,glp,31,32.0,30.0,33.0,30.0,33.0
2008-08,UF,AM,glp,331,32.5,31.0,34.0,30.0,38.0
2008-08,UF,AP,glp,23,36.0,35.6,37.0,34.0,47.0
2008-08,UF,BA,glp,317,33.0,30.0,35.2,28.0,40.0
2008-08,UF,CE,glp,202,35.0,32.0,36.0,30.0,37.0
2008-08,UF,DF,glp,128,38.0,35.0,39.0,34.0,40.02
2008-08,UF,ES,glp,133,34.0,32.0,35.0,29.9,37.0
2008-08,UF,GO,glp,891,32.0,31.0,36.0,28.0,39.0
2008-08,UF,MA,glp,118,36.5,34.0,40.0,33.0,40.0
2008-08,UF,MG,glp,1214,35.0,33.0,36.0,27.0,40.0
2008-08,UF,MS,glp,284,35.0,33.0,40.0,30.5,43.0
2008-08,UF,MT,glp,85,40.0,38.0,42.0,36.0,42.0
2008-08,UF,PA,glp,226,33.0,32.0,38.0,32.0,40.0
2008-08,UF,PB,glp,74,33.0,32.0,35.0,30.0,35.0
2008-08,UF,PE,glp,248,33.5,32.0,35.0,28.0,38.0
2008-08,UF,PI,glp,63,37.0,36.0,37.0,32.5,38.0
2008-08,UF,PR,glp,762,32.0,30.0,37.0,27.4,39.0
2008-08,UF,RJ,glp,287,33.0,30.0,35.2,27.99,38.0
2008-08,UF,RN,glp,32,32.0,30.0,35.0,30.0,35.0
2008-08,UF,RO,glp,149,34.0,33.0,38.59,33.0,42.0
2008-08,UF,RR,glp,26,38.0,36.5,39.0,35.8,40.0
2008-08,UF,RS,glp,720,35.0,32.0,38.0,29.9,44.0
2008-08,UF,SC,glp,338,37.0,34.0,39.0,30.0,42.0
2008-08,UF,SE,glp,34,33.0,30.0,34.0,30.0,34.0
2008-08,UF,SP,glp,2077,32.0,29.0,35.0,25.0,39.5
2008-08,UF,TO,glp,123,36.0,35.0,38.0,35.0,40.0
2008-09,BR,BR,glp,8999,33.99,30.0,38.0,25.0,47.0
2008-09,MUN,AC|BUJARI,glp,1,38.0,38.0,38.0,38.0,38.0
2008-09,MUN,AC|CRUZEIRO DO SUL,glp,1,46.0,46.0,46.0,46.0,46.0
2008-09,MUN,AC|RIO BRANCO,glp,82,38.325,37.775,39.0,37.0,40.0
2008-09,MUN,AC|SENA MADUREIRA,glp,3,40.0,40.0,40.8,40.0,41.0
2008-09,MUN,AC|SENADOR GUIOMARD,glp,1,34.0,34.0,34.0,34.0,34.0
2008-09,MUN,AC|TARAUACA,glp,1,45.0,45.0,45.0,45.0,45.0
2008-09,MUN,AC|XAPURI,glp,3,41.5,40.3,41.9,40.0,42.0
2008-09,MUN,AL|ARAPIRACA,glp,4,33.0,33.0,33.0,33.0,33.0
2008-09,MUN,AL|DELMIRO GOUVEIA,glp,1,32.5,32.5,32.5,32.5,32.5
2008-09,MUN,AL|IGACI,glp,1,32.0,32.0,32.0,32.0,32.0
2008-09,MUN,AL|MACEIO,glp,14,32.0,31.0,33.0,30.0,33.0
2008-09,MUN,AL|MARECHAL DEODORO,glp,1,32.0,32.0,32.0,32.0,32.0
2008-09,MUN,AL|PALMEIRA DOS INDIOS,glp,5,32.0,30.0,32.6,30.0,33.0
2008-09,MUN,AL|RIO LARGO,glp,3,32.0,32.0,32.0,32.0,32.0
2008-09,MUN,AL|SANTANA DO IPANEMA,glp,2,32.0,32.0,32.0,32.0,32.0
2008-09,MUN,AM|HUMAITA,glp,2,38.0,38.0,38.0,38.0,38.0
2008-09,MUN,AM|ITACOATIARA,glp,5,35.0,35.0,35.0,35.0,35.0
2008-09,MUN,AM|MANACAPURU,glp,2,34.0,34.0,34.0,34.0,34.0
2008-09,MUN,AM|MANAUS,glp,319,32.0,29.73,33.05,28.5,36.0
2008-09,MUN,AM|PARINTINS,glp,2,34.5,34.1,34.9,34.0,35.0
2008-09,MUN,AM|PRESIDENTE FIGUEIREDO,glp,1,37.0,37.0,37.0,37.0,37.0
2008-09,MUN,AP|CALCOENE,glp,1,37.0,37.0,37.0,37.0,37.0
2008-09,MUN,AP|LARANJAL DO JARI,glp,1,37.0,37.0,37.0,37.0,37.0
2008-09,MUN,AP|MACAPA,glp,15,36.0,35.4,36.0,34.0,36.0
2008-09,MUN,AP|OIAPOQUE,glp,2,47.0,47.0,47.0,47.0,47.0
2008-09,MUN,AP|SANTANA,glp,4,36.75,36.15,37.0,36.0,37.0
2008-09,MUN,BA|ALAGOINHAS,glp,4,35.0,35.0,35.0,35.0,35.0
2008-09,MUN,BA|BARRA,glp,3,35.0,35.0,35.0,35.0,35.0
2008-09,MUN,BA|BARREIRAS,glp,10,36.0,36.0,36.0,36.0,36.0
2008-09,MUN,BA|BRUMADO,glp,6,34.0,34.0,34.0,34.0,34.0
2008-09,MUN,BA|CAETITE,glp,6,32.0,32.0,32.0,32.0,32.0
2008-09,MUN,BA|CAMACARI,glp,8,35.0,33.0,35.6,33.0,37.0
2008-09,MUN,BA|CAMPO FORMOSO,glp,3,37.0,37.0,37.0,37.0,37.0
2008-09,MUN,BA|CANDEIAS,glp,5,33.0,30.8,33.0,30.0,33.0
2008-09,MUN,BA|CAPIM GROSSO,glp,1,37.5,37.5,37.5,37.5,37.5
2008-09,MUN,BA|EUNAPOLIS,glp,6,35.0,35.0,35.0,35.0,35.0
2008-09,MUN,BA|FEIRA DE SANTANA,glp,8,35.0,33.5,35.5,30.0,35.5
2008-09,MUN,BA|GUANAMBI,glp,12,30.5,30.5,31.0,30.0,31.0
2008-09,MUN,BA|ILHEUS,glp,9,36.0,36.0,36.0,36.0,36.0
2008-09,MUN,BA|IPIRA,glp,5,35.0,35.0,35.0,35.0,35.0
2008-09,MUN,BA|IRECE,glp,5,35.0,35.0,35.0,35.0,35.0
2008-09,MUN,BA|ITABUNA,glp,8,35.0,35.0,35.15,35.0,35.5
2008-09,MUN,BA|ITAMARAJU,glp,3,33.0,33.0,33.0,33.0,33.0
2008-09,MUN,BA|JACOBINA,glp,5,38.0,37.4,38.0,37.0,38.0
2008-09,MUN,BA|JAGUAQUARA,glp,9,33.0,33.0,33.4,33.0,35.0
2008-09,MUN,BA|JEQUIE,glp,4,31.5,30.0,33.0,30.0,33.0
2008-09,MUN,BA|JUAZEIRO,glp,3,35.0,34.2,35.0,34.0,35.0
2008-09,MUN,BA|LAURO DE FREITAS,glp,11,32.5,32.0,34.99,30.0,34.99
2008-09,MUN,BA|LIVRAMENTO DE NOSSA SENHORA,glp,1,30.0,30.0,30.0,30.0,30.0
2008-09,MUN,BA|PAULO AFONSO,glp,5,33.0,33.0,33.6,33.0,34.0
2008-09,MUN,BA|POCOES,glp,4,33.0,30.6,34.0,30.0,34.0
2008-09,MUN,BA|PORTO SEGURO,glp,9,35.0,35.0,35.0,35.0,35.0
2008-09,MUN,BA|RUY BARBOSA,glp,3,33.0,33.0,33.0,33.0,33.0
2008-09,MUN,BA|SALVADOR,glp,129,32.0,30.0,33.96,28.0,35.0
2008-09,MUN,BA|SANTO ANTONIO DE JESUS,glp,7,33.0,31.6,33.2,31.0,33.5
2008-09,MUN,BA|SENHOR DO BONFIM,glp,4,38.0,38.0,38.0,38.0,38.0
2008-09,MUN,BA|SERRINHA,glp,3,35.0,35.0,35.0,35.0,35.0
2008-09,MUN,BA|SIMOES FILHO,glp,6,33.0,31.5,35.0,30.0,35.0
2008-09,MUN,BA|TEIXEIRA DE FREITAS,glp,5,35.0,35.0,35.0,35.0,35.0
2008-09,MUN,BA|URANDI,glp,1,31.0,31.0,31.0,31.0,31.0
2008-09,MUN,BA|VALENCA,glp,4,33.0,33.0,33.0,33.0,33.0
2008-09,MUN,BA|VITORIA DA CONQUISTA,glp,2,35.0,34.2,35.8,34.0,36.0
2008-09,MUN,CE|ARACOIABA,glp,1,35.0,35.0,35.0,35.0,35.0
2008-09,MUN,CE|BEBERIBE,glp,1,35.0,35.0,35.0,35.0,35.0
2008-09,MUN,CE|CANINDE,glp,2,34.0,34.0,34.0,34.0,34.0
2008-09,MUN,CE|CAUCAIA,glp,28,37.0,35.0,37.0,35.0,37.0
2008-09,MUN,CE|CRATEUS,glp,3,32.0,30.4,32.0,30.0,32.0
2008-09,MUN,CE|CRATO,glp,5,32.0,30.0,32.8,30.0,33.0
2008-09,MUN,CE|FORTALEZA,glp,118,36.0,35.0,36.0,33.0,37.0
2008-09,MUN,CE|ICO,glp,2,32.0,32.0,32.0,32.0,32.0
2008-09,MUN,CE|IGUATU,glp,4,33.5,33.0,34.0,33.0,34.0
2008-09,MUN,CE|IPU,glp,3,34.0,34.0,34.0,34.0,34.0
2008-09,MUN,CE|ITAPIPOCA,glp,3,30.0,30.0,30.0,30.0,30.0
2008-09,MUN,CE|JUAZEIRO DO NORTE,glp,5,32.0,32.0,32.3,32.0,32.5
2008-09,MUN,CE|LIMOEIRO DO NORTE,glp,2,34.5,34.1,34.9,34.0,35.0
2008-09,MUN,CE|MARACANAU,glp,6,35.5,33.75,37.0,33.5,37.0
2008-09,MUN,CE|MORADA NOVA,glp,4,33.75,33.15,34.0,33.0,34.0
2008-09,MUN,CE|PEDRA BRANCA,glp,2,35.0,35.0,35.0,35.0,35.0
2008-09,MUN,CE|QUIXADA,glp,5,33.0,32.0,34.0,32.0,34.0
2008-09,MUN,CE|SAO GONCALO DO AMARANTE,glp,1,33.0,33.0,33.0,33.0,33.0
2008-09,MUN,CE|SOBRAL,glp,3,33.0,33.0,33.0,33.0,33.0
2008-09,MUN,DF|BRASILIA,glp,128,38.0,35.0,39.0,34.0,40.02
2008-09,MUN,ES|ARACRUZ,glp,5,35.0,31.2,35.0,30.0,35.0
2008-09,MUN,ES|BARRA DE SAO FRANCISCO,glp,6,32.0,32.0,35.0,32.0,35.0
2008-09,MUN,ES|CACHOEIRO DE ITAPEMIRIM,glp,12,33.0,32.0,33.0,32.0,35.0
2008-09,MUN,ES|CARIACICA,glp,16,34.0,32.495,35.0,30.0,35.0
2008-09,MUN,ES|CASTELO,glp,2,32.5,32.1,32.9,32.0,33.0
2008-09,MUN,ES|COLATINA,glp,7,33.0,31.6,33.4,31.0,34.0
2008-09,MUN,ES|GUARAPARI,glp,6,34.5,33.5,35.5,33.0,36.0
2008-09,MUN,ES|ITAPEMIRIM,glp,1,33.5,33.5,33.5,33.5,33.5
2008-09,MUN,ES|JAGUARE,glp,3,34.9,34.18,36.58,34.0,37.0
2008-09,MUN,ES|LINHARES,glp,11,35.0,35.0,35.0,35.0,35.0
2008-09,MUN,ES|NOVA VENECIA,glp,1,33.5,33.5,33.5,33.5,33.5
2008-09,MUN,ES|PIUMA,glp,1,34.0,34.0,34.0,34.0,34.0
2008-09,MUN,ES|SAO MATEUS,glp,8,34.0,34.0,34.3,34.0,35.0
2008-09,MUN,ES|SERRA,glp,36,34.0,32.0,35.0,32.0,35.0
2008-09,MUN,ES|VILA VELHA,glp,13,34.0,32.0,34.0,32.0,35.0
2008-09,MUN,ES|VITORIA,glp,3,36.0,35.6,36.8,35.5,37.0
2008-09,MUN,GO|AGUAS LINDAS DE GOIAS,glp,7,35.0,35.0,35.0,35.0,35.0
2008-09,MUN,GO|ANAPOLIS,glp,101,32.0,31.0,33.0,29.5,34.0
2008-09,MUN,GO|APARECIDA DE GOIANIA,glp,108,32.0,31.0,33.0,30.0,33.0
2008-09,MUN,GO|BELA VISTA DE GOIAS,glp,1,32.0,32.0,32.0,32.0,32.0
2008-09,MUN,GO|CALDAS NOVAS,glp,39,34.5,33.5,35.0,33.0,38.0
2008-09,MUN,GO|CATALAO,glp,14,30.0,30.0,30.35,30.0,30.5
2008-09,MUN,GO|FORMOSA,glp,36,37.0,37.0,37.0,37.0,37.0
2008-09,MUN,GO|GOIANIA,glp,298,32.0,31.0,33.0,30.0,34.0
2008-09,MUN,GO|GOIATUBA,glp,11,34.0,32.0,34.0,32.0,34.0
2008-09,MUN,GO|ITUMBIARA,glp,18,33.0,33.0,33.0,33.0,34.5
2008-09,MUN,GO|JATAI,glp,25,35.0,34.4,35.3,34.0,37.0
2008-09,MUN,GO|LUZIANIA,glp,60,33.0,33.0,34.0,31.0,34.0
2008-09,MUN,GO|MINEIROS,glp,18,35.0,35.0,35.5,35.0,35.5
2008-09,MUN,GO|MORRINHOS,glp,19,34.0,32.72,35.0,32.0,39.0
2008-09,MUN,GO|PLANALTINA,glp,21,38.0,38.0,38.0,35.0,39.0
2008-09,MUN,GO|PONTALINA,glp,1,34.0,34.0,34.0,34.0,34.0
2008-09,MUN,GO|PORANGATU,glp,13,33.0,32.0,35.0,31.99,36.0
2008-09,MUN,GO|RIO VERDE,glp,41,36.0,35.5,36.0,35.0,36.5
2008-09,MUN,GO|SANTO ANTONIO DE GOIAS,glp,1,32.0,32.0,32.0,32.0,32.0
2008-09,MUN,GO|TRINDADE,glp,43,31.0,31.0,32.0,30.0,32.0
2008-09,MUN,GO|VALPARAISO DE GOIAS,glp,11,30.0,30.0,32.0,29.0,33.0
2008-09,MUN,MA|ACAILANDIA,glp,2,39.5,39.1,39.9,39.0,40.0
2008-09,MUN,MA|BACABAL,glp,2,37.0,36.6,37.4,36.5,37.5
2008-09,MUN,MA|BALSAS,glp,3,40.0,40.0,40.0,40.0,40.0
2008-09,MUN,MA|BARRA DO CORDA,glp,2,38.6,38.52,38.68,38.5,38.7
2008-09,MUN,MA|CAROLINA,glp,3,40.0,40.0,40.0,40.0,40.0
2008-09,MUN,MA|CAXIAS,glp,1,38.0,38.0,38.0,38.0,38.0
2008-09,MUN,MA|CODO,glp,2,36.5,36.5,36.5,36.5,36.5
2008-09,MUN,MA|IMPERATRIZ,glp,41,40.0,40.0,40.0,40.0,40.0
2008-09,MUN,MA|MATINHA,glp,1,34.0,34.0,34.0,34.0,34.0
2008-09,MUN,MA|PINHEIRO,glp,2,37.5,37.1,37.9,37.0,38.0
2008-09,MUN,MA|PRESIDENTE DUTRA,glp,2,35.0,35.0,35.0,35.0,35.0
2008-09,MUN,MA|SANTA INES,glp,2,35.0,35.0,35.0,35.0,35.0
2008-09,MUN,MA|SAO JOAO DOS PATOS,glp,2,38.0,38.0,38.0,38.0,38.0
2008-09,MUN,MA|SAO JOSE DE RIBAMAR,glp,13,34.5,34.0,35.0,33.0,35.0
2008-09,MUN,MA|SAO LUIS,glp,39,34.25,33.0,35.0,32.5,35.5
2008-09,MUN,MA|TIMON,glp,1,37.0,37.0,37.0,37.0,37.0
2008-09,MUN,MG|ALFENAS,glp,19,35.0,32.0,36.0,30.0,36.0
2008-09,MUN,MG|ARAGUARI,glp,18,36.0,34.35,36.15,33.0,36.5
2008-09,MUN,MG|ARAXA,glp,3,36.0,36.0,36.0,36.0,36.0
2008-09,MUN,MG|BARBACENA,glp,16,34.25,32.998,35.75,32.0,37.0
2008-09,MUN,MG|BELO HORIZONTE,glp,133,35.0,33.0,36.0,30.0,36.0
2008-09,MUN,MG|BETIM,glp,40,35.0,32.45,35.0,31.99,35.4
2008-09,MUN,MG|BOM DESPACHO,glp,2,37.0,37.0,37.0,37.0,37.0
2008-09,MUN,MG|CAMPO BELO,glp,9,35.0,35.0,35.0,35.0,35.0
2008-09,MUN,MG|CARATINGA,glp,3,33.0,33.0,33.0,33.0,33.0
2008-09,MUN,MG|CATAGUASES,glp,2,35.5,35.1,35.9,35.0,36.0
2008-09,MUN,MG|CONCEICAO DAS ALAGOAS,glp,1,35.0,35.0,35.0,35.0,35.0
2008-09,MUN,MG|CONGONHAS,glp,9,36.0,35.8,36.4,35.0,37.0
2008-09,MUN,MG|CONSELHEIRO LAFAIETE,glp,4,36.25,35.65,36.85,35.5,37.0
2008-09,MUN,MG|CONTAGEM,glp,74,34.25,33.5,35.97,31.0,36.0
2008-09,MUN,MG|CORONEL FABRICIANO,glp,3,35.0,35.0,35.0,35.0,35.0
2008-09,MUN,MG|CURVELO,glp,9,35.0,34.9,35.5,34.5,35.5
2008-09,MUN,MG|DIAMANTINA,glp,9,35.0,34.0,36.0,30.0,36.0
2008-09,MUN,MG|DIVINOPOLIS,glp,21,36.0,34.5,36.0,34.0,36.0
2008-09,MUN,MG|FORMIGA,glp,10,35.0,34.95,35.0,34.5,35.0
2008-09,MUN,MG|FRUTAL,glp,5,34.0,33.4,34.6,33.0,35.0
2008-09,MUN,MG|GOVERNADOR VALADARES,glp,22,34.375,33.0,35.461,32.0,36.0
2008-09,MUN,MG|GUAXUPE,glp,7,35.5,35.0,35.7,35.0,36.0
2008-09,MUN,MG|IBIRITE,glp,12,35.0,34.0,36.0,34.0,36.0
2008-09,MUN,MG|IPATINGA,glp,15,35.0,33.0,35.0,32.5,35.5
2008-09,MUN,MG|ITABIRA,glp,3,38.0,38.0,38.0,38.0,38.0
2008-09,MUN,MG|ITAJUBA,glp,12,34.25,33.0,35.0,32.0,35.0
2008-09,MUN,MG|ITAUNA,glp,14,33.0,33.0,34.35,33.0,35.0
2008-09,MUN,MG|ITUIUTABA,glp,17,34.0,33.0,35.0,33.0,35.0
2008-09,MUN,MG|ITURAMA,glp,1,35.0,35.0,35.0,35.0,35.0
2008-09,MUN,MG|JANAUBA,glp,2,36.5,36.1,36.9,36.0,37.0
2008-09,MUN,MG|JANUARIA,glp,8,35.5,35.0,36.0,35.0,36.0
2008-09,MUN,MG|JOAO MONLEVADE,glp,7,35.0,34.0,35.4,34.0,36.0
2008-09,MUN,MG|JOAO PINHEIRO,glp,17,36.0,35.6,38.0,35.0,38.0
2008-09,MUN,MG|JUIZ DE FORA,glp,101,36.0,35.0,37.0,34.0,39.0
2008-09,MUN,MG|LAVRAS,glp,10,31.0,28.0,35.0,28.0,35.0
2008-09,MUN,MG|LEOPOLDINA,glp,5,35.0,34.0,35.0,34.0,35.0
2008-09,MUN,MG|MANHUACU,glp,4,35.25,35.0,35.85,35.0,36.0
2008-09,MUN,MG|MARIANA,glp,5,36.0,32.0,36.0,32.0,36.0
2008-09,MUN,MG|MATIAS BARBOSA,glp,1,36.0,36.0,36.0,36.0,36.0
2008-09,MUN,MG|MONTE CARMELO,glp,17,33.5,32.0,35.7,32.0,36.0
2008-09,MUN,MG|MONTES CLAROS,glp,53,36.0,35.0,36.0,34.0,37.0
2008-09,MUN,MG|MURIAE,glp,3,32.0,30.08,34.4,29.6,35.0
2008-09,MUN,MG|NOVA LIMA,glp,9,35.5,35.0,36.4,35.0,38.0
2008-09,MUN,MG|OLIVEIRA,glp,7,35.0,34.8,35.0,34.5,35.0
2008-09,MUN,MG|OURO PRETO,glp,8,36.0,35.0,36.0,35.0,36.0
2008-09,MUN,MG|PARA DE MINAS,glp,10,36.0,34.35,36.5,33.0,36.5
2008-09,MUN,MG|PARACATU,glp,8,38.0,38.0,40.0,38.0,40.0
2008-09,MUN,MG|PASSOS,glp,16,32.0,31.0,33.0,30.0,35.0
2008-09,MUN,MG|PATOS DE MINAS,glp,18,35.0,34.0,36.0,33.0,36.0
2008-09,MUN,MG|PATROCINIO,glp,18,35.5,35.35,36.0,34.5,36.0
2008-09,MUN,MG|POCOS DE CALDAS,glp,16,32.0,32.0,34.5,30.0,35.5
2008-09,MUN,MG|POUSO ALEGRE,glp,19,37.0,37.0,37.0,36.0,37.25
2008-09,MUN,MG|RIBEIRAO DAS NEVES,glp,21,34.0,32.0,35.0,30.0,35.0
2008-09,MUN,MG|SABARA,glp,17,35.0,30.6,36.2,30.0,37.0
2008-09,MUN,MG|SANTA LUZIA,glp,24,35.0,33.0,36.0,33.0,36.0
2008-09,MUN,MG|SANTOS DUMONT,glp,5,35.0,35.0,35.0,35.0,35.0
2008-09,MUN,MG|SAO GOTARDO,glp,1,35.0,35.0,35.0,35.0,35.0
2008-09,MUN,MG|SAO JOAO DEL REI,glp,14,35.5,34.79,35.85,34.5,36.0
2008-09,MUN,MG|SAO LOURENCO,glp,2,36.0,36.0,36.0,36.0,36.0
2008-09,MUN,MG|SAO SEBASTIAO DO PARAISO,glp,11,36.0,35.5,36.0,34.5,36.0
2008-09,MUN,MG|SETE LAGOAS,glp,15,35.0,31.0,36.0,31.0,36.0
2008-09,MUN,MG|TEOFILO OTONI,glp,31,35.5,35.0,36.0,35.0,36.0
2008-09,MUN,MG|TIMOTEO,glp,6,35.0,33.5,35.0,33.0,35.0
2008-09,MUN,MG|TRES CORACOES,glp,8,28.25,28.0,30.3,28.0,31.0
2008-09,MUN,MG|UBA,glp,7,35.0,35.0,35.0,35.0,35.0
2008-09,MUN,MG|UBERABA,glp,54,35.0,35.0,35.0,35.0,35.0
2008-09,MUN,MG|UBERLANDIA,glp,105,35.0,33.0,35.5,32.0,36.0
2008-09,MUN,MG|UNAI,glp,12,39.0,39.0,39.0,39.0,39.0
2008-09,MUN,MG|VARGINHA,glp,18,35.75,35.0,36.0,34.5,36.0
2008-09,MUN,MG|VESPASIANO,glp,10,33.25,32.89,35.05,31.9,35.5
2008-09,MUN,MG|VICOSA,glp,3,35.0,35.0,35.0,35.0,35.0
2008-09,MUN,MS|BATAYPORA,glp,1,35.0,35.0,35.0,35.0,35.0
2008-09,MUN,MS|CAMPO GRANDE,glp,147,34.0,32.0,35.0,30.0,36.5
2008-09,MUN,MS|CORUMBA,glp,7,42.0,41.8,42.0,41.5,42.0
2008-09,MUN,MS|COXIM,glp,9,38.0,35.9,38.0,35.5,38.0
2008-09,MUN,MS|DOURADOS,glp,56,39.0,38.0,41.25,36.5,43.0
2008-09,MUN,MS|NOVA ANDRADINA,glp,14,37.25,34.45,38.0,33.0,39.5
2008-09,MUN,MS|PARANAIBA,glp,18,40.0,39.4,40.0,38.0,40.0
2008-09,MUN,MS|PONTA PORA,glp,4,39.0,37.6,39.0,37.0,39.0
2008-09,MUN,MS|SAO GABRIEL DO OESTE,glp,1,38.0,38.0,38.0,38.0,38.0
2008-09,MUN,MS|TRES LAGOAS,glp,16,37.5,37.0,38.0,37.0,38.5
2008-09,MUN,MT|ALTA FLORESTA,glp,6,40.5,40.0,41.5,40.0,42.0
2008-09,MUN,MT|CACERES,glp,8,38.0,38.0,38.15,38.0,38.5
2008-09,MUN,MT|CUIABA,glp,32,40.0,39.0,41.45,38.5,42.0
2008-09,MUN,MT|RONDONOPOLIS,glp,9,42.0,40.4,42.0,40.0,42.0
2008-09,MUN,MT|SINOP,glp,11,40.0,40.0,42.0,40.0,42.0
2008-09,MUN,MT|SORRISO,glp,7,39.0,38.0,39.4,38.0,40.0
2008-09,MUN,MT|VARZEA GRANDE,glp,11,40.0,40.0,41.0,40.0,42.0
2008-09,MUN,PA|ABAETETUBA,glp,4,34.0,32.6,34.0,32.0,34.0
2008-09,MUN,PA|ALENQUER,glp,2,36.5,36.1,36.9,36.0,37.0
2008-09,MUN,PA|ALTAMIRA,glp,9,39.0,38.0,39.0,38.0,39.0
2008-09,MUN,PA|ANANINDEUA,glp,66,32.5,32.0,33.0,31.5,33.0
2008-09,MUN,PA|BELEM,glp,77,33.0,32.0,33.0,31.5,34.0
2008-09,MUN,PA|BRAGANCA,glp,4,37.0,35.6,37.0,35.0,37.0
2008-09,MUN,PA|BREVES,glp,2,33.5,33.1,33.9,33.0,34.0
2008-09,MUN,PA|CAMETA,glp,3,34.0,33.2,34.0,33.0,34.0
2008-09,MUN,PA|CASTANHAL,glp,7,35.0,35.0,35.0,35.0,35.0
2008-09,MUN,PA|CONCEICAO DO ARAGUAIA,glp,2,37.0,37.0,37.0,37.0,37.0
2008-09,MUN,PA|ITAITUBA,glp,7,39.0,39.0,39.0,39.0,39.0
2008-09,MUN,PA|MARABA,glp,1,38.0,38.0,38.0,38.0,38.0
2008-09,MUN,PA|PARAGOMINAS,glp,3,39.0,39.0,39.0,39.0,39.0
2008-09,MUN,PA|PARAUAPEBAS,glp,3,39.0,39.0,39.0,39.0,39.0
2008-09,MUN,PA|REDENCAO,glp,5,35.0,34.2,35.0,34.0,35.0
2008-09,MUN,PA|SANTAREM,glp,20,34.75,34.0,36.0,33.0,36.5
2008-09,MUN,PA|TUCURUI,glp,4,38.0,38.0,38.0,38.0,38.0
2008-09,MUN,PA|XINGUARA,glp,7,40.0,39.0,40.0,39.0,40.0
2008-09,MUN,PB|BAYEUX,glp,4,33.0,33.0,33.0,33.0,33.0
2008-09,MUN,PB|CABEDELO,glp,3,33.0,33.0,34.6,33.0,35.0
2008-09,MUN,PB|CAMPINA GRANDE,glp,19,35.0,34.8,35.0,32.5,35.0
2008-09,MUN,PB|GUARABIRA,glp,1,35.0,35.0,35.0,35.0,35.0
2008-09,MUN,PB|INGA,glp,1,35.0,35.0,35.0,35.0,35.0
2008-09,MUN,PB|JOAO PESSOA,glp,30,33.0,30.45,34.1,30.0,35.0
2008-09,MUN,PB|MAMANGUAPE,glp,2,33.0,33.0,33.0,33.0,33.0
2008-09,MUN,PB|PATOS,glp,5,35.0,33.8,35.0,33.0,35.0
2008-09,MUN,PB|SANTA RITA,glp,4,33.0,32.3,34.4,32.0,35.0
2008-09,MUN,PB|SAPE,glp,1,35.0,35.0,35.0,35.0,35.0
2008-09,MUN,PB|SOUSA,glp,2,31.5,30.3,32.7,30.0,33.0
2008-09,MUN,PE|ABREU E LIMA,glp,7,35.0,32.6,35.0,32.0,35.0
2008-09,MUN,PE|AFOGADOS DA INGAZEIRA,glp,1,33.0,33.0,33.0,33.0,33.0
2008-09,MUN,PE|AGUAS BELAS,glp,1,36.0,36.0,36.0,36.0,36.0
2008-09,MUN,PE|ARARIPINA,glp,1,33.0,33.0,33.0,33.0,33.0
2008-09,MUN,PE|ARCOVERDE,glp,1,36.0,36.0,36.0,36.0,36.0
2008-09,MUN,PE|BELO JARDIM,glp,4,33.0,33.0,33.0,33.0,33.0
2008-09,MUN,PE|BOM CONSELHO,glp,3,35.0,35.0,35.0,35.0,35.0
2008-09,MUN,PE|CABO DE SANTO AGOSTINHO,glp,5,35.0,34.4,35.6,34.0,36.0
2008-09,MUN,PE|CAMARAGIBE,glp,12,34.25,33.0,35.0,33.0,35.0
2008-09,MUN,PE|CARUARU,glp,7,33.0,32.0,33.0,32.0,33.0
2008-09,MUN,PE|GARANHUNS,glp,4,33.0,33.0,33.0,33.0,33.0
2008-09,MUN,PE|GOIANA,glp,2,30.0,30.0,30.0,30.0,30.0
2008-09,MUN,PE|GRAVATA,glp,4,35.0,32.9,35.0,32.0,35.0
2008-09,MUN,PE|IGARASSU,glp,8,35.0,33.7,35.0,33.0,35.0
2008-09,MUN,PE|JABOATAO DOS GUARARAPES,glp,35,35.0,34.677,35.0,34.0,35.0
2008-09,MUN,PE|JUCATI,glp,1,33.0,33.0,33.0,33.0,33.0
2008-09,MUN,PE|LAJEDO,glp,2,30.0,30.0,30.0,30.0,30.0
2008-09,MUN,PE|MORENO,glp,1,35.0,35.0,35.0,35.0,35.0
2008-09,MUN,PE|OLINDA,glp,23,33.0,32.0,33.0,30.0,35.0
2008-09,MUN,PE|PAULISTA,glp,7,33.0,33.0,35.0,33.0,35.0
2008-09,MUN,PE|PETROLINA,glp,2,35.0,35.0,35.0,35.0,35.0
2008-09,MUN,PE|RECIFE,glp,82,33.0,30.0,35.0,28.0,35.0
2008-09,MUN,PE|SALGUEIRO,glp,2,35.0,35.0,35.0,35.0,35.0
2008-09,MUN,PE|SANTA CRUZ DO CAPIBARIBE,glp,3,38.0,38.0,38.0,38.0,38.0
2008-09,MUN,PE|SAO BENTO DO UNA,glp,2,33.0,33.0,33.0,33.0,33.0
2008-09,MUN,PE|SAO LOURENCO DA MATA,glp,12,33.5,33.0,34.9,33.0,35.0
2008-09,MUN,PE|SERRA TALHADA,glp,5,33.0,31.8,33.0,31.0,33.0
2008-09,MUN,PE|VENTUROSA,glp,1,36.0,36.0,36.0,36.0,36.0
2008-09,MUN,PE|VITORIA DE SANTO ANTAO,glp,10,35.0,34.9,35.0,34.0,35.0
2008-09,MUN,PI|BARRAS,glp,1,32.5,32.5,32.5,32.5,32.5
2008-09,MUN,PI|CAMPO MAIOR,glp,4,37.0,37.0,37.0,37.0,37.0
2008-09,MUN,PI|OEIRAS,glp,3,38.0,38.0,38.0,38.0,38.0
2008-09,MUN,PI|PARNAIBA,glp,1,37.0,37.0,37.0,37.0,37.0
2008-09,MUN,PI|PICOS,glp,2,38.0,38.0,38.0,38.0,38.0
2008-09,MUN,PI|PIRIPIRI,glp,3,37.0,37.0,37.0,37.0,37.0
2008-09,MUN,PI|TERESINA,glp,49,37.0,35.0,37.0,34.0,37.0
2008-09,MUN,PR|ALMIRANTE TAMANDARE,glp,9,30.0,29.0,30.4,29.0,32.0
2008-09,MUN,PR|APUCARANA,glp,20,30.0,29.995,32.1,27.9,34.0
2008-09,MUN,PR|ARAPONGAS,glp,17,33.0,33.0,34.0,32.0,36.0
2008-09,MUN,PR|ARAUCARIA,glp,9,30.0,30.0,30.0,30.0,30.0
2008-09,MUN,PR|ASSIS CHATEAUBRIAND,glp,5,32.0,31.4,33.84,31.0,34.4
2008-09,MUN,PR|CAMBE,glp,43,33.0,32.0,35.0,31.0,35.0
2008-09,MUN,PR|CAMPO LARGO,glp,17,30.0,29.0,30.0,28.0,32.0
2008-09,MUN,PR|CAMPO MOURAO,glp,10,30.0,29.9,34.55,29.0,35.0
2008-09,MUN,PR|CASCAVEL,glp,20,34.0,33.0,34.0,30.0,34.0
2008-09,MUN,PR|CASTRO,glp,12,33.0,32.545,34.0,30.0,34.0
2008-09,MUN,PR|CIANORTE,glp,16,38.0,36.75,38.0,30.0,38.0
2008-09,MUN,PR|COLOMBO,glp,29,31.0,29.989,32.0,29.0,33.0
2008-09,MUN,PR|CORNELIO PROCOPIO,glp,8,35.0,34.7,35.0,34.0,35.0
2008-09,MUN,PR|CURITIBA,glp,137,30.0,29.9,32.0,29.0,33.0
2008-09,MUN,PR|FOZ DO IGUACU,glp,41,38.75,38.0,39.0,38.0,39.0
2008-09,MUN,PR|FRANCISCO BELTRAO,glp,9,35.0,32.6,36.2,31.0,37.0
2008-09,MUN,PR|GUARAPUAVA,glp,11,32.0,32.0,33.0,32.0,34.0
2008-09,MUN,PR|LARANJEIRAS DO SUL,glp,7,36.5,36.0,37.0,36.0,37.0
2008-09,MUN,PR|LONDRINA,glp,105,32.0,30.2,33.0,30.0,34.0
2008-09,MUN,PR|MARECHAL CANDIDO RONDON,glp,11,37.0,37.0,37.0,35.0,38.0
2008-09,MUN,PR|MARINGA,glp,34,32.75,31.15,34.0,30.0,36.0
2008-09,MUN,PR|MEDIANEIRA,glp,1,38.5,38.5,38.5,38.5,38.5
2008-09,MUN,PR|PARANAGUA,glp,20,35.0,33.0,35.0,31.0,35.0
2008-09,MUN,PR|PARANAVAI,glp,15,35.0,33.0,35.0,33.0,35.0
2008-09,MUN,PR|PATO BRANCO,glp,9,33.5,32.4,34.2,32.0,35.0
2008-09,MUN,PR|PINHAIS,glp,16,30.0,30.0,32.0,28.0,33.0
2008-09,MUN,PR|PIRAI DO SUL,glp,1,34.0,34.0,34.0,34.0,34.0
2008-09,MUN,PR|PONTA GROSSA,glp,66,33.0,31.0,34.0,30.0,35.0
2008-09,MUN,PR|SANTO ANTONIO DA PLATINA,glp,15,33.5,33.0,34.0,32.0,35.0
2008-09,MUN,PR|SAO JOSE DOS PINHAIS,glp,15,31.0,30.0,32.0,30.0,33.0
2008-09,MUN,PR|SARANDI,glp,1,37.0,37.0,37.0,37.0,37.0
2008-09,MUN,PR|TERRA BOA,glp,1,35.0,35.0,35.0,35.0,35.0
2008-09,MUN,PR|TOLEDO,glp,11,36.5,34.9,38.0,33.0,38.0
2008-09,MUN,PR|UMUARAMA,glp,13,31.5,30.0,33.0,30.0,34.0
2008-09,MUN,PR|UNIAO DA VITORIA,glp,3,32.0,31.2,32.64,31.0,32.8
2008-09,MUN,RJ|ANGRA DOS REIS,glp,4,34.475,34.0,36.315,34.0,36.9
2008-09,MUN,RJ|ARARUAMA,glp,5,33.0,31.8,33.6,31.0,34.0
2008-09,MUN,RJ|ARMACAO DOS BUZIOS,glp,1,35.0,35.0,35.0,35.0,35.0
2008-09,MUN,RJ|BARRA DO PIRAI,glp,4,33.0,32.86,34.4,32.8,35.0
2008-09,MUN,RJ|BARRA MANSA,glp,18,35.0,35.0,36.0,35.0,36.0
2008-09,MUN,RJ|BELFORD ROXO,glp,6,30.5,29.995,32.0,29.99,32.0
2008-09,MUN,RJ|CABO FRIO,glp,4,30.0,27.9,30.0,27.0,30.0
2008-09,MUN,RJ|CAMPOS DOS GOYTACAZES,glp,16,33.0,32.0,35.0,31.0,35.0
2008-09,MUN,RJ|DUQUE DE CAXIAS,glp,29,33.0,31.9,34.0,31.0,34.0
2008-09,MUN,RJ|ITABORAI,glp,3,32.0,31.2,32.8,31.0,33.0
2008-09,MUN,RJ|ITAGUAI,glp,4,32.5,32.15,32.85,32.0,33.0
2008-09,MUN,RJ|ITAPERUNA,glp,4,30.0,30.0,30.0,30.0,30.0
2008-09,MUN,RJ|MACAE,glp,2,30.0,30.0,30.0,30.0,30.0
2008-09,MUN,RJ|MAGE,glp,2,30.5,30.1,30.9,30.0,31.0
2008-09,MUN,RJ|MANGARATIBA,glp,3,34.0,33.92,34.0,33.9,34.0
2008-09,MUN,RJ|MARICA,glp,2,31.5,31.1,31.9,31.0,32.0
2008-09,MUN,RJ|NILOPOLIS,glp,5,30.0,28.4,32.0,28.0,32.0
2008-09,MUN,RJ|NITEROI,glp,6,31.5,30.245,32.75,29.99,33.0
2008-09,MUN,RJ|NOVA FRIBURGO,glp,5,35.0,33.6,35.322,33.0,35.5
2008-09,MUN,RJ|NOVA IGUACU,glp,20,32.0,30.9,33.0,29.99,33.0
2008-09,MUN,RJ|PARAIBA DO SUL,glp,2,32.0,32.0,32.0,32.0,32.0
2008-09,MUN,RJ|PARATY,glp,2,34.5,34.1,34.9,34.0,35.0
2008-09,MUN,RJ|PETROPOLIS,glp,4,34.5,33.23,36.33,32.9,36.9
2008-09,MUN,RJ|RESENDE,glp,6,34.5,33.5,35.0,33.0,35.0
2008-09,MUN,RJ|RIO BONITO,glp,2,32.25,31.65,32.85,31.5,33.0
2008-09,MUN,RJ|RIO DE JANEIRO,glp,86,32.0,29.995,35.5,27.99,38.0
2008-09,MUN,RJ|SANTO ANTONIO DE PADUA,glp,1,35.0,35.0,35.0,35.0,35.0
2008-09,MUN,RJ|SAO FRANCISCO DE ITABAPOANA,glp,1,35.0,35.0,35.0,35.0,35.0
2008-09,MUN,RJ|SAO GONCALO,glp,7,32.0,30.893,33.0,29.99,33.0
2008-09,MUN,RJ|SAO JOAO DE MERITI,glp,7,33.0,32.0,34.4,32.0,35.0
2008-09,MUN,RJ|SAPUCAIA,glp,2,33.5,33.1,33.9,33.0,34.0
2008-09,MUN,RJ|SAQUAREMA,glp,3,32.0,31.2,32.8,31.0,33.0
2008-09,MUN,RJ|TERESOPOLIS,glp,3,34.5,34.5,35.3,34.5,35.5
2008-09,MUN,RJ|TRES RIOS,glp,2,32.0,32.0,32.0,32.0,32.0
2008-09,MUN,RJ|VALENCA,glp,6,34.0,33.0,34.5,33.0,35.0
2008-09,MUN,RJ|VASSOURAS,glp,3,34.0,33.2,34.8,33.0,35.0
2008-09,MUN,RJ|VOLTA REDONDA,glp,7,34.0,31.6,36.0,31.0,36.0
2008-09,MUN,RN|CAICO,glp,3,35.0,35.0,35.0,35.0,35.0
2008-09,MUN,RN|CURRAIS NOVOS,glp,6,35.0,35.0,35.0,35.0,35.0
2008-09,MUN,RN|MOSSORO,glp,3,32.0,30.4,32.0,30.0,32.0
2008-09,MUN,RN|NATAL,glp,14,32.0,32.0,32.0,30.0,32.5
2008-09,MUN,RN|PARNAMIRIM,glp,3,30.0,30.0,30.0,30.0,30.0
2008-09,MUN,RN|SAO JOSE DE MIPIBU,glp,2,32.0,32.0,32.0,32.0,32.0
2008-09,MUN,RN|TIMBAUBA DOS BATISTAS,glp,1,35.0,35.0,35.0,35.0,35.0
2008-09,MUN,RO|ARIQUEMES,glp,14,38.0,38.0,39.0,38.0,39.0
2008-09,MUN,RO|CACOAL,glp,9,38.95,38.2,40.0,37.0,40.0
2008-09,MUN,RO|GUAJARA-MIRIM,glp,4,38.0,38.0,38.35,38.0,38.5
2008-09,MUN,RO|JI-PARANA,glp,9,37.0,37.0,37.55,37.0,37.75
2008-09,MUN,RO|PIMENTA BUENO,glp,4,42.0,42.0,42.0,42.0,42.0
2008-09,MUN,RO|PORTO VELHO,glp,102,34.0,33.05,35.0,33.0,36.0
2008-09,MUN,RO|SAO MIGUEL DO GUAPORE,glp,1,42.0,42.0,42.0,42.0,42.0
2008-09,MUN,RO|VILHENA,glp,7,42.0,42.0,42.0,42.0,42.0
2008-09,MUN,RR|BOA VISTA,glp,23,38.0,36.2,38.9,35.8,40.0
2008-09,MUN,RR|MUCAJAI,glp,1,39.0,39.0,39.0,39.0,39.0
2008-09,MUN,RR|RORAINOPOLIS,glp,1,40.0,40.0,40.0,40.0,40.0
2008-09,MUN,RS|ALEGRETE,glp,12,34.75,33.0,35.45,33.0,36.0
2008-09,MUN,RS|ALVORADA,glp,11,33.0,30.0,35.0,29.9,35.0
2008-09,MUN,RS|BAGE,glp,27,32.0,32.0,34.0,28.0,36.0
2008-09,MUN,RS|BENTO GONCALVES,glp,9,38.5,36.6,41.2,35.0,42.0
2008-09,MUN,RS|CACAPAVA DO SUL,glp,7,35.0,32.8,37.0,32.5,37.0
2008-09,MUN,RS|CACHOEIRA DO SUL,glp,16,36.0,35.0,37.0,35.0,37.0
2008-09,MUN,RS|CACHOEIRINHA,glp,14,33.0,32.15,33.0,32.0,33.5
2008-09,MUN,RS|CANOAS,glp,44,36.0,35.0,37.0,32.0,39.0
2008-09,MUN,RS|CAXIAS DO SUL,glp,40,37.0,35.0,38.048,34.0,40.0
2008-09,MUN,RS|CHUI,glp,2,31.0,31.0,31.0,31.0,31.0
2008-09,MUN,RS|CRUZ ALTA,glp,5,35.0,31.4,37.0,31.0,37.0
2008-09,MUN,RS|CRUZEIRO DO SUL,glp,1,34.0,34.0,34.0,34.0,34.0
2008-09,MUN,RS|ERECHIM,glp,19,41.0,38.9,43.6,38.5,44.0
2008-09,MUN,RS|ESTEIO,glp,11,36.0,34.0,36.0,33.5,36.0
2008-09,MUN,RS|FARROUPILHA,glp,1,38.0,38.0,38.0,38.0,38.0
2008-09,MUN,RS|GRAMADO,glp,3,36.0,36.0,36.0,36.0,36.0
2008-09,MUN,RS|GRAVATAI,glp,28,33.0,31.0,34.3,31.0,36.0
2008-09,MUN,RS|GUAIBA,glp,11,35.0,34.0,35.0,34.0,36.0
2008-09,MUN,RS|IJUI,glp,8,35.0,34.0,35.45,34.0,36.5
2008-09,MUN,RS|IMBE,glp,1,37.0,37.0,37.0,37.0,37.0
2008-09,MUN,RS|JAGUARAO,glp,9,32.0,32.0,33.0,32.0,33.0
2008-09,MUN,RS|LAJEADO,glp,5,35.0,34.0,35.6,34.0,36.0
2008-09,MUN,RS|NOVA SANTA RITA,glp,1,36.0,36.0,36.0,36.0,36.0
2008-09,MUN,RS|NOVO HAMBURGO,glp,25,34.0,32.0,35.3,30.0,36.0
2008-09,MUN,RS|OSORIO,glp,8,37.5,37.0,38.0,37.0,38.0
2008-09,MUN,RS|PALMEIRA DAS MISSOES,glp,6,35.0,35.0,36.5,35.0,38.0
2008-09,MUN,RS|PASSO FUNDO,glp,56,38.0,37.0,40.0,35.0,40.0
2008-09,MUN,RS|PELOTAS,glp,38,33.0,31.0,34.0,30.0,34.0
2008-09,MUN,RS|PORTO ALEGRE,glp,47,35.0,33.6,36.0,32.0,37.0
2008-09,MUN,RS|RIO GRANDE,glp,47,33.0,30.0,35.0,30.0,36.0
2008-09,MUN,RS|SANTA CRUZ DO SUL,glp,15,36.5,36.0,36.8,36.0,38.5
2008-09,MUN,RS|SANTA MARIA,glp,36,35.0,33.0,36.0,32.0,38.0
2008-09,MUN,RS|SANTA ROSA,glp,9,35.0,34.8,37.0,34.0,37.0
2008-09,MUN,RS|SANTA VITORIA DO PALMAR,glp,8,34.0,32.0,34.3,32.0,35.0
2008-09,MUN,RS|SANTANA DO LIVRAMENTO,glp,14,34.0,34.0,34.0,34.0,34.0
2008-09,MUN,RS|SANTO ANGELO,glp,11,38.0,37.0,40.0,37.0,40.0
2008-09,MUN,RS|SAO BORJA,glp,3,35.0,35.0,35.0,35.0,35.0
2008-09,MUN,RS|SAO GABRIEL,glp,10,38.75,37.9,39.15,37.0,40.5
2008-09,MUN,RS|SAO LEOPOLDO,glp,17,35.0,34.0,36.0,34.0,36.0
2008-09,MUN,RS|SAO LUIZ GONZAGA,glp,5,40.0,38.8,40.0,38.0,40.0
2008-09,MUN,RS|SAPIRANGA,glp,9,34.0,34.0,35.2,34.0,36.0
2008-09,MUN,RS|SAPUCAIA DO SUL,glp,27,34.0,34.0,35.0,33.0,36.0
2008-09,MUN,RS|TORRES,glp,5,38.0,37.4,38.0,37.0,38.0
2008-09,MUN,RS|TRAMANDAI,glp,6,35.0,35.0,37.5,35.0,38.0
2008-09,MUN,RS|URUGUAIANA,glp,11,37.0,35.0,37.0,35.0,37.0
2008-09,MUN,RS|VACARIA,glp,7,36.0,35.604,36.04,35.01,36.1
2008-09,MUN,RS|VIAMAO,glp,18,37.0,35.85,38.0,35.0,38.0
2008-09,MUN,SC|ARARANGUA,glp,4,35.5,35.0,37.4,35.0,38.0
2008-09,MUN,SC|BALNEARIO CAMBORIU,glp,1,37.0,37.0,37.0,37.0,37.0
2008-09,MUN,SC|BIGUACU,glp,1,35.0,35.0,35.0,35.0,35.0
2008-09,MUN,SC|BLUMENAU,glp,37,38.7,36.6,40.64,35.0,42.0
2008-09,MUN,SC|BOMBINHAS,glp,1,33.0,33.0,33.0,33.0,33.0
2008-09,MUN,SC|BRUSQUE,glp,4,34.5,34.0,37.03,34.0,37.9
2008-09,MUN,SC|CACADOR,glp,3,38.0,36.4,38.0,36.0,38.0
2008-09,MUN,SC|CHAPECO,glp,22,35.5,35.0,36.475,34.5,38.0
2008-09,MUN,SC|CONCORDIA,glp,7,38.0,36.4,39.4,35.5,40.0
2008-09,MUN,SC|CRICIUMA,glp,9,35.0,35.0,39.52,35.0,40.0
2008-09,MUN,SC|FLORIANOPOLIS,glp,40,37.0,35.0,40.0,32.0,42.0
2008-09,MUN,SC|ITAJAI,glp,28,35.0,33.0,37.24,30.0,39.99
2008-09,MUN,SC|JARAGUA DO SUL,glp,4,36.0,35.3,36.35,35.0,36.5
2008-09,MUN,SC|JOINVILLE,glp,102,38.0,37.0,39.0,34.0,40.0
2008-09,MUN,SC|LAGES,glp,6,35.0,35.0,37.0,35.0,37.0
2008-09,MUN,SC|LAGUNA,glp,4,34.0,34.0,34.7,34.0,35.0
2008-09,MUN,SC|MAFRA,glp,4,32.95,32.27,33.0,32.0,33.0
2008-09,MUN,SC|PALHOCA,glp,16,36.0,33.375,37.25,32.0,40.0
2008-09,MUN,SC|SAO JOSE,glp,14,36.0,34.615,38.05,32.5,39.0
2008-09,MUN,SC|SAO MIGUEL DO OESTE,glp,6,33.0,32.0,34.945,32.0,36.89
2008-09,MUN,SC|TIJUCAS,glp,1,36.0,36.0,36.0,36.0,36.0
2008-09,MUN,SC|TUBARAO,glp,11,35.0,33.0,35.0,32.0,36.0
2008-09,MUN,SC|VIDEIRA,glp,5,35.0,33.2,35.0,32.0,35.0
2008-09,MUN,SC|XANXERE,glp,9,38.0,36.8,38.0,36.0,38.0
2008-09,MUN,SE|ARACAJU,glp,17,32.5,30.3,33.0,30.0,33.0
2008-09,MUN,SE|ITABAIANA,glp,4,33.5,30.9,34.0,30.0,34.0
2008-09,MUN,SE|ITABAIANINHA,glp,1,33.0,33.0,33.0,33.0,33.0
2008-09,MUN,SE|LAGARTO,glp,4,32.0,31.3,32.0,31.0,32.0
2008-09,MUN,SE|NOSSA SENHORA DO SOCORRO,glp,4,33.0,32.3,33.7,32.0,34.0
2008-09,MUN,SE|SIMAO DIAS,glp,1,30.0,30.0,30.0,30.0,30.0
2008-09,MUN,SE|TOBIAS BARRETO,glp,3,34.0,34.0,34.0,34.0,34.0
2008-09,MUN,SP|ADAMANTINA,glp,10,33.0,33.0,33.0,33.0,33.0
2008-09,MUN,SP|AMERICANA,glp,29,35.0,33.99,36.0,33.0,36.0
2008-09,MUN,SP|AMPARO,glp,4,32.75,30.6,33.5,30.0,33.5
2008-09,MUN,SP|APIAI,glp,2,37.0,37.0,37.0,37.0,37.0
2008-09,MUN,SP|ARACATUBA,glp,37,35.0,33.3,35.0,33.0,35.0
2008-09,MUN,SP|ARARAQUARA,glp,14,31.0,30.0,33.7,30.0,34.0
2008-09,MUN,SP|ARARAS,glp,2,32.475,32.095,32.855,32.0,32.95
2008-09,MUN,SP|ASSIS,glp,8,32.0,32.0,32.0,32.0,32.0
2008-09,MUN,SP|ATIBAIA,glp,21,32.0,29.5,34.0,28.0,34.0
2008-09,MUN,SP|AVARE,glp,7,37.0,34.8,38.0,33.0,38.0
2008-09,MUN,SP|BARRETOS,glp,13,30.0,30.0,30.9,28.495,33.0
2008-09,MUN,SP|BARUERI,glp,16,32.0,29.5,33.5,29.0,34.0
2008-09,MUN,SP|BAURU,glp,25,34.0,32.0,36.0,31.0,37.0
2008-09,MUN,SP|BEBEDOURO,glp,9,34.0,33.0,34.2,33.0,35.0
2008-09,MUN,SP|BIRIGUI,glp,24,30.0,30.0,32.0,30.0,33.0
2008-09,MUN,SP|BORACEIA,glp,1,36.0,36.0,36.0,36.0,36.0
2008-09,MUN,SP|BOTUCATU,glp,15,33.0,32.0,34.0,32.0,34.0
2008-09,MUN,SP|BRAGANCA PAULISTA,glp,24,30.0,26.993,32.0,25.99,32.0
2008-09,MUN,SP|CACAPAVA,glp,13,33.0,30.4,34.0,30.0,34.0
2008-09,MUN,SP|CAMPINAS,glp,50,32.0,29.99,33.91,28.0,35.0
2008-09,MUN,SP|CAMPOS DO JORDAO,glp,10,30.99,29.999,33.1,29.99,34.0
2008-09,MUN,SP|CAPAO BONITO,glp,4,37.0,36.3,37.0,36.0,37.0
2008-09,MUN,SP|CARAGUATATUBA,glp,7,34.0,34.0,34.396,34.0,34.99
2008-09,MUN,SP|CARAPICUIBA,glp,16,32.0,27.99,33.99,27.99,34.0
2008-09,MUN,SP|CATANDUVA,glp,16,32.0,30.0,32.5,30.0,33.0
2008-09,MUN,SP|COSMOPOLIS,glp,5,35.0,34.4,35.996,34.0,36.0
2008-09,MUN,SP|COTIA,glp,11,32.0,30.0,33.0,28.0,33.0
2008-09,MUN,SP|CRUZEIRO,glp,11,30.0,30.0,32.0,28.0,32.0
2008-09,MUN,SP|CUBATAO,glp,3,32.0,31.2,32.0,31.0,32.0
2008-09,MUN,SP|DIADEMA,glp,19,31.0,28.99,33.1,28.99,33.5
2008-09,MUN,SP|DRACENA,glp,9,35.5,34.9,36.0,34.5,36.0
2008-09,MUN,SP|EMBU DAS ARTES,glp,4,32.9,32.27,32.9,32.0,32.9
2008-09,MUN,SP|FERRAZ DE VASCONCELOS,glp,9,31.0,31.0,32.8,31.0,34.0
2008-09,MUN,SP|FRANCA,glp,22,33.0,32.05,34.0,32.0,34.0
2008-09,MUN,SP|FRANCISCO MORATO,glp,15,33.0,30.0,33.0,30.0,33.0
2008-09,MUN,SP|FRANCO DA ROCHA,glp,5,32.5,30.0,33.0,30.0,33.0
2008-09,MUN,SP|GARCA,glp,8,33.0,33.0,33.0,33.0,33.0
2008-09,MUN,SP|GUARATINGUETA,glp,12,30.0,29.0,32.9,28.0,33.0
2008-09,MUN,SP|GUARUJA,glp,5,35.9,35.36,35.9,35.0,35.9
2008-09,MUN,SP|GUARULHOS,glp,61,31.0,30.0,33.0,28.99,33.9
2008-09,MUN,SP|HORTOLANDIA,glp,24,30.0,30.0,33.35,30.0,34.0
2008-09,MUN,SP|IBITINGA,glp,7,30.0,30.0,31.0,30.0,31.0
2008-09,MUN,SP|INDAIATUBA,glp,30,35.0,33.9,35.0,32.0,35.0
2008-09,MUN,SP|ITANHAEM,glp,11,35.0,32.0,35.0,32.0,35.5
2008-09,MUN,SP|ITAPECERICA DA SERRA,glp,6,31.745,30.5,31.995,30.0,32.0
2008-09,MUN,SP|ITAPETININGA,glp,16,33.0,30.5,34.0,29.0,35.0
2008-09,MUN,SP|ITAPEVA,glp,5,36.0,36.0,36.3,36.0,36.5
2008-09,MUN,SP|ITAPEVI,glp,5,30.0,28.792,32.0,27.99,32.0
2008-09,MUN,SP|ITAPIRA,glp,4,32.75,31.45,33.0,31.0,33.0
2008-09,MUN,SP|ITAPOLIS,glp,15,31.0,30.0,32.0,30.0,32.0
2008-09,MUN,SP|ITAQUAQUECETUBA,glp,12,34.0,31.55,35.0,31.0,35.0
2008-09,MUN,SP|ITATIBA,glp,11,32.0,32.0,33.5,32.0,34.0
2008-09,MUN,SP|ITU,glp,11,31.0,30.0,32.0,29.0,33.0
2008-09,MUN,SP|JABOTICABAL,glp,12,32.5,32.0,33.0,32.0,34.0
2008-09,MUN,SP|JACAREI,glp,9,29.99,27.99,32.0,27.99,32.0
2008-09,MUN,SP|JALES,glp,6,34.45,33.2,35.0,33.0,35.0
2008-09,MUN,SP|JANDIRA,glp,8,30.495,28.7,31.3,28.0,32.0
2008-09,MUN,SP|JAU,glp,8,30.0,30.0,30.6,30.0,32.0
2008-09,MUN,SP|JOSE BONIFACIO,glp,13,32.0,30.0,32.8,30.0,33.0
2008-09,MUN,SP|JUNDIAI,glp,17,32.0,29.0,32.994,29.0,33.0
2008-09,MUN,SP|LEME,glp,18,32.0,30.0,33.0,30.0,33.0
2008-09,MUN,SP|LIMEIRA,glp,16,33.0,30.5,35.0,30.0,35.0
2008-09,MUN,SP|LINS,glp,19,32.0,31.9,35.0,31.0,36.0
2008-09,MUN,SP|LORENA,glp,11,30.0,29.0,30.0,29.0,30.0
2008-09,MUN,SP|MARILIA,glp,13,30.0,30.0,30.0,30.0,30.5
2008-09,MUN,SP|MATAO,glp,8,32.0,32.0,32.65,32.0,33.0
2008-09,MUN,SP|MAUA,glp,22,33.0,31.05,34.9,30.0,35.0
2008-09,MUN,SP|MIRASSOL,glp,9,30.0,30.0,30.4,30.0,32.0
2008-09,MUN,SP|MOCOCA,glp,12,34.5,34.0,35.0,33.0,35.0
2008-09,MUN,SP|MOGI DAS CRUZES,glp,35,34.0,32.0,35.0,30.0,37.0
2008-09,MUN,SP|MOGI GUACU,glp,12,30.0,29.1,30.0,25.99,30.0
2008-09,MUN,SP|MOGI MIRIM,glp,9,30.0,28.83,30.2,28.15,31.0
2008-09,MUN,SP|MONTE ALTO,glp,7,33.0,32.6,34.0,32.0,34.0
2008-09,MUN,SP|OLIMPIA,glp,8,30.0,30.0,30.3,30.0,31.0
2008-09,MUN,SP|OSASCO,glp,45,32.0,28.99,33.0,28.99,34.0
2008-09,MUN,SP|OURINHOS,glp,15,33.0,32.2,34.0,28.9,35.0
2008-09,MUN,SP|PARAGUACU PAULISTA,glp,10,32.0,32.0,32.05,32.0,32.5
2008-09,MUN,SP|PAULICEIA,glp,1,33.0,33.0,33.0,33.0,33.0
2008-09,MUN,SP|PAULINIA,glp,13,31.0,27.992,32.8,26.99,33.0
2008-09,MUN,SP|PINDAMONHANGABA,glp,18,33.0,28.0,33.0,28.0,33.0
2008-09,MUN,SP|PIRACICABA,glp,32,30.0,30.0,33.0,29.99,35.0
2008-09,MUN,SP|PIRASSUNUNGA,glp,7,32.0,31.8,33.0,31.5,33.0
2008-09,MUN,SP|PITANGUEIRAS,glp,1,33.0,33.0,33.0,33.0,33.0
2008-09,MUN,SP|POA,glp,8,32.0,31.85,34.0,31.5,34.0
2008-09,MUN,SP|PORTO FERREIRA,glp,6,32.5,31.0,33.5,30.0,34.0
2008-09,MUN,SP|PRAIA GRANDE,glp,9,35.0,32.8,35.0,32.0,35.0
2008-09,MUN,SP|PRESIDENTE PRUDENTE,glp,37,35.0,32.0,36.0,31.0,37.0
2008-09,MUN,SP|PRESIDENTE VENCESLAU,glp,9,33.0,30.0,34.0,30.0,34.0
2008-09,MUN,SP|RIBEIRAO PIRES,glp,12,33.0,30.2,33.0,29.99,34.0
2008-09,MUN,SP|RIBEIRAO PRETO,glp,89,33.0,32.0,35.1,30.0,36.0
2008-09,MUN,SP|RIO CLARO,glp,7,30.0,29.2,30.992,28.0,32.0
2008-09,MUN,SP|SALTO,glp,16,32.0,31.5,33.0,29.0,33.0
2008-09,MUN,SP|SANTA BARBARA D'OESTE,glp,20,35.0,34.9,36.1,33.0,37.0
2008-09,MUN,SP|SANTA CRUZ DO RIO PARDO,glp,9,33.0,32.4,33.6,32.0,34.0
2008-09,MUN,SP|SANTO ANDRE,glp,38,33.125,29.99,35.15,29.495,36.9
2008-09,MUN,SP|SANTOS,glp,11,33.0,30.5,33.5,29.99,39.5
2008-09,MUN,SP|SAO BERNARDO DO CAMPO,glp,34,33.375,30.3,34.85,29.99,35.0
2008-09,MUN,SP|SAO CAETANO DO SUL,glp,4,32.0,30.293,34.33,29.99,34.9
2008-09,MUN,SP|SAO CARLOS,glp,17,31.5,30.0,33.0,29.9,33.0
2008-09,MUN,SP|SAO JOAO DA BOA VISTA,glp,8,32.25,31.7,33.3,31.0,34.0
2008-09,MUN,SP|SAO JOAQUIM DA BARRA,glp,9,32.0,31.98,32.0,31.9,32.0
2008-09,MUN,SP|SAO JOSE DO RIO PRETO,glp,60,33.0,32.0,34.0,30.0,34.0
2008-09,MUN,SP|SAO JOSE DOS CAMPOS,glp,83,30.0,29.99,34.0,27.9,36.0
2008-09,MUN,SP|SAO PAULO,glp,217,30.495,28.99,33.994,27.99,38.0
2008-09,MUN,SP|SAO ROQUE,glp,7,31.0,30.4,31.36,29.5,31.9
2008-09,MUN,SP|SAO VICENTE,glp,19,30.0,27.99,32.0,27.9,35.0
2008-09,MUN,SP|SERTAOZINHO,glp,21,32.0,32.0,33.0,31.0,35.0
2008-09,MUN,SP|SOROCABA,glp,30,31.0,30.0,33.0,29.9,34.0
2008-09,MUN,SP|SUMARE,glp,21,32.0,30.0,33.0,29.99,34.0
2008-09,MUN,SP|SUZANO,glp,20,32.0,30.6,33.1,26.99,34.0
2008-09,MUN,SP|TABOAO DA SERRA,glp,6,29.995,28.99,32.5,28.99,33.0
2008-09,MUN,SP|TATUI,glp,6,33.0,29.5,33.5,28.0,34.0
2008-09,MUN,SP|TAUBATE,glp,37,30.0,27.6,30.0,25.0,32.0
2008-09,MUN,SP|TUPA,glp,5,33.0,31.0,34.2,31.0,35.0
2008-09,MUN,SP|UBATUBA,glp,10,30.0,28.9,31.55,28.0,32.0
2008-09,MUN,SP|VALINHOS,glp,8,33.5,32.0,34.0,32.0,34.0
2008-09,MUN,SP|VARZEA PAULISTA,glp,10,30.0,28.0,30.2,28.0,32.0
2008-09,MUN,SP|VINHEDO,glp,5,34.0,32.39,34.6,31.99,35.0
2008-09,MUN,SP|VOTORANTIM,glp,18,30.0,27.998,30.3,27.99,32.0
2008-09,MUN,SP|VOTUPORANGA,glp,15,30.0,30.0,32.0,30.0,33.0
2008-09,MUN,TO|ARAGUAINA,glp,12,40.0,40.0,40.0,40.0,40.0
2008-09,MUN,TO|COMBINADO,glp,1,37.0,37.0,37.0,37.0,37.0
2008-09,MUN,TO|DIANOPOLIS,glp,6,36.5,36.0,37.0,36.0,37.0
2008-09,MUN,TO|GURUPI,glp,57,35.0,35.0,36.0,35.0,36.0
2008-09,MUN,TO|PALMAS,glp,25,37.5,35.4,38.8,35.0,39.0
2008-09,MUN,TO|PARAISO DO TOCANTINS,glp,13,37.0,37.0,37.0,37.0,37.0
2008-09,MUN,TO|PORTO NACIONAL,glp,9,37.0,36.0,37.0,36.0,37.0
2008-09,MUN,TO|TAGUATINGA,glp,1,37.0,37.0,37.0,37.0,37.0
2008-09,UF,AC,glp,92,38.5,37.775,39.5,34.0,46.0
2008-09,UF,AL,glp,31,32.0,31.0,33.0,30.0,33.0
2008-09,UF,AM,glp,331,32.0,29.75,34.0,28.5,38.0
2008-09,UF,AP,glp,23,36.0,36.0,37.0,34.0,47.0
2008-09,UF,BA,glp,317,33.0,30.0,36.0,28.0,38.0
2008-09,UF,CE,glp,198,35.0,33.0,37.0,30.0,37.0
2008-09,UF,DF,glp,128,38.0,35.0,39.0,34.0,40.02
2008-09,UF,ES,glp,131,34.0,32.0,35.0,30.0,37.0
2008-09,UF,GO,glp,886,32.0,31.0,36.0,29.0,39.0
2008-09,UF,MA,glp,118,36.5,33.75,40.0,32.5,40.0
2008-09,UF,MG,glp,1219,35.0,33.0,36.0,28.0,40.0
2008-09,UF,MS,glp,273,35.0,33.0,40.0,30.0,43.0
2008-09,UF,MT,glp,84,40.0,38.0,42.0,38.0,42.0
2008-09,UF,PA,glp,226,33.0,32.0,39.0,31.5,40.0
2008-09,UF,PB,glp,72,33.0,32.0,35.0,30.0,35.0
2008-09,UF,PE,glp,248,33.0,32.0,35.0,28.0,38.0
2008-09,UF,PI,glp,63,37.0,35.0,37.0,32.5,38.0
2008-09,UF,PR,glp,757,32.0,30.0,36.7,27.9,39.0
2008-09,UF,RJ,glp,287,33.0,30.0,35.0,27.0,38.0
2008-09,UF,RN,glp,32,32.0,30.0,35.0,30.0,35.0
2008-09,UF,RO,glp,150,35.0,33.95,40.0,33.0,42.0
2008-09,UF,RR,glp,25,38.0,36.4,39.0,35.8,40.0
2008-09,UF,RS,glp,723,35.0,32.0,38.0,28.0,44.0
2008-09,UF,SC,glp,339,37.0,34.0,39.0,30.0,42.0
2008-09,UF,SE,glp,34,33.0,30.15,34.0,30.0,34.0
2008-09,UF,SP,glp,2088,32.0,29.99,35.0,25.0,39.5
2008-09,UF,TO,glp,124,36.0,35.0,39.0,35.0,40.0
2008-10,BR,BR,glp,8933,33.9,30.0,38.0,25.5,47.0
2008-10,MUN,AC|BUJARI,glp,1,38.65,38.65,38.65,38.65,38.65
2008-10,MUN,AC|CRUZEIRO DO SUL,glp,1,47.0,47.0,47.0,47.0,47.0
2008-10,MUN,AC|RIO BRANCO,glp,83,38.625,38.0,39.1,37.0,41.0
2008-10,MUN,AC|SENA MADUREIRA,glp,3,41.0,41.0,41.0,41.0,41.0
2008-10,MUN,AC|SENADOR GUIOMARD,glp,1,40.0,40.0,40.0,40.0,40.0
2008-10,MUN,AC|TARAUACA,glp,2,45.0,45.0,45.0,45.0,45.0
2008-10,MUN,AC|XAPURI,glp,3,40.0,40.0,41.6,40.0,42.0
2008-10,MUN,AL|ARAPIRACA,glp,4,33.0,33.0,33.0,33.0,33.0
2008-10,MUN,AL|DELMIRO GOUVEIA,glp,1,32.0,32.0,32.0,32.0,32.0
2008-10,MUN,AL|IGACI,glp,1,32.0,32.0,32.0,32.0,32.0
2008-10,MUN,AL|MACEIO,glp,14,32.0,31.3,32.7,30.0,33.0
2008-10,MUN,AL|MARECHAL DEODORO,glp,1,32.0,32.0,32.0,32.0,32.0
2008-10,MUN,AL|PALMEIRA DOS INDIOS,glp,5,32.0,30.0,32.6,30.0,33.0
2008-10,MUN,AL|RIO LARGO,glp,3,32.0,32.0,32.0,32.0,32.0
2008-10,MUN,AL|SANTANA DO IPANEMA,glp,2,32.0,32.0,32.0,32.0,32.0
2008-10,MUN,AM|HUMAITA,glp,2,38.0,38.0,38.0,38.0,38.0
2008-10,MUN,AM|ITACOATIARA,glp,5,35.0,32.0,35.0,32.0,35.0
2008-10,MUN,AM|MANACAPURU,glp,2,30.0,30.0,30.0,30.0,30.0
2008-10,MUN,AM|MANAUS,glp,310,28.0,27.0,30.0,25.5,34.0
2008-10,MUN,AM|PARINTINS,glp,2,31.5,28.7,34.3,28.0,35.0
2008-10,MUN,AM|PRESIDENTE FIGUEIREDO,glp,1,35.0,35.0,35.0,35.0,35.0
2008-10,MUN,AP|CALCOENE,glp,1,37.0,37.0,37.0,37.0,37.0
2008-10,MUN,AP|LARANJAL DO JARI,glp,1,40.0,40.0,40.0,40.0,40.0
2008-10,MUN,AP|MACAPA,glp,15,36.0,36.0,36.0,34.0,36.0
2008-10,MUN,AP|OIAPOQUE,glp,2,47.0,47.0,47.0,47.0,47.0
2008-10,MUN,AP|SANTANA,glp,4,36.5,36.0,37.0,36.0,37.0
2008-10,MUN,BA|ALAGOINHAS,glp,4,35.0,35.0,35.0,35.0,35.0
2008-10,MUN,BA|BARRA,glp,3,35.0,33.4,35.0,33.0,35.0
2008-10,MUN,BA|BARREIRAS,glp,10,36.0,36.0,36.0,36.0,36.0
2008-10,MUN,BA|BRUMADO,glp,6,34.0,34.0,34.0,34.0,34.0
2008-10,MUN,BA|CAETITE,glp,6,32.0,32.0,32.0,32.0,32.0
2008-10,MUN,BA|CAMACARI,glp,8,35.0,33.0,35.0,33.0,35.0
2008-10,MUN,BA|CAMPO FORMOSO,glp,3,35.0,35.0,35.0,35.0,35.0
2008-10,MUN,BA|CANDEIAS,glp,5,33.0,30.8,33.0,30.0,33.0
2008-10,MUN,BA|CAPIM GROSSO,glp,1,35.0,35.0,35.0,35.0,35.0
2008-10,MUN,BA|EUNAPOLIS,glp,6,35.0,34.5,35.0,34.0,35.0
2008-10,MUN,BA|FEIRA DE SANTANA,glp,8,35.0,33.2,35.5,29.0,35.5
2008-10,MUN,BA|GUANAMBI,glp,12,30.0,30.0,30.0,30.0,31.0
2008-10,MUN,BA|ILHEUS,glp,9,36.0,36.0,36.0,36.0,36.0
2008-10,MUN,BA|IPIRA,glp,5,35.0,35.0,35.0,35.0,35.0
2008-10,MUN,BA|IRECE,glp,5,35.0,35.0,35.0,35.0,35.0
2008-10,MUN,BA|ITABUNA,glp,8,35.0,35.0,35.0,35.0,35.0
2008-10,MUN,BA|ITAMARAJU,glp,4,33.0,33.0,33.0,33.0,33.0
2008-10,MUN,BA|JACOBINA,glp,5,38.0,37.4,38.0,37.0,38.0
2008-10,MUN,BA|JAGUAQUARA,glp,9,33.0,33.0,33.4,33.0,35.0
2008-10,MUN,BA|JEQUIE,glp,4,31.5,30.0,33.0,30.0,33.0
2008-10,MUN,BA|JUAZEIRO,glp,3,35.0,34.2,35.0,34.0,35.0
2008-10,MUN,BA|LAURO DE FREITAS,glp,11,32.0,30.0,33.99,30.0,34.99
2008-10,MUN,BA|LIVRAMENTO DE NOSSA SENHORA,glp,1,30.0,30.0,30.0,30.0,30.0
2008-10,MUN,BA|PAULO AFONSO,glp,5,33.0,33.0,33.6,33.0,34.0
2008-10,MUN,BA|POCOES,glp,3,34.0,30.8,34.0,30.0,34.0
2008-10,MUN,BA|PORTO SEGURO,glp,9,35.0,35.0,35.0,35.0,35.0
2008-10,MUN,BA|RUY BARBOSA,glp,3,33.0,33.0,33.0,33.0,33.0
2008-10,MUN,BA|SALVADOR,glp,129,32.0,30.0,33.96,28.0,35.0
2008-10,MUN,BA|SANTO ANTONIO DE JESUS,glp,7,32.0,31.6,33.0,31.0,33.0
2008-10,MUN,BA|SENHOR DO BONFIM,glp,4,38.0,38.0,38.0,38.0,38.0
2008-10,MUN,BA|SERRINHA,glp,3,35.0,35.0,35.0,35.0,35.0
2008-10,MUN,BA|SIMOES FILHO,glp,6,33.0,31.5,35.0,30.0,35.0
2008-10,MUN,BA|TEIXEIRA DE FREITAS,glp,6,35.0,35.0,35.0,35.0,35.0
2008-10,MUN,BA|URANDI,glp,1,31.0,31.0,31.0,31.0,31.0
2008-10,MUN,BA|VALENCA,glp,4,33.0,33.0,34.4,33.0,35.0
2008-10,MUN,BA|VITORIA DA CONQUISTA,glp,2,35.0,34.2,35.8,34.0,36.0
2008-10,MUN,CE|ARACOIABA,glp,1,35.0,35.0,35.0,35.0,35.0
2008-10,MUN,CE|BEBERIBE,glp,1,35.0,35.0,35.0,35.0,35.0
2008-10,MUN,CE|CANINDE,glp,2,34.0,34.0,34.0,34.0,34.0
2008-10,MUN,CE|CAUCAIA,glp,35,37.0,35.0,37.0,35.0,37.0
2008-10,MUN,CE|CRATEUS,glp,3,32.0,30.4,32.0,30.0,32.0
2008-10,MUN,CE|CRATO,glp,7,33.0,31.2,34.0,30.0,34.0
2008-10,MUN,CE|FORTALEZA,glp,118,36.0,35.0,37.0,33.0,39.0
2008-10,MUN,CE|ICO,glp,2,32.0,32.0,32.0,32.0,32.0
2008-10,MUN,CE|IGUATU,glp,4,33.5,33.0,34.0,33.0,34.0
2008-10,MUN,CE|IPU,glp,3,34.0,34.0,34.0,34.0,34.0
2008-10,MUN,CE|ITAPIPOCA,glp,3,30.0,30.0,30.0,30.0,30.0
2008-10,MUN,CE|JUAZEIRO DO NORTE,glp,6,32.5,32.0,33.0,32.0,33.0
2008-10,MUN,CE|LIMOEIRO DO NORTE,glp,2,36.0,36.0,36.0,36.0,36.0
2008-10,MUN,CE|MARACANAU,glp,6,36.0,32.0,37.0,32.0,37.0
2008-10,MUN,CE|MORADA NOVA,glp,4,33.5,33.0,34.0,33.0,34.0
2008-10,MUN,CE|PEDRA BRANCA,glp,2,35.0,35.0,35.0,35.0,35.0
2008-10,MUN,CE|QUIXADA,glp,5,33.0,32.0,34.0,32.0,34.0
2008-10,MUN,CE|SAO GONCALO DO AMARANTE,glp,1,33.0,33.0,33.0,33.0,33.0
2008-10,MUN,CE|SOBRAL,glp,3,33.0,33.0,33.0,33.0,33.0
2008-10,MUN,DF|BRASILIA,glp,128,38.0,35.0,39.0,33.0,40.02
2008-10,MUN,ES|ARACRUZ,glp,5,33.0,31.2,35.0,30.0,35.0
2008-10,MUN,ES|BARRA DE SAO FRANCISCO,glp,6,32.0,32.0,35.0,32.0,35.0
2008-10,MUN,ES|CACHOEIRO DE ITAPEMIRIM,glp,12,33.0,32.0,33.0,32.0,35.0
2008-10,MUN,ES|CARIACICA,glp,16,34.0,32.495,35.0,30.0,35.0
2008-10,MUN,ES|CASTELO,glp,2,32.5,32.1,32.9,32.0,33.0
2008-10,MUN,ES|COLATINA,glp,7,33.0,32.0,33.0,32.0,33.0
2008-10,MUN,ES|GUARAPARI,glp,6,34.5,33.5,35.5,33.0,36.0
2008-10,MUN,ES|ITAPEMIRIM,glp,1,34.0,34.0,34.0,34.0,34.0
2008-10,MUN,ES|JAGUARE,glp,3,34.0,34.0,34.72,34.0,34.9
2008-10,MUN,ES|LINHARES,glp,12,35.0,35.0,35.0,33.0,35.0
2008-10,MUN,ES|NOVA VENECIA,glp,1,35.0,35.0,35.0,35.0,35.0
2008-10,MUN,ES|PIUMA,glp,1,34.0,34.0,34.0,34.0,34.0
2008-10,MUN,ES|SAO MATEUS,glp,8,34.0,34.0,34.3,34.0,35.0
2008-10,MUN,ES|SERRA,glp,35,34.0,32.0,35.0,32.0,35.0
2008-10,MUN,ES|VILA VELHA,glp,13,34.0,32.0,34.0,32.0,35.0
2008-10,MUN,ES|VITORIA,glp,2,36.0,36.0,36.0,36.0,36.0
2008-10,MUN,GO|AGUAS LINDAS DE GOIAS,glp,7,35.0,35.0,35.0,35.0,35.0
2008-10,MUN,GO|ANAPOLIS,glp,103,32.0,31.0,33.0,29.99,34.0
2008-10,MUN,GO|APARECIDA DE GOIANIA,glp,106,32.0,32.0,33.0,31.0,33.0
2008-10,MUN,GO|BELA VISTA DE GOIAS,glp,1,32.5,32.5,32.5,32.5,32.5
2008-10,MUN,GO|CALDAS NOVAS,glp,40,35.0,34.0,35.0,33.0,38.0
2008-10,MUN,GO|CATALAO,glp,14,30.0,30.0,30.0,30.0,31.0
2008-10,MUN,GO|FORMOSA,glp,36,37.0,37.0,37.0,35.5,37.0
2008-10,MUN,GO|GOIANIA,glp,298,32.0,31.0,32.0,30.0,33.0
2008-10,MUN,GO|GOIATUBA,glp,11,34.0,32.0,34.0,32.0,34.0
2008-10,MUN,GO|ITUMBIARA,glp,18,33.0,33.0,33.0,33.0,34.0
2008-10,MUN,GO|JATAI,glp,24,35.0,35.0,35.0,32.0,36.0
2008-10,MUN,GO|LUZIANIA,glp,61,33.0,33.0,34.0,31.0,34.0
2008-10,MUN,GO|MINEIROS,glp,18,35.0,35.0,36.0,35.0,36.0
2008-10,MUN,GO|MORRINHOS,glp,21,34.0,32.9,35.0,32.5,39.0
2008-10,MUN,GO|PLANALTINA,glp,22,38.0,38.0,38.0,35.0,39.0
2008-10,MUN,GO|PONTALINA,glp,1,34.0,34.0,34.0,34.0,34.0
2008-10,MUN,GO|PORANGATU,glp,13,33.0,31.992,35.0,29.99,35.0
2008-10,MUN,GO|RIO VERDE,glp,38,36.0,36.0,37.0,36.0,38.0
2008-10,MUN,GO|SANTO ANTONIO DE GOIAS,glp,1,32.0,32.0,32.0,32.0,32.0
2008-10,MUN,GO|TRINDADE,glp,43,31.0,31.0,32.0,30.0,32.0
2008-10,MUN,GO|VALPARAISO DE GOIAS,glp,11,30.0,30.0,32.0,30.0,33.0
2008-10,MUN,MA|ACAILANDIA,glp,2,39.5,39.1,39.9,39.0,40.0
2008-10,MUN,MA|BACABAL,glp,2,37.0,36.6,37.4,36.5,37.5
2008-10,MUN,MA|BALSAS,glp,3,40.0,40.0,40.0,40.0,40.0
2008-10,MUN,MA|BARRA DO CORDA,glp,2,40.0,40.0,40.0,40.0,40.0
2008-10,MUN,MA|CAROLINA,glp,3,40.0,40.0,40.0,40.0,40.0
2008-10,MUN,MA|CAXIAS,glp,1,38.0,38.0,38.0,38.0,38.0
2008-10,MUN,MA|CODO,glp,2,36.5,36.5,36.5,36.5,36.5
2008-10,MUN,MA|IMPERATRIZ,glp,41,40.0,40.0,40.0,40.0,40.0
2008-10,MUN,MA|MATINHA,glp,1,33.5,33.5,33.5,33.5,33.5
2008-10,MUN,MA|PINHEIRO,glp,2,37.5,37.1,37.9,37.0,38.0
2008-10,MUN,MA|PRESIDENTE DUTRA,glp,2,35.0,35.0,35.0,35.0,35.0
2008-10,MUN,MA|SANTA INES,glp,2,35.25,35.05,35.45,35.0,35.5
2008-10,MUN,MA|SAO JOAO DOS PATOS,glp,2,38.0,38.0,38.0,38.0,38.0
2008-10,MUN,MA|SAO JOSE DE RIBAMAR,glp,13,34.0,33.5,34.5,33.5,35.0
2008-10,MUN,MA|SAO LUIS,glp,39,34.0,33.0,34.6,32.5,35.5
2008-10,MUN,MA|TIMON,glp,1,34.0,34.0,34.0,34.0,34.0
2008-10,MUN,MG|ALFENAS,glp,19,35.0,34.6,36.0,32.0,36.0
2008-10,MUN,MG|ARAGUARI,glp,17,35.0,35.0,36.0,32.0,36.0
2008-10,MUN,MG|ARAXA,glp,3,35.0,34.2,35.8,34.0,36.0
2008-10,MUN,MG|BARBACENA,glp,15,33.0,32.0,35.0,31.0,38.0
2008-10,MUN,MG|BELO HORIZONTE,glp,133,35.0,33.0,36.0,29.99,37.0
2008-10,MUN,MG|BETIM,glp,40,35.0,32.95,35.0,31.99,36.0
2008-10,MUN,MG|BOM DESPACHO,glp,2,37.0,37.0,37.0,37.0,37.0
2008-10,MUN,MG|CAMPO BELO,glp,9,35.0,35.0,35.0,35.0,35.0
2008-10,MUN,MG|CARATINGA,glp,2,33.0,33.0,33.0,33.0,33.0
2008-10,MUN,MG|CATAGUASES,glp,2,35.5,35.1,35.9,35.0,36.0
2008-10,MUN,MG|CONCEICAO DAS ALAGOAS,glp,1,35.0,35.0,35.0,35.0,35.0
2008-10,MUN,MG|CONGONHAS,glp,9,36.0,35.0,36.0,35.0,36.0
2008-10,MUN,MG|CONSELHEIRO LAFAIETE,glp,4,36.0,35.3,37.4,35.0,38.0
2008-10,MUN,MG|CONTAGEM,glp,72,34.0,33.0,35.9,31.0,36.0
2008-10,MUN,MG|CORONEL FABRICIANO,glp,3,35.0,35.0,35.0,35.0,35.0
2008-10,MUN,MG|CURVELO,glp,9,35.0,34.8,36.0,34.0,36.0
2008-10,MUN,MG|DIAMANTINA,glp,9,35.0,34.0,36.0,30.0,36.0
2008-10,MUN,MG|DIVINOPOLIS,glp,21,36.0,35.0,36.0,35.0,37.0
2008-10,MUN,MG|FORMIGA,glp,10,35.0,34.9,35.0,34.0,35.0
2008-10,MUN,MG|FRUTAL,glp,5,34.0,33.4,34.6,33.0,35.0
2008-10,MUN,MG|GOVERNADOR VALADARES,glp,20,34.0,32.9,35.022,32.0,36.0
2008-10,MUN,MG|GUAXUPE,glp,7,36.0,33.2,36.0,32.0,36.0
2008-10,MUN,MG|IBIRITE,glp,12,35.0,34.0,35.855,34.0,36.0
2008-10,MUN,MG|IPATINGA,glp,15,35.0,32.4,35.0,32.0,35.0
2008-10,MUN,MG|ITABIRA,glp,3,38.0,38.0,38.0,38.0,38.0
2008-10,MUN,MG|ITAJUBA,glp,12,34.5,33.1,35.0,33.0,35.0
2008-10,MUN,MG|ITAUNA,glp,14,33.0,33.0,34.0,33.0,35.0
2008-10,MUN,MG|ITUIUTABA,glp,17,34.0,33.0,35.0,32.0,35.0
2008-10,MUN,MG|ITURAMA,glp,1,35.0,35.0,35.0,35.0,35.0
2008-10,MUN,MG|JANAUBA,glp,2,36.0,36.0,36.0,36.0,36.0
2008-10,MUN,MG|JANUARIA,glp,8,35.0,34.0,36.0,34.0,36.0
2008-10,MUN,MG|JOAO MONLEVADE,glp,7,35.0,34.0,35.4,34.0,36.0
2008-10,MUN,MG|JOAO PINHEIRO,glp,17,38.0,35.0,38.0,35.0,40.0
2008-10,MUN,MG|JUIZ DE FORA,glp,101,36.5,35.0,38.0,34.0,39.0
2008-10,MUN,MG|LAVRAS,glp,10,31.0,28.0,35.0,28.0,35.0
2008-10,MUN,MG|LEOPOLDINA,glp,5,35.0,34.4,35.6,34.0,36.0
2008-10,MUN,MG|MANHUACU,glp,4,33.5,31.53,35.4,30.9,36.0
2008-10,MUN,MG|MARIANA,glp,5,32.0,32.0,35.6,32.0,36.0
2008-10,MUN,MG|MATIAS BARBOSA,glp,1,36.0,36.0,36.0,36.0,36.0
2008-10,MUN,MG|MONTE CARMELO,glp,17,32.0,31.0,33.0,30.0,33.0
2008-10,MUN,MG|MONTES CLAROS,glp,53,36.0,35.0,36.0,34.0,37.0
2008-10,MUN,MG|MURIAE,glp,3,32.0,30.08,34.4,29.6,35.0
2008-10,MUN,MG|NOVA LIMA,glp,9,35.0,35.0,36.4,35.0,38.0
2008-10,MUN,MG|OLIVEIRA,glp,7,35.0,35.0,35.0,35.0,35.0
2008-10,MUN,MG|OURO PRETO,glp,8,36.0,36.0,36.0,36.0,36.0
2008-10,MUN,MG|PARA DE MINAS,glp,10,36.25,33.0,37.5,33.0,37.5
2008-10,MUN,MG|PARACATU,glp,8,38.0,38.0,40.0,38.0,40.0
2008-10,MUN,MG|PASSOS,glp,16,32.0,31.0,32.0,30.0,36.0
2008-10,MUN,MG|PATOS DE MINAS,glp,18,35.0,34.0,35.0,34.0,35.0
2008-10,MUN,MG|PATROCINIO,glp,18,35.5,34.0,36.0,34.0,36.0
2008-10,MUN,MG|POCOS DE CALDAS,glp,16,32.0,32.0,32.0,32.0,32.0
2008-10,MUN,MG|POUSO ALEGRE,glp,19,37.0,37.0,37.0,36.0,37.5
2008-10,MUN,MG|RIBEIRAO DAS NEVES,glp,22,33.25,33.0,34.0,30.0,35.5
2008-10,MUN,MG|SABARA,glp,17,35.0,30.6,36.0,30.0,37.0
2008-10,MUN,MG|SANTA LUZIA,glp,24,35.0,33.0,36.0,33.0,36.0
2008-10,MUN,MG|SANTOS DUMONT,glp,5,35.0,35.0,35.0,35.0,35.0
2008-10,MUN,MG|SAO GOTARDO,glp,1,35.0,35.0,35.0,35.0,35.0
2008-10,MUN,MG|SAO JOAO DEL REI,glp,14,35.0,34.0,36.0,34.0,36.0
2008-10,MUN,MG|SAO LOURENCO,glp,2,36.0,36.0,36.0,36.0,36.0
2008-10,MUN,MG|SAO SEBASTIAO DO PARAISO,glp,11,35.0,33.0,35.0,32.4,36.0
2008-10,MUN,MG|SETE LAGOAS,glp,15,34.0,31.4,36.0,30.0,36.0
2008-10,MUN,MG|TEOFILO OTONI,glp,31,36.0,35.0,36.0,34.0,36.0
2008-10,MUN,MG|TIMOTEO,glp,6,35.0,33.5,35.0,33.0,35.0
2008-10,MUN,MG|TRES CORACOES,glp,8,30.0,30.0,32.6,30.0,34.0
2008-10,MUN,MG|UBA,glp,7,35.0,35.0,35.0,35.0,35.0
2008-10,MUN,MG|UBERABA,glp,52,35.0,35.0,35.0,35.0,35.0
2008-10,MUN,MG|UBERLANDIA,glp,103,34.0,33.0,35.5,31.5,36.0
2008-10,MUN,MG|UNAI,glp,12,39.0,39.0,39.0,39.0,39.0
2008-10,MUN,MG|VARGINHA,glp,18,36.0,34.0,36.0,28.0,36.0
2008-10,MUN,MG|VESPASIANO,glp,10,33.5,33.0,35.1,33.0,36.0
2008-10,MUN,MG|VICOSA,glp,3,35.0,35.0,35.0,35.0,35.0
2008-10,MUN,MS|BATAYPORA,glp,1,38.0,38.0,38.0,38.0,38.0
2008-10,MUN,MS|CAMPO GRANDE,glp,134,34.0,32.0,35.0,31.0,36.0
2008-10,MUN,MS|CORUMBA,glp,7,42.0,42.0,42.0,42.0,42.0
2008-10,MUN,MS|COXIM,glp,9,38.0,37.0,38.0,37.0,38.0
2008-10,MUN,MS|DOURADOS,glp,56,39.25,38.0,40.5,36.5,41.0
2008-10,MUN,MS|NOVA ANDRADINA,glp,15,38.0,35.0,38.0,33.0,40.0
2008-10,MUN,MS|PARANAIBA,glp,18,40.0,39.4,40.0,38.0,40.0
2008-10,MUN,MS|PONTA PORA,glp,4,38.0,37.0,39.0,37.0,39.0
2008-10,MUN,MS|SAO GABRIEL DO OESTE,glp,1,38.0,38.0,38.0,38.0,38.0
2008-10,MUN,MS|TRES LAGOAS,glp,16,37.5,36.5,38.0,36.0,38.0
2008-10,MUN,MT|ALTA FLORESTA,glp,6,40.0,40.0,41.5,40.0,42.0
2008-10,MUN,MT|CACERES,glp,8,38.0,38.0,38.3,38.0,39.0
2008-10,MUN,MT|CUIABA,glp,31,40.0,39.0,41.0,39.0,42.0
2008-10,MUN,MT|RONDONOPOLIS,glp,9,42.0,40.0,42.0,40.0,42.0
2008-10,MUN,MT|SINOP,glp,11,40.0,40.0,42.0,40.0,42.0
2008-10,MUN,MT|SORRISO,glp,7,38.0,38.0,38.4,38.0,39.0
2008-10,MUN,MT|VARZEA GRANDE,glp,10,40.0,40.0,41.1,40.0,42.0
2008-10,MUN,PA|ABAETETUBA,glp,4,34.0,34.0,34.0,34.0,34.0
2008-10,MUN,PA|ALENQUER,glp,2,36.5,36.1,36.9,36.0,37.0
2008-10,MUN,PA|ALTAMIRA,glp,9,39.0,38.0,39.0,38.0,39.0
2008-10,MUN,PA|ANANINDEUA,glp,66,32.0,32.0,33.0,31.5,33.15
2008-10,MUN,PA|BELEM,glp,77,33.0,32.0,33.0,30.0,34.0
2008-10,MUN,PA|BRAGANCA,glp,4,37.0,35.6,37.0,35.0,37.0
2008-10,MUN,PA|BREVES,glp,2,33.25,33.05,33.45,33.0,33.5
2008-10,MUN,PA|CAMETA,glp,3,34.0,32.4,34.0,32.0,34.0
2008-10,MUN,PA|CASTANHAL,glp,7,35.0,35.0,35.0,35.0,35.0
2008-10,MUN,PA|CONCEICAO DO ARAGUAIA,glp,2,37.0,37.0,37.0,37.0,37.0
2008-10,MUN,PA|ITAITUBA,glp,7,40.0,39.6,40.0,39.0,40.0
2008-10,MUN,PA|MARABA,glp,1,38.0,38.0,38.0,38.0,38.0
2008-10,MUN,PA|PARAGOMINAS,glp,3,39.0,39.0,39.0,39.0,39.0
2008-10,MUN,PA|PARAUAPEBAS,glp,3,39.0,39.0,39.0,39.0,39.0
2008-10,MUN,PA|REDENCAO,glp,5,34.0,34.0,34.0,34.0,34.0
2008-10,MUN,PA|SANTAREM,glp,20,35.0,34.0,36.0,33.0,40.0
2008-10,MUN,PA|TUCURUI,glp,4,38.0,38.0,38.0,38.0,38.0
2008-10,MUN,PA|XINGUARA,glp,7,40.0,39.0,40.0,39.0,40.0
2008-10,MUN,PB|BAYEUX,glp,4,33.0,33.0,33.0,33.0,33.0
2008-10,MUN,PB|CABEDELO,glp,3,33.0,33.0,34.6,33.0,35.0
2008-10,MUN,PB|CAMPINA GRANDE,glp,19,35.0,35.0,35.0,33.0,35.0
2008-10,MUN,PB|GUARABIRA,glp,1,35.0,35.0,35.0,35.0,35.0
2008-10,MUN,PB|INGA,glp,1,35.0,35.0,35.0,35.0,35.0
2008-10,MUN,PB|JOAO PESSOA,glp,30,33.0,31.95,35.0,30.0,35.0
2008-10,MUN,PB|MAMANGUAPE,glp,2,34.0,33.2,34.8,33.0,35.0
2008-10,MUN,PB|PATOS,glp,5,35.0,33.8,35.0,33.0,35.0
2008-10,MUN,PB|SANTA RITA,glp,4,33.0,33.0,34.4,33.0,35.0
2008-10,MUN,PB|SAPE,glp,1,35.0,35.0,35.0,35.0,35.0
2008-10,MUN,PB|SOUSA,glp,3,33.0,30.6,33.0,30.0,33.0
2008-10,MUN,PE|ABREU E LIMA,glp,7,35.0,32.6,35.0,32.0,35.0
2008-10,MUN,PE|AFOGADOS DA INGAZEIRA,glp,1,33.0,33.0,33.0,33.0,33.0
2008-10,MUN,PE|AGUAS BELAS,glp,1,36.0,36.0,36.0,36.0,36.0
2008-10,MUN,PE|ARARIPINA,glp,1,33.0,33.0,33.0,33.0,33.0
2008-10,MUN,PE|ARCOVERDE,glp,1,36.0,36.0,36.0,36.0,36.0
2008-10,MUN,PE|BELO JARDIM,glp,4,33.0,33.0,33.0,33.0,33.0
2008-10,MUN,PE|BOM CONSELHO,glp,3,35.0,35.0,35.0,35.0,35.0
2008-10,MUN,PE|CABO DE SANTO AGOSTINHO,glp,5,34.0,31.2,35.0,30.0,35.0
2008-10,MUN,PE|CAMARAGIBE,glp,12,35.0,35.0,35.0,33.0,35.0
2008-10,MUN,PE|CARUARU,glp,7,33.0,32.0,33.0,32.0,33.0
2008-10,MUN,PE|GARANHUNS,glp,4,33.0,33.0,33.0,33.0,33.0
2008-10,MUN,PE|GOIANA,glp,2,30.0,30.0,30.0,30.0,30.0
2008-10,MUN,PE|GRAVATA,glp,4,35.0,32.9,35.0,32.0,35.0
2008-10,MUN,PE|IGARASSU,glp,8,35.0,33.5,35.0,30.0,35.0
2008-10,MUN,PE|JABOATAO DOS GUARARAPES,glp,35,35.0,34.354,35.0,33.99,35.0
2008-10,MUN,PE|JUCATI,glp,1,33.0,33.0,33.0,33.0,33.0
2008-10,MUN,PE|LAJEDO,glp,2,30.0,30.0,30.0,30.0,30.0
2008-10,MUN,PE|MORENO,glp,1,35.0,35.0,35.0,35.0,35.0
2008-10,MUN,PE|OLINDA,glp,23,33.0,32.0,33.0,30.0,35.0
2008-10,MUN,PE|PAULISTA,glp,7,33.0,33.0,34.4,33.0,35.0
2008-10,MUN,PE|PETROLINA,glp,2,35.0,35.0,35.0,35.0,35.0
2008-10,MUN,PE|RECIFE,glp,77,33.0,32.0,35.0,30.0,35.0
2008-10,MUN,PE|SALGUEIRO,glp,2,35.0,35.0,35.0,35.0,35.0
2008-10,MUN,PE|SANTA CRUZ DO CAPIBARIBE,glp,3,38.0,38.0,38.0,38.0,38.0
2008-10,MUN,PE|SAO BENTO DO UNA,glp,2,33.0,33.0,33.0,33.0,33.0
2008-10,MUN,PE|SAO LOURENCO DA MATA,glp,12,35.0,34.036,35.0,33.9,35.0
2008-10,MUN,PE|SERRA TALHADA,glp,5,33.0,33.0,33.0,33.0,33.0
2008-10,MUN,PE|VITORIA DE SANTO ANTAO,glp,10,35.0,34.9,35.0,34.0,35.0
2008-10,MUN,PI|BARRAS,glp,1,32.5,32.5,32.5,32.5,32.5
2008-10,MUN,PI|CAMPO MAIOR,glp,4,37.0,37.0,37.0,37.0,37.0
2008-10,MUN,PI|OEIRAS,glp,3,38.0,38.0,38.0,38.0,38.0
2008-10,MUN,PI|PARNAIBA,glp,1,37.0,37.0,37.0,37.0,37.0
2008-10,MUN,PI|PICOS,glp,2,38.0,38.0,38.0,38.0,38.0
2008-10,MUN,PI|PIRIPIRI,glp,3,37.0,37.0,37.0,37.0,37.0
2008-10,MUN,PI|TERESINA,glp,49,37.0,35.0,37.0,33.0,37.0
2008-10,MUN,PR|ALMIRANTE TAMANDARE,glp,9,30.0,29.0,30.4,29.0,32.0
2008-10,MUN,PR|APUCARANA,glp,20,30.0,27.99,32.1,27.9,34.0
2008-10,MUN,PR|ARAPONGAS,glp,17,33.0,33.0,34.0,32.0,36.0
2008-10,MUN,PR|ARAUCARIA,glp,9,30.0,30.0,30.0,30.0,30.0
2008-10,MUN,PR|ASSIS CHATEAUBRIAND,glp,5,33.0,30.8,33.54,30.0,33.9
2008-10,MUN,PR|CAMBE,glp,43,33.0,32.0,34.0,31.0,35.0
2008-10,MUN,PR|CAMPO LARGO,glp,17,30.0,29.0,30.0,28.0,32.0
2008-10,MUN,PR|CAMPO MOURAO,glp,10,30.0,29.9,34.55,29.0,35.0
2008-10,MUN,PR|CASCAVEL,glp,21,34.0,33.0,34.0,30.0,34.0
2008-10,MUN,PR|CASTRO,glp,14,33.0,32.965,34.0,30.0,35.0
2008-10,MUN,PR|CIANORTE,glp,16,38.0,35.0,38.0,30.0,38.0
2008-10,MUN,PR|COLOMBO,glp,29,31.0,30.0,32.0,29.0,33.0
2008-10,MUN,PR|CORNELIO PROCOPIO,glp,7,35.0,34.6,35.0,34.0,35.0
2008-10,MUN,PR|CURITIBA,glp,136,30.95,30.0,32.0,29.0,33.0
2008-10,MUN,PR|FOZ DO IGUACU,glp,31,39.0,38.0,39.0,38.0,39.0
2008-10,MUN,PR|FRANCISCO BELTRAO,glp,9,35.0,33.0,37.0,33.0,37.0
2008-10,MUN,PR|GUARAPUAVA,glp,11,32.0,32.0,33.0,32.0,34.0
2008-10,MUN,PR|LARANJEIRAS DO SUL,glp,6,37.0,36.0,37.0,36.0,37.0
2008-10,MUN,PR|LONDRINA,glp,105,32.0,31.0,33.0,30.0,34.0
2008-10,MUN,PR|MARECHAL CANDIDO RONDON,glp,11,37.0,37.0,37.0,35.0,37.0
2008-10,MUN,PR|MARINGA,glp,34,32.0,30.93,34.0,29.0,36.0
2008-10,MUN,PR|PARANAGUA,glp,20,35.0,32.9,35.0,32.0,35.0
2008-10,MUN,PR|PARANAVAI,glp,15,35.0,33.0,35.0,33.0,35.0
2008-10,MUN,PR|PATO BRANCO,glp,9,33.5,32.8,34.2,32.0,35.0
2008-10,MUN,PR|PINHAIS,glp,17,30.0,30.0,32.4,28.0,35.0
2008-10,MUN,PR|PIRAI DO SUL,glp,1,33.0,33.0,33.0,33.0,33.0
2008-10,MUN,PR|PONTA GROSSA,glp,66,33.0,30.0,34.0,30.0,34.0
2008-10,MUN,PR|SANTO ANTONIO DA PLATINA,glp,14,33.0,32.3,34.0,32.0,35.0
2008-10,MUN,PR|SAO JOSE DOS PINHAIS,glp,15,31.0,30.0,32.6,30.0,33.9
2008-10,MUN,PR|SARANDI,glp,1,36.0,36.0,36.0,36.0,36.0
2008-10,MUN,PR|TERRA BOA,glp,1,35.0,35.0,35.0,35.0,35.0
2008-10,MUN,PR|TOLEDO,glp,11,36.0,35.0,38.0,35.0,38.0
2008-10,MUN,PR|UMUARAMA,glp,13,32.0,30.0,33.0,30.0,34.0
2008-10,MUN,PR|UNIAO DA VITORIA,glp,3,32.0,31.2,32.64,31.0,32.8
2008-10,MUN,RJ|ANGRA DOS REIS,glp,4,35.45,34.0,36.9,34.0,36.9
2008-10,MUN,RJ|ARARUAMA,glp,5,32.0,31.4,33.6,31.0,34.0
2008-10,MUN,RJ|ARMACAO DOS BUZIOS,glp,1,35.0,35.0,35.0,35.0,35.0
2008-10,MUN,RJ|BARRA DO PIRAI,glp,4,33.0,32.86,34.4,32.8,35.0
2008-10,MUN,RJ|BARRA MANSA,glp,18,36.0,35.0,36.0,35.0,36.0
2008-10,MUN,RJ|BELFORD ROXO,glp,6,30.5,29.995,32.0,29.99,32.0
2008-10,MUN,RJ|CABO FRIO,glp,4,26.5,25.93,27.0,25.9,27.0
2008-10,MUN,RJ|CAMPOS DOS GOYTACAZES,glp,16,33.0,30.0,34.5,29.99,35.0
2008-10,MUN,RJ|DUQUE DE CAXIAS,glp,29,32.5,31.6,34.0,30.0,34.0
2008-10,MUN,RJ|ITABORAI,glp,3,32.0,31.992,32.8,31.99,33.0
2008-10,MUN,RJ|ITAGUAI,glp,4,32.5,32.15,32.85,32.0,33.0
2008-10,MUN,RJ|ITAPERUNA,glp,4,30.0,30.0,30.0,30.0,30.0
2008-10,MUN,RJ|MACAE,glp,2,30.0,30.0,30.0,30.0,30.0
2008-10,MUN,RJ|MAGE,glp,2,31.5,31.1,31.9,31.0,32.0
2008-10,MUN,RJ|MANGARATIBA,glp,3,34.0,33.92,34.0,33.9,34.0
2008-10,MUN,RJ|MARICA,glp,2,31.5,31.1,31.9,31.0,32.0
2008-10,MUN,RJ|NILOPOLIS,glp,5,30.0,28.4,32.0,28.0,32.0
2008-10,MUN,RJ|NITEROI,glp,6,32.0,30.495,33.0,29.99,33.0
2008-10,MUN,RJ|NOVA FRIBURGO,glp,5,34.5,34.0,36.14,34.0,36.9
2008-10,MUN,RJ|NOVA IGUACU,glp,20,32.0,30.0,32.1,29.99,33.0
2008-10,MUN,RJ|PARAIBA DO SUL,glp,2,32.0,32.0,32.0,32.0,32.0
2008-10,MUN,RJ|PARATY,glp,2,34.5,34.1,34.9,34.0,35.0
2008-10,MUN,RJ|PETROPOLIS,glp,4,35.0,33.53,36.33,32.9,36.9
2008-10,MUN,RJ|RESENDE,glp,6,34.5,33.5,35.0,33.0,35.0
2008-10,MUN,RJ|RIO BONITO,glp,2,32.0,31.2,32.8,31.0,33.0
2008-10,MUN,RJ|RIO DE JANEIRO,glp,86,32.0,29.99,34.5,27.99,37.0
2008-10,MUN,RJ|SANTO ANTONIO DE PADUA,glp,1,35.0,35.0,35.0,35.0,35.0
2008-10,MUN,RJ|SAO FRANCISCO DE ITABAPOANA,glp,1,35.0,35.0,35.0,35.0,35.0
2008-10,MUN,RJ|SAO GONCALO,glp,7,33.0,31.196,33.0,29.99,33.0
2008-10,MUN,RJ|SAO JOAO DE MERITI,glp,7,33.0,32.0,34.4,32.0,35.0
2008-10,MUN,RJ|SAPUCAIA,glp,2,33.5,33.1,33.9,33.0,34.0
2008-10,MUN,RJ|SAQUAREMA,glp,3,32.0,31.2,32.8,31.0,33.0
2008-10,MUN,RJ|TERESOPOLIS,glp,3,35.0,33.4,35.0,33.0,35.0
2008-10,MUN,RJ|TRES RIOS,glp,2,32.0,32.0,32.0,32.0,32.0
2008-10,MUN,RJ|VALENCA,glp,6,34.0,33.0,35.0,33.0,35.0
2008-10,MUN,RJ|VASSOURAS,glp,3,34.0,33.2,34.8,33.0,35.0
2008-10,MUN,RJ|VOLTA REDONDA,glp,7,34.0,31.6,36.0,31.0,36.0
2008-10,MUN,RN|CAICO,glp,3,35.0,35.0,35.0,35.0,35.0
2008-10,MUN,RN|CURRAIS NOVOS,glp,6,35.0,35.0,35.0,35.0,35.0
2008-10,MUN,RN|MOSSORO,glp,3,30.0,30.0,31.6,30.0,32.0
2008-10,MUN,RN|NATAL,glp,14,32.0,31.0,32.0,30.0,32.5
2008-10,MUN,RN|PARNAMIRIM,glp,2,30.0,30.0,30.0,30.0,30.0
2008-10,MUN,RN|SAO JOSE DE MIPIBU,glp,2,32.0,32.0,32.0,32.0,32.0
2008-10,MUN,RN|TIMBAUBA DOS BATISTAS,glp,1,35.0,35.0,35.0,35.0,35.0
2008-10,MUN,RO|ARIQUEMES,glp,14,39.0,38.3,39.0,38.0,39.0
2008-10,MUN,RO|CACOAL,glp,8,38.75,38.5,39.0,38.5,39.0
2008-10,MUN,RO|GUAJARA-MIRIM,glp,4,42.0,39.9,42.0,39.0,42.0
2008-10,MUN,RO|JI-PARANA,glp,9,37.5,37.0,38.0,37.0,38.0
2008-10,MUN,RO|PIMENTA BUENO,glp,4,42.0,42.0,42.0,42.0,42.0
2008-10,MUN,RO|PORTO VELHO,glp,110,35.0,34.0,36.0,33.0,36.0
2008-10,MUN,RO|SAO MIGUEL DO GUAPORE,glp,1,42.0,42.0,42.0,42.0,42.0
2008-10,MUN,RO|VILHENA,glp,7,42.0,42.0,42.0,42.0,42.0
2008-10,MUN,RR|BOA VISTA,glp,23,39.0,37.2,39.0,36.0,40.0
2008-10,MUN,RR|MUCAJAI,glp,1,39.0,39.0,39.0,39.0,39.0
2008-10,MUN,RR|RORAINOPOLIS,glp,1,41.0,41.0,41.0,41.0,41.0
2008-10,MUN,RS|ALEGRETE,glp,12,35.0,33.0,35.9,33.0,36.0
2008-10,MUN,RS|ALVORADA,glp,11,33.0,31.0,35.0,29.9,35.0
2008-10,MUN,RS|BAGE,glp,25,32.0,32.0,33.6,32.0,34.0
2008-10,MUN,RS|BENTO GONCALVES,glp,9,38.5,37.4,41.2,35.0,42.0
2008-10,MUN,RS|CACAPAVA DO SUL,glp,6,36.0,34.0,37.0,33.0,37.0
2008-10,MUN,RS|CACHOEIRA DO SUL,glp,15,36.0,35.0,37.0,35.0,37.0
2008-10,MUN,RS|CACHOEIRINHA,glp,14,33.0,32.0,33.35,32.0,34.0
2008-10,MUN,RS|CANOAS,glp,44,36.0,33.0,37.0,30.0,38.0
2008-10,MUN,RS|CAXIAS DO SUL,glp,40,37.0,35.0,38.0,34.0,40.0
2008-10,MUN,RS|CHUI,glp,2,31.0,31.0,31.0,31.0,31.0
2008-10,MUN,RS|CRUZ ALTA,glp,5,33.0,31.4,35.0,31.0,35.0
2008-10,MUN,RS|CRUZEIRO DO SUL,glp,1,34.0,34.0,34.0,34.0,34.0
2008-10,MUN,RS|ERECHIM,glp,20,40.5,39.0,44.0,39.0,44.0
2008-10,MUN,RS|ESTEIO,glp,11,35.0,34.0,36.0,34.0,36.0
2008-10,MUN,RS|FARROUPILHA,glp,1,38.0,38.0,38.0,38.0,38.0
2008-10,MUN,RS|GRAMADO,glp,3,36.0,35.2,36.0,35.0,36.0
2008-10,MUN,RS|GRAVATAI,glp,25,33.0,31.0,34.6,31.0,35.0
2008-10,MUN,RS|GUAIBA,glp,11,35.0,34.0,35.0,34.0,36.0
2008-10,MUN,RS|IJUI,glp,8,35.0,34.7,35.45,34.0,36.5
2008-10,MUN,RS|IMBE,glp,1,37.0,37.0,37.0,37.0,37.0
2008-10,MUN,RS|JAGUARAO,glp,9,32.0,32.0,33.0,32.0,33.0
2008-10,MUN,RS|LAJEADO,glp,5,35.0,34.0,35.6,34.0,36.0
2008-10,MUN,RS|NOVA SANTA RITA,glp,1,35.0,35.0,35.0,35.0,35.0
2008-10,MUN,RS|NOVO HAMBURGO,glp,25,31.0,28.4,34.0,26.0,34.0
2008-10,MUN,RS|OSORIO,glp,8,38.0,36.7,38.0,36.0,38.0
2008-10,MUN,RS|PALMEIRA DAS MISSOES,glp,6,35.0,34.5,36.5,34.0,38.0
2008-10,MUN,RS|PASSO FUNDO,glp,57,38.0,36.0,39.0,35.0,40.0
2008-10,MUN,RS|PELOTAS,glp,38,33.0,31.0,34.0,30.0,34.0
2008-10,MUN,RS|PORTO ALEGRE,glp,47,35.0,33.6,36.0,32.0,37.0
2008-10,MUN,RS|RIO GRANDE,glp,35,33.0,28.0,35.0,27.9,36.0
2008-10,MUN,RS|SANTA CRUZ DO SUL,glp,15,36.5,36.0,36.8,36.0,38.5
2008-10,MUN,RS|SANTA MARIA,glp,37,35.0,33.0,36.0,32.0,38.0
2008-10,MUN,RS|SANTA ROSA,glp,9,35.0,34.0,37.0,34.0,37.0
2008-10,MUN,RS|SANTA VITORIA DO PALMAR,glp,8,34.0,32.0,34.3,32.0,35.0
2008-10,MUN,RS|SANTANA DO LIVRAMENTO,glp,14,34.0,34.0,34.0,34.0,34.5
2008-10,MUN,RS|SANTO ANGELO,glp,11,38.0,37.0,40.0,37.0,40.0
2008-10,MUN,RS|SAO BORJA,glp,3,35.0,35.0,35.0,35.0,35.0
2008-10,MUN,RS|SAO GABRIEL,glp,10,39.0,38.0,39.15,38.0,40.5
2008-10,MUN,RS|SAO LEOPOLDO,glp,17,35.0,34.0,36.0,34.0,36.0
2008-10,MUN,RS|SAO LUIZ GONZAGA,glp,5,40.0,38.8,40.0,38.0,40.0
2008-10,MUN,RS|SAPIRANGA,glp,9,34.0,34.0,35.2,34.0,36.0
2008-10,MUN,RS|SAPUCAIA DO SUL,glp,27,34.0,34.0,34.0,32.0,36.0
2008-10,MUN,RS|TORRES,glp,5,38.0,37.4,38.0,37.0,38.0
2008-10,MUN,RS|TRAMANDAI,glp,6,35.0,35.0,37.5,35.0,38.0
2008-10,MUN,RS|URUGUAIANA,glp,11,37.0,35.0,37.0,32.0,37.0
2008-10,MUN,RS|VACARIA,glp,7,35.01,35.0,36.04,35.0,36.1
2008-10,MUN,RS|VIAMAO,glp,18,36.95,35.0,37.3,34.0,38.0
2008-10,MUN,SC|ARARANGUA,glp,4,35.5,35.0,37.4,35.0,38.0
2008-10,MUN,SC|BALNEARIO CAMBORIU,glp,1,37.0,37.0,37.0,37.0,37.0
2008-10,MUN,SC|BIGUACU,glp,1,36.0,36.0,36.0,36.0,36.0
2008-10,MUN,SC|BLUMENAU,glp,37,38.95,36.96,40.0,35.0,42.0
2008-10,MUN,SC|BOMBINHAS,glp,1,33.0,33.0,33.0,33.0,33.0
2008-10,MUN,SC|BRUSQUE,glp,4,34.5,34.0,37.03,34.0,37.9
2008-10,MUN,SC|CACADOR,glp,3,38.0,36.4,38.0,36.0,38.0
2008-10,MUN,SC|CHAPECO,glp,22,36.0,35.0,37.0,34.98,38.0
2008-10,MUN,SC|CONCORDIA,glp,7,38.0,36.6,39.4,36.0,40.0
2008-10,MUN,SC|CRICIUMA,glp,9,35.0,33.72,39.36,33.0,40.0
2008-10,MUN,SC|FLORIANOPOLIS,glp,40,37.25,35.0,40.0,32.0,42.0
2008-10,MUN,SC|ITAJAI,glp,28,35.0,33.0,37.225,30.0,39.99
2008-10,MUN,SC|JARAGUA DO SUL,glp,4,36.0,35.3,36.35,35.0,36.5
2008-10,MUN,SC|JOINVILLE,glp,104,38.0,37.0,39.0,34.0,42.5
2008-10,MUN,SC|LAGES,glp,6,35.0,35.0,37.0,35.0,37.0
2008-10,MUN,SC|LAGUNA,glp,4,34.0,34.0,34.7,34.0,35.0
2008-10,MUN,SC|MAFRA,glp,4,32.95,32.27,33.0,32.0,33.0
2008-10,MUN,SC|PALHOCA,glp,16,36.0,33.0,37.75,32.0,40.0
2008-10,MUN,SC|SAO JOSE,glp,14,36.0,35.3,37.0,35.0,39.0
2008-10,MUN,SC|SAO MIGUEL DO OESTE,glp,6,33.0,32.0,34.945,32.0,36.89
2008-10,MUN,SC|TIJUCAS,glp,1,36.0,36.0,36.0,36.0,36.0
2008-10,MUN,SC|TUBARAO,glp,11,35.0,35.0,35.0,35.0,36.0
2008-10,MUN,SC|VIDEIRA,glp,5,35.0,35.0,35.0,35.0,35.0
2008-10,MUN,SC|XANXERE,glp,9,38.0,36.8,38.0,36.0,38.0
2008-10,MUN,SE|ARACAJU,glp,17,33.0,30.0,33.0,30.0,34.0
2008-10,MUN,SE|ITABAIANA,glp,4,33.5,30.9,34.0,30.0,34.0
2008-10,MUN,SE|ITABAIANINHA,glp,1,33.0,33.0,33.0,33.0,33.0
2008-10,MUN,SE|LAGARTO,glp,4,32.0,30.6,32.0,30.0,32.0
2008-10,MUN,SE|NOSSA SENHORA DO SOCORRO,glp,4,33.0,32.3,33.7,32.0,34.0
2008-10,MUN,SE|SIMAO DIAS,glp,1,30.0,30.0,30.0,30.0,30.0
2008-10,MUN,SE|TOBIAS BARRETO,glp,3,34.0,34.0,34.0,34.0,34.0
2008-10,MUN,SP|ADAMANTINA,glp,10,33.0,33.0,33.0,33.0,33.0
2008-10,MUN,SP|AMERICANA,glp,29,35.0,33.998,36.0,33.0,36.0
2008-10,MUN,SP|AMPARO,glp,4,30.5,30.0,31.7,30.0,32.0
2008-10,MUN,SP|APIAI,glp,2,37.0,37.0,37.0,37.0,37.0
2008-10,MUN,SP|ARACATUBA,glp,32,35.0,33.2,35.0,33.0,35.0
2008-10,MUN,SP|ARARAQUARA,glp,14,31.5,30.0,33.0,30.0,33.0
2008-10,MUN,SP|ARARAS,glp,2,32.475,32.095,32.855,32.0,32.95
2008-10,MUN,SP|ASSIS,glp,8,32.0,32.0,32.0,32.0,32.0
2008-10,MUN,SP|ATIBAIA,glp,21,32.0,30.0,34.0,28.0,34.0
2008-10,MUN,SP|AVARE,glp,7,37.0,34.8,38.0,33.0,38.0
2008-10,MUN,SP|BARRETOS,glp,13,30.0,29.2,31.8,28.9,32.0
2008-10,MUN,SP|BARUERI,glp,16,32.0,29.0,33.5,29.0,34.0
2008-10,MUN,SP|BAURU,glp,25,34.0,32.0,36.0,31.0,37.0
2008-10,MUN,SP|BEBEDOURO,glp,9,34.0,34.0,35.0,34.0,35.0
2008-10,MUN,SP|BIRIGUI,glp,22,32.0,30.0,33.0,30.0,33.0
2008-10,MUN,SP|BORACEIA,glp,1,36.0,36.0,36.0,36.0,36.0
2008-10,MUN,SP|BOTUCATU,glp,16,33.5,32.5,34.0,32.0,34.0
2008-10,MUN,SP|BRAGANCA PAULISTA,glp,25,30.0,27.39,32.0,25.99,33.0
2008-10,MUN,SP|CACAPAVA,glp,13,31.0,30.0,32.8,30.0,33.0
2008-10,MUN,SP|CAMPINAS,glp,51,32.0,29.99,33.9,28.0,35.0
2008-10,MUN,SP|CAMPOS DO JORDAO,glp,10,30.99,29.999,33.1,29.99,34.0
2008-10,MUN,SP|CAPAO BONITO,glp,4,37.0,36.3,37.0,36.0,37.0
2008-10,MUN,SP|CARAGUATATUBA,glp,7,34.0,34.0,34.396,34.0,34.99
2008-10,MUN,SP|CARAPICUIBA,glp,16,32.0,27.99,33.99,27.99,34.0
2008-10,MUN,SP|CATANDUVA,glp,16,31.5,30.0,32.5,30.0,33.0
2008-10,MUN,SP|COSMOPOLIS,glp,5,35.0,34.4,35.996,34.0,36.0
2008-10,MUN,SP|COTIA,glp,11,32.0,30.0,33.0,28.0,33.0
2008-10,MUN,SP|CRUZEIRO,glp,12,30.0,30.0,32.0,28.0,32.0
2008-10,MUN,SP|CUBATAO,glp,3,31.5,31.1,31.9,31.0,32.0
2008-10,MUN,SP|DIADEMA,glp,19,31.0,28.99,33.0,27.0,33.5
2008-10,MUN,SP|DRACENA,glp,9,36.0,34.8,36.0,34.0,36.0
2008-10,MUN,SP|EMBU DAS ARTES,glp,4,32.9,32.27,32.9,32.0,32.9
2008-10,MUN,SP|FERRAZ DE VASCONCELOS,glp,9,31.0,31.0,32.0,31.0,32.0
2008-10,MUN,SP|FRANCA,glp,22,33.0,32.0,34.0,32.0,34.0
2008-10,MUN,SP|FRANCISCO MORATO,glp,15,33.0,30.0,33.0,30.0,33.0
2008-10,MUN,SP|FRANCO DA ROCHA,glp,5,32.5,30.0,33.0,30.0,33.0
2008-10,MUN,SP|GARCA,glp,8,33.0,33.0,33.0,33.0,33.0
2008-10,MUN,SP|GUARATINGUETA,glp,12,30.0,28.1,32.9,28.0,33.0
2008-10,MUN,SP|GUARUJA,glp,5,36.0,35.94,37.0,35.9,37.0
2008-10,MUN,SP|GUARULHOS,glp,61,31.0,30.0,33.0,28.99,34.9
2008-10,MUN,SP|HORTOLANDIA,glp,21,30.0,30.0,34.0,30.0,34.0
2008-10,MUN,SP|IBITINGA,glp,7,30.0,30.0,31.0,30.0,31.0
2008-10,MUN,SP|INDAIATUBA,glp,35,35.0,34.0,35.0,33.0,35.0
2008-10,MUN,SP|ITANHAEM,glp,11,35.0,32.0,35.0,32.0,35.0
2008-10,MUN,SP|ITAPECERICA DA SERRA,glp,6,31.995,30.5,32.0,30.0,32.0
2008-10,MUN,SP|ITAPETININGA,glp,16,33.0,30.5,34.0,29.0,35.0
2008-10,MUN,SP|ITAPEVA,glp,5,36.0,36.0,36.0,36.0,36.0
2008-10,MUN,SP|ITAPEVI,glp,5,32.0,28.794,32.6,27.99,33.0
2008-10,MUN,SP|ITAPIRA,glp,4,33.0,33.0,33.0,33.0,33.0
2008-10,MUN,SP|ITAPOLIS,glp,15,31.0,30.0,32.0,30.0,32.0
2008-10,MUN,SP|ITAQUAQUECETUBA,glp,12,34.0,32.0,35.0,31.8,35.0
2008-10,MUN,SP|ITATIBA,glp,11,32.0,32.0,33.0,32.0,35.0
2008-10,MUN,SP|ITU,glp,11,31.0,30.0,33.0,29.0,33.0
2008-10,MUN,SP|JABOTICABAL,glp,12,32.5,32.0,33.0,32.0,34.0
2008-10,MUN,SP|JACAREI,glp,9,29.99,27.99,32.0,27.99,32.0
2008-10,MUN,SP|JALES,glp,6,34.45,33.5,35.0,33.0,35.0
2008-10,MUN,SP|JANDIRA,glp,8,30.5,28.7,31.3,28.0,32.0
2008-10,MUN,SP|JAU,glp,8,30.0,30.0,30.6,30.0,32.0
2008-10,MUN,SP|JOSE BONIFACIO,glp,13,32.0,32.0,32.0,32.0,33.0
2008-10,MUN,SP|JUNDIAI,glp,17,32.0,29.0,32.994,29.0,33.0
2008-10,MUN,SP|LEME,glp,16,32.0,30.0,32.5,30.0,34.0
2008-10,MUN,SP|LIMEIRA,glp,16,33.0,30.5,35.0,30.0,35.0
2008-10,MUN,SP|LINS,glp,18,32.0,30.0,32.9,30.0,36.0
2008-10,MUN,SP|LORENA,glp,11,30.0,28.0,30.0,26.0,30.0
2008-10,MUN,SP|MARILIA,glp,13,30.0,30.0,30.0,30.0,32.0
2008-10,MUN,SP|MATAO,glp,8,32.5,32.0,33.0,32.0,33.0
2008-10,MUN,SP|MAUA,glp,22,33.0,31.05,34.9,30.0,35.0
2008-10,MUN,SP|MIRASSOL,glp,9,30.0,30.0,32.0,30.0,32.0
2008-10,MUN,SP|MOCOCA,glp,12,34.5,34.0,35.0,33.0,35.0
2008-10,MUN,SP|MOGI DAS CRUZES,glp,35,34.0,32.0,35.0,32.0,37.0
2008-10,MUN,SP|MOGI GUACU,glp,12,30.0,28.0,30.0,25.99,30.0
2008-10,MUN,SP|MOGI MIRIM,glp,9,30.0,29.8,30.0,29.0,30.0
2008-10,MUN,SP|MONTE ALTO,glp,7,33.0,32.6,34.0,32.0,34.0
2008-10,MUN,SP|OLIMPIA,glp,8,30.0,30.0,31.3,30.0,32.0
2008-10,MUN,SP|OSASCO,glp,45,32.0,28.99,33.594,28.99,34.0
2008-10,MUN,SP|OURINHOS,glp,15,33.0,32.4,34.6,28.9,35.0
2008-10,MUN,SP|PARAGUACU PAULISTA,glp,10,32.0,32.0,32.05,32.0,32.5
2008-10,MUN,SP|PAULICEIA,glp,1,33.0,33.0,33.0,33.0,33.0
2008-10,MUN,SP|PAULINIA,glp,13,30.0,27.19,32.0,26.0,32.0
2008-10,MUN,SP|PINDAMONHANGABA,glp,17,33.0,28.0,33.0,28.0,33.0
2008-10,MUN,SP|PIRACICABA,glp,33,30.0,30.0,33.8,29.99,35.0
2008-10,MUN,SP|PIRASSUNUNGA,glp,7,32.0,31.5,33.0,31.5,33.0
2008-10,MUN,SP|PITANGUEIRAS,glp,1,33.0,33.0,33.0,33.0,33.0
2008-10,MUN,SP|POA,glp,8,33.0,31.0,34.0,31.0,34.0
2008-10,MUN,SP|PORTO FERREIRA,glp,6,33.0,32.0,33.5,32.0,34.0
2008-10,MUN,SP|PRAIA GRANDE,glp,9,35.0,32.7,35.2,31.5,36.0
2008-10,MUN,SP|PRESIDENTE PRUDENTE,glp,37,35.0,32.0,36.0,31.0,37.0
2008-10,MUN,SP|PRESIDENTE VENCESLAU,glp,9,33.0,30.0,34.0,30.0,34.0
2008-10,MUN,SP|RIBEIRAO PIRES,glp,12,33.0,30.2,33.0,29.99,34.0
2008-10,MUN,SP|RIBEIRAO PRETO,glp,74,34.0,32.0,35.97,30.0,36.0
2008-10,MUN,SP|RIO CLARO,glp,7,30.0,28.0,30.8,28.0,32.0
2008-10,MUN,SP|SALTO,glp,17,32.0,31.6,33.0,29.0,34.0
2008-10,MUN,SP|SANTA BARBARA D'OESTE,glp,20,35.0,35.0,37.0,33.0,37.0
2008-10,MUN,SP|SANTA CRUZ DO RIO PARDO,glp,9,33.0,32.8,33.6,32.0,34.0
2008-10,MUN,SP|SANTO ANDRE,glp,38,33.0,29.99,36.15,29.99,36.5
2008-10,MUN,SP|SANTOS,glp,10,32.0,30.449,34.55,29.99,39.5
2008-10,MUN,SP|SAO BERNARDO DO CAMPO,glp,36,33.25,30.5,35.0,29.99,35.0
2008-10,MUN,SP|SAO CAETANO DO SUL,glp,4,32.0,30.293,34.33,29.99,34.9
2008-10,MUN,SP|SAO CARLOS,glp,17,33.0,32.0,33.0,32.0,33.0
2008-10,MUN,SP|SAO JOAO DA BOA VISTA,glp,8,33.0,32.0,33.0,32.0,33.0
2008-10,MUN,SP|SAO JOAQUIM DA BARRA,glp,9,32.0,31.98,32.0,31.9,32.0
2008-10,MUN,SP|SAO JOSE DO RIO PRETO,glp,60,33.0,31.45,34.0,30.0,35.0
2008-10,MUN,SP|SAO JOSE DOS CAMPOS,glp,76,30.5,29.99,34.0,27.9,36.0
2008-10,MUN,SP|SAO PAULO,glp,216,30.0,28.99,34.0,27.99,38.0
2008-10,MUN,SP|SAO ROQUE,glp,7,31.0,30.6,31.36,30.0,31.9
2008-10,MUN,SP|SAO VICENTE,glp,18,30.0,28.697,32.0,27.99,35.0
2008-10,MUN,SP|SERTAOZINHO,glp,22,32.0,32.0,33.0,31.0,35.0
2008-10,MUN,SP|SOROCABA,glp,30,31.0,30.0,32.09,29.9,34.0
2008-10,MUN,SP|SUMARE,glp,21,32.0,30.0,34.0,30.0,34.0
2008-10,MUN,SP|SUZANO,glp,20,32.0,30.6,33.1,26.99,34.0
2008-10,MUN,SP|TABOAO DA SERRA,glp,6,30.495,28.99,32.5,28.99,33.0
2008-10,MUN,SP|TATUI,glp,6,33.0,29.5,33.5,28.0,34.0
2008-10,MUN,SP|TAUBATE,glp,36,30.0,27.5,30.0,26.0,32.0
2008-10,MUN,SP|TUPA,glp,5,32.0,28.9,34.2,28.9,35.0
2008-10,MUN,SP|UBATUBA,glp,10,30.0,29.71,33.1,28.0,34.0
2008-10,MUN,SP|VALINHOS,glp,8,33.5,32.693,34.0,32.0,34.0
2008-10,MUN,SP|VARZEA PAULISTA,glp,10,30.0,28.0,30.2,28.0,32.0
2008-10,MUN,SP|VINHEDO,glp,5,34.0,32.39,34.6,31.99,35.0
2008-10,MUN,SP|VOTORANTIM,glp,18,30.0,28.0,30.3,27.99,32.0
2008-10,MUN,SP|VOTUPORANGA,glp,15,30.0,30.0,32.0,30.0,33.0
2008-10,MUN,TO|ARAGUAINA,glp,12,40.0,38.2,40.0,38.0,40.0
2008-10,MUN,TO|COMBINADO,glp,1,37.0,37.0,37.0,37.0,37.0
2008-10,MUN,TO|DIANOPOLIS,glp,6,36.5,36.0,37.0,36.0,37.0
2008-10,MUN,TO|GURUPI,glp,57,35.0,35.0,36.0,35.0,36.0
2008-10,MUN,TO|PALMAS,glp,29,37.5,35.8,39.2,35.0,40.0
2008-10,MUN,TO|PARAISO DO TOCANTINS,glp,13,37.0,37.0,37.0,37.0,37.0
2008-10,MUN,TO|PORTO NACIONAL,glp,9,37.0,36.0,37.0,36.0,37.0
2008-10,MUN,TO|TAGUATINGA,glp,1,37.0,37.0,37.0,37.0,37.0
2008-10,UF,AC,glp,94,38.65,38.0,40.0,37.0,47.0
2008-10,UF,AL,glp,31,32.0,31.0,33.0,30.0,33.0
2008-10,UF,AM,glp,322,28.0,27.0,31.0,25.5,38.0
2008-10,UF,AP,glp,23,36.0,36.0,39.4,34.0,47.0
2008-10,UF,BA,glp,318,33.0,30.0,35.15,28.0,38.0
2008-10,UF,CE,glp,208,35.0,33.0,37.0,30.0,39.0
2008-10,UF,DF,glp,128,38.0,35.0,39.0,33.0,40.02
2008-10,UF,ES,glp,130,34.0,32.0,35.0,30.0,36.0
2008-10,UF,GO,glp,887,32.0,31.0,36.0,29.99,39.0
2008-10,UF,MA,glp,118,36.5,33.5,40.0,32.5,40.0
2008-10,UF,MG,glp,1209,35.0,33.0,36.5,28.0,40.0
2008-10,UF,MS,glp,261,35.5,33.0,40.0,31.0,42.0
2008-10,UF,MT,glp,82,40.0,38.0,42.0,38.0,42.0
2008-10,UF,PA,glp,226,33.0,32.0,39.0,30.0,40.0
2008-10,UF,PB,glp,73,33.0,33.0,35.0,30.0,35.0
2008-10,UF,PE,glp,242,33.0,32.0,35.0,30.0,38.0
2008-10,UF,PI,glp,63,37.0,35.0,37.0,32.5,38.0
2008-10,UF,PR,glp,746,32.0,30.0,35.0,27.9,39.0
2008-10,UF,RJ,glp,287,32.0,30.0,35.0,25.9,37.0
2008-10,UF,RN,glp,31,32.0,30.0,35.0,30.0,35.0
2008-10,UF,RO,glp,157,35.0,34.0,39.0,33.0,42.0
2008-10,UF,RR,glp,25,39.0,37.4,39.6,36.0,41.0
2008-10,UF,RS,glp,707,35.0,32.0,38.0,26.0,44.0
2008-10,UF,SC,glp,341,37.0,34.98,39.0,30.0,42.5
2008-10,UF,SE,glp,34,33.0,30.0,34.0,30.0,34.0
2008-10,UF,SP,glp,2062,32.0,29.99,35.0,25.99,39.5
2008-10,UF,TO,glp,128,36.0,35.0,39.3,35.0,40.0
2008-11,BR,BR,glp,8857,33.5,30.0,38.0,24.99,47.0
2008-11,MUN,AC|BUJARI,glp,1,39.0,39.0,39.0,39.0,39.0
2008-11,MUN,AC|CRUZEIRO DO SUL,glp,1,47.0,47.0,47.0,47.0,47.0
2008-11,MUN,AC|RIO BRANCO,glp,83,38.5,38.0,39.5,37.5,40.5
2008-11,MUN,AC|SENA MADUREIRA,glp,3,41.0,41.0,41.0,41.0,41.0
2008-11,MUN,AC|SENADOR GUIOMARD,glp,2,37.25,35.05,39.45,34.5,40.0
2008-11,MUN,AC|TARAUACA,glp,2,45.0,45.0,45.0,45.0,45.0
2008-11,MUN,AC|XAPURI,glp,3,41.0,40.2,41.8,40.0,42.0
2008-11,MUN,AL|ARAPIRACA,glp,4,33.0,33.0,33.0,33.0,33.0
2008-11,MUN,AL|DELMIRO GOUVEIA,glp,1,32.0,32.0,32.0,32.0,32.0
2008-11,MUN,AL|IGACI,glp,1,32.0,32.0,32.0,32.0,32.0
2008-11,MUN,AL|MACEIO,glp,14,32.0,31.3,32.7,31.0,33.0
2008-11,MUN,AL|MARECHAL DEODORO,glp,1,32.0,32.0,32.0,32.0,32.0
2008-11,MUN,AL|PALMEIRA DOS INDIOS,glp,5,32.0,30.4,32.8,30.0,33.0
2008-11,MUN,AL|RIO LARGO,glp,3,32.0,32.0,32.0,32.0,32.0
2008-11,MUN,AL|SANTANA DO IPANEMA,glp,2,32.0,32.0,32.0,32.0,32.0
2008-11,MUN,AM|HUMAITA,glp,2,36.0,34.4,37.6,34.0,38.0
2008-11,MUN,AM|ITACOATIARA,glp,5,32.0,32.0,35.0,32.0,35.0
2008-11,MUN,AM|MANACAPURU,glp,2,30.0,30.0,30.0,30.0,30.0
2008-11,MUN,AM|MANAUS,glp,306,28.0,27.0,30.0,25.5,34.0
2008-11,MUN,AM|PARINTINS,glp,2,30.75,28.55,32.95,28.0,33.5
2008-11,MUN,AM|PRESIDENTE FIGUEIREDO,glp,1,34.0,34.0,34.0,34.0,34.0
2008-11,MUN,AP|CALCOENE,glp,1,40.0,40.0,40.0,40.0,40.0
2008-11,MUN,AP|LARANJAL DO JARI,glp,1,40.0,40.0,40.0,40.0,40.0
2008-11,MUN,AP|MACAPA,glp,16,37.0,36.25,37.0,34.0,37.0
2008-11,MUN,AP|OIAPOQUE,glp,2,47.0,47.0,47.0,47.0,47.0
2008-11,MUN,AP|SANTANA,glp,4,37.0,37.0,37.7,37.0,38.0
2008-11,MUN,BA|ALAGOINHAS,glp,4,35.0,35.0,35.0,35.0,35.0
2008-11,MUN,BA|BARRA,glp,3,35.0,35.0,35.0,35.0,35.0
2008-11,MUN,BA|BARREIRAS,glp,10,36.0,36.0,36.0,36.0,36.0
2008-11,MUN,BA|BRUMADO,glp,6,34.0,34.0,34.0,34.0,34.0
2008-11,MUN,BA|CAETITE,glp,6,32.0,32.0,32.0,32.0,32.0
2008-11,MUN,BA|CAMACARI,glp,8,38.25,37.1,38.5,35.0,38.5
2008-11,MUN,BA|CAMPO FORMOSO,glp,3,35.0,35.0,35.0,35.0,35.0
2008-11,MUN,BA|CANDEIAS,glp,5,33.0,30.8,33.0,30.0,33.0
2008-11,MUN,BA|CAPIM GROSSO,glp,1,35.0,35.0,35.0,35.0,35.0
2008-11,MUN,BA|EUNAPOLIS,glp,6,35.0,34.75,35.0,34.5,35.0
2008-11,MUN,BA|FEIRA DE SANTANA,glp,8,35.0,33.2,35.5,29.0,35.5
2008-11,MUN,BA|GUANAMBI,glp,12,30.0,30.0,30.0,30.0,31.0
2008-11,MUN,BA|ILHEUS,glp,9,36.0,36.0,36.0,36.0,36.0
2008-11,MUN,BA|IPIRA,glp,5,35.0,35.0,35.0,35.0,35.0
2008-11,MUN,BA|IRECE,glp,5,35.0,35.0,35.0,35.0,35.0
2008-11,MUN,BA|ITABUNA,glp,8,35.0,35.0,35.0,35.0,35.0
2008-11,MUN,BA|ITAMARAJU,glp,3,33.0,33.0,33.0,33.0,33.0
2008-11,MUN,BA|JACOBINA,glp,5,38.0,37.4,38.0,37.0,38.0
2008-11,MUN,BA|JAGUAQUARA,glp,9,33.0,32.7,33.4,31.5,35.0
2008-11,MUN,BA|JEQUIE,glp,4,30.75,30.0,32.55,30.0,33.0
2008-11,MUN,BA|JUAZEIRO,glp,3,33.0,33.0,34.2,33.0,34.5
2008-11,MUN,BA|LAURO DE FREITAS,glp,11,32.0,28.495,34.99,28.0,35.0
2008-11,MUN,BA|LIVRAMENTO DE NOSSA SENHORA,glp,1,30.0,30.0,30.0,30.0,30.0
2008-11,MUN,BA|PAULO AFONSO,glp,5,33.0,33.0,33.6,33.0,34.0
2008-11,MUN,BA|POCOES,glp,3,34.0,30.8,34.0,30.0,34.0
2008-11,MUN,BA|PORTO SEGURO,glp,9,35.0,35.0,35.0,35.0,35.0
2008-11,MUN,BA|RUY BARBOSA,glp,3,33.0,33.0,33.0,33.0,33.0
2008-11,MUN,BA|SALVADOR,glp,129,32.0,30.0,33.96,28.0,35.0
2008-11,MUN,BA|SANTO ANTONIO DE JESUS,glp,7,32.0,31.6,33.0,31.0,33.0
2008-11,MUN,BA|SENHOR DO BONFIM,glp,4,38.0,36.95,38.0,36.5,38.0
2008-11,MUN,BA|SERRINHA,glp,3,35.0,35.0,35.0,35.0,35.0
2008-11,MUN,BA|SIMOES FILHO,glp,6,33.0,32.0,35.0,31.0,35.0
2008-11,MUN,BA|TEIXEIRA DE FREITAS,glp,5,35.0,35.0,35.0,35.0,35.0
2008-11,MUN,BA|URANDI,glp,1,31.0,31.0,31.0,31.0,31.0
2008-11,MUN,BA|VALENCA,glp,4,33.0,33.0,34.4,33.0,35.0
2008-11,MUN,BA|VITORIA DA CONQUISTA,glp,2,33.25,32.65,33.85,32.5,34.0
2008-11,MUN,CE|ARACOIABA,glp,1,36.0,36.0,36.0,36.0,36.0
2008-11,MUN,CE|BEBERIBE,glp,1,34.0,34.0,34.0,34.0,34.0
2008-11,MUN,CE|CANINDE,glp,2,32.5,32.1,32.9,32.0,33.0
2008-11,MUN,CE|CAUCAIA,glp,35,37.0,35.6,37.0,35.0,37.0
2008-11,MUN,CE|CRATEUS,glp,3,32.0,32.0,32.4,32.0,32.5
2008-11,MUN,CE|CRATO,glp,7,33.0,30.6,33.2,30.0,33.5
2008-11,MUN,CE|FORTALEZA,glp,119,37.0,36.0,38.0,33.0,39.0
2008-11,MUN,CE|ICO,glp,3,32.0,32.0,32.0,32.0,32.0
2008-11,MUN,CE|IGUATU,glp,4,33.75,33.15,34.0,33.0,34.0
2008-11,MUN,CE|IPU,glp,3,34.0,32.4,34.0,32.0,34.0
2008-11,MUN,CE|ITAPIPOCA,glp,3,31.0,31.0,32.6,31.0,33.0
2008-11,MUN,CE|JUAZEIRO DO NORTE,glp,6,31.5,31.0,33.0,31.0,33.0
2008-11,MUN,CE|LIMOEIRO DO NORTE,glp,2,36.0,36.0,36.0,36.0,36.0
2008-11,MUN,CE|MARACANAU,glp,6,35.75,32.5,37.0,32.0,37.0
2008-11,MUN,CE|MORADA NOVA,glp,4,33.5,33.0,34.0,33.0,34.0
2008-11,MUN,CE|PEDRA BRANCA,glp,2,33.0,32.2,33.8,32.0,34.0
2008-11,MUN,CE|QUIXADA,glp,5,33.0,32.0,34.0,32.0,34.0
2008-11,MUN,CE|SAO GONCALO DO AMARANTE,glp,1,33.0,33.0,33.0,33.0,33.0
2008-11,MUN,CE|SOBRAL,glp,3,33.0,33.0,33.0,33.0,33.0
2008-11,MUN,DF|BRASILIA,glp,128,38.0,35.0,39.0,32.0,40.02
2008-11,MUN,ES|ARACRUZ,glp,5,33.0,31.0,35.0,30.0,35.0
2008-11,MUN,ES|BARRA DE SAO FRANCISCO,glp,6,32.0,32.0,35.0,32.0,35.0
2008-11,MUN,ES|CACHOEIRO DE ITAPEMIRIM,glp,12,32.95,30.1,33.0,29.9,35.0
2008-11,MUN,ES|CARIACICA,glp,16,34.0,32.495,35.0,30.5,35.0
2008-11,MUN,ES|CASTELO,glp,2,32.5,32.1,32.9,32.0,33.0
2008-11,MUN,ES|COLATINA,glp,6,32.0,32.0,34.0,32.0,35.0
2008-11,MUN,ES|GUARAPARI,glp,6,34.25,33.75,35.5,33.5,36.0
2008-11,MUN,ES|ITAPEMIRIM,glp,1,34.0,34.0,34.0,34.0,34.0
2008-11,MUN,ES|JAGUARE,glp,3,34.0,34.0,34.72,34.0,34.9
2008-11,MUN,ES|LINHARES,glp,11,35.0,35.0,35.0,33.0,35.0
2008-11,MUN,ES|NOVA VENECIA,glp,1,32.0,32.0,32.0,32.0,32.0
2008-11,MUN,ES|PIUMA,glp,1,34.0,34.0,34.0,34.0,34.0
2008-11,MUN,ES|SAO MATEUS,glp,8,34.0,34.0,34.3,34.0,35.0
2008-11,MUN,ES|SERRA,glp,34,34.0,32.0,35.0,32.0,35.0
2008-11,MUN,ES|VILA VELHA,glp,13,34.0,32.1,34.0,32.0,34.5
2008-11,MUN,ES|VITORIA,glp,2,36.0,36.0,36.0,36.0,36.0
2008-11,MUN,GO|AGUAS LINDAS DE GOIAS,glp,7,34.0,33.3,34.7,33.0,35.0
2008-11,MUN,GO|ANAPOLIS,glp,102,32.0,30.1,33.0,30.0,34.0
2008-11,MUN,GO|APARECIDA DE GOIANIA,glp,106,32.0,32.0,33.0,31.0,33.0
2008-11,MUN,GO|BELA VISTA DE GOIAS,glp,1,32.0,32.0,32.0,32.0,32.0
2008-11,MUN,GO|CALDAS NOVAS,glp,38,35.0,33.85,35.0,32.5,38.0
2008-11,MUN,GO|CATALAO,glp,14,30.0,30.0,30.0,30.0,30.0
2008-11,MUN,GO|FORMOSA,glp,36,37.0,37.0,37.0,37.0,37.0
2008-11,MUN,GO|GOIANIA,glp,298,32.0,31.0,32.0,30.0,33.0
2008-11,MUN,GO|GOIATUBA,glp,11,34.0,32.0,34.0,32.0,34.0
2008-11,MUN,GO|ITUMBIARA,glp,18,33.0,33.0,33.0,33.0,33.0
2008-11,MUN,GO|JATAI,glp,24,35.0,34.15,36.0,32.0,37.0
2008-11,MUN,GO|LUZIANIA,glp,60,33.0,32.0,34.0,31.5,34.0
2008-11,MUN,GO|MINEIROS,glp,18,37.0,36.5,37.0,36.0,38.0
2008-11,MUN,GO|MORRINHOS,glp,22,34.0,33.0,34.9,32.5,39.0
2008-11,MUN,GO|PLANALTINA,glp,22,38.0,38.0,38.9,35.0,39.0
2008-11,MUN,GO|PONTALINA,glp,1,34.0,34.0,34.0,34.0,34.0
2008-11,MUN,GO|PORANGATU,glp,14,33.0,31.646,35.0,30.995,36.0
2008-11,MUN,GO|RIO VERDE,glp,32,38.0,38.0,38.0,38.0,38.0
2008-11,MUN,GO|SANTO ANTONIO DE GOIAS,glp,1,32.0,32.0,32.0,32.0,32.0
2008-11,MUN,GO|TRINDADE,glp,43,31.0,30.5,32.0,30.0,32.0
2008-11,MUN,GO|VALPARAISO DE GOIAS,glp,11,30.0,30.0,32.0,30.0,33.5
2008-11,MUN,MA|ACAILANDIA,glp,2,40.0,40.0,40.0,40.0,40.0
2008-11,MUN,MA|BACABAL,glp,2,37.0,36.6,37.4,36.5,37.5
2008-11,MUN,MA|BALSAS,glp,3,40.0,40.0,40.0,40.0,40.0
2008-11,MUN,MA|BARRA DO CORDA,glp,2,40.0,40.0,40.0,40.0,40.0
2008-11,MUN,MA|CAROLINA,glp,3,40.0,40.0,40.0,40.0,40.0
2008-11,MUN,MA|CAXIAS,glp,1,38.0,38.0,38.0,38.0,38.0
2008-11,MUN,MA|CODO,glp,2,37.5,37.5,37.5,37.5,37.5
2008-11,MUN,MA|IMPERATRIZ,glp,41,40.0,40.0,40.0,40.0,40.0
2008-11,MUN,MA|MATINHA,glp,1,34.5,34.5,34.5,34.5,34.5
2008-11,MUN,MA|PINHEIRO,glp,2,37.5,37.1,37.9,37.0,38.0
2008-11,MUN,MA|PRESIDENTE DUTRA,glp,2,35.0,35.0,35.0,35.0,35.0
2008-11,MUN,MA|SANTA INES,glp,2,35.0,35.0,35.0,35.0,35.0
2008-11,MUN,MA|SAO JOAO DOS PATOS,glp,2,38.0,38.0,38.0,38.0,38.0
2008-11,MUN,MA|SAO JOSE DE RIBAMAR,glp,13,34.0,33.5,34.2,33.5,35.0
2008-11,MUN,MA|SAO LUIS,glp,39,34.0,33.75,35.0,33.0,36.0
2008-11,MUN,MA|TIMON,glp,1,37.0,37.0,37.0,37.0,37.0
2008-11,MUN,MG|ALFENAS,glp,19,35.0,34.6,36.0,32.0,36.0
2008-11,MUN,MG|ARAGUARI,glp,17,35.0,35.0,36.0,32.0,36.0
2008-11,MUN,MG|ARAXA,glp,3,34.0,32.4,34.0,32.0,34.0
2008-11,MUN,MG|BARBACENA,glp,14,32.5,30.0,35.0,29.9,37.0
2008-11,MUN,MG|BELO HORIZONTE,glp,133,35.0,33.0,36.0,29.99,37.0
2008-11,MUN,MG|BETIM,glp,40,35.0,33.0,35.0,31.99,36.0
2008-11,MUN,MG|BOM DESPACHO,glp,2,35.0,35.0,35.0,35.0,35.0
2008-11,MUN,MG|CAMPO BELO,glp,9,35.0,35.0,35.0,35.0,35.0
2008-11,MUN,MG|CARATINGA,glp,2,33.0,33.0,33.0,33.0,33.0
2008-11,MUN,MG|CATAGUASES,glp,2,35.5,35.1,35.9,35.0,36.0
2008-11,MUN,MG|CONCEICAO DAS ALAGOAS,glp,1,35.0,35.0,35.0,35.0,35.0
2008-11,MUN,MG|CONGONHAS,glp,9,36.0,35.0,36.0,35.0,36.0
2008-11,MUN,MG|CONSELHEIRO LAFAIETE,glp,4,35.5,35.0,36.0,35.0,36.0
2008-11,MUN,MG|CONTAGEM,glp,72,34.25,33.09,35.0,31.0,36.0
2008-11,MUN,MG|CORONEL FABRICIANO,glp,3,35.0,35.0,35.8,35.0,36.0
2008-11,MUN,MG|CURVELO,glp,9,35.0,34.8,36.0,34.0,36.0
2008-11,MUN,MG|DIAMANTINA,glp,9,35.0,34.0,36.0,30.0,36.0
2008-11,MUN,MG|DIVINOPOLIS,glp,17,36.0,35.0,37.0,35.0,38.0
2008-11,MUN,MG|FORMIGA,glp,10,35.0,34.5,35.0,34.5,35.0
2008-11,MUN,MG|FRUTAL,glp,5,34.0,34.0,34.6,34.0,35.0
2008-11,MUN,MG|GOVERNADOR VALADARES,glp,19,34.0,32.8,35.0,32.0,35.44
2008-11,MUN,MG|GUAXUPE,glp,7,32.0,32.0,34.8,32.0,36.0
2008-11,MUN,MG|IBIRITE,glp,11,35.0,33.5,35.9,33.0,36.0
2008-11,MUN,MG|IPATINGA,glp,15,35.0,32.7,35.0,30.0,35.0
2008-11,MUN,MG|ITABIRA,glp,3,38.0,38.0,38.0,38.0,38.0
2008-11,MUN,MG|ITAJUBA,glp,12,34.0,32.1,35.0,32.0,35.0
2008-11,MUN,MG|ITAUNA,glp,14,33.0,33.0,34.0,33.0,35.0
2008-11,MUN,MG|ITUIUTABA,glp,17,34.0,33.0,35.0,32.0,35.0
2008-11,MUN,MG|ITURAMA,glp,1,35.0,35.0,35.0,35.0,35.0
2008-11,MUN,MG|JANAUBA,glp,2,36.0,36.0,36.0,36.0,36.0
2008-11,MUN,MG|JANUARIA,glp,8,36.0,34.7,36.0,34.0,36.0
2008-11,MUN,MG|JOAO MONLEVADE,glp,7,35.0,34.0,35.4,34.0,36.0
2008-11,MUN,MG|JOAO PINHEIRO,glp,17,38.0,36.8,38.8,35.0,40.0
2008-11,MUN,MG|JUIZ DE FORA,glp,101,37.0,35.0,38.0,34.0,39.0
2008-11,MUN,MG|LAVRAS,glp,10,31.0,28.0,35.0,28.0,35.0
2008-11,MUN,MG|LEOPOLDINA,glp,5,35.0,34.7,35.6,34.5,36.0
2008-11,MUN,MG|MANHUACU,glp,4,33.5,31.53,35.4,30.9,36.0
2008-11,MUN,MG|MARIANA,glp,5,32.0,32.0,32.0,32.0,32.0
2008-11,MUN,MG|MATIAS BARBOSA,glp,1,35.5,35.5,35.5,35.5,35.5
2008-11,MUN,MG|MONTE CARMELO,glp,16,32.0,31.0,33.0,30.0,33.0
2008-11,MUN,MG|MONTES CLAROS,glp,37,36.0,35.0,36.0,35.0,37.0
2008-11,MUN,MG|MURIAE,glp,3,32.0,30.08,34.4,29.6,35.0
2008-11,MUN,MG|NOVA LIMA,glp,9,35.5,35.0,36.4,35.0,38.0
2008-11,MUN,MG|OLIVEIRA,glp,7,35.0,35.0,35.0,35.0,35.0
2008-11,MUN,MG|OURO PRETO,glp,8,36.0,35.0,36.0,35.0,36.0
2008-11,MUN,MG|PARA DE MINAS,glp,10,36.25,33.0,37.275,33.0,37.5
2008-11,MUN,MG|PARACATU,glp,8,38.0,37.4,40.0,36.0,40.0
2008-11,MUN,MG|PASSOS,glp,16,31.0,30.0,32.0,30.0,32.0
2008-11,MUN,MG|PATOS DE MINAS,glp,17,35.0,33.0,35.0,33.0,35.0
2008-11,MUN,MG|PATROCINIO,glp,18,35.5,34.0,36.0,34.0,36.0
2008-11,MUN,MG|POCOS DE CALDAS,glp,16,32.0,32.0,32.0,32.0,32.0
2008-11,MUN,MG|POUSO ALEGRE,glp,19,37.0,36.918,37.0,36.5,37.0
2008-11,MUN,MG|RIBEIRAO DAS NEVES,glp,21,33.0,33.0,35.0,30.0,35.0
2008-11,MUN,MG|SABARA,glp,17,35.0,31.6,36.0,31.0,37.0
2008-11,MUN,MG|SANTA LUZIA,glp,24,35.0,33.0,36.0,33.0,36.0
2008-11,MUN,MG|SANTOS DUMONT,glp,5,35.0,35.0,35.0,35.0,35.0
2008-11,MUN,MG|SAO GOTARDO,glp,1,35.0,35.0,35.0,35.0,35.0
2008-11,MUN,MG|SAO JOAO DEL REI,glp,14,36.0,34.0,37.0,34.0,37.0
2008-11,MUN,MG|SAO LOURENCO,glp,2,36.0,36.0,36.0,36.0,36.0
2008-11,MUN,MG|SAO SEBASTIAO DO PARAISO,glp,11,35.0,33.0,35.0,32.4,36.0
2008-11,MUN,MG|SETE LAGOAS,glp,15,33.0,31.0,36.0,31.0,36.0
2008-11,MUN,MG|TEOFILO OTONI,glp,25,36.0,35.0,36.0,34.0,36.0
2008-11,MUN,MG|TIMOTEO,glp,6,35.0,33.5,35.0,33.0,35.0
2008-11,MUN,MG|TRES CORACOES,glp,8,30.0,30.0,32.6,30.0,34.0
2008-11,MUN,MG|UBA,glp,7,35.0,35.0,35.0,35.0,35.0
2008-11,MUN,MG|UBERABA,glp,52,35.0,35.0,35.0,34.0,35.0
2008-11,MUN,MG|UBERLANDIA,glp,96,34.0,33.0,35.0,31.5,36.0
2008-11,MUN,MG|UNAI,glp,12,39.0,39.0,39.0,39.0,39.0
2008-11,MUN,MG|VARGINHA,glp,18,36.0,34.0,36.0,28.0,36.0
2008-11,MUN,MG|VESPASIANO,glp,10,33.5,33.0,35.1,33.0,36.0
2008-11,MUN,MG|VICOSA,glp,3,35.0,35.0,35.0,35.0,35.0
2008-11,MUN,MS|BATAYPORA,glp,1,38.0,38.0,38.0,38.0,38.0
2008-11,MUN,MS|CAMPO GRANDE,glp,134,34.0,32.65,35.0,32.0,36.0
2008-11,MUN,MS|CORUMBA,glp,7,42.0,41.8,42.0,41.5,42.0
2008-11,MUN,MS|COXIM,glp,9,38.0,37.9,38.0,37.5,38.0
2008-11,MUN,MS|DOURADOS,glp,56,39.0,37.5,40.0,32.0,41.0
2008-11,MUN,MS|NOVA ANDRADINA,glp,14,38.0,36.15,38.0,34.0,38.5
2008-11,MUN,MS|PARANAIBA,glp,18,40.0,39.4,40.0,38.0,40.0
2008-11,MUN,MS|PONTA PORA,glp,5,37.0,36.0,39.0,36.0,39.0
2008-11,MUN,MS|SAO GABRIEL DO OESTE,glp,1,38.0,38.0,38.0,38.0,38.0
2008-11,MUN,MS|TRES LAGOAS,glp,16,37.75,36.5,38.0,36.0,38.0
2008-11,MUN,MT|ALTA FLORESTA,glp,5,40.0,40.0,41.4,40.0,42.0
2008-11,MUN,MT|CACERES,glp,8,38.0,37.7,38.3,37.0,39.0
2008-11,MUN,MT|CUIABA,glp,31,40.0,39.5,41.0,39.0,42.0
2008-11,MUN,MT|RONDONOPOLIS,glp,9,42.0,40.0,42.0,40.0,42.0
2008-11,MUN,MT|SINOP,glp,11,40.0,40.0,42.0,40.0,42.0
2008-11,MUN,MT|SORRISO,glp,7,38.0,38.0,38.4,38.0,39.0
2008-11,MUN,MT|VARZEA GRANDE,glp,10,40.0,40.0,41.1,40.0,42.0
2008-11,MUN,PA|ABAETETUBA,glp,3,34.0,34.0,34.0,34.0,34.0
2008-11,MUN,PA|ALENQUER,glp,2,36.75,36.55,36.95,36.5,37.0
2008-11,MUN,PA|ALTAMIRA,glp,9,39.0,38.0,39.0,38.0,39.0
2008-11,MUN,PA|ANANINDEUA,glp,65,32.5,32.0,33.0,31.0,33.0
2008-11,MUN,PA|BELEM,glp,77,33.0,32.0,33.0,30.0,34.0
2008-11,MUN,PA|BRAGANCA,glp,4,37.0,35.6,37.0,35.0,37.0
2008-11,MUN,PA|BREVES,glp,1,32.0,32.0,32.0,32.0,32.0
2008-11,MUN,PA|CAMETA,glp,3,34.0,32.4,34.0,32.0,34.0
2008-11,MUN,PA|CASTANHAL,glp,7,34.5,34.3,35.0,34.0,35.0
2008-11,MUN,PA|CONCEICAO DO ARAGUAIA,glp,2,37.0,37.0,37.0,37.0,37.0
2008-11,MUN,PA|ITAITUBA,glp,7,40.0,39.8,40.0,39.5,40.0
2008-11,MUN,PA|MARABA,glp,1,39.0,39.0,39.0,39.0,39.0
2008-11,MUN,PA|PARAGOMINAS,glp,3,39.0,39.0,39.0,39.0,39.0
2008-11,MUN,PA|PARAUAPEBAS,glp,3,40.0,39.2,40.0,39.0,40.0
2008-11,MUN,PA|REDENCAO,glp,5,34.0,34.0,34.6,34.0,35.0
2008-11,MUN,PA|SANTAREM,glp,20,35.0,34.45,36.0,34.0,40.0
2008-11,MUN,PA|TUCURUI,glp,4,38.0,38.0,38.0,38.0,38.0
2008-11,MUN,PA|XINGUARA,glp,7,40.0,39.0,40.0,39.0,40.0
2008-11,MUN,PB|BAYEUX,glp,4,33.0,33.0,33.7,33.0,34.0
2008-11,MUN,PB|CABEDELO,glp,3,35.0,33.4,35.0,33.0,35.0
2008-11,MUN,PB|CAMPINA GRANDE,glp,19,35.0,34.4,35.0,31.5,35.0
2008-11,MUN,PB|GUARABIRA,glp,1,35.0,35.0,35.0,35.0,35.0
2008-11,MUN,PB|INGA,glp,1,35.0,35.0,35.0,35.0,35.0
2008-11,MUN,PB|JOAO PESSOA,glp,30,33.0,32.0,34.1,31.0,35.0
2008-11,MUN,PB|MAMANGUAPE,glp,2,33.0,33.0,33.0,33.0,33.0
2008-11,MUN,PB|PATOS,glp,5,35.0,34.4,35.0,34.0,35.0
2008-11,MUN,PB|SANTA RITA,glp,4,33.0,33.0,34.4,33.0,35.0
2008-11,MUN,PB|SAPE,glp,1,35.0,35.0,35.0,35.0,35.0
2008-11,MUN,PB|SOUSA,glp,3,33.0,30.6,33.0,30.0,33.0
2008-11,MUN,PE|ABREU E LIMA,glp,7,35.0,32.0,35.0,32.0,35.0
2008-11,MUN,PE|AFOGADOS DA INGAZEIRA,glp,1,33.0,33.0,33.0,33.0,33.0
2008-11,MUN,PE|AGUAS BELAS,glp,1,36.0,36.0,36.0,36.0,36.0
2008-11,MUN,PE|ARARIPINA,glp,1,33.0,33.0,33.0,33.0,33.0
2008-11,MUN,PE|ARCOVERDE,glp,1,36.0,36.0,36.0,36.0,36.0
2008-11,MUN,PE|BELO JARDIM,glp,4,33.0,33.0,33.0,33.0,33.0
2008-11,MUN,PE|BOM CONSELHO,glp,3,35.0,35.0,35.0,35.0,35.0
2008-11,MUN,PE|CABO DE SANTO AGOSTINHO,glp,5,34.0,30.8,35.0,30.0,35.0
2008-11,MUN,PE|CAMARAGIBE,glp,12,33.0,33.0,33.0,32.0,33.0
2008-11,MUN,PE|CARUARU,glp,6,32.0,30.0,32.5,28.0,32.5
2008-11,MUN,PE|GARANHUNS,glp,4,33.0,33.0,33.0,33.0,33.0
2008-11,MUN,PE|GOIANA,glp,2,30.0,30.0,30.0,30.0,30.0
2008-11,MUN,PE|GRAVATA,glp,4,35.0,33.25,35.0,32.5,35.0
2008-11,MUN,PE|IGARASSU,glp,8,35.0,32.7,35.0,32.0,35.0
2008-11,MUN,PE|JABOATAO DOS GUARARAPES,glp,35,33.0,32.5,34.0,32.5,34.5
2008-11,MUN,PE|JUCATI,glp,1,33.0,33.0,33.0,33.0,33.0
2008-11,MUN,PE|LAJEDO,glp,2,30.0,30.0,30.0,30.0,30.0
2008-11,MUN,PE|MORENO,glp,1,34.5,34.5,34.5,34.5,34.5
2008-11,MUN,PE|OLINDA,glp,23,32.0,32.0,33.0,30.0,33.5
2008-11,MUN,PE|PAULISTA,glp,7,32.5,32.3,35.0,32.0,35.0
2008-11,MUN,PE|PETROLINA,glp,2,35.0,35.0,35.0,35.0,35.0
2008-11,MUN,PE|RECIFE,glp,74,32.0,32.0,33.85,30.0,35.0
2008-11,MUN,PE|SALGUEIRO,glp,2,35.0,35.0,35.0,35.0,35.0
2008-11,MUN,PE|SANTA CRUZ DO CAPIBARIBE,glp,3,38.0,38.0,38.0,38.0,38.0
2008-11,MUN,PE|SAO BENTO DO UNA,glp,2,33.0,33.0,33.0,33.0,33.0
2008-11,MUN,PE|SAO LOURENCO DA MATA,glp,12,33.0,33.0,33.0,32.5,35.0
2008-11,MUN,PE|SERRA TALHADA,glp,5,31.0,31.0,32.2,31.0,33.0
2008-11,MUN,PE|VENTUROSA,glp,1,36.0,36.0,36.0,36.0,36.0
2008-11,MUN,PE|VITORIA DE SANTO ANTAO,glp,10,35.0,34.9,35.0,34.0,35.0
2008-11,MUN,PI|BARRAS,glp,1,32.5,32.5,32.5,32.5,32.5
2008-11,MUN,PI|CAMPO MAIOR,glp,4,37.0,37.0,37.0,37.0,37.0
2008-11,MUN,PI|OEIRAS,glp,3,40.0,40.0,40.0,40.0,40.0
2008-11,MUN,PI|PARNAIBA,glp,1,37.0,37.0,37.0,37.0,37.0
2008-11,MUN,PI|PICOS,glp,2,38.0,38.0,38.0,38.0,38.0
2008-11,MUN,PI|PIRIPIRI,glp,3,37.0,37.0,37.0,37.0,37.0
2008-11,MUN,PI|TERESINA,glp,49,37.0,35.0,37.0,33.0,37.0
2008-11,MUN,PR|ALMIRANTE TAMANDARE,glp,9,30.0,29.0,30.4,29.0,32.0
2008-11,MUN,PR|APUCARANA,glp,20,30.0,27.99,31.2,27.9,34.0
2008-11,MUN,PR|ARAPONGAS,glp,17,33.0,33.0,34.0,32.5,36.0
2008-11,MUN,PR|ARAUCARIA,glp,9,30.0,30.0,30.0,30.0,30.0
2008-11,MUN,PR|ASSIS CHATEAUBRIAND,glp,5,33.0,31.7,33.54,31.5,33.9
2008-11,MUN,PR|CAMBE,glp,43,33.0,32.0,34.8,31.0,35.0
2008-11,MUN,PR|CAMPO LARGO,glp,17,30.0,29.0,30.0,28.0,32.0
2008-11,MUN,PR|CAMPO MOURAO,glp,10,30.0,29.8,34.55,28.0,35.0
2008-11,MUN,PR|CASCAVEL,glp,21,34.0,33.0,35.0,30.0,35.0
2008-11,MUN,PR|CASTRO,glp,14,33.0,33.0,33.85,32.95,34.0
2008-11,MUN,PR|CIANORTE,glp,16,37.75,34.5,38.0,30.5,38.0
2008-11,MUN,PR|COLOMBO,glp,29,31.0,30.0,32.0,29.0,33.0
2008-11,MUN,PR|CORNELIO PROCOPIO,glp,7,35.0,34.6,35.0,34.0,35.0
2008-11,MUN,PR|CURITIBA,glp,140,31.0,29.9,32.0,27.9,33.0
2008-11,MUN,PR|FOZ DO IGUACU,glp,31,39.0,38.0,39.0,38.0,39.0
2008-11,MUN,PR|FRANCISCO BELTRAO,glp,9,35.0,32.2,37.0,29.0,37.0
2008-11,MUN,PR|GUARAPUAVA,glp,11,32.0,32.0,33.0,32.0,34.0
2008-11,MUN,PR|LARANJEIRAS DO SUL,glp,6,37.0,36.0,37.0,35.0,37.0
2008-11,MUN,PR|LONDRINA,glp,105,32.0,31.0,32.8,30.0,34.0
2008-11,MUN,PR|MARECHAL CANDIDO RONDON,glp,11,37.0,37.0,37.0,35.0,37.0
2008-11,MUN,PR|MARINGA,glp,34,32.0,30.3,34.7,29.0,36.0
2008-11,MUN,PR|PARANAGUA,glp,20,35.0,32.0,35.0,32.0,35.0
2008-11,MUN,PR|PARANAVAI,glp,15,35.0,33.0,35.0,33.0,35.0
2008-11,MUN,PR|PATO BRANCO,glp,9,33.5,32.8,34.2,32.0,35.0
2008-11,MUN,PR|PINHAIS,glp,16,30.75,30.0,32.5,28.0,35.0
2008-11,MUN,PR|PIRAI DO SUL,glp,1,33.0,33.0,33.0,33.0,33.0
2008-11,MUN,PR|PONTA GROSSA,glp,66,33.5,31.0,34.0,30.0,35.0
2008-11,MUN,PR|SANTO ANTONIO DA PLATINA,glp,14,33.0,33.0,34.0,32.0,35.0
2008-11,MUN,PR|SAO JOSE DOS PINHAIS,glp,15,31.0,30.0,32.6,30.0,33.9
2008-11,MUN,PR|SARANDI,glp,1,34.0,34.0,34.0,34.0,34.0
2008-11,MUN,PR|TERRA BOA,glp,1,35.0,35.0,35.0,35.0,35.0
2008-11,MUN,PR|TOLEDO,glp,11,35.0,33.0,35.0,30.0,37.0
2008-11,MUN,PR|UMUARAMA,glp,13,30.0,30.0,33.0,30.0,34.0
2008-11,MUN,PR|UNIAO DA VITORIA,glp,3,32.0,31.2,32.64,31.0,32.8
2008-11,MUN,RJ|ANGRA DOS REIS,glp,4,35.45,34.0,36.9,34.0,36.9
2008-11,MUN,RJ|ARARUAMA,glp,5,33.0,31.8,33.6,31.0,34.0
2008-11,MUN,RJ|ARMACAO DOS BUZIOS,glp,1,35.0,35.0,35.0,35.0,35.0
2008-11,MUN,RJ|BARRA DO PIRAI,glp,4,33.0,32.86,34.4,32.8,35.0
2008-11,MUN,RJ|BARRA MANSA,glp,18,35.0,33.85,35.5,33.5,36.0
2008-11,MUN,RJ|BELFORD ROXO,glp,6,30.5,29.495,32.5,28.99,33.0
2008-11,MUN,RJ|CABO FRIO,glp,4,26.75,26.15,27.7,26.0,28.0
2008-11,MUN,RJ|CAMPOS DOS GOYTACAZES,glp,16,32.0,30.0,34.5,29.99,35.0
2008-11,MUN,RJ|DUQUE DE CAXIAS,glp,29,32.0,30.9,33.1,30.0,34.0
2008-11,MUN,RJ|ITABORAI,glp,3,31.5,30.3,31.5,30.0,31.5
2008-11,MUN,RJ|ITAGUAI,glp,4,32.5,32.15,32.85,32.0,33.0
2008-11,MUN,RJ|ITAPERUNA,glp,4,30.0,30.0,30.0,30.0,30.0
2008-11,MUN,RJ|MACAE,glp,2,30.0,30.0,30.0,30.0,30.0
2008-11,MUN,RJ|MAGE,glp,2,31.5,31.5,31.5,31.5,31.5
2008-11,MUN,RJ|MANGARATIBA,glp,3,34.0,33.92,34.0,33.9,34.0
2008-11,MUN,RJ|MARICA,glp,2,31.5,31.1,31.9,31.0,32.0
2008-11,MUN,RJ|NILOPOLIS,glp,5,30.0,28.4,32.0,28.0,32.0
2008-11,MUN,RJ|NITEROI,glp,6,31.25,30.495,31.75,29.99,32.0
2008-11,MUN,RJ|NOVA FRIBURGO,glp,5,34.5,32.8,35.59,32.0,35.95
2008-11,MUN,RJ|NOVA IGUACU,glp,20,32.0,30.0,33.0,29.99,33.5
2008-11,MUN,RJ|PARAIBA DO SUL,glp,2,32.0,32.0,32.0,32.0,32.0
2008-11,MUN,RJ|PARATY,glp,2,34.5,34.1,34.9,34.0,35.0
2008-11,MUN,RJ|PETROPOLIS,glp,4,35.0,33.53,36.33,32.9,36.9
2008-11,MUN,RJ|RESENDE,glp,6,33.75,32.0,35.0,31.0,35.0
2008-11,MUN,RJ|RIO BONITO,glp,2,31.25,31.05,31.45,31.0,31.5
2008-11,MUN,RJ|RIO DE JANEIRO,glp,86,31.0,29.992,34.0,27.99,37.0
2008-11,MUN,RJ|SANTO ANTONIO DE PADUA,glp,1,33.5,33.5,33.5,33.5,33.5
2008-11,MUN,RJ|SAO FRANCISCO DE ITABAPOANA,glp,1,35.0,35.0,35.0,35.0,35.0
2008-11,MUN,RJ|SAO GONCALO,glp,7,30.5,28.095,31.4,27.495,32.0
2008-11,MUN,RJ|SAO JOAO DE MERITI,glp,7,33.0,32.0,34.4,32.0,35.0
2008-11,MUN,RJ|SAPUCAIA,glp,2,33.75,33.55,33.95,33.5,34.0
2008-11,MUN,RJ|SAQUAREMA,glp,3,31.5,31.1,32.3,31.0,32.5
2008-11,MUN,RJ|TERESOPOLIS,glp,3,29.9,29.02,33.98,28.8,35.0
2008-11,MUN,RJ|TRES RIOS,glp,2,30.0,30.0,30.0,30.0,30.0
2008-11,MUN,RJ|VALENCA,glp,6,34.5,34.0,35.0,34.0,35.0
2008-11,MUN,RJ|VASSOURAS,glp,3,34.5,34.1,34.9,34.0,35.0
2008-11,MUN,RJ|VOLTA REDONDA,glp,7,34.0,31.6,35.1,31.0,36.0
2008-11,MUN,RN|CAICO,glp,3,35.0,35.0,35.0,35.0,35.0
2008-11,MUN,RN|CURRAIS NOVOS,glp,6,35.0,35.0,35.0,35.0,35.0
2008-11,MUN,RN|MOSSORO,glp,3,32.0,30.4,32.0,30.0,32.0
2008-11,MUN,RN|NATAL,glp,14,32.0,31.15,32.0,30.0,32.5
2008-11,MUN,RN|PARNAMIRIM,glp,2,30.5,30.1,30.9,30.0,31.0
2008-11,MUN,RN|SAO JOSE DE MIPIBU,glp,2,32.0,32.0,32.0,32.0,32.0
2008-11,MUN,RN|TIMBAUBA DOS BATISTAS,glp,1,35.0,35.0,35.0,35.0,35.0
2008-11,MUN,RO|ARIQUEMES,glp,14,38.0,38.0,39.0,38.0,39.0
2008-11,MUN,RO|CACOAL,glp,8,39.25,38.0,40.5,38.0,40.5
2008-11,MUN,RO|GUAJARA-MIRIM,glp,4,38.0,38.0,38.35,38.0,38.5
2008-11,MUN,RO|JI-PARANA,glp,9,37.25,37.0,38.0,37.0,38.0
2008-11,MUN,RO|PIMENTA BUENO,glp,4,42.0,42.0,42.0,42.0,42.0
2008-11,MUN,RO|PORTO VELHO,glp,103,35.0,34.0,36.0,33.0,36.0
2008-11,MUN,RO|SAO MIGUEL DO GUAPORE,glp,1,42.0,42.0,42.0,42.0,42.0
2008-11,MUN,RO|VILHENA,glp,7,42.0,42.0,42.0,42.0,42.0
2008-11,MUN,RR|BOA VISTA,glp,23,39.0,37.1,39.4,36.0,40.0
2008-11,MUN,RR|MUCAJAI,glp,1,40.0,40.0,40.0,40.0,40.0
2008-11,MUN,RR|RORAINOPOLIS,glp,1,41.0,41.0,41.0,41.0,41.0
2008-11,MUN,RS|ALEGRETE,glp,12,35.0,33.0,35.9,33.0,36.0
2008-11,MUN,RS|ALVORADA,glp,11,33.5,31.0,35.0,31.0,36.0
2008-11,MUN,RS|BAGE,glp,25,32.0,32.0,34.0,31.5,34.0
2008-11,MUN,RS|BENTO GONCALVES,glp,9,38.5,37.4,41.2,35.0,42.0
2008-11,MUN,RS|CACAPAVA DO SUL,glp,6,36.0,34.0,37.0,33.0,37.0
2008-11,MUN,RS|CACHOEIRA DO SUL,glp,16,35.0,31.75,36.0,30.0,36.5
2008-11,MUN,RS|CACHOEIRINHA,glp,13,33.0,32.0,34.0,32.0,34.0
2008-11,MUN,RS|CANOAS,glp,44,36.0,33.0,37.525,30.5,38.0
2008-11,MUN,RS|CAXIAS DO SUL,glp,40,37.0,35.9,38.098,35.0,40.0
2008-11,MUN,RS|CHUI,glp,2,31.0,31.0,31.0,31.0,31.0
2008-11,MUN,RS|CRUZ ALTA,glp,5,33.0,32.0,35.0,32.0,35.0
2008-11,MUN,RS|CRUZEIRO DO SUL,glp,1,34.0,34.0,34.0,34.0,34.0
2008-11,MUN,RS|ERECHIM,glp,19,40.0,39.0,44.0,38.0,44.0
2008-11,MUN,RS|ESTEIO,glp,11,35.0,34.0,36.0,34.0,36.0
2008-11,MUN,RS|FARROUPILHA,glp,1,38.0,38.0,38.0,38.0,38.0
2008-11,MUN,RS|GRAMADO,glp,3,36.0,35.2,36.0,35.0,36.0
2008-11,MUN,RS|GRAVATAI,glp,25,33.0,32.0,35.0,31.5,35.0
2008-11,MUN,RS|GUAIBA,glp,11,35.0,34.0,36.0,34.0,36.0
2008-11,MUN,RS|IJUI,glp,8,34.25,33.85,35.15,33.5,35.5
2008-11,MUN,RS|IMBE,glp,1,36.0,36.0,36.0,36.0,36.0
2008-11,MUN,RS|JAGUARAO,glp,9,32.0,32.0,33.0,32.0,33.0
2008-11,MUN,RS|LAJEADO,glp,5,35.0,34.0,35.3,34.0,35.5
2008-11,MUN,RS|NOVA SANTA RITA,glp,1,36.0,36.0,36.0,36.0,36.0
2008-11,MUN,RS|NOVO HAMBURGO,glp,24,33.0,30.3,34.0,30.0,35.0
2008-11,MUN,RS|OSORIO,glp,8,37.25,36.35,38.0,36.0,38.0
2008-11,MUN,RS|PALMEIRA DAS MISSOES,glp,6,35.0,34.5,36.5,34.0,38.0
2008-11,MUN,RS|PASSO FUNDO,glp,53,38.0,36.0,40.0,35.0,42.0
2008-11,MUN,RS|PELOTAS,glp,35,33.0,31.7,34.0,30.0,34.0
2008-11,MUN,RS|PORTO ALEGRE,glp,47,35.0,33.6,36.0,32.0,37.0
2008-11,MUN,RS|RIO GRANDE,glp,30,33.0,28.0,35.0,27.9,36.0
2008-11,MUN,RS|SANTA CRUZ DO SUL,glp,15,32.95,32.9,37.0,32.9,38.5
2008-11,MUN,RS|SANTA MARIA,glp,37,35.0,33.0,36.0,32.0,38.0
2008-11,MUN,RS|SANTA ROSA,glp,9,36.0,34.0,37.0,34.0,37.0
2008-11,MUN,RS|SANTA VITORIA DO PALMAR,glp,6,34.0,32.5,34.5,32.0,35.0
2008-11,MUN,RS|SANTANA DO LIVRAMENTO,glp,14,30.0,29.45,33.55,29.45,34.0
2008-11,MUN,RS|SANTO ANGELO,glp,11,38.0,37.0,40.0,37.0,40.0
2008-11,MUN,RS|SAO BORJA,glp,3,35.0,35.0,35.0,35.0,35.0
2008-11,MUN,RS|SAO GABRIEL,glp,10,39.0,38.9,39.15,38.0,40.5
2008-11,MUN,RS|SAO LEOPOLDO,glp,17,35.0,33.6,36.0,32.0,36.0
2008-11,MUN,RS|SAO LUIZ GONZAGA,glp,5,40.0,38.8,40.0,38.0,40.0
2008-11,MUN,RS|SAPIRANGA,glp,9,34.0,34.0,35.2,34.0,36.0
2008-11,MUN,RS|SAPUCAIA DO SUL,glp,26,34.0,33.75,34.0,32.05,34.0
2008-11,MUN,RS|TORRES,glp,5,38.0,37.4,38.0,37.0,38.0
2008-11,MUN,RS|TRAMANDAI,glp,6,35.0,35.0,37.5,35.0,38.0
2008-11,MUN,RS|URUGUAIANA,glp,11,36.0,35.0,37.0,33.0,37.0
2008-11,MUN,RS|VACARIA,glp,7,35.0,35.0,36.0,35.0,36.0
2008-11,MUN,RS|VIAMAO,glp,20,36.25,34.9,37.0,34.0,38.0
2008-11,MUN,SC|ARARANGUA,glp,4,35.5,35.0,37.4,35.0,38.0
2008-11,MUN,SC|BALNEARIO CAMBORIU,glp,1,37.0,37.0,37.0,37.0,37.0
2008-11,MUN,SC|BIGUACU,glp,1,36.0,36.0,36.0,36.0,36.0
2008-11,MUN,SC|BLUMENAU,glp,37,38.95,36.96,40.0,35.0,42.0
2008-11,MUN,SC|BOMBINHAS,glp,1,33.0,33.0,33.0,33.0,33.0
2008-11,MUN,SC|BRUSQUE,glp,4,34.5,34.0,37.03,34.0,37.9
2008-11,MUN,SC|CACADOR,glp,3,38.0,36.4,38.0,36.0,38.0
2008-11,MUN,SC|CHAPECO,glp,22,35.75,35.0,37.0,34.98,38.0
2008-11,MUN,SC|CONCORDIA,glp,7,37.0,35.0,39.4,35.0,40.0
2008-11,MUN,SC|CRICIUMA,glp,9,37.0,33.32,39.36,33.0,40.0
2008-11,MUN,SC|FLORIANOPOLIS,glp,40,37.0,35.0,39.1,34.0,42.0
2008-11,MUN,SC|ITAJAI,glp,28,35.0,32.7,37.225,30.0,37.75
2008-11,MUN,SC|JARAGUA DO SUL,glp,4,36.0,35.3,36.35,35.0,36.5
2008-11,MUN,SC|JOINVILLE,glp,105,38.0,37.0,39.0,34.0,42.5
2008-11,MUN,SC|LAGES,glp,6,35.0,35.0,37.0,35.0,37.0
2008-11,MUN,SC|LAGUNA,glp,4,34.0,34.0,34.7,34.0,35.0
2008-11,MUN,SC|MAFRA,glp,4,32.95,32.27,33.0,32.0,33.0
2008-11,MUN,SC|PALHOCA,glp,16,36.0,34.0,37.0,33.0,40.0
2008-11,MUN,SC|SAO JOSE,glp,14,36.0,36.0,38.4,35.0,41.0
2008-11,MUN,SC|SAO MIGUEL DO OESTE,glp,6,33.0,32.0,34.945,32.0,36.89
2008-11,MUN,SC|TIJUCAS,glp,1,36.0,36.0,36.0,36.0,36.0
2008-11,MUN,SC|TUBARAO,glp,11,35.0,35.0,35.0,35.0,36.0
2008-11,MUN,SC|VIDEIRA,glp,5,35.0,34.4,35.0,34.0,35.0
2008-11,MUN,SC|XANXERE,glp,9,38.0,36.8,38.0,36.0,38.0
2008-11,MUN,SE|ARACAJU,glp,17,33.0,30.0,33.0,30.0,34.0
2008-11,MUN,SE|ITABAIANA,glp,4,33.5,30.9,34.0,30.0,34.0
2008-11,MUN,SE|ITABAIANINHA,glp,1,33.0,33.0,33.0,33.0,33.0
2008-11,MUN,SE|LAGARTO,glp,4,32.0,30.6,32.0,30.0,32.0
2008-11,MUN,SE|NOSSA SENHORA DO SOCORRO,glp,4,33.0,32.3,33.7,32.0,34.0
2008-11,MUN,SE|SIMAO DIAS,glp,1,30.0,30.0,30.0,30.0,30.0
2008-11,MUN,SE|TOBIAS BARRETO,glp,3,34.0,34.0,34.0,34.0,34.0
2008-11,MUN,SP|ADAMANTINA,glp,10,33.0,33.0,33.0,33.0,33.0
2008-11,MUN,SP|AMERICANA,glp,29,35.0,33.998,36.0,33.0,36.0
2008-11,MUN,SP|AMPARO,glp,4,31.75,31.15,32.0,31.0,32.0
2008-11,MUN,SP|APIAI,glp,2,37.0,37.0,37.0,37.0,37.0
2008-11,MUN,SP|ARACATUBA,glp,34,35.0,34.3,35.0,33.0,35.0
2008-11,MUN,SP|ARARAQUARA,glp,14,30.5,30.0,33.0,30.0,33.0
2008-11,MUN,SP|ARARAS,glp,2,32.475,32.095,32.855,32.0,32.95
2008-11,MUN,SP|ASSIS,glp,8,32.0,32.0,32.0,32.0,32.0
2008-11,MUN,SP|ATIBAIA,glp,22,32.0,29.73,34.0,29.0,35.0
2008-11,MUN,SP|AVARE,glp,7,32.0,32.0,32.0,32.0,32.0
2008-11,MUN,SP|BARRETOS,glp,13,30.0,30.0,31.8,30.0,32.0
2008-11,MUN,SP|BARUERI,glp,16,32.0,29.0,33.5,29.0,34.0
2008-11,MUN,SP|BAURU,glp,25,34.0,31.94,36.0,31.0,37.0
2008-11,MUN,SP|BEBEDOURO,glp,9,34.0,33.0,35.0,33.0,35.0
2008-11,MUN,SP|BIRIGUI,glp,20,32.0,30.9,33.1,30.0,35.0
2008-11,MUN,SP|BORACEIA,glp,1,36.0,36.0,36.0,36.0,36.0
2008-11,MUN,SP|BOTUCATU,glp,16,33.5,32.75,34.0,32.0,34.0
2008-11,MUN,SP|BRAGANCA PAULISTA,glp,28,30.0,26.966,32.0,26.0,32.0
2008-11,MUN,SP|CACAPAVA,glp,15,31.0,30.0,32.0,30.0,33.0
2008-11,MUN,SP|CAMPINAS,glp,51,32.0,29.99,34.0,28.0,35.0
2008-11,MUN,SP|CAMPOS DO JORDAO,glp,10,31.245,30.891,33.1,30.0,34.0
2008-11,MUN,SP|CAPAO BONITO,glp,4,37.0,36.3,37.0,36.0,37.0
2008-11,MUN,SP|CARAGUATATUBA,glp,7,34.0,32.56,34.67,31.9,35.0
2008-11,MUN,SP|CARAPICUIBA,glp,16,31.75,24.99,33.99,24.99,34.0
2008-11,MUN,SP|CATANDUVA,glp,16,31.5,30.0,32.5,30.0,33.0
2008-11,MUN,SP|COSMOPOLIS,glp,5,35.0,34.4,35.996,34.0,36.0
2008-11,MUN,SP|COTIA,glp,11,32.0,30.0,33.0,28.0,33.0
2008-11,MUN,SP|CRUZEIRO,glp,15,30.0,30.0,32.0,28.0,32.0
2008-11,MUN,SP|CUBATAO,glp,3,31.0,30.6,31.4,30.5,31.5
2008-11,MUN,SP|DIADEMA,glp,19,31.0,28.99,33.1,26.99,33.5
2008-11,MUN,SP|DRACENA,glp,9,36.0,34.8,36.0,34.0,36.0
2008-11,MUN,SP|EMBU DAS ARTES,glp,4,32.9,32.27,32.9,32.0,32.9
2008-11,MUN,SP|FERRAZ DE VASCONCELOS,glp,9,31.0,30.8,32.0,30.0,32.0
2008-11,MUN,SP|FRANCA,glp,22,33.0,32.0,34.0,32.0,34.0
2008-11,MUN,SP|FRANCISCO MORATO,glp,16,32.75,30.0,33.0,30.0,33.0
2008-11,MUN,SP|FRANCO DA ROCHA,glp,5,32.5,30.0,33.0,30.0,33.0
2008-11,MUN,SP|GARCA,glp,8,33.0,33.0,33.0,33.0,33.0
2008-11,MUN,SP|GUARATINGUETA,glp,12,30.0,29.1,32.8,28.0,34.0
2008-11,MUN,SP|GUARUJA,glp,5,36.5,36.18,37.0,36.0,37.0
2008-11,MUN,SP|GUARULHOS,glp,61,31.0,29.99,33.0,28.99,34.9
2008-11,MUN,SP|HORTOLANDIA,glp,21,31.0,30.0,34.0,30.0,34.5
2008-11,MUN,SP|IBITINGA,glp,7,30.0,30.0,31.0,30.0,31.0
2008-11,MUN,SP|INDAIATUBA,glp,35,35.0,34.0,35.0,31.5,35.5
2008-11,MUN,SP|ITANHAEM,glp,11,35.0,32.0,35.0,32.0,36.0
2008-11,MUN,SP|ITAPECERICA DA SERRA,glp,6,31.995,30.5,32.0,30.0,32.0
2008-11,MUN,SP|ITAPETININGA,glp,16,33.0,30.5,34.0,29.9,35.0
2008-11,MUN,SP|ITAPEVA,glp,5,36.0,36.0,36.0,36.0,36.0
2008-11,MUN,SP|ITAPEVI,glp,5,32.0,28.794,32.6,27.99,33.0
2008-11,MUN,SP|ITAPIRA,glp,4,32.25,32.0,32.5,32.0,32.5
2008-11,MUN,SP|ITAPOLIS,glp,15,31.0,30.0,32.0,30.0,32.0
2008-11,MUN,SP|ITAQUAQUECETUBA,glp,12,33.5,31.82,35.0,29.99,35.0
2008-11,MUN,SP|ITATIBA,glp,11,32.0,32.0,33.0,32.0,35.0
2008-11,MUN,SP|ITU,glp,11,31.0,30.0,33.0,29.0,33.0
2008-11,MUN,SP|JABOTICABAL,glp,12,32.5,32.0,33.0,32.0,34.0
2008-11,MUN,SP|JACAREI,glp,9,29.99,27.99,32.0,27.99,32.0
2008-11,MUN,SP|JALES,glp,6,34.45,33.5,35.0,33.0,35.0
2008-11,MUN,SP|JANDIRA,glp,8,30.5,28.4,32.0,27.0,32.0
2008-11,MUN,SP|JAU,glp,8,30.0,30.0,30.0,30.0,30.0
2008-11,MUN,SP|JOSE BONIFACIO,glp,13,32.0,31.0,32.4,30.0,33.0
2008-11,MUN,SP|JUNDIAI,glp,17,32.0,29.0,32.994,29.0,33.0
2008-11,MUN,SP|LEME,glp,16,31.0,30.0,32.5,30.0,34.0
2008-11,MUN,SP|LIMEIRA,glp,16,33.0,30.5,35.0,30.0,35.0
2008-11,MUN,SP|LINS,glp,18,32.0,30.0,33.95,30.0,36.0
2008-11,MUN,SP|LORENA,glp,11,30.0,29.0,30.0,28.0,30.0
2008-11,MUN,SP|MARILIA,glp,13,30.0,30.0,30.0,30.0,32.0
2008-11,MUN,SP|MATAO,glp,8,33.0,32.35,33.5,32.0,33.5
2008-11,MUN,SP|MAUA,glp,22,33.0,31.09,34.95,30.5,35.0
2008-11,MUN,SP|MIRASSOL,glp,9,31.0,30.0,32.0,30.0,32.0
2008-11,MUN,SP|MOCOCA,glp,12,33.5,33.0,34.9,33.0,35.0
2008-11,MUN,SP|MOGI DAS CRUZES,glp,35,34.0,32.0,35.5,31.45,37.0
2008-11,MUN,SP|MOGI GUACU,glp,12,30.0,29.0,30.0,27.995,30.0
2008-11,MUN,SP|MOGI MIRIM,glp,9,30.0,29.4,30.1,29.0,30.5
2008-11,MUN,SP|MONTE ALTO,glp,7,33.0,32.6,34.0,32.0,34.0
2008-11,MUN,SP|OLIMPIA,glp,8,30.0,30.0,30.65,30.0,31.0
2008-11,MUN,SP|OSASCO,glp,45,32.0,25.794,33.594,24.99,34.0
2008-11,MUN,SP|OURINHOS,glp,16,33.0,32.5,34.5,32.0,35.0
2008-11,MUN,SP|PARAGUACU PAULISTA,glp,10,32.0,32.0,32.05,32.0,32.5
2008-11,MUN,SP|PAULICEIA,glp,1,33.0,33.0,33.0,33.0,33.0
2008-11,MUN,SP|PAULINIA,glp,13,35.0,35.0,35.0,35.0,35.0
2008-11,MUN,SP|PINDAMONHANGABA,glp,20,32.75,29.0,33.0,28.0,33.0
2008-11,MUN,SP|PIRACICABA,glp,30,30.0,30.0,34.0,29.99,34.0
2008-11,MUN,SP|PIRASSUNUNGA,glp,7,33.0,31.5,33.2,31.5,33.5
2008-11,MUN,SP|PITANGUEIRAS,glp,1,33.0,33.0,33.0,33.0,33.0
2008-11,MUN,SP|POA,glp,8,33.0,32.0,34.0,32.0,34.0
2008-11,MUN,SP|PORTO FERREIRA,glp,6,32.375,32.0,33.25,32.0,33.5
2008-11,MUN,SP|PRAIA GRANDE,glp,9,35.0,32.7,35.2,31.5,36.0
2008-11,MUN,SP|PRESIDENTE PRUDENTE,glp,37,35.0,32.0,36.0,31.0,37.0
2008-11,MUN,SP|PRESIDENTE VENCESLAU,glp,9,32.0,30.0,34.0,30.0,34.0
2008-11,MUN,SP|RIBEIRAO PIRES,glp,12,33.0,30.2,33.0,29.99,34.0
2008-11,MUN,SP|RIBEIRAO PRETO,glp,75,34.0,32.0,35.74,30.0,36.0
2008-11,MUN,SP|RIO CLARO,glp,7,30.0,28.0,30.8,28.0,32.0
2008-11,MUN,SP|SALTO,glp,16,32.0,31.5,33.0,29.0,34.0
2008-11,MUN,SP|SANTA BARBARA D'OESTE,glp,19,36.0,35.0,36.2,35.0,37.0
2008-11,MUN,SP|SANTA CRUZ DO RIO PARDO,glp,9,33.0,32.0,34.2,32.0,35.0
2008-11,MUN,SP|SANTO ANDRE,glp,38,33.5,29.99,36.5,29.49,36.5
2008-11,MUN,SP|SANTOS,glp,10,32.5,30.449,35.25,29.99,37.5
2008-11,MUN,SP|SAO BERNARDO DO CAMPO,glp,35,33.5,30.7,35.0,29.995,35.0
2008-11,MUN,SP|SAO CAETANO DO SUL,glp,4,32.0,30.293,34.4,29.99,35.0
2008-11,MUN,SP|SAO CARLOS,glp,17,33.0,31.6,33.0,30.0,34.0
2008-11,MUN,SP|SAO JOAO DA BOA VISTA,glp,8,33.0,32.0,33.0,32.0,33.0
2008-11,MUN,SP|SAO JOAQUIM DA BARRA,glp,10,32.0,31.99,32.0,31.9,32.0
2008-11,MUN,SP|SAO JOSE DO RIO PRETO,glp,61,32.5,32.0,34.0,30.0,34.0
2008-11,MUN,SP|SAO JOSE DOS CAMPOS,glp,69,32.0,29.99,34.0,25.0,36.0
2008-11,MUN,SP|SAO PAULO,glp,217,30.0,28.99,34.0,28.0,38.0
2008-11,MUN,SP|SAO ROQUE,glp,7,31.0,30.6,31.9,30.0,31.9
2008-11,MUN,SP|SAO VICENTE,glp,18,32.0,28.697,32.3,27.99,35.0
2008-11,MUN,SP|SERTAOZINHO,glp,22,32.0,32.0,33.0,31.0,35.0
2008-11,MUN,SP|SOROCABA,glp,28,31.0,30.0,32.93,29.9,34.0
2008-11,MUN,SP|SUMARE,glp,23,32.0,30.0,34.0,30.0,34.0
2008-11,MUN,SP|SUZANO,glp,20,32.0,30.6,33.1,26.99,34.0
2008-11,MUN,SP|TABOAO DA SERRA,glp,6,29.995,28.99,32.5,28.99,33.0
2008-11,MUN,SP|TATUI,glp,7,33.0,30.6,34.0,30.0,34.0
2008-11,MUN,SP|TAUBATE,glp,37,30.0,28.0,30.0,27.0,32.0
2008-11,MUN,SP|TUPA,glp,5,32.5,27.9,34.2,27.9,35.0
2008-11,MUN,SP|UBATUBA,glp,10,30.75,29.81,33.05,29.0,33.5
2008-11,MUN,SP|VALINHOS,glp,8,33.5,32.693,34.0,32.0,34.0
2008-11,MUN,SP|VARZEA PAULISTA,glp,10,30.0,28.81,30.2,28.0,32.0
2008-11,MUN,SP|VINHEDO,glp,5,34.0,32.39,34.6,31.99,35.0
2008-11,MUN,SP|VOTORANTIM,glp,18,30.0,28.0,30.3,27.99,32.0
2008-11,MUN,SP|VOTUPORANGA,glp,15,30.0,30.0,32.0,30.0,33.0
2008-11,MUN,TO|ARAGUAINA,glp,12,40.0,38.0,40.0,38.0,40.0
2008-11,MUN,TO|COMBINADO,glp,1,37.0,37.0,37.0,37.0,37.0
2008-11,MUN,TO|DIANOPOLIS,glp,6,36.5,36.0,37.0,36.0,37.0
2008-11,MUN,TO|GURUPI,glp,56,35.0,35.0,36.0,35.0,36.0
2008-11,MUN,TO|PALMAS,glp,24,37.0,36.15,38.0,35.0,38.5
2008-11,MUN,TO|PARAISO DO TOCANTINS,glp,13,37.0,37.0,37.0,37.0,37.0
2008-11,MUN,TO|PORTO NACIONAL,glp,9,37.0,36.0,37.0,36.0,37.0
2008-11,MUN,TO|TAGUATINGA,glp,1,37.0,37.0,37.0,37.0,37.0
2008-11,UF,AC,glp,95,38.75,38.0,40.0,34.5,47.0
2008-11,UF,AL,glp,31,32.0,31.0,33.0,30.0,33.0
2008-11,UF,AM,glp,318,28.0,27.0,30.0,25.5,38.0
2008-11,UF,AP,glp,24,37.0,36.575,40.0,34.0,47.0
2008-11,UF,BA,glp,316,33.0,30.0,36.0,28.0,38.5
2008-11,UF,CE,glp,210,36.75,32.95,37.5,30.0,39.0
2008-11,UF,DF,glp,128,38.0,35.0,39.0,32.0,40.02
2008-11,UF,ES,glp,127,34.0,32.0,35.0,29.9,36.0
2008-11,UF,GO,glp,879,32.0,31.0,37.0,30.0,39.0
2008-11,UF,MA,glp,118,37.0,33.75,40.0,33.0,40.0
2008-11,UF,MG,glp,1170,35.0,32.0,37.0,28.0,40.0
2008-11,UF,MS,glp,261,35.0,33.0,40.0,32.0,42.0
2008-11,UF,MT,glp,81,40.0,38.0,42.0,37.0,42.0
2008-11,UF,PA,glp,223,33.0,32.0,39.0,30.0,40.0
2008-11,UF,PB,glp,73,33.0,33.0,35.0,30.0,35.0
2008-11,UF,PE,glp,239,33.0,32.0,35.0,28.0,38.0
2008-11,UF,PI,glp,63,37.0,35.0,37.0,32.5,40.0
2008-11,UF,PR,glp,749,32.0,30.0,35.0,27.9,39.0
2008-11,UF,RJ,glp,287,32.0,30.0,35.0,26.0,37.0
2008-11,UF,RN,glp,31,32.0,31.0,35.0,30.0,35.0
2008-11,UF,RO,glp,150,35.0,34.0,40.5,33.0,42.0
2008-11,UF,RR,glp,25,39.0,37.2,40.0,36.0,41.0
2008-11,UF,RS,glp,692,35.0,32.0,38.0,27.9,44.0
2008-11,UF,SC,glp,342,37.0,35.0,39.0,30.0,42.5
2008-11,UF,SE,glp,34,33.0,30.0,34.0,30.0,34.0
2008-11,UF,SP,glp,2069,32.0,29.99,35.0,24.99,38.0
2008-11,UF,TO,glp,122,36.0,35.0,38.0,35.0,40.0
2008-12,BR,BR,glp,8813,33.0,30.0,38.0,24.0,49.0
2008-12,MUN,AC|CRUZEIRO DO SUL,glp,1,47.0,47.0,47.0,47.0,47.0
2008-12,MUN,AC|RIO BRANCO,glp,71,39.0,38.0,40.0,37.5,40.0
2008-12,MUN,AC|SENA MADUREIRA,glp,3,41.0,41.0,41.0,41.0,41.0
2008-12,MUN,AC|SENADOR GUIOMARD,glp,2,37.5,35.5,39.5,35.0,40.0
2008-12,MUN,AC|TARAUACA,glp,2,45.0,45.0,45.0,45.0,45.0
2008-12,MUN,AC|XAPURI,glp,3,41.0,40.2,41.8,40.0,42.0
2008-12,MUN,AL|ARAPIRACA,glp,4,33.0,33.0,33.0,33.0,33.0
2008-12,MUN,AL|DELMIRO GOUVEIA,glp,1,32.0,32.0,32.0,32.0,32.0
2008-12,MUN,AL|IGACI,glp,1,32.0,32.0,32.0,32.0,32.0
2008-12,MUN,AL|MACEIO,glp,14,32.0,31.3,32.7,31.0,33.0
2008-12,MUN,AL|MARECHAL DEODORO,glp,1,32.0,32.0,32.0,32.0,32.0
2008-12,MUN,AL|PALMEIRA DOS INDIOS,glp,5,32.0,30.4,32.6,30.0,33.0
2008-12,MUN,AL|RIO LARGO,glp,3,32.0,30.4,32.0,30.0,32.0
2008-12,MUN,AL|SANTANA DO IPANEMA,glp,2,32.0,32.0,32.0,32.0,32.0
2008-12,MUN,AM|HUMAITA,glp,2,36.0,34.4,37.6,34.0,38.0
2008-12,MUN,AM|ITACOATIARA,glp,5,32.0,32.0,34.2,32.0,35.0
2008-12,MUN,AM|MANACAPURU,glp,2,30.0,30.0,30.0,30.0,30.0
2008-12,MUN,AM|MANAUS,glp,275,28.0,27.0,30.0,25.5,31.5
2008-12,MUN,AM|PARINTINS,glp,2,29.0,28.2,29.8,28.0,30.0
2008-12,MUN,AM|PRESIDENTE FIGUEIREDO,glp,1,34.0,34.0,34.0,34.0,34.0
2008-12,MUN,AP|CALCOENE,glp,1,40.0,40.0,40.0,40.0,40.0
2008-12,MUN,AP|LARANJAL DO JARI,glp,1,40.0,40.0,40.0,40.0,40.0
2008-12,MUN,AP|MACAPA,glp,18,37.0,36.7,37.0,35.0,37.5
2008-12,MUN,AP|OIAPOQUE,glp,2,49.0,49.0,49.0,49.0,49.0
2008-12,MUN,AP|SANTANA,glp,4,37.0,37.0,37.7,37.0,38.0
2008-12,MUN,BA|ALAGOINHAS,glp,4,35.0,35.0,35.0,35.0,35.0
2008-12,MUN,BA|BARRA,glp,3,35.0,35.0,35.0,35.0,35.0
2008-12,MUN,BA|BARREIRAS,glp,10,36.0,36.0,36.0,36.0,36.0
2008-12,MUN,BA|BRUMADO,glp,6,34.0,34.0,34.0,34.0,34.0
2008-12,MUN,BA|CAETITE,glp,6,32.0,32.0,32.0,32.0,32.0
2008-12,MUN,BA|CAMACARI,glp,8,38.25,37.1,38.5,35.0,38.5
2008-12,MUN,BA|CAMPO FORMOSO,glp,3,35.0,35.0,35.0,35.0,35.0
2008-12,MUN,BA|CANDEIAS,glp,5,33.0,30.8,33.0,30.0,33.0
2008-12,MUN,BA|CAPIM GROSSO,glp,1,35.0,35.0,35.0,35.0,35.0
2008-12,MUN,BA|EUNAPOLIS,glp,6,35.0,35.0,35.0,35.0,35.0
2008-12,MUN,BA|FEIRA DE SANTANA,glp,8,35.0,33.5,35.5,30.0,35.5
2008-12,MUN,BA|GUANAMBI,glp,12,30.0,28.2,30.0,28.0,31.0
2008-12,MUN,BA|ILHEUS,glp,9,36.0,35.6,36.0,34.0,36.0
2008-12,MUN,BA|IPIRA,glp,5,35.0,35.0,35.0,35.0,35.0
2008-12,MUN,BA|IRECE,glp,5,35.0,35.0,35.0,35.0,35.0
2008-12,MUN,BA|ITABUNA,glp,8,35.0,35.0,35.0,35.0,35.0
2008-12,MUN,BA|ITAMARAJU,glp,3,33.0,33.0,33.0,33.0,33.0
2008-12,MUN,BA|JACOBINA,glp,5,38.0,37.4,38.0,37.0,38.0
2008-12,MUN,BA|JAGUAQUARA,glp,9,33.0,30.0,33.4,30.0,35.0
2008-12,MUN,BA|JEQUIE,glp,4,30.0,30.0,32.1,30.0,33.0
2008-12,MUN,BA|JUAZEIRO,glp,3,35.0,35.0,35.0,35.0,35.0
2008-12,MUN,BA|LAURO DE FREITAS,glp,11,32.0,29.0,34.0,28.0,35.0
2008-12,MUN,BA|LIVRAMENTO DE NOSSA SENHORA,glp,1,30.0,30.0,30.0,30.0,30.0
2008-12,MUN,BA|PAULO AFONSO,glp,5,33.0,33.0,33.6,33.0,34.0
2008-12,MUN,BA|POCOES,glp,3,34.0,30.8,34.0,30.0,34.0
2008-12,MUN,BA|PORTO SEGURO,glp,9,35.0,35.0,35.0,35.0,35.0
2008-12,MUN,BA|RUY BARBOSA,glp,3,33.0,33.0,33.0,33.0,33.0
2008-12,MUN,BA|SALVADOR,glp,129,32.0,30.0,34.0,27.0,35.0
2008-12,MUN,BA|SANTO ANTONIO DE JESUS,glp,7,32.0,31.6,33.0,31.0,33.0
2008-12,MUN,BA|SENHOR DO BONFIM,glp,4,35.0,35.0,35.0,35.0,35.0
2008-12,MUN,BA|SERRINHA,glp,3,35.0,35.0,35.0,35.0,35.0
2008-12,MUN,BA|SIMOES FILHO,glp,6,33.0,32.0,35.0,32.0,35.0
2008-12,MUN,BA|TEIXEIRA DE FREITAS,glp,5,35.0,35.0,35.0,35.0,35.0
2008-12,MUN,BA|URANDI,glp,1,31.0,31.0,31.0,31.0,31.0
2008-12,MUN,BA|VALENCA,glp,4,33.0,33.0,34.4,33.0,35.0
2008-12,MUN,BA|VITORIA DA CONQUISTA,glp,2,32.0,31.2,32.8,31.0,33.0
2008-12,MUN,CE|ARACOIABA,glp,1,35.0,35.0,35.0,35.0,35.0
2008-12,MUN,CE|BEBERIBE,glp,1,34.0,34.0,34.0,34.0,34.0
2008-12,MUN,CE|CANINDE,glp,2,33.0,33.0,33.0,33.0,33.0
2008-12,MUN,CE|CAUCAIA,glp,36,37.0,35.5,37.0,35.0,37.0
2008-12,MUN,CE|CRATEUS,glp,3,32.0,32.0,32.8,32.0,33.0
2008-12,MUN,CE|CRATO,glp,7,32.0,30.6,33.0,30.0,33.0
2008-12,MUN,CE|FORTALEZA,glp,119,37.0,36.0,38.0,33.0,39.0
2008-12,MUN,CE|ICO,glp,3,32.0,30.4,32.0,30.0,32.0
2008-12,MUN,CE|IGUATU,glp,4,34.0,33.3,34.0,33.0,34.0
2008-12,MUN,CE|IPU,glp,3,34.0,32.4,34.0,32.0,34.0
2008-12,MUN,CE|ITAPIPOCA,glp,3,31.0,31.0,32.6,31.0,33.0
2008-12,MUN,CE|JUAZEIRO DO NORTE,glp,6,31.5,31.0,33.0,31.0,33.0
2008-12,MUN,CE|LIMOEIRO DO NORTE,glp,2,36.0,36.0,36.0,36.0,36.0
2008-12,MUN,CE|MARACANAU,glp,6,36.5,35.5,38.0,35.0,38.0
2008-12,MUN,CE|MORADA NOVA,glp,4,33.5,33.0,34.0,33.0,34.0
2008-12,MUN,CE|PEDRA BRANCA,glp,2,33.0,32.2,33.8,32.0,34.0
2008-12,MUN,CE|QUIXADA,glp,7,34.0,34.0,34.0,34.0,34.0
2008-12,MUN,CE|SAO GONCALO DO AMARANTE,glp,1,33.0,33.0,33.0,33.0,33.0
2008-12,MUN,CE|SOBRAL,glp,3,33.0,33.0,33.0,33.0,33.0
2008-12,MUN,DF|BRASILIA,glp,128,36.0,34.0,38.0,29.0,39.0
2008-12,MUN,ES|ARACRUZ,glp,5,33.0,31.2,35.0,30.0,35.0
2008-12,MUN,ES|BARRA DE SAO FRANCISCO,glp,6,32.0,32.0,35.0,32.0,35.0
2008-12,MUN,ES|CACHOEIRO DE ITAPEMIRIM,glp,12,33.0,32.0,33.0,29.9,35.0
2008-12,MUN,ES|CARIACICA,glp,16,34.0,32.495,35.0,30.0,35.0
2008-12,MUN,ES|CASTELO,glp,2,32.5,32.1,32.9,32.0,33.0
2008-12,MUN,ES|COLATINA,glp,6,33.0,33.0,34.0,33.0,35.0
2008-12,MUN,ES|GUARAPARI,glp,6,34.0,33.0,35.5,32.0,36.0
2008-12,MUN,ES|ITAPEMIRIM,glp,1,34.0,34.0,34.0,34.0,34.0
2008-12,MUN,ES|JAGUARE,glp,3,34.0,34.0,34.72,34.0,34.9
2008-12,MUN,ES|LINHARES,glp,11,35.0,35.0,35.0,35.0,35.0
2008-12,MUN,ES|NOVA VENECIA,glp,1,32.0,32.0,32.0,32.0,32.0
2008-12,MUN,ES|PIUMA,glp,1,34.0,34.0,34.0,34.0,34.0
2008-12,MUN,ES|SAO MATEUS,glp,8,34.0,34.0,34.3,34.0,35.0
2008-12,MUN,ES|SERRA,glp,34,34.0,32.0,35.0,32.0,35.0
2008-12,MUN,ES|VILA VELHA,glp,13,34.0,32.0,34.0,32.0,34.0
2008-12,MUN,ES|VITORIA,glp,2,34.0,34.0,34.0,34.0,34.0
2008-12,MUN,GO|AGUAS LINDAS DE GOIAS,glp,6,33.0,33.0,33.5,33.0,34.0
2008-12,MUN,GO|ANAPOLIS,glp,105,32.0,30.398,33.0,29.0,34.0
2008-12,MUN,GO|APARECIDA DE GOIANIA,glp,106,32.0,31.75,33.0,31.0,33.0
2008-12,MUN,GO|BELA VISTA DE GOIAS,glp,1,31.5,31.5,31.5,31.5,31.5
2008-12,MUN,GO|CALDAS NOVAS,glp,37,35.0,33.3,35.0,32.0,38.0
2008-12,MUN,GO|CATALAO,glp,13,30.0,30.0,30.0,30.0,30.0
2008-12,MUN,GO|FORMOSA,glp,36,37.0,37.0,37.0,37.0,37.0
2008-12,MUN,GO|GOIANIA,glp,298,31.5,31.0,32.0,30.0,33.0
2008-12,MUN,GO|GOIATUBA,glp,11,34.0,32.0,34.0,32.0,34.0
2008-12,MUN,GO|ITUMBIARA,glp,18,33.0,33.0,33.0,33.0,33.0
2008-12,MUN,GO|JATAI,glp,24,35.0,35.0,35.0,34.0,37.0
2008-12,MUN,GO|LUZIANIA,glp,60,33.0,32.0,34.0,31.0,34.0
2008-12,MUN,GO|MINEIROS,glp,18,38.0,38.0,38.0,35.0,38.0
2008-12,MUN,GO|MORRINHOS,glp,20,34.0,32.99,35.0,32.9,39.0
2008-12,MUN,GO|PLANALTINA,glp,22,38.0,35.0,38.9,35.0,39.0
2008-12,MUN,GO|PONTALINA,glp,1,34.0,34.0,34.0,34.0,34.0
2008-12,MUN,GO|PORANGATU,glp,14,32.5,32.0,33.0,31.0,33.0
2008-12,MUN,GO|RIO VERDE,glp,31,38.0,38.0,38.0,36.0,38.0
2008-12,MUN,GO|SANTO ANTONIO DE GOIAS,glp,1,33.0,33.0,33.0,33.0,33.0
2008-12,MUN,GO|TRINDADE,glp,43,31.0,30.6,32.0,30.0,32.0
2008-12,MUN,GO|VALPARAISO DE GOIAS,glp,12,30.0,30.0,31.0,30.0,32.5
2008-12,MUN,MA|ACAILANDIA,glp,2,40.0,40.0,40.0,40.0,40.0
2008-12,MUN,MA|BACABAL,glp,2,37.0,36.6,37.4,36.5,37.5
2008-12,MUN,MA|BALSAS,glp,3,40.0,40.0,40.0,40.0,40.0
2008-12,MUN,MA|BARRA DO CORDA,glp,2,40.0,40.0,40.0,40.0,40.0
2008-12,MUN,MA|CAROLINA,glp,3,40.0,40.0,40.0,40.0,40.0
2008-12,MUN,MA|CAXIAS,glp,1,38.0,38.0,38.0,38.0,38.0
2008-12,MUN,MA|CODO,glp,2,38.5,38.5,38.5,38.5,38.5
2008-12,MUN,MA|IMPERATRIZ,glp,41,40.0,40.0,40.0,40.0,40.0
2008-12,MUN,MA|MATINHA,glp,1,34.5,34.5,34.5,34.5,34.5
2008-12,MUN,MA|PINHEIRO,glp,2,37.5,37.1,37.9,37.0,38.0
2008-12,MUN,MA|PRESIDENTE DUTRA,glp,2,35.0,35.0,35.0,35.0,35.0
2008-12,MUN,MA|SANTA INES,glp,2,35.0,35.0,35.0,35.0,35.0
2008-12,MUN,MA|SAO JOAO DOS PATOS,glp,2,38.0,38.0,38.0,38.0,38.0
2008-12,MUN,MA|SAO JOSE DE RIBAMAR,glp,13,34.0,33.5,34.2,33.5,35.0
2008-12,MUN,MA|SAO LUIS,glp,39,34.0,33.5,34.0,33.0,35.0
2008-12,MUN,MA|TIMON,glp,1,37.0,37.0,37.0,37.0,37.0
2008-12,MUN,MG|ALFENAS,glp,19,35.0,32.8,36.0,30.0,36.0
2008-12,MUN,MG|ARAGUARI,glp,15,35.0,35.0,35.6,35.0,36.0
2008-12,MUN,MG|ARAXA,glp,3,34.0,33.2,34.8,33.0,35.0
2008-12,MUN,MG|BARBACENA,glp,15,33.0,31.0,33.0,31.0,36.0
2008-12,MUN,MG|BELO HORIZONTE,glp,133,35.0,33.0,36.0,30.0,37.0
2008-12,MUN,MG|BETIM,glp,40,35.0,33.0,35.0,32.0,36.0
2008-12,MUN,MG|BOM DESPACHO,glp,2,37.0,37.0,37.0,37.0,37.0
2008-12,MUN,MG|CAMPO BELO,glp,9,35.0,35.0,35.0,35.0,35.0
2008-12,MUN,MG|CARATINGA,glp,2,32.5,32.1,32.9,32.0,33.0
2008-12,MUN,MG|CATAGUASES,glp,2,35.5,35.1,35.9,35.0,36.0
2008-12,MUN,MG|CONCEICAO DAS ALAGOAS,glp,1,35.0,35.0,35.0,35.0,35.0
2008-12,MUN,MG|CONGONHAS,glp,9,36.0,35.0,36.0,35.0,36.0
2008-12,MUN,MG|CONSELHEIRO LAFAIETE,glp,4,35.5,33.6,36.7,33.0,37.0
2008-12,MUN,MG|CONTAGEM,glp,72,34.5,34.0,35.9,31.0,36.0
2008-12,MUN,MG|CORONEL FABRICIANO,glp,3,36.0,35.2,36.0,35.0,36.0
2008-12,MUN,MG|CURVELO,glp,9,35.0,34.8,36.0,34.0,36.0
2008-12,MUN,MG|DIAMANTINA,glp,9,35.0,34.0,36.0,30.0,36.0
2008-12,MUN,MG|DIVINOPOLIS,glp,17,36.0,35.0,37.0,35.0,38.0
2008-12,MUN,MG|FORMIGA,glp,10,35.0,32.9,35.0,32.0,35.0
2008-12,MUN,MG|FRUTAL,glp,5,34.0,34.0,34.6,34.0,35.0
2008-12,MUN,MG|GOVERNADOR VALADARES,glp,20,34.0,32.9,35.0,32.0,35.66
2008-12,MUN,MG|GUAXUPE,glp,7,32.0,32.0,34.2,32.0,36.0
2008-12,MUN,MG|IBIRITE,glp,10,35.0,33.9,35.91,33.0,36.0
2008-12,MUN,MG|IPATINGA,glp,15,35.0,33.4,35.0,33.0,35.0
2008-12,MUN,MG|ITABIRA,glp,3,38.0,38.0,38.0,38.0,38.0
2008-12,MUN,MG|ITAJUBA,glp,12,34.0,32.0,35.0,30.0,35.0
2008-12,MUN,MG|ITAUNA,glp,14,33.0,33.0,34.0,33.0,35.0
2008-12,MUN,MG|ITUIUTABA,glp,17,34.0,33.0,35.0,32.0,35.0
2008-12,MUN,MG|ITURAMA,glp,1,35.0,35.0,35.0,35.0,35.0
2008-12,MUN,MG|JANAUBA,glp,2,36.0,36.0,36.0,36.0,36.0
2008-12,MUN,MG|JANUARIA,glp,8,36.0,34.7,36.0,34.0,36.0
2008-12,MUN,MG|JOAO MONLEVADE,glp,7,35.0,34.0,35.4,34.0,36.0
2008-12,MUN,MG|JOAO PINHEIRO,glp,17,38.0,35.6,38.8,35.0,40.0
2008-12,MUN,MG|JUIZ DE FORA,glp,101,37.0,35.0,38.0,34.0,39.0
2008-12,MUN,MG|LAVRAS,glp,10,32.5,28.0,35.0,28.0,35.0
2008-12,MUN,MG|LEOPOLDINA,glp,5,35.0,35.0,35.0,35.0,35.0
2008-12,MUN,MG|MANHUACU,glp,4,33.5,31.53,35.4,30.9,36.0
2008-12,MUN,MG|MARIANA,glp,5,32.0,32.0,32.0,32.0,32.0
2008-12,MUN,MG|MATIAS BARBOSA,glp,1,35.0,35.0,35.0,35.0,35.0
2008-12,MUN,MG|MONTE CARMELO,glp,17,32.0,31.0,33.0,30.0,36.0
2008-12,MUN,MG|MONTES CLAROS,glp,37,36.0,35.0,36.0,35.0,37.0
2008-12,MUN,MG|MURIAE,glp,3,32.0,30.08,34.4,29.6,35.0
2008-12,MUN,MG|NOVA LIMA,glp,9,36.0,35.0,36.4,35.0,38.0
2008-12,MUN,MG|OLIVEIRA,glp,7,35.0,35.0,35.0,35.0,35.0
2008-12,MUN,MG|OURO PRETO,glp,8,36.0,35.0,36.0,35.0,36.0
2008-12,MUN,MG|PARA DE MINAS,glp,10,36.7,33.0,37.5,33.0,37.5
2008-12,MUN,MG|PARACATU,glp,8,38.0,37.4,40.0,36.0,40.0
2008-12,MUN,MG|PASSOS,glp,16,30.0,30.0,32.0,30.0,32.0
2008-12,MUN,MG|PATOS DE MINAS,glp,18,35.0,33.0,35.0,33.0,36.0
2008-12,MUN,MG|PATROCINIO,glp,18,35.5,34.0,36.0,34.0,36.0
2008-12,MUN,MG|POCOS DE CALDAS,glp,16,32.0,32.0,32.0,30.0,32.0
2008-12,MUN,MG|POUSO ALEGRE,glp,18,37.0,36.7,37.0,36.0,37.0
2008-12,MUN,MG|RIBEIRAO DAS NEVES,glp,22,34.0,33.0,34.95,30.0,35.0
2008-12,MUN,MG|SABARA,glp,16,35.0,30.5,36.0,30.0,37.0
2008-12,MUN,MG|SANTA LUZIA,glp,24,35.0,33.0,35.7,33.0,36.0
2008-12,MUN,MG|SANTOS DUMONT,glp,5,35.0,35.0,35.0,35.0,35.0
2008-12,MUN,MG|SAO GOTARDO,glp,1,35.0,35.0,35.0,35.0,35.0
2008-12,MUN,MG|SAO JOAO DEL REI,glp,14,37.0,35.3,37.0,34.0,37.0
2008-12,MUN,MG|SAO LOURENCO,glp,2,30.0,30.0,30.0,30.0,30.0
2008-12,MUN,MG|SAO SEBASTIAO DO PARAISO,glp,11,35.0,33.0,35.0,32.4,36.0
2008-12,MUN,MG|SETE LAGOAS,glp,15,33.0,31.0,35.2,31.0,36.0
2008-12,MUN,MG|TEOFILO OTONI,glp,27,36.0,35.0,36.0,34.0,36.0
2008-12,MUN,MG|TIMOTEO,glp,6,35.0,34.0,35.0,34.0,35.0
2008-12,MUN,MG|TRES CORACOES,glp,8,30.0,30.0,31.2,30.0,34.0
2008-12,MUN,MG|UBA,glp,7,35.0,35.0,35.0,35.0,35.0
2008-12,MUN,MG|UBERABA,glp,52,35.0,35.0,35.0,34.0,35.0
2008-12,MUN,MG|UBERLANDIA,glp,98,34.0,33.0,35.0,31.0,36.0
2008-12,MUN,MG|UNAI,glp,12,39.0,39.0,39.0,39.0,39.0
2008-12,MUN,MG|VARGINHA,glp,18,36.0,34.0,36.0,32.0,36.0
2008-12,MUN,MG|VESPASIANO,glp,10,33.0,33.0,35.1,33.0,36.0
2008-12,MUN,MG|VICOSA,glp,3,35.0,35.0,35.0,35.0,35.0
2008-12,MUN,MS|BATAYPORA,glp,1,38.0,38.0,38.0,38.0,38.0
2008-12,MUN,MS|CAMPO GRANDE,glp,134,34.0,33.0,35.0,32.0,36.0
2008-12,MUN,MS|CORUMBA,glp,7,42.0,42.0,42.0,42.0,42.0
2008-12,MUN,MS|COXIM,glp,9,40.0,39.8,40.0,39.0,40.0
2008-12,MUN,MS|DOURADOS,glp,56,39.0,37.5,40.0,35.0,40.0
2008-12,MUN,MS|NOVA ANDRADINA,glp,15,38.0,35.0,38.0,34.0,38.0
2008-12,MUN,MS|PARANAIBA,glp,18,40.0,39.4,40.0,38.0,40.0
2008-12,MUN,MS|PONTA PORA,glp,5,37.0,36.0,39.0,36.0,39.0
2008-12,MUN,MS|SAO GABRIEL DO OESTE,glp,1,40.0,40.0,40.0,40.0,40.0
2008-12,MUN,MS|TRES LAGOAS,glp,16,38.0,37.0,38.0,36.0,38.0
2008-12,MUN,MT|ALTA FLORESTA,glp,5,40.0,40.0,41.2,40.0,42.0
2008-12,MUN,MT|CACERES,glp,8,38.0,38.0,39.0,38.0,39.0
2008-12,MUN,MT|CUIABA,glp,31,41.0,40.0,41.0,39.0,42.0
2008-12,MUN,MT|RONDONOPOLIS,glp,9,41.0,40.0,42.0,40.0,42.0
2008-12,MUN,MT|SINOP,glp,11,40.0,40.0,42.0,40.0,42.0
2008-12,MUN,MT|SORRISO,glp,7,38.0,38.0,38.4,38.0,39.0
2008-12,MUN,MT|VARZEA GRANDE,glp,10,40.0,40.0,42.0,40.0,42.0
2008-12,MUN,PA|ABAETETUBA,glp,3,34.0,34.0,34.0,34.0,34.0
2008-12,MUN,PA|ALENQUER,glp,2,36.5,36.1,36.9,36.0,37.0
2008-12,MUN,PA|ALTAMIRA,glp,9,39.0,38.0,39.0,38.0,39.0
2008-12,MUN,PA|ANANINDEUA,glp,64,32.0,32.0,33.0,31.0,33.0
2008-12,MUN,PA|BELEM,glp,77,33.0,32.0,33.0,30.0,34.0
2008-12,MUN,PA|BRAGANCA,glp,4,37.0,35.6,37.0,35.0,37.0
2008-12,MUN,PA|BREVES,glp,2,33.0,33.0,33.0,33.0,33.0
2008-12,MUN,PA|CAMETA,glp,3,34.0,32.4,34.0,32.0,34.0
2008-12,MUN,PA|CASTANHAL,glp,7,34.0,34.0,35.0,34.0,35.0
2008-12,MUN,PA|CONCEICAO DO ARAGUAIA,glp,2,37.0,37.0,37.0,37.0,37.0
2008-12,MUN,PA|ITAITUBA,glp,7,40.0,40.0,40.0,40.0,40.0
2008-12,MUN,PA|MARABA,glp,1,39.0,39.0,39.0,39.0,39.0
2008-12,MUN,PA|PARAGOMINAS,glp,3,39.0,39.0,39.0,39.0,39.0
2008-12,MUN,PA|PARAUAPEBAS,glp,3,40.0,39.2,40.0,39.0,40.0
2008-12,MUN,PA|REDENCAO,glp,5,34.0,34.0,34.0,34.0,34.0
2008-12,MUN,PA|SANTAREM,glp,20,35.0,34.0,36.1,34.0,40.0
2008-12,MUN,PA|TUCURUI,glp,4,38.0,38.0,38.0,38.0,38.0
2008-12,MUN,PA|XINGUARA,glp,7,40.0,39.0,40.0,39.0,40.0
2008-12,MUN,PB|BAYEUX,glp,4,35.0,33.6,35.0,33.0,35.0
2008-12,MUN,PB|CABEDELO,glp,3,35.0,33.4,35.0,33.0,35.0
2008-12,MUN,PB|CAMPINA GRANDE,glp,20,35.0,31.8,35.0,30.0,35.0
2008-12,MUN,PB|GUARABIRA,glp,1,35.0,35.0,35.0,35.0,35.0
2008-12,MUN,PB|INGA,glp,1,35.0,35.0,35.0,35.0,35.0
2008-12,MUN,PB|JOAO PESSOA,glp,32,33.0,32.1,33.9,30.0,35.0
2008-12,MUN,PB|MAMANGUAPE,glp,2,33.0,33.0,33.0,33.0,33.0
2008-12,MUN,PB|PATOS,glp,5,35.0,35.0,35.0,35.0,35.0
2008-12,MUN,PB|SANTA RITA,glp,4,33.0,30.9,34.4,30.0,35.0
2008-12,MUN,PB|SAPE,glp,2,35.0,35.0,35.0,35.0,35.0
2008-12,MUN,PB|SOUSA,glp,3,33.0,30.6,33.0,30.0,33.0
2008-12,MUN,PE|ABREU E LIMA,glp,7,35.0,31.2,35.0,30.0,35.0
2008-12,MUN,PE|AFOGADOS DA INGAZEIRA,glp,1,33.0,33.0,33.0,33.0,33.0
2008-12,MUN,PE|AGUAS BELAS,glp,1,36.0,36.0,36.0,36.0,36.0
2008-12,MUN,PE|ARARIPINA,glp,1,33.0,33.0,33.0,33.0,33.0
2008-12,MUN,PE|ARCOVERDE,glp,1,36.0,36.0,36.0,36.0,36.0
2008-12,MUN,PE|BELO JARDIM,glp,4,33.0,33.0,33.0,33.0,33.0
2008-12,MUN,PE|BOM CONSELHO,glp,3,35.0,35.0,35.0,35.0,35.0
2008-12,MUN,PE|CABO DE SANTO AGOSTINHO,glp,5,33.0,32.4,35.0,32.0,35.0
2008-12,MUN,PE|CAMARAGIBE,glp,12,32.5,32.0,33.0,32.0,33.0
2008-12,MUN,PE|CARUARU,glp,6,32.5,30.0,34.0,30.0,35.0
2008-12,MUN,PE|GARANHUNS,glp,4,33.0,33.0,33.0,33.0,33.0
2008-12,MUN,PE|GOIANA,glp,2,30.0,30.0,30.0,30.0,30.0
2008-12,MUN,PE|GRAVATA,glp,4,34.0,32.3,35.0,32.0,35.0
2008-12,MUN,PE|IGARASSU,glp,8,35.0,31.7,35.0,31.0,35.0
2008-12,MUN,PE|JABOATAO DOS GUARARAPES,glp,35,33.0,32.0,33.0,32.0,33.0
2008-12,MUN,PE|JUCATI,glp,1,33.0,33.0,33.0,33.0,33.0
2008-12,MUN,PE|LAJEDO,glp,4,30.0,30.0,30.0,30.0,30.0
2008-12,MUN,PE|MORENO,glp,1,33.0,33.0,33.0,33.0,33.0
2008-12,MUN,PE|OLINDA,glp,21,32.0,30.0,32.0,30.0,33.0
2008-12,MUN,PE|PAULISTA,glp,7,32.0,32.0,33.4,32.0,34.0
2008-12,MUN,PE|PETROLINA,glp,2,35.0,35.0,35.0,35.0,35.0
2008-12,MUN,PE|RECIFE,glp,70,32.0,30.0,33.0,30.0,35.0
2008-12,MUN,PE|SALGUEIRO,glp,2,35.0,35.0,35.0,35.0,35.0
2008-12,MUN,PE|SANTA CRUZ DO CAPIBARIBE,glp,3,38.0,38.0,38.0,38.0,38.0
2008-12,MUN,PE|SAO BENTO DO UNA,glp,2,33.0,33.0,33.0,33.0,33.0
2008-12,MUN,PE|SAO LOURENCO DA MATA,glp,12,32.5,32.0,33.0,32.0,33.0
2008-12,MUN,PE|SERRA TALHADA,glp,5,31.0,31.0,32.2,31.0,33.0
2008-12,MUN,PE|VENTUROSA,glp,1,36.0,36.0,36.0,36.0,36.0
2008-12,MUN,PE|VITORIA DE SANTO ANTAO,glp,10,35.0,34.9,35.0,34.0,35.0
2008-12,MUN,PI|BARRAS,glp,1,32.5,32.5,32.5,32.5,32.5
2008-12,MUN,PI|CAMPO MAIOR,glp,4,37.0,37.0,37.0,37.0,37.0
2008-12,MUN,PI|OEIRAS,glp,3,34.0,34.0,34.0,34.0,34.0
2008-12,MUN,PI|PARNAIBA,glp,1,37.0,37.0,37.0,37.0,37.0
2008-12,MUN,PI|PICOS,glp,2,38.0,38.0,38.0,38.0,38.0
2008-12,MUN,PI|PIRIPIRI,glp,3,37.0,37.0,37.0,37.0,37.0
2008-12,MUN,PI|TERESINA,glp,49,35.0,35.0,37.0,34.0,37.0
2008-12,MUN,PR|ALMIRANTE TAMANDARE,glp,9,30.0,29.0,30.4,29.0,32.0
2008-12,MUN,PR|APUCARANA,glp,20,30.0,28.0,34.0,28.0,34.0
2008-12,MUN,PR|ARAPONGAS,glp,17,33.0,33.0,34.0,32.0,34.0
2008-12,MUN,PR|ARAUCARIA,glp,9,30.0,30.0,32.6,30.0,35.0
2008-12,MUN,PR|ASSIS CHATEAUBRIAND,glp,4,31.95,30.57,33.33,30.0,33.9
2008-12,MUN,PR|CAMBE,glp,43,33.0,32.0,34.0,31.0,35.0
2008-12,MUN,PR|CAMPO LARGO,glp,16,30.0,29.0,30.0,28.0,32.0
2008-12,MUN,PR|CAMPO MOURAO,glp,9,30.0,28.0,30.6,28.0,33.0
2008-12,MUN,PR|CASCAVEL,glp,23,34.0,33.0,34.4,30.0,35.0
2008-12,MUN,PR|CASTRO,glp,14,33.0,33.0,33.7,32.95,34.0
2008-12,MUN,PR|CIANORTE,glp,16,36.0,35.0,38.0,31.0,38.0
2008-12,MUN,PR|COLOMBO,glp,31,31.0,30.0,32.9,30.0,33.0
2008-12,MUN,PR|CORNELIO PROCOPIO,glp,7,35.0,34.6,35.0,34.0,35.0
2008-12,MUN,PR|CURITIBA,glp,135,31.0,29.994,33.0,27.0,35.0
2008-12,MUN,PR|FOZ DO IGUACU,glp,31,39.0,38.0,39.0,38.0,39.0
2008-12,MUN,PR|FRANCISCO BELTRAO,glp,9,35.0,32.4,37.0,30.0,37.0
2008-12,MUN,PR|GUARAPUAVA,glp,11,32.0,29.9,32.0,29.9,34.0
2008-12,MUN,PR|LARANJEIRAS DO SUL,glp,6,37.0,35.0,37.0,34.0,37.0
2008-12,MUN,PR|LONDRINA,glp,105,32.0,31.0,32.0,30.0,34.0
2008-12,MUN,PR|MARECHAL CANDIDO RONDON,glp,11,37.0,37.0,37.0,35.0,38.0
2008-12,MUN,PR|MARINGA,glp,34,32.0,30.0,34.0,29.0,36.0
2008-12,MUN,PR|PARANAGUA,glp,19,35.0,31.6,35.0,30.0,35.0
2008-12,MUN,PR|PARANAVAI,glp,15,35.0,33.0,35.0,30.33,35.0
2008-12,MUN,PR|PATO BRANCO,glp,9,33.5,32.8,34.2,32.0,35.0
2008-12,MUN,PR|PINHAIS,glp,16,31.5,30.0,33.0,30.0,35.0
2008-12,MUN,PR|PIRAI DO SUL,glp,1,33.0,33.0,33.0,33.0,33.0
2008-12,MUN,PR|PONTA GROSSA,glp,66,33.0,32.0,34.0,30.0,35.0
2008-12,MUN,PR|SANTO ANTONIO DA PLATINA,glp,15,33.0,33.0,34.0,32.0,35.0
2008-12,MUN,PR|SAO JOSE DOS PINHAIS,glp,15,32.0,30.0,33.0,30.0,33.9
2008-12,MUN,PR|SARANDI,glp,1,34.0,34.0,34.0,34.0,34.0
2008-12,MUN,PR|TOLEDO,glp,11,35.0,32.0,35.0,30.0,35.0
2008-12,MUN,PR|UMUARAMA,glp,11,32.0,30.0,35.0,30.0,35.0
2008-12,MUN,PR|UNIAO DA VITORIA,glp,3,32.0,30.4,32.64,30.0,32.8
2008-12,MUN,RJ|ANGRA DOS REIS,glp,4,35.45,34.0,36.9,34.0,36.9
2008-12,MUN,RJ|ARARUAMA,glp,5,33.0,33.0,33.6,33.0,34.0
2008-12,MUN,RJ|ARMACAO DOS BUZIOS,glp,1,34.0,34.0,34.0,34.0,34.0
2008-12,MUN,RJ|BARRA DO PIRAI,glp,4,33.0,32.86,34.4,32.8,35.0
2008-12,MUN,RJ|BARRA MANSA,glp,18,35.0,32.0,35.3,31.0,36.0
2008-12,MUN,RJ|BELFORD ROXO,glp,6,30.5,30.0,31.5,30.0,32.0
2008-12,MUN,RJ|CABO FRIO,glp,4,30.0,29.3,30.0,29.0,30.0
2008-12,MUN,RJ|CAMPOS DOS GOYTACAZES,glp,16,32.0,30.0,34.5,30.0,35.0
2008-12,MUN,RJ|DUQUE DE CAXIAS,glp,29,32.0,30.0,34.2,29.0,35.0
2008-12,MUN,RJ|ITABORAI,glp,3,30.0,30.0,30.8,30.0,31.0
2008-12,MUN,RJ|ITAGUAI,glp,4,32.5,32.15,32.85,32.0,33.0
2008-12,MUN,RJ|ITAPERUNA,glp,4,30.0,30.0,30.0,30.0,30.0
2008-12,MUN,RJ|MACAE,glp,2,30.0,30.0,30.0,30.0,30.0
2008-12,MUN,RJ|MAGE,glp,2,31.5,31.1,31.9,31.0,32.0
2008-12,MUN,RJ|MANGARATIBA,glp,3,34.0,33.92,34.0,33.9,34.0
2008-12,MUN,RJ|MARICA,glp,2,31.0,30.2,31.8,30.0,32.0
2008-12,MUN,RJ|NILOPOLIS,glp,5,30.0,28.4,32.0,28.0,32.0
2008-12,MUN,RJ|NITEROI,glp,6,30.0,29.495,31.5,29.0,32.0
2008-12,MUN,RJ|NOVA FRIBURGO,glp,5,36.0,36.0,36.96,36.0,37.0
2008-12,MUN,RJ|NOVA IGUACU,glp,20,32.0,30.0,33.0,29.99,34.0
2008-12,MUN,RJ|PARAIBA DO SUL,glp,2,32.0,32.0,32.0,32.0,32.0
2008-12,MUN,RJ|PARATY,glp,2,34.0,34.0,34.0,34.0,34.0
2008-12,MUN,RJ|PETROPOLIS,glp,4,32.9,32.9,34.37,32.9,35.0
2008-12,MUN,RJ|RESENDE,glp,6,33.5,31.5,35.0,31.0,35.0
2008-12,MUN,RJ|RIO BONITO,glp,2,29.5,29.1,29.9,29.0,30.0
2008-12,MUN,RJ|RIO DE JANEIRO,glp,85,31.0,29.99,34.0,27.99,40.0
2008-12,MUN,RJ|SANTO ANTONIO DE PADUA,glp,1,32.0,32.0,32.0,32.0,32.0
2008-12,MUN,RJ|SAO FRANCISCO DE ITABAPOANA,glp,1,34.0,34.0,34.0,34.0,34.0
2008-12,MUN,RJ|SAO GONCALO,glp,7,29.99,27.996,32.0,27.99,32.0
2008-12,MUN,RJ|SAO JOAO DE MERITI,glp,7,33.0,32.0,34.4,32.0,35.0
2008-12,MUN,RJ|SAPUCAIA,glp,2,34.0,34.0,34.0,34.0,34.0
2008-12,MUN,RJ|SAQUAREMA,glp,3,31.0,30.2,31.8,30.0,32.0
2008-12,MUN,RJ|TERESOPOLIS,glp,3,30.0,29.92,34.0,29.9,35.0
2008-12,MUN,RJ|TRES RIOS,glp,2,33.0,33.0,33.0,33.0,33.0
2008-12,MUN,RJ|VALENCA,glp,6,35.0,34.5,36.0,34.0,36.0
2008-12,MUN,RJ|VASSOURAS,glp,3,35.0,35.0,35.0,35.0,35.0
2008-12,MUN,RJ|VOLTA REDONDA,glp,7,33.0,31.6,36.0,31.0,36.0
2008-12,MUN,RN|CAICO,glp,3,35.0,35.0,35.0,35.0,35.0
2008-12,MUN,RN|CURRAIS NOVOS,glp,6,35.0,35.0,35.0,35.0,35.0
2008-12,MUN,RN|MOSSORO,glp,3,32.0,30.4,32.0,30.0,32.0
2008-12,MUN,RN|NATAL,glp,14,32.0,31.0,32.0,30.0,32.5
2008-12,MUN,RN|PARNAMIRIM,glp,2,30.5,30.1,30.9,30.0,31.0
2008-12,MUN,RN|SAO JOSE DE MIPIBU,glp,2,32.0,32.0,32.0,32.0,32.0
2008-12,MUN,RN|TIMBAUBA DOS BATISTAS,glp,1,35.0,35.0,35.0,35.0,35.0
2008-12,MUN,RO|ARIQUEMES,glp,13,38.0,38.0,39.0,38.0,39.0
2008-12,MUN,RO|CACOAL,glp,8,38.75,38.0,40.6,38.0,42.0
2008-12,MUN,RO|GUAJARA-MIRIM,glp,4,38.5,38.0,41.1,38.0,42.0
2008-12,MUN,RO|JI-PARANA,glp,9,37.5,37.0,38.0,37.0,38.0
2008-12,MUN,RO|PIMENTA BUENO,glp,4,42.0,42.0,42.0,42.0,42.0
2008-12,MUN,RO|PORTO VELHO,glp,118,35.0,34.0,36.0,33.0,38.0
2008-12,MUN,RO|SAO MIGUEL DO GUAPORE,glp,1,42.0,42.0,42.0,42.0,42.0
2008-12,MUN,RO|VILHENA,glp,7,42.0,42.0,42.0,42.0,42.0
2008-12,MUN,RR|BOA VISTA,glp,22,38.0,37.05,39.9,36.0,40.0
2008-12,MUN,RR|MUCAJAI,glp,1,40.0,40.0,40.0,40.0,40.0
2008-12,MUN,RR|RORAINOPOLIS,glp,1,41.0,41.0,41.0,41.0,41.0
2008-12,MUN,RS|ALEGRETE,glp,12,34.0,33.0,35.9,32.0,36.0
2008-12,MUN,RS|ALVORADA,glp,11,34.0,32.0,35.0,31.0,36.0
2008-12,MUN,RS|BAGE,glp,24,32.0,32.0,33.7,32.0,34.0
2008-12,MUN,RS|BENTO GONCALVES,glp,9,38.0,37.4,41.2,35.0,42.0
2008-12,MUN,RS|CACAPAVA DO SUL,glp,6,36.0,34.0,37.0,33.0,37.0
2008-12,MUN,RS|CACHOEIRA DO SUL,glp,16,36.0,35.0,37.0,30.0,37.0
2008-12,MUN,RS|CACHOEIRINHA,glp,14,33.0,33.0,34.35,32.0,34.5
2008-12,MUN,RS|CANOAS,glp,44,36.0,32.3,37.0,31.0,38.0
2008-12,MUN,RS|CAXIAS DO SUL,glp,39,37.0,35.8,38.0,35.0,40.0
2008-12,MUN,RS|CHUI,glp,2,31.0,31.0,31.0,31.0,31.0
2008-12,MUN,RS|CRUZ ALTA,glp,5,33.0,32.0,35.0,32.0,35.0
2008-12,MUN,RS|CRUZEIRO DO SUL,glp,1,34.0,34.0,34.0,34.0,34.0
2008-12,MUN,RS|ERECHIM,glp,19,40.0,39.0,42.2,38.0,43.0
2008-12,MUN,RS|ESTEIO,glp,11,35.0,34.0,36.0,34.0,36.0
2008-12,MUN,RS|FARROUPILHA,glp,1,38.0,38.0,38.0,38.0,38.0
2008-12,MUN,RS|GRAMADO,glp,3,36.0,35.2,36.0,35.0,36.0
2008-12,MUN,RS|GRAVATAI,glp,25,34.0,32.0,35.0,32.0,35.0
2008-12,MUN,RS|GUAIBA,glp,11,35.0,34.0,36.0,34.0,36.9
2008-12,MUN,RS|IJUI,glp,8,35.0,34.7,36.15,34.0,36.5
2008-12,MUN,RS|IMBE,glp,1,36.0,36.0,36.0,36.0,36.0
2008-12,MUN,RS|JAGUARAO,glp,9,32.0,32.0,33.0,32.0,33.0
2008-12,MUN,RS|LAJEADO,glp,5,35.0,34.0,35.0,34.0,35.0
2008-12,MUN,RS|NOVA SANTA RITA,glp,1,36.0,36.0,36.0,36.0,36.0
2008-12,MUN,RS|NOVO HAMBURGO,glp,24,34.0,32.0,35.0,30.0,35.0
2008-12,MUN,RS|OSORIO,glp,8,38.0,36.7,38.0,36.0,38.0
2008-12,MUN,RS|PALMEIRA DAS MISSOES,glp,6,35.0,35.0,36.5,35.0,38.0
2008-12,MUN,RS|PASSO FUNDO,glp,52,38.0,36.0,39.0,35.0,42.0
2008-12,MUN,RS|PELOTAS,glp,34,33.0,31.0,34.0,30.0,34.0
2008-12,MUN,RS|PORTO ALEGRE,glp,47,35.0,33.6,36.0,32.0,37.0
2008-12,MUN,RS|RIO GRANDE,glp,31,33.0,28.0,35.0,27.9,36.0
2008-12,MUN,RS|SANTA CRUZ DO SUL,glp,15,33.0,33.0,36.2,33.0,38.0
2008-12,MUN,RS|SANTA MARIA,glp,38,35.0,33.0,36.0,33.0,38.0
2008-12,MUN,RS|SANTA ROSA,glp,9,36.0,34.8,37.0,34.0,37.0
2008-12,MUN,RS|SANTA VITORIA DO PALMAR,glp,6,34.0,32.5,34.5,32.0,35.0
2008-12,MUN,RS|SANTANA DO LIVRAMENTO,glp,14,34.0,30.0,34.0,28.9,34.0
2008-12,MUN,RS|SANTO ANGELO,glp,11,38.0,37.0,40.0,37.0,40.0
2008-12,MUN,RS|SAO BORJA,glp,3,35.0,35.0,35.0,35.0,35.0
2008-12,MUN,RS|SAO GABRIEL,glp,10,39.0,39.0,39.15,39.0,40.5
2008-12,MUN,RS|SAO LEOPOLDO,glp,17,35.0,34.0,36.0,34.0,36.0
2008-12,MUN,RS|SAO LUIZ GONZAGA,glp,5,40.0,38.8,40.0,38.0,40.0
2008-12,MUN,RS|SAPIRANGA,glp,9,34.0,34.0,35.2,34.0,36.0
2008-12,MUN,RS|SAPUCAIA DO SUL,glp,26,34.0,34.0,34.0,33.0,35.0
2008-12,MUN,RS|TORRES,glp,5,38.0,37.4,38.0,37.0,38.0
2008-12,MUN,RS|TRAMANDAI,glp,6,35.0,35.0,37.5,35.0,38.0
2008-12,MUN,RS|URUGUAIANA,glp,11,37.0,35.0,37.0,33.0,37.0
2008-12,MUN,RS|VACARIA,glp,7,35.0,35.0,36.0,35.0,36.0
2008-12,MUN,RS|VIAMAO,glp,18,36.0,35.0,37.3,34.0,38.0
2008-12,MUN,SC|ARARANGUA,glp,4,35.5,35.0,37.4,35.0,38.0
2008-12,MUN,SC|BALNEARIO CAMBORIU,glp,1,37.0,37.0,37.0,37.0,37.0
2008-12,MUN,SC|BIGUACU,glp,1,36.0,36.0,36.0,36.0,36.0
2008-12,MUN,SC|BLUMENAU,glp,37,38.95,36.96,40.64,35.0,43.0
2008-12,MUN,SC|BOMBINHAS,glp,1,33.0,33.0,33.0,33.0,33.0
2008-12,MUN,SC|BRUSQUE,glp,4,35.5,34.0,37.0,34.0,37.0
2008-12,MUN,SC|CACADOR,glp,3,38.0,36.4,38.0,36.0,38.0
2008-12,MUN,SC|CHAPECO,glp,22,36.0,35.0,37.0,34.98,38.0
2008-12,MUN,SC|CONCORDIA,glp,7,36.0,35.6,39.4,35.0,40.0
2008-12,MUN,SC|CRICIUMA,glp,9,37.0,32.98,37.44,32.9,39.2
2008-12,MUN,SC|FLORIANOPOLIS,glp,40,37.0,35.0,39.1,34.0,42.0
2008-12,MUN,SC|ITAJAI,glp,28,35.0,32.7,37.201,30.0,37.75
2008-12,MUN,SC|JARAGUA DO SUL,glp,4,36.0,35.3,36.35,35.0,36.5
2008-12,MUN,SC|JOINVILLE,glp,105,38.0,37.0,39.0,34.0,40.0
2008-12,MUN,SC|LAGES,glp,6,35.0,35.0,37.0,35.0,37.0
2008-12,MUN,SC|LAGUNA,glp,4,36.0,34.0,38.7,34.0,39.0
2008-12,MUN,SC|MAFRA,glp,4,32.95,30.87,33.0,30.0,33.0
2008-12,MUN,SC|PALHOCA,glp,16,36.0,34.5,37.0,33.0,40.0
2008-12,MUN,SC|SAO JOSE,glp,14,36.0,36.0,38.4,35.0,41.0
2008-12,MUN,SC|SAO MIGUEL DO OESTE,glp,6,33.0,32.0,34.945,32.0,36.89
2008-12,MUN,SC|TIJUCAS,glp,1,36.0,36.0,36.0,36.0,36.0
2008-12,MUN,SC|TUBARAO,glp,11,35.0,35.0,35.0,35.0,36.0
2008-12,MUN,SC|VIDEIRA,glp,5,35.0,33.8,35.0,33.0,35.0
2008-12,MUN,SC|XANXERE,glp,9,38.0,36.8,38.0,36.0,38.0
2008-12,MUN,SE|ARACAJU,glp,17,33.0,31.0,33.4,30.0,34.0
2008-12,MUN,SE|ITABAIANA,glp,4,33.5,30.9,34.0,30.0,34.0
2008-12,MUN,SE|ITABAIANINHA,glp,1,33.0,33.0,33.0,33.0,33.0
2008-12,MUN,SE|LAGARTO,glp,4,32.0,30.6,32.0,30.0,32.0
2008-12,MUN,SE|NOSSA SENHORA DO SOCORRO,glp,5,33.0,32.4,34.0,32.0,34.0
2008-12,MUN,SE|SIMAO DIAS,glp,1,32.0,32.0,32.0,32.0,32.0
2008-12,MUN,SE|TOBIAS BARRETO,glp,3,34.0,34.0,34.0,34.0,34.0
2008-12,MUN,SP|ADAMANTINA,glp,10,33.0,33.0,33.0,33.0,33.0
2008-12,MUN,SP|AMERICANA,glp,29,35.0,33.98,36.0,33.0,36.0
2008-12,MUN,SP|AMPARO,glp,4,33.0,32.0,36.03,32.0,36.9
2008-12,MUN,SP|APIAI,glp,2,37.0,37.0,37.0,37.0,37.0
2008-12,MUN,SP|ARACATUBA,glp,36,35.0,35.0,35.0,33.0,35.0
2008-12,MUN,SP|ARARAQUARA,glp,14,30.5,30.0,33.0,30.0,33.0
2008-12,MUN,SP|ARARAS,glp,2,32.475,32.095,32.855,32.0,32.95
2008-12,MUN,SP|ASSIS,glp,8,32.0,32.0,32.0,32.0,32.0
2008-12,MUN,SP|ATIBAIA,glp,21,32.0,30.0,34.0,28.0,35.0
2008-12,MUN,SP|AVARE,glp,7,32.0,32.0,32.0,32.0,32.0
2008-12,MUN,SP|BARRETOS,glp,13,30.0,30.0,31.0,29.0,32.0
2008-12,MUN,SP|BARUERI,glp,16,32.0,29.0,33.5,29.0,34.0
2008-12,MUN,SP|BAURU,glp,25,34.0,32.0,36.0,31.0,37.0
2008-12,MUN,SP|BEBEDOURO,glp,10,33.0,32.45,35.0,32.0,35.0
2008-12,MUN,SP|BIRIGUI,glp,24,32.0,30.3,33.0,30.0,35.0
2008-12,MUN,SP|BORACEIA,glp,1,36.0,36.0,36.0,36.0,36.0
2008-12,MUN,SP|BOTUCATU,glp,16,33.0,33.0,34.0,32.0,34.0
2008-12,MUN,SP|BRAGANCA PAULISTA,glp,29,30.0,25.998,31.2,25.0,32.0
2008-12,MUN,SP|CACAPAVA,glp,13,31.0,30.0,33.0,30.0,33.0
2008-12,MUN,SP|CAMPINAS,glp,50,32.0,29.891,34.0,28.0,35.0
2008-12,MUN,SP|CAMPOS DO JORDAO,glp,10,31.495,29.799,33.1,27.99,34.0
2008-12,MUN,SP|CAPAO BONITO,glp,4,37.0,36.3,37.0,36.0,37.0
2008-12,MUN,SP|CARAGUATATUBA,glp,7,34.0,31.12,34.4,29.8,35.0
2008-12,MUN,SP|CARAPICUIBA,glp,16,31.495,24.99,33.99,24.99,34.0
2008-12,MUN,SP|CATANDUVA,glp,16,31.5,30.0,32.0,29.0,33.0
2008-12,MUN,SP|COSMOPOLIS,glp,5,35.0,34.0,35.0,34.0,35.0
2008-12,MUN,SP|COTIA,glp,11,32.0,30.0,33.0,28.0,33.0
2008-12,MUN,SP|CRUZEIRO,glp,12,31.0,30.0,32.0,30.0,32.0
2008-12,MUN,SP|CUBATAO,glp,3,31.0,30.2,31.8,30.0,32.0
2008-12,MUN,SP|DIADEMA,glp,19,31.0,28.99,33.1,26.99,33.5
2008-12,MUN,SP|DRACENA,glp,7,35.0,34.6,36.0,34.0,36.0
2008-12,MUN,SP|EMBU DAS ARTES,glp,4,32.9,32.27,32.9,32.0,32.9
2008-12,MUN,SP|FERRAZ DE VASCONCELOS,glp,9,31.0,30.8,32.0,30.0,32.0
2008-12,MUN,SP|FRANCA,glp,22,34.0,33.0,34.9,32.0,35.0
2008-12,MUN,SP|FRANCISCO MORATO,glp,17,33.0,30.0,33.0,30.0,33.0
2008-12,MUN,SP|FRANCO DA ROCHA,glp,5,32.5,30.0,33.0,30.0,33.0
2008-12,MUN,SP|GARCA,glp,8,33.0,33.0,33.0,33.0,33.0
2008-12,MUN,SP|GUARATINGUETA,glp,12,30.0,29.0,32.8,28.0,35.0
2008-12,MUN,SP|GUARUJA,glp,5,37.0,36.4,37.0,36.0,37.0
2008-12,MUN,SP|GUARULHOS,glp,61,31.0,30.0,33.0,28.99,34.9
2008-12,MUN,SP|HORTOLANDIA,glp,21,32.0,30.0,34.0,30.0,35.0
2008-12,MUN,SP|IBITINGA,glp,7,30.0,30.0,34.0,30.0,34.0
2008-12,MUN,SP|INDAIATUBA,glp,35,35.0,34.4,35.0,31.5,35.0
2008-12,MUN,SP|ITANHAEM,glp,11,35.0,32.0,36.0,32.0,37.0
2008-12,MUN,SP|ITAPECERICA DA SERRA,glp,6,31.495,30.0,32.0,30.0,32.0
2008-12,MUN,SP|ITAPETININGA,glp,16,33.0,31.5,34.5,30.0,35.0
2008-12,MUN,SP|ITAPEVA,glp,5,36.0,36.0,36.0,36.0,36.0
2008-12,MUN,SP|ITAPEVI,glp,5,32.0,29.394,32.6,28.99,33.0
2008-12,MUN,SP|ITAPIRA,glp,4,32.5,32.0,33.0,32.0,33.0
2008-12,MUN,SP|ITAPOLIS,glp,15,30.0,30.0,32.0,29.0,32.0
2008-12,MUN,SP|ITAQUAQUECETUBA,glp,12,34.0,30.1,35.0,29.99,35.0
2008-12,MUN,SP|ITATIBA,glp,11,32.0,32.0,33.0,32.0,35.0
2008-12,MUN,SP|ITU,glp,11,31.0,29.0,33.0,29.0,33.0
2008-12,MUN,SP|JABOTICABAL,glp,12,32.0,32.0,33.0,32.0,33.0
2008-12,MUN,SP|JACAREI,glp,9,29.99,27.99,32.0,27.99,32.0
2008-12,MUN,SP|JALES,glp,6,35.0,34.5,35.0,34.0,35.0
2008-12,MUN,SP|JANDIRA,glp,8,30.5,29.093,31.3,27.0,32.0
2008-12,MUN,SP|JAU,glp,8,30.0,30.0,30.0,30.0,30.0
2008-12,MUN,SP|JOSE BONIFACIO,glp,13,32.0,30.0,32.0,30.0,33.0
2008-12,MUN,SP|JUNDIAI,glp,16,32.0,29.0,32.995,29.0,33.0
2008-12,MUN,SP|LEME,glp,16,32.0,30.0,32.5,30.0,34.0
2008-12,MUN,SP|LIMEIRA,glp,16,33.0,30.5,35.0,30.0,35.0
2008-12,MUN,SP|LINS,glp,18,32.0,31.4,33.6,30.0,36.0
2008-12,MUN,SP|LORENA,glp,11,30.0,29.0,30.0,28.0,30.0
2008-12,MUN,SP|MARILIA,glp,13,30.0,30.0,30.0,30.0,32.0
2008-12,MUN,SP|MATAO,glp,7,33.0,33.0,34.0,33.0,34.0
2008-12,MUN,SP|MAUA,glp,22,33.0,31.09,35.0,31.0,35.0
2008-12,MUN,SP|MIRASSOL,glp,9,32.0,29.6,32.0,28.0,32.0
2008-12,MUN,SP|MOCOCA,glp,12,33.0,33.0,34.0,32.0,35.0
2008-12,MUN,SP|MOGI DAS CRUZES,glp,35,34.0,32.0,35.72,31.9,37.0
2008-12,MUN,SP|MOGI GUACU,glp,12,30.0,30.0,30.0,30.0,30.0
2008-12,MUN,SP|MOGI MIRIM,glp,9,30.0,30.0,30.0,30.0,30.0
2008-12,MUN,SP|MONTE ALTO,glp,7,33.0,32.6,34.0,32.0,34.0
2008-12,MUN,SP|OLIMPIA,glp,8,30.0,29.94,31.3,29.8,32.0
2008-12,MUN,SP|OSASCO,glp,45,31.99,24.994,33.996,24.99,36.0
2008-12,MUN,SP|OURINHOS,glp,15,33.0,32.4,34.6,32.0,35.0
2008-12,MUN,SP|PARAGUACU PAULISTA,glp,10,32.0,32.0,32.0,32.0,32.0
2008-12,MUN,SP|PAULICEIA,glp,1,33.0,33.0,33.0,33.0,33.0
2008-12,MUN,SP|PAULINIA,glp,13,35.0,32.0,35.0,29.99,36.0
2008-12,MUN,SP|PINDAMONHANGABA,glp,19,33.0,31.598,33.0,29.0,33.0
2008-12,MUN,SP|PIRACICABA,glp,30,30.0,30.0,34.0,29.99,34.0
2008-12,MUN,SP|PIRASSUNUNGA,glp,7,33.0,31.5,33.8,31.5,35.0
2008-12,MUN,SP|PITANGUEIRAS,glp,1,33.0,33.0,33.0,33.0,33.0
2008-12,MUN,SP|POA,glp,8,33.0,32.0,34.0,32.0,34.0
2008-12,MUN,SP|PORTO FERREIRA,glp,6,32.0,31.75,33.0,31.5,33.0
2008-12,MUN,SP|PRAIA GRANDE,glp,9,35.0,32.7,35.2,31.5,36.0
2008-12,MUN,SP|PRESIDENTE PRUDENTE,glp,37,35.0,32.0,36.0,31.0,37.0
2008-12,MUN,SP|PRESIDENTE VENCESLAU,glp,9,32.0,30.0,34.0,30.0,34.0
2008-12,MUN,SP|RIBEIRAO PIRES,glp,10,33.0,29.999,33.1,29.99,34.0
2008-12,MUN,SP|RIBEIRAO PRETO,glp,73,34.0,33.0,35.0,30.0,35.9
2008-12,MUN,SP|RIO CLARO,glp,7,30.0,28.0,30.8,28.0,32.0
2008-12,MUN,SP|SALTO,glp,16,32.0,31.5,33.0,29.0,34.0
2008-12,MUN,SP|SANTA BARBARA D'OESTE,glp,23,36.0,35.0,36.8,34.0,37.0
2008-12,MUN,SP|SANTA CRUZ DO RIO PARDO,glp,9,33.0,32.0,34.2,32.0,35.0
2008-12,MUN,SP|SANTO ANDRE,glp,38,33.5,29.99,36.5,28.99,36.5
2008-12,MUN,SP|SANTOS,glp,10,32.0,30.449,34.55,29.99,35.0
2008-12,MUN,SP|SAO BERNARDO DO CAMPO,glp,35,34.0,31.0,35.0,30.0,35.0
2008-12,MUN,SP|SAO CAETANO DO SUL,glp,4,32.495,30.293,35.397,29.99,36.0
2008-12,MUN,SP|SAO CARLOS,glp,16,33.0,30.0,34.0,29.0,34.0
2008-12,MUN,SP|SAO JOAO DA BOA VISTA,glp,8,33.0,32.0,33.0,32.0,33.0
2008-12,MUN,SP|SAO JOAQUIM DA BARRA,glp,10,32.0,31.71,32.0,30.0,32.0
2008-12,MUN,SP|SAO JOSE DO RIO PRETO,glp,61,32.0,32.0,34.0,30.0,34.0
2008-12,MUN,SP|SAO JOSE DOS CAMPOS,glp,74,32.0,29.27,34.7,27.99,36.0
2008-12,MUN,SP|SAO PAULO,glp,217,30.0,28.99,34.0,24.0,38.0
2008-12,MUN,SP|SAO ROQUE,glp,7,31.0,30.6,31.9,30.0,31.9
2008-12,MUN,SP|SAO VICENTE,glp,17,32.0,29.54,32.4,27.99,35.0
2008-12,MUN,SP|SERTAOZINHO,glp,22,32.0,32.0,33.0,31.5,35.0
2008-12,MUN,SP|SOROCABA,glp,36,31.0,30.0,32.95,29.9,36.0
2008-12,MUN,SP|SUMARE,glp,22,32.0,30.0,34.0,30.0,34.0
2008-12,MUN,SP|SUZANO,glp,20,32.0,30.6,33.1,26.99,34.0
2008-12,MUN,SP|TABOAO DA SERRA,glp,6,29.995,28.99,32.5,28.99,33.0
2008-12,MUN,SP|TATUI,glp,7,33.0,30.6,34.0,30.0,34.0
2008-12,MUN,SP|TAUBATE,glp,36,30.0,29.0,31.0,28.0,32.0
2008-12,MUN,SP|TUPA,glp,5,32.0,27.9,34.2,27.9,35.0
2008-12,MUN,SP|UBATUBA,glp,10,30.0,30.0,32.3,30.0,35.0
2008-12,MUN,SP|VALINHOS,glp,8,33.5,32.693,34.0,32.0,34.0
2008-12,MUN,SP|VARZEA PAULISTA,glp,10,30.0,28.0,30.2,28.0,32.0
2008-12,MUN,SP|VINHEDO,glp,5,34.0,32.39,34.6,31.99,35.0
2008-12,MUN,SP|VOTORANTIM,glp,18,30.0,28.0,30.0,27.99,32.0
2008-12,MUN,SP|VOTUPORANGA,glp,14,30.0,30.0,32.0,30.0,33.0
2008-12,MUN,TO|ARAGUAINA,glp,12,39.0,38.0,40.0,38.0,40.0
2008-12,MUN,TO|COMBINADO,glp,1,37.0,37.0,37.0,37.0,37.0
2008-12,MUN,TO|DIANOPOLIS,glp,6,36.5,36.0,37.0,36.0,37.0
2008-12,MUN,TO|GURUPI,glp,42,35.0,35.0,36.0,35.0,36.0
2008-12,MUN,TO|PALMAS,glp,23,37.0,35.4,38.0,35.0,38.0
2008-12,MUN,TO|PARAISO DO TOCANTINS,glp,13,37.0,37.0,37.0,37.0,37.0
2008-12,MUN,TO|PORTO NACIONAL,glp,9,37.0,36.0,37.0,36.0,37.0
2008-12,MUN,TO|TAGUATINGA,glp,1,37.0,37.0,37.0,37.0,37.0
2008-12,UF,AC,glp,82,39.0,38.0,40.0,35.0,47.0
2008-12,UF,AL,glp,31,32.0,31.0,33.0,30.0,33.0
2008-12,UF,AM,glp,287,28.0,27.0,30.0,25.5,38.0
2008-12,UF,AP,glp,26,37.0,37.0,40.0,35.0,49.0
2008-12,UF,BA,glp,316,33.0,30.0,35.5,27.0,38.5
2008-12,UF,CE,glp,213,37.0,33.0,38.0,30.0,39.0
2008-12,UF,DF,glp,128,36.0,34.0,38.0,29.0,39.0
2008-12,UF,ES,glp,127,34.0,32.0,35.0,29.9,36.0
2008-12,UF,GO,glp,877,32.0,31.0,37.0,29.0,39.0
2008-12,UF,MA,glp,118,37.0,33.5,40.0,33.0,40.0
2008-12,UF,MG,glp,1174,35.0,32.0,37.0,28.0,40.0
2008-12,UF,MS,glp,262,35.5,33.0,40.0,32.0,42.0
2008-12,UF,MT,glp,81,40.0,38.0,42.0,38.0,42.0
2008-12,UF,PA,glp,223,33.0,32.0,39.0,30.0,40.0
2008-12,UF,PB,glp,77,33.0,32.0,35.0,30.0,35.0
2008-12,UF,PE,glp,235,32.0,30.0,35.0,30.0,38.0
2008-12,UF,PI,glp,63,35.0,35.0,37.0,32.5,38.0
2008-12,UF,PR,glp,742,32.0,30.0,35.0,27.0,39.0
2008-12,UF,RJ,glp,286,32.0,30.0,35.0,27.99,40.0
2008-12,UF,RN,glp,31,32.0,31.0,35.0,30.0,35.0
2008-12,UF,RO,glp,164,35.0,34.0,39.0,33.0,42.0
2008-12,UF,RR,glp,24,38.5,37.15,40.0,36.0,41.0
2008-12,UF,RS,glp,689,35.0,32.0,38.0,27.9,43.0
2008-12,UF,SC,glp,342,37.0,35.0,39.0,30.0,43.0
2008-12,UF,SE,glp,35,33.0,31.0,34.0,30.0,34.0
2008-12,UF,SP,glp,2073,32.0,29.99,35.0,24.0,38.0
2008-12,UF,TO,glp,107,37.0,35.0,38.0,35.0,40.0
