periodo,nivel,codigo,produto,postos,mediana,p10,p90,minimo,maximo
2024-01,BR,BR,glp,5329,100.0,85.0,120.0,67.0,154.0
2024-01,MUN,AC|CRUZEIRO DO SUL,glp,10,119.0,118.0,122.3,118.0,125.0
2024-01,MUN,AC|RIO BRANCO,glp,37,112.0,106.6,125.0,100.0,127.0
2024-01,MUN,AL|ARAPIRACA,glp,13,84.99,79.2,90.0,79.0,105.0
2024-01,MUN,AL|DELMIRO GOUVEIA,glp,5,95.0,92.0,95.6,90.0,96.0
2024-01,MUN,AL|MACEIO,glp,33,95.0,87.2,104.0,84.99,110.0
2024-01,MUN,AL|PALMEIRA DOS INDIOS,glp,5,89.99,81.996,89.996,80.0,90.0
2024-01,MUN,AL|RIO LARGO,glp,8,95.0,90.0,95.0,90.0,95.0
2024-01,MUN,AM|ITACOATIARA,glp,11,130.0,121.99,135.0,117.0,135.0
2024-01,MUN,AM|MANACAPURU,glp,8,132.5,125.0,142.9,125.0,145.0
2024-01,MUN,AM|MANAUS,glp,89,122.0,112.8,130.0,110.0,137.0
2024-01,MUN,AM|PARINTINS,glp,8,125.0,125.0,125.0,125.0,125.0
2024-01,MUN,AM|TEFE,glp,4,150.0,146.5,152.8,145.0,154.0
2024-01,MUN,AP|MACAPA,glp,21,112.0,105.0,120.0,103.0,120.0
2024-01,MUN,AP|SANTANA,glp,14,100.0,100.0,119.1,98.0,120.0
2024-01,MUN,BA|AGUA FRIA,glp,1,120.0,120.0,120.0,120.0,120.0
2024-01,MUN,BA|ALAGOINHAS,glp,9,104.99,99.998,115.4,99.99,117.0
2024-01,MUN,BA|BARREIRAS,glp,9,135.0,135.0,135.0,135.0,135.0
2024-01,MUN,BA|BRUMADO,glp,5,105.0,100.0,108.0,100.0,110.0
2024-01,MUN,BA|CAETITE,glp,8,100.0,100.0,100.0,100.0,100.0
2024-01,MUN,BA|CAMACARI,glp,11,115.0,110.0,115.0,110.0,115.99
2024-01,MUN,BA|EUNAPOLIS,glp,8,105.0,103.497,111.5,99.99,115.0
2024-01,MUN,BA|FEIRA DE SANTANA,glp,12,95.0,92.0,100.0,92.0,105.0
2024-01,MUN,BA|GUANAMBI,glp,10,100.0,100.0,110.0,100.0,110.0
2024-01,MUN,BA|ILHEUS,glp,8,121.995,118.5,133.9,115.0,150.0
2024-01,MUN,BA|IPIRA,glp,5,114.0,94.0,114.0,94.0,114.0
2024-01,MUN,BA|IRECE,glp,10,110.0,104.5,110.0,100.0,110.0
2024-01,MUN,BA|ITABUNA,glp,10,105.0,99.491,110.0,95.0,110.0
2024-01,MUN,BA|ITAMARAJU,glp,9,105.0,95.0,110.0,95.0,110.0
2024-01,MUN,BA|JACOBINA,glp,6,120.0,120.0,121.0,120.0,122.0
2024-01,MUN,BA|JAGUAQUARA,glp,8,110.0,107.0,110.0,100.0,110.0
2024-01,MUN,BA|JEQUIE,glp,9,92.0,83.998,100.0,79.99,120.0
2024-01,MUN,BA|JUAZEIRO,glp,7,105.0,93.0,110.0,90.0,110.0
2024-01,MUN,BA|LAURO DE FREITAS,glp,12,111.0,101.0,119.5,99.99,120.0
2024-01,MUN,BA|LIVRAMENTO DE NOSSA SENHORA,glp,8,105.0,103.5,106.5,100.0,110.0
2024-01,MUN,BA|PAULO AFONSO,glp,9,95.0,88.0,98.0,88.0,98.0
2024-01,MUN,BA|POCOES,glp,8,99.0,97.1,106.5,95.0,110.0
2024-01,MUN,BA|PORTO SEGURO,glp,8,105.0,97.8,113.0,95.0,120.0
2024-01,MUN,BA|SALVADOR,glp,39,109.99,98.6,116.79,89.99,123.0
2024-01,MUN,BA|SANTO ANTONIO DE JESUS,glp,8,100.0,98.5,105.9,95.0,108.0
2024-01,MUN,BA|SENHOR DO BONFIM,glp,4,115.0,115.0,115.0,115.0,115.0
2024-01,MUN,BA|SERRINHA,glp,7,120.0,113.0,120.0,110.0,120.0
2024-01,MUN,BA|SIMOES FILHO,glp,9,106.0,95.0,117.0,95.0,125.0
2024-01,MUN,BA|TEIXEIRA DE FREITAS,glp,11,89.0,80.0,100.0,79.0,100.0
2024-01,MUN,BA|VALENCA,glp,8,120.0,113.5,120.0,110.0,120.0
2024-01,MUN,BA|VITORIA DA CONQUISTA,glp,11,110.0,99.99,115.0,99.99,115.0
2024-01,MUN,CE|CANINDE,glp,5,98.0,98.0,100.0,98.0,100.0
2024-01,MUN,CE|CAUCAIA,glp,13,100.0,86.992,108.0,84.99,117.0
2024-01,MUN,CE|CRATEUS,glp,8,98.5,93.5,105.6,90.0,107.0
2024-01,MUN,CE|CRATO,glp,8,103.0,100.593,103.0,95.0,103.0
2024-01,MUN,CE|FORTALEZA,glp,35,95.0,89.994,105.0,84.99,122.0
2024-01,MUN,CE|ICO,glp,5,105.0,97.0,111.2,95.0,112.0
2024-01,MUN,CE|IGUATU,glp,9,100.0,97.6,101.792,94.0,105.0
2024-01,MUN,CE|ITAPIPOCA,glp,8,105.0,93.5,111.5,90.0,115.0
2024-01,MUN,CE|JUAZEIRO DO NORTE,glp,14,103.0,103.0,103.0,98.0,103.0
2024-01,MUN,CE|LIMOEIRO DO NORTE,glp,7,100.0,96.0,102.0,90.0,105.0
2024-01,MUN,CE|MARACANAU,glp,8,97.5,93.497,101.5,89.99,105.0
2024-01,MUN,CE|QUIXADA,glp,8,93.995,87.99,95.9,87.99,98.0
2024-01,MUN,CE|SOBRAL,glp,7,95.0,91.8,109.0,90.0,109.0
2024-01,MUN,DF|BRASILIA,glp,48,94.99,84.99,99.99,78.99,119.99
2024-01,MUN,ES|ARACRUZ,glp,10,100.0,99.999,100.0,99.99,100.0
2024-01,MUN,ES|CACHOEIRO DE ITAPEMIRIM,glp,12,99.0,90.29,100.0,89.99,105.0
2024-01,MUN,ES|CARIACICA,glp,16,82.5,78.995,100.0,75.0,100.0
2024-01,MUN,ES|COLATINA,glp,3,95.0,87.0,103.0,85.0,105.0
2024-01,MUN,ES|GUARAPARI,glp,13,90.0,84.99,108.0,84.99,110.0
2024-01,MUN,ES|LINHARES,glp,17,105.0,105.0,115.0,100.0,115.0
2024-01,MUN,ES|SAO MATEUS,glp,12,99.99,95.0,100.0,95.0,100.0
2024-01,MUN,ES|SERRA,glp,21,89.99,84.99,95.0,79.99,100.0
2024-01,MUN,ES|VILA VELHA,glp,18,100.0,84.997,105.0,84.99,105.0
2024-01,MUN,ES|VITORIA,glp,10,94.995,85.0,110.0,84.995,110.0
2024-01,MUN,GO|AGUAS LINDAS DE GOIAS,glp,20,89.99,83.34,100.0,81.99,100.0
2024-01,MUN,GO|ANAPOLIS,glp,25,100.0,100.0,100.0,95.0,110.0
2024-01,MUN,GO|APARECIDA DE GOIANIA,glp,31,100.0,90.0,105.0,85.0,110.0
2024-01,MUN,GO|CALDAS NOVAS,glp,13,110.0,100.0,110.0,99.99,110.0
2024-01,MUN,GO|CATALAO,glp,10,101.25,99.9,110.0,99.0,110.0
2024-01,MUN,GO|FORMOSA,glp,10,100.0,95.0,115.3,95.0,118.0
2024-01,MUN,GO|GOIANIA,glp,42,101.25,90.0,114.5,78.0,130.0
2024-01,MUN,GO|GOIATUBA,glp,7,120.0,111.0,120.0,105.0,120.0
2024-01,MUN,GO|ITUMBIARA,glp,8,110.0,104.7,120.0,104.0,120.0
2024-01,MUN,GO|JATAI,glp,8,115.0,115.0,124.5,115.0,135.0
2024-01,MUN,GO|LUZIANIA,glp,14,93.99,89.29,97.1,84.99,100.0
2024-01,MUN,GO|MINEIROS,glp,8,115.0,108.5,115.0,105.0,115.0
2024-01,MUN,GO|MORRINHOS,glp,7,95.0,93.8,101.0,92.0,102.5
2024-01,MUN,GO|PORANGATU,glp,8,110.0,108.5,116.5,105.0,120.0
2024-01,MUN,GO|RIO VERDE,glp,14,110.0,100.0,115.0,100.0,115.0
2024-01,MUN,GO|TRINDADE,glp,21,95.0,89.99,100.0,84.99,102.5
2024-01,MUN,GO|VALPARAISO DE GOIAS,glp,11,85.0,79.99,99.99,78.99,100.0
2024-01,MUN,MA|ACAILANDIA,glp,10,100.0,95.0,105.0,95.0,105.0
2024-01,MUN,MA|BACABAL,glp,8,108.0,108.0,110.1,108.0,115.0
2024-01,MUN,MA|BALSAS,glp,7,120.0,119.2,122.0,118.0,125.0
2024-01,MUN,MA|BARRA DO CORDA,glp,9,110.0,110.0,110.0,110.0,110.0
2024-01,MUN,MA|CAXIAS,glp,10,97.495,89.99,110.0,89.99,110.0
2024-01,MUN,MA|CODO,glp,8,110.0,110.0,110.0,110.0,110.0
2024-01,MUN,MA|IMPERATRIZ,glp,16,100.0,100.0,102.5,99.99,112.5
2024-01,MUN,MA|PINHEIRO,glp,8,120.0,118.5,120.0,115.0,120.0
2024-01,MUN,MA|PRESIDENTE DUTRA,glp,5,110.0,107.0,111.8,105.0,113.0
2024-01,MUN,MA|SANTA INES,glp,8,120.0,120.0,120.897,120.0,122.99
2024-01,MUN,MA|SAO JOSE DE RIBAMAR,glp,15,95.0,94.99,95.0,94.99,95.0
2024-01,MUN,MA|SAO LUIS,glp,41,95.0,90.0,95.0,85.0,114.99
2024-01,MUN,MG|ALFENAS,glp,9,95.0,84.99,100.0,84.99,100.0
2024-01,MUN,MG|ARAGUARI,glp,8,100.0,95.0,110.0,95.0,110.0
2024-01,MUN,MG|ARAXA,glp,7,88.0,86.8,90.0,85.0,90.0
2024-01,MUN,MG|BARBACENA,glp,8,95.0,89.387,96.5,87.98,100.0
2024-01,MUN,MG|BELO HORIZONTE,glp,32,97.0,88.199,119.9,84.99,129.0
2024-01,MUN,MG|BETIM,glp,17,107.0,95.994,108.2,88.9,110.0
2024-01,MUN,MG|BOM DESPACHO,glp,8,99.95,90.0,116.5,90.0,120.0
2024-01,MUN,MG|CAMPO BELO,glp,8,110.0,110.0,111.5,110.0,115.0
2024-01,MUN,MG|CARATINGA,glp,8,105.0,99.997,122.97,99.99,129.9
2024-01,MUN,MG|CONGONHAS,glp,9,100.0,93.99,107.6,89.99,110.0
2024-01,MUN,MG|CONSELHEIRO LAFAIETE,glp,9,88.0,86.4,93.392,80.0,95.0
2024-01,MUN,MG|CONTAGEM,glp,22,107.25,89.0,110.0,85.0,115.0
2024-01,MUN,MG|CORONEL FABRICIANO,glp,10,116.5,108.98,120.0,99.8,120.0
2024-01,MUN,MG|CURVELO,glp,8,90.0,79.4,100.0,78.0,100.0
2024-01,MUN,MG|DIVINOPOLIS,glp,12,97.5,90.0,113.5,89.99,120.0
2024-01,MUN,MG|FORMIGA,glp,8,96.0,90.0,100.0,90.0,100.0
2024-01,MUN,MG|FRUTAL,glp,6,89.99,89.99,89.99,89.99,89.99
2024-01,MUN,MG|GOVERNADOR VALADARES,glp,14,112.0,110.0,120.0,100.0,130.0
2024-01,MUN,MG|GUAXUPE,glp,8,82.45,77.73,85.0,75.0,85.0
2024-01,MUN,MG|IPATINGA,glp,10,103.0,89.5,110.3,85.0,113.0
2024-01,MUN,MG|ITABIRA,glp,5,110.0,107.0,122.2,107.0,125.0
2024-01,MUN,MG|ITAJUBA,glp,8,87.5,79.997,97.5,79.99,115.0
2024-01,MUN,MG|ITAUNA,glp,10,102.5,95.9,107.9,95.0,125.0
2024-01,MUN,MG|ITUIUTABA,glp,9,95.0,84.0,95.6,80.0,98.0
2024-01,MUN,MG|JANAUBA,glp,8,105.0,105.0,105.0,105.0,105.0
2024-01,MUN,MG|JANUARIA,glp,11,118.0,115.0,120.0,113.0,130.0
2024-01,MUN,MG|JOAO MONLEVADE,glp,10,102.5,99.5,110.0,95.0,110.0
2024-01,MUN,MG|JOAO PINHEIRO,glp,8,109.95,105.0,118.0,105.0,125.0
2024-01,MUN,MG|JUIZ DE FORA,glp,18,79.995,77.99,93.597,74.99,94.99
2024-01,MUN,MG|LAVRAS,glp,8,99.95,95.0,100.0,95.0,100.0
2024-01,MUN,MG|LEOPOLDINA,glp,10,100.0,95.0,101.0,95.0,110.0
2024-01,MUN,MG|MANHUACU,glp,7,100.0,99.96,110.0,99.9,110.0
2024-01,MUN,MG|MONTE CARMELO,glp,9,90.0,90.0,96.0,90.0,100.0
2024-01,MUN,MG|MONTES CLAROS,glp,33,110.0,94.99,119.4,90.0,130.0
2024-01,MUN,MG|MURIAE,glp,7,99.99,90.0,105.2,90.0,113.0
2024-01,MUN,MG|NOVA LIMA,glp,9,103.0,98.4,110.4,92.0,112.0
2024-01,MUN,MG|OLIVEIRA,glp,6,100.0,96.0,100.0,93.0,100.0
2024-01,MUN,MG|OURO PRETO,glp,5,105.0,81.94,110.0,79.9,110.0
2024-01,MUN,MG|PARA DE MINAS,glp,8,99.5,90.0,112.07,90.0,116.9
2024-01,MUN,MG|PARACATU,glp,10,95.0,94.8,101.5,93.0,115.0
2024-01,MUN,MG|PASSOS,glp,7,90.0,87.994,94.0,85.0,100.0
2024-01,MUN,MG|PATOS DE MINAS,glp,12,96.25,85.5,113.5,80.0,120.0
2024-01,MUN,MG|PATROCINIO,glp,8,90.0,90.0,100.0,90.0,100.0
2024-01,MUN,MG|POCOS DE CALDAS,glp,8,107.99,107.093,108.6,105.0,110.0
2024-01,MUN,MG|POUSO ALEGRE,glp,12,90.0,75.99,97.7,74.99,100.0
2024-01,MUN,MG|SABARA,glp,9,100.0,93.992,116.0,90.0,120.0
2024-01,MUN,MG|SAO JOAO DEL REI,glp,5,96.0,86.0,99.2,80.0,100.0
2024-01,MUN,MG|SAO JOAQUIM DE BICAS,glp,1,110.0,110.0,110.0,110.0,110.0
2024-01,MUN,MG|SAO SEBASTIAO DO PARAISO,glp,10,87.75,84.999,94.6,84.99,100.0
2024-01,MUN,MG|SETE LAGOAS,glp,12,95.45,89.099,110.0,85.0,117.0
2024-01,MUN,MG|TEOFILO OTONI,glp,6,115.0,105.5,115.0,98.0,115.0
2024-01,MUN,MG|TIMOTEO,glp,7,100.0,96.0,107.0,90.0,110.0
2024-01,MUN,MG|TRES CORACOES,glp,8,87.995,87.09,91.5,84.99,95.0
2024-01,MUN,MG|UBA,glp,6,100.245,95.0,104.995,95.0,105.0
2024-01,MUN,MG|UBERABA,glp,17,90.0,81.5,102.0,79.99,105.0
2024-01,MUN,MG|UBERLANDIA,glp,23,97.99,85.8,110.0,80.0,120.0
2024-01,MUN,MG|UNAI,glp,10,125.0,120.0,125.0,120.0,125.0
2024-01,MUN,MG|VARGINHA,glp,9,85.0,79.998,101.2,79.99,110.0
2024-01,MUN,MG|VICOSA,glp,9,108.0,108.0,108.0,108.0,108.0
2024-01,MUN,MS|CAMPO GRANDE,glp,36,105.0,94.95,110.0,88.0,135.0
2024-01,MUN,MS|CORUMBA,glp,7,120.0,112.4,130.0,110.0,130.0
2024-01,MUN,MS|COXIM,glp,10,125.0,120.0,125.5,120.0,130.0
2024-01,MUN,MS|DOURADOS,glp,18,102.5,99.33,130.0,96.0,130.0
2024-01,MUN,MS|NOVA ANDRADINA,glp,8,110.0,103.5,110.0,100.0,110.0
2024-01,MUN,MS|PONTA PORA,glp,7,115.0,108.0,117.0,105.0,120.0
2024-01,MUN,MS|TRES LAGOAS,glp,11,115.0,110.0,115.0,110.0,128.0
2024-01,MUN,MT|ALTA FLORESTA,glp,9,140.0,134.0,140.0,130.0,140.0
2024-01,MUN,MT|CACERES,glp,13,85.0,84.99,99.99,84.99,110.0
2024-01,MUN,MT|CUIABA,glp,36,114.995,94.99,125.0,85.0,135.0
2024-01,MUN,MT|RONDONOPOLIS,glp,2,117.5,111.5,123.5,110.0,125.0
2024-01,MUN,MT|SINOP,glp,16,140.0,140.0,145.0,130.0,145.0
2024-01,MUN,MT|SORRISO,glp,14,125.0,125.0,138.5,120.0,145.0
2024-01,MUN,MT|VARZEA GRANDE,glp,26,100.0,89.922,117.5,85.0,120.0
2024-01,MUN,PA|ABAETETUBA,glp,8,95.0,95.0,102.1,95.0,107.0
2024-01,MUN,PA|ALENQUER,glp,5,105.0,104.4,105.0,104.0,105.0
2024-01,MUN,PA|ALTAMIRA,glp,8,112.5,110.0,115.9,110.0,118.0
2024-01,MUN,PA|ANANINDEUA,glp,16,95.0,92.49,95.0,91.99,97.0
2024-01,MUN,PA|BELEM,glp,33,100.0,90.0,110.0,89.99,120.0
2024-01,MUN,PA|BRAGANCA,glp,6,110.0,106.5,111.5,105.0,113.0
2024-01,MUN,PA|CAMETA,glp,6,115.0,114.5,115.0,114.0,115.0
2024-01,MUN,PA|CASTANHAL,glp,12,103.75,95.4,114.5,95.0,135.0
2024-01,MUN,PA|CONCEICAO DO ARAGUAIA,glp,8,110.0,107.6,111.5,102.0,115.0
2024-01,MUN,PA|ITAITUBA,glp,1,110.0,110.0,110.0,110.0,110.0
2024-01,MUN,PA|MARABA,glp,14,114.995,108.6,130.0,104.0,130.0
2024-01,MUN,PA|PARAGOMINAS,glp,8,135.0,130.0,135.0,130.0,135.0
2024-01,MUN,PA|PARAUAPEBAS,glp,11,125.0,115.99,130.0,114.99,135.0
2024-01,MUN,PA|REDENCAO,glp,8,112.5,107.8,116.5,105.0,120.0
2024-01,MUN,PA|SANTAREM,glp,22,95.0,80.491,111.3,79.0,112.0
2024-01,MUN,PA|XINGUARA,glp,8,130.0,120.0,131.5,120.0,135.0
2024-01,MUN,PB|BAYEUX,glp,8,110.0,89.997,110.0,89.99,110.0
2024-01,MUN,PB|CABEDELO,glp,9,105.0,98.992,105.0,95.0,105.0
2024-01,MUN,PB|CAMPINA GRANDE,glp,15,105.0,92.0,110.0,89.0,115.0
2024-01,MUN,PB|JOAO PESSOA,glp,34,109.995,90.0,110.0,79.99,110.0
2024-01,MUN,PB|PATOS,glp,8,107.0,103.5,110.0,100.0,110.0
2024-01,MUN,PB|SOUSA,glp,5,100.0,97.0,101.2,95.0,102.0
2024-01,MUN,PE|ARARIPINA,glp,9,115.0,113.0,116.0,105.0,120.0
2024-01,MUN,PE|ARCOVERDE,glp,8,82.49,79.99,84.993,79.99,85.0
2024-01,MUN,PE|BELO JARDIM,glp,8,83.995,80.0,85.0,80.0,85.0
2024-01,MUN,PE|CABO DE SANTO AGOSTINHO,glp,9,84.99,74.99,85.0,74.99,85.0
2024-01,MUN,PE|CARUARU,glp,12,80.0,75.0,80.0,74.99,80.0
2024-01,MUN,PE|GARANHUNS,glp,9,79.99,77.99,83.0,77.99,95.0
2024-01,MUN,PE|GOIANA,glp,8,90.0,83.5,100.0,80.0,100.0
2024-01,MUN,PE|IGARASSU,glp,8,89.995,83.5,100.0,80.0,100.0
2024-01,MUN,PE|JABOATAO DOS GUARARAPES,glp,16,90.0,84.995,97.5,81.99,114.0
2024-01,MUN,PE|LAJEDO,glp,5,80.0,80.0,80.0,80.0,80.0
2024-01,MUN,PE|OLINDA,glp,14,81.0,77.99,104.0,75.99,120.0
2024-01,MUN,PE|PAULISTA,glp,12,87.45,79.99,90.0,74.99,100.0
2024-01,MUN,PE|PETROLINA,glp,18,101.25,97.8,115.0,90.0,115.0
2024-01,MUN,PE|RECIFE,glp,21,80.0,78.0,85.0,74.995,100.0
2024-01,MUN,PE|SALGUEIRO,glp,6,102.5,95.0,105.0,95.0,105.0
2024-01,MUN,PE|SANTA CRUZ DO CAPIBARIBE,glp,7,95.0,95.0,95.0,95.0,95.0
2024-01,MUN,PE|SERRA TALHADA,glp,7,105.0,99.6,105.0,99.0,105.0
2024-01,MUN,PE|VITORIA DE SANTO ANTAO,glp,8,84.495,77.093,85.0,75.0,85.0
2024-01,MUN,PI|PARNAIBA,glp,9,99.0,92.0,103.0,80.0,115.0
2024-01,MUN,PI|PICOS,glp,8,95.0,88.0,100.0,88.0,100.0
2024-01,MUN,PI|PIRIPIRI,glp,7,109.99,99.99,115.0,99.99,115.0
2024-01,MUN,PI|TERESINA,glp,38,92.5,87.997,100.0,84.99,105.0
2024-01,MUN,PR|APUCARANA,glp,12,90.0,89.9,98.6,80.0,100.0
2024-01,MUN,PR|ARAPONGAS,glp,12,95.0,94.0,99.99,92.5,105.0
2024-01,MUN,PR|ARAUCARIA,glp,13,90.0,84.92,90.0,80.0,90.0
2024-01,MUN,PR|ASSIS CHATEAUBRIAND,glp,6,111.5,99.95,112.25,89.9,113.0
2024-01,MUN,PR|CAMBE,glp,9,100.0,95.0,108.0,95.0,120.0
2024-01,MUN,PR|CAMPO LARGO,glp,12,89.5,84.991,90.0,79.9,97.0
2024-01,MUN,PR|CAMPO MOURAO,glp,8,109.2,103.5,112.9,100.0,115.0
2024-01,MUN,PR|CASCAVEL,glp,18,110.0,98.493,116.5,90.0,120.0
2024-01,MUN,PR|CASTRO,glp,9,105.0,101.2,109.2,98.0,110.0
2024-01,MUN,PR|CIANORTE,glp,9,102.5,98.92,110.0,95.0,130.0
2024-01,MUN,PR|COLOMBO,glp,18,85.0,79.9,90.57,78.0,91.99
2024-01,MUN,PR|CORNELIO PROCOPIO,glp,7,110.0,108.0,112.0,105.0,115.0
2024-01,MUN,PR|CURITIBA,glp,52,89.945,82.991,97.7,79.9,100.0
2024-01,MUN,PR|FOZ DO IGUACU,glp,18,85.0,84.99,110.0,82.9,110.0
2024-01,MUN,PR|FRANCISCO BELTRAO,glp,7,110.0,95.0,117.0,95.0,120.0
2024-01,MUN,PR|GUARAPUAVA,glp,13,105.0,105.0,108.36,100.0,115.0
2024-01,MUN,PR|IVAIPORA,glp,1,120.0,120.0,120.0,120.0,120.0
2024-01,MUN,PR|LONDRINA,glp,19,90.0,90.0,101.0,88.0,110.0
2024-01,MUN,PR|MARECHAL CANDIDO RONDON,glp,1,84.9,84.9,84.9,84.9,84.9
2024-01,MUN,PR|MARINGA,glp,18,122.5,99.97,125.0,95.0,125.0
2024-01,MUN,PR|PALOTINA,glp,1,90.0,90.0,90.0,90.0,90.0
2024-01,MUN,PR|PARANAGUA,glp,9,80.0,79.0,94.99,75.0,94.99
2024-01,MUN,PR|PARANAVAI,glp,9,90.0,79.972,103.0,79.9,115.0
2024-01,MUN,PR|PATO BRANCO,glp,9,115.0,113.9,119.2,113.5,120.0
2024-01,MUN,PR|PINHAIS,glp,9,110.0,85.72,110.0,85.0,110.0
2024-01,MUN,PR|PONTA GROSSA,glp,18,99.45,94.393,105.0,89.99,110.0
2024-01,MUN,PR|QUEDAS DO IGUACU,glp,1,115.0,115.0,115.0,115.0,115.0
2024-01,MUN,PR|SANTO ANTONIO DA PLATINA,glp,9,110.0,107.6,110.2,106.0,111.0
2024-01,MUN,PR|SAO JOSE DOS PINHAIS,glp,22,93.45,82.5,95.0,80.0,100.0
2024-01,MUN,PR|TOLEDO,glp,13,90.0,85.99,110.0,84.9,120.0
2024-01,MUN,PR|UMUARAMA,glp,8,102.5,94.87,108.6,82.9,110.0
2024-01,MUN,PR|UNIAO DA VITORIA,glp,9,102.0,94.78,103.6,89.9,110.0
2024-01,MUN,RJ|ANGRA DOS REIS,glp,9,115.0,114.718,115.0,113.99,115.0
2024-01,MUN,RJ|ARARUAMA,glp,9,79.99,79.99,85.998,79.99,89.99
2024-01,MUN,RJ|BARRA DO PIRAI,glp,7,99.0,94.6,107.76,94.0,111.9
2024-01,MUN,RJ|BARRA MANSA,glp,9,95.9,95.5,100.92,93.9,105.0
2024-01,MUN,RJ|BELFORD ROXO,glp,9,89.0,80.0,95.4,80.0,97.0
2024-01,MUN,RJ|CABO FRIO,glp,9,90.0,82.39,99.19,79.99,99.99
2024-01,MUN,RJ|CAMPOS DOS GOYTACAZES,glp,12,84.995,79.99,93.6,70.0,95.0
2024-01,MUN,RJ|DUQUE DE CAXIAS,glp,21,89.0,79.99,89.99,78.99,94.99
2024-01,MUN,RJ|ITABORAI,glp,13,87.99,87.492,89.792,84.99,94.0
2024-01,MUN,RJ|ITAGUAI,glp,4,122.5,119.35,122.5,118.0,122.5
2024-01,MUN,RJ|ITAPERUNA,glp,9,85.0,85.0,85.0,85.0,85.0
2024-01,MUN,RJ|MACAE,glp,1,123.0,123.0,123.0,123.0,123.0
2024-01,MUN,RJ|MAGE,glp,10,80.0,79.981,85.499,79.9,89.99
2024-01,MUN,RJ|MARICA,glp,8,89.245,75.0,94.3,75.0,95.0
2024-01,MUN,RJ|NILOPOLIS,glp,8,99.995,95.0,101.5,95.0,105.0
2024-01,MUN,RJ|NITEROI,glp,9,88.0,79.19,91.598,75.99,97.99
2024-01,MUN,RJ|NOVA FRIBURGO,glp,8,85.0,83.497,86.2,79.99,89.0
2024-01,MUN,RJ|NOVA IGUACU,glp,19,94.99,75.0,100.0,74.99,100.0
2024-01,MUN,RJ|PETROPOLIS,glp,10,94.995,89.891,100.2,89.0,102.0
2024-01,MUN,RJ|RESENDE,glp,9,105.0,89.99,110.0,89.99,110.0
2024-01,MUN,RJ|RIO BONITO,glp,9,82.99,78.892,88.398,78.5,89.99
2024-01,MUN,RJ|RIO DE JANEIRO,glp,38,94.99,89.99,100.0,83.5,117.0
2024-01,MUN,RJ|SANTO ANTONIO DE PADUA,glp,5,97.0,79.0,109.0,79.0,115.0
2024-01,MUN,RJ|SAO FRANCISCO DE ITABAPOANA,glp,1,100.0,100.0,100.0,100.0,100.0
2024-01,MUN,RJ|SAO GONCALO,glp,19,93.99,89.592,97.992,84.99,115.0
2024-01,MUN,RJ|SAO JOAO DE MERITI,glp,12,83.99,80.0,99.691,77.99,100.0
2024-01,MUN,RJ|SAPUCAIA,glp,1,80.0,80.0,80.0,80.0,80.0
2024-01,MUN,RJ|SAQUAREMA,glp,8,89.995,83.5,96.6,80.0,98.0
2024-01,MUN,RJ|TERESOPOLIS,glp,7,100.0,99.9,118.36,99.9,118.9
2024-01,MUN,RJ|TRES RIOS,glp,10,79.99,74.99,89.991,74.99,90.0
2024-01,MUN,RJ|VALENCA,glp,7,90.0,88.0,90.0,85.0,90.0
2024-01,MUN,RJ|VOLTA REDONDA,glp,12,102.495,94.9,105.9,94.9,107.0
2024-01,MUN,RN|CAICO,glp,8,105.0,105.0,105.0,105.0,105.0
2024-01,MUN,RN|MOSSORO,glp,16,100.0,94.995,120.0,85.0,125.0
2024-01,MUN,RN|NATAL,glp,22,100.0,85.0,110.0,85.0,128.0
2024-01,MUN,RN|PARNAMIRIM,glp,16,99.0,95.0,110.0,94.99,110.0
2024-01,MUN,RO|ARIQUEMES,glp,8,126.0,119.4,128.0,118.0,128.0
2024-01,MUN,RO|CACOAL,glp,10,128.75,128.0,132.0,128.0,132.0
2024-01,MUN,RO|JI-PARANA,glp,12,120.0,115.1,125.5,112.99,135.0
2024-01,MUN,RO|PIMENTA BUENO,glp,5,138.0,135.0,138.0,133.0,138.0
2024-01,MUN,RO|PORTO VELHO,glp,35,110.0,105.0,120.0,95.0,125.0
2024-01,MUN,RO|VILHENA,glp,8,128.0,127.0,135.0,127.0,135.0
2024-01,MUN,RR|BOA VISTA,glp,30,127.0,120.0,136.0,118.0,140.0
2024-01,MUN,RS|ALEGRETE,glp,8,108.0,97.8,111.5,95.0,115.0
2024-01,MUN,RS|ALVORADA,glp,11,95.0,90.0,110.0,89.99,110.0
2024-01,MUN,RS|BAGE,glp,12,118.0,109.0,123.15,105.0,123.5
2024-01,MUN,RS|BENTO GONCALVES,glp,9,121.0,112.8,122.76,108.0,125.8
2024-01,MUN,RS|CACHOEIRA DO SUL,glp,9,95.0,85.0,98.4,85.0,100.0
2024-01,MUN,RS|CACHOEIRINHA,glp,3,98.0,97.992,98.0,97.99,98.0
2024-01,MUN,RS|CANOAS,glp,21,100.0,94.0,105.0,90.0,110.0
2024-01,MUN,RS|CAXIAS DO SUL,glp,24,99.9,96.193,115.29,94.9,125.0
2024-01,MUN,RS|CRUZ ALTA,glp,9,67.0,67.0,78.9,67.0,78.9
2024-01,MUN,RS|ERECHIM,glp,11,120.0,120.0,130.0,120.0,130.0
2024-01,MUN,RS|ESTEIO,glp,10,100.0,97.7,105.5,95.0,110.0
2024-01,MUN,RS|FARROUPILHA,glp,1,122.0,122.0,122.0,122.0,122.0
2024-01,MUN,RS|GRAMADO,glp,6,111.75,101.445,120.0,99.99,120.0
2024-01,MUN,RS|GRAVATAI,glp,3,99.9,98.38,102.38,98.0,103.0
2024-01,MUN,RS|GUAIBA,glp,8,95.45,93.4,100.6,89.9,102.0
2024-01,MUN,RS|IJUI,glp,6,104.5,92.495,117.0,89.99,120.0
2024-01,MUN,RS|LAJEADO,glp,9,99.9,94.0,113.8,90.0,117.0
2024-01,MUN,RS|NOVO HAMBURGO,glp,13,96.0,93.0,98.0,93.0,98.0
2024-01,MUN,RS|OSORIO,glp,8,94.995,93.0,99.9,93.0,99.9
2024-01,MUN,RS|PASSO FUNDO,glp,19,110.0,108.0,113.0,105.0,113.0
2024-01,MUN,RS|PELOTAS,glp,20,99.95,96.9,108.2,95.0,110.0
2024-01,MUN,RS|PORTO ALEGRE,glp,20,103.45,99.81,110.5,95.0,119.9
2024-01,MUN,RS|RIO GRANDE,glp,10,126.5,119.2,130.0,112.0,130.0
2024-01,MUN,RS|SANTA CRUZ DO SUL,glp,13,95.0,88.2,98.8,88.0,108.0
2024-01,MUN,RS|SANTA MARIA,glp,20,101.0,98.6,108.19,95.0,129.9
2024-01,MUN,RS|SANTA ROSA,glp,8,107.0,105.0,112.4,105.0,125.0
2024-01,MUN,RS|SANTANA DO LIVRAMENTO,glp,8,115.0,115.0,120.0,115.0,120.0
2024-01,MUN,RS|SANTO ANGELO,glp,8,122.0,101.997,126.2,94.99,129.0
2024-01,MUN,RS|SAO GABRIEL,glp,8,110.0,107.9,112.9,103.0,115.0
2024-01,MUN,RS|SAO LEOPOLDO,glp,11,95.0,93.0,99.9,89.9,104.0
2024-01,MUN,RS|SAO LUIZ GONZAGA,glp,8,100.0,99.997,106.5,99.99,110.0
2024-01,MUN,RS|SAPIRANGA,glp,9,109.9,100.0,110.0,100.0,110.0
2024-01,MUN,RS|SAPUCAIA DO SUL,glp,11,100.0,97.9,104.0,97.0,104.0
2024-01,MUN,RS|TORRES,glp,6,114.95,112.995,115.0,111.99,115.0
2024-01,MUN,RS|URUGUAIANA,glp,8,117.5,108.5,124.5,105.0,135.0
2024-01,MUN,RS|VACARIA,glp,8,106.0,100.0,110.0,100.0,110.0
2024-01,MUN,RS|VIAMAO,glp,16,100.0,96.5,110.0,93.0,124.0
2024-01,MUN,SC|ARARANGUA,glp,6,101.5,100.0,105.0,100.0,105.0
2024-01,MUN,SC|BALNEARIO CAMBORIU,glp,7,123.99,114.197,125.994,110.0,129.0
2024-01,MUN,SC|BIGUACU,glp,9,118.0,113.4,125.0,113.0,125.0
2024-01,MUN,SC|BLUMENAU,glp,10,99.945,95.0,124.9,95.0,124.9
2024-01,MUN,SC|BRUSQUE,glp,4,120.45,118.6,125.163,118.0,126.99
2024-01,MUN,SC|CACADOR,glp,9,113.0,110.0,127.0,110.0,135.0
2024-01,MUN,SC|CHAPECO,glp,14,123.5,120.3,129.4,120.0,133.0
2024-01,MUN,SC|CONCORDIA,glp,9,110.0,104.0,115.976,100.0,119.88
2024-01,MUN,SC|CRICIUMA,glp,8,110.0,110.0,118.57,110.0,119.9
2024-01,MUN,SC|FLORIANOPOLIS,glp,9,117.0,112.0,120.0,110.0,120.0
2024-01,MUN,SC|GASPAR,glp,1,124.9,124.9,124.9,124.9,124.9
2024-01,MUN,SC|ITAJAI,glp,19,105.0,100.0,122.6,95.0,129.0
2024-01,MUN,SC|JARAGUA DO SUL,glp,5,99.0,98.9,99.54,98.9,99.9
2024-01,MUN,SC|JOINVILLE,glp,12,115.0,115.0,122.7,115.0,127.0
2024-01,MUN,SC|LAGES,glp,7,110.0,103.0,118.4,100.0,125.0
2024-01,MUN,SC|LAGUNA,glp,8,102.495,93.5,111.5,90.0,115.0
2024-01,MUN,SC|MAFRA,glp,10,120.0,114.995,120.0,114.95,120.0
2024-01,MUN,SC|PALHOCA,glp,10,115.0,105.0,125.0,105.0,125.0
2024-01,MUN,SC|SAO JOSE,glp,14,116.75,105.99,121.4,105.0,122.5
2024-01,MUN,SC|TUBARAO,glp,9,110.0,98.0,111.0,90.0,115.0
2024-01,MUN,SC|VIDEIRA,glp,8,118.5,110.0,123.0,110.0,130.0
2024-01,MUN,SC|XANXERE,glp,6,115.0,105.0,120.0,105.0,120.0
2024-01,MUN,SE|ARACAJU,glp,23,95.0,89.992,104.52,87.99,110.0
2024-01,MUN,SE|ITABAIANA,glp,8,102.5,97.0,105.0,90.0,105.0
2024-01,MUN,SE|LAGARTO,glp,8,100.0,94.997,105.0,94.99,105.0
2024-01,MUN,SE|NOSSA SENHORA DO SOCORRO,glp,12,91.95,88.199,95.0,86.0,99.99
2024-01,MUN,SP|ADAMANTINA,glp,8,95.475,85.793,100.0,83.0,100.0
2024-01,MUN,SP|AMERICANA,glp,10,94.995,89.99,110.499,89.99,114.99
2024-01,MUN,SP|AMPARO,glp,8,110.0,102.597,115.9,89.99,118.0
2024-01,MUN,SP|ARACATUBA,glp,19,89.99,85.39,91.0,82.99,95.0
2024-01,MUN,SP|ARARAQUARA,glp,17,108.0,99.996,113.0,89.99,113.0
2024-01,MUN,SP|ARARAS,glp,8,89.0,88.997,97.197,88.99,99.99
2024-01,MUN,SP|ASSIS,glp,11,105.0,84.9,120.0,84.9,120.0
2024-01,MUN,SP|ATIBAIA,glp,11,100.0,95.0,120.0,92.0,120.0
2024-01,MUN,SP|AVARE,glp,9,85.0,83.992,92.0,80.0,100.0
2024-01,MUN,SP|BARRETOS,glp,7,110.0,106.2,112.0,105.0,115.0
2024-01,MUN,SP|BARUERI,glp,12,92.49,89.99,107.391,84.99,110.0
2024-01,MUN,SP|BAURU,glp,17,95.99,84.996,100.0,84.99,110.0
2024-01,MUN,SP|BEBEDOURO,glp,9,110.0,98.92,111.0,95.0,115.0
2024-01,MUN,SP|BIRIGUI,glp,10,99.995,90.0,105.0,90.0,105.0
2024-01,MUN,SP|BOTUCATU,glp,11,90.0,80.0,100.0,80.0,110.0
2024-01,MUN,SP|BRAGANCA PAULISTA,glp,12,100.0,99.9,104.999,95.0,107.0
2024-01,MUN,SP|CACAPAVA,glp,8,94.99,87.79,99.99,84.99,99.99
2024-01,MUN,SP|CAMPINAS,glp,20,99.99,89.99,99.991,84.99,100.0
2024-01,MUN,SP|CARAGUATATUBA,glp,10,100.0,98.809,108.0,97.99,135.0
2024-01,MUN,SP|CARAPICUIBA,glp,17,95.0,92.396,100.0,84.99,105.0
2024-01,MUN,SP|CATANDUVA,glp,10,110.0,99.0,110.0,99.0,110.0
2024-01,MUN,SP|COSMOPOLIS,glp,8,84.99,84.99,91.5,84.99,95.0
2024-01,MUN,SP|COTIA,glp,4,109.99,102.99,116.997,99.99,120.0
2024-01,MUN,SP|CRUZEIRO,glp,8,86.995,79.963,96.5,79.9,100.0
2024-01,MUN,SP|CUBATAO,glp,9,108.0,99.99,117.0,99.99,125.0
2024-01,MUN,SP|DIADEMA,glp,10,102.49,89.99,121.141,89.99,131.5
2024-01,MUN,SP|DRACENA,glp,8,100.0,95.0,110.0,95.0,110.0
2024-01,MUN,SP|ELISIARIO,glp,1,93.0,93.0,93.0,93.0,93.0
2024-01,MUN,SP|EMBU DAS ARTES,glp,12,98.245,89.099,109.99,85.99,109.99
2024-01,MUN,SP|FRANCA,glp,15,95.0,89.99,107.196,88.9,115.0
2024-01,MUN,SP|GARCA,glp,8,95.0,93.5,100.0,90.0,100.0
2024-01,MUN,SP|GUARATINGUETA,glp,7,94.9,78.4,97.0,76.0,100.0
2024-01,MUN,SP|GUARUJA,glp,11,115.0,110.0,117.99,110.0,120.0
2024-01,MUN,SP|GUARULHOS,glp,16,89.99,85.0,99.99,84.99,105.0
2024-01,MUN,SP|HORTOLANDIA,glp,11,84.99,84.99,99.99,84.99,99.99
2024-01,MUN,SP|IBITINGA,glp,1,97.0,97.0,97.0,97.0,97.0
2024-01,MUN,SP|INDAIATUBA,glp,8,105.5,102.1,110.0,100.0,110.0
2024-01,MUN,SP|ITANHAEM,glp,10,108.0,99.71,110.1,98.0,111.0
2024-01,MUN,SP|ITAPECERICA DA SERRA,glp,7,99.99,94.79,99.99,89.99,99.99
2024-01,MUN,SP|ITAPETININGA,glp,7,110.0,109.0,112.0,109.0,115.0
2024-01,MUN,SP|ITAPEVA,glp,9,110.0,108.984,120.0,105.0,120.0
2024-01,MUN,SP|ITAPIRA,glp,6,95.35,90.0,101.5,90.0,105.0
2024-01,MUN,SP|ITAPOLIS,glp,9,108.0,105.0,115.0,105.0,115.0
2024-01,MUN,SP|ITAQUAQUECETUBA,glp,15,84.99,79.99,89.99,79.99,89.99
2024-01,MUN,SP|ITATIBA,glp,8,100.0,98.496,101.5,95.0,105.0
2024-01,MUN,SP|ITU,glp,6,105.0,100.0,111.5,100.0,113.0
2024-01,MUN,SP|JABOTICABAL,glp,8,105.995,96.393,110.0,95.0,110.0
2024-01,MUN,SP|JACAREI,glp,11,90.0,85.0,99.9,85.0,117.5
2024-01,MUN,SP|JALES,glp,10,90.0,89.891,90.595,89.0,95.95
2024-01,MUN,SP|JAU,glp,9,109.0,87.8,112.6,79.0,115.0
2024-01,MUN,SP|JOSE BONIFACIO,glp,8,97.0,90.0,98.6,90.0,100.0
2024-01,MUN,SP|JUNDIAI,glp,13,105.0,91.198,113.992,89.99,115.0
2024-01,MUN,SP|LEME,glp,8,92.0,88.5,106.9,85.0,123.0
2024-01,MUN,SP|LIMEIRA,glp,11,100.0,89.99,100.0,89.99,105.0
2024-01,MUN,SP|LINS,glp,7,89.99,79.954,100.0,79.9,100.0
2024-01,MUN,SP|LORENA,glp,8,79.995,69.99,96.5,69.99,100.0
2024-01,MUN,SP|MARILIA,glp,8,115.0,111.4,115.0,110.0,115.0
2024-01,MUN,SP|MATAO,glp,10,109.0,99.9,109.1,99.0,110.0
2024-01,MUN,SP|MAUA,glp,12,104.99,89.99,110.0,89.99,110.0
2024-01,MUN,SP|MIRASSOL,glp,8,97.495,90.0,110.0,90.0,110.0
2024-01,MUN,SP|MOCOCA,glp,7,105.0,99.194,110.0,98.0,110.0
2024-01,MUN,SP|MOGI DAS CRUZES,glp,10,97.45,88.99,99.99,79.99,99.99
2024-01,MUN,SP|MOGI GUACU,glp,8,89.99,89.99,97.197,89.99,99.99
2024-01,MUN,SP|MOGI MIRIM,glp,8,92.495,87.797,97.4,84.99,103.0
2024-01,MUN,SP|MONTE ALTO,glp,9,95.0,93.8,100.0,89.0,100.0
2024-01,MUN,SP|OLIMPIA,glp,11,85.0,85.0,90.0,85.0,90.0
2024-01,MUN,SP|OSASCO,glp,8,98.99,91.99,106.497,84.99,109.99
2024-01,MUN,SP|OURINHOS,glp,10,97.5,89.99,108.1,89.9,109.0
2024-01,MUN,SP|PARAGUACU PAULISTA,glp,6,100.0,95.0,107.5,90.0,110.0
2024-01,MUN,SP|PAULINIA,glp,8,100.0,99.99,103.0,99.99,110.0
2024-01,MUN,SP|PINDAMONHANGABA,glp,10,100.0,94.49,100.0,89.9,100.0
2024-01,MUN,SP|PIRACICABA,glp,15,105.0,91.994,115.0,87.99,115.0
2024-01,MUN,SP|PIRASSUNUNGA,glp,9,98.0,84.98,105.0,84.9,105.0
2024-01,MUN,SP|POA,glp,8,92.49,88.49,96.497,84.99,99.99
2024-01,MUN,SP|PORTO FERREIRA,glp,8,95.0,90.0,102.5,90.0,120.0
2024-01,MUN,SP|PRAIA GRANDE,glp,13,103.0,99.99,107.4,95.0,109.5
2024-01,MUN,SP|PRESIDENTE PRUDENTE,glp,16,97.495,89.99,105.0,89.9,105.0
2024-01,MUN,SP|PRESIDENTE VENCESLAU,glp,8,104.0,97.0,107.0,90.0,107.0
2024-01,MUN,SP|RIBEIRAO PIRES,glp,8,89.99,89.63,99.993,89.0,100.0
2024-01,MUN,SP|RIBEIRAO PRETO,glp,17,104.99,87.99,124.99,84.99,124.99
2024-01,MUN,SP|RIO CLARO,glp,8,94.995,83.493,100.0,80.0,100.0
2024-01,MUN,SP|SALTO,glp,5,99.9,89.99,103.0,89.99,105.0
2024-01,MUN,SP|SANTA BARBARA D'OESTE,glp,13,95.0,85.998,99.0,84.99,100.0
2024-01,MUN,SP|SANTO ANDRE,glp,12,99.99,95.0,114.49,94.99,115.99
2024-01,MUN,SP|SANTOS,glp,14,110.0,106.527,118.7,100.0,122.0
2024-01,MUN,SP|SAO BERNARDO DO CAMPO,glp,6,106.99,94.0,109.995,93.0,110.0
2024-01,MUN,SP|SAO CAETANO DO SUL,glp,6,97.49,94.99,102.495,94.99,105.0
2024-01,MUN,SP|SAO CARLOS,glp,18,113.0,106.997,116.5,105.0,123.0
2024-01,MUN,SP|SAO JOAO DA BOA VISTA,glp,8,100.0,100.0,101.5,100.0,105.0
2024-01,MUN,SP|SAO JOSE DO RIO PRETO,glp,30,112.5,94.75,120.0,90.0,130.0
2024-01,MUN,SP|SAO JOSE DOS CAMPOS,glp,20,97.495,74.49,110.0,69.99,117.0
2024-01,MUN,SP|SAO PAULO,glp,65,104.99,94.99,119.194,79.99,124.0
2024-01,MUN,SP|SAO ROQUE,glp,8,94.995,84.99,101.2,84.99,104.0
2024-01,MUN,SP|SAO VICENTE,glp,15,100.0,98.154,109.14,93.99,110.0
2024-01,MUN,SP|SERTAOZINHO,glp,13,89.99,88.991,92.0,87.0,94.9
2024-01,MUN,SP|SOROCABA,glp,22,100.0,94.99,112.7,93.99,115.0
2024-01,MUN,SP|SUMARE,glp,13,95.0,84.992,120.0,74.99,120.0
2024-01,MUN,SP|SUZANO,glp,14,89.995,88.597,103.49,84.99,115.0
2024-01,MUN,SP|TABOAO DA SERRA,glp,8,93.995,84.997,102.99,84.99,109.99
2024-01,MUN,SP|TATUI,glp,8,100.0,99.994,106.5,99.99,110.0
2024-01,MUN,SP|TAUBATE,glp,13,90.0,79.99,95.0,78.0,96.0
2024-01,MUN,SP|TUPA,glp,5,97.5,95.0,109.0,95.0,115.0
2024-01,MUN,SP|UBATUBA,glp,13,95.0,85.0,109.0,85.0,115.0
2024-01,MUN,SP|VALINHOS,glp,9,99.9,97.198,109.992,93.99,110.0
2024-01,MUN,SP|VARZEA PAULISTA,glp,8,95.0,89.09,101.5,86.99,105.0
2024-01,MUN,SP|VINHEDO,glp,9,99.99,93.992,104.18,90.0,104.9
2024-01,MUN,SP|VOTORANTIM,glp,10,105.0,100.0,110.0,100.0,110.0
2024-01,MUN,SP|VOTUPORANGA,glp,12,98.0,85.0,99.9,85.0,100.0
2024-01,MUN,TO|ARAGUAINA,glp,17,120.0,118.0,120.0,115.0,125.0
2024-01,MUN,TO|GURUPI,glp,12,115.0,113.2,120.0,108.0,125.0
2024-01,MUN,TO|PALMAS,glp,19,120.0,115.0,125.4,110.0,130.0
2024-01,MUN,TO|PARAISO DO TOCANTINS,glp,10,120.0,120.0,120.5,120.0,125.0
2024-01,MUN,TO|PORTO NACIONAL,glp,10,110.0,110.0,115.5,110.0,120.0
2024-01,UF,AC,glp,47,115.0,107.0,125.0,100.0,127.0
2024-01,UF,AL,glp,64,90.0,84.29,95.7,79.0,110.0
2024-01,UF,AM,glp,120,125.0,114.5,135.0,110.0,154.0
2024-01,UF,AP,glp,35,110.0,100.0,120.0,98.0,120.0
2024-01,UF,BA,glp,287,106.0,95.0,120.0,79.0,150.0
2024-01,UF,CE,glp,135,100.0,90.0,106.2,84.99,122.0
2024-01,UF,DF,glp,48,94.99,84.99,99.99,78.99,119.99
2024-01,UF,ES,glp,132,99.99,84.99,105.0,75.0,115.0
2024-01,UF,GO,glp,257,100.0,89.594,115.0,78.0,135.0
2024-01,UF,MA,glp,145,100.0,94.99,120.0,85.0,125.0
2024-01,UF,MG,glp,599,100.0,85.0,115.0,74.99,130.0
2024-01,UF,MS,glp,97,110.0,99.0,125.0,88.0,135.0
2024-01,UF,MT,glp,116,115.0,89.9,140.0,84.99,145.0
2024-01,UF,PA,glp,174,108.5,93.0,130.0,79.0,135.0
2024-01,UF,PB,glp,79,105.0,90.0,110.0,79.99,115.0
2024-01,UF,PE,glp,185,85.0,79.99,105.0,74.99,120.0
2024-01,UF,PI,glp,62,95.0,88.0,102.25,80.0,115.0
2024-01,UF,PR,glp,379,95.0,84.99,113.1,75.0,130.0
2024-01,UF,RJ,glp,322,90.0,79.99,105.0,70.0,123.0
2024-01,UF,RN,glp,62,100.0,94.99,110.0,85.0,128.0
2024-01,UF,RO,glp,78,120.0,106.0,132.3,95.0,138.0
2024-01,UF,RR,glp,30,127.0,120.0,136.0,118.0,140.0
2024-01,UF,RS,glp,392,103.0,94.9,120.0,67.0,135.0
2024-01,UF,SC,glp,194,115.0,100.0,124.997,90.0,135.0
2024-01,UF,SE,glp,51,95.0,89.99,105.0,86.0,110.0
2024-01,UF,SP,glp,1171,99.99,85.99,113.0,69.99,135.0
2024-01,UF,TO,glp,68,120.0,110.0,125.0,108.0,130.0
2024-02,BR,BR,glp,5368,100.0,89.0,120.0,67.0,154.0
2024-02,MUN,AC|CRUZEIRO DO SUL,glp,9,120.0,118.0,122.6,118.0,125.0
2024-02,MUN,AC|RIO BRANCO,glp,36,115.0,108.25,125.0,105.0,127.0
2024-02,MUN,AL|ARAPIRACA,glp,12,89.995,85.0,90.0,80.0,95.0
2024-02,MUN,AL|DELMIRO GOUVEIA,glp,5,100.0,96.2,100.0,95.0,100.0
2024-02,MUN,AL|MACEIO,glp,33,95.0,89.992,105.0,84.99,115.0
2024-02,MUN,AL|PALMEIRA DOS INDIOS,glp,2,89.99,89.99,89.99,89.99,89.99
2024-02,MUN,AL|RIO LARGO,glp,8,95.0,94.25,96.5,92.5,100.0
2024-02,MUN,AM|ITACOATIARA,glp,11,130.0,122.0,135.0,121.99,135.0
2024-02,MUN,AM|MANACAPURU,glp,10,131.0,125.0,145.0,125.0,145.0
2024-02,MUN,AM|MANAUS,glp,91,120.0,113.0,130.0,110.0,140.0
2024-02,MUN,AM|PARINTINS,glp,10,125.0,125.0,127.5,125.0,150.0
2024-02,MUN,AM|TEFE,glp,4,152.0,148.6,154.0,148.0,154.0
2024-02,MUN,AP|MACAPA,glp,19,118.0,107.6,122.0,106.0,128.0
2024-02,MUN,AP|SANTANA,glp,13,110.0,100.6,120.0,100.0,120.0
2024-02,MUN,BA|AGUA FRIA,glp,1,120.0,120.0,120.0,120.0,120.0
2024-02,MUN,BA|ALAGOINHAS,glp,9,105.0,100.0,118.0,100.0,118.0
2024-02,MUN,BA|BARREIRAS,glp,9,135.0,135.0,136.0,135.0,140.0
2024-02,MUN,BA|BRUMADO,glp,5,105.0,103.8,108.0,103.0,110.0
2024-02,MUN,BA|CAETITE,glp,8,100.0,100.0,103.25,100.0,105.0
2024-02,MUN,BA|CAMACARI,glp,5,117.0,115.0,119.6,115.0,120.0
2024-02,MUN,BA|EUNAPOLIS,glp,8,109.5,104.543,115.0,103.5,115.0
2024-02,MUN,BA|FEIRA DE SANTANA,glp,11,96.0,92.0,100.0,92.0,105.0
2024-02,MUN,BA|GUANAMBI,glp,10,100.0,100.0,110.0,100.0,110.0
2024-02,MUN,BA|ILHEUS,glp,9,120.0,119.0,131.6,115.0,150.0
2024-02,MUN,BA|IPIRA,glp,5,101.5,98.0,103.6,98.0,105.0
2024-02,MUN,BA|IRECE,glp,9,110.0,105.0,110.4,105.0,112.0
2024-02,MUN,BA|ITABUNA,glp,10,105.0,95.0,110.5,95.0,115.0
2024-02,MUN,BA|ITAMARAJU,glp,9,105.0,95.0,106.0,95.0,110.0
2024-02,MUN,BA|JACOBINA,glp,6,120.0,120.0,121.0,120.0,122.0
2024-02,MUN,BA|JAGUAQUARA,glp,8,110.0,107.0,113.25,100.0,115.0
2024-02,MUN,BA|JEQUIE,glp,8,92.5,84.4,95.0,83.0,95.0
2024-02,MUN,BA|JUAZEIRO,glp,7,110.0,93.0,110.0,90.0,110.0
2024-02,MUN,BA|LAURO DE FREITAS,glp,12,111.0,101.0,120.0,99.99,120.0
2024-02,MUN,BA|LIVRAMENTO DE NOSSA SENHORA,glp,8,105.0,104.4,110.0,103.0,110.0
2024-02,MUN,BA|PAULO AFONSO,glp,9,95.0,91.998,100.0,91.99,100.0
2024-02,MUN,BA|POCOES,glp,8,100.0,98.0,108.25,98.0,110.0
2024-02,MUN,BA|PORTO SEGURO,glp,9,110.0,98.2,112.0,95.0,120.0
2024-02,MUN,BA|SALVADOR,glp,32,109.99,100.0,121.791,89.99,126.0
2024-02,MUN,BA|SANTO ANTONIO DE JESUS,glp,9,102.0,99.8,113.0,99.0,113.0
2024-02,MUN,BA|SENHOR DO BONFIM,glp,4,123.75,120.75,125.0,120.0,125.0
2024-02,MUN,BA|SERRINHA,glp,7,120.0,113.0,120.0,110.0,120.0
2024-02,MUN,BA|SIMOES FILHO,glp,9,105.0,102.0,118.0,100.0,130.0
2024-02,MUN,BA|TEIXEIRA DE FREITAS,glp,11,89.0,86.0,105.0,84.0,105.0
2024-02,MUN,BA|VALENCA,glp,8,120.0,118.5,121.5,115.0,125.0
2024-02,MUN,BA|VITORIA DA CONQUISTA,glp,11,110.0,100.0,115.0,97.99,115.0
2024-02,MUN,CE|CANINDE,glp,5,98.0,96.2,100.0,95.0,100.0
2024-02,MUN,CE|CAUCAIA,glp,12,100.0,87.791,109.0,84.99,117.0
2024-02,MUN,CE|CRATEUS,glp,8,100.0,93.5,108.95,90.0,110.0
2024-02,MUN,CE|CRATO,glp,8,106.0,102.693,106.15,95.0,106.5
2024-02,MUN,CE|FORTALEZA,glp,35,97.99,89.994,105.0,88.0,122.0
2024-02,MUN,CE|ICO,glp,5,105.0,97.0,113.8,95.0,115.0
2024-02,MUN,CE|IGUATU,glp,9,100.0,99.0,103.0,97.0,103.0
2024-02,MUN,CE|ITAPIPOCA,glp,8,105.0,93.5,111.5,90.0,115.0
2024-02,MUN,CE|JUAZEIRO DO NORTE,glp,16,106.0,105.0,108.0,98.0,110.0
2024-02,MUN,CE|LIMOEIRO DO NORTE,glp,7,100.0,98.0,103.2,95.0,108.0
2024-02,MUN,CE|MARACANAU,glp,10,100.0,98.399,105.0,92.99,105.0
2024-02,MUN,CE|QUIXADA,glp,8,94.995,87.99,100.0,87.99,100.0
2024-02,MUN,CE|SOBRAL,glp,6,102.0,93.0,109.0,93.0,109.0
2024-02,MUN,DF|BRASILIA,glp,48,95.0,89.99,102.0,83.99,119.99
2024-02,MUN,ES|ARACRUZ,glp,10,100.0,99.999,100.0,99.99,100.0
2024-02,MUN,ES|CACHOEIRO DE ITAPEMIRIM,glp,12,99.0,94.99,104.7,92.99,105.0
2024-02,MUN,ES|CARIACICA,glp,16,91.25,80.0,100.0,79.99,100.0
2024-02,MUN,ES|COLATINA,glp,12,95.0,85.5,99.75,80.0,100.0
2024-02,MUN,ES|GUARAPARI,glp,12,89.995,85.24,95.0,84.99,100.0
2024-02,MUN,ES|LINHARES,glp,16,110.0,105.0,115.0,100.0,115.0
2024-02,MUN,ES|SAO MATEUS,glp,12,101.245,99.991,105.0,99.99,105.0
2024-02,MUN,ES|SERRA,glp,20,89.99,84.999,92.75,80.0,100.0
2024-02,MUN,ES|VILA VELHA,glp,18,98.75,89.997,100.0,89.99,100.0
2024-02,MUN,ES|VITORIA,glp,9,97.5,89.998,105.0,89.99,105.0
2024-02,MUN,GO|AGUAS LINDAS DE GOIAS,glp,19,89.99,84.99,95.0,84.99,100.0
2024-02,MUN,GO|ANAPOLIS,glp,25,100.0,100.0,100.0,95.0,110.0
2024-02,MUN,GO|APARECIDA DE GOIANIA,glp,31,100.0,90.0,105.0,84.995,110.0
2024-02,MUN,GO|CALDAS NOVAS,glp,13,110.0,100.0,110.0,99.995,110.0
2024-02,MUN,GO|CATALAO,glp,9,100.0,99.8,110.0,99.0,110.0
2024-02,MUN,GO|FORMOSA,glp,10,100.0,95.0,115.3,95.0,118.0
2024-02,MUN,GO|GOIANIA,glp,42,100.0,89.991,114.5,80.0,130.0
2024-02,MUN,GO|GOIATUBA,glp,7,120.0,111.0,121.0,105.0,122.5
2024-02,MUN,GO|ITUMBIARA,glp,9,110.0,104.8,116.0,104.0,120.0
2024-02,MUN,GO|JATAI,glp,9,120.0,115.0,127.0,115.0,135.0
2024-02,MUN,GO|LUZIANIA,glp,14,98.5,93.24,99.997,84.99,100.0
2024-02,MUN,GO|MINEIROS,glp,8,118.0,113.5,118.0,110.0,118.0
2024-02,MUN,GO|MORRINHOS,glp,7,98.0,93.4,101.0,91.0,102.5
2024-02,MUN,GO|PORANGATU,glp,8,110.0,108.5,116.5,105.0,120.0
2024-02,MUN,GO|RIO VERDE,glp,14,110.0,100.0,115.0,100.0,115.0
2024-02,MUN,GO|TRINDADE,glp,21,95.0,90.0,100.0,84.99,105.0
2024-02,MUN,GO|VALPARAISO DE GOIAS,glp,11,90.0,90.0,100.0,83.99,101.99
2024-02,MUN,MA|ACAILANDIA,glp,9,100.0,94.3,104.0,91.5,110.0
2024-02,MUN,MA|BACABAL,glp,8,110.0,109.7,111.5,109.0,115.0
2024-02,MUN,MA|BALSAS,glp,7,120.0,120.0,125.0,120.0,125.0
2024-02,MUN,MA|BARRA DO CORDA,glp,8,110.0,110.0,115.0,110.0,115.0
2024-02,MUN,MA|CAXIAS,glp,10,100.0,95.0,110.5,95.0,115.0
2024-02,MUN,MA|CODO,glp,8,115.0,115.0,115.0,115.0,115.0
2024-02,MUN,MA|IMPERATRIZ,glp,16,105.0,100.0,105.0,99.99,105.0
2024-02,MUN,MA|PINHEIRO,glp,8,120.0,119.25,120.0,117.5,120.0
2024-02,MUN,MA|PRESIDENTE DUTRA,glp,5,112.5,108.0,114.2,105.0,115.0
2024-02,MUN,MA|SANTA INES,glp,8,117.5,110.0,120.897,110.0,122.99
2024-02,MUN,MA|SAO JOSE DE RIBAMAR,glp,15,99.99,99.9,99.99,95.0,99.99
2024-02,MUN,MA|SAO LUIS,glp,40,99.99,95.0,100.0,85.0,114.99
2024-02,MUN,MG|ALFENAS,glp,9,95.0,84.99,98.4,84.99,100.0
2024-02,MUN,MG|ARAGUARI,glp,8,101.5,98.5,106.5,95.0,110.0
2024-02,MUN,MG|ARAXA,glp,8,88.0,85.0,90.0,85.0,90.0
2024-02,MUN,MG|BARBACENA,glp,8,95.0,92.887,96.5,87.98,100.0
2024-02,MUN,MG|BELO HORIZONTE,glp,32,99.495,89.99,118.6,86.99,129.0
2024-02,MUN,MG|BETIM,glp,17,107.0,90.0,110.0,88.9,150.0
2024-02,MUN,MG|BOM DESPACHO,glp,8,95.0,95.0,106.0,95.0,120.0
2024-02,MUN,MG|CAMPO BELO,glp,8,110.0,110.0,111.5,110.0,115.0
2024-02,MUN,MG|CARATINGA,glp,8,105.0,99.997,122.97,99.99,129.9
2024-02,MUN,MG|CONGONHAS,glp,9,100.0,93.99,107.6,89.99,110.0
2024-02,MUN,MG|CONSELHEIRO LAFAIETE,glp,9,90.0,87.4,97.0,85.0,105.0
2024-02,MUN,MG|CONTAGEM,glp,22,106.25,89.99,110.0,85.0,112.5
2024-02,MUN,MG|CORONEL FABRICIANO,glp,10,117.25,109.5,119.1,105.0,120.0
2024-02,MUN,MG|CURVELO,glp,8,90.0,80.0,100.0,80.0,100.0
2024-02,MUN,MG|DIVINOPOLIS,glp,11,100.0,90.0,100.0,89.99,120.0
2024-02,MUN,MG|FORMIGA,glp,9,97.5,90.0,100.0,90.0,100.0
2024-02,MUN,MG|FRUTAL,glp,6,94.99,93.74,94.99,92.49,94.99
2024-02,MUN,MG|GOVERNADOR VALADARES,glp,13,112.0,110.0,120.0,100.0,130.0
2024-02,MUN,MG|GUAXUPE,glp,10,85.0,78.51,86.0,75.0,95.0
2024-02,MUN,MG|IPATINGA,glp,10,103.0,94.0,112.1,85.0,113.0
2024-02,MUN,MG|ITABIRA,glp,6,114.0,107.0,125.0,107.0,125.0
2024-02,MUN,MG|ITAJUBA,glp,8,90.0,83.493,97.5,80.0,115.0
2024-02,MUN,MG|ITAUNA,glp,10,104.0,95.9,110.6,95.0,125.0
2024-02,MUN,MG|ITUIUTABA,glp,9,90.0,85.0,95.0,85.0,95.0
2024-02,MUN,MG|JANAUBA,glp,8,105.0,105.0,105.0,105.0,105.0
2024-02,MUN,MG|JANUARIA,glp,9,118.0,114.6,120.0,113.0,120.0
2024-02,MUN,MG|JOAO MONLEVADE,glp,9,105.0,99.0,110.0,95.0,110.0
2024-02,MUN,MG|JOAO PINHEIRO,glp,10,110.0,105.0,116.0,105.0,125.0
2024-02,MUN,MG|JUIZ DE FORA,glp,19,84.0,79.59,94.99,77.99,96.0
2024-02,MUN,MG|LAVRAS,glp,8,100.0,97.8,100.0,95.0,100.0
2024-02,MUN,MG|LEOPOLDINA,glp,10,100.0,95.0,101.0,95.0,110.0
2024-02,MUN,MG|MANHUACU,glp,7,100.0,99.96,110.0,99.9,110.0
2024-02,MUN,MG|MONTE CARMELO,glp,8,90.0,90.0,96.5,90.0,100.0
2024-02,MUN,MG|MONTES CLAROS,glp,33,108.0,94.992,112.5,93.0,130.0
2024-02,MUN,MG|MURIAE,glp,7,100.0,93.0,108.2,93.0,113.0
2024-02,MUN,MG|NOVA LIMA,glp,9,103.0,98.4,110.4,92.0,112.0
2024-02,MUN,MG|OLIVEIRA,glp,7,95.0,95.0,98.5,95.0,100.0
2024-02,MUN,MG|OURO PRETO,glp,5,105.0,84.94,111.8,84.9,113.0
2024-02,MUN,MG|PARA DE MINAS,glp,8,99.5,94.4,105.07,93.0,116.9
2024-02,MUN,MG|PARACATU,glp,8,99.0,96.35,104.5,96.0,115.0
2024-02,MUN,MG|PASSOS,glp,6,96.25,92.5,100.0,90.0,100.0
2024-02,MUN,MG|PATOS DE MINAS,glp,12,97.5,90.0,100.0,85.0,115.0
2024-02,MUN,MG|PATROCINIO,glp,8,90.0,90.0,100.0,90.0,100.0
2024-02,MUN,MG|POCOS DE CALDAS,glp,8,107.995,105.0,111.5,105.0,115.0
2024-02,MUN,MG|POUSO ALEGRE,glp,13,90.0,81.6,97.4,79.99,100.0
2024-02,MUN,MG|SABARA,glp,8,102.5,88.5,116.5,85.0,120.0
2024-02,MUN,MG|SAO JOAO DEL REI,glp,5,96.0,88.994,99.2,84.99,100.0
2024-02,MUN,MG|SAO JOAQUIM DE BICAS,glp,1,110.0,110.0,110.0,110.0,110.0
2024-02,MUN,MG|SAO SEBASTIAO DO PARAISO,glp,10,90.0,89.8,99.91,88.0,100.0
2024-02,MUN,MG|SETE LAGOAS,glp,12,97.45,89.099,110.0,85.0,117.0
2024-02,MUN,MG|TEOFILO OTONI,glp,13,105.0,100.492,114.0,98.0,120.0
2024-02,MUN,MG|TIMOTEO,glp,7,100.0,97.0,110.0,92.5,110.0
2024-02,MUN,MG|TRES CORACOES,glp,8,88.0,87.99,91.5,87.99,95.0
2024-02,MUN,MG|UBA,glp,6,100.0,96.495,104.995,95.0,105.0
2024-02,MUN,MG|UBERABA,glp,17,90.0,80.0,98.0,79.99,105.0
2024-02,MUN,MG|UBERLANDIA,glp,23,100.0,87.58,110.0,85.0,120.0
2024-02,MUN,MG|UNAI,glp,10,120.0,120.0,125.0,120.0,125.0
2024-02,MUN,MG|VARGINHA,glp,8,90.0,80.0,102.3,80.0,110.0
2024-02,MUN,MG|VICOSA,glp,8,108.0,107.1,108.0,105.0,108.0
2024-02,MUN,MS|CAMPO GRANDE,glp,46,104.5,94.945,114.0,90.0,135.5
2024-02,MUN,MS|CORUMBA,glp,7,118.0,111.8,127.0,110.0,130.0
2024-02,MUN,MS|COXIM,glp,10,125.0,120.0,127.75,120.0,130.0
2024-02,MUN,MS|DOURADOS,glp,19,105.0,99.52,126.0,98.0,130.0
2024-02,MUN,MS|NOVA ANDRADINA,glp,8,110.0,103.5,111.5,100.0,115.0
2024-02,MUN,MS|PONTA PORA,glp,7,115.0,108.0,117.0,105.0,120.0
2024-02,MUN,MS|TRES LAGOAS,glp,11,115.0,112.5,115.0,110.0,131.5
2024-02,MUN,MT|ALTA FLORESTA,glp,10,140.0,134.5,143.2,130.0,145.0
2024-02,MUN,MT|CACERES,glp,13,94.995,89.99,99.99,85.0,99.99
2024-02,MUN,MT|CUIABA,glp,36,115.0,94.995,125.0,85.0,138.0
2024-02,MUN,MT|RONDONOPOLIS,glp,4,122.5,111.5,130.0,110.0,130.0
2024-02,MUN,MT|SINOP,glp,16,140.0,140.0,145.0,130.0,145.0
2024-02,MUN,MT|SORRISO,glp,14,126.25,125.0,142.0,125.0,145.0
2024-02,MUN,MT|VARZEA GRANDE,glp,25,107.5,91.996,115.0,85.0,120.0
2024-02,MUN,PA|ABAETETUBA,glp,8,97.0,97.0,102.1,97.0,107.0
2024-02,MUN,PA|ALENQUER,glp,5,110.0,107.7,110.0,107.5,110.0
2024-02,MUN,PA|ALTAMIRA,glp,8,112.5,110.0,115.0,110.0,115.0
2024-02,MUN,PA|ANANINDEUA,glp,16,95.495,93.99,99.995,92.99,100.0
2024-02,MUN,PA|BELEM,glp,35,105.0,99.36,114.6,92.0,144.0
2024-02,MUN,PA|BRAGANCA,glp,6,110.5,107.5,113.0,105.0,113.0
2024-02,MUN,PA|CAMETA,glp,7,115.0,114.6,115.0,114.0,115.0
2024-02,MUN,PA|CASTANHAL,glp,11,99.0,95.0,112.5,92.0,115.0
2024-02,MUN,PA|CONCEICAO DO ARAGUAIA,glp,8,110.0,107.6,111.5,102.0,115.0
2024-02,MUN,PA|ITAITUBA,glp,4,124.25,121.05,125.0,120.0,125.0
2024-02,MUN,PA|MARABA,glp,14,115.0,110.097,115.7,105.5,120.0
2024-02,MUN,PA|PARAGOMINAS,glp,9,135.0,129.0,137.5,105.0,137.5
2024-02,MUN,PA|PARAUAPEBAS,glp,11,125.0,114.99,130.0,114.99,135.0
2024-02,MUN,PA|REDENCAO,glp,10,115.0,109.5,120.0,105.0,120.0
2024-02,MUN,PA|SANTAREM,glp,22,95.0,81.4,111.3,77.99,112.0
2024-02,MUN,PA|XINGUARA,glp,8,120.0,120.0,123.25,120.0,125.0
2024-02,MUN,PB|BAYEUX,glp,8,110.0,91.047,110.0,89.99,110.0
2024-02,MUN,PB|CABEDELO,glp,8,105.0,99.997,105.0,99.99,105.0
2024-02,MUN,PB|CAMPINA GRANDE,glp,13,105.0,91.0,110.0,86.0,110.0
2024-02,MUN,PB|JOAO PESSOA,glp,33,109.99,90.0,110.0,79.99,110.0
2024-02,MUN,PB|PATOS,glp,8,107.5,105.0,110.0,105.0,110.0
2024-02,MUN,PB|SOUSA,glp,5,102.5,100.0,103.4,100.0,104.0
2024-02,MUN,PE|ARARIPINA,glp,8,115.0,112.0,116.5,105.0,120.0
2024-02,MUN,PE|ARCOVERDE,glp,9,84.99,83.99,89.99,79.99,89.99
2024-02,MUN,PE|BELO JARDIM,glp,8,85.0,81.75,85.0,80.0,85.0
2024-02,MUN,PE|CABO DE SANTO AGOSTINHO,glp,9,87.5,84.99,95.0,84.99,95.0
2024-02,MUN,PE|CARUARU,glp,12,80.0,78.2,80.0,78.0,80.0
2024-02,MUN,PE|GARANHUNS,glp,10,84.995,84.79,94.991,82.99,95.0
2024-02,MUN,PE|GOIANA,glp,8,95.0,83.8,100.0,81.0,100.0
2024-02,MUN,PE|IGARASSU,glp,9,88.88,80.0,100.0,80.0,100.0
2024-02,MUN,PE|JABOATAO DOS GUARARAPES,glp,16,90.0,86.25,97.5,84.99,114.0
2024-02,MUN,PE|LAJEDO,glp,5,85.0,85.0,85.0,85.0,85.0
2024-02,MUN,PE|OLINDA,glp,13,84.99,80.3,94.0,77.99,120.0
2024-02,MUN,PE|PAULISTA,glp,12,87.5,79.99,97.2,79.99,100.0
2024-02,MUN,PE|PETROLINA,glp,17,102.0,96.998,111.6,95.0,115.0
2024-02,MUN,PE|RECIFE,glp,21,82.5,79.99,87.99,76.99,100.0
2024-02,MUN,PE|SALGUEIRO,glp,6,105.0,100.0,105.0,100.0,105.0
2024-02,MUN,PE|SANTA CRUZ DO CAPIBARIBE,glp,6,95.0,95.0,97.5,95.0,100.0
2024-02,MUN,PE|SERRA TALHADA,glp,7,110.0,105.0,110.0,105.0,110.0
2024-02,MUN,PE|VITORIA DE SANTO ANTAO,glp,8,85.0,83.493,86.2,80.0,89.0
2024-02,MUN,PI|PARNAIBA,glp,11,100.0,97.5,115.0,80.0,115.0
2024-02,MUN,PI|PICOS,glp,8,93.75,91.4,99.993,90.0,100.0
2024-02,MUN,PI|PIRIPIRI,glp,8,113.248,99.39,115.0,97.99,115.0
2024-02,MUN,PI|TERESINA,glp,36,95.0,89.995,100.0,89.99,105.0
2024-02,MUN,PR|APUCARANA,glp,12,90.0,89.9,100.0,80.0,100.0
2024-02,MUN,PR|ARAPONGAS,glp,12,98.95,95.0,99.999,93.9,100.0
2024-02,MUN,PR|ARAUCARIA,glp,13,90.0,90.0,95.0,89.9,98.0
2024-02,MUN,PR|ASSIS CHATEAUBRIAND,glp,5,110.0,100.94,113.6,94.9,114.0
2024-02,MUN,PR|CAMBE,glp,10,102.5,98.6,106.5,95.0,120.0
2024-02,MUN,PR|CAMPO LARGO,glp,12,90.0,85.0,90.0,79.95,97.0
2024-02,MUN,PR|CAMPO MOURAO,glp,8,109.95,103.5,114.3,100.0,115.0
2024-02,MUN,PR|CASCAVEL,glp,19,105.0,97.4,116.0,93.0,120.0
2024-02,MUN,PR|CASTRO,glp,10,106.0,103.0,110.0,103.0,110.0
2024-02,MUN,PR|CIANORTE,glp,9,99.9,87.94,100.98,79.9,104.9
2024-02,MUN,PR|COLOMBO,glp,20,88.5,83.686,90.199,79.99,93.99
2024-02,MUN,PR|CORNELIO PROCOPIO,glp,7,110.0,108.0,116.0,105.0,117.5
2024-02,MUN,PR|CURITIBA,glp,52,90.0,82.991,98.9,80.0,100.0
2024-02,MUN,PR|FOZ DO IGUACU,glp,19,90.0,89.42,110.0,84.99,110.0
2024-02,MUN,PR|FRANCISCO BELTRAO,glp,7,110.0,95.6,117.0,95.0,120.0
2024-02,MUN,PR|GUARAPUAVA,glp,13,105.0,105.0,108.72,105.0,115.0
2024-02,MUN,PR|IVAIPORA,glp,1,120.0,120.0,120.0,120.0,120.0
2024-02,MUN,PR|LONDRINA,glp,18,95.0,90.0,106.5,88.0,115.0
2024-02,MUN,PR|MARECHAL CANDIDO RONDON,glp,8,90.0,89.9,90.0,89.9,90.0
2024-02,MUN,PR|MARINGA,glp,18,122.5,100.0,125.0,99.9,125.0
2024-02,MUN,PR|PALOTINA,glp,1,90.0,90.0,90.0,90.0,90.0
2024-02,MUN,PR|PARANAGUA,glp,9,87.495,80.0,95.592,80.0,98.0
2024-02,MUN,PR|PARANAVAI,glp,9,87.495,84.972,103.0,84.9,115.0
2024-02,MUN,PR|PATO BRANCO,glp,8,118.0,115.0,120.0,115.0,120.0
2024-02,MUN,PR|PINHAIS,glp,9,110.0,85.72,110.0,85.0,110.0
2024-02,MUN,PR|PONTA GROSSA,glp,18,100.0,97.097,105.0,89.99,110.0
2024-02,MUN,PR|QUEDAS DO IGUACU,glp,1,115.0,115.0,115.0,115.0,115.0
2024-02,MUN,PR|SANTO ANTONIO DA PLATINA,glp,8,110.0,108.7,110.3,108.0,111.0
2024-02,MUN,PR|SAO JOSE DOS PINHAIS,glp,21,92.9,85.0,95.0,75.0,100.0
2024-02,MUN,PR|TOLEDO,glp,14,95.0,90.75,110.0,90.0,120.0
2024-02,MUN,PR|UMUARAMA,glp,9,102.5,86.518,106.5,84.99,112.5
2024-02,MUN,PR|UNIAO DA VITORIA,glp,9,103.5,95.78,106.0,94.9,110.0
2024-02,MUN,RJ|ANGRA DOS REIS,glp,9,115.0,114.718,115.6,113.99,118.0
2024-02,MUN,RJ|ARARUAMA,glp,8,84.99,79.99,86.497,79.99,89.99
2024-02,MUN,RJ|BARRA DO PIRAI,glp,7,101.99,99.5,105.96,99.5,107.4
2024-02,MUN,RJ|BARRA MANSA,glp,9,95.9,95.9,101.0,95.9,105.0
2024-02,MUN,RJ|BELFORD ROXO,glp,9,85.0,79.6,91.4,78.0,97.0
2024-02,MUN,RJ|CABO FRIO,glp,9,89.99,79.99,95.39,79.99,98.99
2024-02,MUN,RJ|CAMPOS DOS GOYTACAZES,glp,12,90.0,89.09,93.6,85.0,95.0
2024-02,MUN,RJ|DUQUE DE CAXIAS,glp,20,89.99,84.69,91.399,80.99,94.99
2024-02,MUN,RJ|ITABORAI,glp,12,90.62,90.0,91.999,84.99,97.0
2024-02,MUN,RJ|ITAGUAI,glp,5,122.5,118.4,122.95,118.0,123.25
2024-02,MUN,RJ|ITAPERUNA,glp,8,87.25,86.5,88.0,86.5,88.0
2024-02,MUN,RJ|MAGE,glp,10,84.99,84.71,85.09,83.0,85.9
2024-02,MUN,RJ|MARICA,glp,8,90.995,78.493,98.6,75.0,100.0
2024-02,MUN,RJ|NILOPOLIS,glp,8,99.995,95.0,101.5,95.0,105.0
2024-02,MUN,RJ|NITEROI,glp,9,89.99,79.99,96.398,79.99,97.99
2024-02,MUN,RJ|NOVA FRIBURGO,glp,8,87.0,83.497,91.5,79.99,95.0
2024-02,MUN,RJ|NOVA IGUACU,glp,19,94.99,79.99,105.0,75.0,105.0
2024-02,MUN,RJ|PETROPOLIS,glp,8,99.0,92.997,100.6,92.99,102.0
2024-02,MUN,RJ|RESENDE,glp,9,97.495,89.99,105.0,89.99,105.0
2024-02,MUN,RJ|RIO BONITO,glp,8,81.495,78.843,89.993,78.5,90.0
2024-02,MUN,RJ|RIO DE JANEIRO,glp,38,95.0,89.99,104.29,83.5,119.0
2024-02,MUN,RJ|SANTO ANTONIO DE PADUA,glp,5,97.0,80.4,109.0,79.0,115.0
2024-02,MUN,RJ|SAO FRANCISCO DE ITABAPOANA,glp,9,95.0,94.98,105.0,94.9,105.0
2024-02,MUN,RJ|SAO GONCALO,glp,20,93.99,89.791,98.199,84.99,115.0
2024-02,MUN,RJ|SAO JOAO DE MERITI,glp,12,85.99,79.991,99.691,77.99,102.0
2024-02,MUN,RJ|SAPUCAIA,glp,1,90.0,90.0,90.0,90.0,90.0
2024-02,MUN,RJ|SAQUAREMA,glp,8,91.495,88.493,96.6,85.0,98.0
2024-02,MUN,RJ|TERESOPOLIS,glp,3,100.0,99.92,100.0,99.9,100.0
2024-02,MUN,RJ|TRES RIOS,glp,10,84.99,79.99,89.991,79.99,90.0
2024-02,MUN,RJ|VALENCA,glp,7,90.0,88.0,90.0,85.0,90.0
2024-02,MUN,RJ|VOLTA REDONDA,glp,12,102.9,96.95,105.9,95.9,107.0
2024-02,MUN,RN|CAICO,glp,8,108.0,108.0,108.0,108.0,108.0
2024-02,MUN,RN|MOSSORO,glp,17,100.0,95.0,120.0,94.99,125.0
2024-02,MUN,RN|NATAL,glp,22,110.0,89.35,110.0,85.0,128.0
2024-02,MUN,RN|PARNAMIRIM,glp,16,107.25,99.0,110.0,95.0,110.0
2024-02,MUN,RO|ARIQUEMES,glp,8,126.5,120.8,128.6,118.0,130.0
2024-02,MUN,RO|CACOAL,glp,11,130.5,128.0,132.0,128.0,132.0
2024-02,MUN,RO|JI-PARANA,glp,11,121.0,116.99,125.0,115.0,135.0
2024-02,MUN,RO|PIMENTA BUENO,glp,5,141.0,135.0,141.0,133.0,141.0
2024-02,MUN,RO|PORTO VELHO,glp,34,112.5,105.0,120.0,98.0,128.0
2024-02,MUN,RO|VILHENA,glp,9,130.0,128.8,135.6,128.0,138.0
2024-02,MUN,RR|BOA VISTA,glp,29,130.0,120.0,136.0,118.0,140.0
2024-02,MUN,RS|ALEGRETE,glp,8,108.0,98.235,111.5,96.45,115.0
2024-02,MUN,RS|ALVORADA,glp,10,97.0,92.0,110.0,92.0,110.0
2024-02,MUN,RS|BAGE,glp,12,119.0,109.1,123.15,109.0,123.5
2024-02,MUN,RS|BENTO GONCALVES,glp,9,125.0,113.2,125.0,110.0,125.0
2024-02,MUN,RS|CACHOEIRA DO SUL,glp,9,95.0,89.6,100.0,88.0,100.0
2024-02,MUN,RS|CACHOEIRINHA,glp,8,102.5,98.0,105.0,98.0,105.0
2024-02,MUN,RS|CANOAS,glp,19,100.0,96.72,105.4,90.0,110.0
2024-02,MUN,RS|CAXIAS DO SUL,glp,24,104.45,99.27,119.9,97.49,125.0
2024-02,MUN,RS|CRUZ ALTA,glp,9,76.0,68.2,85.0,67.0,85.0
2024-02,MUN,RS|ERECHIM,glp,11,123.0,120.0,130.0,120.0,133.0
2024-02,MUN,RS|ESTEIO,glp,9,100.0,99.0,110.4,95.0,112.0
2024-02,MUN,RS|FARROUPILHA,glp,1,125.0,125.0,125.0,125.0,125.0
2024-02,MUN,RS|GRAMADO,glp,8,119.0,103.497,122.7,99.99,129.0
2024-02,MUN,RS|GRAVATAI,glp,14,99.995,97.3,106.4,97.0,108.0
2024-02,MUN,RS|GUAIBA,glp,8,97.95,93.4,100.6,89.9,102.0
2024-02,MUN,RS|IJUI,glp,7,99.0,87.396,116.4,84.99,120.0
2024-02,MUN,RS|LAJEADO,glp,9,103.0,93.98,113.8,89.9,117.0
2024-02,MUN,RS|NOVO HAMBURGO,glp,14,98.5,96.0,101.0,96.0,102.0
2024-02,MUN,RS|OSORIO,glp,6,97.45,94.995,99.9,94.99,99.9
2024-02,MUN,RS|PASSO FUNDO,glp,19,112.0,108.0,113.4,104.99,115.0
2024-02,MUN,RS|PELOTAS,glp,20,100.95,98.0,108.2,96.9,121.0
2024-02,MUN,RS|PORTO ALEGRE,glp,20,103.95,99.9,110.5,97.5,119.9
2024-02,MUN,RS|RIO GRANDE,glp,12,130.0,120.5,134.9,112.0,137.0
2024-02,MUN,RS|SANTA CRUZ DO SUL,glp,13,98.0,94.2,98.0,94.0,102.0
2024-02,MUN,RS|SANTA MARIA,glp,19,104.95,98.0,110.92,97.5,129.9
2024-02,MUN,RS|SANTA ROSA,glp,8,107.0,106.4,114.5,105.0,125.0
2024-02,MUN,RS|SANTANA DO LIVRAMENTO,glp,8,119.0,117.1,120.0,115.0,120.0
2024-02,MUN,RS|SANTO ANGELO,glp,8,122.0,103.347,129.0,99.49,129.0
2024-02,MUN,RS|SAO GABRIEL,glp,8,110.0,110.0,111.5,110.0,115.0
2024-02,MUN,RS|SAO LEOPOLDO,glp,11,97.0,94.0,102.5,92.0,104.0
2024-02,MUN,RS|SAO LUIZ GONZAGA,glp,8,105.0,100.0,110.0,100.0,110.0
2024-02,MUN,RS|SAPIRANGA,glp,8,109.725,100.0,110.0,100.0,110.0
2024-02,MUN,RS|SAPUCAIA DO SUL,glp,12,100.0,99.91,107.0,98.0,110.0
2024-02,MUN,RS|TORRES,glp,6,115.0,113.995,117.0,112.99,118.0
2024-02,MUN,RS|URUGUAIANA,glp,8,116.25,113.5,127.75,110.0,140.0
2024-02,MUN,RS|VACARIA,glp,8,106.0,104.7,113.0,104.0,113.0
2024-02,MUN,RS|VIAMAO,glp,13,100.0,98.0,109.98,95.0,110.0
2024-02,MUN,SC|ARARANGUA,glp,6,105.0,101.5,110.0,100.0,110.0
2024-02,MUN,SC|BALNEARIO CAMBORIU,glp,7,123.99,110.0,127.194,110.0,129.0
2024-02,MUN,SC|BIGUACU,glp,9,117.5,114.998,119.4,114.99,125.0
2024-02,MUN,SC|BLUMENAU,glp,10,99.995,99.41,124.905,95.0,124.95
2024-02,MUN,SC|BRUSQUE,glp,4,125.45,124.3,128.763,124.0,129.99
2024-02,MUN,SC|CACADOR,glp,9,116.0,99.99,131.0,99.99,135.0
2024-02,MUN,SC|CHAPECO,glp,14,125.0,122.2,130.85,121.0,136.0
2024-02,MUN,SC|CONCORDIA,glp,9,110.0,104.0,115.976,100.0,119.88
2024-02,MUN,SC|CRICIUMA,glp,9,115.0,109.0,116.78,105.0,119.9
2024-02,MUN,SC|FLORIANOPOLIS,glp,9,118.0,114.0,121.4,110.0,125.0
2024-02,MUN,SC|ITAJAI,glp,19,105.0,100.0,129.0,95.0,129.0
2024-02,MUN,SC|JARAGUA DO SUL,glp,10,99.45,95.2,103.091,88.0,104.0
2024-02,MUN,SC|JOINVILLE,glp,11,118.0,115.0,123.0,115.0,130.0
2024-02,MUN,SC|LAGES,glp,8,109.0,103.5,118.0,100.0,125.0
2024-02,MUN,SC|LAGUNA,glp,8,103.745,97.1,111.5,95.0,115.0
2024-02,MUN,SC|MAFRA,glp,10,120.0,114.49,120.0,109.9,120.0
2024-02,MUN,SC|PALHOCA,glp,10,114.5,105.0,130.0,105.0,130.0
2024-02,MUN,SC|SAO JOSE,glp,11,118.0,113.0,125.0,108.99,125.0
2024-02,MUN,SC|TUBARAO,glp,8,110.0,97.0,111.5,90.0,115.0
2024-02,MUN,SC|VIDEIRA,glp,8,120.0,112.1,126.6,110.0,135.0
2024-02,MUN,SC|XANXERE,glp,6,115.0,105.0,120.0,105.0,120.0
2024-02,MUN,SE|ARACAJU,glp,21,96.9,89.9,104.9,87.99,110.0
2024-02,MUN,SE|ITABAIANA,glp,8,102.5,98.5,105.0,95.0,105.0
2024-02,MUN,SE|LAGARTO,glp,8,95.0,94.997,100.0,94.99,100.0
2024-02,MUN,SE|NOSSA SENHORA DO SOCORRO,glp,13,93.9,89.992,99.592,85.99,100.0
2024-02,MUN,SP|ADAMANTINA,glp,8,97.725,92.07,103.6,89.9,105.0
2024-02,MUN,SP|AMERICANA,glp,10,97.495,89.99,114.99,89.99,114.99
2024-02,MUN,SP|AMPARO,glp,8,110.0,109.4,115.9,108.0,118.0
2024-02,MUN,SP|ARACATUBA,glp,20,89.99,85.69,90.191,82.99,95.0
2024-02,MUN,SP|ARARAQUARA,glp,17,112.0,104.996,114.0,89.99,115.0
2024-02,MUN,SP|ARARAS,glp,8,89.0,88.997,92.297,88.99,99.99
2024-02,MUN,SP|ASSIS,glp,12,105.0,84.99,109.455,84.945,120.0
2024-02,MUN,SP|ATIBAIA,glp,11,102.5,95.0,120.0,95.0,120.0
2024-02,MUN,SP|AVARE,glp,8,89.99,83.5,101.5,80.0,105.0
2024-02,MUN,SP|BARRETOS,glp,7,110.0,106.2,112.0,105.0,115.0
2024-02,MUN,SP|BARUERI,glp,12,93.99,89.99,109.491,84.99,110.0
2024-02,MUN,SP|BAURU,glp,17,97.5,86.5,102.0,85.0,110.0
2024-02,MUN,SP|BEBEDOURO,glp,9,110.0,99.42,111.0,97.5,115.0
2024-02,MUN,SP|BIRIGUI,glp,11,95.0,90.0,105.0,90.0,105.0
2024-02,MUN,SP|BOTUCATU,glp,10,96.25,89.994,101.0,89.99,110.0
2024-02,MUN,SP|BRAGANCA PAULISTA,glp,12,100.0,99.9,106.8,97.49,109.99
2024-02,MUN,SP|CACAPAVA,glp,8,94.99,89.19,99.99,84.99,99.99
2024-02,MUN,SP|CAMPINAS,glp,20,99.99,89.99,99.991,84.99,100.0
2024-02,MUN,SP|CARAGUATATUBA,glp,9,100.0,98.718,101.0,97.99,105.0
2024-02,MUN,SP|CARAPICUIBA,glp,16,95.0,92.49,102.25,89.99,105.0
2024-02,MUN,SP|CATANDUVA,glp,9,111.0,99.0,112.0,99.0,112.0
2024-02,MUN,SP|COSMOPOLIS,glp,8,84.99,84.99,88.243,84.99,90.0
2024-02,MUN,SP|COTIA,glp,6,109.99,102.49,121.5,99.99,123.0
2024-02,MUN,SP|CRUZEIRO,glp,8,88.245,79.997,97.4,79.99,103.0
2024-02,MUN,SP|CUBATAO,glp,9,110.0,101.799,117.0,100.995,125.0
2024-02,MUN,SP|DIADEMA,glp,10,102.49,89.999,126.141,89.99,136.5
2024-02,MUN,SP|DRACENA,glp,9,105.0,99.5,114.0,97.5,130.0
2024-02,MUN,SP|ELISIARIO,glp,1,96.0,96.0,96.0,96.0,96.0
2024-02,MUN,SP|EMBU DAS ARTES,glp,12,99.99,90.49,109.99,85.99,109.99
2024-02,MUN,SP|FRANCA,glp,15,98.99,94.99,106.8,94.99,115.0
2024-02,MUN,SP|GARCA,glp,8,100.0,98.43,100.0,95.0,100.0
2024-02,MUN,SP|GUARATINGUETA,glp,7,94.9,81.4,97.0,76.0,100.0
2024-02,MUN,SP|GUARUJA,glp,10,116.245,109.249,118.191,102.49,120.0
2024-02,MUN,SP|GUARULHOS,glp,16,93.99,89.99,102.495,85.0,105.0
2024-02,MUN,SP|HORTOLANDIA,glp,11,89.99,84.99,99.99,84.945,104.995
2024-02,MUN,SP|IBITINGA,glp,8,100.745,94.7,113.315,94.0,120.0
2024-02,MUN,SP|INDAIATUBA,glp,8,107.0,101.348,112.3,97.495,113.0
2024-02,MUN,SP|ITANHAEM,glp,9,108.0,99.972,110.2,99.9,111.0
2024-02,MUN,SP|ITAPECERICA DA SERRA,glp,7,99.99,94.79,99.99,89.99,99.99
2024-02,MUN,SP|ITAPETININGA,glp,7,115.0,111.2,115.0,110.0,115.0
2024-02,MUN,SP|ITAPEVA,glp,8,112.52,108.486,120.0,105.0,120.0
2024-02,MUN,SP|ITAPIRA,glp,5,97.0,94.08,103.0,93.0,105.0
2024-02,MUN,SP|ITAPOLIS,glp,8,111.0,105.0,115.0,105.0,115.0
2024-02,MUN,SP|ITAQUAQUECETUBA,glp,17,85.0,84.99,89.99,79.99,89.99
2024-02,MUN,SP|ITATIBA,glp,8,100.0,99.4,105.0,98.0,105.0
2024-02,MUN,SP|ITU,glp,6,107.5,102.5,113.0,100.0,116.0
2024-02,MUN,SP|JABOTICABAL,glp,8,105.995,96.393,110.0,95.0,110.0
2024-02,MUN,SP|JACAREI,glp,11,92.0,85.0,105.0,85.0,120.0
2024-02,MUN,SP|JALES,glp,10,90.0,89.999,90.795,89.99,97.95
2024-02,MUN,SP|JAU,glp,9,105.0,83.8,111.0,79.0,115.0
2024-02,MUN,SP|JOSE BONIFACIO,glp,8,97.25,95.0,100.6,95.0,102.0
2024-02,MUN,SP|JUNDIAI,glp,12,107.495,99.99,114.491,90.0,115.0
2024-02,MUN,SP|LEME,glp,8,94.5,88.5,106.9,85.0,123.0
2024-02,MUN,SP|LIMEIRA,glp,11,100.0,89.99,100.0,89.99,110.0
2024-02,MUN,SP|LINS,glp,8,97.475,83.497,109.5,79.99,120.0
2024-02,MUN,SP|LORENA,glp,8,82.495,74.997,96.5,74.99,100.0
2024-02,MUN,SP|MARILIA,glp,10,115.0,111.8,115.0,110.0,115.0
2024-02,MUN,SP|MATAO,glp,11,114.0,110.0,114.0,99.0,114.0
2024-02,MUN,SP|MAUA,glp,12,105.0,94.99,110.0,94.99,110.0
2024-02,MUN,SP|MIRASSOL,glp,8,100.0,98.493,110.0,95.0,110.0
2024-02,MUN,SP|MOCOCA,glp,7,105.0,102.197,110.0,98.0,110.0
2024-02,MUN,SP|MOGI DAS CRUZES,glp,10,94.995,88.99,99.99,79.99,99.99
2024-02,MUN,SP|MOGI GUACU,glp,7,89.99,89.99,97.596,89.99,99.99
2024-02,MUN,SP|MOGI MIRIM,glp,8,93.75,88.49,98.0,84.99,98.0
2024-02,MUN,SP|MONTE ALTO,glp,9,95.0,93.8,100.0,89.0,100.0
2024-02,MUN,SP|OLIMPIA,glp,10,87.0,86.5,90.0,82.0,90.0
2024-02,MUN,SP|OSASCO,glp,15,99.99,90.79,109.99,84.99,130.0
2024-02,MUN,SP|OURINHOS,glp,9,103.0,96.38,108.2,89.9,109.0
2024-02,MUN,SP|PARAGUACU PAULISTA,glp,6,102.5,95.0,110.0,90.0,110.0
2024-02,MUN,SP|PAULINIA,glp,8,100.0,99.99,103.0,99.99,110.0
2024-02,MUN,SP|PINDAMONHANGABA,glp,11,100.0,94.0,100.0,92.9,100.0
2024-02,MUN,SP|PIRACICABA,glp,15,104.0,86.19,115.0,84.99,115.0
2024-02,MUN,SP|PIRASSUNUNGA,glp,8,98.995,89.3,106.5,87.9,110.0
2024-02,MUN,SP|POA,glp,9,89.99,88.99,99.198,84.99,99.99
2024-02,MUN,SP|PORTO FERREIRA,glp,8,96.25,93.0,106.0,93.0,120.0
2024-02,MUN,SP|PRAIA GRANDE,glp,13,104.0,99.99,109.0,95.0,112.0
2024-02,MUN,SP|PRESIDENTE PRUDENTE,glp,16,100.72,91.445,108.25,89.99,110.0
2024-02,MUN,SP|PRESIDENTE VENCESLAU,glp,10,105.0,99.3,108.1,93.0,109.0
2024-02,MUN,SP|RIBEIRAO PIRES,glp,8,89.99,89.63,94.5,89.0,105.0
2024-02,MUN,SP|RIBEIRAO PRETO,glp,17,104.99,91.496,106.996,84.99,110.99
2024-02,MUN,SP|RIO CLARO,glp,8,89.99,83.5,91.5,80.0,95.0
2024-02,MUN,SP|SALTO,glp,5,100.0,89.99,104.16,89.99,105.0
2024-02,MUN,SP|SANTA BARBARA D'OESTE,glp,12,95.0,89.991,99.5,84.99,100.0
2024-02,MUN,SP|SANTA CRUZ DO RIO PARDO,glp,8,107.995,103.5,110.9,100.0,113.0
2024-02,MUN,SP|SANTO ANDRE,glp,12,99.995,95.0,114.99,94.99,119.0
2024-02,MUN,SP|SANTOS,glp,14,113.248,108.563,119.33,100.0,122.0
2024-02,MUN,SP|SAO BERNARDO DO CAMPO,glp,6,108.745,94.0,115.0,93.0,115.0
2024-02,MUN,SP|SAO CAETANO DO SUL,glp,6,102.495,97.49,110.495,94.99,115.0
2024-02,MUN,SP|SAO CARLOS,glp,18,117.0,106.998,119.2,105.0,125.0
2024-02,MUN,SP|SAO JOAO DA BOA VISTA,glp,9,100.0,99.998,100.5,99.99,102.5
2024-02,MUN,SP|SAO JOSE DO RIO PRETO,glp,28,109.5,95.0,116.5,94.0,130.0
2024-02,MUN,SP|SAO JOSE DOS CAMPOS,glp,20,97.5,69.99,110.0,69.99,117.0
2024-02,MUN,SP|SAO PAULO,glp,66,105.0,94.99,119.99,84.99,125.0
2024-02,MUN,SP|SAO ROQUE,glp,8,95.995,90.244,103.9,84.99,106.0
2024-02,MUN,SP|SAO VICENTE,glp,14,102.998,98.57,109.9,97.99,110.0
2024-02,MUN,SP|SERTAOZINHO,glp,13,89.99,89.0,95.0,87.0,96.9
2024-02,MUN,SP|SOROCABA,glp,20,100.0,97.84,113.2,95.0,117.0
2024-02,MUN,SP|SUMARE,glp,11,94.99,84.99,119.99,74.99,120.0
2024-02,MUN,SP|SUZANO,glp,13,99.99,89.99,104.99,89.99,115.0
2024-02,MUN,SP|TABOAO DA SERRA,glp,8,93.995,89.393,102.99,88.0,109.99
2024-02,MUN,SP|TATUI,glp,8,105.0,101.75,106.5,100.0,110.0
2024-02,MUN,SP|TAUBATE,glp,12,87.495,79.99,95.0,78.0,96.0
2024-02,MUN,SP|TUPA,glp,6,95.0,95.0,106.25,95.0,112.5
2024-02,MUN,SP|UBATUBA,glp,13,95.0,85.0,110.0,79.97,115.0
2024-02,MUN,SP|VALINHOS,glp,8,101.4,96.797,109.993,93.99,110.0
2024-02,MUN,SP|VARZEA PAULISTA,glp,8,90.0,89.99,95.0,89.99,95.0
2024-02,MUN,SP|VINHEDO,glp,8,100.72,95.6,104.993,90.0,105.0
2024-02,MUN,SP|VOTORANTIM,glp,8,102.5,100.0,110.9,100.0,113.0
2024-02,MUN,SP|VOTUPORANGA,glp,12,96.5,90.4,99.9,87.0,100.0
2024-02,MUN,TO|ARAGUAINA,glp,19,120.0,120.0,120.0,120.0,125.0
2024-02,MUN,TO|GURUPI,glp,11,115.0,113.0,120.0,109.99,125.0
2024-02,MUN,TO|PALMAS,glp,19,120.0,114.0,127.3,110.0,130.0
2024-02,MUN,TO|PARAISO DO TOCANTINS,glp,8,120.0,120.0,121.5,120.0,125.0
2024-02,MUN,TO|PORTO NACIONAL,glp,8,110.0,110.0,115.75,110.0,117.5
2024-02,UF,AC,glp,45,117.0,108.7,125.0,105.0,127.0
2024-02,UF,AL,glp,60,95.0,86.891,100.0,80.0,115.0
2024-02,UF,AM,glp,126,125.0,113.0,135.0,110.0,154.0
2024-02,UF,AP,glp,32,118.0,103.2,120.0,100.0,128.0
2024-02,UF,BA,glp,274,108.0,95.0,120.0,83.0,150.0
2024-02,UF,CE,glp,137,100.0,92.594,109.0,84.99,122.0
2024-02,UF,DF,glp,48,95.0,89.99,102.0,83.99,119.99
2024-02,UF,ES,glp,137,97.5,85.0,105.0,79.99,115.0
2024-02,UF,GO,glp,257,100.0,90.0,115.0,80.0,135.0
2024-02,UF,MA,glp,142,102.5,99.9,120.0,85.0,125.0
2024-02,UF,MG,glp,604,100.0,86.99,115.0,75.0,150.0
2024-02,UF,MS,glp,108,110.0,98.0,125.0,90.0,135.5
2024-02,UF,MT,glp,118,115.0,94.99,140.0,85.0,145.0
2024-02,UF,PA,glp,182,110.0,95.0,124.85,77.99,144.0
2024-02,UF,PB,glp,75,105.0,90.0,110.0,79.99,110.0
2024-02,UF,PE,glp,184,87.5,80.0,105.0,76.99,120.0
2024-02,UF,PI,glp,63,95.0,90.0,111.194,80.0,115.0
2024-02,UF,PR,glp,389,98.0,85.72,114.2,75.0,125.0
2024-02,UF,RJ,glp,320,90.495,81.99,105.0,75.0,123.25
2024-02,UF,RN,glp,63,108.0,95.0,110.0,85.0,128.0
2024-02,UF,RO,glp,78,120.5,107.4,132.3,98.0,141.0
2024-02,UF,RR,glp,29,130.0,120.0,136.0,118.0,140.0
2024-02,UF,RS,glp,404,105.0,95.93,120.0,67.0,140.0
2024-02,UF,SC,glp,195,115.0,100.0,125.0,88.0,136.0
2024-02,UF,SE,glp,50,96.9,89.999,104.91,85.99,110.0
2024-02,UF,SP,glp,1183,99.99,89.0,114.99,69.99,136.5
2024-02,UF,TO,glp,65,120.0,110.0,125.0,109.99,130.0
2024-03,BR,BR,glp,5367,100.0,88.954,120.0,69.99,154.0
2024-03,MUN,AC|CRUZEIRO DO SUL,glp,10,120.0,118.0,125.3,118.0,128.0
2024-03,MUN,AC|RIO BRANCO,glp,37,115.0,108.6,125.0,104.0,127.0
2024-03,MUN,AL|ARAPIRACA,glp,11,90.0,85.0,90.0,85.0,95.0
2024-03,MUN,AL|DELMIRO GOUVEIA,glp,5,100.0,96.2,100.0,95.0,100.0
2024-03,MUN,AL|MACEIO,glp,33,95.0,86.799,105.0,84.99,110.0
2024-03,MUN,AL|PALMEIRA DOS INDIOS,glp,2,89.995,89.991,89.999,89.99,90.0
2024-03,MUN,AL|RIO LARGO,glp,8,95.0,95.0,96.5,95.0,100.0
2024-03,MUN,AM|ITACOATIARA,glp,10,130.0,123.799,135.0,121.99,135.0
2024-03,MUN,AM|MANACAPURU,glp,10,131.0,125.0,142.75,125.0,145.0
2024-03,MUN,AM|MANAUS,glp,85,120.0,113.0,130.0,110.0,140.0
2024-03,MUN,AM|PARINTINS,glp,9,125.0,125.0,130.0,125.0,150.0
2024-03,MUN,AM|TEFE,glp,3,150.0,150.0,153.2,150.0,154.0
2024-03,MUN,AP|MACAPA,glp,18,114.25,107.4,120.0,106.0,122.0
2024-03,MUN,AP|SANTANA,glp,13,105.0,100.0,120.0,100.0,120.0
2024-03,MUN,BA|AGUA FRIA,glp,1,120.0,120.0,120.0,120.0,120.0
2024-03,MUN,BA|ALAGOINHAS,glp,8,108.495,104.25,117.5,102.5,121.0
2024-03,MUN,BA|BARREIRAS,glp,9,135.0,135.0,141.0,135.0,145.0
2024-03,MUN,BA|BRUMADO,glp,5,105.0,105.0,113.0,105.0,115.0
2024-03,MUN,BA|CAETITE,glp,8,100.0,100.0,105.0,100.0,105.0
2024-03,MUN,BA|CAMACARI,glp,14,120.0,115.0,120.0,109.99,125.0
2024-03,MUN,BA|EUNAPOLIS,glp,8,112.5,106.75,115.0,105.0,115.0
2024-03,MUN,BA|FEIRA DE SANTANA,glp,11,100.0,96.0,105.0,96.0,105.0
2024-03,MUN,BA|GUANAMBI,glp,10,102.5,100.0,110.0,100.0,110.0
2024-03,MUN,BA|ILHEUS,glp,9,120.0,119.0,131.6,115.0,150.0
2024-03,MUN,BA|IPIRA,glp,5,100.0,100.0,103.0,100.0,105.0
2024-03,MUN,BA|IRECE,glp,9,110.0,107.0,114.2,105.0,115.0
2024-03,MUN,BA|ITABUNA,glp,10,105.0,99.8,108.7,98.0,115.0
2024-03,MUN,BA|ITAMARAJU,glp,8,105.0,98.5,106.5,95.0,110.0
2024-03,MUN,BA|JACOBINA,glp,6,125.0,125.0,128.5,125.0,130.0
2024-03,MUN,BA|JAGUAQUARA,glp,8,110.0,107.0,113.25,100.0,115.0
2024-03,MUN,BA|JEQUIE,glp,8,95.0,87.1,98.6,85.0,100.0
2024-03,MUN,BA|JUAZEIRO,glp,7,110.0,99.5,110.0,95.0,110.0
2024-03,MUN,BA|LAURO DE FREITAS,glp,12,115.0,105.6,124.7,99.99,125.0
2024-03,MUN,BA|LIVRAMENTO DE NOSSA SENHORA,glp,8,110.0,108.5,110.0,105.0,110.0
2024-03,MUN,BA|PAULO AFONSO,glp,9,95.0,95.0,101.8,95.0,103.0
2024-03,MUN,BA|POCOES,glp,8,102.25,100.1,110.0,98.0,110.0
2024-03,MUN,BA|PORTO SEGURO,glp,9,110.0,104.0,116.0,100.0,120.0
2024-03,MUN,BA|SALVADOR,glp,38,110.0,100.0,123.247,97.45,130.0
2024-03,MUN,BA|SANTO ANTONIO DE JESUS,glp,9,110.0,100.8,115.4,100.0,117.0
2024-03,MUN,BA|SENHOR DO BONFIM,glp,4,125.0,121.5,125.0,120.0,125.0
2024-03,MUN,BA|SERRINHA,glp,7,120.0,120.0,122.0,120.0,125.0
2024-03,MUN,BA|SIMOES FILHO,glp,9,109.0,104.792,122.998,104.0,134.99
2024-03,MUN,BA|TEIXEIRA DE FREITAS,glp,11,85.5,82.5,110.0,82.495,110.0
2024-03,MUN,BA|VALENCA,glp,8,120.0,120.0,120.0,120.0,120.0
2024-03,MUN,BA|VITORIA DA CONQUISTA,glp,11,110.0,97.99,117.5,97.99,120.0
2024-03,MUN,CE|CANINDE,glp,4,97.5,96.3,99.4,96.0,100.0
2024-03,MUN,CE|CAUCAIA,glp,13,100.0,88.592,108.0,84.99,117.0
2024-03,MUN,CE|CRATEUS,glp,8,100.0,90.0,110.0,90.0,110.0
2024-03,MUN,CE|CRATO,glp,8,106.0,102.693,106.0,95.0,106.0
2024-03,MUN,CE|FORTALEZA,glp,35,95.0,89.99,107.2,89.9,122.0
2024-03,MUN,CE|ICO,glp,5,105.0,97.0,113.8,95.0,115.0
2024-03,MUN,CE|IGUATU,glp,8,100.0,98.4,103.0,97.0,103.0
2024-03,MUN,CE|ITAPIPOCA,glp,8,105.0,93.5,111.5,90.0,115.0
2024-03,MUN,CE|JUAZEIRO DO NORTE,glp,12,106.0,105.05,107.8,103.0,108.0
2024-03,MUN,CE|LIMOEIRO DO NORTE,glp,7,100.0,88.958,104.7,79.895,108.0
2024-03,MUN,CE|MARACANAU,glp,10,100.0,98.399,105.0,92.99,105.0
2024-03,MUN,CE|QUIXADA,glp,8,98.248,87.99,101.5,87.99,105.0
2024-03,MUN,CE|SOBRAL,glp,6,102.0,93.0,109.0,93.0,109.0
2024-03,MUN,DF|BRASILIA,glp,47,95.0,89.99,100.794,82.99,119.99
2024-03,MUN,ES|ARACRUZ,glp,10,100.0,99.8,100.25,98.0,102.5
2024-03,MUN,ES|CACHOEIRO DE ITAPEMIRIM,glp,10,100.0,94.891,102.3,94.0,105.0
2024-03,MUN,ES|CARIACICA,glp,17,95.0,80.0,100.0,77.49,100.0
2024-03,MUN,ES|COLATINA,glp,11,95.0,85.0,95.0,80.0,105.0
2024-03,MUN,ES|GUARAPARI,glp,12,89.995,84.991,95.0,84.99,100.0
2024-03,MUN,ES|LINHARES,glp,17,110.0,105.0,115.0,100.0,115.0
2024-03,MUN,ES|SAO MATEUS,glp,12,104.995,104.99,105.0,94.99,105.0
2024-03,MUN,ES|SERRA,glp,20,89.99,84.999,95.5,80.0,100.0
2024-03,MUN,ES|VILA VELHA,glp,18,99.998,89.99,100.0,89.99,105.0
2024-03,MUN,ES|VITORIA,glp,9,95.0,89.998,101.0,89.99,105.0
2024-03,MUN,GO|AGUAS LINDAS DE GOIAS,glp,19,88.0,84.99,95.0,84.99,95.0
2024-03,MUN,GO|ANAPOLIS,glp,25,100.0,100.0,100.0,95.0,110.0
2024-03,MUN,GO|APARECIDA DE GOIANIA,glp,31,100.0,85.0,105.0,84.99,110.0
2024-03,MUN,GO|CALDAS NOVAS,glp,13,110.0,100.0,110.0,99.995,110.0
2024-03,MUN,GO|CATALAO,glp,9,105.0,99.8,110.0,99.0,110.0
2024-03,MUN,GO|FORMOSA,glp,10,100.0,95.0,115.3,95.0,118.0
2024-03,MUN,GO|GOIANIA,glp,39,100.0,88.992,110.5,80.0,130.0
2024-03,MUN,GO|GOIATUBA,glp,6,120.0,110.0,120.0,105.0,120.0
2024-03,MUN,GO|ITUMBIARA,glp,9,110.0,104.8,120.0,104.0,120.0
2024-03,MUN,GO|JATAI,glp,9,122.5,121.0,125.0,115.0,125.0
2024-03,MUN,GO|LUZIANIA,glp,14,98.5,87.84,100.0,83.99,100.0
2024-03,MUN,GO|MINEIROS,glp,9,118.0,114.0,118.0,110.0,118.0
2024-03,MUN,GO|MORRINHOS,glp,7,97.0,94.0,100.0,92.5,100.0
2024-03,MUN,GO|PORANGATU,glp,8,110.0,109.4,116.5,108.0,120.0
2024-03,MUN,GO|RIO VERDE,glp,14,110.0,100.0,115.0,92.5,115.0
2024-03,MUN,GO|TRINDADE,glp,21,95.0,89.99,100.0,84.99,100.0
2024-03,MUN,GO|VALPARAISO DE GOIAS,glp,11,90.0,87.0,99.0,83.99,100.99
2024-03,MUN,MA|ACAILANDIA,glp,9,100.0,88.0,101.0,88.0,105.0
2024-03,MUN,MA|BACABAL,glp,8,110.0,110.0,111.5,110.0,115.0
2024-03,MUN,MA|BALSAS,glp,7,120.0,120.0,125.0,120.0,125.0
2024-03,MUN,MA|BARRA DO CORDA,glp,9,110.0,109.0,110.0,105.0,110.0
2024-03,MUN,MA|CAXIAS,glp,9,95.0,95.0,106.0,95.0,110.0
2024-03,MUN,MA|CODO,glp,8,115.0,115.0,115.0,115.0,115.0
2024-03,MUN,MA|IMPERATRIZ,glp,16,105.0,99.99,105.0,85.0,105.0
2024-03,MUN,MA|PINHEIRO,glp,8,120.0,120.0,120.0,120.0,120.0
2024-03,MUN,MA|PRESIDENTE DUTRA,glp,5,115.0,111.0,115.0,110.0,115.0
2024-03,MUN,MA|SANTA INES,glp,9,115.0,110.0,120.598,110.0,122.99
2024-03,MUN,MA|SAO JOSE DE RIBAMAR,glp,15,99.99,99.9,99.99,95.0,99.99
2024-03,MUN,MA|SAO LUIS,glp,40,99.99,99.41,100.0,92.495,114.99
2024-03,MUN,MG|ALFENAS,glp,9,95.0,84.99,98.4,84.99,100.0
2024-03,MUN,MG|ARAGUARI,glp,8,100.25,99.25,105.0,97.5,105.0
2024-03,MUN,MG|ARAXA,glp,8,88.0,87.1,90.0,85.0,90.0
2024-03,MUN,MG|BARBACENA,glp,9,95.0,93.588,96.0,87.98,100.0
2024-03,MUN,MG|BELO HORIZONTE,glp,32,98.5,89.99,118.6,85.0,129.0
2024-03,MUN,MG|BETIM,glp,16,107.0,90.0,110.0,88.9,150.0
2024-03,MUN,MG|BOM DESPACHO,glp,8,95.0,93.5,105.965,90.0,120.0
2024-03,MUN,MG|CAMPO BELO,glp,8,110.0,110.0,111.5,110.0,115.0
2024-03,MUN,MG|CARATINGA,glp,9,107.0,99.998,121.98,99.99,129.9
2024-03,MUN,MG|CONGONHAS,glp,8,101.5,93.49,109.4,89.99,115.0
2024-03,MUN,MG|CONSELHEIRO LAFAIETE,glp,9,91.5,87.4,99.2,85.0,100.0
2024-03,MUN,MG|CONTAGEM,glp,22,100.0,89.099,115.0,80.0,118.0
2024-03,MUN,MG|CORONEL FABRICIANO,glp,10,118.0,109.5,120.0,105.0,120.0
2024-03,MUN,MG|CURVELO,glp,8,90.0,80.0,100.0,80.0,100.0
2024-03,MUN,MG|DIVINOPOLIS,glp,13,95.5,89.992,109.5,89.99,120.0
2024-03,MUN,MG|FORMIGA,glp,9,92.5,85.0,98.0,85.0,100.0
2024-03,MUN,MG|FRUTAL,glp,8,94.99,93.69,96.928,92.99,101.45
2024-03,MUN,MG|GOVERNADOR VALADARES,glp,14,114.0,110.0,120.0,100.0,130.0
2024-03,MUN,MG|GUAXUPE,glp,9,85.0,78.12,87.0,75.0,95.0
2024-03,MUN,MG|IPATINGA,glp,9,103.0,89.0,112.2,85.0,113.0
2024-03,MUN,MG|ITABIRA,glp,5,110.0,107.0,122.2,107.0,125.0
2024-03,MUN,MG|ITAJUBA,glp,8,90.0,82.743,97.5,77.5,115.0
2024-03,MUN,MG|ITAUNA,glp,10,104.0,95.9,110.6,95.0,125.0
2024-03,MUN,MG|ITUIUTABA,glp,9,90.0,87.4,95.998,85.0,99.99
2024-03,MUN,MG|JANAUBA,glp,8,105.0,105.0,105.0,105.0,105.0
2024-03,MUN,MG|JANUARIA,glp,9,118.0,115.0,120.0,115.0,120.0
2024-03,MUN,MG|JOAO MONLEVADE,glp,8,105.0,98.5,108.25,95.0,110.0
2024-03,MUN,MG|JOAO PINHEIRO,glp,10,110.0,105.0,116.0,105.0,125.0
2024-03,MUN,MG|JUIZ DE FORA,glp,19,84.0,77.99,92.496,76.99,96.0
2024-03,MUN,MG|LAVRAS,glp,8,100.0,97.8,100.0,95.0,100.0
2024-03,MUN,MG|LEOPOLDINA,glp,9,100.0,95.0,102.0,95.0,110.0
2024-03,MUN,MG|MANHUACU,glp,7,100.0,95.94,110.0,90.0,110.0
2024-03,MUN,MG|MONTE CARMELO,glp,8,90.0,90.0,96.5,90.0,100.0
2024-03,MUN,MG|MONTES CLAROS,glp,31,108.0,94.99,115.0,93.0,130.0
2024-03,MUN,MG|MURIAE,glp,7,100.0,93.0,108.2,93.0,113.0
2024-03,MUN,MG|NOVA LIMA,glp,8,103.0,97.6,110.6,92.0,112.0
2024-03,MUN,MG|OLIVEIRA,glp,7,95.0,95.0,98.5,95.0,100.0
2024-03,MUN,MG|OURO PRETO,glp,6,102.5,87.45,111.5,85.0,113.0
2024-03,MUN,MG|PARA DE MINAS,glp,8,99.5,94.4,105.07,93.0,116.9
2024-03,MUN,MG|PARACATU,glp,9,100.0,95.8,100.5,95.0,102.5
2024-03,MUN,MG|PASSOS,glp,7,90.0,90.0,97.0,90.0,100.0
2024-03,MUN,MG|PATOS DE MINAS,glp,12,95.0,90.0,100.0,87.0,100.0
2024-03,MUN,MG|PATROCINIO,glp,8,90.0,90.0,100.0,90.0,100.0
2024-03,MUN,MG|POCOS DE CALDAS,glp,8,107.995,106.746,108.6,105.0,110.0
2024-03,MUN,MG|POUSO ALEGRE,glp,12,89.45,80.8,95.0,79.99,98.0
2024-03,MUN,MG|SABARA,glp,10,99.995,85.0,115.5,85.0,120.0
2024-03,MUN,MG|SAO JOAO DEL REI,glp,8,94.0,84.99,106.5,84.99,110.0
2024-03,MUN,MG|SAO JOAQUIM DE BICAS,glp,1,110.0,110.0,110.0,110.0,110.0
2024-03,MUN,MG|SAO SEBASTIAO DO PARAISO,glp,10,90.0,90.0,99.91,90.0,100.0
2024-03,MUN,MG|SETE LAGOAS,glp,12,97.45,89.099,110.0,85.0,117.0
2024-03,MUN,MG|TEOFILO OTONI,glp,10,110.0,102.699,115.4,99.99,119.0
2024-03,MUN,MG|TIMOTEO,glp,7,100.0,98.0,110.0,95.0,110.0
2024-03,MUN,MG|TRES CORACOES,glp,10,87.995,79.981,90.5,79.9,95.0
2024-03,MUN,MG|UBA,glp,6,101.25,96.495,104.995,95.0,105.0
2024-03,MUN,MG|UBERABA,glp,17,90.0,80.0,100.0,79.99,100.0
2024-03,MUN,MG|UBERLANDIA,glp,22,99.995,87.041,112.25,84.9,125.0
2024-03,MUN,MG|UNAI,glp,10,120.0,120.0,120.0,120.0,120.0
2024-03,MUN,MG|VARGINHA,glp,8,90.0,80.0,102.3,80.0,110.0
2024-03,MUN,MG|VICOSA,glp,10,108.0,104.499,108.0,99.99,108.0
2024-03,MUN,MS|CAMPO GRANDE,glp,46,105.0,94.995,112.5,90.0,135.5
2024-03,MUN,MS|CORUMBA,glp,7,113.0,103.0,130.0,100.0,130.0
2024-03,MUN,MS|COXIM,glp,11,125.0,120.0,130.0,120.0,130.0
2024-03,MUN,MS|DOURADOS,glp,19,105.0,99.592,121.0,98.0,130.0
2024-03,MUN,MS|NOVA ANDRADINA,glp,8,105.0,99.7,110.0,99.0,110.0
2024-03,MUN,MS|PONTA PORA,glp,8,111.0,105.0,115.0,105.0,115.0
2024-03,MUN,MS|TRES LAGOAS,glp,11,115.0,110.0,115.0,110.0,130.0
2024-03,MUN,MT|ALTA FLORESTA,glp,8,140.0,133.5,143.6,130.0,145.0
2024-03,MUN,MT|CACERES,glp,13,99.99,99.99,99.998,95.0,104.0
2024-03,MUN,MT|CUIABA,glp,36,115.0,94.492,125.0,86.0,138.0
2024-03,MUN,MT|RONDONOPOLIS,glp,13,120.0,110.999,129.0,100.0,130.0
2024-03,MUN,MT|SINOP,glp,15,140.0,136.0,143.0,130.0,145.0
2024-03,MUN,MT|SORRISO,glp,12,128.75,125.0,144.0,125.0,145.0
2024-03,MUN,MT|VARZEA GRANDE,glp,26,106.495,89.9,115.0,85.0,120.0
2024-03,MUN,PA|ABAETETUBA,glp,8,97.0,97.0,102.1,97.0,107.0
2024-03,MUN,PA|ALENQUER,glp,5,110.0,108.8,110.0,108.0,110.0
2024-03,MUN,PA|ALTAMIRA,glp,8,112.5,110.0,115.6,110.0,117.0
2024-03,MUN,PA|ANANINDEUA,glp,16,96.0,92.495,99.99,92.0,100.0
2024-03,MUN,PA|BELEM,glp,33,105.0,99.99,114.0,95.0,120.0
2024-03,MUN,PA|BRAGANCA,glp,6,110.5,107.5,113.0,105.0,113.0
2024-03,MUN,PA|CAMETA,glp,5,115.0,114.4,115.0,114.0,115.0
2024-03,MUN,PA|CASTANHAL,glp,11,99.0,94.99,105.0,92.0,105.0
2024-03,MUN,PA|CONCEICAO DO ARAGUAIA,glp,8,110.0,107.6,111.5,102.0,115.0
2024-03,MUN,PA|ITAITUBA,glp,4,125.0,125.0,128.5,125.0,130.0
2024-03,MUN,PA|MARABA,glp,14,115.0,111.497,116.393,107.99,120.0
2024-03,MUN,PA|PARAGOMINAS,glp,9,140.0,138.2,140.0,135.0,140.0
2024-03,MUN,PA|PARAUAPEBAS,glp,11,125.0,114.99,130.0,114.99,135.0
2024-03,MUN,PA|REDENCAO,glp,11,113.5,110.0,117.0,110.0,117.0
2024-03,MUN,PA|SANTAREM,glp,22,96.5,81.4,100.0,79.99,100.0
2024-03,MUN,PA|XINGUARA,glp,8,120.0,120.0,125.0,120.0,125.0
2024-03,MUN,PB|BAYEUX,glp,9,110.0,89.998,110.0,89.99,110.0
2024-03,MUN,PB|CABEDELO,glp,8,105.0,99.997,105.3,99.99,106.0
2024-03,MUN,PB|CAMPINA GRANDE,glp,13,105.0,91.0,110.0,83.0,110.0
2024-03,MUN,PB|JOAO PESSOA,glp,35,110.0,90.0,110.0,79.99,110.0
2024-03,MUN,PB|PATOS,glp,8,107.75,105.0,110.0,105.0,110.0
2024-03,MUN,PB|SOUSA,glp,5,100.0,100.0,100.0,100.0,100.0
2024-03,MUN,PE|ARARIPINA,glp,8,115.0,112.0,116.5,105.0,120.0
2024-03,MUN,PE|ARCOVERDE,glp,8,84.99,84.99,89.99,84.99,89.99
2024-03,MUN,PE|BELO JARDIM,glp,8,82.745,80.0,85.0,80.0,85.0
2024-03,MUN,PE|CABO DE SANTO AGOSTINHO,glp,9,87.5,84.492,90.0,82.5,90.0
2024-03,MUN,PE|CARUARU,glp,16,80.0,78.0,81.5,78.0,90.0
2024-03,MUN,PE|GARANHUNS,glp,9,85.0,83.69,94.992,78.49,95.0
2024-03,MUN,PE|GOIANA,glp,8,90.0,83.8,100.0,81.0,100.0
2024-03,MUN,PE|IGARASSU,glp,9,90.0,80.0,100.0,80.0,100.0
2024-03,MUN,PE|JABOATAO DOS GUARARAPES,glp,15,90.0,85.0,98.0,84.99,114.0
2024-03,MUN,PE|LAJEDO,glp,5,85.0,85.0,85.0,85.0,85.0
2024-03,MUN,PE|OLINDA,glp,12,84.99,78.199,90.0,77.99,120.0
2024-03,MUN,PE|PAULISTA,glp,12,85.0,79.99,94.5,79.99,98.0
2024-03,MUN,PE|PETROLINA,glp,16,102.0,99.0,115.0,88.99,119.9
2024-03,MUN,PE|RECIFE,glp,20,80.0,79.69,86.3,75.0,100.0
2024-03,MUN,PE|SALGUEIRO,glp,6,103.75,98.75,105.0,97.5,105.0
2024-03,MUN,PE|SANTA CRUZ DO CAPIBARIBE,glp,5,95.0,95.0,95.0,95.0,95.0
2024-03,MUN,PE|SERRA TALHADA,glp,7,110.0,105.0,110.0,105.0,110.0
2024-03,MUN,PE|VITORIA DE SANTO ANTAO,glp,9,84.995,80.0,85.8,80.0,89.0
2024-03,MUN,PI|PARNAIBA,glp,10,100.0,98.99,115.0,89.99,115.0
2024-03,MUN,PI|PICOS,glp,8,93.75,91.4,99.993,90.0,100.0
2024-03,MUN,PI|PIRIPIRI,glp,7,111.495,105.99,115.0,99.99,115.0
2024-03,MUN,PI|TERESINA,glp,37,95.0,89.99,100.0,87.49,105.0
2024-03,MUN,PR|APUCARANA,glp,13,90.0,89.9,100.0,89.5,100.0
2024-03,MUN,PR|ARAPONGAS,glp,14,98.498,95.0,99.997,95.0,100.0
2024-03,MUN,PR|ARAUCARIA,glp,13,90.0,90.0,95.0,89.9,95.0
2024-03,MUN,PR|ASSIS CHATEAUBRIAND,glp,5,113.0,100.94,113.0,94.9,113.0
2024-03,MUN,PR|CAMBE,glp,8,105.0,97.1,109.5,95.0,120.0
2024-03,MUN,PR|CAMPO LARGO,glp,12,88.25,84.991,90.0,79.95,96.0
2024-03,MUN,PR|CAMPO MOURAO,glp,8,109.925,105.0,114.3,105.0,115.0
2024-03,MUN,PR|CASCAVEL,glp,18,107.5,97.1,116.5,93.0,120.0
2024-03,MUN,PR|CASTRO,glp,8,108.5,106.4,110.0,105.0,110.0
2024-03,MUN,PR|CIANORTE,glp,9,99.9,79.9,101.99,79.9,109.95
2024-03,MUN,PR|COLOMBO,glp,20,89.45,83.791,90.0,81.9,93.99
2024-03,MUN,PR|CORNELIO PROCOPIO,glp,7,110.0,108.0,119.0,105.0,125.0
2024-03,MUN,PR|CURITIBA,glp,55,90.0,82.994,98.6,80.0,100.0
2024-03,MUN,PR|FOZ DO IGUACU,glp,19,100.0,92.5,110.0,92.45,113.0
2024-03,MUN,PR|FRANCISCO BELTRAO,glp,9,110.0,95.799,116.5,94.995,122.5
2024-03,MUN,PR|GUARAPUAVA,glp,13,105.0,103.4,108.0,99.9,115.0
2024-03,MUN,PR|IVAIPORA,glp,1,120.0,120.0,120.0,120.0,120.0
2024-03,MUN,PR|LONDRINA,glp,18,95.0,90.0,110.0,88.0,115.0
2024-03,MUN,PR|MARECHAL CANDIDO RONDON,glp,6,95.0,92.495,95.725,90.0,96.45
2024-03,MUN,PR|MARINGA,glp,18,125.0,99.97,125.0,95.0,125.0
2024-03,MUN,PR|PALOTINA,glp,1,92.5,92.5,92.5,92.5,92.5
2024-03,MUN,PR|PARANAGUA,glp,9,94.99,84.0,95.592,80.0,98.0
2024-03,MUN,PR|PARANAVAI,glp,9,85.0,84.972,103.0,84.9,115.0
2024-03,MUN,PR|PATO BRANCO,glp,8,118.0,115.0,120.0,115.0,120.0
2024-03,MUN,PR|PINHAIS,glp,9,110.0,84.72,110.0,80.0,110.0
2024-03,MUN,PR|PONTA GROSSA,glp,14,99.95,95.0,112.9,89.0,115.0
2024-03,MUN,PR|QUEDAS DO IGUACU,glp,1,115.0,115.0,115.0,115.0,115.0
2024-03,MUN,PR|SANTO ANTONIO DA PLATINA,glp,9,110.0,109.0,111.3,109.0,112.5
2024-03,MUN,PR|SAO JOSE DOS PINHAIS,glp,20,93.995,85.0,95.0,75.0,100.0
2024-03,MUN,PR|TOLEDO,glp,13,107.0,97.2,120.0,95.0,120.0
2024-03,MUN,PR|UMUARAMA,glp,8,99.0,86.327,108.0,84.99,115.0
2024-03,MUN,PR|UNIAO DA VITORIA,glp,9,105.0,97.39,110.0,94.95,110.0
2024-03,MUN,RJ|ANGRA DOS REIS,glp,9,115.0,114.718,115.6,113.99,118.0
2024-03,MUN,RJ|ARARUAMA,glp,8,80.995,74.997,86.49,74.99,89.99
2024-03,MUN,RJ|BARRA DO PIRAI,glp,7,99.99,99.278,103.194,98.945,105.0
2024-03,MUN,RJ|BARRA MANSA,glp,9,95.9,95.5,101.0,93.9,105.0
2024-03,MUN,RJ|BELFORD ROXO,glp,9,85.0,79.3,95.998,76.5,99.99
2024-03,MUN,RJ|CABO FRIO,glp,9,87.99,79.99,94.198,79.99,98.99
2024-03,MUN,RJ|CAMPOS DOS GOYTACAZES,glp,12,90.0,85.399,93.6,84.99,95.0
2024-03,MUN,RJ|DUQUE DE CAXIAS,glp,21,88.0,84.99,92.495,80.99,94.99
2024-03,MUN,RJ|ITABORAI,glp,13,90.49,90.0,91.998,84.99,97.0
2024-03,MUN,RJ|ITAGUAI,glp,5,120.0,117.7,124.5,117.5,124.5
2024-03,MUN,RJ|ITAPERUNA,glp,8,88.0,88.0,88.0,88.0,88.0
2024-03,MUN,RJ|MACAE,glp,12,125.0,124.991,125.0,123.0,126.0
2024-03,MUN,RJ|MAGE,glp,10,84.99,84.71,85.499,83.0,89.99
2024-03,MUN,RJ|MARICA,glp,8,90.995,74.997,95.9,74.99,98.0
2024-03,MUN,RJ|NILOPOLIS,glp,8,97.495,95.0,101.5,95.0,105.0
2024-03,MUN,RJ|NITEROI,glp,9,87.5,75.79,96.398,74.99,97.99
2024-03,MUN,RJ|NOVA FRIBURGO,glp,8,87.0,83.497,91.5,79.99,95.0
2024-03,MUN,RJ|NOVA IGUACU,glp,20,92.495,77.499,105.0,75.0,105.0
2024-03,MUN,RJ|PETROPOLIS,glp,9,98.0,92.998,100.4,92.99,102.0
2024-03,MUN,RJ|RESENDE,glp,8,92.495,88.493,108.0,85.0,115.0
2024-03,MUN,RJ|RIO BONITO,glp,8,82.99,78.843,89.993,78.5,90.0
2024-03,MUN,RJ|RIO DE JANEIRO,glp,38,95.0,89.693,103.6,80.0,119.0
2024-03,MUN,RJ|SANTO ANTONIO DE PADUA,glp,5,97.0,84.2,109.0,83.0,115.0
2024-03,MUN,RJ|SAO FRANCISCO DE ITABAPOANA,glp,9,97.5,94.981,101.8,94.945,109.0
2024-03,MUN,RJ|SAO GONCALO,glp,20,93.99,89.791,99.991,84.99,115.0
2024-03,MUN,RJ|SAO JOAO DE MERITI,glp,12,85.99,79.991,99.691,77.99,102.0
2024-03,MUN,RJ|SAPUCAIA,glp,1,90.0,90.0,90.0,90.0,90.0
2024-03,MUN,RJ|SAQUAREMA,glp,9,90.0,88.992,96.4,85.0,98.0
2024-03,MUN,RJ|TERESOPOLIS,glp,9,99.9,88.992,111.16,85.0,120.0
2024-03,MUN,RJ|TRES RIOS,glp,10,84.99,79.99,89.991,79.99,90.0
2024-03,MUN,RJ|VALENCA,glp,7,90.0,88.0,90.0,85.0,90.0
2024-03,MUN,RJ|VOLTA REDONDA,glp,10,99.995,93.9,105.191,93.9,107.0
2024-03,MUN,RN|CAICO,glp,8,108.0,108.0,108.0,108.0,108.0
2024-03,MUN,RN|MOSSORO,glp,18,100.0,94.99,106.5,85.0,110.0
2024-03,MUN,RN|NATAL,glp,21,110.0,95.0,110.0,87.0,110.0
2024-03,MUN,RN|PARNAMIRIM,glp,16,110.0,101.75,110.0,99.0,115.0
2024-03,MUN,RO|ARIQUEMES,glp,8,125.0,120.8,128.6,118.0,130.0
2024-03,MUN,RO|CACOAL,glp,11,132.0,130.0,132.0,128.0,132.0
2024-03,MUN,RO|JI-PARANA,glp,11,120.0,116.99,122.0,115.0,122.0
2024-03,MUN,RO|PIMENTA BUENO,glp,5,141.0,136.2,141.0,133.0,141.0
2024-03,MUN,RO|PORTO VELHO,glp,33,112.0,105.0,120.0,98.0,128.0
2024-03,MUN,RO|VILHENA,glp,8,129.5,127.4,135.9,126.0,138.0
2024-03,MUN,RR|BOA VISTA,glp,30,130.0,120.0,136.0,118.0,140.0
2024-03,MUN,RS|ALEGRETE,glp,9,108.0,97.4,110.0,95.0,110.0
2024-03,MUN,RS|ALVORADA,glp,10,95.995,89.45,110.0,89.0,110.0
2024-03,MUN,RS|BAGE,glp,12,119.0,109.1,123.15,109.0,123.5
2024-03,MUN,RS|BENTO GONCALVES,glp,9,125.0,113.2,125.0,110.0,125.0
2024-03,MUN,RS|CACHOEIRA DO SUL,glp,9,95.0,89.6,100.0,88.0,100.0
2024-03,MUN,RS|CACHOEIRINHA,glp,8,102.5,98.0,105.0,98.0,105.0
2024-03,MUN,RS|CANOAS,glp,23,100.0,96.18,106.6,90.0,112.0
2024-03,MUN,RS|CAXIAS DO SUL,glp,24,105.0,99.99,119.9,96.5,125.0
2024-03,MUN,RS|CRUZ ALTA,glp,9,85.0,85.0,93.0,85.0,93.0
2024-03,MUN,RS|ERECHIM,glp,11,123.0,123.0,128.0,120.0,130.0
2024-03,MUN,RS|ESTEIO,glp,9,100.0,99.0,110.4,95.0,112.0
2024-03,MUN,RS|FARROUPILHA,glp,1,125.0,125.0,125.0,125.0,125.0
2024-03,MUN,RS|GRAMADO,glp,8,116.5,99.963,122.7,99.9,129.0
2024-03,MUN,RS|GRAVATAI,glp,13,100.0,97.2,106.6,95.0,108.0
2024-03,MUN,RS|GUAIBA,glp,8,97.95,93.4,100.6,89.9,102.0
2024-03,MUN,RS|IJUI,glp,7,99.0,88.396,119.4,87.49,120.0
2024-03,MUN,RS|LAJEADO,glp,10,101.5,96.74,113.4,89.9,117.0
2024-03,MUN,RS|NOVO HAMBURGO,glp,13,97.0,96.0,100.798,94.5,102.0
2024-03,MUN,RS|OSORIO,glp,8,96.5,94.99,99.9,94.99,99.9
2024-03,MUN,RS|PASSO FUNDO,glp,18,113.0,108.0,113.0,104.99,115.0
2024-03,MUN,RS|PELOTAS,glp,19,101.9,97.8,108.4,96.9,112.5
2024-03,MUN,RS|PORTO ALEGRE,glp,20,103.95,99.99,110.5,99.9,119.9
2024-03,MUN,RS|RIO GRANDE,glp,11,130.0,120.0,135.0,115.5,135.0
2024-03,MUN,RS|SANTA CRUZ DO SUL,glp,12,98.0,94.0,98.0,94.0,102.0
2024-03,MUN,RS|SANTA MARIA,glp,21,103.0,98.0,110.0,95.0,124.9
2024-03,MUN,RS|SANTA ROSA,glp,8,113.75,107.8,119.75,105.0,125.0
2024-03,MUN,RS|SANTANA DO LIVRAMENTO,glp,8,118.5,100.0,120.0,100.0,120.0
2024-03,MUN,RS|SANTO ANGELO,glp,9,120.0,98.99,129.0,98.99,129.0
2024-03,MUN,RS|SAO GABRIEL,glp,9,110.0,110.0,110.0,110.0,110.0
2024-03,MUN,RS|SAO LEOPOLDO,glp,9,99.45,95.0,104.2,95.0,105.0
2024-03,MUN,RS|SAO LUIZ GONZAGA,glp,8,103.75,100.0,110.0,100.0,110.0
2024-03,MUN,RS|SAPIRANGA,glp,8,109.5,100.0,110.0,100.0,110.0
2024-03,MUN,RS|SAPUCAIA DO SUL,glp,10,101.0,99.99,110.0,99.9,110.0
2024-03,MUN,RS|TORRES,glp,6,115.0,113.495,117.0,112.99,118.0
2024-03,MUN,RS|URUGUAIANA,glp,8,118.75,113.5,129.5,110.0,140.0
2024-03,MUN,RS|VACARIA,glp,8,106.0,104.7,113.0,104.0,113.0
2024-03,MUN,RS|VIAMAO,glp,16,100.0,94.0,110.0,92.9,115.0
2024-03,MUN,SC|ARARANGUA,glp,6,106.0,101.5,110.0,100.0,110.0
2024-03,MUN,SC|BALNEARIO CAMBORIU,glp,7,125.99,110.0,126.592,110.0,127.495
2024-03,MUN,SC|BIGUACU,glp,9,113.0,109.799,119.4,108.995,125.0
2024-03,MUN,SC|BLUMENAU,glp,10,99.945,99.41,124.9,95.0,124.9
2024-03,MUN,SC|BRUSQUE,glp,4,125.45,124.3,128.763,124.0,129.99
2024-03,MUN,SC|CACADOR,glp,9,116.0,99.998,131.0,99.99,135.0
2024-03,MUN,SC|CHAPECO,glp,12,127.5,125.0,139.8,125.0,140.0
2024-03,MUN,SC|CONCORDIA,glp,9,110.0,104.0,115.976,100.0,119.88
2024-03,MUN,SC|CRICIUMA,glp,9,115.0,113.0,116.4,105.0,118.0
2024-03,MUN,SC|FLORIANOPOLIS,glp,8,122.25,116.75,125.0,115.0,125.0
2024-03,MUN,SC|ITAJAI,glp,17,105.0,100.0,129.0,95.0,129.0
2024-03,MUN,SC|JARAGUA DO SUL,glp,8,99.0,97.97,100.827,97.9,102.99
2024-03,MUN,SC|JOINVILLE,glp,11,117.5,115.0,123.0,110.0,130.0
2024-03,MUN,SC|LAGES,glp,8,106.5,105.0,111.2,105.0,114.0
2024-03,MUN,SC|LAGUNA,glp,8,104.995,96.05,111.5,95.0,115.0
2024-03,MUN,SC|MAFRA,glp,9,120.0,114.0,120.0,110.0,120.0
2024-03,MUN,SC|PALHOCA,glp,10,118.5,107.0,125.0,107.0,125.0
2024-03,MUN,SC|SAO JOSE,glp,12,116.5,109.391,125.0,107.99,125.0
2024-03,MUN,SC|TUBARAO,glp,8,110.0,97.0,111.5,90.0,115.0
2024-03,MUN,SC|VIDEIRA,glp,8,119.5,112.1,126.5,110.0,130.0
2024-03,MUN,SC|XANXERE,glp,6,112.5,105.0,120.0,105.0,120.0
2024-03,MUN,SE|ARACAJU,glp,18,100.0,89.327,104.9,87.99,110.0
2024-03,MUN,SE|ITABAIANA,glp,8,102.5,98.5,105.0,95.0,105.0
2024-03,MUN,SE|LAGARTO,glp,8,100.0,98.493,103.25,95.0,105.0
2024-03,MUN,SE|NOSSA SENHORA DO SOCORRO,glp,11,93.945,90.0,98.0,87.99,100.0
2024-03,MUN,SP|ADAMANTINA,glp,8,95.0,92.07,98.95,89.9,100.0
2024-03,MUN,SP|AMERICANA,glp,10,97.495,89.99,114.99,89.99,114.99
2024-03,MUN,SP|AMPARO,glp,8,110.0,107.0,112.4,100.0,118.0
2024-03,MUN,SP|ARACATUBA,glp,19,89.99,85.39,95.0,82.99,100.0
2024-03,MUN,SP|ARARAQUARA,glp,17,112.0,102.994,115.0,89.99,115.0
2024-03,MUN,SP|ARARAS,glp,8,89.0,88.997,92.297,88.99,99.99
2024-03,MUN,SP|ASSIS,glp,11,105.0,84.945,112.5,84.945,120.0
2024-03,MUN,SP|ATIBAIA,glp,11,102.5,95.0,120.0,95.0,120.0
2024-03,MUN,SP|AVARE,glp,9,90.0,87.99,101.0,79.99,105.0
2024-03,MUN,SP|BARRETOS,glp,7,110.0,106.2,112.0,105.0,115.0
2024-03,MUN,SP|BARUERI,glp,12,98.995,90.0,105.0,89.99,109.99
2024-03,MUN,SP|BAURU,glp,15,90.0,87.194,105.0,85.0,110.0
2024-03,MUN,SP|BEBEDOURO,glp,9,110.0,99.9,111.0,99.9,115.0
2024-03,MUN,SP|BIRIGUI,glp,11,99.99,89.5,110.0,89.0,115.0
2024-03,MUN,SP|BOTUCATU,glp,10,94.975,89.99,101.0,89.99,110.0
2024-03,MUN,SP|BRAGANCA PAULISTA,glp,12,100.0,99.909,106.791,99.9,109.99
2024-03,MUN,SP|CACAPAVA,glp,8,94.99,89.19,99.99,84.99,99.99
2024-03,MUN,SP|CAMPINAS,glp,20,99.99,89.99,99.991,84.99,100.0
2024-03,MUN,SP|CARAGUATATUBA,glp,10,100.0,98.809,108.5,97.99,140.0
2024-03,MUN,SP|CARAPICUIBA,glp,16,97.245,92.49,102.25,89.99,105.0
2024-03,MUN,SP|CATANDUVA,glp,9,105.5,99.0,112.0,99.0,112.0
2024-03,MUN,SP|COSMOPOLIS,glp,8,84.99,84.99,91.5,84.99,95.0
2024-03,MUN,SP|COTIA,glp,9,109.99,98.99,124.101,94.99,128.505
2024-03,MUN,SP|CRUZEIRO,glp,8,86.995,79.997,95.9,79.99,98.0
2024-03,MUN,SP|CUBATAO,glp,9,110.0,102.0,117.0,102.0,125.0
2024-03,MUN,SP|DIADEMA,glp,10,102.49,89.999,126.141,89.99,136.5
2024-03,MUN,SP|DRACENA,glp,8,107.5,98.5,116.0,95.0,130.0
2024-03,MUN,SP|ELISIARIO,glp,1,90.0,90.0,90.0,90.0,90.0
2024-03,MUN,SP|EMBU DAS ARTES,glp,12,97.445,90.49,104.999,85.99,110.0
2024-03,MUN,SP|FRANCA,glp,15,99.9,94.99,106.8,92.495,115.0
2024-03,MUN,SP|GARCA,glp,8,99.95,96.75,100.0,95.0,100.0
2024-03,MUN,SP|GUARATINGUETA,glp,7,94.9,81.4,97.0,76.0,100.0
2024-03,MUN,SP|GUARUJA,glp,11,114.99,110.0,117.99,110.0,117.99
2024-03,MUN,SP|GUARULHOS,glp,16,93.495,88.99,102.495,85.0,110.0
2024-03,MUN,SP|HORTOLANDIA,glp,11,89.99,84.99,99.99,84.99,99.99
2024-03,MUN,SP|IBITINGA,glp,8,102.495,91.393,113.315,90.0,120.0
2024-03,MUN,SP|INDAIATUBA,glp,8,107.0,100.6,112.3,95.0,113.0
2024-03,MUN,SP|ITANHAEM,glp,9,108.0,99.972,110.2,99.9,111.0
2024-03,MUN,SP|ITAPECERICA DA SERRA,glp,8,99.99,95.59,102.693,89.99,109.0
2024-03,MUN,SP|ITAPETININGA,glp,7,115.0,110.0,115.0,110.0,115.0
2024-03,MUN,SP|ITAPEVA,glp,7,110.48,107.988,120.0,105.0,120.0
2024-03,MUN,SP|ITAPIRA,glp,6,98.5,94.35,102.5,93.0,105.0
2024-03,MUN,SP|ITAPOLIS,glp,9,111.0,105.0,115.6,105.0,118.0
2024-03,MUN,SP|ITAQUAQUECETUBA,glp,17,85.0,83.99,89.99,79.99,89.99
2024-03,MUN,SP|ITATIBA,glp,8,100.0,99.4,105.0,98.0,105.0
2024-03,MUN,SP|ITU,glp,6,107.5,104.0,113.0,103.0,116.0
2024-03,MUN,SP|JABOTICABAL,glp,8,105.0,94.893,110.0,90.0,110.0
2024-03,MUN,SP|JACAREI,glp,11,94.99,85.0,105.0,85.0,120.0
2024-03,MUN,SP|JALES,glp,10,90.0,89.491,95.495,85.0,99.95
2024-03,MUN,SP|JAU,glp,9,99.95,88.0,111.0,80.0,115.0
2024-03,MUN,SP|JOSE BONIFACIO,glp,8,97.25,95.0,100.0,95.0,100.0
2024-03,MUN,SP|JUNDIAI,glp,11,105.0,99.99,110.0,87.99,115.0
2024-03,MUN,SP|LEME,glp,8,96.748,88.5,106.9,85.0,123.0
2024-03,MUN,SP|LIMEIRA,glp,10,100.0,89.999,101.0,89.99,110.0
2024-03,MUN,SP|LINS,glp,8,92.495,83.462,109.5,79.99,120.0
2024-03,MUN,SP|LORENA,glp,8,82.495,74.997,96.5,74.99,100.0
2024-03,MUN,SP|MARILIA,glp,9,115.0,111.6,115.0,110.0,115.0
2024-03,MUN,SP|MATAO,glp,10,114.0,106.196,114.05,99.0,114.5
2024-03,MUN,SP|MAUA,glp,12,105.0,94.99,110.0,94.99,110.0
2024-03,MUN,SP|MIRASSOL,glp,8,99.99,95.0,101.493,95.0,105.0
2024-03,MUN,SP|MOCOCA,glp,7,105.0,99.194,110.0,98.0,110.0
2024-03,MUN,SP|MOGI DAS CRUZES,glp,10,90.0,84.499,99.99,79.99,99.99
2024-03,MUN,SP|MOGI GUACU,glp,7,99.99,98.394,99.99,96.0,99.99
2024-03,MUN,SP|MOGI MIRIM,glp,8,96.75,88.49,99.5,84.99,103.0
2024-03,MUN,SP|MONTE ALTO,glp,8,95.0,95.0,100.0,95.0,100.0
2024-03,MUN,SP|OLIMPIA,glp,10,85.0,85.0,90.0,85.0,90.0
2024-03,MUN,SP|OSASCO,glp,18,99.99,92.89,109.99,84.99,124.995
2024-03,MUN,SP|OURINHOS,glp,10,101.5,89.99,108.1,89.9,109.0
2024-03,MUN,SP|PARAGUACU PAULISTA,glp,6,105.0,95.0,110.0,90.0,110.0
2024-03,MUN,SP|PAULINIA,glp,8,99.998,99.99,100.0,99.99,100.0
2024-03,MUN,SP|PINDAMONHANGABA,glp,11,100.0,94.0,100.0,89.9,100.0
2024-03,MUN,SP|PIRACICABA,glp,16,101.995,86.49,115.0,84.99,115.0
2024-03,MUN,SP|PIRASSUNUNGA,glp,8,99.995,89.3,105.0,87.9,105.0
2024-03,MUN,SP|POA,glp,8,92.49,88.49,99.297,84.99,99.99
2024-03,MUN,SP|PORTO FERREIRA,glp,7,95.0,92.6,100.0,92.0,100.0
2024-03,MUN,SP|PRAIA GRANDE,glp,12,101.995,99.99,109.5,95.0,112.0
2024-03,MUN,SP|PRESIDENTE PRUDENTE,glp,16,102.495,91.445,109.0,89.99,110.0
2024-03,MUN,SP|PRESIDENTE VENCESLAU,glp,8,105.0,95.8,112.0,93.0,119.0
2024-03,MUN,SP|RIBEIRAO PIRES,glp,9,89.99,89.72,105.0,89.0,105.0
2024-03,MUN,SP|RIBEIRAO PRETO,glp,16,97.0,94.99,107.495,84.99,124.99
2024-03,MUN,SP|RIO CLARO,glp,8,89.995,83.5,90.0,80.0,90.0
2024-03,MUN,SP|SALTO,glp,5,100.0,89.99,104.16,89.99,105.0
2024-03,MUN,SP|SANTA BARBARA D'OESTE,glp,12,95.0,89.991,99.5,84.99,100.0
2024-03,MUN,SP|SANTA CRUZ DO RIO PARDO,glp,1,100.0,100.0,100.0,100.0,100.0
2024-03,MUN,SP|SANTO ANDRE,glp,12,99.995,95.0,114.99,94.99,119.0
2024-03,MUN,SP|SANTOS,glp,14,112.5,109.263,119.63,100.0,122.0
2024-03,MUN,SP|SAO BERNARDO DO CAMPO,glp,6,107.49,94.0,110.995,93.0,113.0
2024-03,MUN,SP|SAO CAETANO DO SUL,glp,6,99.99,97.49,105.495,94.99,105.99
2024-03,MUN,SP|SAO CARLOS,glp,18,115.0,108.0,119.23,105.0,125.0
2024-03,MUN,SP|SAO JOAO DA BOA VISTA,glp,8,100.0,100.0,100.75,100.0,102.5
2024-03,MUN,SP|SAO JOSE DO RIO PRETO,glp,29,110.0,92.0,116.0,90.0,130.0
2024-03,MUN,SP|SAO JOSE DOS CAMPOS,glp,21,100.0,69.99,117.0,69.99,120.0
2024-03,MUN,SP|SAO PAULO,glp,66,104.995,94.99,119.99,84.99,125.0
2024-03,MUN,SP|SAO ROQUE,glp,7,94.99,84.99,104.2,84.99,106.0
2024-03,MUN,SP|SAO VICENTE,glp,15,104.99,99.936,109.9,94.99,110.0
2024-03,MUN,SP|SERTAOZINHO,glp,12,90.492,89.099,95.0,87.0,96.9
2024-03,MUN,SP|SOROCABA,glp,21,100.0,97.99,113.0,94.99,117.0
2024-03,MUN,SP|SUMARE,glp,6,95.0,87.495,119.995,85.0,120.0
2024-03,MUN,SP|SUZANO,glp,15,89.99,83.996,104.996,75.99,115.0
2024-03,MUN,SP|TABOAO DA SERRA,glp,8,93.995,89.393,102.99,88.0,109.99
2024-03,MUN,SP|TATUI,glp,8,105.0,101.75,106.5,100.0,110.0
2024-03,MUN,SP|TAUBATE,glp,12,87.495,79.99,95.0,78.0,96.0
2024-03,MUN,SP|TUPA,glp,6,95.0,95.0,107.0,95.0,114.0
2024-03,MUN,SP|UBATUBA,glp,12,90.0,85.0,104.5,85.0,110.0
2024-03,MUN,SP|VALINHOS,glp,9,99.9,93.99,105.596,93.99,110.0
2024-03,MUN,SP|VARZEA PAULISTA,glp,8,90.0,89.99,95.0,89.99,95.0
2024-03,MUN,SP|VINHEDO,glp,9,99.99,96.4,104.992,90.0,105.0
2024-03,MUN,SP|VOTORANTIM,glp,9,105.0,90.0,110.6,90.0,113.0
2024-03,MUN,SP|VOTUPORANGA,glp,12,96.5,90.4,99.9,87.0,100.0
2024-03,MUN,TO|ARAGUAINA,glp,18,120.0,120.0,120.0,120.0,125.0
2024-03,MUN,TO|GURUPI,glp,10,120.0,114.796,120.5,113.0,125.0
2024-03,MUN,TO|PALMAS,glp,19,120.0,114.0,127.6,110.0,130.0
2024-03,MUN,TO|PARAISO DO TOCANTINS,glp,8,120.0,120.0,121.5,120.0,125.0
2024-03,MUN,TO|PORTO NACIONAL,glp,8,110.0,110.0,115.0,110.0,115.0
2024-03,UF,AC,glp,47,117.0,109.0,125.0,104.0,128.0
2024-03,UF,AL,glp,59,95.0,86.792,100.0,84.99,110.0
2024-03,UF,AM,glp,117,125.0,113.0,135.0,110.0,154.0
2024-03,UF,AP,glp,31,111.0,103.0,120.0,100.0,122.0
2024-03,UF,BA,glp,287,110.0,97.998,125.0,82.495,150.0
2024-03,UF,CE,glp,132,100.0,92.0,109.0,79.895,122.0
2024-03,UF,DF,glp,47,95.0,89.99,100.794,82.99,119.99
2024-03,UF,ES,glp,136,99.992,85.0,105.0,77.49,115.0
2024-03,UF,GO,glp,254,100.0,89.99,116.05,80.0,130.0
2024-03,UF,MA,glp,143,102.495,99.9,120.0,85.0,125.0
2024-03,UF,MG,glp,608,100.0,85.0,115.0,75.0,150.0
2024-03,UF,MS,glp,110,110.0,98.0,125.0,90.0,135.5
2024-03,UF,MT,glp,123,115.0,94.992,140.0,85.0,145.0
2024-03,UF,PA,glp,179,110.0,95.0,125.0,79.99,140.0
2024-03,UF,PB,glp,78,105.0,90.0,110.0,79.99,110.0
2024-03,UF,PE,glp,182,85.0,80.0,109.5,75.0,120.0
2024-03,UF,PI,glp,62,95.0,90.0,109.999,87.49,115.0
2024-03,UF,PR,glp,384,98.0,85.0,115.0,75.0,125.0
2024-03,UF,RJ,glp,340,91.99,80.891,107.645,74.99,126.0
2024-03,UF,RN,glp,63,108.0,95.0,110.0,85.0,115.0
2024-03,UF,RO,glp,76,120.0,109.0,132.0,98.0,141.0
2024-03,UF,RR,glp,30,130.0,120.0,136.0,118.0,140.0
2024-03,UF,RS,glp,409,105.0,95.0,120.0,85.0,140.0
2024-03,UF,SC,glp,188,115.0,99.997,125.927,90.0,140.0
2024-03,UF,SE,glp,45,100.0,90.0,105.0,87.99,110.0
2024-03,UF,SP,glp,1174,99.99,89.0,115.0,69.99,140.0
2024-03,UF,TO,glp,63,120.0,110.0,125.0,110.0,130.0
2024-04,BR,BR,glp,5387,100.0,88.0,120.0,69.99,150.0
2024-04,MUN,AC|CRUZEIRO DO SUL,glp,10,120.0,118.0,122.3,118.0,125.0
2024-04,MUN,AC|RIO BRANCO,glp,37,115.0,108.6,125.0,105.0,127.0
2024-04,MUN,AL|ARAPIRACA,glp,12,90.0,85.199,90.0,85.0,95.0
2024-04,MUN,AL|DELMIRO GOUVEIA,glp,5,100.0,95.4,100.0,95.0,100.0
2024-04,MUN,AL|MACEIO,glp,35,95.0,85.0,105.0,84.0,115.0
2024-04,MUN,AL|PALMEIRA DOS INDIOS,glp,4,90.0,89.993,93.493,89.99,94.99
2024-04,MUN,AL|RIO LARGO,glp,8,95.0,95.0,96.5,95.0,100.0
2024-04,MUN,AM|ITACOATIARA,glp,12,130.0,124.35,135.0,121.99,135.0
2024-04,MUN,AM|MANACAPURU,glp,10,131.0,125.0,140.5,125.0,145.0
2024-04,MUN,AM|MANAUS,glp,85,120.0,113.0,130.0,110.0,140.0
2024-04,MUN,AM|PARINTINS,glp,9,125.0,125.0,125.0,125.0,125.0
2024-04,MUN,AM|TEFE,glp,3,150.0,150.0,150.0,150.0,150.0
2024-04,MUN,AP|MACAPA,glp,18,114.5,107.4,120.0,106.0,122.0
2024-04,MUN,AP|SANTANA,glp,13,105.0,100.0,119.4,100.0,120.0
2024-04,MUN,BA|AGUA FRIA,glp,1,120.0,120.0,120.0,120.0,120.0
2024-04,MUN,BA|ALAGOINHAS,glp,9,110.0,104.998,114.4,104.99,116.0
2024-04,MUN,BA|BARREIRAS,glp,9,140.0,140.0,141.0,140.0,145.0
2024-04,MUN,BA|BRUMADO,glp,5,105.0,105.0,113.0,105.0,115.0
2024-04,MUN,BA|CAETITE,glp,9,100.0,100.0,105.0,100.0,105.0
2024-04,MUN,BA|CAMACARI,glp,12,120.0,115.3,120.0,115.0,120.0
2024-04,MUN,BA|EUNAPOLIS,glp,8,113.75,102.1,115.0,100.0,115.0
2024-04,MUN,BA|FEIRA DE SANTANA,glp,11,99.9,90.0,101.99,90.0,105.0
2024-04,MUN,BA|GUANAMBI,glp,10,100.0,100.0,110.0,100.0,110.0
2024-04,MUN,BA|ILHEUS,glp,8,120.0,115.0,133.9,115.0,150.0
2024-04,MUN,BA|IPIRA,glp,5,100.0,100.0,105.4,100.0,109.0
2024-04,MUN,BA|IRECE,glp,9,110.0,110.0,114.2,110.0,115.0
2024-04,MUN,BA|ITABUNA,glp,10,105.0,99.8,110.5,98.0,115.0
2024-04,MUN,BA|ITAMARAJU,glp,8,105.0,93.5,106.5,90.0,110.0
2024-04,MUN,BA|JACOBINA,glp,6,125.0,125.0,128.5,125.0,130.0
2024-04,MUN,BA|JAGUAQUARA,glp,8,110.0,103.5,111.5,100.0,115.0
2024-04,MUN,BA|JEQUIE,glp,9,93.5,85.0,98.4,85.0,100.0
2024-04,MUN,BA|JUAZEIRO,glp,7,110.0,95.0,110.0,95.0,110.0
2024-04,MUN,BA|LAURO DE FREITAS,glp,10,115.0,99.891,125.0,99.0,125.0
2024-04,MUN,BA|LIVRAMENTO DE NOSSA SENHORA,glp,8,110.0,108.5,110.0,105.0,110.0
2024-04,MUN,BA|PAULO AFONSO,glp,9,95.0,88.798,100.6,87.99,103.0
2024-04,MUN,BA|POCOES,glp,8,105.0,100.8,110.0,98.0,110.0
2024-04,MUN,BA|PORTO SEGURO,glp,9,110.0,104.0,120.0,100.0,120.0
2024-04,MUN,BA|SALVADOR,glp,38,110.995,99.997,122.597,99.9,128.0
2024-04,MUN,BA|SANTO ANTONIO DE JESUS,glp,9,110.0,103.4,111.4,101.0,117.0
2024-04,MUN,BA|SENHOR DO BONFIM,glp,4,125.0,125.0,128.5,125.0,130.0
2024-04,MUN,BA|SERRINHA,glp,7,120.0,120.0,122.0,120.0,125.0
2024-04,MUN,BA|SIMOES FILHO,glp,9,110.0,104.392,118.998,102.0,134.99
2024-04,MUN,BA|TEIXEIRA DE FREITAS,glp,13,89.0,82.0,110.0,81.0,110.0
2024-04,MUN,BA|VALENCA,glp,7,120.0,120.0,120.0,120.0,120.0
2024-04,MUN,BA|VITORIA DA CONQUISTA,glp,12,112.5,100.0,115.0,97.99,115.0
2024-04,MUN,CE|CANINDE,glp,3,98.0,96.4,101.2,96.0,102.0
2024-04,MUN,CE|CAUCAIA,glp,12,100.0,87.791,109.0,84.99,117.0
2024-04,MUN,CE|CRATEUS,glp,8,100.0,95.0,110.0,95.0,110.0
2024-04,MUN,CE|CRATO,glp,8,106.0,102.693,106.0,95.0,106.0
2024-04,MUN,CE|FORTALEZA,glp,34,95.0,89.99,107.2,87.9,122.0
2024-04,MUN,CE|ICO,glp,5,105.0,97.0,112.0,95.0,112.0
2024-04,MUN,CE|IGUATU,glp,9,100.0,98.6,103.0,97.0,103.0
2024-04,MUN,CE|ITAPIPOCA,glp,8,105.0,93.5,111.5,90.0,115.0
2024-04,MUN,CE|JUAZEIRO DO NORTE,glp,14,106.0,103.9,106.0,98.0,110.0
2024-04,MUN,CE|LIMOEIRO DO NORTE,glp,7,105.0,87.0,106.2,75.0,108.0
2024-04,MUN,CE|MARACANAU,glp,10,100.0,98.399,105.0,92.99,105.0
2024-04,MUN,CE|QUIXADA,glp,8,95.0,84.99,101.5,84.99,105.0
2024-04,MUN,CE|SOBRAL,glp,6,102.0,93.0,109.0,93.0,109.0
2024-04,MUN,DF|BRASILIA,glp,47,95.0,89.99,100.794,82.99,119.99
2024-04,MUN,ES|ARACRUZ,glp,10,100.0,99.8,100.0,98.0,100.0
2024-04,MUN,ES|CACHOEIRO DE ITAPEMIRIM,glp,11,100.0,94.99,100.0,94.0,105.0
2024-04,MUN,ES|CARIACICA,glp,17,85.0,80.0,100.0,74.99,100.0
2024-04,MUN,ES|COLATINA,glp,11,95.0,85.0,95.0,80.0,100.0
2024-04,MUN,ES|GUARAPARI,glp,12,91.0,84.99,95.0,74.99,100.0
2024-04,MUN,ES|LINHARES,glp,19,110.0,105.0,115.0,100.0,115.0
2024-04,MUN,ES|SAO MATEUS,glp,12,104.995,104.99,105.0,100.0,105.0
2024-04,MUN,ES|SERRA,glp,20,89.995,84.799,96.391,80.0,100.0
2024-04,MUN,ES|VILA VELHA,glp,18,98.995,89.997,100.0,89.99,105.0
2024-04,MUN,ES|VITORIA,glp,9,95.0,89.998,101.0,89.99,105.0
2024-04,MUN,GO|AGUAS LINDAS DE GOIAS,glp,19,89.99,84.99,95.0,82.99,105.0
2024-04,MUN,GO|ANAPOLIS,glp,26,100.0,100.0,100.0,95.0,110.0
2024-04,MUN,GO|APARECIDA DE GOIANIA,glp,31,100.0,90.0,105.0,84.99,110.0
2024-04,MUN,GO|CALDAS NOVAS,glp,13,107.5,100.0,110.0,100.0,110.0
2024-04,MUN,GO|CATALAO,glp,10,102.5,100.0,110.0,100.0,110.0
2024-04,MUN,GO|FORMOSA,glp,10,100.0,95.0,115.3,95.0,118.0
2024-04,MUN,GO|GOIANIA,glp,24,105.0,94.93,115.6,84.99,130.0
2024-04,MUN,GO|GOIATUBA,glp,7,120.0,111.0,120.0,105.0,120.0
2024-04,MUN,GO|ITUMBIARA,glp,10,110.0,104.9,120.0,104.0,120.0
2024-04,MUN,GO|JATAI,glp,9,125.0,123.0,125.0,115.0,125.0
2024-04,MUN,GO|LUZIANIA,glp,14,99.0,84.99,100.0,83.99,100.0
2024-04,MUN,GO|MINEIROS,glp,10,118.0,117.7,118.0,115.0,118.0
2024-04,MUN,GO|MORRINHOS,glp,7,98.0,95.0,102.0,95.0,105.0
2024-04,MUN,GO|PORANGATU,glp,10,110.0,109.8,115.5,108.0,120.0
2024-04,MUN,GO|RIO VERDE,glp,14,110.0,100.0,115.0,100.0,115.0
2024-04,MUN,GO|TRINDADE,glp,22,95.0,87.74,100.0,85.0,100.0
2024-04,MUN,GO|VALPARAISO DE GOIAS,glp,11,90.0,85.0,99.0,83.99,99.99
2024-04,MUN,MA|ACAILANDIA,glp,8,100.0,88.0,101.5,88.0,105.0
2024-04,MUN,MA|BACABAL,glp,8,110.0,110.0,111.5,110.0,115.0
2024-04,MUN,MA|BALSAS,glp,7,120.0,120.0,125.0,120.0,125.0
2024-04,MUN,MA|BARRA DO CORDA,glp,8,110.0,108.5,110.0,105.0,110.0
2024-04,MUN,MA|CAXIAS,glp,8,97.498,95.0,106.5,95.0,110.0
2024-04,MUN,MA|CODO,glp,8,115.0,115.0,115.0,115.0,115.0
2024-04,MUN,MA|IMPERATRIZ,glp,15,100.0,99.99,105.0,95.0,105.0
2024-04,MUN,MA|PINHEIRO,glp,9,120.0,120.0,120.0,120.0,120.0
2024-04,MUN,MA|PRESIDENTE DUTRA,glp,5,115.0,110.0,115.0,110.0,115.0
2024-04,MUN,MA|SANTA INES,glp,4,110.0,110.0,117.0,110.0,120.0
2024-04,MUN,MA|SAO JOSE DE RIBAMAR,glp,15,99.99,99.9,99.99,99.0,99.99
2024-04,MUN,MA|SAO LUIS,glp,38,99.99,95.0,100.0,89.9,114.99
2024-04,MUN,MG|ALFENAS,glp,8,91.25,83.49,95.9,79.99,98.0
2024-04,MUN,MG|ARAGUARI,glp,8,100.0,97.8,100.0,95.0,100.0
2024-04,MUN,MG|ARAXA,glp,8,88.5,86.35,90.0,82.5,90.0
2024-04,MUN,MG|BARBACENA,glp,8,95.0,92.878,96.5,87.95,100.0
2024-04,MUN,MG|BELO HORIZONTE,glp,32,97.5,89.99,118.6,85.0,129.0
2024-04,MUN,MG|BETIM,glp,16,103.0,90.0,110.0,88.9,150.0
2024-04,MUN,MG|BOM DESPACHO,glp,8,95.0,95.0,116.5,95.0,120.0
2024-04,MUN,MG|CAMPO BELO,glp,10,110.0,110.0,110.5,110.0,115.0
2024-04,MUN,MG|CARATINGA,glp,8,106.0,99.997,113.0,99.99,120.0
2024-04,MUN,MG|CONGONHAS,glp,9,100.0,93.99,108.6,89.99,115.0
2024-04,MUN,MG|CONSELHEIRO LAFAIETE,glp,9,90.0,85.0,94.992,85.0,95.0
2024-04,MUN,MG|CONTAGEM,glp,22,100.0,85.4,114.5,80.0,118.0
2024-04,MUN,MG|CORONEL FABRICIANO,glp,10,117.25,109.5,120.25,105.0,122.5
2024-04,MUN,MG|CURVELO,glp,8,100.0,79.99,100.0,79.99,100.0
2024-04,MUN,MG|DIVINOPOLIS,glp,13,95.0,89.992,120.0,89.99,120.0
2024-04,MUN,MG|FORMIGA,glp,10,95.0,85.0,100.0,85.0,100.0
2024-04,MUN,MG|FRUTAL,glp,7,94.99,94.19,100.954,92.99,109.9
2024-04,MUN,MG|GOVERNADOR VALADARES,glp,14,113.5,110.0,120.0,100.0,130.0
2024-04,MUN,MG|GUAXUPE,glp,10,83.2,79.491,86.0,75.0,95.0
2024-04,MUN,MG|IPATINGA,glp,9,103.0,88.992,112.2,85.0,113.0
2024-04,MUN,MG|ITABIRA,glp,5,117.0,108.2,123.0,107.0,125.0
2024-04,MUN,MG|ITAJUBA,glp,8,88.75,81.993,97.5,75.0,115.0
2024-04,MUN,MG|ITAUNA,glp,10,102.5,94.8,109.1,93.0,110.0
2024-04,MUN,MG|ITUIUTABA,glp,9,90.0,82.4,95.998,80.0,99.99
2024-04,MUN,MG|JANAUBA,glp,8,105.0,105.0,105.0,105.0,105.0
2024-04,MUN,MG|JANUARIA,glp,9,118.0,115.0,120.0,115.0,120.0
2024-04,MUN,MG|JOAO MONLEVADE,glp,10,105.0,99.5,110.0,95.0,110.0
2024-04,MUN,MG|JOAO PINHEIRO,glp,9,110.0,105.0,117.0,105.0,125.0
2024-04,MUN,MG|JUIZ DE FORA,glp,19,80.99,77.99,90.998,76.99,96.0
2024-04,MUN,MG|LAVRAS,glp,8,100.0,97.8,100.0,95.0,100.0
2024-04,MUN,MG|LEOPOLDINA,glp,9,100.0,94.0,102.0,90.0,110.0
2024-04,MUN,MG|MANHUACU,glp,7,100.0,95.94,110.0,90.0,110.0
2024-04,MUN,MG|MONTE CARMELO,glp,9,90.0,90.0,96.0,90.0,100.0
2024-04,MUN,MG|MONTES CLAROS,glp,33,105.0,94.99,114.0,93.0,130.0
2024-04,MUN,MG|MURIAE,glp,7,100.0,93.0,108.2,93.0,113.0
2024-04,MUN,MG|NOVA LIMA,glp,9,103.0,98.4,112.0,92.0,112.0
2024-04,MUN,MG|OLIVEIRA,glp,7,100.0,95.0,100.0,95.0,100.0
2024-04,MUN,MG|OURO PRETO,glp,8,90.0,85.0,110.9,85.0,113.0
2024-04,MUN,MG|PARA DE MINAS,glp,8,99.5,94.4,112.07,93.0,116.9
2024-04,MUN,MG|PARACATU,glp,10,99.0,95.9,100.5,95.0,105.0
2024-04,MUN,MG|PASSOS,glp,8,100.0,97.0,105.0,90.0,105.0
2024-04,MUN,MG|PATOS DE MINAS,glp,8,95.0,88.05,115.0,83.5,115.0
2024-04,MUN,MG|PATROCINIO,glp,8,90.0,90.0,100.0,90.0,100.0
2024-04,MUN,MG|POCOS DE CALDAS,glp,9,108.0,107.392,112.796,105.0,118.0
2024-04,MUN,MG|POUSO ALEGRE,glp,13,90.0,81.6,95.0,79.99,98.0
2024-04,MUN,MG|SABARA,glp,8,97.49,85.0,115.0,85.0,115.0
2024-04,MUN,MG|SAO JOAO DEL REI,glp,9,96.0,84.99,100.0,84.99,100.0
2024-04,MUN,MG|SAO JOAQUIM DE BICAS,glp,1,110.0,110.0,110.0,110.0,110.0
2024-04,MUN,MG|SAO SEBASTIAO DO PARAISO,glp,10,95.0,90.0,99.91,90.0,100.0
2024-04,MUN,MG|SETE LAGOAS,glp,12,95.0,89.099,110.0,85.0,117.0
2024-04,MUN,MG|TEOFILO OTONI,glp,11,110.0,103.0,115.0,99.99,119.0
2024-04,MUN,MG|TIMOTEO,glp,5,100.0,97.0,109.5,95.0,112.5
2024-04,MUN,MG|TRES CORACOES,glp,9,85.5,79.99,91.0,79.99,95.0
2024-04,MUN,MG|UBA,glp,4,98.995,95.897,101.75,95.0,102.5
2024-04,MUN,MG|UBERABA,glp,18,93.75,82.498,101.5,80.0,105.0
2024-04,MUN,MG|UBERLANDIA,glp,24,100.0,84.927,112.0,80.0,125.0
2024-04,MUN,MG|UNAI,glp,10,120.0,120.0,120.0,120.0,120.0
2024-04,MUN,MG|VARGINHA,glp,8,90.0,80.0,102.3,80.0,110.0
2024-04,MUN,MG|VICOSA,glp,9,105.0,103.998,105.3,99.99,106.5
2024-04,MUN,MS|CAMPO GRANDE,glp,46,106.5,95.0,112.5,90.0,135.5
2024-04,MUN,MS|CORUMBA,glp,7,113.0,103.0,130.0,100.0,130.0
2024-04,MUN,MS|COXIM,glp,10,122.5,120.0,125.0,120.0,125.0
2024-04,MUN,MS|DOURADOS,glp,19,105.0,99.592,121.0,98.0,130.0
2024-04,MUN,MS|NOVA ANDRADINA,glp,8,105.0,99.7,110.0,99.0,110.0
2024-04,MUN,MS|PONTA PORA,glp,8,113.5,105.0,116.5,105.0,120.0
2024-04,MUN,MS|TRES LAGOAS,glp,11,115.0,110.0,115.0,110.0,130.0
2024-04,MUN,MT|ALTA FLORESTA,glp,8,140.0,133.5,143.6,130.0,145.0
2024-04,MUN,MT|CACERES,glp,13,99.99,99.99,99.998,95.0,104.0
2024-04,MUN,MT|CUIABA,glp,36,114.495,93.495,127.5,85.0,138.0
2024-04,MUN,MT|RONDONOPOLIS,glp,9,120.0,111.998,130.0,99.99,130.0
2024-04,MUN,MT|SINOP,glp,15,140.0,140.0,140.0,130.0,145.0
2024-04,MUN,MT|SORRISO,glp,13,130.0,121.0,143.0,120.0,145.0
2024-04,MUN,MT|VARZEA GRANDE,glp,26,105.218,89.945,115.0,85.0,120.0
2024-04,MUN,PA|ABAETETUBA,glp,8,95.0,95.0,101.5,95.0,105.0
2024-04,MUN,PA|ALENQUER,glp,5,110.0,108.8,110.0,108.0,110.0
2024-04,MUN,PA|ALTAMIRA,glp,8,112.5,110.0,115.6,110.0,117.0
2024-04,MUN,PA|ANANINDEUA,glp,16,97.0,92.495,99.995,92.0,100.0
2024-04,MUN,PA|BELEM,glp,34,105.0,99.99,113.5,95.0,144.0
2024-04,MUN,PA|BRAGANCA,glp,6,110.0,106.5,113.0,105.0,113.0
2024-04,MUN,PA|CAMETA,glp,5,114.0,105.6,114.8,100.0,115.0
2024-04,MUN,PA|CASTANHAL,glp,11,99.0,94.99,105.0,92.0,110.0
2024-04,MUN,PA|CONCEICAO DO ARAGUAIA,glp,7,110.0,110.0,110.0,110.0,110.0
2024-04,MUN,PA|ITAITUBA,glp,8,125.0,114.0,126.5,100.0,130.0
2024-04,MUN,PA|MARABA,glp,14,115.0,114.99,119.097,110.0,130.0
2024-04,MUN,PA|PARAGOMINAS,glp,9,140.0,129.0,140.5,125.0,142.5
2024-04,MUN,PA|PARAUAPEBAS,glp,11,125.0,114.99,130.0,109.99,135.0
2024-04,MUN,PA|REDENCAO,glp,11,117.0,110.0,128.5,110.0,130.0
2024-04,MUN,PA|SANTAREM,glp,21,98.0,85.0,100.0,79.99,100.0
2024-04,MUN,PA|XINGUARA,glp,9,120.0,120.0,125.0,120.0,125.0
2024-04,MUN,PB|BAYEUX,glp,9,95.0,88.94,96.5,84.9,102.5
2024-04,MUN,PB|CABEDELO,glp,8,105.0,99.997,106.0,99.99,106.0
2024-04,MUN,PB|CAMPINA GRANDE,glp,13,105.0,95.0,110.0,90.0,120.0
2024-04,MUN,PB|JOAO PESSOA,glp,35,100.0,90.0,109.996,79.99,110.0
2024-04,MUN,PB|PATOS,glp,8,108.0,105.0,110.0,105.0,110.0
2024-04,MUN,PB|SOUSA,glp,5,100.0,100.0,100.0,100.0,100.0
2024-04,MUN,PE|ARARIPINA,glp,8,115.0,112.0,116.5,105.0,120.0
2024-04,MUN,PE|ARCOVERDE,glp,8,84.99,84.99,89.99,84.99,89.99
2024-04,MUN,PE|BELO JARDIM,glp,8,81.495,80.0,85.0,80.0,85.0
2024-04,MUN,PE|CABO DE SANTO AGOSTINHO,glp,9,85.0,80.0,90.0,80.0,90.0
2024-04,MUN,PE|CARUARU,glp,13,80.0,79.992,80.0,78.0,83.0
2024-04,MUN,PE|GARANHUNS,glp,10,84.995,84.99,94.991,84.99,95.0
2024-04,MUN,PE|GOIANA,glp,8,90.0,83.8,100.0,81.0,100.0
2024-04,MUN,PE|IGARASSU,glp,8,90.0,80.0,100.0,80.0,100.0
2024-04,MUN,PE|JABOATAO DOS GUARARAPES,glp,15,90.0,86.0,98.0,84.99,114.0
2024-04,MUN,PE|LAJEDO,glp,5,85.0,85.0,85.0,85.0,85.0
2024-04,MUN,PE|OLINDA,glp,13,84.99,78.398,90.0,77.99,120.0
2024-04,MUN,PE|PAULISTA,glp,12,87.5,79.99,94.5,79.99,100.0
2024-04,MUN,PE|PETROLINA,glp,17,102.0,96.8,110.0,88.99,115.0
2024-04,MUN,PE|RECIFE,glp,21,80.0,79.99,85.0,75.0,100.0
2024-04,MUN,PE|SALGUEIRO,glp,6,105.0,100.0,105.0,100.0,105.0
2024-04,MUN,PE|SANTA CRUZ DO CAPIBARIBE,glp,5,100.0,95.0,100.0,95.0,100.0
2024-04,MUN,PE|SERRA TALHADA,glp,7,110.0,105.0,110.0,105.0,110.0
2024-04,MUN,PE|VITORIA DE SANTO ANTAO,glp,8,84.995,80.0,85.0,80.0,85.0
2024-04,MUN,PI|PARNAIBA,glp,9,100.0,97.972,107.0,89.9,115.0
2024-04,MUN,PI|PICOS,glp,8,93.75,91.4,99.993,90.0,100.0
2024-04,MUN,PI|PIRIPIRI,glp,8,112.495,99.99,115.0,99.99,115.0
2024-04,MUN,PI|TERESINA,glp,37,95.0,89.99,100.0,84.99,105.0
2024-04,MUN,PR|APUCARANA,glp,13,90.0,89.9,100.0,89.9,100.0
2024-04,MUN,PR|ARAPONGAS,glp,12,98.95,95.0,99.999,95.0,100.0
2024-04,MUN,PR|ARAUCARIA,glp,11,90.0,90.0,95.0,89.9,95.0
2024-04,MUN,PR|ASSIS CHATEAUBRIAND,glp,5,115.0,103.94,115.0,99.9,115.0
2024-04,MUN,PR|CAMBE,glp,10,100.0,97.7,106.5,95.0,120.0
2024-04,MUN,PR|CAMPO LARGO,glp,12,89.5,84.991,90.0,79.95,95.0
2024-04,MUN,PR|CAMPO MOURAO,glp,8,110.0,103.5,114.3,100.0,115.0
2024-04,MUN,PR|CASCAVEL,glp,18,107.5,97.1,116.5,95.0,120.0
2024-04,MUN,PR|CASTRO,glp,8,107.25,103.0,110.0,103.0,110.0
2024-04,MUN,PR|CIANORTE,glp,9,95.0,87.14,100.0,79.9,100.0
2024-04,MUN,PR|COLOMBO,glp,20,88.495,83.71,91.704,81.9,95.0
2024-04,MUN,PR|CORNELIO PROCOPIO,glp,7,110.0,108.0,112.0,105.0,115.0
2024-04,MUN,PR|CURITIBA,glp,55,90.0,82.5,98.6,78.9,100.0
2024-04,MUN,PR|FOZ DO IGUACU,glp,20,110.0,105.0,110.0,100.0,115.0
2024-04,MUN,PR|FRANCISCO BELTRAO,glp,9,110.0,95.8,116.0,95.0,120.0
2024-04,MUN,PR|GUARAPUAVA,glp,12,106.5,105.0,108.9,103.0,115.0
2024-04,MUN,PR|IVAIPORA,glp,1,120.0,120.0,120.0,120.0,120.0
2024-04,MUN,PR|LONDRINA,glp,19,95.0,90.0,103.0,88.0,110.0
2024-04,MUN,PR|MARECHAL CANDIDO RONDON,glp,6,94.995,94.9,107.5,94.9,120.0
2024-04,MUN,PR|MARINGA,glp,18,117.5,98.43,125.0,79.9,125.0
2024-04,MUN,PR|PALOTINA,glp,1,110.0,110.0,110.0,110.0,110.0
2024-04,MUN,PR|PARANAGUA,glp,9,94.99,84.0,95.592,80.0,98.0
2024-04,MUN,PR|PARANAVAI,glp,9,85.0,84.972,103.0,84.9,115.0
2024-04,MUN,PR|PATO BRANCO,glp,8,118.0,115.0,120.0,115.0,120.0
2024-04,MUN,PR|PINHAIS,glp,9,104.0,84.72,110.0,80.0,110.0
2024-04,MUN,PR|PONTA GROSSA,glp,10,99.95,94.345,108.45,88.45,112.5
2024-04,MUN,PR|QUEDAS DO IGUACU,glp,1,110.0,110.0,110.0,110.0,110.0
2024-04,MUN,PR|SANTO ANTONIO DA PLATINA,glp,9,110.0,107.4,112.2,105.0,115.0
2024-04,MUN,PR|SAO JOSE DOS PINHAIS,glp,20,91.495,84.4,95.0,75.0,100.0
2024-04,MUN,PR|TOLEDO,glp,12,112.25,98.0,120.0,95.0,120.0
2024-04,MUN,PR|UMUARAMA,glp,7,98.0,86.136,104.4,84.99,105.0
2024-04,MUN,PR|UNIAO DA VITORIA,glp,9,105.0,97.4,110.0,95.0,110.0
2024-04,MUN,RJ|ANGRA DOS REIS,glp,9,115.0,114.718,115.6,113.99,118.0
2024-04,MUN,RJ|ARARUAMA,glp,8,74.995,73.79,79.99,70.99,79.99
2024-04,MUN,RJ|BARRA DO PIRAI,glp,7,99.99,97.696,103.194,94.99,105.0
2024-04,MUN,RJ|BARRA MANSA,glp,9,95.9,95.5,101.0,93.9,105.0
2024-04,MUN,RJ|BELFORD ROXO,glp,9,85.0,79.0,95.998,75.0,99.99
2024-04,MUN,RJ|CABO FRIO,glp,9,87.99,79.99,96.59,79.99,98.99
2024-04,MUN,RJ|CAMPOS DOS GOYTACAZES,glp,12,86.99,79.99,93.6,75.0,95.0
2024-04,MUN,RJ|DUQUE DE CAXIAS,glp,19,88.0,81.79,90.998,75.0,94.99
2024-04,MUN,RJ|ITABORAI,glp,13,90.49,90.0,91.998,84.99,97.0
2024-04,MUN,RJ|ITAGUAI,glp,5,120.0,116.2,124.5,115.0,124.5
2024-04,MUN,RJ|ITAPERUNA,glp,8,88.0,88.0,88.0,88.0,88.0
2024-04,MUN,RJ|MACAE,glp,12,125.0,125.0,125.0,125.0,126.99
2024-04,MUN,RJ|MAGE,glp,10,84.99,84.71,85.499,83.0,89.99
2024-04,MUN,RJ|MARICA,glp,9,90.0,74.998,95.0,74.99,95.0
2024-04,MUN,RJ|NILOPOLIS,glp,8,97.495,95.0,101.5,95.0,105.0
2024-04,MUN,RJ|NITEROI,glp,8,87.49,75.69,96.597,74.99,97.99
2024-04,MUN,RJ|NOVA FRIBURGO,glp,9,85.0,83.99,91.0,79.99,95.0
2024-04,MUN,RJ|NOVA IGUACU,glp,20,89.995,75.0,100.0,74.99,100.0
2024-04,MUN,RJ|PETROPOLIS,glp,8,99.0,92.997,100.6,92.99,102.0
2024-04,MUN,RJ|RESENDE,glp,9,89.99,87.99,105.0,79.99,105.0
2024-04,MUN,RJ|RIO BONITO,glp,8,82.745,78.843,89.993,78.5,90.0
2024-04,MUN,RJ|RIO DE JANEIRO,glp,38,94.995,89.693,100.9,80.0,119.0
2024-04,MUN,RJ|SANTO ANTONIO DE PADUA,glp,5,97.0,83.0,109.0,83.0,115.0
2024-04,MUN,RJ|SAO FRANCISCO DE ITABAPOANA,glp,5,95.0,94.4,106.0,94.0,110.0
2024-04,MUN,RJ|SAO GONCALO,glp,21,93.99,89.99,99.99,84.99,115.0
2024-04,MUN,RJ|SAO JOAO DE MERITI,glp,12,85.995,79.991,99.696,77.99,102.0
2024-04,MUN,RJ|SAPUCAIA,glp,1,90.0,90.0,90.0,90.0,90.0
2024-04,MUN,RJ|SAQUAREMA,glp,8,91.495,88.493,96.6,85.0,98.0
2024-04,MUN,RJ|TERESOPOLIS,glp,10,112.45,89.491,115.0,85.0,115.0
2024-04,MUN,RJ|TRES RIOS,glp,10,84.99,79.99,85.499,79.99,89.99
2024-04,MUN,RJ|VALENCA,glp,7,90.0,88.0,90.0,85.0,90.0
2024-04,MUN,RJ|VOLTA REDONDA,glp,12,100.0,94.01,106.89,93.9,107.0
2024-04,MUN,RN|CAICO,glp,8,108.0,108.0,108.0,108.0,108.0
2024-04,MUN,RN|MOSSORO,glp,18,97.5,91.65,100.75,85.0,110.0
2024-04,MUN,RN|NATAL,glp,21,110.0,89.0,110.0,85.0,128.0
2024-04,MUN,RN|PARNAMIRIM,glp,16,110.0,98.5,110.0,97.5,112.5
2024-04,MUN,RO|ARIQUEMES,glp,8,125.0,120.8,128.6,118.0,130.0
2024-04,MUN,RO|CACOAL,glp,11,132.0,130.0,132.0,128.0,132.0
2024-04,MUN,RO|JI-PARANA,glp,12,120.0,117.091,120.9,115.0,126.0
2024-04,MUN,RO|PIMENTA BUENO,glp,5,141.0,136.2,141.0,133.0,141.0
2024-04,MUN,RO|PORTO VELHO,glp,33,112.0,101.0,120.0,98.0,128.0
2024-04,MUN,RO|VILHENA,glp,10,129.5,119.638,135.3,116.375,138.0
2024-04,MUN,RR|BOA VISTA,glp,34,127.5,120.0,135.7,118.0,140.0
2024-04,MUN,RS|ALEGRETE,glp,8,108.0,97.8,110.0,95.0,110.0
2024-04,MUN,RS|ALVORADA,glp,9,99.0,91.592,110.0,90.0,110.0
2024-04,MUN,RS|BAGE,glp,12,119.0,109.1,123.15,109.0,123.5
2024-04,MUN,RS|BENTO GONCALVES,glp,9,118.0,108.0,125.0,100.0,125.0
2024-04,MUN,RS|CACHOEIRA DO SUL,glp,9,95.0,90.0,100.0,90.0,100.0
2024-04,MUN,RS|CACHOEIRINHA,glp,8,99.95,97.85,105.0,97.5,105.0
2024-04,MUN,RS|CANOAS,glp,19,100.0,95.6,105.4,90.0,112.0
2024-04,MUN,RS|CAXIAS DO SUL,glp,24,105.0,100.0,116.9,99.0,119.9
2024-04,MUN,RS|CRUZ ALTA,glp,8,95.0,95.0,103.0,95.0,103.0
2024-04,MUN,RS|ERECHIM,glp,11,123.0,123.0,128.0,120.0,130.0
2024-04,MUN,RS|ESTEIO,glp,9,100.0,99.0,110.4,95.0,112.0
2024-04,MUN,RS|FARROUPILHA,glp,1,125.0,125.0,125.0,125.0,125.0
2024-04,MUN,RS|GRAMADO,glp,8,116.5,99.963,121.5,99.9,125.0
2024-04,MUN,RS|GRAVATAI,glp,14,101.5,97.3,107.7,95.0,108.0
2024-04,MUN,RS|GUAIBA,glp,8,95.45,93.4,100.6,89.9,102.0
2024-04,MUN,RS|IJUI,glp,7,99.0,89.594,119.4,89.0,120.0
2024-04,MUN,RS|LAJEADO,glp,9,100.0,97.78,113.8,96.9,117.0
2024-04,MUN,RS|NOVO HAMBURGO,glp,13,96.5,96.0,100.798,93.0,102.0
2024-04,MUN,RS|OSORIO,glp,8,95.0,94.393,99.9,93.0,99.9
2024-04,MUN,RS|PASSO FUNDO,glp,18,111.75,106.747,113.6,103.0,115.0
2024-04,MUN,RS|PELOTAS,glp,19,102.0,96.98,107.2,96.9,110.0
2024-04,MUN,RS|PORTO ALEGRE,glp,20,103.95,99.99,110.5,99.9,119.9
2024-04,MUN,RS|RIO GRANDE,glp,14,130.0,125.0,134.4,115.0,137.0
2024-04,MUN,RS|SANTA CRUZ DO SUL,glp,13,98.0,94.0,98.0,92.0,102.0
2024-04,MUN,RS|SANTA MARIA,glp,20,105.0,100.0,110.0,98.0,119.9
2024-04,MUN,RS|SANTA ROSA,glp,9,109.0,100.0,111.0,100.0,115.0
2024-04,MUN,RS|SANTANA DO LIVRAMENTO,glp,8,118.5,100.0,120.0,100.0,120.0
2024-04,MUN,RS|SANTO ANGELO,glp,8,122.0,105.297,127.25,98.99,129.0
2024-04,MUN,RS|SAO GABRIEL,glp,8,110.0,110.0,110.0,110.0,110.0
2024-04,MUN,RS|SAO LEOPOLDO,glp,11,97.0,92.9,104.0,90.0,105.0
2024-04,MUN,RS|SAO LUIZ GONZAGA,glp,10,100.0,100.0,111.5,100.0,125.0
2024-04,MUN,RS|SAPIRANGA,glp,8,109.5,100.0,110.0,100.0,110.0
2024-04,MUN,RS|SAPUCAIA DO SUL,glp,11,100.0,100.0,110.0,99.9,110.0
2024-04,MUN,RS|TORRES,glp,6,115.5,106.495,117.0,97.99,118.0
2024-04,MUN,RS|URUGUAIANA,glp,8,117.5,110.0,121.5,110.0,125.0
2024-04,MUN,RS|VACARIA,glp,8,106.0,104.7,113.0,104.0,113.0
2024-04,MUN,RS|VIAMAO,glp,14,102.5,98.57,110.0,95.0,115.0
2024-04,MUN,SC|ARARANGUA,glp,6,106.0,101.5,110.0,100.0,110.0
2024-04,MUN,SC|BALNEARIO CAMBORIU,glp,7,125.99,108.998,127.194,107.495,129.0
2024-04,MUN,SC|BIGUACU,glp,9,112.0,106.398,119.4,99.99,125.0
2024-04,MUN,SC|BLUMENAU,glp,12,99.995,99.9,124.9,95.0,124.9
2024-04,MUN,SC|BRUSQUE,glp,4,125.45,124.3,127.363,124.0,127.99
2024-04,MUN,SC|CACADOR,glp,9,116.0,99.998,131.0,99.99,135.0
2024-04,MUN,SC|CHAPECO,glp,14,125.0,125.0,139.4,123.0,140.0
2024-04,MUN,SC|CONCORDIA,glp,9,110.0,104.0,115.976,100.0,119.88
2024-04,MUN,SC|CRICIUMA,glp,9,115.0,105.0,116.0,105.0,116.0
2024-04,MUN,SC|FLORIANOPOLIS,glp,8,118.0,113.5,123.6,110.0,125.0
2024-04,MUN,SC|ITAJAI,glp,19,105.0,97.2,117.192,85.0,129.0
2024-04,MUN,SC|JARAGUA DO SUL,glp,7,99.9,97.96,102.99,97.9,102.99
2024-04,MUN,SC|JOINVILLE,glp,12,117.75,112.3,122.7,110.0,130.0
2024-04,MUN,SC|LAGES,glp,8,106.5,105.0,111.2,105.0,114.0
2024-04,MUN,SC|LAGUNA,glp,8,102.495,95.0,111.5,95.0,115.0
2024-04,MUN,SC|MAFRA,glp,10,120.0,110.0,120.0,110.0,120.0
2024-04,MUN,SC|PALHOCA,glp,10,112.5,106.799,125.0,104.99,125.0
2024-04,MUN,SC|SAO JOSE,glp,10,115.0,112.599,125.0,108.99,125.0
2024-04,MUN,SC|TUBARAO,glp,8,107.5,97.0,111.5,90.0,115.0
2024-04,MUN,SC|VIDEIRA,glp,8,119.5,112.1,126.5,110.0,130.0
2024-04,MUN,SC|XANXERE,glp,6,112.5,102.5,120.0,100.0,120.0
2024-04,MUN,SE|ARACAJU,glp,16,95.448,87.99,100.0,87.99,110.0
2024-04,MUN,SE|ITABAIANA,glp,8,102.5,98.5,105.0,95.0,105.0
2024-04,MUN,SE|LAGARTO,glp,8,100.0,98.493,101.5,95.0,105.0
2024-04,MUN,SE|NOSSA SENHORA DO SOCORRO,glp,11,93.0,89.99,100.0,87.99,100.0
2024-04,MUN,SP|ADAMANTINA,glp,8,95.0,87.83,100.0,83.0,100.0
2024-04,MUN,SP|AMERICANA,glp,11,99.99,89.99,105.0,89.99,114.99
2024-04,MUN,SP|AMPARO,glp,8,110.0,107.0,112.4,100.0,118.0
2024-04,MUN,SP|ARACATUBA,glp,21,89.99,85.99,95.0,82.99,100.0
2024-04,MUN,SP|ARARAQUARA,glp,18,110.0,97.0,115.0,89.99,115.0
2024-04,MUN,SP|ARARAS,glp,8,89.0,88.997,92.297,88.99,99.99
2024-04,MUN,SP|ASSIS,glp,12,105.0,95.996,112.5,94.995,120.0
2024-04,MUN,SP|ATIBAIA,glp,11,105.0,95.0,120.0,95.0,120.0
2024-04,MUN,SP|AVARE,glp,9,90.0,87.99,101.0,79.99,105.0
2024-04,MUN,SP|BARRETOS,glp,7,110.0,103.998,112.0,99.495,115.0
2024-04,MUN,SP|BARUERI,glp,12,98.99,90.0,104.999,89.99,109.99
2024-04,MUN,SP|BAURU,glp,15,90.0,85.396,105.0,85.0,110.0
2024-04,MUN,SP|BEBEDOURO,glp,9,110.0,93.954,111.0,89.99,115.0
2024-04,MUN,SP|BIRIGUI,glp,11,104.995,89.0,105.0,89.0,110.0
2024-04,MUN,SP|BOTUCATU,glp,10,92.475,89.41,101.0,85.0,110.0
2024-04,MUN,SP|BRAGANCA PAULISTA,glp,12,100.0,99.909,106.791,99.9,109.99
2024-04,MUN,SP|CACAPAVA,glp,8,94.99,88.49,99.99,84.99,99.99
2024-04,MUN,SP|CAMPINAS,glp,20,95.0,84.99,99.99,84.99,100.0
2024-04,MUN,SP|CARAGUATATUBA,glp,10,96.495,94.5,108.5,90.0,140.0
2024-04,MUN,SP|CARAPICUIBA,glp,16,96.0,92.49,103.5,89.99,105.0
2024-04,MUN,SP|CATANDUVA,glp,9,112.0,99.0,112.0,99.0,112.0
2024-04,MUN,SP|COSMOPOLIS,glp,9,84.99,84.99,91.0,84.99,95.0
2024-04,MUN,SP|COTIA,glp,9,110.0,98.99,120.6,94.99,123.0
2024-04,MUN,SP|CRUZEIRO,glp,8,86.995,79.997,97.4,79.99,103.0
2024-04,MUN,SP|CUBATAO,glp,8,107.5,99.4,118.0,98.0,125.0
2024-04,MUN,SP|DIADEMA,glp,10,89.995,89.99,102.1,89.99,121.0
2024-04,MUN,SP|DRACENA,glp,9,105.0,100.0,114.0,100.0,130.0
2024-04,MUN,SP|ELISIARIO,glp,1,90.0,90.0,90.0,90.0,90.0
2024-04,MUN,SP|EMBU DAS ARTES,glp,12,99.945,90.391,109.491,89.99,110.0
2024-04,MUN,SP|FRANCA,glp,15,94.99,94.99,106.8,89.99,115.0
2024-04,MUN,SP|GARCA,glp,8,100.0,98.43,100.0,95.0,100.0
2024-04,MUN,SP|GUARATINGUETA,glp,7,94.9,81.4,97.0,76.0,100.0
2024-04,MUN,SP|GUARUJA,glp,11,115.0,110.0,117.99,110.0,120.0
2024-04,MUN,SP|GUARULHOS,glp,16,93.495,86.495,102.495,80.0,110.0
2024-04,MUN,SP|HORTOLANDIA,glp,10,89.99,84.99,99.99,84.99,99.99
2024-04,MUN,SP|IBITINGA,glp,8,96.0,91.4,113.0,90.0,120.0
2024-04,MUN,SP|INDAIATUBA,glp,8,107.0,100.6,112.3,95.0,113.0
2024-04,MUN,SP|ITANHAEM,glp,9,108.0,99.972,110.2,99.9,111.0
2024-04,MUN,SP|ITAPECERICA DA SERRA,glp,8,99.99,95.59,102.693,89.99,109.0
2024-04,MUN,SP|ITAPETININGA,glp,7,112.5,110.0,115.0,110.0,115.0
2024-04,MUN,SP|ITAPEVA,glp,7,110.88,107.988,120.0,105.0,120.0
2024-04,MUN,SP|ITAPIRA,glp,7,97.0,94.2,102.0,93.0,105.0
2024-04,MUN,SP|ITAPOLIS,glp,8,111.0,105.0,115.9,105.0,118.0
2024-04,MUN,SP|ITAQUAQUECETUBA,glp,17,84.99,84.99,89.99,79.99,89.99
2024-04,MUN,SP|ITATIBA,glp,8,100.0,99.4,105.0,98.0,105.0
2024-04,MUN,SP|ITU,glp,7,110.0,104.2,112.4,103.0,116.0
2024-04,MUN,SP|JABOTICABAL,glp,8,105.995,94.893,110.0,90.0,110.0
2024-04,MUN,SP|JACAREI,glp,11,94.99,85.0,105.0,85.0,120.0
2024-04,MUN,SP|JALES,glp,10,90.0,89.741,95.495,87.5,99.95
2024-04,MUN,SP|JAU,glp,9,99.0,89.8,111.0,89.0,115.0
2024-04,MUN,SP|JOSE BONIFACIO,glp,8,98.0,95.0,100.6,95.0,102.0
2024-04,MUN,SP|JUNDIAI,glp,12,107.495,99.99,114.491,87.99,115.0
2024-04,MUN,SP|LEME,glp,8,92.0,88.5,106.9,85.0,123.0
2024-04,MUN,SP|LIMEIRA,glp,11,90.0,89.99,100.0,89.99,110.0
2024-04,MUN,SP|LINS,glp,8,97.495,79.963,116.5,79.9,120.0
2024-04,MUN,SP|LORENA,glp,9,83.0,74.998,96.0,74.99,100.0
2024-04,MUN,SP|MARILIA,glp,10,114.0,111.8,115.0,110.0,115.0
2024-04,MUN,SP|MATAO,glp,10,114.0,112.5,114.0,99.0,114.0
2024-04,MUN,SP|MAUA,glp,13,105.0,94.99,110.0,94.99,110.0
2024-04,MUN,SP|MIRASSOL,glp,8,99.99,95.0,101.493,95.0,105.0
2024-04,MUN,SP|MOCOCA,glp,8,105.0,99.393,110.0,98.0,110.0
2024-04,MUN,SP|MOGI DAS CRUZES,glp,10,94.995,88.99,100.24,79.99,102.495
2024-04,MUN,SP|MOGI GUACU,glp,7,99.99,98.394,99.99,96.0,99.99
2024-04,MUN,SP|MOGI MIRIM,glp,8,96.75,89.99,98.0,89.99,98.0
2024-04,MUN,SP|MONTE ALTO,glp,9,97.5,94.0,100.0,90.0,100.0
2024-04,MUN,SP|OLIMPIA,glp,10,85.0,84.9,90.0,84.0,90.0
2024-04,MUN,SP|OSASCO,glp,18,99.98,91.99,109.99,84.99,119.99
2024-04,MUN,SP|OURINHOS,glp,9,100.0,89.98,108.2,89.9,109.0
2024-04,MUN,SP|PARAGUACU PAULISTA,glp,6,105.0,95.0,110.0,90.0,110.0
2024-04,MUN,SP|PAULINIA,glp,8,100.0,94.99,100.0,94.99,100.0
2024-04,MUN,SP|PINDAMONHANGABA,glp,11,100.0,92.5,100.0,90.0,100.0
2024-04,MUN,SP|PIRACICABA,glp,16,99.99,86.49,110.0,84.99,115.0
2024-04,MUN,SP|PIRASSUNUNGA,glp,8,99.995,89.3,105.0,87.9,105.0
2024-04,MUN,SP|POA,glp,8,92.49,84.99,100.593,84.99,102.0
2024-04,MUN,SP|PORTO FERREIRA,glp,7,95.0,91.8,100.0,90.0,100.0
2024-04,MUN,SP|PRAIA GRANDE,glp,13,104.0,99.99,109.0,95.0,112.0
2024-04,MUN,SP|PRESIDENTE PRUDENTE,glp,16,99.99,91.445,106.95,89.99,108.0
2024-04,MUN,SP|PRESIDENTE VENCESLAU,glp,2,102.5,98.1,106.9,97.0,108.0
2024-04,MUN,SP|RIBEIRAO PIRES,glp,10,89.99,89.81,105.0,89.0,105.0
2024-04,MUN,SP|RIBEIRAO PRETO,glp,17,102.0,94.996,106.996,84.99,109.99
2024-04,MUN,SP|RIO CLARO,glp,8,89.995,79.997,90.0,79.99,90.0
2024-04,MUN,SP|SALTO,glp,5,100.0,89.99,104.16,89.99,105.0
2024-04,MUN,SP|SANTA BARBARA D'OESTE,glp,12,95.0,85.499,99.5,84.99,100.0
2024-04,MUN,SP|SANTA CRUZ DO RIO PARDO,glp,11,108.0,105.0,109.0,100.0,110.0
2024-04,MUN,SP|SANTO ANDRE,glp,12,99.995,95.0,114.99,94.99,119.0
2024-04,MUN,SP|SANTOS,glp,13,115.0,109.9,119.72,100.0,122.0
2024-04,MUN,SP|SAO BERNARDO DO CAMPO,glp,6,100.495,91.495,110.995,89.99,113.0
2024-04,MUN,SP|SAO CAETANO DO SUL,glp,6,99.99,97.49,105.495,94.99,105.99
2024-04,MUN,SP|SAO CARLOS,glp,18,115.0,108.0,119.23,105.0,125.0
2024-04,MUN,SP|SAO JOAO DA BOA VISTA,glp,10,100.0,99.399,100.0,93.99,100.0
2024-04,MUN,SP|SAO JOSE DO RIO PRETO,glp,28,108.25,90.0,115.0,88.0,130.0
2024-04,MUN,SP|SAO JOSE DOS CAMPOS,glp,22,97.5,70.49,110.0,69.99,120.0
2024-04,MUN,SP|SAO PAULO,glp,66,103.49,94.99,119.99,84.99,125.0
2024-04,MUN,SP|SAO ROQUE,glp,7,94.99,84.99,104.2,84.99,106.0
2024-04,MUN,SP|SAO VICENTE,glp,15,108.0,99.99,109.9,94.99,110.0
2024-04,MUN,SP|SERTAOZINHO,glp,12,90.995,89.099,95.0,87.0,95.9
2024-04,MUN,SP|SOROCABA,glp,20,100.0,97.99,113.2,94.99,117.0
2024-04,MUN,SP|SUMARE,glp,14,92.49,84.993,113.1,74.99,120.0
2024-04,MUN,SP|SUZANO,glp,15,89.99,89.99,104.996,79.99,115.0
2024-04,MUN,SP|TABOAO DA SERRA,glp,9,89.99,88.0,101.99,88.0,109.99
2024-04,MUN,SP|TATUI,glp,8,100.0,99.997,106.5,99.99,110.0
2024-04,MUN,SP|TAUBATE,glp,12,86.748,79.99,95.0,78.0,96.0
2024-04,MUN,SP|TUPA,glp,5,95.0,95.0,109.0,95.0,115.0
2024-04,MUN,SP|UBATUBA,glp,12,92.5,85.0,104.5,85.0,110.0
2024-04,MUN,SP|VALINHOS,glp,8,99.45,96.797,105.03,93.99,110.0
2024-04,MUN,SP|VARZEA PAULISTA,glp,8,90.0,86.993,95.0,80.0,95.0
2024-04,MUN,SP|VINHEDO,glp,8,99.995,95.6,104.993,90.0,105.0
2024-04,MUN,SP|VOTORANTIM,glp,8,102.5,89.97,107.4,89.9,113.0
2024-04,MUN,SP|VOTUPORANGA,glp,12,96.5,90.4,99.9,87.0,100.0
2024-04,MUN,TO|ARAGUAINA,glp,17,120.0,120.0,120.0,120.0,125.0
2024-04,MUN,TO|GURUPI,glp,10,120.0,114.8,120.5,113.0,125.0
2024-04,MUN,TO|PALMAS,glp,19,120.0,114.0,127.0,110.0,130.0
2024-04,MUN,TO|PARAISO DO TOCANTINS,glp,9,120.0,120.0,120.5,120.0,122.5
2024-04,MUN,TO|PORTO NACIONAL,glp,8,115.0,115.0,120.0,115.0,120.0
2024-04,UF,AC,glp,47,117.0,109.0,125.0,105.0,127.0
2024-04,UF,AL,glp,64,95.0,85.597,100.0,84.0,115.0
2024-04,UF,AM,glp,119,125.0,113.0,133.4,110.0,150.0
2024-04,UF,AP,glp,31,110.0,103.0,120.0,100.0,122.0
2024-04,UF,BA,glp,287,110.0,95.0,124.39,81.0,150.0
2024-04,UF,CE,glp,132,100.0,92.99,109.0,75.0,122.0
2024-04,UF,DF,glp,47,95.0,89.99,100.794,82.99,119.99
2024-04,UF,ES,glp,139,98.0,84.998,105.0,74.99,115.0
2024-04,UF,GO,glp,247,100.0,89.996,118.0,82.99,130.0
2024-04,UF,MA,glp,133,100.0,99.9,120.0,88.0,125.0
2024-04,UF,MG,glp,613,100.0,85.0,115.0,75.0,150.0
2024-04,UF,MS,glp,109,110.0,98.8,122.5,90.0,135.5
2024-04,UF,MT,glp,120,115.0,93.899,140.0,85.0,145.0
2024-04,UF,PA,glp,183,110.0,95.0,127.8,79.99,144.0
2024-04,UF,PB,glp,78,100.0,90.0,110.0,79.99,120.0
2024-04,UF,PE,glp,181,85.0,80.0,105.0,75.0,120.0
2024-04,UF,PI,glp,62,95.0,90.0,105.0,84.99,115.0
2024-04,UF,PR,glp,377,98.0,85.0,115.0,75.0,125.0
2024-04,UF,RJ,glp,338,90.0,79.99,114.263,70.99,126.99
2024-04,UF,RN,glp,63,108.0,94.992,110.0,85.0,128.0
2024-04,UF,RO,glp,79,120.0,107.4,132.0,98.0,141.0
2024-04,UF,RR,glp,34,127.5,120.0,135.7,118.0,140.0
2024-04,UF,RS,glp,407,105.0,95.0,120.0,89.0,137.0
2024-04,UF,SC,glp,193,115.0,99.99,125.0,85.0,140.0
2024-04,UF,SE,glp,43,98.0,89.918,105.0,87.99,110.0
2024-04,UF,SP,glp,1198,99.99,88.997,114.0,69.99,140.0
2024-04,UF,TO,glp,63,120.0,115.0,125.0,110.0,130.0
2024-05,BR,BR,glp,5360,100.0,87.99,120.0,69.99,152.0
2024-05,MUN,AC|CRUZEIRO DO SUL,glp,9,120.0,118.0,121.0,118.0,125.0
2024-05,MUN,AC|RIO BRANCO,glp,37,115.0,108.4,124.4,102.0,127.0
2024-05,MUN,AL|ARAPIRACA,glp,11,90.0,86.99,92.5,85.0,95.0
2024-05,MUN,AL|DELMIRO GOUVEIA,glp,5,100.0,95.4,100.0,95.0,100.0
2024-05,MUN,AL|MACEIO,glp,34,95.0,85.0,104.25,84.0,112.5
2024-05,MUN,AL|PALMEIRA DOS INDIOS,glp,4,90.0,89.993,93.493,89.99,94.99
2024-05,MUN,AL|RIO LARGO,glp,8,95.0,95.0,96.5,95.0,100.0
2024-05,MUN,AM|ITACOATIARA,glp,12,130.0,124.1,135.0,116.49,135.0
2024-05,MUN,AM|MANACAPURU,glp,10,131.0,125.0,138.7,125.0,145.0
2024-05,MUN,AM|MANAUS,glp,85,120.0,113.0,130.0,110.0,140.0
2024-05,MUN,AM|PARINTINS,glp,11,125.0,125.0,125.0,125.0,150.0
2024-05,MUN,AM|TEFE,glp,3,150.0,150.0,151.6,150.0,152.0
2024-05,MUN,AP|MACAPA,glp,18,114.5,106.0,120.0,105.0,122.0
2024-05,MUN,AP|SANTANA,glp,13,105.0,100.0,120.0,100.0,120.0
2024-05,MUN,BA|AGUA FRIA,glp,1,120.0,120.0,120.0,120.0,120.0
2024-05,MUN,BA|ALAGOINHAS,glp,9,105.0,104.998,115.4,104.99,117.0
2024-05,MUN,BA|BARREIRAS,glp,9,140.0,138.0,140.5,130.0,142.5
2024-05,MUN,BA|BRUMADO,glp,5,105.0,105.0,113.0,105.0,115.0
2024-05,MUN,BA|CAETITE,glp,8,100.0,100.0,101.5,100.0,105.0
2024-05,MUN,BA|CAMACARI,glp,14,120.0,115.75,120.0,115.0,125.0
2024-05,MUN,BA|EUNAPOLIS,glp,8,115.0,102.1,115.0,100.0,115.0
2024-05,MUN,BA|FEIRA DE SANTANA,glp,19,94.99,92.0,100.5,92.0,105.0
2024-05,MUN,BA|GUANAMBI,glp,10,100.0,100.0,110.0,100.0,110.0
2024-05,MUN,BA|ILHEUS,glp,9,120.0,115.0,131.6,115.0,150.0
2024-05,MUN,BA|IPIRA,glp,5,112.5,100.0,125.0,100.0,125.0
2024-05,MUN,BA|IRECE,glp,10,110.0,109.5,114.4,105.0,118.0
2024-05,MUN,BA|ITABUNA,glp,9,105.0,99.6,111.0,98.0,115.0
2024-05,MUN,BA|ITAMARAJU,glp,7,105.0,96.5,107.0,95.0,110.0
2024-05,MUN,BA|JACOBINA,glp,6,125.0,125.0,128.5,125.0,130.0
2024-05,MUN,BA|JAGUAQUARA,glp,9,110.0,108.0,111.0,100.0,115.0
2024-05,MUN,BA|JEQUIE,glp,10,92.498,85.0,98.2,85.0,100.0
2024-05,MUN,BA|JUAZEIRO,glp,7,110.0,92.8,110.0,89.5,110.0
2024-05,MUN,BA|LAURO DE FREITAS,glp,12,115.0,100.491,124.5,99.0,125.0
2024-05,MUN,BA|LIVRAMENTO DE NOSSA SENHORA,glp,8,110.0,108.5,110.0,105.0,110.0
2024-05,MUN,BA|PAULO AFONSO,glp,10,95.0,88.899,100.3,87.99,103.0
2024-05,MUN,BA|POCOES,glp,8,102.5,98.7,110.0,98.0,110.0
2024-05,MUN,BA|PORTO SEGURO,glp,9,110.0,104.998,120.0,104.99,120.0
2024-05,MUN,BA|SALVADOR,glp,38,110.995,100.0,122.597,97.45,128.0
2024-05,MUN,BA|SANTO ANTONIO DE JESUS,glp,9,104.0,96.7,111.4,91.5,117.0
2024-05,MUN,BA|SENHOR DO BONFIM,glp,4,125.0,125.0,125.0,125.0,125.0
2024-05,MUN,BA|SERRINHA,glp,7,120.0,120.0,122.0,120.0,125.0
2024-05,MUN,BA|SIMOES FILHO,glp,4,111.5,105.893,115.0,104.99,115.0
2024-05,MUN,BA|TEIXEIRA DE FREITAS,glp,13,89.0,80.0,90.0,79.495,110.0
2024-05,MUN,BA|VALENCA,glp,7,120.0,120.0,120.0,120.0,120.0
2024-05,MUN,BA|VITORIA DA CONQUISTA,glp,13,110.0,97.99,115.0,97.9,115.0
2024-05,MUN,CE|CANINDE,glp,4,99.0,96.6,101.4,96.0,102.0
2024-05,MUN,CE|CAUCAIA,glp,13,100.0,88.592,108.0,84.99,117.0
2024-05,MUN,CE|CRATEUS,glp,8,100.0,93.5,107.9,90.0,110.0
2024-05,MUN,CE|CRATO,glp,8,106.0,102.693,106.0,95.0,106.0
2024-05,MUN,CE|FORTALEZA,glp,34,95.0,89.99,105.7,89.9,112.5
2024-05,MUN,CE|ICO,glp,5,105.0,97.0,112.0,95.0,112.0
2024-05,MUN,CE|IGUATU,glp,8,100.0,98.4,103.0,97.0,103.0
2024-05,MUN,CE|ITAPIPOCA,glp,10,100.0,89.8,110.5,88.0,115.0
2024-05,MUN,CE|JUAZEIRO DO NORTE,glp,14,106.0,103.6,109.4,98.0,110.0
2024-05,MUN,CE|LIMOEIRO DO NORTE,glp,7,105.0,91.2,105.0,90.0,105.0
2024-05,MUN,CE|MARACANAU,glp,10,99.495,94.799,105.0,92.99,105.0
2024-05,MUN,CE|QUIXADA,glp,8,95.0,86.49,101.5,86.49,105.0
2024-05,MUN,CE|SOBRAL,glp,7,99.9,98.0,106.6,98.0,109.0
2024-05,MUN,DF|BRASILIA,glp,48,95.0,89.99,99.99,82.99,119.99
2024-05,MUN,ES|ARACRUZ,glp,10,100.0,99.8,102.75,98.0,105.0
2024-05,MUN,ES|CACHOEIRO DE ITAPEMIRIM,glp,12,100.0,95.141,102.45,94.99,105.0
2024-05,MUN,ES|CARIACICA,glp,17,95.0,80.0,100.0,74.99,100.0
2024-05,MUN,ES|COLATINA,glp,10,95.0,89.5,95.5,85.0,100.0
2024-05,MUN,ES|GUARAPARI,glp,12,90.998,85.09,95.0,74.99,100.0
2024-05,MUN,ES|LINHARES,glp,18,110.0,100.0,110.6,100.0,115.0
2024-05,MUN,ES|SAO MATEUS,glp,12,104.995,99.99,105.0,99.99,105.0
2024-05,MUN,ES|SERRA,glp,20,89.99,84.799,95.5,80.0,100.0
2024-05,MUN,ES|VILA VELHA,glp,18,94.995,89.99,100.0,89.99,105.0
2024-05,MUN,ES|VITORIA,glp,9,94.99,89.998,101.0,89.99,105.0
2024-05,MUN,GO|AGUAS LINDAS DE GOIAS,glp,19,89.45,84.994,95.0,82.99,95.0
2024-05,MUN,GO|ANAPOLIS,glp,26,100.0,100.0,100.0,95.0,110.0
2024-05,MUN,GO|APARECIDA DE GOIANIA,glp,31,100.0,85.0,110.0,82.495,115.0
2024-05,MUN,GO|CALDAS NOVAS,glp,15,105.0,98.8,110.0,95.0,110.0
2024-05,MUN,GO|CATALAO,glp,9,105.0,100.0,110.0,100.0,110.0
2024-05,MUN,GO|FORMOSA,glp,9,100.0,95.0,115.6,95.0,118.0
2024-05,MUN,GO|GOIANIA,glp,24,105.0,94.93,115.0,84.99,130.0
2024-05,MUN,GO|GOIATUBA,glp,6,120.0,110.0,120.0,105.0,120.0
2024-05,MUN,GO|ITUMBIARA,glp,9,110.0,104.8,120.0,104.0,120.0
2024-05,MUN,GO|JATAI,glp,9,120.0,115.0,121.0,115.0,125.0
2024-05,MUN,GO|LUZIANIA,glp,14,99.0,84.99,100.0,83.99,100.0
2024-05,MUN,GO|MINEIROS,glp,10,118.0,114.5,118.0,110.0,118.0
2024-05,MUN,GO|MORRINHOS,glp,6,96.0,95.0,99.0,95.0,100.0
2024-05,MUN,GO|PORANGATU,glp,11,110.0,110.0,115.0,108.0,120.0
2024-05,MUN,GO|RIO VERDE,glp,14,110.0,100.0,115.0,100.0,115.0
2024-05,MUN,GO|TRINDADE,glp,22,93.75,86.39,100.0,79.99,100.0
2024-05,MUN,GO|VALPARAISO DE GOIAS,glp,11,90.0,87.0,99.0,83.99,99.99
2024-05,MUN,MA|ACAILANDIA,glp,9,100.0,88.0,100.0,88.0,100.0
2024-05,MUN,MA|BACABAL,glp,8,110.0,110.0,111.5,110.0,115.0
2024-05,MUN,MA|BALSAS,glp,7,120.0,120.0,125.0,120.0,125.0
2024-05,MUN,MA|BARRA DO CORDA,glp,10,110.0,109.75,110.0,107.5,110.0
2024-05,MUN,MA|CAXIAS,glp,10,97.5,95.0,105.5,95.0,110.0
2024-05,MUN,MA|CODO,glp,8,115.0,115.0,115.0,115.0,115.0
2024-05,MUN,MA|IMPERATRIZ,glp,16,100.0,97.495,105.0,92.5,105.0
2024-05,MUN,MA|PINHEIRO,glp,8,120.0,120.0,120.0,120.0,120.0
2024-05,MUN,MA|PRESIDENTE DUTRA,glp,5,112.5,108.5,115.0,107.5,115.0
2024-05,MUN,MA|SAO JOSE DE RIBAMAR,glp,14,99.945,99.9,99.99,99.0,99.99
2024-05,MUN,MA|SAO LUIS,glp,41,99.99,99.9,100.0,89.9,114.99
2024-05,MUN,MG|ALFENAS,glp,9,95.0,83.99,98.4,79.99,100.0
2024-05,MUN,MG|ARAGUARI,glp,10,100.0,97.7,108.2,95.0,110.0
2024-05,MUN,MG|ARAXA,glp,8,89.0,87.1,90.0,85.0,90.0
2024-05,MUN,MG|BARBACENA,glp,8,95.0,92.883,96.5,87.965,100.0
2024-05,MUN,MG|BELO HORIZONTE,glp,34,99.495,89.99,119.7,85.0,129.0
2024-05,MUN,MG|BETIM,glp,16,107.25,92.5,110.0,88.9,150.0
2024-05,MUN,MG|BOM DESPACHO,glp,8,95.0,90.0,113.0,90.0,120.0
2024-05,MUN,MG|CAMPO BELO,glp,10,110.0,109.6,110.5,106.0,115.0
2024-05,MUN,MG|CARATINGA,glp,8,105.0,99.997,113.0,99.99,120.0
2024-05,MUN,MG|CONGONHAS,glp,8,101.5,93.49,109.4,89.99,115.0
2024-05,MUN,MG|CONSELHEIRO LAFAIETE,glp,9,90.0,85.0,96.0,85.0,100.0
2024-05,MUN,MG|CONTAGEM,glp,25,100.0,86.6,115.0,80.0,118.0
2024-05,MUN,MG|CORONEL FABRICIANO,glp,10,120.0,109.5,125.0,105.0,125.0
2024-05,MUN,MG|CURVELO,glp,8,100.0,78.0,100.0,78.0,100.0
2024-05,MUN,MG|DIVINOPOLIS,glp,10,83.0,83.0,102.0,83.0,120.0
2024-05,MUN,MG|FORMIGA,glp,9,92.5,85.0,96.0,85.0,100.0
2024-05,MUN,MG|FRUTAL,glp,7,94.99,94.19,100.954,92.99,109.9
2024-05,MUN,MG|GOVERNADOR VALADARES,glp,15,110.0,110.0,120.0,103.0,130.0
2024-05,MUN,MG|GUAXUPE,glp,10,82.495,79.32,86.0,75.0,95.0
2024-05,MUN,MG|IPATINGA,glp,9,103.0,88.992,112.2,85.0,113.0
2024-05,MUN,MG|ITABIRA,glp,3,120.0,109.6,124.0,107.0,125.0
2024-05,MUN,MG|ITAJUBA,glp,9,87.5,82.992,95.0,75.0,115.0
2024-05,MUN,MG|ITAUNA,glp,10,102.5,94.8,109.1,93.0,110.0
2024-05,MUN,MG|ITUIUTABA,glp,10,87.0,84.5,95.499,80.0,99.99
2024-05,MUN,MG|JANAUBA,glp,8,105.0,105.0,105.0,105.0,105.0
2024-05,MUN,MG|JANUARIA,glp,9,118.0,115.0,120.0,115.0,120.0
2024-05,MUN,MG|JOAO MONLEVADE,glp,10,105.0,99.5,110.0,95.0,110.0
2024-05,MUN,MG|JOAO PINHEIRO,glp,10,110.0,105.0,115.0,105.0,115.0
2024-05,MUN,MG|JUIZ DE FORA,glp,20,80.495,77.89,90.0,74.99,96.0
2024-05,MUN,MG|LAVRAS,glp,8,100.0,97.8,100.0,95.0,100.0
2024-05,MUN,MG|LEOPOLDINA,glp,8,100.0,93.5,103.0,90.0,110.0
2024-05,MUN,MG|MANHUACU,glp,7,100.0,95.94,110.0,90.0,110.0
2024-05,MUN,MG|MONTE CARMELO,glp,9,90.0,90.0,96.0,90.0,100.0
2024-05,MUN,MG|MONTES CLAROS,glp,33,100.0,94.99,114.0,93.0,130.0
2024-05,MUN,MG|MURIAE,glp,7,100.0,93.0,108.2,93.0,113.0
2024-05,MUN,MG|NOVA LIMA,glp,9,103.0,98.4,110.4,92.0,112.0
2024-05,MUN,MG|OLIVEIRA,glp,7,100.0,94.2,100.0,93.0,100.0
2024-05,MUN,MG|OURO PRETO,glp,8,97.5,84.97,110.9,84.9,113.0
2024-05,MUN,MG|PARA DE MINAS,glp,8,99.5,95.0,112.07,95.0,116.9
2024-05,MUN,MG|PARACATU,glp,9,100.0,95.8,101.0,95.0,105.0
2024-05,MUN,MG|PASSOS,glp,8,100.0,95.0,106.5,95.0,110.0
2024-05,MUN,MG|PATOS DE MINAS,glp,7,95.0,93.0,97.0,90.0,100.0
2024-05,MUN,MG|PATROCINIO,glp,8,90.0,89.25,100.0,87.5,100.0
2024-05,MUN,MG|POCOS DE CALDAS,glp,8,107.995,107.35,110.1,107.0,115.0
2024-05,MUN,MG|POUSO ALEGRE,glp,13,92.5,81.6,97.4,79.99,98.0
2024-05,MUN,MG|SABARA,glp,12,107.5,90.499,115.0,85.0,115.0
2024-05,MUN,MG|SAO JOAO DEL REI,glp,10,97.0,84.99,101.0,84.99,110.0
2024-05,MUN,MG|SAO JOAQUIM DE BICAS,glp,1,110.0,110.0,110.0,110.0,110.0
2024-05,MUN,MG|SAO SEBASTIAO DO PARAISO,glp,10,90.0,90.0,100.41,90.0,105.0
2024-05,MUN,MG|SETE LAGOAS,glp,12,95.0,89.09,109.5,85.0,117.0
2024-05,MUN,MG|TEOFILO OTONI,glp,12,110.0,103.2,114.5,99.99,119.0
2024-05,MUN,MG|TIMOTEO,glp,8,100.0,98.5,108.0,95.0,115.0
2024-05,MUN,MG|TRES CORACOES,glp,10,86.99,79.99,90.5,79.99,95.0
2024-05,MUN,MG|UBA,glp,3,97.99,95.598,103.998,95.0,105.5
2024-05,MUN,MG|UBERABA,glp,19,90.0,82.0,100.0,79.99,105.0
2024-05,MUN,MG|UBERLANDIA,glp,23,95.995,85.398,113.0,85.0,125.0
2024-05,MUN,MG|UNAI,glp,10,120.0,120.0,120.0,120.0,120.0
2024-05,MUN,MG|VARGINHA,glp,8,90.0,80.0,102.3,80.0,110.0
2024-05,MUN,MG|VICOSA,glp,10,105.0,104.499,105.3,99.99,108.0
2024-05,MUN,MS|CAMPO GRANDE,glp,48,109.5,94.997,110.0,90.0,135.5
2024-05,MUN,MS|CORUMBA,glp,7,114.0,110.0,120.0,110.0,120.0
2024-05,MUN,MS|COXIM,glp,9,125.0,120.0,126.0,120.0,130.0
2024-05,MUN,MS|DOURADOS,glp,19,105.0,99.592,121.0,98.0,130.0
2024-05,MUN,MS|NOVA ANDRADINA,glp,8,105.0,99.7,110.0,99.0,110.0
2024-05,MUN,MS|PONTA PORA,glp,8,113.5,105.0,116.5,105.0,120.0
2024-05,MUN,MS|TRES LAGOAS,glp,11,115.0,110.0,115.0,110.0,135.0
2024-05,MUN,MT|ALTA FLORESTA,glp,8,140.0,133.5,143.6,130.0,145.0
2024-05,MUN,MT|CACERES,glp,13,99.99,99.99,99.998,95.0,104.0
2024-05,MUN,MT|CUIABA,glp,35,114.0,93.394,128.0,85.0,138.0
2024-05,MUN,MT|RONDONOPOLIS,glp,10,120.0,109.0,130.0,100.0,130.0
2024-05,MUN,MT|SINOP,glp,16,140.0,135.0,140.0,130.0,145.0
2024-05,MUN,MT|SORRISO,glp,14,129.0,121.5,142.0,120.0,145.0
2024-05,MUN,MT|VARZEA GRANDE,glp,26,107.495,89.99,115.0,85.0,120.0
2024-05,MUN,PA|ABAETETUBA,glp,8,95.0,95.0,99.05,95.0,105.0
2024-05,MUN,PA|ALENQUER,glp,5,110.0,108.8,110.0,108.0,110.0
2024-05,MUN,PA|ALTAMIRA,glp,8,111.75,110.0,115.0,110.0,115.0
2024-05,MUN,PA|ANANINDEUA,glp,19,97.0,92.998,100.0,92.0,100.0
2024-05,MUN,PA|BELEM,glp,35,105.0,99.99,115.0,95.0,144.0
2024-05,MUN,PA|BRAGANCA,glp,6,110.0,106.5,110.0,105.0,110.0
2024-05,MUN,PA|CAMETA,glp,2,114.5,114.1,114.9,114.0,115.0
2024-05,MUN,PA|CASTANHAL,glp,11,99.99,92.0,107.0,91.99,110.0
2024-05,MUN,PA|CONCEICAO DO ARAGUAIA,glp,7,110.0,110.0,110.0,110.0,110.0
2024-05,MUN,PA|ITAITUBA,glp,8,125.0,117.5,126.5,100.0,130.0
2024-05,MUN,PA|MARABA,glp,14,115.0,110.0,130.0,107.99,130.0
2024-05,MUN,PA|PARAGOMINAS,glp,8,140.0,130.5,141.5,120.0,145.0
2024-05,MUN,PA|PARAUAPEBAS,glp,11,125.0,114.99,130.0,109.99,135.0
2024-05,MUN,PA|REDENCAO,glp,11,117.0,110.0,120.0,110.0,140.0
2024-05,MUN,PA|SANTAREM,glp,21,95.0,83.0,100.0,79.99,100.0
2024-05,MUN,PA|XINGUARA,glp,5,120.0,120.0,125.0,120.0,125.0
2024-05,MUN,PB|BAYEUX,glp,9,93.0,87.972,95.0,79.9,95.0
2024-05,MUN,PB|CABEDELO,glp,8,105.0,99.997,106.0,99.99,106.0
2024-05,MUN,PB|CAMPINA GRANDE,glp,13,105.0,95.0,110.0,90.0,120.0
2024-05,MUN,PB|JOAO PESSOA,glp,36,99.5,90.0,110.0,79.99,110.0
2024-05,MUN,PB|PATOS,glp,8,108.0,105.0,110.0,105.0,110.0
2024-05,MUN,PB|SOUSA,glp,5,100.0,100.0,100.0,100.0,100.0
2024-05,MUN,PE|ARARIPINA,glp,8,115.0,112.0,116.5,105.0,120.0
2024-05,MUN,PE|ARCOVERDE,glp,8,84.99,83.49,89.99,79.99,89.99
2024-05,MUN,PE|BELO JARDIM,glp,8,83.995,80.0,85.75,80.0,87.5
2024-05,MUN,PE|CABO DE SANTO AGOSTINHO,glp,9,90.0,80.0,91.0,80.0,95.0
2024-05,MUN,PE|CARUARU,glp,14,80.0,78.597,80.0,78.0,83.0
2024-05,MUN,PE|GARANHUNS,glp,10,85.0,84.99,94.991,84.99,95.0
2024-05,MUN,PE|GOIANA,glp,8,90.0,83.8,100.0,81.0,100.0
2024-05,MUN,PE|IGARASSU,glp,10,90.0,80.0,95.5,80.0,100.0
2024-05,MUN,PE|JABOATAO DOS GUARARAPES,glp,15,90.0,86.196,98.0,84.99,114.0
2024-05,MUN,PE|LAJEDO,glp,5,85.0,85.0,85.0,85.0,85.0
2024-05,MUN,PE|OLINDA,glp,15,84.99,79.99,90.0,78.0,120.0
2024-05,MUN,PE|PAULISTA,glp,14,85.0,79.99,95.6,79.99,100.0
2024-05,MUN,PE|PETROLINA,glp,18,101.0,97.1,111.5,81.495,115.0
2024-05,MUN,PE|RECIFE,glp,20,83.75,78.79,86.0,75.0,100.0
2024-05,MUN,PE|SALGUEIRO,glp,6,105.0,100.0,105.0,100.0,105.0
2024-05,MUN,PE|SANTA CRUZ DO CAPIBARIBE,glp,5,100.0,100.0,100.0,100.0,100.0
2024-05,MUN,PE|SERRA TALHADA,glp,7,110.0,105.0,110.0,105.0,110.0
2024-05,MUN,PE|VITORIA DE SANTO ANTAO,glp,9,84.99,80.0,85.0,80.0,85.0
2024-05,MUN,PI|PARNAIBA,glp,10,100.0,99.409,108.7,94.99,115.0
2024-05,MUN,PI|PICOS,glp,8,91.25,90.0,96.497,90.0,99.99
2024-05,MUN,PI|PIRIPIRI,glp,7,109.99,99.99,115.0,99.99,115.0
2024-05,MUN,PI|TERESINA,glp,36,95.0,89.99,100.0,84.99,105.0
2024-05,MUN,PR|APUCARANA,glp,15,90.0,89.9,91.5,79.5,99.995
2024-05,MUN,PR|ARAPONGAS,glp,13,99.9,92.6,100.0,89.9,100.0
2024-05,MUN,PR|ARAUCARIA,glp,13,90.0,90.0,95.0,89.9,96.45
2024-05,MUN,PR|ASSIS CHATEAUBRIAND,glp,5,115.0,103.94,115.0,99.9,115.0
2024-05,MUN,PR|CAMBE,glp,10,100.0,97.7,106.5,95.0,120.0
2024-05,MUN,PR|CAMPO LARGO,glp,12,85.0,80.491,90.0,78.95,95.0
2024-05,MUN,PR|CAMPO MOURAO,glp,8,108.745,103.5,114.3,100.0,115.0
2024-05,MUN,PR|CASCAVEL,glp,18,107.5,98.493,118.25,95.0,120.0
2024-05,MUN,PR|CASTRO,glp,8,105.0,101.97,106.5,94.9,110.0
2024-05,MUN,PR|CIANORTE,glp,9,95.0,79.5,100.0,77.9,100.0
2024-05,MUN,PR|COLOMBO,glp,20,88.495,81.99,90.0,79.9,92.0
2024-05,MUN,PR|CORNELIO PROCOPIO,glp,8,110.0,108.5,111.5,105.0,115.0
2024-05,MUN,PR|CURITIBA,glp,54,90.0,81.47,98.7,78.9,100.0
2024-05,MUN,PR|FOZ DO IGUACU,glp,18,110.0,105.0,110.0,100.0,113.0
2024-05,MUN,PR|FRANCISCO BELTRAO,glp,9,99.0,94.998,116.5,94.99,122.5
2024-05,MUN,PR|GUARAPUAVA,glp,14,105.0,103.42,108.63,95.0,115.0
2024-05,MUN,PR|IVAIPORA,glp,1,120.0,120.0,120.0,120.0,120.0
2024-05,MUN,PR|LONDRINA,glp,18,95.0,90.0,100.45,88.0,110.0
2024-05,MUN,PR|MARECHAL CANDIDO RONDON,glp,8,94.945,94.9,102.5,94.9,120.0
2024-05,MUN,PR|MARINGA,glp,19,115.0,98.92,125.0,85.0,125.0
2024-05,MUN,PR|PALOTINA,glp,1,107.5,107.5,107.5,107.5,107.5
2024-05,MUN,PR|PARANAGUA,glp,9,94.99,80.0,95.592,80.0,98.0
2024-05,MUN,PR|PARANAVAI,glp,9,94.99,89.568,103.0,87.9,115.0
2024-05,MUN,PR|PATO BRANCO,glp,9,119.0,117.4,119.6,115.0,120.0
2024-05,MUN,PR|PINHAIS,glp,9,98.0,80.0,110.0,80.0,110.0
2024-05,MUN,PR|PONTA GROSSA,glp,13,98.88,94.992,105.0,89.9,105.0
2024-05,MUN,PR|QUEDAS DO IGUACU,glp,1,110.0,110.0,110.0,110.0,110.0
2024-05,MUN,PR|SANTO ANTONIO DA PLATINA,glp,8,110.0,107.1,113.0,105.0,113.0
2024-05,MUN,PR|SAO JOSE DOS PINHAIS,glp,20,95.0,85.9,95.25,84.9,100.0
2024-05,MUN,PR|TOLEDO,glp,13,99.0,98.2,120.0,95.0,120.0
2024-05,MUN,PR|UMUARAMA,glp,8,99.0,83.4,104.3,79.9,105.0
2024-05,MUN,PR|UNIAO DA VITORIA,glp,9,98.0,95.0,106.0,95.0,110.0
2024-05,MUN,RJ|ANGRA DOS REIS,glp,9,115.0,114.718,115.6,113.99,118.0
2024-05,MUN,RJ|ARARUAMA,glp,8,74.995,73.79,81.49,70.99,84.99
2024-05,MUN,RJ|BARRA DO PIRAI,glp,7,99.99,97.696,103.194,94.99,105.0
2024-05,MUN,RJ|BARRA MANSA,glp,9,95.9,95.5,101.0,93.9,105.0
2024-05,MUN,RJ|BELFORD ROXO,glp,9,85.0,80.0,95.998,80.0,99.99
2024-05,MUN,RJ|CABO FRIO,glp,9,87.99,84.99,96.59,84.99,98.99
2024-05,MUN,RJ|CAMPOS DOS GOYTACAZES,glp,12,85.995,79.09,93.6,75.0,95.0
2024-05,MUN,RJ|DUQUE DE CAXIAS,glp,20,88.0,81.94,90.499,75.0,94.99
2024-05,MUN,RJ|ITABORAI,glp,12,90.495,90.0,91.999,84.99,97.0
2024-05,MUN,RJ|ITAGUAI,glp,5,120.0,116.2,124.5,115.0,124.5
2024-05,MUN,RJ|ITAPERUNA,glp,8,88.0,88.0,88.0,88.0,88.0
2024-05,MUN,RJ|MACAE,glp,11,125.0,125.0,126.99,124.995,128.0
2024-05,MUN,RJ|MAGE,glp,10,84.99,82.69,85.499,79.9,89.99
2024-05,MUN,RJ|MARICA,glp,9,89.99,74.998,92.6,74.99,95.0
2024-05,MUN,RJ|NILOPOLIS,glp,8,98.745,95.0,101.5,95.0,105.0
2024-05,MUN,RJ|NITEROI,glp,8,87.49,75.69,96.597,74.99,97.99
2024-05,MUN,RJ|NOVA FRIBURGO,glp,9,85.0,83.99,91.0,79.99,95.0
2024-05,MUN,RJ|NOVA IGUACU,glp,20,89.995,79.999,100.0,79.99,100.0
2024-05,MUN,RJ|PETROPOLIS,glp,8,99.0,92.997,100.6,92.99,102.0
2024-05,MUN,RJ|RESENDE,glp,9,99.99,89.99,107.0,89.99,115.0
2024-05,MUN,RJ|RIO BONITO,glp,8,82.99,78.843,86.497,78.5,89.99
2024-05,MUN,RJ|RIO DE JANEIRO,glp,38,94.99,89.693,102.65,80.0,119.0
2024-05,MUN,RJ|SANTO ANTONIO DE PADUA,glp,5,97.0,83.0,109.0,83.0,115.0
2024-05,MUN,RJ|SAO FRANCISCO DE ITABAPOANA,glp,9,95.0,89.75,106.0,88.75,110.0
2024-05,MUN,RJ|SAO GONCALO,glp,19,93.975,89.592,99.596,84.99,115.0
2024-05,MUN,RJ|SAO JOAO DE MERITI,glp,12,85.495,79.991,99.691,77.99,102.0
2024-05,MUN,RJ|SAQUAREMA,glp,8,91.495,88.493,96.6,85.0,98.0
2024-05,MUN,RJ|TERESOPOLIS,glp,9,110.0,97.0,115.0,85.0,115.0
2024-05,MUN,RJ|TRES RIOS,glp,10,84.99,79.99,85.499,79.99,89.99
2024-05,MUN,RJ|VALENCA,glp,7,90.0,90.0,90.0,90.0,90.0
2024-05,MUN,RJ|VOLTA REDONDA,glp,12,94.945,93.9,104.081,93.9,107.0
2024-05,MUN,RN|CAICO,glp,8,108.0,108.0,108.0,108.0,108.0
2024-05,MUN,RN|MOSSORO,glp,16,100.0,89.995,107.5,85.0,110.0
2024-05,MUN,RN|NATAL,glp,22,105.0,88.1,110.0,85.0,128.0
2024-05,MUN,RN|PARNAMIRIM,glp,16,110.0,97.5,110.0,95.0,114.0
2024-05,MUN,RO|ARIQUEMES,glp,8,125.0,120.8,128.6,118.0,130.0
2024-05,MUN,RO|CACOAL,glp,10,131.0,129.8,139.0,128.0,139.0
2024-05,MUN,RO|JI-PARANA,glp,12,120.0,117.091,120.0,115.0,121.0
2024-05,MUN,RO|PIMENTA BUENO,glp,5,141.0,136.2,141.0,133.0,141.0
2024-05,MUN,RO|PORTO VELHO,glp,30,111.75,105.0,120.0,98.0,128.0
2024-05,MUN,RO|VILHENA,glp,8,125.5,118.842,135.0,116.375,135.0
2024-05,MUN,RR|BOA VISTA,glp,34,128.0,120.0,135.0,117.99,140.0
2024-05,MUN,RS|ALEGRETE,glp,9,108.0,98.2,110.0,95.0,110.0
2024-05,MUN,RS|ALVORADA,glp,9,99.0,91.39,110.0,88.99,110.0
2024-05,MUN,RS|BAGE,glp,11,118.0,109.0,123.5,109.0,123.5
2024-05,MUN,RS|BENTO GONCALVES,glp,9,125.0,113.2,125.0,110.0,125.0
2024-05,MUN,RS|CACHOEIRA DO SUL,glp,8,98.95,90.0,114.2,90.0,124.0
2024-05,MUN,RS|CACHOEIRINHA,glp,9,100.0,97.4,106.0,95.0,110.0
2024-05,MUN,RS|CANOAS,glp,22,100.0,97.01,105.0,95.0,110.0
2024-05,MUN,RS|CAXIAS DO SUL,glp,23,99.0,99.0,105.0,99.0,110.0
2024-05,MUN,RS|CRUZ ALTA,glp,8,101.5,95.0,103.0,95.0,103.0
2024-05,MUN,RS|ERECHIM,glp,11,123.0,120.0,128.0,120.0,130.0
2024-05,MUN,RS|ESTEIO,glp,8,101.5,100.0,106.5,100.0,110.0
2024-05,MUN,RS|FARROUPILHA,glp,1,125.0,125.0,125.0,125.0,125.0
2024-05,MUN,RS|GRAMADO,glp,8,119.0,108.5,125.9,105.0,128.0
2024-05,MUN,RS|GRAVATAI,glp,14,103.0,100.0,106.4,97.0,109.0
2024-05,MUN,RS|GUAIBA,glp,8,100.0,98.5,104.1,95.0,109.0
2024-05,MUN,RS|IJUI,glp,9,99.0,93.918,119.2,89.99,120.0
2024-05,MUN,RS|LAJEADO,glp,8,100.0,99.9,115.6,99.9,117.0
2024-05,MUN,RS|OSORIO,glp,8,97.45,94.39,101.43,92.99,105.0
2024-05,MUN,RS|PASSO FUNDO,glp,18,113.0,107.097,114.3,103.0,115.0
2024-05,MUN,RS|PELOTAS,glp,16,100.0,97.5,104.5,96.9,108.0
2024-05,MUN,RS|PORTO ALEGRE,glp,20,103.0,99.0,110.5,95.0,115.0
2024-05,MUN,RS|SANTA CRUZ DO SUL,glp,14,100.0,98.0,104.0,94.0,104.5
2024-05,MUN,RS|SANTA MARIA,glp,20,105.0,100.9,110.99,98.0,119.9
2024-05,MUN,RS|SANTA ROSA,glp,9,109.0,100.0,109.6,100.0,110.0
2024-05,MUN,RS|SANTANA DO LIVRAMENTO,glp,8,118.5,102.5,120.0,102.5,120.0
2024-05,MUN,RS|SANTO ANGELO,glp,9,124.0,106.198,129.0,98.99,129.0
2024-05,MUN,RS|SAO GABRIEL,glp,9,110.0,110.0,111.0,110.0,115.0
2024-05,MUN,RS|SAO LUIZ GONZAGA,glp,8,101.25,100.0,116.25,100.0,125.0
2024-05,MUN,RS|SAPUCAIA DO SUL,glp,11,105.0,100.0,110.0,100.0,110.0
2024-05,MUN,RS|TORRES,glp,6,115.5,113.995,117.0,112.99,118.0
2024-05,MUN,RS|URUGUAIANA,glp,8,120.0,110.0,126.0,110.0,140.0
2024-05,MUN,RS|VACARIA,glp,8,109.75,104.7,113.0,104.0,113.0
2024-05,MUN,RS|VIAMAO,glp,13,100.0,100.0,110.0,99.9,115.0
2024-05,MUN,SC|ARARANGUA,glp,5,107.0,102.0,110.0,100.0,110.0
2024-05,MUN,SC|BALNEARIO CAMBORIU,glp,7,112.99,104.99,123.294,104.99,129.0
2024-05,MUN,SC|BIGUACU,glp,8,112.495,108.0,125.0,108.0,125.0
2024-05,MUN,SC|BLUMENAU,glp,12,105.495,99.9,122.755,92.995,124.9
2024-05,MUN,SC|BRUSQUE,glp,4,125.45,124.3,127.363,124.0,127.99
2024-05,MUN,SC|CACADOR,glp,9,116.0,99.998,131.0,99.99,135.0
2024-05,MUN,SC|CHAPECO,glp,13,125.0,123.4,138.0,123.0,140.0
2024-05,MUN,SC|CONCORDIA,glp,9,110.0,99.0,115.976,95.0,119.88
2024-05,MUN,SC|CRICIUMA,glp,9,115.0,105.0,116.0,105.0,116.0
2024-05,MUN,SC|FLORIANOPOLIS,glp,3,118.0,111.6,118.0,110.0,118.0
2024-05,MUN,SC|ITAJAI,glp,18,110.0,100.0,129.0,90.0,129.0
2024-05,MUN,SC|JARAGUA DO SUL,glp,2,101.445,100.209,102.681,99.9,102.99
2024-05,MUN,SC|JOINVILLE,glp,13,118.0,114.2,126.4,112.0,130.0
2024-05,MUN,SC|LAGES,glp,4,109.0,105.9,112.8,105.0,114.0
2024-05,MUN,SC|LAGUNA,glp,9,99.99,95.0,111.0,95.0,115.0
2024-05,MUN,SC|MAFRA,glp,10,120.0,114.5,120.0,110.0,120.0
2024-05,MUN,SC|PALHOCA,glp,4,108.5,105.6,117.0,105.0,120.0
2024-05,MUN,SC|SAO JOSE,glp,13,115.0,109.192,118.0,106.99,122.0
2024-05,MUN,SC|TUBARAO,glp,8,100.0,95.6,111.5,90.0,115.0
2024-05,MUN,SC|VIDEIRA,glp,8,119.5,112.1,126.5,110.0,130.0
2024-05,MUN,SC|XANXERE,glp,6,105.0,100.0,112.5,100.0,115.0
2024-05,MUN,SE|ARACAJU,glp,22,96.45,88.181,100.0,87.99,110.0
2024-05,MUN,SE|ITABAIANA,glp,8,102.5,98.5,105.0,95.0,105.0
2024-05,MUN,SE|LAGARTO,glp,8,100.0,98.5,100.0,95.0,100.0
2024-05,MUN,SE|NOSSA SENHORA DO SOCORRO,glp,13,93.99,89.992,99.592,87.99,100.0
2024-05,MUN,SP|ADAMANTINA,glp,9,93.0,84.6,100.0,83.0,100.0
2024-05,MUN,SP|AMERICANA,glp,10,97.495,89.99,105.999,89.99,114.99
2024-05,MUN,SP|AMPARO,glp,8,110.0,107.0,115.9,100.0,118.0
2024-05,MUN,SP|ARACATUBA,glp,21,85.99,79.99,95.0,75.0,100.0
2024-05,MUN,SP|ARARAQUARA,glp,17,110.0,96.0,115.0,89.99,115.0
2024-05,MUN,SP|ARARAS,glp,9,89.0,88.998,99.99,88.99,99.99
2024-05,MUN,SP|ASSIS,glp,11,105.0,84.9,105.0,84.9,120.0
2024-05,MUN,SP|ATIBAIA,glp,11,100.0,95.0,120.0,95.0,120.0
2024-05,MUN,SP|AVARE,glp,9,89.99,87.198,101.0,79.99,105.0
2024-05,MUN,SP|BARRETOS,glp,7,110.0,104.196,112.0,99.99,115.0
2024-05,MUN,SP|BARUERI,glp,12,99.99,90.5,104.999,89.99,109.99
2024-05,MUN,SP|BAURU,glp,15,90.0,87.26,108.0,84.99,110.0
2024-05,MUN,SP|BEBEDOURO,glp,9,104.995,89.99,111.0,89.99,115.0
2024-05,MUN,SP|BIRIGUI,glp,11,90.0,89.0,103.5,89.0,105.0
2024-05,MUN,SP|BOTUCATU,glp,10,92.495,89.455,101.0,85.0,110.0
2024-05,MUN,SP|BRAGANCA PAULISTA,glp,12,100.0,99.909,105.0,99.9,106.99
2024-05,MUN,SP|CACAPAVA,glp,8,94.99,88.49,99.99,84.99,99.99
2024-05,MUN,SP|CAMPINAS,glp,20,92.49,84.99,99.99,84.99,99.99
2024-05,MUN,SP|CARAGUATATUBA,glp,10,96.495,94.5,108.5,90.0,140.0
2024-05,MUN,SP|CARAPICUIBA,glp,16,96.0,92.49,102.495,89.99,105.0
2024-05,MUN,SP|CATANDUVA,glp,9,112.0,112.0,112.0,112.0,112.0
2024-05,MUN,SP|COSMOPOLIS,glp,8,84.99,84.99,91.5,84.99,95.0
2024-05,MUN,SP|COTIA,glp,9,110.0,98.99,120.6,94.99,123.0
2024-05,MUN,SP|CRUZEIRO,glp,8,86.995,79.997,93.6,79.99,95.0
2024-05,MUN,SP|CUBATAO,glp,9,115.0,103.992,117.0,100.0,125.0
2024-05,MUN,SP|DIADEMA,glp,10,97.495,89.99,111.091,89.99,121.0
2024-05,MUN,SP|DRACENA,glp,8,105.0,100.0,116.0,100.0,130.0
2024-05,MUN,SP|ELISIARIO,glp,1,90.0,90.0,90.0,90.0,90.0
2024-05,MUN,SP|EMBU DAS ARTES,glp,12,99.945,90.391,109.491,89.99,110.0
2024-05,MUN,SP|FRANCA,glp,15,94.99,89.99,106.8,89.99,115.0
2024-05,MUN,SP|GARCA,glp,8,100.0,98.43,100.0,95.0,100.0
2024-05,MUN,SP|GUARATINGUETA,glp,7,94.9,81.4,97.0,76.0,100.0
2024-05,MUN,SP|GUARUJA,glp,11,114.99,110.0,117.99,110.0,120.0
2024-05,MUN,SP|GUARULHOS,glp,17,94.99,86.794,105.0,80.0,110.0
2024-05,MUN,SP|HORTOLANDIA,glp,10,89.99,84.99,99.99,84.99,99.99
2024-05,MUN,SP|IBITINGA,glp,8,96.0,91.4,113.0,90.0,120.0
2024-05,MUN,SP|INDAIATUBA,glp,8,107.0,100.6,112.3,95.0,113.0
2024-05,MUN,SP|ITANHAEM,glp,9,108.0,99.972,110.2,99.9,111.0
2024-05,MUN,SP|ITAPECERICA DA SERRA,glp,8,99.99,89.99,101.193,89.99,104.0
2024-05,MUN,SP|ITAPETININGA,glp,7,115.0,110.0,115.0,110.0,115.0
2024-05,MUN,SP|ITAPEVA,glp,7,110.0,107.988,120.0,105.0,120.0
2024-05,MUN,SP|ITAPIRA,glp,7,97.0,94.2,107.0,93.0,110.0
2024-05,MUN,SP|ITAPOLIS,glp,8,111.0,105.0,115.9,105.0,118.0
2024-05,MUN,SP|ITAQUAQUECETUBA,glp,17,84.99,81.49,88.79,79.99,90.0
2024-05,MUN,SP|ITATIBA,glp,8,100.0,99.4,105.0,98.0,105.0
2024-05,MUN,SP|ITU,glp,7,110.0,104.2,112.4,103.0,116.0
2024-05,MUN,SP|JABOTICABAL,glp,9,99.99,95.592,107.0,90.0,107.0
2024-05,MUN,SP|JACAREI,glp,11,89.9,84.99,105.0,84.0,108.0
2024-05,MUN,SP|JALES,glp,10,90.0,89.999,90.995,89.99,99.95
2024-05,MUN,SP|JAU,glp,8,102.475,86.9,111.5,82.0,115.0
2024-05,MUN,SP|JOSE BONIFACIO,glp,8,98.0,90.0,98.6,90.0,100.0
2024-05,MUN,SP|JUNDIAI,glp,13,100.0,91.99,113.992,87.99,115.0
2024-05,MUN,SP|LEME,glp,8,92.0,88.5,106.9,85.0,123.0
2024-05,MUN,SP|LIMEIRA,glp,10,90.0,89.99,101.0,89.99,110.0
2024-05,MUN,SP|LINS,glp,7,89.99,82.996,112.5,79.99,120.0
2024-05,MUN,SP|LORENA,glp,8,82.495,74.997,96.5,74.99,100.0
2024-05,MUN,SP|MARILIA,glp,10,115.0,111.8,115.0,110.0,115.0
2024-05,MUN,SP|MATAO,glp,10,114.0,112.5,114.0,99.0,114.0
2024-05,MUN,SP|MAUA,glp,13,105.0,94.99,110.0,94.99,110.0
2024-05,MUN,SP|MIRASSOL,glp,8,99.99,95.0,101.493,95.0,105.0
2024-05,MUN,SP|MOCOCA,glp,8,105.0,99.393,110.0,98.0,110.0
2024-05,MUN,SP|MOGI DAS CRUZES,glp,10,94.995,89.59,105.0,85.99,105.0
2024-05,MUN,SP|MOGI GUACU,glp,7,99.99,97.8,99.99,96.0,99.99
2024-05,MUN,SP|MOGI MIRIM,glp,8,95.25,89.99,98.0,89.99,98.0
2024-05,MUN,SP|MONTE ALTO,glp,9,95.0,90.0,95.0,90.0,95.0
2024-05,MUN,SP|OLIMPIA,glp,10,85.0,85.0,90.0,85.0,90.0
2024-05,MUN,SP|OSASCO,glp,19,99.0,92.99,109.99,84.99,119.99
2024-05,MUN,SP|OURINHOS,glp,9,100.0,89.98,108.2,89.9,109.0
2024-05,MUN,SP|PARAGUACU PAULISTA,glp,6,102.5,95.0,110.0,90.0,110.0
2024-05,MUN,SP|PAULINIA,glp,8,100.0,94.99,100.0,94.99,100.0
2024-05,MUN,SP|PINDAMONHANGABA,glp,10,95.0,89.49,101.3,84.9,113.0
2024-05,MUN,SP|PIRACICABA,glp,16,99.99,86.49,110.0,84.99,115.0
2024-05,MUN,SP|PIRASSUNUNGA,glp,8,99.995,88.4,105.0,84.9,105.0
2024-05,MUN,SP|POA,glp,10,92.49,84.99,95.499,84.99,99.99
2024-05,MUN,SP|PORTO FERREIRA,glp,7,95.0,91.8,100.0,90.0,100.0
2024-05,MUN,SP|PRAIA GRANDE,glp,12,104.0,99.99,109.5,95.0,112.0
2024-05,MUN,SP|PRESIDENTE PRUDENTE,glp,16,99.99,89.99,106.95,89.9,108.0
2024-05,MUN,SP|RIBEIRAO PIRES,glp,8,89.99,87.4,94.5,87.4,105.0
2024-05,MUN,SP|RIBEIRAO PRETO,glp,17,97.0,94.996,104.994,84.99,109.99
2024-05,MUN,SP|RIO CLARO,glp,8,87.5,79.997,90.0,79.99,90.0
2024-05,MUN,SP|SALTO,glp,5,100.0,89.99,104.16,89.99,105.0
2024-05,MUN,SP|SANTA BARBARA D'OESTE,glp,12,95.0,84.996,95.0,84.99,100.0
2024-05,MUN,SP|SANTA CRUZ DO RIO PARDO,glp,9,108.0,106.392,110.0,100.0,110.0
2024-05,MUN,SP|SANTO ANDRE,glp,12,95.995,95.0,114.99,94.99,119.0
2024-05,MUN,SP|SANTOS,glp,14,115.0,109.263,119.9,100.0,122.0
2024-05,MUN,SP|SAO BERNARDO DO CAMPO,glp,6,104.99,94.0,109.495,93.0,113.0
2024-05,MUN,SP|SAO CAETANO DO SUL,glp,6,99.99,97.49,103.995,94.99,105.0
2024-05,MUN,SP|SAO CARLOS,glp,18,115.0,108.0,118.27,108.0,125.0
2024-05,MUN,SP|SAO JOAO DA BOA VISTA,glp,9,100.0,99.998,100.0,99.99,100.0
2024-05,MUN,SP|SAO JOSE DO RIO PRETO,glp,29,109.0,90.0,116.0,88.0,130.0
2024-05,MUN,SP|SAO JOSE DOS CAMPOS,glp,22,96.0,70.99,110.0,69.99,120.0
2024-05,MUN,SP|SAO PAULO,glp,66,100.0,94.99,119.99,84.99,125.0
2024-05,MUN,SP|SAO ROQUE,glp,7,94.99,84.99,104.2,84.99,106.0
2024-05,MUN,SP|SAO VICENTE,glp,14,106.0,99.99,109.9,94.99,110.0
2024-05,MUN,SP|SERTAOZINHO,glp,12,90.995,89.0,95.0,87.0,95.9
2024-05,MUN,SP|SOROCABA,glp,19,100.0,97.99,113.398,94.99,115.0
2024-05,MUN,SP|SUMARE,glp,13,94.99,84.992,120.0,74.99,120.0
2024-05,MUN,SP|SUZANO,glp,15,89.99,89.99,108.0,89.99,115.0
2024-05,MUN,SP|TABOAO DA SERRA,glp,8,93.995,89.393,102.99,88.0,109.99
2024-05,MUN,SP|TATUI,glp,8,100.0,99.997,106.5,99.99,110.0
2024-05,MUN,SP|TAUBATE,glp,12,86.95,79.99,94.5,78.0,96.0
2024-05,MUN,SP|TUPA,glp,5,95.0,95.0,109.0,95.0,115.0
2024-05,MUN,SP|UBATUBA,glp,12,96.5,85.0,104.5,84.9,110.0
2024-05,MUN,SP|VALINHOS,glp,9,99.0,93.99,101.92,93.99,110.0
2024-05,MUN,SP|VARZEA PAULISTA,glp,10,91.25,79.899,95.044,78.99,95.44
2024-05,MUN,SP|VINHEDO,glp,9,99.99,89.998,104.992,89.99,105.0
2024-05,MUN,SP|VOTORANTIM,glp,8,102.5,89.963,106.5,89.9,110.0
2024-05,MUN,SP|VOTUPORANGA,glp,12,94.5,90.0,99.9,87.0,99.9
2024-05,MUN,TO|ARAGUAINA,glp,19,120.0,120.0,120.0,120.0,125.0
2024-05,MUN,TO|GURUPI,glp,10,120.0,119.5,120.5,115.0,125.0
2024-05,MUN,TO|PALMAS,glp,19,120.0,118.0,125.4,110.0,130.0
2024-05,MUN,TO|PARAISO DO TOCANTINS,glp,9,120.0,119.0,120.0,115.0,120.0
2024-05,MUN,TO|PORTO NACIONAL,glp,7,115.0,113.0,117.0,110.0,120.0
2024-05,UF,AC,glp,46,117.0,109.0,124.5,102.0,127.0
2024-05,UF,AL,glp,62,95.0,87.09,100.0,84.0,112.5
2024-05,UF,AM,glp,121,125.0,113.0,135.0,110.0,152.0
2024-05,UF,AP,glp,31,112.0,100.0,120.0,100.0,122.0
2024-05,UF,BA,glp,297,110.0,94.594,125.0,79.495,150.0
2024-05,UF,CE,glp,136,100.0,90.0,108.5,84.99,117.0
2024-05,UF,DF,glp,48,95.0,89.99,99.99,82.99,119.99
2024-05,UF,ES,glp,138,96.75,85.0,105.0,74.99,115.0
2024-05,UF,GO,glp,245,100.0,89.666,116.8,79.99,130.0
2024-05,UF,MA,glp,136,100.0,99.9,120.0,88.0,125.0
2024-05,UF,MG,glp,625,100.0,85.0,115.0,74.99,150.0
2024-05,UF,MS,glp,110,110.0,98.0,120.25,90.0,135.5
2024-05,UF,MT,glp,122,115.0,94.909,140.0,85.0,145.0
2024-05,UF,PA,glp,179,110.0,95.0,125.0,79.99,145.0
2024-05,UF,PB,glp,79,100.0,90.0,110.0,79.9,120.0
2024-05,UF,PE,glp,189,85.0,80.0,105.0,75.0,120.0
2024-05,UF,PI,glp,61,95.0,90.0,105.0,84.99,115.0
2024-05,UF,PR,glp,389,97.5,85.0,115.0,77.9,125.0
2024-05,UF,RJ,glp,337,90.49,80.0,111.596,70.99,128.0
2024-05,UF,RN,glp,62,106.5,94.991,110.0,85.0,128.0
2024-05,UF,RO,glp,73,120.0,108.4,134.6,98.0,141.0
2024-05,UF,RR,glp,34,128.0,120.0,135.0,117.99,140.0
2024-05,UF,RS,glp,360,105.0,98.0,120.0,88.99,140.0
2024-05,UF,SC,glp,174,115.0,100.0,127.363,90.0,140.0
2024-05,UF,SE,glp,51,98.0,89.99,100.0,87.99,110.0
2024-05,UF,SP,glp,1191,99.99,86.0,114.99,69.99,140.0
2024-05,UF,TO,glp,64,120.0,115.0,125.0,110.0,130.0
2024-06,BR,BR,glp,5260,100.0,87.5,120.0,70.99,154.0
2024-06,MUN,AC|CRUZEIRO DO SUL,glp,10,120.0,118.0,120.5,118.0,125.0
2024-06,MUN,AC|RIO BRANCO,glp,36,115.0,105.0,125.0,104.0,127.0
2024-06,MUN,AL|ARAPIRACA,glp,12,90.0,85.199,90.0,84.99,95.0
2024-06,MUN,AL|DELMIRO GOUVEIA,glp,5,100.0,92.0,100.0,90.0,100.0
2024-06,MUN,AL|MACEIO,glp,33,95.0,85.0,100.0,84.0,110.0
2024-06,MUN,AL|PALMEIRA DOS INDIOS,glp,2,84.968,80.986,88.949,79.99,89.945
2024-06,MUN,AL|RIO LARGO,glp,8,95.0,95.0,96.5,95.0,100.0
2024-06,MUN,AM|ITACOATIARA,glp,12,130.0,124.1,135.0,116.99,135.0
2024-06,MUN,AM|MANACAPURU,glp,9,130.0,125.0,139.0,125.0,145.0
2024-06,MUN,AM|MANAUS,glp,85,120.0,112.0,129.6,110.0,140.0
2024-06,MUN,AM|PARINTINS,glp,10,125.0,125.0,125.0,125.0,125.0
2024-06,MUN,AM|TEFE,glp,3,150.0,150.0,153.2,150.0,154.0
2024-06,MUN,AP|MACAPA,glp,18,111.5,106.0,122.0,105.0,128.0
2024-06,MUN,AP|SANTANA,glp,13,105.0,100.0,120.0,100.0,120.0
2024-06,MUN,BA|AGUA FRIA,glp,1,120.0,120.0,120.0,120.0,120.0
2024-06,MUN,BA|ALAGOINHAS,glp,10,110.0,104.999,114.05,104.99,114.5
2024-06,MUN,BA|BARREIRAS,glp,9,140.0,137.0,140.0,135.0,140.0
2024-06,MUN,BA|BRUMADO,glp,4,106.0,105.0,112.6,105.0,115.0
2024-06,MUN,BA|CAETITE,glp,8,100.0,100.0,101.5,100.0,105.0
2024-06,MUN,BA|CAMACARI,glp,12,118.0,115.0,120.0,115.0,120.0
2024-06,MUN,BA|EUNAPOLIS,glp,8,112.495,102.1,115.0,100.0,115.0
2024-06,MUN,BA|FEIRA DE SANTANA,glp,17,94.99,92.0,101.0,92.0,104.0
2024-06,MUN,BA|GUANAMBI,glp,10,100.0,100.0,110.0,100.0,110.0
2024-06,MUN,BA|ILHEUS,glp,9,120.0,119.0,131.6,115.0,150.0
2024-06,MUN,BA|IPIRA,glp,5,100.0,100.0,100.0,100.0,100.0
2024-06,MUN,BA|IRECE,glp,9,110.0,108.0,110.8,100.0,114.0
2024-06,MUN,BA|ITABUNA,glp,9,105.0,99.6,111.0,98.0,115.0
2024-06,MUN,BA|ITAMARAJU,glp,8,102.5,94.25,106.5,92.5,110.0
2024-06,MUN,BA|JACOBINA,glp,2,126.0,125.2,126.8,125.0,127.0
2024-06,MUN,BA|JAGUAQUARA,glp,9,110.0,108.0,111.0,100.0,115.0
2024-06,MUN,BA|JEQUIE,glp,8,87.0,85.0,95.9,85.0,98.0
2024-06,MUN,BA|JUAZEIRO,glp,7,110.0,90.6,110.0,84.0,110.0
2024-06,MUN,BA|LAURO DE FREITAS,glp,11,115.0,102.495,120.0,99.0,125.0
2024-06,MUN,BA|LIVRAMENTO DE NOSSA SENHORA,glp,8,110.0,108.5,110.0,105.0,110.0
2024-06,MUN,BA|PAULO AFONSO,glp,10,95.0,88.9,100.3,88.0,103.0
2024-06,MUN,BA|POCOES,glp,8,100.0,98.0,106.5,98.0,110.0
2024-06,MUN,BA|PORTO SEGURO,glp,8,112.5,104.997,116.5,104.99,120.0
2024-06,MUN,BA|SALVADOR,glp,37,110.0,99.996,123.2,95.0,135.0
2024-06,MUN,BA|SANTO ANTONIO DE JESUS,glp,8,105.0,97.1,110.35,95.0,117.0
2024-06,MUN,BA|SENHOR DO BONFIM,glp,4,125.0,119.75,128.5,117.5,130.0
2024-06,MUN,BA|SERRINHA,glp,7,120.0,120.0,122.0,120.0,125.0
2024-06,MUN,BA|SIMOES FILHO,glp,9,107.99,100.0,118.998,100.0,134.99
2024-06,MUN,BA|TEIXEIRA DE FREITAS,glp,13,89.0,79.798,89.5,78.0,110.0
2024-06,MUN,BA|VALENCA,glp,8,120.0,120.0,120.0,120.0,120.0
2024-06,MUN,BA|VITORIA DA CONQUISTA,glp,11,105.0,97.99,115.0,97.99,115.0
2024-06,MUN,CE|CANINDE,glp,4,99.0,96.6,101.4,96.0,102.0
2024-06,MUN,CE|CAUCAIA,glp,13,95.0,86.99,100.0,84.99,105.0
2024-06,MUN,CE|CRATEUS,glp,8,101.75,93.5,110.0,90.0,110.0
2024-06,MUN,CE|CRATO,glp,6,100.0,95.0,106.75,90.0,108.0
2024-06,MUN,CE|FORTALEZA,glp,34,95.0,89.993,105.7,89.99,122.0
2024-06,MUN,CE|ICO,glp,5,105.0,97.0,112.0,95.0,112.0
2024-06,MUN,CE|IGUATU,glp,8,100.0,98.7,103.0,98.0,103.0
2024-06,MUN,CE|ITAPIPOCA,glp,8,105.0,93.5,111.5,90.0,115.0
2024-06,MUN,CE|JUAZEIRO DO NORTE,glp,14,106.0,103.6,108.95,98.0,110.0
2024-06,MUN,CE|LIMOEIRO DO NORTE,glp,7,105.0,89.978,105.0,89.945,105.0
2024-06,MUN,CE|MARACANAU,glp,10,100.0,95.299,105.0,79.99,105.0
2024-06,MUN,CE|QUIXADA,glp,8,95.0,87.34,101.5,86.99,105.0
2024-06,MUN,CE|SOBRAL,glp,6,98.95,98.0,105.0,98.0,105.0
2024-06,MUN,DF|BRASILIA,glp,48,95.0,89.0,99.99,84.99,119.99
2024-06,MUN,ES|ARACRUZ,glp,10,103.75,99.65,120.0,96.5,120.0
2024-06,MUN,ES|CACHOEIRO DE ITAPEMIRIM,glp,11,100.0,94.99,105.0,94.99,105.0
2024-06,MUN,ES|CARIACICA,glp,17,90.0,80.0,100.0,74.99,100.0
2024-06,MUN,ES|COLATINA,glp,12,95.0,85.5,95.0,80.0,100.0
2024-06,MUN,ES|GUARAPARI,glp,12,91.0,85.24,95.0,82.49,100.0
2024-06,MUN,ES|LINHARES,glp,16,110.0,100.0,111.0,100.0,115.0
2024-06,MUN,ES|SAO MATEUS,glp,12,103.0,99.99,105.0,99.99,105.0
2024-06,MUN,ES|SERRA,glp,20,89.99,84.799,95.5,80.0,100.0
2024-06,MUN,ES|VILA VELHA,glp,19,92.5,89.99,100.0,89.99,105.0
2024-06,MUN,ES|VITORIA,glp,8,97.495,90.0,100.0,90.0,100.0
2024-06,MUN,GO|AGUAS LINDAS DE GOIAS,glp,19,89.95,84.99,95.0,82.99,95.0
2024-06,MUN,GO|ANAPOLIS,glp,26,100.0,100.0,100.0,95.0,110.0
2024-06,MUN,GO|APARECIDA DE GOIANIA,glp,31,100.0,90.0,110.0,84.99,115.0
2024-06,MUN,GO|CALDAS NOVAS,glp,12,105.0,100.0,110.0,98.0,110.0
2024-06,MUN,GO|CATALAO,glp,9,105.0,100.0,110.0,100.0,110.0
2024-06,MUN,GO|FORMOSA,glp,9,100.0,95.0,115.6,95.0,118.0
2024-06,MUN,GO|GOIANIA,glp,40,100.0,89.999,110.0,80.0,130.0
2024-06,MUN,GO|GOIATUBA,glp,6,120.0,110.0,120.0,105.0,120.0
2024-06,MUN,GO|ITUMBIARA,glp,9,110.0,104.8,120.0,104.0,120.0
2024-06,MUN,GO|JATAI,glp,9,120.0,115.0,123.0,115.0,125.0
2024-06,MUN,GO|LUZIANIA,glp,14,98.5,88.298,100.0,85.49,100.0
2024-06,MUN,GO|MINEIROS,glp,10,118.0,118.0,118.0,118.0,118.0
2024-06,MUN,GO|MORRINHOS,glp,7,98.0,94.56,104.0,93.9,110.0
2024-06,MUN,GO|PORANGATU,glp,8,110.0,109.4,116.5,108.0,120.0
2024-06,MUN,GO|RIO VERDE,glp,14,110.0,100.0,115.0,85.0,115.0
2024-06,MUN,GO|TRINDADE,glp,22,90.0,86.39,100.0,85.0,100.0
2024-06,MUN,GO|VALPARAISO DE GOIAS,glp,11,90.0,85.0,99.0,77.99,99.99
2024-06,MUN,MA|ACAILANDIA,glp,10,100.0,94.3,100.0,88.0,100.0
2024-06,MUN,MA|BACABAL,glp,7,110.0,110.0,112.0,110.0,115.0
2024-06,MUN,MA|BALSAS,glp,7,120.0,120.0,125.0,120.0,125.0
2024-06,MUN,MA|BARRA DO CORDA,glp,9,110.0,109.5,110.0,107.5,110.0
2024-06,MUN,MA|CAXIAS,glp,10,97.5,95.0,105.5,95.0,110.0
2024-06,MUN,MA|CODO,glp,8,115.0,115.0,115.0,115.0,115.0
2024-06,MUN,MA|IMPERATRIZ,glp,16,100.0,99.99,105.0,95.0,105.0
2024-06,MUN,MA|PINHEIRO,glp,9,120.0,120.0,120.0,120.0,120.0
2024-06,MUN,MA|PRESIDENTE DUTRA,glp,5,112.5,107.0,115.0,105.0,115.0
2024-06,MUN,MA|SAO JOSE DE RIBAMAR,glp,14,99.9,99.27,99.99,79.99,99.99
2024-06,MUN,MA|SAO LUIS,glp,39,99.99,99.9,100.0,89.9,107.49
2024-06,MUN,MG|ALFENAS,glp,9,95.0,82.992,98.4,75.0,100.0
2024-06,MUN,MG|ARAGUARI,glp,9,100.0,98.2,103.6,95.0,108.0
2024-06,MUN,MG|ARAXA,glp,8,88.5,87.1,90.0,85.0,90.0
2024-06,MUN,MG|BARBACENA,glp,8,98.0,96.85,100.0,96.5,100.0
2024-06,MUN,MG|BELO HORIZONTE,glp,34,99.495,89.99,119.7,79.99,129.0
2024-06,MUN,MG|BETIM,glp,17,110.0,89.996,110.0,88.9,150.0
2024-06,MUN,MG|BOM DESPACHO,glp,8,95.0,90.0,105.93,90.0,120.0
2024-06,MUN,MG|CAMPO BELO,glp,8,100.0,100.0,107.5,100.0,107.5
2024-06,MUN,MG|CARATINGA,glp,8,105.0,99.997,113.0,99.99,120.0
2024-06,MUN,MG|CONGONHAS,glp,9,100.0,93.99,108.6,89.99,115.0
2024-06,MUN,MG|CONSELHEIRO LAFAIETE,glp,9,93.0,85.0,94.992,85.0,95.0
2024-06,MUN,MG|CONTAGEM,glp,22,99.995,85.4,115.0,80.0,118.0
2024-06,MUN,MG|CORONEL FABRICIANO,glp,11,120.0,110.0,125.0,105.0,125.0
2024-06,MUN,MG|CURVELO,glp,9,85.0,78.0,91.2,78.0,100.0
2024-06,MUN,MG|DIVINOPOLIS,glp,11,100.0,89.9,100.0,84.0,120.0
2024-06,MUN,MG|FORMIGA,glp,8,93.75,85.0,98.25,85.0,100.0
2024-06,MUN,MG|FRUTAL,glp,7,94.99,92.996,94.99,92.99,94.99
2024-06,MUN,MG|GOVERNADOR VALADARES,glp,16,111.5,110.0,120.0,105.0,130.0
2024-06,MUN,MG|GUAXUPE,glp,10,79.995,79.32,86.0,75.0,95.0
2024-06,MUN,MG|IPATINGA,glp,9,103.0,88.992,110.6,85.0,113.0
2024-06,MUN,MG|ITAJUBA,glp,10,88.75,83.991,92.5,75.0,115.0
2024-06,MUN,MG|ITAUNA,glp,10,102.5,94.8,109.1,93.0,110.0
2024-06,MUN,MG|ITUIUTABA,glp,11,90.0,85.0,100.0,85.0,108.0
2024-06,MUN,MG|JANAUBA,glp,8,105.0,103.5,105.0,100.0,105.0
2024-06,MUN,MG|JANUARIA,glp,9,118.0,115.0,120.0,115.0,120.0
2024-06,MUN,MG|JOAO MONLEVADE,glp,10,105.0,99.5,110.0,95.0,110.0
2024-06,MUN,MG|JOAO PINHEIRO,glp,8,108.5,105.0,115.0,105.0,115.0
2024-06,MUN,MG|JUIZ DE FORA,glp,19,84.99,77.792,90.0,74.99,96.0
2024-06,MUN,MG|LAVRAS,glp,8,100.0,97.8,100.0,95.0,100.0
2024-06,MUN,MG|LEOPOLDINA,glp,10,100.0,94.5,101.0,90.0,110.0
2024-06,MUN,MG|MANHUACU,glp,7,100.0,95.94,110.0,90.0,110.0
2024-06,MUN,MG|MONTE CARMELO,glp,8,90.0,90.0,91.5,90.0,95.0
2024-06,MUN,MG|MONTES CLAROS,glp,34,101.25,94.99,113.5,94.0,125.0
2024-06,MUN,MG|MURIAE,glp,7,100.0,95.1,109.1,93.0,113.0
2024-06,MUN,MG|NOVA LIMA,glp,9,103.0,98.4,106.0,92.0,110.0
2024-06,MUN,MG|OLIVEIRA,glp,7,100.0,93.0,100.0,93.0,100.0
2024-06,MUN,MG|OURO PRETO,glp,5,105.0,81.94,111.8,79.9,113.0
2024-06,MUN,MG|PARA DE MINAS,glp,7,99.0,95.0,106.76,95.0,116.9
2024-06,MUN,MG|PARACATU,glp,10,100.0,95.9,100.5,95.0,105.0
2024-06,MUN,MG|PASSOS,glp,10,100.0,95.0,105.5,95.0,110.0
2024-06,MUN,MG|PATOS DE MINAS,glp,11,95.0,90.0,100.0,90.0,100.0
2024-06,MUN,MG|PATROCINIO,glp,6,92.5,87.5,100.0,85.0,100.0
2024-06,MUN,MG|POCOS DE CALDAS,glp,9,107.99,105.0,110.0,105.0,118.0
2024-06,MUN,MG|POUSO ALEGRE,glp,13,90.0,81.6,97.4,79.99,98.0
2024-06,MUN,MG|SABARA,glp,9,100.0,93.992,115.0,90.0,115.0
2024-06,MUN,MG|SAO JOAO DEL REI,glp,9,98.0,84.99,100.0,84.99,100.0
2024-06,MUN,MG|SAO SEBASTIAO DO PARAISO,glp,10,90.0,90.0,100.0,90.0,100.0
2024-06,MUN,MG|SETE LAGOAS,glp,12,92.5,89.09,109.5,85.0,117.0
2024-06,MUN,MG|TEOFILO OTONI,glp,12,110.0,105.0,114.5,99.99,119.0
2024-06,MUN,MG|TIMOTEO,glp,6,100.0,97.5,110.0,95.0,115.0
2024-06,MUN,MG|TRES CORACOES,glp,10,86.5,79.99,90.5,79.99,95.0
2024-06,MUN,MG|UBA,glp,4,100.0,99.993,103.5,99.99,105.0
2024-06,MUN,MG|UBERABA,glp,20,90.0,84.5,100.5,79.99,105.0
2024-06,MUN,MG|UBERLANDIA,glp,24,98.745,85.0,106.746,80.0,125.0
2024-06,MUN,MG|UNAI,glp,10,120.0,120.0,120.0,120.0,120.0
2024-06,MUN,MG|VARGINHA,glp,9,85.0,80.0,101.2,80.0,110.0
2024-06,MUN,MG|VICOSA,glp,9,107.5,99.998,112.2,99.99,115.0
2024-06,MUN,MS|CAMPO GRANDE,glp,49,109.0,94.392,110.5,89.0,135.5
2024-06,MUN,MS|CORUMBA,glp,7,115.0,110.0,122.6,110.0,125.0
2024-06,MUN,MS|COXIM,glp,10,125.0,120.0,127.5,120.0,127.5
2024-06,MUN,MS|DOURADOS,glp,19,105.0,99.592,121.0,98.0,130.0
2024-06,MUN,MS|NOVA ANDRADINA,glp,8,105.0,99.7,110.0,99.0,110.0
2024-06,MUN,MS|PONTA PORA,glp,8,114.25,106.45,116.5,104.0,120.0
2024-06,MUN,MS|TRES LAGOAS,glp,11,115.0,110.0,115.0,110.0,135.0
2024-06,MUN,MT|ALTA FLORESTA,glp,8,140.0,135.0,143.6,135.0,145.0
2024-06,MUN,MT|CACERES,glp,13,99.995,99.99,102.499,99.99,104.5
2024-06,MUN,MT|CUIABA,glp,35,114.0,91.19,128.0,85.0,140.0
2024-06,MUN,MT|RONDONOPOLIS,glp,5,110.0,110.0,125.0,110.0,125.0
2024-06,MUN,MT|SINOP,glp,16,140.0,132.5,141.25,130.0,145.0
2024-06,MUN,MT|SORRISO,glp,13,128.0,121.0,137.4,120.0,145.0
2024-06,MUN,MT|VARZEA GRANDE,glp,26,105.0,89.99,115.0,85.0,120.0
2024-06,MUN,PA|ABAETETUBA,glp,8,95.0,95.0,98.0,95.0,105.0
2024-06,MUN,PA|ALENQUER,glp,5,110.0,108.8,110.0,108.0,110.0
2024-06,MUN,PA|ALTAMIRA,glp,8,110.0,110.0,115.9,110.0,118.0
2024-06,MUN,PA|ANANINDEUA,glp,2,92.0,92.0,92.0,92.0,92.0
2024-06,MUN,PA|BELEM,glp,22,109.998,99.991,120.0,99.99,126.0
2024-06,MUN,PA|BRAGANCA,glp,6,110.0,105.0,110.0,105.0,110.0
2024-06,MUN,PA|CAMETA,glp,1,114.0,114.0,114.0,114.0,114.0
2024-06,MUN,PA|CASTANHAL,glp,11,99.0,93.0,105.0,91.99,105.0
2024-06,MUN,PA|CONCEICAO DO ARAGUAIA,glp,6,110.0,110.0,110.0,110.0,110.0
2024-06,MUN,PA|ITAITUBA,glp,9,125.0,120.0,128.0,100.0,130.0
2024-06,MUN,PA|MARABA,glp,14,115.0,110.0,119.097,107.99,130.0
2024-06,MUN,PA|PARAGOMINAS,glp,8,140.0,132.25,141.5,120.0,145.0
2024-06,MUN,PA|PARAUAPEBAS,glp,11,125.0,109.99,130.0,109.99,135.0
2024-06,MUN,PA|REDENCAO,glp,2,113.5,110.7,116.3,110.0,117.0
2024-06,MUN,PA|SANTAREM,glp,22,95.0,83.0,100.0,79.99,100.0
2024-06,MUN,PA|XINGUARA,glp,7,120.0,113.0,120.0,110.0,120.0
2024-06,MUN,PB|BAYEUX,glp,8,94.5,89.097,97.25,79.99,102.5
2024-06,MUN,PB|CABEDELO,glp,8,105.0,99.997,105.65,99.99,106.0
2024-06,MUN,PB|CAMPINA GRANDE,glp,13,100.0,91.0,110.0,83.0,120.0
2024-06,MUN,PB|JOAO PESSOA,glp,34,100.0,90.0,110.0,79.99,110.0
2024-06,MUN,PB|PATOS,glp,8,108.0,105.0,110.0,105.0,110.0
2024-06,MUN,PB|SOUSA,glp,5,100.0,100.0,100.0,100.0,100.0
2024-06,MUN,PE|ARARIPINA,glp,9,115.0,113.0,116.0,105.0,120.0
2024-06,MUN,PE|ARCOVERDE,glp,8,88.74,83.497,89.99,79.99,89.99
2024-06,MUN,PE|BELO JARDIM,glp,8,83.995,80.0,86.495,80.0,86.495
2024-06,MUN,PE|CABO DE SANTO AGOSTINHO,glp,10,85.0,84.491,92.75,80.0,95.0
2024-06,MUN,PE|CARUARU,glp,16,80.0,78.0,80.0,76.0,80.0
2024-06,MUN,PE|GARANHUNS,glp,8,89.992,89.99,91.5,89.99,95.0
2024-06,MUN,PE|GOIANA,glp,8,90.0,83.65,100.0,80.5,100.0
2024-06,MUN,PE|IGARASSU,glp,9,89.99,80.0,100.0,80.0,100.0
2024-06,MUN,PE|JABOATAO DOS GUARARAPES,glp,15,92.5,85.0,98.0,84.99,114.0
2024-06,MUN,PE|LAJEDO,glp,5,90.0,88.5,90.0,87.5,90.0
2024-06,MUN,PE|OLINDA,glp,13,85.0,80.998,90.0,80.0,120.0
2024-06,MUN,PE|PAULISTA,glp,12,87.5,80.491,94.5,79.99,95.0
2024-06,MUN,PE|PETROLINA,glp,17,102.0,94.0,106.96,85.495,120.0
2024-06,MUN,PE|RECIFE,glp,19,83.99,79.39,91.0,75.0,100.0
2024-06,MUN,PE|SALGUEIRO,glp,6,105.0,100.0,105.0,100.0,105.0
2024-06,MUN,PE|SANTA CRUZ DO CAPIBARIBE,glp,5,100.0,100.0,100.0,100.0,100.0
2024-06,MUN,PE|SERRA TALHADA,glp,7,110.0,108.0,111.2,105.0,113.0
2024-06,MUN,PE|VITORIA DE SANTO ANTAO,glp,9,85.0,81.6,85.5,80.0,87.5
2024-06,MUN,PI|PARNAIBA,glp,9,105.0,98.99,115.0,94.99,115.0
2024-06,MUN,PI|PICOS,glp,8,91.25,90.0,96.497,90.0,99.99
2024-06,MUN,PI|PIRIPIRI,glp,7,109.99,99.99,115.0,99.99,115.0
2024-06,MUN,PI|TERESINA,glp,36,95.0,89.995,100.0,86.5,105.0
2024-06,MUN,PR|APUCARANA,glp,13,90.0,89.9,99.99,89.5,99.995
2024-06,MUN,PR|ARAPONGAS,glp,12,98.925,92.3,99.999,89.9,100.0
2024-06,MUN,PR|ARAUCARIA,glp,13,90.0,90.0,95.0,89.9,95.0
2024-06,MUN,PR|ASSIS CHATEAUBRIAND,glp,4,113.75,105.73,119.25,103.9,120.0
2024-06,MUN,PR|CAMBE,glp,8,100.0,97.1,109.5,95.0,120.0
2024-06,MUN,PR|CAMPO LARGO,glp,13,85.0,79.558,90.0,74.95,95.0
2024-06,MUN,PR|CAMPO MOURAO,glp,8,108.745,103.5,112.9,100.0,115.0
2024-06,MUN,PR|CASCAVEL,glp,18,107.5,97.1,116.5,95.0,120.0
2024-06,MUN,PR|CASTRO,glp,2,105.0,105.0,105.0,105.0,105.0
2024-06,MUN,PR|CIANORTE,glp,8,97.45,79.9,100.0,79.9,100.0
2024-06,MUN,PR|COLOMBO,glp,18,86.495,81.97,90.0,79.9,90.0
2024-06,MUN,PR|CORNELIO PROCOPIO,glp,8,110.0,108.5,111.5,105.0,115.0
2024-06,MUN,PR|CURITIBA,glp,56,89.45,80.0,99.0,78.9,104.9
2024-06,MUN,PR|FOZ DO IGUACU,glp,19,110.0,105.0,110.0,100.0,113.0
2024-06,MUN,PR|FRANCISCO BELTRAO,glp,8,112.0,95.7,118.0,95.0,125.0
2024-06,MUN,PR|GUARAPUAVA,glp,13,105.0,102.2,108.9,95.0,115.0
2024-06,MUN,PR|IVAIPORA,glp,1,120.0,120.0,120.0,120.0,120.0
2024-06,MUN,PR|LONDRINA,glp,20,95.0,90.0,101.0,88.0,118.0
2024-06,MUN,PR|MARECHAL CANDIDO RONDON,glp,8,99.9,96.75,106.0,95.0,120.0
2024-06,MUN,PR|MARINGA,glp,19,100.0,96.92,125.0,85.0,125.0
2024-06,MUN,PR|PALOTINA,glp,1,105.0,105.0,105.0,105.0,105.0
2024-06,MUN,PR|PARANAGUA,glp,9,94.99,79.6,95.592,78.0,98.0
2024-06,MUN,PR|PARANAVAI,glp,9,94.99,89.28,103.0,86.4,115.0
2024-06,MUN,PR|PATO BRANCO,glp,6,118.5,116.5,119.5,115.0,120.0
2024-06,MUN,PR|PINHAIS,glp,2,100.0,98.4,101.6,98.0,102.0
2024-06,MUN,PR|PONTA GROSSA,glp,7,98.0,92.96,105.5,89.9,110.0
2024-06,MUN,PR|QUEDAS DO IGUACU,glp,1,110.0,110.0,110.0,110.0,110.0
2024-06,MUN,PR|SANTO ANTONIO DA PLATINA,glp,8,110.0,105.35,113.0,105.0,113.0
2024-06,MUN,PR|SAO JOSE DOS PINHAIS,glp,2,87.45,85.41,89.49,84.9,90.0
2024-06,MUN,PR|TOLEDO,glp,14,104.0,98.3,118.5,98.0,120.0
2024-06,MUN,PR|UMUARAMA,glp,8,100.0,93.567,104.3,87.9,105.0
2024-06,MUN,PR|UNIAO DA VITORIA,glp,9,98.0,94.799,106.0,93.995,110.0
2024-06,MUN,RJ|ANGRA DOS REIS,glp,9,115.0,114.718,115.6,113.99,118.0
2024-06,MUN,RJ|ARARUAMA,glp,8,80.0,79.99,84.993,79.99,85.0
2024-06,MUN,RJ|BARRA DO PIRAI,glp,7,99.99,97.816,103.194,94.99,105.0
2024-06,MUN,RJ|BARRA MANSA,glp,8,97.45,92.465,101.5,84.45,105.0
2024-06,MUN,RJ|BELFORD ROXO,glp,9,85.0,83.992,95.998,80.0,99.99
2024-06,MUN,RJ|CABO FRIO,glp,9,87.99,83.992,92.992,80.0,93.0
2024-06,MUN,RJ|CAMPOS DOS GOYTACAZES,glp,12,83.495,79.09,91.8,76.0,95.0
2024-06,MUN,RJ|DUQUE DE CAXIAS,glp,18,88.0,82.69,91.497,81.99,94.99
2024-06,MUN,RJ|ITABORAI,glp,13,91.99,90.0,92.0,85.0,97.0
2024-06,MUN,RJ|ITAGUAI,glp,5,120.5,117.0,124.5,115.0,124.5
2024-06,MUN,RJ|ITAPERUNA,glp,7,88.0,88.0,88.0,88.0,88.0
2024-06,MUN,RJ|MACAE,glp,12,125.0,124.996,125.0,123.5,126.99
2024-06,MUN,RJ|MAGE,glp,10,84.99,82.699,85.499,79.99,89.99
2024-06,MUN,RJ|MARICA,glp,9,90.0,78.998,96.0,74.99,100.0
2024-06,MUN,RJ|NILOPOLIS,glp,8,100.0,99.99,101.5,99.99,105.0
2024-06,MUN,RJ|NITEROI,glp,9,87.99,77.79,96.398,76.99,97.99
2024-06,MUN,RJ|NOVA FRIBURGO,glp,8,87.0,83.497,91.5,79.99,95.0
2024-06,MUN,RJ|NOVA IGUACU,glp,19,90.0,84.99,105.0,79.99,105.0
2024-06,MUN,RJ|PETROPOLIS,glp,10,96.0,89.999,100.2,89.99,102.0
2024-06,MUN,RJ|RESENDE,glp,9,105.0,99.99,115.0,99.99,115.0
2024-06,MUN,RJ|RIO BONITO,glp,8,84.495,79.7,87.19,79.0,89.99
2024-06,MUN,RJ|RIO DE JANEIRO,glp,37,94.99,89.0,101.596,80.0,120.0
2024-06,MUN,RJ|SANTO ANTONIO DE PADUA,glp,5,97.0,83.0,109.0,83.0,115.0
2024-06,MUN,RJ|SAO FRANCISCO DE ITABAPOANA,glp,8,95.0,88.05,101.5,83.5,105.0
2024-06,MUN,RJ|SAO GONCALO,glp,3,89.99,85.99,109.998,84.99,115.0
2024-06,MUN,RJ|SAO JOAO DE MERITI,glp,12,88.0,80.29,99.691,77.99,108.0
2024-06,MUN,RJ|SAQUAREMA,glp,8,91.495,88.493,96.6,85.0,98.0
2024-06,MUN,RJ|TERESOPOLIS,glp,9,114.9,102.0,116.0,90.0,120.0
2024-06,MUN,RJ|TRES RIOS,glp,10,84.99,79.99,85.499,79.99,89.99
2024-06,MUN,RJ|VALENCA,glp,7,90.0,90.0,90.0,90.0,90.0
2024-06,MUN,RJ|VOLTA REDONDA,glp,12,94.95,93.9,105.809,93.9,107.0
2024-06,MUN,RN|CAICO,glp,8,108.0,108.0,108.0,108.0,108.0
2024-06,MUN,RN|MOSSORO,glp,15,100.0,88.996,103.0,85.0,110.0
2024-06,MUN,RN|NATAL,glp,21,100.0,90.0,110.0,85.0,128.0
2024-06,MUN,RN|PARNAMIRIM,glp,17,110.0,99.6,110.6,90.0,115.0
2024-06,MUN,RO|ARIQUEMES,glp,8,125.0,120.8,128.6,118.0,130.0
2024-06,MUN,RO|CACOAL,glp,9,132.0,130.0,133.4,130.0,139.0
2024-06,MUN,RO|JI-PARANA,glp,12,119.0,116.99,120.0,115.0,121.0
2024-06,MUN,RO|PIMENTA BUENO,glp,5,141.0,136.2,141.0,133.0,141.0
2024-06,MUN,RO|PORTO VELHO,glp,30,113.0,105.0,117.3,100.0,128.0
2024-06,MUN,RO|VILHENA,glp,9,123.0,119.9,135.0,119.9,135.0
2024-06,MUN,RR|BOA VISTA,glp,34,128.5,120.0,135.0,117.99,140.0
2024-06,MUN,RS|ALEGRETE,glp,8,109.0,97.8,110.0,95.0,110.0
2024-06,MUN,RS|ALVORADA,glp,10,105.0,91.799,110.0,89.99,110.0
2024-06,MUN,RS|BAGE,glp,12,119.0,109.1,123.15,109.0,123.5
2024-06,MUN,RS|BENTO GONCALVES,glp,8,125.0,115.6,125.0,110.0,125.0
2024-06,MUN,RS|CACHOEIRA DO SUL,glp,9,98.0,90.0,100.0,90.0,100.0
2024-06,MUN,RS|CACHOEIRINHA,glp,8,99.95,97.55,101.5,96.5,105.0
2024-06,MUN,RS|CANOAS,glp,22,100.0,99.909,105.0,98.0,110.0
2024-06,MUN,RS|CAXIAS DO SUL,glp,23,99.0,99.0,105.0,99.0,115.0
2024-06,MUN,RS|CRUZ ALTA,glp,8,95.0,95.0,103.0,95.0,103.0
2024-06,MUN,RS|ERECHIM,glp,11,123.0,122.0,128.0,120.0,130.0
2024-06,MUN,RS|ESTEIO,glp,8,100.0,99.4,109.65,98.0,110.0
2024-06,MUN,RS|FARROUPILHA,glp,1,125.0,125.0,125.0,125.0,125.0
2024-06,MUN,RS|GRAMADO,glp,8,119.0,106.746,125.9,105.0,128.0
2024-06,MUN,RS|GRAVATAI,glp,16,104.45,100.0,106.5,97.0,108.0
2024-06,MUN,RS|GUAIBA,glp,8,100.0,98.5,104.1,95.0,109.0
2024-06,MUN,RS|IJUI,glp,10,102.45,94.709,119.1,92.99,120.0
2024-06,MUN,RS|LAJEADO,glp,8,100.0,99.9,115.6,99.9,117.0
2024-06,MUN,RS|NOVO HAMBURGO,glp,13,99.0,95.0,101.9,95.0,104.0
2024-06,MUN,RS|OSORIO,glp,8,97.45,92.693,99.93,92.0,100.0
2024-06,MUN,RS|PASSO FUNDO,glp,19,111.0,107.8,114.2,104.99,115.0
2024-06,MUN,RS|PELOTAS,glp,19,100.0,96.98,105.4,96.9,108.0
2024-06,MUN,RS|PORTO ALEGRE,glp,21,108.0,100.0,110.0,99.9,125.0
2024-06,MUN,RS|RIO GRANDE,glp,12,134.0,130.0,135.0,125.0,135.0
2024-06,MUN,RS|SANTA CRUZ DO SUL,glp,15,100.0,98.0,100.0,98.0,105.0
2024-06,MUN,RS|SANTA MARIA,glp,21,105.0,102.0,110.0,98.0,119.9
2024-06,MUN,RS|SANTA ROSA,glp,8,109.0,100.0,110.0,100.0,110.0
2024-06,MUN,RS|SANTANA DO LIVRAMENTO,glp,8,117.5,112.0,119.3,105.0,120.0
2024-06,MUN,RS|SANTO ANGELO,glp,8,124.5,112.0,126.95,105.0,128.0
2024-06,MUN,RS|SAO GABRIEL,glp,9,110.0,110.0,111.0,110.0,115.0
2024-06,MUN,RS|SAO LEOPOLDO,glp,11,100.0,95.0,104.0,95.0,105.0
2024-06,MUN,RS|SAO LUIZ GONZAGA,glp,8,101.25,100.0,118.0,100.0,125.0
2024-06,MUN,RS|SAPIRANGA,glp,8,106.0,100.0,110.0,100.0,110.0
2024-06,MUN,RS|SAPUCAIA DO SUL,glp,12,105.0,100.0,106.8,100.0,110.0
2024-06,MUN,RS|TORRES,glp,6,115.5,113.995,117.0,112.99,118.0
2024-06,MUN,RS|URUGUAIANA,glp,8,120.0,110.0,126.0,110.0,140.0
2024-06,MUN,RS|VACARIA,glp,8,109.75,104.7,113.0,104.0,113.0
2024-06,MUN,RS|VIAMAO,glp,14,106.95,95.75,110.0,95.0,115.0
2024-06,MUN,SC|ARARANGUA,glp,5,106.0,100.0,110.0,100.0,110.0
2024-06,MUN,SC|BALNEARIO CAMBORIU,glp,7,112.99,104.99,119.394,104.99,129.0
2024-06,MUN,SC|BIGUACU,glp,9,114.99,108.0,125.0,108.0,125.0
2024-06,MUN,SC|BLUMENAU,glp,13,100.0,99.9,124.12,95.0,125.0
2024-06,MUN,SC|BRUSQUE,glp,3,125.0,123.392,125.72,122.99,125.9
2024-06,MUN,SC|CACADOR,glp,9,116.0,99.998,131.0,99.99,135.0
2024-06,MUN,SC|CHAPECO,glp,14,125.0,125.0,139.4,123.0,140.0
2024-06,MUN,SC|CONCORDIA,glp,9,109.99,99.0,111.0,95.0,115.0
2024-06,MUN,SC|CRICIUMA,glp,8,115.0,108.5,116.0,105.0,116.0
2024-06,MUN,SC|FLORIANOPOLIS,glp,3,123.0,123.0,123.0,123.0,123.0
2024-06,MUN,SC|ITAJAI,glp,18,110.25,100.0,129.0,89.0,129.0
2024-06,MUN,SC|JARAGUA DO SUL,glp,3,96.0,90.4,99.12,89.0,99.9
2024-06,MUN,SC|JOINVILLE,glp,13,118.0,115.0,128.6,114.9,130.0
2024-06,MUN,SC|LAGUNA,glp,8,102.495,97.5,108.0,97.5,115.0
2024-06,MUN,SC|MAFRA,glp,10,119.0,104.146,120.0,96.5,120.0
2024-06,MUN,SC|PALHOCA,glp,8,107.5,105.0,124.993,105.0,125.0
2024-06,MUN,SC|SAO JOSE,glp,14,115.0,107.893,122.2,99.99,125.0
2024-06,MUN,SC|TUBARAO,glp,8,100.0,95.6,111.5,90.0,115.0
2024-06,MUN,SC|VIDEIRA,glp,8,119.5,112.8,126.5,110.0,130.0
2024-06,MUN,SC|XANXERE,glp,6,105.0,100.0,115.0,100.0,115.0
2024-06,MUN,SE|ARACAJU,glp,22,94.95,87.99,100.0,87.45,110.0
2024-06,MUN,SE|ITABAIANA,glp,8,102.5,98.5,105.0,95.0,105.0
2024-06,MUN,SE|LAGARTO,glp,8,100.0,98.5,100.0,95.0,100.0
2024-06,MUN,SE|NOSSA SENHORA DO SOCORRO,glp,13,93.0,89.992,99.592,87.99,100.0
2024-06,MUN,SP|ADAMANTINA,glp,8,93.0,84.4,98.565,83.0,100.0
2024-06,MUN,SP|AMERICANA,glp,9,99.99,89.99,106.998,89.99,114.99
2024-06,MUN,SP|AMPARO,glp,8,118.0,107.0,118.0,100.0,118.0
2024-06,MUN,SP|ARACATUBA,glp,21,86.0,79.99,89.99,75.0,95.0
2024-06,MUN,SP|ARARAQUARA,glp,18,110.0,99.997,115.0,89.99,115.0
2024-06,MUN,SP|ARARAS,glp,9,89.0,88.998,99.99,88.99,99.99
2024-06,MUN,SP|ASSIS,glp,12,105.0,93.25,105.0,91.4,120.0
2024-06,MUN,SP|ATIBAIA,glp,11,105.0,97.5,120.0,96.0,120.0
2024-06,MUN,SP|AVARE,glp,9,89.99,87.198,92.0,79.99,100.0
2024-06,MUN,SP|BARRETOS,glp,7,110.0,104.196,112.0,99.99,115.0
2024-06,MUN,SP|BARUERI,glp,12,99.99,90.799,104.999,89.99,109.495
2024-06,MUN,SP|BAURU,glp,15,90.0,87.852,108.0,84.99,110.0
2024-06,MUN,SP|BEBEDOURO,glp,9,99.99,88.99,111.0,84.99,115.0
2024-06,MUN,SP|BIRIGUI,glp,11,97.0,95.0,105.0,89.0,105.0
2024-06,MUN,SP|BOTUCATU,glp,11,92.475,89.99,105.0,89.95,110.0
2024-06,MUN,SP|BRAGANCA PAULISTA,glp,12,100.0,99.909,105.0,99.9,106.99
2024-06,MUN,SP|CACAPAVA,glp,8,94.99,88.84,99.99,84.99,99.99
2024-06,MUN,SP|CAMPINAS,glp,20,89.99,84.99,99.99,84.99,99.99
2024-06,MUN,SP|CARAGUATATUBA,glp,10,96.495,94.5,107.0,90.0,125.0
2024-06,MUN,SP|CARAPICUIBA,glp,16,97.0,91.995,102.495,89.99,105.0
2024-06,MUN,SP|CATANDUVA,glp,9,112.0,93.0,112.0,93.0,112.0
2024-06,MUN,SP|COSMOPOLIS,glp,8,84.99,84.99,91.5,84.99,95.0
2024-06,MUN,SP|COTIA,glp,9,110.0,98.99,120.6,94.99,123.0
2024-06,MUN,SP|CRUZEIRO,glp,8,86.995,79.997,97.4,79.99,103.0
2024-06,MUN,SP|CUBATAO,glp,9,115.0,103.992,117.0,100.0,125.0
2024-06,MUN,SP|DIADEMA,glp,10,97.495,89.999,111.091,89.99,121.0
2024-06,MUN,SP|DRACENA,glp,9,105.0,100.0,114.0,100.0,130.0
2024-06,MUN,SP|ELISIARIO,glp,1,93.0,93.0,93.0,93.0,93.0
2024-06,MUN,SP|EMBU DAS ARTES,glp,13,99.9,90.792,108.992,84.99,110.0
2024-06,MUN,SP|FRANCA,glp,15,94.99,89.99,106.8,89.99,112.5
2024-06,MUN,SP|GARCA,glp,8,100.0,98.43,100.0,95.0,100.0
2024-06,MUN,SP|GUARATINGUETA,glp,7,94.9,81.4,97.0,76.0,100.0
2024-06,MUN,SP|GUARUJA,glp,11,114.99,110.0,117.99,110.0,120.0
2024-06,MUN,SP|GUARULHOS,glp,16,93.495,86.495,102.495,80.0,110.0
2024-06,MUN,SP|HORTOLANDIA,glp,11,89.99,84.99,94.99,84.99,99.99
2024-06,MUN,SP|IBITINGA,glp,8,106.0,93.5,115.0,90.0,115.0
2024-06,MUN,SP|INDAIATUBA,glp,8,107.0,100.6,112.3,95.0,113.0
2024-06,MUN,SP|ITANHAEM,glp,8,108.0,99.963,110.0,99.9,110.0
2024-06,MUN,SP|ITAPECERICA DA SERRA,glp,8,99.99,89.99,101.193,89.99,104.0
2024-06,MUN,SP|ITAPETININGA,glp,7,115.0,110.0,115.0,110.0,115.0
2024-06,MUN,SP|ITAPEVA,glp,6,109.99,107.49,120.0,105.0,120.0
2024-06,MUN,SP|ITAPIRA,glp,8,97.495,94.89,101.5,93.0,105.0
2024-06,MUN,SP|ITAPOLIS,glp,9,111.0,105.0,115.6,105.0,118.0
2024-06,MUN,SP|ITAQUAQUECETUBA,glp,17,84.99,79.99,89.99,79.99,90.0
2024-06,MUN,SP|ITATIBA,glp,9,100.0,98.0,105.0,98.0,105.0
2024-06,MUN,SP|ITU,glp,7,110.0,104.2,112.4,103.0,116.0
2024-06,MUN,SP|JABOTICABAL,glp,9,102.495,95.592,107.0,90.0,107.0
2024-06,MUN,SP|JACAREI,glp,11,89.9,84.99,102.45,84.0,108.0
2024-06,MUN,SP|JALES,glp,10,90.0,89.499,95.495,84.99,99.95
2024-06,MUN,SP|JAU,glp,8,94.975,85.5,111.5,82.0,115.0
2024-06,MUN,SP|JOSE BONIFACIO,glp,8,96.5,90.0,98.6,90.0,100.0
2024-06,MUN,SP|JUNDIAI,glp,13,100.0,91.99,113.992,87.99,115.0
2024-06,MUN,SP|LEME,glp,1,85.0,85.0,85.0,85.0,85.0
2024-06,MUN,SP|LIMEIRA,glp,6,102.498,89.99,110.0,89.99,110.0
2024-06,MUN,SP|LINS,glp,8,87.495,79.99,109.5,79.99,120.0
2024-06,MUN,SP|LORENA,glp,9,83.0,74.998,96.0,74.99,100.0
2024-06,MUN,SP|MARILIA,glp,10,115.0,111.8,115.0,110.0,115.0
2024-06,MUN,SP|MATAO,glp,10,114.0,112.5,114.0,99.0,114.0
2024-06,MUN,SP|MAUA,glp,12,104.995,94.99,110.0,94.99,110.0
2024-06,MUN,SP|MIRASSOL,glp,8,99.99,95.0,110.0,95.0,110.0
2024-06,MUN,SP|MOCOCA,glp,6,107.5,98.995,110.0,98.0,110.0
2024-06,MUN,SP|MOGI DAS CRUZES,glp,10,95.0,89.59,99.991,85.99,100.0
2024-06,MUN,SP|MOGI GUACU,glp,6,99.742,99.0,99.99,99.0,99.99
2024-06,MUN,SP|MOGI MIRIM,glp,8,95.25,89.99,99.5,89.99,103.0
2024-06,MUN,SP|MONTE ALTO,glp,9,95.0,90.0,96.0,90.0,100.0
2024-06,MUN,SP|OLIMPIA,glp,10,85.0,85.0,88.2,85.0,90.0
2024-06,MUN,SP|OSASCO,glp,19,99.0,93.19,109.99,84.99,119.99
2024-06,MUN,SP|OURINHOS,glp,8,100.95,83.43,108.3,80.0,109.0
2024-06,MUN,SP|PARAGUACU PAULISTA,glp,5,105.0,94.0,110.0,90.0,110.0
2024-06,MUN,SP|PAULINIA,glp,8,100.0,94.99,102.25,94.99,107.5
2024-06,MUN,SP|PINDAMONHANGABA,glp,11,95.0,90.0,100.0,85.0,113.0
2024-06,MUN,SP|PIRACICABA,glp,16,97.495,86.49,111.25,84.99,115.0
2024-06,MUN,SP|PIRASSUNUNGA,glp,8,99.995,89.6,105.0,88.9,105.0
2024-06,MUN,SP|POA,glp,8,92.49,84.99,96.497,84.99,99.99
2024-06,MUN,SP|PORTO FERREIRA,glp,7,95.0,91.8,100.0,90.0,100.0
2024-06,MUN,SP|PRAIA GRANDE,glp,14,104.0,99.99,112.0,95.0,113.0
2024-06,MUN,SP|PRESIDENTE PRUDENTE,glp,16,99.99,89.99,106.95,89.9,108.0
2024-06,MUN,SP|RIBEIRAO PIRES,glp,8,89.99,84.9,94.5,84.9,105.0
2024-06,MUN,SP|RIBEIRAO PRETO,glp,17,99.99,94.996,104.994,84.99,109.99
2024-06,MUN,SP|RIO CLARO,glp,8,87.5,83.493,90.0,80.0,90.0
2024-06,MUN,SP|SALTO,glp,5,100.0,89.99,104.16,89.99,105.0
2024-06,MUN,SP|SANTA BARBARA D'OESTE,glp,13,92.495,85.0,95.0,84.99,100.0
2024-06,MUN,SP|SANTA CRUZ DO RIO PARDO,glp,11,107.99,105.0,110.0,105.0,110.0
2024-06,MUN,SP|SANTO ANDRE,glp,12,95.995,95.0,114.99,94.99,119.0
2024-06,MUN,SP|SANTOS,glp,12,115.0,109.9,120.35,105.0,122.0
2024-06,MUN,SP|SAO BERNARDO DO CAMPO,glp,6,104.99,94.0,109.495,93.0,113.0
2024-06,MUN,SP|SAO CAETANO DO SUL,glp,6,99.99,97.49,102.495,94.99,105.0
2024-06,MUN,SP|SAO CARLOS,glp,18,115.0,109.35,119.23,109.0,124.0
2024-06,MUN,SP|SAO JOAO DA BOA VISTA,glp,8,100.0,99.997,100.0,99.99,100.0
2024-06,MUN,SP|SAO JOSE DO RIO PRETO,glp,28,108.245,92.1,116.5,90.0,130.0
2024-06,MUN,SP|SAO JOSE DOS CAMPOS,glp,22,96.0,71.89,110.0,70.99,120.0
2024-06,MUN,SP|SAO PAULO,glp,66,100.0,94.99,119.99,84.99,125.0
2024-06,MUN,SP|SAO ROQUE,glp,1,106.0,106.0,106.0,106.0,106.0
2024-06,MUN,SP|SAO VICENTE,glp,15,108.0,99.99,109.96,94.99,110.0
2024-06,MUN,SP|SERTAOZINHO,glp,12,89.495,88.99,95.0,87.0,96.4
2024-06,MUN,SP|SOROCABA,glp,20,100.0,97.99,113.199,94.99,115.0
2024-06,MUN,SP|SUMARE,glp,13,89.99,84.992,117.499,74.99,120.0
2024-06,MUN,SP|SUZANO,glp,15,89.99,87.896,111.0,85.99,115.0
2024-06,MUN,SP|TABOAO DA SERRA,glp,9,89.99,86.798,101.99,81.99,109.99
2024-06,MUN,SP|TATUI,glp,2,100.0,100.0,100.0,100.0,100.0
2024-06,MUN,SP|TAUBATE,glp,11,84.99,79.99,95.0,78.0,96.0
2024-06,MUN,SP|TUPA,glp,5,95.0,95.0,109.0,95.0,115.0
2024-06,MUN,SP|UBATUBA,glp,12,96.5,84.91,104.5,79.95,110.0
2024-06,MUN,SP|VALINHOS,glp,9,98.9,93.192,101.92,90.0,110.0
2024-06,MUN,SP|VARZEA PAULISTA,glp,8,90.0,79.697,95.264,78.99,95.88
2024-06,MUN,SP|VINHEDO,glp,8,99.995,97.1,104.993,95.0,105.0
2024-06,MUN,SP|VOTORANTIM,glp,8,102.5,89.932,106.5,89.9,110.0
2024-06,MUN,SP|VOTUPORANGA,glp,12,94.5,90.0,99.9,87.0,99.9
2024-06,MUN,TO|ARAGUAINA,glp,18,120.0,119.25,121.5,115.0,125.0
2024-06,MUN,TO|GURUPI,glp,9,120.0,118.0,123.0,110.0,125.0
2024-06,MUN,TO|PALMAS,glp,19,123.0,120.0,127.3,110.0,130.0
2024-06,MUN,TO|PARAISO DO TOCANTINS,glp,8,120.0,118.5,120.0,115.0,120.0
2024-06,MUN,TO|PORTO NACIONAL,glp,8,115.0,111.75,120.0,110.0,120.0
2024-06,UF,AC,glp,46,117.0,105.0,125.0,104.0,127.0
2024-06,UF,AL,glp,60,95.0,85.0,100.0,79.99,110.0
2024-06,UF,AM,glp,119,124.99,112.99,132.2,110.0,154.0
2024-06,UF,AP,glp,31,110.0,100.0,121.0,100.0,128.0
2024-06,UF,BA,glp,287,109.99,93.994,120.0,78.0,150.0
2024-06,UF,CE,glp,131,100.0,90.0,108.0,79.99,122.0
2024-06,UF,DF,glp,48,95.0,89.0,99.99,84.99,119.99
2024-06,UF,ES,glp,137,95.0,85.0,106.0,74.99,120.0
2024-06,UF,GO,glp,256,100.0,89.97,118.0,77.99,130.0
2024-06,UF,MA,glp,134,100.0,99.9,120.0,79.99,125.0
2024-06,UF,MG,glp,620,100.0,85.0,115.0,74.99,150.0
2024-06,UF,MS,glp,112,110.0,98.0,125.0,89.0,135.5
2024-06,UF,MT,glp,116,115.0,94.945,140.0,85.0,145.0
2024-06,UF,PA,glp,142,110.0,94.991,125.9,79.99,145.0
2024-06,UF,PB,glp,76,100.0,90.0,110.0,79.99,120.0
2024-06,UF,PE,glp,184,89.99,80.0,105.0,75.0,120.0
2024-06,UF,PI,glp,60,95.0,90.0,108.199,86.5,115.0
2024-06,UF,PR,glp,345,98.0,85.0,114.2,74.95,125.0
2024-06,UF,RJ,glp,318,90.0,81.99,115.0,74.99,126.99
2024-06,UF,RN,glp,61,108.0,90.0,110.0,85.0,128.0
2024-06,UF,RO,glp,73,120.0,110.0,132.8,100.0,141.0
2024-06,UF,RR,glp,34,128.5,120.0,135.0,117.99,140.0
2024-06,UF,RS,glp,414,105.0,98.0,120.0,89.99,140.0
2024-06,UF,SC,glp,176,115.0,99.99,127.45,89.0,140.0
2024-06,UF,SE,glp,51,97.0,87.99,104.9,87.45,110.0
2024-06,UF,SP,glp,1167,99.99,85.99,114.994,70.99,130.0
2024-06,UF,TO,glp,62,120.0,115.0,125.0,110.0,130.0
2024-07,BR,BR,glp,1596,101.0,89.99,120.0,75.99,144.0
2024-07,MUN,AC|RIO BRANCO,glp,32,115.0,105.0,125.0,98.0,130.0
2024-07,MUN,AL|MACEIO,glp,28,97.5,88.793,105.0,85.0,110.0
2024-07,MUN,AM|MANAUS,glp,71,120.0,114.0,130.0,110.0,137.0
2024-07,MUN,AP|MACAPA,glp,16,113.0,106.75,123.25,105.0,124.0
2024-07,MUN,BA|FEIRA DE SANTANA,glp,12,99.95,95.0,104.75,93.99,110.0
2024-07,MUN,BA|SALVADOR,glp,29,111.0,100.0,123.392,95.0,128.0
2024-07,MUN,CE|FORTALEZA,glp,26,98.245,92.498,112.5,89.99,122.0
2024-07,MUN,DF|BRASILIA,glp,43,97.495,91.754,101.5,89.0,119.99
2024-07,MUN,ES|SERRA,glp,14,92.495,85.897,103.5,80.0,105.0
2024-07,MUN,ES|VILA VELHA,glp,17,100.0,89.99,100.0,89.99,100.0
2024-07,MUN,ES|VITORIA,glp,8,99.995,90.0,101.5,90.0,105.0
2024-07,MUN,GO|ANAPOLIS,glp,17,100.0,100.0,103.2,95.0,110.0
2024-07,MUN,GO|APARECIDA DE GOIANIA,glp,27,100.0,95.0,107.0,84.99,115.0
2024-07,MUN,GO|GOIANIA,glp,29,105.0,93.92,111.0,84.99,130.0
2024-07,MUN,MA|IMPERATRIZ,glp,13,100.0,100.0,105.0,95.0,105.0
2024-07,MUN,MA|SAO LUIS,glp,31,99.99,99.9,100.0,90.0,115.99
2024-07,MUN,MG|BELO HORIZONTE,glp,28,99.995,89.393,120.0,85.0,129.0
2024-07,MUN,MG|CONTAGEM,glp,19,100.0,88.992,115.0,83.99,118.0
2024-07,MUN,MG|GOVERNADOR VALADARES,glp,10,112.25,109.5,120.0,105.0,120.0
2024-07,MUN,MG|JUIZ DE FORA,glp,16,87.995,80.0,90.0,79.99,101.0
2024-07,MUN,MG|MONTES CLAROS,glp,26,104.5,98.5,115.0,97.9,125.0
2024-07,MUN,MG|UBERABA,glp,14,96.25,88.0,107.75,85.0,110.0
2024-07,MUN,MG|UBERLANDIA,glp,19,100.0,87.598,110.0,85.0,115.0
2024-07,MUN,MS|CAMPO GRANDE,glp,29,105.0,95.8,110.5,94.0,139.0
2024-07,MUN,MS|DOURADOS,glp,16,108.45,100.5,127.5,99.99,130.0
2024-07,MUN,MT|CUIABA,glp,31,114.99,100.0,130.0,85.0,144.0
2024-07,MUN,MT|RONDONOPOLIS,glp,3,125.0,116.992,125.0,114.99,125.0
2024-07,MUN,MT|VARZEA GRANDE,glp,22,104.242,94.991,115.0,89.9,120.0
2024-07,MUN,PA|BELEM,glp,22,107.5,99.99,125.4,99.99,127.0
2024-07,MUN,PB|CAMPINA GRANDE,glp,6,102.5,89.0,110.0,83.0,110.0
2024-07,MUN,PB|JOAO PESSOA,glp,28,95.0,90.0,101.5,79.99,110.0
2024-07,MUN,PE|CARUARU,glp,9,80.0,80.0,85.0,80.0,85.0
2024-07,MUN,PE|JABOATAO DOS GUARARAPES,glp,12,94.495,89.991,95.0,85.0,114.0
2024-07,MUN,PE|PETROLINA,glp,14,102.75,98.0,113.5,95.0,120.0
2024-07,MUN,PE|RECIFE,glp,15,86.99,80.0,95.994,80.0,100.0
2024-07,MUN,PI|TERESINA,glp,29,99.99,94.99,101.0,92.49,105.0
2024-07,MUN,PR|CASCAVEL,glp,15,105.0,98.196,115.0,97.0,120.0
2024-07,MUN,PR|CURITIBA,glp,48,92.445,85.0,100.0,84.9,108.0
2024-07,MUN,PR|FOZ DO IGUACU,glp,14,110.0,106.5,115.0,105.0,120.0
2024-07,MUN,PR|IVAIPORA,glp,1,120.0,120.0,120.0,120.0,120.0
2024-07,MUN,PR|LONDRINA,glp,17,99.99,93.0,115.0,90.0,120.0
2024-07,MUN,PR|MARINGA,glp,14,100.0,89.924,115.0,89.9,125.0
2024-07,MUN,PR|PALOTINA,glp,1,110.0,110.0,110.0,110.0,110.0
2024-07,MUN,PR|PONTA GROSSA,glp,2,104.0,103.2,104.8,103.0,105.0
2024-07,MUN,PR|QUEDAS DO IGUACU,glp,1,110.0,110.0,110.0,110.0,110.0
2024-07,MUN,RJ|CAMPOS DOS GOYTACAZES,glp,10,87.5,84.191,95.3,77.0,98.0
2024-07,MUN,RJ|DUQUE DE CAXIAS,glp,11,88.0,84.99,91.49,82.99,99.99
2024-07,MUN,RJ|NITEROI,glp,7,94.0,81.59,99.3,80.99,102.0
2024-07,MUN,RJ|NOVA IGUACU,glp,16,97.5,87.495,110.0,84.99,110.0
2024-07,MUN,RJ|PETROPOLIS,glp,7,93.0,89.996,103.8,89.99,105.0
2024-07,MUN,RJ|RIO DE JANEIRO,glp,31,95.0,89.99,104.99,85.0,124.0
2024-07,MUN,RJ|SAO GONCALO,glp,7,95.0,94.594,104.794,94.0,115.0
2024-07,MUN,RN|NATAL,glp,14,103.75,87.9,110.0,85.0,128.0
2024-07,MUN,RO|PORTO VELHO,glp,27,115.0,105.0,120.4,103.0,128.0
2024-07,MUN,RR|BOA VISTA,glp,26,130.0,124.5,136.5,120.0,140.0
2024-07,MUN,RS|CANOAS,glp,16,100.0,98.0,105.0,95.0,108.0
2024-07,MUN,RS|CAXIAS DO SUL,glp,21,105.0,99.0,105.0,99.0,115.0
2024-07,MUN,RS|NOVO HAMBURGO,glp,10,100.0,95.792,105.0,95.0,105.0
2024-07,MUN,RS|PELOTAS,glp,23,103.5,100.0,107.8,98.0,110.0
2024-07,MUN,RS|PORTO ALEGRE,glp,15,106.0,102.0,113.6,99.9,125.0
2024-07,MUN,RS|SANTA MARIA,glp,15,109.9,104.4,111.8,103.0,115.0
2024-07,MUN,SC|BLUMENAU,glp,10,110.0,110.0,121.4,110.0,125.0
2024-07,MUN,SC|CRICIUMA,glp,7,119.0,113.0,120.0,110.0,120.0
2024-07,MUN,SC|FLORIANOPOLIS,glp,3,123.0,123.0,128.6,123.0,130.0
2024-07,MUN,SC|ITAJAI,glp,15,104.0,91.4,115.594,89.0,129.0
2024-07,MUN,SC|JOINVILLE,glp,6,117.75,115.0,120.0,115.0,120.0
2024-07,MUN,SC|SAO JOSE,glp,14,115.0,108.942,119.4,104.99,124.0
2024-07,MUN,SE|ARACAJU,glp,9,99.9,92.692,106.0,91.5,110.0
2024-07,MUN,SP|AMERICANA,glp,8,99.99,94.99,111.247,94.99,119.99
2024-07,MUN,SP|ARACATUBA,glp,20,88.495,84.499,95.0,79.99,95.0
2024-07,MUN,SP|ARARAQUARA,glp,15,115.0,99.994,115.0,94.99,115.0
2024-07,MUN,SP|BAURU,glp,13,95.0,85.998,99.98,85.0,100.0
2024-07,MUN,SP|CAMPINAS,glp,16,94.995,89.99,109.99,89.99,110.0
2024-07,MUN,SP|DIADEMA,glp,9,95.0,94.59,104.2,92.99,121.0
2024-07,MUN,SP|ELISIARIO,glp,1,98.0,98.0,98.0,98.0,98.0
2024-07,MUN,SP|FRANCA,glp,14,99.968,94.993,107.1,94.99,110.0
2024-07,MUN,SP|GUARULHOS,glp,13,94.99,91.79,106.499,85.0,115.0
2024-07,MUN,SP|JACAREI,glp,11,90.0,89.0,99.9,89.0,112.0
2024-07,MUN,SP|JUNDIAI,glp,10,107.5,103.79,115.0,92.99,115.0
2024-07,MUN,SP|LIMEIRA,glp,6,98.75,91.24,107.5,89.99,115.0
2024-07,MUN,SP|MARILIA,glp,10,120.0,114.95,120.0,114.5,120.0
2024-07,MUN,SP|MOGI DAS CRUZES,glp,4,99.99,96.497,102.027,95.0,102.9
2024-07,MUN,SP|OSASCO,glp,14,99.495,91.49,118.193,89.99,119.99
2024-07,MUN,SP|PIRACICABA,glp,8,99.99,88.497,110.75,84.99,112.5
2024-07,MUN,SP|PRESIDENTE PRUDENTE,glp,16,102.49,94.45,108.0,92.5,110.0
2024-07,MUN,SP|RIBEIRAO PRETO,glp,15,102.49,95.996,112.594,84.99,122.49
2024-07,MUN,SP|SANTO ANDRE,glp,12,102.495,97.74,114.99,96.99,119.0
2024-07,MUN,SP|SANTOS,glp,9,122.0,113.92,124.18,110.0,124.9
2024-07,MUN,SP|SAO BERNARDO DO CAMPO,glp,3,119.0,119.0,123.8,119.0,125.0
2024-07,MUN,SP|SAO CARLOS,glp,16,120.0,116.495,123.0,115.0,130.0
2024-07,MUN,SP|SAO JOSE DO RIO PRETO,glp,23,114.99,95.6,119.0,94.0,130.0
2024-07,MUN,SP|SAO JOSE DOS CAMPOS,glp,16,92.945,75.99,110.0,75.99,114.99
2024-07,MUN,SP|SAO PAULO,glp,59,105.0,97.392,119.99,89.99,127.4
2024-07,MUN,SP|SOROCABA,glp,15,102.49,98.99,115.0,97.49,117.49
2024-07,MUN,SP|TAUBATE,glp,11,90.0,83.99,99.0,80.0,99.0
2024-07,MUN,TO|PALMAS,glp,15,123.0,118.5,128.8,115.0,130.0
2024-07,UF,AC,glp,32,115.0,105.0,125.0,98.0,130.0
2024-07,UF,AL,glp,28,97.5,88.793,105.0,85.0,110.0
2024-07,UF,AM,glp,71,120.0,114.0,130.0,110.0,137.0
2024-07,UF,AP,glp,16,113.0,106.75,123.25,105.0,124.0
2024-07,UF,BA,glp,41,108.0,98.0,122.0,93.99,128.0
2024-07,UF,CE,glp,26,98.245,92.498,112.5,89.99,122.0
2024-07,UF,DF,glp,43,97.495,91.754,101.5,89.0,119.99
2024-07,UF,ES,glp,39,98.0,89.792,100.0,80.0,105.0
2024-07,UF,GO,glp,73,100.0,95.0,110.0,84.99,130.0
2024-07,UF,MA,glp,44,99.99,99.9,104.997,90.0,115.99
2024-07,UF,MG,glp,132,100.0,86.99,115.0,79.99,129.0
2024-07,UF,MS,glp,45,105.0,98.1,121.0,94.0,139.0
2024-07,UF,MT,glp,56,110.0,95.0,125.0,85.0,144.0
2024-07,UF,PA,glp,22,107.5,99.99,125.4,99.99,127.0
2024-07,UF,PB,glp,34,96.5,90.0,105.7,79.99,110.0
2024-07,UF,PE,glp,50,90.0,80.0,105.49,80.0,120.0
2024-07,UF,PI,glp,29,99.99,94.99,101.0,92.49,105.0
2024-07,UF,PR,glp,113,100.0,87.32,115.0,84.9,125.0
2024-07,UF,RJ,glp,89,93.0,85.0,105.0,77.0,124.0
2024-07,UF,RN,glp,14,103.75,87.9,110.0,85.0,128.0
2024-07,UF,RO,glp,27,115.0,105.0,120.4,103.0,128.0
2024-07,UF,RR,glp,26,130.0,124.5,136.5,120.0,140.0
2024-07,UF,RS,glp,100,105.0,99.0,110.0,95.0,125.0
2024-07,UF,SC,glp,55,115.0,99.4,122.2,89.0,130.0
2024-07,UF,SE,glp,9,99.9,92.692,106.0,91.5,110.0
2024-07,UF,SP,glp,367,100.0,89.99,119.99,75.99,130.0
2024-07,UF,TO,glp,15,123.0,118.5,128.8,115.0,130.0
2024-08,BR,BR,glp,1584,104.945,90.0,120.0,75.0,148.0
2024-08,MUN,AC|RIO BRANCO,glp,29,120.0,113.0,125.4,103.0,130.0
2024-08,MUN,AL|MACEIO,glp,28,100.0,89.093,105.0,85.0,110.0
2024-08,MUN,AM|MANAUS,glp,72,120.0,115.0,130.0,113.0,139.0
2024-08,MUN,AP|MACAPA,glp,16,114.5,110.0,126.0,108.0,126.0
2024-08,MUN,BA|FEIRA DE SANTANA,glp,12,102.495,97.991,109.8,97.5,110.0
2024-08,MUN,BA|SALVADOR,glp,28,115.0,107.793,125.597,99.99,133.0
2024-08,MUN,CE|FORTALEZA,glp,25,99.9,94.99,113.0,94.99,122.0
2024-08,MUN,DF|BRASILIA,glp,43,98.99,93.5,101.5,89.99,110.0
2024-08,MUN,ES|SERRA,glp,14,92.495,81.5,103.5,79.99,105.0
2024-08,MUN,ES|VILA VELHA,glp,15,100.0,94.992,100.0,90.0,105.0
2024-08,MUN,ES|VITORIA,glp,8,97.495,89.997,101.5,89.99,105.0
2024-08,MUN,GO|ANAPOLIS,glp,17,100.0,100.0,103.2,100.0,110.0
2024-08,MUN,GO|APARECIDA DE GOIANIA,glp,27,100.0,95.0,110.0,84.99,115.0
2024-08,MUN,GO|GOIANIA,glp,29,105.0,93.92,115.0,84.99,130.0
2024-08,MUN,MA|IMPERATRIZ,glp,13,105.0,100.0,107.5,95.0,107.5
2024-08,MUN,MA|SAO LUIS,glp,29,99.99,98.9,100.0,89.99,115.99
2024-08,MUN,MG|BELO HORIZONTE,glp,28,100.0,89.393,120.0,85.0,129.0
2024-08,MUN,MG|CONTAGEM,glp,19,100.0,88.992,115.0,83.99,122.0
2024-08,MUN,MG|GOVERNADOR VALADARES,glp,10,115.0,109.5,120.0,105.0,120.0
2024-08,MUN,MG|JUIZ DE FORA,glp,16,89.495,82.74,90.0,80.0,101.0
2024-08,MUN,MG|MONTES CLAROS,glp,26,106.25,98.945,115.0,96.0,125.0
2024-08,MUN,MG|UBERABA,glp,14,97.5,90.0,108.5,85.0,110.0
2024-08,MUN,MG|UBERLANDIA,glp,19,100.0,88.0,117.0,87.99,125.0
2024-08,MUN,MS|CAMPO GRANDE,glp,38,105.0,95.0,110.9,94.0,139.0
2024-08,MUN,MS|DOURADOS,glp,16,106.9,100.5,127.5,99.99,130.0
2024-08,MUN,MT|CUIABA,glp,31,115.0,100.0,130.0,85.0,144.0
2024-08,MUN,MT|VARZEA GRANDE,glp,22,102.445,90.49,115.0,89.9,125.0
2024-08,MUN,PA|BELEM,glp,31,109.99,99.99,112.5,99.0,120.0
2024-08,MUN,PB|CAMPINA GRANDE,glp,5,105.0,90.2,108.0,87.0,110.0
2024-08,MUN,PB|JOAO PESSOA,glp,28,100.0,86.997,105.0,79.99,110.0
2024-08,MUN,PE|CARUARU,glp,9,85.0,80.0,85.0,80.0,85.0
2024-08,MUN,PE|JABOATAO DOS GUARARAPES,glp,12,93.49,89.991,95.0,85.0,105.0
2024-08,MUN,PE|PETROLINA,glp,14,105.0,100.75,115.0,100.0,115.0
2024-08,MUN,PE|RECIFE,glp,15,87.99,80.0,95.994,80.0,100.0
2024-08,MUN,PI|TERESINA,glp,29,99.99,94.99,101.0,94.99,105.0
2024-08,MUN,PR|CASCAVEL,glp,16,108.995,101.0,115.0,99.0,120.0
2024-08,MUN,PR|CURITIBA,glp,48,90.95,85.0,100.0,83.0,108.0
2024-08,MUN,PR|FOZ DO IGUACU,glp,14,110.0,107.5,115.0,105.0,120.0
2024-08,MUN,PR|IVAIPORA,glp,1,120.0,120.0,120.0,120.0,120.0
2024-08,MUN,PR|LONDRINA,glp,15,100.0,95.0,113.0,90.0,120.0
2024-08,MUN,PR|MARINGA,glp,14,102.0,89.924,115.0,89.9,125.0
2024-08,MUN,PR|PALOTINA,glp,1,110.0,110.0,110.0,110.0,110.0
2024-08,MUN,PR|PONTA GROSSA,glp,3,105.0,105.0,105.0,105.0,105.0
2024-08,MUN,PR|QUEDAS DO IGUACU,glp,1,110.0,110.0,110.0,110.0,110.0
2024-08,MUN,RJ|CAMPOS DOS GOYTACAZES,glp,10,87.5,84.191,95.3,77.0,98.0
2024-08,MUN,RJ|DUQUE DE CAXIAS,glp,11,89.99,87.99,93.0,83.99,99.495
2024-08,MUN,RJ|NITEROI,glp,7,94.99,81.59,100.2,80.99,102.0
2024-08,MUN,RJ|NOVA IGUACU,glp,16,90.0,77.5,110.0,75.0,110.0
2024-08,MUN,RJ|PETROPOLIS,glp,7,98.0,92.99,105.0,89.99,105.0
2024-08,MUN,RJ|RIO DE JANEIRO,glp,31,95.0,89.0,104.99,84.99,124.0
2024-08,MUN,RJ|SAO GONCALO,glp,4,94.99,94.99,97.097,94.99,98.0
2024-08,MUN,RN|NATAL,glp,13,105.0,88.4,110.0,87.0,128.0
2024-08,MUN,RO|PORTO VELHO,glp,27,117.5,109.6,122.0,103.0,128.0
2024-08,MUN,RR|BOA VISTA,glp,26,130.0,124.5,139.0,120.0,148.0
2024-08,MUN,RS|CANOAS,glp,16,104.5,99.995,105.0,98.0,108.0
2024-08,MUN,RS|CAXIAS DO SUL,glp,20,105.0,99.0,105.5,99.0,115.0
2024-08,MUN,RS|NOVO HAMBURGO,glp,10,100.0,99.7,105.0,97.0,105.0
2024-08,MUN,RS|PELOTAS,glp,14,104.0,100.23,105.7,99.0,110.0
2024-08,MUN,RS|PORTO ALEGRE,glp,15,106.0,102.0,113.6,99.9,125.0
2024-08,MUN,RS|SANTA MARIA,glp,15,105.0,101.14,111.8,89.9,113.9
2024-08,MUN,SC|BLUMENAU,glp,10,110.0,110.0,121.4,110.0,125.0
2024-08,MUN,SC|CRICIUMA,glp,7,120.0,113.0,120.0,110.0,120.0
2024-08,MUN,SC|FLORIANOPOLIS,glp,3,123.0,123.0,128.6,123.0,130.0
2024-08,MUN,SC|ITAJAI,glp,15,104.0,95.0,112.996,95.0,129.0
2024-08,MUN,SC|JOINVILLE,glp,6,120.0,119.0,128.5,118.0,132.0
2024-08,MUN,SC|SAO JOSE,glp,14,115.0,106.19,120.0,104.99,124.0
2024-08,MUN,SE|ARACAJU,glp,9,100.0,94.52,107.96,93.0,110.0
2024-08,MUN,SP|AMERICANA,glp,8,99.995,94.99,113.0,94.99,120.0
2024-08,MUN,SP|ARACATUBA,glp,16,87.498,85.242,93.748,79.99,104.995
2024-08,MUN,SP|ARARAQUARA,glp,15,115.0,99.994,115.0,94.99,115.0
2024-08,MUN,SP|BAURU,glp,13,100.0,95.0,101.6,94.99,102.0
2024-08,MUN,SP|CAMPINAS,glp,16,95.495,89.99,109.99,89.99,110.0
2024-08,MUN,SP|DIADEMA,glp,9,95.0,93.79,108.192,92.99,121.0
2024-08,MUN,SP|ELISIARIO,glp,1,98.0,98.0,98.0,98.0,98.0
2024-08,MUN,SP|FRANCA,glp,14,99.945,94.99,107.1,94.99,110.0
2024-08,MUN,SP|GUARULHOS,glp,13,94.99,92.99,109.0,85.0,115.0
2024-08,MUN,SP|JACAREI,glp,13,90.0,89.198,99.9,89.0,115.0
2024-08,MUN,SP|JUNDIAI,glp,10,107.5,103.79,115.0,92.99,115.0
2024-08,MUN,SP|LIMEIRA,glp,7,100.0,94.996,115.0,94.99,115.0
2024-08,MUN,SP|MARILIA,glp,10,117.0,115.0,120.0,115.0,120.0
2024-08,MUN,SP|MOGI DAS CRUZES,glp,4,101.445,99.99,104.37,99.99,105.0
2024-08,MUN,SP|OSASCO,glp,13,100.0,90.99,118.792,89.99,119.99
2024-08,MUN,SP|PIRACICABA,glp,8,99.99,93.49,110.0,89.99,110.0
2024-08,MUN,SP|PRESIDENTE PRUDENTE,glp,16,102.5,95.0,108.995,94.9,110.0
2024-08,MUN,SP|RIBEIRAO PRETO,glp,14,109.0,99.993,110.0,84.99,119.99
2024-08,MUN,SP|SANTO ANDRE,glp,11,104.99,99.99,114.99,99.99,119.0
2024-08,MUN,SP|SANTOS,glp,9,123.0,114.98,124.9,114.9,124.9
2024-08,MUN,SP|SAO BERNARDO DO CAMPO,glp,3,122.0,122.0,124.4,122.0,125.0
2024-08,MUN,SP|SAO CARLOS,glp,16,120.0,115.0,123.0,110.0,130.0
2024-08,MUN,SP|SAO JOSE DO RIO PRETO,glp,24,115.0,98.3,120.0,95.0,130.0
2024-08,MUN,SP|SAO JOSE DOS CAMPOS,glp,16,94.495,75.99,112.495,75.99,115.0
2024-08,MUN,SP|SAO PAULO,glp,59,105.0,95.0,119.99,89.99,126.0
2024-08,MUN,SP|SOROCABA,glp,15,104.99,99.99,117.0,99.99,119.99
2024-08,MUN,SP|TAUBATE,glp,11,93.0,83.99,99.0,82.0,99.0
2024-08,MUN,TO|PALMAS,glp,14,125.0,120.0,130.0,115.0,135.0
2024-08,UF,AC,glp,29,120.0,113.0,125.4,103.0,130.0
2024-08,UF,AL,glp,28,100.0,89.093,105.0,85.0,110.0
2024-08,UF,AM,glp,72,120.0,115.0,130.0,113.0,139.0
2024-08,UF,AP,glp,16,114.5,110.0,126.0,108.0,126.0
2024-08,UF,BA,glp,40,110.25,99.999,122.3,97.5,133.0
2024-08,UF,CE,glp,25,99.9,94.99,113.0,94.99,122.0
2024-08,UF,DF,glp,43,98.99,93.5,101.5,89.99,110.0
2024-08,UF,ES,glp,37,98.0,89.19,102.0,79.99,105.0
2024-08,UF,GO,glp,73,100.0,95.0,110.0,84.99,130.0
2024-08,UF,MA,glp,42,99.99,99.9,107.499,89.99,115.99
2024-08,UF,MG,glp,132,100.0,88.0,115.0,80.0,129.0
2024-08,UF,MS,glp,54,105.95,96.3,115.0,94.0,139.0
2024-08,UF,MT,glp,53,110.0,95.0,125.0,85.0,144.0
2024-08,UF,PA,glp,31,109.99,99.99,112.5,99.0,120.0
2024-08,UF,PB,glp,33,100.0,87.6,105.0,79.99,110.0
2024-08,UF,PE,glp,50,90.0,81.8,105.2,80.0,115.0
2024-08,UF,PI,glp,29,99.99,94.99,101.0,94.99,105.0
2024-08,UF,PR,glp,113,100.0,88.0,115.0,83.0,125.0
2024-08,UF,RJ,glp,86,93.5,84.99,105.0,75.0,124.0
2024-08,UF,RN,glp,13,105.0,88.4,110.0,87.0,128.0
2024-08,UF,RO,glp,27,117.5,109.6,122.0,103.0,128.0
2024-08,UF,RR,glp,26,130.0,124.5,139.0,120.0,148.0
2024-08,UF,RS,glp,90,105.0,99.9,110.0,89.9,125.0
2024-08,UF,SC,glp,55,115.0,104.0,123.6,95.0,132.0
2024-08,UF,SE,glp,9,100.0,94.52,107.96,93.0,110.0
2024-08,UF,SP,glp,364,103.735,89.99,120.0,75.99,130.0
2024-08,UF,TO,glp,14,125.0,120.0,130.0,115.0,135.0
2024-09,BR,BR,glp,1590,107.0,94.99,124.0,75.0,150.0
2024-09,MUN,AC|RIO BRANCO,glp,27,120.0,114.8,126.1,110.0,130.0
2024-09,MUN,AL|MACEIO,glp,28,100.0,90.7,110.0,84.99,110.0
2024-09,MUN,AM|MANAUS,glp,71,121.5,115.0,130.0,112.0,139.0
2024-09,MUN,AP|MACAPA,glp,16,120.0,114.0,130.0,113.0,130.0
2024-09,MUN,BA|FEIRA DE SANTANA,glp,6,104.995,101.495,110.0,100.0,115.0
2024-09,MUN,BA|SALVADOR,glp,29,120.0,108.992,129.992,99.99,150.0
2024-09,MUN,CE|FORTALEZA,glp,25,103.99,99.99,118.0,95.0,123.0
2024-09,MUN,DF|BRASILIA,glp,43,100.0,95.598,104.99,93.99,119.99
2024-09,MUN,ES|SERRA,glp,14,91.248,87.993,100.0,85.0,100.0
2024-09,MUN,ES|VILA VELHA,glp,15,100.0,95.0,100.0,90.0,110.0
2024-09,MUN,ES|VITORIA,glp,8,100.0,95.0,101.5,95.0,105.0
2024-09,MUN,GO|ANAPOLIS,glp,17,110.0,103.0,112.0,100.0,115.0
2024-09,MUN,GO|APARECIDA DE GOIANIA,glp,27,105.0,95.0,115.0,93.0,115.0
2024-09,MUN,GO|GOIANIA,glp,29,105.0,97.92,120.0,89.99,130.0
2024-09,MUN,MA|IMPERATRIZ,glp,13,110.0,105.0,110.0,100.0,110.0
2024-09,MUN,MA|SAO LUIS,glp,31,109.99,104.95,110.0,99.99,115.99
2024-09,MUN,MG|BELO HORIZONTE,glp,28,100.0,94.243,120.0,89.99,129.0
2024-09,MUN,MG|CONTAGEM,glp,19,110.0,95.792,121.0,89.99,126.0
2024-09,MUN,MG|GOVERNADOR VALADARES,glp,10,117.75,111.3,120.0,105.0,120.0
2024-09,MUN,MG|JUIZ DE FORA,glp,16,89.99,87.492,97.495,85.0,101.0
2024-09,MUN,MG|MONTES CLAROS,glp,26,110.0,101.0,115.0,99.99,125.0
2024-09,MUN,MG|UBERABA,glp,14,97.5,90.0,108.5,90.0,110.0
2024-09,MUN,MG|UBERLANDIA,glp,19,100.0,93.0,117.0,93.0,125.0
2024-09,MUN,MS|CAMPO GRANDE,glp,41,109.5,100.0,110.0,94.0,139.0
2024-09,MUN,MS|DOURADOS,glp,16,112.5,102.5,125.0,99.99,130.0
2024-09,MUN,MT|CUIABA,glp,31,117.5,105.0,130.0,95.0,144.0
2024-09,MUN,MT|RONDONOPOLIS,glp,7,127.5,121.0,134.0,115.0,140.0
2024-09,MUN,MT|VARZEA GRANDE,glp,22,107.745,98.19,120.0,89.99,127.5
2024-09,MUN,PA|BELEM,glp,29,110.0,103.0,115.0,99.99,120.0
2024-09,MUN,PB|CAMPINA GRANDE,glp,6,105.0,92.25,112.5,87.0,115.0
2024-09,MUN,PB|JOAO PESSOA,glp,28,100.0,95.0,110.0,84.99,110.0
2024-09,MUN,PE|CARUARU,glp,9,90.0,84.0,90.0,80.0,90.0
2024-09,MUN,PE|JABOATAO DOS GUARARAPES,glp,12,94.995,90.2,95.0,85.0,105.0
2024-09,MUN,PE|PETROLINA,glp,14,105.0,101.2,112.35,87.495,115.0
2024-09,MUN,PE|RECIFE,glp,15,90.0,82.0,97.4,80.0,100.0
2024-09,MUN,PI|TERESINA,glp,29,105.0,100.0,105.0,100.0,110.0
2024-09,MUN,PR|CASCAVEL,glp,16,111.25,103.75,116.25,100.0,120.0
2024-09,MUN,PR|CURITIBA,glp,48,98.0,94.0,102.95,89.9,110.5
2024-09,MUN,PR|FOZ DO IGUACU,glp,14,115.0,111.5,120.0,110.0,120.0
2024-09,MUN,PR|IVAIPORA,glp,1,120.0,120.0,120.0,120.0,120.0
2024-09,MUN,PR|LONDRINA,glp,15,105.0,98.8,110.0,95.0,120.0
2024-09,MUN,PR|MARINGA,glp,14,106.248,91.47,113.5,89.9,125.0
2024-09,MUN,PR|PALOTINA,glp,1,115.0,115.0,115.0,115.0,115.0
2024-09,MUN,PR|PONTA GROSSA,glp,3,105.0,105.0,113.0,105.0,115.0
2024-09,MUN,PR|QUEDAS DO IGUACU,glp,1,110.0,110.0,110.0,110.0,110.0
2024-09,MUN,RJ|CAMPOS DOS GOYTACAZES,glp,11,90.0,87.5,99.99,87.5,100.0
2024-09,MUN,RJ|DUQUE DE CAXIAS,glp,11,93.99,89.99,99.99,87.99,105.0
2024-09,MUN,RJ|NITEROI,glp,7,95.0,85.59,102.39,84.99,105.99
2024-09,MUN,RJ|NOVA IGUACU,glp,15,89.99,81.996,115.0,80.0,115.0
2024-09,MUN,RJ|PETROPOLIS,glp,7,103.0,95.99,106.2,89.99,108.0
2024-09,MUN,RJ|RIO DE JANEIRO,glp,32,97.995,94.09,105.0,87.99,124.0
2024-09,MUN,RJ|SAO GONCALO,glp,12,99.99,98.99,100.0,94.99,100.0
2024-09,MUN,RN|NATAL,glp,13,95.0,90.0,110.0,88.0,128.0
2024-09,MUN,RO|PORTO VELHO,glp,27,117.5,109.6,122.0,105.0,128.0
2024-09,MUN,RR|BOA VISTA,glp,26,132.75,125.25,139.75,120.0,148.0
2024-09,MUN,RS|CANOAS,glp,16,105.0,100.0,110.0,100.0,110.0
2024-09,MUN,RS|CAXIAS DO SUL,glp,19,109.0,99.0,110.0,99.0,115.0
2024-09,MUN,RS|NOVO HAMBURGO,glp,10,105.0,100.9,109.1,100.0,110.0
2024-09,MUN,RS|PELOTAS,glp,14,107.0,105.0,110.0,103.9,110.0
2024-09,MUN,RS|PORTO ALEGRE,glp,17,110.0,104.96,120.8,100.0,129.0
2024-09,MUN,RS|SANTA MARIA,glp,11,110.0,105.0,117.0,103.0,118.9
2024-09,MUN,SC|BLUMENAU,glp,11,120.0,111.99,130.0,110.0,130.0
2024-09,MUN,SC|CRICIUMA,glp,6,120.0,113.75,122.5,110.0,125.0
2024-09,MUN,SC|FLORIANOPOLIS,glp,6,121.5,110.0,131.0,110.0,133.0
2024-09,MUN,SC|ITAJAI,glp,15,112.0,100.0,118.6,99.0,129.0
2024-09,MUN,SC|JOINVILLE,glp,6,122.5,119.0,128.5,118.0,132.0
2024-09,MUN,SC|SAO JOSE,glp,13,120.0,115.0,123.2,114.99,130.0
2024-09,MUN,SE|ARACAJU,glp,9,104.9,99.98,105.92,99.9,110.0
2024-09,MUN,SP|AMERICANA,glp,8,104.995,104.99,115.497,104.99,122.49
2024-09,MUN,SP|ARACATUBA,glp,16,89.495,82.99,106.995,75.0,120.0
2024-09,MUN,SP|ARARAQUARA,glp,15,117.5,99.994,117.5,99.99,120.0
2024-09,MUN,SP|BAURU,glp,13,102.5,99.99,105.0,97.5,107.0
2024-09,MUN,SP|CAMPINAS,glp,16,99.99,94.495,114.99,89.99,114.99
2024-09,MUN,SP|DIADEMA,glp,9,94.99,92.39,112.192,89.99,121.0
2024-09,MUN,SP|ELISIARIO,glp,1,99.0,99.0,99.0,99.0,99.0
2024-09,MUN,SP|FRANCA,glp,13,104.99,95.972,108.8,94.99,110.0
2024-09,MUN,SP|GUARULHOS,glp,13,98.0,94.99,109.0,90.0,120.0
2024-09,MUN,SP|JACAREI,glp,10,99.9,94.74,105.991,92.49,115.0
2024-09,MUN,SP|JUNDIAI,glp,10,110.0,104.29,119.1,97.99,120.0
2024-09,MUN,SP|LIMEIRA,glp,7,100.0,99.996,112.6,99.99,118.0
2024-09,MUN,SP|MARILIA,glp,9,120.0,117.2,126.4,114.0,132.0
2024-09,MUN,SP|MOGI DAS CRUZES,glp,4,108.945,102.363,109.99,99.99,109.99
2024-09,MUN,SP|OSASCO,glp,13,100.0,95.99,117.99,89.99,119.99
2024-09,MUN,SP|PIRACICABA,glp,8,99.99,93.49,115.0,89.99,115.0
2024-09,MUN,SP|PRESIDENTE PRUDENTE,glp,15,105.0,99.99,113.0,99.9,115.0
2024-09,MUN,SP|RIBEIRAO PRETO,glp,14,112.75,99.993,118.492,84.99,120.0
2024-09,MUN,SP|SANTO ANDRE,glp,11,107.5,99.99,114.99,99.99,122.0
2024-09,MUN,SP|SANTOS,glp,9,124.9,114.98,129.0,114.9,129.0
2024-09,MUN,SP|SAO BERNARDO DO CAMPO,glp,4,113.742,109.99,125.548,109.99,129.0
2024-09,MUN,SP|SAO CARLOS,glp,16,123.0,120.0,126.0,120.0,133.0
2024-09,MUN,SP|SAO JOSE DO RIO PRETO,glp,24,115.0,99.297,120.0,97.5,130.0
2024-09,MUN,SP|SAO JOSE DOS CAMPOS,glp,16,98.45,81.995,114.99,81.99,115.0
2024-09,MUN,SP|SAO PAULO,glp,59,110.0,94.998,124.18,89.99,131.0
2024-09,MUN,SP|SOROCABA,glp,15,114.99,105.0,120.0,105.0,122.0
2024-09,MUN,SP|TAUBATE,glp,11,95.0,87.495,100.0,87.0,104.0
2024-09,MUN,TO|PALMAS,glp,14,125.0,120.0,131.75,115.0,135.0
2024-09,UF,AC,glp,27,120.0,114.8,126.1,110.0,130.0
2024-09,UF,AL,glp,28,100.0,90.7,110.0,84.99,110.0
2024-09,UF,AM,glp,71,121.5,115.0,130.0,112.0,139.0
2024-09,UF,AP,glp,16,120.0,114.0,130.0,113.0,130.0
2024-09,UF,BA,glp,35,115.0,104.994,127.994,99.99,150.0
2024-09,UF,CE,glp,25,103.99,99.99,118.0,95.0,123.0
2024-09,UF,DF,glp,43,100.0,95.598,104.99,93.99,119.99
2024-09,UF,ES,glp,37,99.99,89.99,100.0,85.0,110.0
2024-09,UF,GO,glp,73,105.0,95.0,115.0,89.99,130.0
2024-09,UF,MA,glp,44,109.99,104.964,110.0,99.99,115.99
2024-09,UF,MG,glp,132,104.99,90.0,120.0,85.0,129.0
2024-09,UF,MS,glp,57,110.0,100.0,116.9,94.0,139.0
2024-09,UF,MT,glp,60,115.0,99.999,129.991,89.99,144.0
2024-09,UF,PA,glp,29,110.0,103.0,115.0,99.99,120.0
2024-09,UF,PB,glp,34,102.5,95.0,110.0,84.99,115.0
2024-09,UF,PE,glp,50,95.0,85.0,106.1,80.0,115.0
2024-09,UF,PI,glp,29,105.0,100.0,105.0,100.0,110.0
2024-09,UF,PR,glp,113,104.9,94.9,115.0,89.9,125.0
2024-09,UF,RJ,glp,95,97.0,87.696,105.0,80.0,124.0
2024-09,UF,RN,glp,13,95.0,90.0,110.0,88.0,128.0
2024-09,UF,RO,glp,27,117.5,109.6,122.0,105.0,128.0
2024-09,UF,RR,glp,26,132.75,125.25,139.75,120.0,148.0
2024-09,UF,RS,glp,87,109.0,100.0,115.0,99.0,129.0
2024-09,UF,SC,glp,57,120.0,107.594,129.0,99.0,133.0
2024-09,UF,SE,glp,9,104.9,99.98,105.92,99.9,110.0
2024-09,UF,SP,glp,359,105.0,94.99,120.2,75.0,133.0
2024-09,UF,TO,glp,14,125.0,120.0,131.75,115.0,135.0
2024-10,BR,BR,glp,1589,108.0,94.99,125.0,75.0,144.0
2024-10,MUN,AC|RIO BRANCO,glp,28,120.0,115.0,127.3,102.0,135.0
2024-10,MUN,AL|MACEIO,glp,28,100.0,90.0,110.0,84.99,115.0
2024-10,MUN,AM|MANAUS,glp,71,123.5,117.0,130.0,115.0,142.0
2024-10,MUN,AP|MACAPA,glp,16,120.0,114.0,130.0,113.0,130.0
2024-10,MUN,BA|FEIRA DE SANTANA,glp,5,104.99,98.196,105.0,95.0,105.0
2024-10,MUN,BA|SALVADOR,glp,24,120.0,106.497,125.0,99.99,135.0
2024-10,MUN,CE|FORTALEZA,glp,25,103.99,99.99,115.0,95.0,123.0
2024-10,MUN,DF|BRASILIA,glp,43,100.0,94.992,104.99,89.99,119.99
2024-10,MUN,ES|SERRA,glp,14,93.495,85.9,100.0,84.99,100.0
2024-10,MUN,ES|VILA VELHA,glp,15,100.0,95.0,100.0,90.0,110.0
2024-10,MUN,ES|VITORIA,glp,8,100.0,95.0,104.5,95.0,115.0
2024-10,MUN,GO|ANAPOLIS,glp,22,110.0,110.0,110.0,99.0,115.0
2024-10,MUN,GO|APARECIDA DE GOIANIA,glp,27,105.0,95.0,115.0,93.0,115.0
2024-10,MUN,GO|GOIANIA,glp,29,107.5,97.92,120.0,89.99,130.0
2024-10,MUN,MA|IMPERATRIZ,glp,13,110.0,105.998,110.0,100.0,110.0
2024-10,MUN,MA|SAO LUIS,glp,31,109.99,109.0,110.0,100.0,115.0
2024-10,MUN,MG|BELO HORIZONTE,glp,28,100.0,94.99,120.0,89.99,129.0
2024-10,MUN,MG|CONTAGEM,glp,19,109.99,94.79,119.0,89.99,126.0
2024-10,MUN,MG|GOVERNADOR VALADARES,glp,10,120.0,111.3,120.5,105.0,125.0
2024-10,MUN,MG|JUIZ DE FORA,glp,16,89.99,84.992,97.495,84.99,101.0
2024-10,MUN,MG|MONTES CLAROS,glp,27,110.0,101.0,115.0,99.99,125.0
2024-10,MUN,MG|UBERABA,glp,14,97.5,90.0,108.5,90.0,110.0
2024-10,MUN,MG|UBERLANDIA,glp,19,100.0,92.998,117.0,90.0,125.0
2024-10,MUN,MS|CAMPO GRANDE,glp,43,110.0,99.92,115.0,94.99,139.0
2024-10,MUN,MS|DOURADOS,glp,16,110.0,105.0,125.0,99.99,130.0
2024-10,MUN,MT|CUIABA,glp,30,115.0,104.5,125.5,95.0,144.0
2024-10,MUN,MT|RONDONOPOLIS,glp,10,127.495,120.0,131.0,120.0,140.0
2024-10,MUN,MT|VARZEA GRANDE,glp,22,110.0,99.91,124.0,95.99,125.0
2024-10,MUN,PA|BELEM,glp,29,110.0,103.0,120.0,99.99,125.0
2024-10,MUN,PB|CAMPINA GRANDE,glp,6,105.0,102.5,112.5,100.0,115.0
2024-10,MUN,PB|JOAO PESSOA,glp,28,108.75,95.0,110.0,84.99,110.0
2024-10,MUN,PE|CARUARU,glp,8,86.0,83.5,90.0,80.0,90.0
2024-10,MUN,PE|JABOATAO DOS GUARARAPES,glp,12,95.0,90.2,97.25,85.0,99.99
2024-10,MUN,PE|PETROLINA,glp,11,108.0,105.0,119.9,100.0,120.0
2024-10,MUN,PE|RECIFE,glp,15,90.0,85.0,97.4,80.0,100.0
2024-10,MUN,PI|TERESINA,glp,29,105.0,100.0,106.0,100.0,110.0
2024-10,MUN,PR|CASCAVEL,glp,16,110.0,102.5,115.0,99.0,115.0
2024-10,MUN,PR|CURITIBA,glp,48,98.0,93.97,105.0,89.9,109.9
2024-10,MUN,PR|FOZ DO IGUACU,glp,14,115.0,112.5,120.0,110.0,120.0
2024-10,MUN,PR|IVAIPORA,glp,1,120.0,120.0,120.0,120.0,120.0
2024-10,MUN,PR|LONDRINA,glp,15,105.0,100.8,110.0,95.0,120.0
2024-10,MUN,PR|MARINGA,glp,14,105.0,91.483,115.0,89.9,115.0
2024-10,MUN,PR|PALOTINA,glp,1,115.0,115.0,115.0,115.0,115.0
2024-10,MUN,PR|PONTA GROSSA,glp,9,105.0,97.38,110.0,94.9,110.0
2024-10,MUN,PR|QUEDAS DO IGUACU,glp,1,110.0,110.0,110.0,110.0,110.0
2024-10,MUN,RJ|CAMPOS DOS GOYTACAZES,glp,10,90.0,84.999,99.991,84.99,100.0
2024-10,MUN,RJ|DUQUE DE CAXIAS,glp,11,94.99,88.99,99.0,87.99,105.0
2024-10,MUN,RJ|NITEROI,glp,7,95.0,85.59,102.39,84.99,105.99
2024-10,MUN,RJ|NOVA IGUACU,glp,15,85.0,81.996,115.0,80.0,115.0
2024-10,MUN,RJ|PETROPOLIS,glp,7,103.0,95.99,106.2,89.99,108.0
2024-10,MUN,RJ|RIO DE JANEIRO,glp,32,97.75,94.099,105.0,87.99,124.0
2024-10,MUN,RN|NATAL,glp,13,100.0,92.6,110.0,88.0,128.0
2024-10,MUN,RO|PORTO VELHO,glp,27,120.0,111.8,125.0,107.0,130.0
2024-10,MUN,RR|BOA VISTA,glp,26,133.0,127.0,139.0,126.0,142.0
2024-10,MUN,RS|CANOAS,glp,16,105.0,101.25,110.0,100.0,110.0
2024-10,MUN,RS|CAXIAS DO SUL,glp,19,109.0,109.0,114.5,99.0,115.0
2024-10,MUN,RS|NOVO HAMBURGO,glp,10,100.0,99.7,105.8,97.0,113.0
2024-10,MUN,RS|PELOTAS,glp,14,107.5,105.0,110.0,103.9,110.0
2024-10,MUN,RS|PORTO ALEGRE,glp,17,110.0,104.96,120.8,100.0,129.0
2024-10,MUN,RS|SANTA MARIA,glp,11,110.0,105.0,116.4,105.0,117.0
2024-10,MUN,SC|BLUMENAU,glp,10,122.45,119.745,130.0,117.45,130.0
2024-10,MUN,SC|CRICIUMA,glp,6,117.5,112.5,122.5,110.0,125.0
2024-10,MUN,SC|FLORIANOPOLIS,glp,7,123.0,110.0,130.6,110.0,133.0
2024-10,MUN,SC|ITAJAI,glp,15,112.0,100.0,121.796,99.0,129.0
2024-10,MUN,SC|JOINVILLE,glp,6,122.5,119.0,128.5,118.0,132.0
2024-10,MUN,SC|SAO JOSE,glp,12,118.5,113.191,123.6,105.0,126.0
2024-10,MUN,SE|ARACAJU,glp,9,104.7,99.696,105.41,98.88,107.45
2024-10,MUN,SP|AMERICANA,glp,8,104.992,99.99,116.497,99.99,119.99
2024-10,MUN,SP|ARACATUBA,glp,16,89.99,82.99,114.995,75.0,120.0
2024-10,MUN,SP|ARARAQUARA,glp,15,105.0,99.994,120.0,99.99,120.0
2024-10,MUN,SP|BAURU,glp,13,105.0,99.99,105.0,99.99,107.0
2024-10,MUN,SP|CAMPINAS,glp,16,99.99,94.495,112.49,89.99,112.495
2024-10,MUN,SP|DIADEMA,glp,10,105.0,98.14,109.99,90.49,109.99
2024-10,MUN,SP|ELISIARIO,glp,1,100.0,100.0,100.0,100.0,100.0
2024-10,MUN,SP|FRANCA,glp,15,104.99,99.99,108.6,99.9,110.0
2024-10,MUN,SP|GUARULHOS,glp,13,98.0,94.99,109.0,90.0,120.0
2024-10,MUN,SP|JACAREI,glp,12,99.9,95.291,103.6,89.99,104.99
2024-10,MUN,SP|JUNDIAI,glp,10,110.0,104.29,119.1,97.99,120.0
2024-10,MUN,SP|LIMEIRA,glp,7,100.0,99.996,112.6,99.99,118.0
2024-10,MUN,SP|MARILIA,glp,10,120.5,117.6,125.0,114.0,125.0
2024-10,MUN,SP|MOGI DAS CRUZES,glp,4,108.945,105.866,109.99,104.995,109.99
2024-10,MUN,SP|OSASCO,glp,13,103.48,95.99,117.99,89.99,119.99
2024-10,MUN,SP|PIRACICABA,glp,8,99.99,98.493,115.0,95.0,115.0
2024-10,MUN,SP|PRESIDENTE PRUDENTE,glp,15,109.9,99.99,114.2,99.9,115.0
2024-10,MUN,SP|RIBEIRAO PRETO,glp,12,116.995,100.5,124.99,99.99,124.99
2024-10,MUN,SP|SANTO ANDRE,glp,12,108.49,100.491,114.99,99.99,122.0
2024-10,MUN,SP|SANTOS,glp,9,125.0,118.92,129.0,115.0,129.0
2024-10,MUN,SP|SAO BERNARDO DO CAMPO,glp,4,122.0,112.693,127.8,109.99,129.0
2024-10,MUN,SP|SAO CARLOS,glp,16,123.0,116.25,126.225,110.0,129.0
2024-10,MUN,SP|SAO JOSE DO RIO PRETO,glp,25,115.0,99.396,120.0,93.0,130.0
2024-10,MUN,SP|SAO JOSE DOS CAMPOS,glp,16,98.945,81.99,114.99,79.99,115.0
2024-10,MUN,SP|SAO PAULO,glp,59,110.0,99.99,124.18,89.99,131.0
2024-10,MUN,SP|SOROCABA,glp,15,110.0,104.994,120.0,104.99,122.0
2024-10,MUN,SP|TAUBATE,glp,11,95.0,87.99,100.0,87.0,104.0
2024-10,MUN,TO|PALMAS,glp,14,126.75,120.0,135.0,120.0,137.5
2024-10,UF,AC,glp,28,120.0,115.0,127.3,102.0,135.0
2024-10,UF,AL,glp,28,100.0,90.0,110.0,84.99,115.0
2024-10,UF,AM,glp,71,123.5,117.0,130.0,115.0,142.0
2024-10,UF,AP,glp,16,120.0,114.0,130.0,113.0,130.0
2024-10,UF,BA,glp,29,118.0,102.392,125.0,95.0,135.0
2024-10,UF,CE,glp,25,103.99,99.99,115.0,95.0,123.0
2024-10,UF,DF,glp,43,100.0,94.992,104.99,89.99,119.99
2024-10,UF,ES,glp,37,100.0,89.99,100.0,84.99,115.0
2024-10,UF,GO,glp,78,110.0,95.0,115.0,89.99,130.0
2024-10,UF,MA,glp,44,109.99,109.0,110.0,100.0,115.0
2024-10,UF,MG,glp,133,104.99,90.0,120.0,84.99,129.0
2024-10,UF,MS,glp,59,110.0,99.998,115.0,94.99,139.0
2024-10,UF,MT,glp,62,115.0,100.0,129.999,95.0,144.0
2024-10,UF,PA,glp,29,110.0,103.0,120.0,99.99,125.0
2024-10,UF,PB,glp,34,106.25,95.0,110.0,84.99,115.0
2024-10,UF,PE,glp,46,95.0,85.0,111.5,80.0,120.0
2024-10,UF,PI,glp,29,105.0,100.0,106.0,100.0,110.0
2024-10,UF,PR,glp,119,105.0,94.998,115.0,89.9,120.0
2024-10,UF,RJ,glp,82,95.0,85.0,105.0,80.0,124.0
2024-10,UF,RN,glp,13,100.0,92.6,110.0,88.0,128.0
2024-10,UF,RO,glp,27,120.0,111.8,125.0,107.0,130.0
2024-10,UF,RR,glp,26,133.0,127.0,139.0,126.0,142.0
2024-10,UF,RS,glp,87,109.0,100.0,114.7,97.0,129.0
2024-10,UF,SC,glp,56,120.0,110.0,129.0,99.0,133.0
2024-10,UF,SE,glp,9,104.7,99.696,105.41,98.88,107.45
2024-10,UF,SP,glp,365,105.0,94.994,121.8,75.0,131.0
2024-10,UF,TO,glp,14,126.75,120.0,135.0,120.0,137.5
2024-11,BR,BR,glp,1586,109.0,94.99,125.0,75.0,147.0
2024-11,MUN,AC|RIO BRANCO,glp,27,120.0,115.6,127.4,110.0,135.0
2024-11,MUN,AL|MACEIO,glp,28,100.0,90.0,110.0,86.49,115.0
2024-11,MUN,AM|MANAUS,glp,71,125.0,120.0,133.0,117.0,147.0
2024-11,MUN,AP|MACAPA,glp,16,120.0,113.0,130.0,110.0,130.0
2024-11,MUN,BA|FEIRA DE SANTANA,glp,5,108.995,102.998,110.0,100.0,110.0
2024-11,MUN,BA|SALVADOR,glp,29,121.745,114.0,130.998,100.0,140.0
2024-11,MUN,CE|FORTALEZA,glp,23,103.0,99.99,114.0,95.0,123.0
2024-11,MUN,DF|BRASILIA,glp,43,100.0,94.992,104.99,89.99,119.99
2024-11,MUN,ES|SERRA,glp,14,93.495,84.493,100.0,80.0,100.0
2024-11,MUN,ES|VILA VELHA,glp,15,100.0,96.0,100.0,95.0,110.0
2024-11,MUN,ES|VITORIA,glp,8,100.0,94.997,101.498,94.99,104.995
2024-11,MUN,GO|ANAPOLIS,glp,22,110.0,110.0,110.0,90.0,115.0
2024-11,MUN,GO|APARECIDA DE GOIANIA,glp,27,105.0,95.0,115.0,94.99,120.0
2024-11,MUN,GO|GOIANIA,glp,28,107.5,97.53,120.0,89.99,130.0
2024-11,MUN,MA|IMPERATRIZ,glp,13,110.0,105.998,110.0,100.0,110.0
2024-11,MUN,MA|SAO LUIS,glp,31,109.99,109.0,110.0,109.0,115.0
2024-11,MUN,MG|BELO HORIZONTE,glp,28,100.0,94.99,120.0,89.99,129.0
2024-11,MUN,MG|CONTAGEM,glp,19,110.0,93.99,117.0,89.99,126.0
2024-11,MUN,MG|GOVERNADOR VALADARES,glp,10,120.0,111.55,120.5,107.5,125.0
2024-11,MUN,MG|JUIZ DE FORA,glp,16,89.99,84.99,97.495,84.99,101.0
2024-11,MUN,MG|MONTES CLAROS,glp,27,110.0,101.0,116.0,99.99,125.0
2024-11,MUN,MG|UBERABA,glp,14,100.0,91.5,110.0,85.0,110.0
2024-11,MUN,MG|UBERLANDIA,glp,19,100.0,89.99,117.0,85.0,125.0
2024-11,MUN,MS|CAMPO GRANDE,glp,43,105.0,99.0,115.0,97.49,139.0
2024-11,MUN,MS|DOURADOS,glp,16,110.0,105.0,125.0,99.99,130.0
2024-11,MUN,MT|CUIABA,glp,30,115.0,100.9,125.5,95.0,142.0
2024-11,MUN,MT|RONDONOPOLIS,glp,9,129.99,124.0,132.0,120.0,140.0
2024-11,MUN,MT|VARZEA GRANDE,glp,22,107.5,99.909,124.0,94.99,125.0
2024-11,MUN,PA|BELEM,glp,28,110.0,104.393,120.0,99.99,125.0
2024-11,MUN,PB|CAMPINA GRANDE,glp,6,105.0,96.0,113.75,92.0,117.5
2024-11,MUN,PB|JOAO PESSOA,glp,28,110.0,96.747,110.0,90.0,110.0
2024-11,MUN,PE|CARUARU,glp,8,85.0,83.493,90.0,80.0,90.0
2024-11,MUN,PE|JABOATAO DOS GUARARAPES,glp,12,94.495,90.0,95.0,90.0,97.5
2024-11,MUN,PE|PETROLINA,glp,12,112.25,105.25,120.0,100.0,125.0
2024-11,MUN,PE|RECIFE,glp,15,90.0,85.0,97.4,85.0,100.0
2024-11,MUN,PI|TERESINA,glp,28,105.0,100.0,106.5,89.995,112.495
2024-11,MUN,PR|CASCAVEL,glp,16,110.0,100.0,115.0,100.0,115.0
2024-11,MUN,PR|CURITIBA,glp,46,98.0,92.995,105.0,89.9,109.9
2024-11,MUN,PR|FOZ DO IGUACU,glp,14,115.0,111.5,120.0,110.0,120.0
2024-11,MUN,PR|IVAIPORA,glp,1,125.0,125.0,125.0,125.0,125.0
2024-11,MUN,PR|LONDRINA,glp,18,105.0,99.4,110.0,93.0,125.0
2024-11,MUN,PR|MARINGA,glp,14,105.975,89.986,125.0,89.9,125.0
2024-11,MUN,PR|PALOTINA,glp,1,115.0,115.0,115.0,115.0,115.0
2024-11,MUN,PR|PONTA GROSSA,glp,9,105.0,94.9,110.0,94.9,110.0
2024-11,MUN,PR|QUEDAS DO IGUACU,glp,1,110.0,110.0,110.0,110.0,110.0
2024-11,MUN,RJ|CAMPOS DOS GOYTACAZES,glp,11,89.99,85.0,99.99,84.99,100.0
2024-11,MUN,RJ|DUQUE DE CAXIAS,glp,9,94.99,89.49,97.0,87.49,105.0
2024-11,MUN,RJ|NITEROI,glp,9,95.0,84.99,101.19,84.99,105.99
2024-11,MUN,RJ|NOVA IGUACU,glp,15,95.0,80.0,115.0,79.99,115.0
2024-11,MUN,RJ|PETROPOLIS,glp,7,99.99,89.996,106.2,89.99,108.0
2024-11,MUN,RJ|RIO DE JANEIRO,glp,31,97.99,90.0,105.0,87.99,105.0
2024-11,MUN,RN|NATAL,glp,13,100.0,92.6,110.0,88.0,128.0
2024-11,MUN,RO|PORTO VELHO,glp,27,120.0,113.3,125.0,107.0,130.0
2024-11,MUN,RR|BOA VISTA,glp,26,136.0,130.0,143.125,127.0,146.0
2024-11,MUN,RS|CANOAS,glp,15,105.0,100.0,110.0,100.0,110.0
2024-11,MUN,RS|CAXIAS DO SUL,glp,19,109.0,109.0,110.0,99.0,115.0
2024-11,MUN,RS|NOVO HAMBURGO,glp,10,100.0,97.9,107.15,97.0,113.0
2024-11,MUN,RS|PELOTAS,glp,15,107.5,105.0,110.0,103.9,117.0
2024-11,MUN,RS|PORTO ALEGRE,glp,17,110.0,104.96,122.4,100.0,135.9
2024-11,MUN,RS|SANTA MARIA,glp,13,109.9,105.2,116.1,101.5,118.9
2024-11,MUN,SC|BLUMENAU,glp,10,120.0,119.0,130.0,110.0,130.0
2024-11,MUN,SC|CRICIUMA,glp,6,117.5,112.5,122.5,110.0,125.0
2024-11,MUN,SC|FLORIANOPOLIS,glp,8,124.0,117.0,130.2,110.0,133.0
2024-11,MUN,SC|ITAJAI,glp,15,112.0,100.0,123.3,99.0,123.5
2024-11,MUN,SC|JOINVILLE,glp,6,122.5,119.0,128.5,118.0,132.0
2024-11,MUN,SC|SAO JOSE,glp,13,118.0,113.392,121.6,105.0,124.0
2024-11,MUN,SE|ARACAJU,glp,8,104.9,99.33,106.43,98.0,110.0
2024-11,MUN,SP|AMERICANA,glp,8,104.992,99.99,116.497,99.99,119.99
2024-11,MUN,SP|ARACATUBA,glp,16,89.495,82.99,107.5,75.0,120.0
2024-11,MUN,SP|ARARAQUARA,glp,15,105.0,99.994,120.0,99.99,120.0
2024-11,MUN,SP|BAURU,glp,13,105.0,99.99,105.0,94.99,107.0
2024-11,MUN,SP|CAMPINAS,glp,16,99.99,94.495,109.995,89.99,110.0
2024-11,MUN,SP|DIADEMA,glp,9,104.99,99.79,106.79,98.99,109.99
2024-11,MUN,SP|ELISIARIO,glp,1,100.0,100.0,100.0,100.0,100.0
2024-11,MUN,SP|FRANCA,glp,15,104.99,99.936,108.6,97.99,110.0
2024-11,MUN,SP|GUARULHOS,glp,13,98.0,90.998,108.992,89.99,120.0
2024-11,MUN,SP|JACAREI,glp,10,99.5,94.49,105.481,89.99,109.9
2024-11,MUN,SP|JUNDIAI,glp,10,110.0,104.29,119.1,97.99,120.0
2024-11,MUN,SP|LIMEIRA,glp,7,100.0,97.996,118.0,94.99,118.0
2024-11,MUN,SP|MARILIA,glp,9,121.0,117.2,126.4,114.0,132.0
2024-11,MUN,SP|MOGI DAS CRUZES,glp,4,109.99,108.527,109.997,107.9,110.0
2024-11,MUN,SP|OSASCO,glp,12,104.235,93.19,118.99,89.99,119.99
2024-11,MUN,SP|PIRACICABA,glp,8,99.99,98.493,115.0,95.0,115.0
2024-11,MUN,SP|PRESIDENTE PRUDENTE,glp,15,109.9,99.99,114.2,99.9,115.0
2024-11,MUN,SP|RIBEIRAO PRETO,glp,11,117.495,100.0,124.99,99.99,124.99
2024-11,MUN,SP|SANTO ANDRE,glp,12,108.49,102.746,114.99,99.99,122.0
2024-11,MUN,SP|SANTOS,glp,9,125.0,118.92,129.0,115.0,129.0
2024-11,MUN,SP|SAO BERNARDO DO CAMPO,glp,4,117.495,109.99,127.8,109.99,129.0
2024-11,MUN,SP|SAO CARLOS,glp,16,123.0,110.0,126.0,110.0,133.0
2024-11,MUN,SP|SAO JOSE DO RIO PRETO,glp,25,115.0,99.4,118.0,93.0,130.0
2024-11,MUN,SP|SAO JOSE DOS CAMPOS,glp,17,98.99,81.99,114.994,79.99,115.0
2024-11,MUN,SP|SAO PAULO,glp,59,110.0,99.59,124.18,89.99,131.0
2024-11,MUN,SP|SOROCABA,glp,15,115.0,104.994,120.0,104.99,122.0
2024-11,MUN,SP|TAUBATE,glp,12,92.5,88.19,99.95,87.0,104.0
2024-11,MUN,TO|PALMAS,glp,12,124.0,120.0,134.5,120.0,135.0
2024-11,UF,AC,glp,27,120.0,115.6,127.4,110.0,135.0
2024-11,UF,AL,glp,28,100.0,90.0,110.0,86.49,115.0
2024-11,UF,AM,glp,71,125.0,120.0,133.0,117.0,147.0
2024-11,UF,AP,glp,16,120.0,113.0,130.0,110.0,130.0
2024-11,UF,BA,glp,34,120.0,109.297,129.997,100.0,140.0
2024-11,UF,CE,glp,23,103.0,99.99,114.0,95.0,123.0
2024-11,UF,DF,glp,43,100.0,94.992,104.99,89.99,119.99
2024-11,UF,ES,glp,37,100.0,89.99,100.0,80.0,110.0
2024-11,UF,GO,glp,77,110.0,95.0,115.0,89.99,130.0
2024-11,UF,MA,glp,44,109.99,109.0,110.0,100.0,115.0
2024-11,UF,MG,glp,133,104.99,89.99,120.0,84.99,129.0
2024-11,UF,MS,glp,59,109.9,99.792,115.0,97.49,139.0
2024-11,UF,MT,glp,61,115.0,99.99,130.0,94.99,142.0
2024-11,UF,PA,glp,28,110.0,104.393,120.0,99.99,125.0
2024-11,UF,PB,glp,34,107.5,95.748,110.0,90.0,117.5
2024-11,UF,PE,glp,47,95.0,85.0,113.5,80.0,125.0
2024-11,UF,PI,glp,28,105.0,100.0,106.5,89.995,112.495
2024-11,UF,PR,glp,120,105.0,94.81,115.0,89.9,125.0
2024-11,UF,RJ,glp,82,95.0,85.0,105.0,79.99,115.0
2024-11,UF,RN,glp,13,100.0,92.6,110.0,88.0,128.0
2024-11,UF,RO,glp,27,120.0,113.3,125.0,107.0,130.0
2024-11,UF,RR,glp,26,136.0,130.0,143.125,127.0,146.0
2024-11,UF,RS,glp,89,109.0,100.0,114.2,97.0,135.9
2024-11,UF,SC,glp,58,120.0,109.7,125.0,99.0,133.0
2024-11,UF,SE,glp,8,104.9,99.33,106.43,98.0,110.0
2024-11,UF,SP,glp,361,105.99,94.99,122.0,75.0,133.0
2024-11,UF,TO,glp,12,124.0,120.0,134.5,120.0,135.0
2024-12,BR,BR,glp,1586,109.9,94.99,125.0,74.99,160.0
2024-12,MUN,AC|RIO BRANCO,glp,28,120.0,115.7,127.3,107.0,135.0
2024-12,MUN,AL|MACEIO,glp,28,100.0,89.997,110.0,87.99,115.0
2024-12,MUN,AM|MANAUS,glp,71,128.0,120.0,133.0,118.0,147.0
2024-12,MUN,AP|MACAPA,glp,16,124.0,113.0,130.5,110.0,131.0
2024-12,MUN,BA|FEIRA DE SANTANA,glp,4,110.0,109.993,110.0,109.99,110.0
2024-12,MUN,BA|SALVADOR,glp,28,127.5,118.493,137.197,109.99,148.5
2024-12,MUN,CE|FORTALEZA,glp,25,103.0,98.994,119.2,95.0,125.0
2024-12,MUN,DF|BRASILIA,glp,42,99.99,94.99,104.99,89.99,119.99
2024-12,MUN,ES|SERRA,glp,14,89.99,84.493,100.0,80.0,105.0
2024-12,MUN,ES|VILA VELHA,glp,15,100.0,95.0,100.0,95.0,110.0
2024-12,MUN,ES|VITORIA,glp,9,100.0,93.19,106.0,89.99,110.0
2024-12,MUN,GO|ANAPOLIS,glp,22,110.0,110.0,112.25,100.0,115.0
2024-12,MUN,GO|APARECIDA DE GOIANIA,glp,27,105.0,95.0,115.0,94.99,120.0
2024-12,MUN,GO|GOIANIA,glp,28,110.0,97.53,120.0,89.99,130.0
2024-12,MUN,MA|IMPERATRIZ,glp,13,110.0,105.998,110.0,100.0,110.0
2024-12,MUN,MA|SAO LUIS,glp,31,109.99,109.0,110.0,99.945,115.0
2024-12,MUN,MG|BELO HORIZONTE,glp,28,100.0,94.99,120.0,89.99,129.0
2024-12,MUN,MG|CONTAGEM,glp,18,107.5,89.99,115.0,85.99,126.0
2024-12,MUN,MG|GOVERNADOR VALADARES,glp,10,120.0,111.7,120.5,109.0,125.0
2024-12,MUN,MG|MONTES CLAROS,glp,27,110.0,103.394,115.0,95.0,125.0
2024-12,MUN,MG|UBERABA,glp,14,100.0,90.0,110.0,85.0,110.0
2024-12,MUN,MG|UBERLANDIA,glp,19,100.0,93.99,117.0,89.99,125.0
2024-12,MUN,MS|CAMPO GRANDE,glp,41,109.0,99.99,115.0,99.0,122.0
2024-12,MUN,MS|DOURADOS,glp,16,110.0,105.0,125.0,99.99,130.0
2024-12,MUN,MT|CUIABA,glp,31,114.99,104.99,125.0,95.0,144.0
2024-12,MUN,MT|RONDONOPOLIS,glp,9,129.99,124.0,132.0,120.0,140.0
2024-12,MUN,MT|VARZEA GRANDE,glp,22,107.5,99.909,124.0,94.99,125.0
2024-12,MUN,PA|BELEM,glp,28,110.0,104.393,120.0,99.99,125.0
2024-12,MUN,PB|CAMPINA GRANDE,glp,6,105.0,93.5,110.0,92.0,110.0
2024-12,MUN,PB|JOAO PESSOA,glp,28,110.0,100.0,110.0,84.99,110.0
2024-12,MUN,PE|CARUARU,glp,10,85.0,81.8,88.6,80.0,103.0
2024-12,MUN,PE|JABOATAO DOS GUARARAPES,glp,12,94.495,90.0,99.491,90.0,100.0
2024-12,MUN,PE|PETROLINA,glp,14,112.5,105.9,120.0,100.0,125.0
2024-12,MUN,PE|RECIFE,glp,15,85.0,84.994,97.4,84.99,100.0
2024-12,MUN,PI|TERESINA,glp,28,105.0,100.0,110.0,74.99,119.99
2024-12,MUN,PR|CASCAVEL,glp,16,109.245,102.5,115.0,100.0,115.0
2024-12,MUN,PR|CURITIBA,glp,48,98.945,92.7,105.0,84.9,109.9
2024-12,MUN,PR|FOZ DO IGUACU,glp,14,115.0,111.5,120.0,110.0,120.0
2024-12,MUN,PR|IVAIPORA,glp,1,120.0,120.0,120.0,120.0,120.0
2024-12,MUN,PR|LONDRINA,glp,15,105.0,98.0,110.0,93.0,125.0
2024-12,MUN,PR|MARINGA,glp,14,105.0,89.924,120.0,89.9,120.0
2024-12,MUN,PR|PALOTINA,glp,1,115.0,115.0,115.0,115.0,115.0
2024-12,MUN,PR|PONTA GROSSA,glp,8,105.0,103.5,110.0,100.0,110.0
2024-12,MUN,PR|QUEDAS DO IGUACU,glp,1,110.0,110.0,110.0,110.0,110.0
2024-12,MUN,RJ|CAMPOS DOS GOYTACAZES,glp,12,90.75,89.099,95.9,89.0,99.99
2024-12,MUN,RJ|DUQUE DE CAXIAS,glp,9,93.54,84.99,97.0,84.99,105.0
2024-12,MUN,RJ|NITEROI,glp,7,98.0,85.59,102.39,84.99,105.99
2024-12,MUN,RJ|NOVA IGUACU,glp,14,89.995,80.0,115.0,79.99,115.0
2024-12,MUN,RJ|PETROPOLIS,glp,7,99.99,89.996,106.2,89.99,108.0
2024-12,MUN,RJ|RIO DE JANEIRO,glp,31,97.99,93.0,105.0,87.99,105.0
2024-12,MUN,RJ|SAO GONCALO,glp,8,99.99,97.79,100.0,94.99,100.0
2024-12,MUN,RN|NATAL,glp,15,100.0,93.2,118.0,88.0,128.0
2024-12,MUN,RO|PORTO VELHO,glp,27,120.0,113.6,125.0,107.0,130.0
2024-12,MUN,RR|BOA VISTA,glp,26,136.5,130.0,143.0,127.0,160.0
2024-12,MUN,RS|CANOAS,glp,16,105.0,100.0,110.0,100.0,110.0
2024-12,MUN,RS|CAXIAS DO SUL,glp,19,109.9,109.0,110.0,99.0,115.0
2024-12,MUN,RS|NOVO HAMBURGO,glp,10,100.0,97.7,106.7,95.0,113.0
2024-12,MUN,RS|PELOTAS,glp,15,107.0,105.0,110.0,103.9,116.0
2024-12,MUN,RS|PORTO ALEGRE,glp,16,111.5,104.95,124.45,100.0,135.9
2024-12,MUN,RS|SANTA MARIA,glp,13,109.9,105.0,116.6,105.0,118.9
2024-12,MUN,SC|BLUMENAU,glp,10,120.0,120.0,130.0,120.0,130.0
2024-12,MUN,SC|CRICIUMA,glp,5,120.0,112.0,123.0,110.0,125.0
2024-12,MUN,SC|FLORIANOPOLIS,glp,7,125.0,116.0,139.0,110.0,148.0
2024-12,MUN,SC|ITAJAI,glp,13,112.0,100.0,119.888,99.0,129.0
2024-12,MUN,SC|JOINVILLE,glp,9,122.0,117.0,126.4,115.0,132.0
2024-12,MUN,SC|SAO JOSE,glp,12,120.0,113.191,123.8,105.0,128.0
2024-12,MUN,SE|ARACAJU,glp,8,104.9,99.33,106.43,98.0,110.0
2024-12,MUN,SP|AMERICANA,glp,8,104.99,99.99,116.497,99.99,119.99
2024-12,MUN,SP|ARACATUBA,glp,16,89.99,85.99,107.495,85.99,120.0
2024-12,MUN,SP|ARARAQUARA,glp,15,105.0,99.994,120.0,99.99,120.0
2024-12,MUN,SP|BAURU,glp,13,100.0,99.99,105.0,89.99,107.0
2024-12,MUN,SP|CAMPINAS,glp,16,99.99,92.242,109.99,89.99,110.0
2024-12,MUN,SP|DIADEMA,glp,10,104.99,99.89,106.39,98.99,109.99
2024-12,MUN,SP|ELISIARIO,glp,1,100.0,100.0,100.0,100.0,100.0
2024-12,MUN,SP|FRANCA,glp,15,104.99,99.99,108.6,97.99,110.0
2024-12,MUN,SP|GUARULHOS,glp,13,97.99,92.99,108.992,90.0,120.0
2024-12,MUN,SP|JACAREI,glp,11,100.0,94.99,109.9,89.99,109.9
2024-12,MUN,SP|JUNDIAI,glp,10,110.0,104.29,119.1,97.99,120.0
2024-12,MUN,SP|LIMEIRA,glp,9,100.0,98.99,118.0,94.99,118.0
2024-12,MUN,SP|MARILIA,glp,10,120.5,117.6,125.0,114.0,125.0
2024-12,MUN,SP|MOGI DAS CRUZES,glp,4,109.99,108.527,109.997,107.9,110.0
2024-12,MUN,SP|OSASCO,glp,13,104.99,93.39,117.992,89.99,119.99
2024-12,MUN,SP|PIRACICABA,glp,9,99.99,98.992,115.0,95.0,115.0
2024-12,MUN,SP|PRESIDENTE PRUDENTE,glp,14,109.99,99.993,113.0,99.9,115.0
2024-12,MUN,SP|RIBEIRAO PRETO,glp,14,111.495,99.99,118.493,84.99,119.99
2024-12,MUN,SP|SANTO ANDRE,glp,11,106.99,99.99,114.99,99.99,122.0
2024-12,MUN,SP|SANTOS,glp,10,125.0,119.99,129.0,119.9,129.0
2024-12,MUN,SP|SAO BERNARDO DO CAMPO,glp,5,125.0,111.99,127.4,109.99,129.0
2024-12,MUN,SP|SAO CARLOS,glp,16,123.0,120.0,126.225,120.0,133.0
2024-12,MUN,SP|SAO JOSE DO RIO PRETO,glp,24,115.0,100.0,118.5,98.0,130.0
2024-12,MUN,SP|SAO JOSE DOS CAMPOS,glp,16,99.45,81.99,114.995,79.99,115.0
2024-12,MUN,SP|SAO PAULO,glp,59,110.0,99.59,124.18,89.99,131.0
2024-12,MUN,SP|SOROCABA,glp,16,110.995,105.995,120.0,105.0,122.0
2024-12,MUN,SP|TAUBATE,glp,11,95.0,87.0,100.0,85.0,104.0
2024-12,MUN,TO|PALMAS,glp,13,125.0,120.0,135.0,120.0,135.0
2024-12,UF,AC,glp,28,120.0,115.7,127.3,107.0,135.0
2024-12,UF,AL,glp,28,100.0,89.997,110.0,87.99,115.0
2024-12,UF,AM,glp,71,128.0,120.0,133.0,118.0,147.0
2024-12,UF,AP,glp,16,124.0,113.0,130.5,110.0,131.0
2024-12,UF,BA,glp,32,125.0,110.0,135.9,109.99,148.5
2024-12,UF,CE,glp,25,103.0,98.994,119.2,95.0,125.0
2024-12,UF,DF,glp,42,99.99,94.99,104.99,89.99,119.99
2024-12,UF,ES,glp,38,100.0,89.693,101.5,80.0,110.0
2024-12,UF,GO,glp,77,110.0,96.8,115.0,89.99,130.0
2024-12,UF,MA,glp,44,109.99,109.0,110.0,99.945,115.0
2024-12,UF,MG,glp,116,107.0,94.99,120.0,85.0,129.0
2024-12,UF,MS,glp,57,110.0,99.99,115.0,99.0,130.0
2024-12,UF,MT,glp,62,115.0,99.99,129.999,94.99,144.0
2024-12,UF,PA,glp,28,110.0,104.393,120.0,99.99,125.0
2024-12,UF,PB,glp,34,110.0,96.5,110.0,84.99,110.0
2024-12,UF,PE,glp,51,92.0,85.0,115.0,80.0,125.0
2024-12,UF,PI,glp,28,105.0,100.0,110.0,74.99,119.99
2024-12,UF,PR,glp,118,105.0,93.97,115.0,84.9,125.0
2024-12,UF,RJ,glp,88,95.0,85.0,105.0,79.99,115.0
2024-12,UF,RN,glp,15,100.0,93.2,118.0,88.0,128.0
2024-12,UF,RO,glp,27,120.0,113.6,125.0,107.0,130.0
2024-12,UF,RR,glp,26,136.5,130.0,143.0,127.0,160.0
2024-12,UF,RS,glp,89,109.0,100.0,115.0,95.0,135.9
2024-12,UF,SC,glp,56,120.0,105.0,129.5,99.0,148.0
2024-12,UF,SE,glp,8,104.9,99.33,106.43,98.0,110.0
2024-12,UF,SP,glp,369,106.99,94.99,121.2,79.99,133.0
2024-12,UF,TO,glp,13,125.0,120.0,135.0,120.0,135.0
