periodo,nivel,codigo,produto,postos,mediana,p10,p90,minimo,maximo
2006-01,BR,BR,glp,7677,30.0,28.0,35.0,24.5,45.0
2006-01,MUN,AC|CRUZEIRO DO SUL,glp,1,44.0,44.0,44.0,44.0,44.0
2006-01,MUN,AC|RIO BRANCO,glp,44,36.0,35.5,36.5,35.0,38.0
2006-01,MUN,AC|SENA MADUREIRA,glp,3,39.0,39.0,39.0,39.0,39.0
2006-01,MUN,AC|SENADOR GUIOMARD,glp,1,37.0,37.0,37.0,37.0,37.0
2006-01,MUN,AC|TARAUACA,glp,1,45.0,45.0,45.0,45.0,45.0
2006-01,MUN,AC|XAPURI,glp,2,38.0,37.2,38.8,37.0,39.0
2006-01,MUN,AL|ARAPIRACA,glp,6,33.0,33.0,33.075,33.0,33.1
2006-01,MUN,AL|DELMIRO GOUVEIA,glp,2,28.5,28.1,28.9,28.0,29.0
2006-01,MUN,AL|MACEIO,glp,18,33.0,31.7,33.3,30.0,34.0
2006-01,MUN,AL|MARECHAL DEODORO,glp,1,33.0,33.0,33.0,33.0,33.0
2006-01,MUN,AL|PALMEIRA DOS INDIOS,glp,2,33.0,33.0,33.0,33.0,33.0
2006-01,MUN,AL|RIO LARGO,glp,1,33.0,33.0,33.0,33.0,33.0
2006-01,MUN,AL|SANTANA DO IPANEMA,glp,1,29.0,29.0,29.0,29.0,29.0
2006-01,MUN,AM|HUMAITA,glp,1,34.0,34.0,34.0,34.0,34.0
2006-01,MUN,AM|ITACOATIARA,glp,1,33.0,33.0,33.0,33.0,33.0
2006-01,MUN,AM|MANACAPURU,glp,2,31.0,31.0,31.0,31.0,31.0
2006-01,MUN,AM|MANAUS,glp,299,29.5,29.5,30.0,29.5,31.0
2006-01,MUN,AM|PARINTINS,glp,1,33.0,33.0,33.0,33.0,33.0
2006-01,MUN,AM|PRESIDENTE FIGUEIREDO,glp,2,34.25,33.65,34.85,33.5,35.0
2006-01,MUN,AP|LARANJAL DO JARI,glp,1,31.0,31.0,31.0,31.0,31.0
2006-01,MUN,AP|MACAPA,glp,8,34.0,34.0,34.0,34.0,34.0
2006-01,MUN,AP|OIAPOQUE,glp,3,44.0,44.0,44.18,44.0,44.225
2006-01,MUN,AP|SANTANA,glp,2,34.0,34.0,34.0,34.0,34.0
2006-01,MUN,BA|ALAGOINHAS,glp,3,32.0,32.0,32.0,32.0,32.0
2006-01,MUN,BA|BARRA,glp,4,31.0,28.9,31.7,28.0,32.0
2006-01,MUN,BA|BARREIRAS,glp,13,30.0,30.0,31.6,30.0,35.0
2006-01,MUN,BA|BRUMADO,glp,4,33.0,32.16,33.0,31.8,33.0
2006-01,MUN,BA|CAETITE,glp,6,29.0,27.5,30.0,27.0,30.0
2006-01,MUN,BA|CAMACARI,glp,8,33.5,33.0,33.5,33.0,33.5
2006-01,MUN,BA|CAMPO FORMOSO,glp,3,30.0,30.0,30.0,30.0,30.0
2006-01,MUN,BA|CANDEIAS,glp,6,28.5,28.0,30.0,28.0,30.0
2006-01,MUN,BA|CAPIM GROSSO,glp,1,30.0,30.0,30.0,30.0,30.0
2006-01,MUN,BA|CONCEICAO DO JACUIPE,glp,1,32.5,32.5,32.5,32.5,32.5
2006-01,MUN,BA|EUNAPOLIS,glp,7,35.0,35.0,35.0,35.0,35.0
2006-01,MUN,BA|FEIRA DE SANTANA,glp,9,31.0,30.4,31.0,28.0,31.0
2006-01,MUN,BA|GUANAMBI,glp,9,33.0,31.8,33.0,27.0,33.0
2006-01,MUN,BA|ILHEUS,glp,11,34.0,34.0,34.0,33.97,35.0
2006-01,MUN,BA|IPIRA,glp,4,30.0,30.0,30.0,30.0,30.0
2006-01,MUN,BA|IRECE,glp,4,31.5,30.3,32.0,30.0,32.0
2006-01,MUN,BA|ITABUNA,glp,7,32.0,32.0,32.0,32.0,32.0
2006-01,MUN,BA|ITAMARAJU,glp,5,32.0,32.0,32.6,32.0,33.0
2006-01,MUN,BA|JACOBINA,glp,8,30.0,30.0,32.0,30.0,32.0
2006-01,MUN,BA|JAGUAQUARA,glp,6,31.25,30.0,31.75,30.0,32.0
2006-01,MUN,BA|JEQUIE,glp,4,31.0,30.0,32.0,30.0,32.0
2006-01,MUN,BA|JUAZEIRO,glp,6,33.0,33.0,33.0,33.0,33.0
2006-01,MUN,BA|LAURO DE FREITAS,glp,10,30.45,29.9,30.9,29.9,30.9
2006-01,MUN,BA|PAULO AFONSO,glp,5,32.0,31.4,32.0,31.0,32.0
2006-01,MUN,BA|POCOES,glp,3,28.0,28.0,29.6,28.0,30.0
2006-01,MUN,BA|PORTO SEGURO,glp,7,35.0,35.0,35.4,35.0,36.0
2006-01,MUN,BA|RUY BARBOSA,glp,5,33.0,33.0,33.0,33.0,33.0
2006-01,MUN,BA|SALVADOR,glp,138,30.0,28.0,31.0,26.0,31.0
2006-01,MUN,BA|SANTO ANTONIO DE JESUS,glp,4,33.0,33.0,33.0,33.0,33.0
2006-01,MUN,BA|SENHOR DO BONFIM,glp,4,33.0,33.0,33.0,33.0,33.0
2006-01,MUN,BA|SERRINHA,glp,3,28.0,28.0,28.0,28.0,28.0
2006-01,MUN,BA|SIMOES FILHO,glp,7,31.0,30.0,31.0,30.0,31.0
2006-01,MUN,BA|TEIXEIRA DE FREITAS,glp,11,32.0,32.0,33.0,30.0,33.0
2006-01,MUN,BA|VALENCA,glp,3,35.0,35.0,35.0,35.0,35.0
2006-01,MUN,BA|VITORIA DA CONQUISTA,glp,2,32.04,32.008,32.072,32.0,32.08
2006-01,MUN,CE|BEBERIBE,glp,2,31.0,31.0,31.0,31.0,31.0
2006-01,MUN,CE|CANINDE,glp,2,32.0,31.2,32.8,31.0,33.0
2006-01,MUN,CE|CAUCAIA,glp,15,30.75,29.5,31.15,29.0,31.25
2006-01,MUN,CE|CRATEUS,glp,3,33.0,32.2,33.0,32.0,33.0
2006-01,MUN,CE|CRATO,glp,7,34.0,31.2,35.0,30.0,35.0
2006-01,MUN,CE|FORTALEZA,glp,209,30.8,29.5,31.05,28.0,32.0
2006-01,MUN,CE|IGUATU,glp,2,32.0,32.0,32.0,32.0,32.0
2006-01,MUN,CE|IPU,glp,3,34.0,34.0,34.0,34.0,34.0
2006-01,MUN,CE|ITAPIPOCA,glp,3,29.0,29.0,29.8,29.0,30.0
2006-01,MUN,CE|JUAZEIRO DO NORTE,glp,6,34.0,33.5,35.0,33.0,35.0
2006-01,MUN,CE|LIMOEIRO DO NORTE,glp,2,33.95,33.91,33.99,33.9,34.0
2006-01,MUN,CE|MARACANAU,glp,7,31.0,30.0,31.25,30.0,31.25
2006-01,MUN,CE|MORADA NOVA,glp,3,32.0,32.0,32.0,32.0,32.0
2006-01,MUN,CE|PEDRA BRANCA,glp,2,30.0,30.0,30.0,30.0,30.0
2006-01,MUN,CE|QUIXADA,glp,5,32.0,30.8,32.0,30.0,32.0
2006-01,MUN,CE|SAO GONCALO DO AMARANTE,glp,1,32.0,32.0,32.0,32.0,32.0
2006-01,MUN,CE|SOBRAL,glp,4,33.5,30.9,34.0,30.0,34.0
2006-01,MUN,DF|BRASILIA,glp,32,33.0,33.0,34.5,30.0,34.5
2006-01,MUN,ES|ARACRUZ,glp,7,28.5,28.0,30.4,28.0,31.0
2006-01,MUN,ES|BARRA DE SAO FRANCISCO,glp,10,30.0,28.9,30.01,28.0,30.1
2006-01,MUN,ES|CACHOEIRO DE ITAPEMIRIM,glp,13,30.0,29.18,30.0,28.0,31.0
2006-01,MUN,ES|CARIACICA,glp,20,28.25,27.0,30.18,27.0,31.8
2006-01,MUN,ES|CASTELO,glp,4,29.5,29.0,31.33,29.0,31.9
2006-01,MUN,ES|COLATINA,glp,10,30.0,29.9,30.2,29.0,32.0
2006-01,MUN,ES|GUARAPARI,glp,5,30.0,29.4,31.2,29.0,32.0
2006-01,MUN,ES|ITAPEMIRIM,glp,2,28.5,27.3,29.7,27.0,30.0
2006-01,MUN,ES|JAGUARE,glp,3,32.0,31.6,32.0,31.5,32.0
2006-01,MUN,ES|LINHARES,glp,20,32.0,29.9,32.0,28.0,33.0
2006-01,MUN,ES|MARATAIZES,glp,1,28.0,28.0,28.0,28.0,28.0
2006-01,MUN,ES|NOVA VENECIA,glp,2,32.0,32.0,32.0,32.0,32.0
2006-01,MUN,ES|PIUMA,glp,1,30.0,30.0,30.0,30.0,30.0
2006-01,MUN,ES|SAO MATEUS,glp,8,31.0,30.0,32.0,30.0,32.0
2006-01,MUN,ES|SERRA,glp,54,29.0,28.0,30.0,27.0,30.1
2006-01,MUN,ES|VILA VELHA,glp,5,29.0,29.0,29.5,29.0,29.5
2006-01,MUN,ES|VITORIA,glp,4,29.0,29.0,29.0,29.0,29.0
2006-01,MUN,GO|AGUAS LINDAS DE GOIAS,glp,2,29.5,29.1,29.9,29.0,30.0
2006-01,MUN,GO|ANAPOLIS,glp,29,30.0,29.0,30.0,29.0,31.9
2006-01,MUN,GO|APARECIDA DE GOIANIA,glp,12,29.0,29.0,30.0,28.0,31.0
2006-01,MUN,GO|CAIAPONIA,glp,1,30.0,30.0,30.0,30.0,30.0
2006-01,MUN,GO|CALDAS NOVAS,glp,54,33.0,30.3,33.0,30.0,33.0
2006-01,MUN,GO|CATALAO,glp,11,29.0,28.5,30.0,28.0,30.0
2006-01,MUN,GO|FORMOSA,glp,6,34.5,33.0,35.0,33.0,35.0
2006-01,MUN,GO|GOIANIA,glp,81,29.0,28.0,30.9,28.0,32.0
2006-01,MUN,GO|GOIATUBA,glp,5,30.0,28.4,30.0,28.0,30.0
2006-01,MUN,GO|ITUMBIARA,glp,15,30.0,29.0,30.6,29.0,33.0
2006-01,MUN,GO|JATAI,glp,21,33.0,32.0,34.0,30.0,34.0
2006-01,MUN,GO|LUZIANIA,glp,14,32.0,30.0,32.0,30.0,32.0
2006-01,MUN,GO|MINEIROS,glp,23,34.0,34.0,34.0,34.0,34.0
2006-01,MUN,GO|MONTIVIDIU,glp,1,33.0,33.0,33.0,33.0,33.0
2006-01,MUN,GO|MORRINHOS,glp,18,30.0,30.0,31.3,30.0,32.0
2006-01,MUN,GO|PLANALTINA,glp,18,32.0,31.35,32.0,31.0,32.0
2006-01,MUN,GO|PORANGATU,glp,5,30.0,30.0,31.2,30.0,32.0
2006-01,MUN,GO|RIO VERDE,glp,15,33.0,32.396,33.0,31.0,33.0
2006-01,MUN,GO|TRINDADE,glp,32,30.0,28.0,31.0,28.0,31.0
2006-01,MUN,GO|VALPARAISO DE GOIAS,glp,4,28.5,28.0,30.4,28.0,31.0
2006-01,MUN,MA|ACAILANDIA,glp,3,35.0,35.0,35.0,35.0,35.0
2006-01,MUN,MA|BACABAL,glp,2,34.35,34.23,34.47,34.2,34.5
2006-01,MUN,MA|BALSAS,glp,2,36.0,36.0,36.0,36.0,36.0
2006-01,MUN,MA|BARRA DO CORDA,glp,2,36.25,36.05,36.45,36.0,36.5
2006-01,MUN,MA|CAROLINA,glp,2,36.0,36.0,36.0,36.0,36.0
2006-01,MUN,MA|CAXIAS,glp,4,35.0,35.0,35.0,35.0,35.0
2006-01,MUN,MA|CODO,glp,2,33.5,33.5,33.5,33.5,33.5
2006-01,MUN,MA|IMPERATRIZ,glp,7,34.0,34.0,34.0,34.0,34.0
2006-01,MUN,MA|PINHEIRO,glp,1,36.0,36.0,36.0,36.0,36.0
2006-01,MUN,MA|PRESIDENTE DUTRA,glp,1,33.0,33.0,33.0,33.0,33.0
2006-01,MUN,MA|SANTA INES,glp,2,34.5,34.5,34.5,34.5,34.5
2006-01,MUN,MA|SAO DOMINGOS DO MARANHAO,glp,1,36.0,36.0,36.0,36.0,36.0
2006-01,MUN,MA|SAO JOAO DOS PATOS,glp,1,35.0,35.0,35.0,35.0,35.0
2006-01,MUN,MA|SAO JOSE DE RIBAMAR,glp,9,33.0,31.6,33.32,30.0,34.0
2006-01,MUN,MA|SAO LUIS,glp,22,33.0,32.55,34.0,32.0,35.0
2006-01,MUN,MA|TIMON,glp,1,35.0,35.0,35.0,35.0,35.0
2006-01,MUN,MG|ALFENAS,glp,18,29.0,28.0,29.0,27.0,30.0
2006-01,MUN,MG|ARAGUARI,glp,13,30.0,29.58,32.0,29.0,32.0
2006-01,MUN,MG|ARAXA,glp,10,30.0,29.9,30.0,29.0,30.0
2006-01,MUN,MG|BARBACENA,glp,17,30.0,30.0,32.0,30.0,32.0
2006-01,MUN,MG|BELO HORIZONTE,glp,115,31.0,29.0,32.0,26.9,33.0
2006-01,MUN,MG|BETIM,glp,92,30.0,30.0,31.0,30.0,32.0
2006-01,MUN,MG|BOCAIUVA,glp,1,31.0,31.0,31.0,31.0,31.0
2006-01,MUN,MG|BOM DESPACHO,glp,4,32.0,32.0,32.0,32.0,32.0
2006-01,MUN,MG|CAMPO BELO,glp,13,30.0,29.0,31.0,29.0,31.0
2006-01,MUN,MG|CARATINGA,glp,3,28.0,28.0,28.8,28.0,29.0
2006-01,MUN,MG|CATAGUASES,glp,3,29.0,28.2,29.8,28.0,30.0
2006-01,MUN,MG|CONCEICAO DAS ALAGOAS,glp,1,32.0,32.0,32.0,32.0,32.0
2006-01,MUN,MG|CONGONHAS,glp,2,30.0,30.0,30.0,30.0,30.0
2006-01,MUN,MG|CONSELHEIRO LAFAIETE,glp,5,30.0,28.8,30.0,28.0,30.0
2006-01,MUN,MG|CONTAGEM,glp,65,30.0,29.0,32.0,26.99,32.0
2006-01,MUN,MG|CORONEL FABRICIANO,glp,9,32.0,29.99,32.0,29.95,32.0
2006-01,MUN,MG|CURVELO,glp,9,32.0,31.8,32.0,31.0,32.0
2006-01,MUN,MG|DIAMANTINA,glp,10,32.0,29.8,34.05,28.0,34.5
2006-01,MUN,MG|DIVINOPOLIS,glp,45,32.0,32.0,32.0,30.0,32.0
2006-01,MUN,MG|ESPINOSA,glp,1,32.0,32.0,32.0,32.0,32.0
2006-01,MUN,MG|FORMIGA,glp,16,31.0,30.0,32.0,30.0,32.0
2006-01,MUN,MG|FRUTAL,glp,5,29.9,28.4,29.9,28.0,29.9
2006-01,MUN,MG|GOVERNADOR VALADARES,glp,22,32.0,30.0,32.0,30.0,32.5
2006-01,MUN,MG|GUAXUPE,glp,2,30.0,30.0,30.0,30.0,30.0
2006-01,MUN,MG|IBIRITE,glp,9,31.0,28.6,31.2,27.0,32.0
2006-01,MUN,MG|IPATINGA,glp,19,31.0,29.9,32.0,28.0,32.0
2006-01,MUN,MG|ITABIRA,glp,5,32.5,30.8,33.0,30.0,33.0
2006-01,MUN,MG|ITAJUBA,glp,11,30.0,30.0,30.0,29.5,30.0
2006-01,MUN,MG|ITAUNA,glp,12,30.0,30.0,31.0,30.0,31.0
2006-01,MUN,MG|ITUIUTABA,glp,17,30.0,28.0,30.2,28.0,31.0
2006-01,MUN,MG|JANAUBA,glp,12,31.0,31.0,31.9,31.0,34.0
2006-01,MUN,MG|JANUARIA,glp,8,31.0,30.0,31.3,30.0,32.0
2006-01,MUN,MG|JOAO MONLEVADE,glp,10,30.0,27.75,32.0,25.5,32.0
2006-01,MUN,MG|JOAO PINHEIRO,glp,15,35.0,35.0,35.0,35.0,35.0
2006-01,MUN,MG|JUIZ DE FORA,glp,91,30.0,29.0,32.0,29.0,33.0
2006-01,MUN,MG|LAVRAS,glp,9,30.0,28.8,30.0,28.0,30.0
2006-01,MUN,MG|LEOPOLDINA,glp,6,30.0,29.0,30.0,28.0,30.0
2006-01,MUN,MG|MANHUACU,glp,3,28.0,28.0,31.2,28.0,32.0
2006-01,MUN,MG|MARIANA,glp,6,31.5,29.0,32.5,28.0,33.0
2006-01,MUN,MG|MATIAS BARBOSA,glp,1,31.0,31.0,31.0,31.0,31.0
2006-01,MUN,MG|MONTE CARMELO,glp,16,29.0,28.0,30.0,27.0,30.0
2006-01,MUN,MG|MONTES CLAROS,glp,40,32.0,31.0,32.0,30.0,34.0
2006-01,MUN,MG|MURIAE,glp,3,28.0,26.4,28.0,26.0,28.0
2006-01,MUN,MG|NOVA LIMA,glp,9,32.5,31.8,33.2,31.0,34.0
2006-01,MUN,MG|OLIVEIRA,glp,8,29.0,28.97,31.0,28.9,31.0
2006-01,MUN,MG|OURO PRETO,glp,5,33.0,30.8,34.6,30.0,35.0
2006-01,MUN,MG|PARA DE MINAS,glp,10,31.65,28.9,32.0,28.0,32.0
2006-01,MUN,MG|PARACATU,glp,17,37.0,37.0,37.0,35.0,37.0
2006-01,MUN,MG|PASSOS,glp,9,32.0,32.0,32.0,32.0,32.0
2006-01,MUN,MG|PATOS DE MINAS,glp,26,31.0,29.5,32.5,29.0,34.0
2006-01,MUN,MG|PATROCINIO,glp,21,30.0,28.0,30.0,28.0,30.0
2006-01,MUN,MG|POCOS DE CALDAS,glp,15,29.0,28.0,29.0,27.0,30.0
2006-01,MUN,MG|POUSO ALEGRE,glp,21,28.0,28.0,29.0,27.9,29.0
2006-01,MUN,MG|RIBEIRAO DAS NEVES,glp,43,30.0,27.92,31.0,27.0,32.0
2006-01,MUN,MG|SABARA,glp,22,32.0,29.1,33.0,29.0,33.0
2006-01,MUN,MG|SANTA CRUZ DE MINAS,glp,1,28.0,28.0,28.0,28.0,28.0
2006-01,MUN,MG|SANTA LUZIA,glp,22,31.0,30.0,31.0,29.0,32.0
2006-01,MUN,MG|SANTOS DUMONT,glp,5,29.0,29.0,29.6,29.0,30.0
2006-01,MUN,MG|SAO GOTARDO,glp,1,31.0,31.0,31.0,31.0,31.0
2006-01,MUN,MG|SAO JOAO DEL REI,glp,19,28.0,28.0,28.0,28.0,28.0
2006-01,MUN,MG|SAO LOURENCO,glp,5,28.0,28.0,28.0,28.0,28.0
2006-01,MUN,MG|SAO SEBASTIAO DO PARAISO,glp,22,33.0,32.0,33.0,26.0,33.0
2006-01,MUN,MG|SETE LAGOAS,glp,31,30.0,28.0,31.0,26.0,32.0
2006-01,MUN,MG|TEOFILO OTONI,glp,27,31.0,30.0,33.0,29.0,34.0
2006-01,MUN,MG|TIMOTEO,glp,10,32.0,30.0,32.0,30.0,32.0
2006-01,MUN,MG|TRES CORACOES,glp,8,28.0,27.0,28.3,27.0,29.0
2006-01,MUN,MG|UBA,glp,11,30.0,29.0,30.0,28.0,32.0
2006-01,MUN,MG|UBERABA,glp,46,32.0,32.0,32.0,31.0,32.0
2006-01,MUN,MG|UBERLANDIA,glp,105,29.9,29.0,30.0,27.9,32.0
2006-01,MUN,MG|UNAI,glp,7,35.0,35.0,35.0,35.0,35.0
2006-01,MUN,MG|VARGINHA,glp,34,27.0,27.0,28.0,26.0,28.0
2006-01,MUN,MG|VESPASIANO,glp,14,30.0,29.0,30.425,28.0,32.0
2006-01,MUN,MG|VICOSA,glp,4,31.75,29.796,33.0,29.495,33.0
2006-01,MUN,MS|BATAYPORA,glp,1,35.0,35.0,35.0,35.0,35.0
2006-01,MUN,MS|CAMPO GRANDE,glp,52,33.0,29.91,35.0,29.0,35.0
2006-01,MUN,MS|CORUMBA,glp,3,36.0,36.0,36.0,36.0,36.0
2006-01,MUN,MS|COXIM,glp,5,35.0,35.0,35.6,35.0,36.0
2006-01,MUN,MS|DOURADOS,glp,26,35.0,34.0,35.0,33.0,35.0
2006-01,MUN,MS|NOVA ANDRADINA,glp,13,35.0,30.0,35.0,30.0,35.0
2006-01,MUN,MS|PARANAIBA,glp,6,35.0,35.0,35.0,35.0,35.0
2006-01,MUN,MS|PONTA PORA,glp,12,33.0,32.0,33.0,32.0,34.0
2006-01,MUN,MS|SAO GABRIEL DO OESTE,glp,1,35.0,35.0,35.0,35.0,35.0
2006-01,MUN,MS|TRES LAGOAS,glp,39,31.0,30.0,32.0,30.0,33.0
2006-01,MUN,MT|ALTA FLORESTA,glp,8,42.0,39.7,43.0,39.0,43.0
2006-01,MUN,MT|CACERES,glp,10,36.0,36.0,36.0,36.0,36.0
2006-01,MUN,MT|CUIABA,glp,94,39.0,38.0,40.0,35.0,40.0
2006-01,MUN,MT|RONDONOPOLIS,glp,10,40.0,37.9,40.0,37.0,40.0
2006-01,MUN,MT|SANTO ANTONIO DO LEVERGER,glp,1,38.0,38.0,38.0,38.0,38.0
2006-01,MUN,MT|SINOP,glp,19,40.0,40.0,40.0,40.0,42.0
2006-01,MUN,MT|SORRISO,glp,6,38.0,36.5,40.0,36.0,41.0
2006-01,MUN,MT|VARZEA GRANDE,glp,36,38.0,38.0,39.0,37.0,40.0
2006-01,MUN,PA|ABAETETUBA,glp,4,31.0,31.0,31.0,31.0,31.0
2006-01,MUN,PA|ALENQUER,glp,1,31.9,31.9,31.9,31.9,31.9
2006-01,MUN,PA|ALTAMIRA,glp,1,32.0,32.0,32.0,32.0,32.0
2006-01,MUN,PA|ANANINDEUA,glp,53,29.0,28.0,29.0,28.0,30.0
2006-01,MUN,PA|BELEM,glp,111,28.0,27.0,30.0,25.0,31.0
2006-01,MUN,PA|BRAGANCA,glp,2,31.0,31.0,31.0,31.0,31.0
2006-01,MUN,PA|BREU BRANCO,glp,1,35.0,35.0,35.0,35.0,35.0
2006-01,MUN,PA|BREVES,glp,2,30.0,30.0,30.0,30.0,30.0
2006-01,MUN,PA|CAMETA,glp,2,32.0,32.0,32.0,32.0,32.0
2006-01,MUN,PA|CASTANHAL,glp,15,30.0,28.2,30.0,28.0,30.0
2006-01,MUN,PA|CONCEICAO DO ARAGUAIA,glp,2,36.0,35.2,36.8,35.0,37.0
2006-01,MUN,PA|ITAITUBA,glp,1,34.0,34.0,34.0,34.0,34.0
2006-01,MUN,PA|MARABA,glp,4,33.45,32.3,33.97,32.0,34.0
2006-01,MUN,PA|PARAGOMINAS,glp,2,35.0,35.0,35.0,35.0,35.0
2006-01,MUN,PA|PARAUAPEBAS,glp,1,36.0,36.0,36.0,36.0,36.0
2006-01,MUN,PA|REDENCAO,glp,6,35.0,35.0,35.0,35.0,35.0
2006-01,MUN,PA|SANTANA DO ARAGUAIA,glp,2,33.0,32.2,33.8,32.0,34.0
2006-01,MUN,PA|SANTAREM,glp,12,34.0,32.55,35.0,32.0,35.0
2006-01,MUN,PA|TUCURUI,glp,4,35.0,35.0,35.0,35.0,35.0
2006-01,MUN,PA|XINGUARA,glp,3,37.0,37.0,37.0,37.0,37.0
2006-01,MUN,PB|BAYEUX,glp,9,33.0,32.0,34.2,32.0,35.0
2006-01,MUN,PB|CABEDELO,glp,6,33.0,33.0,33.5,33.0,34.0
2006-01,MUN,PB|CAJAZEIRAS,glp,1,30.0,30.0,30.0,30.0,30.0
2006-01,MUN,PB|CAMPINA GRANDE,glp,28,33.0,33.0,33.0,28.0,34.0
2006-01,MUN,PB|GUARABIRA,glp,1,33.0,33.0,33.0,33.0,33.0
2006-01,MUN,PB|INGA,glp,1,33.0,33.0,33.0,33.0,33.0
2006-01,MUN,PB|JOAO PESSOA,glp,25,33.0,32.0,34.0,31.0,35.0
2006-01,MUN,PB|MAMANGUAPE,glp,4,34.0,33.0,35.0,33.0,35.0
2006-01,MUN,PB|MARIZOPOLIS,glp,1,30.0,30.0,30.0,30.0,30.0
2006-01,MUN,PB|PATOS,glp,6,35.0,35.0,35.0,35.0,35.0
2006-01,MUN,PB|SANTA RITA,glp,4,32.0,30.6,32.7,30.0,33.0
2006-01,MUN,PB|SAPE,glp,7,33.0,33.0,33.4,33.0,34.0
2006-01,MUN,PB|SOUSA,glp,3,31.0,30.2,31.0,30.0,31.0
2006-01,MUN,PE|ABREU E LIMA,glp,8,30.0,30.0,30.65,30.0,31.0
2006-01,MUN,PE|AFOGADOS DA INGAZEIRA,glp,2,31.5,30.3,32.7,30.0,33.0
2006-01,MUN,PE|AGUAS BELAS,glp,1,33.0,33.0,33.0,33.0,33.0
2006-01,MUN,PE|ARARIPINA,glp,1,33.0,33.0,33.0,33.0,33.0
2006-01,MUN,PE|ARCOVERDE,glp,2,31.5,30.3,32.7,30.0,33.0
2006-01,MUN,PE|BARRA DE GUABIRABA,glp,1,34.0,34.0,34.0,34.0,34.0
2006-01,MUN,PE|BELO JARDIM,glp,5,33.0,33.0,33.0,33.0,33.0
2006-01,MUN,PE|BEZERROS,glp,1,33.0,33.0,33.0,33.0,33.0
2006-01,MUN,PE|BOM CONSELHO,glp,4,31.0,30.0,32.0,30.0,32.0
2006-01,MUN,PE|CABO DE SANTO AGOSTINHO,glp,10,28.0,27.0,29.1,27.0,30.0
2006-01,MUN,PE|CAMARAGIBE,glp,5,30.0,29.2,30.0,29.0,30.0
2006-01,MUN,PE|CARUARU,glp,6,33.0,30.0,33.0,28.0,33.0
2006-01,MUN,PE|GARANHUNS,glp,7,32.0,31.2,32.0,30.0,32.0
2006-01,MUN,PE|GOIANA,glp,5,32.0,30.0,32.0,30.0,32.0
2006-01,MUN,PE|GRAVATA,glp,4,31.0,31.0,31.0,31.0,31.0
2006-01,MUN,PE|IGARASSU,glp,13,30.0,30.0,31.0,30.0,31.0
2006-01,MUN,PE|JABOATAO DOS GUARARAPES,glp,9,29.0,28.0,30.0,28.0,30.0
2006-01,MUN,PE|JUCATI,glp,1,32.0,32.0,32.0,32.0,32.0
2006-01,MUN,PE|LAJEDO,glp,3,30.0,30.0,30.0,30.0,30.0
2006-01,MUN,PE|MORENO,glp,1,28.0,28.0,28.0,28.0,28.0
2006-01,MUN,PE|OLINDA,glp,12,29.0,28.0,30.0,28.0,30.0
2006-01,MUN,PE|PAULISTA,glp,34,30.0,30.0,31.0,29.0,31.0
2006-01,MUN,PE|PETROLINA,glp,4,33.0,32.3,33.0,32.0,33.0
2006-01,MUN,PE|RECIFE,glp,108,28.5,28.0,29.5,28.0,30.0
2006-01,MUN,PE|SALGUEIRO,glp,4,30.0,28.6,33.5,28.0,35.0
2006-01,MUN,PE|SANTA CRUZ DO CAPIBARIBE,glp,2,35.0,35.0,35.0,35.0,35.0
2006-01,MUN,PE|SAO BENTO DO UNA,glp,1,30.0,30.0,30.0,30.0,30.0
2006-01,MUN,PE|SAO LOURENCO DA MATA,glp,8,30.0,30.0,30.0,30.0,30.0
2006-01,MUN,PE|SERRA TALHADA,glp,1,31.0,31.0,31.0,31.0,31.0
2006-01,MUN,PE|SERTANIA,glp,1,33.0,33.0,33.0,33.0,33.0
2006-01,MUN,PE|VENTUROSA,glp,1,33.0,33.0,33.0,33.0,33.0
2006-01,MUN,PE|VITORIA DE SANTO ANTAO,glp,11,30.0,30.0,30.5,30.0,31.0
2006-01,MUN,PI|BARRAS,glp,1,35.0,35.0,35.0,35.0,35.0
2006-01,MUN,PI|CAMPO MAIOR,glp,2,35.0,35.0,35.0,35.0,35.0
2006-01,MUN,PI|OEIRAS,glp,4,35.0,35.0,35.0,35.0,35.0
2006-01,MUN,PI|PARNAIBA,glp,1,35.0,35.0,35.0,35.0,35.0
2006-01,MUN,PI|PICOS,glp,3,35.0,35.0,35.0,35.0,35.0
2006-01,MUN,PI|PIRIPIRI,glp,2,35.0,35.0,35.0,35.0,35.0
2006-01,MUN,PI|TERESINA,glp,3,35.0,34.2,35.0,34.0,35.0
2006-01,MUN,PR|ALMIRANTE TAMANDARE,glp,7,29.0,29.0,30.2,29.0,30.5
2006-01,MUN,PR|APUCARANA,glp,15,32.0,30.4,33.6,30.0,34.0
2006-01,MUN,PR|ARAPONGAS,glp,12,32.0,32.0,33.0,30.0,34.0
2006-01,MUN,PR|ARAUCARIA,glp,8,30.0,30.0,32.0,30.0,32.0
2006-01,MUN,PR|ASSIS CHATEAUBRIAND,glp,9,30.9,30.0,35.0,30.0,35.0
2006-01,MUN,PR|CAMBE,glp,51,34.0,32.0,35.0,31.0,36.0
2006-01,MUN,PR|CAMPO LARGO,glp,19,30.0,29.0,31.2,29.0,32.0
2006-01,MUN,PR|CAMPO MOURAO,glp,2,35.05,35.01,35.09,35.0,35.1
2006-01,MUN,PR|CASCAVEL,glp,18,32.0,30.0,32.0,30.0,32.0
2006-01,MUN,PR|CASTRO,glp,10,32.0,31.45,32.05,31.0,32.5
2006-01,MUN,PR|CIANORTE,glp,6,35.0,34.0,35.772,33.0,36.0
2006-01,MUN,PR|COLOMBO,glp,15,31.0,29.85,32.0,29.5,32.0
2006-01,MUN,PR|CORNELIO PROCOPIO,glp,7,33.0,30.8,33.0,29.0,33.0
2006-01,MUN,PR|CURITIBA,glp,65,30.0,28.18,32.0,27.0,33.0
2006-01,MUN,PR|FOZ DO IGUACU,glp,12,32.0,32.0,33.9,32.0,34.0
2006-01,MUN,PR|FRANCISCO BELTRAO,glp,8,35.0,33.0,35.3,33.0,36.0
2006-01,MUN,PR|GUARAPUAVA,glp,2,32.0,32.0,32.0,32.0,32.0
2006-01,MUN,PR|LARANJEIRAS DO SUL,glp,4,34.5,30.5,35.0,29.0,35.0
2006-01,MUN,PR|LONDRINA,glp,41,32.0,32.0,34.0,31.0,35.0
2006-01,MUN,PR|MARECHAL CANDIDO RONDON,glp,5,33.0,32.4,33.0,32.0,33.0
2006-01,MUN,PR|MARINGA,glp,23,32.0,31.0,33.0,29.8,33.8
2006-01,MUN,PR|PARANAGUA,glp,13,33.0,32.0,33.0,32.0,36.5
2006-01,MUN,PR|PARANAVAI,glp,10,33.0,31.9,34.0,31.0,34.0
2006-01,MUN,PR|PATO BRANCO,glp,10,32.0,31.0,33.3,31.0,36.0
2006-01,MUN,PR|PINHAIS,glp,13,32.0,32.0,32.0,32.0,32.0
2006-01,MUN,PR|PONTA GROSSA,glp,28,30.55,30.0,31.292,28.0,32.0
2006-01,MUN,PR|SANTO ANTONIO DA PLATINA,glp,9,32.0,31.8,34.0,31.0,34.0
2006-01,MUN,PR|SAO JOSE DOS PINHAIS,glp,7,30.0,30.0,31.4,30.0,32.0
2006-01,MUN,PR|SAO MATEUS DO SUL,glp,1,37.0,37.0,37.0,37.0,37.0
2006-01,MUN,PR|TOLEDO,glp,12,35.0,34.0,35.0,34.0,35.0
2006-01,MUN,PR|UMUARAMA,glp,12,33.0,33.0,33.0,32.0,33.0
2006-01,MUN,PR|UNIAO DA VITORIA,glp,15,30.5,29.4,32.3,29.0,32.95
2006-01,MUN,RJ|ANGRA DOS REIS,glp,4,32.45,30.9,34.0,30.9,34.0
2006-01,MUN,RJ|ARARUAMA,glp,4,26.75,26.15,28.4,26.0,29.0
2006-01,MUN,RJ|ARMACAO DOS BUZIOS,glp,2,28.95,28.19,29.71,28.0,29.9
2006-01,MUN,RJ|BARRA DO PIRAI,glp,3,31.0,30.6,31.8,30.5,32.0
2006-01,MUN,RJ|BARRA MANSA,glp,21,30.0,30.0,31.0,29.0,31.0
2006-01,MUN,RJ|BELFORD ROXO,glp,14,28.0,26.29,29.55,25.99,30.0
2006-01,MUN,RJ|CABO FRIO,glp,3,27.0,26.44,27.0,26.3,27.0
2006-01,MUN,RJ|CAMPOS DOS GOYTACAZES,glp,14,28.5,27.12,29.7,27.0,30.0
2006-01,MUN,RJ|DUQUE DE CAXIAS,glp,44,28.5,27.3,30.0,25.0,30.0
2006-01,MUN,RJ|ITABORAI,glp,4,28.995,27.597,29.7,27.0,30.0
2006-01,MUN,RJ|ITAGUAI,glp,12,29.8,28.1,29.9,28.0,30.0
2006-01,MUN,RJ|ITAPERUNA,glp,4,29.0,28.3,29.7,28.0,30.0
2006-01,MUN,RJ|MACAE,glp,5,29.0,26.8,30.0,26.0,30.0
2006-01,MUN,RJ|MAGE,glp,5,28.0,28.0,28.8,28.0,29.0
2006-01,MUN,RJ|MANGARATIBA,glp,4,30.0,29.93,30.7,29.9,31.0
2006-01,MUN,RJ|MARICA,glp,3,29.0,28.992,29.8,28.99,30.0
2006-01,MUN,RJ|NILOPOLIS,glp,6,28.5,26.99,29.5,26.99,30.0
2006-01,MUN,RJ|NITEROI,glp,2,30.75,29.75,31.75,29.5,32.0
2006-01,MUN,RJ|NOVA FRIBURGO,glp,13,30.0,29.2,30.0,28.0,31.0
2006-01,MUN,RJ|NOVA IGUACU,glp,19,30.0,28.0,30.0,27.0,32.0
2006-01,MUN,RJ|PARAIBA DO SUL,glp,2,30.0,30.0,30.0,30.0,30.0
2006-01,MUN,RJ|PARATY,glp,2,32.45,31.21,33.69,30.9,34.0
2006-01,MUN,RJ|PETROPOLIS,glp,5,32.0,32.0,32.0,32.0,32.0
2006-01,MUN,RJ|RESENDE,glp,6,30.0,28.0,30.5,28.0,31.0
2006-01,MUN,RJ|RIO DE JANEIRO,glp,124,29.0,26.993,30.0,25.99,33.0
2006-01,MUN,RJ|SANTO ANTONIO DE PADUA,glp,2,29.0,29.0,29.0,29.0,29.0
2006-01,MUN,RJ|SAO GONCALO,glp,1,28.0,28.0,28.0,28.0,28.0
2006-01,MUN,RJ|SAO JOAO DE MERITI,glp,12,28.0,27.0,29.0,26.0,30.0
2006-01,MUN,RJ|SAPUCAIA,glp,3,31.0,30.2,32.6,30.0,33.0
2006-01,MUN,RJ|SAQUAREMA,glp,3,28.0,28.0,30.4,28.0,31.0
2006-01,MUN,RJ|TERESOPOLIS,glp,4,31.0,29.3,32.0,29.0,32.0
2006-01,MUN,RJ|TRES RIOS,glp,2,30.0,30.0,30.0,30.0,30.0
2006-01,MUN,RJ|VALENCA,glp,8,30.0,29.0,30.0,29.0,30.0
2006-01,MUN,RJ|VASSOURAS,glp,4,32.0,31.3,32.0,31.0,32.0
2006-01,MUN,RJ|VOLTA REDONDA,glp,6,30.0,29.5,31.0,29.0,32.0
2006-01,MUN,RN|CAICO,glp,3,30.0,30.0,30.0,30.0,30.0
2006-01,MUN,RN|CURRAIS NOVOS,glp,4,30.0,30.0,30.0,30.0,30.0
2006-01,MUN,RN|MOSSORO,glp,3,30.0,29.6,30.0,29.5,30.0
2006-01,MUN,RN|NATAL,glp,6,30.0,29.25,31.0,29.0,32.0
2006-01,MUN,RN|PARNAMIRIM,glp,3,28.0,28.0,29.6,28.0,30.0
2006-01,MUN,RN|SAO JOSE DE MIPIBU,glp,3,30.0,30.0,30.0,30.0,30.0
2006-01,MUN,RN|TIMBAUBA DOS BATISTAS,glp,1,30.0,30.0,30.0,30.0,30.0
2006-01,MUN,RO|ARIQUEMES,glp,12,36.0,36.0,36.0,36.0,36.0
2006-01,MUN,RO|CACOAL,glp,10,37.0,37.0,37.0,37.0,37.0
2006-01,MUN,RO|GUAJARA-MIRIM,glp,3,38.0,38.0,38.0,38.0,38.0
2006-01,MUN,RO|JI-PARANA,glp,22,37.0,37.0,38.0,36.5,38.0
2006-01,MUN,RO|PIMENTA BUENO,glp,2,37.0,37.0,37.0,37.0,37.0
2006-01,MUN,RO|PORTO VELHO,glp,20,32.0,31.0,33.0,30.0,33.0
2006-01,MUN,RO|SAO MIGUEL DO GUAPORE,glp,2,41.0,41.0,41.0,41.0,41.0
2006-01,MUN,RO|VILHENA,glp,4,40.0,40.0,40.0,40.0,40.0
2006-01,MUN,RR|BOA VISTA,glp,25,35.0,33.5,36.0,33.0,37.0
2006-01,MUN,RR|RORAINOPOLIS,glp,1,35.0,35.0,35.0,35.0,35.0
2006-01,MUN,RS|ALEGRETE,glp,5,32.0,31.4,33.6,31.0,34.0
2006-01,MUN,RS|ALVORADA,glp,10,30.5,30.0,32.1,30.0,33.0
2006-01,MUN,RS|BAGE,glp,16,33.0,32.0,33.0,32.0,34.0
2006-01,MUN,RS|BENTO GONCALVES,glp,4,34.5,33.45,35.9,33.0,36.5
2006-01,MUN,RS|CACAPAVA DO SUL,glp,4,33.0,33.0,33.0,33.0,33.0
2006-01,MUN,RS|CACHOEIRA DO SUL,glp,11,32.0,32.0,33.0,32.0,34.0
2006-01,MUN,RS|CACHOEIRINHA,glp,4,33.0,30.6,34.0,30.0,34.0
2006-01,MUN,RS|CANOAS,glp,15,33.0,31.0,33.0,30.5,34.0
2006-01,MUN,RS|CAXIAS DO SUL,glp,48,35.0,34.0,37.0,34.0,38.45
2006-01,MUN,RS|CHUI,glp,5,28.5,28.2,28.8,28.0,29.0
2006-01,MUN,RS|CRUZ ALTA,glp,2,33.5,33.1,33.9,33.0,34.0
2006-01,MUN,RS|ERECHIM,glp,10,35.0,34.81,37.1,34.0,38.0
2006-01,MUN,RS|ESTEIO,glp,15,32.0,32.0,32.6,30.0,34.0
2006-01,MUN,RS|GRAMADO,glp,2,34.0,34.0,34.0,34.0,34.0
2006-01,MUN,RS|GRAVATAI,glp,6,33.5,33.0,34.0,33.0,34.0
2006-01,MUN,RS|GUAIBA,glp,6,33.925,32.95,34.0,32.0,34.0
2006-01,MUN,RS|IJUI,glp,14,33.25,32.5,35.0,32.0,35.0
2006-01,MUN,RS|JAGUARAO,glp,4,32.25,30.45,33.7,30.0,34.0
2006-01,MUN,RS|LAJEADO,glp,18,31.0,31.0,32.3,30.0,33.0
2006-01,MUN,RS|NOVO HAMBURGO,glp,12,32.0,32.0,32.0,32.0,32.5
2006-01,MUN,RS|OSORIO,glp,4,33.0,31.3,34.0,31.0,34.0
2006-01,MUN,RS|PALMEIRA DAS MISSOES,glp,13,38.5,33.4,39.0,33.0,39.0
2006-01,MUN,RS|PASSO FUNDO,glp,8,32.0,30.7,34.3,30.0,35.0
2006-01,MUN,RS|PELOTAS,glp,19,31.0,30.8,32.0,30.0,34.0
2006-01,MUN,RS|PORTO ALEGRE,glp,34,32.0,30.965,32.0,29.275,36.0
2006-01,MUN,RS|RIO GRANDE,glp,6,33.0,32.5,33.5,32.0,34.0
2006-01,MUN,RS|SANTA CRUZ DO SUL,glp,3,32.0,31.92,32.0,31.9,32.0
2006-01,MUN,RS|SANTA MARIA,glp,23,32.0,32.0,33.0,30.0,35.0
2006-01,MUN,RS|SANTA ROSA,glp,5,35.0,33.2,35.3,33.0,35.5
2006-01,MUN,RS|SANTA VITORIA DO PALMAR,glp,4,33.0,33.0,33.0,33.0,33.0
2006-01,MUN,RS|SANTANA DO LIVRAMENTO,glp,12,33.0,33.0,33.0,33.0,33.0
2006-01,MUN,RS|SANTO ANGELO,glp,3,34.0,32.4,34.0,32.0,34.0
2006-01,MUN,RS|SAO BORJA,glp,2,35.5,35.1,35.9,35.0,36.0
2006-01,MUN,RS|SAO GABRIEL,glp,2,36.5,36.1,36.9,36.0,37.0
2006-01,MUN,RS|SAO LEOPOLDO,glp,22,32.5,32.0,33.0,31.0,34.0
2006-01,MUN,RS|SAO LUIZ GONZAGA,glp,9,35.0,34.0,35.0,34.0,35.0
2006-01,MUN,RS|SAPIRANGA,glp,6,33.0,31.5,34.0,31.0,34.0
2006-01,MUN,RS|SAPUCAIA DO SUL,glp,14,32.0,32.0,32.0,32.0,32.0
2006-01,MUN,RS|TORRES,glp,4,34.5,34.0,35.7,34.0,36.0
2006-01,MUN,RS|TRAMANDAI,glp,2,33.0,33.0,33.0,33.0,33.0
2006-01,MUN,RS|URUGUAIANA,glp,5,36.0,34.6,36.6,34.0,37.0
2006-01,MUN,RS|VACARIA,glp,6,34.0,33.5,34.0,33.0,34.0
2006-01,MUN,RS|VIAMAO,glp,1,33.0,33.0,33.0,33.0,33.0
2006-01,MUN,SC|ARARANGUA,glp,3,38.0,35.6,39.6,35.0,40.0
2006-01,MUN,SC|BALNEARIO CAMBORIU,glp,7,35.5,33.4,36.4,32.5,37.0
2006-01,MUN,SC|BIGUACU,glp,7,35.0,34.6,37.0,34.0,37.0
2006-01,MUN,SC|BLUMENAU,glp,23,30.0,29.1,35.56,28.0,35.7
2006-01,MUN,SC|BOMBINHAS,glp,1,30.0,30.0,30.0,30.0,30.0
2006-01,MUN,SC|BRUSQUE,glp,6,33.0,30.5,34.5,30.0,36.0
2006-01,MUN,SC|CACADOR,glp,2,32.0,32.0,32.0,32.0,32.0
2006-01,MUN,SC|CHAPECO,glp,61,33.0,32.0,35.0,31.0,36.0
2006-01,MUN,SC|CONCORDIA,glp,31,33.0,32.5,34.0,32.0,35.0
2006-01,MUN,SC|CRICIUMA,glp,10,38.0,35.0,39.28,35.0,40.0
2006-01,MUN,SC|FLORIANOPOLIS,glp,76,34.0,33.0,36.0,32.0,37.5
2006-01,MUN,SC|ITAJAI,glp,61,33.0,32.0,35.0,29.9,36.5
2006-01,MUN,SC|JARAGUA DO SUL,glp,5,36.0,35.4,38.82,35.0,39.5
2006-01,MUN,SC|JOINVILLE,glp,38,34.5,32.0,35.0,30.0,36.0
2006-01,MUN,SC|LAGES,glp,5,31.0,30.0,32.0,30.0,32.0
2006-01,MUN,SC|LAGUNA,glp,3,34.0,34.0,34.8,34.0,35.0
2006-01,MUN,SC|MAFRA,glp,1,29.0,29.0,29.0,29.0,29.0
2006-01,MUN,SC|PALHOCA,glp,12,34.0,31.1,35.0,29.0,36.0
2006-01,MUN,SC|SAO JOSE,glp,18,34.07,32.35,36.45,31.0,37.5
2006-01,MUN,SC|SAO MIGUEL DO OESTE,glp,9,32.0,31.6,33.4,30.0,35.0
2006-01,MUN,SC|TIJUCAS,glp,1,35.0,35.0,35.0,35.0,35.0
2006-01,MUN,SC|TUBARAO,glp,11,35.0,34.0,35.1,33.0,35.2
2006-01,MUN,SC|VIDEIRA,glp,3,32.0,32.0,32.0,32.0,32.0
2006-01,MUN,SC|XANXERE,glp,32,33.0,32.0,35.0,31.25,36.0
2006-01,MUN,SE|ARACAJU,glp,25,32.0,30.0,33.0,28.0,34.0
2006-01,MUN,SE|ITABAIANA,glp,6,30.0,30.0,30.0,30.0,30.0
2006-01,MUN,SE|ITABAIANINHA,glp,3,32.0,32.0,32.0,32.0,32.0
2006-01,MUN,SE|LAGARTO,glp,4,32.0,32.0,32.0,32.0,32.0
2006-01,MUN,SE|NOSSA SENHORA DO SOCORRO,glp,11,32.0,30.0,34.0,30.0,34.0
2006-01,MUN,SE|SIMAO DIAS,glp,3,30.0,30.0,30.0,30.0,30.0
2006-01,MUN,SE|TOBIAS BARRETO,glp,3,30.0,30.0,30.0,30.0,30.0
2006-01,MUN,SP|ADAMANTINA,glp,8,30.0,30.0,30.0,30.0,30.0
2006-01,MUN,SP|AMERICANA,glp,17,32.0,31.794,32.5,30.0,32.5
2006-01,MUN,SP|AMERICO BRASILIENSE,glp,1,30.0,30.0,30.0,30.0,30.0
2006-01,MUN,SP|AMPARO,glp,8,29.45,28.05,30.57,27.0,31.9
2006-01,MUN,SP|APIAI,glp,2,30.0,30.0,30.0,30.0,30.0
2006-01,MUN,SP|ARACARIGUAMA,glp,1,31.0,31.0,31.0,31.0,31.0
2006-01,MUN,SP|ARACATUBA,glp,32,29.0,28.0,30.0,26.0,30.0
2006-01,MUN,SP|ARARAQUARA,glp,14,29.5,28.0,30.0,27.0,30.0
2006-01,MUN,SP|ARARAS,glp,5,29.0,28.0,29.0,28.0,29.0
2006-01,MUN,SP|AREIOPOLIS,glp,1,40.0,40.0,40.0,40.0,40.0
2006-01,MUN,SP|ARUJA,glp,1,29.0,29.0,29.0,29.0,29.0
2006-01,MUN,SP|ASSIS,glp,6,30.0,30.0,30.0,30.0,30.0
2006-01,MUN,SP|ATIBAIA,glp,20,32.0,31.0,32.09,30.5,33.0
2006-01,MUN,SP|AVARE,glp,6,29.0,28.5,30.0,28.0,30.0
2006-01,MUN,SP|BARRETOS,glp,7,30.0,29.0,30.0,29.0,30.0
2006-01,MUN,SP|BARUERI,glp,12,29.0,29.0,29.95,26.0,30.0
2006-01,MUN,SP|BAURU,glp,39,30.0,28.99,30.0,28.0,31.11
2006-01,MUN,SP|BEBEDOURO,glp,8,28.0,28.0,30.0,28.0,30.0
2006-01,MUN,SP|BIRIGUI,glp,13,30.0,28.0,32.0,28.0,32.0
2006-01,MUN,SP|BOTUCATU,glp,14,30.0,29.65,30.0,29.0,30.0
2006-01,MUN,SP|BRAGANCA PAULISTA,glp,15,29.9,29.0,31.14,28.0,31.9
2006-01,MUN,SP|CACAPAVA,glp,9,29.0,28.0,30.0,28.0,30.0
2006-01,MUN,SP|CAMPINAS,glp,44,29.7,27.65,31.0,25.0,34.0
2006-01,MUN,SP|CAMPOS DO JORDAO,glp,8,29.322,28.0,30.5,28.0,30.5
2006-01,MUN,SP|CAPAO BONITO,glp,4,29.5,28.3,30.0,28.0,30.0
2006-01,MUN,SP|CARAGUATATUBA,glp,5,35.5,29.85,37.5,29.75,37.5
2006-01,MUN,SP|CARAPICUIBA,glp,17,27.445,24.99,29.4,24.99,31.995
2006-01,MUN,SP|CATANDUVA,glp,10,29.0,28.9,30.0,28.0,30.0
2006-01,MUN,SP|COSMOPOLIS,glp,4,32.0,32.0,32.0,32.0,32.0
2006-01,MUN,SP|COTIA,glp,10,29.9,29.0,30.1,29.0,31.0
2006-01,MUN,SP|CRUZEIRO,glp,5,29.0,27.32,30.0,27.2,30.0
2006-01,MUN,SP|CUBATAO,glp,6,30.0,29.5,30.5,29.0,31.0
2006-01,MUN,SP|DIADEMA,glp,12,27.0,25.0,29.0,25.0,30.0
2006-01,MUN,SP|DRACENA,glp,7,34.8,31.8,35.0,30.0,35.0
2006-01,MUN,SP|EMBU DAS ARTES,glp,6,28.6,28.475,29.95,28.45,30.0
2006-01,MUN,SP|ENGENHEIRO COELHO,glp,1,29.0,29.0,29.0,29.0,29.0
2006-01,MUN,SP|ESPIRITO SANTO DO PINHAL,glp,1,30.0,30.0,30.0,30.0,30.0
2006-01,MUN,SP|FERRAZ DE VASCONCELOS,glp,12,28.0,27.55,29.0,27.0,31.0
2006-01,MUN,SP|FRANCA,glp,13,29.9,28.92,30.0,28.9,30.5
2006-01,MUN,SP|FRANCISCO MORATO,glp,8,31.0,30.4,31.8,29.0,32.5
2006-01,MUN,SP|FRANCO DA ROCHA,glp,13,31.0,29.0,31.82,26.995,32.0
2006-01,MUN,SP|GARCA,glp,9,30.0,29.4,30.0,29.0,30.0
2006-01,MUN,SP|GUARATINGUETA,glp,3,28.0,28.0,30.0,28.0,30.5
2006-01,MUN,SP|GUARUJA,glp,6,32.45,31.675,32.922,31.6,32.945
2006-01,MUN,SP|GUARULHOS,glp,60,28.998,26.0,30.0,24.99,31.0
2006-01,MUN,SP|HORTOLANDIA,glp,15,29.0,27.4,29.996,27.0,30.0
2006-01,MUN,SP|IBITINGA,glp,6,30.0,30.0,30.5,30.0,31.0
2006-01,MUN,SP|INDAIATUBA,glp,24,32.0,31.65,32.7,31.5,33.0
2006-01,MUN,SP|ITANHAEM,glp,5,30.0,29.0,30.0,29.0,30.0
2006-01,MUN,SP|ITAPECERICA DA SERRA,glp,3,28.0,27.6,30.4,27.5,31.0
2006-01,MUN,SP|ITAPETININGA,glp,17,29.0,27.3,29.4,26.0,30.0
2006-01,MUN,SP|ITAPEVA,glp,7,29.0,28.95,29.4,28.95,30.0
2006-01,MUN,SP|ITAPEVI,glp,4,26.5,25.3,28.4,25.0,29.0
2006-01,MUN,SP|ITAPIRA,glp,10,29.0,27.0,30.0,27.0,30.0
2006-01,MUN,SP|ITAPOLIS,glp,4,30.0,30.0,30.0,30.0,30.0
2006-01,MUN,SP|ITAQUAQUECETUBA,glp,11,29.0,29.0,30.0,28.0,30.0
2006-01,MUN,SP|ITATIBA,glp,11,30.0,29.0,31.0,29.0,31.5
2006-01,MUN,SP|ITU,glp,18,29.0,28.0,30.3,27.5,31.2
2006-01,MUN,SP|JABOTICABAL,glp,9,31.0,29.998,31.0,29.99,31.0
2006-01,MUN,SP|JACAREI,glp,8,28.0,28.0,29.6,28.0,31.0
2006-01,MUN,SP|JALES,glp,6,30.0,28.75,30.0,28.0,30.0
2006-01,MUN,SP|JANDIRA,glp,3,28.0,27.2,28.8,27.0,29.0
2006-01,MUN,SP|JAU,glp,14,29.0,28.0,30.0,28.0,30.0
2006-01,MUN,SP|JOSE BONIFACIO,glp,6,30.0,28.995,30.0,28.5,30.0
2006-01,MUN,SP|JUNDIAI,glp,14,29.5,27.3,30.997,25.0,31.0
2006-01,MUN,SP|LEME,glp,20,29.0,28.45,29.0,28.0,29.0
2006-01,MUN,SP|LIMEIRA,glp,26,33.0,30.0,34.0,28.0,34.0
2006-01,MUN,SP|LINS,glp,8,32.0,32.0,32.0,32.0,32.0
2006-01,MUN,SP|LORENA,glp,8,28.0,27.35,29.3,27.0,30.0
2006-01,MUN,SP|MARILIA,glp,11,28.0,27.0,29.0,27.0,30.0
2006-01,MUN,SP|MATAO,glp,8,29.5,28.35,30.0,28.0,30.0
2006-01,MUN,SP|MAUA,glp,12,31.0,29.991,31.0,28.0,31.5
2006-01,MUN,SP|MIRASSOL,glp,13,28.0,26.2,28.8,26.0,29.0
2006-01,MUN,SP|MOCOCA,glp,9,30.0,29.0,30.0,29.0,30.0
2006-01,MUN,SP|MOGI DAS CRUZES,glp,17,30.0,28.0,30.2,27.0,31.0
2006-01,MUN,SP|MOGI GUACU,glp,14,30.0,28.65,30.0,28.0,30.0
2006-01,MUN,SP|MOGI MIRIM,glp,10,30.0,28.9,30.0,28.0,30.0
2006-01,MUN,SP|MONTE ALTO,glp,5,32.0,30.4,32.0,30.0,32.0
2006-01,MUN,SP|MONTE AZUL PAULISTA,glp,1,29.0,29.0,29.0,29.0,29.0
2006-01,MUN,SP|OLIMPIA,glp,5,30.0,30.0,31.0,30.0,31.0
2006-01,MUN,SP|OSASCO,glp,34,28.99,25.0,30.175,24.99,31.0
2006-01,MUN,SP|OURINHOS,glp,21,30.0,28.0,30.0,28.0,31.41
2006-01,MUN,SP|PALMITAL,glp,1,30.0,30.0,30.0,30.0,30.0
2006-01,MUN,SP|PARAGUACU PAULISTA,glp,21,30.0,28.0,30.0,28.0,33.0
2006-01,MUN,SP|PAULINIA,glp,10,29.0,28.9,30.0,28.0,30.0
2006-01,MUN,SP|PEDRINHAS PAULISTA,glp,1,30.0,30.0,30.0,30.0,30.0
2006-01,MUN,SP|PIEDADE,glp,1,28.0,28.0,28.0,28.0,28.0
2006-01,MUN,SP|PINDAMONHANGABA,glp,5,28.0,27.7,29.0,27.5,29.0
2006-01,MUN,SP|PIRACICABA,glp,5,30.0,29.1,32.6,28.5,33.0
2006-01,MUN,SP|PIRAPORA DO BOM JESUS,glp,1,29.0,29.0,29.0,29.0,29.0
2006-01,MUN,SP|PIRASSUNUNGA,glp,18,28.0,28.0,29.0,28.0,29.0
2006-01,MUN,SP|POA,glp,4,27.9,27.24,29.05,27.0,29.5
2006-01,MUN,SP|PORTO FERREIRA,glp,8,29.0,28.7,29.0,28.0,29.0
2006-01,MUN,SP|PRAIA GRANDE,glp,6,29.25,29.0,30.9,29.0,31.8
2006-01,MUN,SP|PRESIDENTE PRUDENTE,glp,15,30.0,28.36,30.0,27.0,31.0
2006-01,MUN,SP|PRESIDENTE VENCESLAU,glp,5,29.0,28.94,29.6,28.9,30.0
2006-01,MUN,SP|RIBEIRAO PIRES,glp,4,30.9,30.9,30.97,30.9,31.0
2006-01,MUN,SP|RIBEIRAO PRETO,glp,21,29.0,28.0,30.45,28.0,32.0
2006-01,MUN,SP|RIO CLARO,glp,15,29.0,28.0,30.0,28.0,32.0
2006-01,MUN,SP|SALTINHO,glp,1,28.0,28.0,28.0,28.0,28.0
2006-01,MUN,SP|SALTO,glp,10,30.0,29.9,31.0,29.0,31.0
2006-01,MUN,SP|SANTA BARBARA D'OESTE,glp,26,30.0,28.0,31.25,27.0,32.0
2006-01,MUN,SP|SANTA CRUZ DO RIO PARDO,glp,13,30.0,29.6,30.0,29.0,30.0
2006-01,MUN,SP|SANTO ANDRE,glp,25,32.0,30.0,33.5,28.0,35.8
2006-01,MUN,SP|SANTOS,glp,7,30.0,27.6,32.4,27.0,33.0
2006-01,MUN,SP|SAO BERNARDO DO CAMPO,glp,17,32.0,29.6,32.2,29.0,33.3
2006-01,MUN,SP|SAO CAETANO DO SUL,glp,5,31.0,30.4,31.9,30.0,32.5
2006-01,MUN,SP|SAO CARLOS,glp,9,29.0,27.62,30.0,26.5,30.0
2006-01,MUN,SP|SAO JOAO DA BOA VISTA,glp,6,29.0,28.5,29.0,28.0,29.0
2006-01,MUN,SP|SAO JOAQUIM DA BARRA,glp,3,30.0,29.2,30.0,29.0,30.0
2006-01,MUN,SP|SAO JOSE DO RIO PRETO,glp,26,29.0,28.0,30.0,25.0,31.0
2006-01,MUN,SP|SAO JOSE DOS CAMPOS,glp,27,29.0,27.0,30.0,26.5,31.0
2006-01,MUN,SP|SAO PAULO,glp,298,28.0,25.35,30.0,24.5,33.8
2006-01,MUN,SP|SAO ROQUE,glp,4,30.5,28.6,31.0,28.0,31.0
2006-01,MUN,SP|SAO VICENTE,glp,7,30.0,27.936,31.0,24.99,31.0
2006-01,MUN,SP|SERTAOZINHO,glp,31,30.0,28.0,30.5,27.0,31.0
2006-01,MUN,SP|SOROCABA,glp,26,29.0,28.0,30.0,27.0,31.0
2006-01,MUN,SP|SUMARE,glp,40,27.5,26.0,29.0,26.0,31.0
2006-01,MUN,SP|SUZANO,glp,13,29.0,28.1,30.0,26.0,30.0
2006-01,MUN,SP|TABOAO DA SERRA,glp,8,29.95,28.15,30.0,25.0,30.0
2006-01,MUN,SP|TATUI,glp,7,29.0,28.6,29.0,28.0,29.0
2006-01,MUN,SP|TAUBATE,glp,7,28.0,27.996,29.8,27.99,31.0
2006-01,MUN,SP|TRES FRONTEIRAS,glp,1,29.0,29.0,29.0,29.0,29.0
2006-01,MUN,SP|TUPA,glp,4,28.5,27.65,29.0,27.5,29.0
2006-01,MUN,SP|UBATUBA,glp,1,28.0,28.0,28.0,28.0,28.0
2006-01,MUN,SP|VALINHOS,glp,9,29.0,28.8,31.8,28.0,35.0
2006-01,MUN,SP|VARGEM,glp,1,29.0,29.0,29.0,29.0,29.0
2006-01,MUN,SP|VARZEA PAULISTA,glp,7,30.0,29.6,30.6,29.0,31.5
2006-01,MUN,SP|VINHEDO,glp,6,29.0,28.0,30.0,28.0,31.0
2006-01,MUN,SP|VOTORANTIM,glp,8,28.0,27.0,29.3,27.0,30.0
2006-01,MUN,SP|VOTUPORANGA,glp,9,30.0,29.0,31.2,29.0,32.0
2006-01,MUN,TO|ARAGUAINA,glp,7,38.0,36.0,38.0,36.0,38.0
2006-01,MUN,TO|DIANOPOLIS,glp,11,34.5,34.0,35.0,34.0,35.0
2006-01,MUN,TO|GURUPI,glp,61,33.0,32.0,33.0,32.0,35.0
2006-01,MUN,TO|PALMAS,glp,24,34.5,34.0,35.0,33.0,36.0
2006-01,MUN,TO|PARAISO DO TOCANTINS,glp,32,35.0,35.0,35.0,34.0,36.0
2006-01,MUN,TO|PORTO NACIONAL,glp,6,35.0,35.0,36.0,35.0,36.0
2006-01,UF,AC,glp,52,36.0,35.5,38.9,35.0,45.0
2006-01,UF,AL,glp,31,33.0,30.0,33.05,28.0,34.0
2006-01,UF,AM,glp,306,29.5,29.5,30.0,29.5,35.0
2006-01,UF,AP,glp,14,34.0,34.0,44.0,31.0,44.225
2006-01,UF,BA,glp,331,31.0,29.0,33.5,26.0,36.0
2006-01,UF,CE,glp,276,31.0,29.5,32.0,28.0,35.0
2006-01,UF,DF,glp,32,33.0,33.0,34.5,30.0,34.5
2006-01,UF,ES,glp,169,29.0,28.0,32.0,27.0,33.0
2006-01,UF,GO,glp,367,30.0,29.0,33.0,28.0,35.0
2006-01,UF,MA,glp,62,34.0,32.55,36.0,30.0,36.5
2006-01,UF,MG,glp,1352,30.0,28.0,32.0,25.5,37.0
2006-01,UF,MS,glp,158,33.0,30.0,35.0,29.0,36.0
2006-01,UF,MT,glp,184,39.0,37.0,40.0,35.0,43.0
2006-01,UF,PA,glp,229,29.0,28.0,34.0,25.0,37.0
2006-01,UF,PB,glp,96,33.0,32.0,34.5,28.0,35.0
2006-01,UF,PE,glp,276,30.0,28.0,32.0,27.0,35.0
2006-01,UF,PI,glp,16,35.0,35.0,35.0,34.0,35.0
2006-01,UF,PR,glp,469,32.0,30.0,34.0,27.0,37.0
2006-01,UF,RJ,glp,370,29.0,27.0,30.9,25.0,34.0
2006-01,UF,RN,glp,23,30.0,29.1,30.0,28.0,32.0
2006-01,UF,RO,glp,75,37.0,31.4,38.0,30.0,41.0
2006-01,UF,RR,glp,26,35.0,33.5,36.0,33.0,37.0
2006-01,UF,RS,glp,418,33.0,31.0,35.0,28.0,39.0
2006-01,UF,SC,glp,426,34.0,32.0,35.7,28.0,40.0
2006-01,UF,SE,glp,55,32.0,30.0,33.0,28.0,34.0
2006-01,UF,SP,glp,1723,29.0,27.0,31.5,24.5,40.0
2006-01,UF,TO,glp,141,34.0,32.0,35.0,32.0,38.0
2006-02,BR,BR,glp,8360,31.0,28.5,35.0,24.0,45.0
2006-02,MUN,AC|CRUZEIRO DO SUL,glp,1,44.0,44.0,44.0,44.0,44.0
2006-02,MUN,AC|RIO BRANCO,glp,48,36.0,35.5,36.5,35.0,38.0
2006-02,MUN,AC|SENA MADUREIRA,glp,3,39.0,39.0,39.0,39.0,39.0
2006-02,MUN,AC|SENADOR GUIOMARD,glp,1,37.0,37.0,37.0,37.0,37.0
2006-02,MUN,AC|TARAUACA,glp,2,45.0,45.0,45.0,45.0,45.0
2006-02,MUN,AC|XAPURI,glp,2,38.0,37.2,38.8,37.0,39.0
2006-02,MUN,AL|ARAPIRACA,glp,6,33.0,33.0,33.075,33.0,33.1
2006-02,MUN,AL|DELMIRO GOUVEIA,glp,2,28.5,28.1,28.9,28.0,29.0
2006-02,MUN,AL|MACEIO,glp,19,33.0,31.8,33.0,31.0,34.0
2006-02,MUN,AL|MARECHAL DEODORO,glp,1,32.5,32.5,32.5,32.5,32.5
2006-02,MUN,AL|PALMEIRA DOS INDIOS,glp,2,33.0,33.0,33.0,33.0,33.0
2006-02,MUN,AL|RIO LARGO,glp,1,33.0,33.0,33.0,33.0,33.0
2006-02,MUN,AL|SANTANA DO IPANEMA,glp,1,29.0,29.0,29.0,29.0,29.0
2006-02,MUN,AM|HUMAITA,glp,1,34.0,34.0,34.0,34.0,34.0
2006-02,MUN,AM|ITACOATIARA,glp,1,33.0,33.0,33.0,33.0,33.0
2006-02,MUN,AM|MANACAPURU,glp,1,31.0,31.0,31.0,31.0,31.0
2006-02,MUN,AM|MANAUS,glp,296,29.5,29.5,30.0,29.3,32.0
2006-02,MUN,AM|PARINTINS,glp,1,33.0,33.0,33.0,33.0,33.0
2006-02,MUN,AM|PRESIDENTE FIGUEIREDO,glp,2,34.25,33.65,34.85,33.5,35.0
2006-02,MUN,AP|LARANJAL DO JARI,glp,1,31.0,31.0,31.0,31.0,31.0
2006-02,MUN,AP|MACAPA,glp,8,34.0,34.0,34.0,34.0,34.0
2006-02,MUN,AP|OIAPOQUE,glp,2,44.0,44.0,44.0,44.0,44.0
2006-02,MUN,AP|SANTANA,glp,4,34.0,34.0,34.0,34.0,34.0
2006-02,MUN,BA|ALAGOINHAS,glp,3,32.0,32.0,32.0,32.0,32.0
2006-02,MUN,BA|BARRA,glp,4,31.0,28.9,31.7,28.0,32.0
2006-02,MUN,BA|BARREIRAS,glp,13,30.0,30.0,32.0,30.0,35.0
2006-02,MUN,BA|BRUMADO,glp,4,32.5,31.86,33.0,31.8,33.0
2006-02,MUN,BA|CAETITE,glp,6,29.0,27.5,30.0,27.0,30.0
2006-02,MUN,BA|CAMACARI,glp,8,33.25,33.0,33.5,33.0,33.5
2006-02,MUN,BA|CAMPO FORMOSO,glp,3,30.0,30.0,30.0,30.0,30.0
2006-02,MUN,BA|CANDEIAS,glp,6,28.5,28.0,30.0,28.0,30.0
2006-02,MUN,BA|CAPIM GROSSO,glp,1,30.0,30.0,30.0,30.0,30.0
2006-02,MUN,BA|CONCEICAO DO JACUIPE,glp,1,32.5,32.5,32.5,32.5,32.5
2006-02,MUN,BA|EUNAPOLIS,glp,7,35.0,35.0,35.0,35.0,35.0
2006-02,MUN,BA|FEIRA DE SANTANA,glp,10,32.5,31.825,32.5,28.0,32.5
2006-02,MUN,BA|GUANAMBI,glp,9,33.0,31.8,33.0,27.0,33.0
2006-02,MUN,BA|ILHEUS,glp,10,34.0,33.997,34.0,33.97,34.0
2006-02,MUN,BA|IPIRA,glp,4,30.0,30.0,30.0,30.0,30.0
2006-02,MUN,BA|IRECE,glp,4,30.0,30.0,30.7,30.0,31.0
2006-02,MUN,BA|ITABUNA,glp,7,33.0,32.0,33.4,32.0,34.0
2006-02,MUN,BA|ITAMARAJU,glp,5,32.0,32.0,32.0,32.0,32.0
2006-02,MUN,BA|JACOBINA,glp,8,32.975,31.4,33.0,30.0,33.0
2006-02,MUN,BA|JAGUAQUARA,glp,6,30.0,30.0,31.0,30.0,32.0
2006-02,MUN,BA|JEQUIE,glp,4,31.0,30.0,32.0,30.0,32.0
2006-02,MUN,BA|JUAZEIRO,glp,6,33.0,33.0,33.0,33.0,33.0
2006-02,MUN,BA|LAURO DE FREITAS,glp,10,30.225,30.0,30.9,30.0,30.9
2006-02,MUN,BA|LUIS EDUARDO MAGALHAES,glp,1,36.0,36.0,36.0,36.0,36.0
2006-02,MUN,BA|PAULO AFONSO,glp,8,32.0,31.7,32.0,31.0,32.0
2006-02,MUN,BA|POCOES,glp,3,30.0,30.0,30.0,30.0,30.0
2006-02,MUN,BA|PORTO SEGURO,glp,7,35.0,35.0,35.4,35.0,36.0
2006-02,MUN,BA|RUY BARBOSA,glp,5,33.0,33.0,33.0,33.0,33.0
2006-02,MUN,BA|SALVADOR,glp,138,30.0,29.0,31.0,27.0,31.5
2006-02,MUN,BA|SANTO ANTONIO DE JESUS,glp,4,34.0,33.5,34.85,33.5,35.0
2006-02,MUN,BA|SENHOR DO BONFIM,glp,4,33.0,33.0,33.0,33.0,33.0
2006-02,MUN,BA|SERRINHA,glp,3,30.5,30.5,30.5,30.5,30.5
2006-02,MUN,BA|SIMOES FILHO,glp,7,32.0,31.5,32.0,31.5,32.0
2006-02,MUN,BA|TEIXEIRA DE FREITAS,glp,11,33.0,32.0,33.0,30.0,33.0
2006-02,MUN,BA|VALENCA,glp,4,35.0,35.0,35.0,35.0,35.0
2006-02,MUN,BA|VITORIA DA CONQUISTA,glp,2,32.06,32.044,32.076,32.04,32.08
2006-02,MUN,CE|BEBERIBE,glp,1,31.5,31.5,31.5,31.5,31.5
2006-02,MUN,CE|CANINDE,glp,2,32.0,31.2,32.8,31.0,33.0
2006-02,MUN,CE|CAUCAIA,glp,37,31.0,29.94,31.5,29.0,32.0
2006-02,MUN,CE|CRATEUS,glp,3,33.0,32.2,33.0,32.0,33.0
2006-02,MUN,CE|CRATO,glp,7,34.0,31.2,35.0,30.0,35.0
2006-02,MUN,CE|FORTALEZA,glp,204,31.0,30.0,31.3,29.0,32.5
2006-02,MUN,CE|IGUATU,glp,2,32.0,32.0,32.0,32.0,32.0
2006-02,MUN,CE|IPU,glp,3,34.0,34.0,34.0,34.0,34.0
2006-02,MUN,CE|ITAPIPOCA,glp,3,29.0,29.0,29.8,29.0,30.0
2006-02,MUN,CE|JUAZEIRO DO NORTE,glp,6,34.0,32.5,34.5,32.0,35.0
2006-02,MUN,CE|LIMOEIRO DO NORTE,glp,2,34.0,34.0,34.0,34.0,34.0
2006-02,MUN,CE|MARACANAU,glp,12,31.0,30.0,31.5,30.0,32.0
2006-02,MUN,CE|MORADA NOVA,glp,3,32.0,32.0,32.0,32.0,32.0
2006-02,MUN,CE|PEDRA BRANCA,glp,2,30.0,30.0,30.0,30.0,30.0
2006-02,MUN,CE|QUIXADA,glp,5,33.0,32.0,33.0,32.0,33.0
2006-02,MUN,CE|SAO GONCALO DO AMARANTE,glp,1,32.0,32.0,32.0,32.0,32.0
2006-02,MUN,CE|SOBRAL,glp,4,33.5,30.9,34.0,30.0,34.0
2006-02,MUN,DF|BRASILIA,glp,102,33.0,33.0,34.5,33.0,34.5
2006-02,MUN,ES|ARACRUZ,glp,9,29.0,28.0,30.2,28.0,31.0
2006-02,MUN,ES|BARRA DE SAO FRANCISCO,glp,11,30.0,29.0,30.0,28.0,30.1
2006-02,MUN,ES|CACHOEIRO DE ITAPEMIRIM,glp,20,30.0,29.81,30.0,28.0,31.0
2006-02,MUN,ES|CARIACICA,glp,21,28.0,27.0,30.0,27.0,31.8
2006-02,MUN,ES|CASTELO,glp,4,29.5,29.0,31.33,29.0,31.9
2006-02,MUN,ES|COLATINA,glp,11,30.0,30.0,32.0,29.0,32.0
2006-02,MUN,ES|GUARAPARI,glp,5,30.0,30.0,31.8,30.0,33.0
2006-02,MUN,ES|ITAPEMIRIM,glp,2,29.0,28.2,29.8,28.0,30.0
2006-02,MUN,ES|JAGUARE,glp,3,32.0,31.6,32.0,31.5,32.0
2006-02,MUN,ES|LINHARES,glp,20,32.0,29.9,32.0,28.0,33.0
2006-02,MUN,ES|MARATAIZES,glp,1,28.0,28.0,28.0,28.0,28.0
2006-02,MUN,ES|NOVA VENECIA,glp,2,32.0,32.0,32.0,32.0,32.0
2006-02,MUN,ES|PIUMA,glp,1,30.0,30.0,30.0,30.0,30.0
2006-02,MUN,ES|SAO MATEUS,glp,9,32.0,30.0,32.2,30.0,33.0
2006-02,MUN,ES|SERRA,glp,51,29.0,28.5,30.1,27.0,32.0
2006-02,MUN,ES|VILA VELHA,glp,22,29.5,28.55,32.0,27.0,32.0
2006-02,MUN,ES|VITORIA,glp,6,29.75,29.25,30.0,29.0,30.0
2006-02,MUN,GO|AGUAS LINDAS DE GOIAS,glp,2,31.5,31.1,31.9,31.0,32.0
2006-02,MUN,GO|ANAPOLIS,glp,28,30.0,29.0,30.27,29.0,31.9
2006-02,MUN,GO|APARECIDA DE GOIANIA,glp,37,30.0,28.6,31.4,28.0,32.0
2006-02,MUN,GO|BELA VISTA DE GOIAS,glp,1,32.0,32.0,32.0,32.0,32.0
2006-02,MUN,GO|CAIAPONIA,glp,1,30.0,30.0,30.0,30.0,30.0
2006-02,MUN,GO|CALDAS NOVAS,glp,51,33.0,31.5,33.0,30.0,33.0
2006-02,MUN,GO|CATALAO,glp,11,30.0,29.0,30.0,29.0,30.0
2006-02,MUN,GO|FORMOSA,glp,34,35.0,35.0,35.0,34.0,35.0
2006-02,MUN,GO|GOIANIA,glp,124,30.0,28.15,31.0,28.0,33.0
2006-02,MUN,GO|GOIATUBA,glp,5,30.0,30.0,30.0,30.0,30.0
2006-02,MUN,GO|INHUMAS,glp,1,30.0,30.0,30.0,30.0,30.0
2006-02,MUN,GO|ITUMBIARA,glp,15,30.0,29.0,30.6,29.0,33.0
2006-02,MUN,GO|JATAI,glp,15,34.0,32.4,35.0,32.0,35.0
2006-02,MUN,GO|LUZIANIA,glp,14,32.0,30.3,32.0,30.0,33.0
2006-02,MUN,GO|MINEIROS,glp,22,34.0,34.0,34.0,34.0,34.0
2006-02,MUN,GO|MONTIVIDIU,glp,1,33.0,33.0,33.0,33.0,33.0
2006-02,MUN,GO|MORRINHOS,glp,17,32.0,30.6,32.2,30.0,33.0
2006-02,MUN,GO|NOVO GAMA,glp,1,34.0,34.0,34.0,34.0,34.0
2006-02,MUN,GO|PADRE BERNARDO,glp,1,35.0,35.0,35.0,35.0,35.0
2006-02,MUN,GO|PLANALTINA,glp,19,35.0,35.0,35.0,34.0,35.0
2006-02,MUN,GO|PORANGATU,glp,5,30.0,30.0,31.2,30.0,32.0
2006-02,MUN,GO|RIO VERDE,glp,21,33.0,32.0,33.0,31.0,33.0
2006-02,MUN,GO|SANTO ANTONIO DE GOIAS,glp,1,31.0,31.0,31.0,31.0,31.0
2006-02,MUN,GO|TRINDADE,glp,19,29.9,28.98,31.0,28.0,32.0
2006-02,MUN,GO|VALPARAISO DE GOIAS,glp,4,29.75,28.45,30.7,28.0,31.0
2006-02,MUN,MA|ACAILANDIA,glp,3,35.0,35.0,35.0,35.0,35.0
2006-02,MUN,MA|BACABAL,glp,2,34.25,34.21,34.29,34.2,34.3
2006-02,MUN,MA|BALSAS,glp,2,36.0,36.0,36.0,36.0,36.0
2006-02,MUN,MA|BARRA DO CORDA,glp,2,38.0,38.0,38.0,38.0,38.0
2006-02,MUN,MA|CAROLINA,glp,2,36.0,36.0,36.0,36.0,36.0
2006-02,MUN,MA|CAXIAS,glp,4,35.0,35.0,35.0,35.0,35.0
2006-02,MUN,MA|CODO,glp,2,32.5,32.5,32.5,32.5,32.5
2006-02,MUN,MA|IMPERATRIZ,glp,11,34.0,33.0,34.0,30.0,34.0
2006-02,MUN,MA|PINHEIRO,glp,1,36.0,36.0,36.0,36.0,36.0
2006-02,MUN,MA|PRESIDENTE DUTRA,glp,1,35.0,35.0,35.0,35.0,35.0
2006-02,MUN,MA|SANTA INES,glp,2,34.5,34.5,34.5,34.5,34.5
2006-02,MUN,MA|SAO DOMINGOS DO MARANHAO,glp,1,36.0,36.0,36.0,36.0,36.0
2006-02,MUN,MA|SAO JOAO DOS PATOS,glp,1,35.0,35.0,35.0,35.0,35.0
2006-02,MUN,MA|SAO JOSE DE RIBAMAR,glp,6,33.0,32.0,33.0,32.0,33.0
2006-02,MUN,MA|SAO LUIS,glp,21,33.0,33.0,34.0,32.0,35.0
2006-02,MUN,MA|TIMON,glp,1,35.0,35.0,35.0,35.0,35.0
2006-02,MUN,MG|ALFENAS,glp,21,29.0,28.0,30.0,27.5,30.0
2006-02,MUN,MG|ARAGUARI,glp,13,30.5,30.0,31.9,29.9,32.0
2006-02,MUN,MG|ARAXA,glp,9,30.0,29.0,30.0,29.0,30.0
2006-02,MUN,MG|BARBACENA,glp,15,30.0,30.0,31.6,30.0,33.0
2006-02,MUN,MG|BELO HORIZONTE,glp,124,31.0,29.0,31.5,26.9,33.0
2006-02,MUN,MG|BETIM,glp,93,30.5,30.0,31.0,30.0,32.0
2006-02,MUN,MG|BOCAIUVA,glp,1,31.0,31.0,31.0,31.0,31.0
2006-02,MUN,MG|BOM DESPACHO,glp,4,32.0,32.0,32.0,32.0,32.0
2006-02,MUN,MG|CAMPO BELO,glp,13,30.0,29.0,31.0,29.0,31.0
2006-02,MUN,MG|CARATINGA,glp,3,30.0,28.4,30.8,28.0,31.0
2006-02,MUN,MG|CATAGUASES,glp,4,30.5,28.6,31.0,28.0,31.0
2006-02,MUN,MG|CONCEICAO DAS ALAGOAS,glp,1,32.0,32.0,32.0,32.0,32.0
2006-02,MUN,MG|CONGONHAS,glp,5,30.0,29.4,30.0,29.0,30.0
2006-02,MUN,MG|CONSELHEIRO LAFAIETE,glp,10,30.0,29.8,30.1,28.0,31.0
2006-02,MUN,MG|CONTAGEM,glp,71,30.0,29.0,32.0,27.0,32.0
2006-02,MUN,MG|CORONEL FABRICIANO,glp,9,31.0,30.744,32.0,30.5,32.0
2006-02,MUN,MG|CURVELO,glp,9,32.0,30.0,32.0,30.0,32.0
2006-02,MUN,MG|DIAMANTINA,glp,10,32.0,29.85,34.05,28.5,34.5
2006-02,MUN,MG|DIVINOPOLIS,glp,45,32.0,32.0,32.0,32.0,32.0
2006-02,MUN,MG|ESPINOSA,glp,1,32.0,32.0,32.0,32.0,32.0
2006-02,MUN,MG|FORMIGA,glp,16,31.0,30.0,32.0,30.0,32.0
2006-02,MUN,MG|FRUTAL,glp,6,29.95,29.7,30.0,29.5,30.0
2006-02,MUN,MG|GOVERNADOR VALADARES,glp,23,32.0,30.0,32.0,28.0,33.0
2006-02,MUN,MG|GUAXUPE,glp,3,30.0,30.0,30.0,30.0,30.0
2006-02,MUN,MG|IBIRITE,glp,18,31.0,29.985,31.65,28.45,32.5
2006-02,MUN,MG|IPATINGA,glp,20,31.0,29.95,32.0,28.0,32.0
2006-02,MUN,MG|ITABIRA,glp,6,33.0,32.5,33.0,32.0,33.0
2006-02,MUN,MG|ITAJUBA,glp,14,30.0,29.65,30.0,29.0,30.0
2006-02,MUN,MG|ITAUNA,glp,12,30.0,30.0,31.0,30.0,31.0
2006-02,MUN,MG|ITUIUTABA,glp,17,30.0,28.0,30.2,28.0,31.0
2006-02,MUN,MG|JANAUBA,glp,14,31.0,30.3,31.7,30.0,34.0
2006-02,MUN,MG|JANUARIA,glp,11,31.0,30.0,32.0,30.0,32.0
2006-02,MUN,MG|JOAO MONLEVADE,glp,11,30.0,28.0,32.0,28.0,32.0
2006-02,MUN,MG|JOAO PINHEIRO,glp,15,35.0,35.0,35.0,35.0,35.0
2006-02,MUN,MG|JUIZ DE FORA,glp,89,30.0,29.0,32.0,29.0,33.0
2006-02,MUN,MG|LAVRAS,glp,10,30.0,28.45,30.0,28.0,30.0
2006-02,MUN,MG|LEOPOLDINA,glp,5,30.0,28.8,30.0,28.0,30.0
2006-02,MUN,MG|MANHUACU,glp,4,28.0,28.0,30.8,28.0,32.0
2006-02,MUN,MG|MARIANA,glp,6,30.5,29.0,32.5,28.0,33.0
2006-02,MUN,MG|MATIAS BARBOSA,glp,1,30.0,30.0,30.0,30.0,30.0
2006-02,MUN,MG|MONTE CARMELO,glp,16,29.0,28.5,30.0,28.0,30.0
2006-02,MUN,MG|MONTES CLAROS,glp,38,32.0,31.0,32.0,30.0,34.0
2006-02,MUN,MG|MURIAE,glp,3,28.0,26.8,28.4,26.5,28.5
2006-02,MUN,MG|NOVA LIMA,glp,10,32.0,32.0,33.1,32.0,34.0
2006-02,MUN,MG|OLIVEIRA,glp,8,29.5,28.97,31.0,28.9,31.0
2006-02,MUN,MG|OURO PRETO,glp,5,32.0,30.8,35.6,30.0,36.0
2006-02,MUN,MG|PARA DE MINAS,glp,10,31.2,28.9,32.0,28.0,32.0
2006-02,MUN,MG|PARACATU,glp,17,37.0,37.0,37.0,37.0,37.0
2006-02,MUN,MG|PASSOS,glp,12,32.0,31.1,32.0,31.0,32.0
2006-02,MUN,MG|PATOS DE MINAS,glp,26,34.0,33.0,35.0,29.0,35.0
2006-02,MUN,MG|PATROCINIO,glp,22,32.0,30.1,33.0,30.0,33.0
2006-02,MUN,MG|POCOS DE CALDAS,glp,15,29.0,28.0,29.0,27.0,30.0
2006-02,MUN,MG|POUSO ALEGRE,glp,22,29.0,28.0,29.0,27.9,29.0
2006-02,MUN,MG|RIBEIRAO DAS NEVES,glp,45,30.0,28.0,31.0,27.0,32.0
2006-02,MUN,MG|SABARA,glp,22,32.0,29.1,33.0,29.0,33.0
2006-02,MUN,MG|SANTA CRUZ DE MINAS,glp,1,28.0,28.0,28.0,28.0,28.0
2006-02,MUN,MG|SANTA LUZIA,glp,22,30.5,29.991,32.0,29.0,32.0
2006-02,MUN,MG|SANTOS DUMONT,glp,5,30.0,29.0,30.0,29.0,30.0
2006-02,MUN,MG|SAO GOTARDO,glp,1,35.0,35.0,35.0,35.0,35.0
2006-02,MUN,MG|SAO JOAO DEL REI,glp,20,28.0,28.0,28.15,28.0,32.0
2006-02,MUN,MG|SAO LOURENCO,glp,5,25.0,25.0,28.0,25.0,28.0
2006-02,MUN,MG|SAO SEBASTIAO DO PARAISO,glp,24,32.95,32.0,33.0,26.0,33.0
2006-02,MUN,MG|SETE LAGOAS,glp,29,30.0,27.9,31.0,27.0,32.0
2006-02,MUN,MG|TEOFILO OTONI,glp,27,31.0,30.0,33.0,29.0,34.0
2006-02,MUN,MG|TIMOTEO,glp,10,31.25,30.45,32.0,30.0,32.0
2006-02,MUN,MG|TRES CORACOES,glp,10,28.0,27.0,29.0,27.0,29.0
2006-02,MUN,MG|UBA,glp,11,30.0,29.0,30.0,28.0,30.0
2006-02,MUN,MG|UBERABA,glp,51,32.0,32.0,32.0,32.0,32.0
2006-02,MUN,MG|UBERLANDIA,glp,104,30.0,29.62,32.0,28.0,32.0
2006-02,MUN,MG|UNAI,glp,7,35.0,35.0,35.0,35.0,35.0
2006-02,MUN,MG|VARGINHA,glp,33,27.0,27.0,28.0,26.0,28.0
2006-02,MUN,MG|VESPASIANO,glp,14,30.0,29.5,31.0,28.0,32.0
2006-02,MUN,MG|VICOSA,glp,4,33.0,30.55,33.0,29.5,33.0
2006-02,MUN,MS|BATAYPORA,glp,1,35.0,35.0,35.0,35.0,35.0
2006-02,MUN,MS|CAMPO GRANDE,glp,48,33.0,29.9,33.95,29.0,35.0
2006-02,MUN,MS|CORUMBA,glp,6,37.0,36.25,37.0,36.0,37.0
2006-02,MUN,MS|COXIM,glp,5,35.0,35.0,35.0,35.0,35.0
2006-02,MUN,MS|DOURADOS,glp,26,35.0,33.5,35.0,32.0,35.0
2006-02,MUN,MS|NOVA ANDRADINA,glp,13,35.0,35.0,35.0,34.0,35.0
2006-02,MUN,MS|PARANAIBA,glp,6,35.0,34.5,35.0,34.0,35.0
2006-02,MUN,MS|PONTA PORA,glp,12,32.75,32.0,33.0,32.0,34.0
2006-02,MUN,MS|SAO GABRIEL DO OESTE,glp,1,34.0,34.0,34.0,34.0,34.0
2006-02,MUN,MS|TRES LAGOAS,glp,33,32.0,32.0,34.8,30.0,36.0
2006-02,MUN,MT|ALTA FLORESTA,glp,8,42.0,39.7,43.0,39.0,43.0
2006-02,MUN,MT|CACERES,glp,10,36.0,36.0,36.1,36.0,37.0
2006-02,MUN,MT|CUIABA,glp,83,39.0,38.0,40.0,35.0,40.0
2006-02,MUN,MT|RONDONOPOLIS,glp,9,40.0,40.0,40.0,40.0,40.0
2006-02,MUN,MT|SANTO ANTONIO DO LEVERGER,glp,1,39.0,39.0,39.0,39.0,39.0
2006-02,MUN,MT|SINOP,glp,19,40.0,40.0,40.0,40.0,40.0
2006-02,MUN,MT|SORRISO,glp,6,38.5,38.0,40.0,38.0,41.0
2006-02,MUN,MT|VARZEA GRANDE,glp,36,38.125,38.0,39.0,37.0,40.0
2006-02,MUN,PA|ABAETETUBA,glp,4,31.0,31.0,31.0,31.0,31.0
2006-02,MUN,PA|ALENQUER,glp,1,32.0,32.0,32.0,32.0,32.0
2006-02,MUN,PA|ALTAMIRA,glp,1,35.0,35.0,35.0,35.0,35.0
2006-02,MUN,PA|ANANINDEUA,glp,53,29.0,28.0,30.0,27.0,30.0
2006-02,MUN,PA|BELEM,glp,119,28.0,27.0,30.0,25.0,31.0
2006-02,MUN,PA|BRAGANCA,glp,2,31.0,31.0,31.0,31.0,31.0
2006-02,MUN,PA|BREU BRANCO,glp,1,35.0,35.0,35.0,35.0,35.0
2006-02,MUN,PA|BREVES,glp,2,30.0,30.0,30.0,30.0,30.0
2006-02,MUN,PA|CAMETA,glp,2,32.0,32.0,32.0,32.0,32.0
2006-02,MUN,PA|CASTANHAL,glp,10,29.0,28.0,30.0,28.0,30.0
2006-02,MUN,PA|CONCEICAO DO ARAGUAIA,glp,2,35.0,35.0,35.0,35.0,35.0
2006-02,MUN,PA|MARABA,glp,4,32.95,32.0,33.97,32.0,34.0
2006-02,MUN,PA|MARITUBA,glp,1,27.0,27.0,27.0,27.0,27.0
2006-02,MUN,PA|PARAGOMINAS,glp,2,35.0,35.0,35.0,35.0,35.0
2006-02,MUN,PA|PARAUAPEBAS,glp,1,36.0,36.0,36.0,36.0,36.0
2006-02,MUN,PA|REDENCAO,glp,5,35.0,35.0,35.0,35.0,35.0
2006-02,MUN,PA|SANTANA DO ARAGUAIA,glp,2,33.0,32.2,33.8,32.0,34.0
2006-02,MUN,PA|SANTAREM,glp,9,33.5,32.0,35.0,32.0,35.0
2006-02,MUN,PA|TUCURUI,glp,4,35.0,35.0,35.0,35.0,35.0
2006-02,MUN,PA|XINGUARA,glp,2,37.0,37.0,37.0,37.0,37.0
2006-02,MUN,PB|BAYEUX,glp,9,33.0,32.0,34.2,32.0,35.0
2006-02,MUN,PB|CABEDELO,glp,6,33.0,33.0,33.5,33.0,34.0
2006-02,MUN,PB|CAJAZEIRAS,glp,1,30.0,30.0,30.0,30.0,30.0
2006-02,MUN,PB|CAMPINA GRANDE,glp,28,33.0,33.0,34.0,28.0,35.0
2006-02,MUN,PB|GUARABIRA,glp,1,33.0,33.0,33.0,33.0,33.0
2006-02,MUN,PB|INGA,glp,1,33.0,33.0,33.0,33.0,33.0
2006-02,MUN,PB|JOAO PESSOA,glp,24,33.0,32.0,33.0,30.5,35.0
2006-02,MUN,PB|MAMANGUAPE,glp,4,34.0,33.0,35.0,33.0,35.0
2006-02,MUN,PB|MARIZOPOLIS,glp,1,30.0,30.0,30.0,30.0,30.0
2006-02,MUN,PB|PATOS,glp,6,35.0,35.0,35.0,35.0,35.0
2006-02,MUN,PB|SANTA RITA,glp,4,32.0,30.6,32.7,30.0,33.0
2006-02,MUN,PB|SAPE,glp,7,33.0,33.0,33.4,33.0,34.0
2006-02,MUN,PB|SOUSA,glp,3,32.0,30.4,32.0,30.0,32.0
2006-02,MUN,PE|ABREU E LIMA,glp,8,30.25,30.0,31.0,30.0,31.0
2006-02,MUN,PE|AFOGADOS DA INGAZEIRA,glp,2,31.5,30.3,32.7,30.0,33.0
2006-02,MUN,PE|AGUAS BELAS,glp,1,33.0,33.0,33.0,33.0,33.0
2006-02,MUN,PE|ARARIPINA,glp,1,33.0,33.0,33.0,33.0,33.0
2006-02,MUN,PE|ARCOVERDE,glp,1,33.0,33.0,33.0,33.0,33.0
2006-02,MUN,PE|BARRA DE GUABIRABA,glp,1,35.0,35.0,35.0,35.0,35.0
2006-02,MUN,PE|BELO JARDIM,glp,5,33.0,33.0,33.0,33.0,33.0
2006-02,MUN,PE|BEZERROS,glp,1,33.0,33.0,33.0,33.0,33.0
2006-02,MUN,PE|BOM CONSELHO,glp,4,32.0,32.0,32.0,32.0,32.0
2006-02,MUN,PE|CABO DE SANTO AGOSTINHO,glp,8,28.0,27.35,30.6,27.0,32.0
2006-02,MUN,PE|CAMARAGIBE,glp,5,30.0,28.0,30.0,28.0,30.0
2006-02,MUN,PE|CARUARU,glp,7,33.0,30.0,34.4,30.0,35.0
2006-02,MUN,PE|GARANHUNS,glp,6,32.0,32.0,32.0,32.0,32.0
2006-02,MUN,PE|GOIANA,glp,5,30.0,30.0,30.0,30.0,30.0
2006-02,MUN,PE|GRAVATA,glp,4,31.0,31.0,31.0,31.0,31.0
2006-02,MUN,PE|IGARASSU,glp,13,30.0,30.0,30.0,30.0,30.0
2006-02,MUN,PE|JABOATAO DOS GUARARAPES,glp,9,31.0,30.0,32.0,30.0,32.0
2006-02,MUN,PE|JUCATI,glp,1,32.0,32.0,32.0,32.0,32.0
2006-02,MUN,PE|LAJEDO,glp,3,30.0,30.0,30.0,30.0,30.0
2006-02,MUN,PE|MORENO,glp,1,28.75,28.75,28.75,28.75,28.75
2006-02,MUN,PE|OLINDA,glp,9,30.0,28.0,30.0,28.0,30.0
2006-02,MUN,PE|PAULISTA,glp,35,30.0,30.0,31.0,30.0,31.0
2006-02,MUN,PE|PETROLINA,glp,4,33.0,33.0,33.0,33.0,33.0
2006-02,MUN,PE|RECIFE,glp,125,29.0,28.5,29.9,28.0,30.5
2006-02,MUN,PE|SALGUEIRO,glp,4,29.5,28.3,30.7,28.0,31.0
2006-02,MUN,PE|SANTA CRUZ DO CAPIBARIBE,glp,2,35.0,35.0,35.0,35.0,35.0
2006-02,MUN,PE|SAO BENTO DO UNA,glp,1,30.0,30.0,30.0,30.0,30.0
2006-02,MUN,PE|SAO LOURENCO DA MATA,glp,8,30.0,30.0,30.0,30.0,30.0
2006-02,MUN,PE|SERRA TALHADA,glp,1,31.0,31.0,31.0,31.0,31.0
2006-02,MUN,PE|SERTANIA,glp,1,33.0,33.0,33.0,33.0,33.0
2006-02,MUN,PE|VENTUROSA,glp,1,33.0,33.0,33.0,33.0,33.0
2006-02,MUN,PE|VITORIA DE SANTO ANTAO,glp,6,32.0,30.5,32.0,29.0,32.0
2006-02,MUN,PI|BARRAS,glp,1,35.0,35.0,35.0,35.0,35.0
2006-02,MUN,PI|CAMPO MAIOR,glp,2,35.0,35.0,35.0,35.0,35.0
2006-02,MUN,PI|OEIRAS,glp,4,35.75,35.75,36.275,35.75,36.5
2006-02,MUN,PI|PARNAIBA,glp,1,35.0,35.0,35.0,35.0,35.0
2006-02,MUN,PI|PICOS,glp,3,35.0,35.0,35.6,35.0,35.75
2006-02,MUN,PI|PIRIPIRI,glp,2,35.0,35.0,35.0,35.0,35.0
2006-02,MUN,PI|TERESINA,glp,3,35.0,35.0,35.0,35.0,35.0
2006-02,MUN,PR|ALMIRANTE TAMANDARE,glp,10,29.5,29.0,30.1,29.0,31.0
2006-02,MUN,PR|APUCARANA,glp,23,32.0,31.0,32.9,30.0,34.0
2006-02,MUN,PR|ARAPONGAS,glp,18,32.0,30.85,33.0,30.0,34.0
2006-02,MUN,PR|ARAUCARIA,glp,12,30.0,29.55,31.45,29.5,32.0
2006-02,MUN,PR|ASSIS CHATEAUBRIAND,glp,10,30.45,30.0,32.21,30.0,35.0
2006-02,MUN,PR|CAMBE,glp,50,33.5,32.0,35.0,31.0,36.0
2006-02,MUN,PR|CAMPO LARGO,glp,17,30.0,30.0,32.0,29.5,32.0
2006-02,MUN,PR|CAMPO MOURAO,glp,8,35.0,35.0,35.13,35.0,35.2
2006-02,MUN,PR|CASCAVEL,glp,33,34.0,32.1,34.0,31.5,34.0
2006-02,MUN,PR|CASTRO,glp,7,32.0,30.0,33.0,30.0,33.0
2006-02,MUN,PR|CIANORTE,glp,9,35.0,34.9,35.5,34.5,35.5
2006-02,MUN,PR|COLOMBO,glp,22,31.0,30.0,32.0,29.25,32.0
2006-02,MUN,PR|CORNELIO PROCOPIO,glp,5,33.0,33.0,33.0,33.0,33.0
2006-02,MUN,PR|CURITIBA,glp,106,30.0,29.0,32.0,27.95,32.0
2006-02,MUN,PR|FAZENDA RIO GRANDE,glp,1,29.5,29.5,29.5,29.5,29.5
2006-02,MUN,PR|FOZ DO IGUACU,glp,16,32.0,32.0,35.0,32.0,35.0
2006-02,MUN,PR|FRANCISCO BELTRAO,glp,9,35.0,33.8,35.6,33.0,36.0
2006-02,MUN,PR|GUARAPUAVA,glp,10,32.375,31.0,33.05,31.0,33.5
2006-02,MUN,PR|LARANJEIRAS DO SUL,glp,4,34.5,33.3,35.0,33.0,35.0
2006-02,MUN,PR|LONDRINA,glp,56,32.0,32.0,34.0,29.75,35.0
2006-02,MUN,PR|MARECHAL CANDIDO RONDON,glp,5,34.0,34.0,35.0,34.0,35.0
2006-02,MUN,PR|MARINGA,glp,25,33.5,32.5,34.0,32.0,35.0
2006-02,MUN,PR|PARANAGUA,glp,30,33.0,33.0,33.1,33.0,36.5
2006-02,MUN,PR|PARANAVAI,glp,10,33.0,32.9,34.0,32.0,34.0
2006-02,MUN,PR|PATO BRANCO,glp,10,32.0,30.95,33.3,30.5,36.0
2006-02,MUN,PR|PINHAIS,glp,21,32.0,31.5,32.0,30.0,32.0
2006-02,MUN,PR|PIRAI DO SUL,glp,1,31.0,31.0,31.0,31.0,31.0
2006-02,MUN,PR|PONTA GROSSA,glp,79,32.0,30.0,34.0,28.0,34.0
2006-02,MUN,PR|SANTO ANTONIO DA PLATINA,glp,9,32.0,31.8,32.4,31.0,34.0
2006-02,MUN,PR|SAO JOSE DOS PINHAIS,glp,18,30.0,30.0,32.0,29.9,32.5
2006-02,MUN,PR|TOLEDO,glp,12,34.625,34.0,35.0,34.0,35.5
2006-02,MUN,PR|UMUARAMA,glp,14,33.0,33.0,33.7,33.0,34.0
2006-02,MUN,PR|UNIAO DA VITORIA,glp,10,30.5,29.9,32.1,29.0,33.0
2006-02,MUN,RJ|ANGRA DOS REIS,glp,4,32.625,31.005,34.0,30.9,34.0
2006-02,MUN,RJ|ARARUAMA,glp,4,27.5,27.15,28.55,27.0,29.0
2006-02,MUN,RJ|ARMACAO DOS BUZIOS,glp,2,28.95,28.19,29.71,28.0,29.9
2006-02,MUN,RJ|BARRA DO PIRAI,glp,3,31.5,31.1,31.9,31.0,32.0
2006-02,MUN,RJ|BARRA MANSA,glp,21,30.0,30.0,31.0,29.5,31.0
2006-02,MUN,RJ|BELFORD ROXO,glp,11,28.0,26.99,28.0,26.49,30.0
2006-02,MUN,RJ|CABO FRIO,glp,3,27.5,27.5,28.14,27.5,28.3
2006-02,MUN,RJ|CAMPOS DOS GOYTACAZES,glp,14,29.0,27.27,30.0,27.0,30.0
2006-02,MUN,RJ|DUQUE DE CAXIAS,glp,43,28.0,28.0,29.8,25.0,30.0
2006-02,MUN,RJ|ITABORAI,glp,4,28.995,28.297,29.7,28.0,30.0
2006-02,MUN,RJ|ITAGUAI,glp,12,29.8,28.1,29.9,28.0,30.0
2006-02,MUN,RJ|ITAPERUNA,glp,4,29.0,28.3,29.7,28.0,30.0
2006-02,MUN,RJ|MACAE,glp,5,30.0,30.0,30.0,30.0,30.0
2006-02,MUN,RJ|MAGE,glp,4,28.25,28.0,28.85,28.0,29.0
2006-02,MUN,RJ|MANGARATIBA,glp,3,30.0,29.92,30.0,29.9,30.0
2006-02,MUN,RJ|MARICA,glp,2,28.995,28.991,28.999,28.99,29.0
2006-02,MUN,RJ|NILOPOLIS,glp,6,28.25,27.49,29.5,26.99,30.0
2006-02,MUN,RJ|NITEROI,glp,2,29.475,29.095,29.855,29.0,29.95
2006-02,MUN,RJ|NOVA FRIBURGO,glp,13,32.0,32.0,32.0,29.0,32.0
2006-02,MUN,RJ|NOVA IGUACU,glp,19,30.0,28.8,30.0,27.0,32.0
2006-02,MUN,RJ|PARAIBA DO SUL,glp,2,30.0,30.0,30.0,30.0,30.0
2006-02,MUN,RJ|PARATY,glp,2,32.45,31.21,33.69,30.9,34.0
2006-02,MUN,RJ|PETROPOLIS,glp,4,32.25,32.0,32.85,32.0,33.0
2006-02,MUN,RJ|RESENDE,glp,6,30.0,28.0,30.5,28.0,31.0
2006-02,MUN,RJ|RIO DE JANEIRO,glp,92,29.0,27.0,30.0,25.99,33.0
2006-02,MUN,RJ|SANTO ANTONIO DE PADUA,glp,2,29.0,29.0,29.0,29.0,29.0
2006-02,MUN,RJ|SAO GONCALO,glp,1,28.0,28.0,28.0,28.0,28.0
2006-02,MUN,RJ|SAO JOAO DE MERITI,glp,12,28.0,27.0,29.9,26.0,30.0
2006-02,MUN,RJ|SAPUCAIA,glp,3,32.0,30.4,32.8,30.0,33.0
2006-02,MUN,RJ|SAQUAREMA,glp,3,28.0,28.0,30.4,28.0,31.0
2006-02,MUN,RJ|TERESOPOLIS,glp,4,31.0,30.0,32.0,30.0,32.0
2006-02,MUN,RJ|TRES RIOS,glp,1,30.0,30.0,30.0,30.0,30.0
2006-02,MUN,RJ|VALENCA,glp,8,30.0,29.85,31.0,29.5,31.0
2006-02,MUN,RJ|VASSOURAS,glp,4,32.0,31.65,32.35,31.5,32.5
2006-02,MUN,RJ|VOLTA REDONDA,glp,6,30.0,29.5,30.5,29.0,31.0
2006-02,MUN,RN|CAICO,glp,3,32.0,32.0,32.0,32.0,32.0
2006-02,MUN,RN|CURRAIS NOVOS,glp,4,30.0,30.0,30.0,30.0,30.0
2006-02,MUN,RN|MOSSORO,glp,3,30.0,30.0,30.0,30.0,30.0
2006-02,MUN,RN|NATAL,glp,6,30.0,28.5,31.0,28.0,32.0
2006-02,MUN,RN|PARNAMIRIM,glp,3,30.0,30.0,30.0,30.0,30.0
2006-02,MUN,RN|SAO JOSE DE MIPIBU,glp,3,30.0,30.0,30.0,30.0,30.0
2006-02,MUN,RN|TIMBAUBA DOS BATISTAS,glp,1,32.0,32.0,32.0,32.0,32.0
2006-02,MUN,RO|ARIQUEMES,glp,12,36.0,36.0,36.0,36.0,37.0
2006-02,MUN,RO|CACOAL,glp,10,37.0,37.0,37.2,37.0,39.0
2006-02,MUN,RO|GUAJARA-MIRIM,glp,3,38.0,38.0,38.0,38.0,38.0
2006-02,MUN,RO|JI-PARANA,glp,22,37.0,37.0,38.0,36.0,38.0
2006-02,MUN,RO|PIMENTA BUENO,glp,3,37.0,37.0,37.0,37.0,37.0
2006-02,MUN,RO|PORTO VELHO,glp,22,32.0,31.0,33.0,30.0,33.0
2006-02,MUN,RO|SAO MIGUEL DO GUAPORE,glp,1,41.0,41.0,41.0,41.0,41.0
2006-02,MUN,RO|VILHENA,glp,6,40.0,40.0,42.0,40.0,42.0
2006-02,MUN,RR|BOA VISTA,glp,26,35.0,33.5,36.0,33.0,37.0
2006-02,MUN,RR|CARACARAI,glp,1,29.3,29.3,29.3,29.3,29.3
2006-02,MUN,RR|RORAINOPOLIS,glp,1,35.0,35.0,35.0,35.0,35.0
2006-02,MUN,RS|ALEGRETE,glp,4,32.0,31.3,33.4,31.0,34.0
2006-02,MUN,RS|ALVORADA,glp,16,32.0,31.0,32.5,30.0,33.0
2006-02,MUN,RS|BAGE,glp,14,33.0,32.0,33.7,32.0,34.0
2006-02,MUN,RS|BENTO GONCALVES,glp,6,34.5,33.75,34.5,33.0,34.5
2006-02,MUN,RS|BOZANO,glp,1,34.5,34.5,34.5,34.5,34.5
2006-02,MUN,RS|CACAPAVA DO SUL,glp,7,34.0,33.48,34.0,33.45,34.0
2006-02,MUN,RS|CACHOEIRA DO SUL,glp,11,32.0,32.0,33.0,32.0,33.0
2006-02,MUN,RS|CACHOEIRINHA,glp,4,33.75,33.15,34.0,33.0,34.0
2006-02,MUN,RS|CANOAS,glp,12,33.25,32.1,33.95,32.0,34.0
2006-02,MUN,RS|CAXIAS DO SUL,glp,55,35.0,34.0,36.0,33.0,38.45
2006-02,MUN,RS|CHUI,glp,5,29.0,28.4,29.6,28.0,30.0
2006-02,MUN,RS|CRUZ ALTA,glp,2,33.5,33.1,33.9,33.0,34.0
2006-02,MUN,RS|ELDORADO DO SUL,glp,1,33.0,33.0,33.0,33.0,33.0
2006-02,MUN,RS|ERECHIM,glp,10,35.0,34.9,36.1,34.0,37.0
2006-02,MUN,RS|ESTEIO,glp,12,32.0,32.0,32.0,30.0,32.5
2006-02,MUN,RS|GRAMADO,glp,3,35.0,35.0,35.0,35.0,35.0
2006-02,MUN,RS|GRAVATAI,glp,7,34.0,33.0,34.6,33.0,35.5
2006-02,MUN,RS|GUAIBA,glp,8,33.9,33.165,34.45,32.5,34.45
2006-02,MUN,RS|IJUI,glp,15,34.0,32.0,35.0,30.0,36.0
2006-02,MUN,RS|JAGUARAO,glp,3,33.5,33.1,34.3,33.0,34.5
2006-02,MUN,RS|LAJEADO,glp,11,31.0,31.0,33.0,30.0,33.0
2006-02,MUN,RS|NOVO HAMBURGO,glp,16,32.0,32.0,33.0,32.0,34.0
2006-02,MUN,RS|OSORIO,glp,2,35.0,34.2,35.8,34.0,36.0
2006-02,MUN,RS|PALMEIRA DAS MISSOES,glp,13,36.0,33.4,39.0,33.0,39.0
2006-02,MUN,RS|PASSO FUNDO,glp,73,33.0,31.2,34.0,30.0,35.0
2006-02,MUN,RS|PELOTAS,glp,36,32.25,31.0,34.0,30.0,34.5
2006-02,MUN,RS|PORTO ALEGRE,glp,73,32.0,32.0,33.4,29.5,36.0
2006-02,MUN,RS|RIO GRANDE,glp,14,34.0,33.0,34.0,32.0,34.0
2006-02,MUN,RS|SANTA CRUZ DO SUL,glp,3,32.0,31.92,32.0,31.9,32.0
2006-02,MUN,RS|SANTA MARIA,glp,38,32.5,31.0,34.0,30.0,35.0
2006-02,MUN,RS|SANTA ROSA,glp,5,35.0,33.8,35.6,33.0,36.0
2006-02,MUN,RS|SANTA VITORIA DO PALMAR,glp,23,33.0,31.0,33.0,31.0,33.0
2006-02,MUN,RS|SANTANA DO LIVRAMENTO,glp,7,33.0,33.0,33.0,33.0,33.0
2006-02,MUN,RS|SANTO ANGELO,glp,3,34.0,32.4,34.0,32.0,34.0
2006-02,MUN,RS|SAO BORJA,glp,2,35.5,35.1,35.9,35.0,36.0
2006-02,MUN,RS|SAO GABRIEL,glp,3,36.0,36.0,36.4,36.0,36.5
2006-02,MUN,RS|SAO LEOPOLDO,glp,31,33.0,32.0,35.0,31.5,35.0
2006-02,MUN,RS|SAO LUIZ GONZAGA,glp,10,35.0,34.5,35.0,34.5,35.0
2006-02,MUN,RS|SAPIRANGA,glp,5,33.0,31.4,34.0,31.0,34.0
2006-02,MUN,RS|SAPUCAIA DO SUL,glp,16,32.0,32.0,32.25,32.0,32.5
2006-02,MUN,RS|TORRES,glp,6,35.0,34.0,36.25,34.0,37.0
2006-02,MUN,RS|TRAMANDAI,glp,6,34.0,32.0,35.0,31.0,35.0
2006-02,MUN,RS|TRES CACHOEIRAS,glp,1,35.0,35.0,35.0,35.0,35.0
2006-02,MUN,RS|URUGUAIANA,glp,4,36.5,35.3,37.0,35.0,37.0
2006-02,MUN,RS|VACARIA,glp,9,34.0,34.0,34.028,34.0,34.1
2006-02,MUN,RS|VIAMAO,glp,9,33.5,31.8,34.1,31.0,34.5
2006-02,MUN,SC|ARARANGUA,glp,7,40.0,37.8,40.0,37.5,40.0
2006-02,MUN,SC|BALNEARIO CAMBORIU,glp,7,35.0,33.9,35.0,33.75,35.0
2006-02,MUN,SC|BIGUACU,glp,6,34.0,33.25,34.5,33.0,35.0
2006-02,MUN,SC|BLUMENAU,glp,43,33.0,32.0,34.68,30.0,35.7
2006-02,MUN,SC|BOMBINHAS,glp,1,31.0,31.0,31.0,31.0,31.0
2006-02,MUN,SC|BRUSQUE,glp,6,33.0,31.0,36.4,31.0,36.9
2006-02,MUN,SC|CACADOR,glp,8,33.5,32.5,33.5,32.5,33.5
2006-02,MUN,SC|CHAPECO,glp,77,33.0,32.0,35.0,31.0,36.0
2006-02,MUN,SC|CONCORDIA,glp,37,33.0,32.0,35.0,32.0,37.0
2006-02,MUN,SC|CRICIUMA,glp,21,35.0,33.5,39.0,33.0,40.0
2006-02,MUN,SC|FLORIANOPOLIS,glp,54,34.0,33.9,35.0,32.9,38.0
2006-02,MUN,SC|ITAJAI,glp,32,34.0,32.0,34.9,30.0,35.0
2006-02,MUN,SC|JARAGUA DO SUL,glp,10,36.0,35.0,37.97,35.0,39.5
2006-02,MUN,SC|JOINVILLE,glp,60,35.0,33.0,35.0,31.0,36.0
2006-02,MUN,SC|LAGES,glp,4,32.0,31.3,32.7,31.0,33.0
2006-02,MUN,SC|LAGUNA,glp,6,34.5,34.0,35.0,34.0,35.0
2006-02,MUN,SC|MAFRA,glp,2,31.25,30.65,31.85,30.5,32.0
2006-02,MUN,SC|PALHOCA,glp,18,34.0,33.35,36.0,33.0,36.0
2006-02,MUN,SC|SAO JOSE,glp,31,34.0,32.0,35.0,32.0,36.0
2006-02,MUN,SC|SAO MIGUEL DO OESTE,glp,14,32.25,32.0,33.0,30.0,33.0
2006-02,MUN,SC|TIJUCAS,glp,1,34.5,34.5,34.5,34.5,34.5
2006-02,MUN,SC|TUBARAO,glp,13,35.0,35.0,35.0,33.0,35.1
2006-02,MUN,SC|VIDEIRA,glp,6,33.0,32.5,33.75,32.0,34.0
2006-02,MUN,SC|XANXERE,glp,29,33.0,32.0,35.0,31.0,36.0
2006-02,MUN,SE|ARACAJU,glp,25,32.0,30.0,33.0,28.0,34.0
2006-02,MUN,SE|ITABAIANA,glp,6,30.0,30.0,30.0,30.0,30.0
2006-02,MUN,SE|ITABAIANINHA,glp,3,32.0,32.0,32.0,32.0,32.0
2006-02,MUN,SE|LAGARTO,glp,4,32.0,32.0,32.0,32.0,32.0
2006-02,MUN,SE|NOSSA SENHORA DO SOCORRO,glp,11,32.0,31.0,34.0,30.0,34.0
2006-02,MUN,SE|SIMAO DIAS,glp,3,30.0,30.0,30.0,30.0,30.0
2006-02,MUN,SE|TOBIAS BARRETO,glp,3,30.0,30.0,30.0,30.0,30.0
2006-02,MUN,SP|ADAMANTINA,glp,10,30.0,30.0,30.0,30.0,30.0
2006-02,MUN,SP|AMERICANA,glp,17,32.0,31.5,32.0,30.0,32.5
2006-02,MUN,SP|AMERICO BRASILIENSE,glp,1,30.0,30.0,30.0,30.0,30.0
2006-02,MUN,SP|AMPARO,glp,5,30.0,28.8,31.34,28.0,31.9
2006-02,MUN,SP|APIAI,glp,2,30.0,30.0,30.0,30.0,30.0
2006-02,MUN,SP|ARACARIGUAMA,glp,1,31.0,31.0,31.0,31.0,31.0
2006-02,MUN,SP|ARACATUBA,glp,29,29.0,28.0,30.0,26.0,30.0
2006-02,MUN,SP|ARARAQUARA,glp,16,30.0,29.5,30.5,27.0,31.0
2006-02,MUN,SP|ARARAS,glp,3,29.0,28.6,29.0,28.5,29.0
2006-02,MUN,SP|AREIOPOLIS,glp,1,40.0,40.0,40.0,40.0,40.0
2006-02,MUN,SP|ASSIS,glp,6,30.0,30.0,30.0,30.0,30.0
2006-02,MUN,SP|ATIBAIA,glp,22,31.5,31.0,32.0,28.5,32.9
2006-02,MUN,SP|AVARE,glp,5,29.0,28.4,29.6,28.0,30.0
2006-02,MUN,SP|BARRETOS,glp,5,29.5,29.0,29.8,29.0,30.0
2006-02,MUN,SP|BARUERI,glp,10,29.0,27.8,30.0,26.0,30.0
2006-02,MUN,SP|BAURU,glp,52,30.0,29.0,30.5,28.0,31.11
2006-02,MUN,SP|BEBEDOURO,glp,4,28.5,28.0,29.7,28.0,30.0
2006-02,MUN,SP|BIRIGUI,glp,11,32.0,28.0,32.0,28.0,32.0
2006-02,MUN,SP|BOTUCATU,glp,14,30.0,29.15,30.0,29.0,30.0
2006-02,MUN,SP|BRAGANCA PAULISTA,glp,13,29.0,28.19,29.94,27.98,31.9
2006-02,MUN,SP|CACAPAVA,glp,7,29.0,28.0,30.4,28.0,31.0
2006-02,MUN,SP|CAMPINAS,glp,53,30.0,29.1,32.0,27.0,33.0
2006-02,MUN,SP|CAMPOS DO JORDAO,glp,8,29.322,28.35,30.3,28.0,31.0
2006-02,MUN,SP|CAPAO BONITO,glp,6,29.75,28.5,30.0,28.0,30.0
2006-02,MUN,SP|CARAGUATATUBA,glp,9,31.0,30.4,32.3,30.0,32.5
2006-02,MUN,SP|CARAPICUIBA,glp,15,26.99,24.99,31.0,24.99,32.0
2006-02,MUN,SP|CATANDUVA,glp,8,29.0,29.0,30.3,29.0,31.0
2006-02,MUN,SP|COSMOPOLIS,glp,5,32.0,31.4,32.0,31.0,32.0
2006-02,MUN,SP|COTIA,glp,10,29.9,29.0,30.1,29.0,31.0
2006-02,MUN,SP|CRUZEIRO,glp,9,29.0,27.9,30.0,27.5,30.0
2006-02,MUN,SP|CUBATAO,glp,5,30.0,29.0,30.0,29.0,30.0
2006-02,MUN,SP|DIADEMA,glp,9,28.5,26.695,29.2,25.495,30.0
2006-02,MUN,SP|DRACENA,glp,5,35.0,34.8,35.0,34.8,35.0
2006-02,MUN,SP|EMBU DAS ARTES,glp,6,28.9,27.75,29.95,27.0,30.0
2006-02,MUN,SP|ENGENHEIRO COELHO,glp,1,29.0,29.0,29.0,29.0,29.0
2006-02,MUN,SP|ESPIRITO SANTO DO PINHAL,glp,1,30.0,30.0,30.0,30.0,30.0
2006-02,MUN,SP|FERRAZ DE VASCONCELOS,glp,11,28.0,28.0,29.0,27.5,31.0
2006-02,MUN,SP|FRANCA,glp,19,31.0,29.99,32.0,29.9,35.0
2006-02,MUN,SP|FRANCISCO MORATO,glp,7,31.0,29.0,31.5,29.0,31.5
2006-02,MUN,SP|FRANCO DA ROCHA,glp,6,29.95,29.0,31.5,29.0,31.5
2006-02,MUN,SP|GARCA,glp,6,30.0,30.0,30.0,30.0,30.0
2006-02,MUN,SP|GUARATINGUETA,glp,3,28.0,28.0,30.0,28.0,30.5
2006-02,MUN,SP|GUARUJA,glp,3,32.9,32.9,32.9,32.9,32.9
2006-02,MUN,SP|GUARULHOS,glp,55,29.0,26.396,30.0,25.0,31.0
2006-02,MUN,SP|HORTOLANDIA,glp,18,28.0,28.0,30.0,27.0,30.0
2006-02,MUN,SP|IBITINGA,glp,8,30.0,30.0,30.3,30.0,31.0
2006-02,MUN,SP|INDAIATUBA,glp,23,32.0,32.0,32.8,32.0,33.0
2006-02,MUN,SP|ITANHAEM,glp,5,30.0,29.0,30.0,29.0,30.0
2006-02,MUN,SP|ITAPECERICA DA SERRA,glp,2,30.495,30.099,30.891,30.0,30.99
2006-02,MUN,SP|ITAPETININGA,glp,18,29.0,27.35,30.0,26.0,32.0
2006-02,MUN,SP|ITAPEVA,glp,7,29.0,28.95,29.4,28.95,30.0
2006-02,MUN,SP|ITAPEVI,glp,4,26.5,24.6,28.4,24.0,29.0
2006-02,MUN,SP|ITAPIRA,glp,9,29.0,27.0,30.0,27.0,30.0
2006-02,MUN,SP|ITAPOLIS,glp,4,30.0,30.0,30.0,30.0,30.0
2006-02,MUN,SP|ITAQUAQUECETUBA,glp,11,29.0,29.0,30.0,29.0,30.0
2006-02,MUN,SP|ITATIBA,glp,7,30.0,29.998,31.4,29.995,32.0
2006-02,MUN,SP|ITU,glp,16,29.45,28.45,30.45,28.0,31.0
2006-02,MUN,SP|JABOTICABAL,glp,8,30.5,29.997,31.0,29.99,31.0
2006-02,MUN,SP|JACAREI,glp,6,28.0,28.0,29.5,28.0,31.0
2006-02,MUN,SP|JALES,glp,7,30.0,29.0,30.0,29.0,30.0
2006-02,MUN,SP|JANDIRA,glp,4,27.5,27.0,28.7,27.0,29.0
2006-02,MUN,SP|JAU,glp,9,29.0,28.0,30.0,28.0,30.0
2006-02,MUN,SP|JOSE BONIFACIO,glp,6,30.0,29.75,30.5,29.5,30.5
2006-02,MUN,SP|JUNDIAI,glp,16,30.0,27.5,31.0,26.0,31.0
2006-02,MUN,SP|LEME,glp,19,29.0,29.0,29.0,29.0,29.0
2006-02,MUN,SP|LIMEIRA,glp,23,33.0,30.2,34.0,28.9,34.0
2006-02,MUN,SP|LINS,glp,9,32.0,30.0,32.0,30.0,32.0
2006-02,MUN,SP|LORENA,glp,8,28.0,27.0,29.0,27.0,29.0
2006-02,MUN,SP|MARILIA,glp,10,28.0,28.0,29.0,28.0,29.0
2006-02,MUN,SP|MATAO,glp,11,30.0,29.0,30.0,29.0,30.0
2006-02,MUN,SP|MAUA,glp,13,31.0,29.996,32.0,28.5,32.5
2006-02,MUN,SP|MIRASSOL,glp,12,28.0,27.0,28.0,26.0,28.0
2006-02,MUN,SP|MOCOCA,glp,11,30.0,29.0,30.0,29.0,30.0
2006-02,MUN,SP|MOGI DAS CRUZES,glp,15,30.0,28.36,31.6,27.0,32.0
2006-02,MUN,SP|MOGI GUACU,glp,14,30.0,29.65,30.0,29.0,30.0
2006-02,MUN,SP|MOGI MIRIM,glp,10,30.0,29.8,30.0,28.0,30.0
2006-02,MUN,SP|MONTE ALTO,glp,5,31.0,29.7,32.0,29.5,32.0
2006-02,MUN,SP|MONTE AZUL PAULISTA,glp,1,29.0,29.0,29.0,29.0,29.0
2006-02,MUN,SP|OLIMPIA,glp,4,30.0,30.0,30.0,30.0,30.0
2006-02,MUN,SP|OSASCO,glp,22,28.99,25.0,30.945,24.99,31.0
2006-02,MUN,SP|OURINHOS,glp,13,29.0,28.2,30.0,28.0,31.41
2006-02,MUN,SP|PARAGUACU PAULISTA,glp,22,30.0,28.0,30.0,28.0,33.0
2006-02,MUN,SP|PAULINIA,glp,11,29.0,28.5,30.0,28.0,30.0
2006-02,MUN,SP|PIEDADE,glp,1,28.0,28.0,28.0,28.0,28.0
2006-02,MUN,SP|PINDAMONHANGABA,glp,5,28.0,28.0,29.0,28.0,29.0
2006-02,MUN,SP|PIRACICABA,glp,18,30.5,30.0,32.0,29.0,33.0
2006-02,MUN,SP|PIRAPORA DO BOM JESUS,glp,1,29.0,29.0,29.0,29.0,29.0
2006-02,MUN,SP|PIRASSUNUNGA,glp,18,28.75,28.5,29.0,28.0,29.0
2006-02,MUN,SP|POA,glp,5,29.0,28.08,30.0,27.8,30.0
2006-02,MUN,SP|PORTO FERREIRA,glp,8,29.0,29.0,29.0,29.0,29.0
2006-02,MUN,SP|PRAIA GRANDE,glp,6,30.5,29.75,31.9,29.5,32.0
2006-02,MUN,SP|PRESIDENTE PRUDENTE,glp,8,29.75,28.63,30.3,28.0,31.0
2006-02,MUN,SP|PRESIDENTE VENCESLAU,glp,5,29.0,28.66,29.6,28.5,30.0
2006-02,MUN,SP|RIBEIRAO PIRES,glp,7,30.9,28.8,31.994,28.5,33.5
2006-02,MUN,SP|RIBEIRAO PRETO,glp,13,29.0,28.0,30.0,28.0,30.0
2006-02,MUN,SP|RIO CLARO,glp,14,28.0,28.0,30.0,28.0,30.0
2006-02,MUN,SP|RIO DAS PEDRAS,glp,1,35.0,35.0,35.0,35.0,35.0
2006-02,MUN,SP|SALTINHO,glp,1,31.5,31.5,31.5,31.5,31.5
2006-02,MUN,SP|SALTO,glp,11,30.0,30.0,31.0,29.0,31.0
2006-02,MUN,SP|SANTA BARBARA D'OESTE,glp,25,31.5,29.2,32.0,28.0,32.0
2006-02,MUN,SP|SANTA CRUZ DO RIO PARDO,glp,14,30.0,29.0,30.0,29.0,30.0
2006-02,MUN,SP|SANTO ANDRE,glp,31,31.99,30.0,33.5,29.0,34.65
2006-02,MUN,SP|SANTOS,glp,6,31.75,30.5,34.0,30.0,34.0
2006-02,MUN,SP|SAO BERNARDO DO CAMPO,glp,29,32.0,30.0,32.5,29.0,33.8
2006-02,MUN,SP|SAO CAETANO DO SUL,glp,4,31.0,30.3,32.05,30.0,32.5
2006-02,MUN,SP|SAO CARLOS,glp,5,28.0,27.34,28.6,26.9,29.0
2006-02,MUN,SP|SAO JOAO DA BOA VISTA,glp,6,29.0,27.75,29.0,27.0,29.0
2006-02,MUN,SP|SAO JOAQUIM DA BARRA,glp,2,30.0,30.0,30.0,30.0,30.0
2006-02,MUN,SP|SAO JOSE DO RIO PRETO,glp,39,29.0,28.0,30.0,27.5,30.0
2006-02,MUN,SP|SAO JOSE DOS CAMPOS,glp,33,30.0,28.0,30.8,26.995,31.0
2006-02,MUN,SP|SAO PAULO,glp,268,28.0,26.0,30.5,24.99,34.5
2006-02,MUN,SP|SAO ROQUE,glp,4,30.5,29.3,31.0,29.0,31.0
2006-02,MUN,SP|SAO VICENTE,glp,13,29.99,26.0,31.0,25.0,31.0
2006-02,MUN,SP|SERTAOZINHO,glp,25,30.0,29.0,30.0,28.0,30.0
2006-02,MUN,SP|SOROCABA,glp,37,29.0,28.0,30.8,26.0,32.9
2006-02,MUN,SP|SUMARE,glp,29,29.0,28.0,29.2,28.0,31.0
2006-02,MUN,SP|SUZANO,glp,12,30.0,29.0,30.0,28.0,32.0
2006-02,MUN,SP|TABOAO DA SERRA,glp,4,30.0,26.5,30.0,25.0,30.0
2006-02,MUN,SP|TATUI,glp,7,29.0,28.6,29.0,28.0,29.0
2006-02,MUN,SP|TAUBATE,glp,6,28.0,27.995,28.5,27.99,29.0
2006-02,MUN,SP|TRES FRONTEIRAS,glp,1,30.0,30.0,30.0,30.0,30.0
2006-02,MUN,SP|TUPA,glp,4,28.5,28.0,29.0,28.0,29.0
2006-02,MUN,SP|UBATUBA,glp,16,32.5,31.162,34.0,30.0,34.0
2006-02,MUN,SP|VALINHOS,glp,9,29.0,28.8,30.6,28.0,31.0
2006-02,MUN,SP|VARGEM,glp,1,31.0,31.0,31.0,31.0,31.0
2006-02,MUN,SP|VARZEA PAULISTA,glp,7,30.0,29.6,31.2,29.0,33.0
2006-02,MUN,SP|VINHEDO,glp,6,29.0,28.0,30.0,28.0,31.0
2006-02,MUN,SP|VOTORANTIM,glp,9,28.0,27.0,29.2,27.0,30.0
2006-02,MUN,SP|VOTUPORANGA,glp,15,31.0,30.0,32.0,30.0,32.0
2006-02,MUN,TO|ALMAS,glp,1,35.0,35.0,35.0,35.0,35.0
2006-02,MUN,TO|ARAGUAINA,glp,10,35.55,35.0,36.05,35.0,36.5
2006-02,MUN,TO|COMBINADO,glp,1,35.0,35.0,35.0,35.0,35.0
2006-02,MUN,TO|DIANOPOLIS,glp,11,34.0,34.0,35.0,34.0,35.0
2006-02,MUN,TO|GURUPI,glp,55,33.0,32.0,33.0,32.0,34.0
2006-02,MUN,TO|LAGOA DA CONFUSAO,glp,1,35.0,35.0,35.0,35.0,35.0
2006-02,MUN,TO|PALMAS,glp,31,35.0,35.0,35.5,34.0,36.0
2006-02,MUN,TO|PARAISO DO TOCANTINS,glp,34,35.0,35.0,35.0,34.0,36.0
2006-02,MUN,TO|PORTO NACIONAL,glp,13,35.0,34.6,35.9,34.0,36.0
2006-02,MUN,TO|TAGUATINGA,glp,1,35.0,35.0,35.0,35.0,35.0
2006-02,UF,AC,glp,57,36.0,35.5,39.0,35.0,45.0
2006-02,UF,AL,glp,32,33.0,31.0,33.0,28.0,34.0
2006-02,UF,AM,glp,302,29.5,29.5,30.0,29.3,35.0
2006-02,UF,AP,glp,15,34.0,34.0,40.0,31.0,44.0
2006-02,UF,BA,glp,336,31.0,29.0,33.5,27.0,36.0
2006-02,UF,CE,glp,297,31.0,30.0,32.0,29.0,35.0
2006-02,UF,DF,glp,102,33.0,33.0,34.5,33.0,34.5
2006-02,UF,ES,glp,198,30.0,28.0,32.0,27.0,33.0
2006-02,UF,GO,glp,450,31.0,29.0,35.0,28.0,35.0
2006-02,UF,MA,glp,62,34.0,32.55,36.0,30.0,38.0
2006-02,UF,MG,glp,1411,30.5,28.5,32.0,25.0,37.0
2006-02,UF,MS,glp,151,33.0,30.0,35.0,29.0,37.0
2006-02,UF,MT,glp,172,39.0,37.0,40.0,35.0,43.0
2006-02,UF,PA,glp,227,29.0,27.0,34.0,25.0,37.0
2006-02,UF,PB,glp,95,33.0,32.0,35.0,28.0,35.0
2006-02,UF,PE,glp,283,30.0,28.5,32.0,27.0,35.0
2006-02,UF,PI,glp,16,35.0,35.0,35.75,35.0,36.5
2006-02,UF,PR,glp,670,32.0,30.0,34.0,27.95,36.5
2006-02,UF,RJ,glp,329,29.0,27.5,31.3,25.0,34.0
2006-02,UF,RN,glp,23,30.0,30.0,32.0,28.0,32.0
2006-02,UF,RO,glp,79,37.0,31.0,38.2,30.0,42.0
2006-02,UF,RR,glp,28,35.0,33.5,36.0,29.3,37.0
2006-02,UF,RS,glp,615,33.0,31.9,35.0,28.0,39.0
2006-02,UF,SC,glp,493,34.0,32.0,35.0,30.0,40.0
2006-02,UF,SE,glp,55,32.0,30.0,33.0,28.0,34.0
2006-02,UF,SP,glp,1704,30.0,28.0,32.0,24.0,40.0
2006-02,UF,TO,glp,158,35.0,32.5,35.15,32.0,36.5
2006-03,BR,BR,glp,8912,32.0,29.0,35.0,24.99,45.0
2006-03,MUN,AC|CRUZEIRO DO SUL,glp,1,44.0,44.0,44.0,44.0,44.0
2006-03,MUN,AC|RIO BRANCO,glp,48,36.0,35.5,36.5,35.0,38.0
2006-03,MUN,AC|SENA MADUREIRA,glp,3,39.0,39.0,39.0,39.0,39.0
2006-03,MUN,AC|SENADOR GUIOMARD,glp,1,37.0,37.0,37.0,37.0,37.0
2006-03,MUN,AC|TARAUACA,glp,2,45.0,45.0,45.0,45.0,45.0
2006-03,MUN,AC|XAPURI,glp,2,38.0,37.2,38.8,37.0,39.0
2006-03,MUN,AL|ARAPIRACA,glp,6,33.0,33.0,33.05,33.0,33.1
2006-03,MUN,AL|DELMIRO GOUVEIA,glp,2,31.0,31.0,31.0,31.0,31.0
2006-03,MUN,AL|MACEIO,glp,18,33.0,31.7,33.0,31.0,34.0
2006-03,MUN,AL|MARECHAL DEODORO,glp,1,32.0,32.0,32.0,32.0,32.0
2006-03,MUN,AL|PALMEIRA DOS INDIOS,glp,2,33.0,33.0,33.0,33.0,33.0
2006-03,MUN,AL|RIO LARGO,glp,1,33.0,33.0,33.0,33.0,33.0
2006-03,MUN,AM|HUMAITA,glp,1,34.0,34.0,34.0,34.0,34.0
2006-03,MUN,AM|ITACOATIARA,glp,1,33.0,33.0,33.0,33.0,33.0
2006-03,MUN,AM|MANACAPURU,glp,1,31.0,31.0,31.0,31.0,31.0
2006-03,MUN,AM|MANAUS,glp,132,30.0,29.3,31.0,29.0,32.0
2006-03,MUN,AM|PARINTINS,glp,1,33.0,33.0,33.0,33.0,33.0
2006-03,MUN,AM|PRESIDENTE FIGUEIREDO,glp,1,35.0,35.0,35.0,35.0,35.0
2006-03,MUN,AP|CALCOENE,glp,1,35.0,35.0,35.0,35.0,35.0
2006-03,MUN,AP|LARANJAL DO JARI,glp,1,31.0,31.0,31.0,31.0,31.0
2006-03,MUN,AP|MACAPA,glp,8,34.0,34.0,34.0,34.0,34.0
2006-03,MUN,AP|OIAPOQUE,glp,2,44.0,44.0,44.0,44.0,44.0
2006-03,MUN,AP|SANTANA,glp,3,34.0,34.0,34.8,34.0,35.0
2006-03,MUN,BA|ALAGOINHAS,glp,3,33.0,33.0,33.0,33.0,33.0
2006-03,MUN,BA|BARRA,glp,4,31.0,30.3,31.7,30.0,32.0
2006-03,MUN,BA|BARREIRAS,glp,12,30.0,30.0,30.45,30.0,32.0
2006-03,MUN,BA|BRUMADO,glp,4,33.0,32.16,33.0,31.8,33.0
2006-03,MUN,BA|CAETITE,glp,6,28.25,27.5,30.0,27.0,30.0
2006-03,MUN,BA|CAMACARI,glp,8,33.25,33.0,33.5,33.0,33.5
2006-03,MUN,BA|CAMPO FORMOSO,glp,3,30.0,30.0,30.0,30.0,30.0
2006-03,MUN,BA|CANDEIAS,glp,6,28.25,28.0,30.0,28.0,30.0
2006-03,MUN,BA|CAPIM GROSSO,glp,1,30.0,30.0,30.0,30.0,30.0
2006-03,MUN,BA|CONCEICAO DO JACUIPE,glp,1,32.5,32.5,32.5,32.5,32.5
2006-03,MUN,BA|EUNAPOLIS,glp,7,35.0,35.0,35.0,35.0,35.0
2006-03,MUN,BA|FEIRA DE SANTANA,glp,12,32.5,32.5,32.95,30.0,33.0
2006-03,MUN,BA|GUANAMBI,glp,9,33.0,31.8,33.0,27.0,33.0
2006-03,MUN,BA|ILHEUS,glp,10,34.0,33.997,34.0,33.97,34.0
2006-03,MUN,BA|IPIRA,glp,4,30.0,30.0,30.0,30.0,30.0
2006-03,MUN,BA|IRECE,glp,4,30.0,30.0,30.0,30.0,30.0
2006-03,MUN,BA|ITABUNA,glp,7,33.0,32.0,33.4,32.0,34.0
2006-03,MUN,BA|ITAMARAJU,glp,5,32.0,32.0,32.0,32.0,32.0
2006-03,MUN,BA|JACOBINA,glp,8,32.5,32.0,33.0,32.0,33.0
2006-03,MUN,BA|JAGUAQUARA,glp,6,30.0,30.0,31.0,30.0,32.0
2006-03,MUN,BA|JEQUIE,glp,4,31.0,30.0,32.0,30.0,32.0
2006-03,MUN,BA|JUAZEIRO,glp,6,33.0,33.0,33.0,33.0,33.0
2006-03,MUN,BA|LAURO DE FREITAS,glp,10,30.35,30.0,30.91,30.0,31.0
2006-03,MUN,BA|LUIS EDUARDO MAGALHAES,glp,1,35.0,35.0,35.0,35.0,35.0
2006-03,MUN,BA|PAULO AFONSO,glp,8,32.0,31.7,32.0,31.0,32.0
2006-03,MUN,BA|POCOES,glp,3,28.0,28.0,28.0,28.0,28.0
2006-03,MUN,BA|PORTO SEGURO,glp,7,35.0,35.0,35.4,35.0,36.0
2006-03,MUN,BA|RUY BARBOSA,glp,5,33.0,33.0,33.0,33.0,33.0
2006-03,MUN,BA|SALVADOR,glp,138,31.0,30.0,31.95,27.0,32.0
2006-03,MUN,BA|SANTO ANTONIO DE JESUS,glp,4,35.0,35.0,35.0,35.0,35.0
2006-03,MUN,BA|SENHOR DO BONFIM,glp,4,33.0,33.0,33.0,33.0,33.0
2006-03,MUN,BA|SERRINHA,glp,3,33.0,33.0,33.0,33.0,33.0
2006-03,MUN,BA|SIMOES FILHO,glp,7,33.0,33.0,33.0,33.0,33.0
2006-03,MUN,BA|TEIXEIRA DE FREITAS,glp,11,33.0,32.0,33.0,30.0,33.0
2006-03,MUN,BA|VALENCA,glp,4,35.0,35.0,35.0,35.0,35.0
2006-03,MUN,BA|VITORIA DA CONQUISTA,glp,2,32.54,32.172,32.908,32.08,33.0
2006-03,MUN,CE|BEBERIBE,glp,1,31.5,31.5,31.5,31.5,31.5
2006-03,MUN,CE|CANINDE,glp,2,32.0,31.2,32.8,31.0,33.0
2006-03,MUN,CE|CAUCAIA,glp,34,31.0,30.5,32.0,30.0,32.0
2006-03,MUN,CE|CRATEUS,glp,3,33.0,32.2,33.0,32.0,33.0
2006-03,MUN,CE|CRATO,glp,7,33.0,30.0,34.0,30.0,34.0
2006-03,MUN,CE|FORTALEZA,glp,127,31.0,30.0,31.72,28.0,32.0
2006-03,MUN,CE|IGUATU,glp,2,32.0,32.0,32.0,32.0,32.0
2006-03,MUN,CE|IPU,glp,3,34.0,34.0,34.0,34.0,34.0
2006-03,MUN,CE|ITAPIPOCA,glp,3,30.0,30.0,30.0,30.0,30.0
2006-03,MUN,CE|JUAZEIRO DO NORTE,glp,6,34.0,33.5,34.5,33.0,35.0
2006-03,MUN,CE|LIMOEIRO DO NORTE,glp,2,33.95,33.91,33.99,33.9,34.0
2006-03,MUN,CE|MARACANAU,glp,12,31.0,30.1,31.99,30.0,32.0
2006-03,MUN,CE|MORADA NOVA,glp,3,33.0,33.0,33.0,33.0,33.0
2006-03,MUN,CE|PEDRA BRANCA,glp,2,30.0,30.0,30.0,30.0,30.0
2006-03,MUN,CE|QUIXADA,glp,5,33.0,32.0,33.0,32.0,33.0
2006-03,MUN,CE|SAO GONCALO DO AMARANTE,glp,1,32.0,32.0,32.0,32.0,32.0
2006-03,MUN,CE|SOBRAL,glp,4,33.5,33.0,34.0,33.0,34.0
2006-03,MUN,DF|BRASILIA,glp,243,34.0,33.0,34.5,31.0,35.0
2006-03,MUN,ES|ARACRUZ,glp,8,30.0,28.7,31.3,28.0,32.0
2006-03,MUN,ES|BARRA DE SAO FRANCISCO,glp,10,30.0,28.0,30.01,28.0,30.1
2006-03,MUN,ES|CACHOEIRO DE ITAPEMIRIM,glp,17,30.0,29.54,31.0,28.0,31.0
2006-03,MUN,ES|CARIACICA,glp,21,29.0,28.0,30.0,27.0,31.8
2006-03,MUN,ES|CASTELO,glp,4,29.5,28.993,31.33,28.99,31.9
2006-03,MUN,ES|COLATINA,glp,11,30.0,30.0,32.0,29.0,32.0
2006-03,MUN,ES|GUARAPARI,glp,5,30.0,29.7,32.6,29.5,33.0
2006-03,MUN,ES|ITAPEMIRIM,glp,2,29.5,29.1,29.9,29.0,30.0
2006-03,MUN,ES|JAGUARE,glp,3,32.0,31.6,32.0,31.5,32.0
2006-03,MUN,ES|LINHARES,glp,20,32.0,29.0,32.0,28.0,33.0
2006-03,MUN,ES|MARATAIZES,glp,1,28.0,28.0,28.0,28.0,28.0
2006-03,MUN,ES|NOVA VENECIA,glp,2,32.0,32.0,32.0,32.0,32.0
2006-03,MUN,ES|PIUMA,glp,1,30.0,30.0,30.0,30.0,30.0
2006-03,MUN,ES|SAO MATEUS,glp,8,31.0,30.0,32.0,30.0,32.0
2006-03,MUN,ES|SERRA,glp,61,29.0,29.0,30.1,28.0,32.0
2006-03,MUN,ES|VILA VELHA,glp,22,29.0,28.09,29.0,27.5,30.0
2006-03,MUN,ES|VITORIA,glp,4,29.5,29.0,30.0,29.0,30.0
2006-03,MUN,GO|ABADIA DE GOIAS,glp,1,29.0,29.0,29.0,29.0,29.0
2006-03,MUN,GO|AGUAS LINDAS DE GOIAS,glp,4,32.75,31.0,34.5,31.0,34.5
2006-03,MUN,GO|ANAPOLIS,glp,41,32.0,31.0,32.0,31.0,33.0
2006-03,MUN,GO|APARECIDA DE GOIANIA,glp,60,30.0,29.0,31.0,29.0,31.5
2006-03,MUN,GO|BELA VISTA DE GOIAS,glp,1,32.0,32.0,32.0,32.0,32.0
2006-03,MUN,GO|CAIAPONIA,glp,1,32.0,32.0,32.0,32.0,32.0
2006-03,MUN,GO|CALDAS NOVAS,glp,52,32.0,32.0,33.0,30.0,33.0
2006-03,MUN,GO|CATALAO,glp,9,30.0,30.0,30.0,30.0,30.0
2006-03,MUN,GO|FORMOSA,glp,38,35.0,35.0,35.0,34.0,36.0
2006-03,MUN,GO|GOIANIA,glp,167,30.0,29.0,31.898,29.0,35.0
2006-03,MUN,GO|GOIATUBA,glp,4,30.0,30.0,30.0,30.0,30.0
2006-03,MUN,GO|INHUMAS,glp,1,30.0,30.0,30.0,30.0,30.0
2006-03,MUN,GO|ITUMBIARA,glp,16,30.0,29.0,30.0,29.0,33.0
2006-03,MUN,GO|JATAI,glp,11,33.0,32.5,35.0,30.0,35.0
2006-03,MUN,GO|LUZIANIA,glp,28,32.0,31.0,32.0,30.0,33.0
2006-03,MUN,GO|MINEIROS,glp,34,34.0,34.0,35.0,34.0,35.0
2006-03,MUN,GO|MONTIVIDIU,glp,1,33.0,33.0,33.0,33.0,33.0
2006-03,MUN,GO|MORRINHOS,glp,18,32.0,30.0,32.0,30.0,33.0
2006-03,MUN,GO|NOVO GAMA,glp,2,34.375,34.275,34.475,34.25,34.5
2006-03,MUN,GO|PADRE BERNARDO,glp,1,35.0,35.0,35.0,35.0,35.0
2006-03,MUN,GO|PLANALTINA,glp,22,35.0,33.65,35.0,33.0,35.0
2006-03,MUN,GO|PORANGATU,glp,5,31.0,30.0,31.6,30.0,32.0
2006-03,MUN,GO|RIO VERDE,glp,20,33.0,32.99,33.0,32.0,33.0
2006-03,MUN,GO|TRINDADE,glp,31,30.0,29.0,30.5,28.0,31.0
2006-03,MUN,GO|VALPARAISO DE GOIAS,glp,4,30.0,29.3,30.7,29.0,31.0
2006-03,MUN,MA|ACAILANDIA,glp,3,35.0,35.0,35.0,35.0,35.0
2006-03,MUN,MA|BACABAL,glp,2,34.35,34.23,34.47,34.2,34.5
2006-03,MUN,MA|BALSAS,glp,2,34.5,33.3,35.7,33.0,36.0
2006-03,MUN,MA|BARRA DO CORDA,glp,2,38.0,38.0,38.0,38.0,38.0
2006-03,MUN,MA|CAROLINA,glp,2,36.0,36.0,36.0,36.0,36.0
2006-03,MUN,MA|CAXIAS,glp,4,35.0,35.0,35.0,35.0,35.0
2006-03,MUN,MA|CODO,glp,2,33.5,33.5,33.5,33.5,33.5
2006-03,MUN,MA|IMPERATRIZ,glp,18,34.0,34.0,34.0,33.0,34.0
2006-03,MUN,MA|PINHEIRO,glp,1,36.0,36.0,36.0,36.0,36.0
2006-03,MUN,MA|PRESIDENTE DUTRA,glp,1,35.0,35.0,35.0,35.0,35.0
2006-03,MUN,MA|SANTA INES,glp,2,34.5,34.5,34.5,34.5,34.5
2006-03,MUN,MA|SAO DOMINGOS DO MARANHAO,glp,1,36.0,36.0,36.0,36.0,36.0
2006-03,MUN,MA|SAO JOAO DOS PATOS,glp,1,35.0,35.0,35.0,35.0,35.0
2006-03,MUN,MA|SAO JOSE DE RIBAMAR,glp,7,33.0,32.0,34.0,32.0,34.0
2006-03,MUN,MA|SAO LUIS,glp,27,33.0,33.0,34.0,32.0,35.0
2006-03,MUN,MA|TIMON,glp,1,35.0,35.0,35.0,35.0,35.0
2006-03,MUN,MG|ALFENAS,glp,21,29.0,28.0,30.0,28.0,30.0
2006-03,MUN,MG|ARAGUARI,glp,13,31.0,31.0,32.2,31.0,32.5
2006-03,MUN,MG|ARAXA,glp,9,30.0,28.8,30.0,28.0,30.0
2006-03,MUN,MG|BARBACENA,glp,15,31.0,30.0,32.0,30.0,32.0
2006-03,MUN,MG|BELO HORIZONTE,glp,151,31.0,29.0,32.0,26.9,33.0
2006-03,MUN,MG|BETIM,glp,43,31.0,30.0,32.0,30.0,35.0
2006-03,MUN,MG|BOCAIUVA,glp,1,32.0,32.0,32.0,32.0,32.0
2006-03,MUN,MG|BOM DESPACHO,glp,4,32.0,32.0,32.0,32.0,32.0
2006-03,MUN,MG|CAMPO BELO,glp,13,30.0,29.0,31.0,29.0,31.0
2006-03,MUN,MG|CARATINGA,glp,3,30.0,30.0,30.0,30.0,30.0
2006-03,MUN,MG|CATAGUASES,glp,4,30.0,28.6,30.0,28.0,30.0
2006-03,MUN,MG|CONCEICAO DAS ALAGOAS,glp,1,32.0,32.0,32.0,32.0,32.0
2006-03,MUN,MG|CONGONHAS,glp,5,30.0,30.0,31.2,30.0,32.0
2006-03,MUN,MG|CONSELHEIRO LAFAIETE,glp,5,30.0,30.0,34.0,30.0,34.0
2006-03,MUN,MG|CONTAGEM,glp,78,31.0,29.5,32.0,28.0,33.0
2006-03,MUN,MG|CORONEL FABRICIANO,glp,9,32.0,30.0,32.0,30.0,32.0
2006-03,MUN,MG|CURVELO,glp,9,33.0,31.6,33.0,30.0,33.0
2006-03,MUN,MG|DIAMANTINA,glp,10,32.0,29.8,34.05,28.0,34.5
2006-03,MUN,MG|DIVINOPOLIS,glp,36,32.0,32.0,32.0,32.0,32.0
2006-03,MUN,MG|ESPINOSA,glp,1,32.0,32.0,32.0,32.0,32.0
2006-03,MUN,MG|FORMIGA,glp,16,31.0,30.0,32.0,30.0,32.0
2006-03,MUN,MG|FRUTAL,glp,6,30.0,29.95,30.95,29.9,31.9
2006-03,MUN,MG|GOVERNADOR VALADARES,glp,22,31.5,30.0,32.0,28.0,32.0
2006-03,MUN,MG|GUAXUPE,glp,3,30.0,30.0,30.0,30.0,30.0
2006-03,MUN,MG|IBIRITE,glp,13,32.0,30.0,32.0,28.0,32.0
2006-03,MUN,MG|IPATINGA,glp,16,30.0,28.0,31.5,28.0,32.0
2006-03,MUN,MG|ITABIRA,glp,6,31.0,30.0,33.0,30.0,33.0
2006-03,MUN,MG|ITABIRITO,glp,1,32.0,32.0,32.0,32.0,32.0
2006-03,MUN,MG|ITAJUBA,glp,14,30.0,29.3,30.0,29.0,30.0
2006-03,MUN,MG|ITAUNA,glp,12,30.0,30.0,31.0,29.5,31.0
2006-03,MUN,MG|ITUIUTABA,glp,17,30.0,28.0,30.0,28.0,30.0
2006-03,MUN,MG|JANAUBA,glp,14,32.0,30.3,32.0,30.0,34.0
2006-03,MUN,MG|JANUARIA,glp,12,32.0,30.05,32.0,30.0,32.0
2006-03,MUN,MG|JOAO MONLEVADE,glp,11,30.0,29.0,31.0,28.0,32.0
2006-03,MUN,MG|JOAO PINHEIRO,glp,15,38.0,35.0,38.0,35.0,38.0
2006-03,MUN,MG|JUIZ DE FORA,glp,59,31.0,30.0,32.0,29.0,34.0
2006-03,MUN,MG|LAVRAS,glp,10,30.0,28.0,30.0,28.0,30.0
2006-03,MUN,MG|LEOPOLDINA,glp,5,30.0,28.8,30.0,28.0,30.0
2006-03,MUN,MG|MANHUACU,glp,4,29.0,28.0,31.4,28.0,32.0
2006-03,MUN,MG|MARIANA,glp,6,30.5,28.5,32.0,28.0,32.0
2006-03,MUN,MG|MATIAS BARBOSA,glp,1,30.0,30.0,30.0,30.0,30.0
2006-03,MUN,MG|MONTE CARMELO,glp,16,29.0,28.0,30.0,28.0,30.0
2006-03,MUN,MG|MONTES CLAROS,glp,38,32.0,31.7,32.0,30.74,34.0
2006-03,MUN,MG|MURIAE,glp,3,28.0,26.8,28.8,26.5,29.0
2006-03,MUN,MG|NOVA LIMA,glp,11,32.0,32.0,33.0,32.0,34.0
2006-03,MUN,MG|OLIVEIRA,glp,8,29.0,28.9,31.0,28.9,31.0
2006-03,MUN,MG|OURO PRETO,glp,5,33.0,30.8,35.0,30.0,35.0
2006-03,MUN,MG|PARA DE MINAS,glp,10,31.65,28.9,32.0,28.0,32.0
2006-03,MUN,MG|PARACATU,glp,17,37.0,37.0,37.0,37.0,37.0
2006-03,MUN,MG|PASSOS,glp,12,32.0,31.1,32.0,31.0,32.0
2006-03,MUN,MG|PATOS DE MINAS,glp,26,33.0,32.0,35.0,29.0,35.0
2006-03,MUN,MG|PATROCINIO,glp,22,31.5,30.0,33.0,30.0,33.0
2006-03,MUN,MG|POCOS DE CALDAS,glp,15,29.0,28.0,29.0,27.5,30.0
2006-03,MUN,MG|POUSO ALEGRE,glp,22,29.0,28.0,29.0,27.9,29.0
2006-03,MUN,MG|RIBEIRAO DAS NEVES,glp,32,30.0,28.0,31.0,28.0,32.0
2006-03,MUN,MG|SABARA,glp,22,32.0,30.0,33.0,29.0,33.0
2006-03,MUN,MG|SANTA LUZIA,glp,16,31.75,30.25,32.0,30.0,32.0
2006-03,MUN,MG|SANTOS DUMONT,glp,5,30.0,29.4,30.0,29.0,30.0
2006-03,MUN,MG|SAO GOTARDO,glp,1,33.0,33.0,33.0,33.0,33.0
2006-03,MUN,MG|SAO JOAO DEL REI,glp,18,32.0,32.0,33.0,31.0,33.0
2006-03,MUN,MG|SAO LOURENCO,glp,4,28.0,28.0,28.0,28.0,28.0
2006-03,MUN,MG|SAO SEBASTIAO DO PARAISO,glp,24,32.25,32.0,33.0,26.0,33.0
2006-03,MUN,MG|SETE LAGOAS,glp,28,30.0,28.0,31.075,27.0,32.0
2006-03,MUN,MG|TEOFILO OTONI,glp,27,31.0,30.0,33.0,29.0,34.0
2006-03,MUN,MG|TIMOTEO,glp,10,31.5,30.9,32.0,30.0,32.0
2006-03,MUN,MG|TRES CORACOES,glp,10,29.0,28.0,29.0,28.0,29.0
2006-03,MUN,MG|UBA,glp,11,30.0,28.0,30.0,28.0,32.0
2006-03,MUN,MG|UBERABA,glp,69,32.0,32.0,32.0,32.0,32.0
2006-03,MUN,MG|UBERLANDIA,glp,102,30.0,29.905,32.0,28.0,32.0
2006-03,MUN,MG|UNAI,glp,7,35.0,34.2,35.0,33.0,35.0
2006-03,MUN,MG|VARGINHA,glp,34,27.0,27.0,28.0,26.0,28.0
2006-03,MUN,MG|VESPASIANO,glp,8,30.0,29.675,30.3,29.5,31.0
2006-03,MUN,MG|VICOSA,glp,4,33.0,33.0,33.0,33.0,33.0
2006-03,MUN,MS|BATAYPORA,glp,1,38.0,38.0,38.0,38.0,38.0
2006-03,MUN,MS|CAMPO GRANDE,glp,111,34.0,33.0,36.0,32.0,36.0
2006-03,MUN,MS|CORUMBA,glp,6,38.0,38.0,38.0,38.0,38.0
2006-03,MUN,MS|COXIM,glp,5,38.0,36.7,38.0,36.5,38.0
2006-03,MUN,MS|DOURADOS,glp,26,39.0,37.0,39.0,37.0,39.0
2006-03,MUN,MS|NOVA ANDRADINA,glp,13,38.0,38.0,38.0,38.0,38.0
2006-03,MUN,MS|PARANAIBA,glp,6,35.0,34.5,35.0,34.0,35.0
2006-03,MUN,MS|PONTA PORA,glp,12,34.0,33.5,34.0,33.0,34.0
2006-03,MUN,MS|SAO GABRIEL DO OESTE,glp,1,37.0,37.0,37.0,37.0,37.0
2006-03,MUN,MS|SIDROLANDIA,glp,1,33.0,33.0,33.0,33.0,33.0
2006-03,MUN,MS|TRES LAGOAS,glp,32,36.0,35.0,36.0,34.5,36.5
2006-03,MUN,MT|ALTA FLORESTA,glp,8,40.5,39.7,42.3,39.0,43.0
2006-03,MUN,MT|CACERES,glp,10,36.0,36.0,36.1,36.0,37.0
2006-03,MUN,MT|CUIABA,glp,128,39.25,38.5,40.0,38.0,41.0
2006-03,MUN,MT|RONDONOPOLIS,glp,9,42.0,40.0,42.0,40.0,42.0
2006-03,MUN,MT|SANTO ANTONIO DO LEVERGER,glp,1,39.0,39.0,39.0,39.0,39.0
2006-03,MUN,MT|SINOP,glp,19,40.0,40.0,40.4,40.0,42.0
2006-03,MUN,MT|SORRISO,glp,7,38.0,36.0,39.8,36.0,41.0
2006-03,MUN,MT|VARZEA GRANDE,glp,36,39.0,38.5,40.0,38.0,41.0
2006-03,MUN,PA|ABAETETUBA,glp,4,31.0,31.0,31.0,31.0,31.0
2006-03,MUN,PA|ALENQUER,glp,1,32.0,32.0,32.0,32.0,32.0
2006-03,MUN,PA|ALTAMIRA,glp,4,35.0,34.65,35.0,34.5,35.0
2006-03,MUN,PA|ANANINDEUA,glp,53,29.0,28.0,30.0,28.0,30.0
2006-03,MUN,PA|BELEM,glp,119,29.0,28.0,30.0,27.0,31.0
2006-03,MUN,PA|BRAGANCA,glp,2,31.0,31.0,31.0,31.0,31.0
2006-03,MUN,PA|BREU BRANCO,glp,1,35.0,35.0,35.0,35.0,35.0
2006-03,MUN,PA|BREVES,glp,2,30.0,30.0,30.0,30.0,30.0
2006-03,MUN,PA|CAMETA,glp,2,32.0,32.0,32.0,32.0,32.0
2006-03,MUN,PA|CASTANHAL,glp,10,29.5,28.0,30.0,28.0,30.0
2006-03,MUN,PA|CONCEICAO DO ARAGUAIA,glp,2,34.5,34.1,34.9,34.0,35.0
2006-03,MUN,PA|ITAITUBA,glp,1,34.5,34.5,34.5,34.5,34.5
2006-03,MUN,PA|MARABA,glp,4,32.0,32.0,33.33,32.0,33.9
2006-03,MUN,PA|MARITUBA,glp,1,29.0,29.0,29.0,29.0,29.0
2006-03,MUN,PA|PARAGOMINAS,glp,2,35.0,35.0,35.0,35.0,35.0
2006-03,MUN,PA|PARAUAPEBAS,glp,3,35.0,32.6,35.8,32.0,36.0
2006-03,MUN,PA|REDENCAO,glp,6,35.0,35.0,35.0,35.0,35.0
2006-03,MUN,PA|SANTANA DO ARAGUAIA,glp,2,33.0,32.2,33.8,32.0,34.0
2006-03,MUN,PA|SANTAREM,glp,7,34.0,32.6,35.0,32.0,35.0
2006-03,MUN,PA|TUCURUI,glp,5,35.0,35.0,35.0,35.0,35.0
2006-03,MUN,PA|XINGUARA,glp,3,37.0,37.0,37.0,37.0,37.0
2006-03,MUN,PB|BAYEUX,glp,9,33.0,32.8,34.1,32.0,34.5
2006-03,MUN,PB|CABEDELO,glp,6,33.5,33.0,35.0,33.0,35.0
2006-03,MUN,PB|CAJAZEIRAS,glp,1,30.0,30.0,30.0,30.0,30.0
2006-03,MUN,PB|CAMPINA GRANDE,glp,26,35.0,33.0,35.0,29.0,35.0
2006-03,MUN,PB|GUARABIRA,glp,1,35.0,35.0,35.0,35.0,35.0
2006-03,MUN,PB|INGA,glp,1,35.0,35.0,35.0,35.0,35.0
2006-03,MUN,PB|JOAO PESSOA,glp,24,33.0,32.3,33.0,31.0,35.0
2006-03,MUN,PB|MAMANGUAPE,glp,4,34.0,33.0,35.0,33.0,35.0
2006-03,MUN,PB|MARIZOPOLIS,glp,1,30.0,30.0,30.0,30.0,30.0
2006-03,MUN,PB|PATOS,glp,6,35.0,35.0,35.0,35.0,35.0
2006-03,MUN,PB|SANTA RITA,glp,4,32.5,30.6,34.4,30.0,35.0
2006-03,MUN,PB|SAPE,glp,7,35.0,35.0,35.0,35.0,35.0
2006-03,MUN,PB|SOUSA,glp,3,33.0,30.6,33.0,30.0,33.0
2006-03,MUN,PE|ABREU E LIMA,glp,8,30.5,30.0,30.8,30.0,31.5
2006-03,MUN,PE|AFOGADOS DA INGAZEIRA,glp,2,31.5,30.3,32.7,30.0,33.0
2006-03,MUN,PE|AGUAS BELAS,glp,1,33.0,33.0,33.0,33.0,33.0
2006-03,MUN,PE|ARARIPINA,glp,1,33.0,33.0,33.0,33.0,33.0
2006-03,MUN,PE|ARCOVERDE,glp,1,33.0,33.0,33.0,33.0,33.0
2006-03,MUN,PE|BARRA DE GUABIRABA,glp,1,35.0,35.0,35.0,35.0,35.0
2006-03,MUN,PE|BELO JARDIM,glp,6,33.0,33.0,33.25,33.0,33.5
2006-03,MUN,PE|BEZERROS,glp,1,33.0,33.0,33.0,33.0,33.0
2006-03,MUN,PE|BOM CONSELHO,glp,4,32.0,32.0,32.0,32.0,32.0
2006-03,MUN,PE|CABO DE SANTO AGOSTINHO,glp,10,30.5,28.9,32.0,28.0,32.0
2006-03,MUN,PE|CAMARAGIBE,glp,5,32.0,30.9,32.0,30.5,32.0
2006-03,MUN,PE|CARUARU,glp,8,32.75,29.7,33.049,29.0,33.165
2006-03,MUN,PE|DORMENTES,glp,1,35.0,35.0,35.0,35.0,35.0
2006-03,MUN,PE|GARANHUNS,glp,7,32.0,30.6,32.2,30.0,32.5
2006-03,MUN,PE|GOIANA,glp,5,31.5,31.2,31.5,31.0,31.5
2006-03,MUN,PE|GRAVATA,glp,3,32.0,32.0,32.0,32.0,32.0
2006-03,MUN,PE|IGARASSU,glp,13,31.5,31.0,32.0,30.5,32.0
2006-03,MUN,PE|JABOATAO DOS GUARARAPES,glp,25,32.0,31.5,32.0,31.0,33.0
2006-03,MUN,PE|JUCATI,glp,1,32.0,32.0,32.0,32.0,32.0
2006-03,MUN,PE|LAJEDO,glp,3,30.0,29.2,30.0,29.0,30.0
2006-03,MUN,PE|MORENO,glp,1,31.5,31.5,31.5,31.5,31.5
2006-03,MUN,PE|OLINDA,glp,20,31.5,30.45,32.0,30.0,32.0
2006-03,MUN,PE|PAULISTA,glp,33,31.0,30.5,31.5,30.0,32.0
2006-03,MUN,PE|PETROLINA,glp,15,34.0,33.0,35.0,32.5,35.0
2006-03,MUN,PE|RECIFE,glp,127,31.0,30.0,32.0,29.0,35.0
2006-03,MUN,PE|SALGUEIRO,glp,4,33.5,30.9,34.7,30.0,35.0
2006-03,MUN,PE|SANTA CRUZ DO CAPIBARIBE,glp,4,34.0,32.3,35.0,32.0,35.0
2006-03,MUN,PE|SAO BENTO DO UNA,glp,1,30.0,30.0,30.0,30.0,30.0
2006-03,MUN,PE|SAO LOURENCO DA MATA,glp,9,32.0,30.8,32.0,30.0,32.0
2006-03,MUN,PE|SERRA TALHADA,glp,4,32.0,31.3,32.0,31.0,32.0
2006-03,MUN,PE|SERTANIA,glp,1,33.0,33.0,33.0,33.0,33.0
2006-03,MUN,PE|VENTUROSA,glp,1,33.0,33.0,33.0,33.0,33.0
2006-03,MUN,PE|VITORIA DE SANTO ANTAO,glp,8,32.0,31.55,32.5,30.5,32.5
2006-03,MUN,PI|BARRAS,glp,1,35.0,35.0,35.0,35.0,35.0
2006-03,MUN,PI|CAMPO MAIOR,glp,2,35.0,35.0,35.0,35.0,35.0
2006-03,MUN,PI|OEIRAS,glp,4,36.5,36.5,36.5,36.5,36.5
2006-03,MUN,PI|PARNAIBA,glp,1,35.0,35.0,35.0,35.0,35.0
2006-03,MUN,PI|PICOS,glp,3,36.5,35.3,36.5,35.0,36.5
2006-03,MUN,PI|PIRIPIRI,glp,2,35.0,35.0,35.0,35.0,35.0
2006-03,MUN,PI|TERESINA,glp,5,35.0,35.0,35.0,35.0,35.0
2006-03,MUN,PR|ALMIRANTE TAMANDARE,glp,9,29.0,28.8,30.0,28.0,30.0
2006-03,MUN,PR|APUCARANA,glp,23,32.0,32.0,32.8,30.0,34.0
2006-03,MUN,PR|ARAPONGAS,glp,17,32.0,32.0,33.0,31.0,34.0
2006-03,MUN,PR|ARAUCARIA,glp,12,31.0,31.0,31.0,31.0,32.0
2006-03,MUN,PR|ASSIS CHATEAUBRIAND,glp,10,32.0,30.81,33.09,30.0,33.9
2006-03,MUN,PR|CAMBE,glp,48,34.0,32.0,35.0,31.0,36.0
2006-03,MUN,PR|CAMPO LARGO,glp,17,31.0,30.0,32.0,30.0,32.0
2006-03,MUN,PR|CAMPO MOURAO,glp,8,35.0,35.0,35.03,35.0,35.1
2006-03,MUN,PR|CARAMBEI,glp,1,34.0,34.0,34.0,34.0,34.0
2006-03,MUN,PR|CASCAVEL,glp,33,33.0,32.0,34.0,30.0,34.0
2006-03,MUN,PR|CASTRO,glp,44,34.0,31.5,34.0,30.0,34.0
2006-03,MUN,PR|CIANORTE,glp,9,30.0,29.52,32.0,28.0,32.0
2006-03,MUN,PR|COLOMBO,glp,22,31.0,30.0,32.0,29.0,32.0
2006-03,MUN,PR|CORNELIO PROCOPIO,glp,18,32.625,32.0,33.0,32.0,33.0
2006-03,MUN,PR|CURITIBA,glp,98,30.0,29.0,32.0,26.9,33.0
2006-03,MUN,PR|FAZENDA RIO GRANDE,glp,1,29.0,29.0,29.0,29.0,29.0
2006-03,MUN,PR|FOZ DO IGUACU,glp,58,35.5,34.35,36.0,32.0,36.0
2006-03,MUN,PR|FRANCISCO BELTRAO,glp,11,35.0,34.0,36.0,33.0,36.0
2006-03,MUN,PR|GUARAPUAVA,glp,8,32.0,31.4,32.0,30.0,32.0
2006-03,MUN,PR|LARANJEIRAS DO SUL,glp,4,34.5,29.8,35.315,28.0,35.45
2006-03,MUN,PR|LONDRINA,glp,112,32.9,32.0,34.0,30.0,35.0
2006-03,MUN,PR|MARECHAL CANDIDO RONDON,glp,20,34.0,34.0,35.0,33.0,35.0
2006-03,MUN,PR|MARINGA,glp,24,33.0,32.0,34.0,29.8,34.0
2006-03,MUN,PR|PARANAGUA,glp,69,34.0,33.0,34.0,32.0,36.5
2006-03,MUN,PR|PARANAVAI,glp,10,33.5,33.0,34.0,33.0,34.0
2006-03,MUN,PR|PATO BRANCO,glp,10,32.0,30.9,33.3,30.0,36.0
2006-03,MUN,PR|PINHAIS,glp,21,32.0,30.0,32.0,30.0,32.0
2006-03,MUN,PR|PIRAI DO SUL,glp,1,31.0,31.0,31.0,31.0,31.0
2006-03,MUN,PR|PONTA GROSSA,glp,149,31.5,30.5,32.0,29.0,33.0
2006-03,MUN,PR|SANTO ANTONIO DA PLATINA,glp,31,32.0,32.0,32.0,31.0,34.0
2006-03,MUN,PR|SAO JOSE DOS PINHAIS,glp,12,30.0,30.0,30.81,30.0,31.0
2006-03,MUN,PR|TOLEDO,glp,12,34.25,34.0,35.0,33.0,35.5
2006-03,MUN,PR|UMUARAMA,glp,14,34.0,34.0,35.0,34.0,35.0
2006-03,MUN,PR|UNIAO DA VITORIA,glp,10,30.5,29.9,32.1,29.0,33.0
2006-03,MUN,RJ|ANGRA DOS REIS,glp,4,32.8,31.11,34.0,30.9,34.0
2006-03,MUN,RJ|ARARUAMA,glp,4,27.25,27.075,28.475,27.0,29.0
2006-03,MUN,RJ|ARMACAO DOS BUZIOS,glp,2,29.25,28.65,29.85,28.5,30.0
2006-03,MUN,RJ|BARRA DO PIRAI,glp,3,31.0,31.0,31.8,31.0,32.0
2006-03,MUN,RJ|BARRA MANSA,glp,17,30.0,29.6,31.0,29.0,32.0
2006-03,MUN,RJ|BELFORD ROXO,glp,6,28.0,27.495,29.0,26.99,30.0
2006-03,MUN,RJ|CABO FRIO,glp,3,28.0,28.0,28.24,28.0,28.3
2006-03,MUN,RJ|CAMPOS DOS GOYTACAZES,glp,14,30.0,29.3,32.0,29.0,32.0
2006-03,MUN,RJ|DUQUE DE CAXIAS,glp,37,29.0,28.0,30.0,25.0,32.0
2006-03,MUN,RJ|ITABORAI,glp,3,28.99,27.398,28.998,27.0,29.0
2006-03,MUN,RJ|ITAGUAI,glp,7,29.8,29.42,29.9,29.0,29.9
2006-03,MUN,RJ|ITAPERUNA,glp,4,29.0,28.3,29.7,28.0,30.0
2006-03,MUN,RJ|MACAE,glp,5,30.0,28.8,30.0,28.0,30.0
2006-03,MUN,RJ|MAGE,glp,2,28.95,28.91,28.99,28.9,29.0
2006-03,MUN,RJ|MANGARATIBA,glp,3,30.0,29.92,30.0,29.9,30.0
2006-03,MUN,RJ|MARICA,glp,2,28.995,28.991,28.999,28.99,29.0
2006-03,MUN,RJ|NILOPOLIS,glp,5,28.0,27.39,30.0,26.99,30.0
2006-03,MUN,RJ|NITEROI,glp,2,29.5,29.1,29.9,29.0,30.0
2006-03,MUN,RJ|NOVA FRIBURGO,glp,13,32.0,30.2,32.0,29.0,34.0
2006-03,MUN,RJ|NOVA IGUACU,glp,19,30.0,28.8,30.0,27.0,32.0
2006-03,MUN,RJ|PARAIBA DO SUL,glp,2,30.0,30.0,30.0,30.0,30.0
2006-03,MUN,RJ|PARATY,glp,2,32.45,31.21,33.69,30.9,34.0
2006-03,MUN,RJ|PETROPOLIS,glp,3,32.0,31.2,32.8,31.0,33.0
2006-03,MUN,RJ|RESENDE,glp,6,30.5,29.0,31.5,28.0,32.0
2006-03,MUN,RJ|RIO DE JANEIRO,glp,80,29.0,27.891,30.0,26.99,33.0
2006-03,MUN,RJ|SANTO ANTONIO DE PADUA,glp,2,30.0,30.0,30.0,30.0,30.0
2006-03,MUN,RJ|SAO GONCALO,glp,1,27.99,27.99,27.99,27.99,27.99
2006-03,MUN,RJ|SAO JOAO DE MERITI,glp,6,28.0,26.5,28.5,26.0,29.0
2006-03,MUN,RJ|SAPUCAIA,glp,2,31.5,30.3,32.7,30.0,33.0
2006-03,MUN,RJ|SAQUAREMA,glp,3,29.0,29.0,30.6,29.0,31.0
2006-03,MUN,RJ|TERESOPOLIS,glp,4,31.0,30.0,32.0,30.0,32.0
2006-03,MUN,RJ|TRES RIOS,glp,1,30.0,30.0,30.0,30.0,30.0
2006-03,MUN,RJ|VALENCA,glp,7,30.0,29.6,31.0,29.0,31.0
2006-03,MUN,RJ|VASSOURAS,glp,3,32.0,32.0,32.8,32.0,33.0
2006-03,MUN,RJ|VOLTA REDONDA,glp,16,31.0,30.0,32.0,29.0,32.0
2006-03,MUN,RN|CAICO,glp,3,32.0,32.0,32.0,32.0,32.0
2006-03,MUN,RN|CURRAIS NOVOS,glp,4,32.0,32.0,32.0,32.0,32.0
2006-03,MUN,RN|MOSSORO,glp,3,32.0,30.4,32.0,30.0,32.0
2006-03,MUN,RN|NATAL,glp,6,30.0,29.0,31.0,28.0,32.0
2006-03,MUN,RN|PARNAMIRIM,glp,3,30.0,30.0,30.0,30.0,30.0
2006-03,MUN,RN|SAO JOSE DE MIPIBU,glp,3,32.0,32.0,32.0,32.0,32.0
2006-03,MUN,RN|TIMBAUBA DOS BATISTAS,glp,1,32.0,32.0,32.0,32.0,32.0
2006-03,MUN,RO|ARIQUEMES,glp,12,36.0,36.0,36.0,36.0,36.0
2006-03,MUN,RO|CACOAL,glp,9,37.0,36.8,37.0,36.0,37.0
2006-03,MUN,RO|GUAJARA-MIRIM,glp,3,38.0,38.0,38.0,38.0,38.0
2006-03,MUN,RO|JI-PARANA,glp,12,37.0,37.0,37.0,37.0,38.0
2006-03,MUN,RO|PIMENTA BUENO,glp,3,37.0,37.0,37.0,37.0,37.0
2006-03,MUN,RO|PORTO VELHO,glp,91,32.0,31.0,33.0,30.0,34.0
2006-03,MUN,RO|SAO MIGUEL DO GUAPORE,glp,1,41.0,41.0,41.0,41.0,41.0
2006-03,MUN,RO|VILHENA,glp,5,40.0,40.0,40.0,40.0,40.0
2006-03,MUN,RR|BOA VISTA,glp,25,35.0,33.5,36.0,33.0,37.0
2006-03,MUN,RR|CARACARAI,glp,1,29.3,29.3,29.3,29.3,29.3
2006-03,MUN,RR|MUCAJAI,glp,1,36.0,36.0,36.0,36.0,36.0
2006-03,MUN,RR|RORAINOPOLIS,glp,1,35.0,35.0,35.0,35.0,35.0
2006-03,MUN,RS|ALEGRETE,glp,4,32.0,32.0,33.4,32.0,34.0
2006-03,MUN,RS|ALVORADA,glp,13,32.0,31.6,33.4,30.5,34.0
2006-03,MUN,RS|BAGE,glp,12,33.0,32.1,33.0,32.0,34.0
2006-03,MUN,RS|BENTO GONCALVES,glp,6,34.5,34.5,34.5,34.5,34.5
2006-03,MUN,RS|BOZANO,glp,1,36.0,36.0,36.0,36.0,36.0
2006-03,MUN,RS|CACAPAVA DO SUL,glp,9,35.0,34.0,35.0,34.0,35.0
2006-03,MUN,RS|CACHOEIRA DO SUL,glp,11,32.0,32.0,33.0,32.0,33.0
2006-03,MUN,RS|CACHOEIRINHA,glp,4,33.5,33.0,34.0,33.0,34.0
2006-03,MUN,RS|CANELA,glp,1,34.75,34.75,34.75,34.75,34.75
2006-03,MUN,RS|CANOAS,glp,19,33.0,32.5,34.0,31.0,34.0
2006-03,MUN,RS|CAXIAS DO SUL,glp,47,35.0,34.0,36.7,34.0,37.0
2006-03,MUN,RS|CHUI,glp,5,29.0,28.4,29.6,28.0,30.0
2006-03,MUN,RS|CRUZ ALTA,glp,1,34.0,34.0,34.0,34.0,34.0
2006-03,MUN,RS|ERECHIM,glp,10,35.0,34.0,35.0,34.0,35.0
2006-03,MUN,RS|ESTEIO,glp,9,34.0,32.0,34.0,32.0,34.0
2006-03,MUN,RS|GRAMADO,glp,4,35.0,34.825,35.0,34.75,35.0
2006-03,MUN,RS|GRAVATAI,glp,7,34.0,33.0,34.0,33.0,34.0
2006-03,MUN,RS|GUAIBA,glp,5,33.0,33.0,33.0,33.0,33.0
2006-03,MUN,RS|IJUI,glp,13,35.0,32.2,35.8,30.0,36.0
2006-03,MUN,RS|JAGUARAO,glp,3,32.0,32.0,32.0,32.0,32.0
2006-03,MUN,RS|LAJEADO,glp,11,31.0,31.0,33.0,30.0,33.0
2006-03,MUN,RS|NOVO HAMBURGO,glp,7,32.0,32.0,32.4,32.0,33.0
2006-03,MUN,RS|OSORIO,glp,2,34.5,34.1,34.9,34.0,35.0
2006-03,MUN,RS|PALMEIRA DAS MISSOES,glp,13,36.0,33.4,38.0,33.0,38.0
2006-03,MUN,RS|PASSO FUNDO,glp,43,34.0,32.0,35.0,30.0,35.5
2006-03,MUN,RS|PELOTAS,glp,35,32.0,32.0,33.6,30.0,34.0
2006-03,MUN,RS|PORTO ALEGRE,glp,64,32.0,31.62,32.5,29.5,33.0
2006-03,MUN,RS|RIO GRANDE,glp,14,33.5,33.0,34.0,32.0,34.5
2006-03,MUN,RS|SANTA CRUZ DO SUL,glp,3,29.9,29.9,29.9,29.9,29.9
2006-03,MUN,RS|SANTA MARIA,glp,39,33.0,32.0,34.0,30.0,34.0
2006-03,MUN,RS|SANTA ROSA,glp,5,34.0,34.0,35.6,34.0,36.0
2006-03,MUN,RS|SANTA VITORIA DO PALMAR,glp,18,35.0,34.0,36.0,33.0,36.0
2006-03,MUN,RS|SANTANA DO LIVRAMENTO,glp,2,33.0,33.0,33.0,33.0,33.0
2006-03,MUN,RS|SANTO ANGELO,glp,3,34.0,34.0,34.8,34.0,35.0
2006-03,MUN,RS|SAO BORJA,glp,2,34.0,33.2,34.8,33.0,35.0
2006-03,MUN,RS|SAO GABRIEL,glp,3,37.0,33.8,37.0,33.0,37.0
2006-03,MUN,RS|SAO LEOPOLDO,glp,31,32.0,32.0,33.0,31.0,34.0
2006-03,MUN,RS|SAO LUIZ GONZAGA,glp,9,36.0,36.0,37.2,36.0,38.0
2006-03,MUN,RS|SAPIRANGA,glp,4,32.5,31.3,33.7,31.0,34.0
2006-03,MUN,RS|SAPUCAIA DO SUL,glp,13,34.0,34.0,34.0,33.5,34.0
2006-03,MUN,RS|TORRES,glp,3,35.0,34.2,35.8,34.0,36.0
2006-03,MUN,RS|TRAMANDAI,glp,4,34.75,33.8,35.0,33.5,35.0
2006-03,MUN,RS|URUGUAIANA,glp,4,36.5,35.3,37.0,35.0,37.0
2006-03,MUN,RS|VACARIA,glp,9,34.1,34.0,35.2,34.0,36.0
2006-03,MUN,RS|VIAMAO,glp,5,34.0,31.8,34.6,31.0,35.0
2006-03,MUN,SC|ARARANGUA,glp,5,35.0,35.0,38.0,35.0,40.0
2006-03,MUN,SC|ASCURRA,glp,1,35.0,35.0,35.0,35.0,35.0
2006-03,MUN,SC|BALNEARIO CAMBORIU,glp,6,35.5,34.5,36.0,34.0,36.0
2006-03,MUN,SC|BIGUACU,glp,5,34.0,34.0,34.0,34.0,34.0
2006-03,MUN,SC|BLUMENAU,glp,119,34.0,32.0,34.0,32.0,34.5
2006-03,MUN,SC|BOMBINHAS,glp,1,31.0,31.0,31.0,31.0,31.0
2006-03,MUN,SC|BRUSQUE,glp,6,33.0,31.0,36.45,31.0,37.0
2006-03,MUN,SC|CACADOR,glp,8,34.5,33.0,35.3,33.0,36.0
2006-03,MUN,SC|CHAPECO,glp,59,34.0,32.0,35.0,31.0,36.0
2006-03,MUN,SC|CONCORDIA,glp,36,33.0,32.0,35.0,32.0,37.0
2006-03,MUN,SC|CRICIUMA,glp,21,34.0,33.0,37.0,32.0,39.2
2006-03,MUN,SC|FLORIANOPOLIS,glp,119,35.0,34.0,36.0,34.0,36.0
2006-03,MUN,SC|ITAJAI,glp,54,34.0,32.0,35.0,30.0,36.0
2006-03,MUN,SC|JARAGUA DO SUL,glp,9,34.0,34.0,35.0,34.0,35.0
2006-03,MUN,SC|JOINVILLE,glp,163,35.0,33.5,35.0,33.0,37.0
2006-03,MUN,SC|LAGES,glp,5,32.0,30.8,35.0,30.0,35.0
2006-03,MUN,SC|LAGUNA,glp,9,34.0,34.0,35.0,34.0,35.0
2006-03,MUN,SC|MAFRA,glp,1,33.0,33.0,33.0,33.0,33.0
2006-03,MUN,SC|PALHOCA,glp,23,34.0,34.0,34.0,34.0,34.0
2006-03,MUN,SC|SAO JOSE,glp,43,34.0,34.0,34.0,34.0,34.0
2006-03,MUN,SC|SAO MIGUEL DO OESTE,glp,17,32.0,32.0,33.0,30.0,33.0
2006-03,MUN,SC|TIJUCAS,glp,1,34.0,34.0,34.0,34.0,34.0
2006-03,MUN,SC|TUBARAO,glp,13,35.0,33.4,35.08,33.0,36.0
2006-03,MUN,SC|VIDEIRA,glp,5,35.0,34.0,35.6,34.0,36.0
2006-03,MUN,SC|XANXERE,glp,19,34.0,32.0,35.36,31.0,36.0
2006-03,MUN,SE|ARACAJU,glp,25,33.0,32.0,33.0,30.0,34.0
2006-03,MUN,SE|ITABAIANA,glp,6,30.0,30.0,31.0,30.0,32.0
2006-03,MUN,SE|ITABAIANINHA,glp,3,32.0,32.0,32.0,32.0,32.0
2006-03,MUN,SE|LAGARTO,glp,4,32.0,32.0,32.0,32.0,32.0
2006-03,MUN,SE|NOSSA SENHORA DO SOCORRO,glp,11,33.0,32.0,34.0,32.0,34.0
2006-03,MUN,SE|SIMAO DIAS,glp,3,30.0,30.0,30.8,30.0,31.0
2006-03,MUN,SE|TOBIAS BARRETO,glp,3,30.0,30.0,30.0,30.0,30.0
2006-03,MUN,SP|ADAMANTINA,glp,10,30.0,29.9,30.0,29.0,30.0
2006-03,MUN,SP|AMERICANA,glp,17,32.0,31.594,32.0,30.0,32.0
2006-03,MUN,SP|AMERICO BRASILIENSE,glp,1,30.0,30.0,30.0,30.0,30.0
2006-03,MUN,SP|AMPARO,glp,5,30.0,29.4,31.14,29.0,31.9
2006-03,MUN,SP|APIAI,glp,2,30.0,30.0,30.0,30.0,30.0
2006-03,MUN,SP|ARACARIGUAMA,glp,1,31.0,31.0,31.0,31.0,31.0
2006-03,MUN,SP|ARACATUBA,glp,28,29.0,28.0,29.93,27.5,30.0
2006-03,MUN,SP|ARARAQUARA,glp,14,30.0,29.65,30.7,29.0,31.0
2006-03,MUN,SP|ARARAS,glp,3,28.0,28.0,28.8,28.0,29.0
2006-03,MUN,SP|AREIOPOLIS,glp,1,38.5,38.5,38.5,38.5,38.5
2006-03,MUN,SP|ASSIS,glp,6,30.0,29.75,30.0,29.5,30.0
2006-03,MUN,SP|ATIBAIA,glp,21,32.0,31.0,32.0,28.5,33.0
2006-03,MUN,SP|AVARE,glp,5,32.0,29.0,32.0,29.0,32.0
2006-03,MUN,SP|BARRETOS,glp,5,29.0,29.0,29.0,29.0,29.0
2006-03,MUN,SP|BARUERI,glp,8,29.0,26.7,30.0,26.0,30.0
2006-03,MUN,SP|BAURU,glp,39,30.0,29.0,30.2,27.0,31.5
2006-03,MUN,SP|BEBEDOURO,glp,4,31.0,28.6,32.0,28.0,32.0
2006-03,MUN,SP|BIRIGUI,glp,11,32.0,28.0,32.0,28.0,32.0
2006-03,MUN,SP|BOTUCATU,glp,13,29.9,29.1,30.0,29.0,30.0
2006-03,MUN,SP|BRAGANCA PAULISTA,glp,11,29.0,28.0,31.8,27.98,31.9
2006-03,MUN,SP|CACAPAVA,glp,6,28.5,28.0,29.5,28.0,30.0
2006-03,MUN,SP|CAMPINAS,glp,58,30.0,29.0,31.15,28.0,32.0
2006-03,MUN,SP|CAMPOS DO JORDAO,glp,8,29.345,28.998,30.0,28.995,30.0
2006-03,MUN,SP|CAPAO BONITO,glp,6,29.0,28.5,30.0,28.0,30.0
2006-03,MUN,SP|CARAGUATATUBA,glp,8,31.0,30.0,33.15,30.0,33.5
2006-03,MUN,SP|CARAPICUIBA,glp,14,27.49,25.99,29.0,24.99,31.0
2006-03,MUN,SP|CATANDUVA,glp,7,30.0,29.0,30.4,29.0,31.0
2006-03,MUN,SP|COSMOPOLIS,glp,5,32.0,32.0,32.0,32.0,32.0
2006-03,MUN,SP|COTIA,glp,10,29.9,29.0,30.05,29.0,30.5
2006-03,MUN,SP|CRUZEIRO,glp,9,29.0,27.5,29.2,27.5,30.0
2006-03,MUN,SP|CUBATAO,glp,5,30.0,29.0,30.0,29.0,30.0
2006-03,MUN,SP|DESCALVADO,glp,1,30.0,30.0,30.0,30.0,30.0
2006-03,MUN,SP|DIADEMA,glp,7,26.0,25.594,29.4,25.0,30.0
2006-03,MUN,SP|DRACENA,glp,3,30.0,29.2,34.0,29.0,35.0
2006-03,MUN,SP|EMBU DAS ARTES,glp,6,28.97,28.8,29.95,28.7,30.0
2006-03,MUN,SP|ENGENHEIRO COELHO,glp,1,29.0,29.0,29.0,29.0,29.0
2006-03,MUN,SP|ESPIRITO SANTO DO PINHAL,glp,1,30.0,30.0,30.0,30.0,30.0
2006-03,MUN,SP|FERRAZ DE VASCONCELOS,glp,10,29.0,28.0,29.0,28.0,29.0
2006-03,MUN,SP|FRANCA,glp,15,32.0,30.0,32.0,28.9,32.0
2006-03,MUN,SP|FRANCISCO MORATO,glp,7,31.0,29.0,31.5,29.0,31.5
2006-03,MUN,SP|FRANCO DA ROCHA,glp,6,30.75,28.75,31.7,28.5,31.9
2006-03,MUN,SP|GARCA,glp,6,30.0,30.0,30.0,30.0,30.0
2006-03,MUN,SP|GUARATINGUETA,glp,3,28.0,28.0,30.0,28.0,30.5
2006-03,MUN,SP|GUARUJA,glp,3,32.9,32.9,32.9,32.9,32.9
2006-03,MUN,SP|GUARULHOS,glp,56,29.0,27.495,30.0,25.0,31.0
2006-03,MUN,SP|HORTOLANDIA,glp,16,28.5,28.0,30.0,28.0,30.0
2006-03,MUN,SP|IBITINGA,glp,6,30.0,30.0,30.0,30.0,30.0
2006-03,MUN,SP|INDAIATUBA,glp,23,32.0,32.0,33.0,32.0,34.0
2006-03,MUN,SP|ITANHAEM,glp,5,28.5,28.2,29.5,28.0,29.5
2006-03,MUN,SP|ITAPECERICA DA SERRA,glp,1,30.49,30.49,30.49,30.49,30.49
2006-03,MUN,SP|ITAPETININGA,glp,18,29.0,27.35,30.0,27.0,32.0
2006-03,MUN,SP|ITAPEVA,glp,6,29.0,28.95,29.5,28.95,30.0
2006-03,MUN,SP|ITAPEVI,glp,4,26.5,25.293,28.4,24.99,29.0
2006-03,MUN,SP|ITAPIRA,glp,9,28.0,27.0,30.0,27.0,30.0
2006-03,MUN,SP|ITAPOLIS,glp,4,30.0,30.0,30.0,30.0,30.0
2006-03,MUN,SP|ITAQUAQUECETUBA,glp,13,29.0,29.0,30.49,28.99,31.0
2006-03,MUN,SP|ITATIBA,glp,6,30.0,29.995,31.5,29.99,32.0
2006-03,MUN,SP|ITU,glp,15,29.0,28.36,30.0,28.0,30.9
2006-03,MUN,SP|JABOTICABAL,glp,7,30.0,29.996,31.0,29.99,31.0
2006-03,MUN,SP|JACAREI,glp,15,30.0,28.4,30.6,28.0,31.0
2006-03,MUN,SP|JALES,glp,7,30.0,29.6,30.0,29.0,30.0
2006-03,MUN,SP|JANDIRA,glp,4,27.495,27.0,27.997,27.0,28.0
2006-03,MUN,SP|JAU,glp,8,29.0,28.0,29.3,28.0,30.0
2006-03,MUN,SP|JOSE BONIFACIO,glp,6,30.0,27.875,30.375,27.75,30.75
2006-03,MUN,SP|JUNDIAI,glp,16,30.0,27.5,31.0,24.99,31.0
2006-03,MUN,SP|LEME,glp,18,29.0,29.0,29.0,29.0,30.0
2006-03,MUN,SP|LIMEIRA,glp,24,33.0,30.297,34.0,29.0,35.0
2006-03,MUN,SP|LINS,glp,9,32.0,30.0,32.0,30.0,32.0
2006-03,MUN,SP|LORENA,glp,8,28.0,26.697,29.0,25.99,29.0
2006-03,MUN,SP|MARILIA,glp,8,28.0,28.0,28.6,28.0,30.0
2006-03,MUN,SP|MATAO,glp,10,30.0,29.0,30.0,29.0,30.0
2006-03,MUN,SP|MAUA,glp,14,31.625,29.993,32.5,29.0,32.5
2006-03,MUN,SP|MIRASSOL,glp,12,28.0,27.1,29.9,26.0,30.0
2006-03,MUN,SP|MOCOCA,glp,8,30.0,30.0,30.0,30.0,30.0
2006-03,MUN,SP|MOGI DAS CRUZES,glp,13,31.0,29.96,31.8,29.5,32.0
2006-03,MUN,SP|MOGI GUACU,glp,14,30.0,29.3,30.0,29.0,31.0
2006-03,MUN,SP|MOGI MIRIM,glp,9,30.0,29.2,30.0,28.0,30.0
2006-03,MUN,SP|MONTE ALTO,glp,4,31.5,30.3,32.0,30.0,32.0
2006-03,MUN,SP|MONTE AZUL PAULISTA,glp,1,29.0,29.0,29.0,29.0,29.0
2006-03,MUN,SP|OLIMPIA,glp,3,30.0,30.0,30.8,30.0,31.0
2006-03,MUN,SP|OSASCO,glp,47,28.99,24.99,30.696,24.99,32.0
2006-03,MUN,SP|OURINHOS,glp,13,29.0,28.2,31.882,28.0,32.0
2006-03,MUN,SP|PARAGUACU PAULISTA,glp,11,29.9,29.0,31.0,28.0,31.0
2006-03,MUN,SP|PAULINIA,glp,11,30.0,29.0,30.0,28.0,30.0
2006-03,MUN,SP|PIEDADE,glp,1,28.0,28.0,28.0,28.0,28.0
2006-03,MUN,SP|PINDAMONHANGABA,glp,5,29.0,28.4,29.0,28.0,29.0
2006-03,MUN,SP|PIRACICABA,glp,15,32.0,30.0,32.0,29.0,33.0
2006-03,MUN,SP|PIRAPORA DO BOM JESUS,glp,1,29.0,29.0,29.0,29.0,29.0
2006-03,MUN,SP|PIRASSUNUNGA,glp,17,29.0,29.0,29.0,29.0,29.0
2006-03,MUN,SP|POA,glp,3,29.5,29.1,29.9,29.0,30.0
2006-03,MUN,SP|PORTO FERREIRA,glp,8,29.0,29.0,29.0,29.0,29.0
2006-03,MUN,SP|PRAIA GRANDE,glp,7,30.0,30.0,31.4,30.0,32.0
2006-03,MUN,SP|PRESIDENTE PRUDENTE,glp,25,30.0,29.2,32.0,28.0,32.0
2006-03,MUN,SP|PRESIDENTE VENCESLAU,glp,5,28.9,28.2,30.0,28.0,30.0
2006-03,MUN,SP|RIBEIRAO PIRES,glp,7,30.9,30.3,31.0,30.0,31.0
2006-03,MUN,SP|RIBEIRAO PRETO,glp,17,30.0,30.0,32.0,28.0,33.0
2006-03,MUN,SP|RIO CLARO,glp,14,28.0,28.0,30.0,28.0,30.0
2006-03,MUN,SP|RIO DAS PEDRAS,glp,1,34.0,34.0,34.0,34.0,34.0
2006-03,MUN,SP|SALTINHO,glp,1,31.0,31.0,31.0,31.0,31.0
2006-03,MUN,SP|SALTO,glp,9,30.0,29.0,31.0,29.0,31.0
2006-03,MUN,SP|SANTA BARBARA D'OESTE,glp,22,30.248,29.0,32.0,29.0,32.0
2006-03,MUN,SP|SANTA CRUZ DO RIO PARDO,glp,10,30.0,29.9,30.0,29.0,30.0
2006-03,MUN,SP|SANTO ANDRE,glp,31,32.0,30.9,33.5,28.0,33.5
2006-03,MUN,SP|SANTOS,glp,12,30.0,28.05,32.45,27.495,34.0
2006-03,MUN,SP|SAO BERNARDO DO CAMPO,glp,28,31.875,29.7,32.5,28.9,33.4
2006-03,MUN,SP|SAO CAETANO DO SUL,glp,4,31.0,30.3,32.05,30.0,32.5
2006-03,MUN,SP|SAO CARLOS,glp,10,29.0,27.89,30.0,26.9,30.0
2006-03,MUN,SP|SAO JOAO DA BOA VISTA,glp,6,29.0,29.0,29.75,29.0,30.0
2006-03,MUN,SP|SAO JOAQUIM DA BARRA,glp,2,30.0,30.0,30.0,30.0,30.0
2006-03,MUN,SP|SAO JOSE DO RIO PRETO,glp,43,29.0,28.0,30.0,28.0,30.17
2006-03,MUN,SP|SAO JOSE DOS CAMPOS,glp,46,30.0,28.0,31.0,27.0,32.0
2006-03,MUN,SP|SAO PAULO,glp,266,28.0,26.0,30.0,24.99,32.5
2006-03,MUN,SP|SAO ROQUE,glp,4,29.75,28.45,30.0,28.0,30.0
2006-03,MUN,SP|SAO VICENTE,glp,12,29.25,26.1,31.0,25.0,31.0
2006-03,MUN,SP|SERTAOZINHO,glp,20,29.5,29.0,30.1,28.0,31.0
2006-03,MUN,SP|SOROCABA,glp,35,29.0,28.0,31.0,27.0,33.0
2006-03,MUN,SP|SUMARE,glp,29,29.0,28.0,29.198,28.0,31.0
2006-03,MUN,SP|SUZANO,glp,11,30.0,28.5,30.0,28.0,31.0
2006-03,MUN,SP|TABOAO DA SERRA,glp,3,30.0,26.8,30.0,26.0,30.0
2006-03,MUN,SP|TATUI,glp,7,29.0,28.6,29.0,28.0,29.0
2006-03,MUN,SP|TAUBATE,glp,6,28.0,27.99,28.5,27.99,29.0
2006-03,MUN,SP|TUPA,glp,4,29.0,28.3,29.0,28.0,29.0
2006-03,MUN,SP|UBATUBA,glp,13,33.0,31.6,34.0,31.5,34.0
2006-03,MUN,SP|VALINHOS,glp,10,30.25,29.0,31.1,29.0,32.0
2006-03,MUN,SP|VARGEM,glp,1,32.0,32.0,32.0,32.0,32.0
2006-03,MUN,SP|VARZEA PAULISTA,glp,7,30.0,29.6,30.0,29.0,30.0
2006-03,MUN,SP|VINHEDO,glp,5,29.0,28.0,32.0,28.0,32.0
2006-03,MUN,SP|VOTORANTIM,glp,8,28.0,26.4,29.3,25.0,30.0
2006-03,MUN,SP|VOTUPORANGA,glp,15,31.0,30.0,32.0,30.0,32.0
2006-03,MUN,TO|ALMAS,glp,1,35.0,35.0,35.0,35.0,35.0
2006-03,MUN,TO|ARAGUAINA,glp,10,35.0,35.0,36.0,35.0,36.0
2006-03,MUN,TO|COMBINADO,glp,1,35.0,35.0,35.0,35.0,35.0
2006-03,MUN,TO|DIANOPOLIS,glp,6,35.0,35.0,35.0,35.0,35.0
2006-03,MUN,TO|GURUPI,glp,44,32.25,32.0,33.0,31.0,33.5
2006-03,MUN,TO|LAGOA DA CONFUSAO,glp,1,35.0,35.0,35.0,35.0,35.0
2006-03,MUN,TO|PALMAS,glp,31,35.0,35.0,35.0,35.0,35.0
2006-03,MUN,TO|PARAISO DO TOCANTINS,glp,21,35.0,35.0,35.0,35.0,35.5
2006-03,MUN,TO|PORTO NACIONAL,glp,13,35.0,35.0,35.0,34.5,35.0
2006-03,MUN,TO|TAGUATINGA,glp,1,35.0,35.0,35.0,35.0,35.0
2006-03,UF,AC,glp,57,36.0,35.5,39.0,35.0,45.0
2006-03,UF,AL,glp,30,33.0,31.0,33.0,31.0,34.0
2006-03,UF,AM,glp,137,30.0,29.3,31.0,29.0,35.0
2006-03,UF,AP,glp,15,34.0,34.0,40.4,31.0,44.0
2006-03,UF,BA,glp,337,31.95,30.0,33.688,27.0,36.0
2006-03,UF,CE,glp,217,31.0,30.0,33.0,28.0,35.0
2006-03,UF,DF,glp,243,34.0,33.0,34.5,31.0,35.0
2006-03,UF,ES,glp,200,29.95,28.0,32.0,27.0,33.0
2006-03,UF,GO,glp,572,31.0,30.0,35.0,28.0,36.0
2006-03,UF,MA,glp,76,34.0,33.0,35.0,32.0,38.0
2006-03,UF,MG,glp,1331,31.0,29.0,32.0,26.0,38.0
2006-03,UF,MS,glp,214,35.0,33.0,38.0,32.0,39.0
2006-03,UF,MT,glp,218,39.25,38.0,40.0,36.0,43.0
2006-03,UF,PA,glp,234,30.0,28.0,35.0,27.0,37.0
2006-03,UF,PB,glp,93,34.0,32.2,35.0,29.0,35.0
2006-03,UF,PE,glp,334,31.5,30.0,33.0,28.0,35.0
2006-03,UF,PI,glp,18,35.0,35.0,36.5,35.0,36.5
2006-03,UF,PR,glp,946,32.0,30.0,35.0,26.9,36.5
2006-03,UF,RJ,glp,293,30.0,28.0,32.0,25.0,34.0
2006-03,UF,RN,glp,23,32.0,30.0,32.0,28.0,32.0
2006-03,UF,RO,glp,136,32.0,31.0,37.0,30.0,41.0
2006-03,UF,RR,glp,28,35.0,33.47,36.0,29.3,37.0
2006-03,UF,RS,glp,530,33.0,32.0,35.0,28.0,38.0
2006-03,UF,SC,glp,748,34.0,33.0,35.003,30.0,40.0
2006-03,UF,SE,glp,55,32.0,30.0,33.0,30.0,34.0
2006-03,UF,SP,glp,1698,29.99,28.0,32.0,24.99,38.5
2006-03,UF,TO,glp,129,35.0,32.0,35.0,31.0,36.0
2006-04,BR,BR,glp,8911,32.0,29.45,35.0,24.995,45.0
2006-04,MUN,AC|CRUZEIRO DO SUL,glp,1,44.0,44.0,44.0,44.0,44.0
2006-04,MUN,AC|RIO BRANCO,glp,48,36.0,35.75,36.65,35.5,38.0
2006-04,MUN,AC|SENA MADUREIRA,glp,3,39.0,38.8,39.0,38.75,39.0
2006-04,MUN,AC|SENADOR GUIOMARD,glp,1,37.5,37.5,37.5,37.5,37.5
2006-04,MUN,AC|TARAUACA,glp,2,44.75,44.55,44.95,44.5,45.0
2006-04,MUN,AC|XAPURI,glp,2,38.0,37.2,38.8,37.0,39.0
2006-04,MUN,AL|ARAPIRACA,glp,6,33.0,33.0,33.05,33.0,33.1
2006-04,MUN,AL|DELMIRO GOUVEIA,glp,2,30.5,30.1,30.9,30.0,31.0
2006-04,MUN,AL|MACEIO,glp,18,32.0,30.7,33.0,30.0,34.0
2006-04,MUN,AL|MARECHAL DEODORO,glp,1,32.0,32.0,32.0,32.0,32.0
2006-04,MUN,AL|PALMEIRA DOS INDIOS,glp,2,33.0,33.0,33.0,33.0,33.0
2006-04,MUN,AL|RIO LARGO,glp,1,33.0,33.0,33.0,33.0,33.0
2006-04,MUN,AM|HUMAITA,glp,1,34.0,34.0,34.0,34.0,34.0
2006-04,MUN,AM|ITACOATIARA,glp,1,33.0,33.0,33.0,33.0,33.0
2006-04,MUN,AM|MANACAPURU,glp,1,32.0,32.0,32.0,32.0,32.0
2006-04,MUN,AM|MANAUS,glp,223,30.0,29.658,31.0,29.3,34.0
2006-04,MUN,AM|PARINTINS,glp,1,33.0,33.0,33.0,33.0,33.0
2006-04,MUN,AM|PRESIDENTE FIGUEIREDO,glp,1,36.0,36.0,36.0,36.0,36.0
2006-04,MUN,AP|CALCOENE,glp,1,37.0,37.0,37.0,37.0,37.0
2006-04,MUN,AP|LARANJAL DO JARI,glp,1,35.0,35.0,35.0,35.0,35.0
2006-04,MUN,AP|MACAPA,glp,8,34.0,34.0,34.0,34.0,34.0
2006-04,MUN,AP|OIAPOQUE,glp,2,44.5,44.1,44.9,44.0,45.0
2006-04,MUN,AP|SANTANA,glp,3,34.0,34.0,34.8,34.0,35.0
2006-04,MUN,BA|ALAGOINHAS,glp,3,33.0,33.0,33.0,33.0,33.0
2006-04,MUN,BA|BARRA,glp,4,32.0,32.0,32.35,32.0,32.5
2006-04,MUN,BA|BARREIRAS,glp,7,30.0,30.0,30.8,30.0,32.0
2006-04,MUN,BA|BRUMADO,glp,4,35.0,33.95,35.0,33.5,35.0
2006-04,MUN,BA|CAETITE,glp,6,28.75,27.25,30.0,27.0,30.0
2006-04,MUN,BA|CAMACARI,glp,8,33.5,33.35,33.65,33.0,34.0
2006-04,MUN,BA|CAMPO FORMOSO,glp,3,30.0,30.0,30.0,30.0,30.0
2006-04,MUN,BA|CANDEIAS,glp,6,31.0,30.5,31.0,30.0,31.0
2006-04,MUN,BA|CAPIM GROSSO,glp,1,30.0,30.0,30.0,30.0,30.0
2006-04,MUN,BA|CONCEICAO DO JACUIPE,glp,1,32.25,32.25,32.25,32.25,32.25
2006-04,MUN,BA|EUNAPOLIS,glp,7,35.0,35.0,35.0,35.0,35.0
2006-04,MUN,BA|FEIRA DE SANTANA,glp,12,32.5,32.5,32.5,29.5,33.0
2006-04,MUN,BA|GUANAMBI,glp,9,33.0,32.1,33.0,28.5,33.0
2006-04,MUN,BA|ILHEUS,glp,8,34.0,34.0,34.0,34.0,34.0
2006-04,MUN,BA|IPIRA,glp,3,33.0,33.0,33.0,33.0,33.0
2006-04,MUN,BA|IRECE,glp,4,30.0,30.0,30.0,30.0,30.0
2006-04,MUN,BA|ITABUNA,glp,7,34.0,32.0,34.0,32.0,34.0
2006-04,MUN,BA|ITAMARAJU,glp,5,32.0,31.4,32.0,31.0,32.0
2006-04,MUN,BA|JACOBINA,glp,8,32.75,32.0,33.0,32.0,33.0
2006-04,MUN,BA|JAGUAQUARA,glp,6,30.0,30.0,31.0,30.0,32.0
2006-04,MUN,BA|JEQUIE,glp,4,31.0,30.0,34.1,30.0,35.0
2006-04,MUN,BA|JUAZEIRO,glp,6,33.0,33.0,33.0,33.0,33.0
2006-04,MUN,BA|LAURO DE FREITAS,glp,10,31.0,30.891,31.99,30.0,31.99
2006-04,MUN,BA|LIVRAMENTO DE NOSSA SENHORA,glp,1,33.0,33.0,33.0,33.0,33.0
2006-04,MUN,BA|LUIS EDUARDO MAGALHAES,glp,1,35.0,35.0,35.0,35.0,35.0
2006-04,MUN,BA|PAULO AFONSO,glp,8,33.0,33.0,33.0,33.0,33.0
2006-04,MUN,BA|POCOES,glp,3,33.0,33.0,33.0,33.0,33.0
2006-04,MUN,BA|PORTO SEGURO,glp,6,35.0,35.0,35.0,35.0,35.0
2006-04,MUN,BA|RUY BARBOSA,glp,5,33.0,33.0,33.0,33.0,33.0
2006-04,MUN,BA|SALVADOR,glp,135,31.0,30.0,31.975,27.0,32.0
2006-04,MUN,BA|SANTO ANTONIO DE JESUS,glp,4,35.0,35.0,35.0,35.0,35.0
2006-04,MUN,BA|SENHOR DO BONFIM,glp,4,33.0,33.0,33.0,33.0,33.0
2006-04,MUN,BA|SERRINHA,glp,3,33.0,33.0,33.0,33.0,33.0
2006-04,MUN,BA|SIMOES FILHO,glp,7,33.0,33.0,33.0,33.0,33.0
2006-04,MUN,BA|TEIXEIRA DE FREITAS,glp,3,35.0,35.0,35.0,35.0,35.0
2006-04,MUN,BA|VALENCA,glp,4,35.0,35.0,35.0,35.0,35.0
2006-04,MUN,BA|VITORIA DA CONQUISTA,glp,2,33.02,33.004,33.036,33.0,33.04
2006-04,MUN,CE|BEBERIBE,glp,1,32.0,32.0,32.0,32.0,32.0
2006-04,MUN,CE|CANINDE,glp,2,32.0,31.2,32.8,31.0,33.0
2006-04,MUN,CE|CAUCAIA,glp,34,31.275,30.465,32.0,30.0,32.95
2006-04,MUN,CE|CRATEUS,glp,3,33.0,32.2,33.0,32.0,33.0
2006-04,MUN,CE|CRATO,glp,7,33.0,30.0,34.0,30.0,34.0
2006-04,MUN,CE|FORTALEZA,glp,134,31.3,30.325,32.5,29.5,33.0
2006-04,MUN,CE|IGUATU,glp,2,32.0,32.0,32.0,32.0,32.0
2006-04,MUN,CE|IPU,glp,3,35.0,35.0,35.0,35.0,35.0
2006-04,MUN,CE|ITAPIPOCA,glp,3,30.5,30.1,30.5,30.0,30.5
2006-04,MUN,CE|JUAZEIRO DO NORTE,glp,6,34.0,33.5,34.25,33.0,34.5
2006-04,MUN,CE|LIMOEIRO DO NORTE,glp,2,34.0,34.0,34.0,34.0,34.0
2006-04,MUN,CE|MARACANAU,glp,12,31.375,30.77,32.25,30.0,32.6
2006-04,MUN,CE|MORADA NOVA,glp,3,33.0,33.0,33.0,33.0,33.0
2006-04,MUN,CE|PEDRA BRANCA,glp,2,30.5,30.1,30.9,30.0,31.0
2006-04,MUN,CE|QUIXADA,glp,5,33.0,33.0,33.0,33.0,33.0
2006-04,MUN,CE|SAO GONCALO DO AMARANTE,glp,1,32.0,32.0,32.0,32.0,32.0
2006-04,MUN,CE|SOBRAL,glp,4,33.5,33.0,34.0,33.0,34.0
2006-04,MUN,DF|BRASILIA,glp,215,34.0,33.0,36.0,31.0,36.0
2006-04,MUN,ES|ARACRUZ,glp,7,32.0,30.6,33.0,30.0,33.0
2006-04,MUN,ES|BARRA DE SAO FRANCISCO,glp,10,30.0,29.95,32.1,29.5,33.0
2006-04,MUN,ES|CACHOEIRO DE ITAPEMIRIM,glp,17,31.9,30.96,32.0,30.9,32.0
2006-04,MUN,ES|CARIACICA,glp,21,31.0,30.0,32.9,29.9,35.0
2006-04,MUN,ES|CASTELO,glp,4,30.0,29.646,31.33,29.495,31.9
2006-04,MUN,ES|COLATINA,glp,10,32.975,32.0,35.0,32.0,35.0
2006-04,MUN,ES|GUARAPARI,glp,5,32.0,30.8,32.0,30.0,32.0
2006-04,MUN,ES|ITAPEMIRIM,glp,2,29.0,28.2,29.8,28.0,30.0
2006-04,MUN,ES|JAGUARE,glp,3,33.0,32.76,33.0,32.7,33.0
2006-04,MUN,ES|LINHARES,glp,20,32.5,30.405,35.0,29.0,35.0
2006-04,MUN,ES|MARATAIZES,glp,1,28.0,28.0,28.0,28.0,28.0
2006-04,MUN,ES|NOVA VENECIA,glp,2,35.0,35.0,35.0,35.0,35.0
2006-04,MUN,ES|PIUMA,glp,1,32.0,32.0,32.0,32.0,32.0
2006-04,MUN,ES|SAO MATEUS,glp,8,32.0,31.4,33.65,30.0,34.0
2006-04,MUN,ES|SERRA,glp,76,32.0,31.0,33.0,29.0,34.5
2006-04,MUN,ES|VILA VELHA,glp,22,31.5,30.5,32.45,28.9,32.5
2006-04,MUN,ES|VITORIA,glp,4,31.5,31.15,31.85,31.0,32.0
2006-04,MUN,GO|ABADIA DE GOIAS,glp,1,29.0,29.0,29.0,29.0,29.0
2006-04,MUN,GO|AGUAS LINDAS DE GOIAS,glp,3,31.0,31.0,32.6,31.0,33.0
2006-04,MUN,GO|ANAPOLIS,glp,41,32.0,31.0,32.0,30.945,33.0
2006-04,MUN,GO|APARECIDA DE GOIANIA,glp,79,30.5,30.0,32.0,29.0,33.0
2006-04,MUN,GO|BELA VISTA DE GOIAS,glp,1,32.0,32.0,32.0,32.0,32.0
2006-04,MUN,GO|CAIAPONIA,glp,1,32.0,32.0,32.0,32.0,32.0
2006-04,MUN,GO|CALDAS NOVAS,glp,54,32.0,32.0,33.0,30.0,33.0
2006-04,MUN,GO|CATALAO,glp,9,30.0,30.0,30.0,30.0,30.0
2006-04,MUN,GO|FORMOSA,glp,60,35.0,34.0,35.0,33.0,35.0
2006-04,MUN,GO|GOIANIA,glp,205,30.5,29.0,32.0,29.0,33.0
2006-04,MUN,GO|GOIATUBA,glp,4,30.0,30.0,31.4,30.0,32.0
2006-04,MUN,GO|ITUMBIARA,glp,16,30.0,29.0,30.25,29.0,33.0
2006-04,MUN,GO|JATAI,glp,11,33.5,32.0,35.0,32.0,35.0
2006-04,MUN,GO|LUZIANIA,glp,33,32.0,31.6,32.0,31.0,32.0
2006-04,MUN,GO|MINEIROS,glp,34,35.0,35.0,35.0,35.0,35.0
2006-04,MUN,GO|MONTIVIDIU,glp,1,32.5,32.5,32.5,32.5,32.5
2006-04,MUN,GO|MORRINHOS,glp,18,32.0,30.85,32.65,30.0,33.0
2006-04,MUN,GO|NOVO GAMA,glp,2,33.0,33.0,33.0,33.0,33.0
2006-04,MUN,GO|PADRE BERNARDO,glp,1,35.0,35.0,35.0,35.0,35.0
2006-04,MUN,GO|PLANALTINA,glp,22,35.0,34.1,35.0,32.0,35.0
2006-04,MUN,GO|PORANGATU,glp,5,32.0,32.0,32.5,32.0,32.5
2006-04,MUN,GO|RIO VERDE,glp,19,33.0,32.796,33.0,32.0,33.0
2006-04,MUN,GO|SANTO ANTONIO DE GOIAS,glp,1,31.0,31.0,31.0,31.0,31.0
2006-04,MUN,GO|TRINDADE,glp,31,30.0,29.5,31.0,29.0,31.5
2006-04,MUN,GO|VALPARAISO DE GOIAS,glp,4,30.5,30.0,31.0,30.0,31.0
2006-04,MUN,MA|ACAILANDIA,glp,3,35.0,35.0,35.0,35.0,35.0
2006-04,MUN,MA|BACABAL,glp,2,36.0,36.0,36.0,36.0,36.0
2006-04,MUN,MA|BALSAS,glp,2,36.0,36.0,36.0,36.0,36.0
2006-04,MUN,MA|BARRA DO CORDA,glp,2,38.0,38.0,38.0,38.0,38.0
2006-04,MUN,MA|CAROLINA,glp,2,36.0,36.0,36.0,36.0,36.0
2006-04,MUN,MA|CAXIAS,glp,4,38.0,38.0,38.0,38.0,38.0
2006-04,MUN,MA|CODO,glp,2,34.5,34.5,34.5,34.5,34.5
2006-04,MUN,MA|IMPERATRIZ,glp,12,34.0,34.0,34.0,34.0,34.0
2006-04,MUN,MA|PINHEIRO,glp,1,36.0,36.0,36.0,36.0,36.0
2006-04,MUN,MA|PRESIDENTE DUTRA,glp,1,33.0,33.0,33.0,33.0,33.0
2006-04,MUN,MA|SANTA INES,glp,2,34.5,34.5,34.5,34.5,34.5
2006-04,MUN,MA|SAO DOMINGOS DO MARANHAO,glp,1,36.0,36.0,36.0,36.0,36.0
2006-04,MUN,MA|SAO JOAO DOS PATOS,glp,1,35.0,35.0,35.0,35.0,35.0
2006-04,MUN,MA|SAO JOSE DE RIBAMAR,glp,6,33.0,31.0,33.0,30.0,33.0
2006-04,MUN,MA|SAO LUIS,glp,25,33.0,32.5,34.0,32.0,35.0
2006-04,MUN,MA|TIMON,glp,1,35.0,35.0,35.0,35.0,35.0
2006-04,MUN,MG|ALFENAS,glp,21,29.0,28.0,30.0,28.0,30.0
2006-04,MUN,MG|ARAGUARI,glp,13,31.4,31.0,32.0,30.5,33.0
2006-04,MUN,MG|ARAXA,glp,9,30.0,28.8,30.2,28.0,31.0
2006-04,MUN,MG|BARBACENA,glp,14,31.75,31.0,33.5,31.0,33.5
2006-04,MUN,MG|BELO HORIZONTE,glp,160,31.372,30.0,32.5,27.45,34.5
2006-04,MUN,MG|BETIM,glp,42,32.0,30.0,33.0,30.0,35.0
2006-04,MUN,MG|BOCAIUVA,glp,1,32.0,32.0,32.0,32.0,32.0
2006-04,MUN,MG|BOM DESPACHO,glp,4,32.0,32.0,32.0,32.0,32.0
2006-04,MUN,MG|CAMPO BELO,glp,13,30.0,29.0,31.0,29.0,31.0
2006-04,MUN,MG|CARATINGA,glp,3,30.0,30.0,30.0,30.0,30.0
2006-04,MUN,MG|CATAGUASES,glp,4,32.0,29.2,32.0,28.0,32.0
2006-04,MUN,MG|CONCEICAO DAS ALAGOAS,glp,1,34.0,34.0,34.0,34.0,34.0
2006-04,MUN,MG|CONGONHAS,glp,3,32.0,31.2,32.0,31.0,32.0
2006-04,MUN,MG|CONSELHEIRO LAFAIETE,glp,6,32.5,30.5,34.0,30.0,34.0
2006-04,MUN,MG|CONTAGEM,glp,77,32.0,30.0,33.2,29.0,36.0
2006-04,MUN,MG|CORONEL FABRICIANO,glp,8,32.0,31.05,32.65,30.0,33.0
2006-04,MUN,MG|CURVELO,glp,9,32.0,31.6,33.2,30.0,34.0
2006-04,MUN,MG|DIAMANTINA,glp,10,32.0,29.9,33.55,29.0,34.0
2006-04,MUN,MG|DIVINOPOLIS,glp,32,32.0,32.0,32.0,32.0,33.0
2006-04,MUN,MG|ESPINOSA,glp,1,32.0,32.0,32.0,32.0,32.0
2006-04,MUN,MG|FORMIGA,glp,16,31.0,30.0,32.0,30.0,32.0
2006-04,MUN,MG|FRUTAL,glp,5,30.0,29.94,31.14,29.9,31.9
2006-04,MUN,MG|GOVERNADOR VALADARES,glp,22,32.0,30.604,32.0,30.0,32.0
2006-04,MUN,MG|GUAXUPE,glp,2,30.0,30.0,30.0,30.0,30.0
2006-04,MUN,MG|IBIRITE,glp,14,32.0,30.3,33.0,30.0,33.5
2006-04,MUN,MG|IPATINGA,glp,14,31.25,30.0,32.0,30.0,32.0
2006-04,MUN,MG|ITABIRA,glp,4,33.25,32.3,33.85,32.0,34.0
2006-04,MUN,MG|ITAJUBA,glp,13,31.0,30.0,31.0,30.0,31.0
2006-04,MUN,MG|ITAUNA,glp,12,30.0,30.0,31.0,29.5,31.0
2006-04,MUN,MG|ITUIUTABA,glp,16,30.0,28.0,30.0,28.0,32.0
2006-04,MUN,MG|JANAUBA,glp,12,32.0,32.0,32.0,31.0,34.0
2006-04,MUN,MG|JANUARIA,glp,12,32.0,31.5,32.5,30.5,32.5
2006-04,MUN,MG|JOAO MONLEVADE,glp,9,30.0,29.8,31.2,29.0,32.0
2006-04,MUN,MG|JOAO PINHEIRO,glp,16,38.0,36.5,38.0,35.0,38.0
2006-04,MUN,MG|JUIZ DE FORA,glp,57,31.5,30.0,33.7,29.0,34.0
2006-04,MUN,MG|LAVRAS,glp,10,30.0,28.0,30.1,28.0,31.0
2006-04,MUN,MG|LEOPOLDINA,glp,6,30.0,29.0,30.0,28.0,30.0
2006-04,MUN,MG|MANHUACU,glp,4,29.75,28.15,31.7,28.0,32.0
2006-04,MUN,MG|MARIANA,glp,6,30.5,28.5,33.0,28.0,33.0
2006-04,MUN,MG|MATIAS BARBOSA,glp,1,30.0,30.0,30.0,30.0,30.0
2006-04,MUN,MG|MONTE CARMELO,glp,16,30.0,28.75,30.75,28.0,33.0
2006-04,MUN,MG|MONTES CLAROS,glp,45,34.0,34.0,34.0,30.755,36.5
2006-04,MUN,MG|MURIAE,glp,3,28.5,28.5,28.9,28.5,29.0
2006-04,MUN,MG|NOVA LIMA,glp,9,32.5,32.0,34.0,32.0,34.0
2006-04,MUN,MG|OLIVEIRA,glp,8,29.5,28.9,31.0,28.9,31.0
2006-04,MUN,MG|OURO PRETO,glp,5,34.0,32.2,35.6,32.0,36.0
2006-04,MUN,MG|PARA DE MINAS,glp,10,31.65,28.9,32.455,28.0,32.5
2006-04,MUN,MG|PARACATU,glp,17,37.0,37.0,37.0,37.0,37.0
2006-04,MUN,MG|PASSOS,glp,11,32.0,32.0,32.0,32.0,32.0
2006-04,MUN,MG|PATOS DE MINAS,glp,23,33.0,32.2,34.0,29.0,34.0
2006-04,MUN,MG|PATROCINIO,glp,22,31.0,30.0,32.45,30.0,32.5
2006-04,MUN,MG|POCOS DE CALDAS,glp,15,29.0,28.0,29.0,27.5,30.0
2006-04,MUN,MG|POUSO ALEGRE,glp,22,30.7,30.0,31.0,29.4,31.8
2006-04,MUN,MG|RIBEIRAO DAS NEVES,glp,33,30.0,29.2,31.0,28.0,32.0
2006-04,MUN,MG|SABARA,glp,22,32.0,30.0,33.0,29.0,33.0
2006-04,MUN,MG|SANTA LUZIA,glp,20,32.0,30.95,34.0,29.0,34.0
2006-04,MUN,MG|SANTOS DUMONT,glp,5,31.0,29.4,31.6,29.0,32.0
2006-04,MUN,MG|SAO GOTARDO,glp,1,33.0,33.0,33.0,33.0,33.0
2006-04,MUN,MG|SAO JOAO DEL REI,glp,15,32.5,32.0,33.0,31.5,33.0
2006-04,MUN,MG|SAO LOURENCO,glp,4,29.0,28.65,29.0,28.5,29.0
2006-04,MUN,MG|SAO SEBASTIAO DO PARAISO,glp,23,32.5,32.0,33.0,31.0,33.0
2006-04,MUN,MG|SETE LAGOAS,glp,28,30.25,30.0,32.0,29.0,34.0
2006-04,MUN,MG|TEOFILO OTONI,glp,27,31.0,30.0,33.0,29.0,34.0
2006-04,MUN,MG|TIMOTEO,glp,10,32.0,31.45,32.05,31.0,32.5
2006-04,MUN,MG|TRES CORACOES,glp,10,29.0,28.9,30.0,28.0,30.0
2006-04,MUN,MG|UBA,glp,11,30.0,29.0,32.0,29.0,33.0
2006-04,MUN,MG|UBERABA,glp,77,34.0,34.0,34.0,32.0,34.0
2006-04,MUN,MG|UBERLANDIA,glp,98,30.0,30.0,32.0,28.0,33.0
2006-04,MUN,MG|UNAI,glp,7,35.0,34.2,35.0,33.0,35.0
2006-04,MUN,MG|VARGINHA,glp,34,29.0,28.65,30.0,28.0,30.0
2006-04,MUN,MG|VESPASIANO,glp,8,30.748,29.85,32.0,29.5,32.0
2006-04,MUN,MG|VICOSA,glp,4,33.0,33.0,33.0,33.0,33.0
2006-04,MUN,MS|BATAYPORA,glp,1,40.0,40.0,40.0,40.0,40.0
2006-04,MUN,MS|CAMPO GRANDE,glp,157,35.0,33.0,36.0,32.0,37.5
2006-04,MUN,MS|CORUMBA,glp,6,38.0,38.0,38.0,38.0,38.0
2006-04,MUN,MS|COXIM,glp,5,38.0,38.0,38.0,38.0,38.0
2006-04,MUN,MS|DOURADOS,glp,26,39.0,37.0,39.0,37.0,39.0
2006-04,MUN,MS|NOVA ANDRADINA,glp,13,40.0,38.4,40.0,38.0,40.0
2006-04,MUN,MS|PARANAIBA,glp,6,35.0,35.0,35.0,35.0,35.0
2006-04,MUN,MS|PONTA PORA,glp,12,34.0,33.5,34.0,33.0,34.0
2006-04,MUN,MS|SAO GABRIEL DO OESTE,glp,1,36.5,36.5,36.5,36.5,36.5
2006-04,MUN,MS|SIDROLANDIA,glp,1,34.0,34.0,34.0,34.0,34.0
2006-04,MUN,MS|TRES LAGOAS,glp,22,36.0,35.0,36.0,35.0,36.0
2006-04,MUN,MT|ALTA FLORESTA,glp,8,41.0,39.7,42.3,39.0,43.0
2006-04,MUN,MT|CACERES,glp,10,36.25,36.0,38.0,36.0,38.0
2006-04,MUN,MT|CUIABA,glp,127,40.0,38.5,41.2,37.5,42.0
2006-04,MUN,MT|RONDONOPOLIS,glp,9,42.0,40.0,42.0,40.0,42.0
2006-04,MUN,MT|SANTO ANTONIO DO LEVERGER,glp,1,40.0,40.0,40.0,40.0,40.0
2006-04,MUN,MT|SINOP,glp,19,40.0,40.0,40.3,39.0,42.0
2006-04,MUN,MT|SORRISO,glp,7,38.0,36.0,38.4,36.0,39.0
2006-04,MUN,MT|VARZEA GRANDE,glp,35,40.0,38.85,42.0,38.0,42.0
2006-04,MUN,PA|ABAETETUBA,glp,4,31.0,31.0,31.0,31.0,31.0
2006-04,MUN,PA|ALENQUER,glp,1,32.5,32.5,32.5,32.5,32.5
2006-04,MUN,PA|ALTAMIRA,glp,4,35.0,34.3,35.7,34.0,36.0
2006-04,MUN,PA|ANANINDEUA,glp,53,29.5,29.0,30.0,28.5,31.0
2006-04,MUN,PA|BELEM,glp,116,30.0,29.0,30.0,27.0,31.0
2006-04,MUN,PA|BRAGANCA,glp,2,31.0,31.0,31.0,31.0,31.0
2006-04,MUN,PA|BREU BRANCO,glp,1,35.0,35.0,35.0,35.0,35.0
2006-04,MUN,PA|BREVES,glp,2,30.0,30.0,30.0,30.0,30.0
2006-04,MUN,PA|CAMETA,glp,2,32.0,32.0,32.0,32.0,32.0
2006-04,MUN,PA|CASTANHAL,glp,10,30.0,29.45,30.0,29.0,30.0
2006-04,MUN,PA|CONCEICAO DO ARAGUAIA,glp,2,34.25,33.65,34.85,33.5,35.0
2006-04,MUN,PA|ITAITUBA,glp,1,34.0,34.0,34.0,34.0,34.0
2006-04,MUN,PA|MARABA,glp,5,32.75,32.0,33.77,32.0,33.95
2006-04,MUN,PA|MARITUBA,glp,1,29.0,29.0,29.0,29.0,29.0
2006-04,MUN,PA|PARAGOMINAS,glp,2,35.0,35.0,35.0,35.0,35.0
2006-04,MUN,PA|PARAUAPEBAS,glp,3,35.0,32.6,35.8,32.0,36.0
2006-04,MUN,PA|REDENCAO,glp,5,35.0,35.0,35.0,35.0,35.0
2006-04,MUN,PA|SANTANA DO ARAGUAIA,glp,2,33.0,32.2,33.8,32.0,34.0
2006-04,MUN,PA|SANTAREM,glp,7,34.0,33.3,34.739,33.0,35.0
2006-04,MUN,PA|TUCURUI,glp,4,35.0,35.0,35.0,35.0,35.0
2006-04,MUN,PA|XINGUARA,glp,3,37.0,36.2,37.0,36.0,37.0
2006-04,MUN,PB|BAYEUX,glp,4,35.0,35.0,35.0,35.0,35.0
2006-04,MUN,PB|CABEDELO,glp,3,35.0,33.4,35.0,33.0,35.0
2006-04,MUN,PB|CAJAZEIRAS,glp,1,30.0,30.0,30.0,30.0,30.0
2006-04,MUN,PB|CAMPINA GRANDE,glp,24,35.0,33.0,35.0,32.0,35.0
2006-04,MUN,PB|GUARABIRA,glp,1,35.0,35.0,35.0,35.0,35.0
2006-04,MUN,PB|INGA,glp,1,35.0,35.0,35.0,35.0,35.0
2006-04,MUN,PB|JOAO PESSOA,glp,23,33.0,33.0,34.0,31.0,35.0
2006-04,MUN,PB|MAMANGUAPE,glp,1,35.0,35.0,35.0,35.0,35.0
2006-04,MUN,PB|MARIZOPOLIS,glp,1,31.0,31.0,31.0,31.0,31.0
2006-04,MUN,PB|PATOS,glp,6,35.0,35.0,35.0,35.0,35.0
2006-04,MUN,PB|SANTA RITA,glp,2,34.0,33.2,34.8,33.0,35.0
2006-04,MUN,PB|SAPE,glp,7,33.0,33.0,33.7,33.0,34.0
2006-04,MUN,PB|SOUSA,glp,3,33.0,30.6,33.0,30.0,33.0
2006-04,MUN,PE|ABREU E LIMA,glp,6,32.0,32.0,32.5,32.0,33.0
2006-04,MUN,PE|AFOGADOS DA INGAZEIRA,glp,2,31.5,30.3,32.7,30.0,33.0
2006-04,MUN,PE|AGUAS BELAS,glp,1,33.0,33.0,33.0,33.0,33.0
2006-04,MUN,PE|ARARIPINA,glp,1,33.0,33.0,33.0,33.0,33.0
2006-04,MUN,PE|ARCOVERDE,glp,1,33.0,33.0,33.0,33.0,33.0
2006-04,MUN,PE|BARRA DE GUABIRABA,glp,1,35.0,35.0,35.0,35.0,35.0
2006-04,MUN,PE|BELO JARDIM,glp,6,33.0,33.0,33.125,33.0,33.25
2006-04,MUN,PE|BEZERROS,glp,1,33.0,33.0,33.0,33.0,33.0
2006-04,MUN,PE|BOM CONSELHO,glp,4,32.0,32.0,32.0,32.0,32.0
2006-04,MUN,PE|CABO DE SANTO AGOSTINHO,glp,9,32.0,31.9,32.25,31.5,32.25
2006-04,MUN,PE|CAMARAGIBE,glp,5,32.0,32.0,32.0,32.0,32.0
2006-04,MUN,PE|CARUARU,glp,5,33.0,30.0,33.0,28.0,33.0
2006-04,MUN,PE|DORMENTES,glp,1,32.99,32.99,32.99,32.99,32.99
2006-04,MUN,PE|GARANHUNS,glp,2,32.0,32.0,32.0,32.0,32.0
2006-04,MUN,PE|GOIANA,glp,5,33.0,33.0,33.4,33.0,33.5
2006-04,MUN,PE|GRAVATA,glp,3,32.5,32.1,32.7,32.0,32.75
2006-04,MUN,PE|IGARASSU,glp,13,32.0,32.0,32.2,31.995,32.25
2006-04,MUN,PE|JABOATAO DOS GUARARAPES,glp,25,32.0,32.0,32.64,32.0,33.0
2006-04,MUN,PE|JUCATI,glp,1,32.0,32.0,32.0,32.0,32.0
2006-04,MUN,PE|LAJEDO,glp,3,30.0,30.0,31.2,30.0,31.5
2006-04,MUN,PE|MORENO,glp,1,31.0,31.0,31.0,31.0,31.0
2006-04,MUN,PE|OLINDA,glp,20,32.0,31.0,32.0,30.0,32.1
2006-04,MUN,PE|PAULISTA,glp,30,32.0,30.9,32.0,30.0,32.1
2006-04,MUN,PE|PETROLINA,glp,12,33.0,33.0,33.0,33.0,33.0
2006-04,MUN,PE|RECIFE,glp,124,32.0,31.0,32.0,30.0,34.0
2006-04,MUN,PE|SALGUEIRO,glp,3,33.0,29.0,33.4,28.0,33.5
2006-04,MUN,PE|SANTA CRUZ DO CAPIBARIBE,glp,2,34.625,34.325,34.925,34.25,35.0
2006-04,MUN,PE|SAO BENTO DO UNA,glp,1,33.0,33.0,33.0,33.0,33.0
2006-04,MUN,PE|SAO LOURENCO DA MATA,glp,8,32.0,32.0,32.15,32.0,32.5
2006-04,MUN,PE|SERRA TALHADA,glp,4,33.0,33.0,33.0,33.0,33.0
2006-04,MUN,PE|SERTANIA,glp,1,33.0,33.0,33.0,33.0,33.0
2006-04,MUN,PE|VENTUROSA,glp,1,33.0,33.0,33.0,33.0,33.0
2006-04,MUN,PE|VITORIA DE SANTO ANTAO,glp,6,32.498,31.625,32.875,31.5,33.0
2006-04,MUN,PI|BARRAS,glp,1,35.0,35.0,35.0,35.0,35.0
2006-04,MUN,PI|CAMPO MAIOR,glp,2,35.75,35.55,35.95,35.5,36.0
2006-04,MUN,PI|OEIRAS,glp,3,36.5,36.5,36.5,36.5,36.5
2006-04,MUN,PI|PARNAIBA,glp,1,35.0,35.0,35.0,35.0,35.0
2006-04,MUN,PI|PICOS,glp,2,36.5,36.5,36.5,36.5,36.5
2006-04,MUN,PI|PIRIPIRI,glp,2,36.0,36.0,36.0,36.0,36.0
2006-04,MUN,PI|TERESINA,glp,4,35.0,35.0,35.0,35.0,35.0
2006-04,MUN,PR|ALMIRANTE TAMANDARE,glp,9,29.5,29.4,31.0,29.0,31.0
2006-04,MUN,PR|APUCARANA,glp,23,32.0,32.0,33.0,30.0,34.0
2006-04,MUN,PR|ARAPONGAS,glp,17,32.5,32.0,33.7,32.0,34.5
2006-04,MUN,PR|ARAUCARIA,glp,12,31.0,30.194,31.9,30.0,32.0
2006-04,MUN,PR|ASSIS CHATEAUBRIAND,glp,9,33.25,31.7,34.92,30.9,35.0
2006-04,MUN,PR|CAMBE,glp,59,34.0,33.0,35.0,32.0,38.0
2006-04,MUN,PR|CAMPO LARGO,glp,17,31.0,30.5,32.0,30.5,32.0
2006-04,MUN,PR|CAMPO MOURAO,glp,8,35.5,35.0,35.5,35.0,35.5
2006-04,MUN,PR|CASCAVEL,glp,23,32.0,32.0,33.5,32.0,34.0
2006-04,MUN,PR|CASTRO,glp,33,33.5,33.0,34.0,32.0,34.0
2006-04,MUN,PR|CIANORTE,glp,9,32.5,31.7,35.0,30.5,35.0
2006-04,MUN,PR|COLOMBO,glp,34,30.5,29.825,32.0,28.75,32.5
2006-04,MUN,PR|CORNELIO PROCOPIO,glp,9,32.0,30.8,32.2,30.0,33.0
2006-04,MUN,PR|CURITIBA,glp,96,30.0,29.0,31.5,27.4,32.0
2006-04,MUN,PR|FAZENDA RIO GRANDE,glp,1,29.0,29.0,29.0,29.0,29.0
2006-04,MUN,PR|FOZ DO IGUACU,glp,42,35.5,34.0,36.0,33.0,36.0
2006-04,MUN,PR|FRANCISCO BELTRAO,glp,5,34.0,33.0,35.6,33.0,36.0
2006-04,MUN,PR|GUARAPUAVA,glp,8,32.0,32.0,32.0,32.0,32.0
2006-04,MUN,PR|LARANJEIRAS DO SUL,glp,4,34.5,29.8,35.7,28.0,36.0
2006-04,MUN,PR|LONDRINA,glp,165,33.0,32.0,34.0,29.9,36.0
2006-04,MUN,PR|MARECHAL CANDIDO RONDON,glp,20,32.5,32.225,33.0,32.0,33.5
2006-04,MUN,PR|MARINGA,glp,41,33.0,31.5,34.0,30.9,34.0
2006-04,MUN,PR|PARANAGUA,glp,24,34.0,33.15,35.0,33.0,37.5
2006-04,MUN,PR|PARANAVAI,glp,10,34.0,32.9,34.0,32.0,34.0
2006-04,MUN,PR|PATO BRANCO,glp,10,32.25,31.0,33.3,31.0,36.0
2006-04,MUN,PR|PINHAIS,glp,23,31.0,30.0,32.0,29.5,33.0
2006-04,MUN,PR|PIRAI DO SUL,glp,1,34.0,34.0,34.0,34.0,34.0
2006-04,MUN,PR|PONTA GROSSA,glp,81,32.0,30.5,32.5,30.0,33.0
2006-04,MUN,PR|SANTO ANTONIO DA PLATINA,glp,34,32.0,32.0,32.0,31.0,34.0
2006-04,MUN,PR|SAO JOSE DOS PINHAIS,glp,12,30.75,30.0,31.9,30.0,32.9
2006-04,MUN,PR|TOLEDO,glp,12,35.498,34.55,36.9,34.0,37.0
2006-04,MUN,PR|UMUARAMA,glp,14,34.0,34.0,35.0,34.0,35.0
2006-04,MUN,PR|UNIAO DA VITORIA,glp,5,32.0,32.0,32.0,32.0,32.0
2006-04,MUN,RJ|ANGRA DOS REIS,glp,4,32.8,31.11,34.0,30.9,34.0
2006-04,MUN,RJ|ARARUAMA,glp,4,28.0,28.0,28.7,28.0,29.0
2006-04,MUN,RJ|ARMACAO DOS BUZIOS,glp,2,29.5,29.1,29.9,29.0,30.0
2006-04,MUN,RJ|BARRA DO PIRAI,glp,3,31.0,31.0,31.0,31.0,31.0
2006-04,MUN,RJ|BARRA MANSA,glp,16,34.0,32.0,34.0,32.0,34.0
2006-04,MUN,RJ|BELFORD ROXO,glp,6,29.5,29.0,30.0,29.0,30.0
2006-04,MUN,RJ|CABO FRIO,glp,3,29.0,29.0,29.0,29.0,29.0
2006-04,MUN,RJ|CAMPOS DOS GOYTACAZES,glp,14,32.5,31.15,34.7,31.0,35.0
2006-04,MUN,RJ|DUQUE DE CAXIAS,glp,29,30.5,29.5,31.6,29.0,32.5
2006-04,MUN,RJ|ITABORAI,glp,3,30.0,29.592,30.0,29.49,30.0
2006-04,MUN,RJ|ITAGUAI,glp,7,29.9,29.76,29.9,29.7,29.9
2006-04,MUN,RJ|ITAPERUNA,glp,4,30.0,30.0,31.4,30.0,32.0
2006-04,MUN,RJ|MACAE,glp,4,30.5,30.0,31.0,30.0,31.0
2006-04,MUN,RJ|MAGE,glp,2,30.375,30.275,30.475,30.25,30.5
2006-04,MUN,RJ|MANGARATIBA,glp,3,30.0,29.92,30.0,29.9,30.0
2006-04,MUN,RJ|MARICA,glp,2,29.495,29.491,29.499,29.49,29.5
2006-04,MUN,RJ|NILOPOLIS,glp,5,30.0,28.99,30.0,28.99,30.0
2006-04,MUN,RJ|NITEROI,glp,2,30.0,30.0,30.0,30.0,30.0
2006-04,MUN,RJ|NOVA FRIBURGO,glp,11,32.0,32.0,32.0,29.0,33.0
2006-04,MUN,RJ|NOVA IGUACU,glp,19,30.0,28.9,30.0,28.0,32.0
2006-04,MUN,RJ|PARAIBA DO SUL,glp,2,30.0,30.0,30.0,30.0,30.0
2006-04,MUN,RJ|PARATY,glp,2,32.45,31.21,33.69,30.9,34.0
2006-04,MUN,RJ|PETROPOLIS,glp,3,32.0,32.0,32.4,32.0,32.5
2006-04,MUN,RJ|RESENDE,glp,6,34.0,33.0,34.5,32.0,35.0
2006-04,MUN,RJ|RIO DE JANEIRO,glp,78,30.0,29.0,30.15,27.0,33.0
2006-04,MUN,RJ|SANTO ANTONIO DE PADUA,glp,2,32.0,32.0,32.0,32.0,32.0
2006-04,MUN,RJ|SAO GONCALO,glp,1,29.9,29.9,29.9,29.9,29.9
2006-04,MUN,RJ|SAO JOAO DE MERITI,glp,6,30.0,29.25,30.0,29.0,30.0
2006-04,MUN,RJ|SAPUCAIA,glp,2,31.5,30.3,32.7,30.0,33.0
2006-04,MUN,RJ|SAQUAREMA,glp,3,30.0,30.0,30.8,30.0,31.0
2006-04,MUN,RJ|TERESOPOLIS,glp,4,31.5,31.0,32.0,31.0,32.0
2006-04,MUN,RJ|TRES RIOS,glp,1,30.0,30.0,30.0,30.0,30.0
2006-04,MUN,RJ|VALENCA,glp,7,30.5,30.0,31.0,30.0,31.0
2006-04,MUN,RJ|VASSOURAS,glp,2,31.5,31.1,31.9,31.0,32.0
2006-04,MUN,RJ|VOLTA REDONDA,glp,6,34.0,33.0,34.0,32.0,34.0
2006-04,MUN,RN|CAICO,glp,3,32.0,32.0,32.0,32.0,32.0
2006-04,MUN,RN|CURRAIS NOVOS,glp,4,32.0,32.0,32.0,32.0,32.0
2006-04,MUN,RN|MOSSORO,glp,3,32.0,30.4,32.0,30.0,32.0
2006-04,MUN,RN|NATAL,glp,6,30.0,30.0,31.5,30.0,32.0
2006-04,MUN,RN|PARNAMIRIM,glp,3,30.0,30.0,30.0,30.0,30.0
2006-04,MUN,RN|SAO JOSE DE MIPIBU,glp,3,32.0,32.0,32.0,32.0,32.0
2006-04,MUN,RN|TIMBAUBA DOS BATISTAS,glp,1,32.0,32.0,32.0,32.0,32.0
2006-04,MUN,RO|ARIQUEMES,glp,12,37.0,36.5,37.0,36.5,37.0
2006-04,MUN,RO|CACOAL,glp,9,37.0,37.0,37.2,37.0,38.0
2006-04,MUN,RO|GUAJARA-MIRIM,glp,3,38.0,38.0,38.0,38.0,38.0
2006-04,MUN,RO|JI-PARANA,glp,18,37.0,35.5,37.0,34.0,37.0
2006-04,MUN,RO|PIMENTA BUENO,glp,3,38.0,37.6,38.0,37.5,38.0
2006-04,MUN,RO|PORTO VELHO,glp,126,32.0,31.0,32.875,30.75,34.5
2006-04,MUN,RO|SAO MIGUEL DO GUAPORE,glp,1,41.0,41.0,41.0,41.0,41.0
2006-04,MUN,RO|VILHENA,glp,5,40.0,40.0,40.0,40.0,40.0
2006-04,MUN,RR|BOA VISTA,glp,25,35.25,33.97,36.5,33.5,37.0
2006-04,MUN,RR|CARACARAI,glp,1,29.45,29.45,29.45,29.45,29.45
2006-04,MUN,RR|MUCAJAI,glp,1,36.5,36.5,36.5,36.5,36.5
2006-04,MUN,RR|RORAINOPOLIS,glp,1,35.0,35.0,35.0,35.0,35.0
2006-04,MUN,RS|ALEGRETE,glp,4,33.0,32.3,33.0,32.0,33.0
2006-04,MUN,RS|ALVORADA,glp,13,32.0,31.1,33.6,30.5,34.0
2006-04,MUN,RS|BAGE,glp,11,33.0,33.0,33.0,32.5,33.0
2006-04,MUN,RS|BENTO GONCALVES,glp,6,34.7,34.5,35.95,34.5,36.5
2006-04,MUN,RS|BOZANO,glp,1,33.0,33.0,33.0,33.0,33.0
2006-04,MUN,RS|CACAPAVA DO SUL,glp,4,34.75,34.325,35.0,34.25,35.0
2006-04,MUN,RS|CACHOEIRA DO SUL,glp,11,32.5,32.0,32.5,32.0,33.0
2006-04,MUN,RS|CACHOEIRINHA,glp,4,33.75,32.45,34.0,32.0,34.0
2006-04,MUN,RS|CANOAS,glp,19,33.0,31.8,33.39,30.0,34.0
2006-04,MUN,RS|CAXIAS DO SUL,glp,44,35.0,34.5,35.0,34.0,36.2
2006-04,MUN,RS|CRUZ ALTA,glp,1,34.0,34.0,34.0,34.0,34.0
2006-04,MUN,RS|ERECHIM,glp,10,35.0,34.0,35.09,34.0,35.9
2006-04,MUN,RS|ESTEIO,glp,9,34.0,33.8,34.0,33.0,34.0
2006-04,MUN,RS|GRAMADO,glp,3,35.0,35.0,35.0,35.0,35.0
2006-04,MUN,RS|GRAVATAI,glp,7,33.0,33.0,34.0,33.0,34.0
2006-04,MUN,RS|GUAIBA,glp,5,32.5,32.5,33.27,32.5,33.45
2006-04,MUN,RS|IJUI,glp,12,34.0,33.5,34.95,33.0,35.5
2006-04,MUN,RS|JAGUARAO,glp,3,32.0,32.0,32.4,32.0,32.5
2006-04,MUN,RS|LAJEADO,glp,11,31.0,31.0,33.0,31.0,33.0
2006-04,MUN,RS|NOVO HAMBURGO,glp,7,31.5,31.5,32.25,31.5,33.0
2006-04,MUN,RS|OSORIO,glp,2,35.0,35.0,35.0,35.0,35.0
2006-04,MUN,RS|PALMEIRA DAS MISSOES,glp,13,37.0,33.4,38.0,31.5,38.0
2006-04,MUN,RS|PASSO FUNDO,glp,41,35.0,33.5,35.0,33.0,35.5
2006-04,MUN,RS|PELOTAS,glp,34,32.0,32.0,33.0,30.5,34.0
2006-04,MUN,RS|PORTO ALEGRE,glp,59,32.0,31.0,32.5,30.25,33.0
2006-04,MUN,RS|RIO GRANDE,glp,14,33.0,32.0,33.3,32.0,33.5
2006-04,MUN,RS|SANTA CRUZ DO SUL,glp,3,32.0,32.0,32.0,32.0,32.0
2006-04,MUN,RS|SANTA MARIA,glp,24,32.0,32.0,33.0,30.0,34.0
2006-04,MUN,RS|SANTA ROSA,glp,5,35.0,34.0,35.6,34.0,36.0
2006-04,MUN,RS|SANTA VITORIA DO PALMAR,glp,3,35.75,35.55,35.95,35.5,36.0
2006-04,MUN,RS|SANTANA DO LIVRAMENTO,glp,2,33.0,33.0,33.0,33.0,33.0
2006-04,MUN,RS|SANTO ANGELO,glp,3,35.0,35.0,37.4,35.0,38.0
2006-04,MUN,RS|SAO BORJA,glp,2,34.0,33.2,34.8,33.0,35.0
2006-04,MUN,RS|SAO GABRIEL,glp,3,37.0,37.0,37.0,37.0,37.0
2006-04,MUN,RS|SAO LEOPOLDO,glp,31,32.0,31.5,32.5,31.0,33.0
2006-04,MUN,RS|SAO LUIZ GONZAGA,glp,9,38.0,36.82,38.0,36.5,38.0
2006-04,MUN,RS|SAPIRANGA,glp,4,32.0,31.15,32.5,31.0,32.5
2006-04,MUN,RS|SAPUCAIA DO SUL,glp,13,34.0,34.0,34.0,34.0,34.0
2006-04,MUN,RS|TORRES,glp,3,35.0,34.2,35.4,34.0,35.5
2006-04,MUN,RS|TRAMANDAI,glp,4,33.75,33.0,34.85,33.0,35.0
2006-04,MUN,RS|URUGUAIANA,glp,4,35.0,34.65,35.0,34.5,35.0
2006-04,MUN,RS|VACARIA,glp,9,34.0,33.9,34.6,33.5,35.0
2006-04,MUN,RS|VIAMAO,glp,5,33.5,31.4,33.8,31.0,34.0
2006-04,MUN,SC|ARARANGUA,glp,5,35.0,35.0,35.0,35.0,35.0
2006-04,MUN,SC|ASCURRA,glp,1,33.0,33.0,33.0,33.0,33.0
2006-04,MUN,SC|BALNEARIO CAMBORIU,glp,4,35.65,35.0,36.37,35.0,36.4
2006-04,MUN,SC|BIGUACU,glp,1,34.0,34.0,34.0,34.0,34.0
2006-04,MUN,SC|BLUMENAU,glp,123,34.0,34.0,35.0,34.0,38.0
2006-04,MUN,SC|BOMBINHAS,glp,1,31.5,31.5,31.5,31.5,31.5
2006-04,MUN,SC|BRUSQUE,glp,6,33.0,31.5,36.9,31.0,37.9
2006-04,MUN,SC|CACADOR,glp,3,36.0,35.2,36.0,35.0,36.0
2006-04,MUN,SC|CHAPECO,glp,51,34.75,34.0,35.0,33.5,36.0
2006-04,MUN,SC|CONCORDIA,glp,40,34.5,33.5,35.28,33.0,37.0
2006-04,MUN,SC|CRICIUMA,glp,9,32.5,31.2,35.4,30.0,39.0
2006-04,MUN,SC|FLORIANOPOLIS,glp,165,34.0,33.0,34.0,33.0,35.0
2006-04,MUN,SC|ITAJAI,glp,143,34.0,33.0,35.0,31.5,35.0
2006-04,MUN,SC|JARAGUA DO SUL,glp,9,34.0,34.0,35.0,34.0,35.0
2006-04,MUN,SC|JOINVILLE,glp,211,35.0,34.0,36.0,33.0,36.5
2006-04,MUN,SC|LAGES,glp,4,33.5,32.0,35.0,32.0,35.0
2006-04,MUN,SC|LAGUNA,glp,3,34.0,32.4,34.8,32.0,35.0
2006-04,MUN,SC|MAFRA,glp,2,33.45,33.01,33.89,32.9,34.0
2006-04,MUN,SC|PALHOCA,glp,23,34.0,34.0,34.0,34.0,34.0
2006-04,MUN,SC|SAO JOSE,glp,29,34.0,34.0,34.0,34.0,34.0
2006-04,MUN,SC|SAO MIGUEL DO OESTE,glp,14,32.0,31.0,32.7,30.0,33.0
2006-04,MUN,SC|TIJUCAS,glp,1,34.0,34.0,34.0,34.0,34.0
2006-04,MUN,SC|TUBARAO,glp,12,35.0,33.0,35.09,33.0,36.0
2006-04,MUN,SC|VIDEIRA,glp,4,36.0,35.3,36.0,35.0,36.0
2006-04,MUN,SC|XANXERE,glp,15,33.0,32.0,34.6,32.0,35.0
2006-04,MUN,SE|ARACAJU,glp,25,33.0,32.0,33.0,30.0,34.0
2006-04,MUN,SE|ITABAIANA,glp,6,32.5,32.0,32.5,32.0,32.5
2006-04,MUN,SE|ITABAIANINHA,glp,3,32.0,32.0,32.0,32.0,32.0
2006-04,MUN,SE|LAGARTO,glp,4,32.0,32.0,32.0,32.0,32.0
2006-04,MUN,SE|NOSSA SENHORA DO SOCORRO,glp,11,33.0,33.0,34.0,33.0,34.0
2006-04,MUN,SE|SIMAO DIAS,glp,3,33.0,33.0,33.0,33.0,33.0
2006-04,MUN,SE|TOBIAS BARRETO,glp,3,33.0,33.0,33.0,33.0,33.0
2006-04,MUN,SP|ADAMANTINA,glp,7,30.0,30.0,30.0,30.0,30.0
2006-04,MUN,SP|AMERICANA,glp,17,32.0,31.3,32.0,29.99,32.0
2006-04,MUN,SP|AMERICO BRASILIENSE,glp,1,32.0,32.0,32.0,32.0,32.0
2006-04,MUN,SP|AMPARO,glp,5,30.0,29.4,31.14,29.0,31.9
2006-04,MUN,SP|APIAI,glp,2,32.0,32.0,32.0,32.0,32.0
2006-04,MUN,SP|ARACARIGUAMA,glp,1,31.0,31.0,31.0,31.0,31.0
2006-04,MUN,SP|ARACATUBA,glp,27,32.0,30.0,32.0,30.0,32.0
2006-04,MUN,SP|ARARAQUARA,glp,14,30.0,29.65,30.7,29.0,31.0
2006-04,MUN,SP|ARARAS,glp,2,28.5,28.1,28.9,28.0,29.0
2006-04,MUN,SP|AREIOPOLIS,glp,1,36.0,36.0,36.0,36.0,36.0
2006-04,MUN,SP|ASSIS,glp,6,30.0,30.0,30.0,30.0,30.0
2006-04,MUN,SP|ATIBAIA,glp,21,31.5,31.0,32.0,28.5,33.0
2006-04,MUN,SP|AVARE,glp,5,32.0,30.8,32.0,30.0,32.0
2006-04,MUN,SP|BARRETOS,glp,5,29.0,29.0,29.0,29.0,29.0
2006-04,MUN,SP|BARUERI,glp,9,29.5,27.396,30.0,27.0,30.0
2006-04,MUN,SP|BAURU,glp,22,30.0,29.0,30.95,28.5,31.5
2006-04,MUN,SP|BEBEDOURO,glp,4,32.0,30.6,32.0,30.0,32.0
2006-04,MUN,SP|BIRIGUI,glp,9,30.0,28.0,32.0,28.0,32.0
2006-04,MUN,SP|BOTUCATU,glp,13,27.5,27.5,28.9,27.5,28.9
2006-04,MUN,SP|BRAGANCA PAULISTA,glp,11,29.0,28.0,31.9,27.98,31.9
2006-04,MUN,SP|CACAPAVA,glp,6,28.5,27.995,30.0,27.99,30.0
2006-04,MUN,SP|CAMPINAS,glp,51,30.0,28.0,32.0,27.0,32.0
2006-04,MUN,SP|CAMPOS DO JORDAO,glp,8,31.0,30.0,31.782,30.0,31.995
2006-04,MUN,SP|CAPAO BONITO,glp,4,29.5,29.0,30.0,29.0,30.0
2006-04,MUN,SP|CARAGUATATUBA,glp,7,31.0,30.3,31.7,30.0,32.0
2006-04,MUN,SP|CARAPICUIBA,glp,12,28.0,26.99,29.94,26.49,30.5
2006-04,MUN,SP|CATANDUVA,glp,6,32.0,30.5,32.5,30.0,33.0
2006-04,MUN,SP|COSMOPOLIS,glp,5,32.0,32.0,32.0,32.0,32.0
2006-04,MUN,SP|COTIA,glp,10,29.9,29.0,30.0,29.0,30.0
2006-04,MUN,SP|CRUZEIRO,glp,7,29.0,27.5,29.4,27.5,30.0
2006-04,MUN,SP|CUBATAO,glp,5,30.0,29.0,30.0,29.0,30.0
2006-04,MUN,SP|DESCALVADO,glp,1,30.0,30.0,30.0,30.0,30.0
2006-04,MUN,SP|DIADEMA,glp,7,26.99,25.6,29.0,25.0,29.0
2006-04,MUN,SP|DRACENA,glp,4,30.0,29.3,33.5,29.0,35.0
2006-04,MUN,SP|EMBU DAS ARTES,glp,6,28.9,28.445,29.95,27.99,30.0
2006-04,MUN,SP|ENGENHEIRO COELHO,glp,1,29.0,29.0,29.0,29.0,29.0
2006-04,MUN,SP|ESPIRITO SANTO DO PINHAL,glp,1,30.0,30.0,30.0,30.0,30.0
2006-04,MUN,SP|FERRAZ DE VASCONCELOS,glp,11,29.0,28.0,29.0,28.0,29.0
2006-04,MUN,SP|FRANCA,glp,15,32.0,30.18,32.0,30.0,32.0
2006-04,MUN,SP|FRANCISCO MORATO,glp,7,31.5,30.2,32.1,29.0,33.0
2006-04,MUN,SP|FRANCO DA ROCHA,glp,4,30.2,28.741,31.2,28.245,31.5
2006-04,MUN,SP|GARCA,glp,6,30.0,30.0,30.0,30.0,30.0
2006-04,MUN,SP|GUARATINGUETA,glp,3,28.0,28.0,30.0,28.0,30.5
2006-04,MUN,SP|GUARUJA,glp,4,32.9,32.585,32.9,32.45,32.9
2006-04,MUN,SP|GUARULHOS,glp,57,29.0,28.0,30.0,27.0,31.0
2006-04,MUN,SP|HORTOLANDIA,glp,16,29.0,28.5,30.498,28.0,31.0
2006-04,MUN,SP|IBITINGA,glp,6,30.0,30.0,30.75,30.0,31.0
2006-04,MUN,SP|INDAIATUBA,glp,22,33.5,32.0,34.0,32.0,34.5
2006-04,MUN,SP|ITANHAEM,glp,4,29.5,29.0,30.0,29.0,30.0
2006-04,MUN,SP|ITAPECERICA DA SERRA,glp,1,30.995,30.995,30.995,30.995,30.995
2006-04,MUN,SP|ITAPETININGA,glp,17,29.0,27.5,30.0,27.0,32.0
2006-04,MUN,SP|ITAPEVA,glp,6,29.0,28.95,29.5,28.95,30.0
2006-04,MUN,SP|ITAPEVI,glp,4,26.25,25.146,27.35,24.995,27.5
2006-04,MUN,SP|ITAPIRA,glp,7,28.0,26.8,28.0,26.5,28.0
2006-04,MUN,SP|ITAPOLIS,glp,4,30.0,30.0,30.0,30.0,30.0
2006-04,MUN,SP|ITAQUAQUECETUBA,glp,11,31.0,28.99,31.0,28.0,31.9
2006-04,MUN,SP|ITATIBA,glp,6,30.5,29.995,31.0,29.99,31.0
2006-04,MUN,SP|ITU,glp,15,29.0,28.94,30.0,28.0,30.9
2006-04,MUN,SP|JABOTICABAL,glp,7,30.0,29.996,31.0,29.99,31.0
2006-04,MUN,SP|JACAREI,glp,14,30.0,29.297,30.7,29.0,31.0
2006-04,MUN,SP|JALES,glp,6,30.0,30.0,30.0,30.0,30.0
2006-04,MUN,SP|JANDIRA,glp,4,27.495,26.996,27.997,26.995,28.0
2006-04,MUN,SP|JAU,glp,7,29.0,28.0,29.7,28.0,30.0
2006-04,MUN,SP|JOSE BONIFACIO,glp,6,30.5,28.5,31.0,27.0,31.0
2006-04,MUN,SP|JUNDIAI,glp,15,30.0,27.4,32.3,25.5,32.5
2006-04,MUN,SP|LEME,glp,18,29.0,29.0,29.0,29.0,30.0
2006-04,MUN,SP|LIMEIRA,glp,24,33.0,30.296,34.0,28.9,35.0
2006-04,MUN,SP|LINS,glp,9,32.0,31.6,32.0,30.0,32.0
2006-04,MUN,SP|LORENA,glp,8,28.0,25.997,29.0,25.99,29.0
2006-04,MUN,SP|MARILIA,glp,9,28.0,28.0,28.4,28.0,30.0
2006-04,MUN,SP|MATAO,glp,10,30.0,28.95,30.0,28.5,30.0
2006-04,MUN,SP|MAUA,glp,13,31.75,30.0,32.4,28.99,32.5
2006-04,MUN,SP|MIRASSOL,glp,8,29.75,27.7,31.93,27.0,32.0
2006-04,MUN,SP|MOCOCA,glp,8,30.0,30.0,30.0,30.0,30.0
2006-04,MUN,SP|MOGI DAS CRUZES,glp,9,31.0,30.4,31.68,30.0,32.0
2006-04,MUN,SP|MOGI GUACU,glp,12,30.0,30.0,30.0,30.0,30.0
2006-04,MUN,SP|MOGI MIRIM,glp,7,30.0,30.0,30.8,30.0,32.0
2006-04,MUN,SP|MONTE ALTO,glp,4,31.5,30.3,32.0,30.0,32.0
2006-04,MUN,SP|OLIMPIA,glp,3,30.0,30.0,30.0,30.0,30.0
2006-04,MUN,SP|OSASCO,glp,44,29.992,26.992,30.998,26.49,32.0
2006-04,MUN,SP|OURINHOS,glp,13,29.0,28.2,31.882,28.0,32.0
2006-04,MUN,SP|PARAGUACU PAULISTA,glp,10,30.75,29.9,31.55,29.0,32.0
2006-04,MUN,SP|PAULINIA,glp,11,30.0,29.0,30.0,29.0,30.5
2006-04,MUN,SP|PIEDADE,glp,1,28.0,28.0,28.0,28.0,28.0
2006-04,MUN,SP|PINDAMONHANGABA,glp,5,29.0,28.4,29.0,28.0,29.0
2006-04,MUN,SP|PIRACICABA,glp,11,32.0,31.0,32.0,28.0,33.0
2006-04,MUN,SP|PIRAPORA DO BOM JESUS,glp,1,29.0,29.0,29.0,29.0,29.0
2006-04,MUN,SP|PIRASSUNUNGA,glp,17,29.0,29.0,29.66,28.95,31.5
2006-04,MUN,SP|POA,glp,4,30.0,29.3,30.0,29.0,30.0
2006-04,MUN,SP|PORTO FERREIRA,glp,8,29.0,29.0,29.3,29.0,30.0
2006-04,MUN,SP|PRAIA GRANDE,glp,7,31.0,29.74,32.14,29.5,32.5
2006-04,MUN,SP|PRESIDENTE PRUDENTE,glp,22,31.0,29.55,31.95,28.0,32.0
2006-04,MUN,SP|PRESIDENTE VENCESLAU,glp,5,30.0,28.36,30.0,28.0,30.0
2006-04,MUN,SP|RIBEIRAO PIRES,glp,5,31.0,30.938,31.9,30.9,32.5
2006-04,MUN,SP|RIBEIRAO PRETO,glp,15,30.0,30.0,31.96,29.9,32.9
2006-04,MUN,SP|RIO CLARO,glp,12,28.0,28.0,29.999,28.0,30.0
2006-04,MUN,SP|RIO DAS PEDRAS,glp,1,33.0,33.0,33.0,33.0,33.0
2006-04,MUN,SP|SALTINHO,glp,1,30.0,30.0,30.0,30.0,30.0
2006-04,MUN,SP|SALTO,glp,10,30.0,29.0,31.0,29.0,31.0
2006-04,MUN,SP|SANTA BARBARA D'OESTE,glp,20,31.0,29.95,32.0,29.5,32.0
2006-04,MUN,SP|SANTA CRUZ DO RIO PARDO,glp,9,30.0,30.0,30.0,30.0,30.0
2006-04,MUN,SP|SANTO ANDRE,glp,26,32.0,30.45,33.5,28.0,33.5
2006-04,MUN,SP|SANTOS,glp,12,31.0,28.198,33.0,27.0,34.0
2006-04,MUN,SP|SAO BERNARDO DO CAMPO,glp,26,31.625,29.95,32.5,29.45,33.0
2006-04,MUN,SP|SAO CAETANO DO SUL,glp,3,31.0,30.2,32.2,30.0,32.5
2006-04,MUN,SP|SAO CARLOS,glp,9,29.0,27.78,29.2,26.9,30.0
2006-04,MUN,SP|SAO JOAO DA BOA VISTA,glp,6,30.0,30.0,30.0,30.0,30.0
2006-04,MUN,SP|SAO JOAQUIM DA BARRA,glp,2,30.0,30.0,30.0,30.0,30.0
2006-04,MUN,SP|SAO JOSE DO RIO PRETO,glp,32,29.5,28.5,30.0,28.0,30.5
2006-04,MUN,SP|SAO JOSE DOS CAMPOS,glp,43,30.0,29.0,31.0,28.0,32.0
2006-04,MUN,SP|SAO PAULO,glp,223,28.9,26.99,30.0,25.0,33.8
2006-04,MUN,SP|SAO ROQUE,glp,4,29.5,28.3,30.0,28.0,30.0
2006-04,MUN,SP|SAO VICENTE,glp,11,29.9,26.99,31.0,26.9,32.0
2006-04,MUN,SP|SERTAOZINHO,glp,23,29.5,29.0,30.8,29.0,31.0
2006-04,MUN,SP|SOROCABA,glp,34,29.975,27.58,31.0,27.0,34.0
2006-04,MUN,SP|SUMARE,glp,28,29.0,28.0,30.0,28.0,31.0
2006-04,MUN,SP|SUZANO,glp,12,30.0,29.1,30.45,28.0,31.0
2006-04,MUN,SP|TABOAO DA SERRA,glp,3,30.0,27.6,30.0,27.0,30.0
2006-04,MUN,SP|TATUI,glp,7,29.0,28.6,29.0,28.0,29.0
2006-04,MUN,SP|TAUBATE,glp,6,28.0,27.992,28.998,27.99,29.0
2006-04,MUN,SP|TUPA,glp,2,29.5,29.1,29.9,29.0,30.0
2006-04,MUN,SP|UBATUBA,glp,12,32.75,32.05,33.0,32.0,34.0
2006-04,MUN,SP|VALINHOS,glp,10,30.5,29.0,32.0,29.0,32.0
2006-04,MUN,SP|VARGEM,glp,1,32.0,32.0,32.0,32.0,32.0
2006-04,MUN,SP|VARZEA PAULISTA,glp,7,30.0,28.6,30.0,28.0,30.0
2006-04,MUN,SP|VINHEDO,glp,5,29.0,28.0,32.0,28.0,32.0
2006-04,MUN,SP|VOTORANTIM,glp,8,27.5,26.7,29.3,26.0,30.0
2006-04,MUN,SP|VOTUPORANGA,glp,15,31.0,30.0,32.0,30.0,32.5
2006-04,MUN,TO|ALMAS,glp,1,35.0,35.0,35.0,35.0,35.0
2006-04,MUN,TO|ARAGUAINA,glp,10,34.75,34.0,35.05,34.0,35.5
2006-04,MUN,TO|COMBINADO,glp,1,35.0,35.0,35.0,35.0,35.0
2006-04,MUN,TO|DIANOPOLIS,glp,6,34.5,34.25,34.75,34.0,35.0
2006-04,MUN,TO|GURUPI,glp,58,32.5,32.0,33.0,32.0,33.5
2006-04,MUN,TO|LAGOA DA CONFUSAO,glp,1,35.0,35.0,35.0,35.0,35.0
2006-04,MUN,TO|PALMAS,glp,30,35.0,35.0,35.05,34.0,35.5
2006-04,MUN,TO|PARAISO DO TOCANTINS,glp,19,35.0,35.0,35.05,35.0,35.5
2006-04,MUN,TO|PORTO NACIONAL,glp,13,35.0,35.0,35.0,35.0,35.0
2006-04,MUN,TO|TAGUATINGA,glp,1,35.0,35.0,35.0,35.0,35.0
2006-04,UF,AC,glp,57,36.0,35.75,38.85,35.5,45.0
2006-04,UF,AL,glp,30,33.0,30.9,33.0,30.0,34.0
2006-04,UF,AM,glp,228,30.0,29.678,31.5,29.3,36.0
2006-04,UF,AP,glp,15,34.0,34.0,41.2,34.0,45.0
2006-04,UF,BA,glp,318,31.95,30.0,34.0,27.0,35.0
2006-04,UF,CE,glp,224,31.5,30.465,33.0,29.5,35.0
2006-04,UF,DF,glp,215,34.0,33.0,36.0,31.0,36.0
2006-04,UF,ES,glp,213,32.0,30.0,33.5,28.0,35.0
2006-04,UF,GO,glp,656,31.972,30.0,35.0,29.0,35.0
2006-04,UF,MA,glp,67,34.0,32.8,36.0,30.0,38.0
2006-04,UF,MG,glp,1325,32.0,29.5,34.0,27.45,38.0
2006-04,UF,MS,glp,250,35.0,33.0,39.0,32.0,40.0
2006-04,UF,MT,glp,216,40.0,38.25,42.0,36.0,43.0
2006-04,UF,PA,glp,230,30.0,29.0,34.056,27.0,37.0
2006-04,UF,PB,glp,77,34.0,33.0,35.0,30.0,35.0
2006-04,UF,PE,glp,308,32.0,31.0,33.0,28.0,35.0
2006-04,UF,PI,glp,15,36.0,35.0,36.5,35.0,36.5
2006-04,UF,PR,glp,870,32.0,30.0,35.0,27.4,38.0
2006-04,UF,RJ,glp,268,30.0,29.0,34.0,27.0,35.0
2006-04,UF,RN,glp,23,32.0,30.0,32.0,30.0,32.0
2006-04,UF,RO,glp,177,32.0,31.2,37.0,30.75,41.0
2006-04,UF,RR,glp,28,35.25,33.89,36.5,29.45,37.0
2006-04,UF,RS,glp,475,33.0,31.5,35.0,30.0,38.0
2006-04,UF,SC,glp,879,34.0,33.0,35.0,30.0,39.0
2006-04,UF,SE,glp,55,33.0,32.0,33.0,30.0,34.0
2006-04,UF,SP,glp,1552,30.0,28.0,32.0,24.995,36.0
2006-04,UF,TO,glp,140,34.75,32.0,35.0,32.0,35.5
2006-05,BR,BR,glp,8870,32.0,30.0,35.0,25.0,45.0
2006-05,MUN,AC|CRUZEIRO DO SUL,glp,1,45.0,45.0,45.0,45.0,45.0
2006-05,MUN,AC|RIO BRANCO,glp,83,36.0,36.0,37.0,35.0,39.0
2006-05,MUN,AC|SENA MADUREIRA,glp,3,39.0,39.0,39.0,39.0,39.0
2006-05,MUN,AC|SENADOR GUIOMARD,glp,1,38.0,38.0,38.0,38.0,38.0
2006-05,MUN,AC|TARAUACA,glp,2,44.5,44.1,44.9,44.0,45.0
2006-05,MUN,AC|XAPURI,glp,2,39.5,39.1,39.9,39.0,40.0
2006-05,MUN,AL|ARAPIRACA,glp,6,33.0,33.0,33.05,33.0,33.1
2006-05,MUN,AL|DELMIRO GOUVEIA,glp,2,30.5,30.1,30.9,30.0,31.0
2006-05,MUN,AL|MACEIO,glp,18,32.0,31.0,33.0,30.0,34.0
2006-05,MUN,AL|MARECHAL DEODORO,glp,1,32.0,32.0,32.0,32.0,32.0
2006-05,MUN,AL|PALMEIRA DOS INDIOS,glp,2,33.0,33.0,33.0,33.0,33.0
2006-05,MUN,AL|RIO LARGO,glp,1,31.0,31.0,31.0,31.0,31.0
2006-05,MUN,AM|HUMAITA,glp,1,34.0,34.0,34.0,34.0,34.0
2006-05,MUN,AM|ITACOATIARA,glp,1,33.0,33.0,33.0,33.0,33.0
2006-05,MUN,AM|MANACAPURU,glp,1,32.0,32.0,32.0,32.0,32.0
2006-05,MUN,AM|MANAUS,glp,235,30.0,29.7,32.0,29.0,33.0
2006-05,MUN,AM|PARINTINS,glp,1,33.0,33.0,33.0,33.0,33.0
2006-05,MUN,AM|PRESIDENTE FIGUEIREDO,glp,1,36.0,36.0,36.0,36.0,36.0
2006-05,MUN,AP|CALCOENE,glp,1,37.0,37.0,37.0,37.0,37.0
2006-05,MUN,AP|LARANJAL DO JARI,glp,1,34.0,34.0,34.0,34.0,34.0
2006-05,MUN,AP|MACAPA,glp,8,34.0,34.0,34.0,34.0,34.0
2006-05,MUN,AP|OIAPOQUE,glp,2,44.5,44.1,44.9,44.0,45.0
2006-05,MUN,AP|SANTANA,glp,3,34.0,34.0,34.8,34.0,35.0
2006-05,MUN,BA|ALAGOINHAS,glp,3,33.0,33.0,33.0,33.0,33.0
2006-05,MUN,BA|BARRA,glp,4,32.0,32.0,32.0,32.0,32.0
2006-05,MUN,BA|BARREIRAS,glp,7,30.0,30.0,34.2,30.0,36.0
2006-05,MUN,BA|BRUMADO,glp,4,34.6,34.06,35.0,34.0,35.0
2006-05,MUN,BA|CAETITE,glp,6,28.5,27.0,30.0,27.0,30.0
2006-05,MUN,BA|CAMACARI,glp,8,33.5,33.35,33.65,33.0,34.0
2006-05,MUN,BA|CAMPO FORMOSO,glp,3,30.0,30.0,30.0,30.0,30.0
2006-05,MUN,BA|CANDEIAS,glp,6,31.0,30.5,31.0,30.0,31.0
2006-05,MUN,BA|CAPIM GROSSO,glp,1,30.0,30.0,30.0,30.0,30.0
2006-05,MUN,BA|CONCEICAO DO JACUIPE,glp,1,33.75,33.75,33.75,33.75,33.75
2006-05,MUN,BA|EUNAPOLIS,glp,7,35.0,35.0,35.0,35.0,35.0
2006-05,MUN,BA|FEIRA DE SANTANA,glp,12,33.5,32.5,33.5,30.0,33.5
2006-05,MUN,BA|GUANAMBI,glp,9,33.0,32.2,33.0,29.0,33.0
2006-05,MUN,BA|ILHEUS,glp,8,35.0,34.679,35.0,34.0,35.0
2006-05,MUN,BA|IPIRA,glp,3,33.0,33.0,33.0,33.0,33.0
2006-05,MUN,BA|IRECE,glp,4,30.0,30.0,30.0,30.0,30.0
2006-05,MUN,BA|ITABUNA,glp,7,34.0,33.6,34.0,33.0,34.0
2006-05,MUN,BA|ITAMARAJU,glp,5,30.0,30.0,32.0,30.0,32.0
2006-05,MUN,BA|JACOBINA,glp,8,33.0,31.4,33.0,30.0,33.0
2006-05,MUN,BA|JAGUAQUARA,glp,6,30.0,30.0,31.0,30.0,32.0
2006-05,MUN,BA|JEQUIE,glp,4,31.0,30.0,34.1,30.0,35.0
2006-05,MUN,BA|JUAZEIRO,glp,6,33.0,33.0,33.0,33.0,33.0
2006-05,MUN,BA|LAURO DE FREITAS,glp,10,31.0,30.9,31.99,30.0,31.99
2006-05,MUN,BA|LUIS EDUARDO MAGALHAES,glp,1,37.0,37.0,37.0,37.0,37.0
2006-05,MUN,BA|PAULO AFONSO,glp,8,33.0,33.0,33.0,33.0,33.0
2006-05,MUN,BA|POCOES,glp,3,33.0,33.0,33.0,33.0,33.0
2006-05,MUN,BA|PORTO SEGURO,glp,6,35.0,35.0,35.0,35.0,35.0
2006-05,MUN,BA|RUY BARBOSA,glp,5,33.0,33.0,33.0,33.0,33.0
2006-05,MUN,BA|SALVADOR,glp,135,31.0,30.0,31.95,27.0,32.0
2006-05,MUN,BA|SANTO ANTONIO DE JESUS,glp,4,35.0,35.0,35.0,35.0,35.0
2006-05,MUN,BA|SENHOR DO BONFIM,glp,4,33.0,33.0,33.0,33.0,33.0
2006-05,MUN,BA|SERRINHA,glp,3,33.0,33.0,33.0,33.0,33.0
2006-05,MUN,BA|SIMOES FILHO,glp,7,33.0,33.0,33.0,33.0,33.0
2006-05,MUN,BA|TEIXEIRA DE FREITAS,glp,3,35.0,32.6,35.0,32.0,35.0
2006-05,MUN,BA|VALENCA,glp,4,35.0,35.0,35.0,35.0,35.0
2006-05,MUN,BA|VITORIA DA CONQUISTA,glp,2,33.08,33.08,33.08,33.08,33.08
2006-05,MUN,CE|BEBERIBE,glp,1,32.0,32.0,32.0,32.0,32.0
2006-05,MUN,CE|CANINDE,glp,2,30.5,30.1,30.9,30.0,31.0
2006-05,MUN,CE|CAUCAIA,glp,34,31.3,30.76,32.0,30.0,32.5
2006-05,MUN,CE|CRATEUS,glp,3,33.0,32.2,33.0,32.0,33.0
2006-05,MUN,CE|CRATO,glp,7,33.0,31.2,34.0,30.0,34.0
2006-05,MUN,CE|FORTALEZA,glp,158,31.175,30.5,32.0,30.0,33.0
2006-05,MUN,CE|IGUATU,glp,2,32.0,32.0,32.0,32.0,32.0
2006-05,MUN,CE|IPU,glp,3,35.0,35.0,35.0,35.0,35.0
2006-05,MUN,CE|ITAPIPOCA,glp,3,30.0,30.0,30.0,30.0,30.0
2006-05,MUN,CE|JUAZEIRO DO NORTE,glp,6,34.0,31.5,34.0,30.0,34.0
2006-05,MUN,CE|LIMOEIRO DO NORTE,glp,2,34.0,34.0,34.0,34.0,34.0
2006-05,MUN,CE|MARACANAU,glp,12,31.15,30.5,32.45,30.0,32.5
2006-05,MUN,CE|MORADA NOVA,glp,3,33.0,33.0,33.0,33.0,33.0
2006-05,MUN,CE|PEDRA BRANCA,glp,2,31.0,31.0,31.0,31.0,31.0
2006-05,MUN,CE|QUIXADA,glp,5,33.0,33.0,33.0,33.0,33.0
2006-05,MUN,CE|SAO GONCALO DO AMARANTE,glp,1,32.0,32.0,32.0,32.0,32.0
2006-05,MUN,CE|SOBRAL,glp,4,33.5,33.0,34.0,33.0,34.0
2006-05,MUN,DF|BRASILIA,glp,292,34.5,33.5,35.0,31.0,37.0
2006-05,MUN,ES|ARACRUZ,glp,7,32.0,30.6,33.4,30.0,34.0
2006-05,MUN,ES|BARRA DE SAO FRANCISCO,glp,10,32.0,30.0,35.0,30.0,35.0
2006-05,MUN,ES|CACHOEIRO DE ITAPEMIRIM,glp,17,32.0,31.9,33.0,31.9,33.0
2006-05,MUN,ES|CARIACICA,glp,21,34.0,32.0,34.5,30.0,35.0
2006-05,MUN,ES|CASTELO,glp,4,30.0,30.0,32.73,30.0,33.9
2006-05,MUN,ES|COLATINA,glp,10,34.5,32.0,35.0,32.0,35.0
2006-05,MUN,ES|GUARAPARI,glp,5,34.0,33.0,34.0,33.0,34.0
2006-05,MUN,ES|ITAPEMIRIM,glp,2,29.0,28.2,29.8,28.0,30.0
2006-05,MUN,ES|JAGUARE,glp,3,34.0,33.92,34.0,33.9,34.0
2006-05,MUN,ES|LINHARES,glp,18,35.0,31.4,35.0,29.0,35.0
2006-05,MUN,ES|MARATAIZES,glp,1,28.0,28.0,28.0,28.0,28.0
2006-05,MUN,ES|NOVA VENECIA,glp,2,37.0,37.0,37.0,37.0,37.0
2006-05,MUN,ES|PIUMA,glp,1,34.0,34.0,34.0,34.0,34.0
2006-05,MUN,ES|SAO MATEUS,glp,8,33.0,32.0,34.0,32.0,34.0
2006-05,MUN,ES|SERRA,glp,94,34.0,33.0,35.5,30.0,36.5
2006-05,MUN,ES|VILA VELHA,glp,22,33.0,32.0,35.0,31.0,36.0
2006-05,MUN,ES|VITORIA,glp,4,34.0,33.3,34.0,33.0,34.0
2006-05,MUN,GO|ABADIA DE GOIAS,glp,1,30.0,30.0,30.0,30.0,30.0
2006-05,MUN,GO|AGUAS LINDAS DE GOIAS,glp,4,32.5,31.0,34.7,31.0,35.0
2006-05,MUN,GO|ANAPOLIS,glp,37,32.0,31.0,32.0,30.0,33.0
2006-05,MUN,GO|APARECIDA DE GOIANIA,glp,75,31.0,30.0,31.0,29.0,33.0
2006-05,MUN,GO|BELA VISTA DE GOIAS,glp,1,32.0,32.0,32.0,32.0,32.0
2006-05,MUN,GO|CAIAPONIA,glp,1,32.0,32.0,32.0,32.0,32.0
2006-05,MUN,GO|CALDAS NOVAS,glp,54,34.0,32.0,34.0,32.0,34.0
2006-05,MUN,GO|CATALAO,glp,9,30.0,30.0,30.0,30.0,30.0
2006-05,MUN,GO|FORMOSA,glp,54,35.0,35.0,35.0,34.0,35.0
2006-05,MUN,GO|GOIANIA,glp,228,30.0,30.0,31.5,28.0,33.0
2006-05,MUN,GO|GOIATUBA,glp,4,30.0,30.0,30.0,30.0,30.0
2006-05,MUN,GO|ITUMBIARA,glp,16,33.0,31.0,33.5,30.0,35.0
2006-05,MUN,GO|JATAI,glp,11,35.0,35.0,35.0,35.0,36.0
2006-05,MUN,GO|LUZIANIA,glp,34,32.0,32.0,32.0,32.0,32.0
2006-05,MUN,GO|MINEIROS,glp,34,37.0,37.0,37.0,37.0,37.0
2006-05,MUN,GO|MONTIVIDIU,glp,1,33.0,33.0,33.0,33.0,33.0
2006-05,MUN,GO|MORRINHOS,glp,18,32.0,30.0,32.0,30.0,33.0
2006-05,MUN,GO|NOVO GAMA,glp,1,35.0,35.0,35.0,35.0,35.0
2006-05,MUN,GO|PLANALTINA,glp,22,35.0,35.0,35.0,32.0,35.0
2006-05,MUN,GO|PORANGATU,glp,5,32.0,32.0,33.0,32.0,33.0
2006-05,MUN,GO|RIO VERDE,glp,19,33.0,32.892,33.0,32.0,33.0
2006-05,MUN,GO|SANTO ANTONIO DE GOIAS,glp,1,31.0,31.0,31.0,31.0,31.0
2006-05,MUN,GO|TRINDADE,glp,29,30.0,29.0,31.0,28.5,31.0
2006-05,MUN,GO|VALPARAISO DE GOIAS,glp,4,30.0,30.0,30.7,30.0,31.0
2006-05,MUN,MA|ACAILANDIA,glp,3,35.0,35.0,35.0,35.0,35.0
2006-05,MUN,MA|BACABAL,glp,2,36.0,36.0,36.0,36.0,36.0
2006-05,MUN,MA|BALSAS,glp,1,36.0,36.0,36.0,36.0,36.0
2006-05,MUN,MA|BARRA DO CORDA,glp,2,38.0,38.0,38.0,38.0,38.0
2006-05,MUN,MA|CAROLINA,glp,2,36.0,36.0,36.0,36.0,36.0
2006-05,MUN,MA|CAXIAS,glp,4,38.0,38.0,38.0,38.0,38.0
2006-05,MUN,MA|CODO,glp,2,36.5,36.5,36.5,36.5,36.5
2006-05,MUN,MA|IMPERATRIZ,glp,11,34.0,34.0,34.0,34.0,34.0
2006-05,MUN,MA|PINHEIRO,glp,1,36.0,36.0,36.0,36.0,36.0
2006-05,MUN,MA|PRESIDENTE DUTRA,glp,1,35.5,35.5,35.5,35.5,35.5
2006-05,MUN,MA|SANTA INES,glp,2,34.5,34.5,34.5,34.5,34.5
2006-05,MUN,MA|SAO DOMINGOS DO MARANHAO,glp,1,36.0,36.0,36.0,36.0,36.0
2006-05,MUN,MA|SAO JOAO DOS PATOS,glp,1,35.0,35.0,35.0,35.0,35.0
2006-05,MUN,MA|SAO JOSE DE RIBAMAR,glp,6,33.0,31.0,33.0,30.0,33.0
2006-05,MUN,MA|SAO LUIS,glp,25,33.0,33.0,34.0,32.0,34.0
2006-05,MUN,MA|TIMON,glp,1,35.0,35.0,35.0,35.0,35.0
2006-05,MUN,MG|ALFENAS,glp,21,30.0,29.0,30.0,29.0,31.0
2006-05,MUN,MG|ARAGUARI,glp,13,34.0,33.0,35.0,33.0,36.0
2006-05,MUN,MG|ARAXA,glp,9,32.5,31.8,33.6,31.0,34.0
2006-05,MUN,MG|BARBACENA,glp,14,33.0,32.0,35.0,32.0,35.0
2006-05,MUN,MG|BELO HORIZONTE,glp,159,32.5,31.0,34.0,28.0,35.0
2006-05,MUN,MG|BETIM,glp,38,33.0,30.0,34.0,30.0,35.0
2006-05,MUN,MG|BOCAIUVA,glp,1,33.0,33.0,33.0,33.0,33.0
2006-05,MUN,MG|BOM DESPACHO,glp,3,34.0,34.0,34.0,34.0,34.0
2006-05,MUN,MG|CAMPO BELO,glp,13,32.0,31.0,32.0,31.0,32.0
2006-05,MUN,MG|CARATINGA,glp,3,32.0,30.4,32.0,30.0,32.0
2006-05,MUN,MG|CATAGUASES,glp,4,32.0,29.2,32.0,28.0,32.0
2006-05,MUN,MG|CONCEICAO DAS ALAGOAS,glp,1,34.0,34.0,34.0,34.0,34.0
2006-05,MUN,MG|CONGONHAS,glp,3,32.0,31.2,32.0,31.0,32.0
2006-05,MUN,MG|CONSELHEIRO LAFAIETE,glp,7,32.5,32.0,34.0,32.0,34.0
2006-05,MUN,MG|CONTAGEM,glp,77,33.0,31.0,34.2,30.0,35.0
2006-05,MUN,MG|CORONEL FABRICIANO,glp,8,33.0,32.0,33.0,32.0,33.0
2006-05,MUN,MG|CURVELO,glp,9,34.0,33.0,35.0,33.0,35.0
2006-05,MUN,MG|DIAMANTINA,glp,10,33.75,32.0,34.0,32.0,34.0
2006-05,MUN,MG|DIVINOPOLIS,glp,28,34.0,34.0,34.0,34.0,34.0
2006-05,MUN,MG|ESPINOSA,glp,1,33.0,33.0,33.0,33.0,33.0
2006-05,MUN,MG|FORMIGA,glp,16,32.5,30.5,34.0,30.0,34.0
2006-05,MUN,MG|FRUTAL,glp,5,31.9,30.4,32.0,30.0,32.0
2006-05,MUN,MG|GOVERNADOR VALADARES,glp,24,32.0,32.0,33.0,31.24,34.0
2006-05,MUN,MG|GUAXUPE,glp,2,30.0,30.0,30.0,30.0,30.0
2006-05,MUN,MG|IBIRITE,glp,13,33.5,31.2,34.9,31.0,35.5
2006-05,MUN,MG|IPATINGA,glp,14,33.0,31.3,33.0,31.0,34.5
2006-05,MUN,MG|ITABIRA,glp,4,33.1,33.0,33.83,33.0,34.1
2006-05,MUN,MG|ITAJUBA,glp,13,32.0,32.0,32.0,30.0,32.0
2006-05,MUN,MG|ITAUNA,glp,11,33.0,32.0,34.0,32.0,34.0
2006-05,MUN,MG|ITUIUTABA,glp,15,31.0,28.0,32.0,28.0,32.0
2006-05,MUN,MG|JANAUBA,glp,11,33.0,33.0,33.0,33.0,35.0
2006-05,MUN,MG|JANUARIA,glp,11,34.0,34.0,35.0,32.0,35.0
2006-05,MUN,MG|JOAO MONLEVADE,glp,9,30.0,29.8,31.2,29.0,32.0
2006-05,MUN,MG|JOAO PINHEIRO,glp,15,38.0,36.2,38.0,35.0,38.0
2006-05,MUN,MG|JUIZ DE FORA,glp,60,34.0,32.45,35.0,31.0,35.0
2006-05,MUN,MG|LAVRAS,glp,10,32.0,30.0,32.1,30.0,33.0
2006-05,MUN,MG|LEOPOLDINA,glp,6,30.0,29.5,30.5,29.0,31.0
2006-05,MUN,MG|MANHUACU,glp,4,30.5,29.0,32.0,29.0,32.0
2006-05,MUN,MG|MARIANA,glp,6,32.75,31.0,34.5,30.0,35.0
2006-05,MUN,MG|MATIAS BARBOSA,glp,1,32.0,32.0,32.0,32.0,32.0
2006-05,MUN,MG|MONTE CARMELO,glp,16,33.5,30.5,35.0,30.0,35.0
2006-05,MUN,MG|MONTES CLAROS,glp,46,34.25,34.0,35.0,30.75,36.0
2006-05,MUN,MG|MURIAE,glp,3,30.0,30.0,30.0,30.0,30.0
2006-05,MUN,MG|NOVA LIMA,glp,9,33.0,33.0,34.2,33.0,35.0
2006-05,MUN,MG|OLIVEIRA,glp,8,31.0,30.0,31.3,30.0,32.0
2006-05,MUN,MG|OURO PRETO,glp,5,34.5,32.6,36.4,32.0,37.0
2006-05,MUN,MG|PARA DE MINAS,glp,10,33.0,30.0,34.0,30.0,34.0
2006-05,MUN,MG|PARACATU,glp,17,37.0,37.0,37.0,37.0,37.0
2006-05,MUN,MG|PASSOS,glp,11,32.0,32.0,33.0,32.0,33.0
2006-05,MUN,MG|PATOS DE MINAS,glp,23,36.0,35.0,37.0,35.0,37.0
2006-05,MUN,MG|PATROCINIO,glp,22,34.5,32.0,35.0,32.0,35.0
2006-05,MUN,MG|POCOS DE CALDAS,glp,15,32.0,31.4,32.5,30.0,33.0
2006-05,MUN,MG|POUSO ALEGRE,glp,22,30.95,30.0,31.72,30.0,31.8
2006-05,MUN,MG|RIBEIRAO DAS NEVES,glp,32,32.0,30.55,32.0,28.0,34.0
2006-05,MUN,MG|SABARA,glp,22,33.0,31.0,35.0,30.0,35.0
2006-05,MUN,MG|SANTA LUZIA,glp,20,34.0,32.0,34.0,32.0,35.0
2006-05,MUN,MG|SANTOS DUMONT,glp,4,32.0,32.0,32.0,32.0,32.0
2006-05,MUN,MG|SAO GOTARDO,glp,1,35.0,35.0,35.0,35.0,35.0
2006-05,MUN,MG|SAO JOAO DEL REI,glp,15,35.0,34.0,35.0,34.0,35.0
2006-05,MUN,MG|SAO LOURENCO,glp,4,29.0,29.0,29.0,29.0,29.0
2006-05,MUN,MG|SAO SEBASTIAO DO PARAISO,glp,23,33.0,32.92,33.0,32.0,34.0
2006-05,MUN,MG|SETE LAGOAS,glp,28,32.0,30.0,32.0,30.0,34.0
2006-05,MUN,MG|TEOFILO OTONI,glp,27,32.0,30.0,33.0,29.0,34.0
2006-05,MUN,MG|TIMOTEO,glp,10,33.0,32.0,33.1,32.0,34.0
2006-05,MUN,MG|TRES CORACOES,glp,10,30.0,29.0,30.0,29.0,30.0
2006-05,MUN,MG|UBA,glp,10,30.0,28.9,32.0,28.0,32.0
2006-05,MUN,MG|UBERABA,glp,75,34.0,34.0,34.0,32.0,34.0
2006-05,MUN,MG|UBERLANDIA,glp,95,32.0,30.0,33.0,29.5,37.0
2006-05,MUN,MG|UNAI,glp,7,35.0,35.0,35.0,35.0,35.0
2006-05,MUN,MG|VARGINHA,glp,34,30.0,29.0,30.0,28.0,30.0
2006-05,MUN,MG|VESPASIANO,glp,8,31.5,29.925,33.297,29.75,33.99
2006-05,MUN,MG|VICOSA,glp,4,35.0,34.3,35.0,34.0,35.0
2006-05,MUN,MS|BATAYPORA,glp,1,40.0,40.0,40.0,40.0,40.0
2006-05,MUN,MS|CAMPO GRANDE,glp,147,35.0,33.0,36.0,31.0,38.0
2006-05,MUN,MS|CORUMBA,glp,6,39.0,39.0,39.0,39.0,39.0
2006-05,MUN,MS|COXIM,glp,5,38.0,37.4,38.0,37.0,38.0
2006-05,MUN,MS|DOURADOS,glp,26,38.0,37.0,39.0,37.0,39.0
2006-05,MUN,MS|NOVA ANDRADINA,glp,13,40.0,38.4,40.0,38.0,40.0
2006-05,MUN,MS|PARANAIBA,glp,6,35.0,35.0,35.0,35.0,35.0
2006-05,MUN,MS|PONTA PORA,glp,12,34.0,33.05,34.0,33.0,34.0
2006-05,MUN,MS|SAO GABRIEL DO OESTE,glp,1,37.0,37.0,37.0,37.0,37.0
2006-05,MUN,MS|SIDROLANDIA,glp,1,31.0,31.0,31.0,31.0,31.0
2006-05,MUN,MS|TRES LAGOAS,glp,22,37.0,35.0,37.0,34.0,37.0
2006-05,MUN,MT|ALTA FLORESTA,glp,8,42.0,41.4,42.0,40.0,42.0
2006-05,MUN,MT|CACERES,glp,10,37.0,36.0,38.0,36.0,38.0
2006-05,MUN,MT|CUIABA,glp,127,40.0,39.0,42.0,38.0,42.0
2006-05,MUN,MT|RONDONOPOLIS,glp,9,42.0,40.0,42.0,40.0,42.0
2006-05,MUN,MT|SANTO ANTONIO DO LEVERGER,glp,1,40.0,40.0,40.0,40.0,40.0
2006-05,MUN,MT|SINOP,glp,19,40.0,40.0,40.0,39.0,42.0
2006-05,MUN,MT|SORRISO,glp,7,37.5,36.0,38.4,36.0,39.0
2006-05,MUN,MT|VARZEA GRANDE,glp,35,40.0,39.0,42.0,38.0,42.0
2006-05,MUN,PA|ABAETETUBA,glp,4,31.0,31.0,31.0,31.0,31.0
2006-05,MUN,PA|ALENQUER,glp,1,34.9,34.9,34.9,34.9,34.9
2006-05,MUN,PA|ALTAMIRA,glp,4,35.0,34.3,35.0,34.0,35.0
2006-05,MUN,PA|ANANINDEUA,glp,53,30.0,29.0,30.0,29.0,30.0
2006-05,MUN,PA|BELEM,glp,118,30.0,29.0,30.0,28.0,31.0
2006-05,MUN,PA|BRAGANCA,glp,2,31.0,31.0,31.0,31.0,31.0
2006-05,MUN,PA|BREU BRANCO,glp,1,35.0,35.0,35.0,35.0,35.0
2006-05,MUN,PA|BREVES,glp,2,30.0,30.0,30.0,30.0,30.0
2006-05,MUN,PA|CAMETA,glp,2,32.0,32.0,32.0,32.0,32.0
2006-05,MUN,PA|CASTANHAL,glp,10,30.0,29.9,30.0,29.0,30.0
2006-05,MUN,PA|CONCEICAO DO ARAGUAIA,glp,2,34.0,33.2,34.8,33.0,35.0
2006-05,MUN,PA|MARABA,glp,5,34.0,33.66,35.0,33.5,35.0
2006-05,MUN,PA|MARITUBA,glp,1,29.0,29.0,29.0,29.0,29.0
2006-05,MUN,PA|PARAGOMINAS,glp,2,35.0,35.0,35.0,35.0,35.0
2006-05,MUN,PA|PARAUAPEBAS,glp,3,36.0,34.0,36.0,33.5,36.0
2006-05,MUN,PA|REDENCAO,glp,4,35.0,35.0,35.0,35.0,35.0
2006-05,MUN,PA|SANTANA DO ARAGUAIA,glp,2,33.0,32.2,33.8,32.0,34.0
2006-05,MUN,PA|SANTAREM,glp,7,34.0,32.315,34.0,31.715,34.0
2006-05,MUN,PA|TUCURUI,glp,4,35.0,35.0,35.0,35.0,35.0
2006-05,MUN,PA|XINGUARA,glp,3,37.0,37.0,37.0,37.0,37.0
2006-05,MUN,PB|BAYEUX,glp,4,35.0,35.0,35.0,35.0,35.0
2006-05,MUN,PB|CABEDELO,glp,3,35.0,33.4,35.0,33.0,35.0
2006-05,MUN,PB|CAJAZEIRAS,glp,1,30.0,30.0,30.0,30.0,30.0
2006-05,MUN,PB|CAMPINA GRANDE,glp,24,35.0,33.3,35.0,28.0,35.0
2006-05,MUN,PB|GUARABIRA,glp,1,35.0,35.0,35.0,35.0,35.0
2006-05,MUN,PB|INGA,glp,1,35.0,35.0,35.0,35.0,35.0
2006-05,MUN,PB|JOAO PESSOA,glp,23,33.0,33.0,34.8,31.0,35.0
2006-05,MUN,PB|MAMANGUAPE,glp,1,33.0,33.0,33.0,33.0,33.0
2006-05,MUN,PB|MARIZOPOLIS,glp,1,30.0,30.0,30.0,30.0,30.0
2006-05,MUN,PB|PATOS,glp,6,35.0,35.0,35.0,35.0,35.0
2006-05,MUN,PB|SANTA RITA,glp,2,34.0,33.2,34.8,33.0,35.0
2006-05,MUN,PB|SAPE,glp,3,33.0,33.0,33.0,33.0,33.0
2006-05,MUN,PB|SOUSA,glp,3,33.0,30.6,33.0,30.0,33.0
2006-05,MUN,PE|ABREU E LIMA,glp,4,31.5,30.3,32.0,30.0,32.0
2006-05,MUN,PE|AFOGADOS DA INGAZEIRA,glp,2,32.0,30.4,33.6,30.0,34.0
2006-05,MUN,PE|AGUAS BELAS,glp,1,34.0,34.0,34.0,34.0,34.0
2006-05,MUN,PE|ARARIPINA,glp,1,33.0,33.0,33.0,33.0,33.0
2006-05,MUN,PE|ARCOVERDE,glp,1,34.0,34.0,34.0,34.0,34.0
2006-05,MUN,PE|BARRA DE GUABIRABA,glp,1,35.0,35.0,35.0,35.0,35.0
2006-05,MUN,PE|BELO JARDIM,glp,6,33.0,33.0,33.0,33.0,33.0
2006-05,MUN,PE|BEZERROS,glp,1,33.0,33.0,33.0,33.0,33.0
2006-05,MUN,PE|BOM CONSELHO,glp,4,32.0,32.0,32.0,32.0,32.0
2006-05,MUN,PE|CABO DE SANTO AGOSTINHO,glp,9,32.0,31.6,32.0,30.0,32.0
2006-05,MUN,PE|CAMARAGIBE,glp,5,32.0,32.0,32.0,32.0,32.0
2006-05,MUN,PE|CARUARU,glp,5,33.0,30.0,33.0,28.0,33.0
2006-05,MUN,PE|DORMENTES,glp,1,33.0,33.0,33.0,33.0,33.0
2006-05,MUN,PE|GARANHUNS,glp,2,32.0,32.0,32.0,32.0,32.0
2006-05,MUN,PE|GOIANA,glp,5,33.0,33.0,33.0,33.0,33.0
2006-05,MUN,PE|GRAVATA,glp,3,32.0,30.4,32.0,30.0,32.0
2006-05,MUN,PE|IGARASSU,glp,13,32.0,32.0,32.0,30.0,32.0
2006-05,MUN,PE|JABOATAO DOS GUARARAPES,glp,25,32.0,32.0,32.0,30.0,32.0
2006-05,MUN,PE|JUCATI,glp,1,32.0,32.0,32.0,32.0,32.0
2006-05,MUN,PE|LAJEDO,glp,3,30.0,28.4,30.0,28.0,30.0
2006-05,MUN,PE|MORENO,glp,1,32.0,32.0,32.0,32.0,32.0
2006-05,MUN,PE|OLINDA,glp,20,32.0,32.0,32.0,32.0,32.0
2006-05,MUN,PE|PAULISTA,glp,30,32.0,32.0,32.0,32.0,32.0
2006-05,MUN,PE|PETROLINA,glp,12,33.0,33.0,33.9,33.0,35.0
2006-05,MUN,PE|RECIFE,glp,124,32.0,30.0,33.0,28.0,34.0
2006-05,MUN,PE|SALGUEIRO,glp,3,33.0,29.0,33.0,28.0,33.0
2006-05,MUN,PE|SANTA CRUZ DO CAPIBARIBE,glp,2,35.0,35.0,35.0,35.0,35.0
2006-05,MUN,PE|SAO BENTO DO UNA,glp,1,33.0,33.0,33.0,33.0,33.0
2006-05,MUN,PE|SAO LOURENCO DA MATA,glp,8,32.0,32.0,32.0,32.0,32.0
2006-05,MUN,PE|SERRA TALHADA,glp,4,33.0,33.0,33.0,33.0,33.0
2006-05,MUN,PE|SERTANIA,glp,1,33.0,33.0,33.0,33.0,33.0
2006-05,MUN,PE|VENTUROSA,glp,1,34.0,34.0,34.0,34.0,34.0
2006-05,MUN,PE|VITORIA DE SANTO ANTAO,glp,6,32.0,32.0,32.5,32.0,33.0
2006-05,MUN,PI|BARRAS,glp,1,36.0,36.0,36.0,36.0,36.0
2006-05,MUN,PI|CAMPO MAIOR,glp,2,36.0,36.0,36.0,36.0,36.0
2006-05,MUN,PI|OEIRAS,glp,3,36.5,36.5,36.5,36.5,36.5
2006-05,MUN,PI|PICOS,glp,2,36.5,36.5,36.5,36.5,36.5
2006-05,MUN,PI|PIRIPIRI,glp,2,36.0,36.0,36.0,36.0,36.0
2006-05,MUN,PI|TERESINA,glp,4,35.0,34.3,35.0,34.0,35.0
2006-05,MUN,PR|ALMIRANTE TAMANDARE,glp,9,30.0,29.0,31.2,29.0,32.0
2006-05,MUN,PR|APUCARANA,glp,23,33.0,33.0,34.0,32.0,34.0
2006-05,MUN,PR|ARAPONGAS,glp,17,34.0,33.0,34.0,33.0,35.0
2006-05,MUN,PR|ARAUCARIA,glp,12,31.0,31.0,32.0,31.0,32.0
2006-05,MUN,PR|ASSIS CHATEAUBRIAND,glp,8,33.25,33.0,34.65,33.0,35.0
2006-05,MUN,PR|CAMBE,glp,46,34.0,33.0,35.0,31.5,37.0
2006-05,MUN,PR|CAMPO LARGO,glp,17,31.0,30.0,31.0,30.0,31.0
2006-05,MUN,PR|CAMPO MOURAO,glp,8,36.05,36.0,36.2,36.0,36.2
2006-05,MUN,PR|CASCAVEL,glp,22,32.0,32.0,33.45,30.0,35.0
2006-05,MUN,PR|CASTRO,glp,33,32.0,31.0,32.0,30.0,33.0
2006-05,MUN,PR|CIANORTE,glp,9,35.0,34.2,35.0,33.0,35.0
2006-05,MUN,PR|COLOMBO,glp,34,31.0,30.0,32.0,29.0,32.0
2006-05,MUN,PR|CORNELIO PROCOPIO,glp,9,33.0,32.0,35.0,32.0,35.0
2006-05,MUN,PR|CURITIBA,glp,96,30.5,29.5,31.5,28.5,32.5
2006-05,MUN,PR|FAZENDA RIO GRANDE,glp,1,30.0,30.0,30.0,30.0,30.0
2006-05,MUN,PR|FOZ DO IGUACU,glp,42,34.5,33.0,36.0,33.0,36.0
2006-05,MUN,PR|FRANCISCO BELTRAO,glp,5,35.0,33.6,35.0,33.0,35.0
2006-05,MUN,PR|GUARAPUAVA,glp,8,32.0,31.985,32.25,31.95,32.25
2006-05,MUN,PR|LARANJEIRAS DO SUL,glp,4,35.0,35.0,35.7,35.0,36.0
2006-05,MUN,PR|LONDRINA,glp,124,33.0,32.0,34.0,30.9,37.0
2006-05,MUN,PR|MARECHAL CANDIDO RONDON,glp,19,34.0,33.0,35.0,33.0,35.0
2006-05,MUN,PR|MARINGA,glp,41,34.0,32.0,34.0,30.0,34.5
2006-05,MUN,PR|PARANAGUA,glp,24,35.0,34.0,35.0,34.0,35.0
2006-05,MUN,PR|PARANAVAI,glp,10,34.0,33.8,35.0,32.0,35.0
2006-05,MUN,PR|PATO BRANCO,glp,10,32.5,31.0,33.3,31.0,36.0
2006-05,MUN,PR|PINHAIS,glp,23,32.0,30.5,32.0,30.0,33.0
2006-05,MUN,PR|PIRAI DO SUL,glp,1,32.5,32.5,32.5,32.5,32.5
2006-05,MUN,PR|PONTA GROSSA,glp,81,31.0,31.0,32.0,30.0,33.0
2006-05,MUN,PR|SANTO ANTONIO DA PLATINA,glp,14,32.0,32.0,32.85,31.5,34.0
2006-05,MUN,PR|SAO JOSE DOS PINHAIS,glp,12,31.0,30.1,32.0,30.0,32.0
2006-05,MUN,PR|TOLEDO,glp,12,35.0,34.05,36.9,34.0,37.0
2006-05,MUN,PR|UMUARAMA,glp,14,35.0,34.0,35.0,34.0,35.0
2006-05,MUN,PR|UNIAO DA VITORIA,glp,5,32.0,29.8,32.0,29.0,32.0
2006-05,MUN,RJ|ANGRA DOS REIS,glp,4,33.45,31.5,34.0,30.9,34.0
2006-05,MUN,RJ|ARARUAMA,glp,4,29.0,29.0,29.7,29.0,30.0
2006-05,MUN,RJ|ARMACAO DOS BUZIOS,glp,2,29.75,29.15,30.35,29.0,30.5
2006-05,MUN,RJ|BARRA DO PIRAI,glp,3,34.5,31.7,34.5,31.0,34.5
2006-05,MUN,RJ|BARRA MANSA,glp,16,34.0,32.0,34.0,32.0,34.0
2006-05,MUN,RJ|BELFORD ROXO,glp,6,30.0,29.75,30.0,29.5,30.0
2006-05,MUN,RJ|CABO FRIO,glp,3,29.0,29.0,29.8,29.0,30.0
2006-05,MUN,RJ|CAMPOS DOS GOYTACAZES,glp,14,33.0,32.0,34.7,32.0,35.0
2006-05,MUN,RJ|DUQUE DE CAXIAS,glp,28,31.0,30.0,32.3,30.0,33.0
2006-05,MUN,RJ|ITABORAI,glp,3,30.0,29.992,30.8,29.99,31.0
2006-05,MUN,RJ|ITAGUAI,glp,7,30.0,29.96,30.84,29.9,30.9
2006-05,MUN,RJ|ITAPERUNA,glp,4,30.0,29.3,31.4,29.0,32.0
2006-05,MUN,RJ|MACAE,glp,4,30.5,30.0,31.0,30.0,31.0
2006-05,MUN,RJ|MAGE,glp,2,31.0,31.0,31.0,31.0,31.0
2006-05,MUN,RJ|MANGARATIBA,glp,3,30.0,29.92,30.0,29.9,30.0
2006-05,MUN,RJ|MARICA,glp,2,29.995,29.991,29.999,29.99,30.0
2006-05,MUN,RJ|NILOPOLIS,glp,5,31.0,29.39,32.0,28.99,32.0
2006-05,MUN,RJ|NITEROI,glp,2,31.0,30.2,31.8,30.0,32.0
2006-05,MUN,RJ|NOVA FRIBURGO,glp,8,32.0,31.7,32.0,31.0,32.0
2006-05,MUN,RJ|NOVA IGUACU,glp,19,30.0,30.0,32.0,30.0,35.0
2006-05,MUN,RJ|PARAIBA DO SUL,glp,2,30.0,30.0,30.0,30.0,30.0
2006-05,MUN,RJ|PARATY,glp,2,32.45,31.21,33.69,30.9,34.0
2006-05,MUN,RJ|PETROPOLIS,glp,3,32.5,32.1,32.9,32.0,33.0
2006-05,MUN,RJ|RESENDE,glp,6,34.0,33.0,35.0,32.0,35.0
2006-05,MUN,RJ|RIO DE JANEIRO,glp,78,30.0,29.99,31.65,29.0,33.0
2006-05,MUN,RJ|SANTO ANTONIO DE PADUA,glp,2,32.0,32.0,32.0,32.0,32.0
2006-05,MUN,RJ|SAO GONCALO,glp,1,29.9,29.9,29.9,29.9,29.9
2006-05,MUN,RJ|SAO JOAO DE MERITI,glp,6,30.25,29.5,32.0,29.0,32.0
2006-05,MUN,RJ|SAPUCAIA,glp,2,31.5,30.3,32.7,30.0,33.0
2006-05,MUN,RJ|SAQUAREMA,glp,3,30.0,30.0,30.8,30.0,31.0
2006-05,MUN,RJ|TERESOPOLIS,glp,4,31.5,31.0,32.0,31.0,32.0
2006-05,MUN,RJ|TRES RIOS,glp,1,30.0,30.0,30.0,30.0,30.0
2006-05,MUN,RJ|VALENCA,glp,7,31.0,30.0,31.2,30.0,31.5
2006-05,MUN,RJ|VASSOURAS,glp,2,32.25,31.65,32.85,31.5,33.0
2006-05,MUN,RJ|VOLTA REDONDA,glp,6,34.0,33.0,34.0,32.0,34.0
2006-05,MUN,RN|CAICO,glp,3,32.0,32.0,32.0,32.0,32.0
2006-05,MUN,RN|CURRAIS NOVOS,glp,4,32.0,32.0,32.0,32.0,32.0
2006-05,MUN,RN|MOSSORO,glp,3,30.0,30.0,31.6,30.0,32.0
2006-05,MUN,RN|NATAL,glp,6,30.0,30.0,31.5,30.0,32.0
2006-05,MUN,RN|PARNAMIRIM,glp,3,30.0,30.0,30.0,30.0,30.0
2006-05,MUN,RN|SAO JOSE DE MIPIBU,glp,3,32.0,32.0,32.0,32.0,32.0
2006-05,MUN,RN|TIMBAUBA DOS BATISTAS,glp,1,32.0,32.0,32.0,32.0,32.0
2006-05,MUN,RO|ARIQUEMES,glp,12,37.0,37.0,37.0,37.0,37.5
2006-05,MUN,RO|CACOAL,glp,9,37.0,37.0,37.0,37.0,37.0
2006-05,MUN,RO|GUAJARA-MIRIM,glp,3,39.0,39.0,39.0,39.0,39.0
2006-05,MUN,RO|JI-PARANA,glp,20,36.0,35.0,37.0,34.5,37.0
2006-05,MUN,RO|PIMENTA BUENO,glp,3,38.0,38.0,38.0,38.0,38.0
2006-05,MUN,RO|PORTO VELHO,glp,117,32.0,31.2,33.0,30.75,34.0
2006-05,MUN,RO|SAO MIGUEL DO GUAPORE,glp,1,41.0,41.0,41.0,41.0,41.0
2006-05,MUN,RO|VILHENA,glp,5,40.0,40.0,40.0,40.0,40.0
2006-05,MUN,RR|BOA VISTA,glp,25,35.5,34.2,36.8,34.0,38.0
2006-05,MUN,RR|CARACARAI,glp,1,42.0,42.0,42.0,42.0,42.0
2006-05,MUN,RR|MUCAJAI,glp,1,37.0,37.0,37.0,37.0,37.0
2006-05,MUN,RR|RORAINOPOLIS,glp,1,36.5,36.5,36.5,36.5,36.5
2006-05,MUN,RS|ALEGRETE,glp,4,32.0,32.0,32.7,32.0,33.0
2006-05,MUN,RS|ALVORADA,glp,13,32.0,31.04,33.0,31.0,33.5
2006-05,MUN,RS|BAGE,glp,11,33.0,32.0,33.0,32.0,34.0
2006-05,MUN,RS|BENTO GONCALVES,glp,6,34.5,34.25,34.875,34.0,35.25
2006-05,MUN,RS|BOZANO,glp,1,33.0,33.0,33.0,33.0,33.0
2006-05,MUN,RS|CACAPAVA DO SUL,glp,4,35.0,34.3,35.0,34.0,35.0
2006-05,MUN,RS|CACHOEIRA DO SUL,glp,10,32.0,32.0,33.0,32.0,33.0
2006-05,MUN,RS|CACHOEIRINHA,glp,4,33.0,32.0,34.0,32.0,34.0
2006-05,MUN,RS|CANOAS,glp,18,33.0,32.7,33.5,32.0,33.95
2006-05,MUN,RS|CAXIAS DO SUL,glp,44,35.0,34.93,35.0,34.0,35.6
2006-05,MUN,RS|CRUZ ALTA,glp,1,35.0,35.0,35.0,35.0,35.0
2006-05,MUN,RS|ERECHIM,glp,10,35.0,34.0,36.11,34.0,38.0
2006-05,MUN,RS|ESTEIO,glp,9,34.0,34.0,34.0,34.0,34.0
2006-05,MUN,RS|GRAMADO,glp,3,35.0,35.0,35.0,35.0,35.0
2006-05,MUN,RS|GRAVATAI,glp,7,33.0,31.8,34.0,30.0,34.0
2006-05,MUN,RS|GUAIBA,glp,5,32.5,32.0,33.54,32.0,33.9
2006-05,MUN,RS|IJUI,glp,12,35.0,33.1,35.45,32.0,36.0
2006-05,MUN,RS|JAGUARAO,glp,3,32.0,32.0,32.0,32.0,32.0
2006-05,MUN,RS|LAJEADO,glp,11,31.0,31.0,33.0,30.0,33.0
2006-05,MUN,RS|NOVO HAMBURGO,glp,7,32.0,32.0,32.0,32.0,32.0
2006-05,MUN,RS|OSORIO,glp,2,35.0,35.0,35.0,35.0,35.0
2006-05,MUN,RS|PALMEIRA DAS MISSOES,glp,12,36.5,35.0,38.0,34.0,39.0
2006-05,MUN,RS|PASSO FUNDO,glp,41,35.0,33.0,35.0,33.0,36.0
2006-05,MUN,RS|PELOTAS,glp,33,32.0,31.0,34.0,30.0,35.0
2006-05,MUN,RS|PORTO ALEGRE,glp,59,32.0,31.32,33.0,29.5,35.0
2006-05,MUN,RS|RIO GRANDE,glp,14,33.0,32.0,33.3,32.0,34.0
2006-05,MUN,RS|SANTA CRUZ DO SUL,glp,3,32.0,32.0,32.0,32.0,32.0
2006-05,MUN,RS|SANTA MARIA,glp,24,32.0,31.3,33.0,30.0,34.0
2006-05,MUN,RS|SANTA ROSA,glp,5,34.0,34.0,35.6,34.0,36.0
2006-05,MUN,RS|SANTA VITORIA DO PALMAR,glp,3,36.0,36.0,36.6,36.0,36.75
2006-05,MUN,RS|SANTANA DO LIVRAMENTO,glp,2,33.0,33.0,33.0,33.0,33.0
2006-05,MUN,RS|SANTO ANGELO,glp,3,35.0,35.0,35.8,35.0,36.0
2006-05,MUN,RS|SAO BORJA,glp,2,34.0,33.2,34.8,33.0,35.0
2006-05,MUN,RS|SAO GABRIEL,glp,3,37.0,37.0,37.0,37.0,37.0
2006-05,MUN,RS|SAO LEOPOLDO,glp,31,32.0,32.0,33.0,31.0,34.0
2006-05,MUN,RS|SAO LUIZ GONZAGA,glp,9,37.0,36.72,38.0,36.0,38.0
2006-05,MUN,RS|SAPIRANGA,glp,4,31.0,30.3,31.7,30.0,32.0
2006-05,MUN,RS|SAPUCAIA DO SUL,glp,13,34.0,34.0,34.9,34.0,35.0
2006-05,MUN,RS|TORRES,glp,3,35.0,34.2,35.0,34.0,35.0
2006-05,MUN,RS|TRAMANDAI,glp,4,34.0,33.0,35.0,33.0,35.0
2006-05,MUN,RS|URUGUAIANA,glp,4,33.5,33.0,34.0,33.0,34.0
2006-05,MUN,RS|VACARIA,glp,9,34.0,33.0,35.36,33.0,36.0
2006-05,MUN,RS|VIAMAO,glp,5,32.0,31.4,34.6,31.0,35.0
2006-05,MUN,SC|ARARANGUA,glp,5,36.0,35.4,37.6,35.0,38.0
2006-05,MUN,SC|BALNEARIO CAMBORIU,glp,4,36.0,35.43,36.71,35.4,36.8
2006-05,MUN,SC|BIGUACU,glp,1,35.0,35.0,35.0,35.0,35.0
2006-05,MUN,SC|BLUMENAU,glp,112,34.0,34.0,36.0,34.0,38.0
2006-05,MUN,SC|BOMBINHAS,glp,1,33.0,33.0,33.0,33.0,33.0
2006-05,MUN,SC|BRUSQUE,glp,6,34.5,33.0,37.9,33.0,37.9
2006-05,MUN,SC|CACADOR,glp,2,36.0,36.0,36.0,36.0,36.0
2006-05,MUN,SC|CHAPECO,glp,50,34.5,34.0,35.0,33.5,36.0
2006-05,MUN,SC|CONCORDIA,glp,40,35.0,33.99,36.0,33.35,37.0
2006-05,MUN,SC|CRICIUMA,glp,9,30.0,30.0,31.9,30.0,39.5
2006-05,MUN,SC|FLORIANOPOLIS,glp,164,34.0,33.0,35.0,31.0,36.0
2006-05,MUN,SC|ITAJAI,glp,92,34.5,33.0,36.0,32.0,36.0
2006-05,MUN,SC|JARAGUA DO SUL,glp,9,34.0,34.0,35.0,34.0,35.0
2006-05,MUN,SC|JOINVILLE,glp,263,35.0,34.0,36.0,33.0,37.5
2006-05,MUN,SC|LAGES,glp,4,35.0,34.23,35.0,33.9,35.0
2006-05,MUN,SC|LAGUNA,glp,3,34.0,32.4,34.8,32.0,35.0
2006-05,MUN,SC|MAFRA,glp,2,32.95,32.91,32.99,32.9,33.0
2006-05,MUN,SC|PALHOCA,glp,23,34.0,34.0,36.0,32.0,36.9
2006-05,MUN,SC|SAO JOSE,glp,29,34.0,33.98,34.0,33.0,35.0
2006-05,MUN,SC|SAO MIGUEL DO OESTE,glp,14,32.25,32.0,33.0,30.0,35.5
2006-05,MUN,SC|TIJUCAS,glp,1,36.0,36.0,36.0,36.0,36.0
2006-05,MUN,SC|TUBARAO,glp,12,34.5,33.0,35.0,33.0,35.1
2006-05,MUN,SC|VIDEIRA,glp,4,36.0,36.0,36.0,36.0,36.0
2006-05,MUN,SC|XANXERE,glp,14,33.0,32.0,35.0,32.0,36.0
2006-05,MUN,SE|ARACAJU,glp,25,33.0,32.0,33.0,30.0,34.0
2006-05,MUN,SE|ITABAIANA,glp,6,33.0,33.0,33.0,33.0,33.0
2006-05,MUN,SE|ITABAIANINHA,glp,3,32.0,32.0,32.0,32.0,32.0
2006-05,MUN,SE|LAGARTO,glp,4,32.0,32.0,32.0,32.0,32.0
2006-05,MUN,SE|NOSSA SENHORA DO SOCORRO,glp,11,33.0,33.0,34.0,33.0,34.0
2006-05,MUN,SE|SIMAO DIAS,glp,3,32.0,32.0,32.0,32.0,32.0
2006-05,MUN,SE|TOBIAS BARRETO,glp,3,33.0,33.0,33.0,33.0,33.0
2006-05,MUN,SP|ADAMANTINA,glp,7,30.0,30.0,30.0,30.0,30.0
2006-05,MUN,SP|AMERICANA,glp,17,32.0,31.2,32.0,29.99,33.0
2006-05,MUN,SP|AMERICO BRASILIENSE,glp,1,32.0,32.0,32.0,32.0,32.0
2006-05,MUN,SP|AMPARO,glp,5,30.0,29.4,31.14,29.0,31.9
2006-05,MUN,SP|APIAI,glp,2,31.5,30.3,32.7,30.0,33.0
2006-05,MUN,SP|ARACARIGUAMA,glp,1,31.0,31.0,31.0,31.0,31.0
2006-05,MUN,SP|ARACATUBA,glp,26,32.0,30.0,32.0,30.0,32.0
2006-05,MUN,SP|ARARAQUARA,glp,14,30.0,30.0,31.0,30.0,31.0
2006-05,MUN,SP|ARARAS,glp,2,28.5,28.1,28.9,28.0,29.0
2006-05,MUN,SP|AREIOPOLIS,glp,1,37.0,37.0,37.0,37.0,37.0
2006-05,MUN,SP|ASSIS,glp,7,30.0,30.0,30.8,30.0,32.0
2006-05,MUN,SP|ATIBAIA,glp,20,31.75,31.0,32.09,28.5,33.0
2006-05,MUN,SP|AVARE,glp,5,32.0,30.8,32.0,30.0,32.0
2006-05,MUN,SP|BARRETOS,glp,5,30.0,29.0,30.0,29.0,30.0
2006-05,MUN,SP|BARUERI,glp,7,30.0,29.0,31.0,29.0,31.0
2006-05,MUN,SP|BAURU,glp,21,30.0,30.0,31.5,30.0,31.5
2006-05,MUN,SP|BEBEDOURO,glp,4,32.0,30.6,32.0,30.0,32.0
2006-05,MUN,SP|BIRIGUI,glp,10,30.0,28.0,32.0,28.0,32.0
2006-05,MUN,SP|BOTUCATU,glp,13,27.5,27.5,28.9,27.5,28.9
2006-05,MUN,SP|BRAGANCA PAULISTA,glp,11,29.0,28.0,29.5,27.98,31.9
2006-05,MUN,SP|CACAPAVA,glp,6,28.5,27.995,30.0,27.99,30.0
2006-05,MUN,SP|CAMPINAS,glp,52,30.0,28.1,32.0,27.0,32.0
2006-05,MUN,SP|CAMPOS DO JORDAO,glp,8,31.0,30.0,31.78,30.0,31.99
2006-05,MUN,SP|CAPAO BONITO,glp,4,29.5,29.0,30.0,29.0,30.0
2006-05,MUN,SP|CARAGUATATUBA,glp,7,31.0,30.0,32.4,30.0,33.0
2006-05,MUN,SP|CARAPICUIBA,glp,12,29.0,28.946,29.99,28.0,30.49
2006-05,MUN,SP|CATANDUVA,glp,6,32.0,30.5,32.0,30.0,32.0
2006-05,MUN,SP|COSMOPOLIS,glp,4,32.0,32.0,32.0,32.0,32.0
2006-05,MUN,SP|COTIA,glp,10,29.95,28.8,31.09,27.0,31.9
2006-05,MUN,SP|CRUZEIRO,glp,7,29.0,28.3,30.0,28.0,30.0
2006-05,MUN,SP|CUBATAO,glp,5,30.0,29.0,30.0,29.0,30.0
2006-05,MUN,SP|DESCALVADO,glp,1,30.0,30.0,30.0,30.0,30.0
2006-05,MUN,SP|DIADEMA,glp,4,29.99,29.297,30.697,29.0,31.0
2006-05,MUN,SP|DRACENA,glp,4,30.0,29.3,33.5,29.0,35.0
2006-05,MUN,SP|EMBU DAS ARTES,glp,6,28.945,28.672,29.945,28.445,29.99
2006-05,MUN,SP|ENGENHEIRO COELHO,glp,1,28.5,28.5,28.5,28.5,28.5
2006-05,MUN,SP|ESPIRITO SANTO DO PINHAL,glp,1,30.0,30.0,30.0,30.0,30.0
2006-05,MUN,SP|FERRAZ DE VASCONCELOS,glp,11,29.0,29.0,30.0,28.5,31.0
2006-05,MUN,SP|FRANCA,glp,15,32.0,30.4,32.0,30.0,32.0
2006-05,MUN,SP|FRANCISCO MORATO,glp,6,31.5,31.0,32.25,31.0,33.0
2006-05,MUN,SP|FRANCO DA ROCHA,glp,3,30.5,30.1,31.3,30.0,31.5
2006-05,MUN,SP|GARCA,glp,6,30.0,30.0,30.0,30.0,30.0
2006-05,MUN,SP|GUARATINGUETA,glp,3,28.0,28.0,32.0,28.0,33.0
2006-05,MUN,SP|GUARUJA,glp,4,32.45,32.0,32.9,32.0,32.9
2006-05,MUN,SP|GUARULHOS,glp,57,30.0,29.0,31.0,29.0,31.5
2006-05,MUN,SP|HORTOLANDIA,glp,16,30.0,29.0,32.0,29.0,32.0
2006-05,MUN,SP|IBITINGA,glp,6,30.0,30.0,30.5,30.0,31.0
2006-05,MUN,SP|INDAIATUBA,glp,22,34.0,32.0,34.0,32.0,35.0
2006-05,MUN,SP|ITANHAEM,glp,4,31.15,30.24,32.41,30.0,32.8
2006-05,MUN,SP|ITAPECERICA DA SERRA,glp,1,32.0,32.0,32.0,32.0,32.0
2006-05,MUN,SP|ITAPETININGA,glp,17,29.0,29.0,30.0,27.0,32.0
2006-05,MUN,SP|ITAPEVA,glp,6,29.0,28.95,29.5,28.95,30.0
2006-05,MUN,SP|ITAPEVI,glp,3,28.0,26.4,28.792,26.0,28.99
2006-05,MUN,SP|ITAPIRA,glp,7,28.0,27.0,30.0,27.0,30.0
2006-05,MUN,SP|ITAPOLIS,glp,4,30.0,30.0,30.0,30.0,30.0
2006-05,MUN,SP|ITAQUAQUECETUBA,glp,7,31.0,29.2,31.0,28.0,31.0
2006-05,MUN,SP|ITATIBA,glp,6,30.5,29.995,31.0,29.99,31.0
2006-05,MUN,SP|ITU,glp,15,29.0,28.0,30.0,28.0,30.9
2006-05,MUN,SP|JABOTICABAL,glp,8,30.5,29.997,31.0,29.99,31.0
2006-05,MUN,SP|JACAREI,glp,13,30.0,29.198,30.0,29.0,31.0
2006-05,MUN,SP|JALES,glp,6,30.0,30.0,30.0,30.0,30.0
2006-05,MUN,SP|JANDIRA,glp,4,29.995,29.297,30.0,29.0,30.0
2006-05,MUN,SP|JAU,glp,7,29.0,28.0,30.0,28.0,30.0
2006-05,MUN,SP|JOSE BONIFACIO,glp,6,30.75,29.0,32.0,28.0,32.0
2006-05,MUN,SP|JUNDIAI,glp,15,30.0,29.0,32.8,29.0,34.0
2006-05,MUN,SP|LEME,glp,19,29.0,29.0,29.06,29.0,30.0
2006-05,MUN,SP|LIMEIRA,glp,24,33.0,30.0,34.0,28.9,34.5
2006-05,MUN,SP|LINS,glp,9,32.0,31.6,32.0,30.0,32.0
2006-05,MUN,SP|LORENA,glp,8,28.0,26.997,29.0,26.99,29.0
2006-05,MUN,SP|MARILIA,glp,9,28.0,28.0,28.4,28.0,30.0
2006-05,MUN,SP|MATAO,glp,9,30.0,30.0,32.0,30.0,32.0
2006-05,MUN,SP|MAUA,glp,12,32.0,30.05,33.0,28.99,33.0
2006-05,MUN,SP|MIRASSOL,glp,8,28.5,27.4,31.3,26.0,32.0
2006-05,MUN,SP|MOCOCA,glp,8,33.0,33.0,33.0,33.0,33.0
2006-05,MUN,SP|MOGI DAS CRUZES,glp,7,31.0,29.96,31.4,29.9,32.0
2006-05,MUN,SP|MOGI GUACU,glp,12,30.0,30.0,30.0,30.0,30.0
2006-05,MUN,SP|MOGI MIRIM,glp,7,30.0,30.0,32.0,30.0,32.0
2006-05,MUN,SP|MONTE ALTO,glp,4,31.5,30.3,32.0,30.0,32.0
2006-05,MUN,SP|OLIMPIA,glp,3,30.0,30.0,30.0,30.0,30.0
2006-05,MUN,SP|OSASCO,glp,35,29.99,29.0,30.794,28.0,31.0
2006-05,MUN,SP|OURINHOS,glp,14,29.0,28.3,30.987,28.0,32.0
2006-05,MUN,SP|PARAGUACU PAULISTA,glp,7,32.0,30.6,32.0,30.0,32.0
2006-05,MUN,SP|PAULINIA,glp,11,32.0,31.0,33.0,31.0,33.0
2006-05,MUN,SP|PIEDADE,glp,1,28.0,28.0,28.0,28.0,28.0
2006-05,MUN,SP|PINDAMONHANGABA,glp,5,30.0,30.0,30.0,30.0,30.0
2006-05,MUN,SP|PIRACICABA,glp,11,32.0,32.0,32.0,28.0,33.0
2006-05,MUN,SP|PIRAPORA DO BOM JESUS,glp,1,29.0,29.0,29.0,29.0,29.0
2006-05,MUN,SP|PIRASSUNUNGA,glp,16,29.0,29.0,29.9,28.9,31.0
2006-05,MUN,SP|POA,glp,3,30.0,30.0,30.0,30.0,30.0
2006-05,MUN,SP|PORTO FERREIRA,glp,8,29.0,29.0,29.0,29.0,29.0
2006-05,MUN,SP|PRAIA GRANDE,glp,7,31.0,29.74,32.14,29.5,32.5
2006-05,MUN,SP|PRESIDENTE PRUDENTE,glp,22,31.0,30.0,31.95,28.0,33.0
2006-05,MUN,SP|PRESIDENTE VENCESLAU,glp,4,29.45,28.27,30.0,28.0,30.0
2006-05,MUN,SP|RIBEIRAO PIRES,glp,5,31.95,30.936,33.94,30.9,34.9
2006-05,MUN,SP|RIBEIRAO PRETO,glp,13,30.0,30.0,32.0,28.995,32.9
2006-05,MUN,SP|RIO CLARO,glp,12,28.0,28.0,29.999,28.0,30.0
2006-05,MUN,SP|RIO DAS PEDRAS,glp,1,33.0,33.0,33.0,33.0,33.0
2006-05,MUN,SP|SALTINHO,glp,1,30.0,30.0,30.0,30.0,30.0
2006-05,MUN,SP|SALTO,glp,10,30.0,29.0,31.0,29.0,31.0
2006-05,MUN,SP|SANTA BARBARA D'OESTE,glp,20,32.0,30.0,32.0,30.0,32.0
2006-05,MUN,SP|SANTA CRUZ DO RIO PARDO,glp,7,33.0,32.0,33.0,32.0,33.0
2006-05,MUN,SP|SANTO ANDRE,glp,25,32.0,30.36,33.5,29.0,34.0
2006-05,MUN,SP|SANTOS,glp,10,31.0,29.7,33.1,27.0,34.0
2006-05,MUN,SP|SAO BERNARDO DO CAMPO,glp,22,32.0,29.991,32.5,28.5,33.0
2006-05,MUN,SP|SAO CAETANO DO SUL,glp,3,30.0,30.0,30.8,30.0,31.0
2006-05,MUN,SP|SAO CARLOS,glp,9,29.0,27.78,29.92,26.9,30.0
2006-05,MUN,SP|SAO JOAO DA BOA VISTA,glp,5,30.0,30.0,30.0,30.0,30.0
2006-05,MUN,SP|SAO JOAQUIM DA BARRA,glp,2,30.0,30.0,30.0,30.0,30.0
2006-05,MUN,SP|SAO JOSE DO RIO PRETO,glp,32,29.0,28.0,30.0,28.0,30.17
2006-05,MUN,SP|SAO JOSE DOS CAMPOS,glp,39,30.0,29.0,31.0,28.0,33.0
2006-05,MUN,SP|SAO PAULO,glp,214,29.0,27.0,30.175,25.0,32.5
2006-05,MUN,SP|SAO ROQUE,glp,4,29.5,28.3,30.0,28.0,30.0
2006-05,MUN,SP|SAO VICENTE,glp,11,29.9,26.99,31.0,26.9,32.0
2006-05,MUN,SP|SERTAOZINHO,glp,19,30.0,29.0,31.0,29.0,31.0
2006-05,MUN,SP|SOROCABA,glp,28,29.9,28.0,31.0,27.0,34.0
2006-05,MUN,SP|SUMARE,glp,28,30.25,29.0,30.996,28.0,31.0
2006-05,MUN,SP|SUZANO,glp,9,30.0,28.4,30.2,28.0,31.0
2006-05,MUN,SP|TABOAO DA SERRA,glp,3,29.99,29.918,30.798,29.9,31.0
2006-05,MUN,SP|TATUI,glp,7,29.0,28.6,29.0,28.0,29.0
2006-05,MUN,SP|TAUBATE,glp,6,29.995,29.99,30.0,29.99,30.0
2006-05,MUN,SP|TUPA,glp,2,30.0,30.0,30.0,30.0,30.0
2006-05,MUN,SP|UBATUBA,glp,12,33.0,32.0,34.0,32.0,34.0
2006-05,MUN,SP|VALINHOS,glp,10,30.5,29.0,32.0,29.0,32.0
2006-05,MUN,SP|VARGEM,glp,1,32.0,32.0,32.0,32.0,32.0
2006-05,MUN,SP|VARZEA PAULISTA,glp,7,30.0,30.0,32.0,30.0,32.0
2006-05,MUN,SP|VINHEDO,glp,5,30.0,28.4,32.0,28.0,32.0
2006-05,MUN,SP|VOTORANTIM,glp,8,27.5,27.0,29.0,27.0,29.0
2006-05,MUN,SP|VOTUPORANGA,glp,15,31.0,30.0,32.0,30.0,32.0
2006-05,MUN,TO|ALMAS,glp,1,37.0,37.0,37.0,37.0,37.0
2006-05,MUN,TO|ARAGUAINA,glp,10,37.0,36.9,37.0,36.0,37.0
2006-05,MUN,TO|COMBINADO,glp,1,37.0,37.0,37.0,37.0,37.0
2006-05,MUN,TO|DIANOPOLIS,glp,6,34.5,34.0,35.0,34.0,35.0
2006-05,MUN,TO|GURUPI,glp,58,33.0,32.0,33.0,32.0,33.0
2006-05,MUN,TO|LAGOA DA CONFUSAO,glp,1,37.0,37.0,37.0,37.0,37.0
2006-05,MUN,TO|PALMAS,glp,30,35.0,35.0,36.0,35.0,37.0
2006-05,MUN,TO|PARAISO DO TOCANTINS,glp,19,35.0,35.0,35.0,35.0,35.0
2006-05,MUN,TO|PORTO NACIONAL,glp,13,37.0,37.0,37.0,36.5,37.0
2006-05,MUN,TO|TAGUATINGA,glp,1,37.0,37.0,37.0,37.0,37.0
2006-05,UF,AC,glp,92,36.0,36.0,38.9,35.0,45.0
2006-05,UF,AL,glp,30,32.0,31.0,33.0,30.0,34.0
2006-05,UF,AM,glp,240,30.05,29.7,32.0,29.0,36.0
2006-05,UF,AP,glp,15,34.0,34.0,41.2,34.0,45.0
2006-05,UF,BA,glp,317,31.95,30.0,35.0,27.0,37.0
2006-05,UF,CE,glp,248,31.5,30.5,33.0,30.0,35.0
2006-05,UF,DF,glp,292,34.5,33.5,35.0,31.0,37.0
2006-05,UF,ES,glp,229,34.0,32.0,35.0,28.0,37.0
2006-05,UF,GO,glp,663,31.0,30.0,35.0,28.0,37.0
2006-05,UF,MA,glp,65,34.0,33.0,36.5,30.0,38.0
2006-05,UF,MG,glp,1308,33.0,30.0,35.0,28.0,38.0
2006-05,UF,MS,glp,240,35.0,33.0,39.0,31.0,40.0
2006-05,UF,MT,glp,216,40.0,38.5,42.0,36.0,42.0
2006-05,UF,PA,glp,230,30.0,29.0,34.09,28.0,37.0
2006-05,UF,PB,glp,73,34.0,33.0,35.0,28.0,35.0
2006-05,UF,PE,glp,306,32.0,31.0,33.0,28.0,35.0
2006-05,UF,PI,glp,14,36.0,35.0,36.5,34.0,36.5
2006-05,UF,PR,glp,793,32.0,30.5,35.0,28.5,37.0
2006-05,UF,RJ,glp,264,30.95,29.996,34.0,28.99,35.0
2006-05,UF,RN,glp,23,32.0,30.0,32.0,30.0,32.0
2006-05,UF,RO,glp,170,32.0,31.95,37.0,30.75,41.0
2006-05,UF,RR,glp,28,36.0,34.35,37.0,34.0,42.0
2006-05,UF,RS,glp,471,33.0,32.0,35.0,29.5,39.0
2006-05,UF,SC,glp,864,34.5,33.0,36.0,30.0,39.5
2006-05,UF,SE,glp,55,33.0,32.0,33.0,30.0,34.0
2006-05,UF,SP,glp,1484,30.0,28.0,32.0,25.0,37.0
2006-05,UF,TO,glp,140,35.0,32.0,37.0,32.0,37.0
2006-06,BR,BR,glp,8794,33.0,30.0,36.5,26.0,45.0
2006-06,MUN,AC|CRUZEIRO DO SUL,glp,1,44.0,44.0,44.0,44.0,44.0
2006-06,MUN,AC|RIO BRANCO,glp,84,36.0,35.575,37.175,34.5,39.0
2006-06,MUN,AC|SENA MADUREIRA,glp,3,39.0,39.0,39.0,39.0,39.0
2006-06,MUN,AC|SENADOR GUIOMARD,glp,1,38.0,38.0,38.0,38.0,38.0
2006-06,MUN,AC|TARAUACA,glp,2,44.5,44.1,44.9,44.0,45.0
2006-06,MUN,AC|XAPURI,glp,2,38.5,38.1,38.9,38.0,39.0
2006-06,MUN,AL|ARAPIRACA,glp,6,33.0,33.0,33.0,33.0,33.0
2006-06,MUN,AL|DELMIRO GOUVEIA,glp,2,30.0,30.0,30.0,30.0,30.0
2006-06,MUN,AL|MACEIO,glp,18,32.0,30.0,33.0,30.0,34.0
2006-06,MUN,AL|MARECHAL DEODORO,glp,1,32.0,32.0,32.0,32.0,32.0
2006-06,MUN,AL|PALMEIRA DOS INDIOS,glp,2,33.0,33.0,33.0,33.0,33.0
2006-06,MUN,AL|RIO LARGO,glp,1,31.0,31.0,31.0,31.0,31.0
2006-06,MUN,AM|HUMAITA,glp,1,34.0,34.0,34.0,34.0,34.0
2006-06,MUN,AM|ITACOATIARA,glp,1,33.0,33.0,33.0,33.0,33.0
2006-06,MUN,AM|MANACAPURU,glp,1,32.0,32.0,32.0,32.0,32.0
2006-06,MUN,AM|MANAUS,glp,253,30.6,29.8,32.0,28.8,33.0
2006-06,MUN,AM|PARINTINS,glp,1,33.0,33.0,33.0,33.0,33.0
2006-06,MUN,AM|PRESIDENTE FIGUEIREDO,glp,1,36.0,36.0,36.0,36.0,36.0
2006-06,MUN,AP|CALCOENE,glp,1,41.0,41.0,41.0,41.0,41.0
2006-06,MUN,AP|LARANJAL DO JARI,glp,1,33.0,33.0,33.0,33.0,33.0
2006-06,MUN,AP|MACAPA,glp,8,34.0,34.0,34.0,34.0,34.0
2006-06,MUN,AP|OIAPOQUE,glp,2,45.0,45.0,45.0,45.0,45.0
2006-06,MUN,AP|SANTANA,glp,3,35.0,34.2,35.0,34.0,35.0
2006-06,MUN,BA|ALAGOINHAS,glp,3,33.0,33.0,33.0,33.0,33.0
2006-06,MUN,BA|BARRA,glp,4,31.5,31.0,32.0,31.0,32.0
2006-06,MUN,BA|BARREIRAS,glp,7,30.0,30.0,30.8,30.0,32.0
2006-06,MUN,BA|BRUMADO,glp,4,30.0,30.0,31.4,30.0,32.0
2006-06,MUN,BA|CAETITE,glp,6,28.5,27.0,30.0,27.0,30.0
2006-06,MUN,BA|CAMACARI,glp,8,34.0,33.85,34.5,33.5,34.5
2006-06,MUN,BA|CAMPO FORMOSO,glp,3,30.0,30.0,30.0,30.0,30.0
2006-06,MUN,BA|CANDEIAS,glp,6,31.0,30.0,31.0,30.0,31.0
2006-06,MUN,BA|CAPIM GROSSO,glp,1,30.0,30.0,30.0,30.0,30.0
2006-06,MUN,BA|CONCEICAO DO JACUIPE,glp,1,34.0,34.0,34.0,34.0,34.0
2006-06,MUN,BA|EUNAPOLIS,glp,7,35.0,35.0,35.0,35.0,35.0
2006-06,MUN,BA|FEIRA DE SANTANA,glp,12,33.75,32.5,34.0,30.0,34.0
2006-06,MUN,BA|GUANAMBI,glp,9,33.0,32.4,33.0,30.0,33.0
2006-06,MUN,BA|ILHEUS,glp,8,35.0,34.991,35.0,34.97,35.0
2006-06,MUN,BA|IPIRA,glp,3,33.0,33.0,33.0,33.0,33.0
2006-06,MUN,BA|IRECE,glp,4,30.0,30.0,30.0,30.0,30.0
2006-06,MUN,BA|ITABUNA,glp,7,34.0,33.0,34.0,33.0,34.0
2006-06,MUN,BA|ITAMARAJU,glp,5,32.0,32.0,32.0,32.0,32.0
2006-06,MUN,BA|JACOBINA,glp,8,32.75,31.4,33.0,30.0,33.0
2006-06,MUN,BA|JAGUAQUARA,glp,6,30.0,30.0,31.0,30.0,32.0
2006-06,MUN,BA|JEQUIE,glp,4,31.5,30.0,34.4,30.0,35.0
2006-06,MUN,BA|JUAZEIRO,glp,6,33.0,33.0,33.0,33.0,33.0
2006-06,MUN,BA|LAURO DE FREITAS,glp,10,31.0,30.95,31.991,30.5,32.0
2006-06,MUN,BA|LUIS EDUARDO MAGALHAES,glp,1,36.0,36.0,36.0,36.0,36.0
2006-06,MUN,BA|PAULO AFONSO,glp,8,33.0,33.0,33.0,33.0,33.0
2006-06,MUN,BA|POCOES,glp,3,33.0,33.0,33.0,33.0,33.0
2006-06,MUN,BA|PORTO SEGURO,glp,6,35.0,35.0,35.0,35.0,35.0
2006-06,MUN,BA|RUY BARBOSA,glp,5,33.0,33.0,33.0,33.0,33.0
2006-06,MUN,BA|SALVADOR,glp,135,31.0,30.0,32.0,28.0,33.0
2006-06,MUN,BA|SANTO ANTONIO DE JESUS,glp,4,35.0,35.0,35.0,35.0,35.0
2006-06,MUN,BA|SENHOR DO BONFIM,glp,4,33.0,33.0,33.0,33.0,33.0
2006-06,MUN,BA|SERRINHA,glp,3,33.0,33.0,33.0,33.0,33.0
2006-06,MUN,BA|SIMOES FILHO,glp,7,33.0,33.0,33.0,33.0,33.0
2006-06,MUN,BA|TEIXEIRA DE FREITAS,glp,3,35.0,32.6,35.0,32.0,35.0
2006-06,MUN,BA|VALENCA,glp,4,35.0,35.0,35.0,35.0,35.0
2006-06,MUN,BA|VITORIA DA CONQUISTA,glp,2,33.08,33.08,33.08,33.08,33.08
2006-06,MUN,CE|BEBERIBE,glp,1,31.0,31.0,31.0,31.0,31.0
2006-06,MUN,CE|CANINDE,glp,2,30.5,30.1,30.9,30.0,31.0
2006-06,MUN,CE|CAUCAIA,glp,34,31.65,31.0,32.25,30.75,32.75
2006-06,MUN,CE|CRATEUS,glp,3,33.0,32.2,33.0,32.0,33.0
2006-06,MUN,CE|CRATO,glp,7,33.0,30.9,34.0,30.0,34.0
2006-06,MUN,CE|FORTALEZA,glp,176,31.825,31.0,32.825,30.0,34.0
2006-06,MUN,CE|IGUATU,glp,2,32.0,32.0,32.0,32.0,32.0
2006-06,MUN,CE|IPU,glp,3,35.0,35.0,35.0,35.0,35.0
2006-06,MUN,CE|ITAPIPOCA,glp,3,30.0,30.0,30.4,30.0,30.5
2006-06,MUN,CE|JUAZEIRO DO NORTE,glp,6,34.0,33.5,34.0,33.0,34.0
2006-06,MUN,CE|LIMOEIRO DO NORTE,glp,2,34.0,34.0,34.0,34.0,34.0
2006-06,MUN,CE|MARACANAU,glp,12,31.9,31.0,32.95,30.0,32.95
2006-06,MUN,CE|MORADA NOVA,glp,3,33.0,33.0,33.0,33.0,33.0
2006-06,MUN,CE|PEDRA BRANCA,glp,2,31.0,31.0,31.0,31.0,31.0
2006-06,MUN,CE|QUIXADA,glp,5,33.0,33.0,33.0,33.0,33.0
2006-06,MUN,CE|SAO GONCALO DO AMARANTE,glp,1,30.0,30.0,30.0,30.0,30.0
2006-06,MUN,CE|SOBRAL,glp,4,31.0,30.0,33.4,30.0,34.0
2006-06,MUN,DF|BRASILIA,glp,156,34.5,34.0,35.0,33.0,37.0
2006-06,MUN,ES|ARACRUZ,glp,7,32.0,31.8,34.2,31.5,36.0
2006-06,MUN,ES|BARRA DE SAO FRANCISCO,glp,10,32.0,30.0,35.055,30.0,35.55
2006-06,MUN,ES|CACHOEIRO DE ITAPEMIRIM,glp,20,33.0,31.9,33.0,31.9,33.0
2006-06,MUN,ES|CARIACICA,glp,21,34.0,32.0,34.5,32.0,35.0
2006-06,MUN,ES|CASTELO,glp,4,33.0,32.3,35.03,32.0,35.9
2006-06,MUN,ES|COLATINA,glp,10,32.0,31.9,35.0,31.0,35.0
2006-06,MUN,ES|GUARAPARI,glp,5,34.0,33.5,34.0,33.5,34.0
2006-06,MUN,ES|ITAPEMIRIM,glp,2,32.5,32.1,32.9,32.0,33.0
2006-06,MUN,ES|JAGUARE,glp,3,34.0,33.92,34.0,33.9,34.0
2006-06,MUN,ES|LINHARES,glp,18,35.0,32.0,35.0,30.0,35.5
2006-06,MUN,ES|MARATAIZES,glp,1,32.0,32.0,32.0,32.0,32.0
2006-06,MUN,ES|NOVA VENECIA,glp,2,36.0,35.2,36.8,35.0,37.0
2006-06,MUN,ES|PIUMA,glp,1,34.0,34.0,34.0,34.0,34.0
2006-06,MUN,ES|SAO MATEUS,glp,8,33.0,32.7,33.3,32.0,34.0
2006-06,MUN,ES|SERRA,glp,91,34.0,33.0,35.0,32.0,36.0
2006-06,MUN,ES|VILA VELHA,glp,22,34.0,33.0,35.0,33.0,35.0
2006-06,MUN,ES|VITORIA,glp,6,34.5,34.0,34.75,34.0,35.0
2006-06,MUN,GO|ABADIA DE GOIAS,glp,1,30.0,30.0,30.0,30.0,30.0
2006-06,MUN,GO|AGUAS LINDAS DE GOIAS,glp,3,31.0,31.0,34.2,31.0,35.0
2006-06,MUN,GO|ANAPOLIS,glp,37,32.0,31.0,32.0,30.0,33.0
2006-06,MUN,GO|APARECIDA DE GOIANIA,glp,70,31.0,30.0,31.5,29.0,33.5
2006-06,MUN,GO|BELA VISTA DE GOIAS,glp,1,32.0,32.0,32.0,32.0,32.0
2006-06,MUN,GO|CAIAPONIA,glp,1,32.0,32.0,32.0,32.0,32.0
2006-06,MUN,GO|CALDAS NOVAS,glp,54,34.0,32.0,34.0,32.0,34.0
2006-06,MUN,GO|CATALAO,glp,9,31.0,30.0,31.5,30.0,31.5
2006-06,MUN,GO|FORMOSA,glp,48,35.0,34.85,35.0,34.0,35.0
2006-06,MUN,GO|GOIANIA,glp,230,31.0,30.0,32.0,29.0,33.0
2006-06,MUN,GO|GOIATUBA,glp,4,34.0,34.0,34.0,34.0,34.0
2006-06,MUN,GO|ITUMBIARA,glp,16,33.0,32.75,33.5,32.5,35.0
2006-06,MUN,GO|JATAI,glp,11,35.5,35.0,36.0,35.0,36.0
2006-06,MUN,GO|LUZIANIA,glp,24,32.0,32.0,32.0,31.5,32.0
2006-06,MUN,GO|MINEIROS,glp,34,37.0,37.0,37.0,37.0,37.0
2006-06,MUN,GO|MONTIVIDIU,glp,1,33.0,33.0,33.0,33.0,33.0
2006-06,MUN,GO|MORRINHOS,glp,18,32.0,31.0,32.5,31.0,33.0
2006-06,MUN,GO|PLANALTINA,glp,22,37.0,36.05,37.0,34.25,37.25
2006-06,MUN,GO|PORANGATU,glp,5,32.0,32.0,32.6,32.0,33.0
2006-06,MUN,GO|RIO VERDE,glp,19,33.0,33.0,33.0,33.0,33.0
2006-06,MUN,GO|SANTO ANTONIO DE GOIAS,glp,1,31.0,31.0,31.0,31.0,31.0
2006-06,MUN,GO|TRINDADE,glp,29,30.5,30.0,31.0,29.5,32.0
2006-06,MUN,GO|VALPARAISO DE GOIAS,glp,4,30.5,30.0,31.0,30.0,31.0
2006-06,MUN,MA|ACAILANDIA,glp,3,35.0,35.0,35.0,35.0,35.0
2006-06,MUN,MA|BACABAL,glp,2,36.0,36.0,36.0,36.0,36.0
2006-06,MUN,MA|BALSAS,glp,1,36.0,36.0,36.0,36.0,36.0
2006-06,MUN,MA|BARRA DO CORDA,glp,2,38.0,38.0,38.0,38.0,38.0
2006-06,MUN,MA|CAROLINA,glp,2,36.0,36.0,36.0,36.0,36.0
2006-06,MUN,MA|CAXIAS,glp,4,38.0,38.0,38.0,38.0,38.0
2006-06,MUN,MA|CODO,glp,2,36.5,36.5,36.5,36.5,36.5
2006-06,MUN,MA|IMPERATRIZ,glp,11,34.0,34.0,34.0,34.0,34.0
2006-06,MUN,MA|PINHEIRO,glp,1,36.0,36.0,36.0,36.0,36.0
2006-06,MUN,MA|PRESIDENTE DUTRA,glp,1,36.0,36.0,36.0,36.0,36.0
2006-06,MUN,MA|SANTA INES,glp,2,34.5,34.5,34.5,34.5,34.5
2006-06,MUN,MA|SAO DOMINGOS DO MARANHAO,glp,1,38.0,38.0,38.0,38.0,38.0
2006-06,MUN,MA|SAO JOAO DOS PATOS,glp,1,35.0,35.0,35.0,35.0,35.0
2006-06,MUN,MA|SAO JOSE DE RIBAMAR,glp,6,33.0,31.0,33.0,30.0,33.0
2006-06,MUN,MA|SAO LUIS,glp,25,33.0,32.2,33.8,32.0,34.5
2006-06,MUN,MA|TIMON,glp,1,35.0,35.0,35.0,35.0,35.0
2006-06,MUN,MG|ALFENAS,glp,21,34.0,33.0,34.0,33.0,35.0
2006-06,MUN,MG|ARAGUARI,glp,13,34.0,33.0,35.0,33.0,36.0
2006-06,MUN,MG|ARAXA,glp,9,36.0,34.0,36.0,34.0,36.0
2006-06,MUN,MG|BARBACENA,glp,14,33.0,32.15,35.0,32.0,35.0
2006-06,MUN,MG|BELO HORIZONTE,glp,161,33.5,32.0,34.5,30.0,37.0
2006-06,MUN,MG|BETIM,glp,38,33.0,30.0,34.0,30.0,35.0
2006-06,MUN,MG|BOCAIUVA,glp,1,33.0,33.0,33.0,33.0,33.0
2006-06,MUN,MG|BOM DESPACHO,glp,3,34.0,34.0,34.0,34.0,34.0
2006-06,MUN,MG|CAMPO BELO,glp,13,32.0,31.0,32.0,31.0,32.0
2006-06,MUN,MG|CARATINGA,glp,3,32.0,30.4,32.0,30.0,32.0
2006-06,MUN,MG|CATAGUASES,glp,4,35.0,33.6,35.0,33.0,35.0
2006-06,MUN,MG|CONCEICAO DAS ALAGOAS,glp,1,34.0,34.0,34.0,34.0,34.0
2006-06,MUN,MG|CONGONHAS,glp,3,32.0,32.0,32.8,32.0,33.0
2006-06,MUN,MG|CONSELHEIRO LAFAIETE,glp,6,33.5,32.5,35.0,32.0,36.0
2006-06,MUN,MG|CONTAGEM,glp,78,33.0,31.97,35.0,30.0,35.0
2006-06,MUN,MG|CORONEL FABRICIANO,glp,8,33.0,32.85,33.3,32.5,34.0
2006-06,MUN,MG|CURVELO,glp,9,33.5,33.0,35.0,33.0,35.0
2006-06,MUN,MG|DIAMANTINA,glp,10,34.0,32.0,34.09,32.0,34.9
2006-06,MUN,MG|DIVINOPOLIS,glp,37,35.0,34.0,35.0,34.0,35.0
2006-06,MUN,MG|ESPINOSA,glp,1,34.0,34.0,34.0,34.0,34.0
2006-06,MUN,MG|FORMIGA,glp,16,32.5,31.0,34.0,30.0,34.0
2006-06,MUN,MG|FRUTAL,glp,4,32.0,30.6,32.7,30.0,33.0
2006-06,MUN,MG|GOVERNADOR VALADARES,glp,23,32.5,32.0,33.0,30.0,33.0
2006-06,MUN,MG|GUAXUPE,glp,2,33.0,33.0,33.0,33.0,33.0
2006-06,MUN,MG|IBIRITE,glp,13,34.0,31.2,35.0,31.0,35.0
2006-06,MUN,MG|IPATINGA,glp,14,33.0,32.0,34.35,31.0,35.0
2006-06,MUN,MG|ITABIRA,glp,4,33.6,33.06,34.7,33.0,35.0
2006-06,MUN,MG|ITAJUBA,glp,13,34.0,33.0,34.0,33.0,34.0
2006-06,MUN,MG|ITAUNA,glp,10,33.0,32.95,34.1,32.5,35.0
2006-06,MUN,MG|ITUIUTABA,glp,15,32.0,30.0,33.0,30.0,34.0
2006-06,MUN,MG|JANAUBA,glp,11,33.0,33.0,33.0,33.0,35.0
2006-06,MUN,MG|JANUARIA,glp,11,34.0,34.0,35.0,33.0,35.0
2006-06,MUN,MG|JOAO MONLEVADE,glp,9,31.0,29.8,32.0,29.0,32.0
2006-06,MUN,MG|JOAO PINHEIRO,glp,15,38.0,35.0,38.0,35.0,38.0
2006-06,MUN,MG|JUIZ DE FORA,glp,57,35.0,33.6,35.5,32.0,36.0
2006-06,MUN,MG|LAVRAS,glp,10,33.0,32.0,34.0,32.0,34.0
2006-06,MUN,MG|LEOPOLDINA,glp,7,35.0,34.6,35.4,34.0,36.0
2006-06,MUN,MG|MANHUACU,glp,4,31.5,30.3,32.0,30.0,32.0
2006-06,MUN,MG|MARIANA,glp,6,33.0,31.0,34.5,31.0,35.0
2006-06,MUN,MG|MATIAS BARBOSA,glp,1,35.0,35.0,35.0,35.0,35.0
2006-06,MUN,MG|MONTE CARMELO,glp,16,35.0,33.0,35.0,32.0,35.0
2006-06,MUN,MG|MONTES CLAROS,glp,47,34.0,34.0,35.0,31.22,35.5
2006-06,MUN,MG|MURIAE,glp,3,31.0,30.2,31.8,30.0,32.0
2006-06,MUN,MG|NOVA LIMA,glp,9,35.0,33.8,35.0,33.0,35.0
2006-06,MUN,MG|OLIVEIRA,glp,8,31.95,31.35,32.93,31.0,33.0
2006-06,MUN,MG|OURO PRETO,glp,5,35.0,35.0,36.2,35.0,37.0
2006-06,MUN,MG|PARA DE MINAS,glp,10,34.45,30.9,35.0,30.0,35.0
2006-06,MUN,MG|PARACATU,glp,17,37.0,37.0,37.0,37.0,37.0
2006-06,MUN,MG|PASSOS,glp,11,37.0,37.0,37.0,37.0,37.0
2006-06,MUN,MG|PATOS DE MINAS,glp,23,36.5,35.0,37.4,35.0,37.5
2006-06,MUN,MG|PATROCINIO,glp,22,34.25,32.0,35.0,32.0,35.0
2006-06,MUN,MG|POCOS DE CALDAS,glp,15,32.0,31.4,32.5,30.0,33.0
2006-06,MUN,MG|POUSO ALEGRE,glp,22,31.9,30.8,32.0,30.5,33.0
2006-06,MUN,MG|RIBEIRAO DAS NEVES,glp,32,32.75,32.0,33.45,29.5,33.5
2006-06,MUN,MG|SABARA,glp,22,34.0,32.0,35.0,32.0,35.0
2006-06,MUN,MG|SANTA LUZIA,glp,20,34.0,33.8,35.0,31.0,35.0
2006-06,MUN,MG|SANTOS DUMONT,glp,4,34.5,32.6,35.0,32.0,35.0
2006-06,MUN,MG|SAO GOTARDO,glp,1,37.0,37.0,37.0,37.0,37.0
2006-06,MUN,MG|SAO JOAO DEL REI,glp,15,36.5,35.0,37.0,35.0,37.0
2006-06,MUN,MG|SAO LOURENCO,glp,4,34.0,34.0,34.0,34.0,34.0
2006-06,MUN,MG|SAO SEBASTIAO DO PARAISO,glp,22,37.0,37.0,37.045,36.0,37.3
2006-06,MUN,MG|SETE LAGOAS,glp,28,32.25,31.85,34.15,31.0,35.0
2006-06,MUN,MG|TEOFILO OTONI,glp,27,34.0,32.0,35.0,32.0,35.0
2006-06,MUN,MG|TIMOTEO,glp,10,33.0,32.95,33.55,32.5,34.0
2006-06,MUN,MG|TRES CORACOES,glp,10,31.0,30.0,31.55,30.0,32.0
2006-06,MUN,MG|UBA,glp,10,32.0,30.95,32.65,30.5,34.0
2006-06,MUN,MG|UBERABA,glp,75,34.0,34.0,34.0,32.0,35.0
2006-06,MUN,MG|UBERLANDIA,glp,105,35.0,34.0,35.0,32.9,37.0
2006-06,MUN,MG|UNAI,glp,7,35.0,35.0,35.4,35.0,36.0
2006-06,MUN,MG|VARGINHA,glp,34,30.0,29.0,30.0,28.0,31.0
2006-06,MUN,MG|VESPASIANO,glp,8,32.0,29.925,34.3,29.75,35.0
2006-06,MUN,MG|VICOSA,glp,3,37.0,37.0,37.0,37.0,37.0
2006-06,MUN,MS|BATAYPORA,glp,1,40.0,40.0,40.0,40.0,40.0
2006-06,MUN,MS|CAMPO GRANDE,glp,143,35.0,33.0,36.5,32.0,38.0
2006-06,MUN,MS|CORUMBA,glp,6,39.0,39.0,39.0,39.0,39.0
2006-06,MUN,MS|COXIM,glp,5,38.0,37.7,38.0,37.5,38.0
2006-06,MUN,MS|DOURADOS,glp,26,38.0,37.0,39.0,37.0,39.0
2006-06,MUN,MS|NOVA ANDRADINA,glp,13,40.0,37.6,40.0,37.5,40.0
2006-06,MUN,MS|PARANAIBA,glp,6,37.0,36.75,37.0,36.5,37.0
2006-06,MUN,MS|PONTA PORA,glp,12,33.25,33.0,34.0,33.0,34.0
2006-06,MUN,MS|SAO GABRIEL DO OESTE,glp,1,37.5,37.5,37.5,37.5,37.5
2006-06,MUN,MS|SIDROLANDIA,glp,1,36.0,36.0,36.0,36.0,36.0
2006-06,MUN,MS|TRES LAGOAS,glp,17,36.5,35.0,37.0,35.0,38.0
2006-06,MUN,MT|ALTA FLORESTA,glp,8,42.0,39.7,42.3,39.0,43.0
2006-06,MUN,MT|CACERES,glp,9,37.0,36.0,38.0,36.0,38.0
2006-06,MUN,MT|CUIABA,glp,127,40.0,38.65,41.0,37.0,42.0
2006-06,MUN,MT|RONDONOPOLIS,glp,9,42.0,40.0,42.0,40.0,42.0
2006-06,MUN,MT|SANTO ANTONIO DO LEVERGER,glp,1,40.0,40.0,40.0,40.0,40.0
2006-06,MUN,MT|SINOP,glp,19,40.0,39.6,40.0,38.0,42.0
2006-06,MUN,MT|SORRISO,glp,6,38.0,37.5,39.0,37.0,39.0
2006-06,MUN,MT|VARZEA GRANDE,glp,35,40.0,38.997,40.0,37.995,41.0
2006-06,MUN,PA|ABAETETUBA,glp,4,33.0,33.0,33.0,33.0,33.0
2006-06,MUN,PA|ALENQUER,glp,1,34.9,34.9,34.9,34.9,34.9
2006-06,MUN,PA|ALTAMIRA,glp,4,35.0,35.0,35.0,35.0,35.0
2006-06,MUN,PA|ANANINDEUA,glp,53,30.0,29.5,30.5,29.5,31.0
2006-06,MUN,PA|BELEM,glp,120,30.0,29.95,31.0,28.0,32.0
2006-06,MUN,PA|BRAGANCA,glp,2,32.0,32.0,32.0,32.0,32.0
2006-06,MUN,PA|BREU BRANCO,glp,1,35.0,35.0,35.0,35.0,35.0
2006-06,MUN,PA|BREVES,glp,2,30.0,30.0,30.0,30.0,30.0
2006-06,MUN,PA|CAMETA,glp,2,32.25,32.05,32.45,32.0,32.5
2006-06,MUN,PA|CASTANHAL,glp,10,30.0,29.95,30.05,29.5,30.5
2006-06,MUN,PA|CONCEICAO DO ARAGUAIA,glp,2,35.0,33.4,36.6,33.0,37.0
2006-06,MUN,PA|MARABA,glp,3,36.0,35.12,36.0,34.9,36.0
2006-06,MUN,PA|MARITUBA,glp,1,30.5,30.5,30.5,30.5,30.5
2006-06,MUN,PA|PARAGOMINAS,glp,2,35.0,35.0,35.0,35.0,35.0
2006-06,MUN,PA|PARAUAPEBAS,glp,2,36.25,36.05,36.45,36.0,36.5
2006-06,MUN,PA|REDENCAO,glp,4,35.0,35.0,35.0,35.0,35.0
2006-06,MUN,PA|SANTANA DO ARAGUAIA,glp,2,33.0,32.2,33.8,32.0,34.0
2006-06,MUN,PA|SANTAREM,glp,7,34.0,33.0,34.0,33.0,34.0
2006-06,MUN,PA|TUCURUI,glp,4,35.0,35.0,35.0,35.0,35.0
2006-06,MUN,PA|XINGUARA,glp,3,37.0,37.0,37.0,37.0,37.0
2006-06,MUN,PB|BAYEUX,glp,4,35.0,35.0,35.0,35.0,35.0
2006-06,MUN,PB|CABEDELO,glp,3,35.0,35.0,35.0,35.0,35.0
2006-06,MUN,PB|CAJAZEIRAS,glp,1,30.0,30.0,30.0,30.0,30.0
2006-06,MUN,PB|CAMPINA GRANDE,glp,24,35.0,33.3,35.0,33.0,35.0
2006-06,MUN,PB|GUARABIRA,glp,1,35.0,35.0,35.0,35.0,35.0
2006-06,MUN,PB|INGA,glp,1,35.0,35.0,35.0,35.0,35.0
2006-06,MUN,PB|JOAO PESSOA,glp,23,33.0,33.0,34.8,31.0,35.0
2006-06,MUN,PB|MAMANGUAPE,glp,1,33.0,33.0,33.0,33.0,33.0
2006-06,MUN,PB|MARIZOPOLIS,glp,1,30.0,30.0,30.0,30.0,30.0
2006-06,MUN,PB|PATOS,glp,6,35.0,35.0,35.0,35.0,35.0
2006-06,MUN,PB|SANTA RITA,glp,2,34.0,33.2,34.8,33.0,35.0
2006-06,MUN,PB|SAPE,glp,3,33.0,33.0,33.0,33.0,33.0
2006-06,MUN,PB|SOUSA,glp,3,33.0,30.6,33.0,30.0,33.0
2006-06,MUN,PE|ABREU E LIMA,glp,4,31.5,30.3,32.0,30.0,32.0
2006-06,MUN,PE|AFOGADOS DA INGAZEIRA,glp,2,30.0,30.0,30.0,30.0,30.0
2006-06,MUN,PE|AGUAS BELAS,glp,1,31.0,31.0,31.0,31.0,31.0
2006-06,MUN,PE|ARARIPINA,glp,1,30.0,30.0,30.0,30.0,30.0
2006-06,MUN,PE|ARCOVERDE,glp,1,28.0,28.0,28.0,28.0,28.0
2006-06,MUN,PE|BARRA DE GUABIRABA,glp,1,35.0,35.0,35.0,35.0,35.0
2006-06,MUN,PE|BELO JARDIM,glp,6,33.0,33.0,33.0,33.0,33.0
2006-06,MUN,PE|BEZERROS,glp,1,33.0,33.0,33.0,33.0,33.0
2006-06,MUN,PE|BOM CONSELHO,glp,4,32.0,32.0,32.0,32.0,32.0
2006-06,MUN,PE|CABO DE SANTO AGOSTINHO,glp,9,32.0,30.0,32.0,30.0,32.0
2006-06,MUN,PE|CAMARAGIBE,glp,5,32.0,32.0,32.0,32.0,32.0
2006-06,MUN,PE|CARUARU,glp,5,33.0,33.0,33.0,33.0,33.0
2006-06,MUN,PE|DORMENTES,glp,1,33.0,33.0,33.0,33.0,33.0
2006-06,MUN,PE|GARANHUNS,glp,2,32.0,32.0,32.0,32.0,32.0
2006-06,MUN,PE|GOIANA,glp,4,33.5,31.95,34.7,31.5,35.0
2006-06,MUN,PE|GRAVATA,glp,3,31.0,30.2,31.8,30.0,32.0
2006-06,MUN,PE|IGARASSU,glp,13,32.0,30.4,32.0,30.0,32.0
2006-06,MUN,PE|JABOATAO DOS GUARARAPES,glp,24,32.0,32.0,32.0,32.0,32.0
2006-06,MUN,PE|JUCATI,glp,1,32.0,32.0,32.0,32.0,32.0
2006-06,MUN,PE|LAJEDO,glp,3,32.0,31.6,32.0,31.5,32.0
2006-06,MUN,PE|MORENO,glp,1,32.0,32.0,32.0,32.0,32.0
2006-06,MUN,PE|OLINDA,glp,20,32.0,32.0,32.01,32.0,33.0
2006-06,MUN,PE|PAULISTA,glp,30,32.0,32.0,32.0,32.0,33.0
2006-06,MUN,PE|PETROLINA,glp,12,33.0,33.0,33.9,33.0,34.0
2006-06,MUN,PE|RECIFE,glp,124,32.0,30.0,33.0,28.0,34.0
2006-06,MUN,PE|SALGUEIRO,glp,3,33.0,29.0,33.0,28.0,33.0
2006-06,MUN,PE|SANTA CRUZ DO CAPIBARIBE,glp,2,35.0,35.0,35.0,35.0,35.0
2006-06,MUN,PE|SAO BENTO DO UNA,glp,1,30.0,30.0,30.0,30.0,30.0
2006-06,MUN,PE|SAO LOURENCO DA MATA,glp,8,32.0,32.0,32.0,32.0,32.0
2006-06,MUN,PE|SERRA TALHADA,glp,4,33.0,33.0,33.0,33.0,33.0
2006-06,MUN,PE|SERTANIA,glp,1,33.0,33.0,33.0,33.0,33.0
2006-06,MUN,PE|VENTUROSA,glp,1,28.0,28.0,28.0,28.0,28.0
2006-06,MUN,PE|VITORIA DE SANTO ANTAO,glp,6,31.75,30.5,32.75,30.0,33.0
2006-06,MUN,PI|BARRAS,glp,1,36.0,36.0,36.0,36.0,36.0
2006-06,MUN,PI|CAMPO MAIOR,glp,2,36.0,36.0,36.0,36.0,36.0
2006-06,MUN,PI|OEIRAS,glp,3,36.5,36.5,36.5,36.5,36.5
2006-06,MUN,PI|PICOS,glp,2,36.5,36.5,36.5,36.5,36.5
2006-06,MUN,PI|PIRIPIRI,glp,2,36.0,36.0,36.0,36.0,36.0
2006-06,MUN,PI|TERESINA,glp,4,35.0,35.0,35.0,35.0,35.0
2006-06,MUN,PR|ALMIRANTE TAMANDARE,glp,10,30.5,29.9,32.1,29.0,33.0
2006-06,MUN,PR|APUCARANA,glp,23,33.0,33.0,34.0,32.0,35.0
2006-06,MUN,PR|ARAPONGAS,glp,17,34.0,33.0,34.0,33.0,35.0
2006-06,MUN,PR|ARAUCARIA,glp,12,31.5,31.0,31.975,31.0,32.0
2006-06,MUN,PR|ASSIS CHATEAUBRIAND,glp,8,33.5,33.0,34.86,33.0,35.0
2006-06,MUN,PR|CAMBE,glp,43,34.0,33.0,35.0,32.0,35.0
2006-06,MUN,PR|CAMPO LARGO,glp,16,31.0,31.0,31.25,31.0,31.75
2006-06,MUN,PR|CAMPO MOURAO,glp,8,36.0,36.0,36.2,36.0,36.2
2006-06,MUN,PR|CASCAVEL,glp,21,32.0,32.0,33.0,32.0,34.0
2006-06,MUN,PR|CASTRO,glp,33,32.0,31.0,32.0,30.0,33.0
2006-06,MUN,PR|CIANORTE,glp,9,34.5,33.4,35.0,33.0,35.0
2006-06,MUN,PR|COLOMBO,glp,34,31.0,30.0,32.0,30.0,33.0
2006-06,MUN,PR|CORNELIO PROCOPIO,glp,8,35.0,35.0,35.0,35.0,35.0
2006-06,MUN,PR|CURITIBA,glp,105,31.0,30.0,32.0,29.0,33.0
2006-06,MUN,PR|FAZENDA RIO GRANDE,glp,1,30.0,30.0,30.0,30.0,30.0
2006-06,MUN,PR|FOZ DO IGUACU,glp,42,34.75,33.0,36.0,31.0,36.0
2006-06,MUN,PR|FRANCISCO BELTRAO,glp,5,34.0,33.0,34.6,33.0,35.0
2006-06,MUN,PR|GUARAPUAVA,glp,8,32.0,32.0,32.5,32.0,32.5
2006-06,MUN,PR|LARANJEIRAS DO SUL,glp,4,35.0,35.0,35.35,35.0,35.5
2006-06,MUN,PR|LONDRINA,glp,107,33.0,32.0,34.7,30.0,36.5
2006-06,MUN,PR|MARECHAL CANDIDO RONDON,glp,19,34.0,33.0,35.0,33.0,35.0
2006-06,MUN,PR|MARINGA,glp,41,34.0,32.0,34.0,31.0,34.5
2006-06,MUN,PR|PARANAGUA,glp,23,36.0,35.0,36.9,35.0,37.0
2006-06,MUN,PR|PARANAVAI,glp,10,35.0,34.0,36.0,34.0,36.0
2006-06,MUN,PR|PATO BRANCO,glp,10,33.0,32.0,35.15,32.0,36.5
2006-06,MUN,PR|PINHAIS,glp,24,32.0,30.3,32.0,30.0,33.0
2006-06,MUN,PR|PIRAI DO SUL,glp,1,32.5,32.5,32.5,32.5,32.5
2006-06,MUN,PR|PONTA GROSSA,glp,81,31.5,30.5,32.0,30.0,32.75
2006-06,MUN,PR|SANTO ANTONIO DA PLATINA,glp,12,32.5,32.0,33.9,32.0,34.0
2006-06,MUN,PR|SAO JOSE DOS PINHAIS,glp,25,32.0,30.36,32.0,29.9,33.0
2006-06,MUN,PR|TOLEDO,glp,12,37.0,36.05,37.95,35.5,38.5
2006-06,MUN,PR|UMUARAMA,glp,14,35.0,35.0,35.0,35.0,35.0
2006-06,MUN,PR|UNIAO DA VITORIA,glp,5,32.0,32.0,32.3,32.0,32.5
2006-06,MUN,RJ|ANGRA DOS REIS,glp,4,33.45,32.9,34.7,32.9,35.0
2006-06,MUN,RJ|ARARUAMA,glp,4,29.5,29.0,30.0,29.0,30.0
2006-06,MUN,RJ|ARMACAO DOS BUZIOS,glp,2,30.0,29.2,30.8,29.0,31.0
2006-06,MUN,RJ|BARRA DO PIRAI,glp,3,32.9,32.18,32.9,32.0,32.9
2006-06,MUN,RJ|BARRA MANSA,glp,16,34.0,32.0,34.0,32.0,34.0
2006-06,MUN,RJ|BELFORD ROXO,glp,6,30.5,30.0,31.0,30.0,31.0
2006-06,MUN,RJ|CABO FRIO,glp,3,29.0,29.0,29.8,29.0,30.0
2006-06,MUN,RJ|CAMPOS DOS GOYTACAZES,glp,14,33.0,32.0,34.7,32.0,35.0
2006-06,MUN,RJ|DUQUE DE CAXIAS,glp,28,31.0,30.0,32.3,30.0,33.0
2006-06,MUN,RJ|ITABORAI,glp,3,31.495,31.099,31.899,31.0,32.0
2006-06,MUN,RJ|ITAGUAI,glp,5,30.7,30.0,30.86,30.0,30.9
2006-06,MUN,RJ|ITAPERUNA,glp,4,30.0,30.0,31.4,30.0,32.0
2006-06,MUN,RJ|MACAE,glp,3,30.0,30.0,30.8,30.0,31.0
2006-06,MUN,RJ|MAGE,glp,2,31.5,31.1,31.9,31.0,32.0
2006-06,MUN,RJ|MANGARATIBA,glp,3,32.0,32.0,32.72,32.0,32.9
2006-06,MUN,RJ|MARICA,glp,2,29.995,29.991,29.999,29.99,30.0
2006-06,MUN,RJ|NILOPOLIS,glp,5,32.0,29.372,32.6,28.99,33.0
2006-06,MUN,RJ|NITEROI,glp,2,32.0,32.0,32.0,32.0,32.0
2006-06,MUN,RJ|NOVA FRIBURGO,glp,8,34.0,32.0,34.0,32.0,34.0
2006-06,MUN,RJ|NOVA IGUACU,glp,19,30.0,30.0,32.0,30.0,35.0
2006-06,MUN,RJ|PARAIBA DO SUL,glp,2,30.0,30.0,30.0,30.0,30.0
2006-06,MUN,RJ|PARATY,glp,2,33.45,33.01,33.89,32.9,34.0
2006-06,MUN,RJ|PETROPOLIS,glp,3,32.0,32.0,32.8,32.0,33.0
2006-06,MUN,RJ|RESENDE,glp,6,35.0,34.75,35.0,34.5,35.0
2006-06,MUN,RJ|RIO DE JANEIRO,glp,78,30.0,30.0,32.0,29.0,33.0
2006-06,MUN,RJ|SANTO ANTONIO DE PADUA,glp,2,34.0,34.0,34.0,34.0,34.0
2006-06,MUN,RJ|SAO GONCALO,glp,1,30.99,30.99,30.99,30.99,30.99
2006-06,MUN,RJ|SAO JOAO DE MERITI,glp,6,31.0,30.0,32.0,30.0,32.0
2006-06,MUN,RJ|SAPUCAIA,glp,2,31.5,30.3,32.7,30.0,33.0
2006-06,MUN,RJ|SAQUAREMA,glp,3,30.0,30.0,32.4,30.0,33.0
2006-06,MUN,RJ|TERESOPOLIS,glp,4,33.0,32.3,33.0,32.0,33.0
2006-06,MUN,RJ|TRES RIOS,glp,1,30.0,30.0,30.0,30.0,30.0
2006-06,MUN,RJ|VALENCA,glp,7,31.0,30.8,31.18,30.5,31.45
2006-06,MUN,RJ|VASSOURAS,glp,2,33.125,33.025,33.225,33.0,33.25
2006-06,MUN,RJ|VOLTA REDONDA,glp,6,34.0,33.0,34.0,32.0,34.0
2006-06,MUN,RN|CAICO,glp,3,33.0,33.0,33.0,33.0,33.0
2006-06,MUN,RN|CURRAIS NOVOS,glp,4,32.0,32.0,32.0,32.0,32.0
2006-06,MUN,RN|MOSSORO,glp,3,30.0,30.0,31.6,30.0,32.0
2006-06,MUN,RN|NATAL,glp,6,30.5,30.0,32.0,30.0,32.0
2006-06,MUN,RN|PARNAMIRIM,glp,3,30.0,30.0,30.8,30.0,31.0
2006-06,MUN,RN|SAO JOSE DE MIPIBU,glp,3,32.0,32.0,32.0,32.0,32.0
2006-06,MUN,RN|TIMBAUBA DOS BATISTAS,glp,1,33.0,33.0,33.0,33.0,33.0
2006-06,MUN,RO|ALTA FLORESTA D'OESTE,glp,1,32.0,32.0,32.0,32.0,32.0
2006-06,MUN,RO|ARIQUEMES,glp,12,37.0,37.0,37.0,37.0,37.0
2006-06,MUN,RO|CACOAL,glp,9,37.0,37.0,37.0,37.0,37.0
2006-06,MUN,RO|GUAJARA-MIRIM,glp,3,38.5,38.1,38.9,38.0,39.0
2006-06,MUN,RO|JI-PARANA,glp,9,37.0,36.4,37.0,36.0,37.0
2006-06,MUN,RO|PIMENTA BUENO,glp,3,38.0,38.0,38.0,38.0,38.0
2006-06,MUN,RO|PORTO VELHO,glp,188,32.0,31.5,33.0,31.0,34.5
2006-06,MUN,RO|SAO MIGUEL DO GUAPORE,glp,1,37.5,37.5,37.5,37.5,37.5
2006-06,MUN,RO|VILHENA,glp,5,40.0,40.0,40.0,40.0,40.0
2006-06,MUN,RR|BOA VISTA,glp,27,36.0,34.3,37.0,34.0,38.0
2006-06,MUN,RR|CARACARAI,glp,1,35.0,35.0,35.0,35.0,35.0
2006-06,MUN,RR|MUCAJAI,glp,1,37.0,37.0,37.0,37.0,37.0
2006-06,MUN,RR|RORAINOPOLIS,glp,1,35.0,35.0,35.0,35.0,35.0
2006-06,MUN,RS|ALEGRETE,glp,4,32.75,32.15,33.35,32.0,33.5
2006-06,MUN,RS|ALVORADA,glp,12,32.0,30.5,33.9,30.0,37.0
2006-06,MUN,RS|BAGE,glp,11,33.0,32.0,33.0,32.0,34.0
2006-06,MUN,RS|BENTO GONCALVES,glp,6,34.5,34.25,35.5,34.0,36.5
2006-06,MUN,RS|CACAPAVA DO SUL,glp,4,36.0,35.3,36.0,35.0,36.0
2006-06,MUN,RS|CACHOEIRA DO SUL,glp,10,33.0,32.9,33.05,32.0,33.5
2006-06,MUN,RS|CACHOEIRINHA,glp,4,33.75,32.45,34.0,32.0,34.0
2006-06,MUN,RS|CANOAS,glp,17,33.0,31.0,33.5,30.0,34.0
2006-06,MUN,RS|CAXIAS DO SUL,glp,44,35.0,34.795,35.39,34.45,37.5
2006-06,MUN,RS|CRUZ ALTA,glp,1,35.0,35.0,35.0,35.0,35.0
2006-06,MUN,RS|ERECHIM,glp,8,35.0,35.0,38.3,35.0,39.0
2006-06,MUN,RS|ESTEIO,glp,9,34.0,34.0,34.0,34.0,34.0
2006-06,MUN,RS|GRAMADO,glp,3,34.5,33.3,34.9,33.0,35.0
2006-06,MUN,RS|GRAVATAI,glp,7,33.0,31.8,34.0,30.0,34.0
2006-06,MUN,RS|GUAIBA,glp,5,34.0,33.36,34.0,33.0,34.0
2006-06,MUN,RS|IJUI,glp,12,34.5,33.05,35.0,32.0,35.5
2006-06,MUN,RS|JAGUARAO,glp,3,32.0,32.0,32.0,32.0,32.0
2006-06,MUN,RS|LAJEADO,glp,11,31.0,30.0,33.0,30.0,33.0
2006-06,MUN,RS|NOVO HAMBURGO,glp,7,32.0,32.0,33.0,32.0,33.0
2006-06,MUN,RS|OSORIO,glp,2,36.0,36.0,36.0,36.0,36.0
2006-06,MUN,RS|PALMEIRA DAS MISSOES,glp,12,36.5,35.0,38.9,33.0,39.0
2006-06,MUN,RS|PASSO FUNDO,glp,41,35.0,34.0,36.0,34.0,36.0
2006-06,MUN,RS|PELOTAS,glp,33,32.0,31.0,34.0,30.0,35.0
2006-06,MUN,RS|PORTO ALEGRE,glp,60,33.0,32.0,33.0,29.9,34.0
2006-06,MUN,RS|RIO GRANDE,glp,14,33.0,32.0,33.3,32.0,34.0
2006-06,MUN,RS|SANTA CRUZ DO SUL,glp,3,33.0,33.0,33.0,33.0,33.0
2006-06,MUN,RS|SANTA MARIA,glp,24,32.0,32.0,33.203,30.0,34.0
2006-06,MUN,RS|SANTA ROSA,glp,5,34.0,34.0,35.9,34.0,36.5
2006-06,MUN,RS|SANTA VITORIA DO PALMAR,glp,3,36.25,36.05,36.65,36.0,36.75
2006-06,MUN,RS|SANTANA DO LIVRAMENTO,glp,2,33.25,33.05,33.45,33.0,33.5
2006-06,MUN,RS|SANTO ANGELO,glp,3,35.5,35.1,35.5,35.0,35.5
2006-06,MUN,RS|SAO BORJA,glp,2,34.0,33.2,34.8,33.0,35.0
2006-06,MUN,RS|SAO GABRIEL,glp,3,35.0,34.2,35.0,34.0,35.0
2006-06,MUN,RS|SAO LEOPOLDO,glp,20,33.0,32.45,33.52,32.0,34.0
2006-06,MUN,RS|SAO LUIZ GONZAGA,glp,9,36.0,34.8,37.0,34.0,37.0
2006-06,MUN,RS|SAPIRANGA,glp,3,32.0,32.0,33.6,32.0,34.0
2006-06,MUN,RS|SAPUCAIA DO SUL,glp,13,34.0,34.0,34.4,33.5,34.5
2006-06,MUN,RS|TORRES,glp,3,35.0,34.6,35.0,34.5,35.0
2006-06,MUN,RS|TRAMANDAI,glp,4,33.0,33.0,33.0,33.0,33.0
2006-06,MUN,RS|URUGUAIANA,glp,4,33.5,33.0,34.0,33.0,34.0
2006-06,MUN,RS|VACARIA,glp,9,34.01,33.4,35.6,31.0,36.0
2006-06,MUN,RS|VIAMAO,glp,5,34.0,32.4,34.6,32.0,35.0
2006-06,MUN,SC|ARARANGUA,glp,3,36.0,35.2,36.8,35.0,37.0
2006-06,MUN,SC|BALNEARIO CAMBORIU,glp,4,36.0,35.5,36.85,35.5,37.0
2006-06,MUN,SC|BIGUACU,glp,1,35.0,35.0,35.0,35.0,35.0
2006-06,MUN,SC|BLUMENAU,glp,75,34.0,34.0,36.0,33.0,38.0
2006-06,MUN,SC|BOMBINHAS,glp,1,33.0,33.0,33.0,33.0,33.0
2006-06,MUN,SC|BRUSQUE,glp,6,34.5,33.25,38.9,33.0,39.9
2006-06,MUN,SC|CACADOR,glp,2,35.75,35.55,35.95,35.5,36.0
2006-06,MUN,SC|CHAPECO,glp,50,35.0,34.0,35.0,34.0,36.0
2006-06,MUN,SC|CONCORDIA,glp,40,35.0,34.0,36.0,33.5,37.0
2006-06,MUN,SC|CRICIUMA,glp,9,35.0,30.0,39.0,30.0,39.0
2006-06,MUN,SC|FLORIANOPOLIS,glp,205,35.0,34.0,37.0,33.0,40.0
2006-06,MUN,SC|ITAJAI,glp,85,34.0,33.0,35.0,32.0,36.0
2006-06,MUN,SC|JARAGUA DO SUL,glp,2,37.25,36.65,37.85,36.5,38.0
2006-06,MUN,SC|JOINVILLE,glp,309,37.0,36.5,37.0,34.0,37.4
2006-06,MUN,SC|LAGES,glp,4,35.0,35.0,35.0,35.0,35.0
2006-06,MUN,SC|LAGUNA,glp,3,34.0,33.6,34.8,33.5,35.0
2006-06,MUN,SC|MAFRA,glp,2,32.95,32.91,32.99,32.9,33.0
2006-06,MUN,SC|PALHOCA,glp,23,35.5,35.0,36.0,35.0,36.0
2006-06,MUN,SC|SAO JOSE,glp,19,34.0,33.98,35.0,33.8,35.0
2006-06,MUN,SC|SAO MIGUEL DO OESTE,glp,14,33.5,32.0,34.0,32.0,35.5
2006-06,MUN,SC|TIJUCAS,glp,1,36.0,36.0,36.0,36.0,36.0
2006-06,MUN,SC|TUBARAO,glp,12,35.0,33.0,35.0,33.0,35.1
2006-06,MUN,SC|VIDEIRA,glp,4,36.0,35.65,36.0,35.5,36.0
2006-06,MUN,SC|XANXERE,glp,14,33.0,32.27,35.0,32.0,36.0
2006-06,MUN,SE|ARACAJU,glp,25,33.0,32.0,33.0,30.0,34.0
2006-06,MUN,SE|ITABAIANA,glp,6,33.0,33.0,33.0,33.0,33.0
2006-06,MUN,SE|ITABAIANINHA,glp,3,32.0,32.0,32.0,32.0,32.0
2006-06,MUN,SE|LAGARTO,glp,4,32.0,32.0,32.0,32.0,32.0
2006-06,MUN,SE|NOSSA SENHORA DO SOCORRO,glp,11,33.0,33.0,34.0,33.0,34.0
2006-06,MUN,SE|SIMAO DIAS,glp,3,32.0,32.0,32.0,32.0,32.0
2006-06,MUN,SE|TOBIAS BARRETO,glp,3,33.0,33.0,33.0,33.0,33.0
2006-06,MUN,SP|ADAMANTINA,glp,7,33.0,31.8,33.0,30.0,33.0
2006-06,MUN,SP|AMERICANA,glp,17,34.0,33.3,34.7,31.995,35.0
2006-06,MUN,SP|AMERICO BRASILIENSE,glp,1,32.0,32.0,32.0,32.0,32.0
2006-06,MUN,SP|AMPARO,glp,5,30.0,29.7,31.44,29.5,32.4
2006-06,MUN,SP|APIAI,glp,2,31.5,30.3,32.7,30.0,33.0
2006-06,MUN,SP|ARACARIGUAMA,glp,1,31.0,31.0,31.0,31.0,31.0
2006-06,MUN,SP|ARACATUBA,glp,25,31.0,30.0,32.0,29.0,32.0
2006-06,MUN,SP|ARARAQUARA,glp,12,30.0,30.0,30.95,30.0,31.0
2006-06,MUN,SP|ARARAS,glp,2,30.0,30.0,30.0,30.0,30.0
2006-06,MUN,SP|AREIOPOLIS,glp,1,37.5,37.5,37.5,37.5,37.5
2006-06,MUN,SP|ASSIS,glp,7,30.0,30.0,30.8,30.0,32.0
2006-06,MUN,SP|ATIBAIA,glp,20,32.9,31.86,33.55,31.0,34.0
2006-06,MUN,SP|AVARE,glp,4,34.0,34.0,34.0,34.0,34.0
2006-06,MUN,SP|BARRETOS,glp,5,30.0,29.2,30.0,29.0,30.0
2006-06,MUN,SP|BARUERI,glp,6,29.975,28.495,30.0,27.99,30.0
2006-06,MUN,SP|BAURU,glp,21,30.0,30.0,32.0,30.0,32.0
2006-06,MUN,SP|BEBEDOURO,glp,4,32.25,30.6,32.85,30.0,33.0
2006-06,MUN,SP|BIRIGUI,glp,8,31.5,29.85,32.0,29.5,32.0
2006-06,MUN,SP|BOTUCATU,glp,12,31.9,31.9,32.45,31.7,32.45
2006-06,MUN,SP|BRAGANCA PAULISTA,glp,11,29.0,28.0,29.5,27.98,29.5
2006-06,MUN,SP|CACAPAVA,glp,6,29.5,28.0,31.748,28.0,33.0
2006-06,MUN,SP|CAMPINAS,glp,52,30.0,28.1,32.0,27.0,32.0
2006-06,MUN,SP|CAMPOS DO JORDAO,glp,8,31.0,30.87,31.856,30.8,32.0
2006-06,MUN,SP|CAPAO BONITO,glp,4,29.75,28.45,30.7,28.0,31.0
2006-06,MUN,SP|CARAGUATATUBA,glp,7,31.5,30.8,31.9,30.5,32.5
2006-06,MUN,SP|CARAPICUIBA,glp,12,30.0,29.991,31.0,29.99,31.0
2006-06,MUN,SP|CATANDUVA,glp,6,32.0,30.5,32.0,30.0,32.0
2006-06,MUN,SP|COSMOPOLIS,glp,4,34.0,34.0,34.0,34.0,34.0
2006-06,MUN,SP|COTIA,glp,10,30.35,29.891,31.275,29.0,31.5
2006-06,MUN,SP|CRUZEIRO,glp,7,32.0,31.996,32.4,31.99,33.0
2006-06,MUN,SP|CUBATAO,glp,5,29.0,29.0,30.0,29.0,30.0
2006-06,MUN,SP|DESCALVADO,glp,1,30.0,30.0,30.0,30.0,30.0
2006-06,MUN,SP|DIADEMA,glp,4,29.99,29.857,29.99,29.8,29.99
2006-06,MUN,SP|DRACENA,glp,4,30.0,29.3,33.5,29.0,35.0
2006-06,MUN,SP|EMBU DAS ARTES,glp,6,29.968,29.422,30.225,28.9,30.45
2006-06,MUN,SP|ENGENHEIRO COELHO,glp,1,29.0,29.0,29.0,29.0,29.0
2006-06,MUN,SP|ESPIRITO SANTO DO PINHAL,glp,1,33.0,33.0,33.0,33.0,33.0
2006-06,MUN,SP|FERRAZ DE VASCONCELOS,glp,9,30.0,29.8,31.6,29.0,34.0
2006-06,MUN,SP|FRANCA,glp,14,33.0,32.0,33.0,32.0,33.0
2006-06,MUN,SP|FRANCISCO MORATO,glp,6,31.5,31.0,32.25,31.0,33.0
2006-06,MUN,SP|FRANCO DA ROCHA,glp,3,31.5,31.1,32.22,31.0,32.4
2006-06,MUN,SP|GARCA,glp,6,30.0,30.0,30.0,30.0,30.0
2006-06,MUN,SP|GUARATINGUETA,glp,3,32.0,30.4,32.8,30.0,33.0
2006-06,MUN,SP|GUARUJA,glp,4,31.5,30.3,32.0,30.0,32.0
2006-06,MUN,SP|GUARULHOS,glp,57,30.75,30.0,31.0,30.0,31.25
2006-06,MUN,SP|HORTOLANDIA,glp,16,32.0,31.0,33.495,30.5,33.99
2006-06,MUN,SP|IBITINGA,glp,6,30.25,30.0,32.0,30.0,33.0
2006-06,MUN,SP|INDAIATUBA,glp,22,34.0,32.0,34.0,32.0,35.0
2006-06,MUN,SP|ITANHAEM,glp,4,32.45,32.0,32.9,32.0,32.9
2006-06,MUN,SP|ITAPECERICA DA SERRA,glp,1,32.0,32.0,32.0,32.0,32.0
2006-06,MUN,SP|ITAPETININGA,glp,17,29.0,29.0,30.2,26.0,30.5
2006-06,MUN,SP|ITAPEVA,glp,6,29.5,29.475,30.725,29.475,30.95
2006-06,MUN,SP|ITAPEVI,glp,3,28.995,28.191,29.795,27.99,29.995
2006-06,MUN,SP|ITAPIRA,glp,7,31.0,30.0,31.2,30.0,31.5
2006-06,MUN,SP|ITAPOLIS,glp,4,30.0,30.0,30.0,30.0,30.0
2006-06,MUN,SP|ITAQUAQUECETUBA,glp,7,30.5,29.6,31.0,29.0,31.0
2006-06,MUN,SP|ITATIBA,glp,6,30.5,29.748,31.25,29.495,31.5
2006-06,MUN,SP|ITU,glp,15,30.0,28.0,31.72,28.0,31.9
2006-06,MUN,SP|JABOTICABAL,glp,7,31.0,30.0,33.0,30.0,33.0
2006-06,MUN,SP|JACAREI,glp,12,30.0,29.099,30.0,29.0,31.0
2006-06,MUN,SP|JALES,glp,4,33.0,33.0,33.0,33.0,33.0
2006-06,MUN,SP|JANDIRA,glp,4,29.972,29.598,30.0,29.45,30.0
2006-06,MUN,SP|JAU,glp,7,29.5,29.0,30.0,29.0,30.0
2006-06,MUN,SP|JOSE BONIFACIO,glp,6,30.75,28.5,32.0,27.0,32.0
2006-06,MUN,SP|JUNDIAI,glp,14,30.25,29.0,31.0,28.0,31.0
2006-06,MUN,SP|LEME,glp,19,29.0,29.0,30.0,29.0,30.5
2006-06,MUN,SP|LIMEIRA,glp,24,34.0,32.0,35.0,30.0,35.0
2006-06,MUN,SP|LINS,glp,9,32.0,31.6,32.0,30.0,32.0
2006-06,MUN,SP|LORENA,glp,6,31.998,30.0,32.0,30.0,32.0
2006-06,MUN,SP|MARILIA,glp,9,28.0,28.0,29.2,28.0,30.0
2006-06,MUN,SP|MATAO,glp,8,31.0,30.0,32.3,30.0,33.0
2006-06,MUN,SP|MAUA,glp,12,32.0,31.075,33.0,28.99,33.9
2006-06,MUN,SP|MIRASSOL,glp,8,30.0,29.05,31.15,28.0,31.5
2006-06,MUN,SP|MOCOCA,glp,8,33.0,33.0,33.0,33.0,33.0
2006-06,MUN,SP|MOGI DAS CRUZES,glp,7,33.0,31.8,33.2,30.0,33.5
2006-06,MUN,SP|MOGI GUACU,glp,12,30.0,30.0,30.0,30.0,30.0
2006-06,MUN,SP|MOGI MIRIM,glp,7,31.5,30.6,32.76,30.0,33.0
2006-06,MUN,SP|MONTE ALTO,glp,4,32.0,30.3,33.0,30.0,33.0
2006-06,MUN,SP|OLIMPIA,glp,3,30.0,30.0,30.8,30.0,31.0
2006-06,MUN,SP|OSASCO,glp,34,29.992,29.5,31.21,28.99,32.0
2006-06,MUN,SP|OURINHOS,glp,13,29.0,29.0,30.0,29.0,32.0
2006-06,MUN,SP|PARAGUACU PAULISTA,glp,7,32.0,30.6,32.0,30.0,32.0
2006-06,MUN,SP|PAULINIA,glp,11,32.0,32.0,33.0,31.0,33.0
2006-06,MUN,SP|PIEDADE,glp,1,30.0,30.0,30.0,30.0,30.0
2006-06,MUN,SP|PINDAMONHANGABA,glp,5,33.0,31.0,33.0,31.0,33.0
2006-06,MUN,SP|PIRACICABA,glp,11,32.0,32.0,32.0,28.0,35.0
2006-06,MUN,SP|PIRAPORA DO BOM JESUS,glp,1,29.0,29.0,29.0,29.0,29.0
2006-06,MUN,SP|PIRASSUNUNGA,glp,16,30.0,29.0,30.95,29.0,32.0
2006-06,MUN,SP|POA,glp,3,30.0,30.0,30.0,30.0,30.0
2006-06,MUN,SP|PORTO FERREIRA,glp,8,29.0,29.0,29.3,29.0,30.0
2006-06,MUN,SP|PRAIA GRANDE,glp,7,33.0,32.3,34.0,32.0,34.0
2006-06,MUN,SP|PRESIDENTE PRUDENTE,glp,22,31.0,29.1,32.0,27.995,33.0
2006-06,MUN,SP|PRESIDENTE VENCESLAU,glp,4,29.45,28.27,30.0,28.0,30.0
2006-06,MUN,SP|RIBEIRAO PIRES,glp,5,32.45,31.516,32.96,31.2,33.0
2006-06,MUN,SP|RIBEIRAO PRETO,glp,12,32.0,32.0,32.0,31.0,32.9
2006-06,MUN,SP|RIO CLARO,glp,12,30.0,29.05,30.0,28.0,30.0
2006-06,MUN,SP|RIO DAS PEDRAS,glp,1,33.0,33.0,33.0,33.0,33.0
2006-06,MUN,SP|SALTINHO,glp,1,30.0,30.0,30.0,30.0,30.0
2006-06,MUN,SP|SALTO,glp,10,30.75,29.9,32.0,29.0,32.0
2006-06,MUN,SP|SANTA BARBARA D'OESTE,glp,20,34.0,33.45,35.0,33.0,35.0
2006-06,MUN,SP|SANTA CRUZ DO RIO PARDO,glp,7,32.0,31.6,32.0,31.0,32.0
2006-06,MUN,SP|SANTO ANDRE,glp,24,32.995,32.0,33.5,31.99,34.5
2006-06,MUN,SP|SANTOS,glp,10,31.0,30.0,33.1,30.0,34.0
2006-06,MUN,SP|SAO BERNARDO DO CAMPO,glp,22,32.5,31.1,33.0,29.5,33.5
2006-06,MUN,SP|SAO CAETANO DO SUL,glp,3,30.99,30.198,30.998,30.0,31.0
2006-06,MUN,SP|SAO CARLOS,glp,9,29.0,27.98,30.0,27.9,30.0
2006-06,MUN,SP|SAO JOAO DA BOA VISTA,glp,5,33.0,33.0,33.0,33.0,33.0
2006-06,MUN,SP|SAO JOAQUIM DA BARRA,glp,2,30.0,30.0,30.0,30.0,30.0
2006-06,MUN,SP|SAO JOSE DO RIO PRETO,glp,32,30.0,29.5,32.0,29.0,33.0
2006-06,MUN,SP|SAO JOSE DOS CAMPOS,glp,39,30.0,30.0,32.6,29.9,34.0
2006-06,MUN,SP|SAO PAULO,glp,214,29.99,28.0,31.0,26.0,33.0
2006-06,MUN,SP|SAO ROQUE,glp,4,31.0,30.3,31.0,30.0,31.0
2006-06,MUN,SP|SAO VICENTE,glp,10,29.995,28.89,31.1,27.99,32.0
2006-06,MUN,SP|SERTAOZINHO,glp,19,30.0,29.0,31.0,29.0,31.0
2006-06,MUN,SP|SOROCABA,glp,28,30.0,28.9,31.0,28.0,34.0
2006-06,MUN,SP|SUMARE,glp,28,32.0,30.0,34.0,30.0,34.0
2006-06,MUN,SP|SUZANO,glp,8,31.0,28.7,31.95,28.0,33.0
2006-06,MUN,SP|TABOAO DA SERRA,glp,3,30.0,29.996,31.6,29.995,32.0
2006-06,MUN,SP|TATUI,glp,7,29.0,28.6,30.5,28.0,30.5
2006-06,MUN,SP|TAUBATE,glp,6,31.492,30.0,32.25,30.0,33.0
2006-06,MUN,SP|TUPA,glp,2,30.0,30.0,30.0,30.0,30.0
2006-06,MUN,SP|UBATUBA,glp,12,33.0,32.1,33.5,32.0,34.0
2006-06,MUN,SP|VALINHOS,glp,10,33.0,32.0,33.0,32.0,33.0
2006-06,MUN,SP|VARGEM,glp,1,32.0,32.0,32.0,32.0,32.0
2006-06,MUN,SP|VARZEA PAULISTA,glp,7,31.0,30.0,32.0,30.0,32.0
2006-06,MUN,SP|VINHEDO,glp,5,32.0,30.8,32.8,30.0,33.0
2006-06,MUN,SP|VOTORANTIM,glp,8,28.5,27.696,30.0,27.0,30.0
2006-06,MUN,SP|VOTUPORANGA,glp,15,31.0,30.0,32.0,30.0,32.5
2006-06,MUN,TO|ALMAS,glp,1,36.75,36.75,36.75,36.75,36.75
2006-06,MUN,TO|ARAGUAINA,glp,10,37.0,36.9,37.0,36.0,37.0
2006-06,MUN,TO|COMBINADO,glp,1,36.75,36.75,36.75,36.75,36.75
2006-06,MUN,TO|DIANOPOLIS,glp,6,35.0,35.0,35.0,35.0,35.0
2006-06,MUN,TO|GURUPI,glp,58,33.0,32.5,33.5,32.5,34.0
2006-06,MUN,TO|LAGOA DA CONFUSAO,glp,1,37.0,37.0,37.0,37.0,37.0
2006-06,MUN,TO|PALMAS,glp,30,36.5,35.5,37.0,35.0,37.0
2006-06,MUN,TO|PARAISO DO TOCANTINS,glp,19,35.0,35.0,35.1,35.0,36.0
2006-06,MUN,TO|PORTO NACIONAL,glp,13,37.0,36.3,37.0,36.0,37.0
2006-06,MUN,TO|TAGUATINGA,glp,1,36.5,36.5,36.5,36.5,36.5
2006-06,UF,AC,glp,93,36.25,35.8,38.0,34.5,45.0
2006-06,UF,AL,glp,30,32.0,30.0,33.0,30.0,34.0
2006-06,UF,AM,glp,258,30.8,29.8,32.0,28.8,36.0
2006-06,UF,AP,glp,15,34.0,34.0,43.4,33.0,45.0
2006-06,UF,BA,glp,317,32.0,30.0,34.982,27.0,36.0
2006-06,UF,CE,glp,266,32.0,31.0,33.0,30.0,35.0
2006-06,UF,DF,glp,156,34.5,34.0,35.0,33.0,37.0
2006-06,UF,ES,glp,231,34.0,32.0,35.0,30.0,37.0
2006-06,UF,GO,glp,642,31.5,30.0,35.0,29.0,37.25
2006-06,UF,MA,glp,65,34.0,33.0,37.4,30.0,38.0
2006-06,UF,MG,glp,1323,34.0,31.9,35.0,28.0,38.0
2006-06,UF,MS,glp,231,36.0,33.5,39.0,32.0,40.0
2006-06,UF,MT,glp,214,40.0,38.15,41.0,36.0,43.0
2006-06,UF,PA,glp,229,30.0,30.0,34.92,28.0,37.0
2006-06,UF,PB,glp,73,34.0,33.0,35.0,30.0,35.0
2006-06,UF,PE,glp,304,32.0,30.0,33.0,28.0,35.0
2006-06,UF,PI,glp,14,36.0,35.0,36.5,35.0,36.5
2006-06,UF,PR,glp,791,32.0,31.0,35.0,29.0,38.5
2006-06,UF,RJ,glp,261,31.0,30.0,34.0,28.99,35.0
2006-06,UF,RN,glp,23,32.0,30.0,33.0,30.0,33.0
2006-06,UF,RO,glp,231,32.0,31.6,37.0,31.0,40.0
2006-06,UF,RR,glp,30,36.0,34.45,37.0,34.0,38.0
2006-06,UF,RS,glp,455,33.3,32.0,35.48,29.9,39.0
2006-06,UF,SC,glp,888,36.0,34.0,37.0,30.0,40.0
2006-06,UF,SE,glp,55,33.0,32.0,33.0,30.0,34.0
2006-06,UF,SP,glp,1459,30.5,29.0,33.0,26.0,37.5
2006-06,UF,TO,glp,140,35.0,33.0,37.0,32.5,37.0
2006-07,BR,BR,glp,8698,33.0,30.0,36.8,27.0,46.0
2006-07,MUN,AC|CRUZEIRO DO SUL,glp,1,46.0,46.0,46.0,46.0,46.0
2006-07,MUN,AC|RIO BRANCO,glp,70,37.0,36.0,38.0,36.0,39.0
2006-07,MUN,AC|SENA MADUREIRA,glp,3,39.0,39.0,39.0,39.0,39.0
2006-07,MUN,AC|SENADOR GUIOMARD,glp,2,36.5,35.3,37.7,35.0,38.0
2006-07,MUN,AC|TARAUACA,glp,2,44.0,44.0,44.0,44.0,44.0
2006-07,MUN,AC|XAPURI,glp,2,40.5,40.1,40.9,40.0,41.0
2006-07,MUN,AL|ARAPIRACA,glp,6,33.0,33.0,33.0,33.0,33.0
2006-07,MUN,AL|DELMIRO GOUVEIA,glp,2,30.0,30.0,30.0,30.0,30.0
2006-07,MUN,AL|MACEIO,glp,18,31.5,30.0,33.0,30.0,34.0
2006-07,MUN,AL|MARECHAL DEODORO,glp,1,32.0,32.0,32.0,32.0,32.0
2006-07,MUN,AL|PALMEIRA DOS INDIOS,glp,2,33.0,33.0,33.0,33.0,33.0
2006-07,MUN,AL|RIO LARGO,glp,1,31.0,31.0,31.0,31.0,31.0
2006-07,MUN,AM|HUMAITA,glp,1,34.0,34.0,34.0,34.0,34.0
2006-07,MUN,AM|ITACOATIARA,glp,1,33.0,33.0,33.0,33.0,33.0
2006-07,MUN,AM|MANACAPURU,glp,1,32.0,32.0,32.0,32.0,32.0
2006-07,MUN,AM|MANAUS,glp,270,31.0,30.0,32.0,29.5,33.0
2006-07,MUN,AM|PARINTINS,glp,1,33.0,33.0,33.0,33.0,33.0
2006-07,MUN,AM|PRESIDENTE FIGUEIREDO,glp,1,36.0,36.0,36.0,36.0,36.0
2006-07,MUN,AP|CALCOENE,glp,1,45.0,45.0,45.0,45.0,45.0
2006-07,MUN,AP|MACAPA,glp,8,35.0,35.0,35.0,35.0,35.0
2006-07,MUN,AP|OIAPOQUE,glp,2,45.0,45.0,45.0,45.0,45.0
2006-07,MUN,AP|SANTANA,glp,3,35.0,35.0,35.0,35.0,35.0
2006-07,MUN,BA|ALAGOINHAS,glp,3,33.0,33.0,33.0,33.0,33.0
2006-07,MUN,BA|BARRA,glp,4,31.5,31.0,32.0,31.0,32.0
2006-07,MUN,BA|BARREIRAS,glp,7,36.0,36.0,36.4,36.0,37.0
2006-07,MUN,BA|BRUMADO,glp,4,30.0,30.0,31.4,30.0,32.0
2006-07,MUN,BA|CAETITE,glp,6,27.5,27.0,30.0,27.0,30.0
2006-07,MUN,BA|CAMACARI,glp,8,34.25,31.925,34.65,31.75,35.0
2006-07,MUN,BA|CAMPO FORMOSO,glp,3,35.0,35.0,35.0,35.0,35.0
2006-07,MUN,BA|CANDEIAS,glp,6,31.0,30.25,31.0,30.0,31.0
2006-07,MUN,BA|CAPIM GROSSO,glp,1,35.0,35.0,35.0,35.0,35.0
2006-07,MUN,BA|CONCEICAO DO JACUIPE,glp,1,34.0,34.0,34.0,34.0,34.0
2006-07,MUN,BA|EUNAPOLIS,glp,7,35.0,35.0,35.0,35.0,35.0
2006-07,MUN,BA|FEIRA DE SANTANA,glp,12,34.0,33.325,34.0,30.5,34.0
2006-07,MUN,BA|GUANAMBI,glp,9,33.0,32.7,33.0,31.5,33.0
2006-07,MUN,BA|ILHEUS,glp,8,35.0,34.991,35.0,34.97,35.0
2006-07,MUN,BA|IPIRA,glp,3,33.0,33.0,33.0,33.0,33.0
2006-07,MUN,BA|IRECE,glp,4,32.0,32.0,32.0,32.0,32.0
2006-07,MUN,BA|ITABUNA,glp,7,34.0,33.0,34.0,33.0,34.0
2006-07,MUN,BA|ITAMARAJU,glp,5,32.0,32.0,32.0,32.0,32.0
2006-07,MUN,BA|JACOBINA,glp,8,35.0,33.55,35.0,32.5,35.0
2006-07,MUN,BA|JAGUAQUARA,glp,6,30.0,30.0,31.0,30.0,32.0
2006-07,MUN,BA|JEQUIE,glp,4,31.5,30.0,34.4,30.0,35.0
2006-07,MUN,BA|JUAZEIRO,glp,6,33.0,33.0,33.0,33.0,33.0
2006-07,MUN,BA|LAURO DE FREITAS,glp,10,31.0,30.9,32.0,30.0,32.0
2006-07,MUN,BA|LUIS EDUARDO MAGALHAES,glp,1,37.0,37.0,37.0,37.0,37.0
2006-07,MUN,BA|PAULO AFONSO,glp,8,33.0,33.0,33.0,33.0,33.0
2006-07,MUN,BA|POCOES,glp,3,33.0,33.0,33.0,33.0,33.0
2006-07,MUN,BA|PORTO SEGURO,glp,6,35.0,35.0,35.0,35.0,35.0
2006-07,MUN,BA|RUY BARBOSA,glp,5,33.0,33.0,33.0,33.0,33.0
2006-07,MUN,BA|SALVADOR,glp,137,31.95,30.0,32.0,29.5,35.0
2006-07,MUN,BA|SANTO ANTONIO DE JESUS,glp,4,35.0,35.0,35.0,35.0,35.0
2006-07,MUN,BA|SENHOR DO BONFIM,glp,4,35.0,35.0,35.0,35.0,35.0
2006-07,MUN,BA|SERRINHA,glp,3,33.0,33.0,33.0,33.0,33.0
2006-07,MUN,BA|SIMOES FILHO,glp,7,33.0,33.0,33.0,33.0,33.0
2006-07,MUN,BA|TEIXEIRA DE FREITAS,glp,3,35.0,32.6,35.0,32.0,35.0
2006-07,MUN,BA|VALENCA,glp,4,35.0,35.0,35.0,35.0,35.0
2006-07,MUN,BA|VITORIA DA CONQUISTA,glp,2,33.04,33.008,33.072,33.0,33.08
2006-07,MUN,CE|BEBERIBE,glp,1,31.0,31.0,31.0,31.0,31.0
2006-07,MUN,CE|CANINDE,glp,2,31.0,31.0,31.0,31.0,31.0
2006-07,MUN,CE|CAUCAIA,glp,34,32.0,31.0,32.5,31.0,33.0
2006-07,MUN,CE|CRATEUS,glp,3,33.0,32.2,33.0,32.0,33.0
2006-07,MUN,CE|CRATO,glp,7,33.0,30.0,34.0,30.0,34.0
2006-07,MUN,CE|FORTALEZA,glp,178,32.0,31.0,33.0,30.0,33.0
2006-07,MUN,CE|IGUATU,glp,2,32.0,32.0,32.0,32.0,32.0
2006-07,MUN,CE|IPU,glp,3,35.0,35.0,35.0,35.0,35.0
2006-07,MUN,CE|ITAPIPOCA,glp,3,30.0,30.0,30.8,30.0,31.0
2006-07,MUN,CE|JUAZEIRO DO NORTE,glp,6,34.0,33.5,34.0,33.0,34.0
2006-07,MUN,CE|LIMOEIRO DO NORTE,glp,2,34.0,34.0,34.0,34.0,34.0
2006-07,MUN,CE|MARACANAU,glp,12,31.95,31.0,32.9,30.0,33.0
2006-07,MUN,CE|MORADA NOVA,glp,3,33.0,33.0,33.0,33.0,33.0
2006-07,MUN,CE|PEDRA BRANCA,glp,2,31.5,31.1,31.9,31.0,32.0
2006-07,MUN,CE|QUIXADA,glp,5,34.0,34.0,34.0,34.0,34.0
2006-07,MUN,CE|SAO GONCALO DO AMARANTE,glp,1,30.0,30.0,30.0,30.0,30.0
2006-07,MUN,CE|SOBRAL,glp,4,31.0,30.0,32.0,30.0,32.0
2006-07,MUN,DF|BRASILIA,glp,145,35.0,34.5,36.0,34.0,37.0
2006-07,MUN,ES|ARACRUZ,glp,7,33.0,32.0,34.7,32.0,35.0
2006-07,MUN,ES|BARRA DE SAO FRANCISCO,glp,10,33.0,30.0,35.15,30.0,36.5
2006-07,MUN,ES|CACHOEIRO DE ITAPEMIRIM,glp,20,33.0,32.0,33.0,32.0,33.0
2006-07,MUN,ES|CARIACICA,glp,21,34.0,32.0,35.0,32.0,35.5
2006-07,MUN,ES|CASTELO,glp,4,33.0,32.65,35.03,32.5,35.9
2006-07,MUN,ES|COLATINA,glp,8,34.0,31.7,35.0,31.0,35.0
2006-07,MUN,ES|GUARAPARI,glp,5,32.5,32.0,35.1,32.0,36.5
2006-07,MUN,ES|ITAPEMIRIM,glp,2,32.625,32.325,32.925,32.25,33.0
2006-07,MUN,ES|JAGUARE,glp,3,34.0,33.92,34.0,33.9,34.0
2006-07,MUN,ES|LINHARES,glp,18,35.0,31.4,35.0,30.0,35.0
2006-07,MUN,ES|MARATAIZES,glp,1,32.0,32.0,32.0,32.0,32.0
2006-07,MUN,ES|NOVA VENECIA,glp,2,36.0,35.2,36.8,35.0,37.0
2006-07,MUN,ES|PIUMA,glp,1,33.0,33.0,33.0,33.0,33.0
2006-07,MUN,ES|SAO MATEUS,glp,8,33.0,32.7,33.0,32.0,33.0
2006-07,MUN,ES|SERRA,glp,93,35.0,34.0,35.9,33.5,36.5
2006-07,MUN,ES|VILA VELHA,glp,22,34.0,33.0,35.0,33.0,36.0
2006-07,MUN,ES|VITORIA,glp,6,34.5,34.5,34.75,34.5,35.0
2006-07,MUN,GO|ABADIA DE GOIAS,glp,1,30.0,30.0,30.0,30.0,30.0
2006-07,MUN,GO|AGUAS LINDAS DE GOIAS,glp,4,33.5,31.65,35.0,31.5,35.0
2006-07,MUN,GO|ANAPOLIS,glp,37,32.0,31.3,32.0,30.0,33.0
2006-07,MUN,GO|APARECIDA DE GOIANIA,glp,70,31.0,30.0,32.0,30.0,33.0
2006-07,MUN,GO|BELA VISTA DE GOIAS,glp,1,31.5,31.5,31.5,31.5,31.5
2006-07,MUN,GO|CAIAPONIA,glp,1,32.0,32.0,32.0,32.0,32.0
2006-07,MUN,GO|CALDAS NOVAS,glp,54,34.0,33.0,34.0,32.0,34.0
2006-07,MUN,GO|CATALAO,glp,9,30.5,30.0,31.0,30.0,31.0
2006-07,MUN,GO|FORMOSA,glp,48,35.0,34.5,35.0,33.0,35.0
2006-07,MUN,GO|GOIANIA,glp,233,31.0,30.0,31.5,29.0,33.0
2006-07,MUN,GO|GOIATUBA,glp,4,34.0,34.0,34.0,34.0,34.0
2006-07,MUN,GO|ITUMBIARA,glp,16,33.0,32.975,33.0,32.5,34.0
2006-07,MUN,GO|JATAI,glp,11,35.0,35.0,35.5,34.5,35.5
2006-07,MUN,GO|LUZIANIA,glp,32,32.0,32.0,32.0,30.0,32.0
2006-07,MUN,GO|MINEIROS,glp,34,37.0,37.0,37.0,37.0,37.0
2006-07,MUN,GO|MONTIVIDIU,glp,1,33.0,33.0,33.0,33.0,33.0
2006-07,MUN,GO|MORRINHOS,glp,18,32.25,31.7,33.65,31.0,34.5
2006-07,MUN,GO|NOVO GAMA,glp,1,36.0,36.0,36.0,36.0,36.0
2006-07,MUN,GO|PLANALTINA,glp,22,37.0,35.2,37.0,34.5,37.0
2006-07,MUN,GO|PORANGATU,glp,5,32.5,32.0,33.0,32.0,33.0
2006-07,MUN,GO|RIO VERDE,glp,19,34.5,34.396,34.5,33.0,35.0
2006-07,MUN,GO|SANTO ANTONIO DE GOIAS,glp,1,31.5,31.5,31.5,31.5,31.5
2006-07,MUN,GO|TRINDADE,glp,29,31.0,30.0,31.6,29.5,32.0
2006-07,MUN,GO|VALPARAISO DE GOIAS,glp,4,30.0,30.0,30.7,30.0,31.0
2006-07,MUN,MA|ACAILANDIA,glp,3,35.0,35.0,35.0,35.0,35.0
2006-07,MUN,MA|BACABAL,glp,2,36.0,36.0,36.0,36.0,36.0
2006-07,MUN,MA|BALSAS,glp,1,36.0,36.0,36.0,36.0,36.0
2006-07,MUN,MA|BARRA DO CORDA,glp,2,38.0,38.0,38.0,38.0,38.0
2006-07,MUN,MA|CAROLINA,glp,2,36.0,36.0,36.0,36.0,36.0
2006-07,MUN,MA|CAXIAS,glp,4,38.0,38.0,38.0,38.0,38.0
2006-07,MUN,MA|CODO,glp,2,36.5,36.5,36.5,36.5,36.5
2006-07,MUN,MA|IMPERATRIZ,glp,11,34.0,34.0,34.0,34.0,34.0
2006-07,MUN,MA|PINHEIRO,glp,1,36.0,36.0,36.0,36.0,36.0
2006-07,MUN,MA|PRESIDENTE DUTRA,glp,1,36.0,36.0,36.0,36.0,36.0
2006-07,MUN,MA|SANTA INES,glp,2,34.5,34.5,34.5,34.5,34.5
2006-07,MUN,MA|SAO DOMINGOS DO MARANHAO,glp,1,38.0,38.0,38.0,38.0,38.0
2006-07,MUN,MA|SAO JOAO DOS PATOS,glp,1,35.0,35.0,35.0,35.0,35.0
2006-07,MUN,MA|SAO JOSE DE RIBAMAR,glp,6,33.0,31.0,33.0,30.0,33.0
2006-07,MUN,MA|SAO LUIS,glp,25,33.0,32.0,34.0,32.0,34.5
2006-07,MUN,MA|TIMON,glp,1,35.0,35.0,35.0,35.0,35.0
2006-07,MUN,MG|ALFENAS,glp,21,35.0,33.0,35.0,33.0,35.0
2006-07,MUN,MG|ARAGUARI,glp,13,35.0,33.0,35.5,33.0,36.0
2006-07,MUN,MG|ARAXA,glp,9,36.0,35.4,37.2,35.0,38.0
2006-07,MUN,MG|BARBACENA,glp,14,35.0,34.0,37.0,34.0,37.0
2006-07,MUN,MG|BELO HORIZONTE,glp,162,34.0,32.0,35.0,29.99,37.0
2006-07,MUN,MG|BETIM,glp,38,34.0,32.0,35.0,30.0,36.0
2006-07,MUN,MG|BOCAIUVA,glp,1,33.0,33.0,33.0,33.0,33.0
2006-07,MUN,MG|BOM DESPACHO,glp,3,34.0,34.0,34.0,34.0,34.0
2006-07,MUN,MG|CAMPO BELO,glp,13,35.0,34.0,35.0,34.0,35.0
2006-07,MUN,MG|CARATINGA,glp,3,32.0,30.4,32.0,30.0,32.0
2006-07,MUN,MG|CATAGUASES,glp,4,35.0,33.6,35.0,33.0,35.0
2006-07,MUN,MG|CONCEICAO DAS ALAGOAS,glp,1,37.0,37.0,37.0,37.0,37.0
2006-07,MUN,MG|CONGONHAS,glp,3,33.5,33.5,33.9,33.5,34.0
2006-07,MUN,MG|CONSELHEIRO LAFAIETE,glp,6,33.25,32.5,35.5,32.0,36.0
2006-07,MUN,MG|CONTAGEM,glp,78,34.0,32.0,35.0,30.0,35.5
2006-07,MUN,MG|CORONEL FABRICIANO,glp,8,33.0,33.0,33.65,33.0,34.0
2006-07,MUN,MG|CURVELO,glp,9,33.0,33.0,34.2,33.0,35.0
2006-07,MUN,MG|DIAMANTINA,glp,10,33.75,32.45,34.54,32.0,34.9
2006-07,MUN,MG|DIVINOPOLIS,glp,33,35.0,35.0,35.0,34.0,35.0
2006-07,MUN,MG|ESPINOSA,glp,1,34.0,34.0,34.0,34.0,34.0
2006-07,MUN,MG|FORMIGA,glp,16,34.0,34.0,35.0,32.0,35.0
2006-07,MUN,MG|FRUTAL,glp,4,34.0,31.2,34.7,30.0,35.0
2006-07,MUN,MG|GOVERNADOR VALADARES,glp,23,33.0,32.0,33.0,30.0,33.565
2006-07,MUN,MG|GUAXUPE,glp,2,33.0,33.0,33.0,33.0,33.0
2006-07,MUN,MG|IBIRITE,glp,13,34.5,34.0,35.0,32.0,36.0
2006-07,MUN,MG|IPATINGA,glp,14,33.25,32.465,34.7,32.0,35.0
2006-07,MUN,MG|ITABIRA,glp,4,34.1,33.06,35.0,33.0,35.0
2006-07,MUN,MG|ITAJUBA,glp,13,34.0,34.0,34.0,33.0,34.0
2006-07,MUN,MG|ITAUNA,glp,11,33.0,32.5,34.0,32.0,34.0
2006-07,MUN,MG|ITUIUTABA,glp,15,33.0,30.0,33.8,30.0,34.0
2006-07,MUN,MG|JANAUBA,glp,11,33.5,33.0,34.0,33.0,35.0
2006-07,MUN,MG|JANUARIA,glp,11,35.0,35.0,35.0,33.0,35.0
2006-07,MUN,MG|JOAO MONLEVADE,glp,9,32.0,29.8,33.0,29.0,33.0
2006-07,MUN,MG|JOAO PINHEIRO,glp,15,38.0,35.0,38.0,35.0,38.0
2006-07,MUN,MG|JUIZ DE FORA,glp,58,35.75,35.0,36.0,33.5,37.0
2006-07,MUN,MG|LAVRAS,glp,10,34.0,31.8,35.0,30.0,35.0
2006-07,MUN,MG|LEOPOLDINA,glp,7,35.0,34.2,35.4,33.0,36.0
2006-07,MUN,MG|MANHUACU,glp,4,31.5,29.6,32.0,29.0,32.0
2006-07,MUN,MG|MARIANA,glp,6,33.25,31.5,34.25,31.0,34.5
2006-07,MUN,MG|MATIAS BARBOSA,glp,1,36.0,36.0,36.0,36.0,36.0
2006-07,MUN,MG|MONTE CARMELO,glp,16,35.0,34.25,35.0,33.0,35.0
2006-07,MUN,MG|MONTES CLAROS,glp,46,34.5,34.0,35.0,30.75,35.5
2006-07,MUN,MG|MURIAE,glp,3,31.0,31.0,32.6,31.0,33.0
2006-07,MUN,MG|NOVA LIMA,glp,9,35.0,33.8,35.1,33.0,35.5
2006-07,MUN,MG|OLIVEIRA,glp,8,32.95,31.97,34.0,31.9,34.0
2006-07,MUN,MG|OURO PRETO,glp,5,35.5,35.2,38.0,35.0,38.0
2006-07,MUN,MG|PARA DE MINAS,glp,10,34.45,32.25,35.0,30.0,35.0
2006-07,MUN,MG|PARACATU,glp,17,37.0,37.0,37.0,37.0,37.0
2006-07,MUN,MG|PASSOS,glp,11,37.0,37.0,37.0,37.0,37.0
2006-07,MUN,MG|PATOS DE MINAS,glp,23,36.0,35.0,36.8,34.5,38.0
2006-07,MUN,MG|PATROCINIO,glp,22,37.0,35.05,37.0,35.0,37.0
2006-07,MUN,MG|POCOS DE CALDAS,glp,15,32.0,31.0,32.5,30.0,33.0
2006-07,MUN,MG|POUSO ALEGRE,glp,22,32.5,32.0,33.0,32.0,33.0
2006-07,MUN,MG|RIBEIRAO DAS NEVES,glp,32,33.0,32.0,33.0,30.0,35.0
2006-07,MUN,MG|SABARA,glp,22,34.0,32.0,35.0,31.0,35.0
2006-07,MUN,MG|SANTA LUZIA,glp,21,34.0,34.0,35.0,32.0,36.0
2006-07,MUN,MG|SANTOS DUMONT,glp,4,34.5,32.6,35.0,32.0,35.0
2006-07,MUN,MG|SAO GOTARDO,glp,1,35.0,35.0,35.0,35.0,35.0
2006-07,MUN,MG|SAO JOAO DEL REI,glp,15,37.0,36.0,37.0,35.0,37.0
2006-07,MUN,MG|SAO LOURENCO,glp,4,30.0,30.0,30.7,30.0,31.0
2006-07,MUN,MG|SAO SEBASTIAO DO PARAISO,glp,23,37.0,37.0,37.1,36.0,37.3
2006-07,MUN,MG|SETE LAGOAS,glp,28,33.0,32.0,34.0,31.0,35.0
2006-07,MUN,MG|TEOFILO OTONI,glp,27,34.0,32.0,35.0,32.0,35.0
2006-07,MUN,MG|TIMOTEO,glp,10,33.0,33.0,34.55,33.0,35.0
2006-07,MUN,MG|TRES CORACOES,glp,10,30.0,30.0,32.0,30.0,32.0
2006-07,MUN,MG|UBA,glp,10,32.0,31.0,33.2,31.0,35.0
2006-07,MUN,MG|UBERABA,glp,75,37.0,37.0,37.0,32.0,37.0
2006-07,MUN,MG|UBERLANDIA,glp,92,34.0,33.0,35.0,31.5,37.0
2006-07,MUN,MG|UNAI,glp,7,35.0,33.8,35.2,32.0,35.5
2006-07,MUN,MG|VARGINHA,glp,34,30.5,30.0,31.0,29.0,32.0
2006-07,MUN,MG|VESPASIANO,glp,8,32.0,29.925,34.65,29.75,35.0
2006-07,MUN,MG|VICOSA,glp,3,37.0,37.0,37.0,37.0,37.0
2006-07,MUN,MS|BATAYPORA,glp,1,35.0,35.0,35.0,35.0,35.0
2006-07,MUN,MS|CAMPO GRANDE,glp,140,35.0,33.5,36.275,31.5,38.0
2006-07,MUN,MS|CORUMBA,glp,6,39.0,39.0,39.0,39.0,39.0
2006-07,MUN,MS|COXIM,glp,4,38.0,38.0,38.0,38.0,38.0
2006-07,MUN,MS|DOURADOS,glp,26,38.0,37.0,39.0,36.0,39.0
2006-07,MUN,MS|NOVA ANDRADINA,glp,13,35.0,35.0,37.9,35.0,38.0
2006-07,MUN,MS|PARANAIBA,glp,6,37.0,36.5,37.0,36.0,37.0
2006-07,MUN,MS|PONTA PORA,glp,12,34.0,33.0,34.9,33.0,37.5
2006-07,MUN,MS|SAO GABRIEL DO OESTE,glp,1,37.0,37.0,37.0,37.0,37.0
2006-07,MUN,MS|SIDROLANDIA,glp,1,33.0,33.0,33.0,33.0,33.0
2006-07,MUN,MS|TRES LAGOAS,glp,17,36.5,35.0,37.0,34.0,38.0
2006-07,MUN,MT|ALTA FLORESTA,glp,8,42.0,39.7,42.3,39.0,43.0
2006-07,MUN,MT|CACERES,glp,9,37.0,36.0,38.0,36.0,38.0
2006-07,MUN,MT|CUIABA,glp,100,40.0,38.5,41.0,37.0,42.0
2006-07,MUN,MT|RONDONOPOLIS,glp,9,42.0,40.0,42.0,40.0,42.0
2006-07,MUN,MT|SANTO ANTONIO DO LEVERGER,glp,1,40.0,40.0,40.0,40.0,40.0
2006-07,MUN,MT|SINOP,glp,19,41.0,40.0,41.0,40.0,42.0
2006-07,MUN,MT|SORRISO,glp,6,38.25,37.0,39.5,36.0,40.0
2006-07,MUN,MT|VARZEA GRANDE,glp,34,39.0,38.65,40.0,37.0,42.0
2006-07,MUN,PA|ABAETETUBA,glp,4,33.0,33.0,33.0,33.0,33.0
2006-07,MUN,PA|ALENQUER,glp,1,35.0,35.0,35.0,35.0,35.0
2006-07,MUN,PA|ALTAMIRA,glp,4,35.0,35.0,35.0,35.0,35.0
2006-07,MUN,PA|ANANINDEUA,glp,53,31.0,30.5,31.0,30.0,31.5
2006-07,MUN,PA|BELEM,glp,128,31.0,30.0,31.0,28.0,32.0
2006-07,MUN,PA|BRAGANCA,glp,2,33.0,33.0,33.0,33.0,33.0
2006-07,MUN,PA|BREU BRANCO,glp,1,38.0,38.0,38.0,38.0,38.0
2006-07,MUN,PA|BREVES,glp,2,30.0,30.0,30.0,30.0,30.0
2006-07,MUN,PA|CAMETA,glp,2,33.0,33.0,33.0,33.0,33.0
2006-07,MUN,PA|CASTANHAL,glp,10,31.0,30.5,31.5,30.5,31.5
2006-07,MUN,PA|CONCEICAO DO ARAGUAIA,glp,2,36.0,35.2,36.8,35.0,37.0
2006-07,MUN,PA|MARABA,glp,3,36.0,35.12,36.0,34.9,36.0
2006-07,MUN,PA|MARITUBA,glp,1,31.0,31.0,31.0,31.0,31.0
2006-07,MUN,PA|PARAGOMINAS,glp,2,35.0,35.0,35.0,35.0,35.0
2006-07,MUN,PA|PARAUAPEBAS,glp,2,36.5,36.1,36.9,36.0,37.0
2006-07,MUN,PA|REDENCAO,glp,4,37.25,35.45,38.0,35.0,38.0
2006-07,MUN,PA|SANTANA DO ARAGUAIA,glp,2,33.0,32.2,33.8,32.0,34.0
2006-07,MUN,PA|SANTAREM,glp,7,34.0,32.1,34.0,30.0,34.0
2006-07,MUN,PA|TUCURUI,glp,4,38.0,38.0,38.0,38.0,38.0
2006-07,MUN,PA|XINGUARA,glp,3,37.0,37.0,37.0,37.0,37.0
2006-07,MUN,PB|BAYEUX,glp,4,35.0,35.0,35.0,35.0,35.0
2006-07,MUN,PB|CABEDELO,glp,3,35.0,35.0,35.0,35.0,35.0
2006-07,MUN,PB|CAJAZEIRAS,glp,1,30.0,30.0,30.0,30.0,30.0
2006-07,MUN,PB|CAMPINA GRANDE,glp,24,35.0,34.3,35.0,33.0,35.0
2006-07,MUN,PB|GUARABIRA,glp,1,35.0,35.0,35.0,35.0,35.0
2006-07,MUN,PB|INGA,glp,1,35.0,35.0,35.0,35.0,35.0
2006-07,MUN,PB|JOAO PESSOA,glp,23,33.0,33.0,34.9,32.0,35.0
2006-07,MUN,PB|MAMANGUAPE,glp,1,33.0,33.0,33.0,33.0,33.0
2006-07,MUN,PB|MARIZOPOLIS,glp,1,30.0,30.0,30.0,30.0,30.0
2006-07,MUN,PB|PATOS,glp,6,35.0,35.0,35.0,35.0,35.0
2006-07,MUN,PB|SANTA RITA,glp,4,34.5,33.3,35.0,33.0,35.0
2006-07,MUN,PB|SAPE,glp,3,33.0,33.0,33.0,33.0,33.0
2006-07,MUN,PB|SOUSA,glp,3,33.0,30.6,33.0,30.0,33.0
2006-07,MUN,PE|ABREU E LIMA,glp,4,31.5,30.3,32.0,30.0,32.0
2006-07,MUN,PE|AFOGADOS DA INGAZEIRA,glp,2,32.0,30.4,33.6,30.0,34.0
2006-07,MUN,PE|AGUAS BELAS,glp,1,34.0,34.0,34.0,34.0,34.0
2006-07,MUN,PE|ARARIPINA,glp,1,33.0,33.0,33.0,33.0,33.0
2006-07,MUN,PE|ARCOVERDE,glp,1,34.0,34.0,34.0,34.0,34.0
2006-07,MUN,PE|BARRA DE GUABIRABA,glp,1,35.0,35.0,35.0,35.0,35.0
2006-07,MUN,PE|BELO JARDIM,glp,6,33.0,33.0,33.0,33.0,33.0
2006-07,MUN,PE|BEZERROS,glp,1,33.0,33.0,33.0,33.0,33.0
2006-07,MUN,PE|BOM CONSELHO,glp,4,32.0,32.0,32.0,32.0,32.0
2006-07,MUN,PE|CABO DE SANTO AGOSTINHO,glp,9,30.0,29.7,32.0,28.5,32.0
2006-07,MUN,PE|CAMARAGIBE,glp,5,32.0,32.0,32.0,32.0,32.0
2006-07,MUN,PE|CARUARU,glp,5,33.0,33.0,33.0,33.0,33.0
2006-07,MUN,PE|DORMENTES,glp,1,33.0,33.0,33.0,33.0,33.0
2006-07,MUN,PE|GARANHUNS,glp,2,32.0,32.0,32.0,32.0,32.0
2006-07,MUN,PE|GOIANA,glp,4,34.5,33.3,35.0,33.0,35.0
2006-07,MUN,PE|GRAVATA,glp,3,30.0,30.0,31.6,30.0,32.0
2006-07,MUN,PE|IGARASSU,glp,13,32.0,30.0,32.0,30.0,32.5
2006-07,MUN,PE|JABOATAO DOS GUARARAPES,glp,24,32.0,32.0,32.0,32.0,32.2
2006-07,MUN,PE|JUCATI,glp,1,32.0,32.0,32.0,32.0,32.0
2006-07,MUN,PE|LAJEDO,glp,3,32.0,31.2,32.0,31.0,32.0
2006-07,MUN,PE|MORENO,glp,1,32.0,32.0,32.0,32.0,32.0
2006-07,MUN,PE|OLINDA,glp,20,32.0,32.0,32.0,32.0,32.0
2006-07,MUN,PE|PAULISTA,glp,30,32.0,32.0,32.0,32.0,34.0
2006-07,MUN,PE|PETROLINA,glp,12,33.0,33.0,33.0,33.0,33.0
2006-07,MUN,PE|RECIFE,glp,124,32.0,30.0,33.0,29.0,34.0
2006-07,MUN,PE|SALGUEIRO,glp,3,30.0,28.4,32.4,28.0,33.0
2006-07,MUN,PE|SANTA CRUZ DO CAPIBARIBE,glp,2,35.0,35.0,35.0,35.0,35.0
2006-07,MUN,PE|SAO BENTO DO UNA,glp,1,33.0,33.0,33.0,33.0,33.0
2006-07,MUN,PE|SAO LOURENCO DA MATA,glp,8,32.0,32.0,32.0,32.0,32.0
2006-07,MUN,PE|SERRA TALHADA,glp,4,33.0,33.0,33.0,33.0,33.0
2006-07,MUN,PE|SERTANIA,glp,1,33.0,33.0,33.0,33.0,33.0
2006-07,MUN,PE|VENTUROSA,glp,1,34.0,34.0,34.0,34.0,34.0
2006-07,MUN,PE|VITORIA DE SANTO ANTAO,glp,6,32.75,30.0,33.0,30.0,33.0
2006-07,MUN,PI|BARRAS,glp,1,36.0,36.0,36.0,36.0,36.0
2006-07,MUN,PI|CAMPO MAIOR,glp,2,36.0,36.0,36.0,36.0,36.0
2006-07,MUN,PI|OEIRAS,glp,3,36.5,36.5,36.5,36.5,36.5
2006-07,MUN,PI|PICOS,glp,2,36.5,36.5,36.5,36.5,36.5
2006-07,MUN,PI|PIRIPIRI,glp,2,36.0,36.0,36.0,36.0,36.0
2006-07,MUN,PI|TERESINA,glp,33,35.0,35.0,35.0,35.0,35.0
2006-07,MUN,PR|ALMIRANTE TAMANDARE,glp,10,30.25,29.9,32.1,29.0,33.0
2006-07,MUN,PR|APUCARANA,glp,23,33.0,33.0,34.0,32.0,34.0
2006-07,MUN,PR|ARAPONGAS,glp,17,34.0,33.0,34.0,33.0,35.0
2006-07,MUN,PR|ARAUCARIA,glp,12,31.0,31.0,31.45,31.0,32.0
2006-07,MUN,PR|ASSIS CHATEAUBRIAND,glp,8,33.65,33.35,35.0,33.0,35.0
2006-07,MUN,PR|CAMBE,glp,43,34.0,33.0,35.0,32.0,35.0
2006-07,MUN,PR|CAMPO LARGO,glp,16,31.0,31.0,31.0,31.0,31.0
2006-07,MUN,PR|CAMPO MOURAO,glp,8,35.0,35.0,35.355,35.0,35.6
2006-07,MUN,PR|CASCAVEL,glp,21,32.0,32.0,33.0,32.0,34.0
2006-07,MUN,PR|CASTRO,glp,33,32.0,31.0,32.0,30.0,33.0
2006-07,MUN,PR|CIANORTE,glp,9,34.0,33.0,35.0,33.0,35.0
2006-07,MUN,PR|COLOMBO,glp,34,31.0,30.0,32.0,30.0,33.0
2006-07,MUN,PR|CORNELIO PROCOPIO,glp,8,35.0,35.0,35.0,35.0,35.0
2006-07,MUN,PR|CURITIBA,glp,105,31.0,30.0,32.0,29.0,33.0
2006-07,MUN,PR|FAZENDA RIO GRANDE,glp,1,31.0,31.0,31.0,31.0,31.0
2006-07,MUN,PR|FOZ DO IGUACU,glp,40,34.75,33.0,36.0,31.0,36.0
2006-07,MUN,PR|FRANCISCO BELTRAO,glp,5,33.5,33.0,34.6,33.0,35.0
2006-07,MUN,PR|GUARAPUAVA,glp,8,32.0,32.0,32.5,32.0,32.5
2006-07,MUN,PR|LARANJEIRAS DO SUL,glp,4,35.25,35.0,35.85,35.0,36.0
2006-07,MUN,PR|LONDRINA,glp,108,33.0,32.0,35.0,30.0,36.0
2006-07,MUN,PR|MARECHAL CANDIDO RONDON,glp,19,34.0,33.0,37.0,33.0,37.0
2006-07,MUN,PR|MARINGA,glp,41,34.0,32.0,34.0,31.0,34.5
2006-07,MUN,PR|PARANAGUA,glp,23,36.0,35.0,37.0,33.0,37.5
2006-07,MUN,PR|PARANAVAI,glp,10,35.0,34.0,35.55,34.0,36.0
2006-07,MUN,PR|PATO BRANCO,glp,10,33.5,32.9,35.2,32.0,37.0
2006-07,MUN,PR|PINHAIS,glp,24,32.0,30.3,32.0,30.0,33.0
2006-07,MUN,PR|PIRAI DO SUL,glp,1,32.5,32.5,32.5,32.5,32.5
2006-07,MUN,PR|PONTA GROSSA,glp,81,31.5,31.0,32.0,30.0,33.0
2006-07,MUN,PR|SANTO ANTONIO DA PLATINA,glp,13,33.0,32.0,33.8,32.0,34.0
2006-07,MUN,PR|SAO JOSE DOS PINHAIS,glp,24,32.0,30.27,32.0,29.9,33.0
2006-07,MUN,PR|TOLEDO,glp,12,37.0,36.1,38.0,36.0,39.0
2006-07,MUN,PR|UMUARAMA,glp,14,35.0,35.0,35.0,35.0,35.0
2006-07,MUN,PR|UNIAO DA VITORIA,glp,5,32.0,32.0,32.6,32.0,33.0
2006-07,MUN,RJ|ANGRA DOS REIS,glp,4,33.95,32.9,35.35,32.9,35.5
2006-07,MUN,RJ|ARARUAMA,glp,4,29.5,29.0,30.0,29.0,30.0
2006-07,MUN,RJ|ARMACAO DOS BUZIOS,glp,2,30.0,29.2,30.8,29.0,31.0
2006-07,MUN,RJ|BARRA DO PIRAI,glp,3,34.0,33.2,34.6,33.0,34.75
2006-07,MUN,RJ|BARRA MANSA,glp,16,34.0,32.0,34.0,32.0,34.0
2006-07,MUN,RJ|BELFORD ROXO,glp,5,31.99,30.6,32.0,30.0,32.0
2006-07,MUN,RJ|CABO FRIO,glp,3,29.0,29.0,29.8,29.0,30.0
2006-07,MUN,RJ|CAMPOS DOS GOYTACAZES,glp,14,32.75,32.0,34.7,32.0,35.0
2006-07,MUN,RJ|DUQUE DE CAXIAS,glp,28,31.0,30.0,32.0,30.0,32.5
2006-07,MUN,RJ|ITABORAI,glp,3,30.995,30.599,31.799,30.5,32.0
2006-07,MUN,RJ|ITAGUAI,glp,5,30.5,30.0,30.86,30.0,30.9
2006-07,MUN,RJ|ITAPERUNA,glp,4,30.0,30.0,31.4,30.0,32.0
2006-07,MUN,RJ|MACAE,glp,3,30.0,30.0,30.8,30.0,31.0
2006-07,MUN,RJ|MAGE,glp,2,31.5,31.1,31.9,31.0,32.0
2006-07,MUN,RJ|MANGARATIBA,glp,3,32.0,31.92,32.0,31.9,32.0
2006-07,MUN,RJ|MARICA,glp,2,29.995,29.991,29.999,29.99,30.0
2006-07,MUN,RJ|NILOPOLIS,glp,5,32.0,29.39,32.6,28.99,33.0
2006-07,MUN,RJ|NITEROI,glp,2,32.0,32.0,32.0,32.0,32.0
2006-07,MUN,RJ|NOVA FRIBURGO,glp,6,34.0,33.0,34.0,32.0,34.0
2006-07,MUN,RJ|NOVA IGUACU,glp,19,30.0,30.0,32.0,30.0,35.0
2006-07,MUN,RJ|PARAIBA DO SUL,glp,2,30.0,30.0,30.0,30.0,30.0
2006-07,MUN,RJ|PARATY,glp,2,33.45,33.01,33.89,32.9,34.0
2006-07,MUN,RJ|PETROPOLIS,glp,3,33.0,32.2,33.0,32.0,33.0
2006-07,MUN,RJ|RESENDE,glp,6,35.0,35.0,35.0,35.0,35.0
2006-07,MUN,RJ|RIO DE JANEIRO,glp,79,30.9,30.0,32.1,29.5,34.0
2006-07,MUN,RJ|SANTO ANTONIO DE PADUA,glp,2,34.0,34.0,34.0,34.0,34.0
2006-07,MUN,RJ|SAO GONCALO,glp,1,30.99,30.99,30.99,30.99,30.99
2006-07,MUN,RJ|SAO JOAO DE MERITI,glp,6,32.0,30.0,32.0,30.0,32.0
2006-07,MUN,RJ|SAPUCAIA,glp,2,31.75,30.75,32.75,30.5,33.0
2006-07,MUN,RJ|SAQUAREMA,glp,3,30.0,30.0,32.4,30.0,33.0
2006-07,MUN,RJ|TERESOPOLIS,glp,4,33.0,32.3,33.7,32.0,34.0
2006-07,MUN,RJ|TRES RIOS,glp,1,32.9,32.9,32.9,32.9,32.9
2006-07,MUN,RJ|VALENCA,glp,7,32.0,31.6,33.0,31.0,33.0
2006-07,MUN,RJ|VASSOURAS,glp,2,33.0,32.2,33.8,32.0,34.0
2006-07,MUN,RJ|VOLTA REDONDA,glp,6,34.0,33.0,34.0,32.0,34.0
2006-07,MUN,RN|CAICO,glp,3,33.0,33.0,33.0,33.0,33.0
2006-07,MUN,RN|CURRAIS NOVOS,glp,4,32.0,32.0,32.0,32.0,32.0
2006-07,MUN,RN|MOSSORO,glp,3,30.0,30.0,31.6,30.0,32.0
2006-07,MUN,RN|NATAL,glp,6,32.0,32.0,32.0,32.0,32.0
2006-07,MUN,RN|PARNAMIRIM,glp,3,31.0,31.0,31.8,31.0,32.0
2006-07,MUN,RN|SAO JOSE DE MIPIBU,glp,3,32.0,32.0,32.0,32.0,32.0
2006-07,MUN,RN|TIMBAUBA DOS BATISTAS,glp,1,33.0,33.0,33.0,33.0,33.0
2006-07,MUN,RO|ALTA FLORESTA D'OESTE,glp,1,32.0,32.0,32.0,32.0,32.0
2006-07,MUN,RO|ARIQUEMES,glp,12,38.0,38.0,38.0,38.0,38.0
2006-07,MUN,RO|CACOAL,glp,9,37.5,37.0,38.2,37.0,39.0
2006-07,MUN,RO|GUAJARA-MIRIM,glp,3,39.0,38.2,40.6,38.0,41.0
2006-07,MUN,RO|JI-PARANA,glp,11,37.0,36.0,37.5,36.0,39.0
2006-07,MUN,RO|PIMENTA BUENO,glp,3,39.0,39.0,39.0,39.0,39.0
2006-07,MUN,RO|PORTO VELHO,glp,225,33.0,32.0,33.5,30.0,36.0
2006-07,MUN,RO|SAO MIGUEL DO GUAPORE,glp,1,42.0,42.0,42.0,42.0,42.0
2006-07,MUN,RO|VILHENA,glp,5,42.0,42.0,42.042,42.0,42.05
2006-07,MUN,RR|BOA VISTA,glp,27,36.0,35.0,37.0,34.7,39.0
2006-07,MUN,RR|CARACARAI,glp,1,36.5,36.5,36.5,36.5,36.5
2006-07,MUN,RR|MUCAJAI,glp,1,37.0,37.0,37.0,37.0,37.0
2006-07,MUN,RR|RORAINOPOLIS,glp,1,35.0,35.0,35.0,35.0,35.0
2006-07,MUN,RS|ALEGRETE,glp,4,34.0,33.65,35.05,33.5,35.5
2006-07,MUN,RS|ALVORADA,glp,12,33.0,32.05,33.0,32.0,33.5
2006-07,MUN,RS|BAGE,glp,11,33.0,32.0,33.0,32.0,34.0
2006-07,MUN,RS|BENTO GONCALVES,glp,6,35.5,35.25,36.5,35.0,37.5
2006-07,MUN,RS|CACAPAVA DO SUL,glp,4,37.0,36.3,37.0,36.0,37.0
2006-07,MUN,RS|CACHOEIRA DO SUL,glp,10,33.0,32.0,33.0,32.0,33.0
2006-07,MUN,RS|CACHOEIRINHA,glp,4,33.25,32.3,33.85,32.0,34.0
2006-07,MUN,RS|CANOAS,glp,17,33.0,31.3,34.0,30.0,36.0
2006-07,MUN,RS|CAXIAS DO SUL,glp,44,35.0,34.575,36.0,34.45,37.0
2006-07,MUN,RS|CRUZ ALTA,glp,1,35.0,35.0,35.0,35.0,35.0
2006-07,MUN,RS|ERECHIM,glp,8,35.0,35.0,38.3,35.0,39.0
2006-07,MUN,RS|ESTEIO,glp,9,34.0,34.0,34.4,34.0,36.0
2006-07,MUN,RS|GRAMADO,glp,3,34.0,33.6,34.0,33.5,34.0
2006-07,MUN,RS|GRAVATAI,glp,7,33.0,31.8,34.0,30.0,34.0
2006-07,MUN,RS|GUAIBA,glp,5,33.9,31.9,34.0,31.9,34.0
2006-07,MUN,RS|IJUI,glp,12,35.0,34.0,35.95,34.0,36.0
2006-07,MUN,RS|JAGUARAO,glp,3,32.0,32.0,32.0,32.0,32.0
2006-07,MUN,RS|LAJEADO,glp,11,32.0,31.0,33.0,30.0,33.0
2006-07,MUN,RS|NOVO HAMBURGO,glp,7,32.5,32.15,33.1,32.0,34.0
2006-07,MUN,RS|OSORIO,glp,2,36.0,36.0,36.0,36.0,36.0
2006-07,MUN,RS|PALMEIRA DAS MISSOES,glp,12,37.125,35.0,38.9,33.0,39.0
2006-07,MUN,RS|PASSO FUNDO,glp,41,35.0,34.0,36.0,34.0,36.0
2006-07,MUN,RS|PELOTAS,glp,33,32.0,31.0,34.0,30.0,35.0
2006-07,MUN,RS|PORTO ALEGRE,glp,60,33.0,32.0,33.0,31.0,34.0
2006-07,MUN,RS|RIO GRANDE,glp,14,33.0,32.0,33.3,32.0,34.0
2006-07,MUN,RS|SANTA CRUZ DO SUL,glp,3,33.0,33.0,33.0,33.0,33.0
2006-07,MUN,RS|SANTA MARIA,glp,24,33.0,32.0,33.838,31.0,34.0
2006-07,MUN,RS|SANTA ROSA,glp,5,34.0,33.4,35.9,33.0,36.5
2006-07,MUN,RS|SANTA VITORIA DO PALMAR,glp,3,36.5,36.3,36.9,36.25,37.0
2006-07,MUN,RS|SANTANA DO LIVRAMENTO,glp,2,34.0,34.0,34.0,34.0,34.0
2006-07,MUN,RS|SANTO ANGELO,glp,3,36.0,35.2,36.0,35.0,36.0
2006-07,MUN,RS|SAO BORJA,glp,2,34.0,32.4,35.6,32.0,36.0
2006-07,MUN,RS|SAO GABRIEL,glp,1,38.0,38.0,38.0,38.0,38.0
2006-07,MUN,RS|SAO LEOPOLDO,glp,20,32.0,32.0,33.0,32.0,34.0
2006-07,MUN,RS|SAO LUIZ GONZAGA,glp,9,37.0,36.4,38.0,36.0,38.0
2006-07,MUN,RS|SAPIRANGA,glp,3,33.0,32.2,33.0,32.0,33.0
2006-07,MUN,RS|SAPUCAIA DO SUL,glp,13,34.0,34.0,34.0,34.0,34.5
2006-07,MUN,RS|TORRES,glp,3,35.0,35.0,35.0,35.0,35.0
2006-07,MUN,RS|TRAMANDAI,glp,4,36.5,33.6,38.0,33.0,38.0
2006-07,MUN,RS|URUGUAIANA,glp,4,37.0,37.0,37.0,37.0,37.0
2006-07,MUN,RS|VACARIA,glp,9,34.01,32.6,35.36,31.0,36.0
2006-07,MUN,RS|VIAMAO,glp,5,33.0,33.0,34.0,33.0,34.0
2006-07,MUN,SC|ARARANGUA,glp,3,38.0,38.0,38.0,38.0,38.0
2006-07,MUN,SC|BALNEARIO CAMBORIU,glp,4,36.5,35.65,37.0,35.5,37.0
2006-07,MUN,SC|BIGUACU,glp,1,35.5,35.5,35.5,35.5,35.5
2006-07,MUN,SC|BLUMENAU,glp,94,35.5,34.0,36.0,33.0,37.0
2006-07,MUN,SC|BOMBINHAS,glp,1,33.0,33.0,33.0,33.0,33.0
2006-07,MUN,SC|BRUSQUE,glp,6,35.5,34.0,38.9,33.0,39.9
2006-07,MUN,SC|CACADOR,glp,2,36.0,36.0,36.0,36.0,36.0
2006-07,MUN,SC|CHAPECO,glp,44,34.7,34.0,35.0,33.0,36.0
2006-07,MUN,SC|CONCORDIA,glp,39,35.0,34.0,36.2,33.5,37.0
2006-07,MUN,SC|CRICIUMA,glp,9,38.0,34.0,39.36,30.0,40.0
2006-07,MUN,SC|FLORIANOPOLIS,glp,218,36.0,35.0,37.0,33.0,40.0
2006-07,MUN,SC|ITAJAI,glp,85,34.0,33.5,35.0,33.0,36.0
2006-07,MUN,SC|JARAGUA DO SUL,glp,4,36.625,36.5,37.625,36.5,38.0
2006-07,MUN,SC|JOINVILLE,glp,164,37.0,36.0,37.0,34.0,38.0
2006-07,MUN,SC|LAGES,glp,4,35.0,35.0,35.0,35.0,35.0
2006-07,MUN,SC|LAGUNA,glp,3,35.0,34.2,35.0,34.0,35.0
2006-07,MUN,SC|MAFRA,glp,2,33.95,33.11,34.79,32.9,35.0
2006-07,MUN,SC|PALHOCA,glp,23,35.0,35.0,35.9,35.0,36.0
2006-07,MUN,SC|SAO JOSE,glp,19,34.0,33.98,35.0,33.8,35.0
2006-07,MUN,SC|SAO MIGUEL DO OESTE,glp,14,34.0,33.15,34.5,32.0,37.695
2006-07,MUN,SC|TIJUCAS,glp,1,36.0,36.0,36.0,36.0,36.0
2006-07,MUN,SC|TUBARAO,glp,12,35.0,33.1,35.0,33.0,35.1
2006-07,MUN,SC|VIDEIRA,glp,4,36.0,36.0,36.0,36.0,36.0
2006-07,MUN,SC|XANXERE,glp,14,33.95,33.0,35.0,33.0,36.0
2006-07,MUN,SE|ARACAJU,glp,25,33.0,32.0,33.0,30.0,34.0
2006-07,MUN,SE|ITABAIANA,glp,6,33.0,33.0,33.0,33.0,33.0
2006-07,MUN,SE|ITABAIANINHA,glp,3,32.0,32.0,32.0,32.0,32.0
2006-07,MUN,SE|LAGARTO,glp,4,32.0,32.0,32.0,32.0,32.0
2006-07,MUN,SE|NOSSA SENHORA DO SOCORRO,glp,11,33.0,33.0,34.0,33.0,34.0
2006-07,MUN,SE|SIMAO DIAS,glp,3,32.0,32.0,32.0,32.0,32.0
2006-07,MUN,SE|TOBIAS BARRETO,glp,3,33.0,33.0,33.0,33.0,33.0
2006-07,MUN,SP|ADAMANTINA,glp,7,33.0,30.0,33.0,30.0,33.0
2006-07,MUN,SP|AMERICANA,glp,17,34.0,33.297,34.4,31.995,35.0
2006-07,MUN,SP|AMERICO BRASILIENSE,glp,1,32.0,32.0,32.0,32.0,32.0
2006-07,MUN,SP|AMPARO,glp,5,30.0,29.4,31.74,29.0,32.9
2006-07,MUN,SP|APIAI,glp,2,33.0,32.2,33.8,32.0,34.0
2006-07,MUN,SP|ARACARIGUAMA,glp,1,31.0,31.0,31.0,31.0,31.0
2006-07,MUN,SP|ARACATUBA,glp,25,32.0,30.0,32.0,29.0,32.0
2006-07,MUN,SP|ARARAQUARA,glp,12,30.0,30.0,31.0,30.0,31.0
2006-07,MUN,SP|ARARAS,glp,2,30.0,30.0,30.0,30.0,30.0
2006-07,MUN,SP|AREIOPOLIS,glp,1,38.0,38.0,38.0,38.0,38.0
2006-07,MUN,SP|ASSIS,glp,7,31.0,30.0,32.0,30.0,32.0
2006-07,MUN,SP|ATIBAIA,glp,20,32.95,31.86,34.0,31.0,34.0
2006-07,MUN,SP|AVARE,glp,4,34.0,34.0,34.0,34.0,34.0
2006-07,MUN,SP|BARRETOS,glp,5,30.0,29.0,30.0,29.0,30.0
2006-07,MUN,SP|BARUERI,glp,6,29.998,29.248,30.5,28.995,31.0
2006-07,MUN,SP|BAURU,glp,20,30.0,30.0,32.0,30.0,32.0
2006-07,MUN,SP|BEBEDOURO,glp,4,32.0,31.3,32.0,31.0,32.0
2006-07,MUN,SP|BIRIGUI,glp,7,30.0,29.6,32.0,29.0,32.0
2006-07,MUN,SP|BOTUCATU,glp,12,31.9,31.9,32.68,31.7,32.9
2006-07,MUN,SP|BRAGANCA PAULISTA,glp,11,29.5,29.0,30.0,29.0,30.0
2006-07,MUN,SP|CACAPAVA,glp,6,32.495,31.5,33.0,31.5,33.0
2006-07,MUN,SP|CAMPINAS,glp,51,30.0,30.0,32.9,28.0,33.0
2006-07,MUN,SP|CAMPOS DO JORDAO,glp,7,31.0,30.996,31.81,30.99,31.99
2006-07,MUN,SP|CAPAO BONITO,glp,4,31.0,30.3,31.0,30.0,31.0
2006-07,MUN,SP|CARAGUATATUBA,glp,7,31.5,31.3,32.4,31.0,33.0
2006-07,MUN,SP|CARAPICUIBA,glp,12,30.0,28.64,30.994,27.99,31.0
2006-07,MUN,SP|CATANDUVA,glp,6,32.0,30.5,32.5,30.0,33.0
2006-07,MUN,SP|COSMOPOLIS,glp,4,34.0,34.0,34.0,34.0,34.0
2006-07,MUN,SP|COTIA,glp,10,30.0,29.5,31.23,29.5,31.5
2006-07,MUN,SP|CRUZEIRO,glp,7,32.0,31.996,32.4,31.99,33.0
2006-07,MUN,SP|CUBATAO,glp,5,29.5,29.5,30.0,29.5,30.0
2006-07,MUN,SP|DESCALVADO,glp,1,30.0,30.0,30.0,30.0,30.0
2006-07,MUN,SP|DIADEMA,glp,4,27.99,27.99,29.257,27.99,29.8
2006-07,MUN,SP|DRACENA,glp,4,31.0,30.0,34.1,30.0,35.0
2006-07,MUN,SP|EMBU DAS ARTES,glp,6,29.945,29.9,30.47,29.9,30.95
2006-07,MUN,SP|ENGENHEIRO COELHO,glp,1,29.0,29.0,29.0,29.0,29.0
2006-07,MUN,SP|ESPIRITO SANTO DO PINHAL,glp,1,33.0,33.0,33.0,33.0,33.0
2006-07,MUN,SP|FERRAZ DE VASCONCELOS,glp,9,30.5,30.4,31.3,30.0,32.5
2006-07,MUN,SP|FRANCA,glp,14,34.0,30.6,34.0,30.0,34.0
2006-07,MUN,SP|FRANCISCO MORATO,glp,6,31.5,31.0,32.25,31.0,33.0
2006-07,MUN,SP|FRANCO DA ROCHA,glp,3,31.5,31.1,32.22,31.0,32.4
2006-07,MUN,SP|GARCA,glp,6,31.5,30.75,31.5,30.0,31.5
2006-07,MUN,SP|GUARATINGUETA,glp,3,32.0,30.4,32.8,30.0,33.0
2006-07,MUN,SP|GUARUJA,glp,4,32.45,32.0,32.9,32.0,32.9
2006-07,MUN,SP|GUARULHOS,glp,57,30.5,30.0,31.0,29.5,31.5
2006-07,MUN,SP|HORTOLANDIA,glp,16,33.0,32.5,34.0,32.0,34.0
2006-07,MUN,SP|IBITINGA,glp,5,30.0,30.0,31.0,30.0,31.0
2006-07,MUN,SP|INDAIATUBA,glp,22,34.0,34.0,34.0,33.0,35.0
2006-07,MUN,SP|ITANHAEM,glp,4,32.225,32.0,32.45,32.0,32.45
2006-07,MUN,SP|ITAPECERICA DA SERRA,glp,1,31.99,31.99,31.99,31.99,31.99
2006-07,MUN,SP|ITAPETININGA,glp,16,29.0,29.0,30.5,28.0,31.0
2006-07,MUN,SP|ITAPEVA,glp,6,31.5,30.0,32.5,30.0,33.0
2006-07,MUN,SP|ITAPEVI,glp,3,29.0,28.192,29.396,27.99,29.495
2006-07,MUN,SP|ITAPIRA,glp,7,32.0,30.0,32.0,30.0,32.0
2006-07,MUN,SP|ITAPOLIS,glp,4,30.0,30.0,30.0,30.0,30.0
2006-07,MUN,SP|ITAQUAQUECETUBA,glp,7,31.0,30.0,31.0,30.0,31.0
2006-07,MUN,SP|ITATIBA,glp,6,30.5,29.5,31.25,29.0,31.5
2006-07,MUN,SP|ITU,glp,15,30.0,28.36,31.9,28.0,31.95
2006-07,MUN,SP|JABOTICABAL,glp,7,32.0,30.8,33.0,30.5,33.0
2006-07,MUN,SP|JACAREI,glp,12,31.0,30.0,31.9,30.0,32.0
2006-07,MUN,SP|JALES,glp,4,33.0,33.0,33.0,33.0,33.0
2006-07,MUN,SP|JANDIRA,glp,4,29.992,29.608,29.998,29.445,30.0
2006-07,MUN,SP|JAU,glp,7,30.0,30.0,30.0,30.0,30.0
2006-07,MUN,SP|JOSE BONIFACIO,glp,6,30.75,29.5,32.0,29.0,32.0
2006-07,MUN,SP|JUNDIAI,glp,12,30.25,29.5,31.0,27.0,31.445
2006-07,MUN,SP|LEME,glp,19,29.0,29.0,30.0,29.0,31.0
2006-07,MUN,SP|LIMEIRA,glp,23,34.0,32.0,34.5,30.0,35.0
2006-07,MUN,SP|LINS,glp,9,32.0,31.9,32.0,31.5,32.0
2006-07,MUN,SP|LORENA,glp,6,32.0,30.0,32.0,30.0,32.0
2006-07,MUN,SP|MARILIA,glp,9,28.0,28.0,30.0,28.0,30.0
2006-07,MUN,SP|MATAO,glp,8,31.5,30.0,32.3,30.0,33.0
2006-07,MUN,SP|MAUA,glp,12,32.5,30.55,33.0,28.99,33.9
2006-07,MUN,SP|MIRASSOL,glp,8,30.0,29.55,31.3,28.5,32.0
2006-07,MUN,SP|MOCOCA,glp,8,35.0,34.71,35.0,34.5,35.0
2006-07,MUN,SP|MOGI DAS CRUZES,glp,7,34.0,32.2,34.0,31.0,34.0
2006-07,MUN,SP|MOGI GUACU,glp,12,30.0,30.0,30.0,30.0,30.5
2006-07,MUN,SP|MOGI MIRIM,glp,7,33.0,31.8,33.0,30.0,33.0
2006-07,MUN,SP|MONTE ALTO,glp,4,32.0,31.0,33.0,31.0,33.0
2006-07,MUN,SP|OLIMPIA,glp,3,30.0,30.0,30.8,30.0,31.0
2006-07,MUN,SP|OSASCO,glp,34,30.0,27.993,31.21,27.99,32.0
2006-07,MUN,SP|OURINHOS,glp,13,29.5,29.0,32.0,29.0,33.0
2006-07,MUN,SP|PARAGUACU PAULISTA,glp,7,32.0,31.0,32.2,29.5,32.5
2006-07,MUN,SP|PAULINIA,glp,11,32.0,32.0,33.0,31.0,33.0
2006-07,MUN,SP|PIEDADE,glp,1,30.0,30.0,30.0,30.0,30.0
2006-07,MUN,SP|PINDAMONHANGABA,glp,5,33.0,32.0,33.0,32.0,33.0
2006-07,MUN,SP|PIRACICABA,glp,11,32.0,32.0,33.0,29.0,35.0
2006-07,MUN,SP|PIRAPORA DO BOM JESUS,glp,1,29.0,29.0,29.0,29.0,29.0
2006-07,MUN,SP|PIRASSUNUNGA,glp,16,30.0,30.0,31.5,30.0,32.0
2006-07,MUN,SP|POA,glp,3,30.0,30.0,30.4,30.0,30.5
2006-07,MUN,SP|PORTO FERREIRA,glp,8,29.0,29.0,29.3,29.0,30.0
2006-07,MUN,SP|PRAIA GRANDE,glp,7,33.0,32.3,34.0,32.0,34.0
2006-07,MUN,SP|PRESIDENTE PRUDENTE,glp,22,31.0,30.0,32.0,29.0,33.0
2006-07,MUN,SP|PRESIDENTE VENCESLAU,glp,4,29.45,28.27,30.0,28.0,30.0
2006-07,MUN,SP|RIBEIRAO PIRES,glp,4,32.445,31.647,32.97,31.5,33.0
2006-07,MUN,SP|RIBEIRAO PRETO,glp,12,32.0,30.145,32.855,30.0,33.4
2006-07,MUN,SP|RIO CLARO,glp,12,30.0,29.991,30.0,29.495,30.0
2006-07,MUN,SP|RIO DAS PEDRAS,glp,1,33.0,33.0,33.0,33.0,33.0
2006-07,MUN,SP|SALTINHO,glp,1,32.0,32.0,32.0,32.0,32.0
2006-07,MUN,SP|SALTO,glp,10,31.0,29.9,32.0,29.0,32.0
2006-07,MUN,SP|SANTA BARBARA D'OESTE,glp,20,34.0,34.0,35.0,34.0,35.0
2006-07,MUN,SP|SANTA CRUZ DO RIO PARDO,glp,7,32.0,32.0,32.0,32.0,32.0
2006-07,MUN,SP|SANTO ANDRE,glp,24,33.0,32.0,33.85,31.0,34.5
2006-07,MUN,SP|SANTOS,glp,10,31.0,30.0,33.1,30.0,34.0
2006-07,MUN,SP|SAO BERNARDO DO CAMPO,glp,22,32.5,31.09,33.45,29.99,33.5
2006-07,MUN,SP|SAO CAETANO DO SUL,glp,3,30.99,30.558,30.998,30.45,31.0
2006-07,MUN,SP|SAO CARLOS,glp,7,29.0,28.54,30.36,28.0,30.9
2006-07,MUN,SP|SAO JOAO DA BOA VISTA,glp,5,33.0,33.0,33.0,33.0,33.0
2006-07,MUN,SP|SAO JOAQUIM DA BARRA,glp,2,30.0,30.0,30.0,30.0,30.0
2006-07,MUN,SP|SAO JOSE DO RIO PRETO,glp,32,32.0,30.0,32.0,30.0,33.0
2006-07,MUN,SP|SAO JOSE DOS CAMPOS,glp,39,30.0,30.0,32.2,29.9,34.0
2006-07,MUN,SP|SAO PAULO,glp,213,30.0,29.0,31.8,27.99,34.0
2006-07,MUN,SP|SAO ROQUE,glp,4,31.0,30.3,31.35,30.0,31.5
2006-07,MUN,SP|SAO VICENTE,glp,10,30.975,29.994,31.5,29.99,31.5
2006-07,MUN,SP|SERTAOZINHO,glp,18,32.0,30.7,32.0,30.0,32.0
2006-07,MUN,SP|SOROCABA,glp,28,29.725,28.935,31.0,28.0,34.0
2006-07,MUN,SP|SUMARE,glp,27,33.0,32.0,34.0,32.0,34.0
2006-07,MUN,SP|SUZANO,glp,8,31.25,29.85,32.0,29.5,32.0
2006-07,MUN,SP|TABOAO DA SERRA,glp,3,30.495,30.099,30.895,30.0,30.995
2006-07,MUN,SP|TATUI,glp,7,29.0,28.6,32.4,28.0,33.0
2006-07,MUN,SP|TAUBATE,glp,6,33.0,32.995,33.0,32.99,33.0
2006-07,MUN,SP|TUPA,glp,2,30.0,30.0,30.0,30.0,30.0
2006-07,MUN,SP|UBATUBA,glp,12,33.0,32.05,33.0,31.0,34.0
2006-07,MUN,SP|VALINHOS,glp,10,33.0,32.0,33.0,32.0,33.0
2006-07,MUN,SP|VARGEM,glp,1,32.0,32.0,32.0,32.0,32.0
2006-07,MUN,SP|VARZEA PAULISTA,glp,7,32.0,30.0,32.0,30.0,32.0
2006-07,MUN,SP|VINHEDO,glp,5,32.0,30.8,32.6,30.0,33.0
2006-07,MUN,SP|VOTORANTIM,glp,8,28.498,27.693,30.0,27.0,30.0
2006-07,MUN,SP|VOTUPORANGA,glp,15,32.0,30.0,33.0,30.0,34.0
2006-07,MUN,TO|ALMAS,glp,1,37.0,37.0,37.0,37.0,37.0
2006-07,MUN,TO|ARAGUAINA,glp,10,37.0,37.0,37.0,37.0,37.0
2006-07,MUN,TO|COMBINADO,glp,1,37.0,37.0,37.0,37.0,37.0
2006-07,MUN,TO|DIANOPOLIS,glp,6,35.0,35.0,35.0,35.0,35.0
2006-07,MUN,TO|GURUPI,glp,58,34.25,33.925,34.5,33.5,34.5
2006-07,MUN,TO|LAGOA DA CONFUSAO,glp,1,37.0,37.0,37.0,37.0,37.0
2006-07,MUN,TO|PALMAS,glp,30,36.5,36.0,37.0,34.0,37.0
2006-07,MUN,TO|PARAISO DO TOCANTINS,glp,19,35.0,35.0,35.0,35.0,35.0
2006-07,MUN,TO|PORTO NACIONAL,glp,13,37.0,37.0,37.0,37.0,37.0
2006-07,MUN,TO|TAGUATINGA,glp,1,37.0,37.0,37.0,37.0,37.0
2006-07,UF,AC,glp,80,37.0,36.0,39.0,35.0,46.0
2006-07,UF,AL,glp,30,32.0,30.0,33.0,30.0,34.0
2006-07,UF,AM,glp,275,31.0,30.0,32.0,29.5,36.0
2006-07,UF,AP,glp,14,35.0,35.0,45.0,35.0,45.0
2006-07,UF,BA,glp,319,32.0,30.0,35.0,27.0,37.0
2006-07,UF,CE,glp,268,32.0,31.0,33.0,30.0,35.0
2006-07,UF,DF,glp,145,35.0,34.5,36.0,34.0,37.0
2006-07,UF,ES,glp,231,34.5,32.0,35.5,30.0,37.0
2006-07,UF,GO,glp,655,31.995,30.0,35.0,29.0,37.0
2006-07,UF,MA,glp,65,34.0,33.0,37.4,30.0,38.0
2006-07,UF,MG,glp,1310,34.0,32.0,37.0,29.0,38.0
2006-07,UF,MS,glp,227,35.5,34.0,38.0,31.5,39.0
2006-07,UF,MT,glp,186,40.0,38.0,41.5,36.0,43.0
2006-07,UF,PA,glp,237,31.0,30.0,35.0,28.0,38.0
2006-07,UF,PB,glp,75,35.0,33.0,35.0,30.0,35.0
2006-07,UF,PE,glp,304,32.0,30.0,33.0,28.0,35.0
2006-07,UF,PI,glp,43,35.0,35.0,36.4,35.0,36.5
2006-07,UF,PR,glp,790,32.0,31.0,35.0,29.0,39.0
2006-07,UF,RJ,glp,259,31.5,30.0,34.0,28.99,35.5
2006-07,UF,RN,glp,23,32.0,31.0,33.0,30.0,33.0
2006-07,UF,RO,glp,270,33.0,32.0,38.0,30.0,42.05
2006-07,UF,RR,glp,30,36.0,35.0,37.0,34.7,39.0
2006-07,UF,RS,glp,453,33.5,32.0,36.0,30.0,39.0
2006-07,UF,SC,glp,770,36.0,34.0,37.0,30.0,40.0
2006-07,UF,SE,glp,55,33.0,32.0,33.0,30.0,34.0
2006-07,UF,SP,glp,1444,31.0,29.0,33.5,27.0,38.0
2006-07,UF,TO,glp,140,35.0,34.0,37.0,33.5,37.0
2006-08,BR,BR,glp,8405,33.0,30.0,37.0,27.0,46.0
2006-08,MUN,AC|CRUZEIRO DO SUL,glp,1,46.0,46.0,46.0,46.0,46.0
2006-08,MUN,AC|RIO BRANCO,glp,70,37.0,36.0,38.0,35.0,39.0
2006-08,MUN,AC|SENA MADUREIRA,glp,3,39.0,39.0,39.0,39.0,39.0
2006-08,MUN,AC|TARAUACA,glp,2,44.0,44.0,44.0,44.0,44.0
2006-08,MUN,AC|XAPURI,glp,2,40.5,40.1,40.9,40.0,41.0
2006-08,MUN,AL|ARAPIRACA,glp,6,33.0,33.0,33.0,33.0,33.0
2006-08,MUN,AL|DELMIRO GOUVEIA,glp,2,30.0,30.0,30.0,30.0,30.0
2006-08,MUN,AL|MACEIO,glp,18,32.0,30.0,33.0,30.0,34.0
2006-08,MUN,AL|MARECHAL DEODORO,glp,1,32.0,32.0,32.0,32.0,32.0
2006-08,MUN,AL|PALMEIRA DOS INDIOS,glp,2,33.0,33.0,33.0,33.0,33.0
2006-08,MUN,AL|RIO LARGO,glp,1,31.0,31.0,31.0,31.0,31.0
2006-08,MUN,AM|HUMAITA,glp,1,34.5,34.5,34.5,34.5,34.5
2006-08,MUN,AM|ITACOATIARA,glp,1,33.0,33.0,33.0,33.0,33.0
2006-08,MUN,AM|MANACAPURU,glp,1,32.0,32.0,32.0,32.0,32.0
2006-08,MUN,AM|MANAUS,glp,292,31.0,30.0,32.0,29.5,34.0
2006-08,MUN,AM|PARINTINS,glp,1,33.0,33.0,33.0,33.0,33.0
2006-08,MUN,AM|PRESIDENTE FIGUEIREDO,glp,1,36.0,36.0,36.0,36.0,36.0
2006-08,MUN,AP|CALCOENE,glp,1,41.0,41.0,41.0,41.0,41.0
2006-08,MUN,AP|MACAPA,glp,7,35.0,35.0,35.0,35.0,35.0
2006-08,MUN,AP|OIAPOQUE,glp,2,45.5,45.1,45.9,45.0,46.0
2006-08,MUN,AP|SANTANA,glp,2,35.0,35.0,35.0,35.0,35.0
2006-08,MUN,BA|ALAGOINHAS,glp,3,34.0,33.2,34.0,33.0,34.0
2006-08,MUN,BA|BARRA,glp,4,31.5,31.0,32.0,31.0,32.0
2006-08,MUN,BA|BARREIRAS,glp,7,36.0,34.8,36.8,34.5,38.0
2006-08,MUN,BA|BRUMADO,glp,4,30.0,30.0,31.4,30.0,32.0
2006-08,MUN,BA|CAETITE,glp,6,29.25,27.0,30.0,27.0,30.0
2006-08,MUN,BA|CAMACARI,glp,7,35.0,32.1,36.5,30.0,36.5
2006-08,MUN,BA|CAMPO FORMOSO,glp,3,35.0,35.0,35.0,35.0,35.0
2006-08,MUN,BA|CANDEIAS,glp,6,31.0,30.5,31.0,30.0,31.0
2006-08,MUN,BA|CAPIM GROSSO,glp,1,35.0,35.0,35.0,35.0,35.0
2006-08,MUN,BA|CONCEICAO DO JACUIPE,glp,1,34.0,34.0,34.0,34.0,34.0
2006-08,MUN,BA|EUNAPOLIS,glp,7,35.0,35.0,35.0,35.0,35.0
2006-08,MUN,BA|FEIRA DE SANTANA,glp,12,34.0,33.55,34.0,31.0,34.0
2006-08,MUN,BA|GUANAMBI,glp,9,33.0,32.4,33.0,30.0,33.0
2006-08,MUN,BA|ILHEUS,glp,8,35.0,34.991,35.0,34.97,35.0
2006-08,MUN,BA|IPIRA,glp,3,33.0,33.0,33.0,33.0,33.0
2006-08,MUN,BA|IRECE,glp,4,32.0,32.0,32.0,32.0,32.0
2006-08,MUN,BA|ITABUNA,glp,7,34.0,33.0,34.0,33.0,34.0
2006-08,MUN,BA|ITAMARAJU,glp,5,32.0,32.0,32.0,32.0,32.0
2006-08,MUN,BA|JACOBINA,glp,8,35.0,35.0,35.0,35.0,35.0
2006-08,MUN,BA|JAGUAQUARA,glp,6,30.0,30.0,31.0,30.0,32.0
2006-08,MUN,BA|JEQUIE,glp,4,31.5,30.0,33.7,30.0,34.0
2006-08,MUN,BA|JUAZEIRO,glp,6,33.0,33.0,33.0,33.0,33.0
2006-08,MUN,BA|LAURO DE FREITAS,glp,10,31.5,31.0,32.0,31.0,32.0
2006-08,MUN,BA|LUIS EDUARDO MAGALHAES,glp,1,37.0,37.0,37.0,37.0,37.0
2006-08,MUN,BA|PAULO AFONSO,glp,5,33.0,33.0,34.0,33.0,34.0
2006-08,MUN,BA|POCOES,glp,3,30.0,30.0,30.0,30.0,30.0
2006-08,MUN,BA|PORTO SEGURO,glp,6,35.0,35.0,35.0,35.0,35.0
2006-08,MUN,BA|RUY BARBOSA,glp,5,34.0,33.4,34.0,33.0,34.0
2006-08,MUN,BA|SALVADOR,glp,136,31.998,30.25,32.0,30.0,33.0
2006-08,MUN,BA|SANTO ANTONIO DE JESUS,glp,4,35.0,35.0,35.0,35.0,35.0
2006-08,MUN,BA|SENHOR DO BONFIM,glp,4,35.0,35.0,35.0,35.0,35.0
2006-08,MUN,BA|SERRINHA,glp,3,33.0,33.0,33.0,33.0,33.0
2006-08,MUN,BA|SIMOES FILHO,glp,7,33.0,33.0,33.0,33.0,33.0
2006-08,MUN,BA|TEIXEIRA DE FREITAS,glp,3,35.0,32.6,35.0,32.0,35.0
2006-08,MUN,BA|VALENCA,glp,4,35.0,35.0,35.0,35.0,35.0
2006-08,MUN,BA|VITORIA DA CONQUISTA,glp,2,33.54,33.172,33.908,33.08,34.0
2006-08,MUN,CE|BEBERIBE,glp,1,31.0,31.0,31.0,31.0,31.0
2006-08,MUN,CE|CANINDE,glp,2,31.0,31.0,31.0,31.0,31.0
2006-08,MUN,CE|CAUCAIA,glp,34,32.0,31.62,33.0,31.0,33.2
2006-08,MUN,CE|CRATEUS,glp,3,33.0,32.2,33.0,32.0,33.0
2006-08,MUN,CE|CRATO,glp,7,33.0,33.0,34.0,33.0,34.0
2006-08,MUN,CE|FORTALEZA,glp,184,32.0,31.0,33.0,30.0,34.0
2006-08,MUN,CE|IGUATU,glp,2,32.0,32.0,32.0,32.0,32.0
2006-08,MUN,CE|IPU,glp,3,35.0,35.0,35.0,35.0,35.0
2006-08,MUN,CE|ITAPIPOCA,glp,3,30.0,30.0,30.0,30.0,30.0
2006-08,MUN,CE|JUAZEIRO DO NORTE,glp,6,33.0,33.0,33.5,33.0,34.0
2006-08,MUN,CE|LIMOEIRO DO NORTE,glp,2,34.0,34.0,34.0,34.0,34.0
2006-08,MUN,CE|MARACANAU,glp,12,32.6,31.0,33.0,30.0,33.0
2006-08,MUN,CE|MORADA NOVA,glp,3,33.0,33.0,33.0,33.0,33.0
2006-08,MUN,CE|PEDRA BRANCA,glp,2,32.0,32.0,32.0,32.0,32.0
2006-08,MUN,CE|QUIXADA,glp,5,34.0,34.0,34.0,34.0,34.0
2006-08,MUN,CE|SAO GONCALO DO AMARANTE,glp,1,30.0,30.0,30.0,30.0,30.0
2006-08,MUN,CE|SOBRAL,glp,4,31.0,30.0,32.0,30.0,32.0
2006-08,MUN,DF|BRASILIA,glp,163,35.0,35.0,36.0,34.0,37.0
2006-08,MUN,ES|ARACRUZ,glp,7,34.0,33.2,35.0,32.0,35.0
2006-08,MUN,ES|BARRA DE SAO FRANCISCO,glp,10,32.0,30.0,35.1,30.0,36.0
2006-08,MUN,ES|CACHOEIRO DE ITAPEMIRIM,glp,20,33.0,32.0,33.0,32.0,33.0
2006-08,MUN,ES|CARIACICA,glp,21,34.0,32.0,35.0,32.0,35.5
2006-08,MUN,ES|CASTELO,glp,4,33.0,33.0,35.03,33.0,35.9
2006-08,MUN,ES|COLATINA,glp,8,33.5,31.7,35.0,31.0,35.0
2006-08,MUN,ES|GUARAPARI,glp,5,33.0,32.0,35.4,32.0,37.0
2006-08,MUN,ES|ITAPEMIRIM,glp,2,33.0,33.0,33.0,33.0,33.0
2006-08,MUN,ES|JAGUARE,glp,2,33.95,33.91,33.99,33.9,34.0
2006-08,MUN,ES|LINHARES,glp,18,35.0,31.4,35.0,30.0,35.0
2006-08,MUN,ES|MARATAIZES,glp,1,31.5,31.5,31.5,31.5,31.5
2006-08,MUN,ES|NOVA VENECIA,glp,2,36.0,35.2,36.8,35.0,37.0
2006-08,MUN,ES|PIUMA,glp,1,34.0,34.0,34.0,34.0,34.0
2006-08,MUN,ES|SAO MATEUS,glp,8,33.0,33.0,33.45,33.0,34.5
2006-08,MUN,ES|SERRA,glp,92,35.0,34.0,36.0,34.0,36.1
2006-08,MUN,ES|VILA VELHA,glp,22,34.0,33.55,35.0,32.0,38.0
2006-08,MUN,ES|VITORIA,glp,6,35.0,34.1,35.0,34.0,35.0
2006-08,MUN,GO|ABADIA DE GOIAS,glp,1,30.0,30.0,30.0,30.0,30.0
2006-08,MUN,GO|AGUAS LINDAS DE GOIAS,glp,3,32.0,32.0,34.4,32.0,35.0
2006-08,MUN,GO|ANAPOLIS,glp,37,32.0,31.594,32.0,30.0,33.0
2006-08,MUN,GO|APARECIDA DE GOIANIA,glp,72,31.0,30.0,32.0,30.0,33.0
2006-08,MUN,GO|BELA VISTA DE GOIAS,glp,1,31.0,31.0,31.0,31.0,31.0
2006-08,MUN,GO|CAIAPONIA,glp,1,32.0,32.0,32.0,32.0,32.0
2006-08,MUN,GO|CALDAS NOVAS,glp,54,34.0,33.0,34.0,32.0,34.0
2006-08,MUN,GO|CATALAO,glp,9,30.0,30.0,31.0,30.0,31.0
2006-08,MUN,GO|FORMOSA,glp,48,35.0,35.0,35.0,34.0,35.0
2006-08,MUN,GO|GOIANIA,glp,223,31.0,30.0,32.0,29.95,33.0
2006-08,MUN,GO|GOIATUBA,glp,4,34.0,34.0,34.0,34.0,34.0
2006-08,MUN,GO|ITUMBIARA,glp,16,33.0,32.95,33.0,32.5,34.0
2006-08,MUN,GO|JATAI,glp,11,35.0,35.0,36.0,34.0,36.0
2006-08,MUN,GO|LUZIANIA,glp,24,32.0,32.0,32.0,30.0,32.0
2006-08,MUN,GO|MINEIROS,glp,34,38.0,38.0,38.0,38.0,38.0
2006-08,MUN,GO|MONTIVIDIU,glp,1,36.0,36.0,36.0,36.0,36.0
2006-08,MUN,GO|MORRINHOS,glp,18,34.0,34.0,35.0,32.0,35.0
2006-08,MUN,GO|PLANALTINA,glp,22,37.0,35.2,37.0,34.45,37.0
2006-08,MUN,GO|PORANGATU,glp,5,34.0,33.0,34.0,33.0,34.0
2006-08,MUN,GO|RIO VERDE,glp,19,36.0,35.99,36.0,35.0,36.0
2006-08,MUN,GO|SANTO ANTONIO DE GOIAS,glp,1,32.0,32.0,32.0,32.0,32.0
2006-08,MUN,GO|TRINDADE,glp,29,31.0,30.0,32.0,29.9,32.0
2006-08,MUN,GO|VALPARAISO DE GOIAS,glp,4,30.0,30.0,30.0,30.0,30.0
2006-08,MUN,MA|ACAILANDIA,glp,3,35.0,35.0,35.0,35.0,35.0
2006-08,MUN,MA|BACABAL,glp,2,36.0,36.0,36.0,36.0,36.0
2006-08,MUN,MA|BALSAS,glp,1,36.0,36.0,36.0,36.0,36.0
2006-08,MUN,MA|BARRA DO CORDA,glp,2,38.0,38.0,38.0,38.0,38.0
2006-08,MUN,MA|CAROLINA,glp,2,36.0,36.0,36.0,36.0,36.0
2006-08,MUN,MA|CAXIAS,glp,4,38.0,38.0,38.0,38.0,38.0
2006-08,MUN,MA|CODO,glp,2,36.5,36.5,36.5,36.5,36.5
2006-08,MUN,MA|IMPERATRIZ,glp,11,35.0,34.0,35.0,34.0,35.0
2006-08,MUN,MA|PINHEIRO,glp,1,36.0,36.0,36.0,36.0,36.0
2006-08,MUN,MA|PRESIDENTE DUTRA,glp,1,36.0,36.0,36.0,36.0,36.0
2006-08,MUN,MA|SANTA INES,glp,2,34.5,34.5,34.5,34.5,34.5
2006-08,MUN,MA|SAO DOMINGOS DO MARANHAO,glp,1,38.0,38.0,38.0,38.0,38.0
2006-08,MUN,MA|SAO JOAO DOS PATOS,glp,1,35.0,35.0,35.0,35.0,35.0
2006-08,MUN,MA|SAO JOSE DE RIBAMAR,glp,6,33.0,33.0,33.0,33.0,33.0
2006-08,MUN,MA|SAO LUIS,glp,24,33.0,32.0,33.231,32.0,34.0
2006-08,MUN,MA|TIMON,glp,1,35.0,35.0,35.0,35.0,35.0
2006-08,MUN,MG|ALFENAS,glp,21,35.0,34.0,36.0,34.0,36.0
2006-08,MUN,MG|ARAGUARI,glp,13,38.0,37.0,38.0,33.0,38.0
2006-08,MUN,MG|ARAXA,glp,9,36.0,35.8,37.0,35.0,37.0
2006-08,MUN,MG|BARBACENA,glp,14,35.0,34.0,36.4,33.0,37.0
2006-08,MUN,MG|BELO HORIZONTE,glp,162,34.0,32.0,35.0,30.0,37.0
2006-08,MUN,MG|BETIM,glp,28,34.0,32.0,35.3,32.0,37.0
2006-08,MUN,MG|BOCAIUVA,glp,1,33.0,33.0,33.0,33.0,33.0
2006-08,MUN,MG|BOM DESPACHO,glp,3,34.0,34.0,34.0,34.0,34.0
2006-08,MUN,MG|CAMPO BELO,glp,13,35.0,34.0,35.0,34.0,35.0
2006-08,MUN,MG|CARATINGA,glp,3,30.0,30.0,32.4,30.0,33.0
2006-08,MUN,MG|CATAGUASES,glp,3,35.0,33.4,35.0,33.0,35.0
2006-08,MUN,MG|CONCEICAO DAS ALAGOAS,glp,1,37.0,37.0,37.0,37.0,37.0
2006-08,MUN,MG|CONGONHAS,glp,4,34.5,33.3,35.0,33.0,35.0
2006-08,MUN,MG|CONSELHEIRO LAFAIETE,glp,6,33.0,32.5,35.0,32.0,36.0
2006-08,MUN,MG|CONTAGEM,glp,78,34.0,32.0,35.0,30.0,35.0
2006-08,MUN,MG|CORONEL FABRICIANO,glp,8,33.5,33.0,34.0,33.0,34.0
2006-08,MUN,MG|CURVELO,glp,9,33.0,33.0,34.2,33.0,35.0
2006-08,MUN,MG|DIAMANTINA,glp,10,33.5,32.9,35.0,32.0,35.0
2006-08,MUN,MG|DIVINOPOLIS,glp,38,35.0,34.85,35.0,34.0,35.0
2006-08,MUN,MG|ESPINOSA,glp,1,34.0,34.0,34.0,34.0,34.0
2006-08,MUN,MG|FORMIGA,glp,16,34.0,34.0,35.0,32.0,35.0
2006-08,MUN,MG|FRUTAL,glp,3,34.0,34.0,34.8,34.0,35.0
2006-08,MUN,MG|GOVERNADOR VALADARES,glp,23,33.0,32.2,34.0,31.41,34.0
2006-08,MUN,MG|GUAXUPE,glp,2,33.0,33.0,33.0,33.0,33.0
2006-08,MUN,MG|IBIRITE,glp,13,34.0,32.4,35.0,32.0,36.0
2006-08,MUN,MG|IPATINGA,glp,14,33.45,32.9,34.7,32.0,35.0
2006-08,MUN,MG|ITABIRA,glp,4,35.0,33.6,35.0,33.0,35.0
2006-08,MUN,MG|ITAJUBA,glp,12,34.0,34.0,34.0,33.0,34.0
2006-08,MUN,MG|ITAUNA,glp,11,33.0,32.5,34.0,32.0,34.0
2006-08,MUN,MG|ITUIUTABA,glp,15,33.0,30.0,34.0,30.0,35.0
2006-08,MUN,MG|JANAUBA,glp,11,33.0,33.0,34.0,33.0,36.0
2006-08,MUN,MG|JANUARIA,glp,11,37.0,37.0,37.0,37.0,37.0
2006-08,MUN,MG|JOAO MONLEVADE,glp,9,32.0,29.8,33.0,29.0,33.0
2006-08,MUN,MG|JOAO PINHEIRO,glp,15,38.0,35.0,38.0,35.0,38.0
2006-08,MUN,MG|JUIZ DE FORA,glp,56,36.0,36.0,36.0,34.0,37.0
2006-08,MUN,MG|LAVRAS,glp,10,35.0,33.0,35.0,33.0,35.0
2006-08,MUN,MG|LEOPOLDINA,glp,4,35.0,35.0,35.7,35.0,36.0
2006-08,MUN,MG|MANHUACU,glp,4,30.5,30.0,31.7,30.0,32.0
2006-08,MUN,MG|MARIANA,glp,6,34.0,33.0,36.0,33.0,36.0
2006-08,MUN,MG|MATIAS BARBOSA,glp,1,35.0,35.0,35.0,35.0,35.0
2006-08,MUN,MG|MONTE CARMELO,glp,14,34.0,34.0,35.0,33.0,35.0
2006-08,MUN,MG|MONTES CLAROS,glp,46,35.0,34.0,35.0,31.75,35.0
2006-08,MUN,MG|MURIAE,glp,3,31.0,29.8,32.6,29.5,33.0
2006-08,MUN,MG|NOVA LIMA,glp,9,35.0,34.0,35.0,34.0,35.0
2006-08,MUN,MG|OLIVEIRA,glp,8,34.0,33.9,35.0,33.9,35.0
2006-08,MUN,MG|OURO PRETO,glp,5,36.0,35.4,37.2,35.0,38.0
2006-08,MUN,MG|PARA DE MINAS,glp,10,34.7,30.9,35.0,30.0,35.0
2006-08,MUN,MG|PARACATU,glp,17,37.0,37.0,37.0,37.0,37.0
2006-08,MUN,MG|PASSOS,glp,11,37.0,37.0,37.0,37.0,37.0
2006-08,MUN,MG|PATOS DE MINAS,glp,23,35.0,35.0,37.0,33.0,38.0
2006-08,MUN,MG|PATROCINIO,glp,22,36.0,35.0,37.0,35.0,37.0
2006-08,MUN,MG|POCOS DE CALDAS,glp,15,32.0,30.0,32.3,30.0,33.0
2006-08,MUN,MG|POUSO ALEGRE,glp,22,33.0,32.0,33.0,32.0,33.0
2006-08,MUN,MG|RIBEIRAO DAS NEVES,glp,32,32.5,32.0,33.0,30.0,35.0
2006-08,MUN,MG|SABARA,glp,22,34.0,32.0,35.0,30.0,35.0
2006-08,MUN,MG|SANTA LUZIA,glp,19,34.0,32.4,35.0,30.0,35.0
2006-08,MUN,MG|SANTOS DUMONT,glp,4,37.0,35.6,37.0,35.0,37.0
2006-08,MUN,MG|SAO GOTARDO,glp,1,35.0,35.0,35.0,35.0,35.0
2006-08,MUN,MG|SAO JOAO DEL REI,glp,15,37.0,36.0,37.0,35.0,37.5
2006-08,MUN,MG|SAO LOURENCO,glp,4,30.0,30.0,30.0,30.0,30.0
2006-08,MUN,MG|SAO SEBASTIAO DO PARAISO,glp,23,37.0,37.0,37.1,35.0,37.3
2006-08,MUN,MG|SETE LAGOAS,glp,28,34.0,32.7,35.0,32.0,36.0
2006-08,MUN,MG|TEOFILO OTONI,glp,27,34.0,32.0,35.0,32.0,35.0
2006-08,MUN,MG|TIMOTEO,glp,10,33.0,33.0,35.0,33.0,35.0
2006-08,MUN,MG|TRES CORACOES,glp,10,30.0,29.0,32.0,29.0,32.0
2006-08,MUN,MG|UBA,glp,10,32.0,30.0,32.2,30.0,34.0
2006-08,MUN,MG|UBERABA,glp,75,37.0,37.0,37.0,34.0,37.0
2006-08,MUN,MG|UBERLANDIA,glp,90,34.0,33.0,35.0,32.5,37.0
2006-08,MUN,MG|UNAI,glp,7,35.0,35.0,35.0,35.0,35.0
2006-08,MUN,MG|VARGINHA,glp,32,32.0,31.0,32.0,30.0,32.0
2006-08,MUN,MG|VESPASIANO,glp,8,32.0,31.325,33.3,29.75,34.0
2006-08,MUN,MG|VICOSA,glp,3,37.0,37.0,37.0,37.0,37.0
2006-08,MUN,MS|BATAYPORA,glp,1,35.0,35.0,35.0,35.0,35.0
2006-08,MUN,MS|CAMPO GRANDE,glp,111,36.0,33.0,37.0,30.0,38.0
2006-08,MUN,MS|CORUMBA,glp,5,39.0,39.0,39.0,39.0,39.0
2006-08,MUN,MS|COXIM,glp,5,38.0,38.0,38.0,38.0,38.0
2006-08,MUN,MS|DOURADOS,glp,26,38.0,36.5,39.0,35.0,39.0
2006-08,MUN,MS|NOVA ANDRADINA,glp,13,35.0,35.0,37.4,35.0,38.0
2006-08,MUN,MS|PARANAIBA,glp,6,37.0,37.0,37.0,37.0,37.0
2006-08,MUN,MS|PONTA PORA,glp,12,33.0,33.0,34.9,30.0,36.5
2006-08,MUN,MS|SAO GABRIEL DO OESTE,glp,1,37.0,37.0,37.0,37.0,37.0
2006-08,MUN,MS|SIDROLANDIA,glp,1,33.0,33.0,33.0,33.0,33.0
2006-08,MUN,MS|TRES LAGOAS,glp,17,36.0,35.0,37.0,35.0,38.0
2006-08,MUN,MT|ALTA FLORESTA,glp,8,42.0,39.7,42.3,39.0,43.0
2006-08,MUN,MT|CACERES,glp,8,37.5,36.0,38.0,36.0,38.0
2006-08,MUN,MT|CUIABA,glp,56,39.0,37.75,41.0,37.0,41.5
2006-08,MUN,MT|RONDONOPOLIS,glp,8,42.0,40.0,42.0,40.0,42.0
2006-08,MUN,MT|SINOP,glp,18,42.0,41.4,42.0,40.0,42.0
2006-08,MUN,MT|SORRISO,glp,6,40.0,38.5,41.5,38.0,42.0
2006-08,MUN,MT|VARZEA GRANDE,glp,18,39.0,37.35,40.3,37.0,42.0
2006-08,MUN,PA|ABAETETUBA,glp,4,33.0,33.0,33.0,33.0,33.0
2006-08,MUN,PA|ALENQUER,glp,1,35.0,35.0,35.0,35.0,35.0
2006-08,MUN,PA|ALTAMIRA,glp,4,35.0,35.0,35.0,35.0,35.0
2006-08,MUN,PA|ANANINDEUA,glp,53,31.0,31.0,31.0,30.0,31.0
2006-08,MUN,PA|BELEM,glp,127,31.0,30.0,31.0,27.0,32.0
2006-08,MUN,PA|BRAGANCA,glp,2,33.0,33.0,33.0,33.0,33.0
2006-08,MUN,PA|BREU BRANCO,glp,1,38.0,38.0,38.0,38.0,38.0
2006-08,MUN,PA|BREVES,glp,2,30.0,30.0,30.0,30.0,30.0
2006-08,MUN,PA|CAMETA,glp,2,33.0,33.0,33.0,33.0,33.0
2006-08,MUN,PA|CASTANHAL,glp,10,31.0,30.9,31.0,30.0,31.0
2006-08,MUN,PA|CONCEICAO DO ARAGUAIA,glp,2,36.0,35.2,36.8,35.0,37.0
2006-08,MUN,PA|MARABA,glp,3,36.0,35.12,36.0,34.9,36.0
2006-08,MUN,PA|MARITUBA,glp,1,31.0,31.0,31.0,31.0,31.0
2006-08,MUN,PA|PARAGOMINAS,glp,2,35.0,35.0,35.0,35.0,35.0
2006-08,MUN,PA|PARAUAPEBAS,glp,2,36.5,36.1,36.9,36.0,37.0
2006-08,MUN,PA|REDENCAO,glp,4,38.0,38.0,38.0,38.0,38.0
2006-08,MUN,PA|SANTANA DO ARAGUAIA,glp,2,36.0,36.0,36.0,36.0,36.0
2006-08,MUN,PA|SANTAREM,glp,7,34.0,34.0,34.2,34.0,34.5
2006-08,MUN,PA|TUCURUI,glp,4,38.0,38.0,38.0,38.0,38.0
2006-08,MUN,PA|XINGUARA,glp,3,37.0,37.0,37.0,37.0,37.0
2006-08,MUN,PB|BAYEUX,glp,4,35.0,35.0,35.0,35.0,35.0
2006-08,MUN,PB|CABEDELO,glp,3,35.0,33.4,35.0,33.0,35.0
2006-08,MUN,PB|CAJAZEIRAS,glp,1,30.0,30.0,30.0,30.0,30.0
2006-08,MUN,PB|CAMPINA GRANDE,glp,24,35.0,35.0,35.0,33.0,35.0
2006-08,MUN,PB|GUARABIRA,glp,1,35.0,35.0,35.0,35.0,35.0
2006-08,MUN,PB|INGA,glp,1,35.0,35.0,35.0,35.0,35.0
2006-08,MUN,PB|JOAO PESSOA,glp,23,33.5,33.0,35.0,32.0,35.0
2006-08,MUN,PB|MAMANGUAPE,glp,1,33.0,33.0,33.0,33.0,33.0
2006-08,MUN,PB|MARIZOPOLIS,glp,1,30.0,30.0,30.0,30.0,30.0
2006-08,MUN,PB|PATOS,glp,6,35.0,35.0,35.0,35.0,35.0
2006-08,MUN,PB|SANTA RITA,glp,4,34.0,33.0,35.0,33.0,35.0
2006-08,MUN,PB|SAPE,glp,3,33.0,33.0,33.0,33.0,33.0
2006-08,MUN,PB|SOUSA,glp,3,33.0,30.6,33.0,30.0,33.0
2006-08,MUN,PE|ABREU E LIMA,glp,4,32.0,31.3,32.35,31.0,32.5
2006-08,MUN,PE|AFOGADOS DA INGAZEIRA,glp,2,32.0,30.4,33.6,30.0,34.0
2006-08,MUN,PE|AGUAS BELAS,glp,1,34.0,34.0,34.0,34.0,34.0
2006-08,MUN,PE|ARARIPINA,glp,1,33.0,33.0,33.0,33.0,33.0
2006-08,MUN,PE|ARCOVERDE,glp,1,34.0,34.0,34.0,34.0,34.0
2006-08,MUN,PE|BARRA DE GUABIRABA,glp,1,33.0,33.0,33.0,33.0,33.0
2006-08,MUN,PE|BELO JARDIM,glp,6,33.0,33.0,33.0,33.0,33.0
2006-08,MUN,PE|BEZERROS,glp,1,33.0,33.0,33.0,33.0,33.0
2006-08,MUN,PE|BOM CONSELHO,glp,4,32.0,32.0,32.0,32.0,32.0
2006-08,MUN,PE|CABO DE SANTO AGOSTINHO,glp,9,30.0,29.8,32.0,29.0,32.0
2006-08,MUN,PE|CAMARAGIBE,glp,5,32.0,32.0,32.0,32.0,32.0
2006-08,MUN,PE|CARUARU,glp,5,33.0,33.0,33.0,33.0,33.0
2006-08,MUN,PE|DORMENTES,glp,1,33.0,33.0,33.0,33.0,33.0
2006-08,MUN,PE|GARANHUNS,glp,2,32.0,32.0,32.0,32.0,32.0
2006-08,MUN,PE|GOIANA,glp,4,33.0,33.0,34.4,33.0,35.0
2006-08,MUN,PE|GRAVATA,glp,3,30.0,30.0,30.0,30.0,30.0
2006-08,MUN,PE|IGARASSU,glp,13,32.0,32.0,32.8,30.0,33.0
2006-08,MUN,PE|JABOATAO DOS GUARARAPES,glp,24,32.0,32.0,32.0,32.0,32.0
2006-08,MUN,PE|JUCATI,glp,1,32.0,32.0,32.0,32.0,32.0
2006-08,MUN,PE|LAJEDO,glp,3,32.0,31.2,32.0,31.0,32.0
2006-08,MUN,PE|MORENO,glp,1,32.0,32.0,32.0,32.0,32.0
2006-08,MUN,PE|OLINDA,glp,20,32.0,32.0,32.0,32.0,32.0
2006-08,MUN,PE|PAULISTA,glp,30,32.0,32.0,32.19,32.0,34.0
2006-08,MUN,PE|PETROLINA,glp,12,33.0,33.0,33.0,33.0,33.0
2006-08,MUN,PE|RECIFE,glp,124,32.0,30.0,33.0,29.0,34.0
2006-08,MUN,PE|SALGUEIRO,glp,3,33.0,29.0,33.0,28.0,33.0
2006-08,MUN,PE|SANTA CRUZ DO CAPIBARIBE,glp,2,35.0,35.0,35.0,35.0,35.0
2006-08,MUN,PE|SAO BENTO DO UNA,glp,1,33.0,33.0,33.0,33.0,33.0
2006-08,MUN,PE|SAO LOURENCO DA MATA,glp,8,32.0,32.0,32.0,32.0,32.0
2006-08,MUN,PE|SERRA TALHADA,glp,4,33.0,33.0,33.0,33.0,33.0
2006-08,MUN,PE|SERTANIA,glp,1,33.0,33.0,33.0,33.0,33.0
2006-08,MUN,PE|VENTUROSA,glp,1,34.0,34.0,34.0,34.0,34.0
2006-08,MUN,PE|VITORIA DE SANTO ANTAO,glp,6,30.0,30.0,30.0,30.0,30.0
2006-08,MUN,PI|BARRAS,glp,1,36.0,36.0,36.0,36.0,36.0
2006-08,MUN,PI|CAMPO MAIOR,glp,2,36.0,36.0,36.0,36.0,36.0
2006-08,MUN,PI|OEIRAS,glp,3,36.5,36.5,36.5,36.5,36.5
2006-08,MUN,PI|PICOS,glp,2,36.5,36.5,36.5,36.5,36.5
2006-08,MUN,PI|PIRIPIRI,glp,1,36.0,36.0,36.0,36.0,36.0
2006-08,MUN,PI|TERESINA,glp,35,35.0,35.0,35.0,35.0,35.0
2006-08,MUN,PR|ALMIRANTE TAMANDARE,glp,10,30.0,30.0,31.1,30.0,32.0
2006-08,MUN,PR|APUCARANA,glp,23,33.0,33.0,33.8,32.0,34.0
2006-08,MUN,PR|ARAPONGAS,glp,17,34.0,33.0,34.0,32.0,35.0
2006-08,MUN,PR|ARAUCARIA,glp,12,31.0,31.0,31.0,31.0,32.0
2006-08,MUN,PR|ASSIS CHATEAUBRIAND,glp,8,33.65,32.97,35.0,32.9,35.0
2006-08,MUN,PR|CAMBE,glp,44,34.0,33.0,35.0,32.0,36.0
2006-08,MUN,PR|CAMPO LARGO,glp,16,31.0,31.0,31.0,31.0,31.0
2006-08,MUN,PR|CAMPO MOURAO,glp,8,35.0,35.0,35.0,35.0,35.0
2006-08,MUN,PR|CASCAVEL,glp,21,33.0,32.0,33.0,32.0,34.0
2006-08,MUN,PR|CASTRO,glp,13,31.5,30.0,32.0,30.0,32.75
2006-08,MUN,PR|CIANORTE,glp,9,35.0,35.0,35.0,35.0,35.0
2006-08,MUN,PR|COLOMBO,glp,34,31.0,30.0,32.0,30.0,33.0
2006-08,MUN,PR|CORNELIO PROCOPIO,glp,8,35.0,35.0,35.0,35.0,35.0
2006-08,MUN,PR|CURITIBA,glp,105,31.0,30.0,32.0,29.0,34.0
2006-08,MUN,PR|FAZENDA RIO GRANDE,glp,1,30.0,30.0,30.0,30.0,30.0
2006-08,MUN,PR|FOZ DO IGUACU,glp,26,39.0,38.0,39.0,38.0,39.0
2006-08,MUN,PR|FRANCISCO BELTRAO,glp,5,34.0,33.0,35.0,33.0,35.0
2006-08,MUN,PR|GUARAPUAVA,glp,8,32.0,31.7,32.65,31.0,33.0
2006-08,MUN,PR|LARANJEIRAS DO SUL,glp,4,35.0,30.8,35.7,29.0,36.0
2006-08,MUN,PR|LONDRINA,glp,84,33.0,32.0,35.0,30.9,36.0
2006-08,MUN,PR|MARECHAL CANDIDO RONDON,glp,6,37.0,36.5,37.0,36.0,37.0
2006-08,MUN,PR|MARINGA,glp,41,34.0,32.0,34.0,30.0,35.0
2006-08,MUN,PR|PARANAGUA,glp,23,36.0,35.0,37.0,35.0,37.0
2006-08,MUN,PR|PARANAVAI,glp,10,35.0,33.9,35.1,33.0,36.0
2006-08,MUN,PR|PATO BRANCO,glp,10,34.0,32.9,35.2,32.0,37.0
2006-08,MUN,PR|PINHAIS,glp,24,32.0,31.0,32.5,30.0,33.0
2006-08,MUN,PR|PIRAI DO SUL,glp,1,32.0,32.0,32.0,32.0,32.0
2006-08,MUN,PR|PONTA GROSSA,glp,81,32.0,31.0,32.0,30.0,32.0
2006-08,MUN,PR|SANTO ANTONIO DA PLATINA,glp,12,33.0,32.0,33.9,32.0,34.0
2006-08,MUN,PR|SAO JOSE DOS PINHAIS,glp,24,32.0,31.0,32.0,30.0,33.0
2006-08,MUN,PR|TOLEDO,glp,12,37.0,37.0,38.0,37.0,38.0
2006-08,MUN,PR|UMUARAMA,glp,14,35.0,35.0,35.0,35.0,35.0
2006-08,MUN,PR|UNIAO DA VITORIA,glp,5,32.0,32.0,33.0,32.0,33.0
2006-08,MUN,RJ|ANGRA DOS REIS,glp,4,34.45,33.2,35.0,32.9,35.0
2006-08,MUN,RJ|ARARUAMA,glp,4,30.5,30.0,31.0,30.0,31.0
2006-08,MUN,RJ|ARMACAO DOS BUZIOS,glp,2,30.25,29.25,31.25,29.0,31.5
2006-08,MUN,RJ|BARRA DO PIRAI,glp,3,35.5,35.5,35.9,35.5,36.0
2006-08,MUN,RJ|BARRA MANSA,glp,16,35.0,33.0,35.0,32.0,35.0
2006-08,MUN,RJ|BELFORD ROXO,glp,5,31.0,30.396,32.0,30.0,32.0
2006-08,MUN,RJ|CABO FRIO,glp,3,29.0,29.0,29.8,29.0,30.0
2006-08,MUN,RJ|CAMPOS DOS GOYTACAZES,glp,14,32.5,32.0,34.7,32.0,35.0
2006-08,MUN,RJ|DUQUE DE CAXIAS,glp,28,31.0,30.0,32.0,29.0,33.0
2006-08,MUN,RJ|ITABORAI,glp,3,31.0,31.0,31.8,31.0,32.0
2006-08,MUN,RJ|ITAGUAI,glp,5,30.3,30.0,31.4,30.0,31.4
2006-08,MUN,RJ|ITAPERUNA,glp,4,30.5,30.0,31.7,30.0,32.0
2006-08,MUN,RJ|MACAE,glp,3,30.0,30.0,30.0,30.0,30.0
2006-08,MUN,RJ|MAGE,glp,2,31.5,31.1,31.9,31.0,32.0
2006-08,MUN,RJ|MANGARATIBA,glp,3,32.0,31.92,32.0,31.9,32.0
2006-08,MUN,RJ|MARICA,glp,2,30.495,30.099,30.891,30.0,30.99
2006-08,MUN,RJ|NILOPOLIS,glp,5,31.995,29.39,32.0,28.99,32.0
2006-08,MUN,RJ|NITEROI,glp,2,32.5,32.1,32.9,32.0,33.0
2006-08,MUN,RJ|NOVA FRIBURGO,glp,6,34.0,33.0,34.5,32.0,35.0
2006-08,MUN,RJ|NOVA IGUACU,glp,19,30.0,30.0,32.0,30.0,35.0
2006-08,MUN,RJ|PARAIBA DO SUL,glp,2,30.0,30.0,30.0,30.0,30.0
2006-08,MUN,RJ|PARATY,glp,2,32.45,32.09,32.81,32.0,32.9
2006-08,MUN,RJ|PETROPOLIS,glp,3,34.0,32.4,34.0,32.0,34.0
2006-08,MUN,RJ|RESENDE,glp,6,36.0,34.5,36.25,34.0,36.5
2006-08,MUN,RJ|RIO DE JANEIRO,glp,79,31.0,30.0,32.92,29.0,34.0
2006-08,MUN,RJ|SANTO ANTONIO DE PADUA,glp,2,34.0,34.0,34.0,34.0,34.0
2006-08,MUN,RJ|SAO GONCALO,glp,1,30.99,30.99,30.99,30.99,30.99
2006-08,MUN,RJ|SAO JOAO DE MERITI,glp,6,32.0,31.0,32.0,30.0,32.0
2006-08,MUN,RJ|SAPUCAIA,glp,2,31.5,30.3,32.7,30.0,33.0
2006-08,MUN,RJ|SAQUAREMA,glp,3,31.0,31.0,32.6,31.0,33.0
2006-08,MUN,RJ|TERESOPOLIS,glp,4,32.5,31.3,33.0,31.0,33.0
2006-08,MUN,RJ|TRES RIOS,glp,1,32.9,32.9,32.9,32.9,32.9
2006-08,MUN,RJ|VALENCA,glp,7,33.0,32.2,34.4,31.0,35.0
2006-08,MUN,RJ|VASSOURAS,glp,2,36.0,36.0,36.0,36.0,36.0
2006-08,MUN,RJ|VOLTA REDONDA,glp,6,35.0,33.5,35.0,33.0,35.0
2006-08,MUN,RN|CAICO,glp,3,33.0,33.0,33.0,33.0,33.0
2006-08,MUN,RN|CURRAIS NOVOS,glp,4,32.0,32.0,32.0,32.0,32.0
2006-08,MUN,RN|MOSSORO,glp,3,30.0,30.0,31.6,30.0,32.0
2006-08,MUN,RN|NATAL,glp,6,32.0,32.0,32.0,32.0,32.0
2006-08,MUN,RN|PARNAMIRIM,glp,3,30.5,30.1,31.7,30.0,32.0
2006-08,MUN,RN|SAO JOSE DE MIPIBU,glp,3,32.0,32.0,32.0,32.0,32.0
2006-08,MUN,RN|TIMBAUBA DOS BATISTAS,glp,1,33.0,33.0,33.0,33.0,33.0
2006-08,MUN,RO|ARIQUEMES,glp,12,38.0,38.0,38.0,38.0,38.0
2006-08,MUN,RO|CACOAL,glp,9,37.5,37.0,38.0,37.0,38.0
2006-08,MUN,RO|GUAJARA-MIRIM,glp,3,38.0,38.0,38.8,38.0,39.0
2006-08,MUN,RO|JI-PARANA,glp,12,37.0,36.0,37.5,36.0,39.0
2006-08,MUN,RO|PIMENTA BUENO,glp,3,39.0,39.0,39.0,39.0,39.0
2006-08,MUN,RO|PORTO VELHO,glp,166,33.0,32.0,33.0,31.0,34.5
2006-08,MUN,RO|SAO MIGUEL DO GUAPORE,glp,1,42.0,42.0,42.0,42.0,42.0
2006-08,MUN,RO|VILHENA,glp,5,42.0,42.0,42.03,42.0,42.05
2006-08,MUN,RR|BOA VISTA,glp,27,36.0,35.6,37.0,34.7,39.0
2006-08,MUN,RR|CARACARAI,glp,1,41.0,41.0,41.0,41.0,41.0
2006-08,MUN,RR|MUCAJAI,glp,1,37.0,37.0,37.0,37.0,37.0
2006-08,MUN,RR|RORAINOPOLIS,glp,1,38.0,38.0,38.0,38.0,38.0
2006-08,MUN,RS|ALEGRETE,glp,4,34.5,34.0,36.4,34.0,37.0
2006-08,MUN,RS|ALVORADA,glp,12,33.0,32.0,33.0,30.0,34.0
2006-08,MUN,RS|BAGE,glp,4,32.025,32.0,33.415,32.0,34.0
2006-08,MUN,RS|BENTO GONCALVES,glp,6,35.5,35.25,36.5,35.0,37.5
2006-08,MUN,RS|BOZANO,glp,1,38.0,38.0,38.0,38.0,38.0
2006-08,MUN,RS|CACAPAVA DO SUL,glp,4,37.0,36.3,37.0,36.0,37.0
2006-08,MUN,RS|CACHOEIRA DO SUL,glp,10,33.0,33.0,33.1,33.0,34.0
2006-08,MUN,RS|CACHOEIRINHA,glp,4,32.5,31.3,33.7,31.0,34.0
2006-08,MUN,RS|CANOAS,glp,17,33.0,30.6,34.0,30.0,36.0
2006-08,MUN,RS|CAXIAS DO SUL,glp,44,35.0,35.0,36.0,35.0,37.0
2006-08,MUN,RS|CRUZ ALTA,glp,1,35.0,35.0,35.0,35.0,35.0
2006-08,MUN,RS|ERECHIM,glp,8,35.0,35.0,38.3,35.0,39.0
2006-08,MUN,RS|ESTEIO,glp,9,34.0,32.0,34.2,32.0,35.0
2006-08,MUN,RS|GRAMADO,glp,3,35.0,35.0,35.0,35.0,35.0
2006-08,MUN,RS|GRAVATAI,glp,6,33.0,33.0,34.0,33.0,34.0
2006-08,MUN,RS|GUAIBA,glp,3,32.9,32.18,33.78,32.0,34.0
2006-08,MUN,RS|IJUI,glp,12,35.0,34.0,36.0,33.0,36.0
2006-08,MUN,RS|JAGUARAO,glp,3,32.0,32.0,33.2,32.0,33.5
2006-08,MUN,RS|LAJEADO,glp,11,32.0,32.0,33.0,32.0,33.0
2006-08,MUN,RS|NOVO HAMBURGO,glp,7,32.0,32.0,34.0,32.0,34.0
2006-08,MUN,RS|OSORIO,glp,2,36.0,36.0,36.0,36.0,36.0
2006-08,MUN,RS|PALMEIRA DAS MISSOES,glp,12,36.5,34.1,38.9,33.0,39.0
2006-08,MUN,RS|PASSO FUNDO,glp,41,35.0,34.0,36.0,34.0,36.0
2006-08,MUN,RS|PELOTAS,glp,33,32.0,31.0,34.0,30.0,35.0
2006-08,MUN,RS|PORTO ALEGRE,glp,60,33.0,32.0,33.0,31.0,34.0
2006-08,MUN,RS|RIO GRANDE,glp,14,34.0,32.3,34.0,31.0,35.0
2006-08,MUN,RS|SANTA CRUZ DO SUL,glp,3,33.0,33.0,33.0,33.0,33.0
2006-08,MUN,RS|SANTA MARIA,glp,23,33.0,32.0,33.9,31.0,34.0
2006-08,MUN,RS|SANTA ROSA,glp,5,34.0,33.4,35.9,33.0,36.5
2006-08,MUN,RS|SANTANA DO LIVRAMENTO,glp,2,34.0,34.0,34.0,34.0,34.0
2006-08,MUN,RS|SANTO ANGELO,glp,3,36.0,36.0,36.0,36.0,36.0
2006-08,MUN,RS|SAO BORJA,glp,2,33.75,33.55,33.95,33.5,34.0
2006-08,MUN,RS|SAO GABRIEL,glp,1,38.0,38.0,38.0,38.0,38.0
2006-08,MUN,RS|SAO LEOPOLDO,glp,20,32.25,32.0,33.075,32.0,34.0
2006-08,MUN,RS|SAO LUIZ GONZAGA,glp,9,36.0,35.9,37.1,35.5,37.5
2006-08,MUN,RS|SAPIRANGA,glp,3,32.0,32.0,32.8,32.0,33.0
2006-08,MUN,RS|SAPUCAIA DO SUL,glp,13,34.0,34.0,34.0,34.0,34.0
2006-08,MUN,RS|TORRES,glp,3,35.0,35.0,35.0,35.0,35.0
2006-08,MUN,RS|TRAMANDAI,glp,3,37.0,35.4,37.8,35.0,38.0
2006-08,MUN,RS|URUGUAIANA,glp,4,37.0,37.0,37.0,37.0,37.0
2006-08,MUN,RS|VACARIA,glp,9,34.01,33.8,35.2,33.0,36.0
2006-08,MUN,RS|VIAMAO,glp,4,33.5,33.0,34.0,33.0,34.0
2006-08,MUN,SC|ARARANGUA,glp,3,38.0,38.0,39.6,38.0,40.0
2006-08,MUN,SC|BALNEARIO CAMBORIU,glp,4,36.5,35.3,37.0,35.0,37.0
2006-08,MUN,SC|BIGUACU,glp,1,35.5,35.5,35.5,35.5,35.5
2006-08,MUN,SC|BLUMENAU,glp,99,36.0,34.5,36.55,33.0,37.5
2006-08,MUN,SC|BOMBINHAS,glp,1,33.0,33.0,33.0,33.0,33.0
2006-08,MUN,SC|BRUSQUE,glp,6,36.0,34.0,38.9,33.0,39.9
2006-08,MUN,SC|CACADOR,glp,2,36.0,36.0,36.0,36.0,36.0
2006-08,MUN,SC|CHAPECO,glp,44,35.0,34.0,35.0,33.9,36.0
2006-08,MUN,SC|CONCORDIA,glp,39,35.0,34.0,36.2,33.5,37.0
2006-08,MUN,SC|CRICIUMA,glp,9,38.0,35.0,39.36,35.0,40.0
2006-08,MUN,SC|FLORIANOPOLIS,glp,166,36.0,35.0,37.5,34.0,38.0
2006-08,MUN,SC|ITAJAI,glp,95,34.0,33.68,35.0,33.0,36.0
2006-08,MUN,SC|JARAGUA DO SUL,glp,2,37.25,36.65,37.85,36.5,38.0
2006-08,MUN,SC|JOINVILLE,glp,167,37.0,36.0,37.0,33.65,37.5
2006-08,MUN,SC|LAGES,glp,4,35.0,35.0,35.0,35.0,35.0
2006-08,MUN,SC|LAGUNA,glp,3,35.0,35.0,35.0,35.0,35.0
2006-08,MUN,SC|MAFRA,glp,2,33.95,33.11,34.79,32.9,35.0
2006-08,MUN,SC|PALHOCA,glp,23,35.0,35.0,36.0,35.0,36.0
2006-08,MUN,SC|SAO JOSE,glp,19,34.0,33.98,35.0,33.8,35.4
2006-08,MUN,SC|SAO MIGUEL DO OESTE,glp,14,34.75,34.0,35.0,33.0,37.0
2006-08,MUN,SC|TIJUCAS,glp,1,35.5,35.5,35.5,35.5,35.5
2006-08,MUN,SC|TUBARAO,glp,12,35.0,33.0,35.09,33.0,36.0
2006-08,MUN,SC|VIDEIRA,glp,4,36.0,36.0,36.0,36.0,36.0
2006-08,MUN,SC|XANXERE,glp,14,34.95,33.27,35.0,33.0,36.0
2006-08,MUN,SE|ARACAJU,glp,25,33.0,32.0,33.0,30.0,35.0
2006-08,MUN,SE|ITABAIANA,glp,6,33.0,33.0,33.0,33.0,33.0
2006-08,MUN,SE|ITABAIANINHA,glp,3,32.0,32.0,32.0,32.0,32.0
2006-08,MUN,SE|LAGARTO,glp,4,32.0,32.0,32.0,32.0,32.0
2006-08,MUN,SE|NOSSA SENHORA DO SOCORRO,glp,11,33.0,33.0,34.0,33.0,34.0
2006-08,MUN,SE|SIMAO DIAS,glp,3,32.0,32.0,32.0,32.0,32.0
2006-08,MUN,SE|TOBIAS BARRETO,glp,3,33.0,33.0,33.0,33.0,33.0
2006-08,MUN,SP|ADAMANTINA,glp,7,33.0,32.0,33.0,32.0,33.0
2006-08,MUN,SP|AMERICANA,glp,17,34.0,33.594,34.0,31.99,35.0
2006-08,MUN,SP|AMERICO BRASILIENSE,glp,1,32.0,32.0,32.0,32.0,32.0
2006-08,MUN,SP|AMPARO,glp,5,30.0,30.0,31.74,30.0,32.9
2006-08,MUN,SP|APIAI,glp,2,33.0,32.2,33.8,32.0,34.0
2006-08,MUN,SP|ARACARIGUAMA,glp,1,31.0,31.0,31.0,31.0,31.0
2006-08,MUN,SP|ARACATUBA,glp,24,32.0,30.0,32.0,29.0,33.0
2006-08,MUN,SP|ARARAQUARA,glp,12,30.0,30.0,31.0,30.0,31.0
2006-08,MUN,SP|ARARAS,glp,2,30.0,30.0,30.0,30.0,30.0
2006-08,MUN,SP|AREIOPOLIS,glp,1,42.0,42.0,42.0,42.0,42.0
2006-08,MUN,SP|ASSIS,glp,7,32.0,30.0,32.0,30.0,32.0
2006-08,MUN,SP|ATIBAIA,glp,20,32.9,31.86,33.55,31.0,34.0
2006-08,MUN,SP|AVARE,glp,4,34.0,34.0,34.0,34.0,34.0
2006-08,MUN,SP|BARRETOS,glp,5,30.0,29.0,30.0,29.0,30.0
2006-08,MUN,SP|BARUERI,glp,6,30.0,29.5,30.5,29.0,31.0
2006-08,MUN,SP|BAURU,glp,20,30.0,30.0,32.0,30.0,32.5
2006-08,MUN,SP|BEBEDOURO,glp,4,32.0,30.6,32.0,30.0,32.0
2006-08,MUN,SP|BIRIGUI,glp,7,30.0,30.0,32.0,30.0,32.0
2006-08,MUN,SP|BOTUCATU,glp,12,31.9,31.9,32.0,31.5,32.45
2006-08,MUN,SP|BRAGANCA PAULISTA,glp,11,30.0,29.0,30.0,29.0,30.0
2006-08,MUN,SP|CACAPAVA,glp,6,31.0,30.0,32.5,30.0,33.0
2006-08,MUN,SP|CAMPINAS,glp,49,31.0,30.0,32.92,28.0,33.0
2006-08,MUN,SP|CAMPOS DO JORDAO,glp,7,31.0,30.96,31.81,30.9,31.99
2006-08,MUN,SP|CAPAO BONITO,glp,4,32.495,31.3,32.997,31.0,33.0
2006-08,MUN,SP|CARAGUATATUBA,glp,7,33.0,32.0,34.1,30.5,34.25
2006-08,MUN,SP|CARAPICUIBA,glp,12,30.0,28.191,30.99,27.99,30.99
2006-08,MUN,SP|CATANDUVA,glp,6,32.0,30.5,32.5,30.0,33.0
2006-08,MUN,SP|COSMOPOLIS,glp,4,34.0,34.0,34.0,34.0,34.0
2006-08,MUN,SP|COTIA,glp,10,30.95,29.99,31.1,29.99,32.0
2006-08,MUN,SP|CRUZEIRO,glp,7,32.0,31.996,32.4,31.99,33.0
2006-08,MUN,SP|CUBATAO,glp,5,30.0,29.0,30.0,29.0,30.0
2006-08,MUN,SP|DESCALVADO,glp,1,30.0,30.0,30.0,30.0,30.0
2006-08,MUN,SP|DIADEMA,glp,4,27.99,27.99,29.257,27.99,29.8
2006-08,MUN,SP|DRACENA,glp,4,32.5,30.0,35.0,30.0,35.0
2006-08,MUN,SP|EMBU DAS ARTES,glp,6,29.995,29.9,30.95,29.9,31.0
2006-08,MUN,SP|ENGENHEIRO COELHO,glp,1,30.0,30.0,30.0,30.0,30.0
2006-08,MUN,SP|ESPIRITO SANTO DO PINHAL,glp,1,33.0,33.0,33.0,33.0,33.0
2006-08,MUN,SP|FERRAZ DE VASCONCELOS,glp,9,30.0,30.0,32.4,30.0,34.0
2006-08,MUN,SP|FRANCA,glp,14,34.0,30.9,34.0,30.0,34.0
2006-08,MUN,SP|FRANCISCO MORATO,glp,5,31.5,31.2,32.4,31.0,33.0
2006-08,MUN,SP|FRANCO DA ROCHA,glp,3,31.5,31.42,32.22,31.4,32.4
2006-08,MUN,SP|GARCA,glp,5,33.0,33.0,33.0,33.0,33.0
2006-08,MUN,SP|GUARATINGUETA,glp,3,32.0,30.4,32.8,30.0,33.0
2006-08,MUN,SP|GUARUJA,glp,4,33.35,33.025,33.815,32.95,33.95
2006-08,MUN,SP|GUARULHOS,glp,57,30.5,30.0,31.0,29.5,32.0
2006-08,MUN,SP|HORTOLANDIA,glp,16,32.0,31.5,33.495,30.0,33.99
2006-08,MUN,SP|IBITINGA,glp,5,30.0,30.0,31.6,30.0,32.0
2006-08,MUN,SP|INDAIATUBA,glp,22,34.0,34.0,34.0,33.0,35.0
2006-08,MUN,SP|ITANHAEM,glp,4,32.0,32.0,32.0,32.0,32.0
2006-08,MUN,SP|ITAPECERICA DA SERRA,glp,1,31.99,31.99,31.99,31.99,31.99
2006-08,MUN,SP|ITAPETININGA,glp,16,30.0,29.0,30.0,28.0,31.0
2006-08,MUN,SP|ITAPEVA,glp,6,32.0,31.5,32.5,31.0,33.0
2006-08,MUN,SP|ITAPEVI,glp,3,29.0,28.192,29.8,27.99,30.0
2006-08,MUN,SP|ITAPIRA,glp,7,30.0,29.6,31.0,29.0,31.0
2006-08,MUN,SP|ITAPOLIS,glp,4,30.0,30.0,30.0,30.0,30.0
2006-08,MUN,SP|ITAQUAQUECETUBA,glp,7,32.0,30.0,32.4,30.0,33.0
2006-08,MUN,SP|ITATIBA,glp,6,31.75,31.0,32.0,31.0,32.0
2006-08,MUN,SP|ITU,glp,15,30.0,28.0,31.9,28.0,32.0
2006-08,MUN,SP|JABOTICABAL,glp,7,32.0,30.6,33.0,30.0,33.0
2006-08,MUN,SP|JACAREI,glp,12,31.0,30.0,31.9,30.0,32.0
2006-08,MUN,SP|JALES,glp,4,32.5,30.6,33.0,30.0,33.0
2006-08,MUN,SP|JANDIRA,glp,4,29.495,29.0,29.997,29.0,30.0
2006-08,MUN,SP|JAU,glp,7,30.0,30.0,32.0,30.0,32.0
2006-08,MUN,SP|JOSE BONIFACIO,glp,6,30.5,29.5,32.0,29.0,32.0
2006-08,MUN,SP|JUNDIAI,glp,12,30.995,27.2,31.0,27.0,31.84
2006-08,MUN,SP|LEME,glp,18,30.0,30.0,30.9,30.0,34.0
2006-08,MUN,SP|LIMEIRA,glp,24,34.0,32.0,34.7,30.0,35.0
2006-08,MUN,SP|LINS,glp,9,32.0,31.6,32.0,30.0,32.0
2006-08,MUN,SP|LORENA,glp,6,32.0,30.0,32.0,30.0,32.0
2006-08,MUN,SP|MARILIA,glp,9,30.0,28.0,30.0,28.0,30.0
2006-08,MUN,SP|MATAO,glp,8,31.5,30.0,32.3,30.0,33.0
2006-08,MUN,SP|MAUA,glp,12,32.5,30.05,33.0,30.0,33.9
2006-08,MUN,SP|MIRASSOL,glp,8,30.0,30.0,30.6,30.0,32.0
2006-08,MUN,SP|MOCOCA,glp,8,35.0,34.87,35.0,34.8,35.0
2006-08,MUN,SP|MOGI DAS CRUZES,glp,7,34.0,32.2,34.0,31.0,34.0
2006-08,MUN,SP|MOGI GUACU,glp,12,30.0,29.0,32.0,28.0,33.0
2006-08,MUN,SP|MOGI MIRIM,glp,7,33.0,31.8,33.0,30.0,33.0
2006-08,MUN,SP|MONTE ALTO,glp,4,32.0,31.0,33.0,31.0,33.0
2006-08,MUN,SP|OLIMPIA,glp,3,30.0,30.0,30.8,30.0,31.0
2006-08,MUN,SP|OSASCO,glp,34,30.0,27.99,31.0,27.99,32.0
2006-08,MUN,SP|OURINHOS,glp,12,30.0,29.0,32.0,29.0,33.0
2006-08,MUN,SP|PARAGUACU PAULISTA,glp,7,32.0,29.5,32.2,29.5,32.5
2006-08,MUN,SP|PAULINIA,glp,11,32.0,32.0,33.0,30.0,33.0
2006-08,MUN,SP|PIEDADE,glp,1,30.0,30.0,30.0,30.0,30.0
2006-08,MUN,SP|PINDAMONHANGABA,glp,5,32.5,32.0,33.0,32.0,33.0
2006-08,MUN,SP|PIRACICABA,glp,11,32.0,32.0,33.0,30.0,35.0
2006-08,MUN,SP|PIRAPORA DO BOM JESUS,glp,1,29.0,29.0,29.0,29.0,29.0
2006-08,MUN,SP|PIRASSUNUNGA,glp,16,30.0,30.0,31.95,30.0,32.0
2006-08,MUN,SP|POA,glp,3,30.0,30.0,31.6,30.0,32.0
2006-08,MUN,SP|PORTO FERREIRA,glp,8,30.0,30.0,30.0,30.0,30.0
2006-08,MUN,SP|PRAIA GRANDE,glp,7,33.0,32.3,34.0,32.0,34.0
2006-08,MUN,SP|PRESIDENTE PRUDENTE,glp,22,31.0,30.0,33.0,29.0,33.0
2006-08,MUN,SP|PRESIDENTE VENCESLAU,glp,3,28.9,28.18,29.78,28.0,30.0
2006-08,MUN,SP|RIBEIRAO PIRES,glp,4,32.445,31.647,32.97,31.5,33.0
2006-08,MUN,SP|RIBEIRAO PRETO,glp,11,32.0,32.0,33.0,30.0,33.0
2006-08,MUN,SP|RIO CLARO,glp,12,30.0,29.991,30.0,29.0,30.0
2006-08,MUN,SP|RIO DAS PEDRAS,glp,1,33.0,33.0,33.0,33.0,33.0
2006-08,MUN,SP|SALTINHO,glp,1,32.0,32.0,32.0,32.0,32.0
2006-08,MUN,SP|SALTO,glp,9,32.0,30.0,32.0,30.0,32.0
2006-08,MUN,SP|SANTA BARBARA D'OESTE,glp,20,35.0,34.0,35.0,34.0,35.0
2006-08,MUN,SP|SANTA CRUZ DO RIO PARDO,glp,7,32.0,32.0,32.0,32.0,32.0
2006-08,MUN,SP|SANTO ANDRE,glp,24,33.0,32.0,33.85,32.0,34.5
2006-08,MUN,SP|SANTOS,glp,10,31.0,30.9,33.1,30.0,34.0
2006-08,MUN,SP|SAO BERNARDO DO CAMPO,glp,23,32.5,31.18,33.2,28.0,33.5
2006-08,MUN,SP|SAO CAETANO DO SUL,glp,3,30.0,29.992,30.8,29.99,31.0
2006-08,MUN,SP|SAO CARLOS,glp,7,30.0,28.54,30.94,28.0,31.0
2006-08,MUN,SP|SAO JOAO DA BOA VISTA,glp,5,33.0,30.8,33.0,30.0,33.0
2006-08,MUN,SP|SAO JOAQUIM DA BARRA,glp,2,30.0,30.0,30.0,30.0,30.0
2006-08,MUN,SP|SAO JOSE DO RIO PRETO,glp,32,32.0,30.352,33.0,30.0,33.0
2006-08,MUN,SP|SAO JOSE DOS CAMPOS,glp,38,31.0,30.0,32.0,30.0,34.0
2006-08,MUN,SP|SAO PAULO,glp,205,30.0,29.0,31.8,27.0,34.0
2006-08,MUN,SP|SAO ROQUE,glp,4,31.0,30.3,31.35,30.0,31.5
2006-08,MUN,SP|SAO VICENTE,glp,10,31.0,30.0,32.01,30.0,33.0
2006-08,MUN,SP|SERTAOZINHO,glp,18,32.0,30.7,32.0,30.0,32.0
2006-08,MUN,SP|SOROCABA,glp,28,29.5,29.0,31.0,28.0,34.0
2006-08,MUN,SP|SUMARE,glp,28,34.0,32.7,34.3,32.0,35.0
2006-08,MUN,SP|SUZANO,glp,8,32.0,31.1,32.0,29.0,32.0
2006-08,MUN,SP|TABOAO DA SERRA,glp,3,31.0,30.12,32.6,29.9,33.0
2006-08,MUN,SP|TATUI,glp,7,29.0,28.6,32.0,28.0,32.0
2006-08,MUN,SP|TAUBATE,glp,6,33.0,32.995,33.0,32.99,33.0
2006-08,MUN,SP|TRES FRONTEIRAS,glp,1,32.0,32.0,32.0,32.0,32.0
2006-08,MUN,SP|TUPA,glp,2,30.0,30.0,30.0,30.0,30.0
2006-08,MUN,SP|UBATUBA,glp,12,34.0,33.5,34.225,30.0,34.5
2006-08,MUN,SP|VALINHOS,glp,10,33.0,32.0,33.0,32.0,33.0
2006-08,MUN,SP|VARGEM,glp,1,34.0,34.0,34.0,34.0,34.0
2006-08,MUN,SP|VARZEA PAULISTA,glp,7,32.0,30.0,32.0,30.0,32.0
2006-08,MUN,SP|VINHEDO,glp,5,32.0,30.8,32.6,30.0,33.0
2006-08,MUN,SP|VOTORANTIM,glp,8,28.5,27.693,30.0,27.0,30.0
2006-08,MUN,SP|VOTUPORANGA,glp,15,32.0,30.0,33.0,30.0,34.0
2006-08,MUN,TO|ALMAS,glp,1,37.0,37.0,37.0,37.0,37.0
2006-08,MUN,TO|ARAGUAINA,glp,10,37.0,37.0,37.0,37.0,37.0
2006-08,MUN,TO|COMBINADO,glp,1,37.0,37.0,37.0,37.0,37.0
2006-08,MUN,TO|DIANOPOLIS,glp,6,35.0,35.0,35.0,35.0,35.0
2006-08,MUN,TO|GURUPI,glp,58,35.0,34.0,35.0,34.0,35.0
2006-08,MUN,TO|LAGOA DA CONFUSAO,glp,1,37.0,37.0,37.0,37.0,37.0
2006-08,MUN,TO|PALMAS,glp,30,36.0,35.0,37.0,34.0,37.0
2006-08,MUN,TO|PARAISO DO TOCANTINS,glp,19,35.0,35.0,35.0,35.0,35.0
2006-08,MUN,TO|PORTO NACIONAL,glp,13,37.0,37.0,37.0,36.0,37.0
2006-08,MUN,TO|TAGUATINGA,glp,1,37.0,37.0,37.0,37.0,37.0
2006-08,UF,AC,glp,78,37.0,36.0,39.0,35.0,46.0
2006-08,UF,AL,glp,30,32.0,30.0,33.0,30.0,34.0
2006-08,UF,AM,glp,297,31.0,30.0,32.0,29.5,36.0
2006-08,UF,AP,glp,12,35.0,35.0,44.6,35.0,46.0
2006-08,UF,BA,glp,314,32.0,30.0,35.0,27.0,38.0
2006-08,UF,CE,glp,274,32.0,31.0,33.0,30.0,35.0
2006-08,UF,DF,glp,163,35.0,35.0,36.0,34.0,37.0
2006-08,UF,ES,glp,229,34.0,32.0,35.5,30.0,38.0
2006-08,UF,GO,glp,637,32.0,30.0,36.0,29.9,38.0
2006-08,UF,MA,glp,64,34.0,33.0,37.55,32.0,38.0
2006-08,UF,MG,glp,1290,34.0,32.0,37.0,29.0,38.0
2006-08,UF,MS,glp,198,36.0,33.7,38.0,30.0,39.0
2006-08,UF,MT,glp,122,40.0,37.55,42.0,36.0,43.0
2006-08,UF,PA,glp,236,31.0,30.25,35.0,27.0,38.0
2006-08,UF,PB,glp,75,35.0,33.0,35.0,30.0,35.0
2006-08,UF,PE,glp,304,32.0,30.0,33.0,28.0,35.0
2006-08,UF,PI,glp,44,35.0,35.0,36.35,35.0,36.5
2006-08,UF,PR,glp,719,32.0,31.0,35.0,29.0,39.0
2006-08,UF,RJ,glp,259,32.0,30.0,35.0,28.99,36.5
2006-08,UF,RN,glp,23,32.0,30.1,33.0,30.0,33.0
2006-08,UF,RO,glp,211,33.0,32.0,38.0,31.0,42.05
2006-08,UF,RR,glp,30,36.0,35.9,37.1,34.7,41.0
2006-08,UF,RS,glp,438,34.0,32.0,36.0,30.0,39.0
2006-08,UF,SC,glp,734,36.0,34.0,37.0,32.9,40.0
2006-08,UF,SE,glp,55,33.0,32.0,33.0,30.0,35.0
2006-08,UF,SP,glp,1429,31.0,29.9,33.992,27.0,42.0
2006-08,UF,TO,glp,140,35.0,35.0,37.0,34.0,37.0
2006-09,BR,BR,glp,8413,33.0,30.0,37.0,26.0,46.0
2006-09,MUN,AC|CRUZEIRO DO SUL,glp,1,46.0,46.0,46.0,46.0,46.0
2006-09,MUN,AC|RIO BRANCO,glp,70,37.0,36.0,38.0,35.0,39.0
2006-09,MUN,AC|SENA MADUREIRA,glp,2,39.0,39.0,39.0,39.0,39.0
2006-09,MUN,AC|TARAUACA,glp,2,44.0,44.0,44.0,44.0,44.0
2006-09,MUN,AC|XAPURI,glp,2,40.5,40.1,40.9,40.0,41.0
2006-09,MUN,AL|ARAPIRACA,glp,6,33.0,33.0,33.0,33.0,33.0
2006-09,MUN,AL|DELMIRO GOUVEIA,glp,2,30.0,30.0,30.0,30.0,30.0
2006-09,MUN,AL|MACEIO,glp,18,31.25,30.0,33.0,30.0,34.0
2006-09,MUN,AL|MARECHAL DEODORO,glp,1,32.0,32.0,32.0,32.0,32.0
2006-09,MUN,AL|PALMEIRA DOS INDIOS,glp,2,33.0,33.0,33.0,33.0,33.0
2006-09,MUN,AL|RIO LARGO,glp,1,31.0,31.0,31.0,31.0,31.0
2006-09,MUN,AM|HUMAITA,glp,1,34.5,34.5,34.5,34.5,34.5
2006-09,MUN,AM|ITACOATIARA,glp,1,33.0,33.0,33.0,33.0,33.0
2006-09,MUN,AM|MANACAPURU,glp,1,32.0,32.0,32.0,32.0,32.0
2006-09,MUN,AM|MANAUS,glp,298,31.0,30.0,32.0,29.5,35.0
2006-09,MUN,AM|PARINTINS,glp,1,33.0,33.0,33.0,33.0,33.0
2006-09,MUN,AM|PRESIDENTE FIGUEIREDO,glp,1,36.0,36.0,36.0,36.0,36.0
2006-09,MUN,AP|CALCOENE,glp,1,41.0,41.0,41.0,41.0,41.0
2006-09,MUN,AP|MACAPA,glp,5,35.0,35.0,35.0,35.0,35.0
2006-09,MUN,AP|OIAPOQUE,glp,2,45.0,45.0,45.0,45.0,45.0
2006-09,MUN,AP|SANTANA,glp,2,35.0,35.0,35.0,35.0,35.0
2006-09,MUN,BA|ALAGOINHAS,glp,3,35.0,35.0,35.0,35.0,35.0
2006-09,MUN,BA|BARRA,glp,4,31.5,31.0,32.0,31.0,32.0
2006-09,MUN,BA|BARREIRAS,glp,6,36.0,36.0,36.0,36.0,36.0
2006-09,MUN,BA|BRUMADO,glp,4,30.0,30.0,30.7,30.0,31.0
2006-09,MUN,BA|CAETITE,glp,6,30.0,29.5,30.0,29.0,30.0
2006-09,MUN,BA|CAMACARI,glp,6,36.25,35.0,36.5,35.0,36.5
2006-09,MUN,BA|CAMPO FORMOSO,glp,3,35.0,35.0,35.0,35.0,35.0
2006-09,MUN,BA|CANDEIAS,glp,6,33.0,32.0,33.5,32.0,34.0
2006-09,MUN,BA|CAPIM GROSSO,glp,1,35.0,35.0,35.0,35.0,35.0
2006-09,MUN,BA|CONCEICAO DO JACUIPE,glp,1,35.0,35.0,35.0,35.0,35.0
2006-09,MUN,BA|EUNAPOLIS,glp,7,35.0,35.0,35.0,35.0,35.0
2006-09,MUN,BA|FEIRA DE SANTANA,glp,12,35.5,35.25,36.0,32.0,36.0
2006-09,MUN,BA|GUANAMBI,glp,9,33.0,32.4,33.0,30.0,33.0
2006-09,MUN,BA|ILHEUS,glp,8,35.0,35.0,35.0,35.0,35.0
2006-09,MUN,BA|IPIRA,glp,3,35.0,35.0,35.0,35.0,35.0
2006-09,MUN,BA|IRECE,glp,4,32.0,32.0,32.0,32.0,32.0
2006-09,MUN,BA|ITABUNA,glp,7,34.0,33.0,34.0,33.0,34.0
2006-09,MUN,BA|ITAMARAJU,glp,5,32.0,32.0,32.0,32.0,32.0
2006-09,MUN,BA|JACOBINA,glp,8,32.5,31.4,33.15,30.0,33.5
2006-09,MUN,BA|JAGUAQUARA,glp,6,35.0,33.0,35.0,33.0,35.0
2006-09,MUN,BA|JEQUIE,glp,4,35.0,32.9,35.035,32.0,35.05
2006-09,MUN,BA|JUAZEIRO,glp,6,33.0,33.0,33.0,33.0,33.0
2006-09,MUN,BA|LAURO DE FREITAS,glp,8,32.0,31.4,32.0,30.0,32.0
2006-09,MUN,BA|PAULO AFONSO,glp,5,34.0,33.2,34.0,33.0,34.0
2006-09,MUN,BA|POCOES,glp,3,33.0,33.0,33.0,33.0,33.0
2006-09,MUN,BA|PORTO SEGURO,glp,6,35.0,35.0,35.0,35.0,35.0
2006-09,MUN,BA|RUY BARBOSA,glp,4,35.0,35.0,35.0,35.0,35.0
2006-09,MUN,BA|SALVADOR,glp,127,31.99,30.0,32.0,30.0,33.95
2006-09,MUN,BA|SANTO ANTONIO DE JESUS,glp,4,35.0,35.0,35.0,35.0,35.0
2006-09,MUN,BA|SENHOR DO BONFIM,glp,4,35.0,35.0,35.0,35.0,35.0
2006-09,MUN,BA|SERRINHA,glp,3,35.0,35.0,35.0,35.0,35.0
2006-09,MUN,BA|SIMOES FILHO,glp,6,33.0,33.0,33.0,33.0,33.0
2006-09,MUN,BA|TEIXEIRA DE FREITAS,glp,3,34.0,33.2,34.8,33.0,35.0
2006-09,MUN,BA|VALENCA,glp,4,35.0,35.0,35.0,35.0,35.0
2006-09,MUN,BA|VITORIA DA CONQUISTA,glp,2,33.525,33.145,33.905,33.05,34.0
2006-09,MUN,CE|BEBERIBE,glp,1,31.0,31.0,31.0,31.0,31.0
2006-09,MUN,CE|CANINDE,glp,2,31.0,31.0,31.0,31.0,31.0
2006-09,MUN,CE|CAUCAIA,glp,34,32.35,32.0,33.0,31.0,33.95
2006-09,MUN,CE|CRATEUS,glp,3,33.0,32.2,33.0,32.0,33.0
2006-09,MUN,CE|CRATO,glp,7,32.0,31.0,32.0,31.0,32.0
2006-09,MUN,CE|FORTALEZA,glp,168,32.95,32.0,33.145,31.0,34.0
2006-09,MUN,CE|IGUATU,glp,2,32.0,32.0,32.0,32.0,32.0
2006-09,MUN,CE|IPU,glp,3,35.0,35.0,35.0,35.0,35.0
2006-09,MUN,CE|ITAPIPOCA,glp,3,30.0,30.0,30.0,30.0,30.0
2006-09,MUN,CE|JUAZEIRO DO NORTE,glp,6,32.0,31.5,32.0,31.0,32.0
2006-09,MUN,CE|LIMOEIRO DO NORTE,glp,2,34.0,34.0,34.0,34.0,34.0
2006-09,MUN,CE|MARACANAU,glp,12,32.875,31.55,33.43,31.0,33.75
2006-09,MUN,CE|MORADA NOVA,glp,3,33.0,33.0,33.0,33.0,33.0
2006-09,MUN,CE|PEDRA BRANCA,glp,2,31.75,31.55,31.95,31.5,32.0
2006-09,MUN,CE|QUIXADA,glp,5,34.0,34.0,34.0,34.0,34.0
2006-09,MUN,CE|SAO GONCALO DO AMARANTE,glp,1,30.0,30.0,30.0,30.0,30.0
2006-09,MUN,CE|SOBRAL,glp,4,31.0,30.0,32.0,30.0,32.0
2006-09,MUN,DF|BRASILIA,glp,249,36.0,35.0,39.0,33.5,39.01
2006-09,MUN,ES|ARACRUZ,glp,6,34.25,32.75,35.0,32.0,35.0
2006-09,MUN,ES|BARRA DE SAO FRANCISCO,glp,10,30.0,30.0,33.3,30.0,36.0
2006-09,MUN,ES|CACHOEIRO DE ITAPEMIRIM,glp,20,33.0,32.0,33.0,32.0,33.45
2006-09,MUN,ES|CARIACICA,glp,21,34.5,33.975,37.0,33.0,37.8
2006-09,MUN,ES|CASTELO,glp,4,33.0,33.0,35.03,33.0,35.9
2006-09,MUN,ES|COLATINA,glp,8,33.75,32.0,35.0,32.0,35.0
2006-09,MUN,ES|GUARAPARI,glp,5,35.0,33.4,35.8,33.0,36.0
2006-09,MUN,ES|ITAPEMIRIM,glp,2,32.25,31.65,32.85,31.5,33.0
2006-09,MUN,ES|JAGUARE,glp,2,33.95,33.91,33.99,33.9,34.0
2006-09,MUN,ES|LINHARES,glp,18,35.0,31.4,35.0,30.0,35.0
2006-09,MUN,ES|NOVA VENECIA,glp,2,36.5,36.1,36.9,36.0,37.0
2006-09,MUN,ES|PIUMA,glp,1,35.0,35.0,35.0,35.0,35.0
2006-09,MUN,ES|SAO MATEUS,glp,8,33.0,33.0,33.45,33.0,34.5
2006-09,MUN,ES|SERRA,glp,92,36.0,35.0,36.0,34.0,37.05
2006-09,MUN,ES|VILA VELHA,glp,22,35.0,35.0,35.0,34.5,35.0
2006-09,MUN,ES|VITORIA,glp,6,35.5,35.0,36.0,35.0,36.0
2006-09,MUN,GO|ABADIA DE GOIAS,glp,1,31.0,31.0,31.0,31.0,31.0
2006-09,MUN,GO|AGUAS LINDAS DE GOIAS,glp,4,34.5,32.65,38.1,32.5,39.0
2006-09,MUN,GO|ANAPOLIS,glp,37,33.5,32.794,34.0,32.0,34.0
2006-09,MUN,GO|APARECIDA DE GOIANIA,glp,72,31.0,30.0,32.0,29.9,34.0
2006-09,MUN,GO|BELA VISTA DE GOIAS,glp,1,31.0,31.0,31.0,31.0,31.0
2006-09,MUN,GO|CAIAPONIA,glp,1,33.0,33.0,33.0,33.0,33.0
2006-09,MUN,GO|CALDAS NOVAS,glp,54,34.0,34.0,34.0,33.0,34.0
2006-09,MUN,GO|CATALAO,glp,9,30.0,30.0,31.0,30.0,31.0
2006-09,MUN,GO|FORMOSA,glp,48,37.0,37.0,37.0,36.5,37.0
2006-09,MUN,GO|GOIANIA,glp,219,31.0,30.0,32.0,29.0,33.0
2006-09,MUN,GO|GOIATUBA,glp,4,34.0,34.0,34.0,34.0,34.0
2006-09,MUN,GO|ITUMBIARA,glp,16,33.0,32.7,33.0,31.5,34.0
2006-09,MUN,GO|JATAI,glp,11,35.0,34.0,36.0,33.5,36.0
2006-09,MUN,GO|LUZIANIA,glp,25,32.0,32.0,33.0,32.0,33.5
2006-09,MUN,GO|MINEIROS,glp,31,38.0,38.0,38.0,38.0,38.0
2006-09,MUN,GO|MONTIVIDIU,glp,1,35.0,35.0,35.0,35.0,35.0
2006-09,MUN,GO|MORRINHOS,glp,18,34.0,32.5,35.0,32.0,35.0
2006-09,MUN,GO|NOVO GAMA,glp,1,36.0,36.0,36.0,36.0,36.0
2006-09,MUN,GO|PLANALTINA,glp,22,37.0,36.1,37.0,35.0,37.0
2006-09,MUN,GO|PORANGATU,glp,5,33.0,33.0,34.0,33.0,34.0
2006-09,MUN,GO|RIO VERDE,glp,19,36.0,35.99,36.0,35.0,36.0
2006-09,MUN,GO|SANTO ANTONIO DE GOIAS,glp,1,30.0,30.0,30.0,30.0,30.0
2006-09,MUN,GO|TRINDADE,glp,29,31.0,30.0,31.0,29.45,32.0
2006-09,MUN,GO|VALPARAISO DE GOIAS,glp,4,30.0,30.0,31.4,30.0,32.0
2006-09,MUN,MA|ACAILANDIA,glp,3,36.0,35.6,36.0,35.5,36.0
2006-09,MUN,MA|BACABAL,glp,2,36.0,36.0,36.0,36.0,36.0
2006-09,MUN,MA|BALSAS,glp,1,36.0,36.0,36.0,36.0,36.0
2006-09,MUN,MA|BARRA DO CORDA,glp,2,38.0,38.0,38.0,38.0,38.0
2006-09,MUN,MA|CAROLINA,glp,2,36.0,36.0,36.0,36.0,36.0
2006-09,MUN,MA|CAXIAS,glp,4,38.0,38.0,38.0,38.0,38.0
2006-09,MUN,MA|CODO,glp,2,36.5,36.5,36.5,36.5,36.5
2006-09,MUN,MA|IMPERATRIZ,glp,11,35.0,34.5,35.0,34.0,35.0
2006-09,MUN,MA|PINHEIRO,glp,1,36.0,36.0,36.0,36.0,36.0
2006-09,MUN,MA|PRESIDENTE DUTRA,glp,1,36.0,36.0,36.0,36.0,36.0
2006-09,MUN,MA|SANTA INES,glp,2,34.5,34.5,34.5,34.5,34.5
2006-09,MUN,MA|SAO DOMINGOS DO MARANHAO,glp,1,38.0,38.0,38.0,38.0,38.0
2006-09,MUN,MA|SAO JOAO DOS PATOS,glp,1,35.0,35.0,35.0,35.0,35.0
2006-09,MUN,MA|SAO JOSE DE RIBAMAR,glp,6,33.0,31.5,33.0,30.0,33.0
2006-09,MUN,MA|SAO LUIS,glp,24,33.0,32.3,34.0,32.0,34.0
2006-09,MUN,MA|TIMON,glp,1,35.0,35.0,35.0,35.0,35.0
2006-09,MUN,MG|ALFENAS,glp,21,35.0,34.0,36.0,34.0,36.0
2006-09,MUN,MG|ARAGUARI,glp,13,37.5,37.0,38.0,33.0,38.0
2006-09,MUN,MG|ARAXA,glp,9,36.0,35.8,37.0,35.0,37.0
2006-09,MUN,MG|BARBACENA,glp,14,35.0,34.0,36.4,34.0,37.0
2006-09,MUN,MG|BELO HORIZONTE,glp,162,34.0,32.5,35.0,30.0,38.0
2006-09,MUN,MG|BETIM,glp,27,34.5,32.9,36.0,31.99,37.0
2006-09,MUN,MG|BOCAIUVA,glp,1,35.0,35.0,35.0,35.0,35.0
2006-09,MUN,MG|BOM DESPACHO,glp,3,34.0,34.0,34.0,34.0,34.0
2006-09,MUN,MG|CAMPO BELO,glp,13,35.0,34.0,35.0,34.0,35.0
2006-09,MUN,MG|CARATINGA,glp,3,32.0,30.4,32.0,30.0,32.0
2006-09,MUN,MG|CATAGUASES,glp,3,35.0,33.4,35.0,33.0,35.0
2006-09,MUN,MG|CONCEICAO DAS ALAGOAS,glp,1,37.0,37.0,37.0,37.0,37.0
2006-09,MUN,MG|CONGONHAS,glp,4,33.0,33.0,33.0,33.0,33.0
2006-09,MUN,MG|CONSELHEIRO LAFAIETE,glp,6,33.0,32.5,34.5,32.0,36.0
2006-09,MUN,MG|CONTAGEM,glp,77,34.0,32.0,35.0,30.99,36.0
2006-09,MUN,MG|CORONEL FABRICIANO,glp,8,33.0,32.7,34.0,32.0,34.0
2006-09,MUN,MG|CURVELO,glp,9,33.0,33.0,34.2,33.0,35.0
2006-09,MUN,MG|DIAMANTINA,glp,10,35.0,33.0,35.0,33.0,35.0
2006-09,MUN,MG|DIVINOPOLIS,glp,27,35.0,35.0,35.0,34.0,36.0
2006-09,MUN,MG|ESPINOSA,glp,1,35.0,35.0,35.0,35.0,35.0
2006-09,MUN,MG|FORMIGA,glp,16,34.0,34.0,35.0,32.0,35.0
2006-09,MUN,MG|FRUTAL,glp,3,34.0,34.0,34.8,34.0,35.0
2006-09,MUN,MG|GOVERNADOR VALADARES,glp,23,33.0,32.2,34.0,31.41,34.0
2006-09,MUN,MG|GUAXUPE,glp,1,33.0,33.0,33.0,33.0,33.0
2006-09,MUN,MG|IBIRITE,glp,12,34.5,32.2,35.9,32.0,36.0
2006-09,MUN,MG|IPATINGA,glp,14,33.0,32.0,34.0,32.0,35.0
2006-09,MUN,MG|ITABIRA,glp,4,35.0,33.6,35.0,33.0,35.0
2006-09,MUN,MG|ITAJUBA,glp,12,34.0,34.0,34.0,33.0,34.0
2006-09,MUN,MG|ITAUNA,glp,11,33.0,32.0,34.0,32.0,34.0
2006-09,MUN,MG|ITUIUTABA,glp,15,33.0,32.0,34.0,30.0,34.0
2006-09,MUN,MG|JANAUBA,glp,11,35.0,35.0,35.0,35.0,36.0
2006-09,MUN,MG|JANUARIA,glp,6,37.0,36.0,37.0,35.0,37.0
2006-09,MUN,MG|JOAO MONLEVADE,glp,9,33.0,32.9,34.2,32.5,35.0
2006-09,MUN,MG|JOAO PINHEIRO,glp,15,35.0,33.0,38.0,32.0,38.0
2006-09,MUN,MG|JUIZ DE FORA,glp,57,36.0,36.0,37.0,35.0,37.0
2006-09,MUN,MG|LAVRAS,glp,10,35.0,32.0,35.0,32.0,35.0
2006-09,MUN,MG|LEOPOLDINA,glp,4,35.0,35.0,35.7,35.0,36.0
2006-09,MUN,MG|MANHUACU,glp,4,30.5,30.0,31.7,30.0,32.0
2006-09,MUN,MG|MARIANA,glp,6,34.25,32.0,35.5,31.0,36.0
2006-09,MUN,MG|MATIAS BARBOSA,glp,1,36.0,36.0,36.0,36.0,36.0
2006-09,MUN,MG|MONTE CARMELO,glp,14,35.0,33.3,35.0,33.0,35.0
2006-09,MUN,MG|MONTES CLAROS,glp,47,36.0,35.0,36.0,31.735,38.0
2006-09,MUN,MG|MURIAE,glp,3,31.0,29.8,32.6,29.5,33.0
2006-09,MUN,MG|NOVA LIMA,glp,9,35.0,34.0,35.0,34.0,35.0
2006-09,MUN,MG|OLIVEIRA,glp,8,34.0,33.9,35.0,33.9,35.0
2006-09,MUN,MG|OURO PRETO,glp,5,36.0,34.4,36.0,34.0,36.0
2006-09,MUN,MG|PARA DE MINAS,glp,10,34.0,30.9,35.1,30.0,36.0
2006-09,MUN,MG|PARACATU,glp,17,37.0,37.0,37.0,37.0,37.0
2006-09,MUN,MG|PASSOS,glp,11,37.0,37.0,37.0,35.0,37.0
2006-09,MUN,MG|PATOS DE MINAS,glp,22,37.0,36.1,38.0,35.0,40.0
2006-09,MUN,MG|PATROCINIO,glp,22,36.0,35.0,37.0,35.0,37.0
2006-09,MUN,MG|POCOS DE CALDAS,glp,15,32.0,31.0,32.0,30.0,33.0
2006-09,MUN,MG|POUSO ALEGRE,glp,22,35.0,34.0,35.0,34.0,35.0
2006-09,MUN,MG|RIBEIRAO DAS NEVES,glp,32,33.0,32.0,34.0,31.5,35.0
2006-09,MUN,MG|SABARA,glp,22,34.5,32.0,35.45,32.0,35.5
2006-09,MUN,MG|SANTA LUZIA,glp,19,34.0,33.8,35.0,33.0,35.0
2006-09,MUN,MG|SANTOS DUMONT,glp,5,37.0,37.0,37.0,37.0,37.0
2006-09,MUN,MG|SAO GOTARDO,glp,1,35.5,35.5,35.5,35.5,35.5
2006-09,MUN,MG|SAO JOAO DEL REI,glp,15,37.0,36.7,37.0,36.0,37.0
2006-09,MUN,MG|SAO LOURENCO,glp,3,30.0,30.0,30.0,30.0,30.0
2006-09,MUN,MG|SAO SEBASTIAO DO PARAISO,glp,23,37.0,36.01,37.3,33.0,38.0
2006-09,MUN,MG|SETE LAGOAS,glp,28,34.0,33.0,35.0,32.0,35.0
2006-09,MUN,MG|TEOFILO OTONI,glp,27,34.0,32.0,35.0,32.0,35.0
2006-09,MUN,MG|TIMOTEO,glp,10,33.0,33.0,34.0,33.0,34.0
2006-09,MUN,MG|TRES CORACOES,glp,10,30.0,29.0,31.1,29.0,32.0
2006-09,MUN,MG|UBA,glp,10,32.0,30.0,34.1,30.0,35.0
2006-09,MUN,MG|UBERABA,glp,67,37.0,37.0,37.0,36.5,37.0
2006-09,MUN,MG|UBERLANDIA,glp,99,34.0,33.0,35.0,32.0,37.0
2006-09,MUN,MG|UNAI,glp,7,35.0,35.0,35.4,35.0,36.0
2006-09,MUN,MG|VARGINHA,glp,32,32.0,31.0,32.46,30.0,33.0
2006-09,MUN,MG|VESPASIANO,glp,8,32.5,31.475,33.0,30.25,33.0
2006-09,MUN,MG|VICOSA,glp,3,37.0,37.0,37.0,37.0,37.0
2006-09,MUN,MS|BATAYPORA,glp,1,36.5,36.5,36.5,36.5,36.5
2006-09,MUN,MS|CAMPO GRANDE,glp,136,35.473,34.0,36.75,32.495,38.0
2006-09,MUN,MS|CORUMBA,glp,5,39.0,39.0,39.0,39.0,39.0
2006-09,MUN,MS|COXIM,glp,4,38.0,37.3,38.0,37.0,38.0
2006-09,MUN,MS|DOURADOS,glp,26,38.0,36.75,39.0,35.0,39.0
2006-09,MUN,MS|NOVA ANDRADINA,glp,13,36.5,36.5,36.9,35.0,38.0
2006-09,MUN,MS|PARANAIBA,glp,6,37.0,37.0,37.0,37.0,37.0
2006-09,MUN,MS|PONTA PORA,glp,11,33.25,33.0,34.0,30.5,34.0
2006-09,MUN,MS|SAO GABRIEL DO OESTE,glp,1,38.0,38.0,38.0,38.0,38.0
2006-09,MUN,MS|SIDROLANDIA,glp,1,32.5,32.5,32.5,32.5,32.5
2006-09,MUN,MS|TRES LAGOAS,glp,17,36.0,35.0,37.0,35.0,37.0
2006-09,MUN,MT|ALTA FLORESTA,glp,8,42.0,41.1,42.3,39.0,43.0
2006-09,MUN,MT|CACERES,glp,8,38.0,36.85,38.0,36.5,38.0
2006-09,MUN,MT|CUIABA,glp,54,40.0,38.5,41.0,37.0,41.5
2006-09,MUN,MT|RONDONOPOLIS,glp,8,42.0,40.0,42.0,40.0,42.0
2006-09,MUN,MT|SINOP,glp,18,41.0,40.0,42.0,40.0,42.0
2006-09,MUN,MT|SORRISO,glp,6,40.0,39.25,41.5,39.0,42.0
2006-09,MUN,MT|VARZEA GRANDE,glp,17,39.0,38.3,41.0,37.0,41.0
2006-09,MUN,PA|ABAETETUBA,glp,4,33.0,33.0,33.0,33.0,33.0
2006-09,MUN,PA|ALENQUER,glp,1,35.0,35.0,35.0,35.0,35.0
2006-09,MUN,PA|ALTAMIRA,glp,4,35.0,35.0,35.0,35.0,35.0
2006-09,MUN,PA|ANANINDEUA,glp,53,31.0,31.0,31.0,30.0,31.0
2006-09,MUN,PA|BELEM,glp,128,31.0,30.5,31.0,28.0,32.0
2006-09,MUN,PA|BRAGANCA,glp,2,33.0,33.0,33.0,33.0,33.0
2006-09,MUN,PA|BREU BRANCO,glp,1,38.0,38.0,38.0,38.0,38.0
2006-09,MUN,PA|BREVES,glp,2,30.0,30.0,30.0,30.0,30.0
2006-09,MUN,PA|CAMETA,glp,2,33.0,33.0,33.0,33.0,33.0
2006-09,MUN,PA|CASTANHAL,glp,10,31.0,30.5,31.0,30.5,31.0
2006-09,MUN,PA|CONCEICAO DO ARAGUAIA,glp,2,37.0,37.0,37.0,37.0,37.0
2006-09,MUN,PA|MARABA,glp,3,36.0,35.12,36.0,34.9,36.0
2006-09,MUN,PA|MARITUBA,glp,1,31.0,31.0,31.0,31.0,31.0
2006-09,MUN,PA|PARAGOMINAS,glp,2,35.0,35.0,35.0,35.0,35.0
2006-09,MUN,PA|PARAUAPEBAS,glp,1,37.0,37.0,37.0,37.0,37.0
2006-09,MUN,PA|REDENCAO,glp,4,38.0,38.0,38.0,38.0,38.0
2006-09,MUN,PA|SANTANA DO ARAGUAIA,glp,2,36.0,36.0,36.0,36.0,36.0
2006-09,MUN,PA|SANTAREM,glp,7,34.0,33.6,34.2,33.0,34.5
2006-09,MUN,PA|TUCURUI,glp,4,38.0,38.0,38.0,38.0,38.0
2006-09,MUN,PA|XINGUARA,glp,3,37.0,37.0,37.0,37.0,37.0
2006-09,MUN,PB|BAYEUX,glp,4,35.0,35.0,35.0,35.0,35.0
2006-09,MUN,PB|CABEDELO,glp,3,35.0,33.4,35.0,33.0,35.0
2006-09,MUN,PB|CAMPINA GRANDE,glp,24,35.0,34.0,35.0,31.5,35.0
2006-09,MUN,PB|GUARABIRA,glp,1,35.0,35.0,35.0,35.0,35.0
2006-09,MUN,PB|INGA,glp,1,35.0,35.0,35.0,35.0,35.0
2006-09,MUN,PB|JOAO PESSOA,glp,23,33.0,33.0,33.9,32.0,35.0
2006-09,MUN,PB|MAMANGUAPE,glp,1,33.0,33.0,33.0,33.0,33.0
2006-09,MUN,PB|MARIZOPOLIS,glp,1,30.0,30.0,30.0,30.0,30.0
2006-09,MUN,PB|PATOS,glp,6,35.0,35.0,35.0,35.0,35.0
2006-09,MUN,PB|SANTA RITA,glp,4,34.0,33.0,35.0,33.0,35.0
2006-09,MUN,PB|SAPE,glp,3,33.0,33.0,33.0,33.0,33.0
2006-09,MUN,PB|SOUSA,glp,3,33.0,30.6,33.0,30.0,33.0
2006-09,MUN,PE|ABREU E LIMA,glp,4,31.5,30.3,32.0,30.0,32.0
2006-09,MUN,PE|AFOGADOS DA INGAZEIRA,glp,2,32.0,30.4,33.6,30.0,34.0
2006-09,MUN,PE|AGUAS BELAS,glp,1,34.0,34.0,34.0,34.0,34.0
2006-09,MUN,PE|ARARIPINA,glp,1,33.0,33.0,33.0,33.0,33.0
2006-09,MUN,PE|ARCOVERDE,glp,1,34.0,34.0,34.0,34.0,34.0
2006-09,MUN,PE|BARRA DE GUABIRABA,glp,1,35.0,35.0,35.0,35.0,35.0
2006-09,MUN,PE|BELO JARDIM,glp,6,33.0,33.0,33.0,33.0,33.0
2006-09,MUN,PE|BEZERROS,glp,1,33.0,33.0,33.0,33.0,33.0
2006-09,MUN,PE|BOM CONSELHO,glp,4,32.0,32.0,32.0,32.0,32.0
2006-09,MUN,PE|CABO DE SANTO AGOSTINHO,glp,9,30.0,29.8,32.0,29.0,32.0
2006-09,MUN,PE|CAMARAGIBE,glp,5,32.0,32.0,32.0,32.0,32.0
2006-09,MUN,PE|CARUARU,glp,5,33.0,30.0,33.0,28.0,33.0
2006-09,MUN,PE|DORMENTES,glp,1,33.0,33.0,33.0,33.0,33.0
2006-09,MUN,PE|GARANHUNS,glp,2,32.0,32.0,32.0,32.0,32.0
2006-09,MUN,PE|GOIANA,glp,4,33.0,32.3,34.4,32.0,35.0
2006-09,MUN,PE|GRAVATA,glp,3,30.0,30.0,30.0,30.0,30.0
2006-09,MUN,PE|IGARASSU,glp,13,32.0,30.2,32.0,30.0,32.0
2006-09,MUN,PE|JABOATAO DOS GUARARAPES,glp,24,32.0,32.0,32.0,32.0,32.0
2006-09,MUN,PE|JUCATI,glp,1,32.0,32.0,32.0,32.0,32.0
2006-09,MUN,PE|LAJEDO,glp,3,32.0,31.2,32.0,31.0,32.0
2006-09,MUN,PE|OLINDA,glp,20,32.0,32.0,32.0,32.0,32.0
2006-09,MUN,PE|PAULISTA,glp,30,32.0,32.0,32.0,32.0,32.0
2006-09,MUN,PE|PETROLINA,glp,12,33.0,33.0,33.0,33.0,33.0
2006-09,MUN,PE|RECIFE,glp,124,32.0,30.0,33.0,29.0,34.0
2006-09,MUN,PE|SALGUEIRO,glp,3,33.0,29.0,33.0,28.0,33.0
2006-09,MUN,PE|SANTA CRUZ DO CAPIBARIBE,glp,2,35.0,35.0,35.0,35.0,35.0
2006-09,MUN,PE|SAO BENTO DO UNA,glp,1,33.0,33.0,33.0,33.0,33.0
2006-09,MUN,PE|SAO LOURENCO DA MATA,glp,8,32.0,32.0,32.0,32.0,32.0
2006-09,MUN,PE|SERRA TALHADA,glp,4,33.0,33.0,33.0,33.0,33.0
2006-09,MUN,PE|SERTANIA,glp,1,33.0,33.0,33.0,33.0,33.0
2006-09,MUN,PE|VENTUROSA,glp,1,34.0,34.0,34.0,34.0,34.0
2006-09,MUN,PE|VITORIA DE SANTO ANTAO,glp,6,30.0,30.0,30.0,30.0,30.0
2006-09,MUN,PI|BARRAS,glp,1,36.0,36.0,36.0,36.0,36.0
2006-09,MUN,PI|CAMPO MAIOR,glp,2,36.0,36.0,36.0,36.0,36.0
2006-09,MUN,PI|OEIRAS,glp,3,37.0,37.0,37.0,37.0,37.0
2006-09,MUN,PI|PICOS,glp,2,37.0,37.0,37.0,37.0,37.0
2006-09,MUN,PI|PIRIPIRI,glp,2,36.0,36.0,36.0,36.0,36.0
2006-09,MUN,PI|TERESINA,glp,27,35.0,35.0,35.5,34.5,36.0
2006-09,MUN,PR|ALMIRANTE TAMANDARE,glp,10,30.0,30.0,32.0,30.0,32.0
2006-09,MUN,PR|APUCARANA,glp,23,33.0,33.0,34.0,32.0,34.0
2006-09,MUN,PR|ARAPONGAS,glp,17,34.0,33.0,34.0,32.0,35.0
2006-09,MUN,PR|ARAUCARIA,glp,12,31.0,31.0,31.95,31.0,32.0
2006-09,MUN,PR|ASSIS CHATEAUBRIAND,glp,8,33.25,32.9,35.0,32.9,35.0
2006-09,MUN,PR|CAMBE,glp,44,34.0,33.0,35.0,32.0,36.0
2006-09,MUN,PR|CAMPO LARGO,glp,16,31.0,31.0,31.0,31.0,31.0
2006-09,MUN,PR|CAMPO MOURAO,glp,8,35.5,35.0,36.0,35.0,36.0
2006-09,MUN,PR|CASCAVEL,glp,21,33.0,32.0,33.5,32.0,34.0
2006-09,MUN,PR|CASTRO,glp,15,32.0,32.0,32.73,30.0,32.75
2006-09,MUN,PR|CIANORTE,glp,9,37.0,35.8,38.0,35.0,38.0
2006-09,MUN,PR|COLOMBO,glp,34,31.0,30.0,32.0,30.0,33.0
2006-09,MUN,PR|CORNELIO PROCOPIO,glp,7,35.0,34.3,35.0,34.0,35.0
2006-09,MUN,PR|CURITIBA,glp,105,31.0,30.0,32.0,29.0,33.0
2006-09,MUN,PR|FAZENDA RIO GRANDE,glp,1,30.0,30.0,30.0,30.0,30.0
2006-09,MUN,PR|FOZ DO IGUACU,glp,28,39.0,38.35,39.0,38.0,39.0
2006-09,MUN,PR|FRANCISCO BELTRAO,glp,5,35.0,33.1,35.0,32.5,35.0
2006-09,MUN,PR|GUARAPUAVA,glp,7,32.0,30.6,32.4,30.0,33.0
2006-09,MUN,PR|LARANJEIRAS DO SUL,glp,4,35.0,30.1,35.0,28.0,35.0
2006-09,MUN,PR|LONDRINA,glp,84,33.0,32.0,35.0,30.0,36.0
2006-09,MUN,PR|MARECHAL CANDIDO RONDON,glp,6,37.0,36.5,37.0,36.0,37.0
2006-09,MUN,PR|MARINGA,glp,41,34.0,32.0,34.0,31.0,35.0
2006-09,MUN,PR|PARANAGUA,glp,23,36.0,35.0,37.0,35.0,37.5
2006-09,MUN,PR|PARANAVAI,glp,10,35.0,32.0,35.1,32.0,36.0
2006-09,MUN,PR|PATO BRANCO,glp,10,33.5,32.0,34.525,32.0,37.0
2006-09,MUN,PR|PINHAIS,glp,24,32.0,31.0,32.5,30.0,33.0
2006-09,MUN,PR|PIRAI DO SUL,glp,1,32.0,32.0,32.0,32.0,32.0
2006-09,MUN,PR|PONTA GROSSA,glp,81,32.0,31.0,32.0,30.0,33.0
2006-09,MUN,PR|SANTO ANTONIO DA PLATINA,glp,12,33.0,32.0,33.9,32.0,34.0
2006-09,MUN,PR|SAO JOSE DOS PINHAIS,glp,24,32.0,31.0,32.0,30.0,33.0
2006-09,MUN,PR|TOLEDO,glp,12,36.825,35.1,38.0,35.0,38.0
2006-09,MUN,PR|UMUARAMA,glp,14,35.0,35.0,35.0,35.0,35.0
2006-09,MUN,PR|UNIAO DA VITORIA,glp,5,32.5,32.0,33.1,32.0,33.5
2006-09,MUN,RJ|ANGRA DOS REIS,glp,4,34.95,34.9,35.35,34.9,35.5
2006-09,MUN,RJ|ARARUAMA,glp,4,31.25,30.65,31.85,30.5,32.0
2006-09,MUN,RJ|ARMACAO DOS BUZIOS,glp,2,31.5,30.7,32.3,30.5,32.5
2006-09,MUN,RJ|BARRA DO PIRAI,glp,3,34.9,34.18,35.78,34.0,36.0
2006-09,MUN,RJ|BARRA MANSA,glp,16,35.0,34.0,35.5,32.0,37.0
2006-09,MUN,RJ|BELFORD ROXO,glp,5,31.0,30.994,32.398,30.99,33.0
2006-09,MUN,RJ|CABO FRIO,glp,3,32.0,32.0,32.0,32.0,32.0
2006-09,MUN,RJ|CAMPOS DOS GOYTACAZES,glp,14,32.0,31.65,34.7,31.0,35.0
2006-09,MUN,RJ|DUQUE DE CAXIAS,glp,28,31.0,30.0,32.0,29.5,33.0
2006-09,MUN,RJ|ITABORAI,glp,3,31.995,31.199,32.799,31.0,33.0
2006-09,MUN,RJ|ITAGUAI,glp,5,32.35,30.88,32.9,30.8,32.9
2006-09,MUN,RJ|ITAPERUNA,glp,4,30.25,30.0,31.55,30.0,32.0
2006-09,MUN,RJ|MACAE,glp,3,32.0,32.0,33.6,32.0,34.0
2006-09,MUN,RJ|MAGE,glp,2,31.5,31.1,31.9,31.0,32.0
2006-09,MUN,RJ|MANGARATIBA,glp,3,32.9,32.18,32.94,32.0,32.95
2006-09,MUN,RJ|MARICA,glp,2,31.995,31.991,31.999,31.99,32.0
2006-09,MUN,RJ|NILOPOLIS,glp,5,31.5,29.99,32.0,29.99,32.0
2006-09,MUN,RJ|NITEROI,glp,2,32.5,32.1,32.9,32.0,33.0
2006-09,MUN,RJ|NOVA FRIBURGO,glp,6,34.0,33.0,34.5,32.0,35.0
2006-09,MUN,RJ|NOVA IGUACU,glp,18,30.5,30.0,32.0,30.0,35.0
2006-09,MUN,RJ|PARAIBA DO SUL,glp,2,33.0,33.0,33.0,33.0,33.0
2006-09,MUN,RJ|PARATY,glp,2,33.5,32.3,34.7,32.0,35.0
2006-09,MUN,RJ|PETROPOLIS,glp,3,34.0,32.4,34.0,32.0,34.0
2006-09,MUN,RJ|RESENDE,glp,6,37.0,36.0,37.25,35.0,37.5
2006-09,MUN,RJ|RIO DE JANEIRO,glp,79,31.0,30.0,33.0,29.0,34.0
2006-09,MUN,RJ|SANTO ANTONIO DE PADUA,glp,2,34.0,34.0,34.0,34.0,34.0
2006-09,MUN,RJ|SAO GONCALO,glp,1,32.0,32.0,32.0,32.0,32.0
2006-09,MUN,RJ|SAO JOAO DE MERITI,glp,6,32.0,31.0,32.0,30.0,32.0
2006-09,MUN,RJ|SAPUCAIA,glp,2,33.0,33.0,33.0,33.0,33.0
2006-09,MUN,RJ|SAQUAREMA,glp,3,32.0,32.0,32.8,32.0,33.0
2006-09,MUN,RJ|TERESOPOLIS,glp,4,33.5,32.3,34.7,32.0,35.0
2006-09,MUN,RJ|TRES RIOS,glp,1,33.0,33.0,33.0,33.0,33.0
2006-09,MUN,RJ|VALENCA,glp,7,33.0,32.0,34.0,32.0,34.0
2006-09,MUN,RJ|VASSOURAS,glp,2,36.0,36.0,36.0,36.0,36.0
2006-09,MUN,RJ|VOLTA REDONDA,glp,6,35.0,34.0,35.5,33.0,36.0
2006-09,MUN,RN|CAICO,glp,3,33.0,33.0,33.0,33.0,33.0
2006-09,MUN,RN|CURRAIS NOVOS,glp,4,32.0,32.0,32.0,32.0,32.0
2006-09,MUN,RN|MOSSORO,glp,3,30.0,30.0,31.6,30.0,32.0
2006-09,MUN,RN|NATAL,glp,6,32.0,32.0,32.0,32.0,32.0
2006-09,MUN,RN|PARNAMIRIM,glp,3,30.0,30.0,31.6,30.0,32.0
2006-09,MUN,RN|SAO JOSE DE MIPIBU,glp,3,32.0,32.0,32.0,32.0,32.0
2006-09,MUN,RN|TIMBAUBA DOS BATISTAS,glp,1,33.0,33.0,33.0,33.0,33.0
2006-09,MUN,RO|ALTA FLORESTA D'OESTE,glp,1,33.0,33.0,33.0,33.0,33.0
2006-09,MUN,RO|ARIQUEMES,glp,12,38.0,38.0,38.0,38.0,38.0
2006-09,MUN,RO|CACOAL,glp,8,38.0,38.0,38.15,38.0,38.5
2006-09,MUN,RO|GUAJARA-MIRIM,glp,3,39.0,38.2,39.4,38.0,39.5
2006-09,MUN,RO|JI-PARANA,glp,5,37.0,36.7,37.0,36.5,37.0
2006-09,MUN,RO|PIMENTA BUENO,glp,3,39.0,39.0,39.0,39.0,39.0
2006-09,MUN,RO|PORTO VELHO,glp,192,33.0,32.0,33.0,31.0,34.0
2006-09,MUN,RO|SAO MIGUEL DO GUAPORE,glp,1,42.0,42.0,42.0,42.0,42.0
2006-09,MUN,RO|VILHENA,glp,5,42.0,42.0,42.038,42.0,42.05
2006-09,MUN,RR|BOA VISTA,glp,27,36.0,35.6,37.0,34.7,39.0
2006-09,MUN,RR|CARACARAI,glp,1,41.0,41.0,41.0,41.0,41.0
2006-09,MUN,RR|MUCAJAI,glp,1,37.0,37.0,37.0,37.0,37.0
2006-09,MUN,RR|RORAINOPOLIS,glp,1,41.0,41.0,41.0,41.0,41.0
2006-09,MUN,RS|ALEGRETE,glp,4,34.5,33.3,35.0,33.0,35.0
2006-09,MUN,RS|ALVORADA,glp,11,32.5,31.0,34.0,30.0,34.0
2006-09,MUN,RS|BAGE,glp,4,32.025,32.0,33.415,32.0,34.0
2006-09,MUN,RS|BENTO GONCALVES,glp,6,35.75,35.25,36.0,35.0,36.0
2006-09,MUN,RS|BOZANO,glp,1,34.9,34.9,34.9,34.9,34.9
2006-09,MUN,RS|CACAPAVA DO SUL,glp,4,37.5,37.0,38.0,37.0,38.0
2006-09,MUN,RS|CACHOEIRA DO SUL,glp,9,33.0,32.8,33.2,32.0,34.0
2006-09,MUN,RS|CACHOEIRINHA,glp,2,32.5,32.1,32.9,32.0,33.0
2006-09,MUN,RS|CANOAS,glp,16,33.0,31.0,34.0,30.0,34.45
2006-09,MUN,RS|CAXIAS DO SUL,glp,41,36.0,35.0,36.5,35.0,38.0
2006-09,MUN,RS|CRUZ ALTA,glp,1,36.0,36.0,36.0,36.0,36.0
2006-09,MUN,RS|ERECHIM,glp,8,36.875,36.275,38.3,35.75,39.0
2006-09,MUN,RS|ESTEIO,glp,6,34.0,34.0,35.0,34.0,35.0
2006-09,MUN,RS|GRAMADO,glp,3,35.0,35.0,35.0,35.0,35.0
2006-09,MUN,RS|GRAVATAI,glp,4,33.0,30.9,33.0,30.0,33.0
2006-09,MUN,RS|GUAIBA,glp,5,33.0,32.6,33.3,32.5,33.5
2006-09,MUN,RS|IJUI,glp,11,35.0,34.0,36.0,34.0,36.0
2006-09,MUN,RS|JAGUARAO,glp,3,32.0,32.0,32.0,32.0,32.0
2006-09,MUN,RS|LAJEADO,glp,11,32.0,32.0,33.0,32.0,33.0
2006-09,MUN,RS|NOVO HAMBURGO,glp,7,34.0,34.0,34.0,34.0,34.0
2006-09,MUN,RS|OSORIO,glp,2,36.0,36.0,36.0,36.0,36.0
2006-09,MUN,RS|PALMEIRA DAS MISSOES,glp,12,36.5,34.1,39.0,33.0,39.0
2006-09,MUN,RS|PASSO FUNDO,glp,41,35.0,34.0,36.0,34.0,36.0
2006-09,MUN,RS|PELOTAS,glp,33,32.0,31.0,34.0,30.0,35.0
2006-09,MUN,RS|PORTO ALEGRE,glp,59,33.5,32.4,35.0,32.0,35.0
2006-09,MUN,RS|RIO GRANDE,glp,14,33.5,32.15,34.0,31.0,34.5
2006-09,MUN,RS|SANTA CRUZ DO SUL,glp,3,33.0,33.0,33.0,33.0,33.0
2006-09,MUN,RS|SANTA MARIA,glp,21,33.0,32.0,34.0,31.0,34.5
2006-09,MUN,RS|SANTA ROSA,glp,5,34.0,33.4,35.9,33.0,36.5
2006-09,MUN,RS|SANTA VITORIA DO PALMAR,glp,1,36.0,36.0,36.0,36.0,36.0
2006-09,MUN,RS|SANTANA DO LIVRAMENTO,glp,2,34.0,34.0,34.0,34.0,34.0
2006-09,MUN,RS|SANTO ANGELO,glp,3,36.0,35.2,36.0,35.0,36.0
2006-09,MUN,RS|SAO BORJA,glp,2,35.5,35.1,35.9,35.0,36.0
2006-09,MUN,RS|SAO GABRIEL,glp,1,39.0,39.0,39.0,39.0,39.0
2006-09,MUN,RS|SAO LEOPOLDO,glp,16,33.0,32.0,34.0,32.0,34.0
2006-09,MUN,RS|SAO LUIZ GONZAGA,glp,8,36.0,34.7,36.3,34.0,37.0
2006-09,MUN,RS|SAPIRANGA,glp,3,33.5,33.5,33.9,33.5,34.0
2006-09,MUN,RS|SAPUCAIA DO SUL,glp,9,34.0,34.0,34.1,34.0,34.5
2006-09,MUN,RS|TORRES,glp,3,35.0,35.0,35.0,35.0,35.0
2006-09,MUN,RS|TRAMANDAI,glp,3,35.0,35.0,35.0,35.0,35.0
2006-09,MUN,RS|URUGUAIANA,glp,4,35.75,35.15,36.0,35.0,36.0
2006-09,MUN,RS|VACARIA,glp,8,34.105,34.0,35.3,34.0,36.0
2006-09,MUN,RS|VIAMAO,glp,3,33.0,32.6,34.6,32.5,35.0
2006-09,MUN,SC|ARARANGUA,glp,3,39.0,38.2,39.0,38.0,39.0
2006-09,MUN,SC|BALNEARIO CAMBORIU,glp,4,37.0,37.0,37.0,37.0,37.0
2006-09,MUN,SC|BIGUACU,glp,1,32.9,32.9,32.9,32.9,32.9
2006-09,MUN,SC|BLUMENAU,glp,100,36.0,35.0,37.0,33.0,38.0
2006-09,MUN,SC|BOMBINHAS,glp,1,33.0,33.0,33.0,33.0,33.0
2006-09,MUN,SC|BRUSQUE,glp,6,36.0,34.0,38.9,33.0,39.9
2006-09,MUN,SC|CACADOR,glp,2,35.5,35.1,35.9,35.0,36.0
2006-09,MUN,SC|CHAPECO,glp,44,35.0,34.0,35.85,33.9,37.0
2006-09,MUN,SC|CONCORDIA,glp,39,35.0,34.0,37.0,33.5,37.0
2006-09,MUN,SC|CRICIUMA,glp,9,38.0,37.8,39.36,37.0,40.0
2006-09,MUN,SC|FLORIANOPOLIS,glp,158,36.0,35.0,37.0,34.0,40.0
2006-09,MUN,SC|ITAJAI,glp,91,34.3,33.6,35.0,33.0,36.0
2006-09,MUN,SC|JARAGUA DO SUL,glp,2,37.25,36.65,37.85,36.5,38.0
2006-09,MUN,SC|JOINVILLE,glp,166,36.8,36.0,37.0,29.64,37.005
2006-09,MUN,SC|LAGES,glp,4,35.0,35.0,35.0,35.0,35.0
2006-09,MUN,SC|LAGUNA,glp,3,35.0,35.0,35.8,35.0,36.0
2006-09,MUN,SC|MAFRA,glp,2,33.95,33.11,34.79,32.9,35.0
2006-09,MUN,SC|PALHOCA,glp,22,34.5,33.55,35.0,32.5,35.5
2006-09,MUN,SC|SAO JOSE,glp,19,34.5,33.99,35.0,33.8,35.0
2006-09,MUN,SC|SAO MIGUEL DO OESTE,glp,14,34.0,32.15,34.525,32.0,37.5
2006-09,MUN,SC|TIJUCAS,glp,1,35.75,35.75,35.75,35.75,35.75
2006-09,MUN,SC|TUBARAO,glp,12,34.0,33.0,35.0,33.0,35.1
2006-09,MUN,SC|VIDEIRA,glp,4,35.5,35.0,36.0,35.0,36.0
2006-09,MUN,SC|XANXERE,glp,14,35.0,33.9,35.85,33.0,36.0
2006-09,MUN,SE|ARACAJU,glp,25,34.0,33.0,34.0,30.0,35.0
2006-09,MUN,SE|ITABAIANA,glp,6,33.0,33.0,33.0,33.0,33.0
2006-09,MUN,SE|ITABAIANINHA,glp,3,32.0,32.0,32.0,32.0,32.0
2006-09,MUN,SE|LAGARTO,glp,4,32.0,32.0,32.0,32.0,32.0
2006-09,MUN,SE|NOSSA SENHORA DO SOCORRO,glp,11,34.0,34.0,34.0,33.5,34.0
2006-09,MUN,SE|SIMAO DIAS,glp,3,32.0,32.0,32.0,32.0,32.0
2006-09,MUN,SE|TOBIAS BARRETO,glp,3,33.0,33.0,33.0,33.0,33.0
2006-09,MUN,SP|ADAMANTINA,glp,7,33.0,32.0,33.0,32.0,33.0
2006-09,MUN,SP|AMERICANA,glp,17,34.0,33.0,34.4,31.99,35.0
2006-09,MUN,SP|AMERICO BRASILIENSE,glp,1,32.0,32.0,32.0,32.0,32.0
2006-09,MUN,SP|AMPARO,glp,5,30.0,30.0,31.74,30.0,32.9
2006-09,MUN,SP|APIAI,glp,2,33.0,32.2,33.8,32.0,34.0
2006-09,MUN,SP|ARACARIGUAMA,glp,1,31.5,31.5,31.5,31.5,31.5
2006-09,MUN,SP|ARACATUBA,glp,24,32.0,29.93,32.0,29.0,32.0
2006-09,MUN,SP|ARARAQUARA,glp,12,30.0,30.0,31.0,30.0,31.0
2006-09,MUN,SP|ARARAS,glp,2,30.0,30.0,30.0,30.0,30.0
2006-09,MUN,SP|AREIOPOLIS,glp,1,42.0,42.0,42.0,42.0,42.0
2006-09,MUN,SP|ASSIS,glp,7,30.0,30.0,32.0,30.0,32.0
2006-09,MUN,SP|ATIBAIA,glp,19,33.0,31.98,34.0,31.5,35.0
2006-09,MUN,SP|AVARE,glp,4,34.0,34.0,34.0,34.0,34.0
2006-09,MUN,SP|BARRETOS,glp,5,30.0,29.7,30.0,29.5,30.0
2006-09,MUN,SP|BARUERI,glp,6,30.0,29.5,30.5,29.0,31.0
2006-09,MUN,SP|BAURU,glp,21,30.0,30.0,32.0,30.0,32.5
2006-09,MUN,SP|BEBEDOURO,glp,4,32.0,31.65,32.0,31.5,32.0
2006-09,MUN,SP|BIRIGUI,glp,7,30.0,29.6,31.4,29.0,32.0
2006-09,MUN,SP|BOTUCATU,glp,12,31.9,31.52,32.0,31.5,32.0
2006-09,MUN,SP|BRAGANCA PAULISTA,glp,11,30.0,29.0,31.0,29.0,31.45
2006-09,MUN,SP|CACAPAVA,glp,6,31.0,30.0,32.5,30.0,33.0
2006-09,MUN,SP|CAMPINAS,glp,49,31.0,30.0,32.918,29.0,33.0
2006-09,MUN,SP|CAMPOS DO JORDAO,glp,7,31.0,30.996,31.994,30.99,32.0
2006-09,MUN,SP|CAPAO BONITO,glp,4,32.245,31.15,32.997,31.0,33.0
2006-09,MUN,SP|CARAGUATATUBA,glp,7,33.25,32.35,34.1,31.75,34.25
2006-09,MUN,SP|CARAPICUIBA,glp,12,30.0,28.19,30.941,27.99,30.99
2006-09,MUN,SP|CATANDUVA,glp,6,32.0,30.5,32.5,30.0,33.0
2006-09,MUN,SP|COSMOPOLIS,glp,4,34.0,34.0,34.0,34.0,34.0
2006-09,MUN,SP|COTIA,glp,10,31.0,29.981,31.55,29.9,32.0
2006-09,MUN,SP|CRUZEIRO,glp,7,32.0,31.996,32.4,31.99,33.0
2006-09,MUN,SP|CUBATAO,glp,5,30.0,29.0,30.0,29.0,30.0
2006-09,MUN,SP|DESCALVADO,glp,1,30.0,30.0,30.0,30.0,30.0
2006-09,MUN,SP|DIADEMA,glp,4,27.99,27.99,29.257,27.99,29.8
2006-09,MUN,SP|DRACENA,glp,4,30.0,29.3,33.5,29.0,35.0
2006-09,MUN,SP|EMBU DAS ARTES,glp,6,29.998,29.945,31.0,29.945,31.0
2006-09,MUN,SP|ENGENHEIRO COELHO,glp,1,30.0,30.0,30.0,30.0,30.0
2006-09,MUN,SP|ESPIRITO SANTO DO PINHAL,glp,1,35.33,35.33,35.33,35.33,35.33
2006-09,MUN,SP|FERRAZ DE VASCONCELOS,glp,9,30.0,30.0,34.0,30.0,34.0
2006-09,MUN,SP|FRANCA,glp,16,34.0,30.25,34.0,30.0,34.0
2006-09,MUN,SP|FRANCISCO MORATO,glp,5,31.5,31.2,32.4,31.0,33.0
2006-09,MUN,SP|FRANCO DA ROCHA,glp,3,31.5,31.42,32.22,31.4,32.4
2006-09,MUN,SP|GARCA,glp,5,33.0,33.0,33.0,33.0,33.0
2006-09,MUN,SP|GUARATINGUETA,glp,3,32.0,30.4,32.8,30.0,33.0
2006-09,MUN,SP|GUARUJA,glp,4,33.5,33.325,34.55,33.25,35.0
2006-09,MUN,SP|GUARULHOS,glp,56,30.5,30.0,31.0,29.75,32.0
2006-09,MUN,SP|HORTOLANDIA,glp,16,32.75,32.0,33.748,31.0,33.995
2006-09,MUN,SP|IBITINGA,glp,5,30.0,30.0,31.6,30.0,32.0
2006-09,MUN,SP|INDAIATUBA,glp,22,34.0,34.0,34.0,33.0,35.0
2006-09,MUN,SP|ITANHAEM,glp,4,32.0,29.9,32.0,29.0,32.0
2006-09,MUN,SP|ITAPECERICA DA SERRA,glp,1,31.99,31.99,31.99,31.99,31.99
2006-09,MUN,SP|ITAPETININGA,glp,16,30.0,29.0,30.0,27.5,31.0
2006-09,MUN,SP|ITAPEVA,glp,6,32.0,31.5,32.5,31.0,33.0
2006-09,MUN,SP|ITAPEVI,glp,3,29.5,28.292,29.9,27.99,30.0
2006-09,MUN,SP|ITAPIRA,glp,7,30.0,29.0,31.0,29.0,31.0
2006-09,MUN,SP|ITAPOLIS,glp,4,30.0,30.0,30.0,30.0,30.0
2006-09,MUN,SP|ITAQUAQUECETUBA,glp,7,32.0,30.0,32.4,30.0,33.0
2006-09,MUN,SP|ITATIBA,glp,6,32.0,31.75,32.0,31.5,32.0
2006-09,MUN,SP|ITU,glp,15,30.0,29.0,31.9,28.0,32.0
2006-09,MUN,SP|JABOTICABAL,glp,7,32.0,30.6,33.0,30.0,33.0
2006-09,MUN,SP|JACAREI,glp,12,31.0,30.0,31.9,30.0,32.0
2006-09,MUN,SP|JALES,glp,3,33.0,32.2,33.0,32.0,33.0
2006-09,MUN,SP|JANDIRA,glp,4,29.495,28.996,29.997,28.995,30.0
2006-09,MUN,SP|JAU,glp,7,30.0,30.0,32.0,30.0,32.0
2006-09,MUN,SP|JOSE BONIFACIO,glp,6,30.5,29.5,32.0,29.0,32.0
2006-09,MUN,SP|JUNDIAI,glp,12,29.5,26.3,30.999,26.0,31.9
2006-09,MUN,SP|LEME,glp,18,30.0,30.0,33.3,30.0,34.0
2006-09,MUN,SP|LIMEIRA,glp,24,33.99,32.0,35.0,30.0,35.0
2006-09,MUN,SP|LINS,glp,9,32.0,31.6,32.0,30.0,32.0
2006-09,MUN,SP|LORENA,glp,6,31.5,30.0,32.0,30.0,32.0
2006-09,MUN,SP|MARILIA,glp,8,30.0,29.0,30.0,29.0,30.0
2006-09,MUN,SP|MATAO,glp,8,31.5,30.0,32.3,30.0,33.0
2006-09,MUN,SP|MAUA,glp,12,32.0,31.1,33.0,31.0,33.9
2006-09,MUN,SP|MIRASSOL,glp,8,30.0,30.0,30.3,30.0,31.0
2006-09,MUN,SP|MOCOCA,glp,8,35.0,34.35,35.0,34.0,35.0
2006-09,MUN,SP|MOGI DAS CRUZES,glp,7,34.0,32.8,34.0,31.0,34.0
2006-09,MUN,SP|MOGI GUACU,glp,8,29.0,27.997,30.0,27.99,30.0
2006-09,MUN,SP|MOGI MIRIM,glp,7,32.0,30.9,33.0,30.0,33.0
2006-09,MUN,SP|MONTE ALTO,glp,4,32.0,31.0,33.0,31.0,33.0
2006-09,MUN,SP|OLIMPIA,glp,3,30.0,30.0,30.8,30.0,31.0
2006-09,MUN,SP|OSASCO,glp,34,30.0,27.99,31.0,27.99,32.0
2006-09,MUN,SP|OURINHOS,glp,12,29.5,29.0,32.0,29.0,33.0
2006-09,MUN,SP|PARAGUACU PAULISTA,glp,4,32.0,30.25,32.35,29.5,32.5
2006-09,MUN,SP|PAULINIA,glp,11,32.0,32.0,33.0,30.0,33.0
2006-09,MUN,SP|PIEDADE,glp,1,30.0,30.0,30.0,30.0,30.0
2006-09,MUN,SP|PINDAMONHANGABA,glp,5,33.0,32.0,33.0,32.0,33.0
2006-09,MUN,SP|PIRACICABA,glp,11,33.0,32.0,33.0,30.0,35.0
2006-09,MUN,SP|PIRAPORA DO BOM JESUS,glp,1,29.0,29.0,29.0,29.0,29.0
2006-09,MUN,SP|PIRASSUNUNGA,glp,16,30.0,30.0,31.7,30.0,32.0
2006-09,MUN,SP|POA,glp,3,30.0,30.0,31.6,30.0,32.0
2006-09,MUN,SP|PORTO FERREIRA,glp,8,30.0,30.0,30.0,30.0,30.0
2006-09,MUN,SP|PRAIA GRANDE,glp,7,34.0,31.796,35.2,29.99,35.5
2006-09,MUN,SP|PRESIDENTE PRUDENTE,glp,22,31.0,30.0,33.0,29.0,33.0
2006-09,MUN,SP|PRESIDENTE VENCESLAU,glp,3,28.9,28.18,29.78,28.0,30.0
2006-09,MUN,SP|RIBEIRAO PIRES,glp,4,32.445,31.647,32.97,31.5,33.0
2006-09,MUN,SP|RIBEIRAO PRETO,glp,11,32.0,30.0,32.9,30.0,33.0
2006-09,MUN,SP|RIO CLARO,glp,12,30.0,30.0,30.0,29.99,30.0
2006-09,MUN,SP|RIO DAS PEDRAS,glp,1,33.0,33.0,33.0,33.0,33.0
2006-09,MUN,SP|SALTINHO,glp,1,32.0,32.0,32.0,32.0,32.0
2006-09,MUN,SP|SALTO,glp,9,32.0,30.0,32.0,30.0,32.0
2006-09,MUN,SP|SANTA BARBARA D'OESTE,glp,20,34.5,33.95,35.0,33.5,35.0
2006-09,MUN,SP|SANTA CRUZ DO RIO PARDO,glp,7,32.0,32.0,32.0,32.0,32.0
2006-09,MUN,SP|SANTO ANDRE,glp,24,33.0,32.0,33.85,32.0,34.5
2006-09,MUN,SP|SANTOS,glp,9,32.0,30.996,33.0,30.98,33.0
2006-09,MUN,SP|SAO BERNARDO DO CAMPO,glp,22,32.0,30.1,33.0,29.99,33.5
2006-09,MUN,SP|SAO CAETANO DO SUL,glp,3,30.0,29.992,30.8,29.99,31.0
2006-09,MUN,SP|SAO CARLOS,glp,6,30.0,28.45,30.95,28.0,31.0
2006-09,MUN,SP|SAO JOAO DA BOA VISTA,glp,5,33.0,31.2,33.0,30.0,33.0
2006-09,MUN,SP|SAO JOAQUIM DA BARRA,glp,2,31.0,31.0,31.0,31.0,31.0
2006-09,MUN,SP|SAO JOSE DO RIO PRETO,glp,32,32.0,32.0,33.0,30.28,33.2
2006-09,MUN,SP|SAO JOSE DOS CAMPOS,glp,38,32.0,30.0,32.0,28.99,34.0
2006-09,MUN,SP|SAO PAULO,glp,204,30.0,28.99,31.5,26.99,33.0
2006-09,MUN,SP|SAO ROQUE,glp,4,30.498,29.928,31.35,29.9,31.5
2006-09,MUN,SP|SAO VICENTE,glp,10,31.0,27.76,32.01,27.4,33.0
2006-09,MUN,SP|SERTAOZINHO,glp,17,32.0,32.0,32.0,30.0,33.0
2006-09,MUN,SP|SOROCABA,glp,27,30.0,29.0,31.0,28.5,34.0
2006-09,MUN,SP|SUMARE,glp,28,33.75,32.35,34.3,32.0,35.0
2006-09,MUN,SP|SUZANO,glp,8,32.0,31.093,32.15,29.0,32.5
2006-09,MUN,SP|TABOAO DA SERRA,glp,3,31.0,30.192,32.6,29.99,33.0
2006-09,MUN,SP|TATUI,glp,4,30.5,29.0,32.0,29.0,32.0
2006-09,MUN,SP|TAUBATE,glp,6,33.0,32.995,33.0,32.99,33.0
2006-09,MUN,SP|TUPA,glp,2,31.0,31.0,31.0,31.0,31.0
2006-09,MUN,SP|UBATUBA,glp,12,33.5,32.55,34.0,30.0,35.0
2006-09,MUN,SP|VALINHOS,glp,10,33.0,32.0,33.0,32.0,33.0
2006-09,MUN,SP|VARGEM,glp,1,34.0,34.0,34.0,34.0,34.0
2006-09,MUN,SP|VARZEA PAULISTA,glp,7,32.0,30.0,32.0,30.0,32.0
2006-09,MUN,SP|VINHEDO,glp,5,32.0,31.4,32.6,31.0,33.0
2006-09,MUN,SP|VOTORANTIM,glp,8,28.5,27.85,30.0,27.5,30.0
2006-09,MUN,SP|VOTUPORANGA,glp,15,31.0,30.0,33.0,30.0,34.0
2006-09,MUN,TO|ALMAS,glp,1,37.0,37.0,37.0,37.0,37.0
2006-09,MUN,TO|ARAGUAINA,glp,10,37.0,36.9,37.775,36.0,38.0
2006-09,MUN,TO|COMBINADO,glp,1,37.0,37.0,37.0,37.0,37.0
2006-09,MUN,TO|DIANOPOLIS,glp,6,35.0,35.0,35.0,35.0,35.0
2006-09,MUN,TO|GURUPI,glp,58,35.0,34.5,35.0,34.0,35.0
2006-09,MUN,TO|LAGOA DA CONFUSAO,glp,1,37.0,37.0,37.0,37.0,37.0
2006-09,MUN,TO|PALMAS,glp,30,36.25,35.5,37.0,34.0,37.0
2006-09,MUN,TO|PARAISO DO TOCANTINS,glp,19,35.0,35.0,35.0,34.5,35.0
2006-09,MUN,TO|PORTO NACIONAL,glp,13,37.0,37.0,37.0,36.75,37.0
2006-09,MUN,TO|TAGUATINGA,glp,1,37.0,37.0,37.0,37.0,37.0
2006-09,UF,AC,glp,77,37.0,36.0,39.0,35.0,46.0
2006-09,UF,AL,glp,30,32.0,30.0,33.0,30.0,34.0
2006-09,UF,AM,glp,303,31.0,30.0,32.0,29.5,36.0
2006-09,UF,AP,glp,10,35.0,35.0,45.0,35.0,45.0
2006-09,UF,BA,glp,298,32.0,30.5,35.0,29.0,36.5
2006-09,UF,CE,glp,258,32.75,31.985,33.45,30.0,35.0
2006-09,UF,DF,glp,249,36.0,35.0,39.0,33.5,39.01
2006-09,UF,ES,glp,227,35.0,33.0,36.0,30.0,37.8
2006-09,UF,GO,glp,633,32.0,30.5,37.0,29.0,39.0
2006-09,UF,MA,glp,64,34.5,33.0,37.55,30.0,38.0
2006-09,UF,MG,glp,1272,34.5,32.0,37.0,29.0,40.0
2006-09,UF,MS,glp,221,36.0,34.0,38.0,30.5,39.0
2006-09,UF,MT,glp,119,40.0,38.0,42.0,36.5,43.0
2006-09,UF,PA,glp,236,31.0,31.0,35.0,28.0,38.0
2006-09,UF,PB,glp,74,35.0,33.0,35.0,30.0,35.0
2006-09,UF,PE,glp,303,32.0,30.0,33.0,28.0,35.0
2006-09,UF,PI,glp,37,35.0,35.0,37.0,34.5,37.0
2006-09,UF,PR,glp,721,32.25,31.0,36.0,28.0,39.0
2006-09,UF,RJ,glp,258,32.0,30.0,35.0,29.0,37.5
2006-09,UF,RN,glp,23,32.0,30.0,33.0,30.0,33.0
2006-09,UF,RO,glp,230,33.0,32.0,38.0,31.0,42.05
2006-09,UF,RR,glp,30,36.0,35.9,37.2,34.7,41.0
2006-09,UF,RS,glp,413,34.0,32.0,36.0,30.0,39.0
2006-09,UF,SC,glp,721,36.0,34.0,37.0,29.64,40.0
2006-09,UF,SE,glp,55,33.0,32.0,34.0,30.0,35.0
2006-09,UF,SP,glp,1411,31.0,29.9,33.99,26.0,42.0
2006-09,UF,TO,glp,140,35.0,34.5,37.0,34.0,38.0
2006-10,BR,BR,glp,6936,33.0,30.0,37.0,26.0,46.0
2006-10,MUN,AC|CRUZEIRO DO SUL,glp,1,46.0,46.0,46.0,46.0,46.0
2006-10,MUN,AC|RIO BRANCO,glp,66,37.0,36.0,38.0,35.0,39.0
2006-10,MUN,AC|SENA MADUREIRA,glp,2,39.0,39.0,39.0,39.0,39.0
2006-10,MUN,AC|TARAUACA,glp,2,44.0,44.0,44.0,44.0,44.0
2006-10,MUN,AC|XAPURI,glp,2,40.5,40.1,40.9,40.0,41.0
2006-10,MUN,AL|ARAPIRACA,glp,6,33.0,33.0,33.0,33.0,33.0
2006-10,MUN,AL|DELMIRO GOUVEIA,glp,2,30.0,30.0,30.0,30.0,30.0
2006-10,MUN,AL|MACEIO,glp,17,31.0,30.0,33.0,30.0,34.0
2006-10,MUN,AL|MARECHAL DEODORO,glp,1,32.0,32.0,32.0,32.0,32.0
2006-10,MUN,AL|PALMEIRA DOS INDIOS,glp,2,33.0,33.0,33.0,33.0,33.0
2006-10,MUN,AL|RIO LARGO,glp,1,31.0,31.0,31.0,31.0,31.0
2006-10,MUN,AM|HUMAITA,glp,1,34.5,34.5,34.5,34.5,34.5
2006-10,MUN,AM|ITACOATIARA,glp,1,33.0,33.0,33.0,33.0,33.0
2006-10,MUN,AM|MANACAPURU,glp,1,32.0,32.0,32.0,32.0,32.0
2006-10,MUN,AM|MANAUS,glp,158,31.0,30.2,32.0,29.9,33.0
2006-10,MUN,AM|PARINTINS,glp,1,33.0,33.0,33.0,33.0,33.0
2006-10,MUN,AM|PRESIDENTE FIGUEIREDO,glp,1,36.0,36.0,36.0,36.0,36.0
2006-10,MUN,AP|CALCOENE,glp,1,41.0,41.0,41.0,41.0,41.0
2006-10,MUN,AP|MACAPA,glp,5,35.0,35.0,35.0,35.0,35.0
2006-10,MUN,AP|OIAPOQUE,glp,2,45.5,45.1,45.9,45.0,46.0
2006-10,MUN,AP|SANTANA,glp,2,35.0,35.0,35.0,35.0,35.0
2006-10,MUN,BA|ALAGOINHAS,glp,3,35.0,35.0,35.0,35.0,35.0
2006-10,MUN,BA|BARRA,glp,4,31.5,31.0,32.0,31.0,32.0
2006-10,MUN,BA|BARREIRAS,glp,5,36.0,34.8,36.0,34.0,36.0
2006-10,MUN,BA|BRUMADO,glp,4,30.0,30.0,30.7,30.0,31.0
2006-10,MUN,BA|CAETITE,glp,6,30.0,29.5,30.0,29.0,30.0
2006-10,MUN,BA|CAMACARI,glp,6,36.25,35.0,36.5,35.0,36.5
2006-10,MUN,BA|CAMPO FORMOSO,glp,3,35.0,35.0,35.0,35.0,35.0
2006-10,MUN,BA|CANDEIAS,glp,5,33.0,32.0,33.0,32.0,33.0
2006-10,MUN,BA|CAPIM GROSSO,glp,1,35.0,35.0,35.0,35.0,35.0
2006-10,MUN,BA|CONCEICAO DO JACUIPE,glp,1,35.0,35.0,35.0,35.0,35.0
2006-10,MUN,BA|EUNAPOLIS,glp,5,35.0,35.0,35.0,35.0,35.0
2006-10,MUN,BA|FEIRA DE SANTANA,glp,7,35.5,33.8,35.5,32.0,35.5
2006-10,MUN,BA|GUANAMBI,glp,8,33.0,32.1,33.0,30.0,33.0
2006-10,MUN,BA|ILHEUS,glp,8,35.0,35.0,35.0,35.0,35.0
2006-10,MUN,BA|IPIRA,glp,3,35.0,35.0,35.0,35.0,35.0
2006-10,MUN,BA|IRECE,glp,4,32.0,30.6,32.0,30.0,32.0
2006-10,MUN,BA|ITABUNA,glp,7,34.0,34.0,34.0,34.0,34.0
2006-10,MUN,BA|ITAMARAJU,glp,5,35.0,33.8,35.0,33.0,35.0
2006-10,MUN,BA|JACOBINA,glp,8,33.0,31.7,33.0,31.0,33.0
2006-10,MUN,BA|JAGUAQUARA,glp,6,35.0,35.0,35.0,35.0,35.0
2006-10,MUN,BA|JEQUIE,glp,4,35.0,31.5,35.035,30.0,35.05
2006-10,MUN,BA|JUAZEIRO,glp,5,33.0,31.8,33.0,31.0,33.0
2006-10,MUN,BA|LAURO DE FREITAS,glp,8,32.0,31.4,32.0,30.0,32.0
2006-10,MUN,BA|PAULO AFONSO,glp,5,33.0,32.4,34.0,32.0,34.0
2006-10,MUN,BA|POCOES,glp,3,33.0,33.0,33.0,33.0,33.0
2006-10,MUN,BA|PORTO SEGURO,glp,6,35.0,35.0,35.0,35.0,35.0
2006-10,MUN,BA|RUY BARBOSA,glp,5,35.0,35.0,35.0,35.0,35.0
2006-10,MUN,BA|SALVADOR,glp,119,32.0,30.0,32.0,29.0,33.0
2006-10,MUN,BA|SANTO ANTONIO DE JESUS,glp,4,35.0,33.6,35.0,33.0,35.0
2006-10,MUN,BA|SENHOR DO BONFIM,glp,4,35.0,35.0,35.0,35.0,35.0
2006-10,MUN,BA|SERRINHA,glp,3,35.0,35.0,35.0,35.0,35.0
2006-10,MUN,BA|SIMOES FILHO,glp,6,33.0,33.0,33.0,33.0,33.0
2006-10,MUN,BA|TEIXEIRA DE FREITAS,glp,3,32.0,32.0,32.8,32.0,33.0
2006-10,MUN,BA|VALENCA,glp,4,35.0,35.0,35.0,35.0,35.0
2006-10,MUN,BA|VITORIA DA CONQUISTA,glp,2,33.54,33.172,33.908,33.08,34.0
2006-10,MUN,CE|BEBERIBE,glp,1,32.0,32.0,32.0,32.0,32.0
2006-10,MUN,CE|CANINDE,glp,2,31.0,31.0,31.0,31.0,31.0
2006-10,MUN,CE|CAUCAIA,glp,34,32.7,32.0,33.7,31.0,35.0
2006-10,MUN,CE|CRATEUS,glp,3,33.0,32.2,33.0,32.0,33.0
2006-10,MUN,CE|CRATO,glp,7,31.0,31.0,33.4,31.0,34.0
2006-10,MUN,CE|FORTALEZA,glp,137,32.9,32.0,34.0,31.0,34.0
2006-10,MUN,CE|IGUATU,glp,2,32.0,32.0,32.0,32.0,32.0
2006-10,MUN,CE|IPU,glp,3,35.0,35.0,35.0,35.0,35.0
2006-10,MUN,CE|ITAPIPOCA,glp,3,30.0,30.0,30.8,30.0,31.0
2006-10,MUN,CE|JUAZEIRO DO NORTE,glp,6,31.0,31.0,31.0,31.0,31.0
2006-10,MUN,CE|LIMOEIRO DO NORTE,glp,2,34.0,34.0,34.0,34.0,34.0
2006-10,MUN,CE|MARACANAU,glp,12,32.45,32.0,33.0,30.0,34.0
2006-10,MUN,CE|MORADA NOVA,glp,3,33.0,33.0,33.0,33.0,33.0
2006-10,MUN,CE|PEDRA BRANCA,glp,2,31.5,31.1,31.9,31.0,32.0
2006-10,MUN,CE|QUIXADA,glp,5,34.0,34.0,34.0,34.0,34.0
2006-10,MUN,CE|SAO GONCALO DO AMARANTE,glp,1,30.0,30.0,30.0,30.0,30.0
2006-10,MUN,CE|SOBRAL,glp,4,31.0,30.0,32.0,30.0,32.0
2006-10,MUN,DF|BRASILIA,glp,77,39.0,36.0,39.0,31.0,39.0
2006-10,MUN,ES|ARACRUZ,glp,8,34.5,33.0,35.0,33.0,35.0
2006-10,MUN,ES|BARRA DE SAO FRANCISCO,glp,5,30.0,30.0,32.0,30.0,32.0
2006-10,MUN,ES|CACHOEIRO DE ITAPEMIRIM,glp,20,33.0,32.0,33.0,32.0,33.0
2006-10,MUN,ES|CARIACICA,glp,21,35.0,34.0,37.0,33.0,37.8
2006-10,MUN,ES|CASTELO,glp,4,33.0,31.6,35.03,31.0,35.9
2006-10,MUN,ES|COLATINA,glp,8,34.5,32.7,36.0,32.0,36.0
2006-10,MUN,ES|GUARAPARI,glp,5,36.0,35.4,37.0,35.0,37.0
2006-10,MUN,ES|ITAPEMIRIM,glp,2,33.0,33.0,33.0,33.0,33.0
2006-10,MUN,ES|JAGUARE,glp,2,33.95,33.91,33.99,33.9,34.0
2006-10,MUN,ES|LINHARES,glp,18,35.0,31.4,35.0,30.0,35.0
2006-10,MUN,ES|NOVA VENECIA,glp,2,36.0,35.2,36.8,35.0,37.0
2006-10,MUN,ES|PIUMA,glp,1,36.0,36.0,36.0,36.0,36.0
2006-10,MUN,ES|SAO MATEUS,glp,7,33.0,33.0,33.6,33.0,34.5
2006-10,MUN,ES|SERRA,glp,32,36.0,35.0,36.9,34.0,37.0
2006-10,MUN,ES|VILA VELHA,glp,22,35.0,35.0,35.0,34.0,35.0
2006-10,MUN,ES|VITORIA,glp,6,36.0,35.0,36.5,35.0,37.0
2006-10,MUN,GO|ABADIA DE GOIAS,glp,1,30.0,30.0,30.0,30.0,30.0
2006-10,MUN,GO|AGUAS LINDAS DE GOIAS,glp,3,35.0,35.0,38.2,35.0,39.0
2006-10,MUN,GO|ANAPOLIS,glp,31,33.0,33.0,34.0,31.99,34.0
2006-10,MUN,GO|APARECIDA DE GOIANIA,glp,34,31.0,30.3,32.0,30.0,34.0
2006-10,MUN,GO|CAIAPONIA,glp,1,33.0,33.0,33.0,33.0,33.0
2006-10,MUN,GO|CALDAS NOVAS,glp,26,34.0,34.0,34.0,32.0,34.0
2006-10,MUN,GO|CATALAO,glp,9,30.0,30.0,31.0,30.0,31.0
2006-10,MUN,GO|FORMOSA,glp,37,37.0,37.0,37.0,35.0,37.0
2006-10,MUN,GO|GOIANIA,glp,160,31.0,30.0,32.0,28.0,33.0
2006-10,MUN,GO|GOIATUBA,glp,4,34.0,34.0,34.0,34.0,34.0
2006-10,MUN,GO|ITUMBIARA,glp,16,33.0,33.0,33.25,32.9,34.0
2006-10,MUN,GO|JATAI,glp,11,35.0,34.0,36.0,33.0,36.0
2006-10,MUN,GO|LUZIANIA,glp,20,34.0,33.0,34.0,33.0,34.0
2006-10,MUN,GO|MINEIROS,glp,16,38.0,38.0,38.0,38.0,38.0
2006-10,MUN,GO|MONTIVIDIU,glp,1,36.0,36.0,36.0,36.0,36.0
2006-10,MUN,GO|MORRINHOS,glp,18,34.0,33.0,35.0,33.0,35.0
2006-10,MUN,GO|NOVO GAMA,glp,1,39.0,39.0,39.0,39.0,39.0
2006-10,MUN,GO|PLANALTINA,glp,18,39.0,36.676,39.0,35.0,39.0
2006-10,MUN,GO|PORANGATU,glp,5,34.0,33.0,34.0,33.0,34.0
2006-10,MUN,GO|RIO VERDE,glp,19,36.0,36.0,36.0,35.0,36.0
2006-10,MUN,GO|SANTO ANTONIO DE GOIAS,glp,1,32.0,32.0,32.0,32.0,32.0
2006-10,MUN,GO|TRINDADE,glp,29,31.0,30.0,32.0,30.0,32.0
2006-10,MUN,GO|VALPARAISO DE GOIAS,glp,4,30.5,30.0,31.7,30.0,32.0
2006-10,MUN,MA|ACAILANDIA,glp,3,36.0,36.0,36.0,36.0,36.0
2006-10,MUN,MA|BACABAL,glp,2,36.0,36.0,36.0,36.0,36.0
2006-10,MUN,MA|BALSAS,glp,1,37.0,37.0,37.0,37.0,37.0
2006-10,MUN,MA|BARRA DO CORDA,glp,2,38.0,38.0,38.0,38.0,38.0
2006-10,MUN,MA|CAROLINA,glp,2,36.0,36.0,36.0,36.0,36.0
2006-10,MUN,MA|CAXIAS,glp,4,38.0,38.0,38.0,38.0,38.0
2006-10,MUN,MA|CODO,glp,2,37.0,36.6,37.4,36.5,37.5
2006-10,MUN,MA|IMPERATRIZ,glp,10,35.0,34.9,35.0,34.0,35.0
2006-10,MUN,MA|PINHEIRO,glp,1,37.0,37.0,37.0,37.0,37.0
2006-10,MUN,MA|PRESIDENTE DUTRA,glp,1,36.0,36.0,36.0,36.0,36.0
2006-10,MUN,MA|SANTA INES,glp,2,34.5,34.5,34.5,34.5,34.5
2006-10,MUN,MA|SAO DOMINGOS DO MARANHAO,glp,1,38.0,38.0,38.0,38.0,38.0
2006-10,MUN,MA|SAO JOAO DOS PATOS,glp,1,35.0,35.0,35.0,35.0,35.0
2006-10,MUN,MA|SAO JOSE DE RIBAMAR,glp,6,33.0,31.0,33.0,30.0,33.0
2006-10,MUN,MA|SAO LUIS,glp,24,33.0,32.3,34.0,32.0,34.0
2006-10,MUN,MA|TIMON,glp,1,35.0,35.0,35.0,35.0,35.0
2006-10,MUN,MG|ALFENAS,glp,21,35.0,34.0,36.0,34.0,36.0
2006-10,MUN,MG|ARAGUARI,glp,13,37.0,36.19,38.0,36.0,38.0
2006-10,MUN,MG|ARAXA,glp,9,36.0,35.8,37.0,35.0,37.0
2006-10,MUN,MG|BARBACENA,glp,14,35.0,34.0,35.0,33.0,37.0
2006-10,MUN,MG|BELO HORIZONTE,glp,161,34.0,32.0,35.0,29.0,37.0
2006-10,MUN,MG|BETIM,glp,27,34.5,32.9,35.7,31.99,37.0
2006-10,MUN,MG|BOCAIUVA,glp,1,35.0,35.0,35.0,35.0,35.0
2006-10,MUN,MG|BOM DESPACHO,glp,3,35.0,35.0,35.0,35.0,35.0
2006-10,MUN,MG|CAMPO BELO,glp,13,35.0,34.0,35.0,34.0,35.0
2006-10,MUN,MG|CARATINGA,glp,3,30.0,30.0,30.4,30.0,30.5
2006-10,MUN,MG|CATAGUASES,glp,3,35.0,33.4,35.0,33.0,35.0
2006-10,MUN,MG|CONCEICAO DAS ALAGOAS,glp,1,37.0,37.0,37.0,37.0,37.0
2006-10,MUN,MG|CONGONHAS,glp,4,33.0,33.0,33.0,33.0,33.0
2006-10,MUN,MG|CONSELHEIRO LAFAIETE,glp,5,33.0,33.0,36.2,33.0,37.0
2006-10,MUN,MG|CONTAGEM,glp,75,34.0,32.0,35.0,30.0,36.0
2006-10,MUN,MG|CORONEL FABRICIANO,glp,8,34.0,33.0,34.0,33.0,34.0
2006-10,MUN,MG|CURVELO,glp,9,35.0,34.0,35.0,34.0,35.0
2006-10,MUN,MG|DIAMANTINA,glp,9,35.0,33.0,35.0,33.0,35.0
2006-10,MUN,MG|DIVINOPOLIS,glp,21,35.0,35.0,35.0,35.0,36.0
2006-10,MUN,MG|FORMIGA,glp,16,34.0,34.0,35.0,32.0,35.0
2006-10,MUN,MG|FRUTAL,glp,4,34.0,34.0,34.7,34.0,35.0
2006-10,MUN,MG|GOVERNADOR VALADARES,glp,23,33.0,32.0,34.0,30.91,34.0
2006-10,MUN,MG|GUAXUPE,glp,1,33.0,33.0,33.0,33.0,33.0
2006-10,MUN,MG|IBIRITE,glp,10,35.0,33.8,36.0,32.0,36.0
2006-10,MUN,MG|IPATINGA,glp,14,33.0,32.0,34.0,32.0,35.0
2006-10,MUN,MG|ITABIRA,glp,4,35.5,33.6,36.0,33.0,36.0
2006-10,MUN,MG|ITAJUBA,glp,12,34.0,34.0,34.0,33.0,34.0
2006-10,MUN,MG|ITAUNA,glp,11,33.0,33.0,34.0,33.0,34.0
2006-10,MUN,MG|ITUIUTABA,glp,15,33.0,32.0,34.0,30.0,35.0
2006-10,MUN,MG|JANAUBA,glp,10,35.0,35.0,35.1,35.0,36.0
2006-10,MUN,MG|JANUARIA,glp,5,37.0,35.8,37.0,35.0,37.0
2006-10,MUN,MG|JOAO MONLEVADE,glp,9,33.0,33.0,34.2,33.0,35.0
2006-10,MUN,MG|JOAO PINHEIRO,glp,15,35.0,32.0,38.0,32.0,38.0
2006-10,MUN,MG|JUIZ DE FORA,glp,40,36.0,35.9,36.0,34.0,37.0
2006-10,MUN,MG|LAVRAS,glp,10,35.0,32.0,35.0,32.0,35.0
2006-10,MUN,MG|LEOPOLDINA,glp,3,34.0,33.2,35.6,33.0,36.0
2006-10,MUN,MG|MANHUACU,glp,4,30.5,30.0,31.7,30.0,32.0
2006-10,MUN,MG|MARIANA,glp,6,33.5,32.0,36.0,32.0,36.0
2006-10,MUN,MG|MATIAS BARBOSA,glp,1,36.0,36.0,36.0,36.0,36.0
2006-10,MUN,MG|MONTE CARMELO,glp,15,35.0,34.0,36.2,33.0,37.0
2006-10,MUN,MG|MONTES CLAROS,glp,35,36.0,35.0,36.0,31.75,38.0
2006-10,MUN,MG|MURIAE,glp,3,32.0,30.24,32.8,29.8,33.0
2006-10,MUN,MG|NOVA LIMA,glp,9,35.0,34.0,35.2,34.0,36.0
2006-10,MUN,MG|OLIVEIRA,glp,8,34.0,33.9,35.0,33.9,35.0
2006-10,MUN,MG|OURO PRETO,glp,5,36.0,34.2,36.0,33.0,36.0
2006-10,MUN,MG|PARA DE MINAS,glp,10,34.95,31.9,35.54,31.0,35.9
2006-10,MUN,MG|PARACATU,glp,13,37.0,37.0,38.6,37.0,39.0
2006-10,MUN,MG|PASSOS,glp,11,37.0,37.0,37.0,36.0,37.0
2006-10,MUN,MG|PATOS DE MINAS,glp,22,36.0,35.0,37.0,35.0,38.0
2006-10,MUN,MG|PATROCINIO,glp,22,35.5,35.0,37.0,35.0,37.0
2006-10,MUN,MG|POCOS DE CALDAS,glp,15,32.0,30.4,32.54,30.0,33.0
2006-10,MUN,MG|POUSO ALEGRE,glp,22,35.0,34.0,35.0,34.0,35.0
2006-10,MUN,MG|RIBEIRAO DAS NEVES,glp,7,34.0,32.0,35.0,32.0,35.0
2006-10,MUN,MG|SABARA,glp,13,34.0,32.0,35.8,32.0,36.0
2006-10,MUN,MG|SANTA LUZIA,glp,18,34.0,33.0,35.0,33.0,35.0
2006-10,MUN,MG|SANTOS DUMONT,glp,5,37.0,37.0,37.0,37.0,37.0
2006-10,MUN,MG|SAO GOTARDO,glp,1,35.0,35.0,35.0,35.0,35.0
2006-10,MUN,MG|SAO JOAO DEL REI,glp,15,37.0,36.4,37.0,36.0,37.0
2006-10,MUN,MG|SAO LOURENCO,glp,3,30.0,29.6,30.0,29.5,30.0
2006-10,MUN,MG|SAO SEBASTIAO DO PARAISO,glp,22,37.0,35.1,37.3,33.0,38.0
2006-10,MUN,MG|SETE LAGOAS,glp,28,34.25,33.0,35.65,33.0,36.0
2006-10,MUN,MG|TEOFILO OTONI,glp,27,34.0,32.6,35.0,32.0,35.0
2006-10,MUN,MG|TIMOTEO,glp,10,34.0,33.0,34.2,33.0,36.0
2006-10,MUN,MG|TRES CORACOES,glp,10,30.0,29.0,31.0,29.0,31.0
2006-10,MUN,MG|UBA,glp,10,32.0,32.0,34.1,32.0,35.0
2006-10,MUN,MG|UBERABA,glp,44,37.0,37.0,37.0,33.0,37.0
2006-10,MUN,MG|UBERLANDIA,glp,79,34.0,33.0,35.0,32.0,36.0
2006-10,MUN,MG|UNAI,glp,7,35.0,35.0,37.0,35.0,37.0
2006-10,MUN,MG|VARGINHA,glp,32,32.0,31.0,32.0,30.0,32.5
2006-10,MUN,MG|VESPASIANO,glp,8,33.0,31.625,34.3,30.75,35.0
2006-10,MUN,MG|VICOSA,glp,3,37.0,37.0,37.0,37.0,37.0
2006-10,MUN,MS|BATAYPORA,glp,1,38.0,38.0,38.0,38.0,38.0
2006-10,MUN,MS|CAMPO GRANDE,glp,69,36.0,33.0,36.0,33.0,38.0
2006-10,MUN,MS|CORUMBA,glp,5,39.0,39.0,39.0,39.0,39.0
2006-10,MUN,MS|COXIM,glp,4,38.0,38.0,38.0,38.0,38.0
2006-10,MUN,MS|DOURADOS,glp,25,39.0,37.0,39.0,37.0,39.0
2006-10,MUN,MS|NOVA ANDRADINA,glp,13,38.0,38.0,38.0,37.0,38.0
2006-10,MUN,MS|PARANAIBA,glp,6,37.0,37.0,37.0,37.0,37.0
2006-10,MUN,MS|PONTA PORA,glp,5,33.5,32.0,34.0,31.0,34.0
2006-10,MUN,MS|SAO GABRIEL DO OESTE,glp,1,38.0,38.0,38.0,38.0,38.0
2006-10,MUN,MS|SIDROLANDIA,glp,1,33.0,33.0,33.0,33.0,33.0
2006-10,MUN,MS|TRES LAGOAS,glp,16,36.0,35.0,37.0,35.0,37.0
2006-10,MUN,MT|ALTA FLORESTA,glp,8,42.0,40.0,42.3,40.0,43.0
2006-10,MUN,MT|CACERES,glp,8,38.0,36.7,38.0,36.0,38.0
2006-10,MUN,MT|CUIABA,glp,52,40.0,39.0,41.0,37.0,41.0
2006-10,MUN,MT|RONDONOPOLIS,glp,8,42.0,40.0,42.0,40.0,42.0
2006-10,MUN,MT|SINOP,glp,18,40.0,40.0,42.0,40.0,42.0
2006-10,MUN,MT|SORRISO,glp,6,40.5,40.0,42.5,40.0,43.0
2006-10,MUN,MT|VARZEA GRANDE,glp,14,39.0,39.0,40.7,39.0,42.0
2006-10,MUN,PA|ABAETETUBA,glp,3,33.0,33.0,33.0,33.0,33.0
2006-10,MUN,PA|ALENQUER,glp,1,35.0,35.0,35.0,35.0,35.0
2006-10,MUN,PA|ALTAMIRA,glp,3,35.0,34.2,35.0,34.0,35.0
2006-10,MUN,PA|ANANINDEUA,glp,30,31.0,31.0,31.0,29.0,31.0
2006-10,MUN,PA|BELEM,glp,65,31.0,30.0,31.0,27.0,32.0
2006-10,MUN,PA|BRAGANCA,glp,2,33.0,33.0,33.0,33.0,33.0
2006-10,MUN,PA|BREU BRANCO,glp,1,38.0,38.0,38.0,38.0,38.0
2006-10,MUN,PA|BREVES,glp,2,30.0,30.0,30.0,30.0,30.0
2006-10,MUN,PA|CAMETA,glp,2,33.0,33.0,33.0,33.0,33.0
2006-10,MUN,PA|CASTANHAL,glp,10,31.0,30.0,31.05,30.0,31.5
2006-10,MUN,PA|CONCEICAO DO ARAGUAIA,glp,2,35.0,35.0,35.0,35.0,35.0
2006-10,MUN,PA|MARABA,glp,3,36.0,35.12,36.0,34.9,36.0
2006-10,MUN,PA|MARITUBA,glp,1,31.0,31.0,31.0,31.0,31.0
2006-10,MUN,PA|PARAGOMINAS,glp,2,35.0,35.0,35.0,35.0,35.0
2006-10,MUN,PA|PARAUAPEBAS,glp,1,37.0,37.0,37.0,37.0,37.0
2006-10,MUN,PA|REDENCAO,glp,4,38.0,36.6,38.0,36.0,38.0
2006-10,MUN,PA|SANTANA DO ARAGUAIA,glp,2,37.0,37.0,37.0,37.0,37.0
2006-10,MUN,PA|SANTAREM,glp,7,34.0,33.2,34.4,32.0,35.0
2006-10,MUN,PA|TUCURUI,glp,4,38.0,38.0,38.0,38.0,38.0
2006-10,MUN,PA|XINGUARA,glp,3,37.0,37.0,37.0,37.0,37.0
2006-10,MUN,PB|BAYEUX,glp,5,35.0,35.0,35.0,35.0,35.0
2006-10,MUN,PB|CABEDELO,glp,3,35.0,33.4,35.0,33.0,35.0
2006-10,MUN,PB|CAMPINA GRANDE,glp,15,35.0,33.4,35.0,33.0,35.0
2006-10,MUN,PB|GUARABIRA,glp,1,35.0,35.0,35.0,35.0,35.0
2006-10,MUN,PB|JOAO PESSOA,glp,23,33.0,32.0,34.0,31.0,35.0
2006-10,MUN,PB|MAMANGUAPE,glp,1,33.0,33.0,33.0,33.0,33.0
2006-10,MUN,PB|MARIZOPOLIS,glp,1,30.0,30.0,30.0,30.0,30.0
2006-10,MUN,PB|PATOS,glp,6,35.0,35.0,35.0,35.0,35.0
2006-10,MUN,PB|SANTA RITA,glp,4,34.0,33.0,35.0,33.0,35.0
2006-10,MUN,PB|SAPE,glp,3,33.0,33.0,33.0,33.0,33.0
2006-10,MUN,PB|SOUSA,glp,3,30.0,30.0,32.4,30.0,33.0
2006-10,MUN,PE|ABREU E LIMA,glp,4,31.5,30.3,32.7,30.0,33.0
2006-10,MUN,PE|AFOGADOS DA INGAZEIRA,glp,2,32.0,30.4,33.6,30.0,34.0
2006-10,MUN,PE|AGUAS BELAS,glp,1,34.0,34.0,34.0,34.0,34.0
2006-10,MUN,PE|ARARIPINA,glp,1,33.0,33.0,33.0,33.0,33.0
2006-10,MUN,PE|ARCOVERDE,glp,1,34.0,34.0,34.0,34.0,34.0
2006-10,MUN,PE|BARRA DE GUABIRABA,glp,1,33.0,33.0,33.0,33.0,33.0
2006-10,MUN,PE|BELO JARDIM,glp,6,33.0,33.0,33.0,33.0,33.0
2006-10,MUN,PE|BEZERROS,glp,1,33.0,33.0,33.0,33.0,33.0
2006-10,MUN,PE|BOM CONSELHO,glp,4,32.0,32.0,32.0,32.0,32.0
2006-10,MUN,PE|CABO DE SANTO AGOSTINHO,glp,9,30.0,29.8,32.0,29.0,32.0
2006-10,MUN,PE|CAMARAGIBE,glp,5,32.0,32.0,32.0,32.0,32.0
2006-10,MUN,PE|CARUARU,glp,5,33.0,32.4,33.0,32.0,33.0
2006-10,MUN,PE|DORMENTES,glp,1,33.0,33.0,33.0,33.0,33.0
2006-10,MUN,PE|GARANHUNS,glp,2,32.0,32.0,32.0,32.0,32.0
2006-10,MUN,PE|GOIANA,glp,4,33.0,32.3,34.4,32.0,35.0
2006-10,MUN,PE|GRAVATA,glp,3,30.0,30.0,30.0,30.0,30.0
2006-10,MUN,PE|IGARASSU,glp,13,32.0,30.0,32.0,30.0,33.0
2006-10,MUN,PE|JABOATAO DOS GUARARAPES,glp,24,32.0,32.0,32.0,32.0,32.0
2006-10,MUN,PE|JUCATI,glp,1,32.0,32.0,32.0,32.0,32.0
2006-10,MUN,PE|LAJEDO,glp,3,32.0,31.2,32.0,31.0,32.0
2006-10,MUN,PE|OLINDA,glp,19,32.0,32.0,32.0,30.0,32.0
2006-10,MUN,PE|PAULISTA,glp,30,32.0,32.0,32.0,32.0,33.0
2006-10,MUN,PE|PETROLINA,glp,12,33.0,33.0,33.0,33.0,33.0
2006-10,MUN,PE|RECIFE,glp,100,32.0,30.0,33.0,29.0,34.0
2006-10,MUN,PE|SALGUEIRO,glp,3,30.0,28.4,31.6,28.0,32.0
2006-10,MUN,PE|SANTA CRUZ DO CAPIBARIBE,glp,2,35.0,35.0,35.0,35.0,35.0
2006-10,MUN,PE|SAO BENTO DO UNA,glp,1,33.0,33.0,33.0,33.0,33.0
2006-10,MUN,PE|SAO LOURENCO DA MATA,glp,8,32.0,32.0,32.0,32.0,32.0
2006-10,MUN,PE|SERRA TALHADA,glp,4,33.0,33.0,33.0,33.0,33.0
2006-10,MUN,PE|SERTANIA,glp,1,33.0,33.0,33.0,33.0,33.0
2006-10,MUN,PE|VENTUROSA,glp,1,34.0,34.0,34.0,34.0,34.0
2006-10,MUN,PE|VITORIA DE SANTO ANTAO,glp,6,32.5,30.0,35.0,30.0,35.0
2006-10,MUN,PI|BARRAS,glp,1,36.0,36.0,36.0,36.0,36.0
2006-10,MUN,PI|CAMPO MAIOR,glp,2,36.0,36.0,36.0,36.0,36.0
2006-10,MUN,PI|OEIRAS,glp,3,37.0,37.0,37.0,37.0,37.0
2006-10,MUN,PI|PICOS,glp,2,37.0,37.0,37.0,37.0,37.0
2006-10,MUN,PI|PIRIPIRI,glp,2,34.5,34.1,34.9,34.0,35.0
2006-10,MUN,PI|TERESINA,glp,37,35.0,35.0,36.0,33.0,36.0
2006-10,MUN,PR|ALMIRANTE TAMANDARE,glp,10,30.25,30.0,32.0,30.0,32.0
2006-10,MUN,PR|APUCARANA,glp,22,33.0,33.0,34.0,32.0,34.0
2006-10,MUN,PR|ARAPONGAS,glp,17,34.0,33.0,34.0,32.0,35.0
2006-10,MUN,PR|ARAUCARIA,glp,12,31.0,31.0,31.9,31.0,32.0
2006-10,MUN,PR|ASSIS CHATEAUBRIAND,glp,8,33.25,32.9,35.0,32.9,35.0
2006-10,MUN,PR|CAMBE,glp,31,35.0,33.0,35.0,32.0,35.0
2006-10,MUN,PR|CAMPO LARGO,glp,16,31.0,31.0,31.0,31.0,31.0
2006-10,MUN,PR|CAMPO MOURAO,glp,8,35.0,35.0,36.0,35.0,36.0
2006-10,MUN,PR|CASCAVEL,glp,21,33.0,32.0,34.0,31.5,34.0
2006-10,MUN,PR|CASTRO,glp,15,32.0,30.8,32.0,30.0,33.0
2006-10,MUN,PR|CIANORTE,glp,9,38.0,36.8,38.0,36.0,38.0
2006-10,MUN,PR|COLOMBO,glp,34,31.0,30.0,32.0,30.0,33.0
2006-10,MUN,PR|CORNELIO PROCOPIO,glp,5,35.0,34.4,35.0,34.0,35.0
2006-10,MUN,PR|CURITIBA,glp,105,31.0,30.0,32.0,29.0,33.0
2006-10,MUN,PR|FAZENDA RIO GRANDE,glp,1,30.0,30.0,30.0,30.0,30.0
2006-10,MUN,PR|FOZ DO IGUACU,glp,18,39.0,38.0,39.0,38.0,39.0
2006-10,MUN,PR|FRANCISCO BELTRAO,glp,5,35.0,34.0,35.0,34.0,35.0
2006-10,MUN,PR|GUARAPUAVA,glp,7,32.0,30.6,32.4,30.0,33.0
2006-10,MUN,PR|LARANJEIRAS DO SUL,glp,4,35.0,35.0,35.7,35.0,36.0
2006-10,MUN,PR|LONDRINA,glp,73,33.0,32.0,35.0,30.9,36.0
2006-10,MUN,PR|MARECHAL CANDIDO RONDON,glp,6,37.0,36.5,37.0,36.0,37.0
2006-10,MUN,PR|MARINGA,glp,41,34.0,32.0,34.0,31.0,35.0
2006-10,MUN,PR|PARANAGUA,glp,23,36.0,35.0,37.0,35.0,37.0
2006-10,MUN,PR|PARANAVAI,glp,10,35.0,34.0,35.1,34.0,36.0
2006-10,MUN,PR|PATO BRANCO,glp,10,33.5,32.0,35.2,32.0,37.0
2006-10,MUN,PR|PINHAIS,glp,20,31.0,31.0,32.099,30.0,33.0
2006-10,MUN,PR|PONTA GROSSA,glp,81,32.0,31.0,32.5,31.0,34.5
2006-10,MUN,PR|SANTO ANTONIO DA PLATINA,glp,9,33.0,32.0,33.2,32.0,34.0
2006-10,MUN,PR|SAO JOSE DOS PINHAIS,glp,24,32.0,31.0,32.0,30.0,33.0
2006-10,MUN,PR|TOLEDO,glp,12,37.0,35.1,37.9,35.0,38.0
2006-10,MUN,PR|UMUARAMA,glp,14,35.0,35.0,35.0,35.0,35.0
2006-10,MUN,PR|UNIAO DA VITORIA,glp,5,33.0,32.0,34.0,32.0,34.0
2006-10,MUN,RJ|ANGRA DOS REIS,glp,4,34.95,34.9,35.7,34.9,36.0
2006-10,MUN,RJ|ARARUAMA,glp,4,32.0,31.3,32.7,31.0,33.0
2006-10,MUN,RJ|ARMACAO DOS BUZIOS,glp,2,32.25,32.05,32.45,32.0,32.5
2006-10,MUN,RJ|BARRA DO PIRAI,glp,3,36.0,36.0,36.0,36.0,36.0
2006-10,MUN,RJ|BARRA MANSA,glp,16,36.0,34.0,37.0,32.0,37.5
2006-10,MUN,RJ|BELFORD ROXO,glp,5,31.0,30.396,31.6,30.0,32.0
2006-10,MUN,RJ|CABO FRIO,glp,3,32.0,31.2,32.0,31.0,32.0
2006-10,MUN,RJ|CAMPOS DOS GOYTACAZES,glp,14,32.0,31.3,34.7,31.0,35.0
2006-10,MUN,RJ|DUQUE DE CAXIAS,glp,28,31.0,30.0,32.3,29.0,33.0
2006-10,MUN,RJ|ITABORAI,glp,3,33.0,32.2,33.0,32.0,33.0
2006-10,MUN,RJ|ITAGUAI,glp,5,32.9,31.12,33.74,31.0,33.9
2006-10,MUN,RJ|ITAPERUNA,glp,4,30.5,30.0,31.0,30.0,31.0
2006-10,MUN,RJ|MACAE,glp,3,32.0,32.0,33.6,32.0,34.0
2006-10,MUN,RJ|MAGE,glp,2,31.5,31.1,31.9,31.0,32.0
2006-10,MUN,RJ|MANGARATIBA,glp,3,32.9,32.18,33.7,32.0,33.9
2006-10,MUN,RJ|MARICA,glp,2,31.995,31.991,31.999,31.99,32.0
2006-10,MUN,RJ|NILOPOLIS,glp,5,31.0,29.99,32.0,29.99,32.0
2006-10,MUN,RJ|NITEROI,glp,2,32.5,32.1,32.9,32.0,33.0
2006-10,MUN,RJ|NOVA FRIBURGO,glp,6,36.0,34.5,36.0,34.0,36.0
2006-10,MUN,RJ|NOVA IGUACU,glp,18,31.0,30.0,32.0,30.0,35.0
2006-10,MUN,RJ|PARAIBA DO SUL,glp,2,33.0,33.0,33.0,33.0,33.0
2006-10,MUN,RJ|PARATY,glp,2,33.5,32.3,34.7,32.0,35.0
2006-10,MUN,RJ|PETROPOLIS,glp,3,34.0,32.4,34.0,32.0,34.0
2006-10,MUN,RJ|RESENDE,glp,6,37.0,35.0,37.25,35.0,37.5
2006-10,MUN,RJ|RIO DE JANEIRO,glp,79,31.0,30.0,33.0,29.99,34.0
2006-10,MUN,RJ|SANTO ANTONIO DE PADUA,glp,2,34.0,34.0,34.0,34.0,34.0
2006-10,MUN,RJ|SAO GONCALO,glp,1,32.49,32.49,32.49,32.49,32.49
2006-10,MUN,RJ|SAO JOAO DE MERITI,glp,6,32.0,31.0,32.0,30.0,32.0
2006-10,MUN,RJ|SAPUCAIA,glp,2,33.0,33.0,33.0,33.0,33.0
2006-10,MUN,RJ|SAQUAREMA,glp,3,33.0,33.0,33.0,33.0,33.0
2006-10,MUN,RJ|TERESOPOLIS,glp,4,33.0,32.3,33.7,32.0,34.0
2006-10,MUN,RJ|TRES RIOS,glp,1,33.0,33.0,33.0,33.0,33.0
2006-10,MUN,RJ|VALENCA,glp,7,33.0,32.0,34.4,32.0,35.0
2006-10,MUN,RJ|VASSOURAS,glp,2,36.0,36.0,36.0,36.0,36.0
2006-10,MUN,RJ|VOLTA REDONDA,glp,6,37.0,35.5,37.0,35.0,37.0
2006-10,MUN,RN|CAICO,glp,3,33.0,33.0,33.0,33.0,33.0
2006-10,MUN,RN|CURRAIS NOVOS,glp,4,32.0,32.0,32.0,32.0,32.0
2006-10,MUN,RN|MOSSORO,glp,3,32.0,30.4,32.0,30.0,32.0
2006-10,MUN,RN|NATAL,glp,6,32.0,32.0,32.0,32.0,32.0
2006-10,MUN,RN|PARNAMIRIM,glp,3,30.0,30.0,31.6,30.0,32.0
2006-10,MUN,RN|SAO JOSE DE MIPIBU,glp,3,32.0,32.0,32.0,32.0,32.0
2006-10,MUN,RN|TIMBAUBA DOS BATISTAS,glp,1,33.0,33.0,33.0,33.0,33.0
2006-10,MUN,RO|ARIQUEMES,glp,12,38.0,38.0,38.0,38.0,38.0
2006-10,MUN,RO|CACOAL,glp,8,38.0,38.0,38.3,38.0,39.0
2006-10,MUN,RO|GUAJARA-MIRIM,glp,3,39.0,38.2,40.6,38.0,41.0
2006-10,MUN,RO|JI-PARANA,glp,10,36.5,35.9,37.0,35.0,37.0
2006-10,MUN,RO|PIMENTA BUENO,glp,3,39.0,39.0,39.0,39.0,39.0
2006-10,MUN,RO|PORTO VELHO,glp,58,33.0,32.0,33.0,31.0,34.0
2006-10,MUN,RO|SAO MIGUEL DO GUAPORE,glp,1,42.0,42.0,42.0,42.0,42.0
2006-10,MUN,RO|VILHENA,glp,5,42.0,42.0,42.0,42.0,42.0
2006-10,MUN,RR|BOA VISTA,glp,27,36.0,35.6,37.0,34.7,39.0
2006-10,MUN,RR|CARACARAI,glp,1,45.0,45.0,45.0,45.0,45.0
2006-10,MUN,RR|MUCAJAI,glp,1,37.0,37.0,37.0,37.0,37.0
2006-10,MUN,RR|RORAINOPOLIS,glp,1,41.0,41.0,41.0,41.0,41.0
2006-10,MUN,RS|ALEGRETE,glp,4,35.0,34.3,35.0,34.0,35.0
2006-10,MUN,RS|ALVORADA,glp,9,32.0,30.0,33.2,30.0,34.0
2006-10,MUN,RS|BAGE,glp,4,32.525,32.0,33.715,32.0,34.0
2006-10,MUN,RS|BENTO GONCALVES,glp,6,35.5,35.25,35.75,35.0,36.0
2006-10,MUN,RS|BOZANO,glp,1,35.0,35.0,35.0,35.0,35.0
2006-10,MUN,RS|CACAPAVA DO SUL,glp,4,38.5,38.0,39.0,38.0,39.0
2006-10,MUN,RS|CACHOEIRA DO SUL,glp,9,35.0,35.0,36.0,35.0,36.0
2006-10,MUN,RS|CACHOEIRINHA,glp,2,32.5,32.1,32.9,32.0,33.0
2006-10,MUN,RS|CANOAS,glp,14,33.25,32.0,34.0,31.0,34.9
2006-10,MUN,RS|CAXIAS DO SUL,glp,31,36.0,35.0,36.5,35.0,37.0
2006-10,MUN,RS|CRUZ ALTA,glp,1,35.0,35.0,35.0,35.0,35.0
2006-10,MUN,RS|ERECHIM,glp,8,36.8,35.35,37.27,35.0,37.9
2006-10,MUN,RS|ESTEIO,glp,4,34.0,34.0,34.7,34.0,35.0
2006-10,MUN,RS|GRAMADO,glp,3,35.0,35.0,35.4,35.0,35.5
2006-10,MUN,RS|GRAVATAI,glp,3,33.0,33.0,33.0,33.0,33.0
2006-10,MUN,RS|GUAIBA,glp,1,32.5,32.5,32.5,32.5,32.5
2006-10,MUN,RS|IJUI,glp,11,35.0,34.0,36.0,34.0,36.0
2006-10,MUN,RS|JAGUARAO,glp,3,32.0,32.0,32.0,32.0,32.0
2006-10,MUN,RS|LAJEADO,glp,11,32.0,32.0,33.0,32.0,33.0
2006-10,MUN,RS|NOVO HAMBURGO,glp,7,34.0,34.0,34.0,34.0,34.0
2006-10,MUN,RS|OSORIO,glp,1,36.0,36.0,36.0,36.0,36.0
2006-10,MUN,RS|PALMEIRA DAS MISSOES,glp,8,38.0,34.4,39.0,33.0,39.0
2006-10,MUN,RS|PASSO FUNDO,glp,34,35.0,34.0,36.0,33.0,36.0
2006-10,MUN,RS|PELOTAS,glp,32,32.0,31.0,34.0,30.0,35.0
2006-10,MUN,RS|PORTO ALEGRE,glp,51,34.0,32.0,35.0,32.0,36.0
2006-10,MUN,RS|RIO GRANDE,glp,14,32.0,30.0,33.0,30.0,33.0
2006-10,MUN,RS|SANTA CRUZ DO SUL,glp,3,33.0,33.0,33.0,33.0,33.0
2006-10,MUN,RS|SANTA MARIA,glp,13,34.0,33.0,35.0,33.0,35.0
2006-10,MUN,RS|SANTA ROSA,glp,5,34.0,33.4,35.9,33.0,36.5
2006-10,MUN,RS|SANTA VITORIA DO PALMAR,glp,1,36.0,36.0,36.0,36.0,36.0
2006-10,MUN,RS|SANTANA DO LIVRAMENTO,glp,2,34.0,34.0,34.0,34.0,34.0
2006-10,MUN,RS|SANTO ANGELO,glp,3,36.0,36.0,36.0,36.0,36.0
2006-10,MUN,RS|SAO BORJA,glp,2,34.75,34.55,34.95,34.5,35.0
2006-10,MUN,RS|SAO GABRIEL,glp,1,39.0,39.0,39.0,39.0,39.0
2006-10,MUN,RS|SAO LEOPOLDO,glp,13,34.0,32.0,34.0,32.0,34.0
2006-10,MUN,RS|SAO LUIZ GONZAGA,glp,8,36.0,34.7,36.3,34.0,37.0
2006-10,MUN,RS|SAPIRANGA,glp,2,34.0,34.0,34.0,34.0,34.0
2006-10,MUN,RS|SAPUCAIA DO SUL,glp,5,34.0,34.0,34.0,34.0,34.0
2006-10,MUN,RS|TORRES,glp,3,35.0,35.0,35.0,35.0,35.0
2006-10,MUN,RS|TRAMANDAI,glp,1,35.0,35.0,35.0,35.0,35.0
2006-10,MUN,RS|URUGUAIANA,glp,2,36.5,36.1,36.9,36.0,37.0
2006-10,MUN,RS|VACARIA,glp,8,34.105,34.0,35.3,34.0,36.0
2006-10,MUN,RS|VIAMAO,glp,3,34.0,33.2,34.8,33.0,35.0
2006-10,MUN,SC|ARARANGUA,glp,3,38.0,38.0,38.8,38.0,39.0
2006-10,MUN,SC|BALNEARIO CAMBORIU,glp,4,37.0,37.0,37.0,37.0,37.0
2006-10,MUN,SC|BIGUACU,glp,1,33.4,33.4,33.4,33.4,33.4
2006-10,MUN,SC|BLUMENAU,glp,38,36.0,35.0,37.0,34.0,38.0
2006-10,MUN,SC|BOMBINHAS,glp,1,32.0,32.0,32.0,32.0,32.0
2006-10,MUN,SC|BRUSQUE,glp,6,36.0,34.0,38.9,33.0,39.9
2006-10,MUN,SC|CACADOR,glp,2,35.5,35.1,35.9,35.0,36.0
2006-10,MUN,SC|CHAPECO,glp,42,35.0,34.0,36.0,33.9,37.0
2006-10,MUN,SC|CONCORDIA,glp,23,35.0,34.6,36.0,34.0,37.0
2006-10,MUN,SC|CRICIUMA,glp,9,38.0,37.4,39.36,37.0,40.0
2006-10,MUN,SC|FLORIANOPOLIS,glp,87,36.0,35.48,37.0,34.0,38.0
2006-10,MUN,SC|ITAJAI,glp,54,35.0,34.0,35.0,33.0,36.0
2006-10,MUN,SC|JARAGUA DO SUL,glp,2,37.0,36.2,37.8,36.0,38.0
2006-10,MUN,SC|JOINVILLE,glp,76,37.0,36.0,37.0,35.0,37.0
2006-10,MUN,SC|LAGES,glp,4,34.5,34.0,35.0,34.0,35.0
2006-10,MUN,SC|LAGUNA,glp,3,35.0,35.0,35.8,35.0,36.0
2006-10,MUN,SC|MAFRA,glp,2,33.95,33.11,34.79,32.9,35.0
2006-10,MUN,SC|PALHOCA,glp,23,33.0,32.0,34.0,31.0,37.5
2006-10,MUN,SC|SAO JOSE,glp,19,34.5,34.0,35.0,33.5,35.0
2006-10,MUN,SC|SAO MIGUEL DO OESTE,glp,14,34.0,33.3,34.35,32.0,37.98
2006-10,MUN,SC|TIJUCAS,glp,1,35.75,35.75,35.75,35.75,35.75
2006-10,MUN,SC|TUBARAO,glp,12,33.0,33.0,35.0,33.0,35.1
2006-10,MUN,SC|VIDEIRA,glp,4,35.5,35.0,36.0,35.0,36.0
2006-10,MUN,SC|XANXERE,glp,14,35.0,34.0,35.0,33.9,35.5
2006-10,MUN,SE|ARACAJU,glp,25,34.0,33.0,34.0,30.0,35.0
2006-10,MUN,SE|ITABAIANA,glp,6,33.0,33.0,33.0,33.0,33.0
2006-10,MUN,SE|ITABAIANINHA,glp,3,32.0,32.0,32.0,32.0,32.0
2006-10,MUN,SE|LAGARTO,glp,4,32.0,32.0,32.0,32.0,32.0
2006-10,MUN,SE|NOSSA SENHORA DO SOCORRO,glp,11,34.0,34.0,34.0,34.0,34.0
2006-10,MUN,SE|SIMAO DIAS,glp,3,32.0,32.0,32.0,32.0,32.0
2006-10,MUN,SE|TOBIAS BARRETO,glp,3,33.0,33.0,33.0,33.0,33.0
2006-10,MUN,SP|ADAMANTINA,glp,7,33.0,32.0,33.0,32.0,33.0
2006-10,MUN,SP|AMERICANA,glp,17,34.0,33.0,34.4,31.99,35.0
2006-10,MUN,SP|AMERICO BRASILIENSE,glp,1,32.0,32.0,32.0,32.0,32.0
2006-10,MUN,SP|AMPARO,glp,5,30.0,30.0,32.74,30.0,33.9
2006-10,MUN,SP|APIAI,glp,2,33.0,32.2,33.8,32.0,34.0
2006-10,MUN,SP|ARACARIGUAMA,glp,1,32.0,32.0,32.0,32.0,32.0
2006-10,MUN,SP|ARACATUBA,glp,25,32.0,30.0,32.0,29.0,32.0
2006-10,MUN,SP|ARARAQUARA,glp,12,30.0,30.0,31.0,30.0,31.0
2006-10,MUN,SP|ARARAS,glp,2,31.0,30.2,31.8,30.0,32.0
2006-10,MUN,SP|AREIOPOLIS,glp,1,43.0,43.0,43.0,43.0,43.0
2006-10,MUN,SP|ASSIS,glp,7,30.0,30.0,32.0,30.0,32.0
2006-10,MUN,SP|ATIBAIA,glp,20,33.0,31.86,33.05,31.5,34.0
2006-10,MUN,SP|AVARE,glp,4,34.0,34.0,34.0,34.0,34.0
2006-10,MUN,SP|BARRETOS,glp,5,30.0,30.0,31.0,30.0,31.0
2006-10,MUN,SP|BARUERI,glp,6,31.0,29.5,31.5,29.0,32.0
2006-10,MUN,SP|BAURU,glp,20,30.0,30.0,31.55,30.0,32.5
2006-10,MUN,SP|BEBEDOURO,glp,4,34.0,33.3,34.0,33.0,34.0
2006-10,MUN,SP|BIRIGUI,glp,7,30.0,29.6,32.0,29.0,32.0
2006-10,MUN,SP|BOTUCATU,glp,11,31.9,31.9,32.0,31.5,32.0
2006-10,MUN,SP|BRAGANCA PAULISTA,glp,8,32.0,31.03,32.27,29.0,32.9
2006-10,MUN,SP|CACAPAVA,glp,7,32.0,30.0,32.4,30.0,33.0
2006-10,MUN,SP|CAMPINAS,glp,49,31.0,30.0,32.992,29.99,33.0
2006-10,MUN,SP|CAMPOS DO JORDAO,glp,7,31.69,31.0,32.4,31.0,33.0
2006-10,MUN,SP|CAPAO BONITO,glp,4,31.995,31.0,32.997,31.0,33.0
2006-10,MUN,SP|CARAGUATATUBA,glp,7,32.5,31.6,33.8,31.0,35.0
2006-10,MUN,SP|CARAPICUIBA,glp,11,30.0,27.99,30.99,27.99,31.99
2006-10,MUN,SP|CATANDUVA,glp,6,32.0,30.5,32.5,30.0,33.0
2006-10,MUN,SP|COSMOPOLIS,glp,4,34.0,34.0,34.0,34.0,34.0
2006-10,MUN,SP|COTIA,glp,9,31.0,29.972,31.2,29.9,32.0
2006-10,MUN,SP|CRUZEIRO,glp,7,32.0,29.8,32.4,29.5,33.0
2006-10,MUN,SP|CUBATAO,glp,5,30.0,30.0,30.0,30.0,30.0
2006-10,MUN,SP|DESCALVADO,glp,1,30.0,30.0,30.0,30.0,30.0
2006-10,MUN,SP|DIADEMA,glp,4,27.99,27.99,29.257,27.99,29.8
2006-10,MUN,SP|DRACENA,glp,4,30.0,29.3,33.5,29.0,35.0
2006-10,MUN,SP|EMBU DAS ARTES,glp,6,30.445,29.9,31.0,29.9,31.0
2006-10,MUN,SP|ENGENHEIRO COELHO,glp,1,34.0,34.0,34.0,34.0,34.0
2006-10,MUN,SP|ESPIRITO SANTO DO PINHAL,glp,1,35.0,35.0,35.0,35.0,35.0
2006-10,MUN,SP|FERRAZ DE VASCONCELOS,glp,9,30.0,30.0,32.4,30.0,34.0
2006-10,MUN,SP|FRANCA,glp,16,34.0,30.0,34.0,30.0,34.0
2006-10,MUN,SP|FRANCISCO MORATO,glp,5,31.5,31.2,32.4,31.0,33.0
2006-10,MUN,SP|FRANCO DA ROCHA,glp,3,31.5,31.5,32.22,31.5,32.4
2006-10,MUN,SP|GARCA,glp,5,33.0,33.0,33.0,33.0,33.0
2006-10,MUN,SP|GUARATINGUETA,glp,3,32.0,30.4,32.8,30.0,33.0
2006-10,MUN,SP|GUARUJA,glp,4,33.5,32.45,33.5,32.0,33.5
2006-10,MUN,SP|GUARULHOS,glp,53,30.495,29.172,31.5,27.0,32.0
2006-10,MUN,SP|HORTOLANDIA,glp,16,33.0,32.0,34.0,32.0,34.0
2006-10,MUN,SP|IBITINGA,glp,5,30.0,30.0,30.6,30.0,31.0
2006-10,MUN,SP|INDAIATUBA,glp,22,35.0,34.0,35.0,33.5,35.0
2006-10,MUN,SP|ITANHAEM,glp,4,32.0,29.9,32.0,29.0,32.0
2006-10,MUN,SP|ITAPECERICA DA SERRA,glp,1,31.99,31.99,31.99,31.99,31.99
2006-10,MUN,SP|ITAPETININGA,glp,16,30.0,29.0,30.5,28.0,31.0
2006-10,MUN,SP|ITAPEVA,glp,6,32.0,31.5,32.5,31.0,33.0
2006-10,MUN,SP|ITAPEVI,glp,3,29.0,28.192,29.0,27.99,29.0
2006-10,MUN,SP|ITAPIRA,glp,7,30.0,29.0,31.0,29.0,31.0
2006-10,MUN,SP|ITAPOLIS,glp,4,30.0,30.0,30.0,30.0,30.0
2006-10,MUN,SP|ITAQUAQUECETUBA,glp,7,32.0,30.0,32.4,30.0,33.0
2006-10,MUN,SP|ITATIBA,glp,6,32.0,31.75,32.0,31.5,32.0
2006-10,MUN,SP|ITU,glp,15,30.0,28.4,31.96,28.0,32.0
2006-10,MUN,SP|JABOTICABAL,glp,7,32.0,30.6,33.0,30.0,33.0
2006-10,MUN,SP|JACAREI,glp,12,31.0,30.0,31.0,30.0,31.9
2006-10,MUN,SP|JALES,glp,3,33.0,32.2,33.0,32.0,33.0
2006-10,MUN,SP|JANDIRA,glp,4,30.49,29.927,30.997,29.9,31.0
2006-10,MUN,SP|JAU,glp,7,30.0,30.0,30.0,30.0,30.0
2006-10,MUN,SP|JOSE BONIFACIO,glp,6,30.5,29.5,32.0,29.0,32.0
2006-10,MUN,SP|JUNDIAI,glp,12,30.0,26.3,31.0,26.0,31.9
2006-10,MUN,SP|LEME,glp,17,34.0,33.0,34.0,33.0,34.0
2006-10,MUN,SP|LIMEIRA,glp,23,33.99,32.0,35.0,30.0,35.0
2006-10,MUN,SP|LINS,glp,9,32.0,32.0,32.0,32.0,32.0
2006-10,MUN,SP|LORENA,glp,6,30.0,30.0,32.0,30.0,32.0
2006-10,MUN,SP|MARILIA,glp,8,30.0,30.0,30.0,30.0,30.0
2006-10,MUN,SP|MATAO,glp,8,31.5,30.0,32.3,30.0,33.0
2006-10,MUN,SP|MAUA,glp,12,32.0,31.03,33.0,31.0,33.9
2006-10,MUN,SP|MIRASSOL,glp,8,30.0,30.0,30.0,30.0,30.0
2006-10,MUN,SP|MOCOCA,glp,8,34.75,33.0,35.0,33.0,35.0
2006-10,MUN,SP|MOGI DAS CRUZES,glp,7,34.0,32.6,34.0,32.0,34.0
2006-10,MUN,SP|MOGI GUACU,glp,8,29.0,27.997,30.0,27.99,30.0
2006-10,MUN,SP|MOGI MIRIM,glp,7,32.0,32.0,33.0,32.0,33.0
2006-10,MUN,SP|MONTE ALTO,glp,4,32.0,31.0,33.0,31.0,33.0
2006-10,MUN,SP|OLIMPIA,glp,3,30.0,30.0,30.8,30.0,31.0
2006-10,MUN,SP|OSASCO,glp,32,30.0,27.99,31.27,27.99,32.0
2006-10,MUN,SP|OURINHOS,glp,12,29.5,29.0,32.0,28.0,33.0
2006-10,MUN,SP|PARAGUACU PAULISTA,glp,4,32.0,30.25,32.35,29.5,32.5
2006-10,MUN,SP|PAULINIA,glp,11,32.0,32.0,33.0,30.0,33.0
2006-10,MUN,SP|PIEDADE,glp,1,30.0,30.0,30.0,30.0,30.0
2006-10,MUN,SP|PINDAMONHANGABA,glp,5,33.0,31.4,33.0,31.0,33.0
2006-10,MUN,SP|PIRACICABA,glp,11,33.0,32.0,33.0,30.0,35.0
2006-10,MUN,SP|PIRAPORA DO BOM JESUS,glp,1,29.0,29.0,29.0,29.0,29.0
2006-10,MUN,SP|PIRASSUNUNGA,glp,13,30.0,30.0,31.4,30.0,32.0
2006-10,MUN,SP|POA,glp,3,30.0,30.0,31.6,30.0,32.0
2006-10,MUN,SP|PORTO FERREIRA,glp,8,30.0,30.0,30.0,30.0,30.0
2006-10,MUN,SP|PRAIA GRANDE,glp,7,33.0,31.4,33.4,30.5,34.0
2006-10,MUN,SP|PRESIDENTE PRUDENTE,glp,22,30.5,30.0,32.9,30.0,33.0
2006-10,MUN,SP|PRESIDENTE VENCESLAU,glp,3,29.0,28.92,29.8,28.9,30.0
2006-10,MUN,SP|RIBEIRAO PIRES,glp,4,32.45,31.65,32.97,31.5,33.0
2006-10,MUN,SP|RIBEIRAO PRETO,glp,12,32.0,30.0,32.9,30.0,33.0
2006-10,MUN,SP|RIO CLARO,glp,12,30.0,30.0,30.0,30.0,30.0
2006-10,MUN,SP|RIO DAS PEDRAS,glp,1,34.0,34.0,34.0,34.0,34.0
2006-10,MUN,SP|SALTINHO,glp,1,32.0,32.0,32.0,32.0,32.0
2006-10,MUN,SP|SALTO,glp,10,32.0,30.0,32.0,30.0,32.0
2006-10,MUN,SP|SANTA BARBARA D'OESTE,glp,20,34.745,33.45,35.0,33.0,35.4
2006-10,MUN,SP|SANTA CRUZ DO RIO PARDO,glp,7,32.0,32.0,32.0,32.0,32.0
2006-10,MUN,SP|SANTO ANDRE,glp,24,33.0,32.0,33.85,32.0,34.5
2006-10,MUN,SP|SANTOS,glp,10,32.25,31.0,33.2,31.0,35.0
2006-10,MUN,SP|SAO BERNARDO DO CAMPO,glp,22,32.5,31.1,33.0,29.99,33.5
2006-10,MUN,SP|SAO CAETANO DO SUL,glp,3,30.0,29.2,30.8,29.0,31.0
2006-10,MUN,SP|SAO CARLOS,glp,6,30.0,28.395,30.95,28.0,31.0
2006-10,MUN,SP|SAO JOAO DA BOA VISTA,glp,4,35.0,33.6,35.0,33.0,35.0
2006-10,MUN,SP|SAO JOAQUIM DA BARRA,glp,2,32.5,32.1,32.9,32.0,33.0
2006-10,MUN,SP|SAO JOSE DO RIO PRETO,glp,31,32.0,32.0,33.0,30.0,33.0
2006-10,MUN,SP|SAO JOSE DOS CAMPOS,glp,37,32.0,30.0,32.0,28.99,34.0
2006-10,MUN,SP|SAO PAULO,glp,202,30.0,28.99,31.999,26.99,33.0
2006-10,MUN,SP|SAO ROQUE,glp,4,30.5,29.93,31.7,29.9,32.0
2006-10,MUN,SP|SAO VICENTE,glp,9,30.0,28.4,31.3,28.0,32.5
2006-10,MUN,SP|SERTAOZINHO,glp,18,32.0,32.0,32.0,31.0,32.0
2006-10,MUN,SP|SOROCABA,glp,27,30.0,29.0,31.0,29.0,34.0
2006-10,MUN,SP|SUMARE,glp,24,33.0,32.0,34.0,32.0,34.0
2006-10,MUN,SP|SUZANO,glp,8,32.0,31.393,32.0,30.0,32.0
2006-10,MUN,SP|TABOAO DA SERRA,glp,3,31.0,30.192,32.6,29.99,33.0
2006-10,MUN,SP|TATUI,glp,5,32.0,32.0,33.0,32.0,33.0
2006-10,MUN,SP|TAUBATE,glp,6,33.0,32.995,33.0,32.99,33.0
2006-10,MUN,SP|TUPA,glp,2,31.0,31.0,31.0,31.0,31.0
2006-10,MUN,SP|UBATUBA,glp,12,33.0,30.2,34.0,30.0,34.5
2006-10,MUN,SP|VALINHOS,glp,10,33.0,32.0,33.0,32.0,33.0
2006-10,MUN,SP|VARZEA PAULISTA,glp,7,32.0,30.0,32.0,30.0,32.0
2006-10,MUN,SP|VINHEDO,glp,5,32.0,31.4,32.6,31.0,33.0
2006-10,MUN,SP|VOTORANTIM,glp,8,28.5,27.997,30.0,27.99,30.0
2006-10,MUN,SP|VOTUPORANGA,glp,15,32.0,30.0,33.0,30.0,34.0
2006-10,MUN,TO|ALMAS,glp,1,37.0,37.0,37.0,37.0,37.0
2006-10,MUN,TO|ARAGUAINA,glp,10,37.0,35.9,38.0,35.0,38.0
2006-10,MUN,TO|COMBINADO,glp,1,37.0,37.0,37.0,37.0,37.0
2006-10,MUN,TO|DIANOPOLIS,glp,6,35.0,35.0,35.0,35.0,35.0
2006-10,MUN,TO|GURUPI,glp,35,35.0,34.0,35.0,34.0,35.0
2006-10,MUN,TO|PALMAS,glp,30,36.0,35.0,37.0,34.0,37.0
2006-10,MUN,TO|PARAISO DO TOCANTINS,glp,19,35.0,35.0,35.2,35.0,37.0
2006-10,MUN,TO|PORTO NACIONAL,glp,12,37.0,37.0,37.0,37.0,37.0
2006-10,MUN,TO|TAGUATINGA,glp,1,37.0,37.0,37.0,37.0,37.0
2006-10,UF,AC,glp,73,37.0,36.0,39.0,35.0,46.0
2006-10,UF,AL,glp,29,32.0,30.0,33.0,30.0,34.0
2006-10,UF,AM,glp,163,31.0,30.2,32.0,29.9,36.0
2006-10,UF,AP,glp,10,35.0,35.0,45.1,35.0,46.0
2006-10,UF,BA,glp,280,32.0,30.0,35.0,29.0,36.5
2006-10,UF,CE,glp,227,32.5,31.0,34.0,30.0,35.0
2006-10,UF,DF,glp,77,39.0,36.0,39.0,31.0,39.0
2006-10,UF,ES,glp,163,35.0,32.9,36.0,30.0,37.8
2006-10,UF,GO,glp,465,33.0,30.0,37.0,28.0,39.0
2006-10,UF,MA,glp,63,34.5,33.0,37.9,30.0,38.0
2006-10,UF,MG,glp,1145,35.0,32.0,37.0,29.0,39.0
2006-10,UF,MS,glp,146,36.0,34.0,39.0,31.0,39.0
2006-10,UF,MT,glp,114,40.0,38.3,42.0,36.0,43.0
2006-10,UF,PA,glp,148,31.0,30.7,36.0,27.0,38.0
2006-10,UF,PB,glp,65,34.0,32.4,35.0,30.0,35.0
2006-10,UF,PE,glp,278,32.0,30.0,33.0,28.0,35.0
2006-10,UF,PI,glp,47,35.0,35.0,36.4,33.0,37.0
2006-10,UF,PR,glp,676,32.0,31.0,35.0,29.0,39.0
2006-10,UF,RJ,glp,258,32.0,30.0,36.0,29.0,37.5
2006-10,UF,RN,glp,23,32.0,30.4,33.0,30.0,33.0
2006-10,UF,RO,glp,100,33.0,32.0,39.0,31.0,42.0
2006-10,UF,RR,glp,30,36.0,35.9,37.2,34.7,45.0
2006-10,UF,RS,glp,351,34.0,32.0,36.0,30.0,39.0
2006-10,UF,SC,glp,444,36.0,34.0,37.0,31.0,40.0
2006-10,UF,SE,glp,55,33.0,32.0,34.0,30.0,35.0
2006-10,UF,SP,glp,1391,31.0,29.95,34.0,26.0,43.0
2006-10,UF,TO,glp,115,35.0,34.0,37.0,34.0,38.0
2006-11,BR,BR,glp,7393,33.0,30.0,37.0,27.0,46.0
2006-11,MUN,AC|CRUZEIRO DO SUL,glp,1,46.0,46.0,46.0,46.0,46.0
2006-11,MUN,AC|RIO BRANCO,glp,42,37.0,36.0,38.0,35.0,39.0
2006-11,MUN,AC|SENA MADUREIRA,glp,2,39.0,39.0,39.0,39.0,39.0
2006-11,MUN,AC|TARAUACA,glp,2,44.0,44.0,44.0,44.0,44.0
2006-11,MUN,AC|XAPURI,glp,2,41.0,41.0,41.0,41.0,41.0
2006-11,MUN,AL|ARAPIRACA,glp,8,33.0,32.7,33.0,32.0,33.0
2006-11,MUN,AL|DELMIRO GOUVEIA,glp,2,30.5,30.1,30.9,30.0,31.0
2006-11,MUN,AL|MACEIO,glp,19,30.0,30.0,33.0,30.0,34.0
2006-11,MUN,AL|MARECHAL DEODORO,glp,1,32.0,32.0,32.0,32.0,32.0
2006-11,MUN,AL|PALMEIRA DOS INDIOS,glp,4,32.75,32.5,33.0,32.5,33.0
2006-11,MUN,AL|RIO LARGO,glp,1,31.0,31.0,31.0,31.0,31.0
2006-11,MUN,AM|HUMAITA,glp,2,35.375,34.875,35.875,34.75,36.0
2006-11,MUN,AM|ITACOATIARA,glp,4,32.0,32.0,32.7,32.0,33.0
2006-11,MUN,AM|MANACAPURU,glp,1,32.0,32.0,32.0,32.0,32.0
2006-11,MUN,AM|MANAUS,glp,234,31.0,30.0,32.0,29.7,34.0
2006-11,MUN,AM|PARINTINS,glp,1,33.0,33.0,33.0,33.0,33.0
2006-11,MUN,AM|PRESIDENTE FIGUEIREDO,glp,1,36.0,36.0,36.0,36.0,36.0
2006-11,MUN,AP|CALCOENE,glp,1,41.0,41.0,41.0,41.0,41.0
2006-11,MUN,AP|MACAPA,glp,5,35.0,35.0,35.0,35.0,35.0
2006-11,MUN,AP|OIAPOQUE,glp,2,45.5,45.1,45.9,45.0,46.0
2006-11,MUN,AP|SANTANA,glp,2,35.0,35.0,35.0,35.0,35.0
2006-11,MUN,BA|ALAGOINHAS,glp,4,35.0,35.0,35.0,35.0,35.0
2006-11,MUN,BA|BARRA,glp,3,32.0,31.6,32.0,31.5,32.0
2006-11,MUN,BA|BARREIRAS,glp,5,36.0,35.4,36.0,35.0,36.0
2006-11,MUN,BA|BRUMADO,glp,4,30.0,30.0,30.7,30.0,31.0
2006-11,MUN,BA|CAETITE,glp,6,30.0,29.5,30.0,29.0,30.0
2006-11,MUN,BA|CAMACARI,glp,8,36.5,35.7,36.5,35.0,36.5
2006-11,MUN,BA|CAMPO FORMOSO,glp,3,35.0,35.0,35.0,35.0,35.0
2006-11,MUN,BA|CANDEIAS,glp,6,32.5,32.0,33.0,32.0,33.0
2006-11,MUN,BA|CAPIM GROSSO,glp,1,35.0,35.0,35.0,35.0,35.0
2006-11,MUN,BA|CONCEICAO DO JACUIPE,glp,1,35.0,35.0,35.0,35.0,35.0
2006-11,MUN,BA|EUNAPOLIS,glp,8,35.0,35.0,35.0,35.0,35.0
2006-11,MUN,BA|FEIRA DE SANTANA,glp,7,35.5,34.1,35.5,32.0,35.5
2006-11,MUN,BA|GUANAMBI,glp,8,33.0,32.1,33.0,30.0,33.0
2006-11,MUN,BA|ILHEUS,glp,8,35.0,34.991,35.0,34.97,35.0
2006-11,MUN,BA|IPIRA,glp,3,35.0,35.0,35.0,35.0,35.0
2006-11,MUN,BA|IRECE,glp,7,30.0,30.0,32.0,30.0,32.0
2006-11,MUN,BA|ITABUNA,glp,7,34.0,34.0,34.7,34.0,35.0
2006-11,MUN,BA|ITAMARAJU,glp,6,34.0,33.0,35.0,33.0,35.0
2006-11,MUN,BA|JACOBINA,glp,7,33.0,31.8,33.0,30.0,33.0
2006-11,MUN,BA|JAGUAQUARA,glp,6,35.0,35.0,35.0,35.0,35.0
2006-11,MUN,BA|JEQUIE,glp,4,35.0,31.5,35.035,30.0,35.05
2006-11,MUN,BA|JUAZEIRO,glp,5,33.0,31.8,33.0,31.0,33.0
2006-11,MUN,BA|LAURO DE FREITAS,glp,10,32.0,30.0,32.1,30.0,33.0
2006-11,MUN,BA|PAULO AFONSO,glp,7,33.0,33.0,33.4,33.0,34.0
2006-11,MUN,BA|POCOES,glp,3,33.0,33.0,33.0,33.0,33.0
2006-11,MUN,BA|PORTO SEGURO,glp,6,35.0,35.0,35.0,35.0,35.0
2006-11,MUN,BA|RUY BARBOSA,glp,5,33.0,33.0,34.2,33.0,35.0
2006-11,MUN,BA|SALVADOR,glp,127,32.0,30.0,32.45,29.0,33.45
2006-11,MUN,BA|SANTO ANTONIO DE JESUS,glp,4,32.75,32.5,34.4,32.5,35.0
2006-11,MUN,BA|SENHOR DO BONFIM,glp,4,35.0,35.0,35.07,35.0,35.1
2006-11,MUN,BA|SERRINHA,glp,4,35.0,32.9,35.0,32.0,35.0
2006-11,MUN,BA|SIMOES FILHO,glp,6,33.0,33.0,33.0,33.0,33.0
2006-11,MUN,BA|TEIXEIRA DE FREITAS,glp,3,35.0,32.6,35.0,32.0,35.0
2006-11,MUN,BA|VALENCA,glp,4,34.5,33.3,35.0,33.0,35.0
2006-11,MUN,BA|VITORIA DA CONQUISTA,glp,2,33.54,33.172,33.908,33.08,34.0
2006-11,MUN,CE|BEBERIBE,glp,1,32.0,32.0,32.0,32.0,32.0
2006-11,MUN,CE|CANINDE,glp,2,31.0,31.0,31.0,31.0,31.0
2006-11,MUN,CE|CAUCAIA,glp,33,33.0,32.0,34.0,32.0,34.5
2006-11,MUN,CE|CRATEUS,glp,3,33.0,32.2,33.0,32.0,33.0
2006-11,MUN,CE|CRATO,glp,9,31.0,30.8,32.0,30.0,32.0
2006-11,MUN,CE|FORTALEZA,glp,102,33.0,32.0,34.0,31.5,34.45
2006-11,MUN,CE|ICO,glp,2,30.0,29.2,30.8,29.0,31.0
2006-11,MUN,CE|IGUATU,glp,3,32.0,32.0,32.0,32.0,32.0
2006-11,MUN,CE|INDEPENDENCIA,glp,1,33.0,33.0,33.0,33.0,33.0
2006-11,MUN,CE|IPU,glp,2,35.0,35.0,35.0,35.0,35.0
2006-11,MUN,CE|ITAPIPOCA,glp,3,31.5,30.7,31.5,30.5,31.5
2006-11,MUN,CE|JUAZEIRO DO NORTE,glp,6,31.0,31.0,31.0,31.0,31.0
2006-11,MUN,CE|LIMOEIRO DO NORTE,glp,2,33.95,33.91,33.99,33.9,34.0
2006-11,MUN,CE|MARACANAU,glp,12,33.225,32.0,33.975,30.0,34.0
2006-11,MUN,CE|MORADA NOVA,glp,4,33.0,33.0,33.0,33.0,33.0
2006-11,MUN,CE|PEDRA BRANCA,glp,2,31.25,30.65,31.85,30.5,32.0
2006-11,MUN,CE|QUIXADA,glp,5,34.0,34.0,34.0,34.0,34.0
2006-11,MUN,CE|SAO GONCALO DO AMARANTE,glp,1,30.0,30.0,30.0,30.0,30.0
2006-11,MUN,CE|SOBRAL,glp,4,31.0,30.0,32.0,30.0,32.0
2006-11,MUN,DF|BRASILIA,glp,112,38.5,38.0,39.0,35.0,39.0
2006-11,MUN,ES|ARACRUZ,glp,8,34.5,33.7,35.0,33.0,35.0
2006-11,MUN,ES|BARRA DE SAO FRANCISCO,glp,10,30.5,30.0,32.5,30.0,37.0
2006-11,MUN,ES|CACHOEIRO DE ITAPEMIRIM,glp,15,33.0,32.0,33.0,32.0,33.0
2006-11,MUN,ES|CARIACICA,glp,20,35.0,34.975,35.095,34.5,36.0
2006-11,MUN,ES|CASTELO,glp,4,33.0,32.3,34.015,32.0,34.45
2006-11,MUN,ES|COLATINA,glp,8,33.5,32.0,35.0,32.0,35.0
2006-11,MUN,ES|GUARAPARI,glp,6,32.0,32.0,34.0,32.0,35.0
2006-11,MUN,ES|ITAPEMIRIM,glp,2,33.0,33.0,33.0,33.0,33.0
2006-11,MUN,ES|JAGUARE,glp,3,34.0,33.92,34.0,33.9,34.0
2006-11,MUN,ES|LINHARES,glp,18,35.0,32.0,35.0,30.0,35.0
2006-11,MUN,ES|NOVA VENECIA,glp,2,35.0,35.0,35.0,35.0,35.0
2006-11,MUN,ES|PIUMA,glp,1,32.0,32.0,32.0,32.0,32.0
2006-11,MUN,ES|SAO MATEUS,glp,9,33.0,32.0,33.15,30.0,33.75
2006-11,MUN,ES|SERRA,glp,49,36.0,34.9,37.0,33.0,37.0
2006-11,MUN,ES|VILA VELHA,glp,22,35.0,34.0,36.0,31.5,36.0
2006-11,MUN,ES|VITORIA,glp,6,35.0,35.0,35.0,35.0,35.0
2006-11,MUN,GO|ABADIA DE GOIAS,glp,1,30.0,30.0,30.0,30.0,30.0
2006-11,MUN,GO|AGUAS LINDAS DE GOIAS,glp,10,35.0,35.0,35.85,35.0,39.0
2006-11,MUN,GO|ANAPOLIS,glp,23,33.0,32.0,33.892,32.0,34.0
2006-11,MUN,GO|APARECIDA DE GOIANIA,glp,33,32.0,30.1,32.72,30.0,34.0
2006-11,MUN,GO|CALDAS NOVAS,glp,54,34.0,34.0,34.0,32.0,35.0
2006-11,MUN,GO|CATALAO,glp,12,30.75,30.0,31.0,30.0,31.0
2006-11,MUN,GO|FORMOSA,glp,30,37.0,37.0,37.0,35.0,37.0
2006-11,MUN,GO|GOIANIA,glp,99,31.0,30.0,32.0,29.0,33.0
2006-11,MUN,GO|GOIATUBA,glp,8,34.0,33.7,34.0,33.0,34.0
2006-11,MUN,GO|ITUMBIARA,glp,22,33.0,32.95,33.0,32.5,34.0
2006-11,MUN,GO|JATAI,glp,19,35.0,34.5,36.0,34.0,36.0
2006-11,MUN,GO|LUZIANIA,glp,17,33.0,32.0,33.4,31.0,34.0
2006-11,MUN,GO|MINEIROS,glp,22,38.0,38.0,38.0,38.0,38.0
2006-11,MUN,GO|MORRINHOS,glp,17,34.0,33.0,34.7,32.5,35.0
2006-11,MUN,GO|NOVO GAMA,glp,1,38.0,38.0,38.0,38.0,38.0
2006-11,MUN,GO|PLANALTINA,glp,19,39.0,37.0,39.0,36.0,39.0
2006-11,MUN,GO|PONTALINA,glp,1,34.0,34.0,34.0,34.0,34.0
2006-11,MUN,GO|PORANGATU,glp,15,33.5,33.0,34.0,33.0,34.0
2006-11,MUN,GO|RIO VERDE,glp,16,36.0,35.995,36.0,35.99,36.0
2006-11,MUN,GO|TRINDADE,glp,28,31.0,30.0,32.0,30.0,32.0
2006-11,MUN,GO|VALPARAISO DE GOIAS,glp,7,31.0,30.6,32.0,30.0,32.0
2006-11,MUN,MA|ACAILANDIA,glp,4,36.0,36.0,36.0,36.0,36.0
2006-11,MUN,MA|BACABAL,glp,2,36.0,36.0,36.0,36.0,36.0
2006-11,MUN,MA|BALSAS,glp,2,37.0,37.0,37.0,37.0,37.0
2006-11,MUN,MA|BARRA DO CORDA,glp,3,38.0,38.0,38.0,38.0,38.0
2006-11,MUN,MA|CAROLINA,glp,3,37.0,37.0,37.0,37.0,37.0
2006-11,MUN,MA|CAXIAS,glp,4,38.0,38.0,38.0,38.0,38.0
2006-11,MUN,MA|CODO,glp,2,36.5,36.5,36.5,36.5,36.5
2006-11,MUN,MA|IMPERATRIZ,glp,14,35.0,35.0,35.0,34.0,35.0
2006-11,MUN,MA|PINHEIRO,glp,2,37.0,37.0,37.0,37.0,37.0
2006-11,MUN,MA|PRESIDENTE DUTRA,glp,2,35.0,35.0,35.0,35.0,35.0
2006-11,MUN,MA|SANTA INES,glp,2,35.25,35.25,35.25,35.25,35.25
2006-11,MUN,MA|SAO DOMINGOS DO MARANHAO,glp,1,38.0,38.0,38.0,38.0,38.0
2006-11,MUN,MA|SAO JOAO DOS PATOS,glp,1,35.0,35.0,35.0,35.0,35.0
2006-11,MUN,MA|SAO JOSE DE RIBAMAR,glp,4,32.5,32.0,33.0,32.0,33.0
2006-11,MUN,MA|SAO LUIS,glp,12,33.0,32.0,34.0,32.0,34.0
2006-11,MUN,MA|TIMON,glp,1,35.0,35.0,35.0,35.0,35.0
2006-11,MUN,MG|ALFENAS,glp,21,35.0,34.0,36.0,34.0,36.0
2006-11,MUN,MG|ARAGUARI,glp,13,37.0,37.0,38.0,36.9,38.0
2006-11,MUN,MG|ARAXA,glp,8,36.0,34.7,36.0,34.0,36.0
2006-11,MUN,MG|BARBACENA,glp,14,35.0,34.0,35.0,33.0,37.0
2006-11,MUN,MG|BELO HORIZONTE,glp,145,34.0,33.0,36.0,29.0,37.0
2006-11,MUN,MG|BETIM,glp,25,34.0,32.6,35.0,31.99,36.0
2006-11,MUN,MG|BOCAIUVA,glp,1,35.0,35.0,35.0,35.0,35.0
2006-11,MUN,MG|BOM DESPACHO,glp,3,35.0,35.0,35.0,35.0,35.0
2006-11,MUN,MG|CAMPO BELO,glp,9,35.0,34.0,35.0,34.0,35.0
2006-11,MUN,MG|CARATINGA,glp,3,30.0,30.0,30.0,30.0,30.0
2006-11,MUN,MG|CATAGUASES,glp,5,32.0,31.7,33.8,31.5,35.0
2006-11,MUN,MG|CONCEICAO DAS ALAGOAS,glp,1,37.0,37.0,37.0,37.0,37.0
2006-11,MUN,MG|CONGONHAS,glp,4,34.5,33.3,35.0,33.0,35.0
2006-11,MUN,MG|CONSELHEIRO LAFAIETE,glp,5,35.0,34.1,36.0,33.5,36.0
2006-11,MUN,MG|CONTAGEM,glp,74,35.0,32.0,35.0,30.0,36.0
2006-11,MUN,MG|CORONEL FABRICIANO,glp,6,34.0,34.0,34.0,34.0,34.0
2006-11,MUN,MG|CURVELO,glp,9,35.0,34.0,35.0,34.0,35.0
2006-11,MUN,MG|DIAMANTINA,glp,9,35.0,33.0,35.0,33.0,35.0
2006-11,MUN,MG|DIVINOPOLIS,glp,21,35.0,35.0,36.0,35.0,36.0
2006-11,MUN,MG|FORMIGA,glp,16,34.0,34.0,35.0,32.0,35.0
2006-11,MUN,MG|FRUTAL,glp,4,34.0,33.3,34.7,33.0,35.0
2006-11,MUN,MG|GOVERNADOR VALADARES,glp,23,33.0,32.1,34.0,31.54,34.0
2006-11,MUN,MG|GUAXUPE,glp,1,33.0,33.0,33.0,33.0,33.0
2006-11,MUN,MG|IBIRITE,glp,11,35.0,34.0,36.0,32.0,37.0
2006-11,MUN,MG|IPATINGA,glp,16,33.0,32.5,34.0,30.0,35.0
2006-11,MUN,MG|ITABIRA,glp,4,35.5,33.6,36.0,33.0,36.0
2006-11,MUN,MG|ITAJUBA,glp,14,34.0,34.0,34.7,33.0,35.0
2006-11,MUN,MG|ITAUNA,glp,12,33.0,33.0,34.9,32.9,35.0
2006-11,MUN,MG|ITUIUTABA,glp,16,32.75,31.0,34.0,30.0,35.0
2006-11,MUN,MG|JANAUBA,glp,8,35.0,35.0,35.0,35.0,35.0
2006-11,MUN,MG|JANUARIA,glp,8,35.0,35.0,35.0,35.0,35.0
2006-11,MUN,MG|JOAO MONLEVADE,glp,10,33.0,33.0,33.1,33.0,34.0
2006-11,MUN,MG|JOAO PINHEIRO,glp,15,38.0,36.5,38.0,35.0,38.0
2006-11,MUN,MG|JUIZ DE FORA,glp,50,37.0,36.0,38.0,35.0,38.0
2006-11,MUN,MG|LAVRAS,glp,10,35.0,32.0,35.0,32.0,35.0
2006-11,MUN,MG|LEOPOLDINA,glp,3,35.0,34.2,35.8,34.0,36.0
2006-11,MUN,MG|MANHUACU,glp,4,30.5,30.0,31.7,30.0,32.0
2006-11,MUN,MG|MARIANA,glp,6,33.5,32.0,35.5,32.0,36.0
2006-11,MUN,MG|MATIAS BARBOSA,glp,1,36.0,36.0,36.0,36.0,36.0
2006-11,MUN,MG|MONTE CARMELO,glp,14,35.0,34.0,36.4,33.0,37.0
2006-11,MUN,MG|MONTES CLAROS,glp,34,35.0,35.0,36.0,31.75,36.0
2006-11,MUN,MG|MURIAE,glp,3,32.0,30.24,34.4,29.8,35.0
2006-11,MUN,MG|NOVA LIMA,glp,9,35.0,34.0,36.0,34.0,36.0
2006-11,MUN,MG|OLIVEIRA,glp,8,34.0,33.9,35.0,33.9,35.0
2006-11,MUN,MG|OURO PRETO,glp,5,36.0,34.2,36.0,33.0,36.0
2006-11,MUN,MG|PARA DE MINAS,glp,10,34.95,31.9,35.54,31.0,35.9
2006-11,MUN,MG|PARACATU,glp,17,37.0,37.0,40.0,37.0,40.0
2006-11,MUN,MG|PASSOS,glp,11,37.0,36.5,37.0,36.0,37.0
2006-11,MUN,MG|PATOS DE MINAS,glp,22,37.0,36.0,38.0,36.0,40.0
2006-11,MUN,MG|PATROCINIO,glp,21,36.0,35.0,36.0,35.0,37.0
2006-11,MUN,MG|POCOS DE CALDAS,glp,15,32.0,30.4,32.0,30.0,33.0
2006-11,MUN,MG|POUSO ALEGRE,glp,22,34.25,34.0,35.0,34.0,35.0
2006-11,MUN,MG|RIBEIRAO DAS NEVES,glp,24,33.0,32.0,34.0,32.0,35.0
2006-11,MUN,MG|SABARA,glp,18,35.25,32.7,36.0,32.0,36.0
2006-11,MUN,MG|SANTA LUZIA,glp,18,34.0,33.7,35.0,32.5,35.0
2006-11,MUN,MG|SANTOS DUMONT,glp,5,37.0,37.0,37.0,37.0,37.0
2006-11,MUN,MG|SAO GOTARDO,glp,1,38.0,38.0,38.0,38.0,38.0
2006-11,MUN,MG|SAO JOAO DEL REI,glp,14,37.0,37.0,37.0,36.5,37.0
2006-11,MUN,MG|SAO LOURENCO,glp,3,30.0,29.2,30.0,29.0,30.0
2006-11,MUN,MG|SAO SEBASTIAO DO PARAISO,glp,22,37.0,36.0,37.0,35.0,37.0
2006-11,MUN,MG|SETE LAGOAS,glp,18,35.0,34.0,38.0,34.0,38.0
2006-11,MUN,MG|TEOFILO OTONI,glp,28,34.0,32.35,35.0,32.0,35.0
2006-11,MUN,MG|TIMOTEO,glp,11,34.0,33.0,34.0,33.0,36.0
2006-11,MUN,MG|TRES CORACOES,glp,11,28.0,28.0,30.0,28.0,31.0
2006-11,MUN,MG|UBA,glp,10,32.0,32.0,34.1,32.0,35.0
2006-11,MUN,MG|UBERABA,glp,38,37.0,35.0,37.0,33.0,37.0
2006-11,MUN,MG|UBERLANDIA,glp,64,35.0,34.0,35.0,32.5,36.5
2006-11,MUN,MG|UNAI,glp,7,35.0,35.0,35.0,35.0,35.0
2006-11,MUN,MG|VARGINHA,glp,27,32.0,31.0,32.0,31.0,32.0
2006-11,MUN,MG|VESPASIANO,glp,8,33.5,31.625,34.3,30.75,35.0
2006-11,MUN,MG|VICOSA,glp,3,37.0,37.0,37.0,37.0,37.0
2006-11,MUN,MS|BATAYPORA,glp,1,38.0,38.0,38.0,38.0,38.0
2006-11,MUN,MS|CAMPO GRANDE,glp,75,35.0,34.0,36.7,33.0,38.0
2006-11,MUN,MS|CORUMBA,glp,5,40.0,40.0,40.0,40.0,40.0
2006-11,MUN,MS|COXIM,glp,5,38.0,38.0,38.0,38.0,38.0
2006-11,MUN,MS|DOURADOS,glp,25,39.0,37.0,39.0,35.0,39.0
2006-11,MUN,MS|NOVA ANDRADINA,glp,12,38.0,38.0,38.0,35.0,38.0
2006-11,MUN,MS|PARANAIBA,glp,16,37.0,37.0,37.0,37.0,37.0
2006-11,MUN,MS|PONTA PORA,glp,1,31.0,31.0,31.0,31.0,31.0
2006-11,MUN,MS|SAO GABRIEL DO OESTE,glp,1,38.0,38.0,38.0,38.0,38.0
2006-11,MUN,MS|SIDROLANDIA,glp,1,34.0,34.0,34.0,34.0,34.0
2006-11,MUN,MS|TRES LAGOAS,glp,19,36.0,35.0,37.0,35.0,37.0
2006-11,MUN,MT|ALTA FLORESTA,glp,8,42.0,39.7,42.3,39.0,43.0
2006-11,MUN,MT|CACERES,glp,9,38.0,36.8,38.0,36.0,38.0
2006-11,MUN,MT|CUIABA,glp,50,40.0,39.0,41.0,37.0,42.0
2006-11,MUN,MT|RONDONOPOLIS,glp,12,42.0,40.2,42.0,40.0,42.0
2006-11,MUN,MT|SINOP,glp,18,41.0,40.0,42.0,40.0,42.0
2006-11,MUN,MT|SORRISO,glp,8,40.0,39.225,42.3,38.0,43.0
2006-11,MUN,MT|VARZEA GRANDE,glp,16,40.0,39.0,41.0,39.0,41.0
2006-11,MUN,PA|ABAETETUBA,glp,3,33.0,33.0,33.0,33.0,33.0
2006-11,MUN,PA|ALENQUER,glp,1,35.0,35.0,35.0,35.0,35.0
2006-11,MUN,PA|ALTAMIRA,glp,4,35.0,34.3,35.7,34.0,36.0
2006-11,MUN,PA|ANANINDEUA,glp,30,31.0,31.0,31.0,30.0,31.0
2006-11,MUN,PA|BELEM,glp,72,31.0,30.0,31.0,28.0,32.0
2006-11,MUN,PA|BRAGANCA,glp,2,33.0,33.0,33.0,33.0,33.0
2006-11,MUN,PA|BREU BRANCO,glp,1,38.0,38.0,38.0,38.0,38.0
2006-11,MUN,PA|BREVES,glp,3,30.0,30.0,35.6,30.0,37.0
2006-11,MUN,PA|CAMETA,glp,3,35.0,33.4,35.4,33.0,35.5
2006-11,MUN,PA|CASTANHAL,glp,9,31.0,31.0,31.0,31.0,31.0
2006-11,MUN,PA|CONCEICAO DO ARAGUAIA,glp,3,36.5,36.1,36.9,36.0,37.0
2006-11,MUN,PA|ITAITUBA,glp,3,35.0,35.0,35.8,35.0,36.0
2006-11,MUN,PA|MARABA,glp,3,36.0,35.12,36.0,34.9,36.0
2006-11,MUN,PA|MARITUBA,glp,1,31.0,31.0,31.0,31.0,31.0
2006-11,MUN,PA|PARAGOMINAS,glp,2,35.0,35.0,35.0,35.0,35.0
2006-11,MUN,PA|PARAUAPEBAS,glp,2,36.25,35.65,36.85,35.5,37.0
2006-11,MUN,PA|REDENCAO,glp,5,36.0,36.0,38.0,36.0,38.0
2006-11,MUN,PA|SANTANA DO ARAGUAIA,glp,2,37.0,37.0,37.0,37.0,37.0
2006-11,MUN,PA|SANTAREM,glp,15,34.0,31.0,34.22,29.0,35.0
2006-11,MUN,PA|TUCURUI,glp,4,38.0,38.0,38.0,38.0,38.0
2006-11,MUN,PA|XINGUARA,glp,4,37.0,36.3,37.0,36.0,37.0
2006-11,MUN,PB|BAYEUX,glp,5,35.0,34.4,35.0,34.0,35.0
2006-11,MUN,PB|CABEDELO,glp,3,35.0,35.0,35.0,35.0,35.0
2006-11,MUN,PB|CAMPINA GRANDE,glp,24,35.0,35.0,35.0,33.0,35.5
2006-11,MUN,PB|GUARABIRA,glp,1,35.0,35.0,35.0,35.0,35.0
2006-11,MUN,PB|INGA,glp,1,35.0,35.0,35.0,35.0,35.0
2006-11,MUN,PB|JOAO PESSOA,glp,23,33.0,32.2,35.0,29.0,35.0
2006-11,MUN,PB|MAMANGUAPE,glp,1,33.0,33.0,33.0,33.0,33.0
2006-11,MUN,PB|MARIZOPOLIS,glp,1,30.0,30.0,30.0,30.0,30.0
2006-11,MUN,PB|PATOS,glp,6,35.0,35.0,35.0,35.0,35.0
2006-11,MUN,PB|SANTA RITA,glp,4,34.0,33.0,35.0,33.0,35.0
2006-11,MUN,PB|SAPE,glp,3,33.0,33.0,33.0,33.0,33.0
2006-11,MUN,PB|SOUSA,glp,3,33.0,30.6,33.0,30.0,33.0
2006-11,MUN,PE|ABREU E LIMA,glp,5,30.0,29.4,32.0,29.0,32.0
2006-11,MUN,PE|AFOGADOS DA INGAZEIRA,glp,2,31.0,30.2,31.8,30.0,32.0
2006-11,MUN,PE|AGUAS BELAS,glp,1,32.0,32.0,32.0,32.0,32.0
2006-11,MUN,PE|ARARIPINA,glp,1,33.0,33.0,33.0,33.0,33.0
2006-11,MUN,PE|ARCOVERDE,glp,3,32.0,31.6,32.8,31.5,33.0
2006-11,MUN,PE|BARRA DE GUABIRABA,glp,1,35.0,35.0,35.0,35.0,35.0
2006-11,MUN,PE|BELO JARDIM,glp,6,33.0,33.0,33.0,33.0,33.0
2006-11,MUN,PE|BEZERROS,glp,1,33.0,33.0,33.0,33.0,33.0
2006-11,MUN,PE|BOM CONSELHO,glp,4,32.0,32.0,32.0,32.0,32.0
2006-11,MUN,PE|CABO DE SANTO AGOSTINHO,glp,9,31.0,29.0,32.0,29.0,32.0
2006-11,MUN,PE|CAMARAGIBE,glp,9,31.0,30.4,32.0,30.0,32.0
2006-11,MUN,PE|CARUARU,glp,3,33.0,32.6,33.0,32.5,33.0
2006-11,MUN,PE|DORMENTES,glp,1,33.0,33.0,33.0,33.0,33.0
2006-11,MUN,PE|GARANHUNS,glp,4,32.0,32.0,32.0,32.0,32.0
2006-11,MUN,PE|GOIANA,glp,4,33.0,32.3,34.4,32.0,35.0
2006-11,MUN,PE|GRAVATA,glp,3,30.0,30.0,30.0,30.0,30.0
2006-11,MUN,PE|IGARASSU,glp,13,32.0,29.2,32.0,29.0,32.0
2006-11,MUN,PE|JABOATAO DOS GUARARAPES,glp,26,32.0,31.75,32.0,30.0,32.0
2006-11,MUN,PE|JUCATI,glp,1,32.0,32.0,32.0,32.0,32.0
2006-11,MUN,PE|LAJEDO,glp,5,32.0,31.2,32.0,31.0,32.0
2006-11,MUN,PE|OLINDA,glp,14,31.5,30.0,32.0,30.0,32.0
2006-11,MUN,PE|PAULISTA,glp,30,32.0,30.9,32.0,30.0,32.5
2006-11,MUN,PE|PETROLINA,glp,13,33.0,33.0,33.0,33.0,33.0
2006-11,MUN,PE|RECIFE,glp,82,32.0,30.0,32.0,28.0,33.0
2006-11,MUN,PE|SALGUEIRO,glp,4,30.0,28.6,30.0,28.0,30.0
2006-11,MUN,PE|SANTA CRUZ DO CAPIBARIBE,glp,2,36.0,36.0,36.0,36.0,36.0
2006-11,MUN,PE|SAO BENTO DO UNA,glp,2,33.0,33.0,33.0,33.0,33.0
2006-11,MUN,PE|SAO LOURENCO DA MATA,glp,9,32.0,31.8,32.0,31.0,32.0
2006-11,MUN,PE|SERRA TALHADA,glp,5,33.0,33.0,33.0,33.0,33.0
2006-11,MUN,PE|SERTANIA,glp,2,33.0,33.0,33.0,33.0,33.0
2006-11,MUN,PE|VENTUROSA,glp,1,32.0,32.0,32.0,32.0,32.0
2006-11,MUN,PE|VITORIA DE SANTO ANTAO,glp,8,35.0,32.5,35.0,32.5,35.0
2006-11,MUN,PI|BARRAS,glp,1,36.0,36.0,36.0,36.0,36.0
2006-11,MUN,PI|CAMPO MAIOR,glp,3,36.0,36.0,36.0,36.0,36.0
2006-11,MUN,PI|OEIRAS,glp,3,37.0,37.0,37.0,37.0,37.0
2006-11,MUN,PI|PARNAIBA,glp,1,36.5,36.5,36.5,36.5,36.5
2006-11,MUN,PI|PICOS,glp,2,37.0,37.0,37.0,37.0,37.0
2006-11,MUN,PI|PIRIPIRI,glp,2,35.0,34.2,35.8,34.0,36.0
2006-11,MUN,PI|TERESINA,glp,30,35.0,34.9,35.0,31.0,35.0
2006-11,MUN,PR|ALMIRANTE TAMANDARE,glp,9,30.0,29.8,31.2,29.0,32.0
2006-11,MUN,PR|APUCARANA,glp,23,33.0,33.0,33.8,32.0,34.0
2006-11,MUN,PR|ARAPONGAS,glp,16,33.0,33.0,34.0,32.0,35.0
2006-11,MUN,PR|ARAUCARIA,glp,12,31.0,31.0,31.0,31.0,32.0
2006-11,MUN,PR|ASSIS CHATEAUBRIAND,glp,8,33.9,32.97,35.0,32.9,35.0
2006-11,MUN,PR|CAMBE,glp,40,34.25,33.0,35.0,32.0,36.0
2006-11,MUN,PR|CAMPO LARGO,glp,16,31.0,31.0,31.0,31.0,31.0
2006-11,MUN,PR|CAMPO MOURAO,glp,11,35.0,35.0,35.5,35.0,36.0
2006-11,MUN,PR|CASCAVEL,glp,27,33.0,32.0,34.0,31.0,35.0
2006-11,MUN,PR|CASTRO,glp,16,31.75,30.25,33.625,30.0,34.0
2006-11,MUN,PR|CIANORTE,glp,13,38.0,37.3,38.0,36.8,38.0
2006-11,MUN,PR|COLOMBO,glp,22,31.0,30.0,32.0,30.0,33.0
2006-11,MUN,PR|CORNELIO PROCOPIO,glp,7,35.0,35.0,35.0,35.0,35.0
2006-11,MUN,PR|CURITIBA,glp,103,31.0,30.0,32.0,29.0,33.0
2006-11,MUN,PR|FAZENDA RIO GRANDE,glp,1,30.0,30.0,30.0,30.0,30.0
2006-11,MUN,PR|FOZ DO IGUACU,glp,29,38.0,37.8,38.0,37.0,38.0
2006-11,MUN,PR|FRANCISCO BELTRAO,glp,9,35.0,34.0,35.0,34.0,35.0
2006-11,MUN,PR|GUARAPUAVA,glp,9,32.0,30.8,32.2,30.0,33.0
2006-11,MUN,PR|LARANJEIRAS DO SUL,glp,4,35.5,35.0,36.0,35.0,36.0
2006-11,MUN,PR|LONDRINA,glp,84,33.0,32.0,35.0,30.0,36.0
2006-11,MUN,PR|MARECHAL CANDIDO RONDON,glp,6,35.0,35.0,35.0,35.0,35.0
2006-11,MUN,PR|MARINGA,glp,46,33.7,32.25,34.0,31.0,35.0
2006-11,MUN,PR|PARANAGUA,glp,27,36.0,35.0,37.0,35.0,37.5
2006-11,MUN,PR|PARANAVAI,glp,13,35.0,33.2,35.0,33.0,36.0
2006-11,MUN,PR|PATO BRANCO,glp,11,33.0,32.0,35.0,32.0,37.0
2006-11,MUN,PR|PINHAIS,glp,15,32.0,30.0,32.0,30.0,33.0
2006-11,MUN,PR|PIRAI DO SUL,glp,1,30.0,30.0,30.0,30.0,30.0
2006-11,MUN,PR|PONTA GROSSA,glp,86,32.0,31.0,32.0,31.0,33.5
2006-11,MUN,PR|SANTO ANTONIO DA PLATINA,glp,11,33.0,32.0,34.0,32.0,34.0
2006-11,MUN,PR|SAO JOSE DOS PINHAIS,glp,21,32.0,30.9,32.0,30.0,33.0
2006-11,MUN,PR|TOLEDO,glp,16,36.75,35.0,37.5,34.5,38.0
2006-11,MUN,PR|UMUARAMA,glp,13,35.0,35.0,35.0,35.0,35.0
2006-11,MUN,PR|UNIAO DA VITORIA,glp,5,32.0,31.4,32.6,31.0,33.0
2006-11,MUN,RJ|ANGRA DOS REIS,glp,5,35.0,34.9,36.6,34.9,37.0
2006-11,MUN,RJ|ARARUAMA,glp,4,33.0,30.75,33.85,30.0,34.0
2006-11,MUN,RJ|ARMACAO DOS BUZIOS,glp,2,32.25,32.05,32.45,32.0,32.5
2006-11,MUN,RJ|BARRA DO PIRAI,glp,3,35.0,34.92,35.8,34.9,36.0
2006-11,MUN,RJ|BARRA MANSA,glp,17,36.0,34.6,37.0,34.0,37.5
2006-11,MUN,RJ|BELFORD ROXO,glp,6,31.495,29.0,32.0,28.0,32.0
2006-11,MUN,RJ|CABO FRIO,glp,3,31.0,31.0,31.8,31.0,32.0
2006-11,MUN,RJ|CAMPOS DOS GOYTACAZES,glp,17,33.0,30.0,35.0,29.0,35.0
2006-11,MUN,RJ|DUQUE DE CAXIAS,glp,26,32.0,30.0,32.0,29.0,33.0
2006-11,MUN,RJ|ITABORAI,glp,3,33.0,33.0,33.0,33.0,33.0
2006-11,MUN,RJ|ITAGUAI,glp,5,32.9,32.0,33.74,32.0,33.9
2006-11,MUN,RJ|ITAPERUNA,glp,5,31.0,30.7,32.0,30.5,32.0
2006-11,MUN,RJ|MACAE,glp,4,32.375,32.0,33.625,32.0,34.0
2006-11,MUN,RJ|MAGE,glp,2,31.5,31.1,31.9,31.0,32.0
2006-11,MUN,RJ|MANGARATIBA,glp,3,32.9,32.18,33.7,32.0,33.9
2006-11,MUN,RJ|MARICA,glp,2,32.495,32.091,32.899,31.99,33.0
2006-11,MUN,RJ|NILOPOLIS,glp,5,31.99,29.99,32.0,29.99,32.0
2006-11,MUN,RJ|NITEROI,glp,4,32.75,30.53,33.78,29.9,33.9
2006-11,MUN,RJ|NOVA FRIBURGO,glp,6,36.0,35.5,36.0,35.0,36.0
2006-11,MUN,RJ|NOVA IGUACU,glp,20,31.0,30.0,32.0,30.0,35.0
2006-11,MUN,RJ|PARAIBA DO SUL,glp,2,33.0,33.0,33.0,33.0,33.0
2006-11,MUN,RJ|PARATY,glp,2,35.0,35.0,35.0,35.0,35.0
2006-11,MUN,RJ|PETROPOLIS,glp,4,34.0,34.0,34.0,34.0,34.0
2006-11,MUN,RJ|RESENDE,glp,7,37.0,35.0,37.2,35.0,37.5
2006-11,MUN,RJ|RIO BONITO,glp,2,31.5,31.5,31.5,31.5,31.5
2006-11,MUN,RJ|RIO DE JANEIRO,glp,90,31.0,30.0,32.91,29.99,34.0
2006-11,MUN,RJ|SANTO ANTONIO DE PADUA,glp,2,34.0,34.0,34.0,34.0,34.0
2006-11,MUN,RJ|SAO GONCALO,glp,1,32.49,32.49,32.49,32.49,32.49
2006-11,MUN,RJ|SAO JOAO DE MERITI,glp,6,32.0,30.5,32.0,30.0,32.0
2006-11,MUN,RJ|SAPUCAIA,glp,2,33.0,33.0,33.0,33.0,33.0
2006-11,MUN,RJ|SAQUAREMA,glp,3,35.0,33.4,35.0,33.0,35.0
2006-11,MUN,RJ|TERESOPOLIS,glp,4,33.5,32.3,34.7,32.0,35.0
2006-11,MUN,RJ|TRES RIOS,glp,1,33.0,33.0,33.0,33.0,33.0
2006-11,MUN,RJ|VALENCA,glp,7,33.0,32.0,34.0,32.0,34.0
2006-11,MUN,RJ|VASSOURAS,glp,2,36.0,36.0,36.0,36.0,36.0
2006-11,MUN,RJ|VOLTA REDONDA,glp,6,37.0,35.5,37.0,35.0,37.0
2006-11,MUN,RN|CAICO,glp,3,33.0,33.0,33.0,33.0,33.0
2006-11,MUN,RN|CURRAIS NOVOS,glp,4,32.0,32.0,32.0,32.0,32.0
2006-11,MUN,RN|MOSSORO,glp,3,32.0,30.4,32.0,30.0,32.0
2006-11,MUN,RN|NATAL,glp,6,32.0,32.0,32.0,32.0,32.0
2006-11,MUN,RN|PARNAMIRIM,glp,3,30.0,30.0,31.6,30.0,32.0
2006-11,MUN,RN|SAO JOSE DE MIPIBU,glp,3,32.0,32.0,32.0,32.0,32.0
2006-11,MUN,RN|TIMBAUBA DOS BATISTAS,glp,1,33.0,33.0,33.0,33.0,33.0
2006-11,MUN,RO|ARIQUEMES,glp,4,38.0,38.0,38.0,38.0,38.0
2006-11,MUN,RO|CACOAL,glp,4,38.0,38.0,38.0,38.0,38.0
2006-11,MUN,RO|GUAJARA-MIRIM,glp,4,39.0,38.3,40.4,38.0,41.0
2006-11,MUN,RO|JI-PARANA,glp,8,37.0,37.0,37.65,37.0,38.0
2006-11,MUN,RO|PIMENTA BUENO,glp,4,39.0,39.0,39.0,39.0,39.0
2006-11,MUN,RO|PORTO VELHO,glp,45,33.0,32.0,33.0,31.0,34.0
2006-11,MUN,RO|SAO MIGUEL DO GUAPORE,glp,1,42.0,42.0,42.0,42.0,42.0
2006-11,MUN,RO|VILHENA,glp,5,42.0,42.0,42.0,42.0,42.0
2006-11,MUN,RR|BOA VISTA,glp,23,36.0,35.2,37.0,34.7,39.0
2006-11,MUN,RR|CARACARAI,glp,1,41.0,41.0,41.0,41.0,41.0
2006-11,MUN,RR|MUCAJAI,glp,1,37.0,37.0,37.0,37.0,37.0
2006-11,MUN,RR|RORAINOPOLIS,glp,1,42.0,42.0,42.0,42.0,42.0
2006-11,MUN,RS|ALEGRETE,glp,7,35.0,34.6,35.0,34.0,35.0
2006-11,MUN,RS|ALVORADA,glp,6,30.5,30.0,32.5,30.0,33.0
2006-11,MUN,RS|BAGE,glp,16,33.275,32.5,34.0,30.0,35.0
2006-11,MUN,RS|BENTO GONCALVES,glp,8,35.5,35.5,36.15,35.5,36.5
2006-11,MUN,RS|BOZANO,glp,1,35.9,35.9,35.9,35.9,35.9
2006-11,MUN,RS|CACAPAVA DO SUL,glp,4,39.0,39.0,39.0,39.0,39.0
2006-11,MUN,RS|CACHOEIRA DO SUL,glp,9,35.0,35.0,35.0,35.0,35.0
2006-11,MUN,RS|CACHOEIRINHA,glp,8,33.0,33.0,34.0,33.0,34.0
2006-11,MUN,RS|CANOAS,glp,14,33.75,32.3,34.0,32.0,34.45
2006-11,MUN,RS|CAXIAS DO SUL,glp,30,36.0,35.0,37.55,35.0,39.9
2006-11,MUN,RS|CRUZ ALTA,glp,2,35.0,35.0,35.0,35.0,35.0
2006-11,MUN,RS|ERECHIM,glp,6,36.625,36.0,37.45,36.0,37.9
2006-11,MUN,RS|ESTEIO,glp,5,34.0,32.8,34.0,32.0,34.0
2006-11,MUN,RS|FARROUPILHA,glp,1,35.5,35.5,35.5,35.5,35.5
2006-11,MUN,RS|GRAMADO,glp,3,35.0,35.0,35.0,35.0,35.0
2006-11,MUN,RS|GRAVATAI,glp,14,33.0,31.3,34.0,30.0,34.0
2006-11,MUN,RS|GUAIBA,glp,4,32.0,32.0,32.63,32.0,32.9
2006-11,MUN,RS|IJUI,glp,13,34.0,34.0,37.7,32.0,38.0
2006-11,MUN,RS|JAGUARAO,glp,6,32.0,32.0,33.5,32.0,35.0
2006-11,MUN,RS|LAJEADO,glp,12,32.5,32.5,33.9,32.0,35.0
2006-11,MUN,RS|NOVO HAMBURGO,glp,11,34.0,32.0,34.0,32.0,34.0
2006-11,MUN,RS|OSORIO,glp,6,36.0,35.0,36.0,35.0,36.0
2006-11,MUN,RS|PALMEIRA DAS MISSOES,glp,12,36.5,34.1,39.0,33.0,39.0
2006-11,MUN,RS|PASSO FUNDO,glp,38,35.0,33.7,36.15,32.0,37.5
2006-11,MUN,RS|PELOTAS,glp,33,32.0,31.0,33.8,30.0,35.0
2006-11,MUN,RS|PORTO ALEGRE,glp,49,33.0,32.4,34.6,31.0,35.0
2006-11,MUN,RS|RIO GRANDE,glp,25,32.0,30.0,32.0,28.0,32.0
2006-11,MUN,RS|SANTA CRUZ DO SUL,glp,12,33.0,31.455,33.0,31.45,33.0
2006-11,MUN,RS|SANTA MARIA,glp,17,34.0,33.0,35.0,32.0,35.0
2006-11,MUN,RS|SANTA ROSA,glp,10,34.0,33.95,35.1,33.5,36.0
2006-11,MUN,RS|SANTA VITORIA DO PALMAR,glp,1,36.0,36.0,36.0,36.0,36.0
2006-11,MUN,RS|SANTANA DO LIVRAMENTO,glp,13,34.0,34.0,34.0,34.0,34.0
2006-11,MUN,RS|SANTO ANGELO,glp,3,36.0,36.0,36.8,36.0,37.0
2006-11,MUN,RS|SAO BORJA,glp,3,34.0,33.2,35.6,33.0,36.0
2006-11,MUN,RS|SAO GABRIEL,glp,1,34.0,34.0,34.0,34.0,34.0
2006-11,MUN,RS|SAO LEOPOLDO,glp,15,33.0,32.0,34.0,32.0,34.0
2006-11,MUN,RS|SAO LUIZ GONZAGA,glp,8,38.0,37.63,39.0,37.0,39.0
2006-11,MUN,RS|SAPIRANGA,glp,2,34.0,34.0,34.0,34.0,34.0
2006-11,MUN,RS|SAPUCAIA DO SUL,glp,7,34.0,33.2,34.0,32.0,34.0
2006-11,MUN,RS|TORRES,glp,3,35.0,35.0,35.0,35.0,35.0
2006-11,MUN,RS|TRAMANDAI,glp,2,34.5,34.1,34.9,34.0,35.0
2006-11,MUN,RS|URUGUAIANA,glp,6,36.0,35.5,36.0,35.0,36.0
2006-11,MUN,RS|VACARIA,glp,10,34.005,34.0,35.0,34.0,35.0
2006-11,MUN,RS|VIAMAO,glp,2,33.5,33.1,33.9,33.0,34.0
2006-11,MUN,SC|ARARANGUA,glp,5,38.0,38.0,38.6,38.0,39.0
2006-11,MUN,SC|BALNEARIO CAMBORIU,glp,4,37.0,37.0,37.0,37.0,37.0
2006-11,MUN,SC|BIGUACU,glp,1,34.0,34.0,34.0,34.0,34.0
2006-11,MUN,SC|BLUMENAU,glp,24,36.0,36.0,37.0,35.0,37.0
2006-11,MUN,SC|BOMBINHAS,glp,1,32.5,32.5,32.5,32.5,32.5
2006-11,MUN,SC|BRUSQUE,glp,6,35.0,34.0,37.9,33.0,37.9
2006-11,MUN,SC|CACADOR,glp,2,36.0,36.0,36.0,36.0,36.0
2006-11,MUN,SC|CHAPECO,glp,32,35.0,34.0,36.0,33.495,37.0
2006-11,MUN,SC|CONCORDIA,glp,26,36.0,35.0,37.0,35.0,38.0
2006-11,MUN,SC|CRICIUMA,glp,9,38.0,37.64,38.4,37.0,40.0
2006-11,MUN,SC|FLORIANOPOLIS,glp,90,36.0,35.0,37.04,34.5,39.0
2006-11,MUN,SC|ITAJAI,glp,33,34.0,33.0,35.0,33.0,35.0
2006-11,MUN,SC|JARAGUA DO SUL,glp,5,37.0,36.4,37.0,36.0,37.0
2006-11,MUN,SC|JOINVILLE,glp,92,37.0,36.0,37.0,35.0,37.8
2006-11,MUN,SC|LAGES,glp,5,35.0,35.0,35.0,35.0,35.0
2006-11,MUN,SC|LAGUNA,glp,4,35.0,35.0,35.7,35.0,36.0
2006-11,MUN,SC|MAFRA,glp,3,32.9,31.34,34.58,30.95,35.0
2006-11,MUN,SC|PALHOCA,glp,22,33.0,32.5,34.0,30.5,34.0
2006-11,MUN,SC|SAO JOSE,glp,20,34.95,34.0,35.0,34.0,36.0
2006-11,MUN,SC|SAO MIGUEL DO OESTE,glp,13,34.0,32.4,34.7,32.0,37.98
2006-11,MUN,SC|TIJUCAS,glp,1,35.8,35.8,35.8,35.8,35.8
2006-11,MUN,SC|TUBARAO,glp,14,33.0,33.0,35.0,33.0,35.0
2006-11,MUN,SC|VIDEIRA,glp,4,36.0,36.0,36.0,36.0,36.0
2006-11,MUN,SC|XANXERE,glp,11,35.0,34.9,35.0,33.0,35.5
2006-11,MUN,SE|ARACAJU,glp,25,34.0,33.0,34.0,30.0,35.0
2006-11,MUN,SE|ITABAIANA,glp,6,33.0,33.0,33.0,33.0,33.0
2006-11,MUN,SE|ITABAIANINHA,glp,3,32.0,32.0,32.0,32.0,32.0
2006-11,MUN,SE|LAGARTO,glp,4,32.0,32.0,32.0,32.0,32.0
2006-11,MUN,SE|NOSSA SENHORA DO SOCORRO,glp,11,34.0,34.0,34.0,34.0,34.0
2006-11,MUN,SE|SIMAO DIAS,glp,3,32.0,32.0,32.0,32.0,32.0
2006-11,MUN,SE|TOBIAS BARRETO,glp,3,33.0,33.0,33.0,33.0,33.0
2006-11,MUN,SP|ADAMANTINA,glp,7,33.0,32.6,33.0,32.0,33.0
2006-11,MUN,SP|AMERICANA,glp,24,34.0,33.993,34.35,31.99,35.0
2006-11,MUN,SP|AMERICO BRASILIENSE,glp,1,32.0,32.0,32.0,32.0,32.0
2006-11,MUN,SP|AMPARO,glp,7,30.0,30.0,32.76,30.0,33.9
2006-11,MUN,SP|APIAI,glp,3,34.0,32.4,34.0,32.0,34.0
2006-11,MUN,SP|ARACARIGUAMA,glp,1,32.0,32.0,32.0,32.0,32.0
2006-11,MUN,SP|ARACATUBA,glp,25,32.0,30.0,32.0,29.0,32.0
2006-11,MUN,SP|ARARAQUARA,glp,13,30.0,30.0,31.0,30.0,31.0
2006-11,MUN,SP|ARARAS,glp,2,31.0,30.2,31.8,30.0,32.0
2006-11,MUN,SP|ASSIS,glp,9,32.0,30.0,32.0,30.0,32.0
2006-11,MUN,SP|ATIBAIA,glp,23,32.9,31.92,33.0,31.5,34.0
2006-11,MUN,SP|AVARE,glp,7,35.0,34.0,35.0,34.0,35.0
2006-11,MUN,SP|BARRETOS,glp,8,31.0,30.7,31.6,30.0,33.0
2006-11,MUN,SP|BARUERI,glp,8,30.0,28.7,31.6,28.0,33.0
2006-11,MUN,SP|BAURU,glp,26,30.0,30.0,31.75,30.0,32.5
2006-11,MUN,SP|BEBEDOURO,glp,8,33.5,33.0,34.3,33.0,35.0
2006-11,MUN,SP|BIRIGUI,glp,13,30.0,30.0,32.0,29.0,32.0
2006-11,MUN,SP|BOTUCATU,glp,12,31.925,31.9,32.0,31.9,32.0
2006-11,MUN,SP|BRAGANCA PAULISTA,glp,10,32.0,30.8,32.09,29.0,32.9
2006-11,MUN,SP|CACAPAVA,glp,10,33.0,33.0,33.0,33.0,33.0
2006-11,MUN,SP|CAMPINAS,glp,61,31.99,30.0,33.0,29.99,34.0
2006-11,MUN,SP|CAMPOS DO JORDAO,glp,7,31.0,31.0,31.81,31.0,31.99
2006-11,MUN,SP|CAPAO BONITO,glp,5,32.0,31.2,33.0,31.0,33.0
2006-11,MUN,SP|CARAGUATATUBA,glp,8,34.375,34.0,35.225,34.0,35.75
2006-11,MUN,SP|CARAPICUIBA,glp,14,30.0,27.99,30.35,27.99,30.99
2006-11,MUN,SP|CATANDUVA,glp,7,32.0,32.0,32.4,32.0,33.0
2006-11,MUN,SP|COSMOPOLIS,glp,4,34.0,34.0,34.0,34.0,34.0
2006-11,MUN,SP|COTIA,glp,10,30.95,29.981,31.991,29.9,32.0
2006-11,MUN,SP|CRUZEIRO,glp,9,31.0,29.9,32.2,29.5,33.0
2006-11,MUN,SP|CUBATAO,glp,4,32.0,30.6,33.225,30.0,33.75
2006-11,MUN,SP|DESCALVADO,glp,1,30.0,30.0,30.0,30.0,30.0
2006-11,MUN,SP|DIADEMA,glp,6,27.995,27.99,30.4,27.99,31.0
2006-11,MUN,SP|DRACENA,glp,6,30.0,30.0,32.5,30.0,35.0
2006-11,MUN,SP|EMBU DAS ARTES,glp,6,30.95,29.95,31.9,29.9,31.9
2006-11,MUN,SP|ENGENHEIRO COELHO,glp,1,34.0,34.0,34.0,34.0,34.0
2006-11,MUN,SP|FERRAZ DE VASCONCELOS,glp,9,30.0,30.0,31.3,30.0,32.5
2006-11,MUN,SP|FRANCA,glp,12,34.0,33.1,34.0,33.0,34.0
2006-11,MUN,SP|FRANCISCO MORATO,glp,5,31.5,31.2,32.4,31.0,33.0
2006-11,MUN,SP|FRANCO DA ROCHA,glp,4,31.95,31.5,32.4,31.5,32.4
2006-11,MUN,SP|GARCA,glp,5,33.0,33.0,33.0,33.0,33.0
2006-11,MUN,SP|GUARATINGUETA,glp,4,31.0,30.0,32.7,30.0,33.0
2006-11,MUN,SP|GUARUJA,glp,4,33.5,32.45,33.5,32.0,33.5
2006-11,MUN,SP|GUARULHOS,glp,45,30.0,28.99,31.0,27.99,32.9
2006-11,MUN,SP|HORTOLANDIA,glp,22,33.0,32.5,33.5,32.0,33.995
2006-11,MUN,SP|IBITINGA,glp,7,30.0,30.0,31.2,30.0,33.0
2006-11,MUN,SP|INDAIATUBA,glp,18,35.0,34.0,35.0,34.0,35.0
2006-11,MUN,SP|ITANHAEM,glp,6,31.5,30.0,32.0,30.0,32.0
2006-11,MUN,SP|ITAPECERICA DA SERRA,glp,3,30.9,30.18,32.572,30.0,32.99
2006-11,MUN,SP|ITAPETININGA,glp,16,30.0,29.0,30.0,29.0,31.0
2006-11,MUN,SP|ITAPEVA,glp,6,32.0,31.75,32.25,31.5,32.5
2006-11,MUN,SP|ITAPEVI,glp,4,29.5,28.293,30.0,27.99,30.0
2006-11,MUN,SP|ITAPIRA,glp,8,29.75,29.35,31.15,29.0,31.5
2006-11,MUN,SP|ITAPOLIS,glp,6,30.0,30.0,30.0,30.0,30.0
2006-11,MUN,SP|ITAQUAQUECETUBA,glp,8,32.0,30.0,32.3,30.0,33.0
2006-11,MUN,SP|ITATIBA,glp,9,32.0,32.0,32.0,32.0,32.0
2006-11,MUN,SP|ITU,glp,15,30.0,28.4,31.96,28.0,32.0
2006-11,MUN,SP|JABOTICABAL,glp,8,32.0,32.0,33.0,32.0,33.0
2006-11,MUN,SP|JACAREI,glp,13,30.0,30.0,31.0,29.0,31.9
2006-11,MUN,SP|JALES,glp,7,33.0,32.0,33.0,32.0,33.0
2006-11,MUN,SP|JANDIRA,glp,4,29.45,28.3,29.963,28.0,29.99
2006-11,MUN,SP|JAU,glp,9,30.0,30.0,30.1,30.0,30.5
2006-11,MUN,SP|JOSE BONIFACIO,glp,10,31.5,29.9,32.0,29.0,32.0
2006-11,MUN,SP|JUNDIAI,glp,15,29.5,28.2,30.66,27.0,31.5
2006-11,MUN,SP|LEME,glp,16,34.0,33.0,34.0,33.0,34.0
2006-11,MUN,SP|LIMEIRA,glp,26,33.45,31.995,35.0,30.0,35.0
2006-11,MUN,SP|LINS,glp,14,32.0,31.3,32.35,30.0,33.0
2006-11,MUN,SP|LORENA,glp,9,30.0,27.8,31.0,27.0,31.0
2006-11,MUN,SP|MARILIA,glp,10,30.0,30.0,30.0,30.0,30.0
2006-11,MUN,SP|MATAO,glp,11,32.0,30.0,32.0,30.0,32.0
2006-11,MUN,SP|MAUA,glp,14,32.0,30.0,33.0,30.0,34.0
2006-11,MUN,SP|MIRASSOL,glp,11,30.0,30.0,30.0,28.0,30.0
2006-11,MUN,SP|MOCOCA,glp,10,35.0,34.45,35.0,34.0,35.0
2006-11,MUN,SP|MOGI DAS CRUZES,glp,18,34.0,31.7,34.0,30.0,35.0
2006-11,MUN,SP|MOGI GUACU,glp,7,30.0,27.996,30.0,27.99,30.0
2006-11,MUN,SP|MOGI MIRIM,glp,9,32.0,30.0,33.0,30.0,33.0
2006-11,MUN,SP|MONTE ALTO,glp,7,32.0,31.0,33.0,31.0,33.0
2006-11,MUN,SP|OLIMPIA,glp,5,30.0,30.0,30.6,30.0,31.0
2006-11,MUN,SP|OSASCO,glp,31,30.0,27.99,31.3,27.99,32.0
2006-11,MUN,SP|OURINHOS,glp,14,30.0,29.0,32.0,28.0,33.0
2006-11,MUN,SP|PARAGUACU PAULISTA,glp,5,32.0,32.0,32.3,32.0,32.5
2006-11,MUN,SP|PAULINIA,glp,16,32.0,31.25,33.0,31.0,33.0
2006-11,MUN,SP|PIEDADE,glp,1,30.0,30.0,30.0,30.0,30.0
2006-11,MUN,SP|PINDAMONHANGABA,glp,5,33.0,32.0,33.0,32.0,33.0
2006-11,MUN,SP|PIRACICABA,glp,20,33.0,32.0,33.05,32.0,35.0
2006-11,MUN,SP|PIRAPORA DO BOM JESUS,glp,1,29.0,29.0,29.0,29.0,29.0
2006-11,MUN,SP|PIRASSUNUNGA,glp,15,30.0,30.0,32.0,30.0,32.0
2006-11,MUN,SP|POA,glp,3,30.0,30.0,30.0,30.0,30.0
2006-11,MUN,SP|PORTO FERREIRA,glp,9,30.0,29.8,30.0,29.0,30.0
2006-11,MUN,SP|PRAIA GRANDE,glp,5,32.5,31.7,33.6,31.5,34.0
2006-11,MUN,SP|PRESIDENTE PRUDENTE,glp,23,30.0,30.0,32.0,30.0,33.0
2006-11,MUN,SP|PRESIDENTE VENCESLAU,glp,3,30.0,30.0,30.0,30.0,30.0
2006-11,MUN,SP|RIBEIRAO PIRES,glp,4,32.45,31.65,32.97,31.5,33.0
2006-11,MUN,SP|RIBEIRAO PRETO,glp,12,32.0,30.0,32.9,30.0,33.0
2006-11,MUN,SP|RIO CLARO,glp,12,30.0,29.991,30.0,28.995,30.0
2006-11,MUN,SP|RIO DAS PEDRAS,glp,1,33.0,33.0,33.0,33.0,33.0
2006-11,MUN,SP|SALTINHO,glp,1,32.5,32.5,32.5,32.5,32.5
2006-11,MUN,SP|SALTO,glp,13,32.0,30.0,32.0,30.0,34.0
2006-11,MUN,SP|SANTA BARBARA D'OESTE,glp,20,34.25,34.0,35.0,33.0,35.0
2006-11,MUN,SP|SANTA CRUZ DO RIO PARDO,glp,8,32.0,32.0,32.0,32.0,32.0
2006-11,MUN,SP|SANTO ANDRE,glp,24,33.0,32.0,34.35,32.0,34.5
2006-11,MUN,SP|SANTOS,glp,8,31.75,30.994,33.65,30.98,34.0
2006-11,MUN,SP|SAO BERNARDO DO CAMPO,glp,22,32.375,30.5,33.95,29.0,34.0
2006-11,MUN,SP|SAO CAETANO DO SUL,glp,4,31.0,30.296,32.715,29.995,33.45
2006-11,MUN,SP|SAO CARLOS,glp,6,30.5,29.45,31.45,28.9,31.9
2006-11,MUN,SP|SAO JOAO DA BOA VISTA,glp,9,35.0,33.0,35.0,33.0,35.0
2006-11,MUN,SP|SAO JOAQUIM DA BARRA,glp,4,32.0,32.0,32.0,32.0,32.0
2006-11,MUN,SP|SAO JOSE DO RIO PRETO,glp,30,32.0,32.0,32.1,30.0,33.0
2006-11,MUN,SP|SAO JOSE DOS CAMPOS,glp,46,32.0,31.0,32.5,30.0,35.0
2006-11,MUN,SP|SAO PAULO,glp,201,30.0,29.0,32.0,27.99,34.5
2006-11,MUN,SP|SAO ROQUE,glp,4,31.95,30.563,32.0,29.99,32.0
2006-11,MUN,SP|SAO VICENTE,glp,15,30.5,30.0,31.5,29.99,32.5
2006-11,MUN,SP|SERTAOZINHO,glp,19,32.0,32.0,32.0,30.0,32.0
2006-11,MUN,SP|SOROCABA,glp,27,30.0,29.0,31.4,29.0,32.0
2006-11,MUN,SP|SUMARE,glp,28,33.0,33.0,34.0,32.0,34.0
2006-11,MUN,SP|SUZANO,glp,9,32.0,31.596,32.1,30.0,32.5
2006-11,MUN,SP|TABOAO DA SERRA,glp,5,31.0,28.8,31.996,28.0,32.0
2006-11,MUN,SP|TATUI,glp,9,32.0,31.0,32.0,31.0,32.0
2006-11,MUN,SP|TAUBATE,glp,9,33.0,30.0,33.0,30.0,33.0
2006-11,MUN,SP|TUPA,glp,3,31.0,31.0,31.0,31.0,31.0
2006-11,MUN,SP|UBATUBA,glp,13,35.0,32.3,36.85,30.0,37.0
2006-11,MUN,SP|VALINHOS,glp,11,33.0,32.0,33.0,32.0,33.0
2006-11,MUN,SP|VARGEM,glp,1,30.0,30.0,30.0,30.0,30.0
2006-11,MUN,SP|VARZEA PAULISTA,glp,6,32.0,31.0,32.0,30.0,32.0
2006-11,MUN,SP|VINHEDO,glp,6,32.0,31.0,32.5,31.0,33.0
2006-11,MUN,SP|VOTORANTIM,glp,11,30.0,30.0,31.0,30.0,31.0
2006-11,MUN,SP|VOTUPORANGA,glp,13,30.5,30.0,32.8,30.0,34.0
2006-11,MUN,TO|ARAGUAINA,glp,10,37.0,37.0,38.0,37.0,38.0
2006-11,MUN,TO|COMBINADO,glp,1,37.0,37.0,37.0,37.0,37.0
2006-11,MUN,TO|DIANOPOLIS,glp,6,35.0,35.0,35.0,35.0,35.0
2006-11,MUN,TO|GURUPI,glp,37,36.0,35.0,37.0,35.0,37.0
2006-11,MUN,TO|LAGOA DA CONFUSAO,glp,1,37.0,37.0,37.0,37.0,37.0
2006-11,MUN,TO|PALMAS,glp,30,36.0,35.0,37.0,34.0,37.0
2006-11,MUN,TO|PARAISO DO TOCANTINS,glp,19,35.0,35.0,35.0,35.0,35.0
2006-11,MUN,TO|PORTO NACIONAL,glp,13,37.0,37.0,37.0,37.0,37.0
2006-11,MUN,TO|TAGUATINGA,glp,1,37.0,37.0,37.0,37.0,37.0
2006-11,UF,AC,glp,49,37.0,36.0,39.4,35.0,46.0
2006-11,UF,AL,glp,35,32.0,30.0,33.0,30.0,34.0
2006-11,UF,AM,glp,243,31.0,30.04,32.0,29.7,36.0
2006-11,UF,AP,glp,10,35.0,35.0,45.1,35.0,46.0
2006-11,UF,BA,glp,302,32.0,30.0,35.0,29.0,36.5
2006-11,UF,CE,glp,197,33.0,31.0,34.0,29.0,35.0
2006-11,UF,DF,glp,112,38.5,38.0,39.0,35.0,39.0
2006-11,UF,ES,glp,183,35.0,32.0,36.0,30.0,37.0
2006-11,UF,GO,glp,454,33.0,31.0,37.0,29.0,39.0
2006-11,UF,MA,glp,59,35.0,33.0,38.0,32.0,38.0
2006-11,UF,MG,glp,1129,35.0,32.0,37.0,28.0,40.0
2006-11,UF,MS,glp,161,36.0,35.0,39.0,31.0,40.0
2006-11,UF,MT,glp,121,40.0,39.0,42.0,36.0,43.0
2006-11,UF,PA,glp,172,31.0,31.0,36.0,28.0,38.0
2006-11,UF,PB,glp,75,35.0,33.0,35.0,29.0,35.5
2006-11,UF,PE,glp,274,32.0,30.0,33.0,28.0,36.0
2006-11,UF,PI,glp,42,35.0,35.0,36.95,31.0,37.0
2006-11,UF,PR,glp,730,33.0,30.9,36.0,29.0,38.0
2006-11,UF,RJ,glp,283,32.0,30.0,35.0,28.0,37.5
2006-11,UF,RN,glp,23,32.0,30.4,33.0,30.0,33.0
2006-11,UF,RO,glp,75,33.0,32.0,39.0,31.0,42.0
2006-11,UF,RR,glp,26,36.0,35.5,38.0,34.7,42.0
2006-11,UF,RS,glp,458,34.0,32.0,36.0,28.0,39.9
2006-11,UF,SC,glp,427,36.0,33.96,37.0,30.5,40.0
2006-11,UF,SE,glp,55,33.0,32.0,34.0,30.0,35.0
2006-11,UF,SP,glp,1580,31.99,29.99,34.0,27.0,37.0
2006-11,UF,TO,glp,118,36.0,35.0,37.0,34.0,38.0
2006-12,BR,BR,glp,8397,33.0,30.0,37.0,27.0,46.0
2006-12,MUN,AC|BUJARI,glp,1,37.0,37.0,37.0,37.0,37.0
2006-12,MUN,AC|CRUZEIRO DO SUL,glp,1,46.0,46.0,46.0,46.0,46.0
2006-12,MUN,AC|RIO BRANCO,glp,63,37.0,36.0,38.0,35.0,39.0
2006-12,MUN,AC|SENA MADUREIRA,glp,3,39.0,39.0,39.8,39.0,40.0
2006-12,MUN,AC|TARAUACA,glp,2,44.0,44.0,44.0,44.0,44.0
2006-12,MUN,AC|XAPURI,glp,3,41.0,41.0,43.0,41.0,43.5
2006-12,MUN,AL|ARAPIRACA,glp,7,33.0,31.4,33.0,29.0,33.0
2006-12,MUN,AL|DELMIRO GOUVEIA,glp,3,31.0,30.2,31.0,30.0,31.0
2006-12,MUN,AL|MACEIO,glp,18,30.0,30.0,31.6,29.0,34.0
2006-12,MUN,AL|MARECHAL DEODORO,glp,1,32.0,32.0,32.0,32.0,32.0
2006-12,MUN,AL|PALMEIRA DOS INDIOS,glp,4,32.0,32.0,32.0,32.0,32.0
2006-12,MUN,AL|RIO LARGO,glp,2,31.0,31.0,31.0,31.0,31.0
2006-12,MUN,AL|SANTANA DO IPANEMA,glp,1,32.0,32.0,32.0,32.0,32.0
2006-12,MUN,AM|HUMAITA,glp,2,35.5,35.1,35.9,35.0,36.0
2006-12,MUN,AM|ITACOATIARA,glp,4,32.75,32.15,33.0,32.0,33.0
2006-12,MUN,AM|MANACAPURU,glp,2,32.0,32.0,32.0,32.0,32.0
2006-12,MUN,AM|MANAUS,glp,236,31.0,30.2,32.0,29.5,34.0
2006-12,MUN,AM|PARINTINS,glp,1,33.0,33.0,33.0,33.0,33.0
2006-12,MUN,AM|PRESIDENTE FIGUEIREDO,glp,1,36.0,36.0,36.0,36.0,36.0
2006-12,MUN,AP|CALCOENE,glp,1,41.0,41.0,41.0,41.0,41.0
2006-12,MUN,AP|MACAPA,glp,11,35.0,35.0,35.0,34.0,35.0
2006-12,MUN,AP|OIAPOQUE,glp,2,45.5,45.1,45.9,45.0,46.0
2006-12,MUN,AP|SANTANA,glp,5,35.0,34.7,35.0,34.5,35.0
2006-12,MUN,BA|ALAGOINHAS,glp,4,35.0,35.0,35.0,35.0,35.0
2006-12,MUN,BA|BARRA,glp,3,32.0,32.0,32.0,32.0,32.0
2006-12,MUN,BA|BARREIRAS,glp,6,36.0,35.5,36.0,35.0,36.0
2006-12,MUN,BA|BRUMADO,glp,6,30.0,29.0,30.25,28.0,30.5
2006-12,MUN,BA|CAETITE,glp,6,30.0,29.5,30.0,29.0,30.0
2006-12,MUN,BA|CAMACARI,glp,8,36.5,35.7,36.5,35.0,36.5
2006-12,MUN,BA|CAMPO FORMOSO,glp,3,35.0,35.0,35.0,35.0,35.0
2006-12,MUN,BA|CANDEIAS,glp,6,33.0,32.25,33.0,32.0,33.0
2006-12,MUN,BA|CAPIM GROSSO,glp,1,35.0,35.0,35.0,35.0,35.0
2006-12,MUN,BA|CONCEICAO DO JACUIPE,glp,1,35.0,35.0,35.0,35.0,35.0
2006-12,MUN,BA|EUNAPOLIS,glp,8,35.0,35.0,35.0,35.0,35.0
2006-12,MUN,BA|FEIRA DE SANTANA,glp,8,35.5,34.15,35.5,31.0,35.5
2006-12,MUN,BA|GUANAMBI,glp,14,33.0,33.0,33.0,30.0,33.0
2006-12,MUN,BA|ILHEUS,glp,9,36.0,35.0,36.0,35.0,36.0
2006-12,MUN,BA|IPIRA,glp,5,35.0,35.0,35.0,35.0,35.0
2006-12,MUN,BA|IRECE,glp,6,30.0,30.0,32.0,30.0,32.0
2006-12,MUN,BA|ITABUNA,glp,9,34.5,33.8,35.0,33.0,35.0
2006-12,MUN,BA|ITAMARAJU,glp,5,33.0,33.0,34.6,33.0,35.0
2006-12,MUN,BA|JACOBINA,glp,8,30.5,29.7,32.0,29.0,32.0
2006-12,MUN,BA|JAGUAQUARA,glp,7,35.0,33.0,35.0,33.0,35.0
2006-12,MUN,BA|JEQUIE,glp,3,30.0,30.0,34.04,30.0,35.05
2006-12,MUN,BA|JUAZEIRO,glp,5,33.0,31.8,33.0,31.0,33.0
2006-12,MUN,BA|LAURO DE FREITAS,glp,10,32.0,30.95,32.1,30.5,33.0
2006-12,MUN,BA|PAULO AFONSO,glp,8,33.0,32.35,33.0,32.0,33.0
2006-12,MUN,BA|POCOES,glp,4,33.0,30.9,33.0,30.0,33.0
2006-12,MUN,BA|PORTO SEGURO,glp,5,35.0,35.0,35.0,35.0,35.0
2006-12,MUN,BA|RUY BARBOSA,glp,4,33.0,33.0,33.0,33.0,33.0
2006-12,MUN,BA|SALVADOR,glp,137,32.0,30.0,32.5,29.0,33.0
2006-12,MUN,BA|SANTO ANTONIO DE JESUS,glp,5,33.0,32.7,34.2,32.5,35.0
2006-12,MUN,BA|SENHOR DO BONFIM,glp,5,35.0,35.0,35.03,35.0,35.05
2006-12,MUN,BA|SERRINHA,glp,4,30.0,30.0,30.0,30.0,30.0
2006-12,MUN,BA|SIMOES FILHO,glp,6,33.0,31.5,33.0,30.0,33.0
2006-12,MUN,BA|TEIXEIRA DE FREITAS,glp,6,34.0,32.5,35.0,32.0,35.0
2006-12,MUN,BA|VALENCA,glp,4,35.0,33.6,35.0,33.0,35.0
2006-12,MUN,BA|VITORIA DA CONQUISTA,glp,2,33.54,33.172,33.908,33.08,34.0
2006-12,MUN,CE|BEBERIBE,glp,1,32.0,32.0,32.0,32.0,32.0
2006-12,MUN,CE|CANINDE,glp,2,30.75,30.55,30.95,30.5,31.0
2006-12,MUN,CE|CAUCAIA,glp,46,32.875,32.0,34.0,31.5,35.0
2006-12,MUN,CE|CRATEUS,glp,3,32.5,32.1,32.9,32.0,33.0
2006-12,MUN,CE|CRATO,glp,9,31.0,30.4,31.2,30.0,32.0
2006-12,MUN,CE|FORTALEZA,glp,134,33.0,32.0,34.0,31.0,35.0
2006-12,MUN,CE|HORIZONTE,glp,1,32.0,32.0,32.0,32.0,32.0
2006-12,MUN,CE|ICO,glp,2,31.5,31.1,31.9,31.0,32.0
2006-12,MUN,CE|IGUATU,glp,3,32.0,32.0,32.0,32.0,32.0
2006-12,MUN,CE|INDEPENDENCIA,glp,1,32.0,32.0,32.0,32.0,32.0
2006-12,MUN,CE|IPU,glp,3,35.0,35.0,35.0,35.0,35.0
2006-12,MUN,CE|ITAPIPOCA,glp,3,31.5,30.7,31.5,30.5,31.5
2006-12,MUN,CE|JUAZEIRO DO NORTE,glp,6,31.0,31.0,31.0,31.0,31.0
2006-12,MUN,CE|LIMOEIRO DO NORTE,glp,2,34.0,34.0,34.0,34.0,34.0
2006-12,MUN,CE|MARACANAU,glp,14,32.75,32.0,33.85,30.0,34.0
2006-12,MUN,CE|MORADA NOVA,glp,4,34.0,33.3,34.0,33.0,34.0
2006-12,MUN,CE|PEDRA BRANCA,glp,2,32.0,32.0,32.0,32.0,32.0
2006-12,MUN,CE|QUIXADA,glp,6,34.0,34.0,34.0,34.0,34.0
2006-12,MUN,CE|SAO GONCALO DO AMARANTE,glp,1,30.0,30.0,30.0,30.0,30.0
2006-12,MUN,CE|SOBRAL,glp,4,31.0,30.0,32.0,30.0,32.0
2006-12,MUN,DF|BRASILIA,glp,122,38.0,35.0,39.0,34.5,40.0
2006-12,MUN,ES|ARACRUZ,glp,8,34.5,32.7,35.0,32.0,35.0
2006-12,MUN,ES|BARRA DE SAO FRANCISCO,glp,6,31.0,30.0,32.0,30.0,32.0
2006-12,MUN,ES|CACHOEIRO DE ITAPEMIRIM,glp,17,33.0,32.0,33.0,32.0,33.25
2006-12,MUN,ES|CARIACICA,glp,20,35.0,35.0,35.19,33.0,37.0
2006-12,MUN,ES|CASTELO,glp,4,33.0,31.6,35.03,31.0,35.9
2006-12,MUN,ES|COLATINA,glp,8,33.75,32.0,35.0,32.0,35.0
2006-12,MUN,ES|GUARAPARI,glp,6,34.0,32.0,35.0,32.0,35.0
2006-12,MUN,ES|ITAPEMIRIM,glp,2,32.5,32.1,32.9,32.0,33.0
2006-12,MUN,ES|JAGUARE,glp,3,34.0,33.92,34.0,33.9,34.0
2006-12,MUN,ES|LINHARES,glp,20,34.75,31.8,35.0,30.0,35.0
2006-12,MUN,ES|NOVA VENECIA,glp,2,35.0,35.0,35.0,35.0,35.0
2006-12,MUN,ES|PIUMA,glp,1,36.0,36.0,36.0,36.0,36.0
2006-12,MUN,ES|SAO MATEUS,glp,9,33.0,32.7,33.2,31.5,34.0
2006-12,MUN,ES|SERRA,glp,31,35.0,34.0,37.0,33.0,37.0
2006-12,MUN,ES|VILA VELHA,glp,22,35.0,33.55,35.9,32.0,38.0
2006-12,MUN,ES|VITORIA,glp,6,35.0,35.0,35.5,35.0,35.5
2006-12,MUN,GO|ABADIA DE GOIAS,glp,1,30.0,30.0,30.0,30.0,30.0
2006-12,MUN,GO|AGUAS LINDAS DE GOIAS,glp,9,35.0,35.0,35.0,35.0,35.0
2006-12,MUN,GO|ANAPOLIS,glp,72,33.0,32.0,34.0,31.0,34.0
2006-12,MUN,GO|APARECIDA DE GOIANIA,glp,34,32.0,31.0,32.0,30.0,33.25
2006-12,MUN,GO|BELA VISTA DE GOIAS,glp,1,32.0,32.0,32.0,32.0,32.0
2006-12,MUN,GO|CAIAPONIA,glp,1,33.0,33.0,33.0,33.0,33.0
2006-12,MUN,GO|CALDAS NOVAS,glp,38,35.5,34.0,37.0,34.0,37.0
2006-12,MUN,GO|CATALAO,glp,17,31.0,30.0,32.4,30.0,33.0
2006-12,MUN,GO|FORMOSA,glp,33,37.0,37.0,37.0,35.0,38.0
2006-12,MUN,GO|GOIANIA,glp,136,32.0,31.0,33.0,29.0,35.0
2006-12,MUN,GO|GOIATUBA,glp,8,34.0,33.4,34.0,32.0,34.0
2006-12,MUN,GO|ITUMBIARA,glp,21,33.0,33.0,33.0,32.5,34.0
2006-12,MUN,GO|JATAI,glp,21,35.0,34.0,36.0,33.5,36.0
2006-12,MUN,GO|LUZIANIA,glp,22,33.0,32.0,34.0,32.0,34.0
2006-12,MUN,GO|MINEIROS,glp,28,38.0,38.0,38.0,37.0,38.0
2006-12,MUN,GO|MORRINHOS,glp,17,34.0,33.0,35.0,33.0,35.0
2006-12,MUN,GO|PLANALTINA,glp,23,39.0,37.0,39.0,36.5,39.0
2006-12,MUN,GO|PONTALINA,glp,1,34.0,34.0,34.0,34.0,34.0
2006-12,MUN,GO|PORANGATU,glp,15,34.0,33.0,34.0,33.0,34.0
2006-12,MUN,GO|RIO VERDE,glp,41,36.0,36.0,36.0,35.0,36.0
2006-12,MUN,GO|SANTO ANTONIO DE GOIAS,glp,1,32.0,32.0,32.0,32.0,32.0
2006-12,MUN,GO|TRINDADE,glp,32,31.0,30.55,32.0,30.0,33.0
2006-12,MUN,GO|VALPARAISO DE GOIAS,glp,7,32.0,31.0,32.0,31.0,32.0
2006-12,MUN,MA|ACAILANDIA,glp,4,36.0,36.0,36.0,36.0,36.0
2006-12,MUN,MA|BACABAL,glp,2,36.0,36.0,36.0,36.0,36.0
2006-12,MUN,MA|BALSAS,glp,2,37.0,37.0,37.0,37.0,37.0
2006-12,MUN,MA|BARRA DO CORDA,glp,3,38.0,38.0,38.0,38.0,38.0
2006-12,MUN,MA|CAROLINA,glp,3,37.0,37.0,37.0,37.0,37.0
2006-12,MUN,MA|CAXIAS,glp,4,38.0,38.0,38.0,38.0,38.0
2006-12,MUN,MA|CODO,glp,2,36.5,36.5,36.5,36.5,36.5
2006-12,MUN,MA|IMPERATRIZ,glp,14,35.0,35.0,35.0,34.5,35.0
2006-12,MUN,MA|MATINHA,glp,1,32.0,32.0,32.0,32.0,32.0
2006-12,MUN,MA|MIRANDA DO NORTE,glp,1,32.0,32.0,32.0,32.0,32.0
2006-12,MUN,MA|PINHEIRO,glp,2,37.0,37.0,37.0,37.0,37.0
2006-12,MUN,MA|PRESIDENTE DUTRA,glp,2,35.25,35.05,35.45,35.0,35.5
2006-12,MUN,MA|SANTA INES,glp,2,35.25,35.25,35.25,35.25,35.25
2006-12,MUN,MA|SAO DOMINGOS DO MARANHAO,glp,1,36.0,36.0,36.0,36.0,36.0
2006-12,MUN,MA|SAO JOAO DOS PATOS,glp,1,35.0,35.0,35.0,35.0,35.0
2006-12,MUN,MA|SAO JOSE DE RIBAMAR,glp,10,33.0,31.8,33.1,30.0,34.0
2006-12,MUN,MA|SAO LUIS,glp,29,33.0,32.0,34.0,32.0,34.0
2006-12,MUN,MA|TIMON,glp,1,35.0,35.0,35.0,35.0,35.0
2006-12,MUN,MG|ALFENAS,glp,24,35.0,35.0,36.0,34.0,36.0
2006-12,MUN,MG|ARAGUARI,glp,17,37.5,37.0,38.0,37.0,38.0
2006-12,MUN,MG|ARAXA,glp,8,36.0,34.75,36.0,33.0,36.0
2006-12,MUN,MG|BARBACENA,glp,15,35.0,34.4,37.0,33.0,37.0
2006-12,MUN,MG|BELO HORIZONTE,glp,130,34.0,32.0,35.0,29.99,38.0
2006-12,MUN,MG|BETIM,glp,32,34.0,33.0,35.0,31.99,36.0
2006-12,MUN,MG|BOCAIUVA,glp,1,35.0,35.0,35.0,35.0,35.0
2006-12,MUN,MG|BOM DESPACHO,glp,4,35.0,35.0,35.0,35.0,35.0
2006-12,MUN,MG|CAMPO BELO,glp,13,35.0,34.0,35.0,34.0,35.0
2006-12,MUN,MG|CARATINGA,glp,3,30.0,30.0,30.0,30.0,30.0
2006-12,MUN,MG|CATAGUASES,glp,5,33.0,32.4,34.2,32.0,35.0
2006-12,MUN,MG|CONCEICAO DAS ALAGOAS,glp,1,35.0,35.0,35.0,35.0,35.0
2006-12,MUN,MG|CONGONHAS,glp,8,35.0,33.245,36.0,33.0,36.0
2006-12,MUN,MG|CONSELHEIRO LAFAIETE,glp,5,35.0,34.4,36.6,34.0,37.0
2006-12,MUN,MG|CONTAGEM,glp,53,34.0,32.0,35.0,30.0,36.0
2006-12,MUN,MG|CORONEL FABRICIANO,glp,6,34.0,34.0,34.0,34.0,34.0
2006-12,MUN,MG|CURVELO,glp,10,34.75,34.0,35.0,34.0,35.0
2006-12,MUN,MG|DIAMANTINA,glp,10,35.0,33.0,35.91,33.0,36.0
2006-12,MUN,MG|DIVINOPOLIS,glp,15,36.0,34.4,36.0,32.0,36.0
2006-12,MUN,MG|FORMIGA,glp,16,34.25,34.0,35.0,32.0,35.0
2006-12,MUN,MG|FRUTAL,glp,5,34.0,34.0,34.6,34.0,35.0
2006-12,MUN,MG|GOVERNADOR VALADARES,glp,24,33.0,32.0,34.0,31.51,34.0
2006-12,MUN,MG|GUAXUPE,glp,6,34.5,32.5,35.0,32.0,35.0
2006-12,MUN,MG|IBIRITE,glp,9,35.9,34.0,36.2,34.0,37.0
2006-12,MUN,MG|IPATINGA,glp,15,34.0,32.4,34.0,30.0,35.0
2006-12,MUN,MG|ITABIRA,glp,5,35.0,35.0,35.6,35.0,36.0
2006-12,MUN,MG|ITABIRITO,glp,1,31.0,31.0,31.0,31.0,31.0
2006-12,MUN,MG|ITAJUBA,glp,14,35.0,34.0,35.0,34.0,35.0
2006-12,MUN,MG|ITAUNA,glp,14,33.0,32.93,34.7,32.0,35.0
2006-12,MUN,MG|ITUIUTABA,glp,16,33.0,32.0,34.25,30.0,35.0
2006-12,MUN,MG|JANAUBA,glp,8,35.0,35.0,35.0,35.0,35.0
2006-12,MUN,MG|JANUARIA,glp,6,35.0,34.5,36.0,34.0,37.0
2006-12,MUN,MG|JOAO MONLEVADE,glp,12,33.0,33.0,34.0,33.0,35.0
2006-12,MUN,MG|JOAO PINHEIRO,glp,18,38.0,38.0,38.0,38.0,38.0
2006-12,MUN,MG|JUIZ DE FORA,glp,40,37.0,35.0,38.0,33.9,39.0
2006-12,MUN,MG|LAVRAS,glp,11,34.0,32.0,35.0,32.0,35.0
2006-12,MUN,MG|LEOPOLDINA,glp,3,35.0,34.2,35.8,34.0,36.0
2006-12,MUN,MG|MANHUACU,glp,4,30.5,30.0,31.7,30.0,32.0
2006-12,MUN,MG|MARIANA,glp,6,33.5,32.25,34.59,32.0,35.18
2006-12,MUN,MG|MONTE CARMELO,glp,17,35.0,33.3,36.0,33.0,37.0
2006-12,MUN,MG|MONTES CLAROS,glp,37,35.0,34.0,36.0,33.0,36.0
2006-12,MUN,MG|MURIAE,glp,4,32.5,30.46,34.4,29.8,35.0
2006-12,MUN,MG|NOVA LIMA,glp,10,35.25,34.0,36.2,34.0,38.0
2006-12,MUN,MG|OLIVEIRA,glp,8,34.0,33.9,35.0,33.9,35.0
2006-12,MUN,MG|OURO PRETO,glp,8,35.5,33.0,36.0,33.0,36.0
2006-12,MUN,MG|PARA DE MINAS,glp,9,35.0,31.8,35.58,31.0,35.9
2006-12,MUN,MG|PARACATU,glp,20,40.0,40.0,40.0,40.0,40.0
2006-12,MUN,MG|PASSOS,glp,18,37.0,35.0,37.0,35.0,37.0
2006-12,MUN,MG|PATOS DE MINAS,glp,30,37.0,36.0,38.0,36.0,38.0
2006-12,MUN,MG|PATROCINIO,glp,21,35.0,34.5,36.5,34.0,37.0
2006-12,MUN,MG|POCOS DE CALDAS,glp,14,32.0,31.3,33.0,30.0,33.0
2006-12,MUN,MG|POUSO ALEGRE,glp,23,34.0,34.0,35.0,33.0,35.0
2006-12,MUN,MG|RIBEIRAO DAS NEVES,glp,9,33.0,32.8,34.0,32.0,34.0
2006-12,MUN,MG|SABARA,glp,20,35.0,32.9,36.0,32.0,36.0
2006-12,MUN,MG|SANTA LUZIA,glp,19,34.0,33.8,35.0,30.0,35.0
2006-12,MUN,MG|SANTOS DUMONT,glp,5,37.0,36.4,37.0,36.0,37.0
2006-12,MUN,MG|SAO GOTARDO,glp,1,38.0,38.0,38.0,38.0,38.0
2006-12,MUN,MG|SAO JOAO DEL REI,glp,15,37.0,37.0,37.0,37.0,37.0
2006-12,MUN,MG|SAO LOURENCO,glp,3,30.0,29.2,30.0,29.0,30.0
2006-12,MUN,MG|SAO SEBASTIAO DO PARAISO,glp,18,37.0,36.0,37.0,35.0,37.0
2006-12,MUN,MG|SETE LAGOAS,glp,16,36.0,34.5,38.0,34.0,38.0
2006-12,MUN,MG|TAIOBEIRAS,glp,1,35.0,35.0,35.0,35.0,35.0
2006-12,MUN,MG|TEOFILO OTONI,glp,31,34.0,32.0,35.0,32.0,35.0
2006-12,MUN,MG|TIMOTEO,glp,10,34.0,33.9,35.1,33.0,36.0
2006-12,MUN,MG|TRES CORACOES,glp,11,28.0,28.0,30.0,28.0,31.0
2006-12,MUN,MG|UBA,glp,9,33.0,32.0,34.2,32.0,35.0
2006-12,MUN,MG|UBERABA,glp,52,35.5,35.0,37.0,33.0,37.0
2006-12,MUN,MG|UBERLANDIA,glp,91,35.0,34.0,35.0,33.0,38.0
2006-12,MUN,MG|UNAI,glp,12,35.0,35.0,36.8,35.0,37.0
2006-12,MUN,MG|VARGINHA,glp,30,32.0,31.0,32.0,31.0,33.0
2006-12,MUN,MG|VESPASIANO,glp,11,33.0,32.0,34.0,30.95,34.0
2006-12,MUN,MG|VICOSA,glp,3,37.0,37.0,37.0,37.0,37.0
2006-12,MUN,MS|BATAYPORA,glp,1,38.0,38.0,38.0,38.0,38.0
2006-12,MUN,MS|CAMPO GRANDE,glp,140,36.0,34.0,37.0,32.0,38.0
2006-12,MUN,MS|CORUMBA,glp,6,40.0,40.0,40.0,40.0,40.0
2006-12,MUN,MS|COXIM,glp,13,38.0,37.2,38.0,37.0,39.0
2006-12,MUN,MS|DOURADOS,glp,51,39.0,35.0,39.0,34.0,39.0
2006-12,MUN,MS|NOVA ANDRADINA,glp,17,38.0,37.6,38.0,35.0,38.0
2006-12,MUN,MS|PARANAIBA,glp,15,37.0,37.0,37.0,36.5,37.0
2006-12,MUN,MS|PONTA PORA,glp,4,35.0,32.9,35.7,32.0,36.0
2006-12,MUN,MS|SAO GABRIEL DO OESTE,glp,1,38.0,38.0,38.0,38.0,38.0
2006-12,MUN,MS|TRES LAGOAS,glp,22,36.0,35.5,37.5,34.0,38.0
2006-12,MUN,MT|ALTA FLORESTA,glp,8,41.0,40.0,42.3,40.0,43.0
2006-12,MUN,MT|CACERES,glp,10,37.5,36.009,38.0,36.0,38.0
2006-12,MUN,MT|CUIABA,glp,56,41.0,39.0,41.0,37.0,42.0
2006-12,MUN,MT|RONDONOPOLIS,glp,11,42.0,41.0,42.0,40.0,42.0
2006-12,MUN,MT|SINOP,glp,19,42.0,40.0,42.0,40.0,42.0
2006-12,MUN,MT|SORRISO,glp,8,40.0,39.85,42.3,39.5,43.0
2006-12,MUN,MT|VARZEA GRANDE,glp,19,41.0,39.0,41.6,39.0,42.0
2006-12,MUN,PA|ABAETETUBA,glp,4,33.0,33.0,35.1,33.0,36.0
2006-12,MUN,PA|ALENQUER,glp,1,35.0,35.0,35.0,35.0,35.0
2006-12,MUN,PA|ALTAMIRA,glp,7,35.0,35.0,37.0,35.0,37.0
2006-12,MUN,PA|ANANINDEUA,glp,40,31.0,31.0,32.0,31.0,32.0
2006-12,MUN,PA|BELEM,glp,117,31.0,30.6,32.0,28.5,32.0
2006-12,MUN,PA|BRAGANCA,glp,2,33.0,33.0,33.0,33.0,33.0
2006-12,MUN,PA|BREU BRANCO,glp,1,38.0,38.0,38.0,38.0,38.0
2006-12,MUN,PA|BREVES,glp,3,30.0,30.0,30.0,30.0,30.0
2006-12,MUN,PA|CAMETA,glp,3,34.0,33.2,34.8,33.0,35.0
2006-12,MUN,PA|CASTANHAL,glp,12,31.25,30.1,32.0,30.0,32.0
2006-12,MUN,PA|CONCEICAO DO ARAGUAIA,glp,3,36.0,35.2,36.8,35.0,37.0
2006-12,MUN,PA|ITAITUBA,glp,3,34.0,34.0,34.0,34.0,34.0
2006-12,MUN,PA|MARABA,glp,3,36.0,35.12,36.0,34.9,36.0
2006-12,MUN,PA|MARITUBA,glp,1,31.0,31.0,31.0,31.0,31.0
2006-12,MUN,PA|PARAGOMINAS,glp,3,36.0,36.0,36.8,36.0,37.0
2006-12,MUN,PA|PARAUAPEBAS,glp,1,37.0,37.0,37.0,37.0,37.0
2006-12,MUN,PA|REDENCAO,glp,5,36.0,36.0,38.0,36.0,38.0
2006-12,MUN,PA|SANTANA DO ARAGUAIA,glp,2,37.0,37.0,37.0,37.0,37.0
2006-12,MUN,PA|SANTAREM,glp,15,34.0,31.4,34.22,29.0,35.0
2006-12,MUN,PA|TUCURUI,glp,5,38.0,37.4,38.0,37.0,38.0
2006-12,MUN,PA|XINGUARA,glp,4,37.0,36.3,37.0,36.0,37.0
2006-12,MUN,PB|BAYEUX,glp,6,35.0,34.0,35.0,33.0,35.0
2006-12,MUN,PB|CABEDELO,glp,3,35.5,35.1,35.9,35.0,36.0
2006-12,MUN,PB|CAMPINA GRANDE,glp,14,35.0,33.6,36.4,33.0,37.0
2006-12,MUN,PB|JOAO PESSOA,glp,31,33.0,32.0,34.0,30.75,35.0
2006-12,MUN,PB|MAMANGUAPE,glp,1,33.0,33.0,33.0,33.0,33.0
2006-12,MUN,PB|MARIZOPOLIS,glp,1,30.0,30.0,30.0,30.0,30.0
2006-12,MUN,PB|PATOS,glp,7,35.0,35.0,35.0,35.0,35.0
2006-12,MUN,PB|SANTA RITA,glp,5,35.0,33.0,35.0,33.0,35.0
2006-12,MUN,PB|SAPE,glp,3,33.0,33.0,33.0,33.0,33.0
2006-12,MUN,PB|SOUSA,glp,3,33.0,30.6,33.0,30.0,33.0
2006-12,MUN,PE|ABREU E LIMA,glp,5,30.0,29.4,33.0,29.0,33.0
2006-12,MUN,PE|AFOGADOS DA INGAZEIRA,glp,2,30.0,30.0,30.0,30.0,30.0
2006-12,MUN,PE|AGUAS BELAS,glp,1,30.0,30.0,30.0,30.0,30.0
2006-12,MUN,PE|ARARIPINA,glp,1,33.0,33.0,33.0,33.0,33.0
2006-12,MUN,PE|ARCOVERDE,glp,2,30.0,30.0,30.0,30.0,30.0
2006-12,MUN,PE|BARRA DE GUABIRABA,glp,1,35.0,35.0,35.0,35.0,35.0
2006-12,MUN,PE|BELO JARDIM,glp,6,33.0,33.0,33.0,33.0,33.0
2006-12,MUN,PE|BEZERROS,glp,1,33.0,33.0,33.0,33.0,33.0
2006-12,MUN,PE|BOM CONSELHO,glp,4,32.0,32.0,32.0,32.0,32.0
2006-12,MUN,PE|CABO DE SANTO AGOSTINHO,glp,9,32.0,30.0,32.5,30.0,32.5
2006-12,MUN,PE|CAMARAGIBE,glp,9,30.0,28.8,30.0,28.0,30.0
2006-12,MUN,PE|CARUARU,glp,8,33.0,33.0,33.0,33.0,33.0
2006-12,MUN,PE|DORMENTES,glp,1,33.0,33.0,33.0,33.0,33.0
2006-12,MUN,PE|GARANHUNS,glp,4,32.0,32.0,32.0,32.0,32.0
2006-12,MUN,PE|GOIANA,glp,4,33.5,32.3,34.7,32.0,35.0
2006-12,MUN,PE|GRAVATA,glp,3,30.0,30.0,30.0,30.0,30.0
2006-12,MUN,PE|IGARASSU,glp,15,30.0,30.0,32.0,30.0,33.0
2006-12,MUN,PE|JABOATAO DOS GUARARAPES,glp,34,32.0,32.0,32.0,30.0,33.0
2006-12,MUN,PE|JUCATI,glp,1,32.0,32.0,32.0,32.0,32.0
2006-12,MUN,PE|LAJEDO,glp,5,32.0,30.6,32.0,30.0,32.0
2006-12,MUN,PE|MORENO,glp,1,28.0,28.0,28.0,28.0,28.0
2006-12,MUN,PE|OLINDA,glp,21,32.0,30.0,32.0,30.0,33.0
2006-12,MUN,PE|PAULISTA,glp,36,32.0,32.0,32.5,30.0,33.0
2006-12,MUN,PE|PETROLINA,glp,13,33.0,33.0,33.0,33.0,33.0
2006-12,MUN,PE|RECIFE,glp,75,30.0,28.0,30.0,27.0,35.0
2006-12,MUN,PE|SALGUEIRO,glp,4,30.0,28.6,30.0,28.0,30.0
2006-12,MUN,PE|SANTA CRUZ DO CAPIBARIBE,glp,2,36.0,36.0,36.0,36.0,36.0
2006-12,MUN,PE|SAO BENTO DO UNA,glp,2,33.0,33.0,33.0,33.0,33.0
2006-12,MUN,PE|SAO LOURENCO DA MATA,glp,9,32.0,32.0,32.0,32.0,32.0
2006-12,MUN,PE|SERRA TALHADA,glp,5,33.0,33.0,33.0,33.0,33.0
2006-12,MUN,PE|SERTANIA,glp,2,33.0,33.0,33.0,33.0,33.0
2006-12,MUN,PE|VENTUROSA,glp,1,32.0,32.0,32.0,32.0,32.0
2006-12,MUN,PE|VITORIA DE SANTO ANTAO,glp,8,35.0,35.0,35.3,35.0,36.0
2006-12,MUN,PI|BARRAS,glp,1,32.0,32.0,32.0,32.0,32.0
2006-12,MUN,PI|CAMPO MAIOR,glp,3,37.0,37.0,37.0,37.0,37.0
2006-12,MUN,PI|OEIRAS,glp,3,37.0,37.0,37.0,37.0,37.0
2006-12,MUN,PI|PARNAIBA,glp,1,36.0,36.0,36.0,36.0,36.0
2006-12,MUN,PI|PICOS,glp,2,37.0,37.0,37.0,37.0,37.0
2006-12,MUN,PI|PIRIPIRI,glp,3,37.0,36.2,37.0,36.0,37.0
2006-12,MUN,PI|TERESINA,glp,37,35.0,35.0,35.0,33.0,35.1
2006-12,MUN,PR|ALMIRANTE TAMANDARE,glp,11,30.0,30.0,32.0,30.0,32.0
2006-12,MUN,PR|APUCARANA,glp,21,33.0,33.0,34.0,29.5,34.0
2006-12,MUN,PR|ARAPONGAS,glp,20,33.0,33.0,34.0,32.0,35.0
2006-12,MUN,PR|ARAUCARIA,glp,13,31.0,31.0,32.0,30.5,32.0
2006-12,MUN,PR|ASSIS CHATEAUBRIAND,glp,8,34.025,32.97,35.0,32.9,35.0
2006-12,MUN,PR|CAMBE,glp,33,34.0,33.0,35.0,32.0,37.5
2006-12,MUN,PR|CAMPO LARGO,glp,21,31.0,30.0,31.5,30.0,31.5
2006-12,MUN,PR|CAMPO MOURAO,glp,11,35.0,35.0,35.5,35.0,36.0
2006-12,MUN,PR|CASCAVEL,glp,27,33.0,31.5,33.5,30.5,35.0
2006-12,MUN,PR|CASTRO,glp,16,33.5,32.0,34.0,31.0,34.0
2006-12,MUN,PR|CIANORTE,glp,13,38.0,38.0,38.0,37.5,38.0
2006-12,MUN,PR|COLOMBO,glp,27,31.0,30.0,32.0,29.0,33.0
2006-12,MUN,PR|CORNELIO PROCOPIO,glp,6,35.0,35.0,35.0,35.0,35.0
2006-12,MUN,PR|CURITIBA,glp,138,31.0,30.0,32.0,28.9,35.0
2006-12,MUN,PR|FAZENDA RIO GRANDE,glp,1,30.0,30.0,30.0,30.0,30.0
2006-12,MUN,PR|FOZ DO IGUACU,glp,31,38.0,38.0,38.0,35.0,38.0
2006-12,MUN,PR|FRANCISCO BELTRAO,glp,9,35.0,33.8,35.0,33.0,35.0
2006-12,MUN,PR|GUARAPUAVA,glp,10,32.0,30.0,32.1,30.0,33.0
2006-12,MUN,PR|LARANJEIRAS DO SUL,glp,4,35.5,35.0,36.0,35.0,36.0
2006-12,MUN,PR|LONDRINA,glp,74,33.0,32.0,34.0,30.0,36.0
2006-12,MUN,PR|MARECHAL CANDIDO RONDON,glp,16,35.0,35.0,35.0,35.0,35.0
2006-12,MUN,PR|MARINGA,glp,44,33.5,31.65,34.0,31.0,34.9
2006-12,MUN,PR|MEDIANEIRA,glp,1,38.0,38.0,38.0,38.0,38.0
2006-12,MUN,PR|PARANAGUA,glp,31,36.0,35.0,37.0,31.0,37.4
2006-12,MUN,PR|PARANAVAI,glp,13,35.0,34.0,35.0,33.5,36.0
2006-12,MUN,PR|PATO BRANCO,glp,11,33.0,32.0,35.0,32.0,37.0
2006-12,MUN,PR|PINHAIS,glp,23,31.0,30.0,32.0,30.0,33.0
2006-12,MUN,PR|PONTA GROSSA,glp,86,32.0,31.0,32.0,31.0,33.0
2006-12,MUN,PR|SANTO ANTONIO DA PLATINA,glp,14,33.0,32.0,34.0,32.0,34.0
2006-12,MUN,PR|SAO JOSE DOS PINHAIS,glp,21,32.0,30.9,32.0,30.0,33.0
2006-12,MUN,PR|TOLEDO,glp,16,36.75,35.25,38.0,34.5,38.0
2006-12,MUN,PR|UMUARAMA,glp,15,35.0,35.0,35.0,35.0,35.3
2006-12,MUN,PR|UNIAO DA VITORIA,glp,5,32.5,32.2,32.8,32.0,33.0
2006-12,MUN,RJ|ANGRA DOS REIS,glp,5,35.45,34.9,36.0,34.9,36.0
2006-12,MUN,RJ|ARARUAMA,glp,4,32.5,30.6,33.0,30.0,33.0
2006-12,MUN,RJ|ARMACAO DOS BUZIOS,glp,2,32.25,32.05,32.45,32.0,32.5
2006-12,MUN,RJ|BARRA DO PIRAI,glp,3,35.0,34.92,35.8,34.9,36.0
2006-12,MUN,RJ|BARRA MANSA,glp,17,36.0,35.3,37.0,34.0,37.5
2006-12,MUN,RJ|BELFORD ROXO,glp,6,31.248,29.495,32.0,28.0,32.0
2006-12,MUN,RJ|CABO FRIO,glp,3,31.5,31.5,31.9,31.5,32.0
2006-12,MUN,RJ|CAMPOS DOS GOYTACAZES,glp,17,33.0,30.0,35.0,29.0,35.0
2006-12,MUN,RJ|DUQUE DE CAXIAS,glp,28,32.0,30.0,32.0,29.0,33.0
2006-12,MUN,RJ|ITABORAI,glp,3,33.0,32.2,33.0,32.0,33.0
2006-12,MUN,RJ|ITAGUAI,glp,5,32.9,32.0,33.74,32.0,33.9
2006-12,MUN,RJ|ITAPERUNA,glp,5,31.0,31.0,31.0,31.0,31.0
2006-12,MUN,RJ|MACAE,glp,4,33.0,32.0,34.0,32.0,34.0
2006-12,MUN,RJ|MAGE,glp,2,31.5,31.1,31.9,31.0,32.0
2006-12,MUN,RJ|MANGARATIBA,glp,3,32.9,32.18,33.7,32.0,33.9
2006-12,MUN,RJ|MARICA,glp,2,32.495,32.091,32.899,31.99,33.0
2006-12,MUN,RJ|NILOPOLIS,glp,5,32.0,29.99,32.0,29.99,32.0
2006-12,MUN,RJ|NITEROI,glp,5,32.0,30.736,32.9,29.9,33.5
2006-12,MUN,RJ|NOVA FRIBURGO,glp,6,36.0,35.5,36.0,35.0,36.0
2006-12,MUN,RJ|NOVA IGUACU,glp,20,31.0,30.0,32.0,30.0,35.0
2006-12,MUN,RJ|PARAIBA DO SUL,glp,2,33.0,33.0,33.0,33.0,33.0
2006-12,MUN,RJ|PARATY,glp,2,34.5,34.1,34.9,34.0,35.0
2006-12,MUN,RJ|PETROPOLIS,glp,4,33.75,33.15,34.0,33.0,34.0
2006-12,MUN,RJ|RESENDE,glp,7,37.0,36.2,37.2,35.0,37.5
2006-12,MUN,RJ|RIO BONITO,glp,2,32.5,32.1,32.9,32.0,33.0
2006-12,MUN,RJ|RIO DE JANEIRO,glp,90,31.0,30.0,33.0,28.995,34.0
2006-12,MUN,RJ|SANTO ANTONIO DE PADUA,glp,2,34.0,34.0,34.0,34.0,34.0
2006-12,MUN,RJ|SAO GONCALO,glp,8,31.99,31.39,31.993,29.99,32.0
2006-12,MUN,RJ|SAO JOAO DE MERITI,glp,6,31.75,30.5,32.0,30.0,32.0
2006-12,MUN,RJ|SAPUCAIA,glp,2,33.0,33.0,33.0,33.0,33.0
2006-12,MUN,RJ|SAQUAREMA,glp,3,32.5,32.5,32.9,32.5,33.0
2006-12,MUN,RJ|TERESOPOLIS,glp,3,33.0,32.6,33.4,32.5,33.5
2006-12,MUN,RJ|TRES RIOS,glp,2,33.75,33.15,34.35,33.0,34.5
2006-12,MUN,RJ|VALENCA,glp,7,33.0,32.0,34.0,32.0,34.0
2006-12,MUN,RJ|VASSOURAS,glp,2,35.0,34.2,35.8,34.0,36.0
2006-12,MUN,RJ|VOLTA REDONDA,glp,6,36.5,36.0,37.0,36.0,37.0
2006-12,MUN,RN|CAICO,glp,3,33.0,33.0,33.0,33.0,33.0
2006-12,MUN,RN|CURRAIS NOVOS,glp,6,32.0,31.0,32.0,30.0,32.0
2006-12,MUN,RN|MOSSORO,glp,3,32.0,30.4,32.0,30.0,32.0
2006-12,MUN,RN|NATAL,glp,8,32.0,31.7,32.0,31.0,32.0
2006-12,MUN,RN|PARNAMIRIM,glp,5,30.0,30.0,31.2,30.0,32.0
2006-12,MUN,RN|SAO JOSE DE MIPIBU,glp,3,32.0,32.0,32.0,32.0,32.0
2006-12,MUN,RN|TIMBAUBA DOS BATISTAS,glp,1,33.0,33.0,33.0,33.0,33.0
2006-12,MUN,RO|ARIQUEMES,glp,6,38.0,38.0,38.0,38.0,38.0
2006-12,MUN,RO|CACOAL,glp,8,38.0,38.0,38.0,38.0,38.0
2006-12,MUN,RO|GUAJARA-MIRIM,glp,3,39.0,38.6,40.6,38.5,41.0
2006-12,MUN,RO|JI-PARANA,glp,7,37.0,36.0,38.5,34.5,38.5
2006-12,MUN,RO|PIMENTA BUENO,glp,4,39.0,39.0,39.0,39.0,39.0
2006-12,MUN,RO|PORTO VELHO,glp,78,33.825,32.0,35.0,31.0,36.0
2006-12,MUN,RO|SAO MIGUEL DO GUAPORE,glp,1,42.0,42.0,42.0,42.0,42.0
2006-12,MUN,RO|VILHENA,glp,8,42.0,42.0,42.0,42.0,42.0
2006-12,MUN,RR|BOA VISTA,glp,27,36.0,35.0,37.0,34.5,39.0
2006-12,MUN,RR|CARACARAI,glp,1,41.0,41.0,41.0,41.0,41.0
2006-12,MUN,RR|MUCAJAI,glp,1,37.0,37.0,37.0,37.0,37.0
2006-12,MUN,RR|RORAINOPOLIS,glp,2,41.0,41.0,41.0,41.0,41.0
2006-12,MUN,RS|ALEGRETE,glp,9,35.0,34.2,36.0,33.0,36.0
2006-12,MUN,RS|ALVORADA,glp,13,32.5,31.1,34.0,30.0,34.0
2006-12,MUN,RS|BAGE,glp,28,34.0,32.0,34.825,32.0,35.5
2006-12,MUN,RS|BENTO GONCALVES,glp,8,36.5,36.0,36.5,36.0,36.5
2006-12,MUN,RS|BOZANO,glp,1,35.9,35.9,35.9,35.9,35.9
2006-12,MUN,RS|CACAPAVA DO SUL,glp,5,36.0,35.0,39.0,35.0,39.0
2006-12,MUN,RS|CACHOEIRA DO SUL,glp,14,35.0,35.0,35.0,35.0,35.0
2006-12,MUN,RS|CACHOEIRINHA,glp,11,33.0,33.0,34.0,32.0,34.0
2006-12,MUN,RS|CANOAS,glp,28,33.0,32.0,34.93,30.0,35.0
2006-12,MUN,RS|CAXIAS DO SUL,glp,45,36.5,35.0,39.0,35.0,39.9
2006-12,MUN,RS|CHUI,glp,2,30.0,30.0,30.0,30.0,30.0
2006-12,MUN,RS|CRUZ ALTA,glp,2,35.0,35.0,35.0,35.0,35.0
2006-12,MUN,RS|ERECHIM,glp,15,36.5,36.0,37.0,35.5,37.9
2006-12,MUN,RS|ESTEIO,glp,10,34.0,34.0,34.0,34.0,34.0
2006-12,MUN,RS|FARROUPILHA,glp,1,36.5,36.5,36.5,36.5,36.5
2006-12,MUN,RS|GRAMADO,glp,3,35.0,35.0,35.0,35.0,35.0
2006-12,MUN,RS|GRAVATAI,glp,35,33.0,33.0,34.6,30.0,35.0
2006-12,MUN,RS|GUAIBA,glp,6,32.95,32.0,34.75,32.0,35.0
2006-12,MUN,RS|IJUI,glp,9,34.5,33.0,35.8,33.0,36.0
2006-12,MUN,RS|JAGUARAO,glp,9,32.0,32.0,34.2,32.0,35.0
2006-12,MUN,RS|LAJEADO,glp,12,33.0,33.0,34.9,33.0,35.5
2006-12,MUN,RS|NOVA SANTA RITA,glp,1,33.0,33.0,33.0,33.0,33.0
2006-12,MUN,RS|NOVO HAMBURGO,glp,25,34.0,32.0,34.0,32.0,34.0
2006-12,MUN,RS|OSORIO,glp,6,36.0,35.5,36.0,35.0,36.0
2006-12,MUN,RS|PALMEIRA DAS MISSOES,glp,14,35.5,33.825,39.0,33.0,39.0
2006-12,MUN,RS|PASSO FUNDO,glp,30,35.0,33.0,37.0,32.0,38.0
2006-12,MUN,RS|PELOTAS,glp,40,32.0,31.0,33.55,30.0,34.0
2006-12,MUN,RS|PORTO ALEGRE,glp,47,33.6,32.9,35.0,32.5,36.0
2006-12,MUN,RS|RIO GRANDE,glp,34,31.5,30.0,32.0,28.0,32.0
2006-12,MUN,RS|SANTA CRUZ DO SUL,glp,13,33.0,33.0,33.0,32.5,33.0
2006-12,MUN,RS|SANTA MARIA,glp,29,36.0,33.8,37.0,32.0,37.0
2006-12,MUN,RS|SANTA ROSA,glp,9,34.0,34.0,35.2,34.0,36.0
2006-12,MUN,RS|SANTA VITORIA DO PALMAR,glp,8,32.0,32.0,36.0,32.0,36.0
2006-12,MUN,RS|SANTANA DO LIVRAMENTO,glp,12,34.0,34.0,34.0,34.0,34.0
2006-12,MUN,RS|SANTO ANGELO,glp,9,36.0,35.9,36.1,35.5,36.5
2006-12,MUN,RS|SAO BORJA,glp,3,34.0,33.2,34.8,33.0,35.0
2006-12,MUN,RS|SAO GABRIEL,glp,5,38.0,36.2,39.0,35.0,39.0
2006-12,MUN,RS|SAO LEOPOLDO,glp,17,32.0,32.0,32.7,32.0,35.0
2006-12,MUN,RS|SAO LUIZ GONZAGA,glp,9,38.0,37.8,38.6,37.0,39.0
2006-12,MUN,RS|SAPIRANGA,glp,8,34.0,34.0,34.3,34.0,35.0
2006-12,MUN,RS|SAPUCAIA DO SUL,glp,19,34.0,34.0,34.14,34.0,35.0
2006-12,MUN,RS|TORRES,glp,5,35.0,35.0,35.0,35.0,35.0
2006-12,MUN,RS|TRAMANDAI,glp,6,35.0,35.0,35.5,35.0,35.5
2006-12,MUN,RS|URUGUAIANA,glp,6,36.0,35.25,36.25,35.0,36.5
2006-12,MUN,RS|VACARIA,glp,10,34.005,34.0,35.0,34.0,35.0
2006-12,MUN,RS|VIAMAO,glp,11,34.5,33.5,35.0,33.0,35.0
2006-12,MUN,SC|ARARANGUA,glp,5,38.0,36.7,38.15,36.5,38.25
2006-12,MUN,SC|BALNEARIO CAMBORIU,glp,4,37.0,37.0,37.0,37.0,37.0
2006-12,MUN,SC|BIGUACU,glp,1,35.25,35.25,35.25,35.25,35.25
2006-12,MUN,SC|BLUMENAU,glp,27,36.0,35.78,37.0,35.0,37.05
2006-12,MUN,SC|BOMBINHAS,glp,1,33.0,33.0,33.0,33.0,33.0
2006-12,MUN,SC|BRUSQUE,glp,6,35.0,34.0,37.9,33.0,37.9
2006-12,MUN,SC|CACADOR,glp,2,36.0,36.0,36.0,36.0,36.0
2006-12,MUN,SC|CHAPECO,glp,33,35.0,33.996,36.0,32.6,37.0
2006-12,MUN,SC|CONCORDIA,glp,28,36.0,35.0,37.0,34.5,38.0
2006-12,MUN,SC|CRICIUMA,glp,10,37.0,35.0,38.64,35.0,39.0
2006-12,MUN,SC|FLORIANOPOLIS,glp,111,36.0,35.0,37.0,34.0,39.0
2006-12,MUN,SC|ITAJAI,glp,27,34.0,33.0,35.0,33.0,35.5
2006-12,MUN,SC|JARAGUA DO SUL,glp,5,37.0,35.4,37.0,35.0,37.0
2006-12,MUN,SC|JOINVILLE,glp,86,37.0,36.0,37.0,35.0,37.0
2006-12,MUN,SC|LAGES,glp,5,35.0,35.0,35.03,35.0,35.05
2006-12,MUN,SC|LAGUNA,glp,4,35.0,35.0,35.7,35.0,36.0
2006-12,MUN,SC|MAFRA,glp,3,32.9,31.78,34.58,31.5,35.0
2006-12,MUN,SC|PALHOCA,glp,18,33.0,32.5,33.0,32.0,33.5
2006-12,MUN,SC|SAO JOSE,glp,20,35.0,34.0,35.525,33.0,38.0
2006-12,MUN,SC|SAO MIGUEL DO OESTE,glp,13,34.0,32.2,35.0,32.0,37.98
2006-12,MUN,SC|TIJUCAS,glp,1,35.25,35.25,35.25,35.25,35.25
2006-12,MUN,SC|TUBARAO,glp,14,33.0,33.0,34.55,31.5,35.0
2006-12,MUN,SC|VIDEIRA,glp,4,36.0,36.0,36.0,36.0,36.0
2006-12,MUN,SC|XANXERE,glp,11,35.25,35.0,36.5,34.9,36.5
2006-12,MUN,SE|ARACAJU,glp,27,34.0,32.6,34.0,30.0,35.0
2006-12,MUN,SE|ITABAIANA,glp,7,33.0,33.0,33.0,33.0,33.0
2006-12,MUN,SE|ITABAIANINHA,glp,3,32.0,32.0,32.0,32.0,32.0
2006-12,MUN,SE|LAGARTO,glp,5,32.0,32.0,32.8,32.0,33.0
2006-12,MUN,SE|NOSSA SENHORA DO SOCORRO,glp,11,34.0,34.0,34.0,34.0,34.0
2006-12,MUN,SE|SIMAO DIAS,glp,3,32.0,32.0,32.0,32.0,32.0
2006-12,MUN,SE|TOBIAS BARRETO,glp,3,33.0,33.0,33.0,33.0,33.0
2006-12,MUN,SP|ADAMANTINA,glp,7,33.0,32.6,33.0,32.0,33.0
2006-12,MUN,SP|AMERICANA,glp,24,34.0,34.0,34.85,33.0,35.0
2006-12,MUN,SP|AMERICO BRASILIENSE,glp,1,33.0,33.0,33.0,33.0,33.0
2006-12,MUN,SP|AMPARO,glp,7,31.0,30.0,32.76,30.0,33.9
2006-12,MUN,SP|APIAI,glp,3,34.0,32.4,34.0,32.0,34.0
2006-12,MUN,SP|ARACARIGUAMA,glp,1,32.0,32.0,32.0,32.0,32.0
2006-12,MUN,SP|ARACATUBA,glp,38,31.5,30.0,32.0,29.0,32.0
2006-12,MUN,SP|ARARAQUARA,glp,14,30.0,30.0,31.0,30.0,32.0
2006-12,MUN,SP|ARARAS,glp,2,31.0,30.2,31.8,30.0,32.0
2006-12,MUN,SP|ASSIS,glp,9,32.0,32.0,32.2,32.0,33.0
2006-12,MUN,SP|ATIBAIA,glp,23,33.0,31.92,33.0,31.5,34.0
2006-12,MUN,SP|AVARE,glp,7,35.0,35.0,35.0,35.0,35.0
2006-12,MUN,SP|BARRETOS,glp,8,31.0,30.0,31.135,30.0,31.45
2006-12,MUN,SP|BARUERI,glp,8,30.0,28.85,33.15,28.5,33.5
2006-12,MUN,SP|BAURU,glp,25,30.0,30.0,32.0,30.0,32.5
2006-12,MUN,SP|BEBEDOURO,glp,8,34.0,33.63,34.65,33.0,35.0
2006-12,MUN,SP|BIRIGUI,glp,11,30.0,30.0,32.0,30.0,32.0
2006-12,MUN,SP|BOTUCATU,glp,12,31.975,31.9,32.0,31.7,32.0
2006-12,MUN,SP|BRAGANCA PAULISTA,glp,14,32.0,30.57,33.0,29.9,33.0
2006-12,MUN,SP|CACAPAVA,glp,10,33.0,33.0,33.05,32.995,33.5
2006-12,MUN,SP|CAMPINAS,glp,56,32.0,29.995,33.0,28.495,34.0
2006-12,MUN,SP|CAMPOS DO JORDAO,glp,8,31.4,30.85,31.78,30.5,31.99
2006-12,MUN,SP|CAPAO BONITO,glp,5,32.0,28.8,33.27,28.0,33.45
2006-12,MUN,SP|CARAGUATATUBA,glp,8,34.25,33.175,35.15,33.0,35.5
2006-12,MUN,SP|CARAPICUIBA,glp,14,30.25,27.99,31.7,27.99,32.0
2006-12,MUN,SP|CATANDUVA,glp,7,32.0,31.2,32.4,30.0,33.0
2006-12,MUN,SP|COSMOPOLIS,glp,4,33.25,32.3,33.5,32.0,33.5
2006-12,MUN,SP|COTIA,glp,10,31.45,29.86,32.2,29.5,33.995
2006-12,MUN,SP|CRUZEIRO,glp,15,32.0,31.66,32.297,31.0,33.0
2006-12,MUN,SP|CUBATAO,glp,4,32.0,30.6,32.0,30.0,32.0
2006-12,MUN,SP|DESCALVADO,glp,1,33.0,33.0,33.0,33.0,33.0
2006-12,MUN,SP|DIADEMA,glp,6,28.895,27.99,31.0,27.99,31.0
2006-12,MUN,SP|DRACENA,glp,6,30.0,30.0,32.5,30.0,35.0
2006-12,MUN,SP|EMBU DAS ARTES,glp,6,30.95,30.2,31.9,29.9,31.9
2006-12,MUN,SP|ENGENHEIRO COELHO,glp,1,34.0,34.0,34.0,34.0,34.0
2006-12,MUN,SP|FERRAZ DE VASCONCELOS,glp,11,30.0,30.0,31.0,30.0,33.0
2006-12,MUN,SP|FRANCA,glp,21,33.5,32.0,34.0,32.0,34.0
2006-12,MUN,SP|FRANCISCO MORATO,glp,5,31.5,31.2,32.4,31.0,33.0
2006-12,MUN,SP|FRANCO DA ROCHA,glp,4,31.95,31.5,32.61,31.5,32.7
2006-12,MUN,SP|GARCA,glp,6,33.0,33.0,33.0,33.0,33.0
2006-12,MUN,SP|GUARATINGUETA,glp,4,31.5,29.6,32.7,29.0,33.0
2006-12,MUN,SP|GUARUJA,glp,4,33.5,32.45,33.85,32.0,34.0
2006-12,MUN,SP|GUARULHOS,glp,53,30.0,28.99,32.0,27.99,33.0
2006-12,MUN,SP|HORTOLANDIA,glp,22,33.0,32.0,33.0,30.0,34.0
2006-12,MUN,SP|IBITINGA,glp,7,30.0,30.0,31.2,30.0,33.0
2006-12,MUN,SP|INDAIATUBA,glp,17,35.0,34.0,35.0,34.0,35.0
2006-12,MUN,SP|ITANHAEM,glp,5,32.5,32.0,33.3,32.0,33.5
2006-12,MUN,SP|ITAPECERICA DA SERRA,glp,3,32.0,29.6,32.792,29.0,32.99
2006-12,MUN,SP|ITAPETININGA,glp,17,30.0,29.0,30.4,29.0,32.0
2006-12,MUN,SP|ITAPEVA,glp,6,32.0,32.0,32.5,32.0,33.0
2006-12,MUN,SP|ITAPEVI,glp,4,29.25,28.293,29.85,27.99,30.0
2006-12,MUN,SP|ITAPIRA,glp,8,29.0,29.0,31.6,29.0,33.0
2006-12,MUN,SP|ITAPOLIS,glp,6,30.0,29.5,30.0,29.0,30.0
2006-12,MUN,SP|ITAQUAQUECETUBA,glp,8,32.0,30.0,32.15,30.0,32.5
2006-12,MUN,SP|ITATIBA,glp,9,32.0,31.7,32.0,31.5,32.0
2006-12,MUN,SP|ITU,glp,17,30.0,29.0,32.0,29.0,32.5
2006-12,MUN,SP|JABOTICABAL,glp,8,32.0,31.7,33.0,31.0,33.0
2006-12,MUN,SP|JACAREI,glp,12,30.0,30.0,31.0,29.0,31.9
2006-12,MUN,SP|JALES,glp,8,33.0,32.0,34.3,32.0,35.0
2006-12,MUN,SP|JANDIRA,glp,4,29.995,29.297,30.0,29.0,30.0
2006-12,MUN,SP|JAU,glp,9,30.0,30.0,31.2,30.0,32.0
2006-12,MUN,SP|JOSE BONIFACIO,glp,10,30.25,30.0,32.0,30.0,32.0
2006-12,MUN,SP|JUNDIAI,glp,15,29.5,27.9,30.9,27.5,31.5
2006-12,MUN,SP|LEME,glp,19,34.0,33.0,34.0,33.0,34.0
2006-12,MUN,SP|LIMEIRA,glp,26,33.45,31.995,35.0,30.0,35.0
2006-12,MUN,SP|LINS,glp,14,31.75,31.0,32.0,30.0,33.0
2006-12,MUN,SP|LORENA,glp,9,30.0,29.989,31.2,29.945,32.0
2006-12,MUN,SP|MARILIA,glp,10,30.0,30.0,30.0,30.0,30.0
2006-12,MUN,SP|MATAO,glp,11,32.0,30.0,32.0,30.0,32.0
2006-12,MUN,SP|MAUA,glp,14,32.0,30.3,33.5,30.0,34.0
2006-12,MUN,SP|MIRASSOL,glp,11,30.0,28.0,30.0,28.0,30.0
2006-12,MUN,SP|MOCOCA,glp,10,35.0,34.45,35.0,34.0,35.0
2006-12,MUN,SP|MOGI DAS CRUZES,glp,18,34.0,31.846,34.0,30.0,35.0
2006-12,MUN,SP|MOGI GUACU,glp,14,30.0,28.298,30.0,28.0,30.0
2006-12,MUN,SP|MOGI MIRIM,glp,9,32.0,32.0,33.4,32.0,35.0
2006-12,MUN,SP|MONTE ALTO,glp,7,32.0,31.0,33.0,31.0,33.0
2006-12,MUN,SP|OLIMPIA,glp,5,31.0,30.0,31.0,30.0,31.0
2006-12,MUN,SP|OSASCO,glp,36,30.99,27.99,32.0,27.99,32.0
2006-12,MUN,SP|OURINHOS,glp,19,31.0,29.0,33.0,29.0,33.0
2006-12,MUN,SP|PARAGUACU PAULISTA,glp,5,32.0,31.91,32.3,31.85,32.5
2006-12,MUN,SP|PAULINIA,glp,16,32.0,31.0,32.0,31.0,33.0
2006-12,MUN,SP|PIEDADE,glp,1,30.0,30.0,30.0,30.0,30.0
2006-12,MUN,SP|PINDAMONHANGABA,glp,5,32.0,30.8,32.6,30.0,33.0
2006-12,MUN,SP|PIRACICABA,glp,40,33.0,32.0,34.0,32.0,35.0
2006-12,MUN,SP|PIRAPORA DO BOM JESUS,glp,1,31.0,31.0,31.0,31.0,31.0
2006-12,MUN,SP|PIRASSUNUNGA,glp,9,32.0,31.6,32.2,30.0,33.0
2006-12,MUN,SP|POA,glp,3,30.0,30.0,30.4,30.0,30.5
2006-12,MUN,SP|PORTO FERREIRA,glp,8,30.0,29.4,30.0,28.0,30.0
2006-12,MUN,SP|PRAIA GRANDE,glp,6,33.0,30.25,34.0,30.0,34.0
2006-12,MUN,SP|PRESIDENTE PRUDENTE,glp,28,31.0,30.0,32.377,30.0,33.0
2006-12,MUN,SP|PRESIDENTE VENCESLAU,glp,3,30.0,30.0,30.0,30.0,30.0
2006-12,MUN,SP|RIBEIRAO PIRES,glp,6,32.45,31.225,33.0,30.95,33.0
2006-12,MUN,SP|RIBEIRAO PRETO,glp,22,32.0,30.0,33.0,29.95,34.0
2006-12,MUN,SP|RIO CLARO,glp,10,30.0,28.899,30.0,27.99,30.0
2006-12,MUN,SP|RIO DAS PEDRAS,glp,1,33.0,33.0,33.0,33.0,33.0
2006-12,MUN,SP|SALTINHO,glp,1,33.0,33.0,33.0,33.0,33.0
2006-12,MUN,SP|SALTO,glp,12,31.5,30.1,32.0,30.0,32.5
2006-12,MUN,SP|SANTA BARBARA D'OESTE,glp,17,34.0,33.6,35.0,33.0,35.0
2006-12,MUN,SP|SANTA CRUZ DO RIO PARDO,glp,9,32.0,32.0,32.0,32.0,32.0
2006-12,MUN,SP|SANTO ANDRE,glp,27,33.0,32.0,34.5,30.0,34.5
2006-12,MUN,SP|SANTOS,glp,13,33.0,31.2,33.4,31.0,34.0
2006-12,MUN,SP|SAO BERNARDO DO CAMPO,glp,27,33.0,30.6,34.0,30.0,34.0
2006-12,MUN,SP|SAO CAETANO DO SUL,glp,4,31.0,30.3,33.03,30.0,33.9
2006-12,MUN,SP|SAO CARLOS,glp,7,31.0,29.56,32.9,28.9,32.9
2006-12,MUN,SP|SAO JOAO DA BOA VISTA,glp,8,35.0,34.7,35.0,34.0,35.0
2006-12,MUN,SP|SAO JOAQUIM DA BARRA,glp,6,32.0,32.0,32.0,32.0,32.0
2006-12,MUN,SP|SAO JOSE DO RIO PRETO,glp,40,32.0,30.0,32.1,30.0,33.0
2006-12,MUN,SP|SAO JOSE DOS CAMPOS,glp,46,32.0,30.5,32.5,30.0,35.0
2006-12,MUN,SP|SAO PAULO,glp,237,30.0,28.0,32.0,27.99,34.0
2006-12,MUN,SP|SAO ROQUE,glp,4,31.95,30.531,32.0,29.945,32.0
2006-12,MUN,SP|SAO VICENTE,glp,18,31.0,30.0,32.0,30.0,33.0
2006-12,MUN,SP|SERTAOZINHO,glp,22,32.0,32.0,32.0,30.0,32.0
2006-12,MUN,SP|SOROCABA,glp,29,30.0,29.0,32.0,29.0,32.0
2006-12,MUN,SP|SUMARE,glp,26,33.0,32.0,34.0,32.0,34.0
2006-12,MUN,SP|SUZANO,glp,9,32.0,31.6,32.1,30.0,32.5
2006-12,MUN,SP|TABOAO DA SERRA,glp,6,29.992,28.75,31.995,28.0,32.0
2006-12,MUN,SP|TATUI,glp,9,32.0,31.8,32.2,31.0,33.0
2006-12,MUN,SP|TAUBATE,glp,9,33.0,29.999,33.0,29.995,33.0
2006-12,MUN,SP|TRES FRONTEIRAS,glp,1,34.0,34.0,34.0,34.0,34.0
2006-12,MUN,SP|TUPA,glp,3,31.0,31.0,31.0,31.0,31.0
2006-12,MUN,SP|UBATUBA,glp,14,34.0,32.0,36.7,30.0,37.0
2006-12,MUN,SP|VALINHOS,glp,10,32.0,32.0,33.0,32.0,33.0
2006-12,MUN,SP|VARGEM,glp,1,32.0,32.0,32.0,32.0,32.0
2006-12,MUN,SP|VARZEA PAULISTA,glp,7,32.0,31.6,32.0,31.0,32.0
2006-12,MUN,SP|VINHEDO,glp,6,32.0,31.0,32.5,31.0,33.0
2006-12,MUN,SP|VOTORANTIM,glp,11,30.0,30.0,31.0,29.5,31.0
2006-12,MUN,SP|VOTUPORANGA,glp,18,32.0,31.0,32.225,31.0,33.0
2006-12,MUN,TO|ARAGUAINA,glp,13,38.0,37.5,38.0,37.0,39.0
2006-12,MUN,TO|COMBINADO,glp,1,37.0,37.0,37.0,37.0,37.0
2006-12,MUN,TO|DIANOPOLIS,glp,6,35.0,35.0,35.0,35.0,35.0
2006-12,MUN,TO|GURUPI,glp,41,36.0,35.25,37.0,35.0,37.0
2006-12,MUN,TO|LAGOA DA CONFUSAO,glp,1,36.5,36.5,36.5,36.5,36.5
2006-12,MUN,TO|PALMAS,glp,32,36.0,35.0,37.0,34.0,37.0
2006-12,MUN,TO|PARAISO DO TOCANTINS,glp,18,35.0,35.0,35.5,35.0,35.5
2006-12,MUN,TO|PORTO NACIONAL,glp,11,37.0,37.0,37.0,37.0,37.0
2006-12,MUN,TO|TAGUATINGA,glp,1,37.0,37.0,37.0,37.0,37.0
2006-12,UF,AC,glp,73,37.0,36.0,39.0,35.0,46.0
2006-12,UF,AL,glp,36,31.0,30.0,33.0,29.0,34.0
2006-12,UF,AM,glp,246,31.0,30.2,33.0,29.5,36.0
2006-12,UF,AP,glp,19,35.0,34.9,41.8,34.0,46.0
2006-12,UF,BA,glp,331,32.0,30.0,35.0,28.0,36.5
2006-12,UF,CE,glp,247,33.0,31.5,34.0,30.0,35.0
2006-12,UF,DF,glp,122,38.0,35.0,39.0,34.5,40.0
2006-12,UF,ES,glp,165,35.0,32.0,35.96,30.0,38.0
2006-12,UF,GO,glp,579,33.0,31.0,37.0,29.0,39.0
2006-12,UF,MA,glp,84,34.75,32.0,37.0,30.0,38.0
2006-12,UF,MG,glp,1179,35.0,32.0,37.0,28.0,40.0
2006-12,UF,MS,glp,270,36.0,35.0,39.0,32.0,40.0
2006-12,UF,MT,glp,131,41.0,38.0,42.0,36.0,43.0
2006-12,UF,PA,glp,235,31.0,31.0,36.0,28.5,38.0
2006-12,UF,PB,glp,74,33.5,32.0,35.0,30.0,37.0
2006-12,UF,PE,glp,295,32.0,30.0,33.0,27.0,36.0
2006-12,UF,PI,glp,50,35.0,35.0,37.0,32.0,37.0
2006-12,UF,PR,glp,790,32.25,30.0,36.0,28.9,38.0
2006-12,UF,RJ,glp,293,32.0,30.0,36.0,28.0,37.5
2006-12,UF,RN,glp,29,32.0,30.0,33.0,30.0,33.0
2006-12,UF,RO,glp,115,34.5,32.2,39.0,31.0,42.0
2006-12,UF,RR,glp,31,36.0,35.0,39.0,34.5,41.0
2006-12,UF,RS,glp,642,34.0,32.0,36.5,28.0,39.9
2006-12,UF,SC,glp,439,36.0,33.5,37.0,31.5,39.0
2006-12,UF,SE,glp,59,33.0,32.0,34.0,30.0,35.0
2006-12,UF,SP,glp,1739,32.0,29.99,34.0,27.5,37.0
2006-12,UF,TO,glp,124,36.0,35.0,37.0,34.0,39.0
