periodo,nivel,codigo,produto,postos,mediana,p10,p90,minimo,maximo
2016-01,BR,BR,glp,7968,55.0,47.0,65.0,35.0,82.5
2016-01,MUN,AC|CRUZEIRO DO SUL,glp,7,68.0,67.2,69.6,66.0,72.0
2016-01,MUN,AC|RIO BRANCO,glp,74,57.0,54.0,60.0,52.0,64.5
2016-01,MUN,AL|ARAPIRACA,glp,10,45.0,44.7,48.2,42.0,50.0
2016-01,MUN,AL|ATALAIA,glp,1,45.0,45.0,45.0,45.0,45.0
2016-01,MUN,AL|DELMIRO GOUVEIA,glp,3,55.0,55.0,55.0,55.0,55.0
2016-01,MUN,AL|MACEIO,glp,55,55.0,50.0,55.0,50.0,55.0
2016-01,MUN,AL|MARECHAL DEODORO,glp,7,50.0,50.0,53.5,50.0,55.0
2016-01,MUN,AL|MESSIAS,glp,1,55.0,55.0,55.0,55.0,55.0
2016-01,MUN,AL|PALMEIRA DOS INDIOS,glp,5,55.0,55.0,55.0,55.0,55.0
2016-01,MUN,AL|RIO LARGO,glp,5,47.0,45.0,53.0,45.0,55.0
2016-01,MUN,AL|SANTANA DO IPANEMA,glp,4,55.0,55.0,55.0,55.0,55.0
2016-01,MUN,AM|HUMAITA,glp,4,56.5,55.0,58.35,55.0,58.5
2016-01,MUN,AM|ITACOATIARA,glp,10,55.5,54.9,60.0,54.0,60.0
2016-01,MUN,AM|MANACAPURU,glp,5,57.0,56.4,57.6,56.0,58.0
2016-01,MUN,AM|MANAUS,glp,256,50.0,48.0,52.0,45.0,53.0
2016-01,MUN,AM|PARINTINS,glp,2,49.0,48.2,49.8,48.0,50.0
2016-01,MUN,AM|TEFE,glp,2,60.5,60.1,60.9,60.0,61.0
2016-01,MUN,AP|LARANJAL DO JARI,glp,1,69.0,69.0,69.0,69.0,69.0
2016-01,MUN,AP|MACAPA,glp,15,69.0,67.4,69.0,67.0,69.0
2016-01,MUN,AP|SANTANA,glp,5,66.0,63.8,67.6,63.0,68.0
2016-01,MUN,BA|ALAGOINHAS,glp,5,58.0,56.0,58.0,56.0,58.0
2016-01,MUN,BA|BARREIRAS,glp,8,55.0,52.1,63.0,50.0,63.0
2016-01,MUN,BA|BRUMADO,glp,5,53.0,53.0,55.0,53.0,55.0
2016-01,MUN,BA|CAETITE,glp,6,45.0,44.0,45.0,43.0,45.0
2016-01,MUN,BA|CAMACARI,glp,19,55.0,50.0,58.0,50.0,60.0
2016-01,MUN,BA|CANDEIAS,glp,5,50.0,50.0,50.6,50.0,51.0
2016-01,MUN,BA|CENTRAL,glp,1,40.0,40.0,40.0,40.0,40.0
2016-01,MUN,BA|EUNAPOLIS,glp,9,55.0,54.4,58.4,52.0,60.0
2016-01,MUN,BA|FEIRA DE SANTANA,glp,28,49.9,48.0,52.93,47.0,53.0
2016-01,MUN,BA|GUANAMBI,glp,16,40.0,40.0,40.0,40.0,40.0
2016-01,MUN,BA|ILHEUS,glp,6,56.0,55.0,57.0,55.0,57.0
2016-01,MUN,BA|IPIRA,glp,3,48.0,48.0,51.2,48.0,52.0
2016-01,MUN,BA|IRECE,glp,7,42.0,39.6,47.4,39.0,48.0
2016-01,MUN,BA|ITABUNA,glp,8,52.5,49.1,56.0,47.0,56.0
2016-01,MUN,BA|ITAMARAJU,glp,4,54.0,52.3,55.0,52.0,55.0
2016-01,MUN,BA|JACOBINA,glp,5,53.0,50.0,53.0,50.0,53.0
2016-01,MUN,BA|JAGUAQUARA,glp,4,43.5,42.0,45.0,42.0,45.0
2016-01,MUN,BA|JEQUIE,glp,12,38.25,37.0,43.0,35.0,45.0
2016-01,MUN,BA|JUAZEIRO,glp,6,46.25,45.0,50.0,45.0,50.0
2016-01,MUN,BA|LAURO DE FREITAS,glp,17,52.0,50.0,57.4,50.0,60.0
2016-01,MUN,BA|LIVRAMENTO DE NOSSA SENHORA,glp,3,42.5,39.7,48.5,39.0,50.0
2016-01,MUN,BA|PAULO AFONSO,glp,5,54.0,52.8,56.2,52.0,57.0
2016-01,MUN,BA|POCOES,glp,6,45.0,44.0,45.0,44.0,45.0
2016-01,MUN,BA|PORTO SEGURO,glp,12,48.0,43.3,57.6,43.0,60.0
2016-01,MUN,BA|SALVADOR,glp,272,53.0,45.0,56.0,38.0,60.0
2016-01,MUN,BA|SANTANOPOLIS,glp,1,53.0,53.0,53.0,53.0,53.0
2016-01,MUN,BA|SANTO ANTONIO DE JESUS,glp,9,47.0,45.0,50.0,45.0,50.0
2016-01,MUN,BA|SENHOR DO BONFIM,glp,2,52.5,50.5,54.5,50.0,55.0
2016-01,MUN,BA|SERRINHA,glp,6,41.0,40.0,47.5,40.0,50.0
2016-01,MUN,BA|SIMOES FILHO,glp,7,50.0,50.0,55.0,50.0,55.0
2016-01,MUN,BA|TEIXEIRA DE FREITAS,glp,7,50.0,49.6,54.4,49.0,58.0
2016-01,MUN,BA|VALENCA,glp,5,55.0,55.0,56.8,55.0,58.0
2016-01,MUN,BA|VARZEDO,glp,1,45.0,45.0,45.0,45.0,45.0
2016-01,MUN,BA|VITORIA DA CONQUISTA,glp,5,48.0,47.7,49.0,47.5,49.0
2016-01,MUN,CE|BEBERIBE,glp,4,60.5,60.0,61.0,60.0,61.0
2016-01,MUN,CE|CANINDE,glp,3,55.0,55.0,59.0,55.0,60.0
2016-01,MUN,CE|CAUCAIA,glp,26,55.25,55.0,60.0,52.5,65.0
2016-01,MUN,CE|CRATEUS,glp,3,60.0,58.0,60.0,57.5,60.0
2016-01,MUN,CE|CRATO,glp,14,55.5,53.95,58.7,52.5,59.0
2016-01,MUN,CE|FORTALEZA,glp,130,60.0,57.5,65.0,55.0,65.0
2016-01,MUN,CE|ICO,glp,3,57.5,55.5,57.5,55.0,57.5
2016-01,MUN,CE|IGUATU,glp,3,55.0,55.0,55.4,55.0,55.5
2016-01,MUN,CE|IPU,glp,2,55.0,55.0,55.0,55.0,55.0
2016-01,MUN,CE|ITAPIPOCA,glp,4,56.0,55.3,58.8,55.0,60.0
2016-01,MUN,CE|JUAZEIRO DO NORTE,glp,10,55.0,55.0,60.0,55.0,60.0
2016-01,MUN,CE|LIMOEIRO DO NORTE,glp,4,60.0,59.615,60.0,59.45,60.0
2016-01,MUN,CE|MARACANAU,glp,9,64.0,60.0,65.0,60.0,65.0
2016-01,MUN,CE|MISSAO VELHA,glp,1,55.0,55.0,55.0,55.0,55.0
2016-01,MUN,CE|MORADA NOVA,glp,3,59.45,58.29,59.89,58.0,60.0
2016-01,MUN,CE|QUIXADA,glp,4,56.5,53.25,58.0,52.5,58.0
2016-01,MUN,CE|SOBRAL,glp,5,60.0,58.8,60.0,58.0,60.0
2016-01,MUN,DF|BRASILIA,glp,82,56.0,50.0,60.0,50.0,65.0
2016-01,MUN,ES|ARACRUZ,glp,10,54.0,46.79,56.0,44.9,56.0
2016-01,MUN,ES|BARRA DE SAO FRANCISCO,glp,6,57.0,56.5,58.75,56.0,60.0
2016-01,MUN,ES|CACHOEIRO DE ITAPEMIRIM,glp,17,50.0,50.0,55.0,48.0,60.0
2016-01,MUN,ES|CARIACICA,glp,66,50.0,50.0,52.0,48.0,55.0
2016-01,MUN,ES|COLATINA,glp,8,49.5,47.7,50.9,47.0,53.0
2016-01,MUN,ES|GUARAPARI,glp,20,55.0,51.8,58.2,50.0,62.0
2016-01,MUN,ES|ITAPEMIRIM,glp,3,50.0,49.92,50.0,49.9,50.0
2016-01,MUN,ES|LINHARES,glp,15,57.5,52.0,60.0,49.0,60.0
2016-01,MUN,ES|MARATAIZES,glp,1,50.0,50.0,50.0,50.0,50.0
2016-01,MUN,ES|PRESIDENTE KENNEDY,glp,1,48.9,48.9,48.9,48.9,48.9
2016-01,MUN,ES|SAO MATEUS,glp,4,46.25,42.2,47.5,41.0,47.5
2016-01,MUN,ES|SERRA,glp,105,50.0,48.92,52.0,44.9,56.0
2016-01,MUN,ES|VILA VELHA,glp,34,52.0,50.0,55.0,50.0,55.0
2016-01,MUN,ES|VITORIA,glp,18,50.0,50.0,56.5,49.99,60.0
2016-01,MUN,GO|AGUAS LINDAS DE GOIAS,glp,11,55.0,55.0,55.0,52.0,55.0
2016-01,MUN,GO|ANAPOLIS,glp,49,52.0,50.0,53.0,50.0,55.0
2016-01,MUN,GO|APARECIDA DE GOIANIA,glp,35,54.0,52.4,55.0,52.0,56.0
2016-01,MUN,GO|CALDAS NOVAS,glp,11,58.0,56.0,60.0,56.0,60.0
2016-01,MUN,GO|CATALAO,glp,10,52.25,52.0,54.1,52.0,55.0
2016-01,MUN,GO|FORMOSA,glp,11,56.0,55.0,57.0,54.0,57.0
2016-01,MUN,GO|GOIANIA,glp,69,57.0,55.0,58.0,55.0,60.0
2016-01,MUN,GO|GOIATUBA,glp,4,57.0,57.0,57.0,57.0,57.0
2016-01,MUN,GO|ITUMBIARA,glp,7,60.0,59.0,60.0,59.0,60.0
2016-01,MUN,GO|JATAI,glp,19,58.0,56.8,63.0,56.0,63.0
2016-01,MUN,GO|LUZIANIA,glp,17,55.0,53.6,56.0,53.0,57.0
2016-01,MUN,GO|MINEIROS,glp,5,58.0,58.0,59.2,58.0,60.0
2016-01,MUN,GO|MORRINHOS,glp,6,57.0,56.0,57.5,55.0,58.0
2016-01,MUN,GO|PONTALINA,glp,1,56.0,56.0,56.0,56.0,56.0
2016-01,MUN,GO|PORANGATU,glp,15,55.0,54.0,55.0,54.0,55.0
2016-01,MUN,GO|RIO VERDE,glp,14,58.0,56.0,58.0,56.0,58.0
2016-01,MUN,GO|TRINDADE,glp,19,55.0,53.6,55.0,52.0,56.0
2016-01,MUN,GO|VALPARAISO DE GOIAS,glp,12,55.5,55.0,56.0,54.0,56.0
2016-01,MUN,MA|ACAILANDIA,glp,4,45.0,45.0,45.0,45.0,45.0
2016-01,MUN,MA|BACABAL,glp,4,60.0,60.0,61.4,60.0,62.0
2016-01,MUN,MA|BALSAS,glp,3,65.0,65.0,65.0,65.0,65.0
2016-01,MUN,MA|BARRA DO CORDA,glp,4,57.0,57.0,57.0,57.0,57.0
2016-01,MUN,MA|CAXIAS,glp,2,65.0,65.0,65.0,65.0,65.0
2016-01,MUN,MA|CODO,glp,3,60.0,60.0,60.8,60.0,61.0
2016-01,MUN,MA|IMPERATRIZ,glp,48,60.0,60.0,60.0,55.0,60.0
2016-01,MUN,MA|PINHEIRO,glp,3,65.0,63.4,65.0,63.0,65.0
2016-01,MUN,MA|PRESIDENTE DUTRA,glp,3,57.5,55.5,57.5,55.0,57.5
2016-01,MUN,MA|SANTA INES,glp,3,61.0,60.2,61.8,60.0,62.0
2016-01,MUN,MA|SAO DOMINGOS DO MARANHAO,glp,2,53.0,50.6,55.4,50.0,56.0
2016-01,MUN,MA|SAO JOSE DE RIBAMAR,glp,10,49.0,45.85,50.5,40.0,55.0
2016-01,MUN,MA|SAO LUIS,glp,58,49.0,41.75,50.0,39.99,52.5
2016-01,MUN,MA|SAO VICENTE FERRER,glp,1,65.0,65.0,65.0,65.0,65.0
2016-01,MUN,MA|TIMON,glp,3,50.0,50.0,50.0,50.0,50.0
2016-01,MUN,MG|ALFENAS,glp,8,48.0,45.0,50.0,45.0,50.0
2016-01,MUN,MG|ARAGUARI,glp,7,60.0,59.6,60.4,59.0,61.0
2016-01,MUN,MG|ARAXA,glp,4,61.0,60.0,62.0,60.0,62.0
2016-01,MUN,MG|BARBACENA,glp,15,59.0,58.0,60.0,58.0,60.0
2016-01,MUN,MG|BELO HORIZONTE,glp,40,60.0,55.0,65.0,49.0,65.0
2016-01,MUN,MG|BETIM,glp,12,62.0,60.05,63.0,60.0,63.0
2016-01,MUN,MG|BOM DESPACHO,glp,3,60.0,60.0,60.0,60.0,60.0
2016-01,MUN,MG|CAMPO BELO,glp,6,52.5,51.5,53.25,51.0,53.5
2016-01,MUN,MG|CARATINGA,glp,3,52.0,52.0,52.8,52.0,53.0
2016-01,MUN,MG|CATAGUASES,glp,4,56.0,55.0,57.0,55.0,57.0
2016-01,MUN,MG|CONGONHAS,glp,8,55.0,55.0,55.45,55.0,56.5
2016-01,MUN,MG|CONSELHEIRO LAFAIETE,glp,7,50.0,50.0,55.0,50.0,55.0
2016-01,MUN,MG|CONTAGEM,glp,17,63.0,61.0,65.0,61.0,67.0
2016-01,MUN,MG|CORONEL FABRICIANO,glp,5,60.0,55.8,60.0,53.0,60.0
2016-01,MUN,MG|CURVELO,glp,6,53.5,47.0,56.5,44.0,58.0
2016-01,MUN,MG|DIAMANTINA,glp,3,62.0,60.8,62.0,60.5,62.0
2016-01,MUN,MG|DIVINOPOLIS,glp,17,55.0,54.6,59.4,54.0,60.0
2016-01,MUN,MG|FORMIGA,glp,10,58.5,55.9,60.1,55.0,61.0
2016-01,MUN,MG|FRUTAL,glp,5,48.0,47.9,49.2,47.9,50.0
2016-01,MUN,MG|GOVERNADOR VALADARES,glp,8,57.0,55.0,57.0,55.0,57.0
2016-01,MUN,MG|GUAXUPE,glp,7,54.0,53.58,54.0,52.95,54.0
2016-01,MUN,MG|IBIRITE,glp,1,62.0,62.0,62.0,62.0,62.0
2016-01,MUN,MG|IPATINGA,glp,16,55.0,52.5,58.0,50.0,58.0
2016-01,MUN,MG|ITABIRA,glp,5,64.0,62.4,64.6,62.0,65.0
2016-01,MUN,MG|ITAJUBA,glp,6,50.0,48.0,53.45,48.0,54.9
2016-01,MUN,MG|ITAUNA,glp,8,50.0,48.0,56.5,48.0,60.0
2016-01,MUN,MG|ITUIUTABA,glp,19,58.0,51.2,58.0,50.0,58.0
2016-01,MUN,MG|JANAUBA,glp,2,48.5,48.1,48.9,48.0,49.0
2016-01,MUN,MG|JANUARIA,glp,6,55.5,55.0,57.0,55.0,58.0
2016-01,MUN,MG|JOAO MONLEVADE,glp,7,60.0,58.0,60.0,58.0,60.0
2016-01,MUN,MG|JOAO PINHEIRO,glp,11,58.0,55.0,60.0,49.0,60.0
2016-01,MUN,MG|JUIZ DE FORA,glp,54,55.0,50.0,60.0,50.0,68.0
2016-01,MUN,MG|LAVRAS,glp,8,54.0,48.5,58.6,45.0,60.0
2016-01,MUN,MG|LEOPOLDINA,glp,6,57.0,57.0,58.0,57.0,58.0
2016-01,MUN,MG|MANHUACU,glp,6,47.5,47.0,48.0,47.0,48.0
2016-01,MUN,MG|MONTE CARMELO,glp,9,50.0,50.0,51.0,50.0,55.0
2016-01,MUN,MG|MONTES CLAROS,glp,42,60.0,60.0,60.0,59.0,61.0
2016-01,MUN,MG|MURIAE,glp,5,55.0,55.0,60.0,55.0,60.0
2016-01,MUN,MG|NOVA LIMA,glp,6,60.75,60.25,63.0,60.0,64.0
2016-01,MUN,MG|OLIVEIRA,glp,4,48.5,48.15,48.85,48.0,49.0
2016-01,MUN,MG|OURO PRETO,glp,4,60.0,59.0,61.0,59.0,61.0
2016-01,MUN,MG|PARA DE MINAS,glp,5,57.0,55.8,58.3,55.0,58.5
2016-01,MUN,MG|PARACATU,glp,10,63.75,56.35,65.0,55.0,65.0
2016-01,MUN,MG|PASSOS,glp,16,55.0,50.0,58.0,50.0,63.0
2016-01,MUN,MG|PATOS DE MINAS,glp,7,60.0,56.8,62.5,55.0,64.0
2016-01,MUN,MG|PATROCINIO,glp,3,59.0,57.4,59.8,57.0,60.0
2016-01,MUN,MG|POCOS DE CALDAS,glp,21,49.265,48.99,52.0,48.0,52.0
2016-01,MUN,MG|POUSO ALEGRE,glp,6,41.0,40.0,44.25,40.0,46.5
2016-01,MUN,MG|RIBEIRAO DAS NEVES,glp,16,61.0,60.0,64.0,58.0,64.0
2016-01,MUN,MG|SABARA,glp,8,61.75,60.85,62.95,60.5,64.0
2016-01,MUN,MG|SANTA LUZIA,glp,11,61.5,60.0,62.5,60.0,65.0
2016-01,MUN,MG|SAO JOAO DEL REI,glp,16,55.0,54.5,58.0,54.0,60.0
2016-01,MUN,MG|SAO LOURENCO,glp,3,57.0,55.4,59.4,55.0,60.0
2016-01,MUN,MG|SAO SEBASTIAO DO PARAISO,glp,16,55.0,49.5,55.0,48.0,55.0
2016-01,MUN,MG|SETE LAGOAS,glp,15,54.0,53.0,55.6,52.0,56.0
2016-01,MUN,MG|TEOFILO OTONI,glp,17,53.0,50.0,55.0,48.5,55.0
2016-01,MUN,MG|TIMOTEO,glp,5,55.0,51.6,61.5,50.0,62.5
2016-01,MUN,MG|TRES CORACOES,glp,8,50.0,47.0,55.0,47.0,55.0
2016-01,MUN,MG|UBA,glp,12,65.0,63.0,65.0,60.0,65.0
2016-01,MUN,MG|UBERABA,glp,12,50.0,49.0,50.0,45.0,50.0
2016-01,MUN,MG|UBERLANDIA,glp,25,60.0,56.8,62.0,55.0,64.0
2016-01,MUN,MG|UNAI,glp,8,65.0,65.0,65.0,65.0,65.0
2016-01,MUN,MG|VARGINHA,glp,13,50.0,50.0,52.9,50.0,54.0
2016-01,MUN,MG|VESPASIANO,glp,13,62.0,60.1,63.8,60.0,64.0
2016-01,MUN,MG|VICOSA,glp,3,60.0,60.0,60.0,60.0,60.0
2016-01,MUN,MS|BATAYPORA,glp,1,65.0,65.0,65.0,65.0,65.0
2016-01,MUN,MS|CAMPO GRANDE,glp,372,66.0,64.0,67.0,55.0,68.0
2016-01,MUN,MS|CORUMBA,glp,5,60.0,60.0,60.0,60.0,60.0
2016-01,MUN,MS|COXIM,glp,6,70.0,70.0,72.0,70.0,72.0
2016-01,MUN,MS|DOURADOS,glp,32,65.0,60.25,67.0,55.0,68.0
2016-01,MUN,MS|NOVA ANDRADINA,glp,11,65.0,65.0,70.0,60.0,70.0
2016-01,MUN,MS|PARANAIBA,glp,11,65.0,65.0,65.0,61.5,65.0
2016-01,MUN,MS|PONTA PORA,glp,2,54.0,52.4,55.6,52.0,56.0
2016-01,MUN,MS|TRES LAGOAS,glp,7,50.0,50.0,52.0,50.0,55.0
2016-01,MUN,MT|ALTA FLORESTA,glp,6,75.0,75.0,77.5,75.0,80.0
2016-01,MUN,MT|CACERES,glp,8,71.0,70.0,72.0,70.0,72.0
2016-01,MUN,MT|CUIABA,glp,143,70.0,65.0,75.0,63.0,79.0
2016-01,MUN,MT|RONDONOPOLIS,glp,12,75.0,73.1,75.0,73.0,75.0
2016-01,MUN,MT|SINOP,glp,16,76.5,75.0,80.0,75.0,80.0
2016-01,MUN,MT|SORRISO,glp,8,80.0,80.0,82.15,80.0,82.5
2016-01,MUN,MT|VARZEA GRANDE,glp,40,70.0,70.0,75.0,68.0,75.0
2016-01,MUN,PA|ABAETETUBA,glp,6,51.0,48.0,55.5,48.0,56.0
2016-01,MUN,PA|ALENQUER,glp,3,65.0,61.0,65.0,60.0,65.0
2016-01,MUN,PA|ALTAMIRA,glp,8,65.0,63.5,65.6,60.0,67.0
2016-01,MUN,PA|ANANINDEUA,glp,27,58.0,55.0,60.0,53.5,62.5
2016-01,MUN,PA|BELEM,glp,76,58.0,56.0,58.0,45.0,58.0
2016-01,MUN,PA|BRAGANCA,glp,6,60.0,58.5,60.0,58.0,60.0
2016-01,MUN,PA|CAMETA,glp,6,54.0,49.0,58.0,48.0,58.0
2016-01,MUN,PA|CASTANHAL,glp,5,60.0,57.7,60.0,57.5,60.0
2016-01,MUN,PA|CONCEICAO DO ARAGUAIA,glp,6,64.0,60.0,65.0,60.0,65.0
2016-01,MUN,PA|ITAITUBA,glp,5,70.0,67.0,72.0,65.0,72.0
2016-01,MUN,PA|MARABA,glp,7,68.0,66.8,68.0,65.0,68.0
2016-01,MUN,PA|PARAGOMINAS,glp,4,70.0,67.9,70.0,67.0,70.0
2016-01,MUN,PA|PARAUAPEBAS,glp,4,65.0,65.0,65.7,65.0,66.0
2016-01,MUN,PA|REDENCAO,glp,6,70.0,64.5,70.0,60.0,70.0
2016-01,MUN,PA|SANTAREM,glp,24,55.0,54.3,56.0,52.0,60.0
2016-01,MUN,PA|XINGUARA,glp,7,68.0,68.0,68.0,68.0,68.0
2016-01,MUN,PB|BAYEUX,glp,5,45.0,45.0,50.0,45.0,50.0
2016-01,MUN,PB|CABEDELO,glp,7,55.0,53.0,55.0,50.0,55.0
2016-01,MUN,PB|CAMPINA GRANDE,glp,37,55.0,51.5,55.0,50.0,60.0
2016-01,MUN,PB|JOAO PESSOA,glp,25,40.0,40.0,45.0,39.0,50.0
2016-01,MUN,PB|PATOS,glp,4,51.25,46.85,57.05,45.5,59.0
2016-01,MUN,PB|SANTA RITA,glp,7,48.5,46.8,49.1,45.0,50.0
2016-01,MUN,PB|SOUSA,glp,3,45.0,44.2,46.6,44.0,47.0
2016-01,MUN,PE|ABREU E LIMA,glp,8,45.0,44.0,48.0,44.0,55.0
2016-01,MUN,PE|ARARIPINA,glp,3,55.0,52.6,57.4,52.0,58.0
2016-01,MUN,PE|ARCOVERDE,glp,4,50.0,50.0,53.5,50.0,55.0
2016-01,MUN,PE|BELO JARDIM,glp,3,50.0,46.0,50.0,45.0,50.0
2016-01,MUN,PE|CABO DE SANTO AGOSTINHO,glp,10,45.0,42.0,47.55,41.995,52.5
2016-01,MUN,PE|CACHOEIRINHA,glp,1,47.5,47.5,47.5,47.5,47.5
2016-01,MUN,PE|CAMARAGIBE,glp,16,45.0,42.0,48.75,41.0,50.0
2016-01,MUN,PE|CARUARU,glp,12,42.5,40.996,45.0,40.0,45.0
2016-01,MUN,PE|GARANHUNS,glp,7,50.0,50.0,55.0,50.0,55.0
2016-01,MUN,PE|GOIANA,glp,2,50.0,50.0,50.0,50.0,50.0
2016-01,MUN,PE|GRAVATA,glp,7,45.0,43.0,45.0,40.0,45.0
2016-01,MUN,PE|IGARASSU,glp,18,45.0,45.0,50.0,44.99,50.0
2016-01,MUN,PE|JABOATAO DOS GUARARAPES,glp,48,45.0,40.0,45.0,40.0,55.0
2016-01,MUN,PE|LAJEDO,glp,4,50.0,50.0,50.0,50.0,50.0
2016-01,MUN,PE|OLINDA,glp,38,42.0,40.0,45.0,39.99,55.0
2016-01,MUN,PE|PAULISTA,glp,12,50.0,45.0,59.6,42.0,60.0
2016-01,MUN,PE|PETROLINA,glp,13,49.0,45.3,50.0,45.0,50.0
2016-01,MUN,PE|RECIFE,glp,110,45.0,40.0,50.0,39.995,55.0
2016-01,MUN,PE|SALGUEIRO,glp,3,58.0,58.0,58.0,58.0,58.0
2016-01,MUN,PE|SANTA CRUZ DO CAPIBARIBE,glp,5,45.0,45.0,48.0,45.0,50.0
2016-01,MUN,PE|SERRA TALHADA,glp,3,58.0,58.0,58.0,58.0,58.0
2016-01,MUN,PE|VITORIA DE SANTO ANTAO,glp,15,50.0,50.0,55.0,50.0,55.0
2016-01,MUN,PI|CAMPO MAIOR,glp,3,60.0,60.0,60.0,60.0,60.0
2016-01,MUN,PI|PARNAIBA,glp,2,55.0,55.0,55.0,55.0,55.0
2016-01,MUN,PI|PICOS,glp,2,60.0,60.0,60.0,60.0,60.0
2016-01,MUN,PI|PIRIPIRI,glp,5,59.0,58.1,60.0,57.5,60.0
2016-01,MUN,PI|TERESINA,glp,68,50.0,50.0,50.0,45.0,60.0
2016-01,MUN,PR|ALMIRANTE TAMANDARE,glp,1,59.0,59.0,59.0,59.0,59.0
2016-01,MUN,PR|APUCARANA,glp,18,55.0,54.765,60.0,49.5,60.0
2016-01,MUN,PR|ARAPONGAS,glp,17,60.0,60.0,63.0,60.0,63.0
2016-01,MUN,PR|ARAUCARIA,glp,13,50.0,50.0,54.4,50.0,62.0
2016-01,MUN,PR|ASSIS CHATEAUBRIAND,glp,6,62.0,51.0,63.5,42.0,65.0
2016-01,MUN,PR|CAMBE,glp,15,55.0,52.8,60.0,50.0,60.0
2016-01,MUN,PR|CAMPO LARGO,glp,15,50.0,50.0,55.0,48.0,56.5
2016-01,MUN,PR|CAMPO MOURAO,glp,12,65.0,60.0,67.85,60.0,68.0
2016-01,MUN,PR|CASCAVEL,glp,84,66.0,65.0,66.35,65.0,67.0
2016-01,MUN,PR|CASTRO,glp,5,65.0,65.0,68.8,65.0,70.0
2016-01,MUN,PR|CIANORTE,glp,14,65.0,60.0,65.0,55.0,65.0
2016-01,MUN,PR|COLOMBO,glp,23,53.0,50.0,55.0,50.0,59.0
2016-01,MUN,PR|CORNELIO PROCOPIO,glp,3,55.0,55.0,58.2,55.0,59.0
2016-01,MUN,PR|CURITIBA,glp,54,56.0,52.23,60.0,47.9,60.9
2016-01,MUN,PR|CURIUVA,glp,1,55.0,55.0,55.0,55.0,55.0
2016-01,MUN,PR|FOZ DO IGUACU,glp,20,45.0,42.0,48.2,42.0,52.0
2016-01,MUN,PR|FRANCISCO BELTRAO,glp,6,56.0,53.5,56.5,52.0,57.0
2016-01,MUN,PR|GUARAPUAVA,glp,12,60.0,56.2,67.95,56.0,70.0
2016-01,MUN,PR|JESUITAS,glp,1,42.0,42.0,42.0,42.0,42.0
2016-01,MUN,PR|LARANJEIRAS DO SUL,glp,6,60.0,59.0,60.0,58.0,60.0
2016-01,MUN,PR|LONDRINA,glp,98,58.0,55.0,60.0,50.0,65.0
2016-01,MUN,PR|MARECHAL CANDIDO RONDON,glp,4,59.0,52.33,63.5,49.9,65.0
2016-01,MUN,PR|MARINGA,glp,33,66.5,65.0,68.0,60.0,68.0
2016-01,MUN,PR|PARANAGUA,glp,8,50.0,46.4,51.5,45.0,55.0
2016-01,MUN,PR|PARANAVAI,glp,11,63.0,60.0,63.0,58.0,65.0
2016-01,MUN,PR|PATO BRANCO,glp,13,65.0,65.0,69.41,63.9,72.4
2016-01,MUN,PR|PINHAIS,glp,16,54.5,49.0,56.5,48.0,57.0
2016-01,MUN,PR|PONTA GROSSA,glp,15,55.0,53.0,58.6,50.0,60.0
2016-01,MUN,PR|RAMILANDIA,glp,1,42.0,42.0,42.0,42.0,42.0
2016-01,MUN,PR|SANTO ANTONIO DA PLATINA,glp,14,53.5,50.0,56.7,50.0,65.0
2016-01,MUN,PR|SAO JOSE DOS PINHAIS,glp,17,53.0,48.2,56.2,47.0,59.9
2016-01,MUN,PR|TERRA BOA,glp,1,65.0,65.0,65.0,65.0,65.0
2016-01,MUN,PR|TOLEDO,glp,17,65.0,60.0,66.0,42.0,70.0
2016-01,MUN,PR|UMUARAMA,glp,19,65.0,63.8,66.0,62.5,66.0
2016-01,MUN,PR|UNIAO DA VITORIA,glp,3,60.0,56.0,60.0,55.0,60.0
2016-01,MUN,RJ|ANGRA DOS REIS,glp,5,55.0,51.8,55.0,50.0,55.0
2016-01,MUN,RJ|ARARUAMA,glp,6,45.0,43.825,47.74,43.0,49.49
2016-01,MUN,RJ|BARRA DO PIRAI,glp,3,50.0,50.0,58.0,50.0,60.0
2016-01,MUN,RJ|BARRA MANSA,glp,11,55.0,50.0,58.0,48.0,59.0
2016-01,MUN,RJ|BELFORD ROXO,glp,6,51.5,46.0,53.5,44.0,54.0
2016-01,MUN,RJ|CABO FRIO,glp,5,53.0,52.4,55.0,52.0,55.0
2016-01,MUN,RJ|CAMPOS DOS GOYTACAZES,glp,21,60.0,50.0,60.0,50.0,65.0
2016-01,MUN,RJ|DUQUE DE CAXIAS,glp,27,50.0,48.0,51.4,45.0,55.0
2016-01,MUN,RJ|ITABORAI,glp,4,48.0,48.0,48.35,48.0,48.5
2016-01,MUN,RJ|ITAGUAI,glp,3,48.9,45.78,48.9,45.0,48.9
2016-01,MUN,RJ|ITAPERUNA,glp,4,53.5,50.6,55.0,50.0,55.0
2016-01,MUN,RJ|MACAE,glp,5,50.0,48.8,54.2,48.0,57.0
2016-01,MUN,RJ|MAGE,glp,3,40.0,40.0,40.0,40.0,40.0
2016-01,MUN,RJ|MANGARATIBA,glp,2,49.95,49.91,49.99,49.9,50.0
2016-01,MUN,RJ|MARICA,glp,3,50.0,50.0,50.0,50.0,50.0
2016-01,MUN,RJ|NILOPOLIS,glp,4,52.5,50.6,54.4,50.0,55.0
2016-01,MUN,RJ|NITEROI,glp,7,52.0,48.0,53.2,48.0,55.0
2016-01,MUN,RJ|NOVA FRIBURGO,glp,5,65.0,65.0,65.0,65.0,65.0
2016-01,MUN,RJ|NOVA IGUACU,glp,19,50.0,45.0,55.0,42.0,55.0
2016-01,MUN,RJ|PARATY,glp,2,51.0,51.0,51.0,51.0,51.0
2016-01,MUN,RJ|PETROPOLIS,glp,7,49.9,49.0,52.52,49.0,54.8
2016-01,MUN,RJ|RESENDE,glp,6,55.0,50.0,55.0,50.0,55.0
2016-01,MUN,RJ|RIO BONITO,glp,3,42.0,42.0,42.0,42.0,42.0
2016-01,MUN,RJ|RIO DE JANEIRO,glp,66,50.0,41.95,55.975,39.99,65.0
2016-01,MUN,RJ|SANTO ANTONIO DE PADUA,glp,2,52.0,52.0,52.0,52.0,52.0
2016-01,MUN,RJ|SAO FRANCISCO DE ITABAPOANA,glp,2,55.0,55.0,55.0,55.0,55.0
2016-01,MUN,RJ|SAO GONCALO,glp,10,48.0,48.0,52.3,48.0,55.0
2016-01,MUN,RJ|SAO JOAO DE MERITI,glp,8,50.0,44.397,50.0,42.99,50.0
2016-01,MUN,RJ|SAPUCAIA,glp,2,54.75,54.55,54.95,54.5,55.0
2016-01,MUN,RJ|SAQUAREMA,glp,5,45.0,41.0,47.8,40.0,49.0
2016-01,MUN,RJ|TERESOPOLIS,glp,6,54.5,52.0,56.0,50.0,57.0
2016-01,MUN,RJ|TRES RIOS,glp,2,47.5,45.5,49.5,45.0,50.0
2016-01,MUN,RJ|VALENCA,glp,4,57.0,55.3,58.7,55.0,59.0
2016-01,MUN,RJ|VASSOURAS,glp,2,55.0,55.0,55.0,55.0,55.0
2016-01,MUN,RJ|VOLTA REDONDA,glp,8,55.25,53.82,58.3,53.4,59.0
2016-01,MUN,RN|CAICO,glp,4,55.0,55.0,55.0,55.0,55.0
2016-01,MUN,RN|MOSSORO,glp,8,55.0,53.5,56.5,50.0,60.0
2016-01,MUN,RN|NATAL,glp,68,55.0,55.0,56.45,50.0,60.0
2016-01,MUN,RN|PARNAMIRIM,glp,18,55.0,53.5,56.2,50.0,60.0
2016-01,MUN,RN|SANTA CRUZ,glp,1,55.0,55.0,55.0,55.0,55.0
2016-01,MUN,RN|SAO JOSE DE MIPIBU,glp,5,55.0,55.0,55.0,55.0,55.0
2016-01,MUN,RO|ARIQUEMES,glp,5,60.0,60.0,64.8,60.0,66.0
2016-01,MUN,RO|CACOAL,glp,4,65.0,65.0,65.0,65.0,65.0
2016-01,MUN,RO|GUAJARA-MIRIM,glp,4,57.5,55.6,59.4,55.0,60.0
2016-01,MUN,RO|JI-PARANA,glp,13,57.0,57.0,64.8,57.0,66.0
2016-01,MUN,RO|PIMENTA BUENO,glp,4,63.0,63.0,63.0,63.0,63.0
2016-01,MUN,RO|PORTO VELHO,glp,49,56.0,55.0,60.0,52.0,60.0
2016-01,MUN,RO|VILHENA,glp,8,63.5,62.7,65.6,62.0,67.0
2016-01,MUN,RR|BOA VISTA,glp,32,57.5,55.1,59.9,55.0,62.0
2016-01,MUN,RS|ALEGRETE,glp,7,46.5,44.2,49.2,43.0,51.0
2016-01,MUN,RS|ALVORADA,glp,7,55.0,50.0,60.0,50.0,60.0
2016-01,MUN,RS|BAGE,glp,25,60.0,59.1,60.6,58.0,63.0
2016-01,MUN,RS|BENTO GONCALVES,glp,4,60.0,57.3,62.7,57.0,63.0
2016-01,MUN,RS|CACAPAVA DO SUL,glp,8,55.0,49.4,55.0,48.0,55.0
2016-01,MUN,RS|CACHOEIRA DO SUL,glp,10,50.0,49.75,50.3,47.5,53.0
2016-01,MUN,RS|CACHOEIRINHA,glp,6,50.0,49.0,53.5,48.0,55.0
2016-01,MUN,RS|CANOAS,glp,19,55.0,50.0,58.0,49.9,65.0
2016-01,MUN,RS|CAXIAS DO SUL,glp,49,53.0,49.72,59.9,45.0,60.0
2016-01,MUN,RS|CRUZ ALTA,glp,4,39.995,39.962,41.4,39.95,42.0
2016-01,MUN,RS|ERECHIM,glp,7,57.0,50.0,60.8,50.0,62.0
2016-01,MUN,RS|ESTEIO,glp,11,56.0,52.0,58.0,50.0,58.0
2016-01,MUN,RS|GRAMADO,glp,4,56.0,55.0,57.0,55.0,57.0
2016-01,MUN,RS|GRAVATAI,glp,13,53.0,48.0,53.8,48.0,55.0
2016-01,MUN,RS|GUAIBA,glp,6,55.0,51.0,57.0,48.0,58.0
2016-01,MUN,RS|GUARANI DAS MISSOES,glp,1,50.0,50.0,50.0,50.0,50.0
2016-01,MUN,RS|IJUI,glp,9,50.0,45.8,51.0,45.0,55.0
2016-01,MUN,RS|LAJEADO,glp,11,50.0,50.0,54.0,49.0,55.0
2016-01,MUN,RS|NOVO HAMBURGO,glp,22,52.25,45.0,55.9,42.0,58.0
2016-01,MUN,RS|OSORIO,glp,5,65.0,57.8,66.8,55.0,68.0
2016-01,MUN,RS|PALMEIRA DAS MISSOES,glp,6,55.0,55.0,61.0,55.0,65.0
2016-01,MUN,RS|PASSO FUNDO,glp,27,52.0,47.6,55.0,45.0,58.0
2016-01,MUN,RS|PELOTAS,glp,29,52.0,47.8,55.0,40.0,58.5
2016-01,MUN,RS|PORTO ALEGRE,glp,54,57.7,51.93,63.0,49.0,66.0
2016-01,MUN,RS|RIO GRANDE,glp,13,48.0,45.0,48.0,45.0,50.0
2016-01,MUN,RS|SANTA CRUZ DO SUL,glp,16,52.0,52.0,56.0,50.0,61.0
2016-01,MUN,RS|SANTA MARIA,glp,81,59.0,53.0,62.0,48.0,65.0
2016-01,MUN,RS|SANTA ROSA,glp,6,51.5,50.0,53.5,50.0,55.0
2016-01,MUN,RS|SANTANA DO LIVRAMENTO,glp,15,55.0,55.0,55.0,50.0,55.0
2016-01,MUN,RS|SANTO ANGELO,glp,3,57.0,55.4,57.8,55.0,58.0
2016-01,MUN,RS|SAO BORJA,glp,6,55.0,55.0,56.25,55.0,57.5
2016-01,MUN,RS|SAO GABRIEL,glp,15,58.0,55.0,60.0,54.0,60.0
2016-01,MUN,RS|SAO LEOPOLDO,glp,10,53.0,49.5,58.1,45.0,59.0
2016-01,MUN,RS|SAO LUIZ GONZAGA,glp,6,53.75,51.5,56.5,50.0,56.5
2016-01,MUN,RS|SAPIRANGA,glp,5,55.0,48.4,55.0,44.0,55.0
2016-01,MUN,RS|SAPUCAIA DO SUL,glp,24,55.0,50.0,57.85,48.0,60.0
2016-01,MUN,RS|TORRES,glp,8,56.5,55.0,58.6,55.0,60.0
2016-01,MUN,RS|TRAMANDAI,glp,3,58.0,49.2,58.8,47.0,59.0
2016-01,MUN,RS|URUGUAIANA,glp,10,61.0,54.7,62.0,52.0,62.0
2016-01,MUN,RS|VACARIA,glp,7,55.0,50.0,55.0,50.0,55.0
2016-01,MUN,RS|VIAMAO,glp,15,58.0,55.0,62.0,55.0,62.0
2016-01,MUN,SC|ARARANGUA,glp,4,50.0,50.0,53.5,50.0,55.0
2016-01,MUN,SC|BALNEARIO CAMBORIU,glp,4,55.0,50.8,55.0,49.0,55.0
2016-01,MUN,SC|BIGUACU,glp,3,50.0,48.4,54.0,48.0,55.0
2016-01,MUN,SC|BLUMENAU,glp,7,60.0,60.0,60.0,60.0,60.0
2016-01,MUN,SC|BRUSQUE,glp,7,58.0,58.0,58.8,58.0,60.0
2016-01,MUN,SC|CACADOR,glp,5,56.0,53.0,58.0,53.0,58.0
2016-01,MUN,SC|CHAPECO,glp,11,60.0,59.0,63.0,58.0,64.5
2016-01,MUN,SC|CONCORDIA,glp,4,50.0,46.5,50.0,45.0,50.0
2016-01,MUN,SC|CRICIUMA,glp,12,48.0,47.55,50.0,45.0,55.0
2016-01,MUN,SC|FLORIANOPOLIS,glp,11,55.0,51.0,58.0,50.0,58.0
2016-01,MUN,SC|ITAJAI,glp,13,50.0,45.0,55.0,40.0,57.0
2016-01,MUN,SC|JARAGUA DO SUL,glp,6,53.225,50.625,56.5,49.5,58.0
2016-01,MUN,SC|JOINVILLE,glp,6,52.0,50.0,55.0,50.0,55.0
2016-01,MUN,SC|LAGES,glp,6,59.0,52.5,60.75,50.0,61.0
2016-01,MUN,SC|LAGUNA,glp,4,50.0,50.0,50.0,50.0,50.0
2016-01,MUN,SC|MAFRA,glp,4,58.9,55.9,63.44,55.0,65.0
2016-01,MUN,SC|PALHOCA,glp,5,52.0,50.0,55.0,50.0,55.0
2016-01,MUN,SC|SAO JOSE,glp,5,47.0,45.0,52.2,45.0,55.0
2016-01,MUN,SC|SAO MIGUEL DO OESTE,glp,4,54.0,52.65,56.33,52.5,56.9
2016-01,MUN,SC|TUBARAO,glp,7,48.0,48.0,50.0,48.0,50.0
2016-01,MUN,SC|VIDEIRA,glp,5,58.0,57.4,61.2,57.0,62.0
2016-01,MUN,SC|XANXERE,glp,4,58.0,57.65,60.1,57.5,61.0
2016-01,MUN,SE|ARACAJU,glp,34,55.0,52.3,57.0,45.0,60.0
2016-01,MUN,SE|ITABAIANA,glp,3,55.0,51.0,55.0,50.0,55.0
2016-01,MUN,SE|LAGARTO,glp,4,45.0,45.0,45.0,45.0,45.0
2016-01,MUN,SE|NOSSA SENHORA DO SOCORRO,glp,10,53.75,52.9,55.0,52.0,55.0
2016-01,MUN,SP|ADAMANTINA,glp,4,65.0,65.0,65.0,65.0,65.0
2016-01,MUN,SP|AMERICANA,glp,20,56.5,55.0,62.0,55.0,62.0
2016-01,MUN,SP|AMPARO,glp,5,56.0,56.0,57.6,56.0,58.0
2016-01,MUN,SP|ARACATUBA,glp,53,50.0,50.0,53.0,39.0,55.0
2016-01,MUN,SP|ARARAQUARA,glp,16,59.5,53.45,65.0,50.0,65.0
2016-01,MUN,SP|ARARAS,glp,12,50.0,49.9,59.58,49.9,60.0
2016-01,MUN,SP|ASSIS,glp,8,50.0,47.4,50.0,46.0,50.0
2016-01,MUN,SP|ATIBAIA,glp,14,56.5,49.0,62.0,48.0,62.0
2016-01,MUN,SP|AVARE,glp,8,57.5,53.5,60.0,50.0,60.0
2016-01,MUN,SP|BARRETOS,glp,5,50.0,48.0,51.8,48.0,53.0
2016-01,MUN,SP|BARUERI,glp,28,49.998,45.0,57.15,44.0,60.0
2016-01,MUN,SP|BAURU,glp,55,55.0,50.0,60.0,46.9,62.0
2016-01,MUN,SP|BEBEDOURO,glp,13,55.0,50.0,55.0,48.0,55.0
2016-01,MUN,SP|BIRIGUI,glp,20,50.0,45.0,55.0,45.0,55.0
2016-01,MUN,SP|BOTUCATU,glp,11,45.0,45.0,50.0,45.0,53.0
2016-01,MUN,SP|BRAGANCA PAULISTA,glp,7,50.0,49.2,50.0,48.0,50.0
2016-01,MUN,SP|CACAPAVA,glp,5,50.0,46.379,51.6,43.965,52.0
2016-01,MUN,SP|CAMPINAS,glp,42,51.0,49.0,55.0,45.0,62.0
2016-01,MUN,SP|CAMPOS DO JORDAO,glp,6,45.0,42.75,45.0,40.5,45.0
2016-01,MUN,SP|CAPAO BONITO,glp,3,55.0,55.0,55.0,55.0,55.0
2016-01,MUN,SP|CARAGUATATUBA,glp,3,50.0,48.4,50.0,48.0,50.0
2016-01,MUN,SP|CARAPICUIBA,glp,14,48.0,45.897,52.099,44.995,55.0
2016-01,MUN,SP|CATANDUVA,glp,20,50.0,46.8,50.4,40.0,54.9
2016-01,MUN,SP|COSMOPOLIS,glp,7,55.0,54.6,57.0,54.0,57.0
2016-01,MUN,SP|COTIA,glp,10,55.0,53.1,55.0,45.0,55.0
2016-01,MUN,SP|CRUZEIRO,glp,7,47.0,43.0,52.0,40.0,55.0
2016-01,MUN,SP|CUBATAO,glp,5,58.0,55.4,65.0,55.0,65.0
2016-01,MUN,SP|DIADEMA,glp,25,50.0,47.394,51.996,45.0,55.0
2016-01,MUN,SP|DRACENA,glp,3,60.0,56.0,60.0,55.0,60.0
2016-01,MUN,SP|ELISIARIO,glp,1,50.0,50.0,50.0,50.0,50.0
2016-01,MUN,SP|EMBU DAS ARTES,glp,5,50.0,50.0,52.4,50.0,54.0
2016-01,MUN,SP|FERNANDOPOLIS,glp,1,53.0,53.0,53.0,53.0,53.0
2016-01,MUN,SP|FRANCA,glp,36,49.0,45.725,50.0,44.99,50.0
2016-01,MUN,SP|GARCA,glp,4,55.0,51.5,55.175,50.0,55.25
2016-01,MUN,SP|GUARATINGUETA,glp,14,48.0,40.6,56.0,40.0,59.9
2016-01,MUN,SP|GUARUJA,glp,18,51.0,48.0,58.0,47.99,59.0
2016-01,MUN,SP|GUARULHOS,glp,40,50.0,40.0,55.0,40.0,56.0
2016-01,MUN,SP|HORTOLANDIA,glp,8,52.0,50.0,57.3,50.0,58.0
2016-01,MUN,SP|IBITINGA,glp,8,52.0,50.0,55.0,50.0,55.0
2016-01,MUN,SP|INDAIATUBA,glp,14,46.0,45.0,55.0,43.0,55.0
2016-01,MUN,SP|ITANHAEM,glp,3,48.0,46.4,48.0,46.0,48.0
2016-01,MUN,SP|ITAPECERICA DA SERRA,glp,6,55.0,52.5,57.5,50.0,60.0
2016-01,MUN,SP|ITAPETININGA,glp,15,53.0,50.0,57.6,41.0,58.0
2016-01,MUN,SP|ITAPEVA,glp,5,55.0,54.0,56.8,54.0,58.0
2016-01,MUN,SP|ITAPEVI,glp,7,48.0,44.794,53.996,40.0,59.99
2016-01,MUN,SP|ITAPIRA,glp,3,52.0,52.0,53.6,52.0,54.0
2016-01,MUN,SP|ITAPOLIS,glp,13,55.0,55.0,57.0,48.0,58.0
2016-01,MUN,SP|ITAQUAQUECETUBA,glp,13,43.0,40.1,47.392,39.0,48.0
2016-01,MUN,SP|ITATIBA,glp,4,54.5,52.6,57.1,52.0,58.0
2016-01,MUN,SP|ITU,glp,7,48.0,45.594,48.4,45.0,49.0
2016-01,MUN,SP|JABOTICABAL,glp,6,46.5,45.0,52.5,45.0,55.0
2016-01,MUN,SP|JACAREI,glp,12,49.0,45.1,56.7,45.0,58.0
2016-01,MUN,SP|JALES,glp,4,53.0,50.9,54.4,50.0,55.0
2016-01,MUN,SP|JANDIRA,glp,12,50.0,47.1,50.0,46.0,54.0
2016-01,MUN,SP|JAU,glp,10,63.5,60.0,65.0,60.0,65.0
2016-01,MUN,SP|JOSE BONIFACIO,glp,4,51.5,50.0,53.7,50.0,54.0
2016-01,MUN,SP|JUNDIAI,glp,8,51.0,50.0,56.17,50.0,58.9
2016-01,MUN,SP|LEME,glp,13,50.0,45.2,59.0,45.0,59.0
2016-01,MUN,SP|LIMEIRA,glp,17,50.0,48.0,55.0,45.0,55.0
2016-01,MUN,SP|LINS,glp,10,60.0,59.5,60.0,55.0,60.0
2016-01,MUN,SP|LORENA,glp,12,46.25,40.15,48.9,40.0,50.0
2016-01,MUN,SP|MARILIA,glp,7,53.0,51.2,53.0,50.0,53.0
2016-01,MUN,SP|MATAO,glp,10,52.5,49.9,56.4,49.0,60.0
2016-01,MUN,SP|MAUA,glp,30,54.45,48.0,57.0,43.0,58.0
2016-01,MUN,SP|MIRASSOL,glp,10,47.5,45.0,50.0,45.0,50.0
2016-01,MUN,SP|MOCOCA,glp,6,55.0,54.0,55.0,53.0,55.0
2016-01,MUN,SP|MOGI DAS CRUZES,glp,34,54.0,47.15,56.97,40.0,59.0
2016-01,MUN,SP|MOGI GUACU,glp,14,54.5,50.0,55.0,48.0,59.0
2016-01,MUN,SP|MOGI MIRIM,glp,8,46.5,44.4,53.0,43.0,60.0
2016-01,MUN,SP|MONTE ALTO,glp,8,50.0,49.37,54.9,47.9,57.0
2016-01,MUN,SP|OLIMPIA,glp,6,42.5,40.0,46.995,40.0,48.99
2016-01,MUN,SP|OSASCO,glp,65,49.995,47.99,56.594,44.0,68.99
2016-01,MUN,SP|OURINHOS,glp,14,51.5,48.0,57.0,48.0,57.0
2016-01,MUN,SP|PARAGUACU PAULISTA,glp,11,60.0,55.0,60.0,55.0,60.0
2016-01,MUN,SP|PATROCINIO PAULISTA,glp,1,49.9,49.9,49.9,49.9,49.9
2016-01,MUN,SP|PAULINIA,glp,12,48.5,44.1,54.5,44.0,55.0
2016-01,MUN,SP|PINDAMONHANGABA,glp,6,48.0,45.0,50.0,45.0,50.0
2016-01,MUN,SP|PIRACICABA,glp,21,61.0,57.0,65.0,50.0,65.0
2016-01,MUN,SP|PIRASSUNUNGA,glp,2,49.85,49.73,49.97,49.7,50.0
2016-01,MUN,SP|POA,glp,8,50.5,47.1,53.3,45.0,54.0
2016-01,MUN,SP|PORTO FERREIRA,glp,2,45.5,45.1,45.9,45.0,46.0
2016-01,MUN,SP|PRAIA GRANDE,glp,35,50.99,47.0,61.2,45.99,69.0
2016-01,MUN,SP|PRESIDENTE PRUDENTE,glp,26,55.0,50.0,60.0,45.0,61.5
2016-01,MUN,SP|PRESIDENTE VENCESLAU,glp,5,47.0,44.7,48.4,43.5,49.0
2016-01,MUN,SP|RIBEIRAO PIRES,glp,11,49.995,48.45,50.0,48.0,50.0
2016-01,MUN,SP|RIBEIRAO PRETO,glp,61,55.0,48.0,60.0,45.0,63.0
2016-01,MUN,SP|RIO CLARO,glp,6,50.0,49.0,54.5,48.0,55.0
2016-01,MUN,SP|SALTO,glp,9,47.0,44.2,52.6,41.0,55.0
2016-01,MUN,SP|SANTA BARBARA D'OESTE,glp,17,55.0,50.0,58.2,50.0,60.0
2016-01,MUN,SP|SANTA CRUZ DO RIO PARDO,glp,12,52.25,50.0,54.8,50.0,57.5
2016-01,MUN,SP|SANTO ANDRE,glp,34,50.0,47.993,59.1,39.99,63.0
2016-01,MUN,SP|SANTOS,glp,27,56.0,47.0,61.2,45.99,67.9
2016-01,MUN,SP|SAO BERNARDO DO CAMPO,glp,49,53.0,47.792,61.192,45.0,69.9
2016-01,MUN,SP|SAO CAETANO DO SUL,glp,5,55.0,55.0,62.996,55.0,65.0
2016-01,MUN,SP|SAO CARLOS,glp,21,55.0,54.9,58.0,52.0,63.0
2016-01,MUN,SP|SAO JOAO DA BOA VISTA,glp,9,55.0,53.0,55.6,53.0,58.0
2016-01,MUN,SP|SAO JOAQUIM DA BARRA,glp,6,48.25,45.0,55.0,45.0,60.0
2016-01,MUN,SP|SAO JOSE DO RIO PRETO,glp,74,53.0,50.0,55.0,45.0,60.0
2016-01,MUN,SP|SAO JOSE DOS CAMPOS,glp,24,51.5,45.0,54.7,42.0,58.0
2016-01,MUN,SP|SAO PAULO,glp,196,50.0,44.99,58.0,39.95,63.0
2016-01,MUN,SP|SAO ROQUE,glp,7,53.0,50.0,56.2,50.0,58.0
2016-01,MUN,SP|SAO VICENTE,glp,50,52.0,47.44,60.0,45.0,62.0
2016-01,MUN,SP|SERTAOZINHO,glp,11,50.0,45.0,53.0,45.0,54.0
2016-01,MUN,SP|SOROCABA,glp,19,50.0,47.98,56.0,47.0,62.0
2016-01,MUN,SP|SUMARE,glp,8,55.0,54.1,55.0,52.0,55.0
2016-01,MUN,SP|SUZANO,glp,11,50.0,50.0,59.0,46.0,59.0
2016-01,MUN,SP|TABOAO DA SERRA,glp,6,50.0,48.5,51.0,47.0,52.0
2016-01,MUN,SP|TATUI,glp,8,57.0,55.0,60.3,55.0,61.0
2016-01,MUN,SP|TAUBATE,glp,11,50.0,46.0,55.0,45.0,55.0
2016-01,MUN,SP|TUPA,glp,6,60.0,58.75,60.0,57.5,60.0
2016-01,MUN,SP|UBATUBA,glp,11,50.0,45.0,58.0,45.0,60.0
2016-01,MUN,SP|VALINHOS,glp,8,57.0,55.7,57.9,55.0,60.0
2016-01,MUN,SP|VARZEA PAULISTA,glp,6,45.5,41.25,48.0,40.0,50.0
2016-01,MUN,SP|VINHEDO,glp,4,59.0,58.3,60.4,58.0,61.0
2016-01,MUN,SP|VOTORANTIM,glp,17,54.0,50.0,55.0,45.0,56.0
2016-01,MUN,SP|VOTUPORANGA,glp,4,52.0,48.6,54.7,48.0,55.0
2016-01,MUN,TO|ARAGUAINA,glp,12,70.0,68.2,74.7,65.0,75.0
2016-01,MUN,TO|GUARAI,glp,1,70.0,70.0,70.0,70.0,70.0
2016-01,MUN,TO|GURUPI,glp,35,65.0,65.0,68.0,60.0,75.0
2016-01,MUN,TO|PALMAS,glp,30,73.0,72.0,75.0,72.0,76.0
2016-01,MUN,TO|PARAISO DO TOCANTINS,glp,6,65.0,65.0,68.0,65.0,68.0
2016-01,MUN,TO|PORTO NACIONAL,glp,11,60.0,60.0,60.0,57.5,65.0
2016-01,UF,AC,glp,81,58.0,54.0,62.0,52.0,72.0
2016-01,UF,AL,glp,91,55.0,45.0,55.0,42.0,55.0
2016-01,UF,AM,glp,279,50.0,48.0,52.0,45.0,61.0
2016-01,UF,AP,glp,21,68.5,66.0,69.0,63.0,69.0
2016-01,UF,BA,glp,515,50.0,42.0,56.0,35.0,63.0
2016-01,UF,CE,glp,228,60.0,55.0,63.5,52.5,65.0
2016-01,UF,DF,glp,82,56.0,50.0,60.0,50.0,65.0
2016-01,UF,ES,glp,308,50.0,49.9,55.0,41.0,62.0
2016-01,UF,GO,glp,315,55.0,52.0,58.0,50.0,63.0
2016-01,UF,MA,glp,151,55.0,45.0,60.0,39.99,65.0
2016-01,UF,MG,glp,689,58.0,50.0,62.0,40.0,68.0
2016-01,UF,MS,glp,447,66.0,63.0,67.0,50.0,72.0
2016-01,UF,MT,glp,233,72.0,65.0,75.0,63.0,82.5
2016-01,UF,PA,glp,200,58.0,55.0,68.0,45.0,72.0
2016-01,UF,PB,glp,88,50.0,40.0,55.0,39.0,60.0
2016-01,UF,PE,glp,342,45.0,40.0,50.0,39.99,60.0
2016-01,UF,PI,glp,80,50.0,50.0,59.1,45.0,60.0
2016-01,UF,PR,glp,596,60.0,50.0,66.0,42.0,72.4
2016-01,UF,RJ,glp,278,50.0,45.0,58.0,39.99,65.0
2016-01,UF,RN,glp,104,55.0,55.0,56.0,50.0,60.0
2016-01,UF,RO,glp,87,57.0,55.0,65.0,52.0,67.0
2016-01,UF,RR,glp,32,57.5,55.1,59.9,55.0,62.0
2016-01,UF,RS,glp,587,55.0,48.3,60.0,39.95,68.0
2016-01,UF,SC,glp,137,55.0,48.0,60.0,40.0,65.0
2016-01,UF,SE,glp,51,55.0,47.0,57.0,45.0,60.0
2016-01,UF,SP,glp,1851,50.99,45.0,60.0,39.0,69.9
2016-01,UF,TO,glp,95,68.0,60.0,75.0,57.5,76.0
2016-02,BR,BR,glp,8007,55.0,47.0,65.0,35.0,82.0
2016-02,MUN,AC|CRUZEIRO DO SUL,glp,4,68.0,67.3,68.0,67.0,68.0
2016-02,MUN,AC|RIO BRANCO,glp,60,57.0,55.0,60.0,53.0,64.5
2016-02,MUN,AL|ARAPIRACA,glp,15,45.0,42.0,49.2,40.0,50.0
2016-02,MUN,AL|ATALAIA,glp,1,45.0,45.0,45.0,45.0,45.0
2016-02,MUN,AL|DELMIRO GOUVEIA,glp,3,55.0,55.0,55.0,55.0,55.0
2016-02,MUN,AL|MACEIO,glp,56,55.0,50.0,55.0,50.0,55.0
2016-02,MUN,AL|MARECHAL DEODORO,glp,6,52.5,50.0,55.0,50.0,55.0
2016-02,MUN,AL|PALMEIRA DOS INDIOS,glp,5,55.0,55.0,55.0,55.0,55.0
2016-02,MUN,AL|RIO LARGO,glp,8,46.5,45.0,52.9,45.0,55.0
2016-02,MUN,AL|SANTANA DO IPANEMA,glp,3,55.0,55.0,55.0,55.0,55.0
2016-02,MUN,AM|HUMAITA,glp,4,56.5,55.0,58.0,55.0,58.0
2016-02,MUN,AM|ITACOATIARA,glp,13,56.0,55.0,60.0,55.0,60.0
2016-02,MUN,AM|MANACAPURU,glp,5,57.0,57.0,57.6,57.0,58.0
2016-02,MUN,AM|MANAUS,glp,253,50.0,49.0,52.0,46.0,58.0
2016-02,MUN,AM|PARINTINS,glp,5,49.0,48.4,51.2,48.0,52.0
2016-02,MUN,AM|TEFE,glp,2,61.0,61.0,61.0,61.0,61.0
2016-02,MUN,AP|LARANJAL DO JARI,glp,1,69.0,69.0,69.0,69.0,69.0
2016-02,MUN,AP|MACAPA,glp,15,69.0,65.8,69.0,63.0,70.0
2016-02,MUN,AP|SANTANA,glp,5,66.0,63.8,67.6,63.0,68.0
2016-02,MUN,BA|ALAGOINHAS,glp,5,58.0,56.0,58.0,56.0,58.0
2016-02,MUN,BA|BARREIRAS,glp,10,55.0,53.0,63.0,53.0,63.0
2016-02,MUN,BA|BRUMADO,glp,4,53.0,53.0,54.4,53.0,55.0
2016-02,MUN,BA|CAETITE,glp,6,45.0,44.0,45.0,43.0,45.0
2016-02,MUN,BA|CAMACARI,glp,19,55.0,50.0,57.92,50.0,60.0
2016-02,MUN,BA|CANDEIAS,glp,5,50.0,50.0,50.6,50.0,51.0
2016-02,MUN,BA|CENTRAL,glp,1,40.0,40.0,40.0,40.0,40.0
2016-02,MUN,BA|EUNAPOLIS,glp,13,55.0,55.0,57.6,52.0,60.0
2016-02,MUN,BA|FEIRA DE SANTANA,glp,28,49.9,48.0,52.93,47.0,53.0
2016-02,MUN,BA|GUANAMBI,glp,16,40.0,40.0,40.0,40.0,40.0
2016-02,MUN,BA|ILHEUS,glp,6,56.0,55.0,58.455,55.0,59.91
2016-02,MUN,BA|IPIRA,glp,4,48.0,42.4,50.8,40.0,52.0
2016-02,MUN,BA|IRECE,glp,7,42.0,39.6,47.4,39.0,48.0
2016-02,MUN,BA|ITABUNA,glp,8,52.5,49.1,55.65,47.0,56.0
2016-02,MUN,BA|ITAMARAJU,glp,4,53.75,53.15,54.7,53.0,55.0
2016-02,MUN,BA|JACOBINA,glp,4,51.5,50.0,53.0,50.0,53.0
2016-02,MUN,BA|JAGUAQUARA,glp,6,42.0,38.5,42.0,37.0,42.0
2016-02,MUN,BA|JEQUIE,glp,12,38.0,37.0,43.0,35.0,45.0
2016-02,MUN,BA|JUAZEIRO,glp,6,47.0,45.0,50.0,45.0,50.0
2016-02,MUN,BA|LAURO DE FREITAS,glp,17,52.0,50.0,57.4,50.0,60.0
2016-02,MUN,BA|LIVRAMENTO DE NOSSA SENHORA,glp,3,50.0,42.0,50.0,40.0,50.0
2016-02,MUN,BA|PAULO AFONSO,glp,5,54.0,52.8,56.2,52.0,57.0
2016-02,MUN,BA|POCOES,glp,6,45.0,42.5,45.0,40.0,45.0
2016-02,MUN,BA|PORTO SEGURO,glp,9,48.0,43.4,55.2,43.0,60.0
2016-02,MUN,BA|SALVADOR,glp,260,53.0,42.0,56.0,38.0,60.0
2016-02,MUN,BA|SANTANOPOLIS,glp,1,53.0,53.0,53.0,53.0,53.0
2016-02,MUN,BA|SANTO ANTONIO DE JESUS,glp,8,46.0,45.0,48.6,45.0,50.0
2016-02,MUN,BA|SENHOR DO BONFIM,glp,2,52.5,50.5,54.5,50.0,55.0
2016-02,MUN,BA|SERRINHA,glp,6,40.0,40.0,47.5,40.0,50.0
2016-02,MUN,BA|SIMOES FILHO,glp,7,50.0,50.0,55.0,50.0,55.0
2016-02,MUN,BA|TEIXEIRA DE FREITAS,glp,7,50.0,50.0,54.4,50.0,58.0
2016-02,MUN,BA|VALENCA,glp,5,55.0,55.0,56.8,55.0,58.0
2016-02,MUN,BA|VARZEDO,glp,1,45.0,45.0,45.0,45.0,45.0
2016-02,MUN,BA|VITORIA DA CONQUISTA,glp,8,50.0,45.0,53.3,45.0,54.0
2016-02,MUN,CE|BEBERIBE,glp,4,60.0,58.6,60.35,58.0,60.5
2016-02,MUN,CE|CANINDE,glp,4,57.5,55.0,60.0,55.0,60.0
2016-02,MUN,CE|CAUCAIA,glp,24,55.0,55.0,60.0,50.0,65.0
2016-02,MUN,CE|CRATEUS,glp,4,60.0,56.5,60.0,55.0,60.0
2016-02,MUN,CE|CRATO,glp,14,55.0,55.0,58.0,50.0,59.0
2016-02,MUN,CE|FORTALEZA,glp,133,60.0,57.5,63.5,55.0,65.0
2016-02,MUN,CE|ICO,glp,4,55.0,51.5,56.05,50.0,56.5
2016-02,MUN,CE|IGUATU,glp,3,50.0,50.0,54.0,50.0,55.0
2016-02,MUN,CE|IPU,glp,2,55.0,55.0,55.0,55.0,55.0
2016-02,MUN,CE|ITAPIPOCA,glp,5,55.0,55.0,56.6,55.0,57.0
2016-02,MUN,CE|JUAZEIRO DO NORTE,glp,10,55.0,55.0,59.0,55.0,59.0
2016-02,MUN,CE|LIMOEIRO DO NORTE,glp,4,57.0,55.6,58.015,55.0,58.45
2016-02,MUN,CE|MARACANAU,glp,9,60.0,55.0,61.0,55.0,65.0
2016-02,MUN,CE|MISSAO VELHA,glp,1,55.0,55.0,55.0,55.0,55.0
2016-02,MUN,CE|MORADA NOVA,glp,3,59.45,55.89,59.89,55.0,60.0
2016-02,MUN,CE|QUIXADA,glp,5,56.0,53.8,58.4,53.0,60.0
2016-02,MUN,CE|SOBRAL,glp,8,54.0,51.4,55.0,50.0,55.0
2016-02,MUN,DF|BRASILIA,glp,77,56.0,50.0,60.0,50.0,65.0
2016-02,MUN,ES|ARACRUZ,glp,7,52.0,45.8,53.8,44.0,55.0
2016-02,MUN,ES|BARRA DE SAO FRANCISCO,glp,4,57.5,57.0,58.0,57.0,58.0
2016-02,MUN,ES|CACHOEIRO DE ITAPEMIRIM,glp,16,52.5,50.0,55.0,50.0,60.0
2016-02,MUN,ES|CARIACICA,glp,61,50.0,50.0,52.0,49.0,55.0
2016-02,MUN,ES|COLATINA,glp,9,50.0,47.8,52.5,47.0,52.5
2016-02,MUN,ES|GUARAPARI,glp,20,55.0,52.0,55.0,50.0,58.0
2016-02,MUN,ES|ITAPEMIRIM,glp,3,50.0,49.92,50.0,49.9,50.0
2016-02,MUN,ES|LINHARES,glp,16,55.0,51.25,60.0,49.0,60.0
2016-02,MUN,ES|MARATAIZES,glp,1,50.0,50.0,50.0,50.0,50.0
2016-02,MUN,ES|SAO MATEUS,glp,5,45.0,40.4,49.6,40.0,50.0
2016-02,MUN,ES|SERRA,glp,110,50.0,49.981,55.0,45.0,55.0
2016-02,MUN,ES|VILA VELHA,glp,35,50.0,49.936,55.0,49.9,55.0
2016-02,MUN,ES|VITORIA,glp,22,51.0,50.0,55.0,50.0,55.0
2016-02,MUN,GO|AGUAS LINDAS DE GOIAS,glp,9,55.0,55.0,55.0,55.0,55.0
2016-02,MUN,GO|ANAPOLIS,glp,40,52.0,50.0,53.0,50.0,55.0
2016-02,MUN,GO|APARECIDA DE GOIANIA,glp,32,53.0,52.0,55.0,52.0,56.0
2016-02,MUN,GO|CALDAS NOVAS,glp,11,58.0,56.0,60.0,56.0,60.0
2016-02,MUN,GO|CATALAO,glp,9,52.0,52.0,53.4,52.0,55.0
2016-02,MUN,GO|FORMOSA,glp,11,56.0,55.0,57.0,54.0,57.0
2016-02,MUN,GO|GOIANIA,glp,69,57.0,55.0,58.0,55.0,60.0
2016-02,MUN,GO|GOIATUBA,glp,4,57.0,57.0,57.0,57.0,57.0
2016-02,MUN,GO|ITUMBIARA,glp,8,60.0,59.0,60.3,59.0,61.0
2016-02,MUN,GO|JATAI,glp,19,60.0,56.8,63.0,56.0,63.0
2016-02,MUN,GO|LUZIANIA,glp,19,55.0,53.8,55.6,53.0,57.0
2016-02,MUN,GO|MINEIROS,glp,5,58.0,58.0,59.2,58.0,60.0
2016-02,MUN,GO|MORRINHOS,glp,7,57.0,56.2,57.4,55.0,58.0
2016-02,MUN,GO|PONTALINA,glp,1,55.0,55.0,55.0,55.0,55.0
2016-02,MUN,GO|PORANGATU,glp,15,55.0,54.0,55.0,54.0,55.0
2016-02,MUN,GO|RIO VERDE,glp,14,58.0,56.0,58.0,56.0,58.0
2016-02,MUN,GO|TRINDADE,glp,19,55.0,53.6,55.0,52.0,56.0
2016-02,MUN,GO|VALPARAISO DE GOIAS,glp,10,55.5,54.9,56.0,54.0,56.0
2016-02,MUN,MA|ACAILANDIA,glp,3,50.0,48.0,50.0,47.5,50.0
2016-02,MUN,MA|BACABAL,glp,3,60.0,60.0,60.0,60.0,60.0
2016-02,MUN,MA|BALSAS,glp,4,65.0,65.0,65.0,65.0,65.0
2016-02,MUN,MA|BARRA DO CORDA,glp,5,57.0,57.0,57.0,57.0,57.0
2016-02,MUN,MA|CAXIAS,glp,2,65.0,65.0,65.0,65.0,65.0
2016-02,MUN,MA|CODO,glp,3,60.0,60.0,60.4,60.0,60.5
2016-02,MUN,MA|IMPERATRIZ,glp,35,57.5,56.0,57.5,52.5,60.0
2016-02,MUN,MA|PINHEIRO,glp,3,65.0,63.4,65.0,63.0,65.0
2016-02,MUN,MA|PRESIDENTE DUTRA,glp,3,57.5,57.5,59.5,57.5,60.0
2016-02,MUN,MA|SANTA INES,glp,3,60.0,60.0,61.6,60.0,62.0
2016-02,MUN,MA|SAO DOMINGOS DO MARANHAO,glp,3,50.0,46.0,54.0,45.0,55.0
2016-02,MUN,MA|SAO JOSE DE RIBAMAR,glp,9,48.0,45.0,49.2,45.0,50.0
2016-02,MUN,MA|SAO LUIS,glp,59,50.0,45.0,50.0,39.99,50.0
2016-02,MUN,MA|SAO VICENTE FERRER,glp,1,65.0,65.0,65.0,65.0,65.0
2016-02,MUN,MA|TIMON,glp,3,55.0,55.0,55.0,55.0,55.0
2016-02,MUN,MG|ALFENAS,glp,8,48.0,45.0,50.0,45.0,50.0
2016-02,MUN,MG|ARAGUARI,glp,7,60.0,59.6,60.4,59.0,61.0
2016-02,MUN,MG|ARAXA,glp,6,61.0,60.0,62.0,60.0,62.0
2016-02,MUN,MG|BARBACENA,glp,14,59.5,58.0,60.0,58.0,60.0
2016-02,MUN,MG|BELO HORIZONTE,glp,40,60.0,55.0,65.0,49.0,65.0
2016-02,MUN,MG|BETIM,glp,15,61.0,60.0,62.6,58.5,64.0
2016-02,MUN,MG|BOM DESPACHO,glp,3,60.0,60.0,60.0,60.0,60.0
2016-02,MUN,MG|CAMPO BELO,glp,6,51.75,50.75,54.25,50.5,55.0
2016-02,MUN,MG|CARATINGA,glp,3,53.0,52.6,53.0,52.5,53.0
2016-02,MUN,MG|CATAGUASES,glp,4,56.0,55.0,57.0,55.0,57.0
2016-02,MUN,MG|CONGONHAS,glp,7,55.0,55.0,55.0,55.0,55.0
2016-02,MUN,MG|CONSELHEIRO LAFAIETE,glp,8,50.0,47.1,50.9,45.0,53.0
2016-02,MUN,MG|CONTAGEM,glp,22,62.0,60.55,64.0,56.0,66.0
2016-02,MUN,MG|CORONEL FABRICIANO,glp,6,60.0,54.0,60.0,53.0,60.0
2016-02,MUN,MG|CURVELO,glp,7,50.0,44.6,53.2,44.0,55.0
2016-02,MUN,MG|DIAMANTINA,glp,3,62.0,60.8,62.0,60.5,62.0
2016-02,MUN,MG|DIVINOPOLIS,glp,17,55.0,55.0,59.4,54.0,60.0
2016-02,MUN,MG|FORMIGA,glp,10,58.0,57.95,60.0,57.5,60.0
2016-02,MUN,MG|FRUTAL,glp,6,48.0,47.9,50.0,47.9,50.0
2016-02,MUN,MG|GOVERNADOR VALADARES,glp,8,57.0,55.0,57.0,55.0,57.0
2016-02,MUN,MG|GUAXUPE,glp,7,50.0,48.8,54.94,47.0,55.0
2016-02,MUN,MG|IPATINGA,glp,16,55.0,52.5,58.0,50.0,58.0
2016-02,MUN,MG|ITABIRA,glp,5,64.0,63.4,64.6,63.0,65.0
2016-02,MUN,MG|ITAJUBA,glp,6,50.0,48.0,53.45,48.0,54.9
2016-02,MUN,MG|ITAUNA,glp,8,50.0,48.0,56.5,48.0,60.0
2016-02,MUN,MG|ITUIUTABA,glp,19,58.0,52.4,58.0,50.0,58.0
2016-02,MUN,MG|JANAUBA,glp,2,49.5,49.1,49.9,49.0,50.0
2016-02,MUN,MG|JANUARIA,glp,7,56.0,55.0,58.0,55.0,58.0
2016-02,MUN,MG|JOAO MONLEVADE,glp,8,59.0,58.0,60.0,58.0,60.0
2016-02,MUN,MG|JOAO PINHEIRO,glp,13,55.0,51.0,59.8,49.0,60.0
2016-02,MUN,MG|JUIZ DE FORA,glp,35,55.0,50.0,61.2,48.0,68.0
2016-02,MUN,MG|LAVRAS,glp,8,54.0,48.5,58.6,45.0,60.0
2016-02,MUN,MG|LEOPOLDINA,glp,7,57.0,54.2,58.0,50.0,58.0
2016-02,MUN,MG|MANHUACU,glp,6,47.5,47.0,48.0,47.0,48.0
2016-02,MUN,MG|MONTE CARMELO,glp,9,55.0,52.0,55.0,50.0,55.0
2016-02,MUN,MG|MONTES CLAROS,glp,60,60.0,60.0,60.0,59.0,61.0
2016-02,MUN,MG|MURIAE,glp,6,56.25,55.0,60.0,55.0,60.0
2016-02,MUN,MG|NOVA LIMA,glp,5,60.0,58.8,61.6,58.0,62.0
2016-02,MUN,MG|OLIVEIRA,glp,6,50.0,46.25,54.5,45.0,55.0
2016-02,MUN,MG|OURO PRETO,glp,4,60.5,60.0,61.0,60.0,61.0
2016-02,MUN,MG|PARA DE MINAS,glp,4,57.0,55.6,58.75,55.0,59.5
2016-02,MUN,MG|PARACATU,glp,10,60.0,54.5,65.0,50.0,65.0
2016-02,MUN,MG|PASSOS,glp,16,55.0,50.0,58.0,50.0,63.0
2016-02,MUN,MG|PATOS DE MINAS,glp,7,58.0,55.0,60.0,55.0,60.0
2016-02,MUN,MG|PATROCINIO,glp,5,59.0,57.8,60.0,57.0,60.0
2016-02,MUN,MG|POCOS DE CALDAS,glp,20,49.0,47.85,52.0,46.0,52.0
2016-02,MUN,MG|POUSO ALEGRE,glp,6,41.0,40.0,44.25,40.0,46.5
2016-02,MUN,MG|RIBEIRAO DAS NEVES,glp,18,60.0,59.85,62.0,57.0,64.0
2016-02,MUN,MG|SABARA,glp,10,60.5,57.0,62.05,57.0,62.5
2016-02,MUN,MG|SANTA LUZIA,glp,10,61.75,59.8,62.3,58.0,65.0
2016-02,MUN,MG|SAO JOAO DEL REI,glp,16,55.0,54.5,58.0,54.0,60.0
2016-02,MUN,MG|SAO LOURENCO,glp,3,57.0,55.4,59.4,55.0,60.0
2016-02,MUN,MG|SAO SEBASTIAO DO PARAISO,glp,16,55.0,49.5,55.0,48.0,55.0
2016-02,MUN,MG|SETE LAGOAS,glp,15,54.0,53.0,55.6,52.0,56.0
2016-02,MUN,MG|TEOFILO OTONI,glp,25,53.0,50.0,59.0,48.5,60.0
2016-02,MUN,MG|TIMOTEO,glp,6,57.25,53.0,61.25,50.0,62.5
2016-02,MUN,MG|TRES CORACOES,glp,8,50.0,47.0,55.0,47.0,55.0
2016-02,MUN,MG|UBA,glp,10,65.0,60.0,65.0,60.0,65.0
2016-02,MUN,MG|UBERABA,glp,15,50.0,49.0,50.0,49.0,50.0
2016-02,MUN,MG|UBERLANDIA,glp,26,60.0,57.0,62.0,55.0,64.0
2016-02,MUN,MG|UNAI,glp,6,65.0,65.0,65.0,65.0,65.0
2016-02,MUN,MG|VARGINHA,glp,13,50.0,49.2,52.4,48.0,54.0
2016-02,MUN,MG|VESPASIANO,glp,10,61.75,60.0,64.05,60.0,64.5
2016-02,MUN,MG|VICOSA,glp,3,60.0,60.0,60.0,60.0,60.0
2016-02,MUN,MS|CAMPO GRANDE,glp,374,66.0,64.0,67.0,58.0,69.0
2016-02,MUN,MS|CORUMBA,glp,5,60.0,60.0,60.0,60.0,60.0
2016-02,MUN,MS|COXIM,glp,7,71.0,70.0,73.2,70.0,75.0
2016-02,MUN,MS|DOURADOS,glp,28,65.0,60.0,67.0,56.0,68.0
2016-02,MUN,MS|NOVA ANDRADINA,glp,12,65.0,62.75,70.0,60.0,70.0
2016-02,MUN,MS|PARANAIBA,glp,11,65.0,65.0,65.0,65.0,65.0
2016-02,MUN,MS|PONTA PORA,glp,4,53.5,52.0,56.4,52.0,57.0
2016-02,MUN,MS|TRES LAGOAS,glp,10,50.0,44.5,50.5,40.0,55.0
2016-02,MUN,MT|ALTA FLORESTA,glp,6,75.0,75.0,77.5,75.0,80.0
2016-02,MUN,MT|CACERES,glp,8,71.0,70.0,72.0,70.0,72.0
2016-02,MUN,MT|CUIABA,glp,158,70.0,65.0,75.0,63.0,80.0
2016-02,MUN,MT|RONDONOPOLIS,glp,12,75.0,73.1,75.0,73.0,75.0
2016-02,MUN,MT|SINOP,glp,16,76.5,75.0,80.0,75.0,80.0
2016-02,MUN,MT|SORRISO,glp,8,80.0,80.0,82.0,80.0,82.0
2016-02,MUN,MT|VARZEA GRANDE,glp,42,70.0,68.0,75.0,63.0,75.0
2016-02,MUN,PA|ABAETETUBA,glp,6,50.5,48.0,55.5,48.0,56.0
2016-02,MUN,PA|ALENQUER,glp,3,65.0,61.0,71.0,60.0,72.5
2016-02,MUN,PA|ALTAMIRA,glp,8,65.0,63.5,65.6,60.0,67.0
2016-02,MUN,PA|ANANINDEUA,glp,25,57.0,55.0,60.0,52.5,60.0
2016-02,MUN,PA|BELEM,glp,76,56.5,53.5,58.0,45.0,58.0
2016-02,MUN,PA|BRAGANCA,glp,6,60.0,59.0,60.0,58.0,60.0
2016-02,MUN,PA|CAMETA,glp,6,55.0,52.0,57.5,51.5,60.0
2016-02,MUN,PA|CASTANHAL,glp,5,58.0,55.0,60.0,55.0,60.0
2016-02,MUN,PA|CONCEICAO DO ARAGUAIA,glp,6,64.0,60.0,65.0,60.0,65.0
2016-02,MUN,PA|ITAITUBA,glp,6,70.0,65.0,72.0,65.0,72.0
2016-02,MUN,PA|MARABA,glp,7,68.0,66.8,68.0,65.0,68.0
2016-02,MUN,PA|PARAGOMINAS,glp,4,70.0,68.95,70.0,68.5,70.0
2016-02,MUN,PA|PARAUAPEBAS,glp,3,65.0,65.0,65.8,65.0,66.0
2016-02,MUN,PA|REDENCAO,glp,5,70.0,68.8,70.0,68.0,70.0
2016-02,MUN,PA|SANTAREM,glp,24,55.0,54.3,56.0,52.0,60.0
2016-02,MUN,PA|XINGUARA,glp,6,68.0,66.5,68.0,65.0,68.0
2016-02,MUN,PB|BAYEUX,glp,7,50.0,45.0,50.0,45.0,50.0
2016-02,MUN,PB|CABEDELO,glp,8,55.0,51.05,55.0,50.0,55.0
2016-02,MUN,PB|CAMPINA GRANDE,glp,36,55.0,50.0,55.0,50.0,59.0
2016-02,MUN,PB|JOAO PESSOA,glp,26,47.25,45.0,51.5,40.0,55.0
2016-02,MUN,PB|PATOS,glp,5,45.0,42.0,48.4,40.0,50.0
2016-02,MUN,PB|SANTA RITA,glp,6,47.0,45.0,49.0,43.0,50.0
2016-02,MUN,PB|SOUSA,glp,3,44.0,43.2,44.8,43.0,45.0
2016-02,MUN,PE|ABREU E LIMA,glp,11,45.0,42.0,50.0,42.0,55.0
2016-02,MUN,PE|ARARIPINA,glp,3,53.0,50.6,57.0,50.0,58.0
2016-02,MUN,PE|ARCOVERDE,glp,4,50.0,50.0,53.5,50.0,55.0
2016-02,MUN,PE|BELO JARDIM,glp,4,47.5,41.5,50.0,40.0,50.0
2016-02,MUN,PE|CABO DE SANTO AGOSTINHO,glp,10,45.0,44.85,48.0,43.5,52.5
2016-02,MUN,PE|CACHOEIRINHA,glp,1,50.0,50.0,50.0,50.0,50.0
2016-02,MUN,PE|CAMARAGIBE,glp,14,46.25,43.95,51.4,42.0,52.5
2016-02,MUN,PE|CARUARU,glp,13,41.0,40.0,46.8,40.0,50.0
2016-02,MUN,PE|GARANHUNS,glp,6,52.5,50.0,56.5,50.0,58.0
2016-02,MUN,PE|GOIANA,glp,2,50.0,50.0,50.0,50.0,50.0
2016-02,MUN,PE|GRAVATA,glp,5,45.0,45.0,45.0,45.0,45.0
2016-02,MUN,PE|IGARASSU,glp,18,49.0,45.0,51.5,44.5,55.0
2016-02,MUN,PE|JABOATAO DOS GUARARAPES,glp,50,45.0,41.0,50.0,40.0,52.5
2016-02,MUN,PE|LAJEDO,glp,4,50.0,50.0,50.0,50.0,50.0
2016-02,MUN,PE|OLINDA,glp,28,42.5,40.0,48.25,39.99,55.0
2016-02,MUN,PE|PAULISTA,glp,15,50.0,45.0,55.3,44.9,58.0
2016-02,MUN,PE|PETROLINA,glp,16,50.0,46.25,50.0,45.0,50.0
2016-02,MUN,PE|RECIFE,glp,96,45.0,40.0,50.0,40.0,55.0
2016-02,MUN,PE|SALGUEIRO,glp,3,58.0,58.0,58.0,58.0,58.0
2016-02,MUN,PE|SANTA CRUZ DO CAPIBARIBE,glp,5,45.0,45.0,48.0,45.0,50.0
2016-02,MUN,PE|SERRA TALHADA,glp,3,58.0,58.0,58.0,58.0,58.0
2016-02,MUN,PE|VITORIA DE SANTO ANTAO,glp,15,50.0,50.0,55.0,50.0,55.0
2016-02,MUN,PI|CAMPO MAIOR,glp,3,61.0,61.0,61.0,61.0,61.0
2016-02,MUN,PI|PARNAIBA,glp,2,56.25,55.25,57.25,55.0,57.5
2016-02,MUN,PI|PICOS,glp,2,60.0,60.0,60.0,60.0,60.0
2016-02,MUN,PI|PIRIPIRI,glp,4,62.0,59.9,62.0,59.0,62.0
2016-02,MUN,PI|TERESINA,glp,63,55.0,55.0,55.0,52.5,55.0
2016-02,MUN,PR|ALMIRANTE TAMANDARE,glp,1,59.0,59.0,59.0,59.0,59.0
2016-02,MUN,PR|APUCARANA,glp,18,55.0,53.28,60.0,49.5,60.0
2016-02,MUN,PR|ARAPONGAS,glp,17,60.0,60.0,63.0,60.0,63.0
2016-02,MUN,PR|ARAUCARIA,glp,13,50.0,50.0,54.4,50.0,62.0
2016-02,MUN,PR|ASSIS CHATEAUBRIAND,glp,5,62.0,49.2,63.8,42.0,65.0
2016-02,MUN,PR|CAMBE,glp,15,55.0,52.8,60.0,50.0,60.0
2016-02,MUN,PR|CAMPO LARGO,glp,15,50.0,50.0,55.0,48.0,56.5
2016-02,MUN,PR|CAMPO MOURAO,glp,12,65.0,60.0,67.7,60.0,68.0
2016-02,MUN,PR|CASCAVEL,glp,86,66.0,65.0,67.0,65.0,67.0
2016-02,MUN,PR|CASTRO,glp,5,65.0,65.0,68.8,65.0,70.0
2016-02,MUN,PR|CIANORTE,glp,14,65.0,60.0,65.0,55.0,65.0
2016-02,MUN,PR|COLOMBO,glp,23,53.0,50.0,55.0,50.0,59.0
2016-02,MUN,PR|CORNELIO PROCOPIO,glp,3,55.0,55.0,58.2,55.0,59.0
2016-02,MUN,PR|CURITIBA,glp,54,56.0,52.23,60.0,47.9,60.9
2016-02,MUN,PR|CURIUVA,glp,1,55.0,55.0,55.0,55.0,55.0
2016-02,MUN,PR|FOZ DO IGUACU,glp,20,45.0,42.0,48.2,42.0,52.0
2016-02,MUN,PR|FRANCISCO BELTRAO,glp,7,56.0,52.0,57.0,52.0,57.0
2016-02,MUN,PR|GUARAPUAVA,glp,13,60.0,56.4,67.9,56.0,70.0
2016-02,MUN,PR|JESUITAS,glp,1,42.0,42.0,42.0,42.0,42.0
2016-02,MUN,PR|LARANJEIRAS DO SUL,glp,6,60.0,59.0,60.0,58.0,60.0
2016-02,MUN,PR|LONDRINA,glp,98,58.0,55.0,60.0,50.0,65.0
2016-02,MUN,PR|MARECHAL CANDIDO RONDON,glp,4,59.0,52.015,61.75,49.45,62.5
2016-02,MUN,PR|MARINGA,glp,41,65.0,60.0,65.0,60.0,68.0
2016-02,MUN,PR|PARANAGUA,glp,8,50.0,46.4,51.5,45.0,55.0
2016-02,MUN,PR|PARANAVAI,glp,11,63.0,60.0,63.0,58.0,65.0
2016-02,MUN,PR|PATO BRANCO,glp,13,65.0,65.0,69.41,63.9,69.95
2016-02,MUN,PR|PINHAIS,glp,16,54.5,49.0,56.5,48.0,57.0
2016-02,MUN,PR|PONTA GROSSA,glp,15,55.0,53.0,58.6,50.0,60.0
2016-02,MUN,PR|RAMILANDIA,glp,1,42.0,42.0,42.0,42.0,42.0
2016-02,MUN,PR|SANTO ANTONIO DA PLATINA,glp,14,53.5,50.0,56.7,50.0,65.0
2016-02,MUN,PR|SAO JOSE DOS PINHAIS,glp,17,53.0,48.2,56.2,47.0,59.9
2016-02,MUN,PR|TERRA BOA,glp,1,65.0,65.0,65.0,65.0,65.0
2016-02,MUN,PR|TOLEDO,glp,17,65.0,60.0,66.0,42.0,70.0
2016-02,MUN,PR|UMUARAMA,glp,20,64.75,63.45,66.0,63.0,66.0
2016-02,MUN,PR|UNIAO DA VITORIA,glp,3,60.0,56.0,60.0,55.0,60.0
2016-02,MUN,RJ|ANGRA DOS REIS,glp,5,55.0,51.8,55.0,50.0,55.0
2016-02,MUN,RJ|ARARUAMA,glp,7,43.0,43.0,48.2,43.0,50.0
2016-02,MUN,RJ|BARRA DO PIRAI,glp,3,54.95,50.99,58.99,50.0,60.0
2016-02,MUN,RJ|BARRA MANSA,glp,12,54.5,50.2,58.0,50.0,59.0
2016-02,MUN,RJ|BELFORD ROXO,glp,6,51.5,47.5,53.5,47.0,54.0
2016-02,MUN,RJ|CABO FRIO,glp,5,53.0,52.4,55.0,52.0,55.0
2016-02,MUN,RJ|CAMPOS DOS GOYTACAZES,glp,21,60.0,50.0,60.0,45.0,65.0
2016-02,MUN,RJ|DUQUE DE CAXIAS,glp,27,50.0,48.0,51.4,45.0,55.0
2016-02,MUN,RJ|ITABORAI,glp,5,50.0,50.0,50.0,50.0,50.0
2016-02,MUN,RJ|ITAGUAI,glp,3,48.9,45.78,48.9,45.0,48.9
2016-02,MUN,RJ|ITAPERUNA,glp,4,50.0,49.23,53.5,48.9,55.0
2016-02,MUN,RJ|MACAE,glp,5,50.0,50.0,55.0,50.0,57.0
2016-02,MUN,RJ|MAGE,glp,3,40.0,40.0,40.0,40.0,40.0
2016-02,MUN,RJ|MANGARATIBA,glp,2,49.95,49.91,49.99,49.9,50.0
2016-02,MUN,RJ|MARICA,glp,3,50.0,50.0,50.0,50.0,50.0
2016-02,MUN,RJ|NILOPOLIS,glp,4,53.5,50.6,55.0,50.0,55.0
2016-02,MUN,RJ|NITEROI,glp,7,52.0,48.0,53.2,48.0,55.0
2016-02,MUN,RJ|NOVA FRIBURGO,glp,5,65.0,65.0,65.0,65.0,65.0
2016-02,MUN,RJ|NOVA IGUACU,glp,20,50.0,45.0,55.0,42.0,55.0
2016-02,MUN,RJ|PARATY,glp,2,51.0,51.0,51.0,51.0,51.0
2016-02,MUN,RJ|PETROPOLIS,glp,7,49.9,49.0,52.52,49.0,54.8
2016-02,MUN,RJ|RESENDE,glp,6,55.0,50.0,55.0,50.0,55.0
2016-02,MUN,RJ|RIO BONITO,glp,3,42.0,42.0,42.0,42.0,42.0
2016-02,MUN,RJ|RIO DE JANEIRO,glp,67,50.0,41.96,55.38,39.99,61.9
2016-02,MUN,RJ|SANTO ANTONIO DE PADUA,glp,2,52.0,52.0,52.0,52.0,52.0
2016-02,MUN,RJ|SAO FRANCISCO DE ITABAPOANA,glp,2,55.0,55.0,55.0,55.0,55.0
2016-02,MUN,RJ|SAO GONCALO,glp,10,48.0,48.0,52.3,48.0,55.0
2016-02,MUN,RJ|SAO JOAO DE MERITI,glp,8,50.0,42.093,50.0,40.0,50.0
2016-02,MUN,RJ|SAPUCAIA,glp,2,54.5,54.1,54.9,54.0,55.0
2016-02,MUN,RJ|SAQUAREMA,glp,5,42.0,40.4,45.4,40.0,47.0
2016-02,MUN,RJ|TERESOPOLIS,glp,6,54.5,52.0,56.0,50.0,57.0
2016-02,MUN,RJ|TRES RIOS,glp,2,46.75,45.35,48.15,45.0,48.5
2016-02,MUN,RJ|VALENCA,glp,4,57.0,55.3,58.7,55.0,59.0
2016-02,MUN,RJ|VASSOURAS,glp,2,55.0,55.0,55.0,55.0,55.0
2016-02,MUN,RJ|VOLTA REDONDA,glp,7,54.0,53.0,57.94,53.0,58.0
2016-02,MUN,RN|CAICO,glp,4,55.0,54.3,55.35,54.0,55.5
2016-02,MUN,RN|MOSSORO,glp,8,55.0,55.0,55.9,55.0,58.0
2016-02,MUN,RN|NATAL,glp,67,55.0,55.0,57.7,50.0,60.0
2016-02,MUN,RN|PARNAMIRIM,glp,19,55.0,51.2,55.0,50.0,58.0
2016-02,MUN,RN|SANTA CRUZ,glp,1,55.0,55.0,55.0,55.0,55.0
2016-02,MUN,RN|SAO JOSE DE MIPIBU,glp,6,55.0,52.5,56.5,50.0,58.0
2016-02,MUN,RO|ARIQUEMES,glp,5,60.0,60.0,64.8,60.0,66.0
2016-02,MUN,RO|CACOAL,glp,4,65.0,65.0,65.0,65.0,65.0
2016-02,MUN,RO|GUAJARA-MIRIM,glp,5,58.0,55.8,59.6,55.0,60.0
2016-02,MUN,RO|JI-PARANA,glp,12,59.5,57.0,64.9,57.0,66.0
2016-02,MUN,RO|PIMENTA BUENO,glp,4,63.0,63.0,63.0,63.0,63.0
2016-02,MUN,RO|PORTO VELHO,glp,50,56.0,55.0,60.0,52.0,60.0
2016-02,MUN,RO|VILHENA,glp,8,63.5,61.2,65.95,60.5,67.0
2016-02,MUN,RR|BOA VISTA,glp,26,58.0,55.0,59.5,55.0,62.0
2016-02,MUN,RS|ALEGRETE,glp,7,45.0,44.2,48.8,43.0,50.0
2016-02,MUN,RS|ALVORADA,glp,7,55.0,50.0,60.0,50.0,60.0
2016-02,MUN,RS|BAGE,glp,25,60.0,60.0,60.0,58.0,63.0
2016-02,MUN,RS|BENTO GONCALVES,glp,3,58.0,58.0,62.8,58.0,64.0
2016-02,MUN,RS|CACAPAVA DO SUL,glp,9,55.0,54.0,55.0,50.0,55.0
2016-02,MUN,RS|CACHOEIRA DO SUL,glp,10,50.0,49.8,50.3,48.0,53.0
2016-02,MUN,RS|CACHOEIRINHA,glp,6,50.0,49.0,53.5,48.0,55.0
2016-02,MUN,RS|CANOAS,glp,19,55.0,50.0,58.0,50.0,65.0
2016-02,MUN,RS|CAXIAS DO SUL,glp,42,52.0,50.0,56.9,45.0,60.0
2016-02,MUN,RS|CRUZ ALTA,glp,3,41.0,40.16,42.6,39.95,43.0
2016-02,MUN,RS|ERECHIM,glp,9,57.0,50.0,60.4,50.0,62.0
2016-02,MUN,RS|ESTEIO,glp,11,56.0,52.0,58.0,50.0,58.0
2016-02,MUN,RS|GRAMADO,glp,4,56.0,55.0,57.0,55.0,57.0
2016-02,MUN,RS|GRAVATAI,glp,13,53.0,48.2,53.8,48.0,55.0
2016-02,MUN,RS|GUAIBA,glp,6,55.0,51.0,57.0,48.0,58.0
2016-02,MUN,RS|GUARANI DAS MISSOES,glp,1,50.0,50.0,50.0,50.0,50.0
2016-02,MUN,RS|IJUI,glp,6,50.0,48.0,50.0,46.0,50.0
2016-02,MUN,RS|LAJEADO,glp,12,50.0,50.0,54.0,50.0,55.0
2016-02,MUN,RS|NOVO HAMBURGO,glp,17,52.0,46.2,58.0,44.0,58.0
2016-02,MUN,RS|OSORIO,glp,5,65.0,57.8,66.8,55.0,68.0
2016-02,MUN,RS|PALMEIRA DAS MISSOES,glp,6,55.0,55.0,60.0,55.0,65.0
2016-02,MUN,RS|PASSO FUNDO,glp,31,50.0,47.0,55.0,45.0,58.0
2016-02,MUN,RS|PELOTAS,glp,24,52.0,47.3,55.0,40.0,57.0
2016-02,MUN,RS|PORTO ALEGRE,glp,34,57.25,50.0,63.7,49.0,66.0
2016-02,MUN,RS|RIO GRANDE,glp,12,47.0,45.0,50.0,45.0,50.0
2016-02,MUN,RS|SANTA CRUZ DO SUL,glp,17,52.0,51.2,55.6,50.0,61.0
2016-02,MUN,RS|SANTA MARIA,glp,83,58.0,55.0,62.0,48.0,65.0
2016-02,MUN,RS|SANTA ROSA,glp,6,51.0,50.0,53.5,50.0,55.0
2016-02,MUN,RS|SANTANA DO LIVRAMENTO,glp,16,55.0,55.0,55.0,50.0,55.0
2016-02,MUN,RS|SANTO ANGELO,glp,3,57.0,55.4,57.8,55.0,58.0
2016-02,MUN,RS|SAO BORJA,glp,6,55.0,55.0,56.5,55.0,58.0
2016-02,MUN,RS|SAO GABRIEL,glp,15,58.0,55.0,60.0,54.0,60.0
2016-02,MUN,RS|SAO LEOPOLDO,glp,12,52.0,50.0,57.7,45.0,59.0
2016-02,MUN,RS|SAO LUIZ GONZAGA,glp,6,53.75,51.5,56.5,50.0,56.5
2016-02,MUN,RS|SAPIRANGA,glp,5,55.0,47.0,55.0,44.0,55.0
2016-02,MUN,RS|SAPUCAIA DO SUL,glp,19,55.0,49.8,57.2,48.0,58.0
2016-02,MUN,RS|TORRES,glp,8,56.5,55.0,58.6,55.0,60.0
2016-02,MUN,RS|TRAMANDAI,glp,3,55.0,48.6,59.0,47.0,60.0
2016-02,MUN,RS|URUGUAIANA,glp,16,59.0,53.5,62.0,52.0,62.0
2016-02,MUN,RS|VACARIA,glp,7,55.0,50.0,55.0,50.0,55.0
2016-02,MUN,RS|VIAMAO,glp,14,58.0,55.0,62.0,55.0,62.0
2016-02,MUN,SC|ARARANGUA,glp,5,50.0,50.0,53.0,50.0,55.0
2016-02,MUN,SC|BALNEARIO CAMBORIU,glp,4,55.0,50.8,55.0,49.0,55.0
2016-02,MUN,SC|BIGUACU,glp,3,50.0,48.4,54.0,48.0,55.0
2016-02,MUN,SC|BLUMENAU,glp,11,60.0,60.0,60.0,52.0,62.0
2016-02,MUN,SC|BRUSQUE,glp,7,58.0,58.0,58.8,58.0,60.0
2016-02,MUN,SC|CACADOR,glp,5,53.0,52.4,58.0,52.0,58.0
2016-02,MUN,SC|CHAPECO,glp,11,60.0,59.5,63.5,59.0,64.5
2016-02,MUN,SC|CONCORDIA,glp,4,50.0,46.5,50.0,45.0,50.0
2016-02,MUN,SC|CRICIUMA,glp,13,48.0,47.6,50.0,45.0,55.0
2016-02,MUN,SC|FLORIANOPOLIS,glp,11,55.0,51.0,58.0,50.0,60.0
2016-02,MUN,SC|ITAJAI,glp,15,50.0,45.0,55.0,40.0,57.0
2016-02,MUN,SC|JARAGUA DO SUL,glp,6,54.0,50.75,56.5,49.5,58.0
2016-02,MUN,SC|JOINVILLE,glp,8,53.0,50.0,55.0,50.0,55.0
2016-02,MUN,SC|LAGES,glp,6,56.0,50.5,60.5,50.0,61.0
2016-02,MUN,SC|LAGUNA,glp,4,50.0,50.0,50.0,50.0,50.0
2016-02,MUN,SC|MAFRA,glp,4,58.9,55.9,63.44,55.0,65.0
2016-02,MUN,SC|PALHOCA,glp,5,50.0,48.8,51.2,48.0,52.0
2016-02,MUN,SC|SAO JOSE,glp,8,46.495,45.0,47.9,45.0,50.0
2016-02,MUN,SC|SAO MIGUEL DO OESTE,glp,3,55.0,53.4,56.52,53.0,56.9
2016-02,MUN,SC|TUBARAO,glp,5,48.0,48.0,49.2,48.0,50.0
2016-02,MUN,SC|VIDEIRA,glp,6,58.0,57.0,61.0,57.0,62.0
2016-02,MUN,SC|XANXERE,glp,5,58.0,56.2,60.0,55.0,60.0
2016-02,MUN,SE|ARACAJU,glp,34,55.0,52.3,56.7,42.0,60.0
2016-02,MUN,SE|ITABAIANA,glp,3,52.0,50.4,54.4,50.0,55.0
2016-02,MUN,SE|LAGARTO,glp,4,45.0,45.0,45.0,45.0,45.0
2016-02,MUN,SE|NOSSA SENHORA DO SOCORRO,glp,7,53.0,52.0,55.0,52.0,55.0
2016-02,MUN,SP|ADAMANTINA,glp,4,65.0,65.0,65.0,65.0,65.0
2016-02,MUN,SP|AMERICANA,glp,24,55.0,55.0,62.0,48.0,62.0
2016-02,MUN,SP|AMPARO,glp,5,56.0,56.0,57.6,56.0,58.0
2016-02,MUN,SP|ARACATUBA,glp,54,50.0,50.0,53.0,40.0,55.0
2016-02,MUN,SP|ARARAQUARA,glp,16,59.5,53.45,65.0,50.0,65.0
2016-02,MUN,SP|ARARAS,glp,11,50.0,49.9,60.0,49.9,60.0
2016-02,MUN,SP|ASSIS,glp,13,50.0,47.4,50.0,46.0,50.0
2016-02,MUN,SP|ATIBAIA,glp,14,56.5,49.0,62.0,48.0,62.0
2016-02,MUN,SP|AVARE,glp,8,57.5,53.5,60.0,50.0,60.0
2016-02,MUN,SP|BARRETOS,glp,10,50.95,48.0,55.0,48.0,55.0
2016-02,MUN,SP|BARUERI,glp,28,49.99,45.0,57.9,44.0,60.0
2016-02,MUN,SP|BAURU,glp,46,57.75,50.0,60.0,45.0,62.0
2016-02,MUN,SP|BEBEDOURO,glp,13,55.0,50.0,55.0,48.0,55.0
2016-02,MUN,SP|BIRIGUI,glp,21,50.0,45.0,55.0,45.0,55.0
2016-02,MUN,SP|BOTUCATU,glp,11,45.0,45.0,50.0,40.0,50.0
2016-02,MUN,SP|BRAGANCA PAULISTA,glp,7,50.0,49.2,50.0,48.0,50.0
2016-02,MUN,SP|CACAPAVA,glp,5,50.0,46.394,51.6,43.99,52.0
2016-02,MUN,SP|CAMPINAS,glp,42,50.0,48.0,55.0,45.0,61.0
2016-02,MUN,SP|CAMPOS DO JORDAO,glp,6,45.0,42.75,45.0,40.5,45.0
2016-02,MUN,SP|CAPAO BONITO,glp,3,55.0,55.0,55.0,55.0,55.0
2016-02,MUN,SP|CARAGUATATUBA,glp,3,50.0,48.4,50.0,48.0,50.0
2016-02,MUN,SP|CARAPICUIBA,glp,16,47.99,46.495,51.5,45.0,55.0
2016-02,MUN,SP|CATANDUVA,glp,12,50.0,45.3,50.0,44.0,50.0
2016-02,MUN,SP|COSMOPOLIS,glp,7,57.0,53.8,57.4,52.0,58.0
2016-02,MUN,SP|COTIA,glp,10,55.0,53.1,55.0,45.0,55.0
2016-02,MUN,SP|CRUZEIRO,glp,8,45.0,42.1,51.5,40.0,55.0
2016-02,MUN,SP|CUBATAO,glp,5,58.0,55.8,65.0,55.0,65.0
2016-02,MUN,SP|DIADEMA,glp,27,50.0,45.6,53.8,45.0,56.0
2016-02,MUN,SP|DRACENA,glp,4,60.0,56.5,63.5,55.0,65.0
2016-02,MUN,SP|ELISIARIO,glp,1,50.0,50.0,50.0,50.0,50.0
2016-02,MUN,SP|EMBU DAS ARTES,glp,5,50.0,50.0,52.4,50.0,54.0
2016-02,MUN,SP|FERNANDOPOLIS,glp,1,53.0,53.0,53.0,53.0,53.0
2016-02,MUN,SP|FRANCA,glp,40,49.0,45.44,50.0,42.9,50.0
2016-02,MUN,SP|GARCA,glp,5,55.0,48.8,55.0,48.0,55.0
2016-02,MUN,SP|GUARATINGUETA,glp,13,48.0,39.992,56.0,38.0,59.9
2016-02,MUN,SP|GUARUJA,glp,15,50.0,48.0,55.0,47.99,58.0
2016-02,MUN,SP|GUARULHOS,glp,40,49.5,40.0,55.0,40.0,56.0
2016-02,MUN,SP|HORTOLANDIA,glp,8,52.0,50.0,57.3,50.0,58.0
2016-02,MUN,SP|IBITINGA,glp,8,52.0,50.0,55.0,50.0,55.0
2016-02,MUN,SP|INDAIATUBA,glp,14,46.0,45.0,55.0,43.0,55.0
2016-02,MUN,SP|ITANHAEM,glp,3,48.0,46.4,48.0,46.0,48.0
2016-02,MUN,SP|ITAPECERICA DA SERRA,glp,6,55.0,52.5,57.5,50.0,60.0
2016-02,MUN,SP|ITAPETININGA,glp,15,53.0,50.0,57.6,41.0,58.0
2016-02,MUN,SP|ITAPEVA,glp,5,55.0,54.0,56.8,54.0,58.0
2016-02,MUN,SP|ITAPEVI,glp,6,47.99,42.5,53.995,40.0,59.99
2016-02,MUN,SP|ITAPIRA,glp,3,52.0,52.0,53.6,52.0,54.0
2016-02,MUN,SP|ITAPOLIS,glp,12,55.5,50.4,56.0,48.0,58.5
2016-02,MUN,SP|ITAQUAQUECETUBA,glp,13,43.0,39.2,47.392,38.0,48.0
2016-02,MUN,SP|ITATIBA,glp,4,54.5,52.6,57.1,52.0,58.0
2016-02,MUN,SP|ITU,glp,7,48.0,45.594,48.4,45.0,49.0
2016-02,MUN,SP|JABOTICABAL,glp,11,45.0,42.0,50.0,42.0,55.0
2016-02,MUN,SP|JACAREI,glp,14,48.5,42.0,56.8,35.0,58.0
2016-02,MUN,SP|JALES,glp,4,53.0,50.9,54.4,50.0,55.0
2016-02,MUN,SP|JANDIRA,glp,11,50.0,48.0,50.0,48.0,50.0
2016-02,MUN,SP|JAU,glp,11,63.0,60.0,65.0,49.0,65.0
2016-02,MUN,SP|JOSE BONIFACIO,glp,5,50.0,50.0,54.14,50.0,54.9
2016-02,MUN,SP|JUNDIAI,glp,8,51.0,50.0,56.17,50.0,58.9
2016-02,MUN,SP|LEME,glp,11,50.0,45.0,59.0,45.0,59.0
2016-02,MUN,SP|LIMEIRA,glp,17,50.0,48.0,55.0,45.0,55.0
2016-02,MUN,SP|LINS,glp,9,60.0,60.0,60.0,60.0,60.0
2016-02,MUN,SP|LORENA,glp,13,45.0,40.0,48.8,39.9,50.0
2016-02,MUN,SP|MARILIA,glp,10,53.0,51.8,53.0,50.0,53.0
2016-02,MUN,SP|MATAO,glp,10,55.0,49.7,55.0,47.0,55.0
2016-02,MUN,SP|MAUA,glp,31,54.9,48.0,57.0,43.1,58.0
2016-02,MUN,SP|MIRASSOL,glp,10,47.5,44.85,50.0,43.5,50.0
2016-02,MUN,SP|MOCOCA,glp,9,55.0,52.0,55.0,52.0,55.0
2016-02,MUN,SP|MOGI DAS CRUZES,glp,34,54.0,45.75,57.0,37.0,59.0
2016-02,MUN,SP|MOGI GUACU,glp,14,54.5,50.0,55.0,48.0,59.0
2016-02,MUN,SP|MOGI MIRIM,glp,8,46.5,44.4,53.0,43.0,60.0
2016-02,MUN,SP|MONTE ALTO,glp,10,50.0,47.99,54.3,47.9,57.0
2016-02,MUN,SP|OLIMPIA,glp,7,40.0,40.0,45.798,40.0,46.995
2016-02,MUN,SP|OSASCO,glp,67,49.995,47.194,55.8,43.99,68.99
2016-02,MUN,SP|OURINHOS,glp,14,51.5,49.0,57.0,49.0,57.0
2016-02,MUN,SP|PARAGUACU PAULISTA,glp,11,60.0,55.0,60.0,55.0,60.0
2016-02,MUN,SP|PAULINIA,glp,14,47.0,44.3,55.0,44.0,55.0
2016-02,MUN,SP|PINDAMONHANGABA,glp,6,48.0,45.0,50.0,45.0,50.0
2016-02,MUN,SP|PIRACICABA,glp,22,57.75,52.75,62.5,50.0,62.5
2016-02,MUN,SP|PIRASSUNUNGA,glp,2,49.975,49.955,49.995,49.95,50.0
2016-02,MUN,SP|POA,glp,8,50.5,46.75,53.3,45.0,54.0
2016-02,MUN,SP|PORTO FERREIRA,glp,2,45.5,45.1,45.9,45.0,46.0
2016-02,MUN,SP|PRAIA GRANDE,glp,37,53.0,47.6,60.8,45.99,65.0
2016-02,MUN,SP|PRESIDENTE PRUDENTE,glp,27,55.0,50.0,60.0,50.0,60.0
2016-02,MUN,SP|PRESIDENTE VENCESLAU,glp,5,50.0,43.2,50.0,42.0,50.0
2016-02,MUN,SP|RIBEIRAO PIRES,glp,11,49.99,48.9,50.0,47.995,50.0
2016-02,MUN,SP|RIBEIRAO PRETO,glp,81,55.0,48.0,60.0,45.0,62.0
2016-02,MUN,SP|RIO CLARO,glp,7,50.0,49.2,55.2,48.0,57.0
2016-02,MUN,SP|SALTO,glp,9,48.0,44.2,52.6,41.0,55.0
2016-02,MUN,SP|SANTA BARBARA D'OESTE,glp,17,55.0,50.0,58.2,50.0,60.0
2016-02,MUN,SP|SANTA CRUZ DO RIO PARDO,glp,12,52.0,50.0,54.8,50.0,55.0
2016-02,MUN,SP|SANTO ANDRE,glp,33,53.0,48.0,63.0,39.99,63.0
2016-02,MUN,SP|SANTOS,glp,34,55.5,47.6,60.0,46.0,68.9
2016-02,MUN,SP|SAO BERNARDO DO CAMPO,glp,47,53.0,47.594,61.394,45.0,69.9
2016-02,MUN,SP|SAO CAETANO DO SUL,glp,5,55.0,55.0,62.996,55.0,65.0
2016-02,MUN,SP|SAO CARLOS,glp,23,55.0,54.9,57.78,48.0,63.0
2016-02,MUN,SP|SAO JOAO DA BOA VISTA,glp,9,55.0,53.0,55.6,53.0,58.0
2016-02,MUN,SP|SAO JOAQUIM DA BARRA,glp,10,45.0,45.0,51.0,45.0,60.0
2016-02,MUN,SP|SAO JOSE DO RIO PRETO,glp,70,50.0,48.0,55.0,43.0,60.0
2016-02,MUN,SP|SAO JOSE DOS CAMPOS,glp,24,52.0,45.65,54.7,45.0,58.0
2016-02,MUN,SP|SAO PAULO,glp,199,50.0,45.0,58.0,40.0,63.0
2016-02,MUN,SP|SAO ROQUE,glp,6,51.5,50.0,56.5,50.0,58.0
2016-02,MUN,SP|SAO VICENTE,glp,48,52.0,48.0,60.0,45.0,62.0
2016-02,MUN,SP|SERTAOZINHO,glp,13,50.0,45.0,53.0,45.0,54.0
2016-02,MUN,SP|SOROCABA,glp,19,50.0,47.98,56.0,47.0,62.0
2016-02,MUN,SP|SUMARE,glp,8,55.0,54.1,55.0,52.0,55.0
2016-02,MUN,SP|SUZANO,glp,11,52.5,50.0,59.0,46.0,59.0
2016-02,MUN,SP|TABOAO DA SERRA,glp,6,50.0,48.5,50.5,47.0,51.0
2016-02,MUN,SP|TATUI,glp,8,57.0,55.0,60.3,55.0,61.0
2016-02,MUN,SP|TAUBATE,glp,11,50.0,46.0,55.0,45.0,55.0
2016-02,MUN,SP|TUPA,glp,6,60.0,60.0,60.0,60.0,60.0
2016-02,MUN,SP|UBATUBA,glp,11,50.0,45.0,58.0,45.0,60.0
2016-02,MUN,SP|VALINHOS,glp,8,56.0,54.0,57.0,54.0,57.0
2016-02,MUN,SP|VARZEA PAULISTA,glp,6,45.0,40.0,48.0,40.0,50.0
2016-02,MUN,SP|VINHEDO,glp,5,59.0,56.6,59.6,55.0,60.0
2016-02,MUN,SP|VOTORANTIM,glp,17,52.0,50.0,55.4,45.0,56.0
2016-02,MUN,SP|VOTUPORANGA,glp,7,50.0,47.6,54.4,47.0,55.0
2016-02,MUN,TO|ARAGUAINA,glp,12,70.0,68.2,76.8,65.0,77.0
2016-02,MUN,TO|GUARAI,glp,1,70.0,70.0,70.0,70.0,70.0
2016-02,MUN,TO|GURUPI,glp,34,65.0,65.0,68.0,60.0,72.5
2016-02,MUN,TO|PALMAS,glp,31,73.0,72.0,75.0,72.0,76.0
2016-02,MUN,TO|PARAISO DO TOCANTINS,glp,6,65.0,65.0,68.0,65.0,68.0
2016-02,MUN,TO|PORTO NACIONAL,glp,9,65.0,60.0,65.0,60.0,65.0
2016-02,UF,AC,glp,64,57.0,55.0,60.0,53.0,68.0
2016-02,UF,AL,glp,97,55.0,45.0,55.0,40.0,55.0
2016-02,UF,AM,glp,282,50.0,49.0,53.9,46.0,61.0
2016-02,UF,AP,glp,21,69.0,65.0,69.0,63.0,70.0
2016-02,UF,BA,glp,509,50.0,40.0,56.0,35.0,63.0
2016-02,UF,CE,glp,237,60.0,55.0,62.0,50.0,65.0
2016-02,UF,DF,glp,77,56.0,50.0,60.0,50.0,65.0
2016-02,UF,ES,glp,309,50.0,49.99,55.0,40.0,60.0
2016-02,UF,GO,glp,302,55.0,52.0,58.0,50.0,63.0
2016-02,UF,MA,glp,139,50.0,45.0,60.0,39.99,65.0
2016-02,UF,MG,glp,715,58.0,50.0,62.0,40.0,68.0
2016-02,UF,MS,glp,451,65.0,62.5,67.0,40.0,75.0
2016-02,UF,MT,glp,250,70.0,65.0,75.0,63.0,82.0
2016-02,UF,PA,glp,196,58.0,54.0,68.0,45.0,72.5
2016-02,UF,PB,glp,91,50.0,45.0,55.0,40.0,59.0
2016-02,UF,PE,glp,326,45.0,40.0,52.5,39.99,58.0
2016-02,UF,PI,glp,74,55.0,55.0,59.7,52.5,62.0
2016-02,UF,PR,glp,608,60.0,50.0,66.0,42.0,70.0
2016-02,UF,RJ,glp,282,50.0,45.0,57.0,39.99,65.0
2016-02,UF,RN,glp,105,55.0,54.4,57.3,50.0,60.0
2016-02,UF,RO,glp,88,58.0,55.0,65.0,52.0,67.0
2016-02,UF,RR,glp,26,58.0,55.0,59.5,55.0,62.0
2016-02,UF,RS,glp,558,55.0,49.5,60.0,39.95,68.0
2016-02,UF,SC,glp,149,53.0,48.0,60.0,40.0,65.0
2016-02,UF,SE,glp,48,55.0,45.0,56.0,42.0,60.0
2016-02,UF,SP,glp,1910,50.0,45.0,59.909,35.0,69.9
2016-02,UF,TO,glp,93,68.0,65.0,75.0,60.0,77.0
2016-03,BR,BR,glp,8744,55.0,46.0,65.0,35.0,82.0
2016-03,MUN,AC|CRUZEIRO DO SUL,glp,4,68.0,68.0,68.0,68.0,68.0
2016-03,MUN,AC|RIO BRANCO,glp,76,58.0,55.0,60.0,53.0,64.5
2016-03,MUN,AL|ARAPIRACA,glp,14,45.0,42.0,49.4,40.0,50.0
2016-03,MUN,AL|ATALAIA,glp,1,45.0,45.0,45.0,45.0,45.0
2016-03,MUN,AL|DELMIRO GOUVEIA,glp,3,55.0,55.0,55.0,55.0,55.0
2016-03,MUN,AL|MACEIO,glp,68,53.0,53.0,55.0,52.5,55.0
2016-03,MUN,AL|MARECHAL DEODORO,glp,6,53.0,53.0,53.0,53.0,53.0
2016-03,MUN,AL|MESSIAS,glp,1,55.0,55.0,55.0,55.0,55.0
2016-03,MUN,AL|PALMEIRA DOS INDIOS,glp,5,55.0,55.0,55.0,55.0,55.0
2016-03,MUN,AL|RIO LARGO,glp,7,48.0,45.6,53.2,45.0,55.0
2016-03,MUN,AL|SANTANA DO IPANEMA,glp,4,55.0,55.0,55.0,55.0,55.0
2016-03,MUN,AL|SAO JOSE DA LAJE,glp,1,53.0,53.0,53.0,53.0,53.0
2016-03,MUN,AM|HUMAITA,glp,3,58.0,55.6,58.0,55.0,58.0
2016-03,MUN,AM|ITACOATIARA,glp,16,55.5,55.0,60.0,55.0,60.0
2016-03,MUN,AM|MANACAPURU,glp,5,57.0,57.0,57.6,57.0,58.0
2016-03,MUN,AM|MANAUS,glp,320,50.0,49.0,52.0,45.0,58.0
2016-03,MUN,AM|PARINTINS,glp,5,51.0,50.4,52.0,50.0,52.0
2016-03,MUN,AM|TEFE,glp,2,62.0,62.0,62.0,62.0,62.0
2016-03,MUN,AP|LARANJAL DO JARI,glp,1,69.0,69.0,69.0,69.0,69.0
2016-03,MUN,AP|MACAPA,glp,15,69.0,66.1,69.0,65.0,70.0
2016-03,MUN,AP|SANTANA,glp,5,66.0,63.8,67.6,63.0,68.0
2016-03,MUN,BA|ALAGOINHAS,glp,5,58.0,56.0,58.0,56.0,58.0
2016-03,MUN,BA|BARREIRAS,glp,10,55.0,53.0,63.0,53.0,63.0
2016-03,MUN,BA|BRUMADO,glp,5,53.0,52.7,54.2,52.5,55.0
2016-03,MUN,BA|CAETITE,glp,6,45.0,44.0,45.0,43.0,45.0
2016-03,MUN,BA|CAMACARI,glp,18,55.0,50.0,58.0,50.0,60.0
2016-03,MUN,BA|CANDEIAS,glp,5,50.0,50.0,50.6,50.0,51.0
2016-03,MUN,BA|CENTRAL,glp,1,40.0,40.0,40.0,40.0,40.0
2016-03,MUN,BA|EUNAPOLIS,glp,12,55.0,55.0,57.8,53.5,60.0
2016-03,MUN,BA|FEIRA DE SANTANA,glp,28,49.9,48.0,52.93,47.0,53.0
2016-03,MUN,BA|GUANAMBI,glp,16,40.0,40.0,40.0,40.0,40.0
2016-03,MUN,BA|ILHEUS,glp,6,55.5,55.0,57.955,55.0,58.91
2016-03,MUN,BA|IPIRA,glp,4,48.0,42.4,50.8,40.0,52.0
2016-03,MUN,BA|IRECE,glp,7,42.0,39.6,47.4,39.0,48.0
2016-03,MUN,BA|ITABUNA,glp,8,52.5,49.1,55.3,47.0,56.0
2016-03,MUN,BA|ITAMARAJU,glp,5,53.0,53.0,54.4,53.0,55.0
2016-03,MUN,BA|JACOBINA,glp,4,53.0,50.9,53.0,50.0,53.0
2016-03,MUN,BA|JAGUAQUARA,glp,6,42.0,42.0,45.0,42.0,45.0
2016-03,MUN,BA|JEQUIE,glp,12,38.0,37.0,43.0,35.0,45.0
2016-03,MUN,BA|JUAZEIRO,glp,11,45.0,45.0,50.0,45.0,50.0
2016-03,MUN,BA|LAURO DE FREITAS,glp,17,52.0,50.0,57.4,50.0,60.0
2016-03,MUN,BA|LIVRAMENTO DE NOSSA SENHORA,glp,3,45.0,45.0,49.0,45.0,50.0
2016-03,MUN,BA|PAULO AFONSO,glp,5,55.0,52.8,56.2,52.0,57.0
2016-03,MUN,BA|POCOES,glp,8,45.0,44.0,45.0,44.0,45.0
2016-03,MUN,BA|PORTO SEGURO,glp,11,48.0,43.0,55.0,43.0,60.0
2016-03,MUN,BA|SALVADOR,glp,277,53.0,42.0,56.0,38.0,60.0
2016-03,MUN,BA|SANTANOPOLIS,glp,1,53.0,53.0,53.0,53.0,53.0
2016-03,MUN,BA|SANTO ANTONIO DE JESUS,glp,11,47.0,45.0,50.0,45.0,50.0
2016-03,MUN,BA|SENHOR DO BONFIM,glp,2,52.5,50.5,54.5,50.0,55.0
2016-03,MUN,BA|SERRINHA,glp,6,41.0,40.0,47.5,40.0,50.0
2016-03,MUN,BA|SIMOES FILHO,glp,7,50.0,50.0,55.0,50.0,55.0
2016-03,MUN,BA|TEIXEIRA DE FREITAS,glp,9,50.0,48.0,53.2,48.0,58.0
2016-03,MUN,BA|VALENCA,glp,5,55.0,55.0,56.8,55.0,58.0
2016-03,MUN,BA|VARZEDO,glp,1,45.0,45.0,45.0,45.0,45.0
2016-03,MUN,BA|VITORIA DA CONQUISTA,glp,9,55.0,49.0,55.2,45.0,56.0
2016-03,MUN,CE|BEBERIBE,glp,4,61.5,60.3,64.1,60.0,65.0
2016-03,MUN,CE|CANINDE,glp,4,56.5,51.5,59.4,50.0,60.0
2016-03,MUN,CE|CAUCAIA,glp,27,60.0,55.0,62.9,55.0,65.0
2016-03,MUN,CE|CRATEUS,glp,4,60.0,58.6,61.4,58.0,62.0
2016-03,MUN,CE|CRATO,glp,15,58.0,52.0,61.6,50.0,62.0
2016-03,MUN,CE|FORTALEZA,glp,134,60.0,59.965,65.0,55.0,66.5
2016-03,MUN,CE|ICO,glp,4,55.0,52.9,57.1,52.0,58.0
2016-03,MUN,CE|IGUATU,glp,3,50.0,50.0,54.0,50.0,55.0
2016-03,MUN,CE|IPU,glp,3,55.0,55.0,55.0,55.0,55.0
2016-03,MUN,CE|ITAPIPOCA,glp,8,55.0,52.7,57.3,52.0,58.0
2016-03,MUN,CE|JUAZEIRO DO NORTE,glp,10,56.0,54.5,60.0,50.0,60.0
2016-03,MUN,CE|LIMOEIRO DO NORTE,glp,5,58.0,55.0,60.0,55.0,60.0
2016-03,MUN,CE|MARACANAU,glp,10,63.5,60.0,65.0,60.0,65.0
2016-03,MUN,CE|MISSAO VELHA,glp,1,55.0,55.0,55.0,55.0,55.0
2016-03,MUN,CE|MORADA NOVA,glp,3,58.0,55.6,59.6,55.0,60.0
2016-03,MUN,CE|QUIXADA,glp,6,56.0,53.75,59.0,52.5,60.0
2016-03,MUN,CE|SOBRAL,glp,7,55.0,55.0,57.0,55.0,60.0
2016-03,MUN,DF|BRASILIA,glp,150,55.0,50.0,60.0,50.0,65.0
2016-03,MUN,ES|ARACRUZ,glp,7,52.0,45.8,53.8,44.0,55.0
2016-03,MUN,ES|BARRA DE SAO FRANCISCO,glp,6,57.0,56.0,59.0,55.0,60.0
2016-03,MUN,ES|CACHOEIRO DE ITAPEMIRIM,glp,15,50.0,50.0,55.0,50.0,60.0
2016-03,MUN,ES|CARIACICA,glp,71,50.0,50.0,52.0,48.0,55.0
2016-03,MUN,ES|COLATINA,glp,9,50.0,47.8,52.6,47.0,55.0
2016-03,MUN,ES|GUARAPARI,glp,30,52.5,50.0,55.0,48.0,55.0
2016-03,MUN,ES|ITAPEMIRIM,glp,3,52.0,50.4,52.8,50.0,53.0
2016-03,MUN,ES|LINHARES,glp,14,55.0,50.0,60.0,49.0,60.0
2016-03,MUN,ES|MARATAIZES,glp,1,50.0,50.0,50.0,50.0,50.0
2016-03,MUN,ES|SAO MATEUS,glp,5,48.0,42.6,49.2,41.0,50.0
2016-03,MUN,ES|SERRA,glp,137,50.0,49.9,53.2,43.0,55.0
2016-03,MUN,ES|VILA VELHA,glp,51,50.0,50.0,55.0,49.9,55.0
2016-03,MUN,ES|VITORIA,glp,31,50.0,50.0,55.0,49.99,55.0
2016-03,MUN,GO|AGUAS LINDAS DE GOIAS,glp,11,55.0,55.0,56.0,52.0,56.0
2016-03,MUN,GO|ANAPOLIS,glp,49,52.0,50.0,53.0,50.0,55.0
2016-03,MUN,GO|APARECIDA DE GOIANIA,glp,40,54.0,53.0,55.1,52.0,56.0
2016-03,MUN,GO|CALDAS NOVAS,glp,15,59.0,56.8,60.0,56.0,60.0
2016-03,MUN,GO|CATALAO,glp,13,53.0,52.0,54.0,52.0,55.0
2016-03,MUN,GO|FORMOSA,glp,18,56.5,55.0,57.0,54.0,57.0
2016-03,MUN,GO|GOIANIA,glp,88,57.0,55.0,58.0,55.0,60.0
2016-03,MUN,GO|GOIATUBA,glp,2,57.0,57.0,57.0,57.0,57.0
2016-03,MUN,GO|ITUMBIARA,glp,10,60.0,59.0,61.0,59.0,61.0
2016-03,MUN,GO|JATAI,glp,19,60.0,56.8,63.0,56.0,63.0
2016-03,MUN,GO|LUZIANIA,glp,30,55.0,54.9,56.0,53.0,57.0
2016-03,MUN,GO|MINEIROS,glp,6,58.0,58.0,60.0,58.0,60.0
2016-03,MUN,GO|MORRINHOS,glp,6,57.0,56.0,57.5,55.0,58.0
2016-03,MUN,GO|PONTALINA,glp,1,56.0,56.0,56.0,56.0,56.0
2016-03,MUN,GO|PORANGATU,glp,15,55.0,54.0,55.0,54.0,56.0
2016-03,MUN,GO|RIO VERDE,glp,14,58.0,56.0,58.0,56.0,58.0
2016-03,MUN,GO|TRINDADE,glp,32,55.0,54.0,55.0,52.0,57.0
2016-03,MUN,GO|VALPARAISO DE GOIAS,glp,12,55.5,55.0,56.0,54.0,56.0
2016-03,MUN,MA|ACAILANDIA,glp,3,45.0,45.0,45.0,45.0,45.0
2016-03,MUN,MA|BACABAL,glp,3,60.0,60.0,60.0,60.0,60.0
2016-03,MUN,MA|BALSAS,glp,6,65.0,65.0,65.0,65.0,65.0
2016-03,MUN,MA|BARRA DO CORDA,glp,4,57.0,57.0,57.0,57.0,57.0
2016-03,MUN,MA|CAXIAS,glp,1,65.0,65.0,65.0,65.0,65.0
2016-03,MUN,MA|CODO,glp,3,60.0,60.0,60.0,60.0,60.0
2016-03,MUN,MA|IMPERATRIZ,glp,43,60.0,55.0,60.0,50.0,60.0
2016-03,MUN,MA|PINHEIRO,glp,3,65.0,65.0,65.0,65.0,65.0
2016-03,MUN,MA|PRESIDENTE DUTRA,glp,3,60.0,60.0,60.0,60.0,60.0
2016-03,MUN,MA|SANTA INES,glp,3,62.0,60.4,62.0,60.0,62.0
2016-03,MUN,MA|SAO DOMINGOS DO MARANHAO,glp,2,50.0,50.0,50.0,50.0,50.0
2016-03,MUN,MA|SAO JOSE DE RIBAMAR,glp,12,50.0,40.491,50.0,39.99,60.0
2016-03,MUN,MA|SAO LUIS,glp,72,49.5,39.99,50.0,39.9,55.0
2016-03,MUN,MA|SAO VICENTE FERRER,glp,1,65.0,65.0,65.0,65.0,65.0
2016-03,MUN,MA|TIMON,glp,4,55.0,55.0,55.0,55.0,55.0
2016-03,MUN,MG|ALFENAS,glp,9,48.0,45.0,50.0,45.0,50.0
2016-03,MUN,MG|ARAGUARI,glp,10,60.0,59.9,60.1,59.0,61.0
2016-03,MUN,MG|ARAXA,glp,6,61.0,60.0,62.0,60.0,62.0
2016-03,MUN,MG|BARBACENA,glp,15,60.0,58.0,60.0,58.0,60.0
2016-03,MUN,MG|BELO HORIZONTE,glp,73,60.0,55.0,65.0,48.5,65.0
2016-03,MUN,MG|BETIM,glp,22,60.0,55.2,62.9,50.0,65.0
2016-03,MUN,MG|BOM DESPACHO,glp,4,60.0,60.0,60.0,60.0,60.0
2016-03,MUN,MG|CAMPO BELO,glp,6,50.0,49.5,51.0,49.0,51.0
2016-03,MUN,MG|CARATINGA,glp,2,51.5,50.3,52.7,50.0,53.0
2016-03,MUN,MG|CATAGUASES,glp,5,55.0,55.0,56.6,55.0,57.0
2016-03,MUN,MG|CONGONHAS,glp,7,55.0,55.0,55.0,55.0,55.0
2016-03,MUN,MG|CONSELHEIRO LAFAIETE,glp,10,50.0,47.7,53.0,45.0,53.0
2016-03,MUN,MG|CONTAGEM,glp,31,61.0,60.0,63.0,55.0,64.0
2016-03,MUN,MG|CORONEL FABRICIANO,glp,7,60.0,53.0,60.0,50.0,60.0
2016-03,MUN,MG|CURVELO,glp,5,50.0,45.0,53.0,45.0,55.0
2016-03,MUN,MG|DIAMANTINA,glp,3,64.0,61.6,64.0,61.0,64.0
2016-03,MUN,MG|DIVINOPOLIS,glp,17,55.0,55.0,59.4,54.0,60.0
2016-03,MUN,MG|FORMIGA,glp,6,57.5,56.0,58.5,55.0,59.0
2016-03,MUN,MG|FRUTAL,glp,5,48.0,47.9,49.2,47.9,50.0
2016-03,MUN,MG|GOVERNADOR VALADARES,glp,10,57.0,55.0,58.1,55.0,59.0
2016-03,MUN,MG|GUAXUPE,glp,5,52.9,50.74,53.6,49.9,54.0
2016-03,MUN,MG|IPATINGA,glp,22,55.0,52.1,58.0,50.0,58.0
2016-03,MUN,MG|ITABIRA,glp,5,64.0,62.8,64.6,62.0,65.0
2016-03,MUN,MG|ITAJUBA,glp,10,49.0,47.9,52.29,47.0,54.9
2016-03,MUN,MG|ITAUNA,glp,8,50.0,48.7,56.5,48.0,60.0
2016-03,MUN,MG|ITUIUTABA,glp,19,58.0,52.4,58.0,50.0,58.0
2016-03,MUN,MG|JANAUBA,glp,2,49.5,49.1,49.9,49.0,50.0
2016-03,MUN,MG|JANUARIA,glp,10,55.5,55.0,56.4,55.0,60.0
2016-03,MUN,MG|JOAO MONLEVADE,glp,9,60.0,58.0,60.0,58.0,60.0
2016-03,MUN,MG|JOAO PINHEIRO,glp,13,55.0,50.9,59.8,50.0,60.0
2016-03,MUN,MG|JUIZ DE FORA,glp,51,55.0,50.0,60.0,48.0,68.0
2016-03,MUN,MG|LAVRAS,glp,9,55.0,49.0,60.4,45.0,62.0
2016-03,MUN,MG|LEOPOLDINA,glp,7,57.0,54.2,58.0,50.0,58.0
2016-03,MUN,MG|MANHUACU,glp,6,47.5,47.0,48.0,47.0,48.0
2016-03,MUN,MG|MONTE CARMELO,glp,9,55.0,50.0,55.0,50.0,55.0
2016-03,MUN,MG|MONTES CLAROS,glp,62,60.0,60.0,60.0,59.0,61.0
2016-03,MUN,MG|MURIAE,glp,9,55.0,54.0,60.0,50.0,60.0
2016-03,MUN,MG|NOVA LIMA,glp,8,60.0,52.03,61.3,50.0,62.0
2016-03,MUN,MG|OLIVEIRA,glp,4,54.0,54.0,54.7,54.0,55.0
2016-03,MUN,MG|OURO PRETO,glp,5,60.0,58.8,61.0,58.0,61.0
2016-03,MUN,MG|PARA DE MINAS,glp,3,58.5,55.7,58.5,55.0,58.5
2016-03,MUN,MG|PARACATU,glp,8,57.5,50.0,61.5,50.0,65.0
2016-03,MUN,MG|PASSOS,glp,16,55.0,50.0,58.0,50.0,63.0
2016-03,MUN,MG|PATOS DE MINAS,glp,7,58.0,55.0,60.0,55.0,60.0
2016-03,MUN,MG|PATROCINIO,glp,5,60.0,58.8,60.0,58.0,60.0
2016-03,MUN,MG|POCOS DE CALDAS,glp,21,49.0,48.99,52.0,48.0,52.0
2016-03,MUN,MG|POUSO ALEGRE,glp,6,42.0,40.0,45.75,40.0,46.5
2016-03,MUN,MG|RIBEIRAO DAS NEVES,glp,22,60.0,55.0,64.5,48.0,65.0
2016-03,MUN,MG|SABARA,glp,13,57.0,53.4,60.8,53.0,64.0
2016-03,MUN,MG|SANTA LUZIA,glp,17,62.0,57.04,65.0,55.0,65.0
2016-03,MUN,MG|SAO JOAO DEL REI,glp,16,55.0,54.5,58.0,54.0,60.0
2016-03,MUN,MG|SAO LOURENCO,glp,4,55.0,53.6,58.5,53.0,60.0
2016-03,MUN,MG|SAO SEBASTIAO DO PARAISO,glp,16,55.0,49.5,55.0,48.0,55.0
2016-03,MUN,MG|SETE LAGOAS,glp,28,54.0,48.0,55.3,46.0,59.0
2016-03,MUN,MG|TEOFILO OTONI,glp,17,52.0,49.4,59.0,48.0,60.0
2016-03,MUN,MG|TIMOTEO,glp,5,60.0,57.4,63.0,57.0,65.0
2016-03,MUN,MG|TRES CORACOES,glp,8,50.0,47.0,55.0,47.0,55.0
2016-03,MUN,MG|UBA,glp,11,64.99,60.0,65.0,60.0,65.0
2016-03,MUN,MG|UBERABA,glp,15,50.0,49.0,50.0,45.0,50.0
2016-03,MUN,MG|UBERLANDIA,glp,26,60.0,57.0,62.0,55.0,64.0
2016-03,MUN,MG|UNAI,glp,4,65.0,65.0,65.0,65.0,65.0
2016-03,MUN,MG|VARGINHA,glp,13,50.0,50.0,52.4,48.0,54.0
2016-03,MUN,MG|VESPASIANO,glp,10,61.5,60.0,64.1,60.0,65.0
2016-03,MUN,MG|VICOSA,glp,4,60.0,60.0,62.1,60.0,63.0
2016-03,MUN,MS|BATAYPORA,glp,1,65.0,65.0,65.0,65.0,65.0
2016-03,MUN,MS|CAMPO GRANDE,glp,463,66.0,64.0,67.0,55.0,69.0
2016-03,MUN,MS|CORUMBA,glp,5,60.0,60.0,60.0,60.0,60.0
2016-03,MUN,MS|COXIM,glp,9,70.0,67.4,72.6,67.0,75.0
2016-03,MUN,MS|DOURADOS,glp,30,65.0,60.0,67.1,56.0,69.0
2016-03,MUN,MS|NOVA ANDRADINA,glp,10,65.0,60.0,65.5,60.0,70.0
2016-03,MUN,MS|PARANAIBA,glp,10,65.0,65.0,65.0,65.0,65.0
2016-03,MUN,MS|PONTA PORA,glp,2,52.75,52.15,53.35,52.0,53.5
2016-03,MUN,MS|TRES LAGOAS,glp,7,50.0,50.0,50.0,50.0,50.0
2016-03,MUN,MT|ALTA FLORESTA,glp,6,75.0,75.0,77.5,75.0,80.0
2016-03,MUN,MT|CACERES,glp,8,71.0,70.0,72.0,70.0,72.0
2016-03,MUN,MT|CUIABA,glp,159,70.0,65.0,75.0,63.0,80.0
2016-03,MUN,MT|RONDONOPOLIS,glp,12,75.0,73.1,75.0,73.0,75.0
2016-03,MUN,MT|SINOP,glp,16,76.5,75.0,80.0,75.0,80.0
2016-03,MUN,MT|SORRISO,glp,8,80.0,80.0,82.0,80.0,82.0
2016-03,MUN,MT|VARZEA GRANDE,glp,41,70.0,68.0,75.0,67.0,75.0
2016-03,MUN,PA|ABAETETUBA,glp,6,50.5,48.0,55.5,48.0,56.0
2016-03,MUN,PA|ALENQUER,glp,3,60.0,57.6,60.0,57.0,60.0
2016-03,MUN,PA|ALTAMIRA,glp,9,65.0,64.8,65.0,64.0,65.0
2016-03,MUN,PA|ANANINDEUA,glp,31,55.0,55.0,60.0,50.0,60.0
2016-03,MUN,PA|BELEM,glp,76,55.5,50.0,58.0,45.0,60.0
2016-03,MUN,PA|BRAGANCA,glp,6,60.0,59.0,60.0,58.0,60.0
2016-03,MUN,PA|CAMETA,glp,6,55.0,55.0,56.5,55.0,58.0
2016-03,MUN,PA|CASTANHAL,glp,6,56.5,55.0,60.0,55.0,60.0
2016-03,MUN,PA|CONCEICAO DO ARAGUAIA,glp,6,63.0,60.0,65.0,60.0,65.0
2016-03,MUN,PA|ITAITUBA,glp,6,71.0,65.0,73.5,65.0,75.0
2016-03,MUN,PA|MARABA,glp,7,68.0,65.0,68.0,65.0,68.0
2016-03,MUN,PA|PARAGOMINAS,glp,4,70.0,70.0,70.0,70.0,70.0
2016-03,MUN,PA|PARAUAPEBAS,glp,3,65.0,65.0,65.8,65.0,66.0
2016-03,MUN,PA|REDENCAO,glp,8,70.0,68.0,70.0,68.0,70.0
2016-03,MUN,PA|SANTAREM,glp,24,55.0,53.3,56.0,52.0,56.0
2016-03,MUN,PA|XINGUARA,glp,6,68.0,66.5,68.0,65.0,68.0
2016-03,MUN,PB|BAYEUX,glp,6,50.0,47.5,55.0,45.0,55.0
2016-03,MUN,PB|CABEDELO,glp,8,55.0,53.5,55.0,50.0,55.0
2016-03,MUN,PB|CAMPINA GRANDE,glp,40,55.0,50.0,55.0,50.0,60.0
2016-03,MUN,PB|JOAO PESSOA,glp,25,53.0,50.0,55.0,50.0,55.0
2016-03,MUN,PB|PATOS,glp,5,45.0,43.2,48.4,42.0,50.0
2016-03,MUN,PB|PIANCO,glp,1,55.0,55.0,55.0,55.0,55.0
2016-03,MUN,PB|SANTA RITA,glp,7,47.0,45.4,50.0,43.0,50.0
2016-03,MUN,PB|SOUSA,glp,3,44.0,42.4,44.8,42.0,45.0
2016-03,MUN,PE|ABREU E LIMA,glp,11,45.0,42.0,50.0,40.0,55.0
2016-03,MUN,PE|ARARIPINA,glp,3,53.0,50.6,57.0,50.0,58.0
2016-03,MUN,PE|ARCOVERDE,glp,4,50.0,50.0,53.5,50.0,55.0
2016-03,MUN,PE|BELO JARDIM,glp,2,45.0,41.0,49.0,40.0,50.0
2016-03,MUN,PE|CABO DE SANTO AGOSTINHO,glp,13,45.0,42.598,50.0,42.0,52.5
2016-03,MUN,PE|CACHOEIRINHA,glp,1,50.0,50.0,50.0,50.0,50.0
2016-03,MUN,PE|CAMARAGIBE,glp,13,45.0,45.0,49.0,45.0,55.0
2016-03,MUN,PE|CARUARU,glp,17,42.0,40.0,45.0,39.0,47.0
2016-03,MUN,PE|GARANHUNS,glp,6,50.0,50.0,54.0,50.0,58.0
2016-03,MUN,PE|GOIANA,glp,2,50.0,50.0,50.0,50.0,50.0
2016-03,MUN,PE|GRAVATA,glp,7,44.995,40.0,45.0,40.0,45.0
2016-03,MUN,PE|IGARASSU,glp,21,49.0,45.0,50.0,45.0,55.0
2016-03,MUN,PE|JABOATAO DOS GUARARAPES,glp,50,45.0,40.0,50.0,40.0,55.0
2016-03,MUN,PE|LAJEDO,glp,4,50.0,46.5,50.0,45.0,50.0
2016-03,MUN,PE|OLINDA,glp,45,41.99,40.0,45.0,39.495,57.5
2016-03,MUN,PE|PAULISTA,glp,16,48.75,44.5,60.0,42.0,60.0
2016-03,MUN,PE|PETROLINA,glp,20,48.0,45.0,50.0,45.0,50.0
2016-03,MUN,PE|RECIFE,glp,112,45.0,40.0,50.0,40.0,55.0
2016-03,MUN,PE|SALGUEIRO,glp,4,58.0,58.0,58.0,58.0,58.0
2016-03,MUN,PE|SANTA CRUZ DO CAPIBARIBE,glp,5,45.0,42.0,45.0,40.0,45.0
2016-03,MUN,PE|SERRA TALHADA,glp,3,58.0,55.6,58.0,55.0,58.0
2016-03,MUN,PE|VITORIA DE SANTO ANTAO,glp,15,50.0,50.0,55.0,50.0,55.0
2016-03,MUN,PI|CAMPO MAIOR,glp,3,62.0,62.0,62.0,62.0,62.0
2016-03,MUN,PI|PARNAIBA,glp,4,55.0,55.0,55.0,55.0,55.0
2016-03,MUN,PI|PICOS,glp,2,59.0,58.2,59.8,58.0,60.0
2016-03,MUN,PI|PIRIPIRI,glp,5,62.0,62.0,62.0,62.0,62.0
2016-03,MUN,PI|TERESINA,glp,70,55.0,55.0,55.0,49.99,60.0
2016-03,MUN,PR|ALMIRANTE TAMANDARE,glp,1,59.0,59.0,59.0,59.0,59.0
2016-03,MUN,PR|APUCARANA,glp,18,55.0,53.28,60.0,49.5,60.0
2016-03,MUN,PR|ARAPONGAS,glp,17,60.0,60.0,63.0,60.0,63.0
2016-03,MUN,PR|ARAUCARIA,glp,13,50.0,50.0,54.4,50.0,62.0
2016-03,MUN,PR|ASSIS CHATEAUBRIAND,glp,6,62.0,51.0,63.5,42.0,65.0
2016-03,MUN,PR|CAMBE,glp,15,55.0,52.8,60.0,50.0,60.0
2016-03,MUN,PR|CAMPO LARGO,glp,15,50.0,50.0,55.0,48.0,58.0
2016-03,MUN,PR|CAMPO MOURAO,glp,15,65.0,60.0,67.6,60.0,68.0
2016-03,MUN,PR|CASCAVEL,glp,86,65.5,65.0,66.5,65.0,67.0
2016-03,MUN,PR|CASTRO,glp,5,65.0,65.0,68.8,65.0,70.0
2016-03,MUN,PR|CIANORTE,glp,14,65.0,60.0,65.0,55.0,65.0
2016-03,MUN,PR|COLOMBO,glp,24,53.0,50.0,55.7,49.9,59.0
2016-03,MUN,PR|CORNELIO PROCOPIO,glp,3,55.0,51.0,55.0,50.0,55.0
2016-03,MUN,PR|CURITIBA,glp,54,56.0,52.23,60.0,47.9,60.9
2016-03,MUN,PR|CURIUVA,glp,1,55.0,55.0,55.0,55.0,55.0
2016-03,MUN,PR|FOZ DO IGUACU,glp,20,45.0,42.0,50.3,42.0,54.9
2016-03,MUN,PR|FRANCISCO BELTRAO,glp,7,55.0,53.0,57.0,50.0,57.0
2016-03,MUN,PR|GUARAPUAVA,glp,12,62.5,58.1,67.7,56.0,70.0
2016-03,MUN,PR|JESUITAS,glp,1,42.0,42.0,42.0,42.0,42.0
2016-03,MUN,PR|LARANJEIRAS DO SUL,glp,6,60.0,59.0,60.0,58.0,60.0
2016-03,MUN,PR|LONDRINA,glp,98,58.0,55.0,60.0,50.0,65.0
2016-03,MUN,PR|MARECHAL CANDIDO RONDON,glp,4,59.0,52.33,63.5,49.9,65.0
2016-03,MUN,PR|MARINGA,glp,32,63.25,61.6,65.0,60.0,65.0
2016-03,MUN,PR|PARANAGUA,glp,8,50.0,46.4,51.5,45.0,55.0
2016-03,MUN,PR|PARANAVAI,glp,11,63.0,60.0,63.0,58.0,65.0
2016-03,MUN,PR|PATO BRANCO,glp,12,65.0,60.1,65.0,60.0,65.0
2016-03,MUN,PR|PINHAIS,glp,17,54.0,49.2,56.4,48.0,57.0
2016-03,MUN,PR|PONTA GROSSA,glp,16,55.0,53.0,58.5,50.0,60.0
2016-03,MUN,PR|RAMILANDIA,glp,1,42.0,42.0,42.0,42.0,42.0
2016-03,MUN,PR|SANTO ANTONIO DA PLATINA,glp,14,53.5,50.0,55.97,50.0,57.0
2016-03,MUN,PR|SAO JOSE DOS PINHAIS,glp,17,53.0,48.2,56.2,47.0,59.9
2016-03,MUN,PR|TERRA BOA,glp,1,65.0,65.0,65.0,65.0,65.0
2016-03,MUN,PR|TOLEDO,glp,17,65.0,60.0,66.0,42.0,70.0
2016-03,MUN,PR|UMUARAMA,glp,21,65.0,64.0,66.0,62.0,66.0
2016-03,MUN,PR|UNIAO DA VITORIA,glp,3,60.0,56.0,60.0,55.0,60.0
2016-03,MUN,RJ|ANGRA DOS REIS,glp,5,55.0,51.8,55.0,50.0,55.0
2016-03,MUN,RJ|ARARUAMA,glp,7,43.0,42.996,47.0,42.99,50.0
2016-03,MUN,RJ|BARRA DO PIRAI,glp,3,50.0,50.0,58.0,50.0,60.0
2016-03,MUN,RJ|BARRA MANSA,glp,10,55.0,51.8,58.1,50.0,59.0
2016-03,MUN,RJ|BELFORD ROXO,glp,6,51.5,47.5,53.5,47.0,54.0
2016-03,MUN,RJ|CABO FRIO,glp,5,53.0,52.396,55.0,52.0,55.0
2016-03,MUN,RJ|CAMPOS DOS GOYTACAZES,glp,21,60.0,50.0,60.0,45.0,60.0
2016-03,MUN,RJ|DUQUE DE CAXIAS,glp,27,50.0,48.0,51.4,45.0,55.0
2016-03,MUN,RJ|ITABORAI,glp,4,50.0,50.0,50.0,50.0,50.0
2016-03,MUN,RJ|ITAGUAI,glp,3,48.9,45.78,48.9,45.0,48.9
2016-03,MUN,RJ|ITAPERUNA,glp,4,47.5,44.993,53.5,44.99,55.0
2016-03,MUN,RJ|MACAE,glp,5,50.0,50.0,55.0,50.0,57.0
2016-03,MUN,RJ|MAGE,glp,4,40.0,40.0,43.5,40.0,45.0
2016-03,MUN,RJ|MANGARATIBA,glp,2,49.95,49.91,49.99,49.9,50.0
2016-03,MUN,RJ|MARICA,glp,3,50.0,50.0,50.0,50.0,50.0
2016-03,MUN,RJ|NILOPOLIS,glp,4,53.5,50.6,55.0,50.0,55.0
2016-03,MUN,RJ|NITEROI,glp,7,52.0,48.0,53.2,48.0,55.0
2016-03,MUN,RJ|NOVA FRIBURGO,glp,6,65.0,62.5,65.0,60.0,65.0
2016-03,MUN,RJ|NOVA IGUACU,glp,20,50.0,45.0,55.0,42.0,55.0
2016-03,MUN,RJ|PARATY,glp,2,51.0,51.0,51.0,51.0,51.0
2016-03,MUN,RJ|PETROPOLIS,glp,8,49.95,49.0,52.14,49.0,54.8
2016-03,MUN,RJ|RESENDE,glp,7,55.0,40.6,55.0,40.0,55.0
2016-03,MUN,RJ|RIO BONITO,glp,4,42.0,42.0,42.0,42.0,42.0
2016-03,MUN,RJ|RIO DE JANEIRO,glp,68,50.0,41.97,55.965,39.99,61.9
2016-03,MUN,RJ|SANTO ANTONIO DE PADUA,glp,2,52.0,52.0,52.0,52.0,52.0
2016-03,MUN,RJ|SAO FRANCISCO DE ITABAPOANA,glp,2,55.0,55.0,55.0,55.0,55.0
2016-03,MUN,RJ|SAO GONCALO,glp,10,48.0,48.0,52.3,48.0,55.0
2016-03,MUN,RJ|SAO JOAO DE MERITI,glp,8,50.0,42.093,50.0,40.0,50.0
2016-03,MUN,RJ|SAPUCAIA,glp,2,54.5,54.1,54.9,54.0,55.0
2016-03,MUN,RJ|SAQUAREMA,glp,5,40.0,40.0,45.0,40.0,45.0
2016-03,MUN,RJ|TERESOPOLIS,glp,7,55.0,50.0,55.8,50.0,57.0
2016-03,MUN,RJ|TRES RIOS,glp,2,46.0,45.2,46.8,45.0,47.0
2016-03,MUN,RJ|VALENCA,glp,4,56.0,55.3,56.7,55.0,57.0
2016-03,MUN,RJ|VASSOURAS,glp,2,55.0,55.0,55.0,55.0,55.0
2016-03,MUN,RJ|VOLTA REDONDA,glp,7,54.0,53.0,57.94,53.0,58.0
2016-03,MUN,RN|CAICO,glp,5,55.0,53.0,55.6,53.0,56.0
2016-03,MUN,RN|MOSSORO,glp,12,55.0,50.2,55.0,50.0,58.0
2016-03,MUN,RN|NATAL,glp,67,55.0,55.0,60.0,50.0,61.5
2016-03,MUN,RN|PARNAMIRIM,glp,18,55.0,52.0,57.65,50.0,60.0
2016-03,MUN,RN|SANTA CRUZ,glp,1,55.0,55.0,55.0,55.0,55.0
2016-03,MUN,RN|SAO JOSE DE MIPIBU,glp,6,55.0,52.5,59.0,50.0,60.0
2016-03,MUN,RO|ARIQUEMES,glp,5,60.0,60.0,64.8,60.0,66.0
2016-03,MUN,RO|CACOAL,glp,5,65.0,65.0,65.0,65.0,65.0
2016-03,MUN,RO|GUAJARA-MIRIM,glp,5,58.0,56.8,60.0,56.0,60.0
2016-03,MUN,RO|JI-PARANA,glp,13,60.0,57.0,64.8,57.0,66.0
2016-03,MUN,RO|PIMENTA BUENO,glp,4,63.0,63.0,63.0,63.0,63.0
2016-03,MUN,RO|PORTO VELHO,glp,68,56.0,55.0,60.0,52.0,60.0
2016-03,MUN,RO|VILHENA,glp,8,64.0,63.0,65.6,63.0,67.0
2016-03,MUN,RR|BOA VISTA,glp,27,58.0,55.0,60.0,55.0,62.0
2016-03,MUN,RS|ALEGRETE,glp,7,47.0,44.6,49.4,44.0,50.0
2016-03,MUN,RS|ALVORADA,glp,7,55.0,50.0,60.0,50.0,60.0
2016-03,MUN,RS|BAGE,glp,25,62.0,60.0,63.0,58.0,64.0
2016-03,MUN,RS|BENTO GONCALVES,glp,4,61.0,58.0,64.0,58.0,64.0
2016-03,MUN,RS|CACAPAVA DO SUL,glp,7,58.0,56.8,58.0,55.0,58.0
2016-03,MUN,RS|CACHOEIRA DO SUL,glp,9,50.0,49.6,53.0,48.0,53.0
2016-03,MUN,RS|CACHOEIRINHA,glp,7,50.0,49.2,55.0,48.0,55.0
2016-03,MUN,RS|CANOAS,glp,21,53.0,45.0,58.0,45.0,59.0
2016-03,MUN,RS|CAXIAS DO SUL,glp,54,53.5,50.0,58.9,42.0,60.0
2016-03,MUN,RS|CRUZ ALTA,glp,3,41.0,39.4,41.8,39.0,42.0
2016-03,MUN,RS|ERECHIM,glp,6,57.5,57.0,60.0,57.0,60.0
2016-03,MUN,RS|ESTEIO,glp,12,56.0,50.2,57.9,50.0,58.0
2016-03,MUN,RS|GRAMADO,glp,4,56.0,55.0,57.0,55.0,57.0
2016-03,MUN,RS|GRAVATAI,glp,19,49.0,47.4,55.0,45.0,55.0
2016-03,MUN,RS|GUAIBA,glp,6,55.0,51.0,57.0,48.0,58.0
2016-03,MUN,RS|GUARANI DAS MISSOES,glp,1,50.0,50.0,50.0,50.0,50.0
2016-03,MUN,RS|IJUI,glp,6,50.0,48.0,50.0,46.0,50.0
2016-03,MUN,RS|LAJEADO,glp,13,51.0,49.2,54.0,48.0,55.0
2016-03,MUN,RS|NOVO HAMBURGO,glp,18,52.0,45.0,58.0,44.0,58.0
2016-03,MUN,RS|OSORIO,glp,5,65.0,57.8,66.8,55.0,68.0
2016-03,MUN,RS|PALMEIRA DAS MISSOES,glp,6,55.0,55.0,60.0,55.0,65.0
2016-03,MUN,RS|PASSO FUNDO,glp,32,50.0,47.0,55.0,45.0,58.0
2016-03,MUN,RS|PELOTAS,glp,25,55.0,48.4,57.0,42.0,57.0
2016-03,MUN,RS|PORTO ALEGRE,glp,40,56.5,50.0,63.1,49.0,66.0
2016-03,MUN,RS|RIO GRANDE,glp,27,48.0,45.0,50.0,45.0,50.0
2016-03,MUN,RS|SANTA CRUZ DO SUL,glp,17,52.0,52.0,55.6,52.0,58.5
2016-03,MUN,RS|SANTA MARIA,glp,78,58.0,54.35,62.0,49.0,65.0
2016-03,MUN,RS|SANTA ROSA,glp,6,51.0,50.0,53.5,50.0,55.0
2016-03,MUN,RS|SANTANA DO LIVRAMENTO,glp,15,55.0,55.0,55.0,50.0,55.0
2016-03,MUN,RS|SANTO ANGELO,glp,3,57.0,55.4,57.8,55.0,58.0
2016-03,MUN,RS|SAO BORJA,glp,6,55.0,55.0,56.5,55.0,58.0
2016-03,MUN,RS|SAO GABRIEL,glp,15,58.0,55.0,60.0,54.0,60.0
2016-03,MUN,RS|SAO LEOPOLDO,glp,13,52.0,50.0,57.4,45.0,59.0
2016-03,MUN,RS|SAO LUIZ GONZAGA,glp,6,54.0,53.0,55.0,53.0,55.0
2016-03,MUN,RS|SAPIRANGA,glp,5,55.0,45.6,55.0,44.0,55.0
2016-03,MUN,RS|SAPUCAIA DO SUL,glp,23,55.0,50.0,57.8,48.0,60.0
2016-03,MUN,RS|TORRES,glp,5,57.0,55.8,60.0,55.0,60.0
2016-03,MUN,RS|TRAMANDAI,glp,3,58.0,49.2,58.0,47.0,58.0
2016-03,MUN,RS|URUGUAIANA,glp,16,62.0,55.0,62.0,52.0,62.0
2016-03,MUN,RS|VACARIA,glp,7,55.0,50.0,55.0,50.0,55.0
2016-03,MUN,RS|VIAMAO,glp,14,58.0,55.0,62.0,55.0,62.0
2016-03,MUN,SC|ARARANGUA,glp,4,50.0,50.0,53.5,50.0,55.0
2016-03,MUN,SC|BALNEARIO CAMBORIU,glp,4,55.0,50.8,55.0,49.0,55.0
2016-03,MUN,SC|BIGUACU,glp,4,50.0,45.8,53.5,44.0,55.0
2016-03,MUN,SC|BLUMENAU,glp,8,60.0,51.4,60.75,50.0,62.5
2016-03,MUN,SC|BRUSQUE,glp,7,58.0,58.0,58.8,58.0,60.0
2016-03,MUN,SC|CACADOR,glp,6,53.0,49.0,58.0,48.0,58.0
2016-03,MUN,SC|CHAPECO,glp,13,60.0,59.2,64.2,58.0,69.9
2016-03,MUN,SC|CONCORDIA,glp,4,50.0,46.5,50.0,45.0,50.0
2016-03,MUN,SC|CRICIUMA,glp,13,48.0,48.0,50.0,45.0,55.0
2016-03,MUN,SC|FLORIANOPOLIS,glp,14,57.0,50.3,59.4,48.0,61.0
2016-03,MUN,SC|ITAJAI,glp,13,50.0,45.0,55.0,45.0,57.0
2016-03,MUN,SC|JARAGUA DO SUL,glp,6,54.0,53.0,56.5,52.0,58.0
2016-03,MUN,SC|JOINVILLE,glp,8,52.0,50.0,55.0,50.0,55.0
2016-03,MUN,SC|LAGES,glp,9,55.0,50.0,57.6,50.0,60.0
2016-03,MUN,SC|LAGUNA,glp,5,50.0,50.0,50.0,50.0,50.0
2016-03,MUN,SC|MAFRA,glp,4,58.9,55.9,63.44,55.0,65.0
2016-03,MUN,SC|PALHOCA,glp,6,51.0,49.0,52.0,48.0,52.0
2016-03,MUN,SC|SAO JOSE,glp,7,45.0,44.2,46.8,43.0,48.0
2016-03,MUN,SC|SAO MIGUEL DO OESTE,glp,3,55.0,53.4,56.52,53.0,56.9
2016-03,MUN,SC|TUBARAO,glp,7,48.0,46.8,48.0,45.0,48.0
2016-03,MUN,SC|VIDEIRA,glp,6,58.0,57.0,61.0,57.0,62.0
2016-03,MUN,SC|XANXERE,glp,4,58.0,55.9,59.4,55.0,60.0
2016-03,MUN,SE|ARACAJU,glp,33,55.0,50.4,55.0,47.0,60.0
2016-03,MUN,SE|ITABAIANA,glp,3,52.0,50.4,54.4,50.0,55.0
2016-03,MUN,SE|LAGARTO,glp,5,45.0,45.0,45.0,45.0,45.0
2016-03,MUN,SE|NOSSA SENHORA DO SOCORRO,glp,9,53.0,52.0,55.2,52.0,56.0
2016-03,MUN,SP|ADAMANTINA,glp,7,50.0,49.96,55.0,49.9,55.0
2016-03,MUN,SP|AMERICANA,glp,20,55.0,55.0,62.0,44.0,62.0
2016-03,MUN,SP|AMPARO,glp,6,56.0,56.0,57.5,56.0,58.0
2016-03,MUN,SP|ARACATUBA,glp,47,50.0,50.0,53.0,47.5,53.0
2016-03,MUN,SP|ARARAQUARA,glp,20,58.0,50.0,65.0,45.99,65.0
2016-03,MUN,SP|ARARAS,glp,11,50.0,49.9,60.0,46.9,60.0
2016-03,MUN,SP|ASSIS,glp,13,50.0,47.5,50.0,47.0,50.0
2016-03,MUN,SP|ATIBAIA,glp,14,51.0,49.0,60.0,49.0,62.0
2016-03,MUN,SP|AVARE,glp,8,56.25,53.5,60.0,50.0,60.0
2016-03,MUN,SP|BARRETOS,glp,6,50.0,48.0,53.0,48.0,53.0
2016-03,MUN,SP|BARUERI,glp,27,49.0,45.0,57.4,44.0,60.0
2016-03,MUN,SP|BAURU,glp,44,55.0,50.0,60.0,45.0,62.0
2016-03,MUN,SP|BEBEDOURO,glp,11,55.0,50.0,55.0,48.0,55.0
2016-03,MUN,SP|BIRIGUI,glp,24,50.75,45.0,55.0,45.0,55.0
2016-03,MUN,SP|BOTUCATU,glp,11,49.0,45.0,49.0,40.0,49.0
2016-03,MUN,SP|BRAGANCA PAULISTA,glp,7,50.0,49.2,50.0,48.0,50.0
2016-03,MUN,SP|CACAPAVA,glp,5,50.0,46.394,51.6,43.99,52.0
2016-03,MUN,SP|CAMPINAS,glp,63,50.0,48.0,55.0,46.0,60.0
2016-03,MUN,SP|CAMPOS DO JORDAO,glp,6,45.0,42.75,45.0,40.5,45.0
2016-03,MUN,SP|CAPAO BONITO,glp,3,55.0,53.4,56.2,53.0,56.5
2016-03,MUN,SP|CARAGUATATUBA,glp,4,50.0,47.55,50.0,46.5,50.0
2016-03,MUN,SP|CARAPICUIBA,glp,17,47.99,45.99,51.197,44.995,54.99
2016-03,MUN,SP|CATANDUVA,glp,11,50.0,48.0,50.0,45.0,50.0
2016-03,MUN,SP|COSMOPOLIS,glp,7,55.0,49.8,57.0,45.0,57.0
2016-03,MUN,SP|COTIA,glp,10,55.0,53.1,55.0,45.0,55.0
2016-03,MUN,SP|CRUZEIRO,glp,7,45.0,43.0,52.0,40.0,55.0
2016-03,MUN,SP|CUBATAO,glp,7,57.0,52.2,65.0,48.0,65.0
2016-03,MUN,SP|DIADEMA,glp,26,49.99,45.0,52.25,44.99,53.0
2016-03,MUN,SP|DRACENA,glp,4,60.0,56.5,63.5,55.0,65.0
2016-03,MUN,SP|ELISIARIO,glp,1,50.0,50.0,50.0,50.0,50.0
2016-03,MUN,SP|EMBU DAS ARTES,glp,5,50.0,50.0,52.4,50.0,54.0
2016-03,MUN,SP|FERNANDOPOLIS,glp,1,53.0,53.0,53.0,53.0,53.0
2016-03,MUN,SP|FRANCA,glp,45,48.9,44.9,50.0,43.99,52.0
2016-03,MUN,SP|GARCA,glp,5,55.0,48.8,55.0,48.0,55.0
2016-03,MUN,SP|GUARATINGUETA,glp,13,48.0,39.992,56.0,39.0,59.9
2016-03,MUN,SP|GUARUJA,glp,19,52.0,47.998,57.2,47.99,58.0
2016-03,MUN,SP|GUARULHOS,glp,40,47.5,40.0,55.0,40.0,56.0
2016-03,MUN,SP|HORTOLANDIA,glp,8,52.0,50.0,57.3,50.0,58.0
2016-03,MUN,SP|IBITINGA,glp,8,52.75,51.4,55.0,50.0,55.0
2016-03,MUN,SP|INDAIATUBA,glp,18,50.0,45.0,55.0,45.0,55.0
2016-03,MUN,SP|ITANHAEM,glp,9,48.99,44.4,53.0,38.0,53.0
2016-03,MUN,SP|ITAPECERICA DA SERRA,glp,12,55.0,50.0,55.0,48.0,60.0
2016-03,MUN,SP|ITAPETININGA,glp,15,52.0,46.2,55.6,41.0,57.0
2016-03,MUN,SP|ITAPEVA,glp,5,55.0,52.8,56.8,52.0,58.0
2016-03,MUN,SP|ITAPEVI,glp,6,46.49,42.495,53.99,40.0,59.98
2016-03,MUN,SP|ITAPIRA,glp,4,52.0,50.6,53.4,50.0,54.0
2016-03,MUN,SP|ITAPOLIS,glp,12,55.0,50.4,56.0,48.0,58.0
2016-03,MUN,SP|ITAQUAQUECETUBA,glp,14,42.495,39.993,45.0,38.0,48.0
2016-03,MUN,SP|ITATIBA,glp,4,53.5,51.3,57.1,51.0,58.0
2016-03,MUN,SP|ITU,glp,7,45.99,45.0,50.2,45.0,52.0
2016-03,MUN,SP|JABOTICABAL,glp,8,45.0,42.0,51.8,42.0,56.0
2016-03,MUN,SP|JACAREI,glp,13,48.0,40.0,55.49,35.0,58.0
2016-03,MUN,SP|JALES,glp,6,53.0,51.0,55.0,50.0,55.0
2016-03,MUN,SP|JANDIRA,glp,11,50.0,48.0,50.0,47.0,54.0
2016-03,MUN,SP|JAU,glp,11,60.0,59.9,65.0,55.0,65.0
2016-03,MUN,SP|JOSE BONIFACIO,glp,7,50.0,48.8,53.76,47.0,54.9
2016-03,MUN,SP|JUNDIAI,glp,10,51.0,49.5,56.29,45.0,58.9
2016-03,MUN,SP|LEME,glp,11,50.0,45.0,59.0,45.0,59.0
2016-03,MUN,SP|LIMEIRA,glp,17,50.0,48.0,55.0,45.0,55.0
2016-03,MUN,SP|LINS,glp,11,60.0,60.0,63.0,55.0,63.0
2016-03,MUN,SP|LORENA,glp,18,44.0,40.0,49.0,38.0,50.0
2016-03,MUN,SP|MARILIA,glp,12,53.0,50.145,55.25,50.0,56.0
2016-03,MUN,SP|MATAO,glp,12,52.25,47.05,55.0,45.0,55.0
2016-03,MUN,SP|MAUA,glp,31,52.0,48.0,55.0,43.1,58.0
2016-03,MUN,SP|MIRASSOL,glp,12,45.0,45.0,50.0,42.0,50.0
2016-03,MUN,SP|MOCOCA,glp,9,53.0,51.2,55.0,48.0,55.0
2016-03,MUN,SP|MOGI DAS CRUZES,glp,34,54.0,42.9,57.245,37.0,59.0
2016-03,MUN,SP|MOGI GUACU,glp,14,54.5,50.0,55.0,48.0,59.0
2016-03,MUN,SP|MOGI MIRIM,glp,8,46.5,44.4,53.0,43.0,60.0
2016-03,MUN,SP|MONTE ALTO,glp,9,50.0,47.69,50.9,46.45,54.5
2016-03,MUN,SP|OLIMPIA,glp,7,40.0,40.0,45.0,40.0,45.0
2016-03,MUN,SP|OSASCO,glp,66,49.995,47.99,55.358,42.99,68.99
2016-03,MUN,SP|OURINHOS,glp,14,51.5,50.0,57.0,50.0,57.0
2016-03,MUN,SP|PARAGUACU PAULISTA,glp,12,60.0,55.5,60.0,55.0,60.0
2016-03,MUN,SP|PAULINIA,glp,14,47.0,45.0,55.0,44.0,55.0
2016-03,MUN,SP|PINDAMONHANGABA,glp,12,48.0,45.0,50.0,45.0,50.0
2016-03,MUN,SP|PIRACICABA,glp,21,55.0,50.0,60.0,50.0,60.0
2016-03,MUN,SP|PIRASSUNUNGA,glp,2,49.975,49.955,49.995,49.95,50.0
2016-03,MUN,SP|POA,glp,8,50.0,45.0,53.0,45.0,53.0
2016-03,MUN,SP|PORTO FERREIRA,glp,2,45.5,45.1,45.9,45.0,46.0
2016-03,MUN,SP|PRAIA GRANDE,glp,36,53.0,48.0,61.0,46.99,65.0
2016-03,MUN,SP|PRESIDENTE PRUDENTE,glp,25,57.0,50.0,60.0,45.0,64.0
2016-03,MUN,SP|PRESIDENTE VENCESLAU,glp,7,49.9,44.8,50.0,43.0,50.0
2016-03,MUN,SP|RIBEIRAO PIRES,glp,12,49.0,44.91,50.0,44.9,50.1
2016-03,MUN,SP|RIBEIRAO PRETO,glp,43,55.0,50.0,60.0,45.0,62.0
2016-03,MUN,SP|RIO CLARO,glp,6,50.0,49.0,53.5,48.0,54.0
2016-03,MUN,SP|SALTO,glp,11,47.0,44.0,52.0,41.0,55.0
2016-03,MUN,SP|SANTA BARBARA D'OESTE,glp,17,55.0,50.0,55.8,50.0,60.0
2016-03,MUN,SP|SANTA CRUZ DO RIO PARDO,glp,13,52.0,50.0,54.6,50.0,55.0
2016-03,MUN,SP|SANTO ANDRE,glp,37,52.9,46.6,61.16,39.99,63.0
2016-03,MUN,SP|SANTOS,glp,30,56.0,46.9,60.35,40.0,68.9
2016-03,MUN,SP|SAO BERNARDO DO CAMPO,glp,40,55.0,47.71,62.1,44.5,69.9
2016-03,MUN,SP|SAO CAETANO DO SUL,glp,5,55.0,55.0,62.996,55.0,65.0
2016-03,MUN,SP|SAO CARLOS,glp,20,55.0,54.61,58.4,48.0,63.0
2016-03,MUN,SP|SAO JOAO DA BOA VISTA,glp,9,55.0,54.6,55.6,53.0,58.0
2016-03,MUN,SP|SAO JOAQUIM DA BARRA,glp,10,45.0,45.0,50.5,45.0,55.0
2016-03,MUN,SP|SAO JOSE DO RIO PRETO,glp,52,50.0,50.0,55.0,44.0,59.0
2016-03,MUN,SP|SAO JOSE DOS CAMPOS,glp,24,52.0,45.3,55.0,38.0,58.0
2016-03,MUN,SP|SAO PAULO,glp,200,50.0,45.0,58.0,40.0,63.0
2016-03,MUN,SP|SAO ROQUE,glp,6,51.5,49.0,55.5,48.0,58.0
2016-03,MUN,SP|SAO VICENTE,glp,47,52.0,46.797,59.1,43.99,62.0
2016-03,MUN,SP|SERTAOZINHO,glp,11,50.0,45.0,51.0,45.0,54.0
2016-03,MUN,SP|SOROCABA,glp,19,51.0,48.0,55.0,47.9,59.9
2016-03,MUN,SP|SUMARE,glp,8,55.0,54.1,55.0,52.0,55.0
2016-03,MUN,SP|SUZANO,glp,11,50.0,50.0,59.0,46.0,59.0
2016-03,MUN,SP|TABOAO DA SERRA,glp,6,50.0,48.5,52.5,47.0,55.0
2016-03,MUN,SP|TATUI,glp,8,57.5,55.0,60.3,55.0,61.0
2016-03,MUN,SP|TAUBATE,glp,11,50.0,45.0,55.0,45.0,55.0
2016-03,MUN,SP|TUPA,glp,6,57.5,53.0,60.0,53.0,60.0
2016-03,MUN,SP|UBATUBA,glp,11,50.0,45.0,58.0,45.0,60.0
2016-03,MUN,SP|VALINHOS,glp,8,55.5,53.0,57.0,53.0,57.0
2016-03,MUN,SP|VARZEA PAULISTA,glp,10,48.0,41.8,50.5,40.0,55.0
2016-03,MUN,SP|VINHEDO,glp,4,57.5,57.0,58.7,57.0,59.0
2016-03,MUN,SP|VOTORANTIM,glp,17,50.0,50.0,55.0,46.0,56.0
2016-03,MUN,SP|VOTUPORANGA,glp,6,48.0,47.25,49.0,47.0,50.0
2016-03,MUN,TO|ARAGUAINA,glp,11,70.0,65.0,75.0,65.0,75.0
2016-03,MUN,TO|GUARAI,glp,1,70.0,70.0,70.0,70.0,70.0
2016-03,MUN,TO|GURUPI,glp,36,65.0,65.0,66.0,60.0,70.0
2016-03,MUN,TO|MIRACEMA DO TOCANTINS,glp,1,75.0,75.0,75.0,75.0,75.0
2016-03,MUN,TO|PALMAS,glp,46,75.0,72.5,75.0,72.0,76.0
2016-03,MUN,TO|PARAISO DO TOCANTINS,glp,6,65.0,65.0,68.0,65.0,68.0
2016-03,MUN,TO|PORTO NACIONAL,glp,9,65.0,60.0,65.0,60.0,65.0
2016-03,UF,AC,glp,80,58.0,55.0,60.0,53.0,68.0
2016-03,UF,AL,glp,110,53.0,45.0,55.0,40.0,55.0
2016-03,UF,AM,glp,351,50.0,49.0,53.0,45.0,62.0
2016-03,UF,AP,glp,21,69.0,65.0,69.0,63.0,70.0
2016-03,UF,BA,glp,541,50.0,40.0,56.0,35.0,63.0
2016-03,UF,CE,glp,248,60.0,55.0,65.0,50.0,66.5
2016-03,UF,DF,glp,150,55.0,50.0,60.0,50.0,65.0
2016-03,UF,ES,glp,380,50.0,49.9,55.0,41.0,60.0
2016-03,UF,GO,glp,381,55.0,52.0,58.0,50.0,63.0
2016-03,UF,MA,glp,163,50.0,45.0,60.0,39.9,65.0
2016-03,UF,MG,glp,821,58.0,50.0,62.0,40.0,68.0
2016-03,UF,MS,glp,537,66.0,63.0,67.0,50.0,75.0
2016-03,UF,MT,glp,250,70.0,65.0,75.0,63.0,82.0
2016-03,UF,PA,glp,207,58.0,51.6,68.0,45.0,75.0
2016-03,UF,PB,glp,95,55.0,47.0,55.0,42.0,60.0
2016-03,UF,PE,glp,374,45.0,40.0,50.0,39.0,60.0
2016-03,UF,PI,glp,84,55.0,55.0,60.0,49.99,62.0
2016-03,UF,PR,glp,605,60.0,50.0,65.5,42.0,70.0
2016-03,UF,RJ,glp,286,50.0,44.45,57.95,39.99,65.0
2016-03,UF,RN,glp,109,55.0,52.4,60.0,50.0,61.5
2016-03,UF,RO,glp,108,57.0,55.0,65.0,52.0,67.0
2016-03,UF,RR,glp,27,58.0,55.0,60.0,55.0,62.0
2016-03,UF,RS,glp,596,55.0,48.0,61.0,39.0,68.0
2016-03,UF,SC,glp,155,54.0,48.0,60.0,43.0,69.9
2016-03,UF,SE,glp,50,54.5,46.8,55.0,45.0,60.0
2016-03,UF,SP,glp,1905,50.0,45.0,58.0,35.0,69.9
2016-03,UF,TO,glp,110,70.0,65.0,75.0,60.0,76.0
2016-04,BR,BR,glp,8613,55.0,46.0,65.0,35.0,82.0
2016-04,MUN,AC|CRUZEIRO DO SUL,glp,8,68.0,67.7,68.6,67.0,70.0
2016-04,MUN,AC|RIO BRANCO,glp,72,58.0,55.0,60.0,53.0,64.5
2016-04,MUN,AL|ARAPIRACA,glp,14,45.0,42.0,49.4,40.0,50.0
2016-04,MUN,AL|ATALAIA,glp,1,45.0,45.0,45.0,45.0,45.0
2016-04,MUN,AL|DELMIRO GOUVEIA,glp,3,55.0,55.0,55.0,55.0,55.0
2016-04,MUN,AL|MACEIO,glp,56,50.0,47.5,53.0,45.0,53.0
2016-04,MUN,AL|MARECHAL DEODORO,glp,6,50.0,50.0,51.25,50.0,51.5
2016-04,MUN,AL|PALMEIRA DOS INDIOS,glp,5,55.0,55.0,55.0,55.0,55.0
2016-04,MUN,AL|RIO LARGO,glp,8,47.5,45.0,52.9,45.0,55.0
2016-04,MUN,AL|SANTANA DO IPANEMA,glp,4,55.0,55.0,55.0,55.0,55.0
2016-04,MUN,AM|HUMAITA,glp,5,55.0,55.0,58.0,55.0,58.0
2016-04,MUN,AM|ITACOATIARA,glp,16,55.5,55.0,60.0,55.0,60.0
2016-04,MUN,AM|MANACAPURU,glp,5,57.0,57.0,57.6,57.0,58.0
2016-04,MUN,AM|MANAUS,glp,258,50.0,49.0,52.0,46.0,54.25
2016-04,MUN,AM|PARINTINS,glp,4,50.5,50.0,51.7,50.0,52.0
2016-04,MUN,AM|TEFE,glp,2,62.0,62.0,62.0,62.0,62.0
2016-04,MUN,AP|CALCOENE,glp,1,67.0,67.0,67.0,67.0,67.0
2016-04,MUN,AP|LARANJAL DO JARI,glp,1,69.0,69.0,69.0,69.0,69.0
2016-04,MUN,AP|MACAPA,glp,28,69.0,67.0,70.0,65.0,70.0
2016-04,MUN,AP|SANTANA,glp,5,66.0,63.8,67.6,63.0,68.0
2016-04,MUN,BA|ALAGOINHAS,glp,5,58.0,56.0,58.0,56.0,58.0
2016-04,MUN,BA|BARREIRAS,glp,10,55.0,53.0,63.0,53.0,63.0
2016-04,MUN,BA|BRUMADO,glp,5,53.0,53.0,55.0,53.0,55.0
2016-04,MUN,BA|CAETITE,glp,6,45.0,44.0,45.0,43.0,45.0
2016-04,MUN,BA|CAMACARI,glp,19,55.0,50.0,58.0,50.0,60.0
2016-04,MUN,BA|CANDEIAS,glp,5,50.0,50.0,50.6,50.0,51.0
2016-04,MUN,BA|CENTRAL,glp,1,40.0,40.0,40.0,40.0,40.0
2016-04,MUN,BA|EUNAPOLIS,glp,13,55.0,55.0,57.6,53.5,60.0
2016-04,MUN,BA|FEIRA DE SANTANA,glp,28,49.9,48.0,52.93,47.0,53.0
2016-04,MUN,BA|GUANAMBI,glp,16,40.0,40.0,40.0,40.0,40.0
2016-04,MUN,BA|ILHEUS,glp,6,56.0,55.0,57.955,55.0,58.91
2016-04,MUN,BA|IPIRA,glp,3,48.0,48.0,51.2,48.0,52.0
2016-04,MUN,BA|IRECE,glp,7,42.0,39.6,47.4,39.0,48.0
2016-04,MUN,BA|ITABUNA,glp,8,53.0,49.1,56.0,47.0,56.0
2016-04,MUN,BA|ITAMARAJU,glp,5,53.0,52.0,53.0,52.0,53.0
2016-04,MUN,BA|JACOBINA,glp,5,53.0,51.2,53.0,50.0,53.0
2016-04,MUN,BA|JAGUAQUARA,glp,6,42.0,41.0,45.0,40.0,45.0
2016-04,MUN,BA|JEQUIE,glp,12,38.0,37.0,43.0,35.0,45.0
2016-04,MUN,BA|JUAZEIRO,glp,7,45.0,45.0,46.2,45.0,48.0
2016-04,MUN,BA|LAURO DE FREITAS,glp,17,52.0,50.0,57.4,50.0,60.0
2016-04,MUN,BA|LIVRAMENTO DE NOSSA SENHORA,glp,3,50.0,46.0,50.0,45.0,50.0
2016-04,MUN,BA|PAULO AFONSO,glp,5,55.0,52.8,56.2,52.0,57.0
2016-04,MUN,BA|POCOES,glp,6,45.0,44.5,45.0,44.0,45.0
2016-04,MUN,BA|PORTO SEGURO,glp,11,50.0,46.0,57.0,43.0,60.0
2016-04,MUN,BA|SALVADOR,glp,244,53.0,42.0,56.0,38.0,60.0
2016-04,MUN,BA|SANTANOPOLIS,glp,1,53.0,53.0,53.0,53.0,53.0
2016-04,MUN,BA|SANTO ANTONIO DE JESUS,glp,11,47.0,45.0,50.0,45.0,50.0
2016-04,MUN,BA|SENHOR DO BONFIM,glp,2,52.5,50.5,54.5,50.0,55.0
2016-04,MUN,BA|SERRINHA,glp,6,41.0,40.0,47.5,40.0,50.0
2016-04,MUN,BA|SIMOES FILHO,glp,7,50.0,50.0,55.0,50.0,55.0
2016-04,MUN,BA|TEIXEIRA DE FREITAS,glp,7,50.0,48.0,54.4,48.0,58.0
2016-04,MUN,BA|VALENCA,glp,5,55.0,55.0,56.8,55.0,58.0
2016-04,MUN,BA|VARZEDO,glp,1,45.0,45.0,45.0,45.0,45.0
2016-04,MUN,BA|VITORIA DA CONQUISTA,glp,12,50.0,50.0,54.8,45.0,55.0
2016-04,MUN,CE|BEBERIBE,glp,5,60.0,60.0,65.0,60.0,65.0
2016-04,MUN,CE|CANINDE,glp,5,57.0,52.0,59.2,50.0,60.0
2016-04,MUN,CE|CAUCAIA,glp,24,60.0,55.0,64.55,55.0,65.0
2016-04,MUN,CE|CRATEUS,glp,4,62.0,60.6,62.35,60.0,62.5
2016-04,MUN,CE|CRATO,glp,15,60.0,55.0,62.0,50.0,62.0
2016-04,MUN,CE|FORTALEZA,glp,125,62.0,60.0,65.0,55.0,65.5
2016-04,MUN,CE|ICO,glp,4,55.0,55.0,56.4,55.0,57.0
2016-04,MUN,CE|IGUATU,glp,3,55.0,51.0,56.2,50.0,56.5
2016-04,MUN,CE|IPU,glp,2,55.5,55.1,55.9,55.0,56.0
2016-04,MUN,CE|ITAPIPOCA,glp,8,56.0,55.0,58.0,55.0,58.0
2016-04,MUN,CE|JUAZEIRO DO NORTE,glp,10,55.5,55.0,60.0,55.0,60.0
2016-04,MUN,CE|LIMOEIRO DO NORTE,glp,6,57.5,55.0,60.0,55.0,60.0
2016-04,MUN,CE|MARACANAU,glp,14,65.0,60.0,65.0,60.0,65.0
2016-04,MUN,CE|MORADA NOVA,glp,4,59.0,55.9,60.0,55.0,60.0
2016-04,MUN,CE|QUIXADA,glp,5,55.0,53.8,56.8,53.0,58.0
2016-04,MUN,CE|SOBRAL,glp,5,58.0,55.0,59.2,55.0,60.0
2016-04,MUN,DF|BRASILIA,glp,71,59.9,50.0,60.0,48.0,65.0
2016-04,MUN,ES|ARACRUZ,glp,13,50.0,45.4,53.0,42.0,55.0
2016-04,MUN,ES|BARRA DE SAO FRANCISCO,glp,6,57.0,56.0,60.0,55.0,60.0
2016-04,MUN,ES|CACHOEIRO DE ITAPEMIRIM,glp,17,50.0,50.0,55.0,48.0,60.0
2016-04,MUN,ES|CARIACICA,glp,66,50.0,50.0,52.0,48.0,55.0
2016-04,MUN,ES|COLATINA,glp,9,50.0,47.8,52.0,47.0,52.0
2016-04,MUN,ES|GUARAPARI,glp,30,52.0,50.0,55.0,48.0,55.0
2016-04,MUN,ES|ITAPEMIRIM,glp,3,52.0,50.4,52.8,50.0,53.0
2016-04,MUN,ES|LINHARES,glp,14,55.0,49.3,60.0,48.0,60.0
2016-04,MUN,ES|MARATAIZES,glp,1,50.0,50.0,50.0,50.0,50.0
2016-04,MUN,ES|SAO MATEUS,glp,6,49.0,43.75,50.0,41.0,50.0
2016-04,MUN,ES|SERRA,glp,139,50.0,49.9,55.0,40.0,55.0
2016-04,MUN,ES|VILA VELHA,glp,51,50.0,50.0,55.0,49.9,55.0
2016-04,MUN,ES|VITORIA,glp,24,50.0,50.0,52.0,49.99,55.0
2016-04,MUN,GO|AGUAS LINDAS DE GOIAS,glp,16,56.0,55.0,56.0,55.0,56.0
2016-04,MUN,GO|ANAPOLIS,glp,79,53.0,52.0,54.0,50.0,55.0
2016-04,MUN,GO|APARECIDA DE GOIANIA,glp,59,55.0,53.9,57.0,53.0,58.0
2016-04,MUN,GO|CALDAS NOVAS,glp,17,60.0,58.0,60.0,56.0,61.0
2016-04,MUN,GO|CATALAO,glp,17,55.0,54.0,55.0,54.0,56.0
2016-04,MUN,GO|FORMOSA,glp,21,56.0,55.0,57.0,54.0,58.0
2016-04,MUN,GO|GOIANIA,glp,154,57.0,55.0,58.0,55.0,60.0
2016-04,MUN,GO|GOIANIRA,glp,1,55.0,55.0,55.0,55.0,55.0
2016-04,MUN,GO|GOIATUBA,glp,6,57.0,56.0,57.0,56.0,57.0
2016-04,MUN,GO|ITUMBIARA,glp,10,60.0,60.0,61.0,60.0,61.0
2016-04,MUN,GO|JARAGUA,glp,1,54.0,54.0,54.0,54.0,54.0
2016-04,MUN,GO|JATAI,glp,24,60.0,60.0,61.0,58.0,63.0
2016-04,MUN,GO|LUZIANIA,glp,29,55.0,54.0,57.0,53.0,58.0
2016-04,MUN,GO|MINEIROS,glp,11,60.0,58.0,60.0,58.0,61.0
2016-04,MUN,GO|MORRINHOS,glp,11,57.0,55.0,57.0,55.0,58.0
2016-04,MUN,GO|PONTALINA,glp,1,56.0,56.0,56.0,56.0,56.0
2016-04,MUN,GO|PORANGATU,glp,26,55.0,54.0,56.0,54.0,56.0
2016-04,MUN,GO|RIO VERDE,glp,24,57.5,56.0,58.0,56.0,58.0
2016-04,MUN,GO|TRINDADE,glp,40,55.0,54.0,55.0,52.0,57.0
2016-04,MUN,GO|VALPARAISO DE GOIAS,glp,19,56.0,55.0,57.0,55.0,57.0
2016-04,MUN,MA|ACAILANDIA,glp,4,45.0,45.0,45.0,45.0,45.0
2016-04,MUN,MA|BACABAL,glp,3,60.0,60.0,60.0,60.0,60.0
2016-04,MUN,MA|BALSAS,glp,5,65.0,65.0,65.0,65.0,65.0
2016-04,MUN,MA|BARRA DO CORDA,glp,4,57.0,57.0,57.0,57.0,57.0
2016-04,MUN,MA|CAXIAS,glp,3,65.0,63.4,65.0,63.0,65.0
2016-04,MUN,MA|CODO,glp,3,60.0,60.0,60.0,60.0,60.0
2016-04,MUN,MA|IMPERATRIZ,glp,35,60.0,60.0,60.0,55.0,60.0
2016-04,MUN,MA|PINHEIRO,glp,3,65.0,65.0,65.0,65.0,65.0
2016-04,MUN,MA|PRESIDENTE DUTRA,glp,3,60.0,60.0,60.0,60.0,60.0
2016-04,MUN,MA|SANTA INES,glp,3,62.0,60.4,62.0,60.0,62.0
2016-04,MUN,MA|SAO DOMINGOS DO MARANHAO,glp,3,50.0,50.0,50.0,50.0,50.0
2016-04,MUN,MA|SAO JOSE DE RIBAMAR,glp,14,50.0,48.6,50.0,45.0,50.0
2016-04,MUN,MA|SAO LUIS,glp,64,50.0,40.0,50.0,39.99,50.0
2016-04,MUN,MA|SAO VICENTE FERRER,glp,1,65.0,65.0,65.0,65.0,65.0
2016-04,MUN,MA|TIMON,glp,6,55.0,55.0,55.0,55.0,55.0
2016-04,MUN,MG|ALFENAS,glp,12,47.5,45.0,50.0,45.0,50.0
2016-04,MUN,MG|ARAGUARI,glp,10,57.5,53.8,60.0,52.0,60.0
2016-04,MUN,MG|ARAXA,glp,10,60.5,56.249,62.3,53.99,65.0
2016-04,MUN,MG|BARBACENA,glp,19,53.0,50.0,60.0,50.0,60.0
2016-04,MUN,MG|BELO HORIZONTE,glp,42,62.0,55.5,65.0,50.0,65.0
2016-04,MUN,MG|BETIM,glp,12,57.5,50.4,62.7,50.0,65.0
2016-04,MUN,MG|BOM DESPACHO,glp,5,60.0,60.0,60.0,60.0,60.0
2016-04,MUN,MG|CAMPO BELO,glp,6,44.0,43.5,48.75,43.5,51.0
2016-04,MUN,MG|CARATINGA,glp,2,52.0,50.4,53.6,50.0,54.0
2016-04,MUN,MG|CATAGUASES,glp,6,55.5,55.0,57.0,55.0,57.0
2016-04,MUN,MG|CONGONHAS,glp,7,55.0,53.0,55.0,50.0,55.0
2016-04,MUN,MG|CONSELHEIRO LAFAIETE,glp,8,50.0,50.0,53.6,50.0,55.0
2016-04,MUN,MG|CONTAGEM,glp,17,60.0,60.0,62.0,60.0,62.0
2016-04,MUN,MG|CORONEL FABRICIANO,glp,9,56.0,54.0,60.0,50.0,60.0
2016-04,MUN,MG|CURVELO,glp,7,50.0,48.0,53.2,45.0,55.0
2016-04,MUN,MG|DIAMANTINA,glp,5,60.0,60.0,64.0,60.0,64.0
2016-04,MUN,MG|DIVINOPOLIS,glp,17,55.0,55.0,59.4,54.0,60.0
2016-04,MUN,MG|FORMIGA,glp,6,57.0,56.0,58.5,55.0,59.0
2016-04,MUN,MG|FRUTAL,glp,5,48.0,47.9,49.2,47.9,50.0
2016-04,MUN,MG|GOVERNADOR VALADARES,glp,13,55.0,50.0,57.8,48.0,59.0
2016-04,MUN,MG|GUAXUPE,glp,7,51.4,49.32,52.94,48.45,53.0
2016-04,MUN,MG|IPATINGA,glp,17,55.0,52.6,58.0,50.0,58.0
2016-04,MUN,MG|ITABIRA,glp,5,64.0,62.8,64.6,62.0,65.0
2016-04,MUN,MG|ITAJUBA,glp,6,50.0,48.0,53.45,48.0,54.9
2016-04,MUN,MG|ITAUNA,glp,10,50.0,48.0,55.0,48.0,55.0
2016-04,MUN,MG|ITUIUTABA,glp,22,56.0,50.3,58.0,50.0,58.0
2016-04,MUN,MG|JANAUBA,glp,2,52.5,50.5,54.5,50.0,55.0
2016-04,MUN,MG|JANUARIA,glp,14,56.0,55.0,57.4,55.0,60.0
2016-04,MUN,MG|JOAO MONLEVADE,glp,11,53.0,50.0,60.0,48.0,60.0
2016-04,MUN,MG|JOAO PINHEIRO,glp,11,55.0,55.0,60.0,52.0,60.0
2016-04,MUN,MG|JUIZ DE FORA,glp,45,55.0,50.0,62.0,48.0,68.0
2016-04,MUN,MG|LAVRAS,glp,8,54.0,49.4,58.6,48.0,60.0
2016-04,MUN,MG|LEOPOLDINA,glp,6,57.0,57.0,58.0,57.0,58.0
2016-04,MUN,MG|MANHUACU,glp,6,47.5,47.0,48.0,47.0,48.0
2016-04,MUN,MG|MONTE CARMELO,glp,9,55.0,50.0,55.0,50.0,55.0
2016-04,MUN,MG|MONTES CLAROS,glp,91,60.0,60.0,61.0,59.5,62.0
2016-04,MUN,MG|MURIAE,glp,5,55.0,50.0,58.0,50.0,60.0
2016-04,MUN,MG|NOVA LIMA,glp,5,60.0,51.16,61.2,50.0,62.0
2016-04,MUN,MG|OLIVEIRA,glp,4,54.0,53.3,54.7,53.0,55.0
2016-04,MUN,MG|OURO PRETO,glp,6,61.0,59.0,63.5,58.0,65.0
2016-04,MUN,MG|PARA DE MINAS,glp,3,58.5,55.7,58.5,55.0,58.5
2016-04,MUN,MG|PARACATU,glp,8,50.0,48.5,55.0,45.0,55.0
2016-04,MUN,MG|PASSOS,glp,16,55.0,50.0,58.0,50.0,63.0
2016-04,MUN,MG|PATOS DE MINAS,glp,7,55.0,51.8,58.0,50.0,58.0
2016-04,MUN,MG|PATROCINIO,glp,5,53.0,50.0,60.0,50.0,60.0
2016-04,MUN,MG|POCOS DE CALDAS,glp,19,50.5,48.792,52.0,48.0,52.0
2016-04,MUN,MG|POUSO ALEGRE,glp,9,42.0,40.0,55.0,40.0,55.0
2016-04,MUN,MG|RIBEIRAO DAS NEVES,glp,12,55.0,48.0,65.0,47.0,65.0
2016-04,MUN,MG|SABARA,glp,8,54.5,53.0,57.9,53.0,60.0
2016-04,MUN,MG|SANTA LUZIA,glp,10,60.0,55.54,65.0,55.0,65.0
2016-04,MUN,MG|SAO JOAO DEL REI,glp,16,55.0,54.5,58.0,54.0,60.0
2016-04,MUN,MG|SAO LOURENCO,glp,4,56.0,55.0,57.7,55.0,58.0
2016-04,MUN,MG|SAO SEBASTIAO DO PARAISO,glp,16,55.0,49.5,55.0,48.0,55.0
2016-04,MUN,MG|SETE LAGOAS,glp,15,50.0,46.8,56.8,45.0,60.0
2016-04,MUN,MG|TEOFILO OTONI,glp,19,52.0,49.6,59.2,48.0,60.0
2016-04,MUN,MG|TIMOTEO,glp,6,60.0,56.0,62.5,55.0,65.0
2016-04,MUN,MG|TRES CORACOES,glp,8,50.0,47.0,55.0,47.0,55.0
2016-04,MUN,MG|UBA,glp,12,65.0,60.25,65.0,60.0,65.0
2016-04,MUN,MG|UBERABA,glp,22,50.0,49.1,55.0,49.0,60.0
2016-04,MUN,MG|UBERLANDIA,glp,25,60.0,55.4,62.0,55.0,64.0
2016-04,MUN,MG|UNAI,glp,4,65.0,65.0,65.0,65.0,65.0
2016-04,MUN,MG|VARGINHA,glp,13,50.0,50.0,52.4,48.0,54.0
2016-04,MUN,MG|VESPASIANO,glp,10,61.5,60.0,64.1,60.0,65.0
2016-04,MUN,MG|VICOSA,glp,3,60.0,58.4,62.4,58.0,63.0
2016-04,MUN,MS|BATAYPORA,glp,1,65.0,65.0,65.0,65.0,65.0
2016-04,MUN,MS|CAMPO GRANDE,glp,372,66.0,64.0,67.0,55.0,69.0
2016-04,MUN,MS|CORUMBA,glp,5,60.0,60.0,60.0,60.0,60.0
2016-04,MUN,MS|COXIM,glp,8,70.0,67.7,71.3,67.0,72.0
2016-04,MUN,MS|DOURADOS,glp,31,65.0,60.0,67.0,56.0,69.0
2016-04,MUN,MS|NOVA ANDRADINA,glp,11,65.0,60.0,65.0,60.0,70.0
2016-04,MUN,MS|PARANAIBA,glp,10,65.0,65.0,65.0,65.0,65.0
2016-04,MUN,MS|PONTA PORA,glp,2,52.0,52.0,52.0,52.0,52.0
2016-04,MUN,MS|TRES LAGOAS,glp,7,50.0,50.0,50.0,50.0,50.0
2016-04,MUN,MT|ALTA FLORESTA,glp,6,75.0,75.0,77.5,75.0,80.0
2016-04,MUN,MT|CACERES,glp,8,71.0,70.0,72.0,70.0,72.0
2016-04,MUN,MT|CUIABA,glp,157,70.0,65.0,75.0,63.0,80.0
2016-04,MUN,MT|RONDONOPOLIS,glp,12,75.0,73.1,75.0,73.0,75.0
2016-04,MUN,MT|SINOP,glp,16,67.5,65.0,72.5,65.0,75.0
2016-04,MUN,MT|SORRISO,glp,8,80.0,80.0,82.0,80.0,82.0
2016-04,MUN,MT|VARZEA GRANDE,glp,42,70.0,68.2,75.0,68.0,75.0
2016-04,MUN,PA|ABAETETUBA,glp,6,49.5,48.0,55.5,48.0,56.0
2016-04,MUN,PA|ALENQUER,glp,3,60.0,57.6,60.0,57.0,60.0
2016-04,MUN,PA|ALTAMIRA,glp,8,65.0,64.7,65.0,64.0,65.0
2016-04,MUN,PA|ANANINDEUA,glp,25,55.0,55.0,60.0,50.0,60.0
2016-04,MUN,PA|BELEM,glp,80,55.0,50.0,58.0,45.0,60.0
2016-04,MUN,PA|BRAGANCA,glp,6,60.0,59.0,60.0,58.0,60.0
2016-04,MUN,PA|CAMETA,glp,7,55.0,55.0,60.8,55.0,65.0
2016-04,MUN,PA|CASTANHAL,glp,6,59.0,55.0,60.0,55.0,60.0
2016-04,MUN,PA|CONCEICAO DO ARAGUAIA,glp,6,63.0,61.5,65.0,60.0,65.0
2016-04,MUN,PA|ITAITUBA,glp,6,71.0,65.0,73.5,65.0,75.0
2016-04,MUN,PA|MARABA,glp,7,68.0,65.0,68.0,65.0,68.0
2016-04,MUN,PA|PARAGOMINAS,glp,4,70.0,67.9,70.0,67.0,70.0
2016-04,MUN,PA|PARAUAPEBAS,glp,4,65.0,61.5,65.7,60.0,66.0
2016-04,MUN,PA|REDENCAO,glp,7,70.0,67.6,70.0,67.0,70.0
2016-04,MUN,PA|SANTAREM,glp,25,55.0,53.4,56.0,52.0,57.0
2016-04,MUN,PA|XINGUARA,glp,6,68.0,66.5,68.0,65.0,68.0
2016-04,MUN,PB|BAYEUX,glp,7,50.0,48.0,55.0,45.0,55.0
2016-04,MUN,PB|CABEDELO,glp,8,55.0,53.5,55.0,50.0,55.0
2016-04,MUN,PB|CAMPINA GRANDE,glp,40,53.75,50.0,55.0,50.0,57.5
2016-04,MUN,PB|JOAO PESSOA,glp,24,53.0,50.0,55.0,50.0,55.0
2016-04,MUN,PB|PATOS,glp,4,45.5,42.9,48.8,42.0,50.0
2016-04,MUN,PB|PIANCO,glp,1,55.0,55.0,55.0,55.0,55.0
2016-04,MUN,PB|SANTA RITA,glp,7,47.0,45.4,50.0,43.0,50.0
2016-04,MUN,PB|SOUSA,glp,3,44.0,42.4,44.4,42.0,44.5
2016-04,MUN,PE|ABREU E LIMA,glp,8,45.0,44.1,50.496,42.0,57.5
2016-04,MUN,PE|ARARIPINA,glp,6,54.0,52.5,56.5,52.0,58.0
2016-04,MUN,PE|ARCOVERDE,glp,4,50.0,50.0,53.5,50.0,55.0
2016-04,MUN,PE|BELO JARDIM,glp,4,45.0,41.5,48.5,40.0,50.0
2016-04,MUN,PE|CABO DE SANTO AGOSTINHO,glp,13,45.0,45.0,50.0,44.0,50.0
2016-04,MUN,PE|CACHOEIRINHA,glp,1,42.5,42.5,42.5,42.5,42.5
2016-04,MUN,PE|CAMARAGIBE,glp,16,45.0,44.0,51.25,40.995,54.0
2016-04,MUN,PE|CARUARU,glp,15,40.0,40.0,42.9,38.0,45.0
2016-04,MUN,PE|GARANHUNS,glp,7,50.0,50.0,53.2,50.0,58.0
2016-04,MUN,PE|GOIANA,glp,2,50.0,50.0,50.0,50.0,50.0
2016-04,MUN,PE|GRAVATA,glp,7,45.0,40.0,45.0,40.0,45.0
2016-04,MUN,PE|IGARASSU,glp,21,47.5,45.0,50.0,44.99,55.0
2016-04,MUN,PE|JABOATAO DOS GUARARAPES,glp,59,45.0,40.0,50.0,40.0,55.0
2016-04,MUN,PE|LAJEDO,glp,4,45.0,45.0,48.5,45.0,50.0
2016-04,MUN,PE|OLINDA,glp,40,40.0,39.999,45.5,37.99,55.0
2016-04,MUN,PE|PAULISTA,glp,8,55.0,45.0,60.0,45.0,60.0
2016-04,MUN,PE|PETROLINA,glp,16,45.0,45.0,49.0,45.0,50.0
2016-04,MUN,PE|RECIFE,glp,110,45.0,40.0,50.0,40.0,55.0
2016-04,MUN,PE|SALGUEIRO,glp,3,58.0,58.0,58.0,58.0,58.0
2016-04,MUN,PE|SANTA CRUZ DO CAPIBARIBE,glp,6,45.0,42.5,45.0,40.0,45.0
2016-04,MUN,PE|SERRA TALHADA,glp,3,58.0,58.0,58.0,58.0,58.0
2016-04,MUN,PE|VITORIA DE SANTO ANTAO,glp,15,50.0,50.0,55.0,50.0,55.0
2016-04,MUN,PI|CAMPO MAIOR,glp,3,62.0,62.0,62.0,62.0,62.0
2016-04,MUN,PI|PARNAIBA,glp,4,55.0,55.0,55.0,55.0,55.0
2016-04,MUN,PI|PICOS,glp,2,56.5,55.3,57.7,55.0,58.0
2016-04,MUN,PI|PIRIPIRI,glp,5,62.0,59.4,62.0,59.0,62.0
2016-04,MUN,PI|TERESINA,glp,62,55.0,55.0,55.0,50.0,57.5
2016-04,MUN,PR|ALMIRANTE TAMANDARE,glp,1,55.0,55.0,55.0,55.0,55.0
2016-04,MUN,PR|APUCARANA,glp,20,55.0,49.5,60.0,48.0,60.0
2016-04,MUN,PR|ARAPONGAS,glp,18,60.0,60.0,63.0,55.0,63.0
2016-04,MUN,PR|ARAUCARIA,glp,14,50.0,50.0,54.1,50.0,62.0
2016-04,MUN,PR|ASSIS CHATEAUBRIAND,glp,7,60.0,57.96,62.57,54.9,65.0
2016-04,MUN,PR|CAMBE,glp,16,56.5,53.0,60.0,50.0,60.0
2016-04,MUN,PR|CAMPO LARGO,glp,16,51.0,50.0,55.0,48.0,58.0
2016-04,MUN,PR|CAMPO MOURAO,glp,14,65.0,60.0,67.1,60.0,68.0
2016-04,MUN,PR|CASCAVEL,glp,84,66.0,65.0,66.85,65.0,67.0
2016-04,MUN,PR|CASTRO,glp,7,65.0,59.8,67.0,55.0,70.0
2016-04,MUN,PR|CIANORTE,glp,20,65.0,60.0,65.0,55.0,65.0
2016-04,MUN,PR|COLOMBO,glp,25,53.0,50.0,55.6,50.0,59.0
2016-04,MUN,PR|CORNELIO PROCOPIO,glp,6,55.0,50.0,57.5,50.0,60.0
2016-04,MUN,PR|CURITIBA,glp,54,55.0,50.0,59.7,49.9,60.0
2016-04,MUN,PR|CURIUVA,glp,1,55.0,55.0,55.0,55.0,55.0
2016-04,MUN,PR|FOZ DO IGUACU,glp,20,53.95,48.0,55.0,48.0,56.4
2016-04,MUN,PR|FRANCISCO BELTRAO,glp,8,55.5,48.5,57.9,45.0,60.0
2016-04,MUN,PR|GUARAPUAVA,glp,12,60.0,55.3,69.8,55.0,70.0
2016-04,MUN,PR|JESUITAS,glp,1,54.9,54.9,54.9,54.9,54.9
2016-04,MUN,PR|LARANJEIRAS DO SUL,glp,6,60.0,59.0,60.0,58.0,60.0
2016-04,MUN,PR|LONDRINA,glp,98,58.0,55.0,60.0,50.0,65.0
2016-04,MUN,PR|MARECHAL CANDIDO RONDON,glp,7,60.0,54.76,63.2,49.9,65.0
2016-04,MUN,PR|MARINGA,glp,36,65.0,62.5,65.0,60.0,65.0
2016-04,MUN,PR|PARANAGUA,glp,8,48.5,43.0,50.6,43.0,52.0
2016-04,MUN,PR|PARANAVAI,glp,12,63.0,60.0,63.0,58.0,65.0
2016-04,MUN,PR|PATO BRANCO,glp,12,64.45,61.65,65.0,61.0,67.45
2016-04,MUN,PR|PINHAIS,glp,16,54.5,49.0,56.5,48.0,57.0
2016-04,MUN,PR|PONTA GROSSA,glp,15,55.0,51.2,58.6,50.0,60.0
2016-04,MUN,PR|RAMILANDIA,glp,1,54.9,54.9,54.9,54.9,54.9
2016-04,MUN,PR|SANTO ANTONIO DA PLATINA,glp,14,53.5,50.0,55.97,50.0,57.0
2016-04,MUN,PR|SAO JOSE DOS PINHAIS,glp,18,53.0,48.4,55.9,47.0,59.9
2016-04,MUN,PR|TERRA BOA,glp,1,65.0,65.0,65.0,65.0,65.0
2016-04,MUN,PR|TOLEDO,glp,17,65.0,61.8,67.6,54.9,70.0
2016-04,MUN,PR|UMUARAMA,glp,13,65.0,63.2,66.0,62.0,66.0
2016-04,MUN,PR|UNIAO DA VITORIA,glp,3,60.0,56.0,60.0,55.0,60.0
2016-04,MUN,RJ|ANGRA DOS REIS,glp,6,55.0,51.45,55.0,50.0,55.0
2016-04,MUN,RJ|ARARUAMA,glp,9,44.9,42.392,45.0,40.0,45.0
2016-04,MUN,RJ|BARRA DO PIRAI,glp,3,50.0,50.0,58.0,50.0,60.0
2016-04,MUN,RJ|BARRA MANSA,glp,10,55.0,51.8,58.1,50.0,59.0
2016-04,MUN,RJ|BELFORD ROXO,glp,8,50.0,46.4,53.3,45.0,54.0
2016-04,MUN,RJ|CABO FRIO,glp,5,53.5,45.0,55.0,45.0,55.0
2016-04,MUN,RJ|CAMPOS DOS GOYTACAZES,glp,21,55.0,50.0,60.0,45.0,60.0
2016-04,MUN,RJ|DUQUE DE CAXIAS,glp,27,50.0,48.0,51.4,45.0,55.0
2016-04,MUN,RJ|ITABORAI,glp,4,50.0,50.0,50.0,50.0,50.0
2016-04,MUN,RJ|ITAGUAI,glp,4,48.9,46.17,55.27,45.0,58.0
2016-04,MUN,RJ|ITAPERUNA,glp,4,48.75,45.75,53.5,45.0,55.0
2016-04,MUN,RJ|MACAE,glp,6,52.5,50.0,57.0,50.0,57.0
2016-04,MUN,RJ|MAGE,glp,3,40.0,40.0,40.0,40.0,40.0
2016-04,MUN,RJ|MANGARATIBA,glp,2,49.95,49.91,49.99,49.9,50.0
2016-04,MUN,RJ|MARICA,glp,3,50.0,50.0,50.0,50.0,50.0
2016-04,MUN,RJ|NILOPOLIS,glp,5,55.0,50.8,55.0,50.0,55.0
2016-04,MUN,RJ|NITEROI,glp,7,52.0,48.0,53.2,48.0,55.0
2016-04,MUN,RJ|NOVA FRIBURGO,glp,5,60.0,60.0,62.0,60.0,62.0
2016-04,MUN,RJ|NOVA IGUACU,glp,19,50.0,45.0,55.0,42.0,55.0
2016-04,MUN,RJ|PARATY,glp,2,51.0,51.0,51.0,51.0,51.0
2016-04,MUN,RJ|PETROPOLIS,glp,7,49.9,49.0,52.52,49.0,54.8
2016-04,MUN,RJ|RESENDE,glp,7,55.0,40.6,55.0,40.0,55.0
2016-04,MUN,RJ|RIO BONITO,glp,3,42.0,42.0,42.0,42.0,42.0
2016-04,MUN,RJ|RIO DE JANEIRO,glp,69,49.99,40.0,56.0,39.9,61.9
2016-04,MUN,RJ|SANTO ANTONIO DE PADUA,glp,2,52.0,52.0,52.0,52.0,52.0
2016-04,MUN,RJ|SAO FRANCISCO DE ITABAPOANA,glp,2,55.0,55.0,55.0,55.0,55.0
2016-04,MUN,RJ|SAO GONCALO,glp,10,48.0,48.0,52.3,48.0,55.0
2016-04,MUN,RJ|SAO JOAO DE MERITI,glp,8,50.0,44.397,50.0,42.99,50.0
2016-04,MUN,RJ|SAPUCAIA,glp,2,49.5,45.9,53.1,45.0,54.0
2016-04,MUN,RJ|SAQUAREMA,glp,5,40.0,40.0,43.8,40.0,45.0
2016-04,MUN,RJ|TERESOPOLIS,glp,7,50.0,50.0,53.8,50.0,55.0
2016-04,MUN,RJ|TRES RIOS,glp,2,46.0,45.2,46.8,45.0,47.0
2016-04,MUN,RJ|VALENCA,glp,4,56.0,55.3,56.7,55.0,57.0
2016-04,MUN,RJ|VASSOURAS,glp,2,55.0,55.0,55.0,55.0,55.0
2016-04,MUN,RJ|VOLTA REDONDA,glp,7,55.0,53.6,56.8,53.0,58.0
2016-04,MUN,RN|CAICO,glp,4,55.0,55.0,55.7,55.0,56.0
2016-04,MUN,RN|MOSSORO,glp,10,55.0,54.5,55.3,50.0,58.0
2016-04,MUN,RN|NATAL,glp,60,55.0,55.0,59.0,50.0,60.0
2016-04,MUN,RN|PARNAMIRIM,glp,19,55.0,53.3,56.6,50.0,60.0
2016-04,MUN,RN|SANTA CRUZ,glp,1,55.0,55.0,55.0,55.0,55.0
2016-04,MUN,RN|SAO JOSE DE MIPIBU,glp,6,55.0,52.5,55.0,50.0,55.0
2016-04,MUN,RO|ARIQUEMES,glp,5,63.0,60.0,65.2,60.0,66.0
2016-04,MUN,RO|CACOAL,glp,4,65.0,65.0,65.0,65.0,65.0
2016-04,MUN,RO|GUAJARA-MIRIM,glp,4,59.0,58.0,60.0,58.0,60.0
2016-04,MUN,RO|JI-PARANA,glp,15,60.0,57.0,64.6,57.0,68.0
2016-04,MUN,RO|PIMENTA BUENO,glp,4,63.0,63.0,63.0,63.0,63.0
2016-04,MUN,RO|PORTO VELHO,glp,73,55.0,52.0,57.0,49.0,65.0
2016-04,MUN,RO|VILHENA,glp,8,63.0,62.7,65.6,62.0,67.0
2016-04,MUN,RR|BOA VISTA,glp,32,58.0,56.0,60.0,55.0,62.0
2016-04,MUN,RS|ALEGRETE,glp,11,48.0,44.0,50.0,44.0,52.0
2016-04,MUN,RS|ALVORADA,glp,9,55.0,50.0,60.0,50.0,60.0
2016-04,MUN,RS|BAGE,glp,27,62.0,60.0,64.1,58.0,66.0
2016-04,MUN,RS|BENTO GONCALVES,glp,3,58.0,58.0,62.8,58.0,64.0
2016-04,MUN,RS|CACAPAVA DO SUL,glp,6,58.0,58.0,58.0,58.0,58.0
2016-04,MUN,RS|CACHOEIRA DO SUL,glp,11,50.0,48.0,53.0,47.5,53.0
2016-04,MUN,RS|CACHOEIRINHA,glp,7,51.0,50.0,56.6,50.0,59.0
2016-04,MUN,RS|CANOAS,glp,18,50.0,45.7,58.6,45.0,60.0
2016-04,MUN,RS|CAXIAS DO SUL,glp,52,52.5,49.55,57.9,45.0,60.0
2016-04,MUN,RS|CRUZ ALTA,glp,4,43.45,40.565,44.97,39.95,45.0
2016-04,MUN,RS|ERECHIM,glp,6,57.5,57.0,60.0,57.0,60.0
2016-04,MUN,RS|ESTEIO,glp,12,56.0,52.0,57.9,50.0,58.0
2016-04,MUN,RS|GRAMADO,glp,5,55.0,52.0,58.8,50.0,60.0
2016-04,MUN,RS|GRAVATAI,glp,19,49.0,48.0,55.0,45.0,55.0
2016-04,MUN,RS|GUAIBA,glp,7,55.0,51.6,56.8,48.0,58.0
2016-04,MUN,RS|GUARANI DAS MISSOES,glp,1,50.0,50.0,50.0,50.0,50.0
2016-04,MUN,RS|IJUI,glp,10,50.0,49.6,51.5,46.0,56.0
2016-04,MUN,RS|LAJEADO,glp,13,49.0,48.0,54.8,46.0,55.0
2016-04,MUN,RS|NOVO HAMBURGO,glp,24,52.0,45.0,54.7,44.0,58.0
2016-04,MUN,RS|OSORIO,glp,6,63.5,57.5,66.5,55.0,68.0
2016-04,MUN,RS|PALMEIRA DAS MISSOES,glp,7,55.0,55.0,59.4,55.0,60.0
2016-04,MUN,RS|PASSO FUNDO,glp,39,50.0,47.0,55.0,45.0,58.0
2016-04,MUN,RS|PELOTAS,glp,21,55.0,49.0,57.0,42.0,58.0
2016-04,MUN,RS|PORTO ALEGRE,glp,59,57.0,51.2,63.0,49.0,66.0
2016-04,MUN,RS|RIO GRANDE,glp,29,48.0,45.0,50.0,45.0,50.0
2016-04,MUN,RS|SANTA CRUZ DO SUL,glp,16,52.5,51.0,54.0,48.0,59.0
2016-04,MUN,RS|SANTA MARIA,glp,89,58.0,52.0,62.0,48.0,64.0
2016-04,MUN,RS|SANTA ROSA,glp,6,51.0,50.0,53.5,50.0,55.0
2016-04,MUN,RS|SANTANA DO LIVRAMENTO,glp,14,55.0,51.5,55.0,50.0,55.5
2016-04,MUN,RS|SANTO ANGELO,glp,3,57.0,55.4,57.8,55.0,58.0
2016-04,MUN,RS|SAO BORJA,glp,6,55.0,55.0,56.5,55.0,58.0
2016-04,MUN,RS|SAO GABRIEL,glp,15,58.0,55.0,60.0,54.0,60.0
2016-04,MUN,RS|SAO LEOPOLDO,glp,13,52.0,50.0,57.4,45.0,59.0
2016-04,MUN,RS|SAO LUIZ GONZAGA,glp,6,54.0,53.0,55.0,53.0,55.0
2016-04,MUN,RS|SAPIRANGA,glp,6,55.0,49.5,57.5,44.0,60.0
2016-04,MUN,RS|SAPUCAIA DO SUL,glp,24,55.0,50.0,57.7,48.0,60.0
2016-04,MUN,RS|TORRES,glp,9,60.0,55.0,60.0,55.0,60.0
2016-04,MUN,RS|TRAMANDAI,glp,6,58.0,54.0,60.0,50.0,60.0
2016-04,MUN,RS|URUGUAIANA,glp,15,62.0,56.0,62.0,55.0,62.0
2016-04,MUN,RS|VACARIA,glp,7,55.0,50.0,55.0,50.0,55.0
2016-04,MUN,RS|VIAMAO,glp,14,58.25,55.0,62.0,55.0,62.0
2016-04,MUN,SC|ARARANGUA,glp,6,50.0,50.0,55.0,50.0,55.0
2016-04,MUN,SC|BALNEARIO CAMBORIU,glp,4,55.0,50.8,55.0,49.0,55.0
2016-04,MUN,SC|BIGUACU,glp,2,47.5,45.5,49.5,45.0,50.0
2016-04,MUN,SC|BLUMENAU,glp,19,60.0,57.4,60.5,52.0,65.0
2016-04,MUN,SC|BRUSQUE,glp,6,45.0,44.0,50.0,43.0,55.0
2016-04,MUN,SC|CACADOR,glp,5,58.0,55.0,58.0,53.0,58.0
2016-04,MUN,SC|CHAPECO,glp,13,60.0,58.0,64.6,58.0,65.0
2016-04,MUN,SC|CONCORDIA,glp,4,50.0,46.5,53.5,45.0,55.0
2016-04,MUN,SC|CRICIUMA,glp,13,48.0,48.0,50.0,45.0,55.0
2016-04,MUN,SC|FLORIANOPOLIS,glp,7,55.0,53.36,58.8,50.9,60.0
2016-04,MUN,SC|ITAJAI,glp,13,48.0,45.0,57.4,45.0,59.0
2016-04,MUN,SC|JARAGUA DO SUL,glp,14,52.5,49.0,54.0,48.0,58.0
2016-04,MUN,SC|JOINVILLE,glp,13,50.0,49.0,52.8,49.0,53.0
2016-04,MUN,SC|LAGES,glp,6,56.0,51.5,59.0,48.0,60.0
2016-04,MUN,SC|LAGUNA,glp,5,50.0,48.4,50.0,48.0,50.0
2016-04,MUN,SC|MAFRA,glp,4,58.9,55.9,63.44,55.0,65.0
2016-04,MUN,SC|PALHOCA,glp,5,50.0,48.8,53.8,48.0,55.0
2016-04,MUN,SC|SAO JOSE,glp,7,47.0,44.2,53.4,43.0,54.0
2016-04,MUN,SC|SAO MIGUEL DO OESTE,glp,3,55.0,53.4,57.32,53.0,57.9
2016-04,MUN,SC|TUBARAO,glp,6,48.0,46.5,49.0,45.0,50.0
2016-04,MUN,SC|VIDEIRA,glp,8,60.0,56.05,62.9,55.0,65.0
2016-04,MUN,SC|XANXERE,glp,4,58.0,55.9,59.4,55.0,60.0
2016-04,MUN,SE|ARACAJU,glp,34,55.0,50.0,55.0,42.0,60.0
2016-04,MUN,SE|ITABAIANA,glp,3,52.0,50.4,54.4,50.0,55.0
2016-04,MUN,SE|LAGARTO,glp,6,45.0,45.0,45.0,45.0,45.0
2016-04,MUN,SE|NOSSA SENHORA DO SOCORRO,glp,9,53.0,52.0,55.2,52.0,56.0
2016-04,MUN,SP|ADAMANTINA,glp,7,50.0,47.94,55.0,45.0,55.0
2016-04,MUN,SP|AMERICANA,glp,21,55.0,55.0,62.0,45.0,62.0
2016-04,MUN,SP|AMPARO,glp,5,56.0,56.0,57.6,56.0,58.0
2016-04,MUN,SP|ARACATUBA,glp,45,50.0,50.0,53.0,47.5,55.0
2016-04,MUN,SP|ARARAQUARA,glp,15,50.0,48.796,55.6,45.99,58.0
2016-04,MUN,SP|ARARAS,glp,10,47.4,46.9,58.65,46.9,60.0
2016-04,MUN,SP|ASSIS,glp,10,50.0,47.9,50.0,47.0,50.0
2016-04,MUN,SP|ATIBAIA,glp,13,52.0,49.0,60.0,49.0,62.0
2016-04,MUN,SP|AVARE,glp,11,47.5,45.0,55.0,45.0,55.0
2016-04,MUN,SP|BARRETOS,glp,7,48.0,45.74,52.0,44.0,55.0
2016-04,MUN,SP|BARUERI,glp,27,49.99,45.0,55.8,42.995,57.0
2016-04,MUN,SP|BAURU,glp,41,52.5,48.0,60.0,45.0,62.0
2016-04,MUN,SP|BEBEDOURO,glp,13,55.0,50.0,55.0,48.0,55.0
2016-04,MUN,SP|BIRIGUI,glp,24,50.0,45.0,55.0,45.0,55.0
2016-04,MUN,SP|BOTUCATU,glp,12,45.0,40.5,47.5,40.0,50.0
2016-04,MUN,SP|BRAGANCA PAULISTA,glp,12,50.0,45.1,51.71,45.0,55.0
2016-04,MUN,SP|CACAPAVA,glp,10,50.0,38.0,53.0,38.0,53.0
2016-04,MUN,SP|CAMPINAS,glp,28,50.0,47.7,55.6,47.0,60.0
2016-04,MUN,SP|CAMPOS DO JORDAO,glp,8,45.0,40.35,45.0,40.0,45.0
2016-04,MUN,SP|CAPAO BONITO,glp,3,55.0,53.4,57.4,53.0,58.0
2016-04,MUN,SP|CARAGUATATUBA,glp,4,50.0,48.6,50.0,48.0,50.0
2016-04,MUN,SP|CARAPICUIBA,glp,20,47.99,44.995,50.3,44.99,54.99
2016-04,MUN,SP|CATANDUVA,glp,12,49.848,45.3,50.0,44.45,50.0
2016-04,MUN,SP|COSMOPOLIS,glp,7,57.0,53.0,58.0,51.5,58.0
2016-04,MUN,SP|COTIA,glp,11,55.0,48.0,55.0,45.0,60.0
2016-04,MUN,SP|CRUZEIRO,glp,7,47.0,43.0,52.0,40.0,55.0
2016-04,MUN,SP|CUBATAO,glp,7,60.0,56.2,65.0,55.0,65.0
2016-04,MUN,SP|DIADEMA,glp,25,50.0,47.4,52.3,44.99,55.0
2016-04,MUN,SP|DRACENA,glp,6,59.25,55.0,62.5,55.0,65.0
2016-04,MUN,SP|ELISIARIO,glp,1,50.0,50.0,50.0,50.0,50.0
2016-04,MUN,SP|EMBU DAS ARTES,glp,5,50.0,50.0,52.4,50.0,54.0
2016-04,MUN,SP|FERNANDOPOLIS,glp,1,53.0,53.0,53.0,53.0,53.0
2016-04,MUN,SP|FRANCA,glp,38,48.45,44.997,50.0,43.99,52.0
2016-04,MUN,SP|GARCA,glp,4,52.5,48.6,55.0,48.0,55.0
2016-04,MUN,SP|GUARATINGUETA,glp,13,48.0,39.996,56.0,39.99,59.9
2016-04,MUN,SP|GUARUJA,glp,15,50.99,48.76,56.8,48.0,59.0
2016-04,MUN,SP|GUARULHOS,glp,37,47.99,40.0,55.0,39.99,56.0
2016-04,MUN,SP|HORTOLANDIA,glp,12,51.0,50.0,56.7,50.0,58.0
2016-04,MUN,SP|IBITINGA,glp,8,53.75,51.782,55.45,51.275,56.5
2016-04,MUN,SP|INDAIATUBA,glp,14,50.0,50.0,54.1,47.0,60.0
2016-04,MUN,SP|ITANHAEM,glp,3,48.99,46.998,48.998,46.5,49.0
2016-04,MUN,SP|ITAPECERICA DA SERRA,glp,6,50.0,48.0,63.0,48.0,68.0
2016-04,MUN,SP|ITAPETININGA,glp,15,52.0,46.2,55.6,41.0,57.0
2016-04,MUN,SP|ITAPEVA,glp,5,55.0,54.4,56.8,54.0,58.0
2016-04,MUN,SP|ITAPEVI,glp,6,46.49,42.495,53.99,40.0,59.98
2016-04,MUN,SP|ITAPIRA,glp,4,51.0,50.0,52.0,50.0,52.0
2016-04,MUN,SP|ITAPOLIS,glp,12,55.0,50.4,56.9,48.0,58.0
2016-04,MUN,SP|ITAQUAQUECETUBA,glp,12,41.5,38.199,47.7,38.0,48.0
2016-04,MUN,SP|ITATIBA,glp,5,55.0,52.0,57.6,52.0,58.0
2016-04,MUN,SP|ITU,glp,7,45.99,44.56,50.2,43.9,52.0
2016-04,MUN,SP|JABOTICABAL,glp,7,45.0,42.0,47.0,42.0,50.0
2016-04,MUN,SP|JACAREI,glp,12,46.5,40.2,56.2,40.0,58.0
2016-04,MUN,SP|JALES,glp,4,53.0,50.9,54.4,50.0,55.0
2016-04,MUN,SP|JANDIRA,glp,12,50.0,45.3,50.0,43.0,54.0
2016-04,MUN,SP|JAU,glp,14,60.0,55.0,65.0,48.0,65.0
2016-04,MUN,SP|JOSE BONIFACIO,glp,4,50.0,47.9,52.797,47.0,53.995
2016-04,MUN,SP|JUNDIAI,glp,8,53.5,48.5,56.87,45.0,58.9
2016-04,MUN,SP|LEME,glp,13,50.0,45.2,59.0,45.0,59.0
2016-04,MUN,SP|LIMEIRA,glp,17,50.0,45.0,50.0,45.0,55.0
2016-04,MUN,SP|LINS,glp,8,50.0,48.5,50.0,45.0,50.0
2016-04,MUN,SP|LORENA,glp,17,45.0,39.2,49.0,35.0,50.0
2016-04,MUN,SP|MARILIA,glp,13,53.0,50.4,53.0,50.0,58.0
2016-04,MUN,SP|MATAO,glp,12,50.0,40.0,55.0,40.0,55.0
2016-04,MUN,SP|MAUA,glp,30,54.495,47.9,57.0,43.0,57.5
2016-04,MUN,SP|MIRASSOL,glp,10,45.25,44.51,50.0,41.0,50.0
2016-04,MUN,SP|MOCOCA,glp,6,53.0,50.25,55.0,48.0,55.0
2016-04,MUN,SP|MOGI DAS CRUZES,glp,34,53.372,41.5,57.0,36.99,59.0
2016-04,MUN,SP|MOGI GUACU,glp,14,52.5,45.9,55.0,40.0,59.0
2016-04,MUN,SP|MOGI MIRIM,glp,8,46.5,44.4,53.0,43.0,60.0
2016-04,MUN,SP|MONTE ALTO,glp,9,50.0,47.4,51.0,45.0,55.0
2016-04,MUN,SP|OLIMPIA,glp,7,40.0,40.0,47.0,40.0,50.0
2016-04,MUN,SP|OSASCO,glp,64,49.99,47.99,55.0,43.99,69.9
2016-04,MUN,SP|OURINHOS,glp,16,52.5,49.25,57.0,49.0,57.0
2016-04,MUN,SP|PARAGUACU PAULISTA,glp,11,60.0,55.0,60.0,55.0,60.0
2016-04,MUN,SP|PAULINIA,glp,7,45.0,45.0,53.8,45.0,55.0
2016-04,MUN,SP|PINDAMONHANGABA,glp,6,48.0,45.0,50.0,45.0,50.0
2016-04,MUN,SP|PIRACICABA,glp,21,55.0,50.0,60.0,50.0,60.0
2016-04,MUN,SP|PIRASSUNUNGA,glp,2,49.975,49.955,49.995,49.95,50.0
2016-04,MUN,SP|POA,glp,8,50.5,43.5,53.3,40.0,54.0
2016-04,MUN,SP|PORTO FERREIRA,glp,2,45.5,45.1,45.9,45.0,46.0
2016-04,MUN,SP|PRAIA GRANDE,glp,32,51.0,47.099,60.0,45.99,65.0
2016-04,MUN,SP|PRESIDENTE PRUDENTE,glp,24,56.0,50.0,59.97,44.0,60.0
2016-04,MUN,SP|PRESIDENTE VENCESLAU,glp,7,49.9,44.2,50.0,43.0,50.0
2016-04,MUN,SP|RIBEIRAO PIRES,glp,12,48.995,44.9,50.0,44.9,50.0
2016-04,MUN,SP|RIBEIRAO PRETO,glp,41,55.0,48.0,60.0,45.0,62.0
2016-04,MUN,SP|RIO CLARO,glp,6,50.0,49.0,53.5,48.0,54.0
2016-04,MUN,SP|SALTO,glp,9,47.0,43.4,51.0,41.0,55.0
2016-04,MUN,SP|SANTA BARBARA D'OESTE,glp,17,55.0,48.0,55.8,40.0,60.0
2016-04,MUN,SP|SANTA CRUZ DO RIO PARDO,glp,12,52.25,50.0,53.45,45.0,55.0
2016-04,MUN,SP|SANTO ANDRE,glp,39,50.0,46.98,59.918,39.99,63.0
2016-04,MUN,SP|SANTOS,glp,34,55.495,47.0,60.0,40.0,68.9
2016-04,MUN,SP|SAO BERNARDO DO CAMPO,glp,34,52.5,48.0,57.7,45.0,60.99
2016-04,MUN,SP|SAO CAETANO DO SUL,glp,5,59.99,56.996,63.0,55.0,65.0
2016-04,MUN,SP|SAO CARLOS,glp,21,55.0,54.9,58.0,48.0,63.0
2016-04,MUN,SP|SAO JOAO DA BOA VISTA,glp,7,55.0,54.2,56.2,53.0,58.0
2016-04,MUN,SP|SAO JOAQUIM DA BARRA,glp,6,45.0,45.0,50.0,45.0,50.0
2016-04,MUN,SP|SAO JOSE DO RIO PRETO,glp,75,50.0,48.0,55.0,44.5,59.0
2016-04,MUN,SP|SAO JOSE DOS CAMPOS,glp,24,52.0,45.0,55.0,38.0,58.0
2016-04,MUN,SP|SAO PAULO,glp,196,50.0,45.0,58.0,39.99,63.0
2016-04,MUN,SP|SAO ROQUE,glp,6,53.0,50.0,55.5,50.0,58.0
2016-04,MUN,SP|SAO VICENTE,glp,50,52.0,47.9,58.1,45.0,62.0
2016-04,MUN,SP|SERTAOZINHO,glp,12,50.0,45.0,50.9,45.0,54.0
2016-04,MUN,SP|SOROCABA,glp,19,51.0,47.98,55.4,45.0,59.9
2016-04,MUN,SP|SUMARE,glp,8,53.5,45.0,55.0,45.0,55.0
2016-04,MUN,SP|SUZANO,glp,11,54.0,50.0,59.0,46.0,59.0
2016-04,MUN,SP|TABOAO DA SERRA,glp,6,50.0,48.5,52.5,47.0,55.0
2016-04,MUN,SP|TATUI,glp,8,57.5,55.0,60.3,55.0,61.0
2016-04,MUN,SP|TAUBATE,glp,11,45.0,38.0,50.0,36.0,50.0
2016-04,MUN,SP|TUPA,glp,6,55.0,53.0,60.0,53.0,60.0
2016-04,MUN,SP|UBATUBA,glp,11,50.0,45.0,58.0,45.0,60.0
2016-04,MUN,SP|VALINHOS,glp,8,54.75,53.0,57.9,53.0,60.0
2016-04,MUN,SP|VARZEA PAULISTA,glp,6,41.0,40.0,48.998,40.0,50.0
2016-04,MUN,SP|VINHEDO,glp,4,58.0,57.0,59.7,57.0,60.0
2016-04,MUN,SP|VOTORANTIM,glp,17,51.5,46.3,55.0,44.0,56.0
2016-04,MUN,SP|VOTUPORANGA,glp,5,48.0,48.0,48.0,48.0,48.0
2016-04,MUN,TO|ARAGUAINA,glp,12,70.0,65.3,74.75,65.0,75.0
2016-04,MUN,TO|GUARAI,glp,1,70.0,70.0,70.0,70.0,70.0
2016-04,MUN,TO|GURUPI,glp,35,65.0,65.0,68.0,60.0,70.0
2016-04,MUN,TO|MIRACEMA DO TOCANTINS,glp,1,60.0,60.0,60.0,60.0,60.0
2016-04,MUN,TO|PALMAS,glp,53,67.5,60.0,74.6,60.0,75.0
2016-04,MUN,TO|PARAISO DO TOCANTINS,glp,9,66.0,62.4,68.0,60.0,68.0
2016-04,MUN,TO|PORTO NACIONAL,glp,9,65.0,65.0,65.0,65.0,65.0
2016-04,UF,AC,glp,80,58.0,55.0,64.75,53.0,70.0
2016-04,UF,AL,glp,97,50.0,45.0,55.0,40.0,55.0
2016-04,UF,AM,glp,290,50.0,49.0,54.025,46.0,62.0
2016-04,UF,AP,glp,35,68.0,66.4,69.6,63.0,70.0
2016-04,UF,BA,glp,505,50.0,40.0,56.0,35.0,63.0
2016-04,UF,CE,glp,239,60.0,55.0,65.0,50.0,65.5
2016-04,UF,DF,glp,71,59.9,50.0,60.0,48.0,65.0
2016-04,UF,ES,glp,379,50.0,49.9,55.0,40.0,60.0
2016-04,UF,GO,glp,566,55.0,53.0,59.0,50.0,63.0
2016-04,UF,MA,glp,154,50.0,45.0,60.0,39.99,65.0
2016-04,UF,MG,glp,778,55.3,50.0,62.0,40.0,68.0
2016-04,UF,MS,glp,447,66.0,63.0,67.4,50.0,72.0
2016-04,UF,MT,glp,249,70.0,65.0,75.0,63.0,82.0
2016-04,UF,PA,glp,206,58.0,51.0,68.0,45.0,75.0
2016-04,UF,PB,glp,94,52.5,47.0,55.0,42.0,57.5
2016-04,UF,PE,glp,368,45.0,40.0,50.0,37.99,60.0
2016-04,UF,PI,glp,76,55.0,55.0,58.5,50.0,62.0
2016-04,UF,PR,glp,621,59.0,50.0,65.5,43.0,70.0
2016-04,UF,RJ,glp,290,50.0,44.81,56.0,39.9,62.0
2016-04,UF,RN,glp,100,55.0,53.5,58.05,50.0,60.0
2016-04,UF,RO,glp,113,55.0,53.0,64.0,49.0,68.0
2016-04,UF,RR,glp,32,58.0,56.0,60.0,55.0,62.0
2016-04,UF,RS,glp,655,55.0,48.0,61.0,39.95,68.0
2016-04,UF,SC,glp,167,53.0,46.6,60.0,43.0,65.0
2016-04,UF,SE,glp,52,54.0,45.0,55.0,42.0,60.0
2016-04,UF,SP,glp,1829,50.0,45.0,58.0,35.0,69.9
2016-04,UF,TO,glp,120,65.0,60.0,72.55,60.0,75.0
2016-05,BR,BR,glp,8508,55.0,45.0,65.0,35.0,82.0
2016-05,MUN,AC|CRUZEIRO DO SUL,glp,7,68.0,66.2,68.0,65.0,68.0
2016-05,MUN,AC|RIO BRANCO,glp,73,57.5,55.0,60.0,52.5,64.5
2016-05,MUN,AL|ARAPIRACA,glp,14,45.0,42.0,49.4,40.0,50.0
2016-05,MUN,AL|ATALAIA,glp,1,45.0,45.0,45.0,45.0,45.0
2016-05,MUN,AL|DELMIRO GOUVEIA,glp,3,55.0,55.0,55.0,55.0,55.0
2016-05,MUN,AL|MACEIO,glp,68,45.0,45.0,45.0,45.0,50.0
2016-05,MUN,AL|MARECHAL DEODORO,glp,6,45.0,45.0,47.5,45.0,50.0
2016-05,MUN,AL|PALMEIRA DOS INDIOS,glp,5,55.0,55.0,55.0,55.0,55.0
2016-05,MUN,AL|RIO LARGO,glp,8,47.5,45.0,52.9,45.0,55.0
2016-05,MUN,AL|SANTANA DO IPANEMA,glp,4,55.0,55.0,55.0,55.0,55.0
2016-05,MUN,AL|SAO JOSE DA LAJE,glp,1,45.0,45.0,45.0,45.0,45.0
2016-05,MUN,AM|HUMAITA,glp,5,55.0,55.0,58.0,55.0,58.0
2016-05,MUN,AM|ITACOATIARA,glp,17,56.0,55.0,60.0,55.0,60.0
2016-05,MUN,AM|MANACAPURU,glp,5,57.0,57.0,57.6,57.0,58.0
2016-05,MUN,AM|MANAUS,glp,324,50.0,49.0,52.0,45.0,62.0
2016-05,MUN,AM|PARINTINS,glp,5,51.0,50.0,52.0,50.0,52.0
2016-05,MUN,AM|TEFE,glp,2,62.0,62.0,62.0,62.0,62.0
2016-05,MUN,AP|CALCOENE,glp,1,67.0,67.0,67.0,67.0,67.0
2016-05,MUN,AP|LARANJAL DO JARI,glp,1,69.0,69.0,69.0,69.0,69.0
2016-05,MUN,AP|MACAPA,glp,21,69.0,64.5,70.0,55.0,70.0
2016-05,MUN,AP|SANTANA,glp,5,66.0,63.8,69.6,63.0,70.0
2016-05,MUN,BA|ALAGOINHAS,glp,5,58.0,56.0,58.0,56.0,58.0
2016-05,MUN,BA|BARREIRAS,glp,9,55.0,53.0,63.0,53.0,63.0
2016-05,MUN,BA|BRUMADO,glp,5,53.0,53.0,55.0,53.0,55.0
2016-05,MUN,BA|CAETITE,glp,6,45.0,43.5,45.0,42.0,45.0
2016-05,MUN,BA|CAMACARI,glp,19,55.0,50.0,58.0,50.0,60.0
2016-05,MUN,BA|CANDEIAS,glp,5,50.0,50.0,50.6,50.0,51.0
2016-05,MUN,BA|CENTRAL,glp,1,40.0,40.0,40.0,40.0,40.0
2016-05,MUN,BA|EUNAPOLIS,glp,13,55.0,55.0,57.6,52.0,60.0
2016-05,MUN,BA|FEIRA DE SANTANA,glp,28,49.9,48.0,52.93,47.0,53.0
2016-05,MUN,BA|GUANAMBI,glp,16,40.0,40.0,40.0,40.0,40.0
2016-05,MUN,BA|ILHEUS,glp,6,56.5,55.0,57.955,55.0,58.91
2016-05,MUN,BA|IPIRA,glp,4,48.0,42.4,50.8,40.0,52.0
2016-05,MUN,BA|IRECE,glp,7,42.0,39.6,47.4,39.0,48.0
2016-05,MUN,BA|ITABUNA,glp,8,51.5,49.1,55.3,47.0,56.0
2016-05,MUN,BA|ITAMARAJU,glp,4,52.5,52.0,54.4,52.0,55.0
2016-05,MUN,BA|JACOBINA,glp,6,53.0,50.75,53.0,50.0,53.0
2016-05,MUN,BA|JAGUAQUARA,glp,6,42.0,42.0,43.5,42.0,45.0
2016-05,MUN,BA|JEQUIE,glp,10,39.0,37.0,45.0,37.0,45.0
2016-05,MUN,BA|JUAZEIRO,glp,6,45.0,43.5,45.0,42.0,45.0
2016-05,MUN,BA|LAURO DE FREITAS,glp,17,52.0,50.0,57.4,50.0,60.0
2016-05,MUN,BA|LIVRAMENTO DE NOSSA SENHORA,glp,3,45.0,45.0,49.0,45.0,50.0
2016-05,MUN,BA|PAULO AFONSO,glp,5,55.0,52.8,57.0,52.0,57.0
2016-05,MUN,BA|POCOES,glp,8,45.0,44.0,45.0,44.0,45.0
2016-05,MUN,BA|PORTO SEGURO,glp,11,52.0,46.0,58.0,46.0,60.0
2016-05,MUN,BA|SALVADOR,glp,231,50.0,40.0,56.0,38.0,60.0
2016-05,MUN,BA|SANTANOPOLIS,glp,1,53.0,53.0,53.0,53.0,53.0
2016-05,MUN,BA|SANTO ANTONIO DE JESUS,glp,11,47.0,45.0,50.0,45.0,50.0
2016-05,MUN,BA|SENHOR DO BONFIM,glp,2,52.5,50.5,54.5,50.0,55.0
2016-05,MUN,BA|SERRINHA,glp,6,41.0,40.0,47.5,40.0,50.0
2016-05,MUN,BA|SIMOES FILHO,glp,7,50.0,50.0,55.0,50.0,55.0
2016-05,MUN,BA|TEIXEIRA DE FREITAS,glp,9,50.0,47.4,53.2,45.0,58.0
2016-05,MUN,BA|VALENCA,glp,5,55.0,55.0,56.8,55.0,58.0
2016-05,MUN,BA|VARZEDO,glp,1,45.0,45.0,45.0,45.0,45.0
2016-05,MUN,BA|VITORIA DA CONQUISTA,glp,10,49.0,44.8,50.2,43.0,52.0
2016-05,MUN,CE|BEBERIBE,glp,3,62.0,60.4,62.0,60.0,62.0
2016-05,MUN,CE|CANINDE,glp,4,52.0,50.6,52.0,50.0,52.0
2016-05,MUN,CE|CAUCAIA,glp,29,61.0,60.0,65.0,55.0,65.0
2016-05,MUN,CE|CRATEUS,glp,3,60.0,56.0,60.0,55.0,60.0
2016-05,MUN,CE|CRATO,glp,16,56.5,55.0,60.0,55.0,62.0
2016-05,MUN,CE|FORTALEZA,glp,129,63.5,60.0,65.0,60.0,65.9
2016-05,MUN,CE|ICO,glp,4,55.0,51.5,58.5,50.0,60.0
2016-05,MUN,CE|IGUATU,glp,4,52.5,50.0,55.0,50.0,55.0
2016-05,MUN,CE|IPU,glp,3,55.0,55.0,55.0,55.0,55.0
2016-05,MUN,CE|ITAPIPOCA,glp,5,55.0,55.0,56.8,55.0,58.0
2016-05,MUN,CE|JUAZEIRO DO NORTE,glp,10,55.0,54.5,60.0,50.0,60.0
2016-05,MUN,CE|LIMOEIRO DO NORTE,glp,4,56.5,55.0,59.4,55.0,60.0
2016-05,MUN,CE|MARACANAU,glp,15,65.0,62.0,65.0,60.0,65.0
2016-05,MUN,CE|MORADA NOVA,glp,3,57.9,55.58,59.58,55.0,60.0
2016-05,MUN,CE|QUIXADA,glp,4,55.0,55.0,57.1,55.0,58.0
2016-05,MUN,CE|SOBRAL,glp,5,58.0,55.0,60.0,55.0,60.0
2016-05,MUN,DF|BRASILIA,glp,71,59.9,50.0,60.0,48.0,65.0
2016-05,MUN,ES|ARACRUZ,glp,14,50.0,45.6,52.1,42.0,55.0
2016-05,MUN,ES|BARRA DE SAO FRANCISCO,glp,6,57.5,57.0,59.0,57.0,60.0
2016-05,MUN,ES|CACHOEIRO DE ITAPEMIRIM,glp,17,50.0,49.56,55.0,48.0,60.0
2016-05,MUN,ES|CARIACICA,glp,66,50.0,50.0,52.0,48.0,55.0
2016-05,MUN,ES|COLATINA,glp,10,50.0,46.8,52.8,45.0,60.0
2016-05,MUN,ES|GUARAPARI,glp,30,52.0,50.0,55.0,48.0,55.0
2016-05,MUN,ES|ITAPEMIRIM,glp,3,53.0,52.2,53.0,52.0,53.0
2016-05,MUN,ES|LINHARES,glp,15,55.0,49.4,60.0,48.0,60.0
2016-05,MUN,ES|MARATAIZES,glp,1,50.0,50.0,50.0,50.0,50.0
2016-05,MUN,ES|PRESIDENTE KENNEDY,glp,1,48.9,48.9,48.9,48.9,48.9
2016-05,MUN,ES|SAO MATEUS,glp,5,50.0,43.8,50.0,41.0,50.0
2016-05,MUN,ES|SERRA,glp,104,50.0,49.9,52.0,43.0,55.0
2016-05,MUN,ES|VILA VELHA,glp,51,50.0,49.9,52.0,49.9,55.0
2016-05,MUN,ES|VITORIA,glp,19,50.0,50.0,52.6,49.99,55.0
2016-05,MUN,GO|AGUAS LINDAS DE GOIAS,glp,10,56.0,55.0,58.0,55.0,58.0
2016-05,MUN,GO|ANAPOLIS,glp,70,53.0,52.0,54.0,51.0,54.0
2016-05,MUN,GO|APARECIDA DE GOIANIA,glp,43,55.0,55.0,56.8,53.0,58.0
2016-05,MUN,GO|CALDAS NOVAS,glp,14,58.0,56.6,60.0,56.0,60.0
2016-05,MUN,GO|CATALAO,glp,16,55.0,54.0,56.0,54.0,56.0
2016-05,MUN,GO|FORMOSA,glp,16,56.5,55.0,57.0,54.0,58.0
2016-05,MUN,GO|GOIANIA,glp,110,55.5,55.0,58.0,55.0,60.0
2016-05,MUN,GO|GOIATUBA,glp,6,56.0,55.5,57.0,55.0,57.0
2016-05,MUN,GO|ITUMBIARA,glp,10,60.0,60.0,60.1,60.0,61.0
2016-05,MUN,GO|JARAGUA,glp,1,54.0,54.0,54.0,54.0,54.0
2016-05,MUN,GO|JATAI,glp,23,60.0,60.0,61.0,58.0,63.0
2016-05,MUN,GO|LUZIANIA,glp,24,55.0,54.0,56.7,53.0,58.0
2016-05,MUN,GO|MINEIROS,glp,7,60.0,59.6,60.4,59.0,61.0
2016-05,MUN,GO|MORRINHOS,glp,7,57.0,55.0,57.0,55.0,57.0
2016-05,MUN,GO|PORANGATU,glp,25,55.0,55.0,56.0,54.0,56.0
2016-05,MUN,GO|RIO VERDE,glp,20,58.0,56.0,60.0,56.0,60.0
2016-05,MUN,GO|TRINDADE,glp,32,55.0,53.1,55.0,52.0,56.0
2016-05,MUN,GO|VALPARAISO DE GOIAS,glp,13,55.0,55.0,56.8,55.0,57.0
2016-05,MUN,MA|ACAILANDIA,glp,5,45.0,45.0,60.0,45.0,60.0
2016-05,MUN,MA|BACABAL,glp,5,58.0,57.2,59.2,57.0,60.0
2016-05,MUN,MA|BALSAS,glp,8,65.0,63.5,65.0,60.0,65.0
2016-05,MUN,MA|BARRA DO CORDA,glp,5,57.0,57.0,57.6,57.0,58.0
2016-05,MUN,MA|CAXIAS,glp,3,65.0,65.0,65.0,65.0,65.0
2016-05,MUN,MA|CODO,glp,3,60.0,60.0,60.0,60.0,60.0
2016-05,MUN,MA|IMPERATRIZ,glp,35,60.0,60.0,60.0,55.0,60.0
2016-05,MUN,MA|PINHEIRO,glp,3,65.0,65.0,65.0,65.0,65.0
2016-05,MUN,MA|PRESIDENTE DUTRA,glp,3,60.0,60.0,60.0,60.0,60.0
2016-05,MUN,MA|SANTA INES,glp,3,62.0,60.4,62.0,60.0,62.0
2016-05,MUN,MA|SAO DOMINGOS DO MARANHAO,glp,2,52.5,50.5,54.5,50.0,55.0
2016-05,MUN,MA|SAO JOSE DE RIBAMAR,glp,13,45.0,39.992,50.0,39.99,50.0
2016-05,MUN,MA|SAO LUIS,glp,59,45.0,39.99,50.0,39.9,55.0
2016-05,MUN,MA|TIMON,glp,6,55.0,53.75,55.0,52.5,55.0
2016-05,MUN,MG|ALFENAS,glp,14,48.5,45.297,50.0,45.0,50.0
2016-05,MUN,MG|ARAGUARI,glp,9,55.0,53.6,58.4,52.0,60.0
2016-05,MUN,MG|ARAXA,glp,8,60.0,55.0,62.9,55.0,65.0
2016-05,MUN,MG|BARBACENA,glp,14,50.0,50.0,53.0,45.0,55.0
2016-05,MUN,MG|BELO HORIZONTE,glp,42,62.0,55.5,65.0,50.0,65.0
2016-05,MUN,MG|BETIM,glp,13,58.0,50.8,60.0,50.0,65.0
2016-05,MUN,MG|BOM DESPACHO,glp,6,60.0,59.45,60.5,59.0,61.0
2016-05,MUN,MG|CAMPO BELO,glp,6,45.0,43.0,48.0,43.0,48.0
2016-05,MUN,MG|CARATINGA,glp,2,51.5,50.3,52.7,50.0,53.0
2016-05,MUN,MG|CATAGUASES,glp,5,55.0,55.0,56.6,55.0,57.0
2016-05,MUN,MG|CONGONHAS,glp,8,55.0,53.5,55.0,50.0,55.0
2016-05,MUN,MG|CONSELHEIRO LAFAIETE,glp,9,48.0,45.0,50.6,45.0,53.0
2016-05,MUN,MG|CONTAGEM,glp,17,60.0,60.0,62.0,60.0,62.0
2016-05,MUN,MG|CORONEL FABRICIANO,glp,6,60.0,51.5,60.0,50.0,60.0
2016-05,MUN,MG|CURVELO,glp,8,50.0,45.0,50.6,45.0,52.0
2016-05,MUN,MG|DIAMANTINA,glp,5,62.0,59.2,63.2,58.0,64.0
2016-05,MUN,MG|DIVINOPOLIS,glp,17,55.0,55.0,58.8,54.0,60.0
2016-05,MUN,MG|FORMIGA,glp,7,46.0,43.0,52.7,43.0,53.0
2016-05,MUN,MG|FRUTAL,glp,7,47.9,47.9,49.4,47.9,50.0
2016-05,MUN,MG|GOVERNADOR VALADARES,glp,11,52.0,50.0,55.0,48.0,55.0
2016-05,MUN,MG|GUAXUPE,glp,5,49.9,47.94,49.9,47.9,49.9
2016-05,MUN,MG|IPATINGA,glp,19,55.0,52.8,58.0,50.0,58.0
2016-05,MUN,MG|ITABIRA,glp,5,64.0,62.8,64.6,62.0,65.0
2016-05,MUN,MG|ITAJUBA,glp,7,50.0,48.0,53.16,48.0,54.9
2016-05,MUN,MG|ITAUNA,glp,9,50.0,48.0,55.0,48.0,55.0
2016-05,MUN,MG|ITUIUTABA,glp,20,57.5,52.7,58.0,50.0,58.0
2016-05,MUN,MG|JANAUBA,glp,2,53.0,50.6,55.4,50.0,56.0
2016-05,MUN,MG|JANUARIA,glp,15,56.0,55.0,59.2,52.5,60.0
2016-05,MUN,MG|JOAO MONLEVADE,glp,8,50.0,49.4,53.6,48.0,55.0
2016-05,MUN,MG|JOAO PINHEIRO,glp,12,52.5,45.3,58.9,45.0,60.0
2016-05,MUN,MG|JUIZ DE FORA,glp,36,55.0,50.0,62.5,48.0,65.0
2016-05,MUN,MG|LAVRAS,glp,8,54.0,48.5,58.6,45.0,60.0
2016-05,MUN,MG|LEOPOLDINA,glp,6,57.0,57.0,58.0,57.0,58.0
2016-05,MUN,MG|MANHUACU,glp,7,48.0,47.0,50.4,47.0,54.0
2016-05,MUN,MG|MONTE CARMELO,glp,9,55.0,50.0,55.0,50.0,55.0
2016-05,MUN,MG|MONTES CLAROS,glp,69,60.0,60.0,62.0,60.0,62.0
2016-05,MUN,MG|MURIAE,glp,5,55.0,50.0,58.0,50.0,60.0
2016-05,MUN,MG|NOVA LIMA,glp,6,60.0,51.45,63.5,50.0,65.0
2016-05,MUN,MG|OLIVEIRA,glp,7,41.5,39.9,43.2,39.0,43.5
2016-05,MUN,MG|OURO PRETO,glp,6,60.5,57.5,61.5,55.0,62.0
2016-05,MUN,MG|PARA DE MINAS,glp,3,58.5,57.3,58.5,57.0,58.5
2016-05,MUN,MG|PARACATU,glp,8,60.0,60.0,60.0,60.0,60.0
2016-05,MUN,MG|PASSOS,glp,16,55.0,50.0,58.0,50.0,63.0
2016-05,MUN,MG|PATOS DE MINAS,glp,7,55.0,50.0,58.8,50.0,60.0
2016-05,MUN,MG|PATROCINIO,glp,3,50.0,50.0,50.0,50.0,50.0
2016-05,MUN,MG|POCOS DE CALDAS,glp,22,50.0,49.0,52.0,49.0,52.0
2016-05,MUN,MG|POUSO ALEGRE,glp,6,41.0,40.0,44.25,40.0,46.5
2016-05,MUN,MG|RIBEIRAO DAS NEVES,glp,12,55.0,48.0,65.0,47.0,65.0
2016-05,MUN,MG|SABARA,glp,8,54.5,53.0,57.9,53.0,60.0
2016-05,MUN,MG|SANTA LUZIA,glp,10,60.0,55.54,65.0,55.0,65.0
2016-05,MUN,MG|SAO JOAO DEL REI,glp,15,55.0,54.4,58.0,54.0,60.0
2016-05,MUN,MG|SAO LOURENCO,glp,3,57.0,55.4,57.0,55.0,57.0
2016-05,MUN,MG|SAO SEBASTIAO DO PARAISO,glp,16,55.0,49.5,55.0,48.0,55.0
2016-05,MUN,MG|SETE LAGOAS,glp,16,51.0,47.0,57.0,45.0,60.0
2016-05,MUN,MG|TEOFILO OTONI,glp,20,52.0,50.0,57.0,47.5,60.0
2016-05,MUN,MG|TIMOTEO,glp,5,58.0,55.8,63.0,55.0,65.0
2016-05,MUN,MG|TRES CORACOES,glp,8,50.0,47.0,55.0,47.0,55.0
2016-05,MUN,MG|UBA,glp,11,64.99,59.0,65.0,58.0,65.0
2016-05,MUN,MG|UBERABA,glp,17,55.0,50.0,57.0,50.0,60.0
2016-05,MUN,MG|UBERLANDIA,glp,26,60.0,55.5,62.0,55.0,64.0
2016-05,MUN,MG|UNAI,glp,8,65.0,65.0,65.0,65.0,65.0
2016-05,MUN,MG|VARGINHA,glp,13,50.0,50.0,52.4,48.0,54.0
2016-05,MUN,MG|VESPASIANO,glp,12,60.875,60.0,63.9,54.0,65.0
2016-05,MUN,MG|VICOSA,glp,3,60.0,58.4,62.4,58.0,63.0
2016-05,MUN,MS|BATAYPORA,glp,1,65.0,65.0,65.0,65.0,65.0
2016-05,MUN,MS|CAMPO GRANDE,glp,417,66.0,64.0,67.0,55.0,68.0
2016-05,MUN,MS|CORUMBA,glp,7,60.0,60.0,65.0,60.0,65.0
2016-05,MUN,MS|COXIM,glp,8,70.0,67.7,72.9,67.0,75.0
2016-05,MUN,MS|DOURADOS,glp,29,65.0,60.0,68.0,56.0,70.0
2016-05,MUN,MS|NOVA ANDRADINA,glp,10,65.0,60.0,65.0,60.0,65.0
2016-05,MUN,MS|PARANAIBA,glp,10,65.0,65.0,65.0,65.0,65.0
2016-05,MUN,MS|PONTA PORA,glp,4,52.0,52.0,57.6,52.0,60.0
2016-05,MUN,MS|TRES LAGOAS,glp,7,50.0,50.0,50.0,50.0,50.0
2016-05,MUN,MT|ALTA FLORESTA,glp,6,75.0,75.0,77.5,75.0,80.0
2016-05,MUN,MT|CACERES,glp,8,71.0,70.0,72.0,70.0,72.0
2016-05,MUN,MT|CUIABA,glp,158,70.0,65.0,75.0,63.0,80.0
2016-05,MUN,MT|RONDONOPOLIS,glp,12,75.0,73.1,75.0,73.0,75.0
2016-05,MUN,MT|SINOP,glp,16,67.5,65.0,72.5,65.0,75.0
2016-05,MUN,MT|SORRISO,glp,8,80.0,80.0,82.0,80.0,82.0
2016-05,MUN,MT|VARZEA GRANDE,glp,41,70.0,68.0,75.0,67.0,75.0
2016-05,MUN,PA|ABAETETUBA,glp,7,50.0,48.0,55.4,48.0,56.0
2016-05,MUN,PA|ALENQUER,glp,3,60.0,57.6,60.0,57.0,60.0
2016-05,MUN,PA|ALTAMIRA,glp,10,65.0,64.9,65.0,64.0,65.0
2016-05,MUN,PA|ANANINDEUA,glp,27,55.0,55.0,60.0,50.0,60.0
2016-05,MUN,PA|BELEM,glp,75,55.0,50.0,58.0,45.0,60.0
2016-05,MUN,PA|BRAGANCA,glp,6,60.0,58.0,60.0,58.0,60.0
2016-05,MUN,PA|CAMETA,glp,7,55.0,55.0,60.8,55.0,65.0
2016-05,MUN,PA|CASTANHAL,glp,8,55.0,55.0,60.0,55.0,60.0
2016-05,MUN,PA|CONCEICAO DO ARAGUAIA,glp,6,63.0,61.5,65.0,60.0,65.0
2016-05,MUN,PA|ITAITUBA,glp,5,70.0,65.0,73.8,65.0,75.0
2016-05,MUN,PA|MARABA,glp,7,65.0,65.0,68.0,65.0,68.0
2016-05,MUN,PA|PARAGOMINAS,glp,4,70.0,70.0,70.0,70.0,70.0
2016-05,MUN,PA|PARAUAPEBAS,glp,4,65.0,61.5,65.7,60.0,66.0
2016-05,MUN,PA|REDENCAO,glp,5,70.0,68.2,70.0,67.0,70.0
2016-05,MUN,PA|SANTAREM,glp,24,55.0,54.3,56.0,52.0,57.0
2016-05,MUN,PA|XINGUARA,glp,7,68.0,66.8,68.0,65.0,68.0
2016-05,MUN,PB|BAYEUX,glp,7,50.0,45.6,53.5,45.0,55.0
2016-05,MUN,PB|CABEDELO,glp,8,55.0,53.5,55.0,50.0,55.0
2016-05,MUN,PB|CAMPINA GRANDE,glp,49,55.0,50.0,55.0,50.0,60.0
2016-05,MUN,PB|JOAO PESSOA,glp,24,53.0,50.0,55.0,50.0,55.0
2016-05,MUN,PB|PATOS,glp,3,45.0,42.6,45.8,42.0,46.0
2016-05,MUN,PB|PIANCO,glp,1,50.0,50.0,50.0,50.0,50.0
2016-05,MUN,PB|SANTA RITA,glp,6,45.0,44.0,49.0,43.0,50.0
2016-05,MUN,PB|SOUSA,glp,4,44.5,42.6,45.0,42.0,45.0
2016-05,MUN,PE|ABREU E LIMA,glp,11,45.0,40.0,50.0,40.0,55.0
2016-05,MUN,PE|ARARIPINA,glp,6,55.0,52.0,58.0,52.0,58.0
2016-05,MUN,PE|ARCOVERDE,glp,5,50.0,48.8,53.0,48.0,55.0
2016-05,MUN,PE|BELO JARDIM,glp,2,42.5,40.5,44.5,40.0,45.0
2016-05,MUN,PE|CABO DE SANTO AGOSTINHO,glp,15,45.0,42.0,50.0,42.0,55.0
2016-05,MUN,PE|CACHOEIRINHA,glp,1,40.0,40.0,40.0,40.0,40.0
2016-05,MUN,PE|CAMARAGIBE,glp,16,45.0,44.995,50.0,41.99,51.5
2016-05,MUN,PE|CARUARU,glp,13,41.99,40.0,45.0,40.0,45.0
2016-05,MUN,PE|GARANHUNS,glp,6,50.0,50.0,50.0,50.0,50.0
2016-05,MUN,PE|GOIANA,glp,2,50.0,50.0,50.0,50.0,50.0
2016-05,MUN,PE|GRAVATA,glp,6,41.25,40.0,45.0,40.0,45.0
2016-05,MUN,PE|IGARASSU,glp,24,49.0,45.0,50.0,45.0,52.5
2016-05,MUN,PE|JABOATAO DOS GUARARAPES,glp,49,45.0,40.0,45.4,40.0,55.0
2016-05,MUN,PE|LAJEDO,glp,4,42.5,36.5,45.0,35.0,45.0
2016-05,MUN,PE|OLINDA,glp,36,40.0,38.495,45.0,37.99,55.0
2016-05,MUN,PE|PAULISTA,glp,12,45.0,44.996,55.0,44.0,56.0
2016-05,MUN,PE|PETROLINA,glp,15,45.0,45.0,47.8,42.0,48.0
2016-05,MUN,PE|RECIFE,glp,108,43.5,40.0,45.0,38.5,55.0
2016-05,MUN,PE|SALGUEIRO,glp,3,55.0,55.0,55.0,55.0,55.0
2016-05,MUN,PE|SANTA CRUZ DO CAPIBARIBE,glp,5,45.0,42.0,45.0,40.0,45.0
2016-05,MUN,PE|SERRA TALHADA,glp,3,58.0,58.0,58.0,58.0,58.0
2016-05,MUN,PE|VITORIA DE SANTO ANTAO,glp,15,50.0,50.0,55.0,50.0,55.0
2016-05,MUN,PI|CAMPO MAIOR,glp,4,62.0,62.0,62.0,62.0,62.0
2016-05,MUN,PI|PARNAIBA,glp,4,55.0,55.0,55.0,55.0,55.0
2016-05,MUN,PI|PICOS,glp,4,55.0,51.5,58.5,50.0,60.0
2016-05,MUN,PI|PIRIPIRI,glp,4,62.0,60.6,62.0,60.0,62.0
2016-05,MUN,PI|TERESINA,glp,71,55.0,52.5,55.0,45.0,55.0
2016-05,MUN,PR|ALMIRANTE TAMANDARE,glp,1,55.0,55.0,55.0,55.0,55.0
2016-05,MUN,PR|APUCARANA,glp,21,55.0,49.5,60.0,47.9,60.0
2016-05,MUN,PR|ARAPONGAS,glp,18,60.0,60.0,63.0,60.0,63.0
2016-05,MUN,PR|ARAUCARIA,glp,14,50.0,50.0,54.1,50.0,62.0
2016-05,MUN,PR|ASSIS CHATEAUBRIAND,glp,7,60.0,54.96,62.0,54.9,65.0
2016-05,MUN,PR|CAMBE,glp,15,55.0,52.8,60.0,50.0,60.0
2016-05,MUN,PR|CAMPO LARGO,glp,15,50.0,50.0,55.0,48.0,58.0
2016-05,MUN,PR|CAMPO MOURAO,glp,13,65.0,60.0,67.4,60.0,68.0
2016-05,MUN,PR|CASCAVEL,glp,70,65.5,65.0,66.5,65.0,67.0
2016-05,MUN,PR|CASTRO,glp,5,64.0,61.2,66.8,60.0,68.0
2016-05,MUN,PR|CIANORTE,glp,15,65.0,61.2,65.0,55.0,65.0
2016-05,MUN,PR|COLOMBO,glp,24,53.0,50.0,55.0,50.0,56.0
2016-05,MUN,PR|CORNELIO PROCOPIO,glp,4,55.0,51.5,57.8,50.0,59.0
2016-05,MUN,PR|CURITIBA,glp,55,55.0,50.0,59.6,49.9,60.0
2016-05,MUN,PR|CURIUVA,glp,1,55.0,55.0,55.0,55.0,55.0
2016-05,MUN,PR|FOZ DO IGUACU,glp,20,53.95,48.0,55.0,48.0,55.0
2016-05,MUN,PR|FRANCISCO BELTRAO,glp,8,55.0,45.0,57.2,45.0,60.0
2016-05,MUN,PR|GUARAPUAVA,glp,14,60.0,55.9,69.4,55.0,70.0
2016-05,MUN,PR|JESUITAS,glp,1,54.9,54.9,54.9,54.9,54.9
2016-05,MUN,PR|LARANJEIRAS DO SUL,glp,6,60.0,59.0,60.0,58.0,60.0
2016-05,MUN,PR|LONDRINA,glp,98,58.0,55.0,60.0,50.0,65.0
2016-05,MUN,PR|MARECHAL CANDIDO RONDON,glp,6,59.5,53.95,65.0,49.9,65.0
2016-05,MUN,PR|MARINGA,glp,34,64.0,60.0,65.0,60.0,65.0
2016-05,MUN,PR|PARANAGUA,glp,8,48.5,43.0,50.6,43.0,52.0
2016-05,MUN,PR|PARANAVAI,glp,11,63.0,60.0,63.0,58.0,65.0
2016-05,MUN,PR|PATO BRANCO,glp,12,65.0,63.0,65.0,63.0,65.0
2016-05,MUN,PR|PINHAIS,glp,16,54.5,49.0,56.5,48.0,57.0
2016-05,MUN,PR|PONTA GROSSA,glp,15,55.0,51.2,58.6,50.0,60.0
2016-05,MUN,PR|RAMILANDIA,glp,1,54.9,54.9,54.9,54.9,54.9
2016-05,MUN,PR|SANTO ANTONIO DA PLATINA,glp,14,53.5,50.0,55.97,50.0,57.0
2016-05,MUN,PR|SAO JOSE DOS PINHAIS,glp,17,53.0,48.2,56.2,47.0,59.9
2016-05,MUN,PR|TERRA BOA,glp,1,65.0,65.0,65.0,65.0,65.0
2016-05,MUN,PR|TOLEDO,glp,17,65.0,61.8,67.6,54.9,70.0
2016-05,MUN,PR|UMUARAMA,glp,22,65.0,64.0,65.0,62.0,66.0
2016-05,MUN,PR|UNIAO DA VITORIA,glp,3,60.0,56.0,60.0,55.0,60.0
2016-05,MUN,RJ|ANGRA DOS REIS,glp,6,55.0,52.45,55.0,52.0,55.0
2016-05,MUN,RJ|ARARUAMA,glp,7,45.0,41.797,49.394,40.0,50.0
2016-05,MUN,RJ|BARRA DO PIRAI,glp,4,50.95,50.0,57.57,50.0,60.0
2016-05,MUN,RJ|BARRA MANSA,glp,10,55.0,51.8,58.1,50.0,59.0
2016-05,MUN,RJ|BELFORD ROXO,glp,8,50.0,46.4,53.3,45.0,54.0
2016-05,MUN,RJ|CABO FRIO,glp,6,47.5,42.5,55.0,40.0,55.0
2016-05,MUN,RJ|CAMPOS DOS GOYTACAZES,glp,21,50.0,50.0,60.0,45.0,60.0
2016-05,MUN,RJ|DUQUE DE CAXIAS,glp,45,50.0,44.4,55.0,40.0,56.0
2016-05,MUN,RJ|ITABORAI,glp,4,50.0,50.0,50.0,50.0,50.0
2016-05,MUN,RJ|ITAGUAI,glp,3,48.9,45.78,48.9,45.0,48.9
2016-05,MUN,RJ|ITAPERUNA,glp,4,47.5,45.0,53.5,45.0,55.0
2016-05,MUN,RJ|MACAE,glp,6,52.5,50.0,57.0,50.0,57.0
2016-05,MUN,RJ|MAGE,glp,6,42.5,40.0,49.75,40.0,50.0
2016-05,MUN,RJ|MANGARATIBA,glp,2,49.95,49.91,49.99,49.9,50.0
2016-05,MUN,RJ|MARICA,glp,5,50.0,47.0,50.0,45.0,50.0
2016-05,MUN,RJ|NILOPOLIS,glp,5,55.0,50.8,55.0,50.0,55.0
2016-05,MUN,RJ|NITEROI,glp,14,50.0,41.5,54.1,40.0,55.0
2016-05,MUN,RJ|NOVA FRIBURGO,glp,5,60.0,60.0,62.0,60.0,62.0
2016-05,MUN,RJ|NOVA IGUACU,glp,20,50.0,45.0,55.0,42.0,55.0
2016-05,MUN,RJ|PARATY,glp,2,51.0,51.0,51.0,51.0,51.0
2016-05,MUN,RJ|PETROPOLIS,glp,7,49.9,49.0,52.52,49.0,54.8
2016-05,MUN,RJ|RESENDE,glp,7,55.0,40.596,57.0,39.99,60.0
2016-05,MUN,RJ|RIO BONITO,glp,3,42.0,42.0,42.0,42.0,42.0
2016-05,MUN,RJ|RIO DAS OSTRAS,glp,1,57.0,57.0,57.0,57.0,57.0
2016-05,MUN,RJ|RIO DE JANEIRO,glp,69,50.0,40.0,56.0,39.9,61.9
2016-05,MUN,RJ|SANTO ANTONIO DE PADUA,glp,2,52.0,52.0,52.0,52.0,52.0
2016-05,MUN,RJ|SAO FRANCISCO DE ITABAPOANA,glp,2,55.0,55.0,55.0,55.0,55.0
2016-05,MUN,RJ|SAO GONCALO,glp,12,48.0,48.0,51.8,40.0,55.0
2016-05,MUN,RJ|SAO JOAO DE MERITI,glp,8,50.0,44.397,50.0,42.99,50.0
2016-05,MUN,RJ|SAPUCAIA,glp,2,48.5,47.3,49.7,47.0,50.0
2016-05,MUN,RJ|SAQUAREMA,glp,5,40.0,38.0,43.0,38.0,45.0
2016-05,MUN,RJ|TERESOPOLIS,glp,7,50.0,50.0,53.8,50.0,55.0
2016-05,MUN,RJ|TRES RIOS,glp,2,46.0,45.2,46.8,45.0,47.0
2016-05,MUN,RJ|VALENCA,glp,4,56.0,55.3,56.7,55.0,57.0
2016-05,MUN,RJ|VASSOURAS,glp,2,55.0,55.0,55.0,55.0,55.0
2016-05,MUN,RJ|VOLTA REDONDA,glp,14,54.75,53.3,57.97,53.0,58.0
2016-05,MUN,RN|CAICO,glp,4,55.0,51.5,55.0,50.0,55.0
2016-05,MUN,RN|MOSSORO,glp,10,55.0,50.0,55.0,50.0,55.0
2016-05,MUN,RN|NATAL,glp,65,55.0,52.5,57.8,50.0,60.0
2016-05,MUN,RN|PARNAMIRIM,glp,18,55.0,55.0,60.0,52.5,60.0
2016-05,MUN,RN|SANTA CRUZ,glp,1,57.5,57.5,57.5,57.5,57.5
2016-05,MUN,RN|SAO JOSE DE MIPIBU,glp,8,55.0,53.5,55.0,50.0,55.0
2016-05,MUN,RO|ARIQUEMES,glp,9,60.0,57.8,62.4,57.0,64.0
2016-05,MUN,RO|CACOAL,glp,9,65.0,65.0,65.0,65.0,65.0
2016-05,MUN,RO|GUAJARA-MIRIM,glp,4,59.0,58.0,60.0,58.0,60.0
2016-05,MUN,RO|JI-PARANA,glp,21,60.0,58.0,64.0,58.0,68.0
2016-05,MUN,RO|PIMENTA BUENO,glp,4,63.0,63.0,63.0,63.0,63.0
2016-05,MUN,RO|PORTO VELHO,glp,84,55.0,52.0,57.0,49.0,65.0
2016-05,MUN,RO|VILHENA,glp,8,63.0,62.2,65.6,61.5,67.0
2016-05,MUN,RR|BOA VISTA,glp,29,58.0,56.8,60.0,56.0,62.0
2016-05,MUN,RS|ALEGRETE,glp,11,48.0,44.0,50.0,44.0,52.0
2016-05,MUN,RS|ALVORADA,glp,9,55.0,50.0,60.0,50.0,60.0
2016-05,MUN,RS|BAGE,glp,25,62.0,60.0,63.0,58.5,66.0
2016-05,MUN,RS|BENTO GONCALVES,glp,4,58.0,58.0,62.2,58.0,64.0
2016-05,MUN,RS|CACAPAVA DO SUL,glp,8,58.0,56.8,58.0,54.0,58.0
2016-05,MUN,RS|CACHOEIRA DO SUL,glp,10,45.0,40.0,45.5,40.0,50.0
2016-05,MUN,RS|CACHOEIRINHA,glp,7,50.0,50.0,56.6,50.0,59.0
2016-05,MUN,RS|CANOAS,glp,26,51.95,45.25,58.0,45.0,60.0
2016-05,MUN,RS|CAXIAS DO SUL,glp,51,53.0,49.5,58.9,45.0,60.0
2016-05,MUN,RS|CRUZ ALTA,glp,2,43.45,42.29,44.61,42.0,44.9
2016-05,MUN,RS|ERECHIM,glp,9,57.0,55.6,60.0,50.0,60.0
2016-05,MUN,RS|ESTEIO,glp,11,56.0,52.0,58.0,50.0,58.0
2016-05,MUN,RS|GRAMADO,glp,5,55.0,52.0,58.8,50.0,60.0
2016-05,MUN,RS|GRAVATAI,glp,11,54.0,49.0,55.0,48.0,55.0
2016-05,MUN,RS|GUAIBA,glp,6,54.5,51.0,55.5,48.0,56.0
2016-05,MUN,RS|GUARANI DAS MISSOES,glp,1,50.0,50.0,50.0,50.0,50.0
2016-05,MUN,RS|IJUI,glp,6,50.0,48.0,53.5,46.0,56.0
2016-05,MUN,RS|LAJEADO,glp,13,50.0,48.0,54.8,46.0,55.0
2016-05,MUN,RS|NOVO HAMBURGO,glp,23,52.0,45.0,54.8,45.0,58.0
2016-05,MUN,RS|OSORIO,glp,6,63.5,57.5,66.5,55.0,68.0
2016-05,MUN,RS|PALMEIRA DAS MISSOES,glp,7,55.0,55.0,59.4,55.0,60.0
2016-05,MUN,RS|PASSO FUNDO,glp,36,50.0,47.0,55.0,45.0,58.0
2016-05,MUN,RS|PELOTAS,glp,21,53.0,49.0,57.0,40.0,58.0
2016-05,MUN,RS|PORTO ALEGRE,glp,53,57.0,50.2,63.0,49.0,67.0
2016-05,MUN,RS|RIO GRANDE,glp,13,48.0,45.2,50.0,45.0,50.0
2016-05,MUN,RS|SANTA CRUZ DO SUL,glp,16,52.0,51.0,54.0,48.0,58.0
2016-05,MUN,RS|SANTA MARIA,glp,77,58.0,51.6,62.0,42.0,64.0
2016-05,MUN,RS|SANTA ROSA,glp,6,51.0,50.0,53.5,50.0,55.0
2016-05,MUN,RS|SANTANA DO LIVRAMENTO,glp,14,55.0,55.0,55.0,50.0,55.0
2016-05,MUN,RS|SANTO ANGELO,glp,3,57.0,55.4,57.8,55.0,58.0
2016-05,MUN,RS|SAO BORJA,glp,7,55.0,54.2,56.2,53.0,58.0
2016-05,MUN,RS|SAO GABRIEL,glp,15,58.0,55.0,60.0,54.0,60.0
2016-05,MUN,RS|SAO LEOPOLDO,glp,12,52.0,50.0,57.7,45.0,59.0
2016-05,MUN,RS|SAO LUIZ GONZAGA,glp,5,56.0,53.8,58.0,53.0,58.0
2016-05,MUN,RS|SAPIRANGA,glp,6,55.0,49.5,57.5,44.0,60.0
2016-05,MUN,RS|SAPUCAIA DO SUL,glp,19,55.0,49.8,58.4,48.0,60.0
2016-05,MUN,RS|TORRES,glp,9,60.0,54.8,60.0,54.0,60.0
2016-05,MUN,RS|TRAMANDAI,glp,4,58.0,58.0,59.4,58.0,60.0
2016-05,MUN,RS|URUGUAIANA,glp,16,62.0,55.0,62.0,55.0,62.0
2016-05,MUN,RS|VACARIA,glp,7,55.0,50.0,55.0,50.0,55.0
2016-05,MUN,RS|VIAMAO,glp,15,58.0,55.0,62.0,55.0,62.0
2016-05,MUN,SC|ARARANGUA,glp,4,50.0,50.0,53.5,50.0,55.0
2016-05,MUN,SC|BALNEARIO CAMBORIU,glp,4,55.0,50.8,55.0,49.0,55.0
2016-05,MUN,SC|BIGUACU,glp,2,47.5,45.5,49.5,45.0,50.0
2016-05,MUN,SC|BLUMENAU,glp,17,60.0,58.0,61.0,52.0,65.0
2016-05,MUN,SC|BRUSQUE,glp,8,45.0,44.4,58.0,43.0,58.0
2016-05,MUN,SC|CACADOR,glp,3,58.0,54.0,58.0,53.0,58.0
2016-05,MUN,SC|CHAPECO,glp,6,62.0,60.0,63.5,60.0,65.0
2016-05,MUN,SC|CONCORDIA,glp,4,50.0,46.5,53.5,45.0,55.0
2016-05,MUN,SC|CRICIUMA,glp,13,48.0,48.0,50.0,45.0,55.0
2016-05,MUN,SC|FLORIANOPOLIS,glp,7,55.0,53.36,58.8,50.9,60.0
2016-05,MUN,SC|ITAJAI,glp,13,48.0,45.0,58.8,45.0,72.0
2016-05,MUN,SC|JARAGUA DO SUL,glp,14,51.22,44.85,56.793,42.0,58.0
2016-05,MUN,SC|JOINVILLE,glp,15,50.0,49.0,51.96,48.0,53.0
2016-05,MUN,SC|LAGES,glp,6,56.0,51.5,60.0,48.0,60.0
2016-05,MUN,SC|LAGUNA,glp,4,48.0,45.9,48.0,45.0,48.0
2016-05,MUN,SC|MAFRA,glp,4,58.9,55.9,63.44,55.0,65.0
2016-05,MUN,SC|PALHOCA,glp,6,50.0,49.0,53.5,48.0,55.0
2016-05,MUN,SC|SAO JOSE,glp,4,47.0,45.6,54.0,45.0,57.0
2016-05,MUN,SC|SAO MIGUEL DO OESTE,glp,3,53.0,52.92,54.6,52.9,55.0
2016-05,MUN,SC|TUBARAO,glp,6,48.0,46.5,49.0,45.0,50.0
2016-05,MUN,SC|VIDEIRA,glp,8,60.0,58.0,62.9,58.0,65.0
2016-05,MUN,SC|XANXERE,glp,4,58.0,55.9,59.4,55.0,60.0
2016-05,MUN,SE|ARACAJU,glp,33,55.0,50.4,55.0,47.0,60.0
2016-05,MUN,SE|ITABAIANA,glp,3,52.0,50.4,54.4,50.0,55.0
2016-05,MUN,SE|LAGARTO,glp,5,45.0,45.0,45.0,45.0,45.0
2016-05,MUN,SE|NOSSA SENHORA DO SOCORRO,glp,8,53.0,52.0,55.3,52.0,56.0
2016-05,MUN,SP|ADAMANTINA,glp,7,50.0,50.0,55.0,50.0,55.0
2016-05,MUN,SP|AMERICANA,glp,19,55.0,54.0,58.0,45.0,58.0
2016-05,MUN,SP|AMPARO,glp,7,56.0,55.6,57.4,55.0,58.0
2016-05,MUN,SP|ARACATUBA,glp,44,50.0,50.0,53.0,50.0,53.0
2016-05,MUN,SP|ARARAQUARA,glp,15,50.0,48.796,55.6,45.99,58.0
2016-05,MUN,SP|ARARAS,glp,11,46.9,46.9,57.0,46.9,60.0
2016-05,MUN,SP|ASSIS,glp,9,49.0,48.4,50.0,46.0,50.0
2016-05,MUN,SP|ATIBAIA,glp,14,51.0,49.0,60.0,49.0,62.0
2016-05,MUN,SP|AVARE,glp,8,47.5,45.0,50.0,45.0,50.0
2016-05,MUN,SP|BARRETOS,glp,6,51.5,44.95,53.0,43.0,53.0
2016-05,MUN,SP|BARUERI,glp,28,49.99,44.7,57.9,37.99,60.0
2016-05,MUN,SP|BAURU,glp,43,52.0,47.7,60.0,45.0,62.0
2016-05,MUN,SP|BEBEDOURO,glp,12,55.0,50.0,55.0,49.0,55.0
2016-05,MUN,SP|BIRIGUI,glp,21,50.0,45.0,55.0,45.0,55.0
2016-05,MUN,SP|BOTUCATU,glp,12,45.0,40.0,45.0,40.0,47.5
2016-05,MUN,SP|BRAGANCA PAULISTA,glp,9,50.0,45.0,50.0,45.0,50.0
2016-05,MUN,SP|CACAPAVA,glp,6,50.0,44.495,51.5,43.0,52.0
2016-05,MUN,SP|CAMPINAS,glp,28,50.0,47.0,55.0,47.0,60.0
2016-05,MUN,SP|CAMPOS DO JORDAO,glp,8,45.0,40.522,45.0,39.99,45.0
2016-05,MUN,SP|CAPAO BONITO,glp,3,55.0,53.4,57.4,53.0,58.0
2016-05,MUN,SP|CARAGUATATUBA,glp,3,50.0,48.4,50.0,48.0,50.0
2016-05,MUN,SP|CARAPICUIBA,glp,18,47.99,45.0,50.893,45.0,54.99
2016-05,MUN,SP|CATANDUVA,glp,12,49.948,46.2,50.0,45.0,55.0
2016-05,MUN,SP|COSMOPOLIS,glp,8,56.0,55.0,57.3,55.0,58.0
2016-05,MUN,SP|COTIA,glp,10,55.0,53.1,60.0,45.0,60.0
2016-05,MUN,SP|CRUZEIRO,glp,9,45.0,39.52,51.0,38.0,55.0
2016-05,MUN,SP|CUBATAO,glp,8,57.5,55.0,65.0,55.0,65.0
2016-05,MUN,SP|DIADEMA,glp,26,49.495,45.0,50.0,45.0,52.0
2016-05,MUN,SP|DRACENA,glp,8,59.25,55.0,60.75,55.0,62.5
2016-05,MUN,SP|EMBU DAS ARTES,glp,6,50.0,50.0,52.0,50.0,54.0
2016-05,MUN,SP|FERNANDOPOLIS,glp,1,53.0,53.0,53.0,53.0,53.0
2016-05,MUN,SP|FRANCA,glp,37,48.0,44.993,50.0,43.99,52.0
2016-05,MUN,SP|GARCA,glp,4,52.5,48.6,55.0,48.0,55.0
2016-05,MUN,SP|GUARATINGUETA,glp,14,44.95,38.6,54.8,38.0,56.0
2016-05,MUN,SP|GUARUJA,glp,17,52.9,49.96,58.0,48.0,59.0
2016-05,MUN,SP|GUARULHOS,glp,37,50.0,40.0,55.0,38.995,56.5
2016-05,MUN,SP|HORTOLANDIA,glp,14,51.0,50.0,56.4,50.0,58.0
2016-05,MUN,SP|IBITINGA,glp,8,52.5,51.782,55.0,51.275,55.0
2016-05,MUN,SP|INDAIATUBA,glp,14,50.0,50.0,54.1,47.0,60.0
2016-05,MUN,SP|ITANHAEM,glp,3,48.0,45.6,48.792,45.0,48.99
2016-05,MUN,SP|ITAPECERICA DA SERRA,glp,6,50.0,48.0,63.0,48.0,68.0
2016-05,MUN,SP|ITAPETININGA,glp,15,52.0,46.2,55.6,41.0,57.0
2016-05,MUN,SP|ITAPEVA,glp,5,55.0,53.4,55.9,53.0,56.5
2016-05,MUN,SP|ITAPEVI,glp,5,45.0,42.0,57.588,40.0,59.98
2016-05,MUN,SP|ITAPIRA,glp,3,52.0,50.4,52.0,50.0,52.0
2016-05,MUN,SP|ITAPOLIS,glp,12,56.0,54.1,57.0,48.0,58.5
2016-05,MUN,SP|ITAQUAQUECETUBA,glp,12,40.0,39.099,44.9,38.0,48.0
2016-05,MUN,SP|ITATIBA,glp,5,55.0,52.0,57.6,52.0,58.0
2016-05,MUN,SP|ITU,glp,7,45.99,44.56,50.2,43.9,52.0
2016-05,MUN,SP|JABOTICABAL,glp,8,45.0,42.0,45.0,42.0,45.0
2016-05,MUN,SP|JACAREI,glp,12,46.75,40.1,53.5,40.0,57.0
2016-05,MUN,SP|JALES,glp,4,53.0,50.9,54.4,50.0,55.0
2016-05,MUN,SP|JANDIRA,glp,13,50.0,43.4,50.0,43.0,54.0
2016-05,MUN,SP|JAU,glp,12,55.0,50.25,60.0,48.0,61.0
2016-05,MUN,SP|JOSE BONIFACIO,glp,5,46.5,45.4,49.0,45.0,50.0
2016-05,MUN,SP|JUNDIAI,glp,8,53.5,48.5,56.87,45.0,58.9
2016-05,MUN,SP|LEME,glp,11,50.0,45.0,59.0,45.0,59.0
2016-05,MUN,SP|LIMEIRA,glp,17,50.0,45.0,50.0,45.0,55.0
2016-05,MUN,SP|LINS,glp,8,50.0,48.5,50.0,45.0,50.0
2016-05,MUN,SP|LORENA,glp,13,45.0,38.4,48.0,35.0,49.0
2016-05,MUN,SP|MARILIA,glp,9,53.0,52.4,53.2,50.0,54.0
2016-05,MUN,SP|MATAO,glp,12,50.0,50.0,51.8,40.0,55.0
2016-05,MUN,SP|MAUA,glp,32,50.0,47.0,56.8,43.0,58.0
2016-05,MUN,SP|MIRASSOL,glp,11,45.0,41.0,50.0,41.0,50.0
2016-05,MUN,SP|MOCOCA,glp,6,53.0,50.75,55.0,49.0,55.0
2016-05,MUN,SP|MOGI DAS CRUZES,glp,34,50.5,45.0,58.0,36.99,59.0
2016-05,MUN,SP|MOGI GUACU,glp,14,52.5,45.9,55.0,40.0,59.0
2016-05,MUN,SP|MOGI MIRIM,glp,10,46.5,42.5,51.0,38.0,60.0
2016-05,MUN,SP|MONTE ALTO,glp,9,50.0,47.4,55.0,45.0,55.0
2016-05,MUN,SP|OLIMPIA,glp,8,42.25,40.0,45.0,40.0,45.0
2016-05,MUN,SP|OSASCO,glp,68,49.99,47.393,56.993,43.0,68.99
2016-05,MUN,SP|OURINHOS,glp,14,51.5,48.45,57.0,48.0,57.0
2016-05,MUN,SP|PARAGUACU PAULISTA,glp,11,60.0,55.0,60.0,55.0,60.0
2016-05,MUN,SP|PAULINIA,glp,7,45.0,45.0,52.0,45.0,55.0
2016-05,MUN,SP|PINDAMONHANGABA,glp,6,48.0,45.0,50.0,45.0,50.0
2016-05,MUN,SP|PIRACICABA,glp,21,55.0,50.0,55.0,50.0,60.0
2016-05,MUN,SP|PIRASSUNUNGA,glp,2,49.975,49.955,49.995,49.95,50.0
2016-05,MUN,SP|POA,glp,8,50.0,43.5,53.0,40.0,53.0
2016-05,MUN,SP|PORTO FERREIRA,glp,3,46.0,45.2,48.4,45.0,49.0
2016-05,MUN,SP|PRAIA GRANDE,glp,37,53.0,47.99,60.8,45.99,69.0
2016-05,MUN,SP|PRESIDENTE PRUDENTE,glp,25,55.0,50.0,59.96,38.0,60.0
2016-05,MUN,SP|PRESIDENTE VENCESLAU,glp,5,48.0,43.8,49.96,43.0,50.0
2016-05,MUN,SP|RIBEIRAO PIRES,glp,12,49.5,44.9,50.0,44.9,50.0
2016-05,MUN,SP|RIBEIRAO PRETO,glp,44,55.0,48.6,60.0,45.0,62.0
2016-05,MUN,SP|RIO CLARO,glp,6,50.0,49.0,53.5,48.0,54.0
2016-05,MUN,SP|SALTO,glp,9,47.0,43.4,51.0,41.0,55.0
2016-05,MUN,SP|SANTA BARBARA D'OESTE,glp,18,52.5,42.1,55.6,40.0,60.0
2016-05,MUN,SP|SANTA CRUZ DO RIO PARDO,glp,13,52.0,50.0,53.0,45.0,53.0
2016-05,MUN,SP|SANTO ANDRE,glp,39,49.99,44.998,59.99,39.99,63.0
2016-05,MUN,SP|SANTOS,glp,33,55.0,47.0,60.0,40.0,68.9
2016-05,MUN,SP|SAO BERNARDO DO CAMPO,glp,47,53.0,46.6,60.396,43.99,69.945
2016-05,MUN,SP|SAO CAETANO DO SUL,glp,5,59.99,56.196,63.0,55.0,65.0
2016-05,MUN,SP|SAO CARLOS,glp,21,54.9,51.95,58.0,48.0,63.0
2016-05,MUN,SP|SAO JOAO DA BOA VISTA,glp,7,55.0,54.2,56.2,53.0,58.0
2016-05,MUN,SP|SAO JOAQUIM DA BARRA,glp,6,45.0,42.5,50.0,40.0,50.0
2016-05,MUN,SP|SAO JOSE DO RIO PRETO,glp,58,50.0,45.0,55.0,44.0,58.0
2016-05,MUN,SP|SAO JOSE DOS CAMPOS,glp,24,52.0,45.0,55.0,38.0,58.0
2016-05,MUN,SP|SAO PAULO,glp,196,50.0,45.0,58.5,39.99,63.0
2016-05,MUN,SP|SAO ROQUE,glp,7,53.0,50.0,55.0,50.0,58.0
2016-05,MUN,SP|SAO VICENTE,glp,50,51.25,46.9,58.1,44.495,62.0
2016-05,MUN,SP|SERTAOZINHO,glp,12,49.0,45.0,51.8,45.0,53.0
2016-05,MUN,SP|SOROCABA,glp,19,51.0,47.98,55.4,45.0,59.9
2016-05,MUN,SP|SUMARE,glp,8,53.5,45.0,55.0,45.0,55.0
2016-05,MUN,SP|SUZANO,glp,11,50.0,50.0,59.0,44.99,59.0
2016-05,MUN,SP|TABOAO DA SERRA,glp,6,50.0,48.5,52.5,47.0,55.0
2016-05,MUN,SP|TATUI,glp,8,57.5,55.0,60.3,55.0,61.0
2016-05,MUN,SP|TAUBATE,glp,11,45.0,38.0,50.0,36.0,50.0
2016-05,MUN,SP|TUPA,glp,7,53.0,50.0,55.0,50.0,55.0
2016-05,MUN,SP|UBATUBA,glp,11,50.0,45.0,58.0,45.0,60.0
2016-05,MUN,SP|VALINHOS,glp,8,56.25,55.7,60.6,55.0,62.0
2016-05,MUN,SP|VARZEA PAULISTA,glp,10,45.0,40.0,48.2,40.0,50.0
2016-05,MUN,SP|VINHEDO,glp,4,59.5,59.0,61.4,59.0,62.0
2016-05,MUN,SP|VOTORANTIM,glp,17,50.0,45.0,54.0,44.0,55.0
2016-05,MUN,SP|VOTUPORANGA,glp,5,48.0,48.0,48.0,48.0,48.0
2016-05,MUN,TO|ARAGUAINA,glp,14,65.0,65.0,70.0,60.0,70.0
2016-05,MUN,TO|GUARAI,glp,1,70.0,70.0,70.0,70.0,70.0
2016-05,MUN,TO|GURUPI,glp,34,65.0,65.0,68.0,60.0,68.0
2016-05,MUN,TO|MIRACEMA DO TOCANTINS,glp,1,70.0,70.0,70.0,70.0,70.0
2016-05,MUN,TO|PALMAS,glp,34,70.0,65.0,70.0,60.0,72.0
2016-05,MUN,TO|PARAISO DO TOCANTINS,glp,7,66.0,63.4,66.0,61.0,66.0
2016-05,MUN,TO|PORTO NACIONAL,glp,13,65.0,65.0,65.0,60.0,70.0
2016-05,UF,AC,glp,80,58.0,55.0,60.45,52.5,68.0
2016-05,UF,AL,glp,110,45.0,45.0,55.0,40.0,55.0
2016-05,UF,AM,glp,358,50.0,49.0,53.0,45.0,62.0
2016-05,UF,AP,glp,28,69.0,64.05,70.0,55.0,70.0
2016-05,UF,BA,glp,491,50.0,40.0,56.0,37.0,63.0
2016-05,UF,CE,glp,241,62.0,55.0,65.0,50.0,65.9
2016-05,UF,DF,glp,71,59.9,50.0,60.0,48.0,65.0
2016-05,UF,ES,glp,342,50.0,49.9,55.0,41.0,60.0
2016-05,UF,GO,glp,447,55.0,53.0,60.0,51.0,63.0
2016-05,UF,MA,glp,153,55.0,44.2,60.0,39.9,65.0
2016-05,UF,MG,glp,743,55.0,48.0,62.0,39.0,65.0
2016-05,UF,MS,glp,493,66.0,63.0,67.0,50.0,75.0
2016-05,UF,MT,glp,249,70.0,65.0,75.0,63.0,82.0
2016-05,UF,PA,glp,205,56.0,51.0,65.6,45.0,75.0
2016-05,UF,PB,glp,102,55.0,45.1,55.0,42.0,60.0
2016-05,UF,PE,glp,357,45.0,40.0,50.0,35.0,58.0
2016-05,UF,PI,glp,87,55.0,52.5,57.0,45.0,62.0
2016-05,UF,PR,glp,602,58.0,50.0,65.45,43.0,70.0
2016-05,UF,RJ,glp,330,50.0,44.0,55.1,38.0,62.0
2016-05,UF,RN,glp,106,55.0,52.5,57.75,50.0,60.0
2016-05,UF,RO,glp,139,56.0,52.0,65.0,49.0,68.0
2016-05,UF,RR,glp,29,58.0,56.8,60.0,56.0,62.0
2016-05,UF,RS,glp,605,55.0,48.0,62.0,40.0,68.0
2016-05,UF,SC,glp,155,52.45,45.0,60.0,42.0,72.0
2016-05,UF,SE,glp,49,55.0,46.6,55.0,45.0,60.0
2016-05,UF,SP,glp,1832,50.0,45.0,58.0,35.0,69.945
2016-05,UF,TO,glp,104,65.0,65.0,70.0,60.0,72.0
2016-06,BR,BR,glp,8325,55.0,45.0,65.0,35.0,82.0
2016-06,MUN,AC|CRUZEIRO DO SUL,glp,5,68.0,66.2,68.0,65.0,68.0
2016-06,MUN,AC|RIO BRANCO,glp,76,58.0,55.0,60.0,52.0,64.0
2016-06,MUN,AL|ARAPIRACA,glp,10,45.0,45.0,45.3,45.0,48.0
2016-06,MUN,AL|DELMIRO GOUVEIA,glp,3,55.0,55.0,55.0,55.0,55.0
2016-06,MUN,AL|MACEIO,glp,52,45.0,45.0,45.0,45.0,45.0
2016-06,MUN,AL|MARECHAL DEODORO,glp,6,45.0,45.0,45.0,45.0,45.0
2016-06,MUN,AL|MESSIAS,glp,1,45.0,45.0,45.0,45.0,45.0
2016-06,MUN,AL|PALMEIRA DOS INDIOS,glp,5,55.0,52.5,55.0,52.5,55.0
2016-06,MUN,AL|RIO LARGO,glp,4,48.0,45.65,50.7,45.5,51.0
2016-06,MUN,AL|SANTANA DO IPANEMA,glp,4,55.0,55.0,55.0,55.0,55.0
2016-06,MUN,AM|HUMAITA,glp,4,56.5,55.0,59.4,55.0,60.0
2016-06,MUN,AM|ITACOATIARA,glp,16,55.5,55.0,60.0,55.0,60.0
2016-06,MUN,AM|MANACAPURU,glp,6,57.0,57.0,57.5,57.0,58.0
2016-06,MUN,AM|MANAUS,glp,263,50.0,48.0,52.0,44.0,62.0
2016-06,MUN,AM|PARINTINS,glp,4,51.5,50.3,52.0,50.0,52.0
2016-06,MUN,AM|TEFE,glp,3,62.0,62.0,62.0,62.0,62.0
2016-06,MUN,AP|CALCOENE,glp,1,67.0,67.0,67.0,67.0,67.0
2016-06,MUN,AP|LARANJAL DO JARI,glp,1,69.0,69.0,69.0,69.0,69.0
2016-06,MUN,AP|MACAPA,glp,16,69.0,65.0,69.0,55.0,70.0
2016-06,MUN,AP|SANTANA,glp,5,66.0,63.8,69.6,63.0,70.0
2016-06,MUN,BA|ALAGOINHAS,glp,5,58.0,51.2,58.0,50.0,58.0
2016-06,MUN,BA|BARREIRAS,glp,8,55.0,52.8,63.0,50.0,63.0
2016-06,MUN,BA|BRUMADO,glp,5,53.0,53.0,55.0,53.0,55.0
2016-06,MUN,BA|CAETITE,glp,6,42.75,41.5,45.0,41.0,45.0
2016-06,MUN,BA|CAMACARI,glp,19,47.5,40.0,55.5,40.0,57.9
2016-06,MUN,BA|CANDEIAS,glp,6,48.25,45.0,50.0,44.0,50.0
2016-06,MUN,BA|CENTRAL,glp,1,40.0,40.0,40.0,40.0,40.0
2016-06,MUN,BA|EUNAPOLIS,glp,12,55.0,55.0,57.8,55.0,60.0
2016-06,MUN,BA|FEIRA DE SANTANA,glp,11,49.9,47.5,52.65,43.5,53.0
2016-06,MUN,BA|GUANAMBI,glp,16,40.0,40.0,40.0,40.0,40.0
2016-06,MUN,BA|ILHEUS,glp,6,55.5,55.0,57.0,55.0,57.0
2016-06,MUN,BA|IPIRA,glp,4,48.0,42.4,50.1,40.0,51.0
2016-06,MUN,BA|IRECE,glp,7,43.0,40.0,47.4,40.0,48.0
2016-06,MUN,BA|ITABUNA,glp,9,52.0,49.4,55.2,47.0,56.0
2016-06,MUN,BA|ITAMARAJU,glp,4,53.0,52.65,53.0,52.5,53.0
2016-06,MUN,BA|JACOBINA,glp,4,53.0,50.9,53.0,50.0,53.0
2016-06,MUN,BA|JAGUAQUARA,glp,4,41.5,40.3,44.1,40.0,45.0
2016-06,MUN,BA|JEQUIE,glp,10,37.5,36.8,43.2,35.0,45.0
2016-06,MUN,BA|JUAZEIRO,glp,11,45.0,42.0,50.0,42.0,50.0
2016-06,MUN,BA|LAURO DE FREITAS,glp,17,50.0,46.2,55.0,45.0,60.0
2016-06,MUN,BA|LIVRAMENTO DE NOSSA SENHORA,glp,3,43.0,39.0,44.6,38.0,45.0
2016-06,MUN,BA|PAULO AFONSO,glp,6,55.0,54.5,56.0,54.0,57.0
2016-06,MUN,BA|POCOES,glp,6,44.5,40.5,45.0,40.0,45.0
2016-06,MUN,BA|PORTO SEGURO,glp,9,50.0,45.6,59.2,44.0,60.0
2016-06,MUN,BA|SALVADOR,glp,264,50.0,40.0,56.0,36.0,60.0
2016-06,MUN,BA|SANTANOPOLIS,glp,1,53.0,53.0,53.0,53.0,53.0
2016-06,MUN,BA|SANTO ANTONIO DE JESUS,glp,7,47.0,45.0,48.8,45.0,50.0
2016-06,MUN,BA|SENHOR DO BONFIM,glp,2,52.5,50.5,54.5,50.0,55.0
2016-06,MUN,BA|SERRINHA,glp,6,42.5,40.0,47.5,40.0,50.0
2016-06,MUN,BA|SIMOES FILHO,glp,10,50.0,49.2,55.0,42.0,55.0
2016-06,MUN,BA|TEIXEIRA DE FREITAS,glp,8,46.0,44.4,53.8,43.0,58.0
2016-06,MUN,BA|VALENCA,glp,5,55.0,55.0,56.8,55.0,58.0
2016-06,MUN,BA|VITORIA DA CONQUISTA,glp,8,45.0,42.0,45.0,42.0,45.0
2016-06,MUN,CE|BEBERIBE,glp,4,60.75,60.15,61.0,60.0,61.0
2016-06,MUN,CE|CANINDE,glp,3,53.5,52.3,54.7,52.0,55.0
2016-06,MUN,CE|CAUCAIA,glp,24,60.0,60.0,63.85,60.0,65.0
2016-06,MUN,CE|CRATEUS,glp,4,57.5,55.75,59.25,55.0,60.0
2016-06,MUN,CE|CRATO,glp,15,56.5,55.0,60.0,55.0,60.0
2016-06,MUN,CE|FORTALEZA,glp,131,62.0,60.0,65.0,60.0,65.333
2016-06,MUN,CE|ICO,glp,4,55.0,52.9,58.5,52.0,60.0
2016-06,MUN,CE|IGUATU,glp,5,54.5,52.0,55.0,52.0,55.0
2016-06,MUN,CE|IPU,glp,2,56.25,55.25,57.25,55.0,57.5
2016-06,MUN,CE|ITAPIPOCA,glp,5,57.0,55.8,59.2,55.0,60.0
2016-06,MUN,CE|JUAZEIRO DO NORTE,glp,11,57.0,55.0,60.0,50.0,60.0
2016-06,MUN,CE|LIMOEIRO DO NORTE,glp,5,59.0,56.0,59.6,55.0,60.0
2016-06,MUN,CE|MARACANAU,glp,11,64.0,60.0,65.0,60.0,65.0
2016-06,MUN,CE|MISSAO VELHA,glp,1,57.0,57.0,57.0,57.0,57.0
2016-06,MUN,CE|MORADA NOVA,glp,3,60.0,58.4,60.0,58.0,60.0
2016-06,MUN,CE|QUIXADA,glp,5,55.0,52.0,56.8,50.0,58.0
2016-06,MUN,CE|SOBRAL,glp,6,55.0,53.0,58.25,52.0,60.0
2016-06,MUN,DF|BRASILIA,glp,71,59.9,50.0,60.0,48.0,65.0
2016-06,MUN,ES|ARACRUZ,glp,11,50.0,47.0,53.0,47.0,53.0
2016-06,MUN,ES|BARRA DE SAO FRANCISCO,glp,5,58.0,57.0,59.2,57.0,60.0
2016-06,MUN,ES|CACHOEIRO DE ITAPEMIRIM,glp,16,50.0,49.9,55.0,49.0,60.0
2016-06,MUN,ES|CARIACICA,glp,71,50.0,50.0,52.0,48.0,55.0
2016-06,MUN,ES|COLATINA,glp,8,50.0,47.7,51.17,47.0,53.9
2016-06,MUN,ES|GUARAPARI,glp,30,52.0,50.0,55.0,48.0,55.0
2016-06,MUN,ES|ITAPEMIRIM,glp,3,52.0,50.32,55.6,49.9,56.5
2016-06,MUN,ES|LINHARES,glp,14,52.5,48.3,60.0,48.0,60.0
2016-06,MUN,ES|MARATAIZES,glp,1,50.0,50.0,50.0,50.0,50.0
2016-06,MUN,ES|SAO MATEUS,glp,5,48.0,43.8,52.2,41.0,55.0
2016-06,MUN,ES|SERRA,glp,139,50.0,49.9,52.0,45.0,55.0
2016-06,MUN,ES|VILA VELHA,glp,51,50.0,49.99,52.0,49.0,55.0
2016-06,MUN,ES|VITORIA,glp,31,50.0,49.9,52.0,49.0,55.0
2016-06,MUN,GO|AGUAS LINDAS DE GOIAS,glp,11,55.0,55.0,56.0,55.0,56.0
2016-06,MUN,GO|ANAPOLIS,glp,78,53.0,52.0,54.0,51.0,54.0
2016-06,MUN,GO|APARECIDA DE GOIANIA,glp,42,55.0,54.1,57.0,50.5,58.0
2016-06,MUN,GO|CALDAS NOVAS,glp,14,58.0,56.6,60.0,56.0,60.0
2016-06,MUN,GO|CATALAO,glp,11,55.0,54.0,56.0,54.0,56.0
2016-06,MUN,GO|FORMOSA,glp,17,56.0,55.0,57.0,54.0,58.0
2016-06,MUN,GO|GOIANIA,glp,137,55.5,55.0,58.0,55.0,60.0
2016-06,MUN,GO|GOIATUBA,glp,4,56.0,56.0,56.7,56.0,57.0
2016-06,MUN,GO|ITUMBIARA,glp,8,60.0,60.0,60.3,60.0,61.0
2016-06,MUN,GO|JARAGUA,glp,1,54.0,54.0,54.0,54.0,54.0
2016-06,MUN,GO|JATAI,glp,19,60.0,60.0,61.0,60.0,61.0
2016-06,MUN,GO|LUZIANIA,glp,26,55.0,54.5,58.0,53.0,58.0
2016-06,MUN,GO|MINEIROS,glp,8,60.0,59.7,60.3,59.0,61.0
2016-06,MUN,GO|MORRINHOS,glp,7,57.0,54.0,57.0,52.5,57.0
2016-06,MUN,GO|PORANGATU,glp,16,55.0,54.5,56.0,54.0,56.0
2016-06,MUN,GO|RIO VERDE,glp,14,58.0,56.45,60.0,56.0,60.0
2016-06,MUN,GO|TRINDADE,glp,24,55.0,54.0,55.0,53.0,56.0
2016-06,MUN,GO|VALPARAISO DE GOIAS,glp,10,55.0,55.0,56.0,55.0,56.0
2016-06,MUN,MA|ACAILANDIA,glp,3,60.0,60.0,60.0,60.0,60.0
2016-06,MUN,MA|BACABAL,glp,3,58.0,57.2,58.0,57.0,58.0
2016-06,MUN,MA|BALSAS,glp,5,65.0,62.0,65.0,60.0,65.0
2016-06,MUN,MA|BARRA DO CORDA,glp,4,57.5,57.0,59.4,57.0,60.0
2016-06,MUN,MA|CANDIDO MENDES,glp,1,43.0,43.0,43.0,43.0,43.0
2016-06,MUN,MA|CAXIAS,glp,2,64.0,63.2,64.8,63.0,65.0
2016-06,MUN,MA|CODO,glp,3,60.0,60.0,60.0,60.0,60.0
2016-06,MUN,MA|IMPERATRIZ,glp,55,60.0,60.0,62.5,55.0,65.0
2016-06,MUN,MA|PINHEIRO,glp,3,63.0,63.0,64.6,63.0,65.0
2016-06,MUN,MA|PRESIDENTE DUTRA,glp,3,60.0,56.0,60.0,55.0,60.0
2016-06,MUN,MA|SANTA INES,glp,3,62.0,61.2,62.0,61.0,62.0
2016-06,MUN,MA|SAO DOMINGOS DO MARANHAO,glp,1,60.0,60.0,60.0,60.0,60.0
2016-06,MUN,MA|SAO JOSE DE RIBAMAR,glp,11,45.0,40.0,48.0,40.0,50.0
2016-06,MUN,MA|SAO LUIS,glp,77,45.0,40.0,50.0,39.9,55.0
2016-06,MUN,MA|TIMON,glp,4,55.0,51.5,55.0,50.0,55.0
2016-06,MUN,MG|ALFENAS,glp,9,48.0,45.0,50.0,45.0,50.0
2016-06,MUN,MG|ARAGUARI,glp,9,55.0,51.6,58.2,50.0,59.0
2016-06,MUN,MG|ARAXA,glp,4,55.0,54.93,58.5,54.9,60.0
2016-06,MUN,MG|BARBACENA,glp,13,50.0,50.0,54.6,45.0,55.0
2016-06,MUN,MG|BELO HORIZONTE,glp,55,57.5,50.0,64.4,48.0,67.0
2016-06,MUN,MG|BETIM,glp,11,57.0,50.0,60.0,50.0,60.0
2016-06,MUN,MG|BOM DESPACHO,glp,5,59.9,59.0,62.0,59.0,62.0
2016-06,MUN,MG|CAMPO BELO,glp,6,48.75,47.5,49.75,47.5,50.0
2016-06,MUN,MG|CARATINGA,glp,2,50.5,49.3,51.7,49.0,52.0
2016-06,MUN,MG|CATAGUASES,glp,5,55.0,52.0,57.0,50.0,57.0
2016-06,MUN,MG|CONGONHAS,glp,6,55.0,55.0,55.0,55.0,55.0
2016-06,MUN,MG|CONSELHEIRO LAFAIETE,glp,7,50.0,46.5,50.0,45.0,50.0
2016-06,MUN,MG|CONTAGEM,glp,17,60.0,60.0,62.0,60.0,62.0
2016-06,MUN,MG|CORONEL FABRICIANO,glp,5,60.0,53.8,60.0,53.0,60.0
2016-06,MUN,MG|CURVELO,glp,5,50.0,50.0,51.8,50.0,52.0
2016-06,MUN,MG|DIAMANTINA,glp,3,62.0,60.4,63.6,60.0,64.0
2016-06,MUN,MG|DIVINOPOLIS,glp,17,55.0,55.0,59.4,54.0,60.0
2016-06,MUN,MG|FORMIGA,glp,7,48.0,43.0,51.2,43.0,53.0
2016-06,MUN,MG|FRUTAL,glp,6,48.0,47.9,49.0,47.9,50.0
2016-06,MUN,MG|GOVERNADOR VALADARES,glp,8,51.0,50.0,55.0,50.0,55.0
2016-06,MUN,MG|GUAXUPE,glp,7,46.9,44.96,50.98,44.9,52.45
2016-06,MUN,MG|IPATINGA,glp,16,55.0,52.5,58.0,50.0,58.0
2016-06,MUN,MG|ITABIRA,glp,5,64.0,62.8,64.6,62.0,65.0
2016-06,MUN,MG|ITAJUBA,glp,7,50.0,48.0,53.16,48.0,54.9
2016-06,MUN,MG|ITAUNA,glp,9,50.5,48.0,55.6,48.0,58.0
2016-06,MUN,MG|ITUIUTABA,glp,20,56.625,52.7,58.0,50.0,58.0
2016-06,MUN,MG|JANAUBA,glp,2,51.0,49.4,52.6,49.0,53.0
2016-06,MUN,MG|JANUARIA,glp,9,56.0,54.98,56.8,54.9,60.0
2016-06,MUN,MG|JOAO MONLEVADE,glp,7,50.0,49.0,51.0,49.0,52.5
2016-06,MUN,MG|JOAO PINHEIRO,glp,11,49.45,45.0,59.0,45.0,60.0
2016-06,MUN,MG|JUIZ DE FORA,glp,37,55.0,50.0,62.4,48.0,65.0
2016-06,MUN,MG|LAVRAS,glp,8,54.0,48.5,58.6,45.0,60.0
2016-06,MUN,MG|LEOPOLDINA,glp,6,57.5,55.5,58.0,54.0,58.0
2016-06,MUN,MG|MANHUACU,glp,6,47.5,47.0,48.0,47.0,48.0
2016-06,MUN,MG|MONTE CARMELO,glp,9,50.0,50.0,55.0,50.0,55.0
2016-06,MUN,MG|MONTES CLAROS,glp,78,61.0,60.0,62.0,60.0,62.0
2016-06,MUN,MG|MURIAE,glp,5,55.0,51.4,59.0,50.0,60.0
2016-06,MUN,MG|NOVA LIMA,glp,10,60.0,52.61,65.0,50.0,65.0
2016-06,MUN,MG|OLIVEIRA,glp,7,42.0,41.6,45.0,41.0,45.0
2016-06,MUN,MG|OURO PRETO,glp,4,60.5,60.0,61.0,60.0,61.0
2016-06,MUN,MG|PARA DE MINAS,glp,4,57.75,56.65,58.5,56.5,58.5
2016-06,MUN,MG|PARACATU,glp,8,60.0,60.0,63.25,60.0,65.0
2016-06,MUN,MG|PASSOS,glp,18,55.0,50.0,58.0,50.0,63.0
2016-06,MUN,MG|PATOS DE MINAS,glp,9,55.0,49.8,60.0,49.0,60.0
2016-06,MUN,MG|PATROCINIO,glp,3,50.0,46.0,50.0,45.0,50.0
2016-06,MUN,MG|POCOS DE CALDAS,glp,21,49.5,49.0,52.0,47.0,52.0
2016-06,MUN,MG|POUSO ALEGRE,glp,6,41.0,40.0,44.25,40.0,46.5
2016-06,MUN,MG|RIBEIRAO DAS NEVES,glp,12,55.0,48.0,65.0,47.0,65.0
2016-06,MUN,MG|SABARA,glp,8,55.5,53.0,57.9,53.0,60.0
2016-06,MUN,MG|SANTA LUZIA,glp,10,60.0,55.54,65.0,55.0,65.0
2016-06,MUN,MG|SAO JOAO DEL REI,glp,15,55.0,54.4,58.0,54.0,60.0
2016-06,MUN,MG|SAO LOURENCO,glp,3,49.0,48.2,51.8,48.0,52.5
2016-06,MUN,MG|SAO SEBASTIAO DO PARAISO,glp,16,55.0,49.5,55.0,48.0,55.0
2016-06,MUN,MG|SETE LAGOAS,glp,17,52.5,45.8,57.7,45.0,58.0
2016-06,MUN,MG|TEOFILO OTONI,glp,21,52.0,48.0,55.0,45.0,57.5
2016-06,MUN,MG|TIMOTEO,glp,7,55.0,52.1,62.0,50.0,65.0
2016-06,MUN,MG|TRES CORACOES,glp,8,50.0,47.0,55.0,47.0,55.0
2016-06,MUN,MG|UBA,glp,11,65.0,60.0,65.0,60.0,65.0
2016-06,MUN,MG|UBERABA,glp,18,55.0,50.0,56.5,50.0,60.0
2016-06,MUN,MG|UBERLANDIA,glp,26,60.0,55.0,62.0,55.0,64.0
2016-06,MUN,MG|UNAI,glp,6,65.0,65.0,65.0,65.0,65.0
2016-06,MUN,MG|VARGINHA,glp,13,50.0,50.0,51.2,48.0,54.0
2016-06,MUN,MG|VESPASIANO,glp,11,62.0,60.0,65.0,60.0,65.0
2016-06,MUN,MG|VICOSA,glp,3,58.9,55.78,61.78,55.0,62.5
2016-06,MUN,MS|BATAYPORA,glp,1,65.0,65.0,65.0,65.0,65.0
2016-06,MUN,MS|CAMPO GRANDE,glp,420,66.0,64.0,67.0,58.0,69.0
2016-06,MUN,MS|CORUMBA,glp,5,60.0,60.0,60.0,60.0,60.0
2016-06,MUN,MS|COXIM,glp,8,70.0,67.1,74.4,65.0,80.0
2016-06,MUN,MS|DOURADOS,glp,33,64.0,60.0,66.6,57.0,68.0
2016-06,MUN,MS|NOVA ANDRADINA,glp,10,62.5,59.75,65.0,57.5,65.0
2016-06,MUN,MS|PARANAIBA,glp,11,65.0,60.0,65.0,60.0,65.0
2016-06,MUN,MS|PONTA PORA,glp,3,54.0,52.4,58.8,52.0,60.0
2016-06,MUN,MS|TRES LAGOAS,glp,8,50.0,48.5,50.0,45.0,50.0
2016-06,MUN,MT|ALTA FLORESTA,glp,6,75.0,75.0,77.5,75.0,80.0
2016-06,MUN,MT|CACERES,glp,8,71.0,70.0,72.0,70.0,72.0
2016-06,MUN,MT|CUIABA,glp,157,70.0,65.0,75.0,63.0,80.0
2016-06,MUN,MT|RONDONOPOLIS,glp,12,70.0,70.0,74.7,65.0,80.0
2016-06,MUN,MT|SINOP,glp,21,77.5,70.0,80.0,70.0,80.0
2016-06,MUN,MT|SORRISO,glp,8,80.0,80.0,82.0,80.0,82.0
2016-06,MUN,MT|VARZEA GRANDE,glp,41,70.0,68.0,75.0,67.0,75.0
2016-06,MUN,PA|ABAETETUBA,glp,6,49.5,48.0,55.5,48.0,56.0
2016-06,MUN,PA|ALENQUER,glp,3,60.0,57.6,60.0,57.0,60.0
2016-06,MUN,PA|ALTAMIRA,glp,9,65.0,65.0,65.0,65.0,65.0
2016-06,MUN,PA|ANANINDEUA,glp,25,55.0,50.0,60.0,50.0,60.0
2016-06,MUN,PA|BELEM,glp,78,55.0,50.0,58.0,45.0,58.0
2016-06,MUN,PA|BRAGANCA,glp,6,60.0,58.0,60.0,58.0,60.0
2016-06,MUN,PA|CAMETA,glp,6,55.0,55.0,60.0,55.0,65.0
2016-06,MUN,PA|CASTANHAL,glp,5,55.0,55.0,55.0,55.0,55.0
2016-06,MUN,PA|CONCEICAO DO ARAGUAIA,glp,6,65.0,61.5,65.0,60.0,65.0
2016-06,MUN,PA|ITAITUBA,glp,5,65.0,65.0,71.0,65.0,75.0
2016-06,MUN,PA|MARABA,glp,7,65.0,63.0,66.2,60.0,68.0
2016-06,MUN,PA|PARAGOMINAS,glp,4,70.0,67.9,70.0,67.0,70.0
2016-06,MUN,PA|PARAUAPEBAS,glp,5,65.0,65.0,65.6,65.0,66.0
2016-06,MUN,PA|REDENCAO,glp,7,70.0,66.8,70.0,65.0,70.0
2016-06,MUN,PA|SANTAREM,glp,25,55.0,54.4,56.0,53.0,57.0
2016-06,MUN,PA|XINGUARA,glp,7,68.0,66.5,68.0,65.0,68.0
2016-06,MUN,PB|BAYEUX,glp,6,50.0,47.5,55.0,45.0,55.0
2016-06,MUN,PB|CABEDELO,glp,7,55.0,53.0,55.0,50.0,55.0
2016-06,MUN,PB|CAMPINA GRANDE,glp,34,55.0,50.0,55.0,45.0,60.0
2016-06,MUN,PB|JOAO PESSOA,glp,27,55.0,50.0,55.0,50.0,55.0
2016-06,MUN,PB|PATOS,glp,5,45.0,43.2,45.0,42.0,45.0
2016-06,MUN,PB|PIANCO,glp,1,55.0,55.0,55.0,55.0,55.0
2016-06,MUN,PB|SANTA RITA,glp,7,45.0,44.6,48.2,44.0,48.5
2016-06,MUN,PB|SOUSA,glp,3,41.0,40.2,43.4,40.0,44.0
2016-06,MUN,PE|ABREU E LIMA,glp,11,45.0,42.0,50.0,41.995,55.0
2016-06,MUN,PE|AGUAS BELAS,glp,1,45.0,45.0,45.0,45.0,45.0
2016-06,MUN,PE|ARARIPINA,glp,4,54.0,50.9,57.1,50.0,58.0
2016-06,MUN,PE|ARCOVERDE,glp,2,51.25,50.25,52.25,50.0,52.5
2016-06,MUN,PE|BELO JARDIM,glp,3,45.0,41.0,49.0,40.0,50.0
2016-06,MUN,PE|CABO DE SANTO AGOSTINHO,glp,12,45.0,42.05,47.5,42.0,49.5
2016-06,MUN,PE|CACHOEIRINHA,glp,1,45.0,45.0,45.0,45.0,45.0
2016-06,MUN,PE|CAMARAGIBE,glp,14,45.0,42.9,47.5,41.0,50.75
2016-06,MUN,PE|CARUARU,glp,14,42.25,40.0,45.0,40.0,45.0
2016-06,MUN,PE|GARANHUNS,glp,6,50.0,48.75,51.25,47.5,52.5
2016-06,MUN,PE|GOIANA,glp,2,47.5,45.5,49.5,45.0,50.0
2016-06,MUN,PE|GRAVATA,glp,4,43.748,42.495,45.0,42.495,45.0
2016-06,MUN,PE|IGARASSU,glp,21,49.0,45.0,50.0,44.99,55.0
2016-06,MUN,PE|JABOATAO DOS GUARARAPES,glp,55,45.0,40.0,46.5,40.0,50.0
2016-06,MUN,PE|LAJEDO,glp,4,47.5,45.0,50.0,45.0,50.0
2016-06,MUN,PE|MORENO,glp,1,42.99,42.99,42.99,42.99,42.99
2016-06,MUN,PE|OLINDA,glp,45,40.0,39.994,45.0,37.99,52.5
2016-06,MUN,PE|PAULISTA,glp,15,50.0,45.0,55.0,45.0,60.0
2016-06,MUN,PE|PETROLINA,glp,13,45.0,43.1,45.0,42.0,45.0
2016-06,MUN,PE|RECIFE,glp,100,44.498,40.0,45.0,39.995,55.0
2016-06,MUN,PE|SALGUEIRO,glp,3,56.5,56.5,57.7,56.5,58.0
2016-06,MUN,PE|SANTA CRUZ DO CAPIBARIBE,glp,7,45.0,43.0,45.0,40.0,45.0
2016-06,MUN,PE|SERRA TALHADA,glp,3,58.0,51.6,58.0,50.0,58.0
2016-06,MUN,PE|VITORIA DE SANTO ANTAO,glp,15,50.0,50.0,55.0,50.0,55.0
2016-06,MUN,PI|CAMPO MAIOR,glp,4,62.0,62.0,62.0,62.0,62.0
2016-06,MUN,PI|PARNAIBA,glp,4,55.0,55.0,55.0,55.0,55.0
2016-06,MUN,PI|PICOS,glp,2,55.5,51.9,59.1,51.0,60.0
2016-06,MUN,PI|PIRIPIRI,glp,4,61.0,60.0,62.0,60.0,62.0
2016-06,MUN,PI|TERESINA,glp,74,50.0,45.0,55.0,45.0,60.0
2016-06,MUN,PR|ALMIRANTE TAMANDARE,glp,1,55.0,55.0,55.0,55.0,55.0
2016-06,MUN,PR|APUCARANA,glp,18,55.0,53.28,60.0,49.5,60.0
2016-06,MUN,PR|ARAPONGAS,glp,21,60.0,55.0,60.0,49.9,63.0
2016-06,MUN,PR|ARAUCARIA,glp,14,50.0,50.0,54.1,50.0,62.0
2016-06,MUN,PR|ASSIS CHATEAUBRIAND,glp,6,58.75,54.475,61.5,53.95,62.0
2016-06,MUN,PR|CAMBE,glp,15,55.0,52.8,60.0,50.0,60.0
2016-06,MUN,PR|CAMPO LARGO,glp,15,50.0,50.0,55.0,48.0,58.0
2016-06,MUN,PR|CAMPO MOURAO,glp,14,62.5,60.0,67.1,60.0,68.0
2016-06,MUN,PR|CASCAVEL,glp,86,65.0,64.0,66.0,60.0,67.0
2016-06,MUN,PR|CASTRO,glp,5,64.0,61.2,66.8,60.0,68.0
2016-06,MUN,PR|CIANORTE,glp,15,65.0,61.2,65.0,55.0,65.0
2016-06,MUN,PR|COLOMBO,glp,24,53.0,50.0,55.0,49.9,59.0
2016-06,MUN,PR|CORNELIO PROCOPIO,glp,3,55.0,51.0,55.0,50.0,55.0
2016-06,MUN,PR|CURITIBA,glp,54,55.0,50.0,59.7,49.9,60.0
2016-06,MUN,PR|CURIUVA,glp,1,55.0,55.0,55.0,55.0,55.0
2016-06,MUN,PR|FOZ DO IGUACU,glp,26,53.95,49.0,56.5,48.0,57.0
2016-06,MUN,PR|FRANCISCO BELTRAO,glp,7,55.0,51.0,57.6,45.0,60.0
2016-06,MUN,PR|GUARAPUAVA,glp,12,59.0,55.0,67.5,55.0,68.0
2016-06,MUN,PR|JESUITAS,glp,1,53.95,53.95,53.95,53.95,53.95
2016-06,MUN,PR|LARANJEIRAS DO SUL,glp,6,60.0,59.0,60.0,58.0,60.0
2016-06,MUN,PR|LONDRINA,glp,98,58.0,55.0,60.0,50.0,65.0
2016-06,MUN,PR|MARECHAL CANDIDO RONDON,glp,5,59.0,53.14,63.0,49.9,65.0
2016-06,MUN,PR|MARINGA,glp,38,65.0,60.0,65.0,60.0,65.0
2016-06,MUN,PR|PARANAGUA,glp,11,45.0,43.0,50.0,38.0,50.0
2016-06,MUN,PR|PARANAVAI,glp,11,63.0,60.0,63.0,58.0,65.0
2016-06,MUN,PR|PATO BRANCO,glp,12,65.0,63.0,65.405,61.0,66.0
2016-06,MUN,PR|PINHAIS,glp,17,54.0,49.2,56.4,48.0,57.0
2016-06,MUN,PR|PONTA GROSSA,glp,16,55.5,51.5,58.5,50.0,60.0
2016-06,MUN,PR|RAMILANDIA,glp,1,53.95,53.95,53.95,53.95,53.95
2016-06,MUN,PR|SANTO ANTONIO DA PLATINA,glp,14,53.5,50.0,55.97,50.0,57.0
2016-06,MUN,PR|SAO JOSE DOS PINHAIS,glp,17,53.0,48.2,56.2,47.0,59.9
2016-06,MUN,PR|TERRA BOA,glp,1,65.0,65.0,65.0,65.0,65.0
2016-06,MUN,PR|TOLEDO,glp,18,65.0,58.185,67.2,53.0,70.0
2016-06,MUN,PR|UMUARAMA,glp,14,64.5,62.6,65.0,62.0,65.5
2016-06,MUN,PR|UNIAO DA VITORIA,glp,3,60.0,56.0,60.0,55.0,60.0
2016-06,MUN,RJ|ANGRA DOS REIS,glp,5,53.5,52.36,55.0,52.0,55.0
2016-06,MUN,RJ|ARARUAMA,glp,6,45.0,40.0,49.495,40.0,50.0
2016-06,MUN,RJ|BARRA DO PIRAI,glp,4,50.95,50.0,57.57,50.0,60.0
2016-06,MUN,RJ|BARRA MANSA,glp,11,54.0,50.0,58.0,49.0,59.0
2016-06,MUN,RJ|BELFORD ROXO,glp,8,50.0,47.7,54.0,47.0,54.0
2016-06,MUN,RJ|CABO FRIO,glp,4,45.0,42.9,48.493,42.0,49.99
2016-06,MUN,RJ|CAMPOS DOS GOYTACAZES,glp,21,50.0,50.0,60.0,45.0,60.0
2016-06,MUN,RJ|DUQUE DE CAXIAS,glp,29,50.0,40.8,55.0,38.0,56.0
2016-06,MUN,RJ|ITABORAI,glp,5,50.0,50.0,50.0,50.0,50.0
2016-06,MUN,RJ|ITAGUAI,glp,3,48.9,45.78,48.9,45.0,48.9
2016-06,MUN,RJ|ITAPERUNA,glp,4,48.75,45.75,53.5,45.0,55.0
2016-06,MUN,RJ|MACAE,glp,5,50.0,48.14,53.0,46.9,55.0
2016-06,MUN,RJ|MAGE,glp,3,40.0,40.0,40.0,40.0,40.0
2016-06,MUN,RJ|MANGARATIBA,glp,2,49.95,49.91,49.99,49.9,50.0
2016-06,MUN,RJ|MARICA,glp,3,50.0,50.0,50.0,50.0,50.0
2016-06,MUN,RJ|NILOPOLIS,glp,4,53.5,50.6,55.0,50.0,55.0
2016-06,MUN,RJ|NITEROI,glp,7,47.0,40.0,52.0,40.0,55.0
2016-06,MUN,RJ|NOVA FRIBURGO,glp,5,60.0,60.0,62.0,60.0,62.0
2016-06,MUN,RJ|NOVA IGUACU,glp,19,50.0,45.0,55.0,42.0,55.0
2016-06,MUN,RJ|PARATY,glp,3,53.0,51.4,54.6,51.0,55.0
2016-06,MUN,RJ|PETROPOLIS,glp,7,49.9,49.0,52.52,49.0,54.8
2016-06,MUN,RJ|RESENDE,glp,7,52.5,45.978,55.0,39.945,55.0
2016-06,MUN,RJ|RIO BONITO,glp,3,42.0,42.0,42.0,42.0,42.0
2016-06,MUN,RJ|RIO DAS OSTRAS,glp,1,57.0,57.0,57.0,57.0,57.0
2016-06,MUN,RJ|RIO DE JANEIRO,glp,71,50.0,40.0,56.0,37.99,61.9
2016-06,MUN,RJ|SANTO ANTONIO DE PADUA,glp,2,54.5,52.5,56.5,52.0,57.0
2016-06,MUN,RJ|SAO FRANCISCO DE ITABAPOANA,glp,2,57.5,55.5,59.5,55.0,60.0
2016-06,MUN,RJ|SAO GONCALO,glp,10,42.0,39.9,50.0,39.0,50.0
2016-06,MUN,RJ|SAO JOAO DE MERITI,glp,8,50.0,44.397,50.0,42.99,50.0
2016-06,MUN,RJ|SAPUCAIA,glp,2,48.475,45.695,51.255,45.0,51.95
2016-06,MUN,RJ|SAQUAREMA,glp,5,38.0,36.8,43.0,36.0,45.0
2016-06,MUN,RJ|TERESOPOLIS,glp,7,50.0,50.0,55.8,50.0,57.0
2016-06,MUN,RJ|TRES RIOS,glp,2,48.5,47.3,49.7,47.0,50.0
2016-06,MUN,RJ|VALENCA,glp,4,57.0,56.0,59.05,56.0,59.5
2016-06,MUN,RJ|VASSOURAS,glp,2,55.0,55.0,55.0,55.0,55.0
2016-06,MUN,RJ|VOLTA REDONDA,glp,10,54.0,51.71,59.01,50.0,60.0
2016-06,MUN,RN|CAICO,glp,5,55.0,52.0,60.0,50.0,60.0
2016-06,MUN,RN|MOSSORO,glp,9,55.0,50.0,55.2,50.0,56.0
2016-06,MUN,RN|NATAL,glp,67,55.0,50.0,57.5,50.0,60.0
2016-06,MUN,RN|PARNAMIRIM,glp,18,55.0,50.0,57.8,50.0,60.0
2016-06,MUN,RN|SANTA CRUZ,glp,1,52.5,52.5,52.5,52.5,52.5
2016-06,MUN,RN|SAO JOSE DE MIPIBU,glp,8,53.5,50.0,60.0,50.0,60.0
2016-06,MUN,RO|ARIQUEMES,glp,6,60.0,60.0,65.0,60.0,66.0
2016-06,MUN,RO|CACOAL,glp,4,65.0,65.0,65.0,65.0,65.0
2016-06,MUN,RO|GUAJARA-MIRIM,glp,4,60.0,58.6,60.0,58.0,60.0
2016-06,MUN,RO|JI-PARANA,glp,15,60.0,58.5,68.0,58.5,70.0
2016-06,MUN,RO|PIMENTA BUENO,glp,4,63.0,63.0,63.0,63.0,63.0
2016-06,MUN,RO|PORTO VELHO,glp,61,53.0,50.0,57.0,48.0,65.0
2016-06,MUN,RO|VILHENA,glp,8,63.0,63.0,65.6,63.0,67.0
2016-06,MUN,RR|BOA VISTA,glp,33,58.0,57.0,60.0,55.0,62.0
2016-06,MUN,RS|ALEGRETE,glp,10,48.0,44.0,50.65,44.0,52.0
2016-06,MUN,RS|ALVORADA,glp,7,55.0,50.0,60.0,50.0,60.0
2016-06,MUN,RS|BAGE,glp,28,62.0,60.0,63.0,57.0,66.0
2016-06,MUN,RS|BENTO GONCALVES,glp,4,60.0,58.0,64.8,58.0,66.0
2016-06,MUN,RS|CACAPAVA DO SUL,glp,6,58.0,58.0,58.0,58.0,58.0
2016-06,MUN,RS|CACHOEIRA DO SUL,glp,9,40.0,39.94,44.4,39.9,52.0
2016-06,MUN,RS|CACHOEIRINHA,glp,7,50.0,50.0,56.6,50.0,59.0
2016-06,MUN,RS|CANOAS,glp,19,50.0,45.0,57.2,45.0,60.0
2016-06,MUN,RS|CAXIAS DO SUL,glp,44,53.5,49.3,57.97,45.0,60.0
2016-06,MUN,RS|CRUZ ALTA,glp,4,44.95,42.87,45.0,42.0,45.0
2016-06,MUN,RS|ERECHIM,glp,6,57.0,57.0,57.75,57.0,58.0
2016-06,MUN,RS|ESTEIO,glp,12,56.0,52.0,57.9,50.0,58.0
2016-06,MUN,RS|GRAMADO,glp,5,55.0,52.0,58.8,50.0,60.0
2016-06,MUN,RS|GRAVATAI,glp,11,54.0,49.0,55.0,48.0,55.0
2016-06,MUN,RS|GUAIBA,glp,6,54.5,51.0,55.5,48.0,56.0
2016-06,MUN,RS|GUARANI DAS MISSOES,glp,1,50.0,50.0,50.0,50.0,50.0
2016-06,MUN,RS|IJUI,glp,9,50.0,49.6,52.0,48.0,56.0
2016-06,MUN,RS|LAJEADO,glp,12,50.0,48.0,54.9,46.0,55.5
2016-06,MUN,RS|NOVO HAMBURGO,glp,16,50.0,45.0,54.0,45.0,58.0
2016-06,MUN,RS|OSORIO,glp,6,63.5,57.5,66.5,55.0,68.0
2016-06,MUN,RS|PALMEIRA DAS MISSOES,glp,6,57.0,55.0,59.5,55.0,60.0
2016-06,MUN,RS|PASSO FUNDO,glp,29,50.0,45.8,52.6,45.0,58.0
2016-06,MUN,RS|PELOTAS,glp,25,52.5,46.6,56.2,42.0,58.0
2016-06,MUN,RS|PORTO ALEGRE,glp,53,57.0,50.2,63.0,49.0,67.0
2016-06,MUN,RS|RIO GRANDE,glp,14,48.0,45.3,50.0,45.0,50.0
2016-06,MUN,RS|SANTA CRUZ DO SUL,glp,16,52.0,52.0,55.0,50.0,58.0
2016-06,MUN,RS|SANTA MARIA,glp,76,59.0,50.5,62.0,42.0,65.0
2016-06,MUN,RS|SANTA ROSA,glp,6,51.0,50.0,53.5,50.0,55.0
2016-06,MUN,RS|SANTANA DO LIVRAMENTO,glp,14,55.0,53.95,55.0,50.0,55.275
2016-06,MUN,RS|SANTO ANGELO,glp,3,57.0,55.4,57.8,55.0,58.0
2016-06,MUN,RS|SAO BORJA,glp,6,55.0,55.0,58.0,55.0,58.0
2016-06,MUN,RS|SAO GABRIEL,glp,14,58.0,55.0,60.0,54.0,60.0
2016-06,MUN,RS|SAO LEOPOLDO,glp,10,53.0,50.9,55.3,50.0,58.0
2016-06,MUN,RS|SAO LUIZ GONZAGA,glp,5,56.0,49.1,58.0,46.5,58.0
2016-06,MUN,RS|SAPIRANGA,glp,5,55.0,55.0,58.4,55.0,60.0
2016-06,MUN,RS|SAPUCAIA DO SUL,glp,19,55.0,49.8,58.4,48.0,60.0
2016-06,MUN,RS|TORRES,glp,6,60.0,59.5,60.0,59.0,60.0
2016-06,MUN,RS|TRAMANDAI,glp,2,58.0,58.0,58.0,58.0,58.0
2016-06,MUN,RS|URUGUAIANA,glp,10,62.0,57.7,62.0,55.0,62.0
2016-06,MUN,RS|VACARIA,glp,7,55.0,50.0,55.0,50.0,55.0
2016-06,MUN,RS|VIAMAO,glp,14,58.0,55.0,62.0,55.0,62.0
2016-06,MUN,SC|ARARANGUA,glp,4,50.0,50.0,53.5,50.0,55.0
2016-06,MUN,SC|BALNEARIO CAMBORIU,glp,4,55.0,50.8,55.0,49.0,55.0
2016-06,MUN,SC|BIGUACU,glp,2,47.5,45.5,49.5,45.0,50.0
2016-06,MUN,SC|BLUMENAU,glp,9,60.0,59.0,60.5,55.0,62.5
2016-06,MUN,SC|BRUSQUE,glp,6,48.0,44.0,55.0,43.0,55.0
2016-06,MUN,SC|CACADOR,glp,3,58.0,54.0,58.0,53.0,58.0
2016-06,MUN,SC|CHAPECO,glp,12,60.5,60.0,64.7,58.0,65.0
2016-06,MUN,SC|CONCORDIA,glp,4,50.0,46.5,53.5,45.0,55.0
2016-06,MUN,SC|CRICIUMA,glp,10,49.0,48.0,50.5,48.0,55.0
2016-06,MUN,SC|FLORIANOPOLIS,glp,7,55.0,53.36,58.8,50.9,60.0
2016-06,MUN,SC|ITAJAI,glp,12,48.0,45.0,57.6,45.0,59.0
2016-06,MUN,SC|JARAGUA DO SUL,glp,5,54.0,53.34,57.996,52.9,58.0
2016-06,MUN,SC|JOINVILLE,glp,8,50.0,49.0,50.9,49.0,53.0
2016-06,MUN,SC|LAGES,glp,7,57.0,55.0,59.4,55.0,60.0
2016-06,MUN,SC|LAGUNA,glp,4,48.0,45.9,48.0,45.0,48.0
2016-06,MUN,SC|MAFRA,glp,4,57.4,55.0,63.44,55.0,65.0
2016-06,MUN,SC|PALHOCA,glp,5,50.0,48.8,53.8,48.0,55.0
2016-06,MUN,SC|SAO JOSE,glp,8,49.0,45.0,53.0,45.0,53.0
2016-06,MUN,SC|SAO MIGUEL DO OESTE,glp,3,55.0,53.4,57.32,53.0,57.9
2016-06,MUN,SC|TUBARAO,glp,6,48.0,48.0,50.0,48.0,50.0
2016-06,MUN,SC|VIDEIRA,glp,8,60.0,58.0,60.0,58.0,60.0
2016-06,MUN,SC|XANXERE,glp,4,58.0,55.9,59.4,55.0,60.0
2016-06,MUN,SE|ARACAJU,glp,26,55.0,50.75,55.0,42.0,57.0
2016-06,MUN,SE|ITABAIANA,glp,3,52.0,50.4,54.4,50.0,55.0
2016-06,MUN,SE|LAGARTO,glp,5,45.0,45.0,45.0,45.0,45.0
2016-06,MUN,SE|NOSSA SENHORA DO SOCORRO,glp,7,53.0,51.8,55.4,51.5,56.0
2016-06,MUN,SP|ADAMANTINA,glp,6,52.5,50.0,55.0,50.0,55.0
2016-06,MUN,SP|AMERICANA,glp,21,55.0,50.0,58.0,45.0,60.0
2016-06,MUN,SP|AMPARO,glp,7,56.0,54.2,56.4,53.0,57.0
2016-06,MUN,SP|ARACATUBA,glp,45,50.0,50.0,53.0,50.0,53.0
2016-06,MUN,SP|ARARAQUARA,glp,18,50.75,48.0,55.9,45.99,58.0
2016-06,MUN,SP|ARARAS,glp,9,47.8,46.9,60.0,46.9,60.0
2016-06,MUN,SP|ASSIS,glp,13,50.0,47.4,50.0,47.0,50.0
2016-06,MUN,SP|ATIBAIA,glp,16,50.5,49.0,60.0,49.0,62.0
2016-06,MUN,SP|AVARE,glp,10,50.0,45.0,50.5,45.0,55.0
2016-06,MUN,SP|BARRETOS,glp,6,48.0,47.0,51.5,46.0,53.0
2016-06,MUN,SP|BARUERI,glp,29,49.99,45.0,55.0,40.0,60.0
2016-06,MUN,SP|BAURU,glp,38,50.5,49.33,60.0,45.0,61.0
2016-06,MUN,SP|BEBEDOURO,glp,13,53.0,50.0,55.0,49.0,55.0
2016-06,MUN,SP|BIRIGUI,glp,21,50.0,45.0,54.5,45.0,55.0
2016-06,MUN,SP|BOTUCATU,glp,11,45.0,45.0,45.0,44.99,45.0
2016-06,MUN,SP|BRAGANCA PAULISTA,glp,7,50.0,49.2,50.0,48.0,50.0
2016-06,MUN,SP|CACAPAVA,glp,5,50.0,46.394,51.6,43.99,52.0
2016-06,MUN,SP|CAMPINAS,glp,42,50.0,48.0,59.8,47.0,62.0
2016-06,MUN,SP|CAMPOS DO JORDAO,glp,7,45.0,40.3,45.0,40.0,45.0
2016-06,MUN,SP|CAPAO BONITO,glp,3,55.0,53.4,57.4,53.0,58.0
2016-06,MUN,SP|CARAGUATATUBA,glp,6,48.0,47.0,50.0,46.0,50.0
2016-06,MUN,SP|CARAPICUIBA,glp,15,47.79,44.726,50.0,39.99,54.99
2016-06,MUN,SP|CATANDUVA,glp,12,49.95,45.291,50.0,44.0,55.0
2016-06,MUN,SP|COSMOPOLIS,glp,7,55.0,53.0,57.0,53.0,57.0
2016-06,MUN,SP|COTIA,glp,10,55.0,53.6,55.5,50.0,60.0
2016-06,MUN,SP|CRUZEIRO,glp,8,45.0,39.97,51.5,39.9,55.0
2016-06,MUN,SP|CUBATAO,glp,8,56.5,55.7,65.0,55.0,65.0
2016-06,MUN,SP|DIADEMA,glp,26,49.99,45.0,50.0,45.0,52.0
2016-06,MUN,SP|DRACENA,glp,3,60.0,56.0,60.0,55.0,60.0
2016-06,MUN,SP|EMBU DAS ARTES,glp,6,50.0,50.0,54.0,50.0,54.0
2016-06,MUN,SP|FERNANDOPOLIS,glp,1,53.0,53.0,53.0,53.0,53.0
2016-06,MUN,SP|FRANCA,glp,41,48.0,44.9,50.0,40.0,52.0
2016-06,MUN,SP|GARCA,glp,4,52.5,48.6,55.0,48.0,55.0
2016-06,MUN,SP|GUARATINGUETA,glp,16,40.0,38.995,53.0,38.0,56.0
2016-06,MUN,SP|GUARUJA,glp,19,52.9,50.792,58.0,50.0,59.0
2016-06,MUN,SP|GUARULHOS,glp,37,50.0,43.995,55.0,40.0,58.0
2016-06,MUN,SP|HORTOLANDIA,glp,8,52.0,50.0,55.6,50.0,57.0
2016-06,MUN,SP|IBITINGA,glp,8,55.0,51.4,55.0,50.0,55.0
2016-06,MUN,SP|INDAIATUBA,glp,19,50.0,50.0,55.0,47.0,60.0
2016-06,MUN,SP|ITANHAEM,glp,4,46.995,45.0,49.697,45.0,50.0
2016-06,MUN,SP|ITAPECERICA DA SERRA,glp,6,50.0,48.0,61.5,48.0,65.0
2016-06,MUN,SP|ITAPETININGA,glp,15,50.0,46.2,55.0,41.0,55.5
2016-06,MUN,SP|ITAPEVA,glp,5,55.0,54.4,56.8,54.0,58.0
2016-06,MUN,SP|ITAPEVI,glp,5,47.99,46.396,55.194,46.0,59.99
2016-06,MUN,SP|ITAPIRA,glp,3,51.0,50.2,51.8,50.0,52.0
2016-06,MUN,SP|ITAPOLIS,glp,12,55.5,55.0,57.0,48.0,58.5
2016-06,MUN,SP|ITAQUAQUECETUBA,glp,12,40.0,39.545,44.9,38.0,48.0
2016-06,MUN,SP|ITATIBA,glp,4,53.5,52.0,57.1,52.0,58.0
2016-06,MUN,SP|ITU,glp,7,45.0,42.34,48.4,40.0,49.0
2016-06,MUN,SP|JABOTICABAL,glp,5,45.0,43.2,49.2,42.0,50.0
2016-06,MUN,SP|JACAREI,glp,12,46.5,40.3,56.2,40.0,58.0
2016-06,MUN,SP|JALES,glp,4,54.0,53.0,55.0,53.0,55.0
2016-06,MUN,SP|JANDIRA,glp,11,50.0,43.5,50.0,43.0,54.0
2016-06,MUN,SP|JAU,glp,12,52.0,50.0,59.41,48.0,60.0
2016-06,MUN,SP|JOSE BONIFACIO,glp,4,45.0,45.0,45.0,45.0,45.0
2016-06,MUN,SP|JUNDIAI,glp,13,50.0,45.998,55.8,45.0,58.9
2016-06,MUN,SP|LEME,glp,12,50.0,45.1,59.0,45.0,59.0
2016-06,MUN,SP|LIMEIRA,glp,17,50.0,45.0,50.0,45.0,55.0
2016-06,MUN,SP|LINS,glp,8,50.0,45.0,50.0,45.0,50.0
2016-06,MUN,SP|LORENA,glp,13,45.0,38.2,47.7,38.0,49.0
2016-06,MUN,SP|MARILIA,glp,9,53.0,50.0,53.4,50.0,55.0
2016-06,MUN,SP|MATAO,glp,11,50.0,50.0,52.0,44.0,55.0
2016-06,MUN,SP|MAUA,glp,33,54.0,48.2,56.6,43.0,58.0
2016-06,MUN,SP|MIRASSOL,glp,10,48.25,45.0,50.0,45.0,50.0
2016-06,MUN,SP|MOCOCA,glp,8,54.0,50.8,55.0,48.0,55.0
2016-06,MUN,SP|MOGI DAS CRUZES,glp,33,50.0,45.0,59.0,38.99,59.0
2016-06,MUN,SP|MOGI GUACU,glp,14,50.0,45.9,55.0,40.0,55.0
2016-06,MUN,SP|MOGI MIRIM,glp,8,46.5,44.4,53.0,43.0,60.0
2016-06,MUN,SP|MONTE ALTO,glp,8,49.0,46.75,50.0,45.0,50.0
2016-06,MUN,SP|OLIMPIA,glp,6,40.0,40.0,45.0,40.0,45.0
2016-06,MUN,SP|OSASCO,glp,66,49.99,46.885,55.0,42.9,68.99
2016-06,MUN,SP|OURINHOS,glp,14,52.0,49.3,55.0,48.0,57.0
2016-06,MUN,SP|PARAGUACU PAULISTA,glp,12,60.0,55.0,60.0,55.0,60.0
2016-06,MUN,SP|PAULINIA,glp,7,45.0,44.6,52.9,44.0,55.0
2016-06,MUN,SP|PINDAMONHANGABA,glp,6,48.0,45.0,50.0,45.0,50.0
2016-06,MUN,SP|PIRACICABA,glp,23,50.0,50.0,55.0,45.0,60.0
2016-06,MUN,SP|PIRASSUNUNGA,glp,2,49.975,49.955,49.995,49.95,50.0
2016-06,MUN,SP|POA,glp,8,51.5,39.848,53.42,39.495,54.4
2016-06,MUN,SP|PORTO FERREIRA,glp,2,45.5,45.1,45.9,45.0,46.0
2016-06,MUN,SP|PRAIA GRANDE,glp,37,53.0,47.99,60.0,46.99,69.0
2016-06,MUN,SP|PRESIDENTE PRUDENTE,glp,27,55.0,48.0,60.0,38.0,60.0
2016-06,MUN,SP|PRESIDENTE VENCESLAU,glp,6,45.25,43.5,49.95,43.0,50.0
2016-06,MUN,SP|RIBEIRAO PIRES,glp,11,47.99,44.9,50.0,44.9,50.0
2016-06,MUN,SP|RIBEIRAO PRETO,glp,55,55.0,50.0,60.0,47.5,62.0
2016-06,MUN,SP|RIO CLARO,glp,7,50.0,45.0,51.2,45.0,53.0
2016-06,MUN,SP|SALTO,glp,9,47.0,43.4,51.0,41.0,55.0
2016-06,MUN,SP|SANTA BARBARA D'OESTE,glp,18,53.25,40.0,55.6,40.0,57.5
2016-06,MUN,SP|SANTA CRUZ DO RIO PARDO,glp,13,52.0,50.0,53.0,45.0,53.0
2016-06,MUN,SP|SANTO ANDRE,glp,35,50.0,45.794,61.736,39.99,63.0
2016-06,MUN,SP|SANTOS,glp,25,55.0,46.4,60.0,40.0,68.9
2016-06,MUN,SP|SAO BERNARDO DO CAMPO,glp,40,53.5,47.0,59.1,44.0,65.0
2016-06,MUN,SP|SAO CAETANO DO SUL,glp,5,59.99,51.99,63.0,47.99,65.0
2016-06,MUN,SP|SAO CARLOS,glp,20,54.9,51.9,58.4,48.0,63.0
2016-06,MUN,SP|SAO JOAO DA BOA VISTA,glp,10,55.0,54.8,55.0,53.0,55.0
2016-06,MUN,SP|SAO JOAQUIM DA BARRA,glp,7,40.0,40.0,43.0,40.0,47.5
2016-06,MUN,SP|SAO JOSE DO RIO PRETO,glp,29,50.0,45.0,55.0,44.5,55.0
2016-06,MUN,SP|SAO JOSE DOS CAMPOS,glp,25,50.0,45.4,55.0,38.0,58.0
2016-06,MUN,SP|SAO PAULO,glp,187,50.0,44.99,58.4,39.99,63.0
2016-06,MUN,SP|SAO ROQUE,glp,6,51.75,49.0,55.5,48.0,58.0
2016-06,MUN,SP|SAO VICENTE,glp,49,52.0,47.0,58.0,43.0,62.0
2016-06,MUN,SP|SERTAOZINHO,glp,17,50.0,45.0,50.8,45.0,52.0
2016-06,MUN,SP|SOROCABA,glp,19,50.0,47.78,55.0,45.0,55.0
2016-06,MUN,SP|SUMARE,glp,8,53.5,45.0,55.0,45.0,55.0
2016-06,MUN,SP|SUZANO,glp,11,50.0,49.99,59.0,47.49,59.0
2016-06,MUN,SP|TABOAO DA SERRA,glp,6,50.0,48.5,52.5,47.0,55.0
2016-06,MUN,SP|TATUI,glp,8,56.25,55.0,60.3,55.0,61.0
2016-06,MUN,SP|TAUBATE,glp,11,45.0,38.0,50.0,36.0,50.0
2016-06,MUN,SP|TUPA,glp,6,51.25,50.0,55.0,50.0,55.0
2016-06,MUN,SP|UBATUBA,glp,11,50.0,45.0,58.0,45.0,60.0
2016-06,MUN,SP|VALINHOS,glp,8,56.5,55.7,62.0,55.0,62.0
2016-06,MUN,SP|VARZEA PAULISTA,glp,7,45.0,39.6,45.4,39.0,46.0
2016-06,MUN,SP|VINHEDO,glp,4,59.5,59.0,61.4,59.0,62.0
2016-06,MUN,SP|VOTORANTIM,glp,19,50.0,46.6,52.4,43.0,55.0
2016-06,MUN,SP|VOTUPORANGA,glp,7,48.0,45.9,50.0,45.0,50.0
2016-06,MUN,TO|ARAGUAINA,glp,13,65.0,63.0,65.0,60.0,66.0
2016-06,MUN,TO|GURUPI,glp,34,65.0,65.0,66.5,60.0,68.0
2016-06,MUN,TO|MIRACEMA DO TOCANTINS,glp,1,70.0,70.0,70.0,70.0,70.0
2016-06,MUN,TO|PALMAS,glp,26,70.0,65.0,70.0,65.0,72.0
2016-06,MUN,TO|PARAISO DO TOCANTINS,glp,7,66.0,64.0,66.0,61.0,66.0
2016-06,MUN,TO|PORTO NACIONAL,glp,9,65.0,60.0,65.0,60.0,65.0
2016-06,UF,AC,glp,81,58.0,55.0,60.0,52.0,68.0
2016-06,UF,AL,glp,85,45.0,45.0,55.0,45.0,55.0
2016-06,UF,AM,glp,296,50.0,49.0,55.0,44.0,62.0
2016-06,UF,AP,glp,23,69.0,63.4,69.0,55.0,70.0
2016-06,UF,BA,glp,500,50.0,40.0,55.1,35.0,63.0
2016-06,UF,CE,glp,239,61.0,55.0,64.0,50.0,65.333
2016-06,UF,DF,glp,71,59.9,50.0,60.0,48.0,65.0
2016-06,UF,ES,glp,385,50.0,49.9,55.0,41.0,60.0
2016-06,UF,GO,glp,447,55.0,53.0,60.0,50.5,61.0
2016-06,UF,MA,glp,178,52.5,40.0,62.0,39.9,65.0
2016-06,UF,MG,glp,737,55.0,48.0,62.0,40.0,67.0
2016-06,UF,MS,glp,499,65.0,62.5,67.0,45.0,80.0
2016-06,UF,MT,glp,253,70.0,65.0,75.0,63.0,82.0
2016-06,UF,PA,glp,204,56.0,50.0,65.0,45.0,75.0
2016-06,UF,PB,glp,90,55.0,45.0,55.0,40.0,60.0
2016-06,UF,PE,glp,356,45.0,40.0,50.0,37.99,60.0
2016-06,UF,PI,glp,88,50.0,45.0,60.0,45.0,62.0
2016-06,UF,PR,glp,620,58.0,50.0,65.0,38.0,70.0
2016-06,UF,RJ,glp,294,50.0,42.0,56.0,36.0,62.0
2016-06,UF,RN,glp,108,55.0,50.0,58.5,50.0,60.0
2016-06,UF,RO,glp,102,56.0,52.0,65.0,48.0,70.0
2016-06,UF,RR,glp,33,58.0,57.0,60.0,55.0,62.0
2016-06,UF,RS,glp,562,55.0,48.0,62.0,39.9,68.0
2016-06,UF,SC,glp,135,54.0,48.0,60.0,43.0,65.0
2016-06,UF,SE,glp,41,53.0,45.0,55.0,42.0,57.0
2016-06,UF,SP,glp,1808,50.0,45.0,58.0,36.0,69.0
2016-06,UF,TO,glp,90,65.0,65.0,70.0,60.0,72.0
2016-07,BR,BR,glp,7897,55.0,45.0,65.0,35.0,82.0
2016-07,MUN,AC|CRUZEIRO DO SUL,glp,5,68.0,66.2,68.0,65.0,68.0
2016-07,MUN,AC|RIO BRANCO,glp,61,58.0,55.0,60.0,52.0,64.5
2016-07,MUN,AL|ARAPIRACA,glp,5,45.0,45.0,47.8,45.0,48.0
2016-07,MUN,AL|ATALAIA,glp,1,45.0,45.0,45.0,45.0,45.0
2016-07,MUN,AL|DELMIRO GOUVEIA,glp,2,55.0,55.0,55.0,55.0,55.0
2016-07,MUN,AL|MACEIO,glp,55,45.0,45.0,45.0,45.0,50.0
2016-07,MUN,AL|MARECHAL DEODORO,glp,5,45.0,45.0,48.0,45.0,50.0
2016-07,MUN,AL|PALMEIRA DOS INDIOS,glp,5,50.0,50.0,55.0,50.0,55.0
2016-07,MUN,AL|RIO LARGO,glp,2,43.75,42.75,44.75,42.5,45.0
2016-07,MUN,AL|SANTANA DO IPANEMA,glp,3,55.0,55.0,55.0,55.0,55.0
2016-07,MUN,AM|HUMAITA,glp,3,55.0,55.0,57.4,55.0,58.0
2016-07,MUN,AM|ITACOATIARA,glp,12,55.5,55.0,60.0,55.0,60.0
2016-07,MUN,AM|MANACAPURU,glp,5,57.0,57.0,57.6,57.0,58.0
2016-07,MUN,AM|MANAUS,glp,264,50.0,48.0,52.0,44.0,55.0
2016-07,MUN,AM|PARINTINS,glp,2,51.0,51.0,51.0,51.0,51.0
2016-07,MUN,AM|TEFE,glp,3,62.0,62.0,62.0,62.0,62.0
2016-07,MUN,AP|CALCOENE,glp,1,67.0,67.0,67.0,67.0,67.0
2016-07,MUN,AP|LARANJAL DO JARI,glp,1,69.0,69.0,69.0,69.0,69.0
2016-07,MUN,AP|MACAPA,glp,22,69.0,63.2,69.0,55.0,70.0
2016-07,MUN,AP|SANTANA,glp,5,66.0,63.8,69.6,63.0,70.0
2016-07,MUN,BA|ALAGOINHAS,glp,5,50.0,47.0,56.4,45.0,58.0
2016-07,MUN,BA|BARREIRAS,glp,8,55.0,53.2,63.0,49.0,63.0
2016-07,MUN,BA|BRUMADO,glp,4,53.0,53.0,54.4,53.0,55.0
2016-07,MUN,BA|CAETITE,glp,6,45.0,41.5,45.0,40.0,45.0
2016-07,MUN,BA|CAMACARI,glp,9,45.0,40.0,55.58,40.0,57.9
2016-07,MUN,BA|CANDEIAS,glp,6,45.0,43.0,46.0,42.0,46.0
2016-07,MUN,BA|CENTRAL,glp,1,40.0,40.0,40.0,40.0,40.0
2016-07,MUN,BA|EUNAPOLIS,glp,12,55.0,55.0,55.0,53.5,56.0
2016-07,MUN,BA|FEIRA DE SANTANA,glp,10,49.9,47.1,52.685,43.5,53.0
2016-07,MUN,BA|GUANAMBI,glp,16,40.0,40.0,40.0,40.0,40.0
2016-07,MUN,BA|ILHEUS,glp,6,55.5,55.0,57.955,55.0,58.91
2016-07,MUN,BA|IPIRA,glp,2,45.5,41.1,49.9,40.0,51.0
2016-07,MUN,BA|IRECE,glp,9,44.0,40.0,47.2,40.0,48.0
2016-07,MUN,BA|ITABUNA,glp,8,53.25,49.1,55.3,47.0,56.0
2016-07,MUN,BA|ITAMARAJU,glp,5,53.0,51.2,54.2,50.0,55.0
2016-07,MUN,BA|JACOBINA,glp,4,53.0,50.9,53.0,50.0,53.0
2016-07,MUN,BA|JAGUAQUARA,glp,4,41.0,37.9,44.1,37.0,45.0
2016-07,MUN,BA|JEQUIE,glp,12,37.0,37.0,44.8,35.0,45.0
2016-07,MUN,BA|JUAZEIRO,glp,10,44.25,42.0,50.0,42.0,50.0
2016-07,MUN,BA|LAURO DE FREITAS,glp,20,50.0,46.8,55.0,45.0,55.0
2016-07,MUN,BA|LIVRAMENTO DE NOSSA SENHORA,glp,3,40.0,38.4,44.0,38.0,45.0
2016-07,MUN,BA|PAULO AFONSO,glp,7,55.0,54.6,57.0,54.0,57.0
2016-07,MUN,BA|POCOES,glp,3,45.0,45.0,45.0,45.0,45.0
2016-07,MUN,BA|PORTO SEGURO,glp,9,49.0,45.8,60.0,45.0,60.0
2016-07,MUN,BA|SALVADOR,glp,258,52.0,40.0,56.0,36.0,60.0
2016-07,MUN,BA|SANTANOPOLIS,glp,1,53.0,53.0,53.0,53.0,53.0
2016-07,MUN,BA|SANTO ANTONIO DE JESUS,glp,9,45.0,45.0,48.1,45.0,48.5
2016-07,MUN,BA|SENHOR DO BONFIM,glp,2,44.0,39.2,48.8,38.0,50.0
2016-07,MUN,BA|SERRINHA,glp,4,45.0,41.5,48.5,40.0,50.0
2016-07,MUN,BA|SIMOES FILHO,glp,7,50.0,46.8,55.0,42.0,55.0
2016-07,MUN,BA|TEIXEIRA DE FREITAS,glp,8,47.5,44.4,53.8,43.0,58.0
2016-07,MUN,BA|VALENCA,glp,5,55.0,55.0,58.0,55.0,58.0
2016-07,MUN,BA|VARZEDO,glp,1,45.0,45.0,45.0,45.0,45.0
2016-07,MUN,BA|VITORIA DA CONQUISTA,glp,7,45.0,41.2,50.8,40.0,52.0
2016-07,MUN,CE|BEBERIBE,glp,4,60.0,56.5,61.05,55.0,61.5
2016-07,MUN,CE|CANINDE,glp,5,52.0,50.4,52.0,50.0,52.0
2016-07,MUN,CE|CAUCAIA,glp,26,62.0,60.0,65.0,60.0,65.0
2016-07,MUN,CE|CRATEUS,glp,4,55.0,52.9,56.4,52.0,57.0
2016-07,MUN,CE|CRATO,glp,15,57.0,55.0,59.2,51.0,60.0
2016-07,MUN,CE|FORTALEZA,glp,125,62.0,60.0,65.0,55.0,65.0
2016-07,MUN,CE|ICO,glp,3,53.5,52.3,54.7,52.0,55.0
2016-07,MUN,CE|IGUATU,glp,4,51.5,50.3,54.1,50.0,55.0
2016-07,MUN,CE|IPU,glp,2,58.75,57.75,59.75,57.5,60.0
2016-07,MUN,CE|ITAPIPOCA,glp,6,55.0,53.5,57.0,52.0,58.0
2016-07,MUN,CE|JUAZEIRO DO NORTE,glp,9,57.5,56.6,58.2,55.0,59.0
2016-07,MUN,CE|LIMOEIRO DO NORTE,glp,5,59.0,57.5,60.0,57.5,60.0
2016-07,MUN,CE|MARACANAU,glp,10,63.75,60.0,64.1,60.0,65.0
2016-07,MUN,CE|MISSAO VELHA,glp,1,55.0,55.0,55.0,55.0,55.0
2016-07,MUN,CE|MORADA NOVA,glp,3,60.0,59.2,60.0,59.0,60.0
2016-07,MUN,CE|QUIXADA,glp,5,52.0,50.8,54.4,50.0,56.0
2016-07,MUN,CE|SOBRAL,glp,6,58.0,55.5,60.0,55.0,60.0
2016-07,MUN,DF|BRASILIA,glp,71,59.9,50.0,60.0,48.0,65.0
2016-07,MUN,ES|ARACRUZ,glp,9,50.0,48.992,53.4,45.0,55.0
2016-07,MUN,ES|BARRA DE SAO FRANCISCO,glp,6,57.5,57.0,59.0,57.0,60.0
2016-07,MUN,ES|CACHOEIRO DE ITAPEMIRIM,glp,19,50.0,49.82,55.0,48.0,60.0
2016-07,MUN,ES|CARIACICA,glp,66,50.0,50.0,52.0,48.0,55.0
2016-07,MUN,ES|COLATINA,glp,9,50.0,47.4,52.2,47.0,55.0
2016-07,MUN,ES|GUARAPARI,glp,10,52.5,50.0,55.0,50.0,55.0
2016-07,MUN,ES|ITAPEMIRIM,glp,3,52.5,50.42,56.9,49.9,58.0
2016-07,MUN,ES|LINHARES,glp,16,52.5,48.5,60.0,45.0,60.0
2016-07,MUN,ES|MARATAIZES,glp,1,50.0,50.0,50.0,50.0,50.0
2016-07,MUN,ES|SAO MATEUS,glp,4,48.0,48.0,52.9,48.0,55.0
2016-07,MUN,ES|SERRA,glp,104,50.0,49.9,52.0,40.0,55.0
2016-07,MUN,ES|VILA VELHA,glp,34,50.0,49.9,52.0,45.0,55.0
2016-07,MUN,ES|VITORIA,glp,17,50.0,49.974,55.0,49.0,55.0
2016-07,MUN,GO|AGUAS LINDAS DE GOIAS,glp,11,56.0,55.0,57.0,55.0,58.0
2016-07,MUN,GO|ANAPOLIS,glp,58,53.0,52.0,54.0,51.0,54.0
2016-07,MUN,GO|APARECIDA DE GOIANIA,glp,40,55.0,55.0,56.1,53.0,58.0
2016-07,MUN,GO|CALDAS NOVAS,glp,11,58.0,56.0,60.0,56.0,60.0
2016-07,MUN,GO|CATALAO,glp,12,55.0,54.0,55.9,54.0,56.0
2016-07,MUN,GO|FORMOSA,glp,13,57.0,55.0,57.0,54.0,58.0
2016-07,MUN,GO|GOIANIA,glp,114,55.0,55.0,57.7,52.0,60.0
2016-07,MUN,GO|GOIATUBA,glp,3,56.0,56.0,56.8,56.0,57.0
2016-07,MUN,GO|ITUMBIARA,glp,9,60.0,59.6,60.0,58.0,60.0
2016-07,MUN,GO|JARAGUA,glp,1,54.0,54.0,54.0,54.0,54.0
2016-07,MUN,GO|JATAI,glp,19,60.0,60.0,61.0,60.0,61.0
2016-07,MUN,GO|LUZIANIA,glp,16,55.0,54.0,57.5,53.0,58.0
2016-07,MUN,GO|MINEIROS,glp,7,60.0,59.6,61.0,59.0,61.0
2016-07,MUN,GO|MORRINHOS,glp,6,56.0,55.0,57.0,55.0,57.0
2016-07,MUN,GO|PORANGATU,glp,16,55.0,54.5,56.0,54.0,56.0
2016-07,MUN,GO|RIO VERDE,glp,14,58.0,56.3,59.7,56.0,60.0
2016-07,MUN,GO|TRINDADE,glp,25,55.0,53.4,55.0,52.0,56.0
2016-07,MUN,GO|VALPARAISO DE GOIAS,glp,10,55.0,55.0,56.0,55.0,56.0
2016-07,MUN,MA|ACAILANDIA,glp,3,60.0,60.0,60.0,60.0,60.0
2016-07,MUN,MA|BACABAL,glp,6,58.0,57.0,58.0,57.0,58.0
2016-07,MUN,MA|BALSAS,glp,5,65.0,65.0,65.0,65.0,65.0
2016-07,MUN,MA|BARRA DO CORDA,glp,5,57.0,57.0,58.3,57.0,58.5
2016-07,MUN,MA|CANDIDO MENDES,glp,1,45.0,45.0,45.0,45.0,45.0
2016-07,MUN,MA|CAXIAS,glp,2,61.5,60.3,62.7,60.0,63.0
2016-07,MUN,MA|CODO,glp,2,60.0,60.0,60.0,60.0,60.0
2016-07,MUN,MA|IMPERATRIZ,glp,47,65.0,60.0,65.0,55.0,65.0
2016-07,MUN,MA|PINHEIRO,glp,3,65.0,63.4,65.0,63.0,65.0
2016-07,MUN,MA|PRESIDENTE DUTRA,glp,3,60.0,60.0,60.0,60.0,60.0
2016-07,MUN,MA|SANTA INES,glp,3,62.0,61.2,62.0,61.0,62.0
2016-07,MUN,MA|SAO DOMINGOS DO MARANHAO,glp,1,57.5,57.5,57.5,57.5,57.5
2016-07,MUN,MA|SAO JOSE DE RIBAMAR,glp,11,45.0,40.0,45.0,39.99,50.0
2016-07,MUN,MA|SAO LUIS,glp,61,45.0,42.495,46.0,39.99,49.0
2016-07,MUN,MA|SAO VICENTE FERRER,glp,1,60.0,60.0,60.0,60.0,60.0
2016-07,MUN,MA|TIMON,glp,4,50.0,50.0,53.5,50.0,55.0
2016-07,MUN,MG|ALFENAS,glp,10,48.5,45.0,50.0,45.0,50.0
2016-07,MUN,MG|ARAGUARI,glp,7,54.0,52.1,56.2,50.0,58.0
2016-07,MUN,MG|ARAXA,glp,4,55.0,55.0,58.43,55.0,59.9
2016-07,MUN,MG|BARBACENA,glp,14,50.0,50.0,55.0,50.0,60.0
2016-07,MUN,MG|BELO HORIZONTE,glp,42,55.0,48.1,61.8,45.0,67.0
2016-07,MUN,MG|BETIM,glp,12,56.75,50.0,60.0,50.0,60.0
2016-07,MUN,MG|BOM DESPACHO,glp,5,60.0,59.4,61.2,59.0,62.0
2016-07,MUN,MG|CAMPO BELO,glp,6,47.25,44.5,49.0,44.0,49.0
2016-07,MUN,MG|CARATINGA,glp,2,50.248,48.446,52.05,47.995,52.5
2016-07,MUN,MG|CATAGUASES,glp,4,55.5,55.0,56.7,55.0,57.0
2016-07,MUN,MG|CONGONHAS,glp,6,55.0,53.75,55.0,52.5,55.0
2016-07,MUN,MG|CONSELHEIRO LAFAIETE,glp,7,50.0,50.0,50.0,50.0,50.0
2016-07,MUN,MG|CONTAGEM,glp,18,57.0,50.0,61.3,47.5,65.0
2016-07,MUN,MG|CORONEL FABRICIANO,glp,5,60.0,55.8,60.0,53.0,60.0
2016-07,MUN,MG|CURVELO,glp,5,50.0,50.0,53.8,50.0,55.0
2016-07,MUN,MG|DIAMANTINA,glp,3,62.0,60.4,63.6,60.0,64.0
2016-07,MUN,MG|DIVINOPOLIS,glp,19,53.0,49.6,58.0,48.0,59.0
2016-07,MUN,MG|FORMIGA,glp,6,51.0,49.0,53.0,48.0,53.0
2016-07,MUN,MG|FRUTAL,glp,5,48.0,46.16,49.6,45.0,50.0
2016-07,MUN,MG|GOVERNADOR VALADARES,glp,9,52.0,49.8,55.0,49.0,55.0
2016-07,MUN,MG|GUAXUPE,glp,9,50.0,47.99,52.92,47.95,55.0
2016-07,MUN,MG|IPATINGA,glp,16,55.0,51.0,56.5,48.0,58.0
2016-07,MUN,MG|ITABIRA,glp,5,65.0,62.8,65.0,62.0,65.0
2016-07,MUN,MG|ITAJUBA,glp,7,50.0,48.0,52.16,48.0,52.4
2016-07,MUN,MG|ITAUNA,glp,8,51.0,48.0,55.0,48.0,55.0
2016-07,MUN,MG|ITUIUTABA,glp,20,55.0,50.0,58.0,50.0,58.0
2016-07,MUN,MG|JANAUBA,glp,3,50.0,49.2,51.2,49.0,51.5
2016-07,MUN,MG|JANUARIA,glp,7,56.0,54.0,58.0,54.0,58.0
2016-07,MUN,MG|JOAO MONLEVADE,glp,7,50.0,47.1,52.2,46.5,52.5
2016-07,MUN,MG|JOAO PINHEIRO,glp,11,45.0,45.0,56.5,45.0,60.0
2016-07,MUN,MG|JUIZ DE FORA,glp,37,55.0,50.0,62.4,48.0,65.0
2016-07,MUN,MG|LAVRAS,glp,8,53.0,48.5,55.9,45.0,58.0
2016-07,MUN,MG|LEOPOLDINA,glp,6,57.25,57.0,59.0,57.0,60.0
2016-07,MUN,MG|MANHUACU,glp,6,47.5,47.0,48.0,47.0,48.0
2016-07,MUN,MG|MONTE CARMELO,glp,9,50.0,50.0,55.0,50.0,55.0
2016-07,MUN,MG|MONTES CLAROS,glp,52,61.0,60.0,62.0,60.0,62.0
2016-07,MUN,MG|MURIAE,glp,5,55.0,50.0,58.0,50.0,60.0
2016-07,MUN,MG|NOVA LIMA,glp,5,60.0,51.16,65.0,50.0,65.0
2016-07,MUN,MG|OLIVEIRA,glp,4,42.5,41.65,44.4,41.5,45.0
2016-07,MUN,MG|OURO PRETO,glp,4,60.5,57.55,61.0,56.5,61.0
2016-07,MUN,MG|PARA DE MINAS,glp,6,57.75,56.0,58.7,55.0,58.9
2016-07,MUN,MG|PARACATU,glp,8,58.75,55.0,60.75,55.0,62.5
2016-07,MUN,MG|PASSOS,glp,16,55.0,50.0,58.0,50.0,63.0
2016-07,MUN,MG|PATOS DE MINAS,glp,7,47.5,45.0,52.0,45.0,55.0
2016-07,MUN,MG|PATROCINIO,glp,3,50.0,46.0,50.0,45.0,50.0
2016-07,MUN,MG|POCOS DE CALDAS,glp,17,49.0,49.0,52.0,49.0,52.0
2016-07,MUN,MG|POUSO ALEGRE,glp,6,50.0,47.0,52.5,46.0,55.0
2016-07,MUN,MG|RIBEIRAO DAS NEVES,glp,12,55.0,48.0,65.0,47.0,65.0
2016-07,MUN,MG|SABARA,glp,8,54.5,53.0,57.9,53.0,60.0
2016-07,MUN,MG|SANTA LUZIA,glp,10,59.3,55.0,65.0,55.0,65.0
2016-07,MUN,MG|SAO JOAO DEL REI,glp,15,55.0,54.0,57.8,50.0,58.0
2016-07,MUN,MG|SAO LOURENCO,glp,3,45.0,43.0,47.4,42.5,48.0
2016-07,MUN,MG|SAO SEBASTIAO DO PARAISO,glp,16,55.0,50.0,55.0,48.0,55.0
2016-07,MUN,MG|SETE LAGOAS,glp,16,53.0,46.5,56.0,45.0,58.0
2016-07,MUN,MG|TEOFILO OTONI,glp,17,50.0,46.95,55.0,45.0,55.0
2016-07,MUN,MG|TIMOTEO,glp,5,55.0,53.5,57.6,52.5,58.0
2016-07,MUN,MG|TRES CORACOES,glp,8,50.0,47.0,55.0,47.0,55.0
2016-07,MUN,MG|UBA,glp,9,65.0,60.0,65.0,60.0,65.0
2016-07,MUN,MG|UBERABA,glp,13,55.0,51.0,55.0,50.0,60.0
2016-07,MUN,MG|UBERLANDIA,glp,26,57.0,55.0,60.0,55.0,62.0
2016-07,MUN,MG|UNAI,glp,4,65.0,65.0,65.0,65.0,65.0
2016-07,MUN,MG|VARGINHA,glp,13,50.0,50.0,52.4,48.0,53.5
2016-07,MUN,MG|VESPASIANO,glp,10,60.5,59.8,65.0,58.0,65.0
2016-07,MUN,MG|VICOSA,glp,3,58.9,51.78,59.78,50.0,60.0
2016-07,MUN,MS|BATAYPORA,glp,1,65.0,65.0,65.0,65.0,65.0
2016-07,MUN,MS|CAMPO GRANDE,glp,372,66.0,64.0,67.0,59.0,69.0
2016-07,MUN,MS|CORUMBA,glp,8,60.0,60.0,65.0,60.0,65.0
2016-07,MUN,MS|COXIM,glp,6,68.5,65.0,71.0,65.0,72.0
2016-07,MUN,MS|DOURADOS,glp,33,63.0,60.0,66.6,57.0,69.9
2016-07,MUN,MS|NOVA ANDRADINA,glp,10,62.5,60.0,65.0,60.0,65.0
2016-07,MUN,MS|PARANAIBA,glp,11,60.0,60.0,65.0,60.0,65.0
2016-07,MUN,MS|PONTA PORA,glp,2,54.25,54.05,54.45,54.0,54.5
2016-07,MUN,MS|TRES LAGOAS,glp,8,50.0,48.5,50.0,45.0,50.0
2016-07,MUN,MT|ALTA FLORESTA,glp,8,75.0,70.25,80.0,65.0,80.0
2016-07,MUN,MT|CACERES,glp,13,70.0,57.0,72.0,50.0,80.0
2016-07,MUN,MT|CUIABA,glp,151,70.0,65.0,75.0,63.0,80.0
2016-07,MUN,MT|RONDONOPOLIS,glp,19,70.0,67.4,75.0,65.0,80.0
2016-07,MUN,MT|SINOP,glp,16,75.0,70.0,79.0,70.0,80.0
2016-07,MUN,MT|SORRISO,glp,13,80.0,75.6,82.0,75.0,82.0
2016-07,MUN,MT|VARZEA GRANDE,glp,40,70.0,68.0,75.0,68.0,75.0
2016-07,MUN,PA|ABAETETUBA,glp,6,50.0,48.5,53.5,48.0,56.0
2016-07,MUN,PA|ALENQUER,glp,4,60.0,57.9,60.0,57.0,60.0
2016-07,MUN,PA|ALTAMIRA,glp,8,65.0,65.0,65.0,65.0,65.0
2016-07,MUN,PA|ANANINDEUA,glp,24,55.0,50.0,58.0,48.5,60.0
2016-07,MUN,PA|BELEM,glp,81,55.0,50.0,58.0,45.0,58.0
2016-07,MUN,PA|BRAGANCA,glp,6,60.0,59.0,60.0,58.0,60.0
2016-07,MUN,PA|CAMETA,glp,6,55.0,55.0,55.0,55.0,55.0
2016-07,MUN,PA|CASTANHAL,glp,5,55.0,55.0,55.0,55.0,55.0
2016-07,MUN,PA|CONCEICAO DO ARAGUAIA,glp,6,65.0,61.5,65.0,60.0,65.0
2016-07,MUN,PA|ITAITUBA,glp,5,65.0,65.0,71.0,65.0,75.0
2016-07,MUN,PA|MARABA,glp,7,65.0,63.0,65.4,60.0,66.0
2016-07,MUN,PA|PARAGOMINAS,glp,4,69.5,68.65,70.0,68.5,70.0
2016-07,MUN,PA|PARAUAPEBAS,glp,3,65.0,61.0,65.8,60.0,66.0
2016-07,MUN,PA|REDENCAO,glp,5,70.0,69.4,70.0,69.0,70.0
2016-07,MUN,PA|SANTAREM,glp,28,55.0,53.7,56.0,50.0,57.0
2016-07,MUN,PA|XINGUARA,glp,7,68.0,64.2,68.0,63.0,68.0
2016-07,MUN,PB|BAYEUX,glp,7,50.0,48.0,55.0,45.0,55.0
2016-07,MUN,PB|CABEDELO,glp,7,55.0,54.0,55.0,52.5,55.0
2016-07,MUN,PB|CAMPINA GRANDE,glp,39,53.0,50.0,55.0,49.0,60.0
2016-07,MUN,PB|JOAO PESSOA,glp,25,55.0,50.0,55.0,45.0,55.0
2016-07,MUN,PB|PATOS,glp,3,41.5,38.7,41.9,38.0,42.0
2016-07,MUN,PB|PIANCO,glp,1,55.0,55.0,55.0,55.0,55.0
2016-07,MUN,PB|SANTA RITA,glp,7,45.0,44.2,47.6,43.0,48.5
2016-07,MUN,PB|SOUSA,glp,3,40.0,40.0,43.2,40.0,44.0
2016-07,MUN,PE|ABREU E LIMA,glp,11,45.0,42.0,47.495,40.0,55.0
2016-07,MUN,PE|ARARIPINA,glp,3,55.0,55.0,57.4,55.0,58.0
2016-07,MUN,PE|ARCOVERDE,glp,2,52.5,50.5,54.5,50.0,55.0
2016-07,MUN,PE|BELO JARDIM,glp,2,47.5,45.5,49.5,45.0,50.0
2016-07,MUN,PE|CABO DE SANTO AGOSTINHO,glp,11,45.0,43.0,48.0,42.0,50.0
2016-07,MUN,PE|CACHOEIRINHA,glp,1,42.5,42.5,42.5,42.5,42.5
2016-07,MUN,PE|CAMARAGIBE,glp,15,45.0,42.6,48.9,41.0,50.0
2016-07,MUN,PE|CARUARU,glp,12,42.75,40.0,45.0,40.0,45.0
2016-07,MUN,PE|GARANHUNS,glp,7,50.0,45.0,50.0,45.0,50.0
2016-07,MUN,PE|GOIANA,glp,2,50.0,50.0,50.0,50.0,50.0
2016-07,MUN,PE|GRAVATA,glp,5,44.995,41.0,47.4,40.0,49.0
2016-07,MUN,PE|IGARASSU,glp,21,47.0,45.0,50.0,45.0,55.0
2016-07,MUN,PE|JABOATAO DOS GUARARAPES,glp,44,45.0,40.0,50.0,40.0,50.0
2016-07,MUN,PE|LAJEDO,glp,4,47.5,45.0,50.0,45.0,50.0
2016-07,MUN,PE|MORENO,glp,1,45.0,45.0,45.0,45.0,45.0
2016-07,MUN,PE|OLINDA,glp,39,40.0,37.4,45.0,35.495,55.0
2016-07,MUN,PE|PAULISTA,glp,14,49.5,43.25,55.0,40.0,55.0
2016-07,MUN,PE|PETROLINA,glp,18,45.0,42.7,45.0,41.0,48.0
2016-07,MUN,PE|RECIFE,glp,106,43.25,40.0,45.0,38.0,50.0
2016-07,MUN,PE|SALGUEIRO,glp,3,58.0,58.0,58.0,58.0,58.0
2016-07,MUN,PE|SANTA CRUZ DO CAPIBARIBE,glp,5,45.0,42.0,45.0,40.0,45.0
2016-07,MUN,PE|SERRA TALHADA,glp,3,58.0,51.6,58.0,50.0,58.0
2016-07,MUN,PE|VITORIA DE SANTO ANTAO,glp,15,47.5,45.0,55.0,45.0,55.0
2016-07,MUN,PI|CAMPO MAIOR,glp,4,62.0,62.0,62.0,62.0,62.0
2016-07,MUN,PI|PARNAIBA,glp,3,55.0,55.0,55.0,55.0,55.0
2016-07,MUN,PI|PICOS,glp,2,54.25,51.65,56.85,51.0,57.5
2016-07,MUN,PI|PIRIPIRI,glp,4,62.0,61.3,62.0,61.0,62.0
2016-07,MUN,PI|TERESINA,glp,73,47.5,45.0,55.0,45.0,55.0
2016-07,MUN,PR|ALMIRANTE TAMANDARE,glp,1,55.0,55.0,55.0,55.0,55.0
2016-07,MUN,PR|APUCARANA,glp,18,55.0,53.28,60.0,49.5,60.0
2016-07,MUN,PR|ARAPONGAS,glp,17,50.0,49.9,60.0,45.0,65.0
2016-07,MUN,PR|ARAUCARIA,glp,13,50.0,50.0,53.2,45.0,62.0
2016-07,MUN,PR|ASSIS CHATEAUBRIAND,glp,7,60.0,57.2,60.0,53.0,60.0
2016-07,MUN,PR|CAMBE,glp,15,55.0,52.8,60.0,50.0,60.0
2016-07,MUN,PR|CAMPO LARGO,glp,15,50.0,50.0,55.0,48.0,58.0
2016-07,MUN,PR|CAMPO MOURAO,glp,12,64.075,60.0,67.7,60.0,68.0
2016-07,MUN,PR|CASCAVEL,glp,76,65.0,65.0,66.0,64.0,67.0
2016-07,MUN,PR|CASTRO,glp,5,65.0,63.4,66.8,63.0,68.0
2016-07,MUN,PR|CIANORTE,glp,15,65.0,61.2,65.0,60.0,65.0
2016-07,MUN,PR|COLOMBO,glp,24,53.0,50.0,55.0,48.0,59.0
2016-07,MUN,PR|CORNELIO PROCOPIO,glp,5,55.0,52.0,58.0,50.0,60.0
2016-07,MUN,PR|CURITIBA,glp,54,55.0,50.0,59.7,49.9,60.0
2016-07,MUN,PR|CURIUVA,glp,1,55.0,55.0,55.0,55.0,55.0
2016-07,MUN,PR|FOZ DO IGUACU,glp,19,53.0,50.0,57.0,48.0,62.0
2016-07,MUN,PR|FRANCISCO BELTRAO,glp,7,55.0,45.0,56.0,45.0,56.0
2016-07,MUN,PR|GUARAPUAVA,glp,12,60.75,58.1,67.7,55.0,70.0
2016-07,MUN,PR|JESUITAS,glp,1,53.0,53.0,53.0,53.0,53.0
2016-07,MUN,PR|LARANJEIRAS DO SUL,glp,6,60.0,59.5,61.25,59.0,62.5
2016-07,MUN,PR|LONDRINA,glp,98,58.0,55.0,60.0,50.0,65.0
2016-07,MUN,PR|MARECHAL CANDIDO RONDON,glp,7,60.0,54.76,63.2,49.9,65.0
2016-07,MUN,PR|MARINGA,glp,34,65.0,60.0,65.0,60.0,65.0
2016-07,MUN,PR|PARANAGUA,glp,8,46.0,42.9,50.0,38.0,50.0
2016-07,MUN,PR|PARANAVAI,glp,11,63.0,60.0,63.0,58.0,65.0
2016-07,MUN,PR|PATO BRANCO,glp,13,63.9,60.2,66.6,60.0,72.0
2016-07,MUN,PR|PINHAIS,glp,17,54.0,49.2,56.4,48.0,57.0
2016-07,MUN,PR|PONTA GROSSA,glp,15,55.0,51.2,58.6,50.0,60.0
2016-07,MUN,PR|RAMILANDIA,glp,1,53.0,53.0,53.0,53.0,53.0
2016-07,MUN,PR|SANTO ANTONIO DA PLATINA,glp,14,53.5,50.0,55.97,50.0,57.0
2016-07,MUN,PR|SAO JOSE DOS PINHAIS,glp,17,53.0,49.0,56.2,47.0,59.9
2016-07,MUN,PR|TERRA BOA,glp,1,65.0,65.0,65.0,65.0,65.0
2016-07,MUN,PR|TOLEDO,glp,18,60.0,57.9,65.0,53.0,70.0
2016-07,MUN,PR|UMUARAMA,glp,16,64.75,62.25,65.75,62.0,66.0
2016-07,MUN,PR|UNIAO DA VITORIA,glp,3,60.0,56.0,60.0,55.0,60.0
2016-07,MUN,RJ|ANGRA DOS REIS,glp,5,55.0,52.36,55.0,52.0,55.0
2016-07,MUN,RJ|ARARUAMA,glp,6,45.0,40.0,48.243,40.0,48.99
2016-07,MUN,RJ|BARRA DO PIRAI,glp,3,51.9,50.38,58.38,50.0,60.0
2016-07,MUN,RJ|BARRA MANSA,glp,11,55.0,50.0,59.0,49.0,60.0
2016-07,MUN,RJ|BELFORD ROXO,glp,6,51.5,47.5,53.5,47.0,54.0
2016-07,MUN,RJ|CABO FRIO,glp,4,45.0,41.5,48.5,40.0,50.0
2016-07,MUN,RJ|CAMPOS DOS GOYTACAZES,glp,21,50.0,50.0,60.0,45.0,60.0
2016-07,MUN,RJ|DUQUE DE CAXIAS,glp,28,50.0,40.0,55.0,38.0,56.0
2016-07,MUN,RJ|ITABORAI,glp,4,50.0,50.0,50.0,50.0,50.0
2016-07,MUN,RJ|ITAGUAI,glp,3,48.9,45.78,48.9,45.0,48.9
2016-07,MUN,RJ|ITAPERUNA,glp,4,47.5,45.0,50.0,45.0,50.0
2016-07,MUN,RJ|MACAE,glp,4,52.5,50.0,55.0,50.0,55.0
2016-07,MUN,RJ|MAGE,glp,4,40.0,40.0,44.2,40.0,46.0
2016-07,MUN,RJ|MANGARATIBA,glp,2,49.7,49.46,49.94,49.4,50.0
2016-07,MUN,RJ|MARICA,glp,3,50.0,50.0,50.0,50.0,50.0
2016-07,MUN,RJ|NILOPOLIS,glp,4,53.5,50.6,55.0,50.0,55.0
2016-07,MUN,RJ|NITEROI,glp,7,47.0,40.0,50.0,40.0,50.0
2016-07,MUN,RJ|NOVA FRIBURGO,glp,5,60.0,60.0,62.0,60.0,62.0
2016-07,MUN,RJ|NOVA IGUACU,glp,19,50.0,44.598,55.0,42.0,55.0
2016-07,MUN,RJ|PARATY,glp,2,55.0,55.0,55.0,55.0,55.0
2016-07,MUN,RJ|PETROPOLIS,glp,7,50.9,49.9,60.0,49.9,60.0
2016-07,MUN,RJ|RESENDE,glp,7,50.0,44.497,55.0,40.0,55.0
2016-07,MUN,RJ|RIO BONITO,glp,5,42.0,42.0,44.6,42.0,45.0
2016-07,MUN,RJ|RIO DAS OSTRAS,glp,1,57.0,57.0,57.0,57.0,57.0
2016-07,MUN,RJ|RIO DE JANEIRO,glp,71,50.0,40.0,56.0,37.99,61.9
2016-07,MUN,RJ|SANTO ANTONIO DE PADUA,glp,2,37.0,37.0,37.0,37.0,37.0
2016-07,MUN,RJ|SAO FRANCISCO DE ITABAPOANA,glp,2,56.25,55.25,57.25,55.0,57.5
2016-07,MUN,RJ|SAO GONCALO,glp,17,42.0,40.0,50.0,39.0,50.0
2016-07,MUN,RJ|SAO JOAO DE MERITI,glp,8,50.0,42.093,50.0,40.0,50.0
2016-07,MUN,RJ|SAPUCAIA,glp,2,49.75,45.95,53.55,45.0,54.5
2016-07,MUN,RJ|SAQUAREMA,glp,5,38.0,36.8,41.5,36.0,42.5
2016-07,MUN,RJ|TERESOPOLIS,glp,7,50.0,50.0,55.8,50.0,57.0
2016-07,MUN,RJ|TRES RIOS,glp,2,47.25,47.05,47.45,47.0,47.5
2016-07,MUN,RJ|VALENCA,glp,4,57.5,56.0,59.0,56.0,59.0
2016-07,MUN,RJ|VASSOURAS,glp,2,55.0,55.0,55.0,55.0,55.0
2016-07,MUN,RJ|VOLTA REDONDA,glp,9,54.0,51.52,56.98,50.0,58.9
2016-07,MUN,RN|CAICO,glp,5,51.0,50.0,55.0,50.0,55.0
2016-07,MUN,RN|MOSSORO,glp,13,55.0,50.0,55.0,50.0,55.0
2016-07,MUN,RN|NATAL,glp,63,54.5,50.0,56.8,50.0,60.0
2016-07,MUN,RN|PARNAMIRIM,glp,23,55.0,50.4,55.0,50.0,55.0
2016-07,MUN,RN|SANTA CRUZ,glp,1,52.0,52.0,52.0,52.0,52.0
2016-07,MUN,RN|SAO JOSE DE MIPIBU,glp,8,55.0,50.0,60.0,50.0,60.0
2016-07,MUN,RO|ARIQUEMES,glp,5,60.0,60.0,62.4,60.0,64.0
2016-07,MUN,RO|CACOAL,glp,4,65.0,65.0,65.0,65.0,65.0
2016-07,MUN,RO|GUAJARA-MIRIM,glp,4,60.0,58.6,60.0,58.0,60.0
2016-07,MUN,RO|JI-PARANA,glp,15,60.0,58.4,66.8,58.0,70.0
2016-07,MUN,RO|PIMENTA BUENO,glp,4,63.0,63.0,63.0,63.0,63.0
2016-07,MUN,RO|PORTO VELHO,glp,62,54.5,50.65,56.0,49.0,73.0
2016-07,MUN,RO|VILHENA,glp,8,64.25,63.0,65.6,63.0,67.0
2016-07,MUN,RR|BOA VISTA,glp,29,58.0,57.0,60.0,56.0,62.0
2016-07,MUN,RS|ALEGRETE,glp,7,49.0,44.6,50.8,44.0,52.0
2016-07,MUN,RS|ALVORADA,glp,9,55.0,50.0,60.0,50.0,60.0
2016-07,MUN,RS|BAGE,glp,25,62.0,60.2,63.3,60.0,66.0
2016-07,MUN,RS|BENTO GONCALVES,glp,3,62.0,59.6,65.2,59.0,66.0
2016-07,MUN,RS|CACAPAVA DO SUL,glp,6,58.0,58.0,58.0,58.0,58.0
2016-07,MUN,RS|CACHOEIRA DO SUL,glp,9,42.5,39.98,48.4,39.9,50.0
2016-07,MUN,RS|CACHOEIRINHA,glp,7,50.0,50.0,56.6,50.0,59.0
2016-07,MUN,RS|CANOAS,glp,21,50.0,45.0,57.0,45.0,58.0
2016-07,MUN,RS|CAXIAS DO SUL,glp,42,52.5,49.1,57.99,45.0,60.0
2016-07,MUN,RS|CRUZ ALTA,glp,4,44.95,42.87,45.0,42.0,45.0
2016-07,MUN,RS|ERECHIM,glp,6,57.0,57.0,58.0,57.0,58.0
2016-07,MUN,RS|ESTEIO,glp,12,56.0,52.0,57.9,50.0,58.0
2016-07,MUN,RS|GRAMADO,glp,5,55.0,52.0,58.8,50.0,60.0
2016-07,MUN,RS|GRAVATAI,glp,12,54.5,49.1,55.0,48.0,55.0
2016-07,MUN,RS|GUAIBA,glp,6,54.5,51.0,55.5,48.0,56.0
2016-07,MUN,RS|GUARANI DAS MISSOES,glp,1,52.5,52.5,52.5,52.5,52.5
2016-07,MUN,RS|IJUI,glp,7,50.0,49.2,56.6,48.0,57.5
2016-07,MUN,RS|LAJEADO,glp,12,49.0,48.0,54.9,46.0,56.0
2016-07,MUN,RS|NOVO HAMBURGO,glp,16,50.0,45.0,54.0,45.0,58.0
2016-07,MUN,RS|OSORIO,glp,5,65.0,57.0,66.8,55.0,68.0
2016-07,MUN,RS|PALMEIRA DAS MISSOES,glp,6,55.0,55.0,59.0,55.0,59.0
2016-07,MUN,RS|PASSO FUNDO,glp,35,49.0,46.0,54.0,45.0,58.0
2016-07,MUN,RS|PELOTAS,glp,22,52.0,45.4,55.0,42.0,58.0
2016-07,MUN,RS|PORTO ALEGRE,glp,34,59.0,50.0,63.63,49.0,67.0
2016-07,MUN,RS|RIO GRANDE,glp,16,48.0,46.0,50.0,45.0,50.0
2016-07,MUN,RS|SANTA CRUZ DO SUL,glp,16,52.25,50.5,55.0,49.95,59.0
2016-07,MUN,RS|SANTA MARIA,glp,77,59.0,54.0,62.0,48.0,65.0
2016-07,MUN,RS|SANTA ROSA,glp,6,54.25,51.5,57.5,51.0,60.0
2016-07,MUN,RS|SANTANA DO LIVRAMENTO,glp,15,55.0,55.0,55.0,50.0,55.0
2016-07,MUN,RS|SANTO ANGELO,glp,5,57.0,55.4,58.0,55.0,58.0
2016-07,MUN,RS|SAO BORJA,glp,6,55.0,55.0,58.0,55.0,58.0
2016-07,MUN,RS|SAO GABRIEL,glp,14,58.0,55.0,60.0,54.0,60.0
2016-07,MUN,RS|SAO LEOPOLDO,glp,13,52.0,50.0,55.0,45.0,58.0
2016-07,MUN,RS|SAO LUIZ GONZAGA,glp,5,56.0,49.1,58.0,46.5,58.0
2016-07,MUN,RS|SAPIRANGA,glp,5,55.0,55.0,58.4,55.0,60.0
2016-07,MUN,RS|SAPUCAIA DO SUL,glp,19,55.0,49.8,58.4,48.0,60.0
2016-07,MUN,RS|TORRES,glp,5,60.0,58.4,60.0,58.0,60.0
2016-07,MUN,RS|TRAMANDAI,glp,3,60.0,58.4,61.2,58.0,61.5
2016-07,MUN,RS|URUGUAIANA,glp,10,62.0,57.7,62.0,55.0,62.0
2016-07,MUN,RS|VACARIA,glp,7,55.0,50.0,55.0,50.0,55.0
2016-07,MUN,RS|VIAMAO,glp,15,58.0,55.0,62.0,55.0,62.0
2016-07,MUN,SC|ARARANGUA,glp,5,50.0,50.0,53.0,50.0,55.0
2016-07,MUN,SC|BALNEARIO CAMBORIU,glp,4,55.0,50.8,55.0,49.0,55.0
2016-07,MUN,SC|BIGUACU,glp,4,49.0,48.0,53.5,48.0,55.0
2016-07,MUN,SC|BLUMENAU,glp,17,60.0,55.0,61.0,52.0,65.0
2016-07,MUN,SC|BRUSQUE,glp,8,48.0,44.4,55.9,43.0,58.0
2016-07,MUN,SC|CACADOR,glp,6,58.0,52.5,61.5,50.0,65.0
2016-07,MUN,SC|CHAPECO,glp,13,60.0,59.2,64.5,58.0,69.0
2016-07,MUN,SC|CONCORDIA,glp,4,50.0,46.5,53.5,45.0,55.0
2016-07,MUN,SC|CRICIUMA,glp,10,48.0,48.0,50.5,48.0,55.0
2016-07,MUN,SC|FLORIANOPOLIS,glp,8,55.0,53.77,58.6,50.9,60.0
2016-07,MUN,SC|ITAJAI,glp,9,48.0,45.0,58.2,45.0,59.0
2016-07,MUN,SC|JARAGUA DO SUL,glp,9,53.0,48.72,57.992,48.0,58.0
2016-07,MUN,SC|JOINVILLE,glp,10,50.0,49.45,53.2,49.0,55.0
2016-07,MUN,SC|LAGES,glp,6,55.0,55.0,56.0,55.0,57.0
2016-07,MUN,SC|LAGUNA,glp,4,48.0,45.9,48.0,45.0,48.0
2016-07,MUN,SC|MAFRA,glp,4,57.4,55.0,63.44,55.0,65.0
2016-07,MUN,SC|PALHOCA,glp,6,50.0,48.5,53.5,48.0,55.0
2016-07,MUN,SC|SAO JOSE,glp,7,48.0,45.0,51.2,45.0,53.0
2016-07,MUN,SC|SAO MIGUEL DO OESTE,glp,4,56.45,53.6,59.37,53.0,60.0
2016-07,MUN,SC|TUBARAO,glp,6,48.0,45.0,50.0,45.0,50.0
2016-07,MUN,SC|VIDEIRA,glp,5,58.0,58.0,60.0,58.0,60.0
2016-07,MUN,SC|XANXERE,glp,4,58.0,55.9,59.4,55.0,60.0
2016-07,MUN,SE|ARACAJU,glp,30,55.0,50.0,55.0,38.0,57.0
2016-07,MUN,SE|ITABAIANA,glp,3,51.0,50.2,54.2,50.0,55.0
2016-07,MUN,SE|LAGARTO,glp,4,45.0,45.0,45.0,45.0,45.0
2016-07,MUN,SE|NOSSA SENHORA DO SOCORRO,glp,7,53.0,51.2,55.4,50.0,56.0
2016-07,MUN,SP|ADAMANTINA,glp,5,55.0,50.0,55.0,50.0,55.0
2016-07,MUN,SP|AMERICANA,glp,21,55.0,50.0,60.0,45.0,60.0
2016-07,MUN,SP|AMPARO,glp,5,56.0,56.0,56.6,56.0,57.0
2016-07,MUN,SP|ARACATUBA,glp,45,50.0,50.0,53.0,50.0,53.0
2016-07,MUN,SP|ARARAQUARA,glp,17,50.0,49.194,56.2,48.0,58.0
2016-07,MUN,SP|ARARAS,glp,7,47.8,45.56,58.2,44.9,60.0
2016-07,MUN,SP|ASSIS,glp,7,50.0,46.8,52.0,45.0,52.0
2016-07,MUN,SP|ATIBAIA,glp,13,50.0,49.0,55.0,48.0,57.0
2016-07,MUN,SP|AVARE,glp,8,50.0,45.0,54.75,45.0,60.0
2016-07,MUN,SP|BARRETOS,glp,7,50.0,46.54,53.0,46.0,53.0
2016-07,MUN,SP|BARUERI,glp,29,49.99,45.0,55.0,42.5,60.0
2016-07,MUN,SP|BAURU,glp,35,55.0,46.6,59.6,45.0,61.0
2016-07,MUN,SP|BEBEDOURO,glp,14,50.0,49.0,55.0,48.0,55.0
2016-07,MUN,SP|BIRIGUI,glp,20,50.0,45.0,55.0,45.0,55.0
2016-07,MUN,SP|BOTUCATU,glp,11,45.0,45.0,45.0,44.995,45.0
2016-07,MUN,SP|BRAGANCA PAULISTA,glp,7,50.0,45.6,50.0,45.0,50.0
2016-07,MUN,SP|CACAPAVA,glp,5,50.0,46.394,51.6,43.99,52.0
2016-07,MUN,SP|CAMPINAS,glp,28,50.0,48.0,60.0,47.0,62.0
2016-07,MUN,SP|CAMPOS DO JORDAO,glp,6,45.0,40.25,45.0,40.0,45.0
2016-07,MUN,SP|CAPAO BONITO,glp,3,55.0,53.4,57.4,53.0,58.0
2016-07,MUN,SP|CARAGUATATUBA,glp,5,48.0,46.2,50.4,45.0,52.0
2016-07,MUN,SP|CARAPICUIBA,glp,16,47.99,44.99,50.0,39.99,54.99
2016-07,MUN,SP|CATANDUVA,glp,11,49.5,45.0,50.0,43.99,50.0
2016-07,MUN,SP|COSMOPOLIS,glp,7,56.5,53.3,57.0,53.0,57.0
2016-07,MUN,SP|COTIA,glp,10,55.0,50.0,55.25,50.0,57.5
2016-07,MUN,SP|CRUZEIRO,glp,9,42.0,40.0,55.0,40.0,55.0
2016-07,MUN,SP|CUBATAO,glp,6,59.0,55.0,62.5,55.0,65.0
2016-07,MUN,SP|DIADEMA,glp,25,49.99,45.0,50.0,44.995,52.0
2016-07,MUN,SP|DRACENA,glp,4,60.0,58.6,63.5,58.0,65.0
2016-07,MUN,SP|EMBU DAS ARTES,glp,5,50.0,49.94,55.2,49.9,56.0
2016-07,MUN,SP|FRANCA,glp,27,48.0,45.0,50.0,43.0,50.0
2016-07,MUN,SP|GARCA,glp,4,52.5,48.6,55.0,48.0,55.0
2016-07,MUN,SP|GUARATINGUETA,glp,14,44.95,38.0,54.8,35.0,56.0
2016-07,MUN,SP|GUARUJA,glp,15,55.0,50.99,58.0,50.0,59.0
2016-07,MUN,SP|GUARULHOS,glp,37,50.0,44.996,55.0,40.0,58.0
2016-07,MUN,SP|HORTOLANDIA,glp,8,50.5,48.5,56.65,45.0,57.0
2016-07,MUN,SP|IBITINGA,glp,8,55.0,51.1,55.0,49.0,55.0
2016-07,MUN,SP|INDAIATUBA,glp,15,50.0,50.0,54.0,47.0,55.0
2016-07,MUN,SP|ITANHAEM,glp,3,47.0,45.4,48.592,45.0,48.99
2016-07,MUN,SP|ITAPECERICA DA SERRA,glp,6,50.0,48.0,60.0,48.0,62.0
2016-07,MUN,SP|ITAPETININGA,glp,15,50.0,46.2,55.0,41.0,55.5
2016-07,MUN,SP|ITAPEVA,glp,4,55.0,54.3,57.1,54.0,58.0
2016-07,MUN,SP|ITAPEVI,glp,5,46.995,42.793,55.19,39.995,59.99
2016-07,MUN,SP|ITAPIRA,glp,3,52.0,52.0,57.6,52.0,59.0
2016-07,MUN,SP|ITAPOLIS,glp,12,55.25,55.0,57.0,48.0,58.25
2016-07,MUN,SP|ITAQUAQUECETUBA,glp,12,41.75,39.996,47.999,39.99,50.0
2016-07,MUN,SP|ITATIBA,glp,4,53.5,52.0,57.1,52.0,58.0
2016-07,MUN,SP|ITU,glp,7,45.0,42.34,48.4,40.0,49.0
2016-07,MUN,SP|JABOTICABAL,glp,5,45.0,44.1,50.0,43.5,50.0
2016-07,MUN,SP|JACAREI,glp,13,46.0,40.0,55.4,40.0,58.0
2016-07,MUN,SP|JALES,glp,6,53.0,51.5,55.0,50.0,55.0
2016-07,MUN,SP|JANDIRA,glp,10,49.495,44.25,50.0,42.0,50.0
2016-07,MUN,SP|JAU,glp,12,50.0,49.91,55.0,48.0,60.0
2016-07,MUN,SP|JOSE BONIFACIO,glp,6,45.0,42.5,45.0,40.0,45.0
2016-07,MUN,SP|JUNDIAI,glp,9,50.0,48.992,55.6,45.0,58.0
2016-07,MUN,SP|LEME,glp,11,50.0,45.0,59.0,45.0,59.0
2016-07,MUN,SP|LIMEIRA,glp,17,50.0,45.0,50.0,45.0,55.0
2016-07,MUN,SP|LINS,glp,9,50.0,49.0,50.0,45.0,50.0
2016-07,MUN,SP|LORENA,glp,12,43.75,38.0,48.0,38.0,49.0
2016-07,MUN,SP|MARILIA,glp,6,53.0,51.5,54.5,50.0,56.0
2016-07,MUN,SP|MATAO,glp,11,50.0,49.99,52.0,48.0,55.0
2016-07,MUN,SP|MAUA,glp,32,54.248,47.0,55.0,43.0,58.0
2016-07,MUN,SP|MIRASSOL,glp,9,50.0,45.0,50.3,45.0,51.5
2016-07,MUN,SP|MOCOCA,glp,5,53.0,53.0,55.0,53.0,55.0
2016-07,MUN,SP|MOGI DAS CRUZES,glp,34,50.0,45.0,58.7,36.99,59.0
2016-07,MUN,SP|MOGI GUACU,glp,14,50.0,50.0,53.5,48.0,55.0
2016-07,MUN,SP|MOGI MIRIM,glp,8,47.25,44.4,53.0,43.0,60.0
2016-07,MUN,SP|MONTE ALTO,glp,9,50.0,45.0,51.0,45.0,55.0
2016-07,MUN,SP|OLIMPIA,glp,7,40.0,40.0,45.0,40.0,45.0
2016-07,MUN,SP|OSASCO,glp,60,49.99,47.99,55.2,44.495,68.99
2016-07,MUN,SP|OURINHOS,glp,14,52.5,49.3,55.0,48.0,57.0
2016-07,MUN,SP|PARAGUACU PAULISTA,glp,11,60.0,55.0,60.0,55.0,60.0
2016-07,MUN,SP|PAULINIA,glp,13,45.0,44.0,50.0,44.0,53.0
2016-07,MUN,SP|PINDAMONHANGABA,glp,6,46.5,43.75,49.0,42.5,50.0
2016-07,MUN,SP|PIRACICABA,glp,20,50.0,50.0,55.5,45.0,60.0
2016-07,MUN,SP|PIRASSUNUNGA,glp,2,49.975,49.955,49.995,49.95,50.0
2016-07,MUN,SP|POA,glp,8,48.25,39.998,50.65,39.995,51.0
2016-07,MUN,SP|PORTO FERREIRA,glp,2,45.5,45.1,45.9,45.0,46.0
2016-07,MUN,SP|PRAIA GRANDE,glp,33,53.0,48.0,61.6,46.99,69.0
2016-07,MUN,SP|PRESIDENTE PRUDENTE,glp,24,55.0,40.1,59.63,38.0,60.0
2016-07,MUN,SP|PRESIDENTE VENCESLAU,glp,5,45.0,43.4,48.4,43.0,50.0
2016-07,MUN,SP|RIBEIRAO PIRES,glp,11,48.0,44.9,50.0,44.9,50.0
2016-07,MUN,SP|RIBEIRAO PRETO,glp,60,55.0,50.0,60.0,48.0,60.0
2016-07,MUN,SP|RIO CLARO,glp,6,45.0,40.0,51.0,40.0,52.0
2016-07,MUN,SP|SALTO,glp,10,47.0,43.7,51.4,41.0,55.0
2016-07,MUN,SP|SANTA BARBARA D'OESTE,glp,17,55.0,40.0,55.0,40.0,57.0
2016-07,MUN,SP|SANTA CRUZ DO RIO PARDO,glp,12,52.0,50.0,53.0,50.0,55.0
2016-07,MUN,SP|SANTO ANDRE,glp,31,49.99,44.9,59.99,39.99,63.0
2016-07,MUN,SP|SANTOS,glp,28,55.0,45.997,59.3,40.0,68.9
2016-07,MUN,SP|SAO BERNARDO DO CAMPO,glp,45,54.0,48.4,59.6,46.0,69.9
2016-07,MUN,SP|SAO CAETANO DO SUL,glp,5,59.99,51.99,63.0,47.99,65.0
2016-07,MUN,SP|SAO CARLOS,glp,19,54.9,51.9,58.8,48.0,63.0
2016-07,MUN,SP|SAO JOAO DA BOA VISTA,glp,7,55.0,55.0,55.0,55.0,55.0
2016-07,MUN,SP|SAO JOAQUIM DA BARRA,glp,6,40.0,40.0,45.0,40.0,50.0
2016-07,MUN,SP|SAO JOSE DO RIO PRETO,glp,29,50.0,45.0,55.0,44.5,55.0
2016-07,MUN,SP|SAO JOSE DOS CAMPOS,glp,25,50.0,45.4,55.0,38.0,58.0
2016-07,MUN,SP|SAO PAULO,glp,188,50.0,44.99,58.0,39.99,63.0
2016-07,MUN,SP|SAO ROQUE,glp,6,52.5,49.5,55.0,49.0,57.0
2016-07,MUN,SP|SAO VICENTE,glp,50,51.995,45.0,56.0,44.0,62.0
2016-07,MUN,SP|SERTAOZINHO,glp,19,50.0,45.0,50.4,45.0,52.0
2016-07,MUN,SP|SOROCABA,glp,19,50.0,47.78,55.0,45.0,55.0
2016-07,MUN,SP|SUMARE,glp,8,53.5,45.0,55.0,45.0,55.0
2016-07,MUN,SP|SUZANO,glp,11,53.0,49.99,59.0,44.99,59.0
2016-07,MUN,SP|TABOAO DA SERRA,glp,6,52.5,47.0,55.125,45.0,55.25
2016-07,MUN,SP|TATUI,glp,7,55.0,55.0,57.4,55.0,61.0
2016-07,MUN,SP|TAUBATE,glp,11,45.0,38.0,50.0,36.0,50.0
2016-07,MUN,SP|TUPA,glp,6,50.0,50.0,52.5,50.0,55.0
2016-07,MUN,SP|UBATUBA,glp,11,50.0,45.0,58.0,45.0,60.0
2016-07,MUN,SP|VALINHOS,glp,8,56.25,55.0,60.6,55.0,62.0
2016-07,MUN,SP|VARZEA PAULISTA,glp,7,42.0,39.0,46.0,39.0,46.0
2016-07,MUN,SP|VINHEDO,glp,4,59.25,59.0,60.55,59.0,61.0
2016-07,MUN,SP|VOTORANTIM,glp,17,50.0,44.2,53.0,43.0,55.0
2016-07,MUN,SP|VOTUPORANGA,glp,5,49.9,48.0,50.0,48.0,50.0
2016-07,MUN,TO|ARAGUAINA,glp,12,65.0,62.5,65.0,60.0,66.0
2016-07,MUN,TO|GURUPI,glp,34,65.0,65.0,65.0,60.0,68.0
2016-07,MUN,TO|MIRACEMA DO TOCANTINS,glp,1,70.0,70.0,70.0,70.0,70.0
2016-07,MUN,TO|PALMAS,glp,30,70.0,65.0,70.2,65.0,73.5
2016-07,MUN,TO|PARAISO DO TOCANTINS,glp,7,66.0,64.0,66.0,61.0,66.0
2016-07,MUN,TO|PORTO NACIONAL,glp,9,65.0,64.0,65.0,60.0,65.0
2016-07,UF,AC,glp,66,58.0,55.0,61.0,52.0,68.0
2016-07,UF,AL,glp,78,45.0,45.0,50.0,42.5,55.0
2016-07,UF,AM,glp,289,50.0,48.4,53.0,44.0,62.0
2016-07,UF,AP,glp,29,69.0,63.0,69.0,55.0,70.0
2016-07,UF,BA,glp,481,50.0,40.0,55.0,35.0,63.0
2016-07,UF,CE,glp,233,60.0,55.0,64.5,50.0,65.0
2016-07,UF,DF,glp,71,59.9,50.0,60.0,48.0,65.0
2016-07,UF,ES,glp,298,50.0,49.9,55.0,40.0,60.0
2016-07,UF,GO,glp,385,55.0,53.0,60.0,51.0,61.0
2016-07,UF,MA,glp,158,57.0,44.85,65.0,39.99,65.0
2016-07,UF,MG,glp,669,55.0,48.0,61.0,41.5,67.0
2016-07,UF,MS,glp,451,65.0,61.0,67.0,45.0,72.0
2016-07,UF,MT,glp,260,70.0,65.0,75.0,50.0,82.0
2016-07,UF,PA,glp,205,55.0,50.0,65.0,45.0,75.0
2016-07,UF,PB,glp,92,52.5,45.0,55.0,38.0,60.0
2016-07,UF,PE,glp,344,45.0,40.0,50.0,35.495,58.0
2016-07,UF,PI,glp,86,50.0,45.0,56.25,45.0,62.0
2016-07,UF,PR,glp,596,58.0,50.0,65.0,38.0,72.0
2016-07,UF,RJ,glp,296,50.0,40.0,56.0,36.0,62.0
2016-07,UF,RN,glp,113,55.0,50.0,55.8,50.0,60.0
2016-07,UF,RO,glp,102,55.0,52.0,64.95,49.0,73.0
2016-07,UF,RR,glp,29,58.0,57.0,60.0,56.0,62.0
2016-07,UF,RS,glp,549,55.0,48.0,62.0,39.9,68.0
2016-07,UF,SC,glp,153,55.0,48.0,60.0,43.0,69.0
2016-07,UF,SE,glp,44,55.0,45.0,55.0,38.0,57.0
2016-07,UF,SP,glp,1727,50.0,45.0,58.0,35.0,69.9
2016-07,UF,TO,glp,93,65.0,65.0,70.0,60.0,73.5
2016-08,BR,BR,glp,8215,55.0,45.0,65.0,35.0,82.0
2016-08,MUN,AC|CRUZEIRO DO SUL,glp,5,68.0,68.0,68.0,68.0,68.0
2016-08,MUN,AC|RIO BRANCO,glp,71,58.0,54.0,60.0,52.0,64.5
2016-08,MUN,AL|ARAPIRACA,glp,8,45.0,41.4,45.9,40.0,48.0
2016-08,MUN,AL|ATALAIA,glp,1,45.0,45.0,45.0,45.0,45.0
2016-08,MUN,AL|DELMIRO GOUVEIA,glp,2,55.0,55.0,55.0,55.0,55.0
2016-08,MUN,AL|MACEIO,glp,69,45.0,45.0,46.0,44.99,50.0
2016-08,MUN,AL|MARECHAL DEODORO,glp,6,45.0,45.0,45.0,45.0,45.0
2016-08,MUN,AL|PALMEIRA DOS INDIOS,glp,5,50.0,50.0,55.0,50.0,55.0
2016-08,MUN,AL|RIO LARGO,glp,2,42.5,40.5,44.5,40.0,45.0
2016-08,MUN,AL|SANTANA DO IPANEMA,glp,4,55.0,55.0,55.0,55.0,55.0
2016-08,MUN,AL|SAO JOSE DA LAJE,glp,1,45.0,45.0,45.0,45.0,45.0
2016-08,MUN,AM|HUMAITA,glp,3,58.0,55.6,59.6,55.0,60.0
2016-08,MUN,AM|ITACOATIARA,glp,13,55.0,55.0,60.0,55.0,60.0
2016-08,MUN,AM|MANACAPURU,glp,6,57.0,57.0,57.5,57.0,58.0
2016-08,MUN,AM|MANAUS,glp,283,50.0,48.0,52.0,44.0,62.0
2016-08,MUN,AM|PARINTINS,glp,3,51.0,51.0,51.8,51.0,52.0
2016-08,MUN,AM|TEFE,glp,2,61.5,61.1,61.9,61.0,62.0
2016-08,MUN,AP|CALCOENE,glp,1,67.0,67.0,67.0,67.0,67.0
2016-08,MUN,AP|LARANJAL DO JARI,glp,1,69.0,69.0,69.0,69.0,69.0
2016-08,MUN,AP|MACAPA,glp,19,69.0,62.4,69.2,55.0,70.0
2016-08,MUN,AP|SANTANA,glp,5,66.0,63.8,69.6,63.0,70.0
2016-08,MUN,BA|ALAGOINHAS,glp,3,50.0,50.0,56.4,50.0,58.0
2016-08,MUN,BA|BARREIRAS,glp,4,55.0,55.0,60.6,55.0,63.0
2016-08,MUN,BA|BRUMADO,glp,4,53.0,53.0,54.4,53.0,55.0
2016-08,MUN,BA|CAETITE,glp,6,45.0,41.5,45.0,40.0,45.0
2016-08,MUN,BA|CAMACARI,glp,10,42.5,40.0,55.0,40.0,55.0
2016-08,MUN,BA|CANDEIAS,glp,5,46.0,42.8,46.0,42.0,46.0
2016-08,MUN,BA|CENTRAL,glp,1,42.0,42.0,42.0,42.0,42.0
2016-08,MUN,BA|EUNAPOLIS,glp,6,55.0,52.5,55.0,50.0,55.0
2016-08,MUN,BA|FEIRA DE SANTANA,glp,11,49.9,47.5,52.65,43.5,53.0
2016-08,MUN,BA|GUANAMBI,glp,16,40.0,40.0,40.0,40.0,40.0
2016-08,MUN,BA|ILHEUS,glp,6,55.0,55.0,57.955,55.0,58.91
2016-08,MUN,BA|IPIRA,glp,2,45.0,41.0,49.0,40.0,50.0
2016-08,MUN,BA|IRECE,glp,6,45.5,42.0,49.0,42.0,50.0
2016-08,MUN,BA|ITABUNA,glp,8,54.0,50.5,55.3,47.0,56.0
2016-08,MUN,BA|ITAMARAJU,glp,5,53.0,50.8,54.2,50.0,55.0
2016-08,MUN,BA|JACOBINA,glp,4,53.0,53.0,53.0,53.0,53.0
2016-08,MUN,BA|JAGUAQUARA,glp,2,43.5,42.3,44.7,42.0,45.0
2016-08,MUN,BA|JEQUIE,glp,7,37.0,37.0,43.8,37.0,45.0
2016-08,MUN,BA|JUAZEIRO,glp,6,45.0,43.5,45.0,42.0,45.0
2016-08,MUN,BA|LAURO DE FREITAS,glp,12,50.0,47.3,54.7,45.0,55.0
2016-08,MUN,BA|LIVRAMENTO DE NOSSA SENHORA,glp,3,40.0,38.4,44.0,38.0,45.0
2016-08,MUN,BA|PAULO AFONSO,glp,5,55.0,53.8,56.2,53.0,57.0
2016-08,MUN,BA|POCOES,glp,3,45.0,45.0,45.0,45.0,45.0
2016-08,MUN,BA|PORTO SEGURO,glp,9,48.0,45.8,60.0,45.0,60.0
2016-08,MUN,BA|SALVADOR,glp,228,50.0,40.0,55.0,35.0,60.0
2016-08,MUN,BA|SANTANOPOLIS,glp,1,53.0,53.0,53.0,53.0,53.0
2016-08,MUN,BA|SANTO ANTONIO DE JESUS,glp,7,45.0,45.0,48.0,45.0,48.0
2016-08,MUN,BA|SENHOR DO BONFIM,glp,4,50.0,43.0,50.0,40.0,50.0
2016-08,MUN,BA|SERRINHA,glp,5,40.0,38.8,45.0,38.0,45.0
2016-08,MUN,BA|SIMOES FILHO,glp,6,50.0,46.0,55.0,42.0,55.0
2016-08,MUN,BA|TEIXEIRA DE FREITAS,glp,9,45.0,44.6,58.0,43.0,58.0
2016-08,MUN,BA|VALENCA,glp,4,56.5,55.0,58.0,55.0,58.0
2016-08,MUN,BA|VARZEDO,glp,1,45.0,45.0,45.0,45.0,45.0
2016-08,MUN,BA|VITORIA DA CONQUISTA,glp,13,45.0,45.0,47.8,45.0,50.0
2016-08,MUN,CE|BEBERIBE,glp,5,61.0,60.0,63.0,60.0,64.0
2016-08,MUN,CE|CANINDE,glp,5,52.0,50.8,53.8,50.0,55.0
2016-08,MUN,CE|CAUCAIA,glp,26,62.0,60.0,64.0,60.0,65.0
2016-08,MUN,CE|CRATEUS,glp,5,60.0,53.2,60.6,52.0,61.0
2016-08,MUN,CE|CRATO,glp,16,55.0,54.5,58.0,52.0,60.0
2016-08,MUN,CE|FORTALEZA,glp,135,62.0,60.0,64.0,60.0,65.0
2016-08,MUN,CE|ICO,glp,5,55.0,50.8,55.0,50.0,55.0
2016-08,MUN,CE|IGUATU,glp,5,52.0,50.4,52.0,50.0,52.0
2016-08,MUN,CE|IPU,glp,3,56.0,55.2,59.2,55.0,60.0
2016-08,MUN,CE|ITAPIPOCA,glp,6,55.0,52.0,58.0,52.0,58.0
2016-08,MUN,CE|JUAZEIRO DO NORTE,glp,10,56.0,54.7,58.0,52.0,58.0
2016-08,MUN,CE|LIMOEIRO DO NORTE,glp,6,58.5,55.0,60.5,55.0,61.0
2016-08,MUN,CE|MARACANAU,glp,11,64.0,62.0,64.0,60.0,64.5
2016-08,MUN,CE|MISSAO VELHA,glp,1,53.5,53.5,53.5,53.5,53.5
2016-08,MUN,CE|MORADA NOVA,glp,3,55.0,52.6,57.4,52.0,58.0
2016-08,MUN,CE|QUIXADA,glp,6,55.0,52.5,55.0,52.0,55.0
2016-08,MUN,CE|SOBRAL,glp,7,57.0,55.0,60.4,55.0,61.0
2016-08,MUN,DF|BRASILIA,glp,72,58.972,50.0,60.0,45.0,65.0
2016-08,MUN,ES|ARACRUZ,glp,7,50.0,47.994,53.8,45.0,55.0
2016-08,MUN,ES|BARRA DE SAO FRANCISCO,glp,4,57.0,57.0,59.1,57.0,60.0
2016-08,MUN,ES|CACHOEIRO DE ITAPEMIRIM,glp,17,50.0,49.96,55.0,48.0,55.0
2016-08,MUN,ES|CARIACICA,glp,71,50.0,49.9,52.0,48.0,55.0
2016-08,MUN,ES|COLATINA,glp,8,50.0,48.0,52.9,48.0,55.0
2016-08,MUN,ES|GUARAPARI,glp,20,52.0,49.71,55.0,48.0,55.0
2016-08,MUN,ES|ITAPEMIRIM,glp,3,53.0,50.52,57.0,49.9,58.0
2016-08,MUN,ES|LINHARES,glp,16,50.0,46.5,55.0,45.0,60.0
2016-08,MUN,ES|MARATAIZES,glp,1,50.0,50.0,50.0,50.0,50.0
2016-08,MUN,ES|SAO MATEUS,glp,6,46.0,43.0,51.5,41.0,55.0
2016-08,MUN,ES|SERRA,glp,139,50.0,49.9,52.0,45.0,55.0
2016-08,MUN,ES|VILA VELHA,glp,34,50.0,49.27,52.0,45.0,55.0
2016-08,MUN,ES|VITORIA,glp,25,50.0,49.994,55.0,48.0,55.0
2016-08,MUN,GO|AGUAS LINDAS DE GOIAS,glp,14,56.0,55.0,58.4,55.0,60.0
2016-08,MUN,GO|ANAPOLIS,glp,58,53.0,52.0,54.0,51.0,54.0
2016-08,MUN,GO|APARECIDA DE GOIANIA,glp,53,55.0,54.0,56.0,53.0,57.0
2016-08,MUN,GO|CALDAS NOVAS,glp,12,58.0,56.2,60.0,56.0,60.0
2016-08,MUN,GO|CATALAO,glp,10,55.0,54.9,56.0,54.0,56.0
2016-08,MUN,GO|FORMOSA,glp,11,57.0,55.0,57.0,54.0,57.0
2016-08,MUN,GO|GOIANIA,glp,109,55.0,55.0,58.0,54.0,60.0
2016-08,MUN,GO|GOIATUBA,glp,4,56.0,56.0,56.7,56.0,57.0
2016-08,MUN,GO|ITUMBIARA,glp,8,60.0,59.4,60.0,58.0,60.0
2016-08,MUN,GO|JATAI,glp,20,60.0,60.0,61.0,60.0,61.0
2016-08,MUN,GO|LUZIANIA,glp,21,55.0,55.0,57.0,53.0,58.0
2016-08,MUN,GO|MINEIROS,glp,8,60.0,60.0,60.0,60.0,60.0
2016-08,MUN,GO|MORRINHOS,glp,8,55.5,55.0,57.0,55.0,57.0
2016-08,MUN,GO|PORANGATU,glp,24,55.0,55.0,56.0,54.0,56.0
2016-08,MUN,GO|RIO VERDE,glp,17,58.0,56.0,60.0,56.0,60.0
2016-08,MUN,GO|TRINDADE,glp,31,55.0,54.0,55.0,52.0,56.0
2016-08,MUN,GO|VALPARAISO DE GOIAS,glp,16,55.0,55.0,57.0,55.0,57.0
2016-08,MUN,MA|ACAILANDIA,glp,3,60.0,60.0,60.0,60.0,60.0
2016-08,MUN,MA|BACABAL,glp,6,58.0,57.0,58.0,57.0,58.0
2016-08,MUN,MA|BALSAS,glp,6,65.0,62.5,65.0,60.0,65.0
2016-08,MUN,MA|BARRA DO CORDA,glp,5,58.0,57.0,60.0,57.0,60.0
2016-08,MUN,MA|CAXIAS,glp,1,65.0,65.0,65.0,65.0,65.0
2016-08,MUN,MA|CODO,glp,2,60.0,60.0,60.0,60.0,60.0
2016-08,MUN,MA|IMPERATRIZ,glp,53,50.0,50.0,60.0,50.0,60.0
2016-08,MUN,MA|PINHEIRO,glp,3,65.0,63.4,65.0,63.0,65.0
2016-08,MUN,MA|PRESIDENTE DUTRA,glp,4,60.0,60.0,60.0,60.0,60.0
2016-08,MUN,MA|SANTA INES,glp,3,62.0,62.0,62.0,62.0,62.0
2016-08,MUN,MA|SAO DOMINGOS DO MARANHAO,glp,1,55.0,55.0,55.0,55.0,55.0
2016-08,MUN,MA|SAO JOSE DE RIBAMAR,glp,12,45.0,40.0,45.0,40.0,45.0
2016-08,MUN,MA|SAO LUIS,glp,66,45.0,42.5,45.0,39.99,46.5
2016-08,MUN,MA|SAO VICENTE FERRER,glp,1,60.0,60.0,60.0,60.0,60.0
2016-08,MUN,MA|TIMON,glp,4,50.0,50.0,51.75,50.0,52.5
2016-08,MUN,MG|ALFENAS,glp,9,48.0,45.0,50.0,45.0,50.0
2016-08,MUN,MG|ARAGUARI,glp,7,55.0,52.4,56.2,50.0,58.0
2016-08,MUN,MG|ARAXA,glp,4,54.95,51.47,58.5,50.0,60.0
2016-08,MUN,MG|BARBACENA,glp,12,50.0,50.0,54.8,50.0,60.0
2016-08,MUN,MG|BELO HORIZONTE,glp,42,55.0,48.1,61.8,45.0,67.0
2016-08,MUN,MG|BETIM,glp,11,57.0,50.0,60.0,50.0,65.0
2016-08,MUN,MG|BOM DESPACHO,glp,4,59.95,59.27,61.4,59.0,62.0
2016-08,MUN,MG|CAMPO BELO,glp,7,49.0,44.5,49.4,43.0,50.0
2016-08,MUN,MG|CARATINGA,glp,2,50.0,48.4,51.6,48.0,52.0
2016-08,MUN,MG|CATAGUASES,glp,5,55.0,52.0,57.0,50.0,57.0
2016-08,MUN,MG|CONGONHAS,glp,6,55.0,52.5,55.0,50.0,55.0
2016-08,MUN,MG|CONSELHEIRO LAFAIETE,glp,8,50.0,50.0,50.0,50.0,50.0
2016-08,MUN,MG|CONTAGEM,glp,17,56.0,50.0,60.8,44.0,65.0
2016-08,MUN,MG|CORONEL FABRICIANO,glp,5,60.0,55.8,60.0,53.0,60.0
2016-08,MUN,MG|CURVELO,glp,5,50.0,47.0,51.2,45.0,52.0
2016-08,MUN,MG|DIAMANTINA,glp,3,61.0,60.2,63.4,60.0,64.0
2016-08,MUN,MG|DIVINOPOLIS,glp,17,53.0,49.2,58.0,48.0,59.0
2016-08,MUN,MG|FORMIGA,glp,10,50.5,49.7,53.0,47.0,53.0
2016-08,MUN,MG|FRUTAL,glp,6,47.95,45.5,49.0,45.0,50.0
2016-08,MUN,MG|GOVERNADOR VALADARES,glp,8,51.5,49.97,54.3,49.9,55.0
2016-08,MUN,MG|GUAXUPE,glp,5,50.0,50.0,54.96,50.0,55.0
2016-08,MUN,MG|IPATINGA,glp,16,55.0,51.0,56.5,48.0,58.0
2016-08,MUN,MG|ITABIRA,glp,5,64.0,62.8,65.0,62.0,65.0
2016-08,MUN,MG|ITAJUBA,glp,7,50.0,48.0,53.16,48.0,54.9
2016-08,MUN,MG|ITAUNA,glp,8,49.5,48.0,55.0,48.0,55.0
2016-08,MUN,MG|ITUIUTABA,glp,19,55.0,52.4,58.0,50.0,58.0
2016-08,MUN,MG|JANAUBA,glp,2,50.0,50.0,50.0,50.0,50.0
2016-08,MUN,MG|JANUARIA,glp,6,56.0,54.0,57.0,53.0,58.0
2016-08,MUN,MG|JOAO MONLEVADE,glp,7,50.0,46.8,50.8,45.0,52.0
2016-08,MUN,MG|JOAO PINHEIRO,glp,11,45.0,44.9,55.0,39.9,60.0
2016-08,MUN,MG|JUIZ DE FORA,glp,38,55.0,50.0,62.3,48.0,65.0
2016-08,MUN,MG|LAVRAS,glp,8,53.0,48.5,55.9,45.0,58.0
2016-08,MUN,MG|LEOPOLDINA,glp,7,57.0,55.0,58.8,52.0,60.0
2016-08,MUN,MG|MANHUACU,glp,6,47.5,47.0,48.0,47.0,48.0
2016-08,MUN,MG|MONTE CARMELO,glp,9,50.0,50.0,55.0,50.0,55.0
2016-08,MUN,MG|MONTES CLAROS,glp,65,61.0,60.0,62.0,60.0,62.0
2016-08,MUN,MG|MURIAE,glp,5,55.0,52.0,60.0,50.0,60.0
2016-08,MUN,MG|NOVA LIMA,glp,5,60.0,51.16,65.0,50.0,65.0
2016-08,MUN,MG|OLIVEIRA,glp,4,43.5,42.0,45.105,42.0,45.15
2016-08,MUN,MG|OURO PRETO,glp,4,60.5,56.5,61.0,55.0,61.0
2016-08,MUN,MG|PARA DE MINAS,glp,3,57.5,55.5,58.62,55.0,58.9
2016-08,MUN,MG|PARACATU,glp,9,55.0,54.0,60.0,50.0,60.0
2016-08,MUN,MG|PASSOS,glp,16,55.0,50.0,58.0,50.0,63.0
2016-08,MUN,MG|PATOS DE MINAS,glp,7,45.0,45.0,54.0,45.0,57.0
2016-08,MUN,MG|PATROCINIO,glp,3,50.0,50.0,50.0,50.0,50.0
2016-08,MUN,MG|POCOS DE CALDAS,glp,18,49.993,49.0,50.6,45.0,52.0
2016-08,MUN,MG|POUSO ALEGRE,glp,6,50.0,47.0,52.5,46.0,55.0
2016-08,MUN,MG|RIBEIRAO DAS NEVES,glp,12,55.0,48.0,65.0,47.0,65.0
2016-08,MUN,MG|SABARA,glp,8,54.5,53.0,57.9,53.0,60.0
2016-08,MUN,MG|SANTA LUZIA,glp,10,59.3,55.0,65.0,55.0,65.0
2016-08,MUN,MG|SAO JOAO DEL REI,glp,15,55.0,54.0,56.8,50.0,58.0
2016-08,MUN,MG|SAO LOURENCO,glp,3,58.0,51.6,59.6,50.0,60.0
2016-08,MUN,MG|SAO SEBASTIAO DO PARAISO,glp,17,50.0,50.0,55.0,45.0,55.0
2016-08,MUN,MG|SETE LAGOAS,glp,18,51.0,47.7,58.0,45.0,65.0
2016-08,MUN,MG|TEOFILO OTONI,glp,17,52.0,49.4,55.0,45.0,55.0
2016-08,MUN,MG|TIMOTEO,glp,5,55.0,52.0,57.6,50.0,58.0
2016-08,MUN,MG|TRES CORACOES,glp,8,50.0,47.0,55.0,47.0,55.0
2016-08,MUN,MG|UBA,glp,12,65.0,60.0,65.0,58.0,65.0
2016-08,MUN,MG|UBERABA,glp,12,55.0,50.5,55.0,50.0,60.0
2016-08,MUN,MG|UBERLANDIA,glp,25,57.0,55.0,60.0,55.0,62.0
2016-08,MUN,MG|UNAI,glp,6,65.0,65.0,65.0,65.0,65.0
2016-08,MUN,MG|VARGINHA,glp,13,50.0,50.0,52.4,48.0,54.0
2016-08,MUN,MG|VESPASIANO,glp,10,61.0,59.8,65.0,58.0,65.0
2016-08,MUN,MG|VICOSA,glp,3,58.9,51.78,59.78,50.0,60.0
2016-08,MUN,MS|BATAYPORA,glp,1,65.0,65.0,65.0,65.0,65.0
2016-08,MUN,MS|CAMPO GRANDE,glp,465,66.0,64.0,67.0,55.0,69.0
2016-08,MUN,MS|CORUMBA,glp,7,65.0,60.0,65.0,60.0,65.0
2016-08,MUN,MS|COXIM,glp,6,69.0,67.5,71.0,67.0,72.0
2016-08,MUN,MS|DOURADOS,glp,32,65.0,57.0,67.8,54.9,69.9
2016-08,MUN,MS|NOVA ANDRADINA,glp,9,65.0,60.0,65.0,60.0,65.0
2016-08,MUN,MS|PARANAIBA,glp,10,60.0,59.5,65.0,55.0,65.0
2016-08,MUN,MS|PONTA PORA,glp,2,54.5,54.1,54.9,54.0,55.0
2016-08,MUN,MS|TRES LAGOAS,glp,7,50.0,48.0,50.0,45.0,50.0
2016-08,MUN,MT|ALTA FLORESTA,glp,6,75.0,72.5,75.0,70.0,75.0
2016-08,MUN,MT|CACERES,glp,10,60.0,54.8,65.2,53.0,67.0
2016-08,MUN,MT|CUIABA,glp,157,70.0,65.0,75.0,63.0,80.0
2016-08,MUN,MT|RONDONOPOLIS,glp,15,70.0,70.0,74.6,65.0,76.0
2016-08,MUN,MT|SINOP,glp,18,75.0,69.7,76.5,65.0,80.0
2016-08,MUN,MT|SORRISO,glp,10,80.0,77.7,82.0,75.0,82.0
2016-08,MUN,MT|VARZEA GRANDE,glp,41,70.0,68.0,75.0,63.0,75.0
2016-08,MUN,PA|ABAETETUBA,glp,6,50.5,50.0,55.5,50.0,56.0
2016-08,MUN,PA|ALENQUER,glp,4,60.0,56.5,60.0,55.0,60.0
2016-08,MUN,PA|ALTAMIRA,glp,8,65.0,65.0,65.0,65.0,65.0
2016-08,MUN,PA|ANANINDEUA,glp,25,55.0,50.0,59.2,50.0,60.0
2016-08,MUN,PA|BELEM,glp,75,55.0,50.0,58.0,45.0,58.0
2016-08,MUN,PA|BRAGANCA,glp,6,60.0,59.0,60.0,58.0,60.0
2016-08,MUN,PA|CAMETA,glp,6,55.0,55.0,60.0,55.0,65.0
2016-08,MUN,PA|CASTANHAL,glp,5,55.0,55.0,58.0,55.0,60.0
2016-08,MUN,PA|CONCEICAO DO ARAGUAIA,glp,6,65.0,62.5,65.0,60.0,65.0
2016-08,MUN,PA|ITAITUBA,glp,5,65.0,60.0,71.0,60.0,75.0
2016-08,MUN,PA|MARABA,glp,7,65.0,63.0,66.7,60.0,67.0
2016-08,MUN,PA|PARAGOMINAS,glp,4,70.0,70.0,70.0,70.0,70.0
2016-08,MUN,PA|PARAUAPEBAS,glp,3,65.0,61.0,65.8,60.0,66.0
2016-08,MUN,PA|REDENCAO,glp,7,70.0,68.0,70.0,68.0,70.0
2016-08,MUN,PA|SANTAREM,glp,26,55.0,54.5,56.5,50.0,57.0
2016-08,MUN,PA|XINGUARA,glp,5,68.0,65.0,68.0,65.0,68.0
2016-08,MUN,PB|BAYEUX,glp,5,50.0,47.0,55.0,45.0,55.0
2016-08,MUN,PB|CABEDELO,glp,8,55.0,52.1,55.0,50.0,55.0
2016-08,MUN,PB|CAMPINA GRANDE,glp,34,52.5,50.0,55.0,45.0,60.0
2016-08,MUN,PB|JOAO PESSOA,glp,25,55.0,50.0,55.0,45.0,55.0
2016-08,MUN,PB|PATOS,glp,3,40.0,38.4,41.6,38.0,42.0
2016-08,MUN,PB|PIANCO,glp,1,55.0,55.0,55.0,55.0,55.0
2016-08,MUN,PB|SANTA RITA,glp,7,47.0,44.2,47.0,43.0,47.0
2016-08,MUN,PB|SOUSA,glp,4,41.0,40.0,43.4,40.0,44.0
2016-08,MUN,PE|ABREU E LIMA,glp,9,45.0,41.6,47.0,40.0,55.0
2016-08,MUN,PE|ARARIPINA,glp,3,50.0,50.0,56.4,50.0,58.0
2016-08,MUN,PE|ARCOVERDE,glp,3,50.0,50.0,54.0,50.0,55.0
2016-08,MUN,PE|BELO JARDIM,glp,3,45.0,41.0,49.0,40.0,50.0
2016-08,MUN,PE|CABO DE SANTO AGOSTINHO,glp,12,45.0,42.1,50.0,40.0,50.0
2016-08,MUN,PE|CACHOEIRINHA,glp,1,40.0,40.0,40.0,40.0,40.0
2016-08,MUN,PE|CAMARAGIBE,glp,15,45.0,42.0,48.0,40.0,50.0
2016-08,MUN,PE|CARUARU,glp,14,42.0,40.0,45.7,40.0,47.0
2016-08,MUN,PE|GARANHUNS,glp,7,45.0,42.0,45.0,37.5,45.0
2016-08,MUN,PE|GOIANA,glp,2,50.0,50.0,50.0,50.0,50.0
2016-08,MUN,PE|GRAVATA,glp,5,45.0,42.0,45.0,40.0,45.0
2016-08,MUN,PE|IGARASSU,glp,22,45.0,44.991,50.0,43.0,55.0
2016-08,MUN,PE|JABOATAO DOS GUARARAPES,glp,47,45.0,40.0,48.8,39.99,50.0
2016-08,MUN,PE|LAJEDO,glp,4,47.5,41.5,50.0,40.0,50.0
2016-08,MUN,PE|OLINDA,glp,35,40.0,39.0,46.5,35.0,55.0
2016-08,MUN,PE|PAULISTA,glp,13,45.0,41.0,55.0,40.0,55.0
2016-08,MUN,PE|PETROLINA,glp,13,45.0,41.0,45.0,39.0,45.0
2016-08,MUN,PE|RECIFE,glp,101,45.0,40.0,47.5,39.995,50.0
2016-08,MUN,PE|SALGUEIRO,glp,3,58.0,58.0,58.0,58.0,58.0
2016-08,MUN,PE|SANTA CRUZ DO CAPIBARIBE,glp,5,45.0,42.0,45.0,40.0,45.0
2016-08,MUN,PE|SERRA TALHADA,glp,3,58.0,55.6,58.0,55.0,58.0
2016-08,MUN,PE|VITORIA DE SANTO ANTAO,glp,10,45.0,44.5,50.0,40.0,50.0
2016-08,MUN,PI|CAMPO MAIOR,glp,4,62.0,62.0,62.0,62.0,62.0
2016-08,MUN,PI|PARNAIBA,glp,3,55.0,55.0,55.0,55.0,55.0
2016-08,MUN,PI|PICOS,glp,3,55.0,51.8,55.0,51.0,55.0
2016-08,MUN,PI|PIRIPIRI,glp,4,62.0,60.6,62.0,60.0,62.0
2016-08,MUN,PI|TERESINA,glp,66,55.0,50.0,55.0,47.49,55.0
2016-08,MUN,PR|ALMIRANTE TAMANDARE,glp,1,55.0,55.0,55.0,55.0,55.0
2016-08,MUN,PR|APUCARANA,glp,18,55.0,49.05,55.0,47.0,60.0
2016-08,MUN,PR|ARAPONGAS,glp,17,50.0,49.9,60.0,45.0,65.0
2016-08,MUN,PR|ARAUCARIA,glp,13,50.0,50.0,54.4,50.0,62.0
2016-08,MUN,PR|ASSIS CHATEAUBRIAND,glp,6,60.0,56.5,61.0,53.0,62.0
2016-08,MUN,PR|CAMBE,glp,15,55.0,52.8,60.0,50.0,60.0
2016-08,MUN,PR|CAMPO LARGO,glp,15,50.0,50.0,55.0,48.0,58.0
2016-08,MUN,PR|CAMPO MOURAO,glp,12,64.0,60.0,67.7,60.0,68.0
2016-08,MUN,PR|CASCAVEL,glp,68,65.0,64.85,66.0,64.0,67.0
2016-08,MUN,PR|CASTRO,glp,6,63.5,61.5,66.5,60.0,68.0
2016-08,MUN,PR|CIANORTE,glp,19,65.0,59.0,66.0,55.0,70.0
2016-08,MUN,PR|COLOMBO,glp,23,50.0,48.0,55.0,43.9,59.0
2016-08,MUN,PR|CORNELIO PROCOPIO,glp,3,60.0,56.0,60.0,55.0,60.0
2016-08,MUN,PR|CURITIBA,glp,54,55.0,50.0,59.7,49.9,60.0
2016-08,MUN,PR|CURIUVA,glp,1,55.0,55.0,55.0,55.0,55.0
2016-08,MUN,PR|FOZ DO IGUACU,glp,19,53.0,50.0,57.0,48.0,62.0
2016-08,MUN,PR|FRANCISCO BELTRAO,glp,6,55.0,47.5,55.5,40.0,56.0
2016-08,MUN,PR|GUARAPUAVA,glp,12,59.5,55.0,67.4,55.0,68.0
2016-08,MUN,PR|JESUITAS,glp,1,53.0,53.0,53.0,53.0,53.0
2016-08,MUN,PR|LARANJEIRAS DO SUL,glp,8,60.0,59.7,61.5,59.0,65.0
2016-08,MUN,PR|LONDRINA,glp,98,58.0,55.0,60.0,50.0,65.0
2016-08,MUN,PR|MARECHAL CANDIDO RONDON,glp,5,59.0,53.14,63.0,49.9,65.0
2016-08,MUN,PR|MARINGA,glp,35,65.0,60.0,65.0,60.0,65.0
2016-08,MUN,PR|PARANAGUA,glp,8,46.0,42.9,50.0,38.0,50.0
2016-08,MUN,PR|PARANAVAI,glp,11,63.0,60.0,63.0,58.0,65.0
2016-08,MUN,PR|PATO BRANCO,glp,13,65.0,60.6,68.2,60.0,72.0
2016-08,MUN,PR|PINHAIS,glp,16,54.5,49.0,56.5,48.0,57.0
2016-08,MUN,PR|PONTA GROSSA,glp,15,55.0,51.2,58.6,50.0,60.0
2016-08,MUN,PR|RAMILANDIA,glp,1,53.0,53.0,53.0,53.0,53.0
2016-08,MUN,PR|SANTO ANTONIO DA PLATINA,glp,14,53.0,50.0,55.97,47.9,57.0
2016-08,MUN,PR|SAO JOSE DOS PINHAIS,glp,17,53.0,49.0,56.2,47.0,59.9
2016-08,MUN,PR|TERRA BOA,glp,1,65.0,65.0,65.0,65.0,65.0
2016-08,MUN,PR|TOLEDO,glp,19,60.0,58.6,65.0,53.0,70.0
2016-08,MUN,PR|UMUARAMA,glp,14,64.0,63.3,65.0,61.0,65.0
2016-08,MUN,PR|UNIAO DA VITORIA,glp,4,60.0,59.93,60.0,59.9,60.0
2016-08,MUN,RJ|ANGRA DOS REIS,glp,5,55.0,52.36,55.0,52.0,55.0
2016-08,MUN,RJ|ARARUAMA,glp,6,44.995,40.0,46.995,40.0,48.99
2016-08,MUN,RJ|BARRA DO PIRAI,glp,3,51.9,50.38,58.38,50.0,60.0
2016-08,MUN,RJ|BARRA MANSA,glp,13,53.0,50.0,58.8,49.0,60.0
2016-08,MUN,RJ|BELFORD ROXO,glp,6,51.5,47.5,53.5,47.0,54.0
2016-08,MUN,RJ|CABO FRIO,glp,4,45.0,41.5,48.5,40.0,50.0
2016-08,MUN,RJ|CAMPOS DOS GOYTACAZES,glp,21,50.0,50.0,60.0,45.0,60.0
2016-08,MUN,RJ|DUQUE DE CAXIAS,glp,28,50.0,40.0,55.0,38.0,56.0
2016-08,MUN,RJ|ITABORAI,glp,5,50.0,47.0,50.0,45.0,50.0
2016-08,MUN,RJ|ITAGUAI,glp,3,48.9,45.78,48.9,45.0,48.9
2016-08,MUN,RJ|ITAPERUNA,glp,4,47.5,45.0,50.0,45.0,50.0
2016-08,MUN,RJ|MACAE,glp,4,50.0,43.0,53.5,40.0,55.0
2016-08,MUN,RJ|MAGE,glp,5,40.0,40.0,45.2,40.0,46.0
2016-08,MUN,RJ|MANGARATIBA,glp,2,49.95,49.91,49.99,49.9,50.0
2016-08,MUN,RJ|MARICA,glp,3,50.0,50.0,50.0,50.0,50.0
2016-08,MUN,RJ|NILOPOLIS,glp,4,55.0,52.9,55.0,52.0,55.0
2016-08,MUN,RJ|NITEROI,glp,7,47.0,40.0,50.0,40.0,50.0
2016-08,MUN,RJ|NOVA FRIBURGO,glp,5,60.0,60.0,62.0,60.0,62.0
2016-08,MUN,RJ|NOVA IGUACU,glp,19,50.0,44.598,55.0,42.0,55.0
2016-08,MUN,RJ|PARATY,glp,2,55.0,55.0,55.0,55.0,55.0
2016-08,MUN,RJ|PETROPOLIS,glp,7,50.9,49.9,60.0,49.9,60.0
2016-08,MUN,RJ|RESENDE,glp,6,50.0,40.495,52.5,39.99,55.0
2016-08,MUN,RJ|RIO BONITO,glp,4,42.0,42.0,44.1,42.0,45.0
2016-08,MUN,RJ|RIO DAS OSTRAS,glp,1,57.0,57.0,57.0,57.0,57.0
2016-08,MUN,RJ|RIO DE JANEIRO,glp,73,50.0,40.6,56.0,37.99,61.9
2016-08,MUN,RJ|SANTO ANTONIO DE PADUA,glp,2,37.0,37.0,37.0,37.0,37.0
2016-08,MUN,RJ|SAO FRANCISCO DE ITABAPOANA,glp,2,57.5,55.5,59.5,55.0,60.0
2016-08,MUN,RJ|SAO GONCALO,glp,15,43.0,40.0,48.6,40.0,50.0
2016-08,MUN,RJ|SAO JOAO DE MERITI,glp,8,50.0,42.093,50.0,40.0,50.0
2016-08,MUN,RJ|SAPUCAIA,glp,2,50.0,46.0,54.0,45.0,55.0
2016-08,MUN,RJ|SAQUAREMA,glp,5,38.0,37.4,40.0,37.0,40.0
2016-08,MUN,RJ|TERESOPOLIS,glp,7,50.0,50.0,55.8,50.0,57.0
2016-08,MUN,RJ|TRES RIOS,glp,2,46.0,45.2,46.8,45.0,47.0
2016-08,MUN,RJ|VALENCA,glp,4,57.0,56.0,59.4,56.0,60.0
2016-08,MUN,RJ|VASSOURAS,glp,2,55.0,55.0,55.0,55.0,55.0
2016-08,MUN,RJ|VOLTA REDONDA,glp,10,54.0,51.8,55.0,50.0,55.0
2016-08,MUN,RN|CAICO,glp,5,55.0,53.2,59.2,52.0,60.0
2016-08,MUN,RN|MOSSORO,glp,14,53.75,51.3,55.7,50.0,58.0
2016-08,MUN,RN|NATAL,glp,65,53.5,50.0,56.8,47.0,58.0
2016-08,MUN,RN|PARNAMIRIM,glp,21,52.0,51.0,57.5,51.0,60.0
2016-08,MUN,RN|SANTA CRUZ,glp,1,57.0,57.0,57.0,57.0,57.0
2016-08,MUN,RN|SAO JOSE DE MIPIBU,glp,4,55.0,55.0,58.5,55.0,60.0
2016-08,MUN,RO|ARIQUEMES,glp,4,60.0,60.0,61.4,60.0,62.0
2016-08,MUN,RO|CACOAL,glp,4,65.0,65.0,65.0,65.0,65.0
2016-08,MUN,RO|GUAJARA-MIRIM,glp,4,60.0,58.6,60.0,58.0,60.0
2016-08,MUN,RO|JI-PARANA,glp,16,60.0,60.0,66.0,58.0,70.0
2016-08,MUN,RO|PIMENTA BUENO,glp,4,63.0,63.0,63.0,63.0,63.0
2016-08,MUN,RO|PORTO VELHO,glp,78,55.0,51.7,57.15,49.0,60.0
2016-08,MUN,RO|VILHENA,glp,8,64.0,63.0,65.6,63.0,67.0
2016-08,MUN,RR|BOA VISTA,glp,30,58.0,57.0,60.0,56.0,62.0
2016-08,MUN,RS|ALEGRETE,glp,7,49.0,44.6,52.0,44.0,52.0
2016-08,MUN,RS|ALVORADA,glp,11,55.0,50.0,60.0,50.0,60.0
2016-08,MUN,RS|BAGE,glp,24,62.0,60.6,64.4,60.0,66.0
2016-08,MUN,RS|BENTO GONCALVES,glp,5,62.0,60.8,68.0,60.0,68.0
2016-08,MUN,RS|CACAPAVA DO SUL,glp,7,58.0,58.0,58.0,58.0,58.0
2016-08,MUN,RS|CACHOEIRA DO SUL,glp,11,45.0,40.0,52.0,39.9,54.0
2016-08,MUN,RS|CACHOEIRINHA,glp,9,50.0,50.0,55.8,50.0,59.0
2016-08,MUN,RS|CANOAS,glp,22,50.5,45.1,55.0,45.0,58.0
2016-08,MUN,RS|CAXIAS DO SUL,glp,48,53.5,49.63,57.93,45.0,60.0
2016-08,MUN,RS|CRUZ ALTA,glp,2,45.0,45.0,45.0,45.0,45.0
2016-08,MUN,RS|ERECHIM,glp,6,57.0,57.0,57.5,57.0,58.0
2016-08,MUN,RS|ESTEIO,glp,13,56.0,52.2,58.0,50.0,58.0
2016-08,MUN,RS|GRAMADO,glp,6,56.0,53.75,58.5,52.5,60.0
2016-08,MUN,RS|GRAVATAI,glp,14,50.0,48.45,55.0,45.0,56.0
2016-08,MUN,RS|GUAIBA,glp,6,53.5,48.95,55.5,48.0,56.0
2016-08,MUN,RS|GUARANI DAS MISSOES,glp,1,50.0,50.0,50.0,50.0,50.0
2016-08,MUN,RS|IJUI,glp,6,53.5,49.0,58.0,48.0,60.0
2016-08,MUN,RS|LAJEADO,glp,13,50.0,48.0,54.8,46.0,56.0
2016-08,MUN,RS|NOVO HAMBURGO,glp,18,50.0,45.0,54.0,45.0,58.0
2016-08,MUN,RS|OSORIO,glp,6,63.5,57.5,66.5,55.0,68.0
2016-08,MUN,RS|PALMEIRA DAS MISSOES,glp,7,55.0,55.0,59.4,55.0,60.0
2016-08,MUN,RS|PASSO FUNDO,glp,37,50.0,47.0,53.8,45.0,57.0
2016-08,MUN,RS|PELOTAS,glp,22,52.0,45.4,55.0,42.0,58.0
2016-08,MUN,RS|PORTAO,glp,1,49.0,49.0,49.0,49.0,49.0
2016-08,MUN,RS|PORTO ALEGRE,glp,37,59.0,50.0,63.36,49.0,67.0
2016-08,MUN,RS|RIO GRANDE,glp,21,48.0,45.0,50.0,45.0,50.0
2016-08,MUN,RS|SANTA CRUZ DO SUL,glp,18,53.0,51.4,54.6,47.9,59.0
2016-08,MUN,RS|SANTA MARIA,glp,77,59.0,53.2,62.0,48.0,65.0
2016-08,MUN,RS|SANTA ROSA,glp,6,55.0,52.75,61.0,52.0,62.0
2016-08,MUN,RS|SANTANA DO LIVRAMENTO,glp,14,55.0,55.0,55.0,50.0,55.0
2016-08,MUN,RS|SANTO ANGELO,glp,5,57.0,55.8,59.2,55.0,60.0
2016-08,MUN,RS|SAO BORJA,glp,7,55.0,55.0,58.0,55.0,58.0
2016-08,MUN,RS|SAO GABRIEL,glp,14,59.0,55.0,60.0,54.0,60.0
2016-08,MUN,RS|SAO LEOPOLDO,glp,10,52.0,48.6,55.2,45.0,57.0
2016-08,MUN,RS|SAO LUIZ GONZAGA,glp,5,55.0,47.0,58.0,45.0,58.0
2016-08,MUN,RS|SAPIRANGA,glp,7,55.0,55.0,57.6,55.0,60.0
2016-08,MUN,RS|SAPUCAIA DO SUL,glp,19,53.0,49.8,58.0,48.0,60.0
2016-08,MUN,RS|TORRES,glp,8,60.0,57.1,60.0,55.0,60.0
2016-08,MUN,RS|TRAMANDAI,glp,3,58.0,58.0,58.0,58.0,58.0
2016-08,MUN,RS|URUGUAIANA,glp,15,58.0,52.0,62.0,52.0,62.0
2016-08,MUN,RS|VACARIA,glp,7,55.0,50.0,55.0,50.0,55.0
2016-08,MUN,RS|VIAMAO,glp,19,57.0,55.0,62.0,54.0,62.0
2016-08,MUN,SC|ARARANGUA,glp,5,50.0,50.0,55.0,50.0,55.0
2016-08,MUN,SC|BALNEARIO CAMBORIU,glp,4,55.0,50.8,55.0,49.0,55.0
2016-08,MUN,SC|BIGUACU,glp,4,49.0,45.2,53.5,44.0,55.0
2016-08,MUN,SC|BLUMENAU,glp,14,60.0,55.0,60.0,52.0,62.5
2016-08,MUN,SC|BRUSQUE,glp,9,50.0,45.0,55.6,45.0,58.0
2016-08,MUN,SC|CACADOR,glp,5,58.0,55.6,64.2,54.0,65.0
2016-08,MUN,SC|CHAPECO,glp,7,60.0,60.0,64.8,60.0,69.0
2016-08,MUN,SC|CONCORDIA,glp,4,50.0,46.5,53.5,45.0,55.0
2016-08,MUN,SC|CRICIUMA,glp,10,49.25,47.9,50.5,47.0,55.0
2016-08,MUN,SC|FLORIANOPOLIS,glp,7,57.0,53.4,58.8,51.0,60.0
2016-08,MUN,SC|ITAJAI,glp,10,45.0,45.0,49.1,45.0,59.0
2016-08,MUN,SC|JARAGUA DO SUL,glp,8,49.75,48.7,51.6,48.0,53.0
2016-08,MUN,SC|JOINVILLE,glp,5,50.0,49.4,53.4,49.0,55.0
2016-08,MUN,SC|LAGES,glp,7,55.0,55.0,55.8,55.0,57.0
2016-08,MUN,SC|LAGUNA,glp,4,49.0,48.0,50.0,48.0,50.0
2016-08,MUN,SC|MAFRA,glp,5,55.0,52.0,62.92,50.0,65.0
2016-08,MUN,SC|PALHOCA,glp,3,55.0,50.2,55.0,49.0,55.0
2016-08,MUN,SC|SAO JOSE,glp,2,45.0,45.0,45.0,45.0,45.0
2016-08,MUN,SC|SAO MIGUEL DO OESTE,glp,4,56.45,53.6,59.37,53.0,60.0
2016-08,MUN,SC|TUBARAO,glp,6,48.0,45.0,50.0,45.0,50.0
2016-08,MUN,SC|VIDEIRA,glp,6,58.0,58.0,60.0,58.0,60.0
2016-08,MUN,SC|XANXERE,glp,5,58.0,58.0,59.6,58.0,60.0
2016-08,MUN,SE|ARACAJU,glp,29,55.0,50.0,55.4,42.0,60.0
2016-08,MUN,SE|ITABAIANA,glp,3,50.0,50.0,54.0,50.0,55.0
2016-08,MUN,SE|LAGARTO,glp,5,45.0,45.0,45.0,45.0,45.0
2016-08,MUN,SE|NOSSA SENHORA DO SOCORRO,glp,8,53.0,51.4,55.3,50.0,56.0
2016-08,MUN,SP|ADAMANTINA,glp,5,51.95,50.0,55.0,50.0,55.0
2016-08,MUN,SP|AMERICANA,glp,20,55.0,50.0,60.0,45.0,60.0
2016-08,MUN,SP|AMPARO,glp,5,56.0,56.0,56.6,56.0,57.0
2016-08,MUN,SP|ARACATUBA,glp,45,50.0,50.0,52.8,50.0,53.5
2016-08,MUN,SP|ARARAQUARA,glp,18,50.0,48.0,55.9,45.99,58.0
2016-08,MUN,SP|ARARAS,glp,7,47.8,45.56,58.2,44.9,60.0
2016-08,MUN,SP|ASSIS,glp,7,50.0,47.6,52.0,47.0,52.0
2016-08,MUN,SP|ATIBAIA,glp,13,50.0,48.2,55.0,45.0,57.0
2016-08,MUN,SP|AVARE,glp,8,50.0,50.0,55.0,50.0,55.0
2016-08,MUN,SP|BARRETOS,glp,6,50.0,48.0,52.0,46.0,53.0
2016-08,MUN,SP|BARUERI,glp,27,49.0,45.0,54.994,45.0,60.0
2016-08,MUN,SP|BAURU,glp,36,52.25,46.725,58.5,45.0,61.0
2016-08,MUN,SP|BEBEDOURO,glp,14,50.0,49.27,55.0,48.0,55.0
2016-08,MUN,SP|BIRIGUI,glp,20,50.0,45.0,55.0,45.0,55.0
2016-08,MUN,SP|BOTUCATU,glp,11,45.0,40.0,45.0,40.0,45.0
2016-08,MUN,SP|BRAGANCA PAULISTA,glp,8,49.95,45.0,50.0,45.0,50.0
2016-08,MUN,SP|CACAPAVA,glp,5,50.0,41.596,50.6,40.0,51.0
2016-08,MUN,SP|CAMPINAS,glp,36,49.0,45.0,55.0,44.5,61.5
2016-08,MUN,SP|CAMPOS DO JORDAO,glp,6,45.0,40.25,45.0,40.0,45.0
2016-08,MUN,SP|CAPAO BONITO,glp,3,55.0,53.4,57.4,53.0,58.0
2016-08,MUN,SP|CARAGUATATUBA,glp,3,48.0,48.0,48.0,48.0,48.0
2016-08,MUN,SP|CARAPICUIBA,glp,16,47.99,44.995,50.0,39.99,54.99
2016-08,MUN,SP|CATANDUVA,glp,11,49.9,45.0,50.0,45.0,50.0
2016-08,MUN,SP|COSMOPOLIS,glp,8,55.0,53.7,57.3,53.0,58.0
2016-08,MUN,SP|COTIA,glp,10,55.0,53.1,55.5,45.0,60.0
2016-08,MUN,SP|CRUZEIRO,glp,7,42.0,40.0,48.4,40.0,55.0
2016-08,MUN,SP|CUBATAO,glp,8,58.0,55.7,65.0,55.0,65.0
2016-08,MUN,SP|DIADEMA,glp,27,49.99,45.0,50.0,45.0,52.0
2016-08,MUN,SP|DRACENA,glp,4,60.0,58.6,63.5,58.0,65.0
2016-08,MUN,SP|EMBU DAS ARTES,glp,6,50.0,49.95,55.0,49.9,56.0
2016-08,MUN,SP|FRANCA,glp,48,47.0,44.9,50.0,39.0,52.0
2016-08,MUN,SP|GARCA,glp,4,52.5,48.6,55.0,48.0,55.0
2016-08,MUN,SP|GUARATINGUETA,glp,15,45.0,38.8,56.0,35.0,60.0
2016-08,MUN,SP|GUARUJA,glp,19,52.9,50.792,58.0,48.0,59.0
2016-08,MUN,SP|GUARULHOS,glp,37,47.0,44.99,55.0,40.0,58.0
2016-08,MUN,SP|HORTOLANDIA,glp,8,51.0,48.5,57.3,45.0,58.0
2016-08,MUN,SP|IBITINGA,glp,8,55.0,51.4,55.0,50.0,55.0
2016-08,MUN,SP|INDAIATUBA,glp,14,50.0,50.0,55.0,47.0,55.0
2016-08,MUN,SP|ITANHAEM,glp,3,45.0,45.0,48.192,45.0,48.99
2016-08,MUN,SP|ITAPECERICA DA SERRA,glp,6,50.0,48.0,60.0,48.0,62.0
2016-08,MUN,SP|ITAPETININGA,glp,15,50.0,46.2,55.0,41.0,55.5
2016-08,MUN,SP|ITAPEVA,glp,4,55.0,54.3,57.1,54.0,58.0
2016-08,MUN,SP|ITAPEVI,glp,6,47.49,43.495,53.995,40.0,59.99
2016-08,MUN,SP|ITAPIRA,glp,4,52.0,50.6,56.9,50.0,59.0
2016-08,MUN,SP|ITAPOLIS,glp,13,55.0,55.0,57.0,48.0,58.5
2016-08,MUN,SP|ITAQUAQUECETUBA,glp,12,40.0,39.991,45.0,35.0,48.0
2016-08,MUN,SP|ITATIBA,glp,4,53.5,52.0,57.1,52.0,58.0
2016-08,MUN,SP|ITU,glp,7,45.0,42.34,48.4,40.0,49.0
2016-08,MUN,SP|JABOTICABAL,glp,6,45.0,42.0,47.5,42.0,50.0
2016-08,MUN,SP|JACAREI,glp,12,45.5,40.0,49.0,40.0,57.0
2016-08,MUN,SP|JALES,glp,5,53.0,51.2,54.2,50.0,55.0
2016-08,MUN,SP|JANDIRA,glp,10,49.495,42.9,50.4,42.0,54.0
2016-08,MUN,SP|JAU,glp,12,50.0,48.145,59.41,48.0,60.0
2016-08,MUN,SP|JOSE BONIFACIO,glp,6,45.0,42.5,47.5,40.0,50.0
2016-08,MUN,SP|JUNDIAI,glp,9,50.0,48.992,55.6,45.0,58.0
2016-08,MUN,SP|LEME,glp,11,50.0,45.0,59.0,45.0,59.0
2016-08,MUN,SP|LIMEIRA,glp,18,50.0,45.0,51.5,45.0,55.0
2016-08,MUN,SP|LINS,glp,11,50.0,50.0,50.0,45.0,50.0
2016-08,MUN,SP|LORENA,glp,13,45.0,38.0,48.0,38.0,49.0
2016-08,MUN,SP|MARILIA,glp,6,53.0,51.5,54.5,50.0,56.0
2016-08,MUN,SP|MATAO,glp,11,50.0,50.0,52.0,50.0,55.0
2016-08,MUN,SP|MAUA,glp,32,50.995,45.2,55.0,43.0,58.0
2016-08,MUN,SP|MIRASSOL,glp,10,47.5,44.5,50.3,40.0,53.0
2016-08,MUN,SP|MOCOCA,glp,5,53.0,53.0,55.0,53.0,55.0
2016-08,MUN,SP|MOGI DAS CRUZES,glp,34,50.5,45.0,58.35,36.99,59.0
2016-08,MUN,SP|MOGI GUACU,glp,14,50.0,50.0,53.5,48.0,55.0
2016-08,MUN,SP|MOGI MIRIM,glp,8,46.5,44.4,53.0,43.0,60.0
2016-08,MUN,SP|MONTE ALTO,glp,9,50.0,45.0,51.0,45.0,55.0
2016-08,MUN,SP|OLIMPIA,glp,6,40.0,40.0,45.0,40.0,45.0
2016-08,MUN,SP|OSASCO,glp,66,49.993,47.99,57.245,43.995,69.0
2016-08,MUN,SP|OURINHOS,glp,14,52.0,49.3,55.0,48.0,57.0
2016-08,MUN,SP|PARAGUACU PAULISTA,glp,11,60.0,60.0,60.0,55.0,60.0
2016-08,MUN,SP|PAULINIA,glp,7,45.0,44.6,50.0,44.0,50.0
2016-08,MUN,SP|PINDAMONHANGABA,glp,6,46.5,44.0,49.0,43.0,50.0
2016-08,MUN,SP|PIRACICABA,glp,20,50.0,50.0,55.0,45.0,60.0
2016-08,MUN,SP|PIRASSUNUNGA,glp,2,49.975,49.955,49.995,49.95,50.0
2016-08,MUN,SP|POA,glp,8,45.0,39.997,48.6,39.99,50.0
2016-08,MUN,SP|PORTO FERREIRA,glp,2,45.5,45.1,45.9,45.0,46.0
2016-08,MUN,SP|PRAIA GRANDE,glp,36,52.495,47.495,62.0,46.0,69.0
2016-08,MUN,SP|PRESIDENTE PRUDENTE,glp,25,55.0,47.0,59.54,38.0,60.0
2016-08,MUN,SP|PRESIDENTE VENCESLAU,glp,6,45.5,44.0,49.95,43.0,50.0
2016-08,MUN,SP|RIBEIRAO PIRES,glp,11,48.0,44.9,50.0,44.9,50.0
2016-08,MUN,SP|RIBEIRAO PRETO,glp,66,55.0,50.0,60.0,45.0,60.0
2016-08,MUN,SP|RIO CLARO,glp,6,45.0,40.0,51.0,40.0,52.0
2016-08,MUN,SP|SALTO,glp,9,47.0,44.2,52.6,41.0,55.0
2016-08,MUN,SP|SANTA BARBARA D'OESTE,glp,17,55.0,40.0,55.0,40.0,57.0
2016-08,MUN,SP|SANTA CRUZ DO RIO PARDO,glp,12,51.0,50.0,53.0,50.0,53.0
2016-08,MUN,SP|SANTO ANDRE,glp,38,49.995,44.963,60.863,39.99,63.0
2016-08,MUN,SP|SANTOS,glp,32,55.0,48.0,59.9,40.0,68.9
2016-08,MUN,SP|SAO BERNARDO DO CAMPO,glp,50,53.0,45.999,60.099,40.0,69.9
2016-08,MUN,SP|SAO CAETANO DO SUL,glp,5,59.99,51.99,62.994,47.99,64.99
2016-08,MUN,SP|SAO CARLOS,glp,22,54.9,51.9,58.0,48.0,63.0
2016-08,MUN,SP|SAO JOAO DA BOA VISTA,glp,7,55.0,55.0,55.0,55.0,55.0
2016-08,MUN,SP|SAO JOAQUIM DA BARRA,glp,7,40.0,40.0,44.0,40.0,50.0
2016-08,MUN,SP|SAO JOSE DO RIO PRETO,glp,49,50.0,45.0,55.0,39.99,58.0
2016-08,MUN,SP|SAO JOSE DOS CAMPOS,glp,25,50.0,45.4,55.0,38.0,58.0
2016-08,MUN,SP|SAO PAULO,glp,198,50.0,44.99,58.0,39.99,63.0
2016-08,MUN,SP|SAO ROQUE,glp,6,51.0,50.0,54.5,50.0,56.0
2016-08,MUN,SP|SAO VICENTE,glp,49,51.99,46.798,57.92,44.99,62.0
2016-08,MUN,SP|SERTAOZINHO,glp,14,50.0,45.0,51.4,45.0,55.0
2016-08,MUN,SP|SOROCABA,glp,19,50.0,47.78,55.0,45.0,55.0
2016-08,MUN,SP|SUMARE,glp,8,53.5,45.0,55.0,45.0,55.0
2016-08,MUN,SP|SUZANO,glp,11,51.99,50.0,59.0,44.99,59.0
2016-08,MUN,SP|TABOAO DA SERRA,glp,6,52.5,47.0,55.0,45.0,55.0
2016-08,MUN,SP|TATUI,glp,7,55.0,55.0,57.4,55.0,61.0
2016-08,MUN,SP|TAUBATE,glp,11,45.0,38.0,50.0,36.0,50.0
2016-08,MUN,SP|TUPA,glp,6,50.0,50.0,52.5,50.0,55.0
2016-08,MUN,SP|UBATUBA,glp,11,50.0,45.0,58.0,45.0,60.0
2016-08,MUN,SP|VALINHOS,glp,9,56.0,54.8,57.6,54.0,60.0
2016-08,MUN,SP|VARZEA PAULISTA,glp,6,41.0,39.0,45.5,39.0,46.0
2016-08,MUN,SP|VINHEDO,glp,4,59.5,59.0,61.4,59.0,62.0
2016-08,MUN,SP|VOTORANTIM,glp,17,50.0,44.2,50.0,43.0,52.0
2016-08,MUN,SP|VOTUPORANGA,glp,4,48.95,48.0,49.97,48.0,50.0
2016-08,MUN,TO|ARAGUAINA,glp,11,65.0,65.0,70.0,65.0,73.0
2016-08,MUN,TO|GURUPI,glp,34,65.0,65.0,65.0,60.0,70.0
2016-08,MUN,TO|MIRACEMA DO TOCANTINS,glp,1,70.0,70.0,70.0,70.0,70.0
2016-08,MUN,TO|PALMAS,glp,39,70.0,65.0,70.0,60.0,75.0
2016-08,MUN,TO|PARAISO DO TOCANTINS,glp,6,66.0,63.5,66.0,61.0,66.0
2016-08,MUN,TO|PORTO NACIONAL,glp,10,65.0,65.0,65.0,65.0,65.0
2016-08,UF,AC,glp,76,58.0,54.5,61.0,52.0,68.0
2016-08,UF,AL,glp,98,45.0,45.0,50.0,40.0,55.0
2016-08,UF,AM,glp,310,50.0,48.5,53.0,44.0,62.0
2016-08,UF,AP,glp,26,68.5,63.0,69.5,55.0,70.0
2016-08,UF,BA,glp,422,50.0,40.0,55.0,35.0,63.0
2016-08,UF,CE,glp,255,62.0,55.0,64.0,50.0,65.0
2016-08,UF,DF,glp,72,58.972,50.0,60.0,45.0,65.0
2016-08,UF,ES,glp,351,50.0,49.9,55.0,41.0,60.0
2016-08,UF,GO,glp,424,55.0,53.0,60.0,51.0,61.0
2016-08,UF,MA,glp,170,50.0,44.0,60.0,39.99,65.0
2016-08,UF,MG,glp,681,55.0,48.0,61.0,39.9,67.0
2016-08,UF,MS,glp,539,66.0,62.0,67.0,45.0,72.0
2016-08,UF,MT,glp,257,70.0,65.0,75.0,53.0,82.0
2016-08,UF,PA,glp,198,55.5,50.0,65.0,45.0,75.0
2016-08,UF,PB,glp,87,52.0,45.0,55.0,38.0,60.0
2016-08,UF,PE,glp,330,45.0,40.0,50.0,35.0,58.0
2016-08,UF,PI,glp,80,55.0,50.0,55.5,47.49,62.0
2016-08,UF,PR,glp,588,58.0,50.0,65.0,38.0,72.0
2016-08,UF,RJ,glp,299,50.0,40.0,56.0,37.0,62.0
2016-08,UF,RN,glp,110,53.5,50.9,57.5,47.0,60.0
2016-08,UF,RO,glp,118,55.0,52.0,63.0,49.0,70.0
2016-08,UF,RR,glp,30,58.0,57.0,60.0,56.0,62.0
2016-08,UF,RS,glp,594,55.0,48.0,62.0,39.9,68.0
2016-08,UF,SC,glp,134,55.0,45.0,60.0,44.0,69.0
2016-08,UF,SE,glp,45,53.0,45.0,55.0,42.0,60.0
2016-08,UF,SP,glp,1820,50.0,45.0,58.0,35.0,69.9
2016-08,UF,TO,glp,101,65.0,65.0,70.0,60.0,75.0
2016-09,BR,BR,glp,8098,55.0,48.0,66.0,35.0,90.0
2016-09,MUN,AC|CRUZEIRO DO SUL,glp,4,68.0,64.5,68.0,63.0,68.0
2016-09,MUN,AC|RIO BRANCO,glp,60,58.0,54.9,60.0,53.0,65.0
2016-09,MUN,AL|ARAPIRACA,glp,8,45.0,41.4,48.6,40.0,50.0
2016-09,MUN,AL|ATALAIA,glp,1,45.0,45.0,45.0,45.0,45.0
2016-09,MUN,AL|DELMIRO GOUVEIA,glp,2,55.0,55.0,55.0,55.0,55.0
2016-09,MUN,AL|MACEIO,glp,55,55.0,50.0,55.0,45.0,55.0
2016-09,MUN,AL|MARECHAL DEODORO,glp,6,55.0,52.5,55.0,50.0,55.0
2016-09,MUN,AL|MESSIAS,glp,1,55.0,55.0,55.0,55.0,55.0
2016-09,MUN,AL|PALMEIRA DOS INDIOS,glp,5,50.0,50.0,55.0,50.0,55.0
2016-09,MUN,AL|RIO LARGO,glp,2,42.5,40.5,44.5,40.0,45.0
2016-09,MUN,AL|SANTANA DO IPANEMA,glp,4,55.0,55.0,55.0,55.0,55.0
2016-09,MUN,AM|HUMAITA,glp,3,58.0,57.6,59.6,57.5,60.0
2016-09,MUN,AM|ITACOATIARA,glp,16,55.5,55.0,61.25,55.0,65.0
2016-09,MUN,AM|MANACAPURU,glp,7,58.0,57.0,58.7,57.0,59.0
2016-09,MUN,AM|MANAUS,glp,294,50.0,49.0,53.0,45.0,62.0
2016-09,MUN,AM|PARINTINS,glp,4,51.0,50.3,53.8,50.0,55.0
2016-09,MUN,AM|TEFE,glp,2,62.0,62.0,62.0,62.0,62.0
2016-09,MUN,AP|CALCOENE,glp,1,67.0,67.0,67.0,67.0,67.0
2016-09,MUN,AP|LARANJAL DO JARI,glp,1,69.0,69.0,69.0,69.0,69.0
2016-09,MUN,AP|MACAPA,glp,20,69.0,62.7,70.0,55.0,70.0
2016-09,MUN,AP|SANTANA,glp,5,66.0,63.8,69.8,63.0,70.0
2016-09,MUN,BA|ALAGOINHAS,glp,5,50.0,47.0,54.8,45.0,58.0
2016-09,MUN,BA|BARREIRAS,glp,4,55.0,55.0,60.6,55.0,63.0
2016-09,MUN,BA|BRUMADO,glp,5,53.0,53.0,55.0,53.0,55.0
2016-09,MUN,BA|CAETITE,glp,6,48.0,45.0,49.5,45.0,50.0
2016-09,MUN,BA|CAMACARI,glp,20,49.0,44.5,55.0,40.0,56.0
2016-09,MUN,BA|CANDEIAS,glp,5,46.0,42.8,46.0,42.0,46.0
2016-09,MUN,BA|CENTRAL,glp,1,42.0,42.0,42.0,42.0,42.0
2016-09,MUN,BA|EUNAPOLIS,glp,6,55.0,52.5,55.0,50.0,55.0
2016-09,MUN,BA|FEIRA DE SANTANA,glp,19,49.9,47.4,52.13,43.5,53.0
2016-09,MUN,BA|GUANAMBI,glp,16,42.0,42.0,42.0,42.0,42.0
2016-09,MUN,BA|ILHEUS,glp,6,60.0,56.75,62.205,55.0,62.41
2016-09,MUN,BA|IPIRA,glp,2,45.0,41.0,49.0,40.0,50.0
2016-09,MUN,BA|IRECE,glp,6,45.5,42.0,49.0,42.0,50.0
2016-09,MUN,BA|ITABUNA,glp,7,57.0,53.8,60.0,52.0,60.0
2016-09,MUN,BA|ITAMARAJU,glp,4,57.75,57.15,59.4,57.0,60.0
2016-09,MUN,BA|JACOBINA,glp,4,58.0,58.0,58.0,58.0,58.0
2016-09,MUN,BA|JAGUAQUARA,glp,4,42.0,42.0,44.1,42.0,45.0
2016-09,MUN,BA|JEQUIE,glp,7,42.0,37.0,43.8,37.0,45.0
2016-09,MUN,BA|JUAZEIRO,glp,10,46.0,44.7,52.1,42.0,53.0
2016-09,MUN,BA|LAURO DE FREITAS,glp,20,50.0,46.8,55.0,45.0,55.0
2016-09,MUN,BA|LIVRAMENTO DE NOSSA SENHORA,glp,4,47.5,45.0,50.0,45.0,50.0
2016-09,MUN,BA|PAULO AFONSO,glp,6,59.0,55.5,61.0,55.0,62.0
2016-09,MUN,BA|POCOES,glp,5,45.0,44.0,45.0,44.0,45.0
2016-09,MUN,BA|PORTO SEGURO,glp,9,53.5,45.8,65.0,45.0,65.0
2016-09,MUN,BA|SALVADOR,glp,95,52.0,43.5,57.0,40.0,62.0
2016-09,MUN,BA|SANTANOPOLIS,glp,1,53.0,53.0,53.0,53.0,53.0
2016-09,MUN,BA|SANTO ANTONIO DE JESUS,glp,4,45.0,45.0,47.1,45.0,48.0
2016-09,MUN,BA|SENHOR DO BONFIM,glp,4,40.0,40.0,42.8,40.0,44.0
2016-09,MUN,BA|SERRINHA,glp,8,50.0,39.4,50.0,38.0,50.0
2016-09,MUN,BA|SIMOES FILHO,glp,10,51.25,49.2,55.0,42.0,55.0
2016-09,MUN,BA|TEIXEIRA DE FREITAS,glp,10,50.0,47.7,52.6,45.0,58.0
2016-09,MUN,BA|VALENCA,glp,4,56.5,55.0,58.0,55.0,58.0
2016-09,MUN,BA|VARZEDO,glp,1,45.0,45.0,45.0,45.0,45.0
2016-09,MUN,BA|VITORIA DA CONQUISTA,glp,12,48.0,45.1,51.8,45.0,52.0
2016-09,MUN,CE|BEBERIBE,glp,6,65.5,64.25,68.0,63.5,70.0
2016-09,MUN,CE|CANINDE,glp,4,55.5,55.0,58.8,55.0,60.0
2016-09,MUN,CE|CAUCAIA,glp,30,65.0,62.5,65.05,62.0,68.0
2016-09,MUN,CE|CRATEUS,glp,3,60.0,58.4,60.0,58.0,60.0
2016-09,MUN,CE|CRATO,glp,15,65.0,60.0,65.0,50.0,65.0
2016-09,MUN,CE|FORTALEZA,glp,125,65.0,63.5,66.5,60.0,69.0
2016-09,MUN,CE|ICO,glp,4,57.0,57.0,59.1,57.0,60.0
2016-09,MUN,CE|IGUATU,glp,4,55.5,55.0,62.3,55.0,65.0
2016-09,MUN,CE|IPU,glp,3,62.5,60.5,64.5,60.0,65.0
2016-09,MUN,CE|ITAPIPOCA,glp,7,58.0,54.4,62.0,52.0,65.0
2016-09,MUN,CE|JUAZEIRO DO NORTE,glp,14,65.0,60.0,65.0,50.0,66.0
2016-09,MUN,CE|LIMOEIRO DO NORTE,glp,5,65.0,55.2,65.0,52.0,65.0
2016-09,MUN,CE|MARACANAU,glp,11,65.0,64.0,66.0,64.0,70.0
2016-09,MUN,CE|MISSAO VELHA,glp,1,65.0,65.0,65.0,65.0,65.0
2016-09,MUN,CE|MORADA NOVA,glp,3,65.0,62.6,65.0,62.0,65.0
2016-09,MUN,CE|QUIXADA,glp,5,56.0,55.4,57.0,55.0,57.0
2016-09,MUN,CE|SOBRAL,glp,6,57.0,53.25,58.0,51.5,58.0
2016-09,MUN,DF|BRASILIA,glp,71,60.0,50.0,60.0,45.0,65.0
2016-09,MUN,ES|ARACRUZ,glp,7,55.0,49.2,59.6,48.0,62.0
2016-09,MUN,ES|BARRA DE SAO FRANCISCO,glp,4,62.0,61.3,64.1,61.0,65.0
2016-09,MUN,ES|CACHOEIRO DE ITAPEMIRIM,glp,16,54.0,51.0,58.75,50.0,60.0
2016-09,MUN,ES|CARIACICA,glp,71,50.0,49.9,52.0,48.0,55.0
2016-09,MUN,ES|COLATINA,glp,9,50.0,49.6,57.0,48.0,65.0
2016-09,MUN,ES|GUARAPARI,glp,30,52.5,49.99,55.0,48.0,55.0
2016-09,MUN,ES|ITAPEMIRIM,glp,3,56.5,51.22,63.3,49.9,65.0
2016-09,MUN,ES|LINHARES,glp,17,50.0,49.6,57.5,48.0,60.0
2016-09,MUN,ES|MARATAIZES,glp,1,52.5,52.5,52.5,52.5,52.5
2016-09,MUN,ES|SAO MATEUS,glp,5,50.0,44.6,55.0,41.0,55.0
2016-09,MUN,ES|SERRA,glp,139,50.0,49.9,52.0,45.0,55.0
2016-09,MUN,ES|VILA VELHA,glp,51,50.0,49.9,55.0,45.0,55.0
2016-09,MUN,ES|VITORIA,glp,31,50.0,49.9,55.0,48.0,55.0
2016-09,MUN,GO|AGUAS LINDAS DE GOIAS,glp,15,56.0,55.0,57.0,55.0,57.0
2016-09,MUN,GO|ANAPOLIS,glp,49,53.0,52.0,54.0,52.0,54.0
2016-09,MUN,GO|APARECIDA DE GOIANIA,glp,62,55.0,55.0,57.0,54.0,58.0
2016-09,MUN,GO|CALDAS NOVAS,glp,18,59.0,57.7,60.0,56.0,60.0
2016-09,MUN,GO|CATALAO,glp,11,55.0,55.0,56.0,54.0,56.0
2016-09,MUN,GO|FORMOSA,glp,13,57.0,55.0,57.0,54.0,57.0
2016-09,MUN,GO|GOIANIA,glp,114,56.0,55.0,58.0,53.5,60.0
2016-09,MUN,GO|GOIATUBA,glp,6,56.0,55.5,57.0,55.0,57.0
2016-09,MUN,GO|ITUMBIARA,glp,9,60.0,60.0,68.2,60.0,69.0
2016-09,MUN,GO|JARAGUA,glp,1,54.0,54.0,54.0,54.0,54.0
2016-09,MUN,GO|JATAI,glp,27,60.0,60.0,61.0,58.0,62.0
2016-09,MUN,GO|LUZIANIA,glp,27,55.0,54.8,56.4,53.0,58.0
2016-09,MUN,GO|MINEIROS,glp,8,60.0,59.7,60.3,59.0,61.0
2016-09,MUN,GO|MORRINHOS,glp,11,57.0,55.0,58.0,55.0,58.0
2016-09,MUN,GO|PORANGATU,glp,15,55.0,54.4,56.0,54.0,56.0
2016-09,MUN,GO|RIO VERDE,glp,22,58.0,56.1,59.8,56.0,60.0
2016-09,MUN,GO|TRINDADE,glp,30,55.0,54.0,56.2,52.0,60.0
2016-09,MUN,GO|VALPARAISO DE GOIAS,glp,16,55.5,55.0,57.0,55.0,57.0
2016-09,MUN,MA|ACAILANDIA,glp,3,60.0,60.0,60.0,60.0,60.0
2016-09,MUN,MA|BACABAL,glp,5,58.0,57.0,58.0,57.0,58.0
2016-09,MUN,MA|BALSAS,glp,6,70.0,65.0,75.0,65.0,75.0
2016-09,MUN,MA|BARRA DO CORDA,glp,5,62.0,60.8,64.2,60.0,65.0
2016-09,MUN,MA|CAXIAS,glp,1,65.0,65.0,65.0,65.0,65.0
2016-09,MUN,MA|CODO,glp,2,60.0,60.0,60.0,60.0,60.0
2016-09,MUN,MA|IMPERATRIZ,glp,46,55.0,52.5,60.0,50.0,60.0
2016-09,MUN,MA|PINHEIRO,glp,3,65.0,63.4,65.0,63.0,65.0
2016-09,MUN,MA|PRESIDENTE DUTRA,glp,3,62.5,60.5,62.5,60.0,62.5
2016-09,MUN,MA|SANTA INES,glp,3,66.0,61.2,66.0,60.0,66.0
2016-09,MUN,MA|SAO DOMINGOS DO MARANHAO,glp,2,60.0,60.0,60.0,60.0,60.0
2016-09,MUN,MA|SAO JOSE DE RIBAMAR,glp,13,46.5,45.0,48.0,45.0,48.0
2016-09,MUN,MA|SAO LUIS,glp,68,45.0,43.55,46.5,40.0,48.0
2016-09,MUN,MA|SAO VICENTE FERRER,glp,1,60.0,60.0,60.0,60.0,60.0
2016-09,MUN,MA|TIMON,glp,4,60.0,54.75,60.0,52.5,60.0
2016-09,MUN,MG|ALFENAS,glp,9,48.0,45.0,50.0,45.0,50.0
2016-09,MUN,MG|ARAGUARI,glp,7,56.0,52.1,58.8,50.0,60.0
2016-09,MUN,MG|ARAXA,glp,6,62.75,60.0,66.5,60.0,68.0
2016-09,MUN,MG|BARBACENA,glp,13,60.0,55.5,65.0,53.0,65.0
2016-09,MUN,MG|BELO HORIZONTE,glp,49,55.0,48.0,67.6,45.0,77.0
2016-09,MUN,MG|BETIM,glp,11,57.0,54.0,60.0,50.0,65.0
2016-09,MUN,MG|BOM DESPACHO,glp,6,62.75,59.0,65.0,58.0,65.0
2016-09,MUN,MG|CAMPO BELO,glp,7,55.0,46.0,55.0,43.0,55.0
2016-09,MUN,MG|CARATINGA,glp,2,53.25,51.85,54.65,51.5,55.0
2016-09,MUN,MG|CATAGUASES,glp,5,60.0,58.2,64.6,57.0,65.0
2016-09,MUN,MG|CONGONHAS,glp,7,60.0,58.0,60.0,55.0,60.0
2016-09,MUN,MG|CONSELHEIRO LAFAIETE,glp,7,55.0,53.0,55.0,50.0,55.0
2016-09,MUN,MG|CONTAGEM,glp,24,60.0,54.3,65.0,44.0,66.9
2016-09,MUN,MG|CORONEL FABRICIANO,glp,6,60.0,57.5,64.0,55.0,65.0
2016-09,MUN,MG|CURVELO,glp,5,61.0,60.0,64.0,60.0,65.0
2016-09,MUN,MG|DIAMANTINA,glp,5,65.0,64.0,66.2,64.0,67.0
2016-09,MUN,MG|DIVINOPOLIS,glp,20,55.0,50.0,60.0,50.0,60.0
2016-09,MUN,MG|FORMIGA,glp,6,55.0,51.25,56.0,50.0,56.0
2016-09,MUN,MG|FRUTAL,glp,6,48.5,47.9,50.0,47.9,50.0
2016-09,MUN,MG|GOVERNADOR VALADARES,glp,8,55.0,54.1,58.0,52.0,58.0
2016-09,MUN,MG|GUAXUPE,glp,6,54.45,52.5,57.5,52.0,60.0
2016-09,MUN,MG|IPATINGA,glp,17,55.0,54.2,58.0,50.0,65.0
2016-09,MUN,MG|ITABIRA,glp,6,64.5,61.0,66.5,60.0,68.0
2016-09,MUN,MG|ITAJUBA,glp,6,50.75,49.0,53.45,48.0,54.9
2016-09,MUN,MG|ITAUNA,glp,9,53.0,51.4,60.0,49.0,60.0
2016-09,MUN,MG|ITUIUTABA,glp,20,58.0,52.7,58.2,50.0,60.0
2016-09,MUN,MG|JANAUBA,glp,2,56.25,55.25,57.25,55.0,57.5
2016-09,MUN,MG|JANUARIA,glp,12,56.5,55.0,62.0,52.0,65.0
2016-09,MUN,MG|JOAO MONLEVADE,glp,8,50.0,47.1,60.2,45.0,70.0
2016-09,MUN,MG|JOAO PINHEIRO,glp,11,58.0,45.0,65.0,45.0,65.0
2016-09,MUN,MG|JUIZ DE FORA,glp,35,60.0,57.4,69.6,55.0,72.0
2016-09,MUN,MG|LAVRAS,glp,8,54.0,48.5,58.6,45.0,60.0
2016-09,MUN,MG|LEOPOLDINA,glp,7,62.0,56.2,63.0,55.0,63.0
2016-09,MUN,MG|MANHUACU,glp,9,54.0,47.0,58.0,47.0,58.0
2016-09,MUN,MG|MONTE CARMELO,glp,9,55.0,54.6,55.5,53.0,57.5
2016-09,MUN,MG|MONTES CLAROS,glp,58,61.0,60.0,63.0,60.0,64.0
2016-09,MUN,MG|MURIAE,glp,5,60.0,57.0,65.6,55.0,66.0
2016-09,MUN,MG|NOVA LIMA,glp,8,59.0,54.4,64.3,53.0,65.0
2016-09,MUN,MG|OLIVEIRA,glp,4,43.5,42.0,45.0,42.0,45.0
2016-09,MUN,MG|OURO PRETO,glp,5,66.0,59.4,67.2,55.0,68.0
2016-09,MUN,MG|PARA DE MINAS,glp,4,62.95,57.22,63.85,55.0,64.0
2016-09,MUN,MG|PARACATU,glp,9,60.0,55.0,60.5,55.0,62.5
2016-09,MUN,MG|PASSOS,glp,19,55.0,55.0,60.0,50.0,60.0
2016-09,MUN,MG|PATOS DE MINAS,glp,7,57.5,56.5,60.0,55.0,60.0
2016-09,MUN,MG|PATROCINIO,glp,4,58.75,55.75,60.0,55.0,60.0
2016-09,MUN,MG|POCOS DE CALDAS,glp,22,51.0,50.0,52.95,49.5,53.0
2016-09,MUN,MG|POUSO ALEGRE,glp,9,53.0,49.6,55.0,48.0,55.0
2016-09,MUN,MG|RIBEIRAO DAS NEVES,glp,12,55.0,48.0,65.0,47.0,65.0
2016-09,MUN,MG|SABARA,glp,10,55.5,55.0,60.0,55.0,60.0
2016-09,MUN,MG|SANTA LUZIA,glp,10,59.3,55.0,65.0,55.0,65.0
2016-09,MUN,MG|SAO JOAO DEL REI,glp,15,55.0,54.4,59.2,50.0,60.0
2016-09,MUN,MG|SAO LOURENCO,glp,3,57.0,55.4,57.8,55.0,58.0
2016-09,MUN,MG|SAO SEBASTIAO DO PARAISO,glp,15,55.0,51.0,55.0,50.0,55.0
2016-09,MUN,MG|SETE LAGOAS,glp,20,55.0,48.0,60.0,48.0,65.0
2016-09,MUN,MG|TEOFILO OTONI,glp,17,52.5,49.4,56.96,45.0,60.5
2016-09,MUN,MG|TIMOTEO,glp,5,61.5,55.8,61.8,53.0,62.0
2016-09,MUN,MG|TRES CORACOES,glp,8,53.0,51.7,56.5,51.0,60.0
2016-09,MUN,MG|UBA,glp,11,67.5,65.0,70.0,60.0,70.0
2016-09,MUN,MG|UBERABA,glp,12,55.0,55.0,60.0,55.0,60.0
2016-09,MUN,MG|UBERLANDIA,glp,27,60.0,55.0,65.0,55.0,65.0
2016-09,MUN,MG|UNAI,glp,4,70.0,70.0,70.0,70.0,70.0
2016-09,MUN,MG|VARGINHA,glp,14,52.0,50.0,55.0,50.0,56.0
2016-09,MUN,MG|VESPASIANO,glp,10,61.0,59.8,65.0,58.0,65.0
2016-09,MUN,MG|VICOSA,glp,3,65.0,61.0,67.4,60.0,68.0
2016-09,MUN,MS|BATAYPORA,glp,1,65.0,65.0,65.0,65.0,65.0
2016-09,MUN,MS|CAMPO GRANDE,glp,372,66.0,64.0,67.0,55.0,68.0
2016-09,MUN,MS|CORUMBA,glp,8,65.0,60.0,65.0,60.0,65.0
2016-09,MUN,MS|COXIM,glp,6,79.5,75.0,82.0,75.0,82.0
2016-09,MUN,MS|DOURADOS,glp,33,65.0,60.0,70.0,57.0,70.0
2016-09,MUN,MS|NOVA ANDRADINA,glp,10,65.0,60.0,70.0,60.0,70.0
2016-09,MUN,MS|PARANAIBA,glp,11,65.0,60.0,67.5,60.0,70.0
2016-09,MUN,MS|PONTA PORA,glp,2,57.0,57.0,57.0,57.0,57.0
2016-09,MUN,MS|TRES LAGOAS,glp,7,50.0,50.0,50.0,50.0,50.0
2016-09,MUN,MT|ALTA FLORESTA,glp,8,75.0,73.5,86.5,70.0,90.0
2016-09,MUN,MT|CACERES,glp,12,63.5,55.5,66.8,55.0,68.0
2016-09,MUN,MT|CUIABA,glp,157,70.0,66.5,75.0,63.0,80.0
2016-09,MUN,MT|RONDONOPOLIS,glp,18,72.0,70.0,85.0,65.0,85.0
2016-09,MUN,MT|SINOP,glp,16,70.0,69.5,75.0,65.0,75.0
2016-09,MUN,MT|SORRISO,glp,13,80.0,78.0,87.4,77.5,90.0
2016-09,MUN,MT|VARZEA GRANDE,glp,40,72.5,67.95,75.0,65.0,77.5
2016-09,MUN,PA|ABAETETUBA,glp,6,55.0,53.25,57.75,51.5,60.5
2016-09,MUN,PA|ALENQUER,glp,3,60.0,56.0,64.0,55.0,65.0
2016-09,MUN,PA|ALTAMIRA,glp,8,70.0,70.0,70.0,70.0,70.0
2016-09,MUN,PA|ANANINDEUA,glp,29,56.5,53.0,60.0,50.0,60.0
2016-09,MUN,PA|BELEM,glp,81,55.0,50.0,58.0,45.0,58.0
2016-09,MUN,PA|BRAGANCA,glp,6,62.75,60.0,65.0,60.0,65.0
2016-09,MUN,PA|CAMETA,glp,5,57.5,55.0,60.0,55.0,60.0
2016-09,MUN,PA|CASTANHAL,glp,5,60.0,60.0,63.0,60.0,65.0
2016-09,MUN,PA|CONCEICAO DO ARAGUAIA,glp,5,70.0,65.0,75.0,65.0,75.0
2016-09,MUN,PA|ITAITUBA,glp,5,65.0,60.0,74.0,60.0,80.0
2016-09,MUN,PA|MARABA,glp,7,73.0,65.0,75.0,65.0,75.0
2016-09,MUN,PA|PARAGOMINAS,glp,3,76.0,73.6,76.0,73.0,76.0
2016-09,MUN,PA|PARAUAPEBAS,glp,3,75.0,73.4,75.0,73.0,75.0
2016-09,MUN,PA|REDENCAO,glp,6,75.5,72.0,78.0,70.0,78.0
2016-09,MUN,PA|SANTAREM,glp,27,57.0,55.0,60.0,53.0,60.0
2016-09,MUN,PA|XINGUARA,glp,5,75.0,68.8,75.9,68.0,76.5
2016-09,MUN,PB|BAYEUX,glp,5,50.0,47.0,55.0,45.0,55.0
2016-09,MUN,PB|CABEDELO,glp,7,55.0,53.0,55.8,50.0,57.0
2016-09,MUN,PB|CAMPINA GRANDE,glp,29,55.0,50.0,60.0,48.0,60.0
2016-09,MUN,PB|JOAO PESSOA,glp,25,55.0,50.0,55.0,50.0,55.0
2016-09,MUN,PB|PATOS,glp,3,50.0,46.0,50.0,45.0,50.0
2016-09,MUN,PB|PIANCO,glp,1,45.0,45.0,45.0,45.0,45.0
2016-09,MUN,PB|SANTA RITA,glp,6,50.0,47.5,50.0,45.0,50.0
2016-09,MUN,PB|SOUSA,glp,3,44.0,44.0,44.0,44.0,44.0
2016-09,MUN,PE|ABREU E LIMA,glp,10,49.25,45.0,50.5,45.0,55.0
2016-09,MUN,PE|ARARIPINA,glp,3,55.0,55.0,59.0,55.0,60.0
2016-09,MUN,PE|ARCOVERDE,glp,4,55.0,55.0,58.5,55.0,60.0
2016-09,MUN,PE|BELO JARDIM,glp,2,50.0,50.0,50.0,50.0,50.0
2016-09,MUN,PE|CABO DE SANTO AGOSTINHO,glp,12,50.0,48.199,54.75,42.5,60.0
2016-09,MUN,PE|CACHOEIRINHA,glp,1,50.0,50.0,50.0,50.0,50.0
2016-09,MUN,PE|CAMARAGIBE,glp,17,50.0,45.0,52.05,45.0,55.0
2016-09,MUN,PE|CARUARU,glp,11,45.0,44.0,46.5,42.5,47.0
2016-09,MUN,PE|GARANHUNS,glp,7,52.5,50.0,55.0,50.0,55.0
2016-09,MUN,PE|GOIANA,glp,3,55.0,51.0,59.0,50.0,60.0
2016-09,MUN,PE|GRAVATA,glp,6,46.5,45.0,49.5,45.0,50.0
2016-09,MUN,PE|IGARASSU,glp,20,49.698,47.45,50.25,45.0,55.0
2016-09,MUN,PE|JABOATAO DOS GUARARAPES,glp,47,50.0,46.5,52.5,45.0,55.0
2016-09,MUN,PE|LAJEDO,glp,4,48.75,42.25,50.0,40.0,50.0
2016-09,MUN,PE|OLINDA,glp,42,47.25,45.0,50.0,43.5,60.0
2016-09,MUN,PE|PAULISTA,glp,11,50.0,49.99,57.5,49.99,59.99
2016-09,MUN,PE|PETROLINA,glp,22,50.0,45.0,51.9,45.0,53.0
2016-09,MUN,PE|RECIFE,glp,65,50.0,45.0,50.0,45.0,52.5
2016-09,MUN,PE|SALGUEIRO,glp,3,65.0,65.0,65.0,65.0,65.0
2016-09,MUN,PE|SANTA CRUZ DO CAPIBARIBE,glp,6,48.0,45.0,50.0,45.0,50.0
2016-09,MUN,PE|SERRA TALHADA,glp,3,60.0,60.0,62.4,60.0,63.0
2016-09,MUN,PE|VITORIA DE SANTO ANTAO,glp,10,45.0,45.0,50.25,45.0,52.5
2016-09,MUN,PI|CAMPO MAIOR,glp,4,67.0,65.25,67.0,64.5,67.0
2016-09,MUN,PI|PARNAIBA,glp,2,56.5,56.5,56.5,56.5,56.5
2016-09,MUN,PI|PICOS,glp,2,60.0,60.0,60.0,60.0,60.0
2016-09,MUN,PI|PIRIPIRI,glp,4,63.0,62.15,64.2,62.0,64.5
2016-09,MUN,PI|TERESINA,glp,63,55.0,50.0,55.0,44.99,55.0
2016-09,MUN,PR|ALMIRANTE TAMANDARE,glp,1,55.0,55.0,55.0,55.0,55.0
2016-09,MUN,PR|APUCARANA,glp,20,55.0,54.86,60.0,52.0,60.0
2016-09,MUN,PR|ARAPONGAS,glp,19,50.0,49.94,61.0,49.9,65.0
2016-09,MUN,PR|ARAUCARIA,glp,13,50.0,50.0,54.4,50.0,62.0
2016-09,MUN,PR|ASSIS CHATEAUBRIAND,glp,6,62.5,55.0,65.0,53.0,65.0
2016-09,MUN,PR|CAMBE,glp,15,55.0,52.8,60.0,50.0,60.0
2016-09,MUN,PR|CAMPO LARGO,glp,15,50.0,50.0,55.0,48.0,58.0
2016-09,MUN,PR|CAMPO MOURAO,glp,14,60.0,60.0,67.1,60.0,68.0
2016-09,MUN,PR|CASCAVEL,glp,84,70.0,69.65,72.0,60.0,72.0
2016-09,MUN,PR|CASTRO,glp,5,63.0,61.2,66.4,60.0,68.0
2016-09,MUN,PR|CIANORTE,glp,17,65.0,60.0,65.0,57.5,70.0
2016-09,MUN,PR|COLOMBO,glp,24,53.0,50.0,55.0,48.0,59.0
2016-09,MUN,PR|CORNELIO PROCOPIO,glp,4,58.25,55.75,59.7,55.0,60.0
2016-09,MUN,PR|CURITIBA,glp,54,55.0,50.0,59.7,49.9,60.0
2016-09,MUN,PR|CURIUVA,glp,1,55.0,55.0,55.0,55.0,55.0
2016-09,MUN,PR|FOZ DO IGUACU,glp,19,53.0,50.0,57.0,48.0,62.0
2016-09,MUN,PR|FRANCISCO BELTRAO,glp,6,56.0,52.5,59.0,50.0,60.0
2016-09,MUN,PR|GUARAPUAVA,glp,12,61.0,59.0,69.4,55.0,75.0
2016-09,MUN,PR|JESUITAS,glp,1,53.0,53.0,53.0,53.0,53.0
2016-09,MUN,PR|LARANJEIRAS DO SUL,glp,9,60.0,59.8,65.0,59.0,65.0
2016-09,MUN,PR|LONDRINA,glp,98,58.0,55.0,60.0,45.0,65.0
2016-09,MUN,PR|MARECHAL CANDIDO RONDON,glp,5,59.0,53.14,63.0,49.9,65.0
2016-09,MUN,PR|MARINGA,glp,37,68.0,65.0,70.0,63.0,75.0
2016-09,MUN,PR|PARANAGUA,glp,9,47.0,44.4,50.0,42.0,50.0
2016-09,MUN,PR|PARANAVAI,glp,11,63.0,60.0,66.5,58.0,67.5
2016-09,MUN,PR|PATO BRANCO,glp,12,65.0,65.0,69.745,63.0,80.0
2016-09,MUN,PR|PINHAIS,glp,17,54.0,49.2,57.0,48.0,57.0
2016-09,MUN,PR|PONTA GROSSA,glp,15,55.0,51.2,58.6,50.0,60.0
2016-09,MUN,PR|RAMILANDIA,glp,1,53.0,53.0,53.0,53.0,53.0
2016-09,MUN,PR|SANTO ANTONIO DA PLATINA,glp,14,53.0,50.3,55.78,50.0,57.0
2016-09,MUN,PR|SAO JOSE DOS PINHAIS,glp,17,53.0,47.07,55.0,45.0,56.0
2016-09,MUN,PR|TERRA BOA,glp,1,65.0,65.0,65.0,65.0,65.0
2016-09,MUN,PR|TOLEDO,glp,18,62.5,59.65,66.5,53.0,70.0
2016-09,MUN,PR|UMUARAMA,glp,16,70.0,68.25,70.0,66.5,70.0
2016-09,MUN,PR|UNIAO DA VITORIA,glp,4,60.0,59.93,60.0,59.9,60.0
2016-09,MUN,RJ|ANGRA DOS REIS,glp,5,58.9,58.0,63.0,58.0,65.0
2016-09,MUN,RJ|ARARUAMA,glp,6,46.5,42.99,49.0,42.99,49.0
2016-09,MUN,RJ|BARRA DO PIRAI,glp,3,56.0,55.2,67.2,55.0,70.0
2016-09,MUN,RJ|BARRA MANSA,glp,12,54.5,52.0,60.0,49.0,60.0
2016-09,MUN,RJ|BELFORD ROXO,glp,7,60.0,48.8,60.0,47.0,60.0
2016-09,MUN,RJ|CABO FRIO,glp,4,50.0,46.5,50.0,45.0,50.0
2016-09,MUN,RJ|CAMPOS DOS GOYTACAZES,glp,21,60.0,50.0,60.0,50.0,60.0
2016-09,MUN,RJ|DUQUE DE CAXIAS,glp,28,50.0,40.7,55.0,38.0,56.0
2016-09,MUN,RJ|ITABORAI,glp,5,50.0,50.0,50.0,50.0,50.0
2016-09,MUN,RJ|ITAGUAI,glp,3,49.9,45.98,49.9,45.0,49.9
2016-09,MUN,RJ|ITAPERUNA,glp,4,58.0,58.0,59.4,58.0,60.0
2016-09,MUN,RJ|MACAE,glp,4,60.0,59.3,60.0,59.0,60.0
2016-09,MUN,RJ|MAGE,glp,5,45.0,41.6,48.4,40.0,50.0
2016-09,MUN,RJ|MANGARATIBA,glp,2,49.95,49.91,49.99,49.9,50.0
2016-09,MUN,RJ|MARICA,glp,4,50.0,46.85,52.45,45.5,53.5
2016-09,MUN,RJ|NILOPOLIS,glp,4,55.0,55.0,57.1,55.0,58.0
2016-09,MUN,RJ|NITEROI,glp,7,47.0,40.0,50.0,40.0,50.0
2016-09,MUN,RJ|NOVA FRIBURGO,glp,5,60.0,60.0,62.0,60.0,62.0
2016-09,MUN,RJ|NOVA IGUACU,glp,20,51.0,48.799,55.0,45.0,60.0
2016-09,MUN,RJ|PARATY,glp,2,55.0,55.0,55.0,55.0,55.0
2016-09,MUN,RJ|PETROPOLIS,glp,7,50.0,46.47,60.0,45.0,60.0
2016-09,MUN,RJ|RESENDE,glp,6,50.0,43.0,55.0,41.0,55.0
2016-09,MUN,RJ|RIO BONITO,glp,3,42.0,42.0,46.8,42.0,48.0
2016-09,MUN,RJ|RIO DAS OSTRAS,glp,1,57.0,57.0,57.0,57.0,57.0
2016-09,MUN,RJ|RIO DE JANEIRO,glp,73,50.0,44.992,60.0,44.4,63.0
2016-09,MUN,RJ|SANTO ANTONIO DE PADUA,glp,2,38.475,38.475,38.475,38.475,38.475
2016-09,MUN,RJ|SAO FRANCISCO DE ITABAPOANA,glp,2,57.5,55.5,59.5,55.0,60.0
2016-09,MUN,RJ|SAO GONCALO,glp,13,42.0,40.4,50.0,39.0,50.0
2016-09,MUN,RJ|SAO JOAO DE MERITI,glp,8,49.0,46.347,55.0,45.99,55.0
2016-09,MUN,RJ|SAPUCAIA,glp,2,55.0,51.0,59.0,50.0,60.0
2016-09,MUN,RJ|SAQUAREMA,glp,5,42.0,40.2,49.6,39.0,50.0
2016-09,MUN,RJ|TERESOPOLIS,glp,7,50.0,50.0,55.8,50.0,57.0
2016-09,MUN,RJ|TRES RIOS,glp,2,50.0,50.0,50.0,50.0,50.0
2016-09,MUN,RJ|VALENCA,glp,4,60.0,59.3,60.0,59.0,60.0
2016-09,MUN,RJ|VASSOURAS,glp,2,55.0,55.0,55.0,55.0,55.0
2016-09,MUN,RJ|VOLTA REDONDA,glp,8,53.5,51.4,55.8,50.0,60.0
2016-09,MUN,RN|CAICO,glp,5,56.0,55.2,57.6,55.0,58.0
2016-09,MUN,RN|MOSSORO,glp,12,57.0,55.1,60.0,55.0,60.0
2016-09,MUN,RN|NATAL,glp,60,56.0,55.0,60.0,52.0,60.0
2016-09,MUN,RN|PARNAMIRIM,glp,19,56.5,55.0,59.2,53.5,62.0
2016-09,MUN,RN|SANTA CRUZ,glp,1,57.0,57.0,57.0,57.0,57.0
2016-09,MUN,RN|SAO JOSE DE MIPIBU,glp,4,57.5,55.6,59.4,55.0,60.0
2016-09,MUN,RO|ARIQUEMES,glp,4,60.75,60.0,63.25,60.0,64.0
2016-09,MUN,RO|CACOAL,glp,4,65.0,65.0,65.0,65.0,65.0
2016-09,MUN,RO|GUAJARA-MIRIM,glp,4,60.0,60.0,61.05,60.0,61.5
2016-09,MUN,RO|JI-PARANA,glp,13,60.0,60.0,64.8,60.0,68.0
2016-09,MUN,RO|PIMENTA BUENO,glp,4,65.5,63.75,65.5,63.0,65.5
2016-09,MUN,RO|PORTO VELHO,glp,54,55.0,50.0,57.0,48.0,60.0
2016-09,MUN,RO|VILHENA,glp,8,64.0,62.85,65.6,62.5,67.0
2016-09,MUN,RR|BOA VISTA,glp,34,58.0,57.0,60.0,56.0,62.0
2016-09,MUN,RS|ALEGRETE,glp,9,50.0,47.2,54.2,44.0,55.0
2016-09,MUN,RS|ALVORADA,glp,8,58.75,51.4,60.0,50.0,60.0
2016-09,MUN,RS|BAGE,glp,25,68.0,65.4,69.6,65.0,70.0
2016-09,MUN,RS|BENTO GONCALVES,glp,5,68.0,60.8,68.0,60.0,68.0
2016-09,MUN,RS|CACAPAVA DO SUL,glp,6,63.0,59.75,63.0,59.0,63.0
2016-09,MUN,RS|CACHOEIRA DO SUL,glp,11,45.0,45.0,54.0,42.45,55.0
2016-09,MUN,RS|CACHOEIRINHA,glp,9,50.0,50.0,55.8,50.0,59.0
2016-09,MUN,RS|CANOAS,glp,22,50.5,46.0,56.8,45.0,58.0
2016-09,MUN,RS|CAXIAS DO SUL,glp,43,55.0,50.0,59.0,46.9,60.0
2016-09,MUN,RS|CRUZ ALTA,glp,2,45.0,45.0,45.0,45.0,45.0
2016-09,MUN,RS|ERECHIM,glp,6,62.0,60.0,64.0,60.0,65.0
2016-09,MUN,RS|ESTEIO,glp,12,56.0,52.1,57.9,50.0,58.0
2016-09,MUN,RS|GRAMADO,glp,6,57.0,55.0,58.5,55.0,60.0
2016-09,MUN,RS|GRAVATAI,glp,13,50.0,48.3,55.0,45.0,55.0
2016-09,MUN,RS|GUAIBA,glp,6,52.0,48.95,55.5,48.0,56.0
2016-09,MUN,RS|GUARANI DAS MISSOES,glp,1,50.0,50.0,50.0,50.0,50.0
2016-09,MUN,RS|IJUI,glp,9,52.0,47.4,56.8,45.0,60.0
2016-09,MUN,RS|LAJEADO,glp,13,55.0,49.7,58.6,46.0,60.0
2016-09,MUN,RS|NOVO HAMBURGO,glp,17,50.0,45.0,54.0,45.0,58.0
2016-09,MUN,RS|OSORIO,glp,6,63.5,57.5,66.5,55.0,68.0
2016-09,MUN,RS|PALMEIRA DAS MISSOES,glp,7,55.0,55.0,59.4,55.0,60.0
2016-09,MUN,RS|PASSO FUNDO,glp,37,50.0,46.54,55.0,45.0,58.0
2016-09,MUN,RS|PELOTAS,glp,24,52.0,46.5,56.4,42.0,60.0
2016-09,MUN,RS|PORTO ALEGRE,glp,34,59.0,51.3,65.0,50.0,68.0
2016-09,MUN,RS|RIO GRANDE,glp,34,48.5,46.5,50.0,45.0,53.0
2016-09,MUN,RS|SANTA CRUZ DO SUL,glp,17,58.0,53.14,58.5,50.0,62.0
2016-09,MUN,RS|SANTA MARIA,glp,77,60.0,55.0,62.0,48.0,67.5
2016-09,MUN,RS|SANTA ROSA,glp,6,53.5,51.0,55.0,50.0,55.0
2016-09,MUN,RS|SANTANA DO LIVRAMENTO,glp,15,60.0,55.0,60.0,55.0,65.0
2016-09,MUN,RS|SANTO ANGELO,glp,4,57.0,55.6,57.7,55.0,58.0
2016-09,MUN,RS|SAO BORJA,glp,7,57.5,55.0,60.2,55.0,60.5
2016-09,MUN,RS|SAO GABRIEL,glp,14,64.0,55.0,67.0,54.0,67.0
2016-09,MUN,RS|SAO LEOPOLDO,glp,15,52.0,48.2,56.2,45.0,58.0
2016-09,MUN,RS|SAO LUIZ GONZAGA,glp,5,55.0,47.0,58.0,45.0,58.0
2016-09,MUN,RS|SAPIRANGA,glp,5,55.0,55.0,58.4,55.0,60.0
2016-09,MUN,RS|SAPUCAIA DO SUL,glp,18,54.5,50.0,58.6,49.0,64.0
2016-09,MUN,RS|TORRES,glp,6,60.0,58.5,60.0,58.0,60.0
2016-09,MUN,RS|TRAMANDAI,glp,2,58.0,58.0,58.0,58.0,58.0
2016-09,MUN,RS|URUGUAIANA,glp,14,57.5,52.0,60.8,52.0,62.0
2016-09,MUN,RS|VACARIA,glp,7,55.0,50.0,55.0,50.0,55.0
2016-09,MUN,RS|VIAMAO,glp,24,57.0,54.3,60.0,53.0,62.0
2016-09,MUN,SC|ARARANGUA,glp,4,50.0,50.0,53.5,50.0,55.0
2016-09,MUN,SC|BALNEARIO CAMBORIU,glp,4,55.0,50.8,55.0,49.0,55.0
2016-09,MUN,SC|BIGUACU,glp,5,50.0,45.6,54.2,44.0,55.0
2016-09,MUN,SC|BLUMENAU,glp,15,58.0,51.96,60.0,50.0,62.5
2016-09,MUN,SC|BRUSQUE,glp,9,50.0,45.0,55.8,45.0,59.0
2016-09,MUN,SC|CACADOR,glp,7,58.0,56.0,65.0,53.0,65.0
2016-09,MUN,SC|CHAPECO,glp,13,62.0,60.0,64.7,58.0,69.0
2016-09,MUN,SC|CONCORDIA,glp,4,50.0,46.5,53.5,45.0,55.0
2016-09,MUN,SC|CRICIUMA,glp,11,50.0,48.0,52.0,48.0,55.0
2016-09,MUN,SC|FLORIANOPOLIS,glp,9,55.0,54.2,58.4,51.0,60.0
2016-09,MUN,SC|ITAJAI,glp,9,48.0,45.0,51.8,45.0,59.0
2016-09,MUN,SC|JARAGUA DO SUL,glp,7,50.0,49.0,54.0,49.0,54.0
2016-09,MUN,SC|JOINVILLE,glp,12,51.0,49.1,56.0,49.0,57.0
2016-09,MUN,SC|LAGES,glp,7,57.0,55.0,60.0,55.0,60.0
2016-09,MUN,SC|LAGUNA,glp,4,48.0,45.9,49.4,45.0,50.0
2016-09,MUN,SC|MAFRA,glp,4,61.45,56.5,66.47,55.0,68.0
2016-09,MUN,SC|PALHOCA,glp,7,51.0,50.0,54.4,50.0,58.0
2016-09,MUN,SC|SAO JOSE,glp,8,47.495,45.0,55.6,45.0,57.0
2016-09,MUN,SC|SAO MIGUEL DO OESTE,glp,3,59.9,57.18,59.98,56.5,60.0
2016-09,MUN,SC|TUBARAO,glp,7,48.0,45.0,50.8,45.0,52.0
2016-09,MUN,SC|VIDEIRA,glp,6,62.0,61.0,64.0,60.0,65.0
2016-09,MUN,SC|XANXERE,glp,5,58.0,56.2,59.2,55.0,60.0
2016-09,MUN,SE|ARACAJU,glp,26,55.0,50.0,55.0,47.0,57.0
2016-09,MUN,SE|ITABAIANA,glp,3,60.0,58.4,64.0,58.0,65.0
2016-09,MUN,SE|LAGARTO,glp,4,60.0,60.0,60.0,60.0,60.0
2016-09,MUN,SE|NOSSA SENHORA DO SOCORRO,glp,8,60.0,55.0,60.0,55.0,60.0
2016-09,MUN,SP|ADAMANTINA,glp,5,51.5,50.0,55.0,50.0,55.0
2016-09,MUN,SP|AMERICANA,glp,19,55.0,54.5,60.0,50.0,60.0
2016-09,MUN,SP|AMPARO,glp,5,56.0,55.4,56.6,55.0,57.0
2016-09,MUN,SP|ARACATUBA,glp,45,55.0,52.5,55.0,50.0,55.0
2016-09,MUN,SP|ARARAQUARA,glp,21,55.0,50.0,58.0,48.0,63.0
2016-09,MUN,SP|ARARAS,glp,7,54.9,49.9,60.0,49.9,60.0
2016-09,MUN,SP|ASSIS,glp,11,52.0,48.5,53.0,48.0,55.0
2016-09,MUN,SP|ATIBAIA,glp,13,50.0,49.0,55.0,48.0,57.0
2016-09,MUN,SP|AVARE,glp,8,52.5,50.0,56.5,50.0,60.0
2016-09,MUN,SP|BARRETOS,glp,7,55.0,49.8,56.2,48.0,58.0
2016-09,MUN,SP|BARUERI,glp,28,51.99,47.35,57.0,45.0,60.0
2016-09,MUN,SP|BAURU,glp,34,55.0,48.3,59.0,45.0,62.0
2016-09,MUN,SP|BEBEDOURO,glp,12,55.0,50.0,57.7,50.0,59.0
2016-09,MUN,SP|BIRIGUI,glp,20,50.0,45.0,55.0,45.0,55.0
2016-09,MUN,SP|BOTUCATU,glp,11,55.0,55.0,55.0,55.0,55.0
2016-09,MUN,SP|BRAGANCA PAULISTA,glp,7,50.0,45.6,50.0,45.0,50.0
2016-09,MUN,SP|CACAPAVA,glp,6,50.0,43.495,52.5,43.0,55.0
2016-09,MUN,SP|CAMPINAS,glp,48,50.0,47.0,58.25,45.0,63.0
2016-09,MUN,SP|CAMPOS DO JORDAO,glp,7,45.0,40.3,45.0,40.0,45.0
2016-09,MUN,SP|CAPAO BONITO,glp,3,58.0,57.2,59.6,57.0,60.0
2016-09,MUN,SP|CARAGUATATUBA,glp,3,48.0,48.0,48.8,48.0,49.0
2016-09,MUN,SP|CARAPICUIBA,glp,16,49.995,44.995,50.75,42.5,51.99
2016-09,MUN,SP|CATANDUVA,glp,14,50.0,49.284,56.4,48.9,57.0
2016-09,MUN,SP|COSMOPOLIS,glp,7,57.0,55.0,58.1,55.0,59.0
2016-09,MUN,SP|COTIA,glp,10,55.0,53.6,60.0,50.0,60.0
2016-09,MUN,SP|CRUZEIRO,glp,9,45.0,40.0,52.0,40.0,60.0
2016-09,MUN,SP|CUBATAO,glp,9,58.0,55.8,66.6,55.0,67.0
2016-09,MUN,SP|DIADEMA,glp,27,50.0,46.498,54.1,45.0,55.0
2016-09,MUN,SP|DRACENA,glp,5,60.0,58.8,64.2,58.0,65.0
2016-09,MUN,SP|EMBU DAS ARTES,glp,5,55.0,51.54,58.4,49.9,60.0
2016-09,MUN,SP|FRANCA,glp,43,49.9,45.0,52.9,43.99,55.0
2016-09,MUN,SP|GARCA,glp,4,55.0,51.5,55.0,50.0,55.0
2016-09,MUN,SP|GUARATINGUETA,glp,14,46.25,41.05,56.315,40.0,66.0
2016-09,MUN,SP|GUARUJA,glp,19,53.0,50.99,58.6,50.99,62.0
2016-09,MUN,SP|GUARULHOS,glp,37,50.0,45.0,56.0,42.0,62.0
2016-09,MUN,SP|HORTOLANDIA,glp,8,51.0,49.25,57.3,47.5,58.0
2016-09,MUN,SP|IBITINGA,glp,8,55.0,51.4,55.0,50.0,55.0
2016-09,MUN,SP|INDAIATUBA,glp,14,50.0,50.0,55.0,47.0,55.0
2016-09,MUN,SP|ITANHAEM,glp,4,48.5,42.9,53.4,42.0,54.0
2016-09,MUN,SP|ITAPECERICA DA SERRA,glp,6,51.25,48.5,60.0,48.0,62.0
2016-09,MUN,SP|ITAPETININGA,glp,15,53.0,47.0,59.6,45.0,60.0
2016-09,MUN,SP|ITAPEVA,glp,5,59.0,54.1,59.6,53.5,60.0
2016-09,MUN,SP|ITAPEVI,glp,6,49.495,43.995,57.495,40.0,59.99
2016-09,MUN,SP|ITAPIRA,glp,4,51.0,50.0,56.9,50.0,59.0
2016-09,MUN,SP|ITAPOLIS,glp,12,59.4,55.3,60.5,52.0,62.5
2016-09,MUN,SP|ITAQUAQUECETUBA,glp,12,45.0,43.1,47.8,35.0,49.99
2016-09,MUN,SP|ITATIBA,glp,4,54.75,54.5,58.85,54.5,60.5
2016-09,MUN,SP|ITU,glp,7,48.0,46.2,49.8,45.0,51.0
2016-09,MUN,SP|JABOTICABAL,glp,6,45.0,42.0,48.0,42.0,51.0
2016-09,MUN,SP|JACAREI,glp,13,48.0,45.0,57.1,40.0,58.5
2016-09,MUN,SP|JALES,glp,5,53.0,51.2,54.2,50.0,55.0
2016-09,MUN,SP|JANDIRA,glp,11,52.5,45.0,55.0,45.0,56.0
2016-09,MUN,SP|JAU,glp,12,50.0,48.145,58.91,46.5,60.0
2016-09,MUN,SP|JOSE BONIFACIO,glp,4,50.0,48.6,53.78,48.0,55.4
2016-09,MUN,SP|JUNDIAI,glp,11,52.5,45.0,58.0,44.0,60.0
2016-09,MUN,SP|LEME,glp,11,50.0,45.0,59.0,45.0,59.0
2016-09,MUN,SP|LIMEIRA,glp,19,50.0,48.0,55.0,47.0,55.0
2016-09,MUN,SP|LINS,glp,11,50.0,50.0,50.0,50.0,50.0
2016-09,MUN,SP|LORENA,glp,12,45.0,40.0,48.8,40.0,50.0
2016-09,MUN,SP|MARILIA,glp,6,57.0,55.0,58.0,55.0,58.0
2016-09,MUN,SP|MATAO,glp,11,55.0,54.0,57.0,50.0,58.0
2016-09,MUN,SP|MAUA,glp,32,55.5,48.05,60.0,47.0,60.0
2016-09,MUN,SP|MIRASSOL,glp,11,49.0,43.5,50.0,40.0,52.5
2016-09,MUN,SP|MOCOCA,glp,5,57.0,54.2,58.4,53.0,59.0
2016-09,MUN,SP|MOGI DAS CRUZES,glp,34,54.0,45.0,60.0,39.99,61.0
2016-09,MUN,SP|MOGI GUACU,glp,14,50.0,50.0,55.0,49.0,55.0
2016-09,MUN,SP|MOGI MIRIM,glp,8,47.5,44.7,53.0,44.0,60.0
2016-09,MUN,SP|MONTE ALTO,glp,8,50.0,45.0,53.53,45.0,55.0
2016-09,MUN,SP|OLIMPIA,glp,6,44.0,44.0,45.0,44.0,45.0
2016-09,MUN,SP|OSASCO,glp,58,52.99,49.99,57.3,47.495,61.0
2016-09,MUN,SP|OURINHOS,glp,14,52.75,50.0,55.0,50.0,56.0
2016-09,MUN,SP|PARAGUACU PAULISTA,glp,11,62.5,57.5,62.5,57.5,64.5
2016-09,MUN,SP|PAULINIA,glp,7,50.0,49.1,55.0,48.5,55.0
2016-09,MUN,SP|PINDAMONHANGABA,glp,12,48.0,44.1,50.0,43.0,50.0
2016-09,MUN,SP|PIRACICABA,glp,21,55.0,50.0,55.0,50.0,57.5
2016-09,MUN,SP|PIRASSUNUNGA,glp,3,50.0,50.0,51.96,50.0,52.45
2016-09,MUN,SP|POA,glp,8,48.75,43.5,55.0,40.0,55.0
2016-09,MUN,SP|PORTO FERREIRA,glp,2,45.5,45.1,45.9,45.0,46.0
2016-09,MUN,SP|PRAIA GRANDE,glp,36,53.5,47.995,60.0,46.99,65.0
2016-09,MUN,SP|PRESIDENTE PRUDENTE,glp,24,56.25,50.0,60.0,43.0,60.0
2016-09,MUN,SP|PRESIDENTE VENCESLAU,glp,6,47.95,44.0,50.0,43.0,50.0
2016-09,MUN,SP|RIBEIRAO PIRES,glp,11,48.995,44.9,50.0,44.9,50.0
2016-09,MUN,SP|RIBEIRAO PRETO,glp,47,55.0,50.0,60.0,45.0,60.0
2016-09,MUN,SP|RIO CLARO,glp,7,45.0,40.0,50.0,40.0,50.0
2016-09,MUN,SP|SALTO,glp,10,48.95,45.9,54.1,45.0,55.0
2016-09,MUN,SP|SANTA BARBARA D'OESTE,glp,17,55.0,40.0,55.0,40.0,57.0
2016-09,MUN,SP|SANTA CRUZ DO RIO PARDO,glp,12,55.5,50.2,58.0,50.0,58.0
2016-09,MUN,SP|SANTO ANDRE,glp,36,55.0,47.99,61.45,46.99,69.0
2016-09,MUN,SP|SANTOS,glp,32,58.45,53.0,65.0,42.5,74.4
2016-09,MUN,SP|SAO BERNARDO DO CAMPO,glp,43,55.0,49.2,64.6,45.0,69.9
2016-09,MUN,SP|SAO CAETANO DO SUL,glp,5,64.99,56.997,67.94,54.995,69.9
2016-09,MUN,SP|SAO CARLOS,glp,21,55.0,54.9,62.0,50.0,68.0
2016-09,MUN,SP|SAO JOAO DA BOA VISTA,glp,7,55.0,55.0,55.0,55.0,55.0
2016-09,MUN,SP|SAO JOAQUIM DA BARRA,glp,8,50.0,49.7,50.0,49.0,50.0
2016-09,MUN,SP|SAO JOSE DO RIO PRETO,glp,47,55.0,50.0,60.0,45.0,62.0
2016-09,MUN,SP|SAO JOSE DOS CAMPOS,glp,27,52.0,46.0,56.0,45.0,58.0
2016-09,MUN,SP|SAO PAULO,glp,198,51.995,45.0,60.0,39.99,65.0
2016-09,MUN,SP|SAO ROQUE,glp,6,54.5,51.0,56.25,50.0,56.5
2016-09,MUN,SP|SAO VICENTE,glp,50,52.25,47.99,58.55,45.99,62.0
2016-09,MUN,SP|SERTAOZINHO,glp,12,51.75,50.0,53.0,45.0,55.0
2016-09,MUN,SP|SOROCABA,glp,19,54.0,48.98,57.2,45.0,58.0
2016-09,MUN,SP|SUMARE,glp,8,55.0,45.0,55.0,45.0,55.0
2016-09,MUN,SP|SUZANO,glp,11,58.0,53.0,59.0,49.49,61.0
2016-09,MUN,SP|TABOAO DA SERRA,glp,7,50.0,49.996,55.76,49.99,56.9
2016-09,MUN,SP|TATUI,glp,7,60.0,58.0,60.4,55.0,61.0
2016-09,MUN,SP|TAUBATE,glp,11,45.0,40.0,50.0,36.0,50.0
2016-09,MUN,SP|TUPA,glp,6,60.0,55.0,60.0,55.0,60.0
2016-09,MUN,SP|UBATUBA,glp,12,50.0,47.05,55.0,45.0,58.0
2016-09,MUN,SP|VALINHOS,glp,9,58.0,57.3,61.2,54.5,62.0
2016-09,MUN,SP|VARZEA PAULISTA,glp,6,43.75,42.0,48.0,41.0,50.0
2016-09,MUN,SP|VINHEDO,glp,4,68.0,65.6,69.0,65.0,69.0
2016-09,MUN,SP|VOTORANTIM,glp,17,52.5,48.0,55.0,45.0,56.0
2016-09,MUN,SP|VOTUPORANGA,glp,4,50.0,50.0,52.03,50.0,52.9
2016-09,MUN,TO|ARAGUAINA,glp,12,65.0,60.0,69.75,60.0,70.0
2016-09,MUN,TO|GURUPI,glp,34,70.0,65.0,70.0,65.0,73.0
2016-09,MUN,TO|MIRACEMA DO TOCANTINS,glp,1,70.0,70.0,70.0,70.0,70.0
2016-09,MUN,TO|PALMAS,glp,28,70.0,65.0,70.6,65.0,72.0
2016-09,MUN,TO|PARAISO DO TOCANTINS,glp,6,70.0,67.5,70.0,65.0,70.0
2016-09,MUN,TO|PORTO NACIONAL,glp,10,68.75,67.25,70.0,65.0,70.0
2016-09,UF,AC,glp,64,58.0,55.0,62.7,53.0,68.0
2016-09,UF,AL,glp,84,55.0,45.0,55.0,40.0,55.0
2016-09,UF,AM,glp,326,50.0,49.0,55.0,45.0,65.0
2016-09,UF,AP,glp,27,69.0,63.0,70.0,55.0,70.0
2016-09,UF,BA,glp,330,50.0,42.0,57.55,37.0,65.0
2016-09,UF,CE,glp,246,65.0,58.0,66.0,50.0,70.0
2016-09,UF,DF,glp,71,60.0,50.0,60.0,45.0,65.0
2016-09,UF,ES,glp,384,50.0,49.9,55.0,41.0,65.0
2016-09,UF,GO,glp,454,55.5,54.0,60.0,52.0,69.0
2016-09,UF,MA,glp,165,50.0,45.0,62.0,40.0,75.0
2016-09,UF,MG,glp,724,57.5,50.0,65.0,42.0,77.0
2016-09,UF,MS,glp,450,66.0,63.0,67.0,50.0,82.0
2016-09,UF,MT,glp,264,70.0,65.0,77.5,55.0,90.0
2016-09,UF,PA,glp,204,58.0,50.0,72.7,45.0,80.0
2016-09,UF,PB,glp,79,55.0,49.6,55.2,44.0,60.0
2016-09,UF,PE,glp,309,50.0,45.0,55.0,40.0,65.0
2016-09,UF,PI,glp,75,55.0,51.0,61.2,44.99,67.0
2016-09,UF,PR,glp,614,58.0,50.0,70.0,42.0,80.0
2016-09,UF,RJ,glp,296,50.0,44.5,60.0,38.0,70.0
2016-09,UF,RN,glp,101,56.0,55.0,60.0,52.0,62.0
2016-09,UF,RO,glp,91,56.0,50.0,65.0,48.0,68.0
2016-09,UF,RR,glp,34,58.0,57.0,60.0,56.0,62.0
2016-09,UF,RS,glp,601,55.0,48.0,63.0,42.0,70.0
2016-09,UF,SC,glp,160,55.0,48.0,62.0,44.0,69.0
2016-09,UF,SE,glp,41,55.0,50.0,60.0,47.0,65.0
2016-09,UF,SP,glp,1813,52.9,45.918,60.0,35.0,74.4
2016-09,UF,TO,glp,91,70.0,65.0,70.0,60.0,73.0
2016-10,BR,BR,glp,7971,55.0,48.0,67.0,35.0,90.0
2016-10,MUN,AC|CRUZEIRO DO SUL,glp,4,68.0,64.5,69.4,63.0,70.0
2016-10,MUN,AC|RIO BRANCO,glp,63,60.0,58.0,63.0,55.0,66.0
2016-10,MUN,AL|ARAPIRACA,glp,10,45.0,41.8,45.5,40.0,50.0
2016-10,MUN,AL|ATALAIA,glp,1,45.0,45.0,45.0,45.0,45.0
2016-10,MUN,AL|DELMIRO GOUVEIA,glp,2,55.0,55.0,55.0,55.0,55.0
2016-10,MUN,AL|MACEIO,glp,56,55.0,55.0,55.0,55.0,55.0
2016-10,MUN,AL|MARECHAL DEODORO,glp,8,55.0,55.0,55.0,55.0,55.0
2016-10,MUN,AL|PALMEIRA DOS INDIOS,glp,5,50.0,50.0,55.0,50.0,55.0
2016-10,MUN,AL|RIO LARGO,glp,5,45.0,42.0,48.0,40.0,50.0
2016-10,MUN,AL|SANTANA DO IPANEMA,glp,4,55.0,55.0,55.0,55.0,55.0
2016-10,MUN,AM|HUMAITA,glp,3,60.0,60.0,60.0,60.0,60.0
2016-10,MUN,AM|ITACOATIARA,glp,15,60.0,60.0,65.0,55.0,65.0
2016-10,MUN,AM|MANACAPURU,glp,6,59.0,58.0,59.5,57.0,60.0
2016-10,MUN,AM|MANAUS,glp,258,53.0,50.0,55.0,45.0,62.0
2016-10,MUN,AM|PARINTINS,glp,3,55.0,52.6,55.0,52.0,55.0
2016-10,MUN,AM|TEFE,glp,2,62.0,62.0,62.0,62.0,62.0
2016-10,MUN,AP|CALCOENE,glp,1,67.0,67.0,67.0,67.0,67.0
2016-10,MUN,AP|MACAPA,glp,15,68.0,62.0,70.0,55.0,72.0
2016-10,MUN,AP|SANTANA,glp,5,65.0,63.8,68.4,63.0,70.0
2016-10,MUN,BA|ALAGOINHAS,glp,5,50.0,47.0,54.8,45.0,58.0
2016-10,MUN,BA|BARREIRAS,glp,8,59.0,52.9,63.0,48.0,63.0
2016-10,MUN,BA|BRUMADO,glp,5,53.0,53.0,55.0,53.0,55.0
2016-10,MUN,BA|CAETITE,glp,6,48.0,46.5,50.0,45.0,50.0
2016-10,MUN,BA|CAMACARI,glp,21,48.0,40.0,55.0,38.0,58.0
2016-10,MUN,BA|CANDEIAS,glp,6,45.0,43.0,46.0,42.0,46.0
2016-10,MUN,BA|CENTRAL,glp,1,42.0,42.0,42.0,42.0,42.0
2016-10,MUN,BA|EUNAPOLIS,glp,12,55.0,53.1,55.0,50.0,55.0
2016-10,MUN,BA|FEIRA DE SANTANA,glp,19,49.0,47.38,52.18,46.0,54.0
2016-10,MUN,BA|GUANAMBI,glp,16,42.0,42.0,42.25,42.0,43.0
2016-10,MUN,BA|ILHEUS,glp,6,60.0,59.5,63.455,59.0,64.0
2016-10,MUN,BA|IPIRA,glp,2,45.0,41.0,49.0,40.0,50.0
2016-10,MUN,BA|IRECE,glp,10,44.0,41.8,48.2,40.0,50.0
2016-10,MUN,BA|ITABUNA,glp,6,56.5,53.5,59.0,52.0,60.0
2016-10,MUN,BA|ITAMARAJU,glp,4,57.5,55.6,59.4,55.0,60.0
2016-10,MUN,BA|JACOBINA,glp,4,58.0,58.0,58.0,58.0,58.0
2016-10,MUN,BA|JAGUAQUARA,glp,5,42.0,42.0,45.0,42.0,45.0
2016-10,MUN,BA|JEQUIE,glp,12,39.75,37.0,42.9,35.0,45.0
2016-10,MUN,BA|JUAZEIRO,glp,11,50.0,48.0,52.0,45.0,53.0
2016-10,MUN,BA|LAURO DE FREITAS,glp,19,52.0,49.0,56.3,45.0,58.0
2016-10,MUN,BA|LIVRAMENTO DE NOSSA SENHORA,glp,3,45.0,41.0,49.0,40.0,50.0
2016-10,MUN,BA|PAULO AFONSO,glp,5,60.0,56.8,61.2,56.0,62.0
2016-10,MUN,BA|POCOES,glp,5,44.0,41.6,45.0,40.0,45.0
2016-10,MUN,BA|PORTO SEGURO,glp,11,52.0,45.0,65.0,45.0,65.0
2016-10,MUN,BA|SALVADOR,glp,94,55.0,48.0,62.0,40.0,68.0
2016-10,MUN,BA|SANTANOPOLIS,glp,1,52.0,52.0,52.0,52.0,52.0
2016-10,MUN,BA|SANTO ANTONIO DE JESUS,glp,9,45.0,45.0,50.0,45.0,50.0
2016-10,MUN,BA|SENHOR DO BONFIM,glp,4,40.0,38.6,40.0,38.0,40.0
2016-10,MUN,BA|SERRINHA,glp,3,45.0,41.0,45.0,40.0,45.0
2016-10,MUN,BA|SIMOES FILHO,glp,9,55.0,44.4,56.0,42.0,60.0
2016-10,MUN,BA|TEIXEIRA DE FREITAS,glp,10,50.0,48.0,50.5,48.0,55.0
2016-10,MUN,BA|VALENCA,glp,5,55.0,55.0,58.0,55.0,58.0
2016-10,MUN,BA|VARZEDO,glp,1,45.0,45.0,45.0,45.0,45.0
2016-10,MUN,BA|VITORIA DA CONQUISTA,glp,11,50.0,48.0,52.0,47.0,55.0
2016-10,MUN,CE|BEBERIBE,glp,6,66.0,66.0,68.5,66.0,70.0
2016-10,MUN,CE|CANINDE,glp,4,55.0,54.3,55.7,54.0,56.0
2016-10,MUN,CE|CAUCAIA,glp,22,65.0,61.0,66.0,60.0,68.0
2016-10,MUN,CE|CRATEUS,glp,5,60.0,57.6,60.0,56.0,60.0
2016-10,MUN,CE|CRATO,glp,15,65.0,60.8,66.0,60.0,66.5
2016-10,MUN,CE|FORTALEZA,glp,123,65.0,61.1,68.0,60.0,70.0
2016-10,MUN,CE|ICO,glp,4,60.0,60.0,60.0,60.0,60.0
2016-10,MUN,CE|IGUATU,glp,4,54.75,51.2,55.85,50.0,56.0
2016-10,MUN,CE|IPU,glp,3,65.0,61.0,65.0,60.0,65.0
2016-10,MUN,CE|ITAPIPOCA,glp,6,60.0,58.0,60.5,56.0,61.0
2016-10,MUN,CE|JUAZEIRO DO NORTE,glp,15,65.0,60.0,66.0,55.0,67.0
2016-10,MUN,CE|LIMOEIRO DO NORTE,glp,5,60.0,60.0,63.4,60.0,65.0
2016-10,MUN,CE|MARACANAU,glp,12,68.5,65.0,70.0,65.0,70.0
2016-10,MUN,CE|MORADA NOVA,glp,3,62.5,59.3,64.5,58.5,65.0
2016-10,MUN,CE|QUIXADA,glp,7,56.0,55.6,57.0,55.0,57.0
2016-10,MUN,CE|SOBRAL,glp,6,58.0,56.0,58.25,56.0,58.5
2016-10,MUN,DF|BRASILIA,glp,82,60.0,50.0,60.0,45.0,70.0
2016-10,MUN,ES|ARACRUZ,glp,7,55.0,49.2,60.8,48.0,65.0
2016-10,MUN,ES|BARRA DE SAO FRANCISCO,glp,4,62.0,62.0,64.1,62.0,65.0
2016-10,MUN,ES|CACHOEIRO DE ITAPEMIRIM,glp,15,55.0,53.8,60.0,50.0,60.0
2016-10,MUN,ES|CARIACICA,glp,66,52.0,50.0,55.0,50.0,55.0
2016-10,MUN,ES|COLATINA,glp,8,51.5,50.0,58.0,50.0,65.0
2016-10,MUN,ES|GUARAPARI,glp,30,52.0,49.99,55.0,48.0,55.0
2016-10,MUN,ES|ITAPEMIRIM,glp,3,58.0,51.52,63.6,49.9,65.0
2016-10,MUN,ES|LINHARES,glp,14,52.5,50.0,59.25,45.0,60.0
2016-10,MUN,ES|MARATAIZES,glp,1,55.0,55.0,55.0,55.0,55.0
2016-10,MUN,ES|SAO MATEUS,glp,5,53.0,44.0,55.0,40.0,55.0
2016-10,MUN,ES|SERRA,glp,105,51.0,50.0,55.0,49.9,55.0
2016-10,MUN,ES|VILA VELHA,glp,51,50.0,50.0,55.0,49.9,55.0
2016-10,MUN,ES|VITORIA,glp,24,52.75,50.0,55.0,50.0,55.0
2016-10,MUN,GO|AGUAS LINDAS DE GOIAS,glp,15,55.0,53.0,56.6,53.0,58.0
2016-10,MUN,GO|ANAPOLIS,glp,68,55.0,53.0,57.15,53.0,60.0
2016-10,MUN,GO|APARECIDA DE GOIANIA,glp,61,56.0,55.0,60.0,50.0,61.0
2016-10,MUN,GO|CALDAS NOVAS,glp,15,60.0,57.4,60.0,57.0,60.0
2016-10,MUN,GO|CATALAO,glp,9,55.0,50.0,55.2,50.0,56.0
2016-10,MUN,GO|FORMOSA,glp,11,60.0,57.0,60.0,57.0,60.0
2016-10,MUN,GO|GOIANIA,glp,113,56.0,55.0,60.0,50.0,62.0
2016-10,MUN,GO|GOIATUBA,glp,4,57.0,56.3,57.7,56.0,58.0
2016-10,MUN,GO|ITUMBIARA,glp,10,67.0,62.7,68.1,60.0,69.0
2016-10,MUN,GO|JARAGUA,glp,1,54.0,54.0,54.0,54.0,54.0
2016-10,MUN,GO|JATAI,glp,23,63.0,61.2,64.8,58.0,65.0
2016-10,MUN,GO|LUZIANIA,glp,17,55.0,50.0,55.0,50.0,58.0
2016-10,MUN,GO|MINEIROS,glp,7,60.0,59.6,61.0,59.0,61.0
2016-10,MUN,GO|MORRINHOS,glp,9,57.0,50.0,57.2,50.0,58.0
2016-10,MUN,GO|PORANGATU,glp,15,60.0,55.0,60.0,55.0,60.0
2016-10,MUN,GO|RIO VERDE,glp,16,60.0,58.0,60.0,58.0,62.0
2016-10,MUN,GO|TRINDADE,glp,25,57.0,55.0,60.0,55.0,60.0
2016-10,MUN,GO|VALPARAISO DE GOIAS,glp,16,55.0,55.0,57.0,50.0,57.0
2016-10,MUN,MA|ACAILANDIA,glp,3,60.0,60.0,60.0,60.0,60.0
2016-10,MUN,MA|BACABAL,glp,3,63.0,59.0,63.8,58.0,64.0
2016-10,MUN,MA|BALSAS,glp,3,75.0,75.0,75.0,75.0,75.0
2016-10,MUN,MA|BARRA DO CORDA,glp,5,62.0,62.0,62.0,62.0,62.0
2016-10,MUN,MA|CAXIAS,glp,2,67.5,65.5,69.5,65.0,70.0
2016-10,MUN,MA|CODO,glp,2,60.0,60.0,60.0,60.0,60.0
2016-10,MUN,MA|IMPERATRIZ,glp,45,60.0,57.5,60.0,55.0,60.0
2016-10,MUN,MA|PINHEIRO,glp,4,64.5,63.3,65.0,63.0,65.0
2016-10,MUN,MA|PRESIDENTE DUTRA,glp,3,60.0,60.0,60.0,60.0,60.0
2016-10,MUN,MA|SANTA INES,glp,3,66.0,64.4,66.0,64.0,66.0
2016-10,MUN,MA|SAO DOMINGOS DO MARANHAO,glp,2,60.0,60.0,60.0,60.0,60.0
2016-10,MUN,MA|SAO JOSE DE RIBAMAR,glp,11,45.0,45.0,48.0,45.0,48.0
2016-10,MUN,MA|SAO LUIS,glp,64,45.0,45.0,46.0,45.0,50.0
2016-10,MUN,MA|SAO VICENTE FERRER,glp,1,65.0,65.0,65.0,65.0,65.0
2016-10,MUN,MA|TIMON,glp,4,60.0,56.5,60.0,55.0,60.0
2016-10,MUN,MG|ALFENAS,glp,9,50.0,45.792,55.0,45.0,55.0
2016-10,MUN,MG|ARAGUARI,glp,7,58.0,55.0,60.0,55.0,60.0
2016-10,MUN,MG|ARAXA,glp,6,65.0,62.5,67.5,60.0,70.0
2016-10,MUN,MG|BARBACENA,glp,13,60.0,55.0,62.0,55.0,65.0
2016-10,MUN,MG|BELO HORIZONTE,glp,47,55.0,49.8,68.8,45.0,77.0
2016-10,MUN,MG|BETIM,glp,11,60.0,54.0,62.0,50.0,68.0
2016-10,MUN,MG|BOM DESPACHO,glp,4,64.5,64.0,65.7,64.0,66.0
2016-10,MUN,MG|CAMPO BELO,glp,6,55.0,51.5,55.0,48.0,55.0
2016-10,MUN,MG|CARATINGA,glp,2,55.0,55.0,55.0,55.0,55.0
2016-10,MUN,MG|CATAGUASES,glp,4,64.5,57.7,65.0,55.0,65.0
2016-10,MUN,MG|CONGONHAS,glp,6,60.0,57.5,60.0,55.0,60.0
2016-10,MUN,MG|CONSELHEIRO LAFAIETE,glp,7,55.0,50.0,55.0,50.0,55.0
2016-10,MUN,MG|CONTAGEM,glp,17,60.0,55.0,65.76,55.0,66.9
2016-10,MUN,MG|CORONEL FABRICIANO,glp,6,61.5,57.5,65.0,55.0,65.0
2016-10,MUN,MG|CURVELO,glp,5,60.0,57.0,60.0,55.0,60.0
2016-10,MUN,MG|DIAMANTINA,glp,3,65.0,65.0,66.6,65.0,67.0
2016-10,MUN,MG|DIVINOPOLIS,glp,17,55.0,51.8,60.0,50.0,60.0
2016-10,MUN,MG|FORMIGA,glp,6,55.0,50.0,56.0,50.0,56.0
2016-10,MUN,MG|FRUTAL,glp,6,47.95,46.45,50.0,45.0,50.0
2016-10,MUN,MG|GOVERNADOR VALADARES,glp,8,55.0,54.1,56.6,52.0,58.0
2016-10,MUN,MG|GUAXUPE,glp,7,55.0,52.6,57.0,52.0,60.0
2016-10,MUN,MG|IPATINGA,glp,16,55.0,52.5,57.5,50.0,58.0
2016-10,MUN,MG|ITABIRA,glp,5,64.0,62.8,65.0,62.0,65.0
2016-10,MUN,MG|ITAJUBA,glp,6,51.0,48.0,52.5,48.0,53.0
2016-10,MUN,MG|ITAUNA,glp,8,53.0,52.0,60.0,52.0,60.0
2016-10,MUN,MG|ITUIUTABA,glp,19,58.0,54.8,58.4,53.0,60.0
2016-10,MUN,MG|JANAUBA,glp,2,56.0,55.2,56.8,55.0,57.0
2016-10,MUN,MG|JANUARIA,glp,6,57.25,56.0,59.0,56.0,60.0
2016-10,MUN,MG|JOAO MONLEVADE,glp,7,50.0,48.0,55.4,48.0,56.0
2016-10,MUN,MG|JOAO PINHEIRO,glp,11,65.0,65.0,65.0,64.9,70.0
2016-10,MUN,MG|JUIZ DE FORA,glp,37,60.0,57.6,69.4,55.0,72.0
2016-10,MUN,MG|LAVRAS,glp,9,53.0,49.6,58.4,48.0,60.0
2016-10,MUN,MG|LEOPOLDINA,glp,7,62.0,57.8,63.0,54.5,63.0
2016-10,MUN,MG|MANHUACU,glp,6,55.0,53.5,58.0,53.0,58.0
2016-10,MUN,MG|MONTE CARMELO,glp,9,55.0,54.6,55.0,53.0,55.0
2016-10,MUN,MG|MONTES CLAROS,glp,82,61.0,60.0,63.0,55.0,64.0
2016-10,MUN,MG|MURIAE,glp,5,60.0,57.0,65.6,55.0,66.0
2016-10,MUN,MG|NOVA LIMA,glp,5,56.0,53.8,61.0,53.0,63.0
2016-10,MUN,MG|OLIVEIRA,glp,4,43.25,41.95,44.55,41.5,45.0
2016-10,MUN,MG|OURO PRETO,glp,4,60.5,55.0,66.0,55.0,66.0
2016-10,MUN,MG|PARA DE MINAS,glp,3,64.9,64.58,64.98,64.5,65.0
2016-10,MUN,MG|PARACATU,glp,8,53.75,49.25,56.5,47.5,60.0
2016-10,MUN,MG|PASSOS,glp,17,57.5,55.0,60.0,50.0,60.0
2016-10,MUN,MG|PATOS DE MINAS,glp,7,60.0,53.0,62.0,50.0,65.0
2016-10,MUN,MG|PATROCINIO,glp,4,56.5,48.0,59.4,45.0,60.0
2016-10,MUN,MG|POCOS DE CALDAS,glp,22,52.5,50.2,53.0,50.0,53.0
2016-10,MUN,MG|POUSO ALEGRE,glp,6,53.0,50.0,55.0,50.0,55.0
2016-10,MUN,MG|RIBEIRAO DAS NEVES,glp,13,55.0,51.0,65.0,48.0,68.0
2016-10,MUN,MG|SABARA,glp,8,55.0,54.7,60.0,54.0,60.0
2016-10,MUN,MG|SANTA LUZIA,glp,11,60.0,55.0,65.0,55.0,65.0
2016-10,MUN,MG|SAO JOAO DEL REI,glp,15,55.0,54.4,60.0,50.0,60.0
2016-10,MUN,MG|SAO LOURENCO,glp,3,55.0,51.0,57.8,50.0,58.5
2016-10,MUN,MG|SAO SEBASTIAO DO PARAISO,glp,14,55.0,51.5,58.5,50.0,62.0
2016-10,MUN,MG|SETE LAGOAS,glp,26,58.0,49.0,62.5,48.0,65.0
2016-10,MUN,MG|TEOFILO OTONI,glp,17,55.0,51.2,60.0,48.5,60.0
2016-10,MUN,MG|TIMOTEO,glp,5,60.0,59.4,61.2,59.0,62.0
2016-10,MUN,MG|TRES CORACOES,glp,8,55.0,51.7,56.5,51.0,60.0
2016-10,MUN,MG|UBA,glp,11,69.99,64.0,70.0,63.0,70.0
2016-10,MUN,MG|UBERABA,glp,16,55.0,55.0,60.0,55.0,60.0
2016-10,MUN,MG|UBERLANDIA,glp,27,60.0,58.0,65.0,55.0,65.0
2016-10,MUN,MG|UNAI,glp,6,70.0,65.0,70.0,60.0,70.0
2016-10,MUN,MG|VARGINHA,glp,14,51.0,50.0,54.7,50.0,55.0
2016-10,MUN,MG|VESPASIANO,glp,10,62.5,59.5,65.5,55.0,70.0
2016-10,MUN,MG|VICOSA,glp,3,65.0,61.0,67.4,60.0,68.0
2016-10,MUN,MS|BATAYPORA,glp,1,65.0,65.0,65.0,65.0,65.0
2016-10,MUN,MS|CAMPO GRANDE,glp,372,66.0,64.0,67.0,58.0,69.0
2016-10,MUN,MS|CORUMBA,glp,5,65.0,60.8,65.0,58.0,65.0
2016-10,MUN,MS|COXIM,glp,7,82.0,80.0,83.2,80.0,85.0
2016-10,MUN,MS|DOURADOS,glp,29,65.0,60.0,70.2,57.0,75.0
2016-10,MUN,MS|NOVA ANDRADINA,glp,10,65.0,64.8,68.2,63.0,70.0
2016-10,MUN,MS|PARANAIBA,glp,10,70.0,69.5,70.0,65.0,70.0
2016-10,MUN,MS|PONTA PORA,glp,2,57.0,57.0,57.0,57.0,57.0
2016-10,MUN,MS|TRES LAGOAS,glp,7,50.0,50.0,53.5,50.0,55.0
2016-10,MUN,MT|ALTA FLORESTA,glp,6,85.0,82.5,90.0,80.0,90.0
2016-10,MUN,MT|CACERES,glp,10,64.0,59.5,68.1,55.0,69.0
2016-10,MUN,MT|CUIABA,glp,141,75.0,68.0,80.0,57.5,84.8
2016-10,MUN,MT|RONDONOPOLIS,glp,12,85.0,80.2,85.0,75.0,90.0
2016-10,MUN,MT|SINOP,glp,16,70.0,70.0,75.0,69.0,75.0
2016-10,MUN,MT|SORRISO,glp,10,85.0,84.0,90.0,75.0,90.0
2016-10,MUN,MT|VARZEA GRANDE,glp,41,75.0,70.0,80.0,67.0,80.0
2016-10,MUN,PA|ABAETETUBA,glp,6,54.0,53.0,58.25,53.0,60.0
2016-10,MUN,PA|ALENQUER,glp,3,61.0,60.2,61.8,60.0,62.0
2016-10,MUN,PA|ALTAMIRA,glp,8,70.0,70.0,70.0,70.0,70.0
2016-10,MUN,PA|ANANINDEUA,glp,25,59.0,51.2,60.0,50.0,60.0
2016-10,MUN,PA|BELEM,glp,81,55.0,50.0,58.0,45.0,60.0
2016-10,MUN,PA|BRAGANCA,glp,8,65.0,62.1,65.0,60.0,65.0
2016-10,MUN,PA|CAMETA,glp,5,60.0,53.2,60.0,50.0,60.0
2016-10,MUN,PA|CASTANHAL,glp,5,60.0,60.0,65.0,60.0,65.0
2016-10,MUN,PA|CONCEICAO DO ARAGUAIA,glp,5,70.0,63.2,74.0,60.0,75.0
2016-10,MUN,PA|ITAITUBA,glp,5,65.0,60.0,76.0,60.0,80.0
2016-10,MUN,PA|MARABA,glp,7,75.0,64.4,75.0,63.5,75.0
2016-10,MUN,PA|PARAGOMINAS,glp,3,76.0,74.8,76.0,74.5,76.0
2016-10,MUN,PA|PARAUAPEBAS,glp,3,75.0,75.0,75.8,75.0,76.0
2016-10,MUN,PA|REDENCAO,glp,5,78.0,75.4,78.0,75.0,78.0
2016-10,MUN,PA|SANTAREM,glp,27,57.0,55.0,60.0,53.0,60.0
2016-10,MUN,PA|XINGUARA,glp,5,75.0,71.6,75.0,70.0,75.0
2016-10,MUN,PB|BAYEUX,glp,5,50.0,47.0,55.0,45.0,55.0
2016-10,MUN,PB|CABEDELO,glp,7,55.0,55.0,55.8,55.0,57.0
2016-10,MUN,PB|CAMPINA GRANDE,glp,26,55.0,50.0,58.75,50.0,60.0
2016-10,MUN,PB|JOAO PESSOA,glp,25,55.0,50.0,55.0,45.0,55.0
2016-10,MUN,PB|PATOS,glp,4,49.0,45.9,50.0,45.0,50.0
2016-10,MUN,PB|PIANCO,glp,1,60.0,60.0,60.0,60.0,60.0
2016-10,MUN,PB|SANTA RITA,glp,7,50.0,47.6,50.0,47.0,50.0
2016-10,MUN,PB|SOUSA,glp,4,44.5,44.0,45.7,44.0,46.0
2016-10,MUN,PE|ABREU E LIMA,glp,11,50.0,47.0,50.0,45.0,55.0
2016-10,MUN,PE|ARARIPINA,glp,3,55.0,55.0,59.0,55.0,60.0
2016-10,MUN,PE|ARCOVERDE,glp,4,55.0,55.0,58.5,55.0,60.0
2016-10,MUN,PE|BELO JARDIM,glp,2,49.0,48.2,49.8,48.0,50.0
2016-10,MUN,PE|CABO DE SANTO AGOSTINHO,glp,11,50.0,45.0,50.0,45.0,52.5
2016-10,MUN,PE|CACHOEIRINHA,glp,1,50.0,50.0,50.0,50.0,50.0
2016-10,MUN,PE|CAMARAGIBE,glp,16,50.0,48.75,51.625,48.0,57.5
2016-10,MUN,PE|CARUARU,glp,13,45.0,45.0,49.792,45.0,50.0
2016-10,MUN,PE|GARANHUNS,glp,7,50.5,50.0,55.0,50.0,55.0
2016-10,MUN,PE|GOIANA,glp,2,57.5,55.5,59.5,55.0,60.0
2016-10,MUN,PE|GRAVATA,glp,6,47.0,45.0,50.0,45.0,50.0
2016-10,MUN,PE|IGARASSU,glp,26,50.0,48.0,53.75,45.0,55.0
2016-10,MUN,PE|JABOATAO DOS GUARARAPES,glp,51,48.0,45.0,50.0,44.995,55.0
2016-10,MUN,PE|LAJEDO,glp,4,40.0,40.0,47.0,40.0,50.0
2016-10,MUN,PE|OLINDA,glp,39,45.0,44.99,50.0,42.0,60.0
2016-10,MUN,PE|PAULISTA,glp,19,50.0,47.4,55.0,45.0,58.0
2016-10,MUN,PE|PETROLINA,glp,15,50.0,47.0,52.6,47.0,53.0
2016-10,MUN,PE|RECIFE,glp,95,49.995,45.0,50.0,42.0,52.5
2016-10,MUN,PE|SALGUEIRO,glp,3,65.0,65.0,65.0,65.0,65.0
2016-10,MUN,PE|SANTA CRUZ DO CAPIBARIBE,glp,5,50.0,47.9,50.0,46.5,50.0
2016-10,MUN,PE|SERRA TALHADA,glp,3,65.0,61.0,65.0,60.0,65.0
2016-10,MUN,PE|VITORIA DE SANTO ANTAO,glp,15,45.0,45.0,53.0,45.0,55.0
2016-10,MUN,PI|CAMPO MAIOR,glp,4,67.0,67.0,67.0,67.0,67.0
2016-10,MUN,PI|PARNAIBA,glp,2,58.0,58.0,58.0,58.0,58.0
2016-10,MUN,PI|PICOS,glp,2,62.5,60.5,64.5,60.0,65.0
2016-10,MUN,PI|PIRIPIRI,glp,4,67.0,65.6,67.0,65.0,67.0
2016-10,MUN,PI|TERESINA,glp,65,55.0,53.5,55.0,49.99,60.0
2016-10,MUN,PR|ALMIRANTE TAMANDARE,glp,1,55.0,55.0,55.0,55.0,55.0
2016-10,MUN,PR|APUCARANA,glp,19,55.0,54.9,58.4,49.5,60.0
2016-10,MUN,PR|ARAPONGAS,glp,17,50.0,49.9,62.0,49.9,65.0
2016-10,MUN,PR|ARAUCARIA,glp,13,50.0,50.0,54.4,50.0,62.0
2016-10,MUN,PR|ASSIS CHATEAUBRIAND,glp,6,65.0,58.25,66.0,53.0,67.0
2016-10,MUN,PR|CAMBE,glp,15,55.0,52.8,60.0,50.0,60.0
2016-10,MUN,PR|CAMPO LARGO,glp,15,52.0,48.8,55.0,46.0,58.0
2016-10,MUN,PR|CAMPO MOURAO,glp,14,64.0,60.0,67.1,60.0,68.0
2016-10,MUN,PR|CASCAVEL,glp,77,71.0,70.0,72.0,68.0,72.0
2016-10,MUN,PR|CASTRO,glp,7,65.0,62.4,68.0,60.0,68.0
2016-10,MUN,PR|CIANORTE,glp,14,65.0,60.0,65.0,60.0,70.0
2016-10,MUN,PR|COLOMBO,glp,23,53.0,50.0,55.0,50.0,59.0
2016-10,MUN,PR|CORNELIO PROCOPIO,glp,3,63.0,56.6,64.6,55.0,65.0
2016-10,MUN,PR|CURITIBA,glp,70,55.0,50.0,59.991,47.9,64.0
2016-10,MUN,PR|CURIUVA,glp,1,55.0,55.0,55.0,55.0,55.0
2016-10,MUN,PR|FOZ DO IGUACU,glp,19,53.0,50.0,57.0,48.0,62.0
2016-10,MUN,PR|FRANCISCO BELTRAO,glp,6,55.0,52.5,57.5,50.0,60.0
2016-10,MUN,PR|GUARAPUAVA,glp,12,64.0,60.0,69.5,60.0,75.0
2016-10,MUN,PR|JESUITAS,glp,1,53.0,53.0,53.0,53.0,53.0
2016-10,MUN,PR|LARANJEIRAS DO SUL,glp,8,64.5,62.1,65.0,60.0,65.0
2016-10,MUN,PR|LONDRINA,glp,106,58.0,55.0,60.0,45.0,65.0
2016-10,MUN,PR|MARECHAL CANDIDO RONDON,glp,7,58.0,52.96,62.0,49.9,65.0
2016-10,MUN,PR|MARINGA,glp,37,68.0,65.0,70.0,65.0,70.0
2016-10,MUN,PR|PARANAGUA,glp,10,45.0,42.9,50.0,42.0,50.0
2016-10,MUN,PR|PARANAVAI,glp,11,63.0,60.0,70.0,58.0,70.0
2016-10,MUN,PR|PATO BRANCO,glp,11,68.0,68.0,78.95,68.0,79.45
2016-10,MUN,PR|PINHAIS,glp,16,55.0,49.0,56.0,45.0,57.0
2016-10,MUN,PR|PONTA GROSSA,glp,18,55.0,50.0,58.3,50.0,60.0
2016-10,MUN,PR|RAMILANDIA,glp,1,53.0,53.0,53.0,53.0,53.0
2016-10,MUN,PR|SANTO ANTONIO DA PLATINA,glp,14,53.0,50.0,55.97,50.0,57.0
2016-10,MUN,PR|SAO JOSE DOS PINHAIS,glp,14,53.95,47.87,55.0,46.9,55.0
2016-10,MUN,PR|TERRA BOA,glp,1,65.0,65.0,65.0,65.0,65.0
2016-10,MUN,PR|TOLEDO,glp,19,65.0,62.6,68.0,53.0,70.0
2016-10,MUN,PR|UMUARAMA,glp,16,70.0,68.0,70.0,68.0,70.0
2016-10,MUN,PR|UNIAO DA VITORIA,glp,5,60.0,60.0,61.6,60.0,62.0
2016-10,MUN,RJ|ANGRA DOS REIS,glp,5,58.0,58.0,65.0,58.0,65.0
2016-10,MUN,RJ|ARARUAMA,glp,6,46.5,42.995,48.995,42.99,49.0
2016-10,MUN,RJ|BARRA DO PIRAI,glp,3,56.0,55.2,67.2,55.0,70.0
2016-10,MUN,RJ|BARRA MANSA,glp,12,54.5,50.2,59.95,49.0,60.0
2016-10,MUN,RJ|BELFORD ROXO,glp,6,60.0,55.0,60.0,50.0,60.0
2016-10,MUN,RJ|CABO FRIO,glp,4,49.995,44.397,50.0,42.0,50.0
2016-10,MUN,RJ|CAMPOS DOS GOYTACAZES,glp,21,60.0,50.0,60.0,50.0,60.0
2016-10,MUN,RJ|DUQUE DE CAXIAS,glp,28,50.0,44.85,55.0,41.5,55.5
2016-10,MUN,RJ|ITABORAI,glp,5,50.0,50.0,52.9,50.0,53.5
2016-10,MUN,RJ|ITAGUAI,glp,3,49.9,45.98,49.9,45.0,49.9
2016-10,MUN,RJ|ITAPERUNA,glp,4,58.0,58.0,59.4,58.0,60.0
2016-10,MUN,RJ|MACAE,glp,4,60.0,58.6,63.5,58.0,65.0
2016-10,MUN,RJ|MAGE,glp,3,46.0,44.4,49.2,44.0,50.0
2016-10,MUN,RJ|MANGARATIBA,glp,2,49.95,49.91,49.99,49.9,50.0
2016-10,MUN,RJ|MARICA,glp,3,50.0,44.4,50.0,43.0,50.0
2016-10,MUN,RJ|NILOPOLIS,glp,4,55.0,55.0,62.0,55.0,65.0
2016-10,MUN,RJ|NITEROI,glp,7,47.0,40.0,50.0,40.0,50.0
2016-10,MUN,RJ|NOVA FRIBURGO,glp,5,60.0,60.0,62.0,60.0,62.0
2016-10,MUN,RJ|NOVA IGUACU,glp,20,51.0,48.799,55.0,45.0,60.0
2016-10,MUN,RJ|PARATY,glp,2,57.5,55.5,59.5,55.0,60.0
2016-10,MUN,RJ|PETROPOLIS,glp,7,50.9,49.9,60.0,49.9,60.0
2016-10,MUN,RJ|RESENDE,glp,6,48.998,45.0,55.0,45.0,55.0
2016-10,MUN,RJ|RIO BONITO,glp,3,42.0,42.0,42.0,42.0,42.0
2016-10,MUN,RJ|RIO DAS OSTRAS,glp,1,57.0,57.0,57.0,57.0,57.0
2016-10,MUN,RJ|RIO DE JANEIRO,glp,72,50.0,45.091,60.0,41.99,63.0
2016-10,MUN,RJ|SANTO ANTONIO DE PADUA,glp,2,39.95,39.95,39.95,39.95,39.95
2016-10,MUN,RJ|SAO FRANCISCO DE ITABAPOANA,glp,2,57.5,55.5,59.5,55.0,60.0
2016-10,MUN,RJ|SAO GONCALO,glp,10,43.0,40.0,45.5,40.0,50.0
2016-10,MUN,RJ|SAO JOAO DE MERITI,glp,8,50.0,47.397,55.0,45.99,55.0
2016-10,MUN,RJ|SAPUCAIA,glp,2,55.0,51.0,59.0,50.0,60.0
2016-10,MUN,RJ|SAQUAREMA,glp,5,42.0,42.0,49.6,42.0,50.0
2016-10,MUN,RJ|TERESOPOLIS,glp,8,56.0,50.0,63.0,50.0,63.0
2016-10,MUN,RJ|TRES RIOS,glp,2,50.0,50.0,50.0,50.0,50.0
2016-10,MUN,RJ|VALENCA,glp,5,60.0,59.4,60.0,59.0,60.0
2016-10,MUN,RJ|VASSOURAS,glp,2,56.5,55.3,57.7,55.0,58.0
2016-10,MUN,RJ|VOLTA REDONDA,glp,8,54.0,51.4,56.5,50.0,60.0
2016-10,MUN,RN|CAICO,glp,5,56.0,55.0,57.6,55.0,58.0
2016-10,MUN,RN|MOSSORO,glp,12,56.75,55.0,60.0,55.0,60.0
2016-10,MUN,RN|NATAL,glp,53,55.0,55.0,60.0,50.0,60.0
2016-10,MUN,RN|PARNAMIRIM,glp,19,55.0,55.0,60.0,50.0,60.0
2016-10,MUN,RN|SANTA CRUZ,glp,1,55.0,55.0,55.0,55.0,55.0
2016-10,MUN,RN|SAO JOSE DE MIPIBU,glp,8,59.25,56.75,60.3,55.0,61.0
2016-10,MUN,RO|ARIQUEMES,glp,4,63.0,60.9,63.7,60.0,64.0
2016-10,MUN,RO|CACOAL,glp,4,68.0,68.0,68.0,68.0,68.0
2016-10,MUN,RO|GUAJARA-MIRIM,glp,5,60.0,60.0,63.0,60.0,65.0
2016-10,MUN,RO|JI-PARANA,glp,12,60.0,60.0,66.9,60.0,68.0
2016-10,MUN,RO|PIMENTA BUENO,glp,4,68.0,68.0,68.0,68.0,68.0
2016-10,MUN,RO|PORTO VELHO,glp,54,55.0,50.0,56.7,49.0,60.0
2016-10,MUN,RO|VILHENA,glp,8,67.0,65.7,68.3,65.0,69.0
2016-10,MUN,RR|BOA VISTA,glp,37,60.0,57.6,62.0,56.0,65.0
2016-10,MUN,RS|ALEGRETE,glp,7,54.0,48.6,54.4,48.0,55.0
2016-10,MUN,RS|ALVORADA,glp,7,60.0,54.0,60.0,54.0,60.0
2016-10,MUN,RS|BAGE,glp,24,68.0,66.0,70.0,65.0,70.0
2016-10,MUN,RS|BENTO GONCALVES,glp,4,68.0,63.8,68.0,62.0,68.0
2016-10,MUN,RS|CACAPAVA DO SUL,glp,6,63.0,59.5,63.0,59.0,63.0
2016-10,MUN,RS|CACHOEIRA DO SUL,glp,11,45.0,45.0,52.0,45.0,54.0
2016-10,MUN,RS|CACHOEIRINHA,glp,7,55.0,50.0,56.6,50.0,59.0
2016-10,MUN,RS|CANOAS,glp,30,54.0,47.95,55.3,45.0,59.0
2016-10,MUN,RS|CAXIAS DO SUL,glp,44,55.0,50.0,59.7,45.0,60.0
2016-10,MUN,RS|CRUZ ALTA,glp,3,48.0,45.6,48.0,45.0,48.0
2016-10,MUN,RS|ERECHIM,glp,6,62.0,60.0,64.0,60.0,65.0
2016-10,MUN,RS|ESTEIO,glp,15,57.0,52.4,58.0,50.0,58.0
2016-10,MUN,RS|GRAMADO,glp,6,57.0,55.5,61.0,55.0,62.0
2016-10,MUN,RS|GRAVATAI,glp,18,54.5,49.85,55.0,49.5,58.0
2016-10,MUN,RS|GUAIBA,glp,6,53.5,48.95,55.5,48.0,56.0
2016-10,MUN,RS|GUARANI DAS MISSOES,glp,1,57.0,57.0,57.0,57.0,57.0
2016-10,MUN,RS|IJUI,glp,9,53.5,47.4,57.2,45.0,60.0
2016-10,MUN,RS|LAJEADO,glp,11,55.0,53.0,59.0,53.0,60.0
2016-10,MUN,RS|NOVO HAMBURGO,glp,19,50.0,50.0,54.2,45.0,58.0
2016-10,MUN,RS|OSORIO,glp,6,63.5,60.0,66.5,58.0,68.0
2016-10,MUN,RS|PALMEIRA DAS MISSOES,glp,7,59.0,55.0,60.0,55.0,60.0
2016-10,MUN,RS|PASSO FUNDO,glp,36,50.0,48.0,55.0,45.0,58.0
2016-10,MUN,RS|PELOTAS,glp,22,52.0,45.5,58.0,45.0,60.0
2016-10,MUN,RS|PORTAO,glp,1,50.0,50.0,50.0,50.0,50.0
2016-10,MUN,RS|PORTO ALEGRE,glp,45,60.0,51.6,65.0,50.0,69.0
2016-10,MUN,RS|RIO GRANDE,glp,12,50.0,48.1,53.0,48.0,53.0
2016-10,MUN,RS|SANTA CRUZ DO SUL,glp,16,58.0,53.5,61.0,52.0,64.0
2016-10,MUN,RS|SANTA MARIA,glp,76,64.0,57.0,70.0,55.0,72.0
2016-10,MUN,RS|SANTA ROSA,glp,6,55.5,54.5,56.5,54.0,57.0
2016-10,MUN,RS|SANTANA DO LIVRAMENTO,glp,15,60.0,55.0,64.0,55.0,65.0
2016-10,MUN,RS|SANTO ANGELO,glp,4,57.0,55.6,58.4,55.0,59.0
2016-10,MUN,RS|SAO BORJA,glp,6,60.0,56.5,60.0,55.0,60.0
2016-10,MUN,RS|SAO GABRIEL,glp,14,65.5,55.0,66.7,53.0,67.0
2016-10,MUN,RS|SAO LEOPOLDO,glp,10,52.0,49.5,55.3,45.0,58.0
2016-10,MUN,RS|SAO LUIZ GONZAGA,glp,5,58.0,47.0,59.2,45.0,60.0
2016-10,MUN,RS|SAPIRANGA,glp,6,55.5,55.0,58.0,55.0,60.0
2016-10,MUN,RS|SAPUCAIA DO SUL,glp,20,55.0,50.0,60.0,49.0,64.0
2016-10,MUN,RS|TORRES,glp,6,60.0,60.0,60.0,60.0,60.0
2016-10,MUN,RS|TRAMANDAI,glp,2,58.0,58.0,58.0,58.0,58.0
2016-10,MUN,RS|URUGUAIANA,glp,11,57.0,52.0,62.0,52.0,62.0
2016-10,MUN,RS|VACARIA,glp,7,55.0,50.0,55.0,50.0,55.0
2016-10,MUN,RS|VIAMAO,glp,23,57.0,55.0,60.0,53.0,62.0
2016-10,MUN,SC|ARARANGUA,glp,4,50.0,50.0,53.5,50.0,55.0
2016-10,MUN,SC|BALNEARIO CAMBORIU,glp,4,55.0,50.8,55.0,49.0,55.0
2016-10,MUN,SC|BIGUACU,glp,5,55.0,53.8,56.2,53.0,57.0
2016-10,MUN,SC|BLUMENAU,glp,15,60.0,57.0,64.0,55.0,65.0
2016-10,MUN,SC|BRUSQUE,glp,7,53.0,50.0,55.0,50.0,55.0
2016-10,MUN,SC|CACADOR,glp,6,58.0,58.0,64.0,58.0,65.0
2016-10,MUN,SC|CHAPECO,glp,14,65.0,60.0,66.7,58.0,69.0
2016-10,MUN,SC|CONCORDIA,glp,4,50.0,46.5,53.5,45.0,55.0
2016-10,MUN,SC|CRICIUMA,glp,12,50.0,48.0,54.0,48.0,55.0
2016-10,MUN,SC|FLORIANOPOLIS,glp,9,60.0,50.8,65.0,50.0,65.0
2016-10,MUN,SC|ITAJAI,glp,13,50.0,45.0,55.0,45.0,59.0
2016-10,MUN,SC|JARAGUA DO SUL,glp,6,52.0,49.0,56.0,49.0,58.0
2016-10,MUN,SC|JOINVILLE,glp,12,55.0,51.1,56.0,50.5,56.0
2016-10,MUN,SC|LAGES,glp,6,58.5,55.0,60.0,52.0,60.0
2016-10,MUN,SC|LAGUNA,glp,4,48.0,45.9,49.4,45.0,50.0
2016-10,MUN,SC|MAFRA,glp,5,62.9,56.4,67.2,54.0,68.0
2016-10,MUN,SC|PALHOCA,glp,4,50.0,49.0,55.9,49.0,58.0
2016-10,MUN,SC|SAO JOSE,glp,8,51.5,49.0,55.6,49.0,57.0
2016-10,MUN,SC|SAO MIGUEL DO OESTE,glp,3,59.9,55.98,59.98,55.0,60.0
2016-10,MUN,SC|TUBARAO,glp,5,50.0,47.4,51.2,47.0,52.0
2016-10,MUN,SC|VIDEIRA,glp,5,63.0,62.0,65.0,62.0,65.0
2016-10,MUN,SC|XANXERE,glp,5,58.0,56.2,59.2,55.0,60.0
2016-10,MUN,SE|ARACAJU,glp,32,57.0,50.2,60.0,42.0,65.0
2016-10,MUN,SE|ITABAIANA,glp,3,60.0,58.4,64.0,58.0,65.0
2016-10,MUN,SE|LAGARTO,glp,4,60.0,56.5,60.0,55.0,60.0
2016-10,MUN,SE|NOSSA SENHORA DO SOCORRO,glp,7,60.0,55.0,60.8,55.0,62.0
2016-10,MUN,SP|ADAMANTINA,glp,4,57.5,51.5,60.0,50.0,60.0
2016-10,MUN,SP|AMERICANA,glp,20,55.0,55.0,60.0,50.0,60.0
2016-10,MUN,SP|AMPARO,glp,5,56.0,54.4,60.2,54.0,61.0
2016-10,MUN,SP|ARACATUBA,glp,47,55.0,49.0,55.0,42.5,57.5
2016-10,MUN,SP|ARARAQUARA,glp,18,56.0,54.63,58.0,48.0,63.0
2016-10,MUN,SP|ARARAS,glp,8,53.85,49.9,60.03,49.9,65.0
2016-10,MUN,SP|ASSIS,glp,11,52.0,48.0,55.0,47.0,55.0
2016-10,MUN,SP|ATIBAIA,glp,17,53.0,49.2,55.0,48.0,57.0
2016-10,MUN,SP|AVARE,glp,9,55.0,50.0,56.0,50.0,60.0
2016-10,MUN,SP|BARRETOS,glp,4,54.5,49.8,55.0,48.0,55.0
2016-10,MUN,SP|BARUERI,glp,29,52.99,48.8,60.0,45.0,60.0
2016-10,MUN,SP|BAURU,glp,36,55.0,49.5,62.0,45.0,62.0
2016-10,MUN,SP|BEBEDOURO,glp,12,53.45,50.0,56.8,50.0,60.0
2016-10,MUN,SP|BIRIGUI,glp,20,50.0,45.0,55.0,45.0,55.0
2016-10,MUN,SP|BOTUCATU,glp,11,55.0,55.0,55.0,55.0,55.0
2016-10,MUN,SP|BRAGANCA PAULISTA,glp,7,50.0,45.6,50.0,45.0,50.0
2016-10,MUN,SP|CACAPAVA,glp,5,50.0,43.396,53.0,43.0,55.0
2016-10,MUN,SP|CAMPINAS,glp,54,50.0,48.0,55.0,47.0,61.5
2016-10,MUN,SP|CAMPOS DO JORDAO,glp,7,45.0,45.0,46.54,45.0,47.5
2016-10,MUN,SP|CAPAO BONITO,glp,3,58.0,57.2,59.6,57.0,60.0
2016-10,MUN,SP|CARAGUATATUBA,glp,3,48.0,41.6,49.6,40.0,50.0
2016-10,MUN,SP|CARAPICUIBA,glp,15,49.995,45.0,51.99,45.0,53.0
2016-10,MUN,SP|CATANDUVA,glp,11,54.9,50.0,57.0,49.99,57.0
2016-10,MUN,SP|COSMOPOLIS,glp,7,57.0,55.0,59.0,55.0,59.0
2016-10,MUN,SP|COTIA,glp,10,55.0,55.0,55.5,55.0,60.0
2016-10,MUN,SP|CRUZEIRO,glp,7,48.0,43.8,54.0,42.0,60.0
2016-10,MUN,SP|CUBATAO,glp,8,58.0,55.7,68.0,55.0,68.0
2016-10,MUN,SP|DIADEMA,glp,26,52.0,48.0,55.0,46.5,55.0
2016-10,MUN,SP|DRACENA,glp,3,63.0,60.6,64.6,60.0,65.0
2016-10,MUN,SP|EMBU DAS ARTES,glp,5,55.0,51.6,58.34,50.0,59.9
2016-10,MUN,SP|FRANCA,glp,39,49.0,48.0,52.2,45.0,55.0
2016-10,MUN,SP|GARCA,glp,4,55.0,53.25,58.5,52.5,60.0
2016-10,MUN,SP|GUARATINGUETA,glp,13,45.0,42.0,55.8,40.0,66.0
2016-10,MUN,SP|GUARUJA,glp,18,55.945,52.63,64.0,52.0,64.0
2016-10,MUN,SP|GUARULHOS,glp,37,50.0,45.0,60.0,42.0,62.0
2016-10,MUN,SP|HORTOLANDIA,glp,8,51.0,48.5,57.9,45.0,60.0
2016-10,MUN,SP|IBITINGA,glp,8,55.0,51.4,55.0,50.0,55.0
2016-10,MUN,SP|INDAIATUBA,glp,14,50.0,50.0,54.685,47.0,55.0
2016-10,MUN,SP|ITANHAEM,glp,3,52.0,46.4,53.6,45.0,54.0
2016-10,MUN,SP|ITAPECERICA DA SERRA,glp,6,52.5,49.0,62.5,48.0,65.0
2016-10,MUN,SP|ITAPETININGA,glp,15,53.0,47.0,59.6,45.0,60.0
2016-10,MUN,SP|ITAPEVA,glp,4,60.0,56.5,62.1,55.0,63.0
2016-10,MUN,SP|ITAPEVI,glp,6,49.99,44.495,54.522,39.99,55.0
2016-10,MUN,SP|ITAPIRA,glp,4,53.5,50.6,58.5,50.0,60.0
2016-10,MUN,SP|ITAPOLIS,glp,12,59.9,58.0,60.9,52.0,62.5
2016-10,MUN,SP|ITAQUAQUECETUBA,glp,12,45.0,43.15,47.346,35.0,48.0
2016-10,MUN,SP|ITATIBA,glp,4,57.0,55.6,57.7,55.0,58.0
2016-10,MUN,SP|ITU,glp,7,48.0,46.2,49.8,45.0,51.0
2016-10,MUN,SP|JABOTICABAL,glp,4,45.0,44.3,49.9,44.0,52.0
2016-10,MUN,SP|JACAREI,glp,13,49.0,45.0,55.0,45.0,58.0
2016-10,MUN,SP|JALES,glp,5,53.0,51.2,53.0,50.0,53.0
2016-10,MUN,SP|JANDIRA,glp,11,55.0,48.0,56.0,45.0,56.0
2016-10,MUN,SP|JAU,glp,12,50.0,48.19,50.0,45.0,60.0
2016-10,MUN,SP|JOSE BONIFACIO,glp,5,50.0,48.0,52.4,48.0,54.0
2016-10,MUN,SP|JUNDIAI,glp,11,55.0,50.0,58.0,50.0,60.0
2016-10,MUN,SP|LEME,glp,11,50.0,45.0,59.0,45.0,59.0
2016-10,MUN,SP|LIMEIRA,glp,12,50.0,48.0,52.7,47.0,55.0
2016-10,MUN,SP|LINS,glp,9,50.0,49.8,55.0,49.0,55.0
2016-10,MUN,SP|LORENA,glp,12,46.0,40.0,50.0,40.0,50.0
2016-10,MUN,SP|MARILIA,glp,6,57.0,55.0,58.0,55.0,58.0
2016-10,MUN,SP|MATAO,glp,11,55.0,54.0,57.0,50.0,58.0
2016-10,MUN,SP|MAUA,glp,31,59.99,47.945,60.0,44.995,60.0
2016-10,MUN,SP|MIRASSOL,glp,10,45.0,41.8,50.3,40.0,53.0
2016-10,MUN,SP|MOCOCA,glp,5,57.0,54.2,58.6,53.0,59.0
2016-10,MUN,SP|MOGI DAS CRUZES,glp,34,53.0,45.0,58.0,39.99,60.0
2016-10,MUN,SP|MOGI GUACU,glp,14,50.0,50.0,55.0,48.0,55.0
2016-10,MUN,SP|MOGI MIRIM,glp,9,45.0,43.0,52.0,43.0,60.0
2016-10,MUN,SP|MONTE ALTO,glp,8,50.0,45.0,53.53,45.0,55.0
2016-10,MUN,SP|OLIMPIA,glp,7,44.0,44.0,45.8,44.0,47.0
2016-10,MUN,SP|OSASCO,glp,60,52.993,49.99,59.0,47.99,61.0
2016-10,MUN,SP|OURINHOS,glp,14,53.0,50.0,55.0,50.0,56.0
2016-10,MUN,SP|PARAGUACU PAULISTA,glp,13,65.0,60.0,65.0,55.0,65.0
2016-10,MUN,SP|PATROCINIO PAULISTA,glp,1,49.99,49.99,49.99,49.99,49.99
2016-10,MUN,SP|PAULINIA,glp,13,50.0,49.0,55.0,48.0,55.0
2016-10,MUN,SP|PINDAMONHANGABA,glp,6,47.0,42.5,49.5,42.0,50.0
2016-10,MUN,SP|PIRACICABA,glp,21,55.0,50.0,57.0,50.0,60.0
2016-10,MUN,SP|PIRASSUNUNGA,glp,2,52.0,50.4,53.6,50.0,54.0
2016-10,MUN,SP|POA,glp,10,47.0,44.5,52.3,40.0,55.0
2016-10,MUN,SP|PORTO FERREIRA,glp,2,49.5,49.1,49.9,49.0,50.0
2016-10,MUN,SP|PRAIA GRANDE,glp,36,53.0,49.495,61.0,47.0,69.0
2016-10,MUN,SP|PRESIDENTE PRUDENTE,glp,24,55.5,46.5,60.0,40.0,60.0
2016-10,MUN,SP|PRESIDENTE VENCESLAU,glp,5,49.9,45.4,50.0,45.0,50.0
2016-10,MUN,SP|RIBEIRAO PIRES,glp,12,49.995,47.99,50.0,47.9,50.0
2016-10,MUN,SP|RIBEIRAO PRETO,glp,55,55.0,50.0,60.0,45.0,60.0
2016-10,MUN,SP|RIO CLARO,glp,7,45.0,40.0,47.0,40.0,50.0
2016-10,MUN,SP|SALTO,glp,9,48.0,45.8,52.2,45.0,53.0
2016-10,MUN,SP|SANTA BARBARA D'OESTE,glp,19,53.0,49.6,55.4,42.5,60.0
2016-10,MUN,SP|SANTA CRUZ DO RIO PARDO,glp,12,57.0,50.5,58.0,50.0,58.0
2016-10,MUN,SP|SANTO ANDRE,glp,37,54.99,49.19,61.16,44.99,69.0
2016-10,MUN,SP|SANTOS,glp,31,60.0,53.0,66.0,52.0,77.4
2016-10,MUN,SP|SAO BERNARDO DO CAMPO,glp,48,55.5,50.7,65.0,45.0,69.99
2016-10,MUN,SP|SAO CAETANO DO SUL,glp,5,64.99,58.99,65.0,54.99,65.0
2016-10,MUN,SP|SAO CARLOS,glp,18,55.0,54.63,62.9,52.0,68.0
2016-10,MUN,SP|SAO JOAO DA BOA VISTA,glp,7,55.0,55.0,55.0,55.0,55.0
2016-10,MUN,SP|SAO JOAQUIM DA BARRA,glp,7,50.0,48.0,50.0,48.0,50.0
2016-10,MUN,SP|SAO JOSE DO RIO PRETO,glp,24,55.0,50.0,58.0,45.0,62.0
2016-10,MUN,SP|SAO JOSE DOS CAMPOS,glp,23,52.0,46.0,57.8,45.0,60.0
2016-10,MUN,SP|SAO PAULO,glp,186,52.0,45.0,60.0,42.0,65.0
2016-10,MUN,SP|SAO ROQUE,glp,7,54.0,52.2,56.8,51.0,58.0
2016-10,MUN,SP|SAO VICENTE,glp,49,54.0,47.99,59.0,45.0,67.0
2016-10,MUN,SP|SERTAOZINHO,glp,15,51.5,50.0,53.0,45.0,55.0
2016-10,MUN,SP|SOROCABA,glp,19,54.0,48.98,57.2,45.0,58.0
2016-10,MUN,SP|SUMARE,glp,11,50.0,45.0,55.0,45.0,55.0
2016-10,MUN,SP|SUZANO,glp,11,58.0,53.0,59.0,48.99,61.0
2016-10,MUN,SP|TABOAO DA SERRA,glp,6,50.0,49.995,55.95,49.99,56.9
2016-10,MUN,SP|TATUI,glp,7,60.0,58.0,60.4,55.0,61.0
2016-10,MUN,SP|TAUBATE,glp,16,46.0,41.0,50.0,39.0,50.0
2016-10,MUN,SP|TUPA,glp,6,57.5,50.0,60.0,50.0,60.0
2016-10,MUN,SP|UBATUBA,glp,11,50.0,47.0,58.0,45.0,58.99
2016-10,MUN,SP|VALINHOS,glp,9,58.0,57.0,60.2,57.0,61.0
2016-10,MUN,SP|VARZEA PAULISTA,glp,6,45.5,43.0,50.0,42.0,50.0
2016-10,MUN,SP|VINHEDO,glp,4,69.0,67.6,69.0,67.0,69.0
2016-10,MUN,SP|VOTORANTIM,glp,17,55.0,48.0,55.0,45.0,55.0
2016-10,MUN,SP|VOTUPORANGA,glp,4,50.0,50.0,52.03,50.0,52.9
2016-10,MUN,TO|ARAGUAINA,glp,12,75.0,65.0,77.8,60.0,78.0
2016-10,MUN,TO|GURUPI,glp,34,70.0,65.9,70.0,65.0,73.0
2016-10,MUN,TO|MIRACEMA DO TOCANTINS,glp,1,70.0,70.0,70.0,70.0,70.0
2016-10,MUN,TO|PALMAS,glp,27,70.0,65.0,70.8,65.0,72.0
2016-10,MUN,TO|PARAISO DO TOCANTINS,glp,6,70.0,67.5,70.0,65.0,70.0
2016-10,MUN,TO|PORTO NACIONAL,glp,9,70.0,69.0,70.0,65.0,70.0
2016-10,UF,AC,glp,67,60.0,58.0,63.4,55.0,70.0
2016-10,UF,AL,glp,91,55.0,45.0,55.0,40.0,55.0
2016-10,UF,AM,glp,287,53.0,50.0,56.0,45.0,65.0
2016-10,UF,AP,glp,21,68.0,63.0,70.0,55.0,72.0
2016-10,UF,BA,glp,349,50.0,42.0,59.0,35.0,68.0
2016-10,UF,CE,glp,240,65.0,58.5,68.0,50.0,70.0
2016-10,UF,DF,glp,82,60.0,50.0,60.0,45.0,70.0
2016-10,UF,ES,glp,333,52.0,50.0,55.0,40.0,65.0
2016-10,UF,GO,glp,435,56.0,54.7,60.0,50.0,69.0
2016-10,UF,MA,glp,155,55.0,45.0,62.0,45.0,75.0
2016-10,UF,MG,glp,719,58.0,50.0,65.0,41.5,77.0
2016-10,UF,MS,glp,443,66.0,63.0,68.0,50.0,85.0
2016-10,UF,MT,glp,236,75.0,68.0,82.25,55.0,90.0
2016-10,UF,PA,glp,201,58.0,50.0,74.0,45.0,80.0
2016-10,UF,PB,glp,79,55.0,47.8,55.2,44.0,60.0
2016-10,UF,PE,glp,351,50.0,45.0,55.0,40.0,65.0
2016-10,UF,PI,glp,77,55.0,55.0,65.0,49.99,67.0
2016-10,UF,PR,glp,627,58.0,50.0,70.0,42.0,79.45
2016-10,UF,RJ,glp,290,50.95,44.86,60.0,39.95,70.0
2016-10,UF,RN,glp,98,55.25,55.0,60.0,50.0,61.0
2016-10,UF,RO,glp,91,56.0,52.0,68.0,49.0,69.0
2016-10,UF,RR,glp,37,60.0,57.6,62.0,56.0,65.0
2016-10,UF,RS,glp,590,56.0,50.0,66.0,45.0,72.0
2016-10,UF,SC,glp,156,55.0,49.0,65.0,45.0,69.0
2016-10,UF,SE,glp,46,58.0,52.5,60.0,42.0,65.0
2016-10,UF,SP,glp,1781,53.0,46.0,60.0,35.0,77.4
2016-10,UF,TO,glp,89,70.0,65.0,72.2,60.0,78.0
2016-11,BR,BR,glp,8652,55.0,48.0,67.0,35.0,90.0
2016-11,MUN,AC|CRUZEIRO DO SUL,glp,5,63.0,63.0,69.2,63.0,70.0
2016-11,MUN,AC|RIO BRANCO,glp,69,60.0,58.0,63.0,56.0,70.0
2016-11,MUN,AL|ARAPIRACA,glp,8,45.0,41.4,50.0,40.0,50.0
2016-11,MUN,AL|ATALAIA,glp,1,45.0,45.0,45.0,45.0,45.0
2016-11,MUN,AL|DELMIRO GOUVEIA,glp,3,55.0,55.0,59.0,55.0,60.0
2016-11,MUN,AL|MACEIO,glp,67,55.0,55.0,55.0,50.0,55.0
2016-11,MUN,AL|MARECHAL DEODORO,glp,10,55.0,54.9,55.0,54.0,55.0
2016-11,MUN,AL|PALMEIRA DOS INDIOS,glp,5,50.0,50.0,55.0,50.0,55.0
2016-11,MUN,AL|RIO LARGO,glp,5,45.0,45.0,49.2,45.0,50.0
2016-11,MUN,AL|SANTANA DO IPANEMA,glp,3,55.0,55.0,55.0,55.0,55.0
2016-11,MUN,AL|SAO JOSE DA LAJE,glp,1,55.0,55.0,55.0,55.0,55.0
2016-11,MUN,AM|HUMAITA,glp,4,62.5,60.0,65.0,60.0,65.0
2016-11,MUN,AM|ITACOATIARA,glp,12,60.0,59.1,64.5,55.0,65.0
2016-11,MUN,AM|MANACAPURU,glp,5,59.0,59.0,60.0,59.0,60.0
2016-11,MUN,AM|MANAUS,glp,198,53.0,50.0,55.0,48.0,57.0
2016-11,MUN,AM|PARINTINS,glp,3,55.0,55.0,59.0,55.0,60.0
2016-11,MUN,AM|TEFE,glp,3,64.0,64.0,65.6,64.0,66.0
2016-11,MUN,AP|CALCOENE,glp,1,67.0,67.0,67.0,67.0,67.0
2016-11,MUN,AP|MACAPA,glp,14,68.5,61.5,70.0,55.0,72.0
2016-11,MUN,AP|SANTANA,glp,8,66.0,65.0,68.6,65.0,70.0
2016-11,MUN,BA|ALAGOINHAS,glp,5,50.0,47.0,54.8,45.0,58.0
2016-11,MUN,BA|BARREIRAS,glp,8,55.0,47.1,63.0,45.0,63.0
2016-11,MUN,BA|BRUMADO,glp,4,53.0,53.0,54.4,53.0,55.0
2016-11,MUN,BA|CAETITE,glp,7,47.0,45.0,48.8,45.0,50.0
2016-11,MUN,BA|CAMACARI,glp,19,50.0,42.0,55.6,40.0,59.9
2016-11,MUN,BA|CANDEIAS,glp,6,45.0,43.0,46.0,42.0,46.0
2016-11,MUN,BA|CENTRAL,glp,1,42.0,42.0,42.0,42.0,42.0
2016-11,MUN,BA|EUNAPOLIS,glp,12,55.0,53.2,55.0,50.0,55.0
2016-11,MUN,BA|FEIRA DE SANTANA,glp,10,48.95,47.95,50.4,47.5,54.0
2016-11,MUN,BA|GUANAMBI,glp,19,42.0,42.0,42.0,42.0,43.0
2016-11,MUN,BA|ILHEUS,glp,8,60.0,46.4,61.937,45.0,62.0
2016-11,MUN,BA|IPIRA,glp,2,45.0,41.0,49.0,40.0,50.0
2016-11,MUN,BA|IRECE,glp,10,43.0,40.0,45.5,40.0,50.0
2016-11,MUN,BA|ITABUNA,glp,7,56.0,51.2,58.8,50.0,60.0
2016-11,MUN,BA|ITAMARAJU,glp,6,60.0,56.5,60.0,55.0,60.0
2016-11,MUN,BA|JACOBINA,glp,4,58.0,52.4,58.0,50.0,58.0
2016-11,MUN,BA|JAGUAQUARA,glp,4,43.5,38.5,45.0,37.0,45.0
2016-11,MUN,BA|JEQUIE,glp,10,37.0,36.8,45.0,35.0,45.0
2016-11,MUN,BA|JUAZEIRO,glp,7,48.0,47.2,50.0,46.0,50.0
2016-11,MUN,BA|LAURO DE FREITAS,glp,14,50.0,45.3,57.7,45.0,58.0
2016-11,MUN,BA|LIVRAMENTO DE NOSSA SENHORA,glp,4,50.0,50.0,50.0,50.0,50.0
2016-11,MUN,BA|PAULO AFONSO,glp,5,60.0,56.8,61.2,56.0,62.0
2016-11,MUN,BA|POCOES,glp,5,44.0,38.2,44.6,37.0,45.0
2016-11,MUN,BA|PORTO SEGURO,glp,9,50.0,45.0,65.0,45.0,65.0
2016-11,MUN,BA|SALVADOR,glp,83,55.0,46.5,62.0,45.0,67.0
2016-11,MUN,BA|SANTANOPOLIS,glp,1,54.0,54.0,54.0,54.0,54.0
2016-11,MUN,BA|SANTO ANTONIO DE JESUS,glp,6,48.5,45.0,50.0,45.0,50.0
2016-11,MUN,BA|SENHOR DO BONFIM,glp,4,50.0,43.0,50.0,40.0,50.0
2016-11,MUN,BA|SERRINHA,glp,3,45.0,41.0,45.0,40.0,45.0
2016-11,MUN,BA|SIMOES FILHO,glp,7,55.0,48.0,55.0,45.0,55.0
2016-11,MUN,BA|TEIXEIRA DE FREITAS,glp,11,50.0,50.0,50.0,48.0,55.0
2016-11,MUN,BA|VALENCA,glp,4,56.5,55.0,58.0,55.0,58.0
2016-11,MUN,BA|VITORIA DA CONQUISTA,glp,8,54.0,50.7,55.0,50.0,55.0
2016-11,MUN,CE|BEBERIBE,glp,5,66.0,65.4,67.2,65.0,68.0
2016-11,MUN,CE|CANINDE,glp,5,55.0,55.0,58.0,55.0,58.0
2016-11,MUN,CE|CAUCAIA,glp,39,65.0,60.0,65.0,60.0,66.5
2016-11,MUN,CE|CRATEUS,glp,6,60.0,58.0,60.0,58.0,60.0
2016-11,MUN,CE|CRATO,glp,20,65.0,59.8,65.0,57.5,66.0
2016-11,MUN,CE|FORTALEZA,glp,146,65.0,60.0,66.0,56.5,69.0
2016-11,MUN,CE|ICO,glp,5,60.0,58.0,60.0,58.0,60.0
2016-11,MUN,CE|IGUATU,glp,4,55.5,55.0,57.4,55.0,58.0
2016-11,MUN,CE|IPU,glp,3,60.0,56.8,60.0,56.0,60.0
2016-11,MUN,CE|ITAPIPOCA,glp,6,55.5,55.0,61.5,55.0,65.0
2016-11,MUN,CE|JUAZEIRO DO NORTE,glp,18,60.0,57.4,62.9,55.0,65.0
2016-11,MUN,CE|LIMOEIRO DO NORTE,glp,5,60.0,56.2,61.2,55.0,62.0
2016-11,MUN,CE|MARACANAU,glp,15,66.0,60.0,69.0,60.0,69.0
2016-11,MUN,CE|MORADA NOVA,glp,3,60.0,56.4,60.0,55.5,60.0
2016-11,MUN,CE|QUIXADA,glp,8,56.0,55.0,58.0,55.0,58.0
2016-11,MUN,CE|SOBRAL,glp,10,58.0,55.0,60.0,55.0,60.0
2016-11,MUN,DF|BRASILIA,glp,73,60.0,55.0,67.4,48.0,72.0
2016-11,MUN,ES|ARACRUZ,glp,7,55.0,49.2,59.9,48.0,62.0
2016-11,MUN,ES|BARRA DE SAO FRANCISCO,glp,5,62.0,62.0,63.8,62.0,65.0
2016-11,MUN,ES|CACHOEIRO DE ITAPEMIRIM,glp,17,55.0,53.0,60.0,50.0,60.0
2016-11,MUN,ES|CARIACICA,glp,51,52.0,50.0,55.0,49.9,55.0
2016-11,MUN,ES|COLATINA,glp,9,52.5,50.0,59.0,50.0,65.0
2016-11,MUN,ES|GUARAPARI,glp,21,53.5,50.0,55.0,50.0,55.0
2016-11,MUN,ES|ITAPEMIRIM,glp,4,53.95,49.9,62.9,49.9,65.0
2016-11,MUN,ES|LINHARES,glp,18,50.0,46.75,55.0,45.0,60.0
2016-11,MUN,ES|MARATAIZES,glp,1,55.0,55.0,55.0,55.0,55.0
2016-11,MUN,ES|SAO MATEUS,glp,8,54.0,43.5,55.0,40.0,55.0
2016-11,MUN,ES|SERRA,glp,102,52.0,50.0,55.0,49.9,55.0
2016-11,MUN,ES|VILA VELHA,glp,39,52.0,50.0,55.0,50.0,55.0
2016-11,MUN,ES|VITORIA,glp,19,52.0,50.0,55.0,50.0,55.0
2016-11,MUN,GO|AGUAS LINDAS DE GOIAS,glp,10,55.0,53.0,57.1,53.0,58.0
2016-11,MUN,GO|ANAPOLIS,glp,66,54.0,53.0,56.0,52.0,60.0
2016-11,MUN,GO|APARECIDA DE GOIANIA,glp,43,56.0,55.0,60.8,50.0,62.0
2016-11,MUN,GO|CALDAS NOVAS,glp,15,60.0,59.0,60.0,57.0,60.0
2016-11,MUN,GO|CATALAO,glp,11,55.0,50.0,56.0,50.0,56.0
2016-11,MUN,GO|FORMOSA,glp,11,60.0,57.0,60.0,57.0,60.0
2016-11,MUN,GO|GOIANIA,glp,97,57.0,55.0,60.0,50.0,62.0
2016-11,MUN,GO|GOIATUBA,glp,6,57.0,56.5,58.0,56.0,58.0
2016-11,MUN,GO|ITUMBIARA,glp,12,67.0,63.2,68.0,60.0,68.0
2016-11,MUN,GO|JARAGUA,glp,1,54.0,54.0,54.0,54.0,54.0
2016-11,MUN,GO|JATAI,glp,36,64.5,62.0,65.0,61.0,66.0
2016-11,MUN,GO|LUZIANIA,glp,35,55.0,51.2,56.0,50.0,58.0
2016-11,MUN,GO|MINEIROS,glp,8,60.5,60.0,61.0,60.0,61.0
2016-11,MUN,GO|MORRINHOS,glp,10,57.0,52.25,57.1,50.0,58.0
2016-11,MUN,GO|PORANGATU,glp,19,60.0,55.0,60.0,55.0,60.0
2016-11,MUN,GO|RIO VERDE,glp,24,60.0,58.0,65.0,58.0,66.0
2016-11,MUN,GO|TRINDADE,glp,32,55.5,55.0,59.8,54.0,60.0
2016-11,MUN,GO|VALPARAISO DE GOIAS,glp,15,55.0,52.0,57.0,50.0,57.0
2016-11,MUN,MA|ACAILANDIA,glp,4,60.0,60.0,60.0,60.0,60.0
2016-11,MUN,MA|BACABAL,glp,4,62.5,62.0,63.0,62.0,63.0
2016-11,MUN,MA|BALSAS,glp,6,72.5,67.5,75.0,65.0,75.0
2016-11,MUN,MA|BARRA DO CORDA,glp,5,62.0,62.0,62.9,62.0,63.5
2016-11,MUN,MA|CAXIAS,glp,2,68.75,67.75,69.75,67.5,70.0
2016-11,MUN,MA|CODO,glp,2,60.0,60.0,60.0,60.0,60.0
2016-11,MUN,MA|IMPERATRIZ,glp,82,55.0,50.0,60.0,50.0,60.0
2016-11,MUN,MA|PINHEIRO,glp,3,65.0,63.4,65.0,63.0,65.0
2016-11,MUN,MA|PRESIDENTE DUTRA,glp,5,65.0,60.0,65.0,60.0,65.0
2016-11,MUN,MA|SANTA INES,glp,4,62.0,60.6,64.1,60.0,65.0
2016-11,MUN,MA|SAO DOMINGOS DO MARANHAO,glp,1,60.0,60.0,60.0,60.0,60.0
2016-11,MUN,MA|SAO JOSE DE RIBAMAR,glp,12,45.0,45.0,45.0,44.99,45.0
2016-11,MUN,MA|SAO LUIS,glp,68,45.0,45.0,45.0,44.99,50.0
2016-11,MUN,MA|TIMON,glp,3,65.0,65.0,65.0,65.0,65.0
2016-11,MUN,MG|ALFENAS,glp,9,50.0,47.198,52.6,45.99,55.0
2016-11,MUN,MG|ARAGUARI,glp,7,57.0,53.0,60.0,50.0,60.0
2016-11,MUN,MG|ARAXA,glp,6,65.0,59.0,68.75,58.0,70.0
2016-11,MUN,MG|BARBACENA,glp,15,60.0,55.0,63.0,55.0,65.0
2016-11,MUN,MG|BELO HORIZONTE,glp,46,55.0,49.0,65.0,45.0,70.0
2016-11,MUN,MG|BETIM,glp,11,57.0,54.0,60.0,51.5,62.5
2016-11,MUN,MG|BOM DESPACHO,glp,3,65.0,64.2,65.0,64.0,65.0
2016-11,MUN,MG|CAMPO BELO,glp,9,46.0,45.0,55.0,45.0,55.0
2016-11,MUN,MG|CARATINGA,glp,3,55.0,55.0,57.0,55.0,57.5
2016-11,MUN,MG|CATAGUASES,glp,5,62.0,62.0,63.0,62.0,63.0
2016-11,MUN,MG|CONGONHAS,glp,6,60.75,57.5,61.5,55.0,61.5
2016-11,MUN,MG|CONSELHEIRO LAFAIETE,glp,8,55.0,53.5,55.0,50.0,55.0
2016-11,MUN,MG|CONTAGEM,glp,18,58.95,50.0,66.9,50.0,68.9
2016-11,MUN,MG|CORONEL FABRICIANO,glp,5,60.0,60.0,64.2,60.0,65.0
2016-11,MUN,MG|CURVELO,glp,5,60.0,53.5,60.0,52.5,60.0
2016-11,MUN,MG|DIAMANTINA,glp,4,63.5,60.0,69.1,60.0,70.0
2016-11,MUN,MG|DIVINOPOLIS,glp,20,55.0,50.0,60.0,48.0,60.0
2016-11,MUN,MG|FORMIGA,glp,10,55.0,50.0,56.0,50.0,56.0
2016-11,MUN,MG|FRUTAL,glp,7,48.0,46.44,50.0,45.0,50.0
2016-11,MUN,MG|GOVERNADOR VALADARES,glp,10,55.0,51.8,58.2,50.0,60.0
2016-11,MUN,MG|GUAXUPE,glp,6,52.5,50.75,56.25,50.0,57.5
2016-11,MUN,MG|IPATINGA,glp,18,55.0,52.0,58.0,50.0,59.0
2016-11,MUN,MG|ITABIRA,glp,5,64.0,62.8,65.0,62.0,65.0
2016-11,MUN,MG|ITAJUBA,glp,7,50.0,49.2,52.58,48.0,53.45
2016-11,MUN,MG|ITAUNA,glp,11,52.0,50.0,55.0,50.0,60.0
2016-11,MUN,MG|ITUIUTABA,glp,21,58.0,54.0,60.0,50.0,60.0
2016-11,MUN,MG|JANAUBA,glp,4,56.0,53.6,57.0,53.0,57.0
2016-11,MUN,MG|JANUARIA,glp,10,60.0,58.0,65.0,58.0,65.0
2016-11,MUN,MG|JOAO MONLEVADE,glp,7,48.0,48.0,53.2,48.0,55.0
2016-11,MUN,MG|JOAO PINHEIRO,glp,11,65.0,65.0,65.0,65.0,70.0
2016-11,MUN,MG|JUIZ DE FORA,glp,46,60.0,56.5,69.5,55.0,72.0
2016-11,MUN,MG|LAVRAS,glp,9,55.0,49.0,58.4,45.0,60.0
2016-11,MUN,MG|LEOPOLDINA,glp,7,63.0,62.0,63.8,62.0,65.0
2016-11,MUN,MG|MANHUACU,glp,6,54.5,51.5,56.5,50.0,58.0
2016-11,MUN,MG|MONTE CARMELO,glp,10,55.0,54.8,55.0,53.0,55.0
2016-11,MUN,MG|MONTES CLAROS,glp,50,62.0,61.0,63.0,60.0,64.0
2016-11,MUN,MG|MURIAE,glp,5,60.0,57.0,65.6,55.0,66.0
2016-11,MUN,MG|NOVA LIMA,glp,5,56.0,53.8,61.0,53.0,63.0
2016-11,MUN,MG|OLIVEIRA,glp,6,45.5,45.0,52.5,45.0,55.0
2016-11,MUN,MG|OURO PRETO,glp,6,65.5,55.0,66.5,55.0,67.0
2016-11,MUN,MG|PARA DE MINAS,glp,5,63.5,60.0,64.96,60.0,65.0
2016-11,MUN,MG|PARACATU,glp,8,60.0,55.0,60.0,55.0,60.0
2016-11,MUN,MG|PASSOS,glp,17,57.0,55.0,60.0,50.0,60.0
2016-11,MUN,MG|PATOS DE MINAS,glp,10,57.5,54.8,60.5,53.0,65.0
2016-11,MUN,MG|PATROCINIO,glp,5,55.0,51.0,56.8,50.0,58.0
2016-11,MUN,MG|POCOS DE CALDAS,glp,22,52.745,52.0,53.0,52.0,53.0
2016-11,MUN,MG|POUSO ALEGRE,glp,6,50.0,50.0,54.5,50.0,56.0
2016-11,MUN,MG|RIBEIRAO DAS NEVES,glp,16,56.25,50.0,63.5,48.0,65.0
2016-11,MUN,MG|SABARA,glp,8,55.5,55.0,60.0,55.0,60.0
2016-11,MUN,MG|SANTA LUZIA,glp,11,60.0,55.0,65.0,52.5,65.0
2016-11,MUN,MG|SAO JOAO DEL REI,glp,14,57.75,55.0,60.0,54.0,60.0
2016-11,MUN,MG|SAO LOURENCO,glp,3,50.0,50.0,54.0,50.0,55.0
2016-11,MUN,MG|SAO SEBASTIAO DO PARAISO,glp,15,55.0,50.0,56.5,50.0,62.0
2016-11,MUN,MG|SETE LAGOAS,glp,20,55.0,52.45,60.0,50.0,62.0
2016-11,MUN,MG|TEOFILO OTONI,glp,19,54.0,50.6,60.0,48.5,60.0
2016-11,MUN,MG|TIMOTEO,glp,5,60.0,60.0,61.2,60.0,62.0
2016-11,MUN,MG|TRES CORACOES,glp,12,55.0,51.1,59.5,50.0,60.0
2016-11,MUN,MG|UBA,glp,11,65.0,64.0,70.0,63.5,70.0
2016-11,MUN,MG|UBERABA,glp,22,55.0,55.0,60.0,55.0,60.0
2016-11,MUN,MG|UBERLANDIA,glp,44,60.0,60.0,65.0,55.0,65.0
2016-11,MUN,MG|UNAI,glp,6,65.0,60.0,70.0,60.0,70.0
2016-11,MUN,MG|VARGINHA,glp,14,51.5,50.0,55.7,50.0,60.0
2016-11,MUN,MG|VESPASIANO,glp,10,61.75,59.5,65.4,55.0,69.0
2016-11,MUN,MG|VICOSA,glp,3,65.0,65.0,66.2,65.0,66.5
2016-11,MUN,MS|BATAYPORA,glp,1,65.0,65.0,65.0,65.0,65.0
2016-11,MUN,MS|CAMPO GRANDE,glp,379,66.0,64.0,67.0,55.0,68.5
2016-11,MUN,MS|CORUMBA,glp,5,65.0,59.0,65.0,59.0,65.0
2016-11,MUN,MS|COXIM,glp,7,80.0,76.8,82.9,75.0,85.0
2016-11,MUN,MS|DOURADOS,glp,34,65.0,60.0,70.0,57.0,75.0
2016-11,MUN,MS|NOVA ANDRADINA,glp,11,67.5,65.0,70.0,62.0,70.0
2016-11,MUN,MS|PARANAIBA,glp,13,70.0,70.0,70.0,70.0,70.0
2016-11,MUN,MS|PONTA PORA,glp,2,58.25,58.05,58.45,58.0,58.5
2016-11,MUN,MS|TRES LAGOAS,glp,13,50.0,50.0,59.0,50.0,61.0
2016-11,MUN,MT|ALTA FLORESTA,glp,9,85.0,84.0,90.0,80.0,90.0
2016-11,MUN,MT|CACERES,glp,10,64.0,60.0,68.5,60.0,73.0
2016-11,MUN,MT|CUIABA,glp,207,75.0,70.0,80.0,60.0,84.8
2016-11,MUN,MT|RONDONOPOLIS,glp,12,84.85,80.0,85.0,77.5,90.0
2016-11,MUN,MT|SINOP,glp,24,70.0,70.0,75.0,69.0,75.0
2016-11,MUN,MT|SORRISO,glp,9,85.0,75.0,90.0,75.0,90.0
2016-11,MUN,MT|VARZEA GRANDE,glp,56,75.0,70.0,80.0,67.0,80.0
2016-11,MUN,PA|ABAETETUBA,glp,6,54.0,51.5,57.5,50.0,60.0
2016-11,MUN,PA|ALENQUER,glp,3,61.0,60.2,61.8,60.0,62.0
2016-11,MUN,PA|ALTAMIRA,glp,11,70.0,70.0,70.0,68.0,77.0
2016-11,MUN,PA|ANANINDEUA,glp,32,60.0,50.25,60.0,47.0,60.0
2016-11,MUN,PA|BELEM,glp,82,55.0,50.0,58.0,45.0,60.0
2016-11,MUN,PA|BRAGANCA,glp,9,65.0,60.0,65.0,60.0,65.0
2016-11,MUN,PA|CAMETA,glp,6,60.0,60.0,65.0,60.0,70.0
2016-11,MUN,PA|CASTANHAL,glp,5,60.0,60.0,63.0,60.0,65.0
2016-11,MUN,PA|CONCEICAO DO ARAGUAIA,glp,5,65.0,61.0,74.0,60.0,75.0
2016-11,MUN,PA|ITAITUBA,glp,6,65.0,60.0,71.5,60.0,78.0
2016-11,MUN,PA|MARABA,glp,11,70.0,68.0,73.0,64.0,75.0
2016-11,MUN,PA|PARAGOMINAS,glp,4,76.0,73.9,76.0,73.0,76.0
2016-11,MUN,PA|PARAUAPEBAS,glp,4,75.0,75.0,75.7,75.0,76.0
2016-11,MUN,PA|REDENCAO,glp,9,78.0,75.8,78.0,75.0,78.0
2016-11,MUN,PA|SANTAREM,glp,28,56.5,55.0,60.0,53.0,62.0
2016-11,MUN,PA|XINGUARA,glp,7,75.0,71.2,75.0,70.0,75.0
2016-11,MUN,PB|BAYEUX,glp,11,55.0,50.0,55.0,45.0,55.0
2016-11,MUN,PB|CABEDELO,glp,10,55.0,55.0,55.2,55.0,57.0
2016-11,MUN,PB|CAMPINA GRANDE,glp,34,55.0,50.0,60.0,50.0,60.0
2016-11,MUN,PB|JOAO PESSOA,glp,45,55.0,50.0,55.0,45.0,55.0
2016-11,MUN,PB|PATOS,glp,4,46.0,45.0,49.1,45.0,50.0
2016-11,MUN,PB|SANTA RITA,glp,6,47.0,47.0,49.0,47.0,50.0
2016-11,MUN,PB|SOUSA,glp,3,45.0,44.2,45.0,44.0,45.0
2016-11,MUN,PE|ABREU E LIMA,glp,14,48.998,45.0,50.0,45.0,55.0
2016-11,MUN,PE|ARARIPINA,glp,3,55.0,55.0,59.0,55.0,60.0
2016-11,MUN,PE|ARCOVERDE,glp,3,55.0,55.0,59.0,55.0,60.0
2016-11,MUN,PE|BELO JARDIM,glp,5,50.0,48.8,50.0,48.0,50.0
2016-11,MUN,PE|CABO DE SANTO AGOSTINHO,glp,12,45.0,45.0,50.0,45.0,50.0
2016-11,MUN,PE|CACHOEIRINHA,glp,1,45.0,45.0,45.0,45.0,45.0
2016-11,MUN,PE|CAMARAGIBE,glp,20,50.0,49.8,52.75,46.5,55.0
2016-11,MUN,PE|CARUARU,glp,13,47.0,45.0,50.0,44.99,50.0
2016-11,MUN,PE|GARANHUNS,glp,8,51.375,50.0,55.0,50.0,55.0
2016-11,MUN,PE|GOIANA,glp,4,57.5,50.1,60.0,48.0,60.0
2016-11,MUN,PE|GRAVATA,glp,5,45.0,45.0,48.0,45.0,50.0
2016-11,MUN,PE|IGARASSU,glp,29,50.0,48.0,52.5,47.5,55.0
2016-11,MUN,PE|JABOATAO DOS GUARARAPES,glp,39,47.5,45.0,52.5,43.5,55.0
2016-11,MUN,PE|LAJEDO,glp,5,45.0,42.0,48.0,40.0,50.0
2016-11,MUN,PE|OLINDA,glp,48,45.0,42.0,50.0,40.0,60.0
2016-11,MUN,PE|PAULISTA,glp,13,50.0,45.8,55.0,45.0,55.0
2016-11,MUN,PE|PETROLINA,glp,19,50.0,46.0,52.2,45.0,53.0
2016-11,MUN,PE|RECIFE,glp,73,50.0,45.0,50.0,44.5,55.0
2016-11,MUN,PE|SALGUEIRO,glp,3,58.5,55.7,59.7,55.0,60.0
2016-11,MUN,PE|SANTA CRUZ DO CAPIBARIBE,glp,6,46.5,45.0,50.0,45.0,50.0
2016-11,MUN,PE|SERRA TALHADA,glp,3,65.0,61.0,65.0,60.0,65.0
2016-11,MUN,PE|VITORIA DE SANTO ANTAO,glp,10,50.0,45.0,55.0,45.0,55.0
2016-11,MUN,PI|CAMPO MAIOR,glp,4,67.0,67.0,67.0,67.0,67.0
2016-11,MUN,PI|PARNAIBA,glp,3,58.0,58.0,58.0,58.0,58.0
2016-11,MUN,PI|PICOS,glp,2,60.0,60.0,60.0,60.0,60.0
2016-11,MUN,PI|PIRIPIRI,glp,4,67.0,65.6,67.0,65.0,67.0
2016-11,MUN,PI|TERESINA,glp,75,55.0,52.5,57.5,47.49,60.0
2016-11,MUN,PR|APUCARANA,glp,21,55.0,54.9,60.0,49.5,60.0
2016-11,MUN,PR|ARAPONGAS,glp,20,52.5,49.9,60.5,49.9,65.0
2016-11,MUN,PR|ARAUCARIA,glp,16,50.0,50.0,54.75,50.0,65.95
2016-11,MUN,PR|ASSIS CHATEAUBRIAND,glp,6,65.0,62.5,66.5,60.0,68.0
2016-11,MUN,PR|CAMBE,glp,16,55.5,53.0,60.0,50.0,60.0
2016-11,MUN,PR|CAMPO LARGO,glp,16,51.5,47.4,55.0,46.9,58.0
2016-11,MUN,PR|CAMPO MOURAO,glp,14,63.5,60.0,67.1,60.0,70.5
2016-11,MUN,PR|CASCAVEL,glp,86,71.0,69.5,71.5,65.0,72.5
2016-11,MUN,PR|CASTRO,glp,5,64.0,63.1,67.0,62.5,68.0
2016-11,MUN,PR|CIANORTE,glp,19,66.0,61.0,67.6,60.0,70.0
2016-11,MUN,PR|COLOMBO,glp,26,52.5,47.5,55.5,45.0,58.0
2016-11,MUN,PR|CORNELIO PROCOPIO,glp,4,64.0,62.3,65.0,62.0,65.0
2016-11,MUN,PR|CURITIBA,glp,66,55.0,50.0,60.0,45.9,69.0
2016-11,MUN,PR|CURIUVA,glp,1,55.0,55.0,55.0,55.0,55.0
2016-11,MUN,PR|FOZ DO IGUACU,glp,23,60.0,57.2,60.0,50.0,65.0
2016-11,MUN,PR|FRANCISCO BELTRAO,glp,6,55.0,52.5,55.5,50.0,56.0
2016-11,MUN,PR|GUARAPUAVA,glp,14,64.5,60.0,68.5,58.0,75.0
2016-11,MUN,PR|JESUITAS,glp,1,60.0,60.0,60.0,60.0,60.0
2016-11,MUN,PR|LARANJEIRAS DO SUL,glp,8,65.0,64.0,65.6,64.0,67.0
2016-11,MUN,PR|LONDRINA,glp,104,57.25,55.0,60.0,45.0,65.0
2016-11,MUN,PR|MARECHAL CANDIDO RONDON,glp,6,59.0,55.0,65.0,55.0,65.0
2016-11,MUN,PR|MARINGA,glp,32,70.0,65.0,70.0,65.0,70.0
2016-11,MUN,PR|PARANAGUA,glp,8,45.0,41.4,48.0,40.0,55.0
2016-11,MUN,PR|PARANAVAI,glp,12,68.0,65.0,68.0,60.0,68.5
2016-11,MUN,PR|PATO BRAGADO,glp,1,62.0,62.0,62.0,62.0,62.0
2016-11,MUN,PR|PATO BRANCO,glp,11,68.0,68.0,79.9,68.0,79.9
2016-11,MUN,PR|PINHAIS,glp,17,53.0,49.2,56.0,45.0,56.0
2016-11,MUN,PR|PONTA GROSSA,glp,15,55.0,51.2,60.0,50.0,60.0
2016-11,MUN,PR|RAMILANDIA,glp,1,60.0,60.0,60.0,60.0,60.0
2016-11,MUN,PR|SANTO ANTONIO DA PLATINA,glp,15,53.0,49.4,55.54,47.0,58.0
2016-11,MUN,PR|SAO JOSE DOS PINHAIS,glp,21,53.0,48.0,55.0,46.9,57.9
2016-11,MUN,PR|TERRA BOA,glp,1,65.0,65.0,65.0,65.0,65.0
2016-11,MUN,PR|TOLEDO,glp,26,66.25,65.0,70.0,60.0,70.0
2016-11,MUN,PR|UMUARAMA,glp,17,70.0,67.8,70.0,66.5,70.0
2016-11,MUN,PR|UNIAO DA VITORIA,glp,5,62.9,60.8,64.2,60.0,65.0
2016-11,MUN,RJ|ANGRA DOS REIS,glp,5,60.0,58.0,63.0,58.0,65.0
2016-11,MUN,RJ|ARARUAMA,glp,6,45.75,42.995,48.995,42.99,49.0
2016-11,MUN,RJ|BARRA DO PIRAI,glp,4,56.4,55.3,66.04,55.0,70.0
2016-11,MUN,RJ|BARRA MANSA,glp,12,55.0,50.0,60.0,49.0,60.0
2016-11,MUN,RJ|BELFORD ROXO,glp,6,60.0,55.0,60.0,50.0,60.0
2016-11,MUN,RJ|CABO FRIO,glp,6,50.0,45.0,50.0,40.0,50.0
2016-11,MUN,RJ|CAMPOS DOS GOYTACAZES,glp,30,60.0,50.0,60.0,50.0,62.0
2016-11,MUN,RJ|DUQUE DE CAXIAS,glp,35,53.0,48.0,55.0,45.0,60.0
2016-11,MUN,RJ|ITABORAI,glp,8,51.0,48.5,55.3,45.0,56.0
2016-11,MUN,RJ|ITAGUAI,glp,3,49.9,45.98,49.9,45.0,49.9
2016-11,MUN,RJ|ITAPERUNA,glp,4,55.0,54.93,55.0,54.9,55.0
2016-11,MUN,RJ|MACAE,glp,5,60.0,58.8,63.0,58.0,65.0
2016-11,MUN,RJ|MAGE,glp,4,50.0,50.0,53.5,50.0,55.0
2016-11,MUN,RJ|MANGARATIBA,glp,2,49.95,49.91,49.99,49.9,50.0
2016-11,MUN,RJ|MARICA,glp,4,50.0,48.6,50.0,48.0,50.0
2016-11,MUN,RJ|NILOPOLIS,glp,5,55.0,52.0,57.8,50.0,58.0
2016-11,MUN,RJ|NITEROI,glp,8,47.5,40.0,50.0,40.0,50.0
2016-11,MUN,RJ|NOVA FRIBURGO,glp,4,55.0,51.5,55.0,50.0,55.0
2016-11,MUN,RJ|NOVA IGUACU,glp,23,55.0,49.0,55.0,45.0,60.0
2016-11,MUN,RJ|PARATY,glp,3,60.0,56.0,64.0,55.0,65.0
2016-11,MUN,RJ|PETROPOLIS,glp,8,54.995,49.97,60.0,49.9,60.0
2016-11,MUN,RJ|RESENDE,glp,6,49.0,45.5,55.0,45.0,55.0
2016-11,MUN,RJ|RIO BONITO,glp,5,42.0,42.0,49.2,42.0,50.0
2016-11,MUN,RJ|RIO DAS OSTRAS,glp,1,59.0,59.0,59.0,59.0,59.0
2016-11,MUN,RJ|RIO DE JANEIRO,glp,79,50.0,44.99,60.0,41.99,63.0
2016-11,MUN,RJ|SANTO ANTONIO DE PADUA,glp,2,39.95,39.95,39.95,39.95,39.95
2016-11,MUN,RJ|SAO FRANCISCO DE ITABAPOANA,glp,2,57.5,55.5,59.5,55.0,60.0
2016-11,MUN,RJ|SAO GONCALO,glp,20,49.0,40.0,50.2,40.0,55.0
2016-11,MUN,RJ|SAO JOAO DE MERITI,glp,14,49.0,46.593,55.0,45.0,55.0
2016-11,MUN,RJ|SAPUCAIA,glp,2,52.5,46.5,58.5,45.0,60.0
2016-11,MUN,RJ|SAQUAREMA,glp,4,42.0,42.0,47.6,42.0,50.0
2016-11,MUN,RJ|TERESOPOLIS,glp,7,62.0,58.0,63.0,55.0,63.0
2016-11,MUN,RJ|TRES RIOS,glp,2,50.0,50.0,50.0,50.0,50.0
2016-11,MUN,RJ|VALENCA,glp,4,60.0,59.3,60.0,59.0,60.0
2016-11,MUN,RJ|VASSOURAS,glp,3,55.0,51.0,55.0,50.0,55.0
2016-11,MUN,RJ|VOLTA REDONDA,glp,13,55.0,53.2,57.6,53.0,60.0
2016-11,MUN,RN|CAICO,glp,6,56.75,55.0,59.0,55.0,60.0
2016-11,MUN,RN|MOSSORO,glp,17,59.0,55.0,60.0,55.0,60.0
2016-11,MUN,RN|NATAL,glp,92,55.0,52.05,60.0,50.0,60.0
2016-11,MUN,RN|PARNAMIRIM,glp,32,55.0,52.5,60.0,45.0,60.0
2016-11,MUN,RN|SANTA CRUZ,glp,1,55.0,55.0,55.0,55.0,55.0
2016-11,MUN,RN|SAO JOSE DE MIPIBU,glp,8,59.0,53.5,60.0,50.0,60.0
2016-11,MUN,RO|ARIQUEMES,glp,6,63.25,63.0,64.5,63.0,65.0
2016-11,MUN,RO|CACOAL,glp,4,68.0,68.0,68.0,68.0,68.0
2016-11,MUN,RO|GUAJARA-MIRIM,glp,5,62.5,60.0,65.0,60.0,65.0
2016-11,MUN,RO|JI-PARANA,glp,15,64.0,60.0,69.0,60.0,70.0
2016-11,MUN,RO|PIMENTA BUENO,glp,5,68.0,68.0,68.0,68.0,68.0
2016-11,MUN,RO|PORTO VELHO,glp,90,55.0,52.45,59.0,49.0,68.0
2016-11,MUN,RO|VILHENA,glp,10,67.0,65.9,69.1,65.0,70.0
2016-11,MUN,RR|BOA VISTA,glp,32,60.0,58.0,63.9,57.0,67.0
2016-11,MUN,RS|ALEGRETE,glp,7,54.0,48.6,55.4,48.0,56.0
2016-11,MUN,RS|ALVORADA,glp,11,56.0,50.0,60.0,50.0,60.0
2016-11,MUN,RS|BAGE,glp,26,68.0,66.0,69.0,65.0,70.0
2016-11,MUN,RS|BENTO GONCALVES,glp,5,62.0,60.0,63.8,60.0,65.0
2016-11,MUN,RS|CACAPAVA DO SUL,glp,7,63.0,61.8,63.0,60.0,63.0
2016-11,MUN,RS|CACHOEIRA DO SUL,glp,12,45.0,42.3,49.5,40.0,52.0
2016-11,MUN,RS|CACHOEIRINHA,glp,10,55.0,51.8,57.65,50.0,59.0
2016-11,MUN,RS|CANOAS,glp,20,51.25,47.8,58.0,45.0,59.0
2016-11,MUN,RS|CAXIAS DO SUL,glp,48,55.0,50.0,60.0,45.0,60.0
2016-11,MUN,RS|CRUZ ALTA,glp,3,46.5,46.092,47.66,45.99,47.95
2016-11,MUN,RS|ERECHIM,glp,6,62.0,60.5,64.0,60.0,65.0
2016-11,MUN,RS|ESTEIO,glp,16,57.0,54.0,61.0,53.0,62.0
2016-11,MUN,RS|GRAMADO,glp,6,57.0,55.0,59.25,55.0,60.0
2016-11,MUN,RS|GRAVATAI,glp,21,55.0,50.0,55.0,49.5,55.0
2016-11,MUN,RS|GUAIBA,glp,7,56.0,55.0,58.4,55.0,59.0
2016-11,MUN,RS|GUARANI DAS MISSOES,glp,1,57.0,57.0,57.0,57.0,57.0
2016-11,MUN,RS|IJUI,glp,7,55.0,51.2,60.0,50.0,60.0
2016-11,MUN,RS|LAJEADO,glp,15,55.0,53.0,59.6,50.0,60.0
2016-11,MUN,RS|NOVO HAMBURGO,glp,19,52.0,50.0,55.4,50.0,58.0
2016-11,MUN,RS|OSORIO,glp,7,65.0,62.8,66.8,59.5,68.0
2016-11,MUN,RS|PALMEIRA DAS MISSOES,glp,7,60.0,55.0,60.7,55.0,61.0
2016-11,MUN,RS|PASSO FUNDO,glp,33,50.0,48.0,55.0,45.0,60.0
2016-11,MUN,RS|PELOTAS,glp,27,54.0,48.0,58.0,45.0,60.0
2016-11,MUN,RS|PORTO ALEGRE,glp,41,60.0,55.0,65.0,50.0,69.0
2016-11,MUN,RS|RIO GRANDE,glp,24,50.0,49.0,53.35,48.0,55.0
2016-11,MUN,RS|SANTA CRUZ DO SUL,glp,19,58.0,53.8,60.4,52.0,64.0
2016-11,MUN,RS|SANTA MARIA,glp,88,58.75,55.0,68.0,53.0,72.0
2016-11,MUN,RS|SANTA ROSA,glp,6,56.0,54.5,59.75,54.0,62.0
2016-11,MUN,RS|SANTANA DO LIVRAMENTO,glp,17,60.0,55.0,65.0,55.0,65.0
2016-11,MUN,RS|SANTO ANGELO,glp,5,60.0,58.4,65.0,58.0,65.0
2016-11,MUN,RS|SAO BORJA,glp,7,60.0,60.0,62.4,60.0,63.0
2016-11,MUN,RS|SAO GABRIEL,glp,15,64.0,55.0,66.6,53.0,69.5
2016-11,MUN,RS|SAO LEOPOLDO,glp,17,54.0,46.8,55.0,45.0,58.0
2016-11,MUN,RS|SAO LUIZ GONZAGA,glp,6,55.75,50.0,60.0,50.0,60.0
2016-11,MUN,RS|SAPIRANGA,glp,8,59.5,58.1,60.6,56.0,62.0
2016-11,MUN,RS|SAPUCAIA DO SUL,glp,20,55.0,50.0,62.0,50.0,64.0
2016-11,MUN,RS|TORRES,glp,8,60.0,57.1,60.75,55.0,62.5
2016-11,MUN,RS|TRAMANDAI,glp,3,58.0,55.6,59.6,55.0,60.0
2016-11,MUN,RS|URUGUAIANA,glp,11,58.0,52.0,62.0,52.0,63.5
2016-11,MUN,RS|VACARIA,glp,7,55.0,50.0,55.0,50.0,55.0
2016-11,MUN,RS|VIAMAO,glp,15,59.0,55.8,61.6,55.0,62.0
2016-11,MUN,SC|ARARANGUA,glp,5,52.0,50.0,53.8,50.0,55.0
2016-11,MUN,SC|BALNEARIO CAMBORIU,glp,5,55.0,51.4,56.8,49.0,58.0
2016-11,MUN,SC|BIGUACU,glp,4,50.0,48.6,53.5,48.0,55.0
2016-11,MUN,SC|BLUMENAU,glp,18,60.0,54.33,60.6,52.0,67.5
2016-11,MUN,SC|BRUSQUE,glp,10,54.0,50.0,55.0,50.0,55.0
2016-11,MUN,SC|CACADOR,glp,6,59.0,55.5,63.5,53.0,64.0
2016-11,MUN,SC|CHAPECO,glp,18,64.0,60.0,65.6,58.0,69.0
2016-11,MUN,SC|CONCORDIA,glp,8,50.0,48.5,56.5,45.0,60.0
2016-11,MUN,SC|CRICIUMA,glp,12,50.0,48.1,54.0,48.0,55.0
2016-11,MUN,SC|FLORIANOPOLIS,glp,12,59.5,54.1,60.0,50.0,65.0
2016-11,MUN,SC|ITAJAI,glp,16,50.0,46.75,55.0,45.0,59.0
2016-11,MUN,SC|JARAGUA DO SUL,glp,10,54.0,49.9,58.2,49.9,60.0
2016-11,MUN,SC|JOINVILLE,glp,13,55.0,52.0,57.0,49.0,57.0
2016-11,MUN,SC|LAGES,glp,7,59.0,56.8,60.8,55.0,62.0
2016-11,MUN,SC|LAGUNA,glp,6,50.75,48.75,55.0,48.0,55.0
2016-11,MUN,SC|MAFRA,glp,6,61.45,54.5,66.5,54.0,68.0
2016-11,MUN,SC|PALHOCA,glp,5,53.0,50.56,54.96,49.0,55.0
2016-11,MUN,SC|SAO JOSE,glp,5,50.0,49.94,55.0,49.9,55.0
2016-11,MUN,SC|SAO MIGUEL DO OESTE,glp,3,59.9,55.98,59.98,55.0,60.0
2016-11,MUN,SC|TUBARAO,glp,7,49.0,45.6,51.7,45.0,52.0
2016-11,MUN,SC|VIDEIRA,glp,5,62.0,60.0,64.2,60.0,65.0
2016-11,MUN,SC|XANXERE,glp,6,58.0,56.5,59.5,55.0,60.0
2016-11,MUN,SE|ARACAJU,glp,18,58.0,52.1,60.6,42.0,63.0
2016-11,MUN,SE|ITABAIANA,glp,3,60.0,58.4,62.8,58.0,63.5
2016-11,MUN,SE|LAGARTO,glp,5,60.0,55.0,60.0,55.0,60.0
2016-11,MUN,SE|NOSSA SENHORA DO SOCORRO,glp,7,60.0,55.0,60.8,55.0,62.0
2016-11,MUN,SP|ADAMANTINA,glp,5,57.5,52.0,60.0,50.0,60.0
2016-11,MUN,SP|AMERICANA,glp,21,55.0,55.0,59.995,50.0,60.0
2016-11,MUN,SP|AMPARO,glp,6,56.5,54.5,59.25,54.0,60.0
2016-11,MUN,SP|ARACATUBA,glp,55,50.0,50.0,55.0,38.9,55.0
2016-11,MUN,SP|ARARAQUARA,glp,16,56.995,51.0,58.0,50.0,63.0
2016-11,MUN,SP|ARARAS,glp,8,52.4,49.9,62.2,49.9,65.0
2016-11,MUN,SP|ASSIS,glp,10,51.0,49.9,55.0,49.0,55.0
2016-11,MUN,SP|ATIBAIA,glp,13,55.0,50.0,55.8,48.0,57.0
2016-11,MUN,SP|AVARE,glp,10,55.0,50.0,55.5,50.0,60.0
2016-11,MUN,SP|BARRETOS,glp,7,54.0,51.8,55.0,50.0,55.0
2016-11,MUN,SP|BARUERI,glp,34,51.998,48.0,58.0,45.0,60.0
2016-11,MUN,SP|BAURU,glp,49,55.0,49.98,60.0,45.0,63.5
2016-11,MUN,SP|BEBEDOURO,glp,14,53.45,50.0,56.7,50.0,58.0
2016-11,MUN,SP|BIRIGUI,glp,26,50.0,45.0,55.0,45.0,55.0
2016-11,MUN,SP|BOTUCATU,glp,17,55.0,54.96,55.0,54.9,55.0
2016-11,MUN,SP|BRAGANCA PAULISTA,glp,7,50.0,49.536,52.0,48.99,55.0
2016-11,MUN,SP|CACAPAVA,glp,5,50.0,43.396,54.0,43.0,55.0
2016-11,MUN,SP|CAMPINAS,glp,42,50.0,48.0,57.7,48.0,63.0
2016-11,MUN,SP|CAMPOS DO JORDAO,glp,6,45.0,42.5,50.0,40.0,50.0
2016-11,MUN,SP|CAPAO BONITO,glp,4,57.0,53.2,59.4,52.0,60.0
2016-11,MUN,SP|CARAGUATATUBA,glp,4,48.5,45.9,53.2,45.0,55.0
2016-11,MUN,SP|CARAPICUIBA,glp,17,49.99,44.996,51.994,44.99,53.0
2016-11,MUN,SP|CATANDUVA,glp,15,55.0,49.846,57.0,47.0,57.0
2016-11,MUN,SP|COSMOPOLIS,glp,7,55.0,54.3,57.0,54.0,57.0
2016-11,MUN,SP|COTIA,glp,12,55.0,55.0,55.0,50.0,60.0
2016-11,MUN,SP|CRUZEIRO,glp,9,45.0,42.0,52.0,42.0,60.0
2016-11,MUN,SP|CUBATAO,glp,9,59.5,55.8,69.2,55.0,70.0
2016-11,MUN,SP|DIADEMA,glp,28,52.0,47.997,55.0,47.0,55.0
2016-11,MUN,SP|DRACENA,glp,3,61.9,60.38,64.38,60.0,65.0
2016-11,MUN,SP|EMBU DAS ARTES,glp,5,56.0,54.4,59.96,54.0,60.0
2016-11,MUN,SP|FRANCA,glp,38,49.9,48.0,50.75,47.0,57.0
2016-11,MUN,SP|GARCA,glp,7,55.0,53.0,58.8,50.0,60.0
2016-11,MUN,SP|GUARATINGUETA,glp,16,46.5,42.0,55.5,40.0,66.0
2016-11,MUN,SP|GUARUJA,glp,20,56.945,54.791,63.6,53.0,65.0
2016-11,MUN,SP|GUARULHOS,glp,41,50.0,45.0,60.0,42.0,60.0
2016-11,MUN,SP|HORTOLANDIA,glp,9,50.0,47.0,57.6,45.0,60.0
2016-11,MUN,SP|IBITINGA,glp,9,55.0,51.6,55.0,50.0,55.0
2016-11,MUN,SP|INDAIATUBA,glp,14,50.0,50.0,54.4,48.0,55.0
2016-11,MUN,SP|ITANHAEM,glp,3,52.0,46.4,53.6,45.0,54.0
2016-11,MUN,SP|ITAPECERICA DA SERRA,glp,6,51.5,49.0,60.0,48.0,65.0
2016-11,MUN,SP|ITAPETININGA,glp,16,54.0,48.5,58.25,45.0,59.0
2016-11,MUN,SP|ITAPEVA,glp,5,60.0,56.6,61.8,55.0,63.0
2016-11,MUN,SP|ITAPEVI,glp,7,49.99,44.194,55.8,40.0,57.0
2016-11,MUN,SP|ITAPIRA,glp,4,55.0,55.0,58.5,55.0,60.0
2016-11,MUN,SP|ITAPOLIS,glp,13,60.0,58.2,61.0,52.0,62.5
2016-11,MUN,SP|ITAQUAQUECETUBA,glp,13,45.0,43.398,49.6,38.0,50.0
2016-11,MUN,SP|ITATIBA,glp,5,57.0,55.8,57.6,55.0,58.0
2016-11,MUN,SP|ITU,glp,9,48.0,46.56,51.2,45.0,52.0
2016-11,MUN,SP|JABOTICABAL,glp,8,45.0,44.7,49.2,44.0,52.0
2016-11,MUN,SP|JACAREI,glp,22,48.25,45.0,54.0,43.0,58.0
2016-11,MUN,SP|JALES,glp,5,53.0,51.2,54.2,50.0,55.0
2016-11,MUN,SP|JANDIRA,glp,10,52.995,45.0,55.1,45.0,56.0
2016-11,MUN,SP|JAU,glp,14,50.0,48.6,56.93,46.5,60.0
2016-11,MUN,SP|JOSE BONIFACIO,glp,6,50.0,46.0,52.0,44.0,54.0
2016-11,MUN,SP|JUNDIAI,glp,8,55.0,50.0,56.6,50.0,58.0
2016-11,MUN,SP|LEME,glp,12,50.0,50.0,60.0,46.5,60.0
2016-11,MUN,SP|LIMEIRA,glp,16,48.0,43.0,54.0,39.9,55.0
2016-11,MUN,SP|LINS,glp,10,50.0,49.5,52.5,45.0,52.5
2016-11,MUN,SP|LORENA,glp,13,47.0,40.0,50.0,38.0,52.0
2016-11,MUN,SP|MARILIA,glp,7,56.0,55.0,58.0,55.0,58.0
2016-11,MUN,SP|MATAO,glp,11,55.0,54.0,58.0,50.0,58.0
2016-11,MUN,SP|MAUA,glp,36,57.0,49.49,60.0,44.99,60.0
2016-11,MUN,SP|MIRASSOL,glp,15,45.0,43.5,50.0,42.5,50.0
2016-11,MUN,SP|MOCOCA,glp,7,55.5,55.0,57.8,55.0,59.0
2016-11,MUN,SP|MOGI DAS CRUZES,glp,33,52.0,45.0,57.0,39.99,58.0
2016-11,MUN,SP|MOGI GUACU,glp,14,55.0,55.0,55.0,53.0,55.0
2016-11,MUN,SP|MOGI MIRIM,glp,9,45.0,43.0,50.4,43.0,60.0
2016-11,MUN,SP|MONTE ALTO,glp,8,50.0,45.0,53.53,45.0,55.0
2016-11,MUN,SP|OLIMPIA,glp,11,45.0,43.0,45.0,43.0,45.0
2016-11,MUN,SP|OSASCO,glp,63,52.99,49.99,57.998,46.995,64.0
2016-11,MUN,SP|OURINHOS,glp,16,54.5,50.0,58.0,50.0,60.0
2016-11,MUN,SP|PARAGUACU PAULISTA,glp,16,61.25,60.0,65.0,60.0,65.0
2016-11,MUN,SP|PATROCINIO PAULISTA,glp,1,49.9,49.9,49.9,49.9,49.9
2016-11,MUN,SP|PAULINIA,glp,11,50.0,50.0,55.0,48.0,55.0
2016-11,MUN,SP|PINDAMONHANGABA,glp,6,47.0,43.5,49.5,42.0,50.0
2016-11,MUN,SP|PIRACICABA,glp,21,55.0,50.0,56.0,50.0,60.0
2016-11,MUN,SP|PIRASSUNUNGA,glp,3,55.0,54.96,55.0,54.95,55.0
2016-11,MUN,SP|POA,glp,10,45.5,44.9,52.3,44.0,55.0
2016-11,MUN,SP|PORTO FERREIRA,glp,2,49.5,49.1,49.9,49.0,50.0
2016-11,MUN,SP|PRAIA GRANDE,glp,41,53.0,49.99,61.0,48.99,69.0
2016-11,MUN,SP|PRESIDENTE PRUDENTE,glp,33,55.0,45.98,60.0,40.0,60.0
2016-11,MUN,SP|PRESIDENTE VENCESLAU,glp,5,49.9,45.4,50.0,45.0,50.0
2016-11,MUN,SP|RIBEIRAO PIRES,glp,14,49.995,47.9,50.0,44.99,50.0
2016-11,MUN,SP|RIBEIRAO PRETO,glp,72,58.0,53.1,65.0,49.0,65.0
2016-11,MUN,SP|RIO CLARO,glp,9,45.0,40.0,48.4,40.0,50.0
2016-11,MUN,SP|SALTO,glp,14,48.0,46.0,51.85,44.0,54.0
2016-11,MUN,SP|SANTA BARBARA D'OESTE,glp,18,55.0,45.25,55.6,40.0,60.0
2016-11,MUN,SP|SANTA CRUZ DO RIO PARDO,glp,13,55.5,54.2,58.0,50.0,60.0
2016-11,MUN,SP|SANTO ANDRE,glp,44,54.495,49.99,59.997,46.99,69.0
2016-11,MUN,SP|SANTOS,glp,33,59.9,52.92,66.0,45.0,74.9
2016-11,MUN,SP|SAO BERNARDO DO CAMPO,glp,44,55.0,50.0,64.697,45.0,69.99
2016-11,MUN,SP|SAO CAETANO DO SUL,glp,6,64.99,54.995,65.0,54.99,65.0
2016-11,MUN,SP|SAO CARLOS,glp,20,55.0,54.81,58.31,52.0,68.0
2016-11,MUN,SP|SAO JOAO DA BOA VISTA,glp,8,55.0,45.0,55.0,45.0,55.0
2016-11,MUN,SP|SAO JOAQUIM DA BARRA,glp,9,50.0,47.9,50.0,47.5,50.0
2016-11,MUN,SP|SAO JOSE DO RIO PRETO,glp,35,52.0,50.0,61.2,48.0,63.0
2016-11,MUN,SP|SAO JOSE DOS CAMPOS,glp,24,55.0,48.6,58.0,47.0,60.0
2016-11,MUN,SP|SAO PAULO,glp,199,54.0,45.0,61.2,41.99,68.0
2016-11,MUN,SP|SAO ROQUE,glp,6,55.0,52.0,57.0,51.0,58.0
2016-11,MUN,SP|SAO VICENTE,glp,54,53.25,48.992,59.0,45.9,67.0
2016-11,MUN,SP|SERTAOZINHO,glp,20,50.0,50.0,53.1,50.0,55.0
2016-11,MUN,SP|SOROCABA,glp,21,54.0,49.5,56.0,46.0,58.0
2016-11,MUN,SP|SUMARE,glp,8,49.0,45.0,52.9,45.0,55.0
2016-11,MUN,SP|SUZANO,glp,13,57.99,47.398,65.0,42.0,65.0
2016-11,MUN,SP|TABOAO DA SERRA,glp,6,50.0,49.995,55.95,49.99,56.9
2016-11,MUN,SP|TATUI,glp,7,59.0,57.5,61.4,57.5,63.5
2016-11,MUN,SP|TAUBATE,glp,13,48.0,45.0,50.0,39.0,50.0
2016-11,MUN,SP|TUPA,glp,7,55.0,50.0,60.0,50.0,60.0
2016-11,MUN,SP|UBATUBA,glp,12,51.0,47.1,57.7,45.0,58.99
2016-11,MUN,SP|VALINHOS,glp,10,58.0,57.0,62.1,57.0,63.0
2016-11,MUN,SP|VARZEA PAULISTA,glp,8,48.0,43.85,51.8,43.5,56.0
2016-11,MUN,SP|VINHEDO,glp,4,69.0,66.9,69.0,66.0,69.0
2016-11,MUN,SP|VOTORANTIM,glp,20,55.0,46.8,55.0,45.0,55.0
2016-11,MUN,SP|VOTUPORANGA,glp,6,52.0,51.0,53.95,50.0,55.0
2016-11,MUN,TO|ARAGUAINA,glp,18,70.0,65.0,75.0,65.0,76.0
2016-11,MUN,TO|GURUPI,glp,38,70.0,67.1,70.0,65.0,73.0
2016-11,MUN,TO|MIRACEMA DO TOCANTINS,glp,1,70.0,70.0,70.0,70.0,70.0
2016-11,MUN,TO|PALMAS,glp,26,70.0,65.0,72.0,65.0,75.0
2016-11,MUN,TO|PARAISO DO TOCANTINS,glp,7,70.0,68.0,70.0,65.0,70.0
2016-11,MUN,TO|PORTO NACIONAL,glp,11,70.0,70.0,70.0,65.0,70.0
2016-11,UF,AC,glp,74,60.0,58.0,63.875,56.0,70.0
2016-11,UF,AL,glp,103,55.0,48.4,55.0,40.0,60.0
2016-11,UF,AM,glp,225,53.0,51.0,59.0,48.0,66.0
2016-11,UF,AP,glp,23,67.5,65.0,70.0,55.0,72.0
2016-11,UF,BA,glp,313,50.0,42.0,60.0,35.0,67.0
2016-11,UF,CE,glp,298,62.75,58.0,66.0,55.0,69.0
2016-11,UF,DF,glp,73,60.0,55.0,67.4,48.0,72.0
2016-11,UF,ES,glp,301,52.0,50.0,55.0,40.0,65.0
2016-11,UF,GO,glp,451,57.0,54.0,63.0,50.0,68.0
2016-11,UF,MA,glp,201,55.0,45.0,63.0,44.99,75.0
2016-11,UF,MG,glp,763,58.0,50.0,65.0,45.0,72.0
2016-11,UF,MS,glp,465,66.0,62.0,68.0,50.0,85.0
2016-11,UF,MT,glp,327,75.0,70.0,80.0,60.0,90.0
2016-11,UF,PA,glp,228,58.0,50.0,75.0,45.0,78.0
2016-11,UF,PB,glp,113,55.0,47.2,55.0,44.0,60.0
2016-11,UF,PE,glp,336,50.0,45.0,55.0,40.0,65.0
2016-11,UF,PI,glp,88,55.0,52.5,60.0,47.49,67.0
2016-11,UF,PR,glp,660,60.0,50.0,70.0,40.0,79.9
2016-11,UF,RJ,glp,349,53.0,45.0,60.0,39.95,70.0
2016-11,UF,RN,glp,156,55.0,52.5,60.0,45.0,60.0
2016-11,UF,RO,glp,135,57.0,53.0,68.0,49.0,70.0
2016-11,UF,RR,glp,32,60.0,58.0,63.9,57.0,67.0
2016-11,UF,RS,glp,638,56.0,50.0,65.0,40.0,72.0
2016-11,UF,SC,glp,187,55.0,49.3,62.66,45.0,69.0
2016-11,UF,SE,glp,33,58.0,55.0,61.6,42.0,63.5
2016-11,UF,SP,glp,1979,53.0,45.99,60.0,38.0,74.9
2016-11,UF,TO,glp,101,70.0,65.0,72.0,65.0,76.0
2016-12,BR,BR,glp,8051,55.0,48.0,68.0,35.0,90.0
2016-12,MUN,AC|CRUZEIRO DO SUL,glp,4,64.75,63.0,68.95,63.0,70.0
2016-12,MUN,AC|RIO BRANCO,glp,97,60.0,58.0,63.0,55.0,65.0
2016-12,MUN,AC|SENA MADUREIRA,glp,1,62.0,62.0,62.0,62.0,62.0
2016-12,MUN,AL|ARAPIRACA,glp,7,50.0,43.8,52.0,42.0,55.0
2016-12,MUN,AL|ATALAIA,glp,1,45.0,45.0,45.0,45.0,45.0
2016-12,MUN,AL|DELMIRO GOUVEIA,glp,2,60.0,60.0,60.0,60.0,60.0
2016-12,MUN,AL|MACEIO,glp,53,55.0,55.0,55.0,50.0,55.0
2016-12,MUN,AL|MARECHAL DEODORO,glp,5,55.0,52.5,55.0,52.5,55.0
2016-12,MUN,AL|PALMEIRA DOS INDIOS,glp,6,52.5,50.0,56.25,50.0,57.5
2016-12,MUN,AL|RIO LARGO,glp,2,46.5,45.3,47.7,45.0,48.0
2016-12,MUN,AL|SANTANA DO IPANEMA,glp,3,60.0,60.0,60.0,60.0,60.0
2016-12,MUN,AL|SATUBA,glp,1,55.0,55.0,55.0,55.0,55.0
2016-12,MUN,AM|HUMAITA,glp,3,60.0,60.0,64.0,60.0,65.0
2016-12,MUN,AM|ITACOATIARA,glp,10,60.0,58.0,60.5,58.0,65.0
2016-12,MUN,AM|MANACAPURU,glp,7,60.0,59.0,60.0,59.0,60.0
2016-12,MUN,AM|MANAUS,glp,243,53.0,51.0,55.0,46.5,58.0
2016-12,MUN,AM|PARINTINS,glp,2,57.5,55.5,59.5,55.0,60.0
2016-12,MUN,AM|TEFE,glp,2,64.0,64.0,64.0,64.0,64.0
2016-12,MUN,AP|LARANJAL DO JARI,glp,1,69.0,69.0,69.0,69.0,69.0
2016-12,MUN,AP|MACAPA,glp,27,70.0,66.8,70.0,50.0,70.5
2016-12,MUN,AP|SANTANA,glp,7,67.0,65.3,69.4,65.0,70.0
2016-12,MUN,BA|ALAGOINHAS,glp,3,50.0,50.0,50.0,50.0,50.0
2016-12,MUN,BA|BARREIRAS,glp,7,49.0,46.8,58.2,45.0,63.0
2016-12,MUN,BA|BRUMADO,glp,4,51.5,47.9,53.0,47.0,53.0
2016-12,MUN,BA|CAETITE,glp,6,45.0,43.0,49.0,43.0,50.0
2016-12,MUN,BA|CAMACARI,glp,21,50.0,40.0,58.0,40.0,59.9
2016-12,MUN,BA|CANDEIAS,glp,5,46.0,44.4,48.4,44.0,50.0
2016-12,MUN,BA|CENTRAL,glp,1,42.0,42.0,42.0,42.0,42.0
2016-12,MUN,BA|EUNAPOLIS,glp,6,55.0,54.0,55.0,53.0,55.0
2016-12,MUN,BA|FEIRA DE SANTANA,glp,24,49.705,48.0,52.63,47.5,54.0
2016-12,MUN,BA|GUANAMBI,glp,20,42.0,42.0,42.0,40.0,42.0
2016-12,MUN,BA|ILHEUS,glp,7,58.0,45.0,64.146,45.0,66.0
2016-12,MUN,BA|IPIRA,glp,3,55.0,47.0,57.0,45.0,57.5
2016-12,MUN,BA|IRECE,glp,7,45.0,42.0,50.0,42.0,50.0
2016-12,MUN,BA|ITABUNA,glp,6,56.25,52.25,60.0,52.0,60.0
2016-12,MUN,BA|ITAMARAJU,glp,4,60.0,56.5,60.0,55.0,60.0
2016-12,MUN,BA|JACOBINA,glp,4,51.25,50.0,57.75,50.0,60.0
2016-12,MUN,BA|JAGUAQUARA,glp,3,45.0,38.6,45.0,37.0,45.0
2016-12,MUN,BA|JEQUIE,glp,7,38.5,36.2,43.8,35.0,45.0
2016-12,MUN,BA|JUAZEIRO,glp,7,48.0,45.6,50.0,45.0,50.0
2016-12,MUN,BA|LAURO DE FREITAS,glp,19,50.0,45.8,58.0,45.0,58.0
2016-12,MUN,BA|LIVRAMENTO DE NOSSA SENHORA,glp,5,50.0,43.2,50.0,42.0,50.0
2016-12,MUN,BA|PAULO AFONSO,glp,6,57.75,56.5,61.0,56.0,62.0
2016-12,MUN,BA|POCOES,glp,5,40.0,40.0,45.0,40.0,45.0
2016-12,MUN,BA|PORTO SEGURO,glp,10,50.0,45.9,65.0,45.0,65.0
2016-12,MUN,BA|SALVADOR,glp,82,55.0,45.3,60.0,45.0,65.0
2016-12,MUN,BA|SANTANOPOLIS,glp,1,54.0,54.0,54.0,54.0,54.0
2016-12,MUN,BA|SANTO ANTONIO DE JESUS,glp,5,49.0,45.0,50.0,45.0,50.0
2016-12,MUN,BA|SENHOR DO BONFIM,glp,4,50.0,48.6,51.75,48.0,52.5
2016-12,MUN,BA|SERRINHA,glp,3,50.0,50.0,54.0,50.0,55.0
2016-12,MUN,BA|SIMOES FILHO,glp,7,55.0,49.0,57.0,47.5,60.0
2016-12,MUN,BA|TEIXEIRA DE FREITAS,glp,7,50.0,50.0,51.0,50.0,52.5
2016-12,MUN,BA|VALENCA,glp,4,57.5,55.0,62.1,55.0,63.0
2016-12,MUN,BA|VITORIA DA CONQUISTA,glp,9,55.0,52.0,58.0,50.0,58.0
2016-12,MUN,CE|BEBERIBE,glp,6,62.0,60.0,64.0,60.0,65.0
2016-12,MUN,CE|CANINDE,glp,4,56.5,55.0,58.0,55.0,58.0
2016-12,MUN,CE|CAUCAIA,glp,30,65.0,63.0,68.0,63.0,68.5
2016-12,MUN,CE|CRATEUS,glp,4,60.0,57.2,60.0,56.0,60.0
2016-12,MUN,CE|CRATO,glp,16,60.0,56.75,64.25,55.5,68.0
2016-12,MUN,CE|FORTALEZA,glp,122,65.0,62.5,68.0,59.0,70.0
2016-12,MUN,CE|ICO,glp,5,57.5,54.2,59.0,53.0,60.0
2016-12,MUN,CE|IGUATU,glp,5,56.0,55.4,58.4,55.0,60.0
2016-12,MUN,CE|IPU,glp,2,56.75,55.75,57.75,55.5,58.0
2016-12,MUN,CE|ITAPIPOCA,glp,7,56.0,55.0,58.8,55.0,60.0
2016-12,MUN,CE|JUAZEIRO DO NORTE,glp,18,58.0,54.4,60.0,53.0,60.0
2016-12,MUN,CE|LIMOEIRO DO NORTE,glp,4,55.75,55.0,57.55,55.0,58.0
2016-12,MUN,CE|MARACANAU,glp,13,65.0,63.0,67.5,60.0,68.5
2016-12,MUN,CE|MAURITI,glp,1,60.0,60.0,60.0,60.0,60.0
2016-12,MUN,CE|MISSAO VELHA,glp,1,60.0,60.0,60.0,60.0,60.0
2016-12,MUN,CE|MORADA NOVA,glp,5,58.0,53.8,63.0,53.0,65.0
2016-12,MUN,CE|PACAJUS,glp,1,60.0,60.0,60.0,60.0,60.0
2016-12,MUN,CE|QUIXADA,glp,5,55.5,53.1,57.2,52.5,58.0
2016-12,MUN,CE|SOBRAL,glp,10,58.0,55.9,62.0,55.0,62.0
2016-12,MUN,DF|BRASILIA,glp,71,60.0,55.0,68.0,48.0,72.0
2016-12,MUN,ES|ARACRUZ,glp,8,53.25,48.7,62.3,48.0,63.0
2016-12,MUN,ES|BARRA DE SAO FRANCISCO,glp,4,61.5,61.0,64.1,61.0,65.0
2016-12,MUN,ES|CACHOEIRO DE ITAPEMIRIM,glp,16,55.0,54.0,60.0,53.0,60.0
2016-12,MUN,ES|CARIACICA,glp,67,52.0,50.0,55.0,50.0,55.0
2016-12,MUN,ES|COLATINA,glp,8,50.0,50.0,59.75,50.0,65.0
2016-12,MUN,ES|GUARAPARI,glp,21,55.0,50.0,55.0,50.0,55.0
2016-12,MUN,ES|ITAPEMIRIM,glp,3,49.9,49.9,56.38,49.9,58.0
2016-12,MUN,ES|LINHARES,glp,15,50.0,45.0,58.0,45.0,60.0
2016-12,MUN,ES|SAO MATEUS,glp,6,50.0,47.5,55.0,45.0,55.0
2016-12,MUN,ES|SERRA,glp,108,52.0,50.0,55.0,49.99,55.0
2016-12,MUN,ES|VILA VELHA,glp,34,52.0,50.0,55.0,50.0,55.0
2016-12,MUN,ES|VITORIA,glp,16,55.0,52.0,55.0,52.0,55.0
2016-12,MUN,GO|AGUAS LINDAS DE GOIAS,glp,12,55.0,53.0,57.0,53.0,58.0
2016-12,MUN,GO|ANAPOLIS,glp,68,54.0,53.0,56.0,52.0,60.0
2016-12,MUN,GO|APARECIDA DE GOIANIA,glp,36,58.0,54.5,60.5,50.0,62.0
2016-12,MUN,GO|CALDAS NOVAS,glp,13,60.0,59.0,60.0,58.0,60.0
2016-12,MUN,GO|CATALAO,glp,8,55.0,50.0,56.0,50.0,56.0
2016-12,MUN,GO|FORMOSA,glp,11,60.0,57.0,60.0,57.0,60.0
2016-12,MUN,GO|GOIANIA,glp,92,56.5,55.0,60.0,50.0,62.0
2016-12,MUN,GO|GOIATUBA,glp,3,57.0,56.2,57.0,56.0,57.0
2016-12,MUN,GO|ITUMBIARA,glp,7,67.0,64.8,68.0,63.0,68.0
2016-12,MUN,GO|JARAGUA,glp,1,54.0,54.0,54.0,54.0,54.0
2016-12,MUN,GO|JATAI,glp,19,65.0,62.8,65.0,62.0,66.0
2016-12,MUN,GO|LUZIANIA,glp,16,55.0,54.5,56.0,54.0,57.0
2016-12,MUN,GO|MINEIROS,glp,5,60.0,60.0,61.0,60.0,61.0
2016-12,MUN,GO|MORRINHOS,glp,6,57.0,54.5,57.0,54.0,57.0
2016-12,MUN,GO|PORANGATU,glp,15,60.0,55.0,60.0,55.0,60.0
2016-12,MUN,GO|RIO VERDE,glp,15,64.0,59.4,65.6,50.0,66.0
2016-12,MUN,GO|TRINDADE,glp,19,55.0,55.0,58.0,54.0,58.0
2016-12,MUN,GO|VALPARAISO DE GOIAS,glp,10,55.0,50.0,57.0,50.0,57.0
2016-12,MUN,MA|ACAILANDIA,glp,4,60.0,57.9,60.0,57.0,60.0
2016-12,MUN,MA|BACABAL,glp,4,62.5,60.6,63.0,60.0,63.0
2016-12,MUN,MA|BALSAS,glp,3,70.0,68.0,70.0,67.5,70.0
2016-12,MUN,MA|BARRA DO CORDA,glp,4,62.0,60.6,64.1,60.0,65.0
2016-12,MUN,MA|CAXIAS,glp,4,67.5,65.0,70.0,65.0,70.0
2016-12,MUN,MA|CODO,glp,2,62.5,62.5,62.5,62.5,62.5
2016-12,MUN,MA|IMPERATRIZ,glp,70,52.5,50.0,55.0,50.0,55.0
2016-12,MUN,MA|PINHEIRO,glp,3,65.0,63.4,65.0,63.0,65.0
2016-12,MUN,MA|PRESIDENTE DUTRA,glp,3,65.0,63.0,65.0,62.5,65.0
2016-12,MUN,MA|SANTA INES,glp,4,64.0,61.2,64.7,60.0,65.0
2016-12,MUN,MA|SAO DOMINGOS DO MARANHAO,glp,1,60.0,60.0,60.0,60.0,60.0
2016-12,MUN,MA|SAO JOSE DE RIBAMAR,glp,9,45.0,44.99,45.0,44.99,45.0
2016-12,MUN,MA|SAO LUIS,glp,62,45.0,44.99,45.0,44.0,45.0
2016-12,MUN,MA|TIMON,glp,3,60.0,58.0,60.0,57.5,60.0
2016-12,MUN,MG|ALFENAS,glp,8,50.0,50.0,53.6,50.0,55.0
2016-12,MUN,MG|ARAGUARI,glp,7,55.0,53.0,60.0,50.0,60.0
2016-12,MUN,MG|ARAXA,glp,5,62.5,56.2,65.0,55.0,65.0
2016-12,MUN,MG|BARBACENA,glp,12,55.0,55.0,60.0,55.0,62.5
2016-12,MUN,MG|BELO HORIZONTE,glp,42,55.0,48.2,65.0,45.0,70.0
2016-12,MUN,MG|BETIM,glp,12,57.5,51.3,60.0,50.0,65.0
2016-12,MUN,MG|BOM DESPACHO,glp,3,65.0,64.2,65.0,64.0,65.0
2016-12,MUN,MG|CAMPO BELO,glp,6,49.0,49.0,52.5,49.0,55.0
2016-12,MUN,MG|CARATINGA,glp,4,55.0,55.0,56.05,55.0,56.5
2016-12,MUN,MG|CATAGUASES,glp,5,63.0,62.4,63.5,62.0,63.5
2016-12,MUN,MG|CONGONHAS,glp,6,60.0,55.0,60.0,55.0,60.0
2016-12,MUN,MG|CONSELHEIRO LAFAIETE,glp,7,55.0,52.2,55.4,48.0,56.0
2016-12,MUN,MG|CONTAGEM,glp,17,58.0,50.0,65.76,50.0,68.9
2016-12,MUN,MG|CORONEL FABRICIANO,glp,5,60.0,55.8,63.0,53.0,65.0
2016-12,MUN,MG|CURVELO,glp,5,55.0,49.9,60.0,46.5,60.0
2016-12,MUN,MG|DIAMANTINA,glp,5,70.0,62.8,70.0,60.0,70.0
2016-12,MUN,MG|DIVINOPOLIS,glp,17,55.0,50.0,60.0,48.0,60.0
2016-12,MUN,MG|FORMIGA,glp,6,50.0,49.5,52.0,49.5,52.5
2016-12,MUN,MG|FRUTAL,glp,6,47.7,46.2,50.0,45.0,50.0
2016-12,MUN,MG|GOVERNADOR VALADARES,glp,8,54.5,51.4,57.65,50.0,58.0
2016-12,MUN,MG|GUAXUPE,glp,5,52.0,50.0,53.8,50.0,55.0
2016-12,MUN,MG|IPATINGA,glp,16,55.0,51.75,58.0,50.0,59.0
2016-12,MUN,MG|ITABIRA,glp,5,64.0,62.8,65.0,62.0,65.0
2016-12,MUN,MG|ITAJUBA,glp,6,50.0,49.0,51.0,48.0,52.0
2016-12,MUN,MG|ITAUNA,glp,9,50.0,49.8,53.4,49.0,55.0
2016-12,MUN,MG|ITUIUTABA,glp,19,58.0,53.8,58.4,50.0,60.0
2016-12,MUN,MG|JANAUBA,glp,2,57.5,57.1,57.9,57.0,58.0
2016-12,MUN,MG|JANUARIA,glp,12,62.0,60.0,64.9,58.0,65.0
2016-12,MUN,MG|JOAO MONLEVADE,glp,7,48.0,48.0,51.6,48.0,54.0
2016-12,MUN,MG|JOAO PINHEIRO,glp,10,65.0,65.0,65.5,65.0,70.0
2016-12,MUN,MG|JUIZ DE FORA,glp,38,60.0,57.1,69.3,55.0,72.0
2016-12,MUN,MG|LAVRAS,glp,8,54.0,48.5,58.6,45.0,60.0
2016-12,MUN,MG|LEOPOLDINA,glp,6,62.5,54.5,64.0,54.0,65.0
2016-12,MUN,MG|MANHUACU,glp,6,54.5,53.5,56.5,53.0,58.0
2016-12,MUN,MG|MONTE CARMELO,glp,10,55.0,52.9,55.0,52.0,55.0
2016-12,MUN,MG|MONTES CLAROS,glp,43,62.0,61.0,63.0,61.0,64.0
2016-12,MUN,MG|MURIAE,glp,8,60.0,55.0,65.3,55.0,66.0
2016-12,MUN,MG|NOVA LIMA,glp,5,56.0,53.8,61.0,53.0,63.0
2016-12,MUN,MG|OLIVEIRA,glp,4,51.0,45.95,57.03,45.5,57.9
2016-12,MUN,MG|OURO PRETO,glp,4,66.0,65.3,66.7,65.0,67.0
2016-12,MUN,MG|PARA DE MINAS,glp,3,60.0,60.0,62.8,60.0,63.5
2016-12,MUN,MG|PARACATU,glp,8,60.0,58.5,61.5,55.0,65.0
2016-12,MUN,MG|PASSOS,glp,17,56.5,55.0,60.0,50.0,60.0
2016-12,MUN,MG|PATOS DE MINAS,glp,6,56.25,54.0,60.0,53.0,60.0
2016-12,MUN,MG|PATROCINIO,glp,4,56.0,53.25,59.1,52.5,60.0
2016-12,MUN,MG|POCOS DE CALDAS,glp,19,53.0,52.0,53.0,52.0,53.0
2016-12,MUN,MG|POUSO ALEGRE,glp,6,50.0,50.0,54.5,50.0,56.0
2016-12,MUN,MG|RIBEIRAO DAS NEVES,glp,12,55.0,48.2,64.5,47.0,68.0
2016-12,MUN,MG|SABARA,glp,8,55.5,55.0,60.0,55.0,60.0
2016-12,MUN,MG|SANTA LUZIA,glp,12,60.0,54.13,64.6,50.0,65.0
2016-12,MUN,MG|SAO JOAO DEL REI,glp,18,55.5,53.7,60.0,50.0,60.0
2016-12,MUN,MG|SAO LOURENCO,glp,3,50.0,50.0,54.0,50.0,55.0
2016-12,MUN,MG|SAO SEBASTIAO DO PARAISO,glp,17,55.0,50.0,55.0,48.0,62.0
2016-12,MUN,MG|SETE LAGOAS,glp,18,57.5,54.0,60.0,53.0,62.0
2016-12,MUN,MG|TEOFILO OTONI,glp,17,54.0,51.6,60.0,48.0,60.0
2016-12,MUN,MG|TIMOTEO,glp,5,60.0,58.5,60.0,57.5,60.0
2016-12,MUN,MG|TRES CORACOES,glp,12,54.0,51.1,59.5,50.0,60.0
2016-12,MUN,MG|UBA,glp,11,65.0,65.0,70.0,65.0,70.0
2016-12,MUN,MG|UBERABA,glp,34,55.0,50.0,60.0,45.0,60.0
2016-12,MUN,MG|UBERLANDIA,glp,28,60.0,58.0,65.0,55.0,65.0
2016-12,MUN,MG|UNAI,glp,4,70.0,70.0,70.0,70.0,70.0
2016-12,MUN,MG|VARGINHA,glp,11,52.0,50.0,56.0,50.0,57.5
2016-12,MUN,MG|VESPASIANO,glp,10,62.5,59.5,65.3,55.0,68.0
2016-12,MUN,MG|VICOSA,glp,3,65.0,65.0,66.2,65.0,66.5
2016-12,MUN,MS|BATAYPORA,glp,1,65.0,65.0,65.0,65.0,65.0
2016-12,MUN,MS|CAMPO GRANDE,glp,372,67.0,65.0,67.0,61.0,68.0
2016-12,MUN,MS|CORUMBA,glp,5,65.0,63.5,65.0,62.5,65.0
2016-12,MUN,MS|COXIM,glp,6,50.0,47.5,66.75,45.0,67.5
2016-12,MUN,MS|DOURADOS,glp,28,65.0,60.0,67.9,55.0,72.0
2016-12,MUN,MS|NOVA ANDRADINA,glp,10,70.0,67.25,70.0,65.0,70.0
2016-12,MUN,MS|PARANAIBA,glp,12,70.0,70.0,70.0,70.0,70.0
2016-12,MUN,MS|PONTA PORA,glp,2,58.0,58.0,58.0,58.0,58.0
2016-12,MUN,MS|TRES LAGOAS,glp,7,50.0,50.0,57.0,50.0,60.0
2016-12,MUN,MT|ALTA FLORESTA,glp,6,85.0,82.0,90.0,80.0,90.0
2016-12,MUN,MT|CACERES,glp,10,64.0,60.0,68.5,60.0,73.0
2016-12,MUN,MT|CUIABA,glp,251,75.0,70.0,80.0,60.0,90.0
2016-12,MUN,MT|RONDONOPOLIS,glp,12,85.0,80.0,85.0,75.0,90.0
2016-12,MUN,MT|SINOP,glp,16,70.0,70.0,73.75,70.0,75.0
2016-12,MUN,MT|SORRISO,glp,8,85.0,75.0,90.0,75.0,90.0
2016-12,MUN,MT|VARZEA GRANDE,glp,52,75.0,70.0,80.0,67.0,83.0
2016-12,MUN,PA|ABAETETUBA,glp,6,53.5,51.5,57.5,50.0,60.0
2016-12,MUN,PA|ALENQUER,glp,3,61.0,61.0,61.8,61.0,62.0
2016-12,MUN,PA|ALTAMIRA,glp,8,70.0,69.4,72.1,68.0,77.0
2016-12,MUN,PA|ANANINDEUA,glp,26,58.0,52.5,60.0,47.0,70.0
2016-12,MUN,PA|BELEM,glp,76,55.0,50.0,58.0,45.0,60.0
2016-12,MUN,PA|BRAGANCA,glp,7,65.0,64.2,65.0,63.0,65.0
2016-12,MUN,PA|CAMETA,glp,6,60.0,60.0,65.0,60.0,70.0
2016-12,MUN,PA|CASTANHAL,glp,5,60.0,60.0,63.0,60.0,65.0
2016-12,MUN,PA|CONCEICAO DO ARAGUAIA,glp,5,70.0,62.0,70.0,60.0,70.0
2016-12,MUN,PA|ITAITUBA,glp,6,65.0,60.0,71.5,60.0,78.0
2016-12,MUN,PA|MARABA,glp,8,70.0,66.8,73.6,64.0,75.0
2016-12,MUN,PA|PARAGOMINAS,glp,4,75.0,73.3,76.0,73.0,76.0
2016-12,MUN,PA|PARAUAPEBAS,glp,3,75.0,75.0,75.4,75.0,75.5
2016-12,MUN,PA|REDENCAO,glp,6,78.0,78.0,78.0,78.0,78.0
2016-12,MUN,PA|SANTAREM,glp,26,57.0,55.0,60.0,53.0,62.0
2016-12,MUN,PA|XINGUARA,glp,9,75.0,70.0,75.0,70.0,75.0
2016-12,MUN,PB|BAYEUX,glp,5,55.0,51.0,55.0,50.0,55.0
2016-12,MUN,PB|CABEDELO,glp,6,55.0,55.0,56.0,55.0,57.0
2016-12,MUN,PB|CAMPINA GRANDE,glp,33,55.0,50.0,60.0,50.0,65.0
2016-12,MUN,PB|JOAO PESSOA,glp,24,55.0,50.0,55.0,50.0,55.0
2016-12,MUN,PB|PATOS,glp,4,45.0,45.0,46.4,45.0,47.0
2016-12,MUN,PB|SANTA RITA,glp,6,46.5,45.5,48.5,45.0,50.0
2016-12,MUN,PB|SOUSA,glp,3,45.0,45.0,45.0,45.0,45.0
2016-12,MUN,PE|ABREU E LIMA,glp,11,47.5,45.0,50.0,45.0,55.0
2016-12,MUN,PE|ARARIPINA,glp,4,57.5,55.75,59.25,55.0,60.0
2016-12,MUN,PE|ARCOVERDE,glp,4,57.5,51.5,60.0,50.0,60.0
2016-12,MUN,PE|BELO JARDIM,glp,3,50.0,50.0,50.0,50.0,50.0
2016-12,MUN,PE|CABO DE SANTO AGOSTINHO,glp,10,45.0,44.691,50.25,42.0,52.5
2016-12,MUN,PE|CACHOEIRINHA,glp,1,45.0,45.0,45.0,45.0,45.0
2016-12,MUN,PE|CAMARAGIBE,glp,16,50.0,45.0,51.25,45.0,55.0
2016-12,MUN,PE|CARUARU,glp,11,49.995,45.0,50.0,45.0,50.0
2016-12,MUN,PE|GARANHUNS,glp,6,55.0,50.0,55.0,50.0,55.0
2016-12,MUN,PE|GOIANA,glp,4,57.5,50.8,60.0,49.0,60.0
2016-12,MUN,PE|GRAVATA,glp,4,45.0,45.0,45.0,45.0,45.0
2016-12,MUN,PE|IGARASSU,glp,23,49.99,45.0,50.0,45.0,55.0
2016-12,MUN,PE|JABOATAO DOS GUARARAPES,glp,44,45.0,44.993,50.0,44.0,55.0
2016-12,MUN,PE|LAJEDO,glp,4,45.0,42.55,48.5,41.5,50.0
2016-12,MUN,PE|OLINDA,glp,45,45.0,42.0,50.0,40.0,57.5
2016-12,MUN,PE|PAULISTA,glp,12,50.0,45.0,55.0,45.0,55.0
2016-12,MUN,PE|PETROLINA,glp,14,49.0,45.0,52.7,45.0,53.0
2016-12,MUN,PE|RECIFE,glp,94,45.0,42.993,50.0,41.0,55.0
2016-12,MUN,PE|SALGUEIRO,glp,3,60.0,60.0,60.0,60.0,60.0
2016-12,MUN,PE|SANTA CRUZ DO CAPIBARIBE,glp,6,45.0,45.0,47.5,45.0,50.0
2016-12,MUN,PE|SERRA TALHADA,glp,3,65.0,61.0,65.0,60.0,65.0
2016-12,MUN,PE|VITORIA DE SANTO ANTAO,glp,12,50.0,40.25,54.5,40.0,55.0
2016-12,MUN,PI|CAMPO MAIOR,glp,4,67.0,67.0,67.0,67.0,67.0
2016-12,MUN,PI|PARNAIBA,glp,2,60.0,58.4,61.6,58.0,62.0
2016-12,MUN,PI|PICOS,glp,2,52.5,50.5,54.5,50.0,55.0
2016-12,MUN,PI|PIRIPIRI,glp,4,67.0,66.3,67.0,66.0,67.0
2016-12,MUN,PI|TERESINA,glp,66,55.0,50.0,55.0,44.99,57.5
2016-12,MUN,PR|APUCARANA,glp,19,55.0,53.92,60.0,49.5,60.0
2016-12,MUN,PR|ARAPONGAS,glp,21,55.0,49.9,65.0,49.9,65.0
2016-12,MUN,PR|ARAUCARIA,glp,13,50.0,50.0,56.6,50.0,69.9
2016-12,MUN,PR|ASSIS CHATEAUBRIAND,glp,5,65.0,62.0,70.0,60.0,70.0
2016-12,MUN,PR|CAMBE,glp,15,55.0,52.8,60.0,50.0,60.0
2016-12,MUN,PR|CAMPO LARGO,glp,15,54.0,48.74,55.0,46.9,58.0
2016-12,MUN,PR|CAMPO MOURAO,glp,12,62.5,60.0,67.7,60.0,70.5
2016-12,MUN,PR|CASCAVEL,glp,97,70.0,70.0,72.0,67.0,72.0
2016-12,MUN,PR|CASTRO,glp,5,69.98,64.4,70.6,62.0,71.0
2016-12,MUN,PR|CIANORTE,glp,17,65.0,61.5,65.0,60.0,70.0
2016-12,MUN,PR|COLOMBO,glp,24,52.75,47.95,55.0,45.0,57.0
2016-12,MUN,PR|CORNELIO PROCOPIO,glp,3,65.0,63.4,65.0,63.0,65.0
2016-12,MUN,PR|CURITIBA,glp,56,55.0,50.0,60.25,45.9,69.0
2016-12,MUN,PR|CURIUVA,glp,1,55.0,55.0,55.0,55.0,55.0
2016-12,MUN,PR|FOZ DO IGUACU,glp,20,60.0,57.0,60.2,50.0,65.0
2016-12,MUN,PR|FRANCISCO BELTRAO,glp,6,55.0,52.5,55.5,50.0,56.0
2016-12,MUN,PR|GUARAPUAVA,glp,12,64.0,60.0,69.5,58.0,75.0
2016-12,MUN,PR|JESUITAS,glp,1,60.0,60.0,60.0,60.0,60.0
2016-12,MUN,PR|LARANJEIRAS DO SUL,glp,6,64.0,63.0,65.0,63.0,65.0
2016-12,MUN,PR|LONDRINA,glp,98,57.5,54.4,60.0,45.0,65.0
2016-12,MUN,PR|MARECHAL CANDIDO RONDON,glp,5,58.0,55.0,63.0,55.0,65.0
2016-12,MUN,PR|MARINGA,glp,33,68.0,65.0,70.0,65.0,70.0
2016-12,MUN,PR|PARANAGUA,glp,8,45.0,41.4,48.0,40.0,55.0
2016-12,MUN,PR|PARANAVAI,glp,12,68.0,63.2,68.0,60.0,68.0
2016-12,MUN,PR|PATO BRANCO,glp,13,68.0,67.2,76.4,66.5,79.9
2016-12,MUN,PR|PINHAIS,glp,17,54.0,48.0,56.0,45.0,56.0
2016-12,MUN,PR|PONTA GROSSA,glp,15,55.0,51.2,60.0,50.0,60.0
2016-12,MUN,PR|RAMILANDIA,glp,1,60.0,60.0,60.0,60.0,60.0
2016-12,MUN,PR|SANTO ANTONIO DA PLATINA,glp,15,53.0,49.4,55.0,47.0,55.9
2016-12,MUN,PR|SAO JOSE DOS PINHAIS,glp,18,52.5,47.7,55.0,46.9,57.9
2016-12,MUN,PR|TOLEDO,glp,27,70.0,65.0,71.0,60.0,75.0
2016-12,MUN,PR|UMUARAMA,glp,24,65.0,60.0,70.0,60.0,70.0
2016-12,MUN,PR|UNIAO DA VITORIA,glp,3,65.0,63.4,65.0,63.0,65.0
2016-12,MUN,RJ|ANGRA DOS REIS,glp,5,60.0,52.6,63.0,50.0,65.0
2016-12,MUN,RJ|ARARUAMA,glp,6,45.0,42.995,49.248,42.99,49.5
2016-12,MUN,RJ|BARRA DO PIRAI,glp,4,57.0,55.23,66.4,54.9,70.0
2016-12,MUN,RJ|BARRA MANSA,glp,14,55.5,50.6,60.0,49.0,60.0
2016-12,MUN,RJ|BELFORD ROXO,glp,6,60.0,55.0,60.0,50.0,60.0
2016-12,MUN,RJ|CABO FRIO,glp,4,50.0,43.0,50.0,40.0,50.0
2016-12,MUN,RJ|CAMPOS DOS GOYTACAZES,glp,30,60.0,50.0,60.0,50.0,62.0
2016-12,MUN,RJ|DUQUE DE CAXIAS,glp,38,50.0,47.1,55.0,45.0,58.0
2016-12,MUN,RJ|ITABORAI,glp,6,50.0,45.0,50.0,45.0,50.0
2016-12,MUN,RJ|ITAGUAI,glp,3,49.9,45.98,49.9,45.0,49.9
2016-12,MUN,RJ|ITAPERUNA,glp,4,55.0,54.93,55.0,54.9,55.0
2016-12,MUN,RJ|MACAE,glp,5,60.0,58.8,63.0,58.0,65.0
2016-12,MUN,RJ|MAGE,glp,3,50.0,50.0,54.0,50.0,55.0
2016-12,MUN,RJ|MANGARATIBA,glp,2,49.95,49.91,49.99,49.9,50.0
2016-12,MUN,RJ|MARICA,glp,5,50.0,46.996,50.0,45.0,50.0
2016-12,MUN,RJ|NILOPOLIS,glp,4,56.5,51.5,59.4,50.0,60.0
2016-12,MUN,RJ|NITEROI,glp,14,50.0,48.6,57.1,43.0,60.0
2016-12,MUN,RJ|NOVA FRIBURGO,glp,4,55.0,51.5,55.0,50.0,55.0
2016-12,MUN,RJ|NOVA IGUACU,glp,23,55.0,44.992,55.0,44.99,60.0
2016-12,MUN,RJ|PARATY,glp,2,63.75,62.75,64.75,62.5,65.0
2016-12,MUN,RJ|PETROPOLIS,glp,7,52.445,49.998,60.0,49.995,60.0
2016-12,MUN,RJ|RESENDE,glp,6,49.0,45.5,55.0,45.0,55.0
2016-12,MUN,RJ|RIO BONITO,glp,3,42.0,42.0,42.0,42.0,42.0
2016-12,MUN,RJ|RIO DE JANEIRO,glp,73,54.9,48.2,60.0,43.99,63.0
2016-12,MUN,RJ|SANTO ANTONIO DE PADUA,glp,2,39.95,39.95,39.95,39.95,39.95
2016-12,MUN,RJ|SAO FRANCISCO DE ITABAPOANA,glp,2,57.5,55.5,59.5,55.0,60.0
2016-12,MUN,RJ|SAO GONCALO,glp,20,50.0,49.8,55.0,48.0,55.0
2016-12,MUN,RJ|SAO JOAO DE MERITI,glp,8,48.0,47.1,51.5,45.0,55.0
2016-12,MUN,RJ|SAPUCAIA,glp,2,55.0,51.0,59.0,50.0,60.0
2016-12,MUN,RJ|SAQUAREMA,glp,4,42.0,40.6,47.6,40.0,50.0
2016-12,MUN,RJ|TERESOPOLIS,glp,6,62.0,57.5,63.0,55.0,63.0
2016-12,MUN,RJ|TRES RIOS,glp,2,50.0,50.0,50.0,50.0,50.0
2016-12,MUN,RJ|VALENCA,glp,4,59.5,59.0,60.0,59.0,60.0
2016-12,MUN,RJ|VASSOURAS,glp,2,56.5,55.3,57.7,55.0,58.0
2016-12,MUN,RJ|VOLTA REDONDA,glp,10,55.5,53.9,60.0,53.0,60.0
2016-12,MUN,RN|CAICO,glp,7,58.0,55.3,60.0,55.0,60.0
2016-12,MUN,RN|MOSSORO,glp,12,56.0,55.0,60.0,53.0,60.0
2016-12,MUN,RN|NATAL,glp,79,57.5,54.4,60.0,51.5,60.0
2016-12,MUN,RN|PARNAMIRIM,glp,28,55.0,52.4,57.5,50.0,60.0
2016-12,MUN,RN|SAO JOSE DE MIPIBU,glp,8,58.0,53.5,60.0,50.0,60.0
2016-12,MUN,RO|ARIQUEMES,glp,4,63.75,63.0,64.85,63.0,65.0
2016-12,MUN,RO|CACOAL,glp,4,68.0,68.0,68.0,68.0,68.0
2016-12,MUN,RO|GUAJARA-MIRIM,glp,4,63.5,60.6,65.0,60.0,65.0
2016-12,MUN,RO|JI-PARANA,glp,13,62.0,60.2,68.6,60.0,70.0
2016-12,MUN,RO|PIMENTA BUENO,glp,4,68.0,68.0,68.0,68.0,68.0
2016-12,MUN,RO|PORTO VELHO,glp,53,56.0,53.2,59.0,52.0,68.0
2016-12,MUN,RO|VILHENA,glp,9,68.0,65.0,68.4,65.0,70.0
2016-12,MUN,RR|BOA VISTA,glp,37,62.5,60.3,64.0,58.0,65.0
2016-12,MUN,RS|ALEGRETE,glp,7,54.0,49.6,55.4,49.0,56.0
2016-12,MUN,RS|ALVORADA,glp,7,50.0,50.0,59.4,50.0,60.0
2016-12,MUN,RS|BAGE,glp,24,68.0,65.0,70.0,62.5,70.0
2016-12,MUN,RS|BENTO GONCALVES,glp,6,68.0,61.0,71.0,60.0,74.0
2016-12,MUN,RS|CACAPAVA DO SUL,glp,6,63.0,61.5,63.0,60.0,63.0
2016-12,MUN,RS|CACHOEIRA DO SUL,glp,11,43.0,39.9,45.0,37.95,47.5
2016-12,MUN,RS|CACHOEIRINHA,glp,6,54.5,52.0,57.5,52.0,60.0
2016-12,MUN,RS|CANOAS,glp,30,54.5,48.0,58.0,45.0,58.0
2016-12,MUN,RS|CAXIAS DO SUL,glp,42,55.0,49.1,60.0,45.0,60.0
2016-12,MUN,RS|CRUZ ALTA,glp,3,47.5,45.9,47.86,45.5,47.95
2016-12,MUN,RS|ERECHIM,glp,6,62.0,60.0,64.0,60.0,65.0
2016-12,MUN,RS|ESTEIO,glp,17,57.0,53.0,59.0,50.0,60.0
2016-12,MUN,RS|GRAMADO,glp,6,57.0,55.0,58.5,55.0,60.0
2016-12,MUN,RS|GRAVATAI,glp,11,50.0,50.0,55.0,49.5,55.0
2016-12,MUN,RS|GUAIBA,glp,6,56.5,55.0,58.5,55.0,59.0
2016-12,MUN,RS|GUARANI DAS MISSOES,glp,1,57.5,57.5,57.5,57.5,57.5
2016-12,MUN,RS|IJUI,glp,8,56.0,53.5,58.25,50.0,60.0
2016-12,MUN,RS|LAJEADO,glp,11,53.0,53.0,59.0,50.0,60.0
2016-12,MUN,RS|NOVO HAMBURGO,glp,29,54.0,50.0,57.2,50.0,59.0
2016-12,MUN,RS|OSORIO,glp,6,65.0,60.0,65.0,60.0,65.0
2016-12,MUN,RS|PALMEIRA DAS MISSOES,glp,6,60.0,60.0,60.0,60.0,60.0
2016-12,MUN,RS|PASSO FUNDO,glp,41,54.0,49.0,59.0,47.0,60.0
2016-12,MUN,RS|PELOTAS,glp,23,55.0,50.0,59.8,45.0,60.0
2016-12,MUN,RS|PORTO ALEGRE,glp,33,60.0,55.58,67.4,50.0,69.0
2016-12,MUN,RS|RIO GRANDE,glp,12,50.0,49.0,54.7,49.0,55.0
2016-12,MUN,RS|SANTA CRUZ DO SUL,glp,17,58.0,53.9,59.6,53.0,64.0
2016-12,MUN,RS|SANTA MARIA,glp,84,58.0,55.0,66.0,53.0,72.0
2016-12,MUN,RS|SANTA ROSA,glp,5,57.0,55.4,60.4,55.0,62.0
2016-12,MUN,RS|SANTANA DO LIVRAMENTO,glp,13,55.0,55.0,60.0,52.5,60.0
2016-12,MUN,RS|SANTO ANGELO,glp,4,60.0,58.6,63.5,58.0,65.0
2016-12,MUN,RS|SAO BORJA,glp,6,60.0,57.5,60.0,55.0,60.0
2016-12,MUN,RS|SAO GABRIEL,glp,14,62.0,55.0,66.35,53.0,67.0
2016-12,MUN,RS|SAO LEOPOLDO,glp,10,51.0,47.7,55.0,45.0,55.0
2016-12,MUN,RS|SAO LUIZ GONZAGA,glp,6,58.5,54.0,60.0,50.0,60.0
2016-12,MUN,RS|SAPIRANGA,glp,5,60.0,56.0,60.0,56.0,60.0
2016-12,MUN,RS|SAPUCAIA DO SUL,glp,21,57.0,50.0,62.0,50.0,64.0
2016-12,MUN,RS|TORRES,glp,6,62.5,56.5,65.0,55.0,65.0
2016-12,MUN,RS|TRAMANDAI,glp,2,59.0,58.2,59.8,58.0,60.0
2016-12,MUN,RS|URUGUAIANA,glp,14,61.0,58.0,68.0,58.0,68.0
2016-12,MUN,RS|VACARIA,glp,6,57.5,55.0,58.75,52.5,60.0
2016-12,MUN,RS|VIAMAO,glp,18,58.5,55.0,60.0,55.0,62.0
2016-12,MUN,SC|ARARANGUA,glp,5,52.0,50.0,53.8,50.0,55.0
2016-12,MUN,SC|BALNEARIO CAMBORIU,glp,6,55.25,52.0,57.0,49.0,58.0
2016-12,MUN,SC|BIGUACU,glp,5,50.0,48.0,53.0,48.0,55.0
2016-12,MUN,SC|BLUMENAU,glp,9,60.0,54.6,62.6,53.0,65.0
2016-12,MUN,SC|BRUSQUE,glp,7,50.0,50.0,53.8,50.0,55.0
2016-12,MUN,SC|CACADOR,glp,6,62.0,58.0,69.0,58.0,70.0
2016-12,MUN,SC|CHAPECO,glp,8,65.0,62.0,67.3,62.0,68.0
2016-12,MUN,SC|CONCORDIA,glp,5,50.0,45.0,55.0,45.0,55.0
2016-12,MUN,SC|CRICIUMA,glp,14,50.75,48.0,55.0,48.0,57.0
2016-12,MUN,SC|FLORIANOPOLIS,glp,9,60.0,54.2,61.0,51.0,65.0
2016-12,MUN,SC|ITAJAI,glp,9,50.0,47.4,51.0,45.0,55.0
2016-12,MUN,SC|JARAGUA DO SUL,glp,5,51.9,49.9,53.56,49.9,54.0
2016-12,MUN,SC|JOINVILLE,glp,6,56.0,53.5,57.0,52.0,57.0
2016-12,MUN,SC|LAGES,glp,6,59.25,55.25,60.5,52.5,61.0
2016-12,MUN,SC|LAGUNA,glp,5,55.0,51.2,55.0,50.0,55.0
2016-12,MUN,SC|MAFRA,glp,6,62.0,55.0,66.5,55.0,68.0
2016-12,MUN,SC|PALHOCA,glp,3,54.9,53.38,54.98,53.0,55.0
2016-12,MUN,SC|SAO JOSE,glp,4,51.45,48.5,54.4,47.9,55.0
2016-12,MUN,SC|SAO MIGUEL DO OESTE,glp,3,59.9,55.98,59.98,55.0,60.0
2016-12,MUN,SC|TUBARAO,glp,6,50.0,47.5,53.5,47.0,55.0
2016-12,MUN,SC|VIDEIRA,glp,5,60.0,60.0,62.0,60.0,62.0
2016-12,MUN,SC|XANXERE,glp,4,59.0,55.9,61.05,55.0,61.5
2016-12,MUN,SE|ARACAJU,glp,35,60.0,53.8,62.6,42.0,65.0
2016-12,MUN,SE|ITABAIANA,glp,3,60.0,58.4,64.0,58.0,65.0
2016-12,MUN,SE|LAGARTO,glp,4,56.25,55.0,59.25,55.0,60.0
2016-12,MUN,SE|NOSSA SENHORA DO SOCORRO,glp,7,60.0,56.2,60.8,55.0,62.0
2016-12,MUN,SP|ADAMANTINA,glp,4,55.0,55.0,58.5,55.0,60.0
2016-12,MUN,SP|AGUDOS,glp,1,43.0,43.0,43.0,43.0,43.0
2016-12,MUN,SP|AMERICANA,glp,19,55.0,55.0,59.99,50.0,60.0
2016-12,MUN,SP|AMPARO,glp,7,58.0,54.6,60.0,54.0,60.0
2016-12,MUN,SP|ARACATUBA,glp,47,50.0,49.0,55.0,45.0,55.0
2016-12,MUN,SP|ARARAQUARA,glp,16,56.995,52.5,58.0,50.0,63.0
2016-12,MUN,SP|ARARAS,glp,11,49.9,44.9,61.0,44.9,65.0
2016-12,MUN,SP|ASSIS,glp,13,52.0,48.4,55.0,48.0,55.0
2016-12,MUN,SP|ATIBAIA,glp,13,55.0,50.0,55.8,48.0,57.0
2016-12,MUN,SP|AVARE,glp,8,55.0,50.0,56.5,50.0,60.0
2016-12,MUN,SP|BARRETOS,glp,7,54.0,49.14,55.0,48.0,55.0
2016-12,MUN,SP|BARUERI,glp,26,50.0,48.0,59.0,45.0,60.0
2016-12,MUN,SP|BAURU,glp,41,55.0,49.9,58.0,45.0,65.0
2016-12,MUN,SP|BEBEDOURO,glp,13,55.0,50.0,55.8,50.0,58.0
2016-12,MUN,SP|BIRIGUI,glp,20,50.0,45.0,55.0,45.0,55.0
2016-12,MUN,SP|BOTUCATU,glp,16,55.0,54.95,55.0,54.9,55.45
2016-12,MUN,SP|BRAGANCA PAULISTA,glp,13,50.0,49.918,54.5,48.495,55.0
2016-12,MUN,SP|CACAPAVA,glp,5,50.0,43.396,53.0,43.0,55.0
2016-12,MUN,SP|CAMPINAS,glp,22,55.0,50.0,59.0,48.0,60.0
2016-12,MUN,SP|CAMPOS DO JORDAO,glp,7,45.0,40.0,50.0,40.0,50.0
2016-12,MUN,SP|CAPAO BONITO,glp,4,56.5,52.9,59.4,52.0,60.0
2016-12,MUN,SP|CARAGUATATUBA,glp,5,48.0,45.0,50.8,45.0,52.0
2016-12,MUN,SP|CARAPICUIBA,glp,16,49.995,45.5,51.743,44.99,52.0
2016-12,MUN,SP|CATANDUVA,glp,14,55.0,49.825,56.4,45.0,57.0
2016-12,MUN,SP|COSMOPOLIS,glp,5,55.0,52.9,56.4,51.5,57.0
2016-12,MUN,SP|COTIA,glp,10,55.0,52.25,55.5,50.0,60.0
2016-12,MUN,SP|CRUZEIRO,glp,7,45.0,43.8,52.0,42.0,55.0
2016-12,MUN,SP|CUBATAO,glp,9,59.0,50.0,70.0,50.0,70.0
2016-12,MUN,SP|DIADEMA,glp,21,50.0,48.0,55.0,48.0,55.0
2016-12,MUN,SP|DRACENA,glp,4,62.45,60.57,64.4,60.0,65.0
2016-12,MUN,SP|EMBU DAS ARTES,glp,6,56.5,52.5,61.2,52.5,62.5
2016-12,MUN,SP|FRANCA,glp,36,49.0,48.0,51.75,44.99,55.0
2016-12,MUN,SP|GARCA,glp,4,55.0,54.3,57.1,54.0,58.0
2016-12,MUN,SP|GUARATINGUETA,glp,14,47.0,41.5,55.4,37.0,66.0
2016-12,MUN,SP|GUARUJA,glp,21,59.0,54.99,65.0,53.0,65.0
2016-12,MUN,SP|GUARULHOS,glp,42,50.5,45.0,59.41,42.0,62.0
2016-12,MUN,SP|HORTOLANDIA,glp,8,52.5,48.5,57.9,45.0,60.0
2016-12,MUN,SP|IBITINGA,glp,8,55.0,51.4,56.2,50.0,59.0
2016-12,MUN,SP|INDAIATUBA,glp,14,50.0,50.0,54.4,48.0,55.0
2016-12,MUN,SP|ITANHAEM,glp,3,52.0,46.4,53.6,45.0,54.0
2016-12,MUN,SP|ITAPECERICA DA SERRA,glp,6,51.5,49.0,60.0,48.0,65.0
2016-12,MUN,SP|ITAPETININGA,glp,14,55.0,50.9,57.7,49.0,59.0
2016-12,MUN,SP|ITAPEVA,glp,5,60.0,55.8,61.8,55.0,63.0
2016-12,MUN,SP|ITAPEVI,glp,8,48.993,44.893,55.6,40.0,57.0
2016-12,MUN,SP|ITAPIRA,glp,4,55.0,55.0,58.5,55.0,60.0
2016-12,MUN,SP|ITAPOLIS,glp,13,60.0,58.0,61.4,51.0,62.5
2016-12,MUN,SP|ITAQUAQUECETUBA,glp,13,45.0,40.5,48.2,39.0,50.0
2016-12,MUN,SP|ITATIBA,glp,6,57.0,54.5,60.5,54.0,63.0
2016-12,MUN,SP|ITU,glp,7,46.9,45.0,50.2,45.0,52.0
2016-12,MUN,SP|JABOTICABAL,glp,6,46.5,45.0,54.95,45.0,59.9
2016-12,MUN,SP|JACAREI,glp,13,52.0,45.0,54.0,43.0,60.0
2016-12,MUN,SP|JALES,glp,5,53.0,51.2,54.2,50.0,55.0
2016-12,MUN,SP|JANDIRA,glp,11,52.99,45.0,55.0,44.0,56.0
2016-12,MUN,SP|JAU,glp,14,50.0,48.57,50.0,47.0,50.0
2016-12,MUN,SP|JOSE BONIFACIO,glp,4,49.5,45.5,50.0,44.0,50.0
2016-12,MUN,SP|JUNDIAI,glp,8,55.0,50.0,56.6,50.0,58.0
2016-12,MUN,SP|LEME,glp,11,50.0,50.0,60.0,50.0,60.0
2016-12,MUN,SP|LIMEIRA,glp,16,48.0,43.0,54.0,39.9,55.0
2016-12,MUN,SP|LINS,glp,9,50.0,49.0,51.0,45.0,55.0
2016-12,MUN,SP|LORENA,glp,12,46.0,40.0,50.0,38.0,52.0
2016-12,MUN,SP|MARILIA,glp,6,57.0,55.0,58.0,55.0,58.0
2016-12,MUN,SP|MATAO,glp,11,55.0,54.0,58.0,50.0,58.0
2016-12,MUN,SP|MAUA,glp,30,57.0,49.8,60.0,47.5,60.0
2016-12,MUN,SP|MIRASSOL,glp,10,46.25,45.0,50.0,45.0,50.0
2016-12,MUN,SP|MOCOCA,glp,5,55.0,55.0,58.2,55.0,59.0
2016-12,MUN,SP|MOGI DAS CRUZES,glp,35,50.0,44.38,57.4,39.99,60.5
2016-12,MUN,SP|MOGI GUACU,glp,14,55.0,52.65,55.0,52.5,55.0
2016-12,MUN,SP|MOGI MIRIM,glp,8,45.0,43.0,49.5,43.0,60.0
2016-12,MUN,SP|MONTE ALTO,glp,8,50.0,45.0,53.53,45.0,55.0
2016-12,MUN,SP|OLIMPIA,glp,8,44.0,44.0,45.0,44.0,45.0
2016-12,MUN,SP|OSASCO,glp,61,52.99,48.0,60.0,46.5,62.9
2016-12,MUN,SP|OURINHOS,glp,14,54.5,50.0,58.8,50.0,60.0
2016-12,MUN,SP|PARAGUACU PAULISTA,glp,12,60.0,60.0,64.5,60.0,65.0
2016-12,MUN,SP|PAULINIA,glp,13,50.0,49.0,55.0,48.0,55.0
2016-12,MUN,SP|PINDAMONHANGABA,glp,6,47.0,43.5,48.75,42.0,49.0
2016-12,MUN,SP|PIRACICABA,glp,20,55.0,50.0,56.4,50.0,60.0
2016-12,MUN,SP|PIRASSUNUNGA,glp,3,55.0,54.96,55.0,54.95,55.0
2016-12,MUN,SP|POA,glp,8,45.0,45.0,48.6,45.0,50.0
2016-12,MUN,SP|PORTO FERREIRA,glp,2,49.5,49.1,49.9,49.0,50.0
2016-12,MUN,SP|PRAIA GRANDE,glp,43,53.0,49.198,60.0,47.0,69.0
2016-12,MUN,SP|PRESIDENTE PRUDENTE,glp,36,55.0,49.95,60.0,42.0,60.0
2016-12,MUN,SP|PRESIDENTE VENCESLAU,glp,5,49.9,45.4,50.0,45.0,50.0
2016-12,MUN,SP|RIBEIRAO PIRES,glp,12,49.995,47.9,50.0,44.945,50.0
2016-12,MUN,SP|RIBEIRAO PRETO,glp,38,58.0,54.7,65.0,50.0,65.0
2016-12,MUN,SP|RIO CLARO,glp,9,45.0,45.0,48.4,45.0,50.0
2016-12,MUN,SP|SALTO,glp,12,48.5,46.2,52.7,44.0,54.0
2016-12,MUN,SP|SANTA BARBARA D'OESTE,glp,18,55.0,50.0,55.6,50.0,60.0
2016-12,MUN,SP|SANTA CRUZ DO RIO PARDO,glp,14,56.0,53.6,58.0,50.0,60.0
2016-12,MUN,SP|SANTO ANDRE,glp,33,54.0,48.19,59.792,45.49,65.0
2016-12,MUN,SP|SANTOS,glp,39,60.0,52.99,69.2,45.0,78.9
2016-12,MUN,SP|SAO BERNARDO DO CAMPO,glp,42,55.0,48.199,63.81,46.0,65.0
2016-12,MUN,SP|SAO CAETANO DO SUL,glp,4,60.0,53.243,65.0,52.49,65.0
2016-12,MUN,SP|SAO CARLOS,glp,21,55.0,53.95,60.0,52.0,68.0
2016-12,MUN,SP|SAO JOAO DA BOA VISTA,glp,6,55.0,45.0,55.0,45.0,55.0
2016-12,MUN,SP|SAO JOAQUIM DA BARRA,glp,8,50.0,49.4,50.0,48.0,50.0
2016-12,MUN,SP|SAO JOSE DO RIO PRETO,glp,63,51.5,48.0,60.0,45.0,63.0
2016-12,MUN,SP|SAO JOSE DOS CAMPOS,glp,23,55.0,48.4,58.0,47.0,60.0
2016-12,MUN,SP|SAO PAULO,glp,172,55.0,47.09,60.0,41.99,65.0
2016-12,MUN,SP|SAO ROQUE,glp,6,55.0,52.0,57.0,51.0,58.0
2016-12,MUN,SP|SAO VICENTE,glp,40,52.0,48.896,57.91,45.9,60.0
2016-12,MUN,SP|SERTAOZINHO,glp,15,52.0,50.0,53.0,50.0,55.0
2016-12,MUN,SP|SOROCABA,glp,19,54.0,49.8,55.6,47.0,58.0
2016-12,MUN,SP|SUMARE,glp,8,49.0,45.0,52.9,45.0,55.0
2016-12,MUN,SP|SUZANO,glp,14,52.5,46.3,63.65,44.945,65.0
2016-12,MUN,SP|TABOAO DA SERRA,glp,6,50.0,49.995,55.95,49.99,56.9
2016-12,MUN,SP|TATUI,glp,7,58.0,55.0,62.4,55.0,66.0
2016-12,MUN,SP|TAUBATE,glp,12,47.5,45.0,50.0,39.0,50.0
2016-12,MUN,SP|TUPA,glp,7,57.5,55.0,57.5,55.0,57.5
2016-12,MUN,SP|UBATUBA,glp,12,53.0,47.1,57.85,45.0,58.99
2016-12,MUN,SP|VALINHOS,glp,5,60.0,56.7,61.7,56.5,62.5
2016-12,MUN,SP|VARZEA PAULISTA,glp,6,47.5,43.0,53.0,42.0,56.0
2016-12,MUN,SP|VINHEDO,glp,5,69.0,65.4,69.0,65.0,69.0
2016-12,MUN,SP|VOTORANTIM,glp,17,54.9,46.2,55.0,45.0,55.0
2016-12,MUN,SP|VOTUPORANGA,glp,6,51.5,50.0,53.95,50.0,55.0
2016-12,MUN,TO|ARAGUAINA,glp,12,70.0,70.0,75.0,65.0,75.0
2016-12,MUN,TO|GURUPI,glp,34,70.0,68.0,70.0,65.0,73.0
2016-12,MUN,TO|MIRACEMA DO TOCANTINS,glp,1,70.0,70.0,70.0,70.0,70.0
2016-12,MUN,TO|PALMAS,glp,25,70.0,65.0,72.0,65.0,75.0
2016-12,MUN,TO|PARAISO DO TOCANTINS,glp,6,70.0,67.5,70.0,65.0,70.0
2016-12,MUN,TO|PORTO NACIONAL,glp,11,70.0,70.0,70.0,60.0,70.0
2016-12,UF,AC,glp,102,60.0,58.0,63.0,55.0,70.0
2016-12,UF,AL,glp,80,55.0,50.0,55.0,42.0,60.0
2016-12,UF,AM,glp,267,53.0,51.0,58.0,46.5,65.0
2016-12,UF,AP,glp,35,69.0,65.2,70.0,50.0,70.5
2016-12,UF,BA,glp,312,50.0,42.0,59.0,35.0,66.0
2016-12,UF,CE,glp,259,63.0,56.0,67.0,52.5,70.0
2016-12,UF,DF,glp,71,60.0,55.0,68.0,48.0,72.0
2016-12,UF,ES,glp,306,52.0,50.0,55.0,45.0,65.0
2016-12,UF,GO,glp,356,56.0,54.0,62.0,50.0,68.0
2016-12,UF,MA,glp,176,50.0,44.995,62.75,44.0,70.0
2016-12,UF,MG,glp,695,57.0,50.0,65.0,45.0,72.0
2016-12,UF,MS,glp,443,67.0,65.0,68.0,45.0,72.0
2016-12,UF,MT,glp,355,75.0,70.0,80.0,60.0,90.0
2016-12,UF,PA,glp,204,58.0,50.0,74.7,45.0,78.0
2016-12,UF,PB,glp,81,55.0,46.0,56.0,45.0,65.0
2016-12,UF,PE,glp,334,47.5,44.0,53.0,40.0,65.0
2016-12,UF,PI,glp,78,55.0,50.0,63.2,44.99,67.0
2016-12,UF,PR,glp,637,60.0,50.0,70.0,40.0,79.9
2016-12,UF,RJ,glp,333,54.0,45.2,60.0,39.95,70.0
2016-12,UF,RN,glp,134,56.0,53.3,60.0,50.0,60.0
2016-12,UF,RO,glp,91,59.0,55.0,68.0,52.0,70.0
2016-12,UF,RR,glp,37,62.5,60.3,64.0,58.0,65.0
2016-12,UF,RS,glp,589,57.0,50.0,65.0,37.95,74.0
2016-12,UF,SC,glp,136,55.0,49.9,62.5,45.0,70.0
2016-12,UF,SE,glp,49,60.0,55.0,62.2,42.0,65.0
2016-12,UF,SP,glp,1802,53.0,45.0,60.0,37.0,78.9
2016-12,UF,TO,glp,89,70.0,65.0,70.4,60.0,75.0
