periodo,nivel,codigo,produto,postos,mediana,p10,p90,minimo,maximo
2023-01,BR,BR,glp,4470,109.99,95.0,125.0,79.99,150.0
2023-01,MUN,AC|RIO BRANCO,glp,33,120.0,112.0,131.2,110.0,135.0
2023-01,MUN,AL|ARAPIRACA,glp,8,100.0,99.99,103.593,99.99,105.0
2023-01,MUN,AL|DELMIRO GOUVEIA,glp,4,101.25,100.0,104.25,100.0,105.0
2023-01,MUN,AL|MACEIO,glp,33,105.0,95.998,115.0,94.0,115.0
2023-01,MUN,AL|PALMEIRA DOS INDIOS,glp,2,99.995,99.991,99.999,99.99,100.0
2023-01,MUN,AM|ITACOATIARA,glp,4,129.0,125.593,131.0,124.99,131.0
2023-01,MUN,AM|MANACAPURU,glp,8,138.0,134.1,138.6,132.0,140.0
2023-01,MUN,AM|MANAUS,glp,100,120.0,115.0,130.0,108.5,141.99
2023-01,MUN,AM|PARINTINS,glp,7,132.5,130.0,138.0,130.0,138.0
2023-01,MUN,AP|MACAPA,glp,22,119.0,109.0,127.5,108.0,128.0
2023-01,MUN,BA|ALAGOINHAS,glp,8,107.0,104.997,110.45,104.99,115.0
2023-01,MUN,BA|BARREIRAS,glp,8,135.0,135.0,141.5,135.0,145.0
2023-01,MUN,BA|CAMACARI,glp,10,110.0,109.8,115.0,108.0,115.0
2023-01,MUN,BA|FEIRA DE SANTANA,glp,11,102.5,90.0,110.0,90.0,110.0
2023-01,MUN,BA|GUANAMBI,glp,9,110.0,109.5,110.0,107.5,110.0
2023-01,MUN,BA|ILHEUS,glp,6,123.5,120.0,135.0,120.0,140.0
2023-01,MUN,BA|ITABUNA,glp,8,105.0,103.5,110.0,100.0,110.0
2023-01,MUN,BA|ITAMARAJU,glp,7,110.0,100.0,110.0,100.0,110.0
2023-01,MUN,BA|JACOBINA,glp,3,130.0,130.0,131.6,130.0,132.0
2023-01,MUN,BA|JAGUAQUARA,glp,6,110.0,110.0,115.0,110.0,120.0
2023-01,MUN,BA|JEQUIE,glp,6,93.5,90.0,108.0,90.0,120.0
2023-01,MUN,BA|JUAZEIRO,glp,6,104.5,97.5,112.5,95.0,115.0
2023-01,MUN,BA|LAURO DE FREITAS,glp,9,110.0,103.992,115.998,100.0,119.99
2023-01,MUN,BA|POCOES,glp,9,96.0,95.0,101.0,95.0,105.0
2023-01,MUN,BA|SALVADOR,glp,42,110.0,99.991,120.0,95.0,122.0
2023-01,MUN,BA|SANTO ANTONIO DE JESUS,glp,7,110.0,103.9,115.0,100.0,115.0
2023-01,MUN,BA|SERRINHA,glp,7,130.0,120.0,130.0,120.0,130.0
2023-01,MUN,BA|SIMOES FILHO,glp,6,110.995,105.0,122.492,100.0,124.99
2023-01,MUN,BA|TEIXEIRA DE FREITAS,glp,8,95.0,92.7,95.3,92.0,96.0
2023-01,MUN,BA|VALENCA,glp,6,115.0,110.0,116.0,110.0,117.0
2023-01,MUN,BA|VITORIA DA CONQUISTA,glp,5,110.0,106.997,130.0,104.995,140.0
2023-01,MUN,CE|CANINDE,glp,4,105.5,102.9,106.7,102.0,107.0
2023-01,MUN,CE|CAUCAIA,glp,14,115.0,101.5,118.5,100.0,120.0
2023-01,MUN,CE|CRATO,glp,9,110.0,108.998,112.0,108.99,112.0
2023-01,MUN,CE|FORTALEZA,glp,40,110.0,99.99,120.2,97.99,125.0
2023-01,MUN,CE|ITAPIPOCA,glp,5,108.0,103.5,114.0,102.5,115.0
2023-01,MUN,CE|JUAZEIRO DO NORTE,glp,13,110.0,109.0,111.6,109.0,115.0
2023-01,MUN,CE|LIMOEIRO DO NORTE,glp,7,115.0,113.0,120.0,110.0,120.0
2023-01,MUN,CE|MARACANAU,glp,10,110.0,108.35,120.5,98.0,125.0
2023-01,MUN,CE|QUIXADA,glp,7,105.0,103.8,107.6,102.0,110.0
2023-01,MUN,CE|SOBRAL,glp,5,114.0,111.6,114.6,110.0,115.0
2023-01,MUN,DF|BRASILIA,glp,58,100.0,97.99,109.993,94.99,119.99
2023-01,MUN,ES|CACHOEIRO DE ITAPEMIRIM,glp,7,100.0,99.59,105.0,98.99,105.0
2023-01,MUN,ES|CARIACICA,glp,9,95.0,95.0,110.0,95.0,110.0
2023-01,MUN,ES|GUARAPARI,glp,11,94.99,94.99,110.0,94.99,110.0
2023-01,MUN,ES|LINHARES,glp,12,115.0,110.0,117.25,110.0,120.0
2023-01,MUN,ES|SERRA,glp,21,99.99,94.99,115.0,89.99,115.0
2023-01,MUN,ES|VILA VELHA,glp,19,105.0,94.998,105.0,94.99,110.0
2023-01,MUN,ES|VITORIA,glp,10,105.0,99.49,110.0,94.99,110.0
2023-01,MUN,GO|AGUAS LINDAS DE GOIAS,glp,24,100.0,92.99,105.0,89.99,105.0
2023-01,MUN,GO|ANAPOLIS,glp,21,120.0,111.0,120.0,108.0,120.0
2023-01,MUN,GO|APARECIDA DE GOIANIA,glp,7,110.0,97.194,112.0,96.0,115.0
2023-01,MUN,GO|CATALAO,glp,9,115.0,110.0,116.0,110.0,120.0
2023-01,MUN,GO|GOIANIA,glp,56,110.0,100.0,115.0,98.0,120.0
2023-01,MUN,GO|GOIATUBA,glp,9,120.0,119.0,125.0,115.0,125.0
2023-01,MUN,GO|ITUMBIARA,glp,9,115.0,105.3,119.4,102.5,125.0
2023-01,MUN,GO|JATAI,glp,7,135.0,127.498,135.0,127.495,135.0
2023-01,MUN,GO|LUZIANIA,glp,14,101.99,99.99,107.8,99.99,115.0
2023-01,MUN,GO|MINEIROS,glp,6,115.0,115.0,115.0,115.0,115.0
2023-01,MUN,GO|MORRINHOS,glp,7,114.0,108.0,115.0,105.0,115.0
2023-01,MUN,GO|PORANGATU,glp,7,118.0,113.8,127.0,112.0,130.0
2023-01,MUN,GO|RIO VERDE,glp,11,125.0,117.5,130.0,110.0,130.0
2023-01,MUN,GO|TRINDADE,glp,14,100.0,99.993,105.0,95.0,115.0
2023-01,MUN,GO|VALPARAISO DE GOIAS,glp,8,105.0,99.99,110.0,99.99,110.0
2023-01,MUN,MA|ACAILANDIA,glp,9,105.0,104.499,113.0,102.495,115.0
2023-01,MUN,MA|BACABAL,glp,9,112.0,112.0,113.0,112.0,117.0
2023-01,MUN,MA|BALSAS,glp,6,130.0,127.5,130.0,127.5,130.0
2023-01,MUN,MA|CAXIAS,glp,4,111.25,110.0,114.25,110.0,115.0
2023-01,MUN,MA|CODO,glp,9,115.0,115.0,115.0,115.0,115.0
2023-01,MUN,MA|IMPERATRIZ,glp,16,95.0,91.495,100.0,89.99,100.0
2023-01,MUN,MA|SANTA INES,glp,6,124.0,124.0,124.0,124.0,124.0
2023-01,MUN,MA|SAO JOSE DE RIBAMAR,glp,16,99.99,99.99,112.495,99.99,114.99
2023-01,MUN,MA|SAO LUIS,glp,52,109.99,99.99,114.981,92.5,115.0
2023-01,MUN,MG|ARAGUARI,glp,8,111.25,105.0,115.0,105.0,115.0
2023-01,MUN,MG|ARAXA,glp,7,100.0,96.794,112.0,92.0,130.0
2023-01,MUN,MG|BARBACENA,glp,9,110.0,99.4,110.0,97.0,110.0
2023-01,MUN,MG|BELO HORIZONTE,glp,33,114.99,99.99,128.2,96.5,149.0
2023-01,MUN,MG|BETIM,glp,18,106.5,99.997,110.0,98.0,110.0
2023-01,MUN,MG|CAMPO BELO,glp,10,120.0,109.5,120.5,105.0,125.0
2023-01,MUN,MG|CARATINGA,glp,9,120.0,116.4,129.9,110.0,129.9
2023-01,MUN,MG|CONSELHEIRO LAFAIETE,glp,9,99.99,95.0,110.0,95.0,110.0
2023-01,MUN,MG|CONTAGEM,glp,24,110.0,99.993,115.0,98.0,118.0
2023-01,MUN,MG|CORONEL FABRICIANO,glp,10,120.0,109.0,120.5,100.0,125.0
2023-01,MUN,MG|CURVELO,glp,6,97.5,87.5,102.5,85.0,105.0
2023-01,MUN,MG|DIVINOPOLIS,glp,7,110.0,105.0,115.0,105.0,115.0
2023-01,MUN,MG|FORMIGA,glp,8,115.0,113.5,115.0,110.0,115.0
2023-01,MUN,MG|FRUTAL,glp,9,109.9,108.92,109.99,105.0,109.99
2023-01,MUN,MG|GOVERNADOR VALADARES,glp,14,125.0,115.0,133.95,107.5,135.0
2023-01,MUN,MG|GUAXUPE,glp,8,93.5,85.0,102.5,85.0,102.5
2023-01,MUN,MG|IPATINGA,glp,10,114.5,106.0,120.8,106.0,128.0
2023-01,MUN,MG|ITAUNA,glp,7,110.0,101.8,116.0,97.0,125.0
2023-01,MUN,MG|ITUIUTABA,glp,9,100.0,99.6,102.0,98.0,110.0
2023-01,MUN,MG|JOAO PINHEIRO,glp,9,124.9,119.6,127.2,118.0,128.0
2023-01,MUN,MG|JUIZ DE FORA,glp,15,96.0,86.99,107.598,84.99,120.0
2023-01,MUN,MG|LAVRAS,glp,8,105.0,98.5,111.5,95.0,115.0
2023-01,MUN,MG|MANHUACU,glp,7,110.0,102.94,111.0,100.0,112.5
2023-01,MUN,MG|MONTE CARMELO,glp,8,105.0,100.0,110.0,100.0,110.0
2023-01,MUN,MG|MONTES CLAROS,glp,30,120.0,105.99,120.5,104.0,129.9
2023-01,MUN,MG|MURIAE,glp,7,110.0,102.96,118.0,99.9,118.0
2023-01,MUN,MG|NOVA LIMA,glp,9,110.0,105.8,112.6,105.0,115.0
2023-01,MUN,MG|OLIVEIRA,glp,4,110.0,110.0,110.0,110.0,110.0
2023-01,MUN,MG|PARA DE MINAS,glp,8,115.0,111.33,124.93,103.0,125.0
2023-01,MUN,MG|PARACATU,glp,6,120.0,112.5,130.0,110.0,130.0
2023-01,MUN,MG|PASSOS,glp,7,110.0,97.996,112.0,97.99,115.0
2023-01,MUN,MG|PATOS DE MINAS,glp,12,110.0,100.5,119.5,98.0,120.0
2023-01,MUN,MG|PATROCINIO,glp,9,105.0,98.0,116.0,98.0,120.0
2023-01,MUN,MG|POCOS DE CALDAS,glp,8,113.0,112.693,115.9,112.0,118.0
2023-01,MUN,MG|POUSO ALEGRE,glp,13,115.0,92.0,115.0,89.99,115.0
2023-01,MUN,MG|SAO JOAO DEL REI,glp,6,100.0,95.0,110.0,90.0,115.0
2023-01,MUN,MG|SAO SEBASTIAO DO PARAISO,glp,7,95.0,87.994,105.94,85.0,115.0
2023-01,MUN,MG|SETE LAGOAS,glp,13,105.9,99.992,120.0,99.99,130.0
2023-01,MUN,MG|TEOFILO OTONI,glp,11,111.0,109.99,112.0,105.0,112.0
2023-01,MUN,MG|TIMOTEO,glp,6,115.0,110.0,121.25,110.0,122.5
2023-01,MUN,MG|UBERABA,glp,17,105.0,98.594,105.8,95.0,120.0
2023-01,MUN,MG|UBERLANDIA,glp,24,110.0,99.3,120.0,95.0,125.0
2023-01,MUN,MG|VARGINHA,glp,8,102.5,100.0,111.5,100.0,115.0
2023-01,MUN,MS|CAMPO GRANDE,glp,38,110.0,99.693,110.0,95.0,128.0
2023-01,MUN,MS|CORUMBA,glp,6,120.0,105.0,130.0,100.0,130.0
2023-01,MUN,MS|DOURADOS,glp,17,115.0,109.2,130.0,108.0,130.0
2023-01,MUN,MS|TRES LAGOAS,glp,11,115.0,115.0,115.0,110.0,115.0
2023-01,MUN,MT|CACERES,glp,11,105.0,104.99,115.0,99.99,120.0
2023-01,MUN,MT|CUIABA,glp,42,120.0,114.991,135.0,104.99,140.0
2023-01,MUN,MT|NOVA OLIMPIA,glp,1,120.0,120.0,120.0,120.0,120.0
2023-01,MUN,MT|RONDONOPOLIS,glp,12,130.0,125.25,130.0,125.0,130.0
2023-01,MUN,MT|SINOP,glp,17,145.0,140.0,150.0,138.0,150.0
2023-01,MUN,MT|VARZEA GRANDE,glp,25,120.0,110.0,123.8,104.99,135.0
2023-01,MUN,PA|ALTAMIRA,glp,7,126.0,115.2,128.8,105.0,130.0
2023-01,MUN,PA|ANANINDEUA,glp,26,105.0,97.0,117.5,96.0,125.0
2023-01,MUN,PA|BELEM,glp,43,110.0,99.992,118.8,98.99,144.0
2023-01,MUN,PA|CASTANHAL,glp,13,115.0,105.6,115.0,105.0,125.0
2023-01,MUN,PA|CONCEICAO DO ARAGUAIA,glp,5,120.0,117.0,120.0,115.0,120.0
2023-01,MUN,PA|MARABA,glp,8,125.0,113.89,126.5,108.99,130.0
2023-01,MUN,PA|PARAUAPEBAS,glp,12,140.0,140.0,140.0,140.0,140.0
2023-01,MUN,PA|REDENCAO,glp,9,135.0,125.0,140.0,125.0,140.0
2023-01,MUN,PA|SANTAREM,glp,19,112.0,99.2,118.4,87.99,120.0
2023-01,MUN,PA|XINGUARA,glp,3,130.0,126.0,134.0,125.0,135.0
2023-01,MUN,PB|BAYEUX,glp,9,106.0,105.0,110.0,105.0,110.0
2023-01,MUN,PB|CABEDELO,glp,8,105.0,102.9,115.0,98.0,115.0
2023-01,MUN,PB|CAMPINA GRANDE,glp,19,120.0,108.0,120.0,100.0,120.0
2023-01,MUN,PB|JOAO PESSOA,glp,38,110.0,99.997,111.5,94.99,120.0
2023-01,MUN,PB|PATOS,glp,7,113.0,109.2,116.8,108.0,118.0
2023-01,MUN,PE|ARARIPINA,glp,7,115.0,115.0,115.0,115.0,115.0
2023-01,MUN,PE|ARCOVERDE,glp,8,94.99,94.99,94.99,94.99,94.99
2023-01,MUN,PE|CABO DE SANTO AGOSTINHO,glp,9,99.99,88.992,111.0,85.0,115.0
2023-01,MUN,PE|CARUARU,glp,17,90.0,88.996,97.0,85.0,100.0
2023-01,MUN,PE|GARANHUNS,glp,9,104.99,104.99,105.0,104.99,105.0
2023-01,MUN,PE|GOIANA,glp,5,97.0,93.8,103.0,93.0,105.0
2023-01,MUN,PE|IGARASSU,glp,9,100.0,100.0,110.0,100.0,110.0
2023-01,MUN,PE|JABOATAO DOS GUARARAPES,glp,15,100.0,96.996,103.0,95.0,119.0
2023-01,MUN,PE|OLINDA,glp,13,100.0,95.0,100.0,95.0,140.0
2023-01,MUN,PE|PAULISTA,glp,11,97.0,95.0,100.0,95.0,100.0
2023-01,MUN,PE|PETROLINA,glp,11,108.0,105.0,112.5,99.0,115.0
2023-01,MUN,PE|RECIFE,glp,21,99.99,95.0,110.0,93.0,119.0
2023-01,MUN,PE|SANTA CRUZ DO CAPIBARIBE,glp,7,110.0,103.9,115.0,100.0,115.0
2023-01,MUN,PE|SERRA TALHADA,glp,6,113.5,112.0,125.0,112.0,125.0
2023-01,MUN,PE|VITORIA DE SANTO ANTAO,glp,6,95.0,94.995,97.995,94.99,100.0
2023-01,MUN,PI|PARNAIBA,glp,8,112.5,101.0,115.0,80.0,115.0
2023-01,MUN,PI|PICOS,glp,8,112.5,110.0,116.5,110.0,120.0
2023-01,MUN,PI|TERESINA,glp,39,110.0,107.9,120.0,99.99,125.0
2023-01,MUN,PR|APUCARANA,glp,14,100.0,100.0,110.0,99.99,110.0
2023-01,MUN,PR|ARAPONGAS,glp,12,109.44,105.0,110.0,105.0,112.5
2023-01,MUN,PR|ARAUCARIA,glp,14,99.45,95.53,105.0,94.0,105.0
2023-01,MUN,PR|CAMBE,glp,10,111.5,110.0,120.5,110.0,125.0
2023-01,MUN,PR|CAMPO LARGO,glp,13,102.45,97.86,105.0,97.45,110.0
2023-01,MUN,PR|CAMPO MOURAO,glp,6,120.0,119.95,123.0,119.9,123.0
2023-01,MUN,PR|CASCAVEL,glp,19,117.5,108.0,120.5,99.99,125.0
2023-01,MUN,PR|CASTRO,glp,10,107.25,105.0,115.09,105.0,115.9
2023-01,MUN,PR|CIANORTE,glp,8,120.0,106.4,122.7,98.0,129.0
2023-01,MUN,PR|COLOMBO,glp,20,96.0,91.781,99.504,89.9,99.99
2023-01,MUN,PR|CURITIBA,glp,62,100.0,97.09,109.755,89.9,119.99
2023-01,MUN,PR|FOZ DO IGUACU,glp,18,107.5,98.5,120.0,89.99,120.0
2023-01,MUN,PR|GUARAPUAVA,glp,13,114.0,110.0,119.6,110.0,120.0
2023-01,MUN,PR|LONDRINA,glp,22,105.0,100.0,119.5,95.0,125.0
2023-01,MUN,PR|MARINGA,glp,18,120.0,113.5,128.6,110.0,130.0
2023-01,MUN,PR|PARANAGUA,glp,8,100.0,94.1,109.05,92.0,115.0
2023-01,MUN,PR|PARANAVAI,glp,8,110.0,89.932,120.0,89.9,120.0
2023-01,MUN,PR|PATO BRANCO,glp,9,122.5,120.6,125.2,119.0,130.0
2023-01,MUN,PR|PINHAIS,glp,10,104.72,99.6,110.0,96.0,110.0
2023-01,MUN,PR|PONTA GROSSA,glp,18,105.0,99.963,115.0,91.9,115.0
2023-01,MUN,PR|QUEDAS DO IGUACU,glp,1,122.5,122.5,122.5,122.5,122.5
2023-01,MUN,PR|SAO JOSE DOS PINHAIS,glp,21,95.0,92.5,103.5,90.0,107.0
2023-01,MUN,PR|TOLEDO,glp,13,106.0,100.992,109.998,89.99,120.0
2023-01,MUN,PR|UMUARAMA,glp,6,112.5,102.475,120.0,95.0,120.0
2023-01,MUN,PR|UNIAO DA VITORIA,glp,8,107.5,105.0,115.97,105.0,129.9
2023-01,MUN,RJ|ANGRA DOS REIS,glp,10,118.0,115.0,120.0,115.0,120.0
2023-01,MUN,RJ|ARARUAMA,glp,10,95.495,89.999,99.99,89.99,99.99
2023-01,MUN,RJ|BARRA MANSA,glp,9,99.9,99.72,100.972,99.0,104.9
2023-01,MUN,RJ|BELFORD ROXO,glp,9,93.0,80.0,95.4,80.0,97.0
2023-01,MUN,RJ|CABO FRIO,glp,9,94.99,84.39,99.99,81.99,99.99
2023-01,MUN,RJ|CAMPOS DOS GOYTACAZES,glp,9,99.0,89.998,100.0,89.99,100.0
2023-01,MUN,RJ|DUQUE DE CAXIAS,glp,20,89.99,84.999,95.544,82.99,95.99
2023-01,MUN,RJ|ITABORAI,glp,14,85.99,84.99,88.99,82.99,88.99
2023-01,MUN,RJ|ITAGUAI,glp,2,116.5,116.5,116.5,116.5,116.5
2023-01,MUN,RJ|MARICA,glp,9,87.0,82.392,101.0,80.0,105.0
2023-01,MUN,RJ|NILOPOLIS,glp,9,100.0,95.0,105.0,95.0,105.0
2023-01,MUN,RJ|NITEROI,glp,12,90.495,83.1,99.8,81.99,105.0
2023-01,MUN,RJ|NOVA FRIBURGO,glp,10,108.0,107.699,110.0,104.99,110.0
2023-01,MUN,RJ|NOVA IGUACU,glp,20,94.99,84.791,100.0,79.99,105.0
2023-01,MUN,RJ|PETROPOLIS,glp,8,99.995,95.593,102.993,90.0,103.0
2023-01,MUN,RJ|RIO BONITO,glp,9,82.99,80.0,88.39,80.0,89.99
2023-01,MUN,RJ|RIO DE JANEIRO,glp,41,97.99,89.99,100.0,85.0,117.0
2023-01,MUN,RJ|SANTO ANTONIO DE PADUA,glp,4,93.5,90.0,99.1,90.0,100.0
2023-01,MUN,RJ|SAO GONCALO,glp,12,93.99,89.99,99.791,89.9,100.0
2023-01,MUN,RJ|SAO JOAO DE MERITI,glp,11,93.0,89.99,99.99,85.0,100.0
2023-01,MUN,RJ|SAQUAREMA,glp,4,93.99,90.897,95.697,90.0,96.0
2023-01,MUN,RJ|TERESOPOLIS,glp,9,109.9,99.198,118.1,95.99,118.9
2023-01,MUN,RJ|TRES RIOS,glp,1,105.0,105.0,105.0,105.0,105.0
2023-01,MUN,RJ|VOLTA REDONDA,glp,8,105.9,102.0,105.93,99.9,106.0
2023-01,MUN,RN|MOSSORO,glp,14,121.0,110.0,125.0,105.0,125.0
2023-01,MUN,RN|NATAL,glp,23,115.0,98.4,115.0,95.0,120.0
2023-01,MUN,RN|PARNAMIRIM,glp,16,110.0,102.5,111.0,99.99,135.0
2023-01,MUN,RO|ARIQUEMES,glp,9,130.0,124.0,130.0,120.0,130.0
2023-01,MUN,RO|CACOAL,glp,9,133.0,132.6,143.0,131.0,143.0
2023-01,MUN,RO|JI-PARANA,glp,11,125.0,125.0,130.0,125.0,130.0
2023-01,MUN,RO|PORTO VELHO,glp,34,117.25,109.93,125.0,106.0,135.0
2023-01,MUN,RO|VILHENA,glp,9,130.0,130.0,136.0,130.0,140.0
2023-01,MUN,RR|BOA VISTA,glp,35,128.0,120.0,135.0,119.99,140.0
2023-01,MUN,RS|ALEGRETE,glp,7,108.0,105.0,110.2,105.0,112.0
2023-01,MUN,RS|ALVORADA,glp,9,100.0,89.892,115.0,89.5,115.0
2023-01,MUN,RS|BAGE,glp,9,120.0,119.0,128.0,115.0,130.0
2023-01,MUN,RS|BENTO GONCALVES,glp,6,114.0,108.0,122.0,108.0,124.0
2023-01,MUN,RS|CACHOEIRA DO SUL,glp,6,97.5,87.5,107.5,87.0,110.0
2023-01,MUN,RS|CACHOEIRINHA,glp,8,105.0,99.4,107.4,98.0,113.0
2023-01,MUN,RS|CANOAS,glp,19,100.0,96.98,106.0,95.0,115.0
2023-01,MUN,RS|CAXIAS DO SUL,glp,25,99.9,99.7,115.94,99.7,120.0
2023-01,MUN,RS|ERECHIM,glp,10,120.0,118.9,122.3,118.0,125.0
2023-01,MUN,RS|ESTEIO,glp,8,102.0,100.0,109.2,100.0,112.0
2023-01,MUN,RS|GRAMADO,glp,9,115.0,114.4,122.0,112.0,122.0
2023-01,MUN,RS|GRAVATAI,glp,10,102.0,97.491,103.0,93.0,103.0
2023-01,MUN,RS|IJUI,glp,7,120.0,109.954,120.4,109.9,121.0
2023-01,MUN,RS|LAJEADO,glp,9,99.7,94.0,104.4,90.0,110.0
2023-01,MUN,RS|NOVO HAMBURGO,glp,14,95.0,93.3,98.0,92.0,100.0
2023-01,MUN,RS|OSORIO,glp,8,99.9,92.997,105.93,92.99,120.0
2023-01,MUN,RS|PASSO FUNDO,glp,13,110.0,110.0,112.4,110.0,115.0
2023-01,MUN,RS|PELOTAS,glp,20,104.0,100.0,108.0,100.0,110.0
2023-01,MUN,RS|PORTO ALEGRE,glp,26,106.25,102.445,111.0,95.0,115.9
2023-01,MUN,RS|SANTA CRUZ DO SUL,glp,11,107.0,105.0,110.0,105.0,110.0
2023-01,MUN,RS|SANTA MARIA,glp,22,103.0,100.0,111.8,100.0,129.9
2023-01,MUN,RS|SANTA ROSA,glp,9,110.0,108.0,110.0,108.0,110.0
2023-01,MUN,RS|SAO LEOPOLDO,glp,9,100.0,94.6,100.998,93.0,104.99
2023-01,MUN,RS|SAPIRANGA,glp,8,107.5,98.5,109.2,95.0,112.0
2023-01,MUN,RS|SAPUCAIA DO SUL,glp,8,100.0,97.397,103.6,95.99,105.0
2023-01,MUN,RS|URUGUAIANA,glp,6,115.0,98.0,122.5,98.0,125.0
2023-01,MUN,RS|VIAMAO,glp,1,110.0,110.0,110.0,110.0,110.0
2023-01,MUN,SC|BALNEARIO CAMBORIU,glp,7,129.99,123.99,133.2,122.49,138.0
2023-01,MUN,SC|BIGUACU,glp,5,129.495,128.396,130.0,128.0,130.0
2023-01,MUN,SC|BLUMENAU,glp,11,125.0,124.9,130.0,115.0,130.0
2023-01,MUN,SC|BRUSQUE,glp,7,125.0,123.6,127.54,123.0,130.0
2023-01,MUN,SC|CHAPECO,glp,12,131.25,127.0,135.0,105.0,138.0
2023-01,MUN,SC|CRICIUMA,glp,6,123.5,121.0,125.0,120.0,125.0
2023-01,MUN,SC|FLORIANOPOLIS,glp,8,125.0,117.9,126.5,113.0,130.0
2023-01,MUN,SC|ITAJAI,glp,14,123.5,111.5,130.7,110.0,135.0
2023-01,MUN,SC|JARAGUA DO SUL,glp,10,113.9,109.999,116.0,109.99,125.0
2023-01,MUN,SC|JOINVILLE,glp,12,122.5,115.35,127.7,109.99,133.0
2023-01,MUN,SC|LAGES,glp,6,117.5,114.0,125.0,113.0,130.0
2023-01,MUN,SC|LAGUNA,glp,7,115.0,110.0,118.8,110.0,120.0
2023-01,MUN,SC|PALHOCA,glp,8,124.0,118.95,136.99,116.5,136.99
2023-01,MUN,SC|SAO JOSE,glp,10,125.0,116.146,128.1,113.0,129.0
2023-01,MUN,SC|TUBARAO,glp,8,120.0,115.0,123.3,115.0,131.0
2023-01,MUN,SC|VIDEIRA,glp,5,125.0,120.0,131.0,120.0,135.0
2023-01,MUN,SC|XANXERE,glp,7,130.0,110.0,133.6,110.0,139.0
2023-01,MUN,SE|ARACAJU,glp,21,104.9,99.9,104.9,95.0,104.9
2023-01,MUN,SE|ITABAIANA,glp,8,105.0,99.99,110.0,99.99,110.0
2023-01,MUN,SE|LAGARTO,glp,8,112.0,108.5,115.2,105.0,118.0
2023-01,MUN,SE|NOSSA SENHORA DO SOCORRO,glp,14,101.172,95.0,104.9,89.99,110.0
2023-01,MUN,SP|AMERICANA,glp,5,113.0,110.99,117.4,109.99,119.0
2023-01,MUN,SP|AMPARO,glp,9,110.0,107.4,112.4,105.0,118.0
2023-01,MUN,SP|ARACATUBA,glp,21,89.99,89.99,114.99,89.99,120.0
2023-01,MUN,SP|ARARAQUARA,glp,18,110.0,100.0,115.0,94.99,127.0
2023-01,MUN,SP|ARARAS,glp,8,105.0,104.697,110.0,103.99,110.0
2023-01,MUN,SP|ASSIS,glp,10,120.0,104.4,120.0,99.9,120.0
2023-01,MUN,SP|ATIBAIA,glp,13,110.0,99.992,119.4,95.0,120.0
2023-01,MUN,SP|AVARE,glp,7,99.0,87.99,104.994,84.99,105.0
2023-01,MUN,SP|BARRETOS,glp,6,112.25,107.5,120.0,105.0,120.0
2023-01,MUN,SP|BARUERI,glp,13,104.99,100.0,109.99,99.99,110.0
2023-01,MUN,SP|BAURU,glp,19,99.99,94.972,105.0,93.0,110.0
2023-01,MUN,SP|BIRIGUI,glp,12,110.0,100.5,110.0,99.99,112.5
2023-01,MUN,SP|BOTUCATU,glp,11,99.99,95.0,105.0,94.95,110.0
2023-01,MUN,SP|BRAGANCA PAULISTA,glp,13,109.9,100.5,109.998,99.99,110.0
2023-01,MUN,SP|CACAPAVA,glp,8,97.495,93.147,106.15,89.99,110.0
2023-01,MUN,SP|CAMPINAS,glp,20,114.99,109.99,114.99,104.99,117.0
2023-01,MUN,SP|CARAGUATATUBA,glp,7,105.0,105.0,117.394,105.0,130.0
2023-01,MUN,SP|CARAPICUIBA,glp,15,102.99,99.99,108.0,99.99,110.0
2023-01,MUN,SP|CATANDUVA,glp,7,93.99,92.354,93.99,89.9,93.99
2023-01,MUN,SP|COSMOPOLIS,glp,9,94.99,94.592,100.0,93.0,100.0
2023-01,MUN,SP|COTIA,glp,4,109.99,106.49,116.99,104.99,119.99
2023-01,MUN,SP|CUBATAO,glp,10,115.0,109.99,121.0,109.9,130.0
2023-01,MUN,SP|DIADEMA,glp,10,111.0,104.999,135.0,104.99,135.0
2023-01,MUN,SP|DRACENA,glp,8,110.0,80.0,118.6,80.0,120.0
2023-01,MUN,SP|ELISIARIO,glp,1,100.0,100.0,100.0,100.0,100.0
2023-01,MUN,SP|EMBU DAS ARTES,glp,12,107.445,99.99,109.999,98.99,114.99
2023-01,MUN,SP|FRANCA,glp,19,109.9,103.992,116.0,99.99,120.0
2023-01,MUN,SP|GUARATINGUETA,glp,7,99.9,87.996,104.8,84.99,112.0
2023-01,MUN,SP|GUARULHOS,glp,17,94.99,89.996,99.99,87.99,105.0
2023-01,MUN,SP|HORTOLANDIA,glp,12,107.495,94.99,124.0,94.99,125.0
2023-01,MUN,SP|IBITINGA,glp,9,107.5,99.792,121.6,99.0,128.0
2023-01,MUN,SP|INDAIATUBA,glp,9,110.0,108.0,114.0,104.0,118.0
2023-01,MUN,SP|ITANHAEM,glp,9,110.0,104.899,116.2,104.495,117.0
2023-01,MUN,SP|ITAPECERICA DA SERRA,glp,8,99.99,94.29,106.5,87.99,110.0
2023-01,MUN,SP|ITAPETININGA,glp,1,110.0,110.0,110.0,110.0,110.0
2023-01,MUN,SP|ITAPEVA,glp,8,121.75,115.65,126.65,109.0,127.0
2023-01,MUN,SP|ITAPIRA,glp,7,101.5,98.794,104.2,97.0,106.0
2023-01,MUN,SP|ITAQUAQUECETUBA,glp,16,94.99,94.99,99.99,94.99,100.0
2023-01,MUN,SP|ITATIBA,glp,9,105.0,104.0,110.0,100.0,110.0
2023-01,MUN,SP|ITU,glp,6,110.0,104.0,112.5,100.0,115.0
2023-01,MUN,SP|JABOTICABAL,glp,8,101.995,100.0,108.3,100.0,109.0
2023-01,MUN,SP|JACAREI,glp,14,109.495,95.6,114.963,95.0,120.0
2023-01,MUN,SP|JALES,glp,8,96.25,93.5,101.5,90.0,105.0
2023-01,MUN,SP|JAU,glp,9,117.0,115.8,120.12,115.0,125.0
2023-01,MUN,SP|JUNDIAI,glp,1,118.0,118.0,118.0,118.0,118.0
2023-01,MUN,SP|LEME,glp,8,105.0,102.1,110.4,100.0,123.0
2023-01,MUN,SP|LIMEIRA,glp,10,100.0,99.99,115.0,99.99,115.0
2023-01,MUN,SP|LINS,glp,7,100.0,95.954,105.0,89.9,105.0
2023-01,MUN,SP|LORENA,glp,8,94.0,87.0,107.9,80.0,110.0
2023-01,MUN,SP|MARILIA,glp,9,114.0,112.0,114.4,112.0,116.0
2023-01,MUN,SP|MATAO,glp,11,100.0,99.99,110.0,99.99,130.0
2023-01,MUN,SP|MAUA,glp,12,111.49,107.99,114.999,102.99,115.0
2023-01,MUN,SP|MIRASSOL,glp,8,105.0,99.393,110.0,98.0,110.0
2023-01,MUN,SP|MOGI DAS CRUZES,glp,10,99.99,99.99,105.499,99.99,109.99
2023-01,MUN,SP|MOGI GUACU,glp,8,99.995,99.99,103.247,99.99,105.0
2023-01,MUN,SP|MOGI MIRIM,glp,8,99.75,94.19,103.0,89.99,103.0
2023-01,MUN,SP|OSASCO,glp,8,103.99,94.19,106.497,89.99,109.99
2023-01,MUN,SP|OURINHOS,glp,8,107.5,99.3,110.6,97.9,112.0
2023-01,MUN,SP|PARAGUACU PAULISTA,glp,8,110.0,104.4,116.5,103.0,120.0
2023-01,MUN,SP|PAULINIA,glp,8,106.0,104.99,108.25,104.99,110.0
2023-01,MUN,SP|PINDAMONHANGABA,glp,12,104.0,95.2,114.9,91.99,115.0
2023-01,MUN,SP|PIRACICABA,glp,15,115.0,96.994,115.0,95.99,115.0
2023-01,MUN,SP|PIRASSUNUNGA,glp,7,105.0,93.4,107.0,93.4,110.0
2023-01,MUN,SP|POA,glp,7,100.0,97.99,107.995,94.99,107.995
2023-01,MUN,SP|PRAIA GRANDE,glp,14,108.25,104.993,112.0,102.99,112.7
2023-01,MUN,SP|PRESIDENTE PRUDENTE,glp,15,107.0,95.0,110.0,94.9,113.0
2023-01,MUN,SP|RIBEIRAO PIRES,glp,8,104.9,99.33,110.0,98.0,110.0
2023-01,MUN,SP|RIBEIRAO PRETO,glp,12,114.0,109.99,124.99,89.0,124.99
2023-01,MUN,SP|RIO CLARO,glp,7,100.0,100.0,100.0,100.0,100.0
2023-01,MUN,SP|SANTA BARBARA D'OESTE,glp,13,104.995,98.4,110.0,98.0,110.0
2023-01,MUN,SP|SANTO ANDRE,glp,12,105.0,100.199,114.99,99.99,118.99
2023-01,MUN,SP|SANTOS,glp,18,118.45,104.99,122.897,102.995,139.9
2023-01,MUN,SP|SAO BERNARDO DO CAMPO,glp,6,110.0,99.5,117.495,98.0,119.99
2023-01,MUN,SP|SAO CAETANO DO SUL,glp,6,112.49,107.0,115.0,105.0,115.0
2023-01,MUN,SP|SAO CARLOS,glp,21,111.99,110.0,125.0,108.0,130.0
2023-01,MUN,SP|SAO JOAO DA BOA VISTA,glp,9,105.0,104.0,105.0,100.0,105.0
2023-01,MUN,SP|SAO JOSE DO RIO PRETO,glp,30,111.25,100.0,125.0,100.0,130.0
2023-01,MUN,SP|SAO JOSE DOS CAMPOS,glp,21,108.0,89.99,117.0,80.0,119.99
2023-01,MUN,SP|SAO PAULO,glp,70,110.0,99.999,120.0,89.99,128.0
2023-01,MUN,SP|SAO VICENTE,glp,18,105.748,99.963,110.0,94.0,111.0
2023-01,MUN,SP|SERTAOZINHO,glp,11,99.9,99.9,105.0,99.9,105.0
2023-01,MUN,SP|SOROCABA,glp,24,107.5,99.99,114.7,99.99,115.0
2023-01,MUN,SP|SUMARE,glp,12,108.998,95.0,120.0,94.995,120.0
2023-01,MUN,SP|SUZANO,glp,16,99.99,95.0,110.0,94.99,111.99
2023-01,MUN,SP|TABOAO DA SERRA,glp,8,99.99,94.997,110.59,94.99,111.99
2023-01,MUN,SP|TATUI,glp,8,115.0,112.743,115.0,107.5,115.0
2023-01,MUN,SP|TAUBATE,glp,13,95.0,85.198,102.0,84.99,103.0
2023-01,MUN,SP|TUPA,glp,6,107.5,100.0,115.0,100.0,120.0
2023-01,MUN,SP|UBATUBA,glp,3,110.0,98.0,118.0,95.0,120.0
2023-01,MUN,SP|VALINHOS,glp,8,98.45,94.69,101.43,93.99,105.0
2023-01,MUN,SP|VARZEA PAULISTA,glp,8,104.495,94.69,105.897,93.99,107.99
2023-01,MUN,SP|VINHEDO,glp,8,105.45,95.697,112.0,94.99,112.0
2023-01,MUN,SP|VOTORANTIM,glp,9,105.0,104.998,110.0,104.99,110.0
2023-01,MUN,SP|VOTUPORANGA,glp,13,109.0,105.0,110.0,100.0,120.0
2023-01,MUN,TO|ARAGUAINA,glp,18,120.0,120.0,125.0,120.0,125.0
2023-01,MUN,TO|GURUPI,glp,13,120.0,120.0,121.6,112.99,125.0
2023-01,MUN,TO|PALMAS,glp,18,120.0,120.0,130.0,120.0,130.0
2023-01,MUN,TO|PARAISO DO TOCANTINS,glp,6,120.0,120.0,125.0,120.0,125.0
2023-01,MUN,TO|PORTO NACIONAL,glp,5,120.0,117.0,120.0,115.0,120.0
2023-01,UF,AC,glp,33,120.0,112.0,131.2,110.0,135.0
2023-01,UF,AL,glp,47,105.0,99.99,115.0,94.0,115.0
2023-01,UF,AM,glp,119,124.99,115.8,133.0,108.5,141.99
2023-01,UF,AP,glp,22,119.0,109.0,127.5,108.0,128.0
2023-01,UF,BA,glp,187,110.0,96.0,125.8,90.0,145.0
2023-01,UF,CE,glp,114,110.0,102.947,120.0,97.99,125.0
2023-01,UF,DF,glp,58,100.0,97.99,109.993,94.99,119.99
2023-01,UF,ES,glp,89,105.0,94.99,115.0,89.99,120.0
2023-01,UF,GO,glp,209,110.0,99.99,125.0,89.99,135.0
2023-01,UF,MA,glp,127,109.99,99.99,115.8,89.99,130.0
2023-01,UF,MG,glp,467,110.0,98.996,120.0,84.99,149.0
2023-01,UF,MS,glp,72,110.0,99.991,130.0,95.0,130.0
2023-01,UF,MT,glp,108,120.0,110.0,140.0,99.99,150.0
2023-01,UF,PA,glp,145,115.0,99.994,140.0,87.99,144.0
2023-01,UF,PB,glp,81,110.0,105.0,120.0,94.99,120.0
2023-01,UF,PE,glp,154,100.0,93.0,115.0,85.0,140.0
2023-01,UF,PI,glp,55,110.0,108.0,120.0,80.0,125.0
2023-01,UF,PR,glp,361,105.0,95.0,120.0,89.9,130.0
2023-01,UF,RJ,glp,259,95.0,84.998,108.0,79.99,120.0
2023-01,UF,RN,glp,53,115.0,100.6,125.0,95.0,135.0
2023-01,UF,RO,glp,72,125.0,114.1,134.8,106.0,143.0
2023-01,UF,RR,glp,35,128.0,120.0,135.0,119.99,140.0
2023-01,UF,RS,glp,297,105.0,95.996,120.0,87.0,130.0
2023-01,UF,SC,glp,143,125.0,113.18,130.8,105.0,139.0
2023-01,UF,SE,glp,51,104.9,95.0,110.0,89.99,118.0
2023-01,UF,SP,glp,1052,105.0,95.0,117.0,80.0,139.9
2023-01,UF,TO,glp,60,120.0,120.0,125.0,112.99,130.0
2023-02,BR,BR,glp,4632,109.0,95.0,125.0,70.0,155.0
2023-02,MUN,AC|CRUZEIRO DO SUL,glp,1,90.0,90.0,90.0,90.0,90.0
2023-02,MUN,AC|RIO BRANCO,glp,33,120.0,112.0,131.2,110.0,135.0
2023-02,MUN,AL|ARAPIRACA,glp,8,100.0,100.0,100.897,100.0,102.99
2023-02,MUN,AL|DELMIRO GOUVEIA,glp,4,102.5,100.0,105.0,100.0,105.0
2023-02,MUN,AL|MACEIO,glp,33,105.0,95.99,110.0,90.0,115.0
2023-02,MUN,AL|PALMEIRA DOS INDIOS,glp,2,99.995,99.991,99.999,99.99,100.0
2023-02,MUN,AM|ITACOATIARA,glp,4,131.0,126.793,131.0,124.99,131.0
2023-02,MUN,AM|MANACAPURU,glp,8,138.0,133.4,139.3,132.0,140.0
2023-02,MUN,AM|MANAUS,glp,98,125.0,116.0,130.0,108.5,141.99
2023-02,MUN,AM|PARINTINS,glp,7,135.0,130.0,138.0,130.0,138.0
2023-02,MUN,AP|MACAPA,glp,20,118.0,108.9,123.5,108.0,128.0
2023-02,MUN,BA|ALAGOINHAS,glp,8,107.5,104.997,111.5,104.99,115.0
2023-02,MUN,BA|BARREIRAS,glp,8,137.5,135.0,140.0,135.0,140.0
2023-02,MUN,BA|CAMACARI,glp,10,115.0,112.772,115.3,110.0,118.0
2023-02,MUN,BA|FEIRA DE SANTANA,glp,11,102.99,95.0,110.0,95.0,110.0
2023-02,MUN,BA|GUANAMBI,glp,9,110.0,110.0,110.0,110.0,110.0
2023-02,MUN,BA|ILHEUS,glp,6,126.0,120.995,135.0,119.99,140.0
2023-02,MUN,BA|ITABUNA,glp,8,106.25,96.05,110.0,95.0,110.0
2023-02,MUN,BA|ITAMARAJU,glp,6,110.0,100.0,110.0,100.0,110.0
2023-02,MUN,BA|JACOBINA,glp,5,130.0,130.0,132.0,130.0,132.0
2023-02,MUN,BA|JAGUAQUARA,glp,6,110.0,108.75,110.0,107.5,110.0
2023-02,MUN,BA|JEQUIE,glp,6,96.0,94.5,110.0,94.0,120.0
2023-02,MUN,BA|JUAZEIRO,glp,6,105.5,102.0,112.5,99.0,115.0
2023-02,MUN,BA|LAURO DE FREITAS,glp,9,110.0,106.396,115.998,100.0,119.99
2023-02,MUN,BA|POCOES,glp,7,100.0,98.0,107.0,98.0,110.0
2023-02,MUN,BA|SALVADOR,glp,37,115.0,102.39,120.0,95.0,122.5
2023-02,MUN,BA|SANTO ANTONIO DE JESUS,glp,7,110.0,106.8,110.0,105.0,110.0
2023-02,MUN,BA|SERRINHA,glp,8,125.0,118.5,130.0,115.0,130.0
2023-02,MUN,BA|SIMOES FILHO,glp,6,111.0,107.5,122.49,105.0,129.99
2023-02,MUN,BA|TEIXEIRA DE FREITAS,glp,7,92.5,87.0,95.4,87.0,96.0
2023-02,MUN,BA|VALENCA,glp,5,110.0,104.0,115.0,100.0,115.0
2023-02,MUN,BA|VITORIA DA CONQUISTA,glp,6,112.5,109.995,127.5,109.99,140.0
2023-02,MUN,CE|CANINDE,glp,4,105.5,102.9,106.7,102.0,107.0
2023-02,MUN,CE|CAUCAIA,glp,13,110.0,100.0,115.0,95.0,120.0
2023-02,MUN,CE|CRATO,glp,8,110.0,108.997,112.0,108.99,112.0
2023-02,MUN,CE|FORTALEZA,glp,37,110.0,102.994,120.0,95.99,123.0
2023-02,MUN,CE|ITAPIPOCA,glp,5,110.0,106.2,115.0,105.0,115.0
2023-02,MUN,CE|JUAZEIRO DO NORTE,glp,14,109.5,109.0,112.0,109.0,112.5
2023-02,MUN,CE|LIMOEIRO DO NORTE,glp,7,120.0,109.0,120.0,100.0,120.0
2023-02,MUN,CE|MARACANAU,glp,9,110.0,102.998,123.4,94.99,125.0
2023-02,MUN,CE|QUIXADA,glp,6,105.0,105.0,108.0,105.0,110.0
2023-02,MUN,CE|SOBRAL,glp,5,114.0,111.6,114.6,110.0,115.0
2023-02,MUN,DF|BRASILIA,glp,57,100.0,98.59,109.99,94.99,119.99
2023-02,MUN,ES|CACHOEIRO DE ITAPEMIRIM,glp,12,105.0,99.99,112.45,98.99,115.0
2023-02,MUN,ES|CARIACICA,glp,10,100.0,89.99,100.0,89.9,100.0
2023-02,MUN,ES|COLATINA,glp,8,102.5,95.0,110.0,95.0,110.0
2023-02,MUN,ES|GUARAPARI,glp,9,99.99,94.99,110.0,94.99,110.0
2023-02,MUN,ES|LINHARES,glp,12,112.5,110.0,115.0,110.0,120.0
2023-02,MUN,ES|SERRA,glp,21,99.99,90.0,100.0,84.99,115.0
2023-02,MUN,ES|VILA VELHA,glp,19,100.0,94.99,105.8,70.0,110.0
2023-02,MUN,ES|VITORIA,glp,9,100.0,98.992,102.0,95.0,110.0
2023-02,MUN,GO|AGUAS LINDAS DE GOIAS,glp,21,97.5,92.0,105.0,89.99,120.0
2023-02,MUN,GO|ANAPOLIS,glp,18,120.0,112.25,120.0,108.0,120.0
2023-02,MUN,GO|APARECIDA DE GOIANIA,glp,31,110.0,102.0,115.0,94.99,120.0
2023-02,MUN,GO|CALDAS NOVAS,glp,8,107.5,105.0,119.99,105.0,119.99
2023-02,MUN,GO|CATALAO,glp,9,115.0,111.6,116.0,110.0,120.0
2023-02,MUN,GO|GOIANIA,glp,55,110.0,100.396,117.5,94.99,130.0
2023-02,MUN,GO|GOIATUBA,glp,8,120.0,120.0,125.0,120.0,125.0
2023-02,MUN,GO|ITUMBIARA,glp,8,115.0,107.1,117.65,105.0,118.0
2023-02,MUN,GO|JATAI,glp,6,120.0,119.995,127.5,119.99,135.0
2023-02,MUN,GO|LUZIANIA,glp,14,102.99,99.99,107.8,99.99,110.0
2023-02,MUN,GO|MINEIROS,glp,6,115.0,115.0,115.0,115.0,115.0
2023-02,MUN,GO|MORRINHOS,glp,7,110.0,103.0,115.0,100.0,115.0
2023-02,MUN,GO|PORANGATU,glp,7,118.0,113.8,127.0,112.0,130.0
2023-02,MUN,GO|RIO VERDE,glp,10,125.0,119.0,125.5,110.0,130.0
2023-02,MUN,GO|TRINDADE,glp,19,100.0,99.998,108.0,95.0,120.0
2023-02,MUN,GO|VALPARAISO DE GOIAS,glp,11,100.0,99.99,105.0,99.99,106.99
2023-02,MUN,MA|ACAILANDIA,glp,9,105.0,99.8,111.0,99.0,115.0
2023-02,MUN,MA|BACABAL,glp,9,112.0,112.0,113.0,112.0,117.0
2023-02,MUN,MA|BALSAS,glp,4,125.0,125.0,125.0,125.0,125.0
2023-02,MUN,MA|CAXIAS,glp,4,110.0,110.0,113.5,110.0,115.0
2023-02,MUN,MA|CODO,glp,9,115.0,115.0,115.0,115.0,115.0
2023-02,MUN,MA|IMPERATRIZ,glp,15,95.0,95.0,100.0,92.99,105.5
2023-02,MUN,MA|PINHEIRO,glp,2,120.0,120.0,120.0,120.0,120.0
2023-02,MUN,MA|SANTA INES,glp,6,126.0,126.0,126.0,126.0,126.0
2023-02,MUN,MA|SAO JOSE DE RIBAMAR,glp,15,99.99,99.99,99.996,99.99,104.99
2023-02,MUN,MA|SAO LUIS,glp,51,99.99,99.99,114.9,90.0,115.0
2023-02,MUN,MG|ARAGUARI,glp,8,107.5,104.25,113.25,102.5,115.0
2023-02,MUN,MG|ARAXA,glp,7,100.0,96.8,112.0,92.0,130.0
2023-02,MUN,MG|BARBACENA,glp,9,110.0,99.4,110.0,97.0,110.0
2023-02,MUN,MG|BELO HORIZONTE,glp,33,110.0,99.99,128.2,95.0,149.0
2023-02,MUN,MG|BETIM,glp,18,107.0,99.997,110.0,98.0,110.0
2023-02,MUN,MG|BOM DESPACHO,glp,10,110.0,94.5,115.5,90.0,120.0
2023-02,MUN,MG|CAMPO BELO,glp,8,120.0,120.0,120.0,120.0,120.0
2023-02,MUN,MG|CARATINGA,glp,8,120.0,110.0,129.9,110.0,129.9
2023-02,MUN,MG|CONSELHEIRO LAFAIETE,glp,8,98.995,95.0,110.0,95.0,110.0
2023-02,MUN,MG|CONTAGEM,glp,24,110.0,99.99,114.35,98.5,115.0
2023-02,MUN,MG|CORONEL FABRICIANO,glp,9,120.0,108.0,123.0,100.0,125.0
2023-02,MUN,MG|CURVELO,glp,7,95.0,88.0,100.0,85.0,100.0
2023-02,MUN,MG|DIVINOPOLIS,glp,8,108.748,103.5,113.25,100.0,115.0
2023-02,MUN,MG|FORMIGA,glp,8,115.0,111.75,115.0,110.0,115.0
2023-02,MUN,MG|FRUTAL,glp,9,104.945,103.918,109.99,99.99,109.99
2023-02,MUN,MG|GOVERNADOR VALADARES,glp,14,125.0,115.0,135.0,105.0,135.0
2023-02,MUN,MG|GUAXUPE,glp,8,93.5,86.4,100.75,85.0,102.5
2023-02,MUN,MG|IPATINGA,glp,9,112.0,106.0,121.6,106.0,128.0
2023-02,MUN,MG|ITAUNA,glp,7,110.0,101.8,116.0,97.0,125.0
2023-02,MUN,MG|ITUIUTABA,glp,8,100.0,98.0,100.0,98.0,100.0
2023-02,MUN,MG|JANAUBA,glp,8,108.75,100.0,114.75,100.0,120.0
2023-02,MUN,MG|JANUARIA,glp,8,120.0,119.4,125.1,118.0,130.0
2023-02,MUN,MG|JOAO MONLEVADE,glp,7,110.0,106.0,111.2,100.0,113.0
2023-02,MUN,MG|JOAO PINHEIRO,glp,8,124.95,124.33,127.3,123.0,128.0
2023-02,MUN,MG|JUIZ DE FORA,glp,13,94.99,85.99,101.6,84.99,111.0
2023-02,MUN,MG|LAVRAS,glp,8,101.5,98.43,111.5,95.0,115.0
2023-02,MUN,MG|LEOPOLDINA,glp,4,106.5,100.9,115.6,100.0,118.0
2023-02,MUN,MG|MANHUACU,glp,7,110.0,102.94,112.0,100.0,115.0
2023-02,MUN,MG|MONTE CARMELO,glp,8,100.0,100.0,110.0,100.0,110.0
2023-02,MUN,MG|MONTES CLAROS,glp,30,120.0,105.99,122.75,104.0,139.9
2023-02,MUN,MG|MURIAE,glp,7,110.0,102.96,113.2,99.9,118.0
2023-02,MUN,MG|NOVA LIMA,glp,8,109.5,103.5,112.9,100.0,115.0
2023-02,MUN,MG|OLIVEIRA,glp,3,110.0,110.0,110.0,110.0,110.0
2023-02,MUN,MG|PARA DE MINAS,glp,8,115.0,111.33,124.93,103.0,125.0
2023-02,MUN,MG|PARACATU,glp,5,115.0,106.0,124.0,105.0,130.0
2023-02,MUN,MG|PASSOS,glp,5,110.0,102.794,110.0,97.99,110.0
2023-02,MUN,MG|PATOS DE MINAS,glp,12,110.0,100.5,119.5,98.0,120.0
2023-02,MUN,MG|PATROCINIO,glp,9,105.0,95.0,111.0,95.0,115.0
2023-02,MUN,MG|POCOS DE CALDAS,glp,8,113.495,112.7,118.3,112.0,119.0
2023-02,MUN,MG|POUSO ALEGRE,glp,13,115.0,92.0,115.0,89.99,115.0
2023-02,MUN,MG|SABARA,glp,9,120.0,113.0,121.0,105.0,125.0
2023-02,MUN,MG|SAO JOAO DEL REI,glp,6,100.0,95.0,110.0,90.0,115.0
2023-02,MUN,MG|SAO SEBASTIAO DO PARAISO,glp,7,95.0,87.994,96.96,85.0,99.9
2023-02,MUN,MG|SETE LAGOAS,glp,13,105.9,99.992,120.0,99.99,130.0
2023-02,MUN,MG|TEOFILO OTONI,glp,11,110.0,107.0,111.0,105.0,112.0
2023-02,MUN,MG|TIMOTEO,glp,6,115.0,111.5,120.0,110.0,120.0
2023-02,MUN,MG|TRES CORACOES,glp,7,100.0,96.196,105.0,94.99,105.0
2023-02,MUN,MG|UBERABA,glp,17,105.0,100.496,108.5,95.0,120.0
2023-02,MUN,MG|UBERLANDIA,glp,23,106.5,99.992,119.5,95.0,125.0
2023-02,MUN,MG|UNAI,glp,9,130.0,129.5,130.0,127.5,130.0
2023-02,MUN,MG|VARGINHA,glp,8,100.0,90.0,111.5,90.0,115.0
2023-02,MUN,MS|CAMPO GRANDE,glp,52,110.0,99.0,110.0,89.0,128.0
2023-02,MUN,MS|CORUMBA,glp,6,120.0,110.0,130.0,110.0,130.0
2023-02,MUN,MS|DOURADOS,glp,22,115.0,102.45,130.0,99.99,130.0
2023-02,MUN,MS|NOVA ANDRADINA,glp,6,110.0,102.5,115.0,100.0,115.0
2023-02,MUN,MS|TRES LAGOAS,glp,11,115.0,110.0,115.0,110.0,128.0
2023-02,MUN,MT|CACERES,glp,11,105.0,104.99,115.0,99.99,115.0
2023-02,MUN,MT|CUIABA,glp,42,120.0,114.991,134.7,104.99,140.0
2023-02,MUN,MT|NOVA OLIMPIA,glp,1,120.0,120.0,120.0,120.0,120.0
2023-02,MUN,MT|RONDONOPOLIS,glp,12,130.0,130.0,130.0,125.0,130.0
2023-02,MUN,MT|SINOP,glp,16,140.0,140.0,150.0,138.0,150.0
2023-02,MUN,MT|VARZEA GRANDE,glp,25,120.0,110.0,123.8,104.99,135.0
2023-02,MUN,PA|ALTAMIRA,glp,5,126.0,119.9,127.2,116.5,128.0
2023-02,MUN,PA|ANANINDEUA,glp,27,104.99,97.0,119.1,96.0,125.0
2023-02,MUN,PA|BELEM,glp,35,110.0,99.99,118.6,98.99,130.0
2023-02,MUN,PA|BRAGANCA,glp,6,114.5,105.0,115.0,105.0,115.0
2023-02,MUN,PA|CAMETA,glp,6,120.0,118.5,120.0,117.0,120.0
2023-02,MUN,PA|CASTANHAL,glp,13,110.0,105.6,115.0,105.0,125.0
2023-02,MUN,PA|CONCEICAO DO ARAGUAIA,glp,5,120.0,117.0,120.0,115.0,120.0
2023-02,MUN,PA|ITAITUBA,glp,4,128.0,114.8,130.0,110.0,130.0
2023-02,MUN,PA|MARABA,glp,8,125.0,111.19,126.5,99.99,130.0
2023-02,MUN,PA|PARAUAPEBAS,glp,11,140.0,135.0,140.0,135.0,140.0
2023-02,MUN,PA|SANTAREM,glp,22,110.0,100.0,119.8,87.99,120.0
2023-02,MUN,PA|XINGUARA,glp,6,130.0,125.0,132.5,125.0,135.0
2023-02,MUN,PB|BAYEUX,glp,8,107.25,105.35,111.2,105.0,114.0
2023-02,MUN,PB|CABEDELO,glp,7,105.0,103.0,115.0,100.0,115.0
2023-02,MUN,PB|CAMPINA GRANDE,glp,17,120.0,113.0,120.0,100.0,120.0
2023-02,MUN,PB|JOAO PESSOA,glp,36,110.0,99.995,117.75,89.99,120.0
2023-02,MUN,PB|PATOS,glp,7,110.0,109.2,115.4,108.0,116.0
2023-02,MUN,PB|SOUSA,glp,5,105.0,102.0,110.0,100.0,110.0
2023-02,MUN,PE|ARARIPINA,glp,8,115.0,115.0,116.5,115.0,120.0
2023-02,MUN,PE|ARCOVERDE,glp,7,90.0,87.994,94.994,85.0,95.0
2023-02,MUN,PE|BELO JARDIM,glp,7,100.0,97.8,103.8,97.5,105.0
2023-02,MUN,PE|CABO DE SANTO AGOSTINHO,glp,11,90.0,85.0,100.0,84.99,100.0
2023-02,MUN,PE|CARUARU,glp,15,85.0,85.0,93.0,84.99,100.0
2023-02,MUN,PE|GARANHUNS,glp,9,104.99,104.99,105.0,104.99,105.0
2023-02,MUN,PE|IGARASSU,glp,8,100.0,100.0,103.0,100.0,103.0
2023-02,MUN,PE|JABOATAO DOS GUARARAPES,glp,16,100.0,95.495,104.0,94.99,105.0
2023-02,MUN,PE|OLINDA,glp,13,97.5,95.0,100.0,95.0,100.0
2023-02,MUN,PE|PAULISTA,glp,10,96.0,94.999,97.75,94.99,100.0
2023-02,MUN,PE|PETROLINA,glp,11,110.0,107.5,115.0,105.0,115.0
2023-02,MUN,PE|RECIFE,glp,24,95.5,93.597,100.0,92.5,110.0
2023-02,MUN,PE|SANTA CRUZ DO CAPIBARIBE,glp,7,110.0,106.0,112.0,100.0,115.0
2023-02,MUN,PE|SERRA TALHADA,glp,5,112.0,112.0,113.8,112.0,115.0
2023-02,MUN,PE|VITORIA DE SANTO ANTAO,glp,6,91.75,89.995,94.995,89.99,95.0
2023-02,MUN,PI|PARNAIBA,glp,8,110.0,100.3,115.0,80.0,115.0
2023-02,MUN,PI|PICOS,glp,8,110.0,106.75,111.5,105.0,115.0
2023-02,MUN,PI|TERESINA,glp,40,110.0,105.0,120.0,99.99,120.0
2023-02,MUN,PR|APUCARANA,glp,13,100.0,100.0,110.0,99.99,110.0
2023-02,MUN,PR|ARAPONGAS,glp,12,105.0,104.9,109.988,104.9,110.0
2023-02,MUN,PR|ARAUCARIA,glp,12,102.225,95.4,105.0,94.0,105.0
2023-02,MUN,PR|CAMBE,glp,9,111.0,110.0,121.0,110.0,125.0
2023-02,MUN,PR|CAMPO LARGO,glp,12,99.9,99.9,105.0,99.9,110.0
2023-02,MUN,PR|CAMPO MOURAO,glp,6,119.95,116.5,123.0,115.0,123.0
2023-02,MUN,PR|CASCAVEL,glp,19,117.5,108.499,125.0,102.0,125.0
2023-02,MUN,PR|CASTRO,glp,10,107.0,105.0,115.09,105.0,115.9
2023-02,MUN,PR|CIANORTE,glp,8,120.0,110.0,122.97,110.0,129.9
2023-02,MUN,PR|COLOMBO,glp,22,99.225,92.181,99.99,89.9,102.45
2023-02,MUN,PR|CURITIBA,glp,63,100.0,92.0,106.6,89.9,119.99
2023-02,MUN,PR|FOZ DO IGUACU,glp,18,107.5,94.8,120.0,84.99,120.0
2023-02,MUN,PR|GUARAPUAVA,glp,12,112.5,110.0,119.8,110.0,125.0
2023-02,MUN,PR|LONDRINA,glp,19,105.0,100.0,121.0,97.5,125.0
2023-02,MUN,PR|MARINGA,glp,18,120.0,111.4,130.0,110.0,130.0
2023-02,MUN,PR|PARANAGUA,glp,8,100.0,94.1,115.0,92.0,115.0
2023-02,MUN,PR|PARANAVAI,glp,8,110.0,88.463,120.0,84.9,120.0
2023-02,MUN,PR|PATO BRANCO,glp,9,124.0,120.6,126.0,119.0,130.0
2023-02,MUN,PR|PINHAIS,glp,9,102.5,94.4,108.0,92.0,108.0
2023-02,MUN,PR|PONTA GROSSA,glp,18,105.0,99.963,115.0,91.9,115.0
2023-02,MUN,PR|QUEDAS DO IGUACU,glp,1,125.0,125.0,125.0,125.0,125.0
2023-02,MUN,PR|SAO JOSE DOS PINHAIS,glp,22,95.0,94.9,101.9,90.0,107.0
2023-02,MUN,PR|TOLEDO,glp,13,110.0,100.99,120.0,94.99,120.0
2023-02,MUN,PR|UMUARAMA,glp,6,112.5,94.95,120.0,94.9,120.0
2023-02,MUN,PR|UNIAO DA VITORIA,glp,9,108.0,106.6,117.98,105.0,129.9
2023-02,MUN,RJ|ANGRA DOS REIS,glp,9,118.0,115.0,120.0,115.0,120.0
2023-02,MUN,RJ|ARARUAMA,glp,8,97.495,92.793,99.99,90.0,99.99
2023-02,MUN,RJ|BARRA DO PIRAI,glp,7,104.9,102.9,119.3,102.0,125.9
2023-02,MUN,RJ|BARRA MANSA,glp,9,99.9,99.72,102.1,99.0,104.9
2023-02,MUN,RJ|BELFORD ROXO,glp,9,92.5,80.0,95.4,80.0,97.0
2023-02,MUN,RJ|CABO FRIO,glp,9,94.99,81.59,99.99,79.99,99.99
2023-02,MUN,RJ|CAMPOS DOS GOYTACAZES,glp,9,95.0,89.855,100.0,89.495,100.0
2023-02,MUN,RJ|DUQUE DE CAXIAS,glp,20,89.99,84.999,95.99,82.99,95.99
2023-02,MUN,RJ|ITABORAI,glp,13,86.99,85.168,90.99,82.99,90.99
2023-02,MUN,RJ|ITAGUAI,glp,2,118.5,118.5,118.5,118.5,118.5
2023-02,MUN,RJ|MARICA,glp,9,84.99,80.0,96.992,80.0,105.0
2023-02,MUN,RJ|NILOPOLIS,glp,8,100.0,95.0,105.0,95.0,105.0
2023-02,MUN,RJ|NITEROI,glp,8,95.99,84.097,98.6,81.99,100.0
2023-02,MUN,RJ|NOVA FRIBURGO,glp,9,108.0,107.398,110.0,104.99,110.0
2023-02,MUN,RJ|NOVA IGUACU,glp,19,90.0,78.0,100.0,77.99,110.0
2023-02,MUN,RJ|PETROPOLIS,glp,7,100.0,94.794,102.994,90.0,103.0
2023-02,MUN,RJ|RIO BONITO,glp,9,82.0,79.998,88.39,79.99,89.99
2023-02,MUN,RJ|RIO DE JANEIRO,glp,41,96.0,89.99,100.0,86.0,117.0
2023-02,MUN,RJ|SANTO ANTONIO DE PADUA,glp,4,90.0,90.0,94.9,90.0,97.0
2023-02,MUN,RJ|SAO JOAO DE MERITI,glp,11,91.0,85.0,97.0,84.99,100.0
2023-02,MUN,RJ|SAQUAREMA,glp,5,92.99,90.0,95.59,90.0,95.99
2023-02,MUN,RJ|TERESOPOLIS,glp,8,109.95,100.0,119.2,100.0,119.9
2023-02,MUN,RJ|TRES RIOS,glp,9,95.0,92.99,100.992,84.99,105.0
2023-02,MUN,RJ|VALENCA,glp,8,92.5,89.1,105.0,87.0,105.0
2023-02,MUN,RJ|VOLTA REDONDA,glp,8,105.9,102.0,105.93,99.9,106.0
2023-02,MUN,RN|CAICO,glp,9,112.0,112.0,112.6,112.0,115.0
2023-02,MUN,RN|MOSSORO,glp,13,117.5,110.0,125.0,105.0,125.0
2023-02,MUN,RN|NATAL,glp,22,115.0,98.2,116.8,95.0,125.0
2023-02,MUN,RN|PARNAMIRIM,glp,17,110.0,100.0,110.4,99.99,135.0
2023-02,MUN,RO|ARIQUEMES,glp,9,130.0,124.0,130.0,120.0,130.0
2023-02,MUN,RO|CACOAL,glp,9,133.0,131.8,137.4,131.0,143.0
2023-02,MUN,RO|JI-PARANA,glp,11,125.0,125.0,130.0,125.0,130.0
2023-02,MUN,RO|PIMENTA BUENO,glp,4,138.0,138.0,138.0,138.0,138.0
2023-02,MUN,RO|PORTO VELHO,glp,32,117.0,106.55,125.0,98.0,135.0
2023-02,MUN,RO|VILHENA,glp,8,130.0,130.0,141.5,130.0,145.0
2023-02,MUN,RR|BOA VISTA,glp,29,131.0,120.0,135.4,119.99,140.0
2023-02,MUN,RS|ALEGRETE,glp,6,108.0,105.0,110.5,105.0,112.0
2023-02,MUN,RS|ALVORADA,glp,10,98.0,89.99,115.0,89.99,115.0
2023-02,MUN,RS|BAGE,glp,9,120.0,115.0,125.5,115.0,127.5
2023-02,MUN,RS|BENTO GONCALVES,glp,6,117.0,101.472,122.0,94.945,124.0
2023-02,MUN,RS|CACHOEIRA DO SUL,glp,7,100.0,87.6,110.0,87.0,110.0
2023-02,MUN,RS|CACHOEIRINHA,glp,8,102.5,99.97,105.0,99.9,105.0
2023-02,MUN,RS|CANOAS,glp,19,100.0,95.0,104.0,95.0,115.0
2023-02,MUN,RS|CAXIAS DO SUL,glp,26,99.9,99.7,110.0,94.85,119.9
2023-02,MUN,RS|ERECHIM,glp,10,120.0,118.0,122.3,118.0,125.0
2023-02,MUN,RS|ESTEIO,glp,9,104.0,100.0,106.4,100.0,112.0
2023-02,MUN,RS|GRAMADO,glp,9,117.0,114.4,122.0,112.0,122.0
2023-02,MUN,RS|GRAVATAI,glp,10,102.0,97.41,103.5,93.0,108.0
2023-02,MUN,RS|IJUI,glp,7,115.0,109.996,120.4,109.99,121.0
2023-02,MUN,RS|LAJEADO,glp,8,99.45,93.5,105.1,90.0,110.0
2023-02,MUN,RS|NOVO HAMBURGO,glp,14,95.0,93.3,98.0,90.0,100.0
2023-02,MUN,RS|PASSO FUNDO,glp,10,110.0,109.75,110.0,107.5,110.0
2023-02,MUN,RS|PELOTAS,glp,20,104.5,100.0,108.0,100.0,110.0
2023-02,MUN,RS|PORTO ALEGRE,glp,23,105.0,99.992,110.0,95.0,115.9
2023-02,MUN,RS|SANTA CRUZ DO SUL,glp,11,107.0,105.0,108.0,105.0,108.0
2023-02,MUN,RS|SANTA MARIA,glp,19,105.0,100.0,119.9,100.0,129.9
2023-02,MUN,RS|SANTA ROSA,glp,9,108.0,99.98,110.6,99.9,113.0
2023-02,MUN,RS|SANTO ANGELO,glp,5,125.0,119.7,127.4,119.5,129.0
2023-02,MUN,RS|SAO GABRIEL,glp,8,112.5,110.0,122.0,110.0,122.0
2023-02,MUN,RS|SAO LEOPOLDO,glp,9,95.0,92.4,100.998,90.0,104.99
2023-02,MUN,RS|SAPIRANGA,glp,8,106.5,98.5,108.6,95.0,110.0
2023-02,MUN,RS|SAPUCAIA DO SUL,glp,8,100.0,97.998,103.0,97.995,103.0
2023-02,MUN,RS|URUGUAIANA,glp,7,125.0,105.2,125.0,98.0,125.0
2023-02,MUN,RS|VIAMAO,glp,10,99.95,95.0,110.0,95.0,110.0
2023-02,MUN,SC|BALNEARIO CAMBORIU,glp,7,130.0,129.99,134.994,129.99,138.0
2023-02,MUN,SC|BIGUACU,glp,5,128.0,124.994,129.6,122.99,130.0
2023-02,MUN,SC|BLUMENAU,glp,11,124.9,110.0,130.0,110.0,130.0
2023-02,MUN,SC|BRUSQUE,glp,7,125.9,124.0,134.0,124.0,140.0
2023-02,MUN,SC|CACADOR,glp,9,120.0,99.99,147.0,99.99,155.0
2023-02,MUN,SC|CHAPECO,glp,13,134.0,128.0,136.5,127.0,138.0
2023-02,MUN,SC|CRICIUMA,glp,6,124.5,121.0,125.0,120.0,125.0
2023-02,MUN,SC|FLORIANOPOLIS,glp,7,125.0,117.2,127.0,113.0,130.0
2023-02,MUN,SC|ITAJAI,glp,14,125.0,115.0,135.0,110.0,135.0
2023-02,MUN,SC|JARAGUA DO SUL,glp,11,112.0,110.0,114.9,110.0,125.0
2023-02,MUN,SC|JOINVILLE,glp,12,122.0,115.0,125.0,114.0,133.0
2023-02,MUN,SC|LAGES,glp,5,122.5,113.8,128.0,113.0,130.0
2023-02,MUN,SC|LAGUNA,glp,7,115.0,114.996,120.0,114.99,120.0
2023-02,MUN,SC|PALHOCA,glp,9,125.0,120.0,136.99,120.0,136.99
2023-02,MUN,SC|SAO JOSE,glp,9,124.0,115.4,126.6,113.0,129.0
2023-02,MUN,SC|TUBARAO,glp,8,120.0,115.0,123.3,115.0,131.0
2023-02,MUN,SC|VIDEIRA,glp,9,120.0,119.98,127.0,119.9,135.0
2023-02,MUN,SC|XANXERE,glp,7,130.0,110.0,133.6,110.0,139.0
2023-02,MUN,SE|ARACAJU,glp,22,99.9,96.1,104.9,95.0,108.0
2023-02,MUN,SE|ITABAIANA,glp,8,105.0,101.397,110.0,99.99,110.0
2023-02,MUN,SE|LAGARTO,glp,7,105.0,103.0,110.0,100.0,110.0
2023-02,MUN,SE|NOSSA SENHORA DO SOCORRO,glp,12,95.0,95.0,95.0,95.0,104.9
2023-02,MUN,SP|AMERICANA,glp,5,113.0,109.992,117.4,109.99,119.0
2023-02,MUN,SP|AMPARO,glp,8,110.0,107.1,117.3,105.0,118.0
2023-02,MUN,SP|ARACATUBA,glp,19,89.99,89.99,111.0,89.99,120.0
2023-02,MUN,SP|ARARAQUARA,glp,18,108.0,100.0,115.0,94.99,127.0
2023-02,MUN,SP|ARARAS,glp,8,105.0,104.697,110.0,103.99,110.0
2023-02,MUN,SP|ASSIS,glp,10,99.9,99.9,120.0,99.9,120.0
2023-02,MUN,SP|ATIBAIA,glp,11,107.5,100.0,120.0,91.99,120.0
2023-02,MUN,SP|AVARE,glp,7,90.0,87.99,101.4,84.99,105.0
2023-02,MUN,SP|BARRETOS,glp,7,110.0,108.0,115.2,105.0,120.0
2023-02,MUN,SP|BARUERI,glp,13,100.0,100.0,109.792,99.99,110.0
2023-02,MUN,SP|BAURU,glp,18,99.995,94.963,103.6,93.0,105.0
2023-02,MUN,SP|BEBEDOURO,glp,5,115.0,115.0,115.0,115.0,115.0
2023-02,MUN,SP|BIRIGUI,glp,11,100.0,99.99,115.0,99.99,115.0
2023-02,MUN,SP|BOTUCATU,glp,11,99.99,95.0,105.0,94.95,110.0
2023-02,MUN,SP|BRAGANCA PAULISTA,glp,12,104.995,99.991,109.99,99.99,110.0
2023-02,MUN,SP|CACAPAVA,glp,8,97.495,86.99,110.0,79.99,110.0
2023-02,MUN,SP|CAMPINAS,glp,20,114.99,109.99,114.99,104.99,117.0
2023-02,MUN,SP|CARAGUATATUBA,glp,7,105.0,105.0,117.394,105.0,130.0
2023-02,MUN,SP|CARAPICUIBA,glp,15,103.495,99.99,109.194,99.99,110.0
2023-02,MUN,SP|CATANDUVA,glp,8,93.99,78.0,97.3,78.0,105.0
2023-02,MUN,SP|COSMOPOLIS,glp,8,94.99,94.393,95.644,93.0,95.99
2023-02,MUN,SP|COTIA,glp,4,109.99,106.49,116.99,104.99,119.99
2023-02,MUN,SP|CRUZEIRO,glp,8,89.495,86.747,101.0,84.99,115.0
2023-02,MUN,SP|CUBATAO,glp,8,114.995,109.97,118.0,109.9,118.0
2023-02,MUN,SP|DIADEMA,glp,10,109.99,104.999,115.296,104.99,118.0
2023-02,MUN,SP|DRACENA,glp,8,115.0,105.25,118.6,100.0,120.0
2023-02,MUN,SP|ELISIARIO,glp,1,100.0,100.0,100.0,100.0,100.0
2023-02,MUN,SP|EMBU DAS ARTES,glp,12,104.99,99.99,109.999,98.99,114.99
2023-02,MUN,SP|FRANCA,glp,19,105.0,101.2,115.0,99.99,120.0
2023-02,MUN,SP|GARCA,glp,7,105.0,98.0,109.4,95.0,110.0
2023-02,MUN,SP|GUARATINGUETA,glp,7,99.9,84.99,104.8,84.99,112.0
2023-02,MUN,SP|GUARUJA,glp,11,110.0,109.99,119.99,109.99,119.99
2023-02,MUN,SP|GUARULHOS,glp,16,94.99,89.995,99.99,87.99,99.99
2023-02,MUN,SP|HORTOLANDIA,glp,9,104.99,94.99,125.0,94.99,125.0
2023-02,MUN,SP|IBITINGA,glp,9,105.0,99.592,121.6,98.0,128.0
2023-02,MUN,SP|INDAIATUBA,glp,8,110.0,107.5,113.0,104.0,113.0
2023-02,MUN,SP|ITANHAEM,glp,9,110.0,103.699,115.0,102.495,115.0
2023-02,MUN,SP|ITAPECERICA DA SERRA,glp,8,99.99,92.89,106.5,87.99,110.0
2023-02,MUN,SP|ITAPIRA,glp,7,102.0,98.794,105.8,97.0,110.0
2023-02,MUN,SP|ITAPOLIS,glp,9,110.0,109.0,117.0,109.0,125.0
2023-02,MUN,SP|ITAQUAQUECETUBA,glp,14,94.99,91.49,99.99,79.99,99.99
2023-02,MUN,SP|ITATIBA,glp,8,105.0,101.747,110.0,99.99,110.0
2023-02,MUN,SP|ITU,glp,7,110.0,104.8,113.5,100.0,115.0
2023-02,MUN,SP|JABOTICABAL,glp,8,104.445,100.0,108.597,100.0,109.99
2023-02,MUN,SP|JACAREI,glp,13,109.0,95.4,114.9,92.0,115.0
2023-02,MUN,SP|JALES,glp,8,95.0,93.5,101.5,90.0,105.0
2023-02,MUN,SP|JAU,glp,9,117.0,115.8,120.2,115.0,125.0
2023-02,MUN,SP|JOSE BONIFACIO,glp,8,104.75,100.0,110.1,100.0,115.0
2023-02,MUN,SP|JUNDIAI,glp,12,108.0,99.99,117.9,95.0,120.0
2023-02,MUN,SP|LEME,glp,8,105.0,100.0,110.4,100.0,123.0
2023-02,MUN,SP|LIMEIRA,glp,11,100.0,99.495,110.0,95.0,115.0
2023-02,MUN,SP|LINS,glp,7,100.0,95.954,105.0,89.9,105.0
2023-02,MUN,SP|LORENA,glp,8,96.5,87.0,106.5,80.0,110.0
2023-02,MUN,SP|MARILIA,glp,9,116.0,116.0,116.0,116.0,116.0
2023-02,MUN,SP|MATAO,glp,11,100.0,99.99,115.0,99.99,130.0
2023-02,MUN,SP|MAUA,glp,12,111.495,109.99,115.0,102.99,115.495
2023-02,MUN,SP|MIRASSOL,glp,8,104.0,94.4,110.0,93.0,110.0
2023-02,MUN,SP|MOCOCA,glp,4,111.472,106.483,117.9,105.0,120.0
2023-02,MUN,SP|MOGI DAS CRUZES,glp,10,105.0,99.981,107.74,99.9,109.99
2023-02,MUN,SP|MOGI GUACU,glp,8,99.99,99.99,101.5,99.99,105.0
2023-02,MUN,SP|MOGI MIRIM,glp,8,101.5,93.89,103.0,88.99,103.0
2023-02,MUN,SP|OLIMPIA,glp,7,90.0,90.0,90.8,90.0,92.0
2023-02,MUN,SP|OSASCO,glp,8,103.99,92.09,106.497,89.99,109.99
2023-02,MUN,SP|OURINHOS,glp,7,108.0,99.1,110.8,97.9,112.0
2023-02,MUN,SP|PARAGUACU PAULISTA,glp,8,110.0,104.4,116.5,103.0,120.0
2023-02,MUN,SP|PAULINIA,glp,8,106.0,104.99,110.0,104.99,110.0
2023-02,MUN,SP|PINDAMONHANGABA,glp,10,105.0,96.299,114.1,89.99,115.0
2023-02,MUN,SP|PIRACICABA,glp,17,106.495,96.59,115.0,95.0,115.0
2023-02,MUN,SP|PIRASSUNUNGA,glp,7,100.0,92.9,110.0,92.9,110.0
2023-02,MUN,SP|POA,glp,7,105.0,97.99,109.99,94.99,109.99
2023-02,MUN,SP|PRAIA GRANDE,glp,15,108.0,104.42,111.2,102.99,112.0
2023-02,MUN,SP|PRESIDENTE PRUDENTE,glp,15,100.0,95.0,109.996,94.9,113.0
2023-02,MUN,SP|PRESIDENTE VENCESLAU,glp,8,108.25,102.9,113.9,98.0,123.0
2023-02,MUN,SP|RIBEIRAO PIRES,glp,8,102.495,97.997,110.0,97.99,110.0
2023-02,MUN,SP|RIBEIRAO PRETO,glp,12,110.0,91.099,124.99,89.0,124.99
2023-02,MUN,SP|RIO CLARO,glp,7,100.0,98.0,100.0,95.0,100.0
2023-02,MUN,SP|SALTO,glp,4,107.5,100.8,110.0,99.0,110.0
2023-02,MUN,SP|SANTA BARBARA D'OESTE,glp,13,105.0,101.5,110.0,95.0,110.0
2023-02,MUN,SP|SANTA CRUZ DO RIO PARDO,glp,5,115.0,111.0,116.2,110.0,117.0
2023-02,MUN,SP|SANTO ANDRE,glp,12,105.0,99.991,114.99,99.99,118.99
2023-02,MUN,SP|SANTOS,glp,16,116.498,104.99,123.495,99.99,139.9
2023-02,MUN,SP|SAO BERNARDO DO CAMPO,glp,6,105.0,99.248,117.495,98.0,119.99
2023-02,MUN,SP|SAO CAETANO DO SUL,glp,6,109.495,102.495,115.0,99.99,115.0
2023-02,MUN,SP|SAO CARLOS,glp,20,112.245,107.999,123.11,105.0,130.0
2023-02,MUN,SP|SAO JOAO DA BOA VISTA,glp,9,105.0,104.0,105.0,100.0,105.0
2023-02,MUN,SP|SAO JOSE DO RIO PRETO,glp,30,111.25,100.0,125.0,100.0,130.0
2023-02,MUN,SP|SAO JOSE DOS CAMPOS,glp,20,106.5,79.999,116.991,79.99,117.99
2023-02,MUN,SP|SAO PAULO,glp,69,110.0,99.99,120.0,89.99,128.0
2023-02,MUN,SP|SAO VICENTE,glp,16,105.0,99.9,110.0,94.0,112.0
2023-02,MUN,SP|SERTAOZINHO,glp,9,99.9,99.9,100.0,99.9,100.0
2023-02,MUN,SP|SOROCABA,glp,21,104.0,99.99,115.0,99.99,120.0
2023-02,MUN,SP|SUMARE,glp,12,105.995,95.0,120.0,94.99,120.0
2023-02,MUN,SP|SUZANO,glp,15,99.99,95.0,110.0,94.99,112.99
2023-02,MUN,SP|TABOAO DA SERRA,glp,8,99.99,94.997,108.49,94.99,111.99
2023-02,MUN,SP|TATUI,glp,9,110.0,107.494,115.0,107.49,115.0
2023-02,MUN,SP|TAUBATE,glp,13,95.0,85.398,101.6,84.99,103.0
2023-02,MUN,SP|TUPA,glp,6,105.0,100.0,115.0,100.0,120.0
2023-02,MUN,SP|UBATUBA,glp,3,110.0,99.2,118.0,96.5,120.0
2023-02,MUN,SP|VALINHOS,glp,8,98.9,94.69,101.493,93.99,105.0
2023-02,MUN,SP|VINHEDO,glp,8,105.45,95.697,112.0,94.99,112.0
2023-02,MUN,SP|VOTORANTIM,glp,8,105.0,104.346,110.0,104.0,110.0
2023-02,MUN,SP|VOTUPORANGA,glp,14,105.9,96.5,112.8,95.0,115.0
2023-02,MUN,TO|ARAGUAINA,glp,18,120.0,120.0,125.0,120.0,130.0
2023-02,MUN,TO|GURUPI,glp,12,120.0,120.0,121.8,112.99,125.0
2023-02,MUN,TO|PALMAS,glp,18,121.5,120.0,130.0,120.0,135.0
2023-02,MUN,TO|PARAISO DO TOCANTINS,glp,8,125.0,95.0,125.0,95.0,125.0
2023-02,MUN,TO|PORTO NACIONAL,glp,9,120.0,120.0,121.0,120.0,125.0
2023-02,UF,AC,glp,34,119.0,110.6,130.8,90.0,135.0
2023-02,UF,AL,glp,47,102.99,99.99,108.5,90.0,115.0
2023-02,UF,AM,glp,117,125.0,116.0,135.0,108.5,141.99
2023-02,UF,AP,glp,20,118.0,108.9,123.5,108.0,128.0
2023-02,UF,BA,glp,181,110.0,98.0,130.0,87.0,140.0
2023-02,UF,CE,glp,108,110.0,104.997,120.0,94.99,125.0
2023-02,UF,DF,glp,57,100.0,98.59,109.99,94.99,119.99
2023-02,UF,ES,glp,100,100.0,94.99,110.0,70.0,120.0
2023-02,UF,GO,glp,238,110.0,99.99,120.0,89.99,135.0
2023-02,UF,MA,glp,124,100.0,98.293,116.4,90.0,126.0
2023-02,UF,MG,glp,515,110.0,98.0,121.598,84.99,149.0
2023-02,UF,MS,glp,97,110.0,99.99,128.0,89.0,130.0
2023-02,UF,MT,glp,107,120.0,105.0,140.0,99.99,150.0
2023-02,UF,PA,glp,148,112.25,99.99,130.0,87.99,140.0
2023-02,UF,PB,glp,80,110.0,100.0,120.0,89.99,120.0
2023-02,UF,PE,glp,157,99.99,89.99,112.0,84.99,120.0
2023-02,UF,PI,glp,56,110.0,105.0,115.0,80.0,120.0
2023-02,UF,PR,glp,356,105.0,95.0,120.0,84.9,130.0
2023-02,UF,RJ,glp,258,95.0,84.99,108.0,77.99,125.9
2023-02,UF,RN,glp,61,112.0,100.0,120.0,95.0,135.0
2023-02,UF,RO,glp,73,125.0,114.2,137.6,98.0,145.0
2023-02,UF,RR,glp,29,131.0,120.0,135.4,119.99,140.0
2023-02,UF,RS,glp,305,105.0,95.0,120.0,87.0,129.9
2023-02,UF,SC,glp,156,124.925,113.0,135.0,99.99,155.0
2023-02,UF,SE,glp,49,100.0,95.0,107.56,95.0,110.0
2023-02,UF,SP,glp,1094,105.0,94.99,115.347,78.0,139.9
2023-02,UF,TO,glp,65,120.0,120.0,126.2,95.0,135.0
2023-03,BR,BR,glp,4857,108.0,95.0,125.0,74.99,155.0
2023-03,MUN,AC|RIO BRANCO,glp,34,119.0,112.0,130.8,110.0,135.0
2023-03,MUN,AL|ARAPIRACA,glp,8,101.495,100.0,105.0,100.0,105.0
2023-03,MUN,AL|DELMIRO GOUVEIA,glp,4,102.5,100.0,105.0,100.0,105.0
2023-03,MUN,AL|MACEIO,glp,34,105.0,90.597,113.5,89.99,115.0
2023-03,MUN,AL|PALMEIRA DOS INDIOS,glp,4,95.0,94.646,98.5,94.495,100.0
2023-03,MUN,AL|RIO LARGO,glp,2,102.5,100.5,104.5,100.0,105.0
2023-03,MUN,AM|ITACOATIARA,glp,5,130.5,126.994,131.0,124.99,131.0
2023-03,MUN,AM|MANACAPURU,glp,10,138.0,133.8,140.0,132.0,140.0
2023-03,MUN,AM|MANAUS,glp,90,123.0,116.0,130.0,108.5,141.99
2023-03,MUN,AM|PARINTINS,glp,9,130.0,129.3,138.0,126.5,138.0
2023-03,MUN,AP|MACAPA,glp,21,118.0,109.0,124.0,105.0,128.0
2023-03,MUN,AP|SANTANA,glp,10,112.5,109.5,125.3,105.0,128.0
2023-03,MUN,BA|ALAGOINHAS,glp,8,110.0,107.1,112.3,105.0,113.0
2023-03,MUN,BA|BARREIRAS,glp,9,140.0,115.0,140.0,115.0,140.0
2023-03,MUN,BA|CAMACARI,glp,10,115.0,114.791,115.3,113.0,118.0
2023-03,MUN,BA|EUNAPOLIS,glp,3,110.0,106.0,114.0,105.0,115.0
2023-03,MUN,BA|FEIRA DE SANTANA,glp,11,105.0,98.0,110.0,98.0,110.0
2023-03,MUN,BA|GUANAMBI,glp,9,110.0,110.0,110.0,110.0,110.0
2023-03,MUN,BA|ILHEUS,glp,9,127.0,119.998,140.8,119.99,144.0
2023-03,MUN,BA|ITABUNA,glp,10,105.0,99.9,111.0,99.0,120.0
2023-03,MUN,BA|ITAMARAJU,glp,6,110.0,100.0,110.0,100.0,110.0
2023-03,MUN,BA|JAGUAQUARA,glp,7,110.0,108.0,112.0,105.0,115.0
2023-03,MUN,BA|JEQUIE,glp,7,99.99,95.0,108.0,95.0,120.0
2023-03,MUN,BA|JUAZEIRO,glp,6,108.5,102.5,112.5,100.0,115.0
2023-03,MUN,BA|LAURO DE FREITAS,glp,9,112.995,107.992,115.998,100.0,119.99
2023-03,MUN,BA|PAULO AFONSO,glp,3,97.5,94.7,102.7,94.0,104.0
2023-03,MUN,BA|POCOES,glp,7,100.0,100.0,108.2,100.0,111.5
2023-03,MUN,BA|SALVADOR,glp,33,115.0,102.496,120.0,99.99,123.0
2023-03,MUN,BA|SANTO ANTONIO DE JESUS,glp,8,110.0,103.5,110.9,100.0,113.0
2023-03,MUN,BA|SERRINHA,glp,7,127.5,116.0,130.0,110.0,130.0
2023-03,MUN,BA|SIMOES FILHO,glp,6,115.495,105.0,124.992,100.0,129.99
2023-03,MUN,BA|TEIXEIRA DE FREITAS,glp,10,95.5,87.0,98.7,87.0,105.0
2023-03,MUN,BA|VALENCA,glp,5,110.0,110.0,115.0,110.0,115.0
2023-03,MUN,BA|VITORIA DA CONQUISTA,glp,10,110.0,105.0,115.0,105.0,115.0
2023-03,MUN,CE|CANINDE,glp,4,103.5,100.6,105.7,100.0,106.0
2023-03,MUN,CE|CAUCAIA,glp,15,110.0,100.0,115.0,95.99,120.0
2023-03,MUN,CE|CRATEUS,glp,7,110.0,105.8,120.0,104.0,120.0
2023-03,MUN,CE|CRATO,glp,9,110.0,108.998,111.6,108.99,112.0
2023-03,MUN,CE|FORTALEZA,glp,48,110.0,100.0,120.0,94.99,123.0
2023-03,MUN,CE|ITAPIPOCA,glp,5,115.0,106.2,118.0,105.0,118.0
2023-03,MUN,CE|JUAZEIRO DO NORTE,glp,3,110.0,109.2,110.0,109.0,110.0
2023-03,MUN,CE|LIMOEIRO DO NORTE,glp,7,100.0,100.0,112.0,100.0,115.0
2023-03,MUN,CE|MARACANAU,glp,11,110.0,106.0,120.0,96.0,123.0
2023-03,MUN,CE|QUIXADA,glp,6,105.0,105.0,105.5,105.0,106.0
2023-03,MUN,CE|SOBRAL,glp,5,114.0,111.6,114.6,110.0,115.0
2023-03,MUN,DF|BRASILIA,glp,57,100.0,94.99,109.99,92.99,119.99
2023-03,MUN,ES|ARACRUZ,glp,10,105.0,102.25,120.0,100.0,120.0
2023-03,MUN,ES|CACHOEIRO DE ITAPEMIRIM,glp,11,105.0,99.99,115.0,99.99,115.0
2023-03,MUN,ES|CARIACICA,glp,10,100.0,89.94,101.0,89.9,110.0
2023-03,MUN,ES|COLATINA,glp,10,102.5,94.5,110.0,90.0,110.0
2023-03,MUN,ES|GUARAPARI,glp,10,97.495,94.99,110.0,94.99,110.0
2023-03,MUN,ES|LINHARES,glp,12,110.0,110.0,115.0,110.0,115.0
2023-03,MUN,ES|SAO MATEUS,glp,13,104.99,99.99,105.0,99.99,105.0
2023-03,MUN,ES|SERRA,glp,21,97.99,90.0,100.0,87.99,102.5
2023-03,MUN,ES|VILA VELHA,glp,19,100.0,94.99,105.5,94.99,110.0
2023-03,MUN,ES|VITORIA,glp,9,100.0,98.992,105.0,95.0,105.0
2023-03,MUN,GO|AGUAS LINDAS DE GOIAS,glp,20,101.25,89.999,105.0,89.99,120.0
2023-03,MUN,GO|ANAPOLIS,glp,19,120.0,114.6,120.0,108.0,120.0
2023-03,MUN,GO|APARECIDA DE GOIANIA,glp,22,108.75,100.2,115.0,94.99,115.0
2023-03,MUN,GO|CALDAS NOVAS,glp,5,110.0,105.0,110.0,105.0,110.0
2023-03,MUN,GO|CATALAO,glp,9,115.0,111.6,120.0,110.0,120.0
2023-03,MUN,GO|FORMOSA,glp,8,109.0,103.5,115.0,100.0,115.0
2023-03,MUN,GO|GOIANIA,glp,56,110.0,100.0,117.5,94.99,130.0
2023-03,MUN,GO|GOIATUBA,glp,6,120.0,117.5,125.0,115.0,125.0
2023-03,MUN,GO|ITUMBIARA,glp,8,115.0,107.1,117.3,105.0,118.0
2023-03,MUN,GO|JATAI,glp,6,120.0,119.995,127.5,119.99,135.0
2023-03,MUN,GO|LUZIANIA,glp,14,102.99,99.99,107.8,99.99,110.0
2023-03,MUN,GO|MINEIROS,glp,5,115.0,115.0,115.0,115.0,115.0
2023-03,MUN,GO|MORRINHOS,glp,6,112.0,107.5,117.5,105.0,120.0
2023-03,MUN,GO|PORANGATU,glp,11,118.0,115.0,125.0,112.0,130.0
2023-03,MUN,GO|RIO VERDE,glp,10,125.0,121.25,125.5,110.0,130.0
2023-03,MUN,GO|TRINDADE,glp,27,100.0,99.996,107.0,90.0,120.0
2023-03,MUN,GO|VALPARAISO DE GOIAS,glp,11,100.0,99.99,105.0,95.0,106.99
2023-03,MUN,MA|ACAILANDIA,glp,9,105.0,99.8,111.0,99.0,115.0
2023-03,MUN,MA|BACABAL,glp,9,112.0,112.0,113.0,112.0,117.0
2023-03,MUN,MA|BALSAS,glp,4,125.0,125.0,125.0,125.0,125.0
2023-03,MUN,MA|CAXIAS,glp,4,110.0,110.0,110.0,110.0,110.0
2023-03,MUN,MA|CODO,glp,10,115.0,115.0,115.0,115.0,115.0
2023-03,MUN,MA|IMPERATRIZ,glp,16,95.0,93.995,100.0,89.99,100.0
2023-03,MUN,MA|PRESIDENTE DUTRA,glp,1,120.0,120.0,120.0,120.0,120.0
2023-03,MUN,MA|SANTA INES,glp,6,126.0,126.0,126.0,126.0,126.0
2023-03,MUN,MA|SAO JOSE DE RIBAMAR,glp,15,99.99,99.99,99.996,99.99,102.495
2023-03,MUN,MA|SAO LUIS,glp,57,99.99,99.99,105.994,90.0,115.0
2023-03,MUN,MG|ALFENAS,glp,7,100.0,95.196,114.0,87.99,120.0
2023-03,MUN,MG|ARAGUARI,glp,8,107.5,104.25,111.5,102.5,115.0
2023-03,MUN,MG|ARAXA,glp,7,100.0,96.8,112.0,92.0,130.0
2023-03,MUN,MG|BARBACENA,glp,9,105.0,96.8,110.0,96.0,110.0
2023-03,MUN,MG|BELO HORIZONTE,glp,33,105.0,99.99,124.4,94.99,149.0
2023-03,MUN,MG|BETIM,glp,18,107.0,99.393,110.0,98.0,110.0
2023-03,MUN,MG|BOM DESPACHO,glp,9,100.0,90.0,116.0,90.0,120.0
2023-03,MUN,MG|CAMPO BELO,glp,9,115.0,115.0,117.6,115.0,118.0
2023-03,MUN,MG|CARATINGA,glp,8,120.0,110.0,129.9,110.0,129.9
2023-03,MUN,MG|CONSELHEIRO LAFAIETE,glp,9,99.99,95.0,110.0,95.0,110.0
2023-03,MUN,MG|CONTAGEM,glp,25,110.0,99.99,114.0,97.99,128.0
2023-03,MUN,MG|CORONEL FABRICIANO,glp,10,120.0,114.5,125.0,110.0,125.0
2023-03,MUN,MG|CURVELO,glp,7,95.0,88.0,97.0,85.0,100.0
2023-03,MUN,MG|DIVINOPOLIS,glp,8,105.0,104.997,115.0,104.99,115.0
2023-03,MUN,MG|FORMIGA,glp,10,113.5,103.5,116.5,90.0,130.0
2023-03,MUN,MG|FRUTAL,glp,9,99.9,99.9,104.99,99.9,104.99
2023-03,MUN,MG|GOVERNADOR VALADARES,glp,14,123.5,115.0,132.45,105.0,135.0
2023-03,MUN,MG|GUAXUPE,glp,8,93.5,86.75,105.0,85.0,105.0
2023-03,MUN,MG|IPATINGA,glp,10,117.5,106.0,120.0,106.0,120.0
2023-03,MUN,MG|ITABIRA,glp,2,117.5,111.5,123.5,110.0,125.0
2023-03,MUN,MG|ITAJUBA,glp,8,100.0,100.0,110.75,100.0,112.5
2023-03,MUN,MG|ITAUNA,glp,7,110.0,101.8,116.0,97.0,125.0
2023-03,MUN,MG|ITUIUTABA,glp,8,100.0,99.4,101.5,98.0,105.0
2023-03,MUN,MG|JANAUBA,glp,5,110.0,102.0,116.0,100.0,120.0
2023-03,MUN,MG|JANUARIA,glp,8,120.0,117.1,125.1,115.0,130.0
2023-03,MUN,MG|JOAO MONLEVADE,glp,8,110.0,103.5,110.9,100.0,113.0
2023-03,MUN,MG|JOAO PINHEIRO,glp,8,124.975,124.33,127.3,123.0,128.0
2023-03,MUN,MG|JUIZ DE FORA,glp,18,94.99,89.99,100.6,87.49,108.5
2023-03,MUN,MG|LAVRAS,glp,8,105.25,99.97,111.5,99.9,115.0
2023-03,MUN,MG|MANHUACU,glp,6,110.0,102.45,110.0,100.0,110.0
2023-03,MUN,MG|MONTE CARMELO,glp,8,100.0,100.0,110.0,100.0,110.0
2023-03,MUN,MG|MONTES CLAROS,glp,32,120.0,106.191,124.5,104.0,130.0
2023-03,MUN,MG|MURIAE,glp,7,110.0,101.594,118.0,95.0,118.0
2023-03,MUN,MG|NOVA LIMA,glp,9,106.0,104.0,112.0,100.0,112.0
2023-03,MUN,MG|OLIVEIRA,glp,2,110.0,110.0,110.0,110.0,110.0
2023-03,MUN,MG|PARA DE MINAS,glp,8,115.5,102.1,124.9,100.0,124.9
2023-03,MUN,MG|PARACATU,glp,6,106.25,101.5,121.25,98.0,130.0
2023-03,MUN,MG|PASSOS,glp,9,110.0,107.6,111.0,98.0,115.0
2023-03,MUN,MG|PATOS DE MINAS,glp,12,110.0,100.0,119.5,98.0,120.0
2023-03,MUN,MG|PATROCINIO,glp,9,105.0,95.0,110.5,95.0,112.5
2023-03,MUN,MG|POCOS DE CALDAS,glp,8,113.0,112.693,115.9,112.0,118.0
2023-03,MUN,MG|POUSO ALEGRE,glp,12,115.0,91.0,115.0,89.99,115.0
2023-03,MUN,MG|SABARA,glp,9,120.0,108.0,125.0,100.0,125.0
2023-03,MUN,MG|SAO JOAO DEL REI,glp,6,100.0,95.0,110.0,90.0,115.0
2023-03,MUN,MG|SAO SEBASTIAO DO PARAISO,glp,8,91.25,88.493,96.47,85.0,99.9
2023-03,MUN,MG|SETE LAGOAS,glp,13,105.9,99.99,120.0,99.99,130.0
2023-03,MUN,MG|TEOFILO OTONI,glp,11,109.99,107.0,110.0,105.0,110.0
2023-03,MUN,MG|TIMOTEO,glp,7,115.0,111.8,120.0,110.0,120.0
2023-03,MUN,MG|TRES CORACOES,glp,8,100.0,96.397,105.0,94.99,105.0
2023-03,MUN,MG|UBERABA,glp,17,105.0,99.596,105.8,95.0,120.0
2023-03,MUN,MG|UBERLANDIA,glp,24,112.0,98.247,120.0,95.0,125.0
2023-03,MUN,MG|UNAI,glp,9,130.0,130.0,130.0,130.0,130.0
2023-03,MUN,MG|VARGINHA,glp,9,100.0,90.0,111.0,90.0,115.0
2023-03,MUN,MS|CAMPO GRANDE,glp,55,110.0,95.994,110.0,89.0,128.0
2023-03,MUN,MS|CORUMBA,glp,6,120.0,110.0,125.0,110.0,125.0
2023-03,MUN,MS|COXIM,glp,7,125.0,120.0,127.0,120.0,130.0
2023-03,MUN,MS|DOURADOS,glp,20,110.0,105.0,130.0,100.0,130.0
2023-03,MUN,MS|NOVA ANDRADINA,glp,6,112.5,105.0,116.25,105.0,117.5
2023-03,MUN,MS|TRES LAGOAS,glp,11,115.0,110.0,120.0,110.0,128.0
2023-03,MUN,MT|CACERES,glp,11,105.0,99.99,115.0,99.99,115.0
2023-03,MUN,MT|CUIABA,glp,41,120.0,114.99,135.0,104.99,140.0
2023-03,MUN,MT|NOVA OLIMPIA,glp,1,120.0,120.0,120.0,120.0,120.0
2023-03,MUN,MT|RONDONOPOLIS,glp,3,125.0,125.0,141.0,125.0,145.0
2023-03,MUN,MT|SINOP,glp,15,145.0,140.0,150.0,138.0,150.0
2023-03,MUN,MT|SORRISO,glp,2,135.0,127.0,143.0,125.0,145.0
2023-03,MUN,MT|VARZEA GRANDE,glp,25,120.0,110.0,121.2,104.99,125.0
2023-03,MUN,PA|ABAETETUBA,glp,5,102.0,102.0,107.4,102.0,109.0
2023-03,MUN,PA|ALTAMIRA,glp,5,126.0,125.4,128.0,125.0,128.0
2023-03,MUN,PA|ANANINDEUA,glp,27,102.0,97.0,117.0,96.0,125.0
2023-03,MUN,PA|BELEM,glp,41,110.0,99.99,119.0,98.99,144.0
2023-03,MUN,PA|BRAGANCA,glp,6,115.0,113.25,115.0,112.5,115.0
2023-03,MUN,PA|CAMETA,glp,6,120.0,118.5,120.0,117.0,120.0
2023-03,MUN,PA|CASTANHAL,glp,13,115.0,107.976,117.0,106.0,125.0
2023-03,MUN,PA|CONCEICAO DO ARAGUAIA,glp,5,120.0,114.0,120.0,110.0,120.0
2023-03,MUN,PA|ITAITUBA,glp,5,130.0,128.2,130.0,127.0,130.0
2023-03,MUN,PA|MARABA,glp,10,120.0,114.9,125.0,113.995,125.0
2023-03,MUN,PA|PARAUAPEBAS,glp,8,140.0,136.75,140.0,135.0,140.0
2023-03,MUN,PA|SANTAREM,glp,19,110.0,99.2,118.4,87.99,120.0
2023-03,MUN,PA|XINGUARA,glp,6,130.0,125.0,132.5,125.0,135.0
2023-03,MUN,PB|BAYEUX,glp,9,108.0,106.6,110.0,105.0,110.0
2023-03,MUN,PB|CABEDELO,glp,7,105.0,103.0,115.0,100.0,115.0
2023-03,MUN,PB|CAMPINA GRANDE,glp,17,120.0,113.0,120.0,100.0,120.0
2023-03,MUN,PB|JOAO PESSOA,glp,36,110.0,99.995,113.75,89.99,120.0
2023-03,MUN,PB|PATOS,glp,7,110.0,109.2,115.4,108.0,116.0
2023-03,MUN,PB|SOUSA,glp,5,105.0,100.0,106.8,100.0,108.0
2023-03,MUN,PE|ARARIPINA,glp,8,115.0,115.0,116.5,115.0,120.0
2023-03,MUN,PE|ARCOVERDE,glp,6,94.995,89.99,95.0,89.99,95.0
2023-03,MUN,PE|BELO JARDIM,glp,7,95.99,95.0,100.0,95.0,100.0
2023-03,MUN,PE|CABO DE SANTO AGOSTINHO,glp,10,89.995,84.999,90.5,84.99,95.0
2023-03,MUN,PE|CARUARU,glp,12,87.5,85.0,94.5,84.99,100.0
2023-03,MUN,PE|GARANHUNS,glp,8,104.995,104.99,105.0,104.99,105.0
2023-03,MUN,PE|GOIANA,glp,1,100.0,100.0,100.0,100.0,100.0
2023-03,MUN,PE|IGARASSU,glp,9,100.0,100.0,104.2,100.0,105.0
2023-03,MUN,PE|JABOATAO DOS GUARARAPES,glp,16,99.995,94.995,102.5,89.99,105.0
2023-03,MUN,PE|OLINDA,glp,14,97.5,95.0,100.0,95.0,102.5
2023-03,MUN,PE|PAULISTA,glp,10,98.5,94.999,100.0,94.99,100.0
2023-03,MUN,PE|PETROLINA,glp,11,110.0,105.0,115.0,105.0,115.0
2023-03,MUN,PE|RECIFE,glp,21,95.0,94.99,100.0,90.0,110.0
2023-03,MUN,PE|SANTA CRUZ DO CAPIBARIBE,glp,7,110.0,103.0,112.0,100.0,115.0
2023-03,MUN,PE|SERRA TALHADA,glp,5,115.0,112.0,115.0,112.0,115.0
2023-03,MUN,PE|VITORIA DE SANTO ANTAO,glp,6,91.75,89.995,94.995,89.99,95.0
2023-03,MUN,PI|PARNAIBA,glp,8,110.0,100.3,115.0,80.0,115.0
2023-03,MUN,PI|PICOS,glp,8,110.0,105.5,111.5,95.0,115.0
2023-03,MUN,PI|PIRIPIRI,glp,6,115.5,99.99,125.0,99.99,125.0
2023-03,MUN,PI|TERESINA,glp,39,110.0,105.0,120.0,99.99,120.0
2023-03,MUN,PR|APUCARANA,glp,14,100.0,99.927,110.0,99.9,110.0
2023-03,MUN,PR|ARAPONGAS,glp,13,105.0,100.98,109.98,100.0,110.0
2023-03,MUN,PR|ARAUCARIA,glp,13,102.45,95.9,105.0,94.0,105.0
2023-03,MUN,PR|CAMBE,glp,8,113.0,110.0,121.5,110.0,125.0
2023-03,MUN,PR|CAMPO LARGO,glp,12,101.175,99.9,105.0,99.9,110.0
2023-03,MUN,PR|CAMPO MOURAO,glp,8,121.5,117.1,124.3,115.0,125.0
2023-03,MUN,PR|CASCAVEL,glp,19,117.5,104.4,125.0,99.99,125.0
2023-03,MUN,PR|CASTRO,glp,10,106.0,105.0,115.09,105.0,115.9
2023-03,MUN,PR|CIANORTE,glp,8,119.0,108.5,122.97,105.0,129.9
2023-03,MUN,PR|COLOMBO,glp,20,99.0,89.9,99.991,89.9,105.0
2023-03,MUN,PR|CURITIBA,glp,57,100.0,92.0,106.34,89.9,119.99
2023-03,MUN,PR|FOZ DO IGUACU,glp,21,100.0,90.0,115.0,84.99,120.0
2023-03,MUN,PR|GUARAPUAVA,glp,13,113.5,110.0,119.6,110.0,125.0
2023-03,MUN,PR|LONDRINA,glp,22,105.0,100.0,119.5,97.5,125.0
2023-03,MUN,PR|MARINGA,glp,18,125.0,115.0,128.6,110.0,130.0
2023-03,MUN,PR|PARANAGUA,glp,7,96.5,93.8,113.8,92.0,115.0
2023-03,MUN,PR|PARANAVAI,glp,7,110.0,89.5,120.0,88.9,120.0
2023-03,MUN,PR|PATO BRANCO,glp,9,124.0,119.0,125.6,119.0,128.0
2023-03,MUN,PR|PINHAIS,glp,10,108.0,91.99,110.0,91.9,110.0
2023-03,MUN,PR|PONTA GROSSA,glp,18,105.0,99.963,112.9,91.9,115.0
2023-03,MUN,PR|QUEDAS DO IGUACU,glp,1,125.0,125.0,125.0,125.0,125.0
2023-03,MUN,PR|SANTO ANTONIO DA PLATINA,glp,7,116.98,114.6,118.8,114.0,120.0
2023-03,MUN,PR|SAO JOSE DOS PINHAIS,glp,21,95.0,94.9,104.0,90.0,107.0
2023-03,MUN,PR|TOLEDO,glp,12,109.995,104.991,120.0,94.99,125.0
2023-03,MUN,PR|UMUARAMA,glp,6,112.5,93.95,120.0,93.0,120.0
2023-03,MUN,PR|UNIAO DA VITORIA,glp,10,110.0,105.0,116.49,105.0,129.9
2023-03,MUN,RJ|ANGRA DOS REIS,glp,10,118.0,115.0,120.0,115.0,120.0
2023-03,MUN,RJ|ARARUAMA,glp,9,94.99,89.99,99.99,89.99,99.99
2023-03,MUN,RJ|BARRA DO PIRAI,glp,7,104.9,102.9,123.56,102.0,125.9
2023-03,MUN,RJ|BARRA MANSA,glp,9,99.9,99.72,102.1,99.0,104.9
2023-03,MUN,RJ|BELFORD ROXO,glp,10,91.5,81.8,95.2,80.0,97.0
2023-03,MUN,RJ|CABO FRIO,glp,9,94.99,79.99,99.99,79.99,99.99
2023-03,MUN,RJ|CAMPOS DOS GOYTACAZES,glp,9,95.0,89.972,100.0,89.9,100.0
2023-03,MUN,RJ|DUQUE DE CAXIAS,glp,20,89.99,84.84,95.09,82.99,95.99
2023-03,MUN,RJ|ITABORAI,glp,14,86.99,84.993,89.99,82.99,90.0
2023-03,MUN,RJ|ITAGUAI,glp,3,118.5,115.62,118.5,114.9,118.5
2023-03,MUN,RJ|ITAPERUNA,glp,8,97.5,90.7,103.0,90.0,110.0
2023-03,MUN,RJ|MACAE,glp,9,120.0,118.9,120.0,118.5,120.0
2023-03,MUN,RJ|MARICA,glp,10,85.995,80.0,96.0,80.0,105.0
2023-03,MUN,RJ|NILOPOLIS,glp,9,100.0,95.0,105.0,95.0,105.0
2023-03,MUN,RJ|NITEROI,glp,10,93.995,84.699,99.1,81.99,100.0
2023-03,MUN,RJ|NOVA FRIBURGO,glp,9,108.0,97.998,110.0,89.99,110.0
2023-03,MUN,RJ|NOVA IGUACU,glp,20,90.0,78.0,105.0,77.99,105.0
2023-03,MUN,RJ|PETROPOLIS,glp,6,99.995,90.5,102.45,90.0,103.0
2023-03,MUN,RJ|RESENDE,glp,7,115.0,112.994,117.0,110.0,120.0
2023-03,MUN,RJ|RIO BONITO,glp,10,82.99,79.999,89.991,79.99,90.0
2023-03,MUN,RJ|RIO DE JANEIRO,glp,41,95.0,89.99,100.0,87.0,117.0
2023-03,MUN,RJ|SANTO ANTONIO DE PADUA,glp,5,98.0,91.0,100.0,91.0,100.0
2023-03,MUN,RJ|SAO FRANCISCO DE ITABAPOANA,glp,10,102.5,97.2,105.5,90.0,110.0
2023-03,MUN,RJ|SAO GONCALO,glp,21,96.0,92.99,99.99,91.99,115.0
2023-03,MUN,RJ|SAO JOAO DE MERITI,glp,11,90.99,85.0,97.0,84.99,100.0
2023-03,MUN,RJ|SAQUAREMA,glp,4,92.495,90.0,95.694,90.0,95.995
2023-03,MUN,RJ|TERESOPOLIS,glp,6,112.45,107.0,120.4,105.0,120.9
2023-03,MUN,RJ|TRES RIOS,glp,9,94.99,92.99,99.992,84.99,100.0
2023-03,MUN,RJ|VALENCA,glp,7,90.0,88.8,99.0,87.0,105.0
2023-03,MUN,RJ|VOLTA REDONDA,glp,8,105.9,100.95,105.962,99.9,106.0
2023-03,MUN,RN|CAICO,glp,8,113.5,112.0,122.25,112.0,131.0
2023-03,MUN,RN|MOSSORO,glp,14,115.0,105.0,121.75,105.0,125.0
2023-03,MUN,RN|NATAL,glp,23,115.0,95.6,116.6,95.0,125.0
2023-03,MUN,RN|PARNAMIRIM,glp,16,113.0,102.5,115.0,99.99,135.0
2023-03,MUN,RO|ARIQUEMES,glp,8,130.0,123.5,130.0,120.0,130.0
2023-03,MUN,RO|CACOAL,glp,9,133.0,131.0,137.4,131.0,143.0
2023-03,MUN,RO|JI-PARANA,glp,11,125.0,125.0,130.0,120.0,130.0
2023-03,MUN,RO|PIMENTA BUENO,glp,6,138.0,137.0,138.0,136.0,138.0
2023-03,MUN,RO|PORTO VELHO,glp,33,117.0,106.2,125.0,98.0,135.0
2023-03,MUN,RO|VILHENA,glp,8,130.0,130.0,140.0,130.0,140.0
2023-03,MUN,RR|BOA VISTA,glp,37,130.0,120.0,135.4,119.99,140.0
2023-03,MUN,RS|ALEGRETE,glp,10,108.5,104.3,115.0,98.0,115.0
2023-03,MUN,RS|ALVORADA,glp,10,95.5,89.99,103.75,89.99,115.0
2023-03,MUN,RS|BAGE,glp,9,120.0,111.0,125.0,111.0,125.0
2023-03,MUN,RS|BENTO GONCALVES,glp,6,117.0,103.95,122.0,99.9,124.0
2023-03,MUN,RS|CACHOEIRA DO SUL,glp,8,100.0,87.7,110.0,87.0,110.0
2023-03,MUN,RS|CACHOEIRINHA,glp,8,100.0,98.7,105.0,98.0,105.0
2023-03,MUN,RS|CANOAS,glp,19,100.0,95.0,106.0,95.0,115.0
2023-03,MUN,RS|CAXIAS DO SUL,glp,26,99.9,99.9,109.95,99.0,119.9
2023-03,MUN,RS|ERECHIM,glp,10,120.0,118.9,122.3,118.0,125.0
2023-03,MUN,RS|ESTEIO,glp,9,102.0,100.0,106.4,100.0,112.0
2023-03,MUN,RS|GRAMADO,glp,9,117.0,114.4,122.0,112.0,122.0
2023-03,MUN,RS|GRAVATAI,glp,11,102.0,97.0,108.0,93.0,108.0
2023-03,MUN,RS|GUAIBA,glp,4,100.95,98.57,111.1,98.0,115.0
2023-03,MUN,RS|IJUI,glp,7,115.0,109.998,120.4,109.995,121.0
2023-03,MUN,RS|LAJEADO,glp,8,99.45,93.5,103.0,90.0,110.0
2023-03,MUN,RS|NOVO HAMBURGO,glp,14,95.0,92.0,97.1,84.0,100.0
2023-03,MUN,RS|PASSO FUNDO,glp,13,110.0,110.0,114.0,110.0,115.0
2023-03,MUN,RS|PELOTAS,glp,20,104.5,100.0,108.0,100.0,110.0
2023-03,MUN,RS|PORTO ALEGRE,glp,23,105.0,100.492,112.4,95.0,115.9
2023-03,MUN,RS|RIO GRANDE,glp,6,135.0,130.5,140.0,130.0,140.0
2023-03,MUN,RS|SANTA CRUZ DO SUL,glp,11,107.0,95.0,110.0,95.0,110.0
2023-03,MUN,RS|SANTA MARIA,glp,22,104.95,100.0,110.0,100.0,129.9
2023-03,MUN,RS|SANTA ROSA,glp,9,110.0,99.8,110.4,99.0,112.0
2023-03,MUN,RS|SANTO ANGELO,glp,6,125.0,115.0,129.5,110.0,130.0
2023-03,MUN,RS|SAO GABRIEL,glp,9,115.0,114.0,116.2,110.0,121.0
2023-03,MUN,RS|SAO LEOPOLDO,glp,9,95.0,92.9,100.998,92.5,104.99
2023-03,MUN,RS|SAPIRANGA,glp,7,108.0,98.8,108.8,97.0,110.0
2023-03,MUN,RS|SAPUCAIA DO SUL,glp,8,99.45,95.0,100.9,95.0,103.0
2023-03,MUN,RS|TORRES,glp,7,112.9,107.196,119.988,102.99,120.0
2023-03,MUN,RS|URUGUAIANA,glp,9,125.0,107.6,125.0,98.0,125.0
2023-03,MUN,RS|VIAMAO,glp,13,100.0,95.0,109.98,95.0,110.0
2023-03,MUN,SC|ARARANGUA,glp,2,111.0,110.2,111.8,110.0,112.0
2023-03,MUN,SC|BALNEARIO CAMBORIU,glp,6,135.99,129.995,138.0,129.99,138.0
2023-03,MUN,SC|BIGUACU,glp,5,128.495,128.0,129.6,128.0,130.0
2023-03,MUN,SC|BLUMENAU,glp,11,125.0,115.0,130.0,110.0,130.0
2023-03,MUN,SC|BRUSQUE,glp,6,125.0,124.0,127.95,124.0,130.0
2023-03,MUN,SC|CACADOR,glp,9,120.0,99.99,147.0,99.99,155.0
2023-03,MUN,SC|CHAPECO,glp,8,132.5,122.0,138.0,115.0,138.0
2023-03,MUN,SC|CONCORDIA,glp,7,120.0,113.788,130.8,112.0,135.0
2023-03,MUN,SC|CRICIUMA,glp,6,122.0,120.0,125.0,120.0,125.0
2023-03,MUN,SC|FLORIANOPOLIS,glp,7,125.0,118.0,126.0,115.0,127.5
2023-03,MUN,SC|ITAJAI,glp,14,125.0,115.0,135.0,110.0,135.0
2023-03,MUN,SC|JARAGUA DO SUL,glp,11,112.0,110.0,114.9,110.0,115.0
2023-03,MUN,SC|JOINVILLE,glp,12,122.0,115.5,132.2,114.0,133.0
2023-03,MUN,SC|LAGES,glp,4,120.0,115.0,128.5,115.0,130.0
2023-03,MUN,SC|LAGUNA,glp,7,115.0,114.394,120.0,113.5,120.0
2023-03,MUN,SC|PALHOCA,glp,5,123.0,120.0,128.0,120.0,130.0
2023-03,MUN,SC|SAO JOSE,glp,12,123.75,114.2,128.0,113.0,129.0
2023-03,MUN,SC|TUBARAO,glp,8,120.0,115.0,121.5,115.0,125.0
2023-03,MUN,SC|VIDEIRA,glp,9,122.0,115.918,127.0,99.99,135.0
2023-03,MUN,SC|XANXERE,glp,8,130.0,110.0,132.7,110.0,139.0
2023-03,MUN,SE|ARACAJU,glp,24,99.9,95.0,104.9,94.9,108.0
2023-03,MUN,SE|ITABAIANA,glp,6,105.0,100.998,105.0,99.995,105.0
2023-03,MUN,SE|LAGARTO,glp,3,105.0,101.0,109.0,100.0,110.0
2023-03,MUN,SE|NOSSA SENHORA DO SOCORRO,glp,8,95.5,93.497,128.0,89.99,128.0
2023-03,MUN,SP|ADAMANTINA,glp,7,98.0,92.28,114.0,90.0,120.0
2023-03,MUN,SP|AMERICANA,glp,5,113.0,109.994,114.996,109.99,115.0
2023-03,MUN,SP|AMPARO,glp,8,110.0,107.1,117.3,105.0,118.0
2023-03,MUN,SP|ARACATUBA,glp,23,89.99,89.99,109.2,85.99,115.0
2023-03,MUN,SP|ARARAQUARA,glp,17,100.0,99.99,115.0,94.99,120.0
2023-03,MUN,SP|ARARAS,glp,8,105.0,104.697,110.0,103.99,110.0
2023-03,MUN,SP|ASSIS,glp,10,99.9,99.9,120.0,99.9,120.0
2023-03,MUN,SP|ATIBAIA,glp,11,105.0,99.99,120.0,91.99,120.0
2023-03,MUN,SP|AVARE,glp,7,95.0,87.99,101.4,84.99,105.0
2023-03,MUN,SP|BARRETOS,glp,6,110.0,107.5,116.0,105.0,120.0
2023-03,MUN,SP|BARUERI,glp,13,100.0,100.0,109.99,99.99,110.0
2023-03,MUN,SP|BAURU,glp,18,100.0,94.33,105.0,89.99,110.0
2023-03,MUN,SP|BIRIGUI,glp,12,105.0,99.99,115.0,99.99,115.0
2023-03,MUN,SP|BOTUCATU,glp,11,99.99,98.95,105.0,95.0,110.0
2023-03,MUN,SP|BRAGANCA PAULISTA,glp,12,102.495,99.99,109.99,99.945,110.0
2023-03,MUN,SP|CACAPAVA,glp,8,102.495,86.99,110.0,79.99,110.0
2023-03,MUN,SP|CAMPINAS,glp,20,114.99,109.99,114.99,104.99,117.0
2023-03,MUN,SP|CARAGUATATUBA,glp,7,105.0,105.0,117.394,105.0,130.0
2023-03,MUN,SP|CARAPICUIBA,glp,15,104.99,99.99,109.194,94.99,110.0
2023-03,MUN,SP|CATANDUVA,glp,6,85.995,78.0,93.99,78.0,93.99
2023-03,MUN,SP|COSMOPOLIS,glp,8,94.99,94.393,95.743,93.0,97.5
2023-03,MUN,SP|COTIA,glp,6,114.99,107.49,133.0,104.99,137.0
2023-03,MUN,SP|CRUZEIRO,glp,9,89.99,88.19,99.0,84.99,115.0
2023-03,MUN,SP|CUBATAO,glp,9,114.99,109.52,118.0,108.0,118.0
2023-03,MUN,SP|DIADEMA,glp,11,99.99,94.99,113.995,89.99,118.0
2023-03,MUN,SP|DRACENA,glp,8,115.0,107.0,118.6,100.0,120.0
2023-03,MUN,SP|ELISIARIO,glp,1,95.0,95.0,95.0,95.0,95.0
2023-03,MUN,SP|EMBU DAS ARTES,glp,13,104.99,97.09,113.992,89.99,119.9
2023-03,MUN,SP|FRANCA,glp,19,105.0,99.936,115.0,98.0,117.5
2023-03,MUN,SP|GARCA,glp,7,100.0,97.67,105.0,95.0,105.0
2023-03,MUN,SP|GUARATINGUETA,glp,7,99.9,84.99,104.8,84.99,112.0
2023-03,MUN,SP|GUARUJA,glp,12,110.0,109.99,118.991,100.0,119.99
2023-03,MUN,SP|GUARULHOS,glp,16,94.99,88.99,99.99,87.49,99.99
2023-03,MUN,SP|HORTOLANDIA,glp,2,97.495,95.491,99.499,94.99,100.0
2023-03,MUN,SP|IBITINGA,glp,9,110.0,99.592,122.0,98.0,130.0
2023-03,MUN,SP|INDAIATUBA,glp,8,110.0,107.5,113.0,104.0,113.0
2023-03,MUN,SP|ITANHAEM,glp,10,111.0,103.599,115.0,99.99,115.0
2023-03,MUN,SP|ITAPECERICA DA SERRA,glp,9,99.99,89.59,111.8,87.99,119.0
2023-03,MUN,SP|ITAPETININGA,glp,1,114.95,114.95,114.95,114.95,114.95
2023-03,MUN,SP|ITAPIRA,glp,6,100.0,98.495,106.0,97.0,110.0
2023-03,MUN,SP|ITAPOLIS,glp,8,110.0,109.0,118.0,109.0,125.0
2023-03,MUN,SP|ITAQUAQUECETUBA,glp,15,94.99,89.99,94.99,84.99,100.0
2023-03,MUN,SP|ITATIBA,glp,9,105.0,99.99,110.0,99.99,110.0
2023-03,MUN,SP|ITU,glp,6,110.0,109.0,112.5,108.0,115.0
2023-03,MUN,SP|JABOTICABAL,glp,8,104.445,100.0,108.597,100.0,109.99
2023-03,MUN,SP|JACAREI,glp,13,104.0,95.4,114.9,92.0,120.0
2023-03,MUN,SP|JALES,glp,8,95.0,89.7,100.715,89.0,102.5
2023-03,MUN,SP|JAU,glp,9,117.0,115.8,121.0,115.0,125.0
2023-03,MUN,SP|JOSE BONIFACIO,glp,8,103.5,100.0,108.0,100.0,115.0
2023-03,MUN,SP|JUNDIAI,glp,13,108.0,99.99,118.8,95.0,120.0
2023-03,MUN,SP|LEME,glp,8,100.0,99.7,110.4,99.0,123.0
2023-03,MUN,SP|LIMEIRA,glp,11,100.0,99.99,105.0,95.0,115.0
2023-03,MUN,SP|LINS,glp,7,102.5,95.954,105.0,89.9,105.0
2023-03,MUN,SP|LORENA,glp,8,96.5,87.0,106.5,80.0,110.0
2023-03,MUN,SP|MARILIA,glp,9,116.0,116.0,116.0,116.0,116.0
2023-03,MUN,SP|MATAO,glp,10,100.0,99.99,116.5,99.99,130.0
2023-03,MUN,SP|MAUA,glp,12,111.495,79.99,115.0,79.99,115.99
2023-03,MUN,SP|MIRASSOL,glp,8,96.248,88.5,110.0,78.0,110.0
2023-03,MUN,SP|MOCOCA,glp,7,120.0,107.94,121.0,105.0,122.5
2023-03,MUN,SP|MOGI DAS CRUZES,glp,9,105.0,99.972,105.498,99.9,107.49
2023-03,MUN,SP|MOGI GUACU,glp,7,99.99,99.99,102.0,99.99,105.0
2023-03,MUN,SP|MOGI MIRIM,glp,8,101.5,95.29,103.0,88.99,103.0
2023-03,MUN,SP|OLIMPIA,glp,7,90.0,90.0,90.8,90.0,92.0
2023-03,MUN,SP|OSASCO,glp,8,103.99,89.99,106.497,89.99,109.99
2023-03,MUN,SP|OURINHOS,glp,8,106.5,99.3,110.6,97.9,112.0
2023-03,MUN,SP|PARAGUACU PAULISTA,glp,9,110.0,104.6,116.0,103.0,120.0
2023-03,MUN,SP|PAULINIA,glp,8,106.0,104.99,110.0,104.99,110.0
2023-03,MUN,SP|PINDAMONHANGABA,glp,12,104.5,96.1,114.0,89.99,115.0
2023-03,MUN,SP|PIRACICABA,glp,16,99.99,95.495,115.0,95.0,120.0
2023-03,MUN,SP|PIRASSUNUNGA,glp,7,100.0,92.9,110.0,92.9,110.0
2023-03,MUN,SP|POA,glp,9,100.0,93.99,109.99,89.99,109.99
2023-03,MUN,SP|PORTO FERREIRA,glp,8,100.0,99.693,112.27,99.0,119.9
2023-03,MUN,SP|PRAIA GRANDE,glp,14,106.99,104.297,110.95,102.99,112.0
2023-03,MUN,SP|PRESIDENTE PRUDENTE,glp,15,105.0,94.94,110.0,94.9,113.0
2023-03,MUN,SP|PRESIDENTE VENCESLAU,glp,7,108.0,102.2,115.56,98.0,123.9
2023-03,MUN,SP|RIBEIRAO PIRES,glp,7,99.99,97.996,110.0,97.99,110.0
2023-03,MUN,SP|RIBEIRAO PRETO,glp,5,110.99,109.994,120.697,109.99,124.495
2023-03,MUN,SP|RIO CLARO,glp,7,100.0,92.996,102.0,89.99,105.0
2023-03,MUN,SP|SALTO,glp,4,107.5,100.8,110.0,99.0,110.0
2023-03,MUN,SP|SANTA BARBARA D'OESTE,glp,12,105.0,100.499,110.0,99.995,110.0
2023-03,MUN,SP|SANTA CRUZ DO RIO PARDO,glp,5,115.0,110.0,116.2,110.0,117.0
2023-03,MUN,SP|SANTO ANDRE,glp,12,102.495,98.19,114.99,96.99,118.99
2023-03,MUN,SP|SANTOS,glp,19,110.0,104.99,122.598,99.99,139.9
2023-03,MUN,SP|SAO BERNARDO DO CAMPO,glp,6,102.5,98.995,117.495,98.0,119.99
2023-03,MUN,SP|SAO CAETANO DO SUL,glp,6,102.495,99.99,112.0,99.99,115.0
2023-03,MUN,SP|SAO CARLOS,glp,21,111.99,109.0,125.0,107.5,130.0
2023-03,MUN,SP|SAO JOAO DA BOA VISTA,glp,8,105.0,103.5,105.0,100.0,105.0
2023-03,MUN,SP|SAO JOSE DO RIO PRETO,glp,27,115.0,96.5,125.0,95.0,130.0
2023-03,MUN,SP|SAO JOSE DOS CAMPOS,glp,21,104.99,79.99,115.0,74.99,117.99
2023-03,MUN,SP|SAO PAULO,glp,68,109.992,99.99,120.0,89.99,128.0
2023-03,MUN,SP|SAO VICENTE,glp,15,105.0,99.9,109.96,94.0,112.0
2023-03,MUN,SP|SERTAOZINHO,glp,3,99.9,99.9,99.98,99.9,100.0
2023-03,MUN,SP|SOROCABA,glp,22,100.0,99.99,114.9,99.945,115.0
2023-03,MUN,SP|SUMARE,glp,5,99.99,94.99,116.8,94.99,120.0
2023-03,MUN,SP|SUZANO,glp,16,99.99,95.0,110.0,94.995,110.0
2023-03,MUN,SP|TABOAO DA SERRA,glp,8,102.49,94.997,108.49,94.99,111.99
2023-03,MUN,SP|TATUI,glp,8,105.0,99.99,108.0,99.99,115.0
2023-03,MUN,SP|TAUBATE,glp,12,95.0,85.0,99.999,84.99,102.0
2023-03,MUN,SP|TUPA,glp,6,102.5,100.0,115.0,100.0,120.0
2023-03,MUN,SP|UBATUBA,glp,13,105.0,90.8,115.8,84.5,120.0
2023-03,MUN,SP|VALINHOS,glp,9,98.9,94.79,100.992,93.99,105.0
2023-03,MUN,SP|VINHEDO,glp,9,99.99,94.59,110.392,92.99,112.0
2023-03,MUN,SP|VOTORANTIM,glp,8,105.0,104.346,110.0,104.0,110.0
2023-03,MUN,SP|VOTUPORANGA,glp,10,104.2,95.0,110.4,95.0,114.0
2023-03,MUN,TO|ARAGUAINA,glp,18,120.0,120.0,125.0,120.0,130.0
2023-03,MUN,TO|GURUPI,glp,12,120.0,120.0,121.8,120.0,122.5
2023-03,MUN,TO|PALMAS,glp,19,120.0,120.0,130.0,120.0,130.0
2023-03,MUN,TO|PARAISO DO TOCANTINS,glp,9,122.5,120.0,125.0,120.0,125.0
2023-03,MUN,TO|PORTO NACIONAL,glp,9,120.0,120.0,126.0,120.0,130.0
2023-03,UF,AC,glp,34,119.0,112.0,130.8,110.0,135.0
2023-03,UF,AL,glp,52,101.495,94.544,107.25,89.99,115.0
2023-03,UF,AM,glp,114,125.0,116.0,138.0,108.5,141.99
2023-03,UF,AP,glp,31,118.0,109.0,125.0,105.0,128.0
2023-03,UF,BA,glp,193,110.0,100.0,122.9,87.0,144.0
2023-03,UF,CE,glp,120,110.0,100.0,120.0,94.99,123.0
2023-03,UF,DF,glp,57,100.0,94.99,109.99,92.99,119.99
2023-03,UF,ES,glp,125,100.0,94.99,110.0,87.99,120.0
2023-03,UF,GO,glp,243,110.0,99.992,120.0,89.99,135.0
2023-03,UF,MA,glp,131,99.99,99.99,115.0,89.99,126.0
2023-03,UF,MG,glp,547,110.0,96.3,122.0,85.0,149.0
2023-03,UF,MS,glp,105,110.0,99.99,125.0,89.0,130.0
2023-03,UF,MT,glp,98,120.0,105.0,141.5,99.99,150.0
2023-03,UF,PA,glp,156,112.5,99.995,130.0,87.99,144.0
2023-03,UF,PB,glp,81,110.0,100.0,120.0,89.99,120.0
2023-03,UF,PE,glp,151,100.0,89.99,112.0,84.99,120.0
2023-03,UF,PI,glp,61,110.0,105.0,120.0,80.0,125.0
2023-03,UF,PR,glp,364,105.0,95.0,120.0,84.99,130.0
2023-03,UF,RJ,glp,320,95.0,84.99,115.0,77.99,125.9
2023-03,UF,RN,glp,61,113.5,100.0,120.0,95.0,135.0
2023-03,UF,RO,glp,75,125.0,114.4,137.2,98.0,143.0
2023-03,UF,RR,glp,37,130.0,120.0,135.4,119.99,140.0
2023-03,UF,RS,glp,340,105.0,95.0,120.0,84.0,140.0
2023-03,UF,SC,glp,157,124.0,112.0,135.0,99.99,155.0
2023-03,UF,SE,glp,41,99.9,95.0,105.95,89.99,128.0
2023-03,UF,SP,glp,1096,105.0,94.9,116.0,74.99,139.9
2023-03,UF,TO,glp,67,120.0,120.0,128.2,120.0,130.0
2023-04,BR,BR,glp,4764,108.0,94.99,125.0,74.99,155.0
2023-04,MUN,AC|RIO BRANCO,glp,34,118.0,112.0,130.8,110.0,135.0
2023-04,MUN,AL|ARAPIRACA,glp,5,100.0,100.0,101.794,100.0,102.99
2023-04,MUN,AL|DELMIRO GOUVEIA,glp,4,100.0,100.0,103.5,100.0,105.0
2023-04,MUN,AL|MACEIO,glp,34,102.5,92.0,113.5,90.0,115.0
2023-04,MUN,AL|PALMEIRA DOS INDIOS,glp,4,95.0,94.993,98.493,94.99,99.99
2023-04,MUN,AL|RIO LARGO,glp,5,107.0,104.9,107.0,103.5,107.0
2023-04,MUN,AM|ITACOATIARA,glp,8,129.5,127.097,133.7,124.99,140.0
2023-04,MUN,AM|MANACAPURU,glp,10,137.75,132.5,138.2,110.0,140.0
2023-04,MUN,AM|MANAUS,glp,93,123.5,116.0,130.0,108.5,141.99
2023-04,MUN,AM|PARINTINS,glp,7,130.0,130.0,130.0,130.0,130.0
2023-04,MUN,AM|TEFE,glp,2,145.5,145.1,145.9,145.0,146.0
2023-04,MUN,AP|MACAPA,glp,20,120.0,109.0,128.0,108.0,128.0
2023-04,MUN,AP|SANTANA,glp,7,110.0,105.0,113.2,105.0,115.0
2023-04,MUN,BA|ALAGOINHAS,glp,8,109.995,107.1,112.3,105.0,113.0
2023-04,MUN,BA|BARREIRAS,glp,7,140.0,129.0,140.0,120.0,140.0
2023-04,MUN,BA|BRUMADO,glp,6,113.5,107.5,124.0,105.0,128.0
2023-04,MUN,BA|CAMACARI,glp,9,115.0,114.998,115.6,114.99,118.0
2023-04,MUN,BA|EUNAPOLIS,glp,9,110.0,106.0,110.0,100.0,110.0
2023-04,MUN,BA|FEIRA DE SANTANA,glp,11,105.0,98.0,110.0,98.0,110.0
2023-04,MUN,BA|GUANAMBI,glp,10,110.0,110.0,110.0,110.0,110.0
2023-04,MUN,BA|ILHEUS,glp,9,127.0,119.998,140.8,119.99,144.0
2023-04,MUN,BA|IRECE,glp,2,110.0,110.0,110.0,110.0,110.0
2023-04,MUN,BA|ITABUNA,glp,10,105.0,95.0,105.5,95.0,110.0
2023-04,MUN,BA|JACOBINA,glp,6,130.0,130.0,132.0,130.0,132.0
2023-04,MUN,BA|JAGUAQUARA,glp,6,110.0,107.5,110.0,105.0,110.0
2023-04,MUN,BA|JEQUIE,glp,7,95.0,93.1,108.0,92.5,120.0
2023-04,MUN,BA|JUAZEIRO,glp,6,108.5,102.5,112.5,100.0,115.0
2023-04,MUN,BA|LAURO DE FREITAS,glp,9,112.995,103.992,115.998,100.0,119.99
2023-04,MUN,BA|PAULO AFONSO,glp,3,95.0,94.2,102.2,94.0,104.0
2023-04,MUN,BA|POCOES,glp,7,100.0,98.6,107.6,98.0,110.0
2023-04,MUN,BA|PORTO SEGURO,glp,3,105.0,105.0,113.0,105.0,115.0
2023-04,MUN,BA|SALVADOR,glp,23,111.5,100.992,120.0,95.0,125.0
2023-04,MUN,BA|SANTO ANTONIO DE JESUS,glp,6,110.0,102.5,113.0,100.0,113.0
2023-04,MUN,BA|SERRINHA,glp,7,125.0,116.0,130.0,110.0,130.0
2023-04,MUN,BA|SIMOES FILHO,glp,5,115.0,101.998,124.79,100.0,129.99
2023-04,MUN,BA|TEIXEIRA DE FREITAS,glp,11,95.0,87.0,100.0,87.0,110.0
2023-04,MUN,BA|VALENCA,glp,5,115.0,104.0,118.0,100.0,120.0
2023-04,MUN,BA|VITORIA DA CONQUISTA,glp,12,115.0,105.0,115.0,105.0,115.0
2023-04,MUN,CE|CANINDE,glp,4,103.5,100.6,105.7,100.0,106.0
2023-04,MUN,CE|CAUCAIA,glp,14,113.5,97.893,115.0,95.0,120.0
2023-04,MUN,CE|CRATEUS,glp,7,110.0,108.6,120.0,108.0,120.0
2023-04,MUN,CE|CRATO,glp,8,110.0,109.997,110.0,109.99,110.0
2023-04,MUN,CE|FORTALEZA,glp,36,110.0,100.0,117.0,95.0,123.0
2023-04,MUN,CE|ICO,glp,4,115.0,101.0,115.0,95.0,115.0
2023-04,MUN,CE|IGUATU,glp,5,110.0,109.1,112.0,108.5,112.0
2023-04,MUN,CE|ITAPIPOCA,glp,5,114.0,105.0,115.0,105.0,115.0
2023-04,MUN,CE|JUAZEIRO DO NORTE,glp,9,110.0,109.4,110.0,109.0,110.0
2023-04,MUN,CE|LIMOEIRO DO NORTE,glp,7,100.0,100.0,112.0,100.0,115.0
2023-04,MUN,CE|MARACANAU,glp,9,110.0,106.6,118.2,105.0,123.0
2023-04,MUN,CE|QUIXADA,glp,5,105.0,105.0,105.6,105.0,106.0
2023-04,MUN,CE|SOBRAL,glp,5,114.0,111.6,114.6,110.0,115.0
2023-04,MUN,DF|BRASILIA,glp,57,100.0,94.99,106.996,92.99,119.99
2023-04,MUN,ES|ARACRUZ,glp,8,107.5,101.05,120.0,100.0,120.0
2023-04,MUN,ES|CACHOEIRO DE ITAPEMIRIM,glp,12,110.25,100.291,114.8,99.495,115.0
2023-04,MUN,ES|CARIACICA,glp,10,100.0,89.981,101.0,89.9,110.0
2023-04,MUN,ES|COLATINA,glp,8,102.5,93.5,110.0,90.0,110.0
2023-04,MUN,ES|GUARAPARI,glp,10,99.99,94.99,105.5,94.99,110.0
2023-04,MUN,ES|LINHARES,glp,11,110.0,110.0,115.0,110.0,115.0
2023-04,MUN,ES|SAO MATEUS,glp,10,102.495,99.99,105.0,99.99,105.0
2023-04,MUN,ES|SERRA,glp,21,100.0,90.0,100.0,87.99,105.0
2023-04,MUN,ES|VILA VELHA,glp,18,100.0,94.99,106.5,94.99,113.0
2023-04,MUN,ES|VITORIA,glp,9,100.0,94.998,102.0,94.99,110.0
2023-04,MUN,GO|AGUAS LINDAS DE GOIAS,glp,23,95.0,94.99,105.0,89.99,115.0
2023-04,MUN,GO|ANAPOLIS,glp,18,120.0,114.4,120.0,108.0,120.0
2023-04,MUN,GO|APARECIDA DE GOIANIA,glp,22,105.0,100.2,115.0,94.99,115.0
2023-04,MUN,GO|CALDAS NOVAS,glp,3,110.0,110.0,114.0,110.0,115.0
2023-04,MUN,GO|CATALAO,glp,9,115.0,112.5,120.0,112.5,120.0
2023-04,MUN,GO|FORMOSA,glp,7,113.0,103.0,115.0,100.0,115.0
2023-04,MUN,GO|GOIANIA,glp,56,110.0,100.0,120.0,94.99,130.0
2023-04,MUN,GO|GOIATUBA,glp,6,120.0,117.5,125.0,115.0,125.0
2023-04,MUN,GO|ITUMBIARA,glp,10,115.0,107.7,118.2,105.0,120.0
2023-04,MUN,GO|JATAI,glp,4,120.0,120.0,130.5,120.0,135.0
2023-04,MUN,GO|LUZIANIA,glp,14,101.99,99.99,107.8,97.99,110.0
2023-04,MUN,GO|MINEIROS,glp,7,115.0,115.0,115.0,115.0,115.0
2023-04,MUN,GO|MORRINHOS,glp,6,112.0,109.0,117.5,108.0,120.0
2023-04,MUN,GO|PORANGATU,glp,9,115.0,115.0,119.92,115.0,120.0
2023-04,MUN,GO|RIO VERDE,glp,10,125.0,114.5,125.25,110.0,127.5
2023-04,MUN,GO|TRINDADE,glp,20,100.0,99.999,105.25,94.99,110.0
2023-04,MUN,GO|VALPARAISO DE GOIAS,glp,11,100.0,99.99,105.0,95.0,106.99
2023-04,MUN,MA|ACAILANDIA,glp,9,105.0,99.796,115.0,99.0,115.0
2023-04,MUN,MA|BACABAL,glp,9,112.0,112.0,117.0,112.0,117.0
2023-04,MUN,MA|BALSAS,glp,4,125.0,125.0,125.0,125.0,125.0
2023-04,MUN,MA|CAXIAS,glp,4,110.0,110.0,110.0,110.0,110.0
2023-04,MUN,MA|CODO,glp,8,115.0,115.0,115.0,115.0,115.0
2023-04,MUN,MA|IMPERATRIZ,glp,16,100.0,99.998,102.5,99.99,130.0
2023-04,MUN,MA|SANTA INES,glp,6,126.0,126.0,126.0,126.0,126.0
2023-04,MUN,MA|SAO JOSE DE RIBAMAR,glp,14,99.99,99.99,99.997,99.99,100.0
2023-04,MUN,MA|SAO LUIS,glp,42,99.99,99.99,100.0,90.0,115.0
2023-04,MUN,MG|ALFENAS,glp,8,102.5,96.397,116.5,87.99,120.0
2023-04,MUN,MG|ARAGUARI,glp,8,107.5,105.0,115.0,105.0,115.0
2023-04,MUN,MG|ARAXA,glp,7,105.0,99.2,127.0,98.0,130.0
2023-04,MUN,MG|BARBACENA,glp,9,105.0,99.699,110.0,98.495,110.0
2023-04,MUN,MG|BELO HORIZONTE,glp,33,112.495,99.99,125.0,94.99,149.0
2023-04,MUN,MG|BETIM,glp,18,107.0,103.493,111.5,98.0,118.0
2023-04,MUN,MG|BOM DESPACHO,glp,9,100.0,99.0,114.0,95.0,120.0
2023-04,MUN,MG|CAMPO BELO,glp,10,119.5,118.0,120.0,118.0,120.0
2023-04,MUN,MG|CARATINGA,glp,8,120.0,110.0,129.9,110.0,129.9
2023-04,MUN,MG|CONSELHEIRO LAFAIETE,glp,9,99.99,95.0,110.0,95.0,110.0
2023-04,MUN,MG|CONTAGEM,glp,24,110.0,105.297,115.0,97.99,128.0
2023-04,MUN,MG|CORONEL FABRICIANO,glp,9,117.0,114.0,121.0,110.0,125.0
2023-04,MUN,MG|CURVELO,glp,8,96.25,90.0,103.0,90.0,110.0
2023-04,MUN,MG|DIVINOPOLIS,glp,5,110.0,106.994,113.0,104.99,115.0
2023-04,MUN,MG|FORMIGA,glp,9,112.0,102.0,118.0,90.0,130.0
2023-04,MUN,MG|FRUTAL,glp,9,99.9,99.9,99.99,99.9,99.99
2023-04,MUN,MG|GOVERNADOR VALADARES,glp,14,123.75,116.2,131.05,105.0,135.0
2023-04,MUN,MG|GUAXUPE,glp,8,95.0,88.9,105.0,88.9,105.0
2023-04,MUN,MG|IPATINGA,glp,8,118.0,110.0,120.6,110.0,122.0
2023-04,MUN,MG|ITABIRA,glp,2,117.5,115.5,119.5,115.0,120.0
2023-04,MUN,MG|ITAJUBA,glp,6,102.5,100.0,120.0,100.0,125.0
2023-04,MUN,MG|ITAUNA,glp,7,110.0,103.0,119.0,100.0,125.0
2023-04,MUN,MG|ITUIUTABA,glp,4,101.5,100.0,107.9,100.0,110.0
2023-04,MUN,MG|JANUARIA,glp,8,120.0,115.697,125.1,115.0,130.0
2023-04,MUN,MG|JOAO MONLEVADE,glp,9,110.0,105.0,115.0,105.0,115.0
2023-04,MUN,MG|JOAO PINHEIRO,glp,9,125.0,124.52,128.4,123.0,130.0
2023-04,MUN,MG|JUIZ DE FORA,glp,18,93.74,89.99,100.6,89.99,106.0
2023-04,MUN,MG|LAVRAS,glp,8,106.5,100.0,111.5,100.0,115.0
2023-04,MUN,MG|MANHUACU,glp,6,110.0,102.45,110.5,100.0,111.0
2023-04,MUN,MG|MONTE CARMELO,glp,8,105.0,100.0,110.0,100.0,110.0
2023-04,MUN,MG|MONTES CLAROS,glp,32,120.0,109.99,125.0,109.0,130.0
2023-04,MUN,MG|MURIAE,glp,5,105.99,101.94,117.8,99.9,123.0
2023-04,MUN,MG|NOVA LIMA,glp,8,109.0,105.0,112.0,105.0,112.0
2023-04,MUN,MG|OLIVEIRA,glp,3,112.0,110.4,114.4,110.0,115.0
2023-04,MUN,MG|PARA DE MINAS,glp,8,115.5,112.15,124.93,105.5,125.0
2023-04,MUN,MG|PARACATU,glp,6,107.5,102.0,122.5,99.0,130.0
2023-04,MUN,MG|PASSOS,glp,4,110.0,106.5,113.5,105.0,115.0
2023-04,MUN,MG|PATOS DE MINAS,glp,12,110.0,100.5,115.0,98.0,120.0
2023-04,MUN,MG|PATROCINIO,glp,8,103.75,95.0,111.5,95.0,115.0
2023-04,MUN,MG|POCOS DE CALDAS,glp,8,117.0,113.0,118.0,113.0,118.0
2023-04,MUN,MG|POUSO ALEGRE,glp,13,105.0,90.0,115.0,89.99,115.0
2023-04,MUN,MG|SABARA,glp,8,120.0,107.0,128.6,100.0,130.0
2023-04,MUN,MG|SAO JOAO DEL REI,glp,6,105.0,95.0,111.5,90.0,115.0
2023-04,MUN,MG|SAO SEBASTIAO DO PARAISO,glp,8,90.0,89.99,96.47,89.99,99.9
2023-04,MUN,MG|SETE LAGOAS,glp,13,107.0,99.992,121.2,99.99,125.0
2023-04,MUN,MG|TEOFILO OTONI,glp,11,113.5,107.0,115.0,105.0,115.0
2023-04,MUN,MG|TIMOTEO,glp,5,115.0,109.0,123.0,105.0,125.0
2023-04,MUN,MG|TRES CORACOES,glp,8,102.5,99.997,105.0,99.99,105.0
2023-04,MUN,MG|UBA,glp,3,110.0,98.0,114.0,95.0,115.0
2023-04,MUN,MG|UBERABA,glp,16,105.0,100.0,120.0,98.99,120.0
2023-04,MUN,MG|UBERLANDIA,glp,23,112.5,104.992,120.0,100.0,125.0
2023-04,MUN,MG|UNAI,glp,9,130.0,130.0,130.0,130.0,130.0
2023-04,MUN,MG|VARGINHA,glp,9,100.0,90.0,111.0,90.0,115.0
2023-04,MUN,MG|VICOSA,glp,6,116.0,110.0,122.5,110.0,128.0
2023-04,MUN,MS|CAMPO GRANDE,glp,29,110.0,95.0,111.0,93.0,128.0
2023-04,MUN,MS|CORUMBA,glp,7,120.0,110.0,130.0,110.0,130.0
2023-04,MUN,MS|COXIM,glp,7,125.0,120.0,127.0,120.0,130.0
2023-04,MUN,MS|DOURADOS,glp,22,112.5,104.91,130.0,102.99,130.0
2023-04,MUN,MS|NOVA ANDRADINA,glp,6,110.0,102.5,115.0,100.0,120.0
2023-04,MUN,MS|PONTA PORA,glp,8,110.0,110.0,115.0,110.0,115.0
2023-04,MUN,MS|TRES LAGOAS,glp,11,115.0,110.0,120.0,110.0,128.5
2023-04,MUN,MT|ALTA FLORESTA,glp,9,145.0,139.0,150.0,135.0,150.0
2023-04,MUN,MT|CACERES,glp,12,99.99,99.99,115.0,99.99,115.0
2023-04,MUN,MT|CUIABA,glp,41,120.0,114.99,135.0,104.99,140.0
2023-04,MUN,MT|RONDONOPOLIS,glp,10,125.0,119.5,130.0,115.0,130.0
2023-04,MUN,MT|SINOP,glp,16,143.75,140.0,150.0,138.0,150.0
2023-04,MUN,MT|SORRISO,glp,1,145.0,145.0,145.0,145.0,145.0
2023-04,MUN,MT|VARZEA GRANDE,glp,25,120.0,110.0,121.2,104.99,125.0
2023-04,MUN,PA|ABAETETUBA,glp,6,103.5,102.0,107.0,102.0,109.0
2023-04,MUN,PA|ALTAMIRA,glp,6,127.0,125.0,128.0,125.0,128.0
2023-04,MUN,PA|ANANINDEUA,glp,22,102.0,99.0,115.0,98.0,125.0
2023-04,MUN,PA|BELEM,glp,40,110.0,99.999,118.1,98.99,130.0
2023-04,MUN,PA|BRAGANCA,glp,5,115.0,114.4,115.0,114.0,115.0
2023-04,MUN,PA|CAMETA,glp,6,120.0,118.5,120.0,117.0,120.0
2023-04,MUN,PA|CASTANHAL,glp,11,115.0,109.0,120.0,107.0,125.0
2023-04,MUN,PA|CONCEICAO DO ARAGUAIA,glp,5,120.0,114.0,120.0,110.0,120.0
2023-04,MUN,PA|ITAITUBA,glp,3,130.0,126.0,130.0,125.0,130.0
2023-04,MUN,PA|MARABA,glp,8,120.0,112.897,125.0,107.99,125.0
2023-04,MUN,PA|PARAGOMINAS,glp,7,135.0,108.0,140.0,105.0,140.0
2023-04,MUN,PA|PARAUAPEBAS,glp,8,140.0,139.997,140.0,139.99,140.0
2023-04,MUN,PA|SANTAREM,glp,20,109.5,99.8,118.2,89.99,120.0
2023-04,MUN,PA|XINGUARA,glp,5,130.0,125.0,130.0,125.0,130.0
2023-04,MUN,PB|BAYEUX,glp,9,110.0,103.0,110.0,95.0,110.0
2023-04,MUN,PB|CABEDELO,glp,7,105.0,103.0,111.994,100.0,115.0
2023-04,MUN,PB|CAMPINA GRANDE,glp,17,120.0,113.0,120.0,100.0,120.0
2023-04,MUN,PB|JOAO PESSOA,glp,36,110.0,99.995,115.0,89.99,120.0
2023-04,MUN,PB|PATOS,glp,7,110.0,109.2,115.4,108.0,116.0
2023-04,MUN,PB|SOUSA,glp,6,102.5,100.0,108.5,100.0,110.0
2023-04,MUN,PE|ARARIPINA,glp,8,115.0,115.0,116.5,115.0,120.0
2023-04,MUN,PE|ARCOVERDE,glp,5,90.0,89.99,94.996,89.99,95.0
2023-04,MUN,PE|BELO JARDIM,glp,8,96.995,95.0,100.0,95.0,100.0
2023-04,MUN,PE|CABO DE SANTO AGOSTINHO,glp,10,90.0,84.999,90.5,84.99,95.0
2023-04,MUN,PE|CARUARU,glp,14,85.0,85.0,91.75,84.99,100.0
2023-04,MUN,PE|GARANHUNS,glp,9,104.99,104.99,105.0,104.99,105.0
2023-04,MUN,PE|GOIANA,glp,1,100.0,100.0,100.0,100.0,100.0
2023-04,MUN,PE|IGARASSU,glp,9,103.0,99.0,105.5,95.0,107.5
2023-04,MUN,PE|JABOATAO DOS GUARARAPES,glp,13,100.0,94.992,104.0,89.99,119.0
2023-04,MUN,PE|LAJEDO,glp,4,92.5,90.0,95.0,90.0,95.0
2023-04,MUN,PE|OLINDA,glp,11,95.0,90.0,110.0,89.99,115.0
2023-04,MUN,PE|PAULISTA,glp,11,97.5,94.99,100.0,89.99,100.0
2023-04,MUN,PE|PETROLINA,glp,10,110.0,104.5,115.0,100.0,115.0
2023-04,MUN,PE|RECIFE,glp,20,95.0,94.99,100.0,90.0,110.0
2023-04,MUN,PE|SALGUEIRO,glp,4,85.0,85.0,99.0,85.0,105.0
2023-04,MUN,PE|SANTA CRUZ DO CAPIBARIBE,glp,6,110.0,105.0,112.5,100.0,115.0
2023-04,MUN,PE|SERRA TALHADA,glp,5,115.0,112.0,115.6,112.0,116.0
2023-04,MUN,PE|VITORIA DE SANTO ANTAO,glp,6,92.995,87.495,95.0,85.0,95.0
2023-04,MUN,PI|PARNAIBA,glp,8,110.0,101.0,115.0,80.0,115.0
2023-04,MUN,PI|PICOS,glp,8,106.25,102.0,111.5,95.0,115.0
2023-04,MUN,PI|PIRIPIRI,glp,6,120.5,106.245,125.0,99.99,125.0
2023-04,MUN,PI|TERESINA,glp,38,110.0,103.497,119.993,99.99,120.0
2023-04,MUN,PR|APUCARANA,glp,14,100.0,99.9,103.5,99.9,110.0
2023-04,MUN,PR|ARAPONGAS,glp,13,105.0,104.9,110.0,100.0,110.0
2023-04,MUN,PR|ARAUCARIA,glp,13,102.45,99.9,105.0,94.9,105.0
2023-04,MUN,PR|CAMBE,glp,8,111.5,108.5,121.5,105.0,125.0
2023-04,MUN,PR|CAMPO LARGO,glp,12,99.9,99.9,105.0,99.9,110.0
2023-04,MUN,PR|CAMPO MOURAO,glp,8,121.5,118.43,123.6,115.0,125.0
2023-04,MUN,PR|CASCAVEL,glp,18,115.0,103.5,125.0,99.99,125.0
2023-04,MUN,PR|CASTRO,glp,8,106.75,105.0,115.27,105.0,115.9
2023-04,MUN,PR|CIANORTE,glp,8,119.0,108.5,122.97,105.0,129.9
2023-04,MUN,PR|COLOMBO,glp,20,99.0,89.9,99.99,89.9,105.0
2023-04,MUN,PR|CORNELIO PROCOPIO,glp,4,120.0,116.5,123.5,115.0,125.0
2023-04,MUN,PR|CURITIBA,glp,54,100.0,92.27,106.67,88.9,119.99
2023-04,MUN,PR|FOZ DO IGUACU,glp,19,100.0,90.999,110.5,84.99,115.0
2023-04,MUN,PR|FRANCISCO BELTRAO,glp,8,119.5,113.463,126.5,109.9,130.0
2023-04,MUN,PR|GUARAPUAVA,glp,13,115.0,112.0,119.6,110.0,125.0
2023-04,MUN,PR|LONDRINA,glp,23,105.0,100.0,124.0,97.5,125.0
2023-04,MUN,PR|MARECHAL CANDIDO RONDON,glp,3,94.99,90.998,106.998,90.0,110.0
2023-04,MUN,PR|MARINGA,glp,17,125.0,115.0,126.2,110.0,130.0
2023-04,MUN,PR|PARANAGUA,glp,7,95.0,93.8,115.0,92.0,115.0
2023-04,MUN,PR|PARANAVAI,glp,7,89.99,87.7,120.0,84.4,120.0
2023-04,MUN,PR|PATO BRANCO,glp,8,124.25,119.0,125.9,119.0,128.0
2023-04,MUN,PR|PINHAIS,glp,9,102.0,91.52,110.0,90.0,110.0
2023-04,MUN,PR|PONTA GROSSA,glp,19,105.0,99.52,112.6,89.9,115.0
2023-04,MUN,PR|QUEDAS DO IGUACU,glp,1,120.0,120.0,120.0,120.0,120.0
2023-04,MUN,PR|SANTO ANTONIO DA PLATINA,glp,8,116.99,114.7,119.3,114.0,120.0
2023-04,MUN,PR|SAO JOSE DOS PINHAIS,glp,17,95.0,93.7,100.4,90.0,107.0
2023-04,MUN,PR|TOLEDO,glp,12,109.995,104.991,120.0,99.99,120.0
2023-04,MUN,PR|UMUARAMA,glp,6,104.995,93.95,120.0,93.0,120.0
2023-04,MUN,PR|UNIAO DA VITORIA,glp,9,110.0,105.0,121.98,105.0,129.9
2023-04,MUN,RJ|ANGRA DOS REIS,glp,10,118.0,117.7,120.0,115.0,120.0
2023-04,MUN,RJ|ARARUAMA,glp,8,89.995,79.99,96.497,79.99,99.99
2023-04,MUN,RJ|BARRA DO PIRAI,glp,6,109.9,102.225,123.95,100.95,125.9
2023-04,MUN,RJ|BARRA MANSA,glp,9,99.9,99.72,100.992,99.0,105.0
2023-04,MUN,RJ|BELFORD ROXO,glp,10,91.5,81.8,95.2,80.0,97.0
2023-04,MUN,RJ|CABO FRIO,glp,8,90.495,81.39,99.99,79.99,99.99
2023-04,MUN,RJ|CAMPOS DOS GOYTACAZES,glp,10,95.0,89.891,100.0,89.0,100.0
2023-04,MUN,RJ|DUQUE DE CAXIAS,glp,20,89.99,84.799,95.99,80.99,95.99
2023-04,MUN,RJ|ITABORAI,glp,13,85.0,84.99,86.99,82.99,87.0
2023-04,MUN,RJ|ITAGUAI,glp,4,118.5,115.98,118.5,114.9,118.5
2023-04,MUN,RJ|ITAPERUNA,glp,10,94.995,89.9,100.5,89.0,105.0
2023-04,MUN,RJ|MACAE,glp,9,120.0,119.8,121.6,119.0,128.0
2023-04,MUN,RJ|MARICA,glp,10,85.995,80.0,96.0,80.0,105.0
2023-04,MUN,RJ|NILOPOLIS,glp,8,100.0,98.493,105.0,95.0,105.0
2023-04,MUN,RJ|NITEROI,glp,9,92.99,81.592,99.2,80.0,100.0
2023-04,MUN,RJ|NOVA FRIBURGO,glp,10,90.0,84.999,95.3,84.99,98.0
2023-04,MUN,RJ|NOVA IGUACU,glp,19,94.99,78.0,105.0,77.99,105.0
2023-04,MUN,RJ|PETROPOLIS,glp,6,99.995,90.5,102.45,90.0,103.0
2023-04,MUN,RJ|RESENDE,glp,7,115.0,109.0,118.5,100.0,120.0
2023-04,MUN,RJ|RIO BONITO,glp,8,82.99,79.997,89.993,79.99,90.0
2023-04,MUN,RJ|RIO DE JANEIRO,glp,42,95.0,89.99,100.0,87.0,114.0
2023-04,MUN,RJ|SANTO ANTONIO DE PADUA,glp,4,94.5,91.0,106.4,91.0,110.0
2023-04,MUN,RJ|SAO FRANCISCO DE ITABAPOANA,glp,9,100.0,94.0,110.0,90.0,110.0
2023-04,MUN,RJ|SAO GONCALO,glp,20,95.995,92.988,99.991,92.0,115.0
2023-04,MUN,RJ|SAO JOAO DE MERITI,glp,11,91.0,85.0,97.4,84.99,100.0
2023-04,MUN,RJ|SAQUAREMA,glp,4,92.495,90.0,95.697,90.0,96.0
2023-04,MUN,RJ|TERESOPOLIS,glp,7,110.0,104.58,120.3,103.95,120.9
2023-04,MUN,RJ|TRES RIOS,glp,8,94.99,91.99,97.89,84.99,99.99
2023-04,MUN,RJ|VALENCA,glp,6,90.0,89.0,100.0,88.0,105.0
2023-04,MUN,RJ|VOLTA REDONDA,glp,8,105.9,102.0,106.585,99.9,107.95
2023-04,MUN,RN|CAICO,glp,6,120.0,116.0,120.0,112.0,120.0
2023-04,MUN,RN|MOSSORO,glp,9,110.0,105.0,121.0,105.0,125.0
2023-04,MUN,RN|NATAL,glp,24,113.75,100.0,119.1,95.0,125.0
2023-04,MUN,RN|PARNAMIRIM,glp,16,113.5,100.0,115.0,99.99,135.0
2023-04,MUN,RO|ARIQUEMES,glp,7,130.0,123.0,130.0,120.0,130.0
2023-04,MUN,RO|CACOAL,glp,7,133.0,131.0,138.8,131.0,143.0
2023-04,MUN,RO|JI-PARANA,glp,11,125.0,125.0,130.0,120.0,130.0
2023-04,MUN,RO|PIMENTA BUENO,glp,6,138.0,138.0,139.0,138.0,140.0
2023-04,MUN,RO|PORTO VELHO,glp,33,117.0,106.2,123.0,98.0,135.0
2023-04,MUN,RO|VILHENA,glp,8,130.0,130.0,140.0,130.0,140.0
2023-04,MUN,RR|BOA VISTA,glp,33,130.0,120.0,137.6,119.99,140.0
2023-04,MUN,RS|ALEGRETE,glp,9,109.0,103.8,112.6,99.0,115.0
2023-04,MUN,RS|ALVORADA,glp,10,95.5,94.99,115.0,94.99,115.0
2023-04,MUN,RS|BAGE,glp,9,120.0,111.0,125.0,111.0,125.0
2023-04,MUN,RS|BENTO GONCALVES,glp,6,117.0,103.95,123.0,99.9,124.0
2023-04,MUN,RS|CACHOEIRA DO SUL,glp,10,102.5,87.9,110.2,87.0,112.0
2023-04,MUN,RS|CACHOEIRINHA,glp,8,100.0,98.0,105.0,98.0,105.0
2023-04,MUN,RS|CANOAS,glp,18,101.5,98.0,107.9,97.0,115.0
2023-04,MUN,RS|CAXIAS DO SUL,glp,24,99.945,99.9,119.84,90.7,119.9
2023-04,MUN,RS|CRUZ ALTA,glp,7,88.9,87.6,91.998,87.0,94.995
2023-04,MUN,RS|ERECHIM,glp,10,122.5,119.8,125.3,118.0,128.0
2023-04,MUN,RS|ESTEIO,glp,8,102.5,100.0,108.0,100.0,115.0
2023-04,MUN,RS|GRAMADO,glp,9,115.0,114.4,122.0,112.0,122.0
2023-04,MUN,RS|GRAVATAI,glp,11,103.0,97.0,108.0,96.0,108.0
2023-04,MUN,RS|GUAIBA,glp,1,98.0,98.0,98.0,98.0,98.0
2023-04,MUN,RS|IJUI,glp,7,115.0,110.0,120.4,110.0,121.0
2023-04,MUN,RS|LAJEADO,glp,8,99.9,95.0,105.1,95.0,110.0
2023-04,MUN,RS|NOVO HAMBURGO,glp,13,96.0,94.0,99.6,84.0,100.0
2023-04,MUN,RS|PASSO FUNDO,glp,12,112.25,110.0,115.0,110.0,118.0
2023-04,MUN,RS|PELOTAS,glp,19,104.5,102.0,108.0,101.5,110.0
2023-04,MUN,RS|PORTO ALEGRE,glp,21,108.0,103.0,115.0,100.0,116.0
2023-04,MUN,RS|RIO GRANDE,glp,4,136.0,131.8,136.0,130.0,136.0
2023-04,MUN,RS|SANTA CRUZ DO SUL,glp,12,96.25,95.0,106.8,92.0,107.0
2023-04,MUN,RS|SANTA MARIA,glp,20,105.0,101.5,119.9,100.0,129.9
2023-04,MUN,RS|SANTA ROSA,glp,5,110.0,108.8,110.0,108.0,110.0
2023-04,MUN,RS|SANTANA DO LIVRAMENTO,glp,9,108.5,98.5,118.4,98.5,120.0
2023-04,MUN,RS|SANTO ANGELO,glp,5,125.0,114.0,129.6,110.0,130.0
2023-04,MUN,RS|SAO GABRIEL,glp,4,115.0,111.5,115.0,110.0,115.0
2023-04,MUN,RS|SAO LEOPOLDO,glp,8,100.0,98.43,101.497,95.0,104.99
2023-04,MUN,RS|SAPIRANGA,glp,8,106.5,102.0,108.6,95.0,110.0
2023-04,MUN,RS|SAPUCAIA DO SUL,glp,8,99.45,97.1,102.6,95.0,104.0
2023-04,MUN,RS|TORRES,glp,7,113.0,110.936,118.492,107.99,119.98
2023-04,MUN,RS|URUGUAIANA,glp,9,122.5,109.0,125.0,105.0,125.0
2023-04,MUN,RS|VACARIA,glp,7,113.0,109.2,115.0,108.0,115.0
2023-04,MUN,RS|VIAMAO,glp,11,100.0,98.0,109.9,95.0,110.0
2023-04,MUN,SC|ARARANGUA,glp,1,112.0,112.0,112.0,112.0,112.0
2023-04,MUN,SC|BALNEARIO CAMBORIU,glp,5,129.99,129.99,134.8,129.99,138.0
2023-04,MUN,SC|BIGUACU,glp,6,128.0,125.25,129.748,122.5,130.0
2023-04,MUN,SC|BLUMENAU,glp,11,125.0,115.0,130.0,110.0,132.0
2023-04,MUN,SC|BRUSQUE,glp,7,125.0,124.0,130.0,124.0,130.0
2023-04,MUN,SC|CACADOR,glp,8,125.0,99.99,148.0,99.99,155.0
2023-04,MUN,SC|CHAPECO,glp,8,132.5,120.5,138.0,110.0,138.0
2023-04,MUN,SC|CONCORDIA,glp,11,114.94,110.0,128.0,110.0,135.0
2023-04,MUN,SC|CRICIUMA,glp,6,122.0,120.0,125.0,120.0,125.0
2023-04,MUN,SC|FLORIANOPOLIS,glp,7,125.0,118.8,127.0,117.0,130.0
2023-04,MUN,SC|ITAJAI,glp,11,120.0,115.0,135.0,110.0,135.0
2023-04,MUN,SC|JARAGUA DO SUL,glp,11,112.0,110.0,114.9,110.0,115.0
2023-04,MUN,SC|JOINVILLE,glp,10,120.0,115.0,125.8,115.0,133.0
2023-04,MUN,SC|LAGES,glp,4,120.0,115.0,128.5,115.0,130.0
2023-04,MUN,SC|LAGUNA,glp,7,115.0,112.3,117.0,112.0,120.0
2023-04,MUN,SC|PALHOCA,glp,6,124.0,120.0,132.498,120.0,134.995
2023-04,MUN,SC|SAO JOSE,glp,12,126.0,113.746,128.0,113.0,129.0
2023-04,MUN,SC|TUBARAO,glp,8,120.0,115.0,121.5,115.0,125.0
2023-04,MUN,SC|VIDEIRA,glp,9,120.0,115.998,127.0,99.99,135.0
2023-04,MUN,SC|XANXERE,glp,5,130.0,118.0,135.4,110.0,139.0
2023-04,MUN,SE|ARACAJU,glp,24,99.9,94.93,104.9,90.0,110.0
2023-04,MUN,SE|ITABAIANA,glp,7,105.0,99.996,105.0,99.99,105.0
2023-04,MUN,SE|LAGARTO,glp,2,105.0,101.0,109.0,100.0,110.0
2023-04,MUN,SE|NOSSA SENHORA DO SOCORRO,glp,11,99.9,95.0,128.0,89.99,128.0
2023-04,MUN,SP|ADAMANTINA,glp,8,98.95,92.66,116.5,90.0,120.0
2023-04,MUN,SP|AMERICANA,glp,5,110.0,99.994,114.194,99.99,114.99
2023-04,MUN,SP|AMPARO,glp,6,109.0,106.5,117.5,105.0,118.0
2023-04,MUN,SP|ARACATUBA,glp,21,89.99,89.99,99.0,85.99,115.0
2023-04,MUN,SP|ARARAQUARA,glp,18,100.0,99.99,115.0,94.99,120.0
2023-04,MUN,SP|ARARAS,glp,8,105.0,104.697,110.0,103.99,110.0
2023-04,MUN,SP|ASSIS,glp,3,99.9,99.9,115.98,99.9,120.0
2023-04,MUN,SP|ATIBAIA,glp,13,100.0,99.992,119.4,91.99,120.0
2023-04,MUN,SP|AVARE,glp,7,90.0,87.99,99.0,84.99,99.0
2023-04,MUN,SP|BARRETOS,glp,7,110.0,108.0,112.8,105.0,114.0
2023-04,MUN,SP|BARUERI,glp,12,100.0,100.0,109.99,99.99,110.0
2023-04,MUN,SP|BAURU,glp,13,98.0,89.992,105.0,89.99,110.0
2023-04,MUN,SP|BEBEDOURO,glp,11,115.0,109.99,120.0,105.0,120.0
2023-04,MUN,SP|BIRIGUI,glp,12,110.0,99.991,110.0,99.99,112.5
2023-04,MUN,SP|BOTUCATU,glp,11,99.99,98.95,105.0,95.0,110.0
2023-04,MUN,SP|BRAGANCA PAULISTA,glp,12,102.495,99.99,109.99,99.9,110.0
2023-04,MUN,SP|CACAPAVA,glp,8,102.495,85.24,110.0,79.99,110.0
2023-04,MUN,SP|CAMPINAS,glp,20,99.99,99.99,114.99,99.99,114.99
2023-04,MUN,SP|CARAGUATATUBA,glp,7,105.0,105.0,117.394,105.0,130.0
2023-04,MUN,SP|CARAPICUIBA,glp,15,100.0,99.99,108.0,94.99,110.0
2023-04,MUN,SP|CATANDUVA,glp,2,85.995,79.599,92.391,78.0,93.99
2023-04,MUN,SP|COSMOPOLIS,glp,8,94.99,94.393,95.743,93.0,97.5
2023-04,MUN,SP|COTIA,glp,4,109.99,102.99,116.99,99.99,119.99
2023-04,MUN,SP|CRUZEIRO,glp,9,89.99,88.19,97.0,84.99,105.0
2023-04,MUN,SP|CUBATAO,glp,7,114.99,109.14,115.8,108.0,117.0
2023-04,MUN,SP|DIADEMA,glp,11,109.99,94.99,112.0,89.99,118.0
2023-04,MUN,SP|DRACENA,glp,5,115.0,104.0,119.2,100.0,120.0
2023-04,MUN,SP|ELISIARIO,glp,1,95.0,95.0,95.0,95.0,95.0
2023-04,MUN,SP|EMBU DAS ARTES,glp,12,102.495,94.99,109.999,89.99,114.99
2023-04,MUN,SP|FRANCA,glp,20,107.495,99.9,115.0,98.0,117.495
2023-04,MUN,SP|GARCA,glp,8,102.5,98.43,110.0,95.0,110.0
2023-04,MUN,SP|GUARATINGUETA,glp,7,99.9,84.99,104.8,84.99,112.0
2023-04,MUN,SP|GUARUJA,glp,10,110.0,99.499,119.99,94.99,119.99
2023-04,MUN,SP|GUARULHOS,glp,16,94.99,89.995,99.99,87.99,99.99
2023-04,MUN,SP|HORTOLANDIA,glp,2,97.495,95.491,99.499,94.99,100.0
2023-04,MUN,SP|IBITINGA,glp,8,108.75,99.393,111.5,98.0,115.0
2023-04,MUN,SP|INDAIATUBA,glp,8,110.0,107.5,113.0,104.0,113.0
2023-04,MUN,SP|ITANHAEM,glp,10,111.0,104.499,115.0,99.99,115.0
2023-04,MUN,SP|ITAPECERICA DA SERRA,glp,8,99.99,88.49,106.5,84.99,110.0
2023-04,MUN,SP|ITAPETININGA,glp,1,114.95,114.95,114.95,114.95,114.95
2023-04,MUN,SP|ITAPIRA,glp,7,100.0,98.794,107.0,97.0,110.0
2023-04,MUN,SP|ITAPOLIS,glp,9,110.0,109.0,117.0,109.0,125.0
2023-04,MUN,SP|ITAQUAQUECETUBA,glp,15,94.495,89.99,94.99,84.99,100.0
2023-04,MUN,SP|ITATIBA,glp,9,106.0,99.99,110.5,99.99,112.5
2023-04,MUN,SP|ITU,glp,6,110.0,109.0,112.5,108.0,115.0
2023-04,MUN,SP|JABOTICABAL,glp,7,104.9,100.0,108.8,100.0,110.0
2023-04,MUN,SP|JACAREI,glp,13,104.0,95.4,114.9,92.0,120.0
2023-04,MUN,SP|JALES,glp,7,95.0,89.0,99.97,87.5,100.0
2023-04,MUN,SP|JAU,glp,9,117.0,115.8,121.0,115.0,125.0
2023-04,MUN,SP|JOSE BONIFACIO,glp,8,101.5,98.5,105.0,95.0,105.0
2023-04,MUN,SP|JUNDIAI,glp,13,108.0,99.99,118.8,95.0,120.0
2023-04,MUN,SP|LEME,glp,9,100.0,99.8,108.6,99.0,123.0
2023-04,MUN,SP|LIMEIRA,glp,7,100.0,94.996,109.0,94.99,115.0
2023-04,MUN,SP|LINS,glp,7,105.0,95.954,107.0,89.9,110.0
2023-04,MUN,SP|LORENA,glp,8,96.5,79.097,106.5,76.99,110.0
2023-04,MUN,SP|MARILIA,glp,2,113.0,110.6,115.4,110.0,116.0
2023-04,MUN,SP|MATAO,glp,10,100.0,99.99,109.75,99.99,130.0
2023-04,MUN,SP|MAUA,glp,12,113.49,79.99,115.0,79.99,115.0
2023-04,MUN,SP|MIRASSOL,glp,8,102.5,91.8,110.0,89.0,110.0
2023-04,MUN,SP|MOCOCA,glp,7,120.0,107.967,120.0,105.0,120.0
2023-04,MUN,SP|MOGI DAS CRUZES,glp,7,99.99,95.396,105.994,89.99,107.5
2023-04,MUN,SP|MOGI GUACU,glp,8,99.99,99.99,101.5,99.99,105.0
2023-04,MUN,SP|MOGI MIRIM,glp,8,100.748,96.347,103.0,88.99,103.0
2023-04,MUN,SP|MONTE ALTO,glp,2,102.5,100.5,104.5,100.0,105.0
2023-04,MUN,SP|OLIMPIA,glp,6,90.0,90.0,91.5,90.0,92.0
2023-04,MUN,SP|OSASCO,glp,8,101.495,89.99,106.49,89.99,109.99
2023-04,MUN,SP|OURINHOS,glp,8,104.0,99.3,110.0,97.9,110.0
2023-04,MUN,SP|PARAGUACU PAULISTA,glp,8,112.5,104.4,116.5,103.0,120.0
2023-04,MUN,SP|PAULINIA,glp,8,106.0,103.49,110.0,99.99,110.0
2023-04,MUN,SP|PINDAMONHANGABA,glp,10,110.0,96.299,114.1,89.99,115.0
2023-04,MUN,SP|PIRACICABA,glp,17,105.0,96.593,115.0,95.0,115.0
2023-04,MUN,SP|PIRASSUNUNGA,glp,6,102.5,92.95,110.0,92.9,110.0
2023-04,MUN,SP|POA,glp,8,100.0,93.49,106.497,89.99,109.99
2023-04,MUN,SP|PORTO FERREIRA,glp,8,100.0,99.0,112.835,99.0,119.45
2023-04,MUN,SP|PRAIA GRANDE,glp,14,107.495,104.297,111.4,102.99,112.0
2023-04,MUN,SP|PRESIDENTE PRUDENTE,glp,15,105.0,95.0,110.0,94.9,113.0
2023-04,MUN,SP|PRESIDENTE VENCESLAU,glp,8,109.0,102.9,110.0,98.0,110.0
2023-04,MUN,SP|RIBEIRAO PIRES,glp,8,99.945,97.997,106.5,97.99,110.0
2023-04,MUN,SP|RIBEIRAO PRETO,glp,11,110.99,100.0,124.99,89.0,124.99
2023-04,MUN,SP|RIO CLARO,glp,7,100.0,92.996,100.0,89.99,100.0
2023-04,MUN,SP|SALTO,glp,4,107.5,100.8,110.0,99.0,110.0
2023-04,MUN,SP|SANTA BARBARA D'OESTE,glp,10,104.99,99.994,105.0,99.99,105.0
2023-04,MUN,SP|SANTA CRUZ DO RIO PARDO,glp,5,115.0,110.0,116.2,110.0,117.0
2023-04,MUN,SP|SANTO ANDRE,glp,12,104.995,98.19,114.99,96.99,118.99
2023-04,MUN,SP|SANTOS,glp,14,110.0,104.99,124.093,102.495,139.9
2023-04,MUN,SP|SAO BERNARDO DO CAMPO,glp,6,106.25,98.995,117.495,98.0,119.99
2023-04,MUN,SP|SAO CAETANO DO SUL,glp,5,99.99,99.99,101.493,99.99,102.495
2023-04,MUN,SP|SAO CARLOS,glp,20,110.0,104.891,125.15,100.0,130.0
2023-04,MUN,SP|SAO JOAO DA BOA VISTA,glp,8,105.0,103.5,105.0,100.0,105.0
2023-04,MUN,SP|SAO JOSE DO RIO PRETO,glp,28,120.0,98.493,121.5,95.0,130.0
2023-04,MUN,SP|SAO JOSE DOS CAMPOS,glp,21,104.99,79.99,115.0,74.99,117.99
2023-04,MUN,SP|SAO PAULO,glp,68,110.0,99.99,120.0,89.99,128.0
2023-04,MUN,SP|SAO ROQUE,glp,5,100.0,94.99,105.2,94.99,106.0
2023-04,MUN,SP|SAO VICENTE,glp,16,105.995,97.445,109.95,94.0,110.0
2023-04,MUN,SP|SERTAOZINHO,glp,6,99.9,99.0,99.945,99.0,99.99
2023-04,MUN,SP|SOROCABA,glp,22,100.0,99.99,113.999,99.9,120.0
2023-04,MUN,SP|SUMARE,glp,5,99.99,96.99,116.2,94.99,119.0
2023-04,MUN,SP|SUZANO,glp,16,99.99,95.0,109.995,89.99,110.0
2023-04,MUN,SP|TABOAO DA SERRA,glp,9,99.99,94.998,107.99,94.99,111.99
2023-04,MUN,SP|TATUI,glp,8,102.5,99.99,108.0,99.99,115.0
2023-04,MUN,SP|TAUBATE,glp,12,95.0,85.199,99.999,84.99,102.0
2023-04,MUN,SP|TUPA,glp,6,102.5,100.0,115.0,100.0,120.0
2023-04,MUN,SP|UBATUBA,glp,10,102.495,93.6,115.5,89.995,120.0
2023-04,MUN,SP|VALINHOS,glp,9,98.9,94.79,100.992,93.99,105.0
2023-04,MUN,SP|VINHEDO,glp,8,102.495,95.697,110.593,94.99,112.0
2023-04,MUN,SP|VOTORANTIM,glp,8,105.0,104.693,110.0,104.0,110.0
2023-04,MUN,SP|VOTUPORANGA,glp,13,105.9,95.0,109.98,95.0,125.0
2023-04,MUN,TO|ARAGUAINA,glp,18,123.75,120.0,125.0,120.0,130.0
2023-04,MUN,TO|GURUPI,glp,12,120.0,120.0,120.0,108.99,122.0
2023-04,MUN,TO|PALMAS,glp,19,120.0,120.0,130.0,115.0,130.0
2023-04,MUN,TO|PARAISO DO TOCANTINS,glp,6,122.5,110.0,130.0,100.0,135.0
2023-04,MUN,TO|PORTO NACIONAL,glp,9,120.0,120.0,120.5,120.0,122.5
2023-04,UF,AC,glp,34,118.0,112.0,130.8,110.0,135.0
2023-04,UF,AL,glp,52,101.25,94.99,107.0,90.0,115.0
2023-04,UF,AM,glp,120,125.0,116.0,137.05,108.5,146.0
2023-04,UF,AP,glp,27,117.0,106.8,125.0,105.0,128.0
2023-04,UF,BA,glp,197,110.0,98.0,128.796,87.0,144.0
2023-04,UF,CE,glp,118,110.0,100.0,117.0,95.0,123.0
2023-04,UF,DF,glp,57,100.0,94.99,106.996,92.99,119.99
2023-04,UF,ES,glp,117,100.0,94.99,112.2,87.99,120.0
2023-04,UF,GO,glp,235,110.0,99.99,120.0,89.99,135.0
2023-04,UF,MA,glp,112,100.0,99.99,117.0,90.0,130.0
2023-04,UF,MG,glp,530,110.0,98.446,125.0,87.99,149.0
2023-04,UF,MS,glp,90,110.0,100.0,128.05,93.0,130.0
2023-04,UF,MT,glp,114,120.0,107.9,145.0,99.99,150.0
2023-04,UF,PA,glp,152,111.0,100.0,130.0,89.99,140.0
2023-04,UF,PB,glp,82,110.0,100.0,120.0,89.99,120.0
2023-04,UF,PE,glp,154,99.0,89.99,115.0,84.99,120.0
2023-04,UF,PI,glp,60,110.0,99.99,120.0,80.0,125.0
2023-04,UF,PR,glp,366,105.0,95.0,120.0,84.4,130.0
2023-04,UF,RJ,glp,313,95.0,84.99,115.0,77.99,128.0
2023-04,UF,RN,glp,55,115.0,100.0,120.0,95.0,135.0
2023-04,UF,RO,glp,72,125.0,115.0,138.0,98.0,143.0
2023-04,UF,RR,glp,33,130.0,120.0,137.6,119.99,140.0
2023-04,UF,RS,glp,337,105.0,95.6,120.0,84.0,136.0
2023-04,UF,SC,glp,153,122.5,112.0,132.8,99.99,155.0
2023-04,UF,SE,glp,44,99.995,95.0,108.696,89.99,128.0
2023-04,UF,SP,glp,1076,104.99,94.698,115.0,74.99,139.9
2023-04,UF,TO,glp,64,120.0,120.0,126.4,100.0,135.0
2023-05,BR,BR,glp,5156,109.99,95.0,125.0,74.99,155.0
2023-05,MUN,AC|RIO BRANCO,glp,34,118.0,110.0,129.4,105.0,135.0
2023-05,MUN,AL|ARAPIRACA,glp,9,100.0,96.798,100.0,85.99,100.0
2023-05,MUN,AL|DELMIRO GOUVEIA,glp,4,100.0,100.0,103.5,100.0,105.0
2023-05,MUN,AL|MACEIO,glp,34,100.0,92.297,112.0,89.99,115.0
2023-05,MUN,AL|PALMEIRA DOS INDIOS,glp,4,95.0,92.543,98.493,91.49,99.99
2023-05,MUN,AL|RIO LARGO,glp,8,99.0,95.597,107.3,89.99,108.0
2023-05,MUN,AM|ITACOATIARA,glp,9,126.0,122.8,132.8,122.0,140.0
2023-05,MUN,AM|MANACAPURU,glp,12,138.0,134.1,140.0,132.0,140.0
2023-05,MUN,AM|MANAUS,glp,86,125.0,116.495,130.0,108.5,141.99
2023-05,MUN,AM|PARINTINS,glp,9,130.0,129.5,130.0,127.5,130.0
2023-05,MUN,AM|TEFE,glp,5,146.0,145.0,147.2,145.0,148.0
2023-05,MUN,AP|MACAPA,glp,19,123.0,109.8,127.2,109.0,128.0
2023-05,MUN,AP|SANTANA,glp,9,115.0,107.0,119.6,95.0,126.0
2023-05,MUN,BA|ALAGOINHAS,glp,10,112.0,109.79,115.0,107.99,115.0
2023-05,MUN,BA|BARREIRAS,glp,9,140.0,135.0,141.0,135.0,145.0
2023-05,MUN,BA|BRUMADO,glp,6,116.0,109.5,121.5,105.0,123.0
2023-05,MUN,BA|CAMACARI,glp,12,117.25,115.1,118.0,114.99,120.0
2023-05,MUN,BA|EUNAPOLIS,glp,9,110.0,109.0,110.0,109.0,110.0
2023-05,MUN,BA|FEIRA DE SANTANA,glp,11,105.0,98.0,106.0,98.0,110.0
2023-05,MUN,BA|GUANAMBI,glp,11,110.0,110.0,110.0,110.0,110.0
2023-05,MUN,BA|ILHEUS,glp,9,127.0,119.998,143.8,119.99,147.0
2023-05,MUN,BA|IPIRA,glp,3,98.0,98.0,110.0,98.0,113.0
2023-05,MUN,BA|IRECE,glp,10,109.5,104.5,110.0,100.0,110.0
2023-05,MUN,BA|ITABUNA,glp,10,110.0,99.95,110.0,99.5,110.0
2023-05,MUN,BA|ITAMARAJU,glp,8,110.0,110.0,110.0,110.0,110.0
2023-05,MUN,BA|JACOBINA,glp,6,130.0,130.0,131.0,130.0,132.0
2023-05,MUN,BA|JAGUAQUARA,glp,5,110.0,107.0,110.0,105.0,110.0
2023-05,MUN,BA|JEQUIE,glp,7,98.99,93.2,108.0,92.0,120.0
2023-05,MUN,BA|JUAZEIRO,glp,6,109.0,106.5,114.0,105.0,115.0
2023-05,MUN,BA|LAURO DE FREITAS,glp,10,112.498,109.999,119.991,109.99,120.0
2023-05,MUN,BA|LIVRAMENTO DE NOSSA SENHORA,glp,4,105.0,105.0,108.5,105.0,110.0
2023-05,MUN,BA|PAULO AFONSO,glp,3,100.0,96.0,107.2,95.0,109.0
2023-05,MUN,BA|POCOES,glp,7,100.0,99.2,111.2,98.0,113.0
2023-05,MUN,BA|PORTO SEGURO,glp,5,108.0,105.0,116.0,105.0,120.0
2023-05,MUN,BA|SALVADOR,glp,29,113.0,104.0,124.2,99.99,125.0
2023-05,MUN,BA|SANTO ANTONIO DE JESUS,glp,12,110.0,105.0,114.5,105.0,120.0
2023-05,MUN,BA|SENHOR DO BONFIM,glp,4,110.0,110.0,120.5,110.0,125.0
2023-05,MUN,BA|SERRINHA,glp,7,125.0,119.0,130.0,110.0,130.0
2023-05,MUN,BA|SIMOES FILHO,glp,10,112.5,109.446,118.29,109.0,129.99
2023-05,MUN,BA|TEIXEIRA DE FREITAS,glp,11,97.45,95.0,105.0,93.0,110.0
2023-05,MUN,BA|VALENCA,glp,7,115.0,110.0,117.0,110.0,120.0
2023-05,MUN,BA|VITORIA DA CONQUISTA,glp,12,115.0,102.744,115.0,99.99,117.5
2023-05,MUN,CE|CANINDE,glp,3,105.0,102.6,105.8,102.0,106.0
2023-05,MUN,CE|CAUCAIA,glp,14,110.0,97.893,116.4,95.0,120.0
2023-05,MUN,CE|CRATEUS,glp,7,110.0,108.6,120.0,108.0,120.0
2023-05,MUN,CE|CRATO,glp,8,106.5,105.443,107.55,103.0,110.0
2023-05,MUN,CE|FORTALEZA,glp,35,105.0,99.396,117.0,89.99,123.0
2023-05,MUN,CE|ICO,glp,5,113.5,97.0,115.0,95.0,115.0
2023-05,MUN,CE|IGUATU,glp,10,106.748,103.7,112.2,101.0,114.0
2023-05,MUN,CE|ITAPIPOCA,glp,5,110.0,105.0,115.0,105.0,115.0
2023-05,MUN,CE|JUAZEIRO DO NORTE,glp,14,106.5,103.0,113.55,103.0,115.0
2023-05,MUN,CE|LIMOEIRO DO NORTE,glp,7,100.0,100.0,112.0,100.0,115.0
2023-05,MUN,CE|MARACANAU,glp,11,107.0,100.0,115.0,95.99,117.0
2023-05,MUN,CE|QUIXADA,glp,5,105.0,104.4,105.0,104.0,105.0
2023-05,MUN,CE|SOBRAL,glp,5,114.0,111.6,114.6,110.0,115.0
2023-05,MUN,DF|BRASILIA,glp,57,100.0,94.99,108.19,92.49,119.99
2023-05,MUN,ES|ARACRUZ,glp,10,105.0,104.5,121.0,100.0,130.0
2023-05,MUN,ES|CACHOEIRO DE ITAPEMIRIM,glp,12,105.0,99.991,114.8,89.99,120.0
2023-05,MUN,ES|CARIACICA,glp,10,100.0,89.99,101.0,89.9,110.0
2023-05,MUN,ES|COLATINA,glp,7,100.0,93.0,108.5,90.0,110.0
2023-05,MUN,ES|GUARAPARI,glp,10,99.99,94.99,105.5,94.99,110.0
2023-05,MUN,ES|LINHARES,glp,14,110.0,106.5,115.0,100.0,115.0
2023-05,MUN,ES|SAO MATEUS,glp,12,99.99,95.15,105.0,93.0,105.0
2023-05,MUN,ES|SERRA,glp,21,100.0,90.0,100.0,87.99,110.0
2023-05,MUN,ES|VILA VELHA,glp,21,100.0,94.99,105.0,74.99,115.0
2023-05,MUN,ES|VITORIA,glp,9,100.0,98.992,102.0,95.0,110.0
2023-05,MUN,GO|AGUAS LINDAS DE GOIAS,glp,22,99.995,89.991,105.0,84.99,115.0
2023-05,MUN,GO|ANAPOLIS,glp,19,120.0,113.0,120.0,106.0,120.0
2023-05,MUN,GO|APARECIDA DE GOIANIA,glp,23,106.0,105.0,115.0,94.99,120.0
2023-05,MUN,GO|CALDAS NOVAS,glp,6,110.0,110.0,112.5,110.0,115.0
2023-05,MUN,GO|CATALAO,glp,9,115.0,114.6,121.0,113.0,125.0
2023-05,MUN,GO|FORMOSA,glp,8,109.0,103.5,115.0,100.0,115.0
2023-05,MUN,GO|GOIANIA,glp,56,110.0,100.0,117.5,94.0,130.0
2023-05,MUN,GO|GOIATUBA,glp,7,120.0,120.0,125.0,120.0,125.0
2023-05,MUN,GO|ITUMBIARA,glp,9,115.0,109.6,118.4,108.0,120.0
2023-05,MUN,GO|JATAI,glp,7,135.0,119.0,135.0,117.5,135.0
2023-05,MUN,GO|LUZIANIA,glp,14,104.495,98.59,108.4,95.49,110.0
2023-05,MUN,GO|MINEIROS,glp,7,118.0,115.9,118.0,115.0,118.0
2023-05,MUN,GO|MORRINHOS,glp,8,112.5,107.85,119.3,107.5,120.0
2023-05,MUN,GO|PORANGATU,glp,8,118.0,115.0,120.9,115.0,123.0
2023-05,MUN,GO|RIO VERDE,glp,11,125.0,115.0,125.0,110.0,130.0
2023-05,MUN,GO|TRINDADE,glp,19,100.0,99.998,110.0,94.99,115.0
2023-05,MUN,GO|VALPARAISO DE GOIAS,glp,10,99.24,96.341,105.499,95.0,109.99
2023-05,MUN,MA|ACAILANDIA,glp,9,105.0,104.0,115.0,100.0,115.0
2023-05,MUN,MA|BACABAL,glp,9,112.0,110.0,114.2,110.0,117.0
2023-05,MUN,MA|BALSAS,glp,4,125.0,125.0,125.0,125.0,125.0
2023-05,MUN,MA|BARRA DO CORDA,glp,8,122.5,120.0,125.0,120.0,125.0
2023-05,MUN,MA|CAXIAS,glp,6,110.0,108.748,110.0,107.495,110.0
2023-05,MUN,MA|CODO,glp,9,115.0,110.0,115.0,110.0,115.0
2023-05,MUN,MA|IMPERATRIZ,glp,15,100.0,96.39,100.0,89.99,105.0
2023-05,MUN,MA|PINHEIRO,glp,8,125.0,118.5,125.0,115.0,125.0
2023-05,MUN,MA|PRESIDENTE DUTRA,glp,2,115.0,111.0,119.0,110.0,120.0
2023-05,MUN,MA|SANTA INES,glp,7,127.0,126.0,129.0,126.0,129.0
2023-05,MUN,MA|SAO JOSE DE RIBAMAR,glp,15,99.99,95.0,99.996,94.99,100.0
2023-05,MUN,MA|SAO LUIS,glp,53,99.99,95.0,100.0,90.0,115.0
2023-05,MUN,MG|ALFENAS,glp,9,105.0,97.598,116.0,87.99,120.0
2023-05,MUN,MG|ARAGUARI,glp,8,107.5,103.5,115.0,100.0,115.0
2023-05,MUN,MG|ARAXA,glp,7,100.0,98.0,115.0,98.0,130.0
2023-05,MUN,MG|BARBACENA,glp,9,102.5,94.0,110.0,90.0,110.0
2023-05,MUN,MG|BELO HORIZONTE,glp,33,109.99,99.99,124.0,94.99,149.0
2023-05,MUN,MG|BETIM,glp,18,107.0,103.493,110.0,98.0,115.0
2023-05,MUN,MG|BOM DESPACHO,glp,9,100.0,100.0,114.0,100.0,120.0
2023-05,MUN,MG|CAMPO BELO,glp,9,120.0,117.0,120.0,115.0,120.0
2023-05,MUN,MG|CARATINGA,glp,8,120.0,110.0,129.9,110.0,129.9
2023-05,MUN,MG|CONSELHEIRO LAFAIETE,glp,9,98.0,94.5,106.0,92.5,110.0
2023-05,MUN,MG|CONTAGEM,glp,25,110.0,102.0,115.0,97.99,128.0
2023-05,MUN,MG|CORONEL FABRICIANO,glp,10,119.0,114.5,121.85,110.0,125.0
2023-05,MUN,MG|CURVELO,glp,8,92.25,83.496,103.0,80.0,110.0
2023-05,MUN,MG|DIVINOPOLIS,glp,9,110.0,100.0,111.0,100.0,115.0
2023-05,MUN,MG|FORMIGA,glp,8,107.5,89.4,119.5,88.0,130.0
2023-05,MUN,MG|FRUTAL,glp,9,99.9,99.9,101.592,99.9,108.0
2023-05,MUN,MG|GOVERNADOR VALADARES,glp,13,122.0,115.8,129.0,105.0,135.0
2023-05,MUN,MG|GUAXUPE,glp,8,95.0,87.45,105.0,85.0,105.0
2023-05,MUN,MG|IPATINGA,glp,8,112.5,107.0,120.0,107.0,120.0
2023-05,MUN,MG|ITABIRA,glp,2,125.0,125.0,125.0,125.0,125.0
2023-05,MUN,MG|ITAJUBA,glp,8,102.5,100.0,125.0,100.0,125.0
2023-05,MUN,MG|ITAUNA,glp,7,110.0,103.0,116.0,100.0,125.0
2023-05,MUN,MG|ITUIUTABA,glp,8,100.0,92.0,106.5,85.0,110.0
2023-05,MUN,MG|JANAUBA,glp,7,105.0,104.0,117.0,102.5,120.0
2023-05,MUN,MG|JANUARIA,glp,8,121.5,119.7,125.0,119.0,125.0
2023-05,MUN,MG|JOAO MONLEVADE,glp,9,110.0,100.0,115.0,100.0,115.0
2023-05,MUN,MG|JOAO PINHEIRO,glp,10,125.0,122.5,128.2,118.0,130.0
2023-05,MUN,MG|JUIZ DE FORA,glp,18,91.245,83.49,100.6,79.99,106.0
2023-05,MUN,MG|LAVRAS,glp,8,106.5,100.0,111.5,100.0,115.0
2023-05,MUN,MG|MANHUACU,glp,6,107.5,102.45,111.0,100.0,112.0
2023-05,MUN,MG|MONTE CARMELO,glp,9,100.0,98.0,106.0,90.0,110.0
2023-05,MUN,MG|MONTES CLAROS,glp,33,120.0,110.592,125.0,109.0,139.0
2023-05,MUN,MG|MURIAE,glp,7,105.0,95.0,115.2,95.0,123.0
2023-05,MUN,MG|NOVA LIMA,glp,9,108.0,104.8,110.0,104.0,110.0
2023-05,MUN,MG|OLIVEIRA,glp,3,115.0,112.6,115.0,112.0,115.0
2023-05,MUN,MG|OURO PRETO,glp,5,120.0,115.8,123.0,115.0,125.0
2023-05,MUN,MG|PARA DE MINAS,glp,8,115.5,112.0,124.93,105.0,125.0
2023-05,MUN,MG|PARACATU,glp,5,110.0,105.0,124.0,105.0,130.0
2023-05,MUN,MG|PASSOS,glp,9,110.0,107.0,111.0,105.0,115.0
2023-05,MUN,MG|PATOS DE MINAS,glp,12,110.0,100.0,115.0,98.0,120.0
2023-05,MUN,MG|PATROCINIO,glp,9,98.0,94.0,111.0,90.0,115.0
2023-05,MUN,MG|POCOS DE CALDAS,glp,9,113.0,110.1,115.6,108.5,118.0
2023-05,MUN,MG|POUSO ALEGRE,glp,12,115.0,91.5,115.0,89.99,115.0
2023-05,MUN,MG|SABARA,glp,9,120.0,99.999,128.4,99.995,130.0
2023-05,MUN,MG|SAO JOAO DEL REI,glp,6,105.0,93.75,111.5,87.5,115.0
2023-05,MUN,MG|SAO SEBASTIAO DO PARAISO,glp,11,90.0,85.0,99.9,84.995,100.0
2023-05,MUN,MG|SETE LAGOAS,glp,13,105.0,99.992,123.2,95.0,125.0
2023-05,MUN,MG|TEOFILO OTONI,glp,9,115.0,109.998,115.0,109.99,115.0
2023-05,MUN,MG|TIMOTEO,glp,6,115.0,109.5,122.5,109.0,125.0
2023-05,MUN,MG|TRES CORACOES,glp,9,100.0,93.99,105.0,89.99,105.0
2023-05,MUN,MG|UBA,glp,9,110.0,99.398,115.0,96.99,115.0
2023-05,MUN,MG|UBERABA,glp,17,105.0,99.596,114.0,89.5,120.0
2023-05,MUN,MG|UBERLANDIA,glp,23,109.0,100.98,119.8,100.0,125.0
2023-05,MUN,MG|UNAI,glp,9,130.0,130.0,130.0,130.0,130.0
2023-05,MUN,MG|VARGINHA,glp,9,100.0,89.0,111.0,85.0,115.0
2023-05,MUN,MG|VICOSA,glp,10,124.5,116.8,132.0,115.0,132.0
2023-05,MUN,MS|CAMPO GRANDE,glp,26,110.0,99.495,119.0,93.0,120.0
2023-05,MUN,MS|CORUMBA,glp,7,125.0,110.0,135.6,110.0,138.0
2023-05,MUN,MS|COXIM,glp,11,125.0,125.0,130.0,122.5,130.0
2023-05,MUN,MS|DOURADOS,glp,20,110.0,105.0,130.0,105.0,135.0
2023-05,MUN,MS|NOVA ANDRADINA,glp,7,110.0,108.0,117.0,105.0,120.0
2023-05,MUN,MS|PONTA PORA,glp,3,110.0,110.0,114.0,110.0,115.0
2023-05,MUN,MS|TRES LAGOAS,glp,11,115.0,115.0,125.0,110.0,128.0
2023-05,MUN,MT|ALTA FLORESTA,glp,9,142.0,134.5,150.0,132.5,150.0
2023-05,MUN,MT|CACERES,glp,15,102.495,99.99,115.0,99.99,115.0
2023-05,MUN,MT|CUIABA,glp,41,120.0,114.99,136.0,104.99,140.0
2023-05,MUN,MT|RONDONOPOLIS,glp,13,130.0,116.0,130.0,115.0,130.0
2023-05,MUN,MT|SINOP,glp,15,140.0,138.5,150.0,135.0,150.0
2023-05,MUN,MT|SORRISO,glp,6,137.5,132.5,145.0,130.0,145.0
2023-05,MUN,MT|VARZEA GRANDE,glp,25,120.0,108.794,123.0,104.99,125.0
2023-05,MUN,PA|ABAETETUBA,glp,7,102.0,100.8,106.6,99.0,109.0
2023-05,MUN,PA|ALENQUER,glp,6,113.75,110.0,115.0,110.0,115.0
2023-05,MUN,PA|ALTAMIRA,glp,9,125.0,123.6,128.0,120.0,128.0
2023-05,MUN,PA|ANANINDEUA,glp,26,102.0,98.5,115.0,92.99,125.0
2023-05,MUN,PA|BELEM,glp,40,110.0,99.89,119.099,95.99,144.0
2023-05,MUN,PA|BRAGANCA,glp,6,110.0,108.75,115.0,107.5,115.0
2023-05,MUN,PA|CAMETA,glp,7,120.0,117.9,120.0,117.0,120.0
2023-05,MUN,PA|CASTANHAL,glp,13,115.0,109.904,119.0,107.0,125.0
2023-05,MUN,PA|CONCEICAO DO ARAGUAIA,glp,5,120.0,116.0,120.0,115.0,120.0
2023-05,MUN,PA|ITAITUBA,glp,7,130.0,130.0,130.0,130.0,130.0
2023-05,MUN,PA|MARABA,glp,8,125.0,112.897,125.0,107.99,125.0
2023-05,MUN,PA|PARAGOMINAS,glp,9,135.0,105.0,140.0,105.0,140.0
2023-05,MUN,PA|PARAUAPEBAS,glp,10,140.0,134.9,140.0,134.0,140.0
2023-05,MUN,PA|REDENCAO,glp,8,117.5,115.0,125.88,115.0,125.88
2023-05,MUN,PA|SANTAREM,glp,19,109.0,98.998,118.4,89.99,120.0
2023-05,MUN,PA|XINGUARA,glp,5,130.0,125.0,130.0,125.0,130.0
2023-05,MUN,PB|BAYEUX,glp,9,110.0,95.79,110.0,94.95,110.0
2023-05,MUN,PB|CABEDELO,glp,8,105.0,102.75,111.493,97.5,115.0
2023-05,MUN,PB|CAMPINA GRANDE,glp,17,120.0,113.0,120.0,100.0,120.0
2023-05,MUN,PB|JOAO PESSOA,glp,36,110.0,100.0,110.0,89.99,120.0
2023-05,MUN,PB|PATOS,glp,8,110.0,109.4,115.3,108.0,116.0
2023-05,MUN,PB|SOUSA,glp,6,103.75,100.0,110.0,100.0,110.0
2023-05,MUN,PE|ARARIPINA,glp,8,115.0,115.0,116.5,115.0,120.0
2023-05,MUN,PE|ARCOVERDE,glp,7,94.99,89.99,94.994,89.99,95.0
2023-05,MUN,PE|BELO JARDIM,glp,8,96.995,92.7,100.0,92.0,100.0
2023-05,MUN,PE|CABO DE SANTO AGOSTINHO,glp,9,94.99,88.99,96.0,84.99,100.0
2023-05,MUN,PE|CARUARU,glp,13,89.99,85.0,90.0,85.0,100.0
2023-05,MUN,PE|GARANHUNS,glp,9,107.49,102.992,110.0,95.0,110.0
2023-05,MUN,PE|GOIANA,glp,8,110.0,98.2,110.0,94.0,110.0
2023-05,MUN,PE|IGARASSU,glp,9,103.0,100.0,106.0,100.0,110.0
2023-05,MUN,PE|JABOATAO DOS GUARARAPES,glp,16,100.0,95.0,107.5,94.99,122.0
2023-05,MUN,PE|LAJEDO,glp,4,90.0,90.0,93.5,90.0,95.0
2023-05,MUN,PE|OLINDA,glp,14,100.0,87.396,108.5,84.99,120.0
2023-05,MUN,PE|PAULISTA,glp,10,96.0,94.999,100.0,94.99,100.0
2023-05,MUN,PE|PETROLINA,glp,9,110.0,104.0,115.0,100.0,115.0
2023-05,MUN,PE|RECIFE,glp,21,95.0,92.0,100.0,82.0,110.0
2023-05,MUN,PE|SALGUEIRO,glp,4,94.5,83.3,105.0,83.0,105.0
2023-05,MUN,PE|SANTA CRUZ DO CAPIBARIBE,glp,6,110.0,105.0,113.75,100.0,115.0
2023-05,MUN,PE|SERRA TALHADA,glp,5,115.0,112.2,115.0,112.0,115.0
2023-05,MUN,PE|VITORIA DE SANTO ANTAO,glp,6,92.995,89.995,95.0,89.99,95.0
2023-05,MUN,PI|PARNAIBA,glp,8,112.5,101.0,115.0,80.0,115.0
2023-05,MUN,PI|PICOS,glp,8,110.0,103.5,111.5,100.0,115.0
2023-05,MUN,PI|PIRIPIRI,glp,7,125.0,109.99,126.2,109.99,128.0
2023-05,MUN,PI|TERESINA,glp,34,110.0,101.5,119.997,99.99,120.0
2023-05,MUN,PR|APUCARANA,glp,14,100.0,99.927,100.0,99.9,110.0
2023-05,MUN,PR|ARAPONGAS,glp,13,105.0,100.0,110.0,99.99,110.0
2023-05,MUN,PR|ARAUCARIA,glp,12,99.9,99.9,105.0,94.9,105.0
2023-05,MUN,PR|ASSIS CHATEAUBRIAND,glp,1,100.0,100.0,100.0,100.0,100.0
2023-05,MUN,PR|CAMBE,glp,8,111.5,108.5,121.5,105.0,125.0
2023-05,MUN,PR|CAMPO LARGO,glp,12,99.9,99.9,105.0,89.9,110.0
2023-05,MUN,PR|CAMPO MOURAO,glp,8,118.0,114.97,123.0,114.9,123.0
2023-05,MUN,PR|CASCAVEL,glp,20,115.0,105.0,125.0,102.0,125.0
2023-05,MUN,PR|CASTRO,glp,10,106.0,101.8,115.09,100.0,115.9
2023-05,MUN,PR|CIANORTE,glp,8,116.5,110.0,122.97,110.0,129.9
2023-05,MUN,PR|COLOMBO,glp,20,95.0,89.9,99.9,85.9,100.0
2023-05,MUN,PR|CORNELIO PROCOPIO,glp,5,120.0,114.0,125.0,110.0,125.0
2023-05,MUN,PR|CURITIBA,glp,62,99.9,92.0,105.0,88.9,119.99
2023-05,MUN,PR|FOZ DO IGUACU,glp,19,100.0,94.998,111.0,85.0,115.0
2023-05,MUN,PR|FRANCISCO BELTRAO,glp,9,119.0,114.78,126.0,109.9,130.0
2023-05,MUN,PR|GUARAPUAVA,glp,12,114.0,112.0,119.8,110.0,125.0
2023-05,MUN,PR|LONDRINA,glp,21,105.0,100.0,120.0,97.5,125.0
2023-05,MUN,PR|MARECHAL CANDIDO RONDON,glp,5,94.99,87.4,95.0,84.0,95.0
2023-05,MUN,PR|MARINGA,glp,17,125.0,115.0,126.2,110.0,130.0
2023-05,MUN,PR|PARANAGUA,glp,9,95.0,89.3,115.0,86.5,115.0
2023-05,MUN,PR|PARANAVAI,glp,7,89.99,89.5,120.0,88.9,120.0
2023-05,MUN,PR|PATO BRANCO,glp,9,123.5,117.8,125.9,113.0,127.5
2023-05,MUN,PR|PINHAIS,glp,10,103.725,91.71,107.3,90.0,110.0
2023-05,MUN,PR|PONTA GROSSA,glp,18,103.95,96.7,112.9,94.9,115.0
2023-05,MUN,PR|QUEDAS DO IGUACU,glp,1,120.0,120.0,120.0,120.0,120.0
2023-05,MUN,PR|SANTO ANTONIO DA PLATINA,glp,8,115.0,113.55,116.986,112.5,117.0
2023-05,MUN,PR|SAO JOSE DOS PINHAIS,glp,22,95.0,91.96,100.0,85.95,107.0
2023-05,MUN,PR|TOLEDO,glp,12,103.748,100.25,119.75,99.99,120.0
2023-05,MUN,PR|UMUARAMA,glp,6,104.995,94.95,120.0,94.9,120.0
2023-05,MUN,PR|UNIAO DA VITORIA,glp,9,108.0,104.3,117.98,101.5,129.9
2023-05,MUN,RJ|ANGRA DOS REIS,glp,8,118.0,117.1,120.0,115.0,120.0
2023-05,MUN,RJ|ARARUAMA,glp,9,95.0,89.99,99.99,89.99,99.99
2023-05,MUN,RJ|BARRA DO PIRAI,glp,7,110.9,104.25,125.0,103.5,125.0
2023-05,MUN,RJ|BARRA MANSA,glp,9,99.99,99.5,105.92,97.9,106.0
2023-05,MUN,RJ|BELFORD ROXO,glp,5,90.0,88.198,95.0,87.0,95.0
2023-05,MUN,RJ|CABO FRIO,glp,9,94.99,87.39,99.99,84.99,99.99
2023-05,MUN,RJ|CAMPOS DOS GOYTACAZES,glp,9,95.0,89.756,100.0,89.0,100.0
2023-05,MUN,RJ|DUQUE DE CAXIAS,glp,19,90.0,85.994,95.99,85.0,99.99
2023-05,MUN,RJ|ITABORAI,glp,14,86.99,84.297,90.99,83.99,91.99
2023-05,MUN,RJ|ITAGUAI,glp,4,123.0,120.45,124.5,120.0,124.5
2023-05,MUN,RJ|ITAPERUNA,glp,2,89.5,89.1,89.9,89.0,90.0
2023-05,MUN,RJ|MACAE,glp,9,121.5,118.8,125.0,118.0,125.0
2023-05,MUN,RJ|MAGE,glp,1,89.9,89.9,89.9,89.9,89.9
2023-05,MUN,RJ|MARICA,glp,9,89.99,85.0,101.0,85.0,105.0
2023-05,MUN,RJ|NILOPOLIS,glp,5,99.99,95.0,103.0,95.0,105.0
2023-05,MUN,RJ|NITEROI,glp,10,92.495,82.494,98.1,82.49,99.0
2023-05,MUN,RJ|NOVA FRIBURGO,glp,9,90.0,89.998,98.0,89.99,98.0
2023-05,MUN,RJ|NOVA IGUACU,glp,4,96.742,82.648,99.997,78.0,100.0
2023-05,MUN,RJ|PETROPOLIS,glp,6,99.995,90.5,103.225,90.0,103.45
2023-05,MUN,RJ|RESENDE,glp,6,117.5,115.0,120.0,115.0,120.0
2023-05,MUN,RJ|RIO BONITO,glp,9,87.99,83.992,89.992,80.0,90.0
2023-05,MUN,RJ|RIO DE JANEIRO,glp,41,99.99,89.99,105.0,86.99,119.0
2023-05,MUN,RJ|SANTO ANTONIO DE PADUA,glp,5,98.0,93.4,110.0,91.0,110.0
2023-05,MUN,RJ|SAO FRANCISCO DE ITABAPOANA,glp,9,99.9,94.0,110.0,90.0,110.0
2023-05,MUN,RJ|SAO GONCALO,glp,20,97.99,93.99,104.1,93.5,115.0
2023-05,MUN,RJ|SAO JOAO DE MERITI,glp,3,97.0,95.4,103.4,95.0,105.0
2023-05,MUN,RJ|SAQUAREMA,glp,4,94.995,93.247,95.7,92.5,96.0
2023-05,MUN,RJ|TERESOPOLIS,glp,7,108.0,102.96,121.8,99.9,122.4
2023-05,MUN,RJ|TRES RIOS,glp,10,98.49,94.49,104.991,89.995,105.0
2023-05,MUN,RJ|VALENCA,glp,7,95.0,91.8,102.0,90.0,105.0
2023-05,MUN,RJ|VOLTA REDONDA,glp,8,105.9,102.0,108.7,99.9,115.0
2023-05,MUN,RN|CAICO,glp,8,112.0,112.0,112.0,112.0,112.0
2023-05,MUN,RN|MOSSORO,glp,15,110.0,107.0,118.0,105.0,125.0
2023-05,MUN,RN|NATAL,glp,25,110.0,100.0,119.0,95.0,128.0
2023-05,MUN,RN|PARNAMIRIM,glp,16,105.0,100.0,110.0,99.99,135.0
2023-05,MUN,RO|ARIQUEMES,glp,8,130.0,124.25,133.0,122.5,133.0
2023-05,MUN,RO|CACOAL,glp,9,135.0,131.0,138.2,131.0,143.0
2023-05,MUN,RO|JI-PARANA,glp,12,128.25,120.5,130.0,118.0,132.0
2023-05,MUN,RO|PIMENTA BUENO,glp,6,142.0,140.0,142.0,140.0,142.0
2023-05,MUN,RO|PORTO VELHO,glp,33,118.0,107.2,124.6,105.0,135.0
2023-05,MUN,RO|VILHENA,glp,8,135.0,130.0,140.0,130.0,140.0
2023-05,MUN,RR|BOA VISTA,glp,32,130.0,120.3,139.6,119.99,142.0
2023-05,MUN,RS|ALEGRETE,glp,9,109.0,104.0,115.0,100.0,115.0
2023-05,MUN,RS|ALVORADA,glp,9,100.0,98.392,107.0,96.0,115.0
2023-05,MUN,RS|BAGE,glp,9,120.0,115.2,125.0,112.0,125.0
2023-05,MUN,RS|BENTO GONCALVES,glp,7,124.0,106.76,128.0,104.9,128.0
2023-05,MUN,RS|CACHOEIRA DO SUL,glp,9,100.0,92.4,110.4,90.0,112.0
2023-05,MUN,RS|CACHOEIRINHA,glp,8,105.0,100.0,105.9,100.0,108.0
2023-05,MUN,RS|CANOAS,glp,18,103.5,98.7,108.6,94.995,115.0
2023-05,MUN,RS|CAXIAS DO SUL,glp,27,107.4,104.54,119.78,98.9,130.0
2023-05,MUN,RS|CRUZ ALTA,glp,7,90.0,88.14,99.36,87.0,99.9
2023-05,MUN,RS|ERECHIM,glp,10,125.0,122.9,128.2,122.0,130.0
2023-05,MUN,RS|ESTEIO,glp,9,105.0,101.6,110.808,100.0,114.04
2023-05,MUN,RS|FARROUPILHA,glp,1,124.0,124.0,124.0,124.0,124.0
2023-05,MUN,RS|GRAMADO,glp,9,120.0,118.2,127.4,117.0,129.0
2023-05,MUN,RS|GRAVATAI,glp,11,105.5,100.0,110.0,99.0,110.0
2023-05,MUN,RS|GUAIBA,glp,1,98.0,98.0,98.0,98.0,98.0
2023-05,MUN,RS|IJUI,glp,7,120.0,118.2,120.4,115.5,121.0
2023-05,MUN,RS|LAJEADO,glp,8,102.0,99.25,110.53,97.5,112.0
2023-05,MUN,RS|NOVO HAMBURGO,glp,14,98.0,95.0,102.35,94.0,104.0
2023-05,MUN,RS|OSORIO,glp,8,99.9,92.997,109.5,92.99,120.0
2023-05,MUN,RS|PASSO FUNDO,glp,11,115.0,110.0,118.0,110.0,118.0
2023-05,MUN,RS|PELOTAS,glp,20,108.0,104.9,110.0,103.0,112.0
2023-05,MUN,RS|PORTO ALEGRE,glp,23,110.0,104.92,114.6,100.0,122.9
2023-05,MUN,RS|RIO GRANDE,glp,2,140.0,140.0,140.0,140.0,140.0
2023-05,MUN,RS|SANTA CRUZ DO SUL,glp,12,104.5,100.0,107.0,100.0,110.0
2023-05,MUN,RS|SANTA MARIA,glp,20,107.45,101.6,115.49,98.0,129.9
2023-05,MUN,RS|SANTA ROSA,glp,9,110.0,107.4,113.0,105.0,115.0
2023-05,MUN,RS|SANTANA DO LIVRAMENTO,glp,9,110.0,100.0,121.0,100.0,125.0
2023-05,MUN,RS|SANTO ANGELO,glp,5,128.0,117.0,129.6,115.0,130.0
2023-05,MUN,RS|SAO GABRIEL,glp,8,115.0,112.1,115.0,110.0,115.0
2023-05,MUN,RS|SAO LEOPOLDO,glp,8,99.95,98.7,101.497,98.0,104.99
2023-05,MUN,RS|SAO LUIZ GONZAGA,glp,7,105.0,99.96,122.0,99.9,125.0
2023-05,MUN,RS|SAPIRANGA,glp,8,112.0,103.2,115.0,99.0,115.0
2023-05,MUN,RS|SAPUCAIA DO SUL,glp,8,101.0,95.75,105.0,90.5,105.0
2023-05,MUN,RS|TORRES,glp,7,115.0,114.554,119.932,113.9,119.98
2023-05,MUN,RS|URUGUAIANA,glp,8,120.0,113.5,125.0,110.0,125.0
2023-05,MUN,RS|VACARIA,glp,7,112.0,110.0,115.0,110.0,115.0
2023-05,MUN,RS|VIAMAO,glp,13,105.0,95.98,114.42,95.0,115.0
2023-05,MUN,SC|ARARANGUA,glp,8,110.0,107.85,115.0,107.5,115.0
2023-05,MUN,SC|BALNEARIO CAMBORIU,glp,7,129.99,128.79,130.0,126.99,130.0
2023-05,MUN,SC|BIGUACU,glp,6,126.0,122.248,128.5,120.0,129.0
2023-05,MUN,SC|BLUMENAU,glp,11,125.0,115.0,130.0,105.0,130.0
2023-05,MUN,SC|BRUSQUE,glp,9,125.0,118.598,126.72,116.99,130.0
2023-05,MUN,SC|CACADOR,glp,9,115.0,99.99,147.0,99.99,155.0
2023-05,MUN,SC|CHAPECO,glp,14,135.0,123.25,137.1,120.0,138.0
2023-05,MUN,SC|CONCORDIA,glp,11,115.0,110.0,120.0,109.99,135.0
2023-05,MUN,SC|CRICIUMA,glp,8,120.0,117.1,125.0,115.0,125.0
2023-05,MUN,SC|FLORIANOPOLIS,glp,8,122.5,119.1,126.5,117.0,130.0
2023-05,MUN,SC|ITAJAI,glp,17,120.0,112.0,132.0,99.0,135.0
2023-05,MUN,SC|JARAGUA DO SUL,glp,10,109.95,103.9,112.3,103.9,115.0
2023-05,MUN,SC|JOINVILLE,glp,12,116.75,113.65,121.95,110.0,130.0
2023-05,MUN,SC|LAGES,glp,4,120.0,112.55,126.75,111.5,127.5
2023-05,MUN,SC|LAGUNA,glp,7,115.0,108.0,117.0,108.0,120.0
2023-05,MUN,SC|MAFRA,glp,4,120.0,118.25,120.0,117.5,120.0
2023-05,MUN,SC|PALHOCA,glp,9,117.0,114.7,130.5,113.5,132.5
2023-05,MUN,SC|SAO JOSE,glp,13,120.0,113.0,126.0,109.0,128.0
2023-05,MUN,SC|TUBARAO,glp,8,120.0,115.0,121.5,115.0,125.0
2023-05,MUN,SC|VIDEIRA,glp,9,120.0,112.798,123.6,99.99,130.0
2023-05,MUN,SC|XANXERE,glp,5,130.0,118.0,135.4,110.0,139.0
2023-05,MUN,SE|ARACAJU,glp,22,104.9,99.91,106.9,99.9,110.0
2023-05,MUN,SE|ITABAIANA,glp,9,105.0,102.4,107.2,102.0,110.0
2023-05,MUN,SE|LAGARTO,glp,8,105.0,103.5,110.0,100.0,110.0
2023-05,MUN,SE|NOSSA SENHORA DO SOCORRO,glp,11,128.0,106.9,128.0,99.99,128.0
2023-05,MUN,SP|ADAMANTINA,glp,8,102.0,93.5,120.0,90.0,120.0
2023-05,MUN,SP|AMERICANA,glp,5,112.445,101.994,114.194,99.99,114.99
2023-05,MUN,SP|AMPARO,glp,9,110.0,108.0,117.2,108.0,118.0
2023-05,MUN,SP|ARACATUBA,glp,19,89.99,85.99,110.0,85.99,115.0
2023-05,MUN,SP|ARARAQUARA,glp,17,105.0,102.994,120.0,94.99,120.0
2023-05,MUN,SP|ARARAS,glp,8,102.245,100.5,110.0,100.5,110.0
2023-05,MUN,SP|ASSIS,glp,9,120.0,110.0,120.0,110.0,120.0
2023-05,MUN,SP|ATIBAIA,glp,12,105.0,100.0,119.7,91.99,120.0
2023-05,MUN,SP|AVARE,glp,8,94.998,88.492,104.3,84.995,105.0
2023-05,MUN,SP|BARRETOS,glp,7,112.0,108.0,116.0,105.0,117.5
2023-05,MUN,SP|BARUERI,glp,13,104.99,100.0,112.0,99.99,112.49
2023-05,MUN,SP|BAURU,glp,17,103.0,91.196,110.0,89.99,110.0
2023-05,MUN,SP|BEBEDOURO,glp,10,112.5,109.491,120.0,105.0,120.0
2023-05,MUN,SP|BIRIGUI,glp,11,110.0,99.99,110.0,99.99,115.0
2023-05,MUN,SP|BOTUCATU,glp,11,103.95,100.0,105.0,95.0,110.0
2023-05,MUN,SP|BRAGANCA PAULISTA,glp,12,105.248,99.99,109.999,99.9,115.0
2023-05,MUN,SP|CACAPAVA,glp,8,99.99,86.39,110.0,84.99,110.0
2023-05,MUN,SP|CAMPINAS,glp,20,99.99,99.99,106.89,99.99,114.99
2023-05,MUN,SP|CARAGUATATUBA,glp,7,110.0,106.194,120.0,105.0,135.0
2023-05,MUN,SP|CARAPICUIBA,glp,17,105.0,94.99,110.0,94.99,110.0
2023-05,MUN,SP|CATANDUVA,glp,7,85.995,78.0,95.19,78.0,96.99
2023-05,MUN,SP|COSMOPOLIS,glp,8,94.99,94.99,98.585,94.99,99.95
2023-05,MUN,SP|COTIA,glp,4,109.99,106.49,119.79,104.99,123.99
2023-05,MUN,SP|CRUZEIRO,glp,8,91.0,87.79,97.25,84.99,102.5
2023-05,MUN,SP|CUBATAO,glp,8,114.995,109.97,117.3,109.9,118.0
2023-05,MUN,SP|DIADEMA,glp,11,109.99,104.99,127.95,96.99,130.77
2023-05,MUN,SP|DRACENA,glp,8,115.0,106.7,120.0,99.0,120.0
2023-05,MUN,SP|ELISIARIO,glp,1,100.0,100.0,100.0,100.0,100.0
2023-05,MUN,SP|EMBU DAS ARTES,glp,12,104.99,95.09,114.891,94.99,118.0
2023-05,MUN,SP|FRANCA,glp,20,104.995,99.9,115.0,98.5,115.0
2023-05,MUN,SP|GARCA,glp,9,104.9,100.0,110.0,100.0,110.0
2023-05,MUN,SP|GUARATINGUETA,glp,7,99.9,88.398,104.8,87.495,112.0
2023-05,MUN,SP|GUARUJA,glp,12,112.5,110.0,115.0,110.0,119.99
2023-05,MUN,SP|GUARULHOS,glp,16,96.495,91.245,104.99,87.99,110.0
2023-05,MUN,SP|HORTOLANDIA,glp,2,97.495,95.491,99.499,94.99,100.0
2023-05,MUN,SP|IBITINGA,glp,9,110.0,104.0,110.5,100.0,112.5
2023-05,MUN,SP|INDAIATUBA,glp,8,111.245,108.7,115.0,108.0,115.0
2023-05,MUN,SP|ITANHAEM,glp,10,113.495,108.099,115.2,99.99,117.0
2023-05,MUN,SP|ITAPECERICA DA SERRA,glp,8,99.99,89.99,105.0,89.99,105.0
2023-05,MUN,SP|ITAPETININGA,glp,6,113.25,109.47,121.5,108.99,123.0
2023-05,MUN,SP|ITAPEVA,glp,10,116.0,108.9,119.1,99.0,120.0
2023-05,MUN,SP|ITAPIRA,glp,8,102.5,98.493,110.0,95.0,110.0
2023-05,MUN,SP|ITAPOLIS,glp,9,113.0,111.2,117.0,110.0,125.0
2023-05,MUN,SP|ITAQUAQUECETUBA,glp,15,94.99,89.99,98.792,87.49,104.99
2023-05,MUN,SP|ITATIBA,glp,8,106.0,103.497,110.0,99.99,110.0
2023-05,MUN,SP|ITU,glp,6,111.25,109.0,115.0,108.0,115.0
2023-05,MUN,SP|JABOTICABAL,glp,7,104.9,101.194,109.3,100.0,115.0
2023-05,MUN,SP|JACAREI,glp,14,104.0,95.6,116.65,92.0,120.0
2023-05,MUN,SP|JALES,glp,7,90.0,86.997,96.98,82.5,99.95
2023-05,MUN,SP|JAU,glp,9,117.0,114.9,119.98,114.5,123.9
2023-05,MUN,SP|JOSE BONIFACIO,glp,8,104.5,100.0,105.0,100.0,105.0
2023-05,MUN,SP|JUNDIAI,glp,12,110.0,100.19,114.45,97.5,120.0
2023-05,MUN,SP|LEME,glp,8,100.0,99.7,110.4,99.0,123.0
2023-05,MUN,SP|LIMEIRA,glp,11,100.0,90.0,105.0,90.0,115.0
2023-05,MUN,SP|LINS,glp,7,105.0,99.972,108.5,99.945,110.0
2023-05,MUN,SP|LORENA,glp,9,93.0,81.592,106.0,80.0,110.0
2023-05,MUN,SP|MARILIA,glp,8,123.5,115.85,125.0,115.5,125.0
2023-05,MUN,SP|MATAO,glp,10,100.0,99.99,103.0,99.99,130.0
2023-05,MUN,SP|MAUA,glp,12,111.99,84.99,118.0,84.99,118.0
2023-05,MUN,SP|MIRASSOL,glp,9,105.0,95.0,110.0,95.0,110.0
2023-05,MUN,SP|MOCOCA,glp,8,115.0,108.462,120.0,105.0,120.0
2023-05,MUN,SP|MOGI DAS CRUZES,glp,10,99.99,95.99,104.99,95.99,104.99
2023-05,MUN,SP|MOGI GUACU,glp,8,99.99,99.99,101.5,99.99,105.0
2023-05,MUN,SP|MOGI MIRIM,glp,8,102.248,96.347,105.0,88.99,105.0
2023-05,MUN,SP|MONTE ALTO,glp,8,100.0,100.0,105.0,100.0,105.0
2023-05,MUN,SP|OLIMPIA,glp,6,94.0,92.0,94.0,92.0,94.0
2023-05,MUN,SP|OSASCO,glp,7,104.0,89.99,108.49,89.99,109.99
2023-05,MUN,SP|OURINHOS,glp,8,109.5,101.081,111.3,97.9,112.0
2023-05,MUN,SP|PARAGUACU PAULISTA,glp,9,115.0,104.6,116.0,103.0,120.0
2023-05,MUN,SP|PAULINIA,glp,8,107.0,99.99,110.0,99.99,110.0
2023-05,MUN,SP|PINDAMONHANGABA,glp,12,110.0,98.55,116.8,95.0,117.0
2023-05,MUN,SP|PIRACICABA,glp,16,106.245,97.495,115.0,95.0,120.0
2023-05,MUN,SP|PIRASSUNUNGA,glp,7,100.0,96.14,111.8,95.0,114.5
2023-05,MUN,SP|POA,glp,10,97.99,94.99,100.5,94.99,105.0
2023-05,MUN,SP|PORTO FERREIRA,glp,8,103.25,100.7,110.6,100.0,119.0
2023-05,MUN,SP|PRAIA GRANDE,glp,15,106.99,104.99,110.6,102.99,112.5
2023-05,MUN,SP|PRESIDENTE PRUDENTE,glp,16,109.995,96.945,112.0,95.99,115.5
2023-05,MUN,SP|PRESIDENTE VENCESLAU,glp,8,110.0,104.65,114.3,98.0,115.0
2023-05,MUN,SP|RIBEIRAO PIRES,glp,8,99.945,97.997,106.5,97.99,110.0
2023-05,MUN,SP|RIBEIRAO PRETO,glp,12,111.5,90.1,124.99,89.0,124.99
2023-05,MUN,SP|RIO CLARO,glp,7,100.0,98.0,100.0,95.0,100.0
2023-05,MUN,SP|SALTO,glp,4,110.0,106.5,111.4,105.0,112.0
2023-05,MUN,SP|SANTA BARBARA D'OESTE,glp,12,102.0,97.65,105.0,95.0,118.0
2023-05,MUN,SP|SANTA CRUZ DO RIO PARDO,glp,5,115.0,115.0,116.2,115.0,117.0
2023-05,MUN,SP|SANTO ANDRE,glp,12,105.0,99.99,114.99,96.99,125.99
2023-05,MUN,SP|SANTOS,glp,19,114.5,106.992,124.918,104.99,139.9
2023-05,MUN,SP|SAO BERNARDO DO CAMPO,glp,6,112.5,100.995,123.25,98.0,125.0
2023-05,MUN,SP|SAO CAETANO DO SUL,glp,6,105.0,102.49,112.495,99.99,115.0
2023-05,MUN,SP|SAO CARLOS,glp,22,114.248,108.1,127.11,104.995,130.0
2023-05,MUN,SP|SAO JOAO DA BOA VISTA,glp,8,105.0,102.5,105.0,102.5,105.0
2023-05,MUN,SP|SAO JOSE DO RIO PRETO,glp,29,110.0,100.0,125.0,100.0,130.0
2023-05,MUN,SP|SAO JOSE DOS CAMPOS,glp,21,104.99,84.99,115.0,79.99,120.0
2023-05,MUN,SP|SAO PAULO,glp,67,110.0,99.996,120.778,89.99,128.0
2023-05,MUN,SP|SAO ROQUE,glp,9,100.0,94.99,108.4,94.99,110.0
2023-05,MUN,SP|SAO VICENTE,glp,18,106.995,99.963,114.38,98.995,119.0
2023-05,MUN,SP|SERTAOZINHO,glp,11,99.0,92.0,99.99,92.0,100.0
2023-05,MUN,SP|SOROCABA,glp,21,105.0,99.99,115.0,99.99,117.99
2023-05,MUN,SP|SUMARE,glp,5,104.99,96.99,118.594,94.99,121.99
2023-05,MUN,SP|SUZANO,glp,16,99.99,93.75,110.0,92.0,115.0
2023-05,MUN,SP|TABOAO DA SERRA,glp,8,102.49,98.0,110.597,98.0,111.99
2023-05,MUN,SP|TATUI,glp,9,105.0,101.996,111.0,100.0,115.0
2023-05,MUN,SP|TAUBATE,glp,12,95.0,87.09,99.999,85.0,102.0
2023-05,MUN,SP|TUPA,glp,6,101.25,100.0,115.0,100.0,120.0
2023-05,MUN,SP|UBATUBA,glp,11,105.0,95.0,115.5,95.0,120.0
2023-05,MUN,SP|VALINHOS,glp,10,102.172,96.49,109.991,96.49,110.0
2023-05,MUN,SP|VARZEA PAULISTA,glp,9,100.0,93.59,106.3,87.99,107.5
2023-05,MUN,SP|VINHEDO,glp,9,99.99,95.798,109.918,94.99,109.99
2023-05,MUN,SP|VOTORANTIM,glp,9,109.0,104.792,110.0,104.0,110.0
2023-05,MUN,SP|VOTUPORANGA,glp,11,103.5,95.0,110.0,95.0,110.0
2023-05,MUN,TO|ARAGUAINA,glp,19,125.0,120.0,125.0,120.0,130.0
2023-05,MUN,TO|GURUPI,glp,12,120.0,120.0,120.0,108.99,122.0
2023-05,MUN,TO|PALMAS,glp,19,122.5,120.0,130.0,115.0,135.0
2023-05,MUN,TO|PARAISO DO TOCANTINS,glp,9,125.0,122.5,125.0,112.5,125.0
2023-05,MUN,TO|PORTO NACIONAL,glp,9,120.0,120.0,120.0,120.0,120.0
2023-05,UF,AC,glp,34,118.0,110.0,129.4,105.0,135.0
2023-05,UF,AL,glp,59,100.0,92.0,105.4,85.99,115.0
2023-05,UF,AM,glp,121,125.0,117.0,138.0,108.5,148.0
2023-05,UF,AP,glp,28,119.0,109.7,126.3,95.0,128.0
2023-05,UF,BA,glp,253,110.0,100.0,125.0,92.0,147.0
2023-05,UF,CE,glp,129,106.5,100.0,115.0,89.99,123.0
2023-05,UF,DF,glp,57,100.0,94.99,108.19,92.49,119.99
2023-05,UF,ES,glp,126,100.0,94.99,111.0,74.99,130.0
2023-05,UF,GO,glp,243,110.0,99.99,120.0,84.99,135.0
2023-05,UF,MA,glp,145,100.0,95.0,125.0,89.99,129.0
2023-05,UF,MG,glp,578,110.0,95.0,125.0,79.99,149.0
2023-05,UF,MS,glp,85,115.0,105.0,127.8,93.0,138.0
2023-05,UF,MT,glp,124,120.0,105.6,142.0,99.99,150.0
2023-05,UF,PA,glp,185,115.0,99.997,130.0,89.99,144.0
2023-05,UF,PB,glp,84,110.0,100.0,120.0,89.99,120.0
2023-05,UF,PE,glp,166,100.0,89.99,113.75,82.0,122.0
2023-05,UF,PI,glp,57,110.0,103.0,120.0,80.0,128.0
2023-05,UF,PR,glp,387,105.0,93.48,120.0,84.0,130.0
2023-05,UF,RJ,glp,277,97.495,87.99,116.2,78.0,125.0
2023-05,UF,RN,glp,64,110.0,100.0,117.35,95.0,135.0
2023-05,UF,RO,glp,76,126.5,115.0,140.0,105.0,143.0
2023-05,UF,RR,glp,32,130.0,120.3,139.6,119.99,142.0
2023-05,UF,RS,glp,366,108.0,99.0,120.0,87.0,140.0
2023-05,UF,SC,glp,189,120.0,109.998,130.0,99.0,155.0
2023-05,UF,SE,glp,50,105.0,100.0,128.0,99.9,128.0
2023-05,UF,SP,glp,1173,105.0,94.99,117.5,78.0,139.9
2023-05,UF,TO,glp,68,120.0,120.0,127.9,108.99,135.0
2023-06,BR,BR,glp,5221,103.0,89.99,120.0,74.99,155.0
2023-06,MUN,AC|CRUZEIRO DO SUL,glp,7,118.0,116.0,120.0,116.0,120.0
2023-06,MUN,AC|RIO BRANCO,glp,33,112.0,108.1,125.0,105.0,135.0
2023-06,MUN,AL|ARAPIRACA,glp,7,90.0,88.396,100.0,85.99,100.0
2023-06,MUN,AL|DELMIRO GOUVEIA,glp,4,97.5,95.0,100.0,95.0,100.0
2023-06,MUN,AL|MACEIO,glp,34,95.0,86.99,105.0,84.0,110.0
2023-06,MUN,AL|PALMEIRA DOS INDIOS,glp,4,94.995,90.09,95.0,87.99,95.0
2023-06,MUN,AL|RIO LARGO,glp,7,95.0,95.0,100.2,95.0,105.0
2023-06,MUN,AM|ITACOATIARA,glp,9,124.49,122.0,128.0,122.0,130.0
2023-06,MUN,AM|MANACAPURU,glp,10,132.5,130.0,135.0,130.0,135.0
2023-06,MUN,AM|MANAUS,glp,87,120.0,109.3,125.8,108.0,140.0
2023-06,MUN,AM|PARINTINS,glp,8,122.5,120.0,125.0,120.0,125.0
2023-06,MUN,AM|TEFE,glp,5,146.0,139.7,150.0,139.5,150.0
2023-06,MUN,AP|MACAPA,glp,20,118.0,108.0,123.0,107.0,128.0
2023-06,MUN,AP|SANTANA,glp,9,116.0,107.0,123.0,95.0,123.0
2023-06,MUN,BA|ALAGOINHAS,glp,8,110.0,105.397,111.5,103.99,115.0
2023-06,MUN,BA|BARREIRAS,glp,11,135.0,135.0,140.0,135.0,145.0
2023-06,MUN,BA|BRUMADO,glp,6,111.25,103.25,116.5,101.5,117.0
2023-06,MUN,BA|CAETITE,glp,4,102.5,100.0,105.0,100.0,105.0
2023-06,MUN,BA|CAMACARI,glp,12,110.0,109.1,115.0,108.0,118.0
2023-06,MUN,BA|EUNAPOLIS,glp,9,110.0,104.0,110.0,100.0,110.0
2023-06,MUN,BA|FEIRA DE SANTANA,glp,11,94.0,90.0,102.0,90.0,105.0
2023-06,MUN,BA|GUANAMBI,glp,11,110.0,110.0,110.0,110.0,110.0
2023-06,MUN,BA|ILHEUS,glp,9,120.0,117.499,143.8,117.495,147.0
2023-06,MUN,BA|IPIRA,glp,4,105.5,93.8,113.7,92.0,114.0
2023-06,MUN,BA|IRECE,glp,10,110.0,108.85,110.0,107.5,110.0
2023-06,MUN,BA|ITABUNA,glp,10,105.0,95.0,111.0,95.0,120.0
2023-06,MUN,BA|ITAMARAJU,glp,9,110.0,110.0,110.0,110.0,110.0
2023-06,MUN,BA|JACOBINA,glp,6,131.0,130.0,132.0,130.0,132.0
2023-06,MUN,BA|JAGUAQUARA,glp,5,110.0,107.0,110.0,105.0,110.0
2023-06,MUN,BA|JEQUIE,glp,7,92.0,87.994,108.0,85.0,120.0
2023-06,MUN,BA|JUAZEIRO,glp,6,105.0,101.75,112.0,99.5,115.0
2023-06,MUN,BA|LAURO DE FREITAS,glp,11,110.0,104.99,110.0,100.0,111.0
2023-06,MUN,BA|LIVRAMENTO DE NOSSA SENHORA,glp,10,105.0,104.99,105.0,104.9,105.0
2023-06,MUN,BA|PAULO AFONSO,glp,2,95.995,92.799,99.191,92.0,99.99
2023-06,MUN,BA|POCOES,glp,7,100.0,95.0,102.9,95.0,105.0
2023-06,MUN,BA|PORTO SEGURO,glp,5,100.0,97.0,108.0,95.0,110.0
2023-06,MUN,BA|SALVADOR,glp,18,108.995,101.397,117.95,97.5,120.0
2023-06,MUN,BA|SANTO ANTONIO DE JESUS,glp,9,107.5,100.0,110.0,100.0,110.0
2023-06,MUN,BA|SENHOR DO BONFIM,glp,3,110.0,110.0,122.0,110.0,125.0
2023-06,MUN,BA|SERRINHA,glp,7,125.0,116.0,125.0,110.0,125.0
2023-06,MUN,BA|SIMOES FILHO,glp,6,104.748,97.0,122.0,97.0,129.0
2023-06,MUN,BA|TEIXEIRA DE FREITAS,glp,11,95.0,89.99,105.0,87.0,112.5
2023-06,MUN,BA|VALENCA,glp,8,111.25,110.0,115.0,110.0,115.0
2023-06,MUN,BA|VITORIA DA CONQUISTA,glp,13,110.0,100.996,115.0,99.99,115.0
2023-06,MUN,CE|CANINDE,glp,3,102.0,100.4,104.4,100.0,105.0
2023-06,MUN,CE|CAUCAIA,glp,14,102.5,92.993,114.9,84.99,120.0
2023-06,MUN,CE|CRATEUS,glp,7,109.0,97.196,114.0,89.99,120.0
2023-06,MUN,CE|CRATO,glp,8,103.0,102.997,103.0,102.99,103.0
2023-06,MUN,CE|FORTALEZA,glp,34,99.695,89.993,110.0,89.99,123.0
2023-06,MUN,CE|ICO,glp,5,105.0,94.0,110.0,90.0,110.0
2023-06,MUN,CE|IGUATU,glp,8,99.5,98.1,102.597,96.0,103.99
2023-06,MUN,CE|ITAPIPOCA,glp,5,100.0,100.0,107.0,100.0,110.0
2023-06,MUN,CE|JUAZEIRO DO NORTE,glp,14,103.0,103.0,110.7,103.0,115.0
2023-06,MUN,CE|LIMOEIRO DO NORTE,glp,7,95.0,91.4,100.0,87.5,100.0
2023-06,MUN,CE|MARACANAU,glp,10,104.0,100.0,114.2,100.0,125.0
2023-06,MUN,CE|QUIXADA,glp,6,98.0,97.995,100.0,97.99,100.0
2023-06,MUN,CE|SOBRAL,glp,5,109.0,104.7,109.0,104.5,109.0
2023-06,MUN,DF|BRASILIA,glp,57,94.995,89.99,99.99,89.99,119.99
2023-06,MUN,ES|ARACRUZ,glp,10,107.5,99.99,110.0,99.99,110.0
2023-06,MUN,ES|CACHOEIRO DE ITAPEMIRIM,glp,12,100.0,90.491,112.2,89.99,122.0
2023-06,MUN,ES|CARIACICA,glp,15,97.5,80.0,100.0,79.99,100.0
2023-06,MUN,ES|COLATINA,glp,7,90.0,86.8,105.0,85.0,105.0
2023-06,MUN,ES|GUARAPARI,glp,8,89.995,84.997,101.5,84.99,105.0
2023-06,MUN,ES|LINHARES,glp,14,105.0,101.5,113.5,100.0,115.0
2023-06,MUN,ES|SAO MATEUS,glp,12,94.0,92.99,99.75,92.0,105.0
2023-06,MUN,ES|SERRA,glp,21,89.99,85.0,95.0,85.0,97.5
2023-06,MUN,ES|VILA VELHA,glp,21,95.0,89.99,100.0,87.99,100.0
2023-06,MUN,ES|VITORIA,glp,8,97.5,89.997,100.0,89.99,100.0
2023-06,MUN,GO|AGUAS LINDAS DE GOIAS,glp,22,94.995,84.99,104.2,79.99,115.0
2023-06,MUN,GO|ANAPOLIS,glp,18,120.0,108.5,120.0,103.0,120.0
2023-06,MUN,GO|APARECIDA DE GOIANIA,glp,23,102.0,97.6,109.7,89.99,110.0
2023-06,MUN,GO|CALDAS NOVAS,glp,10,108.0,105.0,112.0,104.995,130.0
2023-06,MUN,GO|CATALAO,glp,9,110.0,99.8,120.0,99.0,120.0
2023-06,MUN,GO|FORMOSA,glp,10,105.0,100.0,115.0,100.0,115.0
2023-06,MUN,GO|GOIANIA,glp,56,105.0,97.75,111.5,89.99,130.0
2023-06,MUN,GO|GOIATUBA,glp,6,120.0,117.5,122.5,115.0,125.0
2023-06,MUN,GO|ITUMBIARA,glp,8,110.0,101.4,115.0,100.0,115.0
2023-06,MUN,GO|JATAI,glp,7,117.5,115.0,126.0,115.0,135.0
2023-06,MUN,GO|LUZIANIA,glp,14,92.992,92.297,100.0,91.99,104.0
2023-06,MUN,GO|MINEIROS,glp,7,110.0,108.0,112.1,105.0,113.0
2023-06,MUN,GO|MORRINHOS,glp,8,110.0,99.1,115.0,97.0,115.0
2023-06,MUN,GO|PORANGATU,glp,8,115.0,108.5,119.93,105.0,120.0
2023-06,MUN,GO|RIO VERDE,glp,10,115.0,110.0,118.0,110.0,122.5
2023-06,MUN,GO|TRINDADE,glp,20,100.0,94.491,105.0,89.99,105.0
2023-06,MUN,GO|VALPARAISO DE GOIAS,glp,11,92.99,90.0,99.99,81.99,100.0
2023-06,MUN,MA|ACAILANDIA,glp,8,105.0,99.7,108.0,99.0,115.0
2023-06,MUN,MA|BACABAL,glp,9,108.0,108.0,108.0,108.0,108.0
2023-06,MUN,MA|BALSAS,glp,4,125.0,125.0,125.0,125.0,125.0
2023-06,MUN,MA|BARRA DO CORDA,glp,9,115.0,110.0,116.0,110.0,120.0
2023-06,MUN,MA|CAXIAS,glp,6,104.995,99.99,110.0,99.99,110.0
2023-06,MUN,MA|CODO,glp,8,110.0,110.0,110.0,110.0,110.0
2023-06,MUN,MA|IMPERATRIZ,glp,15,95.0,89.99,100.0,89.99,100.0
2023-06,MUN,MA|PINHEIRO,glp,7,120.0,118.0,120.0,115.0,120.0
2023-06,MUN,MA|PRESIDENTE DUTRA,glp,1,110.0,110.0,110.0,110.0,110.0
2023-06,MUN,MA|SANTA INES,glp,8,120.0,118.5,122.3,115.0,123.0
2023-06,MUN,MA|SAO JOSE DE RIBAMAR,glp,15,95.0,94.99,95.0,94.99,95.0
2023-06,MUN,MA|SAO LUIS,glp,51,95.0,94.99,99.99,90.0,115.0
2023-06,MUN,MG|ALFENAS,glp,8,94.0,85.597,100.75,79.99,102.5
2023-06,MUN,MG|ARAGUARI,glp,8,101.5,98.5,110.0,95.0,110.0
2023-06,MUN,MG|ARAXA,glp,7,95.0,86.4,109.0,84.0,130.0
2023-06,MUN,MG|BARBACENA,glp,9,95.0,89.576,98.0,87.9,100.0
2023-06,MUN,MG|BELO HORIZONTE,glp,33,105.0,94.198,120.0,89.99,149.0
2023-06,MUN,MG|BETIM,glp,18,107.0,96.297,107.0,84.99,110.0
2023-06,MUN,MG|BOM DESPACHO,glp,7,100.0,95.0,114.0,95.0,120.0
2023-06,MUN,MG|CAMPO BELO,glp,9,112.5,110.0,115.0,110.0,115.0
2023-06,MUN,MG|CARATINGA,glp,8,111.0,106.4,126.47,105.0,129.9
2023-06,MUN,MG|CONGONHAS,glp,10,105.0,94.999,107.3,94.99,110.0
2023-06,MUN,MG|CONSELHEIRO LAFAIETE,glp,9,89.0,86.9,97.0,82.5,105.0
2023-06,MUN,MG|CONTAGEM,glp,25,110.0,91.996,110.0,89.9,120.0
2023-06,MUN,MG|CORONEL FABRICIANO,glp,9,115.0,110.6,115.6,105.0,118.0
2023-06,MUN,MG|CURVELO,glp,8,90.0,79.4,97.396,78.0,110.0
2023-06,MUN,MG|DIVINOPOLIS,glp,9,100.0,99.999,110.0,99.995,110.0
2023-06,MUN,MG|FORMIGA,glp,8,90.0,85.5,106.2,82.0,130.0
2023-06,MUN,MG|FRUTAL,glp,9,89.99,89.99,93.936,89.99,99.9
2023-06,MUN,MG|GOVERNADOR VALADARES,glp,14,115.5,110.0,125.0,100.0,127.5
2023-06,MUN,MG|GUAXUPE,glp,9,90.0,83.45,96.0,83.45,100.0
2023-06,MUN,MG|IPATINGA,glp,8,110.5,100.0,115.0,100.0,115.0
2023-06,MUN,MG|ITABIRA,glp,2,110.0,110.0,110.0,110.0,110.0
2023-06,MUN,MG|ITAJUBA,glp,7,100.0,90.0,118.0,90.0,122.5
2023-06,MUN,MG|ITAUNA,glp,7,105.0,95.6,125.0,95.0,125.0
2023-06,MUN,MG|ITUIUTABA,glp,8,85.0,84.848,95.0,84.495,95.0
2023-06,MUN,MG|JANAUBA,glp,7,110.0,100.0,110.0,100.0,110.0
2023-06,MUN,MG|JANUARIA,glp,8,116.5,115.0,119.35,115.0,122.5
2023-06,MUN,MG|JOAO MONLEVADE,glp,8,105.0,102.0,110.0,95.0,110.0
2023-06,MUN,MG|JOAO PINHEIRO,glp,9,120.0,117.5,126.0,115.5,130.0
2023-06,MUN,MG|JUIZ DE FORA,glp,18,87.49,79.99,94.99,79.99,94.99
2023-06,MUN,MG|LAVRAS,glp,8,100.0,97.8,104.5,95.0,115.0
2023-06,MUN,MG|LEOPOLDINA,glp,10,99.5,94.5,101.0,90.0,110.0
2023-06,MUN,MG|MANHUACU,glp,5,110.0,99.94,111.2,99.9,112.0
2023-06,MUN,MG|MONTE CARMELO,glp,8,90.0,90.0,101.5,90.0,105.0
2023-06,MUN,MG|MONTES CLAROS,glp,33,120.0,101.999,124.0,99.99,135.0
2023-06,MUN,MG|MURIAE,glp,7,100.0,96.2,105.2,95.0,113.0
2023-06,MUN,MG|NOVA LIMA,glp,9,100.0,97.32,110.0,95.0,110.0
2023-06,MUN,MG|OLIVEIRA,glp,2,110.0,110.0,110.0,110.0,110.0
2023-06,MUN,MG|OURO PRETO,glp,4,115.5,111.5,116.7,110.0,117.0
2023-06,MUN,MG|PARA DE MINAS,glp,8,101.25,94.9,117.8,90.0,119.9
2023-06,MUN,MG|PARACATU,glp,6,100.0,93.0,111.25,93.0,115.0
2023-06,MUN,MG|PASSOS,glp,9,105.0,90.0,110.0,90.0,110.0
2023-06,MUN,MG|PATOS DE MINAS,glp,12,100.0,90.0,114.5,90.0,120.0
2023-06,MUN,MG|PATROCINIO,glp,9,90.0,90.0,110.0,90.0,110.0
2023-06,MUN,MG|POCOS DE CALDAS,glp,9,108.0,107.392,110.0,105.0,118.0
2023-06,MUN,MG|POUSO ALEGRE,glp,13,115.0,91.0,115.0,84.99,115.0
2023-06,MUN,MG|SABARA,glp,9,110.0,96.592,121.4,95.0,127.0
2023-06,MUN,MG|SAO JOAO DEL REI,glp,6,97.0,91.25,105.0,87.5,110.0
2023-06,MUN,MG|SAO SEBASTIAO DO PARAISO,glp,10,85.0,79.994,90.65,79.99,96.5
2023-06,MUN,MG|SETE LAGOAS,glp,13,100.0,95.39,110.0,84.99,117.0
2023-06,MUN,MG|TEOFILO OTONI,glp,15,105.0,104.994,107.897,104.0,110.0
2023-06,MUN,MG|TIMOTEO,glp,5,109.0,102.8,110.0,100.0,110.0
2023-06,MUN,MG|TRES CORACOES,glp,8,89.995,89.39,92.2,87.99,95.0
2023-06,MUN,MG|UBA,glp,8,97.5,90.0,100.0,90.0,100.0
2023-06,MUN,MG|UBERABA,glp,16,100.0,88.0,107.5,79.99,112.5
2023-06,MUN,MG|UBERLANDIA,glp,23,102.5,96.2,118.0,90.0,125.0
2023-06,MUN,MG|UNAI,glp,8,130.0,130.0,130.0,130.0,130.0
2023-06,MUN,MG|VARGINHA,glp,10,92.5,80.0,110.5,80.0,115.0
2023-06,MUN,MG|VICOSA,glp,10,105.0,105.0,121.2,105.0,132.0
2023-06,MUN,MS|CAMPO GRANDE,glp,39,100.0,95.0,111.0,92.0,135.5
2023-06,MUN,MS|CORUMBA,glp,7,120.0,104.0,130.0,102.5,130.0
2023-06,MUN,MS|COXIM,glp,10,120.0,119.5,125.0,115.0,125.0
2023-06,MUN,MS|DOURADOS,glp,20,107.5,100.0,125.5,99.99,130.0
2023-06,MUN,MS|NOVA ANDRADINA,glp,7,107.5,103.0,115.0,100.0,115.0
2023-06,MUN,MS|PONTA PORA,glp,8,111.0,110.0,116.5,110.0,120.0
2023-06,MUN,MS|TRES LAGOAS,glp,11,115.0,115.0,120.0,110.0,128.5
2023-06,MUN,MT|ALTA FLORESTA,glp,9,142.0,130.0,142.6,130.0,145.0
2023-06,MUN,MT|CACERES,glp,13,89.99,85.99,104.0,84.99,110.0
2023-06,MUN,MT|CUIABA,glp,38,120.0,105.0,130.9,100.0,140.0
2023-06,MUN,MT|RONDONOPOLIS,glp,14,129.0,121.5,130.0,115.0,130.0
2023-06,MUN,MT|SINOP,glp,15,140.0,133.0,145.0,130.0,145.0
2023-06,MUN,MT|SORRISO,glp,3,135.0,131.0,139.0,130.0,140.0
2023-06,MUN,MT|VARZEA GRANDE,glp,24,116.5,105.0,120.0,97.495,125.0
2023-06,MUN,PA|ABAETETUBA,glp,6,96.0,96.0,104.5,96.0,109.0
2023-06,MUN,PA|ALENQUER,glp,5,110.0,105.0,111.5,105.0,112.5
2023-06,MUN,PA|ALTAMIRA,glp,8,125.0,120.0,126.6,120.0,128.0
2023-06,MUN,PA|ANANINDEUA,glp,26,95.0,92.0,115.0,91.0,115.0
2023-06,MUN,PA|BELEM,glp,37,100.0,92.0,110.4,90.99,130.0
2023-06,MUN,PA|BRAGANCA,glp,6,108.0,106.5,109.0,105.0,110.0
2023-06,MUN,PA|CAMETA,glp,7,115.0,114.6,115.0,114.0,115.0
2023-06,MUN,PA|CASTANHAL,glp,13,109.0,100.0,115.0,99.99,115.0
2023-06,MUN,PA|CONCEICAO DO ARAGUAIA,glp,6,110.0,108.25,110.0,106.5,110.0
2023-06,MUN,PA|ITAITUBA,glp,3,122.0,100.4,128.4,95.0,130.0
2023-06,MUN,PA|MARABA,glp,7,120.0,107.19,121.0,102.99,122.5
2023-06,MUN,PA|PARAGOMINAS,glp,9,132.5,120.0,135.0,120.0,135.0
2023-06,MUN,PA|PARAUAPEBAS,glp,10,134.0,134.0,134.1,134.0,135.0
2023-06,MUN,PA|REDENCAO,glp,12,127.5,115.0,140.0,115.0,140.0
2023-06,MUN,PA|SANTAREM,glp,19,100.0,89.1,110.8,84.99,120.0
2023-06,MUN,PA|XINGUARA,glp,8,130.0,125.0,131.5,125.0,135.0
2023-06,MUN,PB|BAYEUX,glp,8,92.5,89.978,110.0,89.95,110.0
2023-06,MUN,PB|CABEDELO,glp,8,105.0,98.493,105.0,95.0,105.0
2023-06,MUN,PB|CAMPINA GRANDE,glp,17,110.0,101.0,120.0,93.0,120.0
2023-06,MUN,PB|JOAO PESSOA,glp,35,105.0,91.8,110.0,83.99,115.0
2023-06,MUN,PB|PATOS,glp,9,110.0,104.0,110.0,100.0,110.0
2023-06,MUN,PB|SOUSA,glp,6,98.25,96.5,100.0,95.0,100.0
2023-06,MUN,PE|ARARIPINA,glp,8,115.0,115.0,116.5,115.0,120.0
2023-06,MUN,PE|ARCOVERDE,glp,7,90.0,87.49,90.0,87.49,90.0
2023-06,MUN,PE|BELO JARDIM,glp,8,95.0,86.4,100.0,85.0,100.0
2023-06,MUN,PE|CABO DE SANTO AGOSTINHO,glp,9,84.99,79.998,92.0,79.99,100.0
2023-06,MUN,PE|CARUARU,glp,13,80.0,78.398,90.0,75.0,90.0
2023-06,MUN,PE|GARANHUNS,glp,9,74.99,74.99,75.5,74.99,77.5
2023-06,MUN,PE|GOIANA,glp,4,110.0,110.0,110.0,110.0,110.0
2023-06,MUN,PE|IGARASSU,glp,8,100.0,95.0,100.9,95.0,103.0
2023-06,MUN,PE|JABOATAO DOS GUARARAPES,glp,13,93.0,89.19,104.5,87.99,114.0
2023-06,MUN,PE|LAJEDO,glp,4,75.0,75.0,75.0,75.0,75.0
2023-06,MUN,PE|OLINDA,glp,14,88.0,81.493,105.5,79.99,120.0
2023-06,MUN,PE|PAULISTA,glp,9,90.0,84.0,100.0,80.0,100.0
2023-06,MUN,PE|PETROLINA,glp,10,109.0,104.5,112.75,100.0,115.0
2023-06,MUN,PE|RECIFE,glp,22,90.0,82.3,95.0,79.99,100.0
2023-06,MUN,PE|SALGUEIRO,glp,6,94.5,83.0,105.0,83.0,105.0
2023-06,MUN,PE|SANTA CRUZ DO CAPIBARIBE,glp,5,115.0,111.0,115.0,110.0,115.0
2023-06,MUN,PE|SERRA TALHADA,glp,5,110.0,107.0,110.0,105.0,110.0
2023-06,MUN,PE|VITORIA DE SANTO ANTAO,glp,6,84.99,84.495,90.0,84.0,95.0
2023-06,MUN,PI|PARNAIBA,glp,8,105.0,97.5,111.5,80.0,115.0
2023-06,MUN,PI|PICOS,glp,8,105.0,101.75,105.0,100.0,105.0
2023-06,MUN,PI|PIRIPIRI,glp,7,115.0,105.99,119.6,99.99,122.0
2023-06,MUN,PI|TERESINA,glp,37,100.0,95.0,112.0,94.99,120.0
2023-06,MUN,PR|APUCARANA,glp,12,100.0,99.9,100.0,95.0,100.0
2023-06,MUN,PR|ARAPONGAS,glp,12,99.9,95.0,102.25,94.9,105.0
2023-06,MUN,PR|ARAUCARIA,glp,13,90.0,89.18,95.0,87.45,95.0
2023-06,MUN,PR|ASSIS CHATEAUBRIAND,glp,3,115.0,115.0,115.0,115.0,115.0
2023-06,MUN,PR|CAMBE,glp,9,105.0,105.0,120.0,105.0,120.0
2023-06,MUN,PR|CAMPO LARGO,glp,12,95.0,89.91,96.0,89.9,98.0
2023-06,MUN,PR|CAMPO MOURAO,glp,8,113.0,109.97,120.9,109.9,123.0
2023-06,MUN,PR|CASCAVEL,glp,18,111.25,100.0,118.25,98.0,120.0
2023-06,MUN,PR|CASTRO,glp,9,100.0,99.998,110.0,99.99,110.0
2023-06,MUN,PR|CIANORTE,glp,8,110.0,103.335,122.97,99.45,129.9
2023-06,MUN,PR|COLOMBO,glp,19,89.99,84.72,95.0,83.9,99.99
2023-06,MUN,PR|CORNELIO PROCOPIO,glp,5,110.0,107.0,117.5,105.0,122.5
2023-06,MUN,PR|CURITIBA,glp,60,92.945,87.395,100.386,83.9,119.99
2023-06,MUN,PR|FOZ DO IGUACU,glp,19,100.0,95.0,111.0,94.99,118.0
2023-06,MUN,PR|FRANCISCO BELTRAO,glp,7,112.5,108.94,117.0,107.5,120.0
2023-06,MUN,PR|GUARAPUAVA,glp,13,105.0,105.0,107.8,103.0,120.0
2023-06,MUN,PR|LONDRINA,glp,22,100.0,95.0,114.75,90.0,120.0
2023-06,MUN,PR|MARECHAL CANDIDO RONDON,glp,7,89.45,84.554,114.0,83.9,120.0
2023-06,MUN,PR|MARINGA,glp,18,120.0,109.25,125.0,105.0,128.0
2023-06,MUN,PR|PARANAGUA,glp,9,90.0,79.0,105.0,75.0,105.0
2023-06,MUN,PR|PARANAVAI,glp,7,89.99,89.5,112.0,88.9,115.0
2023-06,MUN,PR|PATO BRANCO,glp,9,115.0,113.0,119.6,113.0,122.0
2023-06,MUN,PR|PINHAIS,glp,10,99.75,85.9,114.95,85.9,119.0
2023-06,MUN,PR|PONTA GROSSA,glp,17,99.9,94.54,105.8,93.0,110.0
2023-06,MUN,PR|QUEDAS DO IGUACU,glp,1,120.0,120.0,120.0,120.0,120.0
2023-06,MUN,PR|SANTO ANTONIO DA PLATINA,glp,8,111.0,104.0,115.594,104.0,116.98
2023-06,MUN,PR|SAO JOSE DOS PINHAIS,glp,19,94.9,85.98,95.0,80.0,100.0
2023-06,MUN,PR|TOLEDO,glp,12,95.748,85.5,117.25,84.99,120.0
2023-06,MUN,PR|UMUARAMA,glp,6,104.998,94.95,120.0,94.9,120.0
2023-06,MUN,PR|UNIAO DA VITORIA,glp,10,100.0,94.49,110.5,89.9,115.0
2023-06,MUN,RJ|ANGRA DOS REIS,glp,9,114.99,113.192,116.0,110.0,120.0
2023-06,MUN,RJ|ARARUAMA,glp,9,89.99,86.592,99.99,85.0,99.99
2023-06,MUN,RJ|BARRA DO PIRAI,glp,7,99.9,98.2,116.94,97.0,120.0
2023-06,MUN,RJ|BARRA MANSA,glp,8,99.45,95.9,101.462,95.9,105.0
2023-06,MUN,RJ|BELFORD ROXO,glp,9,89.0,79.6,95.4,78.0,97.0
2023-06,MUN,RJ|CABO FRIO,glp,8,92.495,85.648,99.99,82.495,99.99
2023-06,MUN,RJ|CAMPOS DOS GOYTACAZES,glp,9,90.0,88.198,100.0,84.99,100.0
2023-06,MUN,RJ|DUQUE DE CAXIAS,glp,19,89.99,84.492,93.39,80.99,105.0
2023-06,MUN,RJ|ITABORAI,glp,14,84.495,83.99,85.693,81.99,85.99
2023-06,MUN,RJ|ITAGUAI,glp,4,115.25,107.1,118.5,105.0,118.5
2023-06,MUN,RJ|ITAPERUNA,glp,9,85.0,85.0,85.998,85.0,89.99
2023-06,MUN,RJ|MACAE,glp,8,118.0,118.0,118.6,118.0,120.0
2023-06,MUN,RJ|MAGE,glp,11,85.0,84.99,90.0,83.99,94.99
2023-06,MUN,RJ|MARICA,glp,10,86.495,84.491,92.3,80.0,95.0
2023-06,MUN,RJ|NILOPOLIS,glp,9,100.0,95.0,101.0,95.0,105.0
2023-06,MUN,RJ|NITEROI,glp,9,89.99,79.79,95.592,78.99,98.0
2023-06,MUN,RJ|NOVA FRIBURGO,glp,10,90.0,74.999,95.3,74.99,98.0
2023-06,MUN,RJ|NOVA IGUACU,glp,19,94.99,79.998,100.0,78.0,100.0
2023-06,MUN,RJ|PETROPOLIS,glp,6,95.0,90.0,101.0,89.0,102.0
2023-06,MUN,RJ|RESENDE,glp,6,115.0,109.998,115.0,104.995,115.0
2023-06,MUN,RJ|RIO BONITO,glp,9,79.99,74.998,85.998,74.99,89.99
2023-06,MUN,RJ|RIO DE JANEIRO,glp,41,95.0,88.0,102.5,84.0,115.0
2023-06,MUN,RJ|SANTO ANTONIO DE PADUA,glp,5,96.0,90.0,100.0,90.0,100.0
2023-06,MUN,RJ|SAO FRANCISCO DE ITABAPOANA,glp,9,98.0,94.0,101.0,90.0,105.0
2023-06,MUN,RJ|SAO GONCALO,glp,21,90.0,89.99,98.495,86.99,115.0
2023-06,MUN,RJ|SAO JOAO DE MERITI,glp,11,94.99,84.99,97.0,80.0,100.0
2023-06,MUN,RJ|SAPUCAIA,glp,6,95.0,90.0,95.0,90.0,95.0
2023-06,MUN,RJ|SAQUAREMA,glp,4,94.995,91.497,95.7,90.0,96.0
2023-06,MUN,RJ|TERESOPOLIS,glp,7,100.0,99.9,116.3,99.9,116.9
2023-06,MUN,RJ|TRES RIOS,glp,10,86.245,82.79,90.999,80.99,99.99
2023-06,MUN,RJ|VALENCA,glp,7,90.0,89.2,97.0,88.0,100.0
2023-06,MUN,RJ|VOLTA REDONDA,glp,8,100.95,99.15,105.58,97.4,106.0
2023-06,MUN,RN|CAICO,glp,8,103.0,100.0,104.0,100.0,104.0
2023-06,MUN,RN|MOSSORO,glp,14,110.0,102.9,112.0,100.0,120.0
2023-06,MUN,RN|NATAL,glp,21,107.0,95.0,115.0,85.0,128.0
2023-06,MUN,RN|PARNAMIRIM,glp,16,100.0,99.0,103.75,98.0,135.0
2023-06,MUN,RO|ARIQUEMES,glp,8,126.0,117.1,128.75,115.0,130.5
2023-06,MUN,RO|CACOAL,glp,9,129.0,127.6,134.2,122.0,143.0
2023-06,MUN,RO|JI-PARANA,glp,11,122.0,117.99,125.0,117.99,130.0
2023-06,MUN,RO|PIMENTA BUENO,glp,5,135.0,132.0,135.9,130.0,136.5
2023-06,MUN,RO|PORTO VELHO,glp,33,115.0,106.0,120.8,98.0,125.0
2023-06,MUN,RO|VILHENA,glp,8,129.0,125.0,135.75,125.0,137.5
2023-06,MUN,RR|BOA VISTA,glp,30,125.5,118.0,135.0,116.0,140.0
2023-06,MUN,RS|ALEGRETE,glp,8,108.0,96.05,113.6,91.5,115.0
2023-06,MUN,RS|ALVORADA,glp,9,95.0,89.99,106.0,89.99,110.0
2023-06,MUN,RS|BAGE,glp,9,118.0,109.0,120.5,109.0,122.5
2023-06,MUN,RS|BENTO GONCALVES,glp,7,120.8,104.76,125.6,99.9,128.0
2023-06,MUN,RS|CACHOEIRA DO SUL,glp,8,99.9,89.4,100.0,88.0,100.0
2023-06,MUN,RS|CACHOEIRINHA,glp,8,101.0,98.43,105.0,95.0,105.0
2023-06,MUN,RS|CANOAS,glp,18,100.0,97.0,100.75,95.0,115.0
2023-06,MUN,RS|CAXIAS DO SUL,glp,32,99.9,99.9,119.88,95.0,125.0
2023-06,MUN,RS|CRUZ ALTA,glp,5,86.9,85.76,86.9,85.0,86.9
2023-06,MUN,RS|ERECHIM,glp,10,120.0,118.9,125.3,118.0,128.0
2023-06,MUN,RS|ESTEIO,glp,8,100.0,95.0,106.2,95.0,109.0
2023-06,MUN,RS|FARROUPILHA,glp,1,124.0,124.0,124.0,124.0,124.0
2023-06,MUN,RS|GRAMADO,glp,9,115.0,114.8,129.0,114.0,129.0
2023-06,MUN,RS|GRAVATAI,glp,11,102.0,99.0,108.0,95.0,108.0
2023-06,MUN,RS|GUAIBA,glp,7,100.0,100.0,106.9,100.0,109.9
2023-06,MUN,RS|IJUI,glp,7,120.0,107.8,120.4,100.0,121.0
2023-06,MUN,RS|LAJEADO,glp,8,99.45,95.0,103.3,95.0,111.0
2023-06,MUN,RS|NOVO HAMBURGO,glp,13,95.0,92.0,99.6,90.0,100.0
2023-06,MUN,RS|OSORIO,glp,8,99.9,92.997,105.93,92.99,120.0
2023-06,MUN,RS|PASSO FUNDO,glp,11,110.0,108.0,110.0,107.0,113.0
2023-06,MUN,RS|PELOTAS,glp,20,102.5,99.99,109.1,98.0,112.0
2023-06,MUN,RS|PORTO ALEGRE,glp,23,105.0,100.0,111.6,99.9,114.9
2023-06,MUN,RS|RIO GRANDE,glp,14,136.75,117.65,138.0,117.0,142.0
2023-06,MUN,RS|SANTA CRUZ DO SUL,glp,12,100.0,100.0,106.8,100.0,107.0
2023-06,MUN,RS|SANTA MARIA,glp,23,105.0,99.0,114.12,98.0,129.9
2023-06,MUN,RS|SANTA ROSA,glp,8,105.0,105.0,107.9,105.0,110.0
2023-06,MUN,RS|SANTANA DO LIVRAMENTO,glp,9,110.0,99.0,121.0,95.0,125.0
2023-06,MUN,RS|SANTO ANGELO,glp,6,122.5,111.5,129.5,108.0,130.0
2023-06,MUN,RS|SAO GABRIEL,glp,7,112.0,110.0,115.0,110.0,115.0
2023-06,MUN,RS|SAO LEOPOLDO,glp,8,97.45,92.7,101.497,92.0,104.99
2023-06,MUN,RS|SAO LUIZ GONZAGA,glp,7,100.0,98.0,116.0,95.0,125.0
2023-06,MUN,RS|SAPIRANGA,glp,8,106.5,98.55,108.6,97.5,110.0
2023-06,MUN,RS|SAPUCAIA DO SUL,glp,8,97.45,95.0,100.3,95.0,101.0
2023-06,MUN,RS|TORRES,glp,6,111.95,109.0,117.49,108.0,119.98
2023-06,MUN,RS|URUGUAIANA,glp,8,120.0,108.5,123.25,105.0,125.0
2023-06,MUN,RS|VACARIA,glp,7,108.0,106.2,112.0,105.0,115.0
2023-06,MUN,RS|VIAMAO,glp,13,106.0,95.0,113.92,95.0,124.0
2023-06,MUN,SC|ARARANGUA,glp,6,103.995,100.5,107.5,100.0,110.0
2023-06,MUN,SC|BALNEARIO CAMBORIU,glp,7,126.99,120.0,128.194,120.0,130.0
2023-06,MUN,SC|BIGUACU,glp,6,120.248,120.0,121.495,120.0,122.0
2023-06,MUN,SC|BLUMENAU,glp,11,120.0,105.0,124.9,99.0,125.0
2023-06,MUN,SC|BRUSQUE,glp,9,116.99,114.0,120.0,114.0,120.0
2023-06,MUN,SC|CACADOR,glp,8,112.5,99.997,144.5,99.99,155.0
2023-06,MUN,SC|CHAPECO,glp,14,125.0,116.5,133.5,110.0,138.0
2023-06,MUN,SC|CONCORDIA,glp,7,115.0,109.74,124.8,102.0,135.0
2023-06,MUN,SC|CRICIUMA,glp,8,114.5,112.1,120.1,110.0,125.0
2023-06,MUN,SC|FLORIANOPOLIS,glp,8,115.0,113.5,123.25,110.0,125.0
2023-06,MUN,SC|ITAJAI,glp,16,110.0,105.0,120.5,99.0,127.0
2023-06,MUN,SC|JARAGUA DO SUL,glp,9,103.9,98.2,104.2,95.0,105.0
2023-06,MUN,SC|JOINVILLE,glp,13,112.0,110.0,125.0,105.0,133.0
2023-06,MUN,SC|LAGES,glp,4,109.0,105.9,120.5,105.0,125.0
2023-06,MUN,SC|LAGUNA,glp,7,110.0,102.0,117.0,102.0,120.0
2023-06,MUN,SC|MAFRA,glp,4,117.5,110.8,120.0,109.0,120.0
2023-06,MUN,SC|PALHOCA,glp,9,110.0,109.6,125.0,108.0,125.0
2023-06,MUN,SC|SAO JOSE,glp,12,118.0,107.146,120.0,99.495,122.0
2023-06,MUN,SC|TUBARAO,glp,8,110.0,109.25,115.0,107.5,115.0
2023-06,MUN,SC|VIDEIRA,glp,8,115.0,106.997,120.0,99.99,120.0
2023-06,MUN,SC|XANXERE,glp,5,130.0,111.0,130.0,105.0,130.0
2023-06,MUN,SE|ARACAJU,glp,25,99.5,94.94,104.9,94.0,110.0
2023-06,MUN,SE|ITABAIANA,glp,9,100.0,99.6,105.0,98.0,105.0
2023-06,MUN,SE|LAGARTO,glp,8,105.0,103.5,106.5,100.0,110.0
2023-06,MUN,SE|NOSSA SENHORA DO SOCORRO,glp,11,96.9,95.0,111.5,95.0,128.0
2023-06,MUN,SP|ADAMANTINA,glp,7,95.0,89.8,98.77,82.0,100.0
2023-06,MUN,SP|AMERICANA,glp,5,108.0,98.196,114.99,97.0,114.99
2023-06,MUN,SP|AMPARO,glp,9,110.0,109.6,115.6,108.0,118.0
2023-06,MUN,SP|ARACATUBA,glp,21,89.99,85.99,92.495,79.99,115.0
2023-06,MUN,SP|ARARAQUARA,glp,17,105.0,99.996,112.0,89.99,115.0
2023-06,MUN,SP|ARARAS,glp,8,96.0,95.697,100.6,94.99,102.0
2023-06,MUN,SP|ASSIS,glp,9,120.0,118.0,120.0,110.0,120.0
2023-06,MUN,SP|ATIBAIA,glp,12,100.0,91.399,119.5,87.99,120.0
2023-06,MUN,SP|AVARE,glp,9,89.0,84.0,90.792,80.0,94.0
2023-06,MUN,SP|BARRETOS,glp,7,110.0,106.2,112.0,105.0,115.0
2023-06,MUN,SP|BARUERI,glp,12,102.5,95.5,105.0,94.99,105.0
2023-06,MUN,SP|BAURU,glp,18,98.945,91.397,105.0,89.99,105.0
2023-06,MUN,SP|BEBEDOURO,glp,8,104.995,99.9,115.0,99.9,115.0
2023-06,MUN,SP|BIRIGUI,glp,13,110.0,99.992,110.0,99.0,110.0
2023-06,MUN,SP|BOTUCATU,glp,10,100.0,98.955,105.5,90.0,110.0
2023-06,MUN,SP|BRAGANCA PAULISTA,glp,12,100.0,99.909,106.791,96.0,109.9
2023-06,MUN,SP|CACAPAVA,glp,8,97.495,84.99,99.993,84.99,100.0
2023-06,MUN,SP|CAMPINAS,glp,20,99.99,99.94,105.999,97.49,114.99
2023-06,MUN,SP|CARAGUATATUBA,glp,8,100.0,98.63,110.5,98.0,135.0
2023-06,MUN,SP|CARAPICUIBA,glp,17,98.0,93.693,103.496,89.99,107.5
2023-06,MUN,SP|CATANDUVA,glp,7,107.0,97.59,107.0,93.99,107.0
2023-06,MUN,SP|COSMOPOLIS,glp,8,94.99,94.99,95.9,94.99,98.0
2023-06,MUN,SP|COTIA,glp,4,112.99,102.99,115.99,99.99,115.99
2023-06,MUN,SP|CRUZEIRO,glp,8,89.99,84.247,95.0,82.49,95.0
2023-06,MUN,SP|CUBATAO,glp,11,110.0,105.0,113.0,104.99,115.0
2023-06,MUN,SP|DIADEMA,glp,10,109.99,94.99,126.5,94.99,126.5
2023-06,MUN,SP|DRACENA,glp,8,110.0,106.7,112.65,99.0,113.0
2023-06,MUN,SP|ELISIARIO,glp,1,95.0,95.0,95.0,95.0,95.0
2023-06,MUN,SP|EMBU DAS ARTES,glp,12,98.745,94.99,109.99,89.99,114.99
2023-06,MUN,SP|FRANCA,glp,18,102.495,99.765,111.5,98.0,115.0
2023-06,MUN,SP|GARCA,glp,8,100.0,95.0,100.0,95.0,100.0
2023-06,MUN,SP|GUARATINGUETA,glp,7,94.0,82.994,97.0,80.0,100.0
2023-06,MUN,SP|GUARUJA,glp,11,110.0,110.0,115.0,109.99,115.0
2023-06,MUN,SP|GUARULHOS,glp,16,89.99,88.99,102.495,87.5,105.0
2023-06,MUN,SP|HORTOLANDIA,glp,10,94.99,84.99,111.5,84.99,125.0
2023-06,MUN,SP|IBITINGA,glp,9,97.5,93.798,110.0,88.99,110.0
2023-06,MUN,SP|INDAIATUBA,glp,8,105.995,102.8,108.6,100.0,110.0
2023-06,MUN,SP|ITANHAEM,glp,10,106.5,99.981,110.1,99.9,111.0
2023-06,MUN,SP|ITAPECERICA DA SERRA,glp,7,89.99,89.99,101.99,89.99,104.99
2023-06,MUN,SP|ITAPETININGA,glp,5,110.0,109.0,113.0,109.0,115.0
2023-06,MUN,SP|ITAPEVA,glp,4,117.5,117.0,118.0,117.0,118.0
2023-06,MUN,SP|ITAPIRA,glp,8,97.5,94.093,103.6,92.0,105.0
2023-06,MUN,SP|ITAPOLIS,glp,10,107.5,105.0,115.5,105.0,120.0
2023-06,MUN,SP|ITAQUAQUECETUBA,glp,15,89.99,85.79,94.99,84.99,94.99
2023-06,MUN,SP|ITATIBA,glp,9,100.0,99.691,103.0,98.495,105.0
2023-06,MUN,SP|ITU,glp,6,105.0,102.5,110.0,100.0,110.0
2023-06,MUN,SP|JABOTICABAL,glp,7,103.0,99.954,110.0,99.9,110.0
2023-06,MUN,SP|JACAREI,glp,14,97.495,89.15,105.9,89.0,115.0
2023-06,MUN,SP|JALES,glp,7,80.0,79.194,86.98,78.0,89.95
2023-06,MUN,SP|JAU,glp,9,112.0,109.98,112.2,109.9,113.0
2023-06,MUN,SP|JOSE BONIFACIO,glp,8,95.0,93.4,101.5,92.0,105.0
2023-06,MUN,SP|JUNDIAI,glp,13,102.0,95.0,110.0,95.0,110.0
2023-06,MUN,SP|LEME,glp,8,95.0,95.0,106.9,95.0,123.0
2023-06,MUN,SP|LIMEIRA,glp,11,94.995,90.0,100.0,90.0,112.5
2023-06,MUN,SP|LINS,glp,7,89.99,79.99,100.0,79.99,100.0
2023-06,MUN,SP|LORENA,glp,9,93.0,78.998,100.0,74.99,100.0
2023-06,MUN,SP|MARILIA,glp,8,110.0,110.0,111.5,110.0,115.0
2023-06,MUN,SP|MATAO,glp,11,97.5,95.0,100.0,94.99,130.0
2023-06,MUN,SP|MAUA,glp,13,107.99,84.99,110.0,84.99,110.0
2023-06,MUN,SP|MIRASSOL,glp,8,102.5,94.1,110.0,92.0,110.0
2023-06,MUN,SP|MOCOCA,glp,8,110.0,99.997,120.3,99.99,121.0
2023-06,MUN,SP|MOGI DAS CRUZES,glp,10,95.995,94.409,99.995,89.99,99.995
2023-06,MUN,SP|MOGI GUACU,glp,8,97.995,94.997,99.99,94.99,99.99
2023-06,MUN,SP|MOGI MIRIM,glp,8,98.375,91.998,101.246,88.495,103.0
2023-06,MUN,SP|MONTE ALTO,glp,7,100.0,100.0,100.0,100.0,100.0
2023-06,MUN,SP|OLIMPIA,glp,6,88.0,88.0,89.5,88.0,90.0
2023-06,MUN,SP|OSASCO,glp,7,96.0,89.99,99.99,89.99,99.99
2023-06,MUN,SP|OURINHOS,glp,10,101.5,89.99,107.2,89.9,109.0
2023-06,MUN,SP|PARAGUACU PAULISTA,glp,9,105.0,97.2,115.0,90.0,115.0
2023-06,MUN,SP|PAULINIA,glp,8,100.0,94.99,106.5,94.99,110.0
2023-06,MUN,SP|PINDAMONHANGABA,glp,14,100.0,92.95,110.0,89.99,110.0
2023-06,MUN,SP|PIRACICABA,glp,17,104.99,94.996,112.0,94.99,120.0
2023-06,MUN,SP|PIRASSUNUNGA,glp,7,99.0,87.9,100.0,87.9,100.0
2023-06,MUN,SP|POA,glp,8,94.99,88.49,101.497,84.99,104.99
2023-06,MUN,SP|PORTO FERREIRA,glp,8,99.0,96.8,102.997,94.0,109.99
2023-06,MUN,SP|PRAIA GRANDE,glp,16,101.0,99.99,105.0,99.99,108.5
2023-06,MUN,SP|PRESIDENTE PRUDENTE,glp,16,100.995,91.445,107.25,89.99,110.0
2023-06,MUN,SP|PRESIDENTE VENCESLAU,glp,8,104.75,98.5,105.3,95.0,106.0
2023-06,MUN,SP|RIBEIRAO PIRES,glp,8,94.99,94.63,105.0,94.0,105.0
2023-06,MUN,SP|RIBEIRAO PRETO,glp,12,105.0,95.3,124.99,84.99,124.99
2023-06,MUN,SP|RIO CLARO,glp,7,95.0,89.99,100.0,89.99,100.0
2023-06,MUN,SP|SALTO,glp,4,100.0,94.4,104.9,92.0,107.0
2023-06,MUN,SP|SANTA BARBARA D'OESTE,glp,13,99.99,98.0,100.0,97.495,100.0
2023-06,MUN,SP|SANTA CRUZ DO RIO PARDO,glp,4,108.0,108.0,109.4,108.0,110.0
2023-06,MUN,SP|SANTO ANDRE,glp,12,99.995,95.0,109.99,94.99,116.99
2023-06,MUN,SP|SANTOS,glp,16,110.0,105.445,132.445,100.0,147.5
2023-06,MUN,SP|SAO BERNARDO DO CAMPO,glp,6,107.5,97.245,121.5,95.5,121.5
2023-06,MUN,SP|SAO CAETANO DO SUL,glp,6,102.495,99.99,112.495,99.99,115.0
2023-06,MUN,SP|SAO CARLOS,glp,19,110.0,105.0,120.0,104.99,130.0
2023-06,MUN,SP|SAO JOAO DA BOA VISTA,glp,8,100.0,100.0,100.0,100.0,100.0
2023-06,MUN,SP|SAO JOSE DO RIO PRETO,glp,30,115.0,95.0,120.0,94.99,125.0
2023-06,MUN,SP|SAO JOSE DOS CAMPOS,glp,22,97.495,79.99,114.491,79.99,120.0
2023-06,MUN,SP|SAO PAULO,glp,68,105.0,99.99,117.927,89.99,124.0
2023-06,MUN,SP|SAO ROQUE,glp,9,100.0,94.99,102.0,94.99,102.0
2023-06,MUN,SP|SAO VICENTE,glp,18,104.198,94.698,109.914,93.99,110.0
2023-06,MUN,SP|SERTAOZINHO,glp,11,92.0,89.99,92.0,89.0,92.0
2023-06,MUN,SP|SOROCABA,glp,20,105.0,97.691,113.099,94.99,115.0
2023-06,MUN,SP|SUMARE,glp,11,99.99,95.0,119.495,94.99,120.0
2023-06,MUN,SP|SUZANO,glp,15,95.0,89.99,106.794,85.0,115.0
2023-06,MUN,SP|TABOAO DA SERRA,glp,8,99.99,94.997,106.497,94.99,109.99
2023-06,MUN,SP|TATUI,glp,9,99.995,99.492,103.0,97.5,115.0
2023-06,MUN,SP|TAUBATE,glp,13,89.0,79.99,95.8,78.0,100.0
2023-06,MUN,SP|TUPA,glp,6,100.0,95.0,113.75,95.0,117.5
2023-06,MUN,SP|UBATUBA,glp,9,99.99,93.4,111.0,87.0,115.0
2023-06,MUN,SP|VALINHOS,glp,10,99.4,93.99,109.99,93.99,109.99
2023-06,MUN,SP|VARZEA PAULISTA,glp,8,95.0,92.89,101.8,87.99,106.0
2023-06,MUN,SP|VINHEDO,glp,9,98.0,89.998,104.918,89.99,104.99
2023-06,MUN,SP|VOTORANTIM,glp,8,105.0,104.0,106.5,104.0,110.0
2023-06,MUN,SP|VOTUPORANGA,glp,9,99.0,95.0,101.172,95.0,105.9
2023-06,MUN,TO|ARAGUAINA,glp,18,120.0,115.0,120.0,110.0,122.5
2023-06,MUN,TO|GURUPI,glp,12,115.0,110.25,115.0,108.99,115.0
2023-06,MUN,TO|PALMAS,glp,19,120.0,115.0,127.6,115.0,130.0
2023-06,MUN,TO|PARAISO DO TOCANTINS,glp,9,125.0,116.0,125.0,100.0,125.0
2023-06,MUN,TO|PORTO NACIONAL,glp,9,115.0,110.0,120.0,110.0,120.0
2023-06,UF,AC,glp,40,116.0,108.45,125.0,105.0,135.0
2023-06,UF,AL,glp,56,95.0,86.995,105.0,84.0,110.0
2023-06,UF,AM,glp,119,121.0,110.0,132.2,108.0,150.0
2023-06,UF,AP,glp,29,118.0,108.0,123.0,95.0,128.0
2023-06,UF,BA,glp,248,110.0,96.5,125.0,85.0,147.0
2023-06,UF,CE,glp,126,102.0,93.5,110.0,84.99,125.0
2023-06,UF,DF,glp,57,94.995,89.99,99.99,89.99,119.99
2023-06,UF,ES,glp,128,95.0,87.495,106.5,79.99,122.0
2023-06,UF,GO,glp,247,105.0,92.99,120.0,79.99,135.0
2023-06,UF,MA,glp,141,99.99,94.99,120.0,89.99,125.0
2023-06,UF,MG,glp,592,102.5,89.99,120.0,78.0,149.0
2023-06,UF,MS,glp,102,110.0,99.0,124.5,92.0,135.5
2023-06,UF,MT,glp,116,120.0,100.0,140.0,84.99,145.0
2023-06,UF,PA,glp,182,110.0,92.99,133.85,84.99,140.0
2023-06,UF,PB,glp,83,105.0,93.0,110.0,83.99,120.0
2023-06,UF,PE,glp,160,90.0,79.99,110.25,74.99,120.0
2023-06,UF,PI,glp,60,100.0,97.25,115.0,80.0,122.0
2023-06,UF,PR,glp,382,100.0,89.9,117.5,75.0,129.9
2023-06,UF,RJ,glp,331,94.0,83.99,106.0,74.99,120.0
2023-06,UF,RN,glp,59,104.0,99.0,115.0,85.0,135.0
2023-06,UF,RO,glp,74,122.0,110.6,132.0,98.0,143.0
2023-06,UF,RR,glp,30,125.5,118.0,135.0,116.0,140.0
2023-06,UF,RS,glp,384,104.995,95.0,120.0,85.0,142.0
2023-06,UF,SC,glp,179,115.0,103.9,126.99,95.0,155.0
2023-06,UF,SE,glp,53,100.0,95.0,109.0,94.0,128.0
2023-06,UF,SP,glp,1176,100.0,89.99,113.0,74.99,147.5
2023-06,UF,TO,glp,67,117.5,110.0,125.0,100.0,130.0
2023-07,BR,BR,glp,5293,100.0,89.99,120.0,70.0,150.0
2023-07,MUN,AC|CRUZEIRO DO SUL,glp,5,118.0,116.0,119.2,116.0,120.0
2023-07,MUN,AC|RIO BRANCO,glp,34,112.0,105.0,125.0,103.0,135.0
2023-07,MUN,AL|ARAPIRACA,glp,7,90.0,84.596,94.0,83.99,100.0
2023-07,MUN,AL|DELMIRO GOUVEIA,glp,4,97.5,91.5,100.0,90.0,100.0
2023-07,MUN,AL|MACEIO,glp,36,94.0,85.0,105.0,84.0,110.0
2023-07,MUN,AL|PALMEIRA DOS INDIOS,glp,4,89.995,89.958,93.5,89.945,95.0
2023-07,MUN,AL|RIO LARGO,glp,8,95.0,94.4,105.0,93.0,105.0
2023-07,MUN,AM|ITACOATIARA,glp,9,123.0,119.992,126.8,112.0,130.0
2023-07,MUN,AM|MANACAPURU,glp,10,132.5,130.0,135.0,130.0,135.0
2023-07,MUN,AM|MANAUS,glp,98,118.0,108.85,125.0,106.0,140.0
2023-07,MUN,AM|PARINTINS,glp,9,125.0,120.0,125.0,120.0,125.0
2023-07,MUN,AM|TEFE,glp,4,150.0,147.2,150.0,146.0,150.0
2023-07,MUN,AP|MACAPA,glp,20,117.5,108.0,120.3,108.0,128.0
2023-07,MUN,AP|SANTANA,glp,8,105.0,102.0,111.6,95.0,120.0
2023-07,MUN,BA|AGUA FRIA,glp,1,120.0,120.0,120.0,120.0,120.0
2023-07,MUN,BA|ALAGOINHAS,glp,10,107.0,99.999,110.0,99.99,110.0
2023-07,MUN,BA|BARREIRAS,glp,10,135.0,132.5,135.5,132.5,140.0
2023-07,MUN,BA|BRUMADO,glp,6,105.0,96.25,114.5,90.0,115.0
2023-07,MUN,BA|CAETITE,glp,8,100.0,95.0,100.0,95.0,100.0
2023-07,MUN,BA|CAMACARI,glp,11,110.0,107.0,115.0,99.99,115.0
2023-07,MUN,BA|EUNAPOLIS,glp,8,100.0,100.0,100.0,100.0,100.0
2023-07,MUN,BA|FEIRA DE SANTANA,glp,11,91.99,87.45,100.0,87.0,100.0
2023-07,MUN,BA|GUANAMBI,glp,12,107.5,100.0,110.0,100.0,110.0
2023-07,MUN,BA|ILHEUS,glp,8,123.5,115.0,144.2,115.0,147.0
2023-07,MUN,BA|IPIRA,glp,4,103.0,92.0,114.0,92.0,114.0
2023-07,MUN,BA|IRECE,glp,9,107.5,102.0,110.0,100.0,110.0
2023-07,MUN,BA|ITABUNA,glp,10,100.0,95.0,108.25,95.0,115.0
2023-07,MUN,BA|ITAMARAJU,glp,11,110.0,100.0,110.0,95.0,115.0
2023-07,MUN,BA|JACOBINA,glp,6,126.0,120.0,130.0,120.0,130.0
2023-07,MUN,BA|JAGUAQUARA,glp,8,100.0,100.0,106.5,100.0,110.0
2023-07,MUN,BA|JEQUIE,glp,7,89.99,83.0,103.2,80.0,120.0
2023-07,MUN,BA|JUAZEIRO,glp,3,98.0,93.6,99.6,92.5,100.0
2023-07,MUN,BA|LAURO DE FREITAS,glp,11,108.0,100.0,110.5,99.99,111.0
2023-07,MUN,BA|LIVRAMENTO DE NOSSA SENHORA,glp,10,105.0,105.0,107.3,105.0,128.0
2023-07,MUN,BA|PAULO AFONSO,glp,9,93.0,85.8,97.3,85.0,98.5
2023-07,MUN,BA|POCOES,glp,8,99.0,93.35,103.25,93.0,105.0
2023-07,MUN,BA|PORTO SEGURO,glp,6,100.0,97.5,105.0,95.0,110.0
2023-07,MUN,BA|SALVADOR,glp,18,105.0,90.0,113.6,84.99,120.0
2023-07,MUN,BA|SANTO ANTONIO DE JESUS,glp,10,105.0,95.0,110.0,95.0,110.0
2023-07,MUN,BA|SENHOR DO BONFIM,glp,3,110.0,110.0,110.0,110.0,110.0
2023-07,MUN,BA|SERRINHA,glp,6,122.5,115.0,123.75,110.0,125.0
2023-07,MUN,BA|SIMOES FILHO,glp,7,102.99,95.0,116.196,95.0,117.99
2023-07,MUN,BA|TEIXEIRA DE FREITAS,glp,11,90.0,84.5,100.0,80.0,110.0
2023-07,MUN,BA|VALENCA,glp,8,115.0,110.0,115.0,110.0,115.0
2023-07,MUN,BA|VITORIA DA CONQUISTA,glp,12,102.5,95.481,114.5,94.99,115.0
2023-07,MUN,CE|CANINDE,glp,3,102.0,98.8,104.4,98.0,105.0
2023-07,MUN,CE|CAUCAIA,glp,14,100.0,91.493,114.9,84.99,120.0
2023-07,MUN,CE|CRATEUS,glp,5,110.0,100.8,110.0,100.0,110.0
2023-07,MUN,CE|CRATO,glp,8,103.0,102.997,103.0,102.99,103.0
2023-07,MUN,CE|FORTALEZA,glp,37,96.0,89.99,105.4,87.99,110.0
2023-07,MUN,CE|ICO,glp,5,105.0,94.0,110.0,90.0,110.0
2023-07,MUN,CE|IGUATU,glp,10,99.248,96.8,101.5,95.0,106.0
2023-07,MUN,CE|ITAPIPOCA,glp,10,100.0,94.9,110.0,94.0,110.0
2023-07,MUN,CE|JUAZEIRO DO NORTE,glp,11,103.0,103.0,103.0,103.0,115.0
2023-07,MUN,CE|LIMOEIRO DO NORTE,glp,7,100.0,88.0,100.0,88.0,100.0
2023-07,MUN,CE|MARACANAU,glp,9,104.0,97.598,115.4,87.99,125.0
2023-07,MUN,CE|QUIXADA,glp,6,99.0,97.0,100.0,96.0,100.0
2023-07,MUN,CE|SOBRAL,glp,6,105.0,105.0,109.0,105.0,109.0
2023-07,MUN,DF|BRASILIA,glp,55,94.99,89.99,99.99,84.99,119.99
2023-07,MUN,ES|ARACRUZ,glp,10,103.75,99.491,120.0,95.0,120.0
2023-07,MUN,ES|CACHOEIRO DE ITAPEMIRIM,glp,8,98.5,89.99,101.5,89.99,105.0
2023-07,MUN,ES|CARIACICA,glp,15,95.0,78.796,100.0,75.0,100.0
2023-07,MUN,ES|COLATINA,glp,7,90.0,86.8,105.0,85.0,105.0
2023-07,MUN,ES|GUARAPARI,glp,10,89.99,84.99,101.0,84.99,110.0
2023-07,MUN,ES|LINHARES,glp,14,105.0,101.5,111.75,100.0,115.0
2023-07,MUN,ES|SAO MATEUS,glp,12,94.0,92.99,95.0,92.0,95.0
2023-07,MUN,ES|SERRA,glp,21,89.99,85.0,95.0,85.0,95.0
2023-07,MUN,ES|VILA VELHA,glp,21,95.0,87.99,100.0,85.0,105.0
2023-07,MUN,ES|VITORIA,glp,8,99.995,89.997,101.5,89.99,105.0
2023-07,MUN,GO|AGUAS LINDAS DE GOIAS,glp,20,89.995,84.491,95.5,79.99,115.0
2023-07,MUN,GO|ANAPOLIS,glp,31,104.0,100.0,110.0,100.0,113.0
2023-07,MUN,GO|APARECIDA DE GOIANIA,glp,32,100.0,95.0,105.0,89.99,110.0
2023-07,MUN,GO|CALDAS NOVAS,glp,12,110.0,103.3,110.0,102.5,111.5
2023-07,MUN,GO|CATALAO,glp,9,110.0,99.8,116.0,99.0,120.0
2023-07,MUN,GO|FORMOSA,glp,10,105.0,99.5,115.0,95.0,115.0
2023-07,MUN,GO|GOIANIA,glp,54,105.0,95.0,110.0,89.99,130.0
2023-07,MUN,GO|GOIATUBA,glp,6,117.5,115.0,120.0,115.0,120.0
2023-07,MUN,GO|ITUMBIARA,glp,8,110.0,101.4,115.0,100.0,115.0
2023-07,MUN,GO|JATAI,glp,7,120.0,113.0,126.0,110.0,135.0
2023-07,MUN,GO|LUZIANIA,glp,14,92.99,89.99,100.0,88.0,103.0
2023-07,MUN,GO|MINEIROS,glp,7,110.0,108.0,110.0,105.0,110.0
2023-07,MUN,GO|MORRINHOS,glp,7,100.0,100.0,105.0,100.0,105.0
2023-07,MUN,GO|PORANGATU,glp,8,115.0,108.5,119.93,105.0,120.0
2023-07,MUN,GO|RIO VERDE,glp,10,115.0,110.0,115.5,110.0,120.0
2023-07,MUN,GO|TRINDADE,glp,18,99.75,94.047,100.0,89.99,105.0
2023-07,MUN,GO|VALPARAISO DE GOIAS,glp,11,90.0,89.99,99.99,72.99,100.0
2023-07,MUN,MA|ACAILANDIA,glp,10,100.0,99.9,106.0,99.0,115.0
2023-07,MUN,MA|BACABAL,glp,9,108.0,108.0,108.0,108.0,108.0
2023-07,MUN,MA|BALSAS,glp,7,120.0,118.6,123.5,118.0,125.0
2023-07,MUN,MA|BARRA DO CORDA,glp,8,110.0,110.0,110.0,110.0,110.0
2023-07,MUN,MA|CAXIAS,glp,6,99.99,99.99,106.25,99.99,110.0
2023-07,MUN,MA|CODO,glp,10,110.0,110.0,110.0,110.0,110.0
2023-07,MUN,MA|IMPERATRIZ,glp,15,95.0,89.994,100.0,89.99,100.0
2023-07,MUN,MA|PINHEIRO,glp,10,120.0,119.5,120.0,115.0,120.0
2023-07,MUN,MA|PRESIDENTE DUTRA,glp,6,112.75,110.0,115.75,110.0,116.5
2023-07,MUN,MA|SANTA INES,glp,7,120.0,118.0,122.994,115.0,123.0
2023-07,MUN,MA|SAO JOSE DE RIBAMAR,glp,15,95.0,94.99,95.0,94.99,95.0
2023-07,MUN,MA|SAO LUIS,glp,47,95.0,94.99,99.396,90.0,104.0
2023-07,MUN,MG|ALFENAS,glp,8,96.5,85.597,100.0,79.99,100.0
2023-07,MUN,MG|ARAGUARI,glp,8,100.25,98.5,110.0,95.0,110.0
2023-07,MUN,MG|ARAXA,glp,7,94.0,86.4,109.0,84.0,130.0
2023-07,MUN,MG|BARBACENA,glp,9,95.0,89.572,96.0,87.9,100.0
2023-07,MUN,MG|BELO HORIZONTE,glp,33,105.0,89.992,120.0,85.0,149.0
2023-07,MUN,MG|BETIM,glp,18,106.75,96.297,107.0,83.49,110.0
2023-07,MUN,MG|BOM DESPACHO,glp,9,100.0,93.98,116.0,89.9,120.0
2023-07,MUN,MG|CAMPO BELO,glp,9,110.0,110.0,112.6,110.0,115.0
2023-07,MUN,MG|CARATINGA,glp,8,110.0,99.997,122.97,99.99,129.9
2023-07,MUN,MG|CONGONHAS,glp,8,102.5,94.99,107.9,94.99,110.0
2023-07,MUN,MG|CONSELHEIRO LAFAIETE,glp,10,88.0,87.7,100.0,85.0,100.0
2023-07,MUN,MG|CONTAGEM,glp,25,110.0,91.936,110.0,84.5,120.0
2023-07,MUN,MG|CORONEL FABRICIANO,glp,10,115.0,109.5,115.3,105.0,118.0
2023-07,MUN,MG|CURVELO,glp,8,90.0,78.5,94.393,75.0,100.0
2023-07,MUN,MG|DIVINOPOLIS,glp,9,100.0,98.992,100.0,95.0,100.0
2023-07,MUN,MG|FORMIGA,glp,9,85.0,75.0,100.0,75.0,130.0
2023-07,MUN,MG|FRUTAL,glp,9,89.99,89.972,91.972,89.9,99.9
2023-07,MUN,MG|GOVERNADOR VALADARES,glp,14,113.5,110.0,125.0,100.0,125.0
2023-07,MUN,MG|GUAXUPE,glp,10,88.975,79.41,90.5,75.0,95.0
2023-07,MUN,MG|IPATINGA,glp,8,110.0,100.0,110.15,100.0,110.5
2023-07,MUN,MG|ITABIRA,glp,2,110.0,110.0,110.0,110.0,110.0
2023-07,MUN,MG|ITAJUBA,glp,7,95.0,90.0,113.0,90.0,125.0
2023-07,MUN,MG|ITAUNA,glp,7,105.0,95.6,125.0,95.0,125.0
2023-07,MUN,MG|ITUIUTABA,glp,8,85.0,85.0,95.0,85.0,95.0
2023-07,MUN,MG|JANAUBA,glp,7,95.0,95.0,95.0,95.0,95.0
2023-07,MUN,MG|JANUARIA,glp,8,115.0,115.0,118.0,115.0,118.0
2023-07,MUN,MG|JOAO MONLEVADE,glp,9,105.0,99.0,106.0,95.0,110.0
2023-07,MUN,MG|JOAO PINHEIRO,glp,10,112.75,110.0,115.19,110.0,116.9
2023-07,MUN,MG|JUIZ DE FORA,glp,18,84.995,79.99,94.99,79.99,94.99
2023-07,MUN,MG|LAVRAS,glp,8,100.0,97.8,100.0,95.0,100.0
2023-07,MUN,MG|LEOPOLDINA,glp,10,97.0,94.5,101.0,90.0,110.0
2023-07,MUN,MG|MANHUACU,glp,6,102.5,99.95,110.0,99.9,110.0
2023-07,MUN,MG|MONTE CARMELO,glp,9,90.0,89.998,100.0,89.99,100.0
2023-07,MUN,MG|MONTES CLAROS,glp,32,120.0,99.99,120.0,93.99,130.0
2023-07,MUN,MG|MURIAE,glp,7,100.0,96.2,105.2,95.0,113.0
2023-07,MUN,MG|NOVA LIMA,glp,8,100.0,97.05,110.0,92.5,110.0
2023-07,MUN,MG|OLIVEIRA,glp,1,110.0,110.0,110.0,110.0,110.0
2023-07,MUN,MG|OURO PRETO,glp,4,110.0,110.0,113.5,110.0,115.0
2023-07,MUN,MG|PARA DE MINAS,glp,8,100.0,92.1,117.8,90.0,119.9
2023-07,MUN,MG|PARACATU,glp,7,100.0,93.0,112.0,93.0,115.0
2023-07,MUN,MG|PASSOS,glp,6,92.5,90.0,100.0,90.0,100.0
2023-07,MUN,MG|PATOS DE MINAS,glp,12,100.0,90.0,113.5,90.0,120.0
2023-07,MUN,MG|PATROCINIO,glp,8,90.0,90.0,100.0,90.0,100.0
2023-07,MUN,MG|POCOS DE CALDAS,glp,9,108.0,107.392,110.0,105.0,118.0
2023-07,MUN,MG|POUSO ALEGRE,glp,12,98.0,81.0,115.0,79.99,115.0
2023-07,MUN,MG|SABARA,glp,8,105.0,95.0,118.6,95.0,127.0
2023-07,MUN,MG|SAO JOAO DEL REI,glp,6,97.0,92.5,105.0,90.0,110.0
2023-07,MUN,MG|SAO SEBASTIAO DO PARAISO,glp,10,82.5,79.999,89.91,79.99,90.0
2023-07,MUN,MG|SETE LAGOAS,glp,13,100.0,95.39,110.0,84.99,117.0
2023-07,MUN,MG|TEOFILO OTONI,glp,13,100.0,99.992,109.6,99.99,125.0
2023-07,MUN,MG|TIMOTEO,glp,5,100.0,100.0,110.4,100.0,114.0
2023-07,MUN,MG|TRES CORACOES,glp,9,89.99,87.29,91.8,86.49,95.0
2023-07,MUN,MG|UBA,glp,7,100.0,90.0,100.0,90.0,100.0
2023-07,MUN,MG|UBERABA,glp,17,90.0,83.0,105.0,79.99,110.0
2023-07,MUN,MG|UBERLANDIA,glp,23,100.0,95.0,110.0,87.0,125.0
2023-07,MUN,MG|UNAI,glp,8,115.0,115.0,115.0,115.0,115.0
2023-07,MUN,MG|VARGINHA,glp,9,90.0,80.0,105.6,80.0,110.0
2023-07,MUN,MG|VICOSA,glp,8,120.0,115.5,120.0,105.0,120.0
2023-07,MUN,MS|CAMPO GRANDE,glp,38,99.995,93.63,110.0,92.0,135.5
2023-07,MUN,MS|CORUMBA,glp,7,120.0,108.0,130.0,105.0,130.0
2023-07,MUN,MS|COXIM,glp,11,120.0,117.5,125.0,117.5,125.0
2023-07,MUN,MS|DOURADOS,glp,21,103.99,100.0,120.0,99.99,130.0
2023-07,MUN,MS|NOVA ANDRADINA,glp,7,105.0,103.0,112.5,100.0,112.5
2023-07,MUN,MS|PONTA PORA,glp,7,112.0,110.0,117.0,110.0,120.0
2023-07,MUN,MS|TRES LAGOAS,glp,11,115.0,110.0,121.5,108.0,128.0
2023-07,MUN,MT|ALTA FLORESTA,glp,9,142.0,130.0,142.6,130.0,145.0
2023-07,MUN,MT|CACERES,glp,13,89.99,84.99,100.0,84.99,105.0
2023-07,MUN,MT|CUIABA,glp,38,120.0,101.4,130.9,90.0,137.5
2023-07,MUN,MT|RONDONOPOLIS,glp,18,123.75,118.5,126.5,115.0,132.5
2023-07,MUN,MT|SINOP,glp,15,140.0,132.0,145.0,130.0,145.0
2023-07,MUN,MT|SORRISO,glp,7,130.0,123.0,133.5,120.0,135.0
2023-07,MUN,MT|VARZEA GRANDE,glp,23,118.0,98.4,120.0,95.0,125.0
2023-07,MUN,PA|ABAETETUBA,glp,6,95.5,95.0,104.5,95.0,109.0
2023-07,MUN,PA|ALENQUER,glp,5,110.0,105.0,110.0,105.0,110.0
2023-07,MUN,PA|ALTAMIRA,glp,8,122.5,110.0,126.6,110.0,128.0
2023-07,MUN,PA|ANANINDEUA,glp,26,95.0,91.0,115.0,90.0,115.0
2023-07,MUN,PA|BELEM,glp,40,104.992,92.0,111.3,90.99,144.0
2023-07,MUN,PA|BRAGANCA,glp,6,108.0,106.5,109.0,105.0,110.0
2023-07,MUN,PA|CAMETA,glp,7,115.0,114.6,115.0,114.0,115.0
2023-07,MUN,PA|CASTANHAL,glp,13,105.0,100.0,110.0,99.99,110.0
2023-07,MUN,PA|CONCEICAO DO ARAGUAIA,glp,6,110.0,102.5,110.0,100.0,110.0
2023-07,MUN,PA|ITAITUBA,glp,5,122.0,104.2,125.0,95.0,125.0
2023-07,MUN,PA|MARABA,glp,7,114.99,107.193,120.0,102.99,120.0
2023-07,MUN,PA|PARAGOMINAS,glp,9,135.0,120.0,135.0,120.0,135.0
2023-07,MUN,PA|PARAUAPEBAS,glp,2,134.5,134.1,134.9,134.0,135.0
2023-07,MUN,PA|REDENCAO,glp,11,140.0,140.0,140.0,127.5,140.0
2023-07,MUN,PA|SANTAREM,glp,19,97.5,88.992,105.6,81.49,109.0
2023-07,MUN,PA|XINGUARA,glp,8,130.0,125.0,131.5,125.0,135.0
2023-07,MUN,PB|BAYEUX,glp,8,90.0,89.997,110.0,89.99,110.0
2023-07,MUN,PB|CABEDELO,glp,9,100.0,98.992,105.0,95.0,105.0
2023-07,MUN,PB|CAMPINA GRANDE,glp,17,110.0,101.0,120.0,93.0,120.0
2023-07,MUN,PB|JOAO PESSOA,glp,36,105.49,90.0,110.0,83.99,110.0
2023-07,MUN,PB|PATOS,glp,10,105.0,103.6,110.2,100.0,112.0
2023-07,MUN,PB|SOUSA,glp,6,98.0,96.5,100.0,95.0,100.0
2023-07,MUN,PE|ARARIPINA,glp,8,115.0,115.0,116.5,115.0,120.0
2023-07,MUN,PE|ARCOVERDE,glp,7,87.49,84.99,89.994,84.99,90.0
2023-07,MUN,PE|BELO JARDIM,glp,8,100.0,87.093,100.0,85.0,100.0
2023-07,MUN,PE|CABO DE SANTO AGOSTINHO,glp,10,85.0,84.049,87.75,79.99,90.0
2023-07,MUN,PE|CARUARU,glp,17,80.0,75.6,87.0,74.99,100.0
2023-07,MUN,PE|GARANHUNS,glp,10,74.99,74.99,75.0,74.99,75.0
2023-07,MUN,PE|GOIANA,glp,2,98.0,88.4,107.6,86.0,110.0
2023-07,MUN,PE|IGARASSU,glp,9,95.0,94.0,100.6,90.0,103.0
2023-07,MUN,PE|JABOATAO DOS GUARARAPES,glp,15,93.0,88.39,103.0,84.99,114.0
2023-07,MUN,PE|LAJEDO,glp,4,75.0,75.0,75.0,75.0,75.0
2023-07,MUN,PE|OLINDA,glp,14,85.0,79.99,107.0,74.99,120.0
2023-07,MUN,PE|PAULISTA,glp,12,88.75,75.491,94.75,74.99,100.0
2023-07,MUN,PE|PETROLINA,glp,5,100.0,97.0,108.0,95.0,110.0
2023-07,MUN,PE|RECIFE,glp,22,88.745,82.025,95.0,79.99,100.0
2023-07,MUN,PE|SALGUEIRO,glp,5,85.0,83.0,101.0,83.0,105.0
2023-07,MUN,PE|SANTA CRUZ DO CAPIBARIBE,glp,5,105.0,102.0,113.0,100.0,115.0
2023-07,MUN,PE|SERRA TALHADA,glp,5,110.0,107.0,110.0,105.0,110.0
2023-07,MUN,PE|VITORIA DE SANTO ANTAO,glp,6,84.995,84.495,85.0,84.0,85.0
2023-07,MUN,PI|PARNAIBA,glp,8,105.0,93.993,111.5,80.0,115.0
2023-07,MUN,PI|PICOS,glp,8,100.0,100.0,105.0,100.0,105.0
2023-07,MUN,PI|PIRIPIRI,glp,7,115.0,105.99,117.0,99.99,120.0
2023-07,MUN,PI|TERESINA,glp,40,100.0,94.49,100.5,89.99,115.0
2023-07,MUN,PR|APUCARANA,glp,12,100.0,99.9,100.0,95.0,100.0
2023-07,MUN,PR|ARAPONGAS,glp,13,95.0,93.38,100.0,92.95,105.0
2023-07,MUN,PR|ARAUCARIA,glp,12,90.0,89.91,95.0,89.9,95.0
2023-07,MUN,PR|ASSIS CHATEAUBRIAND,glp,6,115.0,105.0,115.0,100.0,115.0
2023-07,MUN,PR|CAMBE,glp,8,105.0,105.0,120.0,105.0,120.0
2023-07,MUN,PR|CAMPO LARGO,glp,12,94.5,89.0,95.9,88.0,98.0
2023-07,MUN,PR|CAMPO MOURAO,glp,8,111.5,109.97,117.4,109.9,123.0
2023-07,MUN,PR|CASCAVEL,glp,18,102.5,97.67,111.5,95.0,115.0
2023-07,MUN,PR|CASTRO,glp,8,100.0,99.997,105.0,99.99,105.0
2023-07,MUN,PR|CIANORTE,glp,8,110.0,103.47,123.0,99.9,130.0
2023-07,MUN,PR|COLOMBO,glp,19,89.9,84.72,93.8,83.9,95.0
2023-07,MUN,PR|CORNELIO PROCOPIO,glp,9,110.0,109.0,111.5,105.0,117.5
2023-07,MUN,PR|CURITIBA,glp,63,90.0,86.9,99.72,78.9,119.99
2023-07,MUN,PR|FOZ DO IGUACU,glp,19,100.0,95.0,111.0,94.99,118.0
2023-07,MUN,PR|FRANCISCO BELTRAO,glp,7,112.0,107.94,117.0,105.0,120.0
2023-07,MUN,PR|GUARAPUAVA,glp,13,105.0,103.4,107.8,103.0,115.0
2023-07,MUN,PR|LONDRINA,glp,23,100.0,90.3,115.0,90.0,120.0
2023-07,MUN,PR|MARECHAL CANDIDO RONDON,glp,3,95.0,86.12,103.0,83.9,105.0
2023-07,MUN,PR|MARINGA,glp,18,122.5,102.0,125.0,89.99,126.5
2023-07,MUN,PR|PALOTINA,glp,1,95.0,95.0,95.0,95.0,95.0
2023-07,MUN,PR|PARANAGUA,glp,9,85.0,78.0,105.0,70.0,105.0
2023-07,MUN,PR|PARANAVAI,glp,7,89.45,83.754,106.0,81.9,115.0
2023-07,MUN,PR|PATO BRANCO,glp,9,115.0,112.352,119.1,112.0,119.5
2023-07,MUN,PR|PINHAIS,glp,10,94.0,84.99,110.9,84.9,119.0
2023-07,MUN,PR|PONTA GROSSA,glp,18,98.5,94.63,103.6,93.0,110.0
2023-07,MUN,PR|QUEDAS DO IGUACU,glp,1,110.0,110.0,110.0,110.0,110.0
2023-07,MUN,PR|SANTO ANTONIO DA PLATINA,glp,8,111.0,104.0,115.594,104.0,116.98
2023-07,MUN,PR|SAO JOSE DOS PINHAIS,glp,21,90.0,87.0,95.0,80.0,100.0
2023-07,MUN,PR|TOLEDO,glp,13,90.0,85.99,114.0,84.99,120.0
2023-07,MUN,PR|UMUARAMA,glp,8,105.0,89.9,110.0,89.9,110.0
2023-07,MUN,PR|UNIAO DA VITORIA,glp,10,99.0,94.49,110.5,89.9,115.0
2023-07,MUN,RJ|ANGRA DOS REIS,glp,10,114.995,113.591,115.5,110.0,120.0
2023-07,MUN,RJ|ARARUAMA,glp,9,89.99,84.99,95.998,84.99,99.99
2023-07,MUN,RJ|BARRA DO PIRAI,glp,7,98.4,96.14,112.17,95.0,120.0
2023-07,MUN,RJ|BARRA MANSA,glp,9,96.9,95.9,100.92,95.9,105.0
2023-07,MUN,RJ|BELFORD ROXO,glp,9,89.0,79.6,95.4,78.0,97.0
2023-07,MUN,RJ|CABO FRIO,glp,9,89.99,79.518,99.99,77.99,99.99
2023-07,MUN,RJ|CAMPOS DOS GOYTACAZES,glp,10,90.0,88.599,95.5,84.99,100.0
2023-07,MUN,RJ|DUQUE DE CAXIAS,glp,19,89.99,82.598,93.39,80.0,105.0
2023-07,MUN,RJ|ITABORAI,glp,12,84.49,83.99,85.891,81.99,85.99
2023-07,MUN,RJ|ITAGUAI,glp,4,118.5,113.95,118.5,112.0,118.5
2023-07,MUN,RJ|ITAPERUNA,glp,9,85.0,85.0,90.0,85.0,90.0
2023-07,MUN,RJ|MACAE,glp,10,118.0,118.0,118.0,118.0,118.0
2023-07,MUN,RJ|MAGE,glp,10,85.0,84.89,90.499,83.99,94.99
2023-07,MUN,RJ|MARICA,glp,9,85.99,83.992,90.4,80.0,92.0
2023-07,MUN,RJ|NILOPOLIS,glp,8,100.0,96.75,101.5,95.0,105.0
2023-07,MUN,RJ|NITEROI,glp,8,86.99,76.693,95.893,76.0,98.0
2023-07,MUN,RJ|NOVA FRIBURGO,glp,10,87.5,74.999,92.75,74.99,95.0
2023-07,MUN,RJ|NOVA IGUACU,glp,19,94.99,79.998,100.0,78.0,100.0
2023-07,MUN,RJ|PETROPOLIS,glp,6,95.0,90.0,101.0,89.0,102.0
2023-07,MUN,RJ|RESENDE,glp,6,113.25,98.75,115.0,95.0,115.0
2023-07,MUN,RJ|RIO BONITO,glp,8,79.995,74.997,86.497,74.99,89.99
2023-07,MUN,RJ|RIO DE JANEIRO,glp,40,94.99,87.9,100.0,84.0,115.0
2023-07,MUN,RJ|SANTO ANTONIO DE PADUA,glp,5,94.0,87.0,100.0,87.0,100.0
2023-07,MUN,RJ|SAO FRANCISCO DE ITABAPOANA,glp,5,98.0,95.0,100.0,95.0,100.0
2023-07,MUN,RJ|SAO GONCALO,glp,21,90.0,89.99,95.0,86.99,115.0
2023-07,MUN,RJ|SAO JOAO DE MERITI,glp,11,94.0,84.99,96.99,80.0,100.0
2023-07,MUN,RJ|SAPUCAIA,glp,2,92.5,90.5,94.5,90.0,95.0
2023-07,MUN,RJ|SAQUAREMA,glp,4,92.495,89.993,95.697,89.99,96.0
2023-07,MUN,RJ|TERESOPOLIS,glp,7,100.0,99.14,115.5,98.0,116.4
2023-07,MUN,RJ|TRES RIOS,glp,9,84.99,82.59,90.0,80.99,90.0
2023-07,MUN,RJ|VALENCA,glp,7,90.0,89.2,97.0,88.0,100.0
2023-07,MUN,RJ|VOLTA REDONDA,glp,9,100.0,96.5,105.92,94.9,106.0
2023-07,MUN,RN|CAICO,glp,8,100.0,100.0,100.0,100.0,100.0
2023-07,MUN,RN|MOSSORO,glp,14,102.25,100.0,111.4,100.0,120.0
2023-07,MUN,RN|NATAL,glp,25,106.5,95.0,115.0,85.0,128.0
2023-07,MUN,RN|PARNAMIRIM,glp,15,105.0,99.0,105.5,95.0,135.0
2023-07,MUN,RO|ARIQUEMES,glp,8,125.0,117.1,125.6,115.0,127.0
2023-07,MUN,RO|CACOAL,glp,9,129.0,128.0,134.4,128.0,144.0
2023-07,MUN,RO|JI-PARANA,glp,12,120.0,115.3,130.0,115.0,130.0
2023-07,MUN,RO|PIMENTA BUENO,glp,5,135.0,131.4,135.0,129.0,135.0
2023-07,MUN,RO|PORTO VELHO,glp,33,112.0,104.4,120.0,98.0,125.0
2023-07,MUN,RO|VILHENA,glp,8,128.5,125.0,133.25,125.0,135.0
2023-07,MUN,RR|BOA VISTA,glp,34,125.0,118.0,134.4,115.0,140.0
2023-07,MUN,RS|ALEGRETE,glp,8,107.75,98.7,111.5,98.0,115.0
2023-07,MUN,RS|ALVORADA,glp,9,95.0,88.794,102.0,87.99,110.0
2023-07,MUN,RS|BAGE,glp,11,115.0,109.0,120.0,105.0,120.0
2023-07,MUN,RS|BENTO GONCALVES,glp,7,116.95,109.14,125.6,108.0,128.0
2023-07,MUN,RS|CACHOEIRA DO SUL,glp,9,98.0,89.6,101.0,88.0,105.0
2023-07,MUN,RS|CACHOEIRINHA,glp,8,101.0,98.43,105.0,95.0,105.0
2023-07,MUN,RS|CANOAS,glp,18,100.0,96.33,101.59,90.0,115.0
2023-07,MUN,RS|CAXIAS DO SUL,glp,32,99.9,99.9,108.85,94.9,125.0
2023-07,MUN,RS|CRUZ ALTA,glp,7,76.9,75.0,76.9,75.0,76.9
2023-07,MUN,RS|ERECHIM,glp,9,120.0,118.0,121.6,118.0,128.0
2023-07,MUN,RS|ESTEIO,glp,8,100.0,95.0,105.9,95.0,108.0
2023-07,MUN,RS|FARROUPILHA,glp,1,110.0,110.0,110.0,110.0,110.0
2023-07,MUN,RS|GRAMADO,glp,7,115.0,113.0,129.0,113.0,129.0
2023-07,MUN,RS|GRAVATAI,glp,11,99.98,99.0,108.0,95.0,108.0
2023-07,MUN,RS|GUAIBA,glp,7,100.0,100.0,106.9,100.0,109.9
2023-07,MUN,RS|IJUI,glp,7,119.9,104.0,120.4,95.0,121.0
2023-07,MUN,RS|LAJEADO,glp,8,99.45,95.0,103.6,95.0,112.0
2023-07,MUN,RS|NOVO HAMBURGO,glp,13,93.0,90.0,95.0,90.0,97.5
2023-07,MUN,RS|OSORIO,glp,10,99.9,92.0,110.0,92.0,110.0
2023-07,MUN,RS|PASSO FUNDO,glp,11,110.0,108.0,110.0,107.0,110.0
2023-07,MUN,RS|PELOTAS,glp,20,106.0,98.0,108.2,98.0,112.0
2023-07,MUN,RS|PORTO ALEGRE,glp,23,105.0,99.92,111.6,98.0,114.9
2023-07,MUN,RS|RIO GRANDE,glp,10,125.0,116.1,135.3,108.0,138.0
2023-07,MUN,RS|SANTA CRUZ DO SUL,glp,12,100.0,95.0,106.8,95.0,107.0
2023-07,MUN,RS|SANTA MARIA,glp,23,103.0,99.0,113.9,98.0,129.9
2023-07,MUN,RS|SANTA ROSA,glp,8,105.0,105.0,112.4,105.0,125.0
2023-07,MUN,RS|SANTANA DO LIVRAMENTO,glp,9,110.0,99.0,119.2,95.0,120.0
2023-07,MUN,RS|SANTO ANGELO,glp,6,120.0,111.5,127.0,108.0,129.0
2023-07,MUN,RS|SAO GABRIEL,glp,6,111.0,110.0,114.0,110.0,115.0
2023-07,MUN,RS|SAO LEOPOLDO,glp,8,96.5,92.1,101.497,90.0,104.99
2023-07,MUN,RS|SAO LUIZ GONZAGA,glp,7,100.0,96.8,116.0,95.0,125.0
2023-07,MUN,RS|SAPIRANGA,glp,8,106.5,98.55,108.6,97.5,110.0
2023-07,MUN,RS|SAPUCAIA DO SUL,glp,8,95.0,95.0,100.0,95.0,100.0
2023-07,MUN,RS|TORRES,glp,5,113.0,108.8,118.0,108.0,120.0
2023-07,MUN,RS|URUGUAIANA,glp,8,117.5,105.0,121.5,105.0,125.0
2023-07,MUN,RS|VACARIA,glp,7,108.0,106.2,112.0,105.0,115.0
2023-07,MUN,RS|VIAMAO,glp,12,108.0,94.1,110.0,94.0,124.0
2023-07,MUN,SC|ARARANGUA,glp,7,100.0,99.6,103.794,99.0,105.0
2023-07,MUN,SC|BALNEARIO CAMBORIU,glp,8,124.99,120.0,126.193,120.0,129.0
2023-07,MUN,SC|BIGUACU,glp,5,117.495,115.4,120.594,115.0,120.99
2023-07,MUN,SC|BLUMENAU,glp,10,121.975,104.4,124.9,99.0,124.9
2023-07,MUN,SC|BRUSQUE,glp,9,115.9,114.0,121.398,114.0,126.99
2023-07,MUN,SC|CACADOR,glp,9,109.0,99.99,124.0,99.99,140.0
2023-07,MUN,SC|CHAPECO,glp,13,130.0,118.0,134.0,118.0,138.0
2023-07,MUN,SC|CONCORDIA,glp,10,105.0,99.99,110.391,99.99,114.0
2023-07,MUN,SC|CRICIUMA,glp,9,114.0,110.0,117.6,110.0,118.0
2023-07,MUN,SC|FLORIANOPOLIS,glp,8,115.0,113.5,121.5,110.0,125.0
2023-07,MUN,SC|GASPAR,glp,1,125.0,125.0,125.0,125.0,125.0
2023-07,MUN,SC|ITAJAI,glp,19,114.0,99.8,119.0,99.0,129.0
2023-07,MUN,SC|JARAGUA DO SUL,glp,11,103.9,92.9,104.0,89.9,105.0
2023-07,MUN,SC|JOINVILLE,glp,13,112.0,110.0,125.0,110.0,133.0
2023-07,MUN,SC|LAGES,glp,3,110.0,106.0,122.0,105.0,125.0
2023-07,MUN,SC|LAGUNA,glp,7,110.0,102.0,117.0,102.0,120.0
2023-07,MUN,SC|MAFRA,glp,4,112.45,109.27,115.0,109.0,115.0
2023-07,MUN,SC|PALHOCA,glp,10,112.5,108.0,125.0,108.0,125.0
2023-07,MUN,SC|SAO JOSE,glp,13,118.0,106.792,120.0,99.99,124.0
2023-07,MUN,SC|TUBARAO,glp,8,110.0,110.0,115.0,110.0,115.0
2023-07,MUN,SC|VIDEIRA,glp,9,114.0,107.998,121.0,99.99,125.0
2023-07,MUN,SC|XANXERE,glp,6,125.0,105.0,130.0,105.0,130.0
2023-07,MUN,SE|ARACAJU,glp,21,96.9,94.9,104.9,93.0,128.0
2023-07,MUN,SE|ITABAIANA,glp,8,100.5,98.95,105.0,96.5,105.0
2023-07,MUN,SE|LAGARTO,glp,8,100.0,100.0,103.25,100.0,105.0
2023-07,MUN,SE|NOSSA SENHORA DO SOCORRO,glp,10,98.445,95.0,128.0,95.0,128.0
2023-07,MUN,SP|ADAMANTINA,glp,7,95.0,89.2,98.77,82.0,100.0
2023-07,MUN,SP|AMERICANA,glp,5,99.99,98.196,106.794,97.0,106.99
2023-07,MUN,SP|AMPARO,glp,8,110.0,109.4,115.9,108.0,118.0
2023-07,MUN,SP|ARACATUBA,glp,21,89.99,85.99,100.0,79.99,115.0
2023-07,MUN,SP|ARARAQUARA,glp,19,105.0,99.998,111.0,89.99,115.0
2023-07,MUN,SP|ARARAS,glp,7,96.0,95.596,98.4,94.99,102.0
2023-07,MUN,SP|ASSIS,glp,9,120.0,89.9,120.0,89.9,120.0
2023-07,MUN,SP|ATIBAIA,glp,11,102.5,90.0,120.0,87.99,120.0
2023-07,MUN,SP|AVARE,glp,9,85.0,83.992,90.792,80.0,94.0
2023-07,MUN,SP|BARRETOS,glp,7,110.0,106.2,112.0,105.0,115.0
2023-07,MUN,SP|BARUERI,glp,12,101.25,90.499,104.841,90.0,105.0
2023-07,MUN,SP|BAURU,glp,18,98.0,91.397,101.5,89.99,105.0
2023-07,MUN,SP|BEBEDOURO,glp,9,100.0,99.9,111.0,99.9,115.0
2023-07,MUN,SP|BIRIGUI,glp,12,107.25,99.549,110.0,99.0,110.0
2023-07,MUN,SP|BOTUCATU,glp,10,100.0,98.955,105.5,90.0,110.0
2023-07,MUN,SP|BRAGANCA PAULISTA,glp,12,100.0,99.909,106.791,95.0,109.9
2023-07,MUN,SP|CACAPAVA,glp,8,94.99,84.99,101.493,84.99,105.0
2023-07,MUN,SP|CAMPINAS,glp,20,99.99,99.99,100.0,94.99,105.0
2023-07,MUN,SP|CARAGUATATUBA,glp,8,100.0,98.628,110.5,97.995,135.0
2023-07,MUN,SP|CARAPICUIBA,glp,16,97.25,92.242,102.495,89.495,105.0
2023-07,MUN,SP|CATANDUVA,glp,7,107.0,102.093,107.0,99.99,107.0
2023-07,MUN,SP|COSMOPOLIS,glp,9,94.99,94.99,95.6,94.99,98.0
2023-07,MUN,SP|COTIA,glp,4,109.99,102.99,114.19,99.99,115.99
2023-07,MUN,SP|CRUZEIRO,glp,8,87.495,81.397,95.0,79.99,95.0
2023-07,MUN,SP|CUBATAO,glp,9,110.0,104.998,110.6,104.99,113.0
2023-07,MUN,SP|DIADEMA,glp,10,109.99,94.99,126.85,94.99,130.0
2023-07,MUN,SP|DRACENA,glp,8,109.0,99.4,110.9,98.0,113.0
2023-07,MUN,SP|ELISIARIO,glp,1,95.0,95.0,95.0,95.0,95.0
2023-07,MUN,SP|EMBU DAS ARTES,glp,12,97.5,94.99,109.99,89.99,114.99
2023-07,MUN,SP|FRANCA,glp,19,99.9,96.194,112.98,94.99,115.0
2023-07,MUN,SP|GARCA,glp,8,100.0,95.0,100.0,95.0,100.0
2023-07,MUN,SP|GUARATINGUETA,glp,7,94.0,82.997,96.94,80.0,100.0
2023-07,MUN,SP|GUARUJA,glp,12,110.0,109.99,114.8,100.0,115.0
2023-07,MUN,SP|GUARULHOS,glp,16,91.24,87.995,102.495,85.0,105.0
2023-07,MUN,SP|HORTOLANDIA,glp,11,95.0,84.99,125.0,84.99,125.0
2023-07,MUN,SP|IBITINGA,glp,9,95.0,94.9,104.4,94.5,110.0
2023-07,MUN,SP|INDAIATUBA,glp,8,105.0,101.4,107.3,100.0,108.0
2023-07,MUN,SP|ITANHAEM,glp,10,106.5,99.41,110.0,95.0,110.0
2023-07,MUN,SP|ITAPECERICA DA SERRA,glp,7,89.99,87.99,101.99,84.99,104.99
2023-07,MUN,SP|ITAPETININGA,glp,5,110.0,109.0,110.0,109.0,110.0
2023-07,MUN,SP|ITAPIRA,glp,8,97.5,93.793,104.3,91.0,105.0
2023-07,MUN,SP|ITAPOLIS,glp,9,105.0,105.0,115.0,105.0,115.0
2023-07,MUN,SP|ITAQUAQUECETUBA,glp,15,86.99,84.99,89.99,79.99,89.99
2023-07,MUN,SP|ITATIBA,glp,8,100.0,98.493,100.0,95.0,100.0
2023-07,MUN,SP|ITU,glp,7,105.0,96.0,110.0,90.0,110.0
2023-07,MUN,SP|JABOTICABAL,glp,8,101.5,99.963,110.0,99.9,110.0
2023-07,MUN,SP|JACAREI,glp,14,92.495,88.293,105.9,87.0,115.0
2023-07,MUN,SP|JALES,glp,7,80.0,79.194,86.98,78.0,89.95
2023-07,MUN,SP|JAU,glp,9,112.0,109.98,112.2,109.9,113.0
2023-07,MUN,SP|JOSE BONIFACIO,glp,8,95.0,89.5,97.2,89.5,100.0
2023-07,MUN,SP|JUNDIAI,glp,12,101.0,95.099,110.0,90.0,110.0
2023-07,MUN,SP|LEME,glp,8,97.0,92.9,106.9,88.0,123.0
2023-07,MUN,SP|LIMEIRA,glp,11,90.0,89.99,100.0,89.99,110.0
2023-07,MUN,SP|LINS,glp,7,89.99,79.99,103.0,79.99,107.5
2023-07,MUN,SP|LORENA,glp,8,94.0,77.747,100.0,72.49,100.0
2023-07,MUN,SP|MARILIA,glp,8,115.0,113.5,117.2,110.0,120.0
2023-07,MUN,SP|MATAO,glp,10,99.995,94.99,103.0,94.99,130.0
2023-07,MUN,SP|MAUA,glp,12,104.995,84.99,110.0,84.99,110.0
2023-07,MUN,SP|MIRASSOL,glp,8,99.995,94.1,110.0,92.0,110.0
2023-07,MUN,SP|MOCOCA,glp,8,110.0,99.997,115.0,99.99,115.0
2023-07,MUN,SP|MOGI DAS CRUZES,glp,10,93.445,89.99,99.991,89.99,100.0
2023-07,MUN,SP|MOGI GUACU,glp,8,97.0,94.997,99.99,94.99,99.99
2023-07,MUN,SP|MOGI MIRIM,glp,8,97.5,92.45,101.495,90.0,101.495
2023-07,MUN,SP|MONTE ALTO,glp,7,100.0,100.0,100.0,100.0,100.0
2023-07,MUN,SP|OLIMPIA,glp,6,88.0,88.0,89.0,88.0,90.0
2023-07,MUN,SP|OSASCO,glp,8,98.99,82.89,102.997,77.99,109.99
2023-07,MUN,SP|OURINHOS,glp,10,100.0,89.99,107.2,89.9,109.0
2023-07,MUN,SP|PARAGUACU PAULISTA,glp,8,107.5,96.3,113.6,90.0,115.0
2023-07,MUN,SP|PAULINIA,glp,8,100.0,94.99,103.0,94.99,110.0
2023-07,MUN,SP|PINDAMONHANGABA,glp,10,100.0,94.499,110.0,89.99,110.0
2023-07,MUN,SP|PIRACICABA,glp,16,101.995,94.995,115.0,94.99,117.5
2023-07,MUN,SP|PIRASSUNUNGA,glp,7,95.0,87.5,99.994,86.9,100.0
2023-07,MUN,SP|POA,glp,8,92.49,88.49,96.497,84.99,99.99
2023-07,MUN,SP|PORTO FERREIRA,glp,8,95.0,92.797,102.997,89.99,109.99
2023-07,MUN,SP|PRAIA GRANDE,glp,15,100.0,99.99,105.0,99.99,108.0
2023-07,MUN,SP|PRESIDENTE PRUDENTE,glp,16,100.0,89.99,107.5,89.9,110.0
2023-07,MUN,SP|PRESIDENTE VENCESLAU,glp,8,103.0,98.5,103.65,95.0,104.0
2023-07,MUN,SP|RIBEIRAO PIRES,glp,8,89.99,89.63,106.5,89.0,110.0
2023-07,MUN,SP|RIBEIRAO PRETO,glp,12,104.995,85.49,115.0,84.99,116.9
2023-07,MUN,SP|RIO CLARO,glp,7,100.0,89.99,100.0,89.99,100.0
2023-07,MUN,SP|SALTO,glp,2,98.5,93.3,103.7,92.0,105.0
2023-07,MUN,SP|SANTA BARBARA D'OESTE,glp,13,99.99,94.996,100.0,89.9,105.0
2023-07,MUN,SP|SANTA CRUZ DO RIO PARDO,glp,4,108.0,108.0,109.4,108.0,110.0
2023-07,MUN,SP|SANTO ANDRE,glp,12,99.995,95.0,109.99,94.99,115.99
2023-07,MUN,SP|SANTOS,glp,19,112.0,105.718,127.972,100.0,146.5
2023-07,MUN,SP|SAO BERNARDO DO CAMPO,glp,6,107.5,95.995,121.5,93.0,121.5
2023-07,MUN,SP|SAO CAETANO DO SUL,glp,6,102.495,99.99,112.495,99.99,115.0
2023-07,MUN,SP|SAO CARLOS,glp,22,109.995,105.3,119.39,102.99,120.0
2023-07,MUN,SP|SAO JOAO DA BOA VISTA,glp,8,100.0,100.0,100.0,100.0,100.0
2023-07,MUN,SP|SAO JOSE DO RIO PRETO,glp,29,115.0,95.0,115.0,94.99,125.0
2023-07,MUN,SP|SAO JOSE DOS CAMPOS,glp,22,97.495,79.99,114.491,79.99,120.0
2023-07,MUN,SP|SAO PAULO,glp,67,104.99,98.394,117.936,89.99,124.0
2023-07,MUN,SP|SAO ROQUE,glp,8,97.5,94.99,100.0,94.99,100.0
2023-07,MUN,SP|SAO VICENTE,glp,18,102.498,98.193,109.927,93.99,110.0
2023-07,MUN,SP|SERTAOZINHO,glp,11,89.0,87.0,89.99,86.99,92.9
2023-07,MUN,SP|SOROCABA,glp,22,100.0,94.991,110.0,94.99,113.99
2023-07,MUN,SP|SUMARE,glp,12,98.74,94.991,102.249,94.99,120.0
2023-07,MUN,SP|SUZANO,glp,15,90.8,89.99,109.19,85.0,115.0
2023-07,MUN,SP|TABOAO DA SERRA,glp,8,99.99,89.997,106.497,89.99,109.99
2023-07,MUN,SP|TATUI,glp,8,100.0,98.49,104.5,94.99,115.0
2023-07,MUN,SP|TAUBATE,glp,12,89.5,79.99,95.9,78.0,100.0
2023-07,MUN,SP|TUPA,glp,6,100.0,96.25,112.5,95.0,115.0
2023-07,MUN,SP|UBATUBA,glp,10,99.99,88.8,101.6,87.0,116.0
2023-07,MUN,SP|VALINHOS,glp,10,99.4,93.99,109.99,93.99,109.99
2023-07,MUN,SP|VARZEA PAULISTA,glp,8,95.0,87.09,101.8,84.99,106.0
2023-07,MUN,SP|VINHEDO,glp,9,98.0,89.998,104.18,89.99,104.9
2023-07,MUN,SP|VOTORANTIM,glp,9,105.0,104.0,105.0,104.0,105.0
2023-07,MUN,SP|VOTUPORANGA,glp,15,99.9,93.5,105.54,90.0,109.0
2023-07,MUN,TO|ARAGUAINA,glp,19,120.0,115.0,120.0,115.0,120.0
2023-07,MUN,TO|GURUPI,glp,12,115.0,115.0,115.0,108.99,120.0
2023-07,MUN,TO|PALMAS,glp,19,120.0,114.0,123.4,110.0,127.0
2023-07,MUN,TO|PARAISO DO TOCANTINS,glp,8,120.0,114.0,121.5,100.0,125.0
2023-07,MUN,TO|PORTO NACIONAL,glp,9,110.0,110.0,116.0,110.0,120.0
2023-07,UF,AC,glp,39,112.0,105.0,125.0,103.0,135.0
2023-07,UF,AL,glp,59,95.0,85.0,105.0,83.99,110.0
2023-07,UF,AM,glp,130,120.0,109.45,132.0,106.0,150.0
2023-07,UF,AP,glp,28,116.0,105.0,120.0,95.0,128.0
2023-07,UF,BA,glp,262,105.0,92.0,120.0,80.0,147.0
2023-07,UF,CE,glp,131,100.0,89.99,110.0,84.99,125.0
2023-07,UF,DF,glp,55,94.99,89.99,99.99,84.99,119.99
2023-07,UF,ES,glp,126,95.0,85.0,105.0,75.0,120.0
2023-07,UF,GO,glp,264,102.75,90.0,115.0,72.99,135.0
2023-07,UF,MA,glp,150,100.0,94.99,120.0,89.99,125.0
2023-07,UF,MG,glp,588,100.0,88.0,118.0,75.0,149.0
2023-07,UF,MS,glp,102,109.5,99.0,121.35,92.0,135.5
2023-07,UF,MT,glp,123,120.0,99.99,140.0,84.99,145.0
2023-07,UF,PA,glp,178,108.0,92.693,134.3,81.49,144.0
2023-07,UF,PB,glp,86,105.0,90.0,110.0,83.99,120.0
2023-07,UF,PE,glp,164,89.49,75.0,110.0,74.99,120.0
2023-07,UF,PI,glp,63,100.0,94.992,114.0,80.0,120.0
2023-07,UF,PR,glp,394,99.9,89.135,115.0,70.0,130.0
2023-07,UF,RJ,glp,321,90.0,83.0,111.5,74.99,120.0
2023-07,UF,RN,glp,62,103.75,99.0,115.0,85.0,135.0
2023-07,UF,RO,glp,75,120.0,107.5,132.0,98.0,144.0
2023-07,UF,RR,glp,34,125.0,118.0,134.4,115.0,140.0
2023-07,UF,RS,glp,381,104.9,95.0,120.0,75.0,138.0
2023-07,UF,SC,glp,192,115.0,100.0,125.0,89.9,140.0
2023-07,UF,SE,glp,47,100.0,95.0,117.2,93.0,128.0
2023-07,UF,SP,glp,1172,100.0,89.99,112.0,72.49,146.5
2023-07,UF,TO,glp,67,120.0,110.0,120.0,100.0,127.0
2023-08,BR,BR,glp,5269,100.0,87.99,120.0,69.99,150.0
2023-08,MUN,AC|CRUZEIRO DO SUL,glp,5,118.0,116.0,119.2,116.0,120.0
2023-08,MUN,AC|RIO BRANCO,glp,33,112.0,103.4,125.0,99.0,126.0
2023-08,MUN,AL|ARAPIRACA,glp,7,90.0,84.59,95.0,83.99,102.5
2023-08,MUN,AL|DELMIRO GOUVEIA,glp,4,95.0,91.5,98.5,90.0,100.0
2023-08,MUN,AL|MACEIO,glp,35,92.5,85.0,104.0,84.0,110.0
2023-08,MUN,AL|PALMEIRA DOS INDIOS,glp,4,89.99,89.99,89.997,89.99,90.0
2023-08,MUN,AL|RIO LARGO,glp,8,95.0,92.097,101.5,89.99,105.0
2023-08,MUN,AM|ITACOATIARA,glp,8,122.0,112.0,126.5,112.0,130.0
2023-08,MUN,AM|MANACAPURU,glp,8,126.5,115.0,132.0,115.0,132.0
2023-08,MUN,AM|MANAUS,glp,89,115.99,108.0,125.0,106.99,140.0
2023-08,MUN,AM|PARINTINS,glp,8,120.0,120.0,120.0,120.0,120.0
2023-08,MUN,AM|TEFE,glp,4,144.0,142.0,148.8,142.0,150.0
2023-08,MUN,AP|MACAPA,glp,20,116.0,108.0,120.0,105.0,128.0
2023-08,MUN,AP|SANTANA,glp,9,100.0,95.0,108.0,95.0,120.0
2023-08,MUN,BA|AGUA FRIA,glp,1,120.0,120.0,120.0,120.0,120.0
2023-08,MUN,BA|ALAGOINHAS,glp,10,99.99,99.99,110.0,99.99,110.0
2023-08,MUN,BA|BARREIRAS,glp,10,130.0,130.0,135.5,130.0,140.0
2023-08,MUN,BA|BRUMADO,glp,6,97.5,92.5,105.0,90.0,105.0
2023-08,MUN,BA|CAETITE,glp,6,95.0,92.5,100.0,90.0,100.0
2023-08,MUN,BA|CAMACARI,glp,12,107.5,100.3,110.0,99.0,115.0
2023-08,MUN,BA|EUNAPOLIS,glp,9,100.0,100.0,100.5,100.0,102.5
2023-08,MUN,BA|FEIRA DE SANTANA,glp,12,90.0,85.2,99.8,85.0,100.0
2023-08,MUN,BA|GUANAMBI,glp,10,102.5,99.0,110.0,99.0,110.0
2023-08,MUN,BA|ILHEUS,glp,9,120.0,115.0,143.8,115.0,147.0
2023-08,MUN,BA|IPIRA,glp,4,103.0,91.3,114.0,91.0,114.0
2023-08,MUN,BA|IRECE,glp,9,109.0,105.0,110.0,105.0,110.0
2023-08,MUN,BA|ITABUNA,glp,9,99.99,92.9,105.0,92.5,105.0
2023-08,MUN,BA|ITAMARAJU,glp,10,108.75,98.5,110.0,85.0,110.0
2023-08,MUN,BA|JACOBINA,glp,6,121.0,120.0,130.0,120.0,130.0
2023-08,MUN,BA|JAGUAQUARA,glp,6,102.5,100.0,110.0,100.0,110.0
2023-08,MUN,BA|JEQUIE,glp,7,89.99,83.0,103.2,80.0,120.0
2023-08,MUN,BA|JUAZEIRO,glp,6,99.0,92.5,107.5,90.0,115.0
2023-08,MUN,BA|LAURO DE FREITAS,glp,11,100.0,94.99,108.0,94.99,111.0
2023-08,MUN,BA|LIVRAMENTO DE NOSSA SENHORA,glp,8,105.0,105.0,105.0,105.0,105.0
2023-08,MUN,BA|PAULO AFONSO,glp,9,89.5,83.998,95.6,83.99,98.0
2023-08,MUN,BA|POCOES,glp,8,96.5,92.7,105.0,92.0,105.0
2023-08,MUN,BA|PORTO SEGURO,glp,6,96.25,90.0,100.0,85.0,100.0
2023-08,MUN,BA|SALVADOR,glp,24,100.0,89.993,114.4,84.99,120.0
2023-08,MUN,BA|SANTO ANTONIO DE JESUS,glp,8,95.0,90.0,106.5,90.0,110.0
2023-08,MUN,BA|SENHOR DO BONFIM,glp,3,110.0,110.0,110.0,110.0,110.0
2023-08,MUN,BA|SERRINHA,glp,6,120.0,115.0,120.0,110.0,120.0
2023-08,MUN,BA|SIMOES FILHO,glp,8,99.99,95.0,115.897,95.0,117.99
2023-08,MUN,BA|TEIXEIRA DE FREITAS,glp,11,85.0,77.0,95.0,76.0,95.0
2023-08,MUN,BA|VALENCA,glp,8,111.25,105.0,115.0,105.0,115.0
2023-08,MUN,BA|VITORIA DA CONQUISTA,glp,12,105.0,95.481,112.25,94.99,115.0
2023-08,MUN,CE|CANINDE,glp,2,100.0,98.4,101.6,98.0,102.0
2023-08,MUN,CE|CAUCAIA,glp,14,100.0,91.493,114.9,84.99,120.0
2023-08,MUN,CE|CRATEUS,glp,7,109.0,98.8,114.0,97.0,120.0
2023-08,MUN,CE|CRATO,glp,9,103.0,101.392,103.4,95.0,105.0
2023-08,MUN,CE|FORTALEZA,glp,35,95.99,89.99,105.0,87.99,110.0
2023-08,MUN,CE|ICO,glp,5,105.0,94.0,110.0,90.0,110.0
2023-08,MUN,CE|IGUATU,glp,10,97.5,95.0,100.4,95.0,104.0
2023-08,MUN,CE|ITAPIPOCA,glp,9,105.0,99.0,110.0,95.0,110.0
2023-08,MUN,CE|JUAZEIRO DO NORTE,glp,17,103.0,101.8,105.2,95.0,115.0
2023-08,MUN,CE|LIMOEIRO DO NORTE,glp,7,94.0,86.796,100.0,84.99,100.0
2023-08,MUN,CE|MARACANAU,glp,8,102.0,96.397,107.3,87.99,115.0
2023-08,MUN,CE|QUIXADA,glp,6,95.0,82.492,95.0,80.99,95.0
2023-08,MUN,CE|SOBRAL,glp,6,107.0,105.0,109.0,105.0,109.0
2023-08,MUN,DF|BRASILIA,glp,56,89.99,85.49,99.99,82.99,119.99
2023-08,MUN,ES|ARACRUZ,glp,10,102.5,99.491,105.5,95.0,110.0
2023-08,MUN,ES|CACHOEIRO DE ITAPEMIRIM,glp,12,99.5,90.491,104.5,89.99,122.0
2023-08,MUN,ES|CARIACICA,glp,16,90.0,79.995,100.0,78.0,100.0
2023-08,MUN,ES|COLATINA,glp,7,90.0,86.8,105.0,85.0,105.0
2023-08,MUN,ES|GUARAPARI,glp,11,89.99,84.99,100.0,84.99,110.0
2023-08,MUN,ES|LINHARES,glp,14,105.0,101.5,115.0,100.0,115.0
2023-08,MUN,ES|SAO MATEUS,glp,12,94.0,92.99,95.0,90.0,95.0
2023-08,MUN,ES|SERRA,glp,27,89.99,85.0,95.0,80.0,95.0
2023-08,MUN,ES|VILA VELHA,glp,22,95.0,88.19,100.0,85.0,102.5
2023-08,MUN,ES|VITORIA,glp,10,99.99,89.999,101.0,89.99,110.0
2023-08,MUN,GO|AGUAS LINDAS DE GOIAS,glp,21,87.99,80.0,95.0,79.99,95.0
2023-08,MUN,GO|ANAPOLIS,glp,31,105.0,100.0,105.0,95.0,110.0
2023-08,MUN,GO|APARECIDA DE GOIANIA,glp,32,100.0,95.0,107.25,84.995,110.0
2023-08,MUN,GO|CALDAS NOVAS,glp,12,110.0,103.2,110.0,90.0,113.0
2023-08,MUN,GO|CATALAO,glp,9,105.0,99.8,110.0,99.0,110.0
2023-08,MUN,GO|FORMOSA,glp,9,100.0,100.0,115.0,100.0,115.0
2023-08,MUN,GO|GOIANIA,glp,54,105.0,90.0,110.0,85.99,130.0
2023-08,MUN,GO|GOIATUBA,glp,7,120.0,111.0,120.0,105.0,120.0
2023-08,MUN,GO|ITUMBIARA,glp,9,110.0,100.0,115.0,100.0,115.0
2023-08,MUN,GO|JATAI,glp,7,115.0,115.0,126.0,115.0,135.0
2023-08,MUN,GO|LUZIANIA,glp,14,91.49,88.297,100.0,86.99,103.0
2023-08,MUN,GO|MINEIROS,glp,7,110.0,108.0,110.0,105.0,110.0
2023-08,MUN,GO|MORRINHOS,glp,8,100.0,92.0,100.0,85.0,100.0
2023-08,MUN,GO|PORANGATU,glp,9,110.0,107.0,116.0,105.0,120.0
2023-08,MUN,GO|RIO VERDE,glp,10,115.0,100.0,115.0,100.0,115.0
2023-08,MUN,GO|TRINDADE,glp,20,95.0,84.999,100.0,84.99,120.0
2023-08,MUN,GO|VALPARAISO DE GOIAS,glp,11,89.99,79.99,99.99,71.49,100.0
2023-08,MUN,MA|ACAILANDIA,glp,9,100.0,99.0,105.0,95.0,105.0
2023-08,MUN,MA|BACABAL,glp,9,108.0,108.0,108.0,108.0,108.0
2023-08,MUN,MA|BALSAS,glp,7,120.0,119.2,122.0,118.0,125.0
2023-08,MUN,MA|BARRA DO CORDA,glp,8,110.0,110.0,110.0,110.0,110.0
2023-08,MUN,MA|CAXIAS,glp,6,99.99,99.99,106.25,99.99,110.0
2023-08,MUN,MA|CODO,glp,8,110.0,110.0,110.0,110.0,110.0
2023-08,MUN,MA|IMPERATRIZ,glp,15,95.0,94.99,100.0,94.99,130.0
2023-08,MUN,MA|PINHEIRO,glp,9,120.0,117.0,120.0,105.0,120.0
2023-08,MUN,MA|PRESIDENTE DUTRA,glp,6,110.0,107.5,114.0,105.0,115.0
2023-08,MUN,MA|SANTA INES,glp,7,120.0,118.0,122.994,115.0,123.0
2023-08,MUN,MA|SAO JOSE DE RIBAMAR,glp,15,92.49,89.99,94.99,89.99,95.0
2023-08,MUN,MA|SAO LUIS,glp,58,92.495,89.99,95.0,87.5,104.0
2023-08,MUN,MG|ALFENAS,glp,9,95.0,86.398,100.0,79.99,100.0
2023-08,MUN,MG|ARAGUARI,glp,8,107.5,100.0,110.0,100.0,110.0
2023-08,MUN,MG|ARAXA,glp,7,90.0,84.6,107.2,84.0,130.0
2023-08,MUN,MG|BARBACENA,glp,9,95.0,89.588,96.0,87.98,100.0
2023-08,MUN,MG|BELO HORIZONTE,glp,32,100.0,89.99,120.0,85.0,129.0
2023-08,MUN,MG|BETIM,glp,18,107.0,96.297,107.0,81.99,110.0
2023-08,MUN,MG|BOM DESPACHO,glp,8,97.5,90.0,116.5,90.0,120.0
2023-08,MUN,MG|CAMPO BELO,glp,8,110.0,110.0,115.0,110.0,115.0
2023-08,MUN,MG|CARATINGA,glp,8,110.0,99.997,122.97,99.99,129.9
2023-08,MUN,MG|CONGONHAS,glp,8,104.0,94.99,106.5,94.99,110.0
2023-08,MUN,MG|CONSELHEIRO LAFAIETE,glp,9,88.0,87.392,90.5,85.0,92.5
2023-08,MUN,MG|CONTAGEM,glp,24,110.0,94.647,110.0,88.0,115.0
2023-08,MUN,MG|CORONEL FABRICIANO,glp,10,113.5,108.9,115.3,99.0,118.0
2023-08,MUN,MG|CURVELO,glp,8,80.0,75.7,100.0,75.0,100.0
2023-08,MUN,MG|DIVINOPOLIS,glp,9,99.99,95.0,101.81,95.0,109.05
2023-08,MUN,MG|FORMIGA,glp,8,85.0,75.0,99.9,75.0,130.0
2023-08,MUN,MG|FRUTAL,glp,8,89.99,89.99,89.99,89.99,89.99
2023-08,MUN,MG|GOVERNADOR VALADARES,glp,14,113.5,110.0,120.0,100.0,125.0
2023-08,MUN,MG|GUAXUPE,glp,10,85.0,79.41,90.5,75.0,95.0
2023-08,MUN,MG|IPATINGA,glp,9,105.0,100.0,111.0,100.0,115.0
2023-08,MUN,MG|ITABIRA,glp,2,110.0,110.0,110.0,110.0,110.0
2023-08,MUN,MG|ITAJUBA,glp,7,90.0,90.0,107.0,90.0,125.0
2023-08,MUN,MG|ITAUNA,glp,7,102.0,94.8,116.0,93.0,125.0
2023-08,MUN,MG|ITUIUTABA,glp,8,85.0,85.0,91.5,85.0,95.0
2023-08,MUN,MG|JANAUBA,glp,7,110.0,110.0,110.0,110.0,110.0
2023-08,MUN,MG|JANUARIA,glp,8,115.0,115.0,118.0,115.0,118.0
2023-08,MUN,MG|JOAO MONLEVADE,glp,8,105.0,100.25,110.0,95.0,110.0
2023-08,MUN,MG|JOAO PINHEIRO,glp,9,113.0,110.0,115.38,110.0,116.9
2023-08,MUN,MG|JUIZ DE FORA,glp,18,79.995,79.99,94.99,79.99,94.99
2023-08,MUN,MG|LAVRAS,glp,8,99.95,97.8,100.0,95.0,100.0
2023-08,MUN,MG|LEOPOLDINA,glp,8,95.0,93.5,103.0,90.0,110.0
2023-08,MUN,MG|MANHUACU,glp,6,100.0,99.95,107.5,99.9,110.0
2023-08,MUN,MG|MONTE CARMELO,glp,9,90.0,90.0,95.0,90.0,95.0
2023-08,MUN,MG|MONTES CLAROS,glp,33,120.0,99.99,120.0,93.99,130.0
2023-08,MUN,MG|MURIAE,glp,7,100.0,96.794,105.2,95.0,113.0
2023-08,MUN,MG|NOVA LIMA,glp,8,102.0,99.7,110.6,99.0,112.0
2023-08,MUN,MG|OLIVEIRA,glp,1,110.0,110.0,110.0,110.0,110.0
2023-08,MUN,MG|OURO PRETO,glp,5,110.0,110.0,110.0,110.0,110.0
2023-08,MUN,MG|PARA DE MINAS,glp,8,100.0,92.1,117.8,90.0,119.9
2023-08,MUN,MG|PARACATU,glp,6,97.5,93.0,107.5,93.0,115.0
2023-08,MUN,MG|PASSOS,glp,7,90.0,74.996,90.0,74.99,90.0
2023-08,MUN,MG|PATOS DE MINAS,glp,12,97.5,90.0,115.0,85.0,120.0
2023-08,MUN,MG|PATROCINIO,glp,8,90.0,90.0,100.0,90.0,100.0
2023-08,MUN,MG|POCOS DE CALDAS,glp,9,108.0,107.392,110.0,105.0,118.0
2023-08,MUN,MG|POUSO ALEGRE,glp,13,96.0,82.0,113.1,79.99,115.0
2023-08,MUN,MG|SABARA,glp,9,110.0,94.0,119.4,90.0,127.0
2023-08,MUN,MG|SAO JOAO DEL REI,glp,6,97.0,87.5,107.5,80.0,110.0
2023-08,MUN,MG|SAO SEBASTIAO DO PARAISO,glp,10,81.25,79.999,95.0,79.99,95.0
2023-08,MUN,MG|SETE LAGOAS,glp,13,100.0,89.172,109.0,85.0,117.0
2023-08,MUN,MG|TEOFILO OTONI,glp,10,110.0,100.0,115.3,100.0,118.0
2023-08,MUN,MG|TIMOTEO,glp,4,102.5,93.0,108.5,90.0,110.0
2023-08,MUN,MG|TRES CORACOES,glp,9,86.0,84.99,91.0,84.99,95.0
2023-08,MUN,MG|UBA,glp,8,100.0,90.0,100.0,90.0,100.0
2023-08,MUN,MG|UBERABA,glp,16,105.0,82.5,105.0,79.99,105.0
2023-08,MUN,MG|UBERLANDIA,glp,23,100.0,90.198,110.0,87.0,112.5
2023-08,MUN,MG|UNAI,glp,10,115.0,115.0,115.0,115.0,115.0
2023-08,MUN,MG|VARGINHA,glp,8,92.5,79.1,102.3,77.0,110.0
2023-08,MUN,MG|VICOSA,glp,8,120.0,115.5,120.0,105.0,120.0
2023-08,MUN,MS|CAMPO GRANDE,glp,34,99.495,93.27,110.0,70.0,115.0
2023-08,MUN,MS|CORUMBA,glp,7,120.0,108.4,130.0,106.0,130.0
2023-08,MUN,MS|COXIM,glp,10,120.0,119.75,125.5,117.5,130.0
2023-08,MUN,MS|DOURADOS,glp,20,100.0,98.0,116.0,97.99,130.0
2023-08,MUN,MS|NOVA ANDRADINA,glp,7,110.0,105.0,112.0,105.0,115.0
2023-08,MUN,MS|PONTA PORA,glp,7,112.0,110.0,117.0,110.0,120.0
2023-08,MUN,MS|TRES LAGOAS,glp,11,115.0,110.0,115.0,108.0,128.0
2023-08,MUN,MT|ALTA FLORESTA,glp,6,142.0,137.5,143.5,135.0,145.0
2023-08,MUN,MT|CACERES,glp,13,84.99,84.99,99.99,84.99,99.99
2023-08,MUN,MT|CUIABA,glp,42,120.0,100.0,132.7,85.0,137.0
2023-08,MUN,MT|RONDONOPOLIS,glp,17,125.0,115.0,130.0,115.0,130.0
2023-08,MUN,MT|SINOP,glp,15,140.0,132.0,145.0,130.0,145.0
2023-08,MUN,MT|SORRISO,glp,2,124.5,124.1,124.9,124.0,125.0
2023-08,MUN,MT|VARZEA GRANDE,glp,23,118.0,91.6,120.0,85.0,125.0
2023-08,MUN,PA|ABAETETUBA,glp,6,95.5,95.0,101.0,95.0,102.0
2023-08,MUN,PA|ALENQUER,glp,5,110.0,102.6,110.0,101.0,110.0
2023-08,MUN,PA|ALTAMIRA,glp,8,116.5,110.0,126.6,110.0,128.0
2023-08,MUN,PA|ANANINDEUA,glp,26,94.99,90.0,110.0,90.0,115.0
2023-08,MUN,PA|BELEM,glp,33,100.0,92.0,110.8,90.99,120.0
2023-08,MUN,PA|BRAGANCA,glp,5,108.0,106.2,109.2,105.0,110.0
2023-08,MUN,PA|CAMETA,glp,7,115.0,114.6,115.0,114.0,115.0
2023-08,MUN,PA|CASTANHAL,glp,12,105.0,100.0,114.5,100.0,115.0
2023-08,MUN,PA|CONCEICAO DO ARAGUAIA,glp,5,110.0,107.0,110.0,105.0,110.0
2023-08,MUN,PA|ITAITUBA,glp,3,122.0,108.4,122.0,105.0,122.0
2023-08,MUN,PA|MARABA,glp,13,115.0,102.392,120.0,99.99,120.0
2023-08,MUN,PA|PARAGOMINAS,glp,8,130.0,105.0,135.0,105.0,135.0
2023-08,MUN,PA|PARAUAPEBAS,glp,13,130.0,119.99,145.0,116.995,145.0
2023-08,MUN,PA|REDENCAO,glp,10,140.0,137.5,140.0,115.0,140.0
2023-08,MUN,PA|SANTAREM,glp,24,95.5,85.893,108.7,77.99,120.0
2023-08,MUN,PA|XINGUARA,glp,8,130.0,123.5,131.5,120.0,135.0
2023-08,MUN,PB|BAYEUX,glp,9,90.0,89.998,110.0,89.99,110.0
2023-08,MUN,PB|CABEDELO,glp,8,102.5,99.997,105.0,99.99,105.0
2023-08,MUN,PB|CAMPINA GRANDE,glp,17,110.0,98.0,120.0,93.0,120.0
2023-08,MUN,PB|JOAO PESSOA,glp,34,100.495,90.0,110.0,79.99,110.0
2023-08,MUN,PB|PATOS,glp,9,105.0,103.2,106.0,100.0,106.0
2023-08,MUN,PB|SOUSA,glp,5,100.0,95.0,100.0,95.0,100.0
2023-08,MUN,PE|ARARIPINA,glp,8,115.0,115.0,116.5,115.0,120.0
2023-08,MUN,PE|ARCOVERDE,glp,7,84.99,79.99,87.0,79.99,90.0
2023-08,MUN,PE|BELO JARDIM,glp,8,100.0,85.593,100.0,80.0,100.0
2023-08,MUN,PE|CABO DE SANTO AGOSTINHO,glp,10,84.995,79.999,85.0,79.99,85.0
2023-08,MUN,PE|CARUARU,glp,13,80.0,75.0,80.0,74.99,90.0
2023-08,MUN,PE|GARANHUNS,glp,10,74.99,74.99,75.0,74.99,75.0
2023-08,MUN,PE|GOIANA,glp,1,95.0,95.0,95.0,95.0,95.0
2023-08,MUN,PE|IGARASSU,glp,8,97.5,95.0,100.9,95.0,103.0
2023-08,MUN,PE|JABOATAO DOS GUARARAPES,glp,13,90.0,86.59,102.5,84.99,114.0
2023-08,MUN,PE|LAJEDO,glp,4,75.0,75.0,75.0,75.0,75.0
2023-08,MUN,PE|OLINDA,glp,14,85.0,77.19,104.0,74.99,120.0
2023-08,MUN,PE|PAULISTA,glp,12,85.0,75.49,90.0,74.99,100.0
2023-08,MUN,PE|PETROLINA,glp,9,100.0,97.4,105.0,95.0,105.0
2023-08,MUN,PE|RECIFE,glp,24,81.25,79.9,90.0,76.0,100.0
2023-08,MUN,PE|SALGUEIRO,glp,4,95.0,88.0,102.0,85.0,105.0
2023-08,MUN,PE|SANTA CRUZ DO CAPIBARIBE,glp,5,105.0,103.5,113.0,102.5,115.0
2023-08,MUN,PE|SERRA TALHADA,glp,5,110.0,107.0,110.0,105.0,110.0
2023-08,MUN,PE|VITORIA DE SANTO ANTAO,glp,6,84.742,82.0,84.995,80.0,85.0
2023-08,MUN,PI|PARNAIBA,glp,8,105.0,93.993,108.0,80.0,115.0
2023-08,MUN,PI|PICOS,glp,8,90.0,85.0,101.5,85.0,105.0
2023-08,MUN,PI|PIRIPIRI,glp,7,115.0,105.99,118.0,99.99,118.0
2023-08,MUN,PI|TERESINA,glp,40,99.995,89.99,105.0,89.99,115.0
2023-08,MUN,PR|APUCARANA,glp,12,100.0,95.4,100.0,90.0,100.0
2023-08,MUN,PR|ARAPONGAS,glp,11,95.0,94.9,99.9,92.95,105.0
2023-08,MUN,PR|ARAUCARIA,glp,14,90.0,89.915,95.0,85.0,95.0
2023-08,MUN,PR|ASSIS CHATEAUBRIAND,glp,7,110.0,106.0,115.0,100.0,115.0
2023-08,MUN,PR|CAMBE,glp,10,105.0,104.0,120.0,95.0,120.0
2023-08,MUN,PR|CAMPO LARGO,glp,12,91.25,89.01,95.9,83.95,98.0
2023-08,MUN,PR|CAMPO MOURAO,glp,8,110.0,99.697,115.0,98.99,115.0
2023-08,MUN,PR|CASCAVEL,glp,19,110.0,98.992,115.0,95.0,115.0
2023-08,MUN,PR|CASTRO,glp,8,100.0,99.997,105.0,99.99,105.0
2023-08,MUN,PR|CIANORTE,glp,8,110.0,103.47,123.0,99.9,130.0
2023-08,MUN,PR|COLOMBO,glp,19,89.99,84.72,91.8,83.9,95.0
2023-08,MUN,PR|CORNELIO PROCOPIO,glp,7,110.0,108.0,110.0,105.0,110.0
2023-08,MUN,PR|CURITIBA,glp,58,90.0,85.63,98.3,78.9,119.99
2023-08,MUN,PR|FOZ DO IGUACU,glp,20,100.0,94.999,110.5,90.0,118.0
2023-08,MUN,PR|FRANCISCO BELTRAO,glp,8,112.0,108.43,116.5,105.0,120.0
2023-08,MUN,PR|GUARAPUAVA,glp,12,105.0,103.09,107.7,103.0,115.0
2023-08,MUN,PR|LONDRINA,glp,21,95.0,90.0,110.0,88.0,120.0
2023-08,MUN,PR|MARECHAL CANDIDO RONDON,glp,2,84.45,84.01,84.89,83.9,85.0
2023-08,MUN,PR|MARINGA,glp,18,120.0,98.43,125.0,89.99,125.0
2023-08,MUN,PR|PALOTINA,glp,1,95.0,95.0,95.0,95.0,95.0
2023-08,MUN,PR|PARANAGUA,glp,8,85.0,73.5,94.993,70.0,95.0
2023-08,MUN,PR|PARANAVAI,glp,6,87.445,79.445,107.5,78.9,115.0
2023-08,MUN,PR|PATO BRANCO,glp,9,115.0,112.0,119.2,112.0,120.0
2023-08,MUN,PR|PINHAIS,glp,10,94.0,84.99,110.0,84.9,110.0
2023-08,MUN,PR|PONTA GROSSA,glp,18,97.5,92.1,103.6,89.99,110.0
2023-08,MUN,PR|QUEDAS DO IGUACU,glp,1,115.0,115.0,115.0,115.0,115.0
2023-08,MUN,PR|SANTO ANTONIO DA PLATINA,glp,9,105.0,104.0,112.6,104.0,115.0
2023-08,MUN,PR|SAO JOSE DOS PINHAIS,glp,20,90.0,86.3,95.0,79.9,100.0
2023-08,MUN,PR|TOLEDO,glp,13,90.0,85.992,114.5,84.99,120.0
2023-08,MUN,PR|UMUARAMA,glp,8,105.0,81.9,110.0,74.9,110.0
2023-08,MUN,PR|UNIAO DA VITORIA,glp,9,100.0,93.98,111.0,89.9,115.0
2023-08,MUN,RJ|ANGRA DOS REIS,glp,8,114.945,112.793,115.0,110.0,115.0
2023-08,MUN,RJ|ARARUAMA,glp,9,89.99,81.998,95.998,79.99,99.99
2023-08,MUN,RJ|BARRA DO PIRAI,glp,7,97.0,96.14,107.94,95.0,120.0
2023-08,MUN,RJ|BARRA MANSA,glp,9,96.9,95.9,100.92,95.9,105.0
2023-08,MUN,RJ|BELFORD ROXO,glp,9,89.0,79.6,95.4,78.0,97.0
2023-08,MUN,RJ|CABO FRIO,glp,9,89.99,79.518,99.99,77.99,99.99
2023-08,MUN,RJ|CAMPOS DOS GOYTACAZES,glp,10,89.995,79.994,95.5,79.945,100.0
2023-08,MUN,RJ|DUQUE DE CAXIAS,glp,21,89.99,83.0,94.99,80.0,105.0
2023-08,MUN,RJ|ITABORAI,glp,13,84.99,83.99,85.792,81.99,85.99
2023-08,MUN,RJ|ITAGUAI,glp,4,118.5,115.35,118.5,114.0,118.5
2023-08,MUN,RJ|ITAPERUNA,glp,9,85.0,85.0,90.0,85.0,90.0
2023-08,MUN,RJ|MACAE,glp,9,118.0,118.0,118.0,118.0,118.0
2023-08,MUN,RJ|MAGE,glp,10,84.995,84.494,89.009,83.99,89.99
2023-08,MUN,RJ|MARICA,glp,10,85.495,80.0,90.2,80.0,92.0
2023-08,MUN,RJ|NILOPOLIS,glp,8,99.995,95.0,101.5,95.0,105.0
2023-08,MUN,RJ|NITEROI,glp,10,86.49,75.79,95.291,73.99,98.0
2023-08,MUN,RJ|NOVA FRIBURGO,glp,10,82.5,74.999,90.0,74.99,90.0
2023-08,MUN,RJ|NOVA IGUACU,glp,19,94.99,79.998,100.0,78.0,100.0
2023-08,MUN,RJ|PETROPOLIS,glp,6,95.0,90.0,101.0,89.0,102.0
2023-08,MUN,RJ|RESENDE,glp,6,110.0,92.495,115.0,89.99,115.0
2023-08,MUN,RJ|RIO BONITO,glp,8,79.995,74.997,86.497,74.99,89.99
2023-08,MUN,RJ|RIO DE JANEIRO,glp,40,93.995,87.9,100.0,84.0,115.0
2023-08,MUN,RJ|SANTO ANTONIO DE PADUA,glp,5,94.0,86.0,100.0,86.0,100.0
2023-08,MUN,RJ|SAO FRANCISCO DE ITABAPOANA,glp,5,98.0,95.0,100.0,95.0,100.0
2023-08,MUN,RJ|SAO GONCALO,glp,20,89.995,89.99,95.0,86.99,115.0
2023-08,MUN,RJ|SAO JOAO DE MERITI,glp,11,89.9,84.99,96.99,80.0,100.0
2023-08,MUN,RJ|SAPUCAIA,glp,1,90.0,90.0,90.0,90.0,90.0
2023-08,MUN,RJ|SAQUAREMA,glp,4,89.995,86.49,94.2,84.99,96.0
2023-08,MUN,RJ|TERESOPOLIS,glp,7,100.0,98.0,115.3,98.0,115.9
2023-08,MUN,RJ|TRES RIOS,glp,9,84.99,82.59,91.998,80.99,99.99
2023-08,MUN,RJ|VALENCA,glp,7,90.0,89.2,97.0,88.0,100.0
2023-08,MUN,RJ|VOLTA REDONDA,glp,9,100.0,96.9,105.2,96.9,106.0
2023-08,MUN,RN|CAICO,glp,8,100.0,100.0,100.0,100.0,100.0
2023-08,MUN,RN|MOSSORO,glp,16,103.5,100.0,111.0,85.0,120.0
2023-08,MUN,RN|NATAL,glp,23,105.0,87.0,115.0,80.0,128.0
2023-08,MUN,RN|PARNAMIRIM,glp,15,112.5,99.396,117.4,95.0,135.0
2023-08,MUN,RO|ARIQUEMES,glp,8,123.75,117.1,125.6,115.0,127.0
2023-08,MUN,RO|CACOAL,glp,9,130.0,128.0,134.2,128.0,143.0
2023-08,MUN,RO|JI-PARANA,glp,12,118.995,109.8,121.8,107.095,130.0
2023-08,MUN,RO|PIMENTA BUENO,glp,5,135.0,129.6,135.0,128.0,135.0
2023-08,MUN,RO|PORTO VELHO,glp,33,109.0,95.0,115.0,93.0,125.0
2023-08,MUN,RO|VILHENA,glp,10,128.5,124.8,130.5,123.0,135.0
2023-08,MUN,RR|BOA VISTA,glp,32,125.0,118.0,134.8,115.0,140.0
2023-08,MUN,RS|ALEGRETE,glp,9,105.0,98.2,111.0,95.0,115.0
2023-08,MUN,RS|ALVORADA,glp,9,95.0,87.998,102.0,87.99,110.0
2023-08,MUN,RS|BAGE,glp,11,115.0,109.0,120.0,109.0,120.0
2023-08,MUN,RS|BENTO GONCALVES,glp,7,114.0,104.98,121.6,104.95,124.0
2023-08,MUN,RS|CACHOEIRA DO SUL,glp,8,95.0,88.0,98.6,88.0,100.0
2023-08,MUN,RS|CACHOEIRINHA,glp,9,100.0,95.0,105.0,95.0,105.0
2023-08,MUN,RS|CANOAS,glp,17,100.0,96.96,105.0,95.0,105.0
2023-08,MUN,RS|CAXIAS DO SUL,glp,24,99.9,94.9,106.93,89.9,125.0
2023-08,MUN,RS|CRUZ ALTA,glp,6,76.9,75.0,76.9,75.0,76.9
2023-08,MUN,RS|ERECHIM,glp,9,120.0,118.0,121.0,118.0,125.0
2023-08,MUN,RS|ESTEIO,glp,8,100.0,95.0,105.9,95.0,108.0
2023-08,MUN,RS|FARROUPILHA,glp,1,120.0,120.0,120.0,120.0,120.0
2023-08,MUN,RS|GRAMADO,glp,7,114.0,113.0,121.8,113.0,124.5
2023-08,MUN,RS|GRAVATAI,glp,13,99.9,95.6,100.8,95.0,108.0
2023-08,MUN,RS|GUAIBA,glp,8,100.0,93.5,106.4,90.0,109.9
2023-08,MUN,RS|IJUI,glp,7,118.0,103.998,120.0,94.995,120.0
2023-08,MUN,RS|LAJEADO,glp,9,99.9,95.0,113.8,95.0,117.0
2023-08,MUN,RS|NOVO HAMBURGO,glp,13,93.0,90.0,95.0,90.0,100.0
2023-08,MUN,RS|OSORIO,glp,7,93.0,92.0,101.94,92.0,105.0
2023-08,MUN,RS|PASSO FUNDO,glp,11,110.0,107.0,110.0,105.0,110.0
2023-08,MUN,RS|PELOTAS,glp,19,102.0,98.0,108.0,98.0,108.0
2023-08,MUN,RS|PORTO ALEGRE,glp,23,105.0,99.92,111.6,98.0,114.9
2023-08,MUN,RS|RIO GRANDE,glp,13,124.0,112.0,130.0,108.0,130.0
2023-08,MUN,RS|SANTA CRUZ DO SUL,glp,14,100.0,95.0,107.0,95.0,108.0
2023-08,MUN,RS|SANTA MARIA,glp,21,105.0,98.0,114.9,98.0,129.9
2023-08,MUN,RS|SANTA ROSA,glp,8,105.0,105.0,112.4,105.0,125.0
2023-08,MUN,RS|SANTANA DO LIVRAMENTO,glp,9,110.0,99.0,119.2,95.0,120.0
2023-08,MUN,RS|SANTO ANGELO,glp,6,117.5,111.5,127.0,108.0,129.0
2023-08,MUN,RS|SAO GABRIEL,glp,8,112.5,110.0,115.0,110.0,115.0
2023-08,MUN,RS|SAO LEOPOLDO,glp,8,92.75,90.0,99.93,90.0,100.0
2023-08,MUN,RS|SAO LUIZ GONZAGA,glp,7,100.0,97.1,115.0,95.0,122.5
2023-08,MUN,RS|SAPIRANGA,glp,8,106.5,98.55,108.6,97.5,110.0
2023-08,MUN,RS|SAPUCAIA DO SUL,glp,8,95.0,95.0,100.0,95.0,100.0
2023-08,MUN,RS|TORRES,glp,5,110.0,108.8,113.0,108.0,115.0
2023-08,MUN,RS|URUGUAIANA,glp,8,117.5,106.75,121.5,105.0,125.0
2023-08,MUN,RS|VACARIA,glp,7,105.0,103.8,110.0,102.0,110.0
2023-08,MUN,RS|VIAMAO,glp,12,105.0,94.1,110.0,94.0,124.0
2023-08,MUN,SC|ARARANGUA,glp,7,100.0,99.0,103.8,99.0,105.0
2023-08,MUN,SC|BALNEARIO CAMBORIU,glp,6,124.24,120.0,128.245,120.0,129.0
2023-08,MUN,SC|BIGUACU,glp,5,115.99,114.4,117.596,114.0,118.0
2023-08,MUN,SC|BLUMENAU,glp,10,110.0,99.5,121.0,95.0,121.0
2023-08,MUN,SC|BRUSQUE,glp,10,115.45,113.89,120.499,112.9,124.99
2023-08,MUN,SC|CACADOR,glp,9,110.0,99.999,123.0,99.995,135.0
2023-08,MUN,SC|CHAPECO,glp,13,130.0,118.4,132.4,118.0,135.0
2023-08,MUN,SC|CONCORDIA,glp,7,109.98,99.996,114.664,99.99,115.0
2023-08,MUN,SC|CRICIUMA,glp,8,112.0,110.0,117.65,110.0,118.0
2023-08,MUN,SC|FLORIANOPOLIS,glp,8,115.0,113.5,121.5,110.0,125.0
2023-08,MUN,SC|GASPAR,glp,1,125.0,125.0,125.0,125.0,125.0
2023-08,MUN,SC|ITAJAI,glp,17,114.99,100.0,120.0,99.0,129.0
2023-08,MUN,SC|JARAGUA DO SUL,glp,11,103.9,92.9,104.0,89.9,105.0
2023-08,MUN,SC|JOINVILLE,glp,12,115.0,110.0,122.7,110.0,125.0
2023-08,MUN,SC|LAGES,glp,4,109.0,98.9,120.5,95.0,125.0
2023-08,MUN,SC|LAGUNA,glp,7,104.99,98.598,109.0,94.995,115.0
2023-08,MUN,SC|MAFRA,glp,4,112.5,109.93,118.5,109.9,120.0
2023-08,MUN,SC|PALHOCA,glp,10,112.5,108.0,120.5,108.0,125.0
2023-08,MUN,SC|SAO JOSE,glp,12,115.5,106.391,119.9,99.0,124.0
2023-08,MUN,SC|TUBARAO,glp,9,110.0,110.0,115.0,110.0,115.0
2023-08,MUN,SC|VIDEIRA,glp,9,110.0,99.792,120.0,99.0,120.0
2023-08,MUN,SC|XANXERE,glp,6,125.0,105.0,130.0,105.0,130.0
2023-08,MUN,SE|ARACAJU,glp,24,96.9,92.3,104.9,89.99,110.0
2023-08,MUN,SE|ITABAIANA,glp,8,101.0,98.5,105.0,95.0,105.0
2023-08,MUN,SE|LAGARTO,glp,8,100.0,98.5,105.0,95.0,105.0
2023-08,MUN,SE|NOSSA SENHORA DO SOCORRO,glp,10,95.0,95.0,97.209,95.0,99.99
2023-08,MUN,SP|ADAMANTINA,glp,7,97.95,90.596,101.2,86.99,103.0
2023-08,MUN,SP|AMERICANA,glp,5,99.99,98.196,106.194,97.0,106.99
2023-08,MUN,SP|AMPARO,glp,8,110.0,109.4,115.9,108.0,118.0
2023-08,MUN,SP|ARACATUBA,glp,20,89.99,85.89,90.0,79.99,115.0
2023-08,MUN,SP|ARARAQUARA,glp,18,105.0,99.997,111.5,89.99,115.0
2023-08,MUN,SP|ARARAS,glp,7,96.0,95.596,98.4,94.99,102.0
2023-08,MUN,SP|ASSIS,glp,8,99.9,89.9,120.0,89.9,120.0
2023-08,MUN,SP|ATIBAIA,glp,12,100.0,90.499,119.399,87.99,120.0
2023-08,MUN,SP|AVARE,glp,9,85.0,83.992,89.0,80.0,89.0
2023-08,MUN,SP|BARRETOS,glp,7,110.0,106.2,112.0,105.0,115.0
2023-08,MUN,SP|BARUERI,glp,12,100.0,90.79,104.691,89.99,105.0
2023-08,MUN,SP|BAURU,glp,18,96.5,87.343,100.0,85.0,100.0
2023-08,MUN,SP|BEBEDOURO,glp,9,100.0,99.9,111.0,99.9,115.0
2023-08,MUN,SP|BIRIGUI,glp,11,99.99,99.0,105.0,90.0,110.0
2023-08,MUN,SP|BOTUCATU,glp,10,100.0,98.955,105.5,90.0,110.0
2023-08,MUN,SP|BRAGANCA PAULISTA,glp,12,100.0,99.909,106.791,95.0,109.9
2023-08,MUN,SP|CACAPAVA,glp,8,94.99,84.99,100.0,84.99,100.0
2023-08,MUN,SP|CAMPINAS,glp,19,99.99,99.99,99.992,94.99,105.0
2023-08,MUN,SP|CARAGUATATUBA,glp,8,100.0,98.627,110.5,97.99,135.0
2023-08,MUN,SP|CARAPICUIBA,glp,16,98.0,91.995,102.49,89.99,105.0
2023-08,MUN,SP|CATANDUVA,glp,5,107.0,107.0,107.0,107.0,107.0
2023-08,MUN,SP|COSMOPOLIS,glp,8,94.99,94.99,95.9,94.99,98.0
2023-08,MUN,SP|COTIA,glp,4,109.99,102.99,114.19,99.99,115.99
2023-08,MUN,SP|CRUZEIRO,glp,8,85.0,81.397,95.0,79.99,95.0
2023-08,MUN,SP|CUBATAO,glp,9,105.9,101.994,122.0,99.99,130.0
2023-08,MUN,SP|DIADEMA,glp,11,109.99,89.99,126.5,89.99,130.0
2023-08,MUN,SP|DRACENA,glp,8,109.0,98.0,110.0,98.0,110.0
2023-08,MUN,SP|ELISIARIO,glp,1,95.0,95.0,95.0,95.0,95.0
2023-08,MUN,SP|EMBU DAS ARTES,glp,12,97.5,94.99,109.99,85.99,114.99
2023-08,MUN,SP|FRANCA,glp,19,99.9,94.99,109.4,94.99,115.0
2023-08,MUN,SP|GARCA,glp,9,99.645,94.0,100.0,90.0,100.0
2023-08,MUN,SP|GUARATINGUETA,glp,7,94.0,82.996,97.0,79.99,100.0
2023-08,MUN,SP|GUARUJA,glp,10,110.0,109.491,115.0,105.0,115.0
2023-08,MUN,SP|GUARULHOS,glp,16,89.99,87.995,102.495,85.0,105.0
2023-08,MUN,SP|HORTOLANDIA,glp,10,97.495,84.99,125.0,84.99,125.0
2023-08,MUN,SP|IBITINGA,glp,8,94.995,91.746,105.1,90.0,110.0
2023-08,MUN,SP|INDAIATUBA,glp,8,105.0,100.0,107.3,100.0,108.0
2023-08,MUN,SP|ITANHAEM,glp,9,105.0,98.92,108.4,95.0,110.0
2023-08,MUN,SP|ITAPECERICA DA SERRA,glp,7,89.99,84.99,101.99,84.99,104.99
2023-08,MUN,SP|ITAPETININGA,glp,4,109.25,109.0,109.85,109.0,110.0
2023-08,MUN,SP|ITAPEVA,glp,8,110.0,104.997,115.0,104.99,115.0
2023-08,MUN,SP|ITAPIRA,glp,9,98.0,89.998,105.0,89.99,105.0
2023-08,MUN,SP|ITAPOLIS,glp,9,105.0,104.8,115.0,104.0,115.0
2023-08,MUN,SP|ITAQUAQUECETUBA,glp,15,84.99,84.99,89.99,79.99,89.99
2023-08,MUN,SP|ITATIBA,glp,9,100.0,95.0,100.0,95.0,100.0
2023-08,MUN,SP|ITU,glp,7,105.0,96.0,110.0,90.0,110.0
2023-08,MUN,SP|JABOTICABAL,glp,7,100.0,99.954,108.194,99.9,110.0
2023-08,MUN,SP|JACAREI,glp,13,89.99,88.192,105.9,87.0,115.0
2023-08,MUN,SP|JALES,glp,7,89.99,87.4,90.0,85.0,90.0
2023-08,MUN,SP|JAU,glp,9,112.0,109.98,112.2,109.9,113.0
2023-08,MUN,SP|JOSE BONIFACIO,glp,8,95.0,85.0,100.0,85.0,100.0
2023-08,MUN,SP|JUNDIAI,glp,12,103.5,95.991,110.0,90.0,110.0
2023-08,MUN,SP|LEME,glp,8,94.5,89.4,106.9,88.0,123.0
2023-08,MUN,SP|LIMEIRA,glp,11,100.0,89.99,100.0,89.99,110.0
2023-08,MUN,SP|LINS,glp,7,89.99,79.99,100.0,79.99,100.0
2023-08,MUN,SP|LORENA,glp,8,85.0,69.99,99.9,69.99,102.0
2023-08,MUN,SP|MARILIA,glp,8,115.0,113.5,115.0,110.0,115.0
2023-08,MUN,SP|MATAO,glp,11,99.0,94.99,100.0,94.99,130.0
2023-08,MUN,SP|MAUA,glp,13,100.0,84.99,110.0,84.99,110.0
2023-08,MUN,SP|MIRASSOL,glp,8,99.995,94.1,110.0,92.0,110.0
2023-08,MUN,SP|MOCOCA,glp,8,107.5,99.997,111.5,99.99,115.0
2023-08,MUN,SP|MOGI DAS CRUZES,glp,10,91.245,88.99,95.091,79.99,96.0
2023-08,MUN,SP|MOGI GUACU,glp,8,93.0,89.99,99.99,89.99,99.99
2023-08,MUN,SP|MOGI MIRIM,glp,8,93.5,86.69,95.0,85.99,95.0
2023-08,MUN,SP|MONTE ALTO,glp,7,100.0,100.0,100.0,100.0,100.0
2023-08,MUN,SP|OLIMPIA,glp,6,86.0,85.0,88.0,85.0,90.0
2023-08,MUN,SP|OSASCO,glp,8,96.995,86.99,99.993,79.99,100.0
2023-08,MUN,SP|OURINHOS,glp,10,99.95,89.99,105.4,89.9,109.0
2023-08,MUN,SP|PARAGUACU PAULISTA,glp,8,107.5,96.3,113.6,90.0,115.0
2023-08,MUN,SP|PAULINIA,glp,8,100.0,94.99,103.0,94.99,110.0
2023-08,MUN,SP|PINDAMONHANGABA,glp,11,100.0,89.99,110.0,89.0,110.0
2023-08,MUN,SP|PIRACICABA,glp,17,99.99,94.996,112.0,94.99,115.0
2023-08,MUN,SP|PIRASSUNUNGA,glp,7,91.0,87.5,99.994,86.9,100.0
2023-08,MUN,SP|POA,glp,10,89.995,89.49,95.499,84.99,99.99
2023-08,MUN,SP|PORTO FERREIRA,glp,8,95.0,89.7,102.997,89.0,109.99
2023-08,MUN,SP|PRAIA GRANDE,glp,16,100.0,99.99,104.5,99.0,108.5
2023-08,MUN,SP|PRESIDENTE PRUDENTE,glp,16,100.0,89.99,107.5,89.9,112.5
2023-08,MUN,SP|PRESIDENTE VENCESLAU,glp,8,103.0,97.0,105.0,90.0,105.0
2023-08,MUN,SP|RIBEIRAO PIRES,glp,8,89.99,89.63,101.5,89.0,105.0
2023-08,MUN,SP|RIBEIRAO PRETO,glp,12,104.99,90.491,113.01,84.99,114.995
2023-08,MUN,SP|RIO CLARO,glp,7,100.0,89.99,100.0,89.99,100.0
2023-08,MUN,SP|SALTO,glp,2,98.5,93.3,103.7,92.0,105.0
2023-08,MUN,SP|SANTA BARBARA D'OESTE,glp,12,100.0,95.0,100.0,95.0,100.0
2023-08,MUN,SP|SANTA CRUZ DO RIO PARDO,glp,5,108.0,108.0,110.0,108.0,110.0
2023-08,MUN,SP|SANTO ANDRE,glp,12,99.995,94.991,109.99,89.99,115.99
2023-08,MUN,SP|SANTOS,glp,13,114.0,105.172,124.392,100.0,139.9
2023-08,MUN,SP|SAO BERNARDO DO CAMPO,glp,6,104.995,94.49,115.75,89.99,121.5
2023-08,MUN,SP|SAO CAETANO DO SUL,glp,6,102.495,99.99,112.495,99.99,115.0
2023-08,MUN,SP|SAO CARLOS,glp,20,109.995,105.0,120.0,102.99,123.0
2023-08,MUN,SP|SAO JOAO DA BOA VISTA,glp,7,100.0,100.0,100.0,100.0,100.0
2023-08,MUN,SP|SAO JOSE DO RIO PRETO,glp,28,115.0,95.0,120.0,94.99,125.0
2023-08,MUN,SP|SAO JOSE DOS CAMPOS,glp,22,97.495,79.99,114.491,79.99,115.0
2023-08,MUN,SP|SAO PAULO,glp,65,103.99,95.4,117.954,89.99,124.0
2023-08,MUN,SP|SAO ROQUE,glp,9,100.0,93.99,100.0,89.99,100.0
2023-08,MUN,SP|SAO VICENTE,glp,18,104.45,94.69,109.927,92.0,110.0
2023-08,MUN,SP|SERTAOZINHO,glp,10,89.0,86.999,90.281,86.99,92.9
2023-08,MUN,SP|SOROCABA,glp,19,104.99,96.192,110.0,94.99,113.99
2023-08,MUN,SP|SUMARE,glp,12,97.495,94.99,118.25,90.0,120.0
2023-08,MUN,SP|SUZANO,glp,14,95.215,89.99,109.39,85.0,115.0
2023-08,MUN,SP|TABOAO DA SERRA,glp,8,98.995,89.99,102.99,89.99,109.99
2023-08,MUN,SP|TATUI,glp,9,99.995,98.99,103.0,94.99,115.0
2023-08,MUN,SP|TAUBATE,glp,13,89.0,79.99,95.0,78.0,96.0
2023-08,MUN,SP|TUPA,glp,6,102.5,97.5,112.5,95.0,115.0
2023-08,MUN,SP|UBATUBA,glp,10,100.0,86.299,108.8,79.99,116.0
2023-08,MUN,SP|VALINHOS,glp,10,99.4,93.99,109.99,93.99,109.99
2023-08,MUN,SP|VARZEA PAULISTA,glp,10,94.995,86.999,106.65,86.99,112.5
2023-08,MUN,SP|VINHEDO,glp,9,98.0,89.998,104.18,89.99,104.9
2023-08,MUN,SP|VOTORANTIM,glp,8,104.495,100.0,105.0,100.0,105.0
2023-08,MUN,SP|VOTUPORANGA,glp,14,99.0,90.0,99.963,90.0,105.0
2023-08,MUN,TO|ARAGUAINA,glp,17,120.0,115.0,120.0,115.0,120.0
2023-08,MUN,TO|GURUPI,glp,12,115.0,114.1,115.0,108.99,117.5
2023-08,MUN,TO|PALMAS,glp,19,120.0,114.0,123.4,110.0,127.0
2023-08,MUN,TO|PARAISO DO TOCANTINS,glp,8,120.0,120.0,121.5,120.0,125.0
2023-08,MUN,TO|PORTO NACIONAL,glp,9,110.0,110.0,116.0,110.0,120.0
2023-08,UF,AC,glp,38,112.0,104.4,125.0,99.0,126.0
2023-08,UF,AL,glp,58,91.25,85.0,102.5,83.99,110.0
2023-08,UF,AM,glp,117,118.0,108.0,130.0,106.99,150.0
2023-08,UF,AP,glp,29,115.0,99.8,120.0,95.0,128.0
2023-08,UF,BA,glp,264,100.0,89.99,120.0,76.0,147.0
2023-08,UF,CE,glp,135,100.0,89.99,109.6,80.99,120.0
2023-08,UF,DF,glp,56,89.99,85.49,99.99,82.99,119.99
2023-08,UF,ES,glp,141,95.0,85.0,105.0,78.0,122.0
2023-08,UF,GO,glp,270,100.0,89.99,115.0,71.49,135.0
2023-08,UF,MA,glp,157,99.0,89.99,120.0,87.5,130.0
2023-08,UF,MG,glp,580,100.0,85.0,116.91,74.99,130.0
2023-08,UF,MS,glp,96,110.0,98.0,120.0,70.0,130.0
2023-08,UF,MT,glp,118,120.0,93.5,140.0,84.99,145.0
2023-08,UF,PA,glp,186,108.5,91.0,130.0,77.99,145.0
2023-08,UF,PB,glp,82,105.0,90.0,110.0,79.99,120.0
2023-08,UF,PE,glp,161,85.0,75.0,110.0,74.99,120.0
2023-08,UF,PI,glp,63,100.0,89.99,115.0,80.0,118.0
2023-08,UF,PR,glp,386,98.495,87.995,115.0,70.0,130.0
2023-08,UF,RJ,glp,322,90.0,80.099,105.9,73.99,120.0
2023-08,UF,RN,glp,62,105.0,98.1,115.0,80.0,135.0
2023-08,UF,RO,glp,77,119.99,97.4,132.0,93.0,143.0
2023-08,UF,RR,glp,32,125.0,118.0,134.8,115.0,140.0
2023-08,UF,RS,glp,377,103.0,94.9,120.0,75.0,130.0
2023-08,UF,SC,glp,185,114.44,100.0,125.0,89.9,135.0
2023-08,UF,SE,glp,50,96.9,94.9,105.0,89.99,110.0
2023-08,UF,SP,glp,1162,99.99,89.0,110.9,69.99,139.9
2023-08,UF,TO,glp,65,117.5,110.0,120.0,108.99,127.0
2023-09,BR,BR,glp,5435,100.0,88.5,120.0,69.99,150.0
2023-09,MUN,AC|CRUZEIRO DO SUL,glp,10,117.0,115.9,118.7,115.0,125.0
2023-09,MUN,AC|RIO BRANCO,glp,36,110.0,105.0,122.5,98.0,127.0
2023-09,MUN,AL|ARAPIRACA,glp,10,87.94,79.999,96.0,79.99,105.0
2023-09,MUN,AL|DELMIRO GOUVEIA,glp,5,95.0,92.0,95.0,90.0,95.0
2023-09,MUN,AL|MACEIO,glp,36,92.5,85.99,105.0,85.0,110.0
2023-09,MUN,AL|PALMEIRA DOS INDIOS,glp,5,89.99,86.996,89.998,85.0,90.0
2023-09,MUN,AL|RIO LARGO,glp,9,105.0,92.398,105.0,89.99,105.0
2023-09,MUN,AM|ITACOATIARA,glp,9,123.0,118.392,130.0,112.0,130.0
2023-09,MUN,AM|MANACAPURU,glp,9,120.5,115.0,128.4,115.0,130.0
2023-09,MUN,AM|MANAUS,glp,95,115.5,108.5,125.0,106.99,135.0
2023-09,MUN,AM|PARINTINS,glp,9,120.0,120.0,120.0,120.0,120.0
2023-09,MUN,AM|TEFE,glp,4,144.0,142.0,148.8,142.0,150.0
2023-09,MUN,AP|MACAPA,glp,19,117.0,108.0,119.2,105.0,128.0
2023-09,MUN,AP|SANTANA,glp,14,105.0,99.3,120.0,95.0,124.5
2023-09,MUN,BA|AGUA FRIA,glp,1,120.0,120.0,120.0,120.0,120.0
2023-09,MUN,BA|ALAGOINHAS,glp,9,99.99,99.99,110.3,99.99,111.5
2023-09,MUN,BA|BARREIRAS,glp,10,133.75,130.0,135.5,130.0,140.0
2023-09,MUN,BA|BRUMADO,glp,6,97.5,93.75,105.0,92.5,105.0
2023-09,MUN,BA|CAETITE,glp,8,95.0,94.25,96.5,92.5,100.0
2023-09,MUN,BA|CAMACARI,glp,14,107.0,105.0,110.0,102.5,115.0
2023-09,MUN,BA|EUNAPOLIS,glp,9,105.0,100.0,106.0,100.0,110.0
2023-09,MUN,BA|FEIRA DE SANTANA,glp,12,90.995,88.5,99.999,87.5,100.0
2023-09,MUN,BA|GUANAMBI,glp,10,101.25,99.0,110.0,99.0,110.0
2023-09,MUN,BA|ILHEUS,glp,9,119.99,115.0,131.4,115.0,147.0
2023-09,MUN,BA|IPIRA,glp,6,101.992,90.0,114.0,90.0,114.0
2023-09,MUN,BA|IRECE,glp,10,105.0,100.0,110.0,100.0,110.0
2023-09,MUN,BA|ITABUNA,glp,9,99.99,89.7,106.0,88.5,110.0
2023-09,MUN,BA|ITAMARAJU,glp,9,105.0,97.0,110.0,95.0,110.0
2023-09,MUN,BA|JACOBINA,glp,6,120.0,120.0,126.0,120.0,130.0
2023-09,MUN,BA|JAGUAQUARA,glp,6,100.0,100.0,107.5,100.0,110.0
2023-09,MUN,BA|JEQUIE,glp,8,89.99,81.05,100.4,80.0,120.0
2023-09,MUN,BA|JUAZEIRO,glp,5,98.0,92.0,109.0,90.0,115.0
2023-09,MUN,BA|LAURO DE FREITAS,glp,13,102.0,96.0,108.0,94.99,111.0
2023-09,MUN,BA|LIVRAMENTO DE NOSSA SENHORA,glp,8,105.0,101.75,105.15,100.0,105.5
2023-09,MUN,BA|PAULO AFONSO,glp,9,95.0,86.499,97.4,86.495,99.0
2023-09,MUN,BA|POCOES,glp,8,98.5,93.35,105.0,93.0,105.0
2023-09,MUN,BA|PORTO SEGURO,glp,9,98.5,90.0,103.5,90.0,107.5
2023-09,MUN,BA|SALVADOR,glp,45,105.0,89.99,115.0,70.0,124.0
2023-09,MUN,BA|SANTO ANTONIO DE JESUS,glp,8,95.0,95.0,103.0,95.0,110.0
2023-09,MUN,BA|SENHOR DO BONFIM,glp,4,110.0,110.0,120.5,110.0,125.0
2023-09,MUN,BA|SERRINHA,glp,7,120.0,116.0,120.0,110.0,120.0
2023-09,MUN,BA|SIMOES FILHO,glp,6,102.5,93.75,120.748,92.5,126.495
2023-09,MUN,BA|TEIXEIRA DE FREITAS,glp,11,85.0,79.5,92.0,78.0,95.0
2023-09,MUN,BA|VALENCA,glp,8,111.25,109.25,115.0,107.5,115.0
2023-09,MUN,BA|VITORIA DA CONQUISTA,glp,11,107.5,97.495,115.0,96.49,115.0
2023-09,MUN,CE|CANINDE,glp,2,100.0,98.4,101.6,98.0,102.0
2023-09,MUN,CE|CAUCAIA,glp,12,100.0,95.0,109.5,92.49,117.0
2023-09,MUN,CE|CRATEUS,glp,7,100.0,98.0,109.0,95.0,109.0
2023-09,MUN,CE|CRATO,glp,8,103.75,100.6,106.0,95.0,106.0
2023-09,MUN,CE|FORTALEZA,glp,41,97.495,89.99,109.99,87.0,122.0
2023-09,MUN,CE|ICO,glp,6,102.5,95.0,110.0,95.0,110.0
2023-09,MUN,CE|IGUATU,glp,8,98.25,96.4,100.15,95.0,100.5
2023-09,MUN,CE|ITAPIPOCA,glp,9,100.0,94.0,106.0,90.0,110.0
2023-09,MUN,CE|JUAZEIRO DO NORTE,glp,14,103.0,103.0,106.0,95.0,115.0
2023-09,MUN,CE|LIMOEIRO DO NORTE,glp,7,100.0,96.5,102.0,95.0,105.0
2023-09,MUN,CE|MARACANAU,glp,8,97.5,94.397,103.25,92.99,105.0
2023-09,MUN,CE|QUIXADA,glp,7,92.0,82.39,95.2,79.99,95.5
2023-09,MUN,CE|SOBRAL,glp,6,107.0,104.5,109.0,104.0,109.0
2023-09,MUN,DF|BRASILIA,glp,53,92.49,87.492,98.89,84.99,119.99
2023-09,MUN,ES|ARACRUZ,glp,10,101.25,99.999,105.0,99.99,105.0
2023-09,MUN,ES|CACHOEIRO DE ITAPEMIRIM,glp,12,99.5,90.491,101.8,89.0,105.0
2023-09,MUN,ES|CARIACICA,glp,21,82.5,79.99,100.0,75.0,100.0
2023-09,MUN,ES|COLATINA,glp,7,92.5,87.4,100.5,85.0,105.0
2023-09,MUN,ES|GUARAPARI,glp,11,92.495,85.0,100.0,84.99,110.0
2023-09,MUN,ES|LINHARES,glp,14,107.5,105.0,114.25,100.0,115.0
2023-09,MUN,ES|SAO MATEUS,glp,12,95.0,92.99,96.346,92.5,96.495
2023-09,MUN,ES|SERRA,glp,27,89.99,85.0,95.0,80.0,99.495
2023-09,MUN,ES|VILA VELHA,glp,21,95.0,89.99,100.0,85.0,105.0
2023-09,MUN,ES|VITORIA,glp,10,95.0,89.491,110.0,85.0,110.0
2023-09,MUN,GO|AGUAS LINDAS DE GOIAS,glp,21,89.99,84.99,95.0,79.99,102.5
2023-09,MUN,GO|ANAPOLIS,glp,27,100.0,100.0,107.5,95.0,110.0
2023-09,MUN,GO|APARECIDA DE GOIANIA,glp,31,100.0,92.5,105.0,81.49,110.0
2023-09,MUN,GO|CALDAS NOVAS,glp,12,104.498,100.0,109.9,94.5,110.0
2023-09,MUN,GO|CATALAO,glp,9,105.0,99.8,110.6,99.0,113.0
2023-09,MUN,GO|FORMOSA,glp,9,100.0,100.0,115.3,100.0,116.5
2023-09,MUN,GO|GOIANIA,glp,46,105.0,92.5,110.0,85.99,130.0
2023-09,MUN,GO|GOIATUBA,glp,6,120.0,112.5,120.0,110.0,120.0
2023-09,MUN,GO|ITUMBIARA,glp,9,110.0,104.4,115.0,102.0,115.0
2023-09,MUN,GO|JATAI,glp,8,117.5,115.0,124.5,115.0,135.0
2023-09,MUN,GO|LUZIANIA,glp,14,91.49,88.297,100.0,86.99,103.0
2023-09,MUN,GO|MINEIROS,glp,9,110.0,108.2,111.7,105.0,112.5
2023-09,MUN,GO|MORRINHOS,glp,7,100.0,92.4,105.0,88.5,112.5
2023-09,MUN,GO|PORANGATU,glp,10,110.0,105.0,115.5,105.0,120.0
2023-09,MUN,GO|RIO VERDE,glp,14,110.0,101.5,115.0,100.0,115.0
2023-09,MUN,GO|TRINDADE,glp,21,95.0,89.99,100.0,84.99,100.0
2023-09,MUN,GO|VALPARAISO DE GOIAS,glp,12,89.995,83.846,99.199,74.49,102.49
2023-09,MUN,MA|ACAILANDIA,glp,9,100.0,95.0,105.0,95.0,115.0
2023-09,MUN,MA|BACABAL,glp,9,108.0,106.4,108.2,100.0,109.0
2023-09,MUN,MA|BALSAS,glp,7,120.0,119.2,122.0,118.0,125.0
2023-09,MUN,MA|BARRA DO CORDA,glp,8,110.0,110.0,110.0,110.0,110.0
2023-09,MUN,MA|CAXIAS,glp,10,102.495,99.99,110.5,99.99,115.0
2023-09,MUN,MA|CODO,glp,8,110.0,110.0,110.0,110.0,110.0
2023-09,MUN,MA|IMPERATRIZ,glp,17,100.0,97.5,100.0,97.5,130.0
2023-09,MUN,MA|PINHEIRO,glp,8,120.0,118.5,120.0,115.0,120.0
2023-09,MUN,MA|PRESIDENTE DUTRA,glp,6,110.0,107.5,114.0,105.0,115.0
2023-09,MUN,MA|SANTA INES,glp,8,118.75,115.0,122.993,115.0,123.0
2023-09,MUN,MA|SAO JOSE DE RIBAMAR,glp,15,92.495,92.49,94.996,92.49,95.0
2023-09,MUN,MA|SAO LUIS,glp,42,95.0,89.991,95.0,87.5,114.9
2023-09,MUN,MG|ALFENAS,glp,8,96.5,86.997,100.0,79.99,100.0
2023-09,MUN,MG|ARAGUARI,glp,8,107.5,100.0,110.0,100.0,110.0
2023-09,MUN,MG|ARAXA,glp,7,90.0,85.6,107.2,85.0,130.0
2023-09,MUN,MG|BARBACENA,glp,8,96.25,92.894,100.0,87.98,100.0
2023-09,MUN,MG|BELO HORIZONTE,glp,32,103.75,89.991,120.0,85.0,129.0
2023-09,MUN,MG|BETIM,glp,18,107.0,96.297,107.9,88.9,110.0
2023-09,MUN,MG|BOM DESPACHO,glp,8,100.0,93.5,116.5,90.0,120.0
2023-09,MUN,MG|CAMPO BELO,glp,9,110.0,110.0,111.0,110.0,115.0
2023-09,MUN,MG|CARATINGA,glp,8,108.5,99.997,122.97,99.99,129.9
2023-09,MUN,MG|CONGONHAS,glp,8,104.0,94.99,106.5,94.99,110.0
2023-09,MUN,MG|CONSELHEIRO LAFAIETE,glp,9,88.0,86.398,90.099,79.99,90.495
2023-09,MUN,MG|CONTAGEM,glp,23,110.0,90.498,110.0,88.0,115.0
2023-09,MUN,MG|CORONEL FABRICIANO,glp,10,112.25,108.98,118.0,99.8,118.0
2023-09,MUN,MG|CURVELO,glp,7,90.0,80.0,100.0,80.0,100.0
2023-09,MUN,MG|DIVINOPOLIS,glp,11,99.99,95.0,105.0,85.0,107.5
2023-09,MUN,MG|FORMIGA,glp,8,95.0,92.35,112.5,92.0,130.0
2023-09,MUN,MG|FRUTAL,glp,8,89.99,89.99,94.726,89.99,99.945
2023-09,MUN,MG|GOVERNADOR VALADARES,glp,14,113.5,110.0,120.0,100.0,120.0
2023-09,MUN,MG|GUAXUPE,glp,10,85.0,79.41,90.5,75.0,95.0
2023-09,MUN,MG|IPATINGA,glp,8,105.0,96.997,111.5,89.99,115.0
2023-09,MUN,MG|ITABIRA,glp,2,110.0,110.0,110.0,110.0,110.0
2023-09,MUN,MG|ITAJUBA,glp,7,92.5,90.0,107.0,90.0,125.0
2023-09,MUN,MG|ITAUNA,glp,7,102.0,95.2,116.0,94.0,125.0
2023-09,MUN,MG|ITUIUTABA,glp,10,85.0,85.0,95.15,85.0,96.5
2023-09,MUN,MG|JANAUBA,glp,8,110.0,110.0,110.0,110.0,110.0
2023-09,MUN,MG|JANUARIA,glp,8,115.0,114.7,118.0,114.0,118.0
2023-09,MUN,MG|JOAO MONLEVADE,glp,11,105.0,100.0,110.0,95.0,110.0
2023-09,MUN,MG|JOAO PINHEIRO,glp,8,112.5,108.5,119.33,105.0,125.0
2023-09,MUN,MG|JUIZ DE FORA,glp,18,84.245,79.99,94.99,79.99,94.99
2023-09,MUN,MG|LAVRAS,glp,8,100.0,97.8,100.0,95.0,100.0
2023-09,MUN,MG|LEOPOLDINA,glp,9,95.0,94.5,102.0,92.5,110.0
2023-09,MUN,MG|MANHUACU,glp,8,100.0,99.97,110.0,99.9,110.0
2023-09,MUN,MG|MONTE CARMELO,glp,8,90.0,90.0,93.25,90.0,95.0
2023-09,MUN,MG|MONTES CLAROS,glp,32,120.0,100.19,120.0,94.0,130.0
2023-09,MUN,MG|MURIAE,glp,7,100.0,99.98,105.494,99.95,113.0
2023-09,MUN,MG|NOVA LIMA,glp,9,102.0,100.0,112.0,100.0,112.0
2023-09,MUN,MG|OLIVEIRA,glp,7,110.0,104.8,110.0,104.5,110.0
2023-09,MUN,MG|OURO PRETO,glp,5,110.0,110.0,111.5,110.0,112.5
2023-09,MUN,MG|PARA DE MINAS,glp,8,100.0,92.85,112.07,92.5,116.9
2023-09,MUN,MG|PARACATU,glp,7,97.5,93.0,107.5,93.0,115.0
2023-09,MUN,MG|PASSOS,glp,8,90.0,74.997,95.0,74.99,95.0
2023-09,MUN,MG|PATOS DE MINAS,glp,12,98.75,85.5,114.0,85.0,120.0
2023-09,MUN,MG|PATROCINIO,glp,8,90.0,90.0,100.0,90.0,100.0
2023-09,MUN,MG|POCOS DE CALDAS,glp,4,108.0,105.9,115.0,105.0,118.0
2023-09,MUN,MG|POUSO ALEGRE,glp,13,95.0,83.792,112.0,80.0,115.0
2023-09,MUN,MG|SABARA,glp,8,105.0,94.243,118.6,92.5,127.0
2023-09,MUN,MG|SAO JOAO DEL REI,glp,6,97.0,87.5,105.0,80.0,110.0
2023-09,MUN,MG|SAO SEBASTIAO DO PARAISO,glp,10,86.475,79.999,90.15,79.99,91.5
2023-09,MUN,MG|SETE LAGOAS,glp,13,100.0,90.192,109.0,85.0,117.0
2023-09,MUN,MG|TEOFILO OTONI,glp,10,114.25,104.491,117.1,100.0,118.0
2023-09,MUN,MG|TIMOTEO,glp,5,100.0,92.0,108.0,90.0,110.0
2023-09,MUN,MG|TRES CORACOES,glp,9,87.0,84.994,91.0,84.99,95.0
2023-09,MUN,MG|UBA,glp,7,97.99,94.0,100.998,92.5,102.495
2023-09,MUN,MG|UBERABA,glp,16,95.0,80.0,105.0,79.99,105.0
2023-09,MUN,MG|UBERLANDIA,glp,23,110.0,93.2,115.0,89.99,120.0
2023-09,MUN,MG|UNAI,glp,10,115.0,115.0,115.0,115.0,115.0
2023-09,MUN,MG|VARGINHA,glp,7,90.0,80.0,102.8,80.0,110.0
2023-09,MUN,MG|VICOSA,glp,8,120.0,114.2,120.0,106.5,120.0
2023-09,MUN,MS|CAMPO GRANDE,glp,44,104.0,89.93,110.0,70.0,135.0
2023-09,MUN,MS|CORUMBA,glp,7,120.0,109.0,130.0,107.5,130.0
2023-09,MUN,MS|COXIM,glp,11,122.5,120.0,125.0,120.0,130.0
2023-09,MUN,MS|DOURADOS,glp,22,100.0,98.0,120.0,96.0,130.0
2023-09,MUN,MS|NOVA ANDRADINA,glp,7,105.0,105.0,110.0,105.0,110.0
2023-09,MUN,MS|PONTA PORA,glp,7,115.0,110.0,117.0,110.0,120.0
2023-09,MUN,MS|TRES LAGOAS,glp,11,115.0,110.0,115.0,109.0,128.0
2023-09,MUN,MT|ALTA FLORESTA,glp,3,142.0,140.4,142.0,140.0,142.0
2023-09,MUN,MT|CACERES,glp,13,89.995,87.194,99.99,84.99,99.99
2023-09,MUN,MT|CUIABA,glp,40,120.0,102.5,130.3,85.0,135.0
2023-09,MUN,MT|RONDONOPOLIS,glp,18,125.0,116.75,130.0,105.0,135.0
2023-09,MUN,MT|SINOP,glp,15,140.0,135.5,145.0,130.0,145.0
2023-09,MUN,MT|SORRISO,glp,1,135.0,135.0,135.0,135.0,135.0
2023-09,MUN,MT|VARZEA GRANDE,glp,27,117.5,99.194,120.0,89.45,125.0
2023-09,MUN,PA|ABAETETUBA,glp,9,100.0,97.0,100.4,95.0,102.0
2023-09,MUN,PA|ALENQUER,glp,5,105.0,102.0,105.0,100.0,105.0
2023-09,MUN,PA|ALTAMIRA,glp,8,113.75,110.0,125.3,110.0,126.0
2023-09,MUN,PA|ANANINDEUA,glp,19,95.0,90.998,111.0,90.0,115.0
2023-09,MUN,PA|BELEM,glp,44,105.0,92.297,113.4,89.99,144.0
2023-09,MUN,PA|BRAGANCA,glp,5,110.0,108.0,114.2,108.0,115.0
2023-09,MUN,PA|CAMETA,glp,7,115.0,114.6,115.0,114.0,115.0
2023-09,MUN,PA|CASTANHAL,glp,12,105.0,100.25,110.0,100.0,115.0
2023-09,MUN,PA|CONCEICAO DO ARAGUAIA,glp,8,110.0,108.5,110.0,105.0,110.0
2023-09,MUN,PA|ITAITUBA,glp,2,125.0,125.0,125.0,125.0,125.0
2023-09,MUN,PA|MARABA,glp,4,102.995,99.99,112.3,99.99,115.0
2023-09,MUN,PA|PARAGOMINAS,glp,8,132.5,120.1,135.0,97.0,135.0
2023-09,MUN,PA|PARAUAPEBAS,glp,12,130.0,114.099,137.5,114.0,145.0
2023-09,MUN,PA|REDENCAO,glp,5,115.0,112.0,130.0,110.0,140.0
2023-09,MUN,PA|SANTAREM,glp,21,95.0,85.0,100.0,77.99,120.0
2023-09,MUN,PA|XINGUARA,glp,8,130.0,123.5,131.5,120.0,135.0
2023-09,MUN,PB|BAYEUX,glp,8,90.5,89.997,99.5,89.99,110.0
2023-09,MUN,PB|CABEDELO,glp,9,100.0,98.992,105.6,95.0,108.0
2023-09,MUN,PB|CAMPINA GRANDE,glp,17,110.0,98.0,120.0,93.0,120.0
2023-09,MUN,PB|JOAO PESSOA,glp,36,97.5,90.0,105.49,79.99,110.0
2023-09,MUN,PB|PATOS,glp,8,105.5,104.1,108.25,102.0,110.0
2023-09,MUN,PB|SOUSA,glp,5,100.0,95.0,101.2,95.0,102.0
2023-09,MUN,PE|ARARIPINA,glp,8,115.0,115.0,116.5,115.0,120.0
2023-09,MUN,PE|ARCOVERDE,glp,8,82.49,79.99,84.993,79.99,85.0
2023-09,MUN,PE|BELO JARDIM,glp,8,93.995,80.0,100.0,80.0,100.0
2023-09,MUN,PE|CABO DE SANTO AGOSTINHO,glp,10,85.0,85.0,88.728,85.0,99.87
2023-09,MUN,PE|CARUARU,glp,12,79.995,75.0,80.0,75.0,80.0
2023-09,MUN,PE|GARANHUNS,glp,10,79.99,77.49,81.5,77.49,95.0
2023-09,MUN,PE|GOIANA,glp,7,100.0,86.1,100.0,84.0,100.0
2023-09,MUN,PE|IGARASSU,glp,8,93.75,86.0,100.0,82.5,100.0
2023-09,MUN,PE|JABOATAO DOS GUARARAPES,glp,16,90.0,88.49,92.5,85.99,114.0
2023-09,MUN,PE|LAJEDO,glp,5,77.5,75.0,79.0,75.0,80.0
2023-09,MUN,PE|OLINDA,glp,14,82.5,75.59,104.0,74.99,120.0
2023-09,MUN,PE|PAULISTA,glp,12,87.5,80.241,90.0,79.99,100.0
2023-09,MUN,PE|PETROLINA,glp,10,111.25,99.5,115.0,95.0,115.0
2023-09,MUN,PE|RECIFE,glp,23,84.9,79.598,89.998,75.0,100.0
2023-09,MUN,PE|SALGUEIRO,glp,6,105.0,95.0,105.0,95.0,105.0
2023-09,MUN,PE|SANTA CRUZ DO CAPIBARIBE,glp,7,100.0,95.0,101.0,95.0,102.5
2023-09,MUN,PE|SERRA TALHADA,glp,7,110.0,110.0,112.0,110.0,115.0
2023-09,MUN,PE|VITORIA DE SANTO ANTAO,glp,9,85.0,84.792,87.5,84.0,87.5
2023-09,MUN,PI|PARNAIBA,glp,10,105.0,97.991,115.0,80.0,115.0
2023-09,MUN,PI|PICOS,glp,8,93.75,85.0,100.0,85.0,100.0
2023-09,MUN,PI|PIRIPIRI,glp,8,112.495,99.69,118.15,98.99,122.0
2023-09,MUN,PI|TERESINA,glp,40,99.99,94.74,100.5,90.0,115.0
2023-09,MUN,PR|APUCARANA,glp,12,98.7,94.91,100.0,90.0,100.0
2023-09,MUN,PR|ARAPONGAS,glp,12,95.0,94.9,99.7,93.95,105.0
2023-09,MUN,PR|ARAUCARIA,glp,12,91.25,90.0,95.0,89.9,99.0
2023-09,MUN,PR|ASSIS CHATEAUBRIAND,glp,7,110.0,103.96,112.0,94.9,115.0
2023-09,MUN,PR|CAMBE,glp,8,105.0,98.115,109.5,95.0,120.0
2023-09,MUN,PR|CAMPO LARGO,glp,12,91.25,89.505,96.4,84.95,98.0
2023-09,MUN,PR|CAMPO MOURAO,glp,8,110.0,98.543,112.9,97.5,115.0
2023-09,MUN,PR|CASCAVEL,glp,18,110.0,99.997,115.0,92.5,115.0
2023-09,MUN,PR|CASTRO,glp,8,103.25,102.35,110.0,102.0,110.0
2023-09,MUN,PR|CIANORTE,glp,8,103.75,99.97,123.0,99.9,130.0
2023-09,MUN,PR|COLOMBO,glp,19,90.0,84.792,95.0,83.9,95.0
2023-09,MUN,PR|CORNELIO PROCOPIO,glp,8,110.0,109.25,110.75,107.5,112.5
2023-09,MUN,PR|CURITIBA,glp,57,92.5,87.954,98.7,80.0,109.99
2023-09,MUN,PR|FOZ DO IGUACU,glp,18,100.0,94.997,110.0,90.0,118.0
2023-09,MUN,PR|FRANCISCO BELTRAO,glp,8,111.0,105.0,116.5,105.0,120.0
2023-09,MUN,PR|GUARAPUAVA,glp,12,105.0,105.0,107.85,104.0,115.0
2023-09,MUN,PR|LONDRINA,glp,22,97.0,90.0,115.0,88.0,120.0
2023-09,MUN,PR|MARECHAL CANDIDO RONDON,glp,1,83.9,83.9,83.9,83.9,83.9
2023-09,MUN,PR|MARINGA,glp,18,115.0,98.5,123.25,89.99,125.0
2023-09,MUN,PR|PALOTINA,glp,1,95.0,95.0,95.0,95.0,95.0
2023-09,MUN,PR|PARANAGUA,glp,8,85.0,73.5,94.993,70.0,95.0
2023-09,MUN,PR|PARANAVAI,glp,9,90.0,79.772,103.0,78.9,115.0
2023-09,MUN,PR|PATO BRANCO,glp,9,115.0,113.2,119.2,112.0,120.0
2023-09,MUN,PR|PINHAIS,glp,10,87.5,84.9,110.0,84.9,110.0
2023-09,MUN,PR|PONTA GROSSA,glp,18,99.95,95.697,104.65,90.945,110.0
2023-09,MUN,PR|QUEDAS DO IGUACU,glp,1,110.0,110.0,110.0,110.0,110.0
2023-09,MUN,PR|SANTO ANTONIO DA PLATINA,glp,9,110.0,104.0,112.6,104.0,115.0
2023-09,MUN,PR|SAO JOSE DOS PINHAIS,glp,21,92.5,87.45,95.0,80.0,100.0
2023-09,MUN,PR|TOLEDO,glp,12,90.0,85.491,114.5,84.99,120.0
2023-09,MUN,PR|UMUARAMA,glp,8,105.0,95.315,110.0,84.5,110.0
2023-09,MUN,PR|UNIAO DA VITORIA,glp,10,98.25,94.94,110.5,89.9,115.0
2023-09,MUN,RJ|ANGRA DOS REIS,glp,8,114.945,112.793,115.0,110.0,115.0
2023-09,MUN,RJ|ARARUAMA,glp,8,86.99,82.447,96.497,79.99,99.99
2023-09,MUN,RJ|BARRA DO PIRAI,glp,7,98.0,96.14,110.16,95.0,117.9
2023-09,MUN,RJ|BARRA MANSA,glp,9,95.9,95.7,100.92,94.9,105.0
2023-09,MUN,RJ|BELFORD ROXO,glp,9,89.0,81.5,95.4,81.5,97.0
2023-09,MUN,RJ|CABO FRIO,glp,8,90.245,82.878,99.99,80.495,99.99
2023-09,MUN,RJ|CAMPOS DOS GOYTACAZES,glp,10,89.995,84.5,95.5,80.0,100.0
2023-09,MUN,RJ|DUQUE DE CAXIAS,glp,19,89.99,85.79,94.99,83.0,105.0
2023-09,MUN,RJ|ITABORAI,glp,13,85.995,85.141,87.694,83.49,88.99
2023-09,MUN,RJ|ITAGUAI,glp,4,118.5,118.15,121.3,118.0,122.5
2023-09,MUN,RJ|ITAPERUNA,glp,9,85.0,85.0,88.0,85.0,90.0
2023-09,MUN,RJ|MACAE,glp,11,120.5,118.0,123.0,118.0,123.0
2023-09,MUN,RJ|MAGE,glp,11,88.9,86.995,89.99,86.99,89.99
2023-09,MUN,RJ|MARICA,glp,10,88.5,81.575,91.7,80.0,93.5
2023-09,MUN,RJ|NILOPOLIS,glp,9,100.0,95.0,101.0,95.0,105.0
2023-09,MUN,RJ|NITEROI,glp,10,86.495,78.09,96.641,74.495,98.0
2023-09,MUN,RJ|NOVA FRIBURGO,glp,10,82.5,74.999,90.25,74.99,92.5
2023-09,MUN,RJ|NOVA IGUACU,glp,20,94.99,78.0,105.0,77.99,105.0
2023-09,MUN,RJ|PETROPOLIS,glp,10,96.495,89.891,100.2,89.0,102.0
2023-09,MUN,RJ|RESENDE,glp,9,110.0,107.0,112.992,95.0,115.0
2023-09,MUN,RJ|RIO BONITO,glp,10,81.49,77.899,87.299,76.99,89.99
2023-09,MUN,RJ|RIO DE JANEIRO,glp,42,93.745,89.0,100.0,84.99,116.0
2023-09,MUN,RJ|SANTO ANTONIO DE PADUA,glp,5,95.5,87.0,100.0,86.0,100.0
2023-09,MUN,RJ|SAO FRANCISCO DE ITABAPOANA,glp,8,95.0,92.83,101.5,88.0,105.0
2023-09,MUN,RJ|SAO GONCALO,glp,21,91.99,90.0,96.49,89.49,115.0
2023-09,MUN,RJ|SAO JOAO DE MERITI,glp,11,84.99,80.0,99.99,80.0,100.0
2023-09,MUN,RJ|SAQUAREMA,glp,9,89.99,83.95,96.4,81.75,98.0
2023-09,MUN,RJ|TERESOPOLIS,glp,7,105.0,99.14,117.64,98.0,118.0
2023-09,MUN,RJ|TRES RIOS,glp,9,85.99,84.69,93.998,83.49,99.99
2023-09,MUN,RJ|VALENCA,glp,7,90.0,90.0,94.0,90.0,100.0
2023-09,MUN,RJ|VOLTA REDONDA,glp,12,99.9,97.05,105.99,92.49,107.0
2023-09,MUN,RN|CAICO,glp,8,102.5,100.0,102.5,100.0,102.5
2023-09,MUN,RN|MOSSORO,glp,17,100.0,94.996,103.376,85.0,112.0
2023-09,MUN,RN|NATAL,glp,22,100.0,85.65,112.25,85.0,128.0
2023-09,MUN,RN|PARNAMIRIM,glp,4,99.5,96.2,124.5,95.0,135.0
2023-09,MUN,RO|ARIQUEMES,glp,8,125.0,117.85,125.6,117.5,127.0
2023-09,MUN,RO|CACOAL,glp,11,128.0,128.0,132.0,128.0,143.0
2023-09,MUN,RO|JI-PARANA,glp,11,120.0,117.0,130.0,109.99,130.0
2023-09,MUN,RO|PIMENTA BUENO,glp,5,135.0,131.1,135.0,130.5,135.0
2023-09,MUN,RO|PORTO VELHO,glp,37,110.0,99.6,120.0,94.0,125.0
2023-09,MUN,RO|VILHENA,glp,9,127.0,124.6,133.0,123.0,135.0
2023-09,MUN,RR|BOA VISTA,glp,30,125.0,118.0,132.1,116.5,140.0
2023-09,MUN,RS|ALEGRETE,glp,8,108.0,97.8,111.5,95.0,115.0
2023-09,MUN,RS|ALVORADA,glp,10,93.995,87.5,110.0,87.5,110.0
2023-09,MUN,RS|BAGE,glp,11,118.0,109.0,123.5,109.0,123.5
2023-09,MUN,RS|BENTO GONCALVES,glp,8,120.0,112.2,121.2,108.0,124.0
2023-09,MUN,RS|CACHOEIRA DO SUL,glp,8,95.0,88.0,98.6,88.0,100.0
2023-09,MUN,RS|CACHOEIRINHA,glp,8,99.945,98.0,105.0,98.0,105.0
2023-09,MUN,RS|CANOAS,glp,21,100.0,97.0,105.0,95.0,105.0
2023-09,MUN,RS|CAXIAS DO SUL,glp,35,99.9,99.36,119.7,88.0,125.0
2023-09,MUN,RS|CRUZ ALTA,glp,8,75.95,75.0,89.9,75.0,89.9
2023-09,MUN,RS|ERECHIM,glp,11,120.0,120.0,130.0,119.99,130.0
2023-09,MUN,RS|ESTEIO,glp,8,100.0,95.0,105.9,95.0,108.0
2023-09,MUN,RS|FARROUPILHA,glp,1,120.0,120.0,120.0,120.0,120.0
2023-09,MUN,RS|GRAMADO,glp,7,112.5,107.76,120.0,102.9,120.0
2023-09,MUN,RS|GRAVATAI,glp,13,100.0,96.8,107.4,94.99,108.0
2023-09,MUN,RS|GUAIBA,glp,8,100.0,94.25,106.4,92.5,109.9
2023-09,MUN,RS|IJUI,glp,7,119.0,103.998,120.0,94.995,120.0
2023-09,MUN,RS|LAJEADO,glp,10,99.5,94.69,113.15,91.9,114.5
2023-09,MUN,RS|NOVO HAMBURGO,glp,13,94.5,90.7,97.5,90.5,100.0
2023-09,MUN,RS|OSORIO,glp,7,93.99,92.0,100.92,92.0,102.45
2023-09,MUN,RS|PASSO FUNDO,glp,19,110.0,107.9,113.0,107.5,115.0
2023-09,MUN,RS|PELOTAS,glp,20,102.75,98.0,108.0,94.9,110.0
2023-09,MUN,RS|PORTO ALEGRE,glp,22,105.0,100.145,110.81,98.0,119.9
2023-09,MUN,RS|RIO GRANDE,glp,8,123.5,116.4,130.0,108.0,130.0
2023-09,MUN,RS|SANTA CRUZ DO SUL,glp,13,95.0,92.6,100.0,90.0,107.0
2023-09,MUN,RS|SANTA MARIA,glp,19,101.0,98.0,113.98,95.0,129.9
2023-09,MUN,RS|SANTA ROSA,glp,9,105.0,105.0,110.6,105.0,125.0
2023-09,MUN,RS|SANTANA DO LIVRAMENTO,glp,8,105.0,98.5,119.3,95.0,120.0
2023-09,MUN,RS|SANTO ANGELO,glp,8,116.25,96.27,126.2,89.9,129.0
2023-09,MUN,RS|SAO GABRIEL,glp,6,112.5,111.0,114.0,110.0,115.0
2023-09,MUN,RS|SAO LEOPOLDO,glp,9,95.49,91.2,99.96,90.0,100.0
2023-09,MUN,RS|SAO LUIZ GONZAGA,glp,11,100.0,98.5,110.0,95.0,117.5
2023-09,MUN,RS|SAPIRANGA,glp,8,106.5,101.65,110.0,98.5,110.0
2023-09,MUN,RS|SAPUCAIA DO SUL,glp,10,98.5,95.9,102.2,95.0,104.0
2023-09,MUN,RS|TORRES,glp,6,110.0,108.998,113.7,108.0,115.0
2023-09,MUN,RS|URUGUAIANA,glp,8,117.5,108.5,128.0,105.0,135.0
2023-09,MUN,RS|VACARIA,glp,8,106.0,104.1,109.0,102.0,109.0
2023-09,MUN,RS|VIAMAO,glp,13,100.0,95.6,110.0,91.5,124.0
2023-09,MUN,SC|ARARANGUA,glp,7,103.0,100.0,105.0,100.0,105.0
2023-09,MUN,SC|BALNEARIO CAMBORIU,glp,9,123.49,119.398,129.99,116.99,129.99
2023-09,MUN,SC|BIGUACU,glp,9,118.0,116.099,125.5,114.495,127.5
2023-09,MUN,SC|BLUMENAU,glp,10,119.0,99.5,124.9,95.0,124.9
2023-09,MUN,SC|BRUSQUE,glp,10,118.5,113.89,120.09,112.9,120.9
2023-09,MUN,SC|CACADOR,glp,9,111.0,109.0,123.0,105.0,135.0
2023-09,MUN,SC|CHAPECO,glp,13,128.0,120.0,130.0,120.0,135.0
2023-09,MUN,SC|CONCORDIA,glp,8,109.985,99.99,114.3,99.99,115.0
2023-09,MUN,SC|CRICIUMA,glp,8,112.0,110.0,117.65,110.0,118.0
2023-09,MUN,SC|FLORIANOPOLIS,glp,7,115.0,113.0,123.2,110.0,125.0
2023-09,MUN,SC|GASPAR,glp,1,125.0,125.0,125.0,125.0,125.0
2023-09,MUN,SC|ITAJAI,glp,19,110.0,100.0,120.2,99.0,129.0
2023-09,MUN,SC|JARAGUA DO SUL,glp,11,103.9,99.0,105.0,99.0,105.0
2023-09,MUN,SC|JOINVILLE,glp,12,114.25,112.05,124.8,110.0,125.0
2023-09,MUN,SC|LAGES,glp,4,109.0,102.4,120.5,100.0,125.0
2023-09,MUN,SC|LAGUNA,glp,8,104.995,97.0,111.5,90.0,115.0
2023-09,MUN,SC|MAFRA,glp,6,112.45,109.85,119.0,109.8,120.0
2023-09,MUN,SC|PALHOCA,glp,10,112.5,107.7,122.75,105.0,125.0
2023-09,MUN,SC|SAO JOSE,glp,12,115.5,105.946,119.9,102.45,120.0
2023-09,MUN,SC|TUBARAO,glp,9,110.0,109.5,116.0,107.5,120.0
2023-09,MUN,SC|VIDEIRA,glp,8,114.5,106.997,120.0,99.99,120.0
2023-09,MUN,SC|XANXERE,glp,6,116.25,105.0,120.0,105.0,120.0
2023-09,MUN,SE|ARACAJU,glp,23,96.9,92.58,104.9,89.99,110.0
2023-09,MUN,SE|ITABAIANA,glp,8,101.5,99.55,105.0,98.5,105.0
2023-09,MUN,SE|LAGARTO,glp,8,100.0,98.5,105.0,95.0,105.0
2023-09,MUN,SE|NOSSA SENHORA DO SOCORRO,glp,12,95.0,95.0,96.9,90.0,98.0
2023-09,MUN,SP|ADAMANTINA,glp,7,93.0,89.696,98.77,86.99,100.0
2023-09,MUN,SP|AMERICANA,glp,10,99.99,96.999,105.499,96.99,109.99
2023-09,MUN,SP|AMPARO,glp,8,110.0,109.4,117.65,108.0,118.0
2023-09,MUN,SP|ARACATUBA,glp,21,89.99,85.99,90.0,81.49,92.495
2023-09,MUN,SP|ARARAQUARA,glp,17,105.0,100.0,110.0,89.99,115.0
2023-09,MUN,SP|ARARAS,glp,8,96.0,95.697,97.8,94.99,102.0
2023-09,MUN,SP|ASSIS,glp,12,89.9,89.9,99.9,89.9,99.9
2023-09,MUN,SP|ATIBAIA,glp,11,100.0,92.5,120.0,89.995,120.0
2023-09,MUN,SP|AVARE,glp,10,85.0,84.491,91.0,80.0,100.0
2023-09,MUN,SP|BARRETOS,glp,7,110.0,107.1,112.0,105.0,115.0
2023-09,MUN,SP|BARUERI,glp,12,100.0,90.49,106.091,89.99,110.0
2023-09,MUN,SP|BAURU,glp,18,97.25,84.997,100.0,84.99,115.0
2023-09,MUN,SP|BEBEDOURO,glp,10,99.995,99.9,110.5,99.9,115.0
2023-09,MUN,SP|BIRIGUI,glp,11,99.99,95.0,105.0,95.0,107.5
2023-09,MUN,SP|BOTUCATU,glp,10,99.995,96.255,105.5,90.0,110.0
2023-09,MUN,SP|BRAGANCA PAULISTA,glp,12,100.0,99.909,106.791,99.495,109.9
2023-09,MUN,SP|CACAPAVA,glp,8,94.99,86.39,100.0,84.99,100.0
2023-09,MUN,SP|CAMPINAS,glp,20,99.99,99.94,104.99,94.99,105.0
2023-09,MUN,SP|CARAGUATATUBA,glp,9,100.0,98.718,103.0,97.99,105.0
2023-09,MUN,SP|CARAPICUIBA,glp,17,98.0,92.396,101.996,89.99,105.0
2023-09,MUN,SP|CATANDUVA,glp,10,105.0,101.749,106.0,94.99,106.0
2023-09,MUN,SP|COSMOPOLIS,glp,8,84.99,84.99,90.75,84.99,92.5
2023-09,MUN,SP|COTIA,glp,4,107.49,103.24,116.997,102.49,120.0
2023-09,MUN,SP|CRUZEIRO,glp,8,87.245,79.997,96.2,79.99,99.0
2023-09,MUN,SP|CUBATAO,glp,9,110.0,99.99,117.0,99.99,125.0
2023-09,MUN,SP|DIADEMA,glp,10,104.49,89.99,131.5,89.99,131.5
2023-09,MUN,SP|DRACENA,glp,8,110.0,99.4,110.0,98.0,110.0
2023-09,MUN,SP|ELISIARIO,glp,1,96.5,96.5,96.5,96.5,96.5
2023-09,MUN,SP|EMBU DAS ARTES,glp,12,97.5,94.99,109.99,85.99,114.99
2023-09,MUN,SP|FRANCA,glp,18,101.195,94.99,111.497,94.99,115.0
2023-09,MUN,SP|GARCA,glp,8,100.0,93.95,100.0,91.5,100.0
2023-09,MUN,SP|GUARATINGUETA,glp,7,94.9,82.996,100.0,79.99,100.0
2023-09,MUN,SP|GUARUJA,glp,11,110.0,109.99,117.99,105.0,117.99
2023-09,MUN,SP|GUARULHOS,glp,16,92.49,89.99,102.495,87.5,105.0
2023-09,MUN,SP|HORTOLANDIA,glp,10,94.99,84.99,111.5,84.99,125.0
2023-09,MUN,SP|IBITINGA,glp,9,95.0,89.998,111.0,89.99,115.0
2023-09,MUN,SP|INDAIATUBA,glp,8,106.75,102.55,110.15,101.5,110.5
2023-09,MUN,SP|ITANHAEM,glp,8,107.25,99.963,110.0,99.9,110.0
2023-09,MUN,SP|ITAPECERICA DA SERRA,glp,7,89.99,84.99,99.99,84.99,99.99
2023-09,MUN,SP|ITAPETININGA,glp,8,110.0,109.686,112.45,109.0,113.5
2023-09,MUN,SP|ITAPEVA,glp,8,110.0,108.458,115.75,105.0,117.5
2023-09,MUN,SP|ITAPIRA,glp,7,95.7,89.996,103.8,89.99,105.0
2023-09,MUN,SP|ITAPOLIS,glp,8,108.0,105.0,115.0,105.0,115.0
2023-09,MUN,SP|ITAQUAQUECETUBA,glp,15,84.99,84.99,89.99,84.99,92.49
2023-09,MUN,SP|ITATIBA,glp,9,100.0,95.0,100.0,95.0,100.0
2023-09,MUN,SP|ITU,glp,6,105.0,102.5,110.75,100.0,111.5
2023-09,MUN,SP|JABOTICABAL,glp,7,100.0,99.954,108.194,99.9,110.0
2023-09,MUN,SP|JACAREI,glp,13,90.0,89.0,109.0,85.0,115.0
2023-09,MUN,SP|JALES,glp,10,90.0,88.75,90.0,86.5,90.0
2023-09,MUN,SP|JAU,glp,9,113.0,109.98,114.2,109.9,115.0
2023-09,MUN,SP|JOSE BONIFACIO,glp,8,94.0,87.5,98.6,87.5,100.0
2023-09,MUN,SP|JUNDIAI,glp,12,101.0,95.991,110.0,90.0,115.0
2023-09,MUN,SP|LEME,glp,8,94.5,89.4,106.9,88.0,123.0
2023-09,MUN,SP|LIMEIRA,glp,11,100.0,89.99,100.0,89.99,110.0
2023-09,MUN,SP|LINS,glp,7,89.99,79.972,100.0,79.945,100.0
2023-09,MUN,SP|LORENA,glp,8,86.25,69.99,99.6,69.99,101.0
2023-09,MUN,SP|MARILIA,glp,13,115.0,110.0,115.8,110.0,117.5
2023-09,MUN,SP|MATAO,glp,10,99.995,94.995,103.0,94.995,130.0
2023-09,MUN,SP|MAUA,glp,12,104.995,84.99,110.0,84.99,110.0
2023-09,MUN,SP|MIRASSOL,glp,8,97.495,94.1,110.0,92.0,110.0
2023-09,MUN,SP|MOCOCA,glp,9,105.0,98.0,111.0,98.0,115.0
2023-09,MUN,SP|MOGI DAS CRUZES,glp,10,97.445,88.99,99.99,79.99,99.99
2023-09,MUN,SP|MOGI GUACU,glp,7,96.0,89.99,98.398,89.99,98.995
2023-09,MUN,SP|MOGI MIRIM,glp,8,89.49,87.44,95.0,84.99,95.0
2023-09,MUN,SP|MONTE ALTO,glp,7,100.0,99.2,100.0,98.0,100.0
2023-09,MUN,SP|OLIMPIA,glp,10,85.0,83.9,90.0,83.0,90.0
2023-09,MUN,SP|OSASCO,glp,8,97.0,89.49,101.493,82.49,105.0
2023-09,MUN,SP|OURINHOS,glp,10,100.25,89.99,108.1,89.9,109.0
2023-09,MUN,SP|PARAGUACU PAULISTA,glp,8,108.75,98.4,113.6,90.0,115.0
2023-09,MUN,SP|PAULINIA,glp,8,100.0,94.997,104.75,94.99,110.0
2023-09,MUN,SP|PINDAMONHANGABA,glp,10,99.5,92.5,100.0,92.495,100.0
2023-09,MUN,SP|PIRACICABA,glp,16,101.995,94.995,115.0,94.99,115.0
2023-09,MUN,SP|PIRASSUNUNGA,glp,9,95.0,86.52,105.0,85.0,105.0
2023-09,MUN,SP|POA,glp,8,93.74,88.49,95.747,84.99,97.49
2023-09,MUN,SP|PORTO FERREIRA,glp,8,95.0,91.348,102.997,90.995,109.99
2023-09,MUN,SP|PRAIA GRANDE,glp,12,101.495,99.99,104.9,99.99,109.5
2023-09,MUN,SP|PRESIDENTE PRUDENTE,glp,16,99.99,89.99,104.5,89.9,110.0
2023-09,MUN,SP|PRESIDENTE VENCESLAU,glp,9,105.0,96.7,111.4,91.5,125.0
2023-09,MUN,SP|RIBEIRAO PIRES,glp,9,89.99,89.72,105.0,89.0,105.0
2023-09,MUN,SP|RIBEIRAO PRETO,glp,12,104.995,92.741,123.881,84.99,124.99
2023-09,MUN,SP|RIO CLARO,glp,7,100.0,88.99,100.0,87.49,100.0
2023-09,MUN,SP|SALTO,glp,2,100.498,96.896,104.1,95.995,105.0
2023-09,MUN,SP|SANTA BARBARA D'OESTE,glp,12,99.995,96.849,100.0,95.0,100.0
2023-09,MUN,SP|SANTA CRUZ DO RIO PARDO,glp,9,108.0,105.6,108.4,100.0,110.0
2023-09,MUN,SP|SANTO ANDRE,glp,12,101.245,94.991,114.49,94.99,115.99
2023-09,MUN,SP|SANTOS,glp,13,112.0,105.18,120.0,100.0,122.0
2023-09,MUN,SP|SAO BERNARDO DO CAMPO,glp,6,104.24,92.495,120.75,89.99,126.5
2023-09,MUN,SP|SAO CAETANO DO SUL,glp,6,103.745,99.99,112.495,99.99,115.0
2023-09,MUN,SP|SAO CARLOS,glp,20,111.245,105.9,120.15,104.99,123.0
2023-09,MUN,SP|SAO JOAO DA BOA VISTA,glp,10,100.0,99.799,100.5,97.99,105.0
2023-09,MUN,SP|SAO JOSE DO RIO PRETO,glp,34,109.5,95.45,119.25,94.99,120.0
2023-09,MUN,SP|SAO JOSE DOS CAMPOS,glp,22,99.995,79.99,114.999,79.99,120.0
2023-09,MUN,SP|SAO PAULO,glp,66,104.995,95.0,118.995,89.99,124.0
2023-09,MUN,SP|SAO ROQUE,glp,8,94.995,84.99,102.6,84.99,104.0
2023-09,MUN,SP|SAO VICENTE,glp,15,102.45,97.893,108.936,94.0,110.0
2023-09,MUN,SP|SERTAOZINHO,glp,14,89.25,87.993,92.727,87.9,94.99
2023-09,MUN,SP|SOROCABA,glp,21,100.0,97.49,113.0,95.0,115.0
2023-09,MUN,SP|SUMARE,glp,12,95.0,94.99,118.0,84.99,120.0
2023-09,MUN,SP|SUZANO,glp,15,94.99,89.99,106.992,85.0,115.0
2023-09,MUN,SP|TABOAO DA SERRA,glp,8,98.995,89.99,102.99,89.99,109.99
2023-09,MUN,SP|TATUI,glp,8,100.0,98.49,106.243,94.99,115.0
2023-09,MUN,SP|TAUBATE,glp,13,89.0,79.99,95.8,78.0,97.99
2023-09,MUN,SP|TUPA,glp,6,100.0,93.5,107.5,92.0,115.0
2023-09,MUN,SP|UBATUBA,glp,11,95.0,87.0,106.0,85.0,108.0
2023-09,MUN,SP|VALINHOS,glp,8,99.4,96.797,109.99,93.99,109.99
2023-09,MUN,SP|VARZEA PAULISTA,glp,8,93.495,86.397,110.2,84.99,120.0
2023-09,MUN,SP|VINHEDO,glp,8,99.99,93.493,104.27,90.0,104.9
2023-09,MUN,SP|VOTORANTIM,glp,8,104.495,100.0,106.5,100.0,110.0
2023-09,MUN,SP|VOTUPORANGA,glp,14,98.0,90.0,99.963,88.0,105.0
2023-09,MUN,TO|ARAGUAINA,glp,17,120.0,115.0,120.0,115.0,125.0
2023-09,MUN,TO|GURUPI,glp,12,115.0,115.0,115.0,113.0,115.0
2023-09,MUN,TO|PALMAS,glp,19,120.0,114.5,123.4,110.0,127.0
2023-09,MUN,TO|PARAISO DO TOCANTINS,glp,8,120.0,120.0,121.5,120.0,125.0
2023-09,MUN,TO|PORTO NACIONAL,glp,10,112.5,110.0,115.5,110.0,120.0
2023-09,UF,AC,glp,46,112.0,105.0,122.5,98.0,127.0
2023-09,UF,AL,glp,65,92.5,85.396,105.0,79.99,110.0
2023-09,UF,AM,glp,126,118.0,109.0,127.5,106.99,150.0
2023-09,UF,AP,glp,33,112.0,100.0,120.0,95.0,128.0
2023-09,UF,BA,glp,294,102.515,90.0,120.0,70.0,147.0
2023-09,UF,CE,glp,135,100.0,92.196,109.0,79.99,122.0
2023-09,UF,DF,glp,53,92.49,87.492,98.89,84.99,119.99
2023-09,UF,ES,glp,145,95.0,85.0,105.0,75.0,115.0
2023-09,UF,GO,glp,265,100.0,89.99,115.0,74.49,135.0
2023-09,UF,MA,glp,147,100.0,92.495,120.0,87.5,130.0
2023-09,UF,MG,glp,586,100.0,86.745,116.9,74.99,130.0
2023-09,UF,MS,glp,109,107.5,95.998,123.0,70.0,135.0
2023-09,UF,MT,glp,117,120.0,95.0,140.0,84.99,145.0
2023-09,UF,PA,glp,177,106.0,92.99,130.0,77.99,145.0
2023-09,UF,PB,glp,83,100.0,90.0,110.0,79.99,120.0
2023-09,UF,PE,glp,180,87.5,79.35,110.0,74.99,120.0
2023-09,UF,PI,glp,66,100.0,92.492,112.495,80.0,122.0
2023-09,UF,PR,glp,384,98.0,89.0,113.5,70.0,130.0
2023-09,UF,RJ,glp,345,91.99,83.196,110.0,74.495,123.0
2023-09,UF,RN,glp,51,100.0,94.99,110.0,85.0,135.0
2023-09,UF,RO,glp,81,120.0,102.0,130.5,94.0,143.0
2023-09,UF,RR,glp,30,125.0,118.0,132.1,116.5,140.0
2023-09,UF,RS,glp,407,102.5,94.954,120.0,75.0,135.0
2023-09,UF,SC,glp,196,114.995,100.0,125.0,90.0,135.0
2023-09,UF,SE,glp,51,96.9,94.9,105.0,89.99,110.0
2023-09,UF,SP,glp,1197,99.99,89.0,112.696,69.99,131.5
2023-09,UF,TO,glp,66,115.0,112.75,120.0,110.0,127.0
2023-10,BR,BR,glp,5343,100.0,88.99,120.0,69.99,150.0
2023-10,MUN,AC|CRUZEIRO DO SUL,glp,10,118.0,118.0,122.3,118.0,125.0
2023-10,MUN,AC|RIO BRANCO,glp,38,112.0,105.0,123.6,98.0,127.0
2023-10,MUN,AL|ARAPIRACA,glp,10,87.935,79.999,91.5,79.99,105.0
2023-10,MUN,AL|DELMIRO GOUVEIA,glp,6,95.0,92.5,95.5,90.0,96.0
2023-10,MUN,AL|MACEIO,glp,33,94.99,88.18,105.0,85.0,115.0
2023-10,MUN,AL|PALMEIRA DOS INDIOS,glp,6,89.99,87.495,89.99,85.0,89.99
2023-10,MUN,AL|RIO LARGO,glp,9,95.0,95.0,97.0,95.0,105.0
2023-10,MUN,AM|ITACOATIARA,glp,12,125.0,123.0,134.5,120.99,137.0
2023-10,MUN,AM|MANACAPURU,glp,10,126.5,115.0,135.0,115.0,135.0
2023-10,MUN,AM|MANAUS,glp,86,117.0,110.0,126.0,107.0,135.0
2023-10,MUN,AM|PARINTINS,glp,8,120.0,120.0,120.0,120.0,120.0
2023-10,MUN,AM|TEFE,glp,4,144.0,142.3,148.5,142.0,150.0
2023-10,MUN,AP|MACAPA,glp,19,115.0,105.0,120.0,105.0,121.0
2023-10,MUN,AP|SANTANA,glp,13,105.0,100.0,120.0,99.0,120.0
2023-10,MUN,BA|AGUA FRIA,glp,1,120.0,120.0,120.0,120.0,120.0
2023-10,MUN,BA|ALAGOINHAS,glp,9,102.99,99.99,112.2,99.99,113.0
2023-10,MUN,BA|BARREIRAS,glp,9,135.0,130.0,135.0,130.0,135.0
2023-10,MUN,BA|BRUMADO,glp,6,105.0,96.5,111.5,95.0,113.0
2023-10,MUN,BA|CAETITE,glp,9,95.0,94.0,100.0,90.0,100.0
2023-10,MUN,BA|CAMACARI,glp,14,110.0,106.15,115.0,105.0,115.0
2023-10,MUN,BA|EUNAPOLIS,glp,10,105.5,105.0,106.4,105.0,110.0
2023-10,MUN,BA|FEIRA DE SANTANA,glp,12,95.0,92.0,100.0,92.0,100.0
2023-10,MUN,BA|GUANAMBI,glp,11,100.0,100.0,110.0,100.0,110.0
2023-10,MUN,BA|ILHEUS,glp,8,120.0,116.993,133.0,110.0,147.0
2023-10,MUN,BA|IPIRA,glp,5,97.99,92.0,107.596,92.0,114.0
2023-10,MUN,BA|IRECE,glp,9,110.0,104.0,110.0,100.0,110.0
2023-10,MUN,BA|ITABUNA,glp,9,99.99,95.0,110.0,95.0,110.0
2023-10,MUN,BA|ITAMARAJU,glp,9,110.0,97.0,110.0,95.0,110.0
2023-10,MUN,BA|JACOBINA,glp,6,120.0,120.0,126.0,120.0,130.0
2023-10,MUN,BA|JAGUAQUARA,glp,6,105.0,100.0,110.0,100.0,110.0
2023-10,MUN,BA|JEQUIE,glp,8,89.99,83.5,102.5,80.0,120.0
2023-10,MUN,BA|JUAZEIRO,glp,6,100.75,97.5,106.25,95.0,107.5
2023-10,MUN,BA|LAURO DE FREITAS,glp,13,108.0,99.198,114.2,95.99,115.0
2023-10,MUN,BA|LIVRAMENTO DE NOSSA SENHORA,glp,8,105.5,100.0,110.0,100.0,110.0
2023-10,MUN,BA|PAULO AFONSO,glp,9,95.0,87.998,98.0,87.99,98.0
2023-10,MUN,BA|POCOES,glp,8,99.0,95.7,105.0,95.0,105.0
2023-10,MUN,BA|PORTO SEGURO,glp,8,100.0,95.0,108.25,95.0,110.0
2023-10,MUN,BA|SALVADOR,glp,41,105.0,97.0,115.0,84.99,120.99
2023-10,MUN,BA|SANTO ANTONIO DE JESUS,glp,8,100.0,98.5,110.9,95.0,113.0
2023-10,MUN,BA|SENHOR DO BONFIM,glp,4,125.0,114.5,125.0,110.0,125.0
2023-10,MUN,BA|SERRINHA,glp,7,120.0,110.0,120.0,110.0,120.0
2023-10,MUN,BA|SIMOES FILHO,glp,9,102.99,96.232,119.0,95.0,135.0
2023-10,MUN,BA|TEIXEIRA DE FREITAS,glp,11,85.0,81.0,90.0,79.0,95.0
2023-10,MUN,BA|VALENCA,glp,8,112.5,108.5,115.0,105.0,115.0
2023-10,MUN,BA|VITORIA DA CONQUISTA,glp,12,110.0,104.991,115.0,102.0,115.0
2023-10,MUN,CE|CANINDE,glp,5,98.0,98.0,100.0,98.0,100.0
2023-10,MUN,CE|CAUCAIA,glp,13,100.0,94.992,109.0,84.99,117.0
2023-10,MUN,CE|CRATEUS,glp,6,100.0,96.0,110.0,95.0,110.0
2023-10,MUN,CE|CRATO,glp,8,103.0,100.593,103.0,95.0,103.0
2023-10,MUN,CE|FORTALEZA,glp,34,96.99,91.197,105.0,89.99,122.0
2023-10,MUN,CE|ICO,glp,6,102.5,95.0,110.0,95.0,110.0
2023-10,MUN,CE|IGUATU,glp,9,100.0,100.0,105.4,100.0,107.0
2023-10,MUN,CE|ITAPIPOCA,glp,8,105.0,97.0,110.0,90.0,110.0
2023-10,MUN,CE|JUAZEIRO DO NORTE,glp,12,103.0,100.291,103.0,98.0,115.0
2023-10,MUN,CE|LIMOEIRO DO NORTE,glp,7,100.0,95.0,104.0,95.0,110.0
2023-10,MUN,CE|MARACANAU,glp,9,100.0,94.598,105.0,92.99,105.0
2023-10,MUN,CE|QUIXADA,glp,7,95.0,85.59,96.2,84.99,98.0
2023-10,MUN,CE|SOBRAL,glp,6,103.5,95.0,109.0,95.0,109.0
2023-10,MUN,DF|BRASILIA,glp,49,94.99,89.99,99.99,84.99,119.99
2023-10,MUN,ES|ARACRUZ,glp,10,100.0,100.0,105.0,100.0,105.0
2023-10,MUN,ES|CACHOEIRO DE ITAPEMIRIM,glp,11,99.0,89.99,100.0,89.99,105.0
2023-10,MUN,ES|CARIACICA,glp,18,83.75,79.997,100.0,78.0,100.0
2023-10,MUN,ES|COLATINA,glp,7,95.0,88.0,102.0,85.0,105.0
2023-10,MUN,ES|GUARAPARI,glp,11,90.0,84.99,100.0,84.99,110.0
2023-10,MUN,ES|LINHARES,glp,14,107.5,105.0,113.5,100.0,115.0
2023-10,MUN,ES|SAO MATEUS,glp,12,99.99,95.0,100.0,95.0,100.0
2023-10,MUN,ES|SERRA,glp,22,89.99,85.0,95.0,80.0,100.0
2023-10,MUN,ES|VILA VELHA,glp,21,95.0,91.99,100.0,85.0,102.5
2023-10,MUN,ES|VITORIA,glp,10,99.99,89.999,110.0,89.99,110.0
2023-10,MUN,GO|AGUAS LINDAS DE GOIAS,glp,20,89.995,81.791,95.0,79.99,95.0
2023-10,MUN,GO|ANAPOLIS,glp,26,100.0,100.0,100.0,90.0,110.0
2023-10,MUN,GO|APARECIDA DE GOIANIA,glp,31,100.0,93.0,105.0,79.99,110.0
2023-10,MUN,GO|CALDAS NOVAS,glp,14,104.0,100.0,110.0,90.0,115.0
2023-10,MUN,GO|CATALAO,glp,10,108.75,99.9,110.3,99.0,113.0
2023-10,MUN,GO|FORMOSA,glp,9,100.0,99.6,112.6,98.0,115.0
2023-10,MUN,GO|GOIANIA,glp,43,105.0,95.0,110.0,84.99,130.0
2023-10,MUN,GO|GOIATUBA,glp,6,118.75,110.0,120.0,105.0,120.0
2023-10,MUN,GO|ITUMBIARA,glp,9,110.0,99.6,115.0,98.0,115.0
2023-10,MUN,GO|JATAI,glp,8,115.0,115.0,121.0,115.0,135.0
2023-10,MUN,GO|LUZIANIA,glp,14,94.49,90.54,100.0,88.99,103.0
2023-10,MUN,GO|MINEIROS,glp,8,113.0,108.95,113.6,106.5,115.0
2023-10,MUN,GO|MORRINHOS,glp,7,97.5,93.8,100.0,92.0,100.0
2023-10,MUN,GO|PORANGATU,glp,8,110.0,108.5,116.5,105.0,120.0
2023-10,MUN,GO|RIO VERDE,glp,14,112.5,101.5,115.0,89.99,115.0
2023-10,MUN,GO|TRINDADE,glp,21,95.0,89.99,100.0,89.495,100.0
2023-10,MUN,GO|VALPARAISO DE GOIAS,glp,11,90.0,79.99,100.0,78.99,104.99
2023-10,MUN,MA|ACAILANDIA,glp,10,100.0,95.0,106.0,95.0,115.0
2023-10,MUN,MA|BACABAL,glp,8,108.0,108.0,108.6,108.0,110.0
2023-10,MUN,MA|BALSAS,glp,7,120.0,119.2,122.0,118.0,125.0
2023-10,MUN,MA|BARRA DO CORDA,glp,9,110.0,110.0,110.0,110.0,110.0
2023-10,MUN,MA|CAXIAS,glp,9,100.0,98.99,106.0,94.99,110.0
2023-10,MUN,MA|CODO,glp,8,110.0,110.0,110.0,110.0,110.0
2023-10,MUN,MA|IMPERATRIZ,glp,16,100.0,99.99,100.0,99.99,112.5
2023-10,MUN,MA|PINHEIRO,glp,8,120.0,118.5,120.0,115.0,120.0
2023-10,MUN,MA|PRESIDENTE DUTRA,glp,6,110.0,107.5,114.0,105.0,115.0
2023-10,MUN,MA|SANTA INES,glp,8,120.0,120.0,123.0,120.0,123.0
2023-10,MUN,MA|SAO JOSE DE RIBAMAR,glp,15,95.0,79.693,95.0,79.0,95.0
2023-10,MUN,MA|SAO LUIS,glp,40,95.0,94.74,95.0,85.0,104.0
2023-10,MUN,MG|ALFENAS,glp,8,95.0,86.997,100.0,79.99,100.0
2023-10,MUN,MG|ARAGUARI,glp,8,102.75,99.25,110.0,97.5,110.0
2023-10,MUN,MG|ARAXA,glp,7,90.0,88.0,106.0,88.0,130.0
2023-10,MUN,MG|BARBACENA,glp,9,95.0,89.588,100.0,87.98,100.0
2023-10,MUN,MG|BELO HORIZONTE,glp,32,100.0,89.99,120.0,84.99,129.0
2023-10,MUN,MG|BETIM,glp,18,107.0,99.7,107.9,89.99,110.0
2023-10,MUN,MG|BOM DESPACHO,glp,8,99.5,93.5,116.5,90.0,120.0
2023-10,MUN,MG|CAMPO BELO,glp,9,110.0,110.0,111.0,110.0,115.0
2023-10,MUN,MG|CARATINGA,glp,8,108.5,99.997,122.97,99.99,129.9
2023-10,MUN,MG|CONGONHAS,glp,9,105.0,94.99,107.6,94.99,110.0
2023-10,MUN,MG|CONSELHEIRO LAFAIETE,glp,10,88.0,87.2,90.299,80.0,92.99
2023-10,MUN,MG|CONTAGEM,glp,23,102.95,90.99,110.0,88.0,120.0
2023-10,MUN,MG|CORONEL FABRICIANO,glp,9,118.0,107.96,118.4,99.8,120.0
2023-10,MUN,MG|CURVELO,glp,8,90.0,79.4,100.0,78.0,100.0
2023-10,MUN,MG|DIVINOPOLIS,glp,13,100.0,95.0,100.0,95.0,115.0
2023-10,MUN,MG|FORMIGA,glp,8,100.0,100.0,116.0,100.0,130.0
2023-10,MUN,MG|FRUTAL,glp,7,89.99,89.99,89.99,89.99,89.99
2023-10,MUN,MG|GOVERNADOR VALADARES,glp,14,115.0,110.0,121.75,100.0,130.0
2023-10,MUN,MG|GUAXUPE,glp,9,85.0,78.92,86.0,75.0,90.0
2023-10,MUN,MG|IPATINGA,glp,9,103.0,88.998,110.6,84.99,113.0
2023-10,MUN,MG|ITABIRA,glp,5,110.0,107.0,114.0,107.0,115.0
2023-10,MUN,MG|ITAJUBA,glp,7,95.0,90.0,107.0,90.0,125.0
2023-10,MUN,MG|ITAUNA,glp,7,102.0,95.6,116.0,95.0,125.0
2023-10,MUN,MG|ITUIUTABA,glp,10,87.5,85.0,95.3,85.0,98.0
2023-10,MUN,MG|JANAUBA,glp,8,110.0,110.0,110.0,110.0,110.0
2023-10,MUN,MG|JANUARIA,glp,9,118.0,115.0,118.4,115.0,120.0
2023-10,MUN,MG|JOAO MONLEVADE,glp,10,105.0,99.5,110.0,95.0,110.0
2023-10,MUN,MG|JOAO PINHEIRO,glp,9,110.0,108.92,117.0,105.0,125.0
2023-10,MUN,MG|JUIZ DE FORA,glp,19,84.99,79.99,94.99,77.99,94.99
2023-10,MUN,MG|LAVRAS,glp,8,100.0,97.8,100.0,95.0,100.0
2023-10,MUN,MG|LEOPOLDINA,glp,10,100.0,95.0,101.0,95.0,110.0
2023-10,MUN,MG|MANHUACU,glp,7,100.0,99.96,110.0,99.9,110.0
2023-10,MUN,MG|MONTE CARMELO,glp,9,90.0,90.0,96.0,90.0,100.0
2023-10,MUN,MG|MONTES CLAROS,glp,34,110.0,99.993,120.0,94.0,130.0
2023-10,MUN,MG|MURIAE,glp,7,100.0,99.96,106.994,99.9,113.0
2023-10,MUN,MG|NOVA LIMA,glp,9,103.0,100.0,111.2,100.0,112.0
2023-10,MUN,MG|OLIVEIRA,glp,7,110.0,102.6,110.0,99.0,110.0
2023-10,MUN,MG|OURO PRETO,glp,5,110.0,110.0,113.0,110.0,115.0
2023-10,MUN,MG|PARA DE MINAS,glp,8,99.5,94.4,112.07,93.0,116.9
2023-10,MUN,MG|PARACATU,glp,7,100.0,94.2,104.0,93.0,110.0
2023-10,MUN,MG|PASSOS,glp,7,90.0,74.996,98.0,74.99,102.5
2023-10,MUN,MG|PATOS DE MINAS,glp,12,97.5,85.5,113.5,85.0,120.0
2023-10,MUN,MG|PATROCINIO,glp,8,90.0,90.0,100.0,90.0,100.0
2023-10,MUN,MG|POCOS DE CALDAS,glp,9,107.99,105.0,110.8,105.0,114.0
2023-10,MUN,MG|POUSO ALEGRE,glp,11,90.0,85.0,100.0,84.99,100.0
2023-10,MUN,MG|SABARA,glp,9,110.0,93.992,115.0,90.0,115.0
2023-10,MUN,MG|SAO JOAO DEL REI,glp,6,97.75,88.0,105.0,80.0,110.0
2023-10,MUN,MG|SAO SEBASTIAO DO PARAISO,glp,10,90.0,84.5,90.5,80.0,95.0
2023-10,MUN,MG|SETE LAGOAS,glp,13,95.9,90.192,110.0,85.0,117.0
2023-10,MUN,MG|TEOFILO OTONI,glp,11,110.0,105.0,120.0,99.99,120.0
2023-10,MUN,MG|TIMOTEO,glp,7,100.0,95.994,110.0,90.0,110.0
2023-10,MUN,MG|TRES CORACOES,glp,9,88.0,87.39,91.0,84.99,95.0
2023-10,MUN,MG|UBA,glp,6,98.995,94.995,104.995,94.99,105.0
2023-10,MUN,MG|UBERABA,glp,17,101.0,80.0,105.0,79.99,110.0
2023-10,MUN,MG|UBERLANDIA,glp,22,110.0,90.09,115.0,80.0,120.0
2023-10,MUN,MG|UNAI,glp,9,115.0,115.0,115.0,115.0,115.0
2023-10,MUN,MG|VARGINHA,glp,7,95.0,80.0,104.0,80.0,110.0
2023-10,MUN,MG|VICOSA,glp,8,120.0,112.9,120.0,108.0,120.0
2023-10,MUN,MS|CAMPO GRANDE,glp,30,102.0,92.45,110.5,70.0,135.0
2023-10,MUN,MS|CORUMBA,glp,7,120.0,111.2,130.0,110.0,130.0
2023-10,MUN,MS|COXIM,glp,11,122.5,120.0,125.0,120.0,130.0
2023-10,MUN,MS|DOURADOS,glp,20,101.5,99.71,120.5,98.0,130.0
2023-10,MUN,MS|NOVA ANDRADINA,glp,7,110.0,103.0,110.0,100.0,110.0
2023-10,MUN,MS|PONTA PORA,glp,7,115.0,110.0,117.0,110.0,120.0
2023-10,MUN,MS|TRES LAGOAS,glp,11,115.0,110.0,115.0,110.0,128.0
2023-10,MUN,MT|ALTA FLORESTA,glp,7,145.0,138.2,145.0,132.5,145.0
2023-10,MUN,MT|CACERES,glp,12,84.995,84.99,99.99,84.99,99.99
2023-10,MUN,MT|CUIABA,glp,38,120.0,95.0,130.9,85.0,135.0
2023-10,MUN,MT|RONDONOPOLIS,glp,9,125.0,120.0,130.0,120.0,130.0
2023-10,MUN,MT|SINOP,glp,15,140.0,137.0,145.0,132.5,145.0
2023-10,MUN,MT|SORRISO,glp,12,125.0,120.5,145.0,120.0,150.0
2023-10,MUN,MT|VARZEA GRANDE,glp,27,110.0,93.0,120.0,85.0,125.0
2023-10,MUN,PA|ABAETETUBA,glp,8,100.0,98.5,102.1,95.0,107.0
2023-10,MUN,PA|ALENQUER,glp,5,105.0,104.4,105.0,104.0,105.0
2023-10,MUN,PA|ALTAMIRA,glp,8,115.0,110.0,125.3,110.0,126.0
2023-10,MUN,PA|ANANINDEUA,glp,17,95.0,92.594,109.0,91.99,115.0
2023-10,MUN,PA|BELEM,glp,34,105.0,92.0,113.8,89.99,144.0
2023-10,MUN,PA|BRAGANCA,glp,6,111.5,109.0,115.0,108.0,115.0
2023-10,MUN,PA|CAMETA,glp,7,115.0,114.6,115.0,114.0,115.0
2023-10,MUN,PA|CASTANHAL,glp,12,105.0,100.0,114.5,100.0,115.0
2023-10,MUN,PA|CONCEICAO DO ARAGUAIA,glp,9,110.0,108.4,111.0,102.0,115.0
2023-10,MUN,PA|ITAITUBA,glp,5,125.0,122.0,125.0,122.0,125.0
2023-10,MUN,PA|MARABA,glp,10,112.5,108.099,118.2,99.99,120.0
2023-10,MUN,PA|PARAGOMINAS,glp,9,135.0,116.88,135.0,102.4,135.0
2023-10,MUN,PA|PARAUAPEBAS,glp,13,130.0,114.99,137.0,114.99,145.0
2023-10,MUN,PA|REDENCAO,glp,9,115.0,109.6,127.0,108.0,135.0
2023-10,MUN,PA|SANTAREM,glp,22,95.0,80.5,100.0,78.0,105.0
2023-10,MUN,PA|XINGUARA,glp,8,130.0,120.0,131.5,120.0,135.0
2023-10,MUN,PB|BAYEUX,glp,9,95.0,89.998,110.0,89.99,110.0
2023-10,MUN,PB|CABEDELO,glp,9,100.0,98.992,105.16,95.0,105.8
2023-10,MUN,PB|CAMPINA GRANDE,glp,10,107.5,94.8,110.5,93.0,115.0
2023-10,MUN,PB|JOAO PESSOA,glp,36,109.995,90.0,110.0,79.99,110.0
2023-10,MUN,PB|PATOS,glp,8,105.5,104.7,110.0,104.0,110.0
2023-10,MUN,PB|SOUSA,glp,6,100.0,97.5,102.25,95.0,102.5
2023-10,MUN,PE|ARARIPINA,glp,8,115.0,115.0,116.5,115.0,120.0
2023-10,MUN,PE|ARCOVERDE,glp,8,82.49,79.69,84.993,78.99,85.0
2023-10,MUN,PE|BELO JARDIM,glp,8,83.995,80.0,89.5,80.0,100.0
2023-10,MUN,PE|CABO DE SANTO AGOSTINHO,glp,9,85.0,83.99,87.974,79.99,99.87
2023-10,MUN,PE|CARUARU,glp,12,80.0,78.0,80.0,75.0,80.0
2023-10,MUN,PE|GARANHUNS,glp,9,80.0,79.59,80.0,77.99,80.0
2023-10,MUN,PE|GOIANA,glp,6,90.0,87.0,95.0,84.0,100.0
2023-10,MUN,PE|IGARASSU,glp,8,92.5,87.716,100.0,85.0,100.0
2023-10,MUN,PE|JABOATAO DOS GUARARAPES,glp,16,90.0,86.495,97.5,84.99,114.0
2023-10,MUN,PE|LAJEDO,glp,5,80.0,80.0,80.0,80.0,80.0
2023-10,MUN,PE|OLINDA,glp,13,85.0,78.39,106.0,77.99,120.0
2023-10,MUN,PE|PAULISTA,glp,11,85.0,79.99,90.0,79.99,100.0
2023-10,MUN,PE|PETROLINA,glp,13,115.0,100.0,115.0,98.995,115.0
2023-10,MUN,PE|RECIFE,glp,24,82.495,77.297,88.43,75.0,100.0
2023-10,MUN,PE|SALGUEIRO,glp,7,105.0,95.0,105.0,95.0,105.0
2023-10,MUN,PE|SANTA CRUZ DO CAPIBARIBE,glp,6,95.0,95.0,95.0,95.0,95.0
2023-10,MUN,PE|SERRA TALHADA,glp,7,110.0,102.6,112.0,99.0,115.0
2023-10,MUN,PE|VITORIA DE SANTO ANTAO,glp,8,85.0,84.693,85.0,84.0,85.0
2023-10,MUN,PI|PARNAIBA,glp,9,99.0,93.6,115.0,80.0,115.0
2023-10,MUN,PI|PICOS,glp,8,95.0,88.0,100.0,88.0,100.0
2023-10,MUN,PI|PIRIPIRI,glp,7,115.0,99.996,117.0,99.99,120.0
2023-10,MUN,PI|TERESINA,glp,37,99.99,90.0,104.994,84.99,115.0
2023-10,MUN,PR|APUCARANA,glp,12,98.725,90.0,100.0,89.99,100.0
2023-10,MUN,PR|ARAPONGAS,glp,12,95.0,94.905,99.7,94.9,105.0
2023-10,MUN,PR|ARAUCARIA,glp,13,92.0,90.0,95.0,89.9,98.0
2023-10,MUN,PR|ASSIS CHATEAUBRIAND,glp,7,110.0,110.0,113.8,110.0,115.0
2023-10,MUN,PR|CAMBE,glp,8,105.0,98.43,120.0,95.0,120.0
2023-10,MUN,PR|CAMPO LARGO,glp,12,92.5,88.65,96.8,79.9,98.0
2023-10,MUN,PR|CAMPO MOURAO,glp,8,110.0,100.0,115.0,100.0,115.0
2023-10,MUN,PR|CASCAVEL,glp,18,111.25,99.997,116.5,90.0,120.0
2023-10,MUN,PR|CASTRO,glp,8,104.5,99.4,110.0,98.0,110.0
2023-10,MUN,PR|CIANORTE,glp,8,102.5,99.97,125.97,99.9,139.9
2023-10,MUN,PR|COLOMBO,glp,19,90.0,84.772,95.0,82.9,95.0
2023-10,MUN,PR|CORNELIO PROCOPIO,glp,8,110.0,108.5,111.5,105.0,115.0
2023-10,MUN,PR|CURITIBA,glp,52,90.5,86.9,99.81,80.0,105.0
2023-10,MUN,PR|FOZ DO IGUACU,glp,18,100.0,85.0,110.0,85.0,115.0
2023-10,MUN,PR|FRANCISCO BELTRAO,glp,7,110.0,101.0,117.0,95.0,120.0
2023-10,MUN,PR|GUARAPUAVA,glp,12,105.0,105.0,108.81,105.0,115.0
2023-10,MUN,PR|LONDRINA,glp,19,95.0,90.0,112.0,88.0,120.0
2023-10,MUN,PR|MARECHAL CANDIDO RONDON,glp,1,84.9,84.9,84.9,84.9,84.9
2023-10,MUN,PR|MARINGA,glp,18,122.5,99.97,125.0,95.0,125.0
2023-10,MUN,PR|PALOTINA,glp,1,95.0,95.0,95.0,95.0,95.0
2023-10,MUN,PR|PARANAGUA,glp,8,87.5,78.5,91.497,75.0,94.99
2023-10,MUN,PR|PARANAVAI,glp,8,95.0,81.013,104.5,79.9,115.0
2023-10,MUN,PR|PATO BRANCO,glp,8,116.5,115.0,119.3,115.0,120.0
2023-10,MUN,PR|PINHAIS,glp,10,110.0,88.89,110.0,87.9,110.0
2023-10,MUN,PR|PONTA GROSSA,glp,18,99.95,95.697,105.0,92.99,110.0
2023-10,MUN,PR|QUEDAS DO IGUACU,glp,1,115.0,115.0,115.0,115.0,115.0
2023-10,MUN,PR|SANTO ANTONIO DA PLATINA,glp,8,109.0,107.4,112.2,106.0,115.0
2023-10,MUN,PR|SAO JOSE DOS PINHAIS,glp,22,95.0,89.09,95.0,80.0,100.0
2023-10,MUN,PR|TOLEDO,glp,2,87.495,85.491,89.499,84.99,90.0
2023-10,MUN,PR|UMUARAMA,glp,8,105.0,84.37,108.6,82.9,110.0
2023-10,MUN,PR|UNIAO DA VITORIA,glp,8,101.0,94.87,111.5,89.9,115.0
2023-10,MUN,RJ|ANGRA DOS REIS,glp,8,114.945,112.793,115.0,110.0,115.0
2023-10,MUN,RJ|ARARUAMA,glp,8,86.99,82.447,96.497,79.99,99.99
2023-10,MUN,RJ|BARRA DO PIRAI,glp,7,99.0,98.96,110.96,98.9,119.9
2023-10,MUN,RJ|BARRA MANSA,glp,9,95.9,95.5,101.0,93.9,105.0
2023-10,MUN,RJ|BELFORD ROXO,glp,9,89.0,81.2,95.4,80.0,97.0
2023-10,MUN,RJ|CABO FRIO,glp,8,91.495,81.963,99.99,81.9,99.99
2023-10,MUN,RJ|CAMPOS DOS GOYTACAZES,glp,10,86.222,79.99,90.5,79.99,95.0
2023-10,MUN,RJ|DUQUE DE CAXIAS,glp,17,89.99,84.992,94.99,82.99,95.99
2023-10,MUN,RJ|ITABORAI,glp,14,87.995,87.5,88.997,84.99,94.49
2023-10,MUN,RJ|ITAGUAI,glp,4,122.5,116.55,122.5,114.0,122.5
2023-10,MUN,RJ|ITAPERUNA,glp,9,85.0,85.0,90.0,85.0,90.0
2023-10,MUN,RJ|MACAE,glp,8,123.0,123.0,123.0,123.0,123.0
2023-10,MUN,RJ|MAGE,glp,8,89.99,88.997,92.993,88.99,100.0
2023-10,MUN,RJ|MARICA,glp,9,89.99,87.392,93.4,85.0,95.0
2023-10,MUN,RJ|NILOPOLIS,glp,8,99.995,95.0,101.5,95.0,105.0
2023-10,MUN,RJ|NITEROI,glp,9,88.0,79.19,95.598,75.99,97.99
2023-10,MUN,RJ|NOVA FRIBURGO,glp,8,82.5,77.797,91.5,74.99,95.0
2023-10,MUN,RJ|NOVA IGUACU,glp,19,94.99,78.4,100.0,77.99,102.5
2023-10,MUN,RJ|PETROPOLIS,glp,10,97.495,89.891,100.2,89.0,102.0
2023-10,MUN,RJ|RESENDE,glp,8,110.0,110.0,114.993,110.0,115.0
2023-10,MUN,RJ|RIO BONITO,glp,10,82.99,78.941,87.299,78.5,89.99
2023-10,MUN,RJ|RIO DE JANEIRO,glp,38,93.0,89.0,100.0,83.5,117.0
2023-10,MUN,RJ|SANTO ANTONIO DE PADUA,glp,5,97.0,85.0,100.0,85.0,100.0
2023-10,MUN,RJ|SAO FRANCISCO DE ITABAPOANA,glp,9,98.0,94.0,101.0,90.0,105.0
2023-10,MUN,RJ|SAO GONCALO,glp,20,93.99,90.0,97.991,89.99,115.0
2023-10,MUN,RJ|SAO JOAO DE MERITI,glp,11,84.99,80.0,99.99,80.0,108.0
2023-10,MUN,RJ|SAQUAREMA,glp,9,89.99,87.492,96.4,83.5,98.0
2023-10,MUN,RJ|TERESOPOLIS,glp,3,117.9,107.58,118.7,105.0,118.9
2023-10,MUN,RJ|TRES RIOS,glp,10,89.49,84.999,94.991,84.99,95.0
2023-10,MUN,RJ|VALENCA,glp,8,90.0,88.5,90.0,85.0,90.0
2023-10,MUN,RJ|VOLTA REDONDA,glp,10,105.9,99.9,106.1,99.9,107.0
2023-10,MUN,RN|CAICO,glp,8,105.0,105.0,105.0,105.0,105.0
2023-10,MUN,RN|MOSSORO,glp,18,100.0,96.75,114.4,85.0,120.0
2023-10,MUN,RN|NATAL,glp,23,98.0,85.76,111.6,85.0,128.0
2023-10,MUN,RN|PARNAMIRIM,glp,16,105.0,105.0,107.75,99.0,135.0
2023-10,MUN,RO|ARIQUEMES,glp,8,125.0,119.4,128.8,118.0,133.0
2023-10,MUN,RO|CACOAL,glp,10,128.5,128.0,132.0,128.0,132.0
2023-10,MUN,RO|JI-PARANA,glp,10,120.0,111.35,121.4,110.0,125.0
2023-10,MUN,RO|PIMENTA BUENO,glp,5,138.0,133.8,138.0,133.0,138.0
2023-10,MUN,RO|PORTO VELHO,glp,35,112.0,105.0,120.0,95.0,125.0
2023-10,MUN,RO|VILHENA,glp,8,132.5,127.7,135.9,127.0,138.0
2023-10,MUN,RR|BOA VISTA,glp,33,126.0,118.4,130.8,118.0,140.0
2023-10,MUN,RS|ALEGRETE,glp,8,108.0,97.8,111.5,95.0,115.0
2023-10,MUN,RS|ALVORADA,glp,10,93.995,89.999,110.0,89.99,110.0
2023-10,MUN,RS|BAGE,glp,11,118.0,109.0,123.5,109.0,123.5
2023-10,MUN,RS|BENTO GONCALVES,glp,8,120.0,112.2,122.6,108.0,124.0
2023-10,MUN,RS|CACHOEIRA DO SUL,glp,9,95.0,88.0,100.0,88.0,100.0
2023-10,MUN,RS|CACHOEIRINHA,glp,8,99.95,97.997,105.0,97.99,105.0
2023-10,MUN,RS|CANOAS,glp,21,100.0,98.0,105.0,95.0,105.0
2023-10,MUN,RS|CAXIAS DO SUL,glp,19,104.9,99.9,119.74,99.0,119.9
2023-10,MUN,RS|CRUZ ALTA,glp,8,75.0,75.0,89.9,75.0,89.9
2023-10,MUN,RS|ERECHIM,glp,11,122.0,120.0,130.0,120.0,130.0
2023-10,MUN,RS|ESTEIO,glp,8,100.0,97.1,107.1,95.0,112.0
2023-10,MUN,RS|FARROUPILHA,glp,1,120.0,120.0,120.0,120.0,120.0
2023-10,MUN,RS|GRAMADO,glp,7,115.0,108.36,120.0,102.9,120.0
2023-10,MUN,RS|GRAVATAI,glp,12,100.0,96.65,104.0,95.0,108.0
2023-10,MUN,RS|GUAIBA,glp,8,100.0,94.985,106.4,94.95,109.9
2023-10,MUN,RS|IJUI,glp,7,120.0,104.0,120.0,95.0,120.0
2023-10,MUN,RS|LAJEADO,glp,9,101.0,98.2,113.8,95.0,117.0
2023-10,MUN,RS|NOVO HAMBURGO,glp,12,96.5,92.1,100.0,92.0,100.0
2023-10,MUN,RS|OSORIO,glp,8,97.45,94.99,99.93,94.99,100.0
2023-10,MUN,RS|PASSO FUNDO,glp,19,110.0,107.9,113.0,105.0,115.0
2023-10,MUN,RS|PELOTAS,glp,20,107.5,99.71,108.0,98.0,110.0
2023-10,MUN,RS|PORTO ALEGRE,glp,23,105.0,100.4,111.6,99.9,119.9
2023-10,MUN,RS|RIO GRANDE,glp,16,128.0,120.0,130.0,112.0,130.0
2023-10,MUN,RS|SANTA CRUZ DO SUL,glp,13,98.0,95.0,105.6,93.0,108.0
2023-10,MUN,RS|SANTA MARIA,glp,21,101.0,99.9,118.0,99.0,129.9
2023-10,MUN,RS|SANTA ROSA,glp,9,105.0,104.5,107.0,102.5,107.0
2023-10,MUN,RS|SANTANA DO LIVRAMENTO,glp,9,115.0,99.0,119.2,95.0,120.0
2023-10,MUN,RS|SANTO ANGELO,glp,8,117.5,93.463,126.2,89.9,129.0
2023-10,MUN,RS|SAO GABRIEL,glp,7,113.0,110.0,117.0,110.0,120.0
2023-10,MUN,RS|SAO LEOPOLDO,glp,9,95.0,93.0,100.72,93.0,104.0
2023-10,MUN,RS|SAO LUIZ GONZAGA,glp,9,100.0,99.798,113.0,98.99,125.0
2023-10,MUN,RS|SAPIRANGA,glp,8,107.5,101.5,110.0,98.0,110.0
2023-10,MUN,RS|SAPUCAIA DO SUL,glp,12,99.5,98.0,100.0,98.0,104.0
2023-10,MUN,RS|TORRES,glp,6,113.445,110.75,115.0,110.0,115.0
2023-10,MUN,RS|URUGUAIANA,glp,8,117.5,108.5,128.0,105.0,135.0
2023-10,MUN,RS|VACARIA,glp,8,106.0,104.1,110.0,102.0,110.0
2023-10,MUN,RS|VIAMAO,glp,13,103.9,95.6,110.0,93.0,124.0
2023-10,MUN,SC|ARARANGUA,glp,7,104.0,100.0,105.0,100.0,105.0
2023-10,MUN,SC|BALNEARIO CAMBORIU,glp,7,116.99,110.0,121.794,110.0,129.0
2023-10,MUN,SC|BIGUACU,glp,9,118.0,117.398,125.0,114.99,125.0
2023-10,MUN,SC|BLUMENAU,glp,10,124.9,99.41,124.9,95.0,124.9
2023-10,MUN,SC|BRUSQUE,glp,6,120.0,118.0,120.45,118.0,120.9
2023-10,MUN,SC|CACADOR,glp,9,115.0,110.0,127.0,110.0,135.0
2023-10,MUN,SC|CHAPECO,glp,14,129.0,121.3,134.4,120.0,135.0
2023-10,MUN,SC|CONCORDIA,glp,9,110.0,104.0,114.992,100.0,115.0
2023-10,MUN,SC|CRICIUMA,glp,9,114.0,110.0,118.0,110.0,118.0
2023-10,MUN,SC|FLORIANOPOLIS,glp,8,117.5,113.5,120.0,110.0,120.0
2023-10,MUN,SC|GASPAR,glp,1,124.9,124.9,124.9,124.9,124.9
2023-10,MUN,SC|ITAJAI,glp,18,114.995,100.0,123.4,100.0,129.0
2023-10,MUN,SC|JARAGUA DO SUL,glp,8,103.9,99.665,104.3,99.0,105.0
2023-10,MUN,SC|JOINVILLE,glp,12,115.0,115.0,122.2,115.0,125.0
2023-10,MUN,SC|LAGES,glp,4,109.0,102.4,120.5,100.0,125.0
2023-10,MUN,SC|LAGUNA,glp,8,104.995,97.0,111.5,90.0,115.0
2023-10,MUN,SC|MAFRA,glp,10,116.5,109.99,120.0,109.9,120.0
2023-10,MUN,SC|PALHOCA,glp,10,116.0,109.8,125.499,108.0,129.99
2023-10,MUN,SC|SAO JOSE,glp,12,117.0,107.591,120.0,102.0,124.0
2023-10,MUN,SC|TUBARAO,glp,8,110.0,90.0,115.0,90.0,115.0
2023-10,MUN,SC|VIDEIRA,glp,9,117.0,110.0,122.0,110.0,130.0
2023-10,MUN,SC|XANXERE,glp,5,120.0,105.0,120.0,105.0,120.0
2023-10,MUN,SE|ARACAJU,glp,22,96.9,94.9,104.9,93.0,110.0
2023-10,MUN,SE|ITABAIANA,glp,9,102.5,99.0,105.0,95.0,105.0
2023-10,MUN,SE|LAGARTO,glp,8,100.0,98.5,105.0,95.0,105.0
2023-10,MUN,SE|NOSSA SENHORA DO SOCORRO,glp,13,95.0,91.0,99.34,88.0,99.99
2023-10,MUN,SP|ADAMANTINA,glp,7,97.95,90.596,101.2,86.99,103.0
2023-10,MUN,SP|AMERICANA,glp,10,99.99,96.99,105.5,96.99,110.0
2023-10,MUN,SP|AMPARO,glp,8,110.0,109.4,118.6,108.0,120.0
2023-10,MUN,SP|ARACATUBA,glp,21,89.99,85.99,92.495,82.99,95.0
2023-10,MUN,SP|ARARAQUARA,glp,17,108.0,101.197,113.0,89.99,114.0
2023-10,MUN,SP|ARARAS,glp,8,96.0,95.697,97.8,94.99,102.0
2023-10,MUN,SP|ASSIS,glp,11,89.9,89.9,95.0,89.9,95.0
2023-10,MUN,SP|ATIBAIA,glp,11,100.0,99.99,120.0,92.0,120.0
2023-10,MUN,SP|AVARE,glp,9,85.0,83.992,92.0,80.0,100.0
2023-10,MUN,SP|BARRETOS,glp,7,110.0,108.0,112.0,105.0,115.0
2023-10,MUN,SP|BARUERI,glp,12,100.0,90.49,107.391,89.99,110.0
2023-10,MUN,SP|BAURU,glp,18,98.0,84.997,100.0,84.99,110.0
2023-10,MUN,SP|BEBEDOURO,glp,8,104.995,99.9,111.5,99.9,115.0
2023-10,MUN,SP|BIRIGUI,glp,11,99.99,95.0,102.495,95.0,105.0
2023-10,MUN,SP|BOTUCATU,glp,10,100.0,97.505,105.5,80.0,110.0
2023-10,MUN,SP|BRAGANCA PAULISTA,glp,12,100.0,99.991,106.791,99.9,109.9
2023-10,MUN,SP|CACAPAVA,glp,8,94.99,87.79,99.993,84.99,100.0
2023-10,MUN,SP|CAMPINAS,glp,21,99.99,95.0,99.99,84.99,105.0
2023-10,MUN,SP|CARAGUATATUBA,glp,8,99.995,97.846,100.0,97.5,100.0
2023-10,MUN,SP|CARAPICUIBA,glp,17,98.0,92.396,100.0,89.99,105.0
2023-10,MUN,SP|CATANDUVA,glp,10,100.0,100.0,110.0,100.0,110.0
2023-10,MUN,SP|COSMOPOLIS,glp,8,84.99,84.99,91.5,84.99,95.0
2023-10,MUN,SP|COTIA,glp,4,117.498,107.992,120.0,104.99,120.0
2023-10,MUN,SP|CRUZEIRO,glp,8,86.995,80.662,91.5,79.99,95.0
2023-10,MUN,SP|CUBATAO,glp,9,113.0,103.99,125.0,99.99,125.0
2023-10,MUN,SP|DIADEMA,glp,10,104.99,89.99,131.5,89.99,131.5
2023-10,MUN,SP|DRACENA,glp,8,109.0,97.1,110.0,95.0,110.0
2023-10,MUN,SP|ELISIARIO,glp,1,93.0,93.0,93.0,93.0,93.0
2023-10,MUN,SP|EMBU DAS ARTES,glp,12,99.995,90.49,109.99,85.99,114.99
2023-10,MUN,SP|FRANCA,glp,17,100.0,94.996,107.667,89.99,115.0
2023-10,MUN,SP|GARCA,glp,8,100.0,93.95,100.0,91.5,100.0
2023-10,MUN,SP|GUARATINGUETA,glp,7,94.9,81.4,97.0,76.0,100.0
2023-10,MUN,SP|GUARUJA,glp,11,115.0,110.0,117.99,105.0,120.0
2023-10,MUN,SP|GUARULHOS,glp,16,94.99,89.99,102.495,89.99,105.0
2023-10,MUN,SP|HORTOLANDIA,glp,9,94.99,84.99,113.0,84.99,125.0
2023-10,MUN,SP|IBITINGA,glp,9,90.0,89.998,102.796,89.99,110.0
2023-10,MUN,SP|INDAIATUBA,glp,8,107.0,102.1,110.0,100.0,110.0
2023-10,MUN,SP|ITANHAEM,glp,9,108.0,99.972,109.2,99.9,110.0
2023-10,MUN,SP|ITAPECERICA DA SERRA,glp,7,94.99,84.99,99.99,84.99,99.99
2023-10,MUN,SP|ITAPETININGA,glp,7,110.0,109.57,113.5,109.0,115.0
2023-10,MUN,SP|ITAPEVA,glp,9,110.0,108.984,118.0,105.0,120.0
2023-10,MUN,SP|ITAPIRA,glp,7,100.0,93.0,103.8,90.0,105.0
2023-10,MUN,SP|ITAPOLIS,glp,9,108.0,105.0,115.0,105.0,115.0
2023-10,MUN,SP|ITAQUAQUECETUBA,glp,15,84.99,84.99,89.99,84.99,89.99
2023-10,MUN,SP|ITATIBA,glp,8,100.0,100.0,100.0,100.0,100.0
2023-10,MUN,SP|ITU,glp,6,105.0,102.5,111.5,100.0,113.0
2023-10,MUN,SP|JABOTICABAL,glp,10,100.0,94.496,107.291,90.0,110.0
2023-10,MUN,SP|JACAREI,glp,12,89.995,87.05,99.9,84.99,115.0
2023-10,MUN,SP|JALES,glp,10,90.0,88.6,90.195,85.0,91.95
2023-10,MUN,SP|JAU,glp,9,114.0,111.58,114.2,109.9,115.0
2023-10,MUN,SP|JOSE BONIFACIO,glp,8,95.0,90.0,100.0,90.0,100.0
2023-10,MUN,SP|JUNDIAI,glp,12,102.5,95.991,110.0,90.0,115.0
2023-10,MUN,SP|LEME,glp,8,94.5,89.4,106.9,88.0,123.0
2023-10,MUN,SP|LIMEIRA,glp,11,99.99,89.99,100.0,84.99,105.0
2023-10,MUN,SP|LINS,glp,7,89.99,79.954,100.0,79.9,100.0
2023-10,MUN,SP|LORENA,glp,8,79.995,69.99,99.3,69.99,100.0
2023-10,MUN,SP|MARILIA,glp,12,115.0,112.1,116.9,110.0,120.0
2023-10,MUN,SP|MATAO,glp,10,99.995,99.891,100.0,99.0,100.0
2023-10,MUN,SP|MAUA,glp,12,104.995,84.99,110.0,84.99,110.0
2023-10,MUN,SP|MIRASSOL,glp,8,97.495,94.1,110.0,92.0,110.0
2023-10,MUN,SP|MOCOCA,glp,8,107.5,99.393,111.5,98.0,115.0
2023-10,MUN,SP|MOGI DAS CRUZES,glp,10,94.95,88.99,99.99,79.99,99.99
2023-10,MUN,SP|MOGI GUACU,glp,7,95.0,89.99,99.99,89.99,99.99
2023-10,MUN,SP|MOGI MIRIM,glp,8,91.995,89.99,95.0,89.99,95.0
2023-10,MUN,SP|MONTE ALTO,glp,9,100.0,95.0,100.0,95.0,100.0
2023-10,MUN,SP|OLIMPIA,glp,10,85.0,85.0,88.2,85.0,90.0
2023-10,MUN,SP|OSASCO,glp,8,97.0,91.99,101.493,84.99,105.0
2023-10,MUN,SP|OURINHOS,glp,10,100.25,89.99,108.1,89.9,109.0
2023-10,MUN,SP|PARAGUACU PAULISTA,glp,8,110.0,100.5,113.6,90.0,115.0
2023-10,MUN,SP|PAULINIA,glp,8,100.0,99.99,103.0,99.99,110.0
2023-10,MUN,SP|PINDAMONHANGABA,glp,10,100.0,94.49,100.0,89.9,100.0
2023-10,MUN,SP|PIRACICABA,glp,16,104.5,89.995,115.0,84.99,115.0
2023-10,MUN,SP|PIRASSUNUNGA,glp,9,98.0,85.0,105.0,85.0,105.0
2023-10,MUN,SP|POA,glp,8,94.99,88.49,96.497,84.99,99.99
2023-10,MUN,SP|PORTO FERREIRA,glp,8,95.0,93.346,106.0,93.0,120.0
2023-10,MUN,SP|PRAIA GRANDE,glp,13,103.0,99.99,107.4,99.99,109.5
2023-10,MUN,SP|PRESIDENTE PRUDENTE,glp,16,99.995,89.99,107.5,89.9,110.0
2023-10,MUN,SP|PRESIDENTE VENCESLAU,glp,9,106.0,93.0,108.4,93.0,110.0
2023-10,MUN,SP|RIBEIRAO PIRES,glp,8,89.99,89.63,101.5,89.0,105.0
2023-10,MUN,SP|RIBEIRAO PRETO,glp,17,100.495,84.993,118.336,84.99,124.99
2023-10,MUN,SP|RIO CLARO,glp,7,100.0,89.99,100.0,89.99,100.0
2023-10,MUN,SP|SALTO,glp,2,102.45,100.41,104.49,99.9,105.0
2023-10,MUN,SP|SANTA BARBARA D'OESTE,glp,12,99.99,95.3,100.0,95.0,100.99
2023-10,MUN,SP|SANTA CRUZ DO RIO PARDO,glp,4,107.995,102.397,109.4,100.0,110.0
2023-10,MUN,SP|SANTO ANDRE,glp,12,99.995,95.0,114.49,94.99,115.99
2023-10,MUN,SP|SANTOS,glp,14,111.0,107.1,120.0,100.0,122.0
2023-10,MUN,SP|SAO BERNARDO DO CAMPO,glp,7,109.99,100.394,125.6,95.0,126.5
2023-10,MUN,SP|SAO CAETANO DO SUL,glp,6,102.495,99.99,112.495,99.99,115.0
2023-10,MUN,SP|SAO CARLOS,glp,19,113.0,106.998,116.0,105.0,123.0
2023-10,MUN,SP|SAO JOAO DA BOA VISTA,glp,8,100.0,100.0,101.5,100.0,105.0
2023-10,MUN,SP|SAO JOSE DO RIO PRETO,glp,28,112.5,95.0,120.0,93.0,120.0
2023-10,MUN,SP|SAO JOSE DOS CAMPOS,glp,20,97.495,79.99,114.99,79.99,117.0
2023-10,MUN,SP|SAO PAULO,glp,64,104.99,94.993,117.997,89.99,124.0
2023-10,MUN,SP|SAO ROQUE,glp,8,94.995,84.99,101.2,84.99,104.0
2023-10,MUN,SP|SAO VICENTE,glp,14,102.0,98.57,109.963,94.0,110.0
2023-10,MUN,SP|SERTAOZINHO,glp,14,89.99,88.99,94.03,87.9,94.99
2023-10,MUN,SP|SOROCABA,glp,21,105.0,94.99,113.0,93.99,115.0
2023-10,MUN,SP|SUMARE,glp,11,95.0,84.99,115.0,84.99,120.0
2023-10,MUN,SP|SUZANO,glp,14,89.99,82.997,111.39,75.99,115.0
2023-10,MUN,SP|TABOAO DA SERRA,glp,8,94.0,88.49,102.99,84.99,109.99
2023-10,MUN,SP|TATUI,glp,9,100.0,99.998,107.0,99.99,115.0
2023-10,MUN,SP|TAUBATE,glp,13,90.0,79.99,95.8,78.0,98.0
2023-10,MUN,SP|TUPA,glp,6,100.0,97.5,107.5,95.0,115.0
2023-10,MUN,SP|UBATUBA,glp,12,95.0,87.3,101.35,79.95,106.0
2023-10,MUN,SP|VALINHOS,glp,8,99.9,96.797,109.993,93.99,110.0
2023-10,MUN,SP|VARZEA PAULISTA,glp,8,95.495,88.497,110.2,84.99,120.0
2023-10,MUN,SP|VINHEDO,glp,8,99.99,95.6,104.27,90.0,104.9
2023-10,MUN,SP|VOTORANTIM,glp,8,104.995,100.0,108.6,100.0,110.0
2023-10,MUN,SP|VOTUPORANGA,glp,11,98.0,90.0,99.0,88.0,99.9
2023-10,MUN,TO|ARAGUAINA,glp,19,120.0,115.0,120.0,115.0,125.0
2023-10,MUN,TO|GURUPI,glp,12,115.0,113.2,120.0,108.0,125.0
2023-10,MUN,TO|PALMAS,glp,19,120.0,115.0,127.0,110.0,127.0
2023-10,MUN,TO|PARAISO DO TOCANTINS,glp,9,120.0,120.0,121.0,120.0,125.0
2023-10,MUN,TO|PORTO NACIONAL,glp,9,110.0,110.0,116.0,110.0,120.0
2023-10,UF,AC,glp,48,115.0,105.7,123.6,98.0,127.0
2023-10,UF,AL,glp,64,92.495,85.916,103.5,79.99,115.0
2023-10,UF,AM,glp,120,120.0,110.0,130.0,107.0,150.0
2023-10,UF,AP,glp,32,111.0,100.0,120.0,99.0,121.0
2023-10,UF,BA,glp,293,105.0,94.992,120.0,79.0,147.0
2023-10,UF,CE,glp,130,100.0,94.99,109.991,84.99,122.0
2023-10,UF,DF,glp,49,94.99,89.99,99.99,84.99,119.99
2023-10,UF,ES,glp,136,95.0,85.0,105.0,78.0,115.0
2023-10,UF,GO,glp,259,100.0,90.0,115.0,78.99,135.0
2023-10,UF,MA,glp,144,100.0,94.99,120.0,79.0,125.0
2023-10,UF,MG,glp,602,100.0,88.0,116.71,74.99,130.0
2023-10,UF,MS,glp,93,110.0,98.2,125.0,70.0,135.0
2023-10,UF,MT,glp,120,120.0,94.99,142.0,84.99,150.0
2023-10,UF,PA,glp,182,109.99,92.991,130.0,78.0,145.0
2023-10,UF,PB,glp,78,104.5,90.0,110.0,79.99,115.0
2023-10,UF,PE,glp,178,85.0,79.99,115.0,75.0,120.0
2023-10,UF,PI,glp,61,99.99,90.0,115.0,80.0,120.0
2023-10,UF,PR,glp,362,99.0,88.91,115.0,75.0,139.9
2023-10,UF,RJ,glp,323,90.99,82.99,110.0,74.99,123.0
2023-10,UF,RN,glp,65,105.0,95.0,111.2,85.0,135.0
2023-10,UF,RO,glp,76,120.0,108.0,134.0,95.0,138.0
2023-10,UF,RR,glp,33,126.0,118.4,130.8,118.0,140.0
2023-10,UF,RS,glp,403,105.0,95.0,120.0,75.0,135.0
2023-10,UF,SC,glp,193,115.0,100.0,125.0,90.0,135.0
2023-10,UF,SE,glp,52,96.9,94.9,105.0,88.0,110.0
2023-10,UF,SP,glp,1179,99.99,88.99,114.0,69.99,131.5
2023-10,UF,TO,glp,68,120.0,110.0,125.0,108.0,127.0
2023-11,BR,BR,glp,5380,100.0,87.99,120.0,67.0,154.0
2023-11,MUN,AC|CRUZEIRO DO SUL,glp,10,119.0,118.0,122.3,118.0,125.0
2023-11,MUN,AC|RIO BRANCO,glp,37,112.0,104.2,123.8,100.0,127.0
2023-11,MUN,AL|ARAPIRACA,glp,9,85.88,80.0,93.0,80.0,105.0
2023-11,MUN,AL|DELMIRO GOUVEIA,glp,5,95.0,92.0,95.6,90.0,96.0
2023-11,MUN,AL|MACEIO,glp,33,95.0,88.18,104.5,85.0,110.0
2023-11,MUN,AL|PALMEIRA DOS INDIOS,glp,5,89.99,76.996,89.99,75.0,89.99
2023-11,MUN,AL|RIO LARGO,glp,8,93.75,89.997,95.0,89.99,95.0
2023-11,MUN,AM|ITACOATIARA,glp,10,130.0,123.699,135.2,120.99,137.0
2023-11,MUN,AM|MANACAPURU,glp,8,135.0,125.0,145.0,125.0,145.0
2023-11,MUN,AM|MANAUS,glp,91,125.0,118.0,131.0,115.0,145.0
2023-11,MUN,AM|PARINTINS,glp,9,120.0,120.0,125.0,120.0,125.0
2023-11,MUN,AM|TEFE,glp,4,152.0,150.0,154.0,150.0,154.0
2023-11,MUN,AP|MACAPA,glp,19,112.0,105.0,120.0,102.0,120.0
2023-11,MUN,AP|SANTANA,glp,12,100.0,99.1,118.45,98.0,120.0
2023-11,MUN,BA|AGUA FRIA,glp,1,120.0,120.0,120.0,120.0,120.0
2023-11,MUN,BA|ALAGOINHAS,glp,10,101.49,99.99,112.3,99.99,115.0
2023-11,MUN,BA|BARREIRAS,glp,9,135.0,130.0,135.0,130.0,135.0
2023-11,MUN,BA|BRUMADO,glp,6,105.0,99.0,111.5,98.0,113.0
2023-11,MUN,BA|CAETITE,glp,8,95.0,93.5,100.0,90.0,100.0
2023-11,MUN,BA|CAMACARI,glp,12,110.0,105.0,115.0,101.5,115.0
2023-11,MUN,BA|EUNAPOLIS,glp,7,110.0,106.9,110.0,106.0,110.0
2023-11,MUN,BA|FEIRA DE SANTANA,glp,12,95.0,92.0,100.0,88.5,100.0
2023-11,MUN,BA|GUANAMBI,glp,10,100.0,100.0,110.0,100.0,110.0
2023-11,MUN,BA|ILHEUS,glp,8,120.0,119.997,133.0,119.99,147.0
2023-11,MUN,BA|IPIRA,glp,5,92.0,89.693,105.2,89.495,114.0
2023-11,MUN,BA|IRECE,glp,8,110.0,107.1,110.0,105.0,110.0
2023-11,MUN,BA|ITABUNA,glp,10,105.0,95.0,107.75,95.0,110.0
2023-11,MUN,BA|ITAMARAJU,glp,9,110.0,95.0,110.0,95.0,110.0
2023-11,MUN,BA|JACOBINA,glp,6,120.0,120.0,123.5,120.0,125.0
2023-11,MUN,BA|JAGUAQUARA,glp,8,100.0,100.0,110.0,100.0,110.0
2023-11,MUN,BA|JEQUIE,glp,10,90.995,84.75,104.25,82.5,120.0
2023-11,MUN,BA|JUAZEIRO,glp,7,100.0,96.5,110.0,95.0,110.0
2023-11,MUN,BA|LAURO DE FREITAS,glp,12,105.0,99.1,114.6,95.99,115.0
2023-11,MUN,BA|LIVRAMENTO DE NOSSA SENHORA,glp,8,105.0,103.5,110.0,100.0,110.0
2023-11,MUN,BA|PAULO AFONSO,glp,9,95.0,84.0,98.0,84.0,98.0
2023-11,MUN,BA|POCOES,glp,8,98.0,94.25,105.15,92.5,105.5
2023-11,MUN,BA|PORTO SEGURO,glp,9,100.0,95.0,108.0,95.0,110.0
2023-11,MUN,BA|SALVADOR,glp,40,105.0,94.5,115.099,89.99,121.99
2023-11,MUN,BA|SANTO ANTONIO DE JESUS,glp,9,100.0,99.0,100.6,95.0,103.0
2023-11,MUN,BA|SENHOR DO BONFIM,glp,3,112.5,110.5,114.5,110.0,115.0
2023-11,MUN,BA|SERRINHA,glp,7,120.0,110.0,120.0,110.0,120.0
2023-11,MUN,BA|SIMOES FILHO,glp,9,102.99,90.0,117.0,90.0,125.0
2023-11,MUN,BA|TEIXEIRA DE FREITAS,glp,11,84.0,75.0,90.0,75.0,100.0
2023-11,MUN,BA|VALENCA,glp,8,111.25,110.0,115.0,110.0,115.0
2023-11,MUN,BA|VITORIA DA CONQUISTA,glp,12,105.498,100.2,115.0,100.0,115.0
2023-11,MUN,CE|CANINDE,glp,4,99.0,98.0,100.0,98.0,100.0
2023-11,MUN,CE|CAUCAIA,glp,13,100.0,86.992,115.6,84.99,120.0
2023-11,MUN,CE|CRATEUS,glp,6,100.0,96.0,100.0,95.0,100.0
2023-11,MUN,CE|CRATO,glp,8,103.0,100.593,103.0,95.0,103.0
2023-11,MUN,CE|FORTALEZA,glp,32,95.0,89.991,105.0,89.945,111.0
2023-11,MUN,CE|ICO,glp,5,105.0,97.0,111.2,95.0,112.0
2023-11,MUN,CE|IGUATU,glp,8,100.0,97.7,102.9,97.0,105.0
2023-11,MUN,CE|ITAPIPOCA,glp,8,107.5,93.5,110.0,90.0,110.0
2023-11,MUN,CE|JUAZEIRO DO NORTE,glp,14,103.0,103.0,103.0,98.0,109.0
2023-11,MUN,CE|LIMOEIRO DO NORTE,glp,7,100.0,96.5,104.0,95.0,110.0
2023-11,MUN,CE|MARACANAU,glp,10,100.0,94.499,105.0,89.99,105.0
2023-11,MUN,CE|QUIXADA,glp,7,95.0,85.99,96.2,85.99,98.0
2023-11,MUN,CE|SOBRAL,glp,6,103.5,96.5,109.0,95.0,109.0
2023-11,MUN,DF|BRASILIA,glp,49,94.99,89.99,99.99,84.99,119.99
2023-11,MUN,ES|ARACRUZ,glp,10,100.0,100.0,100.5,100.0,105.0
2023-11,MUN,ES|CACHOEIRO DE ITAPEMIRIM,glp,10,100.0,94.499,102.75,89.99,105.0
2023-11,MUN,ES|CARIACICA,glp,18,85.0,79.997,100.0,78.0,100.0
2023-11,MUN,ES|COLATINA,glp,7,95.0,83.4,102.0,76.5,105.0
2023-11,MUN,ES|GUARAPARI,glp,11,90.0,85.0,100.0,84.99,110.0
2023-11,MUN,ES|LINHARES,glp,14,108.75,105.0,114.25,100.0,115.0
2023-11,MUN,ES|SAO MATEUS,glp,12,99.99,95.0,100.0,95.0,100.0
2023-11,MUN,ES|SERRA,glp,20,89.99,84.75,95.0,80.0,95.0
2023-11,MUN,ES|VILA VELHA,glp,20,100.0,90.891,105.0,89.99,105.0
2023-11,MUN,ES|VITORIA,glp,10,95.0,89.491,110.0,85.0,110.0
2023-11,MUN,GO|AGUAS LINDAS DE GOIAS,glp,20,89.99,81.99,95.0,81.99,95.0
2023-11,MUN,GO|ANAPOLIS,glp,25,100.0,97.0,100.0,95.0,110.0
2023-11,MUN,GO|APARECIDA DE GOIANIA,glp,31,100.0,92.5,108.0,85.0,110.0
2023-11,MUN,GO|CALDAS NOVAS,glp,14,106.5,100.0,110.0,99.99,110.0
2023-11,MUN,GO|CATALAO,glp,10,105.0,99.9,111.0,99.0,120.0
2023-11,MUN,GO|FORMOSA,glp,10,100.0,100.0,115.3,100.0,118.0
2023-11,MUN,GO|GOIANIA,glp,44,101.25,90.0,110.0,80.0,130.0
2023-11,MUN,GO|GOIATUBA,glp,7,117.5,108.0,122.0,105.0,125.0
2023-11,MUN,GO|ITUMBIARA,glp,8,107.5,102.2,111.5,98.0,115.0
2023-11,MUN,GO|JATAI,glp,8,115.0,115.0,121.0,115.0,135.0
2023-11,MUN,GO|LUZIANIA,glp,14,93.99,89.99,100.0,88.99,103.0
2023-11,MUN,GO|MINEIROS,glp,8,113.0,108.5,113.6,105.0,115.0
2023-11,MUN,GO|MORRINHOS,glp,7,95.0,93.8,102.0,92.0,105.0
2023-11,MUN,GO|PORANGATU,glp,10,110.0,107.25,115.5,105.0,120.0
2023-11,MUN,GO|RIO VERDE,glp,14,110.0,100.0,115.0,89.99,115.0
2023-11,MUN,GO|TRINDADE,glp,23,95.0,89.99,100.0,85.0,100.0
2023-11,MUN,GO|VALPARAISO DE GOIAS,glp,11,85.0,79.99,99.99,78.99,100.0
2023-11,MUN,MA|ACAILANDIA,glp,10,100.0,95.0,106.0,95.0,115.0
2023-11,MUN,MA|BACABAL,glp,8,108.0,108.0,111.5,108.0,115.0
2023-11,MUN,MA|BALSAS,glp,7,120.0,119.2,122.0,118.0,125.0
2023-11,MUN,MA|BARRA DO CORDA,glp,8,110.0,110.0,110.0,110.0,110.0
2023-11,MUN,MA|CAXIAS,glp,9,100.0,94.99,110.0,94.99,110.0
2023-11,MUN,MA|CODO,glp,8,110.0,110.0,110.0,110.0,110.0
2023-11,MUN,MA|IMPERATRIZ,glp,16,100.0,99.99,100.0,95.0,100.0
2023-11,MUN,MA|PINHEIRO,glp,8,120.0,118.5,120.0,115.0,120.0
2023-11,MUN,MA|PRESIDENTE DUTRA,glp,5,110.0,107.0,111.8,105.0,113.0
2023-11,MUN,MA|SANTA INES,glp,8,120.0,120.0,120.9,120.0,123.0
2023-11,MUN,MA|SAO JOSE DE RIBAMAR,glp,15,95.0,94.99,95.0,94.99,95.0
2023-11,MUN,MA|SAO LUIS,glp,38,95.0,94.99,96.497,85.0,105.0
2023-11,MUN,MG|ALFENAS,glp,8,95.0,83.49,100.0,79.99,100.0
2023-11,MUN,MG|ARAGUARI,glp,8,101.5,98.5,110.0,95.0,110.0
2023-11,MUN,MG|ARAXA,glp,7,90.0,88.0,106.0,88.0,130.0
2023-11,MUN,MG|BARBACENA,glp,8,95.0,89.387,96.5,87.98,100.0
2023-11,MUN,MG|BELO HORIZONTE,glp,32,99.995,89.99,119.9,84.99,129.0
2023-11,MUN,MG|BETIM,glp,18,105.5,89.997,107.0,82.0,110.0
2023-11,MUN,MG|BOM DESPACHO,glp,8,97.45,93.15,116.5,90.0,120.0
2023-11,MUN,MG|CAMPO BELO,glp,8,110.0,110.0,111.5,110.0,115.0
2023-11,MUN,MG|CARATINGA,glp,8,105.0,99.997,122.97,99.99,129.9
2023-11,MUN,MG|CONGONHAS,glp,9,105.0,94.99,107.6,94.99,110.0
2023-11,MUN,MG|CONSELHEIRO LAFAIETE,glp,8,89.0,85.6,96.593,80.0,105.0
2023-11,MUN,MG|CONTAGEM,glp,23,110.0,88.2,110.0,85.0,115.0
2023-11,MUN,MG|CORONEL FABRICIANO,glp,10,116.5,108.98,118.2,99.8,120.0
2023-11,MUN,MG|CURVELO,glp,8,90.0,79.4,100.0,78.0,100.0
2023-11,MUN,MG|DIVINOPOLIS,glp,13,95.0,95.0,115.0,94.99,120.0
2023-11,MUN,MG|FORMIGA,glp,8,100.0,99.7,103.0,99.0,110.0
2023-11,MUN,MG|FRUTAL,glp,7,89.99,89.99,89.99,89.99,89.99
2023-11,MUN,MG|GOVERNADOR VALADARES,glp,14,114.5,110.0,120.0,100.0,130.0
2023-11,MUN,MG|GUAXUPE,glp,9,85.0,78.12,85.0,75.0,85.0
2023-11,MUN,MG|IPATINGA,glp,10,103.0,89.499,110.3,84.99,113.0
2023-11,MUN,MG|ITABIRA,glp,5,110.0,107.0,115.0,107.0,115.0
2023-11,MUN,MG|ITAJUBA,glp,7,90.0,85.0,107.0,85.0,125.0
2023-11,MUN,MG|ITAUNA,glp,7,106.0,95.6,125.0,95.0,125.0
2023-11,MUN,MG|ITUIUTABA,glp,9,90.0,85.0,95.6,85.0,98.0
2023-11,MUN,MG|JANAUBA,glp,8,110.0,108.5,110.0,105.0,110.0
2023-11,MUN,MG|JANUARIA,glp,9,118.0,115.0,120.0,115.0,120.0
2023-11,MUN,MG|JOAO MONLEVADE,glp,8,103.75,98.5,106.2,95.0,109.0
2023-11,MUN,MG|JOAO PINHEIRO,glp,10,110.0,104.89,116.0,103.9,125.0
2023-11,MUN,MG|JUIZ DE FORA,glp,19,84.99,77.89,94.99,74.99,99.99
2023-11,MUN,MG|LAVRAS,glp,8,100.0,97.8,100.0,95.0,100.0
2023-11,MUN,MG|LEOPOLDINA,glp,8,100.0,93.5,103.0,90.0,110.0
2023-11,MUN,MG|MANHUACU,glp,8,100.0,99.18,110.0,97.5,110.0
2023-11,MUN,MG|MONTE CARMELO,glp,9,90.0,90.0,96.0,90.0,100.0
2023-11,MUN,MG|MONTES CLAROS,glp,32,110.0,98.091,116.8,90.0,130.0
2023-11,MUN,MG|MURIAE,glp,7,100.0,99.96,106.994,99.9,113.0
2023-11,MUN,MG|NOVA LIMA,glp,9,102.0,97.96,109.2,92.0,110.0
2023-11,MUN,MG|OLIVEIRA,glp,7,105.0,102.6,107.0,99.0,110.0
2023-11,MUN,MG|OURO PRETO,glp,2,112.5,110.5,114.5,110.0,115.0
2023-11,MUN,MG|PARA DE MINAS,glp,8,99.5,93.5,112.07,90.0,116.9
2023-11,MUN,MG|PARACATU,glp,10,95.0,94.8,106.0,93.0,115.0
2023-11,MUN,MG|PASSOS,glp,7,75.0,74.978,87.0,74.945,90.0
2023-11,MUN,MG|PATOS DE MINAS,glp,12,97.5,85.5,113.5,85.0,115.0
2023-11,MUN,MG|PATROCINIO,glp,8,90.0,90.0,100.0,90.0,100.0
2023-11,MUN,MG|POCOS DE CALDAS,glp,9,107.99,106.196,110.8,105.0,114.0
2023-11,MUN,MG|POUSO ALEGRE,glp,13,95.0,81.0,112.0,69.99,115.0
2023-11,MUN,MG|SABARA,glp,8,105.0,93.493,122.1,90.0,127.0
2023-11,MUN,MG|SAO JOAO DEL REI,glp,6,97.0,87.5,105.0,80.0,110.0
2023-11,MUN,MG|SAO SEBASTIAO DO PARAISO,glp,10,90.0,84.5,95.5,80.0,100.0
2023-11,MUN,MG|SETE LAGOAS,glp,13,95.0,89.896,110.0,85.0,117.0
2023-11,MUN,MG|TEOFILO OTONI,glp,11,110.0,105.0,115.0,99.99,120.0
2023-11,MUN,MG|TIMOTEO,glp,8,100.0,96.822,108.25,90.0,110.0
2023-11,MUN,MG|TRES CORACOES,glp,10,87.995,87.69,90.5,84.99,95.0
2023-11,MUN,MG|UBA,glp,6,96.495,94.995,102.495,94.99,104.99
2023-11,MUN,MG|UBERABA,glp,17,100.0,80.0,105.0,79.99,105.0
2023-11,MUN,MG|UBERLANDIA,glp,23,105.0,89.99,115.0,85.0,120.0
2023-11,MUN,MG|UNAI,glp,10,117.5,114.75,120.0,112.5,120.0
2023-11,MUN,MG|VARGINHA,glp,9,85.0,79.998,102.0,79.99,110.0
2023-11,MUN,MG|VICOSA,glp,9,115.0,113.6,116.0,108.0,120.0
2023-11,MUN,MS|CAMPO GRANDE,glp,35,104.0,94.9,113.0,88.0,135.0
2023-11,MUN,MS|CORUMBA,glp,7,120.0,112.4,130.0,110.0,130.0
2023-11,MUN,MS|COXIM,glp,9,122.5,120.0,126.0,120.0,130.0
2023-11,MUN,MS|DOURADOS,glp,20,103.0,99.71,125.3,96.0,130.0
2023-11,MUN,MS|NOVA ANDRADINA,glp,8,110.0,106.75,110.0,105.0,110.0
2023-11,MUN,MS|PONTA PORA,glp,7,115.0,110.0,117.0,110.0,120.0
2023-11,MUN,MS|TRES LAGOAS,glp,11,115.0,112.5,115.0,110.0,115.0
2023-11,MUN,MT|ALTA FLORESTA,glp,3,145.0,142.6,145.0,142.0,145.0
2023-11,MUN,MT|CACERES,glp,13,84.99,84.99,99.99,84.99,104.0
2023-11,MUN,MT|CUIABA,glp,37,115.0,94.996,125.0,85.0,135.0
2023-11,MUN,MT|RONDONOPOLIS,glp,10,125.0,113.5,127.75,100.0,130.0
2023-11,MUN,MT|SINOP,glp,15,140.0,136.0,145.0,130.0,145.0
2023-11,MUN,MT|SORRISO,glp,14,125.0,121.5,138.5,120.0,145.0
2023-11,MUN,MT|VARZEA GRANDE,glp,27,108.0,89.954,118.8,85.0,120.0
2023-11,MUN,PA|ABAETETUBA,glp,8,97.5,95.0,102.1,95.0,107.0
2023-11,MUN,PA|ALENQUER,glp,5,105.0,104.4,105.0,104.0,105.0
2023-11,MUN,PA|ALTAMIRA,glp,8,110.0,102.797,115.9,85.99,118.0
2023-11,MUN,PA|ANANINDEUA,glp,17,95.0,92.594,100.5,91.99,115.0
2023-11,MUN,PA|BELEM,glp,34,105.0,90.6,113.8,89.99,144.0
2023-11,MUN,PA|BRAGANCA,glp,6,110.0,109.0,114.0,108.0,115.0
2023-11,MUN,PA|CAMETA,glp,7,115.0,114.6,115.0,114.0,115.0
2023-11,MUN,PA|CASTANHAL,glp,14,100.995,99.3,109.7,99.0,110.0
2023-11,MUN,PA|CONCEICAO DO ARAGUAIA,glp,8,110.0,107.6,111.5,102.0,115.0
2023-11,MUN,PA|MARABA,glp,7,114.99,104.796,117.0,99.99,120.0
2023-11,MUN,PA|PARAGOMINAS,glp,9,132.5,112.2,135.0,85.0,135.0
2023-11,MUN,PA|PARAUAPEBAS,glp,12,123.748,115.49,130.0,114.99,130.0
2023-11,MUN,PA|REDENCAO,glp,2,111.5,108.7,114.3,108.0,115.0
2023-11,MUN,PA|SANTAREM,glp,21,96.0,79.995,100.0,79.0,105.0
2023-11,MUN,PA|XINGUARA,glp,9,130.0,124.0,131.0,120.0,135.0
2023-11,MUN,PB|BAYEUX,glp,8,102.5,85.0,110.0,85.0,110.0
2023-11,MUN,PB|CABEDELO,glp,9,105.0,98.992,105.0,95.0,105.0
2023-11,MUN,PB|CAMPINA GRANDE,glp,14,110.0,96.5,113.5,89.0,120.0
2023-11,MUN,PB|JOAO PESSOA,glp,34,101.745,88.593,110.0,79.99,110.0
2023-11,MUN,PB|PATOS,glp,8,105.75,104.1,110.0,102.0,110.0
2023-11,MUN,PB|SOUSA,glp,6,100.0,97.5,101.0,95.0,102.0
2023-11,MUN,PE|ARARIPINA,glp,9,115.0,113.0,116.0,105.0,120.0
2023-11,MUN,PE|ARCOVERDE,glp,9,79.99,79.99,84.992,79.99,85.0
2023-11,MUN,PE|BELO JARDIM,glp,8,83.995,80.0,85.0,80.0,85.0
2023-11,MUN,PE|CABO DE SANTO AGOSTINHO,glp,10,99.87,84.49,99.87,79.99,99.87
2023-11,MUN,PE|CARUARU,glp,13,80.0,75.4,80.0,74.99,90.0
2023-11,MUN,PE|GARANHUNS,glp,7,79.99,79.19,80.0,77.99,80.0
2023-11,MUN,PE|GOIANA,glp,9,100.0,88.8,100.0,84.0,100.0
2023-11,MUN,PE|IGARASSU,glp,8,91.25,86.966,100.0,82.5,100.0
2023-11,MUN,PE|JABOATAO DOS GUARARAPES,glp,15,90.0,84.994,100.0,84.99,100.0
2023-11,MUN,PE|LAJEDO,glp,5,80.0,80.0,80.0,80.0,80.0
2023-11,MUN,PE|OLINDA,glp,14,81.0,77.99,104.0,74.99,120.0
2023-11,MUN,PE|PAULISTA,glp,11,85.0,79.99,90.0,79.99,100.0
2023-11,MUN,PE|PETROLINA,glp,14,102.0,93.0,110.0,89.99,115.0
2023-11,MUN,PE|RECIFE,glp,22,82.495,79.99,89.41,76.99,100.0
2023-11,MUN,PE|SALGUEIRO,glp,6,105.0,95.0,105.0,95.0,105.0
2023-11,MUN,PE|SANTA CRUZ DO CAPIBARIBE,glp,6,95.0,95.0,95.0,95.0,95.0
2023-11,MUN,PE|SERRA TALHADA,glp,7,105.0,99.6,112.0,99.0,115.0
2023-11,MUN,PE|VITORIA DE SANTO ANTAO,glp,9,85.0,83.7,88.0,82.5,100.0
2023-11,MUN,PI|PARNAIBA,glp,10,99.495,93.5,115.0,80.0,115.0
2023-11,MUN,PI|PICOS,glp,8,95.0,88.0,99.993,88.0,100.0
2023-11,MUN,PI|PIRIPIRI,glp,7,109.995,99.996,115.0,99.99,115.0
2023-11,MUN,PI|TERESINA,glp,37,99.0,89.996,100.0,84.99,115.0
2023-11,MUN,PR|APUCARANA,glp,12,92.475,89.909,100.0,89.9,100.0
2023-11,MUN,PR|ARAPONGAS,glp,11,95.0,94.9,99.9,94.9,105.0
2023-11,MUN,PR|ARAUCARIA,glp,13,90.0,89.92,95.0,84.9,96.5
2023-11,MUN,PR|ASSIS CHATEAUBRIAND,glp,8,110.0,109.97,113.0,109.9,113.0
2023-11,MUN,PR|CAMBE,glp,10,100.0,95.0,120.0,95.0,120.0
2023-11,MUN,PR|CAMPO LARGO,glp,12,90.0,85.4,95.0,79.9,97.0
2023-11,MUN,PR|CAMPO MOURAO,glp,8,110.0,103.5,115.0,100.0,115.0
2023-11,MUN,PR|CASCAVEL,glp,18,110.0,99.997,116.5,90.0,120.0
2023-11,MUN,PR|CASTRO,glp,8,104.5,99.4,110.0,98.0,110.0
2023-11,MUN,PR|CIANORTE,glp,10,102.5,99.99,121.99,99.9,139.9
2023-11,MUN,PR|COLOMBO,glp,16,86.75,81.2,92.2,78.0,92.5
2023-11,MUN,PR|CORNELIO PROCOPIO,glp,7,110.0,108.0,112.0,105.0,115.0
2023-11,MUN,PR|CURITIBA,glp,53,91.0,86.1,98.8,80.0,100.0
2023-11,MUN,PR|FOZ DO IGUACU,glp,18,84.995,79.99,100.0,79.9,100.0
2023-11,MUN,PR|FRANCISCO BELTRAO,glp,8,109.95,102.0,116.5,95.0,120.0
2023-11,MUN,PR|GUARAPUAVA,glp,12,105.0,105.0,108.81,105.0,115.0
2023-11,MUN,PR|LONDRINA,glp,21,95.0,90.0,110.0,88.0,120.0
2023-11,MUN,PR|MARECHAL CANDIDO RONDON,glp,1,84.9,84.9,84.9,84.9,84.9
2023-11,MUN,PR|MARINGA,glp,18,117.5,100.0,125.0,99.9,125.0
2023-11,MUN,PR|PALOTINA,glp,1,80.0,80.0,80.0,80.0,80.0
2023-11,MUN,PR|PARANAGUA,glp,9,85.0,79.0,94.99,75.0,94.99
2023-11,MUN,PR|PARANAVAI,glp,8,95.0,79.963,104.5,79.9,115.0
2023-11,MUN,PR|PATO BRANCO,glp,8,117.0,115.0,120.0,115.0,120.0
2023-11,MUN,PR|PINHAIS,glp,10,99.75,89.59,110.0,85.9,110.0
2023-11,MUN,PR|PONTA GROSSA,glp,18,99.95,94.393,105.0,92.99,110.0
2023-11,MUN,PR|QUEDAS DO IGUACU,glp,1,115.0,115.0,115.0,115.0,115.0
2023-11,MUN,PR|SANTO ANTONIO DA PLATINA,glp,8,110.0,107.4,110.3,106.0,111.0
2023-11,MUN,PR|SAO JOSE DOS PINHAIS,glp,21,95.0,89.9,95.0,80.0,100.0
2023-11,MUN,PR|TOLEDO,glp,14,95.0,86.49,116.25,84.9,120.0
2023-11,MUN,PR|UMUARAMA,glp,8,102.5,94.87,108.6,82.9,110.0
2023-11,MUN,PR|UNIAO DA VITORIA,glp,7,102.0,95.36,111.1,89.9,115.0
2023-11,MUN,RJ|ANGRA DOS REIS,glp,9,115.0,114.718,115.0,113.99,115.0
2023-11,MUN,RJ|ARARUAMA,glp,9,79.99,79.99,90.992,79.99,95.0
2023-11,MUN,RJ|BARRA DO PIRAI,glp,7,99.0,94.6,107.76,94.0,111.9
2023-11,MUN,RJ|BARRA MANSA,glp,9,95.9,95.5,100.2,93.9,105.0
2023-11,MUN,RJ|BELFORD ROXO,glp,9,89.0,80.0,95.4,80.0,97.0
2023-11,MUN,RJ|CABO FRIO,glp,9,94.99,81.972,99.99,81.9,99.99
2023-11,MUN,RJ|CAMPOS DOS GOYTACAZES,glp,12,89.995,79.991,94.83,79.99,100.0
2023-11,MUN,RJ|DUQUE DE CAXIAS,glp,20,89.99,84.482,94.99,79.99,99.99
2023-11,MUN,RJ|ITABORAI,glp,14,87.995,87.5,89.346,84.99,94.0
2023-11,MUN,RJ|ITAGUAI,glp,4,122.5,119.35,122.5,118.0,122.5
2023-11,MUN,RJ|ITAPERUNA,glp,9,85.0,85.0,85.0,85.0,85.0
2023-11,MUN,RJ|MACAE,glp,11,123.0,123.0,123.0,123.0,123.0
2023-11,MUN,RJ|MAGE,glp,10,89.45,86.74,89.99,79.99,89.99
2023-11,MUN,RJ|MARICA,glp,9,89.99,87.392,94.0,85.0,98.0
2023-11,MUN,RJ|NILOPOLIS,glp,8,99.995,95.0,101.5,95.0,105.0
2023-11,MUN,RJ|NITEROI,glp,9,88.0,79.19,91.598,75.99,97.99
2023-11,MUN,RJ|NOVA FRIBURGO,glp,9,80.0,74.998,90.4,74.99,92.0
2023-11,MUN,RJ|NOVA IGUACU,glp,19,94.99,78.398,100.0,75.0,100.0
2023-11,MUN,RJ|PETROPOLIS,glp,8,97.5,90.4,100.6,89.0,102.0
2023-11,MUN,RJ|RESENDE,glp,9,110.0,98.99,114.992,94.99,115.0
2023-11,MUN,RJ|RIO BONITO,glp,10,82.99,78.941,88.199,78.5,89.99
2023-11,MUN,RJ|RIO DE JANEIRO,glp,38,94.99,89.693,100.0,83.5,117.0
2023-11,MUN,RJ|SANTO ANTONIO DE PADUA,glp,5,97.0,81.4,108.4,79.0,114.0
2023-11,MUN,RJ|SAO FRANCISCO DE ITABAPOANA,glp,9,96.5,93.552,101.0,88.0,105.0
2023-11,MUN,RJ|SAO GONCALO,glp,20,93.99,90.0,97.991,89.99,115.0
2023-11,MUN,RJ|SAO JOAO DE MERITI,glp,11,84.99,80.0,99.99,80.0,100.0
2023-11,MUN,RJ|SAPUCAIA,glp,2,94.995,90.991,98.999,89.99,100.0
2023-11,MUN,RJ|SAQUAREMA,glp,9,89.99,87.492,96.4,83.5,98.0
2023-11,MUN,RJ|TERESOPOLIS,glp,8,109.45,100.0,118.27,100.0,118.9
2023-11,MUN,RJ|TRES RIOS,glp,10,87.495,84.84,94.991,83.49,95.0
2023-11,MUN,RJ|VALENCA,glp,7,90.0,88.0,94.0,85.0,100.0
2023-11,MUN,RJ|VOLTA REDONDA,glp,12,101.45,95.4,105.854,94.9,107.0
2023-11,MUN,RN|CAICO,glp,8,105.0,105.0,105.0,105.0,105.0
2023-11,MUN,RN|MOSSORO,glp,17,100.0,98.0,115.2,85.0,120.0
2023-11,MUN,RN|NATAL,glp,22,98.0,85.5,110.0,85.0,128.0
2023-11,MUN,RN|PARNAMIRIM,glp,16,105.0,99.0,109.0,95.0,109.0
2023-11,MUN,RO|ARIQUEMES,glp,8,124.0,114.1,127.3,105.0,128.0
2023-11,MUN,RO|CACOAL,glp,10,128.0,128.0,132.0,128.0,132.0
2023-11,MUN,RO|JI-PARANA,glp,12,120.0,115.1,125.9,112.99,126.0
2023-11,MUN,RO|PIMENTA BUENO,glp,5,138.0,133.8,138.0,133.0,138.0
2023-11,MUN,RO|PORTO VELHO,glp,33,110.0,98.4,120.0,95.0,125.0
2023-11,MUN,RO|VILHENA,glp,9,130.0,126.6,135.0,125.0,135.0
2023-11,MUN,RR|BOA VISTA,glp,33,132.0,125.4,138.6,120.0,144.0
2023-11,MUN,RS|ALEGRETE,glp,9,108.0,98.2,111.0,95.0,115.0
2023-11,MUN,RS|ALVORADA,glp,10,93.995,89.999,110.0,89.99,110.0
2023-11,MUN,RS|BAGE,glp,12,118.0,109.1,123.15,109.0,123.5
2023-11,MUN,RS|BENTO GONCALVES,glp,8,120.0,112.2,122.64,108.0,128.8
2023-11,MUN,RS|CACHOEIRA DO SUL,glp,9,95.0,88.0,100.0,88.0,100.0
2023-11,MUN,RS|CACHOEIRINHA,glp,8,99.95,97.997,105.0,97.99,105.0
2023-11,MUN,RS|CANOAS,glp,21,100.0,95.0,105.0,94.0,105.0
2023-11,MUN,RS|CAXIAS DO SUL,glp,19,99.99,99.9,111.86,99.0,119.7
2023-11,MUN,RS|CRUZ ALTA,glp,8,68.9,67.0,73.52,67.0,79.4
2023-11,MUN,RS|ERECHIM,glp,11,123.0,120.0,130.0,120.0,130.0
2023-11,MUN,RS|ESTEIO,glp,8,100.0,97.1,105.285,95.0,105.95
2023-11,MUN,RS|FARROUPILHA,glp,1,120.0,120.0,120.0,120.0,120.0
2023-11,MUN,RS|GRAMADO,glp,7,115.0,108.96,120.0,102.9,120.0
2023-11,MUN,RS|GRAVATAI,glp,13,99.99,95.6,103.8,95.0,108.0
2023-11,MUN,RS|GUAIBA,glp,8,97.5,89.9,104.37,89.9,109.9
2023-11,MUN,RS|IJUI,glp,7,120.0,104.0,120.0,95.0,120.0
2023-11,MUN,RS|LAJEADO,glp,9,99.9,98.2,113.8,95.0,117.0
2023-11,MUN,RS|NOVO HAMBURGO,glp,12,96.0,93.0,98.0,92.0,100.0
2023-11,MUN,RS|OSORIO,glp,8,97.0,94.99,99.9,94.99,99.9
2023-11,MUN,RS|PASSO FUNDO,glp,19,110.0,107.9,113.0,105.0,113.0
2023-11,MUN,RS|PELOTAS,glp,20,101.875,98.0,108.0,98.0,110.0
2023-11,MUN,RS|PORTO ALEGRE,glp,23,105.0,100.4,111.6,99.9,119.9
2023-11,MUN,RS|RIO GRANDE,glp,16,128.5,120.0,130.0,112.5,132.0
2023-11,MUN,RS|SANTA CRUZ DO SUL,glp,14,95.0,92.65,99.7,91.5,108.0
2023-11,MUN,RS|SANTA MARIA,glp,22,102.0,99.91,115.9,98.0,129.9
2023-11,MUN,RS|SANTA ROSA,glp,8,105.0,105.0,107.0,105.0,107.0
2023-11,MUN,RS|SANTANA DO LIVRAMENTO,glp,8,115.0,100.0,120.0,100.0,120.0
2023-11,MUN,RS|SANTO ANGELO,glp,8,117.5,93.463,126.2,89.9,129.0
2023-11,MUN,RS|SAO GABRIEL,glp,9,112.0,110.0,115.0,110.0,115.0
2023-11,MUN,RS|SAO LEOPOLDO,glp,9,95.0,92.0,100.792,88.0,104.0
2023-11,MUN,RS|SAO LUIZ GONZAGA,glp,9,100.0,99.798,112.0,98.99,120.0
2023-11,MUN,RS|SAPIRANGA,glp,8,107.5,97.9,110.0,93.0,110.0
2023-11,MUN,RS|SAPUCAIA DO SUL,glp,10,99.5,97.95,104.0,97.5,104.0
2023-11,MUN,RS|TORRES,glp,6,112.495,109.95,115.0,109.9,115.0
2023-11,MUN,RS|URUGUAIANA,glp,8,117.5,108.5,126.25,105.0,135.0
2023-11,MUN,RS|VACARIA,glp,8,106.0,99.99,110.0,99.99,110.0
2023-11,MUN,RS|VIAMAO,glp,13,100.0,93.4,110.0,92.9,124.0
2023-11,MUN,SC|ARARANGUA,glp,6,102.5,100.0,105.0,100.0,105.0
2023-11,MUN,SC|BALNEARIO CAMBORIU,glp,7,116.99,110.0,122.694,110.0,129.0
2023-11,MUN,SC|BIGUACU,glp,9,118.0,115.798,125.0,114.99,125.0
2023-11,MUN,SC|BLUMENAU,glp,10,99.995,95.0,124.9,95.0,124.9
2023-11,MUN,SC|BRUSQUE,glp,6,120.0,118.0,121.95,118.0,123.0
2023-11,MUN,SC|CACADOR,glp,9,113.0,104.0,127.0,80.0,135.0
2023-11,MUN,SC|CHAPECO,glp,13,128.0,122.0,134.6,121.0,135.0
2023-11,MUN,SC|CONCORDIA,glp,9,110.0,104.0,115.8,100.0,119.0
2023-11,MUN,SC|CRICIUMA,glp,9,110.0,110.0,115.52,110.0,118.0
2023-11,MUN,SC|FLORIANOPOLIS,glp,9,117.0,110.0,121.0,110.0,125.0
2023-11,MUN,SC|GASPAR,glp,1,124.9,124.9,124.9,124.9,124.9
2023-11,MUN,SC|ITAJAI,glp,18,112.495,100.0,123.4,100.0,129.0
2023-11,MUN,SC|JARAGUA DO SUL,glp,10,99.9,98.99,104.091,98.9,105.0
2023-11,MUN,SC|JOINVILLE,glp,12,115.0,115.0,122.7,115.0,126.0
2023-11,MUN,SC|LAGES,glp,8,112.0,105.6,121.5,100.0,125.0
2023-11,MUN,SC|LAGUNA,glp,8,102.495,93.5,111.5,90.0,115.0
2023-11,MUN,SC|MAFRA,glp,9,120.0,115.0,120.0,115.0,120.0
2023-11,MUN,SC|PALHOCA,glp,10,116.0,111.6,125.499,108.0,129.99
2023-11,MUN,SC|SAO JOSE,glp,12,118.0,106.7,120.0,102.0,122.0
2023-11,MUN,SC|TUBARAO,glp,8,110.0,90.0,111.5,90.0,115.0
2023-11,MUN,SC|VIDEIRA,glp,8,117.5,110.0,123.0,110.0,130.0
2023-11,MUN,SC|XANXERE,glp,6,115.0,105.0,120.0,105.0,120.0
2023-11,MUN,SE|ARACAJU,glp,22,95.95,90.49,104.9,87.99,110.0
2023-11,MUN,SE|ITABAIANA,glp,8,102.5,98.5,105.0,95.0,105.0
2023-11,MUN,SE|LAGARTO,glp,8,105.0,99.243,105.0,97.5,105.0
2023-11,MUN,SE|NOSSA SENHORA DO SOCORRO,glp,12,93.25,89.991,95.0,88.0,96.9
2023-11,MUN,SP|ADAMANTINA,glp,7,93.0,85.394,100.0,83.0,100.0
2023-11,MUN,SP|AMERICANA,glp,11,99.99,96.99,105.0,96.99,110.0
2023-11,MUN,SP|AMPARO,glp,8,110.0,109.4,112.4,108.0,118.0
2023-11,MUN,SP|ARACATUBA,glp,20,89.99,85.69,95.0,82.99,95.0
2023-11,MUN,SP|ARARAQUARA,glp,17,106.5,99.996,113.0,89.99,113.0
2023-11,MUN,SP|ARARAS,glp,8,96.0,95.697,97.8,94.99,102.0
2023-11,MUN,SP|ASSIS,glp,11,89.9,89.9,105.0,89.9,105.0
2023-11,MUN,SP|ATIBAIA,glp,11,100.0,95.0,120.0,92.0,120.0
2023-11,MUN,SP|AVARE,glp,10,85.0,84.491,91.0,80.0,100.0
2023-11,MUN,SP|BARRETOS,glp,7,110.0,108.0,112.0,105.0,115.0
2023-11,MUN,SP|BARUERI,glp,12,97.99,89.99,107.391,89.99,110.0
2023-11,MUN,SP|BAURU,glp,18,98.0,84.997,100.0,84.99,110.0
2023-11,MUN,SP|BEBEDOURO,glp,9,100.0,99.9,111.0,99.9,115.0
2023-11,MUN,SP|BIRIGUI,glp,13,95.0,90.0,105.0,90.0,105.0
2023-11,MUN,SP|BOTUCATU,glp,10,100.0,80.0,105.5,80.0,110.0
2023-11,MUN,SP|BRAGANCA PAULISTA,glp,12,100.0,99.909,106.791,95.0,109.9
2023-11,MUN,SP|CACAPAVA,glp,8,94.99,87.79,99.993,84.99,100.0
2023-11,MUN,SP|CAMPINAS,glp,22,99.99,95.4,99.999,84.99,114.99
2023-11,MUN,SP|CARAGUATATUBA,glp,9,100.0,98.718,101.0,97.99,105.0
2023-11,MUN,SP|CARAPICUIBA,glp,16,96.5,91.995,99.995,89.99,105.0
2023-11,MUN,SP|CATANDUVA,glp,10,110.0,109.5,110.0,105.0,110.0
2023-11,MUN,SP|COSMOPOLIS,glp,8,84.99,84.99,91.5,84.99,95.0
2023-11,MUN,SP|COTIA,glp,4,114.748,102.842,120.0,99.99,120.0
2023-11,MUN,SP|CRUZEIRO,glp,8,87.495,79.99,95.0,79.99,95.0
2023-11,MUN,SP|CUBATAO,glp,10,110.5,99.99,125.0,99.99,125.0
2023-11,MUN,SP|DIADEMA,glp,10,104.49,89.99,131.5,89.99,131.5
2023-11,MUN,SP|DRACENA,glp,8,109.0,97.85,110.0,97.5,110.0
2023-11,MUN,SP|ELISIARIO,glp,1,93.0,93.0,93.0,93.0,93.0
2023-11,MUN,SP|EMBU DAS ARTES,glp,12,99.995,86.39,109.99,84.99,109.99
2023-11,MUN,SP|FRANCA,glp,17,100.0,92.99,107.667,89.99,115.0
2023-11,MUN,SP|GARCA,glp,9,95.0,89.98,100.0,89.9,100.0
2023-11,MUN,SP|GUARATINGUETA,glp,7,94.9,81.4,97.0,76.0,100.0
2023-11,MUN,SP|GUARUJA,glp,10,114.995,110.0,118.191,110.0,120.0
2023-11,MUN,SP|GUARULHOS,glp,16,94.99,84.492,99.99,80.0,105.0
2023-11,MUN,SP|HORTOLANDIA,glp,11,89.99,84.99,104.99,84.99,110.0
2023-11,MUN,SP|IBITINGA,glp,9,90.0,89.998,107.6,89.99,110.0
2023-11,MUN,SP|INDAIATUBA,glp,8,106.748,102.1,110.0,100.0,110.0
2023-11,MUN,SP|ITANHAEM,glp,9,108.0,99.972,109.6,99.9,110.0
2023-11,MUN,SP|ITAPECERICA DA SERRA,glp,7,99.99,93.89,99.99,89.99,99.99
2023-11,MUN,SP|ITAPETININGA,glp,7,110.0,109.0,112.0,109.0,115.0
2023-11,MUN,SP|ITAPEVA,glp,8,112.5,108.486,120.0,105.0,120.0
2023-11,MUN,SP|ITAPIRA,glp,7,95.7,89.996,103.8,89.99,105.0
2023-11,MUN,SP|ITAPOLIS,glp,8,108.0,105.0,115.0,105.0,115.0
2023-11,MUN,SP|ITAQUAQUECETUBA,glp,15,84.99,84.99,89.99,79.99,89.99
2023-11,MUN,SP|ITATIBA,glp,8,100.0,98.5,100.0,95.0,100.0
2023-11,MUN,SP|ITU,glp,6,105.0,102.5,111.5,100.0,113.0
2023-11,MUN,SP|JABOTICABAL,glp,8,100.0,95.0,107.893,95.0,110.0
2023-11,MUN,SP|JACAREI,glp,12,89.998,87.2,99.9,85.0,115.0
2023-11,MUN,SP|JALES,glp,10,90.0,89.891,90.595,89.0,95.95
2023-11,MUN,SP|JAU,glp,10,114.0,109.99,114.1,109.9,115.0
2023-11,MUN,SP|JOSE BONIFACIO,glp,8,96.0,90.0,100.0,90.0,100.0
2023-11,MUN,SP|JUNDIAI,glp,11,105.0,95.99,110.0,90.0,115.0
2023-11,MUN,SP|LEME,glp,8,94.5,89.4,106.9,88.0,123.0
2023-11,MUN,SP|LIMEIRA,glp,11,100.0,89.99,100.0,89.99,105.0
2023-11,MUN,SP|LINS,glp,7,89.99,79.954,100.0,79.9,100.0
2023-11,MUN,SP|LORENA,glp,8,79.995,69.994,96.5,69.99,100.0
2023-11,MUN,SP|MARILIA,glp,9,115.0,111.6,116.0,110.0,120.0
2023-11,MUN,SP|MATAO,glp,10,99.995,97.494,100.0,97.49,100.0
2023-11,MUN,SP|MAUA,glp,12,102.495,79.99,110.0,79.99,110.0
2023-11,MUN,SP|MIRASSOL,glp,8,97.495,94.1,110.0,92.0,110.0
2023-11,MUN,SP|MOCOCA,glp,7,105.0,99.194,110.0,98.0,110.0
2023-11,MUN,SP|MOGI DAS CRUZES,glp,10,97.45,88.99,99.99,79.99,99.99
2023-11,MUN,SP|MOGI GUACU,glp,8,93.0,89.99,99.99,89.99,99.99
2023-11,MUN,SP|MOGI MIRIM,glp,8,92.495,88.697,95.0,87.99,95.0
2023-11,MUN,SP|MONTE ALTO,glp,9,100.0,99.0,100.0,95.0,100.0
2023-11,MUN,SP|OLIMPIA,glp,9,85.0,85.0,88.4,85.0,90.0
2023-11,MUN,SP|OSASCO,glp,8,98.995,91.99,106.497,84.99,109.99
2023-11,MUN,SP|OURINHOS,glp,10,99.0,89.99,108.1,89.9,109.0
2023-11,MUN,SP|PARAGUACU PAULISTA,glp,8,110.0,100.5,113.6,90.0,115.0
2023-11,MUN,SP|PAULINIA,glp,8,100.0,99.99,103.0,99.99,110.0
2023-11,MUN,SP|PINDAMONHANGABA,glp,10,100.0,94.49,100.5,89.9,105.0
2023-11,MUN,SP|PIRACICABA,glp,16,104.5,89.995,115.0,87.99,115.0
2023-11,MUN,SP|PIRASSUNUNGA,glp,8,93.95,84.97,105.0,84.9,105.0
2023-11,MUN,SP|POA,glp,9,94.99,88.99,95.998,84.99,99.99
2023-11,MUN,SP|PORTO FERREIRA,glp,8,95.0,92.793,106.0,90.0,120.0
2023-11,MUN,SP|PRAIA GRANDE,glp,13,103.0,99.99,107.4,99.99,109.5
2023-11,MUN,SP|PRESIDENTE PRUDENTE,glp,16,102.0,89.99,110.0,89.9,110.0
2023-11,MUN,SP|PRESIDENTE VENCESLAU,glp,9,106.0,98.3,108.4,91.5,110.0
2023-11,MUN,SP|RIBEIRAO PIRES,glp,9,89.99,89.72,101.0,89.0,105.0
2023-11,MUN,SP|RIBEIRAO PRETO,glp,17,100.0,89.99,110.39,84.99,113.9
2023-11,MUN,SP|RIO CLARO,glp,7,100.0,87.99,100.0,84.99,100.0
2023-11,MUN,SP|SALTO,glp,3,99.9,91.972,103.98,89.99,105.0
2023-11,MUN,SP|SANTA BARBARA D'OESTE,glp,13,99.99,94.992,100.392,85.0,100.99
2023-11,MUN,SP|SANTA CRUZ DO RIO PARDO,glp,8,103.995,99.9,110.1,99.9,115.0
2023-11,MUN,SP|SANTO ANDRE,glp,12,99.995,95.0,114.49,94.99,115.99
2023-11,MUN,SP|SANTOS,glp,13,112.0,106.318,119.41,100.0,122.0
2023-11,MUN,SP|SAO BERNARDO DO CAMPO,glp,6,104.49,94.0,118.25,93.0,126.5
2023-11,MUN,SP|SAO CAETANO DO SUL,glp,6,99.99,99.99,110.0,99.99,115.0
2023-11,MUN,SP|SAO CARLOS,glp,19,113.0,106.998,116.0,105.0,123.0
2023-11,MUN,SP|SAO JOAO DA BOA VISTA,glp,8,100.0,100.0,100.0,100.0,100.0
2023-11,MUN,SP|SAO JOSE DO RIO PRETO,glp,30,109.5,95.0,120.0,93.0,120.0
2023-11,MUN,SP|SAO JOSE DOS CAMPOS,glp,20,97.495,79.99,114.99,79.99,117.0
2023-11,MUN,SP|SAO PAULO,glp,63,104.99,95.2,117.99,79.99,124.0
2023-11,MUN,SP|SAO ROQUE,glp,8,94.995,84.99,101.2,84.99,104.0
2023-11,MUN,SP|SAO VICENTE,glp,15,104.0,98.76,109.9,94.0,110.0
2023-11,MUN,SP|SERTAOZINHO,glp,14,89.99,88.993,94.03,87.0,94.99
2023-11,MUN,SP|SOROCABA,glp,21,100.0,94.99,113.0,93.99,115.0
2023-11,MUN,SP|SUMARE,glp,13,95.0,84.992,120.0,84.99,120.0
2023-11,MUN,SP|SUZANO,glp,15,89.99,83.996,102.99,77.99,115.0
2023-11,MUN,SP|TABOAO DA SERRA,glp,8,94.0,88.49,102.99,84.99,109.99
2023-11,MUN,SP|TATUI,glp,9,102.5,99.998,106.5,99.99,112.5
2023-11,MUN,SP|TAUBATE,glp,13,90.0,79.99,95.8,78.0,98.0
2023-11,MUN,SP|TUPA,glp,6,100.0,95.0,107.5,95.0,115.0
2023-11,MUN,SP|UBATUBA,glp,13,95.0,81.36,113.0,79.95,115.0
2023-11,MUN,SP|VALINHOS,glp,10,99.9,93.99,109.991,93.99,110.0
2023-11,MUN,SP|VARZEA PAULISTA,glp,8,95.495,88.797,106.6,85.99,108.0
2023-11,MUN,SP|VINHEDO,glp,8,99.99,95.6,104.27,90.0,104.9
2023-11,MUN,SP|VOTORANTIM,glp,9,105.0,100.0,110.0,100.0,110.0
2023-11,MUN,SP|VOTUPORANGA,glp,13,98.0,85.0,99.9,85.0,100.0
2023-11,MUN,TO|ARAGUAINA,glp,17,120.0,115.0,120.0,115.0,125.0
2023-11,MUN,TO|GURUPI,glp,12,115.0,113.2,120.0,108.0,125.0
2023-11,MUN,TO|PALMAS,glp,19,120.0,115.0,127.0,110.0,130.0
2023-11,MUN,TO|PARAISO DO TOCANTINS,glp,8,120.0,120.0,121.5,120.0,125.0
2023-11,MUN,TO|PORTO NACIONAL,glp,9,110.0,110.0,115.5,110.0,117.5
2023-11,UF,AC,glp,47,115.0,106.2,123.8,100.0,127.0
2023-11,UF,AL,glp,60,90.0,84.999,100.25,75.0,110.0
2023-11,UF,AM,glp,122,125.0,118.0,135.0,115.0,154.0
2023-11,UF,AP,glp,31,108.4,100.0,120.0,98.0,120.0
2023-11,UF,BA,glp,291,105.0,92.0,120.0,75.0,147.0
2023-11,UF,CE,glp,128,100.0,91.69,109.0,84.99,120.0
2023-11,UF,DF,glp,49,94.99,89.99,99.99,84.99,119.99
2023-11,UF,ES,glp,132,96.495,85.0,105.0,76.5,115.0
2023-11,UF,GO,glp,264,100.0,89.99,115.0,78.99,135.0
2023-11,UF,MA,glp,140,100.0,94.99,120.0,85.0,125.0
2023-11,UF,MG,glp,603,100.0,85.0,115.0,69.99,130.0
2023-11,UF,MS,glp,97,110.0,97.2,125.0,88.0,135.0
2023-11,UF,MT,glp,119,115.0,89.9,140.0,84.99,145.0
2023-11,UF,PA,glp,167,105.0,92.99,130.0,79.0,144.0
2023-11,UF,PB,glp,79,105.0,89.8,110.0,79.99,120.0
2023-11,UF,PE,glp,182,85.0,79.99,105.0,74.99,120.0
2023-11,UF,PI,glp,62,99.495,89.991,109.994,80.0,115.0
2023-11,UF,PR,glp,377,98.0,85.0,115.0,75.0,139.9
2023-11,UF,RJ,glp,344,91.99,80.0,111.33,74.99,123.0
2023-11,UF,RN,glp,63,100.0,95.0,110.0,85.0,128.0
2023-11,UF,RO,glp,77,120.0,106.0,132.5,95.0,138.0
2023-11,UF,RR,glp,33,132.0,125.4,138.6,120.0,144.0
2023-11,UF,RS,glp,406,104.95,95.0,120.0,67.0,135.0
2023-11,UF,SC,glp,197,115.0,100.0,125.0,80.0,135.0
2023-11,UF,SE,glp,50,96.9,90.0,105.0,87.99,110.0
2023-11,UF,SP,glp,1195,99.99,88.0,113.0,69.99,131.5
2023-11,UF,TO,glp,65,120.0,110.0,125.0,108.0,130.0
2023-12,BR,BR,glp,5298,100.0,85.0,120.0,67.0,154.0
2023-12,MUN,AC|CRUZEIRO DO SUL,glp,10,119.0,118.0,122.3,118.0,125.0
2023-12,MUN,AC|RIO BRANCO,glp,36,112.0,107.0,124.0,100.0,127.0
2023-12,MUN,AL|ARAPIRACA,glp,9,81.99,78.5,93.0,78.5,105.0
2023-12,MUN,AL|DELMIRO GOUVEIA,glp,5,95.0,92.0,95.6,90.0,96.0
2023-12,MUN,AL|MACEIO,glp,34,95.0,88.0,103.5,84.99,105.0
2023-12,MUN,AL|PALMEIRA DOS INDIOS,glp,6,82.5,79.995,89.99,79.99,89.99
2023-12,MUN,AL|RIO LARGO,glp,8,91.25,89.997,93.25,89.99,95.0
2023-12,MUN,AM|ITACOATIARA,glp,12,129.25,122.5,135.0,121.99,136.0
2023-12,MUN,AM|MANACAPURU,glp,9,135.0,125.0,145.0,125.0,145.0
2023-12,MUN,AM|MANAUS,glp,87,125.0,115.0,130.0,113.0,142.5
2023-12,MUN,AM|PARINTINS,glp,10,125.0,125.0,127.5,125.0,150.0
2023-12,MUN,AM|TEFE,glp,4,152.0,150.0,154.0,150.0,154.0
2023-12,MUN,AP|MACAPA,glp,19,112.0,105.0,120.0,103.0,120.0
2023-12,MUN,AP|SANTANA,glp,15,100.0,98.4,118.8,95.0,120.0
2023-12,MUN,BA|AGUA FRIA,glp,1,120.0,120.0,120.0,120.0,120.0
2023-12,MUN,BA|ALAGOINHAS,glp,10,99.992,99.99,112.2,99.99,114.0
2023-12,MUN,BA|BARREIRAS,glp,9,135.0,130.0,135.0,130.0,135.0
2023-12,MUN,BA|BRUMADO,glp,5,105.0,97.9,108.0,96.5,110.0
2023-12,MUN,BA|CAETITE,glp,8,99.0,95.0,100.0,95.0,100.0
2023-12,MUN,BA|CAMACARI,glp,11,110.0,105.0,115.0,105.0,115.0
2023-12,MUN,BA|EUNAPOLIS,glp,7,110.0,105.598,110.0,104.995,110.0
2023-12,MUN,BA|FEIRA DE SANTANA,glp,12,95.0,88.4,100.0,88.0,100.0
2023-12,MUN,BA|GUANAMBI,glp,10,100.0,100.0,110.0,100.0,110.0
2023-12,MUN,BA|ILHEUS,glp,9,120.0,117.0,131.0,115.0,147.0
2023-12,MUN,BA|IPIRA,glp,5,92.0,89.99,105.2,89.99,114.0
2023-12,MUN,BA|IRECE,glp,9,110.0,105.0,110.0,105.0,110.0
2023-12,MUN,BA|ITABUNA,glp,10,105.0,90.0,110.0,90.0,110.0
2023-12,MUN,BA|ITAMARAJU,glp,9,110.0,95.0,110.0,95.0,110.0
2023-12,MUN,BA|JACOBINA,glp,6,120.0,120.0,121.0,120.0,122.0
2023-12,MUN,BA|JAGUAQUARA,glp,8,110.0,103.5,110.0,100.0,110.0
2023-12,MUN,BA|JEQUIE,glp,10,85.5,84.5,90.2,79.995,92.0
2023-12,MUN,BA|JUAZEIRO,glp,7,110.0,101.5,110.0,100.0,110.0
2023-12,MUN,BA|LAURO DE FREITAS,glp,12,109.0,99.1,114.6,93.99,115.0
2023-12,MUN,BA|LIVRAMENTO DE NOSSA SENHORA,glp,8,105.0,103.5,110.0,100.0,110.0
2023-12,MUN,BA|PAULO AFONSO,glp,9,95.0,84.0,98.0,84.0,98.0
2023-12,MUN,BA|POCOES,glp,8,98.0,93.5,105.0,90.0,105.0
2023-12,MUN,BA|PORTO SEGURO,glp,9,100.0,94.8,112.0,94.0,120.0
2023-12,MUN,BA|SALVADOR,glp,40,105.0,94.744,115.099,89.99,121.99
2023-12,MUN,BA|SANTO ANTONIO DE JESUS,glp,9,100.0,97.0,102.6,95.0,103.0
2023-12,MUN,BA|SENHOR DO BONFIM,glp,4,115.0,113.25,115.0,112.5,115.0
2023-12,MUN,BA|SERRINHA,glp,7,120.0,110.0,120.0,110.0,120.0
2023-12,MUN,BA|SIMOES FILHO,glp,8,100.748,90.0,118.0,90.0,125.0
2023-12,MUN,BA|TEIXEIRA DE FREITAS,glp,11,82.99,75.0,100.0,74.495,100.0
2023-12,MUN,BA|VALENCA,glp,8,113.75,110.0,115.0,110.0,115.0
2023-12,MUN,BA|VITORIA DA CONQUISTA,glp,12,105.0,95.491,115.0,94.99,115.0
2023-12,MUN,CE|CANINDE,glp,4,98.0,98.0,99.4,98.0,100.0
2023-12,MUN,CE|CAUCAIA,glp,13,100.0,86.992,109.2,84.99,117.0
2023-12,MUN,CE|CRATEUS,glp,6,98.5,92.5,107.5,90.0,110.0
2023-12,MUN,CE|CRATO,glp,8,103.0,100.593,103.0,95.0,103.0
2023-12,MUN,CE|FORTALEZA,glp,35,95.0,89.99,105.0,84.99,122.0
2023-12,MUN,CE|ICO,glp,5,105.0,97.0,111.2,95.0,112.0
2023-12,MUN,CE|IGUATU,glp,8,100.0,97.6,100.946,95.5,102.0
2023-12,MUN,CE|ITAPIPOCA,glp,8,102.5,93.5,111.5,90.0,115.0
2023-12,MUN,CE|JUAZEIRO DO NORTE,glp,14,103.0,103.0,103.0,98.0,115.0
2023-12,MUN,CE|LIMOEIRO DO NORTE,glp,7,100.0,95.0,103.0,95.0,107.5
2023-12,MUN,CE|MARACANAU,glp,9,100.0,93.998,101.0,89.99,105.0
2023-12,MUN,CE|QUIXADA,glp,8,94.995,85.99,95.9,85.99,98.0
2023-12,MUN,CE|SOBRAL,glp,6,107.0,93.0,109.0,93.0,109.0
2023-12,MUN,DF|BRASILIA,glp,48,94.99,86.743,99.99,79.99,119.99
2023-12,MUN,ES|ARACRUZ,glp,10,100.0,100.0,100.25,100.0,102.5
2023-12,MUN,ES|CACHOEIRO DE ITAPEMIRIM,glp,11,100.0,89.99,100.0,89.99,105.0
2023-12,MUN,ES|CARIACICA,glp,18,80.0,79.393,100.0,74.995,100.0
2023-12,MUN,ES|COLATINA,glp,6,95.0,80.0,102.5,75.0,105.0
2023-12,MUN,ES|GUARAPARI,glp,12,89.995,84.991,100.0,84.99,110.0
2023-12,MUN,ES|LINHARES,glp,18,108.75,105.0,115.0,100.0,115.0
2023-12,MUN,ES|SAO MATEUS,glp,12,99.99,95.0,100.0,95.0,100.0
2023-12,MUN,ES|SERRA,glp,20,89.99,84.5,100.0,79.995,100.0
2023-12,MUN,ES|VILA VELHA,glp,20,100.0,89.999,100.25,89.99,102.5
2023-12,MUN,ES|VITORIA,glp,9,95.0,88.992,105.0,85.0,105.0
2023-12,MUN,GO|AGUAS LINDAS DE GOIAS,glp,20,89.992,84.69,95.0,81.99,95.0
2023-12,MUN,GO|ANAPOLIS,glp,25,100.0,100.0,100.0,95.0,110.0
2023-12,MUN,GO|APARECIDA DE GOIANIA,glp,31,98.0,92.5,107.5,74.99,110.0
2023-12,MUN,GO|CALDAS NOVAS,glp,13,110.0,100.0,110.0,99.995,110.0
2023-12,MUN,GO|CATALAO,glp,9,105.0,99.8,110.0,99.0,110.0
2023-12,MUN,GO|FORMOSA,glp,10,103.75,97.25,115.3,95.0,118.0
2023-12,MUN,GO|GOIANIA,glp,42,100.0,90.0,110.0,80.0,130.0
2023-12,MUN,GO|GOIATUBA,glp,7,120.0,111.0,122.0,105.0,125.0
2023-12,MUN,GO|ITUMBIARA,glp,10,110.0,104.9,120.0,104.0,120.0
2023-12,MUN,GO|JATAI,glp,9,115.0,115.0,123.0,115.0,135.0
2023-12,MUN,GO|LUZIANIA,glp,14,93.99,89.99,97.1,88.99,100.0
2023-12,MUN,GO|MINEIROS,glp,8,113.0,108.5,113.6,105.0,115.0
2023-12,MUN,GO|MORRINHOS,glp,7,95.0,93.8,100.0,92.0,100.0
2023-12,MUN,GO|PORANGATU,glp,8,110.0,108.5,116.5,105.0,120.0
2023-12,MUN,GO|RIO VERDE,glp,14,110.0,100.0,115.0,87.45,115.0
2023-12,MUN,GO|TRINDADE,glp,23,95.0,89.99,100.0,87.49,100.0
2023-12,MUN,GO|VALPARAISO DE GOIAS,glp,11,85.0,79.99,99.99,78.99,100.0
2023-12,MUN,MA|ACAILANDIA,glp,9,100.0,95.0,101.0,95.0,105.0
2023-12,MUN,MA|BACABAL,glp,8,108.0,108.0,110.1,108.0,115.0
2023-12,MUN,MA|BALSAS,glp,7,120.0,119.2,122.0,118.0,125.0
2023-12,MUN,MA|BARRA DO CORDA,glp,9,110.0,110.0,110.0,110.0,110.0
2023-12,MUN,MA|CAXIAS,glp,11,97.5,92.495,110.0,89.99,110.0
2023-12,MUN,MA|CODO,glp,8,110.0,110.0,110.0,110.0,110.0
2023-12,MUN,MA|IMPERATRIZ,glp,16,100.0,99.99,100.0,95.0,100.0
2023-12,MUN,MA|PINHEIRO,glp,8,120.0,118.2,120.0,114.0,120.0
2023-12,MUN,MA|PRESIDENTE DUTRA,glp,5,110.0,107.0,111.8,105.0,113.0
2023-12,MUN,MA|SANTA INES,glp,8,120.0,120.0,120.897,120.0,122.99
2023-12,MUN,MA|SAO JOSE DE RIBAMAR,glp,15,95.0,94.99,95.0,94.99,95.0
2023-12,MUN,MA|SAO LUIS,glp,40,95.0,89.999,95.499,85.0,114.99
2023-12,MUN,MG|ALFENAS,glp,8,95.0,83.49,100.0,79.99,100.0
2023-12,MUN,MG|ARAGUARI,glp,8,100.25,98.5,110.0,95.0,110.0
2023-12,MUN,MG|ARAXA,glp,7,88.0,85.8,106.0,84.0,130.0
2023-12,MUN,MG|BARBACENA,glp,8,95.0,89.387,96.5,87.98,100.0
2023-12,MUN,MG|BELO HORIZONTE,glp,32,99.935,85.499,118.6,84.99,129.0
2023-12,MUN,MG|BETIM,glp,18,105.5,89.67,107.0,82.0,110.0
2023-12,MUN,MG|BOM DESPACHO,glp,8,98.725,93.5,116.5,90.0,120.0
2023-12,MUN,MG|CAMPO BELO,glp,8,110.0,110.0,111.5,110.0,115.0
2023-12,MUN,MG|CARATINGA,glp,8,105.0,99.997,122.97,99.99,129.9
2023-12,MUN,MG|CONGONHAS,glp,9,103.0,93.99,107.6,89.99,110.0
2023-12,MUN,MG|CONSELHEIRO LAFAIETE,glp,9,88.0,86.4,95.392,80.0,105.0
2023-12,MUN,MG|CONTAGEM,glp,23,110.0,89.0,110.0,85.0,115.0
2023-12,MUN,MG|CORONEL FABRICIANO,glp,10,118.0,108.98,119.1,99.8,120.0
2023-12,MUN,MG|CURVELO,glp,8,90.0,79.4,100.0,78.0,100.0
2023-12,MUN,MG|DIVINOPOLIS,glp,12,95.0,90.49,113.5,75.0,115.0
2023-12,MUN,MG|FORMIGA,glp,8,100.0,95.0,106.5,95.0,110.0
2023-12,MUN,MG|FRUTAL,glp,2,89.99,89.99,89.99,89.99,89.99
2023-12,MUN,MG|GOVERNADOR VALADARES,glp,15,112.0,110.0,120.0,100.0,130.0
2023-12,MUN,MG|GUAXUPE,glp,8,82.45,77.73,85.0,75.0,85.0
2023-12,MUN,MG|IPATINGA,glp,10,103.0,94.0,110.3,85.0,113.0
2023-12,MUN,MG|ITABIRA,glp,6,114.0,107.0,125.0,107.0,125.0
2023-12,MUN,MG|ITAJUBA,glp,9,90.0,79.998,117.0,79.99,125.0
2023-12,MUN,MG|ITAUNA,glp,10,104.5,95.9,108.35,95.0,125.0
2023-12,MUN,MG|ITUIUTABA,glp,9,90.0,87.4,95.6,85.0,98.0
2023-12,MUN,MG|JANAUBA,glp,8,105.0,105.0,105.0,105.0,105.0
2023-12,MUN,MG|JANUARIA,glp,9,118.0,115.0,120.0,115.0,120.0
2023-12,MUN,MG|JOAO MONLEVADE,glp,8,102.5,98.5,106.2,95.0,109.0
2023-12,MUN,MG|JOAO PINHEIRO,glp,10,110.0,105.0,116.0,105.0,125.0
2023-12,MUN,MG|JUIZ DE FORA,glp,19,80.0,77.39,93.398,74.99,99.99
2023-12,MUN,MG|LAVRAS,glp,8,99.95,95.0,100.0,95.0,100.0
2023-12,MUN,MG|LEOPOLDINA,glp,8,100.0,92.75,104.5,87.5,115.0
2023-12,MUN,MG|MANHUACU,glp,7,100.0,99.96,110.0,99.9,110.0
2023-12,MUN,MG|MONTE CARMELO,glp,9,90.0,90.0,96.0,90.0,100.0
2023-12,MUN,MG|MONTES CLAROS,glp,32,109.95,94.99,112.16,90.0,130.0
2023-12,MUN,MG|MURIAE,glp,7,99.99,90.0,106.097,90.0,113.0
2023-12,MUN,MG|NOVA LIMA,glp,8,103.0,97.6,109.3,92.0,110.0
2023-12,MUN,MG|OLIVEIRA,glp,7,105.0,101.4,107.0,99.0,110.0
2023-12,MUN,MG|OURO PRETO,glp,5,105.0,81.94,110.0,79.9,110.0
2023-12,MUN,MG|PARA DE MINAS,glp,8,99.5,91.75,112.07,90.0,116.9
2023-12,MUN,MG|PARACATU,glp,9,95.0,94.6,103.0,93.0,115.0
2023-12,MUN,MG|PASSOS,glp,7,85.0,78.0,87.0,75.0,90.0
2023-12,MUN,MG|PATOS DE MINAS,glp,12,97.5,85.5,115.75,80.0,120.0
2023-12,MUN,MG|PATROCINIO,glp,8,90.0,90.0,100.0,90.0,100.0
2023-12,MUN,MG|POCOS DE CALDAS,glp,9,107.99,107.392,111.6,105.0,118.0
2023-12,MUN,MG|POUSO ALEGRE,glp,13,90.0,82.98,99.6,69.99,115.0
2023-12,MUN,MG|SABARA,glp,9,100.0,89.0,119.4,85.0,127.0
2023-12,MUN,MG|SAO JOAO DEL REI,glp,5,96.0,86.0,99.2,80.0,100.0
2023-12,MUN,MG|SAO SEBASTIAO DO PARAISO,glp,10,87.5,84.999,95.5,84.99,100.0
2023-12,MUN,MG|SETE LAGOAS,glp,12,95.45,89.2,110.0,85.0,117.0
2023-12,MUN,MG|TEOFILO OTONI,glp,5,110.0,103.994,110.0,99.99,110.0
2023-12,MUN,MG|TIMOTEO,glp,8,100.0,93.5,110.0,90.0,110.0
2023-12,MUN,MG|TRES CORACOES,glp,8,87.995,87.09,91.5,84.99,95.0
2023-12,MUN,MG|UBA,glp,6,98.995,95.0,103.745,95.0,104.99
2023-12,MUN,MG|UBERABA,glp,17,97.5,81.5,105.0,79.99,105.0
2023-12,MUN,MG|UBERLANDIA,glp,22,102.5,89.991,115.0,80.0,125.0
2023-12,MUN,MG|UNAI,glp,10,120.0,119.0,122.75,110.0,125.0
2023-12,MUN,MG|VARGINHA,glp,9,85.0,80.0,101.2,80.0,110.0
2023-12,MUN,MG|VICOSA,glp,8,108.0,108.0,110.4,108.0,116.0
2023-12,MUN,MS|CAMPO GRANDE,glp,24,102.0,93.57,115.0,88.0,135.25
2023-12,MUN,MS|CORUMBA,glp,7,120.0,112.7,130.0,110.0,130.0
2023-12,MUN,MS|COXIM,glp,10,123.75,120.0,125.5,120.0,130.0
2023-12,MUN,MS|DOURADOS,glp,19,100.0,99.52,130.0,96.0,130.0
2023-12,MUN,MS|NOVA ANDRADINA,glp,8,110.0,105.0,110.0,105.0,110.0
2023-12,MUN,MS|PONTA PORA,glp,7,115.0,110.0,117.0,110.0,120.0
2023-12,MUN,MS|TRES LAGOAS,glp,11,115.0,110.0,115.0,110.0,128.0
2023-12,MUN,MT|CACERES,glp,13,84.99,84.99,103.994,84.99,110.0
2023-12,MUN,MT|CUIABA,glp,36,114.5,95.0,125.0,85.0,135.0
2023-12,MUN,MT|RONDONOPOLIS,glp,9,125.0,108.0,130.0,100.0,130.0
2023-12,MUN,MT|SINOP,glp,16,140.0,135.0,145.0,130.0,145.0
2023-12,MUN,MT|SORRISO,glp,14,125.0,125.0,138.5,120.0,145.0
2023-12,MUN,MT|VARZEA GRANDE,glp,26,107.5,89.922,120.0,85.0,120.0
2023-12,MUN,PA|ABAETETUBA,glp,8,95.0,95.0,102.1,95.0,107.0
2023-12,MUN,PA|ALENQUER,glp,5,105.0,104.4,105.0,104.0,105.0
2023-12,MUN,PA|ALTAMIRA,glp,8,111.25,110.0,120.4,110.0,126.0
2023-12,MUN,PA|ANANINDEUA,glp,17,95.0,92.3,95.0,91.99,96.0
2023-12,MUN,PA|BELEM,glp,34,105.0,90.6,110.7,89.99,144.0
2023-12,MUN,PA|BRAGANCA,glp,5,110.0,108.8,113.0,108.0,113.0
2023-12,MUN,PA|CAMETA,glp,5,115.0,114.4,115.0,114.0,115.0
2023-12,MUN,PA|CASTANHAL,glp,12,100.0,99.0,109.9,95.0,110.0
2023-12,MUN,PA|CONCEICAO DO ARAGUAIA,glp,8,110.0,107.6,111.5,102.0,115.0
2023-12,MUN,PA|ITAITUBA,glp,1,110.0,110.0,110.0,110.0,110.0
2023-12,MUN,PA|MARABA,glp,15,115.0,108.8,130.0,99.99,130.0
2023-12,MUN,PA|PARAGOMINAS,glp,9,135.0,130.0,135.0,130.0,135.0
2023-12,MUN,PA|PARAUAPEBAS,glp,11,125.0,114.99,130.0,114.99,130.0
2023-12,MUN,PA|REDENCAO,glp,9,115.0,105.0,121.0,105.0,125.0
2023-12,MUN,PA|SANTAREM,glp,21,96.0,85.0,100.0,79.0,105.0
2023-12,MUN,PA|XINGUARA,glp,8,130.0,123.5,131.5,120.0,135.0
2023-12,MUN,PB|BAYEUX,glp,8,102.5,85.0,110.0,85.0,110.0
2023-12,MUN,PB|CABEDELO,glp,9,105.0,98.992,108.0,95.0,110.0
2023-12,MUN,PB|CAMPINA GRANDE,glp,15,105.0,92.0,110.0,89.0,115.0
2023-12,MUN,PB|JOAO PESSOA,glp,34,105.49,88.593,110.0,79.99,110.0
2023-12,MUN,PB|PATOS,glp,8,105.75,103.8,110.0,101.0,110.0
2023-12,MUN,PB|SOUSA,glp,5,100.0,100.0,103.8,100.0,105.0
2023-12,MUN,PE|ARARIPINA,glp,8,115.0,112.0,116.5,105.0,120.0
2023-12,MUN,PE|ARCOVERDE,glp,9,79.99,79.99,84.992,79.99,85.0
2023-12,MUN,PE|BELO JARDIM,glp,8,83.995,80.0,85.0,80.0,85.0
2023-12,MUN,PE|CABO DE SANTO AGOSTINHO,glp,10,84.99,74.99,92.687,74.99,95.0
2023-12,MUN,PE|CARUARU,glp,12,80.0,75.1,80.0,74.99,80.0
2023-12,MUN,PE|GARANHUNS,glp,9,79.99,77.99,80.0,77.99,80.0
2023-12,MUN,PE|GOIANA,glp,8,90.0,84.35,100.0,84.0,100.0
2023-12,MUN,PE|IGARASSU,glp,8,89.995,83.5,100.0,80.0,100.0
2023-12,MUN,PE|JABOATAO DOS GUARARAPES,glp,16,90.0,84.995,98.75,81.99,114.0
2023-12,MUN,PE|LAJEDO,glp,5,80.0,80.0,80.0,80.0,80.0
2023-12,MUN,PE|OLINDA,glp,13,82.0,78.39,106.0,75.99,120.0
2023-12,MUN,PE|PAULISTA,glp,12,85.0,80.49,90.0,74.99,100.0
2023-12,MUN,PE|PETROLINA,glp,18,100.0,98.1,111.5,90.0,115.0
2023-12,MUN,PE|RECIFE,glp,21,80.0,79.99,89.9,77.99,100.0
2023-12,MUN,PE|SALGUEIRO,glp,6,105.0,95.0,105.0,95.0,105.0
2023-12,MUN,PE|SANTA CRUZ DO CAPIBARIBE,glp,6,95.0,95.0,96.25,95.0,97.5
2023-12,MUN,PE|SERRA TALHADA,glp,7,105.0,99.6,112.0,99.0,115.0
2023-12,MUN,PE|VITORIA DE SANTO ANTAO,glp,8,84.995,80.0,85.0,80.0,85.0
2023-12,MUN,PI|PARNAIBA,glp,10,99.0,93.5,101.5,80.0,115.0
2023-12,MUN,PI|PICOS,glp,8,92.5,88.0,99.993,88.0,100.0
2023-12,MUN,PI|PIRIPIRI,glp,7,109.995,99.996,115.0,99.99,115.0
2023-12,MUN,PI|TERESINA,glp,36,97.5,87.995,100.0,84.99,115.0
2023-12,MUN,PR|APUCARANA,glp,12,90.0,89.9,100.0,89.9,100.0
2023-12,MUN,PR|ARAPONGAS,glp,11,95.0,94.9,100.0,94.9,105.0
2023-12,MUN,PR|ARAUCARIA,glp,13,90.0,80.98,95.0,80.0,95.0
2023-12,MUN,PR|ASSIS CHATEAUBRIAND,glp,8,110.0,105.47,113.0,94.9,113.0
2023-12,MUN,PR|CAMBE,glp,9,102.5,95.0,108.0,95.0,120.0
2023-12,MUN,PR|CAMPO LARGO,glp,12,90.0,85.0,95.0,79.9,97.0
2023-12,MUN,PR|CAMPO MOURAO,glp,8,111.0,100.0,115.0,100.0,115.0
2023-12,MUN,PR|CASCAVEL,glp,17,110.0,99.996,117.0,90.0,120.0
2023-12,MUN,PR|CASTRO,glp,9,104.0,101.2,109.2,98.0,110.0
2023-12,MUN,PR|CIANORTE,glp,9,100.0,97.4,114.0,95.0,130.0
2023-12,MUN,PR|COLOMBO,glp,19,89.9,81.94,91.918,78.0,92.5
2023-12,MUN,PR|CORNELIO PROCOPIO,glp,7,110.0,109.2,112.0,108.0,115.0
2023-12,MUN,PR|CURITIBA,glp,46,90.0,82.945,98.5,79.9,100.0
2023-12,MUN,PR|FOZ DO IGUACU,glp,18,98.75,93.497,100.0,82.9,105.0
2023-12,MUN,PR|FRANCISCO BELTRAO,glp,7,110.0,101.0,119.0,95.0,125.0
2023-12,MUN,PR|GUARAPUAVA,glp,12,105.0,105.0,108.81,100.0,115.0
2023-12,MUN,PR|LONDRINA,glp,20,95.0,90.0,101.0,88.0,120.0
2023-12,MUN,PR|MARECHAL CANDIDO RONDON,glp,1,84.9,84.9,84.9,84.9,84.9
2023-12,MUN,PR|MARINGA,glp,18,122.5,99.97,125.0,95.0,125.0
2023-12,MUN,PR|PALOTINA,glp,1,92.5,92.5,92.5,92.5,92.5
2023-12,MUN,PR|PARANAGUA,glp,9,80.0,79.0,94.99,75.0,94.99
2023-12,MUN,PR|PARANAVAI,glp,8,95.0,79.963,104.5,79.9,115.0
2023-12,MUN,PR|PATO BRANCO,glp,8,116.25,115.0,119.3,115.0,120.0
2023-12,MUN,PR|PINHAIS,glp,10,104.5,84.75,110.0,82.5,110.0
2023-12,MUN,PR|PONTA GROSSA,glp,18,99.45,94.393,105.0,92.99,113.0
2023-12,MUN,PR|QUEDAS DO IGUACU,glp,1,115.0,115.0,115.0,115.0,115.0
2023-12,MUN,PR|SANTO ANTONIO DA PLATINA,glp,8,110.0,107.4,110.3,106.0,111.0
2023-12,MUN,PR|SAO JOSE DOS PINHAIS,glp,19,95.0,86.6,95.0,80.0,100.0
2023-12,MUN,PR|TOLEDO,glp,13,95.0,85.99,114.0,84.9,120.0
2023-12,MUN,PR|UMUARAMA,glp,8,102.5,94.87,108.6,82.9,110.0
2023-12,MUN,PR|UNIAO DA VITORIA,glp,8,99.5,95.22,102.0,89.9,102.0
2023-12,MUN,RJ|ANGRA DOS REIS,glp,9,115.0,114.718,115.0,113.99,115.0
2023-12,MUN,RJ|ARARUAMA,glp,9,79.99,79.99,89.992,79.99,90.0
2023-12,MUN,RJ|BARRA DO PIRAI,glp,8,97.0,93.97,107.07,93.9,111.9
2023-12,MUN,RJ|BARRA MANSA,glp,9,95.9,95.5,100.92,93.9,105.0
2023-12,MUN,RJ|BELFORD ROXO,glp,9,89.0,80.0,95.4,80.0,97.0
2023-12,MUN,RJ|CABO FRIO,glp,8,86.49,81.963,99.29,81.9,99.99
2023-12,MUN,RJ|CAMPOS DOS GOYTACAZES,glp,12,85.0,79.99,94.9,77.49,100.0
2023-12,MUN,RJ|DUQUE DE CAXIAS,glp,21,89.0,79.99,90.0,78.99,94.99
2023-12,MUN,RJ|ITABORAI,glp,13,87.99,87.5,89.392,84.99,94.0
2023-12,MUN,RJ|ITAGUAI,glp,4,122.5,119.35,122.5,118.0,122.5
2023-12,MUN,RJ|ITAPERUNA,glp,9,85.0,85.0,85.0,85.0,85.0
2023-12,MUN,RJ|MACAE,glp,4,123.0,123.0,123.0,123.0,123.0
2023-12,MUN,RJ|MAGE,glp,10,84.445,79.891,89.99,79.0,89.99
2023-12,MUN,RJ|MARICA,glp,9,88.5,78.992,95.6,75.0,98.0
2023-12,MUN,RJ|NILOPOLIS,glp,8,99.995,95.0,101.5,95.0,105.0
2023-12,MUN,RJ|NITEROI,glp,8,84.0,78.79,92.397,75.99,97.99
2023-12,MUN,RJ|NOVA FRIBURGO,glp,10,82.5,74.999,89.1,74.99,90.0
2023-12,MUN,RJ|NOVA IGUACU,glp,19,94.99,75.0,100.0,74.99,100.0
2023-12,MUN,RJ|PETROPOLIS,glp,10,94.995,89.891,100.2,89.0,102.0
2023-12,MUN,RJ|RESENDE,glp,9,110.0,89.99,110.0,89.99,110.0
2023-12,MUN,RJ|RIO BONITO,glp,9,82.99,78.892,88.398,78.5,89.99
2023-12,MUN,RJ|RIO DE JANEIRO,glp,38,94.99,89.0,101.5,83.5,117.0
2023-12,MUN,RJ|SANTO ANTONIO DE PADUA,glp,5,97.0,79.0,109.0,79.0,115.0
2023-12,MUN,RJ|SAO FRANCISCO DE ITABAPOANA,glp,9,98.0,94.98,105.0,94.9,105.0
2023-12,MUN,RJ|SAO GONCALO,glp,20,93.99,89.999,97.991,88.0,115.0
2023-12,MUN,RJ|SAO JOAO DE MERITI,glp,12,83.99,80.0,99.691,77.99,100.0
2023-12,MUN,RJ|SAPUCAIA,glp,1,89.99,89.99,89.99,89.99,89.99
2023-12,MUN,RJ|SAQUAREMA,glp,9,89.99,82.8,96.4,80.0,98.0
2023-12,MUN,RJ|TERESOPOLIS,glp,7,100.0,99.9,118.63,99.9,118.9
2023-12,MUN,RJ|TRES RIOS,glp,10,87.495,79.99,94.991,79.99,95.0
2023-12,MUN,RJ|VALENCA,glp,8,90.0,88.5,93.0,85.0,100.0
2023-12,MUN,RJ|VOLTA REDONDA,glp,12,102.495,95.4,105.9,94.9,107.0
2023-12,MUN,RN|CAICO,glp,8,105.0,105.0,105.0,105.0,105.0
2023-12,MUN,RN|MOSSORO,glp,17,100.0,93.0,110.4,85.0,120.0
2023-12,MUN,RN|NATAL,glp,22,98.0,85.0,110.0,85.0,128.0
2023-12,MUN,RN|PARNAMIRIM,glp,15,99.0,96.6,110.0,94.99,110.0
2023-12,MUN,RO|ARIQUEMES,glp,8,126.0,119.4,127.65,118.0,128.0
2023-12,MUN,RO|CACOAL,glp,11,128.0,128.0,132.0,128.0,132.0
2023-12,MUN,RO|JI-PARANA,glp,12,120.0,116.2,125.5,112.99,135.0
2023-12,MUN,RO|PIMENTA BUENO,glp,5,138.0,135.0,138.0,133.0,138.0
2023-12,MUN,RO|PORTO VELHO,glp,35,110.0,98.4,120.0,95.0,125.0
2023-12,MUN,RO|VILHENA,glp,8,128.0,127.0,135.0,127.0,135.0
2023-12,MUN,RR|BOA VISTA,glp,30,130.0,124.8,136.3,122.5,140.0
2023-12,MUN,RS|ALEGRETE,glp,8,108.0,95.7,111.5,88.0,115.0
2023-12,MUN,RS|ALVORADA,glp,10,93.998,89.999,110.0,89.99,110.0
2023-12,MUN,RS|BAGE,glp,12,118.0,109.0,123.15,107.5,123.5
2023-12,MUN,RS|BENTO GONCALVES,glp,7,120.0,111.6,121.16,108.0,122.9
2023-12,MUN,RS|CACHOEIRA DO SUL,glp,9,95.0,85.0,100.0,85.0,100.0
2023-12,MUN,RS|CACHOEIRINHA,glp,8,99.95,97.997,105.0,97.99,105.0
2023-12,MUN,RS|CANOAS,glp,19,100.0,94.72,105.0,92.5,105.0
2023-12,MUN,RS|CAXIAS DO SUL,glp,22,99.9,97.4,104.99,84.9,119.7
2023-12,MUN,RS|CRUZ ALTA,glp,8,67.0,67.0,71.9,67.0,78.9
2023-12,MUN,RS|ERECHIM,glp,11,123.0,120.0,130.0,120.0,130.0
2023-12,MUN,RS|ESTEIO,glp,8,100.0,97.1,107.1,95.0,112.0
2023-12,MUN,RS|FARROUPILHA,glp,1,120.0,120.0,120.0,120.0,120.0
2023-12,MUN,RS|GRAMADO,glp,6,115.5,101.445,120.0,99.99,120.0
2023-12,MUN,RS|GRAVATAI,glp,13,100.0,98.0,104.0,95.0,108.0
2023-12,MUN,RS|GUAIBA,glp,8,96.65,94.235,100.6,92.45,102.0
2023-12,MUN,RS|IJUI,glp,6,111.75,92.445,117.5,89.99,120.0
2023-12,MUN,RS|LAJEADO,glp,9,102.4,98.2,113.8,95.0,117.0
2023-12,MUN,RS|NOVO HAMBURGO,glp,12,96.5,93.0,99.8,92.0,100.0
2023-12,MUN,RS|OSORIO,glp,8,94.995,93.0,99.9,93.0,99.9
2023-12,MUN,RS|PASSO FUNDO,glp,18,110.0,108.0,113.0,108.0,113.0
2023-12,MUN,RS|PELOTAS,glp,18,101.25,96.97,107.3,96.0,110.0
2023-12,MUN,RS|PORTO ALEGRE,glp,21,105.0,99.9,110.0,95.0,119.9
2023-12,MUN,RS|RIO GRANDE,glp,11,129.0,120.0,130.0,118.0,130.0
2023-12,MUN,RS|SANTA CRUZ DO SUL,glp,13,95.0,88.2,95.0,88.0,99.0
2023-12,MUN,RS|SANTA MARIA,glp,20,101.0,99.41,109.045,95.0,129.9
2023-12,MUN,RS|SANTA ROSA,glp,8,107.0,105.0,109.7,105.0,116.0
2023-12,MUN,RS|SANTANA DO LIVRAMENTO,glp,8,115.0,115.0,120.0,115.0,120.0
2023-12,MUN,RS|SANTO ANGELO,glp,7,120.0,103.396,126.6,94.99,129.0
2023-12,MUN,RS|SAO GABRIEL,glp,9,112.0,110.0,116.6,110.0,123.0
2023-12,MUN,RS|SAO LEOPOLDO,glp,9,95.0,92.38,100.72,89.9,104.0
2023-12,MUN,RS|SAO LUIZ GONZAGA,glp,8,100.0,98.543,106.5,97.5,110.0
2023-12,MUN,RS|SAPIRANGA,glp,7,110.0,101.8,110.0,100.0,110.0
2023-12,MUN,RS|SAPUCAIA DO SUL,glp,10,99.5,97.45,104.0,97.0,104.0
2023-12,MUN,RS|TORRES,glp,6,114.95,112.495,115.0,111.99,115.0
2023-12,MUN,RS|URUGUAIANA,glp,8,117.5,108.5,124.5,105.0,135.0
2023-12,MUN,RS|VACARIA,glp,8,106.0,99.0,110.0,99.0,110.0
2023-12,MUN,RS|VIAMAO,glp,13,103.9,95.6,110.0,93.0,124.0
2023-12,MUN,SC|ARARANGUA,glp,6,101.5,100.0,105.0,100.0,105.0
2023-12,MUN,SC|BALNEARIO CAMBORIU,glp,7,119.99,110.0,123.99,110.0,123.99
2023-12,MUN,SC|BIGUACU,glp,9,116.5,113.0,125.0,113.0,125.0
2023-12,MUN,SC|BLUMENAU,glp,10,99.945,95.0,124.9,95.0,124.9
2023-12,MUN,SC|BRUSQUE,glp,4,120.45,118.6,125.163,118.0,126.99
2023-12,MUN,SC|CACADOR,glp,9,113.0,110.0,127.0,110.0,135.0
2023-12,MUN,SC|CHAPECO,glp,14,123.5,120.3,129.4,100.0,133.0
2023-12,MUN,SC|CONCORDIA,glp,9,110.0,104.0,115.976,100.0,119.88
2023-12,MUN,SC|CRICIUMA,glp,9,110.0,110.0,118.0,110.0,118.0
2023-12,MUN,SC|FLORIANOPOLIS,glp,9,117.0,110.0,120.0,110.0,120.0
2023-12,MUN,SC|GASPAR,glp,1,124.9,124.9,124.9,124.9,124.9
2023-12,MUN,SC|ITAJAI,glp,18,109.995,100.0,123.4,100.0,129.0
2023-12,MUN,SC|JARAGUA DO SUL,glp,6,99.9,98.95,101.97,98.9,103.99
2023-12,MUN,SC|JOINVILLE,glp,12,115.0,115.0,122.7,115.0,127.0
2023-12,MUN,SC|LAGES,glp,7,110.0,103.0,118.4,100.0,125.0
2023-12,MUN,SC|LAGUNA,glp,8,102.495,93.5,111.5,90.0,115.0
2023-12,MUN,SC|MAFRA,glp,10,120.0,110.0,120.0,110.0,120.0
2023-12,MUN,SC|PALHOCA,glp,10,115.5,105.0,124.991,105.0,125.0
2023-12,MUN,SC|SAO JOSE,glp,12,117.5,106.246,120.0,105.0,120.0
2023-12,MUN,SC|TUBARAO,glp,8,110.0,97.0,111.5,90.0,115.0
2023-12,MUN,SC|VIDEIRA,glp,8,118.5,110.0,123.0,110.0,130.0
2023-12,MUN,SC|XANXERE,glp,6,115.0,105.0,120.0,105.0,120.0
2023-12,MUN,SE|ARACAJU,glp,23,95.0,88.38,102.89,87.99,110.0
2023-12,MUN,SE|ITABAIANA,glp,8,102.5,97.0,105.0,90.0,105.0
2023-12,MUN,SE|LAGARTO,glp,7,105.0,99.996,105.0,99.99,105.0
2023-12,MUN,SE|NOSSA SENHORA DO SOCORRO,glp,12,90.75,88.199,95.0,88.0,95.0
2023-12,MUN,SP|ADAMANTINA,glp,8,95.475,85.793,100.0,83.0,100.0
2023-12,MUN,SP|AMERICANA,glp,10,99.99,89.99,110.499,89.99,114.99
2023-12,MUN,SP|AMPARO,glp,8,110.0,109.4,112.4,108.0,118.0
2023-12,MUN,SP|ARACATUBA,glp,20,89.99,85.69,90.5,82.99,95.0
2023-12,MUN,SP|ARARAQUARA,glp,17,108.0,99.996,113.0,89.99,113.0
2023-12,MUN,SP|ARARAS,glp,9,89.0,89.0,100.392,89.0,102.0
2023-12,MUN,SP|ASSIS,glp,11,105.0,89.9,120.0,89.9,120.0
2023-12,MUN,SP|ATIBAIA,glp,12,100.0,95.499,119.399,92.0,120.0
2023-12,MUN,SP|AVARE,glp,8,85.0,83.493,93.0,80.0,100.0
2023-12,MUN,SP|BARRETOS,glp,7,110.0,107.1,112.0,105.0,115.0
2023-12,MUN,SP|BARUERI,glp,12,97.99,89.99,107.391,89.99,110.0
2023-12,MUN,SP|BAURU,glp,17,98.0,84.996,100.0,84.99,110.0
2023-12,MUN,SP|BEBEDOURO,glp,9,110.0,99.42,111.0,97.5,115.0
2023-12,MUN,SP|BIRIGUI,glp,10,95.0,90.0,100.5,90.0,105.0
2023-12,MUN,SP|BOTUCATU,glp,12,90.0,80.495,104.5,80.0,110.0
2023-12,MUN,SP|BRAGANCA PAULISTA,glp,12,100.0,99.909,106.791,95.0,109.9
2023-12,MUN,SP|CACAPAVA,glp,8,94.99,87.79,97.19,84.99,99.99
2023-12,MUN,SP|CAMPINAS,glp,20,99.99,94.49,99.991,84.99,105.0
2023-12,MUN,SP|CARAGUATATUBA,glp,9,100.0,98.718,101.0,97.99,105.0
2023-12,MUN,SP|CARAPICUIBA,glp,17,97.0,92.396,99.994,87.49,105.0
2023-12,MUN,SP|CATANDUVA,glp,10,110.0,104.5,110.0,104.5,110.0
2023-12,MUN,SP|COSMOPOLIS,glp,8,84.99,84.99,91.5,84.99,95.0
2023-12,MUN,SP|COTIA,glp,4,114.995,102.99,120.0,99.99,120.0
2023-12,MUN,SP|CRUZEIRO,glp,8,86.995,79.963,95.0,79.9,95.0
2023-12,MUN,SP|CUBATAO,glp,9,108.0,99.99,117.0,99.99,125.0
2023-12,MUN,SP|DIADEMA,glp,10,104.49,89.99,126.32,89.99,131.5
2023-12,MUN,SP|DRACENA,glp,8,100.0,97.1,106.5,95.0,110.0
2023-12,MUN,SP|ELISIARIO,glp,1,93.0,93.0,93.0,93.0,93.0
2023-12,MUN,SP|EMBU DAS ARTES,glp,12,99.995,89.099,109.99,85.99,109.99
2023-12,MUN,SP|FRANCA,glp,15,94.99,89.99,106.796,89.99,115.0
2023-12,MUN,SP|GARCA,glp,8,95.0,89.4,100.0,88.0,100.0
2023-12,MUN,SP|GUARATINGUETA,glp,7,94.9,78.4,97.0,76.0,100.0
2023-12,MUN,SP|GUARUJA,glp,10,114.995,109.75,118.191,107.5,120.0
2023-12,MUN,SP|GUARULHOS,glp,16,92.49,78.24,99.99,77.49,105.0
2023-12,MUN,SP|HORTOLANDIA,glp,11,85.0,84.99,99.99,84.99,110.0
2023-12,MUN,SP|IBITINGA,glp,4,98.5,90.0,109.1,90.0,110.0
2023-12,MUN,SP|INDAIATUBA,glp,8,105.5,102.1,110.0,100.0,110.0
2023-12,MUN,SP|ITANHAEM,glp,9,108.0,99.52,110.2,98.0,111.0
2023-12,MUN,SP|ITAPECERICA DA SERRA,glp,7,99.99,94.79,99.99,89.99,99.99
2023-12,MUN,SP|ITAPETININGA,glp,7,109.0,109.0,112.0,109.0,115.0
2023-12,MUN,SP|ITAPEVA,glp,6,115.0,107.49,120.0,105.0,120.0
2023-12,MUN,SP|ITAPIRA,glp,5,95.7,92.0,102.2,90.0,105.0
2023-12,MUN,SP|ITAPOLIS,glp,8,108.0,105.0,115.0,105.0,115.0
2023-12,MUN,SP|ITAQUAQUECETUBA,glp,15,84.99,79.99,89.99,79.99,94.99
2023-12,MUN,SP|ITATIBA,glp,8,100.0,98.5,101.5,95.0,105.0
2023-12,MUN,SP|ITU,glp,6,105.0,102.5,111.5,100.0,113.0
2023-12,MUN,SP|JABOTICABAL,glp,8,105.0,98.493,107.893,95.0,110.0
2023-12,MUN,SP|JACAREI,glp,12,89.995,85.0,103.5,84.99,115.0
2023-12,MUN,SP|JALES,glp,10,90.0,89.891,90.595,89.0,95.95
2023-12,MUN,SP|JAU,glp,9,110.0,104.0,112.6,100.0,115.0
2023-12,MUN,SP|JOSE BONIFACIO,glp,8,98.0,90.0,98.6,90.0,100.0
2023-12,MUN,SP|JUNDIAI,glp,11,105.0,95.99,110.0,90.0,115.0
2023-12,MUN,SP|LEME,glp,8,92.25,88.5,106.9,85.0,123.0
2023-12,MUN,SP|LIMEIRA,glp,11,100.0,89.99,100.0,89.99,105.0
2023-12,MUN,SP|LINS,glp,7,89.99,79.954,100.0,79.9,100.0
2023-12,MUN,SP|LORENA,glp,8,79.995,69.997,96.5,69.99,100.0
2023-12,MUN,SP|MARILIA,glp,9,115.0,111.6,116.0,110.0,120.0
2023-12,MUN,SP|MATAO,glp,10,106.748,99.9,109.55,99.0,110.0
2023-12,MUN,SP|MAUA,glp,13,95.0,79.99,110.0,74.99,110.0
2023-12,MUN,SP|MIRASSOL,glp,8,95.0,90.0,103.0,90.0,110.0
2023-12,MUN,SP|MOCOCA,glp,7,110.0,102.2,110.0,98.0,110.0
2023-12,MUN,SP|MOGI DAS CRUZES,glp,10,97.45,88.99,99.99,79.99,99.99
2023-12,MUN,SP|MOGI GUACU,glp,7,89.99,89.99,97.596,89.99,99.99
2023-12,MUN,SP|MOGI MIRIM,glp,8,92.495,88.697,95.0,87.99,95.0
2023-12,MUN,SP|MONTE ALTO,glp,9,95.0,95.0,100.0,95.0,100.0
2023-12,MUN,SP|OLIMPIA,glp,9,85.0,85.0,88.4,85.0,90.0
2023-12,MUN,SP|OSASCO,glp,8,98.99,91.99,106.497,84.99,109.99
2023-12,MUN,SP|OURINHOS,glp,10,97.5,89.99,108.1,89.9,109.0
2023-12,MUN,SP|PARAGUACU PAULISTA,glp,3,110.0,106.0,110.0,105.0,110.0
2023-12,MUN,SP|PAULINIA,glp,8,100.0,99.99,103.0,99.99,110.0
2023-12,MUN,SP|PINDAMONHANGABA,glp,10,100.0,89.99,100.0,89.9,100.0
2023-12,MUN,SP|PIRACICABA,glp,16,102.0,92.495,115.0,87.99,115.0
2023-12,MUN,SP|PIRASSUNUNGA,glp,8,93.95,84.97,105.0,84.9,105.0
2023-12,MUN,SP|POA,glp,8,92.49,88.49,96.497,84.99,99.99
2023-12,MUN,SP|PORTO FERREIRA,glp,8,95.0,92.793,99.5,90.0,110.0
2023-12,MUN,SP|PRAIA GRANDE,glp,12,103.5,99.99,107.7,95.0,109.5
2023-12,MUN,SP|PRESIDENTE PRUDENTE,glp,16,99.995,89.99,107.5,89.9,110.0
2023-12,MUN,SP|PRESIDENTE VENCESLAU,glp,9,106.0,98.0,107.0,90.0,107.0
2023-12,MUN,SP|RIBEIRAO PIRES,glp,9,89.99,89.72,99.992,89.0,100.0
2023-12,MUN,SP|RIBEIRAO PRETO,glp,17,104.99,87.99,116.59,84.99,124.99
2023-12,MUN,SP|RIO CLARO,glp,8,95.0,88.49,100.0,84.99,100.0
2023-12,MUN,SP|SALTO,glp,5,99.9,89.99,103.0,89.99,105.0
2023-12,MUN,SP|SANTA BARBARA D'OESTE,glp,12,95.0,94.991,99.8,89.99,100.0
2023-12,MUN,SP|SANTA CRUZ DO RIO PARDO,glp,1,115.0,115.0,115.0,115.0,115.0
2023-12,MUN,SP|SANTO ANDRE,glp,12,99.995,95.0,114.49,94.99,115.99
2023-12,MUN,SP|SANTOS,glp,13,110.0,106.7,119.1,100.0,122.0
2023-12,MUN,SP|SAO BERNARDO DO CAMPO,glp,6,106.995,94.0,112.122,93.0,112.75
2023-12,MUN,SP|SAO CAETANO DO SUL,glp,6,97.49,94.99,102.495,94.99,105.0
2023-12,MUN,SP|SAO CARLOS,glp,19,113.0,106.998,116.0,105.0,123.0
2023-12,MUN,SP|SAO JOAO DA BOA VISTA,glp,8,100.0,100.0,101.5,100.0,105.0
2023-12,MUN,SP|SAO JOSE DO RIO PRETO,glp,28,109.5,95.0,120.0,90.0,120.0
2023-12,MUN,SP|SAO JOSE DOS CAMPOS,glp,21,99.99,79.99,112.0,79.99,120.0
2023-12,MUN,SP|SAO PAULO,glp,66,104.99,94.99,118.995,79.99,124.0
2023-12,MUN,SP|SAO ROQUE,glp,8,94.995,84.99,101.2,84.99,104.0
2023-12,MUN,SP|SAO VICENTE,glp,15,100.0,98.154,109.14,93.99,110.0
2023-12,MUN,SP|SERTAOZINHO,glp,14,89.99,88.993,92.0,79.9,94.9
2023-12,MUN,SP|SOROCABA,glp,20,102.495,94.99,113.099,93.99,115.0
2023-12,MUN,SP|SUMARE,glp,13,95.0,84.992,116.499,79.99,120.0
2023-12,MUN,SP|SUZANO,glp,14,89.99,82.4,99.99,79.99,115.0
2023-12,MUN,SP|TABOAO DA SERRA,glp,8,93.995,84.997,102.99,84.99,109.99
2023-12,MUN,SP|TATUI,glp,8,100.0,97.743,106.5,92.5,110.0
2023-12,MUN,SP|TAUBATE,glp,13,90.0,79.99,95.8,78.0,98.0
2023-12,MUN,SP|TUPA,glp,6,100.0,97.5,107.5,95.0,115.0
2023-12,MUN,SP|UBATUBA,glp,12,100.0,80.455,109.5,79.95,115.0
2023-12,MUN,SP|VALINHOS,glp,8,99.9,96.797,109.993,93.99,110.0
2023-12,MUN,SP|VARZEA PAULISTA,glp,8,92.5,88.94,98.25,86.49,100.0
2023-12,MUN,SP|VINHEDO,glp,8,99.99,95.6,104.27,90.0,104.9
2023-12,MUN,SP|VOTORANTIM,glp,8,104.5,100.0,107.9,100.0,110.0
2023-12,MUN,SP|VOTUPORANGA,glp,12,98.0,85.5,99.9,85.0,100.0
2023-12,MUN,TO|ARAGUAINA,glp,17,120.0,118.0,120.0,115.0,125.0
2023-12,MUN,TO|GURUPI,glp,12,115.0,113.2,120.0,108.0,125.0
2023-12,MUN,TO|PALMAS,glp,19,123.0,115.0,127.0,110.0,130.0
2023-12,MUN,TO|PARAISO DO TOCANTINS,glp,8,120.0,120.0,121.5,120.0,125.0
2023-12,MUN,TO|PORTO NACIONAL,glp,9,110.0,110.0,116.0,110.0,120.0
2023-12,UF,AC,glp,46,115.0,107.0,124.0,100.0,127.0
2023-12,UF,AL,glp,62,92.5,80.199,95.9,78.5,105.0
2023-12,UF,AM,glp,122,125.0,116.55,136.9,113.0,154.0
2023-12,UF,AP,glp,34,109.0,100.0,120.0,95.0,120.0
2023-12,UF,BA,glp,291,105.0,90.0,119.99,74.495,147.0
2023-12,UF,CE,glp,131,100.0,90.0,109.0,84.99,122.0
2023-12,UF,DF,glp,48,94.99,86.743,99.99,79.99,119.99
2023-12,UF,ES,glp,136,99.99,84.99,105.0,74.995,115.0
2023-12,UF,GO,glp,261,100.0,89.99,115.0,74.99,135.0
2023-12,UF,MA,glp,144,100.0,94.99,120.0,85.0,125.0
2023-12,UF,MG,glp,593,100.0,85.0,115.0,69.99,130.0
2023-12,UF,MS,glp,86,110.0,98.5,126.5,88.0,135.25
2023-12,UF,MT,glp,114,115.0,89.914,140.0,84.99,145.0
2023-12,UF,PA,glp,176,107.995,93.0,130.0,79.0,144.0
2023-12,UF,PB,glp,79,105.0,89.8,110.0,79.99,115.0
2023-12,UF,PE,glp,184,85.0,79.99,105.0,74.99,120.0
2023-12,UF,PI,glp,61,99.0,88.0,109.99,80.0,115.0
2023-12,UF,PR,glp,367,97.5,85.0,115.0,75.0,130.0
2023-12,UF,RJ,glp,338,90.0,79.997,105.9,74.99,123.0
2023-12,UF,RN,glp,62,100.0,90.499,110.0,85.0,128.0
2023-12,UF,RO,glp,79,120.0,106.0,132.2,95.0,138.0
2023-12,UF,RR,glp,30,130.0,124.8,136.3,122.5,140.0
2023-12,UF,RS,glp,387,103.0,94.9,120.0,67.0,135.0
2023-12,UF,SC,glp,192,115.0,100.0,124.981,90.0,135.0
2023-12,UF,SE,glp,50,95.0,89.71,105.0,87.99,110.0
2023-12,UF,SP,glp,1160,99.99,85.999,112.765,69.99,131.5
2023-12,UF,TO,glp,65,120.0,110.0,125.0,108.0,130.0
