periodo,nivel,codigo,produto,postos,mediana,p10,p90,minimo,maximo
2026-01,BR,BR,glp,3468,110.0,95.0,127.0,79.99,170.0
2026-01,MUN,AC|CRUZEIRO DO SUL,glp,1,128.0,128.0,128.0,128.0,128.0
2026-01,MUN,AC|RIO BRANCO,glp,23,124.0,115.2,130.0,110.0,133.0
2026-01,MUN,AL|ARAPIRACA,glp,9,105.0,99.998,110.0,99.99,110.0
2026-01,MUN,AL|DELMIRO GOUVEIA,glp,4,107.5,105.0,110.0,105.0,110.0
2026-01,MUN,AL|MACEIO,glp,26,105.0,94.99,114.5,84.99,120.0
2026-01,MUN,AL|PALMEIRA DOS INDIOS,glp,2,102.5,100.5,104.5,100.0,105.0
2026-01,MUN,AL|RIO LARGO,glp,7,110.0,100.0,110.0,100.0,110.0
2026-01,MUN,AM|MANACAPURU,glp,7,130.0,126.4,135.4,124.0,136.0
2026-01,MUN,AM|MANAUS,glp,66,123.0,122.0,133.75,118.0,143.0
2026-01,MUN,AM|PARINTINS,glp,6,120.0,120.0,120.0,120.0,120.0
2026-01,MUN,BA|ALAGOINHAS,glp,7,118.0,109.0,119.99,100.0,119.99
2026-01,MUN,BA|BARREIRAS,glp,7,135.0,128.0,135.0,125.0,135.0
2026-01,MUN,BA|BRUMADO,glp,4,112.5,106.5,115.0,105.0,115.0
2026-01,MUN,BA|CAETITE,glp,7,105.0,95.0,105.0,95.0,105.0
2026-01,MUN,BA|EUNAPOLIS,glp,4,111.0,102.1,115.0,100.0,115.0
2026-01,MUN,BA|FEIRA DE SANTANA,glp,6,103.725,91.995,110.0,90.0,110.0
2026-01,MUN,BA|GUANAMBI,glp,8,105.0,103.5,110.0,100.0,110.0
2026-01,MUN,BA|ILHEUS,glp,7,130.0,124.5,147.0,120.0,150.0
2026-01,MUN,BA|IPIRA,glp,4,115.0,115.0,115.0,115.0,115.0
2026-01,MUN,BA|ITABUNA,glp,7,110.0,108.0,114.0,105.0,120.0
2026-01,MUN,BA|ITAMARAJU,glp,7,105.0,96.5,110.0,95.0,110.0
2026-01,MUN,BA|JACOBINA,glp,5,135.0,118.5,139.2,117.5,142.0
2026-01,MUN,BA|JAGUAQUARA,glp,7,100.0,100.0,111.0,100.0,120.0
2026-01,MUN,BA|JEQUIE,glp,7,90.0,87.99,115.0,87.99,115.0
2026-01,MUN,BA|JUAZEIRO,glp,4,110.0,103.0,110.0,100.0,110.0
2026-01,MUN,BA|LIVRAMENTO DE NOSSA SENHORA,glp,5,115.0,115.0,115.0,115.0,115.0
2026-01,MUN,BA|PAULO AFONSO,glp,2,108.0,108.0,108.0,108.0,108.0
2026-01,MUN,BA|POCOES,glp,7,99.0,95.9,110.0,95.0,110.0
2026-01,MUN,BA|PORTO SEGURO,glp,3,125.0,113.0,125.0,110.0,125.0
2026-01,MUN,BA|SALVADOR,glp,28,120.0,110.0,130.0,108.0,134.0
2026-01,MUN,BA|SANTO ANTONIO DE JESUS,glp,7,110.0,104.6,137.0,104.0,137.0
2026-01,MUN,BA|SENHOR DO BONFIM,glp,3,120.0,120.0,124.0,120.0,125.0
2026-01,MUN,BA|SERRINHA,glp,7,135.0,123.0,135.0,120.0,135.0
2026-01,MUN,BA|TEIXEIRA DE FREITAS,glp,9,96.0,93.2,96.2,92.0,97.0
2026-01,MUN,BA|VALENCA,glp,4,130.0,123.0,130.0,120.0,130.0
2026-01,MUN,BA|VITORIA DA CONQUISTA,glp,9,115.0,104.8,130.792,100.0,134.0
2026-01,MUN,CE|CANINDE,glp,1,123.0,123.0,123.0,123.0,123.0
2026-01,MUN,CE|CAUCAIA,glp,7,100.99,96.794,103.798,92.0,104.995
2026-01,MUN,CE|CRATEUS,glp,5,113.0,99.994,115.0,99.99,115.0
2026-01,MUN,CE|FORTALEZA,glp,21,110.0,101.99,122.0,99.99,129.0
2026-01,MUN,CE|ICO,glp,4,120.0,114.4,123.5,112.0,125.0
2026-01,MUN,CE|IGUATU,glp,7,119.0,114.0,120.99,108.0,120.99
2026-01,MUN,CE|ITAPIPOCA,glp,7,115.0,100.9,122.0,97.0,125.0
2026-01,MUN,CE|JUAZEIRO DO NORTE,glp,9,120.0,118.6,120.0,113.0,120.0
2026-01,MUN,CE|LIMOEIRO DO NORTE,glp,6,120.0,108.25,120.0,106.5,120.0
2026-01,MUN,CE|QUIXADA,glp,7,115.0,108.396,119.4,102.99,120.0
2026-01,MUN,CE|SOBRAL,glp,5,110.0,102.0,118.0,100.0,118.0
2026-01,MUN,DF|BRASILIA,glp,34,104.99,94.29,110.0,91.49,112.0
2026-01,MUN,ES|ARACRUZ,glp,8,103.75,99.997,113.6,99.99,115.0
2026-01,MUN,ES|CACHOEIRO DE ITAPEMIRIM,glp,8,99.995,95.0,112.2,95.0,122.0
2026-01,MUN,ES|CARIACICA,glp,10,100.0,89.999,101.0,89.99,110.0
2026-01,MUN,ES|COLATINA,glp,7,100.0,97.794,100.0,97.5,100.0
2026-01,MUN,ES|GUARAPARI,glp,6,103.742,99.492,108.5,97.495,112.0
2026-01,MUN,ES|LINHARES,glp,11,110.0,105.0,115.0,105.0,115.0
2026-01,MUN,ES|SAO MATEUS,glp,2,109.99,109.99,109.99,109.99,109.99
2026-01,MUN,ES|SERRA,glp,13,90.5,89.99,102.798,87.99,105.0
2026-01,MUN,ES|VILA VELHA,glp,14,100.0,95.0,100.0,89.99,105.0
2026-01,MUN,ES|VITORIA,glp,7,99.0,92.996,108.0,89.99,120.0
2026-01,MUN,GO|AGUAS LINDAS DE GOIAS,glp,13,102.5,97.59,110.0,94.99,118.0
2026-01,MUN,GO|ANAPOLIS,glp,18,115.0,115.0,115.0,110.0,120.0
2026-01,MUN,GO|APARECIDA DE GOIANIA,glp,21,110.0,99.99,115.0,93.0,120.0
2026-01,MUN,GO|CALDAS NOVAS,glp,10,112.0,104.3,116.0,98.0,125.0
2026-01,MUN,GO|CATALAO,glp,6,112.5,107.5,115.0,105.0,115.0
2026-01,MUN,GO|FORMOSA,glp,7,108.0,103.0,117.0,100.0,120.0
2026-01,MUN,GO|GOIANIA,glp,20,115.0,104.5,115.5,98.0,120.0
2026-01,MUN,GO|GOIATUBA,glp,4,120.0,116.5,120.0,115.0,120.0
2026-01,MUN,GO|ITUMBIARA,glp,7,115.0,110.6,122.0,110.0,125.0
2026-01,MUN,GO|LUZIANIA,glp,10,109.495,94.999,110.2,94.99,112.0
2026-01,MUN,GO|MINEIROS,glp,6,132.25,131.25,133.0,131.0,133.0
2026-01,MUN,GO|MORRINHOS,glp,5,105.0,99.0,109.0,95.0,110.0
2026-01,MUN,GO|PORANGATU,glp,7,120.0,117.5,120.0,117.5,120.0
2026-01,MUN,GO|RIO VERDE,glp,10,130.0,120.0,135.0,120.0,135.0
2026-01,MUN,GO|TRINDADE,glp,13,99.99,94.99,105.0,85.0,120.0
2026-01,MUN,GO|VALPARAISO DE GOIAS,glp,9,105.0,94.99,109.92,94.99,110.0
2026-01,MUN,MA|ACAILANDIA,glp,6,120.0,120.0,120.0,120.0,120.0
2026-01,MUN,MA|BALSAS,glp,6,130.0,130.0,130.0,130.0,130.0
2026-01,MUN,MA|CODO,glp,6,120.0,120.0,120.0,120.0,120.0
2026-01,MUN,MA|IMPERATRIZ,glp,11,115.0,109.99,115.0,99.0,120.0
2026-01,MUN,MA|PINHEIRO,glp,7,130.0,122.94,130.0,120.0,130.0
2026-01,MUN,MA|PRESIDENTE DUTRA,glp,4,116.5,115.0,119.4,115.0,120.0
2026-01,MUN,MA|SAO JOSE DE RIBAMAR,glp,9,119.99,119.792,120.0,119.0,120.0
2026-01,MUN,MA|SAO LUIS,glp,29,120.0,119.972,124.992,110.0,130.0
2026-01,MUN,MG|ALFENAS,glp,7,100.0,94.496,104.0,89.99,110.0
2026-01,MUN,MG|ARAGUARI,glp,7,105.0,100.0,109.3,100.0,112.0
2026-01,MUN,MG|ARAXA,glp,7,100.0,100.0,103.8,100.0,105.0
2026-01,MUN,MG|BARBACENA,glp,6,100.0,97.0,112.5,95.0,120.0
2026-01,MUN,MG|BELO HORIZONTE,glp,25,105.0,96.196,129.6,94.99,145.0
2026-01,MUN,MG|BETIM,glp,11,114.0,105.0,120.0,100.0,124.0
2026-01,MUN,MG|BOM DESPACHO,glp,7,100.0,99.93,100.0,99.9,100.0
2026-01,MUN,MG|CAMPO BELO,glp,6,113.75,111.25,116.25,110.0,117.5
2026-01,MUN,MG|CARATINGA,glp,7,120.0,115.0,127.0,115.0,130.0
2026-01,MUN,MG|CONGONHAS,glp,7,105.0,97.996,110.8,94.99,115.0
2026-01,MUN,MG|CONSELHEIRO LAFAIETE,glp,7,95.0,93.0,109.0,90.0,115.0
2026-01,MUN,MG|CONTAGEM,glp,17,115.0,99.99,125.4,97.99,130.0
2026-01,MUN,MG|CORONEL FABRICIANO,glp,6,130.0,125.0,132.5,120.0,132.5
2026-01,MUN,MG|CURVELO,glp,7,100.0,94.6,110.8,94.0,115.0
2026-01,MUN,MG|DIVINOPOLIS,glp,10,97.995,89.99,110.5,89.99,115.0
2026-01,MUN,MG|FORMIGA,glp,7,115.0,112.4,117.0,110.0,120.0
2026-01,MUN,MG|FRUTAL,glp,1,105.0,105.0,105.0,105.0,105.0
2026-01,MUN,MG|GOVERNADOR VALADARES,glp,10,125.0,118.6,126.55,115.0,127.0
2026-01,MUN,MG|GUAXUPE,glp,6,92.5,89.9,100.0,89.9,100.0
2026-01,MUN,MG|IPATINGA,glp,4,119.0,105.4,123.5,100.0,125.0
2026-01,MUN,MG|ITAJUBA,glp,6,92.0,87.0,105.0,85.0,115.0
2026-01,MUN,MG|ITAUNA,glp,7,124.0,104.2,126.0,103.0,126.0
2026-01,MUN,MG|ITUIUTABA,glp,7,105.0,98.0,107.8,95.0,112.0
2026-01,MUN,MG|JANAUBA,glp,7,117.5,115.0,120.0,115.0,120.0
2026-01,MUN,MG|JANUARIA,glp,6,130.0,127.495,133.0,124.99,135.0
2026-01,MUN,MG|JOAO MONLEVADE,glp,7,110.0,105.0,113.5,105.0,115.0
2026-01,MUN,MG|JOAO PINHEIRO,glp,7,120.0,102.6,120.0,99.0,120.0
2026-01,MUN,MG|JUIZ DE FORA,glp,15,95.0,88.79,105.19,87.0,108.0
2026-01,MUN,MG|LAVRAS,glp,7,110.0,104.996,127.2,104.99,138.0
2026-01,MUN,MG|LEOPOLDINA,glp,7,110.0,109.0,116.2,107.5,118.0
2026-01,MUN,MG|MONTE CARMELO,glp,6,105.0,99.5,105.0,94.0,105.0
2026-01,MUN,MG|MONTES CLAROS,glp,23,115.0,103.2,123.2,97.0,130.0
2026-01,MUN,MG|MURIAE,glp,6,105.0,105.0,110.0,105.0,110.0
2026-01,MUN,MG|NOVA LIMA,glp,6,114.25,103.5,120.95,102.0,124.9
2026-01,MUN,MG|OLIVEIRA,glp,4,108.75,104.93,112.5,104.9,112.5
2026-01,MUN,MG|OURO PRETO,glp,3,109.0,102.6,109.8,101.0,110.0
2026-01,MUN,MG|PARA DE MINAS,glp,7,95.0,92.996,108.8,89.99,122.0
2026-01,MUN,MG|PARACATU,glp,7,110.0,103.0,113.8,100.0,115.0
2026-01,MUN,MG|PATROCINIO,glp,7,105.0,100.0,108.8,100.0,110.0
2026-01,MUN,MG|POCOS DE CALDAS,glp,7,118.0,116.2,119.994,115.0,120.0
2026-01,MUN,MG|SABARA,glp,7,120.0,113.0,122.0,110.0,125.0
2026-01,MUN,MG|SAO JOAO DEL REI,glp,7,110.0,109.594,112.0,109.0,115.0
2026-01,MUN,MG|SAO SEBASTIAO DO PARAISO,glp,8,100.0,94.997,110.0,94.99,110.0
2026-01,MUN,MG|SETE LAGOAS,glp,10,98.99,91.71,115.5,90.0,120.0
2026-01,MUN,MG|TEOFILO OTONI,glp,7,120.0,118.0,120.0,118.0,120.0
2026-01,MUN,MG|TIMOTEO,glp,8,105.0,100.0,120.0,100.0,120.0
2026-01,MUN,MG|TRES CORACOES,glp,7,95.0,87.996,97.0,84.99,100.0
2026-01,MUN,MG|UBA,glp,3,120.0,116.0,120.0,115.0,120.0
2026-01,MUN,MG|UBERABA,glp,12,100.0,92.2,114.5,88.0,115.0
2026-01,MUN,MG|UBERLANDIA,glp,17,105.0,94.536,117.8,91.99,125.0
2026-01,MUN,MG|UNAI,glp,7,115.0,115.0,117.0,115.0,120.0
2026-01,MUN,MG|VARGINHA,glp,7,103.0,90.0,110.0,90.0,110.0
2026-01,MUN,MG|VICOSA,glp,7,120.0,105.6,120.0,99.0,120.0
2026-01,MUN,MS|CAMPO GRANDE,glp,34,109.0,99.27,120.0,95.0,130.0
2026-01,MUN,MS|CORUMBA,glp,6,130.0,122.5,135.0,120.0,140.0
2026-01,MUN,MS|DOURADOS,glp,15,115.0,110.0,129.0,110.0,145.0
2026-01,MUN,MS|PONTA PORA,glp,5,120.0,120.0,126.0,120.0,130.0
2026-01,MUN,MS|TRES LAGOAS,glp,8,125.0,121.15,132.4,118.0,138.0
2026-01,MUN,MT|ALTA FLORESTA,glp,6,142.5,135.0,147.5,135.0,150.0
2026-01,MUN,MT|CACERES,glp,10,125.0,124.5,125.4,120.0,129.0
2026-01,MUN,MT|CUIABA,glp,26,115.5,110.0,130.0,105.0,140.0
2026-01,MUN,MT|RONDONOPOLIS,glp,7,130.0,121.4,137.0,116.0,140.0
2026-01,MUN,MT|SINOP,glp,11,140.0,130.0,140.0,128.0,140.0
2026-01,MUN,MT|VARZEA GRANDE,glp,19,115.0,99.119,126.0,94.99,130.0
2026-01,MUN,PA|ABAETETUBA,glp,5,113.0,113.0,113.0,113.0,113.0
2026-01,MUN,PA|ALENQUER,glp,4,115.0,113.6,115.0,113.0,115.0
2026-01,MUN,PA|ALTAMIRA,glp,7,130.0,116.794,132.8,115.0,134.0
2026-01,MUN,PA|ANANINDEUA,glp,13,103.0,98.992,110.0,98.99,115.0
2026-01,MUN,PA|BELEM,glp,25,115.0,109.4,120.0,104.99,125.0
2026-01,MUN,PA|BRAGANCA,glp,1,105.0,105.0,105.0,105.0,105.0
2026-01,MUN,PA|CASTANHAL,glp,8,115.0,108.5,115.0,105.0,115.0
2026-01,MUN,PA|CONCEICAO DO ARAGUAIA,glp,6,110.0,110.0,110.0,110.0,110.0
2026-01,MUN,PA|MARABA,glp,2,125.0,125.0,125.0,125.0,125.0
2026-01,MUN,PA|PARAGOMINAS,glp,7,130.0,121.0,130.0,115.0,130.0
2026-01,MUN,PA|PARAUAPEBAS,glp,8,125.0,125.0,130.0,125.0,130.0
2026-01,MUN,PA|SANTAREM,glp,15,90.0,85.0,110.0,79.99,170.0
2026-01,MUN,PB|BAYEUX,glp,6,115.0,110.0,115.0,105.0,115.0
2026-01,MUN,PB|CABEDELO,glp,7,105.0,105.0,108.8,105.0,110.0
2026-01,MUN,PB|CAMPINA GRANDE,glp,8,102.5,93.5,110.0,90.0,110.0
2026-01,MUN,PB|JOAO PESSOA,glp,25,105.0,105.0,110.0,89.99,110.0
2026-01,MUN,PB|PATOS,glp,6,110.0,110.0,113.5,110.0,115.0
2026-01,MUN,PB|SOUSA,glp,4,110.0,109.65,113.5,109.5,115.0
2026-01,MUN,PE|ARARIPINA,glp,7,110.0,110.0,110.0,110.0,110.0
2026-01,MUN,PE|ARCOVERDE,glp,7,100.0,93.0,100.0,90.0,100.0
2026-01,MUN,PE|BELO JARDIM,glp,3,100.0,96.0,100.0,95.0,100.0
2026-01,MUN,PE|CABO DE SANTO AGOSTINHO,glp,6,97.0,91.5,105.0,90.0,105.0
2026-01,MUN,PE|CARUARU,glp,10,90.0,89.791,94.991,88.0,95.0
2026-01,MUN,PE|GARANHUNS,glp,7,110.0,107.996,110.0,104.99,110.0
2026-01,MUN,PE|GOIANA,glp,5,90.0,88.0,90.0,88.0,90.0
2026-01,MUN,PE|IGARASSU,glp,7,100.0,95.0,108.5,95.0,110.0
2026-01,MUN,PE|JABOATAO DOS GUARARAPES,glp,10,100.0,97.49,106.0,92.99,115.0
2026-01,MUN,PE|LAJEDO,glp,4,90.0,90.0,95.25,90.0,97.5
2026-01,MUN,PE|OLINDA,glp,9,97.5,90.0,102.0,90.0,110.0
2026-01,MUN,PE|PAULISTA,glp,10,98.995,95.0,100.0,95.0,100.0
2026-01,MUN,PE|PETROLINA,glp,12,112.5,110.0,119.5,110.0,130.0
2026-01,MUN,PE|RECIFE,glp,15,95.0,90.0,99.996,90.0,110.0
2026-01,MUN,PE|SALGUEIRO,glp,5,115.0,110.0,115.0,110.0,115.0
2026-01,MUN,PE|SANTA CRUZ DO CAPIBARIBE,glp,3,110.0,110.0,110.0,110.0,110.0
2026-01,MUN,PE|SERRA TALHADA,glp,6,120.0,120.0,122.0,120.0,122.0
2026-01,MUN,PE|VITORIA DE SANTO ANTAO,glp,7,95.0,95.0,96.994,95.0,97.0
2026-01,MUN,PI|PARNAIBA,glp,7,115.0,113.0,120.0,110.0,120.0
2026-01,MUN,PI|PICOS,glp,7,107.0,103.0,108.8,100.0,110.0
2026-01,MUN,PI|PIRIPIRI,glp,7,110.0,107.99,126.196,104.99,127.99
2026-01,MUN,PI|TERESINA,glp,26,105.0,102.495,110.0,100.0,115.0
2026-01,MUN,PR|APUCARANA,glp,10,103.75,99.9,110.25,99.9,112.5
2026-01,MUN,PR|ARAPONGAS,glp,8,105.0,105.0,105.0,105.0,105.0
2026-01,MUN,PR|ARAUCARIA,glp,10,100.0,99.76,100.5,98.5,105.0
2026-01,MUN,PR|CAMBE,glp,7,115.0,108.0,117.0,105.0,120.0
2026-01,MUN,PR|CAMPO LARGO,glp,9,100.0,98.99,102.8,98.95,106.0
2026-01,MUN,PR|CAMPO MOURAO,glp,7,115.0,110.0,119.9,110.0,123.5
2026-01,MUN,PR|CASCAVEL,glp,15,115.0,106.96,115.0,90.0,120.0
2026-01,MUN,PR|CASTRO,glp,7,115.0,112.96,117.8,109.9,119.0
2026-01,MUN,PR|CIANORTE,glp,7,125.0,100.96,132.0,87.4,135.0
2026-01,MUN,PR|COLOMBO,glp,12,99.0,94.909,104.5,94.9,108.0
2026-01,MUN,PR|CORNELIO PROCOPIO,glp,2,115.0,115.0,115.0,115.0,115.0
2026-01,MUN,PR|CURITIBA,glp,41,105.0,99.0,109.99,92.0,119.9
2026-01,MUN,PR|FOZ DO IGUACU,glp,15,115.0,114.997,120.0,110.0,125.0
2026-01,MUN,PR|FRANCISCO BELTRAO,glp,6,115.0,110.0,118.75,108.0,120.0
2026-01,MUN,PR|GUARAPUAVA,glp,10,108.95,104.7,110.5,102.0,115.0
2026-01,MUN,PR|LONDRINA,glp,15,110.0,100.0,116.5,100.0,120.0
2026-01,MUN,PR|MARINGA,glp,12,110.0,99.991,129.0,99.99,135.0
2026-01,MUN,PR|PARANAGUA,glp,7,95.0,93.8,102.0,92.0,105.0
2026-01,MUN,PR|PARANAVAI,glp,7,104.99,104.1,104.99,102.9,104.99
2026-01,MUN,PR|PATO BRANCO,glp,2,122.0,119.6,124.4,119.0,125.0
2026-01,MUN,PR|PONTA GROSSA,glp,7,110.0,106.74,111.9,105.0,112.5
2026-01,MUN,PR|SANTO ANTONIO DA PLATINA,glp,7,115.0,113.96,115.0,113.9,115.0
2026-01,MUN,PR|SAO JOSE DOS PINHAIS,glp,14,100.0,92.4,100.0,90.0,106.9
2026-01,MUN,PR|TOLEDO,glp,10,112.5,99.99,118.19,99.99,119.9
2026-01,MUN,PR|UMUARAMA,glp,7,115.0,115.0,122.0,115.0,125.0
2026-01,MUN,PR|UNIAO DA VITORIA,glp,7,110.0,108.0,116.2,105.0,118.0
2026-01,MUN,RJ|ANGRA DOS REIS,glp,7,125.0,125.0,125.76,125.0,126.9
2026-01,MUN,RJ|ARARUAMA,glp,7,90.0,87.994,98.0,85.0,98.0
2026-01,MUN,RJ|BARRA DO PIRAI,glp,4,98.998,92.392,101.4,89.99,102.0
2026-01,MUN,RJ|BARRA MANSA,glp,7,98.9,94.9,109.34,94.9,113.0
2026-01,MUN,RJ|BELFORD ROXO,glp,7,90.0,85.994,97.0,80.0,100.0
2026-01,MUN,RJ|CABO FRIO,glp,3,94.99,90.998,94.99,90.0,94.99
2026-01,MUN,RJ|CAMPOS DOS GOYTACAZES,glp,2,104.995,100.991,108.999,99.99,110.0
2026-01,MUN,RJ|ITABORAI,glp,10,104.99,103.491,105.2,90.0,106.995
2026-01,MUN,RJ|ITAPERUNA,glp,7,105.0,99.99,105.0,99.99,105.0
2026-01,MUN,RJ|MACAE,glp,6,145.0,144.995,145.995,144.99,146.99
2026-01,MUN,RJ|MARICA,glp,7,95.0,93.0,100.79,90.0,101.99
2026-01,MUN,RJ|NILOPOLIS,glp,7,115.0,113.0,115.0,110.0,115.0
2026-01,MUN,RJ|NITEROI,glp,7,89.99,87.994,105.554,85.0,113.9
2026-01,MUN,RJ|NOVA FRIBURGO,glp,7,105.0,96.396,107.0,90.99,110.0
2026-01,MUN,RJ|NOVA IGUACU,glp,15,95.0,80.0,120.0,79.99,120.0
2026-01,MUN,RJ|PETROPOLIS,glp,7,99.99,85.994,111.2,80.0,113.0
2026-01,MUN,RJ|RESENDE,glp,7,115.0,114.996,115.0,114.99,115.0
2026-01,MUN,RJ|RIO BONITO,glp,7,87.0,82.994,89.4,80.0,90.0
2026-01,MUN,RJ|RIO DE JANEIRO,glp,25,95.0,89.994,105.0,89.99,105.0
2026-01,MUN,RJ|SANTO ANTONIO DE PADUA,glp,4,105.0,104.3,107.8,104.0,109.0
2026-01,MUN,RJ|SAO GONCALO,glp,14,104.99,101.19,105.0,99.99,107.0
2026-01,MUN,RJ|SAO JOAO DE MERITI,glp,10,94.995,89.999,100.5,89.99,105.0
2026-01,MUN,RJ|SAQUAREMA,glp,7,91.99,90.0,94.661,90.0,95.0
2026-01,MUN,RJ|TRES RIOS,glp,7,89.99,88.99,104.99,87.49,104.99
2026-01,MUN,RJ|VOLTA REDONDA,glp,8,99.99,99.027,104.99,96.99,104.99
2026-01,MUN,RN|CAICO,glp,6,120.0,109.995,120.0,99.99,120.0
2026-01,MUN,RN|MOSSORO,glp,9,110.0,99.0,113.4,95.0,115.0
2026-01,MUN,RN|NATAL,glp,17,110.0,98.0,122.0,90.0,130.0
2026-01,MUN,RN|PARNAMIRIM,glp,10,101.245,99.81,110.0,99.0,110.0
2026-01,MUN,RO|ARIQUEMES,glp,7,120.0,117.934,130.0,115.0,130.0
2026-01,MUN,RO|CACOAL,glp,7,135.0,134.6,140.4,134.0,144.0
2026-01,MUN,RO|JI-PARANA,glp,8,122.5,115.91,128.7,112.2,135.0
2026-01,MUN,RO|PIMENTA BUENO,glp,4,146.5,143.6,148.0,143.0,148.0
2026-01,MUN,RO|PORTO VELHO,glp,24,120.0,115.0,129.9,110.0,138.0
2026-01,MUN,RO|VILHENA,glp,7,132.0,124.19,133.0,115.49,133.0
2026-01,MUN,RR|BOA VISTA,glp,23,142.0,133.4,148.8,130.0,156.0
2026-01,MUN,RS|ALEGRETE,glp,7,110.0,105.0,117.0,105.0,120.0
2026-01,MUN,RS|ALVORADA,glp,6,110.0,107.5,110.0,107.0,110.0
2026-01,MUN,RS|BAGE,glp,8,122.5,117.0,125.6,117.0,127.0
2026-01,MUN,RS|BENTO GONCALVES,glp,7,124.0,118.0,128.4,115.0,129.0
2026-01,MUN,RS|CACHOEIRA DO SUL,glp,7,107.5,105.0,111.0,105.0,112.5
2026-01,MUN,RS|CACHOEIRINHA,glp,7,115.0,110.396,117.4,107.99,121.0
2026-01,MUN,RS|CANOAS,glp,15,109.0,104.94,113.0,102.45,115.0
2026-01,MUN,RS|CAXIAS DO SUL,glp,17,115.0,109.0,120.2,105.0,130.0
2026-01,MUN,RS|CRUZ ALTA,glp,6,99.0,99.0,99.0,99.0,99.0
2026-01,MUN,RS|ERECHIM,glp,9,130.0,130.0,139.92,130.0,140.0
2026-01,MUN,RS|ESTEIO,glp,7,110.0,108.0,117.4,105.0,121.0
2026-01,MUN,RS|GRAMADO,glp,6,118.25,112.5,130.0,110.0,135.0
2026-01,MUN,RS|GRAVATAI,glp,9,112.0,103.598,115.0,97.99,115.0
2026-01,MUN,RS|GUAIBA,glp,6,102.45,99.9,109.0,99.9,110.0
2026-01,MUN,RS|IJUI,glp,7,104.99,101.79,121.2,99.99,132.0
2026-01,MUN,RS|LAJEADO,glp,7,124.0,117.4,130.0,115.0,130.0
2026-01,MUN,RS|NOVO HAMBURGO,glp,10,105.0,99.981,110.5,99.9,115.0
2026-01,MUN,RS|OSORIO,glp,7,108.0,107.194,114.9,106.0,114.9
2026-01,MUN,RS|PASSO FUNDO,glp,12,120.0,115.3,125.0,115.0,125.0
2026-01,MUN,RS|PELOTAS,glp,15,115.0,113.0,120.8,108.9,124.0
2026-01,MUN,RS|PORTO ALEGRE,glp,15,115.0,107.0,128.0,100.0,129.9
2026-01,MUN,RS|SANTA CRUZ DO SUL,glp,9,115.0,115.0,116.4,115.0,122.0
2026-01,MUN,RS|SANTA MARIA,glp,13,114.0,111.56,119.52,110.0,120.0
2026-01,MUN,RS|SANTA ROSA,glp,7,125.0,118.8,129.0,117.0,135.0
2026-01,MUN,RS|SANTANA DO LIVRAMENTO,glp,7,130.0,130.0,130.0,130.0,130.0
2026-01,MUN,RS|SANTO ANGELO,glp,4,120.0,112.993,125.6,109.99,128.0
2026-01,MUN,RS|SAO GABRIEL,glp,6,115.75,115.0,119.0,115.0,120.0
2026-01,MUN,RS|SAO LEOPOLDO,glp,7,105.0,102.994,105.36,100.0,105.9
2026-01,MUN,RS|SAO LUIZ GONZAGA,glp,6,112.5,105.0,122.5,105.0,125.0
2026-01,MUN,RS|SAPIRANGA,glp,7,115.0,109.0,115.0,109.0,115.0
2026-01,MUN,RS|SAPUCAIA DO SUL,glp,8,107.5,103.5,115.0,100.0,115.0
2026-01,MUN,RS|TORRES,glp,3,120.0,115.992,122.4,114.99,123.0
2026-01,MUN,RS|URUGUAIANA,glp,7,120.0,117.0,138.0,112.5,150.0
2026-01,MUN,RS|VACARIA,glp,7,120.0,115.6,123.0,112.0,123.0
2026-01,MUN,RS|VIAMAO,glp,10,110.225,102.9,115.4,102.0,119.0
2026-01,MUN,SC|BLUMENAU,glp,9,129.99,119.0,131.0,115.0,135.0
2026-01,MUN,SC|BRUSQUE,glp,3,120.0,120.0,134.392,120.0,137.99
2026-01,MUN,SC|CACADOR,glp,6,120.0,119.995,137.5,119.99,145.0
2026-01,MUN,SC|CHAPECO,glp,9,130.0,118.6,140.0,117.0,140.0
2026-01,MUN,SC|CONCORDIA,glp,5,110.0,99.4,116.0,99.0,120.0
2026-01,MUN,SC|CRICIUMA,glp,7,110.0,108.0,119.0,105.0,125.0
2026-01,MUN,SC|FLORIANOPOLIS,glp,7,129.0,117.67,135.4,115.0,136.0
2026-01,MUN,SC|ITAJAI,glp,13,115.9,105.0,129.0,105.0,129.99
2026-01,MUN,SC|JOINVILLE,glp,9,117.0,110.0,126.6,110.0,133.0
2026-01,MUN,SC|LAGUNA,glp,7,115.0,110.0,118.8,110.0,120.0
2026-01,MUN,SC|MAFRA,glp,6,107.5,93.995,114.95,87.99,115.0
2026-01,MUN,SC|SAO JOSE,glp,10,120.0,115.9,124.0,115.0,124.0
2026-01,MUN,SC|TUBARAO,glp,7,110.0,101.0,112.0,95.0,115.0
2026-01,MUN,SC|VIDEIRA,glp,6,124.5,114.995,128.0,109.99,128.0
2026-01,MUN,SC|XANXERE,glp,5,115.0,111.6,119.96,110.0,120.0
2026-01,MUN,SE|ARACAJU,glp,5,109.9,106.96,109.9,105.0,109.9
2026-01,MUN,SE|ITABAIANA,glp,7,110.0,109.2,115.0,108.0,115.0
2026-01,MUN,SE|LAGARTO,glp,5,110.0,103.5,110.0,102.5,110.0
2026-01,MUN,SE|NOSSA SENHORA DO SOCORRO,glp,9,110.0,105.0,110.0,105.0,110.0
2026-01,MUN,SP|ADAMANTINA,glp,7,100.0,98.788,109.94,97.0,110.0
2026-01,MUN,SP|AMERICANA,glp,7,110.0,104.99,115.396,104.99,115.99
2026-01,MUN,SP|ARACATUBA,glp,15,104.99,99.992,105.0,95.99,106.0
2026-01,MUN,SP|ARARAQUARA,glp,11,118.5,110.0,120.0,105.0,125.0
2026-01,MUN,SP|ARARAS,glp,7,112.0,112.0,113.2,112.0,115.0
2026-01,MUN,SP|ASSIS,glp,9,115.0,104.99,120.0,104.95,120.0
2026-01,MUN,SP|AVARE,glp,7,99.0,99.0,109.0,99.0,109.0
2026-01,MUN,SP|BARRETOS,glp,6,110.0,105.0,112.5,105.0,115.0
2026-01,MUN,SP|BARUERI,glp,9,110.0,108.99,125.198,104.99,125.99
2026-01,MUN,SP|BAURU,glp,11,105.0,95.0,110.0,94.99,111.0
2026-01,MUN,SP|BEBEDOURO,glp,5,115.0,110.0,116.8,110.0,118.0
2026-01,MUN,SP|BERTIOGA,glp,1,124.99,124.99,124.99,124.99,124.99
2026-01,MUN,SP|BIRIGUI,glp,9,105.0,98.891,110.0,94.495,110.0
2026-01,MUN,SP|BOTUCATU,glp,8,102.5,100.0,109.965,100.0,110.0
2026-01,MUN,SP|CACAPAVA,glp,7,99.99,86.394,100.0,81.0,100.0
2026-01,MUN,SP|CAMPINAS,glp,13,104.99,104.99,109.998,104.99,110.99
2026-01,MUN,SP|CARAGUATATUBA,glp,7,110.0,108.194,122.94,107.0,135.0
2026-01,MUN,SP|CARAPICUIBA,glp,11,105.0,102.0,119.99,94.99,119.99
2026-01,MUN,SP|CATANDUVA,glp,7,109.8,109.8,119.8,109.8,119.8
2026-01,MUN,SP|COSMOPOLIS,glp,7,94.99,92.99,104.0,89.99,110.0
2026-01,MUN,SP|COTIA,glp,4,112.49,108.59,114.99,107.99,114.99
2026-01,MUN,SP|CRUZEIRO,glp,7,94.99,94.99,94.994,94.99,95.0
2026-01,MUN,SP|CUBATAO,glp,6,119.0,109.99,125.0,109.99,125.0
2026-01,MUN,SP|DIADEMA,glp,8,110.0,107.09,119.993,104.99,120.0
2026-01,MUN,SP|EMBU DAS ARTES,glp,9,114.99,103.998,119.992,99.99,120.0
2026-01,MUN,SP|FRANCA,glp,11,109.99,104.99,115.0,104.99,115.0
2026-01,MUN,SP|GARCA,glp,6,125.0,120.0,125.0,115.0,125.0
2026-01,MUN,SP|GUARATINGUETA,glp,6,87.45,84.9,110.0,84.9,115.0
2026-01,MUN,SP|GUARUJA,glp,6,119.995,112.495,120.0,105.0,120.0
2026-01,MUN,SP|GUARULHOS,glp,13,100.0,94.992,114.198,90.0,118.0
2026-01,MUN,SP|HORTOLANDIA,glp,8,99.99,94.99,102.997,94.99,109.99
2026-01,MUN,SP|IBITINGA,glp,7,110.0,110.0,125.0,110.0,128.0
2026-01,MUN,SP|INDAIATUBA,glp,6,118.0,115.495,118.995,114.99,119.0
2026-01,MUN,SP|ITANHAEM,glp,6,110.0,107.495,117.5,105.0,120.0
2026-01,MUN,SP|ITAPECERICA DA SERRA,glp,6,116.24,109.99,118.74,109.99,119.99
2026-01,MUN,SP|ITAPETININGA,glp,6,129.998,117.5,130.0,110.0,130.0
2026-01,MUN,SP|ITAPEVA,glp,5,115.99,106.99,117.79,104.99,118.99
2026-01,MUN,SP|ITAPIRA,glp,5,115.0,111.996,116.194,110.0,116.99
2026-01,MUN,SP|ITAPOLIS,glp,7,129.0,124.8,131.0,120.0,131.0
2026-01,MUN,SP|ITAQUAQUECETUBA,glp,11,94.99,90.48,100.0,87.99,104.99
2026-01,MUN,SP|ITU,glp,5,115.0,113.2,116.8,112.0,118.0
2026-01,MUN,SP|JABOTICABAL,glp,6,99.9,99.45,104.995,99.0,110.0
2026-01,MUN,SP|JACAREI,glp,9,99.0,92.2,109.9,85.0,109.9
2026-01,MUN,SP|JAU,glp,7,110.0,104.6,118.76,104.0,119.9
2026-01,MUN,SP|JOSE BONIFACIO,glp,6,107.25,101.0,109.0,100.0,110.0
2026-01,MUN,SP|JUNDIAI,glp,9,116.99,105.99,125.0,105.99,125.0
2026-01,MUN,SP|LEME,glp,2,92.0,90.4,93.6,90.0,94.0
2026-01,MUN,SP|LIMEIRA,glp,9,104.99,99.99,109.6,99.99,128.0
2026-01,MUN,SP|LINS,glp,7,108.0,92.996,124.0,89.99,130.0
2026-01,MUN,SP|LORENA,glp,5,92.0,86.996,100.2,85.0,105.0
2026-01,MUN,SP|MARILIA,glp,8,127.5,125.0,133.6,125.0,135.0
2026-01,MUN,SP|MATAO,glp,2,122.99,122.99,122.99,122.99,122.99
2026-01,MUN,SP|MAUA,glp,10,109.99,104.49,114.991,99.99,115.0
2026-01,MUN,SP|MOCOCA,glp,7,115.0,112.99,119.4,109.99,120.0
2026-01,MUN,SP|MOGI DAS CRUZES,glp,5,110.0,107.0,117.0,105.0,117.0
2026-01,MUN,SP|MOGI GUACU,glp,5,115.0,112.0,118.0,110.0,120.0
2026-01,MUN,SP|MOGI MIRIM,glp,5,110.0,110.0,117.4,110.0,119.0
2026-01,MUN,SP|MONTE ALTO,glp,7,110.0,105.8,110.0,102.5,110.0
2026-01,MUN,SP|OLIMPIA,glp,7,94.0,92.0,94.0,92.0,94.0
2026-01,MUN,SP|OSASCO,glp,12,105.99,94.99,119.491,94.99,124.99
2026-01,MUN,SP|OURINHOS,glp,6,108.225,105.0,111.5,105.0,113.0
2026-01,MUN,SP|PAULINIA,glp,7,110.0,104.996,110.0,104.99,110.0
2026-01,MUN,SP|PIRACICABA,glp,11,105.0,94.99,115.0,89.99,120.0
2026-01,MUN,SP|PIRASSUNUNGA,glp,7,110.0,102.9,113.6,102.9,119.0
2026-01,MUN,SP|POA,glp,7,105.0,94.99,109.99,94.99,109.99
2026-01,MUN,SP|PORTO FERREIRA,glp,6,107.5,102.5,112.5,100.0,115.0
2026-01,MUN,SP|PRAIA GRANDE,glp,10,120.0,109.99,125.0,109.99,125.0
2026-01,MUN,SP|PRESIDENTE PRUDENTE,glp,12,114.995,95.49,120.0,94.9,120.0
2026-01,MUN,SP|RIBEIRAO PIRES,glp,9,115.0,98.918,140.0,94.99,140.0
2026-01,MUN,SP|RIO CLARO,glp,1,103.0,103.0,103.0,103.0,103.0
2026-01,MUN,SP|SALTO,glp,4,102.995,98.593,111.247,97.99,113.5
2026-01,MUN,SP|SANTO ANDRE,glp,10,109.99,99.99,120.191,99.99,122.0
2026-01,MUN,SP|SANTOS,glp,9,125.0,123.0,131.98,115.0,139.9
2026-01,MUN,SP|SAO BERNARDO DO CAMPO,glp,5,134.99,116.996,140.0,115.0,140.0
2026-01,MUN,SP|SAO CAETANO DO SUL,glp,4,114.995,114.99,115.0,114.99,115.0
2026-01,MUN,SP|SAO CARLOS,glp,12,130.0,125.1,138.3,125.0,139.0
2026-01,MUN,SP|SAO JOAO DA BOA VISTA,glp,7,110.0,109.196,110.0,107.99,110.0
2026-01,MUN,SP|SAO JOSE DO RIO PRETO,glp,22,120.0,109.99,120.0,105.0,130.0
2026-01,MUN,SP|SAO JOSE DOS CAMPOS,glp,15,99.99,93.49,114.996,89.99,120.0
2026-01,MUN,SP|SAO PAULO,glp,44,114.99,99.99,125.493,94.99,139.99
2026-01,MUN,SP|SAO VICENTE,glp,10,115.0,103.59,125.0,99.99,125.0
2026-01,MUN,SP|SOROCABA,glp,15,112.99,109.396,127.56,102.99,128.0
2026-01,MUN,SP|SUMARE,glp,8,99.99,93.49,104.99,89.99,104.99
2026-01,MUN,SP|SUZANO,glp,8,102.49,93.49,114.9,89.99,117.0
2026-01,MUN,SP|TABOAO DA SERRA,glp,6,109.995,102.49,115.995,99.99,119.99
2026-01,MUN,SP|TATUI,glp,4,119.0,115.896,127.0,114.995,130.0
2026-01,MUN,SP|TAUBATE,glp,10,91.5,87.691,99.5,85.0,104.0
2026-01,MUN,SP|TUPA,glp,4,119.0,110.9,125.0,110.0,125.0
2026-01,MUN,SP|UBATUBA,glp,6,105.0,97.75,108.0,97.5,108.0
2026-01,MUN,SP|VALINHOS,glp,5,109.99,106.196,114.754,105.0,115.99
2026-01,MUN,SP|VARZEA PAULISTA,glp,4,97.5,94.993,114.0,94.99,120.0
2026-01,MUN,SP|VOTORANTIM,glp,7,114.99,110.896,115.0,109.99,115.0
2026-01,MUN,SP|VOTUPORANGA,glp,10,110.0,104.5,119.1,100.0,120.0
2026-01,MUN,TO|ARAGUAINA,glp,12,125.0,122.75,130.0,117.0,130.0
2026-01,MUN,TO|GURUPI,glp,8,125.0,122.9,131.5,118.0,135.0
2026-01,MUN,TO|PALMAS,glp,11,130.0,125.0,135.0,125.0,135.0
2026-01,MUN,TO|PARAISO DO TOCANTINS,glp,7,135.0,133.0,138.2,130.0,143.0
2026-01,UF,AC,glp,24,124.0,115.3,130.0,110.0,133.0
2026-01,UF,AL,glp,48,105.0,96.75,111.2,84.99,120.0
2026-01,UF,AM,glp,79,123.0,120.0,134.6,118.0,143.0
2026-01,UF,BA,glp,175,114.0,96.0,134.0,87.99,150.0
2026-01,UF,CE,glp,79,115.0,100.0,120.99,92.0,129.0
2026-01,UF,DF,glp,34,104.99,94.29,110.0,91.49,112.0
2026-01,UF,ES,glp,86,100.0,90.0,111.0,87.99,122.0
2026-01,UF,GO,glp,166,110.0,98.0,120.0,85.0,135.0
2026-01,UF,MA,glp,78,120.0,115.0,130.0,99.0,130.0
2026-01,UF,MG,glp,424,109.945,95.0,123.4,84.99,145.0
2026-01,UF,MS,glp,68,118.5,100.0,130.0,95.0,145.0
2026-01,UF,MT,glp,79,125.0,105.0,140.0,94.99,150.0
2026-01,UF,PA,glp,101,113.0,98.99,130.0,79.99,170.0
2026-01,UF,PB,glp,56,105.0,102.5,115.0,89.99,115.0
2026-01,UF,PE,glp,133,100.0,90.0,115.0,88.0,130.0
2026-01,UF,PI,glp,47,109.99,104.99,115.0,100.0,127.99
2026-01,UF,PR,glp,261,107.5,99.0,119.9,87.4,135.0
2026-01,UF,RJ,glp,199,99.99,89.99,115.0,79.99,146.99
2026-01,UF,RN,glp,42,110.0,99.905,120.0,90.0,130.0
2026-01,UF,RO,glp,57,125.0,115.0,138.0,110.0,148.0
2026-01,UF,RR,glp,23,142.0,133.4,148.8,130.0,156.0
2026-01,UF,RS,glp,291,115.0,105.0,128.0,97.99,150.0
2026-01,UF,SC,glp,109,119.45,105.0,130.0,87.99,145.0
2026-01,UF,SE,glp,26,110.0,105.0,110.0,102.5,115.0
2026-01,UF,SP,glp,745,110.0,94.99,125.0,81.0,140.0
2026-01,UF,TO,glp,38,130.0,125.0,135.0,117.0,143.0
2026-02,BR,BR,glp,3468,110.0,95.0,126.0,79.99,156.0
2026-02,MUN,AC|CRUZEIRO DO SUL,glp,1,128.0,128.0,128.0,128.0,128.0
2026-02,MUN,AC|RIO BRANCO,glp,23,124.0,115.2,130.0,110.0,133.0
2026-02,MUN,AL|ARAPIRACA,glp,9,105.0,103.998,108.0,99.99,110.0
2026-02,MUN,AL|DELMIRO GOUVEIA,glp,4,110.0,106.5,113.5,105.0,115.0
2026-02,MUN,AL|MACEIO,glp,26,101.25,94.99,114.0,84.99,120.0
2026-02,MUN,AL|PALMEIRA DOS INDIOS,glp,2,103.75,100.75,106.75,100.0,107.5
2026-02,MUN,AL|RIO LARGO,glp,7,110.0,100.0,110.0,100.0,110.0
2026-02,MUN,AM|MANACAPURU,glp,7,130.0,126.4,135.4,124.0,136.0
2026-02,MUN,AM|MANAUS,glp,66,123.0,122.25,133.0,118.0,143.0
2026-02,MUN,AM|PARINTINS,glp,5,120.0,120.0,126.0,120.0,130.0
2026-02,MUN,AP|MACAPA,glp,12,120.0,115.0,135.3,115.0,136.0
2026-02,MUN,AP|SANTANA,glp,5,123.5,115.0,134.2,115.0,137.0
2026-02,MUN,BA|ALAGOINHAS,glp,9,118.0,115.0,121.2,115.0,126.0
2026-02,MUN,BA|BARREIRAS,glp,7,135.0,128.0,135.0,125.0,135.0
2026-02,MUN,BA|BRUMADO,glp,4,112.5,106.5,115.0,105.0,115.0
2026-02,MUN,BA|CAETITE,glp,7,105.0,99.5,105.0,95.0,105.0
2026-02,MUN,BA|EUNAPOLIS,glp,4,111.0,102.1,115.0,100.0,115.0
2026-02,MUN,BA|FEIRA DE SANTANA,glp,5,95.0,94.394,106.0,93.99,110.0
2026-02,MUN,BA|GUANAMBI,glp,8,105.0,105.0,106.5,105.0,110.0
2026-02,MUN,BA|ILHEUS,glp,7,130.0,123.0,150.0,120.0,150.0
2026-02,MUN,BA|IPIRA,glp,4,112.0,109.9,114.1,109.0,115.0
2026-02,MUN,BA|IRECE,glp,5,120.0,115.0,120.0,115.0,120.0
2026-02,MUN,BA|ITABUNA,glp,6,110.0,107.5,110.0,105.0,110.0
2026-02,MUN,BA|ITAMARAJU,glp,7,105.0,98.0,110.0,95.0,110.0
2026-02,MUN,BA|JACOBINA,glp,5,125.0,118.5,135.1,117.5,138.5
2026-02,MUN,BA|JAGUAQUARA,glp,7,100.0,96.0,108.0,90.0,120.0
2026-02,MUN,BA|JEQUIE,glp,7,88.0,87.19,115.0,85.99,115.0
2026-02,MUN,BA|JUAZEIRO,glp,3,110.0,102.0,110.0,100.0,110.0
2026-02,MUN,BA|LIVRAMENTO DE NOSSA SENHORA,glp,6,115.0,115.0,115.0,115.0,115.0
2026-02,MUN,BA|PAULO AFONSO,glp,2,108.0,108.0,108.0,108.0,108.0
2026-02,MUN,BA|POCOES,glp,7,95.0,94.2,110.0,93.0,110.0
2026-02,MUN,BA|SALVADOR,glp,28,120.0,110.0,130.0,107.5,134.0
2026-02,MUN,BA|SANTO ANTONIO DE JESUS,glp,7,109.5,104.2,117.5,100.0,125.0
2026-02,MUN,BA|SENHOR DO BONFIM,glp,3,125.0,121.0,125.0,120.0,125.0
2026-02,MUN,BA|SERRINHA,glp,7,135.0,123.0,135.0,120.0,135.0
2026-02,MUN,BA|TEIXEIRA DE FREITAS,glp,9,97.0,91.0,97.6,91.0,98.0
2026-02,MUN,BA|VALENCA,glp,4,130.0,123.0,130.0,120.0,130.0
2026-02,MUN,BA|VITORIA DA CONQUISTA,glp,9,115.0,104.0,130.792,100.0,134.0
2026-02,MUN,CE|CANINDE,glp,1,120.0,120.0,120.0,120.0,120.0
2026-02,MUN,CE|CAUCAIA,glp,10,106.5,99.5,116.5,95.0,130.0
2026-02,MUN,CE|CRATEUS,glp,4,112.0,107.9,114.7,107.0,115.0
2026-02,MUN,CE|FORTALEZA,glp,21,115.0,104.99,128.0,101.99,129.0
2026-02,MUN,CE|ICO,glp,4,120.75,114.4,123.95,112.0,125.0
2026-02,MUN,CE|IGUATU,glp,7,119.0,114.0,120.99,108.0,120.99
2026-02,MUN,CE|ITAPIPOCA,glp,7,110.0,105.9,123.5,103.5,125.0
2026-02,MUN,CE|JUAZEIRO DO NORTE,glp,9,120.0,118.6,120.0,113.0,120.0
2026-02,MUN,CE|LIMOEIRO DO NORTE,glp,6,120.0,115.0,120.0,110.0,120.0
2026-02,MUN,CE|QUIXADA,glp,7,115.0,110.193,119.4,105.99,120.0
2026-02,MUN,CE|SOBRAL,glp,4,114.0,106.5,118.0,105.0,118.0
2026-02,MUN,DF|BRASILIA,glp,35,104.99,94.39,110.0,88.99,112.0
2026-02,MUN,ES|ARACRUZ,glp,8,105.0,98.493,115.0,95.0,115.0
2026-02,MUN,ES|CACHOEIRO DE ITAPEMIRIM,glp,1,125.0,125.0,125.0,125.0,125.0
2026-02,MUN,ES|CARIACICA,glp,9,100.0,89.998,102.0,89.99,110.0
2026-02,MUN,ES|COLATINA,glp,7,100.0,98.596,100.0,97.99,100.0
2026-02,MUN,ES|GUARAPARI,glp,6,103.74,100.24,108.995,97.49,112.0
2026-02,MUN,ES|LINHARES,glp,11,110.0,105.0,115.0,105.0,115.0
2026-02,MUN,ES|SAO MATEUS,glp,1,109.99,109.99,109.99,109.99,109.99
2026-02,MUN,ES|SERRA,glp,13,92.99,89.992,102.792,87.99,106.495
2026-02,MUN,ES|VILA VELHA,glp,14,100.0,95.0,100.0,94.995,115.0
2026-02,MUN,ES|VITORIA,glp,7,99.0,93.998,102.0,92.495,105.0
2026-02,MUN,GO|AGUAS LINDAS DE GOIAS,glp,13,105.0,95.39,114.1,94.99,118.0
2026-02,MUN,GO|ANAPOLIS,glp,18,115.0,115.0,115.0,110.0,120.0
2026-02,MUN,GO|APARECIDA DE GOIANIA,glp,21,110.0,99.99,115.0,93.0,120.0
2026-02,MUN,GO|CALDAS NOVAS,glp,10,114.5,108.8,116.0,98.0,125.0
2026-02,MUN,GO|CATALAO,glp,6,112.5,107.5,115.0,105.0,115.0
2026-02,MUN,GO|FORMOSA,glp,7,110.0,103.0,117.0,100.0,120.0
2026-02,MUN,GO|GOIANIA,glp,20,113.75,99.65,115.0,94.99,120.0
2026-02,MUN,GO|GOIATUBA,glp,4,120.0,113.0,120.0,110.0,120.0
2026-02,MUN,GO|ITUMBIARA,glp,7,115.0,110.0,122.0,110.0,125.0
2026-02,MUN,GO|LUZIANIA,glp,6,109.5,103.495,111.0,97.99,112.0
2026-02,MUN,GO|MINEIROS,glp,6,133.0,133.0,133.0,133.0,133.0
2026-02,MUN,GO|MORRINHOS,glp,5,107.5,99.0,110.0,95.0,110.0
2026-02,MUN,GO|PORANGATU,glp,2,119.0,118.2,119.8,118.0,120.0
2026-02,MUN,GO|RIO VERDE,glp,10,125.0,120.0,130.0,120.0,130.0
2026-02,MUN,GO|TRINDADE,glp,13,100.0,94.992,105.0,85.0,120.0
2026-02,MUN,GO|VALPARAISO DE GOIAS,glp,8,105.0,98.427,109.93,94.99,110.0
2026-02,MUN,MA|ACAILANDIA,glp,6,120.0,120.0,120.0,120.0,120.0
2026-02,MUN,MA|BACABAL,glp,7,115.0,107.996,122.0,104.99,125.0
2026-02,MUN,MA|BALSAS,glp,6,130.0,130.0,130.0,130.0,130.0
2026-02,MUN,MA|BARRA DO CORDA,glp,3,115.0,111.0,123.0,110.0,125.0
2026-02,MUN,MA|CODO,glp,6,120.0,114.0,120.0,114.0,120.0
2026-02,MUN,MA|IMPERATRIZ,glp,11,115.0,109.99,115.0,99.0,115.0
2026-02,MUN,MA|PINHEIRO,glp,7,130.0,122.94,130.0,120.0,130.0
2026-02,MUN,MA|PRESIDENTE DUTRA,glp,4,116.5,115.0,119.4,115.0,120.0
2026-02,MUN,MA|SAO JOSE DE RIBAMAR,glp,9,114.495,109.0,119.992,109.0,120.0
2026-02,MUN,MA|SAO LUIS,glp,29,110.0,108.98,120.998,108.9,130.0
2026-02,MUN,MG|ALFENAS,glp,7,102.5,100.0,107.0,100.0,110.0
2026-02,MUN,MG|ARAGUARI,glp,7,105.0,103.8,107.8,102.0,112.0
2026-02,MUN,MG|ARAXA,glp,7,100.0,100.0,103.8,100.0,105.0
2026-02,MUN,MG|BARBACENA,glp,5,102.5,99.4,105.0,99.0,105.0
2026-02,MUN,MG|BELO HORIZONTE,glp,25,105.0,96.196,129.6,94.99,145.0
2026-02,MUN,MG|BETIM,glp,12,109.75,100.05,118.6,90.0,120.0
2026-02,MUN,MG|BOM DESPACHO,glp,4,99.975,99.915,100.0,99.9,100.0
2026-02,MUN,MG|CAMPO BELO,glp,6,110.0,110.0,112.5,110.0,112.5
2026-02,MUN,MG|CARATINGA,glp,7,120.0,115.0,127.0,115.0,130.0
2026-02,MUN,MG|CONGONHAS,glp,7,105.0,96.79,110.8,94.99,115.0
2026-02,MUN,MG|CONSELHEIRO LAFAIETE,glp,6,95.0,92.0,106.5,89.0,115.0
2026-02,MUN,MG|CONTAGEM,glp,11,110.0,99.99,120.0,97.99,125.0
2026-02,MUN,MG|CORONEL FABRICIANO,glp,6,127.5,117.5,130.0,115.0,130.0
2026-02,MUN,MG|CURVELO,glp,7,100.0,94.6,110.8,94.0,115.0
2026-02,MUN,MG|DIVINOPOLIS,glp,10,96.745,89.99,110.5,89.99,115.0
2026-02,MUN,MG|FORMIGA,glp,7,115.0,113.7,118.5,112.5,120.0
2026-02,MUN,MG|FRUTAL,glp,5,99.99,96.6,106.0,95.0,110.0
2026-02,MUN,MG|GOVERNADOR VALADARES,glp,10,125.0,117.7,127.1,115.0,128.0
2026-02,MUN,MG|GUAXUPE,glp,6,92.5,89.9,100.0,89.9,100.0
2026-02,MUN,MG|IPATINGA,glp,4,114.0,103.0,119.4,100.0,120.0
2026-02,MUN,MG|ITAJUBA,glp,6,92.0,87.0,105.0,85.0,115.0
2026-02,MUN,MG|ITAUNA,glp,7,122.0,104.2,126.0,103.0,126.0
2026-02,MUN,MG|ITUIUTABA,glp,7,105.0,98.0,107.8,95.0,112.0
2026-02,MUN,MG|JANAUBA,glp,7,115.0,115.0,120.8,115.0,122.0
2026-02,MUN,MG|JANUARIA,glp,6,130.0,122.495,130.5,120.0,131.0
2026-02,MUN,MG|JOAO MONLEVADE,glp,7,107.5,105.0,111.0,105.0,112.5
2026-02,MUN,MG|JOAO PINHEIRO,glp,7,114.9,99.0,120.0,99.0,120.0
2026-02,MUN,MG|JUIZ DE FORA,glp,15,97.0,88.79,105.99,87.0,108.0
2026-02,MUN,MG|LAVRAS,glp,7,110.0,102.954,127.2,99.9,138.0
2026-02,MUN,MG|LEOPOLDINA,glp,7,110.0,106.998,114.7,102.495,118.0
2026-02,MUN,MG|MONTE CARMELO,glp,6,105.0,98.25,105.0,94.0,105.0
2026-02,MUN,MG|MONTES CLAROS,glp,23,115.0,102.599,123.2,97.0,130.0
2026-02,MUN,MG|MURIAE,glp,6,105.0,102.495,110.0,99.99,110.0
2026-02,MUN,MG|NOVA LIMA,glp,2,116.25,113.25,119.25,112.5,120.0
2026-02,MUN,MG|OLIVEIRA,glp,4,108.75,107.465,110.0,107.45,110.0
2026-02,MUN,MG|OURO PRETO,glp,4,102.5,99.6,108.2,99.0,110.0
2026-02,MUN,MG|PARA DE MINAS,glp,7,95.0,92.996,108.8,89.99,122.0
2026-02,MUN,MG|PARACATU,glp,7,115.0,106.5,120.0,105.0,120.0
2026-02,MUN,MG|PASSOS,glp,7,105.0,100.0,114.0,100.0,120.0
2026-02,MUN,MG|PATROCINIO,glp,7,105.0,103.0,108.8,100.0,110.0
2026-02,MUN,MG|POCOS DE CALDAS,glp,7,118.0,116.2,119.994,115.0,120.0
2026-02,MUN,MG|SAO JOAO DEL REI,glp,7,110.0,109.99,110.0,109.99,110.0
2026-02,MUN,MG|SAO SEBASTIAO DO PARAISO,glp,8,100.0,94.997,111.5,94.99,115.0
2026-02,MUN,MG|SETE LAGOAS,glp,10,99.995,91.71,115.5,90.0,120.0
2026-02,MUN,MG|TEOFILO OTONI,glp,7,120.0,118.0,124.0,118.0,130.0
2026-02,MUN,MG|TIMOTEO,glp,6,110.0,102.5,115.0,100.0,115.0
2026-02,MUN,MG|TRES CORACOES,glp,7,95.0,87.996,97.0,84.99,100.0
2026-02,MUN,MG|UBA,glp,4,120.0,116.5,120.0,115.0,120.0
2026-02,MUN,MG|UBERABA,glp,12,100.0,92.2,114.5,88.0,120.0
2026-02,MUN,MG|UBERLANDIA,glp,17,105.0,92.19,118.7,85.0,125.0
2026-02,MUN,MG|UNAI,glp,6,115.0,115.0,117.5,115.0,120.0
2026-02,MUN,MG|VARGINHA,glp,7,108.0,96.0,111.0,90.0,112.5
2026-02,MUN,MG|VICOSA,glp,7,120.0,107.8,120.0,104.5,120.0
2026-02,MUN,MS|CAMPO GRANDE,glp,33,109.0,100.0,120.0,95.0,125.0
2026-02,MUN,MS|CORUMBA,glp,6,128.748,122.5,130.0,120.0,130.0
2026-02,MUN,MS|DOURADOS,glp,15,115.0,110.0,129.0,110.0,145.0
2026-02,MUN,MS|PONTA PORA,glp,5,120.0,120.0,126.98,120.0,130.0
2026-02,MUN,MS|TRES LAGOAS,glp,7,125.0,125.0,133.2,125.0,138.0
2026-02,MUN,MT|ALTA FLORESTA,glp,6,132.5,120.0,145.0,115.0,145.0
2026-02,MUN,MT|CACERES,glp,10,125.0,124.5,125.4,120.0,129.0
2026-02,MUN,MT|CUIABA,glp,25,116.0,110.0,130.0,105.0,140.0
2026-02,MUN,MT|RONDONOPOLIS,glp,7,130.0,121.4,137.0,116.0,140.0
2026-02,MUN,MT|SINOP,glp,11,140.0,130.0,140.0,128.0,140.0
2026-02,MUN,MT|VARZEA GRANDE,glp,19,115.0,98.92,126.0,94.99,130.0
2026-02,MUN,PA|ABAETETUBA,glp,5,113.0,113.0,113.0,113.0,113.0
2026-02,MUN,PA|ALENQUER,glp,3,115.0,113.4,115.0,113.0,115.0
2026-02,MUN,PA|ALTAMIRA,glp,7,130.0,116.794,132.8,115.0,134.0
2026-02,MUN,PA|ANANINDEUA,glp,13,104.0,98.992,110.0,98.99,115.0
2026-02,MUN,PA|BELEM,glp,25,115.0,109.4,120.0,104.99,125.0
2026-02,MUN,PA|BRAGANCA,glp,2,110.0,106.0,114.0,105.0,115.0
2026-02,MUN,PA|CASTANHAL,glp,8,115.0,108.5,115.0,105.0,115.0
2026-02,MUN,PA|CONCEICAO DO ARAGUAIA,glp,6,110.0,110.0,110.0,110.0,110.0
2026-02,MUN,PA|PARAGOMINAS,glp,7,130.0,128.0,130.0,125.0,130.0
2026-02,MUN,PA|PARAUAPEBAS,glp,8,130.0,126.75,130.0,125.0,130.0
2026-02,MUN,PA|SANTAREM,glp,15,100.0,89.5,110.0,79.99,110.0
2026-02,MUN,PB|BAYEUX,glp,6,115.0,108.75,115.0,105.0,115.0
2026-02,MUN,PB|CABEDELO,glp,7,105.0,105.0,109.4,105.0,110.0
2026-02,MUN,PB|CAMPINA GRANDE,glp,9,101.5,94.0,110.0,90.0,110.0
2026-02,MUN,PB|JOAO PESSOA,glp,26,105.0,102.5,110.0,89.99,120.0
2026-02,MUN,PB|PATOS,glp,7,110.0,108.6,111.0,108.0,112.5
2026-02,MUN,PB|SOUSA,glp,4,110.0,107.9,113.5,107.0,115.0
2026-02,MUN,PE|ARARIPINA,glp,7,110.0,110.0,110.0,110.0,110.0
2026-02,MUN,PE|ARCOVERDE,glp,7,100.0,93.0,100.0,90.0,100.0
2026-02,MUN,PE|CABO DE SANTO AGOSTINHO,glp,6,97.248,94.0,107.5,93.0,110.0
2026-02,MUN,PE|CARUARU,glp,10,90.0,89.791,94.991,88.0,95.0
2026-02,MUN,PE|GARANHUNS,glp,7,105.0,104.996,110.0,104.99,110.0
2026-02,MUN,PE|GOIANA,glp,5,88.0,88.0,90.0,88.0,90.0
2026-02,MUN,PE|IGARASSU,glp,7,100.0,95.0,110.0,95.0,110.0
2026-02,MUN,PE|JABOATAO DOS GUARARAPES,glp,10,100.0,97.049,106.0,92.99,115.0
2026-02,MUN,PE|LAJEDO,glp,6,90.0,90.0,95.0,90.0,95.0
2026-02,MUN,PE|OLINDA,glp,9,100.0,90.0,101.0,90.0,105.0
2026-02,MUN,PE|PAULISTA,glp,10,98.995,95.0,100.0,95.0,100.0
2026-02,MUN,PE|PETROLINA,glp,12,113.25,110.0,119.5,110.0,130.0
2026-02,MUN,PE|RECIFE,glp,15,95.0,90.0,99.996,90.0,110.0
2026-02,MUN,PE|SALGUEIRO,glp,5,115.0,110.0,115.0,110.0,115.0
2026-02,MUN,PE|SANTA CRUZ DO CAPIBARIBE,glp,3,110.0,110.0,110.0,110.0,110.0
2026-02,MUN,PE|SERRA TALHADA,glp,6,120.0,115.0,122.0,110.0,122.0
2026-02,MUN,PE|VITORIA DE SANTO ANTAO,glp,7,95.0,95.0,96.994,95.0,97.0
2026-02,MUN,PI|PARNAIBA,glp,7,115.0,113.0,120.0,110.0,120.0
2026-02,MUN,PI|PICOS,glp,7,106.0,103.0,108.0,100.0,108.0
2026-02,MUN,PI|PIRIPIRI,glp,7,110.0,107.99,126.196,104.99,127.99
2026-02,MUN,PI|TERESINA,glp,26,105.0,100.0,110.0,100.0,115.0
2026-02,MUN,PR|APUCARANA,glp,10,105.0,99.94,110.5,99.9,115.0
2026-02,MUN,PR|ARAPONGAS,glp,8,104.95,102.5,105.0,102.5,105.0
2026-02,MUN,PR|ARAUCARIA,glp,10,100.0,99.51,100.5,96.0,105.0
2026-02,MUN,PR|CAMBE,glp,7,112.5,109.5,117.0,105.0,120.0
2026-02,MUN,PR|CAMPO LARGO,glp,9,100.0,98.98,102.8,98.9,106.0
2026-02,MUN,PR|CAMPO MOURAO,glp,7,120.0,113.0,122.0,110.0,125.0
2026-02,MUN,PR|CASCAVEL,glp,15,115.0,106.96,115.0,90.0,120.0
2026-02,MUN,PR|CASTRO,glp,8,115.0,113.47,117.75,109.9,119.5
2026-02,MUN,PR|CIANORTE,glp,7,125.0,99.96,134.0,84.9,140.0
2026-02,MUN,PR|COLOMBO,glp,12,99.25,94.9,104.5,94.9,108.0
2026-02,MUN,PR|CORNELIO PROCOPIO,glp,3,115.0,107.0,119.0,105.0,120.0
2026-02,MUN,PR|CURITIBA,glp,40,105.0,98.89,109.99,92.0,119.9
2026-02,MUN,PR|FOZ DO IGUACU,glp,16,116.25,105.75,120.0,104.995,125.0
2026-02,MUN,PR|FRANCISCO BELTRAO,glp,4,117.5,112.9,120.0,112.0,120.0
2026-02,MUN,PR|GUARAPUAVA,glp,10,108.45,104.7,110.5,102.0,115.0
2026-02,MUN,PR|LONDRINA,glp,15,110.0,100.0,118.0,100.0,125.0
2026-02,MUN,PR|MARINGA,glp,12,110.0,99.991,129.0,99.99,130.0
2026-02,MUN,PR|PARANAGUA,glp,7,96.0,93.8,102.0,92.0,105.0
2026-02,MUN,PR|PARANAVAI,glp,7,104.99,104.1,104.99,102.9,104.99
2026-02,MUN,PR|PATO BRANCO,glp,3,116.0,113.6,123.2,113.0,125.0
2026-02,MUN,PR|PONTA GROSSA,glp,7,107.9,105.0,113.2,105.0,118.0
2026-02,MUN,PR|SANTO ANTONIO DA PLATINA,glp,7,115.0,113.96,115.0,113.9,115.0
2026-02,MUN,PR|SAO JOSE DOS PINHAIS,glp,14,100.0,91.8,100.0,90.0,106.9
2026-02,MUN,PR|TOLEDO,glp,10,111.0,95.0,119.6,95.0,125.0
2026-02,MUN,PR|UMUARAMA,glp,7,115.0,109.977,119.0,109.95,125.0
2026-02,MUN,PR|UNIAO DA VITORIA,glp,7,110.0,105.0,115.0,105.0,118.0
2026-02,MUN,RJ|ANGRA DOS REIS,glp,7,125.0,125.0,125.76,125.0,126.9
2026-02,MUN,RJ|ARARUAMA,glp,7,90.0,87.994,98.0,85.0,98.0
2026-02,MUN,RJ|BARRA DO PIRAI,glp,3,99.99,97.194,101.598,96.495,102.0
2026-02,MUN,RJ|BARRA MANSA,glp,7,98.9,94.954,109.34,94.9,113.0
2026-02,MUN,RJ|BELFORD ROXO,glp,7,90.0,85.994,95.0,80.0,95.0
2026-02,MUN,RJ|CABO FRIO,glp,3,94.99,90.998,94.99,90.0,94.99
2026-02,MUN,RJ|CAMPOS DOS GOYTACAZES,glp,2,106.495,101.291,111.699,99.99,113.0
2026-02,MUN,RJ|DUQUE DE CAXIAS,glp,11,95.0,89.99,104.99,89.99,109.495
2026-02,MUN,RJ|ITABORAI,glp,10,104.99,103.491,105.199,90.0,106.99
2026-02,MUN,RJ|ITAPERUNA,glp,8,105.0,99.99,105.0,99.99,105.0
2026-02,MUN,RJ|MACAE,glp,6,145.0,144.995,145.995,144.99,146.99
2026-02,MUN,RJ|MARICA,glp,7,95.0,90.0,96.196,90.0,97.99
2026-02,MUN,RJ|NILOPOLIS,glp,7,115.0,113.0,115.0,110.0,115.0
2026-02,MUN,RJ|NITEROI,glp,7,89.99,85.994,105.554,80.0,113.9
2026-02,MUN,RJ|NOVA FRIBURGO,glp,7,104.99,93.396,107.0,90.99,110.0
2026-02,MUN,RJ|NOVA IGUACU,glp,15,95.0,80.0,120.0,79.99,120.0
2026-02,MUN,RJ|PETROPOLIS,glp,7,99.99,85.994,111.2,80.0,113.0
2026-02,MUN,RJ|RESENDE,glp,7,115.0,113.997,115.0,112.5,115.0
2026-02,MUN,RJ|RIO BONITO,glp,7,85.99,82.994,88.2,80.0,90.0
2026-02,MUN,RJ|RIO DE JANEIRO,glp,25,95.0,90.0,105.0,89.99,105.0
2026-02,MUN,RJ|SANTO ANTONIO DE PADUA,glp,4,105.5,105.0,108.1,105.0,109.0
2026-02,MUN,RJ|SAO GONCALO,glp,14,104.99,99.99,105.0,99.99,107.0
2026-02,MUN,RJ|SAO JOAO DE MERITI,glp,9,94.99,89.998,101.0,89.99,105.0
2026-02,MUN,RJ|SAQUAREMA,glp,7,90.0,89.996,94.394,89.99,95.0
2026-02,MUN,RJ|TRES RIOS,glp,7,89.99,89.99,104.99,89.99,104.99
2026-02,MUN,RJ|VALENCA,glp,6,100.0,96.0,101.0,96.0,102.0
2026-02,MUN,RJ|VOLTA REDONDA,glp,8,99.99,97.397,104.958,95.99,104.99
2026-02,MUN,RN|CAICO,glp,6,120.0,109.995,120.0,99.99,120.0
2026-02,MUN,RN|MOSSORO,glp,9,110.0,99.0,113.4,95.0,115.0
2026-02,MUN,RN|NATAL,glp,17,110.0,100.0,123.2,92.0,130.0
2026-02,MUN,RN|PARNAMIRIM,glp,10,106.225,99.405,109.095,99.0,109.95
2026-02,MUN,RO|CACOAL,glp,7,135.0,131.198,141.0,126.995,144.0
2026-02,MUN,RO|JI-PARANA,glp,8,120.0,112.14,125.3,112.0,126.0
2026-02,MUN,RO|PIMENTA BUENO,glp,4,142.5,138.85,146.5,137.5,148.0
2026-02,MUN,RO|PORTO VELHO,glp,24,120.0,112.9,128.5,110.0,138.0
2026-02,MUN,RO|VILHENA,glp,7,130.0,124.19,133.0,115.49,133.0
2026-02,MUN,RR|BOA VISTA,glp,23,142.0,133.4,148.8,130.0,156.0
2026-02,MUN,RS|ALEGRETE,glp,6,115.0,105.0,117.5,105.0,120.0
2026-02,MUN,RS|ALVORADA,glp,6,110.0,108.0,110.0,107.0,110.0
2026-02,MUN,RS|BAGE,glp,8,125.0,119.1,125.6,117.0,127.0
2026-02,MUN,RS|BENTO GONCALVES,glp,7,128.0,120.6,128.4,120.0,129.0
2026-02,MUN,RS|CACHOEIRA DO SUL,glp,7,110.0,110.0,112.0,110.0,115.0
2026-02,MUN,RS|CACHOEIRINHA,glp,7,115.0,110.396,115.2,107.99,115.5
2026-02,MUN,RS|CANOAS,glp,15,109.0,104.92,113.0,100.0,115.0
2026-02,MUN,RS|CAXIAS DO SUL,glp,17,115.0,112.0,121.4,109.0,130.0
2026-02,MUN,RS|CRUZ ALTA,glp,6,99.0,99.0,99.0,99.0,99.0
2026-02,MUN,RS|ERECHIM,glp,9,130.0,130.0,139.92,130.0,140.0
2026-02,MUN,RS|ESTEIO,glp,7,110.0,108.0,117.0,105.0,120.0
2026-02,MUN,RS|GRAMADO,glp,6,117.5,107.5,132.5,105.0,135.0
2026-02,MUN,RS|GRAVATAI,glp,9,112.0,103.598,115.0,97.99,115.0
2026-02,MUN,RS|GUAIBA,glp,6,102.45,97.45,109.0,95.0,110.0
2026-02,MUN,RS|IJUI,glp,7,103.0,101.166,118.794,99.99,132.0
2026-02,MUN,RS|LAJEADO,glp,7,122.0,117.4,126.6,115.0,129.0
2026-02,MUN,RS|NOVO HAMBURGO,glp,10,105.0,99.75,105.6,97.495,111.0
2026-02,MUN,RS|OSORIO,glp,7,107.99,106.098,114.9,105.495,114.9
2026-02,MUN,RS|PASSO FUNDO,glp,13,120.0,115.6,127.4,115.0,128.0
2026-02,MUN,RS|PELOTAS,glp,15,115.0,113.0,120.8,108.9,124.0
2026-02,MUN,RS|PORTO ALEGRE,glp,15,113.0,110.0,128.0,105.0,129.45
2026-02,MUN,RS|SANTA CRUZ DO SUL,glp,9,115.0,115.0,116.4,115.0,122.0
2026-02,MUN,RS|SANTA MARIA,glp,13,115.0,110.4,119.12,109.9,120.0
2026-02,MUN,RS|SANTA ROSA,glp,7,125.0,122.1,129.0,120.0,135.0
2026-02,MUN,RS|SANTANA DO LIVRAMENTO,glp,7,130.0,130.0,130.0,130.0,130.0
2026-02,MUN,RS|SANTO ANGELO,glp,4,122.0,112.993,126.8,109.99,128.0
2026-02,MUN,RS|SAO GABRIEL,glp,6,115.0,115.0,119.0,115.0,120.0
2026-02,MUN,RS|SAO LEOPOLDO,glp,7,105.0,100.994,105.36,95.0,105.9
2026-02,MUN,RS|SAO LUIZ GONZAGA,glp,6,112.5,105.0,122.5,105.0,125.0
2026-02,MUN,RS|SAPIRANGA,glp,7,115.0,109.0,115.0,109.0,115.0
2026-02,MUN,RS|SAPUCAIA DO SUL,glp,7,108.0,103.0,113.8,100.0,115.0
2026-02,MUN,RS|TORRES,glp,3,117.5,115.492,121.9,114.99,123.0
2026-02,MUN,RS|URUGUAIANA,glp,7,120.0,118.0,138.0,115.0,150.0
2026-02,MUN,RS|VACARIA,glp,7,120.0,115.6,123.0,112.0,123.0
2026-02,MUN,RS|VIAMAO,glp,10,110.45,99.86,115.4,99.5,119.0
2026-02,MUN,SC|ARARANGUA,glp,2,112.5,110.5,114.5,110.0,115.0
2026-02,MUN,SC|BLUMENAU,glp,9,129.99,119.0,131.352,115.0,135.0
2026-02,MUN,SC|BRUSQUE,glp,3,120.0,120.0,134.392,120.0,137.99
2026-02,MUN,SC|CACADOR,glp,6,120.0,119.995,137.5,119.99,145.0
2026-02,MUN,SC|CHAPECO,glp,9,130.0,118.6,140.0,117.0,140.0
2026-02,MUN,SC|CONCORDIA,glp,5,110.0,99.4,116.0,99.0,120.0
2026-02,MUN,SC|CRICIUMA,glp,6,112.5,107.5,120.0,105.0,125.0
2026-02,MUN,SC|FLORIANOPOLIS,glp,6,127.0,117.0,135.0,115.0,135.0
2026-02,MUN,SC|ITAJAI,glp,13,117.9,105.0,129.0,105.0,129.99
2026-02,MUN,SC|JOINVILLE,glp,9,115.0,110.0,126.6,110.0,133.0
2026-02,MUN,SC|LAGUNA,glp,6,113.5,110.0,117.995,110.0,118.0
2026-02,MUN,SC|MAFRA,glp,6,110.0,97.495,114.95,89.99,115.0
2026-02,MUN,SC|SAO JOSE,glp,10,121.75,118.691,125.0,116.0,125.0
2026-02,MUN,SC|TUBARAO,glp,7,110.0,101.0,112.0,95.0,115.0
2026-02,MUN,SC|VIDEIRA,glp,6,121.0,109.995,127.5,109.99,128.0
2026-02,MUN,SE|ARACAJU,glp,15,109.45,105.0,109.98,104.9,110.0
2026-02,MUN,SE|ITABAIANA,glp,7,110.0,110.0,115.0,110.0,115.0
2026-02,MUN,SE|LAGARTO,glp,5,110.0,105.0,110.0,105.0,110.0
2026-02,MUN,SE|NOSSA SENHORA DO SOCORRO,glp,9,108.0,103.8,110.0,103.0,110.0
2026-02,MUN,SP|ADAMANTINA,glp,7,100.0,98.8,109.9,97.0,109.9
2026-02,MUN,SP|AMERICANA,glp,7,110.0,104.99,115.396,104.99,115.99
2026-02,MUN,SP|ARACATUBA,glp,15,104.0,99.992,105.0,95.495,106.0
2026-02,MUN,SP|ARARAQUARA,glp,11,118.0,105.0,120.0,102.5,125.0
2026-02,MUN,SP|ARARAS,glp,7,112.0,110.4,113.2,108.0,115.0
2026-02,MUN,SP|ASSIS,glp,9,115.0,104.3,120.0,99.9,120.0
2026-02,MUN,SP|AVARE,glp,7,99.0,98.596,109.0,97.99,109.0
2026-02,MUN,SP|BARRETOS,glp,6,110.0,103.748,111.25,102.495,112.5
2026-02,MUN,SP|BARUERI,glp,9,110.0,104.99,125.198,104.99,125.99
2026-02,MUN,SP|BAURU,glp,10,105.0,94.999,110.1,94.99,111.0
2026-02,MUN,SP|BEBEDOURO,glp,5,115.0,111.6,116.8,110.0,118.0
2026-02,MUN,SP|BERTIOGA,glp,1,124.99,124.99,124.99,124.99,124.99
2026-02,MUN,SP|BIRIGUI,glp,9,105.0,98.59,110.0,92.99,110.0
2026-02,MUN,SP|BOTUCATU,glp,8,107.5,100.0,110.0,100.0,110.0
2026-02,MUN,SP|CACAPAVA,glp,7,94.99,86.394,99.99,81.0,99.99
2026-02,MUN,SP|CAMPINAS,glp,14,107.49,104.99,117.29,104.99,119.99
2026-02,MUN,SP|CARAGUATATUBA,glp,7,108.99,105.898,122.94,103.495,135.0
2026-02,MUN,SP|CARAPICUIBA,glp,10,105.0,104.291,115.49,98.0,119.99
2026-02,MUN,SP|CATANDUVA,glp,6,109.8,109.8,119.8,109.8,119.8
2026-02,MUN,SP|COTIA,glp,7,114.99,109.19,123.036,107.99,129.09
2026-02,MUN,SP|CRUZEIRO,glp,7,94.99,94.99,94.994,94.99,95.0
2026-02,MUN,SP|CUBATAO,glp,6,113.995,95.0,125.0,95.0,125.0
2026-02,MUN,SP|DIADEMA,glp,8,110.0,109.39,120.0,107.99,120.0
2026-02,MUN,SP|EMBU DAS ARTES,glp,9,119.9,103.998,120.0,99.99,120.0
2026-02,MUN,SP|FRANCA,glp,11,109.99,104.99,115.0,104.99,115.0
2026-02,MUN,SP|GARCA,glp,6,125.0,120.0,125.0,115.0,125.0
2026-02,MUN,SP|GUARATINGUETA,glp,6,84.9,82.445,110.0,79.99,115.0
2026-02,MUN,SP|GUARUJA,glp,6,119.995,112.495,120.0,105.0,120.0
2026-02,MUN,SP|GUARULHOS,glp,13,100.0,90.998,114.198,88.99,118.0
2026-02,MUN,SP|HORTOLANDIA,glp,8,94.99,94.981,99.993,94.96,100.0
2026-02,MUN,SP|IBITINGA,glp,7,109.5,103.0,123.2,100.0,128.0
2026-02,MUN,SP|INDAIATUBA,glp,6,118.0,115.5,118.995,115.0,119.0
2026-02,MUN,SP|ITANHAEM,glp,6,110.475,108.745,117.5,107.5,120.0
2026-02,MUN,SP|ITAPECERICA DA SERRA,glp,6,116.24,109.99,119.99,109.99,119.99
2026-02,MUN,SP|ITAPETININGA,glp,6,128.5,117.5,130.0,110.0,130.0
2026-02,MUN,SP|ITAPEVA,glp,5,114.99,106.99,117.79,104.99,118.99
2026-02,MUN,SP|ITAPIRA,glp,5,115.0,111.996,116.194,110.0,116.99
2026-02,MUN,SP|ITAPOLIS,glp,7,129.0,124.8,131.0,120.0,131.0
2026-02,MUN,SP|ITAQUAQUECETUBA,glp,11,94.99,94.99,100.0,87.99,104.99
2026-02,MUN,SP|ITU,glp,5,115.0,107.8,116.8,105.0,118.0
2026-02,MUN,SP|JABOTICABAL,glp,6,99.9,99.45,104.995,99.0,110.0
2026-02,MUN,SP|JACAREI,glp,9,99.0,92.2,109.9,85.0,109.9
2026-02,MUN,SP|JAU,glp,7,110.0,104.6,118.76,104.0,119.9
2026-02,MUN,SP|JOSE BONIFACIO,glp,6,108.25,102.5,109.5,100.0,110.0
2026-02,MUN,SP|JUNDIAI,glp,8,118.495,108.797,125.0,105.99,125.0
2026-02,MUN,SP|LEME,glp,3,94.9,90.98,102.18,90.0,104.0
2026-02,MUN,SP|LIMEIRA,glp,6,105.0,102.495,108.748,100.0,112.495
2026-02,MUN,SP|LINS,glp,7,115.0,92.996,118.5,89.99,120.0
2026-02,MUN,SP|LORENA,glp,6,91.5,87.495,99.0,85.0,105.0
2026-02,MUN,SP|MARILIA,glp,8,127.5,125.7,133.6,125.0,135.0
2026-02,MUN,SP|MATAO,glp,1,122.99,122.99,122.99,122.99,122.99
2026-02,MUN,SP|MAUA,glp,10,107.495,104.49,114.991,99.99,115.0
2026-02,MUN,SP|MOCOCA,glp,7,115.0,109.996,123.4,109.99,130.0
2026-02,MUN,SP|MOGI DAS CRUZES,glp,5,110.0,107.0,117.0,105.0,117.0
2026-02,MUN,SP|MOGI GUACU,glp,5,115.0,110.0,118.0,110.0,120.0
2026-02,MUN,SP|MOGI MIRIM,glp,5,110.0,110.0,117.4,110.0,119.0
2026-02,MUN,SP|MONTE ALTO,glp,7,110.0,102.8,110.0,95.0,110.0
2026-02,MUN,SP|OLIMPIA,glp,6,92.0,92.0,92.25,92.0,92.5
2026-02,MUN,SP|OSASCO,glp,12,105.99,94.991,119.491,94.99,124.99
2026-02,MUN,SP|OURINHOS,glp,6,107.45,105.0,113.25,105.0,113.5
2026-02,MUN,SP|PAULINIA,glp,6,109.995,104.995,110.0,104.99,110.0
2026-02,MUN,SP|PIRACICABA,glp,11,104.99,94.99,115.0,89.99,120.0
2026-02,MUN,SP|PIRASSUNUNGA,glp,7,104.95,102.9,114.0,102.9,120.0
2026-02,MUN,SP|POA,glp,7,105.0,97.99,110.994,94.99,112.5
2026-02,MUN,SP|PORTO FERREIRA,glp,6,107.5,102.5,112.5,100.0,115.0
2026-02,MUN,SP|PRAIA GRANDE,glp,10,122.0,109.99,125.0,109.99,125.0
2026-02,MUN,SP|PRESIDENTE PRUDENTE,glp,12,114.995,98.19,120.0,97.9,120.0
2026-02,MUN,SP|RIBEIRAO PIRES,glp,7,102.5,97.936,115.0,94.99,115.0
2026-02,MUN,SP|RIBEIRAO PRETO,glp,10,116.495,95.0,119.91,95.0,120.0
2026-02,MUN,SP|RIO CLARO,glp,1,103.0,103.0,103.0,103.0,103.0
2026-02,MUN,SP|SALTO,glp,4,102.995,98.593,111.247,97.99,113.5
2026-02,MUN,SP|SANTO ANDRE,glp,10,109.99,99.99,120.191,99.99,122.0
2026-02,MUN,SP|SANTOS,glp,9,125.0,124.0,131.98,120.0,139.9
2026-02,MUN,SP|SAO BERNARDO DO CAMPO,glp,5,134.99,116.996,140.0,115.0,140.0
2026-02,MUN,SP|SAO CAETANO DO SUL,glp,4,114.995,114.99,115.0,114.99,115.0
2026-02,MUN,SP|SAO CARLOS,glp,12,130.0,125.505,134.25,120.0,139.0
2026-02,MUN,SP|SAO JOAO DA BOA VISTA,glp,7,110.0,109.196,110.0,107.99,110.0
2026-02,MUN,SP|SAO JOSE DO RIO PRETO,glp,22,120.0,109.991,120.0,105.0,130.0
2026-02,MUN,SP|SAO JOSE DOS CAMPOS,glp,15,99.99,85.99,114.996,84.99,120.0
2026-02,MUN,SP|SAO PAULO,glp,44,114.99,100.89,125.493,97.49,139.99
2026-02,MUN,SP|SAO VICENTE,glp,10,115.0,104.49,125.0,99.99,125.0
2026-02,MUN,SP|SERTAOZINHO,glp,4,99.99,97.89,105.597,96.99,108.0
2026-02,MUN,SP|SOROCABA,glp,15,112.99,106.696,126.96,102.99,128.0
2026-02,MUN,SP|SUMARE,glp,8,99.49,95.99,104.99,92.49,104.99
2026-02,MUN,SP|SUZANO,glp,8,104.742,92.74,114.9,87.49,117.0
2026-02,MUN,SP|TABOAO DA SERRA,glp,7,109.99,101.493,115.196,99.99,119.99
2026-02,MUN,SP|TATUI,glp,4,120.0,118.6,120.0,118.0,120.0
2026-02,MUN,SP|TAUBATE,glp,10,90.0,87.691,99.5,85.0,104.0
2026-02,MUN,SP|TUPA,glp,4,120.75,111.95,125.0,110.0,125.0
2026-02,MUN,SP|UBATUBA,glp,5,98.0,93.2,106.8,92.0,108.0
2026-02,MUN,SP|VALINHOS,glp,5,112.9,106.996,115.594,105.0,115.99
2026-02,MUN,SP|VARZEA PAULISTA,glp,4,97.5,94.993,114.0,94.99,120.0
2026-02,MUN,SP|VOTORANTIM,glp,7,114.99,112.396,116.0,109.99,117.5
2026-02,MUN,SP|VOTUPORANGA,glp,10,112.45,104.5,119.1,100.0,120.0
2026-02,MUN,TO|ARAGUAINA,glp,12,125.0,125.0,130.0,117.0,130.0
2026-02,MUN,TO|GURUPI,glp,8,125.0,122.9,131.5,118.0,135.0
2026-02,MUN,TO|PARAISO DO TOCANTINS,glp,7,135.0,133.0,138.2,130.0,143.0
2026-02,UF,AC,glp,24,124.0,115.3,130.0,110.0,133.0
2026-02,UF,AL,glp,48,105.0,95.0,112.95,84.99,120.0
2026-02,UF,AM,glp,78,123.0,122.0,133.6,118.0,143.0
2026-02,UF,AP,glp,17,120.0,115.0,136.0,115.0,137.0
2026-02,UF,BA,glp,177,113.0,95.6,130.0,85.99,150.0
2026-02,UF,CE,glp,80,116.5,104.99,122.05,95.0,130.0
2026-02,UF,DF,glp,35,104.99,94.39,110.0,88.99,112.0
2026-02,UF,ES,glp,77,100.0,92.792,112.4,87.99,125.0
2026-02,UF,GO,glp,156,110.0,98.95,120.0,85.0,133.0
2026-02,UF,MA,glp,88,115.0,109.0,130.0,99.0,130.0
2026-02,UF,MG,glp,413,108.0,95.0,120.0,84.99,145.0
2026-02,UF,MS,glp,66,117.75,103.245,130.0,95.0,145.0
2026-02,UF,MT,glp,78,125.0,105.0,140.0,94.99,145.0
2026-02,UF,PA,glp,99,113.0,100.0,130.0,79.99,134.0
2026-02,UF,PB,glp,59,105.0,100.0,113.0,89.99,120.0
2026-02,UF,PE,glp,132,100.0,90.0,114.85,88.0,130.0
2026-02,UF,PI,glp,47,109.99,100.0,115.0,100.0,127.99
2026-02,UF,PR,glp,262,105.0,99.0,120.0,84.9,140.0
2026-02,UF,RJ,glp,215,99.99,89.99,115.0,79.99,146.99
2026-02,UF,RN,glp,42,110.0,99.991,120.0,92.0,130.0
2026-02,UF,RO,glp,50,124.5,114.72,138.1,110.0,148.0
2026-02,UF,RR,glp,23,142.0,133.4,148.8,130.0,156.0
2026-02,UF,RS,glp,290,115.0,105.0,128.0,95.0,150.0
2026-02,UF,SC,glp,103,118.99,109.992,130.0,89.99,145.0
2026-02,UF,SE,glp,36,109.9,105.0,110.0,103.0,115.0
2026-02,UF,SP,glp,746,110.0,95.0,125.0,79.99,140.0
2026-02,UF,TO,glp,27,127.5,125.0,135.0,117.0,143.0
2026-03,BR,BR,glp,3547,110.0,95.0,126.9,79.99,156.0
2026-03,MUN,AC|CRUZEIRO DO SUL,glp,1,128.0,128.0,128.0,128.0,128.0
2026-03,MUN,AC|RIO BRANCO,glp,25,120.0,115.0,130.3,110.0,133.0
2026-03,MUN,AL|ARAPIRACA,glp,9,105.0,103.998,110.0,99.99,110.0
2026-03,MUN,AL|DELMIRO GOUVEIA,glp,4,112.5,110.0,115.0,110.0,115.0
2026-03,MUN,AL|MACEIO,glp,25,100.0,94.39,114.6,84.99,120.0
2026-03,MUN,AL|PALMEIRA DOS INDIOS,glp,2,107.5,105.5,109.5,105.0,110.0
2026-03,MUN,AL|RIO LARGO,glp,7,110.0,100.0,110.0,100.0,110.0
2026-03,MUN,AM|MANACAPURU,glp,7,130.0,126.4,135.4,124.0,136.0
2026-03,MUN,AM|MANAUS,glp,66,123.0,122.25,133.0,118.0,143.0
2026-03,MUN,AM|PARINTINS,glp,5,120.0,120.0,120.0,120.0,120.0
2026-03,MUN,AP|MACAPA,glp,13,120.0,115.0,135.8,115.0,136.0
2026-03,MUN,AP|SANTANA,glp,8,115.0,113.5,132.1,110.0,137.0
2026-03,MUN,BA|ALAGOINHAS,glp,7,118.0,109.0,122.4,100.0,126.0
2026-03,MUN,BA|BARREIRAS,glp,7,135.0,128.0,135.0,125.0,135.0
2026-03,MUN,BA|BRUMADO,glp,4,112.5,106.5,115.0,105.0,115.0
2026-03,MUN,BA|CAETITE,glp,7,105.0,95.0,105.0,95.0,105.0
2026-03,MUN,BA|EUNAPOLIS,glp,4,112.0,102.7,115.0,100.0,115.0
2026-03,MUN,BA|FEIRA DE SANTANA,glp,5,95.0,93.194,106.0,91.99,110.0
2026-03,MUN,BA|GUANAMBI,glp,8,105.0,100.0,106.5,100.0,110.0
2026-03,MUN,BA|ILHEUS,glp,7,130.0,123.0,150.0,120.0,150.0
2026-03,MUN,BA|IPIRA,glp,4,115.0,115.0,115.0,115.0,115.0
2026-03,MUN,BA|IRECE,glp,3,115.0,115.0,119.0,115.0,120.0
2026-03,MUN,BA|ITABUNA,glp,6,110.0,107.5,110.0,105.0,110.0
2026-03,MUN,BA|ITAMARAJU,glp,7,100.0,100.0,110.0,100.0,110.0
2026-03,MUN,BA|JACOBINA,glp,5,139.0,126.0,141.2,120.0,142.0
2026-03,MUN,BA|JAGUAQUARA,glp,7,100.0,96.0,108.0,90.0,120.0
2026-03,MUN,BA|JEQUIE,glp,7,88.0,87.99,115.0,87.99,115.0
2026-03,MUN,BA|JUAZEIRO,glp,3,110.0,102.0,110.0,100.0,110.0
2026-03,MUN,BA|LIVRAMENTO DE NOSSA SENHORA,glp,6,115.0,105.0,115.0,105.0,115.0
2026-03,MUN,BA|PAULO AFONSO,glp,2,108.0,108.0,108.0,108.0,108.0
2026-03,MUN,BA|POCOES,glp,7,95.0,94.2,110.0,93.0,110.0
2026-03,MUN,BA|PORTO SEGURO,glp,5,120.0,111.0,125.0,110.0,125.0
2026-03,MUN,BA|SALVADOR,glp,28,119.995,109.4,130.0,100.0,134.0
2026-03,MUN,BA|SANTO ANTONIO DE JESUS,glp,7,105.0,102.4,129.8,100.0,137.0
2026-03,MUN,BA|SENHOR DO BONFIM,glp,3,125.0,121.0,125.0,120.0,125.0
2026-03,MUN,BA|SERRINHA,glp,7,135.0,123.0,135.0,120.0,135.0
2026-03,MUN,BA|TEIXEIRA DE FREITAS,glp,9,96.0,90.8,98.0,90.0,98.0
2026-03,MUN,BA|VALENCA,glp,4,125.0,113.0,130.0,110.0,130.0
2026-03,MUN,BA|VITORIA DA CONQUISTA,glp,9,115.0,104.8,130.792,100.0,134.0
2026-03,MUN,CE|CANINDE,glp,1,123.0,123.0,123.0,123.0,123.0
2026-03,MUN,CE|CRATEUS,glp,4,114.5,111.2,115.0,110.0,115.0
2026-03,MUN,CE|FORTALEZA,glp,20,120.0,110.0,128.1,109.99,129.0
2026-03,MUN,CE|ICO,glp,4,122.0,114.4,124.7,112.0,125.0
2026-03,MUN,CE|IGUATU,glp,7,119.0,114.0,120.99,108.0,120.99
2026-03,MUN,CE|ITAPIPOCA,glp,7,115.0,97.0,122.0,97.0,125.0
2026-03,MUN,CE|JUAZEIRO DO NORTE,glp,9,120.0,118.6,120.0,113.0,120.0
2026-03,MUN,CE|LIMOEIRO DO NORTE,glp,6,120.0,115.0,120.0,110.0,120.0
2026-03,MUN,CE|QUIXADA,glp,7,115.0,110.196,120.0,105.99,120.0
2026-03,MUN,CE|SOBRAL,glp,5,110.0,102.0,118.0,100.0,118.0
2026-03,MUN,DF|BRASILIA,glp,34,104.49,94.29,110.0,87.99,112.0
2026-03,MUN,ES|ARACRUZ,glp,8,102.5,98.493,113.6,95.0,115.0
2026-03,MUN,ES|CACHOEIRO DE ITAPEMIRIM,glp,4,100.0,99.993,110.5,99.99,115.0
2026-03,MUN,ES|CARIACICA,glp,9,100.0,89.998,102.0,89.99,110.0
2026-03,MUN,ES|COLATINA,glp,7,100.0,98.998,100.0,97.495,100.0
2026-03,MUN,ES|GUARAPARI,glp,7,102.99,101.39,110.8,98.99,112.0
2026-03,MUN,ES|LINHARES,glp,11,110.0,105.0,115.0,105.0,115.0
2026-03,MUN,ES|SAO MATEUS,glp,1,115.0,115.0,115.0,115.0,115.0
2026-03,MUN,ES|SERRA,glp,13,95.0,89.992,104.79,87.99,105.99
2026-03,MUN,ES|VILA VELHA,glp,14,100.0,95.0,100.0,89.99,115.0
2026-03,MUN,ES|VITORIA,glp,7,99.0,95.0,102.0,95.0,105.0
2026-03,MUN,GO|AGUAS LINDAS DE GOIAS,glp,13,115.0,95.39,115.0,94.99,118.0
2026-03,MUN,GO|ANAPOLIS,glp,17,115.0,115.0,115.0,110.0,115.0
2026-03,MUN,GO|APARECIDA DE GOIANIA,glp,21,110.0,99.99,115.0,93.0,120.0
2026-03,MUN,GO|CALDAS NOVAS,glp,10,114.5,108.8,116.0,98.0,125.0
2026-03,MUN,GO|CATALAO,glp,7,110.0,108.0,115.0,105.0,115.0
2026-03,MUN,GO|FORMOSA,glp,7,110.0,103.0,117.0,100.0,120.0
2026-03,MUN,GO|GOIANIA,glp,20,112.5,99.409,115.0,94.99,120.0
2026-03,MUN,GO|ITUMBIARA,glp,7,115.0,110.0,122.0,110.0,125.0
2026-03,MUN,GO|LUZIANIA,glp,6,109.5,103.495,111.0,97.99,112.0
2026-03,MUN,GO|MINEIROS,glp,6,133.0,133.0,133.0,133.0,133.0
2026-03,MUN,GO|MORRINHOS,glp,5,105.0,102.0,110.0,100.0,110.0
2026-03,MUN,GO|PORANGATU,glp,7,117.5,115.498,118.8,113.995,120.0
2026-03,MUN,GO|RIO VERDE,glp,10,122.5,99.491,130.0,95.0,130.0
2026-03,MUN,GO|TRINDADE,glp,14,99.995,87.997,105.0,85.0,120.0
2026-03,MUN,GO|VALPARAISO DE GOIAS,glp,8,105.0,98.427,109.9,94.99,109.9
2026-03,MUN,MA|ACAILANDIA,glp,4,120.0,120.0,120.0,120.0,120.0
2026-03,MUN,MA|BACABAL,glp,7,120.0,115.996,120.0,109.99,120.0
2026-03,MUN,MA|BALSAS,glp,6,130.0,130.0,130.0,130.0,130.0
2026-03,MUN,MA|BARRA DO CORDA,glp,2,111.25,110.25,112.25,110.0,112.5
2026-03,MUN,MA|CODO,glp,6,108.0,108.0,120.0,108.0,120.0
2026-03,MUN,MA|IMPERATRIZ,glp,11,115.0,109.99,115.0,105.0,115.0
2026-03,MUN,MA|PINHEIRO,glp,7,130.0,122.94,130.0,120.0,130.0
2026-03,MUN,MA|PRESIDENTE DUTRA,glp,4,117.25,115.45,121.15,115.0,122.5
2026-03,MUN,MA|SAO JOSE DE RIBAMAR,glp,9,119.0,109.0,119.992,109.0,120.0
2026-03,MUN,MA|SAO LUIS,glp,29,114.5,108.98,120.998,108.9,130.0
2026-03,MUN,MG|ALFENAS,glp,7,110.0,103.0,110.0,100.0,110.0
2026-03,MUN,MG|ARAGUARI,glp,7,105.0,103.8,110.8,102.0,112.0
2026-03,MUN,MG|ARAXA,glp,7,100.0,100.0,105.0,100.0,105.0
2026-03,MUN,MG|BARBACENA,glp,3,100.0,91.92,104.0,89.9,105.0
2026-03,MUN,MG|BELO HORIZONTE,glp,25,100.0,96.196,129.6,94.99,145.0
2026-03,MUN,MG|BETIM,glp,13,110.0,101.0,119.8,90.0,124.0
2026-03,MUN,MG|BOM DESPACHO,glp,5,100.0,99.94,111.94,99.9,119.9
2026-03,MUN,MG|CAMPO BELO,glp,6,115.0,115.0,115.0,115.0,115.0
2026-03,MUN,MG|CARATINGA,glp,7,120.0,115.0,127.0,115.0,130.0
2026-03,MUN,MG|CONGONHAS,glp,7,105.0,96.79,110.8,94.99,115.0
2026-03,MUN,MG|CONSELHEIRO LAFAIETE,glp,7,95.0,95.0,109.0,95.0,115.0
2026-03,MUN,MG|CONTAGEM,glp,17,115.0,99.19,125.4,94.99,130.0
2026-03,MUN,MG|CORONEL FABRICIANO,glp,6,123.25,120.0,127.5,120.0,130.0
2026-03,MUN,MG|CURVELO,glp,7,100.0,94.6,110.8,94.0,115.0
2026-03,MUN,MG|DIVINOPOLIS,glp,10,95.495,89.99,110.5,89.99,115.0
2026-03,MUN,MG|FORMIGA,glp,7,115.0,112.4,117.0,110.0,120.0
2026-03,MUN,MG|FRUTAL,glp,6,99.745,96.245,109.995,95.0,110.0
2026-03,MUN,MG|GOVERNADOR VALADARES,glp,10,125.0,118.6,127.1,115.0,128.0
2026-03,MUN,MG|GUAXUPE,glp,6,92.5,89.9,100.0,89.9,100.0
2026-03,MUN,MG|IPATINGA,glp,4,120.0,106.0,123.5,100.0,125.0
2026-03,MUN,MG|ITAJUBA,glp,6,92.0,88.0,105.0,87.0,115.0
2026-03,MUN,MG|ITAUNA,glp,7,122.0,104.2,126.0,103.0,126.0
2026-03,MUN,MG|ITUIUTABA,glp,7,105.0,98.0,107.8,95.0,112.0
2026-03,MUN,MG|JANAUBA,glp,6,118.75,116.25,121.0,115.0,122.0
2026-03,MUN,MG|JANUARIA,glp,6,129.0,122.495,130.5,120.0,131.0
2026-03,MUN,MG|JOAO MONLEVADE,glp,7,110.0,105.0,112.0,105.0,115.0
2026-03,MUN,MG|JOAO PINHEIRO,glp,7,105.0,99.0,120.0,99.0,120.0
2026-03,MUN,MG|JUIZ DE FORA,glp,15,97.0,88.79,107.196,87.0,109.99
2026-03,MUN,MG|LAVRAS,glp,7,110.0,102.954,127.2,99.9,138.0
2026-03,MUN,MG|LEOPOLDINA,glp,8,105.0,99.997,112.4,99.99,118.0
2026-03,MUN,MG|MONTE CARMELO,glp,6,105.0,99.5,105.0,94.0,105.0
2026-03,MUN,MG|MONTES CLAROS,glp,23,115.0,100.2,120.0,97.0,130.0
2026-03,MUN,MG|MURIAE,glp,6,105.0,102.495,110.0,99.99,110.0
2026-03,MUN,MG|NOVA LIMA,glp,2,112.5,106.5,118.5,105.0,120.0
2026-03,MUN,MG|OLIVEIRA,glp,4,107.5,104.93,110.0,104.9,110.0
2026-03,MUN,MG|OURO PRETO,glp,4,103.0,96.73,108.5,94.9,110.0
2026-03,MUN,MG|PARA DE MINAS,glp,7,95.0,91.496,110.3,89.99,122.0
2026-03,MUN,MG|PARACATU,glp,7,120.0,109.8,123.5,105.0,125.0
2026-03,MUN,MG|PASSOS,glp,7,105.0,100.0,114.0,100.0,120.0
2026-03,MUN,MG|PATROCINIO,glp,7,105.0,105.0,108.8,105.0,110.0
2026-03,MUN,MG|POCOS DE CALDAS,glp,7,118.0,116.2,119.994,115.0,120.0
2026-03,MUN,MG|SABARA,glp,7,115.0,111.0,120.0,105.0,120.0
2026-03,MUN,MG|SAO JOAO DEL REI,glp,7,110.0,109.99,110.0,109.99,110.0
2026-03,MUN,MG|SAO SEBASTIAO DO PARAISO,glp,8,100.0,94.997,113.0,94.99,120.0
2026-03,MUN,MG|SETE LAGOAS,glp,10,98.99,91.71,115.5,90.0,120.0
2026-03,MUN,MG|TEOFILO OTONI,glp,8,120.0,118.0,131.5,118.0,135.0
2026-03,MUN,MG|TIMOTEO,glp,6,106.25,105.0,115.0,105.0,115.0
2026-03,MUN,MG|TRES CORACOES,glp,7,95.0,87.978,97.0,84.945,100.0
2026-03,MUN,MG|UBA,glp,3,120.0,120.0,120.0,120.0,120.0
2026-03,MUN,MG|UBERABA,glp,6,97.0,91.0,100.0,88.0,100.0
2026-03,MUN,MG|UBERLANDIA,glp,17,97.995,90.394,100.998,85.0,105.0
2026-03,MUN,MG|UNAI,glp,6,118.75,116.25,127.5,115.0,135.0
2026-03,MUN,MG|VARGINHA,glp,7,108.0,96.0,110.0,90.0,110.0
2026-03,MUN,MG|VICOSA,glp,7,120.0,102.798,120.0,99.495,120.0
2026-03,MUN,MS|CAMPO GRANDE,glp,33,109.0,99.18,120.0,95.0,125.0
2026-03,MUN,MS|CORUMBA,glp,6,127.5,114.995,130.0,109.99,130.0
2026-03,MUN,MS|DOURADOS,glp,15,115.0,110.0,127.0,110.0,145.0
2026-03,MUN,MS|PONTA PORA,glp,5,120.0,120.0,127.96,120.0,130.0
2026-03,MUN,MS|TRES LAGOAS,glp,7,130.0,125.0,133.2,125.0,138.0
2026-03,MUN,MT|ALTA FLORESTA,glp,7,135.0,121.0,142.0,115.0,145.0
2026-03,MUN,MT|CACERES,glp,10,125.0,125.0,125.4,125.0,129.0
2026-03,MUN,MT|CUIABA,glp,26,115.0,109.0,130.0,99.99,140.0
2026-03,MUN,MT|RONDONOPOLIS,glp,8,130.0,122.3,136.5,116.0,140.0
2026-03,MUN,MT|SINOP,glp,11,140.0,130.0,140.0,128.0,140.0
2026-03,MUN,MT|SORRISO,glp,4,135.0,128.0,137.1,125.0,138.0
2026-03,MUN,MT|VARZEA GRANDE,glp,19,115.0,99.32,128.4,94.99,130.0
2026-03,MUN,PA|ABAETETUBA,glp,5,113.0,113.0,113.0,113.0,113.0
2026-03,MUN,PA|ALENQUER,glp,4,114.5,113.3,115.0,113.0,115.0
2026-03,MUN,PA|ALTAMIRA,glp,7,130.0,116.794,132.8,115.0,134.0
2026-03,MUN,PA|ANANINDEUA,glp,13,103.0,99.192,110.0,98.99,115.0
2026-03,MUN,PA|BELEM,glp,25,115.0,109.4,120.0,104.99,125.0
2026-03,MUN,PA|BRAGANCA,glp,5,105.0,105.0,118.0,105.0,120.0
2026-03,MUN,PA|CASTANHAL,glp,8,115.0,108.5,115.0,105.0,115.0
2026-03,MUN,PA|CONCEICAO DO ARAGUAIA,glp,5,110.0,110.0,110.0,110.0,110.0
2026-03,MUN,PA|MARABA,glp,5,120.0,117.0,126.5,115.0,127.5
2026-03,MUN,PA|PARAGOMINAS,glp,7,130.0,126.0,130.0,120.0,130.0
2026-03,MUN,PA|PARAUAPEBAS,glp,6,127.5,125.0,130.0,125.0,130.0
2026-03,MUN,PA|SANTAREM,glp,15,100.0,86.8,110.0,79.99,110.0
2026-03,MUN,PB|BAYEUX,glp,6,115.0,107.5,115.0,105.0,115.0
2026-03,MUN,PB|CABEDELO,glp,7,105.0,105.0,112.0,105.0,115.0
2026-03,MUN,PB|CAMPINA GRANDE,glp,9,105.0,94.4,110.0,92.0,110.0
2026-03,MUN,PB|JOAO PESSOA,glp,25,105.0,102.0,110.0,89.99,120.0
2026-03,MUN,PB|PATOS,glp,7,110.0,108.6,112.0,108.0,115.0
2026-03,MUN,PB|SOUSA,glp,4,111.0,110.0,114.1,110.0,115.0
2026-03,MUN,PE|ARARIPINA,glp,7,110.0,110.0,110.0,110.0,110.0
2026-03,MUN,PE|ARCOVERDE,glp,7,100.0,93.0,100.8,90.0,102.0
2026-03,MUN,PE|BELO JARDIM,glp,4,94.0,92.615,95.0,92.45,95.0
2026-03,MUN,PE|CABO DE SANTO AGOSTINHO,glp,5,95.0,91.2,102.6,90.0,105.0
2026-03,MUN,PE|CARUARU,glp,10,90.0,89.791,92.741,88.0,95.0
2026-03,MUN,PE|GARANHUNS,glp,7,105.0,104.996,107.0,104.99,110.0
2026-03,MUN,PE|GOIANA,glp,5,90.0,88.8,96.0,88.0,100.0
2026-03,MUN,PE|IGARASSU,glp,7,100.0,95.0,110.0,95.0,110.0
2026-03,MUN,PE|JABOATAO DOS GUARARAPES,glp,10,100.0,94.799,106.25,92.99,117.5
2026-03,MUN,PE|LAJEDO,glp,7,90.0,90.0,95.0,90.0,95.0
2026-03,MUN,PE|OLINDA,glp,9,100.0,90.0,102.0,90.0,110.0
2026-03,MUN,PE|PAULISTA,glp,10,98.995,94.999,100.0,94.99,100.0
2026-03,MUN,PE|PETROLINA,glp,13,113.0,99.996,119.0,93.0,130.0
2026-03,MUN,PE|RECIFE,glp,16,95.0,90.0,99.995,90.0,110.0
2026-03,MUN,PE|SALGUEIRO,glp,5,115.0,110.0,116.5,110.0,117.5
2026-03,MUN,PE|SANTA CRUZ DO CAPIBARIBE,glp,3,110.0,110.0,110.0,110.0,110.0
2026-03,MUN,PE|SERRA TALHADA,glp,6,120.0,115.0,122.0,110.0,122.0
2026-03,MUN,PE|VITORIA DE SANTO ANTAO,glp,7,95.0,95.0,96.394,95.0,97.0
2026-03,MUN,PI|PARNAIBA,glp,7,115.0,115.0,120.0,115.0,120.0
2026-03,MUN,PI|PICOS,glp,7,108.0,106.2,110.0,105.0,110.0
2026-03,MUN,PI|PIRIPIRI,glp,7,110.0,107.99,126.196,104.99,127.99
2026-03,MUN,PI|TERESINA,glp,26,108.745,100.0,111.25,100.0,117.5
2026-03,MUN,PR|APUCARANA,glp,10,105.0,104.494,110.25,99.945,112.5
2026-03,MUN,PR|ARAPONGAS,glp,8,105.0,103.414,105.0,99.945,105.0
2026-03,MUN,PR|ARAUCARIA,glp,10,100.0,99.51,105.0,96.0,105.0
2026-03,MUN,PR|CAMBE,glp,7,110.0,108.0,117.0,105.0,120.0
2026-03,MUN,PR|CAMPO LARGO,glp,9,100.0,98.98,102.8,98.9,106.0
2026-03,MUN,PR|CAMPO MOURAO,glp,7,120.0,113.0,121.6,110.0,124.0
2026-03,MUN,PR|CASCAVEL,glp,15,115.0,106.96,115.0,90.0,120.0
2026-03,MUN,PR|CASTRO,glp,7,115.0,112.96,117.0,109.9,117.0
2026-03,MUN,PR|CIANORTE,glp,7,125.0,103.96,134.0,94.9,140.0
2026-03,MUN,PR|COLOMBO,glp,12,95.0,94.99,104.49,94.95,108.0
2026-03,MUN,PR|CORNELIO PROCOPIO,glp,3,115.0,109.0,119.0,107.5,120.0
2026-03,MUN,PR|CURITIBA,glp,41,105.0,99.0,109.99,92.0,119.9
2026-03,MUN,PR|FOZ DO IGUACU,glp,15,100.0,91.94,120.0,85.0,125.0
2026-03,MUN,PR|FRANCISCO BELTRAO,glp,6,117.5,110.0,120.0,108.0,120.0
2026-03,MUN,PR|GUARAPUAVA,glp,10,110.0,104.7,110.5,102.0,115.0
2026-03,MUN,PR|LONDRINA,glp,15,110.0,100.0,123.0,100.0,126.0
2026-03,MUN,PR|MARINGA,glp,12,104.9,99.99,120.0,97.495,125.0
2026-03,MUN,PR|PARANAGUA,glp,7,95.0,93.8,102.0,92.0,105.0
2026-03,MUN,PR|PARANAVAI,glp,7,104.99,104.1,104.99,102.9,104.99
2026-03,MUN,PR|PATO BRANCO,glp,1,120.0,120.0,120.0,120.0,120.0
2026-03,MUN,PR|PONTA GROSSA,glp,7,107.9,105.0,116.2,105.0,118.0
2026-03,MUN,PR|SANTO ANTONIO DA PLATINA,glp,7,115.0,114.56,115.0,113.9,115.0
2026-03,MUN,PR|SAO JOSE DOS PINHAIS,glp,14,98.45,88.0,100.0,85.0,106.9
2026-03,MUN,PR|TOLEDO,glp,10,100.0,95.0,112.0,95.0,130.0
2026-03,MUN,PR|UMUARAMA,glp,7,115.0,98.524,119.0,96.4,125.0
2026-03,MUN,PR|UNIAO DA VITORIA,glp,7,110.0,102.2,115.0,98.0,118.0
2026-03,MUN,RJ|ANGRA DOS REIS,glp,7,125.0,125.0,125.76,125.0,126.9
2026-03,MUN,RJ|ARARUAMA,glp,7,90.0,87.994,98.0,85.0,98.0
2026-03,MUN,RJ|BARRA DO PIRAI,glp,6,97.995,92.248,101.0,90.0,102.0
2026-03,MUN,RJ|BARRA MANSA,glp,7,98.9,94.318,109.34,93.445,113.0
2026-03,MUN,RJ|BELFORD ROXO,glp,7,90.0,85.994,95.0,80.0,95.0
2026-03,MUN,RJ|CABO FRIO,glp,3,94.99,86.998,94.99,85.0,94.99
2026-03,MUN,RJ|DUQUE DE CAXIAS,glp,12,93.995,89.99,104.999,89.99,109.99
2026-03,MUN,RJ|ITABORAI,glp,10,104.995,104.99,105.199,104.99,106.99
2026-03,MUN,RJ|ITAPERUNA,glp,7,105.0,99.99,105.0,99.99,105.0
2026-03,MUN,RJ|MACAE,glp,6,145.0,144.995,145.995,144.99,146.99
2026-03,MUN,RJ|MARICA,glp,7,95.0,88.0,95.396,85.0,95.99
2026-03,MUN,RJ|NILOPOLIS,glp,7,115.0,113.0,115.0,110.0,115.0
2026-03,MUN,RJ|NITEROI,glp,7,89.99,85.994,105.554,80.0,113.9
2026-03,MUN,RJ|NOVA FRIBURGO,glp,7,105.0,93.396,107.0,90.99,110.0
2026-03,MUN,RJ|NOVA IGUACU,glp,15,95.0,80.0,120.0,79.99,120.0
2026-03,MUN,RJ|PETROPOLIS,glp,7,99.99,85.994,111.2,80.0,113.0
2026-03,MUN,RJ|RESENDE,glp,7,115.0,115.0,117.0,115.0,117.0
2026-03,MUN,RJ|RIO BONITO,glp,7,85.0,83.994,87.198,82.5,87.495
2026-03,MUN,RJ|RIO DE JANEIRO,glp,25,95.0,89.99,103.0,85.0,105.0
2026-03,MUN,RJ|SANTO ANTONIO DE PADUA,glp,4,105.5,105.0,108.1,105.0,109.0
2026-03,MUN,RJ|SAO GONCALO,glp,14,104.99,101.19,105.0,99.99,107.0
2026-03,MUN,RJ|SAO JOAO DE MERITI,glp,9,94.99,89.998,101.0,89.99,105.0
2026-03,MUN,RJ|SAQUAREMA,glp,7,90.0,89.996,93.093,89.99,93.99
2026-03,MUN,RJ|TRES RIOS,glp,7,89.99,89.99,104.99,89.99,104.99
2026-03,MUN,RJ|VALENCA,glp,6,100.0,96.0,101.0,96.0,102.0
2026-03,MUN,RJ|VOLTA REDONDA,glp,8,99.99,97.69,102.89,96.99,104.99
2026-03,MUN,RN|CAICO,glp,6,120.0,107.495,120.0,99.99,120.0
2026-03,MUN,RN|MOSSORO,glp,9,110.0,100.0,115.0,100.0,115.0
2026-03,MUN,RN|NATAL,glp,17,110.0,98.8,123.2,92.0,130.0
2026-03,MUN,RN|PARNAMIRIM,glp,10,107.0,99.9,109.1,99.9,110.0
2026-03,MUN,RO|ARIQUEMES,glp,1,130.0,130.0,130.0,130.0,130.0
2026-03,MUN,RO|CACOAL,glp,7,135.0,127.996,141.0,118.99,144.0
2026-03,MUN,RO|JI-PARANA,glp,8,118.25,112.14,126.5,112.0,130.0
2026-03,MUN,RO|PIMENTA BUENO,glp,4,145.5,142.3,149.4,142.0,150.0
2026-03,MUN,RO|PORTO VELHO,glp,24,120.0,111.5,129.9,109.0,138.0
2026-03,MUN,RO|VILHENA,glp,7,130.0,123.794,134.2,114.5,136.0
2026-03,MUN,RR|BOA VISTA,glp,22,142.0,133.2,148.9,130.0,156.0
2026-03,MUN,RS|ALEGRETE,glp,6,115.0,111.0,117.5,110.0,120.0
2026-03,MUN,RS|ALVORADA,glp,6,110.0,108.5,110.0,107.0,110.0
2026-03,MUN,RS|BAGE,glp,8,122.5,118.0,126.2,118.0,129.0
2026-03,MUN,RS|BENTO GONCALVES,glp,7,124.9,118.0,128.4,115.0,129.0
2026-03,MUN,RS|CACHOEIRA DO SUL,glp,7,110.0,110.0,112.0,110.0,115.0
2026-03,MUN,RS|CACHOEIRINHA,glp,7,112.0,109.196,115.0,107.99,115.0
2026-03,MUN,RS|CANOAS,glp,15,109.0,101.96,113.0,99.9,115.0
2026-03,MUN,RS|CAXIAS DO SUL,glp,17,115.0,109.6,119.0,109.0,130.0
2026-03,MUN,RS|CRUZ ALTA,glp,6,99.0,99.0,99.0,99.0,99.0
2026-03,MUN,RS|ERECHIM,glp,9,130.0,130.0,139.92,130.0,140.0
2026-03,MUN,RS|ESTEIO,glp,7,110.0,108.0,117.8,105.0,122.0
2026-03,MUN,RS|GRAMADO,glp,6,117.5,107.5,132.5,105.0,135.0
2026-03,MUN,RS|GRAVATAI,glp,9,110.0,98.798,115.0,97.99,115.0
2026-03,MUN,RS|GUAIBA,glp,7,105.0,97.9,110.0,94.9,110.0
2026-03,MUN,RS|IJUI,glp,7,102.99,99.99,118.794,99.99,132.0
2026-03,MUN,RS|LAJEADO,glp,7,122.0,117.4,125.0,115.0,125.0
2026-03,MUN,RS|NOVO HAMBURGO,glp,10,100.0,99.41,106.0,95.0,115.0
2026-03,MUN,RS|OSORIO,glp,7,108.0,107.194,114.9,106.0,114.9
2026-03,MUN,RS|PASSO FUNDO,glp,11,118.0,115.0,125.0,115.0,128.0
2026-03,MUN,RS|PELOTAS,glp,15,115.0,113.0,120.8,108.9,124.0
2026-03,MUN,RS|PORTO ALEGRE,glp,15,113.0,110.0,128.0,99.0,129.9
2026-03,MUN,RS|SANTA CRUZ DO SUL,glp,9,115.0,115.0,116.4,115.0,122.0
2026-03,MUN,RS|SANTA MARIA,glp,13,115.0,112.18,118.92,110.0,120.0
2026-03,MUN,RS|SANTA ROSA,glp,7,125.0,121.2,129.0,120.0,135.0
2026-03,MUN,RS|SANTANA DO LIVRAMENTO,glp,7,130.0,130.0,130.0,130.0,130.0
2026-03,MUN,RS|SANTO ANGELO,glp,4,120.0,112.993,125.6,109.99,128.0
2026-03,MUN,RS|SAO GABRIEL,glp,6,115.0,115.0,119.0,115.0,120.0
2026-03,MUN,RS|SAO LEOPOLDO,glp,7,105.0,96.2,107.54,95.0,110.0
2026-03,MUN,RS|SAO LUIZ GONZAGA,glp,6,110.0,102.5,121.5,100.0,125.0
2026-03,MUN,RS|SAPIRANGA,glp,7,115.0,109.0,115.0,109.0,115.0
2026-03,MUN,RS|SAPUCAIA DO SUL,glp,7,108.0,103.0,113.8,100.0,115.0
2026-03,MUN,RS|TORRES,glp,3,120.0,115.992,120.0,114.99,120.0
2026-03,MUN,RS|URUGUAIANA,glp,7,120.0,118.0,138.0,115.0,150.0
2026-03,MUN,RS|VACARIA,glp,7,120.0,114.4,123.0,112.0,123.0
2026-03,MUN,RS|VIAMAO,glp,10,114.9,99.51,115.4,96.0,119.0
2026-03,MUN,SC|ARARANGUA,glp,3,110.99,110.198,115.394,110.0,116.495
2026-03,MUN,SC|BLUMENAU,glp,9,129.99,119.0,131.704,115.0,135.0
2026-03,MUN,SC|BRUSQUE,glp,3,120.0,120.0,134.392,120.0,137.99
2026-03,MUN,SC|CACADOR,glp,6,123.75,120.0,137.5,120.0,145.0
2026-03,MUN,SC|CHAPECO,glp,9,130.0,118.6,140.0,117.0,140.0
2026-03,MUN,SC|CONCORDIA,glp,8,112.45,99.7,119.5,99.0,130.0
2026-03,MUN,SC|CRICIUMA,glp,5,110.0,107.0,121.0,105.0,125.0
2026-03,MUN,SC|FLORIANOPOLIS,glp,6,127.0,117.0,135.0,115.0,135.0
2026-03,MUN,SC|ITAJAI,glp,13,117.9,105.0,129.0,105.0,129.99
2026-03,MUN,SC|JOINVILLE,glp,9,115.0,110.0,126.6,110.0,133.0
2026-03,MUN,SC|LAGUNA,glp,6,114.495,111.0,119.0,110.0,120.0
2026-03,MUN,SC|MAFRA,glp,5,110.0,104.0,112.94,100.0,114.9
2026-03,MUN,SC|SAO JOSE,glp,10,120.0,117.3,125.1,115.5,126.0
2026-03,MUN,SC|TUBARAO,glp,7,110.0,102.5,112.0,95.0,115.0
2026-03,MUN,SC|VIDEIRA,glp,6,121.0,112.495,127.5,110.0,128.0
2026-03,MUN,SC|XANXERE,glp,1,114.0,114.0,114.0,114.0,114.0
2026-03,MUN,SE|ARACAJU,glp,18,108.5,103.5,110.0,100.0,110.0
2026-03,MUN,SE|ITABAIANA,glp,7,115.0,110.0,115.0,110.0,115.0
2026-03,MUN,SE|LAGARTO,glp,5,110.0,105.0,110.0,105.0,110.0
2026-03,MUN,SE|NOSSA SENHORA DO SOCORRO,glp,9,110.0,103.792,110.0,103.0,110.0
2026-03,MUN,SP|ADAMANTINA,glp,7,100.0,98.74,105.01,97.0,109.9
2026-03,MUN,SP|AMERICANA,glp,7,115.0,109.996,115.396,109.99,115.99
2026-03,MUN,SP|ARACATUBA,glp,15,104.99,99.994,105.0,95.99,108.0
2026-03,MUN,SP|ARARAQUARA,glp,12,112.75,105.0,120.0,105.0,125.0
2026-03,MUN,SP|ARARAS,glp,7,112.0,112.0,113.2,112.0,115.0
2026-03,MUN,SP|ASSIS,glp,9,115.0,99.9,120.0,99.9,120.0
2026-03,MUN,SP|AVARE,glp,7,99.0,98.596,109.0,97.99,109.0
2026-03,MUN,SP|BARRETOS,glp,6,110.0,102.495,112.5,99.99,115.0
2026-03,MUN,SP|BARUERI,glp,10,110.0,109.49,125.099,104.99,125.99
2026-03,MUN,SP|BAURU,glp,10,105.0,99.491,110.1,95.0,111.0
2026-03,MUN,SP|BEBEDOURO,glp,5,110.0,110.0,120.0,110.0,120.0
2026-03,MUN,SP|BERTIOGA,glp,1,124.99,124.99,124.99,124.99,124.99
2026-03,MUN,SP|BIRIGUI,glp,9,105.0,97.692,110.0,96.5,110.0
2026-03,MUN,SP|BOTUCATU,glp,7,105.0,103.0,110.0,100.0,110.0
2026-03,MUN,SP|BRAGANCA PAULISTA,glp,10,110.998,109.49,119.1,104.99,120.0
2026-03,MUN,SP|CACAPAVA,glp,7,94.99,86.394,99.99,81.0,99.99
2026-03,MUN,SP|CAMPINAS,glp,15,104.99,104.99,117.19,104.99,119.99
2026-03,MUN,SP|CARAGUATATUBA,glp,7,110.0,103.0,122.94,100.0,135.0
2026-03,MUN,SP|CARAPICUIBA,glp,10,105.0,103.549,115.491,94.99,120.0
2026-03,MUN,SP|CATANDUVA,glp,5,109.8,109.8,119.8,109.8,119.8
2026-03,MUN,SP|COSMOPOLIS,glp,7,94.99,92.99,99.998,89.99,107.495
2026-03,MUN,SP|COTIA,glp,7,114.99,109.19,123.036,107.99,129.09
2026-03,MUN,SP|CRUZEIRO,glp,7,94.99,94.99,95.0,94.99,95.0
2026-03,MUN,SP|CUBATAO,glp,6,121.25,103.0,125.0,95.0,125.0
2026-03,MUN,SP|DIADEMA,glp,8,109.995,107.09,111.497,104.99,114.99
2026-03,MUN,SP|EMBU DAS ARTES,glp,9,119.9,103.998,120.0,99.99,120.0
2026-03,MUN,SP|FRANCA,glp,11,109.99,104.99,115.0,104.99,115.0
2026-03,MUN,SP|GARCA,glp,6,125.0,120.0,125.0,115.0,125.0
2026-03,MUN,SP|GUARATINGUETA,glp,6,84.9,82.445,110.0,79.99,115.0
2026-03,MUN,SP|GUARUJA,glp,7,120.0,103.0,123.796,100.0,124.99
2026-03,MUN,SP|GUARULHOS,glp,13,102.5,90.998,114.198,88.99,118.0
2026-03,MUN,SP|HORTOLANDIA,glp,8,97.49,94.99,102.997,94.99,109.99
2026-03,MUN,SP|IBITINGA,glp,7,110.0,110.0,123.2,110.0,128.0
2026-03,MUN,SP|INDAIATUBA,glp,6,118.0,115.5,118.995,115.0,119.0
2026-03,MUN,SP|ITANHAEM,glp,6,110.0,109.995,117.5,109.99,120.0
2026-03,MUN,SP|ITAPECERICA DA SERRA,glp,6,117.49,109.99,119.99,109.99,119.99
2026-03,MUN,SP|ITAPETININGA,glp,6,128.498,117.5,130.0,110.0,130.0
2026-03,MUN,SP|ITAPEVA,glp,5,114.99,106.99,116.89,104.99,117.49
2026-03,MUN,SP|ITAPIRA,glp,5,115.0,111.996,116.194,110.0,116.99
2026-03,MUN,SP|ITAPOLIS,glp,7,128.0,124.8,131.0,120.0,131.0
2026-03,MUN,SP|ITAQUAQUECETUBA,glp,11,94.99,92.0,99.99,87.99,100.0
2026-03,MUN,SP|ITU,glp,5,115.0,109.0,116.8,105.0,118.0
2026-03,MUN,SP|JABOTICABAL,glp,6,99.9,99.45,104.995,99.0,110.0
2026-03,MUN,SP|JACAREI,glp,9,99.99,92.992,109.9,85.0,109.9
2026-03,MUN,SP|JAU,glp,7,110.0,102.6,118.76,99.0,119.9
2026-03,MUN,SP|JOSE BONIFACIO,glp,5,109.0,100.8,113.0,100.0,115.0
2026-03,MUN,SP|JUNDIAI,glp,9,116.99,105.99,125.0,105.99,125.0
2026-03,MUN,SP|LEME,glp,3,94.9,90.98,102.18,90.0,104.0
2026-03,MUN,SP|LIMEIRA,glp,8,103.75,99.997,111.0,99.99,125.0
2026-03,MUN,SP|LINS,glp,7,108.0,92.996,120.0,89.99,120.0
2026-03,MUN,SP|LORENA,glp,6,90.495,87.495,98.5,85.0,105.0
2026-03,MUN,SP|MARILIA,glp,8,127.5,125.0,133.6,125.0,135.0
2026-03,MUN,SP|MATAO,glp,1,122.99,122.99,122.99,122.99,122.99
2026-03,MUN,SP|MAUA,glp,10,107.495,104.49,115.0,99.99,115.0
2026-03,MUN,SP|MOCOCA,glp,7,115.0,112.99,123.4,109.99,130.0
2026-03,MUN,SP|MOGI DAS CRUZES,glp,5,117.0,107.0,117.0,105.0,117.0
2026-03,MUN,SP|MOGI GUACU,glp,5,115.0,112.0,118.0,110.0,120.0
2026-03,MUN,SP|MOGI MIRIM,glp,5,110.0,110.0,117.4,110.0,119.0
2026-03,MUN,SP|MONTE ALTO,glp,7,110.0,102.8,114.4,95.0,121.0
2026-03,MUN,SP|OLIMPIA,glp,7,92.0,92.0,92.224,92.0,92.5
2026-03,MUN,SP|OSASCO,glp,13,104.99,94.992,118.992,94.99,124.99
2026-03,MUN,SP|OURINHOS,glp,6,107.5,105.0,112.0,105.0,114.0
2026-03,MUN,SP|PAULINIA,glp,6,109.995,104.995,110.0,104.99,110.0
2026-03,MUN,SP|PIRACICABA,glp,11,105.0,94.99,115.0,89.99,120.0
2026-03,MUN,SP|PIRASSUNUNGA,glp,7,110.0,102.9,114.0,102.9,120.0
2026-03,MUN,SP|POA,glp,7,105.0,97.99,113.994,94.99,120.0
2026-03,MUN,SP|PORTO FERREIRA,glp,6,107.5,102.5,112.5,100.0,115.0
2026-03,MUN,SP|PRAIA GRANDE,glp,10,124.5,109.99,125.0,109.99,125.0
2026-03,MUN,SP|PRESIDENTE PRUDENTE,glp,12,114.995,98.19,120.0,97.99,120.0
2026-03,MUN,SP|RIBEIRAO PIRES,glp,9,115.0,98.918,125.0,94.99,125.0
2026-03,MUN,SP|RIBEIRAO PRETO,glp,10,112.495,95.0,120.3,95.0,123.0
2026-03,MUN,SP|RIO CLARO,glp,1,103.0,103.0,103.0,103.0,103.0
2026-03,MUN,SP|SALTO,glp,4,107.24,101.797,109.547,100.0,110.0
2026-03,MUN,SP|SANTO ANDRE,glp,10,109.99,99.99,120.191,99.99,122.0
2026-03,MUN,SP|SANTOS,glp,9,125.0,124.0,131.98,120.0,139.9
2026-03,MUN,SP|SAO BERNARDO DO CAMPO,glp,5,134.99,116.996,140.0,115.0,140.0
2026-03,MUN,SP|SAO CAETANO DO SUL,glp,4,114.995,114.99,115.0,114.99,115.0
2026-03,MUN,SP|SAO CARLOS,glp,13,130.0,120.4,137.6,115.0,139.0
2026-03,MUN,SP|SAO JOAO DA BOA VISTA,glp,7,110.0,109.196,110.0,107.99,110.0
2026-03,MUN,SP|SAO JOSE DO RIO PRETO,glp,22,120.0,110.0,120.0,106.0,130.0
2026-03,MUN,SP|SAO JOSE DOS CAMPOS,glp,15,98.99,84.99,114.996,84.99,120.0
2026-03,MUN,SP|SAO PAULO,glp,45,114.99,101.19,124.994,94.99,139.99
2026-03,MUN,SP|SAO VICENTE,glp,10,115.0,104.49,125.0,99.99,125.0
2026-03,MUN,SP|SERTAOZINHO,glp,4,99.99,97.89,105.597,96.99,108.0
2026-03,MUN,SP|SOROCABA,glp,15,112.99,105.754,126.14,100.0,128.0
2026-03,MUN,SP|SUMARE,glp,8,99.99,93.49,104.99,89.99,104.99
2026-03,MUN,SP|SUZANO,glp,10,105.492,94.49,117.0,89.99,117.0
2026-03,MUN,SP|TABOAO DA SERRA,glp,7,109.99,102.99,115.196,99.99,119.99
2026-03,MUN,SP|TATUI,glp,7,120.0,115.4,122.0,110.0,125.0
2026-03,MUN,SP|TAUBATE,glp,9,90.0,87.392,100.396,85.0,104.0
2026-03,MUN,SP|TUPA,glp,3,113.0,110.6,121.0,110.0,123.0
2026-03,MUN,SP|UBATUBA,glp,2,103.0,99.0,107.0,98.0,108.0
2026-03,MUN,SP|VALINHOS,glp,5,112.9,108.79,124.396,107.99,130.0
2026-03,MUN,SP|VARZEA PAULISTA,glp,5,100.0,94.994,112.0,94.99,120.0
2026-03,MUN,SP|VINHEDO,glp,6,107.5,104.992,114.995,104.99,115.0
2026-03,MUN,SP|VOTORANTIM,glp,7,115.0,112.99,117.0,109.99,120.0
2026-03,MUN,SP|VOTUPORANGA,glp,10,112.45,99.999,119.1,99.99,120.0
2026-03,MUN,TO|ARAGUAINA,glp,10,127.5,124.2,130.0,117.0,130.0
2026-03,MUN,TO|GURUPI,glp,8,125.0,122.9,131.5,118.0,135.0
2026-03,MUN,TO|PALMAS,glp,10,130.0,125.0,131.3,125.0,143.0
2026-03,MUN,TO|PARAISO DO TOCANTINS,glp,7,135.0,130.0,138.2,130.0,143.0
2026-03,MUN,TO|PORTO NACIONAL,glp,7,130.0,125.0,130.0,125.0,130.0
2026-03,UF,AC,glp,26,122.0,115.0,130.25,110.0,133.0
2026-03,UF,AL,glp,47,105.0,97.99,114.4,84.99,120.0
2026-03,UF,AM,glp,78,123.0,121.4,133.0,118.0,143.0
2026-03,UF,AP,glp,21,120.0,115.0,136.0,110.0,137.0
2026-03,UF,BA,glp,178,111.25,95.7,134.0,87.99,150.0
2026-03,UF,CE,glp,70,120.0,109.999,124.0,97.0,129.0
2026-03,UF,DF,glp,34,104.49,94.29,110.0,87.99,112.0
2026-03,UF,ES,glp,81,100.0,92.99,112.0,87.99,115.0
2026-03,UF,GO,glp,158,110.0,97.997,120.0,85.0,133.0
2026-03,UF,MA,glp,85,118.0,109.0,130.0,105.0,130.0
2026-03,UF,MG,glp,422,108.0,95.0,121.95,84.945,145.0
2026-03,UF,MS,glp,66,115.0,100.0,130.0,95.0,145.0
2026-03,UF,MT,glp,85,125.0,105.0,140.0,94.99,145.0
2026-03,UF,PA,glp,105,113.0,100.0,130.0,79.99,134.0
2026-03,UF,PB,glp,58,105.0,100.0,115.0,89.99,120.0
2026-03,UF,PE,glp,138,99.99,90.0,115.0,88.0,130.0
2026-03,UF,PI,glp,47,110.0,100.0,116.0,100.0,127.99
2026-03,UF,PR,glp,261,105.0,96.0,120.0,85.0,140.0
2026-03,UF,RJ,glp,216,99.99,89.99,115.0,79.99,146.99
2026-03,UF,RN,glp,42,110.0,99.991,120.0,92.0,130.0
2026-03,UF,RO,glp,51,124.0,114.5,139.0,109.0,150.0
2026-03,UF,RR,glp,22,142.0,133.2,148.9,130.0,156.0
2026-03,UF,RS,glp,289,115.0,100.0,128.0,94.9,150.0
2026-03,UF,SC,glp,106,117.95,110.0,130.0,95.0,145.0
2026-03,UF,SE,glp,39,109.9,104.798,111.0,100.0,115.0
2026-03,UF,SP,glp,780,110.0,95.0,125.0,79.99,140.0
2026-03,UF,TO,glp,42,130.0,125.0,135.0,117.0,143.0
2026-04,BR,BR,glp,3518,115.0,99.99,130.0,80.0,156.0
2026-04,MUN,AC|CRUZEIRO DO SUL,glp,1,128.0,128.0,128.0,128.0,128.0
2026-04,MUN,AC|RIO BRANCO,glp,25,124.0,115.0,130.3,110.0,133.0
2026-04,MUN,AL|ARAPIRACA,glp,9,107.5,105.0,111.0,105.0,115.0
2026-04,MUN,AL|DELMIRO GOUVEIA,glp,4,115.0,113.25,115.0,112.5,115.0
2026-04,MUN,AL|MACEIO,glp,25,107.0,99.994,116.2,89.99,117.5
2026-04,MUN,AL|PALMEIRA DOS INDIOS,glp,2,102.5,100.5,104.5,100.0,105.0
2026-04,MUN,AL|RIO LARGO,glp,7,105.0,100.0,110.0,100.0,110.0
2026-04,MUN,AM|MANACAPURU,glp,7,130.0,126.4,135.4,124.0,136.0
2026-04,MUN,AM|MANAUS,glp,65,123.0,122.2,132.6,118.0,143.0
2026-04,MUN,AM|PARINTINS,glp,6,120.0,120.0,120.0,120.0,120.0
2026-04,MUN,AP|MACAPA,glp,12,125.0,118.2,135.9,115.0,140.0
2026-04,MUN,AP|SANTANA,glp,5,131.0,117.0,133.8,115.0,135.0
2026-04,MUN,BA|ALAGOINHAS,glp,7,119.9,115.0,127.5,115.0,127.5
2026-04,MUN,BA|BARREIRAS,glp,7,135.0,135.0,136.0,135.0,137.5
2026-04,MUN,BA|BRUMADO,glp,4,112.5,106.5,115.0,105.0,115.0
2026-04,MUN,BA|CAETITE,glp,7,105.0,105.0,106.0,105.0,107.5
2026-04,MUN,BA|EUNAPOLIS,glp,4,111.75,107.9,116.3,107.0,117.5
2026-04,MUN,BA|FEIRA DE SANTANA,glp,6,106.5,100.748,112.45,100.0,114.9
2026-04,MUN,BA|GUANAMBI,glp,8,106.25,105.0,111.5,105.0,115.0
2026-04,MUN,BA|ILHEUS,glp,7,134.99,130.0,150.0,130.0,150.0
2026-04,MUN,BA|IPIRA,glp,4,115.0,115.0,115.0,115.0,115.0
2026-04,MUN,BA|IRECE,glp,5,120.0,115.0,123.0,115.0,125.0
2026-04,MUN,BA|ITABUNA,glp,6,110.0,108.75,116.0,107.5,122.0
2026-04,MUN,BA|ITAMARAJU,glp,6,102.5,96.25,110.0,95.0,110.0
2026-04,MUN,BA|JACOBINA,glp,5,135.0,121.5,140.8,112.5,142.0
2026-04,MUN,BA|JAGUAQUARA,glp,7,100.0,98.0,108.0,95.0,120.0
2026-04,MUN,BA|JEQUIE,glp,7,94.99,94.99,117.5,94.99,117.5
2026-04,MUN,BA|JUAZEIRO,glp,3,110.0,102.0,110.0,100.0,110.0
2026-04,MUN,BA|LIVRAMENTO DE NOSSA SENHORA,glp,6,115.0,110.0,117.5,110.0,120.0
2026-04,MUN,BA|PAULO AFONSO,glp,2,111.5,111.5,111.5,111.5,111.5
2026-04,MUN,BA|POCOES,glp,7,104.0,100.9,116.0,100.0,117.5
2026-04,MUN,BA|PORTO SEGURO,glp,4,117.5,110.0,125.0,110.0,125.0
2026-04,MUN,BA|SALVADOR,glp,28,124.495,112.7,138.0,105.0,148.0
2026-04,MUN,BA|SANTO ANTONIO DE JESUS,glp,7,110.0,103.0,119.0,100.0,125.0
2026-04,MUN,BA|SENHOR DO BONFIM,glp,3,125.0,121.0,125.0,120.0,125.0
2026-04,MUN,BA|SERRINHA,glp,7,135.0,125.0,135.0,125.0,135.0
2026-04,MUN,BA|TEIXEIRA DE FREITAS,glp,10,97.25,95.3,98.0,93.495,98.0
2026-04,MUN,BA|VALENCA,glp,3,120.0,112.0,128.0,110.0,130.0
2026-04,MUN,BA|VITORIA DA CONQUISTA,glp,9,115.0,109.2,132.4,106.0,138.0
2026-04,MUN,CE|CANINDE,glp,1,125.5,125.5,125.5,125.5,125.5
2026-04,MUN,CE|CAUCAIA,glp,10,112.5,106.296,130.5,100.0,135.0
2026-04,MUN,CE|CRATEUS,glp,4,120.0,113.0,120.0,110.0,120.0
2026-04,MUN,CE|FORTALEZA,glp,2,116.0,111.2,120.8,110.0,122.0
2026-04,MUN,CE|ICO,glp,4,126.25,121.5,130.3,120.0,131.5
2026-04,MUN,CE|IGUATU,glp,7,122.995,114.6,125.693,108.0,125.99
2026-04,MUN,CE|ITAPIPOCA,glp,7,115.0,97.0,130.0,97.0,130.0
2026-04,MUN,CE|JUAZEIRO DO NORTE,glp,9,130.0,124.0,130.0,120.0,130.0
2026-04,MUN,CE|LIMOEIRO DO NORTE,glp,6,130.0,115.0,130.0,115.0,130.0
2026-04,MUN,CE|QUIXADA,glp,7,115.995,113.994,122.0,112.5,125.0
2026-04,MUN,CE|SOBRAL,glp,5,110.0,102.0,118.0,100.0,118.0
2026-04,MUN,DF|BRASILIA,glp,34,107.74,101.497,114.39,91.99,115.99
2026-04,MUN,ES|ARACRUZ,glp,8,105.0,99.997,115.1,99.99,120.0
2026-04,MUN,ES|CARIACICA,glp,9,100.0,93.992,106.0,90.0,110.0
2026-04,MUN,ES|COLATINA,glp,7,105.0,99.996,110.0,99.99,110.0
2026-04,MUN,ES|GUARAPARI,glp,7,109.99,105.09,117.4,102.99,118.0
2026-04,MUN,ES|LINHARES,glp,9,115.0,109.5,115.8,107.5,119.0
2026-04,MUN,ES|SAO MATEUS,glp,1,112.495,112.495,112.495,112.495,112.495
2026-04,MUN,ES|SERRA,glp,13,99.0,90.692,105.998,80.0,110.0
2026-04,MUN,ES|VILA VELHA,glp,14,100.0,96.35,112.9,94.995,115.0
2026-04,MUN,ES|VITORIA,glp,7,100.0,96.996,112.0,96.99,115.0
2026-04,MUN,GO|AGUAS LINDAS DE GOIAS,glp,13,110.0,104.958,115.0,102.99,118.0
2026-04,MUN,GO|ANAPOLIS,glp,18,115.0,115.0,115.0,115.0,118.0
2026-04,MUN,GO|APARECIDA DE GOIANIA,glp,21,112.5,104.99,120.0,99.99,120.0
2026-04,MUN,GO|CALDAS NOVAS,glp,10,114.5,106.55,116.0,98.0,125.0
2026-04,MUN,GO|CATALAO,glp,7,115.0,108.0,120.8,105.0,122.0
2026-04,MUN,GO|FORMOSA,glp,7,110.0,106.9,120.0,106.0,120.0
2026-04,MUN,GO|GOIANIA,glp,20,116.25,104.5,125.0,99.99,125.0
2026-04,MUN,GO|GOIATUBA,glp,4,120.0,113.0,123.5,110.0,125.0
2026-04,MUN,GO|ITUMBIARA,glp,8,120.0,114.55,123.25,113.5,125.0
2026-04,MUN,GO|LUZIANIA,glp,9,109.0,94.998,110.4,94.99,112.0
2026-04,MUN,GO|MINEIROS,glp,6,138.0,136.0,138.0,135.5,138.0
2026-04,MUN,GO|MORRINHOS,glp,4,112.5,103.0,115.0,100.0,115.0
2026-04,MUN,GO|PORANGATU,glp,7,120.0,117.6,122.4,114.0,126.0
2026-04,MUN,GO|RIO VERDE,glp,10,120.0,109.99,130.0,109.99,130.0
2026-04,MUN,GO|TRINDADE,glp,14,100.0,89.747,110.0,87.5,125.0
2026-04,MUN,GO|VALPARAISO DE GOIAS,glp,8,109.9,104.997,110.0,104.99,110.0
2026-04,MUN,MA|ACAILANDIA,glp,4,122.5,120.0,128.5,120.0,130.0
2026-04,MUN,MA|BACABAL,glp,7,125.0,123.998,130.0,122.495,130.0
2026-04,MUN,MA|BALSAS,glp,6,130.0,130.0,130.0,130.0,130.0
2026-04,MUN,MA|BARRA DO CORDA,glp,2,125.0,125.0,125.0,125.0,125.0
2026-04,MUN,MA|CODO,glp,6,119.0,118.0,120.0,118.0,120.0
2026-04,MUN,MA|IMPERATRIZ,glp,11,120.0,119.99,120.0,110.0,120.0
2026-04,MUN,MA|PINHEIRO,glp,7,130.0,125.0,133.5,125.0,135.0
2026-04,MUN,MA|PRESIDENTE DUTRA,glp,4,121.5,115.9,125.0,115.0,125.0
2026-04,MUN,MA|SAO JOSE DE RIBAMAR,glp,9,130.0,113.396,130.0,109.0,130.0
2026-04,MUN,MA|SAO LUIS,glp,29,125.0,114.998,130.0,109.0,138.0
2026-04,MUN,MG|ALFENAS,glp,7,110.0,100.0,110.0,100.0,110.0
2026-04,MUN,MG|ARAGUARI,glp,7,110.0,103.8,110.8,102.0,112.0
2026-04,MUN,MG|ARAXA,glp,7,106.5,102.4,110.0,101.5,110.0
2026-04,MUN,MG|BARBACENA,glp,5,100.0,99.4,110.0,99.0,110.0
2026-04,MUN,MG|BELO HORIZONTE,glp,25,110.0,99.994,132.6,95.0,145.0
2026-04,MUN,MG|BETIM,glp,13,115.0,101.0,124.5,90.0,130.0
2026-04,MUN,MG|BOM DESPACHO,glp,7,100.0,100.0,110.3,100.0,110.9
2026-04,MUN,MG|CAMPO BELO,glp,6,115.0,115.0,115.0,115.0,115.0
2026-04,MUN,MG|CARATINGA,glp,7,120.0,115.0,127.0,115.0,130.0
2026-04,MUN,MG|CONGONHAS,glp,7,110.0,103.6,112.9,100.0,115.0
2026-04,MUN,MG|CONSELHEIRO LAFAIETE,glp,7,99.99,96.5,112.0,95.0,115.0
2026-04,MUN,MG|CONTAGEM,glp,17,115.0,104.19,130.2,99.99,132.5
2026-04,MUN,MG|CORONEL FABRICIANO,glp,6,135.0,127.5,135.0,120.0,135.0
2026-04,MUN,MG|CURVELO,glp,7,105.0,99.8,110.8,99.5,115.0
2026-04,MUN,MG|DIVINOPOLIS,glp,10,104.0,99.99,120.5,99.99,125.0
2026-04,MUN,MG|FORMIGA,glp,7,115.0,114.6,118.5,114.0,120.0
2026-04,MUN,MG|FRUTAL,glp,6,109.995,99.0,127.495,98.0,140.0
2026-04,MUN,MG|GOVERNADOR VALADARES,glp,10,125.0,117.2,130.8,110.0,138.0
2026-04,MUN,MG|GUAXUPE,glp,6,100.0,92.0,107.5,92.0,110.0
2026-04,MUN,MG|IPATINGA,glp,4,122.5,113.0,125.0,110.0,125.0
2026-04,MUN,MG|ITAJUBA,glp,6,98.0,95.0,110.0,95.0,115.0
2026-04,MUN,MG|ITAUNA,glp,7,124.0,107.2,130.0,103.0,130.0
2026-04,MUN,MG|ITUIUTABA,glp,7,105.0,103.0,115.2,100.0,115.5
2026-04,MUN,MG|JANAUBA,glp,7,120.0,120.0,122.2,120.0,122.5
2026-04,MUN,MG|JANUARIA,glp,6,139.5,136.5,141.5,135.0,143.0
2026-04,MUN,MG|JOAO MONLEVADE,glp,7,110.0,109.0,117.5,107.5,125.0
2026-04,MUN,MG|JOAO PINHEIRO,glp,7,109.0,102.6,120.0,99.0,120.0
2026-04,MUN,MG|JUIZ DE FORA,glp,15,99.99,92.994,111.796,90.0,113.0
2026-04,MUN,MG|LAVRAS,glp,6,113.0,103.72,129.0,102.45,138.0
2026-04,MUN,MG|LEOPOLDINA,glp,7,107.0,102.994,115.6,100.0,116.5
2026-04,MUN,MG|MONTE CARMELO,glp,6,108.75,103.25,110.0,99.0,110.0
2026-04,MUN,MG|MONTES CLAROS,glp,23,117.0,106.8,123.8,105.0,135.0
2026-04,MUN,MG|MURIAE,glp,6,107.5,102.495,110.0,99.99,110.0
2026-04,MUN,MG|NOVA LIMA,glp,1,120.0,120.0,120.0,120.0,120.0
2026-04,MUN,MG|OLIVEIRA,glp,4,110.5,110.0,113.8,110.0,115.0
2026-04,MUN,MG|OURO PRETO,glp,3,108.0,102.4,109.6,101.0,110.0
2026-04,MUN,MG|PARA DE MINAS,glp,7,100.0,95.0,116.8,95.0,127.0
2026-04,MUN,MG|PARACATU,glp,7,115.0,111.0,127.0,105.0,130.0
2026-04,MUN,MG|PASSOS,glp,7,110.0,100.0,114.0,100.0,120.0
2026-04,MUN,MG|PATROCINIO,glp,7,110.0,109.2,111.0,108.0,112.5
2026-04,MUN,MG|POCOS DE CALDAS,glp,7,125.0,120.1,125.0,118.0,125.0
2026-04,MUN,MG|SABARA,glp,7,120.0,116.0,130.0,110.0,130.0
2026-04,MUN,MG|SAO JOAO DEL REI,glp,7,110.0,110.0,115.0,110.0,115.0
2026-04,MUN,MG|SAO SEBASTIAO DO PARAISO,glp,8,105.0,99.25,113.0,97.5,120.0
2026-04,MUN,MG|SETE LAGOAS,glp,10,98.992,94.999,115.5,94.99,120.0
2026-04,MUN,MG|TEOFILO OTONI,glp,7,130.0,118.0,135.5,118.0,140.0
2026-04,MUN,MG|TIMOTEO,glp,6,115.0,110.0,115.0,105.0,115.0
2026-04,MUN,MG|TRES CORACOES,glp,7,100.0,95.0,102.0,95.0,105.0
2026-04,MUN,MG|UBA,glp,1,100.0,100.0,100.0,100.0,100.0
2026-04,MUN,MG|UBERABA,glp,12,100.0,94.3,119.25,88.0,120.0
2026-04,MUN,MG|UBERLANDIA,glp,17,100.0,99.99,105.0,90.0,105.0
2026-04,MUN,MG|UNAI,glp,7,120.0,120.0,127.0,120.0,130.0
2026-04,MUN,MG|VARGINHA,glp,7,118.0,101.0,120.0,95.0,120.0
2026-04,MUN,MG|VICOSA,glp,7,120.0,108.6,122.0,99.0,125.0
2026-04,MUN,MS|CAMPO GRANDE,glp,33,115.0,104.2,125.0,100.0,125.0
2026-04,MUN,MS|CORUMBA,glp,6,133.25,127.49,137.25,124.99,138.0
2026-04,MUN,MS|DOURADOS,glp,15,120.0,115.0,131.6,114.0,151.0
2026-04,MUN,MS|PONTA PORA,glp,5,125.0,120.0,137.96,120.0,140.0
2026-04,MUN,MS|TRES LAGOAS,glp,8,130.0,124.25,132.4,122.5,138.0
2026-04,MUN,MT|ALTA FLORESTA,glp,7,136.0,125.0,145.0,125.0,145.0
2026-04,MUN,MT|CACERES,glp,10,125.0,125.0,125.4,125.0,129.0
2026-04,MUN,MT|CUIABA,glp,26,122.95,116.5,134.995,110.0,140.0
2026-04,MUN,MT|RONDONOPOLIS,glp,8,133.5,125.793,141.5,116.0,145.0
2026-04,MUN,MT|SINOP,glp,11,140.0,137.5,145.0,130.0,149.0
2026-04,MUN,MT|SORRISO,glp,4,140.75,135.75,144.7,135.0,145.0
2026-04,MUN,MT|VARZEA GRANDE,glp,19,117.5,104.982,130.0,104.0,140.0
2026-04,MUN,PA|ABAETETUBA,glp,5,118.0,116.5,118.0,115.5,118.0
2026-04,MUN,PA|ALENQUER,glp,4,115.0,113.6,115.0,113.0,115.0
2026-04,MUN,PA|ALTAMIRA,glp,7,135.0,121.494,138.8,120.0,140.0
2026-04,MUN,PA|ANANINDEUA,glp,13,106.99,99.992,114.6,98.99,116.0
2026-04,MUN,PA|BELEM,glp,25,119.0,113.496,130.0,110.0,130.0
2026-04,MUN,PA|BRAGANCA,glp,5,115.0,109.0,115.0,105.0,115.0
2026-04,MUN,PA|CASTANHAL,glp,8,115.0,113.5,118.95,110.0,120.0
2026-04,MUN,PA|CONCEICAO DO ARAGUAIA,glp,5,110.0,110.0,110.0,110.0,110.0
2026-04,MUN,PA|MARABA,glp,9,125.0,116.6,126.0,115.0,130.0
2026-04,MUN,PA|PARAGOMINAS,glp,7,130.0,130.0,140.0,130.0,140.0
2026-04,MUN,PA|PARAUAPEBAS,glp,8,130.0,127.5,130.0,127.5,130.0
2026-04,MUN,PA|SANTAREM,glp,13,90.0,85.9,109.0,85.0,110.0
2026-04,MUN,PB|BAYEUX,glp,6,115.0,111.25,118.75,110.0,122.5
2026-04,MUN,PB|CABEDELO,glp,7,108.0,107.5,117.6,107.5,120.0
2026-04,MUN,PB|CAMPINA GRANDE,glp,9,105.0,103.4,112.0,97.0,120.0
2026-04,MUN,PB|JOAO PESSOA,glp,25,105.0,102.0,114.0,94.99,125.0
2026-04,MUN,PB|PATOS,glp,7,117.5,112.2,120.0,109.5,120.0
2026-04,MUN,PB|SOUSA,glp,4,112.5,110.0,115.0,110.0,115.0
2026-04,MUN,PE|ARARIPINA,glp,7,110.0,110.0,110.0,110.0,110.0
2026-04,MUN,PE|ARCOVERDE,glp,6,105.0,100.0,110.0,100.0,110.0
2026-04,MUN,PE|BELO JARDIM,glp,4,102.0,95.315,102.0,92.45,102.0
2026-04,MUN,PE|CABO DE SANTO AGOSTINHO,glp,7,105.0,97.194,106.798,93.0,109.495
2026-04,MUN,PE|CARUARU,glp,10,97.0,91.799,100.5,89.99,105.0
2026-04,MUN,PE|GARANHUNS,glp,7,112.495,109.998,113.497,109.995,115.0
2026-04,MUN,PE|GOIANA,glp,5,100.0,96.0,102.5,95.0,102.5
2026-04,MUN,PE|IGARASSU,glp,7,105.0,102.4,111.0,100.0,112.5
2026-04,MUN,PE|JABOATAO DOS GUARARAPES,glp,9,105.0,98.692,112.0,97.5,120.0
2026-04,MUN,PE|LAJEDO,glp,6,100.0,97.5,102.5,95.0,105.0
2026-04,MUN,PE|OLINDA,glp,9,100.0,99.592,108.0,98.0,110.0
2026-04,MUN,PE|PAULISTA,glp,10,102.495,99.999,105.25,99.99,107.5
2026-04,MUN,PE|PETROLINA,glp,12,114.75,110.0,119.7,103.0,130.0
2026-04,MUN,PE|RECIFE,glp,15,100.0,99.99,106.8,90.0,115.0
2026-04,MUN,PE|SALGUEIRO,glp,5,120.0,115.0,120.0,115.0,120.0
2026-04,MUN,PE|SANTA CRUZ DO CAPIBARIBE,glp,3,110.0,110.0,110.0,110.0,110.0
2026-04,MUN,PE|SERRA TALHADA,glp,6,120.0,117.5,125.0,115.0,130.0
2026-04,MUN,PE|VITORIA DE SANTO ANTAO,glp,7,100.0,99.996,100.8,99.99,102.0
2026-04,MUN,PI|PARNAIBA,glp,7,120.0,118.0,125.5,115.0,130.0
2026-04,MUN,PI|PICOS,glp,7,110.0,107.0,113.5,107.0,115.0
2026-04,MUN,PI|PIRIPIRI,glp,7,119.99,116.494,136.196,115.0,137.99
2026-04,MUN,PI|TERESINA,glp,20,110.0,104.5,118.199,100.0,120.0
2026-04,MUN,PR|APUCARANA,glp,10,110.0,110.0,115.5,110.0,120.0
2026-04,MUN,PR|ARAPONGAS,glp,8,109.95,107.8,112.55,105.0,115.0
2026-04,MUN,PR|ARAUCARIA,glp,10,110.0,104.8,110.0,103.0,110.0
2026-04,MUN,PR|CAMBE,glp,7,120.0,118.0,122.0,115.0,125.0
2026-04,MUN,PR|CAMPO LARGO,glp,9,110.0,103.78,112.2,98.9,113.0
2026-04,MUN,PR|CAMPO MOURAO,glp,7,127.5,123.0,128.8,120.0,130.0
2026-04,MUN,PR|CASCAVEL,glp,15,115.0,109.9,118.4,95.0,123.0
2026-04,MUN,PR|CASTRO,glp,7,125.0,121.76,125.8,119.9,127.0
2026-04,MUN,PR|CIANORTE,glp,7,127.45,113.96,132.0,104.9,135.0
2026-04,MUN,PR|COLOMBO,glp,12,100.175,97.496,111.29,97.0,112.0
2026-04,MUN,PR|CORNELIO PROCOPIO,glp,4,122.5,116.5,125.0,115.0,125.0
2026-04,MUN,PR|CURITIBA,glp,41,105.0,99.9,115.0,96.0,119.99
2026-04,MUN,PR|FOZ DO IGUACU,glp,15,110.0,101.78,120.0,99.99,125.0
2026-04,MUN,PR|FRANCISCO BELTRAO,glp,8,125.0,120.0,126.5,120.0,130.0
2026-04,MUN,PR|GUARAPUAVA,glp,10,113.5,110.0,115.2,110.0,117.0
2026-04,MUN,PR|LONDRINA,glp,15,115.0,105.8,120.0,100.0,122.99
2026-04,MUN,PR|MARINGA,glp,12,113.5,99.99,129.25,99.99,130.0
2026-04,MUN,PR|PARANAGUA,glp,7,105.0,100.0,108.5,100.0,110.0
2026-04,MUN,PR|PARANAVAI,glp,7,104.99,102.9,104.99,99.9,104.99
2026-04,MUN,PR|PONTA GROSSA,glp,7,107.9,105.0,120.0,105.0,120.0
2026-04,MUN,PR|SANTO ANTONIO DA PLATINA,glp,7,120.0,116.5,123.2,115.0,125.0
2026-04,MUN,PR|SAO JOSE DOS PINHAIS,glp,14,108.125,99.15,110.0,95.0,112.5
2026-04,MUN,PR|TOLEDO,glp,10,109.95,95.0,116.5,95.0,130.0
2026-04,MUN,PR|UMUARAMA,glp,7,120.0,107.9,132.0,107.9,135.0
2026-04,MUN,PR|UNIAO DA VITORIA,glp,4,110.0,110.0,110.0,110.0,110.0
2026-04,MUN,RJ|ANGRA DOS REIS,glp,7,133.0,129.98,135.0,129.95,135.0
2026-04,MUN,RJ|ARARUAMA,glp,7,94.99,89.996,105.0,89.99,105.0
2026-04,MUN,RJ|BARRA DO PIRAI,glp,6,102.5,94.99,108.995,94.99,110.0
2026-04,MUN,RJ|BARRA MANSA,glp,7,104.99,99.827,116.54,98.9,119.0
2026-04,MUN,RJ|BELFORD ROXO,glp,7,98.0,91.0,105.0,85.0,105.0
2026-04,MUN,RJ|CABO FRIO,glp,3,99.99,93.598,99.99,92.0,99.99
2026-04,MUN,RJ|CAMPOS DOS GOYTACAZES,glp,2,99.99,99.99,99.99,99.99,99.99
2026-04,MUN,RJ|DUQUE DE CAXIAS,glp,12,100.0,97.65,109.999,92.99,115.0
2026-04,MUN,RJ|ITABORAI,glp,10,114.995,114.99,115.0,114.99,115.0
2026-04,MUN,RJ|ITAPERUNA,glp,7,105.0,99.996,109.994,99.99,110.0
2026-04,MUN,RJ|MACAE,glp,7,150.0,146.194,150.0,145.0,150.0
2026-04,MUN,RJ|MARICA,glp,7,97.0,92.9,101.187,92.0,102.99
2026-04,MUN,RJ|NILOPOLIS,glp,7,122.0,120.0,122.0,120.0,122.0
2026-04,MUN,RJ|NITEROI,glp,7,94.99,88.8,112.354,87.0,118.9
2026-04,MUN,RJ|NOVA FRIBURGO,glp,7,115.0,100.596,115.0,96.99,115.0
2026-04,MUN,RJ|NOVA IGUACU,glp,15,105.0,90.0,125.0,89.99,125.0
2026-04,MUN,RJ|PETROPOLIS,glp,7,109.99,89.996,118.0,89.99,118.0
2026-04,MUN,RJ|RESENDE,glp,7,125.0,122.4,126.4,118.5,127.0
2026-04,MUN,RJ|RIO BONITO,glp,7,94.99,90.0,96.2,90.0,98.0
2026-04,MUN,RJ|RIO DE JANEIRO,glp,25,99.99,89.994,105.0,85.0,105.0
2026-04,MUN,RJ|SANTO ANTONIO DE PADUA,glp,4,114.0,107.7,116.8,105.0,118.0
2026-04,MUN,RJ|SAO GONCALO,glp,14,110.0,107.19,113.793,105.0,115.0
2026-04,MUN,RJ|SAO JOAO DE MERITI,glp,9,100.0,94.998,106.0,94.99,110.0
2026-04,MUN,RJ|SAQUAREMA,glp,7,95.99,93.8,100.2,92.0,105.0
2026-04,MUN,RJ|TRES RIOS,glp,7,100.0,95.99,104.994,89.99,105.0
2026-04,MUN,RJ|VALENCA,glp,6,102.0,100.0,106.0,100.0,110.0
2026-04,MUN,RJ|VOLTA REDONDA,glp,8,106.24,100.69,108.59,99.99,109.99
2026-04,MUN,RN|CAICO,glp,6,118.75,108.745,120.0,99.99,120.0
2026-04,MUN,RN|MOSSORO,glp,8,113.75,107.75,120.9,102.5,123.0
2026-04,MUN,RN|NATAL,glp,17,110.0,103.0,123.2,97.0,130.0
2026-04,MUN,RN|PARNAMIRIM,glp,9,109.9,104.5,111.0,102.5,115.0
2026-04,MUN,RO|CACOAL,glp,7,136.0,134.6,141.3,134.0,144.0
2026-04,MUN,RO|PIMENTA BUENO,glp,4,145.5,142.3,149.4,142.0,150.0
2026-04,MUN,RO|PORTO VELHO,glp,24,120.0,111.5,129.9,109.0,138.0
2026-04,MUN,RO|VILHENA,glp,7,133.0,123.794,134.2,114.5,136.0
2026-04,MUN,RR|BOA VISTA,glp,22,142.0,133.2,148.9,130.0,156.0
2026-04,MUN,RS|ALEGRETE,glp,6,117.5,112.5,120.0,110.0,120.0
2026-04,MUN,RS|ALVORADA,glp,6,114.0,105.5,116.495,103.0,116.99
2026-04,MUN,RS|BAGE,glp,8,122.5,118.0,126.2,118.0,129.0
2026-04,MUN,RS|BENTO GONCALVES,glp,7,128.0,127.24,133.4,127.0,134.0
2026-04,MUN,RS|CACHOEIRA DO SUL,glp,7,115.0,111.5,117.0,110.0,120.0
2026-04,MUN,RS|CACHOEIRINHA,glp,7,115.0,113.796,116.8,111.99,118.0
2026-04,MUN,RS|CANOAS,glp,15,110.0,105.0,115.0,104.9,115.0
2026-04,MUN,RS|CAXIAS DO SUL,glp,17,122.0,112.6,128.71,105.0,135.0
2026-04,MUN,RS|CRUZ ALTA,glp,6,99.0,99.0,99.0,99.0,99.0
2026-04,MUN,RS|ERECHIM,glp,9,136.0,130.0,140.0,130.0,140.0
2026-04,MUN,RS|ESTEIO,glp,7,115.0,110.0,123.2,110.0,128.0
2026-04,MUN,RS|GRAMADO,glp,5,110.0,107.0,135.0,105.0,135.0
2026-04,MUN,RS|GRAVATAI,glp,9,113.0,105.0,120.0,105.0,120.0
2026-04,MUN,RS|GUAIBA,glp,7,108.0,99.9,110.8,99.9,112.0
2026-04,MUN,RS|IJUI,glp,7,115.0,105.996,124.74,99.99,132.0
2026-04,MUN,RS|LAJEADO,glp,7,130.0,125.0,130.8,125.0,132.0
2026-04,MUN,RS|NOVO HAMBURGO,glp,10,104.5,99.66,110.3,97.5,113.0
2026-04,MUN,RS|OSORIO,glp,7,115.0,109.594,119.9,109.0,119.9
2026-04,MUN,RS|PASSO FUNDO,glp,13,123.0,120.0,127.7,118.0,128.0
2026-04,MUN,RS|PELOTAS,glp,15,119.0,116.74,126.2,113.0,131.0
2026-04,MUN,RS|PORTO ALEGRE,glp,15,120.0,110.0,132.96,105.0,135.0
2026-04,MUN,RS|SANTA CRUZ DO SUL,glp,9,125.0,114.0,125.0,110.0,125.0
2026-04,MUN,RS|SANTA MARIA,glp,13,117.5,112.58,120.0,110.0,125.0
2026-04,MUN,RS|SANTA ROSA,glp,7,130.0,124.6,134.0,124.0,140.0
2026-04,MUN,RS|SANTANA DO LIVRAMENTO,glp,7,130.0,130.0,131.0,130.0,132.5
2026-04,MUN,RS|SANTO ANGELO,glp,4,121.5,115.95,131.25,114.0,135.0
2026-04,MUN,RS|SAO GABRIEL,glp,6,118.5,116.5,124.5,115.0,125.0
2026-04,MUN,RS|SAO LEOPOLDO,glp,7,105.0,100.6,110.0,100.0,110.0
2026-04,MUN,RS|SAO LUIZ GONZAGA,glp,6,110.0,105.0,120.0,105.0,125.0
2026-04,MUN,RS|SAPIRANGA,glp,7,115.0,113.0,117.8,110.0,122.0
2026-04,MUN,RS|SAPUCAIA DO SUL,glp,6,112.0,107.5,116.25,105.0,117.0
2026-04,MUN,RS|TORRES,glp,3,125.0,116.992,126.6,114.99,127.0
2026-04,MUN,RS|URUGUAIANA,glp,7,122.5,118.0,138.0,115.0,150.0
2026-04,MUN,RS|VACARIA,glp,7,122.5,118.0,128.0,118.0,128.0
2026-04,MUN,RS|VIAMAO,glp,7,115.0,108.34,119.36,106.0,119.9
2026-04,MUN,SC|ARARANGUA,glp,1,113.0,113.0,113.0,113.0,113.0
2026-04,MUN,SC|BLUMENAU,glp,9,134.5,127.992,140.992,120.0,145.0
2026-04,MUN,SC|BRUSQUE,glp,3,127.5,121.5,137.492,120.0,139.99
2026-04,MUN,SC|CACADOR,glp,6,130.0,127.5,137.5,125.0,145.0
2026-04,MUN,SC|CHAPECO,glp,9,132.5,124.81,140.0,124.45,140.0
2026-04,MUN,SC|CONCORDIA,glp,4,115.0,111.43,123.75,109.9,127.5
2026-04,MUN,SC|CRICIUMA,glp,5,115.0,109.0,118.0,105.0,118.0
2026-04,MUN,SC|FLORIANOPOLIS,glp,5,129.0,121.4,134.0,119.0,135.0
2026-04,MUN,SC|ITAJAI,glp,13,128.0,113.0,129.792,112.0,130.0
2026-04,MUN,SC|JOINVILLE,glp,9,122.0,119.0,127.1,115.0,135.5
2026-04,MUN,SC|LAGUNA,glp,6,117.495,115.0,119.0,115.0,120.0
2026-04,MUN,SC|MAFRA,glp,6,112.45,110.0,115.0,110.0,115.0
2026-04,MUN,SC|SAO JOSE,glp,10,121.748,120.0,125.0,120.0,125.0
2026-04,MUN,SC|TUBARAO,glp,7,110.0,104.0,117.0,95.0,120.0
2026-04,MUN,SC|VIDEIRA,glp,6,125.495,115.0,130.0,110.0,133.0
2026-04,MUN,SE|ARACAJU,glp,15,112.0,110.0,114.9,109.5,115.0
2026-04,MUN,SE|ITABAIANA,glp,7,115.0,110.0,116.5,110.0,116.5
2026-04,MUN,SE|LAGARTO,glp,6,115.0,113.75,116.25,112.5,117.5
2026-04,MUN,SE|NOSSA SENHORA DO SOCORRO,glp,9,111.0,107.0,115.4,105.0,117.0
2026-04,MUN,SP|ADAMANTINA,glp,7,103.45,99.96,109.0,99.9,109.0
2026-04,MUN,SP|AMERICANA,glp,7,117.0,107.993,127.396,104.99,130.99
2026-04,MUN,SP|ARACATUBA,glp,15,105.0,100.19,111.2,95.99,115.0
2026-04,MUN,SP|ARARAQUARA,glp,10,121.5,114.75,127.1,112.5,128.0
2026-04,MUN,SP|ARARAS,glp,7,115.0,109.097,115.0,104.0,115.0
2026-04,MUN,SP|ASSIS,glp,9,115.0,107.1,120.0,103.9,120.0
2026-04,MUN,SP|ATIBAIA,glp,6,122.5,112.5,130.0,110.0,135.0
2026-04,MUN,SP|AVARE,glp,7,99.0,98.596,112.4,97.99,113.0
2026-04,MUN,SP|BARRETOS,glp,6,110.0,104.995,116.25,99.99,117.5
2026-04,MUN,SP|BARUERI,glp,9,115.0,109.998,129.99,109.99,129.99
2026-04,MUN,SP|BAURU,glp,10,111.803,104.0,115.0,95.0,115.0
2026-04,MUN,SP|BEBEDOURO,glp,5,120.0,117.5,128.0,117.5,130.0
2026-04,MUN,SP|BERTIOGA,glp,1,129.99,129.99,129.99,129.99,129.99
2026-04,MUN,SP|BIRIGUI,glp,9,110.0,99.092,113.0,95.5,115.0
2026-04,MUN,SP|BOTUCATU,glp,8,110.0,103.5,110.0,100.0,110.0
2026-04,MUN,SP|BRAGANCA PAULISTA,glp,10,114.0,109.0,119.09,109.0,119.9
2026-04,MUN,SP|CACAPAVA,glp,7,99.99,92.394,105.2,81.0,110.0
2026-04,MUN,SP|CAMPINAS,glp,13,115.0,114.99,127.99,114.99,129.99
2026-04,MUN,SP|CARAGUATATUBA,glp,7,110.0,107.996,124.994,104.99,140.0
2026-04,MUN,SP|CARAPICUIBA,glp,10,108.74,104.999,120.991,104.99,130.0
2026-04,MUN,SP|COSMOPOLIS,glp,4,104.99,97.99,104.994,94.99,104.995
2026-04,MUN,SP|COTIA,glp,7,119.99,114.99,126.636,114.99,129.09
2026-04,MUN,SP|CRUZEIRO,glp,7,94.99,94.99,95.0,94.99,95.0
2026-04,MUN,SP|CUBATAO,glp,5,120.0,118.194,129.9,116.99,129.9
2026-04,MUN,SP|DIADEMA,glp,8,118.0,113.49,121.5,109.99,125.0
2026-04,MUN,SP|EMBU DAS ARTES,glp,9,119.9,108.498,125.6,102.49,128.0
2026-04,MUN,SP|FRANCA,glp,11,110.0,104.99,122.0,104.99,122.99
2026-04,MUN,SP|GARCA,glp,6,135.0,128.75,135.0,125.0,135.0
2026-04,MUN,SP|GUARATINGUETA,glp,6,92.0,90.5,112.5,90.0,120.0
2026-04,MUN,SP|GUARUJA,glp,7,120.0,100.0,130.0,100.0,130.0
2026-04,MUN,SP|GUARULHOS,glp,13,109.99,98.39,120.792,90.0,125.0
2026-04,MUN,SP|HORTOLANDIA,glp,8,104.99,100.99,106.497,97.49,109.99
2026-04,MUN,SP|IBITINGA,glp,7,110.0,110.0,128.8,110.0,130.0
2026-04,MUN,SP|INDAIATUBA,glp,6,120.0,118.5,125.0,118.0,125.0
2026-04,MUN,SP|ITANHAEM,glp,6,112.5,109.995,120.0,109.99,120.0
2026-04,MUN,SP|ITAPECERICA DA SERRA,glp,7,119.99,115.99,126.693,109.99,129.99
2026-04,MUN,SP|ITAPETININGA,glp,6,134.995,123.5,138.995,115.0,140.0
2026-04,MUN,SP|ITAPEVA,glp,4,114.24,108.99,118.09,107.49,118.99
2026-04,MUN,SP|ITAPIRA,glp,5,125.0,119.0,125.0,115.0,125.0
2026-04,MUN,SP|ITAPOLIS,glp,7,135.0,131.0,140.0,125.0,140.0
2026-04,MUN,SP|ITAQUAQUECETUBA,glp,11,99.99,94.99,104.99,91.49,105.0
2026-04,MUN,SP|ITATIBA,glp,6,110.0,107.5,115.0,105.0,120.0
2026-04,MUN,SP|ITU,glp,5,118.0,113.0,120.0,110.0,120.0
2026-04,MUN,SP|JABOTICABAL,glp,6,104.995,99.9,119.0,99.9,122.0
2026-04,MUN,SP|JACAREI,glp,9,109.0,92.992,110.918,85.0,114.99
2026-04,MUN,SP|JALES,glp,4,120.0,112.965,123.5,109.95,125.0
2026-04,MUN,SP|JAU,glp,7,115.0,105.3,126.76,102.0,139.9
2026-04,MUN,SP|JOSE BONIFACIO,glp,5,115.0,110.0,117.3,110.0,117.5
2026-04,MUN,SP|JUNDIAI,glp,9,125.0,110.8,130.0,110.0,130.0
2026-04,MUN,SP|LEME,glp,2,110.0,106.0,114.0,105.0,115.0
2026-04,MUN,SP|LIMEIRA,glp,9,107.5,99.998,113.0,99.99,125.0
2026-04,MUN,SP|LINS,glp,7,110.0,94.496,122.0,89.99,125.0
2026-04,MUN,SP|LORENA,glp,6,94.0,91.25,102.5,90.0,110.0
2026-04,MUN,SP|MARILIA,glp,8,135.0,132.1,145.1,130.0,150.0
2026-04,MUN,SP|MATAO,glp,2,119.99,119.99,119.99,119.99,119.99
2026-04,MUN,SP|MAUA,glp,10,114.99,104.49,125.0,99.99,125.0
2026-04,MUN,SP|MOCOCA,glp,7,120.0,114.99,129.34,114.99,130.0
2026-04,MUN,SP|MOGI DAS CRUZES,glp,5,115.0,111.6,117.0,110.0,117.0
2026-04,MUN,SP|MOGI GUACU,glp,5,120.0,116.0,123.0,115.0,125.0
2026-04,MUN,SP|MOGI MIRIM,glp,5,120.0,120.0,125.0,120.0,125.0
2026-04,MUN,SP|MONTE ALTO,glp,7,110.0,109.2,118.3,108.0,127.0
2026-04,MUN,SP|OLIMPIA,glp,7,97.0,94.8,97.0,94.5,97.0
2026-04,MUN,SP|OSASCO,glp,13,110.0,102.99,119.99,99.99,124.99
2026-04,MUN,SP|OURINHOS,glp,6,110.0,106.75,114.25,103.5,115.0
2026-04,MUN,SP|PARAGUACU PAULISTA,glp,2,122.5,116.5,128.5,115.0,130.0
2026-04,MUN,SP|PAULINIA,glp,6,117.495,114.972,120.0,114.945,120.0
2026-04,MUN,SP|PIRACICABA,glp,11,110.0,99.99,120.0,99.99,120.0
2026-04,MUN,SP|PIRASSUNUNGA,glp,7,119.0,109.9,123.2,109.9,128.0
2026-04,MUN,SP|POA,glp,7,112.0,103.99,120.994,94.99,130.0
2026-04,MUN,SP|PORTO FERREIRA,glp,5,113.0,108.8,116.8,108.0,118.0
2026-04,MUN,SP|PRAIA GRANDE,glp,10,125.0,117.79,129.91,115.99,130.0
2026-04,MUN,SP|PRESIDENTE PRUDENTE,glp,12,121.2,99.991,127.7,99.99,128.0
2026-04,MUN,SP|RIBEIRAO PIRES,glp,8,116.495,99.208,129.5,97.49,140.0
2026-04,MUN,SP|RIBEIRAO PRETO,glp,10,118.75,109.999,128.1,109.99,129.0
2026-04,MUN,SP|RIO CLARO,glp,1,103.0,103.0,103.0,103.0,103.0
2026-04,MUN,SP|SALTO,glp,4,106.25,100.043,114.193,98.99,115.99
2026-04,MUN,SP|SANTO ANDRE,glp,10,118.49,104.999,124.144,104.99,129.99
2026-04,MUN,SP|SANTOS,glp,8,129.95,124.25,141.57,122.5,149.9
2026-04,MUN,SP|SAO BERNARDO DO CAMPO,glp,5,134.99,126.996,146.0,125.0,150.0
2026-04,MUN,SP|SAO CAETANO DO SUL,glp,4,119.99,118.244,119.997,117.495,120.0
2026-04,MUN,SP|SAO CARLOS,glp,13,134.0,127.6,138.8,125.0,139.0
2026-04,MUN,SP|SAO JOAO DA BOA VISTA,glp,7,113.0,111.5,115.0,110.0,115.0
2026-04,MUN,SP|SAO JOSE DO RIO PRETO,glp,22,120.0,115.0,130.0,110.0,137.5
2026-04,MUN,SP|SAO JOSE DOS CAMPOS,glp,15,103.0,94.99,114.99,94.0,120.0
2026-04,MUN,SP|SAO PAULO,glp,45,119.99,105.998,134.994,99.99,149.99
2026-04,MUN,SP|SAO VICENTE,glp,10,119.9,109.99,129.9,109.99,129.9
2026-04,MUN,SP|SERTAOZINHO,glp,5,103.49,99.09,111.396,98.49,115.0
2026-04,MUN,SP|SOROCABA,glp,14,120.0,115.3,131.97,104.995,133.9
2026-04,MUN,SP|SUMARE,glp,8,102.495,97.09,109.993,94.99,110.0
2026-04,MUN,SP|SUZANO,glp,10,110.0,94.99,118.5,94.99,123.0
2026-04,MUN,SP|TABOAO DA SERRA,glp,7,112.5,106.494,121.99,105.0,124.99
2026-04,MUN,SP|TATUI,glp,7,130.0,122.0,130.0,117.5,130.0
2026-04,MUN,SP|TAUBATE,glp,9,97.99,93.776,106.392,88.88,112.0
2026-04,MUN,SP|TUPA,glp,3,115.5,115.1,121.5,115.0,123.0
2026-04,MUN,SP|UBATUBA,glp,5,103.0,99.97,106.8,99.95,108.0
2026-04,MUN,SP|VALINHOS,glp,5,117.99,115.774,134.396,115.0,140.0
2026-04,MUN,SP|VARZEA PAULISTA,glp,6,110.0,102.495,125.0,99.99,130.0
2026-04,MUN,SP|VINHEDO,glp,7,120.0,111.0,124.396,105.0,124.99
2026-04,MUN,SP|VOTORANTIM,glp,7,124.99,112.994,126.996,110.0,129.99
2026-04,MUN,SP|VOTUPORANGA,glp,10,115.0,110.0,119.1,110.0,120.0
2026-04,MUN,TO|ARAGUAINA,glp,9,130.0,130.0,136.0,130.0,140.0
2026-04,MUN,TO|GURUPI,glp,8,131.25,128.5,135.0,125.0,135.0
2026-04,MUN,TO|PALMAS,glp,3,130.0,126.0,140.4,125.0,143.0
2026-04,MUN,TO|PARAISO DO TOCANTINS,glp,7,140.0,136.0,141.2,130.0,143.0
2026-04,MUN,TO|PORTO NACIONAL,glp,7,135.0,130.0,140.0,130.0,140.0
2026-04,UF,AC,glp,26,124.0,115.0,130.25,110.0,133.0
2026-04,UF,AL,glp,47,107.5,100.0,115.0,89.99,117.5
2026-04,UF,AM,glp,78,123.0,120.7,133.0,118.0,143.0
2026-04,UF,AP,glp,17,125.0,116.8,135.4,115.0,140.0
2026-04,UF,BA,glp,179,115.0,99.6,135.0,93.495,150.0
2026-04,UF,CE,glp,62,120.0,107.096,130.0,97.0,135.0
2026-04,UF,DF,glp,34,107.74,101.497,114.39,91.99,115.99
2026-04,UF,ES,glp,75,102.99,95.396,115.0,80.0,120.0
2026-04,UF,GO,glp,166,115.0,101.25,125.0,87.5,138.0
2026-04,UF,MA,glp,85,125.0,118.0,130.0,109.0,138.0
2026-04,UF,MG,glp,427,110.0,99.99,125.0,88.0,145.0
2026-04,UF,MS,glp,67,120.0,108.8,134.94,100.0,151.0
2026-04,UF,MT,glp,85,125.0,112.593,140.0,104.0,149.0
2026-04,UF,PA,glp,109,115.0,100.0,130.0,85.0,140.0
2026-04,UF,PB,glp,58,107.75,105.0,120.0,94.99,125.0
2026-04,UF,PE,glp,135,105.0,98.396,115.0,89.99,130.0
2026-04,UF,PI,glp,41,110.0,105.0,122.5,100.0,137.99
2026-04,UF,PR,glp,260,110.0,99.99,125.0,95.0,135.0
2026-04,UF,RJ,glp,219,104.99,92.494,125.0,85.0,150.0
2026-04,UF,RN,glp,40,110.0,102.5,120.0,97.0,130.0
2026-04,UF,RO,glp,42,125.0,115.25,141.75,109.0,150.0
2026-04,UF,RR,glp,22,142.0,133.2,148.9,130.0,156.0
2026-04,UF,RS,glp,286,118.0,105.0,130.0,97.5,150.0
2026-04,UF,SC,glp,99,124.0,111.6,135.1,95.0,145.0
2026-04,UF,SE,glp,37,112.4,109.8,115.6,105.0,117.5
2026-04,UF,SP,glp,788,115.0,99.99,129.99,81.0,150.0
2026-04,UF,TO,glp,34,134.0,130.0,140.0,125.0,143.0
2026-05,BR,BR,glp,3567,115.0,100.0,130.0,79.99,156.0
2026-05,MUN,AC|CRUZEIRO DO SUL,glp,1,128.0,128.0,128.0,128.0,128.0
2026-05,MUN,AC|RIO BRANCO,glp,24,120.5,115.3,130.7,114.0,134.5
2026-05,MUN,AL|ARAPIRACA,glp,9,110.0,105.0,111.0,105.0,115.0
2026-05,MUN,AL|DELMIRO GOUVEIA,glp,4,115.0,104.5,118.5,100.0,120.0
2026-05,MUN,AL|MACEIO,glp,26,105.0,98.745,117.5,89.99,120.0
2026-05,MUN,AL|PALMEIRA DOS INDIOS,glp,2,102.5,100.5,104.5,100.0,105.0
2026-05,MUN,AL|RIO LARGO,glp,7,105.0,100.0,110.0,100.0,110.0
2026-05,MUN,AM|MANACAPURU,glp,7,133.0,128.8,137.6,127.0,140.0
2026-05,MUN,AM|MANAUS,glp,65,126.0,123.0,135.0,118.0,140.0
2026-05,MUN,AM|PARINTINS,glp,6,122.25,120.75,132.0,120.0,140.0
2026-05,MUN,AP|MACAPA,glp,12,125.5,118.2,134.7,115.0,136.0
2026-05,MUN,AP|SANTANA,glp,3,132.0,131.2,134.4,131.0,135.0
2026-05,MUN,BA|ALAGOINHAS,glp,7,119.9,109.0,125.0,100.0,125.0
2026-05,MUN,BA|BARREIRAS,glp,7,135.0,135.0,135.0,135.0,135.0
2026-05,MUN,BA|BRUMADO,glp,4,112.5,108.25,118.5,107.5,120.0
2026-05,MUN,BA|CAETITE,glp,9,105.0,100.0,105.0,100.0,105.0
2026-05,MUN,BA|EUNAPOLIS,glp,5,110.0,108.2,115.3,107.0,117.5
2026-05,MUN,BA|FEIRA DE SANTANA,glp,5,102.5,99.994,112.94,99.99,114.9
2026-05,MUN,BA|GUANAMBI,glp,9,110.0,107.0,111.0,105.0,115.0
2026-05,MUN,BA|ILHEUS,glp,7,134.99,130.0,150.0,130.0,150.0
2026-05,MUN,BA|IPIRA,glp,4,115.0,103.1,118.5,98.0,120.0
2026-05,MUN,BA|IRECE,glp,5,120.0,117.0,120.0,115.0,120.0
2026-05,MUN,BA|ITABUNA,glp,6,110.0,110.0,116.0,110.0,122.0
2026-05,MUN,BA|ITAMARAJU,glp,7,100.0,99.0,110.0,97.5,110.0
2026-05,MUN,BA|JACOBINA,glp,5,135.0,135.0,140.8,135.0,142.0
2026-05,MUN,BA|JAGUAQUARA,glp,7,100.0,98.0,103.5,95.0,105.0
2026-05,MUN,BA|JEQUIE,glp,7,99.99,95.0,115.0,95.0,115.0
2026-05,MUN,BA|JUAZEIRO,glp,3,110.0,102.0,110.0,100.0,110.0
2026-05,MUN,BA|LIVRAMENTO DE NOSSA SENHORA,glp,5,115.0,110.0,118.0,110.0,120.0
2026-05,MUN,BA|PAULO AFONSO,glp,2,113.5,113.1,113.9,113.0,114.0
2026-05,MUN,BA|POCOES,glp,7,105.0,103.0,117.0,103.0,120.0
2026-05,MUN,BA|PORTO SEGURO,glp,2,125.0,125.0,125.0,125.0,125.0
2026-05,MUN,BA|SALVADOR,glp,27,123.0,114.2,138.0,110.0,139.0
2026-05,MUN,BA|SANTO ANTONIO DE JESUS,glp,7,110.0,110.0,129.8,110.0,137.0
2026-05,MUN,BA|SENHOR DO BONFIM,glp,3,125.0,121.0,125.0,120.0,125.0
2026-05,MUN,BA|SERRINHA,glp,7,135.0,123.0,135.0,120.0,135.0
2026-05,MUN,BA|TEIXEIRA DE FREITAS,glp,9,96.5,92.796,97.0,90.0,97.0
2026-05,MUN,BA|VALENCA,glp,3,120.0,116.0,128.0,115.0,130.0
2026-05,MUN,BA|VITORIA DA CONQUISTA,glp,9,115.0,109.2,134.0,106.0,138.0
2026-05,MUN,CE|CANINDE,glp,1,128.0,128.0,128.0,128.0,128.0
2026-05,MUN,CE|CAUCAIA,glp,10,112.5,104.046,121.5,100.0,135.0
2026-05,MUN,CE|CRATEUS,glp,4,120.0,120.0,120.0,120.0,120.0
2026-05,MUN,CE|FORTALEZA,glp,1,118.495,118.495,118.495,118.495,118.495
2026-05,MUN,CE|ICO,glp,4,124.5,121.2,130.6,120.0,133.0
2026-05,MUN,CE|IGUATU,glp,7,125.0,117.6,125.396,114.0,125.99
2026-05,MUN,CE|ITAPIPOCA,glp,7,115.0,97.0,132.0,97.0,135.0
2026-05,MUN,CE|JUAZEIRO DO NORTE,glp,10,130.0,129.0,130.0,120.0,130.0
2026-05,MUN,CE|LIMOEIRO DO NORTE,glp,6,130.0,118.75,130.0,115.0,130.0
2026-05,MUN,CE|QUIXADA,glp,7,119.0,114.596,123.1,113.99,124.0
2026-05,MUN,CE|SOBRAL,glp,5,110.0,102.0,118.0,100.0,118.0
2026-05,MUN,DF|BRASILIA,glp,35,108.99,100.396,114.59,95.0,115.99
2026-05,MUN,ES|ARACRUZ,glp,8,107.5,103.497,120.0,99.99,120.0
2026-05,MUN,ES|CACHOEIRO DE ITAPEMIRIM,glp,7,104.0,99.996,112.0,99.99,115.0
2026-05,MUN,ES|CARIACICA,glp,9,100.0,93.992,104.0,90.0,110.0
2026-05,MUN,ES|COLATINA,glp,7,105.0,99.996,111.2,99.99,113.0
2026-05,MUN,ES|GUARAPARI,glp,7,109.99,107.99,117.4,104.99,118.0
2026-05,MUN,ES|LINHARES,glp,8,115.0,110.0,116.5,110.0,120.0
2026-05,MUN,ES|SAO MATEUS,glp,2,119.99,119.99,119.99,119.99,119.99
2026-05,MUN,ES|SERRA,glp,13,99.0,96.095,107.198,95.0,110.0
2026-05,MUN,ES|VILA VELHA,glp,14,100.0,100.0,112.9,97.5,115.0
2026-05,MUN,ES|VITORIA,glp,7,100.0,96.996,112.0,96.99,115.0
2026-05,MUN,GO|AGUAS LINDAS DE GOIAS,glp,13,112.5,103.39,115.0,99.99,118.0
2026-05,MUN,GO|ANAPOLIS,glp,18,115.0,115.0,115.0,110.0,115.0
2026-05,MUN,GO|APARECIDA DE GOIANIA,glp,20,113.75,104.999,120.0,99.99,120.0
2026-05,MUN,GO|CALDAS NOVAS,glp,10,119.0,108.8,120.25,98.0,122.5
2026-05,MUN,GO|CATALAO,glp,7,115.0,108.0,120.8,105.0,122.0
2026-05,MUN,GO|FORMOSA,glp,7,110.0,107.6,122.0,107.0,125.0
2026-05,MUN,GO|GOIANIA,glp,21,120.0,110.0,125.0,105.0,127.5
2026-05,MUN,GO|ITUMBIARA,glp,8,120.0,114.1,121.5,112.0,125.0
2026-05,MUN,GO|LUZIANIA,glp,6,107.5,99.0,115.0,99.0,115.0
2026-05,MUN,GO|MINEIROS,glp,6,138.0,138.0,138.0,138.0,138.0
2026-05,MUN,GO|RIO VERDE,glp,10,120.0,109.49,135.0,104.99,135.0
2026-05,MUN,GO|TRINDADE,glp,14,100.0,95.0,110.0,94.99,130.0
2026-05,MUN,GO|VALPARAISO DE GOIAS,glp,9,109.9,104.998,115.0,104.99,115.0
2026-05,MUN,MA|ACAILANDIA,glp,5,125.0,125.0,128.0,125.0,130.0
2026-05,MUN,MA|BACABAL,glp,7,130.0,122.996,130.0,119.99,130.0
2026-05,MUN,MA|BALSAS,glp,6,130.0,130.0,130.0,130.0,130.0
2026-05,MUN,MA|BARRA DO CORDA,glp,2,125.0,125.0,125.0,125.0,125.0
2026-05,MUN,MA|CODO,glp,7,118.0,118.0,120.0,118.0,120.0
2026-05,MUN,MA|IMPERATRIZ,glp,11,120.0,119.99,120.0,110.0,120.0
2026-05,MUN,MA|PINHEIRO,glp,7,130.0,127.94,137.0,125.0,140.0
2026-05,MUN,MA|PRESIDENTE DUTRA,glp,4,121.5,115.9,125.0,115.0,125.0
2026-05,MUN,MA|SAO JOSE DE RIBAMAR,glp,9,130.0,109.0,130.0,109.0,130.0
2026-05,MUN,MA|SAO LUIS,glp,29,130.0,118.92,130.0,114.495,138.0
2026-05,MUN,MG|ALFENAS,glp,7,110.0,99.2,115.0,98.0,115.0
2026-05,MUN,MG|ARAGUARI,glp,7,110.0,103.0,110.8,100.0,112.0
2026-05,MUN,MG|ARAXA,glp,7,110.0,107.8,112.0,107.5,115.0
2026-05,MUN,MG|BARBACENA,glp,5,110.0,106.6,110.0,105.0,110.0
2026-05,MUN,MG|BELO HORIZONTE,glp,20,108.742,100.0,130.1,95.0,145.0
2026-05,MUN,MG|BETIM,glp,14,115.0,101.5,125.0,90.0,130.0
2026-05,MUN,MG|BOM DESPACHO,glp,8,102.45,100.0,110.135,100.0,110.45
2026-05,MUN,MG|CAMPO BELO,glp,7,115.0,115.0,117.0,115.0,120.0
2026-05,MUN,MG|CARATINGA,glp,7,120.0,115.0,127.0,115.0,130.0
2026-05,MUN,MG|CONGONHAS,glp,7,110.0,105.297,113.8,105.0,115.0
2026-05,MUN,MG|CONSELHEIRO LAFAIETE,glp,7,100.0,95.0,112.0,95.0,115.0
2026-05,MUN,MG|CONTAGEM,glp,17,115.0,104.19,135.0,99.99,135.0
2026-05,MUN,MG|CORONEL FABRICIANO,glp,7,130.0,116.0,135.0,110.0,135.0
2026-05,MUN,MG|CURVELO,glp,7,107.5,99.6,122.0,99.0,125.0
2026-05,MUN,MG|DIVINOPOLIS,glp,10,104.0,99.99,120.0,99.99,120.0
2026-05,MUN,MG|FORMIGA,glp,7,118.0,115.0,122.6,115.0,125.0
2026-05,MUN,MG|FRUTAL,glp,6,104.99,94.995,110.0,90.0,110.0
2026-05,MUN,MG|GOVERNADOR VALADARES,glp,10,125.0,117.2,130.8,110.0,138.0
2026-05,MUN,MG|GUAXUPE,glp,6,102.5,92.0,105.0,92.0,105.0
2026-05,MUN,MG|IPATINGA,glp,4,123.75,113.75,125.0,110.0,125.0
2026-05,MUN,MG|ITAJUBA,glp,7,105.0,98.0,109.0,98.0,115.0
2026-05,MUN,MG|ITAUNA,glp,7,125.0,108.2,130.0,105.5,130.0
2026-05,MUN,MG|ITUIUTABA,glp,7,105.0,97.998,116.2,94.995,118.0
2026-05,MUN,MG|JANAUBA,glp,7,125.0,125.0,125.0,125.0,125.0
2026-05,MUN,MG|JANUARIA,glp,7,140.0,131.0,141.8,128.0,143.0
2026-05,MUN,MG|JOAO MONLEVADE,glp,7,110.0,110.0,116.0,110.0,125.0
2026-05,MUN,MG|JOAO PINHEIRO,glp,7,110.0,104.8,120.0,104.5,120.0
2026-05,MUN,MG|JUIZ DE FORA,glp,15,99.99,92.994,113.0,90.0,115.0
2026-05,MUN,MG|LAVRAS,glp,6,112.5,104.745,129.0,104.5,138.0
2026-05,MUN,MG|LEOPOLDINA,glp,7,107.0,102.994,119.0,100.0,125.0
2026-05,MUN,MG|MONTE CARMELO,glp,6,110.0,104.5,110.0,99.0,110.0
2026-05,MUN,MG|MONTES CLAROS,glp,24,118.745,107.197,125.7,97.0,130.0
2026-05,MUN,MG|MURIAE,glp,6,107.5,99.99,110.0,99.99,110.0
2026-05,MUN,MG|OLIVEIRA,glp,4,116.0,110.6,120.0,110.0,120.0
2026-05,MUN,MG|OURO PRETO,glp,4,109.0,99.13,109.7,94.9,110.0
2026-05,MUN,MG|PARA DE MINAS,glp,7,105.0,98.396,116.8,95.99,127.0
2026-05,MUN,MG|PARACATU,glp,7,115.0,111.0,127.0,105.0,130.0
2026-05,MUN,MG|PASSOS,glp,7,110.0,107.994,117.0,105.0,120.0
2026-05,MUN,MG|PATROCINIO,glp,7,110.0,109.2,111.0,108.0,112.5
2026-05,MUN,MG|POCOS DE CALDAS,glp,7,125.0,122.194,125.0,118.0,125.0
2026-05,MUN,MG|SABARA,glp,7,125.0,114.0,132.0,105.0,135.0
2026-05,MUN,MG|SAO JOAO DEL REI,glp,7,110.0,109.996,112.0,109.99,115.0
2026-05,MUN,MG|SAO SEBASTIAO DO PARAISO,glp,8,107.5,101.75,113.0,100.0,120.0
2026-05,MUN,MG|SETE LAGOAS,glp,9,104.9,95.0,116.0,95.0,120.0
2026-05,MUN,MG|TEOFILO OTONI,glp,7,130.0,123.0,137.0,120.0,140.0
2026-05,MUN,MG|TIMOTEO,glp,7,115.0,106.0,121.0,100.0,130.0
2026-05,MUN,MG|TRES CORACOES,glp,7,100.0,95.0,104.0,95.0,110.0
2026-05,MUN,MG|UBA,glp,1,110.0,110.0,110.0,110.0,110.0
2026-05,MUN,MG|UBERABA,glp,12,100.0,99.0,114.5,95.0,120.0
2026-05,MUN,MG|UBERLANDIA,glp,17,99.99,99.3,105.0,87.0,110.0
2026-05,MUN,MG|UNAI,glp,7,125.0,119.0,128.5,110.0,130.0
2026-05,MUN,MG|VARGINHA,glp,7,115.0,101.0,120.0,95.0,120.0
2026-05,MUN,MG|VICOSA,glp,7,120.0,108.6,123.5,99.0,125.0
2026-05,MUN,MS|CAMPO GRANDE,glp,33,117.5,105.6,130.0,100.0,132.0
2026-05,MUN,MS|CORUMBA,glp,6,133.75,129.995,135.0,129.99,135.0
2026-05,MUN,MS|DOURADOS,glp,14,118.5,115.0,137.5,115.0,151.0
2026-05,MUN,MS|PONTA PORA,glp,3,120.0,118.4,124.0,118.0,125.0
2026-05,MUN,MS|TRES LAGOAS,glp,6,130.0,127.5,137.5,125.0,145.0
2026-05,MUN,MT|ALTA FLORESTA,glp,7,135.0,128.0,138.2,125.0,143.0
2026-05,MUN,MT|CACERES,glp,10,125.0,125.0,125.4,125.0,129.0
2026-05,MUN,MT|CUIABA,glp,26,125.5,119.0,135.0,110.0,140.0
2026-05,MUN,MT|RONDONOPOLIS,glp,6,135.0,133.5,142.5,132.0,145.0
2026-05,MUN,MT|SINOP,glp,11,145.0,140.0,145.0,130.0,149.0
2026-05,MUN,MT|SORRISO,glp,8,140.0,135.0,144.3,135.0,145.0
2026-05,MUN,MT|VARZEA GRANDE,glp,19,120.0,107.398,130.0,100.0,140.0
2026-05,MUN,PA|ABAETETUBA,glp,6,118.0,118.0,118.0,118.0,118.0
2026-05,MUN,PA|ALTAMIRA,glp,7,135.0,119.996,138.8,119.99,140.0
2026-05,MUN,PA|ANANINDEUA,glp,13,106.99,100.192,115.0,98.99,116.0
2026-05,MUN,PA|BELEM,glp,25,119.0,110.8,130.0,110.0,130.0
2026-05,MUN,PA|BRAGANCA,glp,5,115.0,115.0,118.0,115.0,120.0
2026-05,MUN,PA|CASTANHAL,glp,8,115.0,110.25,120.6,105.0,122.0
2026-05,MUN,PA|CONCEICAO DO ARAGUAIA,glp,5,110.0,110.0,110.0,110.0,110.0
2026-05,MUN,PA|MARABA,glp,9,132.5,125.0,135.3,125.0,136.5
2026-05,MUN,PA|PARAGOMINAS,glp,7,130.0,130.0,140.0,130.0,140.0
2026-05,MUN,PA|PARAUAPEBAS,glp,8,130.0,125.0,135.0,125.0,135.0
2026-05,MUN,PA|SANTAREM,glp,13,93.0,85.45,110.0,85.0,110.0
2026-05,MUN,PB|BAYEUX,glp,6,115.0,113.75,115.0,112.5,115.0
2026-05,MUN,PB|CABEDELO,glp,7,110.0,109.2,120.8,108.0,122.0
2026-05,MUN,PB|CAMPINA GRANDE,glp,9,105.0,96.6,116.0,95.0,120.0
2026-05,MUN,PB|JOAO PESSOA,glp,25,105.0,102.0,118.0,94.99,125.0
2026-05,MUN,PB|PATOS,glp,7,119.0,116.5,120.0,116.5,120.0
2026-05,MUN,PB|SOUSA,glp,4,115.0,114.3,115.0,114.0,115.0
2026-05,MUN,PE|ARARIPINA,glp,7,110.0,110.0,110.0,110.0,110.0
2026-05,MUN,PE|ARCOVERDE,glp,7,105.0,96.8,110.0,95.0,110.0
2026-05,MUN,PE|BELO JARDIM,glp,4,102.0,99.55,102.0,98.5,102.0
2026-05,MUN,PE|CABO DE SANTO AGOSTINHO,glp,7,99.99,91.8,105.0,90.0,105.0
2026-05,MUN,PE|CARUARU,glp,10,95.495,91.799,100.5,89.99,105.0
2026-05,MUN,PE|GARANHUNS,glp,7,114.99,111.497,114.994,110.0,115.0
2026-05,MUN,PE|GOIANA,glp,5,100.0,95.0,101.5,95.0,102.5
2026-05,MUN,PE|IGARASSU,glp,7,105.0,101.8,112.0,100.0,115.0
2026-05,MUN,PE|JABOATAO DOS GUARARAPES,glp,9,105.0,98.998,116.0,94.99,120.0
2026-05,MUN,PE|LAJEDO,glp,6,100.0,100.0,103.75,100.0,105.0
2026-05,MUN,PE|OLINDA,glp,11,100.0,99.99,105.0,98.0,110.0
2026-05,MUN,PE|PAULISTA,glp,10,100.0,99.999,105.0,99.99,105.0
2026-05,MUN,PE|PETROLINA,glp,13,115.0,110.0,120.0,103.0,130.0
2026-05,MUN,PE|RECIFE,glp,16,100.0,99.742,106.5,97.0,110.0
2026-05,MUN,PE|SALGUEIRO,glp,5,120.0,120.0,120.0,120.0,120.0
2026-05,MUN,PE|SANTA CRUZ DO CAPIBARIBE,glp,3,110.0,110.0,110.0,110.0,110.0
2026-05,MUN,PE|SERRA TALHADA,glp,6,120.0,117.5,130.0,115.0,130.0
2026-05,MUN,PE|VITORIA DE SANTO ANTAO,glp,7,100.0,97.994,100.8,95.0,102.0
2026-05,MUN,PI|PARNAIBA,glp,7,120.0,120.0,124.0,120.0,130.0
2026-05,MUN,PI|PICOS,glp,7,114.0,106.0,115.0,100.0,115.0
2026-05,MUN,PI|PIRIPIRI,glp,7,117.5,111.5,133.196,110.0,137.99
2026-05,MUN,PI|TERESINA,glp,22,110.0,109.991,120.0,99.99,120.0
2026-05,MUN,PR|APUCARANA,glp,10,110.0,110.0,115.5,110.0,120.0
2026-05,MUN,PR|ARAPONGAS,glp,9,110.0,99.9,113.4,99.9,115.0
2026-05,MUN,PR|ARAUCARIA,glp,10,110.0,104.8,110.0,103.0,110.0
2026-05,MUN,PR|CAMBE,glp,7,120.0,115.0,125.0,115.0,125.0
2026-05,MUN,PR|CAMPO LARGO,glp,10,110.0,104.39,112.1,98.9,113.0
2026-05,MUN,PR|CAMPO MOURAO,glp,7,125.0,119.2,127.8,118.0,132.0
2026-05,MUN,PR|CASCAVEL,glp,15,114.9,110.0,120.0,100.0,123.0
2026-05,MUN,PR|CASTRO,glp,8,124.0,118.43,125.6,115.0,127.0
2026-05,MUN,PR|CIANORTE,glp,8,122.5,113.72,134.965,104.9,135.0
2026-05,MUN,PR|COLOMBO,glp,12,107.0,100.0,115.39,100.0,119.0
2026-05,MUN,PR|CORNELIO PROCOPIO,glp,3,125.0,123.0,129.0,122.5,130.0
2026-05,MUN,PR|CURITIBA,glp,41,110.0,99.9,115.0,97.0,119.9
2026-05,MUN,PR|FOZ DO IGUACU,glp,15,110.0,102.0,120.0,99.99,125.0
2026-05,MUN,PR|FRANCISCO BELTRAO,glp,6,125.0,122.5,125.0,120.0,125.0
2026-05,MUN,PR|GUARAPUAVA,glp,10,115.0,109.8,117.3,108.0,120.0
2026-05,MUN,PR|LONDRINA,glp,15,120.0,105.8,125.696,100.0,133.0
2026-05,MUN,PR|MARINGA,glp,13,112.0,99.99,125.0,99.99,130.0
2026-05,MUN,PR|PARANAGUA,glp,7,105.0,99.0,110.0,97.5,110.0
2026-05,MUN,PR|PARANAVAI,glp,7,104.99,102.9,104.99,99.9,104.99
2026-05,MUN,PR|PONTA GROSSA,glp,7,114.9,106.5,118.5,105.0,120.0
2026-05,MUN,PR|SANTO ANTONIO DA PLATINA,glp,6,121.0,116.45,122.75,115.0,123.5
2026-05,MUN,PR|SAO JOSE DOS PINHAIS,glp,14,105.45,98.25,110.0,95.0,113.0
2026-05,MUN,PR|TOLEDO,glp,10,109.9,100.0,115.5,100.0,120.0
2026-05,MUN,PR|UMUARAMA,glp,7,125.0,108.554,132.0,107.9,135.0
2026-05,MUN,PR|UNIAO DA VITORIA,glp,7,110.0,107.6,125.0,104.0,128.0
2026-05,MUN,RJ|ANGRA DOS REIS,glp,7,135.0,131.8,135.0,130.0,135.0
2026-05,MUN,RJ|ARARUAMA,glp,7,90.0,89.99,105.0,89.99,105.0
2026-05,MUN,RJ|BARRA DO PIRAI,glp,6,106.0,99.495,108.995,94.0,110.0
2026-05,MUN,RJ|BARRA MANSA,glp,7,104.445,95.59,111.94,94.99,112.0
2026-05,MUN,RJ|BELFORD ROXO,glp,7,95.0,90.994,105.0,85.0,105.0
2026-05,MUN,RJ|CABO FRIO,glp,3,99.99,83.998,99.99,80.0,99.99
2026-05,MUN,RJ|CAMPOS DOS GOYTACAZES,glp,6,101.495,96.5,106.5,96.0,108.0
2026-05,MUN,RJ|DUQUE DE CAXIAS,glp,12,100.0,99.99,109.999,92.99,115.0
2026-05,MUN,RJ|ITABORAI,glp,10,114.99,114.99,115.0,114.99,115.0
2026-05,MUN,RJ|ITAPERUNA,glp,7,105.0,99.2,113.0,98.0,117.5
2026-05,MUN,RJ|MACAE,glp,7,150.0,149.0,150.796,147.5,151.99
2026-05,MUN,RJ|MARICA,glp,7,97.0,89.2,101.19,85.0,102.99
2026-05,MUN,RJ|NILOPOLIS,glp,7,122.0,121.2,122.0,120.0,122.0
2026-05,MUN,RJ|NITEROI,glp,7,94.99,88.794,107.56,87.0,118.9
2026-05,MUN,RJ|NOVA FRIBURGO,glp,7,104.99,96.194,115.0,95.0,115.0
2026-05,MUN,RJ|NOVA IGUACU,glp,14,102.5,90.0,125.0,89.99,125.0
2026-05,MUN,RJ|PETROPOLIS,glp,7,109.99,89.996,118.0,89.99,118.0
2026-05,MUN,RJ|RESENDE,glp,7,127.0,125.0,127.0,125.0,127.0
2026-05,MUN,RJ|RIO BONITO,glp,7,92.5,90.0,95.198,90.0,95.495
2026-05,MUN,RJ|RIO DE JANEIRO,glp,25,99.99,89.994,105.0,85.0,105.0
2026-05,MUN,RJ|SANTO ANTONIO DE PADUA,glp,4,111.5,106.5,116.5,105.0,118.0
2026-05,MUN,RJ|SAO GONCALO,glp,14,107.99,105.597,110.7,103.0,115.0
2026-05,MUN,RJ|SAO JOAO DE MERITI,glp,9,99.8,94.398,106.0,91.99,110.0
2026-05,MUN,RJ|SAQUAREMA,glp,7,96.99,93.8,99.094,92.0,100.0
2026-05,MUN,RJ|TRES RIOS,glp,8,100.0,99.24,104.993,97.49,105.0
2026-05,MUN,RJ|VALENCA,glp,6,102.25,102.0,107.5,102.0,110.0
2026-05,MUN,RJ|VOLTA REDONDA,glp,8,104.99,98.49,109.99,94.99,109.99
2026-05,MUN,RN|CAICO,glp,6,120.0,112.495,120.0,104.99,120.0
2026-05,MUN,RN|MOSSORO,glp,8,116.25,109.2,120.9,105.0,123.0
2026-05,MUN,RN|NATAL,glp,17,110.0,107.0,123.2,97.0,130.0
2026-05,MUN,RN|PARNAMIRIM,glp,10,110.0,104.499,110.0,99.99,110.0
2026-05,MUN,RO|ARIQUEMES,glp,7,130.0,126.467,135.8,125.0,140.0
2026-05,MUN,RO|CACOAL,glp,7,139.0,134.6,144.0,134.0,144.0
2026-05,MUN,RO|JI-PARANA,glp,8,121.5,114.997,135.0,114.99,135.0
2026-05,MUN,RO|PIMENTA BUENO,glp,4,148.0,147.3,149.4,147.0,150.0
2026-05,MUN,RO|PORTO VELHO,glp,24,120.0,113.8,130.8,110.0,137.0
2026-05,MUN,RO|VILHENA,glp,7,130.0,124.994,134.2,117.5,136.0
2026-05,MUN,RR|BOA VISTA,glp,22,144.0,133.2,150.8,130.0,156.0
2026-05,MUN,RS|ALEGRETE,glp,6,117.5,106.225,122.5,102.45,125.0
2026-05,MUN,RS|ALVORADA,glp,7,110.0,107.4,111.8,106.5,113.0
2026-05,MUN,RS|BAGE,glp,8,122.5,118.0,126.2,118.0,129.0
2026-05,MUN,RS|BENTO GONCALVES,glp,7,128.0,125.4,131.6,123.0,134.0
2026-05,MUN,RS|CACHOEIRA DO SUL,glp,7,115.0,115.0,117.0,115.0,120.0
2026-05,MUN,RS|CACHOEIRINHA,glp,7,116.0,112.996,120.0,109.99,120.0
2026-05,MUN,RS|CANOAS,glp,15,110.0,105.0,115.0,104.9,118.0
2026-05,MUN,RS|CAXIAS DO SUL,glp,17,122.0,115.0,132.36,105.0,135.0
2026-05,MUN,RS|CRUZ ALTA,glp,7,99.0,99.0,99.0,99.0,99.0
2026-05,MUN,RS|ERECHIM,glp,9,136.0,129.0,140.0,125.0,140.0
2026-05,MUN,RS|ESTEIO,glp,7,115.0,110.0,123.2,110.0,128.0
2026-05,MUN,RS|GRAMADO,glp,6,135.0,117.5,139.0,110.0,140.0
2026-05,MUN,RS|GRAVATAI,glp,9,113.0,104.998,121.0,104.99,125.0
2026-05,MUN,RS|GUAIBA,glp,7,108.0,99.9,110.8,99.9,112.0
2026-05,MUN,RS|IJUI,glp,7,114.9,105.996,124.74,99.99,132.0
2026-05,MUN,RS|LAJEADO,glp,7,130.0,125.0,132.0,125.0,135.0
2026-05,MUN,RS|NOVO HAMBURGO,glp,10,106.0,99.995,108.65,99.95,110.0
2026-05,MUN,RS|OSORIO,glp,7,110.0,106.796,119.9,104.99,119.9
2026-05,MUN,RS|PASSO FUNDO,glp,13,125.0,120.0,128.0,119.0,128.0
2026-05,MUN,RS|PELOTAS,glp,15,119.0,116.74,126.2,113.0,131.0
2026-05,MUN,RS|PORTO ALEGRE,glp,15,118.0,107.0,132.96,105.0,135.0
2026-05,MUN,RS|SANTA CRUZ DO SUL,glp,9,125.0,119.2,125.2,116.0,126.0
2026-05,MUN,RS|SANTA MARIA,glp,14,119.95,115.0,120.0,112.9,125.0
2026-05,MUN,RS|SANTA ROSA,glp,7,130.0,126.8,134.0,125.0,140.0
2026-05,MUN,RS|SANTANA DO LIVRAMENTO,glp,5,120.0,112.0,120.0,110.0,120.0
2026-05,MUN,RS|SANTO ANGELO,glp,4,123.25,116.943,132.0,114.99,135.0
2026-05,MUN,RS|SAO GABRIEL,glp,6,120.0,116.5,126.5,115.0,128.0
2026-05,MUN,RS|SAO LEOPOLDO,glp,7,107.5,101.5,110.0,100.0,110.0
2026-05,MUN,RS|SAO LUIZ GONZAGA,glp,7,110.0,106.5,120.8,105.0,125.0
2026-05,MUN,RS|SAPIRANGA,glp,7,115.0,105.5,117.8,95.0,122.0
2026-05,MUN,RS|SAPUCAIA DO SUL,glp,7,114.0,105.0,118.0,105.0,118.0
2026-05,MUN,RS|TORRES,glp,3,120.0,115.992,125.6,114.99,127.0
2026-05,MUN,RS|URUGUAIANA,glp,7,125.0,125.0,138.0,125.0,150.0
2026-05,MUN,RS|VACARIA,glp,7,125.0,118.6,128.0,118.0,128.0
2026-05,MUN,RS|VIAMAO,glp,7,119.9,108.34,122.0,106.0,125.0
2026-05,MUN,SC|ARARANGUA,glp,4,111.985,110.297,123.494,110.0,128.0
2026-05,MUN,SC|BLUMENAU,glp,8,134.5,128.493,139.927,125.0,139.99
2026-05,MUN,SC|BRUSQUE,glp,2,132.495,126.499,138.491,125.0,139.99
2026-05,MUN,SC|CACADOR,glp,6,130.0,123.75,137.5,122.5,145.0
2026-05,MUN,SC|CHAPECO,glp,9,135.0,124.9,140.5,124.9,142.5
2026-05,MUN,SC|CONCORDIA,glp,5,115.0,111.94,121.0,109.9,125.0
2026-05,MUN,SC|CRICIUMA,glp,5,115.0,109.0,121.0,105.0,125.0
2026-05,MUN,SC|FLORIANOPOLIS,glp,5,135.0,121.94,137.4,119.9,139.0
2026-05,MUN,SC|ITAJAI,glp,13,128.0,113.4,129.0,112.0,129.99
2026-05,MUN,SC|JOINVILLE,glp,10,122.5,115.0,126.0,115.0,135.0
2026-05,MUN,SC|LAGUNA,glp,7,119.99,114.0,122.0,112.5,125.0
2026-05,MUN,SC|MAFRA,glp,5,115.0,115.0,121.0,115.0,125.0
2026-05,MUN,SC|SAO JOSE,glp,10,123.5,120.0,126.2,120.0,128.0
2026-05,MUN,SC|TUBARAO,glp,7,110.0,106.0,120.0,100.0,120.0
2026-05,MUN,SC|VIDEIRA,glp,6,125.995,115.0,130.0,110.0,133.0
2026-05,MUN,SC|XANXERE,glp,5,115.0,112.0,119.9,110.0,119.9
2026-05,MUN,SE|ARACAJU,glp,16,114.9,110.0,115.0,110.0,115.0
2026-05,MUN,SE|ITABAIANA,glp,7,115.0,110.0,118.0,110.0,118.0
2026-05,MUN,SE|LAGARTO,glp,6,118.75,115.0,120.0,115.0,120.0
2026-05,MUN,SE|NOSSA SENHORA DO SOCORRO,glp,9,112.0,109.0,115.4,105.0,117.0
2026-05,MUN,SP|ADAMANTINA,glp,7,104.98,99.9,109.0,99.9,109.0
2026-05,MUN,SP|AMERICANA,glp,7,117.0,115.0,125.498,115.0,129.995
2026-05,MUN,SP|ARACATUBA,glp,15,110.0,101.99,112.0,95.99,115.0
2026-05,MUN,SP|ARARAQUARA,glp,12,121.0,110.5,125.0,104.99,125.0
2026-05,MUN,SP|ARARAS,glp,8,115.0,106.8,117.4,104.0,123.0
2026-05,MUN,SP|ASSIS,glp,10,119.0,111.05,120.0,107.9,120.0
2026-05,MUN,SP|ATIBAIA,glp,6,120.0,112.5,135.0,110.0,135.0
2026-05,MUN,SP|AVARE,glp,4,101.5,98.293,111.7,97.99,115.0
2026-05,MUN,SP|BARRETOS,glp,6,110.0,107.5,115.0,105.0,115.0
2026-05,MUN,SP|BARUERI,glp,9,115.99,113.998,130.992,109.99,135.0
2026-05,MUN,SP|BAURU,glp,10,115.0,104.5,118.2,100.0,120.0
2026-05,MUN,SP|BEBEDOURO,glp,6,125.0,120.0,127.5,120.0,130.0
2026-05,MUN,SP|BERTIOGA,glp,1,129.99,129.99,129.99,129.99,129.99
2026-05,MUN,SP|BIRIGUI,glp,9,110.0,98.992,110.0,95.0,110.0
2026-05,MUN,SP|BOTUCATU,glp,7,110.0,108.0,110.0,105.0,110.0
2026-05,MUN,SP|BRAGANCA PAULISTA,glp,10,115.495,109.891,119.909,109.0,119.99
2026-05,MUN,SP|CACAPAVA,glp,7,102.0,93.594,110.0,84.0,110.0
2026-05,MUN,SP|CAMPINAS,glp,15,115.0,114.99,125.99,114.99,129.99
2026-05,MUN,SP|CARAGUATATUBA,glp,7,110.0,102.996,126.94,99.99,145.0
2026-05,MUN,SP|CARAPICUIBA,glp,8,109.995,104.99,119.493,104.99,130.0
2026-05,MUN,SP|CATANDUVA,glp,6,108.95,102.445,112.5,99.99,115.0
2026-05,MUN,SP|COSMOPOLIS,glp,6,102.495,99.995,104.995,99.99,105.0
2026-05,MUN,SP|COTIA,glp,7,119.99,114.99,129.45,114.99,129.99
2026-05,MUN,SP|CRUZEIRO,glp,7,99.995,97.397,102.0,95.0,105.0
2026-05,MUN,SP|CUBATAO,glp,5,120.0,118.194,129.9,116.99,129.9
2026-05,MUN,SP|DIADEMA,glp,8,118.0,113.49,121.5,109.99,125.0
2026-05,MUN,SP|EMBU DAS ARTES,glp,9,119.9,102.99,125.6,94.99,128.0
2026-05,MUN,SP|FRANCA,glp,11,119.99,110.0,122.0,109.99,127.9
2026-05,MUN,SP|GARCA,glp,6,135.0,128.75,135.0,122.5,135.0
2026-05,MUN,SP|GUARATINGUETA,glp,6,96.2,84.995,112.5,79.99,120.0
2026-05,MUN,SP|GUARUJA,glp,7,130.0,112.0,130.0,100.0,130.0
2026-05,MUN,SP|GUARULHOS,glp,13,110.0,105.59,119.6,95.0,125.0
2026-05,MUN,SP|HORTOLANDIA,glp,8,104.99,103.49,106.497,99.99,109.99
2026-05,MUN,SP|IBITINGA,glp,7,112.0,110.0,121.9,110.0,122.5
2026-05,MUN,SP|INDAIATUBA,glp,6,121.0,117.0,125.0,115.0,125.0
2026-05,MUN,SP|ITANHAEM,glp,7,120.0,110.0,120.0,110.0,120.0
2026-05,MUN,SP|ITAPECERICA DA SERRA,glp,7,119.99,115.936,125.492,109.99,129.995
2026-05,MUN,SP|ITAPETININGA,glp,6,129.722,122.5,134.495,120.0,135.0
2026-05,MUN,SP|ITAPEVA,glp,5,114.99,109.99,117.79,109.99,118.99
2026-05,MUN,SP|ITAPIRA,glp,5,122.0,116.998,122.498,115.0,122.5
2026-05,MUN,SP|ITAPOLIS,glp,7,136.5,133.0,138.8,130.0,140.0
2026-05,MUN,SP|ITAQUAQUECETUBA,glp,11,97.49,94.99,104.99,89.99,105.0
2026-05,MUN,SP|ITATIBA,glp,7,110.0,105.0,115.0,105.0,115.0
2026-05,MUN,SP|ITU,glp,5,118.0,112.0,120.0,110.0,120.0
2026-05,MUN,SP|JABOTICABAL,glp,6,104.995,101.15,114.498,99.9,122.0
2026-05,MUN,SP|JACAREI,glp,9,109.9,93.792,115.198,89.0,119.99
2026-05,MUN,SP|JALES,glp,6,118.725,112.5,120.0,110.0,120.0
2026-05,MUN,SP|JAU,glp,6,112.5,107.25,126.45,104.5,137.9
2026-05,MUN,SP|JOSE BONIFACIO,glp,7,115.0,110.0,125.0,110.0,125.0
2026-05,MUN,SP|JUNDIAI,glp,8,126.0,111.4,130.0,110.0,130.0
2026-05,MUN,SP|LEME,glp,3,105.0,105.0,113.0,105.0,115.0
2026-05,MUN,SP|LIMEIRA,glp,9,105.0,99.99,110.0,99.99,110.0
2026-05,MUN,SP|LINS,glp,8,115.0,93.497,123.0,89.99,130.0
2026-05,MUN,SP|LORENA,glp,6,94.75,91.5,102.5,90.0,110.0
2026-05,MUN,SP|MARILIA,glp,8,135.0,132.1,144.75,130.0,150.0
2026-05,MUN,SP|MATAO,glp,1,114.99,114.99,114.99,114.99,114.99
2026-05,MUN,SP|MAUA,glp,10,115.0,113.49,125.0,99.99,125.0
2026-05,MUN,SP|MOCOCA,glp,8,121.25,114.99,129.23,114.99,130.0
2026-05,MUN,SP|MOGI DAS CRUZES,glp,5,117.0,114.4,117.0,114.0,117.0
2026-05,MUN,SP|MOGI GUACU,glp,5,125.0,120.0,125.0,120.0,125.0
2026-05,MUN,SP|MOGI MIRIM,glp,5,120.0,120.0,125.0,120.0,125.0
2026-05,MUN,SP|MONTE ALTO,glp,7,110.0,110.0,121.6,110.0,127.0
2026-05,MUN,SP|OLIMPIA,glp,7,96.0,94.6,97.2,94.0,97.5
2026-05,MUN,SP|OSASCO,glp,13,110.0,104.99,119.99,94.99,124.99
2026-05,MUN,SP|OURINHOS,glp,6,110.0,106.0,120.0,102.0,122.0
2026-05,MUN,SP|PARAGUACU PAULISTA,glp,1,135.0,135.0,135.0,135.0,135.0
2026-05,MUN,SP|PAULINIA,glp,6,119.99,114.995,120.0,114.99,120.0
2026-05,MUN,SP|PIRACICABA,glp,11,110.0,99.99,120.0,99.99,120.0
2026-05,MUN,SP|PIRASSUNUNGA,glp,7,119.0,109.9,123.2,109.9,128.0
2026-05,MUN,SP|POA,glp,7,112.0,105.19,114.994,97.99,115.0
2026-05,MUN,SP|PORTO FERREIRA,glp,5,113.0,108.8,116.8,108.0,118.0
2026-05,MUN,SP|PRAIA GRANDE,glp,10,125.5,115.691,129.91,113.0,130.0
2026-05,MUN,SP|PRESIDENTE PRUDENTE,glp,13,119.9,99.992,126.2,99.99,128.0
2026-05,MUN,SP|RIBEIRAO PIRES,glp,7,107.99,97.936,120.0,94.99,120.0
2026-05,MUN,SP|RIBEIRAO PRETO,glp,11,115.0,110.0,128.0,109.99,130.0
2026-05,MUN,SP|RIO CLARO,glp,1,103.0,103.0,103.0,103.0,103.0
2026-05,MUN,SP|SALTO,glp,4,110.495,101.493,117.397,99.99,118.0
2026-05,MUN,SP|SANTO ANDRE,glp,10,118.49,104.999,125.49,104.99,129.99
2026-05,MUN,SP|SANTOS,glp,8,129.95,125.0,141.57,125.0,149.9
2026-05,MUN,SP|SAO BERNARDO DO CAMPO,glp,5,140.0,126.996,149.996,125.0,150.0
2026-05,MUN,SP|SAO CAETANO DO SUL,glp,4,119.99,119.99,119.997,119.99,120.0
2026-05,MUN,SP|SAO CARLOS,glp,15,133.0,126.16,137.4,122.0,139.0
2026-05,MUN,SP|SAO JOAO DA BOA VISTA,glp,7,115.0,111.8,115.0,110.0,115.0
2026-05,MUN,SP|SAO JOSE DO RIO PRETO,glp,22,122.5,115.0,134.5,110.0,145.0
2026-05,MUN,SP|SAO JOSE DOS CAMPOS,glp,15,100.0,85.99,116.497,79.99,120.0
2026-05,MUN,SP|SAO PAULO,glp,44,119.99,106.497,135.493,99.99,149.99
2026-05,MUN,SP|SAO VICENTE,glp,10,119.95,109.99,129.9,109.99,129.9
2026-05,MUN,SP|SERTAOZINHO,glp,4,106.49,99.69,112.597,96.99,115.0
2026-05,MUN,SP|SOROCABA,glp,15,120.0,116.2,129.96,107.0,132.0
2026-05,MUN,SP|SUMARE,glp,9,99.99,97.39,105.99,94.99,109.99
2026-05,MUN,SP|SUZANO,glp,10,110.75,94.49,119.099,89.99,119.99
2026-05,MUN,SP|TABOAO DA SERRA,glp,7,115.0,104.998,119.99,104.995,119.99
2026-05,MUN,SP|TATUI,glp,5,130.0,122.0,130.0,120.0,130.0
2026-05,MUN,SP|TAUBATE,glp,9,96.0,93.884,105.972,89.44,109.9
2026-05,MUN,SP|TUPA,glp,3,118.0,116.8,122.0,116.5,123.0
2026-05,MUN,SP|UBATUBA,glp,5,105.0,95.17,106.8,89.95,108.0
2026-05,MUN,SP|VALINHOS,glp,6,119.945,116.495,132.995,115.0,140.0
2026-05,MUN,SP|VARZEA PAULISTA,glp,6,110.0,102.495,125.0,99.99,130.0
2026-05,MUN,SP|VINHEDO,glp,7,120.0,109.996,124.396,109.99,124.99
2026-05,MUN,SP|VOTORANTIM,glp,7,123.0,114.996,126.99,114.99,129.99
2026-05,MUN,SP|VOTUPORANGA,glp,10,115.0,110.0,119.1,110.0,120.0
2026-05,MUN,TO|ARAGUAINA,glp,7,130.0,130.0,130.0,130.0,130.0
2026-05,MUN,TO|GURUPI,glp,8,134.0,128.5,143.25,125.0,145.0
2026-05,MUN,TO|PALMAS,glp,7,132.5,128.0,139.0,125.0,145.0
2026-05,MUN,TO|PARAISO DO TOCANTINS,glp,7,140.0,134.8,143.2,130.0,148.0
2026-05,MUN,TO|PORTO NACIONAL,glp,7,135.0,130.0,140.0,130.0,140.0
2026-05,UF,AC,glp,25,121.0,115.4,130.6,114.0,134.5
2026-05,UF,AL,glp,48,105.25,99.997,115.75,89.99,120.0
2026-05,UF,AM,glp,78,126.0,122.7,135.0,118.0,140.0
2026-05,UF,AP,glp,15,126.0,118.8,135.0,115.0,136.0
2026-05,UF,BA,glp,178,115.0,100.0,135.0,90.0,150.0
2026-05,UF,CE,glp,62,120.0,105.249,130.0,97.0,135.0
2026-05,UF,DF,glp,35,108.99,100.396,114.59,95.0,115.99
2026-05,UF,ES,glp,82,104.495,97.5,115.0,90.0,120.0
2026-05,UF,GO,glp,149,115.0,104.99,125.0,94.99,138.0
2026-05,UF,MA,glp,87,129.99,118.0,130.0,109.0,140.0
2026-05,UF,MG,glp,429,110.0,99.99,125.0,87.0,145.0
2026-05,UF,MS,glp,62,120.0,109.1,132.45,100.0,151.0
2026-05,UF,MT,glp,87,130.0,116.8,145.0,100.0,149.0
2026-05,UF,PA,glp,106,118.0,102.5,135.0,85.0,140.0
2026-05,UF,PB,glp,58,110.0,104.25,120.0,94.99,125.0
2026-05,UF,PE,glp,140,104.995,97.45,118.2,89.99,130.0
2026-05,UF,PI,glp,43,114.0,110.0,120.0,99.99,137.99
2026-05,UF,PR,glp,264,110.0,100.0,125.0,95.0,135.0
2026-05,UF,RJ,glp,223,104.99,91.992,125.0,80.0,151.99
2026-05,UF,RN,glp,41,110.0,105.0,120.0,97.0,130.0
2026-05,UF,RO,glp,57,128.0,116.5,141.6,110.0,150.0
2026-05,UF,RR,glp,22,144.0,133.2,150.8,130.0,156.0
2026-05,UF,RS,glp,290,118.5,105.0,130.0,95.0,150.0
2026-05,UF,SC,glp,107,124.9,112.0,135.8,100.0,145.0
2026-05,UF,SE,glp,38,114.9,110.0,118.0,105.0,120.0
2026-05,UF,SP,glp,805,115.0,99.99,129.99,79.99,150.0
2026-05,UF,TO,glp,36,134.0,130.0,141.25,125.0,148.0
2026-06,BR,BR,glp,3526,115.0,99.99,130.0,79.99,156.0
2026-06,MUN,AC|CRUZEIRO DO SUL,glp,1,130.0,130.0,130.0,130.0,130.0
2026-06,MUN,AC|RIO BRANCO,glp,23,124.0,116.8,131.8,115.0,135.0
2026-06,MUN,AL|ARAPIRACA,glp,10,107.5,103.85,110.0,102.5,110.0
2026-06,MUN,AL|DELMIRO GOUVEIA,glp,4,107.5,100.0,118.5,100.0,120.0
2026-06,MUN,AL|MACEIO,glp,25,105.0,96.996,115.0,86.99,120.0
2026-06,MUN,AL|PALMEIRA DOS INDIOS,glp,2,110.0,106.0,114.0,105.0,115.0
2026-06,MUN,AL|RIO LARGO,glp,8,110.0,100.0,110.9,100.0,113.0
2026-06,MUN,AM|MANACAPURU,glp,7,133.0,128.8,137.6,127.0,140.0
2026-06,MUN,AM|MANAUS,glp,69,126.0,125.0,135.0,118.0,146.0
2026-06,MUN,AM|PARINTINS,glp,5,120.0,120.0,133.6,120.0,140.0
2026-06,MUN,AP|MACAPA,glp,12,125.5,118.2,139.6,115.0,140.0
2026-06,MUN,AP|SANTANA,glp,2,133.5,132.3,134.7,132.0,135.0
2026-06,MUN,BA|ALAGOINHAS,glp,7,119.945,109.0,125.0,100.0,125.0
2026-06,MUN,BA|BARREIRAS,glp,7,135.0,135.0,135.0,135.0,135.0
2026-06,MUN,BA|BRUMADO,glp,4,115.0,110.1,118.5,108.0,120.0
2026-06,MUN,BA|CAETITE,glp,7,105.0,100.0,105.0,100.0,105.0
2026-06,MUN,BA|EUNAPOLIS,glp,5,115.0,107.2,115.0,102.0,115.0
2026-06,MUN,BA|FEIRA DE SANTANA,glp,3,105.0,101.0,105.0,100.0,105.0
2026-06,MUN,BA|GUANAMBI,glp,8,110.0,110.0,111.5,110.0,115.0
2026-06,MUN,BA|ILHEUS,glp,7,138.0,132.994,150.0,130.0,150.0
2026-06,MUN,BA|IPIRA,glp,4,112.0,101.3,122.0,98.0,125.0
2026-06,MUN,BA|IRECE,glp,3,120.0,116.0,120.0,115.0,120.0
2026-06,MUN,BA|ITABUNA,glp,6,110.0,110.0,113.0,110.0,116.0
2026-06,MUN,BA|ITAMARAJU,glp,7,105.0,105.0,110.0,105.0,110.0
2026-06,MUN,BA|JACOBINA,glp,5,135.0,135.0,140.8,135.0,142.0
2026-06,MUN,BA|JAGUAQUARA,glp,7,100.0,98.0,107.0,95.0,110.0
2026-06,MUN,BA|JEQUIE,glp,7,100.0,99.99,119.0,99.99,125.0
2026-06,MUN,BA|JUAZEIRO,glp,3,110.0,102.0,110.0,100.0,110.0
2026-06,MUN,BA|LIVRAMENTO DE NOSSA SENHORA,glp,5,115.0,112.0,118.0,110.0,120.0
2026-06,MUN,BA|PAULO AFONSO,glp,2,114.0,113.2,114.8,113.0,115.0
2026-06,MUN,BA|POCOES,glp,7,105.0,104.2,117.0,103.0,120.0
2026-06,MUN,BA|PORTO SEGURO,glp,3,125.0,117.0,125.0,115.0,125.0
2026-06,MUN,BA|SALVADOR,glp,27,125.0,115.0,136.8,115.0,143.0
2026-06,MUN,BA|SANTO ANTONIO DE JESUS,glp,7,115.0,110.0,129.8,110.0,137.0
2026-06,MUN,BA|SENHOR DO BONFIM,glp,3,125.0,121.0,125.0,120.0,125.0
2026-06,MUN,BA|SERRINHA,glp,7,135.0,125.0,135.0,125.0,135.0
2026-06,MUN,BA|TEIXEIRA DE FREITAS,glp,9,97.0,94.6,97.2,93.0,98.0
2026-06,MUN,BA|VALENCA,glp,5,120.0,120.0,128.0,120.0,130.0
2026-06,MUN,BA|VITORIA DA CONQUISTA,glp,9,115.0,113.2,135.6,110.0,138.0
2026-06,MUN,CE|CANINDE,glp,1,128.0,128.0,128.0,128.0,128.0
2026-06,MUN,CE|CAUCAIA,glp,10,107.5,103.6,121.5,100.0,135.0
2026-06,MUN,CE|CRATEUS,glp,4,120.0,120.0,120.0,120.0,120.0
2026-06,MUN,CE|FORTALEZA,glp,21,117.495,107.5,123.0,104.99,135.0
2026-06,MUN,CE|ICO,glp,4,124.5,121.2,130.6,120.0,133.0
2026-06,MUN,CE|IGUATU,glp,7,124.995,118.6,125.396,116.5,125.99
2026-06,MUN,CE|ITAPIPOCA,glp,7,115.0,97.0,132.0,97.0,135.0
2026-06,MUN,CE|JUAZEIRO DO NORTE,glp,10,130.0,129.0,130.0,120.0,130.0
2026-06,MUN,CE|LIMOEIRO DO NORTE,glp,6,130.0,117.5,130.0,110.0,130.0
2026-06,MUN,CE|QUIXADA,glp,7,120.0,114.196,121.6,112.99,124.0
2026-06,MUN,CE|SOBRAL,glp,5,118.0,102.0,118.0,100.0,118.0
2026-06,MUN,DF|BRASILIA,glp,33,108.99,99.992,110.0,95.0,115.99
2026-06,MUN,ES|ARACRUZ,glp,7,105.0,100.0,118.8,100.0,120.0
2026-06,MUN,ES|CACHOEIRO DE ITAPEMIRIM,glp,7,102.495,99.996,108.0,99.99,112.5
2026-06,MUN,ES|CARIACICA,glp,8,100.0,98.497,103.0,94.99,110.0
2026-06,MUN,ES|COLATINA,glp,7,105.0,101.496,111.2,99.99,113.0
2026-06,MUN,ES|GUARAPARI,glp,7,110.99,109.99,117.4,109.99,118.0
2026-06,MUN,ES|SAO MATEUS,glp,1,119.99,119.99,119.99,119.99,119.99
2026-06,MUN,ES|SERRA,glp,13,99.0,95.0,105.0,92.99,110.0
2026-06,MUN,ES|VILA VELHA,glp,13,100.0,100.0,109.6,100.0,115.0
2026-06,MUN,ES|VITORIA,glp,6,100.0,97.495,112.5,96.99,115.0
2026-06,MUN,GO|AGUAS LINDAS DE GOIAS,glp,13,110.0,100.59,115.0,94.99,118.0
2026-06,MUN,GO|ANAPOLIS,glp,18,115.0,115.0,115.0,110.0,115.0
2026-06,MUN,GO|APARECIDA DE GOIANIA,glp,19,110.0,104.998,120.0,99.99,120.0
2026-06,MUN,GO|CALDAS NOVAS,glp,10,119.0,108.8,120.0,98.0,120.0
2026-06,MUN,GO|CATALAO,glp,7,115.0,105.0,120.8,105.0,122.0
2026-06,MUN,GO|FORMOSA,glp,7,110.0,106.8,122.0,105.0,125.0
2026-06,MUN,GO|GOIANIA,glp,19,115.0,108.18,125.0,99.99,125.0
2026-06,MUN,GO|ITUMBIARA,glp,8,120.0,115.0,121.5,115.0,125.0
2026-06,MUN,GO|LUZIANIA,glp,8,106.995,98.297,109.3,84.99,110.0
2026-06,MUN,GO|MINEIROS,glp,6,138.0,138.0,138.0,138.0,138.0
2026-06,MUN,GO|MORRINHOS,glp,1,115.0,115.0,115.0,115.0,115.0
2026-06,MUN,GO|PORANGATU,glp,7,120.0,118.0,125.0,115.0,125.0
2026-06,MUN,GO|RIO VERDE,glp,9,120.0,107.99,135.0,99.99,135.0
2026-06,MUN,GO|TRINDADE,glp,14,100.0,91.497,110.0,84.0,130.0
2026-06,MUN,GO|VALPARAISO DE GOIAS,glp,9,109.0,104.998,110.0,104.99,110.0
2026-06,MUN,MA|ACAILANDIA,glp,5,124.99,117.0,125.0,115.0,125.0
2026-06,MUN,MA|BACABAL,glp,7,130.0,126.0,130.0,120.0,130.0
2026-06,MUN,MA|BALSAS,glp,6,130.0,130.0,130.0,130.0,130.0
2026-06,MUN,MA|BARRA DO CORDA,glp,2,125.0,125.0,125.0,125.0,125.0
2026-06,MUN,MA|CODO,glp,7,118.0,118.0,120.0,118.0,120.0
2026-06,MUN,MA|IMPERATRIZ,glp,11,120.0,119.99,120.0,110.0,120.0
2026-06,MUN,MA|PINHEIRO,glp,7,135.0,129.96,137.0,129.9,140.0
2026-06,MUN,MA|PRESIDENTE DUTRA,glp,4,121.5,115.9,125.0,115.0,125.0
2026-06,MUN,MA|SAO JOSE DE RIBAMAR,glp,9,119.99,99.99,130.0,99.99,130.0
2026-06,MUN,MA|SAO LUIS,glp,29,130.0,123.998,130.0,115.0,138.0
2026-06,MUN,MG|ALFENAS,glp,7,115.0,106.0,116.0,100.0,117.5
2026-06,MUN,MG|ARAGUARI,glp,7,108.0,100.0,110.0,100.0,110.0
2026-06,MUN,MG|ARAXA,glp,7,109.0,106.8,110.0,105.0,110.0
2026-06,MUN,MG|BARBACENA,glp,5,110.0,103.0,114.8,100.0,118.0
2026-06,MUN,MG|BELO HORIZONTE,glp,25,110.0,104.994,130.8,99.0,145.0
2026-06,MUN,MG|BETIM,glp,12,117.0,100.5,129.5,90.0,133.0
2026-06,MUN,MG|BOM DESPACHO,glp,7,100.0,98.0,110.36,95.0,110.9
2026-06,MUN,MG|CAMPO BELO,glp,7,115.0,115.0,115.0,115.0,115.0
2026-06,MUN,MG|CARATINGA,glp,7,120.0,115.0,127.0,115.0,130.0
2026-06,MUN,MG|CONGONHAS,glp,7,110.0,102.994,115.8,100.0,120.0
2026-06,MUN,MG|CONSELHEIRO LAFAIETE,glp,7,98.0,95.0,106.0,95.0,115.0
2026-06,MUN,MG|CONTAGEM,glp,17,115.0,104.19,135.0,99.99,135.0
2026-06,MUN,MG|CORONEL FABRICIANO,glp,7,130.0,115.6,135.0,109.0,135.0
2026-06,MUN,MG|CURVELO,glp,7,110.0,99.6,122.0,99.0,125.0
2026-06,MUN,MG|DIVINOPOLIS,glp,10,101.5,98.99,115.5,89.99,120.0
2026-06,MUN,MG|FORMIGA,glp,7,118.0,115.0,122.0,115.0,125.0
2026-06,MUN,MG|GOVERNADOR VALADARES,glp,9,125.0,116.4,130.0,110.0,130.0
2026-06,MUN,MG|GUAXUPE,glp,6,100.0,92.0,105.0,92.0,105.0
2026-06,MUN,MG|IPATINGA,glp,4,123.75,113.75,125.0,110.0,125.0
2026-06,MUN,MG|ITAJUBA,glp,7,105.0,98.0,109.0,98.0,115.0
2026-06,MUN,MG|ITAUNA,glp,7,125.0,116.0,130.0,110.0,130.0
2026-06,MUN,MG|ITUIUTABA,glp,7,105.0,99.996,116.2,99.99,118.0
2026-06,MUN,MG|JANAUBA,glp,7,125.0,125.0,125.0,125.0,125.0
2026-06,MUN,MG|JANUARIA,glp,7,135.0,131.8,135.0,130.0,135.0
2026-06,MUN,MG|JOAO MONLEVADE,glp,7,110.0,108.0,116.0,105.0,125.0
2026-06,MUN,MG|JOAO PINHEIRO,glp,7,110.0,107.4,120.0,105.0,120.0
2026-06,MUN,MG|JUIZ DE FORA,glp,15,99.99,93.796,110.0,89.99,115.0
2026-06,MUN,MG|LAVRAS,glp,6,112.5,103.995,129.0,103.0,138.0
2026-06,MUN,MG|LEOPOLDINA,glp,7,107.0,102.994,117.0,100.0,120.0
2026-06,MUN,MG|MONTE CARMELO,glp,6,110.0,101.5,110.0,95.0,110.0
2026-06,MUN,MG|MONTES CLAROS,glp,23,119.0,106.0,124.5,97.0,130.0
2026-06,MUN,MG|MURIAE,glp,6,107.5,102.495,110.0,99.99,110.0
2026-06,MUN,MG|NOVA LIMA,glp,2,115.0,107.0,123.0,105.0,125.0
2026-06,MUN,MG|OLIVEIRA,glp,4,110.0,110.0,110.0,110.0,110.0
2026-06,MUN,MG|OURO PRETO,glp,4,109.0,99.13,109.7,94.9,110.0
2026-06,MUN,MG|PARA DE MINAS,glp,7,99.99,96.89,119.8,95.99,127.0
2026-06,MUN,MG|PARACATU,glp,7,115.0,111.0,130.0,105.0,130.0
2026-06,MUN,MG|PASSOS,glp,7,110.0,107.994,114.0,105.0,120.0
2026-06,MUN,MG|PATROCINIO,glp,7,110.0,110.0,116.6,110.0,119.0
2026-06,MUN,MG|POCOS DE CALDAS,glp,6,125.0,121.495,125.0,118.0,125.0
2026-06,MUN,MG|SABARA,glp,6,127.5,112.5,132.5,105.0,135.0
2026-06,MUN,MG|SAO JOAO DEL REI,glp,7,110.0,109.996,112.0,109.99,115.0
2026-06,MUN,MG|SAO SEBASTIAO DO PARAISO,glp,8,107.5,98.497,120.0,94.99,120.0
2026-06,MUN,MG|SETE LAGOAS,glp,7,114.0,94.996,117.0,94.99,120.0
2026-06,MUN,MG|TEOFILO OTONI,glp,7,130.0,123.0,134.0,120.0,140.0
2026-06,MUN,MG|TIMOTEO,glp,6,115.0,108.75,117.5,105.0,117.5
2026-06,MUN,MG|TRES CORACOES,glp,7,100.0,95.0,104.0,95.0,110.0
2026-06,MUN,MG|UBA,glp,1,100.0,100.0,100.0,100.0,100.0
2026-06,MUN,MG|UBERABA,glp,12,102.5,98.2,116.75,90.0,120.0
2026-06,MUN,MG|UBERLANDIA,glp,16,99.992,99.495,105.0,87.0,110.0
2026-06,MUN,MG|UNAI,glp,4,130.0,116.0,130.0,110.0,130.0
2026-06,MUN,MG|VARGINHA,glp,7,105.0,96.2,117.0,95.0,120.0
2026-06,MUN,MG|VICOSA,glp,7,120.0,112.8,125.0,109.5,125.0
2026-06,MUN,MS|CAMPO GRANDE,glp,34,115.0,108.3,130.0,100.0,132.0
2026-06,MUN,MS|CORUMBA,glp,6,132.5,129.995,135.0,129.99,135.0
2026-06,MUN,MS|DOURADOS,glp,14,118.5,115.0,137.5,115.0,151.0
2026-06,MUN,MS|PONTA PORA,glp,3,120.0,120.0,125.96,120.0,127.45
2026-06,MUN,MS|TRES LAGOAS,glp,5,120.0,118.8,139.0,118.0,145.0
2026-06,MUN,MT|ALTA FLORESTA,glp,7,125.0,121.0,143.8,115.0,145.0
2026-06,MUN,MT|CACERES,glp,10,125.0,125.0,125.4,125.0,129.0
2026-06,MUN,MT|CUIABA,glp,26,125.5,116.5,134.995,105.0,140.0
2026-06,MUN,MT|RONDONOPOLIS,glp,6,135.0,133.5,142.5,132.0,145.0
2026-06,MUN,MT|SINOP,glp,11,145.0,130.0,145.0,130.0,145.0
2026-06,MUN,MT|SORRISO,glp,8,137.5,134.25,144.3,132.5,145.0
2026-06,MUN,MT|VARZEA GRANDE,glp,21,120.0,105.0,130.0,100.0,135.0
2026-06,MUN,PA|ABAETETUBA,glp,6,118.0,118.0,118.0,118.0,118.0
2026-06,MUN,PA|ALENQUER,glp,2,114.0,113.2,114.8,113.0,115.0
2026-06,MUN,PA|ALTAMIRA,glp,7,135.0,119.996,138.8,119.99,140.0
2026-06,MUN,PA|ANANINDEUA,glp,13,106.99,99.798,115.8,98.99,120.0
2026-06,MUN,PA|BELEM,glp,25,118.0,110.8,130.0,110.0,134.5
2026-06,MUN,PA|BRAGANCA,glp,4,115.0,115.0,115.0,115.0,115.0
2026-06,MUN,PA|CASTANHAL,glp,8,117.0,110.95,120.0,101.5,120.0
2026-06,MUN,PA|CONCEICAO DO ARAGUAIA,glp,5,110.0,110.0,110.0,110.0,110.0
2026-06,MUN,PA|MARABA,glp,8,135.0,128.5,135.9,125.0,138.0
2026-06,MUN,PA|PARAGOMINAS,glp,7,140.0,130.0,140.0,130.0,140.0
2026-06,MUN,PA|PARAUAPEBAS,glp,8,125.0,125.0,131.5,125.0,135.0
2026-06,MUN,PA|SANTAREM,glp,14,92.75,85.0,110.0,85.0,110.0
2026-06,MUN,PB|BAYEUX,glp,6,115.0,115.0,115.0,115.0,115.0
2026-06,MUN,PB|CABEDELO,glp,7,110.0,109.6,120.8,109.0,122.0
2026-06,MUN,PB|CAMPINA GRANDE,glp,9,110.0,96.6,120.0,95.0,120.0
2026-06,MUN,PB|JOAO PESSOA,glp,25,105.0,105.0,118.0,92.99,120.0
2026-06,MUN,PB|PATOS,glp,6,119.0,114.5,120.0,112.0,120.0
2026-06,MUN,PB|SOUSA,glp,4,115.0,114.3,115.0,114.0,115.0
2026-06,MUN,PE|ARARIPINA,glp,7,110.0,110.0,110.0,110.0,110.0
2026-06,MUN,PE|ARCOVERDE,glp,6,100.0,96.5,106.5,95.0,108.0
2026-06,MUN,PE|BELO JARDIM,glp,4,101.0,98.95,102.0,98.5,102.0
2026-06,MUN,PE|CABO DE SANTO AGOSTINHO,glp,7,99.99,91.8,105.0,90.0,105.0
2026-06,MUN,PE|CARUARU,glp,10,98.5,94.7,100.25,92.0,102.5
2026-06,MUN,PE|GARANHUNS,glp,7,110.0,110.0,112.0,110.0,115.0
2026-06,MUN,PE|GOIANA,glp,5,95.0,92.0,96.2,90.0,97.0
2026-06,MUN,PE|IGARASSU,glp,7,105.0,100.0,112.0,100.0,115.0
2026-06,MUN,PE|JABOATAO DOS GUARARAPES,glp,10,106.25,96.634,113.5,88.89,122.5
2026-06,MUN,PE|LAJEDO,glp,6,100.0,100.0,105.0,100.0,105.0
2026-06,MUN,PE|OLINDA,glp,11,100.0,98.0,105.0,95.0,110.0
2026-06,MUN,PE|PAULISTA,glp,10,102.495,99.999,106.0,99.99,115.0
2026-06,MUN,PE|PETROLINA,glp,12,115.0,110.0,120.0,103.0,130.0
2026-06,MUN,PE|RECIFE,glp,15,100.0,99.396,106.8,97.0,110.0
2026-06,MUN,PE|SALGUEIRO,glp,5,120.0,120.0,120.0,120.0,120.0
2026-06,MUN,PE|SANTA CRUZ DO CAPIBARIBE,glp,3,110.0,110.0,110.0,110.0,110.0
2026-06,MUN,PE|SERRA TALHADA,glp,6,120.0,116.75,125.0,115.0,130.0
2026-06,MUN,PE|VITORIA DE SANTO ANTAO,glp,7,95.0,95.0,99.994,95.0,100.0
2026-06,MUN,PI|PARNAIBA,glp,7,120.0,119.998,122.0,119.995,125.0
2026-06,MUN,PI|PICOS,glp,6,115.0,111.5,115.0,110.0,115.0
2026-06,MUN,PI|PIRIPIRI,glp,7,115.0,112.994,133.196,110.0,137.99
2026-06,MUN,PI|TERESINA,glp,23,110.0,110.0,120.0,105.0,127.5
2026-06,MUN,PR|APUCARANA,glp,10,110.0,109.995,115.5,109.95,120.0
2026-06,MUN,PR|ARAPONGAS,glp,9,109.99,99.9,110.6,99.9,113.0
2026-06,MUN,PR|ARAUCARIA,glp,10,110.0,104.8,110.0,103.0,110.0
2026-06,MUN,PR|CAMBE,glp,7,120.0,115.0,125.0,115.0,125.0
2026-06,MUN,PR|CAMPO LARGO,glp,9,110.0,103.78,112.2,98.9,113.0
2026-06,MUN,PR|CAMPO MOURAO,glp,7,122.5,119.6,127.8,119.0,132.0
2026-06,MUN,PR|CASCAVEL,glp,15,114.9,110.0,120.0,100.0,123.0
2026-06,MUN,PR|CASTRO,glp,7,119.9,116.8,125.0,115.0,125.0
2026-06,MUN,PR|CIANORTE,glp,7,120.0,107.96,129.0,104.9,135.0
2026-06,MUN,PR|COLOMBO,glp,12,103.995,99.1,115.39,94.99,119.0
2026-06,MUN,PR|CORNELIO PROCOPIO,glp,3,125.0,121.0,129.0,120.0,130.0
2026-06,MUN,PR|CURITIBA,glp,41,110.0,99.9,115.0,97.0,119.9
2026-06,MUN,PR|FOZ DO IGUACU,glp,15,110.0,102.0,120.0,99.99,125.0
2026-06,MUN,PR|FRANCISCO BELTRAO,glp,5,125.0,123.5,125.0,122.5,125.0
2026-06,MUN,PR|GUARAPUAVA,glp,9,115.0,109.6,117.6,108.0,120.0
2026-06,MUN,PR|LONDRINA,glp,15,115.0,105.8,129.8,100.0,135.0
2026-06,MUN,PR|MARINGA,glp,12,110.95,99.99,125.0,99.99,130.0
2026-06,MUN,PR|PARANAGUA,glp,7,105.0,100.0,110.0,100.0,110.0
2026-06,MUN,PR|PARANAVAI,glp,7,104.99,102.9,104.99,99.9,104.99
2026-06,MUN,PR|PATO BRANCO,glp,6,131.0,120.0,136.0,110.0,140.0
2026-06,MUN,PR|PONTA GROSSA,glp,6,118.75,112.45,120.0,110.0,120.0
2026-06,MUN,PR|SANTO ANTONIO DA PLATINA,glp,6,116.45,115.0,122.0,115.0,122.0
2026-06,MUN,PR|SAO JOSE DOS PINHAIS,glp,14,105.45,96.5,110.0,95.0,110.0
2026-06,MUN,PR|TOLEDO,glp,10,109.9,100.0,116.5,100.0,130.0
2026-06,MUN,PR|UMUARAMA,glp,7,125.0,117.77,132.0,116.0,135.0
2026-06,MUN,PR|UNIAO DA VITORIA,glp,7,110.0,110.0,125.0,110.0,128.0
2026-06,MUN,RJ|ANGRA DOS REIS,glp,7,135.0,131.8,135.0,130.0,135.0
2026-06,MUN,RJ|ARARUAMA,glp,7,90.0,89.99,105.0,89.99,105.0
2026-06,MUN,RJ|BARRA DO PIRAI,glp,6,106.0,97.495,108.995,90.0,110.0
2026-06,MUN,RJ|BARRA MANSA,glp,7,104.99,102.99,110.754,99.99,111.9
2026-06,MUN,RJ|BELFORD ROXO,glp,7,95.0,90.994,105.0,85.0,105.0
2026-06,MUN,RJ|CABO FRIO,glp,3,99.99,87.998,99.99,85.0,99.99
2026-06,MUN,RJ|DUQUE DE CAXIAS,glp,12,100.0,99.99,109.999,92.99,112.5
2026-06,MUN,RJ|ITABORAI,glp,10,114.99,114.99,115.0,114.99,115.0
2026-06,MUN,RJ|ITAPERUNA,glp,7,120.0,115.996,125.0,109.99,125.0
2026-06,MUN,RJ|MACAE,glp,7,150.0,145.0,150.796,145.0,151.99
2026-06,MUN,RJ|MARICA,glp,7,97.0,89.2,101.19,85.0,102.99
2026-06,MUN,RJ|NILOPOLIS,glp,7,122.0,121.2,122.0,120.0,122.0
2026-06,MUN,RJ|NITEROI,glp,6,92.495,86.245,106.95,82.5,118.9
2026-06,MUN,RJ|NOVA FRIBURGO,glp,7,104.99,96.194,115.0,95.0,115.0
2026-06,MUN,RJ|NOVA IGUACU,glp,14,102.5,90.0,125.0,89.99,125.0
2026-06,MUN,RJ|PETROPOLIS,glp,7,109.99,89.996,118.0,89.99,118.0
2026-06,MUN,RJ|RESENDE,glp,6,126.0,125.0,127.0,125.0,127.0
2026-06,MUN,RJ|RIO BONITO,glp,7,90.0,85.994,95.0,80.0,95.0
2026-06,MUN,RJ|RIO DE JANEIRO,glp,25,99.99,89.994,105.0,85.0,113.0
2026-06,MUN,RJ|SANTO ANTONIO DE PADUA,glp,4,110.0,106.5,115.6,105.0,118.0
2026-06,MUN,RJ|SAO GONCALO,glp,13,107.99,105.398,110.0,103.0,115.0
2026-06,MUN,RJ|SAO JOAO DE MERITI,glp,9,99.8,94.398,106.0,91.99,110.0
2026-06,MUN,RJ|SAQUAREMA,glp,7,96.99,93.8,98.2,92.0,100.0
2026-06,MUN,RJ|TRES RIOS,glp,7,100.0,95.99,104.99,89.99,104.99
2026-06,MUN,RJ|VALENCA,glp,6,102.5,100.0,107.5,100.0,110.0
2026-06,MUN,RJ|VOLTA REDONDA,glp,8,106.445,98.49,109.99,94.99,109.99
2026-06,MUN,RN|CAICO,glp,6,120.0,112.495,120.0,104.99,120.0
2026-06,MUN,RN|MOSSORO,glp,8,118.25,113.5,120.6,110.0,122.0
2026-06,MUN,RN|NATAL,glp,17,115.0,108.0,123.2,97.0,130.0
2026-06,MUN,RN|PARNAMIRIM,glp,9,110.0,104.0,110.0,100.0,110.0
2026-06,MUN,RO|ARIQUEMES,glp,7,130.0,126.467,135.8,125.0,140.0
2026-06,MUN,RO|CACOAL,glp,7,136.5,135.0,141.0,135.0,144.0
2026-06,MUN,RO|JI-PARANA,glp,10,115.0,114.999,135.0,114.99,135.0
2026-06,MUN,RO|PIMENTA BUENO,glp,4,147.5,147.0,149.4,147.0,150.0
2026-06,MUN,RO|PORTO VELHO,glp,22,120.0,112.1,131.6,110.0,139.0
2026-06,MUN,RO|VILHENA,glp,7,130.0,124.994,134.2,117.5,136.0
2026-06,MUN,RR|BOA VISTA,glp,21,143.0,135.0,151.0,130.0,156.0
2026-06,MUN,RS|ALEGRETE,glp,7,112.0,106.98,115.4,102.45,116.0
2026-06,MUN,RS|ALVORADA,glp,6,110.0,110.0,110.0,110.0,110.0
2026-06,MUN,RS|BAGE,glp,8,122.5,118.0,126.2,118.0,129.0
2026-06,MUN,RS|BENTO GONCALVES,glp,7,128.0,122.2,133.2,115.0,138.0
2026-06,MUN,RS|CACHOEIRA DO SUL,glp,6,115.0,115.0,117.5,115.0,120.0
2026-06,MUN,RS|CACHOEIRINHA,glp,7,118.0,112.996,120.0,109.99,120.0
2026-06,MUN,RS|CANOAS,glp,15,110.0,105.0,115.0,104.9,115.0
2026-06,MUN,RS|CAXIAS DO SUL,glp,17,122.0,115.0,125.2,105.0,132.9
2026-06,MUN,RS|CRUZ ALTA,glp,7,99.0,95.0,99.0,95.0,99.0
2026-06,MUN,RS|ERECHIM,glp,9,136.0,128.0,140.0,120.0,140.0
2026-06,MUN,RS|ESTEIO,glp,7,115.0,110.0,123.2,110.0,128.0
2026-06,MUN,RS|GRAMADO,glp,6,132.5,125.0,136.5,125.0,138.0
2026-06,MUN,RS|GRAVATAI,glp,9,113.0,104.998,121.0,104.99,125.0
2026-06,MUN,RS|GUAIBA,glp,7,108.0,99.9,110.8,99.9,112.0
2026-06,MUN,RS|IJUI,glp,7,114.9,108.396,125.94,105.99,135.0
2026-06,MUN,RS|LAJEADO,glp,7,130.0,123.0,130.0,120.0,130.0
2026-06,MUN,RS|NOVO HAMBURGO,glp,10,105.0,100.0,109.1,100.0,110.0
2026-06,MUN,RS|OSORIO,glp,7,110.0,104.778,119.9,99.945,119.9
2026-06,MUN,RS|PASSO FUNDO,glp,11,125.0,120.0,128.0,120.0,129.0
2026-06,MUN,RS|PELOTAS,glp,15,119.0,116.74,125.4,113.0,131.0
2026-06,MUN,RS|PORTO ALEGRE,glp,15,118.0,107.0,132.96,105.0,135.0
2026-06,MUN,RS|SANTA CRUZ DO SUL,glp,9,125.0,117.4,125.2,107.0,126.0
2026-06,MUN,RS|SANTA MARIA,glp,14,119.95,113.53,120.0,110.0,125.0
2026-06,MUN,RS|SANTA ROSA,glp,7,130.0,126.8,134.0,125.0,140.0
2026-06,MUN,RS|SANTANA DO LIVRAMENTO,glp,7,120.0,112.8,135.0,105.0,135.0
2026-06,MUN,RS|SANTO ANGELO,glp,4,127.0,117.993,133.2,114.99,135.0
2026-06,MUN,RS|SAO GABRIEL,glp,6,121.5,116.5,125.0,115.0,125.0
2026-06,MUN,RS|SAO LEOPOLDO,glp,7,105.0,99.2,110.0,98.0,110.0
2026-06,MUN,RS|SAO LUIZ GONZAGA,glp,6,112.0,105.0,121.5,105.0,125.0
2026-06,MUN,RS|SAPIRANGA,glp,7,115.0,105.5,117.8,95.0,122.0
2026-06,MUN,RS|SAPUCAIA DO SUL,glp,7,114.0,105.0,118.0,105.0,118.0
2026-06,MUN,RS|TORRES,glp,3,120.0,115.992,125.6,114.99,127.0
2026-06,MUN,RS|URUGUAIANA,glp,7,125.0,125.0,139.4,125.0,146.0
2026-06,MUN,RS|VACARIA,glp,7,125.0,119.8,128.0,118.0,128.0
2026-06,MUN,RS|VIAMAO,glp,7,119.9,106.0,122.0,106.0,125.0
2026-06,MUN,SC|ARARANGUA,glp,5,110.0,109.988,116.396,109.98,120.0
2026-06,MUN,SC|BLUMENAU,glp,8,134.5,128.493,139.927,125.0,139.99
2026-06,MUN,SC|BRUSQUE,glp,3,125.0,125.0,136.992,125.0,139.99
2026-06,MUN,SC|CACADOR,glp,6,130.0,120.0,140.0,115.0,145.0
2026-06,MUN,SC|CHAPECO,glp,9,130.0,124.9,140.0,124.9,140.0
2026-06,MUN,SC|CONCORDIA,glp,6,117.5,112.45,125.0,109.9,125.0
2026-06,MUN,SC|CRICIUMA,glp,4,109.75,106.35,113.5,105.0,115.0
2026-06,MUN,SC|FLORIANOPOLIS,glp,7,130.0,122.96,136.6,119.9,139.0
2026-06,MUN,SC|ITAJAI,glp,11,128.0,112.0,129.99,112.0,135.0
2026-06,MUN,SC|JOINVILLE,glp,10,122.5,114.5,126.1,110.0,136.0
2026-06,MUN,SC|LAGUNA,glp,7,119.99,113.0,122.0,110.0,125.0
2026-06,MUN,SC|MAFRA,glp,3,115.0,115.0,123.0,115.0,125.0
2026-06,MUN,SC|SAO JOSE,glp,10,124.495,120.0,128.0,120.0,128.0
2026-06,MUN,SC|TUBARAO,glp,7,110.0,106.0,120.0,100.0,120.0
2026-06,MUN,SC|VIDEIRA,glp,6,125.995,115.0,130.0,110.0,133.0
2026-06,MUN,SC|XANXERE,glp,5,115.0,112.0,119.9,110.0,119.9
2026-06,MUN,SE|ARACAJU,glp,15,114.9,110.0,114.96,110.0,115.0
2026-06,MUN,SE|ITABAIANA,glp,7,115.0,110.0,118.0,110.0,118.0
2026-06,MUN,SE|LAGARTO,glp,6,115.0,111.25,115.0,107.5,115.0
2026-06,MUN,SE|NOSSA SENHORA DO SOCORRO,glp,9,110.0,109.0,113.0,105.0,117.0
2026-06,MUN,SP|ADAMANTINA,glp,7,104.98,97.94,109.0,95.0,109.0
2026-06,MUN,SP|AMERICANA,glp,7,117.0,104.99,127.0,104.99,130.0
2026-06,MUN,SP|ARACATUBA,glp,15,110.0,101.99,112.0,95.99,115.0
2026-06,MUN,SP|ARARAQUARA,glp,12,120.0,114.991,125.0,110.0,125.0
2026-06,MUN,SP|ARARAS,glp,7,112.0,108.8,118.2,104.0,123.0
2026-06,MUN,SP|ASSIS,glp,9,120.0,107.9,120.0,107.9,120.0
2026-06,MUN,SP|ATIBAIA,glp,7,120.0,116.0,135.0,110.0,135.0
2026-06,MUN,SP|BARRETOS,glp,6,110.0,107.5,115.0,105.0,115.0
2026-06,MUN,SP|BARUERI,glp,9,115.0,111.598,130.492,109.99,132.5
2026-06,MUN,SP|BAURU,glp,10,115.0,104.0,118.2,95.0,120.0
2026-06,MUN,SP|BEBEDOURO,glp,6,125.0,122.5,125.0,120.0,125.0
2026-06,MUN,SP|BIRIGUI,glp,9,110.0,98.692,110.0,93.5,110.0
2026-06,MUN,SP|BOTUCATU,glp,2,110.0,110.0,110.0,110.0,110.0
2026-06,MUN,SP|BRAGANCA PAULISTA,glp,10,115.495,108.6,119.909,105.0,119.99
2026-06,MUN,SP|CACAPAVA,glp,6,106.0,91.995,110.0,84.0,110.0
2026-06,MUN,SP|CAMPINAS,glp,13,115.0,114.99,127.99,114.99,129.99
2026-06,MUN,SP|CARAGUATATUBA,glp,5,109.99,101.994,112.94,99.99,114.9
2026-06,MUN,SP|CARAPICUIBA,glp,9,109.995,104.99,117.992,104.99,130.0
2026-06,MUN,SP|CATANDUVA,glp,5,110.0,101.954,117.4,99.99,119.0
2026-06,MUN,SP|COSMOPOLIS,glp,6,102.0,97.49,104.99,94.99,104.99
2026-06,MUN,SP|COTIA,glp,7,119.99,114.99,126.636,114.99,129.09
2026-06,MUN,SP|CRUZEIRO,glp,7,99.99,96.794,102.0,95.0,105.0
2026-06,MUN,SP|CUBATAO,glp,7,120.0,118.796,129.9,116.99,129.9
2026-06,MUN,SP|DIADEMA,glp,8,116.5,113.49,121.5,109.99,125.0
2026-06,MUN,SP|EMBU DAS ARTES,glp,9,119.9,108.998,125.6,104.99,128.0
2026-06,MUN,SP|FRANCA,glp,11,119.99,114.495,122.0,104.99,127.9
2026-06,MUN,SP|GARCA,glp,6,135.0,127.5,135.0,125.0,135.0
2026-06,MUN,SP|GUARATINGUETA,glp,6,97.45,87.495,110.0,79.99,115.0
2026-06,MUN,SP|GUARUJA,glp,6,129.995,105.0,130.0,100.0,130.0
2026-06,MUN,SP|GUARULHOS,glp,13,110.0,98.59,114.994,95.0,125.0
2026-06,MUN,SP|HORTOLANDIA,glp,8,104.99,103.49,106.497,99.99,109.99
2026-06,MUN,SP|IBITINGA,glp,7,112.0,108.0,122.7,105.0,123.0
2026-06,MUN,SP|INDAIATUBA,glp,6,122.5,117.0,125.0,115.0,125.0
2026-06,MUN,SP|ITANHAEM,glp,6,117.5,99.995,120.0,99.99,120.0
2026-06,MUN,SP|ITAPECERICA DA SERRA,glp,7,119.99,115.936,121.996,109.99,124.99
2026-06,MUN,SP|ITAPEVA,glp,5,109.99,109.99,117.79,109.99,118.99
2026-06,MUN,SP|ITAPIRA,glp,5,119.99,116.996,121.2,115.0,122.0
2026-06,MUN,SP|ITAPOLIS,glp,7,135.0,133.0,138.5,130.0,140.0
2026-06,MUN,SP|ITAQUAQUECETUBA,glp,11,97.99,94.99,104.99,89.99,105.0
2026-06,MUN,SP|ITATIBA,glp,6,110.0,109.5,115.0,109.0,115.0
2026-06,MUN,SP|ITU,glp,5,118.0,112.0,120.0,110.0,120.0
2026-06,MUN,SP|JABOTICABAL,glp,5,102.445,99.9,106.197,99.9,106.995
2026-06,MUN,SP|JACAREI,glp,9,109.9,93.792,115.198,89.0,119.99
2026-06,MUN,SP|JALES,glp,6,115.0,107.5,119.975,105.0,120.0
2026-06,MUN,SP|JAU,glp,6,115.0,106.0,126.45,102.0,137.9
2026-06,MUN,SP|JOSE BONIFACIO,glp,7,110.0,109.0,125.0,107.5,125.0
2026-06,MUN,SP|JUNDIAI,glp,9,125.0,111.6,128.4,110.0,130.0
2026-06,MUN,SP|LEME,glp,4,105.0,105.0,112.0,105.0,115.0
2026-06,MUN,SP|LIMEIRA,glp,9,100.0,99.99,110.0,99.99,110.0
2026-06,MUN,SP|LINS,glp,7,110.0,92.996,122.0,89.99,125.0
2026-06,MUN,SP|LORENA,glp,6,96.0,92.5,104.95,90.0,110.0
2026-06,MUN,SP|MARILIA,glp,8,135.0,130.0,144.4,130.0,150.0
2026-06,MUN,SP|MATAO,glp,1,109.99,109.99,109.99,109.99,109.99
2026-06,MUN,SP|MAUA,glp,10,115.0,113.49,120.0,99.99,120.0
2026-06,MUN,SP|MOCOCA,glp,7,120.0,114.99,127.0,114.99,130.0
2026-06,MUN,SP|MOGI DAS CRUZES,glp,5,115.0,107.9,117.0,106.5,117.0
2026-06,MUN,SP|MOGI GUACU,glp,5,125.0,120.0,125.0,120.0,125.0
2026-06,MUN,SP|MOGI MIRIM,glp,5,120.0,120.0,125.0,120.0,125.0
2026-06,MUN,SP|MONTE ALTO,glp,7,110.0,109.2,110.0,108.0,110.0
2026-06,MUN,SP|OLIMPIA,glp,6,95.0,95.0,95.5,95.0,96.0
2026-06,MUN,SP|OSASCO,glp,13,109.995,104.99,119.99,94.99,124.99
2026-06,MUN,SP|OURINHOS,glp,6,110.0,105.75,120.0,102.0,122.0
2026-06,MUN,SP|PARAGUACU PAULISTA,glp,1,125.0,125.0,125.0,125.0,125.0
2026-06,MUN,SP|PAULINIA,glp,6,119.992,114.998,120.0,114.995,120.0
2026-06,MUN,SP|PIRACICABA,glp,11,109.99,99.99,120.0,99.99,120.0
2026-06,MUN,SP|PIRASSUNUNGA,glp,7,115.0,109.9,122.6,109.9,128.0
2026-06,MUN,SP|POA,glp,7,110.0,105.19,114.99,97.99,114.99
2026-06,MUN,SP|PORTO FERREIRA,glp,5,113.0,108.8,116.8,108.0,118.0
2026-06,MUN,SP|PRAIA GRANDE,glp,10,125.5,115.691,129.91,113.0,130.0
2026-06,MUN,SP|PRESIDENTE PRUDENTE,glp,12,119.95,99.991,125.0,99.99,128.0
2026-06,MUN,SP|RIBEIRAO PIRES,glp,7,107.99,97.936,120.0,94.99,120.0
2026-06,MUN,SP|RIBEIRAO PRETO,glp,9,115.0,108.992,126.0,105.0,130.0
2026-06,MUN,SP|RIO CLARO,glp,1,103.0,103.0,103.0,103.0,103.0
2026-06,MUN,SP|SALTO,glp,4,110.495,101.493,118.097,99.99,119.0
2026-06,MUN,SP|SANTO ANDRE,glp,10,118.49,104.999,125.49,104.99,129.99
2026-06,MUN,SP|SANTOS,glp,9,129.9,125.0,149.92,125.0,150.0
2026-06,MUN,SP|SAO BERNARDO DO CAMPO,glp,5,140.0,126.996,149.996,125.0,150.0
2026-06,MUN,SP|SAO CAETANO DO SUL,glp,4,119.99,119.99,119.997,119.99,120.0
2026-06,MUN,SP|SAO CARLOS,glp,14,133.0,125.0,137.8,122.0,139.0
2026-06,MUN,SP|SAO JOAO DA BOA VISTA,glp,7,115.0,111.8,115.0,110.0,115.0
2026-06,MUN,SP|SAO JOSE DO RIO PRETO,glp,21,120.0,115.0,130.0,114.0,145.0
2026-06,MUN,SP|SAO JOSE DOS CAMPOS,glp,15,100.0,81.99,119.996,79.99,120.0
2026-06,MUN,SP|SAO PAULO,glp,43,119.99,105.998,135.992,99.99,144.99
2026-06,MUN,SP|SAO VICENTE,glp,10,119.95,109.99,129.9,109.99,129.9
2026-06,MUN,SP|SERTAOZINHO,glp,4,106.49,99.69,112.597,96.99,115.0
2026-06,MUN,SP|SOROCABA,glp,15,119.99,115.0,128.94,107.99,132.0
2026-06,MUN,SP|SUMARE,glp,9,99.99,97.39,105.99,94.99,109.99
2026-06,MUN,SP|SUZANO,glp,10,110.75,94.49,119.099,89.99,119.99
2026-06,MUN,SP|TABOAO DA SERRA,glp,7,115.0,107.994,119.99,105.0,119.99
2026-06,MUN,SP|TATUI,glp,4,130.0,126.5,130.0,125.0,130.0
2026-06,MUN,SP|TAUBATE,glp,9,96.0,94.292,103.58,91.5,109.9
2026-06,MUN,SP|TUPA,glp,3,118.0,111.6,122.0,110.0,123.0
2026-06,MUN,SP|UBATUBA,glp,5,105.0,98.17,106.8,94.95,108.0
2026-06,MUN,SP|VALINHOS,glp,6,119.945,111.495,132.995,110.0,140.0
2026-06,MUN,SP|VARZEA PAULISTA,glp,6,110.0,102.495,125.0,99.99,130.0
2026-06,MUN,SP|VINHEDO,glp,7,120.0,109.996,121.996,109.99,124.99
2026-06,MUN,SP|VOTORANTIM,glp,7,115.0,114.594,124.196,114.0,125.99
2026-06,MUN,SP|VOTUPORANGA,glp,10,115.0,109.499,119.1,104.99,120.0
2026-06,MUN,TO|ARAGUAINA,glp,11,130.0,130.0,135.0,130.0,135.0
2026-06,MUN,TO|GURUPI,glp,8,135.0,130.0,145.0,130.0,145.0
2026-06,MUN,TO|PALMAS,glp,13,135.0,130.0,139.0,125.0,141.0
2026-06,MUN,TO|PARAISO DO TOCANTINS,glp,7,135.0,133.0,141.3,130.0,147.0
2026-06,MUN,TO|PORTO NACIONAL,glp,7,130.0,126.5,135.0,125.0,135.0
2026-06,UF,AC,glp,24,124.0,117.2,131.7,115.0,135.0
2026-06,UF,AL,glp,49,105.0,99.998,115.0,86.99,120.0
2026-06,UF,AM,glp,81,126.0,124.0,136.0,118.0,146.0
2026-06,UF,AP,glp,14,126.0,118.6,138.8,115.0,140.0
2026-06,UF,BA,glp,174,115.0,100.0,135.0,93.0,150.0
2026-06,UF,CE,glp,82,120.0,105.0,130.0,97.0,135.0
2026-06,UF,DF,glp,33,108.99,99.992,110.0,95.0,115.99
2026-06,UF,ES,glp,69,102.495,98.792,113.4,92.99,120.0
2026-06,UF,GO,glp,155,115.0,103.394,125.0,84.0,138.0
2026-06,UF,MA,glp,87,129.99,118.0,130.0,99.99,140.0
2026-06,UF,MG,glp,416,110.0,99.99,127.0,87.0,145.0
2026-06,UF,MS,glp,62,120.0,110.0,131.8,100.0,151.0
2026-06,UF,MT,glp,89,130.0,114.998,145.0,100.0,145.0
2026-06,UF,PA,glp,107,118.0,100.0,135.0,85.0,140.0
2026-06,UF,PB,glp,57,110.0,105.0,120.0,92.99,122.0
2026-06,UF,PE,glp,138,103.995,95.0,118.65,88.89,130.0
2026-06,UF,PI,glp,43,115.0,110.0,124.0,105.0,137.99
2026-06,UF,PR,glp,263,110.0,100.0,125.0,94.99,140.0
2026-06,UF,RJ,glp,213,105.0,90.0,125.0,80.0,151.99
2026-06,UF,RN,glp,40,115.0,105.0,120.0,97.0,130.0
2026-06,UF,RO,glp,57,127.445,115.0,139.4,110.0,150.0
2026-06,UF,RR,glp,21,143.0,135.0,151.0,130.0,156.0
2026-06,UF,RS,glp,288,118.0,105.0,130.0,95.0,146.0
2026-06,UF,SC,glp,107,125.0,110.0,136.4,100.0,145.0
2026-06,UF,SE,glp,37,112.0,110.0,115.0,105.0,118.0
2026-06,UF,SP,glp,774,115.0,99.99,129.9,79.99,150.0
2026-06,UF,TO,glp,46,134.0,130.0,140.5,125.0,147.0
2026-07,BR,BR,glp,3516,115.0,99.99,130.0,79.0,161.0
2026-07,MUN,AC|CRUZEIRO DO SUL,glp,1,130.0,130.0,130.0,130.0,130.0
2026-07,MUN,AC|RIO BRANCO,glp,24,125.0,117.2,134.0,115.0,135.0
2026-07,MUN,AL|ARAPIRACA,glp,9,105.0,101.899,110.0,99.495,110.0
2026-07,MUN,AL|DELMIRO GOUVEIA,glp,4,107.5,100.0,118.5,100.0,120.0
2026-07,MUN,AL|MACEIO,glp,25,105.0,96.996,115.0,86.99,120.0
2026-07,MUN,AL|PALMEIRA DOS INDIOS,glp,2,110.0,106.0,114.0,105.0,115.0
2026-07,MUN,AL|RIO LARGO,glp,7,110.0,106.0,111.2,100.0,113.0
2026-07,MUN,AM|MANACAPURU,glp,7,133.0,128.8,137.6,127.0,140.0
2026-07,MUN,AM|MANAUS,glp,64,126.0,125.0,135.7,120.0,146.0
2026-07,MUN,AM|PARINTINS,glp,7,120.0,120.0,130.4,120.0,140.0
2026-07,MUN,AP|MACAPA,glp,13,126.0,115.6,139.2,111.0,140.0
2026-07,MUN,AP|SANTANA,glp,1,135.0,135.0,135.0,135.0,135.0
2026-07,MUN,BA|ALAGOINHAS,glp,7,118.0,113.0,120.0,110.0,120.0
2026-07,MUN,BA|BARREIRAS,glp,7,135.0,135.0,139.0,135.0,145.0
2026-07,MUN,BA|BRUMADO,glp,4,115.0,110.1,118.5,108.0,120.0
2026-07,MUN,BA|CAETITE,glp,7,105.0,100.0,105.0,100.0,105.0
2026-07,MUN,BA|EUNAPOLIS,glp,7,115.0,107.1,115.0,105.0,115.0
2026-07,MUN,BA|FEIRA DE SANTANA,glp,4,102.5,99.993,108.5,99.99,110.0
2026-07,MUN,BA|GUANAMBI,glp,8,110.0,110.0,111.5,110.0,115.0
2026-07,MUN,BA|ILHEUS,glp,7,136.0,132.994,150.0,130.0,150.0
2026-07,MUN,BA|IPIRA,glp,4,115.0,109.05,115.0,106.5,115.0
2026-07,MUN,BA|IRECE,glp,8,120.0,118.5,120.0,115.0,120.0
2026-07,MUN,BA|ITABUNA,glp,6,110.0,110.0,116.0,110.0,122.0
2026-07,MUN,BA|ITAMARAJU,glp,7,100.0,96.5,110.0,95.0,110.0
2026-07,MUN,BA|JACOBINA,glp,5,139.0,135.0,140.8,135.0,142.0
2026-07,MUN,BA|JAGUAQUARA,glp,7,110.0,109.0,110.0,107.5,110.0
2026-07,MUN,BA|JEQUIE,glp,7,99.99,99.99,119.0,99.99,125.0
2026-07,MUN,BA|JUAZEIRO,glp,4,110.0,103.0,110.0,100.0,110.0
2026-07,MUN,BA|LIVRAMENTO DE NOSSA SENHORA,glp,4,115.0,115.0,118.5,115.0,120.0
2026-07,MUN,BA|PAULO AFONSO,glp,3,113.0,110.6,113.0,110.0,113.0
2026-07,MUN,BA|POCOES,glp,7,110.0,103.0,117.0,101.5,120.0
2026-07,MUN,BA|PORTO SEGURO,glp,2,125.0,125.0,125.0,125.0,125.0
2026-07,MUN,BA|SALVADOR,glp,27,120.0,115.0,135.0,114.99,140.0
2026-07,MUN,BA|SANTO ANTONIO DE JESUS,glp,7,115.0,109.798,125.9,109.495,137.0
2026-07,MUN,BA|SENHOR DO BONFIM,glp,3,125.0,121.0,125.0,120.0,125.0
2026-07,MUN,BA|SERRINHA,glp,7,125.0,123.0,135.0,120.0,135.0
2026-07,MUN,BA|TEIXEIRA DE FREITAS,glp,8,95.75,93.497,96.5,89.99,96.5
2026-07,MUN,BA|VALENCA,glp,4,125.0,111.25,130.0,107.5,130.0
2026-07,MUN,BA|VITORIA DA CONQUISTA,glp,9,115.0,112.0,132.4,110.0,138.0
2026-07,MUN,CE|CANINDE,glp,3,115.0,102.992,125.4,99.99,128.0
2026-07,MUN,CE|CAUCAIA,glp,10,110.5,101.5,120.85,101.495,128.5
2026-07,MUN,CE|CRATEUS,glp,4,120.0,120.0,120.0,120.0,120.0
2026-07,MUN,CE|FORTALEZA,glp,1,114.99,114.99,114.99,114.99,114.99
2026-07,MUN,CE|ICO,glp,4,124.5,121.2,130.6,120.0,133.0
2026-07,MUN,CE|IGUATU,glp,7,125.0,121.8,125.396,120.0,125.99
2026-07,MUN,CE|ITAPIPOCA,glp,7,115.0,97.0,132.0,97.0,135.0
2026-07,MUN,CE|JUAZEIRO DO NORTE,glp,10,120.0,120.0,120.0,120.0,120.0
2026-07,MUN,CE|LIMOEIRO DO NORTE,glp,6,130.0,117.5,130.0,110.0,130.0
2026-07,MUN,CE|QUIXADA,glp,7,120.0,112.196,121.6,107.99,124.0
2026-07,MUN,CE|SOBRAL,glp,3,118.0,118.0,118.0,118.0,118.0
2026-07,MUN,DF|BRASILIA,glp,33,108.99,99.99,110.0,95.0,115.99
2026-07,MUN,ES|ARACRUZ,glp,7,105.0,102.996,118.8,99.99,120.0
2026-07,MUN,ES|CACHOEIRO DE ITAPEMIRIM,glp,7,102.495,99.996,108.0,99.99,112.5
2026-07,MUN,ES|CARIACICA,glp,8,100.0,98.497,103.0,94.99,110.0
2026-07,MUN,ES|COLATINA,glp,7,108.0,102.996,111.2,99.99,113.0
2026-07,MUN,ES|GUARAPARI,glp,7,109.99,108.99,117.4,107.49,118.0
2026-07,MUN,ES|LINHARES,glp,10,113.75,110.0,119.1,110.0,120.0
2026-07,MUN,ES|SAO MATEUS,glp,2,119.99,119.99,119.99,119.99,119.99
2026-07,MUN,ES|SERRA,glp,13,99.0,95.0,105.0,92.99,105.99
2026-07,MUN,ES|VILA VELHA,glp,13,100.0,100.0,109.6,100.0,115.0
2026-07,MUN,ES|VITORIA,glp,6,100.0,97.495,107.5,96.99,115.0
2026-07,MUN,GO|AGUAS LINDAS DE GOIAS,glp,13,110.0,95.99,115.0,94.99,118.0
2026-07,MUN,GO|ANAPOLIS,glp,18,115.0,115.0,115.0,110.0,115.0
2026-07,MUN,GO|APARECIDA DE GOIANIA,glp,19,110.0,101.998,120.0,95.99,125.0
2026-07,MUN,GO|CALDAS NOVAS,glp,10,119.0,108.8,120.0,98.0,120.0
2026-07,MUN,GO|CATALAO,glp,7,115.0,105.0,120.8,105.0,122.0
2026-07,MUN,GO|FORMOSA,glp,7,110.0,107.4,122.0,106.5,125.0
2026-07,MUN,GO|GOIANIA,glp,19,117.5,108.7,125.0,105.0,125.0
2026-07,MUN,GO|GOIATUBA,glp,3,120.0,118.0,124.0,117.5,125.0
2026-07,MUN,GO|ITUMBIARA,glp,7,120.0,115.0,122.0,115.0,125.0
2026-07,MUN,GO|LUZIANIA,glp,10,109.0,99.99,115.0,99.99,115.0
2026-07,MUN,GO|MINEIROS,glp,6,138.0,138.0,138.0,138.0,138.0
2026-07,MUN,GO|MORRINHOS,glp,6,107.5,100.0,115.0,100.0,115.0
2026-07,MUN,GO|PORANGATU,glp,7,120.0,118.0,125.0,115.0,125.0
2026-07,MUN,GO|RIO VERDE,glp,9,120.0,99.99,135.0,99.99,135.0
2026-07,MUN,GO|TRINDADE,glp,14,100.0,91.497,110.0,84.0,130.0
2026-07,MUN,GO|VALPARAISO DE GOIAS,glp,9,109.0,104.998,110.0,104.99,110.0
2026-07,MUN,MA|ACAILANDIA,glp,2,125.0,125.0,125.0,125.0,125.0
2026-07,MUN,MA|BACABAL,glp,7,130.0,128.0,130.0,125.0,130.0
2026-07,MUN,MA|BALSAS,glp,6,130.0,130.0,130.0,130.0,130.0
2026-07,MUN,MA|BARRA DO CORDA,glp,3,125.0,113.0,125.0,110.0,125.0
2026-07,MUN,MA|CODO,glp,7,118.0,118.0,120.0,118.0,120.0
2026-07,MUN,MA|IMPERATRIZ,glp,11,120.0,115.0,120.0,110.0,120.0
2026-07,MUN,MA|PINHEIRO,glp,7,135.0,129.96,137.0,129.9,140.0
2026-07,MUN,MA|PRESIDENTE DUTRA,glp,4,121.5,115.9,125.0,115.0,125.0
2026-07,MUN,MA|SAO JOSE DE RIBAMAR,glp,8,129.495,99.99,130.0,99.99,130.0
2026-07,MUN,MA|SAO LUIS,glp,29,130.0,123.998,130.0,115.0,138.0
2026-07,MUN,MG|ALFENAS,glp,7,110.0,103.998,112.0,94.995,115.0
2026-07,MUN,MG|ARAGUARI,glp,7,105.0,100.0,108.8,100.0,110.0
2026-07,MUN,MG|ARAXA,glp,7,109.0,106.8,110.0,105.0,110.0
2026-07,MUN,MG|BARBACENA,glp,5,110.0,110.0,114.8,110.0,118.0
2026-07,MUN,MG|BELO HORIZONTE,glp,25,110.0,104.994,130.8,99.0,145.0
2026-07,MUN,MG|BETIM,glp,13,115.0,101.0,129.0,90.0,133.0
2026-07,MUN,MG|BOM DESPACHO,glp,7,100.0,98.0,107.16,95.0,110.4
2026-07,MUN,MG|CAMPO BELO,glp,7,115.0,115.0,115.0,115.0,115.0
2026-07,MUN,MG|CARATINGA,glp,7,120.0,115.0,127.0,115.0,130.0
2026-07,MUN,MG|CONGONHAS,glp,7,110.0,102.994,115.8,100.0,120.0
2026-07,MUN,MG|CONSELHEIRO LAFAIETE,glp,7,98.0,95.0,109.0,95.0,115.0
2026-07,MUN,MG|CONTAGEM,glp,16,115.0,103.49,130.0,99.99,135.0
2026-07,MUN,MG|CORONEL FABRICIANO,glp,7,125.0,113.0,132.0,110.0,135.0
2026-07,MUN,MG|CURVELO,glp,7,110.0,99.6,122.0,99.0,125.0
2026-07,MUN,MG|DIVINOPOLIS,glp,10,104.0,94.49,115.5,89.99,120.0
2026-07,MUN,MG|FORMIGA,glp,7,118.0,114.0,122.6,112.5,125.0
2026-07,MUN,MG|FRUTAL,glp,5,100.0,93.794,110.0,92.99,110.0
2026-07,MUN,MG|GOVERNADOR VALADARES,glp,9,127.0,116.4,130.0,110.0,130.0
2026-07,MUN,MG|GUAXUPE,glp,6,100.0,92.0,105.0,92.0,105.0
2026-07,MUN,MG|IPATINGA,glp,4,125.0,107.5,129.9,100.0,132.0
2026-07,MUN,MG|ITAJUBA,glp,7,105.0,98.0,109.0,98.0,115.0
2026-07,MUN,MG|ITAUNA,glp,7,126.5,116.0,130.0,110.0,130.0
2026-07,MUN,MG|ITUIUTABA,glp,7,105.0,103.0,116.2,100.0,118.0
2026-07,MUN,MG|JANAUBA,glp,7,125.0,124.4,125.0,123.5,125.0
2026-07,MUN,MG|JANUARIA,glp,7,135.0,131.0,137.4,128.0,138.0
2026-07,MUN,MG|JOAO MONLEVADE,glp,7,110.0,108.0,116.0,105.0,125.0
2026-07,MUN,MG|JOAO PINHEIRO,glp,7,110.0,107.4,120.0,105.0,120.0
2026-07,MUN,MG|JUIZ DE FORA,glp,15,99.99,91.194,110.0,84.99,115.0
2026-07,MUN,MG|LAVRAS,glp,6,112.5,103.995,132.5,103.0,145.0
2026-07,MUN,MG|LEOPOLDINA,glp,7,107.0,102.994,118.0,100.0,122.5
2026-07,MUN,MG|MONTE CARMELO,glp,6,110.0,101.5,110.0,95.0,110.0
2026-07,MUN,MG|MONTES CLAROS,glp,23,120.0,106.0,124.8,97.0,130.0
2026-07,MUN,MG|MURIAE,glp,6,107.5,99.99,110.0,99.99,110.0
2026-07,MUN,MG|NOVA LIMA,glp,7,111.5,106.8,125.96,105.0,134.9
2026-07,MUN,MG|OLIVEIRA,glp,4,110.0,110.0,110.0,110.0,110.0
2026-07,MUN,MG|OURO PRETO,glp,4,109.0,99.13,109.7,94.9,110.0
2026-07,MUN,MG|PARA DE MINAS,glp,7,110.0,98.39,119.8,95.99,127.0
2026-07,MUN,MG|PARACATU,glp,7,115.0,111.0,130.0,105.0,130.0
2026-07,MUN,MG|PASSOS,glp,7,110.0,107.994,114.0,105.0,120.0
2026-07,MUN,MG|PATROCINIO,glp,7,110.0,110.0,115.1,110.0,119.0
2026-07,MUN,MG|POCOS DE CALDAS,glp,6,125.0,123.995,125.0,123.0,125.0
2026-07,MUN,MG|SABARA,glp,6,127.5,113.75,132.5,107.5,135.0
2026-07,MUN,MG|SAO JOAO DEL REI,glp,7,110.0,109.996,110.0,109.99,110.0
2026-07,MUN,MG|SAO SEBASTIAO DO PARAISO,glp,8,107.5,98.497,120.0,94.99,120.0
2026-07,MUN,MG|SETE LAGOAS,glp,7,114.0,94.996,117.0,94.99,120.0
2026-07,MUN,MG|TEOFILO OTONI,glp,7,130.0,119.6,132.0,110.0,135.0
2026-07,MUN,MG|TIMOTEO,glp,6,116.25,107.5,120.0,100.0,120.0
2026-07,MUN,MG|TRES CORACOES,glp,7,100.0,95.0,104.0,95.0,110.0
2026-07,MUN,MG|UBA,glp,1,104.995,104.995,104.995,104.995,104.995
2026-07,MUN,MG|UBERABA,glp,11,100.0,98.0,115.0,90.0,120.0
2026-07,MUN,MG|UBERLANDIA,glp,16,99.995,93.99,105.0,87.0,110.0
2026-07,MUN,MG|UNAI,glp,4,130.0,116.0,130.0,110.0,130.0
2026-07,MUN,MG|VARGINHA,glp,7,115.0,101.0,120.0,95.0,120.0
2026-07,MUN,MG|VICOSA,glp,7,120.0,111.0,125.0,105.0,125.0
2026-07,MUN,MS|CAMPO GRANDE,glp,34,115.0,105.0,130.0,100.0,132.0
2026-07,MUN,MS|CORUMBA,glp,6,133.748,130.0,135.0,130.0,135.0
2026-07,MUN,MS|DOURADOS,glp,14,118.5,115.0,137.5,115.0,151.0
2026-07,MUN,MS|PONTA PORA,glp,5,125.0,122.0,131.38,120.0,134.0
2026-07,MUN,MS|TRES LAGOAS,glp,6,124.5,120.25,137.5,118.0,145.0
2026-07,MUN,MT|ALTA FLORESTA,glp,7,136.0,125.0,143.8,125.0,145.0
2026-07,MUN,MT|CACERES,glp,10,125.0,125.0,125.4,125.0,129.0
2026-07,MUN,MT|CUIABA,glp,26,125.0,115.0,135.0,105.0,140.0
2026-07,MUN,MT|RONDONOPOLIS,glp,7,135.0,133.8,142.0,132.0,145.0
2026-07,MUN,MT|SINOP,glp,11,145.0,130.0,145.0,130.0,145.0
2026-07,MUN,MT|SORRISO,glp,9,135.0,132.998,144.0,124.99,144.0
2026-07,MUN,MT|VARZEA GRANDE,glp,21,120.0,102.0,130.0,95.0,135.0
2026-07,MUN,PA|ABAETETUBA,glp,6,118.0,118.0,118.0,118.0,118.0
2026-07,MUN,PA|ALENQUER,glp,3,115.0,113.4,119.0,113.0,120.0
2026-07,MUN,PA|ALTAMIRA,glp,7,135.0,119.996,138.8,119.99,140.0
2026-07,MUN,PA|ANANINDEUA,glp,13,106.99,99.398,115.8,98.99,120.0
2026-07,MUN,PA|BELEM,glp,25,118.0,110.8,130.0,110.0,139.0
2026-07,MUN,PA|BRAGANCA,glp,1,115.0,115.0,115.0,115.0,115.0
2026-07,MUN,PA|CASTANHAL,glp,8,117.0,112.0,120.0,105.0,120.0
2026-07,MUN,PA|CONCEICAO DO ARAGUAIA,glp,5,110.0,110.0,110.0,110.0,110.0
2026-07,MUN,PA|MARABA,glp,8,131.25,126.75,135.0,125.0,135.0
2026-07,MUN,PA|PARAGOMINAS,glp,7,140.0,130.0,140.0,130.0,140.0
2026-07,MUN,PA|PARAUAPEBAS,glp,9,125.0,125.0,135.0,125.0,135.0
2026-07,MUN,PA|SANTAREM,glp,13,95.0,85.998,110.0,85.0,120.0
2026-07,MUN,PB|BAYEUX,glp,6,115.0,115.0,115.0,115.0,115.0
2026-07,MUN,PB|CABEDELO,glp,7,110.0,109.6,120.8,109.0,122.0
2026-07,MUN,PB|CAMPINA GRANDE,glp,9,110.0,96.6,120.0,95.0,120.0
2026-07,MUN,PB|JOAO PESSOA,glp,25,105.0,105.0,118.0,92.99,125.0
2026-07,MUN,PB|PATOS,glp,6,118.5,111.25,120.0,110.0,120.0
2026-07,MUN,PB|SOUSA,glp,4,115.0,114.3,115.0,114.0,115.0
2026-07,MUN,PE|ARARIPINA,glp,7,110.0,110.0,110.0,110.0,110.0
2026-07,MUN,PE|ARCOVERDE,glp,6,100.0,96.5,101.25,95.0,102.5
2026-07,MUN,PE|BELO JARDIM,glp,4,97.5,91.43,101.4,89.9,102.0
2026-07,MUN,PE|CABO DE SANTO AGOSTINHO,glp,7,97.5,90.9,102.0,90.0,105.0
2026-07,MUN,PE|CARUARU,glp,10,96.0,94.5,100.0,90.0,100.0
2026-07,MUN,PE|GARANHUNS,glp,7,112.5,112.5,113.5,112.5,115.0
2026-07,MUN,PE|GOIANA,glp,4,93.0,89.95,96.75,89.5,97.5
2026-07,MUN,PE|IGARASSU,glp,7,105.0,100.0,112.0,100.0,115.0
2026-07,MUN,PE|JABOATAO DOS GUARARAPES,glp,10,100.0,94.38,111.0,88.89,120.0
2026-07,MUN,PE|LAJEDO,glp,6,100.0,100.0,105.0,100.0,105.0
2026-07,MUN,PE|OLINDA,glp,11,100.0,95.0,105.0,95.0,110.0
2026-07,MUN,PE|PAULISTA,glp,10,102.495,99.999,105.75,99.99,112.5
2026-07,MUN,PE|PETROLINA,glp,12,115.0,110.0,120.0,102.5,130.0
2026-07,MUN,PE|RECIFE,glp,15,100.0,99.99,106.8,97.0,110.0
2026-07,MUN,PE|SALGUEIRO,glp,5,120.0,115.0,120.0,115.0,120.0
2026-07,MUN,PE|SANTA CRUZ DO CAPIBARIBE,glp,3,115.0,115.0,115.0,115.0,115.0
2026-07,MUN,PE|SERRA TALHADA,glp,6,120.0,117.5,130.0,115.0,130.0
2026-07,MUN,PE|VITORIA DE SANTO ANTAO,glp,7,97.0,95.0,99.994,95.0,100.0
2026-07,MUN,PI|PARNAIBA,glp,7,120.0,120.0,122.0,120.0,125.0
2026-07,MUN,PI|PICOS,glp,6,114.0,106.5,115.0,100.0,115.0
2026-07,MUN,PI|PIRIPIRI,glp,7,115.0,112.994,133.196,110.0,137.99
2026-07,MUN,PI|TERESINA,glp,24,110.0,109.993,119.997,100.0,120.0
2026-07,MUN,PR|APUCARANA,glp,10,110.0,109.99,115.5,109.9,120.0
2026-07,MUN,PR|ARAPONGAS,glp,8,110.0,99.9,110.9,99.9,113.0
2026-07,MUN,PR|ARAUCARIA,glp,10,105.0,104.8,107.3,103.0,110.0
2026-07,MUN,PR|CAMBE,glp,7,120.0,115.0,125.0,115.0,125.0
2026-07,MUN,PR|CAMPO LARGO,glp,8,105.0,99.67,110.6,98.9,112.0
2026-07,MUN,PR|CAMPO MOURAO,glp,7,125.0,123.8,127.8,122.0,132.0
2026-07,MUN,PR|CASCAVEL,glp,15,115.0,110.0,120.0,100.0,123.0
2026-07,MUN,PR|CASTRO,glp,7,123.0,117.94,125.0,115.0,125.0
2026-07,MUN,PR|CIANORTE,glp,7,120.0,109.457,131.94,104.9,135.0
2026-07,MUN,PR|COLOMBO,glp,12,106.445,99.1,110.0,94.99,110.0
2026-07,MUN,PR|CORNELIO PROCOPIO,glp,3,125.0,111.0,129.0,107.5,130.0
2026-07,MUN,PR|CURITIBA,glp,41,109.99,99.9,115.0,97.0,119.9
2026-07,MUN,PR|FOZ DO IGUACU,glp,15,110.0,102.0,120.0,99.99,125.0
2026-07,MUN,PR|FRANCISCO BELTRAO,glp,2,122.0,119.6,124.4,119.0,125.0
2026-07,MUN,PR|GUARAPUAVA,glp,9,115.0,109.6,117.6,108.0,120.0
2026-07,MUN,PR|LONDRINA,glp,15,115.0,105.8,124.196,100.0,135.0
2026-07,MUN,PR|MARINGA,glp,10,113.5,99.99,125.5,99.99,130.0
2026-07,MUN,PR|PARANAGUA,glp,7,105.0,103.0,110.0,100.0,110.0
2026-07,MUN,PR|PARANAVAI,glp,7,104.99,102.9,104.99,99.9,104.99
2026-07,MUN,PR|PATO BRANCO,glp,6,130.0,122.5,133.5,115.0,135.0
2026-07,MUN,PR|PONTA GROSSA,glp,6,117.5,112.45,120.0,110.0,120.0
2026-07,MUN,PR|SANTO ANTONIO DA PLATINA,glp,6,116.45,115.0,121.0,115.0,122.0
2026-07,MUN,PR|SAO JOSE DOS PINHAIS,glp,14,101.5,96.47,105.0,95.0,105.0
2026-07,MUN,PR|TOLEDO,glp,10,109.9,100.0,121.0,100.0,130.0
2026-07,MUN,PR|UMUARAMA,glp,7,125.0,121.4,132.0,116.0,135.0
2026-07,MUN,PR|UNIAO DA VITORIA,glp,7,110.0,110.0,125.0,110.0,128.0
2026-07,MUN,RJ|ANGRA DOS REIS,glp,7,133.0,130.0,135.0,130.0,135.0
2026-07,MUN,RJ|ARARUAMA,glp,7,94.99,89.99,105.0,89.99,105.0
2026-07,MUN,RJ|BARRA DO PIRAI,glp,6,106.0,92.498,108.995,90.0,110.0
2026-07,MUN,RJ|BARRA MANSA,glp,7,99.99,94.99,110.754,94.99,111.9
2026-07,MUN,RJ|BELFORD ROXO,glp,7,95.0,90.994,105.0,85.0,105.0
2026-07,MUN,RJ|CABO FRIO,glp,3,99.99,87.998,99.99,85.0,99.99
2026-07,MUN,RJ|CAMPOS DOS GOYTACAZES,glp,10,101.495,96.9,108.0,96.0,108.0
2026-07,MUN,RJ|DUQUE DE CAXIAS,glp,12,100.0,99.549,109.999,92.99,115.0
2026-07,MUN,RJ|ITABORAI,glp,10,114.99,114.99,115.0,114.99,115.0
2026-07,MUN,RJ|ITAPERUNA,glp,7,120.0,118.0,123.5,115.0,125.0
2026-07,MUN,RJ|MACAE,glp,7,150.0,145.0,150.796,145.0,151.99
2026-07,MUN,RJ|MARICA,glp,7,97.0,89.2,101.19,85.0,102.99
2026-07,MUN,RJ|NILOPOLIS,glp,7,122.0,118.4,122.0,116.0,122.0
2026-07,MUN,RJ|NITEROI,glp,6,92.495,84.995,106.95,80.0,118.9
2026-07,MUN,RJ|NOVA FRIBURGO,glp,7,115.0,100.596,115.0,96.99,115.0
2026-07,MUN,RJ|NOVA IGUACU,glp,14,102.5,90.0,125.0,89.99,125.0
2026-07,MUN,RJ|PETROPOLIS,glp,7,109.99,89.996,118.0,89.99,118.0
2026-07,MUN,RJ|RESENDE,glp,6,126.0,125.0,127.0,125.0,127.0
2026-07,MUN,RJ|RIO BONITO,glp,7,90.0,86.0,95.0,80.0,95.0
2026-07,MUN,RJ|RIO DE JANEIRO,glp,25,99.99,87.0,105.0,80.0,113.0
2026-07,MUN,RJ|SANTO ANTONIO DE PADUA,glp,4,110.0,106.5,113.5,105.0,115.0
2026-07,MUN,RJ|SAO GONCALO,glp,14,106.995,100.44,110.0,99.99,115.0
2026-07,MUN,RJ|SAO JOAO DE MERITI,glp,9,99.8,94.398,106.0,91.99,110.0
2026-07,MUN,RJ|SAQUAREMA,glp,7,96.99,93.8,98.2,92.0,100.0
2026-07,MUN,RJ|TRES RIOS,glp,7,100.0,95.99,104.99,89.99,104.99
2026-07,MUN,RJ|VALENCA,glp,6,102.5,100.0,110.0,100.0,110.0
2026-07,MUN,RJ|VOLTA REDONDA,glp,8,104.99,99.19,108.59,94.99,109.99
2026-07,MUN,RN|CAICO,glp,6,120.0,112.495,120.0,104.99,120.0
2026-07,MUN,RN|MOSSORO,glp,8,116.25,111.75,120.6,110.0,122.0
2026-07,MUN,RN|NATAL,glp,17,115.0,108.0,123.2,97.0,130.0
2026-07,MUN,RN|PARNAMIRIM,glp,10,109.45,104.49,110.0,99.9,110.0
2026-07,MUN,RO|ARIQUEMES,glp,7,128.0,124.956,132.4,124.89,133.0
2026-07,MUN,RO|CACOAL,glp,7,138.0,135.0,141.3,135.0,144.0
2026-07,MUN,RO|JI-PARANA,glp,6,126.5,121.5,135.5,120.0,136.0
2026-07,MUN,RO|PIMENTA BUENO,glp,4,147.5,147.0,149.4,147.0,150.0
2026-07,MUN,RO|PORTO VELHO,glp,22,121.75,113.5,131.5,112.0,139.0
2026-07,MUN,RO|VILHENA,glp,7,130.0,124.994,134.2,117.5,136.0
2026-07,MUN,RR|BOA VISTA,glp,21,143.0,135.0,151.0,130.0,156.0
2026-07,MUN,RS|ALEGRETE,glp,7,115.0,111.5,122.0,110.0,125.0
2026-07,MUN,RS|ALVORADA,glp,6,110.0,104.75,110.0,103.0,110.0
2026-07,MUN,RS|BAGE,glp,8,122.5,118.0,126.2,118.0,129.0
2026-07,MUN,RS|BENTO GONCALVES,glp,7,128.0,121.0,131.6,115.0,134.0
2026-07,MUN,RS|CACHOEIRA DO SUL,glp,6,115.0,115.0,117.5,115.0,120.0
2026-07,MUN,RS|CACHOEIRINHA,glp,7,118.0,112.996,120.0,109.99,120.0
2026-07,MUN,RS|CANOAS,glp,15,110.0,105.0,115.0,104.9,115.0
2026-07,MUN,RS|CAXIAS DO SUL,glp,17,122.0,115.0,126.97,110.0,135.0
2026-07,MUN,RS|CRUZ ALTA,glp,7,97.0,95.0,99.0,95.0,99.0
2026-07,MUN,RS|ERECHIM,glp,9,136.0,128.0,140.0,120.0,140.0
2026-07,MUN,RS|ESTEIO,glp,7,115.0,110.0,122.6,110.0,126.5
2026-07,MUN,RS|GRAMADO,glp,6,132.5,125.0,136.5,125.0,138.0
2026-07,MUN,RS|GRAVATAI,glp,9,115.0,104.998,121.0,104.99,125.0
2026-07,MUN,RS|GUAIBA,glp,7,108.0,99.9,110.8,99.9,112.0
2026-07,MUN,RS|IJUI,glp,7,114.9,108.396,126.74,105.99,137.0
2026-07,MUN,RS|LAJEADO,glp,5,125.0,122.0,130.0,120.0,130.0
2026-07,MUN,RS|NOVO HAMBURGO,glp,10,105.0,100.0,105.95,100.0,110.0
2026-07,MUN,RS|OSORIO,glp,7,110.0,106.196,118.4,103.49,119.9
2026-07,MUN,RS|PASSO FUNDO,glp,10,125.0,120.0,128.2,120.0,130.0
2026-07,MUN,RS|PELOTAS,glp,15,119.0,116.74,125.4,113.0,131.0
2026-07,MUN,RS|PORTO ALEGRE,glp,15,116.5,107.0,132.96,105.0,135.0
2026-07,MUN,RS|SANTA CRUZ DO SUL,glp,9,125.0,117.4,125.2,107.0,126.0
2026-07,MUN,RS|SANTA MARIA,glp,14,118.45,111.5,120.0,109.9,125.0
2026-07,MUN,RS|SANTANA DO LIVRAMENTO,glp,7,120.0,117.5,135.0,117.5,135.0
2026-07,MUN,RS|SANTO ANGELO,glp,4,127.0,117.993,133.2,114.99,135.0
2026-07,MUN,RS|SAO GABRIEL,glp,5,125.0,120.8,127.4,118.0,129.0
2026-07,MUN,RS|SAO LEOPOLDO,glp,7,105.0,99.2,110.0,98.0,110.0
2026-07,MUN,RS|SAO LUIZ GONZAGA,glp,6,110.0,105.0,119.0,105.0,120.0
2026-07,MUN,RS|SAPIRANGA,glp,7,115.0,106.5,117.8,97.5,122.0
2026-07,MUN,RS|SAPUCAIA DO SUL,glp,8,113.0,105.0,118.0,105.0,118.0
2026-07,MUN,RS|TORRES,glp,3,120.0,115.992,125.6,114.99,127.0
2026-07,MUN,RS|URUGUAIANA,glp,7,125.0,125.0,145.4,125.0,161.0
2026-07,MUN,RS|VACARIA,glp,7,125.0,119.8,128.0,118.0,128.0
2026-07,MUN,RS|VIAMAO,glp,7,119.9,106.0,122.0,106.0,125.0
2026-07,MUN,SC|ARARANGUA,glp,5,110.0,109.988,116.396,109.98,120.0
2026-07,MUN,SC|BLUMENAU,glp,8,134.725,128.493,139.927,125.0,139.99
2026-07,MUN,SC|BRUSQUE,glp,3,125.0,125.0,136.992,125.0,139.99
2026-07,MUN,SC|CACADOR,glp,6,130.0,118.75,140.0,115.0,145.0
2026-07,MUN,SC|CHAPECO,glp,9,132.5,124.9,141.0,124.9,145.0
2026-07,MUN,SC|CONCORDIA,glp,7,112.5,103.995,124.0,102.495,130.0
2026-07,MUN,SC|CRICIUMA,glp,5,110.0,107.0,121.0,105.0,125.0
2026-07,MUN,SC|FLORIANOPOLIS,glp,6,132.0,122.45,139.0,119.9,139.0
2026-07,MUN,SC|ITAJAI,glp,11,128.0,112.0,129.99,112.0,135.0
2026-07,MUN,SC|JOINVILLE,glp,10,122.5,114.5,126.1,110.0,136.0
2026-07,MUN,SC|LAGUNA,glp,7,115.0,109.996,122.0,109.99,125.0
2026-07,MUN,SC|MAFRA,glp,2,114.95,114.91,114.99,114.9,115.0
2026-07,MUN,SC|SAO JOSE,glp,10,124.495,119.25,126.4,112.5,130.0
2026-07,MUN,SC|TUBARAO,glp,7,110.0,106.0,120.0,100.0,120.0
2026-07,MUN,SC|VIDEIRA,glp,6,125.995,115.0,130.0,110.0,133.0
2026-07,MUN,SC|XANXERE,glp,5,115.0,112.0,119.9,110.0,119.9
2026-07,MUN,SE|ARACAJU,glp,15,114.9,110.0,114.96,105.0,115.0
2026-07,MUN,SE|ITABAIANA,glp,7,115.0,110.0,118.0,110.0,118.0
2026-07,MUN,SE|LAGARTO,glp,6,115.0,115.0,115.0,115.0,115.0
2026-07,MUN,SE|NOSSA SENHORA DO SOCORRO,glp,9,110.0,109.0,113.0,105.0,117.0
2026-07,MUN,SP|ADAMANTINA,glp,7,104.98,99.9,107.8,99.9,109.0
2026-07,MUN,SP|AMERICANA,glp,7,117.0,104.99,122.0,104.99,125.0
2026-07,MUN,SP|ARACATUBA,glp,15,110.0,101.594,111.2,95.99,115.0
2026-07,MUN,SP|ARARAQUARA,glp,12,117.5,114.991,125.0,110.0,125.0
2026-07,MUN,SP|ARARAS,glp,7,112.0,110.4,118.2,108.0,123.0
2026-07,MUN,SP|ASSIS,glp,8,116.5,107.9,120.0,107.9,120.0
2026-07,MUN,SP|ATIBAIA,glp,8,120.0,112.8,135.0,110.0,135.0
2026-07,MUN,SP|BARRETOS,glp,6,108.75,105.0,115.0,105.0,115.0
2026-07,MUN,SP|BARUERI,glp,9,115.0,111.598,129.992,109.99,130.0
2026-07,MUN,SP|BAURU,glp,10,115.0,104.5,118.2,100.0,120.0
2026-07,MUN,SP|BEBEDOURO,glp,6,125.0,122.5,125.0,120.0,125.0
2026-07,MUN,SP|BIRIGUI,glp,9,110.0,98.392,110.0,92.0,110.0
2026-07,MUN,SP|BRAGANCA PAULISTA,glp,10,115.495,109.0,119.909,109.0,119.99
2026-07,MUN,SP|CACAPAVA,glp,6,105.0,89.248,110.0,79.0,110.0
2026-07,MUN,SP|CAMPINAS,glp,13,115.0,114.99,127.99,114.99,129.99
2026-07,MUN,SP|CARAGUATATUBA,glp,5,105.0,101.994,112.936,99.99,114.9
2026-07,MUN,SP|CARAPICUIBA,glp,6,109.995,104.99,122.495,99.99,130.0
2026-07,MUN,SP|CATANDUVA,glp,5,112.5,101.954,117.4,99.99,119.0
2026-07,MUN,SP|COSMOPOLIS,glp,6,102.495,99.99,104.99,99.99,104.99
2026-07,MUN,SP|COTIA,glp,7,119.99,114.99,126.636,114.99,129.09
2026-07,MUN,SP|CRUZEIRO,glp,7,97.99,94.99,102.0,94.99,105.0
2026-07,MUN,SP|CUBATAO,glp,7,122.5,118.796,129.9,116.99,129.9
2026-07,MUN,SP|DIADEMA,glp,8,116.5,109.99,121.5,109.99,125.0
2026-07,MUN,SP|EMBU DAS ARTES,glp,9,115.0,108.918,121.592,104.99,128.0
2026-07,MUN,SP|FRANCA,glp,11,119.995,119.9,122.0,112.445,127.9
2026-07,MUN,SP|GARCA,glp,6,135.0,128.75,135.0,122.5,135.0
2026-07,MUN,SP|GUARATINGUETA,glp,6,97.45,87.495,110.0,79.99,115.0
2026-07,MUN,SP|GUARUJA,glp,6,119.995,100.0,130.0,100.0,130.0
2026-07,MUN,SP|GUARULHOS,glp,12,110.0,104.991,114.69,95.0,125.0
2026-07,MUN,SP|HORTOLANDIA,glp,8,104.99,94.99,104.993,94.99,105.0
2026-07,MUN,SP|IBITINGA,glp,7,115.0,110.0,117.0,110.0,120.0
2026-07,MUN,SP|INDAIATUBA,glp,6,120.995,117.0,124.0,115.0,125.0
2026-07,MUN,SP|ITANHAEM,glp,7,115.0,99.996,120.0,99.99,120.0
2026-07,MUN,SP|ITAPECERICA DA SERRA,glp,7,119.99,115.936,121.996,109.99,124.99
2026-07,MUN,SP|ITAPETININGA,glp,2,132.495,130.499,134.491,130.0,134.99
2026-07,MUN,SP|ITAPEVA,glp,2,117.495,111.491,123.499,109.99,125.0
2026-07,MUN,SP|ITAPIRA,glp,5,119.99,116.996,121.2,115.0,122.0
2026-07,MUN,SP|ITAPOLIS,glp,7,135.0,133.0,135.0,130.0,135.0
2026-07,MUN,SP|ITAQUAQUECETUBA,glp,11,97.99,94.99,104.99,89.99,105.0
2026-07,MUN,SP|ITATIBA,glp,5,110.0,109.4,113.0,109.0,115.0
2026-07,MUN,SP|ITU,glp,5,115.0,112.0,120.0,110.0,120.0
2026-07,MUN,SP|JABOTICABAL,glp,5,99.9,98.754,104.996,97.99,105.0
2026-07,MUN,SP|JACAREI,glp,9,114.0,93.792,119.992,89.0,120.0
2026-07,MUN,SP|JALES,glp,6,115.0,107.5,119.975,105.0,120.0
2026-07,MUN,SP|JAU,glp,6,110.0,104.75,126.45,104.5,137.9
2026-07,MUN,SP|JUNDIAI,glp,9,125.0,111.6,128.4,110.0,130.0
2026-07,MUN,SP|LEME,glp,3,105.0,105.0,113.0,105.0,115.0
2026-07,MUN,SP|LIMEIRA,glp,9,102.495,99.998,110.0,99.99,110.0
2026-07,MUN,SP|LINS,glp,7,110.0,92.996,121.5,89.99,127.5
2026-07,MUN,SP|LORENA,glp,6,96.0,92.5,103.725,90.0,110.0
2026-07,MUN,SP|MARILIA,glp,8,135.0,130.0,141.3,130.0,142.0
2026-07,MUN,SP|MATAO,glp,2,112.495,98.491,126.499,94.99,130.0
2026-07,MUN,SP|MAUA,glp,10,115.0,114.24,120.0,107.49,120.0
2026-07,MUN,SP|MOCOCA,glp,7,120.0,114.99,125.5,114.99,130.0
2026-07,MUN,SP|MOGI DAS CRUZES,glp,5,115.0,108.8,117.0,108.0,117.0
2026-07,MUN,SP|MOGI GUACU,glp,5,125.0,120.0,125.0,120.0,125.0
2026-07,MUN,SP|MOGI MIRIM,glp,5,120.0,115.0,125.0,115.0,125.0
2026-07,MUN,SP|MONTE ALTO,glp,7,110.0,106.0,120.4,100.0,124.0
2026-07,MUN,SP|OLIMPIA,glp,7,95.0,95.0,96.2,95.0,98.0
2026-07,MUN,SP|OSASCO,glp,13,109.99,104.99,119.99,94.99,124.99
2026-07,MUN,SP|OURINHOS,glp,6,110.0,105.95,120.0,102.0,122.0
2026-07,MUN,SP|PARAGUACU PAULISTA,glp,4,125.0,121.5,125.0,120.0,125.0
2026-07,MUN,SP|PAULINIA,glp,6,119.99,114.995,120.0,114.99,120.0
2026-07,MUN,SP|PIRACICABA,glp,11,110.0,99.99,120.0,99.99,120.0
2026-07,MUN,SP|PIRASSUNUNGA,glp,7,115.0,109.9,122.6,109.9,128.0
2026-07,MUN,SP|POA,glp,7,110.0,105.19,114.99,97.99,114.99
2026-07,MUN,SP|PORTO FERREIRA,glp,4,114.0,109.5,117.1,108.0,118.0
2026-07,MUN,SP|PRAIA GRANDE,glp,10,125.5,117.79,129.91,115.99,130.0
2026-07,MUN,SP|PRESIDENTE PRUDENTE,glp,12,117.45,99.991,125.0,99.99,128.0
2026-07,MUN,SP|RIBEIRAO PIRES,glp,7,100.0,97.936,120.0,94.99,120.0
2026-07,MUN,SP|RIBEIRAO PRETO,glp,9,115.0,109.998,126.0,109.99,130.0
2026-07,MUN,SP|RIO CLARO,glp,1,103.0,103.0,103.0,103.0,103.0
2026-07,MUN,SP|SALTO,glp,4,110.495,101.493,117.397,99.99,118.0
2026-07,MUN,SP|SANTO ANDRE,glp,10,115.995,104.49,125.49,99.99,129.99
2026-07,MUN,SP|SANTOS,glp,9,129.9,125.0,149.92,125.0,150.0
2026-07,MUN,SP|SAO BERNARDO DO CAMPO,glp,5,140.0,126.996,149.996,125.0,150.0
2026-07,MUN,SP|SAO CAETANO DO SUL,glp,4,119.99,119.99,119.997,119.99,120.0
2026-07,MUN,SP|SAO CARLOS,glp,14,133.0,123.246,137.8,122.0,139.0
2026-07,MUN,SP|SAO JOAO DA BOA VISTA,glp,7,115.0,114.2,115.0,113.0,115.0
2026-07,MUN,SP|SAO JOSE DO RIO PRETO,glp,21,120.0,115.0,130.0,113.0,145.0
2026-07,MUN,SP|SAO JOSE DOS CAMPOS,glp,15,103.0,81.99,119.996,79.99,120.0
2026-07,MUN,SP|SAO PAULO,glp,44,117.495,105.0,135.493,99.99,144.99
2026-07,MUN,SP|SAO VICENTE,glp,10,119.95,109.99,129.9,109.99,129.9
2026-07,MUN,SP|SERTAOZINHO,glp,4,106.49,99.69,112.597,96.99,115.0
2026-07,MUN,SP|SOROCABA,glp,15,119.99,115.0,127.94,107.99,132.0
2026-07,MUN,SP|SUMARE,glp,9,99.99,97.39,105.99,94.99,109.99
2026-07,MUN,SP|SUZANO,glp,10,110.75,94.49,119.099,89.99,119.99
2026-07,MUN,SP|TABOAO DA SERRA,glp,7,115.0,107.994,119.99,105.0,119.99
2026-07,MUN,SP|TATUI,glp,5,125.0,125.0,130.0,125.0,130.0
2026-07,MUN,SP|TAUBATE,glp,9,96.99,94.998,103.58,94.99,109.9
2026-07,MUN,SP|TUPA,glp,3,115.0,114.2,127.0,114.0,130.0
2026-07,MUN,SP|UBATUBA,glp,7,105.0,95.18,117.0,87.95,120.0
2026-07,MUN,SP|VALINHOS,glp,6,119.945,113.99,132.995,112.99,140.0
2026-07,MUN,SP|VARZEA PAULISTA,glp,6,107.5,102.495,125.0,99.99,130.0
2026-07,MUN,SP|VINHEDO,glp,7,120.0,109.996,121.996,109.99,124.99
2026-07,MUN,SP|VOTORANTIM,glp,7,115.0,114.594,123.796,114.0,124.99
2026-07,MUN,SP|VOTUPORANGA,glp,10,115.0,109.499,119.1,104.99,120.0
2026-07,MUN,TO|ARAGUAINA,glp,12,135.0,135.0,135.0,130.0,135.0
2026-07,MUN,TO|GURUPI,glp,8,135.0,129.25,145.0,127.5,145.0
2026-07,MUN,TO|PALMAS,glp,14,135.0,129.3,138.5,125.0,141.0
2026-07,MUN,TO|PARAISO DO TOCANTINS,glp,7,135.0,133.0,140.9,130.0,146.0
2026-07,UF,AC,glp,25,125.0,117.6,134.0,115.0,135.0
2026-07,UF,AL,glp,47,105.0,99.99,115.0,86.99,120.0
2026-07,UF,AM,glp,78,126.0,124.0,136.3,120.0,146.0
2026-07,UF,AP,glp,14,126.0,115.9,138.8,111.0,140.0
2026-07,UF,BA,glp,180,115.0,100.0,135.0,89.99,150.0
2026-07,UF,CE,glp,62,120.0,101.649,129.85,97.0,135.0
2026-07,UF,DF,glp,33,108.99,99.99,110.0,95.0,115.99
2026-07,UF,ES,glp,80,105.0,98.99,115.2,92.99,120.0
2026-07,UF,GO,glp,164,115.0,100.0,125.0,84.0,138.0
2026-07,UF,MA,glp,84,129.99,118.0,130.0,99.99,140.0
2026-07,UF,MG,glp,425,110.0,99.99,126.8,84.99,145.0
2026-07,UF,MS,glp,65,119.0,109.0,133.398,100.0,151.0
2026-07,UF,MT,glp,91,130.0,115.0,145.0,95.0,145.0
2026-07,UF,PA,glp,105,118.0,102.594,135.0,85.0,140.0
2026-07,UF,PB,glp,57,110.0,105.0,120.0,92.99,125.0
2026-07,UF,PE,glp,137,100.0,95.0,116.4,88.89,130.0
2026-07,UF,PI,glp,44,113.995,110.0,120.0,100.0,137.99
2026-07,UF,PR,glp,256,110.0,100.0,125.0,94.99,135.0
2026-07,UF,RJ,glp,224,104.99,90.0,125.0,80.0,151.99
2026-07,UF,RN,glp,41,113.5,105.0,120.0,97.0,130.0
2026-07,UF,RO,glp,53,128.0,119.2,139.4,112.0,150.0
2026-07,UF,RR,glp,21,143.0,135.0,151.0,130.0,156.0
2026-07,UF,RS,glp,278,118.0,105.0,130.0,95.0,161.0
2026-07,UF,SC,glp,107,124.9,110.0,137.8,100.0,145.0
2026-07,UF,SE,glp,37,114.9,110.0,115.0,105.0,118.0
2026-07,UF,SP,glp,767,115.0,99.99,129.936,79.0,150.0
2026-07,UF,TO,glp,41,135.0,130.0,141.0,125.0,146.0
2026-08,BR,BR,glp,3548,115.0,99.99,130.0,77.99,161.0
2026-08,MUN,AC|CRUZEIRO DO SUL,glp,1,130.0,130.0,130.0,130.0,130.0
2026-08,MUN,AC|RIO BRANCO,glp,23,124.0,116.8,134.8,115.0,135.0
2026-08,MUN,AL|ARAPIRACA,glp,8,105.0,101.4,110.0,93.0,110.0
2026-08,MUN,AL|DELMIRO GOUVEIA,glp,4,107.5,98.6,118.5,98.0,120.0
2026-08,MUN,AL|MACEIO,glp,27,105.0,97.994,115.0,86.99,115.0
2026-08,MUN,AL|PALMEIRA DOS INDIOS,glp,3,115.0,111.0,115.0,110.0,115.0
2026-08,MUN,AL|RIO LARGO,glp,7,110.0,106.0,111.2,100.0,113.0
2026-08,MUN,AM|MANACAPURU,glp,7,133.0,128.8,137.6,127.0,140.0
2026-08,MUN,AM|MANAUS,glp,69,126.0,125.0,137.2,120.0,146.0
2026-08,MUN,AM|PARINTINS,glp,7,120.0,120.0,130.4,120.0,140.0
2026-08,MUN,AP|MACAPA,glp,12,126.0,118.2,135.9,115.0,136.0
2026-08,MUN,AP|SANTANA,glp,3,137.0,135.4,137.0,135.0,137.0
2026-08,MUN,BA|ALAGOINHAS,glp,7,115.0,111.0,118.16,105.0,119.9
2026-08,MUN,BA|BARREIRAS,glp,7,135.0,135.0,135.0,135.0,135.0
2026-08,MUN,BA|BRUMADO,glp,4,115.0,115.0,118.5,115.0,120.0
2026-08,MUN,BA|CAETITE,glp,7,105.0,100.0,105.0,100.0,105.0
2026-08,MUN,BA|EUNAPOLIS,glp,7,110.0,103.8,112.0,102.0,115.0
2026-08,MUN,BA|FEIRA DE SANTANA,glp,3,100.0,98.392,100.0,97.99,100.0
2026-08,MUN,BA|GUANAMBI,glp,8,110.0,108.5,111.5,105.0,115.0
2026-08,MUN,BA|ILHEUS,glp,7,134.99,132.3,150.0,132.0,150.0
2026-08,MUN,BA|IPIRA,glp,4,115.0,103.1,115.0,98.0,115.0
2026-08,MUN,BA|IRECE,glp,5,120.0,120.0,120.0,120.0,120.0
2026-08,MUN,BA|ITABUNA,glp,6,110.0,110.0,116.0,110.0,122.0
2026-08,MUN,BA|ITAMARAJU,glp,7,102.5,100.0,110.0,100.0,110.0
2026-08,MUN,BA|JACOBINA,glp,5,139.0,135.0,140.8,135.0,142.0
2026-08,MUN,BA|JAGUAQUARA,glp,7,110.0,110.0,110.0,110.0,110.0
2026-08,MUN,BA|JEQUIE,glp,7,99.99,99.99,119.0,99.99,125.0
2026-08,MUN,BA|JUAZEIRO,glp,3,110.0,102.0,110.0,100.0,110.0
2026-08,MUN,BA|LIVRAMENTO DE NOSSA SENHORA,glp,4,115.0,111.5,118.5,110.0,120.0
2026-08,MUN,BA|PAULO AFONSO,glp,7,110.0,110.0,113.0,110.0,113.0
2026-08,MUN,BA|POCOES,glp,7,105.0,103.0,113.0,100.0,117.5
2026-08,MUN,BA|PORTO SEGURO,glp,2,117.5,111.5,123.5,110.0,125.0
2026-08,MUN,BA|SALVADOR,glp,27,115.0,110.0,132.2,105.0,135.0
2026-08,MUN,BA|SANTO ANTONIO DE JESUS,glp,7,110.0,110.0,129.8,110.0,137.0
2026-08,MUN,BA|SENHOR DO BONFIM,glp,3,125.0,121.0,125.0,120.0,125.0
2026-08,MUN,BA|SERRINHA,glp,7,125.0,123.0,135.0,120.0,135.0
2026-08,MUN,BA|TEIXEIRA DE FREITAS,glp,8,95.25,93.497,97.15,89.99,97.5
2026-08,MUN,BA|VALENCA,glp,4,125.0,116.5,130.0,115.0,130.0
2026-08,MUN,BA|VITORIA DA CONQUISTA,glp,9,115.0,109.598,128.4,107.99,138.0
2026-08,MUN,CE|CANINDE,glp,2,113.995,102.791,125.199,99.99,128.0
2026-08,MUN,CE|CAUCAIA,glp,10,115.0,102.99,123.3,102.99,135.0
2026-08,MUN,CE|CRATEUS,glp,4,122.5,120.0,125.0,120.0,125.0
2026-08,MUN,CE|FORTALEZA,glp,21,112.5,105.0,123.0,99.99,135.0
2026-08,MUN,CE|ICO,glp,4,124.5,121.2,130.6,120.0,133.0
2026-08,MUN,CE|IGUATU,glp,7,125.0,121.8,125.396,120.0,125.99
2026-08,MUN,CE|ITAPIPOCA,glp,7,115.0,97.0,132.0,97.0,135.0
2026-08,MUN,CE|JUAZEIRO DO NORTE,glp,10,120.0,120.0,120.0,120.0,120.0
2026-08,MUN,CE|LIMOEIRO DO NORTE,glp,6,130.0,110.0,130.0,110.0,130.0
2026-08,MUN,CE|QUIXADA,glp,7,120.0,111.396,120.0,105.99,120.0
2026-08,MUN,CE|SOBRAL,glp,5,110.0,102.0,118.0,100.0,118.0
2026-08,MUN,DF|BRASILIA,glp,33,106.995,98.99,110.0,94.99,115.99
2026-08,MUN,ES|ARACRUZ,glp,7,105.0,101.497,118.8,100.0,120.0
2026-08,MUN,ES|CACHOEIRO DE ITAPEMIRIM,glp,8,104.995,101.397,108.0,99.99,115.0
2026-08,MUN,ES|CARIACICA,glp,8,100.0,99.397,103.0,97.99,110.0
2026-08,MUN,ES|COLATINA,glp,7,108.0,97.994,110.0,95.0,110.0
2026-08,MUN,ES|GUARAPARI,glp,7,109.99,109.792,117.7,109.495,118.0
2026-08,MUN,ES|LINHARES,glp,8,115.0,110.0,120.0,110.0,120.0
2026-08,MUN,ES|SAO MATEUS,glp,2,119.99,119.99,119.99,119.99,119.99
2026-08,MUN,ES|SERRA,glp,13,99.0,95.0,105.792,92.99,110.0
2026-08,MUN,ES|VILA VELHA,glp,13,100.0,100.0,109.6,100.0,115.0
2026-08,MUN,ES|VITORIA,glp,6,100.0,97.495,107.5,96.99,115.0
2026-08,MUN,GO|AGUAS LINDAS DE GOIAS,glp,13,110.0,95.99,115.0,94.99,118.0
2026-08,MUN,GO|ANAPOLIS,glp,18,115.0,115.0,115.0,110.0,115.0
2026-08,MUN,GO|APARECIDA DE GOIANIA,glp,19,110.0,99.998,120.0,95.0,125.0
2026-08,MUN,GO|CALDAS NOVAS,glp,10,119.0,108.8,120.0,98.0,120.0
2026-08,MUN,GO|CATALAO,glp,7,115.0,105.0,120.8,105.0,122.0
2026-08,MUN,GO|FORMOSA,glp,7,110.0,106.8,122.0,105.0,125.0
2026-08,MUN,GO|GOIANIA,glp,20,115.0,105.0,125.0,100.0,125.0
2026-08,MUN,GO|ITUMBIARA,glp,7,120.0,115.0,122.0,115.0,125.0
2026-08,MUN,GO|LUZIANIA,glp,10,109.0,98.044,115.0,84.99,115.0
2026-08,MUN,GO|MINEIROS,glp,6,138.0,138.0,138.0,138.0,138.0
2026-08,MUN,GO|MORRINHOS,glp,3,115.0,94.2,115.0,89.0,115.0
2026-08,MUN,GO|PORANGATU,glp,7,120.0,118.0,125.0,115.0,125.0
2026-08,MUN,GO|RIO VERDE,glp,9,120.0,99.99,135.0,99.99,135.0
2026-08,MUN,GO|TRINDADE,glp,14,102.5,91.497,110.0,84.0,130.0
2026-08,MUN,GO|VALPARAISO DE GOIAS,glp,9,109.0,104.998,110.0,104.99,110.0
2026-08,MUN,MA|ACAILANDIA,glp,6,123.75,120.0,135.0,120.0,140.0
2026-08,MUN,MA|BACABAL,glp,7,130.0,124.998,130.0,124.995,130.0
2026-08,MUN,MA|BALSAS,glp,6,130.0,130.0,130.0,130.0,130.0
2026-08,MUN,MA|BARRA DO CORDA,glp,7,125.0,125.0,125.0,125.0,125.0
2026-08,MUN,MA|CODO,glp,7,118.0,118.0,120.0,118.0,120.0
2026-08,MUN,MA|IMPERATRIZ,glp,11,120.0,115.0,120.0,110.0,120.0
2026-08,MUN,MA|PINHEIRO,glp,7,135.0,129.96,140.0,129.9,140.0
2026-08,MUN,MA|PRESIDENTE DUTRA,glp,4,116.5,115.0,122.9,115.0,125.0
2026-08,MUN,MA|SAO JOSE DE RIBAMAR,glp,9,130.0,127.198,130.0,119.99,130.0
2026-08,MUN,MA|SAO LUIS,glp,29,130.0,127.99,130.0,115.0,138.0
2026-08,MUN,MG|ALFENAS,glp,7,110.0,97.998,112.0,94.995,115.0
2026-08,MUN,MG|ARAGUARI,glp,7,105.0,100.0,108.8,100.0,110.0
2026-08,MUN,MG|ARAXA,glp,7,110.0,106.8,110.0,105.0,110.0
2026-08,MUN,MG|BARBACENA,glp,5,110.0,104.0,114.8,100.0,118.0
2026-08,MUN,MG|BELO HORIZONTE,glp,25,110.0,101.396,130.8,94.99,145.0
2026-08,MUN,MG|BETIM,glp,13,115.0,101.0,129.0,90.0,133.0
2026-08,MUN,MG|BOM DESPACHO,glp,8,100.0,98.5,112.97,95.0,119.9
2026-08,MUN,MG|CAMPO BELO,glp,7,115.0,115.0,115.0,115.0,115.0
2026-08,MUN,MG|CARATINGA,glp,7,120.0,115.0,127.0,115.0,130.0
2026-08,MUN,MG|CONGONHAS,glp,6,107.5,104.995,116.5,104.99,120.0
2026-08,MUN,MG|CONSELHEIRO LAFAIETE,glp,7,98.0,94.0,106.0,92.5,115.0
2026-08,MUN,MG|CONTAGEM,glp,17,115.0,104.19,129.0,99.99,135.0
2026-08,MUN,MG|CORONEL FABRICIANO,glp,7,127.5,116.0,133.5,110.0,135.0
2026-08,MUN,MG|CURVELO,glp,7,100.0,99.6,117.0,99.0,120.0
2026-08,MUN,MG|DIVINOPOLIS,glp,10,102.25,94.49,111.0,89.99,120.0
2026-08,MUN,MG|FORMIGA,glp,7,118.0,113.0,122.6,110.0,125.0
2026-08,MUN,MG|FRUTAL,glp,6,101.5,91.495,110.0,90.0,110.0
2026-08,MUN,MG|GOVERNADOR VALADARES,glp,9,125.0,116.4,130.0,110.0,130.0
2026-08,MUN,MG|GUAXUPE,glp,6,101.25,92.0,105.0,92.0,105.0
2026-08,MUN,MG|IPATINGA,glp,4,125.0,107.5,129.9,100.0,132.0
2026-08,MUN,MG|ITAJUBA,glp,7,105.0,96.398,109.0,93.995,115.0
2026-08,MUN,MG|ITAUNA,glp,7,125.0,116.0,130.0,110.0,130.0
2026-08,MUN,MG|ITUIUTABA,glp,7,105.0,95.996,116.2,89.99,118.0
2026-08,MUN,MG|JANAUBA,glp,7,125.0,123.8,125.0,122.0,125.0
2026-08,MUN,MG|JANUARIA,glp,7,135.0,131.0,138.0,128.0,138.0
2026-08,MUN,MG|JOAO MONLEVADE,glp,7,110.0,108.0,114.0,105.0,120.0
2026-08,MUN,MG|JOAO PINHEIRO,glp,7,110.0,102.6,120.0,99.0,120.0
2026-08,MUN,MG|JUIZ DE FORA,glp,15,99.99,85.796,110.0,84.99,115.0
2026-08,MUN,MG|LAVRAS,glp,6,109.995,99.45,132.5,99.0,145.0
2026-08,MUN,MG|LEOPOLDINA,glp,7,107.0,102.994,117.0,100.0,120.0
2026-08,MUN,MG|MONTE CARMELO,glp,6,110.0,101.5,110.0,95.0,110.0
2026-08,MUN,MG|MONTES CLAROS,glp,23,120.0,101.192,125.0,97.0,130.0
2026-08,MUN,MG|MURIAE,glp,6,107.5,102.495,110.0,99.99,110.0
2026-08,MUN,MG|NOVA LIMA,glp,6,110.5,100.0,127.0,100.0,134.0
2026-08,MUN,MG|OLIVEIRA,glp,5,110.0,103.2,120.0,100.0,120.0
2026-08,MUN,MG|OURO PRETO,glp,4,109.0,99.13,109.7,94.9,110.0
2026-08,MUN,MG|PARA DE MINAS,glp,7,100.0,95.59,116.8,94.99,127.0
2026-08,MUN,MG|PARACATU,glp,7,115.0,111.0,130.0,105.0,130.0
2026-08,MUN,MG|PASSOS,glp,7,110.0,107.994,117.0,105.0,120.0
2026-08,MUN,MG|PATROCINIO,glp,7,110.0,110.0,113.6,110.0,119.0
2026-08,MUN,MG|POCOS DE CALDAS,glp,7,125.0,121.0,125.0,118.0,125.0
2026-08,MUN,MG|SABARA,glp,6,127.5,112.5,132.5,105.0,135.0
2026-08,MUN,MG|SAO JOAO DEL REI,glp,7,110.0,109.996,110.0,109.99,110.0
2026-08,MUN,MG|SAO SEBASTIAO DO PARAISO,glp,8,110.0,101.997,120.0,94.99,120.0
2026-08,MUN,MG|SETE LAGOAS,glp,8,106.995,94.997,116.5,94.99,120.0
2026-08,MUN,MG|TEOFILO OTONI,glp,7,130.0,119.0,130.0,110.0,130.0
2026-08,MUN,MG|TIMOTEO,glp,6,116.25,115.0,118.75,115.0,120.0
2026-08,MUN,MG|TRES CORACOES,glp,7,100.0,95.0,104.0,95.0,110.0
2026-08,MUN,MG|UBERABA,glp,11,100.0,95.0,115.0,90.0,120.0
2026-08,MUN,MG|UBERLANDIA,glp,16,99.995,93.945,107.25,87.0,110.0
2026-08,MUN,MG|UNAI,glp,3,130.0,114.0,130.0,110.0,130.0
2026-08,MUN,MG|VARGINHA,glp,7,110.0,96.2,120.0,95.0,120.0
2026-08,MUN,MG|VICOSA,glp,7,120.0,114.0,125.0,112.5,125.0
2026-08,MUN,MS|CAMPO GRANDE,glp,35,115.0,102.0,130.0,100.0,132.0
2026-08,MUN,MS|CORUMBA,glp,6,132.5,129.995,135.0,129.99,135.0
2026-08,MUN,MS|DOURADOS,glp,14,118.5,115.0,137.5,115.0,145.0
2026-08,MUN,MS|PONTA PORA,glp,5,125.0,123.5,132.14,122.5,134.9
2026-08,MUN,MS|TRES LAGOAS,glp,7,130.0,125.0,132.0,125.0,135.0
2026-08,MUN,MT|ALTA FLORESTA,glp,7,136.0,121.0,143.8,115.0,145.0
2026-08,MUN,MT|CACERES,glp,10,125.0,125.0,125.4,125.0,129.0
2026-08,MUN,MT|CUIABA,glp,24,125.5,115.9,135.0,105.0,140.0
2026-08,MUN,MT|RONDONOPOLIS,glp,7,135.0,133.8,142.0,132.0,145.0
2026-08,MUN,MT|SINOP,glp,11,145.0,130.0,145.0,130.0,145.0
2026-08,MUN,MT|SORRISO,glp,9,140.0,135.0,145.0,135.0,145.0
2026-08,MUN,MT|VARZEA GRANDE,glp,20,120.0,101.8,130.0,95.0,135.0
2026-08,MUN,PA|ABAETETUBA,glp,6,113.0,111.5,115.5,110.0,118.0
2026-08,MUN,PA|ALENQUER,glp,2,118.25,116.85,119.65,116.5,120.0
2026-08,MUN,PA|ALTAMIRA,glp,7,135.0,119.194,138.8,118.0,140.0
2026-08,MUN,PA|ANANINDEUA,glp,13,106.995,105.0,115.8,99.0,120.0
2026-08,MUN,PA|BELEM,glp,25,119.0,113.196,130.0,110.0,139.0
2026-08,MUN,PA|BRAGANCA,glp,2,115.0,115.0,115.0,115.0,115.0
2026-08,MUN,PA|CASTANHAL,glp,8,115.0,112.0,120.0,105.0,120.0
2026-08,MUN,PA|CONCEICAO DO ARAGUAIA,glp,5,110.0,110.0,110.0,110.0,110.0
2026-08,MUN,PA|MARABA,glp,8,125.0,120.0,130.75,120.0,132.5
2026-08,MUN,PA|PARAGOMINAS,glp,7,140.0,130.0,140.0,130.0,140.0
2026-08,MUN,PA|PARAUAPEBAS,glp,8,125.0,125.0,131.5,125.0,135.0
2026-08,MUN,PA|SANTAREM,glp,15,91.99,89.7,110.0,85.0,120.0
2026-08,MUN,PB|BAYEUX,glp,6,115.0,115.0,115.0,115.0,115.0
2026-08,MUN,PB|CABEDELO,glp,7,110.0,109.6,120.8,109.0,122.0
2026-08,MUN,PB|CAMPINA GRANDE,glp,9,100.0,96.6,120.0,95.0,120.0
2026-08,MUN,PB|JOAO PESSOA,glp,25,105.0,105.0,118.0,92.99,125.0
2026-08,MUN,PB|PATOS,glp,6,117.25,110.0,120.0,110.0,120.0
2026-08,MUN,PB|SOUSA,glp,3,115.0,115.0,115.0,115.0,115.0
2026-08,MUN,PE|ARARIPINA,glp,7,110.0,110.0,110.0,110.0,110.0
2026-08,MUN,PE|ARCOVERDE,glp,6,100.0,96.5,105.0,95.0,105.0
2026-08,MUN,PE|BELO JARDIM,glp,4,97.5,95.0,101.4,95.0,102.0
2026-08,MUN,PE|CABO DE SANTO AGOSTINHO,glp,7,97.5,90.0,102.0,90.0,105.0
2026-08,MUN,PE|CARUARU,glp,10,95.5,94.5,100.3,90.0,103.0
2026-08,MUN,PE|GARANHUNS,glp,7,115.0,115.0,115.0,115.0,115.0
2026-08,MUN,PE|IGARASSU,glp,7,105.0,100.0,112.0,100.0,115.0
2026-08,MUN,PE|JABOATAO DOS GUARARAPES,glp,10,100.0,94.885,111.0,93.94,120.0
2026-08,MUN,PE|LAJEDO,glp,5,100.0,100.0,103.0,100.0,105.0
2026-08,MUN,PE|OLINDA,glp,11,100.0,95.0,105.0,95.0,110.0
2026-08,MUN,PE|PAULISTA,glp,10,102.495,99.999,106.0,99.99,115.0
2026-08,MUN,PE|PETROLINA,glp,12,116.25,110.0,120.0,103.0,130.0
2026-08,MUN,PE|RECIFE,glp,15,100.0,99.99,106.8,97.0,110.0
2026-08,MUN,PE|SALGUEIRO,glp,5,115.0,115.0,118.0,115.0,120.0
2026-08,MUN,PE|SANTA CRUZ DO CAPIBARIBE,glp,3,110.0,110.0,112.0,110.0,112.5
2026-08,MUN,PE|SERRA TALHADA,glp,6,118.75,115.0,130.0,115.0,130.0
2026-08,MUN,PE|VITORIA DE SANTO ANTAO,glp,7,95.0,95.0,99.994,95.0,100.0
2026-08,MUN,PI|PARNAIBA,glp,7,120.0,119.998,122.0,119.995,125.0
2026-08,MUN,PI|PICOS,glp,7,115.0,107.8,117.0,100.0,120.0
2026-08,MUN,PI|PIRIPIRI,glp,7,115.0,112.994,133.196,110.0,137.99
2026-08,MUN,PI|TERESINA,glp,24,110.0,101.5,118.493,99.99,120.0
2026-08,MUN,PR|APUCARANA,glp,10,110.0,109.99,115.5,109.9,120.0
2026-08,MUN,PR|ARAPONGAS,glp,8,110.0,99.9,110.9,99.9,113.0
2026-08,MUN,PR|ARAUCARIA,glp,10,105.0,103.0,107.75,103.0,110.0
2026-08,MUN,PR|CAMBE,glp,7,120.0,115.0,135.0,115.0,135.0
2026-08,MUN,PR|CAMPO LARGO,glp,8,105.0,103.17,110.6,98.9,112.0
2026-08,MUN,PR|CAMPO MOURAO,glp,7,125.0,125.0,129.6,125.0,132.0
2026-08,MUN,PR|CASCAVEL,glp,15,115.0,110.0,120.0,100.0,123.0
2026-08,MUN,PR|CASTRO,glp,7,123.0,117.94,125.0,115.0,125.0
2026-08,MUN,PR|CIANORTE,glp,7,120.0,109.457,131.94,104.9,135.0
2026-08,MUN,PR|COLOMBO,glp,14,103.945,95.0,110.0,94.99,115.0
2026-08,MUN,PR|CORNELIO PROCOPIO,glp,5,125.0,116.0,125.0,110.0,125.0
2026-08,MUN,PR|CURITIBA,glp,41,109.99,99.9,115.0,97.0,119.9
2026-08,MUN,PR|FOZ DO IGUACU,glp,16,110.0,102.5,120.0,99.99,120.0
2026-08,MUN,PR|FRANCISCO BELTRAO,glp,7,125.0,124.0,125.0,122.5,125.0
2026-08,MUN,PR|GUARAPUAVA,glp,9,115.0,109.6,116.8,108.0,120.0
2026-08,MUN,PR|LONDRINA,glp,15,115.0,105.8,124.196,100.0,135.0
2026-08,MUN,PR|MARINGA,glp,10,116.0,99.999,130.5,99.99,135.0
2026-08,MUN,PR|PARANAGUA,glp,7,105.0,100.0,110.0,100.0,110.0
2026-08,MUN,PR|PARANAVAI,glp,7,104.99,102.9,104.99,99.9,104.99
2026-08,MUN,PR|PATO BRANCO,glp,8,130.0,122.0,138.25,115.0,140.0
2026-08,MUN,PR|PONTA GROSSA,glp,6,117.5,112.45,120.0,110.0,120.0
2026-08,MUN,PR|SAO JOSE DOS PINHAIS,glp,14,102.475,96.47,105.0,95.0,107.5
2026-08,MUN,PR|TOLEDO,glp,10,109.9,100.0,130.0,100.0,130.0
2026-08,MUN,PR|UMUARAMA,glp,7,120.0,110.36,129.0,107.9,135.0
2026-08,MUN,PR|UNIAO DA VITORIA,glp,7,110.0,110.0,125.0,110.0,128.0
2026-08,MUN,RJ|ANGRA DOS REIS,glp,7,135.0,130.0,135.0,130.0,135.0
2026-08,MUN,RJ|ARARUAMA,glp,7,94.99,89.99,105.0,89.99,105.0
2026-08,MUN,RJ|BARRA DO PIRAI,glp,6,106.0,94.995,108.995,90.0,110.0
2026-08,MUN,RJ|BARRA MANSA,glp,7,104.99,99.99,110.754,99.99,111.9
2026-08,MUN,RJ|CABO FRIO,glp,3,99.99,87.998,99.99,85.0,99.99
2026-08,MUN,RJ|CAMPOS DOS GOYTACAZES,glp,10,102.995,99.691,105.0,97.0,105.0
2026-08,MUN,RJ|DUQUE DE CAXIAS,glp,14,99.995,92.64,108.493,89.99,110.0
2026-08,MUN,RJ|ITABORAI,glp,10,114.99,114.99,115.0,114.99,115.0
2026-08,MUN,RJ|ITAPERUNA,glp,7,120.0,120.0,122.0,120.0,125.0
2026-08,MUN,RJ|MACAE,glp,7,145.0,145.0,150.796,145.0,151.99
2026-08,MUN,RJ|MARICA,glp,7,97.0,89.2,106.6,85.0,109.0
2026-08,MUN,RJ|NILOPOLIS,glp,7,120.0,110.0,122.0,110.0,122.0
2026-08,MUN,RJ|NITEROI,glp,6,90.0,84.995,106.945,80.0,118.9
2026-08,MUN,RJ|NOVA FRIBURGO,glp,7,115.0,100.596,115.0,96.99,115.0
2026-08,MUN,RJ|PETROPOLIS,glp,7,109.99,89.996,118.0,89.99,118.0
2026-08,MUN,RJ|RESENDE,glp,6,126.0,125.0,127.0,125.0,127.0
2026-08,MUN,RJ|RIO BONITO,glp,7,90.0,90.0,94.994,90.0,95.0
2026-08,MUN,RJ|RIO DE JANEIRO,glp,25,99.99,86.996,105.0,80.0,113.0
2026-08,MUN,RJ|SANTO ANTONIO DE PADUA,glp,4,110.0,94.5,117.1,90.0,118.0
2026-08,MUN,RJ|SAO GONCALO,glp,14,106.995,99.99,110.0,99.99,115.0
2026-08,MUN,RJ|SAO JOAO DE MERITI,glp,3,97.0,92.992,103.4,91.99,105.0
2026-08,MUN,RJ|SAQUAREMA,glp,7,96.99,93.8,98.2,92.0,100.0
2026-08,MUN,RJ|TRES RIOS,glp,7,99.995,97.99,100.998,94.99,102.495
2026-08,MUN,RJ|VALENCA,glp,6,102.5,100.0,110.0,100.0,110.0
2026-08,MUN,RJ|VOLTA REDONDA,glp,8,104.99,93.427,108.59,89.99,109.99
2026-08,MUN,RN|CAICO,glp,6,120.0,112.495,120.0,104.99,120.0
2026-08,MUN,RN|MOSSORO,glp,8,119.5,115.0,120.6,115.0,122.0
2026-08,MUN,RN|NATAL,glp,17,115.0,108.0,123.2,97.0,130.0
2026-08,MUN,RN|PARNAMIRIM,glp,7,109.0,106.68,110.0,105.45,110.0
2026-08,MUN,RO|ARIQUEMES,glp,7,128.0,124.923,132.1,124.89,133.0
2026-08,MUN,RO|CACOAL,glp,7,136.0,135.5,141.0,135.5,144.0
2026-08,MUN,RO|JI-PARANA,glp,10,124.0,117.7,135.0,115.0,135.0
2026-08,MUN,RO|PIMENTA BUENO,glp,4,147.5,147.0,149.4,147.0,150.0
2026-08,MUN,RO|PORTO VELHO,glp,21,125.0,113.0,130.0,112.0,139.0
2026-08,MUN,RO|VILHENA,glp,7,130.0,124.994,133.4,117.5,134.0
2026-08,MUN,RR|BOA VISTA,glp,23,142.0,130.0,150.8,130.0,156.0
2026-08,MUN,RS|ALEGRETE,glp,7,115.0,110.0,122.0,110.0,125.0
2026-08,MUN,RS|ALVORADA,glp,6,110.0,110.0,112.5,110.0,115.0
2026-08,MUN,RS|BAGE,glp,8,122.5,118.0,126.2,118.0,129.0
2026-08,MUN,RS|BENTO GONCALVES,glp,7,128.0,119.8,130.0,115.0,130.0
2026-08,MUN,RS|CACHOEIRA DO SUL,glp,6,115.0,115.0,117.5,115.0,120.0
2026-08,MUN,RS|CACHOEIRINHA,glp,7,120.0,113.596,122.0,109.99,125.0
2026-08,MUN,RS|CANOAS,glp,15,110.0,105.0,115.0,99.9,115.0
2026-08,MUN,RS|CAXIAS DO SUL,glp,17,122.0,115.0,131.16,113.5,135.0
2026-08,MUN,RS|CRUZ ALTA,glp,7,99.0,95.0,99.0,95.0,99.0
2026-08,MUN,RS|ERECHIM,glp,9,136.0,128.0,140.0,120.0,140.0
2026-08,MUN,RS|ESTEIO,glp,7,115.0,110.0,122.0,110.0,125.0
2026-08,MUN,RS|GRAMADO,glp,6,132.5,125.0,136.5,125.0,138.0
2026-08,MUN,RS|GRAVATAI,glp,9,113.0,104.998,121.0,104.99,125.0
2026-08,MUN,RS|GUAIBA,glp,7,104.9,99.9,110.8,99.9,112.0
2026-08,MUN,RS|IJUI,glp,7,112.99,107.936,126.74,104.99,137.0
2026-08,MUN,RS|LAJEADO,glp,5,130.0,122.0,133.0,120.0,135.0
2026-08,MUN,RS|NOVO HAMBURGO,glp,10,105.0,100.0,106.4,100.0,110.0
2026-08,MUN,RS|OSORIO,glp,7,110.0,104.194,116.9,100.0,119.9
2026-08,MUN,RS|PASSO FUNDO,glp,12,124.0,120.0,127.7,116.95,130.0
2026-08,MUN,RS|PELOTAS,glp,15,119.0,116.74,125.4,115.0,131.0
2026-08,MUN,RS|PORTO ALEGRE,glp,15,115.0,107.024,132.96,105.0,135.0
2026-08,MUN,RS|SANTA CRUZ DO SUL,glp,9,125.0,111.0,125.2,107.0,126.0
2026-08,MUN,RS|SANTA MARIA,glp,15,119.0,112.0,120.0,109.9,125.0
2026-08,MUN,RS|SANTA ROSA,glp,7,130.0,125.9,140.8,125.0,145.0
2026-08,MUN,RS|SANTANA DO LIVRAMENTO,glp,7,125.0,119.0,135.0,117.5,135.0
2026-08,MUN,RS|SANTO ANGELO,glp,4,127.0,117.993,133.2,114.99,135.0
2026-08,MUN,RS|SAO GABRIEL,glp,1,125.0,125.0,125.0,125.0,125.0
2026-08,MUN,RS|SAO LEOPOLDO,glp,7,105.0,96.8,110.0,95.0,110.0
2026-08,MUN,RS|SAO LUIZ GONZAGA,glp,6,110.0,102.5,122.5,100.0,125.0
2026-08,MUN,RS|SAPIRANGA,glp,7,110.0,97.7,117.8,95.0,122.0
2026-08,MUN,RS|SAPUCAIA DO SUL,glp,8,112.0,105.0,118.0,105.0,118.0
2026-08,MUN,RS|TORRES,glp,3,120.0,111.992,125.6,109.99,127.0
2026-08,MUN,RS|URUGUAIANA,glp,7,130.0,125.0,145.4,125.0,161.0
2026-08,MUN,RS|VACARIA,glp,7,122.0,119.2,128.0,118.0,128.0
2026-08,MUN,RS|VIAMAO,glp,7,119.9,105.7,122.0,105.25,125.0
2026-08,MUN,SC|ARARANGUA,glp,5,110.0,109.988,113.396,109.98,115.0
2026-08,MUN,SC|BLUMENAU,glp,8,134.95,128.493,141.493,125.0,145.0
2026-08,MUN,SC|BRUSQUE,glp,3,125.0,125.0,136.992,125.0,139.99
2026-08,MUN,SC|CACADOR,glp,6,127.498,117.5,140.0,115.0,145.0
2026-08,MUN,SC|CHAPECO,glp,9,135.0,124.9,141.0,124.9,145.0
2026-08,MUN,SC|CONCORDIA,glp,7,115.0,105.996,126.0,99.99,135.0
2026-08,MUN,SC|CRICIUMA,glp,6,112.5,107.5,120.0,105.0,125.0
2026-08,MUN,SC|FLORIANOPOLIS,glp,6,127.475,122.175,137.0,119.9,139.0
2026-08,MUN,SC|ITAJAI,glp,11,128.0,112.0,129.99,112.0,135.0
2026-08,MUN,SC|JOINVILLE,glp,10,122.5,114.5,126.1,110.0,136.0
2026-08,MUN,SC|LAGUNA,glp,7,115.0,108.994,122.0,107.5,125.0
2026-08,MUN,SC|MAFRA,glp,2,115.0,115.0,115.0,115.0,115.0
2026-08,MUN,SC|SAO JOSE,glp,10,125.0,120.0,128.2,120.0,130.0
2026-08,MUN,SC|TUBARAO,glp,7,110.0,106.0,120.0,100.0,120.0
2026-08,MUN,SC|VIDEIRA,glp,5,127.0,115.996,130.6,110.0,133.0
2026-08,MUN,SC|XANXERE,glp,5,115.0,112.0,119.9,110.0,119.9
2026-08,MUN,SE|ARACAJU,glp,15,114.9,110.0,115.0,105.0,115.0
2026-08,MUN,SE|ITABAIANA,glp,7,115.0,110.0,118.0,110.0,118.0
2026-08,MUN,SE|LAGARTO,glp,6,115.0,115.0,115.0,115.0,115.0
2026-08,MUN,SE|NOSSA SENHORA DO SOCORRO,glp,9,110.0,109.0,113.0,105.0,117.0
2026-08,MUN,SP|ADAMANTINA,glp,7,101.74,99.54,105.0,99.0,105.0
2026-08,MUN,SP|AMERICANA,glp,7,115.0,104.99,121.0,104.99,122.5
2026-08,MUN,SP|ARACATUBA,glp,15,109.995,101.99,110.6,95.99,115.0
2026-08,MUN,SP|ARARAQUARA,glp,13,115.0,110.998,124.6,109.99,125.0
2026-08,MUN,SP|ARARAS,glp,7,109.0,104.6,114.6,104.0,123.0
2026-08,MUN,SP|ASSIS,glp,8,116.5,105.5,120.0,99.9,120.0
2026-08,MUN,SP|ATIBAIA,glp,8,120.0,113.493,135.0,110.0,135.0
2026-08,MUN,SP|BARRETOS,glp,6,107.5,105.0,115.0,105.0,115.0
2026-08,MUN,SP|BARUERI,glp,9,115.0,111.598,129.992,109.99,130.0
2026-08,MUN,SP|BAURU,glp,10,115.0,104.0,118.2,95.0,120.0
2026-08,MUN,SP|BEBEDOURO,glp,6,125.0,122.5,125.0,120.0,125.0
2026-08,MUN,SP|BIRIGUI,glp,9,110.0,98.992,113.0,95.0,115.0
2026-08,MUN,SP|BRAGANCA PAULISTA,glp,10,116.995,109.891,119.991,109.0,120.0
2026-08,MUN,SP|CACAPAVA,glp,6,106.0,78.495,110.0,77.99,110.0
2026-08,MUN,SP|CAMPINAS,glp,13,115.0,114.99,127.99,114.99,129.99
2026-08,MUN,SP|CARAGUATATUBA,glp,4,107.495,101.493,113.427,99.99,114.9
2026-08,MUN,SP|CARAPICUIBA,glp,9,109.99,103.99,117.992,99.99,130.0
2026-08,MUN,SP|CATANDUVA,glp,2,107.5,105.5,109.5,105.0,110.0
2026-08,MUN,SP|COSMOPOLIS,glp,6,102.495,99.99,104.99,99.99,104.99
2026-08,MUN,SP|COTIA,glp,7,119.99,114.99,126.636,114.99,129.09
2026-08,MUN,SP|CRUZEIRO,glp,7,95.0,88.996,102.0,88.99,105.0
2026-08,MUN,SP|CUBATAO,glp,7,120.0,118.0,129.9,115.0,129.9
2026-08,MUN,SP|DIADEMA,glp,8,115.0,103.49,121.5,99.99,125.0
2026-08,MUN,SP|EMBU DAS ARTES,glp,9,117.45,108.998,121.592,104.99,128.0
2026-08,MUN,SP|FRANCA,glp,11,119.99,112.0,120.0,104.99,127.9
2026-08,MUN,SP|GARCA,glp,6,135.0,125.0,135.0,120.0,135.0
2026-08,MUN,SP|GUARATINGUETA,glp,6,95.0,82.445,110.0,79.99,115.0
2026-08,MUN,SP|GUARUJA,glp,7,129.99,100.0,130.0,100.0,130.0
2026-08,MUN,SP|GUARULHOS,glp,12,109.995,100.49,114.491,95.0,122.495
2026-08,MUN,SP|HORTOLANDIA,glp,8,104.99,103.49,106.497,99.99,109.99
2026-08,MUN,SP|IBITINGA,glp,7,112.0,110.0,117.0,110.0,120.0
2026-08,MUN,SP|INDAIATUBA,glp,6,120.995,117.0,124.0,115.0,125.0
2026-08,MUN,SP|ITANHAEM,glp,6,115.0,99.995,120.0,99.99,120.0
2026-08,MUN,SP|ITAPECERICA DA SERRA,glp,7,119.99,115.936,121.996,109.99,124.99
2026-08,MUN,SP|ITAPETININGA,glp,2,134.99,134.99,134.99,134.99,134.99
2026-08,MUN,SP|ITAPIRA,glp,5,119.99,116.996,121.2,115.0,122.0
2026-08,MUN,SP|ITAPOLIS,glp,7,135.0,133.0,136.0,130.0,137.5
2026-08,MUN,SP|ITAQUAQUECETUBA,glp,11,94.99,94.99,104.99,89.99,105.0
2026-08,MUN,SP|ITATIBA,glp,6,110.0,109.45,112.5,109.0,115.0
2026-08,MUN,SP|ITU,glp,5,115.0,112.0,120.0,110.0,120.0
2026-08,MUN,SP|JABOTICABAL,glp,6,102.445,97.45,110.5,95.0,116.0
2026-08,MUN,SP|JACAREI,glp,9,114.0,93.792,124.9,89.0,124.9
2026-08,MUN,SP|JALES,glp,6,115.0,107.5,119.975,105.0,120.0
2026-08,MUN,SP|JAU,glp,6,112.5,108.5,127.95,107.0,137.9
2026-08,MUN,SP|JOSE BONIFACIO,glp,7,115.0,110.0,125.0,110.0,125.0
2026-08,MUN,SP|JUNDIAI,glp,9,125.0,111.6,128.4,110.0,130.0
2026-08,MUN,SP|LEME,glp,3,105.0,105.0,113.0,105.0,115.0
2026-08,MUN,SP|LIMEIRA,glp,9,102.495,99.99,110.0,99.99,110.0
2026-08,MUN,SP|LINS,glp,7,110.0,92.996,127.5,89.99,127.5
2026-08,MUN,SP|LORENA,glp,6,96.0,92.5,104.95,90.0,110.0
2026-08,MUN,SP|MARILIA,glp,8,135.0,130.0,140.6,130.0,142.0
2026-08,MUN,SP|MATAO,glp,8,109.995,89.99,129.3,89.99,130.0
2026-08,MUN,SP|MAUA,glp,10,114.995,98.99,120.0,89.99,120.0
2026-08,MUN,SP|MOCOCA,glp,7,114.99,103.693,118.5,94.99,120.0
2026-08,MUN,SP|MOGI DAS CRUZES,glp,5,115.0,108.8,117.0,108.0,117.0
2026-08,MUN,SP|MOGI GUACU,glp,5,125.0,120.0,125.0,120.0,125.0
2026-08,MUN,SP|MOGI MIRIM,glp,5,120.0,110.0,125.0,110.0,125.0
2026-08,MUN,SP|MONTE ALTO,glp,7,110.0,106.0,120.4,100.0,124.0
2026-08,MUN,SP|OLIMPIA,glp,6,95.0,95.0,100.0,95.0,100.0
2026-08,MUN,SP|OSASCO,glp,13,110.0,100.998,119.99,94.99,124.99
2026-08,MUN,SP|OURINHOS,glp,6,109.95,105.95,120.0,102.0,122.0
2026-08,MUN,SP|PARAGUACU PAULISTA,glp,4,125.0,121.5,125.0,120.0,125.0
2026-08,MUN,SP|PAULINIA,glp,6,119.99,105.0,119.998,105.0,120.0
2026-08,MUN,SP|PIRACICABA,glp,11,110.0,99.99,120.0,99.99,120.0
2026-08,MUN,SP|PIRASSUNUNGA,glp,7,115.0,109.9,122.6,109.9,128.0
2026-08,MUN,SP|POA,glp,7,110.0,105.19,114.99,97.99,114.99
2026-08,MUN,SP|PORTO FERREIRA,glp,4,114.0,109.5,117.1,108.0,118.0
2026-08,MUN,SP|PRAIA GRANDE,glp,10,124.5,115.691,129.91,113.0,130.0
2026-08,MUN,SP|PRESIDENTE PRUDENTE,glp,12,117.45,99.991,124.79,99.99,125.0
2026-08,MUN,SP|RIBEIRAO PIRES,glp,9,120.0,98.918,140.0,94.99,140.0
2026-08,MUN,SP|RIBEIRAO PRETO,glp,9,120.0,109.998,126.0,109.99,130.0
2026-08,MUN,SP|RIO CLARO,glp,1,103.0,103.0,103.0,103.0,103.0
2026-08,MUN,SP|SALTO,glp,4,110.495,101.493,118.797,99.99,120.0
2026-08,MUN,SP|SANTO ANDRE,glp,10,118.49,109.49,125.49,104.99,129.99
2026-08,MUN,SP|SANTOS,glp,9,129.9,124.0,149.92,120.0,150.0
2026-08,MUN,SP|SAO BERNARDO DO CAMPO,glp,5,140.0,126.996,149.996,125.0,150.0
2026-08,MUN,SP|SAO CAETANO DO SUL,glp,4,119.99,119.99,119.997,119.99,120.0
2026-08,MUN,SP|SAO CARLOS,glp,14,133.0,125.0,137.8,122.0,139.0
2026-08,MUN,SP|SAO JOAO DA BOA VISTA,glp,7,115.0,114.2,115.0,113.0,115.0
2026-08,MUN,SP|SAO JOSE DO RIO PRETO,glp,21,120.0,115.0,130.0,111.5,145.0
2026-08,MUN,SP|SAO JOSE DOS CAMPOS,glp,15,103.0,81.99,119.996,79.99,120.0
2026-08,MUN,SP|SAO PAULO,glp,47,115.0,104.99,133.996,99.99,144.99
2026-08,MUN,SP|SAO VICENTE,glp,10,119.9,109.99,129.9,109.99,129.9
2026-08,MUN,SP|SERTAOZINHO,glp,4,106.49,99.69,112.597,96.99,115.0
2026-08,MUN,SP|SOROCABA,glp,15,119.99,115.0,127.94,107.99,132.0
2026-08,MUN,SP|SUMARE,glp,9,99.99,97.39,105.99,94.99,109.99
2026-08,MUN,SP|SUZANO,glp,10,110.75,94.99,119.099,94.99,119.99
2026-08,MUN,SP|TABOAO DA SERRA,glp,7,115.0,107.994,119.99,105.0,119.99
2026-08,MUN,SP|TATUI,glp,7,127.5,125.0,130.0,125.0,130.0
2026-08,MUN,SP|TAUBATE,glp,9,96.99,94.998,103.58,94.99,109.9
2026-08,MUN,SP|TUPA,glp,4,120.0,116.5,122.1,115.0,123.0
2026-08,MUN,SP|UBATUBA,glp,8,107.5,95.785,117.5,85.95,117.5
2026-08,MUN,SP|VALINHOS,glp,6,119.945,109.995,132.995,109.99,140.0
2026-08,MUN,SP|VARZEA PAULISTA,glp,6,110.0,102.495,125.0,99.99,130.0
2026-08,MUN,SP|VINHEDO,glp,7,120.0,109.996,121.996,109.99,124.99
2026-08,MUN,SP|VOTORANTIM,glp,7,115.0,114.594,123.796,114.0,124.99
2026-08,MUN,SP|VOTUPORANGA,glp,10,115.0,109.499,119.1,104.99,120.0
2026-08,MUN,TO|ARAGUAINA,glp,12,135.0,135.0,135.0,130.0,135.0
2026-08,MUN,TO|GURUPI,glp,8,135.0,128.5,145.0,125.0,145.0
2026-08,MUN,TO|PALMAS,glp,2,127.0,125.4,128.6,125.0,129.0
2026-08,MUN,TO|PARAISO DO TOCANTINS,glp,7,135.0,133.0,142.4,130.0,146.0
2026-08,MUN,TO|PORTO NACIONAL,glp,7,130.0,125.0,135.0,125.0,135.0
2026-08,UF,AC,glp,24,124.5,117.2,134.7,115.0,135.0
2026-08,UF,AL,glp,49,110.0,99.592,115.0,86.99,120.0
2026-08,UF,AM,glp,83,126.0,124.0,137.8,120.0,146.0
2026-08,UF,AP,glp,15,135.0,118.8,136.6,115.0,137.0
2026-08,UF,BA,glp,179,113.0,100.0,135.0,89.99,150.0
2026-08,UF,CE,glp,83,120.0,103.392,129.6,97.0,135.0
2026-08,UF,DF,glp,33,106.995,98.99,110.0,94.99,115.99
2026-08,UF,ES,glp,79,105.0,98.792,115.5,92.99,120.0
2026-08,UF,GO,glp,159,115.0,99.998,125.0,84.0,138.0
2026-08,UF,MA,glp,93,129.99,118.38,130.0,110.0,140.0
2026-08,UF,MG,glp,427,110.0,98.0,125.4,84.99,145.0
2026-08,UF,MS,glp,67,120.0,109.0,133.16,100.0,145.0
2026-08,UF,MT,glp,88,130.0,114.997,145.0,95.0,145.0
2026-08,UF,PA,glp,106,115.5,102.5,131.25,85.0,140.0
2026-08,UF,PB,glp,56,109.5,100.0,120.0,92.99,125.0
2026-08,UF,PE,glp,132,102.5,95.0,115.0,90.0,130.0
2026-08,UF,PI,glp,45,113.0,105.0,120.0,99.99,137.99
2026-08,UF,PR,glp,262,110.0,100.0,125.0,94.99,140.0
2026-08,UF,RJ,glp,199,104.99,90.0,125.0,80.0,151.99
2026-08,UF,RN,glp,38,115.0,106.885,120.0,97.0,130.0
2026-08,UF,RO,glp,56,127.5,118.0,139.0,112.0,150.0
2026-08,UF,RR,glp,23,142.0,130.0,150.8,130.0,156.0
2026-08,UF,RS,glp,284,118.0,105.0,130.0,95.0,161.0
2026-08,UF,SC,glp,107,124.9,110.0,136.4,99.99,145.0
2026-08,UF,SE,glp,37,114.9,110.0,115.0,105.0,118.0
2026-08,UF,SP,glp,788,115.0,99.99,129.927,77.99,150.0
2026-08,UF,TO,glp,36,135.0,125.0,140.0,125.0,146.0
2026-09,BR,BR,glp,3613,115.0,99.99,130.0,79.0,161.0
2026-09,MUN,AC|CRUZEIRO DO SUL,glp,1,130.0,130.0,130.0,130.0,130.0
2026-09,MUN,AC|RIO BRANCO,glp,23,124.0,115.0,134.0,114.0,135.0
2026-09,MUN,AL|ARAPIRACA,glp,8,106.25,105.0,110.0,105.0,110.0
2026-09,MUN,AL|DELMIRO GOUVEIA,glp,4,107.5,100.0,118.5,100.0,120.0
2026-09,MUN,AL|MACEIO,glp,28,106.25,105.0,112.9,89.99,120.0
2026-09,MUN,AL|PALMEIRA DOS INDIOS,glp,3,100.0,100.0,104.0,100.0,105.0
2026-09,MUN,AL|RIO LARGO,glp,7,110.0,105.0,111.2,105.0,113.0
2026-09,MUN,AM|MANACAPURU,glp,7,133.0,128.8,137.6,127.0,140.0
2026-09,MUN,AM|MANAUS,glp,66,126.0,125.0,138.0,120.0,146.0
2026-09,MUN,AM|PARINTINS,glp,7,120.0,116.0,126.4,116.0,130.0
2026-09,MUN,AP|MACAPA,glp,13,126.0,118.4,135.8,115.0,136.0
2026-09,MUN,AP|SANTANA,glp,3,135.0,135.0,136.2,135.0,136.5
2026-09,MUN,BA|ALAGOINHAS,glp,7,115.0,113.0,118.196,110.0,119.99
2026-09,MUN,BA|BARREIRAS,glp,7,135.0,135.0,135.0,135.0,135.0
2026-09,MUN,BA|BRUMADO,glp,4,115.0,110.1,118.5,108.0,120.0
2026-09,MUN,BA|CAETITE,glp,7,105.0,103.0,105.0,100.0,105.0
2026-09,MUN,BA|EUNAPOLIS,glp,7,110.0,106.2,112.0,105.0,115.0
2026-09,MUN,BA|FEIRA DE SANTANA,glp,4,100.0,99.993,100.0,99.99,100.0
2026-09,MUN,BA|GUANAMBI,glp,8,110.0,106.0,110.0,102.5,110.0
2026-09,MUN,BA|ILHEUS,glp,7,134.99,129.0,150.0,127.5,150.0
2026-09,MUN,BA|IPIRA,glp,4,115.0,115.0,115.0,115.0,115.0
2026-09,MUN,BA|IRECE,glp,7,120.0,120.0,120.0,120.0,120.0
2026-09,MUN,BA|ITABUNA,glp,6,110.0,107.5,116.0,105.0,122.0
2026-09,MUN,BA|ITAMARAJU,glp,7,102.5,101.5,112.0,100.0,115.0
2026-09,MUN,BA|JACOBINA,glp,5,139.0,135.0,140.8,135.0,142.0
2026-09,MUN,BA|JAGUAQUARA,glp,7,110.0,110.0,110.0,110.0,110.0
2026-09,MUN,BA|JEQUIE,glp,7,99.99,99.99,119.0,99.99,125.0
2026-09,MUN,BA|JUAZEIRO,glp,3,110.0,110.0,110.0,110.0,110.0
2026-09,MUN,BA|LIVRAMENTO DE NOSSA SENHORA,glp,5,115.0,115.0,118.0,115.0,120.0
2026-09,MUN,BA|PAULO AFONSO,glp,7,110.0,110.0,113.8,110.0,115.0
2026-09,MUN,BA|POCOES,glp,7,105.0,103.0,114.3,100.0,120.0
2026-09,MUN,BA|PORTO SEGURO,glp,1,125.0,125.0,125.0,125.0,125.0
2026-09,MUN,BA|SALVADOR,glp,27,115.0,109.996,130.0,100.0,132.0
2026-09,MUN,BA|SANTO ANTONIO DE JESUS,glp,7,110.0,107.998,129.8,104.995,137.0
2026-09,MUN,BA|SENHOR DO BONFIM,glp,3,125.0,121.0,125.0,120.0,125.0
2026-09,MUN,BA|SERRINHA,glp,7,125.0,123.0,135.0,120.0,135.0
2026-09,MUN,BA|TEIXEIRA DE FREITAS,glp,8,95.0,94.697,96.3,93.99,97.0
2026-09,MUN,BA|VALENCA,glp,4,125.0,118.25,130.0,117.5,130.0
2026-09,MUN,BA|VITORIA DA CONQUISTA,glp,9,115.0,106.994,128.4,104.99,138.0
2026-09,MUN,CE|CANINDE,glp,2,113.995,102.791,125.199,99.99,128.0
2026-09,MUN,CE|CAUCAIA,glp,10,107.5,104.491,121.5,100.0,135.0
2026-09,MUN,CE|CRATEUS,glp,4,125.0,121.5,125.0,120.0,125.0
2026-09,MUN,CE|FORTALEZA,glp,22,110.0,105.0,120.0,104.99,135.0
2026-09,MUN,CE|ICO,glp,4,124.5,121.2,130.6,120.0,133.0
2026-09,MUN,CE|IGUATU,glp,7,124.0,118.6,125.396,116.5,125.99
2026-09,MUN,CE|ITAPIPOCA,glp,7,130.0,120.0,132.0,105.0,135.0
2026-09,MUN,CE|JUAZEIRO DO NORTE,glp,10,120.0,120.0,120.0,120.0,120.0
2026-09,MUN,CE|LIMOEIRO DO NORTE,glp,6,130.0,110.0,130.0,110.0,130.0
2026-09,MUN,CE|QUIXADA,glp,7,120.0,111.796,120.0,106.99,120.0
2026-09,MUN,CE|SOBRAL,glp,2,118.0,118.0,118.0,118.0,118.0
2026-09,MUN,DF|BRASILIA,glp,33,105.0,99.99,113.39,98.99,115.99
2026-09,MUN,ES|ARACRUZ,glp,7,105.0,102.996,118.8,99.99,120.0
2026-09,MUN,ES|CACHOEIRO DE ITAPEMIRIM,glp,8,103.745,99.997,111.5,99.99,115.0
2026-09,MUN,ES|CARIACICA,glp,8,100.0,99.397,103.0,97.99,110.0
2026-09,MUN,ES|COLATINA,glp,7,108.0,102.996,110.0,99.99,110.0
2026-09,MUN,ES|GUARAPARI,glp,7,109.99,109.99,117.4,109.99,118.0
2026-09,MUN,ES|LINHARES,glp,9,115.0,110.0,119.2,110.0,120.0
2026-09,MUN,ES|SAO MATEUS,glp,1,119.99,119.99,119.99,119.99,119.99
2026-09,MUN,ES|SERRA,glp,13,99.0,95.0,109.0,94.49,110.99
2026-09,MUN,ES|VILA VELHA,glp,13,100.0,100.0,110.0,97.5,115.0
2026-09,MUN,ES|VITORIA,glp,6,102.5,98.495,110.0,96.99,115.0
2026-09,MUN,GO|AGUAS LINDAS DE GOIAS,glp,13,110.0,97.99,115.0,94.99,118.0
2026-09,MUN,GO|ANAPOLIS,glp,17,115.0,115.0,115.0,112.5,115.0
2026-09,MUN,GO|APARECIDA DE GOIANIA,glp,20,110.0,99.491,120.0,94.99,125.0
2026-09,MUN,GO|CALDAS NOVAS,glp,10,119.0,108.8,120.5,98.0,125.0
2026-09,MUN,GO|CATALAO,glp,7,116.0,105.0,120.8,105.0,122.0
2026-09,MUN,GO|FORMOSA,glp,7,110.0,105.9,122.0,105.0,125.0
2026-09,MUN,GO|GOIANIA,glp,20,115.0,105.0,120.5,100.0,125.0
2026-09,MUN,GO|GOIATUBA,glp,4,120.0,116.493,122.1,114.99,123.0
2026-09,MUN,GO|ITUMBIARA,glp,7,120.0,115.0,125.0,115.0,125.0
2026-09,MUN,GO|LUZIANIA,glp,8,106.995,89.99,115.0,89.99,115.0
2026-09,MUN,GO|MINEIROS,glp,6,138.0,138.0,138.0,138.0,138.0
2026-09,MUN,GO|MORRINHOS,glp,6,105.0,105.0,115.0,105.0,115.0
2026-09,MUN,GO|PORANGATU,glp,7,120.0,118.0,125.0,115.0,125.0
2026-09,MUN,GO|RIO VERDE,glp,9,130.0,117.999,135.0,109.995,135.0
2026-09,MUN,GO|TRINDADE,glp,14,102.5,91.497,110.0,84.0,130.0
2026-09,MUN,GO|VALPARAISO DE GOIAS,glp,9,109.5,104.998,110.0,104.99,110.0
2026-09,MUN,MA|ACAILANDIA,glp,5,125.0,122.0,128.0,120.0,130.0
2026-09,MUN,MA|BACABAL,glp,7,130.0,120.0,130.0,120.0,130.0
2026-09,MUN,MA|BALSAS,glp,6,130.0,130.0,130.0,130.0,130.0
2026-09,MUN,MA|BARRA DO CORDA,glp,7,127.5,125.0,127.5,125.0,127.5
2026-09,MUN,MA|CODO,glp,7,118.0,118.0,120.0,118.0,120.0
2026-09,MUN,MA|IMPERATRIZ,glp,11,120.0,115.0,122.5,110.0,122.5
2026-09,MUN,MA|PINHEIRO,glp,7,135.0,129.96,140.0,129.9,140.0
2026-09,MUN,MA|PRESIDENTE DUTRA,glp,4,118.5,115.9,123.2,115.0,125.0
2026-09,MUN,MA|SAO JOSE DE RIBAMAR,glp,9,130.0,129.8,135.98,129.0,139.9
2026-09,MUN,MA|SAO LUIS,glp,29,130.0,128.992,138.0,119.9,139.99
2026-09,MUN,MG|ALFENAS,glp,7,110.0,98.0,112.0,95.0,115.0
2026-09,MUN,MG|ARAGUARI,glp,7,105.0,100.0,108.8,100.0,110.0
2026-09,MUN,MG|ARAXA,glp,7,115.0,114.0,115.0,112.5,115.0
2026-09,MUN,MG|BARBACENA,glp,5,100.0,100.0,106.0,100.0,110.0
2026-09,MUN,MG|BELO HORIZONTE,glp,25,107.495,99.994,130.8,99.0,145.0
2026-09,MUN,MG|BETIM,glp,13,115.0,101.0,129.8,90.0,133.0
2026-09,MUN,MG|BOM DESPACHO,glp,7,100.0,98.0,115.16,95.0,115.4
2026-09,MUN,MG|CAMPO BELO,glp,7,115.0,115.0,117.0,115.0,120.0
2026-09,MUN,MG|CARATINGA,glp,7,120.0,115.0,127.0,115.0,130.0
2026-09,MUN,MG|CONGONHAS,glp,6,107.5,104.995,116.5,104.99,120.0
2026-09,MUN,MG|CONSELHEIRO LAFAIETE,glp,7,98.0,95.0,106.0,95.0,115.0
2026-09,MUN,MG|CONTAGEM,glp,16,117.45,101.99,132.5,99.99,140.0
2026-09,MUN,MG|CORONEL FABRICIANO,glp,7,125.0,116.0,132.0,110.0,135.0
2026-09,MUN,MG|CURVELO,glp,7,100.0,99.6,117.0,99.0,120.0
2026-09,MUN,MG|DIVINOPOLIS,glp,10,104.0,94.99,113.25,94.99,120.0
2026-09,MUN,MG|FORMIGA,glp,7,118.0,113.0,122.6,110.0,125.0
2026-09,MUN,MG|FRUTAL,glp,6,104.995,94.972,110.0,90.0,110.0
2026-09,MUN,MG|GOVERNADOR VALADARES,glp,9,127.0,116.4,130.0,110.0,130.0
2026-09,MUN,MG|GUAXUPE,glp,6,102.5,100.0,105.0,100.0,105.0
2026-09,MUN,MG|IPATINGA,glp,4,125.0,111.0,129.9,105.0,132.0
2026-09,MUN,MG|ITAJUBA,glp,7,105.0,94.4,109.0,89.0,115.0
2026-09,MUN,MG|ITAUNA,glp,7,126.5,116.0,135.0,110.0,135.0
2026-09,MUN,MG|ITUIUTABA,glp,7,105.0,95.396,116.2,89.99,118.0
2026-09,MUN,MG|JANAUBA,glp,7,125.0,123.8,125.0,122.0,125.0
2026-09,MUN,MG|JANUARIA,glp,7,135.0,131.0,138.0,128.0,138.0
2026-09,MUN,MG|JOAO MONLEVADE,glp,7,110.0,109.0,114.0,107.5,120.0
2026-09,MUN,MG|JOAO PINHEIRO,glp,7,110.0,102.6,120.0,99.0,120.0
2026-09,MUN,MG|JUIZ DE FORA,glp,15,99.99,88.694,110.0,84.99,115.0
2026-09,MUN,MG|LAVRAS,glp,6,112.495,99.45,132.5,99.0,145.0
2026-09,MUN,MG|LEOPOLDINA,glp,7,107.0,102.994,117.0,100.0,120.0
2026-09,MUN,MG|MONTE CARMELO,glp,6,110.0,101.5,110.0,95.0,110.0
2026-09,MUN,MG|MONTES CLAROS,glp,23,120.0,109.992,125.0,97.0,130.0
2026-09,MUN,MG|MURIAE,glp,6,107.5,105.0,110.0,105.0,110.0
2026-09,MUN,MG|NOVA LIMA,glp,5,116.0,109.2,130.94,108.0,134.9
2026-09,MUN,MG|OLIVEIRA,glp,5,120.0,103.2,120.0,100.0,120.0
2026-09,MUN,MG|OURO PRETO,glp,4,110.25,102.965,112.95,99.95,114.0
2026-09,MUN,MG|PARA DE MINAS,glp,7,99.99,97.796,133.0,95.99,160.0
2026-09,MUN,MG|PARACATU,glp,7,115.0,111.0,127.0,105.0,130.0
2026-09,MUN,MG|PASSOS,glp,7,110.0,108.0,117.0,105.0,120.0
2026-09,MUN,MG|PATROCINIO,glp,7,110.0,110.0,115.1,110.0,119.0
2026-09,MUN,MG|POCOS DE CALDAS,glp,7,125.0,121.4,125.0,119.0,125.0
2026-09,MUN,MG|SABARA,glp,6,125.0,112.5,135.0,105.0,135.0
2026-09,MUN,MG|SAO JOAO DEL REI,glp,7,110.0,109.996,110.0,109.99,110.0
2026-09,MUN,MG|SAO SEBASTIAO DO PARAISO,glp,8,110.0,101.997,120.0,94.99,120.0
2026-09,MUN,MG|SETE LAGOAS,glp,8,109.45,95.0,116.5,95.0,120.0
2026-09,MUN,MG|TEOFILO OTONI,glp,7,130.0,119.6,130.0,110.0,130.0
2026-09,MUN,MG|TIMOTEO,glp,7,115.0,111.5,128.0,110.0,140.0
2026-09,MUN,MG|TRES CORACOES,glp,7,100.0,95.0,104.0,95.0,110.0
2026-09,MUN,MG|UBA,glp,1,110.0,110.0,110.0,110.0,110.0
2026-09,MUN,MG|UBERABA,glp,11,100.0,90.0,115.0,90.0,120.0
2026-09,MUN,MG|UBERLANDIA,glp,16,99.995,91.5,112.5,90.0,120.0
2026-09,MUN,MG|UNAI,glp,4,130.0,116.0,130.0,110.0,130.0
2026-09,MUN,MG|VARGINHA,glp,7,105.0,96.2,117.0,95.0,120.0
2026-09,MUN,MG|VICOSA,glp,7,120.0,111.0,120.0,105.0,120.0
2026-09,MUN,MS|CAMPO GRANDE,glp,35,115.0,103.2,130.0,100.0,132.0
2026-09,MUN,MS|CORUMBA,glp,6,132.5,127.495,135.0,125.0,135.0
2026-09,MUN,MS|DOURADOS,glp,14,119.0,115.0,138.1,115.0,145.0
2026-09,MUN,MS|PONTA PORA,glp,6,126.5,120.0,131.95,120.0,134.9
2026-09,MUN,MS|TRES LAGOAS,glp,8,130.0,128.5,135.0,125.0,135.0
2026-09,MUN,MT|ALTA FLORESTA,glp,7,142.5,129.0,145.0,120.0,145.0
2026-09,MUN,MT|CACERES,glp,10,125.0,125.0,125.4,125.0,129.0
2026-09,MUN,MT|CUIABA,glp,24,125.5,115.9,135.0,105.0,140.0
2026-09,MUN,MT|RONDONOPOLIS,glp,7,135.0,133.8,142.0,132.0,145.0
2026-09,MUN,MT|SINOP,glp,11,145.0,130.0,145.0,130.0,145.0
2026-09,MUN,MT|SORRISO,glp,9,135.0,132.994,140.8,124.99,144.0
2026-09,MUN,MT|VARZEA GRANDE,glp,20,118.748,101.8,130.0,95.0,135.0
2026-09,MUN,PA|ABAETETUBA,glp,6,113.0,111.5,115.5,110.0,118.0
2026-09,MUN,PA|ALENQUER,glp,3,115.0,113.4,116.2,113.0,116.5
2026-09,MUN,PA|ALTAMIRA,glp,7,135.0,119.194,138.8,118.0,140.0
2026-09,MUN,PA|ANANINDEUA,glp,13,106.99,100.198,115.8,98.99,117.0
2026-09,MUN,PA|BELEM,glp,25,118.0,113.196,130.0,110.0,139.0
2026-09,MUN,PA|BRAGANCA,glp,5,110.0,109.4,113.0,109.0,115.0
2026-09,MUN,PA|CASTANHAL,glp,8,115.0,115.0,120.0,115.0,120.0
2026-09,MUN,PA|CONCEICAO DO ARAGUAIA,glp,5,110.0,110.0,110.0,110.0,110.0
2026-09,MUN,PA|MARABA,glp,8,125.0,120.0,130.0,120.0,130.0
2026-09,MUN,PA|PARAGOMINAS,glp,7,140.0,130.0,140.0,130.0,140.0
2026-09,MUN,PA|PARAUAPEBAS,glp,6,135.0,130.0,135.0,125.0,135.0
2026-09,MUN,PA|SANTAREM,glp,15,91.99,85.0,108.0,85.0,110.0
2026-09,MUN,PB|BAYEUX,glp,6,115.0,115.0,117.5,115.0,117.5
2026-09,MUN,PB|CABEDELO,glp,7,110.0,110.0,120.0,110.0,120.0
2026-09,MUN,PB|CAMPINA GRANDE,glp,9,105.0,96.6,120.0,95.0,120.0
2026-09,MUN,PB|JOAO PESSOA,glp,25,105.0,105.0,118.0,92.99,125.0
2026-09,MUN,PB|PATOS,glp,6,117.0,112.5,120.0,110.0,120.0
2026-09,MUN,PB|SOUSA,glp,3,115.0,115.0,115.0,115.0,115.0
2026-09,MUN,PE|ARARIPINA,glp,7,110.0,110.0,111.0,110.0,112.5
2026-09,MUN,PE|ARCOVERDE,glp,5,100.0,98.8,100.0,98.0,100.0
2026-09,MUN,PE|BELO JARDIM,glp,4,100.0,96.5,102.45,95.0,103.5
2026-09,MUN,PE|CABO DE SANTO AGOSTINHO,glp,7,90.0,90.0,99.994,90.0,100.0
2026-09,MUN,PE|CARUARU,glp,10,98.0,94.65,102.55,91.5,103.0
2026-09,MUN,PE|GARANHUNS,glp,7,117.5,117.495,117.5,117.495,117.5
2026-09,MUN,PE|GOIANA,glp,1,92.0,92.0,92.0,92.0,92.0
2026-09,MUN,PE|IGARASSU,glp,7,105.0,101.5,112.0,100.0,115.0
2026-09,MUN,PE|JABOATAO DOS GUARARAPES,glp,10,101.25,98.595,111.5,95.49,125.0
2026-09,MUN,PE|LAJEDO,glp,6,102.5,100.0,105.0,100.0,105.0
2026-09,MUN,PE|OLINDA,glp,11,100.0,95.0,105.0,95.0,110.0
2026-09,MUN,PE|PAULISTA,glp,10,104.995,99.999,106.0,99.99,115.0
2026-09,MUN,PE|PETROLINA,glp,12,117.0,110.0,125.4,102.0,130.0
2026-09,MUN,PE|RECIFE,glp,15,100.0,99.99,106.8,97.0,110.0
2026-09,MUN,PE|SALGUEIRO,glp,5,120.0,118.5,120.0,117.5,120.0
2026-09,MUN,PE|SANTA CRUZ DO CAPIBARIBE,glp,4,105.0,105.0,105.0,105.0,105.0
2026-09,MUN,PE|SERRA TALHADA,glp,6,120.0,115.0,130.0,115.0,130.0
2026-09,MUN,PE|VITORIA DE SANTO ANTAO,glp,7,95.0,94.6,99.994,94.0,100.0
2026-09,MUN,PI|PARNAIBA,glp,7,120.0,120.0,122.0,120.0,125.0
2026-09,MUN,PI|PICOS,glp,7,115.0,107.8,117.0,100.0,120.0
2026-09,MUN,PI|PIRIPIRI,glp,7,115.0,110.297,133.196,110.0,137.99
2026-09,MUN,PI|TERESINA,glp,25,110.0,108.5,117.994,102.49,120.0
2026-09,MUN,PR|APUCARANA,glp,10,110.0,109.99,115.5,109.9,120.0
2026-09,MUN,PR|ARAPONGAS,glp,8,110.0,99.9,110.9,99.9,113.0
2026-09,MUN,PR|ARAUCARIA,glp,10,110.0,107.7,115.0,105.0,115.0
2026-09,MUN,PR|CAMBE,glp,7,120.0,115.0,135.0,115.0,135.0
2026-09,MUN,PR|CAMPO LARGO,glp,8,105.5,103.17,115.3,98.9,116.0
2026-09,MUN,PR|CAMPO MOURAO,glp,7,125.0,124.2,129.0,123.0,135.0
2026-09,MUN,PR|CASCAVEL,glp,15,115.0,110.0,121.8,100.0,125.0
2026-09,MUN,PR|CASTRO,glp,7,123.0,120.17,125.0,117.5,125.0
2026-09,MUN,PR|CIANORTE,glp,7,120.0,113.96,131.94,104.9,135.0
2026-09,MUN,PR|COLOMBO,glp,12,107.45,99.1,110.0,98.99,110.0
2026-09,MUN,PR|CORNELIO PROCOPIO,glp,6,125.0,121.25,126.25,117.5,127.5
2026-09,MUN,PR|CURITIBA,glp,41,111.9,105.0,117.99,97.0,119.99
2026-09,MUN,PR|FOZ DO IGUACU,glp,15,110.0,101.96,120.0,99.99,120.0
2026-09,MUN,PR|FRANCISCO BELTRAO,glp,7,130.0,125.0,135.0,125.0,135.0
2026-09,MUN,PR|GUARAPUAVA,glp,9,115.0,111.6,118.4,110.0,120.0
2026-09,MUN,PR|LONDRINA,glp,15,120.0,110.0,124.196,100.0,135.0
2026-09,MUN,PR|MARINGA,glp,12,112.45,99.991,125.0,99.99,130.0
2026-09,MUN,PR|PARANAGUA,glp,7,110.0,105.0,113.5,105.0,115.0
2026-09,MUN,PR|PARANAVAI,glp,7,104.99,103.9,104.99,102.4,104.99
2026-09,MUN,PR|PATO BRANCO,glp,6,130.0,124.95,136.0,124.9,140.0
2026-09,MUN,PR|PONTA GROSSA,glp,7,118.9,116.2,122.0,115.0,125.0
2026-09,MUN,PR|SANTO ANTONIO DA PLATINA,glp,1,121.0,121.0,121.0,121.0,121.0
2026-09,MUN,PR|SAO JOSE DOS PINHAIS,glp,14,105.0,96.5,106.4,95.0,110.0
2026-09,MUN,PR|TOLEDO,glp,10,109.95,100.0,116.5,100.0,130.0
2026-09,MUN,PR|UMUARAMA,glp,7,120.0,110.36,129.0,107.9,135.0
2026-09,MUN,PR|UNIAO DA VITORIA,glp,7,115.0,110.0,125.8,110.0,130.0
2026-09,MUN,RJ|ANGRA DOS REIS,glp,7,133.0,130.0,135.0,130.0,135.0
2026-09,MUN,RJ|ARARUAMA,glp,10,95.0,94.99,105.0,94.99,105.0
2026-09,MUN,RJ|BARRA DO PIRAI,glp,6,106.0,90.0,108.995,90.0,110.0
2026-09,MUN,RJ|BARRA MANSA,glp,7,99.99,99.99,114.74,99.99,119.0
2026-09,MUN,RJ|BELFORD ROXO,glp,6,97.0,92.495,107.495,90.0,109.99
2026-09,MUN,RJ|CABO FRIO,glp,3,99.99,91.998,99.99,90.0,99.99
2026-09,MUN,RJ|CAMPOS DOS GOYTACAZES,glp,10,101.495,99.691,105.5,97.0,105.5
2026-09,MUN,RJ|DUQUE DE CAXIAS,glp,14,100.0,99.993,108.5,93.0,114.99
2026-09,MUN,RJ|ITABORAI,glp,10,119.99,119.99,120.0,119.99,120.0
2026-09,MUN,RJ|ITAPERUNA,glp,7,120.0,120.0,122.0,120.0,125.0
2026-09,MUN,RJ|MACAE,glp,7,150.0,145.0,150.796,145.0,151.99
2026-09,MUN,RJ|MARICA,glp,7,99.99,90.0,106.6,90.0,109.0
2026-09,MUN,RJ|NILOPOLIS,glp,7,116.0,110.0,122.0,110.0,122.0
2026-09,MUN,RJ|NITEROI,glp,6,93.75,84.995,109.445,84.99,118.9
2026-09,MUN,RJ|NOVA FRIBURGO,glp,7,120.0,107.99,120.0,104.99,120.0
2026-09,MUN,RJ|NOVA IGUACU,glp,15,110.0,90.998,125.0,89.99,125.0
2026-09,MUN,RJ|PETROPOLIS,glp,7,109.99,92.996,118.0,89.99,118.0
2026-09,MUN,RJ|RESENDE,glp,6,131.0,130.0,132.0,130.0,132.0
2026-09,MUN,RJ|RIO BONITO,glp,7,95.0,94.996,95.0,94.99,95.0
2026-09,MUN,RJ|RIO DE JANEIRO,glp,25,99.99,89.99,107.8,87.5,113.0
2026-09,MUN,RJ|SANTO ANTONIO DE PADUA,glp,4,102.5,90.0,115.35,90.0,115.5
2026-09,MUN,RJ|SAO GONCALO,glp,14,107.495,100.89,114.997,99.99,115.0
2026-09,MUN,RJ|SAO JOAO DE MERITI,glp,10,98.9,94.99,111.5,94.99,125.0
2026-09,MUN,RJ|SAQUAREMA,glp,8,99.99,97.7,101.493,97.0,105.0
2026-09,MUN,RJ|TRES RIOS,glp,7,100.0,99.996,104.99,99.99,104.99
2026-09,MUN,RJ|VALENCA,glp,6,102.5,100.0,110.0,100.0,110.0
2026-09,MUN,RJ|VOLTA REDONDA,glp,8,104.99,102.227,108.527,95.99,109.99
2026-09,MUN,RN|CAICO,glp,6,120.0,112.495,120.0,104.99,120.0
2026-09,MUN,RN|MOSSORO,glp,8,118.5,115.0,120.0,115.0,120.0
2026-09,MUN,RN|NATAL,glp,17,115.0,108.0,123.2,97.0,130.0
2026-09,MUN,RN|PARNAMIRIM,glp,9,110.0,102.36,110.0,102.0,110.0
2026-09,MUN,RO|ARIQUEMES,glp,4,130.0,128.6,132.1,128.0,133.0
2026-09,MUN,RO|CACOAL,glp,7,136.0,135.5,141.0,135.5,144.0
2026-09,MUN,RO|JI-PARANA,glp,10,122.5,114.999,135.25,114.99,137.5
2026-09,MUN,RO|PIMENTA BUENO,glp,3,148.0,147.2,149.6,147.0,150.0
2026-09,MUN,RO|PORTO VELHO,glp,22,125.0,113.5,129.8,112.0,139.0
2026-09,MUN,RO|VILHENA,glp,7,129.99,117.8,133.4,117.5,134.0
2026-09,MUN,RR|BOA VISTA,glp,23,145.0,135.0,150.8,130.0,156.0
2026-09,MUN,RS|ALEGRETE,glp,7,112.5,111.2,117.0,110.0,120.0
2026-09,MUN,RS|ALVORADA,glp,7,115.0,110.0,115.0,110.0,115.0
2026-09,MUN,RS|BAGE,glp,8,122.5,118.0,126.35,118.0,129.5
2026-09,MUN,RS|BENTO GONCALVES,glp,7,127.0,124.6,130.96,121.0,132.4
2026-09,MUN,RS|CACHOEIRA DO SUL,glp,6,115.0,115.0,117.5,115.0,120.0
2026-09,MUN,RS|CACHOEIRINHA,glp,7,116.0,109.996,120.0,109.99,120.0
2026-09,MUN,RS|CANOAS,glp,15,112.0,103.5,115.0,99.9,115.0
2026-09,MUN,RS|CAXIAS DO SUL,glp,17,122.0,115.0,125.68,115.0,135.0
2026-09,MUN,RS|CRUZ ALTA,glp,7,95.0,95.0,99.198,95.0,99.495
2026-09,MUN,RS|ERECHIM,glp,8,135.75,127.0,141.5,120.0,145.0
2026-09,MUN,RS|ESTEIO,glp,6,115.0,112.5,124.0,110.0,125.0
2026-09,MUN,RS|GRAMADO,glp,6,132.5,125.0,138.5,125.0,142.0
2026-09,MUN,RS|GRAVATAI,glp,9,113.0,104.998,121.0,104.99,125.0
2026-09,MUN,RS|GUAIBA,glp,7,104.9,99.9,110.8,99.9,112.0
2026-09,MUN,RS|IJUI,glp,7,112.99,107.936,127.34,104.99,137.0
2026-09,MUN,RS|LAJEADO,glp,7,130.0,126.5,132.0,125.0,135.0
2026-09,MUN,RS|NOVO HAMBURGO,glp,10,105.0,100.0,106.4,100.0,110.0
2026-09,MUN,RS|OSORIO,glp,7,110.0,105.194,121.96,102.5,124.9
2026-09,MUN,RS|PASSO FUNDO,glp,7,125.0,123.0,130.0,120.0,130.0
2026-09,MUN,RS|PELOTAS,glp,15,120.0,118.0,128.6,118.0,131.0
2026-09,MUN,RS|PORTO ALEGRE,glp,15,115.0,107.048,132.96,105.0,135.0
2026-09,MUN,RS|SANTA CRUZ DO SUL,glp,9,125.0,111.5,126.0,109.5,126.0
2026-09,MUN,RS|SANTA MARIA,glp,15,117.9,110.0,123.0,109.9,124.9
2026-09,MUN,RS|SANTA ROSA,glp,7,130.0,126.8,138.8,125.0,140.0
2026-09,MUN,RS|SANTANA DO LIVRAMENTO,glp,7,135.0,130.0,135.0,130.0,135.0
2026-09,MUN,RS|SANTO ANGELO,glp,4,127.0,117.993,133.2,114.99,135.0
2026-09,MUN,RS|SAO GABRIEL,glp,7,125.0,115.0,126.2,115.0,128.0
2026-09,MUN,RS|SAO LEOPOLDO,glp,7,99.95,98.0,108.8,98.0,110.0
2026-09,MUN,RS|SAO LUIZ GONZAGA,glp,6,110.0,103.75,120.0,102.5,120.0
2026-09,MUN,RS|SAPIRANGA,glp,7,110.0,99.8,117.8,99.5,122.0
2026-09,MUN,RS|SAPUCAIA DO SUL,glp,8,118.0,108.5,118.3,105.0,119.0
2026-09,MUN,RS|TORRES,glp,2,123.5,120.7,126.3,120.0,127.0
2026-09,MUN,RS|URUGUAIANA,glp,7,130.0,125.0,145.4,125.0,161.0
2026-09,MUN,RS|VACARIA,glp,7,122.0,119.2,128.0,118.0,128.0
2026-09,MUN,RS|VIAMAO,glp,7,119.9,109.4,122.0,108.5,125.0
2026-09,MUN,SC|ARARANGUA,glp,5,112.48,110.0,114.396,110.0,115.0
2026-09,MUN,SC|BLUMENAU,glp,8,137.95,128.493,140.735,125.0,142.45
2026-09,MUN,SC|BRUSQUE,glp,3,125.0,125.0,136.992,125.0,139.99
2026-09,MUN,SC|CACADOR,glp,6,125.0,117.495,140.0,115.0,145.0
2026-09,MUN,SC|CHAPECO,glp,9,135.0,126.408,141.0,122.44,145.0
2026-09,MUN,SC|CONCORDIA,glp,7,99.99,94.99,126.0,94.99,135.0
2026-09,MUN,SC|CRICIUMA,glp,5,110.0,107.0,115.0,105.0,115.0
2026-09,MUN,SC|FLORIANOPOLIS,glp,6,119.9,119.9,132.0,119.9,139.0
2026-09,MUN,SC|ITAJAI,glp,11,128.0,112.0,129.99,112.0,135.0
2026-09,MUN,SC|JOINVILLE,glp,10,122.5,115.0,127.45,115.0,136.0
2026-09,MUN,SC|LAGUNA,glp,7,115.0,109.996,122.0,109.99,125.0
2026-09,MUN,SC|MAFRA,glp,2,107.495,101.491,113.499,99.99,115.0
2026-09,MUN,SC|SAO JOSE,glp,10,125.0,120.0,126.2,120.0,128.0
2026-09,MUN,SC|TUBARAO,glp,7,110.0,106.0,117.0,100.0,120.0
2026-09,MUN,SC|VIDEIRA,glp,6,125.995,120.0,131.5,120.0,133.0
2026-09,MUN,SC|XANXERE,glp,4,117.45,115.0,119.9,115.0,119.9
2026-09,MUN,SE|ARACAJU,glp,15,114.9,109.1,114.96,107.5,117.5
2026-09,MUN,SE|ITABAIANA,glp,7,115.0,110.0,118.0,110.0,118.0
2026-09,MUN,SE|LAGARTO,glp,6,115.0,115.0,115.0,115.0,115.0
2026-09,MUN,SE|NOSSA SENHORA DO SOCORRO,glp,9,110.0,109.0,113.0,105.0,117.0
2026-09,MUN,SP|ADAMANTINA,glp,7,100.0,99.34,105.0,98.5,105.0
2026-09,MUN,SP|AMERICANA,glp,6,117.495,115.0,122.5,115.0,125.0
2026-09,MUN,SP|ARACATUBA,glp,15,105.99,101.794,110.0,95.99,115.0
2026-09,MUN,SP|ARARAQUARA,glp,12,119.0,115.0,125.0,114.99,127.0
2026-09,MUN,SP|ARARAS,glp,7,112.0,112.0,118.2,112.0,123.0
2026-09,MUN,SP|ASSIS,glp,8,117.0,105.765,120.0,105.45,120.0
2026-09,MUN,SP|ATIBAIA,glp,8,120.0,113.493,135.0,110.0,135.0
2026-09,MUN,SP|BARRETOS,glp,6,107.5,105.0,115.0,105.0,115.0
2026-09,MUN,SP|BARUERI,glp,9,115.0,111.598,129.992,109.99,130.0
2026-09,MUN,SP|BAURU,glp,10,115.0,110.0,120.1,110.0,121.0
2026-09,MUN,SP|BEBEDOURO,glp,6,125.0,122.5,125.0,120.0,125.0
2026-09,MUN,SP|BIRIGUI,glp,9,110.0,99.192,116.0,96.0,120.0
2026-09,MUN,SP|BOTUCATU,glp,3,105.0,105.0,105.0,105.0,105.0
2026-09,MUN,SP|BRAGANCA PAULISTA,glp,10,116.995,109.0,119.991,109.0,120.0
2026-09,MUN,SP|CACAPAVA,glp,6,106.0,81.495,110.0,79.0,110.0
2026-09,MUN,SP|CAMPINAS,glp,13,119.99,115.49,128.49,114.99,129.99
2026-09,MUN,SP|CARAGUATATUBA,glp,5,109.99,102.994,112.94,99.99,114.9
2026-09,MUN,SP|CARAPICUIBA,glp,9,109.99,103.99,117.992,99.99,130.0
2026-09,MUN,SP|CATANDUVA,glp,6,110.0,102.498,119.5,99.995,120.0
2026-09,MUN,SP|COSMOPOLIS,glp,6,102.495,99.99,104.99,99.99,104.99
2026-09,MUN,SP|COTIA,glp,7,119.99,114.99,126.636,114.99,129.09
2026-09,MUN,SP|CRUZEIRO,glp,7,95.0,88.996,102.0,88.99,105.0
2026-09,MUN,SP|CUBATAO,glp,7,122.0,116.0,129.9,110.0,129.9
2026-09,MUN,SP|DIADEMA,glp,8,114.995,99.99,121.493,99.99,125.0
2026-09,MUN,SP|EMBU DAS ARTES,glp,9,119.9,104.99,125.6,104.99,128.0
2026-09,MUN,SP|FRANCA,glp,11,120.0,114.9,127.0,104.99,127.9
2026-09,MUN,SP|GARCA,glp,6,140.0,130.0,140.0,125.0,140.0
2026-09,MUN,SP|GUARATINGUETA,glp,6,97.45,92.5,112.5,90.0,115.0
2026-09,MUN,SP|GUARUJA,glp,7,117.5,105.0,130.0,105.0,130.0
2026-09,MUN,SP|GUARULHOS,glp,12,109.995,100.49,116.741,95.0,125.0
2026-09,MUN,SP|HORTOLANDIA,glp,8,104.99,103.49,109.99,99.99,109.99
2026-09,MUN,SP|IBITINGA,glp,7,112.0,112.0,123.6,112.0,135.0
2026-09,MUN,SP|INDAIATUBA,glp,6,122.5,117.495,126.5,115.0,130.0
2026-09,MUN,SP|ITANHAEM,glp,7,115.0,99.996,120.0,99.99,120.0
2026-09,MUN,SP|ITAPECERICA DA SERRA,glp,7,119.99,117.936,126.996,114.99,129.99
2026-09,MUN,SP|ITAPEVA,glp,6,114.995,109.99,120.225,109.99,120.45
2026-09,MUN,SP|ITAPIRA,glp,5,119.99,116.996,121.2,115.0,122.0
2026-09,MUN,SP|ITAPOLIS,glp,7,135.0,129.6,137.0,129.0,140.0
2026-09,MUN,SP|ITAQUAQUECETUBA,glp,11,94.99,94.99,104.99,89.99,105.0
2026-09,MUN,SP|ITATIBA,glp,6,110.0,109.45,112.5,109.0,115.0
2026-09,MUN,SP|ITU,glp,5,115.0,115.0,120.0,115.0,120.0
2026-09,MUN,SP|JABOTICABAL,glp,6,104.995,102.445,110.5,99.99,116.0
2026-09,MUN,SP|JACAREI,glp,9,114.0,93.792,124.9,89.0,124.9
2026-09,MUN,SP|JALES,glp,6,115.0,107.5,119.975,105.0,120.0
2026-09,MUN,SP|JAU,glp,6,112.5,108.5,126.45,107.0,137.9
2026-09,MUN,SP|JOSE BONIFACIO,glp,7,115.0,110.0,125.0,110.0,125.0
2026-09,MUN,SP|JUNDIAI,glp,9,125.0,111.596,128.9,110.0,132.5
2026-09,MUN,SP|LEME,glp,3,105.0,105.0,113.0,105.0,115.0
2026-09,MUN,SP|LIMEIRA,glp,9,105.0,104.499,110.0,102.495,110.0
2026-09,MUN,SP|LINS,glp,7,110.0,92.996,124.0,89.99,130.0
2026-09,MUN,SP|LORENA,glp,6,98.45,92.5,105.0,90.0,110.0
2026-09,MUN,SP|MARILIA,glp,8,137.0,130.0,141.05,130.0,143.5
2026-09,MUN,SP|MATAO,glp,8,113.75,108.493,130.0,105.0,130.0
2026-09,MUN,SP|MAUA,glp,10,114.99,94.49,120.0,89.99,120.0
2026-09,MUN,SP|MOCOCA,glp,7,114.99,89.59,115.0,88.99,115.0
2026-09,MUN,SP|MOGI DAS CRUZES,glp,5,117.0,112.0,117.0,110.0,117.0
2026-09,MUN,SP|MOGI GUACU,glp,5,125.0,120.0,125.0,120.0,125.0
2026-09,MUN,SP|MOGI MIRIM,glp,6,120.0,110.0,122.5,110.0,125.0
2026-09,MUN,SP|MONTE ALTO,glp,7,110.0,103.0,120.4,100.0,124.0
2026-09,MUN,SP|OLIMPIA,glp,6,95.0,93.0,98.25,92.0,100.0
2026-09,MUN,SP|OSASCO,glp,14,109.995,96.493,119.997,94.99,124.99
2026-09,MUN,SP|OURINHOS,glp,6,110.475,105.95,120.0,102.0,122.0
2026-09,MUN,SP|PARAGUACU PAULISTA,glp,4,122.5,120.0,125.0,120.0,125.0
2026-09,MUN,SP|PAULINIA,glp,6,119.995,109.995,122.495,105.0,124.99
2026-09,MUN,SP|PIRACICABA,glp,11,105.0,99.9,120.0,94.99,120.0
2026-09,MUN,SP|PIRASSUNUNGA,glp,7,115.0,109.9,122.6,109.9,128.0
2026-09,MUN,SP|POA,glp,7,110.0,105.19,115.394,97.99,116.0
2026-09,MUN,SP|PORTO FERREIRA,glp,4,114.0,109.5,117.1,108.0,118.0
2026-09,MUN,SP|PRAIA GRANDE,glp,10,125.0,117.79,129.91,115.99,130.0
2026-09,MUN,SP|PRESIDENTE PRUDENTE,glp,12,117.45,102.491,124.79,102.49,125.0
2026-09,MUN,SP|RIBEIRAO PIRES,glp,8,112.5,98.427,128.997,94.99,149.99
2026-09,MUN,SP|RIBEIRAO PRETO,glp,9,120.0,109.998,126.0,109.99,130.0
2026-09,MUN,SP|RIO CLARO,glp,1,103.0,103.0,103.0,103.0,103.0
2026-09,MUN,SP|SALTO,glp,4,111.498,101.493,118.698,99.99,119.0
2026-09,MUN,SP|SANTO ANDRE,glp,10,118.49,104.99,125.49,104.99,129.99
2026-09,MUN,SP|SANTOS,glp,9,129.9,124.0,149.92,120.0,150.0
2026-09,MUN,SP|SAO BERNARDO DO CAMPO,glp,5,149.99,126.996,149.996,125.0,150.0
2026-09,MUN,SP|SAO CAETANO DO SUL,glp,4,119.99,119.99,119.997,119.99,120.0
2026-09,MUN,SP|SAO CARLOS,glp,14,133.5,128.0,137.8,126.0,139.0
2026-09,MUN,SP|SAO JOAO DA BOA VISTA,glp,7,115.0,114.2,115.0,113.0,115.0
2026-09,MUN,SP|SAO JOSE DO RIO PRETO,glp,21,129.0,115.0,130.0,110.0,145.0
2026-09,MUN,SP|SAO JOSE DOS CAMPOS,glp,15,103.0,84.99,119.996,79.99,120.0
2026-09,MUN,SP|SAO PAULO,glp,46,118.99,104.995,130.995,99.99,144.99
2026-09,MUN,SP|SAO VICENTE,glp,10,119.9,109.99,129.9,109.99,129.9
2026-09,MUN,SP|SERTAOZINHO,glp,4,105.99,105.99,106.69,105.99,106.99
2026-09,MUN,SP|SOROCABA,glp,15,119.995,115.0,127.94,107.99,132.0
2026-09,MUN,SP|SUMARE,glp,9,99.99,99.99,106.49,99.99,112.49
2026-09,MUN,SP|SUZANO,glp,10,103.37,98.99,119.099,89.99,119.99
2026-09,MUN,SP|TABOAO DA SERRA,glp,7,115.0,107.994,119.99,105.0,119.99
2026-09,MUN,SP|TATUI,glp,7,130.0,120.996,130.0,114.99,130.0
2026-09,MUN,SP|TAUBATE,glp,9,98.0,93.998,103.58,89.99,109.9
2026-09,MUN,SP|TUPA,glp,4,119.5,111.8,123.0,110.0,123.0
2026-09,MUN,SP|UBATUBA,glp,9,105.0,97.99,115.8,89.95,119.0
2026-09,MUN,SP|VALINHOS,glp,6,121.22,109.995,132.995,109.99,140.0
2026-09,MUN,SP|VARZEA PAULISTA,glp,6,110.0,102.495,125.0,99.99,130.0
2026-09,MUN,SP|VINHEDO,glp,7,120.0,109.996,121.996,109.99,124.99
2026-09,MUN,SP|VOTORANTIM,glp,7,118.0,114.594,125.794,114.0,127.0
2026-09,MUN,SP|VOTUPORANGA,glp,10,116.225,110.0,120.5,109.995,125.0
2026-09,MUN,TO|ARAGUAINA,glp,12,135.0,135.0,135.0,130.0,135.0
2026-09,MUN,TO|GURUPI,glp,8,135.0,130.6,145.0,125.0,145.0
2026-09,MUN,TO|PALMAS,glp,13,135.0,130.0,139.5,125.0,140.0
2026-09,MUN,TO|PARAISO DO TOCANTINS,glp,7,135.0,130.0,139.0,130.0,140.5
2026-09,MUN,TO|PORTO NACIONAL,glp,7,130.0,128.0,135.0,125.0,135.0
2026-09,UF,AC,glp,24,124.0,115.0,134.0,114.0,135.0
2026-09,UF,AL,glp,50,106.25,100.0,113.2,89.99,120.0
2026-09,UF,AM,glp,80,126.0,124.0,138.0,116.0,146.0
2026-09,UF,AP,glp,16,130.5,119.0,136.0,115.0,136.5
2026-09,UF,BA,glp,182,115.0,100.0,134.999,93.99,150.0
2026-09,UF,CE,glp,81,120.0,105.0,130.0,99.99,135.0
2026-09,UF,DF,glp,33,105.0,99.99,113.39,98.99,115.99
2026-09,UF,ES,glp,79,105.0,98.99,115.0,94.49,120.0
2026-09,UF,GO,glp,164,115.0,100.0,125.0,84.0,138.0
2026-09,UF,MA,glp,92,130.0,119.909,135.0,110.0,140.0
2026-09,UF,MG,glp,427,110.0,99.0,128.4,84.99,160.0
2026-09,UF,MS,glp,69,120.0,107.9,135.0,100.0,145.0
2026-09,UF,MT,glp,88,130.0,115.0,145.0,95.0,145.0
2026-09,UF,PA,glp,108,115.0,98.243,135.0,85.0,140.0
2026-09,UF,PB,glp,56,110.0,102.5,120.0,92.99,125.0
2026-09,UF,PE,glp,134,102.75,95.0,119.7,90.0,130.0
2026-09,UF,PI,glp,46,111.748,110.0,120.0,100.0,137.99
2026-09,UF,PR,glp,262,112.7,103.181,125.0,95.0,140.0
2026-09,UF,RJ,glp,231,104.99,93.0,125.0,84.99,151.99
2026-09,UF,RN,glp,40,115.0,104.986,120.0,97.0,130.0
2026-09,UF,RO,glp,53,127.0,117.6,138.8,112.0,150.0
2026-09,UF,RR,glp,23,145.0,135.0,150.8,130.0,156.0
2026-09,UF,RS,glp,285,118.9,105.0,130.0,95.0,161.0
2026-09,UF,SC,glp,106,121.0,110.0,136.5,94.99,145.0
2026-09,UF,SE,glp,37,114.9,110.0,115.8,105.0,118.0
2026-09,UF,SP,glp,800,115.0,99.99,129.9,79.0,150.0
2026-09,UF,TO,glp,47,135.0,130.0,140.0,125.0,145.0
