periodo,nivel,codigo,produto,postos,mediana,p10,p90,minimo,maximo
2025-01,BR,BR,glp,2114,107.5,92.99,125.0,74.99,157.5
2025-01,MUN,AC|RIO BRANCO,glp,27,120.0,115.6,127.4,107.0,135.0
2025-01,MUN,AL|ARAPIRACA,glp,9,100.0,95.0,102.0,95.0,110.0
2025-01,MUN,AL|MACEIO,glp,28,100.0,89.997,110.0,87.99,115.0
2025-01,MUN,AM|MANAUS,glp,70,128.0,120.0,133.0,118.0,149.0
2025-01,MUN,AP|MACAPA,glp,16,120.0,111.5,130.0,110.0,130.0
2025-01,MUN,BA|BRUMADO,glp,2,115.0,111.0,119.0,110.0,120.0
2025-01,MUN,BA|FEIRA DE SANTANA,glp,4,109.995,109.99,110.0,109.99,110.0
2025-01,MUN,BA|JACOBINA,glp,5,135.0,115.0,142.0,115.0,142.0
2025-01,MUN,BA|JUAZEIRO,glp,6,101.25,100.0,107.5,100.0,110.0
2025-01,MUN,BA|SALVADOR,glp,27,125.0,119.996,138.8,108.0,148.5
2025-01,MUN,BA|SENHOR DO BONFIM,glp,2,125.0,125.0,125.0,125.0,125.0
2025-01,MUN,CE|CAUCAIA,glp,10,96.99,94.99,102.2,94.99,122.0
2025-01,MUN,CE|FORTALEZA,glp,25,103.0,98.994,119.2,95.0,125.0
2025-01,MUN,CE|JUAZEIRO DO NORTE,glp,8,114.5,113.4,115.0,112.0,115.0
2025-01,MUN,DF|BRASILIA,glp,44,100.0,94.993,105.0,89.99,119.99
2025-01,MUN,ES|CARIACICA,glp,12,100.0,86.0,109.0,80.0,110.0
2025-01,MUN,ES|GUARAPARI,glp,10,93.99,89.994,95.3,89.99,98.0
2025-01,MUN,ES|LINHARES,glp,11,110.0,105.0,115.0,105.0,120.0
2025-01,MUN,ES|SERRA,glp,14,89.99,84.843,95.0,80.0,100.0
2025-01,MUN,ES|VILA VELHA,glp,14,100.0,95.0,100.0,95.0,110.0
2025-01,MUN,ES|VITORIA,glp,8,97.5,92.097,103.0,89.99,110.0
2025-01,MUN,GO|ANAPOLIS,glp,22,110.0,110.0,111.8,100.0,115.0
2025-01,MUN,GO|APARECIDA DE GOIANIA,glp,27,100.0,95.0,115.0,94.99,115.0
2025-01,MUN,GO|GOIANIA,glp,19,107.5,98.32,112.0,89.99,130.0
2025-01,MUN,GO|RIO VERDE,glp,5,110.0,87.0,113.0,85.0,115.0
2025-01,MUN,MA|IMPERATRIZ,glp,13,110.0,105.998,110.0,100.0,110.0
2025-01,MUN,MA|PRESIDENTE DUTRA,glp,3,115.0,111.0,119.0,110.0,120.0
2025-01,MUN,MA|SAO JOSE DE RIBAMAR,glp,9,109.99,109.792,109.992,109.0,110.0
2025-01,MUN,MA|SAO LUIS,glp,31,109.99,109.0,110.0,105.0,115.0
2025-01,MUN,MG|ARAGUARI,glp,7,105.0,98.0,110.8,95.0,112.0
2025-01,MUN,MG|ARAXA,glp,7,97.0,94.2,104.9,93.0,110.0
2025-01,MUN,MG|BELO HORIZONTE,glp,28,100.0,93.493,120.0,89.99,129.0
2025-01,MUN,MG|BETIM,glp,13,99.99,93.4,109.6,90.0,115.0
2025-01,MUN,MG|CONTAGEM,glp,18,107.5,89.99,115.0,89.99,126.0
2025-01,MUN,MG|DIVINOPOLIS,glp,10,100.0,98.999,106.0,89.99,115.0
2025-01,MUN,MG|GOVERNADOR VALADARES,glp,10,120.0,110.0,120.5,110.0,125.0
2025-01,MUN,MG|IPATINGA,glp,7,105.0,97.2,120.0,93.0,120.0
2025-01,MUN,MG|ITUIUTABA,glp,8,98.0,93.5,100.1,90.0,105.0
2025-01,MUN,MG|JUIZ DE FORA,glp,1,113.0,113.0,113.0,113.0,113.0
2025-01,MUN,MG|MONTES CLAROS,glp,27,110.0,99.99,115.0,95.0,125.0
2025-01,MUN,MG|OLIVEIRA,glp,6,99.0,99.0,99.5,99.0,100.0
2025-01,MUN,MG|SETE LAGOAS,glp,10,106.0,93.581,110.91,89.9,120.0
2025-01,MUN,MG|UBERABA,glp,12,100.0,90.0,110.0,85.0,110.0
2025-01,MUN,MG|UBERLANDIA,glp,19,100.0,89.49,117.0,80.0,125.0
2025-01,MUN,MS|CAMPO GRANDE,glp,41,109.9,99.9,115.0,95.0,122.0
2025-01,MUN,MS|DOURADOS,glp,16,112.45,105.0,130.0,99.99,130.0
2025-01,MUN,MT|CUIABA,glp,30,114.995,104.191,125.5,95.0,144.0
2025-01,MUN,MT|RONDONOPOLIS,glp,9,129.99,124.0,132.0,120.0,140.0
2025-01,MUN,MT|SINOP,glp,12,143.75,140.0,145.0,130.0,145.0
2025-01,MUN,MT|VARZEA GRANDE,glp,23,110.0,99.918,123.0,94.99,125.0
2025-01,MUN,PA|ANANINDEUA,glp,12,100.99,99.991,105.0,99.0,109.0
2025-01,MUN,PA|BELEM,glp,28,110.0,104.997,120.0,103.0,125.0
2025-01,MUN,PA|CASTANHAL,glp,8,105.0,102.693,105.24,102.0,105.8
2025-01,MUN,PA|PARAUAPEBAS,glp,8,125.0,123.5,125.0,120.0,125.0
2025-01,MUN,PA|SANTAREM,glp,16,91.25,85.0,107.5,84.99,110.0
2025-01,MUN,PB|CAMPINA GRANDE,glp,10,102.5,89.8,120.0,88.0,120.0
2025-01,MUN,PB|JOAO PESSOA,glp,28,110.0,95.0,110.0,84.99,110.0
2025-01,MUN,PE|CARUARU,glp,10,85.0,81.8,88.6,80.0,103.0
2025-01,MUN,PE|JABOATAO DOS GUARARAPES,glp,12,95.0,91.991,99.491,90.0,100.0
2025-01,MUN,PE|OLINDA,glp,9,89.99,84.0,98.0,80.0,110.0
2025-01,MUN,PE|PAULISTA,glp,10,91.25,89.49,95.4,84.99,99.0
2025-01,MUN,PE|PETROLINA,glp,12,115.0,108.0,124.1,100.0,125.0
2025-01,MUN,PE|RECIFE,glp,16,86.5,84.995,97.0,84.99,100.0
2025-01,MUN,PI|TERESINA,glp,24,105.0,100.0,109.997,74.99,110.0
2025-01,MUN,PR|APUCARANA,glp,10,99.9,94.74,100.0,92.495,100.0
2025-01,MUN,PR|ARAPONGAS,glp,9,100.0,97.4,105.0,95.0,105.0
2025-01,MUN,PR|CASCAVEL,glp,16,109.245,101.25,115.0,100.0,115.0
2025-01,MUN,PR|CURITIBA,glp,48,98.922,92.093,104.93,89.9,109.9
2025-01,MUN,PR|FOZ DO IGUACU,glp,14,115.0,115.0,120.0,110.0,120.0
2025-01,MUN,PR|GUARAPUAVA,glp,10,107.725,101.705,112.75,95.0,115.0
2025-01,MUN,PR|IVAIPORA,glp,1,125.0,125.0,125.0,125.0,125.0
2025-01,MUN,PR|LONDRINA,glp,15,105.0,96.2,110.0,93.0,125.0
2025-01,MUN,PR|MARINGA,glp,14,104.95,89.924,120.0,89.9,125.0
2025-01,MUN,PR|PALOTINA,glp,1,115.0,115.0,115.0,115.0,115.0
2025-01,MUN,PR|PONTA GROSSA,glp,7,105.0,103.0,110.0,100.0,110.0
2025-01,MUN,PR|QUEDAS DO IGUACU,glp,1,110.0,110.0,110.0,110.0,110.0
2025-01,MUN,PR|SAO JOSE DOS PINHAIS,glp,16,95.0,88.0,105.0,85.0,110.0
2025-01,MUN,RJ|BARRA MANSA,glp,7,99.9,99.5,105.76,98.9,106.9
2025-01,MUN,RJ|CAMPOS DOS GOYTACAZES,glp,11,89.99,86.0,96.0,85.0,99.0
2025-01,MUN,RJ|DUQUE DE CAXIAS,glp,13,89.99,84.992,94.592,84.99,105.0
2025-01,MUN,RJ|ITABORAI,glp,11,99.99,98.99,99.99,88.0,105.0
2025-01,MUN,RJ|NITEROI,glp,9,95.0,84.99,101.19,84.99,105.99
2025-01,MUN,RJ|NOVA FRIBURGO,glp,7,90.0,87.994,99.4,85.0,100.0
2025-01,MUN,RJ|NOVA IGUACU,glp,15,95.0,80.0,115.0,79.99,115.0
2025-01,MUN,RJ|PETROPOLIS,glp,7,99.99,89.954,106.2,89.9,108.0
2025-01,MUN,RJ|RIO DE JANEIRO,glp,30,98.995,90.0,105.0,87.99,105.0
2025-01,MUN,RJ|SAO GONCALO,glp,14,99.99,96.19,107.0,89.99,115.0
2025-01,MUN,RJ|SAO JOAO DE MERITI,glp,10,90.0,86.99,100.0,86.99,100.0
2025-01,MUN,RJ|VOLTA REDONDA,glp,7,99.99,92.96,105.9,89.9,105.9
2025-01,MUN,RN|MOSSORO,glp,10,104.5,99.241,105.5,92.5,110.0
2025-01,MUN,RN|NATAL,glp,14,110.0,92.9,118.5,88.0,128.0
2025-01,MUN,RN|PARNAMIRIM,glp,8,110.0,110.0,110.0,110.0,110.0
2025-01,MUN,RO|PORTO VELHO,glp,26,120.0,113.5,126.5,107.0,135.0
2025-01,MUN,RR|BOA VISTA,glp,26,136.5,130.0,143.0,127.0,157.5
2025-01,MUN,RS|ALEGRETE,glp,4,110.0,110.0,113.5,110.0,115.0
2025-01,MUN,RS|BENTO GONCALVES,glp,6,112.0,110.0,122.5,110.0,128.0
2025-01,MUN,RS|CACHOEIRINHA,glp,7,105.0,105.0,112.0,105.0,115.0
2025-01,MUN,RS|CANOAS,glp,16,105.0,100.0,110.0,100.0,110.0
2025-01,MUN,RS|CAXIAS DO SUL,glp,19,109.9,109.0,110.5,99.0,115.0
2025-01,MUN,RS|GRAVATAI,glp,3,109.9,101.98,111.58,100.0,112.0
2025-01,MUN,RS|NOVO HAMBURGO,glp,10,100.0,97.7,106.7,95.0,113.0
2025-01,MUN,RS|PASSO FUNDO,glp,13,115.0,113.0,121.8,112.0,122.0
2025-01,MUN,RS|PELOTAS,glp,15,108.0,105.4,110.0,103.9,116.0
2025-01,MUN,RS|PORTO ALEGRE,glp,16,112.0,105.0,122.2,100.0,135.9
2025-01,MUN,RS|SANTA MARIA,glp,12,112.45,106.2,116.8,105.0,118.9
2025-01,MUN,RS|SAO LEOPOLDO,glp,7,99.9,97.4,102.0,95.0,105.0
2025-01,MUN,RS|TORRES,glp,4,116.495,108.597,123.0,108.0,123.0
2025-01,MUN,SC|BLUMENAU,glp,11,120.99,120.0,130.0,120.0,130.0
2025-01,MUN,SC|BRUSQUE,glp,3,130.0,129.992,130.72,129.99,130.9
2025-01,MUN,SC|CHAPECO,glp,10,130.0,109.0,135.5,109.0,140.0
2025-01,MUN,SC|CONCORDIA,glp,7,110.0,100.0,115.0,100.0,115.0
2025-01,MUN,SC|CRICIUMA,glp,7,115.0,110.0,122.0,110.0,125.0
2025-01,MUN,SC|FLORIANOPOLIS,glp,6,126.0,110.0,133.0,110.0,133.0
2025-01,MUN,SC|ITAJAI,glp,13,112.0,100.0,119.704,99.0,129.0
2025-01,MUN,SC|JOINVILLE,glp,9,122.0,115.0,126.4,115.0,132.0
2025-01,MUN,SC|SAO JOSE,glp,13,120.0,113.392,123.6,105.0,128.0
2025-01,MUN,SC|TUBARAO,glp,7,110.0,96.0,112.0,90.0,115.0
2025-01,MUN,SE|ARACAJU,glp,15,104.9,99.9,104.93,99.0,110.0
2025-01,MUN,SP|AMERICANA,glp,8,104.995,99.99,116.497,99.99,119.99
2025-01,MUN,SP|ARACATUBA,glp,16,89.99,86.99,99.5,85.99,120.0
2025-01,MUN,SP|ARARAQUARA,glp,15,107.5,99.994,120.0,99.99,120.0
2025-01,MUN,SP|ARARAS,glp,7,99.0,99.0,102.6,99.0,108.0
2025-01,MUN,SP|ATIBAIA,glp,9,115.0,99.0,125.0,95.0,125.0
2025-01,MUN,SP|BARUERI,glp,10,116.5,107.2,120.199,100.0,121.99
2025-01,MUN,SP|BAURU,glp,11,105.0,95.0,105.0,89.99,107.0
2025-01,MUN,SP|CAMPINAS,glp,16,99.99,94.495,109.99,89.99,110.0
2025-01,MUN,SP|CATANDUVA,glp,5,112.4,101.954,115.0,99.99,115.0
2025-01,MUN,SP|COTIA,glp,7,118.0,104.19,129.454,102.99,130.0
2025-01,MUN,SP|CUBATAO,glp,7,119.0,113.0,123.5,110.0,125.0
2025-01,MUN,SP|DIADEMA,glp,9,104.99,104.39,106.79,101.99,109.99
2025-01,MUN,SP|ELISIARIO,glp,1,100.0,100.0,100.0,100.0,100.0
2025-01,MUN,SP|FRANCA,glp,15,104.99,99.99,109.6,94.99,110.0
2025-01,MUN,SP|GUARUJA,glp,7,114.99,105.994,117.0,100.0,120.0
2025-01,MUN,SP|GUARULHOS,glp,13,97.99,94.99,104.598,90.0,120.0
2025-01,MUN,SP|HORTOLANDIA,glp,7,94.99,91.79,99.59,89.99,104.99
2025-01,MUN,SP|INDAIATUBA,glp,7,113.0,106.398,115.6,100.995,118.0
2025-01,MUN,SP|ITAQUAQUECETUBA,glp,11,94.99,89.99,94.99,89.99,94.99
2025-01,MUN,SP|ITU,glp,5,115.0,110.6,115.0,110.0,115.0
2025-01,MUN,SP|JACAREI,glp,12,102.0,94.991,109.9,89.99,109.9
2025-01,MUN,SP|JUNDIAI,glp,9,115.0,104.99,119.2,104.99,120.0
2025-01,MUN,SP|LEME,glp,1,100.0,100.0,100.0,100.0,100.0
2025-01,MUN,SP|LIMEIRA,glp,9,100.0,98.99,118.0,94.99,118.0
2025-01,MUN,SP|MARILIA,glp,8,121.5,120.0,125.0,120.0,125.0
2025-01,MUN,SP|MOGI DAS CRUZES,glp,4,109.99,108.527,109.997,107.9,110.0
2025-01,MUN,SP|OSASCO,glp,12,102.985,93.19,118.99,89.99,119.99
2025-01,MUN,SP|PAULINIA,glp,6,107.5,99.995,116.25,99.99,122.5
2025-01,MUN,SP|PIRACICABA,glp,11,99.99,95.0,115.0,95.0,115.0
2025-01,MUN,SP|PIRASSUNUNGA,glp,7,109.9,97.9,112.0,97.9,112.0
2025-01,MUN,SP|PRAIA GRANDE,glp,9,110.0,109.99,119.9,109.99,119.9
2025-01,MUN,SP|PRESIDENTE PRUDENTE,glp,13,109.99,99.99,114.998,99.9,115.0
2025-01,MUN,SP|RIO CLARO,glp,7,97.495,93.0,100.0,90.0,100.0
2025-01,MUN,SP|SANTO ANDRE,glp,12,108.49,100.491,114.99,99.99,122.0
2025-01,MUN,SP|SANTOS,glp,10,125.0,119.99,129.1,119.9,130.0
2025-01,MUN,SP|SAO BERNARDO DO CAMPO,glp,5,125.0,111.99,130.4,109.99,134.0
2025-01,MUN,SP|SAO CAETANO DO SUL,glp,5,114.99,103.99,122.99,99.99,124.99
2025-01,MUN,SP|SAO CARLOS,glp,15,123.9,120.0,125.96,120.0,139.0
2025-01,MUN,SP|SAO JOSE DO RIO PRETO,glp,21,115.0,100.0,120.0,98.0,130.0
2025-01,MUN,SP|SAO JOSE DOS CAMPOS,glp,17,100.0,82.59,115.0,80.99,115.0
2025-01,MUN,SP|SAO PAULO,glp,59,110.0,99.99,124.9,89.99,131.0
2025-01,MUN,SP|SAO VICENTE,glp,11,119.0,104.99,124.9,103.99,124.9
2025-01,MUN,SP|SOROCABA,glp,15,111.99,105.796,120.0,105.0,122.0
2025-01,MUN,SP|SUMARE,glp,9,99.99,94.59,99.99,92.99,99.99
2025-01,MUN,SP|TAUBATE,glp,12,92.5,85.299,99.9,85.0,104.0
2025-01,MUN,TO|PALMAS,glp,11,128.0,120.0,135.0,120.0,137.5
2025-01,UF,AC,glp,27,120.0,115.6,127.4,107.0,135.0
2025-01,UF,AL,glp,37,100.0,90.0,110.0,87.99,115.0
2025-01,UF,AM,glp,70,128.0,120.0,133.0,118.0,149.0
2025-01,UF,AP,glp,16,120.0,111.5,130.0,110.0,130.0
2025-01,UF,BA,glp,46,121.0,106.5,139.0,100.0,148.5
2025-01,UF,CE,glp,43,103.0,95.0,115.0,94.99,125.0
2025-01,UF,DF,glp,44,100.0,94.993,105.0,89.99,119.99
2025-01,UF,ES,glp,69,99.99,89.99,110.0,80.0,120.0
2025-01,UF,GO,glp,73,110.0,95.0,115.0,85.0,130.0
2025-01,UF,MA,glp,56,109.99,109.0,110.0,100.0,120.0
2025-01,UF,MG,glp,183,104.99,93.0,120.0,80.0,129.0
2025-01,UF,MS,glp,57,110.0,99.99,118.5,95.0,130.0
2025-01,UF,MT,glp,74,117.5,99.99,142.5,94.99,145.0
2025-01,UF,PA,glp,72,105.0,90.25,124.5,84.99,125.0
2025-01,UF,PB,glp,38,110.0,93.5,110.0,84.99,120.0
2025-01,UF,PE,glp,69,90.0,84.998,111.0,80.0,125.0
2025-01,UF,PI,glp,24,105.0,100.0,109.997,74.99,110.0
2025-01,UF,PR,glp,162,100.0,92.991,115.0,85.0,125.0
2025-01,UF,RJ,glp,141,98.0,86.495,105.0,79.99,115.0
2025-01,UF,RN,glp,32,110.0,95.499,110.0,88.0,128.0
2025-01,UF,RO,glp,26,120.0,113.5,126.5,107.0,135.0
2025-01,UF,RR,glp,26,136.5,130.0,143.0,127.0,157.5
2025-01,UF,RS,glp,132,109.9,100.0,117.95,95.0,135.9
2025-01,UF,SC,glp,86,119.44,105.0,130.0,90.0,140.0
2025-01,UF,SE,glp,15,104.9,99.9,104.93,99.0,110.0
2025-01,UF,SP,glp,485,107.99,94.99,122.0,80.99,139.0
2025-01,UF,TO,glp,11,128.0,120.0,135.0,120.0,137.5
2025-02,BR,BR,glp,3168,107.5,92.5,125.0,74.99,155.0
2025-02,MUN,AC|CRUZEIRO DO SUL,glp,7,128.0,126.8,128.8,125.0,130.0
2025-02,MUN,AC|RIO BRANCO,glp,26,120.0,116.0,127.5,107.0,135.0
2025-02,MUN,AL|ARAPIRACA,glp,9,97.0,94.398,100.0,91.99,100.0
2025-02,MUN,AL|DELMIRO GOUVEIA,glp,4,105.0,105.0,108.5,105.0,110.0
2025-02,MUN,AL|MACEIO,glp,26,101.0,89.995,108.5,84.99,115.0
2025-02,MUN,AL|RIO LARGO,glp,6,100.0,97.0,100.0,95.0,100.0
2025-02,MUN,AM|MANACAPURU,glp,4,132.5,130.0,135.7,130.0,136.0
2025-02,MUN,AM|MANAUS,glp,65,127.0,120.0,133.0,118.0,149.0
2025-02,MUN,AM|PARINTINS,glp,7,134.0,132.4,134.8,130.0,136.0
2025-02,MUN,AP|MACAPA,glp,14,120.0,110.0,129.7,110.0,130.0
2025-02,MUN,BA|ALAGOINHAS,glp,7,120.0,119.996,122.4,119.99,123.0
2025-02,MUN,BA|BARREIRAS,glp,7,135.0,128.0,135.0,125.0,135.0
2025-02,MUN,BA|BRUMADO,glp,2,118.75,115.75,121.75,115.0,122.5
2025-02,MUN,BA|CAETITE,glp,7,115.0,110.0,117.0,110.0,120.0
2025-02,MUN,BA|EUNAPOLIS,glp,5,110.0,109.994,118.0,109.99,120.0
2025-02,MUN,BA|FEIRA DE SANTANA,glp,4,114.995,114.927,115.0,114.9,115.0
2025-02,MUN,BA|GUANAMBI,glp,7,115.0,110.0,115.0,110.0,115.0
2025-02,MUN,BA|ILHEUS,glp,7,135.0,126.0,153.0,120.0,153.0
2025-02,MUN,BA|IPIRA,glp,4,115.0,115.0,122.0,115.0,125.0
2025-02,MUN,BA|IRECE,glp,1,125.0,125.0,125.0,125.0,125.0
2025-02,MUN,BA|ITABUNA,glp,7,115.0,113.0,119.8,110.0,127.0
2025-02,MUN,BA|ITAMARAJU,glp,3,105.0,97.0,109.0,95.0,110.0
2025-02,MUN,BA|JACOBINA,glp,5,142.0,135.0,142.0,135.0,142.0
2025-02,MUN,BA|JAGUAQUARA,glp,6,110.0,110.0,110.0,110.0,110.0
2025-02,MUN,BA|JEQUIE,glp,7,120.0,109.996,120.0,109.99,120.0
2025-02,MUN,BA|JUAZEIRO,glp,6,105.0,100.0,108.75,100.0,112.5
2025-02,MUN,BA|LIVRAMENTO DE NOSSA SENHORA,glp,7,120.0,113.0,120.0,110.0,120.0
2025-02,MUN,BA|POCOES,glp,2,125.0,121.0,129.0,120.0,130.0
2025-02,MUN,BA|PORTO SEGURO,glp,5,110.0,107.0,110.0,105.0,110.0
2025-02,MUN,BA|SALVADOR,glp,27,129.0,124.996,142.6,113.0,153.0
2025-02,MUN,BA|SANTO ANTONIO DE JESUS,glp,7,115.0,110.0,128.6,110.0,137.0
2025-02,MUN,BA|SENHOR DO BONFIM,glp,3,115.0,111.0,117.0,110.0,117.5
2025-02,MUN,BA|SERRINHA,glp,7,125.0,118.0,130.0,115.0,130.0
2025-02,MUN,BA|TEIXEIRA DE FREITAS,glp,7,90.0,90.0,90.0,90.0,90.0
2025-02,MUN,BA|VALENCA,glp,6,127.5,112.0,135.0,99.0,135.0
2025-02,MUN,BA|VITORIA DA CONQUISTA,glp,9,125.0,122.0,130.992,118.0,135.0
2025-02,MUN,CE|CANINDE,glp,3,114.0,106.8,114.0,105.0,114.0
2025-02,MUN,CE|CAUCAIA,glp,10,97.242,94.99,111.2,94.99,122.0
2025-02,MUN,CE|FORTALEZA,glp,23,103.0,99.198,114.0,95.0,123.0
2025-02,MUN,CE|ICO,glp,4,116.0,108.0,117.7,105.0,118.0
2025-02,MUN,CE|IGUATU,glp,7,110.0,105.996,112.994,102.99,113.0
2025-02,MUN,CE|ITAPIPOCA,glp,5,90.0,90.0,120.0,90.0,120.0
2025-02,MUN,CE|JUAZEIRO DO NORTE,glp,7,115.0,112.4,115.0,110.0,115.0
2025-02,MUN,CE|LIMOEIRO DO NORTE,glp,6,105.75,94.25,115.0,93.5,115.0
2025-02,MUN,CE|QUIXADA,glp,6,95.995,92.495,114.0,90.0,118.0
2025-02,MUN,CE|SOBRAL,glp,5,110.0,102.0,112.0,100.0,112.0
2025-02,MUN,DF|BRASILIA,glp,40,100.0,94.941,105.5,89.99,119.99
2025-02,MUN,ES|ARACRUZ,glp,7,100.0,99.996,116.8,99.99,127.0
2025-02,MUN,ES|CACHOEIRO DE ITAPEMIRIM,glp,8,102.5,96.993,109.3,90.0,110.0
2025-02,MUN,ES|CARIACICA,glp,12,100.0,86.0,109.0,80.0,110.0
2025-02,MUN,ES|COLATINA,glp,7,90.0,82.394,100.0,80.0,100.0
2025-02,MUN,ES|GUARAPARI,glp,10,95.0,89.999,96.191,89.99,98.0
2025-02,MUN,ES|LINHARES,glp,11,110.0,105.0,115.0,105.0,120.0
2025-02,MUN,ES|SAO MATEUS,glp,8,109.995,106.899,110.0,105.495,110.0
2025-02,MUN,ES|SERRA,glp,14,89.99,84.84,95.99,80.0,97.5
2025-02,MUN,ES|VILA VELHA,glp,13,100.0,95.0,100.0,95.0,110.0
2025-02,MUN,ES|VITORIA,glp,7,95.0,91.796,106.0,89.99,115.0
2025-02,MUN,GO|AGUAS LINDAS DE GOIAS,glp,13,92.99,90.39,99.6,84.99,100.0
2025-02,MUN,GO|ANAPOLIS,glp,20,110.0,110.0,112.3,100.0,115.0
2025-02,MUN,GO|APARECIDA DE GOIANIA,glp,24,100.0,94.993,115.0,92.5,115.0
2025-02,MUN,GO|CALDAS NOVAS,glp,11,109.0,100.0,114.0,98.0,120.0
2025-02,MUN,GO|CATALAO,glp,7,110.0,105.0,115.0,105.0,115.0
2025-02,MUN,GO|FORMOSA,glp,7,102.5,100.0,122.0,100.0,125.0
2025-02,MUN,GO|GOIANIA,glp,19,105.0,98.32,112.0,89.99,130.0
2025-02,MUN,GO|ITUMBIARA,glp,7,110.0,106.2,119.0,105.0,125.0
2025-02,MUN,GO|LUZIANIA,glp,9,104.99,99.998,105.0,99.99,105.0
2025-02,MUN,GO|MINEIROS,glp,7,128.0,126.0,128.0,123.0,128.0
2025-02,MUN,GO|MORRINHOS,glp,6,100.0,98.0,102.5,98.0,105.0
2025-02,MUN,GO|PORANGATU,glp,6,114.5,111.995,118.0,110.0,120.0
2025-02,MUN,GO|RIO VERDE,glp,10,130.0,130.0,130.0,130.0,130.0
2025-02,MUN,GO|TRINDADE,glp,13,95.0,89.99,100.0,85.0,100.0
2025-02,MUN,GO|VALPARAISO DE GOIAS,glp,9,105.0,98.598,106.792,96.99,110.0
2025-02,MUN,MA|ACAILANDIA,glp,7,107.5,104.2,110.0,103.0,110.0
2025-02,MUN,MA|BACABAL,glp,1,120.0,120.0,120.0,120.0,120.0
2025-02,MUN,MA|BALSAS,glp,6,125.0,125.0,125.0,125.0,125.0
2025-02,MUN,MA|BARRA DO CORDA,glp,6,110.0,104.99,125.0,99.99,125.0
2025-02,MUN,MA|CODO,glp,7,95.0,95.0,95.0,95.0,95.0
2025-02,MUN,MA|IMPERATRIZ,glp,11,110.0,105.0,110.0,105.0,110.0
2025-02,MUN,MA|PINHEIRO,glp,7,125.0,119.96,130.0,119.9,130.0
2025-02,MUN,MA|PRESIDENTE DUTRA,glp,4,115.0,111.5,118.5,110.0,120.0
2025-02,MUN,MA|SAO JOSE DE RIBAMAR,glp,9,109.99,109.792,109.992,109.0,110.0
2025-02,MUN,MA|SAO LUIS,glp,30,109.99,109.0,110.0,105.0,115.0
2025-02,MUN,MG|ALFENAS,glp,7,95.0,90.996,100.0,84.99,100.0
2025-02,MUN,MG|ARAGUARI,glp,7,110.0,101.0,110.0,95.0,110.0
2025-02,MUN,MG|ARAXA,glp,7,96.5,94.2,97.7,93.0,98.0
2025-02,MUN,MG|BARBACENA,glp,6,99.0,92.445,102.5,89.9,105.0
2025-02,MUN,MG|BELO HORIZONTE,glp,26,100.0,93.742,122.5,89.99,129.0
2025-02,MUN,MG|BETIM,glp,12,99.99,97.744,99.99,94.99,115.0
2025-02,MUN,MG|CAMPO BELO,glp,7,110.0,100.0,112.0,100.0,115.0
2025-02,MUN,MG|CARATINGA,glp,7,110.0,105.0,118.8,105.0,120.0
2025-02,MUN,MG|CONGONHAS,glp,7,95.0,94.996,107.0,94.99,110.0
2025-02,MUN,MG|CONSELHEIRO LAFAIETE,glp,7,95.0,89.6,104.0,89.0,110.0
2025-02,MUN,MG|CONTAGEM,glp,16,112.5,96.742,115.0,89.99,126.0
2025-02,MUN,MG|CORONEL FABRICIANO,glp,6,120.0,116.5,120.0,115.0,120.0
2025-02,MUN,MG|CURVELO,glp,7,94.99,88.0,100.0,88.0,100.0
2025-02,MUN,MG|DIVINOPOLIS,glp,10,94.995,89.391,105.0,84.0,105.0
2025-02,MUN,MG|FORMIGA,glp,6,112.5,110.0,115.0,110.0,115.0
2025-02,MUN,MG|GOVERNADOR VALADARES,glp,10,120.0,116.3,122.75,110.0,125.0
2025-02,MUN,MG|IPATINGA,glp,6,105.0,99.0,119.0,93.0,120.0
2025-02,MUN,MG|ITAJUBA,glp,6,87.5,77.995,94.5,75.99,95.0
2025-02,MUN,MG|ITAUNA,glp,7,105.0,100.2,122.0,96.0,122.0
2025-02,MUN,MG|ITUIUTABA,glp,8,98.0,94.25,101.0,92.5,108.0
2025-02,MUN,MG|JANAUBA,glp,6,115.0,115.0,115.0,115.0,115.0
2025-02,MUN,MG|JANUARIA,glp,7,125.0,122.2,125.0,118.0,125.0
2025-02,MUN,MG|JOAO MONLEVADE,glp,7,105.0,103.0,112.0,100.0,115.0
2025-02,MUN,MG|JOAO PINHEIRO,glp,7,114.9,103.0,115.0,100.0,115.0
2025-02,MUN,MG|LAVRAS,glp,7,105.0,99.996,110.8,99.99,115.0
2025-02,MUN,MG|MONTES CLAROS,glp,23,110.0,100.49,115.0,95.0,125.0
2025-02,MUN,MG|NOVA LIMA,glp,6,112.0,104.5,116.45,99.0,119.9
2025-02,MUN,MG|OLIVEIRA,glp,6,99.5,99.0,100.0,99.0,100.0
2025-02,MUN,MG|OURO PRETO,glp,4,105.0,89.5,119.1,85.0,123.0
2025-02,MUN,MG|PARA DE MINAS,glp,3,89.99,89.198,114.798,89.0,121.0
2025-02,MUN,MG|PASSOS,glp,7,100.0,100.0,108.0,100.0,120.0
2025-02,MUN,MG|POCOS DE CALDAS,glp,7,115.0,114.194,117.4,113.0,118.0
2025-02,MUN,MG|SAO JOAO DEL REI,glp,7,90.0,89.99,101.4,89.99,103.5
2025-02,MUN,MG|SAO SEBASTIAO DO PARAISO,glp,8,97.5,94.997,103.0,94.99,110.0
2025-02,MUN,MG|SETE LAGOAS,glp,10,106.0,93.581,110.91,89.9,120.0
2025-02,MUN,MG|TEOFILO OTONI,glp,6,115.0,110.0,120.0,110.0,120.0
2025-02,MUN,MG|TIMOTEO,glp,5,100.0,98.8,115.0,98.0,115.0
2025-02,MUN,MG|UBERABA,glp,12,98.75,90.0,110.0,85.0,110.0
2025-02,MUN,MG|UBERLANDIA,glp,18,105.0,89.997,118.0,89.99,125.0
2025-02,MUN,MG|UNAI,glp,7,115.0,115.0,120.0,115.0,120.0
2025-02,MUN,MG|VARGINHA,glp,4,91.5,85.9,102.0,85.0,105.0
2025-02,MUN,MS|CAMPO GRANDE,glp,38,109.95,99.63,115.0,95.0,122.0
2025-02,MUN,MS|CORUMBA,glp,6,125.0,115.0,130.0,110.0,130.0
2025-02,MUN,MS|DOURADOS,glp,15,110.0,105.0,126.0,100.0,132.5
2025-02,MUN,MS|TRES LAGOAS,glp,7,115.0,115.0,127.2,115.0,138.0
2025-02,MUN,MT|CACERES,glp,10,120.0,120.0,120.4,120.0,124.0
2025-02,MUN,MT|CUIABA,glp,26,112.495,100.995,125.0,95.0,144.0
2025-02,MUN,MT|RONDONOPOLIS,glp,9,130.0,120.0,132.0,120.0,140.0
2025-02,MUN,MT|SINOP,glp,11,140.0,140.0,140.0,130.0,142.5
2025-02,MUN,MT|VARZEA GRANDE,glp,21,104.99,98.0,115.0,94.99,125.0
2025-02,MUN,PA|ABAETETUBA,glp,5,104.0,104.0,104.0,104.0,104.0
2025-02,MUN,PA|ALENQUER,glp,3,115.0,113.4,115.0,113.0,115.0
2025-02,MUN,PA|ALTAMIRA,glp,7,125.0,110.0,125.0,110.0,125.0
2025-02,MUN,PA|ANANINDEUA,glp,12,100.495,99.991,105.0,99.0,109.0
2025-02,MUN,PA|BELEM,glp,25,110.0,104.994,120.0,103.0,125.0
2025-02,MUN,PA|BRAGANCA,glp,5,110.0,109.7,110.0,109.5,110.0
2025-02,MUN,PA|CASTANHAL,glp,8,105.0,104.397,106.007,102.99,106.49
2025-02,MUN,PA|CONCEICAO DO ARAGUAIA,glp,6,110.0,110.0,110.0,110.0,110.0
2025-02,MUN,PA|MARABA,glp,3,125.0,116.992,125.0,114.99,125.0
2025-02,MUN,PA|PARAUAPEBAS,glp,9,125.0,124.0,125.0,120.0,125.0
2025-02,MUN,PA|SANTAREM,glp,16,87.5,85.0,107.5,84.99,110.0
2025-02,MUN,PB|BAYEUX,glp,7,102.5,98.0,103.5,95.0,105.0
2025-02,MUN,PB|CABEDELO,glp,7,107.0,104.196,110.0,99.99,113.0
2025-02,MUN,PB|CAMPINA GRANDE,glp,10,105.0,94.3,111.0,88.0,120.0
2025-02,MUN,PB|JOAO PESSOA,glp,24,107.5,96.47,107.5,84.99,110.0
2025-02,MUN,PB|PATOS,glp,7,110.0,108.0,112.0,108.0,115.0
2025-02,MUN,PE|ARARIPINA,glp,7,100.0,100.0,100.0,100.0,100.0
2025-02,MUN,PE|BELO JARDIM,glp,5,90.0,90.0,93.0,90.0,95.0
2025-02,MUN,PE|CABO DE SANTO AGOSTINHO,glp,7,90.0,86.796,100.0,84.99,100.0
2025-02,MUN,PE|CARUARU,glp,10,85.0,81.8,88.6,80.0,103.0
2025-02,MUN,PE|GARANHUNS,glp,7,100.0,98.0,102.0,95.0,105.0
2025-02,MUN,PE|GOIANA,glp,5,90.0,85.8,98.0,83.0,100.0
2025-02,MUN,PE|IGARASSU,glp,7,100.0,90.0,102.0,90.0,105.0
2025-02,MUN,PE|JABOATAO DOS GUARARAPES,glp,10,95.0,91.791,100.0,90.0,100.0
2025-02,MUN,PE|LAJEDO,glp,4,100.0,100.0,103.5,100.0,105.0
2025-02,MUN,PE|OLINDA,glp,9,89.99,84.998,98.0,84.99,110.0
2025-02,MUN,PE|PAULISTA,glp,11,92.5,87.5,95.0,84.99,99.0
2025-02,MUN,PE|PETROLINA,glp,12,115.0,104.55,124.75,100.0,125.0
2025-02,MUN,PE|RECIFE,glp,15,85.0,84.99,95.4,84.99,100.0
2025-02,MUN,PE|SALGUEIRO,glp,5,110.0,107.0,113.0,105.0,115.0
2025-02,MUN,PE|SERRA TALHADA,glp,6,115.0,110.0,120.0,110.0,125.0
2025-02,MUN,PI|PARNAIBA,glp,7,110.0,108.0,115.0,105.0,115.0
2025-02,MUN,PI|PICOS,glp,7,100.0,97.2,105.0,93.0,105.0
2025-02,MUN,PI|TERESINA,glp,24,105.0,100.0,108.5,74.99,110.0
2025-02,MUN,PR|APUCARANA,glp,9,99.9,93.892,100.0,89.5,100.0
2025-02,MUN,PR|ARAPONGAS,glp,9,99.9,97.38,100.0,94.9,100.0
2025-02,MUN,PR|ARAUCARIA,glp,9,95.0,94.6,96.0,93.0,100.0
2025-02,MUN,PR|CAMBE,glp,7,105.0,105.0,110.0,105.0,110.0
2025-02,MUN,PR|CAMPO LARGO,glp,9,95.0,94.0,100.0,90.0,100.0
2025-02,MUN,PR|CASCAVEL,glp,14,108.49,101.5,113.5,95.0,115.0
2025-02,MUN,PR|CASTRO,glp,7,109.9,105.0,112.18,105.0,112.45
2025-02,MUN,PR|CIANORTE,glp,6,104.45,89.95,120.0,84.9,120.0
2025-02,MUN,PR|COLOMBO,glp,14,92.45,89.9,99.0,89.9,99.9
2025-02,MUN,PR|CORNELIO PROCOPIO,glp,6,115.0,112.5,117.5,110.0,117.5
2025-02,MUN,PR|CURITIBA,glp,42,99.45,93.91,104.99,89.9,109.9
2025-02,MUN,PR|FOZ DO IGUACU,glp,14,115.0,115.0,119.7,110.0,120.0
2025-02,MUN,PR|GUARAPUAVA,glp,10,107.45,94.99,110.5,94.9,115.0
2025-02,MUN,PR|LONDRINA,glp,15,105.0,98.8,110.0,93.0,125.0
2025-02,MUN,PR|MARINGA,glp,12,102.448,89.982,119.25,89.9,125.0
2025-02,MUN,PR|PALOTINA,glp,1,115.0,115.0,115.0,115.0,115.0
2025-02,MUN,PR|PARANAGUA,glp,7,95.0,90.0,98.796,90.0,99.99
2025-02,MUN,PR|PONTA GROSSA,glp,7,107.5,104.0,110.0,102.5,110.0
2025-02,MUN,PR|QUEDAS DO IGUACU,glp,1,110.0,110.0,110.0,110.0,110.0
2025-02,MUN,PR|SANTO ANTONIO DA PLATINA,glp,1,113.0,113.0,113.0,113.0,113.0
2025-02,MUN,PR|SAO JOSE DOS PINHAIS,glp,14,95.0,88.0,97.37,85.0,100.0
2025-02,MUN,PR|TOLEDO,glp,9,109.99,109.99,116.0,109.99,120.0
2025-02,MUN,PR|UMUARAMA,glp,7,107.495,99.96,117.0,99.9,120.0
2025-02,MUN,RJ|ANGRA DOS REIS,glp,7,125.0,124.2,125.36,123.0,125.9
2025-02,MUN,RJ|ARARUAMA,glp,7,79.99,77.994,90.0,75.0,90.0
2025-02,MUN,RJ|BARRA DO PIRAI,glp,6,99.742,95.748,102.0,92.495,102.0
2025-02,MUN,RJ|BARRA MANSA,glp,7,103.4,98.927,105.76,98.9,106.9
2025-02,MUN,RJ|CABO FRIO,glp,6,89.99,82.495,94.995,80.0,95.0
2025-02,MUN,RJ|CAMPOS DOS GOYTACAZES,glp,10,89.995,85.9,90.6,85.0,96.0
2025-02,MUN,RJ|DUQUE DE CAXIAS,glp,11,89.49,84.99,93.0,78.0,105.0
2025-02,MUN,RJ|ITABORAI,glp,10,99.99,97.9,100.491,88.0,105.0
2025-02,MUN,RJ|MACAE,glp,7,135.0,135.0,135.796,135.0,136.99
2025-02,MUN,RJ|MARICA,glp,7,95.0,81.796,99.6,79.99,102.0
2025-02,MUN,RJ|NILOPOLIS,glp,7,110.0,110.0,110.0,110.0,110.0
2025-02,MUN,RJ|NITEROI,glp,7,98.0,83.79,102.39,81.99,105.99
2025-02,MUN,RJ|NOVA FRIBURGO,glp,7,90.0,87.994,99.4,85.0,100.0
2025-02,MUN,RJ|NOVA IGUACU,glp,15,95.0,80.0,115.0,79.99,115.0
2025-02,MUN,RJ|PETROPOLIS,glp,7,100.0,89.954,106.2,89.9,108.0
2025-02,MUN,RJ|RIO BONITO,glp,7,87.99,84.996,88.79,84.99,89.99
2025-02,MUN,RJ|RIO DE JANEIRO,glp,25,95.99,89.994,105.0,88.0,105.0
2025-02,MUN,RJ|SANTO ANTONIO DE PADUA,glp,4,99.5,94.0,105.7,94.0,106.0
2025-02,MUN,RJ|SAO GONCALO,glp,15,99.99,94.99,100.0,89.99,115.0
2025-02,MUN,RJ|SAO JOAO DE MERITI,glp,10,90.0,86.99,100.0,86.99,100.0
2025-02,MUN,RJ|SAQUAREMA,glp,7,95.0,83.0,98.8,80.0,100.0
2025-02,MUN,RJ|VALENCA,glp,6,99.0,94.75,99.5,94.5,100.0
2025-02,MUN,RJ|VOLTA REDONDA,glp,8,99.945,94.87,103.532,89.9,104.9
2025-02,MUN,RN|MOSSORO,glp,10,101.5,99.491,105.0,95.0,105.0
2025-02,MUN,RN|NATAL,glp,16,100.0,91.0,117.5,88.0,128.0
2025-02,MUN,RN|PARNAMIRIM,glp,7,110.0,110.0,110.0,110.0,110.0
2025-02,MUN,RO|ARIQUEMES,glp,5,130.0,125.0,134.2,125.0,135.0
2025-02,MUN,RO|JI-PARANA,glp,10,121.5,117.25,126.5,115.0,140.0
2025-02,MUN,RO|PIMENTA BUENO,glp,1,142.0,142.0,142.0,142.0,142.0
2025-02,MUN,RO|PORTO VELHO,glp,24,119.5,113.3,124.7,107.0,130.0
2025-02,MUN,RO|VILHENA,glp,2,120.245,116.441,124.049,115.49,125.0
2025-02,MUN,RR|BOA VISTA,glp,23,137.0,130.0,143.2,130.0,155.0
2025-02,MUN,RS|ALEGRETE,glp,6,110.0,105.0,117.5,100.0,120.0
2025-02,MUN,RS|ALVORADA,glp,4,106.5,102.993,110.0,102.99,110.0
2025-02,MUN,RS|BAGE,glp,8,125.0,118.4,127.0,117.0,127.0
2025-02,MUN,RS|BENTO GONCALVES,glp,7,115.0,113.2,121.4,112.0,128.0
2025-02,MUN,RS|CACHOEIRINHA,glp,10,105.5,105.0,110.5,105.0,115.0
2025-02,MUN,RS|CANOAS,glp,15,105.0,100.0,110.0,100.0,110.0
2025-02,MUN,RS|CAXIAS DO SUL,glp,17,109.9,109.0,115.0,99.0,130.0
2025-02,MUN,RS|ERECHIM,glp,7,130.0,123.8,132.0,122.0,132.0
2025-02,MUN,RS|ESTEIO,glp,7,110.0,105.0,112.0,105.0,115.0
2025-02,MUN,RS|GRAMADO,glp,5,128.0,110.77,129.2,109.95,130.0
2025-02,MUN,RS|GRAVATAI,glp,5,108.0,102.0,113.8,100.0,115.0
2025-02,MUN,RS|LAJEADO,glp,6,113.5,111.0,120.5,110.0,122.0
2025-02,MUN,RS|NOVO HAMBURGO,glp,10,100.0,97.7,106.7,95.0,113.0
2025-02,MUN,RS|PASSO FUNDO,glp,11,115.0,113.0,122.0,113.0,122.0
2025-02,MUN,RS|PELOTAS,glp,15,108.0,105.4,110.0,103.9,118.0
2025-02,MUN,RS|PORTO ALEGRE,glp,16,110.5,105.0,119.95,100.0,135.9
2025-02,MUN,RS|SANTA CRUZ DO SUL,glp,10,107.0,105.0,110.4,105.0,114.0
2025-02,MUN,RS|SANTA MARIA,glp,12,112.45,106.2,116.8,105.0,118.9
2025-02,MUN,RS|SANTA ROSA,glp,7,117.0,105.0,124.0,105.0,130.0
2025-02,MUN,RS|SANTANA DO LIVRAMENTO,glp,7,120.0,111.0,123.6,105.0,129.0
2025-02,MUN,RS|SAO LEOPOLDO,glp,7,99.9,97.4,105.0,95.0,105.0
2025-02,MUN,RS|SAPIRANGA,glp,7,115.0,114.0,119.0,112.5,119.0
2025-02,MUN,RS|SAPUCAIA DO SUL,glp,8,107.5,100.0,114.3,100.0,115.0
2025-02,MUN,RS|TORRES,glp,4,121.5,112.993,123.0,109.99,123.0
2025-02,MUN,RS|URUGUAIANA,glp,6,122.5,115.0,138.0,115.0,146.0
2025-02,MUN,RS|VIAMAO,glp,9,100.0,94.4,114.2,92.0,115.0
2025-02,MUN,SC|BLUMENAU,glp,10,121.72,119.0,127.7,110.0,129.95
2025-02,MUN,SC|BRUSQUE,glp,3,130.0,129.992,130.72,129.99,130.9
2025-02,MUN,SC|CHAPECO,glp,10,130.0,109.0,140.0,109.0,140.0
2025-02,MUN,SC|CONCORDIA,glp,7,110.0,104.47,115.0,100.0,115.0
2025-02,MUN,SC|CRICIUMA,glp,5,100.0,98.796,121.0,98.0,125.0
2025-02,MUN,SC|FLORIANOPOLIS,glp,7,123.0,110.0,130.6,110.0,133.0
2025-02,MUN,SC|ITAJAI,glp,13,112.0,100.0,127.176,100.0,129.0
2025-02,MUN,SC|JOINVILLE,glp,9,120.0,115.0,126.8,115.0,134.0
2025-02,MUN,SC|LAGUNA,glp,7,115.0,107.994,115.0,105.0,115.0
2025-02,MUN,SC|SAO JOSE,glp,10,120.0,112.691,128.15,110.0,129.5
2025-02,MUN,SC|TUBARAO,glp,7,110.0,96.0,112.0,90.0,115.0
2025-02,MUN,SE|ARACAJU,glp,15,104.9,99.936,105.56,99.9,110.0
2025-02,MUN,SP|ADAMANTINA,glp,6,98.0,89.482,105.95,88.0,109.9
2025-02,MUN,SP|AMERICANA,glp,7,105.0,102.99,118.2,99.99,123.0
2025-02,MUN,SP|ARACATUBA,glp,15,89.99,89.99,99.6,85.99,120.0
2025-02,MUN,SP|ARARAQUARA,glp,5,120.0,108.8,120.0,108.0,120.0
2025-02,MUN,SP|ARARAS,glp,7,99.0,99.0,102.6,99.0,108.0
2025-02,MUN,SP|ASSIS,glp,9,102.5,95.0,110.0,95.0,120.0
2025-02,MUN,SP|BARRETOS,glp,6,110.0,105.0,117.5,105.0,120.0
2025-02,MUN,SP|BARUERI,glp,10,112.0,104.999,120.549,104.99,125.49
2025-02,MUN,SP|BAURU,glp,11,105.0,89.99,105.0,89.99,107.0
2025-02,MUN,SP|BIRIGUI,glp,9,105.0,93.972,105.0,89.9,105.0
2025-02,MUN,SP|BOTUCATU,glp,8,105.0,103.5,109.965,100.0,110.0
2025-02,MUN,SP|BRAGANCA PAULISTA,glp,6,110.0,107.995,112.5,105.99,115.0
2025-02,MUN,SP|CACAPAVA,glp,6,99.495,82.49,101.495,79.99,103.0
2025-02,MUN,SP|CAMPINAS,glp,15,99.99,93.594,109.99,89.99,110.0
2025-02,MUN,SP|CARAGUATATUBA,glp,7,100.0,99.996,115.94,99.99,125.0
2025-02,MUN,SP|CARAPICUIBA,glp,11,104.99,90.0,110.0,89.99,114.99
2025-02,MUN,SP|CATANDUVA,glp,5,109.8,109.8,109.8,109.8,109.8
2025-02,MUN,SP|COTIA,glp,7,118.0,104.19,129.454,102.99,130.0
2025-02,MUN,SP|CUBATAO,glp,7,120.0,113.0,122.0,110.0,125.0
2025-02,MUN,SP|DIADEMA,glp,8,105.245,96.94,107.19,83.99,109.99
2025-02,MUN,SP|ELISIARIO,glp,1,100.0,100.0,100.0,100.0,100.0
2025-02,MUN,SP|EMBU DAS ARTES,glp,10,107.445,99.59,114.991,95.99,115.0
2025-02,MUN,SP|FRANCA,glp,11,104.99,99.99,110.0,99.99,110.0
2025-02,MUN,SP|GUARATINGUETA,glp,5,90.0,82.794,102.2,79.99,105.0
2025-02,MUN,SP|GUARUJA,glp,7,115.0,105.994,117.0,100.0,120.0
2025-02,MUN,SP|GUARULHOS,glp,13,97.99,94.99,104.598,90.0,120.0
2025-02,MUN,SP|HORTOLANDIA,glp,8,94.99,91.74,99.39,89.99,104.99
2025-02,MUN,SP|INDAIATUBA,glp,7,113.0,111.2,116.4,110.0,120.0
2025-02,MUN,SP|ITAPECERICA DA SERRA,glp,6,104.99,102.49,105.992,99.99,106.995
2025-02,MUN,SP|ITAPETININGA,glp,4,122.995,117.397,124.4,115.0,125.0
2025-02,MUN,SP|ITAPEVA,glp,4,119.0,115.893,120.0,114.99,120.0
2025-02,MUN,SP|ITAQUAQUECETUBA,glp,11,92.99,89.99,94.99,89.99,94.99
2025-02,MUN,SP|ITU,glp,5,113.0,110.0,115.0,110.0,115.0
2025-02,MUN,SP|JABOTICABAL,glp,6,104.95,95.995,115.0,95.0,115.0
2025-02,MUN,SP|JACAREI,glp,9,100.0,94.998,109.9,94.99,109.9
2025-02,MUN,SP|JAU,glp,7,110.0,103.0,116.94,100.0,121.5
2025-02,MUN,SP|JUNDIAI,glp,8,115.0,104.99,116.5,104.99,120.0
2025-02,MUN,SP|LEME,glp,6,101.25,95.0,110.0,95.0,115.0
2025-02,MUN,SP|LIMEIRA,glp,9,99.99,98.99,118.0,94.99,118.0
2025-02,MUN,SP|LINS,glp,6,107.495,95.0,122.5,95.0,125.0
2025-02,MUN,SP|MARILIA,glp,8,121.5,120.0,125.0,120.0,125.0
2025-02,MUN,SP|MAUA,glp,9,109.99,99.99,110.0,99.99,110.0
2025-02,MUN,SP|MOGI DAS CRUZES,glp,5,110.0,108.318,117.0,107.9,117.0
2025-02,MUN,SP|MOGI GUACU,glp,5,105.0,105.0,110.0,105.0,110.0
2025-02,MUN,SP|MOGI MIRIM,glp,4,104.995,101.497,111.3,100.0,114.0
2025-02,MUN,SP|OLIMPIA,glp,7,95.0,91.5,95.4,90.0,96.0
2025-02,MUN,SP|OSASCO,glp,12,101.735,93.19,118.99,89.99,119.99
2025-02,MUN,SP|PIRACICABA,glp,11,99.99,96.0,115.0,95.0,115.0
2025-02,MUN,SP|PIRASSUNUNGA,glp,7,109.9,97.9,112.0,97.9,112.0
2025-02,MUN,SP|PRAIA GRANDE,glp,9,110.995,109.99,119.9,109.99,119.9
2025-02,MUN,SP|PRESIDENTE PRUDENTE,glp,12,111.495,99.99,114.999,99.9,115.0
2025-02,MUN,SP|RIBEIRAO PRETO,glp,13,109.99,97.992,114.6,84.99,119.99
2025-02,MUN,SP|SALTO,glp,4,99.995,92.99,112.25,89.99,117.5
2025-02,MUN,SP|SANTO ANDRE,glp,9,106.99,99.99,112.4,99.99,122.0
2025-02,MUN,SP|SANTOS,glp,10,125.0,119.99,130.0,119.9,130.0
2025-02,MUN,SP|SAO BERNARDO DO CAMPO,glp,5,114.99,109.99,130.4,109.99,134.0
2025-02,MUN,SP|SAO CAETANO DO SUL,glp,5,114.99,103.99,122.99,99.99,124.99
2025-02,MUN,SP|SAO CARLOS,glp,14,125.0,120.0,128.4,119.9,139.0
2025-02,MUN,SP|SAO JOAO DA BOA VISTA,glp,7,100.0,98.0,105.0,95.0,105.0
2025-02,MUN,SP|SAO JOSE DO RIO PRETO,glp,21,115.0,100.0,120.0,98.0,130.0
2025-02,MUN,SP|SAO JOSE DOS CAMPOS,glp,16,99.45,82.49,114.995,80.99,115.0
2025-02,MUN,SP|SAO PAULO,glp,46,109.99,99.945,122.0,89.99,129.99
2025-02,MUN,SP|SAO VICENTE,glp,11,119.0,104.99,127.4,103.99,127.4
2025-02,MUN,SP|SERTAOZINHO,glp,10,99.495,94.999,103.0,94.99,103.0
2025-02,MUN,SP|SOROCABA,glp,15,110.0,107.194,122.1,105.0,125.0
2025-02,MUN,SP|SUMARE,glp,9,99.99,94.59,99.99,92.99,99.99
2025-02,MUN,SP|SUZANO,glp,10,102.5,89.99,117.0,89.99,117.0
2025-02,MUN,SP|TABOAO DA SERRA,glp,7,99.99,95.0,108.99,95.0,114.99
2025-02,MUN,SP|TATUI,glp,7,128.0,126.8,128.0,125.0,128.0
2025-02,MUN,SP|TAUBATE,glp,10,90.0,85.0,99.1,85.0,100.0
2025-02,MUN,SP|TUPA,glp,4,110.0,102.3,110.0,99.0,110.0
2025-02,MUN,SP|UBATUBA,glp,10,103.875,94.495,112.75,89.95,115.0
2025-02,MUN,SP|VALINHOS,glp,7,99.99,97.79,111.994,95.99,115.0
2025-02,MUN,SP|VARZEA PAULISTA,glp,6,90.0,88.995,96.5,88.0,98.0
2025-02,MUN,SP|VINHEDO,glp,7,99.99,93.794,104.0,91.985,110.0
2025-02,MUN,SP|VOTORANTIM,glp,7,107.99,107.594,112.0,107.0,115.0
2025-02,MUN,SP|VOTUPORANGA,glp,9,108.0,98.0,110.0,98.0,110.0
2025-02,MUN,TO|ARAGUAINA,glp,11,130.0,130.0,130.0,130.0,130.0
2025-02,MUN,TO|GURUPI,glp,8,120.0,117.0,125.0,110.0,125.0
2025-02,MUN,TO|PALMAS,glp,14,125.0,120.0,130.0,120.0,130.0
2025-02,UF,AC,glp,33,125.0,116.0,128.0,107.0,135.0
2025-02,UF,AL,glp,45,100.0,90.0,106.2,84.99,115.0
2025-02,UF,AM,glp,76,129.0,120.0,134.995,118.0,149.0
2025-02,UF,AP,glp,14,120.0,110.0,129.7,110.0,130.0
2025-02,UF,BA,glp,165,120.0,109.99,135.0,90.0,153.0
2025-02,UF,CE,glp,76,106.5,94.99,116.0,90.0,123.0
2025-02,UF,DF,glp,40,100.0,94.941,105.5,89.99,119.99
2025-02,UF,ES,glp,97,100.0,89.99,110.0,80.0,127.0
2025-02,UF,GO,glp,168,105.0,94.99,125.9,84.99,130.0
2025-02,UF,MA,glp,88,109.99,104.4,125.0,95.0,130.0
2025-02,UF,MG,glp,342,105.0,90.0,120.0,75.99,129.0
2025-02,UF,MS,glp,66,110.0,99.998,123.5,95.0,138.0
2025-02,UF,MT,glp,77,120.0,99.99,140.0,94.99,144.0
2025-02,UF,PA,glp,99,110.0,94.5,125.0,84.99,125.0
2025-02,UF,PB,glp,55,107.0,96.96,110.0,84.99,120.0
2025-02,UF,PE,glp,120,95.0,85.0,110.5,80.0,125.0
2025-02,UF,PI,glp,38,105.0,100.0,110.0,74.99,115.0
2025-02,UF,PR,glp,230,100.0,92.45,115.0,84.9,125.0
2025-02,UF,RJ,glp,203,97.99,85.0,110.0,75.0,136.99
2025-02,UF,RN,glp,33,105.0,95.0,110.0,88.0,128.0
2025-02,UF,RO,glp,42,120.0,115.0,130.0,107.0,142.0
2025-02,UF,RR,glp,23,137.0,130.0,143.2,130.0,155.0
2025-02,UF,RS,glp,226,110.0,100.0,123.0,92.0,146.0
2025-02,UF,SC,glp,88,115.0,100.0,130.0,90.0,140.0
2025-02,UF,SE,glp,15,104.9,99.936,105.56,99.9,110.0
2025-02,UF,SP,glp,676,105.0,94.99,120.0,79.99,139.0
2025-02,UF,TO,glp,33,128.0,120.0,130.0,110.0,130.0
2025-03,BR,BR,glp,3682,108.0,93.0,125.0,74.99,155.0
2025-03,MUN,AC|CRUZEIRO DO SUL,glp,7,128.0,126.8,128.8,125.0,130.0
2025-03,MUN,AC|RIO BRANCO,glp,26,120.0,116.0,127.5,107.0,135.0
2025-03,MUN,AL|ARAPIRACA,glp,9,99.0,91.592,100.0,90.0,100.0
2025-03,MUN,AL|DELMIRO GOUVEIA,glp,4,105.0,105.0,108.5,105.0,110.0
2025-03,MUN,AL|MACEIO,glp,26,102.0,88.995,108.5,84.99,115.0
2025-03,MUN,AL|PALMEIRA DOS INDIOS,glp,3,95.0,91.0,95.0,90.0,95.0
2025-03,MUN,AL|RIO LARGO,glp,7,99.0,97.4,99.0,95.0,99.0
2025-03,MUN,AM|MANACAPURU,glp,8,131.0,125.9,136.6,121.0,138.0
2025-03,MUN,AM|MANAUS,glp,65,127.5,120.0,134.194,118.0,149.0
2025-03,MUN,AM|PARINTINS,glp,7,136.0,134.0,139.0,134.0,139.0
2025-03,MUN,AP|MACAPA,glp,14,117.5,110.9,129.7,107.0,130.0
2025-03,MUN,AP|SANTANA,glp,5,125.0,108.8,127.4,108.0,129.0
2025-03,MUN,BA|ALAGOINHAS,glp,7,120.0,119.996,123.6,119.99,126.0
2025-03,MUN,BA|BARREIRAS,glp,7,132.5,128.0,135.0,125.0,135.0
2025-03,MUN,BA|BRUMADO,glp,2,120.0,116.0,124.0,115.0,125.0
2025-03,MUN,BA|CAETITE,glp,8,115.0,110.0,115.0,110.0,115.0
2025-03,MUN,BA|EUNAPOLIS,glp,7,115.0,109.996,115.0,109.99,115.0
2025-03,MUN,BA|FEIRA DE SANTANA,glp,5,114.9,107.996,114.96,105.0,115.0
2025-03,MUN,BA|GUANAMBI,glp,9,115.0,110.0,120.0,110.0,120.0
2025-03,MUN,BA|ILHEUS,glp,7,135.0,130.0,151.2,130.0,153.0
2025-03,MUN,BA|IPIRA,glp,4,115.0,115.0,115.0,115.0,115.0
2025-03,MUN,BA|IRECE,glp,2,125.0,125.0,125.0,125.0,125.0
2025-03,MUN,BA|ITABUNA,glp,7,112.5,111.5,119.0,110.0,125.0
2025-03,MUN,BA|ITAMARAJU,glp,6,105.0,97.5,110.0,95.0,110.0
2025-03,MUN,BA|JACOBINA,glp,5,135.0,135.0,139.2,135.0,142.0
2025-03,MUN,BA|JAGUAQUARA,glp,4,110.0,110.0,117.0,110.0,120.0
2025-03,MUN,BA|JEQUIE,glp,7,115.0,110.0,118.5,110.0,120.0
2025-03,MUN,BA|JUAZEIRO,glp,7,110.0,100.0,110.0,100.0,110.0
2025-03,MUN,BA|LIVRAMENTO DE NOSSA SENHORA,glp,7,120.0,113.0,120.0,110.0,120.0
2025-03,MUN,BA|PAULO AFONSO,glp,5,103.0,100.0,111.0,100.0,115.0
2025-03,MUN,BA|POCOES,glp,7,120.0,115.4,125.2,110.0,130.0
2025-03,MUN,BA|PORTO SEGURO,glp,5,110.0,105.0,116.0,105.0,120.0
2025-03,MUN,BA|SALVADOR,glp,28,130.0,124.093,142.2,113.0,153.0
2025-03,MUN,BA|SANTO ANTONIO DE JESUS,glp,7,120.0,115.0,128.6,115.0,137.0
2025-03,MUN,BA|SENHOR DO BONFIM,glp,3,125.0,121.0,125.0,120.0,125.0
2025-03,MUN,BA|SERRINHA,glp,7,135.0,130.5,135.0,127.5,135.0
2025-03,MUN,BA|TEIXEIRA DE FREITAS,glp,10,90.75,89.891,95.25,89.0,97.5
2025-03,MUN,BA|VALENCA,glp,6,130.0,128.75,132.5,127.5,135.0
2025-03,MUN,BA|VITORIA DA CONQUISTA,glp,9,125.0,114.0,136.0,110.0,140.0
2025-03,MUN,CE|CANINDE,glp,3,105.0,105.0,112.2,105.0,114.0
2025-03,MUN,CE|CAUCAIA,glp,10,100.242,94.99,111.2,94.99,122.0
2025-03,MUN,CE|CRATEUS,glp,5,102.0,94.128,105.0,88.88,105.0
2025-03,MUN,CE|FORTALEZA,glp,23,103.0,99.198,114.0,95.0,122.0
2025-03,MUN,CE|ICO,glp,5,115.0,110.8,117.6,108.0,118.0
2025-03,MUN,CE|IGUATU,glp,7,110.0,105.996,113.396,102.99,113.99
2025-03,MUN,CE|ITAPIPOCA,glp,7,120.0,99.0,120.0,90.0,120.0
2025-03,MUN,CE|JUAZEIRO DO NORTE,glp,8,114.25,111.4,115.45,110.0,116.5
2025-03,MUN,CE|LIMOEIRO DO NORTE,glp,5,115.0,96.2,115.0,95.0,115.0
2025-03,MUN,CE|QUIXADA,glp,7,95.99,92.994,110.0,90.0,110.0
2025-03,MUN,CE|SOBRAL,glp,5,110.0,100.0,112.0,100.0,112.0
2025-03,MUN,DF|BRASILIA,glp,36,100.0,94.745,107.75,89.99,119.99
2025-03,MUN,ES|ARACRUZ,glp,8,102.0,99.997,111.5,99.99,115.0
2025-03,MUN,ES|CACHOEIRO DE ITAPEMIRIM,glp,9,99.99,89.0,111.6,85.0,122.0
2025-03,MUN,ES|CARIACICA,glp,12,100.0,86.0,109.0,80.0,110.0
2025-03,MUN,ES|COLATINA,glp,7,90.0,86.794,97.0,85.0,100.0
2025-03,MUN,ES|GUARAPARI,glp,10,95.0,92.69,98.7,89.99,105.0
2025-03,MUN,ES|LINHARES,glp,11,110.0,105.0,115.0,105.0,120.0
2025-03,MUN,ES|SAO MATEUS,glp,10,110.0,109.046,110.0,105.0,110.0
2025-03,MUN,ES|SERRA,glp,14,89.99,85.297,100.25,83.99,105.0
2025-03,MUN,ES|VILA VELHA,glp,13,100.0,95.0,100.0,95.0,110.0
2025-03,MUN,ES|VITORIA,glp,7,95.0,91.796,106.0,89.99,115.0
2025-03,MUN,GO|AGUAS LINDAS DE GOIAS,glp,13,98.0,90.39,100.0,89.99,100.0
2025-03,MUN,GO|ANAPOLIS,glp,19,110.0,110.0,113.8,105.0,115.0
2025-03,MUN,GO|APARECIDA DE GOIANIA,glp,24,100.0,95.0,115.0,94.99,115.0
2025-03,MUN,GO|CALDAS NOVAS,glp,10,108.0,99.791,114.6,98.0,120.0
2025-03,MUN,GO|CATALAO,glp,7,110.0,108.0,115.0,105.0,115.0
2025-03,MUN,GO|FORMOSA,glp,7,105.0,100.0,122.0,100.0,125.0
2025-03,MUN,GO|GOIANIA,glp,19,105.0,98.92,116.0,89.99,130.0
2025-03,MUN,GO|GOIATUBA,glp,4,120.0,120.0,120.0,120.0,120.0
2025-03,MUN,GO|ITUMBIARA,glp,7,110.0,106.2,119.0,105.0,125.0
2025-03,MUN,GO|LUZIANIA,glp,5,102.0,98.194,105.0,96.99,105.0
2025-03,MUN,GO|MINEIROS,glp,7,128.0,124.8,128.0,120.0,128.0
2025-03,MUN,GO|MORRINHOS,glp,6,100.0,98.0,102.5,98.0,105.0
2025-03,MUN,GO|PORANGATU,glp,7,115.0,113.996,115.0,113.99,115.0
2025-03,MUN,GO|RIO VERDE,glp,11,130.0,130.0,130.0,130.0,130.0
2025-03,MUN,GO|TRINDADE,glp,13,95.0,89.99,100.0,85.0,105.0
2025-03,MUN,GO|VALPARAISO DE GOIAS,glp,9,105.0,98.598,106.792,96.99,110.0
2025-03,MUN,MA|ACAILANDIA,glp,7,105.0,104.2,105.0,103.0,105.0
2025-03,MUN,MA|BACABAL,glp,3,120.0,119.992,120.0,119.99,120.0
2025-03,MUN,MA|BALSAS,glp,6,125.0,125.0,125.0,125.0,125.0
2025-03,MUN,MA|BARRA DO CORDA,glp,7,115.0,107.496,115.0,99.99,115.0
2025-03,MUN,MA|CODO,glp,7,115.0,115.0,115.0,115.0,115.0
2025-03,MUN,MA|IMPERATRIZ,glp,11,110.0,105.0,110.0,100.0,110.0
2025-03,MUN,MA|PINHEIRO,glp,7,125.0,119.96,130.0,119.9,130.0
2025-03,MUN,MA|PRESIDENTE DUTRA,glp,4,115.0,111.5,118.5,110.0,120.0
2025-03,MUN,MA|SAO JOSE DE RIBAMAR,glp,9,109.99,109.792,109.992,109.0,110.0
2025-03,MUN,MA|SAO LUIS,glp,29,109.99,109.0,114.992,109.0,115.0
2025-03,MUN,MG|ALFENAS,glp,7,100.0,93.998,103.5,92.495,105.0
2025-03,MUN,MG|ARAGUARI,glp,7,108.0,97.4,110.8,95.0,112.0
2025-03,MUN,MG|ARAXA,glp,7,95.0,93.0,97.4,90.0,98.0
2025-03,MUN,MG|BARBACENA,glp,7,98.8,89.954,100.0,89.9,100.0
2025-03,MUN,MG|BELO HORIZONTE,glp,26,100.0,94.99,122.5,89.99,130.0
2025-03,MUN,MG|BETIM,glp,10,107.5,99.99,115.0,99.99,115.0
2025-03,MUN,MG|CAMPO BELO,glp,7,100.0,100.0,106.0,100.0,115.0
2025-03,MUN,MG|CARATINGA,glp,7,110.0,105.0,120.8,105.0,125.0
2025-03,MUN,MG|CONGONHAS,glp,7,103.0,94.996,108.2,94.99,110.0
2025-03,MUN,MG|CONSELHEIRO LAFAIETE,glp,7,95.0,90.0,103.994,90.0,110.0
2025-03,MUN,MG|CONTAGEM,glp,16,113.75,97.498,115.0,89.99,126.0
2025-03,MUN,MG|CORONEL FABRICIANO,glp,7,121.5,118.0,125.6,115.0,126.5
2025-03,MUN,MG|CURVELO,glp,7,90.0,88.0,100.0,88.0,100.0
2025-03,MUN,MG|DIVINOPOLIS,glp,10,89.99,89.79,105.5,87.99,110.0
2025-03,MUN,MG|FORMIGA,glp,7,110.0,110.0,115.0,110.0,115.0
2025-03,MUN,MG|FRUTAL,glp,5,99.95,96.594,107.94,94.99,109.9
2025-03,MUN,MG|GOVERNADOR VALADARES,glp,10,120.0,110.0,125.0,110.0,125.0
2025-03,MUN,MG|GUAXUPE,glp,7,100.0,89.96,104.0,89.9,110.0
2025-03,MUN,MG|IPATINGA,glp,7,105.0,100.2,118.8,93.0,120.0
2025-03,MUN,MG|ITAJUBA,glp,7,90.0,78.396,103.0,75.99,115.0
2025-03,MUN,MG|ITAUNA,glp,7,105.0,100.2,122.0,96.0,122.0
2025-03,MUN,MG|ITUIUTABA,glp,8,98.0,93.5,101.0,90.0,108.0
2025-03,MUN,MG|JANAUBA,glp,6,115.0,115.0,115.0,115.0,115.0
2025-03,MUN,MG|JANUARIA,glp,7,125.0,122.2,125.0,118.0,125.0
2025-03,MUN,MG|JOAO MONLEVADE,glp,7,105.0,100.0,112.0,100.0,115.0
2025-03,MUN,MG|JOAO PINHEIRO,glp,7,115.0,112.94,115.0,110.0,115.0
2025-03,MUN,MG|JUIZ DE FORA,glp,14,90.74,86.497,101.397,84.99,115.0
2025-03,MUN,MG|LAVRAS,glp,7,105.0,99.996,114.0,99.99,120.0
2025-03,MUN,MG|LEOPOLDINA,glp,6,111.25,99.75,115.0,99.5,115.0
2025-03,MUN,MG|MONTE CARMELO,glp,6,100.0,95.0,100.0,90.0,100.0
2025-03,MUN,MG|MONTES CLAROS,glp,23,110.0,100.99,115.0,97.0,125.0
2025-03,MUN,MG|MURIAE,glp,6,105.0,99.995,107.5,99.99,110.0
2025-03,MUN,MG|NOVA LIMA,glp,7,112.0,104.7,115.76,99.0,119.9
2025-03,MUN,MG|OLIVEIRA,glp,6,99.0,99.0,99.5,99.0,100.0
2025-03,MUN,MG|OURO PRETO,glp,4,105.0,89.5,117.0,85.0,120.0
2025-03,MUN,MG|PARA DE MINAS,glp,7,98.0,89.594,121.0,89.0,121.0
2025-03,MUN,MG|PASSOS,glp,7,100.0,99.0,114.0,97.5,120.0
2025-03,MUN,MG|PATROCINIO,glp,6,98.0,95.0,105.0,95.0,110.0
2025-03,MUN,MG|POCOS DE CALDAS,glp,7,115.0,114.194,117.4,113.0,118.0
2025-03,MUN,MG|SABARA,glp,7,115.0,104.0,120.0,95.0,120.0
2025-03,MUN,MG|SAO JOAO DEL REI,glp,7,90.0,89.99,101.8,89.99,104.5
2025-03,MUN,MG|SAO SEBASTIAO DO PARAISO,glp,8,97.5,94.997,113.0,94.99,120.0
2025-03,MUN,MG|SETE LAGOAS,glp,10,106.0,93.581,110.91,89.9,120.0
2025-03,MUN,MG|TEOFILO OTONI,glp,7,115.0,110.0,120.0,110.0,120.0
2025-03,MUN,MG|TIMOTEO,glp,4,100.0,98.6,110.5,98.0,115.0
2025-03,MUN,MG|TRES CORACOES,glp,7,90.0,87.994,95.0,85.0,95.0
2025-03,MUN,MG|UBERABA,glp,12,100.0,90.0,110.0,85.0,110.0
2025-03,MUN,MG|UBERLANDIA,glp,17,105.0,92.99,119.0,90.0,125.0
2025-03,MUN,MG|UNAI,glp,7,115.0,115.0,115.0,115.0,115.0
2025-03,MUN,MG|VARGINHA,glp,6,91.5,86.0,107.5,85.0,110.0
2025-03,MUN,MG|VICOSA,glp,6,110.0,95.0,120.0,90.0,120.0
2025-03,MUN,MS|CAMPO GRANDE,glp,37,109.9,99.957,115.0,95.0,122.0
2025-03,MUN,MS|CORUMBA,glp,6,125.0,122.5,130.0,120.0,130.0
2025-03,MUN,MS|DOURADOS,glp,15,110.0,105.0,124.6,100.0,135.0
2025-03,MUN,MS|PONTA PORA,glp,7,117.0,115.0,123.2,115.0,128.0
2025-03,MUN,MS|TRES LAGOAS,glp,8,115.0,115.0,125.4,115.0,138.0
2025-03,MUN,MT|CACERES,glp,10,120.0,119.5,120.4,115.0,124.0
2025-03,MUN,MT|CUIABA,glp,26,112.995,102.49,125.0,90.0,140.0
2025-03,MUN,MT|RONDONOPOLIS,glp,9,125.0,124.5,132.0,122.5,140.0
2025-03,MUN,MT|SINOP,glp,11,140.0,140.0,145.0,130.0,145.0
2025-03,MUN,MT|SORRISO,glp,8,130.0,128.5,133.0,125.0,140.0
2025-03,MUN,MT|VARZEA GRANDE,glp,21,105.0,98.0,115.0,94.99,125.0
2025-03,MUN,PA|ABAETETUBA,glp,5,105.0,104.4,105.0,104.0,105.0
2025-03,MUN,PA|ALENQUER,glp,4,115.0,113.6,115.0,113.0,115.0
2025-03,MUN,PA|ALTAMIRA,glp,7,125.0,109.6,127.0,109.0,130.0
2025-03,MUN,PA|ANANINDEUA,glp,12,100.0,98.991,105.0,98.99,110.0
2025-03,MUN,PA|BELEM,glp,25,110.0,104.994,120.0,103.0,125.0
2025-03,MUN,PA|BRAGANCA,glp,5,120.0,109.4,120.0,109.0,120.0
2025-03,MUN,PA|CASTANHAL,glp,9,105.8,104.598,110.3,102.99,111.5
2025-03,MUN,PA|CONCEICAO DO ARAGUAIA,glp,6,110.0,110.0,110.0,110.0,110.0
2025-03,MUN,PA|MARABA,glp,7,122.5,110.99,130.0,104.99,130.0
2025-03,MUN,PA|PARAGOMINAS,glp,7,140.0,138.0,140.0,135.0,140.0
2025-03,MUN,PA|PARAUAPEBAS,glp,9,125.0,124.0,125.0,120.0,125.0
2025-03,MUN,PA|SANTAREM,glp,16,88.745,85.0,107.0,85.0,110.0
2025-03,MUN,PB|BAYEUX,glp,7,100.0,95.0,100.0,95.0,100.0
2025-03,MUN,PB|CABEDELO,glp,7,107.0,104.196,110.0,99.99,113.0
2025-03,MUN,PB|CAMPINA GRANDE,glp,10,102.5,94.296,110.5,88.0,115.0
2025-03,MUN,PB|JOAO PESSOA,glp,24,105.0,96.497,105.0,84.99,110.0
2025-03,MUN,PB|PATOS,glp,7,108.0,102.5,110.0,96.5,110.0
2025-03,MUN,PB|SOUSA,glp,4,110.0,106.5,110.0,105.0,110.0
2025-03,MUN,PE|ARARIPINA,glp,7,100.0,100.0,102.5,100.0,102.5
2025-03,MUN,PE|ARCOVERDE,glp,5,95.0,95.0,99.996,95.0,100.0
2025-03,MUN,PE|BELO JARDIM,glp,7,95.0,90.0,96.2,90.0,98.0
2025-03,MUN,PE|CABO DE SANTO AGOSTINHO,glp,7,100.0,87.99,100.0,84.99,100.0
2025-03,MUN,PE|CARUARU,glp,10,85.0,82.52,91.3,80.0,103.0
2025-03,MUN,PE|GARANHUNS,glp,7,100.0,98.0,102.0,95.0,105.0
2025-03,MUN,PE|GOIANA,glp,4,85.0,85.0,88.5,85.0,90.0
2025-03,MUN,PE|IGARASSU,glp,7,100.0,90.0,102.0,90.0,105.0
2025-03,MUN,PE|JABOATAO DOS GUARARAPES,glp,10,95.0,92.449,100.0,91.99,100.0
2025-03,MUN,PE|LAJEDO,glp,4,102.5,100.0,105.0,100.0,105.0
2025-03,MUN,PE|OLINDA,glp,9,86.0,84.998,98.0,84.99,110.0
2025-03,MUN,PE|PAULISTA,glp,10,94.995,90.0,95.4,90.0,99.0
2025-03,MUN,PE|PETROLINA,glp,12,115.0,105.3,124.75,100.0,125.0
2025-03,MUN,PE|RECIFE,glp,15,89.5,85.0,97.4,85.0,100.0
2025-03,MUN,PE|SALGUEIRO,glp,5,105.0,105.0,108.0,105.0,110.0
2025-03,MUN,PE|SANTA CRUZ DO CAPIBARIBE,glp,4,120.0,120.0,120.0,120.0,120.0
2025-03,MUN,PE|SERRA TALHADA,glp,6,115.0,113.75,121.5,112.5,128.0
2025-03,MUN,PE|VITORIA DE SANTO ANTAO,glp,7,87.0,86.6,88.494,86.0,90.0
2025-03,MUN,PI|PARNAIBA,glp,7,110.0,108.0,115.0,105.0,115.0
2025-03,MUN,PI|PICOS,glp,7,105.0,99.0,105.0,93.0,105.0
2025-03,MUN,PI|PIRIPIRI,glp,6,107.49,99.99,115.0,99.99,120.0
2025-03,MUN,PI|TERESINA,glp,24,105.0,100.0,108.797,87.495,110.0
2025-03,MUN,PR|APUCARANA,glp,10,99.9,96.574,100.0,94.99,100.0
2025-03,MUN,PR|ARAPONGAS,glp,9,100.0,98.9,101.0,94.9,105.0
2025-03,MUN,PR|ARAUCARIA,glp,10,100.0,94.8,102.75,93.0,105.0
2025-03,MUN,PR|CAMBE,glp,7,105.0,105.0,110.0,105.0,110.0
2025-03,MUN,PR|CAMPO LARGO,glp,10,98.2,94.5,103.2,90.0,105.0
2025-03,MUN,PR|CAMPO MOURAO,glp,7,105.0,102.96,113.2,99.9,118.0
2025-03,MUN,PR|CASCAVEL,glp,14,105.0,101.497,113.5,100.0,115.0
2025-03,MUN,PR|CASTRO,glp,7,109.9,103.8,114.94,102.0,115.0
2025-03,MUN,PR|CIANORTE,glp,6,104.45,89.95,120.0,84.9,120.0
2025-03,MUN,PR|COLOMBO,glp,14,95.0,89.927,99.0,89.9,99.9
2025-03,MUN,PR|CORNELIO PROCOPIO,glp,6,120.0,112.5,120.0,110.0,120.0
2025-03,MUN,PR|CURITIBA,glp,40,98.995,94.0,104.91,89.9,109.9
2025-03,MUN,PR|FOZ DO IGUACU,glp,14,115.0,115.0,119.4,110.0,120.0
2025-03,MUN,PR|FRANCISCO BELTRAO,glp,5,110.0,98.794,118.0,97.99,118.0
2025-03,MUN,PR|GUARAPUAVA,glp,10,105.0,98.9,110.5,98.0,115.0
2025-03,MUN,PR|LONDRINA,glp,15,105.0,98.8,110.0,93.0,125.0
2025-03,MUN,PR|MARINGA,glp,12,104.95,89.982,105.0,89.9,120.0
2025-03,MUN,PR|PALOTINA,glp,1,115.0,115.0,115.0,115.0,115.0
2025-03,MUN,PR|PARANAGUA,glp,7,95.0,90.0,99.994,90.0,100.0
2025-03,MUN,PR|PARANAVAI,glp,7,104.99,104.9,108.994,104.9,115.0
2025-03,MUN,PR|PONTA GROSSA,glp,7,105.0,105.0,109.94,105.0,110.0
2025-03,MUN,PR|QUEDAS DO IGUACU,glp,1,110.0,110.0,110.0,110.0,110.0
2025-03,MUN,PR|SANTO ANTONIO DA PLATINA,glp,7,113.0,111.778,115.0,109.945,115.0
2025-03,MUN,PR|SAO JOSE DOS PINHAIS,glp,14,95.0,88.0,98.63,85.0,100.0
2025-03,MUN,PR|TOLEDO,glp,10,109.99,109.791,115.5,108.0,120.0
2025-03,MUN,PR|UMUARAMA,glp,7,108.0,99.954,114.0,99.9,120.0
2025-03,MUN,PR|UNIAO DA VITORIA,glp,6,100.0,98.25,105.0,96.5,110.0
2025-03,MUN,RJ|ANGRA DOS REIS,glp,7,125.0,124.2,125.36,123.0,125.9
2025-03,MUN,RJ|ARARUAMA,glp,7,82.49,80.99,90.0,80.99,90.0
2025-03,MUN,RJ|BARRA DO PIRAI,glp,6,99.742,96.995,101.498,94.99,102.0
2025-03,MUN,RJ|BARRA MANSA,glp,7,106.9,101.96,106.9,98.9,106.9
2025-03,MUN,RJ|BELFORD ROXO,glp,7,90.0,86.794,95.0,82.0,95.0
2025-03,MUN,RJ|CABO FRIO,glp,6,89.99,83.495,94.995,82.0,95.0
2025-03,MUN,RJ|CAMPOS DOS GOYTACAZES,glp,9,89.99,85.8,95.192,85.0,96.0
2025-03,MUN,RJ|DUQUE DE CAXIAS,glp,12,89.99,84.99,92.7,78.0,105.0
2025-03,MUN,RJ|ITABORAI,glp,10,99.99,97.891,99.991,88.0,100.0
2025-03,MUN,RJ|ITAPERUNA,glp,7,95.0,95.0,98.5,95.0,100.0
2025-03,MUN,RJ|MACAE,glp,7,135.0,135.0,135.796,135.0,136.99
2025-03,MUN,RJ|MARICA,glp,7,95.0,83.396,100.128,80.99,102.0
2025-03,MUN,RJ|NILOPOLIS,glp,7,110.0,110.0,110.0,110.0,110.0
2025-03,MUN,RJ|NITEROI,glp,7,98.0,82.19,102.39,77.99,105.99
2025-03,MUN,RJ|NOVA FRIBURGO,glp,7,90.0,87.994,99.4,85.0,100.0
2025-03,MUN,RJ|NOVA IGUACU,glp,15,95.0,81.994,115.0,79.99,115.0
2025-03,MUN,RJ|PETROPOLIS,glp,7,100.0,89.954,106.2,89.9,108.0
2025-03,MUN,RJ|RESENDE,glp,8,110.0,110.0,111.5,110.0,115.0
2025-03,MUN,RJ|RIO BONITO,glp,7,87.99,84.996,88.79,84.99,89.99
2025-03,MUN,RJ|RIO DE JANEIRO,glp,25,95.99,89.994,105.0,88.0,105.0
2025-03,MUN,RJ|SANTO ANTONIO DE PADUA,glp,4,99.5,94.0,105.7,94.0,106.0
2025-03,MUN,RJ|SAO GONCALO,glp,15,99.99,94.994,100.6,89.995,115.0
2025-03,MUN,RJ|SAO JOAO DE MERITI,glp,10,90.0,86.99,100.0,86.99,100.0
2025-03,MUN,RJ|SAQUAREMA,glp,7,95.0,83.4,97.994,81.0,98.0
2025-03,MUN,RJ|TRES RIOS,glp,7,89.99,84.99,104.99,84.99,104.99
2025-03,MUN,RJ|VALENCA,glp,6,99.0,97.0,99.5,95.0,100.0
2025-03,MUN,RJ|VOLTA REDONDA,glp,8,99.99,93.4,101.463,89.9,104.9
2025-03,MUN,RN|CAICO,glp,7,115.0,115.0,115.0,115.0,115.0
2025-03,MUN,RN|MOSSORO,glp,10,105.0,99.491,105.0,95.0,105.0
2025-03,MUN,RN|NATAL,glp,16,96.25,91.75,117.5,90.0,128.0
2025-03,MUN,RN|PARNAMIRIM,glp,10,110.0,110.0,110.0,110.0,110.0
2025-03,MUN,RO|ARIQUEMES,glp,8,131.0,125.0,133.6,125.0,135.0
2025-03,MUN,RO|CACOAL,glp,7,135.0,134.0,135.0,134.0,135.0
2025-03,MUN,RO|JI-PARANA,glp,10,121.5,119.8,133.7,118.0,140.0
2025-03,MUN,RO|PIMENTA BUENO,glp,1,143.0,143.0,143.0,143.0,143.0
2025-03,MUN,RO|PORTO VELHO,glp,24,119.5,113.3,124.7,107.0,130.0
2025-03,MUN,RO|VILHENA,glp,7,125.0,119.996,130.8,115.49,132.0
2025-03,MUN,RR|BOA VISTA,glp,23,137.0,130.0,143.2,130.0,155.0
2025-03,MUN,RS|ALEGRETE,glp,4,110.0,103.0,117.0,100.0,120.0
2025-03,MUN,RS|ALVORADA,glp,6,104.49,101.5,107.5,100.0,110.0
2025-03,MUN,RS|BAGE,glp,8,126.0,117.0,127.0,110.0,127.0
2025-03,MUN,RS|BENTO GONCALVES,glp,7,115.0,114.6,122.6,114.0,128.0
2025-03,MUN,RS|CACHOEIRA DO SUL,glp,7,95.0,95.0,102.0,95.0,105.0
2025-03,MUN,RS|CACHOEIRINHA,glp,7,105.0,105.0,107.096,105.0,107.99
2025-03,MUN,RS|CANOAS,glp,15,106.0,100.0,110.0,99.9,110.0
2025-03,MUN,RS|CAXIAS DO SUL,glp,17,110.0,107.4,114.94,99.0,117.5
2025-03,MUN,RS|CRUZ ALTA,glp,6,103.25,99.25,107.0,99.0,107.0
2025-03,MUN,RS|ERECHIM,glp,9,130.0,129.0,140.0,125.0,140.0
2025-03,MUN,RS|ESTEIO,glp,7,110.0,105.0,112.0,105.0,115.0
2025-03,MUN,RS|GRAVATAI,glp,10,108.0,99.499,112.4,94.99,116.0
2025-03,MUN,RS|GUAIBA,glp,7,105.0,99.9,109.94,99.9,110.0
2025-03,MUN,RS|IJUI,glp,7,103.0,94.59,122.8,93.99,127.0
2025-03,MUN,RS|LAJEADO,glp,7,115.0,111.2,118.7,110.0,119.0
2025-03,MUN,RS|NOVO HAMBURGO,glp,10,100.0,98.9,106.7,98.0,113.0
2025-03,MUN,RS|OSORIO,glp,7,100.0,99.59,109.94,98.99,110.0
2025-03,MUN,RS|PASSO FUNDO,glp,13,115.0,113.0,122.0,113.0,123.5
2025-03,MUN,RS|PELOTAS,glp,15,108.0,105.4,110.0,103.9,118.0
2025-03,MUN,RS|PORTO ALEGRE,glp,16,112.0,105.0,119.95,100.0,132.9
2025-03,MUN,RS|SANTA CRUZ DO SUL,glp,10,107.0,106.8,110.4,105.0,114.0
2025-03,MUN,RS|SANTA MARIA,glp,12,109.95,106.2,117.7,105.0,118.9
2025-03,MUN,RS|SANTA ROSA,glp,7,117.0,109.2,124.0,108.0,130.0
2025-03,MUN,RS|SANTANA DO LIVRAMENTO,glp,7,115.0,114.0,124.5,112.5,129.0
2025-03,MUN,RS|SANTO ANGELO,glp,6,119.498,107.99,124.0,107.99,128.0
2025-03,MUN,RS|SAO GABRIEL,glp,6,110.0,110.0,114.0,110.0,118.0
2025-03,MUN,RS|SAO LEOPOLDO,glp,7,99.99,97.4,107.0,95.0,110.0
2025-03,MUN,RS|SAO LUIZ GONZAGA,glp,7,110.0,110.0,123.0,110.0,135.0
2025-03,MUN,RS|SAPIRANGA,glp,7,116.6,110.0,119.0,110.0,119.0
2025-03,MUN,RS|SAPUCAIA DO SUL,glp,8,107.5,100.0,114.3,100.0,115.0
2025-03,MUN,RS|TORRES,glp,4,121.5,112.993,123.0,109.99,123.0
2025-03,MUN,RS|URUGUAIANA,glp,6,122.5,115.0,138.0,115.0,146.0
2025-03,MUN,RS|VACARIA,glp,7,115.0,111.8,120.0,110.0,120.0
2025-03,MUN,RS|VIAMAO,glp,10,102.45,94.7,114.1,92.0,115.0
2025-03,MUN,SC|BLUMENAU,glp,10,121.718,120.0,125.2,120.0,127.45
2025-03,MUN,SC|BRUSQUE,glp,3,130.9,130.18,138.172,130.0,139.99
2025-03,MUN,SC|CACADOR,glp,8,120.0,109.997,138.0,109.99,145.0
2025-03,MUN,SC|CHAPECO,glp,10,130.0,109.405,140.0,109.0,140.0
2025-03,MUN,SC|CONCORDIA,glp,6,112.5,109.995,115.0,109.99,115.0
2025-03,MUN,SC|CRICIUMA,glp,5,100.0,98.4,121.0,98.0,125.0
2025-03,MUN,SC|FLORIANOPOLIS,glp,8,124.245,117.0,133.0,110.0,133.0
2025-03,MUN,SC|ITAJAI,glp,13,112.0,100.0,119.704,100.0,129.0
2025-03,MUN,SC|JOINVILLE,glp,9,120.0,115.0,129.0,115.0,133.0
2025-03,MUN,SC|LAGUNA,glp,7,110.0,104.0,115.0,102.5,115.0
2025-03,MUN,SC|MAFRA,glp,7,110.0,88.396,114.9,79.99,114.9
2025-03,MUN,SC|SAO JOSE,glp,10,120.0,113.591,128.7,110.0,135.0
2025-03,MUN,SC|TUBARAO,glp,7,110.0,96.0,112.0,90.0,115.0
2025-03,MUN,SC|VIDEIRA,glp,7,127.0,117.6,130.8,114.0,135.0
2025-03,MUN,SE|ARACAJU,glp,15,104.9,99.936,105.56,99.9,110.0
2025-03,MUN,SE|ITABAIANA,glp,8,103.75,99.99,111.5,99.99,115.0
2025-03,MUN,SE|LAGARTO,glp,7,105.0,100.0,105.0,100.0,105.0
2025-03,MUN,SE|NOSSA SENHORA DO SOCORRO,glp,8,102.0,99.997,104.0,99.99,104.0
2025-03,MUN,SP|ADAMANTINA,glp,7,98.0,89.2,105.43,88.0,109.9
2025-03,MUN,SP|AMERICANA,glp,7,105.0,102.99,118.996,99.99,124.99
2025-03,MUN,SP|ARACATUBA,glp,15,89.99,89.936,99.0,85.99,100.0
2025-03,MUN,SP|ARARAS,glp,7,99.0,99.0,102.6,99.0,108.0
2025-03,MUN,SP|ASSIS,glp,9,110.0,95.0,120.0,95.0,120.0
2025-03,MUN,SP|ATIBAIA,glp,9,115.0,99.0,121.0,95.0,125.0
2025-03,MUN,SP|AVARE,glp,7,99.0,98.596,103.8,97.99,109.5
2025-03,MUN,SP|BARRETOS,glp,6,110.0,105.0,115.0,105.0,120.0
2025-03,MUN,SP|BARUERI,glp,10,110.0,104.999,120.599,104.99,125.99
2025-03,MUN,SP|BAURU,glp,11,105.0,90.0,105.0,89.99,107.0
2025-03,MUN,SP|BEBEDOURO,glp,7,110.0,97.99,115.0,94.99,115.0
2025-03,MUN,SP|BIRIGUI,glp,9,102.495,93.972,103.496,89.9,107.5
2025-03,MUN,SP|BOTUCATU,glp,8,105.0,103.5,109.285,100.0,109.95
2025-03,MUN,SP|BRAGANCA PAULISTA,glp,11,110.0,105.99,119.99,94.99,120.0
2025-03,MUN,SP|CACAPAVA,glp,6,99.495,79.99,101.495,74.99,103.0
2025-03,MUN,SP|CAMPINAS,glp,15,99.99,89.99,109.99,89.99,110.0
2025-03,MUN,SP|CARAGUATATUBA,glp,7,100.0,99.996,115.94,99.99,125.0
2025-03,MUN,SP|CARAPICUIBA,glp,11,104.99,90.0,109.99,89.99,110.0
2025-03,MUN,SP|CATANDUVA,glp,6,112.5,107.5,115.0,105.0,115.0
2025-03,MUN,SP|COTIA,glp,7,119.99,105.89,129.454,104.99,130.0
2025-03,MUN,SP|CRUZEIRO,glp,7,89.99,89.394,89.99,88.5,89.99
2025-03,MUN,SP|CUBATAO,glp,7,120.0,114.2,122.0,110.0,125.0
2025-03,MUN,SP|DIADEMA,glp,8,104.99,95.19,107.19,83.99,109.99
2025-03,MUN,SP|ELISIARIO,glp,1,102.5,102.5,102.5,102.5,102.5
2025-03,MUN,SP|EMBU DAS ARTES,glp,10,107.445,99.59,110.491,95.99,115.0
2025-03,MUN,SP|FRANCA,glp,11,104.99,99.99,110.0,99.99,110.0
2025-03,MUN,SP|GARCA,glp,6,108.45,107.0,110.0,107.0,110.0
2025-03,MUN,SP|GUARATINGUETA,glp,6,94.0,82.495,105.0,74.99,105.0
2025-03,MUN,SP|GUARUJA,glp,7,115.0,105.994,117.0,100.0,120.0
2025-03,MUN,SP|GUARULHOS,glp,13,96.99,90.998,108.992,90.0,120.0
2025-03,MUN,SP|HORTOLANDIA,glp,8,92.49,89.99,99.39,89.99,104.99
2025-03,MUN,SP|INDAIATUBA,glp,7,113.0,111.2,116.4,110.0,120.0
2025-03,MUN,SP|ITANHAEM,glp,7,109.99,99.996,112.796,99.99,116.99
2025-03,MUN,SP|ITAPECERICA DA SERRA,glp,6,106.24,99.99,108.74,99.99,109.99
2025-03,MUN,SP|ITAPETININGA,glp,3,125.0,122.2,125.0,121.5,125.0
2025-03,MUN,SP|ITAPEVA,glp,4,119.248,116.042,120.0,114.99,120.0
2025-03,MUN,SP|ITAPOLIS,glp,7,120.0,115.0,121.0,115.0,121.0
2025-03,MUN,SP|ITAQUAQUECETUBA,glp,11,94.99,89.99,94.99,89.99,94.99
2025-03,MUN,SP|ITATIBA,glp,7,110.0,102.996,110.0,99.99,110.0
2025-03,MUN,SP|ITU,glp,5,113.0,110.0,115.0,110.0,115.0
2025-03,MUN,SP|JABOTICABAL,glp,6,99.945,95.995,112.5,95.0,115.0
2025-03,MUN,SP|JACAREI,glp,9,99.0,94.792,109.9,94.0,109.9
2025-03,MUN,SP|JALES,glp,7,100.0,95.0,103.58,95.0,108.95
2025-03,MUN,SP|JAU,glp,7,110.0,97.6,111.56,94.0,113.9
2025-03,MUN,SP|JOSE BONIFACIO,glp,7,103.0,100.0,105.0,100.0,105.0
2025-03,MUN,SP|JUNDIAI,glp,8,115.0,105.69,120.0,104.99,120.0
2025-03,MUN,SP|LEME,glp,4,102.5,96.5,112.0,95.0,115.0
2025-03,MUN,SP|LIMEIRA,glp,9,99.995,98.99,118.0,94.99,118.0
2025-03,MUN,SP|LINS,glp,6,109.995,95.0,120.0,95.0,120.0
2025-03,MUN,SP|LORENA,glp,6,88.0,82.5,95.5,80.0,100.0
2025-03,MUN,SP|MARILIA,glp,8,122.25,120.0,125.0,120.0,125.0
2025-03,MUN,SP|MATAO,glp,7,107.495,99.99,115.0,99.99,115.0
2025-03,MUN,SP|MAUA,glp,9,109.99,99.99,110.0,99.99,110.0
2025-03,MUN,SP|MOCOCA,glp,7,110.0,104.99,117.0,104.99,120.0
2025-03,MUN,SP|MOGI DAS CRUZES,glp,5,110.0,108.736,117.0,107.9,117.0
2025-03,MUN,SP|MOGI GUACU,glp,2,110.0,110.0,110.0,110.0,110.0
2025-03,MUN,SP|MOGI MIRIM,glp,2,105.0,105.0,105.0,105.0,105.0
2025-03,MUN,SP|MONTE ALTO,glp,7,110.0,105.0,110.0,105.0,110.0
2025-03,MUN,SP|OLIMPIA,glp,7,95.0,95.0,95.0,95.0,95.0
2025-03,MUN,SP|OSASCO,glp,12,101.735,93.19,118.99,92.49,119.99
2025-03,MUN,SP|OURINHOS,glp,7,104.95,94.56,109.0,93.9,109.0
2025-03,MUN,SP|PARAGUACU PAULISTA,glp,5,115.0,112.0,120.0,110.0,120.0
2025-03,MUN,SP|PAULINIA,glp,6,110.0,99.995,115.0,99.99,120.0
2025-03,MUN,SP|PIRACICABA,glp,11,99.99,99.99,115.0,97.99,115.0
2025-03,MUN,SP|PIRASSUNUNGA,glp,7,109.9,99.0,112.0,99.0,112.0
2025-03,MUN,SP|POA,glp,7,99.99,94.99,109.99,94.99,109.99
2025-03,MUN,SP|PRAIA GRANDE,glp,9,113.0,109.99,119.9,109.99,119.9
2025-03,MUN,SP|PRESIDENTE PRUDENTE,glp,12,111.495,99.99,115.0,99.9,115.0
2025-03,MUN,SP|RIBEIRAO PIRES,glp,7,110.0,94.96,125.0,94.9,125.0
2025-03,MUN,SP|RIBEIRAO PRETO,glp,11,100.0,100.0,115.0,99.99,119.99
2025-03,MUN,SP|RIO CLARO,glp,5,100.0,97.0,100.0,95.0,100.0
2025-03,MUN,SP|SALTO,glp,4,99.995,92.99,106.65,89.99,109.5
2025-03,MUN,SP|SANTO ANDRE,glp,10,105.0,99.99,120.191,99.99,122.0
2025-03,MUN,SP|SANTOS,glp,10,125.0,119.99,129.91,119.9,130.0
2025-03,MUN,SP|SAO BERNARDO DO CAMPO,glp,5,119.99,111.99,130.4,109.99,134.0
2025-03,MUN,SP|SAO CAETANO DO SUL,glp,5,114.99,103.99,122.99,99.99,124.99
2025-03,MUN,SP|SAO CARLOS,glp,14,125.0,120.0,126.85,118.0,139.0
2025-03,MUN,SP|SAO JOAO DA BOA VISTA,glp,7,100.0,98.0,105.0,95.0,105.0
2025-03,MUN,SP|SAO JOSE DO RIO PRETO,glp,20,115.0,104.75,120.5,101.5,130.0
2025-03,MUN,SP|SAO JOSE DOS CAMPOS,glp,15,98.9,82.39,114.99,74.99,115.0
2025-03,MUN,SP|SAO PAULO,glp,46,109.99,99.99,122.0,89.99,129.99
2025-03,MUN,SP|SAO VICENTE,glp,10,119.9,111.199,129.9,103.99,129.9
2025-03,MUN,SP|SERTAOZINHO,glp,10,96.0,94.99,103.0,94.99,103.0
2025-03,MUN,SP|SOROCABA,glp,15,109.99,101.99,123.0,99.99,125.0
2025-03,MUN,SP|SUMARE,glp,8,96.24,94.39,99.927,92.99,99.99
2025-03,MUN,SP|SUZANO,glp,10,99.495,94.49,108.9,89.99,117.0
2025-03,MUN,SP|TABOAO DA SERRA,glp,7,99.99,96.5,108.99,96.5,114.99
2025-03,MUN,SP|TATUI,glp,7,129.0,128.0,129.0,128.0,129.0
2025-03,MUN,SP|TAUBATE,glp,10,90.0,84.85,99.1,83.5,100.0
2025-03,MUN,SP|TUPA,glp,4,110.0,102.3,110.0,99.0,110.0
2025-03,MUN,SP|UBATUBA,glp,8,100.0,92.475,110.95,92.475,115.5
2025-03,MUN,SP|VALINHOS,glp,7,99.99,97.79,111.994,95.99,115.0
2025-03,MUN,SP|VARZEA PAULISTA,glp,7,90.0,89.392,103.6,88.495,112.0
2025-03,MUN,SP|VINHEDO,glp,7,99.99,95.591,104.0,95.0,110.0
2025-03,MUN,SP|VOTORANTIM,glp,7,107.99,100.996,112.0,94.99,115.0
2025-03,MUN,SP|VOTUPORANGA,glp,10,106.95,99.8,110.0,98.0,110.0
2025-03,MUN,TO|ARAGUAINA,glp,12,130.0,127.75,130.0,122.5,130.0
2025-03,MUN,TO|GURUPI,glp,8,120.0,120.0,125.0,120.0,125.0
2025-03,MUN,TO|PALMAS,glp,14,125.0,120.0,130.0,120.0,130.0
2025-03,MUN,TO|PARAISO DO TOCANTINS,glp,6,128.75,125.0,130.0,125.0,130.0
2025-03,MUN,TO|PORTO NACIONAL,glp,7,125.0,125.0,130.0,125.0,130.0
2025-03,UF,AC,glp,33,125.0,116.0,128.0,107.0,135.0
2025-03,UF,AL,glp,49,99.0,90.0,105.4,84.99,115.0
2025-03,UF,AM,glp,80,129.0,120.0,136.55,118.0,149.0
2025-03,UF,AP,glp,19,120.0,109.6,129.2,107.0,130.0
2025-03,UF,BA,glp,188,120.0,105.0,135.0,89.0,153.0
2025-03,UF,CE,glp,85,108.0,95.0,116.8,88.88,122.0
2025-03,UF,DF,glp,36,100.0,94.745,107.75,89.99,119.99
2025-03,UF,ES,glp,101,100.0,89.99,110.0,80.0,122.0
2025-03,UF,GO,glp,168,106.495,95.0,128.0,85.0,130.0
2025-03,UF,MA,glp,90,110.0,105.0,125.0,99.99,130.0
2025-03,UF,MG,glp,421,105.0,90.0,120.0,75.99,130.0
2025-03,UF,MS,glp,73,110.0,100.998,125.0,95.0,138.0
2025-03,UF,MT,glp,85,120.0,99.994,140.0,90.0,145.0
2025-03,UF,PA,glp,112,110.0,98.99,125.0,85.0,140.0
2025-03,UF,PB,glp,59,105.0,95.0,110.0,84.99,115.0
2025-03,UF,PE,glp,136,95.0,85.0,115.0,80.0,128.0
2025-03,UF,PI,glp,44,105.0,99.997,110.0,87.495,120.0
2025-03,UF,PR,glp,263,102.495,94.18,115.0,84.9,125.0
2025-03,UF,RJ,glp,232,97.745,85.0,110.0,77.99,136.99
2025-03,UF,RN,glp,43,105.0,95.0,115.0,90.0,128.0
2025-03,UF,RO,glp,57,124.0,115.0,135.0,107.0,143.0
2025-03,UF,RR,glp,23,137.0,130.0,143.2,130.0,155.0
2025-03,UF,RS,glp,289,110.0,100.0,122.0,92.0,146.0
2025-03,UF,SC,glp,110,118.0,100.0,131.11,79.99,145.0
2025-03,UF,SE,glp,38,104.45,99.99,107.2,99.9,115.0
2025-03,UF,SP,glp,801,105.0,94.99,120.0,74.99,139.0
2025-03,UF,TO,glp,47,127.5,120.0,130.0,120.0,130.0
2025-04,BR,BR,glp,3645,109.0,94.99,125.0,74.99,155.0
2025-04,MUN,AC|CRUZEIRO DO SUL,glp,7,128.0,126.8,128.8,125.0,130.0
2025-04,MUN,AC|RIO BRANCO,glp,26,121.0,112.0,127.5,107.0,135.0
2025-04,MUN,AL|ARAPIRACA,glp,9,100.0,97.192,103.4,90.0,105.0
2025-04,MUN,AL|DELMIRO GOUVEIA,glp,4,105.0,105.0,108.5,105.0,110.0
2025-04,MUN,AL|MACEIO,glp,26,100.5,88.995,111.0,84.99,115.0
2025-04,MUN,AL|PALMEIRA DOS INDIOS,glp,3,95.0,91.0,95.0,90.0,95.0
2025-04,MUN,AL|RIO LARGO,glp,7,99.99,97.4,99.997,95.0,100.0
2025-04,MUN,AM|MANACAPURU,glp,7,130.0,125.2,135.4,121.0,136.0
2025-04,MUN,AM|MANAUS,glp,65,128.0,120.0,134.194,118.0,149.0
2025-04,MUN,AM|PARINTINS,glp,7,136.0,134.0,139.0,134.0,139.0
2025-04,MUN,AP|MACAPA,glp,14,117.25,113.0,133.15,108.0,135.0
2025-04,MUN,AP|SANTANA,glp,9,110.0,93.4,126.2,85.0,131.0
2025-04,MUN,BA|ALAGOINHAS,glp,7,120.0,118.79,123.6,116.99,126.0
2025-04,MUN,BA|BARREIRAS,glp,7,135.0,131.0,135.0,125.0,135.0
2025-04,MUN,BA|BRUMADO,glp,2,120.0,116.0,124.0,115.0,125.0
2025-04,MUN,BA|CAETITE,glp,7,110.0,109.0,115.0,107.5,115.0
2025-04,MUN,BA|EUNAPOLIS,glp,7,115.0,105.994,115.0,100.0,115.0
2025-04,MUN,BA|FEIRA DE SANTANA,glp,6,110.0,103.495,114.9,102.0,114.9
2025-04,MUN,BA|GUANAMBI,glp,8,112.5,110.0,120.0,110.0,120.0
2025-04,MUN,BA|ILHEUS,glp,7,134.99,130.0,151.2,130.0,153.0
2025-04,MUN,BA|IPIRA,glp,4,115.0,113.25,115.0,112.5,115.0
2025-04,MUN,BA|IRECE,glp,2,122.5,120.5,124.5,120.0,125.0
2025-04,MUN,BA|ITABUNA,glp,7,110.0,109.0,122.0,107.5,125.0
2025-04,MUN,BA|ITAMARAJU,glp,7,105.0,95.0,110.0,95.0,110.0
2025-04,MUN,BA|JACOBINA,glp,5,135.0,135.0,139.2,135.0,142.0
2025-04,MUN,BA|JAGUAQUARA,glp,6,120.0,115.0,125.0,110.0,125.0
2025-04,MUN,BA|JEQUIE,glp,7,110.0,100.0,117.0,100.0,120.0
2025-04,MUN,BA|JUAZEIRO,glp,6,110.0,108.75,110.0,107.5,110.0
2025-04,MUN,BA|LIVRAMENTO DE NOSSA SENHORA,glp,7,115.0,113.0,117.0,110.0,120.0
2025-04,MUN,BA|PAULO AFONSO,glp,5,105.0,101.2,111.0,100.0,115.0
2025-04,MUN,BA|POCOES,glp,7,110.0,105.6,121.0,105.0,122.5
2025-04,MUN,BA|PORTO SEGURO,glp,5,105.0,105.0,118.0,105.0,120.0
2025-04,MUN,BA|SALVADOR,glp,28,126.0,115.0,140.0,113.0,148.0
2025-04,MUN,BA|SANTO ANTONIO DE JESUS,glp,7,110.0,109.0,128.6,107.5,137.0
2025-04,MUN,BA|SENHOR DO BONFIM,glp,3,120.0,120.0,120.0,120.0,120.0
2025-04,MUN,BA|SERRINHA,glp,7,135.0,131.0,135.0,125.0,135.0
2025-04,MUN,BA|TEIXEIRA DE FREITAS,glp,9,91.5,89.792,95.0,89.0,95.0
2025-04,MUN,BA|VALENCA,glp,6,130.0,127.5,132.5,125.0,135.0
2025-04,MUN,BA|VITORIA DA CONQUISTA,glp,9,114.99,110.0,136.0,110.0,140.0
2025-04,MUN,CE|CANINDE,glp,3,109.5,105.9,113.1,105.0,114.0
2025-04,MUN,CE|CAUCAIA,glp,10,98.0,94.99,111.2,94.99,122.0
2025-04,MUN,CE|FORTALEZA,glp,23,103.0,99.196,115.0,95.0,122.0
2025-04,MUN,CE|ICO,glp,5,117.0,110.8,118.0,108.0,118.0
2025-04,MUN,CE|IGUATU,glp,7,114.0,109.2,114.994,108.0,115.0
2025-04,MUN,CE|ITAPIPOCA,glp,7,120.0,101.0,120.0,95.0,120.0
2025-04,MUN,CE|JUAZEIRO DO NORTE,glp,7,115.0,112.4,116.2,110.0,118.0
2025-04,MUN,CE|LIMOEIRO DO NORTE,glp,5,115.0,97.8,116.6,97.0,117.0
2025-04,MUN,CE|QUIXADA,glp,7,96.99,94.59,110.0,93.99,110.0
2025-04,MUN,CE|SOBRAL,glp,3,110.0,104.0,111.6,102.5,112.0
2025-04,MUN,DF|BRASILIA,glp,36,100.0,94.99,106.5,94.5,119.99
2025-04,MUN,ES|ARACRUZ,glp,7,104.0,99.996,112.0,99.99,115.0
2025-04,MUN,ES|CACHOEIRO DE ITAPEMIRIM,glp,8,99.995,89.093,112.9,87.0,122.0
2025-04,MUN,ES|CARIACICA,glp,12,100.0,95.099,109.0,85.0,110.0
2025-04,MUN,ES|COLATINA,glp,8,95.0,89.397,96.5,87.99,100.0
2025-04,MUN,ES|GUARAPARI,glp,10,95.0,94.94,100.0,94.49,100.0
2025-04,MUN,ES|LINHARES,glp,11,110.0,105.0,115.0,105.0,120.0
2025-04,MUN,ES|SAO MATEUS,glp,10,110.0,109.491,110.0,105.0,110.0
2025-04,MUN,ES|SERRA,glp,14,90.0,87.99,98.949,85.0,100.0
2025-04,MUN,ES|VILA VELHA,glp,13,100.0,95.4,100.0,95.0,110.0
2025-04,MUN,ES|VITORIA,glp,7,95.0,89.996,108.0,89.99,120.0
2025-04,MUN,GO|AGUAS LINDAS DE GOIAS,glp,13,98.0,94.99,100.0,94.99,100.0
2025-04,MUN,GO|ANAPOLIS,glp,20,110.0,110.0,115.0,110.0,115.0
2025-04,MUN,GO|APARECIDA DE GOIANIA,glp,24,100.0,95.0,115.0,94.99,115.0
2025-04,MUN,GO|CALDAS NOVAS,glp,10,108.0,99.71,115.5,98.0,120.0
2025-04,MUN,GO|CATALAO,glp,7,110.0,108.0,115.0,105.0,115.0
2025-04,MUN,GO|FORMOSA,glp,7,105.0,101.5,114.0,100.0,120.0
2025-04,MUN,GO|GOIANIA,glp,19,105.0,99.52,116.0,89.99,130.0
2025-04,MUN,GO|GOIATUBA,glp,4,120.0,116.5,123.5,115.0,125.0
2025-04,MUN,GO|ITUMBIARA,glp,7,110.0,108.8,119.0,107.0,125.0
2025-04,MUN,GO|LUZIANIA,glp,6,99.5,97.995,105.0,96.99,105.0
2025-04,MUN,GO|MINEIROS,glp,7,128.0,120.0,128.0,120.0,128.0
2025-04,MUN,GO|MORRINHOS,glp,6,100.0,98.0,102.5,98.0,105.0
2025-04,MUN,GO|PORANGATU,glp,7,115.0,113.996,115.4,113.99,116.0
2025-04,MUN,GO|RIO VERDE,glp,10,130.0,130.0,130.0,130.0,130.0
2025-04,MUN,GO|TRINDADE,glp,13,94.99,88.39,100.0,85.0,105.0
2025-04,MUN,GO|VALPARAISO DE GOIAS,glp,9,99.99,98.198,106.0,94.99,110.0
2025-04,MUN,MA|ACAILANDIA,glp,8,109.0,105.0,110.0,105.0,110.0
2025-04,MUN,MA|BACABAL,glp,6,120.0,114.998,120.0,110.0,120.0
2025-04,MUN,MA|BALSAS,glp,6,125.0,125.0,125.0,125.0,125.0
2025-04,MUN,MA|BARRA DO CORDA,glp,7,125.0,110.0,125.0,110.0,125.0
2025-04,MUN,MA|CODO,glp,7,115.0,115.0,115.0,115.0,115.0
2025-04,MUN,MA|IMPERATRIZ,glp,11,110.0,109.99,110.0,105.0,110.0
2025-04,MUN,MA|PINHEIRO,glp,7,125.0,119.96,130.0,119.9,130.0
2025-04,MUN,MA|PRESIDENTE DUTRA,glp,4,115.0,113.6,118.5,113.0,120.0
2025-04,MUN,MA|SAO JOSE DE RIBAMAR,glp,9,114.99,109.792,115.498,109.0,117.49
2025-04,MUN,MA|SAO LUIS,glp,29,117.49,113.992,119.99,110.0,119.99
2025-04,MUN,MG|ALFENAS,glp,7,100.0,84.996,110.0,84.99,110.0
2025-04,MUN,MG|ARAGUARI,glp,7,100.0,98.0,109.6,95.0,112.0
2025-04,MUN,MG|ARAXA,glp,7,97.5,95.1,99.0,93.0,99.0
2025-04,MUN,MG|BARBACENA,glp,7,99.9,98.92,100.0,98.8,100.0
2025-04,MUN,MG|BELO HORIZONTE,glp,17,100.0,92.99,111.0,89.99,125.0
2025-04,MUN,MG|BETIM,glp,10,100.0,94.8,114.1,93.0,115.0
2025-04,MUN,MG|CAMPO BELO,glp,7,100.0,100.0,107.5,100.0,107.5
2025-04,MUN,MG|CARATINGA,glp,7,115.0,108.0,124.0,105.0,130.0
2025-04,MUN,MG|CONGONHAS,glp,7,103.0,94.996,108.2,94.99,110.0
2025-04,MUN,MG|CONSELHEIRO LAFAIETE,glp,7,95.0,89.2,103.994,88.0,110.0
2025-04,MUN,MG|CONTAGEM,glp,13,110.0,103.0,115.0,94.99,126.0
2025-04,MUN,MG|CORONEL FABRICIANO,glp,7,115.0,115.0,125.0,115.0,125.0
2025-04,MUN,MG|CURVELO,glp,7,90.0,88.0,100.0,88.0,100.0
2025-04,MUN,MG|DIVINOPOLIS,glp,10,92.495,89.79,105.5,87.99,110.0
2025-04,MUN,MG|FORMIGA,glp,7,115.0,110.0,115.0,110.0,115.0
2025-04,MUN,MG|FRUTAL,glp,5,99.99,96.6,118.0,95.0,130.0
2025-04,MUN,MG|GOVERNADOR VALADARES,glp,10,120.0,116.3,125.0,110.0,125.0
2025-04,MUN,MG|GUAXUPE,glp,7,100.0,89.96,110.0,89.9,110.0
2025-04,MUN,MG|IPATINGA,glp,7,105.0,100.2,118.8,93.0,120.0
2025-04,MUN,MG|ITAJUBA,glp,8,87.5,80.497,100.3,76.99,115.0
2025-04,MUN,MG|ITAUNA,glp,7,105.0,100.2,122.0,96.0,122.0
2025-04,MUN,MG|ITUIUTABA,glp,8,98.0,90.0,101.0,90.0,108.0
2025-04,MUN,MG|JANAUBA,glp,7,115.0,115.0,115.0,115.0,115.0
2025-04,MUN,MG|JANUARIA,glp,7,125.0,122.2,125.0,118.0,125.0
2025-04,MUN,MG|JOAO MONLEVADE,glp,7,105.0,101.5,112.0,100.0,115.0
2025-04,MUN,MG|JOAO PINHEIRO,glp,7,115.0,114.96,117.0,114.9,120.0
2025-04,MUN,MG|JUIZ DE FORA,glp,15,89.99,86.196,101.196,84.99,120.0
2025-04,MUN,MG|LAVRAS,glp,7,105.0,99.996,110.0,99.99,110.0
2025-04,MUN,MG|LEOPOLDINA,glp,6,105.0,99.5,114.5,99.0,115.0
2025-04,MUN,MG|MONTE CARMELO,glp,6,100.0,95.0,100.0,90.0,100.0
2025-04,MUN,MG|MONTES CLAROS,glp,23,110.0,100.99,119.0,97.0,125.0
2025-04,MUN,MG|MURIAE,glp,6,105.0,101.245,107.5,99.99,110.0
2025-04,MUN,MG|OLIVEIRA,glp,6,105.0,102.5,105.0,100.0,105.0
2025-04,MUN,MG|OURO PRETO,glp,4,105.0,93.0,118.4,90.0,122.0
2025-04,MUN,MG|PASSOS,glp,7,110.0,100.0,114.0,100.0,120.0
2025-04,MUN,MG|PATROCINIO,glp,6,100.0,98.0,105.0,98.0,110.0
2025-04,MUN,MG|POCOS DE CALDAS,glp,7,117.0,112.594,117.7,109.0,118.0
2025-04,MUN,MG|SAO JOAO DEL REI,glp,7,90.0,89.99,102.8,89.99,107.0
2025-04,MUN,MG|SAO SEBASTIAO DO PARAISO,glp,8,100.0,98.5,110.0,95.0,110.0
2025-04,MUN,MG|SETE LAGOAS,glp,10,107.0,93.581,110.91,89.9,120.0
2025-04,MUN,MG|TEOFILO OTONI,glp,7,110.0,110.0,112.0,110.0,115.0
2025-04,MUN,MG|TRES CORACOES,glp,7,90.0,88.0,95.0,85.0,95.0
2025-04,MUN,MG|UBERABA,glp,12,95.0,89.1,107.25,88.0,110.0
2025-04,MUN,MG|UBERLANDIA,glp,18,102.5,92.99,118.0,85.0,125.0
2025-04,MUN,MG|UNAI,glp,7,115.0,115.0,115.0,115.0,115.0
2025-04,MUN,MG|VARGINHA,glp,7,95.0,86.6,107.0,86.0,110.0
2025-04,MUN,MG|VICOSA,glp,6,112.5,105.0,120.0,100.0,120.0
2025-04,MUN,MS|CAMPO GRANDE,glp,37,109.9,99.54,115.0,95.0,122.0
2025-04,MUN,MS|CORUMBA,glp,6,128.5,123.5,130.0,120.0,130.0
2025-04,MUN,MS|DOURADOS,glp,15,110.0,105.0,131.0,105.0,135.0
2025-04,MUN,MS|PONTA PORA,glp,7,120.0,115.0,123.2,115.0,128.0
2025-04,MUN,MS|TRES LAGOAS,glp,6,117.5,115.0,129.0,115.0,138.0
2025-04,MUN,MT|CACERES,glp,10,120.0,119.5,120.4,115.0,124.0
2025-04,MUN,MT|CUIABA,glp,26,115.0,104.995,125.0,90.0,140.0
2025-04,MUN,MT|RONDONOPOLIS,glp,9,125.0,124.0,132.0,120.0,140.0
2025-04,MUN,MT|SINOP,glp,11,140.0,130.0,140.0,130.0,140.0
2025-04,MUN,MT|SORRISO,glp,7,130.0,122.994,135.0,120.0,135.0
2025-04,MUN,MT|VARZEA GRANDE,glp,21,105.0,98.0,119.99,94.99,125.0
2025-04,MUN,PA|ABAETETUBA,glp,5,110.0,110.0,110.0,110.0,110.0
2025-04,MUN,PA|ALENQUER,glp,4,115.0,113.6,115.0,113.0,115.0
2025-04,MUN,PA|ALTAMIRA,glp,6,126.25,121.75,129.995,118.5,130.0
2025-04,MUN,PA|ANANINDEUA,glp,12,100.0,98.99,110.0,98.0,111.0
2025-04,MUN,PA|BELEM,glp,25,110.0,104.994,120.0,104.0,125.0
2025-04,MUN,PA|BRAGANCA,glp,6,115.0,109.0,118.75,109.0,120.0
2025-04,MUN,PA|CASTANHAL,glp,9,105.0,104.598,108.0,102.99,108.0
2025-04,MUN,PA|CONCEICAO DO ARAGUAIA,glp,6,110.0,110.0,113.75,110.0,117.5
2025-04,MUN,PA|MARABA,glp,10,125.0,105.0,128.2,105.0,130.0
2025-04,MUN,PA|PARAGOMINAS,glp,7,140.0,138.0,140.0,135.0,140.0
2025-04,MUN,PA|PARAUAPEBAS,glp,9,125.0,124.0,125.0,120.0,125.0
2025-04,MUN,PA|SANTAREM,glp,16,85.0,85.0,110.0,84.99,110.0
2025-04,MUN,PB|BAYEUX,glp,7,105.0,95.0,105.0,95.0,105.0
2025-04,MUN,PB|CABEDELO,glp,7,107.0,104.196,110.0,99.99,113.0
2025-04,MUN,PB|CAMPINA GRANDE,glp,8,100.0,89.997,106.5,89.99,110.0
2025-04,MUN,PB|JOAO PESSOA,glp,24,105.0,96.497,110.0,84.99,110.0
2025-04,MUN,PB|PATOS,glp,7,108.0,99.2,110.0,98.0,110.0
2025-04,MUN,PB|SOUSA,glp,5,105.0,105.0,110.0,105.0,110.0
2025-04,MUN,PE|ARARIPINA,glp,7,105.0,103.0,105.0,100.0,105.0
2025-04,MUN,PE|ARCOVERDE,glp,4,95.0,94.993,98.5,94.99,100.0
2025-04,MUN,PE|BELO JARDIM,glp,6,93.5,90.0,96.5,90.0,98.0
2025-04,MUN,PE|CABO DE SANTO AGOSTINHO,glp,7,100.0,89.99,100.0,89.99,100.0
2025-04,MUN,PE|CARUARU,glp,10,90.0,83.6,91.3,80.0,103.0
2025-04,MUN,PE|GARANHUNS,glp,7,102.0,100.0,103.2,97.0,105.0
2025-04,MUN,PE|GOIANA,glp,4,86.0,85.0,92.6,85.0,95.0
2025-04,MUN,PE|IGARASSU,glp,8,95.0,90.0,105.0,90.0,105.0
2025-04,MUN,PE|JABOATAO DOS GUARARAPES,glp,10,99.49,95.0,100.5,95.0,105.0
2025-04,MUN,PE|LAJEDO,glp,4,105.0,101.5,105.0,100.0,105.0
2025-04,MUN,PE|OLINDA,glp,9,89.99,84.998,98.0,84.99,110.0
2025-04,MUN,PE|PAULISTA,glp,10,95.0,94.99,99.991,94.99,100.0
2025-04,MUN,PE|PETROLINA,glp,12,116.0,110.0,120.0,100.0,125.0
2025-04,MUN,PE|RECIFE,glp,15,90.0,86.196,97.4,85.0,100.0
2025-04,MUN,PE|SALGUEIRO,glp,5,105.0,105.0,108.0,105.0,110.0
2025-04,MUN,PE|SANTA CRUZ DO CAPIBARIBE,glp,4,105.0,105.0,105.0,105.0,105.0
2025-04,MUN,PE|SERRA TALHADA,glp,6,115.0,115.0,121.5,115.0,128.0
2025-04,MUN,PE|VITORIA DE SANTO ANTAO,glp,7,89.99,87.0,90.0,87.0,90.0
2025-04,MUN,PI|PARNAIBA,glp,7,110.0,107.997,115.0,105.0,115.0
2025-04,MUN,PI|PICOS,glp,7,103.0,98.4,105.0,96.0,105.0
2025-04,MUN,PI|PIRIPIRI,glp,6,109.995,102.49,120.0,99.99,120.0
2025-04,MUN,PI|TERESINA,glp,24,105.0,100.0,108.5,100.0,110.0
2025-04,MUN,PR|APUCARANA,glp,10,99.9,99.005,100.0,95.0,100.0
2025-04,MUN,PR|ARAPONGAS,glp,9,100.0,99.5,100.0,97.9,100.0
2025-04,MUN,PR|ARAUCARIA,glp,10,97.5,94.8,105.5,93.0,110.0
2025-04,MUN,PR|CAMBE,glp,7,110.0,105.0,110.0,105.0,110.0
2025-04,MUN,PR|CAMPO LARGO,glp,10,98.0,94.5,103.7,90.0,110.0
2025-04,MUN,PR|CAMPO MOURAO,glp,7,110.0,105.0,113.2,105.0,118.0
2025-04,MUN,PR|CASCAVEL,glp,14,110.0,101.5,115.0,100.0,115.0
2025-04,MUN,PR|CASTRO,glp,7,105.0,102.6,115.8,99.0,117.0
2025-04,MUN,PR|CIANORTE,glp,7,114.0,90.96,124.0,84.9,130.0
2025-04,MUN,PR|COLOMBO,glp,14,98.5,89.927,99.63,89.9,100.0
2025-04,MUN,PR|CORNELIO PROCOPIO,glp,6,110.0,106.25,112.5,102.5,115.0
2025-04,MUN,PR|CURITIBA,glp,40,99.9,94.0,104.91,90.0,110.0
2025-04,MUN,PR|FOZ DO IGUACU,glp,14,115.0,110.0,119.4,100.0,120.0
2025-04,MUN,PR|FRANCISCO BELTRAO,glp,5,110.95,107.0,116.8,105.0,118.0
2025-04,MUN,PR|GUARAPUAVA,glp,10,105.0,98.9,110.5,98.0,115.0
2025-04,MUN,PR|LONDRINA,glp,15,105.0,96.2,110.0,93.0,125.0
2025-04,MUN,PR|MARINGA,glp,12,104.95,99.99,105.0,99.99,120.0
2025-04,MUN,PR|PALOTINA,glp,1,115.0,115.0,115.0,115.0,115.0
2025-04,MUN,PR|PARANAGUA,glp,7,95.0,90.0,98.5,90.0,100.0
2025-04,MUN,PR|PARANAVAI,glp,7,104.99,104.9,108.994,104.9,115.0
2025-04,MUN,PR|QUEDAS DO IGUACU,glp,1,110.0,110.0,110.0,110.0,110.0
2025-04,MUN,PR|SANTO ANTONIO DA PLATINA,glp,7,114.0,111.796,115.0,109.99,115.0
2025-04,MUN,PR|SAO JOSE DOS PINHAIS,glp,14,95.0,88.27,98.63,87.0,100.0
2025-04,MUN,PR|TOLEDO,glp,10,112.5,108.0,120.0,108.0,120.0
2025-04,MUN,PR|UMUARAMA,glp,6,104.995,99.45,115.0,99.0,120.0
2025-04,MUN,PR|UNIAO DA VITORIA,glp,6,100.0,97.5,107.5,95.0,110.0
2025-04,MUN,RJ|ANGRA DOS REIS,glp,7,125.0,124.2,125.36,123.0,125.9
2025-04,MUN,RJ|ARARUAMA,glp,7,85.0,84.99,90.0,84.99,90.0
2025-04,MUN,RJ|BARRA DO PIRAI,glp,6,99.495,96.995,100.995,94.99,102.0
2025-04,MUN,RJ|BARRA MANSA,glp,7,104.0,101.3,106.9,98.9,106.9
2025-04,MUN,RJ|BELFORD ROXO,glp,7,90.0,87.994,95.0,85.0,95.0
2025-04,MUN,RJ|CABO FRIO,glp,6,92.49,84.995,95.995,84.99,97.0
2025-04,MUN,RJ|CAMPOS DOS GOYTACAZES,glp,9,94.99,84.998,96.6,84.99,99.0
2025-04,MUN,RJ|DUQUE DE CAXIAS,glp,13,89.99,85.39,94.6,82.0,105.0
2025-04,MUN,RJ|ITABORAI,glp,10,99.99,97.891,100.5,88.0,105.0
2025-04,MUN,RJ|ITAPERUNA,glp,7,95.0,95.0,95.0,95.0,95.0
2025-04,MUN,RJ|MACAE,glp,7,140.0,139.996,140.796,139.99,141.99
2025-04,MUN,RJ|MARICA,glp,7,95.0,84.996,99.6,84.99,102.0
2025-04,MUN,RJ|NILOPOLIS,glp,7,110.0,110.0,110.0,110.0,110.0
2025-04,MUN,RJ|NITEROI,glp,7,95.0,79.996,103.954,79.99,109.9
2025-04,MUN,RJ|NOVA FRIBURGO,glp,7,95.0,90.994,99.4,85.0,100.0
2025-04,MUN,RJ|NOVA IGUACU,glp,15,95.0,84.994,115.0,79.99,115.0
2025-04,MUN,RJ|PETROPOLIS,glp,7,94.99,89.954,106.2,89.9,108.0
2025-04,MUN,RJ|RESENDE,glp,7,110.0,110.0,115.0,110.0,115.0
2025-04,MUN,RJ|RIO BONITO,glp,7,87.99,84.996,91.19,84.99,92.99
2025-04,MUN,RJ|RIO DE JANEIRO,glp,25,98.0,89.994,105.0,88.0,105.0
2025-04,MUN,RJ|SANTO ANTONIO DE PADUA,glp,4,99.5,94.0,105.7,94.0,106.0
2025-04,MUN,RJ|SAO GONCALO,glp,15,99.99,96.596,101.2,94.99,115.0
2025-04,MUN,RJ|SAO JOAO DE MERITI,glp,10,91.0,86.99,100.0,86.99,100.0
2025-04,MUN,RJ|SAQUAREMA,glp,7,93.99,85.0,96.2,85.0,98.0
2025-04,MUN,RJ|TRES RIOS,glp,7,99.99,89.99,104.99,89.99,104.99
2025-04,MUN,RJ|VALENCA,glp,6,99.5,92.5,100.0,90.0,100.0
2025-04,MUN,RJ|VOLTA REDONDA,glp,8,99.99,96.7,101.463,93.9,104.9
2025-04,MUN,RN|CAICO,glp,7,115.0,115.0,115.0,115.0,115.0
2025-04,MUN,RN|MOSSORO,glp,10,105.0,99.491,105.2,95.0,107.0
2025-04,MUN,RN|NATAL,glp,16,100.0,91.0,117.5,90.0,128.0
2025-04,MUN,RN|PARNAMIRIM,glp,11,110.0,110.0,110.0,104.95,110.0
2025-04,MUN,RO|ARIQUEMES,glp,7,130.0,125.0,133.8,125.0,135.0
2025-04,MUN,RO|CACOAL,glp,7,135.0,134.6,136.8,134.0,139.5
2025-04,MUN,RO|JI-PARANA,glp,10,120.0,116.8,133.2,115.0,135.0
2025-04,MUN,RO|PIMENTA BUENO,glp,1,143.0,143.0,143.0,143.0,143.0
2025-04,MUN,RO|PORTO VELHO,glp,24,119.5,113.3,124.7,107.0,130.0
2025-04,MUN,RO|VILHENA,glp,7,125.0,121.19,132.0,115.49,132.0
2025-04,MUN,RR|BOA VISTA,glp,23,137.0,130.0,143.8,130.0,155.0
2025-04,MUN,RS|ALEGRETE,glp,7,110.0,100.0,117.0,100.0,120.0
2025-04,MUN,RS|ALVORADA,glp,6,104.99,103.0,107.5,103.0,110.0
2025-04,MUN,RS|BAGE,glp,8,126.0,117.0,127.0,110.0,127.0
2025-04,MUN,RS|BENTO GONCALVES,glp,7,120.0,117.0,123.2,114.0,128.0
2025-04,MUN,RS|CACHOEIRA DO SUL,glp,7,95.0,95.0,102.0,95.0,105.0
2025-04,MUN,RS|CACHOEIRINHA,glp,7,107.99,105.8,110.8,105.5,115.0
2025-04,MUN,RS|CANOAS,glp,15,108.0,100.0,110.0,99.9,110.0
2025-04,MUN,RS|CAXIAS DO SUL,glp,17,114.0,105.0,115.8,99.0,120.0
2025-04,MUN,RS|CRUZ ALTA,glp,7,99.0,99.0,107.0,99.0,107.0
2025-04,MUN,RS|ERECHIM,glp,9,130.0,121.98,140.0,109.9,140.0
2025-04,MUN,RS|ESTEIO,glp,7,110.0,106.5,112.0,105.0,115.0
2025-04,MUN,RS|GRAVATAI,glp,10,107.0,99.75,112.5,97.495,117.0
2025-04,MUN,RS|GUAIBA,glp,7,102.45,99.9,107.0,99.9,110.0
2025-04,MUN,RS|IJUI,glp,7,103.0,94.59,122.8,93.99,127.0
2025-04,MUN,RS|LAJEADO,glp,7,116.0,112.0,120.0,112.0,120.0
2025-04,MUN,RS|NOVO HAMBURGO,glp,10,100.0,99.9,110.3,99.0,113.0
2025-04,MUN,RS|OSORIO,glp,7,100.0,99.59,109.94,98.99,110.0
2025-04,MUN,RS|PASSO FUNDO,glp,12,115.0,115.0,124.7,115.0,125.0
2025-04,MUN,RS|PELOTAS,glp,15,110.0,108.4,111.2,105.9,118.0
2025-04,MUN,RS|PORTO ALEGRE,glp,18,113.0,105.0,120.0,100.0,129.9
2025-04,MUN,RS|SANTA CRUZ DO SUL,glp,10,109.25,106.8,110.4,105.0,114.0
2025-04,MUN,RS|SANTA MARIA,glp,12,110.0,107.29,117.7,105.0,119.9
2025-04,MUN,RS|SANTA ROSA,glp,7,117.0,108.4,122.2,106.0,130.0
2025-04,MUN,RS|SANTANA DO LIVRAMENTO,glp,7,120.0,105.0,128.4,105.0,129.0
2025-04,MUN,RS|SANTO ANGELO,glp,7,120.0,115.196,128.0,107.99,128.0
2025-04,MUN,RS|SAO GABRIEL,glp,6,110.0,110.0,114.0,110.0,118.0
2025-04,MUN,RS|SAO LEOPOLDO,glp,7,99.99,97.4,105.0,95.0,105.0
2025-04,MUN,RS|SAO LUIZ GONZAGA,glp,7,110.0,110.0,119.0,110.0,125.0
2025-04,MUN,RS|SAPIRANGA,glp,7,116.6,110.0,119.0,110.0,119.0
2025-04,MUN,RS|SAPUCAIA DO SUL,glp,8,107.0,100.0,114.3,100.0,115.0
2025-04,MUN,RS|TORRES,glp,4,121.5,114.043,124.4,111.49,125.0
2025-04,MUN,RS|URUGUAIANA,glp,6,122.5,115.0,138.0,115.0,146.0
2025-04,MUN,RS|VACARIA,glp,7,115.0,110.0,120.0,110.0,120.0
2025-04,MUN,RS|VIAMAO,glp,10,105.2,95.0,114.1,95.0,115.0
2025-04,MUN,SC|BLUMENAU,glp,10,120.495,119.741,125.41,117.5,130.0
2025-04,MUN,SC|BRUSQUE,glp,3,130.9,130.18,138.172,130.0,139.99
2025-04,MUN,SC|CACADOR,glp,7,115.0,109.996,139.0,109.99,145.0
2025-04,MUN,SC|CHAPECO,glp,10,130.0,109.0,140.8,109.0,148.0
2025-04,MUN,SC|CONCORDIA,glp,2,110.0,110.0,110.0,110.0,110.0
2025-04,MUN,SC|CRICIUMA,glp,6,107.5,99.0,120.0,98.0,125.0
2025-04,MUN,SC|FLORIANOPOLIS,glp,7,125.0,116.0,131.2,110.0,133.0
2025-04,MUN,SC|ITAJAI,glp,13,116.0,101.2,127.176,100.0,129.0
2025-04,MUN,SC|JOINVILLE,glp,9,120.0,116.4,129.0,110.0,133.0
2025-04,MUN,SC|LAGUNA,glp,7,110.0,106.2,115.0,105.0,115.0
2025-04,MUN,SC|MAFRA,glp,7,100.0,88.396,114.94,79.99,115.0
2025-04,MUN,SC|SAO JOSE,glp,10,120.0,114.491,128.7,110.0,135.0
2025-04,MUN,SC|TUBARAO,glp,7,110.0,96.0,112.0,90.0,115.0
2025-04,MUN,SC|VIDEIRA,glp,7,127.0,117.6,130.8,114.0,135.0
2025-04,MUN,SC|XANXERE,glp,4,110.0,103.0,113.5,100.0,115.0
2025-04,MUN,SE|ARACAJU,glp,15,104.9,99.936,104.9,99.9,106.0
2025-04,MUN,SE|ITABAIANA,glp,7,110.0,103.0,113.2,100.0,115.0
2025-04,MUN,SE|LAGARTO,glp,7,105.0,103.0,105.0,100.0,105.0
2025-04,MUN,SE|NOSSA SENHORA DO SOCORRO,glp,8,104.25,102.8,104.65,100.0,105.0
2025-04,MUN,SP|ADAMANTINA,glp,7,98.0,93.0,109.36,90.0,109.9
2025-04,MUN,SP|AMERICANA,glp,7,104.99,102.99,118.996,99.99,124.99
2025-04,MUN,SP|ARACATUBA,glp,15,90.0,89.5,97.4,85.99,100.0
2025-04,MUN,SP|ARARAS,glp,7,104.0,104.0,106.996,104.0,109.99
2025-04,MUN,SP|ASSIS,glp,9,115.0,95.0,120.0,95.0,120.0
2025-04,MUN,SP|ATIBAIA,glp,9,110.0,99.2,121.0,96.0,125.0
2025-04,MUN,SP|AVARE,glp,7,99.0,98.596,108.0,97.99,120.0
2025-04,MUN,SP|BARRETOS,glp,6,110.0,107.5,115.0,105.0,120.0
2025-04,MUN,SP|BARUERI,glp,11,110.0,105.0,120.0,104.99,125.99
2025-04,MUN,SP|BAURU,glp,11,105.0,90.0,105.0,89.99,107.0
2025-04,MUN,SP|BEBEDOURO,glp,7,110.0,97.99,115.0,94.99,115.0
2025-04,MUN,SP|BIRIGUI,glp,9,94.99,89.998,99.992,89.99,100.0
2025-04,MUN,SP|BOTUCATU,glp,8,105.0,101.648,109.965,94.995,110.0
2025-04,MUN,SP|BRAGANCA PAULISTA,glp,9,110.0,107.28,119.992,96.8,120.0
2025-04,MUN,SP|CACAPAVA,glp,6,99.495,79.99,101.495,74.99,103.0
2025-04,MUN,SP|CAMPINAS,glp,15,99.99,89.99,109.99,89.99,110.0
2025-04,MUN,SP|CARAGUATATUBA,glp,7,100.0,99.996,115.94,99.99,125.0
2025-04,MUN,SP|CARAPICUIBA,glp,11,104.99,97.495,110.0,89.99,111.99
2025-04,MUN,SP|CATANDUVA,glp,6,109.8,109.8,109.8,109.8,109.8
2025-04,MUN,SP|COTIA,glp,7,119.99,107.99,129.454,104.99,130.0
2025-04,MUN,SP|CRUZEIRO,glp,7,89.99,89.394,89.99,88.5,89.99
2025-04,MUN,SP|CUBATAO,glp,7,120.0,114.2,125.0,110.0,125.0
2025-04,MUN,SP|DIADEMA,glp,8,107.99,103.19,120.0,98.99,120.0
2025-04,MUN,SP|ELISIARIO,glp,1,105.0,105.0,105.0,105.0,105.0
2025-04,MUN,SP|EMBU DAS ARTES,glp,10,109.9,99.59,110.5,95.99,115.0
2025-04,MUN,SP|FRANCA,glp,11,104.99,99.99,110.0,99.99,110.0
2025-04,MUN,SP|GARCA,glp,6,108.45,107.0,110.0,107.0,110.0
2025-04,MUN,SP|GUARATINGUETA,glp,6,97.0,82.495,105.0,74.99,105.0
2025-04,MUN,SP|GUARUJA,glp,8,114.995,100.0,117.896,100.0,120.0
2025-04,MUN,SP|GUARULHOS,glp,13,97.99,90.998,108.992,90.0,120.0
2025-04,MUN,SP|HORTOLANDIA,glp,8,94.995,89.99,100.89,89.99,109.99
2025-04,MUN,SP|INDAIATUBA,glp,7,113.0,111.2,116.4,110.0,120.0
2025-04,MUN,SP|ITANHAEM,glp,7,109.99,99.996,112.796,99.99,116.99
2025-04,MUN,SP|ITAPECERICA DA SERRA,glp,6,106.995,99.99,109.99,99.99,109.99
2025-04,MUN,SP|ITAPEVA,glp,4,119.495,116.19,120.0,114.99,120.0
2025-04,MUN,SP|ITAPOLIS,glp,7,120.0,115.0,121.0,115.0,121.0
2025-04,MUN,SP|ITAQUAQUECETUBA,glp,11,94.99,89.99,94.99,88.99,99.0
2025-04,MUN,SP|ITATIBA,glp,7,110.0,105.936,114.0,99.99,120.0
2025-04,MUN,SP|ITU,glp,5,113.0,110.0,115.0,110.0,115.0
2025-04,MUN,SP|JABOTICABAL,glp,6,99.945,95.995,112.5,95.0,115.0
2025-04,MUN,SP|JACAREI,glp,9,99.0,94.792,109.9,94.0,109.9
2025-04,MUN,SP|JALES,glp,7,100.0,95.0,103.58,95.0,108.95
2025-04,MUN,SP|JAU,glp,7,108.0,97.6,112.36,94.0,115.9
2025-04,MUN,SP|JOSE BONIFACIO,glp,7,102.0,100.0,107.0,100.0,110.0
2025-04,MUN,SP|JUNDIAI,glp,8,112.5,105.99,116.5,105.99,120.0
2025-04,MUN,SP|LEME,glp,5,95.0,95.0,111.0,95.0,115.0
2025-04,MUN,SP|LIMEIRA,glp,9,99.99,99.99,103.6,99.99,118.0
2025-04,MUN,SP|LINS,glp,8,112.495,95.0,120.0,95.0,120.0
2025-04,MUN,SP|LORENA,glp,6,89.0,86.5,96.5,85.0,100.0
2025-04,MUN,SP|MARILIA,glp,8,120.5,120.0,125.0,120.0,125.0
2025-04,MUN,SP|MATAO,glp,6,99.99,99.99,99.99,99.99,99.99
2025-04,MUN,SP|MAUA,glp,9,109.99,99.99,110.0,99.99,110.0
2025-04,MUN,SP|MOCOCA,glp,7,114.9,104.99,120.0,104.99,120.0
2025-04,MUN,SP|MOGI DAS CRUZES,glp,5,110.0,108.736,117.0,107.9,117.0
2025-04,MUN,SP|MOGI GUACU,glp,1,110.0,110.0,110.0,110.0,110.0
2025-04,MUN,SP|MONTE ALTO,glp,8,105.0,105.0,110.0,105.0,110.0
2025-04,MUN,SP|OLIMPIA,glp,7,98.0,94.0,98.0,92.5,98.0
2025-04,MUN,SP|OSASCO,glp,12,101.735,94.99,118.99,92.99,119.99
2025-04,MUN,SP|OURINHOS,glp,7,104.9,94.56,109.0,93.9,109.0
2025-04,MUN,SP|PARAGUACU PAULISTA,glp,4,117.5,111.5,120.0,110.0,120.0
2025-04,MUN,SP|PAULINIA,glp,6,110.0,104.995,115.0,99.99,120.0
2025-04,MUN,SP|PIRACICABA,glp,11,99.99,99.99,115.0,98.0,115.0
2025-04,MUN,SP|PIRASSUNUNGA,glp,7,109.9,99.0,112.0,99.0,112.0
2025-04,MUN,SP|POA,glp,7,99.99,94.99,109.99,94.99,109.99
2025-04,MUN,SP|PRAIA GRANDE,glp,9,113.0,109.99,119.9,109.99,119.9
2025-04,MUN,SP|PRESIDENTE PRUDENTE,glp,12,111.495,99.99,115.0,99.9,115.0
2025-04,MUN,SP|RIBEIRAO PIRES,glp,7,110.0,94.96,125.0,94.9,125.0
2025-04,MUN,SP|RIBEIRAO PRETO,glp,13,109.99,100.0,115.0,87.49,119.99
2025-04,MUN,SP|RIO CLARO,glp,7,100.0,91.5,104.0,90.0,110.0
2025-04,MUN,SP|SALTO,glp,4,99.995,92.99,106.3,89.99,109.0
2025-04,MUN,SP|SANTO ANDRE,glp,10,107.495,99.99,115.691,99.99,122.0
2025-04,MUN,SP|SANTOS,glp,10,125.0,119.99,129.91,119.9,130.0
2025-04,MUN,SP|SAO BERNARDO DO CAMPO,glp,5,119.99,111.99,130.4,109.99,134.0
2025-04,MUN,SP|SAO CAETANO DO SUL,glp,5,114.99,103.99,122.99,99.99,124.99
2025-04,MUN,SP|SAO CARLOS,glp,13,125.0,120.0,127.6,115.0,139.8
2025-04,MUN,SP|SAO JOAO DA BOA VISTA,glp,7,100.0,96.5,105.0,95.0,105.0
2025-04,MUN,SP|SAO JOSE DO RIO PRETO,glp,21,115.0,109.99,125.0,105.0,130.0
2025-04,MUN,SP|SAO JOSE DOS CAMPOS,glp,15,100.0,85.79,114.996,81.99,115.0
2025-04,MUN,SP|SAO PAULO,glp,46,109.99,99.99,122.0,89.99,129.99
2025-04,MUN,SP|SAO VICENTE,glp,10,119.45,113.499,129.9,99.99,129.9
2025-04,MUN,SP|SERTAOZINHO,glp,10,99.248,94.999,103.0,94.99,103.0
2025-04,MUN,SP|SOROCABA,glp,15,110.0,104.99,123.0,99.99,125.0
2025-04,MUN,SP|SUMARE,glp,9,97.49,92.39,99.99,89.99,99.99
2025-04,MUN,SP|SUZANO,glp,10,99.495,94.49,107.1,89.99,117.0
2025-04,MUN,SP|TABOAO DA SERRA,glp,7,99.99,98.0,111.99,98.0,114.99
2025-04,MUN,SP|TATUI,glp,7,130.0,130.0,130.0,130.0,130.0
2025-04,MUN,SP|TAUBATE,glp,10,90.0,85.0,99.1,85.0,100.0
2025-04,MUN,SP|TUPA,glp,4,110.0,103.7,110.0,101.0,110.0
2025-04,MUN,SP|UBATUBA,glp,8,102.475,94.4,116.5,93.0,120.0
2025-04,MUN,SP|VALINHOS,glp,6,104.445,97.495,112.495,96.0,115.0
2025-04,MUN,SP|VARZEA PAULISTA,glp,7,98.0,89.99,104.8,89.99,112.0
2025-04,MUN,SP|VINHEDO,glp,7,100.0,97.994,104.0,95.0,110.0
2025-04,MUN,SP|VOTORANTIM,glp,7,107.99,102.196,112.0,94.99,115.0
2025-04,MUN,SP|VOTUPORANGA,glp,10,105.45,99.8,110.0,98.0,110.0
2025-04,MUN,TO|ARAGUAINA,glp,12,127.5,127.5,130.0,127.5,130.0
2025-04,MUN,TO|GURUPI,glp,8,120.0,120.0,125.0,120.0,125.0
2025-04,MUN,TO|PALMAS,glp,14,125.0,120.0,130.0,120.0,130.0
2025-04,MUN,TO|PARAISO DO TOCANTINS,glp,7,130.0,125.0,134.0,125.0,140.0
2025-04,MUN,TO|PORTO NACIONAL,glp,7,125.0,120.0,130.0,120.0,130.0
2025-04,UF,AC,glp,33,125.0,116.0,128.0,107.0,135.0
2025-04,UF,AL,glp,49,100.0,90.0,107.0,84.99,115.0
2025-04,UF,AM,glp,79,129.0,120.0,136.0,118.0,149.0
2025-04,UF,AP,glp,23,115.0,108.2,130.8,85.0,135.0
2025-04,UF,BA,glp,188,115.0,105.0,135.0,89.0,153.0
2025-04,UF,CE,glp,77,110.0,95.0,118.0,93.99,122.0
2025-04,UF,DF,glp,36,100.0,94.99,106.5,94.5,119.99
2025-04,UF,ES,glp,100,100.0,89.99,110.0,85.0,122.0
2025-04,UF,GO,glp,169,110.0,95.0,125.0,85.0,130.0
2025-04,UF,MA,glp,94,115.0,109.993,125.0,105.0,130.0
2025-04,UF,MG,glp,389,105.0,90.0,118.0,76.99,130.0
2025-04,UF,MS,glp,71,110.0,100.0,127.0,95.0,138.0
2025-04,UF,MT,glp,84,120.0,99.993,140.0,90.0,140.0
2025-04,UF,PA,glp,115,110.0,98.396,126.5,84.99,140.0
2025-04,UF,PB,glp,58,105.0,95.0,110.0,84.99,113.0
2025-04,UF,PE,glp,135,97.99,88.4,115.0,80.0,128.0
2025-04,UF,PI,glp,44,105.0,100.0,111.75,96.0,120.0
2025-04,UF,PR,glp,256,101.25,95.0,115.0,84.9,130.0
2025-04,UF,RJ,glp,232,97.0,85.0,110.0,79.99,141.99
2025-04,UF,RN,glp,44,110.0,95.0,115.0,90.0,128.0
2025-04,UF,RO,glp,56,123.0,115.0,135.0,107.0,143.0
2025-04,UF,RR,glp,23,137.0,130.0,143.8,130.0,155.0
2025-04,UF,RS,glp,295,110.0,100.0,122.8,93.99,146.0
2025-04,UF,SC,glp,109,118.0,100.0,130.18,79.99,148.0
2025-04,UF,SE,glp,37,104.9,100.0,107.6,99.9,115.0
2025-04,UF,SP,glp,801,105.99,94.99,120.0,74.99,139.8
2025-04,UF,TO,glp,48,127.5,120.0,130.0,120.0,140.0
2025-05,BR,BR,glp,3621,110.0,95.0,125.0,79.99,155.0
2025-05,MUN,AC|CRUZEIRO DO SUL,glp,7,128.0,125.0,128.8,125.0,130.0
2025-05,MUN,AC|RIO BRANCO,glp,26,121.0,114.0,129.0,107.0,135.0
2025-05,MUN,AL|ARAPIRACA,glp,9,103.0,95.0,105.0,95.0,105.0
2025-05,MUN,AL|DELMIRO GOUVEIA,glp,4,105.0,105.0,108.5,105.0,110.0
2025-05,MUN,AL|MACEIO,glp,26,100.0,89.995,112.5,84.99,115.0
2025-05,MUN,AL|PALMEIRA DOS INDIOS,glp,3,95.0,95.0,99.0,95.0,100.0
2025-05,MUN,AL|RIO LARGO,glp,7,100.0,98.0,102.0,95.0,105.0
2025-05,MUN,AM|MANACAPURU,glp,7,130.0,125.2,135.4,121.0,136.0
2025-05,MUN,AM|MANAUS,glp,85,125.0,120.0,131.6,118.0,149.0
2025-05,MUN,AM|PARINTINS,glp,7,140.0,139.0,140.0,139.0,140.0
2025-05,MUN,AP|MACAPA,glp,14,117.0,113.6,134.8,112.0,137.0
2025-05,MUN,BA|ALAGOINHAS,glp,7,120.0,118.79,123.6,116.99,126.0
2025-05,MUN,BA|BARREIRAS,glp,7,135.0,128.0,135.0,125.0,135.0
2025-05,MUN,BA|BRUMADO,glp,2,120.0,116.0,124.0,115.0,125.0
2025-05,MUN,BA|CAETITE,glp,7,110.0,110.0,112.0,110.0,115.0
2025-05,MUN,BA|EUNAPOLIS,glp,7,115.0,105.994,115.0,100.0,115.0
2025-05,MUN,BA|FEIRA DE SANTANA,glp,5,110.0,106.994,112.94,104.99,114.9
2025-05,MUN,BA|GUANAMBI,glp,8,112.5,106.75,120.0,105.0,120.0
2025-05,MUN,BA|ILHEUS,glp,7,134.99,130.0,151.2,130.0,153.0
2025-05,MUN,BA|IPIRA,glp,4,115.0,115.0,115.0,115.0,115.0
2025-05,MUN,BA|IRECE,glp,2,122.5,120.5,124.5,120.0,125.0
2025-05,MUN,BA|ITABUNA,glp,7,110.0,108.0,116.0,105.0,125.0
2025-05,MUN,BA|ITAMARAJU,glp,7,105.0,95.0,110.0,95.0,110.0
2025-05,MUN,BA|JAGUAQUARA,glp,6,123.75,115.0,125.0,110.0,125.0
2025-05,MUN,BA|JEQUIE,glp,7,110.0,100.0,117.0,100.0,120.0
2025-05,MUN,BA|JUAZEIRO,glp,6,110.0,103.75,110.0,97.5,110.0
2025-05,MUN,BA|LIVRAMENTO DE NOSSA SENHORA,glp,7,115.0,113.0,117.0,110.0,120.0
2025-05,MUN,BA|PAULO AFONSO,glp,5,105.0,102.0,111.0,100.0,115.0
2025-05,MUN,BA|POCOES,glp,7,110.0,105.8,121.0,105.5,122.5
2025-05,MUN,BA|SALVADOR,glp,28,125.0,115.0,140.0,113.0,148.0
2025-05,MUN,BA|SANTO ANTONIO DE JESUS,glp,7,115.0,110.0,128.6,110.0,137.0
2025-05,MUN,BA|SENHOR DO BONFIM,glp,3,120.0,120.0,120.0,120.0,120.0
2025-05,MUN,BA|SERRINHA,glp,7,135.0,125.0,135.0,125.0,135.0
2025-05,MUN,BA|TEIXEIRA DE FREITAS,glp,9,95.0,91.6,95.0,90.0,95.0
2025-05,MUN,BA|VALENCA,glp,6,130.0,130.0,131.25,130.0,132.5
2025-05,MUN,BA|VITORIA DA CONQUISTA,glp,9,115.0,108.0,136.0,100.0,140.0
2025-05,MUN,CE|CAUCAIA,glp,10,105.0,94.999,122.3,94.99,125.0
2025-05,MUN,CE|FORTALEZA,glp,23,105.0,99.99,115.0,99.0,122.0
2025-05,MUN,CE|ICO,glp,4,117.5,110.7,121.5,108.0,123.0
2025-05,MUN,CE|IGUATU,glp,7,115.0,113.598,116.994,111.495,117.0
2025-05,MUN,CE|ITAPIPOCA,glp,7,115.0,101.4,120.0,96.0,120.0
2025-05,MUN,CE|JUAZEIRO DO NORTE,glp,8,115.0,110.0,120.0,110.0,120.0
2025-05,MUN,CE|LIMOEIRO DO NORTE,glp,5,108.0,98.8,117.0,98.0,120.0
2025-05,MUN,CE|QUIXADA,glp,7,98.0,95.594,112.0,95.0,115.0
2025-05,MUN,CE|SOBRAL,glp,5,110.0,102.0,113.8,100.0,115.0
2025-05,MUN,DF|BRASILIA,glp,36,102.0,96.99,107.99,94.99,111.99
2025-05,MUN,ES|ARACRUZ,glp,8,106.5,99.997,111.5,99.99,115.0
2025-05,MUN,ES|CARIACICA,glp,12,100.0,86.0,109.0,80.0,110.0
2025-05,MUN,ES|COLATINA,glp,8,95.0,89.397,96.5,87.99,100.0
2025-05,MUN,ES|GUARAPARI,glp,10,95.498,94.941,100.5,94.5,105.0
2025-05,MUN,ES|LINHARES,glp,11,110.0,105.0,115.0,105.0,115.0
2025-05,MUN,ES|SAO MATEUS,glp,10,110.0,109.59,110.499,105.99,114.99
2025-05,MUN,ES|SERRA,glp,14,93.992,88.597,99.4,85.99,105.0
2025-05,MUN,ES|VILA VELHA,glp,13,100.0,95.998,101.6,95.0,110.0
2025-05,MUN,ES|VITORIA,glp,7,95.0,91.497,108.0,90.0,120.0
2025-05,MUN,GO|AGUAS LINDAS DE GOIAS,glp,13,98.0,97.99,100.0,93.5,105.0
2025-05,MUN,GO|ANAPOLIS,glp,20,110.0,110.0,115.0,110.0,120.0
2025-05,MUN,GO|APARECIDA DE GOIANIA,glp,24,102.5,96.798,115.0,95.0,115.0
2025-05,MUN,GO|CALDAS NOVAS,glp,10,108.0,99.71,115.5,98.0,120.0
2025-05,MUN,GO|CATALAO,glp,7,110.0,108.0,115.0,105.0,115.0
2025-05,MUN,GO|FORMOSA,glp,7,110.0,103.0,117.0,100.0,120.0
2025-05,MUN,GO|GOIANIA,glp,19,110.0,99.6,116.0,89.99,130.0
2025-05,MUN,GO|GOIATUBA,glp,3,120.0,120.0,124.0,120.0,125.0
2025-05,MUN,GO|ITUMBIARA,glp,7,112.0,108.8,119.0,107.0,125.0
2025-05,MUN,GO|LUZIANIA,glp,6,106.5,101.49,109.0,98.99,109.0
2025-05,MUN,GO|MINEIROS,glp,7,128.0,118.0,128.0,118.0,128.0
2025-05,MUN,GO|MORRINHOS,glp,6,101.25,98.998,105.0,98.995,105.0
2025-05,MUN,GO|PORANGATU,glp,7,115.0,113.996,117.6,113.99,120.0
2025-05,MUN,GO|RIO VERDE,glp,10,130.0,129.5,135.5,125.0,140.0
2025-05,MUN,GO|TRINDADE,glp,12,95.0,89.99,105.0,85.0,110.0
2025-05,MUN,GO|VALPARAISO DE GOIAS,glp,10,109.0,99.79,110.0,97.99,110.0
2025-05,MUN,MA|ACAILANDIA,glp,7,120.0,116.0,120.0,110.0,120.0
2025-05,MUN,MA|BACABAL,glp,6,120.0,120.0,125.0,120.0,125.0
2025-05,MUN,MA|BALSAS,glp,6,125.0,125.0,125.0,125.0,125.0
2025-05,MUN,MA|BARRA DO CORDA,glp,7,125.0,125.0,125.0,125.0,125.0
2025-05,MUN,MA|CODO,glp,7,120.0,120.0,120.0,120.0,120.0
2025-05,MUN,MA|IMPERATRIZ,glp,11,115.0,112.495,120.0,110.0,120.0
2025-05,MUN,MA|PINHEIRO,glp,7,130.0,123.0,130.0,120.0,130.0
2025-05,MUN,MA|PRESIDENTE DUTRA,glp,4,114.0,110.9,118.5,110.0,120.0
2025-05,MUN,MA|SAO JOSE DE RIBAMAR,glp,9,119.99,118.992,120.0,115.0,120.0
2025-05,MUN,MA|SAO LUIS,glp,29,119.99,116.996,120.0,114.99,130.0
2025-05,MUN,MG|ALFENAS,glp,7,110.0,93.996,110.0,84.99,110.0
2025-05,MUN,MG|ARAGUARI,glp,7,100.0,98.0,109.6,95.0,112.0
2025-05,MUN,MG|ARAXA,glp,7,98.0,95.1,99.4,93.0,100.0
2025-05,MUN,MG|BARBACENA,glp,7,100.0,99.0,100.0,99.0,100.0
2025-05,MUN,MG|BELO HORIZONTE,glp,26,100.0,94.99,125.0,89.99,130.0
2025-05,MUN,MG|BETIM,glp,9,100.0,100.0,115.8,100.0,119.0
2025-05,MUN,MG|CAMPO BELO,glp,7,102.5,100.0,112.0,100.0,115.0
2025-05,MUN,MG|CARATINGA,glp,7,118.0,108.0,127.0,105.0,130.0
2025-05,MUN,MG|CONGONHAS,glp,7,105.0,94.996,108.2,94.99,110.0
2025-05,MUN,MG|CONSELHEIRO LAFAIETE,glp,7,95.0,90.0,104.0,90.0,110.0
2025-05,MUN,MG|CONTAGEM,glp,13,110.0,103.0,115.0,94.99,126.0
2025-05,MUN,MG|CORONEL FABRICIANO,glp,7,125.0,115.0,125.0,115.0,125.0
2025-05,MUN,MG|CURVELO,glp,7,92.0,90.0,102.0,90.0,105.0
2025-05,MUN,MG|DIVINOPOLIS,glp,10,96.25,89.74,105.75,87.49,112.5
2025-05,MUN,MG|FORMIGA,glp,7,115.0,112.5,117.0,112.5,120.0
2025-05,MUN,MG|GOVERNADOR VALADARES,glp,10,120.0,116.3,125.0,110.0,125.0
2025-05,MUN,MG|GUAXUPE,glp,6,99.972,89.95,105.0,89.9,110.0
2025-05,MUN,MG|IPATINGA,glp,7,108.0,101.0,120.0,95.0,120.0
2025-05,MUN,MG|ITAJUBA,glp,7,90.0,82.6,103.0,82.0,115.0
2025-05,MUN,MG|ITAUNA,glp,7,108.0,100.2,124.0,96.0,124.0
2025-05,MUN,MG|ITUIUTABA,glp,9,98.0,90.0,100.0,90.0,108.0
2025-05,MUN,MG|JANAUBA,glp,7,115.0,115.0,118.5,115.0,120.0
2025-05,MUN,MG|JANUARIA,glp,7,125.0,122.2,125.0,118.0,125.0
2025-05,MUN,MG|JOAO MONLEVADE,glp,7,105.0,101.5,112.0,100.0,115.0
2025-05,MUN,MG|JOAO PINHEIRO,glp,7,115.0,114.96,118.8,114.9,120.0
2025-05,MUN,MG|JUIZ DE FORA,glp,15,89.99,87.39,102.396,85.495,120.0
2025-05,MUN,MG|LAVRAS,glp,7,105.0,102.994,110.8,100.0,112.0
2025-05,MUN,MG|LEOPOLDINA,glp,6,105.0,102.5,110.0,100.0,115.0
2025-05,MUN,MG|MONTE CARMELO,glp,6,100.0,95.0,100.0,90.0,100.0
2025-05,MUN,MG|MONTES CLAROS,glp,23,110.0,104.99,119.0,99.0,125.0
2025-05,MUN,MG|MURIAE,glp,7,105.0,101.493,107.0,99.99,110.0
2025-05,MUN,MG|NOVA LIMA,glp,1,100.0,100.0,100.0,100.0,100.0
2025-05,MUN,MG|OLIVEIRA,glp,6,110.0,103.75,110.0,100.0,110.0
2025-05,MUN,MG|OURO PRETO,glp,4,107.0,97.0,118.4,94.0,122.0
2025-05,MUN,MG|PASSOS,glp,7,110.0,100.0,114.0,100.0,120.0
2025-05,MUN,MG|PATROCINIO,glp,6,100.0,98.995,105.0,98.0,110.0
2025-05,MUN,MG|POCOS DE CALDAS,glp,7,116.5,114.6,117.7,114.0,118.0
2025-05,MUN,MG|SABARA,glp,2,120.0,116.0,124.0,115.0,125.0
2025-05,MUN,MG|SAO JOAO DEL REI,glp,7,90.0,89.99,102.8,89.99,107.0
2025-05,MUN,MG|SAO SEBASTIAO DO PARAISO,glp,8,100.0,97.4,110.0,96.0,110.0
2025-05,MUN,MG|SETE LAGOAS,glp,10,107.0,93.581,110.91,89.9,120.0
2025-05,MUN,MG|TEOFILO OTONI,glp,7,110.0,110.0,115.0,110.0,115.0
2025-05,MUN,MG|TRES CORACOES,glp,7,94.99,88.0,95.0,85.0,95.0
2025-05,MUN,MG|UBERABA,glp,12,97.5,88.4,105.0,88.0,110.0
2025-05,MUN,MG|UBERLANDIA,glp,18,102.5,94.69,120.1,88.0,125.0
2025-05,MUN,MG|UNAI,glp,7,115.0,115.0,115.0,115.0,115.0
2025-05,MUN,MG|VICOSA,glp,7,112.5,106.0,120.0,100.0,120.0
2025-05,MUN,MS|CAMPO GRANDE,glp,36,109.45,99.45,120.0,95.0,125.0
2025-05,MUN,MS|CORUMBA,glp,6,130.0,126.75,135.0,125.0,135.0
2025-05,MUN,MS|DOURADOS,glp,15,114.9,105.0,131.0,105.0,138.0
2025-05,MUN,MS|PONTA PORA,glp,7,120.0,118.0,123.2,118.0,128.0
2025-05,MUN,MT|CACERES,glp,10,125.0,120.0,125.4,120.0,129.0
2025-05,MUN,MT|CUIABA,glp,26,115.0,107.495,127.5,98.0,140.0
2025-05,MUN,MT|RONDONOPOLIS,glp,9,125.0,125.0,132.0,125.0,140.0
2025-05,MUN,MT|SINOP,glp,11,140.0,130.0,140.0,125.0,140.0
2025-05,MUN,MT|SORRISO,glp,6,132.5,125.248,135.0,124.495,135.0
2025-05,MUN,MT|VARZEA GRANDE,glp,22,115.0,99.909,120.0,94.99,127.5
2025-05,MUN,PA|ABAETETUBA,glp,5,113.0,113.0,113.0,113.0,113.0
2025-05,MUN,PA|ALENQUER,glp,4,115.0,113.6,115.0,113.0,115.0
2025-05,MUN,PA|ALTAMIRA,glp,6,126.0,122.495,130.0,119.99,132.0
2025-05,MUN,PA|ANANINDEUA,glp,12,104.99,99.391,110.0,98.99,115.0
2025-05,MUN,PA|BELEM,glp,25,110.0,105.4,118.5,104.99,120.0
2025-05,MUN,PA|BRAGANCA,glp,5,115.0,110.4,119.0,109.0,120.0
2025-05,MUN,PA|CASTANHAL,glp,9,110.0,105.0,115.992,105.0,120.0
2025-05,MUN,PA|CONCEICAO DO ARAGUAIA,glp,6,110.0,110.0,112.5,110.0,115.0
2025-05,MUN,PA|MARABA,glp,10,120.0,114.741,128.2,112.5,130.0
2025-05,MUN,PA|PARAGOMINAS,glp,7,150.0,145.0,150.0,145.0,150.0
2025-05,MUN,PA|PARAUAPEBAS,glp,9,125.0,125.0,133.0,125.0,135.0
2025-05,MUN,PA|SANTAREM,glp,16,87.5,85.0,110.0,84.99,110.0
2025-05,MUN,PB|BAYEUX,glp,7,107.5,101.5,110.0,100.0,110.0
2025-05,MUN,PB|CABEDELO,glp,7,108.5,104.796,111.2,99.99,113.0
2025-05,MUN,PB|CAMPINA GRANDE,glp,10,101.25,92.241,107.75,90.0,110.0
2025-05,MUN,PB|JOAO PESSOA,glp,24,105.0,99.993,109.7,84.99,115.0
2025-05,MUN,PB|PATOS,glp,7,108.0,103.6,110.0,101.5,110.0
2025-05,MUN,PB|SOUSA,glp,4,107.5,105.0,110.0,105.0,110.0
2025-05,MUN,PE|ARARIPINA,glp,7,105.0,103.0,105.0,100.0,105.0
2025-05,MUN,PE|ARCOVERDE,glp,7,97.495,94.996,101.0,94.99,102.5
2025-05,MUN,PE|BELO JARDIM,glp,7,95.0,92.6,99.0,92.0,99.0
2025-05,MUN,PE|CABO DE SANTO AGOSTINHO,glp,7,100.0,92.99,100.0,89.99,100.0
2025-05,MUN,PE|CARUARU,glp,10,91.25,85.4,95.79,80.0,102.995
2025-05,MUN,PE|GARANHUNS,glp,7,105.0,101.797,105.0,97.0,105.0
2025-05,MUN,PE|GOIANA,glp,4,87.0,84.2,96.1,83.0,100.0
2025-05,MUN,PE|IGARASSU,glp,7,100.0,95.0,105.0,95.0,105.0
2025-05,MUN,PE|JABOATAO DOS GUARARAPES,glp,10,99.995,97.25,106.0,95.0,115.0
2025-05,MUN,PE|LAJEDO,glp,4,106.25,105.0,107.5,105.0,107.5
2025-05,MUN,PE|OLINDA,glp,11,90.0,85.0,100.0,84.0,110.0
2025-05,MUN,PE|PAULISTA,glp,10,97.5,94.999,99.991,94.99,100.0
2025-05,MUN,PE|PETROLINA,glp,12,116.25,110.0,120.0,100.0,125.0
2025-05,MUN,PE|RECIFE,glp,15,90.0,87.994,97.4,85.0,100.0
2025-05,MUN,PE|SALGUEIRO,glp,5,107.5,106.0,109.0,105.0,110.0
2025-05,MUN,PE|SANTA CRUZ DO CAPIBARIBE,glp,4,105.0,105.0,105.0,105.0,105.0
2025-05,MUN,PE|SERRA TALHADA,glp,6,117.5,115.75,126.5,115.0,133.0
2025-05,MUN,PE|VITORIA DE SANTO ANTAO,glp,7,93.0,91.794,95.0,90.0,95.0
2025-05,MUN,PI|PARNAIBA,glp,7,115.0,110.994,120.0,105.0,120.0
2025-05,MUN,PI|PICOS,glp,7,103.0,99.2,105.0,98.0,105.0
2025-05,MUN,PI|PIRIPIRI,glp,7,114.99,104.99,117.0,104.99,120.0
2025-05,MUN,PI|TERESINA,glp,24,105.0,100.0,110.0,100.0,110.0
2025-05,MUN,PR|APUCARANA,glp,10,99.99,99.86,100.5,99.5,105.0
2025-05,MUN,PR|ARAPONGAS,glp,9,100.0,99.972,100.5,99.9,102.5
2025-05,MUN,PR|ARAUCARIA,glp,10,100.0,99.3,110.0,93.0,110.0
2025-05,MUN,PR|CAMBE,glp,7,110.0,109.0,110.8,107.5,112.0
2025-05,MUN,PR|CAMPO LARGO,glp,10,98.95,95.0,106.4,95.0,110.0
2025-05,MUN,PR|CAMPO MOURAO,glp,8,110.0,105.0,115.9,105.0,118.0
2025-05,MUN,PR|CASCAVEL,glp,14,110.0,105.87,115.0,105.0,120.0
2025-05,MUN,PR|CASTRO,glp,7,111.5,99.0,115.0,99.0,115.0
2025-05,MUN,PR|CIANORTE,glp,7,110.0,92.96,124.0,89.9,130.0
2025-05,MUN,PR|COLOMBO,glp,14,96.45,93.57,105.0,89.9,105.0
2025-05,MUN,PR|CORNELIO PROCOPIO,glp,6,110.0,110.0,115.0,110.0,115.0
2025-05,MUN,PR|CURITIBA,glp,40,99.9,95.0,105.0,91.9,110.0
2025-05,MUN,PR|FOZ DO IGUACU,glp,14,115.0,111.5,120.0,110.0,120.0
2025-05,MUN,PR|FRANCISCO BELTRAO,glp,5,111.45,102.76,115.0,100.0,115.0
2025-05,MUN,PR|GUARAPUAVA,glp,10,105.0,98.9,110.5,98.0,115.0
2025-05,MUN,PR|LONDRINA,glp,15,110.0,97.1,111.2,93.0,125.0
2025-05,MUN,PR|MARINGA,glp,12,99.99,99.99,105.0,99.99,120.0
2025-05,MUN,PR|PALOTINA,glp,1,115.0,115.0,115.0,115.0,115.0
2025-05,MUN,PR|PARANAGUA,glp,7,97.5,93.0,101.6,90.0,104.0
2025-05,MUN,PR|PARANAVAI,glp,7,104.99,104.9,108.994,104.9,115.0
2025-05,MUN,PR|PONTA GROSSA,glp,7,108.0,105.0,109.94,105.0,110.0
2025-05,MUN,PR|QUEDAS DO IGUACU,glp,1,110.0,110.0,110.0,110.0,110.0
2025-05,MUN,PR|SAO JOSE DOS PINHAIS,glp,14,96.5,90.0,100.0,88.9,102.0
2025-05,MUN,PR|TOLEDO,glp,10,115.0,108.9,120.5,108.0,125.0
2025-05,MUN,PR|UMUARAMA,glp,7,104.9,102.396,114.0,99.99,120.0
2025-05,MUN,PR|UNIAO DA VITORIA,glp,6,105.0,105.0,111.0,105.0,113.0
2025-05,MUN,RJ|ANGRA DOS REIS,glp,7,125.0,124.2,125.36,123.0,125.9
2025-05,MUN,RJ|ARARUAMA,glp,7,90.0,89.99,95.0,89.99,95.0
2025-05,MUN,RJ|BARRA DO PIRAI,glp,6,99.99,96.995,101.995,94.99,102.0
2025-05,MUN,RJ|BARRA MANSA,glp,7,98.99,98.536,106.06,97.99,106.9
2025-05,MUN,RJ|BELFORD ROXO,glp,7,90.0,89.996,95.0,89.99,95.0
2025-05,MUN,RJ|CABO FRIO,glp,6,92.495,89.995,95.995,89.99,97.0
2025-05,MUN,RJ|CAMPOS DOS GOYTACAZES,glp,10,94.995,89.9,99.09,89.0,99.9
2025-05,MUN,RJ|DUQUE DE CAXIAS,glp,13,93.0,85.39,99.998,82.0,105.0
2025-05,MUN,RJ|ITABORAI,glp,10,101.99,98.791,102.3,88.0,105.0
2025-05,MUN,RJ|ITAPERUNA,glp,7,99.99,99.99,103.5,99.99,105.0
2025-05,MUN,RJ|MACAE,glp,7,140.0,139.996,140.796,139.99,141.99
2025-05,MUN,RJ|MARICA,glp,7,95.0,89.996,100.8,89.99,102.0
2025-05,MUN,RJ|NILOPOLIS,glp,7,110.0,110.0,111.0,110.0,112.5
2025-05,MUN,RJ|NITEROI,glp,7,98.0,82.996,103.954,79.99,109.9
2025-05,MUN,RJ|NOVA FRIBURGO,glp,7,100.0,91.0,100.0,85.0,100.0
2025-05,MUN,RJ|NOVA IGUACU,glp,15,95.0,89.994,120.0,84.99,120.0
2025-05,MUN,RJ|PETROPOLIS,glp,7,100.0,92.366,106.2,89.99,108.0
2025-05,MUN,RJ|RESENDE,glp,7,110.0,109.998,115.0,109.995,115.0
2025-05,MUN,RJ|RIO BONITO,glp,7,90.0,89.97,92.99,89.94,92.99
2025-05,MUN,RJ|RIO DE JANEIRO,glp,25,99.99,90.0,102.297,89.9,105.0
2025-05,MUN,RJ|SANTO ANTONIO DE PADUA,glp,4,99.5,94.0,105.7,94.0,106.0
2025-05,MUN,RJ|SAO GONCALO,glp,15,99.99,94.994,101.2,94.99,115.0
2025-05,MUN,RJ|SAO JOAO DE MERITI,glp,10,91.0,88.79,100.2,86.99,102.0
2025-05,MUN,RJ|SAQUAREMA,glp,7,90.0,87.994,96.2,85.0,98.0
2025-05,MUN,RJ|TRES RIOS,glp,7,99.99,89.99,104.99,89.99,104.99
2025-05,MUN,RJ|VALENCA,glp,6,99.5,93.0,100.0,91.0,100.0
2025-05,MUN,RJ|VOLTA REDONDA,glp,8,99.492,97.463,101.463,93.9,104.9
2025-05,MUN,RN|CAICO,glp,8,115.0,115.0,115.0,115.0,115.0
2025-05,MUN,RN|MOSSORO,glp,10,105.0,99.5,105.2,95.0,107.0
2025-05,MUN,RN|NATAL,glp,16,100.0,91.0,118.25,90.0,128.0
2025-05,MUN,RN|PARNAMIRIM,glp,10,99.9,99.41,100.291,95.0,103.0
2025-05,MUN,RO|ARIQUEMES,glp,7,130.0,121.0,133.8,115.0,135.0
2025-05,MUN,RO|CACOAL,glp,7,135.0,134.6,135.0,134.0,135.0
2025-05,MUN,RO|PIMENTA BUENO,glp,2,132.0,123.2,140.8,121.0,143.0
2025-05,MUN,RO|PORTO VELHO,glp,25,120.0,113.4,124.6,107.0,130.0
2025-05,MUN,RO|VILHENA,glp,7,125.0,121.19,132.0,115.49,132.0
2025-05,MUN,RR|BOA VISTA,glp,23,137.0,130.0,142.4,130.0,155.0
2025-05,MUN,RS|ALEGRETE,glp,7,110.0,110.0,116.0,110.0,117.5
2025-05,MUN,RS|ALVORADA,glp,6,105.25,103.25,109.248,103.0,110.0
2025-05,MUN,RS|BAGE,glp,8,126.0,123.5,127.0,120.0,127.0
2025-05,MUN,RS|BENTO GONCALVES,glp,7,119.0,113.0,123.0,110.0,123.0
2025-05,MUN,RS|CACHOEIRA DO SUL,glp,7,100.0,97.5,105.0,97.5,105.0
2025-05,MUN,RS|CACHOEIRINHA,glp,7,110.0,107.996,113.2,107.99,118.0
2025-05,MUN,RS|CANOAS,glp,15,106.5,101.6,110.0,99.9,110.0
2025-05,MUN,RS|CAXIAS DO SUL,glp,16,113.725,105.0,118.0,99.0,119.0
2025-05,MUN,RS|CRUZ ALTA,glp,6,99.0,99.0,103.0,99.0,107.0
2025-05,MUN,RS|ERECHIM,glp,9,131.5,124.98,140.0,104.9,140.0
2025-05,MUN,RS|ESTEIO,glp,7,110.0,108.8,117.8,107.0,122.0
2025-05,MUN,RS|GRAVATAI,glp,10,109.95,100.0,110.9,100.0,119.0
2025-05,MUN,RS|GUAIBA,glp,7,99.9,97.9,104.94,94.9,105.0
2025-05,MUN,RS|IJUI,glp,7,103.0,97.538,122.8,93.995,127.0
2025-05,MUN,RS|LAJEADO,glp,7,119.0,115.0,122.0,115.0,125.0
2025-05,MUN,RS|NOVO HAMBURGO,glp,11,105.0,100.0,109.0,99.9,114.99
2025-05,MUN,RS|OSORIO,glp,7,105.0,102.994,111.94,100.0,115.0
2025-05,MUN,RS|PASSO FUNDO,glp,13,120.0,115.4,125.0,115.0,125.0
2025-05,MUN,RS|PELOTAS,glp,15,111.0,109.0,113.0,106.9,118.0
2025-05,MUN,RS|PORTO ALEGRE,glp,17,117.0,105.0,125.36,100.0,129.9
2025-05,MUN,RS|SANTA CRUZ DO SUL,glp,9,110.0,110.0,112.8,110.0,116.0
2025-05,MUN,RS|SANTA MARIA,glp,12,111.0,109.9,117.7,105.0,119.9
2025-05,MUN,RS|SANTA ROSA,glp,7,120.0,113.8,124.0,112.0,130.0
2025-05,MUN,RS|SANTANA DO LIVRAMENTO,glp,7,120.0,113.4,128.4,105.0,129.0
2025-05,MUN,RS|SANTO ANGELO,glp,6,120.0,113.995,126.0,107.99,128.0
2025-05,MUN,RS|SAO GABRIEL,glp,6,115.0,111.25,116.5,110.0,118.0
2025-05,MUN,RS|SAO LEOPOLDO,glp,7,99.945,99.0,105.0,99.0,105.0
2025-05,MUN,RS|SAO LUIZ GONZAGA,glp,7,115.0,110.0,117.0,110.0,120.0
2025-05,MUN,RS|SAPIRANGA,glp,7,119.0,115.0,121.4,115.0,125.0
2025-05,MUN,RS|SAPUCAIA DO SUL,glp,7,108.0,103.0,112.0,100.0,115.0
2025-05,MUN,RS|TORRES,glp,4,120.0,114.993,126.4,114.99,127.0
2025-05,MUN,RS|URUGUAIANA,glp,6,122.5,115.0,138.0,115.0,146.0
2025-05,MUN,RS|VACARIA,glp,7,118.0,115.2,120.0,114.0,120.0
2025-05,MUN,RS|VIAMAO,glp,10,103.95,97.0,114.1,97.0,115.0
2025-05,MUN,SC|BLUMENAU,glp,10,124.99,119.5,130.0,115.0,130.0
2025-05,MUN,SC|BRUSQUE,glp,3,130.9,130.18,134.172,130.0,134.99
2025-05,MUN,SC|CACADOR,glp,7,115.0,114.996,139.0,114.99,145.0
2025-05,MUN,SC|CHAPECO,glp,10,130.0,119.0,140.8,119.0,148.0
2025-05,MUN,SC|CONCORDIA,glp,3,115.5,111.1,115.9,110.0,116.0
2025-05,MUN,SC|CRICIUMA,glp,7,110.0,104.6,119.0,104.0,125.0
2025-05,MUN,SC|FLORIANOPOLIS,glp,7,125.0,110.0,132.0,110.0,135.0
2025-05,MUN,SC|ITAJAI,glp,13,118.0,105.0,127.176,105.0,129.0
2025-05,MUN,SC|JOINVILLE,glp,9,125.0,118.0,129.0,110.0,133.0
2025-05,MUN,SC|LAGUNA,glp,7,114.99,108.0,115.8,105.0,117.0
2025-05,MUN,SC|MAFRA,glp,5,105.0,99.994,114.96,99.99,115.0
2025-05,MUN,SC|SAO JOSE,glp,10,120.0,115.0,128.7,115.0,135.0
2025-05,MUN,SC|TUBARAO,glp,7,110.0,101.0,113.5,95.0,115.0
2025-05,MUN,SC|VIDEIRA,glp,7,127.0,115.996,130.8,109.99,135.0
2025-05,MUN,SC|XANXERE,glp,3,120.0,104.0,120.0,100.0,120.0
2025-05,MUN,SE|ARACAJU,glp,16,102.45,99.948,107.5,99.9,110.0
2025-05,MUN,SE|ITABAIANA,glp,7,110.0,103.0,113.2,100.0,115.0
2025-05,MUN,SE|LAGARTO,glp,7,105.0,103.0,105.0,100.0,105.0
2025-05,MUN,SE|NOSSA SENHORA DO SOCORRO,glp,10,105.0,104.5,110.0,100.0,110.0
2025-05,MUN,SP|ADAMANTINA,glp,7,101.0,93.0,108.43,90.0,109.9
2025-05,MUN,SP|AMERICANA,glp,7,104.99,102.99,120.596,99.99,128.99
2025-05,MUN,SP|ARACATUBA,glp,15,95.99,89.994,99.0,85.99,105.0
2025-05,MUN,SP|ARARAS,glp,7,104.0,104.0,106.996,104.0,109.99
2025-05,MUN,SP|ASSIS,glp,9,115.0,99.9,120.0,99.9,120.0
2025-05,MUN,SP|ATIBAIA,glp,9,115.0,99.6,128.4,98.0,130.0
2025-05,MUN,SP|AVARE,glp,7,104.0,101.596,111.0,97.99,120.0
2025-05,MUN,SP|BARRETOS,glp,6,110.0,107.5,115.0,105.0,120.0
2025-05,MUN,SP|BARUERI,glp,10,112.5,109.499,125.099,104.99,125.99
2025-05,MUN,SP|BAURU,glp,11,105.0,99.99,105.0,95.0,107.0
2025-05,MUN,SP|BEBEDOURO,glp,7,110.0,102.996,115.6,99.99,116.5
2025-05,MUN,SP|BIRIGUI,glp,9,100.0,97.392,106.0,95.0,110.0
2025-05,MUN,SP|BOTUCATU,glp,8,105.0,103.5,109.291,100.0,109.97
2025-05,MUN,SP|BRAGANCA PAULISTA,glp,9,110.0,107.918,119.996,99.99,120.0
2025-05,MUN,SP|CACAPAVA,glp,6,94.495,83.49,102.495,79.99,105.0
2025-05,MUN,SP|CAMPINAS,glp,14,102.49,99.99,114.99,98.0,115.0
2025-05,MUN,SP|CARAGUATATUBA,glp,7,100.0,99.998,117.94,99.995,130.0
2025-05,MUN,SP|CARAPICUIBA,glp,11,105.0,100.0,119.99,94.99,119.99
2025-05,MUN,SP|CATANDUVA,glp,5,109.8,109.8,115.8,109.8,119.8
2025-05,MUN,SP|COTIA,glp,7,114.99,108.59,129.454,106.49,130.0
2025-05,MUN,SP|CRUZEIRO,glp,7,89.99,89.394,89.99,88.5,89.99
2025-05,MUN,SP|CUBATAO,glp,7,120.0,110.0,122.0,110.0,125.0
2025-05,MUN,SP|DIADEMA,glp,8,109.995,105.39,125.0,103.99,125.0
2025-05,MUN,SP|ELISIARIO,glp,1,105.0,105.0,105.0,105.0,105.0
2025-05,MUN,SP|EMBU DAS ARTES,glp,10,109.95,99.591,114.991,96.0,115.0
2025-05,MUN,SP|FRANCA,glp,11,105.0,104.99,110.0,99.99,110.0
2025-05,MUN,SP|GARCA,glp,6,115.0,111.25,115.0,110.0,115.0
2025-05,MUN,SP|GUARATINGUETA,glp,7,100.0,89.0,108.5,80.0,110.0
2025-05,MUN,SP|GUARUJA,glp,8,115.0,100.0,119.993,100.0,120.0
2025-05,MUN,SP|GUARULHOS,glp,13,97.99,90.998,108.59,90.0,115.0
2025-05,MUN,SP|HORTOLANDIA,glp,8,94.99,89.99,102.99,89.99,109.99
2025-05,MUN,SP|INDAIATUBA,glp,7,115.0,112.6,119.2,112.0,124.0
2025-05,MUN,SP|ITANHAEM,glp,7,109.99,99.996,112.796,99.99,116.99
2025-05,MUN,SP|ITAPECERICA DA SERRA,glp,6,107.248,103.74,109.99,102.49,109.99
2025-05,MUN,SP|ITAPEVA,glp,4,120.0,118.6,123.5,118.0,125.0
2025-05,MUN,SP|ITAPOLIS,glp,7,120.0,115.0,124.0,115.0,124.0
2025-05,MUN,SP|ITAQUAQUECETUBA,glp,11,94.99,91.995,99.99,91.99,99.99
2025-05,MUN,SP|ITATIBA,glp,7,109.9,102.996,110.0,99.99,110.0
2025-05,MUN,SP|ITU,glp,5,113.0,110.0,115.0,110.0,115.0
2025-05,MUN,SP|JABOTICABAL,glp,7,99.9,96.47,115.0,95.0,115.0
2025-05,MUN,SP|JACAREI,glp,9,100.0,94.792,109.9,94.0,109.9
2025-05,MUN,SP|JALES,glp,7,105.0,103.0,106.58,100.0,108.95
2025-05,MUN,SP|JAU,glp,7,110.0,98.4,112.36,96.0,115.9
2025-05,MUN,SP|JOSE BONIFACIO,glp,7,105.0,100.0,109.6,100.0,115.0
2025-05,MUN,SP|JUNDIAI,glp,8,115.0,105.99,121.5,105.99,125.0
2025-05,MUN,SP|LEME,glp,5,97.5,95.0,111.0,95.0,115.0
2025-05,MUN,SP|LIMEIRA,glp,9,100.0,99.99,108.592,99.99,123.0
2025-05,MUN,SP|LINS,glp,7,109.99,95.0,120.0,95.0,120.0
2025-05,MUN,SP|LORENA,glp,6,90.0,84.0,96.5,80.0,100.0
2025-05,MUN,SP|MARILIA,glp,8,124.0,121.4,128.6,120.0,130.0
2025-05,MUN,SP|MATAO,glp,7,112.49,95.99,124.99,89.99,124.99
2025-05,MUN,SP|MAUA,glp,10,109.99,104.49,110.499,99.99,114.99
2025-05,MUN,SP|MOCOCA,glp,7,115.0,104.99,119.4,104.99,120.0
2025-05,MUN,SP|MOGI DAS CRUZES,glp,5,110.0,109.936,117.0,109.9,117.0
2025-05,MUN,SP|MOGI GUACU,glp,3,110.0,106.0,110.0,105.0,110.0
2025-05,MUN,SP|MONTE ALTO,glp,7,110.0,110.0,118.0,110.0,118.0
2025-05,MUN,SP|OLIMPIA,glp,6,98.0,98.0,99.0,98.0,100.0
2025-05,MUN,SP|OSASCO,glp,12,105.0,94.99,118.99,92.99,119.99
2025-05,MUN,SP|OURINHOS,glp,7,104.9,97.96,114.4,94.9,118.0
2025-05,MUN,SP|PARAGUACU PAULISTA,glp,3,115.0,111.0,119.0,110.0,120.0
2025-05,MUN,SP|PAULINIA,glp,6,110.0,104.995,117.5,99.99,125.0
2025-05,MUN,SP|PIRACICABA,glp,11,99.99,99.99,115.0,99.99,115.0
2025-05,MUN,SP|PIRASSUNUNGA,glp,7,109.9,99.72,112.0,99.45,112.0
2025-05,MUN,SP|POA,glp,7,104.99,94.99,109.99,94.99,109.99
2025-05,MUN,SP|PRAIA GRANDE,glp,10,117.0,109.99,119.91,109.99,120.0
2025-05,MUN,SP|PRESIDENTE PRUDENTE,glp,12,112.49,99.909,118.0,94.99,118.0
2025-05,MUN,SP|RIBEIRAO PIRES,glp,7,110.0,99.14,125.0,98.0,125.0
2025-05,MUN,SP|RIBEIRAO PRETO,glp,13,105.0,100.0,115.0,89.99,120.0
2025-05,MUN,SP|RIO CLARO,glp,7,100.0,96.0,103.8,90.0,105.0
2025-05,MUN,SP|SALTO,glp,4,101.995,94.743,107.497,92.49,109.0
2025-05,MUN,SP|SANTO ANDRE,glp,10,109.495,99.99,115.691,99.99,122.0
2025-05,MUN,SP|SANTOS,glp,9,125.0,122.38,130.98,119.9,134.9
2025-05,MUN,SP|SAO BERNARDO DO CAMPO,glp,5,119.99,111.99,132.2,109.99,137.0
2025-05,MUN,SP|SAO CAETANO DO SUL,glp,5,112.49,99.99,120.99,99.99,124.99
2025-05,MUN,SP|SAO CARLOS,glp,14,125.998,120.0,130.0,120.0,139.0
2025-05,MUN,SP|SAO JOAO DA BOA VISTA,glp,7,100.0,96.2,105.0,92.0,105.0
2025-05,MUN,SP|SAO JOSE DO RIO PRETO,glp,21,115.0,109.99,125.0,105.0,130.0
2025-05,MUN,SP|SAO JOSE DOS CAMPOS,glp,15,98.9,88.79,114.99,81.99,115.0
2025-05,MUN,SP|SAO PAULO,glp,44,110.995,99.99,124.327,94.99,129.99
2025-05,MUN,SP|SAO VICENTE,glp,10,120.45,113.499,129.9,99.99,129.9
2025-05,MUN,SP|SERTAOZINHO,glp,10,101.495,96.891,107.0,96.0,107.0
2025-05,MUN,SP|SOROCABA,glp,15,110.0,108.7,125.0,104.99,129.0
2025-05,MUN,SP|SUMARE,glp,8,96.49,93.49,99.993,89.99,100.0
2025-05,MUN,SP|SUZANO,glp,10,97.495,94.99,108.45,94.99,117.0
2025-05,MUN,SP|TABOAO DA SERRA,glp,7,104.99,100.0,113.99,100.0,119.99
2025-05,MUN,SP|TATUI,glp,7,130.0,130.0,130.0,130.0,130.0
2025-05,MUN,SP|TAUBATE,glp,10,90.0,84.89,100.0,83.99,100.0
2025-05,MUN,SP|UBATUBA,glp,8,101.5,94.4,109.5,93.0,120.0
2025-05,MUN,SP|VALINHOS,glp,7,104.99,100.89,111.994,99.99,115.0
2025-05,MUN,SP|VARZEA PAULISTA,glp,7,95.0,91.194,106.0,90.0,115.0
2025-05,MUN,SP|VINHEDO,glp,7,104.99,98.0,107.0,95.0,110.0
2025-05,MUN,SP|VOTORANTIM,glp,7,107.99,103.796,112.0,101.99,115.0
2025-05,MUN,SP|VOTUPORANGA,glp,10,107.75,100.0,110.0,100.0,110.0
2025-05,MUN,TO|ARAGUAINA,glp,12,130.0,127.75,130.0,120.0,130.0
2025-05,MUN,TO|GURUPI,glp,8,120.0,118.5,126.5,115.0,130.0
2025-05,MUN,TO|PALMAS,glp,14,126.5,121.5,130.0,120.0,130.0
2025-05,MUN,TO|PARAISO DO TOCANTINS,glp,7,127.5,123.0,134.0,120.0,140.0
2025-05,MUN,TO|PORTO NACIONAL,glp,7,125.0,125.0,130.0,125.0,130.0
2025-05,UF,AC,glp,33,125.0,116.0,129.6,107.0,135.0
2025-05,UF,AL,glp,49,100.0,94.0,110.0,84.99,115.0
2025-05,UF,AM,glp,99,125.0,120.0,137.4,118.0,149.0
2025-05,UF,AP,glp,14,117.0,113.6,134.8,112.0,137.0
2025-05,UF,BA,glp,177,115.0,102.994,135.0,90.0,153.0
2025-05,UF,CE,glp,76,110.0,98.0,120.0,94.99,125.0
2025-05,UF,DF,glp,36,102.0,96.99,107.99,94.99,111.99
2025-05,UF,ES,glp,93,100.0,90.99,110.0,80.0,120.0
2025-05,UF,GO,glp,168,110.0,97.994,123.6,85.0,140.0
2025-05,UF,MA,glp,93,120.0,115.0,125.0,110.0,130.0
2025-05,UF,MG,glp,389,105.0,90.0,120.0,82.0,130.0
2025-05,UF,MS,glp,64,112.5,100.0,128.35,95.0,138.0
2025-05,UF,MT,glp,84,122.75,100.747,140.0,94.99,140.0
2025-05,UF,PA,glp,114,113.0,99.293,130.0,84.99,150.0
2025-05,UF,PB,glp,59,105.0,99.998,110.0,84.99,115.0
2025-05,UF,PE,glp,140,99.495,89.891,115.0,80.0,133.0
2025-05,UF,PI,glp,45,105.0,100.0,115.0,98.0,120.0
2025-05,UF,PR,glp,258,105.0,95.0,115.0,88.9,130.0
2025-05,UF,RJ,glp,233,99.0,89.99,112.0,79.99,141.99
2025-05,UF,RN,glp,44,101.25,95.0,115.0,90.0,128.0
2025-05,UF,RO,glp,48,123.5,115.0,135.0,107.0,143.0
2025-05,UF,RR,glp,23,137.0,130.0,142.4,130.0,155.0
2025-05,UF,RS,glp,291,110.0,100.0,125.0,93.995,146.0
2025-05,UF,SC,glp,108,119.94,105.0,130.27,95.0,148.0
2025-05,UF,SE,glp,40,105.0,100.0,110.0,99.9,115.0
2025-05,UF,SP,glp,795,107.99,95.0,122.0,79.99,139.0
2025-05,UF,TO,glp,48,127.75,120.0,130.0,115.0,140.0
2025-06,BR,BR,glp,3540,110.0,95.0,125.0,79.99,156.0
2025-06,MUN,AC|CRUZEIRO DO SUL,glp,7,128.0,125.0,128.8,125.0,130.0
2025-06,MUN,AC|RIO BRANCO,glp,26,121.0,114.0,129.0,107.0,135.0
2025-06,MUN,AL|ARAPIRACA,glp,9,103.0,99.898,105.0,99.49,105.0
2025-06,MUN,AL|DELMIRO GOUVEIA,glp,4,105.0,105.0,108.5,105.0,110.0
2025-06,MUN,AL|MACEIO,glp,26,105.0,89.99,110.0,84.99,115.0
2025-06,MUN,AL|PALMEIRA DOS INDIOS,glp,3,100.0,97.6,100.0,97.0,100.0
2025-06,MUN,AL|RIO LARGO,glp,7,100.0,96.8,103.5,92.0,105.0
2025-06,MUN,AM|MANACAPURU,glp,7,130.0,125.2,135.4,121.0,136.0
2025-06,MUN,AM|MANAUS,glp,80,121.0,119.5,132.1,118.0,140.0
2025-06,MUN,AM|PARINTINS,glp,7,140.0,139.0,140.0,139.0,140.0
2025-06,MUN,AP|MACAPA,glp,14,117.0,114.3,131.1,114.0,132.0
2025-06,MUN,BA|ALAGOINHAS,glp,7,120.0,116.19,123.6,114.99,126.0
2025-06,MUN,BA|BARREIRAS,glp,7,135.0,128.0,135.0,125.0,135.0
2025-06,MUN,BA|BRUMADO,glp,2,120.0,116.0,124.0,115.0,125.0
2025-06,MUN,BA|CAETITE,glp,7,110.0,110.0,110.0,110.0,110.0
2025-06,MUN,BA|EUNAPOLIS,glp,7,115.0,105.994,115.0,100.0,115.0
2025-06,MUN,BA|FEIRA DE SANTANA,glp,5,110.0,104.994,111.44,104.99,112.4
2025-06,MUN,BA|GUANAMBI,glp,8,112.5,105.0,120.0,105.0,120.0
2025-06,MUN,BA|ILHEUS,glp,7,134.99,130.0,151.2,130.0,153.0
2025-06,MUN,BA|IPIRA,glp,4,115.0,115.0,115.0,115.0,115.0
2025-06,MUN,BA|IRECE,glp,2,122.5,120.5,124.5,120.0,125.0
2025-06,MUN,BA|ITABUNA,glp,7,110.0,108.0,116.0,105.0,125.0
2025-06,MUN,BA|ITAMARAJU,glp,5,105.0,99.0,110.0,95.0,110.0
2025-06,MUN,BA|JAGUAQUARA,glp,5,120.0,120.0,124.0,120.0,125.0
2025-06,MUN,BA|JEQUIE,glp,7,105.0,100.0,112.0,100.0,115.0
2025-06,MUN,BA|JUAZEIRO,glp,6,110.0,102.5,110.0,95.0,110.0
2025-06,MUN,BA|LIVRAMENTO DE NOSSA SENHORA,glp,7,115.0,115.0,115.0,115.0,115.0
2025-06,MUN,BA|PAULO AFONSO,glp,5,105.0,101.0,111.0,100.0,115.0
2025-06,MUN,BA|POCOES,glp,7,110.0,105.2,120.0,104.0,120.0
2025-06,MUN,BA|SALVADOR,glp,28,123.495,114.7,135.3,110.0,148.0
2025-06,MUN,BA|SANTO ANTONIO DE JESUS,glp,7,110.0,108.0,123.8,105.0,137.0
2025-06,MUN,BA|SENHOR DO BONFIM,glp,3,120.0,120.0,120.0,120.0,120.0
2025-06,MUN,BA|SERRINHA,glp,7,135.0,123.0,135.0,120.0,135.0
2025-06,MUN,BA|TEIXEIRA DE FREITAS,glp,9,95.0,91.3,95.0,90.5,95.0
2025-06,MUN,BA|VALENCA,glp,6,130.0,130.0,130.0,130.0,130.0
2025-06,MUN,BA|VITORIA DA CONQUISTA,glp,9,115.0,108.0,136.0,100.0,140.0
2025-06,MUN,CE|CAUCAIA,glp,9,100.0,94.998,122.6,94.99,125.0
2025-06,MUN,CE|FORTALEZA,glp,23,105.0,99.99,119.0,99.99,125.0
2025-06,MUN,CE|ICO,glp,4,119.0,111.0,122.1,108.0,123.0
2025-06,MUN,CE|IGUATU,glp,7,115.0,111.9,116.994,108.0,117.0
2025-06,MUN,CE|ITAPIPOCA,glp,7,120.0,101.8,120.0,97.0,120.0
2025-06,MUN,CE|JUAZEIRO DO NORTE,glp,5,115.0,111.6,120.0,110.0,120.0
2025-06,MUN,CE|LIMOEIRO DO NORTE,glp,5,108.0,98.2,115.2,97.0,120.0
2025-06,MUN,CE|QUIXADA,glp,7,98.0,95.594,112.0,95.0,115.0
2025-06,MUN,CE|SOBRAL,glp,4,111.5,110.0,113.7,110.0,114.0
2025-06,MUN,DF|BRASILIA,glp,36,103.495,94.99,108.99,92.99,111.99
2025-06,MUN,ES|ARACRUZ,glp,7,105.0,97.994,112.0,95.0,115.0
2025-06,MUN,ES|CARIACICA,glp,12,100.0,86.0,109.0,80.0,110.0
2025-06,MUN,ES|COLATINA,glp,8,95.0,89.397,96.5,87.99,100.0
2025-06,MUN,ES|GUARAPARI,glp,10,98.995,94.99,105.35,94.99,108.5
2025-06,MUN,ES|LINHARES,glp,11,110.0,105.0,115.0,105.0,115.0
2025-06,MUN,ES|SAO MATEUS,glp,10,110.0,109.54,112.749,105.495,114.99
2025-06,MUN,ES|SERRA,glp,14,92.995,89.993,99.397,85.99,100.0
2025-06,MUN,ES|VILA VELHA,glp,13,100.0,95.0,100.0,89.99,110.0
2025-06,MUN,ES|VITORIA,glp,7,95.0,93.0,108.0,90.0,120.0
2025-06,MUN,GO|AGUAS LINDAS DE GOIAS,glp,13,98.0,97.99,105.0,90.0,105.0
2025-06,MUN,GO|ANAPOLIS,glp,20,110.0,110.0,115.0,105.0,120.0
2025-06,MUN,GO|APARECIDA DE GOIANIA,glp,24,110.0,98.3,115.0,95.0,115.0
2025-06,MUN,GO|CALDAS NOVAS,glp,10,108.0,99.71,111.0,98.0,120.0
2025-06,MUN,GO|CATALAO,glp,7,110.0,104.0,115.0,102.5,115.0
2025-06,MUN,GO|FORMOSA,glp,7,105.0,101.5,117.0,100.0,120.0
2025-06,MUN,GO|GOIANIA,glp,19,110.0,100.0,116.0,89.99,130.0
2025-06,MUN,GO|GOIATUBA,glp,3,120.0,120.0,128.0,120.0,130.0
2025-06,MUN,GO|ITUMBIARA,glp,7,112.0,108.8,119.0,107.0,125.0
2025-06,MUN,GO|LUZIANIA,glp,6,108.5,101.49,109.5,98.99,110.0
2025-06,MUN,GO|MINEIROS,glp,7,128.0,113.0,128.0,110.0,128.0
2025-06,MUN,GO|MORRINHOS,glp,6,102.5,99.495,105.0,99.0,105.0
2025-06,MUN,GO|PORANGATU,glp,7,115.0,113.996,117.6,113.99,120.0
2025-06,MUN,GO|RIO VERDE,glp,10,131.25,129.0,135.5,120.0,140.0
2025-06,MUN,GO|TRINDADE,glp,12,95.0,90.49,105.0,85.0,110.0
2025-06,MUN,GO|VALPARAISO DE GOIAS,glp,9,105.0,98.798,110.0,97.99,110.0
2025-06,MUN,MA|ACAILANDIA,glp,7,120.0,119.2,120.0,118.0,120.0
2025-06,MUN,MA|BACABAL,glp,7,125.0,120.0,125.0,120.0,125.0
2025-06,MUN,MA|BALSAS,glp,6,125.0,125.0,125.0,125.0,125.0
2025-06,MUN,MA|BARRA DO CORDA,glp,4,125.0,125.0,125.0,125.0,125.0
2025-06,MUN,MA|CODO,glp,7,120.0,120.0,120.0,120.0,120.0
2025-06,MUN,MA|IMPERATRIZ,glp,11,115.0,110.0,120.0,109.99,120.0
2025-06,MUN,MA|PINHEIRO,glp,7,130.0,123.0,130.0,120.0,130.0
2025-06,MUN,MA|PRESIDENTE DUTRA,glp,4,114.0,110.9,118.5,110.0,120.0
2025-06,MUN,MA|SAO JOSE DE RIBAMAR,glp,9,119.99,118.992,120.0,115.0,120.0
2025-06,MUN,MA|SAO LUIS,glp,29,119.99,119.972,120.0,114.99,130.0
2025-06,MUN,MG|ALFENAS,glp,7,110.0,96.996,110.0,84.99,110.0
2025-06,MUN,MG|ARAGUARI,glp,7,100.0,98.0,109.6,95.0,112.0
2025-06,MUN,MG|ARAXA,glp,7,97.0,96.2,99.0,95.0,99.0
2025-06,MUN,MG|BARBACENA,glp,7,100.0,99.0,100.0,99.0,100.0
2025-06,MUN,MG|BELO HORIZONTE,glp,27,100.0,94.99,126.6,89.99,130.0
2025-06,MUN,MG|BETIM,glp,8,102.5,99.25,116.3,97.5,117.0
2025-06,MUN,MG|CAMPO BELO,glp,7,110.0,110.0,112.0,110.0,115.0
2025-06,MUN,MG|CARATINGA,glp,7,120.0,109.5,127.0,105.0,130.0
2025-06,MUN,MG|CONGONHAS,glp,7,105.0,94.996,108.2,94.99,110.0
2025-06,MUN,MG|CONSELHEIRO LAFAIETE,glp,7,95.0,90.0,103.997,90.0,110.0
2025-06,MUN,MG|CONTAGEM,glp,12,111.25,100.25,115.0,94.99,126.0
2025-06,MUN,MG|CORONEL FABRICIANO,glp,7,125.0,118.0,126.0,115.0,127.5
2025-06,MUN,MG|CURVELO,glp,7,90.0,90.0,102.0,90.0,105.0
2025-06,MUN,MG|DIVINOPOLIS,glp,9,92.99,86.99,107.0,86.99,115.0
2025-06,MUN,MG|FORMIGA,glp,6,115.0,115.0,118.75,115.0,120.0
2025-06,MUN,MG|GOVERNADOR VALADARES,glp,10,122.5,114.5,125.0,110.0,125.0
2025-06,MUN,MG|GUAXUPE,glp,6,99.972,97.0,102.5,95.0,105.0
2025-06,MUN,MG|IPATINGA,glp,7,108.0,101.9,122.0,95.0,125.0
2025-06,MUN,MG|ITAJUBA,glp,7,90.0,84.0,103.0,84.0,115.0
2025-06,MUN,MG|ITAUNA,glp,7,108.0,100.2,124.0,96.0,124.0
2025-06,MUN,MG|ITUIUTABA,glp,8,98.0,90.0,102.4,90.0,108.0
2025-06,MUN,MG|JANAUBA,glp,7,115.0,115.0,120.0,115.0,120.0
2025-06,MUN,MG|JANUARIA,glp,7,127.0,124.2,128.0,123.0,128.0
2025-06,MUN,MG|JOAO MONLEVADE,glp,5,105.0,102.0,113.0,100.0,115.0
2025-06,MUN,MG|JOAO PINHEIRO,glp,7,115.0,114.96,119.4,114.9,120.0
2025-06,MUN,MG|JUIZ DE FORA,glp,17,92.99,87.996,101.594,85.0,115.0
2025-06,MUN,MG|LAVRAS,glp,7,105.0,102.994,110.8,100.0,112.0
2025-06,MUN,MG|LEOPOLDINA,glp,6,105.0,102.5,109.5,100.0,114.0
2025-06,MUN,MG|MONTE CARMELO,glp,7,100.0,96.0,100.0,90.0,100.0
2025-06,MUN,MG|MONTES CLAROS,glp,23,110.0,104.99,119.0,99.0,125.0
2025-06,MUN,MG|MURIAE,glp,6,105.0,102.495,107.5,99.99,110.0
2025-06,MUN,MG|OLIVEIRA,glp,6,110.0,107.5,110.0,105.0,110.0
2025-06,MUN,MG|OURO PRETO,glp,4,107.0,97.0,118.4,94.0,122.0
2025-06,MUN,MG|PASSOS,glp,7,110.0,100.0,112.0,100.0,115.0
2025-06,MUN,MG|PATROCINIO,glp,6,100.0,98.995,105.0,98.0,110.0
2025-06,MUN,MG|POCOS DE CALDAS,glp,7,117.99,115.6,118.8,115.0,120.0
2025-06,MUN,MG|SAO JOAO DEL REI,glp,7,90.0,89.99,102.8,89.99,107.0
2025-06,MUN,MG|SAO SEBASTIAO DO PARAISO,glp,8,100.0,96.75,110.0,95.0,110.0
2025-06,MUN,MG|SETE LAGOAS,glp,10,108.45,94.99,115.5,94.9,120.0
2025-06,MUN,MG|TEOFILO OTONI,glp,7,110.0,110.0,117.0,110.0,120.0
2025-06,MUN,MG|TRES CORACOES,glp,7,95.0,89.16,95.0,87.9,95.0
2025-06,MUN,MG|UBERABA,glp,12,97.5,90.2,109.75,88.0,115.0
2025-06,MUN,MG|UBERLANDIA,glp,17,99.99,92.194,105.0,88.0,117.0
2025-06,MUN,MG|UNAI,glp,7,115.0,115.0,115.0,115.0,115.0
2025-06,MUN,MG|VICOSA,glp,7,110.0,106.0,117.0,100.0,120.0
2025-06,MUN,MS|CAMPO GRANDE,glp,35,110.0,99.36,120.0,95.0,125.0
2025-06,MUN,MS|CORUMBA,glp,6,130.0,127.5,135.0,125.0,135.0
2025-06,MUN,MS|DOURADOS,glp,15,114.99,106.2,129.0,105.0,138.0
2025-06,MUN,MS|PONTA PORA,glp,7,120.0,118.0,123.2,118.0,128.0
2025-06,MUN,MT|CACERES,glp,10,125.0,120.0,125.4,120.0,129.0
2025-06,MUN,MT|CUIABA,glp,26,115.0,107.495,125.0,98.0,140.0
2025-06,MUN,MT|RONDONOPOLIS,glp,9,129.99,124.0,132.0,120.0,140.0
2025-06,MUN,MT|SINOP,glp,11,140.0,130.0,140.0,125.0,140.0
2025-06,MUN,MT|SORRISO,glp,6,134.0,126.245,135.0,124.99,135.0
2025-06,MUN,MT|VARZEA GRANDE,glp,21,114.99,99.9,120.0,94.99,125.0
2025-06,MUN,PA|ABAETETUBA,glp,4,113.0,113.0,113.0,113.0,113.0
2025-06,MUN,PA|ALENQUER,glp,4,115.0,113.6,115.0,113.0,115.0
2025-06,MUN,PA|ALTAMIRA,glp,6,126.0,117.495,131.0,109.99,132.0
2025-06,MUN,PA|ANANINDEUA,glp,12,104.248,101.99,110.0,98.99,115.0
2025-06,MUN,PA|BELEM,glp,25,110.0,109.994,120.0,104.99,120.0
2025-06,MUN,PA|BRAGANCA,glp,5,117.5,111.4,117.5,109.0,117.5
2025-06,MUN,PA|CASTANHAL,glp,9,109.99,105.0,116.0,105.0,120.0
2025-06,MUN,PA|CONCEICAO DO ARAGUAIA,glp,6,110.0,110.0,112.5,110.0,115.0
2025-06,MUN,PA|MARABA,glp,10,120.0,114.999,125.3,114.99,128.0
2025-06,MUN,PA|PARAGOMINAS,glp,7,140.0,136.0,140.0,130.0,140.0
2025-06,MUN,PA|PARAUAPEBAS,glp,8,128.75,125.0,135.0,125.0,135.0
2025-06,MUN,PA|SANTAREM,glp,16,87.5,85.0,110.0,84.99,110.0
2025-06,MUN,PB|BAYEUX,glp,8,110.0,110.0,110.0,110.0,110.0
2025-06,MUN,PB|CABEDELO,glp,7,110.0,104.796,111.2,99.99,113.0
2025-06,MUN,PB|CAMPINA GRANDE,glp,9,100.0,93.992,106.0,90.0,110.0
2025-06,MUN,PB|JOAO PESSOA,glp,24,105.0,99.993,110.0,84.99,115.0
2025-06,MUN,PB|PATOS,glp,7,109.0,106.8,111.0,105.0,112.5
2025-06,MUN,PB|SOUSA,glp,5,107.0,105.0,110.0,105.0,110.0
2025-06,MUN,PE|ARARIPINA,glp,7,105.0,105.0,105.0,105.0,105.0
2025-06,MUN,PE|ARCOVERDE,glp,7,100.0,99.19,105.0,97.99,105.0
2025-06,MUN,PE|BELO JARDIM,glp,7,97.5,93.2,100.0,92.0,100.0
2025-06,MUN,PE|CABO DE SANTO AGOSTINHO,glp,7,95.0,89.996,100.0,89.99,100.0
2025-06,MUN,PE|CARUARU,glp,10,90.0,85.4,95.799,80.0,102.99
2025-06,MUN,PE|GARANHUNS,glp,7,105.0,104.996,105.0,104.99,105.0
2025-06,MUN,PE|GOIANA,glp,5,86.0,83.8,88.8,83.0,90.0
2025-06,MUN,PE|IGARASSU,glp,7,100.0,95.0,105.0,95.0,105.0
2025-06,MUN,PE|JABOATAO DOS GUARARAPES,glp,10,99.995,97.25,106.0,95.0,115.0
2025-06,MUN,PE|LAJEDO,glp,4,107.5,105.0,110.0,105.0,110.0
2025-06,MUN,PE|OLINDA,glp,10,93.5,84.9,101.0,84.0,110.0
2025-06,MUN,PE|PAULISTA,glp,10,97.5,94.999,100.0,94.99,100.0
2025-06,MUN,PE|PETROLINA,glp,11,115.0,100.0,120.0,93.0,125.0
2025-06,MUN,PE|RECIFE,glp,14,90.0,88.3,97.8,85.0,100.0
2025-06,MUN,PE|SALGUEIRO,glp,5,107.5,106.0,111.5,105.0,112.5
2025-06,MUN,PE|SANTA CRUZ DO CAPIBARIBE,glp,4,105.0,105.0,105.0,105.0,105.0
2025-06,MUN,PE|SERRA TALHADA,glp,6,118.0,116.5,126.5,115.0,133.0
2025-06,MUN,PE|VITORIA DE SANTO ANTAO,glp,7,93.0,91.794,93.8,90.0,95.0
2025-06,MUN,PI|PARNAIBA,glp,7,115.0,110.994,120.0,105.0,120.0
2025-06,MUN,PI|PICOS,glp,7,103.0,99.2,105.0,98.0,105.0
2025-06,MUN,PI|PIRIPIRI,glp,7,115.0,104.99,120.0,104.99,120.0
2025-06,MUN,PI|TERESINA,glp,25,105.0,100.0,110.0,100.0,115.0
2025-06,MUN,PR|APUCARANA,glp,10,99.945,98.6,100.25,95.0,102.5
2025-06,MUN,PR|ARAPONGAS,glp,9,100.0,99.998,101.0,99.99,105.0
2025-06,MUN,PR|ARAUCARIA,glp,10,100.0,94.8,105.5,93.0,110.0
2025-06,MUN,PR|CAMBE,glp,7,110.0,108.0,111.0,105.0,112.5
2025-06,MUN,PR|CAMPO LARGO,glp,10,99.5,95.0,100.6,95.0,106.0
2025-06,MUN,PR|CAMPO MOURAO,glp,7,110.0,105.0,116.2,105.0,118.0
2025-06,MUN,PR|CASCAVEL,glp,14,110.0,105.87,115.0,105.0,120.0
2025-06,MUN,PR|CASTRO,glp,7,109.9,99.3,115.0,99.0,115.0
2025-06,MUN,PR|CIANORTE,glp,7,110.0,92.96,124.0,89.9,130.0
2025-06,MUN,PR|COLOMBO,glp,14,97.0,93.57,103.5,89.9,105.0
2025-06,MUN,PR|CORNELIO PROCOPIO,glp,5,110.0,110.0,118.0,110.0,120.0
2025-06,MUN,PR|CURITIBA,glp,40,99.65,95.81,105.0,91.9,115.0
2025-06,MUN,PR|FOZ DO IGUACU,glp,14,115.0,111.5,120.0,110.0,120.0
2025-06,MUN,PR|FRANCISCO BELTRAO,glp,4,111.975,103.435,114.25,100.0,115.0
2025-06,MUN,PR|GUARAPUAVA,glp,10,105.0,98.9,110.5,98.0,115.0
2025-06,MUN,PR|LONDRINA,glp,15,110.0,96.2,111.2,93.0,120.0
2025-06,MUN,PR|MARINGA,glp,13,99.99,99.99,105.0,99.99,120.0
2025-06,MUN,PR|PALOTINA,glp,1,115.0,115.0,115.0,115.0,115.0
2025-06,MUN,PR|PARANAGUA,glp,7,100.0,93.0,101.6,90.0,104.0
2025-06,MUN,PR|PARANAVAI,glp,7,104.99,102.9,108.994,99.9,115.0
2025-06,MUN,PR|PONTA GROSSA,glp,7,108.0,103.8,110.0,102.0,110.0
2025-06,MUN,PR|QUEDAS DO IGUACU,glp,1,110.0,110.0,110.0,110.0,110.0
2025-06,MUN,PR|SAO JOSE DOS PINHAIS,glp,14,96.5,90.6,100.0,88.9,108.0
2025-06,MUN,PR|TOLEDO,glp,10,114.5,108.99,125.0,99.9,125.0
2025-06,MUN,PR|UMUARAMA,glp,7,115.0,102.396,118.5,99.99,120.0
2025-06,MUN,PR|UNIAO DA VITORIA,glp,4,107.0,105.0,111.8,105.0,113.0
2025-06,MUN,RJ|ANGRA DOS REIS,glp,7,125.0,124.2,125.36,123.0,125.9
2025-06,MUN,RJ|ARARUAMA,glp,7,90.0,89.99,95.0,89.99,95.0
2025-06,MUN,RJ|BARRA DO PIRAI,glp,6,98.75,96.74,103.495,94.99,107.0
2025-06,MUN,RJ|BARRA MANSA,glp,7,98.99,98.536,107.4,97.99,108.0
2025-06,MUN,RJ|BELFORD ROXO,glp,7,90.0,89.99,95.0,89.99,95.0
2025-06,MUN,RJ|CABO FRIO,glp,6,92.495,89.995,94.995,89.99,95.0
2025-06,MUN,RJ|CAMPOS DOS GOYTACAZES,glp,10,94.995,90.0,98.1,90.0,99.0
2025-06,MUN,RJ|DUQUE DE CAXIAS,glp,6,89.99,86.995,93.495,86.99,95.0
2025-06,MUN,RJ|ITABORAI,glp,10,101.99,98.89,102.3,88.995,105.0
2025-06,MUN,RJ|ITAPERUNA,glp,7,100.0,99.194,104.994,98.0,105.0
2025-06,MUN,RJ|MACAE,glp,6,140.0,139.995,140.995,139.99,141.99
2025-06,MUN,RJ|MARICA,glp,7,95.0,89.996,100.8,89.99,102.0
2025-06,MUN,RJ|NILOPOLIS,glp,7,110.0,110.0,112.0,110.0,115.0
2025-06,MUN,RJ|NITEROI,glp,7,98.0,85.0,103.954,85.0,109.9
2025-06,MUN,RJ|NOVA FRIBURGO,glp,7,100.0,93.994,102.0,85.0,105.0
2025-06,MUN,RJ|NOVA IGUACU,glp,15,95.0,89.994,120.0,84.99,120.0
2025-06,MUN,RJ|PETROPOLIS,glp,7,100.0,88.794,106.2,87.0,108.0
2025-06,MUN,RJ|RESENDE,glp,7,110.0,89.996,115.0,89.99,115.0
2025-06,MUN,RJ|RIO BONITO,glp,7,90.0,87.994,92.99,85.0,92.99
2025-06,MUN,RJ|RIO DE JANEIRO,glp,25,97.0,90.8,102.6,89.9,105.0
2025-06,MUN,RJ|SANTO ANTONIO DE PADUA,glp,4,99.5,94.0,105.7,94.0,106.0
2025-06,MUN,RJ|SAO GONCALO,glp,15,99.99,94.396,102.4,89.99,115.0
2025-06,MUN,RJ|SAO JOAO DE MERITI,glp,10,91.0,88.79,100.2,86.99,102.0
2025-06,MUN,RJ|SAQUAREMA,glp,7,90.0,87.994,96.2,85.0,98.0
2025-06,MUN,RJ|TRES RIOS,glp,7,99.99,89.99,104.99,89.99,104.99
2025-06,MUN,RJ|VALENCA,glp,6,99.5,93.72,100.0,92.44,100.0
2025-06,MUN,RJ|VOLTA REDONDA,glp,8,98.99,95.57,100.263,89.9,100.9
2025-06,MUN,RN|CAICO,glp,7,112.5,110.0,113.5,110.0,115.0
2025-06,MUN,RN|MOSSORO,glp,10,105.0,99.5,105.2,95.0,107.0
2025-06,MUN,RN|NATAL,glp,16,98.75,91.0,119.0,90.0,128.0
2025-06,MUN,RN|PARNAMIRIM,glp,10,99.9,95.0,99.9,95.0,99.9
2025-06,MUN,RO|ARIQUEMES,glp,7,130.0,119.5,133.0,115.0,133.0
2025-06,MUN,RO|CACOAL,glp,7,135.0,134.0,135.4,134.0,136.0
2025-06,MUN,RO|PIMENTA BUENO,glp,4,134.5,126.15,142.85,126.0,143.0
2025-06,MUN,RO|PORTO VELHO,glp,24,119.5,113.3,124.7,107.0,130.0
2025-06,MUN,RO|VILHENA,glp,7,128.0,121.19,130.8,115.49,132.0
2025-06,MUN,RR|BOA VISTA,glp,23,137.0,130.0,145.4,130.0,156.0
2025-06,MUN,RS|ALEGRETE,glp,7,110.0,110.0,115.0,110.0,115.0
2025-06,MUN,RS|ALVORADA,glp,6,108.0,104.0,109.0,103.0,110.0
2025-06,MUN,RS|BAGE,glp,8,126.0,117.0,127.0,110.0,127.0
2025-06,MUN,RS|CACHOEIRA DO SUL,glp,7,100.0,100.0,107.0,100.0,110.0
2025-06,MUN,RS|CACHOEIRINHA,glp,7,110.0,107.996,114.7,107.99,118.0
2025-06,MUN,RS|CANOAS,glp,15,108.0,101.6,113.0,99.9,115.0
2025-06,MUN,RS|CRUZ ALTA,glp,7,99.0,99.0,102.2,99.0,107.0
2025-06,MUN,RS|ERECHIM,glp,9,130.0,122.7,140.0,103.5,140.0
2025-06,MUN,RS|ESTEIO,glp,7,110.0,108.8,117.8,107.0,122.0
2025-06,MUN,RS|GRAVATAI,glp,10,109.95,100.0,110.5,100.0,115.0
2025-06,MUN,RS|GUAIBA,glp,8,102.4,96.9,105.0,89.9,105.0
2025-06,MUN,RS|IJUI,glp,7,104.9,97.59,122.8,93.99,127.0
2025-06,MUN,RS|LAJEADO,glp,6,119.5,116.5,127.5,115.0,130.0
2025-06,MUN,RS|NOVO HAMBURGO,glp,11,105.0,100.0,109.0,99.995,114.99
2025-06,MUN,RS|OSORIO,glp,7,105.0,104.594,111.94,104.0,115.0
2025-06,MUN,RS|PASSO FUNDO,glp,13,120.0,115.4,125.0,115.0,125.0
2025-06,MUN,RS|PELOTAS,glp,15,112.0,109.0,113.0,106.9,118.0
2025-06,MUN,RS|PORTO ALEGRE,glp,17,117.0,105.0,125.36,100.0,129.9
2025-06,MUN,RS|SANTA CRUZ DO SUL,glp,9,110.0,110.0,113.2,110.0,118.0
2025-06,MUN,RS|SANTA MARIA,glp,12,111.0,109.9,117.7,105.0,119.9
2025-06,MUN,RS|SANTA ROSA,glp,7,120.0,113.8,125.5,112.0,130.0
2025-06,MUN,RS|SANTANA DO LIVRAMENTO,glp,7,120.0,118.0,128.4,115.0,129.0
2025-06,MUN,RS|SANTO ANGELO,glp,6,120.0,114.995,124.0,109.99,128.0
2025-06,MUN,RS|SAO GABRIEL,glp,6,115.0,115.0,122.5,115.0,130.0
2025-06,MUN,RS|SAO LEOPOLDO,glp,7,105.0,99.54,105.0,99.0,105.0
2025-06,MUN,RS|SAO LUIZ GONZAGA,glp,7,110.0,110.0,120.0,110.0,127.5
2025-06,MUN,RS|SAPIRANGA,glp,7,119.0,111.0,123.8,105.0,125.0
2025-06,MUN,RS|SAPUCAIA DO SUL,glp,8,110.0,104.7,114.3,97.0,115.0
2025-06,MUN,RS|TORRES,glp,3,120.0,115.992,125.6,114.99,127.0
2025-06,MUN,RS|URUGUAIANA,glp,6,122.5,115.0,138.0,115.0,146.0
2025-06,MUN,RS|VACARIA,glp,7,118.0,115.2,120.0,114.0,120.0
2025-06,MUN,RS|VIAMAO,glp,10,102.5,97.0,115.0,97.0,115.0
2025-06,MUN,SC|BLUMENAU,glp,11,130.0,115.0,130.0,114.9,130.0
2025-06,MUN,SC|BRUSQUE,glp,3,130.9,130.18,134.172,130.0,134.99
2025-06,MUN,SC|CACADOR,glp,7,115.0,113.994,139.0,112.5,145.0
2025-06,MUN,SC|CHAPECO,glp,10,129.995,118.6,140.8,115.0,148.0
2025-06,MUN,SC|CONCORDIA,glp,7,109.9,105.24,115.0,105.0,115.0
2025-06,MUN,SC|CRICIUMA,glp,7,110.0,108.0,119.0,105.0,125.0
2025-06,MUN,SC|FLORIANOPOLIS,glp,7,125.0,110.0,130.0,110.0,130.0
2025-06,MUN,SC|ITAJAI,glp,6,118.94,107.5,129.5,105.0,130.0
2025-06,MUN,SC|JOINVILLE,glp,9,125.0,118.0,126.6,110.0,133.0
2025-06,MUN,SC|LAGUNA,glp,7,114.99,110.0,115.8,110.0,117.0
2025-06,MUN,SC|MAFRA,glp,3,114.9,110.98,118.98,110.0,120.0
2025-06,MUN,SC|SAO JOSE,glp,10,120.0,115.0,128.7,115.0,135.0
2025-06,MUN,SC|TUBARAO,glp,7,110.0,101.0,112.0,95.0,115.0
2025-06,MUN,SC|VIDEIRA,glp,7,127.0,115.996,130.8,109.99,135.0
2025-06,MUN,SE|ARACAJU,glp,15,104.9,99.9,110.0,96.0,110.0
2025-06,MUN,SE|ITABAIANA,glp,7,110.0,105.0,115.4,105.0,116.0
2025-06,MUN,SE|LAGARTO,glp,7,105.0,103.0,105.0,100.0,105.0
2025-06,MUN,SE|NOSSA SENHORA DO SOCORRO,glp,10,105.0,103.0,105.95,103.0,110.0
2025-06,MUN,SP|ADAMANTINA,glp,7,102.0,93.0,109.9,90.0,109.9
2025-06,MUN,SP|AMERICANA,glp,7,104.99,102.99,116.996,99.99,119.99
2025-06,MUN,SP|ARACATUBA,glp,15,95.99,89.994,99.0,89.9,105.0
2025-06,MUN,SP|ARARAQUARA,glp,13,110.0,100.992,115.0,99.99,120.0
2025-06,MUN,SP|ARARAS,glp,7,107.0,105.8,108.196,104.0,109.99
2025-06,MUN,SP|ASSIS,glp,8,117.5,99.9,120.0,99.9,120.0
2025-06,MUN,SP|ATIBAIA,glp,9,110.0,107.6,130.0,98.0,130.0
2025-06,MUN,SP|AVARE,glp,7,104.5,101.596,111.0,97.99,120.0
2025-06,MUN,SP|BARRETOS,glp,6,110.0,107.5,117.5,105.0,120.0
2025-06,MUN,SP|BARUERI,glp,9,110.0,108.99,125.198,104.99,125.99
2025-06,MUN,SP|BAURU,glp,11,105.0,95.0,105.0,95.0,107.0
2025-06,MUN,SP|BEBEDOURO,glp,7,110.0,102.996,116.2,99.99,118.0
2025-06,MUN,SP|BIRIGUI,glp,9,100.0,98.798,106.0,97.99,110.0
2025-06,MUN,SP|BOTUCATU,glp,8,107.5,103.5,109.965,100.0,110.0
2025-06,MUN,SP|BRAGANCA PAULISTA,glp,9,110.0,107.918,116.0,99.99,120.0
2025-06,MUN,SP|CACAPAVA,glp,6,94.495,83.49,102.495,79.99,105.0
2025-06,MUN,SP|CAMPINAS,glp,12,99.99,99.99,104.999,98.0,115.0
2025-06,MUN,SP|CARAGUATATUBA,glp,7,100.0,100.0,117.94,100.0,130.0
2025-06,MUN,SP|CARAPICUIBA,glp,11,105.0,100.99,119.99,94.99,119.99
2025-06,MUN,SP|CATANDUVA,glp,5,109.8,109.8,119.8,109.8,119.8
2025-06,MUN,SP|COTIA,glp,7,114.99,109.19,129.454,107.99,130.0
2025-06,MUN,SP|CRUZEIRO,glp,7,89.99,89.394,89.99,88.5,89.99
2025-06,MUN,SP|CUBATAO,glp,7,119.0,103.8,122.0,102.0,125.0
2025-06,MUN,SP|DIADEMA,glp,8,109.99,106.09,125.0,103.99,125.0
2025-06,MUN,SP|ELISIARIO,glp,1,105.0,105.0,105.0,105.0,105.0
2025-06,MUN,SP|EMBU DAS ARTES,glp,10,111.222,99.591,114.991,96.0,115.0
2025-06,MUN,SP|FRANCA,glp,11,105.0,102.49,110.0,99.99,110.0
2025-06,MUN,SP|GARCA,glp,6,118.75,115.0,120.0,115.0,120.0
2025-06,MUN,SP|GUARATINGUETA,glp,6,99.5,87.5,107.5,80.0,110.0
2025-06,MUN,SP|GUARUJA,glp,8,115.495,100.0,119.993,100.0,120.0
2025-06,MUN,SP|GUARULHOS,glp,13,97.99,95.1,107.99,94.99,115.0
2025-06,MUN,SP|HORTOLANDIA,glp,8,97.49,89.99,102.99,89.99,109.99
2025-06,MUN,SP|INDAIATUBA,glp,7,115.0,112.6,119.2,112.0,124.0
2025-06,MUN,SP|ITANHAEM,glp,7,109.99,99.996,112.796,99.99,116.99
2025-06,MUN,SP|ITAPECERICA DA SERRA,glp,6,108.74,104.995,112.49,104.99,114.99
2025-06,MUN,SP|ITAPEVA,glp,4,121.25,118.947,124.25,118.495,125.0
2025-06,MUN,SP|ITAPOLIS,glp,7,120.0,115.0,124.0,115.0,124.0
2025-06,MUN,SP|ITAQUAQUECETUBA,glp,11,94.99,91.99,97.49,89.99,100.0
2025-06,MUN,SP|ITATIBA,glp,7,110.0,105.936,111.0,99.99,112.5
2025-06,MUN,SP|ITU,glp,5,113.0,110.0,115.0,110.0,115.0
2025-06,MUN,SP|JABOTICABAL,glp,6,98.945,95.0,99.922,95.0,99.945
2025-06,MUN,SP|JACAREI,glp,9,100.0,94.792,109.9,94.0,109.9
2025-06,MUN,SP|JALES,glp,6,105.0,105.0,106.975,105.0,108.95
2025-06,MUN,SP|JAU,glp,7,110.0,98.4,112.36,96.0,115.9
2025-06,MUN,SP|JOSE BONIFACIO,glp,7,105.0,100.0,110.5,100.0,115.0
2025-06,MUN,SP|JUNDIAI,glp,7,115.0,105.99,122.0,105.99,125.0
2025-06,MUN,SP|LEME,glp,4,99.5,96.2,103.5,95.0,105.0
2025-06,MUN,SP|LIMEIRA,glp,6,100.0,99.99,111.5,99.99,123.0
2025-06,MUN,SP|LINS,glp,6,114.995,92.495,121.25,89.99,122.5
2025-06,MUN,SP|LORENA,glp,5,88.0,83.2,96.8,80.0,100.0
2025-06,MUN,SP|MARILIA,glp,8,124.0,121.4,128.6,120.0,130.0
2025-06,MUN,SP|MATAO,glp,7,124.99,107.0,124.994,95.0,125.0
2025-06,MUN,SP|MAUA,glp,10,109.99,104.49,110.249,99.99,112.49
2025-06,MUN,SP|MOCOCA,glp,6,115.0,107.495,119.5,104.99,120.0
2025-06,MUN,SP|MOGI DAS CRUZES,glp,5,117.0,109.936,117.0,109.9,117.0
2025-06,MUN,SP|MOGI GUACU,glp,2,110.0,110.0,110.0,110.0,110.0
2025-06,MUN,SP|MONTE ALTO,glp,7,110.0,107.4,112.4,106.5,116.0
2025-06,MUN,SP|OLIMPIA,glp,5,96.0,96.0,98.4,96.0,100.0
2025-06,MUN,SP|OSASCO,glp,12,105.0,94.99,118.99,92.99,119.99
2025-06,MUN,SP|OURINHOS,glp,7,108.95,97.96,114.6,94.9,118.5
2025-06,MUN,SP|PARAGUACU PAULISTA,glp,3,115.0,111.0,119.0,110.0,120.0
2025-06,MUN,SP|PAULINIA,glp,6,110.0,99.995,117.5,99.99,125.0
2025-06,MUN,SP|PIRACICABA,glp,11,99.99,99.99,115.0,99.99,115.0
2025-06,MUN,SP|PIRASSUNUNGA,glp,7,109.9,99.9,112.0,99.9,112.0
2025-06,MUN,SP|POA,glp,7,104.99,94.99,109.99,94.99,109.99
2025-06,MUN,SP|PRAIA GRANDE,glp,10,117.0,109.99,119.91,109.99,120.0
2025-06,MUN,SP|PRESIDENTE PRUDENTE,glp,12,112.49,99.909,118.0,94.99,118.0
2025-06,MUN,SP|RIBEIRAO PIRES,glp,7,110.0,99.14,131.99,98.0,131.99
2025-06,MUN,SP|RIBEIRAO PRETO,glp,13,107.5,100.0,119.0,89.99,122.99
2025-06,MUN,SP|RIO CLARO,glp,7,100.0,93.0,101.2,90.0,103.0
2025-06,MUN,SP|SALTO,glp,4,101.995,96.493,107.497,94.99,109.0
2025-06,MUN,SP|SANTO ANDRE,glp,10,109.495,99.99,115.691,99.99,122.0
2025-06,MUN,SP|SANTOS,glp,9,125.0,122.38,130.98,119.9,134.9
2025-06,MUN,SP|SAO BERNARDO DO CAMPO,glp,5,129.99,111.99,134.996,109.99,137.0
2025-06,MUN,SP|SAO CAETANO DO SUL,glp,5,114.99,102.99,117.993,99.99,119.995
2025-06,MUN,SP|SAO CARLOS,glp,14,126.5,120.0,130.0,120.0,139.0
2025-06,MUN,SP|SAO JOAO DA BOA VISTA,glp,7,105.0,103.0,107.5,100.0,107.5
2025-06,MUN,SP|SAO JOSE DO RIO PRETO,glp,21,120.0,109.99,120.0,105.0,130.0
2025-06,MUN,SP|SAO JOSE DOS CAMPOS,glp,15,98.9,88.79,114.99,81.99,120.0
2025-06,MUN,SP|SAO PAULO,glp,44,114.45,99.99,124.327,94.99,129.99
2025-06,MUN,SP|SAO VICENTE,glp,10,119.9,113.499,123.69,99.99,129.9
2025-06,MUN,SP|SERTAOZINHO,glp,10,101.495,96.891,107.0,96.0,107.0
2025-06,MUN,SP|SOROCABA,glp,15,110.0,109.396,125.0,104.99,129.0
2025-06,MUN,SP|SUMARE,glp,8,96.49,93.49,99.993,89.99,100.0
2025-06,MUN,SP|SUZANO,glp,10,99.495,93.99,109.8,84.99,117.0
2025-06,MUN,SP|TABOAO DA SERRA,glp,7,104.99,100.0,113.99,100.0,119.99
2025-06,MUN,SP|TATUI,glp,7,130.0,130.0,130.0,130.0,130.0
2025-06,MUN,SP|TAUBATE,glp,10,90.0,84.89,100.0,83.99,100.0
2025-06,MUN,SP|UBATUBA,glp,2,97.5,95.5,99.5,95.0,100.0
2025-06,MUN,SP|VALINHOS,glp,7,104.99,102.39,111.994,99.99,115.0
2025-06,MUN,SP|VARZEA PAULISTA,glp,7,95.0,91.194,106.0,90.0,115.0
2025-06,MUN,SP|VINHEDO,glp,7,104.99,98.0,106.994,95.0,110.0
2025-06,MUN,SP|VOTORANTIM,glp,7,107.99,103.796,111.996,101.99,114.99
2025-06,MUN,SP|VOTUPORANGA,glp,10,109.25,100.0,110.0,100.0,110.0
2025-06,MUN,TO|ARAGUAINA,glp,12,130.0,125.5,130.0,120.0,130.0
2025-06,MUN,TO|GURUPI,glp,8,120.0,118.497,126.5,114.99,130.0
2025-06,MUN,TO|PALMAS,glp,14,126.5,121.5,130.0,120.0,130.0
2025-06,MUN,TO|PARAISO DO TOCANTINS,glp,7,127.5,124.0,134.0,122.5,140.0
2025-06,MUN,TO|PORTO NACIONAL,glp,7,125.0,125.0,130.0,125.0,130.0
2025-06,UF,AC,glp,33,125.0,116.0,129.6,107.0,135.0
2025-06,UF,AL,glp,49,102.5,91.6,110.0,84.99,115.0
2025-06,UF,AM,glp,94,125.0,119.5,138.4,118.0,140.0
2025-06,UF,AP,glp,14,117.0,114.3,131.1,114.0,132.0
2025-06,UF,BA,glp,174,115.0,102.95,134.997,90.5,153.0
2025-06,UF,CE,glp,71,110.0,98.0,120.0,94.99,125.0
2025-06,UF,DF,glp,36,103.495,94.99,108.99,92.99,111.99
2025-06,UF,ES,glp,92,100.0,90.099,112.25,80.0,120.0
2025-06,UF,GO,glp,167,110.0,98.0,122.0,85.0,140.0
2025-06,UF,MA,glp,91,120.0,115.0,125.0,109.99,130.0
2025-06,UF,MG,glp,381,105.0,90.0,120.0,84.0,130.0
2025-06,UF,MS,glp,63,115.0,100.0,129.6,95.0,138.0
2025-06,UF,MT,glp,83,122.5,100.0,140.0,94.99,140.0
2025-06,UF,PA,glp,112,113.0,100.0,130.0,84.99,140.0
2025-06,UF,PB,glp,60,105.0,99.999,110.0,84.99,115.0
2025-06,UF,PE,glp,138,99.995,89.99,113.25,80.0,133.0
2025-06,UF,PI,glp,46,105.0,100.0,116.245,98.0,120.0
2025-06,UF,PR,glp,254,104.99,95.0,115.0,88.9,130.0
2025-06,UF,RJ,glp,225,98.9,89.99,110.0,84.99,141.99
2025-06,UF,RN,glp,43,100.0,95.0,114.5,90.0,128.0
2025-06,UF,RO,glp,49,124.99,115.0,135.0,107.0,143.0
2025-06,UF,RR,glp,23,137.0,130.0,145.4,130.0,156.0
2025-06,UF,RS,glp,269,110.0,100.0,125.0,89.9,146.0
2025-06,UF,SC,glp,101,120.0,110.0,130.0,95.0,148.0
2025-06,UF,SE,glp,39,105.0,100.0,110.0,96.0,116.0
2025-06,UF,SP,glp,785,109.0,95.0,122.0,79.99,139.0
2025-06,UF,TO,glp,48,127.75,120.0,130.0,114.99,140.0
2025-07,BR,BR,glp,1776,110.0,95.0,125.0,79.99,156.0
2025-07,MUN,AC|RIO BRANCO,glp,26,122.0,114.0,129.0,107.0,135.0
2025-07,MUN,AL|MACEIO,glp,26,105.0,89.99,110.0,84.99,115.0
2025-07,MUN,AM|MANAUS,glp,68,121.0,119.5,130.6,118.0,140.0
2025-07,MUN,AP|MACAPA,glp,14,117.0,115.0,131.1,115.0,132.0
2025-07,MUN,BA|FEIRA DE SANTANA,glp,6,102.495,100.0,110.0,100.0,110.0
2025-07,MUN,BA|SALVADOR,glp,28,120.995,112.693,135.3,100.0,148.0
2025-07,MUN,CE|FORTALEZA,glp,23,105.0,99.99,120.6,99.99,125.0
2025-07,MUN,CE|JUAZEIRO DO NORTE,glp,5,115.0,111.6,120.0,110.0,120.0
2025-07,MUN,CE|LIMOEIRO DO NORTE,glp,5,115.0,97.0,118.0,95.0,120.0
2025-07,MUN,DF|BRASILIA,glp,36,104.99,96.49,109.95,92.99,112.0
2025-07,MUN,ES|LINHARES,glp,8,110.0,105.0,115.0,105.0,115.0
2025-07,MUN,ES|SERRA,glp,14,93.745,89.99,98.248,85.99,100.0
2025-07,MUN,ES|VILA VELHA,glp,13,100.0,95.4,100.0,95.0,110.0
2025-07,MUN,ES|VITORIA,glp,7,95.0,93.0,124.0,90.0,130.0
2025-07,MUN,GO|ANAPOLIS,glp,20,110.0,110.0,110.5,100.0,115.0
2025-07,MUN,GO|APARECIDA DE GOIANIA,glp,22,110.0,99.1,115.0,95.0,115.0
2025-07,MUN,GO|GOIANIA,glp,20,107.5,100.0,115.5,89.99,130.0
2025-07,MUN,GO|GOIATUBA,glp,3,125.0,121.0,125.0,120.0,125.0
2025-07,MUN,GO|RIO VERDE,glp,10,132.5,124.5,135.5,120.0,140.0
2025-07,MUN,MA|IMPERATRIZ,glp,11,115.0,114.995,120.0,109.99,120.0
2025-07,MUN,MA|SAO JOSE DE RIBAMAR,glp,9,119.99,118.992,120.0,115.0,120.0
2025-07,MUN,MA|SAO LUIS,glp,29,119.99,114.998,120.0,108.995,130.0
2025-07,MUN,MG|ARAGUARI,glp,7,103.0,100.0,109.6,100.0,112.0
2025-07,MUN,MG|BELO HORIZONTE,glp,26,99.995,94.99,127.0,89.99,136.0
2025-07,MUN,MG|CARATINGA,glp,7,120.0,111.0,127.0,105.0,130.0
2025-07,MUN,MG|CONTAGEM,glp,12,112.5,100.5,115.0,94.99,126.0
2025-07,MUN,MG|DIVINOPOLIS,glp,2,110.0,106.0,114.0,105.0,115.0
2025-07,MUN,MG|GOVERNADOR VALADARES,glp,10,122.5,110.0,125.0,110.0,125.0
2025-07,MUN,MG|IPATINGA,glp,4,113.0,108.0,119.4,108.0,120.0
2025-07,MUN,MG|JUIZ DE FORA,glp,15,91.99,88.796,99.99,85.0,104.0
2025-07,MUN,MG|MONTES CLAROS,glp,23,110.0,104.99,119.0,99.0,125.0
2025-07,MUN,MG|PASSOS,glp,7,100.0,100.0,114.0,100.0,120.0
2025-07,MUN,MG|SETE LAGOAS,glp,2,114.95,110.91,118.99,109.9,120.0
2025-07,MUN,MG|UBERABA,glp,12,100.0,90.2,110.0,88.0,115.0
2025-07,MUN,MG|UBERLANDIA,glp,17,100.0,89.954,120.8,85.0,125.0
2025-07,MUN,MS|CAMPO GRANDE,glp,35,110.0,99.36,120.0,94.0,125.0
2025-07,MUN,MS|DOURADOS,glp,15,115.0,106.2,129.0,105.0,138.0
2025-07,MUN,MT|CUIABA,glp,26,115.0,107.495,125.0,98.0,140.0
2025-07,MUN,MT|RONDONOPOLIS,glp,8,127.495,123.5,133.0,120.0,140.0
2025-07,MUN,MT|VARZEA GRANDE,glp,21,114.99,99.9,120.0,94.99,125.0
2025-07,MUN,PA|ANANINDEUA,glp,12,109.5,102.091,110.0,101.99,115.0
2025-07,MUN,PA|BELEM,glp,25,110.0,105.4,120.0,104.99,120.0
2025-07,MUN,PA|PARAUAPEBAS,glp,8,135.0,128.5,135.3,125.0,136.0
2025-07,MUN,PA|SANTAREM,glp,16,85.0,85.0,110.0,85.0,110.0
2025-07,MUN,PB|CABEDELO,glp,6,110.0,103.995,111.5,99.99,113.0
2025-07,MUN,PB|CAMPINA GRANDE,glp,9,100.0,93.992,106.0,90.0,110.0
2025-07,MUN,PB|JOAO PESSOA,glp,24,105.0,99.993,110.0,84.99,115.0
2025-07,MUN,PE|ARCOVERDE,glp,7,100.0,99.19,105.0,97.99,105.0
2025-07,MUN,PE|CARUARU,glp,10,90.0,85.4,95.0,80.0,95.0
2025-07,MUN,PE|JABOATAO DOS GUARARAPES,glp,10,99.995,95.0,106.0,95.0,115.0
2025-07,MUN,PE|PETROLINA,glp,8,120.0,113.5,121.5,110.0,125.0
2025-07,MUN,PE|RECIFE,glp,14,90.0,85.9,97.8,84.99,100.0
2025-07,MUN,PI|TERESINA,glp,25,105.0,100.0,110.0,100.0,115.0
2025-07,MUN,PR|APUCARANA,glp,7,99.99,99.74,102.0,99.5,105.0
2025-07,MUN,PR|ARAPONGAS,glp,3,100.0,100.0,104.0,100.0,105.0
2025-07,MUN,PR|CAMBE,glp,7,110.0,108.0,110.0,105.0,110.0
2025-07,MUN,PR|CASCAVEL,glp,14,110.0,105.87,115.0,105.0,120.0
2025-07,MUN,PR|COLOMBO,glp,11,99.9,94.9,105.0,89.9,105.0
2025-07,MUN,PR|CURITIBA,glp,40,99.9,95.0,105.0,91.9,115.0
2025-07,MUN,PR|FOZ DO IGUACU,glp,14,115.0,115.0,120.0,110.0,120.0
2025-07,MUN,PR|GUARAPUAVA,glp,10,105.0,98.9,110.5,98.0,115.0
2025-07,MUN,PR|LONDRINA,glp,15,110.0,96.2,113.8,93.0,120.0
2025-07,MUN,PR|MARINGA,glp,12,99.995,99.99,105.0,99.99,120.0
2025-07,MUN,PR|PALOTINA,glp,1,115.0,115.0,115.0,115.0,115.0
2025-07,MUN,PR|PONTA GROSSA,glp,1,105.0,105.0,105.0,105.0,105.0
2025-07,MUN,PR|QUEDAS DO IGUACU,glp,1,110.0,110.0,110.0,110.0,110.0
2025-07,MUN,PR|SAO JOSE DOS PINHAIS,glp,14,96.5,90.6,100.0,88.9,108.0
2025-07,MUN,RJ|ANGRA DOS REIS,glp,6,125.0,124.0,125.45,123.0,125.9
2025-07,MUN,RJ|CAMPOS DOS GOYTACAZES,glp,9,94.99,90.0,97.4,90.0,99.0
2025-07,MUN,RJ|DUQUE DE CAXIAS,glp,12,89.495,84.99,94.999,84.99,100.0
2025-07,MUN,RJ|ITABORAI,glp,10,101.99,98.99,102.3,89.99,105.0
2025-07,MUN,RJ|NITEROI,glp,7,98.0,85.0,103.954,85.0,109.9
2025-07,MUN,RJ|NOVA IGUACU,glp,15,95.0,89.994,120.0,84.99,120.0
2025-07,MUN,RJ|PETROPOLIS,glp,7,98.0,88.794,106.2,87.0,108.0
2025-07,MUN,RJ|RIO DE JANEIRO,glp,25,97.0,90.598,100.0,89.9,105.0
2025-07,MUN,RJ|SAO GONCALO,glp,15,99.99,94.396,100.0,89.99,110.0
2025-07,MUN,RJ|VOLTA REDONDA,glp,1,98.0,98.0,98.0,98.0,98.0
2025-07,MUN,RN|NATAL,glp,16,100.0,91.0,119.0,90.0,128.0
2025-07,MUN,RN|PARNAMIRIM,glp,8,99.45,97.8,99.993,95.0,100.0
2025-07,MUN,RO|PORTO VELHO,glp,24,119.5,113.3,124.7,107.0,130.0
2025-07,MUN,RR|BOA VISTA,glp,23,137.0,130.0,145.4,130.0,156.0
2025-07,MUN,RS|CANOAS,glp,15,105.0,101.6,113.0,99.9,115.0
2025-07,MUN,RS|ERECHIM,glp,9,130.0,126.4,140.0,112.0,140.0
2025-07,MUN,RS|GRAVATAI,glp,10,107.45,99.799,110.0,97.99,110.0
2025-07,MUN,RS|NOVO HAMBURGO,glp,11,105.0,102.495,109.0,100.0,115.0
2025-07,MUN,RS|PASSO FUNDO,glp,3,118.0,115.6,119.6,115.0,120.0
2025-07,MUN,RS|PELOTAS,glp,15,112.0,109.0,113.0,106.9,119.0
2025-07,MUN,RS|PORTO ALEGRE,glp,17,117.0,105.0,125.36,100.0,129.9
2025-07,MUN,RS|SANTA MARIA,glp,12,111.0,109.91,117.7,109.9,119.9
2025-07,MUN,RS|SANTA ROSA,glp,7,120.0,113.8,124.0,112.0,130.0
2025-07,MUN,RS|SAO LEOPOLDO,glp,7,99.99,99.0,105.0,99.0,105.0
2025-07,MUN,RS|SAPIRANGA,glp,7,119.0,115.0,123.8,115.0,125.0
2025-07,MUN,RS|VIAMAO,glp,10,103.95,98.8,115.0,97.0,115.0
2025-07,MUN,SC|BLUMENAU,glp,11,125.0,115.0,130.0,114.9,135.0
2025-07,MUN,SC|CONCORDIA,glp,7,109.9,105.0,115.0,105.0,115.0
2025-07,MUN,SC|CRICIUMA,glp,5,110.0,107.0,121.0,105.0,125.0
2025-07,MUN,SC|FLORIANOPOLIS,glp,7,129.0,116.0,132.0,110.0,135.0
2025-07,MUN,SC|ITAJAI,glp,12,118.0,105.5,128.0,105.0,129.0
2025-07,MUN,SC|JOINVILLE,glp,9,125.0,118.0,126.6,110.0,133.0
2025-07,MUN,SC|SAO JOSE,glp,10,118.995,114.9,128.7,114.9,135.0
2025-07,MUN,SE|ARACAJU,glp,15,104.9,100.0,110.0,98.0,110.0
2025-07,MUN,SP|ADAMANTINA,glp,7,95.9,93.0,105.16,90.0,109.9
2025-07,MUN,SP|AMERICANA,glp,7,104.99,102.99,117.0,99.99,120.0
2025-07,MUN,SP|ARACATUBA,glp,15,96.49,91.178,99.0,90.0,101.0
2025-07,MUN,SP|ARARAQUARA,glp,12,117.5,110.3,124.75,99.99,125.0
2025-07,MUN,SP|ATIBAIA,glp,9,110.0,107.6,130.0,98.0,130.0
2025-07,MUN,SP|BARRETOS,glp,6,110.0,107.5,117.5,105.0,120.0
2025-07,MUN,SP|BAURU,glp,11,105.0,95.0,105.0,95.0,107.0
2025-07,MUN,SP|BIRIGUI,glp,9,100.0,90.0,106.0,90.0,110.0
2025-07,MUN,SP|CACAPAVA,glp,6,94.495,83.49,102.495,79.99,105.0
2025-07,MUN,SP|CAMPINAS,glp,15,99.99,99.99,114.594,98.0,115.0
2025-07,MUN,SP|CATANDUVA,glp,1,109.8,109.8,109.8,109.8,109.8
2025-07,MUN,SP|DIADEMA,glp,8,109.99,106.09,125.0,103.99,125.0
2025-07,MUN,SP|ELISIARIO,glp,1,105.0,105.0,105.0,105.0,105.0
2025-07,MUN,SP|FRANCA,glp,11,105.0,104.99,110.0,104.99,110.0
2025-07,MUN,SP|GUARULHOS,glp,13,97.99,95.398,109.99,93.0,115.0
2025-07,MUN,SP|HORTOLANDIA,glp,7,98.99,89.594,103.99,89.0,109.99
2025-07,MUN,SP|INDAIATUBA,glp,7,115.0,112.6,119.2,112.0,124.0
2025-07,MUN,SP|ITU,glp,5,113.0,110.0,115.0,110.0,115.0
2025-07,MUN,SP|JACAREI,glp,9,100.0,94.792,109.9,94.0,109.9
2025-07,MUN,SP|JUNDIAI,glp,9,115.0,105.792,121.0,105.0,125.0
2025-07,MUN,SP|LIMEIRA,glp,8,100.0,99.99,109.7,99.99,123.0
2025-07,MUN,SP|LINS,glp,3,109.99,101.998,109.998,100.0,110.0
2025-07,MUN,SP|MARILIA,glp,8,124.0,121.4,128.6,120.0,130.0
2025-07,MUN,SP|MOGI DAS CRUZES,glp,5,117.0,107.536,117.0,105.9,117.0
2025-07,MUN,SP|OSASCO,glp,12,105.0,94.99,118.99,92.99,119.99
2025-07,MUN,SP|PIRACICABA,glp,11,105.0,99.99,115.0,99.99,115.0
2025-07,MUN,SP|PRESIDENTE PRUDENTE,glp,12,112.49,99.909,118.0,94.99,118.0
2025-07,MUN,SP|RIBEIRAO PRETO,glp,13,115.0,100.0,119.0,89.99,122.99
2025-07,MUN,SP|SALTO,glp,4,101.995,96.493,107.497,94.99,109.0
2025-07,MUN,SP|SANTO ANDRE,glp,10,109.495,99.99,115.691,99.99,122.0
2025-07,MUN,SP|SANTOS,glp,9,125.0,122.38,130.98,119.9,134.9
2025-07,MUN,SP|SAO BERNARDO DO CAMPO,glp,5,129.99,111.99,134.996,109.99,137.0
2025-07,MUN,SP|SAO CARLOS,glp,14,126.5,120.0,130.0,120.0,139.0
2025-07,MUN,SP|SAO JOSE DO RIO PRETO,glp,21,120.0,109.99,120.0,105.0,130.0
2025-07,MUN,SP|SAO JOSE DOS CAMPOS,glp,15,98.9,88.79,114.99,81.99,120.0
2025-07,MUN,SP|SAO PAULO,glp,43,113.99,99.99,122.792,94.99,129.99
2025-07,MUN,SP|SERTAOZINHO,glp,10,99.945,96.891,107.0,96.0,107.0
2025-07,MUN,SP|SOROCABA,glp,15,110.0,109.396,125.0,104.99,129.0
2025-07,MUN,SP|SUMARE,glp,6,97.49,92.49,99.995,89.99,100.0
2025-07,MUN,SP|TAUBATE,glp,10,90.0,84.89,100.0,83.99,100.0
2025-07,MUN,SP|VINHEDO,glp,7,104.99,98.0,106.994,95.0,110.0
2025-07,MUN,TO|PALMAS,glp,14,126.5,120.0,130.0,120.0,130.0
2025-07,UF,AC,glp,26,122.0,114.0,129.0,107.0,135.0
2025-07,UF,AL,glp,26,105.0,89.99,110.0,84.99,115.0
2025-07,UF,AM,glp,68,121.0,119.5,130.6,118.0,140.0
2025-07,UF,AP,glp,14,117.0,115.0,131.1,115.0,132.0
2025-07,UF,BA,glp,34,120.0,101.497,133.5,100.0,148.0
2025-07,UF,CE,glp,33,105.0,99.99,120.0,95.0,125.0
2025-07,UF,DF,glp,36,104.99,96.49,109.95,92.99,112.0
2025-07,UF,ES,glp,42,99.99,89.991,110.0,85.99,130.0
2025-07,UF,GO,glp,75,110.0,100.0,130.0,89.99,140.0
2025-07,UF,MA,glp,49,119.99,114.999,120.0,108.995,130.0
2025-07,UF,MG,glp,144,105.0,92.3,125.0,85.0,136.0
2025-07,UF,MS,glp,50,111.0,99.981,120.0,94.0,138.0
2025-07,UF,MT,glp,55,115.0,99.99,127.994,94.99,140.0
2025-07,UF,PA,glp,61,110.0,85.0,130.0,85.0,136.0
2025-07,UF,PB,glp,39,105.0,95.0,110.0,84.99,115.0
2025-07,UF,PE,glp,49,97.99,87.8,116.0,80.0,125.0
2025-07,UF,PI,glp,25,105.0,100.0,110.0,100.0,115.0
2025-07,UF,PR,glp,150,105.0,95.0,115.0,88.9,120.0
2025-07,UF,RJ,glp,107,98.0,89.54,114.0,84.99,125.9
2025-07,UF,RN,glp,24,100.0,92.9,117.1,90.0,128.0
2025-07,UF,RO,glp,24,119.5,113.3,124.7,107.0,130.0
2025-07,UF,RR,glp,23,137.0,130.0,145.4,130.0,156.0
2025-07,UF,RS,glp,123,110.0,100.0,124.6,97.0,140.0
2025-07,UF,SC,glp,61,120.0,109.9,130.0,105.0,135.0
2025-07,UF,SE,glp,15,104.9,100.0,110.0,98.0,110.0
2025-07,UF,SP,glp,409,109.8,95.0,124.18,79.99,139.0
2025-07,UF,TO,glp,14,126.5,120.0,130.0,120.0,130.0
2025-08,BR,BR,glp,1438,110.0,95.0,125.0,80.0,156.0
2025-08,MUN,AC|RIO BRANCO,glp,26,122.0,114.0,129.0,107.0,135.0
2025-08,MUN,AL|MACEIO,glp,26,105.0,89.99,110.0,84.99,115.0
2025-08,MUN,AM|MANAUS,glp,69,121.0,119.5,130.0,118.0,140.0
2025-08,MUN,AP|MACAPA,glp,14,117.0,115.0,131.1,115.0,132.0
2025-08,MUN,BA|FEIRA DE SANTANA,glp,6,104.245,100.0,109.95,100.0,110.0
2025-08,MUN,BA|SALVADOR,glp,28,119.995,109.997,130.0,100.0,148.0
2025-08,MUN,CE|FORTALEZA,glp,23,104.99,99.99,115.0,99.98,123.0
2025-08,MUN,DF|BRASILIA,glp,36,102.0,94.99,108.99,92.99,112.0
2025-08,MUN,ES|SERRA,glp,14,91.248,89.99,98.55,85.99,105.0
2025-08,MUN,ES|VILA VELHA,glp,13,100.0,95.4,100.0,95.0,110.0
2025-08,MUN,ES|VITORIA,glp,7,95.0,93.0,113.997,90.0,120.0
2025-08,MUN,GO|ANAPOLIS,glp,20,110.0,110.0,110.5,105.0,115.0
2025-08,MUN,GO|APARECIDA DE GOIANIA,glp,22,106.25,95.4,115.0,94.99,115.0
2025-08,MUN,GO|GOIANIA,glp,20,110.0,100.0,115.5,89.99,130.0
2025-08,MUN,MA|IMPERATRIZ,glp,11,115.0,114.99,117.5,109.99,120.0
2025-08,MUN,MA|SAO LUIS,glp,29,119.99,119.9,120.0,110.0,130.0
2025-08,MUN,MG|BELO HORIZONTE,glp,26,99.995,94.99,127.0,89.99,142.0
2025-08,MUN,MG|CONTAGEM,glp,12,112.5,100.0,115.0,97.49,125.5
2025-08,MUN,MG|GOVERNADOR VALADARES,glp,10,122.5,110.0,125.0,110.0,125.0
2025-08,MUN,MG|JUIZ DE FORA,glp,15,93.0,87.394,99.39,85.0,104.0
2025-08,MUN,MG|MONTES CLAROS,glp,23,115.0,104.99,115.0,99.0,125.0
2025-08,MUN,MG|UBERABA,glp,12,100.0,92.05,114.5,88.0,115.0
2025-08,MUN,MG|UBERLANDIA,glp,17,100.0,89.954,120.8,85.0,125.0
2025-08,MUN,MS|CAMPO GRANDE,glp,35,109.0,99.936,120.0,95.0,125.0
2025-08,MUN,MS|DOURADOS,glp,15,114.99,106.2,129.0,105.0,138.0
2025-08,MUN,MT|CUIABA,glp,26,115.0,104.995,125.0,95.79,140.0
2025-08,MUN,MT|RONDONOPOLIS,glp,8,129.995,123.5,133.0,120.0,140.0
2025-08,MUN,MT|VARZEA GRANDE,glp,21,114.99,98.0,125.0,94.99,125.0
2025-08,MUN,PA|BELEM,glp,25,110.0,105.4,120.0,104.99,120.0
2025-08,MUN,PB|CAMPINA GRANDE,glp,8,100.0,93.5,111.5,90.0,115.0
2025-08,MUN,PB|JOAO PESSOA,glp,24,105.0,99.993,110.0,84.99,115.0
2025-08,MUN,PE|CARUARU,glp,10,89.995,85.4,90.5,80.0,95.0
2025-08,MUN,PE|JABOATAO DOS GUARARAPES,glp,9,100.0,97.392,107.0,95.0,115.0
2025-08,MUN,PE|PETROLINA,glp,4,115.0,111.5,118.43,110.0,119.9
2025-08,MUN,PE|RECIFE,glp,14,90.0,85.9,97.8,84.99,100.0
2025-08,MUN,PI|TERESINA,glp,26,105.0,100.0,110.0,100.0,115.0
2025-08,MUN,PR|CASCAVEL,glp,14,110.0,105.87,115.0,105.0,120.0
2025-08,MUN,PR|CURITIBA,glp,40,99.9,95.0,105.0,91.9,115.0
2025-08,MUN,PR|FOZ DO IGUACU,glp,14,115.0,115.0,119.4,110.0,120.0
2025-08,MUN,PR|LONDRINA,glp,15,105.0,96.2,111.794,93.0,120.0
2025-08,MUN,PR|MARINGA,glp,12,99.995,99.99,105.0,99.99,120.0
2025-08,MUN,PR|PALOTINA,glp,1,115.0,115.0,115.0,115.0,115.0
2025-08,MUN,PR|QUEDAS DO IGUACU,glp,1,110.0,110.0,110.0,110.0,110.0
2025-08,MUN,RJ|CAMPOS DOS GOYTACAZES,glp,9,98.0,96.0,99.99,94.0,99.99
2025-08,MUN,RJ|DUQUE DE CAXIAS,glp,12,89.99,84.99,92.25,84.99,93.0
2025-08,MUN,RJ|NITEROI,glp,7,94.5,85.0,103.954,85.0,109.9
2025-08,MUN,RJ|NOVA IGUACU,glp,15,95.0,89.994,120.0,84.99,120.0
2025-08,MUN,RJ|PETROPOLIS,glp,7,98.0,88.794,106.2,87.0,108.0
2025-08,MUN,RJ|RIO DE JANEIRO,glp,25,97.0,90.0,100.0,89.9,105.0
2025-08,MUN,RJ|SAO GONCALO,glp,15,99.99,94.994,100.0,94.0,105.0
2025-08,MUN,RN|NATAL,glp,16,100.0,91.0,116.5,90.0,128.0
2025-08,MUN,RO|PORTO VELHO,glp,24,119.5,113.3,124.7,107.0,130.0
2025-08,MUN,RR|BOA VISTA,glp,23,138.0,130.0,147.6,130.0,156.0
2025-08,MUN,RS|CANOAS,glp,15,106.0,101.6,115.0,99.9,115.0
2025-08,MUN,RS|NOVO HAMBURGO,glp,11,105.0,100.0,108.0,99.99,115.0
2025-08,MUN,RS|PELOTAS,glp,15,112.0,109.0,113.0,106.9,119.0
2025-08,MUN,RS|PORTO ALEGRE,glp,17,117.0,105.0,125.36,100.0,129.9
2025-08,MUN,RS|SANTA MARIA,glp,12,111.475,110.0,117.7,109.9,119.9
2025-08,MUN,RS|SAO GABRIEL,glp,5,118.0,112.0,128.0,110.0,130.0
2025-08,MUN,SC|BLUMENAU,glp,10,124.995,114.99,130.0,114.9,130.0
2025-08,MUN,SC|CRICIUMA,glp,7,110.0,108.0,119.0,105.0,125.0
2025-08,MUN,SC|FLORIANOPOLIS,glp,7,125.0,110.0,132.0,110.0,135.0
2025-08,MUN,SC|ITAJAI,glp,15,118.0,107.0,125.4,105.0,129.0
2025-08,MUN,SC|JOINVILLE,glp,9,125.0,118.0,126.6,110.0,133.0
2025-08,MUN,SC|SAO JOSE,glp,10,118.995,104.9,128.7,104.9,135.0
2025-08,MUN,SE|ARACAJU,glp,15,104.9,100.0,110.0,97.0,110.0
2025-08,MUN,SP|AMERICANA,glp,7,104.99,102.99,117.0,99.99,120.0
2025-08,MUN,SP|ARACATUBA,glp,15,97.0,95.99,99.0,95.99,105.0
2025-08,MUN,SP|ARARAQUARA,glp,12,117.75,110.25,122.25,110.0,122.5
2025-08,MUN,SP|BAURU,glp,11,105.0,95.0,107.0,95.0,107.0
2025-08,MUN,SP|CAMPINAS,glp,15,99.99,99.99,114.99,98.0,115.0
2025-08,MUN,SP|DIADEMA,glp,8,109.99,107.49,127.0,103.99,127.0
2025-08,MUN,SP|ELISIARIO,glp,1,105.0,105.0,105.0,105.0,105.0
2025-08,MUN,SP|FRANCA,glp,11,105.0,104.99,110.0,104.99,110.0
2025-08,MUN,SP|GUARULHOS,glp,13,97.99,94.992,113.998,93.0,115.0
2025-08,MUN,SP|JACAREI,glp,9,100.0,94.792,109.9,94.0,109.9
2025-08,MUN,SP|JUNDIAI,glp,9,115.0,105.792,121.0,105.0,125.0
2025-08,MUN,SP|LIMEIRA,glp,9,100.0,99.99,108.592,99.99,123.0
2025-08,MUN,SP|MARILIA,glp,8,124.0,121.4,128.6,120.0,130.0
2025-08,MUN,SP|MOGI DAS CRUZES,glp,5,110.0,106.936,117.0,104.9,117.0
2025-08,MUN,SP|OSASCO,glp,12,105.0,94.99,118.99,92.99,119.99
2025-08,MUN,SP|PIRACICABA,glp,11,105.0,99.99,115.0,99.99,115.0
2025-08,MUN,SP|PRESIDENTE PRUDENTE,glp,12,112.49,94.991,118.0,94.9,118.0
2025-08,MUN,SP|RIBEIRAO PRETO,glp,10,114.995,100.0,120.299,100.0,122.99
2025-08,MUN,SP|SANTO ANDRE,glp,10,109.495,99.99,115.7,99.99,122.0
2025-08,MUN,SP|SANTOS,glp,10,125.0,119.41,130.49,115.0,134.9
2025-08,MUN,SP|SAO BERNARDO DO CAMPO,glp,5,129.99,111.99,134.996,109.99,137.0
2025-08,MUN,SP|SAO CARLOS,glp,14,127.0,121.5,130.0,120.0,139.0
2025-08,MUN,SP|SAO JOSE DO RIO PRETO,glp,21,120.0,109.99,120.0,100.0,130.0
2025-08,MUN,SP|SAO JOSE DOS CAMPOS,glp,15,98.9,88.79,114.99,81.99,120.0
2025-08,MUN,SP|SAO PAULO,glp,45,110.0,99.99,122.594,94.99,129.99
2025-08,MUN,SP|SOROCABA,glp,15,110.0,108.694,125.0,104.99,129.0
2025-08,MUN,SP|TAUBATE,glp,10,90.0,84.999,99.1,84.99,100.0
2025-08,MUN,TO|PALMAS,glp,13,125.0,120.0,130.0,120.0,130.0
2025-08,UF,AC,glp,26,122.0,114.0,129.0,107.0,135.0
2025-08,UF,AL,glp,26,105.0,89.99,110.0,84.99,115.0
2025-08,UF,AM,glp,69,121.0,119.5,130.0,118.0,140.0
2025-08,UF,AP,glp,14,117.0,115.0,131.1,115.0,132.0
2025-08,UF,BA,glp,34,117.5,103.943,129.4,100.0,148.0
2025-08,UF,CE,glp,23,104.99,99.99,115.0,99.98,123.0
2025-08,UF,DF,glp,36,102.0,94.99,108.99,92.99,112.0
2025-08,UF,ES,glp,34,96.748,89.99,103.5,85.99,120.0
2025-08,UF,GO,glp,62,110.0,100.0,115.0,89.99,130.0
2025-08,UF,MA,glp,40,119.99,114.999,120.0,109.99,130.0
2025-08,UF,MG,glp,115,105.0,90.794,125.0,85.0,142.0
2025-08,UF,MS,glp,50,110.0,99.999,120.0,95.0,138.0
2025-08,UF,MT,glp,55,115.0,99.936,129.996,94.99,140.0
2025-08,UF,PA,glp,25,110.0,105.4,120.0,104.99,120.0
2025-08,UF,PB,glp,32,105.0,95.0,110.0,84.99,115.0
2025-08,UF,PE,glp,37,95.0,86.6,112.0,80.0,119.9
2025-08,UF,PI,glp,26,105.0,100.0,110.0,100.0,115.0
2025-08,UF,PR,glp,97,105.0,97.6,115.0,91.9,120.0
2025-08,UF,RJ,glp,90,97.25,87.891,105.3,84.99,120.0
2025-08,UF,RN,glp,16,100.0,91.0,116.5,90.0,128.0
2025-08,UF,RO,glp,24,119.5,113.3,124.7,107.0,130.0
2025-08,UF,RR,glp,23,138.0,130.0,147.6,130.0,156.0
2025-08,UF,RS,glp,75,110.0,105.0,120.0,99.9,130.0
2025-08,UF,SC,glp,58,119.94,110.0,130.0,104.9,135.0
2025-08,UF,SE,glp,15,104.9,100.0,110.0,97.0,110.0
2025-08,UF,SP,glp,323,109.99,96.092,125.0,81.99,139.0
2025-08,UF,TO,glp,13,125.0,120.0,130.0,120.0,130.0
2025-09,BR,BR,glp,2294,110.0,95.0,127.0,80.0,156.0
2025-09,MUN,AC|RIO BRANCO,glp,26,122.25,114.75,128.5,107.0,130.0
2025-09,MUN,AL|ARAPIRACA,glp,10,104.0,99.499,105.25,94.99,107.5
2025-09,MUN,AL|MACEIO,glp,26,104.0,89.995,110.0,84.99,115.0
2025-09,MUN,AM|MANACAPURU,glp,6,131.25,125.5,135.5,123.0,136.0
2025-09,MUN,AM|MANAUS,glp,66,121.0,119.5,130.0,118.0,140.0
2025-09,MUN,AP|MACAPA,glp,14,120.5,115.0,132.0,115.0,134.0
2025-09,MUN,BA|BARREIRAS,glp,4,131.25,130.0,132.5,130.0,132.5
2025-09,MUN,BA|FEIRA DE SANTANA,glp,6,100.0,99.498,109.95,98.995,110.0
2025-09,MUN,BA|ILHEUS,glp,7,130.0,128.0,151.2,125.0,153.0
2025-09,MUN,BA|IRECE,glp,1,130.0,130.0,130.0,130.0,130.0
2025-09,MUN,BA|ITAMARAJU,glp,7,105.0,98.0,107.0,95.0,110.0
2025-09,MUN,BA|JEQUIE,glp,8,107.5,99.693,119.5,99.0,130.0
2025-09,MUN,BA|SALVADOR,glp,28,119.0,110.0,130.0,100.0,148.0
2025-09,MUN,BA|SERRINHA,glp,6,135.0,132.5,135.0,130.0,135.0
2025-09,MUN,BA|TEIXEIRA DE FREITAS,glp,9,95.0,91.8,95.3,91.0,96.5
2025-09,MUN,BA|VITORIA DA CONQUISTA,glp,9,115.0,108.0,135.992,100.0,140.0
2025-09,MUN,CE|CAUCAIA,glp,10,107.5,94.99,122.3,94.99,125.0
2025-09,MUN,CE|FORTALEZA,glp,23,106.49,101.992,121.6,99.985,129.0
2025-09,MUN,CE|IGUATU,glp,6,120.495,113.0,120.995,108.0,121.0
2025-09,MUN,CE|JUAZEIRO DO NORTE,glp,10,120.0,118.8,125.0,108.0,125.0
2025-09,MUN,DF|BRASILIA,glp,35,102.0,94.99,108.99,92.99,112.0
2025-09,MUN,ES|ARACRUZ,glp,8,102.5,98.493,111.5,95.0,115.0
2025-09,MUN,ES|CARIACICA,glp,12,100.0,95.099,109.0,85.0,110.0
2025-09,MUN,ES|SERRA,glp,14,92.5,89.99,100.0,87.99,105.0
2025-09,MUN,ES|VILA VELHA,glp,13,100.0,95.4,100.0,95.0,110.0
2025-09,MUN,ES|VITORIA,glp,7,95.0,89.996,108.0,89.99,120.0
2025-09,MUN,GO|ANAPOLIS,glp,20,110.0,110.0,110.5,110.0,117.5
2025-09,MUN,GO|APARECIDA DE GOIANIA,glp,22,105.0,97.646,115.0,95.0,115.0
2025-09,MUN,GO|CALDAS NOVAS,glp,10,109.0,99.71,115.75,98.0,122.5
2025-09,MUN,GO|CATALAO,glp,7,110.0,110.0,115.0,110.0,115.0
2025-09,MUN,GO|FORMOSA,glp,7,105.0,105.0,117.0,105.0,120.0
2025-09,MUN,GO|GOIANIA,glp,20,110.0,100.0,117.75,89.99,130.0
2025-09,MUN,GO|ITUMBIARA,glp,6,113.0,110.0,120.0,110.0,125.0
2025-09,MUN,GO|LUZIANIA,glp,9,105.0,99.998,110.392,99.99,112.0
2025-09,MUN,GO|PORANGATU,glp,6,115.0,113.498,118.0,111.995,120.0
2025-09,MUN,GO|RIO VERDE,glp,10,135.0,129.0,135.5,120.0,140.0
2025-09,MUN,GO|TRINDADE,glp,12,95.0,94.99,105.0,85.0,110.0
2025-09,MUN,MA|ACAILANDIA,glp,4,120.0,120.0,120.0,120.0,120.0
2025-09,MUN,MA|BALSAS,glp,6,130.0,130.0,130.0,130.0,130.0
2025-09,MUN,MA|IMPERATRIZ,glp,12,115.0,114.991,119.5,110.0,120.0
2025-09,MUN,MA|PRESIDENTE DUTRA,glp,4,116.5,115.0,119.4,115.0,120.0
2025-09,MUN,MA|SAO JOSE DE RIBAMAR,glp,7,119.99,117.994,120.0,115.0,120.0
2025-09,MUN,MA|SAO LUIS,glp,29,119.99,119.972,120.0,114.99,130.0
2025-09,MUN,MG|ARAGUARI,glp,7,105.0,100.0,109.6,100.0,112.0
2025-09,MUN,MG|ARAXA,glp,7,100.0,99.6,105.0,99.0,105.0
2025-09,MUN,MG|BELO HORIZONTE,glp,26,100.0,94.99,127.0,89.99,142.0
2025-09,MUN,MG|BETIM,glp,9,100.0,94.0,109.2,90.0,116.0
2025-09,MUN,MG|CARATINGA,glp,7,120.0,111.0,127.0,105.0,130.0
2025-09,MUN,MG|CONTAGEM,glp,16,115.0,101.25,120.0,99.99,126.0
2025-09,MUN,MG|DIVINOPOLIS,glp,11,92.99,86.99,105.0,84.99,115.0
2025-09,MUN,MG|GOVERNADOR VALADARES,glp,10,122.5,110.0,125.0,110.0,125.0
2025-09,MUN,MG|IPATINGA,glp,8,113.0,103.5,121.5,100.0,125.0
2025-09,MUN,MG|ITUIUTABA,glp,7,105.0,98.0,107.0,95.0,110.0
2025-09,MUN,MG|JUIZ DE FORA,glp,15,93.0,86.994,99.194,85.0,104.0
2025-09,MUN,MG|MONTES CLAROS,glp,23,115.0,104.99,115.0,99.0,125.0
2025-09,MUN,MG|PASSOS,glp,7,110.0,100.0,114.0,100.0,120.0
2025-09,MUN,MG|POCOS DE CALDAS,glp,4,118.995,117.3,119.997,117.0,120.0
2025-09,MUN,MG|SAO JOAO DEL REI,glp,6,109.995,104.995,112.5,100.0,115.0
2025-09,MUN,MG|SAO SEBASTIAO DO PARAISO,glp,8,100.0,94.997,110.0,94.99,110.0
2025-09,MUN,MG|SETE LAGOAS,glp,10,109.95,94.409,115.5,89.99,120.0
2025-09,MUN,MG|TEOFILO OTONI,glp,1,110.0,110.0,110.0,110.0,110.0
2025-09,MUN,MG|UBERABA,glp,12,105.0,92.3,114.5,88.0,115.0
2025-09,MUN,MG|UBERLANDIA,glp,17,100.0,94.954,119.6,90.0,125.0
2025-09,MUN,MS|CAMPO GRANDE,glp,37,108.5,99.54,120.0,95.0,125.0
2025-09,MUN,MS|DOURADOS,glp,15,113.0,105.0,129.0,105.0,138.0
2025-09,MUN,MT|CUIABA,glp,26,115.0,104.995,125.0,95.79,140.0
2025-09,MUN,MT|RONDONOPOLIS,glp,8,129.995,123.5,133.0,120.0,140.0
2025-09,MUN,MT|SINOP,glp,12,140.0,130.0,140.0,125.0,140.0
2025-09,MUN,MT|VARZEA GRANDE,glp,21,114.99,98.0,125.0,94.99,125.0
2025-09,MUN,PA|ALENQUER,glp,4,115.0,113.6,115.0,113.0,115.0
2025-09,MUN,PA|ALTAMIRA,glp,7,128.0,117.994,132.8,115.0,134.0
2025-09,MUN,PA|ANANINDEUA,glp,13,109.0,101.198,110.0,99.0,115.0
2025-09,MUN,PA|BELEM,glp,25,110.0,105.4,120.0,104.99,120.0
2025-09,MUN,PA|CASTANHAL,glp,8,113.75,108.5,116.5,105.0,120.0
2025-09,MUN,PA|CONCEICAO DO ARAGUAIA,glp,6,110.0,110.0,112.5,110.0,115.0
2025-09,MUN,PA|MARABA,glp,8,120.0,112.8,125.0,110.0,125.0
2025-09,MUN,PA|PARAUAPEBAS,glp,9,135.0,125.0,135.0,125.0,135.0
2025-09,MUN,PA|SANTAREM,glp,15,86.0,85.0,110.0,84.99,110.0
2025-09,MUN,PB|CAMPINA GRANDE,glp,9,95.0,93.992,111.0,90.0,115.0
2025-09,MUN,PB|JOAO PESSOA,glp,24,105.0,99.993,110.0,84.99,115.0
2025-09,MUN,PB|SOUSA,glp,4,110.0,108.25,111.4,107.5,112.0
2025-09,MUN,PE|ARARIPINA,glp,7,105.0,105.0,105.0,105.0,105.0
2025-09,MUN,PE|CARUARU,glp,10,92.495,85.4,95.5,80.0,100.0
2025-09,MUN,PE|GARANHUNS,glp,7,110.0,108.0,110.0,105.0,110.0
2025-09,MUN,PE|GOIANA,glp,5,88.5,86.0,93.0,85.0,95.0
2025-09,MUN,PE|IGARASSU,glp,7,100.0,93.0,102.0,90.0,105.0
2025-09,MUN,PE|JABOATAO DOS GUARARAPES,glp,10,99.495,94.799,106.0,92.99,115.0
2025-09,MUN,PE|OLINDA,glp,10,95.0,87.5,101.0,87.5,110.0
2025-09,MUN,PE|PETROLINA,glp,2,117.5,111.5,123.5,110.0,125.0
2025-09,MUN,PE|RECIFE,glp,14,94.995,90.0,99.7,85.0,100.0
2025-09,MUN,PI|PARNAIBA,glp,7,115.0,114.6,120.0,114.0,120.0
2025-09,MUN,PI|TERESINA,glp,26,105.0,100.0,110.0,100.0,112.5
2025-09,MUN,PR|CAMPO MOURAO,glp,7,115.0,113.0,117.8,110.0,122.0
2025-09,MUN,PR|CASCAVEL,glp,14,110.0,107.5,115.0,105.0,120.0
2025-09,MUN,PR|COLOMBO,glp,6,99.5,94.945,107.5,94.9,110.0
2025-09,MUN,PR|CURITIBA,glp,40,99.945,94.999,109.909,91.9,119.0
2025-09,MUN,PR|FOZ DO IGUACU,glp,14,115.0,115.0,119.4,110.0,120.0
2025-09,MUN,PR|FRANCISCO BELTRAO,glp,5,115.0,110.8,115.0,108.0,115.0
2025-09,MUN,PR|GUARAPUAVA,glp,10,105.0,98.9,110.5,98.0,115.0
2025-09,MUN,PR|LONDRINA,glp,15,110.0,98.8,111.794,93.0,120.0
2025-09,MUN,PR|MARINGA,glp,12,100.0,99.99,118.5,99.99,125.0
2025-09,MUN,PR|PALOTINA,glp,1,115.0,115.0,115.0,115.0,115.0
2025-09,MUN,PR|PARANAVAI,glp,6,104.99,104.99,112.45,104.99,115.0
2025-09,MUN,PR|PONTA GROSSA,glp,3,110.0,106.0,114.4,105.0,115.5
2025-09,MUN,PR|QUEDAS DO IGUACU,glp,1,110.0,110.0,110.0,110.0,110.0
2025-09,MUN,PR|SAO JOSE DOS PINHAIS,glp,14,97.5,91.65,100.98,88.9,110.5
2025-09,MUN,PR|TOLEDO,glp,10,115.245,113.6,125.0,110.0,125.0
2025-09,MUN,PR|UMUARAMA,glp,7,115.0,104.76,120.0,99.9,120.0
2025-09,MUN,RJ|BARRA MANSA,glp,7,102.99,98.718,109.34,98.445,113.0
2025-09,MUN,RJ|CAMPOS DOS GOYTACAZES,glp,8,99.495,95.043,100.45,94.0,101.5
2025-09,MUN,RJ|DUQUE DE CAXIAS,glp,12,89.995,85.199,94.8,84.99,115.0
2025-09,MUN,RJ|ITABORAI,glp,10,104.99,103.491,105.199,90.0,106.99
2025-09,MUN,RJ|NILOPOLIS,glp,7,112.5,110.0,115.0,110.0,115.0
2025-09,MUN,RJ|NITEROI,glp,7,90.0,82.496,106.99,82.49,109.99
2025-09,MUN,RJ|NOVA FRIBURGO,glp,7,105.0,96.994,107.0,85.0,110.0
2025-09,MUN,RJ|NOVA IGUACU,glp,15,95.0,89.994,120.0,84.99,120.0
2025-09,MUN,RJ|PETROPOLIS,glp,7,98.0,88.794,106.2,87.0,108.0
2025-09,MUN,RJ|RIO DE JANEIRO,glp,25,95.0,90.0,100.0,89.0,105.0
2025-09,MUN,RJ|SANTO ANTONIO DE PADUA,glp,4,102.0,96.9,106.05,96.0,106.5
2025-09,MUN,RJ|SAO GONCALO,glp,15,100.0,98.09,102.49,95.0,105.0
2025-09,MUN,RJ|SAO JOAO DE MERITI,glp,10,94.945,89.299,100.5,82.99,105.0
2025-09,MUN,RJ|VOLTA REDONDA,glp,8,98.995,95.57,102.127,89.9,104.99
2025-09,MUN,RN|MOSSORO,glp,9,105.0,100.0,110.5,100.0,112.5
2025-09,MUN,RN|NATAL,glp,16,100.0,91.0,116.5,90.0,128.0
2025-09,MUN,RN|PARNAMIRIM,glp,10,99.9,98.1,99.99,90.0,99.99
2025-09,MUN,RO|PORTO VELHO,glp,24,120.0,113.3,125.0,107.0,130.0
2025-09,MUN,RO|VILHENA,glp,7,129.995,124.098,133.2,122.745,135.0
2025-09,MUN,RR|BOA VISTA,glp,23,138.0,130.0,147.6,130.0,156.0
2025-09,MUN,RS|ALVORADA,glp,6,106.5,102.5,110.0,100.0,112.0
2025-09,MUN,RS|CACHOEIRINHA,glp,7,112.0,109.196,115.0,107.99,115.0
2025-09,MUN,RS|CANOAS,glp,15,107.5,104.4,113.0,99.9,115.0
2025-09,MUN,RS|ERECHIM,glp,9,130.0,111.6,139.92,110.0,140.0
2025-09,MUN,RS|ESTEIO,glp,7,110.0,104.2,118.6,100.0,124.0
2025-09,MUN,RS|GRAVATAI,glp,9,110.0,103.598,113.2,97.99,114.0
2025-09,MUN,RS|LAJEADO,glp,2,120.0,118.4,121.6,118.0,122.0
2025-09,MUN,RS|NOVO HAMBURGO,glp,11,105.0,100.0,108.0,100.0,115.0
2025-09,MUN,RS|PASSO FUNDO,glp,13,120.0,115.0,127.4,112.0,128.0
2025-09,MUN,RS|PELOTAS,glp,15,112.0,109.0,113.6,106.9,119.0
2025-09,MUN,RS|PORTO ALEGRE,glp,17,118.0,105.0,126.68,100.0,129.9
2025-09,MUN,RS|SANTA CRUZ DO SUL,glp,9,110.0,110.0,113.2,110.0,118.0
2025-09,MUN,RS|SANTA MARIA,glp,12,111.0,109.91,115.0,109.9,118.0
2025-09,MUN,RS|SAO GABRIEL,glp,6,118.5,116.5,125.0,115.0,130.0
2025-09,MUN,RS|SAO LEOPOLDO,glp,7,104.995,102.0,106.54,102.0,107.5
2025-09,MUN,RS|VIAMAO,glp,10,107.95,102.9,119.0,102.0,119.0
2025-09,MUN,SC|BLUMENAU,glp,10,124.995,115.0,130.0,115.0,130.0
2025-09,MUN,SC|BRUSQUE,glp,3,135.0,131.72,142.192,130.9,143.99
2025-09,MUN,SC|CHAPECO,glp,9,130.0,119.0,140.0,119.0,140.0
2025-09,MUN,SC|CONCORDIA,glp,1,130.0,130.0,130.0,130.0,130.0
2025-09,MUN,SC|CRICIUMA,glp,6,110.0,107.0,120.0,105.0,125.0
2025-09,MUN,SC|FLORIANOPOLIS,glp,7,125.0,110.0,132.0,110.0,135.0
2025-09,MUN,SC|ITAJAI,glp,13,118.0,106.0,127.2,105.0,129.0
2025-09,MUN,SC|JOINVILLE,glp,9,125.0,118.0,126.6,110.0,133.0
2025-09,MUN,SC|SAO JOSE,glp,10,118.995,107.15,122.6,104.9,128.0
2025-09,MUN,SC|TUBARAO,glp,7,110.0,101.0,113.5,95.0,115.0
2025-09,MUN,SE|ARACAJU,glp,15,104.9,98.14,110.0,96.0,110.0
2025-09,MUN,SE|ITABAIANA,glp,7,110.0,109.2,116.2,108.0,118.0
2025-09,MUN,SP|ADAMANTINA,glp,7,109.0,95.9,109.9,93.5,109.9
2025-09,MUN,SP|AMERICANA,glp,7,104.99,102.99,119.0,99.99,125.0
2025-09,MUN,SP|ARACATUBA,glp,15,98.0,96.394,102.996,95.99,106.0
2025-09,MUN,SP|ARARAQUARA,glp,12,116.5,110.5,120.0,110.0,122.0
2025-09,MUN,SP|ARARAS,glp,7,107.0,105.8,108.196,104.0,109.99
2025-09,MUN,SP|ASSIS,glp,8,116.25,105.0,120.0,105.0,120.0
2025-09,MUN,SP|BARRETOS,glp,5,110.0,105.0,111.5,105.0,112.5
2025-09,MUN,SP|BARUERI,glp,9,110.0,108.99,125.198,104.99,125.99
2025-09,MUN,SP|BAURU,glp,11,105.0,95.0,107.0,94.99,107.0
2025-09,MUN,SP|BERTIOGA,glp,1,124.99,124.99,124.99,124.99,124.99
2025-09,MUN,SP|BIRIGUI,glp,9,100.0,99.998,105.0,99.99,105.0
2025-09,MUN,SP|CAMPINAS,glp,15,102.49,99.99,119.99,99.0,120.0
2025-09,MUN,SP|CARAGUATATUBA,glp,6,102.5,100.0,122.0,100.0,130.0
2025-09,MUN,SP|CARAPICUIBA,glp,12,105.0,101.39,119.986,94.99,119.99
2025-09,MUN,SP|CATANDUVA,glp,4,114.8,109.8,119.8,109.8,119.8
2025-09,MUN,SP|COTIA,glp,4,112.49,108.59,125.497,107.99,130.0
2025-09,MUN,SP|DIADEMA,glp,8,109.995,108.19,127.0,103.99,127.0
2025-09,MUN,SP|ELISIARIO,glp,1,105.0,105.0,105.0,105.0,105.0
2025-09,MUN,SP|FRANCA,glp,11,105.0,104.99,110.0,104.99,110.0
2025-09,MUN,SP|GARCA,glp,4,122.5,113.0,125.0,110.0,125.0
2025-09,MUN,SP|GUARUJA,glp,6,115.0,100.248,118.745,95.495,119.99
2025-09,MUN,SP|GUARULHOS,glp,13,98.99,94.992,113.998,93.0,115.0
2025-09,MUN,SP|HORTOLANDIA,glp,8,94.99,94.99,106.49,94.99,109.99
2025-09,MUN,SP|INDAIATUBA,glp,7,115.0,112.6,120.4,112.0,124.0
2025-09,MUN,SP|ITAPECERICA DA SERRA,glp,6,114.995,112.49,120.49,109.99,120.99
2025-09,MUN,SP|ITAQUAQUECETUBA,glp,10,94.99,89.79,100.499,87.99,104.99
2025-09,MUN,SP|JACAREI,glp,9,99.99,94.792,109.9,94.0,109.9
2025-09,MUN,SP|JAU,glp,7,110.0,99.6,113.76,99.0,119.4
2025-09,MUN,SP|JUNDIAI,glp,9,116.99,105.99,125.0,105.99,125.0
2025-09,MUN,SP|LIMEIRA,glp,9,100.0,99.99,109.592,99.99,128.0
2025-09,MUN,SP|MARILIA,glp,8,125.0,122.1,130.0,120.0,130.0
2025-09,MUN,SP|MAUA,glp,10,109.995,104.49,114.991,99.99,115.0
2025-09,MUN,SP|MOGI DAS CRUZES,glp,5,110.0,106.938,117.0,104.9,117.0
2025-09,MUN,SP|OSASCO,glp,12,105.0,95.14,118.99,94.99,119.99
2025-09,MUN,SP|PIRACICABA,glp,11,105.0,99.99,115.0,99.99,115.0
2025-09,MUN,SP|PRAIA GRANDE,glp,10,117.0,109.99,120.4,109.99,124.0
2025-09,MUN,SP|PRESIDENTE PRUDENTE,glp,12,112.49,95.49,119.8,94.9,120.0
2025-09,MUN,SP|RIBEIRAO PRETO,glp,12,115.0,89.991,119.891,89.99,120.0
2025-09,MUN,SP|SALTO,glp,2,107.495,106.291,108.699,105.99,109.0
2025-09,MUN,SP|SANTO ANDRE,glp,10,113.49,99.99,120.191,99.99,122.0
2025-09,MUN,SP|SANTOS,glp,10,126.0,119.41,130.99,115.0,139.9
2025-09,MUN,SP|SAO BERNARDO DO CAMPO,glp,5,129.99,113.99,136.796,109.99,140.0
2025-09,MUN,SP|SAO CAETANO DO SUL,glp,5,114.99,114.99,114.996,114.99,115.0
2025-09,MUN,SP|SAO JOSE DO RIO PRETO,glp,21,120.0,110.0,120.0,100.0,130.0
2025-09,MUN,SP|SAO JOSE DOS CAMPOS,glp,15,98.995,86.19,114.99,81.99,120.0
2025-09,MUN,SP|SAO PAULO,glp,45,110.0,99.99,122.594,94.99,130.0
2025-09,MUN,SP|SERTAOZINHO,glp,4,99.99,97.89,105.597,96.99,108.0
2025-09,MUN,SP|SOROCABA,glp,15,112.99,109.396,126.8,106.99,129.0
2025-09,MUN,SP|SUMARE,glp,8,98.99,93.49,104.991,89.99,104.995
2025-09,MUN,SP|SUZANO,glp,7,97.99,94.99,115.2,94.99,117.0
2025-09,MUN,SP|TAUBATE,glp,10,90.0,85.899,99.1,84.99,100.0
2025-09,MUN,TO|ARAGUAINA,glp,13,130.0,130.0,130.0,120.0,130.0
2025-09,MUN,TO|PALMAS,glp,13,130.0,125.0,130.0,120.0,130.0
2025-09,MUN,TO|PARAISO DO TOCANTINS,glp,7,132.5,130.0,138.2,130.0,143.0
2025-09,MUN,TO|PORTO NACIONAL,glp,7,125.0,116.0,130.0,110.0,130.0
2025-09,UF,AC,glp,26,122.25,114.75,128.5,107.0,130.0
2025-09,UF,AL,glp,36,104.0,90.0,110.0,84.99,115.0
2025-09,UF,AM,glp,72,121.0,119.55,132.0,118.0,140.0
2025-09,UF,AP,glp,14,120.5,115.0,132.0,115.0,134.0
2025-09,UF,BA,glp,85,115.0,95.6,135.0,91.0,153.0
2025-09,UF,CE,glp,49,115.0,99.997,123.0,94.99,129.0
2025-09,UF,DF,glp,35,102.0,94.99,108.99,92.99,112.0
2025-09,UF,ES,glp,54,99.995,89.99,110.0,85.0,120.0
2025-09,UF,GO,glp,129,110.0,99.72,120.0,85.0,140.0
2025-09,UF,MA,glp,62,119.99,115.0,129.0,110.0,130.0
2025-09,UF,MG,glp,211,105.0,93.99,120.0,84.99,142.0
2025-09,UF,MS,glp,52,110.0,100.0,120.0,95.0,138.0
2025-09,UF,MT,glp,67,119.99,99.99,140.0,94.99,140.0
2025-09,UF,PA,glp,95,110.0,92.0,127.6,84.99,135.0
2025-09,UF,PB,glp,37,105.0,95.0,110.0,84.99,115.0
2025-09,UF,PE,glp,72,97.745,87.6,110.0,80.0,125.0
2025-09,UF,PI,glp,33,105.0,100.0,115.0,100.0,120.0
2025-09,UF,PR,glp,165,105.0,97.2,115.294,88.9,125.0
2025-09,UF,RJ,glp,142,99.99,89.99,110.0,82.49,120.0
2025-09,UF,RN,glp,35,100.0,94.8,111.5,90.0,128.0
2025-09,UF,RO,glp,31,121.0,114.0,130.0,107.0,135.0
2025-09,UF,RR,glp,23,138.0,130.0,147.6,130.0,156.0
2025-09,UF,RS,glp,155,110.0,105.0,123.2,97.99,140.0
2025-09,UF,SC,glp,75,120.0,108.1,132.16,95.0,143.99
2025-09,UF,SE,glp,22,105.0,100.0,114.5,96.0,118.0
2025-09,UF,SP,glp,477,109.99,95.0,122.0,81.99,140.0
2025-09,UF,TO,glp,40,130.0,124.5,132.5,110.0,143.0
2025-10,BR,BR,glp,2471,110.0,97.0,128.0,80.0,156.0
2025-10,MUN,AC|RIO BRANCO,glp,26,124.0,115.5,129.5,110.0,132.0
2025-10,MUN,AL|ARAPIRACA,glp,9,105.0,100.998,110.0,94.99,110.0
2025-10,MUN,AL|MACEIO,glp,29,107.0,94.99,115.0,89.0,115.0
2025-10,MUN,AM|MANACAPURU,glp,7,130.0,126.0,135.4,123.0,136.0
2025-10,MUN,AM|MANAUS,glp,66,122.0,121.5,133.0,120.0,143.0
2025-10,MUN,AP|MACAPA,glp,14,120.0,115.45,135.7,115.0,136.0
2025-10,MUN,BA|BARREIRAS,glp,7,135.0,128.0,135.0,125.0,135.0
2025-10,MUN,BA|BRUMADO,glp,4,115.0,108.0,122.0,105.0,125.0
2025-10,MUN,BA|FEIRA DE SANTANA,glp,6,102.5,99.495,109.95,98.99,110.0
2025-10,MUN,BA|ILHEUS,glp,7,130.0,125.0,151.2,125.0,153.0
2025-10,MUN,BA|IRECE,glp,3,120.0,116.0,124.0,115.0,125.0
2025-10,MUN,BA|ITAMARAJU,glp,7,105.0,99.0,107.0,97.5,110.0
2025-10,MUN,BA|JEQUIE,glp,7,94.99,89.99,119.0,89.99,125.0
2025-10,MUN,BA|SALVADOR,glp,34,120.0,110.0,130.0,99.99,135.0
2025-10,MUN,BA|SERRINHA,glp,9,130.0,124.0,135.0,120.0,135.0
2025-10,MUN,BA|TEIXEIRA DE FREITAS,glp,9,95.0,95.0,95.0,95.0,95.0
2025-10,MUN,BA|VITORIA DA CONQUISTA,glp,9,115.0,104.8,135.992,100.0,140.0
2025-10,MUN,CE|CAUCAIA,glp,10,109.998,99.999,125.1,99.99,126.0
2025-10,MUN,CE|FORTALEZA,glp,19,109.99,102.79,123.2,100.0,129.0
2025-10,MUN,CE|IGUATU,glp,7,120.99,118.0,120.994,118.0,121.0
2025-10,MUN,CE|JUAZEIRO DO NORTE,glp,10,120.0,119.5,125.0,115.0,125.0
2025-10,MUN,DF|BRASILIA,glp,35,102.0,96.19,110.0,92.99,112.0
2025-10,MUN,ES|ARACRUZ,glp,8,105.0,98.493,111.5,95.0,115.0
2025-10,MUN,ES|CARIACICA,glp,12,100.0,90.599,100.0,89.99,110.0
2025-10,MUN,ES|LINHARES,glp,11,110.0,105.0,115.0,105.0,115.0
2025-10,MUN,ES|SERRA,glp,14,92.5,89.99,100.0,87.99,105.0
2025-10,MUN,ES|VILA VELHA,glp,13,100.0,95.998,104.899,95.0,110.0
2025-10,MUN,ES|VITORIA,glp,7,97.5,93.0,113.997,90.0,120.0
2025-10,MUN,GO|ANAPOLIS,glp,19,115.0,110.0,115.0,110.0,120.0
2025-10,MUN,GO|APARECIDA DE GOIANIA,glp,22,110.0,99.991,115.0,93.0,115.0
2025-10,MUN,GO|CALDAS NOVAS,glp,10,110.0,104.3,116.0,98.0,125.0
2025-10,MUN,GO|CATALAO,glp,7,110.0,105.0,115.0,105.0,115.0
2025-10,MUN,GO|FORMOSA,glp,7,110.0,105.0,117.0,105.0,120.0
2025-10,MUN,GO|GOIANIA,glp,17,110.0,104.594,119.0,94.99,130.0
2025-10,MUN,GO|ITUMBIARA,glp,7,115.0,110.0,122.0,110.0,125.0
2025-10,MUN,GO|LUZIANIA,glp,10,107.5,103.249,110.2,96.49,112.0
2025-10,MUN,GO|PORANGATU,glp,6,116.0,115.0,119.0,115.0,120.0
2025-10,MUN,GO|RIO VERDE,glp,10,130.0,129.0,135.5,120.0,140.0
2025-10,MUN,GO|TRINDADE,glp,12,95.0,94.99,105.0,85.0,110.0
2025-10,MUN,MA|ACAILANDIA,glp,7,120.0,120.0,120.0,120.0,120.0
2025-10,MUN,MA|BALSAS,glp,6,130.0,130.0,130.0,130.0,130.0
2025-10,MUN,MA|IMPERATRIZ,glp,11,115.0,114.99,120.0,109.99,120.0
2025-10,MUN,MA|PRESIDENTE DUTRA,glp,4,116.5,115.0,119.4,115.0,120.0
2025-10,MUN,MA|SAO JOSE DE RIBAMAR,glp,9,119.99,118.992,120.0,115.0,120.0
2025-10,MUN,MA|SAO LUIS,glp,29,120.0,119.972,125.0,110.0,130.0
2025-10,MUN,MG|ARAGUARI,glp,7,105.0,100.0,109.6,100.0,112.0
2025-10,MUN,MG|ARAXA,glp,7,100.0,100.0,103.5,100.0,105.0
2025-10,MUN,MG|BELO HORIZONTE,glp,29,100.0,95.0,129.2,94.99,142.0
2025-10,MUN,MG|BETIM,glp,14,109.0,100.0,122.8,90.0,128.0
2025-10,MUN,MG|CARATINGA,glp,7,120.0,111.0,127.0,105.0,130.0
2025-10,MUN,MG|CONTAGEM,glp,18,110.0,99.39,125.3,85.0,130.0
2025-10,MUN,MG|DIVINOPOLIS,glp,10,98.0,89.99,110.5,89.99,115.0
2025-10,MUN,MG|GOVERNADOR VALADARES,glp,10,125.0,118.6,125.2,115.0,127.0
2025-10,MUN,MG|IPATINGA,glp,7,118.0,104.8,122.0,100.0,125.0
2025-10,MUN,MG|ITUIUTABA,glp,7,105.0,98.0,107.8,95.0,112.0
2025-10,MUN,MG|JUIZ DE FORA,glp,15,95.0,88.196,103.598,85.0,108.0
2025-10,MUN,MG|MONTE CARMELO,glp,7,100.0,97.6,105.0,94.0,105.0
2025-10,MUN,MG|MONTES CLAROS,glp,27,115.0,103.994,120.0,97.0,130.0
2025-10,MUN,MG|PASSOS,glp,7,110.0,100.0,110.0,100.0,110.0
2025-10,MUN,MG|POCOS DE CALDAS,glp,7,118.0,116.2,119.994,115.0,120.0
2025-10,MUN,MG|SAO JOAO DEL REI,glp,7,110.0,109.99,112.0,109.99,115.0
2025-10,MUN,MG|SAO SEBASTIAO DO PARAISO,glp,8,98.75,94.997,110.0,94.99,110.0
2025-10,MUN,MG|SETE LAGOAS,glp,10,109.95,97.681,115.5,94.9,120.0
2025-10,MUN,MG|TEOFILO OTONI,glp,9,120.0,114.0,122.0,110.0,130.0
2025-10,MUN,MG|UBERABA,glp,12,105.0,92.45,115.0,88.0,115.0
2025-10,MUN,MG|UBERLANDIA,glp,17,104.995,95.59,112.0,94.9,122.0
2025-10,MUN,MS|CAMPO GRANDE,glp,35,109.0,100.0,120.0,95.0,125.0
2025-10,MUN,MS|DOURADOS,glp,15,115.0,110.0,129.0,110.0,145.0
2025-10,MUN,MT|CUIABA,glp,26,115.0,109.75,130.0,104.99,140.0
2025-10,MUN,MT|RONDONOPOLIS,glp,8,130.0,126.993,136.5,120.0,140.0
2025-10,MUN,MT|SINOP,glp,11,140.0,130.0,140.0,128.0,145.0
2025-10,MUN,MT|VARZEA GRANDE,glp,21,115.0,99.99,125.0,94.99,125.0
2025-10,MUN,PA|ALENQUER,glp,4,115.0,113.6,115.0,113.0,115.0
2025-10,MUN,PA|ALTAMIRA,glp,7,130.0,119.996,132.8,119.99,134.0
2025-10,MUN,PA|ANANINDEUA,glp,14,105.495,98.993,110.0,98.99,115.0
2025-10,MUN,PA|BELEM,glp,25,115.0,106.6,120.0,104.99,125.0
2025-10,MUN,PA|CASTANHAL,glp,10,115.0,111.75,115.5,105.0,120.0
2025-10,MUN,PA|CONCEICAO DO ARAGUAIA,glp,6,110.0,110.0,110.0,110.0,110.0
2025-10,MUN,PA|MARABA,glp,7,125.0,112.4,127.0,110.0,130.0
2025-10,MUN,PA|PARAUAPEBAS,glp,9,125.0,125.0,131.0,125.0,135.0
2025-10,MUN,PA|SANTAREM,glp,15,90.0,85.0,110.0,85.0,110.0
2025-10,MUN,PB|CAMPINA GRANDE,glp,9,100.0,89.998,111.0,89.99,115.0
2025-10,MUN,PB|JOAO PESSOA,glp,26,105.0,99.995,110.0,89.99,120.0
2025-10,MUN,PB|SOUSA,glp,4,110.0,110.0,111.4,110.0,112.0
2025-10,MUN,PE|ARARIPINA,glp,7,105.0,105.0,105.0,105.0,105.0
2025-10,MUN,PE|CARUARU,glp,11,91.0,90.0,95.0,80.0,100.0
2025-10,MUN,PE|GARANHUNS,glp,7,110.0,108.0,110.0,105.0,110.0
2025-10,MUN,PE|GOIANA,glp,5,90.0,87.4,90.0,87.0,90.0
2025-10,MUN,PE|IGARASSU,glp,7,100.0,95.0,107.0,95.0,110.0
2025-10,MUN,PE|JABOATAO DOS GUARARAPES,glp,10,100.0,95.699,106.25,92.99,117.5
2025-10,MUN,PE|OLINDA,glp,10,100.0,90.0,101.0,90.0,110.0
2025-10,MUN,PE|PETROLINA,glp,12,115.0,110.0,117.45,102.5,130.0
2025-10,MUN,PE|RECIFE,glp,15,94.0,90.0,99.6,90.0,110.0
2025-10,MUN,PI|PARNAIBA,glp,7,115.0,113.0,120.0,110.0,120.0
2025-10,MUN,PI|TERESINA,glp,24,105.0,105.0,110.0,100.0,115.0
2025-10,MUN,PR|CAMPO MOURAO,glp,7,115.0,110.0,120.8,110.0,122.0
2025-10,MUN,PR|CASCAVEL,glp,15,110.4,108.46,115.0,105.0,120.0
2025-10,MUN,PR|COLOMBO,glp,9,105.0,94.972,105.6,94.9,108.0
2025-10,MUN,PR|CURITIBA,glp,40,104.49,97.9,109.909,92.0,117.495
2025-10,MUN,PR|FOZ DO IGUACU,glp,14,120.0,115.0,123.8,110.0,125.0
2025-10,MUN,PR|FRANCISCO BELTRAO,glp,7,115.0,110.4,117.0,108.0,120.0
2025-10,MUN,PR|GUARAPUAVA,glp,10,110.0,104.5,110.5,100.0,115.0
2025-10,MUN,PR|LONDRINA,glp,15,110.0,101.2,115.0,100.0,120.0
2025-10,MUN,PR|MARINGA,glp,12,110.0,99.99,120.0,99.99,125.0
2025-10,MUN,PR|PALOTINA,glp,1,120.0,120.0,120.0,120.0,120.0
2025-10,MUN,PR|PARANAVAI,glp,7,104.99,104.154,115.94,102.9,125.0
2025-10,MUN,PR|PONTA GROSSA,glp,6,115.0,107.5,115.0,105.0,115.0
2025-10,MUN,PR|QUEDAS DO IGUACU,glp,1,110.0,110.0,110.0,110.0,110.0
2025-10,MUN,PR|SAO JOSE DOS PINHAIS,glp,14,100.0,97.0,103.78,90.0,113.0
2025-10,MUN,PR|TOLEDO,glp,10,118.0,117.999,121.0,117.99,130.0
2025-10,MUN,PR|UMUARAMA,glp,7,115.0,99.954,122.0,99.9,125.0
2025-10,MUN,RJ|BARRA MANSA,glp,7,102.99,98.9,109.34,98.9,113.0
2025-10,MUN,RJ|CAMPOS DOS GOYTACAZES,glp,9,99.99,96.192,103.4,89.0,109.0
2025-10,MUN,RJ|DUQUE DE CAXIAS,glp,12,90.0,89.99,100.0,89.99,103.5
2025-10,MUN,RJ|ITABORAI,glp,10,104.99,103.491,105.199,90.0,106.99
2025-10,MUN,RJ|NILOPOLIS,glp,7,115.0,113.0,115.0,110.0,115.0
2025-10,MUN,RJ|NITEROI,glp,7,89.99,85.044,108.554,84.99,113.9
2025-10,MUN,RJ|NOVA FRIBURGO,glp,7,105.0,96.994,107.0,85.0,110.0
2025-10,MUN,RJ|NOVA IGUACU,glp,15,95.0,84.994,120.0,80.0,120.0
2025-10,MUN,RJ|PETROPOLIS,glp,7,98.0,88.794,111.2,87.0,113.0
2025-10,MUN,RJ|RIO BONITO,glp,7,92.0,86.0,97.594,80.0,100.0
2025-10,MUN,RJ|RIO DE JANEIRO,glp,25,96.0,90.0,101.497,89.99,105.0
2025-10,MUN,RJ|SANTO ANTONIO DE PADUA,glp,4,102.0,99.0,106.4,99.0,107.0
2025-10,MUN,RJ|SAO GONCALO,glp,15,104.99,101.59,105.0,99.99,105.0
2025-10,MUN,RJ|SAO JOAO DE MERITI,glp,11,94.9,89.99,100.0,82.99,105.0
2025-10,MUN,RJ|VOLTA REDONDA,glp,8,102.945,98.476,104.99,94.945,104.99
2025-10,MUN,RN|MOSSORO,glp,9,107.5,100.0,111.0,100.0,115.0
2025-10,MUN,RN|NATAL,glp,16,100.0,96.0,119.0,90.0,128.0
2025-10,MUN,RN|PARNAMIRIM,glp,10,99.9,98.595,99.991,94.95,100.0
2025-10,MUN,RO|ARIQUEMES,glp,6,122.5,115.095,130.5,110.19,133.0
2025-10,MUN,RO|PORTO VELHO,glp,24,120.0,110.9,125.0,108.0,135.0
2025-10,MUN,RO|VILHENA,glp,8,129.5,122.14,132.9,115.49,135.0
2025-10,MUN,RR|BOA VISTA,glp,23,140.0,130.4,148.4,130.0,156.0
2025-10,MUN,RS|ALVORADA,glp,7,108.0,106.4,112.0,105.5,112.0
2025-10,MUN,RS|BENTO GONCALVES,glp,7,121.0,119.54,128.0,119.0,128.0
2025-10,MUN,RS|CACHOEIRINHA,glp,7,115.0,110.396,117.4,107.99,121.0
2025-10,MUN,RS|CANOAS,glp,15,109.0,105.0,115.0,104.9,115.0
2025-10,MUN,RS|CAXIAS DO SUL,glp,17,115.0,109.6,122.0,104.9,130.0
2025-10,MUN,RS|ERECHIM,glp,9,130.0,127.4,139.92,117.0,140.0
2025-10,MUN,RS|ESTEIO,glp,7,110.0,106.6,118.6,106.0,124.0
2025-10,MUN,RS|GRAVATAI,glp,9,113.0,103.598,115.0,97.99,115.0
2025-10,MUN,RS|LAJEADO,glp,5,122.0,119.4,129.8,119.0,130.0
2025-10,MUN,RS|NOVO HAMBURGO,glp,10,105.0,104.7,110.35,102.0,113.5
2025-10,MUN,RS|PASSO FUNDO,glp,13,120.0,115.0,126.2,115.0,128.0
2025-10,MUN,RS|PELOTAS,glp,15,115.0,112.4,116.0,109.4,119.0
2025-10,MUN,RS|PORTO ALEGRE,glp,15,118.0,107.0,128.0,100.0,129.9
2025-10,MUN,RS|SANTA CRUZ DO SUL,glp,9,115.0,115.0,116.4,115.0,122.0
2025-10,MUN,RS|SANTA MARIA,glp,12,114.95,109.91,116.0,109.9,118.0
2025-10,MUN,RS|SAO GABRIEL,glp,6,119.4,116.5,125.0,115.0,130.0
2025-10,MUN,RS|SAO LEOPOLDO,glp,7,105.0,104.594,105.36,104.0,105.9
2025-10,MUN,RS|VIAMAO,glp,10,110.45,102.9,119.0,102.0,119.0
2025-10,MUN,SC|BLUMENAU,glp,10,128.745,119.5,130.5,115.0,135.0
2025-10,MUN,SC|BRUSQUE,glp,3,135.0,134.2,142.192,134.0,143.99
2025-10,MUN,SC|CHAPECO,glp,9,130.0,119.0,140.0,119.0,140.0
2025-10,MUN,SC|CONCORDIA,glp,1,129.995,129.995,129.995,129.995,129.995
2025-10,MUN,SC|CRICIUMA,glp,5,110.0,107.0,121.0,105.0,125.0
2025-10,MUN,SC|FLORIANOPOLIS,glp,7,125.0,117.4,134.4,115.0,135.0
2025-10,MUN,SC|ITAJAI,glp,13,115.9,105.0,129.36,105.0,129.99
2025-10,MUN,SC|JOINVILLE,glp,9,125.0,119.5,126.6,117.5,133.0
2025-10,MUN,SC|MAFRA,glp,6,107.5,94.995,114.95,89.99,115.0
2025-10,MUN,SC|SAO JOSE,glp,12,120.0,110.41,124.9,109.9,128.0
2025-10,MUN,SC|TUBARAO,glp,7,110.0,101.0,115.0,95.0,115.0
2025-10,MUN,SE|ARACAJU,glp,17,109.9,103.0,110.0,98.5,110.0
2025-10,MUN,SE|ITABAIANA,glp,7,115.0,109.2,116.2,108.0,118.0
2025-10,MUN,SP|ADAMANTINA,glp,7,109.0,98.14,109.9,97.0,109.9
2025-10,MUN,SP|AMERICANA,glp,7,110.0,104.99,116.998,104.99,119.995
2025-10,MUN,SP|ARACATUBA,glp,15,104.0,99.99,105.0,95.99,106.0
2025-10,MUN,SP|ARARAQUARA,glp,13,115.0,106.0,122.4,104.99,125.0
2025-10,MUN,SP|ARARAS,glp,7,112.0,110.4,113.2,108.0,115.0
2025-10,MUN,SP|ASSIS,glp,9,115.0,105.0,120.0,105.0,120.0
2025-10,MUN,SP|BARRETOS,glp,6,110.0,105.0,111.25,105.0,112.5
2025-10,MUN,SP|BARUERI,glp,10,110.0,109.49,125.099,104.99,125.99
2025-10,MUN,SP|BAURU,glp,11,105.0,99.99,110.0,95.0,110.0
2025-10,MUN,SP|BERTIOGA,glp,1,124.99,124.99,124.99,124.99,124.99
2025-10,MUN,SP|BIRIGUI,glp,9,105.0,101.998,106.0,99.99,110.0
2025-10,MUN,SP|CAMPINAS,glp,15,104.99,104.99,119.0,99.99,119.99
2025-10,MUN,SP|CARAGUATATUBA,glp,7,108.0,103.0,120.94,100.0,130.0
2025-10,MUN,SP|CARAPICUIBA,glp,12,107.495,104.99,119.99,94.99,119.99
2025-10,MUN,SP|CATANDUVA,glp,5,109.8,109.8,119.8,109.8,119.8
2025-10,MUN,SP|COTIA,glp,4,112.49,108.59,125.497,107.99,130.0
2025-10,MUN,SP|DIADEMA,glp,8,111.245,109.39,119.29,107.99,119.99
2025-10,MUN,SP|ELISIARIO,glp,1,110.0,110.0,110.0,110.0,110.0
2025-10,MUN,SP|FRANCA,glp,11,109.99,106.495,115.0,104.99,118.0
2025-10,MUN,SP|GARCA,glp,4,125.0,118.0,125.0,115.0,125.0
2025-10,MUN,SP|GUARUJA,glp,6,115.0,100.495,122.495,95.99,125.0
2025-10,MUN,SP|GUARULHOS,glp,15,100.0,95.79,113.396,94.99,118.0
2025-10,MUN,SP|HORTOLANDIA,glp,8,97.49,94.99,105.09,94.99,109.99
2025-10,MUN,SP|INDAIATUBA,glp,6,118.0,115.495,118.995,114.99,119.0
2025-10,MUN,SP|ITAPECERICA DA SERRA,glp,6,116.49,112.49,119.99,109.99,119.99
2025-10,MUN,SP|ITAQUAQUECETUBA,glp,11,94.99,89.98,104.99,87.99,104.99
2025-10,MUN,SP|ITU,glp,5,115.0,112.0,116.8,110.0,118.0
2025-10,MUN,SP|JACAREI,glp,9,99.0,92.992,109.9,85.0,109.9
2025-10,MUN,SP|JAU,glp,7,110.0,99.6,113.96,99.0,119.9
2025-10,MUN,SP|JUNDIAI,glp,9,116.99,105.99,125.0,105.99,125.0
2025-10,MUN,SP|LIMEIRA,glp,6,100.0,99.99,116.5,99.99,128.0
2025-10,MUN,SP|LINS,glp,7,105.0,99.996,124.0,99.99,130.0
2025-10,MUN,SP|MARILIA,glp,8,127.5,124.1,133.6,122.0,135.0
2025-10,MUN,SP|MAUA,glp,10,109.995,104.49,114.991,99.99,115.0
2025-10,MUN,SP|MOGI DAS CRUZES,glp,5,110.0,107.0,117.0,105.0,117.0
2025-10,MUN,SP|MOGI MIRIM,glp,5,115.0,104.0,117.4,100.0,119.0
2025-10,MUN,SP|OSASCO,glp,13,105.0,95.99,117.99,94.99,119.99
2025-10,MUN,SP|PIRACICABA,glp,11,105.0,99.99,115.0,99.99,117.5
2025-10,MUN,SP|PRAIA GRANDE,glp,10,122.0,109.99,125.0,109.99,125.0
2025-10,MUN,SP|PRESIDENTE PRUDENTE,glp,14,112.49,96.49,120.0,94.9,120.0
2025-10,MUN,SP|RIBEIRAO PRETO,glp,11,115.0,90.0,120.0,89.99,120.0
2025-10,MUN,SP|RIO CLARO,glp,1,103.0,103.0,103.0,103.0,103.0
2025-10,MUN,SP|SALTO,glp,4,102.995,98.593,112.297,97.99,115.0
2025-10,MUN,SP|SANTO ANDRE,glp,10,113.49,99.99,120.191,99.99,122.0
2025-10,MUN,SP|SANTOS,glp,10,126.0,124.5,130.99,120.0,139.9
2025-10,MUN,SP|SAO BERNARDO DO CAMPO,glp,5,134.99,116.996,140.0,115.0,140.0
2025-10,MUN,SP|SAO CAETANO DO SUL,glp,5,114.99,110.49,114.996,107.49,115.0
2025-10,MUN,SP|SAO CARLOS,glp,14,130.0,125.0,136.9,120.0,139.0
2025-10,MUN,SP|SAO JOSE DO RIO PRETO,glp,21,120.0,109.99,120.0,105.0,130.0
2025-10,MUN,SP|SAO JOSE DOS CAMPOS,glp,15,99.99,96.19,114.996,89.99,120.0
2025-10,MUN,SP|SAO PAULO,glp,44,114.99,100.89,126.99,94.99,139.99
2025-10,MUN,SP|SERTAOZINHO,glp,5,99.99,98.19,109.2,96.99,110.0
2025-10,MUN,SP|SOROCABA,glp,14,116.495,109.993,127.67,104.99,129.0
2025-10,MUN,SP|SUMARE,glp,8,99.99,93.49,103.24,89.99,104.99
2025-10,MUN,SP|SUZANO,glp,7,97.99,92.99,115.2,89.99,117.0
2025-10,MUN,SP|TAUBATE,glp,10,92.5,87.999,99.3,87.99,102.0
2025-10,MUN,SP|VALINHOS,glp,6,111.445,106.495,120.495,105.0,125.0
2025-10,MUN,TO|ARAGUAINA,glp,12,130.0,120.5,130.0,120.0,130.0
2025-10,MUN,TO|PALMAS,glp,13,128.0,125.0,134.0,120.0,135.0
2025-10,MUN,TO|PARAISO DO TOCANTINS,glp,7,135.0,133.0,140.2,130.0,148.0
2025-10,MUN,TO|PORTO NACIONAL,glp,7,125.0,123.0,130.0,120.0,130.0
2025-10,UF,AC,glp,26,124.0,115.5,129.5,110.0,132.0
2025-10,UF,AL,glp,38,105.0,94.99,114.3,89.0,115.0
2025-10,UF,AM,glp,73,122.0,121.5,133.0,120.0,143.0
2025-10,UF,AP,glp,14,120.0,115.45,135.7,115.0,136.0
2025-10,UF,BA,glp,102,119.99,95.0,134.999,89.99,153.0
2025-10,UF,CE,glp,46,116.5,102.49,125.0,99.99,129.0
2025-10,UF,DF,glp,35,102.0,96.19,110.0,92.99,112.0
2025-10,UF,ES,glp,65,100.0,90.0,110.0,87.99,120.0
2025-10,UF,GO,glp,127,110.0,99.996,122.0,85.0,140.0
2025-10,UF,MA,glp,66,120.0,115.0,127.5,109.99,130.0
2025-10,UF,MG,glp,242,108.0,95.0,121.8,85.0,142.0
2025-10,UF,MS,glp,50,110.0,100.0,120.0,95.0,145.0
2025-10,UF,MT,glp,66,120.0,102.495,140.0,94.99,145.0
2025-10,UF,PA,glp,97,114.0,98.99,125.0,85.0,135.0
2025-10,UF,PB,glp,39,105.0,95.0,110.4,89.99,120.0
2025-10,UF,PE,glp,84,100.0,90.0,111.75,80.0,130.0
2025-10,UF,PI,glp,31,110.0,105.0,115.0,100.0,120.0
2025-10,UF,PR,glp,175,110.0,99.9,120.0,90.0,130.0
2025-10,UF,RJ,glp,151,99.99,89.99,110.0,80.0,120.0
2025-10,UF,RN,glp,35,100.0,99.18,113.0,90.0,128.0
2025-10,UF,RO,glp,38,120.5,112.157,130.6,108.0,135.0
2025-10,UF,RR,glp,23,140.0,130.4,148.4,130.0,156.0
2025-10,UF,RS,glp,180,115.0,105.0,128.0,97.99,140.0
2025-10,UF,SC,glp,82,120.0,105.49,133.9,89.99,143.99
2025-10,UF,SE,glp,24,109.9,105.0,115.0,98.5,118.0
2025-10,UF,SP,glp,523,110.0,98.9,125.0,85.0,140.0
2025-10,UF,TO,glp,39,130.0,124.0,135.0,120.0,148.0
2025-11,BR,BR,glp,2870,110.0,97.0,128.0,79.99,156.0
2025-11,MUN,AC|RIO BRANCO,glp,23,124.0,116.4,129.8,110.0,132.0
2025-11,MUN,AL|ARAPIRACA,glp,9,105.0,101.998,110.0,99.99,110.0
2025-11,MUN,AL|DELMIRO GOUVEIA,glp,4,107.5,105.0,110.0,105.0,110.0
2025-11,MUN,AL|MACEIO,glp,26,108.75,94.99,114.5,88.995,115.0
2025-11,MUN,AL|PALMEIRA DOS INDIOS,glp,3,110.0,108.0,110.0,107.5,110.0
2025-11,MUN,AL|RIO LARGO,glp,7,105.0,101.5,111.0,100.0,112.5
2025-11,MUN,AM|MANACAPURU,glp,7,130.0,126.0,135.4,123.0,136.0
2025-11,MUN,AM|MANAUS,glp,66,122.0,120.75,133.0,120.0,143.0
2025-11,MUN,AP|MACAPA,glp,12,120.0,115.2,135.5,115.0,136.0
2025-11,MUN,AP|SANTANA,glp,3,132.0,130.4,136.8,130.0,138.0
2025-11,MUN,BA|ALAGOINHAS,glp,7,118.0,115.0,125.0,115.0,125.0
2025-11,MUN,BA|BARREIRAS,glp,7,135.0,128.0,135.0,125.0,135.0
2025-11,MUN,BA|BRUMADO,glp,4,112.5,106.5,115.0,105.0,115.0
2025-11,MUN,BA|CAETITE,glp,7,105.0,94.6,105.0,94.0,105.0
2025-11,MUN,BA|EUNAPOLIS,glp,4,111.5,105.9,117.1,105.0,118.0
2025-11,MUN,BA|FEIRA DE SANTANA,glp,6,99.95,93.995,105.0,90.0,110.0
2025-11,MUN,BA|GUANAMBI,glp,8,107.5,103.5,113.0,100.0,120.0
2025-11,MUN,BA|ILHEUS,glp,7,130.0,128.0,150.0,125.0,150.0
2025-11,MUN,BA|IPIRA,glp,3,115.0,115.0,115.0,115.0,115.0
2025-11,MUN,BA|IRECE,glp,2,117.5,115.5,119.5,115.0,120.0
2025-11,MUN,BA|ITABUNA,glp,3,112.495,110.499,114.491,110.0,114.99
2025-11,MUN,BA|ITAMARAJU,glp,7,100.0,99.0,110.0,97.5,110.0
2025-11,MUN,BA|JAGUAQUARA,glp,7,110.0,110.0,112.5,110.0,112.5
2025-11,MUN,BA|JEQUIE,glp,7,89.99,87.99,115.0,87.99,115.0
2025-11,MUN,BA|LIVRAMENTO DE NOSSA SENHORA,glp,5,115.0,115.0,115.0,115.0,115.0
2025-11,MUN,BA|SALVADOR,glp,29,120.0,110.0,130.0,105.0,135.0
2025-11,MUN,BA|SANTO ANTONIO DE JESUS,glp,7,110.0,104.6,125.4,104.0,133.5
2025-11,MUN,BA|SENHOR DO BONFIM,glp,3,120.0,120.0,124.0,120.0,125.0
2025-11,MUN,BA|SERRINHA,glp,7,130.0,123.0,135.0,120.0,135.0
2025-11,MUN,BA|TEIXEIRA DE FREITAS,glp,9,95.0,94.8,95.6,94.0,96.0
2025-11,MUN,BA|VALENCA,glp,4,130.0,130.0,130.0,130.0,130.0
2025-11,MUN,BA|VITORIA DA CONQUISTA,glp,9,115.0,104.8,131.992,100.0,140.0
2025-11,MUN,CE|CANINDE,glp,1,122.0,122.0,122.0,122.0,122.0
2025-11,MUN,CE|CAUCAIA,glp,6,112.5,104.995,123.0,99.99,130.0
2025-11,MUN,CE|CRATEUS,glp,1,105.0,105.0,105.0,105.0,105.0
2025-11,MUN,CE|FORTALEZA,glp,22,110.498,104.99,124.7,99.99,133.0
2025-11,MUN,CE|ICO,glp,3,120.0,120.0,124.0,120.0,125.0
2025-11,MUN,CE|IGUATU,glp,7,120.0,114.0,120.992,108.0,120.995
2025-11,MUN,CE|JUAZEIRO DO NORTE,glp,9,120.0,118.6,120.0,113.0,120.0
2025-11,MUN,DF|BRASILIA,glp,34,104.99,97.59,110.0,91.99,114.75
2025-11,MUN,ES|ARACRUZ,glp,8,101.25,99.997,113.6,99.99,115.0
2025-11,MUN,ES|CARIACICA,glp,11,100.0,90.0,100.0,89.99,110.0
2025-11,MUN,ES|LINHARES,glp,11,110.0,105.0,115.0,105.0,115.0
2025-11,MUN,ES|SERRA,glp,13,90.0,89.99,99.8,87.99,105.0
2025-11,MUN,ES|VILA VELHA,glp,14,100.0,95.0,103.5,95.0,110.0
2025-11,MUN,ES|VITORIA,glp,7,97.0,91.497,108.0,90.0,120.0
2025-11,MUN,GO|ANAPOLIS,glp,19,115.0,115.0,115.0,110.0,120.0
2025-11,MUN,GO|APARECIDA DE GOIANIA,glp,22,110.0,95.499,115.0,93.0,120.0
2025-11,MUN,GO|CALDAS NOVAS,glp,10,112.0,104.3,116.0,98.0,125.0
2025-11,MUN,GO|CATALAO,glp,7,110.0,105.0,115.0,105.0,115.0
2025-11,MUN,GO|FORMOSA,glp,7,108.0,105.0,117.0,105.0,120.0
2025-11,MUN,GO|GOIANIA,glp,19,112.5,104.792,120.0,100.0,127.5
2025-11,MUN,GO|ITUMBIARA,glp,6,117.5,110.5,122.5,110.0,125.0
2025-11,MUN,GO|LUZIANIA,glp,10,109.0,104.0,110.2,104.0,112.0
2025-11,MUN,GO|MORRINHOS,glp,3,100.0,100.0,104.0,100.0,105.0
2025-11,MUN,GO|PORANGATU,glp,6,116.0,115.0,119.75,115.0,120.0
2025-11,MUN,GO|RIO VERDE,glp,10,131.25,129.0,135.5,120.0,140.0
2025-11,MUN,GO|TRINDADE,glp,12,97.495,94.99,105.0,85.0,105.0
2025-11,MUN,MA|BALSAS,glp,6,130.0,130.0,130.0,130.0,130.0
2025-11,MUN,MA|CODO,glp,6,120.0,120.0,120.0,120.0,120.0
2025-11,MUN,MA|IMPERATRIZ,glp,11,115.0,109.99,115.0,99.0,120.0
2025-11,MUN,MA|PRESIDENTE DUTRA,glp,4,116.5,115.0,119.4,115.0,120.0
2025-11,MUN,MA|SAO JOSE DE RIBAMAR,glp,9,119.99,118.992,120.0,115.0,120.0
2025-11,MUN,MA|SAO LUIS,glp,29,120.0,119.99,124.992,114.99,130.0
2025-11,MUN,MG|ALFENAS,glp,3,100.0,92.0,100.0,90.0,100.0
2025-11,MUN,MG|ARAGUARI,glp,7,105.0,100.0,109.6,100.0,112.0
2025-11,MUN,MG|ARAXA,glp,7,100.0,100.0,105.0,100.0,105.0
2025-11,MUN,MG|BARBACENA,glp,6,105.0,101.5,105.0,98.0,105.0
2025-11,MUN,MG|BELO HORIZONTE,glp,25,105.0,96.196,129.6,94.99,142.0
2025-11,MUN,MG|BETIM,glp,12,109.0,100.0,119.9,90.0,124.0
2025-11,MUN,MG|CAMPO BELO,glp,6,115.0,110.0,115.0,110.0,115.0
2025-11,MUN,MG|CARATINGA,glp,7,120.0,113.0,127.0,110.0,130.0
2025-11,MUN,MG|CONGONHAS,glp,7,107.0,97.996,110.8,94.99,115.0
2025-11,MUN,MG|CONSELHEIRO LAFAIETE,glp,7,98.0,95.0,106.0,95.0,115.0
2025-11,MUN,MG|CONTAGEM,glp,16,110.0,99.99,125.5,97.99,130.0
2025-11,MUN,MG|CORONEL FABRICIANO,glp,6,128.75,122.5,133.5,120.0,137.0
2025-11,MUN,MG|CURVELO,glp,7,94.0,93.0,109.0,93.0,115.0
2025-11,MUN,MG|DIVINOPOLIS,glp,10,98.0,89.99,115.5,89.99,120.0
2025-11,MUN,MG|FORMIGA,glp,7,115.0,114.6,117.0,114.0,120.0
2025-11,MUN,MG|GOVERNADOR VALADARES,glp,10,125.0,118.6,125.2,115.0,127.0
2025-11,MUN,MG|GUAXUPE,glp,7,100.0,89.9,104.4,89.9,111.0
2025-11,MUN,MG|IPATINGA,glp,4,119.0,105.4,120.0,100.0,120.0
2025-11,MUN,MG|ITAJUBA,glp,6,92.5,89.0,105.0,89.0,115.0
2025-11,MUN,MG|ITUIUTABA,glp,7,105.0,98.0,107.8,95.0,112.0
2025-11,MUN,MG|JANAUBA,glp,7,117.5,115.0,120.0,115.0,120.0
2025-11,MUN,MG|JANUARIA,glp,6,130.0,127.495,131.75,124.99,133.0
2025-11,MUN,MG|JOAO MONLEVADE,glp,8,107.5,103.5,110.0,100.0,110.0
2025-11,MUN,MG|JOAO PINHEIRO,glp,8,120.0,114.97,120.0,114.9,120.0
2025-11,MUN,MG|JUIZ DE FORA,glp,15,95.0,91.194,101.792,87.0,108.0
2025-11,MUN,MG|LEOPOLDINA,glp,8,110.0,108.5,110.0,105.0,110.0
2025-11,MUN,MG|MONTE CARMELO,glp,6,102.5,97.0,105.0,94.0,105.0
2025-11,MUN,MG|MONTES CLAROS,glp,23,115.0,102.598,120.0,97.0,130.0
2025-11,MUN,MG|NOVA LIMA,glp,6,110.0,103.0,120.95,102.0,124.9
2025-11,MUN,MG|OLIVEIRA,glp,4,107.5,104.93,113.5,104.9,115.0
2025-11,MUN,MG|OURO PRETO,glp,4,99.0,96.13,106.7,94.9,110.0
2025-11,MUN,MG|PARA DE MINAS,glp,7,99.0,92.996,108.8,89.99,122.0
2025-11,MUN,MG|PASSOS,glp,7,105.0,100.0,110.0,100.0,110.0
2025-11,MUN,MG|POCOS DE CALDAS,glp,7,118.0,116.2,119.994,115.0,120.0
2025-11,MUN,MG|SABARA,glp,7,120.0,113.0,122.0,110.0,125.0
2025-11,MUN,MG|SAO JOAO DEL REI,glp,7,110.0,109.99,112.0,109.99,115.0
2025-11,MUN,MG|SAO SEBASTIAO DO PARAISO,glp,8,99.5,94.997,110.0,94.99,110.0
2025-11,MUN,MG|SETE LAGOAS,glp,10,109.95,94.69,115.5,91.9,120.0
2025-11,MUN,MG|TEOFILO OTONI,glp,6,120.0,119.0,125.0,118.0,130.0
2025-11,MUN,MG|UBA,glp,3,115.0,115.0,119.0,115.0,120.0
2025-11,MUN,MG|UBERABA,glp,8,110.0,100.0,115.0,100.0,115.0
2025-11,MUN,MG|UBERLANDIA,glp,17,105.0,94.954,116.3,93.99,125.0
2025-11,MUN,MG|UNAI,glp,10,115.0,115.0,115.5,115.0,120.0
2025-11,MUN,MG|VARGINHA,glp,7,97.5,90.0,108.8,90.0,110.0
2025-11,MUN,MG|VICOSA,glp,7,117.5,108.0,120.0,105.0,120.0
2025-11,MUN,MS|CAMPO GRANDE,glp,33,109.0,99.0,120.0,95.0,125.0
2025-11,MUN,MS|CORUMBA,glp,6,132.5,120.0,137.5,120.0,140.0
2025-11,MUN,MS|DOURADOS,glp,15,115.0,110.0,129.0,110.0,145.0
2025-11,MUN,MT|ALTA FLORESTA,glp,5,140.0,137.0,149.0,135.0,150.0
2025-11,MUN,MT|CUIABA,glp,26,115.0,107.5,130.0,105.0,140.0
2025-11,MUN,MT|RONDONOPOLIS,glp,7,130.0,125.5,137.0,122.5,140.0
2025-11,MUN,MT|SINOP,glp,11,135.0,130.0,139.0,130.0,140.0
2025-11,MUN,MT|VARZEA GRANDE,glp,19,115.0,99.972,125.0,94.99,130.0
2025-11,MUN,PA|ABAETETUBA,glp,2,113.0,113.0,113.0,113.0,113.0
2025-11,MUN,PA|ALENQUER,glp,4,115.0,113.6,115.0,113.0,115.0
2025-11,MUN,PA|ALTAMIRA,glp,7,130.0,117.996,132.8,114.99,134.0
2025-11,MUN,PA|ANANINDEUA,glp,13,105.99,98.992,110.0,98.99,115.0
2025-11,MUN,PA|BELEM,glp,25,115.0,106.6,120.0,104.99,125.0
2025-11,MUN,PA|CASTANHAL,glp,9,115.0,109.0,115.0,105.0,115.0
2025-11,MUN,PA|CONCEICAO DO ARAGUAIA,glp,6,110.0,110.0,110.0,110.0,110.0
2025-11,MUN,PA|MARABA,glp,9,125.0,113.7,130.0,112.5,130.0
2025-11,MUN,PA|PARAGOMINAS,glp,7,125.0,119.0,135.0,110.0,135.0
2025-11,MUN,PA|PARAUAPEBAS,glp,8,125.0,125.0,131.5,125.0,135.0
2025-11,MUN,PA|SANTAREM,glp,15,90.0,85.0,110.0,85.0,110.0
2025-11,MUN,PB|CAMPINA GRANDE,glp,6,105.0,95.0,110.0,90.0,110.0
2025-11,MUN,PB|JOAO PESSOA,glp,25,105.0,105.0,110.0,89.99,120.0
2025-11,MUN,PB|PATOS,glp,7,110.0,110.0,111.0,110.0,112.5
2025-11,MUN,PB|SOUSA,glp,4,110.0,107.9,110.7,107.0,111.0
2025-11,MUN,PE|ARARIPINA,glp,7,105.0,105.0,105.0,105.0,105.0
2025-11,MUN,PE|BELO JARDIM,glp,5,98.0,95.0,100.0,95.0,100.0
2025-11,MUN,PE|CARUARU,glp,10,90.0,89.999,95.2,89.99,97.0
2025-11,MUN,PE|GARANHUNS,glp,7,107.5,105.0,110.0,105.0,110.0
2025-11,MUN,PE|GOIANA,glp,5,90.0,87.4,95.5,87.0,97.5
2025-11,MUN,PE|IGARASSU,glp,7,100.0,95.0,110.0,95.0,110.0
2025-11,MUN,PE|JABOATAO DOS GUARARAPES,glp,10,100.0,97.49,106.0,92.99,115.0
2025-11,MUN,PE|LAJEDO,glp,6,110.0,110.0,112.5,110.0,115.0
2025-11,MUN,PE|OLINDA,glp,10,100.0,90.0,101.0,90.0,110.0
2025-11,MUN,PE|PAULISTA,glp,10,98.5,95.0,100.0,95.0,100.0
2025-11,MUN,PE|PETROLINA,glp,12,111.25,107.75,119.5,106.0,130.0
2025-11,MUN,PE|RECIFE,glp,15,95.0,90.0,99.6,90.0,110.0
2025-11,MUN,PE|SALGUEIRO,glp,5,112.5,111.0,115.0,110.0,115.0
2025-11,MUN,PE|VITORIA DE SANTO ANTAO,glp,7,95.0,95.0,97.0,95.0,97.0
2025-11,MUN,PI|PARNAIBA,glp,7,115.0,113.0,120.0,110.0,120.0
2025-11,MUN,PI|PIRIPIRI,glp,7,110.0,109.99,128.794,109.99,130.0
2025-11,MUN,PI|TERESINA,glp,26,105.0,100.0,110.0,100.0,115.0
2025-11,MUN,PR|ARAUCARIA,glp,9,100.0,99.98,101.0,99.9,105.0
2025-11,MUN,PR|CAMPO MOURAO,glp,7,115.0,108.0,121.0,105.0,122.5
2025-11,MUN,PR|CASCAVEL,glp,15,115.0,106.96,115.0,90.0,120.0
2025-11,MUN,PR|COLOMBO,glp,12,99.9,94.909,105.0,94.9,108.0
2025-11,MUN,PR|CURITIBA,glp,41,103.99,98.0,109.99,92.0,119.9
2025-11,MUN,PR|FOZ DO IGUACU,glp,16,120.0,115.0,122.25,110.0,125.0
2025-11,MUN,PR|FRANCISCO BELTRAO,glp,6,115.0,111.45,117.5,108.0,120.0
2025-11,MUN,PR|GUARAPUAVA,glp,10,108.5,104.5,110.5,100.0,115.0
2025-11,MUN,PR|LONDRINA,glp,15,110.0,101.2,113.994,100.0,120.0
2025-11,MUN,PR|MARINGA,glp,12,110.0,100.481,120.0,99.99,125.0
2025-11,MUN,PR|PARANAGUA,glp,6,95.5,92.5,98.0,90.0,100.0
2025-11,MUN,PR|PARANAVAI,glp,6,104.99,103.945,108.698,102.9,109.995
2025-11,MUN,PR|PATO BRANCO,glp,3,105.0,100.2,111.4,99.0,113.0
2025-11,MUN,PR|PONTA GROSSA,glp,6,115.0,107.5,115.0,105.0,115.0
2025-11,MUN,PR|SANTO ANTONIO DA PLATINA,glp,6,114.5,111.5,116.0,110.0,117.0
2025-11,MUN,PR|SAO JOSE DOS PINHAIS,glp,14,100.0,92.1,100.0,90.0,109.95
2025-11,MUN,PR|TOLEDO,glp,10,118.0,114.99,122.69,114.99,124.4
2025-11,MUN,PR|UMUARAMA,glp,7,115.0,108.996,122.0,99.99,125.0
2025-11,MUN,RJ|BARRA MANSA,glp,7,102.99,98.9,109.34,98.9,113.0
2025-11,MUN,RJ|CAMPOS DOS GOYTACAZES,glp,9,99.99,97.99,109.2,97.99,110.0
2025-11,MUN,RJ|DUQUE DE CAXIAS,glp,11,94.99,89.99,100.0,89.99,104.0
2025-11,MUN,RJ|ITABORAI,glp,10,104.99,103.491,105.199,90.0,106.99
2025-11,MUN,RJ|ITAPERUNA,glp,7,105.0,99.99,105.798,99.99,106.995
2025-11,MUN,RJ|NILOPOLIS,glp,7,115.0,113.0,115.0,110.0,115.0
2025-11,MUN,RJ|NITEROI,glp,7,89.99,85.524,108.554,84.99,113.9
2025-11,MUN,RJ|NOVA FRIBURGO,glp,7,105.0,96.994,107.0,85.0,110.0
2025-11,MUN,RJ|NOVA IGUACU,glp,15,95.0,80.6,120.0,79.99,120.0
2025-11,MUN,RJ|PETROPOLIS,glp,3,105.0,92.992,107.4,89.99,108.0
2025-11,MUN,RJ|RESENDE,glp,7,115.0,114.996,115.0,114.99,115.0
2025-11,MUN,RJ|RIO BONITO,glp,7,91.99,86.0,93.596,80.0,95.99
2025-11,MUN,RJ|RIO DE JANEIRO,glp,25,97.0,90.0,104.6,89.99,105.0
2025-11,MUN,RJ|SANTO ANTONIO DE PADUA,glp,4,102.75,99.45,106.4,99.0,107.0
2025-11,MUN,RJ|SAO GONCALO,glp,14,104.99,101.19,105.0,99.99,105.0
2025-11,MUN,RJ|SAO JOAO DE MERITI,glp,10,94.945,89.999,100.5,89.99,105.0
2025-11,MUN,RJ|VOLTA REDONDA,glp,8,102.9,99.99,104.99,99.99,104.99
2025-11,MUN,RN|MOSSORO,glp,9,110.0,100.0,111.0,100.0,115.0
2025-11,MUN,RN|NATAL,glp,16,100.0,97.5,119.0,90.0,128.0
2025-11,MUN,RN|PARNAMIRIM,glp,10,99.9,96.8,99.9,94.995,99.9
2025-11,MUN,RO|ARIQUEMES,glp,7,125.0,113.43,128.0,110.19,128.0
2025-11,MUN,RO|JI-PARANA,glp,8,120.0,115.0,129.3,115.0,130.0
2025-11,MUN,RO|PORTO VELHO,glp,24,120.0,110.9,128.5,108.0,138.0
2025-11,MUN,RO|VILHENA,glp,7,130.0,121.196,130.8,115.49,132.0
2025-11,MUN,RR|BOA VISTA,glp,23,140.0,130.4,148.4,130.0,156.0
2025-11,MUN,RS|ALVORADA,glp,7,109.0,107.6,110.0,107.0,110.0
2025-11,MUN,RS|BENTO GONCALVES,glp,7,121.0,117.45,128.0,117.45,128.0
2025-11,MUN,RS|CACHOEIRINHA,glp,7,115.0,110.396,117.4,107.99,121.0
2025-11,MUN,RS|CANOAS,glp,15,109.0,105.0,115.0,104.9,115.0
2025-11,MUN,RS|CAXIAS DO SUL,glp,17,115.0,112.4,122.0,109.0,130.0
2025-11,MUN,RS|ERECHIM,glp,9,130.0,130.0,139.92,130.0,140.0
2025-11,MUN,RS|ESTEIO,glp,7,110.0,108.4,117.8,106.0,122.0
2025-11,MUN,RS|GRAMADO,glp,6,126.5,123.75,134.0,123.5,135.0
2025-11,MUN,RS|GRAVATAI,glp,9,113.0,103.598,115.0,97.99,115.0
2025-11,MUN,RS|LAJEADO,glp,5,122.0,119.4,128.0,119.0,130.0
2025-11,MUN,RS|NOVO HAMBURGO,glp,10,105.0,105.0,110.125,105.0,111.25
2025-11,MUN,RS|OSORIO,glp,6,111.225,107.99,116.5,107.99,118.0
2025-11,MUN,RS|PASSO FUNDO,glp,12,120.0,115.0,127.7,115.0,128.0
2025-11,MUN,RS|PELOTAS,glp,15,115.0,112.4,120.8,108.9,124.0
2025-11,MUN,RS|PORTO ALEGRE,glp,15,118.0,107.0,128.0,100.0,129.9
2025-11,MUN,RS|SANTA CRUZ DO SUL,glp,9,115.0,115.0,116.4,115.0,122.0
2025-11,MUN,RS|SANTA MARIA,glp,13,114.9,109.92,117.6,109.9,118.0
2025-11,MUN,RS|SANTA ROSA,glp,7,125.0,118.0,136.4,115.0,138.5
2025-11,MUN,RS|SAO GABRIEL,glp,6,119.0,113.75,122.5,112.5,125.0
2025-11,MUN,RS|SAO LEOPOLDO,glp,7,105.0,101.7,105.36,100.5,105.9
2025-11,MUN,RS|SAO LUIZ GONZAGA,glp,6,115.0,107.0,120.0,106.5,125.0
2025-11,MUN,RS|TORRES,glp,3,123.0,118.992,130.2,117.99,132.0
2025-11,MUN,RS|VIAMAO,glp,10,109.725,102.9,119.0,102.0,119.0
2025-11,MUN,SC|BLUMENAU,glp,9,129.99,119.0,131.0,115.0,135.0
2025-11,MUN,SC|BRUSQUE,glp,3,135.0,134.2,142.192,134.0,143.99
2025-11,MUN,SC|CHAPECO,glp,9,130.0,119.0,140.0,119.0,140.0
2025-11,MUN,SC|CONCORDIA,glp,1,130.0,130.0,130.0,130.0,130.0
2025-11,MUN,SC|CRICIUMA,glp,5,110.0,107.0,121.0,105.0,125.0
2025-11,MUN,SC|FLORIANOPOLIS,glp,7,125.0,117.4,134.4,115.0,135.0
2025-11,MUN,SC|ITAJAI,glp,13,115.9,105.0,129.0,105.0,129.99
2025-11,MUN,SC|JOINVILLE,glp,9,123.0,119.5,126.6,117.5,133.0
2025-11,MUN,SC|MAFRA,glp,6,107.5,94.995,114.95,89.99,115.0
2025-11,MUN,SC|TUBARAO,glp,7,110.0,101.0,115.0,95.0,115.0
2025-11,MUN,SE|ARACAJU,glp,15,109.9,105.0,110.0,99.5,110.0
2025-11,MUN,SE|ITABAIANA,glp,7,115.0,109.2,115.0,108.0,115.0
2025-11,MUN,SE|LAGARTO,glp,5,107.5,102.5,110.0,102.5,110.0
2025-11,MUN,SE|NOSSA SENHORA DO SOCORRO,glp,9,109.0,105.0,110.0,105.0,110.0
2025-11,MUN,SP|ADAMANTINA,glp,7,109.0,98.107,109.9,97.0,109.9
2025-11,MUN,SP|AMERICANA,glp,7,110.0,104.99,115.0,104.99,115.0
2025-11,MUN,SP|ARACATUBA,glp,15,104.0,99.99,105.6,95.99,107.5
2025-11,MUN,SP|ARARAQUARA,glp,11,120.0,110.0,123.0,105.0,125.0
2025-11,MUN,SP|ARARAS,glp,7,112.0,108.8,113.2,104.0,115.0
2025-11,MUN,SP|ASSIS,glp,9,115.0,105.0,120.0,105.0,120.0
2025-11,MUN,SP|ATIBAIA,glp,2,106.5,99.7,113.3,98.0,115.0
2025-11,MUN,SP|BARRETOS,glp,6,110.0,105.0,115.0,105.0,115.0
2025-11,MUN,SP|BARUERI,glp,9,110.0,108.99,125.198,104.99,125.99
2025-11,MUN,SP|BAURU,glp,11,105.0,95.0,110.0,95.0,110.0
2025-11,MUN,SP|BERTIOGA,glp,1,124.99,124.99,124.99,124.99,124.99
2025-11,MUN,SP|BIRIGUI,glp,9,107.5,103.998,108.0,99.99,110.0
2025-11,MUN,SP|BRAGANCA PAULISTA,glp,6,108.745,105.49,119.95,104.99,120.0
2025-11,MUN,SP|CACAPAVA,glp,6,94.99,84.748,99.495,80.0,99.99
2025-11,MUN,SP|CAMPINAS,glp,15,104.99,104.99,116.39,104.99,119.99
2025-11,MUN,SP|CARAGUATATUBA,glp,7,108.0,103.0,122.94,100.0,135.0
2025-11,MUN,SP|CARAPICUIBA,glp,11,105.0,104.99,114.99,94.99,119.99
2025-11,MUN,SP|CATANDUVA,glp,5,109.8,109.8,119.8,109.8,119.8
2025-11,MUN,SP|COTIA,glp,4,112.49,108.59,125.497,107.99,130.0
2025-11,MUN,SP|DIADEMA,glp,8,109.995,109.39,116.19,107.99,118.99
2025-11,MUN,SP|FRANCA,glp,11,108.0,104.99,110.0,104.99,115.0
2025-11,MUN,SP|GARCA,glp,4,125.0,118.0,125.0,115.0,125.0
2025-11,MUN,SP|GUARATINGUETA,glp,1,115.0,115.0,115.0,115.0,115.0
2025-11,MUN,SP|GUARUJA,glp,7,117.5,105.297,120.994,105.0,122.5
2025-11,MUN,SP|GUARULHOS,glp,13,100.0,95.39,114.198,94.99,118.0
2025-11,MUN,SP|HORTOLANDIA,glp,7,99.99,94.99,105.79,94.99,109.99
2025-11,MUN,SP|IBITINGA,glp,7,120.0,106.0,124.7,100.0,128.0
2025-11,MUN,SP|INDAIATUBA,glp,6,118.0,115.495,118.995,114.99,119.0
2025-11,MUN,SP|ITAPECERICA DA SERRA,glp,6,114.992,109.99,118.74,109.99,119.99
2025-11,MUN,SP|ITAPETININGA,glp,5,129.995,125.796,130.0,125.0,130.0
2025-11,MUN,SP|ITAPEVA,glp,5,117.5,108.19,119.596,104.99,120.0
2025-11,MUN,SP|ITAQUAQUECETUBA,glp,11,94.99,89.99,104.99,87.99,104.99
2025-11,MUN,SP|ITU,glp,5,115.0,110.8,116.8,110.0,118.0
2025-11,MUN,SP|JABOTICABAL,glp,6,99.945,99.45,112.5,99.0,115.0
2025-11,MUN,SP|JACAREI,glp,9,99.0,92.2,109.9,85.0,109.9
2025-11,MUN,SP|JAU,glp,7,110.0,99.6,115.46,99.0,119.9
2025-11,MUN,SP|JUNDIAI,glp,9,116.99,105.99,125.0,105.99,125.0
2025-11,MUN,SP|LIMEIRA,glp,9,100.0,99.99,109.6,99.99,128.0
2025-11,MUN,SP|LINS,glp,7,108.0,92.996,124.0,89.99,130.0
2025-11,MUN,SP|LORENA,glp,6,90.742,87.495,98.5,85.0,105.0
2025-11,MUN,SP|MARILIA,glp,8,127.5,124.7,133.6,124.0,135.0
2025-11,MUN,SP|MAUA,glp,10,109.995,104.49,114.099,99.99,114.99
2025-11,MUN,SP|MOCOCA,glp,7,115.0,112.936,119.4,109.99,120.0
2025-11,MUN,SP|MOGI DAS CRUZES,glp,5,110.0,107.0,117.0,105.0,117.0
2025-11,MUN,SP|MOGI MIRIM,glp,5,110.0,110.0,117.4,110.0,119.0
2025-11,MUN,SP|MONTE ALTO,glp,7,110.0,109.2,112.2,108.0,115.5
2025-11,MUN,SP|OSASCO,glp,12,104.995,95.24,118.99,94.99,124.99
2025-11,MUN,SP|PAULINIA,glp,6,109.995,106.25,110.0,105.0,110.0
2025-11,MUN,SP|PIRACICABA,glp,11,99.99,99.99,115.0,94.99,115.0
2025-11,MUN,SP|PORTO FERREIRA,glp,5,105.0,102.0,109.0,100.0,110.0
2025-11,MUN,SP|PRAIA GRANDE,glp,10,119.95,109.99,125.0,109.99,125.0
2025-11,MUN,SP|PRESIDENTE PRUDENTE,glp,12,113.95,95.49,120.0,94.9,120.0
2025-11,MUN,SP|RIBEIRAO PRETO,glp,10,116.5,94.499,119.991,89.99,120.0
2025-11,MUN,SP|RIO CLARO,glp,1,103.0,103.0,103.0,103.0,103.0
2025-11,MUN,SP|SALTO,glp,4,101.495,98.593,109.297,97.99,112.0
2025-11,MUN,SP|SANTO ANDRE,glp,10,109.995,99.99,120.191,99.99,122.0
2025-11,MUN,SP|SANTOS,glp,9,125.0,123.0,131.98,115.0,139.9
2025-11,MUN,SP|SAO BERNARDO DO CAMPO,glp,5,134.99,116.996,140.0,115.0,140.0
2025-11,MUN,SP|SAO CAETANO DO SUL,glp,4,114.995,114.99,115.0,114.99,115.0
2025-11,MUN,SP|SAO CARLOS,glp,12,130.0,128.01,138.3,125.0,139.0
2025-11,MUN,SP|SAO JOSE DO RIO PRETO,glp,23,120.0,109.992,120.0,104.0,130.0
2025-11,MUN,SP|SAO JOSE DOS CAMPOS,glp,15,99.99,89.99,114.996,89.99,120.0
2025-11,MUN,SP|SAO PAULO,glp,40,114.99,99.99,127.281,94.99,139.99
2025-11,MUN,SP|SAO VICENTE,glp,9,115.0,111.998,125.0,99.99,125.0
2025-11,MUN,SP|SERTAOZINHO,glp,4,99.99,97.89,105.597,96.99,108.0
2025-11,MUN,SP|SOROCABA,glp,15,112.99,106.99,126.14,99.9,128.0
2025-11,MUN,SP|SUMARE,glp,8,99.99,93.49,104.99,89.99,104.99
2025-11,MUN,SP|SUZANO,glp,7,99.99,92.99,115.2,89.99,117.0
2025-11,MUN,SP|TAUBATE,glp,10,91.5,87.89,99.5,86.99,104.0
2025-11,MUN,SP|TUPA,glp,4,116.5,110.9,120.0,110.0,120.0
2025-11,MUN,SP|VALINHOS,glp,7,109.99,106.794,119.594,105.0,125.0
2025-11,MUN,SP|VARZEA PAULISTA,glp,4,97.5,94.993,114.0,94.99,120.0
2025-11,MUN,SP|VINHEDO,glp,6,109.995,104.0,114.995,103.0,115.0
2025-11,MUN,TO|ARAGUAINA,glp,12,130.0,120.5,130.0,120.0,130.0
2025-11,MUN,TO|PALMAS,glp,13,128.0,125.0,132.0,125.0,135.0
2025-11,MUN,TO|PARAISO DO TOCANTINS,glp,7,135.0,133.0,138.2,130.0,143.0
2025-11,MUN,TO|PORTO NACIONAL,glp,7,125.0,123.0,130.0,120.0,130.0
2025-11,UF,AC,glp,23,124.0,116.4,129.8,110.0,132.0
2025-11,UF,AL,glp,49,105.0,98.992,110.5,88.995,115.0
2025-11,UF,AM,glp,73,122.0,121.5,133.0,120.0,143.0
2025-11,UF,AP,glp,15,128.0,115.8,136.0,115.0,138.0
2025-11,UF,BA,glp,152,115.0,95.55,130.0,87.99,150.0
2025-11,UF,CE,glp,49,120.0,104.998,122.6,99.99,133.0
2025-11,UF,DF,glp,34,104.99,97.59,110.0,91.99,114.75
2025-11,UF,ES,glp,64,100.0,90.0,110.0,87.99,120.0
2025-11,UF,GO,glp,131,110.0,100.0,120.0,85.0,140.0
2025-11,UF,MA,glp,65,120.0,115.0,128.0,99.0,130.0
2025-11,UF,MG,glp,373,110.0,95.0,122.0,87.0,142.0
2025-11,UF,MS,glp,54,111.0,100.0,128.5,95.0,145.0
2025-11,UF,MT,glp,68,124.995,104.997,139.3,94.99,150.0
2025-11,UF,PA,glp,105,115.0,98.994,130.0,85.0,135.0
2025-11,UF,PB,glp,42,106.0,100.5,110.0,89.99,120.0
2025-11,UF,PE,glp,116,100.0,90.0,111.25,87.0,130.0
2025-11,UF,PI,glp,40,110.0,102.25,115.5,100.0,130.0
2025-11,UF,PR,glp,201,108.0,98.0,120.0,90.0,125.0
2025-11,UF,RJ,glp,158,100.0,89.99,114.993,79.99,120.0
2025-11,UF,RN,glp,35,100.0,97.8,113.0,90.0,128.0
2025-11,UF,RO,glp,46,120.0,114.0,130.0,108.0,138.0
2025-11,UF,RR,glp,23,140.0,130.4,148.4,130.0,156.0
2025-11,UF,RS,glp,208,115.0,105.0,128.0,97.99,140.0
2025-11,UF,SC,glp,69,120.0,105.0,134.2,89.99,143.99
2025-11,UF,SE,glp,36,109.9,105.0,112.5,99.5,115.0
2025-11,UF,SP,glp,602,110.0,96.99,125.0,80.0,140.0
2025-11,UF,TO,glp,39,130.0,125.0,135.0,120.0,143.0
2025-12,BR,BR,glp,3425,110.0,95.0,127.5,79.99,156.0
2025-12,MUN,AC|CRUZEIRO DO SUL,glp,1,129.0,129.0,129.0,129.0,129.0
2025-12,MUN,AC|RIO BRANCO,glp,23,124.0,116.4,129.8,110.0,132.0
2025-12,MUN,AL|ARAPIRACA,glp,9,105.0,99.998,110.0,99.99,110.0
2025-12,MUN,AL|DELMIRO GOUVEIA,glp,4,107.5,105.0,110.0,105.0,110.0
2025-12,MUN,AL|MACEIO,glp,26,105.0,94.99,113.25,88.99,115.0
2025-12,MUN,AL|PALMEIRA DOS INDIOS,glp,2,102.5,100.5,104.5,100.0,105.0
2025-12,MUN,AL|RIO LARGO,glp,7,105.0,100.0,110.0,100.0,110.0
2025-12,MUN,AM|MANACAPURU,glp,7,130.0,126.0,135.4,123.0,136.0
2025-12,MUN,AM|MANAUS,glp,66,122.0,121.5,133.0,117.0,143.0
2025-12,MUN,AM|PARINTINS,glp,9,120.0,120.0,120.0,120.0,120.0
2025-12,MUN,AP|MACAPA,glp,12,120.0,115.2,135.3,115.0,136.0
2025-12,MUN,BA|ALAGOINHAS,glp,7,118.0,109.0,125.0,100.0,125.0
2025-12,MUN,BA|BARREIRAS,glp,7,135.0,128.0,135.0,125.0,135.0
2025-12,MUN,BA|BRUMADO,glp,4,112.5,106.5,115.0,105.0,115.0
2025-12,MUN,BA|CAETITE,glp,7,105.0,101.0,105.0,95.0,105.0
2025-12,MUN,BA|EUNAPOLIS,glp,3,105.0,103.0,113.0,102.5,115.0
2025-12,MUN,BA|FEIRA DE SANTANA,glp,6,100.0,92.998,105.0,90.0,110.0
2025-12,MUN,BA|GUANAMBI,glp,8,105.0,103.5,110.0,100.0,110.0
2025-12,MUN,BA|ILHEUS,glp,7,130.0,126.0,145.2,120.0,150.0
2025-12,MUN,BA|IPIRA,glp,4,115.0,111.493,115.0,109.99,115.0
2025-12,MUN,BA|IRECE,glp,2,117.5,115.5,119.5,115.0,120.0
2025-12,MUN,BA|ITABUNA,glp,7,110.0,108.0,120.0,105.0,120.0
2025-12,MUN,BA|ITAMARAJU,glp,7,100.0,99.0,110.0,97.5,110.0
2025-12,MUN,BA|JACOBINA,glp,2,117.0,111.4,122.6,110.0,124.0
2025-12,MUN,BA|JAGUAQUARA,glp,7,105.0,100.0,114.0,100.0,120.0
2025-12,MUN,BA|JEQUIE,glp,7,88.0,87.99,115.0,87.99,115.0
2025-12,MUN,BA|JUAZEIRO,glp,5,110.0,100.0,110.0,100.0,110.0
2025-12,MUN,BA|PAULO AFONSO,glp,2,108.0,108.0,108.0,108.0,108.0
2025-12,MUN,BA|POCOES,glp,7,102.5,96.5,112.0,95.0,115.0
2025-12,MUN,BA|PORTO SEGURO,glp,3,125.0,113.0,125.0,110.0,125.0
2025-12,MUN,BA|SALVADOR,glp,28,120.0,110.0,130.0,105.0,134.0
2025-12,MUN,BA|SANTO ANTONIO DE JESUS,glp,7,105.0,104.0,123.8,104.0,137.0
2025-12,MUN,BA|SENHOR DO BONFIM,glp,3,120.0,120.0,124.0,120.0,125.0
2025-12,MUN,BA|SERRINHA,glp,7,130.0,123.0,135.0,120.0,135.0
2025-12,MUN,BA|TEIXEIRA DE FREITAS,glp,9,96.0,93.992,96.0,90.0,96.0
2025-12,MUN,BA|VALENCA,glp,4,130.0,130.0,130.0,130.0,130.0
2025-12,MUN,BA|VITORIA DA CONQUISTA,glp,9,115.0,104.0,131.992,100.0,140.0
2025-12,MUN,CE|CANINDE,glp,1,122.0,122.0,122.0,122.0,122.0
2025-12,MUN,CE|CAUCAIA,glp,3,100.0,100.0,112.0,100.0,115.0
2025-12,MUN,CE|CRATEUS,glp,5,107.495,99.994,111.8,99.99,113.0
2025-12,MUN,CE|FORTALEZA,glp,21,110.0,104.99,125.0,100.99,133.0
2025-12,MUN,CE|ICO,glp,3,120.0,120.0,124.0,120.0,125.0
2025-12,MUN,CE|IGUATU,glp,7,120.99,118.0,120.99,118.0,120.99
2025-12,MUN,CE|ITAPIPOCA,glp,8,115.0,110.0,125.0,110.0,125.0
2025-12,MUN,CE|JUAZEIRO DO NORTE,glp,9,120.0,118.6,120.0,113.0,120.0
2025-12,MUN,CE|LIMOEIRO DO NORTE,glp,5,120.0,114.0,120.0,110.0,120.0
2025-12,MUN,CE|QUIXADA,glp,8,113.748,102.99,119.65,102.99,120.0
2025-12,MUN,CE|SOBRAL,glp,5,110.0,102.0,118.0,100.0,118.0
2025-12,MUN,DF|BRASILIA,glp,34,104.99,94.29,110.0,91.99,112.0
2025-12,MUN,ES|ARACRUZ,glp,8,102.5,99.997,113.6,99.99,115.0
2025-12,MUN,ES|CARIACICA,glp,10,100.0,89.999,101.0,89.99,110.0
2025-12,MUN,ES|COLATINA,glp,7,100.0,98.596,100.0,97.99,100.0
2025-12,MUN,ES|GUARAPARI,glp,6,99.99,96.995,106.998,95.0,109.0
2025-12,MUN,ES|LINHARES,glp,11,110.0,105.0,115.0,105.0,115.0
2025-12,MUN,ES|SAO MATEUS,glp,3,115.0,110.992,115.0,109.99,115.0
2025-12,MUN,ES|SERRA,glp,13,90.0,89.99,98.998,87.99,105.0
2025-12,MUN,ES|VILA VELHA,glp,14,100.0,95.0,103.5,95.0,110.0
2025-12,MUN,ES|VITORIA,glp,7,95.0,89.996,108.0,89.99,120.0
2025-12,MUN,GO|AGUAS LINDAS DE GOIAS,glp,17,100.0,94.99,107.5,94.99,118.0
2025-12,MUN,GO|ANAPOLIS,glp,19,115.0,115.0,115.0,110.0,120.0
2025-12,MUN,GO|APARECIDA DE GOIANIA,glp,22,110.0,95.499,115.0,93.0,120.0
2025-12,MUN,GO|CALDAS NOVAS,glp,10,112.0,104.3,116.0,98.0,125.0
2025-12,MUN,GO|CATALAO,glp,7,110.0,103.0,115.0,100.0,115.0
2025-12,MUN,GO|FORMOSA,glp,7,107.5,103.0,117.0,100.0,120.0
2025-12,MUN,GO|GOIANIA,glp,20,115.0,105.0,120.0,100.0,120.0
2025-12,MUN,GO|GOIATUBA,glp,3,120.0,120.0,120.0,120.0,120.0
2025-12,MUN,GO|ITUMBIARA,glp,7,115.0,110.6,122.0,110.0,125.0
2025-12,MUN,GO|LUZIANIA,glp,10,109.0,99.944,110.2,94.99,112.0
2025-12,MUN,GO|MINEIROS,glp,6,129.0,128.0,133.0,128.0,133.0
2025-12,MUN,GO|MORRINHOS,glp,5,100.0,98.5,108.0,97.5,110.0
2025-12,MUN,GO|PORANGATU,glp,6,117.25,115.0,120.0,115.0,120.0
2025-12,MUN,GO|RIO VERDE,glp,10,130.0,120.0,135.5,120.0,140.0
2025-12,MUN,GO|TRINDADE,glp,12,97.495,94.99,105.0,85.0,105.0
2025-12,MUN,GO|VALPARAISO DE GOIAS,glp,9,105.0,94.99,109.9,94.99,109.9
2025-12,MUN,MA|ACAILANDIA,glp,3,120.0,120.0,120.0,120.0,120.0
2025-12,MUN,MA|BALSAS,glp,6,130.0,130.0,130.0,130.0,130.0
2025-12,MUN,MA|BARRA DO CORDA,glp,1,125.0,125.0,125.0,125.0,125.0
2025-12,MUN,MA|CODO,glp,6,120.0,120.0,120.0,120.0,120.0
2025-12,MUN,MA|IMPERATRIZ,glp,11,115.0,109.99,115.0,99.0,120.0
2025-12,MUN,MA|PINHEIRO,glp,7,130.0,124.96,130.0,124.9,130.0
2025-12,MUN,MA|PRESIDENTE DUTRA,glp,4,116.5,115.0,119.4,115.0,120.0
2025-12,MUN,MA|SAO JOSE DE RIBAMAR,glp,9,119.99,119.792,120.0,119.0,120.0
2025-12,MUN,MA|SAO LUIS,glp,29,120.0,119.99,124.992,114.99,130.0
2025-12,MUN,MG|ALFENAS,glp,7,100.0,89.996,102.0,89.99,105.0
2025-12,MUN,MG|ARAGUARI,glp,7,105.0,100.0,109.6,100.0,112.0
2025-12,MUN,MG|ARAXA,glp,7,100.0,98.0,102.0,95.0,105.0
2025-12,MUN,MG|BELO HORIZONTE,glp,25,105.0,96.196,129.6,94.99,145.0
2025-12,MUN,MG|BETIM,glp,12,112.0,100.5,123.6,90.0,125.0
2025-12,MUN,MG|BOM DESPACHO,glp,7,100.0,99.96,107.0,99.9,110.0
2025-12,MUN,MG|CAMPO BELO,glp,6,110.0,110.0,115.0,110.0,115.0
2025-12,MUN,MG|CARATINGA,glp,7,120.0,115.0,127.0,115.0,130.0
2025-12,MUN,MG|CONGONHAS,glp,7,105.0,95.8,110.8,94.0,115.0
2025-12,MUN,MG|CONSELHEIRO LAFAIETE,glp,7,95.0,91.0,102.0,85.0,105.0
2025-12,MUN,MG|CONTAGEM,glp,17,115.0,99.99,125.4,97.99,130.0
2025-12,MUN,MG|CORONEL FABRICIANO,glp,6,130.0,125.0,135.0,120.0,135.0
2025-12,MUN,MG|CURVELO,glp,7,94.0,93.0,109.0,93.0,115.0
2025-12,MUN,MG|DIVINOPOLIS,glp,10,95.495,89.99,110.5,89.99,115.0
2025-12,MUN,MG|FORMIGA,glp,7,115.0,112.4,117.0,110.0,120.0
2025-12,MUN,MG|GOVERNADOR VALADARES,glp,10,125.0,115.0,125.0,115.0,125.0
2025-12,MUN,MG|GUAXUPE,glp,7,95.0,90.0,106.0,90.0,115.0
2025-12,MUN,MG|IPATINGA,glp,4,119.0,105.4,121.75,100.0,122.5
2025-12,MUN,MG|ITAJUBA,glp,7,95.0,87.4,103.0,85.0,115.0
2025-12,MUN,MG|ITAUNA,glp,7,124.0,104.2,128.0,103.0,131.0
2025-12,MUN,MG|ITUIUTABA,glp,7,105.0,98.0,107.8,95.0,112.0
2025-12,MUN,MG|JANAUBA,glp,7,115.0,115.0,120.0,115.0,120.0
2025-12,MUN,MG|JANUARIA,glp,6,130.0,127.495,132.0,124.99,133.0
2025-12,MUN,MG|JOAO MONLEVADE,glp,7,110.0,105.0,110.0,105.0,110.0
2025-12,MUN,MG|JOAO PINHEIRO,glp,7,120.0,108.54,120.0,99.0,120.0
2025-12,MUN,MG|JUIZ DE FORA,glp,15,95.0,88.196,105.99,86.5,108.0
2025-12,MUN,MG|LAVRAS,glp,7,110.0,104.996,124.8,104.99,132.0
2025-12,MUN,MG|LEOPOLDINA,glp,7,110.0,105.0,113.2,105.0,118.0
2025-12,MUN,MG|MONTE CARMELO,glp,6,105.0,99.5,105.0,94.0,105.0
2025-12,MUN,MG|MONTES CLAROS,glp,23,115.0,102.8,120.0,97.0,130.0
2025-12,MUN,MG|MURIAE,glp,6,105.0,105.0,110.0,105.0,110.0
2025-12,MUN,MG|NOVA LIMA,glp,7,115.0,103.8,121.96,102.0,124.9
2025-12,MUN,MG|OLIVEIRA,glp,4,108.75,105.68,110.0,104.9,110.0
2025-12,MUN,MG|OURO PRETO,glp,3,99.0,95.72,107.8,94.9,110.0
2025-12,MUN,MG|PARA DE MINAS,glp,7,95.0,92.996,110.3,89.99,122.0
2025-12,MUN,MG|PARACATU,glp,1,100.0,100.0,100.0,100.0,100.0
2025-12,MUN,MG|PASSOS,glp,7,105.0,100.0,109.994,100.0,110.0
2025-12,MUN,MG|PATROCINIO,glp,7,105.0,101.5,110.0,100.0,110.0
2025-12,MUN,MG|POCOS DE CALDAS,glp,7,118.0,116.2,119.994,115.0,120.0
2025-12,MUN,MG|SABARA,glp,7,120.0,115.0,122.0,115.0,125.0
2025-12,MUN,MG|SAO JOAO DEL REI,glp,7,110.0,109.99,112.0,109.99,115.0
2025-12,MUN,MG|SAO SEBASTIAO DO PARAISO,glp,8,100.0,94.997,110.0,94.99,110.0
2025-12,MUN,MG|SETE LAGOAS,glp,10,103.945,90.0,115.5,90.0,120.0
2025-12,MUN,MG|TEOFILO OTONI,glp,7,120.0,118.0,124.0,118.0,130.0
2025-12,MUN,MG|TRES CORACOES,glp,7,95.0,87.998,97.0,84.995,100.0
2025-12,MUN,MG|UBA,glp,3,120.0,116.0,120.0,115.0,120.0
2025-12,MUN,MG|UBERABA,glp,12,100.0,94.25,110.0,88.0,115.0
2025-12,MUN,MG|UBERLANDIA,glp,17,100.0,94.954,114.8,93.99,125.0
2025-12,MUN,MG|UNAI,glp,7,115.0,115.0,115.0,115.0,115.0
2025-12,MUN,MG|VARGINHA,glp,8,100.0,90.0,108.6,90.0,110.0
2025-12,MUN,MG|VICOSA,glp,7,120.0,109.0,120.0,100.0,120.0
2025-12,MUN,MS|CAMPO GRANDE,glp,34,108.75,99.3,120.0,95.0,125.0
2025-12,MUN,MS|CORUMBA,glp,6,132.5,119.995,140.0,119.99,140.0
2025-12,MUN,MS|DOURADOS,glp,15,115.0,110.0,129.0,110.0,145.0
2025-12,MUN,MS|TRES LAGOAS,glp,8,120.0,114.1,120.0,105.0,120.0
2025-12,MUN,MT|ALTA FLORESTA,glp,4,143.75,136.5,149.25,135.0,150.0
2025-12,MUN,MT|CACERES,glp,11,125.0,122.5,125.0,120.0,129.0
2025-12,MUN,MT|CUIABA,glp,26,115.0,105.0,130.0,99.69,140.0
2025-12,MUN,MT|RONDONOPOLIS,glp,7,130.0,125.0,137.0,125.0,140.0
2025-12,MUN,MT|SINOP,glp,11,140.0,130.0,140.0,128.0,140.0
2025-12,MUN,MT|VARZEA GRANDE,glp,19,115.0,99.972,126.0,94.99,130.0
2025-12,MUN,PA|ABAETETUBA,glp,5,113.0,107.6,113.0,104.0,113.0
2025-12,MUN,PA|ALENQUER,glp,4,115.0,113.6,115.0,113.0,115.0
2025-12,MUN,PA|ALTAMIRA,glp,7,130.0,117.996,132.8,114.99,134.0
2025-12,MUN,PA|ANANINDEUA,glp,13,103.0,98.992,110.0,98.99,115.0
2025-12,MUN,PA|BELEM,glp,25,115.0,106.6,120.0,104.99,125.0
2025-12,MUN,PA|CASTANHAL,glp,8,115.0,108.5,115.0,105.0,115.0
2025-12,MUN,PA|CONCEICAO DO ARAGUAIA,glp,6,110.0,110.0,110.0,110.0,110.0
2025-12,MUN,PA|MARABA,glp,9,115.0,114.8,125.0,114.0,125.0
2025-12,MUN,PA|PARAGOMINAS,glp,7,125.0,121.0,135.0,115.0,135.0
2025-12,MUN,PA|PARAUAPEBAS,glp,9,125.0,125.0,130.0,125.0,130.0
2025-12,MUN,PA|SANTAREM,glp,15,90.0,85.0,110.0,79.99,110.0
2025-12,MUN,PB|BAYEUX,glp,6,115.0,106.25,115.0,105.0,115.0
2025-12,MUN,PB|CABEDELO,glp,8,105.0,105.0,107.65,105.0,108.0
2025-12,MUN,PB|CAMPINA GRANDE,glp,8,102.5,93.5,110.0,90.0,110.0
2025-12,MUN,PB|JOAO PESSOA,glp,25,105.0,105.0,110.0,89.99,120.0
2025-12,MUN,PB|PATOS,glp,6,110.0,109.0,112.5,108.0,115.0
2025-12,MUN,PB|SOUSA,glp,4,110.0,108.95,113.5,108.5,115.0
2025-12,MUN,PE|ARARIPINA,glp,7,105.0,105.0,106.0,105.0,107.5
2025-12,MUN,PE|ARCOVERDE,glp,7,95.0,94.192,100.0,92.995,100.0
2025-12,MUN,PE|BELO JARDIM,glp,5,95.0,93.8,100.0,93.0,100.0
2025-12,MUN,PE|CARUARU,glp,10,90.0,89.791,95.191,88.0,97.0
2025-12,MUN,PE|GARANHUNS,glp,7,105.0,104.996,110.0,104.99,110.0
2025-12,MUN,PE|GOIANA,glp,5,90.0,87.4,93.0,87.0,95.0
2025-12,MUN,PE|IGARASSU,glp,7,100.0,95.0,110.0,95.0,110.0
2025-12,MUN,PE|JABOATAO DOS GUARARAPES,glp,10,100.0,97.49,106.25,92.99,117.5
2025-12,MUN,PE|LAJEDO,glp,6,100.0,92.5,108.75,90.0,110.0
2025-12,MUN,PE|OLINDA,glp,9,95.0,90.0,102.0,90.0,110.0
2025-12,MUN,PE|PAULISTA,glp,10,99.0,95.0,100.0,95.0,100.0
2025-12,MUN,PE|PETROLINA,glp,12,110.0,110.0,119.5,106.0,130.0
2025-12,MUN,PE|RECIFE,glp,15,95.0,90.0,99.996,90.0,110.0
2025-12,MUN,PE|SALGUEIRO,glp,5,115.0,115.0,115.0,115.0,115.0
2025-12,MUN,PE|SANTA CRUZ DO CAPIBARIBE,glp,3,110.0,110.0,110.0,110.0,110.0
2025-12,MUN,PE|SERRA TALHADA,glp,6,120.0,115.0,127.5,115.0,133.0
2025-12,MUN,PE|VITORIA DE SANTO ANTAO,glp,7,95.0,95.0,96.994,95.0,97.0
2025-12,MUN,PI|PARNAIBA,glp,7,115.0,113.0,120.0,110.0,120.0
2025-12,MUN,PI|PICOS,glp,6,108.0,104.995,110.0,104.99,110.0
2025-12,MUN,PI|PIRIPIRI,glp,7,114.99,109.99,128.794,109.99,130.0
2025-12,MUN,PI|TERESINA,glp,26,105.0,100.0,110.0,94.99,115.0
2025-12,MUN,PR|APUCARANA,glp,10,105.0,99.9,115.0,99.9,115.0
2025-12,MUN,PR|ARAPONGAS,glp,10,105.0,99.998,105.5,99.98,110.0
2025-12,MUN,PR|ARAUCARIA,glp,9,100.0,99.98,105.0,99.9,105.0
2025-12,MUN,PR|CAMBE,glp,7,115.0,111.0,117.0,105.0,120.0
2025-12,MUN,PR|CAMPO LARGO,glp,8,100.0,98.97,102.95,98.9,104.0
2025-12,MUN,PR|CAMPO MOURAO,glp,7,115.0,111.0,120.8,105.0,122.0
2025-12,MUN,PR|CASCAVEL,glp,15,115.0,105.0,115.0,90.0,120.0
2025-12,MUN,PR|CASTRO,glp,7,115.0,109.96,117.2,109.9,119.0
2025-12,MUN,PR|CIANORTE,glp,7,125.0,103.96,132.0,94.9,135.0
2025-12,MUN,PR|COLOMBO,glp,12,99.25,94.909,104.745,94.9,108.0
2025-12,MUN,PR|CORNELIO PROCOPIO,glp,4,115.0,115.0,115.0,115.0,115.0
2025-12,MUN,PR|CURITIBA,glp,41,105.0,97.9,109.99,92.0,119.9
2025-12,MUN,PR|FOZ DO IGUACU,glp,16,119.95,114.995,120.25,110.0,125.0
2025-12,MUN,PR|FRANCISCO BELTRAO,glp,6,115.0,111.5,117.5,108.0,120.0
2025-12,MUN,PR|GUARAPUAVA,glp,10,108.95,104.5,110.5,100.0,115.0
2025-12,MUN,PR|LONDRINA,glp,15,110.0,100.0,114.996,100.0,120.0
2025-12,MUN,PR|MARINGA,glp,12,107.5,99.99,124.5,99.99,130.0
2025-12,MUN,PR|PARANAGUA,glp,7,96.0,93.0,102.0,90.0,105.0
2025-12,MUN,PR|PARANAVAI,glp,6,104.99,103.9,104.99,102.9,104.99
2025-12,MUN,PR|PATO BRANCO,glp,3,120.0,118.4,124.0,118.0,125.0
2025-12,MUN,PR|PONTA GROSSA,glp,7,110.0,106.2,113.2,105.0,118.0
2025-12,MUN,PR|SANTO ANTONIO DA PLATINA,glp,7,115.0,113.54,115.0,113.0,115.0
2025-12,MUN,PR|SAO JOSE DOS PINHAIS,glp,14,100.0,92.1,100.0,90.0,106.9
2025-12,MUN,PR|TOLEDO,glp,10,118.0,110.0,119.91,110.0,120.0
2025-12,MUN,PR|UMUARAMA,glp,7,115.0,115.0,122.0,115.0,125.0
2025-12,MUN,RJ|ANGRA DOS REIS,glp,8,125.0,125.0,127.2,125.0,127.9
2025-12,MUN,RJ|ARARUAMA,glp,7,90.0,87.994,98.0,85.0,98.0
2025-12,MUN,RJ|BARRA MANSA,glp,7,98.9,91.736,109.34,89.99,113.0
2025-12,MUN,RJ|BELFORD ROXO,glp,7,90.0,87.994,97.0,85.0,100.0
2025-12,MUN,RJ|CABO FRIO,glp,6,96.245,86.24,99.99,84.99,99.99
2025-12,MUN,RJ|CAMPOS DOS GOYTACAZES,glp,2,104.995,100.991,108.999,99.99,110.0
2025-12,MUN,RJ|ITABORAI,glp,10,104.99,103.491,105.199,90.0,106.99
2025-12,MUN,RJ|ITAPERUNA,glp,7,105.0,99.99,105.0,99.99,105.0
2025-12,MUN,RJ|MACAE,glp,6,145.0,144.995,145.995,144.99,146.99
2025-12,MUN,RJ|MARICA,glp,7,95.0,92.5,100.79,92.5,101.99
2025-12,MUN,RJ|NILOPOLIS,glp,7,115.0,113.0,115.0,110.0,115.0
2025-12,MUN,RJ|NITEROI,glp,8,89.99,84.997,104.163,84.99,113.9
2025-12,MUN,RJ|NOVA FRIBURGO,glp,7,105.0,98.99,107.0,89.99,110.0
2025-12,MUN,RJ|NOVA IGUACU,glp,15,95.0,80.0,120.0,79.99,120.0
2025-12,MUN,RJ|RESENDE,glp,7,115.0,114.996,115.0,114.99,115.0
2025-12,MUN,RJ|RIO BONITO,glp,7,87.0,82.994,89.994,80.0,90.0
2025-12,MUN,RJ|RIO DE JANEIRO,glp,25,97.0,89.994,104.6,89.99,105.0
2025-12,MUN,RJ|SANTO ANTONIO DE PADUA,glp,4,103.5,102.0,106.4,102.0,107.0
2025-12,MUN,RJ|SAO GONCALO,glp,14,104.99,101.19,105.0,99.99,105.0
2025-12,MUN,RJ|SAO JOAO DE MERITI,glp,10,94.945,89.999,100.5,89.99,105.0
2025-12,MUN,RJ|SAQUAREMA,glp,7,91.99,88.4,96.196,86.0,97.99
2025-12,MUN,RJ|TRES RIOS,glp,7,89.99,89.99,104.99,89.99,104.99
2025-12,MUN,RJ|VOLTA REDONDA,glp,8,102.445,99.177,104.99,97.49,104.99
2025-12,MUN,RN|CAICO,glp,6,118.75,108.745,120.0,99.99,120.0
2025-12,MUN,RN|MOSSORO,glp,9,110.0,99.0,115.0,95.0,115.0
2025-12,MUN,RN|NATAL,glp,15,110.0,100.0,121.0,90.0,130.0
2025-12,MUN,RN|PARNAMIRIM,glp,9,99.9,99.81,99.9,99.45,99.9
2025-12,MUN,RO|ARIQUEMES,glp,7,127.5,116.01,130.0,110.19,130.0
2025-12,MUN,RO|CACOAL,glp,7,135.0,134.6,139.8,134.0,144.0
2025-12,MUN,RO|JI-PARANA,glp,8,121.25,115.7,130.8,115.0,135.0
2025-12,MUN,RO|PIMENTA BUENO,glp,6,143.0,138.25,146.5,134.5,150.0
2025-12,MUN,RO|PORTO VELHO,glp,24,120.0,110.9,128.5,108.0,138.0
2025-12,MUN,RO|VILHENA,glp,7,130.0,121.196,133.2,115.49,135.0
2025-12,MUN,RR|BOA VISTA,glp,23,140.0,130.4,148.4,130.0,156.0
2025-12,MUN,RS|ALEGRETE,glp,5,115.0,107.0,120.0,105.0,120.0
2025-12,MUN,RS|ALVORADA,glp,6,108.0,107.5,110.0,107.0,110.0
2025-12,MUN,RS|BAGE,glp,8,125.0,117.0,127.0,117.0,127.0
2025-12,MUN,RS|BENTO GONCALVES,glp,7,128.0,119.96,128.0,119.9,128.0
2025-12,MUN,RS|CACHOEIRA DO SUL,glp,7,105.0,105.0,110.0,105.0,110.0
2025-12,MUN,RS|CACHOEIRINHA,glp,7,115.0,110.396,117.4,107.99,121.0
2025-12,MUN,RS|CANOAS,glp,15,109.9,105.0,113.0,104.9,115.0
2025-12,MUN,RS|CAXIAS DO SUL,glp,17,115.0,109.0,119.0,105.0,130.0
2025-12,MUN,RS|CRUZ ALTA,glp,6,100.5,99.0,105.0,99.0,105.0
2025-12,MUN,RS|ERECHIM,glp,9,130.0,130.0,139.92,130.0,140.0
2025-12,MUN,RS|ESTEIO,glp,7,110.0,108.0,117.0,105.0,120.0
2025-12,MUN,RS|GRAMADO,glp,6,117.5,107.5,131.5,105.0,135.0
2025-12,MUN,RS|GRAVATAI,glp,9,112.0,99.598,115.0,97.99,115.0
2025-12,MUN,RS|GUAIBA,glp,7,105.0,97.94,108.8,95.0,110.0
2025-12,MUN,RS|IJUI,glp,7,104.99,99.194,120.8,98.0,131.0
2025-12,MUN,RS|LAJEADO,glp,7,122.0,117.4,125.0,115.0,125.0
2025-12,MUN,RS|NOVO HAMBURGO,glp,10,105.0,99.981,105.5,99.9,110.0
2025-12,MUN,RS|OSORIO,glp,8,109.0,107.393,114.915,106.0,114.95
2025-12,MUN,RS|PASSO FUNDO,glp,13,120.0,115.0,125.0,115.0,128.0
2025-12,MUN,RS|PELOTAS,glp,15,115.0,112.4,120.8,108.9,124.0
2025-12,MUN,RS|PORTO ALEGRE,glp,15,115.0,107.0,128.0,100.0,129.9
2025-12,MUN,RS|SANTA CRUZ DO SUL,glp,9,115.0,115.0,116.4,115.0,122.0
2025-12,MUN,RS|SANTA MARIA,glp,13,114.9,110.0,118.0,109.9,118.0
2025-12,MUN,RS|SANTA ROSA,glp,7,125.0,118.0,129.0,115.0,135.0
2025-12,MUN,RS|SANTANA DO LIVRAMENTO,glp,9,130.0,117.0,130.0,105.0,130.0
2025-12,MUN,RS|SANTO ANGELO,glp,4,120.0,112.993,125.6,109.99,128.0
2025-12,MUN,RS|SAO GABRIEL,glp,6,115.0,115.0,116.5,115.0,118.0
2025-12,MUN,RS|SAO LEOPOLDO,glp,7,105.0,102.994,105.36,100.0,105.9
2025-12,MUN,RS|SAO LUIZ GONZAGA,glp,6,116.25,105.0,122.5,105.0,125.0
2025-12,MUN,RS|SAPIRANGA,glp,6,112.5,109.0,118.0,109.0,119.0
2025-12,MUN,RS|SAPUCAIA DO SUL,glp,9,107.5,104.0,115.0,100.0,115.0
2025-12,MUN,RS|TORRES,glp,3,120.0,118.392,122.4,117.99,123.0
2025-12,MUN,RS|URUGUAIANA,glp,7,120.0,118.0,138.0,115.0,150.0
2025-12,MUN,RS|VACARIA,glp,7,118.0,113.0,123.0,110.0,123.0
2025-12,MUN,RS|VIAMAO,glp,10,110.225,102.9,115.4,102.0,119.0
2025-12,MUN,SC|ARARANGUA,glp,2,113.995,110.799,117.191,110.0,117.99
2025-12,MUN,SC|BLUMENAU,glp,9,129.99,119.0,131.0,115.0,135.0
2025-12,MUN,SC|BRUSQUE,glp,3,130.0,130.0,136.392,130.0,137.99
2025-12,MUN,SC|CACADOR,glp,6,120.0,119.995,140.0,119.99,145.0
2025-12,MUN,SC|CHAPECO,glp,9,130.0,118.6,140.0,117.0,140.0
2025-12,MUN,SC|CONCORDIA,glp,5,110.0,99.4,116.0,99.0,120.0
2025-12,MUN,SC|CRICIUMA,glp,4,112.5,106.5,122.0,105.0,125.0
2025-12,MUN,SC|FLORIANOPOLIS,glp,7,125.0,117.4,135.0,115.0,135.0
2025-12,MUN,SC|ITAJAI,glp,13,115.9,105.0,129.0,105.0,129.99
2025-12,MUN,SC|JOINVILLE,glp,9,115.0,107.998,126.6,99.99,133.0
2025-12,MUN,SC|LAGUNA,glp,6,114.0,111.25,117.995,110.0,118.0
2025-12,MUN,SC|MAFRA,glp,6,107.5,94.995,114.95,89.99,115.0
2025-12,MUN,SC|TUBARAO,glp,7,110.0,101.0,112.0,95.0,115.0
2025-12,MUN,SC|VIDEIRA,glp,6,123.5,114.995,128.0,109.99,128.0
2025-12,MUN,SE|ARACAJU,glp,6,109.9,107.45,109.9,105.0,109.9
2025-12,MUN,SE|ITABAIANA,glp,7,115.0,109.2,115.0,108.0,115.0
2025-12,MUN,SE|LAGARTO,glp,5,110.0,105.0,110.0,105.0,110.0
2025-12,MUN,SE|NOSSA SENHORA DO SOCORRO,glp,9,110.0,105.0,110.0,105.0,110.0
2025-12,MUN,SP|ADAMANTINA,glp,7,109.0,98.788,109.9,97.0,109.9
2025-12,MUN,SP|AMERICANA,glp,7,110.0,104.99,114.994,104.99,115.0
2025-12,MUN,SP|ARACATUBA,glp,15,104.0,99.99,105.6,95.99,110.0
2025-12,MUN,SP|ARARAQUARA,glp,11,119.0,110.0,123.0,105.0,125.0
2025-12,MUN,SP|ARARAS,glp,7,112.0,108.8,113.2,104.0,115.0
2025-12,MUN,SP|ASSIS,glp,9,115.0,99.9,120.0,99.9,120.0
2025-12,MUN,SP|ATIBAIA,glp,1,98.0,98.0,98.0,98.0,98.0
2025-12,MUN,SP|BARRETOS,glp,6,110.0,105.0,112.5,105.0,115.0
2025-12,MUN,SP|BARUERI,glp,9,110.0,108.99,125.198,104.99,125.99
2025-12,MUN,SP|BAURU,glp,11,105.0,95.0,110.0,94.99,110.0
2025-12,MUN,SP|BEBEDOURO,glp,5,115.0,110.0,116.8,110.0,118.0
2025-12,MUN,SP|BERTIOGA,glp,1,124.99,124.99,124.99,124.99,124.99
2025-12,MUN,SP|BIRIGUI,glp,9,105.0,98.692,110.0,93.5,110.0
2025-12,MUN,SP|CACAPAVA,glp,7,99.0,85.994,99.994,80.0,100.0
2025-12,MUN,SP|CAMPINAS,glp,15,104.99,104.99,109.996,104.99,110.99
2025-12,MUN,SP|CARAGUATATUBA,glp,7,105.0,103.0,122.94,100.0,135.0
2025-12,MUN,SP|CARAPICUIBA,glp,11,105.0,104.99,119.99,94.99,119.99
2025-12,MUN,SP|CATANDUVA,glp,5,109.8,109.8,119.8,109.8,119.8
2025-12,MUN,SP|COSMOPOLIS,glp,5,95.0,94.99,97.297,94.99,97.495
2025-12,MUN,SP|COTIA,glp,4,112.49,108.59,114.99,107.99,114.99
2025-12,MUN,SP|CRUZEIRO,glp,6,94.99,94.245,94.995,93.5,95.0
2025-12,MUN,SP|CUBATAO,glp,7,115.0,105.198,125.0,102.495,125.0
2025-12,MUN,SP|DIADEMA,glp,8,110.0,105.59,116.19,99.99,118.99
2025-12,MUN,SP|EMBU DAS ARTES,glp,8,112.495,103.497,119.993,99.99,120.0
2025-12,MUN,SP|FRANCA,glp,11,109.99,104.99,115.0,104.99,115.0
2025-12,MUN,SP|GARCA,glp,6,122.5,115.0,125.0,115.0,125.0
2025-12,MUN,SP|GUARATINGUETA,glp,6,87.45,84.9,110.0,84.9,115.0
2025-12,MUN,SP|GUARUJA,glp,6,119.995,112.495,120.0,105.0,120.0
2025-12,MUN,SP|GUARULHOS,glp,13,100.0,95.0,114.198,94.99,118.0
2025-12,MUN,SP|HORTOLANDIA,glp,7,99.99,94.99,103.996,94.99,109.99
2025-12,MUN,SP|IBITINGA,glp,7,110.0,108.0,125.0,105.0,128.0
2025-12,MUN,SP|INDAIATUBA,glp,6,118.0,115.495,118.995,114.99,119.0
2025-12,MUN,SP|ITANHAEM,glp,8,110.0,106.99,116.5,99.99,120.0
2025-12,MUN,SP|ITAPECERICA DA SERRA,glp,6,114.99,109.99,117.49,109.99,119.99
2025-12,MUN,SP|ITAPETININGA,glp,4,130.0,126.5,130.0,125.0,130.0
2025-12,MUN,SP|ITAPEVA,glp,5,115.0,107.59,119.596,104.99,120.0
2025-12,MUN,SP|ITAPIRA,glp,6,114.995,111.495,115.995,108.0,116.99
2025-12,MUN,SP|ITAPOLIS,glp,7,129.0,124.8,131.0,120.0,131.0
2025-12,MUN,SP|ITAQUAQUECETUBA,glp,11,94.99,88.88,104.99,87.99,104.99
2025-12,MUN,SP|ITU,glp,5,115.0,110.8,116.8,110.0,118.0
2025-12,MUN,SP|JABOTICABAL,glp,6,99.9,99.45,104.995,99.0,110.0
2025-12,MUN,SP|JACAREI,glp,9,99.0,92.2,109.9,85.0,109.9
2025-12,MUN,SP|JAU,glp,7,110.0,99.6,113.96,99.0,119.9
2025-12,MUN,SP|JOSE BONIFACIO,glp,6,108.0,102.5,108.0,100.0,108.0
2025-12,MUN,SP|JUNDIAI,glp,8,118.495,108.797,121.5,105.99,125.0
2025-12,MUN,SP|LIMEIRA,glp,6,102.5,99.995,117.0,99.99,128.0
2025-12,MUN,SP|LINS,glp,7,100.0,92.996,124.0,89.99,130.0
2025-12,MUN,SP|LORENA,glp,6,90.995,87.495,99.0,85.0,105.0
2025-12,MUN,SP|MARILIA,glp,8,127.5,124.7,133.6,124.0,135.0
2025-12,MUN,SP|MAUA,glp,10,109.995,104.49,114.099,99.99,114.99
2025-12,MUN,SP|MOCOCA,glp,7,115.0,112.99,119.4,109.99,120.0
2025-12,MUN,SP|MOGI DAS CRUZES,glp,5,110.0,107.0,117.0,105.0,117.0
2025-12,MUN,SP|MOGI GUACU,glp,5,112.5,110.0,117.0,110.0,120.0
2025-12,MUN,SP|MOGI MIRIM,glp,5,110.0,110.0,117.4,110.0,119.0
2025-12,MUN,SP|MONTE ALTO,glp,7,110.0,109.2,110.0,108.0,110.0
2025-12,MUN,SP|OLIMPIA,glp,7,94.0,94.0,96.2,94.0,98.0
2025-12,MUN,SP|OSASCO,glp,12,105.99,94.99,119.491,94.99,124.99
2025-12,MUN,SP|OURINHOS,glp,6,107.5,104.5,114.5,104.0,115.0
2025-12,MUN,SP|PAULINIA,glp,6,109.995,105.0,110.0,105.0,110.0
2025-12,MUN,SP|PIRACICABA,glp,11,99.99,94.99,115.0,89.99,115.0
2025-12,MUN,SP|PIRASSUNUNGA,glp,7,110.0,102.9,113.2,102.9,118.0
2025-12,MUN,SP|POA,glp,7,104.99,94.99,109.99,94.99,109.99
2025-12,MUN,SP|PORTO FERREIRA,glp,6,107.5,102.5,112.5,100.0,115.0
2025-12,MUN,SP|PRAIA GRANDE,glp,10,119.95,109.99,125.0,109.99,125.0
2025-12,MUN,SP|PRESIDENTE PRUDENTE,glp,12,113.995,95.49,120.0,94.9,120.0
2025-12,MUN,SP|RIBEIRAO PIRES,glp,9,104.99,99.72,140.0,99.0,140.0
2025-12,MUN,SP|RIBEIRAO PRETO,glp,11,118.0,95.0,120.0,95.0,120.0
2025-12,MUN,SP|RIO CLARO,glp,1,103.0,103.0,103.0,103.0,103.0
2025-12,MUN,SP|SALTO,glp,4,102.995,98.593,108.797,97.99,110.0
2025-12,MUN,SP|SANTO ANDRE,glp,10,109.99,99.99,120.191,99.99,122.0
2025-12,MUN,SP|SANTOS,glp,9,125.0,123.0,131.98,115.0,139.9
2025-12,MUN,SP|SAO BERNARDO DO CAMPO,glp,5,134.99,116.996,140.0,115.0,140.0
2025-12,MUN,SP|SAO CAETANO DO SUL,glp,4,114.99,104.49,114.997,99.99,115.0
2025-12,MUN,SP|SAO CARLOS,glp,12,130.0,127.54,138.3,126.0,139.0
2025-12,MUN,SP|SAO JOAO DA BOA VISTA,glp,7,110.0,109.196,110.0,107.99,110.0
2025-12,MUN,SP|SAO JOSE DO RIO PRETO,glp,22,120.0,109.99,120.0,104.0,130.0
2025-12,MUN,SP|SAO JOSE DOS CAMPOS,glp,15,100.0,94.994,114.996,79.99,120.0
2025-12,MUN,SP|SAO PAULO,glp,44,114.99,100.89,125.493,94.99,139.99
2025-12,MUN,SP|SAO VICENTE,glp,10,115.0,102.69,125.0,99.99,125.0
2025-12,MUN,SP|SERTAOZINHO,glp,4,99.99,97.89,105.597,96.99,108.0
2025-12,MUN,SP|SOROCABA,glp,15,112.99,109.99,126.14,102.99,128.0
2025-12,MUN,SP|SUMARE,glp,8,99.99,93.49,104.99,89.99,104.99
2025-12,MUN,SP|SUZANO,glp,7,99.99,92.99,115.2,89.99,117.0
2025-12,MUN,SP|TABOAO DA SERRA,glp,6,109.995,102.49,115.995,99.99,119.99
2025-12,MUN,SP|TATUI,glp,4,111.995,102.69,125.5,99.99,130.0
2025-12,MUN,SP|TAUBATE,glp,10,91.5,86.791,99.5,85.0,104.0
2025-12,MUN,SP|TUPA,glp,4,116.5,110.9,120.0,110.0,120.0
2025-12,MUN,SP|VALINHOS,glp,7,112.49,106.794,119.594,105.0,125.0
2025-12,MUN,SP|VARZEA PAULISTA,glp,4,97.5,94.993,114.0,94.99,120.0
2025-12,MUN,SP|VINHEDO,glp,5,110.0,103.5,114.154,102.5,114.99
2025-12,MUN,SP|VOTORANTIM,glp,7,114.99,110.9,117.0,110.0,120.0
2025-12,MUN,SP|VOTUPORANGA,glp,10,110.0,99.99,119.1,99.9,120.0
2025-12,MUN,TO|ARAGUAINA,glp,12,127.5,120.5,129.75,115.0,130.0
2025-12,MUN,TO|GURUPI,glp,9,125.0,119.6,131.0,118.0,135.0
2025-12,MUN,TO|PALMAS,glp,11,130.0,125.0,130.0,125.0,130.0
2025-12,MUN,TO|PARAISO DO TOCANTINS,glp,7,135.0,133.0,138.2,130.0,143.0
2025-12,UF,AC,glp,24,124.0,116.6,129.7,110.0,132.0
2025-12,UF,AL,glp,48,105.0,98.493,110.0,88.99,115.0
2025-12,UF,AM,glp,82,122.0,120.0,133.0,117.0,143.0
2025-12,UF,AP,glp,12,120.0,115.2,135.3,115.0,136.0
2025-12,UF,BA,glp,169,110.0,96.0,130.0,87.99,150.0
2025-12,UF,CE,glp,75,118.0,102.99,121.596,99.99,133.0
2025-12,UF,DF,glp,34,104.99,94.29,110.0,91.99,112.0
2025-12,UF,ES,glp,79,100.0,90.0,112.2,87.99,120.0
2025-12,UF,GO,glp,170,110.0,97.95,120.0,85.0,140.0
2025-12,UF,MA,glp,76,120.0,115.0,130.0,99.0,130.0
2025-12,UF,MG,glp,415,108.5,94.99,123.4,84.995,145.0
2025-12,UF,MS,glp,63,115.0,100.0,125.0,95.0,145.0
2025-12,UF,MT,glp,78,125.0,104.997,140.0,94.99,150.0
2025-12,UF,PA,glp,108,114.995,98.997,125.0,79.99,135.0
2025-12,UF,PB,glp,57,105.0,103.0,115.0,89.99,120.0
2025-12,UF,PE,glp,131,100.0,90.0,115.0,87.0,133.0
2025-12,UF,PI,glp,46,109.995,102.495,115.0,94.99,130.0
2025-12,UF,PR,glp,257,108.0,99.0,120.0,90.0,135.0
2025-12,UF,RJ,glp,193,99.99,89.99,115.0,79.99,146.99
2025-12,UF,RN,glp,39,110.0,99.9,120.0,90.0,130.0
2025-12,UF,RO,glp,59,125.0,115.0,138.8,108.0,150.0
2025-12,UF,RR,glp,23,140.0,130.4,148.4,130.0,156.0
2025-12,UF,RS,glp,294,115.0,105.0,127.7,95.0,150.0
2025-12,UF,SC,glp,92,118.5,105.0,134.8,89.99,145.0
2025-12,UF,SE,glp,27,110.0,105.0,115.0,105.0,115.0
2025-12,UF,SP,glp,735,110.0,95.0,124.996,79.99,140.0
2025-12,UF,TO,glp,39,128.0,124.0,135.0,115.0,143.0
