periodo,nivel,codigo,produto,postos,mediana,p10,p90,minimo,maximo
2015-01,BR,BR,glp,9691,45.0,39.0,52.0,30.0,69.0
2015-01,MUN,AC|CRUZEIRO DO SUL,glp,5,60.0,56.4,60.0,56.0,60.0
2015-01,MUN,AC|RIO BRANCO,glp,67,50.0,48.0,52.0,47.0,55.0
2015-01,MUN,AC|SENA MADUREIRA,glp,4,52.0,50.0,55.4,50.0,56.0
2015-01,MUN,AC|SENADOR GUIOMARD,glp,5,50.0,50.0,51.0,50.0,51.0
2015-01,MUN,AC|TARAUACA,glp,2,55.0,55.0,55.0,55.0,55.0
2015-01,MUN,AC|XAPURI,glp,2,56.0,55.2,56.8,55.0,57.0
2015-01,MUN,AL|ARAPIRACA,glp,8,42.0,40.0,42.9,40.0,45.0
2015-01,MUN,AL|ATALAIA,glp,1,39.0,39.0,39.0,39.0,39.0
2015-01,MUN,AL|DELMIRO GOUVEIA,glp,4,43.5,39.2,45.0,38.0,45.0
2015-01,MUN,AL|MACEIO,glp,55,50.0,50.0,50.0,50.0,50.0
2015-01,MUN,AL|MARECHAL DEODORO,glp,2,50.0,50.0,50.0,50.0,50.0
2015-01,MUN,AL|PALMEIRA DOS INDIOS,glp,6,37.0,37.0,45.0,37.0,45.0
2015-01,MUN,AL|RIO LARGO,glp,8,40.0,38.7,43.0,38.0,50.0
2015-01,MUN,AL|SANTANA DO IPANEMA,glp,7,42.0,35.0,42.0,35.0,42.0
2015-01,MUN,AL|SAO JOSE DA LAJE,glp,1,50.0,50.0,50.0,50.0,50.0
2015-01,MUN,AM|HUMAITA,glp,3,50.0,50.0,50.0,50.0,50.0
2015-01,MUN,AM|ITACOATIARA,glp,11,50.0,48.0,50.0,48.0,50.0
2015-01,MUN,AM|MANACAPURU,glp,3,49.0,45.0,49.8,44.0,50.0
2015-01,MUN,AM|MANAUS,glp,165,46.0,43.0,48.0,41.0,50.0
2015-01,MUN,AM|PARINTINS,glp,1,46.0,46.0,46.0,46.0,46.0
2015-01,MUN,AM|PRESIDENTE FIGUEIREDO,glp,2,47.0,47.0,47.0,47.0,47.0
2015-01,MUN,AM|TEFE,glp,2,51.0,51.0,51.0,51.0,51.0
2015-01,MUN,AP|LARANJAL DO JARI,glp,1,54.0,54.0,54.0,54.0,54.0
2015-01,MUN,AP|MACAPA,glp,16,52.5,50.0,59.0,45.0,59.0
2015-01,MUN,AP|OIAPOQUE,glp,1,69.0,69.0,69.0,69.0,69.0
2015-01,MUN,AP|SANTANA,glp,6,55.0,48.0,56.5,48.0,57.0
2015-01,MUN,BA|ALAGOINHAS,glp,5,42.0,39.0,44.2,39.0,45.0
2015-01,MUN,BA|BARRA,glp,5,38.0,37.4,39.0,37.0,39.0
2015-01,MUN,BA|BARRA DO MENDES,glp,1,35.0,35.0,35.0,35.0,35.0
2015-01,MUN,BA|BARREIRAS,glp,10,44.95,42.0,45.0,42.0,45.0
2015-01,MUN,BA|BRUMADO,glp,5,40.0,33.8,40.0,33.0,40.0
2015-01,MUN,BA|CAETITE,glp,7,37.0,36.6,37.0,36.0,37.0
2015-01,MUN,BA|CAMACARI,glp,21,45.0,44.0,48.0,44.0,48.0
2015-01,MUN,BA|CAMPO FORMOSO,glp,2,39.0,38.2,39.8,38.0,40.0
2015-01,MUN,BA|CANDEIAS,glp,7,35.0,35.0,42.8,35.0,44.0
2015-01,MUN,BA|CAPIM GROSSO,glp,1,40.0,40.0,40.0,40.0,40.0
2015-01,MUN,BA|EUNAPOLIS,glp,10,45.0,42.0,46.0,42.0,46.0
2015-01,MUN,BA|FEIRA DE SANTANA,glp,32,40.0,38.0,44.0,35.0,45.0
2015-01,MUN,BA|GUANAMBI,glp,14,35.0,35.0,35.0,35.0,35.0
2015-01,MUN,BA|ILHEUS,glp,6,44.5,42.5,47.455,42.0,48.0
2015-01,MUN,BA|IPIRA,glp,5,40.0,40.0,41.2,40.0,42.0
2015-01,MUN,BA|IRECE,glp,14,35.0,33.6,39.4,32.0,40.0
2015-01,MUN,BA|ITABUNA,glp,9,44.0,41.6,46.2,40.0,47.0
2015-01,MUN,BA|ITAMARAJU,glp,4,42.5,39.2,43.0,38.0,43.0
2015-01,MUN,BA|JACOBINA,glp,6,35.0,33.0,35.0,33.0,35.0
2015-01,MUN,BA|JAGUAQUARA,glp,9,37.0,37.0,37.0,37.0,37.0
2015-01,MUN,BA|JEQUIE,glp,13,34.0,32.0,35.0,32.0,38.0
2015-01,MUN,BA|JUAZEIRO,glp,7,45.0,43.0,45.0,40.0,45.0
2015-01,MUN,BA|LAURO DE FREITAS,glp,28,44.0,40.0,48.0,36.0,49.5
2015-01,MUN,BA|LIVRAMENTO DE NOSSA SENHORA,glp,2,35.0,31.0,39.0,30.0,40.0
2015-01,MUN,BA|PAULO AFONSO,glp,4,40.0,37.2,40.0,36.0,40.0
2015-01,MUN,BA|POCOES,glp,9,35.0,33.8,35.4,33.0,37.0
2015-01,MUN,BA|PORTO SEGURO,glp,8,41.0,38.7,45.1,38.0,50.0
2015-01,MUN,BA|RUY BARBOSA,glp,4,45.0,43.6,45.0,43.0,45.0
2015-01,MUN,BA|SALVADOR,glp,225,42.0,37.0,46.0,30.0,48.99
2015-01,MUN,BA|SANTANOPOLIS,glp,1,45.0,45.0,45.0,45.0,45.0
2015-01,MUN,BA|SANTO ANTONIO DE JESUS,glp,8,45.0,43.7,45.0,43.0,45.0
2015-01,MUN,BA|SENHOR DO BONFIM,glp,5,40.0,36.2,43.0,35.0,45.0
2015-01,MUN,BA|SERRINHA,glp,7,38.0,33.8,40.0,32.0,40.0
2015-01,MUN,BA|SIMOES FILHO,glp,8,43.0,40.1,45.3,38.0,46.0
2015-01,MUN,BA|TEIXEIRA DE FREITAS,glp,6,40.0,36.0,40.0,35.0,40.0
2015-01,MUN,BA|URANDI,glp,1,35.0,35.0,35.0,35.0,35.0
2015-01,MUN,BA|VALENCA,glp,4,44.0,44.0,44.0,44.0,44.0
2015-01,MUN,BA|VITORIA DA CONQUISTA,glp,12,38.0,37.0,38.0,37.0,38.0
2015-01,MUN,CE|BEBERIBE,glp,1,46.0,46.0,46.0,46.0,46.0
2015-01,MUN,CE|CANINDE,glp,5,41.0,40.0,42.0,40.0,42.0
2015-01,MUN,CE|CAUCAIA,glp,19,50.0,50.0,51.0,50.0,52.0
2015-01,MUN,CE|CRATEUS,glp,5,42.0,41.0,44.0,41.0,44.0
2015-01,MUN,CE|CRATO,glp,14,47.0,45.0,48.63,45.0,49.0
2015-01,MUN,CE|FORTALEZA,glp,152,51.0,50.0,52.0,48.0,52.5
2015-01,MUN,CE|ICO,glp,5,45.0,43.8,46.8,43.0,48.0
2015-01,MUN,CE|IGUATU,glp,5,45.0,45.0,46.0,45.0,46.0
2015-01,MUN,CE|IPU,glp,2,48.5,48.1,48.9,48.0,49.0
2015-01,MUN,CE|ITAPIPOCA,glp,7,47.0,46.6,48.0,46.0,48.0
2015-01,MUN,CE|JUAZEIRO DO NORTE,glp,11,42.0,40.0,45.0,39.0,45.0
2015-01,MUN,CE|LIMOEIRO DO NORTE,glp,4,47.5,47.0,48.0,47.0,48.0
2015-01,MUN,CE|MARACANAU,glp,14,50.0,50.0,51.0,50.0,51.0
2015-01,MUN,CE|MORADA NOVA,glp,5,45.0,42.4,46.8,42.0,48.0
2015-01,MUN,CE|PEDRA BRANCA,glp,3,44.0,43.2,44.8,43.0,45.0
2015-01,MUN,CE|QUIXADA,glp,8,45.5,45.0,48.0,45.0,48.0
2015-01,MUN,CE|SOBRAL,glp,5,40.0,39.0,42.0,39.0,42.0
2015-01,MUN,DF|BRASILIA,glp,121,45.0,44.0,45.0,42.0,48.0
2015-01,MUN,ES|ARACRUZ,glp,7,42.0,39.2,42.0,38.0,42.0
2015-01,MUN,ES|BARRA DE SAO FRANCISCO,glp,4,42.0,42.0,44.1,42.0,45.0
2015-01,MUN,ES|CACHOEIRO DE ITAPEMIRIM,glp,15,40.0,40.0,44.2,40.0,52.0
2015-01,MUN,ES|CARIACICA,glp,44,45.0,43.0,45.0,42.0,46.0
2015-01,MUN,ES|CASTELO,glp,3,39.0,37.4,39.8,37.0,40.0
2015-01,MUN,ES|COLATINA,glp,8,40.0,37.4,42.9,36.0,45.0
2015-01,MUN,ES|GUARAPARI,glp,24,45.0,45.0,46.7,44.0,47.0
2015-01,MUN,ES|ITAPEMIRIM,glp,1,38.0,38.0,38.0,38.0,38.0
2015-01,MUN,ES|JAGUARE,glp,4,45.0,43.6,45.0,43.0,45.0
2015-01,MUN,ES|LINHARES,glp,11,47.0,45.0,48.0,43.0,48.0
2015-01,MUN,ES|MARATAIZES,glp,1,40.0,40.0,40.0,40.0,40.0
2015-01,MUN,ES|NOVA VENECIA,glp,3,38.0,38.0,38.0,38.0,38.0
2015-01,MUN,ES|SAO MATEUS,glp,10,46.0,44.5,47.1,40.0,48.0
2015-01,MUN,ES|SERRA,glp,77,45.0,43.0,45.0,42.0,46.0
2015-01,MUN,ES|VILA VELHA,glp,51,45.0,43.0,46.0,42.0,48.0
2015-01,MUN,ES|VITORIA,glp,23,45.0,44.0,46.0,43.0,47.0
2015-01,MUN,GO|AGUAS LINDAS DE GOIAS,glp,23,42.0,41.2,44.0,41.0,44.0
2015-01,MUN,GO|ANAPOLIS,glp,66,42.0,40.5,43.0,40.0,43.0
2015-01,MUN,GO|APARECIDA DE GOIANIA,glp,34,41.25,40.3,42.0,40.0,42.0
2015-01,MUN,GO|CALDAS NOVAS,glp,25,43.0,42.0,46.0,42.0,47.0
2015-01,MUN,GO|CATALAO,glp,15,43.0,42.0,45.0,41.0,45.0
2015-01,MUN,GO|CIDADE OCIDENTAL,glp,1,42.0,42.0,42.0,42.0,42.0
2015-01,MUN,GO|FORMOSA,glp,18,43.0,42.0,45.0,42.0,45.0
2015-01,MUN,GO|GOIANIA,glp,118,42.0,40.0,43.0,40.0,45.0
2015-01,MUN,GO|GOIANIRA,glp,1,42.0,42.0,42.0,42.0,42.0
2015-01,MUN,GO|GOIATUBA,glp,13,41.0,40.0,42.8,40.0,43.0
2015-01,MUN,GO|ITUMBIARA,glp,19,47.0,45.0,48.0,44.0,48.0
2015-01,MUN,GO|JATAI,glp,19,46.0,44.9,53.0,44.0,55.0
2015-01,MUN,GO|LUZIANIA,glp,42,45.0,42.0,45.0,42.0,45.0
2015-01,MUN,GO|MINEIROS,glp,17,48.0,44.6,50.0,44.0,52.0
2015-01,MUN,GO|MORRINHOS,glp,17,43.0,42.0,43.0,41.0,45.0
2015-01,MUN,GO|PLANALTINA,glp,21,45.0,45.0,50.0,44.0,50.0
2015-01,MUN,GO|PONTALINA,glp,2,40.0,40.0,40.0,40.0,40.0
2015-01,MUN,GO|PORANGATU,glp,24,44.75,44.0,45.0,44.0,45.0
2015-01,MUN,GO|RIO VERDE,glp,22,45.0,44.0,45.45,43.0,47.0
2015-01,MUN,GO|TRINDADE,glp,30,40.75,40.0,42.0,40.0,42.0
2015-01,MUN,GO|VALPARAISO DE GOIAS,glp,11,45.0,42.0,45.0,42.0,46.0
2015-01,MUN,MA|ACAILANDIA,glp,5,53.0,52.4,54.2,52.0,55.0
2015-01,MUN,MA|BACABAL,glp,3,51.0,50.2,51.8,50.0,52.0
2015-01,MUN,MA|BALSAS,glp,3,58.0,58.0,58.0,58.0,58.0
2015-01,MUN,MA|BARRA DO CORDA,glp,6,47.0,47.0,48.0,47.0,48.0
2015-01,MUN,MA|CAROLINA,glp,3,55.0,55.0,55.0,55.0,55.0
2015-01,MUN,MA|CAXIAS,glp,2,50.0,50.0,50.0,50.0,50.0
2015-01,MUN,MA|CODO,glp,2,49.0,49.0,49.0,49.0,49.0
2015-01,MUN,MA|IMPERATRIZ,glp,35,55.0,55.0,55.0,55.0,55.0
2015-01,MUN,MA|JOAO LISBOA,glp,1,55.0,55.0,55.0,55.0,55.0
2015-01,MUN,MA|PINHEIRO,glp,3,53.0,50.6,53.0,50.0,53.0
2015-01,MUN,MA|PRESIDENTE DUTRA,glp,2,55.0,55.0,55.0,55.0,55.0
2015-01,MUN,MA|SANTA INES,glp,4,52.5,50.6,53.0,50.0,53.0
2015-01,MUN,MA|SAO DOMINGOS DO MARANHAO,glp,2,46.5,45.3,47.7,45.0,48.0
2015-01,MUN,MA|SAO JOAO DOS PATOS,glp,3,55.0,55.0,55.0,55.0,55.0
2015-01,MUN,MA|SAO JOSE DE RIBAMAR,glp,14,41.0,39.993,45.0,37.99,45.0
2015-01,MUN,MA|SAO LUIS,glp,79,40.0,39.972,45.0,34.9,45.0
2015-01,MUN,MA|SAO VICENTE FERRER,glp,1,50.0,50.0,50.0,50.0,50.0
2015-01,MUN,MA|TIMON,glp,3,43.0,43.0,43.0,43.0,43.0
2015-01,MUN,MG|ALFENAS,glp,15,38.0,38.0,45.0,38.0,47.0
2015-01,MUN,MG|ARAGUARI,glp,16,45.0,44.0,47.5,44.0,50.0
2015-01,MUN,MG|ARAXA,glp,4,45.0,45.0,47.8,45.0,49.0
2015-01,MUN,MG|BARBACENA,glp,16,42.0,40.0,46.0,40.0,50.0
2015-01,MUN,MG|BELO HORIZONTE,glp,118,50.0,46.85,54.0,40.0,55.0
2015-01,MUN,MG|BETIM,glp,33,51.0,50.0,53.8,50.0,54.0
2015-01,MUN,MG|BOM DESPACHO,glp,3,50.0,46.0,50.0,45.0,50.0
2015-01,MUN,MG|CAMPO BELO,glp,8,37.25,36.7,41.0,36.0,41.0
2015-01,MUN,MG|CARATINGA,glp,4,42.0,40.6,44.8,40.0,46.0
2015-01,MUN,MG|CATAGUASES,glp,4,45.0,45.0,45.0,45.0,45.0
2015-01,MUN,MG|CONGONHAS,glp,8,47.0,46.4,47.9,45.0,50.0
2015-01,MUN,MG|CONSELHEIRO LAFAIETE,glp,8,45.0,45.0,48.6,45.0,50.0
2015-01,MUN,MG|CONTAGEM,glp,88,51.0,50.0,54.0,48.0,54.0
2015-01,MUN,MG|CORONEL FABRICIANO,glp,7,48.0,48.0,50.8,48.0,55.0
2015-01,MUN,MG|CURVELO,glp,8,47.5,45.0,50.0,45.0,50.0
2015-01,MUN,MG|DIAMANTINA,glp,4,52.0,52.0,52.0,52.0,52.0
2015-01,MUN,MG|DIVINOPOLIS,glp,18,47.0,44.7,49.0,43.0,49.0
2015-01,MUN,MG|FORMIGA,glp,4,47.0,45.25,47.7,44.5,48.0
2015-01,MUN,MG|FRUTAL,glp,4,44.5,41.9,45.7,41.0,46.0
2015-01,MUN,MG|GOVERNADOR VALADARES,glp,20,45.0,43.0,46.0,43.0,48.0
2015-01,MUN,MG|GUAXUPE,glp,9,40.0,38.0,40.0,38.0,40.0
2015-01,MUN,MG|IBIRITE,glp,11,50.0,50.0,51.0,50.0,52.0
2015-01,MUN,MG|IPATINGA,glp,15,45.0,44.4,48.2,42.0,50.0
2015-01,MUN,MG|ITABIRA,glp,5,53.0,52.4,53.0,52.0,53.0
2015-01,MUN,MG|ITAJUBA,glp,13,42.0,40.0,42.0,40.0,43.0
2015-01,MUN,MG|ITAUNA,glp,12,45.0,43.0,50.0,42.0,50.0
2015-01,MUN,MG|ITUIUTABA,glp,20,48.0,44.9,48.1,40.0,50.0
2015-01,MUN,MG|ITURAMA,glp,1,46.5,46.5,46.5,46.5,46.5
2015-01,MUN,MG|JACUI,glp,1,45.0,45.0,45.0,45.0,45.0
2015-01,MUN,MG|JANAUBA,glp,3,45.0,43.4,45.0,43.0,45.0
2015-01,MUN,MG|JANUARIA,glp,6,47.5,46.0,48.0,46.0,48.0
2015-01,MUN,MG|JOAO MONLEVADE,glp,7,45.0,43.6,48.8,43.0,50.0
2015-01,MUN,MG|JOAO PINHEIRO,glp,11,50.0,50.0,50.0,47.0,50.0
2015-01,MUN,MG|JUIZ DE FORA,glp,54,50.0,45.0,55.0,42.0,58.0
2015-01,MUN,MG|LAVRAS,glp,12,40.0,40.0,49.0,40.0,50.0
2015-01,MUN,MG|LEOPOLDINA,glp,5,48.0,47.4,49.6,47.0,50.0
2015-01,MUN,MG|MANHUACU,glp,6,46.0,45.0,47.0,45.0,47.0
2015-01,MUN,MG|MARIANA,glp,5,50.0,46.0,52.6,46.0,53.0
2015-01,MUN,MG|MATIAS BARBOSA,glp,1,45.0,45.0,45.0,45.0,45.0
2015-01,MUN,MG|MONTE CARMELO,glp,11,55.0,53.0,60.0,52.0,60.0
2015-01,MUN,MG|MONTES CLAROS,glp,22,48.0,47.0,48.0,47.0,48.0
2015-01,MUN,MG|MURIAE,glp,5,48.0,48.0,51.0,48.0,51.0
2015-01,MUN,MG|NOVA LIMA,glp,11,51.0,49.5,54.0,49.0,54.0
2015-01,MUN,MG|OLIVEIRA,glp,7,38.0,36.6,38.8,36.0,40.0
2015-01,MUN,MG|OURO PRETO,glp,8,50.0,48.5,51.0,45.0,51.0
2015-01,MUN,MG|PARA DE MINAS,glp,9,48.0,46.7,49.3,45.5,49.5
2015-01,MUN,MG|PARACATU,glp,5,50.0,47.0,54.2,45.0,55.0
2015-01,MUN,MG|PASSOS,glp,15,48.0,45.0,48.0,45.0,50.0
2015-01,MUN,MG|PATOS DE MINAS,glp,17,50.0,48.0,50.0,45.0,50.0
2015-01,MUN,MG|PATROCINIO,glp,10,45.5,44.9,48.2,44.0,50.0
2015-01,MUN,MG|POCOS DE CALDAS,glp,17,40.0,40.0,42.0,39.99,44.1
2015-01,MUN,MG|PONTE NOVA,glp,1,43.0,43.0,43.0,43.0,43.0
2015-01,MUN,MG|POUSO ALEGRE,glp,16,42.0,40.0,43.0,36.0,45.0
2015-01,MUN,MG|RIBEIRAO DAS NEVES,glp,16,51.5,51.0,54.0,49.0,54.0
2015-01,MUN,MG|SABARA,glp,15,52.0,51.0,54.0,50.0,54.0
2015-01,MUN,MG|SANTA LUZIA,glp,16,51.5,50.0,54.0,50.0,55.0
2015-01,MUN,MG|SANTOS DUMONT,glp,5,43.0,43.0,44.2,43.0,45.0
2015-01,MUN,MG|SAO GONCALO DO RIO ABAIXO,glp,1,45.0,45.0,45.0,45.0,45.0
2015-01,MUN,MG|SAO JOAO DEL REI,glp,15,48.0,45.8,51.2,45.0,52.0
2015-01,MUN,MG|SAO LOURENCO,glp,3,40.0,39.2,41.6,39.0,42.0
2015-01,MUN,MG|SAO SEBASTIAO DO PARAISO,glp,12,50.0,48.0,50.0,48.0,50.0
2015-01,MUN,MG|SETE LAGOAS,glp,20,51.5,49.0,53.0,49.0,53.0
2015-01,MUN,MG|TEOFILO OTONI,glp,20,48.0,48.0,49.0,47.0,51.0
2015-01,MUN,MG|TIMOTEO,glp,4,47.0,46.3,49.1,46.0,50.0
2015-01,MUN,MG|TRES CORACOES,glp,8,42.0,40.0,45.0,40.0,45.0
2015-01,MUN,MG|UBA,glp,7,54.99,50.0,55.0,50.0,55.0
2015-01,MUN,MG|UBERABA,glp,39,50.0,50.0,50.0,45.0,50.0
2015-01,MUN,MG|UBERLANDIA,glp,75,48.0,47.0,50.0,46.0,50.0
2015-01,MUN,MG|UNAI,glp,14,55.0,55.0,55.0,55.0,55.0
2015-01,MUN,MG|VARGINHA,glp,12,42.0,40.0,42.0,38.0,43.0
2015-01,MUN,MG|VESPASIANO,glp,10,52.0,49.9,54.0,49.0,54.0
2015-01,MUN,MG|VICOSA,glp,2,55.0,55.0,55.0,55.0,55.0
2015-01,MUN,MS|BATAYPORA,glp,2,52.5,50.5,54.5,50.0,55.0
2015-01,MUN,MS|CAMPO GRANDE,glp,414,54.0,50.0,55.0,40.0,56.0
2015-01,MUN,MS|CORUMBA,glp,6,52.5,50.0,55.0,50.0,55.0
2015-01,MUN,MS|COXIM,glp,12,57.0,57.0,58.9,56.0,60.0
2015-01,MUN,MS|DOURADOS,glp,66,55.0,54.0,56.0,50.0,57.0
2015-01,MUN,MS|NOVA ANDRADINA,glp,9,50.0,50.0,52.6,50.0,55.0
2015-01,MUN,MS|PARANAIBA,glp,12,50.0,50.0,50.0,48.0,50.0
2015-01,MUN,MS|PONTA PORA,glp,5,50.0,46.4,50.0,46.0,50.0
2015-01,MUN,MS|TRES LAGOAS,glp,16,48.0,44.0,50.0,40.0,52.0
2015-01,MUN,MT|ALTA FLORESTA,glp,4,59.5,58.3,61.4,58.0,62.0
2015-01,MUN,MT|CACERES,glp,6,50.75,50.0,54.0,50.0,55.0
2015-01,MUN,MT|CUIABA,glp,54,52.0,49.0,57.7,47.0,67.0
2015-01,MUN,MT|RONDONOPOLIS,glp,8,60.0,57.7,60.0,57.0,60.0
2015-01,MUN,MT|SINOP,glp,14,60.0,58.3,61.0,58.0,61.0
2015-01,MUN,MT|SORRISO,glp,6,63.5,60.5,65.0,60.0,65.0
2015-01,MUN,MT|VARZEA GRANDE,glp,15,54.0,52.0,55.0,50.0,55.0
2015-01,MUN,PA|ABAETETUBA,glp,5,44.0,40.8,45.8,40.0,47.0
2015-01,MUN,PA|ALENQUER,glp,4,55.0,53.6,55.0,53.0,55.0
2015-01,MUN,PA|ALTAMIRA,glp,7,55.0,53.8,55.0,52.0,55.0
2015-01,MUN,PA|ANANINDEUA,glp,33,45.0,42.5,45.0,42.0,48.0
2015-01,MUN,PA|BELEM,glp,81,43.0,42.0,45.0,39.0,45.0
2015-01,MUN,PA|BRAGANCA,glp,5,48.0,48.0,50.0,48.0,50.0
2015-01,MUN,PA|BREVES,glp,2,46.5,44.5,48.5,44.0,49.0
2015-01,MUN,PA|CAMETA,glp,6,46.0,45.0,48.0,45.0,48.0
2015-01,MUN,PA|CASTANHAL,glp,8,48.0,43.2,48.0,42.5,48.0
2015-01,MUN,PA|CONCEICAO DO ARAGUAIA,glp,7,53.0,46.8,53.0,45.0,53.0
2015-01,MUN,PA|ITAITUBA,glp,6,55.0,55.0,58.0,55.0,58.0
2015-01,MUN,PA|MARABA,glp,2,50.0,50.0,50.0,50.0,50.0
2015-01,MUN,PA|PARAGOMINAS,glp,5,57.0,54.0,57.0,54.0,57.0
2015-01,MUN,PA|PARAUAPEBAS,glp,5,55.0,46.2,55.6,45.0,56.0
2015-01,MUN,PA|REDENCAO,glp,7,55.0,53.8,55.0,52.0,55.0
2015-01,MUN,PA|SANTAREM,glp,15,47.0,45.8,49.2,45.0,50.0
2015-01,MUN,PA|TUCURUI,glp,5,50.0,50.0,50.0,50.0,50.0
2015-01,MUN,PA|XINGUARA,glp,5,55.0,49.0,55.0,45.0,55.0
2015-01,MUN,PB|BAYEUX,glp,6,37.0,36.0,39.0,35.0,40.0
2015-01,MUN,PB|CABEDELO,glp,8,37.0,35.0,42.3,35.0,43.0
2015-01,MUN,PB|CAMPINA GRANDE,glp,36,45.0,44.25,45.0,40.0,45.0
2015-01,MUN,PB|JOAO PESSOA,glp,46,40.0,37.0,40.0,35.0,40.0
2015-01,MUN,PB|MAMANGUAPE,glp,1,40.0,40.0,40.0,40.0,40.0
2015-01,MUN,PB|PATOS,glp,7,45.0,45.0,45.0,45.0,45.0
2015-01,MUN,PB|SANTA RITA,glp,4,40.0,38.6,43.5,38.0,45.0
2015-01,MUN,PB|SAPE,glp,3,40.0,40.0,41.6,40.0,42.0
2015-01,MUN,PB|SOUSA,glp,4,38.0,38.0,38.0,38.0,38.0
2015-01,MUN,PE|ABREU E LIMA,glp,7,45.0,44.198,48.8,42.995,50.0
2015-01,MUN,PE|AFOGADOS DA INGAZEIRA,glp,1,43.0,43.0,43.0,43.0,43.0
2015-01,MUN,PE|AGUAS BELAS,glp,1,45.0,45.0,45.0,45.0,45.0
2015-01,MUN,PE|ARARIPINA,glp,3,45.0,42.6,45.0,42.0,45.0
2015-01,MUN,PE|ARCOVERDE,glp,3,45.0,41.0,47.4,40.0,48.0
2015-01,MUN,PE|BELO JARDIM,glp,6,38.5,37.0,40.0,37.0,40.0
2015-01,MUN,PE|BEZERROS,glp,1,40.0,40.0,40.0,40.0,40.0
2015-01,MUN,PE|BOM CONSELHO,glp,5,42.0,40.8,46.8,40.0,50.0
2015-01,MUN,PE|CABO DE SANTO AGOSTINHO,glp,14,45.0,40.6,45.35,40.0,50.0
2015-01,MUN,PE|CACHOEIRINHA,glp,1,35.0,35.0,35.0,35.0,35.0
2015-01,MUN,PE|CAMARAGIBE,glp,13,42.5,40.3,45.0,38.99,45.5
2015-01,MUN,PE|CARUARU,glp,18,35.0,35.0,39.0,34.995,40.0
2015-01,MUN,PE|GARANHUNS,glp,6,45.0,45.0,47.5,45.0,50.0
2015-01,MUN,PE|GOIANA,glp,3,35.0,35.0,37.4,35.0,38.0
2015-01,MUN,PE|GRAVATA,glp,6,35.0,34.25,36.5,34.0,38.0
2015-01,MUN,PE|IGARASSU,glp,16,45.0,41.748,48.25,41.0,50.0
2015-01,MUN,PE|JABOATAO DOS GUARARAPES,glp,58,41.995,39.0,45.0,38.0,47.5
2015-01,MUN,PE|LAJEDO,glp,6,38.5,35.0,42.0,35.0,42.0
2015-01,MUN,PE|LIMOEIRO,glp,1,39.0,39.0,39.0,39.0,39.0
2015-01,MUN,PE|OLINDA,glp,46,40.0,39.99,45.0,38.0,45.0
2015-01,MUN,PE|PAULISTA,glp,15,45.0,40.0,48.0,38.0,50.0
2015-01,MUN,PE|PETROLINA,glp,14,45.0,45.0,45.0,45.0,45.0
2015-01,MUN,PE|RECIFE,glp,96,42.0,40.0,45.0,38.0,50.0
2015-01,MUN,PE|SALGUEIRO,glp,2,46.0,42.8,49.2,42.0,50.0
2015-01,MUN,PE|SANTA CRUZ DO CAPIBARIBE,glp,4,37.5,35.0,40.0,35.0,40.0
2015-01,MUN,PE|SAO BENTO DO UNA,glp,3,38.0,38.0,38.08,38.0,38.1
2015-01,MUN,PE|SAO LOURENCO DA MATA,glp,22,42.5,40.0,45.0,39.99,48.0
2015-01,MUN,PE|SERRA TALHADA,glp,3,50.0,46.0,50.0,45.0,50.0
2015-01,MUN,PE|VITORIA DE SANTO ANTAO,glp,12,39.0,35.0,45.0,35.0,45.0
2015-01,MUN,PI|BARRAS,glp,2,50.0,50.0,50.0,50.0,50.0
2015-01,MUN,PI|CAMPO MAIOR,glp,4,49.0,48.0,50.0,48.0,50.0
2015-01,MUN,PI|OEIRAS,glp,2,48.0,48.0,48.0,48.0,48.0
2015-01,MUN,PI|PARNAIBA,glp,3,45.0,45.0,45.4,45.0,45.5
2015-01,MUN,PI|PICOS,glp,3,48.0,48.0,48.0,48.0,48.0
2015-01,MUN,PI|PIRIPIRI,glp,4,50.0,50.0,50.0,50.0,50.0
2015-01,MUN,PI|TERESINA,glp,57,43.0,43.0,45.0,43.0,45.0
2015-01,MUN,PR|ALMIRANTE TAMANDARE,glp,9,39.0,39.0,42.0,39.0,42.0
2015-01,MUN,PR|APUCARANA,glp,18,50.0,39.85,50.0,39.0,50.0
2015-01,MUN,PR|ARAPONGAS,glp,18,50.0,45.0,50.0,43.0,50.0
2015-01,MUN,PR|ARAUCARIA,glp,13,42.0,40.0,45.0,40.0,48.5
2015-01,MUN,PR|ASSIS CHATEAUBRIAND,glp,3,38.0,37.12,38.0,36.9,38.0
2015-01,MUN,PR|CAMBE,glp,25,45.0,40.8,50.0,40.0,53.0
2015-01,MUN,PR|CAMPO LARGO,glp,18,40.25,39.4,42.65,36.9,43.0
2015-01,MUN,PR|CAMPO MOURAO,glp,12,50.0,50.0,50.0,50.0,50.0
2015-01,MUN,PR|CASCAVEL,glp,62,49.5,49.0,50.0,48.0,50.5
2015-01,MUN,PR|CASTRO,glp,9,47.0,44.0,47.69,44.0,48.45
2015-01,MUN,PR|CIANORTE,glp,14,50.0,45.0,53.5,43.0,55.0
2015-01,MUN,PR|COLOMBO,glp,24,41.5,40.0,43.35,39.0,46.0
2015-01,MUN,PR|CORNELIO PROCOPIO,glp,6,46.5,45.0,48.0,45.0,48.0
2015-01,MUN,PR|CURITIBA,glp,114,39.0,38.0,41.0,37.0,44.0
2015-01,MUN,PR|FOZ DO IGUACU,glp,34,37.45,35.0,42.0,34.0,50.0
2015-01,MUN,PR|FRANCISCO BELTRAO,glp,7,40.0,39.2,40.2,38.0,40.5
2015-01,MUN,PR|GUAIRA,glp,1,42.9,42.9,42.9,42.9,42.9
2015-01,MUN,PR|GUARAPUAVA,glp,13,44.0,41.0,45.0,40.0,45.0
2015-01,MUN,PR|LARANJEIRAS DO SUL,glp,8,42.0,38.0,42.3,38.0,43.0
2015-01,MUN,PR|LONDRINA,glp,104,50.0,45.0,53.0,42.0,55.0
2015-01,MUN,PR|MARECHAL CANDIDO RONDON,glp,7,50.0,46.8,50.0,45.0,50.0
2015-01,MUN,PR|MARINGA,glp,36,52.5,47.0,55.0,46.0,58.0
2015-01,MUN,PR|PARANAGUA,glp,24,40.0,38.6,42.0,35.0,45.0
2015-01,MUN,PR|PARANAVAI,glp,11,50.0,48.0,58.0,48.0,58.0
2015-01,MUN,PR|PATO BRANCO,glp,11,48.0,47.9,48.0,47.9,48.0
2015-01,MUN,PR|PINHAIS,glp,16,41.5,40.0,43.25,40.0,43.5
2015-01,MUN,PR|PONTA GROSSA,glp,27,39.0,39.0,41.0,38.0,43.0
2015-01,MUN,PR|SANTO ANTONIO DA PLATINA,glp,14,46.0,44.0,46.0,44.0,47.0
2015-01,MUN,PR|SAO JOSE DOS PINHAIS,glp,17,40.0,36.14,43.4,35.0,44.0
2015-01,MUN,PR|TERRA BOA,glp,1,55.0,55.0,55.0,55.0,55.0
2015-01,MUN,PR|TOLEDO,glp,16,42.0,38.0,44.0,35.0,45.0
2015-01,MUN,PR|UMUARAMA,glp,14,50.0,50.0,50.0,48.0,50.0
2015-01,MUN,PR|UNIAO DA VITORIA,glp,3,48.0,48.0,48.8,48.0,49.0
2015-01,MUN,RJ|ANGRA DOS REIS,glp,3,45.0,43.4,45.0,43.0,45.0
2015-01,MUN,RJ|ARARUAMA,glp,5,45.0,43.796,49.8,43.0,53.0
2015-01,MUN,RJ|ARMACAO DOS BUZIOS,glp,1,46.9,46.9,46.9,46.9,46.9
2015-01,MUN,RJ|BARRA DO PIRAI,glp,3,39.0,38.2,47.8,38.0,50.0
2015-01,MUN,RJ|BARRA MANSA,glp,14,45.0,41.45,48.0,40.0,53.0
2015-01,MUN,RJ|BELFORD ROXO,glp,6,48.0,42.495,49.0,37.99,50.0
2015-01,MUN,RJ|CABO FRIO,glp,5,44.0,40.8,47.4,40.0,49.0
2015-01,MUN,RJ|CAMPOS DOS GOYTACAZES,glp,20,55.0,52.25,55.0,50.0,55.0
2015-01,MUN,RJ|DUQUE DE CAXIAS,glp,51,45.0,42.0,48.0,40.0,49.0
2015-01,MUN,RJ|ITABORAI,glp,4,40.0,37.9,40.0,37.0,40.0
2015-01,MUN,RJ|ITAGUAI,glp,3,39.9,38.3,41.5,37.9,41.9
2015-01,MUN,RJ|ITAPERUNA,glp,3,45.0,42.6,45.0,42.0,45.0
2015-01,MUN,RJ|MACAE,glp,3,48.0,41.6,49.6,40.0,50.0
2015-01,MUN,RJ|MAGE,glp,3,39.5,35.9,39.9,35.0,40.0
2015-01,MUN,RJ|MANGARATIBA,glp,1,39.9,39.9,39.9,39.9,39.9
2015-01,MUN,RJ|MARICA,glp,3,40.0,40.0,40.0,40.0,40.0
2015-01,MUN,RJ|NILOPOLIS,glp,4,46.0,46.0,47.4,46.0,48.0
2015-01,MUN,RJ|NITEROI,glp,14,48.0,45.3,48.0,44.0,48.0
2015-01,MUN,RJ|NOVA FRIBURGO,glp,5,46.5,42.0,50.0,40.0,50.0
2015-01,MUN,RJ|NOVA IGUACU,glp,21,48.0,42.0,50.0,39.99,51.0
2015-01,MUN,RJ|PARAIBA DO SUL,glp,3,40.0,37.6,44.0,37.0,45.0
2015-01,MUN,RJ|PARATY,glp,1,40.0,40.0,40.0,40.0,40.0
2015-01,MUN,RJ|PETROPOLIS,glp,7,49.9,47.4,51.052,45.0,51.28
2015-01,MUN,RJ|RESENDE,glp,6,44.0,42.0,45.5,42.0,46.0
2015-01,MUN,RJ|RIO BONITO,glp,4,42.0,42.0,42.0,42.0,42.0
2015-01,MUN,RJ|RIO DAS OSTRAS,glp,1,48.0,48.0,48.0,48.0,48.0
2015-01,MUN,RJ|RIO DE JANEIRO,glp,80,40.0,34.981,48.0,30.945,51.5
2015-01,MUN,RJ|SANTO ANTONIO DE PADUA,glp,2,36.0,36.0,36.0,36.0,36.0
2015-01,MUN,RJ|SAO FRANCISCO DE ITABAPOANA,glp,2,51.5,48.7,54.3,48.0,55.0
2015-01,MUN,RJ|SAO GONCALO,glp,18,45.0,40.0,48.0,40.0,48.0
2015-01,MUN,RJ|SAO JOAO DE MERITI,glp,7,45.0,38.0,50.4,35.0,51.0
2015-01,MUN,RJ|SAPUCAIA,glp,2,48.0,48.0,48.0,48.0,48.0
2015-01,MUN,RJ|SAQUAREMA,glp,4,41.5,38.9,42.0,38.0,42.0
2015-01,MUN,RJ|TERESOPOLIS,glp,6,44.0,41.5,46.0,40.0,46.0
2015-01,MUN,RJ|TRES RIOS,glp,2,41.5,40.3,42.7,40.0,43.0
2015-01,MUN,RJ|VALENCA,glp,4,46.5,46.0,47.0,46.0,47.0
2015-01,MUN,RJ|VASSOURAS,glp,2,45.0,45.0,45.0,45.0,45.0
2015-01,MUN,RJ|VOLTA REDONDA,glp,8,48.5,43.8,52.0,41.0,52.0
2015-01,MUN,RN|CAICO,glp,5,40.0,39.4,42.4,39.0,44.0
2015-01,MUN,RN|CURRAIS NOVOS,glp,3,47.0,43.0,47.8,42.0,48.0
2015-01,MUN,RN|MOSSORO,glp,4,49.75,49.5,50.35,49.5,50.5
2015-01,MUN,RN|NATAL,glp,37,50.0,49.0,51.0,49.0,51.5
2015-01,MUN,RN|PARNAMIRIM,glp,16,50.0,49.25,51.0,48.0,51.9
2015-01,MUN,RN|SAO JOSE DE MIPIBU,glp,3,44.0,42.4,47.2,42.0,48.0
2015-01,MUN,RN|SERRA DO MEL,glp,1,49.5,49.5,49.5,49.5,49.5
2015-01,MUN,RO|ARIQUEMES,glp,5,52.0,49.6,55.0,48.0,55.0
2015-01,MUN,RO|CACOAL,glp,4,52.0,52.0,52.0,52.0,52.0
2015-01,MUN,RO|GUAJARA-MIRIM,glp,6,55.0,50.0,55.0,50.0,55.0
2015-01,MUN,RO|JI-PARANA,glp,11,49.5,49.5,53.0,49.5,55.0
2015-01,MUN,RO|PIMENTA BUENO,glp,4,53.5,53.0,54.0,53.0,54.0
2015-01,MUN,RO|PORTO VELHO,glp,74,45.0,45.0,48.0,43.0,50.0
2015-01,MUN,RO|SAO MIGUEL DO GUAPORE,glp,2,55.75,55.15,56.35,55.0,56.5
2015-01,MUN,RO|VILHENA,glp,8,55.5,54.0,57.0,54.0,57.0
2015-01,MUN,RR|BOA VISTA,glp,31,52.0,50.0,53.0,50.0,53.5
2015-01,MUN,RR|CANTA,glp,2,51.5,48.7,54.3,48.0,55.0
2015-01,MUN,RR|CARACARAI,glp,2,52.0,51.2,52.8,51.0,53.0
2015-01,MUN,RR|RORAINOPOLIS,glp,2,48.5,45.7,51.3,45.0,52.0
2015-01,MUN,RS|ALEGRETE,glp,11,38.0,37.0,39.0,37.0,39.0
2015-01,MUN,RS|ALVORADA,glp,14,45.5,42.3,48.0,42.0,48.0
2015-01,MUN,RS|BAGE,glp,28,43.0,42.0,45.0,40.0,46.0
2015-01,MUN,RS|BENTO GONCALVES,glp,11,49.0,45.0,49.0,40.0,52.0
2015-01,MUN,RS|CACAPAVA DO SUL,glp,11,45.0,45.0,46.0,43.0,46.0
2015-01,MUN,RS|CACHOEIRA DO SUL,glp,15,40.0,38.8,45.0,38.0,48.0
2015-01,MUN,RS|CACHOEIRINHA,glp,11,45.0,44.0,47.0,43.0,53.0
2015-01,MUN,RS|CANOAS,glp,27,43.0,40.0,46.4,37.0,47.0
2015-01,MUN,RS|CAXIAS DO SUL,glp,58,45.0,42.0,47.0,40.0,49.0
2015-01,MUN,RS|CHUI,glp,3,35.0,35.0,35.8,35.0,36.0
2015-01,MUN,RS|CRUZ ALTA,glp,7,36.0,34.0,38.8,34.0,40.0
2015-01,MUN,RS|ERECHIM,glp,19,47.0,46.0,49.0,44.0,50.0
2015-01,MUN,RS|ESTEIO,glp,11,46.0,45.0,48.0,45.0,48.0
2015-01,MUN,RS|GRAMADO,glp,8,46.0,44.7,48.6,44.0,50.0
2015-01,MUN,RS|GRAVATAI,glp,30,42.0,40.0,46.1,40.0,50.0
2015-01,MUN,RS|GUAIBA,glp,14,43.75,42.3,47.0,40.0,47.0
2015-01,MUN,RS|GUARANI DAS MISSOES,glp,1,40.0,40.0,40.0,40.0,40.0
2015-01,MUN,RS|IJUI,glp,14,43.0,42.3,47.0,41.0,48.0
2015-01,MUN,RS|JAGUARAO,glp,9,35.0,33.6,36.0,32.0,36.0
2015-01,MUN,RS|LAJEADO,glp,10,45.0,42.7,48.0,40.0,48.0
2015-01,MUN,RS|NOVO HAMBURGO,glp,23,42.0,40.0,44.0,38.0,45.0
2015-01,MUN,RS|OSORIO,glp,8,49.0,47.1,50.0,45.0,50.0
2015-01,MUN,RS|PALMEIRA DAS MISSOES,glp,6,45.0,45.0,47.5,45.0,48.0
2015-01,MUN,RS|PASSO FUNDO,glp,41,40.0,38.0,45.0,38.0,48.0
2015-01,MUN,RS|PELOTAS,glp,43,44.0,40.0,45.0,38.0,48.0
2015-01,MUN,RS|PORTAO,glp,1,42.0,42.0,42.0,42.0,42.0
2015-01,MUN,RS|PORTO ALEGRE,glp,56,45.0,42.0,48.75,40.0,50.0
2015-01,MUN,RS|RIO GRANDE,glp,32,40.0,38.0,40.9,37.0,43.0
2015-01,MUN,RS|SANTA CRUZ DO SUL,glp,19,43.0,41.6,47.0,40.0,48.0
2015-01,MUN,RS|SANTA MARIA,glp,88,42.5,40.0,45.0,39.0,49.0
2015-01,MUN,RS|SANTA ROSA,glp,6,41.0,40.0,44.0,40.0,45.0
2015-01,MUN,RS|SANTA VITORIA DO PALMAR,glp,8,39.0,36.4,40.6,35.0,42.0
2015-01,MUN,RS|SANTANA DO LIVRAMENTO,glp,14,45.0,44.3,45.0,44.0,45.0
2015-01,MUN,RS|SANTO ANGELO,glp,14,44.0,40.0,46.7,40.0,47.0
2015-01,MUN,RS|SAO BORJA,glp,5,48.0,48.0,48.0,48.0,48.0
2015-01,MUN,RS|SAO GABRIEL,glp,16,49.0,45.0,50.0,32.9,50.0
2015-01,MUN,RS|SAO LEOPOLDO,glp,19,43.0,39.8,46.0,38.0,46.0
2015-01,MUN,RS|SAO LUIZ GONZAGA,glp,5,40.0,40.0,42.54,40.0,42.9
2015-01,MUN,RS|SAPIRANGA,glp,12,45.0,43.2,47.0,43.0,47.0
2015-01,MUN,RS|SAPUCAIA DO SUL,glp,23,46.0,43.2,48.0,42.0,49.0
2015-01,MUN,RS|TORRES,glp,5,45.0,40.0,47.9,40.0,49.5
2015-01,MUN,RS|TRAMANDAI,glp,11,48.0,42.0,50.0,42.0,50.0
2015-01,MUN,RS|URUGUAIANA,glp,15,52.0,48.0,52.0,46.0,52.0
2015-01,MUN,RS|VACARIA,glp,9,45.0,43.2,46.2,40.0,47.0
2015-01,MUN,RS|VIAMAO,glp,19,47.0,44.8,50.0,42.0,50.0
2015-01,MUN,SC|ARARANGUA,glp,4,42.5,40.0,45.0,40.0,45.0
2015-01,MUN,SC|BALNEARIO CAMBORIU,glp,2,45.0,45.0,45.0,45.0,45.0
2015-01,MUN,SC|BIGUACU,glp,2,47.5,47.1,47.9,47.0,48.0
2015-01,MUN,SC|BLUMENAU,glp,17,48.0,46.8,49.4,44.0,50.0
2015-01,MUN,SC|BRUSQUE,glp,4,48.0,42.4,48.0,40.0,48.0
2015-01,MUN,SC|CACADOR,glp,3,49.0,48.2,49.8,48.0,50.0
2015-01,MUN,SC|CHAPECO,glp,16,46.5,45.0,49.5,45.0,50.0
2015-01,MUN,SC|CONCORDIA,glp,3,45.0,42.6,45.0,42.0,45.0
2015-01,MUN,SC|CRICIUMA,glp,9,43.0,37.8,43.0,37.0,43.0
2015-01,MUN,SC|FLORIANOPOLIS,glp,98,46.0,45.0,48.0,43.0,50.0
2015-01,MUN,SC|GASPAR,glp,1,47.0,47.0,47.0,47.0,47.0
2015-01,MUN,SC|ITAJAI,glp,22,42.0,39.5,43.95,39.0,44.7
2015-01,MUN,SC|JARAGUA DO SUL,glp,6,43.5,43.0,45.0,43.0,45.0
2015-01,MUN,SC|JOINVILLE,glp,28,43.0,41.7,44.0,40.0,47.0
2015-01,MUN,SC|LAGES,glp,6,47.5,44.5,48.0,44.0,48.0
2015-01,MUN,SC|LAGUNA,glp,4,40.0,40.0,43.5,40.0,45.0
2015-01,MUN,SC|MAFRA,glp,4,44.9,44.24,45.0,44.0,45.0
2015-01,MUN,SC|PALHOCA,glp,10,46.5,45.35,48.0,44.0,48.0
2015-01,MUN,SC|SAO JOSE,glp,13,45.0,44.0,47.6,43.0,48.0
2015-01,MUN,SC|SAO MIGUEL DO OESTE,glp,2,42.0,42.0,42.0,42.0,42.0
2015-01,MUN,SC|TUBARAO,glp,5,42.0,39.0,43.2,37.0,44.0
2015-01,MUN,SC|VIDEIRA,glp,3,49.0,47.4,51.4,47.0,52.0
2015-01,MUN,SC|XANXERE,glp,6,49.0,47.5,51.5,47.0,52.0
2015-01,MUN,SE|ARACAJU,glp,46,45.0,38.0,47.0,35.0,47.0
2015-01,MUN,SE|ITABAIANA,glp,4,39.5,39.0,43.5,39.0,45.0
2015-01,MUN,SE|ITABAIANINHA,glp,3,45.0,45.0,45.0,45.0,45.0
2015-01,MUN,SE|LAGARTO,glp,5,45.0,42.4,45.0,42.0,45.0
2015-01,MUN,SE|NOSSA SENHORA DO SOCORRO,glp,7,45.0,42.6,45.0,42.0,45.0
2015-01,MUN,SE|SIMAO DIAS,glp,3,41.0,40.2,41.8,40.0,42.0
2015-01,MUN,SE|TOBIAS BARRETO,glp,4,45.0,45.0,46.4,45.0,47.0
2015-01,MUN,SP|ADAMANTINA,glp,11,45.0,43.0,45.0,43.0,45.0
2015-01,MUN,SP|AMERICANA,glp,20,49.0,45.0,50.0,45.0,50.0
2015-01,MUN,SP|AMPARO,glp,5,46.0,44.8,49.94,44.0,51.9
2015-01,MUN,SP|APIAI,glp,2,47.5,47.1,47.9,47.0,48.0
2015-01,MUN,SP|ARACATUBA,glp,40,42.5,40.0,45.0,39.9,48.0
2015-01,MUN,SP|ARARAQUARA,glp,14,48.0,40.0,50.0,40.0,52.0
2015-01,MUN,SP|ARARAS,glp,6,41.9,41.9,44.35,41.9,45.8
2015-01,MUN,SP|ASSIS,glp,13,42.0,40.0,42.0,36.0,42.0
2015-01,MUN,SP|ATIBAIA,glp,21,42.0,40.0,48.0,38.0,49.0
2015-01,MUN,SP|AVARE,glp,8,41.0,37.1,45.9,35.0,48.0
2015-01,MUN,SP|BARRETOS,glp,13,38.0,36.1,38.0,36.0,38.0
2015-01,MUN,SP|BARUERI,glp,28,42.0,39.998,50.0,38.99,50.0
2015-01,MUN,SP|BAURU,glp,53,48.0,42.0,49.0,38.0,50.0
2015-01,MUN,SP|BEBEDOURO,glp,15,40.0,37.4,43.0,36.5,43.0
2015-01,MUN,SP|BIRIGUI,glp,21,42.0,40.0,45.0,37.0,45.0
2015-01,MUN,SP|BOTUCATU,glp,15,40.0,40.0,40.0,35.0,43.0
2015-01,MUN,SP|BRAGANCA PAULISTA,glp,21,38.0,32.0,42.0,32.0,45.0
2015-01,MUN,SP|CACAPAVA,glp,16,40.0,35.0,45.0,33.0,47.0
2015-01,MUN,SP|CAMPINAS,glp,71,40.0,38.0,46.0,38.0,48.0
2015-01,MUN,SP|CAMPOS DO JORDAO,glp,8,37.5,35.7,40.6,35.0,42.0
2015-01,MUN,SP|CAPAO BONITO,glp,4,45.5,45.0,46.7,45.0,47.0
2015-01,MUN,SP|CARAGUATATUBA,glp,7,41.9,39.2,42.4,38.0,43.0
2015-01,MUN,SP|CARAPICUIBA,glp,25,39.99,37.843,44.998,35.0,45.0
2015-01,MUN,SP|CATANDUVA,glp,17,45.0,39.58,50.0,38.0,52.0
2015-01,MUN,SP|COSMOPOLIS,glp,10,42.5,41.8,45.0,40.0,45.0
2015-01,MUN,SP|COTIA,glp,11,42.0,38.0,45.0,37.99,49.0
2015-01,MUN,SP|CRUZEIRO,glp,17,40.0,35.0,40.0,30.0,40.0
2015-01,MUN,SP|CUBATAO,glp,6,45.0,41.0,48.0,40.0,48.0
2015-01,MUN,SP|DIADEMA,glp,31,42.0,39.99,44.5,37.0,47.0
2015-01,MUN,SP|DRACENA,glp,9,47.0,45.0,48.0,45.0,48.0
2015-01,MUN,SP|EMBU DAS ARTES,glp,5,42.0,40.0,43.14,40.0,43.9
2015-01,MUN,SP|FERNANDOPOLIS,glp,1,40.0,40.0,40.0,40.0,40.0
2015-01,MUN,SP|FERRAZ DE VASCONCELOS,glp,10,40.0,34.8,52.0,33.0,52.0
2015-01,MUN,SP|FRANCA,glp,41,40.0,38.0,41.9,37.99,47.0
2015-01,MUN,SP|FRANCISCO MORATO,glp,12,50.0,43.1,50.0,42.0,50.0
2015-01,MUN,SP|FRANCO DA ROCHA,glp,5,40.0,39.4,45.0,39.0,45.0
2015-01,MUN,SP|GARCA,glp,8,44.0,40.0,45.0,40.0,45.0
2015-01,MUN,SP|GUARATINGUETA,glp,18,38.0,35.0,46.2,30.0,50.0
2015-01,MUN,SP|GUARUJA,glp,10,43.2,36.899,49.0,35.99,49.0
2015-01,MUN,SP|GUARULHOS,glp,54,40.0,35.0,46.55,30.0,50.0
2015-01,MUN,SP|HORTOLANDIA,glp,21,45.0,45.0,50.0,40.0,55.0
2015-01,MUN,SP|IBITINGA,glp,8,42.0,42.0,42.9,42.0,45.0
2015-01,MUN,SP|INDAIATUBA,glp,24,45.0,40.0,49.4,40.0,50.0
2015-01,MUN,SP|ITANHAEM,glp,12,40.0,39.1,44.9,35.0,46.0
2015-01,MUN,SP|ITAPECERICA DA SERRA,glp,6,45.0,44.0,48.5,43.0,50.0
2015-01,MUN,SP|ITAPETININGA,glp,18,40.0,40.0,43.0,37.0,44.0
2015-01,MUN,SP|ITAPEVA,glp,6,43.0,42.0,45.0,42.0,45.0
2015-01,MUN,SP|ITAPEVI,glp,5,39.0,36.596,43.2,35.0,46.0
2015-01,MUN,SP|ITAPIRA,glp,4,40.0,39.3,42.8,39.0,44.0
2015-01,MUN,SP|ITAPOLIS,glp,18,45.0,42.35,45.45,38.0,47.0
2015-01,MUN,SP|ITAQUAQUECETUBA,glp,15,40.0,36.0,43.8,35.0,52.0
2015-01,MUN,SP|ITATIBA,glp,11,43.0,43.0,47.0,42.05,47.9
2015-01,MUN,SP|ITU,glp,11,40.0,38.0,44.0,38.0,46.9
2015-01,MUN,SP|JABOTICABAL,glp,19,43.0,42.8,49.992,42.0,52.0
2015-01,MUN,SP|JACAREI,glp,13,40.0,36.0,45.8,35.0,48.0
2015-01,MUN,SP|JALES,glp,7,40.0,40.0,40.0,40.0,40.0
2015-01,MUN,SP|JANDIRA,glp,13,42.99,38.4,45.0,38.0,49.0
2015-01,MUN,SP|JAU,glp,9,50.0,49.9,50.0,49.5,50.0
2015-01,MUN,SP|JOSE BONIFACIO,glp,14,41.45,40.0,42.686,40.0,43.5
2015-01,MUN,SP|JUNDIAI,glp,16,41.0,40.0,46.0,37.0,46.9
2015-01,MUN,SP|LEME,glp,16,38.0,35.5,45.0,35.0,45.0
2015-01,MUN,SP|LIMEIRA,glp,17,45.0,42.0,48.0,42.0,55.0
2015-01,MUN,SP|LINS,glp,18,36.0,35.0,38.0,35.0,40.0
2015-01,MUN,SP|LORENA,glp,16,36.0,32.0,40.0,30.0,42.0
2015-01,MUN,SP|MARILIA,glp,14,41.25,40.0,42.7,40.0,43.0
2015-01,MUN,SP|MATAO,glp,11,46.0,45.0,48.0,42.0,49.0
2015-01,MUN,SP|MAUA,glp,30,44.0,38.796,47.0,35.0,47.0
2015-01,MUN,SP|MIRASSOL,glp,12,42.0,40.0,42.9,40.0,43.6
2015-01,MUN,SP|MOCOCA,glp,12,42.0,42.0,42.9,42.0,43.0
2015-01,MUN,SP|MOGI DAS CRUZES,glp,35,45.0,38.0,48.0,35.0,52.0
2015-01,MUN,SP|MOGI GUACU,glp,14,45.0,42.0,45.0,37.0,45.0
2015-01,MUN,SP|MOGI MIRIM,glp,8,41.0,40.0,44.1,40.0,49.0
2015-01,MUN,SP|MONTE ALTO,glp,11,42.0,41.0,48.0,40.0,48.0
2015-01,MUN,SP|OLIMPIA,glp,11,34.0,33.0,36.0,32.0,38.0
2015-01,MUN,SP|OSASCO,glp,78,40.0,37.999,45.42,35.0,50.0
2015-01,MUN,SP|OURINHOS,glp,16,42.5,35.0,45.0,35.0,47.0
2015-01,MUN,SP|PARAGUACU PAULISTA,glp,11,46.0,43.0,46.0,40.0,46.0
2015-01,MUN,SP|PAULINIA,glp,18,40.0,35.0,44.0,34.0,44.0
2015-01,MUN,SP|PINDAMONHANGABA,glp,19,38.0,36.98,44.2,36.0,45.0
2015-01,MUN,SP|PIRACICABA,glp,30,50.0,50.0,55.0,40.0,55.0
2015-01,MUN,SP|PIRASSUNUNGA,glp,7,39.0,37.92,43.2,37.8,45.0
2015-01,MUN,SP|POA,glp,8,40.0,39.7,45.3,39.0,46.0
2015-01,MUN,SP|PORTO FERREIRA,glp,7,35.0,33.8,37.2,32.0,39.0
2015-01,MUN,SP|PRAIA GRANDE,glp,20,45.0,39.891,53.0,38.0,55.0
2015-01,MUN,SP|PRESIDENTE PRUDENTE,glp,35,44.0,40.0,48.0,35.0,49.9
2015-01,MUN,SP|PRESIDENTE VENCESLAU,glp,10,39.25,34.9,40.28,34.0,42.8
2015-01,MUN,SP|RIBEIRAO PIRES,glp,11,40.0,37.9,43.0,37.9,43.0
2015-01,MUN,SP|RIBEIRAO PRETO,glp,104,45.0,42.0,48.665,37.0,53.0
2015-01,MUN,SP|RIO CLARO,glp,8,43.0,41.5,43.6,38.0,45.0
2015-01,MUN,SP|SALTO,glp,16,40.0,38.0,44.75,38.0,46.0
2015-01,MUN,SP|SANTA BARBARA D'OESTE,glp,21,45.0,40.0,50.0,40.0,50.0
2015-01,MUN,SP|SANTA CRUZ DO RIO PARDO,glp,14,40.0,38.3,42.0,38.0,43.5
2015-01,MUN,SP|SANTO ANDRE,glp,43,44.0,40.0,49.82,34.99,50.0
2015-01,MUN,SP|SANTOS,glp,30,46.0,41.79,49.05,39.0,51.9
2015-01,MUN,SP|SAO BERNARDO DO CAMPO,glp,45,45.0,40.0,49.0,35.0,53.0
2015-01,MUN,SP|SAO CAETANO DO SUL,glp,5,47.0,47.0,49.196,47.0,50.0
2015-01,MUN,SP|SAO CARLOS,glp,19,45.0,41.9,48.0,40.0,52.0
2015-01,MUN,SP|SAO JOAO DA BOA VISTA,glp,9,35.0,35.0,36.0,35.0,36.0
2015-01,MUN,SP|SAO JOAQUIM DA BARRA,glp,10,40.0,38.0,42.0,38.0,42.0
2015-01,MUN,SP|SAO JOSE DO RIO PRETO,glp,95,42.0,40.0,45.0,40.0,46.0
2015-01,MUN,SP|SAO JOSE DOS CAMPOS,glp,62,42.0,38.0,45.0,35.0,48.0
2015-01,MUN,SP|SAO PAULO,glp,225,41.0,38.0,48.6,34.99,53.0
2015-01,MUN,SP|SAO ROQUE,glp,7,41.0,38.296,43.6,37.99,46.0
2015-01,MUN,SP|SAO VICENTE,glp,39,44.0,38.798,46.18,35.0,49.0
2015-01,MUN,SP|SERTAOZINHO,glp,16,40.5,37.5,44.0,32.0,44.0
2015-01,MUN,SP|SOROCABA,glp,28,42.75,40.0,50.0,39.9,53.0
2015-01,MUN,SP|SUMARE,glp,22,45.0,42.0,49.8,38.0,50.0
2015-01,MUN,SP|SUZANO,glp,20,42.0,38.891,46.0,35.0,46.0
2015-01,MUN,SP|TABOAO DA SERRA,glp,6,43.95,39.0,46.5,38.0,47.0
2015-01,MUN,SP|TATUI,glp,10,43.5,40.0,45.0,40.0,45.0
2015-01,MUN,SP|TAUBATE,glp,38,40.0,35.0,42.0,32.0,44.0
2015-01,MUN,SP|TUPA,glp,9,45.0,45.0,45.0,45.0,45.0
2015-01,MUN,SP|UBATUBA,glp,11,38.0,34.0,40.0,34.0,45.0
2015-01,MUN,SP|VALINHOS,glp,10,45.0,43.0,46.0,43.0,46.0
2015-01,MUN,SP|VARZEA PAULISTA,glp,11,40.0,35.0,40.0,33.0,42.0
2015-01,MUN,SP|VINHEDO,glp,6,45.5,43.5,46.25,43.0,46.5
2015-01,MUN,SP|VOTORANTIM,glp,17,45.0,41.2,46.0,40.0,48.0
2015-01,MUN,SP|VOTUPORANGA,glp,17,41.0,38.0,43.0,38.0,45.0
2015-01,MUN,TO|ARAGUAINA,glp,13,55.0,47.3,60.0,44.0,60.0
2015-01,MUN,TO|DIANOPOLIS,glp,5,47.0,45.4,49.2,45.0,50.0
2015-01,MUN,TO|GURUPI,glp,36,48.0,45.0,53.0,45.0,55.0
2015-01,MUN,TO|PALMAS,glp,26,58.0,56.5,58.0,47.0,58.0
2015-01,MUN,TO|PARAISO DO TOCANTINS,glp,14,47.0,45.0,47.85,45.0,48.0
2015-01,MUN,TO|PORTO NACIONAL,glp,5,45.0,43.0,46.8,43.0,48.0
2015-01,UF,AC,glp,85,50.0,48.0,55.0,47.0,60.0
2015-01,UF,AL,glp,92,50.0,39.0,50.0,35.0,50.0
2015-01,UF,AM,glp,187,46.0,43.0,49.0,41.0,51.0
2015-01,UF,AP,glp,24,55.0,48.6,59.0,45.0,69.0
2015-01,UF,BA,glp,525,42.0,35.0,45.0,30.0,50.0
2015-01,UF,CE,glp,265,50.0,44.0,52.0,39.0,52.5
2015-01,UF,DF,glp,121,45.0,44.0,45.0,42.0,48.0
2015-01,UF,ES,glp,286,45.0,41.5,46.0,36.0,52.0
2015-01,UF,GO,glp,538,42.0,41.0,45.5,40.0,55.0
2015-01,UF,MA,glp,171,45.0,40.0,55.0,34.9,58.0
2015-01,UF,MG,glp,1035,49.0,42.0,53.0,36.0,60.0
2015-01,UF,MS,glp,542,54.0,50.0,55.0,40.0,60.0
2015-01,UF,MT,glp,107,55.0,49.0,60.0,47.0,67.0
2015-01,UF,PA,glp,208,45.0,42.0,55.0,39.0,58.0
2015-01,UF,PB,glp,115,40.0,37.0,45.0,35.0,45.0
2015-01,UF,PE,glp,386,42.0,38.0,45.0,34.0,50.0
2015-01,UF,PI,glp,75,43.0,43.0,49.2,43.0,50.0
2015-01,UF,PR,glp,709,44.0,39.0,50.6,34.0,58.0
2015-01,UF,RJ,glp,331,45.0,37.99,50.0,30.945,55.0
2015-01,UF,RN,glp,69,50.0,44.0,51.0,39.0,51.9
2015-01,UF,RO,glp,114,47.0,45.0,55.0,43.0,57.0
2015-01,UF,RR,glp,37,52.0,50.0,53.0,45.0,55.0
2015-01,UF,RS,glp,810,44.0,40.0,48.0,32.0,53.0
2015-01,UF,SC,glp,268,45.0,42.0,48.0,37.0,52.0
2015-01,UF,SE,glp,72,45.0,38.1,47.0,35.0,47.0
2015-01,UF,SP,glp,2420,42.0,38.0,48.0,30.0,55.0
2015-01,UF,TO,glp,99,50.0,45.0,58.0,43.0,60.0
2015-02,BR,BR,glp,9678,45.0,39.0,53.0,30.0,69.0
2015-02,MUN,AC|CRUZEIRO DO SUL,glp,5,60.0,60.0,60.0,60.0,60.0
2015-02,MUN,AC|RIO BRANCO,glp,65,50.5,49.0,52.8,47.0,55.0
2015-02,MUN,AC|SENA MADUREIRA,glp,4,52.5,50.0,56.4,50.0,57.0
2015-02,MUN,AC|SENADOR GUIOMARD,glp,4,50.5,50.0,51.0,50.0,51.0
2015-02,MUN,AC|TARAUACA,glp,2,55.085,55.017,55.153,55.0,55.17
2015-02,MUN,AC|XAPURI,glp,2,56.0,55.2,56.8,55.0,57.0
2015-02,MUN,AL|ARAPIRACA,glp,8,42.0,40.0,42.9,40.0,45.0
2015-02,MUN,AL|ATALAIA,glp,1,39.0,39.0,39.0,39.0,39.0
2015-02,MUN,AL|DELMIRO GOUVEIA,glp,4,43.5,39.2,45.0,38.0,45.0
2015-02,MUN,AL|MACEIO,glp,55,50.0,50.0,50.0,50.0,50.0
2015-02,MUN,AL|MARECHAL DEODORO,glp,2,47.5,45.5,49.5,45.0,50.0
2015-02,MUN,AL|PALMEIRA DOS INDIOS,glp,6,37.0,37.0,45.0,37.0,45.0
2015-02,MUN,AL|RIO LARGO,glp,8,40.0,38.7,43.0,38.0,50.0
2015-02,MUN,AL|SANTANA DO IPANEMA,glp,7,42.0,35.0,42.0,35.0,42.0
2015-02,MUN,AM|HUMAITA,glp,3,50.0,50.0,50.0,50.0,50.0
2015-02,MUN,AM|ITACOATIARA,glp,11,50.0,48.0,50.0,48.0,55.0
2015-02,MUN,AM|MANACAPURU,glp,3,49.0,45.0,49.8,44.0,50.0
2015-02,MUN,AM|MANAUS,glp,167,46.0,43.42,48.5,40.0,52.0
2015-02,MUN,AM|PARINTINS,glp,1,46.0,46.0,46.0,46.0,46.0
2015-02,MUN,AM|PRESIDENTE FIGUEIREDO,glp,2,47.0,47.0,47.0,47.0,47.0
2015-02,MUN,AM|TEFE,glp,2,51.0,51.0,51.0,51.0,51.0
2015-02,MUN,AP|LARANJAL DO JARI,glp,1,54.0,54.0,54.0,54.0,54.0
2015-02,MUN,AP|MACAPA,glp,16,52.5,50.0,59.0,50.0,59.0
2015-02,MUN,AP|OIAPOQUE,glp,1,69.0,69.0,69.0,69.0,69.0
2015-02,MUN,AP|SANTANA,glp,6,55.0,48.0,56.0,48.0,56.0
2015-02,MUN,BA|ALAGOINHAS,glp,5,42.0,39.0,44.2,39.0,45.0
2015-02,MUN,BA|BARRA,glp,5,38.0,37.4,39.0,37.0,39.0
2015-02,MUN,BA|BARRA DO MENDES,glp,1,35.0,35.0,35.0,35.0,35.0
2015-02,MUN,BA|BARREIRAS,glp,10,44.95,42.0,45.0,42.0,45.0
2015-02,MUN,BA|BRUMADO,glp,5,40.0,33.8,40.0,33.0,40.0
2015-02,MUN,BA|CAETITE,glp,6,37.0,36.5,40.0,36.0,40.0
2015-02,MUN,BA|CAMACARI,glp,21,45.0,44.0,48.0,44.0,48.0
2015-02,MUN,BA|CAMPO FORMOSO,glp,2,42.25,41.65,42.85,41.5,43.0
2015-02,MUN,BA|CANDEIAS,glp,7,35.0,35.0,42.8,35.0,44.0
2015-02,MUN,BA|CAPIM GROSSO,glp,1,45.0,45.0,45.0,45.0,45.0
2015-02,MUN,BA|EUNAPOLIS,glp,10,45.0,42.0,46.0,42.0,46.0
2015-02,MUN,BA|FEIRA DE SANTANA,glp,29,40.0,37.8,44.0,35.0,45.0
2015-02,MUN,BA|GUANAMBI,glp,14,35.0,35.0,35.0,35.0,35.0
2015-02,MUN,BA|ILHEUS,glp,5,45.0,43.4,46.964,43.0,47.0
2015-02,MUN,BA|IPIRA,glp,5,40.0,40.0,41.2,40.0,42.0
2015-02,MUN,BA|IRECE,glp,14,35.0,33.6,39.4,32.0,40.0
2015-02,MUN,BA|ITABUNA,glp,8,44.0,41.4,47.3,40.0,48.0
2015-02,MUN,BA|ITAMARAJU,glp,4,40.0,38.6,42.1,38.0,43.0
2015-02,MUN,BA|JACOBINA,glp,6,35.0,33.0,35.0,33.0,35.0
2015-02,MUN,BA|JAGUAQUARA,glp,9,37.0,37.0,37.0,37.0,37.0
2015-02,MUN,BA|JEQUIE,glp,13,34.0,32.0,35.0,32.0,38.0
2015-02,MUN,BA|JUAZEIRO,glp,6,45.0,42.5,45.0,40.0,45.0
2015-02,MUN,BA|LAURO DE FREITAS,glp,28,44.0,40.0,48.0,36.0,49.5
2015-02,MUN,BA|LIVRAMENTO DE NOSSA SENHORA,glp,2,40.0,40.0,40.0,40.0,40.0
2015-02,MUN,BA|PAULO AFONSO,glp,4,40.0,37.2,40.0,36.0,40.0
2015-02,MUN,BA|POCOES,glp,9,35.0,33.8,35.4,33.0,37.0
2015-02,MUN,BA|PORTO SEGURO,glp,8,41.0,39.4,45.8,38.0,50.0
2015-02,MUN,BA|RUY BARBOSA,glp,4,45.0,43.6,45.0,43.0,45.0
2015-02,MUN,BA|SALVADOR,glp,217,42.0,37.0,46.0,32.0,48.99
2015-02,MUN,BA|SANTANOPOLIS,glp,1,45.0,45.0,45.0,45.0,45.0
2015-02,MUN,BA|SANTO ANTONIO DE JESUS,glp,8,45.0,43.7,45.0,43.0,45.0
2015-02,MUN,BA|SENHOR DO BONFIM,glp,5,40.0,36.2,43.0,35.0,45.0
2015-02,MUN,BA|SERRINHA,glp,7,38.0,33.8,40.0,32.0,40.0
2015-02,MUN,BA|SIMOES FILHO,glp,8,43.0,40.1,45.3,38.0,46.0
2015-02,MUN,BA|TEIXEIRA DE FREITAS,glp,6,40.0,36.0,40.0,35.0,40.0
2015-02,MUN,BA|URANDI,glp,1,35.0,35.0,35.0,35.0,35.0
2015-02,MUN,BA|VALENCA,glp,4,45.0,45.0,45.7,45.0,46.0
2015-02,MUN,BA|VITORIA DA CONQUISTA,glp,14,37.0,36.65,38.0,36.0,38.0
2015-02,MUN,CE|BEBERIBE,glp,1,50.0,50.0,50.0,50.0,50.0
2015-02,MUN,CE|CANINDE,glp,5,42.0,42.0,44.0,42.0,44.0
2015-02,MUN,CE|CAUCAIA,glp,24,52.0,52.0,53.0,51.0,53.0
2015-02,MUN,CE|CRATEUS,glp,5,44.0,41.4,45.0,41.0,45.0
2015-02,MUN,CE|CRATO,glp,14,49.0,48.0,51.0,46.5,52.0
2015-02,MUN,CE|FORTALEZA,glp,152,52.0,51.91,53.0,50.0,55.0
2015-02,MUN,CE|ICO,glp,5,48.0,47.4,49.6,47.0,50.0
2015-02,MUN,CE|IGUATU,glp,6,47.0,45.5,48.0,45.0,48.0
2015-02,MUN,CE|IPU,glp,2,51.0,50.2,51.8,50.0,52.0
2015-02,MUN,CE|ITAPIPOCA,glp,7,50.0,48.6,52.0,48.0,52.0
2015-02,MUN,CE|JUAZEIRO DO NORTE,glp,11,46.0,43.0,50.0,42.0,50.0
2015-02,MUN,CE|LIMOEIRO DO NORTE,glp,4,50.0,50.0,51.4,50.0,52.0
2015-02,MUN,CE|MARACANAU,glp,14,55.0,53.3,55.0,53.0,55.0
2015-02,MUN,CE|MORADA NOVA,glp,5,48.0,43.6,49.6,42.0,50.0
2015-02,MUN,CE|PEDRA BRANCA,glp,3,48.0,46.4,49.6,46.0,50.0
2015-02,MUN,CE|QUIXADA,glp,8,50.0,49.4,52.0,48.0,52.0
2015-02,MUN,CE|SAO GONCALO DO AMARANTE,glp,1,45.0,45.0,45.0,45.0,45.0
2015-02,MUN,CE|SOBRAL,glp,7,43.0,41.2,45.0,40.0,45.0
2015-02,MUN,DF|BRASILIA,glp,145,45.0,44.0,45.0,42.0,48.0
2015-02,MUN,ES|ARACRUZ,glp,7,42.0,39.2,42.6,38.0,43.5
2015-02,MUN,ES|BARRA DE SAO FRANCISCO,glp,3,42.0,42.0,44.4,42.0,45.0
2015-02,MUN,ES|CACHOEIRO DE ITAPEMIRIM,glp,14,40.0,40.0,45.0,39.95,52.0
2015-02,MUN,ES|CARIACICA,glp,49,45.0,43.0,45.0,42.0,46.0
2015-02,MUN,ES|CASTELO,glp,3,40.0,36.0,40.8,35.0,41.0
2015-02,MUN,ES|COLATINA,glp,8,40.0,37.4,42.9,36.0,45.0
2015-02,MUN,ES|GUARAPARI,glp,22,46.0,45.0,47.0,44.0,47.0
2015-02,MUN,ES|ITAPEMIRIM,glp,1,38.0,38.0,38.0,38.0,38.0
2015-02,MUN,ES|JAGUARE,glp,4,45.0,45.0,47.66,45.0,48.8
2015-02,MUN,ES|LINHARES,glp,11,47.0,45.0,48.0,43.0,48.0
2015-02,MUN,ES|MARATAIZES,glp,1,40.0,40.0,40.0,40.0,40.0
2015-02,MUN,ES|NOVA VENECIA,glp,3,38.0,38.0,38.0,38.0,38.0
2015-02,MUN,ES|SAO MATEUS,glp,10,45.75,44.5,47.1,40.0,48.0
2015-02,MUN,ES|SERRA,glp,76,45.0,43.0,45.0,42.0,46.0
2015-02,MUN,ES|VILA VELHA,glp,35,45.0,42.7,46.0,42.0,48.0
2015-02,MUN,ES|VITORIA,glp,24,45.0,45.0,46.0,44.0,47.0
2015-02,MUN,GO|AGUAS LINDAS DE GOIAS,glp,16,42.0,41.0,44.0,40.0,44.0
2015-02,MUN,GO|ANAPOLIS,glp,68,42.0,40.7,43.0,40.0,43.0
2015-02,MUN,GO|APARECIDA DE GOIANIA,glp,32,41.0,40.0,42.0,40.0,42.0
2015-02,MUN,GO|CALDAS NOVAS,glp,25,43.0,42.0,46.0,42.0,47.0
2015-02,MUN,GO|CATALAO,glp,14,43.0,42.0,45.0,42.0,45.0
2015-02,MUN,GO|CIDADE OCIDENTAL,glp,1,42.0,42.0,42.0,42.0,42.0
2015-02,MUN,GO|FORMOSA,glp,18,43.0,42.0,45.0,42.0,45.0
2015-02,MUN,GO|GOIANIA,glp,122,42.0,40.0,43.0,40.0,45.0
2015-02,MUN,GO|GOIANIRA,glp,1,42.0,42.0,42.0,42.0,42.0
2015-02,MUN,GO|GOIATUBA,glp,12,40.5,40.0,42.9,40.0,43.0
2015-02,MUN,GO|ITUMBIARA,glp,20,47.0,45.9,48.0,42.0,48.0
2015-02,MUN,GO|JATAI,glp,19,45.0,44.0,53.0,44.0,55.0
2015-02,MUN,GO|LUZIANIA,glp,42,44.0,42.0,45.0,42.0,45.0
2015-02,MUN,GO|MINEIROS,glp,17,48.0,44.6,50.0,44.0,52.0
2015-02,MUN,GO|MORRINHOS,glp,18,42.75,42.0,43.0,41.0,45.0
2015-02,MUN,GO|PLANALTINA,glp,29,48.0,45.0,50.0,44.0,50.0
2015-02,MUN,GO|PONTALINA,glp,1,40.0,40.0,40.0,40.0,40.0
2015-02,MUN,GO|PORANGATU,glp,22,44.0,43.0,44.45,42.0,45.0
2015-02,MUN,GO|RIO VERDE,glp,22,44.0,44.0,45.9,43.0,47.0
2015-02,MUN,GO|TRINDADE,glp,34,41.0,40.0,42.0,40.0,42.0
2015-02,MUN,GO|VALPARAISO DE GOIAS,glp,11,45.0,42.0,45.0,42.0,46.0
2015-02,MUN,MA|ACAILANDIA,glp,5,53.0,52.0,54.2,52.0,55.0
2015-02,MUN,MA|BACABAL,glp,3,51.0,50.2,51.8,50.0,52.0
2015-02,MUN,MA|BALSAS,glp,3,58.0,58.0,58.0,58.0,58.0
2015-02,MUN,MA|BARRA DO CORDA,glp,6,47.0,47.0,48.0,47.0,48.0
2015-02,MUN,MA|CAROLINA,glp,3,55.0,55.0,55.0,55.0,55.0
2015-02,MUN,MA|CAXIAS,glp,2,50.0,50.0,50.0,50.0,50.0
2015-02,MUN,MA|CODO,glp,2,49.0,49.0,49.0,49.0,49.0
2015-02,MUN,MA|IMPERATRIZ,glp,37,55.0,55.0,55.0,55.0,55.0
2015-02,MUN,MA|JOAO LISBOA,glp,1,55.0,55.0,55.0,55.0,55.0
2015-02,MUN,MA|PINHEIRO,glp,3,53.0,50.6,53.8,50.0,54.0
2015-02,MUN,MA|PRESIDENTE DUTRA,glp,2,55.0,55.0,55.0,55.0,55.0
2015-02,MUN,MA|SANTA INES,glp,4,52.5,50.6,53.0,50.0,53.0
2015-02,MUN,MA|SAO DOMINGOS DO MARANHAO,glp,2,46.5,45.3,47.7,45.0,48.0
2015-02,MUN,MA|SAO JOAO DOS PATOS,glp,3,55.0,51.0,55.0,50.0,55.0
2015-02,MUN,MA|SAO JOSE DE RIBAMAR,glp,11,40.0,39.99,45.0,37.99,50.0
2015-02,MUN,MA|SAO LUIS,glp,68,40.998,39.997,45.0,34.9,50.0
2015-02,MUN,MA|SAO VICENTE FERRER,glp,1,50.0,50.0,50.0,50.0,50.0
2015-02,MUN,MA|TIMON,glp,4,43.0,43.0,43.7,43.0,44.0
2015-02,MUN,MG|ALFENAS,glp,15,38.0,38.0,45.0,38.0,47.0
2015-02,MUN,MG|ARAGUARI,glp,16,45.0,44.0,47.5,44.0,50.0
2015-02,MUN,MG|ARAXA,glp,4,45.0,45.0,47.8,45.0,49.0
2015-02,MUN,MG|BARBACENA,glp,16,42.0,40.0,46.0,40.0,50.0
2015-02,MUN,MG|BELO HORIZONTE,glp,119,50.0,47.0,54.5,41.0,56.5
2015-02,MUN,MG|BETIM,glp,33,51.0,50.0,53.8,50.0,54.0
2015-02,MUN,MG|BOM DESPACHO,glp,3,50.0,50.0,50.0,50.0,50.0
2015-02,MUN,MG|CAMPO BELO,glp,8,41.5,41.0,44.25,41.0,46.0
2015-02,MUN,MG|CARATINGA,glp,4,42.75,40.15,45.7,40.0,46.0
2015-02,MUN,MG|CATAGUASES,glp,5,45.0,43.2,45.0,42.0,45.0
2015-02,MUN,MG|CONGONHAS,glp,7,47.0,46.2,47.0,45.0,47.0
2015-02,MUN,MG|CONSELHEIRO LAFAIETE,glp,9,45.0,45.0,45.6,45.0,48.0
2015-02,MUN,MG|CONTAGEM,glp,64,51.0,50.0,54.0,47.0,54.0
2015-02,MUN,MG|CORONEL FABRICIANO,glp,7,48.0,48.0,50.8,48.0,55.0
2015-02,MUN,MG|CURVELO,glp,8,47.0,45.0,50.0,45.0,50.0
2015-02,MUN,MG|DIAMANTINA,glp,3,52.0,50.4,52.0,50.0,52.0
2015-02,MUN,MG|DIVINOPOLIS,glp,17,47.0,44.6,49.0,43.0,49.0
2015-02,MUN,MG|FORMIGA,glp,4,44.5,42.0,47.0,42.0,47.0
2015-02,MUN,MG|FRUTAL,glp,4,44.5,41.9,45.7,41.0,46.0
2015-02,MUN,MG|GOVERNADOR VALADARES,glp,20,45.0,43.0,46.0,43.0,48.0
2015-02,MUN,MG|GUAXUPE,glp,9,40.0,38.0,40.0,38.0,40.0
2015-02,MUN,MG|IBIRITE,glp,10,50.5,50.0,51.1,50.0,52.0
2015-02,MUN,MG|IPATINGA,glp,15,45.0,44.4,48.2,42.0,50.0
2015-02,MUN,MG|ITABIRA,glp,5,53.0,52.4,53.0,52.0,53.0
2015-02,MUN,MG|ITAJUBA,glp,13,42.0,40.0,42.0,40.0,43.0
2015-02,MUN,MG|ITAUNA,glp,12,46.5,43.0,50.0,42.0,50.0
2015-02,MUN,MG|ITUIUTABA,glp,20,48.0,44.9,48.1,40.0,50.0
2015-02,MUN,MG|ITURAMA,glp,1,46.5,46.5,46.5,46.5,46.5
2015-02,MUN,MG|JACUI,glp,1,45.0,45.0,45.0,45.0,45.0
2015-02,MUN,MG|JANAUBA,glp,2,44.0,43.2,44.8,43.0,45.0
2015-02,MUN,MG|JANUARIA,glp,6,47.5,46.0,48.0,46.0,48.0
2015-02,MUN,MG|JOAO MONLEVADE,glp,8,45.0,43.0,46.95,43.0,48.0
2015-02,MUN,MG|JOAO PINHEIRO,glp,11,50.0,50.0,50.0,47.0,50.0
2015-02,MUN,MG|JUIZ DE FORA,glp,54,50.0,45.0,55.0,42.0,58.0
2015-02,MUN,MG|LAVRAS,glp,12,40.0,40.0,49.0,40.0,50.0
2015-02,MUN,MG|LEOPOLDINA,glp,5,48.0,47.0,49.2,47.0,50.0
2015-02,MUN,MG|MANHUACU,glp,6,46.0,45.0,47.0,45.0,47.0
2015-02,MUN,MG|MARIANA,glp,5,50.0,46.0,51.2,46.0,52.0
2015-02,MUN,MG|MATIAS BARBOSA,glp,1,45.0,45.0,45.0,45.0,45.0
2015-02,MUN,MG|MONTE CARMELO,glp,11,55.0,53.0,60.0,52.0,60.0
2015-02,MUN,MG|MONTES CLAROS,glp,22,48.0,47.0,48.0,46.0,48.0
2015-02,MUN,MG|MURIAE,glp,5,48.0,48.0,50.6,48.0,51.0
2015-02,MUN,MG|NOVA LIMA,glp,11,51.0,49.0,54.0,49.0,54.0
2015-02,MUN,MG|OLIVEIRA,glp,7,41.0,37.0,45.0,37.0,45.0
2015-02,MUN,MG|OURO PRETO,glp,8,50.0,48.5,50.3,45.0,51.0
2015-02,MUN,MG|PARA DE MINAS,glp,9,47.0,46.8,49.3,46.0,49.5
2015-02,MUN,MG|PARACATU,glp,5,50.0,47.0,53.6,45.0,55.0
2015-02,MUN,MG|PASSOS,glp,15,48.0,45.0,48.0,45.0,50.0
2015-02,MUN,MG|PATOS DE MINAS,glp,17,50.0,48.0,50.0,45.0,50.0
2015-02,MUN,MG|PATROCINIO,glp,10,45.5,44.9,48.2,44.0,50.0
2015-02,MUN,MG|POCOS DE CALDAS,glp,17,44.0,42.0,44.0,42.0,44.1
2015-02,MUN,MG|PONTE NOVA,glp,1,43.0,43.0,43.0,43.0,43.0
2015-02,MUN,MG|POUSO ALEGRE,glp,16,42.0,40.0,43.0,36.0,45.0
2015-02,MUN,MG|RIBEIRAO DAS NEVES,glp,16,51.5,51.0,54.0,49.0,54.0
2015-02,MUN,MG|SABARA,glp,14,52.0,51.0,54.0,50.0,54.0
2015-02,MUN,MG|SANTA LUZIA,glp,15,52.0,50.0,54.0,50.0,55.0
2015-02,MUN,MG|SANTOS DUMONT,glp,5,43.0,43.0,44.2,43.0,45.0
2015-02,MUN,MG|SAO GONCALO DO RIO ABAIXO,glp,1,45.0,45.0,45.0,45.0,45.0
2015-02,MUN,MG|SAO JOAO DEL REI,glp,15,48.0,45.8,51.2,45.0,52.0
2015-02,MUN,MG|SAO LOURENCO,glp,3,40.0,39.2,40.8,39.0,41.0
2015-02,MUN,MG|SAO SEBASTIAO DO PARAISO,glp,12,50.0,48.0,50.0,48.0,50.0
2015-02,MUN,MG|SETE LAGOAS,glp,21,50.5,49.0,53.0,48.0,53.0
2015-02,MUN,MG|TEOFILO OTONI,glp,20,48.0,48.0,49.0,47.0,51.0
2015-02,MUN,MG|TIMOTEO,glp,4,47.0,46.3,49.1,46.0,50.0
2015-02,MUN,MG|TRES CORACOES,glp,8,42.0,40.0,45.0,40.0,45.0
2015-02,MUN,MG|UBA,glp,7,55.0,49.6,55.0,49.0,55.0
2015-02,MUN,MG|UBERABA,glp,39,50.0,50.0,50.0,45.0,50.0
2015-02,MUN,MG|UBERLANDIA,glp,75,48.0,47.0,50.0,46.0,50.0
2015-02,MUN,MG|UNAI,glp,14,55.0,55.0,55.0,55.0,55.0
2015-02,MUN,MG|VARGINHA,glp,12,42.0,40.0,42.0,38.0,43.0
2015-02,MUN,MG|VESPASIANO,glp,10,52.0,49.9,54.0,49.0,54.0
2015-02,MUN,MG|VICOSA,glp,2,55.0,55.0,55.0,55.0,55.0
2015-02,MUN,MS|BATAYPORA,glp,2,51.5,48.7,54.3,48.0,55.0
2015-02,MUN,MS|CAMPO GRANDE,glp,411,54.0,50.0,55.0,40.0,58.0
2015-02,MUN,MS|CORUMBA,glp,6,41.0,41.0,41.0,41.0,41.0
2015-02,MUN,MS|COXIM,glp,11,57.0,57.0,60.0,56.5,60.0
2015-02,MUN,MS|DOURADOS,glp,66,55.0,54.75,56.0,54.5,58.0
2015-02,MUN,MS|NOVA ANDRADINA,glp,9,50.0,49.6,52.6,48.0,55.0
2015-02,MUN,MS|PARANAIBA,glp,11,50.0,50.0,50.0,48.0,50.0
2015-02,MUN,MS|PONTA PORA,glp,5,50.0,48.4,50.0,48.0,50.0
2015-02,MUN,MS|TRES LAGOAS,glp,18,48.0,42.0,50.0,40.0,52.0
2015-02,MUN,MT|ALTA FLORESTA,glp,4,59.5,58.3,61.4,58.0,62.0
2015-02,MUN,MT|CACERES,glp,7,50.0,47.4,53.8,45.0,55.0
2015-02,MUN,MT|CUIABA,glp,54,52.5,49.0,57.7,47.0,67.0
2015-02,MUN,MT|RONDONOPOLIS,glp,9,60.0,57.8,60.0,57.0,60.0
2015-02,MUN,MT|SINOP,glp,14,60.0,58.3,61.0,58.0,61.0
2015-02,MUN,MT|SORRISO,glp,7,65.0,62.1,65.0,60.0,65.0
2015-02,MUN,MT|VARZEA GRANDE,glp,15,54.0,52.0,55.0,50.0,55.0
2015-02,MUN,PA|ABAETETUBA,glp,5,44.0,40.8,45.8,40.0,47.0
2015-02,MUN,PA|ALENQUER,glp,4,55.0,53.6,55.0,53.0,55.0
2015-02,MUN,PA|ALTAMIRA,glp,7,55.0,53.8,55.0,52.0,55.0
2015-02,MUN,PA|ANANINDEUA,glp,33,50.0,48.0,50.0,48.0,50.0
2015-02,MUN,PA|BELEM,glp,81,43.0,42.0,45.0,39.0,45.0
2015-02,MUN,PA|BRAGANCA,glp,5,48.0,48.0,50.0,48.0,50.0
2015-02,MUN,PA|BREVES,glp,2,46.5,44.5,48.5,44.0,49.0
2015-02,MUN,PA|CAMETA,glp,6,46.0,45.0,47.5,45.0,48.0
2015-02,MUN,PA|CASTANHAL,glp,8,50.0,47.55,50.0,46.5,50.0
2015-02,MUN,PA|CONCEICAO DO ARAGUAIA,glp,7,53.0,46.8,53.8,45.0,55.0
2015-02,MUN,PA|ITAITUBA,glp,6,59.0,55.0,62.0,55.0,62.0
2015-02,MUN,PA|MARABA,glp,2,55.0,55.0,55.0,55.0,55.0
2015-02,MUN,PA|PARAGOMINAS,glp,5,57.0,54.0,57.0,54.0,57.0
2015-02,MUN,PA|PARAUAPEBAS,glp,4,55.0,50.1,55.7,48.0,56.0
2015-02,MUN,PA|REDENCAO,glp,5,55.0,55.0,55.0,55.0,55.0
2015-02,MUN,PA|SANTAREM,glp,15,48.0,47.0,50.0,47.0,50.0
2015-02,MUN,PA|TUCURUI,glp,4,50.0,50.0,50.0,50.0,50.0
2015-02,MUN,PA|XINGUARA,glp,5,55.0,51.2,55.0,50.0,55.0
2015-02,MUN,PB|BAYEUX,glp,6,37.0,36.0,39.0,35.0,40.0
2015-02,MUN,PB|CABEDELO,glp,8,37.5,35.0,42.3,35.0,43.0
2015-02,MUN,PB|CAMPINA GRANDE,glp,36,45.0,42.75,45.0,40.0,45.0
2015-02,MUN,PB|JOAO PESSOA,glp,46,40.0,37.0,40.0,35.0,40.0
2015-02,MUN,PB|MAMANGUAPE,glp,1,40.0,40.0,40.0,40.0,40.0
2015-02,MUN,PB|PATOS,glp,7,45.0,45.0,45.0,45.0,45.0
2015-02,MUN,PB|SANTA RITA,glp,4,40.0,38.6,43.5,38.0,45.0
2015-02,MUN,PB|SAPE,glp,3,40.0,38.4,41.6,38.0,42.0
2015-02,MUN,PB|SOUSA,glp,4,38.0,38.0,38.0,38.0,38.0
2015-02,MUN,PE|ABREU E LIMA,glp,9,45.0,44.4,47.2,42.0,50.0
2015-02,MUN,PE|AFOGADOS DA INGAZEIRA,glp,1,43.0,43.0,43.0,43.0,43.0
2015-02,MUN,PE|AGUAS BELAS,glp,1,45.0,45.0,45.0,45.0,45.0
2015-02,MUN,PE|ARARIPINA,glp,3,45.0,42.6,45.0,42.0,45.0
2015-02,MUN,PE|ARCOVERDE,glp,3,45.0,41.0,47.4,40.0,48.0
2015-02,MUN,PE|BELO JARDIM,glp,6,39.0,38.0,40.0,38.0,40.0
2015-02,MUN,PE|BEZERROS,glp,1,40.0,40.0,40.0,40.0,40.0
2015-02,MUN,PE|BOM CONSELHO,glp,5,42.0,42.0,46.8,42.0,50.0
2015-02,MUN,PE|CABO DE SANTO AGOSTINHO,glp,15,45.0,42.0,45.0,42.0,50.0
2015-02,MUN,PE|CACHOEIRINHA,glp,1,35.0,35.0,35.0,35.0,35.0
2015-02,MUN,PE|CAMARAGIBE,glp,21,43.0,42.0,45.0,40.0,45.0
2015-02,MUN,PE|CARUARU,glp,18,35.0,34.997,38.3,34.0,40.0
2015-02,MUN,PE|GARANHUNS,glp,6,45.0,44.0,45.0,43.0,45.0
2015-02,MUN,PE|GOIANA,glp,3,35.0,35.0,37.4,35.0,38.0
2015-02,MUN,PE|GRAVATA,glp,4,35.0,35.0,35.0,35.0,35.0
2015-02,MUN,PE|IGARASSU,glp,16,45.0,42.75,48.75,42.495,50.0
2015-02,MUN,PE|JABOATAO DOS GUARARAPES,glp,39,40.0,38.0,45.0,34.0,45.0
2015-02,MUN,PE|LAJEDO,glp,6,41.0,36.0,42.0,35.0,42.0
2015-02,MUN,PE|MORENO,glp,1,47.5,47.5,47.5,47.5,47.5
2015-02,MUN,PE|OLINDA,glp,26,40.0,39.995,45.0,38.5,45.0
2015-02,MUN,PE|PAULISTA,glp,9,45.0,44.0,50.0,40.0,50.0
2015-02,MUN,PE|PETROLINA,glp,14,45.0,45.0,45.0,45.0,45.0
2015-02,MUN,PE|RECIFE,glp,89,43.0,40.0,47.5,39.0,50.5
2015-02,MUN,PE|SALGUEIRO,glp,2,46.0,42.8,49.2,42.0,50.0
2015-02,MUN,PE|SANTA CRUZ DO CAPIBARIBE,glp,4,37.5,35.0,40.0,35.0,40.0
2015-02,MUN,PE|SAO BENTO DO UNA,glp,3,38.0,36.4,38.0,36.0,38.0
2015-02,MUN,PE|SAO LOURENCO DA MATA,glp,15,45.0,40.0,45.0,40.0,47.5
2015-02,MUN,PE|SERRA TALHADA,glp,3,50.0,46.0,50.0,45.0,50.0
2015-02,MUN,PE|VITORIA DE SANTO ANTAO,glp,12,39.0,35.0,45.0,35.0,45.0
2015-02,MUN,PI|BARRAS,glp,2,51.5,50.3,52.7,50.0,53.0
2015-02,MUN,PI|CAMPO MAIOR,glp,4,53.0,49.5,53.0,48.0,53.0
2015-02,MUN,PI|OEIRAS,glp,2,50.0,50.0,50.0,50.0,50.0
2015-02,MUN,PI|PARNAIBA,glp,3,46.0,45.2,46.0,45.0,46.0
2015-02,MUN,PI|PICOS,glp,3,48.0,48.0,51.2,48.0,52.0
2015-02,MUN,PI|PIRIPIRI,glp,4,53.0,48.8,53.0,47.0,53.0
2015-02,MUN,PI|TERESINA,glp,61,44.0,43.0,45.0,43.0,45.0
2015-02,MUN,PR|ALMIRANTE TAMANDARE,glp,9,39.0,39.0,42.0,39.0,42.0
2015-02,MUN,PR|APUCARANA,glp,18,50.0,39.85,50.0,39.0,50.0
2015-02,MUN,PR|ARAPONGAS,glp,19,50.0,45.0,50.0,43.0,50.0
2015-02,MUN,PR|ARAUCARIA,glp,13,41.0,39.2,44.8,38.0,45.0
2015-02,MUN,PR|ASSIS CHATEAUBRIAND,glp,3,38.0,37.12,38.0,36.9,38.0
2015-02,MUN,PR|CAMBE,glp,25,45.0,40.8,50.0,40.0,53.0
2015-02,MUN,PR|CAMPO LARGO,glp,19,40.0,37.36,42.2,36.9,44.0
2015-02,MUN,PR|CAMPO MOURAO,glp,10,50.0,50.0,50.0,50.0,50.0
2015-02,MUN,PR|CASCAVEL,glp,62,49.0,48.0,50.0,48.0,50.0
2015-02,MUN,PR|CASTRO,glp,9,47.0,44.0,47.88,44.0,49.4
2015-02,MUN,PR|CIANORTE,glp,15,50.0,45.0,55.0,43.0,55.0
2015-02,MUN,PR|COLOMBO,glp,24,41.5,39.93,42.5,38.0,45.0
2015-02,MUN,PR|CORNELIO PROCOPIO,glp,6,46.5,45.0,48.0,45.0,48.0
2015-02,MUN,PR|CURITIBA,glp,111,39.0,38.0,41.0,37.0,44.0
2015-02,MUN,PR|FOZ DO IGUACU,glp,33,38.0,35.0,42.0,34.0,50.0
2015-02,MUN,PR|FRANCISCO BELTRAO,glp,6,40.0,39.0,40.25,38.0,40.5
2015-02,MUN,PR|GUAIRA,glp,1,41.45,41.45,41.45,41.45,41.45
2015-02,MUN,PR|GUARAPUAVA,glp,13,44.0,41.2,45.0,41.0,45.0
2015-02,MUN,PR|LARANJEIRAS DO SUL,glp,8,42.0,38.0,42.3,38.0,43.0
2015-02,MUN,PR|LONDRINA,glp,104,50.0,45.0,53.0,42.0,55.0
2015-02,MUN,PR|MARECHAL CANDIDO RONDON,glp,6,50.0,47.5,51.5,45.0,53.0
2015-02,MUN,PR|MARINGA,glp,37,55.0,50.0,55.0,48.0,58.0
2015-02,MUN,PR|PARANAGUA,glp,24,40.0,38.6,42.0,35.0,45.0
2015-02,MUN,PR|PARANAVAI,glp,11,55.0,48.0,58.0,42.0,66.0
2015-02,MUN,PR|PATO BRANCO,glp,11,48.0,47.95,48.0,47.9,48.0
2015-02,MUN,PR|PINHAIS,glp,17,41.0,40.0,43.0,40.0,43.0
2015-02,MUN,PR|PONTA GROSSA,glp,38,40.0,39.0,43.0,38.0,44.0
2015-02,MUN,PR|SANTO ANTONIO DA PLATINA,glp,14,46.0,44.0,46.0,44.0,47.0
2015-02,MUN,PR|SAO JOSE DOS PINHAIS,glp,17,40.0,36.14,43.4,35.0,44.0
2015-02,MUN,PR|TERRA BOA,glp,1,55.0,55.0,55.0,55.0,55.0
2015-02,MUN,PR|TOLEDO,glp,20,40.0,38.0,43.0,38.0,45.0
2015-02,MUN,PR|UMUARAMA,glp,14,50.0,49.0,50.0,47.0,50.0
2015-02,MUN,PR|UNIAO DA VITORIA,glp,3,48.0,47.6,48.0,47.5,48.0
2015-02,MUN,RJ|ANGRA DOS REIS,glp,3,45.0,43.4,45.0,43.0,45.0
2015-02,MUN,RJ|ARARUAMA,glp,5,45.0,43.2,50.996,42.0,53.0
2015-02,MUN,RJ|ARMACAO DOS BUZIOS,glp,1,46.9,46.9,46.9,46.9,46.9
2015-02,MUN,RJ|BARRA DO PIRAI,glp,3,39.0,38.2,47.8,38.0,50.0
2015-02,MUN,RJ|BARRA MANSA,glp,14,45.25,41.6,48.7,40.0,53.0
2015-02,MUN,RJ|BELFORD ROXO,glp,6,48.0,42.495,49.0,37.99,50.0
2015-02,MUN,RJ|CABO FRIO,glp,5,44.0,40.8,44.6,40.0,45.0
2015-02,MUN,RJ|CAMPOS DOS GOYTACAZES,glp,20,55.0,50.0,55.0,50.0,55.0
2015-02,MUN,RJ|DUQUE DE CAXIAS,glp,51,45.0,42.0,48.0,40.0,49.0
2015-02,MUN,RJ|ITABORAI,glp,4,40.0,37.9,40.0,37.0,40.0
2015-02,MUN,RJ|ITAGUAI,glp,3,39.9,38.3,41.5,37.9,41.9
2015-02,MUN,RJ|ITAPERUNA,glp,3,45.0,42.6,45.0,42.0,45.0
2015-02,MUN,RJ|MACAE,glp,3,48.0,41.6,48.0,40.0,48.0
2015-02,MUN,RJ|MAGE,glp,3,39.5,35.9,39.9,35.0,40.0
2015-02,MUN,RJ|MANGARATIBA,glp,1,39.9,39.9,39.9,39.9,39.9
2015-02,MUN,RJ|MARICA,glp,3,40.0,40.0,40.0,40.0,40.0
2015-02,MUN,RJ|NILOPOLIS,glp,4,46.0,46.0,47.4,46.0,48.0
2015-02,MUN,RJ|NITEROI,glp,15,48.0,46.0,48.0,45.0,48.0
2015-02,MUN,RJ|NOVA FRIBURGO,glp,5,45.0,40.8,50.0,40.0,50.0
2015-02,MUN,RJ|NOVA IGUACU,glp,21,48.0,42.0,50.0,39.99,51.0
2015-02,MUN,RJ|PARAIBA DO SUL,glp,3,40.0,37.6,44.0,37.0,45.0
2015-02,MUN,RJ|PARATY,glp,1,40.0,40.0,40.0,40.0,40.0
2015-02,MUN,RJ|PETROPOLIS,glp,7,49.9,47.4,51.052,45.0,51.28
2015-02,MUN,RJ|RESENDE,glp,6,44.0,42.0,45.5,42.0,46.0
2015-02,MUN,RJ|RIO BONITO,glp,4,42.0,42.0,42.0,42.0,42.0
2015-02,MUN,RJ|RIO DAS OSTRAS,glp,1,48.0,48.0,48.0,48.0,48.0
2015-02,MUN,RJ|RIO DE JANEIRO,glp,80,40.0,33.9,48.0,30.99,51.5
2015-02,MUN,RJ|SANTO ANTONIO DE PADUA,glp,2,33.0,30.6,35.4,30.0,36.0
2015-02,MUN,RJ|SAO FRANCISCO DE ITABAPOANA,glp,2,51.5,48.7,54.3,48.0,55.0
2015-02,MUN,RJ|SAO GONCALO,glp,20,47.0,40.0,48.05,40.0,49.0
2015-02,MUN,RJ|SAO JOAO DE MERITI,glp,7,45.0,38.0,50.4,35.0,51.0
2015-02,MUN,RJ|SAPUCAIA,glp,2,48.0,48.0,48.0,48.0,48.0
2015-02,MUN,RJ|SAQUAREMA,glp,4,41.0,38.9,41.7,38.0,42.0
2015-02,MUN,RJ|TERESOPOLIS,glp,6,44.0,41.5,46.0,40.0,46.0
2015-02,MUN,RJ|TRES RIOS,glp,2,41.5,40.3,42.7,40.0,43.0
2015-02,MUN,RJ|VALENCA,glp,4,46.5,46.0,47.0,46.0,47.0
2015-02,MUN,RJ|VASSOURAS,glp,2,45.0,45.0,45.0,45.0,45.0
2015-02,MUN,RJ|VOLTA REDONDA,glp,7,49.0,45.0,52.0,45.0,52.0
2015-02,MUN,RN|CAICO,glp,4,46.5,43.6,48.7,43.0,49.0
2015-02,MUN,RN|CURRAIS NOVOS,glp,3,50.0,48.4,50.0,48.0,50.0
2015-02,MUN,RN|MOSSORO,glp,6,52.0,51.5,52.5,51.0,53.0
2015-02,MUN,RN|NATAL,glp,58,52.0,50.0,52.3,50.0,53.0
2015-02,MUN,RN|PARNAMIRIM,glp,16,51.45,50.0,52.0,50.0,53.0
2015-02,MUN,RN|SAO JOSE DE MIPIBU,glp,3,50.0,49.2,50.8,49.0,51.0
2015-02,MUN,RN|SERRA DO MEL,glp,1,51.0,51.0,51.0,51.0,51.0
2015-02,MUN,RO|ARIQUEMES,glp,5,52.0,49.6,55.0,48.0,55.0
2015-02,MUN,RO|CACOAL,glp,4,52.0,52.0,52.0,52.0,52.0
2015-02,MUN,RO|GUAJARA-MIRIM,glp,6,55.0,52.5,56.5,50.0,58.0
2015-02,MUN,RO|JI-PARANA,glp,13,51.0,50.0,55.0,50.0,55.5
2015-02,MUN,RO|PIMENTA BUENO,glp,4,54.5,53.0,56.0,53.0,56.0
2015-02,MUN,RO|PORTO VELHO,glp,82,45.0,45.0,47.0,43.0,50.0
2015-02,MUN,RO|SAO MIGUEL DO GUAPORE,glp,2,55.0,55.0,55.0,55.0,55.0
2015-02,MUN,RO|VILHENA,glp,8,55.5,54.0,57.0,54.0,57.0
2015-02,MUN,RR|BOA VISTA,glp,31,52.5,50.5,54.0,50.0,55.5
2015-02,MUN,RR|CANTA,glp,2,51.5,48.7,54.3,48.0,55.0
2015-02,MUN,RR|CARACARAI,glp,2,52.0,51.2,52.8,51.0,53.0
2015-02,MUN,RR|RORAINOPOLIS,glp,2,49.0,45.8,52.2,45.0,53.0
2015-02,MUN,RS|ALEGRETE,glp,12,38.0,37.05,38.9,36.0,39.0
2015-02,MUN,RS|ALVORADA,glp,14,46.0,42.6,48.0,42.0,53.0
2015-02,MUN,RS|BAGE,glp,26,43.2,42.0,45.0,42.0,46.5
2015-02,MUN,RS|BENTO GONCALVES,glp,10,49.0,45.4,49.3,40.0,52.0
2015-02,MUN,RS|CACAPAVA DO SUL,glp,11,45.0,45.0,46.0,43.0,46.0
2015-02,MUN,RS|CACHOEIRA DO SUL,glp,15,40.0,40.0,44.2,40.0,48.0
2015-02,MUN,RS|CACHOEIRINHA,glp,13,45.0,44.0,46.6,41.0,53.0
2015-02,MUN,RS|CANOAS,glp,35,45.0,40.76,47.0,37.0,48.0
2015-02,MUN,RS|CAXIAS DO SUL,glp,58,45.0,43.0,47.0,40.0,48.5
2015-02,MUN,RS|CHUI,glp,3,35.0,35.0,35.8,35.0,36.0
2015-02,MUN,RS|CRUZ ALTA,glp,7,36.0,34.0,38.8,34.0,40.0
2015-02,MUN,RS|ERECHIM,glp,19,47.0,46.0,49.0,44.0,50.0
2015-02,MUN,RS|ESTEIO,glp,11,46.0,45.0,48.0,45.0,49.25
2015-02,MUN,RS|GRAMADO,glp,8,46.25,44.7,48.6,44.0,50.0
2015-02,MUN,RS|GRAVATAI,glp,30,42.0,40.0,46.1,40.0,50.0
2015-02,MUN,RS|GUAIBA,glp,14,44.0,42.3,47.0,40.0,47.0
2015-02,MUN,RS|GUARANI DAS MISSOES,glp,1,40.0,40.0,40.0,40.0,40.0
2015-02,MUN,RS|IJUI,glp,14,43.0,42.3,47.0,41.0,48.0
2015-02,MUN,RS|JAGUARAO,glp,9,35.0,33.6,36.0,32.0,36.0
2015-02,MUN,RS|LAJEADO,glp,10,45.0,42.7,48.0,40.0,48.0
2015-02,MUN,RS|NOVO HAMBURGO,glp,22,42.0,40.0,44.0,38.0,44.0
2015-02,MUN,RS|OSORIO,glp,8,49.0,47.1,50.0,45.0,50.0
2015-02,MUN,RS|PALMEIRA DAS MISSOES,glp,6,45.0,45.0,47.5,45.0,48.0
2015-02,MUN,RS|PASSO FUNDO,glp,40,40.0,38.0,45.0,38.0,48.0
2015-02,MUN,RS|PELOTAS,glp,49,43.0,40.0,45.0,38.0,48.0
2015-02,MUN,RS|PORTAO,glp,1,42.0,42.0,42.0,42.0,42.0
2015-02,MUN,RS|PORTO ALEGRE,glp,55,45.0,42.0,49.0,40.0,50.0
2015-02,MUN,RS|RIO GRANDE,glp,32,40.0,38.0,40.9,37.0,43.0
2015-02,MUN,RS|SANTA CRUZ DO SUL,glp,19,44.0,41.6,47.0,40.0,48.0
2015-02,MUN,RS|SANTA MARIA,glp,88,42.5,40.0,45.0,39.0,49.0
2015-02,MUN,RS|SANTA ROSA,glp,6,41.0,40.0,44.0,40.0,45.0
2015-02,MUN,RS|SANTA VITORIA DO PALMAR,glp,9,39.0,36.6,40.4,35.0,42.0
2015-02,MUN,RS|SANTANA DO LIVRAMENTO,glp,13,45.0,45.0,45.0,44.0,45.0
2015-02,MUN,RS|SANTO ANGELO,glp,13,45.0,40.2,46.8,40.0,47.0
2015-02,MUN,RS|SAO BORJA,glp,5,48.0,48.0,48.0,48.0,48.0
2015-02,MUN,RS|SAO GABRIEL,glp,16,48.5,45.0,50.0,38.0,50.0
2015-02,MUN,RS|SAO LEOPOLDO,glp,19,43.0,39.8,46.0,38.0,48.0
2015-02,MUN,RS|SAO LUIZ GONZAGA,glp,5,40.0,40.0,42.54,40.0,42.9
2015-02,MUN,RS|SAPIRANGA,glp,11,45.0,43.0,47.0,43.0,47.0
2015-02,MUN,RS|SAPUCAIA DO SUL,glp,22,47.0,44.0,48.0,42.0,49.0
2015-02,MUN,RS|TORRES,glp,5,45.0,40.0,48.1,40.0,49.5
2015-02,MUN,RS|TRAMANDAI,glp,11,48.0,42.0,50.0,42.0,50.0
2015-02,MUN,RS|URUGUAIANA,glp,15,50.0,47.4,52.0,46.0,52.0
2015-02,MUN,RS|VACARIA,glp,8,45.0,43.5,46.3,40.0,47.0
2015-02,MUN,RS|VIAMAO,glp,20,47.5,44.9,50.0,42.0,50.0
2015-02,MUN,SC|ARARANGUA,glp,4,42.5,40.0,45.0,40.0,45.0
2015-02,MUN,SC|BALNEARIO CAMBORIU,glp,2,45.0,45.0,45.0,45.0,45.0
2015-02,MUN,SC|BIGUACU,glp,2,47.5,47.1,47.9,47.0,48.0
2015-02,MUN,SC|BLUMENAU,glp,17,48.0,46.8,49.4,44.0,50.0
2015-02,MUN,SC|BRUSQUE,glp,4,48.0,43.1,48.0,41.0,48.0
2015-02,MUN,SC|CACADOR,glp,3,49.0,48.2,49.8,48.0,50.0
2015-02,MUN,SC|CHAPECO,glp,16,46.5,45.0,49.5,45.0,50.0
2015-02,MUN,SC|CONCORDIA,glp,3,45.0,42.6,45.0,42.0,45.0
2015-02,MUN,SC|CRICIUMA,glp,9,43.0,37.8,43.0,37.0,43.0
2015-02,MUN,SC|FLORIANOPOLIS,glp,89,46.0,45.0,48.0,43.0,50.0
2015-02,MUN,SC|GASPAR,glp,1,47.0,47.0,47.0,47.0,47.0
2015-02,MUN,SC|ITAJAI,glp,22,42.0,40.0,44.315,39.0,44.85
2015-02,MUN,SC|JARAGUA DO SUL,glp,5,43.0,43.0,45.0,43.0,45.0
2015-02,MUN,SC|JOINVILLE,glp,28,43.5,41.7,44.0,40.0,47.0
2015-02,MUN,SC|LAGES,glp,6,47.5,45.0,48.5,45.0,49.0
2015-02,MUN,SC|LAGUNA,glp,4,40.0,40.0,43.5,40.0,45.0
2015-02,MUN,SC|MAFRA,glp,4,44.9,44.24,45.0,44.0,45.0
2015-02,MUN,SC|PALHOCA,glp,10,46.5,45.35,48.1,44.0,49.0
2015-02,MUN,SC|SAO JOSE,glp,14,44.5,44.0,47.4,43.0,48.0
2015-02,MUN,SC|SAO MIGUEL DO OESTE,glp,2,44.0,43.2,44.8,43.0,45.0
2015-02,MUN,SC|TUBARAO,glp,5,42.0,40.2,43.2,39.0,44.0
2015-02,MUN,SC|VIDEIRA,glp,3,49.0,47.4,51.4,47.0,52.0
2015-02,MUN,SC|XANXERE,glp,6,49.0,47.5,51.5,47.0,52.0
2015-02,MUN,SE|ARACAJU,glp,45,45.0,38.0,47.0,35.0,47.0
2015-02,MUN,SE|ITABAIANA,glp,4,40.5,39.0,42.7,39.0,43.0
2015-02,MUN,SE|ITABAIANINHA,glp,3,45.0,45.0,45.0,45.0,45.0
2015-02,MUN,SE|LAGARTO,glp,5,42.0,39.0,44.2,37.0,45.0
2015-02,MUN,SE|NOSSA SENHORA DO SOCORRO,glp,7,45.0,42.6,45.0,42.0,45.0
2015-02,MUN,SE|SIMAO DIAS,glp,3,41.0,40.2,41.8,40.0,42.0
2015-02,MUN,SE|TOBIAS BARRETO,glp,4,45.0,45.0,46.4,45.0,47.0
2015-02,MUN,SP|ADAMANTINA,glp,11,45.0,43.0,45.0,43.0,45.0
2015-02,MUN,SP|AMERICANA,glp,21,48.0,45.0,50.0,45.0,50.0
2015-02,MUN,SP|AMPARO,glp,5,46.0,44.8,49.94,44.0,51.9
2015-02,MUN,SP|APIAI,glp,2,47.5,47.1,47.9,47.0,48.0
2015-02,MUN,SP|ARACATUBA,glp,40,42.5,40.0,45.0,40.0,48.0
2015-02,MUN,SP|ARARAQUARA,glp,14,48.0,40.0,50.0,40.0,52.0
2015-02,MUN,SP|ARARAS,glp,3,41.9,41.9,41.9,41.9,41.9
2015-02,MUN,SP|ASSIS,glp,13,41.5,40.0,42.0,36.0,42.0
2015-02,MUN,SP|ATIBAIA,glp,21,42.0,40.0,48.0,38.0,49.0
2015-02,MUN,SP|AVARE,glp,8,41.75,38.25,45.9,36.5,48.0
2015-02,MUN,SP|BARRETOS,glp,14,38.0,35.0,38.0,35.0,39.0
2015-02,MUN,SP|BARUERI,glp,28,42.25,39.693,50.0,38.99,50.0
2015-02,MUN,SP|BAURU,glp,51,48.0,42.0,50.0,38.0,50.0
2015-02,MUN,SP|BEBEDOURO,glp,14,40.25,37.9,43.0,36.0,43.0
2015-02,MUN,SP|BIRIGUI,glp,24,42.0,40.0,45.0,40.0,45.0
2015-02,MUN,SP|BOTUCATU,glp,15,45.0,44.4,47.5,42.5,47.5
2015-02,MUN,SP|BRAGANCA PAULISTA,glp,20,38.2,32.0,42.1,32.0,45.0
2015-02,MUN,SP|CACAPAVA,glp,16,40.0,35.0,45.0,33.0,47.0
2015-02,MUN,SP|CAMPINAS,glp,69,40.0,38.0,44.1,38.0,48.0
2015-02,MUN,SP|CAMPOS DO JORDAO,glp,8,37.5,35.7,40.6,35.0,42.0
2015-02,MUN,SP|CAPAO BONITO,glp,4,45.5,45.0,46.7,45.0,47.0
2015-02,MUN,SP|CARAGUATATUBA,glp,8,40.95,38.0,42.3,38.0,43.0
2015-02,MUN,SP|CARAPICUIBA,glp,25,40.0,38.39,45.0,35.0,45.0
2015-02,MUN,SP|CATANDUVA,glp,17,45.0,40.0,50.0,38.0,52.0
2015-02,MUN,SP|COSMOPOLIS,glp,10,42.5,41.8,44.0,40.0,44.0
2015-02,MUN,SP|COTIA,glp,12,42.5,38.2,45.0,37.99,49.0
2015-02,MUN,SP|CRUZEIRO,glp,17,40.0,35.0,40.0,30.0,40.0
2015-02,MUN,SP|CUBATAO,glp,6,45.0,41.0,48.0,40.0,48.0
2015-02,MUN,SP|DIADEMA,glp,31,42.0,39.99,43.5,38.495,47.0
2015-02,MUN,SP|DRACENA,glp,9,47.0,45.0,48.0,45.0,48.0
2015-02,MUN,SP|EMBU DAS ARTES,glp,5,42.0,40.0,43.14,40.0,43.9
2015-02,MUN,SP|FERNANDOPOLIS,glp,1,40.0,40.0,40.0,40.0,40.0
2015-02,MUN,SP|FERRAZ DE VASCONCELOS,glp,10,40.0,36.8,52.991,35.0,53.0
2015-02,MUN,SP|FRANCA,glp,48,40.0,38.0,41.93,32.55,47.0
2015-02,MUN,SP|FRANCISCO MORATO,glp,12,45.0,44.1,49.8,42.0,50.0
2015-02,MUN,SP|FRANCO DA ROCHA,glp,5,40.0,39.4,45.0,39.0,45.0
2015-02,MUN,SP|GARCA,glp,8,43.5,40.0,45.0,40.0,45.0
2015-02,MUN,SP|GUARATINGUETA,glp,15,38.0,35.0,44.6,30.0,49.0
2015-02,MUN,SP|GUARUJA,glp,10,43.2,37.799,49.0,35.99,49.0
2015-02,MUN,SP|GUARULHOS,glp,53,40.0,37.198,46.6,32.5,50.0
2015-02,MUN,SP|HORTOLANDIA,glp,23,45.0,45.0,49.6,40.0,55.0
2015-02,MUN,SP|IBITINGA,glp,8,42.75,41.0,44.7,41.0,47.5
2015-02,MUN,SP|INDAIATUBA,glp,25,45.0,40.8,49.2,40.0,50.0
2015-02,MUN,SP|ITANHAEM,glp,12,40.0,39.1,44.9,35.0,46.0
2015-02,MUN,SP|ITAPECERICA DA SERRA,glp,6,45.0,43.5,48.5,43.0,50.0
2015-02,MUN,SP|ITAPETININGA,glp,17,40.0,40.0,43.0,37.0,44.0
2015-02,MUN,SP|ITAPEVA,glp,6,43.5,42.0,44.5,42.0,45.0
2015-02,MUN,SP|ITAPEVI,glp,5,39.0,36.596,43.8,35.0,47.0
2015-02,MUN,SP|ITAPIRA,glp,4,40.0,39.3,42.8,39.0,44.0
2015-02,MUN,SP|ITAPOLIS,glp,18,45.0,41.94,45.0,40.0,46.5
2015-02,MUN,SP|ITAQUAQUECETUBA,glp,15,40.0,37.0,44.4,36.0,52.0
2015-02,MUN,SP|ITATIBA,glp,11,43.0,43.0,47.0,42.0,47.9
2015-02,MUN,SP|ITU,glp,11,40.0,38.0,44.0,38.0,46.9
2015-02,MUN,SP|JABOTICABAL,glp,20,43.0,42.0,49.991,42.0,52.0
2015-02,MUN,SP|JACAREI,glp,12,38.0,35.1,44.5,35.0,45.0
2015-02,MUN,SP|JALES,glp,7,40.0,40.0,40.0,40.0,40.0
2015-02,MUN,SP|JANDIRA,glp,12,42.99,42.0,45.0,38.0,49.0
2015-02,MUN,SP|JAU,glp,12,50.0,49.55,50.0,48.0,50.0
2015-02,MUN,SP|JOSE BONIFACIO,glp,14,41.69,40.0,42.0,40.0,43.0
2015-02,MUN,SP|JUNDIAI,glp,16,41.0,40.0,45.5,37.0,46.9
2015-02,MUN,SP|LEME,glp,16,38.0,35.5,45.0,35.0,45.0
2015-02,MUN,SP|LIMEIRA,glp,17,45.0,42.0,48.0,42.0,55.0
2015-02,MUN,SP|LINS,glp,20,36.5,35.0,38.0,35.0,38.0
2015-02,MUN,SP|LORENA,glp,15,36.0,32.0,40.4,30.0,42.0
2015-02,MUN,SP|MARILIA,glp,19,42.0,40.0,43.4,40.0,45.0
2015-02,MUN,SP|MATAO,glp,14,45.0,42.6,48.0,39.9,48.0
2015-02,MUN,SP|MAUA,glp,33,44.0,38.31,47.0,35.0,47.0
2015-02,MUN,SP|MIRASSOL,glp,13,42.0,40.0,42.0,40.0,43.0
2015-02,MUN,SP|MOCOCA,glp,12,42.0,42.0,42.9,42.0,43.0
2015-02,MUN,SP|MOGI DAS CRUZES,glp,35,45.0,38.0,50.9,35.0,53.0
2015-02,MUN,SP|MOGI GUACU,glp,14,45.0,42.0,45.0,37.0,45.0
2015-02,MUN,SP|MOGI MIRIM,glp,8,41.0,40.0,44.1,40.0,49.0
2015-02,MUN,SP|MONTE ALTO,glp,11,42.0,41.0,48.0,40.0,48.0
2015-02,MUN,SP|OLIMPIA,glp,11,33.5,33.0,36.0,33.0,38.0
2015-02,MUN,SP|OSASCO,glp,76,40.0,38.248,45.7,35.0,49.99
2015-02,MUN,SP|OURINHOS,glp,15,40.0,36.2,45.0,35.0,47.0
2015-02,MUN,SP|PARAGUACU PAULISTA,glp,11,46.0,44.0,46.0,41.5,46.0
2015-02,MUN,SP|PAULINIA,glp,17,39.5,35.0,40.0,34.0,44.0
2015-02,MUN,SP|PINDAMONHANGABA,glp,19,38.0,36.98,44.0,36.0,45.0
2015-02,MUN,SP|PIRACICABA,glp,30,50.0,50.0,55.0,48.0,55.0
2015-02,MUN,SP|PIRASSUNUNGA,glp,7,39.0,37.92,43.2,37.8,45.0
2015-02,MUN,SP|POA,glp,8,40.0,39.7,45.3,39.0,46.0
2015-02,MUN,SP|PORTO FERREIRA,glp,7,35.0,33.8,37.2,32.0,39.0
2015-02,MUN,SP|PRAIA GRANDE,glp,21,45.0,39.99,52.5,38.0,53.0
2015-02,MUN,SP|PRESIDENTE PRUDENTE,glp,33,45.0,40.0,48.0,35.0,49.9
2015-02,MUN,SP|PRESIDENTE VENCESLAU,glp,10,38.0,34.9,40.28,34.0,42.8
2015-02,MUN,SP|RIBEIRAO PIRES,glp,10,41.9,37.9,46.0,37.9,46.0
2015-02,MUN,SP|RIBEIRAO PRETO,glp,112,48.0,42.0,50.0,41.0,53.0
2015-02,MUN,SP|RIO CLARO,glp,8,43.0,41.5,43.6,38.0,45.0
2015-02,MUN,SP|SALTO,glp,16,40.0,38.0,45.5,38.0,46.0
2015-02,MUN,SP|SANTA BARBARA D'OESTE,glp,20,40.0,40.0,48.2,40.0,50.0
2015-02,MUN,SP|SANTA CRUZ DO RIO PARDO,glp,12,40.975,39.1,42.0,38.5,42.0
2015-02,MUN,SP|SANTO ANDRE,glp,47,44.0,40.0,49.66,34.99,50.0
2015-02,MUN,SP|SANTOS,glp,30,46.0,41.79,49.55,39.0,53.9
2015-02,MUN,SP|SAO BERNARDO DO CAMPO,glp,44,45.45,40.0,49.0,35.0,53.0
2015-02,MUN,SP|SAO CAETANO DO SUL,glp,5,47.0,47.0,49.996,47.0,50.0
2015-02,MUN,SP|SAO CARLOS,glp,19,45.0,41.9,48.0,40.0,52.0
2015-02,MUN,SP|SAO JOAO DA BOA VISTA,glp,9,35.0,35.0,36.0,35.0,36.0
2015-02,MUN,SP|SAO JOAQUIM DA BARRA,glp,9,45.0,42.4,45.0,40.0,45.0
2015-02,MUN,SP|SAO JOSE DO RIO PRETO,glp,94,42.0,40.0,45.0,40.0,48.0
2015-02,MUN,SP|SAO JOSE DOS CAMPOS,glp,63,42.0,38.0,45.0,35.0,48.0
2015-02,MUN,SP|SAO PAULO,glp,226,41.0,38.0,49.0,34.99,54.0
2015-02,MUN,SP|SAO ROQUE,glp,7,41.0,37.996,43.6,37.99,46.0
2015-02,MUN,SP|SAO VICENTE,glp,39,44.0,37.99,47.05,35.0,49.0
2015-02,MUN,SP|SERTAOZINHO,glp,15,40.0,35.8,43.0,35.0,43.5
2015-02,MUN,SP|SOROCABA,glp,28,42.75,40.0,50.0,38.0,53.0
2015-02,MUN,SP|SUMARE,glp,26,45.0,41.0,49.0,38.0,50.0
2015-02,MUN,SP|SUZANO,glp,20,42.75,39.899,46.0,38.0,48.0
2015-02,MUN,SP|TABOAO DA SERRA,glp,6,43.95,39.0,46.5,38.0,47.0
2015-02,MUN,SP|TATUI,glp,9,45.0,40.0,45.5,40.0,47.5
2015-02,MUN,SP|TAUBATE,glp,40,40.0,35.0,42.0,32.0,44.0
2015-02,MUN,SP|TUPA,glp,8,45.0,45.0,45.0,45.0,45.0
2015-02,MUN,SP|UBATUBA,glp,11,38.0,34.0,40.0,34.0,45.0
2015-02,MUN,SP|VALINHOS,glp,10,44.5,43.0,46.0,43.0,46.0
2015-02,MUN,SP|VARZEA PAULISTA,glp,12,40.0,35.0,41.8,35.0,42.9
2015-02,MUN,SP|VINHEDO,glp,6,45.0,43.0,46.0,43.0,46.0
2015-02,MUN,SP|VOTORANTIM,glp,18,45.0,40.0,46.0,40.0,48.0
2015-02,MUN,SP|VOTUPORANGA,glp,17,40.0,38.0,43.0,38.0,45.0
2015-02,MUN,TO|ARAGUAINA,glp,11,60.0,50.0,62.0,47.0,62.0
2015-02,MUN,TO|DIANOPOLIS,glp,5,47.0,45.4,49.2,45.0,50.0
2015-02,MUN,TO|GURUPI,glp,36,48.0,45.0,53.0,45.0,55.0
2015-02,MUN,TO|PALMAS,glp,26,58.0,56.5,58.0,47.0,58.0
2015-02,MUN,TO|PARAISO DO TOCANTINS,glp,13,47.0,45.0,47.8,45.0,48.0
2015-02,MUN,TO|PORTO NACIONAL,glp,4,49.0,44.5,50.0,43.0,50.0
2015-02,UF,AC,glp,82,50.938,49.0,55.0,47.0,60.0
2015-02,UF,AL,glp,91,50.0,39.0,50.0,35.0,50.0
2015-02,UF,AM,glp,189,46.0,44.0,49.0,40.0,55.0
2015-02,UF,AP,glp,24,55.0,50.0,59.0,48.0,69.0
2015-02,UF,BA,glp,512,42.0,35.0,45.0,32.0,50.0
2015-02,UF,CE,glp,274,52.0,46.0,53.0,40.0,55.0
2015-02,UF,DF,glp,145,45.0,44.0,45.0,42.0,48.0
2015-02,UF,ES,glp,271,45.0,42.0,46.0,35.0,52.0
2015-02,UF,GO,glp,544,42.0,40.15,46.0,40.0,55.0
2015-02,UF,MA,glp,160,45.0,40.0,55.0,34.9,58.0
2015-02,UF,MG,glp,1009,48.0,42.0,53.0,36.0,60.0
2015-02,UF,MS,glp,539,54.0,49.0,55.0,40.0,60.0
2015-02,UF,MT,glp,110,55.0,49.0,60.1,45.0,67.0
2015-02,UF,PA,glp,204,48.0,43.0,55.0,39.0,62.0
2015-02,UF,PB,glp,115,40.0,37.0,45.0,35.0,45.0
2015-02,UF,PE,glp,336,42.5,38.0,46.245,34.0,50.5
2015-02,UF,PI,glp,79,44.0,43.0,50.4,43.0,53.0
2015-02,UF,PR,glp,721,44.0,39.0,52.0,34.0,66.0
2015-02,UF,RJ,glp,333,45.0,37.992,50.0,30.0,55.0
2015-02,UF,RN,glp,91,52.0,50.0,52.0,43.0,53.0
2015-02,UF,RO,glp,124,47.0,45.0,55.0,43.0,58.0
2015-02,UF,RR,glp,37,52.5,50.0,54.0,45.0,55.5
2015-02,UF,RS,glp,818,44.0,40.0,48.0,32.0,53.0
2015-02,UF,SC,glp,259,45.0,42.0,48.0,37.0,52.0
2015-02,UF,SE,glp,71,45.0,38.0,47.0,35.0,47.0
2015-02,UF,SP,glp,2445,42.0,38.0,48.0,30.0,55.0
2015-02,UF,TO,glp,95,50.0,45.0,58.0,43.0,62.0
2015-03,BR,BR,glp,11618,45.0,39.99,54.0,30.0,69.0
2015-03,MUN,AC|CRUZEIRO DO SUL,glp,8,61.0,59.7,62.0,59.0,62.0
2015-03,MUN,AC|RIO BRANCO,glp,80,52.0,49.0,54.0,47.5,55.0
2015-03,MUN,AC|SENA MADUREIRA,glp,5,55.0,50.0,57.0,50.0,57.0
2015-03,MUN,AC|SENADOR GUIOMARD,glp,5,51.0,50.4,52.8,50.0,54.0
2015-03,MUN,AC|TARAUACA,glp,4,55.17,55.0,56.502,55.0,57.0
2015-03,MUN,AC|XAPURI,glp,2,60.0,60.0,60.0,60.0,60.0
2015-03,MUN,AL|ARAPIRACA,glp,8,42.0,40.0,42.9,40.0,45.0
2015-03,MUN,AL|DELMIRO GOUVEIA,glp,4,43.5,39.2,45.0,38.0,45.0
2015-03,MUN,AL|MACEIO,glp,51,50.0,50.0,50.0,45.0,50.0
2015-03,MUN,AL|MARECHAL DEODORO,glp,1,45.0,45.0,45.0,45.0,45.0
2015-03,MUN,AL|PALMEIRA DOS INDIOS,glp,6,37.0,37.0,45.0,37.0,45.0
2015-03,MUN,AL|RIO LARGO,glp,6,40.0,39.0,45.0,38.0,50.0
2015-03,MUN,AL|SANTANA DO IPANEMA,glp,8,42.0,35.0,42.0,35.0,42.0
2015-03,MUN,AL|SAO JOSE DA LAJE,glp,1,50.0,50.0,50.0,50.0,50.0
2015-03,MUN,AM|HUMAITA,glp,5,50.0,50.0,54.6,50.0,55.0
2015-03,MUN,AM|ITACOATIARA,glp,18,55.0,53.0,55.0,50.0,56.0
2015-03,MUN,AM|MANACAPURU,glp,4,49.5,45.5,51.4,44.0,52.0
2015-03,MUN,AM|MANAUS,glp,279,47.0,45.0,48.6,41.0,52.0
2015-03,MUN,AM|PARINTINS,glp,1,46.5,46.5,46.5,46.5,46.5
2015-03,MUN,AM|PRESIDENTE FIGUEIREDO,glp,3,50.0,50.0,51.6,50.0,52.0
2015-03,MUN,AM|TEFE,glp,3,52.0,52.0,52.0,52.0,52.0
2015-03,MUN,AP|CALCOENE,glp,1,59.0,59.0,59.0,59.0,59.0
2015-03,MUN,AP|LARANJAL DO JARI,glp,2,56.0,54.4,57.6,54.0,58.0
2015-03,MUN,AP|MACAPA,glp,31,58.0,50.0,59.0,50.0,60.0
2015-03,MUN,AP|OIAPOQUE,glp,2,69.0,69.0,69.0,69.0,69.0
2015-03,MUN,AP|SANTANA,glp,11,55.0,48.0,59.0,48.0,59.0
2015-03,MUN,BA|ALAGOINHAS,glp,8,41.0,39.0,45.0,39.0,45.0
2015-03,MUN,BA|BARRA,glp,5,38.0,37.4,39.0,37.0,39.0
2015-03,MUN,BA|BARRA DO MENDES,glp,1,35.0,35.0,35.0,35.0,35.0
2015-03,MUN,BA|BARREIRAS,glp,11,45.0,42.0,45.0,42.0,45.0
2015-03,MUN,BA|BRUMADO,glp,5,40.0,33.8,40.0,33.0,40.0
2015-03,MUN,BA|CAETITE,glp,7,40.0,36.6,40.0,36.0,40.0
2015-03,MUN,BA|CAMACARI,glp,21,45.0,44.0,48.0,44.0,48.0
2015-03,MUN,BA|CAMPO FORMOSO,glp,2,43.0,41.4,44.6,41.0,45.0
2015-03,MUN,BA|CANDEIAS,glp,7,35.0,35.0,42.8,35.0,44.0
2015-03,MUN,BA|CAPIM GROSSO,glp,1,45.0,45.0,45.0,45.0,45.0
2015-03,MUN,BA|EUNAPOLIS,glp,9,45.0,42.0,46.0,42.0,46.0
2015-03,MUN,BA|FEIRA DE SANTANA,glp,31,40.0,38.0,44.0,35.0,45.0
2015-03,MUN,BA|GUANAMBI,glp,16,35.0,35.0,35.0,35.0,35.0
2015-03,MUN,BA|ILHEUS,glp,7,47.0,43.6,50.4,43.0,51.0
2015-03,MUN,BA|IPIRA,glp,6,40.0,40.0,41.0,40.0,42.0
2015-03,MUN,BA|IRECE,glp,16,35.0,34.25,40.0,33.0,40.0
2015-03,MUN,BA|ITABUNA,glp,12,44.5,42.2,47.9,40.0,48.0
2015-03,MUN,BA|ITAMARAJU,glp,7,43.0,39.2,43.0,38.0,43.0
2015-03,MUN,BA|JACOBINA,glp,8,33.0,30.0,35.0,30.0,35.0
2015-03,MUN,BA|JAGUAQUARA,glp,14,37.0,37.0,37.0,37.0,37.0
2015-03,MUN,BA|JEQUIE,glp,13,34.0,32.0,35.0,32.0,38.0
2015-03,MUN,BA|JUAZEIRO,glp,7,45.0,43.0,45.0,40.0,45.0
2015-03,MUN,BA|LAURO DE FREITAS,glp,28,44.0,40.0,48.0,36.0,49.5
2015-03,MUN,BA|LIVRAMENTO DE NOSSA SENHORA,glp,3,32.0,32.0,34.4,32.0,35.0
2015-03,MUN,BA|PAULO AFONSO,glp,4,43.0,38.1,44.4,36.0,45.0
2015-03,MUN,BA|POCOES,glp,10,35.0,34.8,35.2,33.0,37.0
2015-03,MUN,BA|PORTO SEGURO,glp,13,40.0,38.0,48.4,35.0,50.0
2015-03,MUN,BA|RUY BARBOSA,glp,5,45.0,43.8,45.0,43.0,45.0
2015-03,MUN,BA|SALVADOR,glp,233,42.0,37.0,46.0,32.0,48.99
2015-03,MUN,BA|SANTANOPOLIS,glp,1,44.0,44.0,44.0,44.0,44.0
2015-03,MUN,BA|SANTO ANTONIO DE JESUS,glp,12,45.0,44.0,45.0,43.0,45.0
2015-03,MUN,BA|SENHOR DO BONFIM,glp,7,40.0,36.8,42.0,35.0,45.0
2015-03,MUN,BA|SERRINHA,glp,8,38.5,34.1,40.0,32.0,40.0
2015-03,MUN,BA|SIMOES FILHO,glp,8,43.0,40.1,45.3,38.0,46.0
2015-03,MUN,BA|TEIXEIRA DE FREITAS,glp,11,40.0,37.0,40.0,35.0,42.0
2015-03,MUN,BA|URANDI,glp,1,35.0,35.0,35.0,35.0,35.0
2015-03,MUN,BA|VALENCA,glp,5,45.0,45.0,45.6,45.0,46.0
2015-03,MUN,BA|VITORIA DA CONQUISTA,glp,12,39.0,38.1,40.0,38.0,40.0
2015-03,MUN,CE|BEBERIBE,glp,2,50.0,50.0,50.0,50.0,50.0
2015-03,MUN,CE|CANINDE,glp,7,44.0,44.0,44.4,44.0,45.0
2015-03,MUN,CE|CAUCAIA,glp,40,54.0,50.0,55.0,50.0,57.0
2015-03,MUN,CE|CRATEUS,glp,7,45.0,45.0,50.0,45.0,50.0
2015-03,MUN,CE|CRATO,glp,21,48.0,45.0,48.0,44.8,51.0
2015-03,MUN,CE|FORTALEZA,glp,135,52.0,50.0,55.0,47.5,56.0
2015-03,MUN,CE|ICO,glp,5,48.0,47.4,49.2,47.0,50.0
2015-03,MUN,CE|IGUATU,glp,7,47.0,47.0,47.4,47.0,48.0
2015-03,MUN,CE|IPU,glp,2,48.5,47.3,49.7,47.0,50.0
2015-03,MUN,CE|ITAPIPOCA,glp,10,49.5,48.0,52.0,48.0,52.0
2015-03,MUN,CE|JUAZEIRO DO NORTE,glp,19,47.0,45.0,48.2,45.0,50.0
2015-03,MUN,CE|LIMOEIRO DO NORTE,glp,5,50.0,50.0,50.0,50.0,50.0
2015-03,MUN,CE|MARACANAU,glp,21,55.0,54.0,55.0,53.0,55.0
2015-03,MUN,CE|MORADA NOVA,glp,5,50.0,48.4,50.0,48.0,50.0
2015-03,MUN,CE|PEDRA BRANCA,glp,5,45.0,43.2,48.4,42.0,50.0
2015-03,MUN,CE|QUIXADA,glp,10,45.0,42.0,45.0,42.0,45.0
2015-03,MUN,CE|SOBRAL,glp,10,46.5,43.6,48.0,40.0,48.0
2015-03,MUN,DF|BRASILIA,glp,221,45.0,43.0,50.0,37.0,55.0
2015-03,MUN,ES|ARACRUZ,glp,10,42.0,39.8,43.0,38.0,43.0
2015-03,MUN,ES|BARRA DE SAO FRANCISCO,glp,4,43.0,42.0,44.7,42.0,45.0
2015-03,MUN,ES|CACHOEIRO DE ITAPEMIRIM,glp,17,40.0,40.0,45.0,39.95,52.0
2015-03,MUN,ES|CARIACICA,glp,52,45.0,43.55,46.0,42.0,46.0
2015-03,MUN,ES|CASTELO,glp,6,39.0,36.5,40.0,35.0,40.0
2015-03,MUN,ES|COLATINA,glp,10,40.0,35.9,40.2,35.0,42.0
2015-03,MUN,ES|GUARAPARI,glp,25,47.0,45.0,48.0,45.0,48.0
2015-03,MUN,ES|ITAPEMIRIM,glp,2,41.5,38.7,44.3,38.0,45.0
2015-03,MUN,ES|JAGUARE,glp,5,45.0,44.34,45.0,43.9,45.0
2015-03,MUN,ES|LINHARES,glp,19,45.0,40.0,48.0,38.0,48.0
2015-03,MUN,ES|MARATAIZES,glp,1,40.0,40.0,40.0,40.0,40.0
2015-03,MUN,ES|NOVA VENECIA,glp,5,38.0,33.0,38.0,33.0,38.0
2015-03,MUN,ES|SAO MATEUS,glp,13,45.0,40.0,47.0,40.0,47.0
2015-03,MUN,ES|SERRA,glp,78,45.0,43.0,45.5,42.0,47.0
2015-03,MUN,ES|VILA VELHA,glp,45,45.0,43.2,46.0,42.0,48.0
2015-03,MUN,ES|VITORIA,glp,18,46.0,45.0,46.3,45.0,47.0
2015-03,MUN,GO|AGUAS LINDAS DE GOIAS,glp,20,44.0,43.0,45.0,39.0,45.0
2015-03,MUN,GO|ANAPOLIS,glp,68,42.0,41.0,43.0,40.0,43.0
2015-03,MUN,GO|APARECIDA DE GOIANIA,glp,45,42.0,40.0,43.6,40.0,45.0
2015-03,MUN,GO|CALDAS NOVAS,glp,28,43.25,42.0,46.0,42.0,47.0
2015-03,MUN,GO|CATALAO,glp,21,42.0,42.0,45.0,40.0,45.0
2015-03,MUN,GO|FORMOSA,glp,22,43.0,42.0,45.0,42.0,47.0
2015-03,MUN,GO|GOIANIA,glp,125,42.0,41.0,44.0,40.0,45.0
2015-03,MUN,GO|GOIANIRA,glp,1,42.0,42.0,42.0,42.0,42.0
2015-03,MUN,GO|GOIATUBA,glp,16,41.5,40.0,46.0,40.0,48.0
2015-03,MUN,GO|ITUMBIARA,glp,18,46.0,45.0,48.0,45.0,50.0
2015-03,MUN,GO|JATAI,glp,19,45.0,44.5,53.0,44.5,55.0
2015-03,MUN,GO|LUZIANIA,glp,38,44.0,42.85,45.0,42.0,45.0
2015-03,MUN,GO|MINEIROS,glp,18,48.0,45.0,50.0,44.0,52.0
2015-03,MUN,GO|MORRINHOS,glp,22,43.0,42.0,44.9,39.9,45.0
2015-03,MUN,GO|PLANALTINA,glp,27,48.0,46.2,50.0,45.0,50.0
2015-03,MUN,GO|PONTALINA,glp,1,40.0,40.0,40.0,40.0,40.0
2015-03,MUN,GO|PORANGATU,glp,20,44.0,42.0,45.0,42.0,46.5
2015-03,MUN,GO|RIO VERDE,glp,29,45.0,44.0,46.2,44.0,47.0
2015-03,MUN,GO|TRINDADE,glp,45,41.0,40.0,42.0,40.0,43.0
2015-03,MUN,GO|VALPARAISO DE GOIAS,glp,12,45.0,42.0,45.0,42.0,46.0
2015-03,MUN,MA|ACAILANDIA,glp,8,54.0,52.0,55.0,52.0,55.0
2015-03,MUN,MA|BACABAL,glp,4,51.5,50.3,52.0,50.0,52.0
2015-03,MUN,MA|BALSAS,glp,7,58.0,56.8,58.0,55.0,58.0
2015-03,MUN,MA|BARRA DO CORDA,glp,7,48.0,47.0,52.4,47.0,53.0
2015-03,MUN,MA|CAROLINA,glp,4,55.0,55.0,55.0,55.0,55.0
2015-03,MUN,MA|CAXIAS,glp,5,50.0,50.0,50.0,50.0,50.0
2015-03,MUN,MA|CODO,glp,3,49.0,49.0,52.2,49.0,53.0
2015-03,MUN,MA|IMPERATRIZ,glp,55,55.0,55.0,60.0,55.0,60.0
2015-03,MUN,MA|JOAO LISBOA,glp,1,55.0,55.0,55.0,55.0,55.0
2015-03,MUN,MA|PINHEIRO,glp,4,53.0,50.9,53.7,50.0,54.0
2015-03,MUN,MA|PRESIDENTE DUTRA,glp,3,50.0,50.0,54.0,50.0,55.0
2015-03,MUN,MA|SANTA INES,glp,4,52.5,50.6,53.0,50.0,53.0
2015-03,MUN,MA|SAO DOMINGOS DO MARANHAO,glp,3,45.0,45.0,47.4,45.0,48.0
2015-03,MUN,MA|SAO JOAO DOS PATOS,glp,3,55.0,55.0,55.0,55.0,55.0
2015-03,MUN,MA|SAO JOSE DE RIBAMAR,glp,10,41.0,39.999,45.0,39.99,45.0
2015-03,MUN,MA|SAO LUIS,glp,83,41.495,39.958,45.0,34.99,47.5
2015-03,MUN,MA|SAO VICENTE FERRER,glp,1,50.0,50.0,50.0,50.0,50.0
2015-03,MUN,MA|TIMON,glp,4,45.0,43.6,45.0,43.0,45.0
2015-03,MUN,MG|ALFENAS,glp,16,39.0,38.0,45.0,38.0,47.0
2015-03,MUN,MG|ARAGUARI,glp,26,45.0,44.5,50.0,40.0,50.0
2015-03,MUN,MG|ARAXA,glp,5,45.0,45.0,49.6,45.0,50.0
2015-03,MUN,MG|BARBACENA,glp,21,43.0,42.0,50.0,41.0,50.0
2015-03,MUN,MG|BELO HORIZONTE,glp,123,50.0,46.6,55.0,42.0,58.0
2015-03,MUN,MG|BETIM,glp,37,51.0,50.0,53.4,50.0,54.0
2015-03,MUN,MG|BOM DESPACHO,glp,5,50.0,50.0,50.0,50.0,50.0
2015-03,MUN,MG|CAMPO BELO,glp,8,42.0,40.7,42.9,40.0,45.0
2015-03,MUN,MG|CARATINGA,glp,5,44.0,42.4,46.0,42.0,46.0
2015-03,MUN,MG|CATAGUASES,glp,8,45.0,45.0,47.0,45.0,47.0
2015-03,MUN,MG|CONGONHAS,glp,10,47.0,47.0,47.1,47.0,48.0
2015-03,MUN,MG|CONSELHEIRO LAFAIETE,glp,11,45.0,45.0,47.0,45.0,48.0
2015-03,MUN,MG|CONTAGEM,glp,101,51.0,50.0,54.0,48.0,54.0
2015-03,MUN,MG|CORONEL FABRICIANO,glp,9,48.0,48.0,49.4,48.0,55.0
2015-03,MUN,MG|CURVELO,glp,12,46.5,45.0,50.0,40.0,50.0
2015-03,MUN,MG|DIAMANTINA,glp,4,52.0,50.6,54.1,50.0,55.0
2015-03,MUN,MG|DIVINOPOLIS,glp,21,47.0,45.0,49.0,43.0,49.0
2015-03,MUN,MG|FORMIGA,glp,6,47.0,43.5,47.0,42.0,47.0
2015-03,MUN,MG|FRUTAL,glp,4,44.5,41.9,45.7,41.0,46.0
2015-03,MUN,MG|GOVERNADOR VALADARES,glp,37,45.0,43.0,48.0,42.0,48.0
2015-03,MUN,MG|GUAXUPE,glp,9,40.0,38.0,40.0,38.0,40.0
2015-03,MUN,MG|IBIRITE,glp,13,51.0,50.0,51.8,50.0,52.09
2015-03,MUN,MG|IPATINGA,glp,20,45.0,42.0,48.1,42.0,50.0
2015-03,MUN,MG|ITABIRA,glp,7,53.0,52.0,53.0,52.0,53.0
2015-03,MUN,MG|ITAJUBA,glp,16,42.0,40.0,42.45,40.0,43.0
2015-03,MUN,MG|ITAUNA,glp,16,45.0,43.5,50.0,42.0,53.0
2015-03,MUN,MG|ITUIUTABA,glp,24,48.0,45.0,48.7,40.0,50.0
2015-03,MUN,MG|ITURAMA,glp,1,48.0,48.0,48.0,48.0,48.0
2015-03,MUN,MG|JACUI,glp,1,45.0,45.0,45.0,45.0,45.0
2015-03,MUN,MG|JANAUBA,glp,3,45.0,43.4,45.0,43.0,45.0
2015-03,MUN,MG|JANUARIA,glp,10,46.5,45.0,48.0,45.0,48.0
2015-03,MUN,MG|JOAO MONLEVADE,glp,12,46.0,44.1,48.0,43.0,50.0
2015-03,MUN,MG|JOAO PINHEIRO,glp,13,50.0,48.4,50.0,47.0,50.0
2015-03,MUN,MG|JUIZ DE FORA,glp,62,50.0,45.0,55.0,40.0,58.0
2015-03,MUN,MG|LAVRAS,glp,14,40.0,40.0,47.9,40.0,50.0
2015-03,MUN,MG|LEOPOLDINA,glp,6,47.5,47.0,48.0,47.0,48.0
2015-03,MUN,MG|MANHUACU,glp,7,47.0,45.0,47.0,45.0,47.0
2015-03,MUN,MG|MARIANA,glp,5,50.0,46.0,51.2,46.0,52.0
2015-03,MUN,MG|MATIAS BARBOSA,glp,1,45.0,45.0,45.0,45.0,45.0
2015-03,MUN,MG|MONTE CARMELO,glp,16,55.0,53.0,60.0,52.0,60.0
2015-03,MUN,MG|MONTES CLAROS,glp,42,48.0,47.0,49.8,47.0,50.0
2015-03,MUN,MG|MURIAE,glp,6,48.0,45.0,50.5,45.0,51.0
2015-03,MUN,MG|NOVA LIMA,glp,11,51.0,49.0,54.0,49.0,54.0
2015-03,MUN,MG|OLIVEIRA,glp,10,41.0,38.0,42.1,38.0,43.0
2015-03,MUN,MG|OURO PRETO,glp,11,53.0,50.0,57.0,47.0,57.0
2015-03,MUN,MG|PARA DE MINAS,glp,11,47.0,47.0,49.5,46.0,49.5
2015-03,MUN,MG|PARACATU,glp,8,50.0,45.0,50.9,45.0,53.0
2015-03,MUN,MG|PASSOS,glp,26,48.0,45.0,48.0,45.0,50.0
2015-03,MUN,MG|PATOS DE MINAS,glp,20,50.0,48.0,50.0,45.0,50.0
2015-03,MUN,MG|PATROCINIO,glp,12,46.0,45.0,48.0,44.0,50.0
2015-03,MUN,MG|POCOS DE CALDAS,glp,22,44.0,42.2,44.0,42.0,44.1
2015-03,MUN,MG|PONTE NOVA,glp,1,43.0,43.0,43.0,43.0,43.0
2015-03,MUN,MG|POUSO ALEGRE,glp,19,42.0,39.2,43.0,36.0,45.0
2015-03,MUN,MG|RIBEIRAO DAS NEVES,glp,18,52.0,50.4,54.0,49.0,54.0
2015-03,MUN,MG|SABARA,glp,16,52.0,50.5,54.0,50.0,54.0
2015-03,MUN,MG|SANTA LUZIA,glp,16,51.5,50.0,54.0,50.0,55.0
2015-03,MUN,MG|SANTOS DUMONT,glp,9,43.0,43.0,45.0,43.0,45.0
2015-03,MUN,MG|SAO GONCALO DO RIO ABAIXO,glp,1,45.0,45.0,45.0,45.0,45.0
2015-03,MUN,MG|SAO JOAO DEL REI,glp,16,48.0,46.0,51.0,45.0,52.0
2015-03,MUN,MG|SAO LOURENCO,glp,5,40.0,39.4,41.2,39.0,42.0
2015-03,MUN,MG|SAO SEBASTIAO DO PARAISO,glp,12,48.0,45.0,50.0,45.0,50.0
2015-03,MUN,MG|SETE LAGOAS,glp,28,50.0,45.0,52.3,41.0,53.0
2015-03,MUN,MG|TEOFILO OTONI,glp,35,45.0,40.8,49.0,38.0,49.0
2015-03,MUN,MG|TIMOTEO,glp,8,47.0,44.8,48.6,42.0,50.0
2015-03,MUN,MG|TRES CORACOES,glp,8,42.0,40.0,45.0,40.0,45.0
2015-03,MUN,MG|UBA,glp,12,55.0,50.25,57.7,50.0,58.0
2015-03,MUN,MG|UBERABA,glp,48,50.0,49.0,50.0,45.0,50.0
2015-03,MUN,MG|UBERLANDIA,glp,85,49.0,48.0,50.0,47.0,52.0
2015-03,MUN,MG|UNAI,glp,17,55.0,55.0,55.0,55.0,55.0
2015-03,MUN,MG|VARGINHA,glp,15,42.0,40.0,42.0,38.0,43.0
2015-03,MUN,MG|VESPASIANO,glp,11,52.0,50.0,54.0,49.0,54.0
2015-03,MUN,MG|VICOSA,glp,4,55.0,55.0,55.0,55.0,55.0
2015-03,MUN,MS|BATAYPORA,glp,2,52.5,50.5,54.5,50.0,55.0
2015-03,MUN,MS|CAMPO GRANDE,glp,437,55.0,52.0,57.0,42.0,58.0
2015-03,MUN,MS|CORUMBA,glp,10,42.0,42.0,43.2,42.0,45.0
2015-03,MUN,MS|COXIM,glp,15,60.0,55.4,62.0,53.0,62.0
2015-03,MUN,MS|DOURADOS,glp,84,55.0,55.0,56.0,55.0,58.0
2015-03,MUN,MS|NOVA ANDRADINA,glp,14,55.0,52.9,55.0,48.0,55.0
2015-03,MUN,MS|PARANAIBA,glp,13,50.0,50.0,50.0,48.0,50.0
2015-03,MUN,MS|PONTA PORA,glp,8,49.5,45.7,50.0,45.0,50.0
2015-03,MUN,MS|TRES LAGOAS,glp,24,47.5,42.0,50.0,40.0,50.0
2015-03,MUN,MT|ALTA FLORESTA,glp,8,60.0,59.4,60.6,58.0,62.0
2015-03,MUN,MT|CACERES,glp,10,52.5,45.9,55.0,45.0,55.0
2015-03,MUN,MT|CUIABA,glp,94,60.0,57.0,65.0,52.5,67.0
2015-03,MUN,MT|RONDONOPOLIS,glp,17,60.0,58.0,60.0,58.0,62.0
2015-03,MUN,MT|SINOP,glp,21,60.0,59.0,61.0,58.0,61.0
2015-03,MUN,MT|SORRISO,glp,11,65.0,65.0,68.0,62.0,68.0
2015-03,MUN,MT|VARZEA GRANDE,glp,27,60.0,56.8,65.0,55.0,65.0
2015-03,MUN,PA|ABAETETUBA,glp,6,44.0,42.0,47.0,42.0,47.0
2015-03,MUN,PA|ALENQUER,glp,5,55.0,53.8,55.0,53.0,55.0
2015-03,MUN,PA|ALTAMIRA,glp,11,55.0,55.0,57.0,55.0,58.0
2015-03,MUN,PA|ANANINDEUA,glp,44,50.0,48.0,50.0,42.0,50.0
2015-03,MUN,PA|BELEM,glp,106,48.0,45.0,48.0,42.0,48.0
2015-03,MUN,PA|BRAGANCA,glp,7,50.0,48.0,50.0,48.0,50.0
2015-03,MUN,PA|BREVES,glp,3,50.0,45.2,52.4,44.0,53.0
2015-03,MUN,PA|CAMETA,glp,8,47.0,45.0,48.0,45.0,48.0
2015-03,MUN,PA|CASTANHAL,glp,9,50.0,49.6,50.0,48.0,50.0
2015-03,MUN,PA|CONCEICAO DO ARAGUAIA,glp,9,53.0,47.4,55.0,45.0,55.0
2015-03,MUN,PA|ITAITUBA,glp,8,60.0,55.0,62.3,55.0,63.0
2015-03,MUN,PA|MARABA,glp,6,55.0,50.5,55.0,46.0,55.0
2015-03,MUN,PA|PARAGOMINAS,glp,5,57.0,54.0,57.0,54.0,57.0
2015-03,MUN,PA|PARAUAPEBAS,glp,5,55.0,53.8,55.6,53.0,56.0
2015-03,MUN,PA|REDENCAO,glp,11,60.0,55.0,60.0,55.0,60.0
2015-03,MUN,PA|SANTAREM,glp,23,48.0,47.0,50.0,47.0,50.0
2015-03,MUN,PA|TUCURUI,glp,5,50.0,50.0,50.0,50.0,50.0
2015-03,MUN,PA|XINGUARA,glp,5,55.0,51.2,55.0,50.0,55.0
2015-03,MUN,PB|BAYEUX,glp,11,40.0,37.0,45.0,35.0,45.0
2015-03,MUN,PB|CABEDELO,glp,10,43.0,40.0,45.0,40.0,45.0
2015-03,MUN,PB|CAMPINA GRANDE,glp,43,45.0,43.8,45.0,40.0,45.0
2015-03,MUN,PB|JOAO PESSOA,glp,54,42.0,40.0,45.0,40.0,48.0
2015-03,MUN,PB|MAMANGUAPE,glp,1,40.0,40.0,40.0,40.0,40.0
2015-03,MUN,PB|PATOS,glp,11,45.0,45.0,45.0,45.0,45.0
2015-03,MUN,PB|PIANCO,glp,1,45.0,45.0,45.0,45.0,45.0
2015-03,MUN,PB|SANTA RITA,glp,7,42.0,38.0,45.0,38.0,45.0
2015-03,MUN,PB|SAPE,glp,4,40.0,40.0,40.0,40.0,40.0
2015-03,MUN,PB|SOUSA,glp,4,38.0,38.0,39.4,38.0,40.0
2015-03,MUN,PE|ABREU E LIMA,glp,12,45.0,40.5,49.8,40.0,55.0
2015-03,MUN,PE|AFOGADOS DA INGAZEIRA,glp,1,45.0,45.0,45.0,45.0,45.0
2015-03,MUN,PE|AGUAS BELAS,glp,1,45.0,45.0,45.0,45.0,45.0
2015-03,MUN,PE|ARARIPINA,glp,5,45.0,43.2,45.0,42.0,45.0
2015-03,MUN,PE|ARCOVERDE,glp,4,45.0,41.5,45.0,40.0,45.0
2015-03,MUN,PE|BELO JARDIM,glp,8,39.0,38.0,40.0,38.0,40.0
2015-03,MUN,PE|BEZERROS,glp,1,40.0,40.0,40.0,40.0,40.0
2015-03,MUN,PE|BOM CONSELHO,glp,4,42.0,42.0,42.0,42.0,42.0
2015-03,MUN,PE|CABO DE SANTO AGOSTINHO,glp,19,45.0,40.0,49.2,40.0,50.0
2015-03,MUN,PE|CACHOEIRINHA,glp,1,35.0,35.0,35.0,35.0,35.0
2015-03,MUN,PE|CAMARAGIBE,glp,22,45.0,40.0,50.0,40.0,50.0
2015-03,MUN,PE|CARUARU,glp,26,38.0,35.0,45.0,35.0,50.0
2015-03,MUN,PE|GARANHUNS,glp,7,45.0,45.0,45.0,45.0,45.0
2015-03,MUN,PE|GOIANA,glp,3,35.0,35.0,37.4,35.0,38.0
2015-03,MUN,PE|GRAVATA,glp,5,35.0,34.995,44.0,34.995,50.0
2015-03,MUN,PE|IGARASSU,glp,24,49.0,45.0,50.7,40.0,55.0
2015-03,MUN,PE|JABOATAO DOS GUARARAPES,glp,58,45.0,40.0,50.0,38.0,55.0
2015-03,MUN,PE|LAJEDO,glp,8,42.0,38.5,42.0,35.0,42.0
2015-03,MUN,PE|OLINDA,glp,42,45.0,40.0,50.0,38.0,55.0
2015-03,MUN,PE|PAULISTA,glp,16,50.0,43.995,55.0,42.5,55.0
2015-03,MUN,PE|PETROLINA,glp,17,45.0,42.8,45.0,42.0,45.0
2015-03,MUN,PE|RECIFE,glp,105,45.0,40.0,50.0,38.0,55.0
2015-03,MUN,PE|SALGUEIRO,glp,3,50.0,43.6,50.0,42.0,50.0
2015-03,MUN,PE|SANTA CRUZ DO CAPIBARIBE,glp,5,40.0,35.0,40.0,35.0,40.0
2015-03,MUN,PE|SAO BENTO DO UNA,glp,3,38.0,36.4,38.0,36.0,38.0
2015-03,MUN,PE|SAO LOURENCO DA MATA,glp,17,45.0,39.2,50.0,38.0,50.0
2015-03,MUN,PE|SERRA TALHADA,glp,3,50.0,46.0,50.0,45.0,50.0
2015-03,MUN,PE|VITORIA DE SANTO ANTAO,glp,14,40.0,35.0,45.0,35.0,45.0
2015-03,MUN,PI|BARRAS,glp,3,53.0,53.0,53.0,53.0,53.0
2015-03,MUN,PI|CAMPO MAIOR,glp,5,53.0,50.0,53.0,48.0,53.0
2015-03,MUN,PI|OEIRAS,glp,3,50.0,50.0,50.0,50.0,50.0
2015-03,MUN,PI|PARNAIBA,glp,4,47.0,46.3,47.7,46.0,48.0
2015-03,MUN,PI|PICOS,glp,3,48.0,48.0,51.2,48.0,52.0
2015-03,MUN,PI|PIRIPIRI,glp,5,53.0,49.4,53.0,47.0,53.0
2015-03,MUN,PI|TERESINA,glp,66,43.0,43.0,45.0,43.0,45.0
2015-03,MUN,PR|ALMIRANTE TAMANDARE,glp,10,39.25,39.0,41.1,39.0,42.0
2015-03,MUN,PR|APUCARANA,glp,24,50.0,40.6,50.0,39.0,50.0
2015-03,MUN,PR|ARAPONGAS,glp,23,50.0,45.4,50.0,43.0,50.0
2015-03,MUN,PR|ARAUCARIA,glp,16,42.0,40.0,45.0,38.0,45.0
2015-03,MUN,PR|ASSIS CHATEAUBRIAND,glp,7,43.0,38.0,43.8,38.0,45.0
2015-03,MUN,PR|CAMBE,glp,31,45.0,42.0,52.0,40.0,53.0
2015-03,MUN,PR|CAMPO LARGO,glp,21,40.0,37.9,42.0,36.9,43.0
2015-03,MUN,PR|CAMPO MOURAO,glp,14,50.0,50.0,50.0,45.0,50.0
2015-03,MUN,PR|CASCAVEL,glp,64,50.0,49.0,51.0,48.0,52.0
2015-03,MUN,PR|CASTRO,glp,9,47.0,44.0,47.78,44.0,48.9
2015-03,MUN,PR|CIANORTE,glp,14,50.0,45.0,53.5,43.0,55.0
2015-03,MUN,PR|COLOMBO,glp,32,42.0,40.0,43.0,38.0,45.0
2015-03,MUN,PR|CORNELIO PROCOPIO,glp,9,46.5,45.0,48.1,45.0,48.5
2015-03,MUN,PR|CURITIBA,glp,151,40.0,38.0,41.0,37.0,46.0
2015-03,MUN,PR|FOZ DO IGUACU,glp,36,36.9,35.0,42.0,34.0,50.0
2015-03,MUN,PR|FRANCISCO BELTRAO,glp,10,40.0,38.9,43.0,38.0,43.0
2015-03,MUN,PR|GUAIRA,glp,1,40.0,40.0,40.0,40.0,40.0
2015-03,MUN,PR|GUARAPUAVA,glp,20,44.5,41.9,49.5,41.0,50.0
2015-03,MUN,PR|LARANJEIRAS DO SUL,glp,8,42.0,38.0,42.3,38.0,43.0
2015-03,MUN,PR|LONDRINA,glp,111,50.0,48.0,53.0,43.0,55.0
2015-03,MUN,PR|MARECHAL CANDIDO RONDON,glp,6,50.0,47.5,51.5,45.0,53.0
2015-03,MUN,PR|MARINGA,glp,46,55.0,50.0,55.0,50.0,58.0
2015-03,MUN,PR|PARANAGUA,glp,27,40.0,39.2,42.6,35.0,45.0
2015-03,MUN,PR|PARANAVAI,glp,13,55.0,48.2,58.0,42.0,66.0
2015-03,MUN,PR|PATO BRANCO,glp,12,48.0,47.91,48.0,47.9,48.0
2015-03,MUN,PR|PINHAIS,glp,21,42.0,40.0,42.0,38.5,44.45
2015-03,MUN,PR|PONTA GROSSA,glp,45,40.0,39.0,42.0,38.0,46.0
2015-03,MUN,PR|SANTO ANTONIO DA PLATINA,glp,14,46.0,44.0,46.0,44.0,47.0
2015-03,MUN,PR|SAO JOSE DOS PINHAIS,glp,17,40.0,36.14,43.4,35.0,44.0
2015-03,MUN,PR|TERRA BOA,glp,1,55.0,55.0,55.0,55.0,55.0
2015-03,MUN,PR|TOLEDO,glp,27,40.0,38.0,41.7,38.0,43.0
2015-03,MUN,PR|UMUARAMA,glp,22,50.0,49.55,50.0,47.0,50.0
2015-03,MUN,PR|UNIAO DA VITORIA,glp,5,48.0,47.4,48.0,47.0,48.0
2015-03,MUN,RJ|ANGRA DOS REIS,glp,5,45.0,43.8,45.0,43.0,45.0
2015-03,MUN,RJ|ARARUAMA,glp,9,45.0,42.0,48.992,42.0,53.0
2015-03,MUN,RJ|ARMACAO DOS BUZIOS,glp,1,46.9,46.9,46.9,46.9,46.9
2015-03,MUN,RJ|BARRA DO PIRAI,glp,3,39.0,38.2,47.8,38.0,50.0
2015-03,MUN,RJ|BARRA MANSA,glp,16,45.5,42.0,48.5,40.0,53.0
2015-03,MUN,RJ|BELFORD ROXO,glp,6,48.0,42.495,49.0,37.99,50.0
2015-03,MUN,RJ|CABO FRIO,glp,6,44.0,41.0,47.5,40.0,50.0
2015-03,MUN,RJ|CAMPOS DOS GOYTACAZES,glp,28,55.0,50.0,55.0,40.0,55.0
2015-03,MUN,RJ|DUQUE DE CAXIAS,glp,74,45.5,42.0,48.0,40.0,49.0
2015-03,MUN,RJ|ITABORAI,glp,4,40.0,37.9,40.0,37.0,40.0
2015-03,MUN,RJ|ITAGUAI,glp,4,40.9,38.5,46.17,37.9,48.0
2015-03,MUN,RJ|ITAPERUNA,glp,6,45.0,43.5,45.0,42.0,45.0
2015-03,MUN,RJ|MACAE,glp,6,44.0,41.5,49.0,40.0,50.0
2015-03,MUN,RJ|MAGE,glp,4,37.25,35.0,39.85,35.0,40.0
2015-03,MUN,RJ|MANGARATIBA,glp,1,39.9,39.9,39.9,39.9,39.9
2015-03,MUN,RJ|MARICA,glp,4,40.0,40.0,40.0,40.0,40.0
2015-03,MUN,RJ|NILOPOLIS,glp,4,46.0,46.0,47.4,46.0,48.0
2015-03,MUN,RJ|NITEROI,glp,18,46.25,42.0,48.0,42.0,48.0
2015-03,MUN,RJ|NOVA FRIBURGO,glp,5,45.0,40.8,50.0,40.0,50.0
2015-03,MUN,RJ|NOVA IGUACU,glp,23,48.0,42.0,50.0,39.99,51.0
2015-03,MUN,RJ|PARAIBA DO SUL,glp,3,40.0,37.6,44.0,37.0,45.0
2015-03,MUN,RJ|PARATY,glp,2,41.0,40.2,41.8,40.0,42.0
2015-03,MUN,RJ|PETROPOLIS,glp,9,49.9,48.2,50.971,45.0,51.255
2015-03,MUN,RJ|RESENDE,glp,8,44.0,41.4,46.3,40.0,47.0
2015-03,MUN,RJ|RIO BONITO,glp,4,42.0,42.0,42.0,42.0,42.0
2015-03,MUN,RJ|RIO DAS OSTRAS,glp,1,48.0,48.0,48.0,48.0,48.0
2015-03,MUN,RJ|RIO DE JANEIRO,glp,92,40.0,33.1,48.0,30.0,51.5
2015-03,MUN,RJ|SANTO ANTONIO DE PADUA,glp,2,36.0,36.0,36.0,36.0,36.0
2015-03,MUN,RJ|SAO FRANCISCO DE ITABAPOANA,glp,2,51.5,48.7,54.3,48.0,55.0
2015-03,MUN,RJ|SAO GONCALO,glp,36,43.0,40.0,48.0,38.0,49.0
2015-03,MUN,RJ|SAO JOAO DE MERITI,glp,8,45.0,34.997,50.3,34.99,51.0
2015-03,MUN,RJ|SAPUCAIA,glp,2,48.0,48.0,48.0,48.0,48.0
2015-03,MUN,RJ|SAQUAREMA,glp,4,41.0,40.3,41.7,40.0,42.0
2015-03,MUN,RJ|TERESOPOLIS,glp,10,44.5,42.7,46.0,40.0,46.0
2015-03,MUN,RJ|TRES RIOS,glp,3,43.0,40.6,43.0,40.0,43.0
2015-03,MUN,RJ|VALENCA,glp,5,47.0,46.0,47.6,46.0,48.0
2015-03,MUN,RJ|VASSOURAS,glp,2,45.0,45.0,45.0,45.0,45.0
2015-03,MUN,RJ|VOLTA REDONDA,glp,12,46.0,41.3,51.9,40.0,52.0
2015-03,MUN,RN|CAICO,glp,5,45.0,45.0,45.0,45.0,45.0
2015-03,MUN,RN|CURRAIS NOVOS,glp,3,45.0,45.0,45.0,45.0,45.0
2015-03,MUN,RN|MOSSORO,glp,7,45.0,45.0,50.0,45.0,50.0
2015-03,MUN,RN|NATAL,glp,54,50.0,45.0,52.0,42.0,53.0
2015-03,MUN,RN|PARNAMIRIM,glp,16,50.0,46.5,50.0,45.0,51.0
2015-03,MUN,RN|SANTA CRUZ,glp,1,45.0,45.0,45.0,45.0,45.0
2015-03,MUN,RN|SAO JOSE DE MIPIBU,glp,4,46.0,45.0,49.1,45.0,50.0
2015-03,MUN,RO|ARIQUEMES,glp,8,55.0,51.4,57.3,50.0,58.0
2015-03,MUN,RO|CACOAL,glp,6,55.0,55.0,55.0,55.0,55.0
2015-03,MUN,RO|GUAJARA-MIRIM,glp,6,58.0,55.0,58.0,55.0,58.0
2015-03,MUN,RO|JI-PARANA,glp,22,55.0,53.0,58.0,50.0,58.0
2015-03,MUN,RO|PIMENTA BUENO,glp,5,55.0,53.0,56.0,53.0,56.0
2015-03,MUN,RO|PORTO VELHO,glp,61,45.0,45.0,48.0,43.0,50.0
2015-03,MUN,RO|SAO MIGUEL DO GUAPORE,glp,2,58.0,58.0,58.0,58.0,58.0
2015-03,MUN,RO|VILHENA,glp,12,57.0,56.0,59.0,55.0,60.0
2015-03,MUN,RR|BOA VISTA,glp,30,53.0,52.0,54.1,51.0,56.5
2015-03,MUN,RR|CANTA,glp,1,56.0,56.0,56.0,56.0,56.0
2015-03,MUN,RR|CARACARAI,glp,3,52.0,51.2,52.8,51.0,53.0
2015-03,MUN,RR|RORAINOPOLIS,glp,4,51.5,46.5,53.7,45.0,54.0
2015-03,MUN,RS|ALEGRETE,glp,15,37.0,35.6,38.0,35.0,39.0
2015-03,MUN,RS|ALVORADA,glp,15,46.0,42.8,48.0,42.0,53.0
2015-03,MUN,RS|BAGE,glp,31,45.0,45.0,48.0,43.4,50.0
2015-03,MUN,RS|BENTO GONCALVES,glp,11,49.0,46.0,49.0,40.0,52.0
2015-03,MUN,RS|CACAPAVA DO SUL,glp,11,45.5,45.0,46.0,43.0,46.0
2015-03,MUN,RS|CACHOEIRA DO SUL,glp,18,42.0,40.0,43.6,40.0,48.0
2015-03,MUN,RS|CACHOEIRINHA,glp,16,45.0,43.0,46.0,41.0,53.0
2015-03,MUN,RS|CANOAS,glp,34,44.0,41.65,46.55,37.0,47.5
2015-03,MUN,RS|CAXIAS DO SUL,glp,61,45.0,43.0,47.0,40.0,49.0
2015-03,MUN,RS|CHUI,glp,5,36.0,35.0,39.2,35.0,40.0
2015-03,MUN,RS|CRUZ ALTA,glp,7,36.0,34.0,38.8,34.0,40.0
2015-03,MUN,RS|ERECHIM,glp,21,47.0,46.0,49.0,44.0,50.0
2015-03,MUN,RS|ESTEIO,glp,13,46.0,45.0,48.0,45.0,49.5
2015-03,MUN,RS|GRAMADO,glp,8,46.0,44.7,48.0,44.0,48.0
2015-03,MUN,RS|GRAVATAI,glp,43,42.0,40.0,48.8,40.0,50.0
2015-03,MUN,RS|GUAIBA,glp,14,44.0,42.3,47.0,40.0,47.0
2015-03,MUN,RS|GUARANI DAS MISSOES,glp,1,40.0,40.0,40.0,40.0,40.0
2015-03,MUN,RS|IJUI,glp,17,43.0,42.6,47.8,41.0,49.0
2015-03,MUN,RS|JAGUARAO,glp,11,35.0,34.0,36.0,32.0,36.0
2015-03,MUN,RS|LAJEADO,glp,10,45.0,42.9,48.0,42.0,48.0
2015-03,MUN,RS|NOVO HAMBURGO,glp,25,42.0,40.0,44.0,38.0,45.0
2015-03,MUN,RS|OSORIO,glp,9,50.0,47.4,50.0,45.0,50.0
2015-03,MUN,RS|PALMEIRA DAS MISSOES,glp,7,45.0,45.0,47.7,45.0,48.0
2015-03,MUN,RS|PASSO FUNDO,glp,44,40.0,38.0,45.0,38.0,48.0
2015-03,MUN,RS|PELOTAS,glp,44,42.5,40.0,45.0,38.0,47.0
2015-03,MUN,RS|PORTAO,glp,1,42.0,42.0,42.0,42.0,42.0
2015-03,MUN,RS|PORTO ALEGRE,glp,81,47.0,42.0,50.0,40.0,57.45
2015-03,MUN,RS|RIO GRANDE,glp,41,40.0,38.0,41.5,37.0,43.0
2015-03,MUN,RS|SANTA CRUZ DO SUL,glp,25,44.0,42.0,47.0,40.0,48.0
2015-03,MUN,RS|SANTA MARIA,glp,89,42.5,40.4,45.0,38.0,49.0
2015-03,MUN,RS|SANTA ROSA,glp,6,41.0,40.0,44.0,40.0,45.0
2015-03,MUN,RS|SANTA VITORIA DO PALMAR,glp,8,39.0,36.4,40.0,35.0,40.0
2015-03,MUN,RS|SANTANA DO LIVRAMENTO,glp,17,45.0,45.0,45.0,44.0,45.0
2015-03,MUN,RS|SANTO ANGELO,glp,14,45.0,40.0,47.0,40.0,47.0
2015-03,MUN,RS|SAO BORJA,glp,8,46.5,45.0,48.0,45.0,48.0
2015-03,MUN,RS|SAO GABRIEL,glp,17,50.0,45.0,50.0,40.0,50.0
2015-03,MUN,RS|SAO LEOPOLDO,glp,21,42.25,40.0,46.0,38.0,48.0
2015-03,MUN,RS|SAO LUIZ GONZAGA,glp,5,40.0,40.0,42.27,40.0,42.45
2015-03,MUN,RS|SAPIRANGA,glp,13,45.0,43.4,47.0,43.0,47.0
2015-03,MUN,RS|SAPUCAIA DO SUL,glp,32,46.5,44.0,49.0,42.0,49.0
2015-03,MUN,RS|TORRES,glp,6,45.5,40.0,49.25,40.0,49.5
2015-03,MUN,RS|TRAMANDAI,glp,12,48.0,42.3,49.8,42.0,50.0
2015-03,MUN,RS|URUGUAIANA,glp,18,50.0,46.7,52.0,42.0,52.0
2015-03,MUN,RS|VACARIA,glp,9,45.0,44.0,47.4,40.0,49.0
2015-03,MUN,RS|VIAMAO,glp,20,47.5,44.92,50.0,42.0,50.0
2015-03,MUN,SC|ARARANGUA,glp,5,40.0,40.0,45.0,40.0,45.0
2015-03,MUN,SC|BALNEARIO CAMBORIU,glp,2,45.0,45.0,45.0,45.0,45.0
2015-03,MUN,SC|BIGUACU,glp,3,47.0,41.4,47.8,40.0,48.0
2015-03,MUN,SC|BLUMENAU,glp,22,48.0,47.0,49.0,44.0,50.0
2015-03,MUN,SC|BRUSQUE,glp,5,48.0,46.8,48.0,46.0,48.0
2015-03,MUN,SC|CACADOR,glp,4,48.5,48.0,49.7,48.0,50.0
2015-03,MUN,SC|CHAPECO,glp,17,47.0,45.0,49.4,45.0,50.0
2015-03,MUN,SC|CONCORDIA,glp,3,45.0,42.6,45.0,42.0,45.0
2015-03,MUN,SC|CRICIUMA,glp,10,43.0,37.9,43.015,37.0,43.15
2015-03,MUN,SC|FLORIANOPOLIS,glp,66,48.0,45.25,50.0,43.0,51.5
2015-03,MUN,SC|GASPAR,glp,1,47.0,47.0,47.0,47.0,47.0
2015-03,MUN,SC|ITAJAI,glp,44,43.0,40.0,44.49,38.0,50.0
2015-03,MUN,SC|JARAGUA DO SUL,glp,6,43.0,43.0,45.0,43.0,45.0
2015-03,MUN,SC|JOINVILLE,glp,25,43.0,41.4,44.0,40.0,47.0
2015-03,MUN,SC|LAGES,glp,11,48.0,45.0,49.0,45.0,50.0
2015-03,MUN,SC|LAGUNA,glp,4,40.0,40.0,43.5,40.0,45.0
2015-03,MUN,SC|MAFRA,glp,9,46.9,44.64,49.0,44.0,53.0
2015-03,MUN,SC|PALHOCA,glp,9,47.0,45.9,48.2,45.5,49.0
2015-03,MUN,SC|SAO JOSE,glp,16,45.0,43.5,47.5,43.0,48.0
2015-03,MUN,SC|SAO MIGUEL DO OESTE,glp,4,44.0,43.0,48.5,43.0,50.0
2015-03,MUN,SC|TUBARAO,glp,5,42.0,39.0,43.24,37.0,44.0
2015-03,MUN,SC|VIDEIRA,glp,5,49.0,47.4,50.8,47.0,52.0
2015-03,MUN,SC|XANXERE,glp,6,48.0,47.5,50.5,47.0,51.0
2015-03,MUN,SE|ARACAJU,glp,45,45.0,38.0,47.0,35.0,47.0
2015-03,MUN,SE|ITABAIANA,glp,4,40.5,39.0,42.7,39.0,43.0
2015-03,MUN,SE|ITABAIANINHA,glp,3,45.0,45.0,45.0,45.0,45.0
2015-03,MUN,SE|LAGARTO,glp,7,42.0,37.0,43.2,37.0,45.0
2015-03,MUN,SE|NOSSA SENHORA DO SOCORRO,glp,10,45.0,42.9,45.2,42.0,47.0
2015-03,MUN,SE|SIMAO DIAS,glp,4,41.5,40.3,43.05,40.0,43.5
2015-03,MUN,SE|TOBIAS BARRETO,glp,4,45.0,45.0,46.4,45.0,47.0
2015-03,MUN,SP|ADAMANTINA,glp,16,45.0,43.5,45.5,43.0,47.0
2015-03,MUN,SP|AMERICANA,glp,25,48.0,43.0,50.0,40.0,50.0
2015-03,MUN,SP|AMPARO,glp,5,46.0,44.8,48.74,44.0,49.9
2015-03,MUN,SP|APIAI,glp,2,47.5,47.1,47.9,47.0,48.0
2015-03,MUN,SP|ARACATUBA,glp,59,42.0,40.0,45.0,39.0,48.0
2015-03,MUN,SP|ARARAQUARA,glp,15,48.0,40.8,50.0,40.0,52.0
2015-03,MUN,SP|ARARAS,glp,7,42.0,41.9,47.48,41.9,50.0
2015-03,MUN,SP|ASSIS,glp,18,42.0,40.0,42.0,38.0,42.0
2015-03,MUN,SP|ATIBAIA,glp,24,42.0,40.0,47.7,38.0,49.0
2015-03,MUN,SP|AVARE,glp,15,47.5,45.0,50.0,42.0,50.0
2015-03,MUN,SP|BARRETOS,glp,19,38.0,36.0,40.0,35.0,43.0
2015-03,MUN,SP|BARUERI,glp,34,42.0,39.993,48.7,38.99,50.0
2015-03,MUN,SP|BAURU,glp,60,48.0,42.0,48.55,38.0,50.0
2015-03,MUN,SP|BEBEDOURO,glp,17,41.0,38.8,43.0,37.0,43.0
2015-03,MUN,SP|BIRIGUI,glp,31,40.0,40.0,45.0,40.0,45.0
2015-03,MUN,SP|BOTUCATU,glp,22,45.0,45.0,49.75,45.0,50.0
2015-03,MUN,SP|BRAGANCA PAULISTA,glp,23,38.9,32.0,42.0,32.0,45.0
2015-03,MUN,SP|CACAPAVA,glp,18,40.0,32.1,45.0,30.0,47.0
2015-03,MUN,SP|CAMPINAS,glp,80,40.0,38.0,44.05,38.0,48.0
2015-03,MUN,SP|CAMPOS DO JORDAO,glp,8,37.5,35.7,40.6,35.0,42.0
2015-03,MUN,SP|CAPAO BONITO,glp,4,45.5,45.0,46.7,45.0,47.0
2015-03,MUN,SP|CARAGUATATUBA,glp,9,41.9,38.0,42.2,38.0,43.0
2015-03,MUN,SP|CARAPICUIBA,glp,31,40.0,37.99,45.0,34.99,45.0
2015-03,MUN,SP|CATANDUVA,glp,22,43.0,40.0,50.0,39.9,52.0
2015-03,MUN,SP|COSMOPOLIS,glp,12,43.0,42.0,45.0,40.0,45.0
2015-03,MUN,SP|COTIA,glp,12,42.5,38.2,45.0,37.99,49.0
2015-03,MUN,SP|CRUZEIRO,glp,18,40.0,35.0,40.0,30.0,40.0
2015-03,MUN,SP|CUBATAO,glp,8,45.0,41.4,48.0,40.0,48.0
2015-03,MUN,SP|DIADEMA,glp,36,42.0,39.49,43.75,38.99,47.0
2015-03,MUN,SP|DRACENA,glp,10,47.0,45.0,48.1,45.0,49.0
2015-03,MUN,SP|EMBU DAS ARTES,glp,5,42.0,40.8,43.96,40.0,44.0
2015-03,MUN,SP|FERNANDOPOLIS,glp,1,40.0,40.0,40.0,40.0,40.0
2015-03,MUN,SP|FERRAZ DE VASCONCELOS,glp,15,40.0,35.0,52.99,35.0,53.0
2015-03,MUN,SP|FRANCA,glp,52,40.0,38.0,41.365,34.99,47.5
2015-03,MUN,SP|FRANCISCO MORATO,glp,19,45.0,41.6,48.0,36.0,50.0
2015-03,MUN,SP|FRANCO DA ROCHA,glp,9,42.0,39.8,45.6,39.0,48.0
2015-03,MUN,SP|GARCA,glp,11,43.0,38.0,45.0,38.0,45.0
2015-03,MUN,SP|GUARATINGUETA,glp,18,38.45,34.4,45.0,30.0,49.0
2015-03,MUN,SP|GUARUJA,glp,12,40.0,35.99,49.0,35.99,49.0
2015-03,MUN,SP|GUARULHOS,glp,42,40.0,35.199,47.0,34.99,50.0
2015-03,MUN,SP|HORTOLANDIA,glp,25,45.0,42.0,49.2,39.99,55.0
2015-03,MUN,SP|IBITINGA,glp,12,42.5,42.0,45.0,40.0,50.0
2015-03,MUN,SP|INDAIATUBA,glp,27,45.0,40.0,46.2,40.0,50.0
2015-03,MUN,SP|ITANHAEM,glp,13,40.0,39.2,44.8,35.0,46.0
2015-03,MUN,SP|ITAPECERICA DA SERRA,glp,7,45.0,44.2,48.2,43.0,50.0
2015-03,MUN,SP|ITAPETININGA,glp,21,40.0,40.0,43.0,37.0,44.0
2015-03,MUN,SP|ITAPEVA,glp,8,43.0,41.4,44.3,40.0,45.0
2015-03,MUN,SP|ITAPEVI,glp,9,39.0,38.192,41.4,35.0,47.0
2015-03,MUN,SP|ITAPIRA,glp,4,43.0,40.2,43.7,39.0,44.0
2015-03,MUN,SP|ITAPOLIS,glp,17,45.0,41.08,45.0,40.0,46.5
2015-03,MUN,SP|ITAQUAQUECETUBA,glp,17,40.0,37.6,43.2,37.0,52.0
2015-03,MUN,SP|ITATIBA,glp,13,43.0,42.2,47.0,40.0,47.9
2015-03,MUN,SP|ITU,glp,14,40.5,38.0,43.4,38.0,46.9
2015-03,MUN,SP|JABOTICABAL,glp,23,43.0,40.4,49.972,35.0,52.0
2015-03,MUN,SP|JACAREI,glp,17,38.0,35.0,45.0,35.0,46.0
2015-03,MUN,SP|JALES,glp,9,40.0,40.0,40.0,40.0,40.0
2015-03,MUN,SP|JANDIRA,glp,16,42.99,39.995,46.5,38.0,49.0
2015-03,MUN,SP|JAU,glp,11,50.0,49.5,50.0,49.0,50.0
2015-03,MUN,SP|JOSE BONIFACIO,glp,15,42.0,40.997,43.6,40.0,44.4
2015-03,MUN,SP|JUNDIAI,glp,16,41.0,40.0,45.5,37.0,46.9
2015-03,MUN,SP|LEME,glp,20,38.0,35.9,45.0,35.0,45.0
2015-03,MUN,SP|LIMEIRA,glp,17,45.0,42.0,48.0,42.0,55.0
2015-03,MUN,SP|LINS,glp,25,36.0,35.0,38.0,35.0,38.0
2015-03,MUN,SP|LORENA,glp,17,36.0,32.0,42.0,30.0,42.0
2015-03,MUN,SP|MARILIA,glp,21,42.0,40.0,43.0,40.0,44.0
2015-03,MUN,SP|MATAO,glp,20,45.0,41.8,48.0,39.0,48.0
2015-03,MUN,SP|MAUA,glp,33,45.0,38.992,47.0,35.0,49.0
2015-03,MUN,SP|MIRASSOL,glp,21,42.0,40.0,45.0,37.0,45.0
2015-03,MUN,SP|MOCOCA,glp,14,42.0,42.0,42.7,42.0,43.0
2015-03,MUN,SP|MOGI DAS CRUZES,glp,49,45.0,38.0,48.8,35.0,53.0
2015-03,MUN,SP|MOGI GUACU,glp,15,45.0,42.0,45.0,37.0,45.0
2015-03,MUN,SP|MOGI MIRIM,glp,9,42.0,40.0,43.4,40.0,49.0
2015-03,MUN,SP|MONTE ALTO,glp,11,44.0,42.0,50.0,40.0,50.0
2015-03,MUN,SP|OLIMPIA,glp,14,34.5,33.0,37.4,33.0,40.0
2015-03,MUN,SP|OSASCO,glp,90,40.0,37.796,45.14,35.0,49.99
2015-03,MUN,SP|OURINHOS,glp,18,45.0,38.7,45.6,35.0,47.0
2015-03,MUN,SP|PARAGUACU PAULISTA,glp,13,46.0,42.1,46.0,41.5,46.0
2015-03,MUN,SP|PAULINIA,glp,18,40.0,35.0,41.2,34.0,44.0
2015-03,MUN,SP|PINDAMONHANGABA,glp,21,38.0,37.0,44.0,36.0,45.0
2015-03,MUN,SP|PIRACICABA,glp,32,50.0,50.0,55.0,45.0,55.0
2015-03,MUN,SP|PIRASSUNUNGA,glp,7,39.0,37.92,43.2,37.8,45.0
2015-03,MUN,SP|POA,glp,12,40.0,40.0,45.0,39.0,46.0
2015-03,MUN,SP|PORTO FERREIRA,glp,7,35.0,33.8,37.2,32.0,39.0
2015-03,MUN,SP|PRAIA GRANDE,glp,25,45.0,39.36,51.0,38.0,53.0
2015-03,MUN,SP|PRESIDENTE PRUDENTE,glp,43,44.0,40.0,48.0,35.0,49.9
2015-03,MUN,SP|PRESIDENTE VENCESLAU,glp,13,39.0,34.2,41.6,34.0,42.9
2015-03,MUN,SP|RIBEIRAO PIRES,glp,13,39.99,37.9,43.0,37.9,43.0
2015-03,MUN,SP|RIBEIRAO PRETO,glp,90,48.0,42.0,52.1,40.0,53.0
2015-03,MUN,SP|RIO CLARO,glp,9,43.0,38.0,43.4,38.0,45.0
2015-03,MUN,SP|SALTO,glp,19,40.0,38.0,45.2,35.0,46.0
2015-03,MUN,SP|SANTA BARBARA D'OESTE,glp,22,45.0,40.0,48.205,40.0,50.0
2015-03,MUN,SP|SANTA CRUZ DO RIO PARDO,glp,16,40.0,39.0,42.0,37.0,42.0
2015-03,MUN,SP|SANTO ANDRE,glp,48,45.0,40.0,49.93,34.99,50.0
2015-03,MUN,SP|SANTOS,glp,39,46.0,42.8,49.1,39.0,53.9
2015-03,MUN,SP|SAO BERNARDO DO CAMPO,glp,53,45.0,39.996,49.72,35.0,53.0
2015-03,MUN,SP|SAO CAETANO DO SUL,glp,5,47.0,47.0,52.996,47.0,55.0
2015-03,MUN,SP|SAO CARLOS,glp,25,44.9,44.9,48.6,40.0,52.0
2015-03,MUN,SP|SAO JOAO DA BOA VISTA,glp,11,35.0,35.0,36.0,35.0,36.0
2015-03,MUN,SP|SAO JOAQUIM DA BARRA,glp,11,45.0,43.0,45.0,40.0,45.0
2015-03,MUN,SP|SAO JOSE DO RIO PRETO,glp,114,43.0,40.0,45.0,40.0,48.0
2015-03,MUN,SP|SAO JOSE DOS CAMPOS,glp,48,42.0,38.0,45.0,35.0,48.0
2015-03,MUN,SP|SAO PAULO,glp,258,40.0,38.0,48.0,34.0,55.0
2015-03,MUN,SP|SAO ROQUE,glp,9,41.0,37.998,42.8,37.99,46.0
2015-03,MUN,SP|SAO VICENTE,glp,39,44.0,37.99,46.18,35.0,49.0
2015-03,MUN,SP|SERTAOZINHO,glp,24,40.0,35.6,43.7,35.0,44.0
2015-03,MUN,SP|SOROCABA,glp,37,43.0,40.0,49.94,38.0,53.0
2015-03,MUN,SP|SUMARE,glp,27,45.0,42.0,47.4,40.0,50.0
2015-03,MUN,SP|SUZANO,glp,22,44.0,38.0,46.0,37.0,48.0
2015-03,MUN,SP|TABOAO DA SERRA,glp,8,43.95,39.4,47.0,38.0,47.0
2015-03,MUN,SP|TATUI,glp,13,45.0,40.4,45.0,40.0,47.0
2015-03,MUN,SP|TAUBATE,glp,42,39.5,35.0,42.0,32.0,44.0
2015-03,MUN,SP|TUPA,glp,9,45.0,45.0,45.0,45.0,45.0
2015-03,MUN,SP|UBATUBA,glp,14,37.0,34.3,40.0,34.0,45.0
2015-03,MUN,SP|VALINHOS,glp,12,44.0,43.1,46.0,43.0,46.0
2015-03,MUN,SP|VARZEA PAULISTA,glp,13,40.0,35.0,41.6,35.0,45.0
2015-03,MUN,SP|VINHEDO,glp,8,45.0,42.7,45.3,42.0,46.0
2015-03,MUN,SP|VOTORANTIM,glp,22,45.0,40.3,46.0,40.0,48.0
2015-03,MUN,SP|VOTUPORANGA,glp,27,40.0,39.14,43.0,37.0,45.0
2015-03,MUN,TO|ARAGUAINA,glp,18,60.0,53.5,62.0,47.0,62.0
2015-03,MUN,TO|DIANOPOLIS,glp,7,48.0,45.6,55.0,45.0,55.0
2015-03,MUN,TO|GURUPI,glp,52,53.0,45.0,55.0,45.0,55.0
2015-03,MUN,TO|PALMAS,glp,38,58.0,57.0,58.0,47.0,58.0
2015-03,MUN,TO|PARAISO DO TOCANTINS,glp,22,49.0,45.0,52.7,45.0,55.0
2015-03,MUN,TO|PORTO NACIONAL,glp,11,50.0,48.0,50.0,43.0,50.0
2015-03,UF,AC,glp,104,52.0,49.65,57.0,47.5,62.0
2015-03,UF,AL,glp,85,50.0,38.8,50.0,35.0,50.0
2015-03,UF,AM,glp,313,47.0,45.0,50.0,41.0,56.0
2015-03,UF,AP,glp,47,58.0,50.0,59.0,48.0,69.0
2015-03,UF,BA,glp,575,42.0,35.0,46.0,30.0,51.0
2015-03,UF,CE,glp,311,52.0,45.0,55.0,40.0,57.0
2015-03,UF,DF,glp,221,45.0,43.0,50.0,37.0,55.0
2015-03,UF,ES,glp,310,45.0,40.0,47.0,33.0,52.0
2015-03,UF,GO,glp,595,43.0,41.0,46.0,39.0,55.0
2015-03,UF,MA,glp,209,49.0,40.0,55.0,34.99,60.0
2015-03,UF,MG,glp,1288,48.0,42.0,53.0,36.0,60.0
2015-03,UF,MS,glp,607,55.0,50.0,57.0,40.0,62.0
2015-03,UF,MT,glp,188,60.0,56.0,65.0,45.0,68.0
2015-03,UF,PA,glp,276,48.0,45.0,55.0,42.0,63.0
2015-03,UF,PB,glp,146,45.0,40.0,45.0,35.0,48.0
2015-03,UF,PE,glp,434,45.0,38.0,50.0,34.995,55.0
2015-03,UF,PI,glp,89,43.0,43.0,53.0,43.0,53.0
2015-03,UF,PR,glp,867,44.0,39.0,52.0,34.0,66.0
2015-03,UF,RJ,glp,432,45.0,38.1,50.0,30.0,55.0
2015-03,UF,RN,glp,90,50.0,45.0,51.0,42.0,53.0
2015-03,UF,RO,glp,122,50.0,45.0,58.0,43.0,60.0
2015-03,UF,RR,glp,38,53.0,51.0,54.3,45.0,56.5
2015-03,UF,RS,glp,934,45.0,40.0,49.0,32.0,57.45
2015-03,UF,SC,glp,282,46.0,42.0,49.0,37.0,53.0
2015-03,UF,SE,glp,77,45.0,38.0,47.0,35.0,47.0
2015-03,UF,SP,glp,2830,42.0,38.0,48.0,30.0,55.0
2015-03,UF,TO,glp,148,53.0,45.0,58.0,43.0,62.0
2015-04,BR,BR,glp,10282,45.0,40.0,55.0,30.0,70.0
2015-04,MUN,AC|CRUZEIRO DO SUL,glp,6,62.0,60.5,62.0,59.0,62.0
2015-04,MUN,AC|RIO BRANCO,glp,79,52.0,50.0,54.1,48.0,56.0
2015-04,MUN,AC|SENA MADUREIRA,glp,4,56.5,55.3,57.0,55.0,57.0
2015-04,MUN,AC|SENADOR GUIOMARD,glp,4,51.5,50.3,53.4,50.0,54.0
2015-04,MUN,AC|TARAUACA,glp,3,57.0,55.4,57.0,55.0,57.0
2015-04,MUN,AC|XAPURI,glp,1,60.0,60.0,60.0,60.0,60.0
2015-04,MUN,AL|ARAPIRACA,glp,12,41.0,38.2,42.0,37.0,42.0
2015-04,MUN,AL|ATALAIA,glp,1,40.0,40.0,40.0,40.0,40.0
2015-04,MUN,AL|DELMIRO GOUVEIA,glp,3,45.0,45.0,45.0,45.0,45.0
2015-04,MUN,AL|MACEIO,glp,69,45.0,45.0,45.0,45.0,50.0
2015-04,MUN,AL|MARECHAL DEODORO,glp,1,45.0,45.0,45.0,45.0,45.0
2015-04,MUN,AL|PALMEIRA DOS INDIOS,glp,5,37.0,37.0,41.8,37.0,45.0
2015-04,MUN,AL|RIO LARGO,glp,5,40.0,40.0,45.0,40.0,45.0
2015-04,MUN,AL|SANTANA DO IPANEMA,glp,7,42.0,35.0,45.0,35.0,45.0
2015-04,MUN,AL|SAO JOSE DA LAJE,glp,1,45.0,45.0,45.0,45.0,45.0
2015-04,MUN,AM|HUMAITA,glp,3,54.0,50.8,54.8,50.0,55.0
2015-04,MUN,AM|ITACOATIARA,glp,10,55.0,55.0,55.1,55.0,56.0
2015-04,MUN,AM|MANACAPURU,glp,3,50.0,49.2,51.6,49.0,52.0
2015-04,MUN,AM|MANAUS,glp,427,47.0,44.9,48.4,41.0,52.0
2015-04,MUN,AM|PARINTINS,glp,1,46.5,46.5,46.5,46.5,46.5
2015-04,MUN,AM|PRESIDENTE FIGUEIREDO,glp,4,50.0,50.0,51.4,50.0,52.0
2015-04,MUN,AM|TEFE,glp,2,52.0,52.0,52.0,52.0,52.0
2015-04,MUN,AP|CALCOENE,glp,1,61.0,61.0,61.0,61.0,61.0
2015-04,MUN,AP|LARANJAL DO JARI,glp,2,57.0,54.6,59.4,54.0,60.0
2015-04,MUN,AP|MACAPA,glp,21,60.0,59.0,61.0,48.0,61.0
2015-04,MUN,AP|OIAPOQUE,glp,1,69.0,69.0,69.0,69.0,69.0
2015-04,MUN,AP|SANTANA,glp,6,56.25,54.0,59.5,53.0,60.0
2015-04,MUN,BA|ALAGOINHAS,glp,6,40.0,40.0,42.5,40.0,45.0
2015-04,MUN,BA|BARRA,glp,5,38.0,35.6,38.6,35.0,39.0
2015-04,MUN,BA|BARREIRAS,glp,16,43.0,43.0,48.25,43.0,50.0
2015-04,MUN,BA|BRUMADO,glp,5,40.0,36.0,40.0,35.0,40.0
2015-04,MUN,BA|CAETITE,glp,6,40.0,38.0,40.0,37.5,40.0
2015-04,MUN,BA|CAMACARI,glp,24,45.0,42.15,48.0,35.0,48.0
2015-04,MUN,BA|CAMPO FORMOSO,glp,2,39.0,38.2,39.8,38.0,40.0
2015-04,MUN,BA|CANDEIAS,glp,7,44.0,38.0,45.0,35.0,45.0
2015-04,MUN,BA|CAPIM GROSSO,glp,1,40.0,40.0,40.0,40.0,40.0
2015-04,MUN,BA|EUNAPOLIS,glp,12,45.0,44.0,46.0,42.0,46.0
2015-04,MUN,BA|FEIRA DE SANTANA,glp,36,42.0,38.0,44.0,36.9,44.0
2015-04,MUN,BA|GUANAMBI,glp,20,35.0,35.0,35.0,35.0,40.0
2015-04,MUN,BA|ILHEUS,glp,5,48.9,45.0,50.164,45.0,51.0
2015-04,MUN,BA|IPIRA,glp,6,40.0,40.0,42.0,40.0,42.0
2015-04,MUN,BA|IRECE,glp,12,36.5,35.0,40.0,35.0,40.0
2015-04,MUN,BA|ITABUNA,glp,8,44.0,41.4,47.3,40.0,48.0
2015-04,MUN,BA|ITAMARAJU,glp,4,43.0,41.6,43.0,41.0,43.0
2015-04,MUN,BA|JACOBINA,glp,6,38.25,33.75,40.25,30.0,41.5
2015-04,MUN,BA|JAGUAQUARA,glp,11,37.0,37.0,37.0,37.0,37.0
2015-04,MUN,BA|JEQUIE,glp,13,35.0,32.4,35.0,32.0,38.0
2015-04,MUN,BA|JUAZEIRO,glp,8,45.0,43.85,45.0,43.5,45.0
2015-04,MUN,BA|LAURO DE FREITAS,glp,21,43.0,40.0,48.0,34.0,48.0
2015-04,MUN,BA|LIVRAMENTO DE NOSSA SENHORA,glp,1,32.0,32.0,32.0,32.0,32.0
2015-04,MUN,BA|PAULO AFONSO,glp,4,43.0,38.1,44.4,36.0,45.0
2015-04,MUN,BA|POCOES,glp,8,35.0,35.0,35.6,35.0,37.0
2015-04,MUN,BA|PORTO SEGURO,glp,11,40.0,36.0,46.0,35.0,50.0
2015-04,MUN,BA|RUY BARBOSA,glp,4,45.0,45.0,45.0,45.0,45.0
2015-04,MUN,BA|SALVADOR,glp,185,43.0,38.0,46.0,30.0,49.0
2015-04,MUN,BA|SANTANOPOLIS,glp,1,44.0,44.0,44.0,44.0,44.0
2015-04,MUN,BA|SANTO ANTONIO DE JESUS,glp,15,45.0,45.0,45.0,45.0,45.0
2015-04,MUN,BA|SENHOR DO BONFIM,glp,8,40.0,38.0,41.5,38.0,45.0
2015-04,MUN,BA|SERRINHA,glp,6,40.0,38.5,40.0,38.0,40.0
2015-04,MUN,BA|SIMOES FILHO,glp,12,44.5,40.0,49.8,40.0,50.0
2015-04,MUN,BA|TEIXEIRA DE FREITAS,glp,6,40.0,40.0,41.0,40.0,42.0
2015-04,MUN,BA|VALENCA,glp,6,45.0,45.0,45.5,45.0,46.0
2015-04,MUN,BA|VARZEDO,glp,1,45.0,45.0,45.0,45.0,45.0
2015-04,MUN,BA|VITORIA DA CONQUISTA,glp,14,38.0,38.0,39.97,38.0,40.0
2015-04,MUN,CE|BEBERIBE,glp,1,48.0,48.0,48.0,48.0,48.0
2015-04,MUN,CE|CANINDE,glp,5,44.0,43.4,44.6,43.0,45.0
2015-04,MUN,CE|CAUCAIA,glp,26,52.0,50.0,55.0,50.0,55.0
2015-04,MUN,CE|CRATEUS,glp,5,49.0,48.5,49.8,48.5,50.0
2015-04,MUN,CE|CRATO,glp,11,48.0,45.5,48.0,45.0,48.0
2015-04,MUN,CE|FORTALEZA,glp,105,52.0,50.0,54.0,47.5,55.0
2015-04,MUN,CE|ICO,glp,5,47.0,46.4,47.6,46.0,48.0
2015-04,MUN,CE|IGUATU,glp,5,46.95,45.7,47.0,45.5,47.0
2015-04,MUN,CE|IPU,glp,2,46.5,45.7,47.3,45.5,47.5
2015-04,MUN,CE|ITAPIPOCA,glp,7,47.0,46.4,48.2,45.5,48.5
2015-04,MUN,CE|JUAZEIRO DO NORTE,glp,10,47.0,46.0,48.05,46.0,48.5
2015-04,MUN,CE|LIMOEIRO DO NORTE,glp,4,49.75,49.465,50.0,49.45,50.0
2015-04,MUN,CE|MARACANAU,glp,15,54.0,52.5,54.5,52.0,55.0
2015-04,MUN,CE|MORADA NOVA,glp,5,50.0,47.7,50.0,47.5,50.0
2015-04,MUN,CE|PEDRA BRANCA,glp,3,43.5,42.3,44.7,42.0,45.0
2015-04,MUN,CE|QUIXADA,glp,7,44.0,42.0,44.4,42.0,45.0
2015-04,MUN,CE|SOBRAL,glp,6,46.0,44.25,47.5,43.0,48.0
2015-04,MUN,DF|BRASILIA,glp,131,45.0,43.0,50.0,37.0,53.0
2015-04,MUN,ES|ARACRUZ,glp,7,41.0,40.0,43.0,40.0,43.0
2015-04,MUN,ES|BARRA DE SAO FRANCISCO,glp,4,44.0,43.65,44.0,43.5,44.0
2015-04,MUN,ES|CACHOEIRO DE ITAPEMIRIM,glp,15,41.5,39.97,45.0,38.0,45.0
2015-04,MUN,ES|CARIACICA,glp,71,45.0,44.0,46.0,42.0,47.0
2015-04,MUN,ES|CASTELO,glp,4,39.0,38.0,40.0,38.0,40.0
2015-04,MUN,ES|COLATINA,glp,9,40.0,36.0,40.4,36.0,42.0
2015-04,MUN,ES|GUARAPARI,glp,22,46.5,46.0,47.9,45.0,48.0
2015-04,MUN,ES|ITAPEMIRIM,glp,1,45.0,45.0,45.0,45.0,45.0
2015-04,MUN,ES|JAGUARE,glp,4,45.0,45.0,45.0,45.0,45.0
2015-04,MUN,ES|LINHARES,glp,12,45.0,43.2,48.0,40.0,48.0
2015-04,MUN,ES|MARATAIZES,glp,1,40.0,40.0,40.0,40.0,40.0
2015-04,MUN,ES|NOVA VENECIA,glp,3,33.0,33.0,38.6,33.0,40.0
2015-04,MUN,ES|SAO MATEUS,glp,12,46.0,40.0,47.45,40.0,48.0
2015-04,MUN,ES|SERRA,glp,109,45.0,44.0,46.0,43.0,47.0
2015-04,MUN,ES|VILA VELHA,glp,45,45.0,44.0,46.0,44.0,47.0
2015-04,MUN,ES|VITORIA,glp,29,46.0,45.0,47.0,45.0,48.0
2015-04,MUN,GO|AGUAS LINDAS DE GOIAS,glp,13,45.0,43.0,45.0,39.99,45.0
2015-04,MUN,GO|ANAPOLIS,glp,58,42.0,41.0,43.0,41.0,43.0
2015-04,MUN,GO|APARECIDA DE GOIANIA,glp,34,42.0,41.0,44.0,41.0,45.0
2015-04,MUN,GO|CALDAS NOVAS,glp,26,44.0,42.0,46.0,42.0,47.0
2015-04,MUN,GO|CATALAO,glp,13,44.0,40.4,44.8,40.0,45.0
2015-04,MUN,GO|FORMOSA,glp,18,45.0,42.0,45.0,42.0,47.0
2015-04,MUN,GO|GOIANIA,glp,95,42.0,41.7,44.0,41.0,45.0
2015-04,MUN,GO|GOIANIRA,glp,1,42.0,42.0,42.0,42.0,42.0
2015-04,MUN,GO|GOIATUBA,glp,16,46.0,46.0,47.0,46.0,48.0
2015-04,MUN,GO|ITUMBIARA,glp,17,46.0,45.0,48.0,45.0,50.0
2015-04,MUN,GO|JATAI,glp,19,47.0,44.0,53.0,44.0,55.0
2015-04,MUN,GO|LUZIANIA,glp,35,44.0,43.0,45.0,43.0,46.0
2015-04,MUN,GO|MINEIROS,glp,16,48.0,45.0,50.0,45.0,50.0
2015-04,MUN,GO|MORRINHOS,glp,16,42.0,42.0,44.0,39.9,45.0
2015-04,MUN,GO|PLANALTINA,glp,19,48.0,47.0,50.0,47.0,50.0
2015-04,MUN,GO|PONTALINA,glp,1,46.0,46.0,46.0,46.0,46.0
2015-04,MUN,GO|PORANGATU,glp,22,45.0,44.0,45.0,44.0,49.0
2015-04,MUN,GO|RIO VERDE,glp,23,45.0,44.2,46.0,44.0,47.0
2015-04,MUN,GO|TRINDADE,glp,32,42.0,41.0,42.0,40.0,43.0
2015-04,MUN,GO|VALPARAISO DE GOIAS,glp,12,45.0,44.0,45.95,44.0,46.0
2015-04,MUN,MA|ACAILANDIA,glp,5,53.0,52.4,55.0,52.0,55.0
2015-04,MUN,MA|BACABAL,glp,4,52.0,51.3,52.0,51.0,52.0
2015-04,MUN,MA|BALSAS,glp,3,50.0,50.0,53.2,50.0,54.0
2015-04,MUN,MA|BARRA DO CORDA,glp,6,52.0,52.0,54.0,52.0,55.0
2015-04,MUN,MA|CAROLINA,glp,3,55.0,51.0,55.0,50.0,55.0
2015-04,MUN,MA|CAXIAS,glp,2,50.0,50.0,50.0,50.0,50.0
2015-04,MUN,MA|CODO,glp,2,52.0,51.2,52.8,51.0,53.0
2015-04,MUN,MA|IMPERATRIZ,glp,50,55.0,52.5,60.0,50.0,60.0
2015-04,MUN,MA|PINHEIRO,glp,3,53.0,53.0,54.6,53.0,55.0
2015-04,MUN,MA|PRESIDENTE DUTRA,glp,4,52.5,50.0,55.0,50.0,55.0
2015-04,MUN,MA|SANTA INES,glp,4,53.0,52.3,53.0,52.0,53.0
2015-04,MUN,MA|SAO DOMINGOS DO MARANHAO,glp,2,45.0,45.0,45.0,45.0,45.0
2015-04,MUN,MA|SAO JOAO DOS PATOS,glp,3,55.0,55.0,55.0,55.0,55.0
2015-04,MUN,MA|SAO JOSE DE RIBAMAR,glp,12,45.0,39.991,45.0,39.99,47.5
2015-04,MUN,MA|SAO LUIS,glp,88,45.0,39.997,45.0,34.99,50.0
2015-04,MUN,MA|SAO VICENTE FERRER,glp,1,50.0,50.0,50.0,50.0,50.0
2015-04,MUN,MA|TIMON,glp,4,44.5,43.3,45.0,43.0,45.0
2015-04,MUN,MG|ALFENAS,glp,17,40.0,38.6,44.1,37.0,45.99
2015-04,MUN,MG|ARAGUARI,glp,16,48.0,48.0,50.0,45.0,50.0
2015-04,MUN,MG|ARAXA,glp,4,49.5,48.3,50.7,48.0,51.0
2015-04,MUN,MG|BARBACENA,glp,15,48.0,46.2,50.0,45.0,50.0
2015-04,MUN,MG|BELO HORIZONTE,glp,70,52.0,47.45,55.0,42.0,57.0
2015-04,MUN,MG|BETIM,glp,41,51.0,50.0,54.0,50.0,54.0
2015-04,MUN,MG|BOM DESPACHO,glp,3,50.0,48.8,50.0,48.5,50.0
2015-04,MUN,MG|CAMPO BELO,glp,8,43.0,40.7,46.0,40.0,46.0
2015-04,MUN,MG|CARATINGA,glp,3,45.5,45.1,45.9,45.0,46.0
2015-04,MUN,MG|CATAGUASES,glp,4,45.75,45.15,46.7,45.0,47.0
2015-04,MUN,MG|CONGONHAS,glp,8,47.0,46.7,48.5,46.0,48.5
2015-04,MUN,MG|CONSELHEIRO LAFAIETE,glp,8,45.0,44.25,45.9,42.5,48.0
2015-04,MUN,MG|CONTAGEM,glp,75,51.0,50.0,54.0,47.0,55.0
2015-04,MUN,MG|CORONEL FABRICIANO,glp,7,48.0,47.6,49.6,47.0,52.0
2015-04,MUN,MG|CURVELO,glp,8,46.25,43.5,50.0,40.0,50.0
2015-04,MUN,MG|DIAMANTINA,glp,4,51.5,50.3,54.1,50.0,55.0
2015-04,MUN,MG|DIVINOPOLIS,glp,24,45.0,40.9,48.7,40.0,49.0
2015-04,MUN,MG|FORMIGA,glp,4,47.75,47.5,48.0,47.5,48.0
2015-04,MUN,MG|FRUTAL,glp,7,45.0,41.6,46.0,41.0,46.0
2015-04,MUN,MG|GOVERNADOR VALADARES,glp,25,46.0,46.0,48.0,40.0,48.0
2015-04,MUN,MG|GUAXUPE,glp,10,42.0,41.855,42.6,41.0,43.5
2015-04,MUN,MG|IBIRITE,glp,12,50.5,50.0,51.081,50.0,52.0
2015-04,MUN,MG|IPATINGA,glp,24,45.0,44.3,48.0,42.0,50.0
2015-04,MUN,MG|ITABIRA,glp,5,52.0,52.0,53.0,52.0,53.0
2015-04,MUN,MG|ITAJUBA,glp,15,40.45,40.0,42.9,38.0,44.0
2015-04,MUN,MG|ITAUNA,glp,14,45.0,42.0,50.0,42.0,53.0
2015-04,MUN,MG|ITUIUTABA,glp,21,46.5,45.0,48.0,43.0,48.5
2015-04,MUN,MG|JANAUBA,glp,2,42.5,42.1,42.9,42.0,43.0
2015-04,MUN,MG|JANUARIA,glp,10,47.0,45.9,47.1,45.0,48.0
2015-04,MUN,MG|JOAO MONLEVADE,glp,9,46.0,45.0,48.0,45.0,48.0
2015-04,MUN,MG|JOAO PINHEIRO,glp,13,49.0,47.2,50.0,45.0,50.0
2015-04,MUN,MG|JUIZ DE FORA,glp,56,49.5,45.0,55.0,40.0,58.0
2015-04,MUN,MG|LAVRAS,glp,14,42.75,40.0,47.7,40.0,50.0
2015-04,MUN,MG|LEOPOLDINA,glp,5,48.0,47.0,48.0,47.0,48.0
2015-04,MUN,MG|MANHUACU,glp,10,46.0,45.0,47.0,45.0,47.0
2015-04,MUN,MG|MARIANA,glp,4,50.0,50.0,51.4,50.0,52.0
2015-04,MUN,MG|MONTE CARMELO,glp,11,55.0,54.0,58.0,54.0,60.0
2015-04,MUN,MG|MONTES CLAROS,glp,21,48.0,48.0,50.0,47.0,50.0
2015-04,MUN,MG|MURIAE,glp,4,47.75,45.15,52.1,45.0,53.0
2015-04,MUN,MG|NOVA LIMA,glp,11,51.0,50.0,54.0,49.0,54.0
2015-04,MUN,MG|OLIVEIRA,glp,7,40.5,39.3,43.0,39.0,43.0
2015-04,MUN,MG|OURO PRETO,glp,10,53.0,49.7,55.1,47.0,56.0
2015-04,MUN,MG|PARA DE MINAS,glp,9,48.0,47.76,49.5,47.0,49.5
2015-04,MUN,MG|PARACATU,glp,5,50.0,46.0,51.8,45.0,53.0
2015-04,MUN,MG|PASSOS,glp,22,47.0,45.0,48.0,45.0,50.0
2015-04,MUN,MG|PATOS DE MINAS,glp,18,50.0,48.0,50.0,48.0,50.0
2015-04,MUN,MG|PATROCINIO,glp,10,47.5,47.0,50.0,47.0,50.0
2015-04,MUN,MG|POCOS DE CALDAS,glp,19,44.0,42.0,44.0,42.0,44.1
2015-04,MUN,MG|POUSO ALEGRE,glp,22,41.5,40.0,44.85,37.5,46.5
2015-04,MUN,MG|RIBEIRAO DAS NEVES,glp,21,52.0,51.0,54.0,49.0,54.0
2015-04,MUN,MG|SABARA,glp,16,52.0,50.5,54.0,50.0,54.0
2015-04,MUN,MG|SANTA LUZIA,glp,16,51.5,50.0,54.0,50.0,55.0
2015-04,MUN,MG|SANTOS DUMONT,glp,8,43.5,42.85,45.9,42.5,48.0
2015-04,MUN,MG|SAO JOAO DEL REI,glp,19,48.0,46.6,50.0,45.0,52.0
2015-04,MUN,MG|SAO LOURENCO,glp,4,39.0,38.0,40.0,38.0,40.0
2015-04,MUN,MG|SAO SEBASTIAO DO PARAISO,glp,18,50.0,46.75,55.0,45.0,55.0
2015-04,MUN,MG|SETE LAGOAS,glp,29,50.0,47.0,51.0,41.0,53.0
2015-04,MUN,MG|TEOFILO OTONI,glp,19,45.0,40.0,45.0,38.0,49.0
2015-04,MUN,MG|TIMOTEO,glp,5,46.0,44.1,48.8,43.5,50.0
2015-04,MUN,MG|TRES CORACOES,glp,8,42.0,40.0,45.0,40.0,45.0
2015-04,MUN,MG|UBA,glp,7,55.0,54.2,57.1,53.0,58.0
2015-04,MUN,MG|UBERABA,glp,31,50.0,48.0,50.0,45.0,50.0
2015-04,MUN,MG|UBERLANDIA,glp,50,50.0,49.0,51.1,48.0,52.0
2015-04,MUN,MG|UNAI,glp,14,55.0,55.0,55.0,55.0,55.0
2015-04,MUN,MG|VARGINHA,glp,15,41.0,40.0,42.0,39.0,43.0
2015-04,MUN,MG|VESPASIANO,glp,11,52.0,50.0,54.0,49.0,54.0
2015-04,MUN,MG|VICOSA,glp,2,55.0,55.0,55.0,55.0,55.0
2015-04,MUN,MS|CAMPO GRANDE,glp,412,56.0,55.0,57.0,42.0,58.0
2015-04,MUN,MS|CORUMBA,glp,6,42.0,42.0,42.5,42.0,43.0
2015-04,MUN,MS|COXIM,glp,12,59.0,55.1,60.0,53.0,60.0
2015-04,MUN,MS|DOURADOS,glp,67,55.0,55.0,56.5,55.0,58.0
2015-04,MUN,MS|NOVA ANDRADINA,glp,12,55.0,55.0,55.0,55.0,58.0
2015-04,MUN,MS|PARANAIBA,glp,13,50.0,50.0,50.0,49.0,55.0
2015-04,MUN,MS|PONTA PORA,glp,5,46.0,45.0,52.4,45.0,54.0
2015-04,MUN,MS|TRES LAGOAS,glp,21,48.0,41.0,50.0,40.0,50.0
2015-04,MUN,MT|ALTA FLORESTA,glp,6,60.0,59.0,62.5,58.0,65.0
2015-04,MUN,MT|CACERES,glp,9,53.0,50.6,55.2,45.0,56.0
2015-04,MUN,MT|CUIABA,glp,163,60.0,57.0,65.0,52.0,70.0
2015-04,MUN,MT|RONDONOPOLIS,glp,16,60.0,59.0,61.0,58.0,62.0
2015-04,MUN,MT|SINOP,glp,14,60.0,59.0,60.7,58.0,61.0
2015-04,MUN,MT|SORRISO,glp,7,68.0,64.6,68.0,64.0,68.0
2015-04,MUN,MT|VARZEA GRANDE,glp,47,60.0,58.0,65.0,55.0,65.0
2015-04,MUN,PA|ABAETETUBA,glp,5,46.0,42.0,47.0,42.0,47.0
2015-04,MUN,PA|ALENQUER,glp,4,55.0,54.3,55.0,54.0,55.0
2015-04,MUN,PA|ALTAMIRA,glp,7,55.0,55.0,57.4,55.0,58.0
2015-04,MUN,PA|ANANINDEUA,glp,36,48.0,48.0,49.0,48.0,50.0
2015-04,MUN,PA|BELEM,glp,81,48.0,45.0,48.0,42.0,50.0
2015-04,MUN,PA|BRAGANCA,glp,7,50.0,48.0,50.0,48.0,50.0
2015-04,MUN,PA|BREVES,glp,2,51.5,50.3,52.7,50.0,53.0
2015-04,MUN,PA|CAMETA,glp,6,48.0,46.0,51.5,45.0,55.0
2015-04,MUN,PA|CASTANHAL,glp,7,50.0,50.0,50.0,50.0,50.0
2015-04,MUN,PA|CONCEICAO DO ARAGUAIA,glp,8,54.0,50.8,55.0,48.0,55.0
2015-04,MUN,PA|ITAITUBA,glp,7,62.0,55.0,62.4,55.0,63.0
2015-04,MUN,PA|MARABA,glp,4,55.0,55.0,55.0,55.0,55.0
2015-04,MUN,PA|PARAGOMINAS,glp,4,60.0,57.9,60.0,57.0,60.0
2015-04,MUN,PA|PARAUAPEBAS,glp,4,55.0,53.6,55.7,53.0,56.0
2015-04,MUN,PA|REDENCAO,glp,6,60.0,60.0,60.0,60.0,60.0
2015-04,MUN,PA|SANTAREM,glp,15,48.0,47.0,49.2,47.0,50.0
2015-04,MUN,PA|SAO CAETANO DE ODIVELAS,glp,1,48.0,48.0,48.0,48.0,48.0
2015-04,MUN,PA|TUCURUI,glp,5,50.0,50.0,50.0,50.0,50.0
2015-04,MUN,PA|XINGUARA,glp,3,55.0,55.0,55.0,55.0,55.0
2015-04,MUN,PB|BAYEUX,glp,5,45.0,40.8,45.0,40.0,45.0
2015-04,MUN,PB|CABEDELO,glp,7,45.0,42.0,45.0,42.0,45.0
2015-04,MUN,PB|CAMPINA GRANDE,glp,38,45.0,45.0,45.0,42.0,45.0
2015-04,MUN,PB|JOAO PESSOA,glp,30,42.0,40.0,45.0,40.0,45.0
2015-04,MUN,PB|MAMANGUAPE,glp,1,41.5,41.5,41.5,41.5,41.5
2015-04,MUN,PB|PATOS,glp,7,45.0,45.0,45.0,45.0,45.0
2015-04,MUN,PB|PIANCO,glp,1,45.0,45.0,45.0,45.0,45.0
2015-04,MUN,PB|SANTA RITA,glp,4,45.0,40.8,45.0,39.0,45.0
2015-04,MUN,PB|SAPE,glp,5,40.0,39.4,40.0,39.0,40.0
2015-04,MUN,PB|SOUSA,glp,4,39.0,39.0,39.7,39.0,40.0
2015-04,MUN,PE|ABREU E LIMA,glp,10,47.5,44.5,55.0,40.0,55.0
2015-04,MUN,PE|AFOGADOS DA INGAZEIRA,glp,1,45.0,45.0,45.0,45.0,45.0
2015-04,MUN,PE|AGUAS BELAS,glp,1,45.0,45.0,45.0,45.0,45.0
2015-04,MUN,PE|ARARIPINA,glp,3,42.0,42.0,45.6,42.0,46.5
2015-04,MUN,PE|ARCOVERDE,glp,2,45.0,45.0,45.0,45.0,45.0
2015-04,MUN,PE|BELO JARDIM,glp,4,45.0,43.25,45.7,42.5,46.0
2015-04,MUN,PE|BOM CONSELHO,glp,3,42.0,42.0,42.0,42.0,42.0
2015-04,MUN,PE|CABO DE SANTO AGOSTINHO,glp,19,48.99,45.0,50.0,43.0,55.0
2015-04,MUN,PE|CACHOEIRINHA,glp,1,35.0,35.0,35.0,35.0,35.0
2015-04,MUN,PE|CAMARAGIBE,glp,18,50.0,47.85,50.0,45.0,55.0
2015-04,MUN,PE|CARUARU,glp,20,45.0,43.691,50.0,40.0,50.0
2015-04,MUN,PE|GARANHUNS,glp,6,45.0,45.0,45.0,45.0,45.0
2015-04,MUN,PE|GOIANA,glp,3,38.0,38.0,41.2,38.0,42.0
2015-04,MUN,PE|GRAVATA,glp,6,50.0,48.5,50.0,48.0,50.0
2015-04,MUN,PE|IGARASSU,glp,22,50.0,49.0,50.0,48.0,55.0
2015-04,MUN,PE|JABOATAO DOS GUARARAPES,glp,33,48.0,45.0,50.0,40.0,55.0
2015-04,MUN,PE|LAJEDO,glp,6,41.0,37.5,42.0,35.0,42.0
2015-04,MUN,PE|OLINDA,glp,37,49.99,45.0,50.0,45.0,55.0
2015-04,MUN,PE|PAULISTA,glp,14,53.75,48.25,55.0,45.0,55.0
2015-04,MUN,PE|PETROLINA,glp,19,45.0,42.0,45.0,40.0,45.0
2015-04,MUN,PE|RECIFE,glp,86,50.0,45.0,50.0,40.0,55.0
2015-04,MUN,PE|SALGUEIRO,glp,3,50.0,50.0,50.0,50.0,50.0
2015-04,MUN,PE|SANTA CRUZ DO CAPIBARIBE,glp,5,40.0,40.0,40.0,40.0,40.0
2015-04,MUN,PE|SAO BENTO DO UNA,glp,3,38.0,38.0,38.0,38.0,38.0
2015-04,MUN,PE|SAO LOURENCO DA MATA,glp,23,50.0,45.0,50.0,40.0,50.0
2015-04,MUN,PE|SERRA TALHADA,glp,3,50.0,46.0,50.0,45.0,50.0
2015-04,MUN,PE|VITORIA DE SANTO ANTAO,glp,15,45.0,38.0,48.0,38.0,48.0
2015-04,MUN,PI|BARRAS,glp,2,53.0,53.0,53.0,53.0,53.0
2015-04,MUN,PI|CAMPO MAIOR,glp,5,53.0,51.2,53.0,50.0,53.0
2015-04,MUN,PI|OEIRAS,glp,2,50.0,50.0,50.0,50.0,50.0
2015-04,MUN,PI|PARNAIBA,glp,3,47.0,46.2,47.0,46.0,47.0
2015-04,MUN,PI|PICOS,glp,2,52.0,52.0,52.0,52.0,52.0
2015-04,MUN,PI|PIRIPIRI,glp,3,53.0,53.0,53.0,53.0,53.0
2015-04,MUN,PI|TERESINA,glp,69,43.0,43.0,45.0,43.0,45.0
2015-04,MUN,PR|ALMIRANTE TAMANDARE,glp,19,45.0,44.0,47.6,42.0,48.0
2015-04,MUN,PR|APUCARANA,glp,22,49.0,45.1,50.0,44.0,51.5
2015-04,MUN,PR|ARAPONGAS,glp,21,50.0,50.0,54.0,50.0,55.0
2015-04,MUN,PR|ARAUCARIA,glp,18,44.75,41.4,47.3,40.0,50.5
2015-04,MUN,PR|ASSIS CHATEAUBRIAND,glp,3,43.0,43.0,43.0,43.0,43.0
2015-04,MUN,PR|CAMBE,glp,26,50.0,46.875,52.5,45.0,55.0
2015-04,MUN,PR|CAMPO LARGO,glp,20,44.0,42.95,46.05,41.9,48.0
2015-04,MUN,PR|CAMPO MOURAO,glp,15,53.0,50.0,55.0,50.0,55.0
2015-04,MUN,PR|CASCAVEL,glp,60,55.0,54.0,55.5,54.0,56.0
2015-04,MUN,PR|CASTRO,glp,10,50.575,47.24,55.0,44.9,55.0
2015-04,MUN,PR|CIANORTE,glp,21,50.0,50.0,55.0,43.0,55.0
2015-04,MUN,PR|COLOMBO,glp,30,45.0,43.0,48.0,42.0,52.0
2015-04,MUN,PR|CORNELIO PROCOPIO,glp,8,48.0,45.0,49.9,45.0,52.0
2015-04,MUN,PR|CURITIBA,glp,162,45.0,41.0,49.0,39.0,52.0
2015-04,MUN,PR|CURIUVA,glp,1,50.0,50.0,50.0,50.0,50.0
2015-04,MUN,PR|FOZ DO IGUACU,glp,32,39.0,35.0,42.0,34.0,44.0
2015-04,MUN,PR|FRANCISCO BELTRAO,glp,7,46.0,42.0,46.4,42.0,47.0
2015-04,MUN,PR|GUARAPUAVA,glp,15,48.0,48.0,53.8,47.0,55.0
2015-04,MUN,PR|LARANJEIRAS DO SUL,glp,8,42.5,38.0,52.0,38.0,52.0
2015-04,MUN,PR|LONDRINA,glp,86,50.0,48.0,53.0,43.0,55.0
2015-04,MUN,PR|MARECHAL CANDIDO RONDON,glp,6,50.0,47.5,51.5,45.0,53.0
2015-04,MUN,PR|MARINGA,glp,45,60.0,55.0,60.0,53.0,60.0
2015-04,MUN,PR|PARANAGUA,glp,23,40.0,40.0,42.0,35.0,45.0
2015-04,MUN,PR|PARANAVAI,glp,16,57.5,49.5,61.5,48.0,65.0
2015-04,MUN,PR|PATO BRANCO,glp,13,52.5,49.8,53.0,48.0,53.4
2015-04,MUN,PR|PINHAIS,glp,20,46.0,43.6,48.09,40.0,49.0
2015-04,MUN,PR|PONTA GROSSA,glp,37,47.0,45.0,51.2,43.0,55.0
2015-04,MUN,PR|SANTO ANTONIO DA PLATINA,glp,14,48.0,43.6,49.7,43.0,50.0
2015-04,MUN,PR|SAO JOSE DOS PINHAIS,glp,25,45.0,39.94,48.0,35.0,49.0
2015-04,MUN,PR|TERRA BOA,glp,1,55.0,55.0,55.0,55.0,55.0
2015-04,MUN,PR|TOLEDO,glp,17,40.0,38.0,40.8,38.0,42.0
2015-04,MUN,PR|UMUARAMA,glp,17,54.0,51.2,55.0,50.0,55.0
2015-04,MUN,PR|UNIAO DA VITORIA,glp,6,52.0,49.0,52.5,49.0,53.0
2015-04,MUN,RJ|ANGRA DOS REIS,glp,3,45.0,45.0,45.0,45.0,45.0
2015-04,MUN,RJ|ARARUAMA,glp,5,43.0,42.0,48.0,42.0,48.0
2015-04,MUN,RJ|ARMACAO DOS BUZIOS,glp,1,47.0,47.0,47.0,47.0,47.0
2015-04,MUN,RJ|BARRA DO PIRAI,glp,2,45.0,41.0,49.0,40.0,50.0
2015-04,MUN,RJ|BARRA MANSA,glp,13,45.0,41.2,48.0,40.0,49.0
2015-04,MUN,RJ|BELFORD ROXO,glp,6,48.0,42.495,49.0,37.99,50.0
2015-04,MUN,RJ|CABO FRIO,glp,5,45.0,40.8,48.2,40.0,50.0
2015-04,MUN,RJ|CAMPOS DOS GOYTACAZES,glp,23,55.0,50.0,55.0,40.0,55.0
2015-04,MUN,RJ|DUQUE DE CAXIAS,glp,36,48.0,42.0,48.0,38.0,48.0
2015-04,MUN,RJ|ITABORAI,glp,6,39.5,37.5,40.0,37.0,40.0
2015-04,MUN,RJ|ITAGUAI,glp,3,39.9,38.3,41.5,37.9,41.9
2015-04,MUN,RJ|ITAPERUNA,glp,4,45.0,42.9,45.0,42.0,45.0
2015-04,MUN,RJ|MACAE,glp,5,43.0,40.0,45.0,38.0,45.0
2015-04,MUN,RJ|MAGE,glp,5,35.0,35.0,38.0,35.0,40.0
2015-04,MUN,RJ|MANGARATIBA,glp,1,39.9,39.9,39.9,39.9,39.9
2015-04,MUN,RJ|MARICA,glp,3,40.0,40.0,40.0,40.0,40.0
2015-04,MUN,RJ|NILOPOLIS,glp,4,46.0,46.0,47.4,46.0,48.0
2015-04,MUN,RJ|NITEROI,glp,7,42.0,40.6,43.2,38.5,45.0
2015-04,MUN,RJ|NOVA FRIBURGO,glp,5,45.0,40.8,50.0,40.0,50.0
2015-04,MUN,RJ|NOVA IGUACU,glp,22,48.0,42.0,50.9,39.99,52.0
2015-04,MUN,RJ|PARAIBA DO SUL,glp,3,40.0,37.6,44.0,37.0,45.0
2015-04,MUN,RJ|PARATY,glp,1,42.0,42.0,42.0,42.0,42.0
2015-04,MUN,RJ|PETROPOLIS,glp,7,49.9,49.0,51.112,49.0,51.28
2015-04,MUN,RJ|RESENDE,glp,6,42.5,41.0,45.0,40.0,45.0
2015-04,MUN,RJ|RIO BONITO,glp,4,42.0,42.0,42.0,42.0,42.0
2015-04,MUN,RJ|RIO DE JANEIRO,glp,75,40.0,32.99,46.6,30.0,51.5
2015-04,MUN,RJ|SANTO ANTONIO DE PADUA,glp,2,36.0,36.0,36.0,36.0,36.0
2015-04,MUN,RJ|SAO FRANCISCO DE ITABAPOANA,glp,2,51.5,48.7,54.3,48.0,55.0
2015-04,MUN,RJ|SAO GONCALO,glp,16,42.5,41.0,48.0,40.0,48.0
2015-04,MUN,RJ|SAO JOAO DE MERITI,glp,7,45.0,34.996,48.8,34.99,50.0
2015-04,MUN,RJ|SAPUCAIA,glp,2,48.0,48.0,48.0,48.0,48.0
2015-04,MUN,RJ|SAQUAREMA,glp,5,41.0,37.0,41.6,35.0,42.0
2015-04,MUN,RJ|TERESOPOLIS,glp,6,44.5,41.5,45.0,40.0,45.0
2015-04,MUN,RJ|TRES RIOS,glp,2,41.5,40.3,42.7,40.0,43.0
2015-04,MUN,RJ|VALENCA,glp,4,46.5,45.3,47.7,45.0,48.0
2015-04,MUN,RJ|VASSOURAS,glp,2,45.0,45.0,45.0,45.0,45.0
2015-04,MUN,RJ|VOLTA REDONDA,glp,7,45.0,41.6,48.4,41.0,49.0
2015-04,MUN,RN|CAICO,glp,4,44.5,43.65,45.0,43.5,45.0
2015-04,MUN,RN|CURRAIS NOVOS,glp,3,44.0,44.0,44.8,44.0,45.0
2015-04,MUN,RN|MOSSORO,glp,9,45.0,44.2,49.2,43.0,50.0
2015-04,MUN,RN|NATAL,glp,30,46.0,45.0,50.0,45.0,50.0
2015-04,MUN,RN|PARNAMIRIM,glp,13,50.0,48.6,50.0,45.0,50.0
2015-04,MUN,RN|SANTA CRUZ,glp,1,45.0,45.0,45.0,45.0,45.0
2015-04,MUN,RN|SAO JOSE DE MIPIBU,glp,3,45.0,45.0,48.2,45.0,49.0
2015-04,MUN,RO|ARIQUEMES,glp,4,56.0,53.6,57.7,53.0,58.0
2015-04,MUN,RO|CACOAL,glp,4,55.0,55.0,55.0,55.0,55.0
2015-04,MUN,RO|GUAJARA-MIRIM,glp,4,58.0,57.65,58.0,57.5,58.0
2015-04,MUN,RO|JI-PARANA,glp,10,56.75,53.0,58.0,53.0,58.0
2015-04,MUN,RO|PIMENTA BUENO,glp,4,55.5,55.0,56.0,55.0,56.0
2015-04,MUN,RO|PORTO VELHO,glp,44,45.0,45.0,48.0,43.0,50.0
2015-04,MUN,RO|SAO MIGUEL DO GUAPORE,glp,2,58.0,58.0,58.0,58.0,58.0
2015-04,MUN,RO|VILHENA,glp,8,56.75,55.7,59.3,55.0,60.0
2015-04,MUN,RR|BOA VISTA,glp,29,53.0,52.0,54.2,51.0,56.5
2015-04,MUN,RR|CANTA,glp,1,46.0,46.0,46.0,46.0,46.0
2015-04,MUN,RR|CARACARAI,glp,2,51.5,51.1,51.9,51.0,52.0
2015-04,MUN,RR|RORAINOPOLIS,glp,3,54.0,50.8,54.0,50.0,54.0
2015-04,MUN,RS|ALEGRETE,glp,10,37.0,35.0,38.2,35.0,40.0
2015-04,MUN,RS|ALVORADA,glp,17,46.0,42.0,50.8,42.0,53.0
2015-04,MUN,RS|BAGE,glp,31,46.0,45.0,48.0,43.0,50.0
2015-04,MUN,RS|BENTO GONCALVES,glp,10,49.0,45.8,49.3,44.0,52.0
2015-04,MUN,RS|CACAPAVA DO SUL,glp,11,46.0,45.0,46.0,43.0,47.0
2015-04,MUN,RS|CACHOEIRA DO SUL,glp,15,42.0,40.0,43.0,40.0,48.0
2015-04,MUN,RS|CACHOEIRINHA,glp,13,46.0,44.0,47.0,41.5,53.0
2015-04,MUN,RS|CANOAS,glp,33,44.0,42.0,47.0,37.0,50.0
2015-04,MUN,RS|CAXIAS DO SUL,glp,65,45.0,43.0,47.0,40.0,49.0
2015-04,MUN,RS|CHUI,glp,3,35.0,35.0,35.8,35.0,36.0
2015-04,MUN,RS|CRUZ ALTA,glp,10,36.0,33.0,38.2,33.0,40.0
2015-04,MUN,RS|ERECHIM,glp,19,48.0,46.0,50.0,46.0,58.0
2015-04,MUN,RS|ESTEIO,glp,10,46.5,45.0,48.1,45.0,49.0
2015-04,MUN,RS|GRAMADO,glp,8,46.0,44.7,48.0,44.0,48.0
2015-04,MUN,RS|GRAVATAI,glp,30,42.0,40.0,47.1,39.0,50.0
2015-04,MUN,RS|GUAIBA,glp,13,44.0,42.2,47.0,40.0,47.0
2015-04,MUN,RS|GUARANI DAS MISSOES,glp,1,40.0,40.0,40.0,40.0,40.0
2015-04,MUN,RS|IJUI,glp,14,45.0,43.0,49.0,43.0,49.0
2015-04,MUN,RS|JAGUARAO,glp,9,35.0,33.6,36.0,32.0,36.0
2015-04,MUN,RS|LAJEADO,glp,13,45.25,43.0,47.8,42.0,48.0
2015-04,MUN,RS|NOVO HAMBURGO,glp,21,42.0,40.0,44.0,38.0,45.0
2015-04,MUN,RS|OSORIO,glp,12,50.0,48.0,51.8,45.0,52.0
2015-04,MUN,RS|PALMEIRA DAS MISSOES,glp,6,45.0,45.0,46.0,45.0,47.0
2015-04,MUN,RS|PASSO FUNDO,glp,40,42.0,38.9,45.0,38.0,48.0
2015-04,MUN,RS|PELOTAS,glp,36,44.0,40.0,45.0,38.0,48.0
2015-04,MUN,RS|PORTAO,glp,1,42.0,42.0,42.0,42.0,42.0
2015-04,MUN,RS|PORTO ALEGRE,glp,67,47.0,42.0,50.0,40.0,52.9
2015-04,MUN,RS|RIO GRANDE,glp,40,40.0,39.99,43.0,37.0,43.0
2015-04,MUN,RS|SANTA CRUZ DO SUL,glp,21,44.0,42.0,47.0,42.0,48.0
2015-04,MUN,RS|SANTA MARIA,glp,78,43.0,42.0,47.0,41.0,52.0
2015-04,MUN,RS|SANTA ROSA,glp,6,41.0,40.0,44.0,40.0,45.0
2015-04,MUN,RS|SANTA VITORIA DO PALMAR,glp,10,39.0,35.9,41.2,35.0,43.0
2015-04,MUN,RS|SANTANA DO LIVRAMENTO,glp,15,45.0,45.0,45.0,44.0,45.0
2015-04,MUN,RS|SANTO ANGELO,glp,16,44.75,40.0,47.0,40.0,48.0
2015-04,MUN,RS|SAO BORJA,glp,5,45.0,45.0,45.0,45.0,45.0
2015-04,MUN,RS|SAO GABRIEL,glp,16,48.0,44.45,50.0,40.0,50.0
2015-04,MUN,RS|SAO LEOPOLDO,glp,25,42.0,39.4,45.6,38.0,48.0
2015-04,MUN,RS|SAO LUIZ GONZAGA,glp,8,40.0,40.0,42.27,40.0,42.9
2015-04,MUN,RS|SAPIRANGA,glp,14,45.0,43.6,47.0,43.0,47.0
2015-04,MUN,RS|SAPUCAIA DO SUL,glp,21,46.0,43.0,48.0,43.0,49.0
2015-04,MUN,RS|TORRES,glp,7,46.0,42.3,47.8,42.0,49.0
2015-04,MUN,RS|TRAMANDAI,glp,12,47.5,42.3,49.8,42.0,50.0
2015-04,MUN,RS|URUGUAIANA,glp,15,50.0,48.0,52.0,42.0,52.0
2015-04,MUN,RS|VACARIA,glp,9,45.0,45.0,46.3,45.0,47.5
2015-04,MUN,RS|VIAMAO,glp,23,47.0,44.2,50.0,42.0,57.5
2015-04,MUN,SC|ARARANGUA,glp,4,42.5,40.0,45.0,40.0,45.0
2015-04,MUN,SC|BALNEARIO CAMBORIU,glp,3,45.0,42.6,45.0,42.0,45.0
2015-04,MUN,SC|BIGUACU,glp,4,47.5,47.0,49.4,47.0,50.0
2015-04,MUN,SC|BLUMENAU,glp,25,48.0,47.0,49.6,44.0,54.5
2015-04,MUN,SC|BRUSQUE,glp,5,48.0,43.2,48.0,40.0,48.0
2015-04,MUN,SC|CACADOR,glp,4,49.0,48.0,50.0,48.0,50.0
2015-04,MUN,SC|CHAPECO,glp,26,48.0,45.0,50.9,45.0,53.0
2015-04,MUN,SC|CONCORDIA,glp,3,45.0,42.6,45.0,42.0,45.0
2015-04,MUN,SC|CRICIUMA,glp,14,43.0,38.3,43.0,37.0,45.0
2015-04,MUN,SC|FLORIANOPOLIS,glp,28,49.0,48.0,50.0,48.0,51.5
2015-04,MUN,SC|ITAJAI,glp,47,43.0,40.0,47.4,38.0,50.0
2015-04,MUN,SC|JARAGUA DO SUL,glp,9,43.5,43.0,45.6,43.0,48.0
2015-04,MUN,SC|JOINVILLE,glp,35,43.0,42.9,46.0,40.0,49.0
2015-04,MUN,SC|LAGES,glp,6,46.0,44.5,48.0,44.0,48.0
2015-04,MUN,SC|LAGUNA,glp,6,40.0,40.0,45.0,40.0,45.0
2015-04,MUN,SC|MAFRA,glp,6,49.0,47.45,52.5,46.9,53.0
2015-04,MUN,SC|PALHOCA,glp,14,47.0,43.6,47.0,42.0,47.5
2015-04,MUN,SC|SAO JOSE,glp,24,47.0,37.6,48.0,37.0,49.9
2015-04,MUN,SC|SAO MIGUEL DO OESTE,glp,2,46.5,43.7,49.3,43.0,50.0
2015-04,MUN,SC|TUBARAO,glp,5,44.0,41.6,45.2,40.0,46.0
2015-04,MUN,SC|VIDEIRA,glp,3,48.0,47.2,48.8,47.0,49.0
2015-04,MUN,SC|XANXERE,glp,8,49.25,47.0,51.3,47.0,52.0
2015-04,MUN,SE|ARACAJU,glp,45,45.0,38.0,47.0,35.0,47.0
2015-04,MUN,SE|ITABAIANA,glp,4,42.5,42.0,43.35,42.0,43.5
2015-04,MUN,SE|ITABAIANINHA,glp,3,45.0,45.0,45.0,45.0,45.0
2015-04,MUN,SE|LAGARTO,glp,5,41.9,37.6,42.0,37.0,42.0
2015-04,MUN,SE|NOSSA SENHORA DO SOCORRO,glp,8,45.0,42.7,45.6,42.0,47.0
2015-04,MUN,SE|SIMAO DIAS,glp,3,42.0,40.4,42.0,40.0,42.0
2015-04,MUN,SE|TOBIAS BARRETO,glp,4,45.0,45.0,46.4,45.0,47.0
2015-04,MUN,SP|ADAMANTINA,glp,11,45.0,44.0,46.0,43.0,47.0
2015-04,MUN,SP|AMERICANA,glp,22,48.0,40.3,50.0,38.0,50.0
2015-04,MUN,SP|AMPARO,glp,5,46.0,44.8,48.74,44.0,49.9
2015-04,MUN,SP|APIAI,glp,2,47.5,47.1,47.9,47.0,48.0
2015-04,MUN,SP|ARACATUBA,glp,56,43.25,41.5,47.5,39.0,49.0
2015-04,MUN,SP|ARARAQUARA,glp,14,49.0,40.6,51.4,40.0,52.0
2015-04,MUN,SP|ARARAS,glp,4,44.9,42.0,50.74,42.0,52.0
2015-04,MUN,SP|ASSIS,glp,14,42.0,40.0,42.0,38.0,42.0
2015-04,MUN,SP|ATIBAIA,glp,20,42.0,40.0,48.1,39.99,49.0
2015-04,MUN,SP|AVARE,glp,8,50.0,47.1,50.0,45.0,50.0
2015-04,MUN,SP|BARRETOS,glp,13,40.0,38.6,40.5,38.0,43.0
2015-04,MUN,SP|BARUERI,glp,31,43.5,40.0,50.0,38.99,52.0
2015-04,MUN,SP|BAURU,glp,61,48.0,45.0,50.0,40.0,55.0
2015-04,MUN,SP|BEBEDOURO,glp,14,40.5,40.0,43.0,39.5,43.0
2015-04,MUN,SP|BIRIGUI,glp,24,41.5,40.0,45.0,37.0,45.0
2015-04,MUN,SP|BOTUCATU,glp,17,45.0,45.0,46.0,45.0,50.0
2015-04,MUN,SP|BRAGANCA PAULISTA,glp,20,38.95,32.0,42.1,32.0,45.0
2015-04,MUN,SP|CACAPAVA,glp,17,40.0,31.8,45.8,30.0,48.0
2015-04,MUN,SP|CAMPINAS,glp,78,40.0,38.35,44.3,38.0,50.0
2015-04,MUN,SP|CAMPOS DO JORDAO,glp,8,37.5,35.7,40.6,35.0,42.0
2015-04,MUN,SP|CAPAO BONITO,glp,4,45.0,43.6,46.4,43.0,47.0
2015-04,MUN,SP|CARAGUATATUBA,glp,9,42.0,39.6,43.0,38.0,43.0
2015-04,MUN,SP|CARAPICUIBA,glp,25,41.0,39.936,45.0,34.99,46.5
2015-04,MUN,SP|CATANDUVA,glp,16,44.5,40.5,49.5,39.9,51.5
2015-04,MUN,SP|COSMOPOLIS,glp,8,45.0,44.7,46.0,44.0,46.0
2015-04,MUN,SP|COTIA,glp,11,43.0,38.0,45.0,37.99,49.0
2015-04,MUN,SP|CRUZEIRO,glp,11,39.0,35.0,40.0,30.0,40.0
2015-04,MUN,SP|CUBATAO,glp,6,45.0,43.5,48.0,42.0,48.0
2015-04,MUN,SP|DIADEMA,glp,30,42.545,39.99,46.0,38.99,50.0
2015-04,MUN,SP|DRACENA,glp,9,47.0,45.0,48.2,45.0,49.0
2015-04,MUN,SP|EMBU DAS ARTES,glp,5,42.0,40.8,43.96,40.0,44.0
2015-04,MUN,SP|FERNANDOPOLIS,glp,1,40.0,40.0,40.0,40.0,40.0
2015-04,MUN,SP|FERRAZ DE VASCONCELOS,glp,10,37.5,35.244,42.3,32.99,45.0
2015-04,MUN,SP|FRANCA,glp,59,39.9,38.0,41.0,34.99,47.0
2015-04,MUN,SP|FRANCISCO MORATO,glp,12,45.0,39.1,45.0,36.0,47.0
2015-04,MUN,SP|FRANCO DA ROCHA,glp,5,45.0,40.8,46.8,40.0,48.0
2015-04,MUN,SP|GARCA,glp,9,43.0,39.7,45.0,38.5,45.0
2015-04,MUN,SP|GUARATINGUETA,glp,13,41.4,34.8,46.2,34.0,49.0
2015-04,MUN,SP|GUARUJA,glp,12,43.495,37.99,48.7,37.9,50.5
2015-04,MUN,SP|GUARULHOS,glp,41,40.0,35.0,48.5,35.0,50.0
2015-04,MUN,SP|HORTOLANDIA,glp,21,45.0,42.0,50.0,40.0,55.0
2015-04,MUN,SP|IBITINGA,glp,10,42.5,39.9,45.0,39.0,45.0
2015-04,MUN,SP|INDAIATUBA,glp,23,43.0,40.4,45.0,40.0,50.0
2015-04,MUN,SP|ITANHAEM,glp,12,40.0,39.1,44.9,35.0,46.0
2015-04,MUN,SP|ITAPECERICA DA SERRA,glp,6,45.0,44.0,47.5,43.0,50.0
2015-04,MUN,SP|ITAPETININGA,glp,17,40.0,39.0,44.0,38.0,45.0
2015-04,MUN,SP|ITAPEVA,glp,5,44.5,41.2,47.1,40.0,47.5
2015-04,MUN,SP|ITAPEVI,glp,7,40.5,37.67,49.4,35.0,50.0
2015-04,MUN,SP|ITAPIRA,glp,4,43.0,40.2,43.7,39.0,44.0
2015-04,MUN,SP|ITAPOLIS,glp,14,46.25,42.15,47.0,41.8,48.0
2015-04,MUN,SP|ITAQUAQUECETUBA,glp,13,41.5,37.8,44.3,37.0,46.5
2015-04,MUN,SP|ITATIBA,glp,11,43.0,40.0,47.0,38.99,48.9
2015-04,MUN,SP|ITU,glp,11,41.0,38.0,45.0,38.0,46.9
2015-04,MUN,SP|JABOTICABAL,glp,22,43.0,40.2,49.491,35.0,52.0
2015-04,MUN,SP|JACAREI,glp,12,41.25,37.55,46.45,35.0,48.0
2015-04,MUN,SP|JALES,glp,7,40.0,40.0,40.0,40.0,40.0
2015-04,MUN,SP|JANDIRA,glp,10,44.5,41.0,46.75,36.5,49.0
2015-04,MUN,SP|JAU,glp,9,52.5,50.0,52.5,50.0,52.5
2015-04,MUN,SP|JOSE BONIFACIO,glp,13,42.0,40.4,44.52,40.0,44.9
2015-04,MUN,SP|JUNDIAI,glp,16,41.0,40.0,45.5,37.0,46.9
2015-04,MUN,SP|LEME,glp,17,38.0,35.6,42.9,35.0,45.0
2015-04,MUN,SP|LIMEIRA,glp,17,45.0,42.0,48.0,42.0,55.0
2015-04,MUN,SP|LINS,glp,19,45.0,40.8,48.0,35.0,48.0
2015-04,MUN,SP|LORENA,glp,17,37.0,33.6,42.0,32.0,42.0
2015-04,MUN,SP|MARILIA,glp,14,44.5,41.3,45.0,40.0,47.0
2015-04,MUN,SP|MATAO,glp,13,47.0,45.0,49.0,42.9,50.0
2015-04,MUN,SP|MAUA,glp,32,45.0,40.0,47.91,38.0,52.0
2015-04,MUN,SP|MIRASSOL,glp,13,43.0,40.0,45.0,38.0,45.0
2015-04,MUN,SP|MOCOCA,glp,14,43.5,42.45,44.7,42.0,45.0
2015-04,MUN,SP|MOGI DAS CRUZES,glp,41,45.0,38.0,48.0,35.0,49.0
2015-04,MUN,SP|MOGI GUACU,glp,15,45.0,42.0,45.0,42.0,45.0
2015-04,MUN,SP|MOGI MIRIM,glp,8,41.0,40.0,44.1,40.0,49.0
2015-04,MUN,SP|MONTE ALTO,glp,11,44.5,40.0,49.0,40.0,49.0
2015-04,MUN,SP|OLIMPIA,glp,11,33.0,33.0,36.0,33.0,40.0
2015-04,MUN,SP|OSASCO,glp,74,41.65,38.0,45.5,35.99,49.0
2015-04,MUN,SP|OURINHOS,glp,16,43.5,38.5,45.25,35.0,47.0
2015-04,MUN,SP|PARAGUACU PAULISTA,glp,12,46.0,43.1,46.0,40.0,46.0
2015-04,MUN,SP|PAULINIA,glp,17,40.0,36.5,41.7,35.0,44.0
2015-04,MUN,SP|PINDAMONHANGABA,glp,21,38.0,37.0,44.0,36.0,45.0
2015-04,MUN,SP|PIRACICABA,glp,30,50.0,49.8,55.0,45.0,55.0
2015-04,MUN,SP|PIRASSUNUNGA,glp,7,39.0,37.92,43.2,37.8,45.0
2015-04,MUN,SP|POA,glp,8,43.495,40.0,45.3,40.0,46.0
2015-04,MUN,SP|PORTO FERREIRA,glp,7,35.0,33.8,37.2,32.0,39.0
2015-04,MUN,SP|PRAIA GRANDE,glp,26,45.0,39.995,50.0,39.0,54.5
2015-04,MUN,SP|PRESIDENTE PRUDENTE,glp,32,46.25,41.05,50.95,37.5,51.5
2015-04,MUN,SP|PRESIDENTE VENCESLAU,glp,11,39.0,34.0,42.5,34.0,43.5
2015-04,MUN,SP|RIBEIRAO PIRES,glp,10,40.22,37.9,43.0,37.9,43.0
2015-04,MUN,SP|RIBEIRAO PRETO,glp,92,48.0,42.0,54.45,40.0,58.0
2015-04,MUN,SP|RIO CLARO,glp,7,43.0,41.0,43.8,38.0,45.0
2015-04,MUN,SP|SALTO,glp,15,41.0,39.4,45.6,37.5,48.0
2015-04,MUN,SP|SANTA BARBARA D'OESTE,glp,20,42.5,40.0,46.2,40.0,50.0
2015-04,MUN,SP|SANTA CRUZ DO RIO PARDO,glp,12,42.25,40.0,43.5,37.0,43.5
2015-04,MUN,SP|SANTO ANDRE,glp,46,45.0,38.995,52.75,34.5,55.0
2015-04,MUN,SP|SANTOS,glp,37,46.5,43.17,50.0,39.5,59.9
2015-04,MUN,SP|SAO BERNARDO DO CAMPO,glp,53,45.9,40.0,50.0,35.0,56.5
2015-04,MUN,SP|SAO CAETANO DO SUL,glp,5,48.5,47.6,54.898,47.0,56.5
2015-04,MUN,SP|SAO CARLOS,glp,24,46.7,44.9,51.4,41.9,54.0
2015-04,MUN,SP|SAO JOAO DA BOA VISTA,glp,9,35.0,35.0,36.0,35.0,36.0
2015-04,MUN,SP|SAO JOAQUIM DA BARRA,glp,11,45.0,45.0,47.5,45.0,50.0
2015-04,MUN,SP|SAO JOSE DO RIO PRETO,glp,109,44.0,42.0,46.6,34.0,49.0
2015-04,MUN,SP|SAO JOSE DOS CAMPOS,glp,42,42.0,39.0,45.0,35.0,48.0
2015-04,MUN,SP|SAO PAULO,glp,214,41.5,38.0,48.0,34.99,56.5
2015-04,MUN,SP|SAO ROQUE,glp,12,41.5,40.0,45.0,39.995,47.0
2015-04,MUN,SP|SAO VICENTE,glp,50,45.0,40.0,48.0,38.99,50.0
2015-04,MUN,SP|SERTAOZINHO,glp,16,41.0,37.5,43.5,36.0,44.0
2015-04,MUN,SP|SOROCABA,glp,28,43.0,39.9,48.3,38.0,50.0
2015-04,MUN,SP|SUMARE,glp,21,45.0,42.0,48.0,40.0,50.0
2015-04,MUN,SP|SUZANO,glp,20,45.5,38.946,46.2,38.0,49.0
2015-04,MUN,SP|TABOAO DA SERRA,glp,6,44.0,40.0,47.0,38.0,47.0
2015-04,MUN,SP|TATUI,glp,7,45.0,45.0,45.8,45.0,47.0
2015-04,MUN,SP|TAUBATE,glp,36,40.0,35.0,42.0,32.0,44.0
2015-04,MUN,SP|TUPA,glp,7,47.5,46.5,48.5,45.0,50.0
2015-04,MUN,SP|UBATUBA,glp,12,38.0,35.0,40.0,34.0,45.0
2015-04,MUN,SP|VALINHOS,glp,10,45.0,43.9,46.55,43.0,47.0
2015-04,MUN,SP|VARZEA PAULISTA,glp,11,37.5,36.0,42.5,32.5,45.5
2015-04,MUN,SP|VINHEDO,glp,6,45.0,44.25,48.0,44.0,49.0
2015-04,MUN,SP|VOTORANTIM,glp,17,45.0,41.8,46.2,40.0,48.0
2015-04,MUN,SP|VOTUPORANGA,glp,16,41.0,39.45,43.5,37.5,45.0
2015-04,MUN,TO|ARAGUAINA,glp,12,60.0,55.5,61.8,53.0,62.0
2015-04,MUN,TO|DIANOPOLIS,glp,3,55.0,55.0,55.0,55.0,55.0
2015-04,MUN,TO|GUARAI,glp,1,60.0,60.0,60.0,60.0,60.0
2015-04,MUN,TO|GURUPI,glp,37,53.0,50.0,55.0,45.0,55.0
2015-04,MUN,TO|PALMAS,glp,28,58.0,57.0,58.0,57.0,58.0
2015-04,MUN,TO|PARAISO DO TOCANTINS,glp,12,50.0,50.0,53.0,50.0,55.0
2015-04,MUN,TO|PORTO NACIONAL,glp,9,50.0,50.0,50.0,50.0,50.0
2015-04,UF,AC,glp,97,52.0,50.0,57.0,48.0,62.0
2015-04,UF,AL,glp,104,45.0,40.0,45.0,35.0,50.0
2015-04,UF,AM,glp,450,47.0,45.0,49.0,41.0,56.0
2015-04,UF,AP,glp,31,60.0,55.0,61.0,48.0,69.0
2015-04,UF,BA,glp,516,42.0,35.0,46.0,30.0,51.0
2015-04,UF,CE,glp,222,50.0,46.0,54.0,42.0,55.0
2015-04,UF,DF,glp,131,45.0,43.0,50.0,37.0,53.0
2015-04,UF,ES,glp,348,45.0,42.0,47.0,33.0,48.0
2015-04,UF,GO,glp,486,44.0,41.5,47.0,39.9,55.0
2015-04,UF,MA,glp,196,45.0,40.0,55.0,34.99,60.0
2015-04,UF,MG,glp,1037,49.0,42.0,54.0,37.0,60.0
2015-04,UF,MS,glp,548,56.0,53.0,57.0,40.0,60.0
2015-04,UF,MT,glp,262,60.0,55.505,65.0,45.0,70.0
2015-04,UF,PA,glp,212,48.0,46.1,55.0,42.0,63.0
2015-04,UF,PB,glp,102,45.0,40.0,45.0,39.0,45.0
2015-04,UF,PE,glp,366,48.25,42.0,50.0,35.0,55.0
2015-04,UF,PI,glp,86,43.0,43.0,52.5,43.0,53.0
2015-04,UF,PR,glp,824,48.0,41.0,55.0,34.0,65.0
2015-04,UF,RJ,glp,310,45.0,36.9,50.0,30.0,55.0
2015-04,UF,RN,glp,63,46.0,45.0,50.0,43.0,50.0
2015-04,UF,RO,glp,80,48.0,45.0,58.0,43.0,60.0
2015-04,UF,RR,glp,35,53.0,51.4,54.0,46.0,56.5
2015-04,UF,RS,glp,859,45.0,40.0,48.2,32.0,58.0
2015-04,UF,SC,glp,281,46.0,41.0,50.0,37.0,54.5
2015-04,UF,SE,glp,72,45.0,38.55,47.0,35.0,47.0
2015-04,UF,SP,glp,2462,43.0,38.0,49.0,30.0,59.9
2015-04,UF,TO,glp,102,55.0,50.0,59.8,45.0,62.0
2015-05,BR,BR,glp,9977,46.0,40.0,55.0,29.995,70.0
2015-05,MUN,AC|CRUZEIRO DO SUL,glp,5,62.0,60.8,62.0,60.0,62.0
2015-05,MUN,AC|RIO BRANCO,glp,84,52.0,50.0,54.0,48.0,56.0
2015-05,MUN,AC|SENA MADUREIRA,glp,4,56.5,55.3,57.0,55.0,57.0
2015-05,MUN,AC|SENADOR GUIOMARD,glp,5,51.5,50.4,53.6,50.0,54.0
2015-05,MUN,AC|TARAUACA,glp,2,56.0,55.2,56.8,55.0,57.0
2015-05,MUN,AC|XAPURI,glp,1,60.0,60.0,60.0,60.0,60.0
2015-05,MUN,AL|ARAPIRACA,glp,12,42.0,37.3,44.7,37.0,45.0
2015-05,MUN,AL|ATALAIA,glp,1,40.0,40.0,40.0,40.0,40.0
2015-05,MUN,AL|DELMIRO GOUVEIA,glp,3,45.0,45.0,45.0,45.0,45.0
2015-05,MUN,AL|MACEIO,glp,55,45.0,45.0,45.0,45.0,45.0
2015-05,MUN,AL|MARECHAL DEODORO,glp,1,45.0,45.0,45.0,45.0,45.0
2015-05,MUN,AL|MESSIAS,glp,1,45.0,45.0,45.0,45.0,45.0
2015-05,MUN,AL|PALMEIRA DOS INDIOS,glp,5,37.0,37.0,41.8,37.0,45.0
2015-05,MUN,AL|RIO LARGO,glp,5,40.0,40.0,45.0,40.0,45.0
2015-05,MUN,AL|SANTANA DO IPANEMA,glp,7,42.0,35.0,45.0,35.0,45.0
2015-05,MUN,AM|HUMAITA,glp,3,54.5,50.9,54.9,50.0,55.0
2015-05,MUN,AM|ITACOATIARA,glp,10,55.0,54.9,55.1,54.0,56.0
2015-05,MUN,AM|MANACAPURU,glp,3,52.0,49.6,52.8,49.0,53.0
2015-05,MUN,AM|MANAUS,glp,413,47.0,45.0,48.0,41.0,52.0
2015-05,MUN,AM|PRESIDENTE FIGUEIREDO,glp,4,50.0,50.0,51.4,50.0,52.0
2015-05,MUN,AM|TEFE,glp,2,52.0,52.0,52.0,52.0,52.0
2015-05,MUN,AP|CALCOENE,glp,1,61.0,61.0,61.0,61.0,61.0
2015-05,MUN,AP|LARANJAL DO JARI,glp,2,57.0,54.6,59.4,54.0,60.0
2015-05,MUN,AP|MACAPA,glp,14,60.0,60.0,61.0,48.0,61.0
2015-05,MUN,AP|OIAPOQUE,glp,1,69.0,69.0,69.0,69.0,69.0
2015-05,MUN,AP|SANTANA,glp,6,56.5,54.975,59.75,54.95,60.5
2015-05,MUN,BA|ALAGOINHAS,glp,6,40.0,40.0,42.5,40.0,45.0
2015-05,MUN,BA|BARRA,glp,6,38.0,35.25,38.5,34.0,39.0
2015-05,MUN,BA|BARREIRAS,glp,16,43.0,43.0,50.0,43.0,50.0
2015-05,MUN,BA|BRUMADO,glp,5,40.0,35.0,40.0,35.0,40.0
2015-05,MUN,BA|CAETITE,glp,6,40.0,37.5,40.0,37.5,40.0
2015-05,MUN,BA|CAMACARI,glp,19,45.0,40.0,47.12,35.0,48.0
2015-05,MUN,BA|CAMPO FORMOSO,glp,2,39.5,39.1,39.9,39.0,40.0
2015-05,MUN,BA|CANDEIAS,glp,7,44.0,38.0,45.0,35.0,45.0
2015-05,MUN,BA|CAPIM GROSSO,glp,1,40.0,40.0,40.0,40.0,40.0
2015-05,MUN,BA|EUNAPOLIS,glp,12,45.0,44.0,46.0,44.0,46.0
2015-05,MUN,BA|FEIRA DE SANTANA,glp,36,42.0,38.0,44.0,33.5,44.0
2015-05,MUN,BA|GUANAMBI,glp,16,35.0,35.0,35.0,35.0,35.0
2015-05,MUN,BA|ILHEUS,glp,6,46.95,45.0,49.955,45.0,51.0
2015-05,MUN,BA|IPIRA,glp,6,40.0,40.0,42.0,40.0,42.0
2015-05,MUN,BA|IRECE,glp,14,35.0,35.0,40.0,35.0,40.0
2015-05,MUN,BA|ITABUNA,glp,8,44.0,41.4,45.6,40.0,47.0
2015-05,MUN,BA|ITAMARAJU,glp,5,41.5,41.5,42.6,41.5,43.0
2015-05,MUN,BA|JACOBINA,glp,5,45.0,45.0,45.0,45.0,45.0
2015-05,MUN,BA|JAGUAQUARA,glp,11,37.0,37.0,37.0,37.0,37.0
2015-05,MUN,BA|JEQUIE,glp,13,35.0,32.4,35.0,32.0,38.0
2015-05,MUN,BA|JUAZEIRO,glp,12,45.0,40.0,45.0,40.0,45.0
2015-05,MUN,BA|LAURO DE FREITAS,glp,18,43.0,39.4,48.0,34.0,49.5
2015-05,MUN,BA|LIVRAMENTO DE NOSSA SENHORA,glp,1,32.0,32.0,32.0,32.0,32.0
2015-05,MUN,BA|PAULO AFONSO,glp,5,43.0,43.0,44.2,43.0,45.0
2015-05,MUN,BA|POCOES,glp,8,35.0,34.7,35.0,34.0,35.0
2015-05,MUN,BA|PORTO SEGURO,glp,10,40.0,36.3,50.0,34.5,50.0
2015-05,MUN,BA|RUY BARBOSA,glp,5,45.0,45.0,45.0,45.0,45.0
2015-05,MUN,BA|SALVADOR,glp,185,43.0,35.4,46.8,30.0,49.0
2015-05,MUN,BA|SANTANOPOLIS,glp,1,44.0,44.0,44.0,44.0,44.0
2015-05,MUN,BA|SANTO ANTONIO DE JESUS,glp,15,45.0,45.0,45.0,45.0,45.0
2015-05,MUN,BA|SENHOR DO BONFIM,glp,8,40.0,38.0,41.5,38.0,45.0
2015-05,MUN,BA|SERRINHA,glp,6,38.0,38.0,40.0,38.0,40.0
2015-05,MUN,BA|SIMOES FILHO,glp,7,45.0,40.0,48.8,40.0,50.0
2015-05,MUN,BA|TEIXEIRA DE FREITAS,glp,6,40.0,40.0,41.5,40.0,43.0
2015-05,MUN,BA|VALENCA,glp,6,45.0,45.0,45.5,45.0,46.0
2015-05,MUN,BA|VARZEDO,glp,1,45.0,45.0,45.0,45.0,45.0
2015-05,MUN,BA|VITORIA DA CONQUISTA,glp,13,38.0,37.0,39.0,37.0,39.0
2015-05,MUN,CE|BEBERIBE,glp,1,48.9,48.9,48.9,48.9,48.9
2015-05,MUN,CE|CANINDE,glp,5,43.0,43.0,44.0,43.0,44.0
2015-05,MUN,CE|CAUCAIA,glp,25,51.0,50.0,53.6,49.0,55.0
2015-05,MUN,CE|CRATEUS,glp,5,49.0,47.4,49.6,47.0,50.0
2015-05,MUN,CE|CRATO,glp,11,47.0,45.0,48.0,44.0,48.0
2015-05,MUN,CE|FORTALEZA,glp,101,52.0,50.0,53.0,48.0,55.0
2015-05,MUN,CE|ICO,glp,5,47.0,46.4,47.6,46.0,48.0
2015-05,MUN,CE|IGUATU,glp,5,47.0,45.4,47.0,45.0,47.0
2015-05,MUN,CE|IPU,glp,2,46.0,45.2,46.8,45.0,47.0
2015-05,MUN,CE|ITAPIPOCA,glp,7,47.0,45.6,48.4,45.0,49.0
2015-05,MUN,CE|JUAZEIRO DO NORTE,glp,10,47.0,45.0,48.1,45.0,49.0
2015-05,MUN,CE|LIMOEIRO DO NORTE,glp,4,49.5,48.93,50.0,48.9,50.0
2015-05,MUN,CE|MARACANAU,glp,14,52.0,51.5,53.0,51.5,53.0
2015-05,MUN,CE|MORADA NOVA,glp,5,50.0,47.0,50.0,47.0,50.0
2015-05,MUN,CE|PEDRA BRANCA,glp,3,45.0,43.4,45.0,43.0,45.0
2015-05,MUN,CE|QUIXADA,glp,7,44.0,42.0,44.4,42.0,45.0
2015-05,MUN,CE|SOBRAL,glp,5,44.0,42.4,45.6,42.0,46.0
2015-05,MUN,DF|BRASILIA,glp,99,45.0,40.0,50.0,37.0,53.0
2015-05,MUN,ES|ARACRUZ,glp,7,41.0,39.2,42.4,38.0,43.0
2015-05,MUN,ES|BARRA DE SAO FRANCISCO,glp,4,44.0,44.0,44.7,44.0,45.0
2015-05,MUN,ES|CACHOEIRO DE ITAPEMIRIM,glp,15,41.5,40.0,45.0,38.0,45.0
2015-05,MUN,ES|CARIACICA,glp,70,45.0,44.0,46.1,42.0,47.0
2015-05,MUN,ES|CASTELO,glp,3,38.0,38.0,39.6,38.0,40.0
2015-05,MUN,ES|COLATINA,glp,8,39.0,36.0,40.6,36.0,42.0
2015-05,MUN,ES|GUARAPARI,glp,20,46.5,45.9,48.0,45.0,48.0
2015-05,MUN,ES|ITAPEMIRIM,glp,1,45.0,45.0,45.0,45.0,45.0
2015-05,MUN,ES|JAGUARE,glp,4,45.0,45.0,45.0,45.0,45.0
2015-05,MUN,ES|LINHARES,glp,13,45.0,40.6,48.0,39.0,48.0
2015-05,MUN,ES|MARATAIZES,glp,1,40.0,40.0,40.0,40.0,40.0
2015-05,MUN,ES|NOVA VENECIA,glp,3,33.0,33.0,39.4,33.0,41.0
2015-05,MUN,ES|SAO MATEUS,glp,12,45.0,40.0,47.0,40.0,47.0
2015-05,MUN,ES|SERRA,glp,105,45.0,44.0,46.0,43.0,47.0
2015-05,MUN,ES|VILA VELHA,glp,35,45.0,44.0,46.0,44.0,47.0
2015-05,MUN,ES|VITORIA,glp,25,46.0,45.0,47.0,44.0,48.0
2015-05,MUN,GO|AGUAS LINDAS DE GOIAS,glp,19,44.0,42.0,45.0,40.995,48.0
2015-05,MUN,GO|ANAPOLIS,glp,53,42.0,41.0,43.0,40.0,43.0
2015-05,MUN,GO|APARECIDA DE GOIANIA,glp,48,42.0,41.5,44.0,41.0,45.0
2015-05,MUN,GO|CALDAS NOVAS,glp,24,43.75,42.0,46.0,42.0,47.0
2015-05,MUN,GO|CATALAO,glp,13,44.0,40.4,44.8,40.0,45.0
2015-05,MUN,GO|FORMOSA,glp,18,45.0,42.0,45.3,41.0,47.0
2015-05,MUN,GO|GOIANIA,glp,92,42.0,41.0,44.0,40.0,45.0
2015-05,MUN,GO|GOIANIRA,glp,1,42.0,42.0,42.0,42.0,42.0
2015-05,MUN,GO|GOIATUBA,glp,11,46.0,46.0,46.0,45.0,48.0
2015-05,MUN,GO|ITUMBIARA,glp,17,46.0,45.0,48.0,45.0,50.0
2015-05,MUN,GO|JATAI,glp,19,47.0,44.0,53.0,43.0,55.0
2015-05,MUN,GO|LUZIANIA,glp,35,44.0,43.0,45.0,43.0,47.5
2015-05,MUN,GO|MINEIROS,glp,16,48.0,45.0,49.0,45.0,50.0
2015-05,MUN,GO|MORRINHOS,glp,15,42.0,42.0,44.0,39.9,45.0
2015-05,MUN,GO|PLANALTINA,glp,21,50.0,46.5,50.0,46.0,52.0
2015-05,MUN,GO|PONTALINA,glp,1,46.0,46.0,46.0,46.0,46.0
2015-05,MUN,GO|PORANGATU,glp,18,45.0,44.0,45.0,44.0,45.0
2015-05,MUN,GO|RIO VERDE,glp,35,45.0,44.0,46.6,44.0,47.0
2015-05,MUN,GO|TRINDADE,glp,31,42.0,40.5,42.0,39.0,43.0
2015-05,MUN,GO|VALPARAISO DE GOIAS,glp,11,45.0,44.0,46.0,43.0,46.0
2015-05,MUN,MA|ACAILANDIA,glp,4,53.25,52.15,54.7,52.0,55.0
2015-05,MUN,MA|BACABAL,glp,4,52.0,51.3,52.0,51.0,52.0
2015-05,MUN,MA|BALSAS,glp,3,50.0,50.0,50.0,50.0,50.0
2015-05,MUN,MA|BARRA DO CORDA,glp,6,52.0,51.0,54.0,50.0,55.0
2015-05,MUN,MA|CAROLINA,glp,3,55.0,51.0,55.0,50.0,55.0
2015-05,MUN,MA|CAXIAS,glp,2,50.0,50.0,50.0,50.0,50.0
2015-05,MUN,MA|CODO,glp,2,49.0,49.0,49.0,49.0,49.0
2015-05,MUN,MA|IMPERATRIZ,glp,36,55.0,52.75,60.0,50.0,60.0
2015-05,MUN,MA|PINHEIRO,glp,3,53.0,53.0,53.0,53.0,53.0
2015-05,MUN,MA|PRESIDENTE DUTRA,glp,4,53.75,50.75,55.0,50.0,55.0
2015-05,MUN,MA|SANTA INES,glp,4,53.0,52.3,53.0,52.0,53.0
2015-05,MUN,MA|SAO DOMINGOS DO MARANHAO,glp,2,44.5,44.1,44.9,44.0,45.0
2015-05,MUN,MA|SAO JOAO DOS PATOS,glp,3,55.0,55.0,55.0,55.0,55.0
2015-05,MUN,MA|SAO JOSE DE RIBAMAR,glp,8,45.0,45.0,46.5,45.0,50.0
2015-05,MUN,MA|SAO LUIS,glp,74,45.0,40.0,45.0,34.99,50.0
2015-05,MUN,MA|SAO VICENTE FERRER,glp,1,50.0,50.0,50.0,50.0,50.0
2015-05,MUN,MA|TIMON,glp,3,43.0,43.0,43.8,43.0,44.0
2015-05,MUN,MG|ALFENAS,glp,15,42.0,37.6,45.0,34.9,45.99
2015-05,MUN,MG|ARAGUARI,glp,16,48.0,48.0,50.0,45.0,50.0
2015-05,MUN,MG|ARAXA,glp,4,49.5,48.3,51.4,48.0,52.0
2015-05,MUN,MG|BARBACENA,glp,22,48.0,45.0,50.0,45.0,50.0
2015-05,MUN,MG|BELO HORIZONTE,glp,69,52.0,48.0,55.0,42.0,57.0
2015-05,MUN,MG|BETIM,glp,35,51.0,50.0,54.0,49.0,54.0
2015-05,MUN,MG|BOM DESPACHO,glp,3,50.0,48.0,50.0,47.5,50.0
2015-05,MUN,MG|CAMPO BELO,glp,8,43.75,38.35,45.0,38.0,45.0
2015-05,MUN,MG|CARATINGA,glp,4,45.0,44.3,45.7,44.0,46.0
2015-05,MUN,MG|CATAGUASES,glp,4,46.0,45.3,46.7,45.0,47.0
2015-05,MUN,MG|CONGONHAS,glp,8,47.0,46.7,47.3,46.0,48.0
2015-05,MUN,MG|CONSELHEIRO LAFAIETE,glp,8,45.0,45.0,46.5,45.0,50.0
2015-05,MUN,MG|CONTAGEM,glp,120,51.0,50.0,54.0,49.0,54.045
2015-05,MUN,MG|CORONEL FABRICIANO,glp,8,48.0,45.7,49.2,45.0,52.0
2015-05,MUN,MG|CURVELO,glp,8,46.25,43.5,50.0,40.0,50.0
2015-05,MUN,MG|DIAMANTINA,glp,4,50.0,50.0,55.25,50.0,57.5
2015-05,MUN,MG|DIVINOPOLIS,glp,19,45.0,40.0,47.0,40.0,48.0
2015-05,MUN,MG|FORMIGA,glp,6,48.5,46.0,49.0,45.0,49.0
2015-05,MUN,MG|FRUTAL,glp,4,45.45,42.9,45.97,42.0,46.0
2015-05,MUN,MG|GOVERNADOR VALADARES,glp,30,46.0,45.0,48.0,41.0,48.0
2015-05,MUN,MG|GUAXUPE,glp,10,43.5,42.0,44.1,42.0,45.0
2015-05,MUN,MG|IBIRITE,glp,15,50.0,50.0,51.3,50.0,52.0
2015-05,MUN,MG|IPATINGA,glp,24,45.0,44.3,48.0,42.0,49.0
2015-05,MUN,MG|ITABIRA,glp,5,52.0,52.0,53.9,52.0,54.5
2015-05,MUN,MG|ITAJUBA,glp,13,40.0,38.0,44.6,38.0,45.0
2015-05,MUN,MG|ITAUNA,glp,13,45.0,42.0,50.0,42.0,53.0
2015-05,MUN,MG|ITUIUTABA,glp,19,45.0,43.0,48.0,43.0,48.0
2015-05,MUN,MG|JANAUBA,glp,2,42.5,42.1,42.9,42.0,43.0
2015-05,MUN,MG|JANUARIA,glp,6,47.25,46.25,48.225,46.0,48.45
2015-05,MUN,MG|JOAO MONLEVADE,glp,8,46.0,45.0,48.0,45.0,48.0
2015-05,MUN,MG|JOAO PINHEIRO,glp,11,50.0,47.0,50.0,45.0,50.0
2015-05,MUN,MG|JUIZ DE FORA,glp,60,49.0,42.9,55.0,39.0,58.0
2015-05,MUN,MG|LAVRAS,glp,10,47.5,44.7,50.0,42.0,50.0
2015-05,MUN,MG|LEOPOLDINA,glp,5,48.0,47.0,48.0,47.0,48.0
2015-05,MUN,MG|MANHUACU,glp,6,45.0,45.0,47.0,45.0,47.0
2015-05,MUN,MG|MARIANA,glp,4,51.0,50.3,51.7,50.0,52.0
2015-05,MUN,MG|MONTE CARMELO,glp,11,55.0,54.0,57.5,54.0,58.0
2015-05,MUN,MG|MONTES CLAROS,glp,34,48.0,47.0,50.0,45.0,50.0
2015-05,MUN,MG|MURIAE,glp,4,47.5,45.0,52.1,45.0,53.0
2015-05,MUN,MG|NOVA LIMA,glp,10,51.0,49.9,54.0,49.0,54.0
2015-05,MUN,MG|OLIVEIRA,glp,10,42.25,37.9,46.2,37.0,48.0
2015-05,MUN,MG|OURO PRETO,glp,8,53.0,50.0,55.0,50.0,55.0
2015-05,MUN,MG|PARA DE MINAS,glp,9,48.5,47.8,49.58,47.0,49.9
2015-05,MUN,MG|PARACATU,glp,5,50.0,49.1,52.4,48.5,53.0
2015-05,MUN,MG|PASSOS,glp,18,46.0,45.0,48.0,45.0,48.0
2015-05,MUN,MG|PATOS DE MINAS,glp,17,50.0,48.0,50.0,48.0,50.0
2015-05,MUN,MG|PATROCINIO,glp,12,49.5,47.1,50.0,47.0,50.0
2015-05,MUN,MG|POCOS DE CALDAS,glp,17,44.0,42.0,44.0,42.0,44.1
2015-05,MUN,MG|POUSO ALEGRE,glp,16,42.0,39.5,45.0,39.0,46.5
2015-05,MUN,MG|RIBEIRAO DAS NEVES,glp,18,52.0,51.0,54.0,49.0,54.0
2015-05,MUN,MG|SABARA,glp,16,52.0,50.5,54.0,50.0,54.0
2015-05,MUN,MG|SANTA LUZIA,glp,16,51.0,50.0,54.0,50.0,55.0
2015-05,MUN,MG|SANTOS DUMONT,glp,5,45.0,42.4,48.0,42.0,48.0
2015-05,MUN,MG|SAO JOAO DEL REI,glp,15,50.0,47.4,52.0,45.0,52.0
2015-05,MUN,MG|SAO LOURENCO,glp,3,40.0,38.4,40.8,38.0,41.0
2015-05,MUN,MG|SAO SEBASTIAO DO PARAISO,glp,12,50.0,50.0,55.0,48.0,55.0
2015-05,MUN,MG|SETE LAGOAS,glp,17,50.0,43.8,51.0,41.0,53.0
2015-05,MUN,MG|TEOFILO OTONI,glp,19,44.0,39.8,47.0,38.0,49.0
2015-05,MUN,MG|TIMOTEO,glp,5,46.0,42.0,48.6,40.0,50.0
2015-05,MUN,MG|TRES CORACOES,glp,8,42.0,40.0,45.0,40.0,45.0
2015-05,MUN,MG|UBA,glp,8,55.0,54.4,58.0,53.0,58.0
2015-05,MUN,MG|UBERABA,glp,30,50.0,48.9,50.0,45.0,50.0
2015-05,MUN,MG|UBERLANDIA,glp,51,50.0,49.0,52.0,48.0,52.0
2015-05,MUN,MG|UNAI,glp,16,55.0,55.0,55.0,55.0,55.0
2015-05,MUN,MG|VARGINHA,glp,12,40.0,40.0,42.0,40.0,43.0
2015-05,MUN,MG|VESPASIANO,glp,10,52.0,49.0,54.0,49.0,54.0
2015-05,MUN,MG|VICOSA,glp,2,55.0,55.0,55.0,55.0,55.0
2015-05,MUN,MS|CAMPO GRANDE,glp,416,56.0,55.0,57.0,48.0,58.0
2015-05,MUN,MS|CORUMBA,glp,7,42.0,42.0,42.4,42.0,43.0
2015-05,MUN,MS|COXIM,glp,12,59.25,57.55,60.0,55.5,60.0
2015-05,MUN,MS|DOURADOS,glp,67,55.0,55.0,56.0,55.0,58.0
2015-05,MUN,MS|NOVA ANDRADINA,glp,11,55.0,55.0,55.0,50.0,56.5
2015-05,MUN,MS|PARANAIBA,glp,12,55.0,55.0,55.0,53.0,55.0
2015-05,MUN,MS|PONTA PORA,glp,5,46.0,45.0,52.4,45.0,54.0
2015-05,MUN,MS|TRES LAGOAS,glp,15,48.0,40.8,48.6,40.0,50.0
2015-05,MUN,MT|ALTA FLORESTA,glp,5,65.0,61.2,65.0,60.0,65.0
2015-05,MUN,MT|CACERES,glp,6,52.0,48.5,55.5,47.0,56.0
2015-05,MUN,MT|CUIABA,glp,161,60.0,57.0,65.0,52.0,70.0
2015-05,MUN,MT|RONDONOPOLIS,glp,16,60.0,59.0,61.0,58.0,62.0
2015-05,MUN,MT|SINOP,glp,14,60.0,59.0,60.7,58.0,61.0
2015-05,MUN,MT|SORRISO,glp,8,68.0,66.75,68.3,65.0,69.0
2015-05,MUN,MT|VARZEA GRANDE,glp,46,60.0,58.0,65.0,55.0,65.0
2015-05,MUN,PA|ABAETETUBA,glp,5,46.0,43.4,47.0,43.0,47.0
2015-05,MUN,PA|ALENQUER,glp,4,55.0,54.3,55.0,54.0,55.0
2015-05,MUN,PA|ALTAMIRA,glp,7,55.0,55.0,57.4,55.0,58.0
2015-05,MUN,PA|ANANINDEUA,glp,37,48.0,48.0,50.0,48.0,50.0
2015-05,MUN,PA|BELEM,glp,82,48.0,45.0,48.0,42.0,50.0
2015-05,MUN,PA|BRAGANCA,glp,6,50.0,46.5,50.0,45.0,50.0
2015-05,MUN,PA|BREVES,glp,3,54.0,50.8,54.8,50.0,55.0
2015-05,MUN,PA|CAMETA,glp,6,48.0,47.5,52.5,47.0,55.0
2015-05,MUN,PA|CASTANHAL,glp,7,50.0,50.0,50.0,50.0,50.0
2015-05,MUN,PA|CONCEICAO DO ARAGUAIA,glp,7,54.0,52.6,55.0,52.0,55.0
2015-05,MUN,PA|ITAITUBA,glp,7,55.0,55.0,62.4,55.0,63.0
2015-05,MUN,PA|MARABA,glp,4,55.0,55.0,55.0,55.0,55.0
2015-05,MUN,PA|PARAGOMINAS,glp,4,60.0,60.0,60.0,60.0,60.0
2015-05,MUN,PA|PARAUAPEBAS,glp,3,55.0,55.0,55.8,55.0,56.0
2015-05,MUN,PA|REDENCAO,glp,5,60.0,60.0,60.0,60.0,60.0
2015-05,MUN,PA|SANTAREM,glp,15,48.0,47.0,49.2,47.0,50.0
2015-05,MUN,PA|SAO CAETANO DE ODIVELAS,glp,1,48.0,48.0,48.0,48.0,48.0
2015-05,MUN,PA|TUCURUI,glp,4,50.0,50.0,50.0,50.0,50.0
2015-05,MUN,PA|XINGUARA,glp,6,60.0,56.0,60.0,55.0,60.0
2015-05,MUN,PB|BAYEUX,glp,5,45.0,40.8,45.18,40.0,45.3
2015-05,MUN,PB|CABEDELO,glp,7,45.0,42.0,45.0,42.0,45.0
2015-05,MUN,PB|CAMPINA GRANDE,glp,41,45.0,43.0,45.0,40.0,45.0
2015-05,MUN,PB|JOAO PESSOA,glp,32,43.5,40.0,45.0,40.0,45.0
2015-05,MUN,PB|MAMANGUAPE,glp,1,38.0,38.0,38.0,38.0,38.0
2015-05,MUN,PB|PATOS,glp,8,45.0,45.0,45.0,45.0,45.0
2015-05,MUN,PB|PIANCO,glp,1,45.0,45.0,45.0,45.0,45.0
2015-05,MUN,PB|SANTA RITA,glp,4,44.0,40.9,45.0,40.0,45.0
2015-05,MUN,PB|SAPE,glp,5,40.0,40.0,40.0,40.0,40.0
2015-05,MUN,PB|SOUSA,glp,4,38.5,38.0,39.7,38.0,40.0
2015-05,MUN,PE|ABREU E LIMA,glp,9,47.5,45.0,50.0,45.0,50.0
2015-05,MUN,PE|AFOGADOS DA INGAZEIRA,glp,1,46.5,46.5,46.5,46.5,46.5
2015-05,MUN,PE|AGUAS BELAS,glp,1,45.0,45.0,45.0,45.0,45.0
2015-05,MUN,PE|ARARIPINA,glp,3,42.0,42.0,46.8,42.0,48.0
2015-05,MUN,PE|ARCOVERDE,glp,2,45.0,45.0,45.0,45.0,45.0
2015-05,MUN,PE|BELO JARDIM,glp,4,45.0,41.5,45.0,40.0,45.0
2015-05,MUN,PE|BOM CONSELHO,glp,3,42.0,42.0,42.0,42.0,42.0
2015-05,MUN,PE|CABO DE SANTO AGOSTINHO,glp,11,45.0,44.0,50.0,43.0,50.0
2015-05,MUN,PE|CACHOEIRINHA,glp,1,35.0,35.0,35.0,35.0,35.0
2015-05,MUN,PE|CAMARAGIBE,glp,13,45.0,41.0,50.0,40.0,50.0
2015-05,MUN,PE|CARUARU,glp,21,43.0,40.0,47.0,40.0,48.5
2015-05,MUN,PE|GARANHUNS,glp,6,50.0,47.5,50.0,45.0,50.0
2015-05,MUN,PE|GOIANA,glp,3,40.5,38.5,42.1,38.0,42.5
2015-05,MUN,PE|GRAVATA,glp,4,50.0,48.6,50.0,48.0,50.0
2015-05,MUN,PE|IGARASSU,glp,20,49.0,46.8,50.0,45.0,55.0
2015-05,MUN,PE|JABOATAO DOS GUARARAPES,glp,43,45.0,42.6,50.0,40.0,55.0
2015-05,MUN,PE|LAJEDO,glp,5,42.0,37.0,42.0,35.0,42.0
2015-05,MUN,PE|MORENO,glp,1,50.0,50.0,50.0,50.0,50.0
2015-05,MUN,PE|OLINDA,glp,36,45.0,41.5,50.0,40.0,55.0
2015-05,MUN,PE|PAULISTA,glp,11,50.0,45.0,55.0,45.0,55.0
2015-05,MUN,PE|PETROLINA,glp,22,42.0,39.1,45.0,38.0,45.0
2015-05,MUN,PE|RECIFE,glp,75,45.0,40.0,50.0,35.99,52.5
2015-05,MUN,PE|SALGUEIRO,glp,2,50.0,50.0,50.0,50.0,50.0
2015-05,MUN,PE|SANTA CRUZ DO CAPIBARIBE,glp,4,40.0,39.3,40.0,39.0,40.0
2015-05,MUN,PE|SAO BENTO DO UNA,glp,2,38.0,38.0,38.0,38.0,38.0
2015-05,MUN,PE|SAO LOURENCO DA MATA,glp,16,42.75,40.0,47.5,37.5,50.0
2015-05,MUN,PE|SERRA TALHADA,glp,3,50.0,46.0,51.6,45.0,52.0
2015-05,MUN,PE|VITORIA DE SANTO ANTAO,glp,15,45.0,38.0,48.0,38.0,48.0
2015-05,MUN,PI|BARRAS,glp,2,53.0,53.0,53.0,53.0,53.0
2015-05,MUN,PI|CAMPO MAIOR,glp,4,53.0,52.3,53.0,52.0,53.0
2015-05,MUN,PI|OEIRAS,glp,2,50.0,50.0,50.0,50.0,50.0
2015-05,MUN,PI|PARNAIBA,glp,4,47.0,46.3,47.7,46.0,48.0
2015-05,MUN,PI|PICOS,glp,3,52.0,50.4,52.0,50.0,52.0
2015-05,MUN,PI|PIRIPIRI,glp,3,53.0,53.0,53.0,53.0,53.0
2015-05,MUN,PI|TERESINA,glp,59,43.0,43.0,45.0,43.0,45.0
2015-05,MUN,PR|ALMIRANTE TAMANDARE,glp,9,45.0,44.3,48.0,43.5,48.0
2015-05,MUN,PR|APUCARANA,glp,19,50.0,46.0,53.0,45.0,53.0
2015-05,MUN,PR|ARAPONGAS,glp,20,55.0,53.0,55.0,50.0,55.0
2015-05,MUN,PR|ARAUCARIA,glp,14,45.0,43.65,48.0,40.0,48.0
2015-05,MUN,PR|ASSIS CHATEAUBRIAND,glp,3,45.0,45.0,45.8,45.0,46.0
2015-05,MUN,PR|CAMBE,glp,25,52.0,48.0,55.0,45.0,55.0
2015-05,MUN,PR|CAMPO LARGO,glp,18,44.5,43.665,46.5,42.9,48.0
2015-05,MUN,PR|CAMPO MOURAO,glp,14,52.5,50.0,55.0,50.0,57.0
2015-05,MUN,PR|CASCAVEL,glp,70,55.0,54.0,56.0,53.0,56.0
2015-05,MUN,PR|CASTRO,glp,8,52.0,51.4,55.0,50.0,55.0
2015-05,MUN,PR|CIANORTE,glp,15,55.0,53.8,55.0,50.0,55.0
2015-05,MUN,PR|COLOMBO,glp,23,45.0,42.3,46.9,42.0,48.0
2015-05,MUN,PR|CORNELIO PROCOPIO,glp,6,48.5,48.0,51.0,48.0,52.0
2015-05,MUN,PR|CURITIBA,glp,128,46.0,43.0,49.62,39.0,52.0
2015-05,MUN,PR|CURIUVA,glp,1,50.0,50.0,50.0,50.0,50.0
2015-05,MUN,PR|FOZ DO IGUACU,glp,32,39.0,35.0,42.0,34.0,44.0
2015-05,MUN,PR|FRANCISCO BELTRAO,glp,6,46.0,43.5,46.5,42.0,47.0
2015-05,MUN,PR|GUARAPUAVA,glp,13,49.0,48.0,54.0,46.0,55.0
2015-05,MUN,PR|LARANJEIRAS DO SUL,glp,6,50.0,43.0,52.0,38.0,52.0
2015-05,MUN,PR|LONDRINA,glp,86,50.0,48.0,53.0,43.0,55.0
2015-05,MUN,PR|MARECHAL CANDIDO RONDON,glp,6,50.0,47.5,51.5,45.0,53.0
2015-05,MUN,PR|MARINGA,glp,42,60.0,55.0,60.0,55.0,65.0
2015-05,MUN,PR|PARANAGUA,glp,23,40.0,38.4,42.0,35.0,45.0
2015-05,MUN,PR|PARANAVAI,glp,11,60.0,58.0,63.0,57.0,65.0
2015-05,MUN,PR|PATO BRANCO,glp,12,53.0,52.54,55.35,52.0,55.9
2015-05,MUN,PR|PINHAIS,glp,17,45.5,44.2,47.4,40.0,48.0
2015-05,MUN,PR|PONTA GROSSA,glp,32,45.0,44.0,47.0,44.0,49.0
2015-05,MUN,PR|SANTO ANTONIO DA PLATINA,glp,14,48.0,43.6,49.7,43.0,50.0
2015-05,MUN,PR|SAO JOSE DOS PINHAIS,glp,17,44.5,37.24,46.7,35.5,48.0
2015-05,MUN,PR|TERRA BOA,glp,1,55.0,55.0,55.0,55.0,55.0
2015-05,MUN,PR|TOLEDO,glp,16,41.0,39.0,45.0,38.0,45.0
2015-05,MUN,PR|UMUARAMA,glp,18,54.5,53.85,55.0,52.5,55.0
2015-05,MUN,PR|UNIAO DA VITORIA,glp,4,52.0,49.9,52.0,49.0,52.0
2015-05,MUN,RJ|ANGRA DOS REIS,glp,3,45.0,45.0,45.0,45.0,45.0
2015-05,MUN,RJ|ARARUAMA,glp,8,44.0,42.0,45.897,42.0,47.99
2015-05,MUN,RJ|ARMACAO DOS BUZIOS,glp,1,46.9,46.9,46.9,46.9,46.9
2015-05,MUN,RJ|BARRA DO PIRAI,glp,3,40.0,39.2,48.0,39.0,50.0
2015-05,MUN,RJ|BARRA MANSA,glp,13,45.0,41.2,48.0,40.0,49.0
2015-05,MUN,RJ|BELFORD ROXO,glp,6,48.0,42.495,49.0,37.99,50.0
2015-05,MUN,RJ|CABO FRIO,glp,5,44.0,40.8,48.0,40.0,50.0
2015-05,MUN,RJ|CAMPOS DOS GOYTACAZES,glp,23,55.0,50.0,55.0,40.0,55.0
2015-05,MUN,RJ|DUQUE DE CAXIAS,glp,41,48.0,42.0,48.0,38.0,48.0
2015-05,MUN,RJ|ITABORAI,glp,4,39.5,38.3,40.0,38.0,40.0
2015-05,MUN,RJ|ITAGUAI,glp,3,39.9,38.3,40.7,37.9,40.9
2015-05,MUN,RJ|ITAPERUNA,glp,4,45.0,42.9,45.0,42.0,45.0
2015-05,MUN,RJ|MACAE,glp,4,44.0,43.0,45.0,43.0,45.0
2015-05,MUN,RJ|MAGE,glp,3,35.0,35.0,35.0,35.0,35.0
2015-05,MUN,RJ|MANGARATIBA,glp,1,39.9,39.9,39.9,39.9,39.9
2015-05,MUN,RJ|MARICA,glp,3,40.0,40.0,40.0,40.0,40.0
2015-05,MUN,RJ|NILOPOLIS,glp,4,46.0,46.0,47.4,46.0,48.0
2015-05,MUN,RJ|NITEROI,glp,14,45.0,42.0,48.0,38.0,48.0
2015-05,MUN,RJ|NOVA FRIBURGO,glp,6,47.0,41.0,50.0,40.0,50.0
2015-05,MUN,RJ|NOVA IGUACU,glp,21,48.0,42.0,50.0,39.99,52.0
2015-05,MUN,RJ|PARAIBA DO SUL,glp,3,40.0,37.6,44.0,37.0,45.0
2015-05,MUN,RJ|PARATY,glp,1,42.0,42.0,42.0,42.0,42.0
2015-05,MUN,RJ|PETROPOLIS,glp,7,49.9,49.0,51.112,49.0,51.28
2015-05,MUN,RJ|RESENDE,glp,6,42.5,41.0,45.0,40.0,45.0
2015-05,MUN,RJ|RIO BONITO,glp,4,42.0,42.0,42.0,42.0,42.0
2015-05,MUN,RJ|RIO DE JANEIRO,glp,78,40.0,32.99,47.0,29.995,51.5
2015-05,MUN,RJ|SANTO ANTONIO DE PADUA,glp,2,36.0,36.0,36.0,36.0,36.0
2015-05,MUN,RJ|SAO FRANCISCO DE ITABAPOANA,glp,2,51.5,48.7,54.3,48.0,55.0
2015-05,MUN,RJ|SAO GONCALO,glp,23,45.0,42.0,47.4,40.0,48.0
2015-05,MUN,RJ|SAO JOAO DE MERITI,glp,7,45.0,34.996,48.8,34.99,50.0
2015-05,MUN,RJ|SAPUCAIA,glp,2,48.0,48.0,48.0,48.0,48.0
2015-05,MUN,RJ|SAQUAREMA,glp,4,41.0,40.3,41.0,40.0,41.0
2015-05,MUN,RJ|TERESOPOLIS,glp,7,45.0,41.8,45.4,40.0,46.0
2015-05,MUN,RJ|TRES RIOS,glp,2,41.5,40.3,42.7,40.0,43.0
2015-05,MUN,RJ|VALENCA,glp,4,46.5,45.3,47.7,45.0,48.0
2015-05,MUN,RJ|VASSOURAS,glp,2,45.0,45.0,45.0,45.0,45.0
2015-05,MUN,RJ|VOLTA REDONDA,glp,8,44.5,40.7,48.3,40.0,49.0
2015-05,MUN,RN|CAICO,glp,4,44.5,43.3,45.0,43.0,45.0
2015-05,MUN,RN|CURRAIS NOVOS,glp,3,44.0,43.2,44.8,43.0,45.0
2015-05,MUN,RN|MOSSORO,glp,11,46.0,45.0,47.0,45.0,48.0
2015-05,MUN,RN|NATAL,glp,39,48.0,45.0,50.0,45.0,50.0
2015-05,MUN,RN|PARNAMIRIM,glp,12,49.225,47.1,50.0,45.5,50.0
2015-05,MUN,RN|SANTA CRUZ,glp,1,45.0,45.0,45.0,45.0,45.0
2015-05,MUN,RN|SAO JOSE DE MIPIBU,glp,3,45.0,44.2,47.4,44.0,48.0
2015-05,MUN,RO|ARIQUEMES,glp,4,56.0,53.6,57.7,53.0,58.0
2015-05,MUN,RO|CACOAL,glp,4,55.0,55.0,55.0,55.0,55.0
2015-05,MUN,RO|GUAJARA-MIRIM,glp,4,58.0,58.0,58.0,58.0,58.0
2015-05,MUN,RO|JI-PARANA,glp,10,55.5,53.0,58.0,53.0,58.0
2015-05,MUN,RO|PIMENTA BUENO,glp,4,55.5,55.0,56.0,55.0,56.0
2015-05,MUN,RO|PORTO VELHO,glp,44,45.0,45.0,48.0,43.0,50.0
2015-05,MUN,RO|SAO MIGUEL DO GUAPORE,glp,2,57.5,57.1,57.9,57.0,58.0
2015-05,MUN,RO|VILHENA,glp,9,57.0,55.8,60.0,55.0,60.0
2015-05,MUN,RR|BOA VISTA,glp,27,54.0,52.0,55.4,51.0,56.5
2015-05,MUN,RR|CANTA,glp,3,51.0,51.0,55.0,51.0,56.0
2015-05,MUN,RR|CARACARAI,glp,2,52.5,52.1,52.9,52.0,53.0
2015-05,MUN,RR|RORAINOPOLIS,glp,3,54.0,50.8,54.0,50.0,54.0
2015-05,MUN,RS|ALEGRETE,glp,10,37.0,35.0,40.0,35.0,40.0
2015-05,MUN,RS|ALVORADA,glp,13,46.0,42.0,50.0,40.0,52.0
2015-05,MUN,RS|BAGE,glp,28,46.0,45.0,48.0,43.0,48.5
2015-05,MUN,RS|BENTO GONCALVES,glp,10,49.0,45.4,49.3,40.0,52.0
2015-05,MUN,RS|CACAPAVA DO SUL,glp,12,48.0,47.55,48.0,45.0,48.5
2015-05,MUN,RS|CACHOEIRA DO SUL,glp,15,42.0,40.0,45.0,40.0,48.0
2015-05,MUN,RS|CACHOEIRINHA,glp,10,47.0,43.8,47.6,42.0,53.0
2015-05,MUN,RS|CANOAS,glp,37,45.0,41.6,47.0,37.5,50.0
2015-05,MUN,RS|CAXIAS DO SUL,glp,59,45.0,42.0,47.2,40.0,49.0
2015-05,MUN,RS|CHUI,glp,3,35.0,35.0,37.4,35.0,38.0
2015-05,MUN,RS|CRUZ ALTA,glp,7,36.0,33.0,38.0,33.0,38.0
2015-05,MUN,RS|ERECHIM,glp,19,48.0,46.0,50.0,46.0,58.0
2015-05,MUN,RS|ESTEIO,glp,11,47.0,45.0,48.0,45.0,49.0
2015-05,MUN,RS|GRAMADO,glp,7,48.0,46.1,48.0,44.0,48.0
2015-05,MUN,RS|GRAVATAI,glp,38,42.0,40.0,47.0,39.0,53.0
2015-05,MUN,RS|GUAIBA,glp,13,44.0,42.2,47.0,40.0,47.0
2015-05,MUN,RS|GUARANI DAS MISSOES,glp,1,40.0,40.0,40.0,40.0,40.0
2015-05,MUN,RS|IJUI,glp,16,45.75,43.0,48.5,42.5,49.0
2015-05,MUN,RS|JAGUARAO,glp,9,35.0,33.7,36.0,32.5,36.0
2015-05,MUN,RS|LAJEADO,glp,10,45.625,42.9,48.0,42.0,48.0
2015-05,MUN,RS|NOVO HAMBURGO,glp,21,42.0,40.0,44.0,38.0,45.0
2015-05,MUN,RS|OSORIO,glp,10,52.0,49.5,52.0,45.0,52.0
2015-05,MUN,RS|PALMEIRA DAS MISSOES,glp,6,45.0,45.0,46.0,45.0,47.0
2015-05,MUN,RS|PASSO FUNDO,glp,41,40.0,39.0,45.0,38.0,48.0
2015-05,MUN,RS|PELOTAS,glp,41,44.5,40.0,46.0,38.0,48.0
2015-05,MUN,RS|PORTAO,glp,1,42.0,42.0,42.0,42.0,42.0
2015-05,MUN,RS|PORTO ALEGRE,glp,75,47.0,43.0,51.6,41.9,54.5
2015-05,MUN,RS|RIO GRANDE,glp,47,40.0,39.88,43.0,38.0,44.0
2015-05,MUN,RS|SANTA CRUZ DO SUL,glp,20,43.5,42.0,47.0,42.0,48.0
2015-05,MUN,RS|SANTA MARIA,glp,80,43.0,42.0,47.0,41.0,52.0
2015-05,MUN,RS|SANTA ROSA,glp,6,41.0,40.0,44.0,40.0,45.0
2015-05,MUN,RS|SANTA VITORIA DO PALMAR,glp,9,40.0,35.0,42.2,35.0,43.0
2015-05,MUN,RS|SANTANA DO LIVRAMENTO,glp,17,45.0,44.6,45.0,44.0,45.0
2015-05,MUN,RS|SANTO ANGELO,glp,13,44.0,42.2,47.0,40.0,48.0
2015-05,MUN,RS|SAO BORJA,glp,5,45.0,45.0,45.0,45.0,45.0
2015-05,MUN,RS|SAO GABRIEL,glp,16,49.5,47.75,50.0,40.0,50.0
2015-05,MUN,RS|SAO LEOPOLDO,glp,18,42.0,39.7,45.0,38.0,46.0
2015-05,MUN,RS|SAO LUIZ GONZAGA,glp,6,40.0,40.0,40.0,40.0,40.0
2015-05,MUN,RS|SAPIRANGA,glp,13,45.0,45.0,46.0,43.0,47.0
2015-05,MUN,RS|SAPUCAIA DO SUL,glp,33,47.5,44.1,49.0,43.0,49.0
2015-05,MUN,RS|TORRES,glp,5,45.0,43.2,46.6,42.0,47.0
2015-05,MUN,RS|TRAMANDAI,glp,12,48.0,45.0,49.95,45.0,50.0
2015-05,MUN,RS|URUGUAIANA,glp,17,50.0,48.0,52.0,42.0,52.0
2015-05,MUN,RS|VACARIA,glp,8,45.0,42.8,46.0,40.0,46.0
2015-05,MUN,RS|VIAMAO,glp,18,48.0,45.0,52.0,43.0,52.5
2015-05,MUN,SC|ARARANGUA,glp,4,42.5,40.0,45.0,40.0,45.0
2015-05,MUN,SC|BALNEARIO CAMBORIU,glp,2,41.0,40.2,41.8,40.0,42.0
2015-05,MUN,SC|BIGUACU,glp,1,49.0,49.0,49.0,49.0,49.0
2015-05,MUN,SC|BLUMENAU,glp,24,48.0,46.3,50.0,42.0,54.5
2015-05,MUN,SC|BRUSQUE,glp,5,48.0,43.2,48.0,40.0,48.0
2015-05,MUN,SC|CACADOR,glp,3,50.0,48.4,50.0,48.0,50.0
2015-05,MUN,SC|CHAPECO,glp,17,50.0,48.0,52.0,48.0,53.0
2015-05,MUN,SC|CONCORDIA,glp,3,45.0,42.6,45.0,42.0,45.0
2015-05,MUN,SC|CRICIUMA,glp,9,43.0,38.6,43.0,37.0,43.0
2015-05,MUN,SC|FLORIANOPOLIS,glp,28,49.5,48.0,51.65,48.0,52.0
2015-05,MUN,SC|ITAJAI,glp,54,43.0,41.65,44.35,40.0,53.0
2015-05,MUN,SC|JARAGUA DO SUL,glp,5,44.0,43.2,46.8,43.0,48.0
2015-05,MUN,SC|JOINVILLE,glp,22,48.0,47.0,50.0,46.5,51.0
2015-05,MUN,SC|LAGES,glp,7,47.0,44.6,48.0,44.0,48.0
2015-05,MUN,SC|LAGUNA,glp,5,40.0,40.0,45.0,40.0,45.0
2015-05,MUN,SC|MAFRA,glp,5,48.0,47.07,52.6,46.45,53.0
2015-05,MUN,SC|PALHOCA,glp,9,49.0,47.8,49.2,47.0,50.0
2015-05,MUN,SC|SAO JOSE,glp,14,49.0,48.0,52.0,48.0,53.0
2015-05,MUN,SC|SAO MIGUEL DO OESTE,glp,2,44.5,43.3,45.7,43.0,46.0
2015-05,MUN,SC|TUBARAO,glp,5,44.0,41.6,45.2,40.0,46.0
2015-05,MUN,SC|VIDEIRA,glp,4,48.0,47.3,48.7,47.0,49.0
2015-05,MUN,SC|XANXERE,glp,6,49.0,47.0,51.0,47.0,52.0
2015-05,MUN,SE|ARACAJU,glp,36,45.0,38.0,46.25,35.0,48.0
2015-05,MUN,SE|ITABAIANA,glp,4,42.5,42.0,43.7,42.0,44.0
2015-05,MUN,SE|ITABAIANINHA,glp,4,45.0,43.25,45.0,42.5,45.0
2015-05,MUN,SE|LAGARTO,glp,4,40.0,37.9,41.4,37.0,42.0
2015-05,MUN,SE|NOSSA SENHORA DO SOCORRO,glp,8,44.5,42.7,45.6,42.0,47.0
2015-05,MUN,SE|SIMAO DIAS,glp,3,40.0,38.8,40.0,38.5,40.0
2015-05,MUN,SE|TOBIAS BARRETO,glp,4,45.5,45.0,46.7,45.0,47.0
2015-05,MUN,SP|ADAMANTINA,glp,11,45.0,44.0,46.0,43.0,47.0
2015-05,MUN,SP|AMERICANA,glp,24,48.0,43.0,55.0,40.0,55.0
2015-05,MUN,SP|AMPARO,glp,5,46.0,44.8,48.74,44.0,49.9
2015-05,MUN,SP|APIAI,glp,2,47.5,47.1,47.9,47.0,48.0
2015-05,MUN,SP|ARACATUBA,glp,63,45.0,43.0,48.0,38.0,50.5
2015-05,MUN,SP|ARARAQUARA,glp,14,49.0,40.6,51.4,40.0,52.0
2015-05,MUN,SP|ARARAS,glp,5,47.8,44.72,52.0,44.0,52.0
2015-05,MUN,SP|ASSIS,glp,13,42.0,40.0,42.0,38.0,42.0
2015-05,MUN,SP|ATIBAIA,glp,20,42.0,40.0,48.1,39.99,49.0
2015-05,MUN,SP|AVARE,glp,8,50.0,50.0,52.65,50.0,53.0
2015-05,MUN,SP|BARRETOS,glp,13,41.0,40.0,43.0,40.0,43.0
2015-05,MUN,SP|BARUERI,glp,30,45.0,40.9,50.2,40.0,52.0
2015-05,MUN,SP|BAURU,glp,63,48.0,45.0,51.5,39.995,55.0
2015-05,MUN,SP|BEBEDOURO,glp,14,45.0,42.3,46.0,40.0,46.0
2015-05,MUN,SP|BIRIGUI,glp,24,45.0,40.9,47.5,40.0,50.0
2015-05,MUN,SP|BOTUCATU,glp,19,30.0,30.0,40.5,30.0,45.0
2015-05,MUN,SP|BRAGANCA PAULISTA,glp,20,38.95,32.0,42.1,32.0,45.0
2015-05,MUN,SP|CACAPAVA,glp,17,40.0,32.6,45.8,32.0,48.0
2015-05,MUN,SP|CAMPINAS,glp,78,42.0,40.0,45.3,40.0,50.0
2015-05,MUN,SP|CAMPOS DO JORDAO,glp,8,38.0,35.0,40.6,35.0,42.0
2015-05,MUN,SP|CAPAO BONITO,glp,4,45.0,43.6,46.4,43.0,47.0
2015-05,MUN,SP|CARAGUATATUBA,glp,8,42.0,40.0,44.3,40.0,45.0
2015-05,MUN,SP|CARAPICUIBA,glp,26,42.495,40.0,45.0,35.0,50.0
2015-05,MUN,SP|CATANDUVA,glp,16,45.0,41.995,50.75,41.0,53.0
2015-05,MUN,SP|COSMOPOLIS,glp,9,46.0,44.8,47.6,44.0,48.0
2015-05,MUN,SP|COTIA,glp,11,43.0,38.0,45.0,37.99,49.0
2015-05,MUN,SP|CRUZEIRO,glp,14,40.0,35.0,40.0,30.0,40.0
2015-05,MUN,SP|CUBATAO,glp,5,49.0,44.8,50.0,42.0,50.0
2015-05,MUN,SP|DIADEMA,glp,30,45.0,40.9,46.1,35.995,50.0
2015-05,MUN,SP|DRACENA,glp,9,47.0,45.0,48.2,45.0,49.0
2015-05,MUN,SP|ELISIARIO,glp,1,48.0,48.0,48.0,48.0,48.0
2015-05,MUN,SP|EMBU DAS ARTES,glp,4,42.0,40.6,43.4,40.0,44.0
2015-05,MUN,SP|FERNANDOPOLIS,glp,1,40.0,40.0,40.0,40.0,40.0
2015-05,MUN,SP|FERRAZ DE VASCONCELOS,glp,10,39.248,35.994,40.5,35.99,45.0
2015-05,MUN,SP|FRANCA,glp,60,39.9,37.999,41.0,37.99,47.0
2015-05,MUN,SP|FRANCISCO MORATO,glp,14,48.0,42.55,49.0,40.0,49.0
2015-05,MUN,SP|FRANCO DA ROCHA,glp,5,47.0,41.0,48.0,40.0,48.0
2015-05,MUN,SP|GARCA,glp,8,42.75,39.7,45.15,39.0,45.5
2015-05,MUN,SP|GUARATINGUETA,glp,13,42.9,36.2,47.7,34.0,51.95
2015-05,MUN,SP|GUARUJA,glp,15,42.0,37.99,52.0,37.99,52.0
2015-05,MUN,SP|GUARULHOS,glp,42,40.0,35.1,48.7,35.0,53.0
2015-05,MUN,SP|HORTOLANDIA,glp,21,45.0,42.0,50.0,40.0,55.0
2015-05,MUN,SP|IBITINGA,glp,10,45.0,43.6,45.0,40.0,45.0
2015-05,MUN,SP|INDAIATUBA,glp,24,44.0,40.6,45.0,40.0,50.0
2015-05,MUN,SP|ITANHAEM,glp,12,40.0,39.1,44.9,35.0,46.0
2015-05,MUN,SP|ITAPECERICA DA SERRA,glp,6,45.0,44.0,47.5,43.0,50.0
2015-05,MUN,SP|ITAPETININGA,glp,17,40.0,39.6,44.0,38.0,45.0
2015-05,MUN,SP|ITAPEVA,glp,5,46.0,44.0,48.2,44.0,49.0
2015-05,MUN,SP|ITAPEVI,glp,6,42.995,38.5,46.995,35.0,48.99
2015-05,MUN,SP|ITAPIRA,glp,4,43.0,40.2,43.7,39.0,44.0
2015-05,MUN,SP|ITAPOLIS,glp,14,47.25,42.9,49.275,41.8,49.5
2015-05,MUN,SP|ITAQUAQUECETUBA,glp,13,43.0,35.99,44.8,34.99,47.0
2015-05,MUN,SP|ITATIBA,glp,11,43.0,40.0,47.0,38.99,48.9
2015-05,MUN,SP|ITU,glp,11,41.0,38.0,45.0,38.0,46.9
2015-05,MUN,SP|JABOTICABAL,glp,21,45.0,42.0,50.0,35.0,52.0
2015-05,MUN,SP|JACAREI,glp,12,42.95,38.05,47.9,35.0,48.0
2015-05,MUN,SP|JALES,glp,7,40.0,40.0,40.0,40.0,40.0
2015-05,MUN,SP|JANDIRA,glp,12,45.0,43.0,49.8,40.0,50.0
2015-05,MUN,SP|JAU,glp,9,55.0,54.5,55.0,52.5,55.0
2015-05,MUN,SP|JOSE BONIFACIO,glp,14,45.0,42.3,45.686,42.0,46.9
2015-05,MUN,SP|JUNDIAI,glp,16,41.0,40.0,45.5,37.0,46.9
2015-05,MUN,SP|LEME,glp,17,40.0,38.3,45.4,37.0,49.0
2015-05,MUN,SP|LIMEIRA,glp,17,45.0,42.0,48.0,42.0,55.0
2015-05,MUN,SP|LINS,glp,19,45.0,45.0,48.0,45.0,48.0
2015-05,MUN,SP|LORENA,glp,12,39.0,35.1,42.0,34.0,45.0
2015-05,MUN,SP|MARILIA,glp,13,47.0,43.5,47.0,42.0,47.0
2015-05,MUN,SP|MATAO,glp,11,50.0,48.0,50.0,44.9,51.0
2015-05,MUN,SP|MAUA,glp,32,45.0,40.0,49.045,37.0,52.0
2015-05,MUN,SP|MIRASSOL,glp,12,44.25,42.0,46.45,40.0,48.0
2015-05,MUN,SP|MOCOCA,glp,14,45.0,45.0,45.35,45.0,45.5
2015-05,MUN,SP|MOGI DAS CRUZES,glp,41,46.0,40.0,48.0,38.0,52.0
2015-05,MUN,SP|MOGI GUACU,glp,14,45.0,42.0,45.0,42.0,45.0
2015-05,MUN,SP|MOGI MIRIM,glp,8,41.0,40.0,44.1,40.0,49.0
2015-05,MUN,SP|MONTE ALTO,glp,11,46.0,40.0,50.0,39.9,50.0
2015-05,MUN,SP|OLIMPIA,glp,11,35.0,33.0,38.0,33.0,40.0
2015-05,MUN,SP|OSASCO,glp,73,43.0,40.0,47.0,38.0,50.0
2015-05,MUN,SP|OURINHOS,glp,17,44.25,40.0,46.0,39.0,48.5
2015-05,MUN,SP|PARAGUACU PAULISTA,glp,12,50.0,45.75,50.0,44.0,50.0
2015-05,MUN,SP|PAULINIA,glp,17,40.0,38.6,43.7,38.0,44.0
2015-05,MUN,SP|PINDAMONHANGABA,glp,21,38.0,37.0,44.0,36.0,45.0
2015-05,MUN,SP|PIRACICABA,glp,31,52.0,50.0,57.0,45.0,60.0
2015-05,MUN,SP|PIRASSUNUNGA,glp,7,39.0,37.92,43.2,37.8,45.0
2015-05,MUN,SP|POA,glp,8,44.25,41.4,48.0,40.0,48.0
2015-05,MUN,SP|PORTO FERREIRA,glp,7,35.0,33.8,37.2,32.0,39.0
2015-05,MUN,SP|PRAIA GRANDE,glp,26,47.0,40.0,50.5,39.9,60.0
2015-05,MUN,SP|PRESIDENTE PRUDENTE,glp,30,49.45,42.9,54.55,38.0,55.0
2015-05,MUN,SP|PRESIDENTE VENCESLAU,glp,9,40.0,37.4,45.4,37.0,47.0
2015-05,MUN,SP|RIBEIRAO PIRES,glp,11,42.5,41.9,46.05,40.0,46.05
2015-05,MUN,SP|RIBEIRAO PRETO,glp,66,53.0,50.5,56.0,40.0,56.0
2015-05,MUN,SP|RIO CLARO,glp,7,43.0,41.0,43.8,38.0,45.0
2015-05,MUN,SP|SALTO,glp,15,43.0,40.0,47.5,40.0,49.0
2015-05,MUN,SP|SANTA BARBARA D'OESTE,glp,19,42.5,40.0,46.1,40.0,51.5
2015-05,MUN,SP|SANTA CRUZ DO RIO PARDO,glp,12,43.75,40.0,45.0,37.0,45.0
2015-05,MUN,SP|SANTO ANDRE,glp,48,47.0,39.997,53.0,35.99,55.0
2015-05,MUN,SP|SANTOS,glp,37,48.0,43.8,52.0,39.9,59.9
2015-05,MUN,SP|SAO BERNARDO DO CAMPO,glp,53,47.9,42.1,54.52,38.99,57.0
2015-05,MUN,SP|SAO CAETANO DO SUL,glp,5,50.0,48.2,56.8,47.0,58.0
2015-05,MUN,SP|SAO CARLOS,glp,22,47.9,47.9,52.0,46.9,55.0
2015-05,MUN,SP|SAO JOAO DA BOA VISTA,glp,10,35.0,35.0,36.0,35.0,36.0
2015-05,MUN,SP|SAO JOAQUIM DA BARRA,glp,9,50.0,49.5,50.0,47.5,50.0
2015-05,MUN,SP|SAO JOSE DO RIO PRETO,glp,102,45.0,43.0,48.0,34.0,50.0
2015-05,MUN,SP|SAO JOSE DOS CAMPOS,glp,42,42.0,39.0,45.0,35.0,48.0
2015-05,MUN,SP|SAO PAULO,glp,207,42.99,39.0,50.0,37.0,58.0
2015-05,MUN,SP|SAO ROQUE,glp,13,43.0,41.2,46.52,40.0,48.0
2015-05,MUN,SP|SAO VICENTE,glp,50,47.0,42.0,50.1,38.0,53.0
2015-05,MUN,SP|SERTAOZINHO,glp,16,43.0,41.0,45.5,40.0,46.0
2015-05,MUN,SP|SOROCABA,glp,28,43.0,39.9,46.6,38.0,50.0
2015-05,MUN,SP|SUMARE,glp,22,45.0,42.1,47.9,40.0,50.0
2015-05,MUN,SP|SUZANO,glp,20,46.5,39.9,49.1,38.0,51.0
2015-05,MUN,SP|TABOAO DA SERRA,glp,6,44.0,40.0,47.0,38.0,47.0
2015-05,MUN,SP|TATUI,glp,7,45.0,45.0,45.8,45.0,47.0
2015-05,MUN,SP|TAUBATE,glp,38,39.5,35.0,42.0,32.0,44.0
2015-05,MUN,SP|TUPA,glp,6,50.0,48.75,50.0,47.5,50.0
2015-05,MUN,SP|UBATUBA,glp,11,38.0,35.0,40.0,34.0,45.0
2015-05,MUN,SP|VALINHOS,glp,11,47.0,46.0,50.5,46.0,51.0
2015-05,MUN,SP|VARZEA PAULISTA,glp,11,40.0,36.0,41.5,34.0,46.0
2015-05,MUN,SP|VINHEDO,glp,6,47.5,46.25,50.0,46.0,51.0
2015-05,MUN,SP|VOTORANTIM,glp,17,47.0,44.2,48.4,40.0,53.0
2015-05,MUN,SP|VOTUPORANGA,glp,16,42.25,41.0,44.5,40.0,50.0
2015-05,MUN,TO|ARAGUAINA,glp,16,55.0,45.0,60.0,45.0,62.0
2015-05,MUN,TO|DIANOPOLIS,glp,3,55.0,55.0,55.0,55.0,55.0
2015-05,MUN,TO|GUARAI,glp,1,60.0,60.0,60.0,60.0,60.0
2015-05,MUN,TO|GURUPI,glp,33,53.0,50.6,55.0,50.0,55.0
2015-05,MUN,TO|PALMAS,glp,26,58.0,57.0,58.0,57.0,58.0
2015-05,MUN,TO|PARAISO DO TOCANTINS,glp,11,50.0,50.0,53.0,50.0,55.0
2015-05,MUN,TO|PORTO NACIONAL,glp,7,50.0,50.0,50.0,50.0,50.0
2015-05,UF,AC,glp,101,52.0,50.0,56.0,48.0,62.0
2015-05,UF,AL,glp,90,45.0,40.0,45.0,35.0,45.0
2015-05,UF,AM,glp,435,47.0,45.0,49.0,41.0,56.0
2015-05,UF,AP,glp,24,60.0,54.965,61.0,48.0,69.0
2015-05,UF,BA,glp,507,42.0,35.0,46.0,30.0,51.0
2015-05,UF,CE,glp,215,50.0,45.0,53.0,42.0,55.0
2015-05,UF,DF,glp,99,45.0,40.0,50.0,37.0,53.0
2015-05,UF,ES,glp,326,45.0,42.0,47.0,33.0,48.0
2015-05,UF,GO,glp,498,43.75,41.0,47.0,39.0,55.0
2015-05,UF,MA,glp,162,47.0,42.05,55.0,34.99,60.0
2015-05,UF,MG,glp,1040,49.25,43.0,54.0,34.9,58.0
2015-05,UF,MS,glp,545,56.0,54.0,57.0,40.0,60.0
2015-05,UF,MT,glp,256,60.0,57.5,65.0,47.0,70.0
2015-05,UF,PA,glp,213,48.0,46.2,55.0,42.0,63.0
2015-05,UF,PB,glp,108,45.0,40.0,45.0,38.0,45.3
2015-05,UF,PE,glp,337,45.0,40.0,50.0,35.0,55.0
2015-05,UF,PI,glp,77,43.0,43.0,52.4,43.0,53.0
2015-05,UF,PR,glp,729,49.0,42.0,55.0,34.0,65.0
2015-05,UF,RJ,glp,332,45.0,37.99,50.0,29.995,55.0
2015-05,UF,RN,glp,73,47.0,45.0,50.0,43.0,50.0
2015-05,UF,RO,glp,81,48.0,45.0,58.0,43.0,60.0
2015-05,UF,RR,glp,35,53.5,51.4,55.6,50.0,56.5
2015-05,UF,RS,glp,866,45.0,40.0,49.0,32.5,58.0
2015-05,UF,SC,glp,234,48.0,42.3,50.0,37.0,54.5
2015-05,UF,SE,glp,63,45.0,38.6,46.0,35.0,48.0
2015-05,UF,SP,glp,2434,45.0,39.0,50.0,30.0,60.0
2015-05,UF,TO,glp,97,55.0,50.0,58.0,45.0,62.0
2015-06,BR,BR,glp,9928,46.0,40.0,55.0,29.99,70.0
2015-06,MUN,AC|CRUZEIRO DO SUL,glp,5,62.0,60.8,62.0,60.0,62.0
2015-06,MUN,AC|RIO BRANCO,glp,88,52.0,50.0,54.65,48.0,58.0
2015-06,MUN,AC|SENA MADUREIRA,glp,4,56.5,55.3,57.0,55.0,57.0
2015-06,MUN,AC|SENADOR GUIOMARD,glp,4,51.5,50.3,53.4,50.0,54.0
2015-06,MUN,AC|TARAUACA,glp,2,56.0,55.2,56.8,55.0,57.0
2015-06,MUN,AC|XAPURI,glp,2,58.5,57.3,59.7,57.0,60.0
2015-06,MUN,AL|ARAPIRACA,glp,17,42.0,37.6,43.2,37.0,45.0
2015-06,MUN,AL|ATALAIA,glp,1,40.0,40.0,40.0,40.0,40.0
2015-06,MUN,AL|DELMIRO GOUVEIA,glp,3,45.0,45.0,45.0,45.0,45.0
2015-06,MUN,AL|MACEIO,glp,66,45.0,45.0,45.0,45.0,45.0
2015-06,MUN,AL|MARECHAL DEODORO,glp,1,45.0,45.0,45.0,45.0,45.0
2015-06,MUN,AL|PALMEIRA DOS INDIOS,glp,5,37.0,37.0,41.8,37.0,45.0
2015-06,MUN,AL|RIO LARGO,glp,8,40.0,40.0,45.0,40.0,45.0
2015-06,MUN,AL|SANTANA DO IPANEMA,glp,7,42.0,35.0,45.0,35.0,45.0
2015-06,MUN,AM|HUMAITA,glp,5,50.0,50.0,54.0,50.0,54.0
2015-06,MUN,AM|ITACOATIARA,glp,10,55.0,54.8,55.0,53.0,55.0
2015-06,MUN,AM|MANACAPURU,glp,3,53.0,49.8,53.0,49.0,53.0
2015-06,MUN,AM|MANAUS,glp,426,47.0,45.0,48.0,41.0,52.0
2015-06,MUN,AM|PARINTINS,glp,2,43.25,40.65,45.85,40.0,46.5
2015-06,MUN,AM|PRESIDENTE FIGUEIREDO,glp,4,50.0,50.0,51.4,50.0,52.0
2015-06,MUN,AM|TEFE,glp,2,52.0,52.0,52.0,52.0,52.0
2015-06,MUN,AP|CALCOENE,glp,1,61.0,61.0,61.0,61.0,61.0
2015-06,MUN,AP|LARANJAL DO JARI,glp,2,57.0,54.6,59.4,54.0,60.0
2015-06,MUN,AP|MACAPA,glp,15,60.0,60.0,61.0,48.0,61.0
2015-06,MUN,AP|OIAPOQUE,glp,1,69.0,69.0,69.0,69.0,69.0
2015-06,MUN,AP|SANTANA,glp,6,56.95,55.5,60.0,55.0,61.0
2015-06,MUN,BA|ALAGOINHAS,glp,6,40.0,40.0,42.5,40.0,45.0
2015-06,MUN,BA|BARRA,glp,5,38.0,37.4,38.0,37.0,38.0
2015-06,MUN,BA|BARREIRAS,glp,16,43.0,43.0,50.0,43.0,50.0
2015-06,MUN,BA|BRUMADO,glp,5,40.0,35.0,40.0,35.0,40.0
2015-06,MUN,BA|CAETITE,glp,6,40.0,38.5,40.0,37.0,40.0
2015-06,MUN,BA|CAMACARI,glp,19,45.0,40.0,47.12,35.0,48.0
2015-06,MUN,BA|CAMPO FORMOSO,glp,2,37.5,35.5,39.5,35.0,40.0
2015-06,MUN,BA|CANDEIAS,glp,7,44.0,38.0,45.0,35.0,45.0
2015-06,MUN,BA|CAPIM GROSSO,glp,1,40.0,40.0,40.0,40.0,40.0
2015-06,MUN,BA|EUNAPOLIS,glp,13,45.0,44.0,46.0,44.0,46.0
2015-06,MUN,BA|FEIRA DE SANTANA,glp,36,42.0,38.0,44.0,33.5,44.0
2015-06,MUN,BA|GUANAMBI,glp,16,35.0,35.0,35.0,35.0,35.0
2015-06,MUN,BA|ILHEUS,glp,6,45.725,45.0,48.955,45.0,49.0
2015-06,MUN,BA|IPIRA,glp,5,40.0,40.0,41.2,40.0,42.0
2015-06,MUN,BA|IRECE,glp,14,35.0,35.0,40.0,35.0,40.0
2015-06,MUN,BA|ITABUNA,glp,9,44.0,40.0,45.0,40.0,45.0
2015-06,MUN,BA|ITAMARAJU,glp,4,40.0,40.0,41.4,40.0,42.0
2015-06,MUN,BA|JACOBINA,glp,5,45.0,45.0,45.0,45.0,45.0
2015-06,MUN,BA|JAGUAQUARA,glp,11,37.0,37.0,37.0,37.0,37.0
2015-06,MUN,BA|JEQUIE,glp,13,35.0,32.4,35.0,32.0,38.0
2015-06,MUN,BA|JUAZEIRO,glp,11,42.0,40.0,45.0,40.0,45.0
2015-06,MUN,BA|LAURO DE FREITAS,glp,18,43.0,39.4,48.0,34.0,49.5
2015-06,MUN,BA|LIVRAMENTO DE NOSSA SENHORA,glp,3,32.0,30.4,36.8,30.0,38.0
2015-06,MUN,BA|PAULO AFONSO,glp,4,43.0,40.9,44.4,40.0,45.0
2015-06,MUN,BA|POCOES,glp,11,35.0,35.0,35.0,34.0,37.0
2015-06,MUN,BA|PORTO SEGURO,glp,8,39.0,34.7,45.8,34.0,50.0
2015-06,MUN,BA|RUY BARBOSA,glp,5,45.0,45.0,45.0,45.0,45.0
2015-06,MUN,BA|SALVADOR,glp,167,43.0,35.0,47.0,30.0,49.0
2015-06,MUN,BA|SANTANOPOLIS,glp,1,44.0,44.0,44.0,44.0,44.0
2015-06,MUN,BA|SANTO ANTONIO DE JESUS,glp,15,45.0,45.0,45.0,45.0,45.0
2015-06,MUN,BA|SENHOR DO BONFIM,glp,8,40.0,38.0,41.5,38.0,45.0
2015-06,MUN,BA|SERRINHA,glp,9,39.0,38.0,40.0,38.0,40.0
2015-06,MUN,BA|SIMOES FILHO,glp,7,45.0,40.0,48.8,40.0,50.0
2015-06,MUN,BA|TEIXEIRA DE FREITAS,glp,9,40.0,40.0,43.4,40.0,45.0
2015-06,MUN,BA|VALENCA,glp,6,45.0,45.0,45.5,45.0,46.0
2015-06,MUN,BA|VARZEDO,glp,1,45.0,45.0,45.0,45.0,45.0
2015-06,MUN,BA|VITORIA DA CONQUISTA,glp,16,36.0,35.0,37.5,35.0,40.0
2015-06,MUN,CE|BEBERIBE,glp,2,49.5,49.1,49.9,49.0,50.0
2015-06,MUN,CE|CANINDE,glp,5,44.0,43.2,44.3,43.0,44.5
2015-06,MUN,CE|CAUCAIA,glp,20,50.0,50.0,52.1,50.0,53.0
2015-06,MUN,CE|CRATEUS,glp,5,47.5,45.9,49.57,45.5,50.95
2015-06,MUN,CE|CRATO,glp,11,47.0,45.0,48.0,44.0,48.0
2015-06,MUN,CE|FORTALEZA,glp,106,50.0,50.0,52.0,48.9,53.0
2015-06,MUN,CE|ICO,glp,5,46.0,45.0,46.6,45.0,47.0
2015-06,MUN,CE|IGUATU,glp,5,46.0,45.0,47.6,45.0,48.0
2015-06,MUN,CE|IPU,glp,2,45.25,44.65,45.85,44.5,46.0
2015-06,MUN,CE|ITAPIPOCA,glp,7,46.0,46.0,48.2,46.0,50.0
2015-06,MUN,CE|JUAZEIRO DO NORTE,glp,10,46.5,45.0,48.2,45.0,50.0
2015-06,MUN,CE|LIMOEIRO DO NORTE,glp,4,49.25,49.0,49.85,49.0,50.0
2015-06,MUN,CE|MARACANAU,glp,14,50.0,49.0,51.4,48.0,52.5
2015-06,MUN,CE|MORADA NOVA,glp,5,49.0,47.4,49.6,47.0,50.0
2015-06,MUN,CE|PEDRA BRANCA,glp,3,45.0,44.2,45.8,44.0,46.0
2015-06,MUN,CE|QUIXADA,glp,7,44.0,42.0,44.4,42.0,45.0
2015-06,MUN,CE|SOBRAL,glp,7,44.0,42.6,45.4,42.0,46.0
2015-06,MUN,DF|BRASILIA,glp,97,45.0,40.0,50.0,37.0,53.0
2015-06,MUN,ES|ARACRUZ,glp,7,40.0,39.2,42.4,38.0,43.0
2015-06,MUN,ES|BARRA DE SAO FRANCISCO,glp,4,44.0,44.0,44.7,44.0,45.0
2015-06,MUN,ES|CACHOEIRO DE ITAPEMIRIM,glp,16,40.0,38.95,43.0,38.0,45.0
2015-06,MUN,ES|CARIACICA,glp,55,46.0,44.7,47.0,44.0,47.0
2015-06,MUN,ES|CASTELO,glp,3,39.0,38.2,39.8,38.0,40.0
2015-06,MUN,ES|COLATINA,glp,8,39.0,36.0,40.6,36.0,42.0
2015-06,MUN,ES|GUARAPARI,glp,20,47.0,45.9,48.0,45.0,48.0
2015-06,MUN,ES|ITAPEMIRIM,glp,1,45.0,45.0,45.0,45.0,45.0
2015-06,MUN,ES|JAGUARE,glp,4,45.0,45.0,45.0,45.0,45.0
2015-06,MUN,ES|LINHARES,glp,13,45.0,39.2,47.6,39.0,48.0
2015-06,MUN,ES|MARATAIZES,glp,1,40.0,40.0,40.0,40.0,40.0
2015-06,MUN,ES|NOVA VENECIA,glp,3,33.0,33.0,38.6,33.0,40.0
2015-06,MUN,ES|SAO MATEUS,glp,10,40.5,40.0,46.1,40.0,47.0
2015-06,MUN,ES|SERRA,glp,139,45.0,44.0,46.0,43.0,48.0
2015-06,MUN,ES|VILA VELHA,glp,34,45.0,44.0,46.0,44.0,47.0
2015-06,MUN,ES|VITORIA,glp,25,46.0,45.0,47.0,45.0,48.0
2015-06,MUN,GO|AGUAS LINDAS DE GOIAS,glp,12,44.5,43.0,45.0,38.99,45.0
2015-06,MUN,GO|ANAPOLIS,glp,56,42.0,41.0,43.0,40.0,43.0
2015-06,MUN,GO|APARECIDA DE GOIANIA,glp,33,42.0,41.0,44.0,41.0,45.0
2015-06,MUN,GO|CALDAS NOVAS,glp,25,44.0,42.0,46.0,42.0,47.0
2015-06,MUN,GO|CATALAO,glp,13,44.0,40.4,44.8,40.0,45.0
2015-06,MUN,GO|FORMOSA,glp,18,45.0,42.0,45.0,42.0,47.0
2015-06,MUN,GO|GOIANIA,glp,98,42.0,41.0,44.0,40.0,45.0
2015-06,MUN,GO|GOIANIRA,glp,1,42.0,42.0,42.0,42.0,42.0
2015-06,MUN,GO|GOIATUBA,glp,11,46.0,46.0,46.0,45.0,48.0
2015-06,MUN,GO|ITUMBIARA,glp,17,46.0,45.0,48.0,45.0,50.0
2015-06,MUN,GO|JATAI,glp,20,47.0,44.9,53.0,44.0,55.0
2015-06,MUN,GO|LUZIANIA,glp,35,44.0,43.0,45.0,43.0,46.0
2015-06,MUN,GO|MINEIROS,glp,16,48.0,45.0,49.0,45.0,50.0
2015-06,MUN,GO|MORRINHOS,glp,15,42.0,42.0,44.0,39.9,45.0
2015-06,MUN,GO|PLANALTINA,glp,22,50.0,47.0,50.0,47.0,52.0
2015-06,MUN,GO|PONTALINA,glp,1,46.0,46.0,46.0,46.0,46.0
2015-06,MUN,GO|PORANGATU,glp,18,45.0,44.0,45.0,44.0,45.0
2015-06,MUN,GO|RIO VERDE,glp,24,45.0,44.3,46.0,44.0,47.0
2015-06,MUN,GO|TRINDADE,glp,31,42.0,40.0,42.0,40.0,43.0
2015-06,MUN,GO|VALPARAISO DE GOIAS,glp,11,45.0,44.0,46.0,44.0,46.0
2015-06,MUN,MA|ACAILANDIA,glp,4,52.5,52.0,54.4,52.0,55.0
2015-06,MUN,MA|BACABAL,glp,3,52.0,51.2,52.0,51.0,52.0
2015-06,MUN,MA|BALSAS,glp,3,50.0,50.0,50.0,50.0,50.0
2015-06,MUN,MA|BARRA DO CORDA,glp,7,52.0,51.2,53.8,50.0,55.0
2015-06,MUN,MA|CANDIDO MENDES,glp,1,45.0,45.0,45.0,45.0,45.0
2015-06,MUN,MA|CAROLINA,glp,3,50.0,50.0,54.0,50.0,55.0
2015-06,MUN,MA|CAXIAS,glp,2,50.0,50.0,50.0,50.0,50.0
2015-06,MUN,MA|CODO,glp,2,49.0,49.0,49.0,49.0,49.0
2015-06,MUN,MA|IMPERATRIZ,glp,37,55.0,51.5,57.5,50.0,57.5
2015-06,MUN,MA|PINHEIRO,glp,3,53.0,53.0,53.0,53.0,53.0
2015-06,MUN,MA|PRESIDENTE DUTRA,glp,2,52.5,50.5,54.5,50.0,55.0
2015-06,MUN,MA|SANTA INES,glp,4,53.0,52.3,53.0,52.0,53.0
2015-06,MUN,MA|SAO DOMINGOS DO MARANHAO,glp,2,45.5,45.1,45.9,45.0,46.0
2015-06,MUN,MA|SAO JOAO DOS PATOS,glp,3,55.0,55.0,55.0,55.0,55.0
2015-06,MUN,MA|SAO JOSE DE RIBAMAR,glp,9,45.0,44.0,46.0,40.0,50.0
2015-06,MUN,MA|SAO LUIS,glp,80,45.0,40.0,45.0,38.0,48.0
2015-06,MUN,MA|SAO VICENTE FERRER,glp,1,50.0,50.0,50.0,50.0,50.0
2015-06,MUN,MA|TIMON,glp,4,45.0,45.0,45.0,45.0,45.0
2015-06,MUN,MG|ALFENAS,glp,15,42.0,37.6,45.0,34.9,45.99
2015-06,MUN,MG|ARAGUARI,glp,16,48.0,48.0,50.0,45.0,50.0
2015-06,MUN,MG|ARAXA,glp,4,49.5,48.3,51.4,48.0,52.0
2015-06,MUN,MG|BARBACENA,glp,15,48.0,46.2,50.0,45.0,50.0
2015-06,MUN,MG|BELO HORIZONTE,glp,70,52.0,48.0,55.0,42.0,57.0
2015-06,MUN,MG|BETIM,glp,34,51.0,50.0,54.0,49.0,54.0
2015-06,MUN,MG|BOM DESPACHO,glp,3,50.0,50.0,50.0,50.0,50.0
2015-06,MUN,MG|CAMPO BELO,glp,8,43.0,41.1,45.0,39.0,45.0
2015-06,MUN,MG|CARATINGA,glp,3,44.0,43.2,45.6,43.0,46.0
2015-06,MUN,MG|CATAGUASES,glp,4,46.0,45.3,46.7,45.0,47.0
2015-06,MUN,MG|CONGONHAS,glp,8,47.0,46.7,47.3,46.0,48.0
2015-06,MUN,MG|CONSELHEIRO LAFAIETE,glp,8,45.0,45.0,46.5,45.0,50.0
2015-06,MUN,MG|CONTAGEM,glp,99,51.0,50.0,54.0,49.0,54.0
2015-06,MUN,MG|CORONEL FABRICIANO,glp,6,48.0,47.0,50.0,46.0,52.0
2015-06,MUN,MG|CURVELO,glp,8,46.0,43.5,48.6,40.0,50.0
2015-06,MUN,MG|DIAMANTINA,glp,4,50.5,50.0,53.8,50.0,55.0
2015-06,MUN,MG|DIVINOPOLIS,glp,17,45.0,40.0,47.0,40.0,48.0
2015-06,MUN,MG|FORMIGA,glp,4,48.5,48.0,49.0,48.0,49.0
2015-06,MUN,MG|FRUTAL,glp,4,45.45,42.9,45.97,42.0,46.0
2015-06,MUN,MG|GOVERNADOR VALADARES,glp,20,48.0,45.0,48.0,40.0,48.0
2015-06,MUN,MG|GUAXUPE,glp,9,45.0,45.0,45.0,45.0,45.0
2015-06,MUN,MG|IBIRITE,glp,13,50.0,50.0,51.8,50.0,52.0
2015-06,MUN,MG|IPATINGA,glp,24,45.0,45.0,48.0,42.0,49.0
2015-06,MUN,MG|ITABIRA,glp,5,52.0,52.0,53.0,52.0,53.0
2015-06,MUN,MG|ITAJUBA,glp,13,40.0,38.0,44.6,38.0,45.0
2015-06,MUN,MG|ITAUNA,glp,13,45.0,42.0,50.0,42.0,50.0
2015-06,MUN,MG|ITUIUTABA,glp,19,45.0,43.0,48.0,43.0,48.0
2015-06,MUN,MG|JANAUBA,glp,2,44.0,43.2,44.8,43.0,45.0
2015-06,MUN,MG|JANUARIA,glp,9,48.0,46.0,48.0,46.0,48.0
2015-06,MUN,MG|JOAO MONLEVADE,glp,7,46.0,45.0,48.0,45.0,48.0
2015-06,MUN,MG|JOAO PINHEIRO,glp,12,50.0,47.1,50.0,45.0,50.0
2015-06,MUN,MG|JUIZ DE FORA,glp,56,49.0,43.5,55.0,40.0,58.0
2015-06,MUN,MG|LAVRAS,glp,10,47.5,44.7,50.0,42.0,50.0
2015-06,MUN,MG|LEOPOLDINA,glp,5,48.0,47.0,48.0,47.0,48.0
2015-06,MUN,MG|MANHUACU,glp,6,45.0,45.0,47.0,45.0,47.0
2015-06,MUN,MG|MARIANA,glp,4,51.0,50.0,52.0,50.0,52.0
2015-06,MUN,MG|MONTE CARMELO,glp,11,55.0,54.0,55.0,54.0,58.0
2015-06,MUN,MG|MONTES CLAROS,glp,21,48.0,48.0,50.0,47.0,50.0
2015-06,MUN,MG|MURIAE,glp,5,48.0,45.4,50.0,45.0,50.0
2015-06,MUN,MG|NOVA LIMA,glp,10,51.0,50.35,54.0,49.0,54.0
2015-06,MUN,MG|OLIVEIRA,glp,9,43.0,40.6,44.4,39.0,48.0
2015-06,MUN,MG|OURO PRETO,glp,8,53.0,50.0,55.0,50.0,55.0
2015-06,MUN,MG|PARA DE MINAS,glp,9,48.0,47.8,49.5,47.0,49.5
2015-06,MUN,MG|PARACATU,glp,5,50.0,47.0,53.0,45.0,53.0
2015-06,MUN,MG|PASSOS,glp,20,46.0,45.0,48.0,45.0,48.0
2015-06,MUN,MG|PATOS DE MINAS,glp,17,50.0,48.0,50.0,48.0,50.0
2015-06,MUN,MG|PATROCINIO,glp,11,49.0,47.0,50.0,47.0,50.0
2015-06,MUN,MG|POCOS DE CALDAS,glp,22,44.0,42.2,44.0,42.0,44.1
2015-06,MUN,MG|POUSO ALEGRE,glp,16,42.0,39.5,45.0,39.0,46.5
2015-06,MUN,MG|RIBEIRAO DAS NEVES,glp,17,52.0,51.0,54.0,51.0,54.0
2015-06,MUN,MG|SABARA,glp,14,52.0,51.0,54.0,50.0,54.0
2015-06,MUN,MG|SANTA LUZIA,glp,16,52.0,50.0,54.0,50.0,55.0
2015-06,MUN,MG|SANTOS DUMONT,glp,5,45.0,42.4,48.0,42.0,48.0
2015-06,MUN,MG|SAO JOAO DEL REI,glp,16,50.0,46.0,52.0,45.0,52.0
2015-06,MUN,MG|SAO LOURENCO,glp,3,40.0,38.4,40.0,38.0,40.0
2015-06,MUN,MG|SAO SEBASTIAO DO PARAISO,glp,12,50.0,50.0,55.0,48.0,55.0
2015-06,MUN,MG|SETE LAGOAS,glp,21,50.0,45.0,51.0,41.0,53.0
2015-06,MUN,MG|TEOFILO OTONI,glp,17,43.0,39.2,45.0,38.0,48.0
2015-06,MUN,MG|TIMOTEO,glp,5,46.0,42.0,48.8,40.0,50.0
2015-06,MUN,MG|TRES CORACOES,glp,8,42.0,40.0,45.0,40.0,45.0
2015-06,MUN,MG|UBA,glp,8,55.0,54.4,57.993,53.0,58.0
2015-06,MUN,MG|UBERABA,glp,30,50.0,48.9,50.0,45.0,50.0
2015-06,MUN,MG|UBERLANDIA,glp,50,50.0,49.0,52.0,48.0,52.0
2015-06,MUN,MG|UNAI,glp,16,55.0,55.0,55.0,55.0,55.0
2015-06,MUN,MG|VARGINHA,glp,12,40.0,40.0,42.0,40.0,43.0
2015-06,MUN,MG|VESPASIANO,glp,10,52.0,49.9,54.0,49.0,54.0
2015-06,MUN,MG|VICOSA,glp,2,55.0,55.0,55.0,55.0,55.0
2015-06,MUN,MS|CAMPO GRANDE,glp,448,56.0,55.0,57.0,42.0,58.0
2015-06,MUN,MS|CORUMBA,glp,6,42.0,42.0,42.5,42.0,43.0
2015-06,MUN,MS|COXIM,glp,14,60.0,58.0,60.0,57.5,60.0
2015-06,MUN,MS|DOURADOS,glp,67,55.0,55.0,56.0,55.0,58.0
2015-06,MUN,MS|NOVA ANDRADINA,glp,11,55.0,50.0,55.0,45.0,55.0
2015-06,MUN,MS|PARANAIBA,glp,11,55.0,55.0,55.0,53.0,55.0
2015-06,MUN,MS|PONTA PORA,glp,5,46.0,45.0,52.4,45.0,54.0
2015-06,MUN,MS|TRES LAGOAS,glp,15,48.0,40.8,48.6,40.0,50.0
2015-06,MUN,MT|ALTA FLORESTA,glp,6,65.0,60.0,65.0,60.0,65.0
2015-06,MUN,MT|CACERES,glp,7,53.0,48.8,55.4,47.0,56.0
2015-06,MUN,MT|CUIABA,glp,161,60.0,57.0,65.0,52.0,70.0
2015-06,MUN,MT|RONDONOPOLIS,glp,8,60.0,58.0,60.6,58.0,62.0
2015-06,MUN,MT|SINOP,glp,14,60.0,59.0,60.7,58.0,61.0
2015-06,MUN,MT|SORRISO,glp,6,67.0,65.0,68.5,65.0,69.0
2015-06,MUN,MT|VARZEA GRANDE,glp,46,60.0,58.0,65.0,55.0,65.0
2015-06,MUN,PA|ABAETETUBA,glp,5,46.0,43.4,47.0,43.0,47.0
2015-06,MUN,PA|ALENQUER,glp,4,54.0,52.95,54.7,52.5,55.0
2015-06,MUN,PA|ALTAMIRA,glp,7,55.0,55.0,57.4,55.0,58.0
2015-06,MUN,PA|ANANINDEUA,glp,33,48.0,48.0,49.6,48.0,50.0
2015-06,MUN,PA|BELEM,glp,82,48.0,45.0,48.0,42.0,50.0
2015-06,MUN,PA|BRAGANCA,glp,6,50.0,48.0,50.0,48.0,50.0
2015-06,MUN,PA|BREVES,glp,2,54.0,53.2,54.8,53.0,55.0
2015-06,MUN,PA|CAMETA,glp,4,49.0,48.0,53.5,48.0,55.0
2015-06,MUN,PA|CASTANHAL,glp,7,50.0,50.0,50.0,50.0,50.0
2015-06,MUN,PA|CONCEICAO DO ARAGUAIA,glp,7,53.0,52.0,55.0,52.0,55.0
2015-06,MUN,PA|ITAITUBA,glp,6,58.5,55.0,62.5,55.0,63.0
2015-06,MUN,PA|MARABA,glp,6,55.0,55.0,55.0,55.0,55.0
2015-06,MUN,PA|PARAGOMINAS,glp,4,60.0,60.0,60.0,60.0,60.0
2015-06,MUN,PA|PARAUAPEBAS,glp,3,55.0,51.0,55.8,50.0,56.0
2015-06,MUN,PA|REDENCAO,glp,5,60.0,60.0,60.0,60.0,60.0
2015-06,MUN,PA|SANTAREM,glp,15,48.0,47.0,49.2,47.0,50.0
2015-06,MUN,PA|SAO CAETANO DE ODIVELAS,glp,1,48.0,48.0,48.0,48.0,48.0
2015-06,MUN,PA|TUCURUI,glp,4,55.0,52.9,55.0,52.0,55.0
2015-06,MUN,PA|XINGUARA,glp,4,60.0,59.3,60.0,59.0,60.0
2015-06,MUN,PB|BAYEUX,glp,5,45.0,40.8,45.0,40.0,45.0
2015-06,MUN,PB|CABEDELO,glp,7,45.0,42.0,45.0,42.0,45.0
2015-06,MUN,PB|CAMPINA GRANDE,glp,39,45.0,43.8,45.0,40.0,45.0
2015-06,MUN,PB|JOAO PESSOA,glp,31,42.0,40.0,45.0,40.0,45.0
2015-06,MUN,PB|MAMANGUAPE,glp,1,38.0,38.0,38.0,38.0,38.0
2015-06,MUN,PB|PATOS,glp,6,45.0,45.0,45.0,45.0,45.0
2015-06,MUN,PB|PIANCO,glp,1,45.0,45.0,45.0,45.0,45.0
2015-06,MUN,PB|SANTA RITA,glp,4,44.0,40.9,45.0,40.0,45.0
2015-06,MUN,PB|SAPE,glp,4,40.0,39.3,43.5,39.0,45.0
2015-06,MUN,PB|SOUSA,glp,4,38.0,38.0,39.4,38.0,40.0
2015-06,MUN,PE|ABREU E LIMA,glp,8,48.75,45.0,50.0,45.0,50.0
2015-06,MUN,PE|AFOGADOS DA INGAZEIRA,glp,1,48.0,48.0,48.0,48.0,48.0
2015-06,MUN,PE|AGUAS BELAS,glp,1,45.0,45.0,45.0,45.0,45.0
2015-06,MUN,PE|ARARIPINA,glp,4,47.0,43.2,48.0,42.0,48.0
2015-06,MUN,PE|ARCOVERDE,glp,2,45.0,45.0,45.0,45.0,45.0
2015-06,MUN,PE|BELO JARDIM,glp,4,45.0,39.4,45.0,37.0,45.0
2015-06,MUN,PE|BOM CONSELHO,glp,4,42.0,42.0,42.0,42.0,42.0
2015-06,MUN,PE|CABO DE SANTO AGOSTINHO,glp,13,45.0,45.0,49.8,42.0,50.0
2015-06,MUN,PE|CACHOEIRINHA,glp,1,35.0,35.0,35.0,35.0,35.0
2015-06,MUN,PE|CAMARAGIBE,glp,14,45.0,41.5,48.5,40.0,50.0
2015-06,MUN,PE|CARUARU,glp,22,40.25,39.996,44.85,38.5,45.0
2015-06,MUN,PE|GARANHUNS,glp,6,50.0,47.5,50.0,45.0,50.0
2015-06,MUN,PE|GOIANA,glp,3,40.0,38.4,44.0,38.0,45.0
2015-06,MUN,PE|GRAVATA,glp,5,47.5,45.0,50.0,45.0,50.0
2015-06,MUN,PE|IGARASSU,glp,21,47.0,45.0,50.0,45.0,55.0
2015-06,MUN,PE|JABOATAO DOS GUARARAPES,glp,37,45.0,41.5,47.7,40.0,50.0
2015-06,MUN,PE|LAJEDO,glp,6,42.0,37.5,42.0,35.0,42.0
2015-06,MUN,PE|OLINDA,glp,37,44.0,40.0,47.594,39.99,50.0
2015-06,MUN,PE|PAULISTA,glp,11,50.0,40.0,55.0,40.0,55.0
2015-06,MUN,PE|PETROLINA,glp,22,42.0,40.0,45.0,38.0,45.0
2015-06,MUN,PE|RECIFE,glp,88,45.0,40.0,50.0,38.0,55.0
2015-06,MUN,PE|SALGUEIRO,glp,2,50.0,50.0,50.0,50.0,50.0
2015-06,MUN,PE|SANTA CRUZ DO CAPIBARIBE,glp,4,40.0,38.6,40.0,38.0,40.0
2015-06,MUN,PE|SAO BENTO DO UNA,glp,2,38.0,38.0,38.0,38.0,38.0
2015-06,MUN,PE|SAO LOURENCO DA MATA,glp,18,42.5,39.997,45.9,37.0,50.0
2015-06,MUN,PE|SERRA TALHADA,glp,3,52.0,52.0,52.0,52.0,52.0
2015-06,MUN,PE|VITORIA DE SANTO ANTAO,glp,15,45.0,38.0,48.0,38.0,48.0
2015-06,MUN,PI|BARRAS,glp,2,51.5,50.3,52.7,50.0,53.0
2015-06,MUN,PI|CAMPO MAIOR,glp,4,53.0,53.0,53.0,53.0,53.0
2015-06,MUN,PI|OEIRAS,glp,2,50.0,50.0,50.0,50.0,50.0
2015-06,MUN,PI|PARNAIBA,glp,4,47.0,46.3,47.7,46.0,48.0
2015-06,MUN,PI|PICOS,glp,3,50.0,50.0,51.6,50.0,52.0
2015-06,MUN,PI|PIRIPIRI,glp,3,53.0,53.0,53.0,53.0,53.0
2015-06,MUN,PI|TERESINA,glp,58,45.0,45.0,50.0,43.0,50.0
2015-06,MUN,PR|ALMIRANTE TAMANDARE,glp,9,46.95,45.0,48.0,45.0,48.0
2015-06,MUN,PR|APUCARANA,glp,18,49.5,46.7,53.0,45.0,53.0
2015-06,MUN,PR|ARAPONGAS,glp,17,55.0,53.0,55.0,50.0,55.0
2015-06,MUN,PR|ARAUCARIA,glp,13,45.0,43.0,48.0,40.0,48.0
2015-06,MUN,PR|ASSIS CHATEAUBRIAND,glp,4,45.0,45.0,45.7,45.0,46.0
2015-06,MUN,PR|CAMBE,glp,25,52.0,48.0,55.0,47.5,55.0
2015-06,MUN,PR|CAMPO LARGO,glp,18,44.0,42.0,45.3,41.9,46.0
2015-06,MUN,PR|CAMPO MOURAO,glp,11,55.0,50.0,58.0,50.0,59.0
2015-06,MUN,PR|CASCAVEL,glp,78,55.0,54.35,56.0,54.0,56.0
2015-06,MUN,PR|CASTRO,glp,9,52.0,51.6,55.0,50.0,55.0
2015-06,MUN,PR|CIANORTE,glp,14,55.0,53.6,55.0,50.0,55.0
2015-06,MUN,PR|COLOMBO,glp,23,45.0,42.2,46.8,40.0,48.0
2015-06,MUN,PR|CORNELIO PROCOPIO,glp,7,49.0,48.0,50.8,48.0,52.0
2015-06,MUN,PR|CURITIBA,glp,119,46.0,43.0,50.0,39.0,52.0
2015-06,MUN,PR|CURIUVA,glp,1,50.0,50.0,50.0,50.0,50.0
2015-06,MUN,PR|FOZ DO IGUACU,glp,32,39.0,35.0,42.0,34.0,44.0
2015-06,MUN,PR|FRANCISCO BELTRAO,glp,6,45.5,43.5,46.0,42.0,46.0
2015-06,MUN,PR|GUARAPUAVA,glp,13,50.0,48.0,54.0,46.0,55.0
2015-06,MUN,PR|LARANJEIRAS DO SUL,glp,8,50.0,48.0,51.3,48.0,52.0
2015-06,MUN,PR|LONDRINA,glp,86,50.0,48.0,53.0,43.0,55.0
2015-06,MUN,PR|MARECHAL CANDIDO RONDON,glp,8,50.0,35.0,55.0,35.0,55.0
2015-06,MUN,PR|MARINGA,glp,46,59.5,56.5,60.0,55.0,60.0
2015-06,MUN,PR|PARANAGUA,glp,23,40.0,38.4,42.0,35.0,45.0
2015-06,MUN,PR|PARANAVAI,glp,10,60.0,57.9,63.2,57.0,65.0
2015-06,MUN,PR|PATO BRANCO,glp,11,53.0,52.9,58.5,52.0,59.9
2015-06,MUN,PR|PINHAIS,glp,16,46.0,43.5,48.0,40.0,48.0
2015-06,MUN,PR|PONTA GROSSA,glp,26,45.0,44.0,47.0,44.0,47.0
2015-06,MUN,PR|SANTO ANTONIO DA PLATINA,glp,14,48.0,43.6,49.7,43.0,50.0
2015-06,MUN,PR|SAO JOSE DOS PINHAIS,glp,17,45.0,38.34,45.4,36.0,48.0
2015-06,MUN,PR|TERRA BOA,glp,1,55.0,55.0,55.0,55.0,55.0
2015-06,MUN,PR|TOLEDO,glp,17,42.0,39.2,45.0,38.0,45.0
2015-06,MUN,PR|UMUARAMA,glp,20,54.0,53.9,55.0,52.0,55.0
2015-06,MUN,PR|UNIAO DA VITORIA,glp,4,52.0,49.9,52.0,49.0,52.0
2015-06,MUN,RJ|ANGRA DOS REIS,glp,3,45.0,45.0,45.0,45.0,45.0
2015-06,MUN,RJ|ARARUAMA,glp,6,45.0,42.0,46.5,42.0,48.0
2015-06,MUN,RJ|ARMACAO DOS BUZIOS,glp,1,46.9,46.9,46.9,46.9,46.9
2015-06,MUN,RJ|BARRA DO PIRAI,glp,3,40.0,40.0,48.0,40.0,50.0
2015-06,MUN,RJ|BARRA MANSA,glp,13,45.0,41.2,48.0,40.0,49.0
2015-06,MUN,RJ|BELFORD ROXO,glp,6,48.0,42.495,49.0,37.99,50.0
2015-06,MUN,RJ|CABO FRIO,glp,5,44.0,40.2,48.0,39.0,50.0
2015-06,MUN,RJ|CAMPOS DOS GOYTACAZES,glp,23,53.0,50.0,55.0,40.0,55.0
2015-06,MUN,RJ|DUQUE DE CAXIAS,glp,27,45.0,41.2,48.0,38.0,48.0
2015-06,MUN,RJ|ITABORAI,glp,4,39.5,38.3,40.0,38.0,40.0
2015-06,MUN,RJ|ITAGUAI,glp,3,39.9,38.3,39.9,37.9,39.9
2015-06,MUN,RJ|ITAPERUNA,glp,5,45.0,44.1,45.0,43.5,45.0
2015-06,MUN,RJ|MACAE,glp,4,43.0,43.0,44.4,43.0,45.0
2015-06,MUN,RJ|MAGE,glp,3,35.0,35.0,35.0,35.0,35.0
2015-06,MUN,RJ|MANGARATIBA,glp,1,39.9,39.9,39.9,39.9,39.9
2015-06,MUN,RJ|MARICA,glp,3,40.0,40.0,40.0,40.0,40.0
2015-06,MUN,RJ|NILOPOLIS,glp,4,46.0,46.0,48.8,46.0,50.0
2015-06,MUN,RJ|NITEROI,glp,14,45.0,42.0,48.0,38.0,48.0
2015-06,MUN,RJ|NOVA FRIBURGO,glp,5,45.0,40.8,50.0,40.0,50.0
2015-06,MUN,RJ|NOVA IGUACU,glp,22,48.0,42.0,50.0,39.99,52.0
2015-06,MUN,RJ|PARAIBA DO SUL,glp,3,45.0,41.0,45.0,40.0,45.0
2015-06,MUN,RJ|PARATY,glp,1,42.0,42.0,42.0,42.0,42.0
2015-06,MUN,RJ|PETROPOLIS,glp,7,49.9,49.0,51.112,49.0,51.28
2015-06,MUN,RJ|RESENDE,glp,7,43.0,41.2,45.8,40.0,47.0
2015-06,MUN,RJ|RIO BONITO,glp,4,42.0,42.0,42.0,42.0,42.0
2015-06,MUN,RJ|RIO DE JANEIRO,glp,81,40.0,32.99,47.0,29.99,51.5
2015-06,MUN,RJ|SANTO ANTONIO DE PADUA,glp,2,36.0,36.0,36.0,36.0,36.0
2015-06,MUN,RJ|SAO FRANCISCO DE ITABAPOANA,glp,2,51.5,48.7,54.3,48.0,55.0
2015-06,MUN,RJ|SAO GONCALO,glp,20,42.5,40.0,48.0,37.0,48.0
2015-06,MUN,RJ|SAO JOAO DE MERITI,glp,8,45.0,34.997,50.3,34.99,51.0
2015-06,MUN,RJ|SAPUCAIA,glp,2,48.0,48.0,48.0,48.0,48.0
2015-06,MUN,RJ|SAQUAREMA,glp,4,41.0,40.3,41.7,40.0,42.0
2015-06,MUN,RJ|TERESOPOLIS,glp,7,45.0,41.8,45.4,40.0,46.0
2015-06,MUN,RJ|TRES RIOS,glp,2,41.5,40.3,42.7,40.0,43.0
2015-06,MUN,RJ|VALENCA,glp,4,46.5,45.3,47.7,45.0,48.0
2015-06,MUN,RJ|VASSOURAS,glp,2,45.0,45.0,45.0,45.0,45.0
2015-06,MUN,RJ|VOLTA REDONDA,glp,8,44.5,40.7,48.3,40.0,49.0
2015-06,MUN,RN|CAICO,glp,4,44.0,43.3,44.7,43.0,45.0
2015-06,MUN,RN|CURRAIS NOVOS,glp,3,44.0,42.4,44.8,42.0,45.0
2015-06,MUN,RN|MOSSORO,glp,9,46.0,45.4,48.2,45.0,49.0
2015-06,MUN,RN|NATAL,glp,29,47.0,45.0,49.0,45.0,50.0
2015-06,MUN,RN|PARNAMIRIM,glp,11,49.0,45.5,50.0,45.5,50.0
2015-06,MUN,RN|SANTA CRUZ,glp,1,48.0,48.0,48.0,48.0,48.0
2015-06,MUN,RN|SAO JOSE DE MIPIBU,glp,3,45.0,43.4,45.0,43.0,45.0
2015-06,MUN,RO|ARIQUEMES,glp,4,55.0,53.6,57.1,53.0,58.0
2015-06,MUN,RO|CACOAL,glp,4,55.0,55.0,55.0,55.0,55.0
2015-06,MUN,RO|GUAJARA-MIRIM,glp,4,58.0,54.5,58.0,53.0,58.0
2015-06,MUN,RO|JI-PARANA,glp,10,56.5,53.0,58.0,53.0,58.0
2015-06,MUN,RO|PIMENTA BUENO,glp,4,55.5,55.0,56.0,55.0,56.0
2015-06,MUN,RO|PORTO VELHO,glp,46,45.0,45.0,48.0,43.0,50.0
2015-06,MUN,RO|SAO MIGUEL DO GUAPORE,glp,2,57.5,57.1,57.9,57.0,58.0
2015-06,MUN,RO|VILHENA,glp,8,58.0,56.35,60.0,56.0,60.0
2015-06,MUN,RR|BOA VISTA,glp,27,53.5,52.0,55.4,51.0,56.5
2015-06,MUN,RR|CANTA,glp,2,57.5,56.3,58.7,56.0,59.0
2015-06,MUN,RR|CARACARAI,glp,2,52.5,52.1,52.9,52.0,53.0
2015-06,MUN,RR|RORAINOPOLIS,glp,3,54.0,50.8,54.0,50.0,54.0
2015-06,MUN,RS|ALEGRETE,glp,10,37.0,35.0,40.0,35.0,40.0
2015-06,MUN,RS|ALVORADA,glp,13,46.0,40.4,50.0,40.0,52.0
2015-06,MUN,RS|BAGE,glp,27,45.0,45.0,48.0,43.0,48.0
2015-06,MUN,RS|BENTO GONCALVES,glp,10,49.0,45.4,49.3,40.0,52.0
2015-06,MUN,RS|CACAPAVA DO SUL,glp,11,48.0,48.0,48.0,45.0,49.0
2015-06,MUN,RS|CACHOEIRA DO SUL,glp,15,40.0,40.0,45.0,40.0,48.0
2015-06,MUN,RS|CACHOEIRINHA,glp,10,47.0,43.8,47.3,42.0,50.0
2015-06,MUN,RS|CANOAS,glp,29,44.0,39.6,48.0,37.0,48.0
2015-06,MUN,RS|CAXIAS DO SUL,glp,59,45.0,42.8,47.0,40.0,49.0
2015-06,MUN,RS|CHUI,glp,3,35.0,35.0,35.8,35.0,36.0
2015-06,MUN,RS|CRUZ ALTA,glp,7,36.0,33.6,38.0,33.0,38.0
2015-06,MUN,RS|ERECHIM,glp,19,48.0,46.0,50.0,46.0,58.0
2015-06,MUN,RS|ESTEIO,glp,16,48.0,46.0,49.0,45.0,50.0
2015-06,MUN,RS|GRAMADO,glp,7,48.0,46.1,48.0,44.0,48.0
2015-06,MUN,RS|GRAVATAI,glp,34,42.0,40.0,46.4,39.5,53.0
2015-06,MUN,RS|GUAIBA,glp,15,44.0,42.4,47.0,40.0,47.0
2015-06,MUN,RS|GUARANI DAS MISSOES,glp,1,40.0,40.0,40.0,40.0,40.0
2015-06,MUN,RS|IJUI,glp,15,46.0,44.0,49.0,40.0,49.0
2015-06,MUN,RS|JAGUARAO,glp,10,35.0,33.8,36.0,32.0,36.0
2015-06,MUN,RS|LAJEADO,glp,13,45.5,42.2,47.8,42.0,48.0
2015-06,MUN,RS|NOVO HAMBURGO,glp,27,44.0,41.1,46.6,40.0,49.0
2015-06,MUN,RS|OSORIO,glp,10,52.0,49.5,52.0,45.0,52.0
2015-06,MUN,RS|PALMEIRA DAS MISSOES,glp,6,45.0,44.0,47.0,43.0,47.0
2015-06,MUN,RS|PASSO FUNDO,glp,51,40.0,40.0,45.0,37.0,48.0
2015-06,MUN,RS|PELOTAS,glp,35,45.0,40.0,46.0,38.0,48.0
2015-06,MUN,RS|PORTAO,glp,1,40.0,40.0,40.0,40.0,40.0
2015-06,MUN,RS|PORTO ALEGRE,glp,56,47.5,43.45,51.5,42.0,54.5
2015-06,MUN,RS|RIO GRANDE,glp,37,40.0,39.0,42.4,38.0,43.0
2015-06,MUN,RS|SANTA CRUZ DO SUL,glp,21,43.0,42.0,47.0,42.0,48.0
2015-06,MUN,RS|SANTA MARIA,glp,81,44.0,42.0,47.0,41.0,52.0
2015-06,MUN,RS|SANTA ROSA,glp,6,41.0,40.0,44.0,40.0,45.0
2015-06,MUN,RS|SANTA VITORIA DO PALMAR,glp,8,39.0,35.7,42.3,35.0,43.0
2015-06,MUN,RS|SANTANA DO LIVRAMENTO,glp,17,45.0,45.0,45.0,44.0,45.0
2015-06,MUN,RS|SANTO ANGELO,glp,19,44.0,40.0,47.0,40.0,48.0
2015-06,MUN,RS|SAO BORJA,glp,7,45.0,45.0,45.0,45.0,45.0
2015-06,MUN,RS|SAO GABRIEL,glp,14,48.5,45.585,50.0,40.0,50.0
2015-06,MUN,RS|SAO LEOPOLDO,glp,18,42.0,39.7,45.0,38.0,46.0
2015-06,MUN,RS|SAO LUIZ GONZAGA,glp,5,40.0,40.0,40.0,40.0,40.0
2015-06,MUN,RS|SAPIRANGA,glp,11,46.0,45.0,46.0,45.0,47.0
2015-06,MUN,RS|SAPUCAIA DO SUL,glp,31,48.0,44.0,49.0,42.0,49.0
2015-06,MUN,RS|TORRES,glp,5,45.0,43.2,46.6,42.0,47.0
2015-06,MUN,RS|TRAMANDAI,glp,11,48.0,45.0,50.0,42.0,50.0
2015-06,MUN,RS|URUGUAIANA,glp,17,49.5,49.0,51.4,49.0,52.0
2015-06,MUN,RS|VACARIA,glp,7,45.0,42.4,46.0,40.0,46.0
2015-06,MUN,RS|VIAMAO,glp,19,48.0,45.0,52.0,43.0,57.5
2015-06,MUN,SC|ARARANGUA,glp,5,40.0,40.0,41.2,40.0,42.0
2015-06,MUN,SC|BALNEARIO CAMBORIU,glp,2,41.0,40.2,41.8,40.0,42.0
2015-06,MUN,SC|BIGUACU,glp,1,49.0,49.0,49.0,49.0,49.0
2015-06,MUN,SC|BLUMENAU,glp,23,48.0,46.2,52.4,43.5,55.0
2015-06,MUN,SC|BRUSQUE,glp,4,48.0,48.0,48.0,48.0,48.0
2015-06,MUN,SC|CACADOR,glp,3,48.0,48.0,49.6,48.0,50.0
2015-06,MUN,SC|CHAPECO,glp,18,50.0,48.0,52.0,48.0,53.0
2015-06,MUN,SC|CONCORDIA,glp,3,49.5,49.1,49.9,49.0,50.0
2015-06,MUN,SC|CRICIUMA,glp,10,43.0,38.8,43.5,37.0,48.0
2015-06,MUN,SC|FLORIANOPOLIS,glp,28,49.5,48.0,51.65,48.0,52.0
2015-06,MUN,SC|ITAJAI,glp,54,43.0,42.0,45.0,40.0,53.0
2015-06,MUN,SC|JARAGUA DO SUL,glp,5,44.0,43.2,46.8,43.0,48.0
2015-06,MUN,SC|JOINVILLE,glp,23,49.0,47.2,50.0,47.0,51.0
2015-06,MUN,SC|LAGES,glp,6,47.45,44.5,48.0,44.0,48.0
2015-06,MUN,SC|LAGUNA,glp,4,40.0,40.0,43.5,40.0,45.0
2015-06,MUN,SC|MAFRA,glp,5,47.0,46.9,53.0,46.9,53.0
2015-06,MUN,SC|PALHOCA,glp,9,49.0,47.84,49.2,47.2,50.0
2015-06,MUN,SC|SAO JOSE,glp,14,49.0,48.0,52.0,48.0,53.0
2015-06,MUN,SC|SAO MIGUEL DO OESTE,glp,3,45.99,43.598,45.998,43.0,46.0
2015-06,MUN,SC|TUBARAO,glp,5,44.0,41.6,45.2,40.0,46.0
2015-06,MUN,SC|VIDEIRA,glp,4,48.5,48.0,49.7,48.0,50.0
2015-06,MUN,SC|XANXERE,glp,6,49.0,47.0,51.0,47.0,52.0
2015-06,MUN,SE|ARACAJU,glp,45,45.0,38.0,47.0,35.0,48.0
2015-06,MUN,SE|ITABAIANA,glp,3,42.0,42.0,42.8,42.0,43.0
2015-06,MUN,SE|ITABAIANINHA,glp,3,45.0,45.0,45.0,45.0,45.0
2015-06,MUN,SE|LAGARTO,glp,4,40.0,37.9,40.0,37.0,40.0
2015-06,MUN,SE|NOSSA SENHORA DO SOCORRO,glp,7,45.0,42.6,45.8,42.0,47.0
2015-06,MUN,SE|SIMAO DIAS,glp,3,40.0,40.0,40.0,40.0,40.0
2015-06,MUN,SE|TOBIAS BARRETO,glp,4,45.0,45.0,46.4,45.0,47.0
2015-06,MUN,SP|ADAMANTINA,glp,11,45.0,44.0,46.0,43.0,47.0
2015-06,MUN,SP|AMERICANA,glp,23,48.0,43.4,55.0,40.0,55.0
2015-06,MUN,SP|AMPARO,glp,5,46.0,44.8,48.74,44.0,49.9
2015-06,MUN,SP|APIAI,glp,2,47.5,47.1,47.9,47.0,48.0
2015-06,MUN,SP|ARACATUBA,glp,53,45.0,43.6,46.4,40.0,50.0
2015-06,MUN,SP|ARARAQUARA,glp,14,49.0,40.6,51.4,40.0,52.0
2015-06,MUN,SP|ARARAS,glp,7,44.0,43.9,48.28,43.9,52.0
2015-06,MUN,SP|ASSIS,glp,14,42.0,40.0,42.0,38.0,42.0
2015-06,MUN,SP|ATIBAIA,glp,20,42.0,40.0,49.0,39.99,50.0
2015-06,MUN,SP|AVARE,glp,8,50.0,43.5,51.5,40.0,55.0
2015-06,MUN,SP|BARRETOS,glp,15,41.0,40.0,43.0,40.0,43.0
2015-06,MUN,SP|BARUERI,glp,32,45.0,41.0,50.0,40.0,52.0
2015-06,MUN,SP|BAURU,glp,62,49.0,45.0,53.0,40.0,55.0
2015-06,MUN,SP|BEBEDOURO,glp,14,45.0,43.3,45.7,40.0,47.0
2015-06,MUN,SP|BIRIGUI,glp,35,45.0,40.4,48.0,40.0,50.0
2015-06,MUN,SP|BOTUCATU,glp,18,30.0,30.0,36.5,30.0,40.0
2015-06,MUN,SP|BRAGANCA PAULISTA,glp,20,38.95,32.0,42.1,32.0,45.0
2015-06,MUN,SP|CACAPAVA,glp,17,40.0,34.0,45.8,33.0,48.0
2015-06,MUN,SP|CAMPINAS,glp,78,42.0,40.0,46.3,40.0,50.0
2015-06,MUN,SP|CAMPOS DO JORDAO,glp,8,38.0,35.0,40.6,35.0,42.0
2015-06,MUN,SP|CAPAO BONITO,glp,4,45.0,43.6,46.4,43.0,47.0
2015-06,MUN,SP|CARAGUATATUBA,glp,9,42.0,40.0,44.0,40.0,44.0
2015-06,MUN,SP|CARAPICUIBA,glp,27,42.0,39.99,45.0,35.0,48.0
2015-06,MUN,SP|CATANDUVA,glp,16,45.45,42.95,51.5,40.0,55.0
2015-06,MUN,SP|COSMOPOLIS,glp,9,47.0,45.0,48.0,45.0,48.0
2015-06,MUN,SP|COTIA,glp,11,43.0,38.0,45.0,37.99,49.0
2015-06,MUN,SP|CRUZEIRO,glp,11,39.0,35.0,40.0,30.0,40.0
2015-06,MUN,SP|CUBATAO,glp,7,45.0,43.8,50.0,42.0,50.0
2015-06,MUN,SP|DIADEMA,glp,30,45.0,40.0,46.0,36.0,50.0
2015-06,MUN,SP|DRACENA,glp,9,47.0,45.0,48.2,45.0,49.0
2015-06,MUN,SP|ELISIARIO,glp,1,48.0,48.0,48.0,48.0,48.0
2015-06,MUN,SP|EMBU DAS ARTES,glp,4,42.0,40.6,43.4,40.0,44.0
2015-06,MUN,SP|FERNANDOPOLIS,glp,1,40.0,40.0,40.0,40.0,40.0
2015-06,MUN,SP|FERRAZ DE VASCONCELOS,glp,10,38.0,35.999,40.5,35.99,45.0
2015-06,MUN,SP|FRANCA,glp,61,40.0,37.99,41.45,37.22,42.0
2015-06,MUN,SP|FRANCISCO MORATO,glp,12,48.0,45.0,49.0,40.0,49.0
2015-06,MUN,SP|FRANCO DA ROCHA,glp,5,47.0,41.2,48.0,40.0,48.0
2015-06,MUN,SP|GARCA,glp,8,44.0,39.7,45.9,39.0,48.0
2015-06,MUN,SP|GUARATINGUETA,glp,13,42.9,36.2,48.0,34.0,51.9
2015-06,MUN,SP|GUARUJA,glp,15,42.0,37.99,51.198,37.99,52.0
2015-06,MUN,SP|GUARULHOS,glp,42,40.0,35.199,48.9,35.0,50.0
2015-06,MUN,SP|HORTOLANDIA,glp,21,45.0,42.0,50.0,40.0,55.0
2015-06,MUN,SP|IBITINGA,glp,8,45.0,42.1,45.0,40.0,45.0
2015-06,MUN,SP|INDAIATUBA,glp,21,43.0,40.0,45.0,40.0,50.0
2015-06,MUN,SP|ITANHAEM,glp,12,40.0,39.1,44.9,35.0,46.0
2015-06,MUN,SP|ITAPECERICA DA SERRA,glp,6,45.0,44.0,47.5,43.0,50.0
2015-06,MUN,SP|ITAPETININGA,glp,17,40.0,38.6,44.0,35.0,45.0
2015-06,MUN,SP|ITAPEVA,glp,5,46.0,42.8,48.0,42.0,48.0
2015-06,MUN,SP|ITAPEVI,glp,5,43.0,42.396,47.394,42.0,48.99
2015-06,MUN,SP|ITAPIRA,glp,4,43.0,40.2,43.7,39.0,44.0
2015-06,MUN,SP|ITAPOLIS,glp,13,48.0,47.0,49.5,40.0,50.0
2015-06,MUN,SP|ITAQUAQUECETUBA,glp,14,43.0,35.893,46.1,34.99,48.0
2015-06,MUN,SP|ITATIBA,glp,11,43.0,40.0,47.0,38.99,48.9
2015-06,MUN,SP|ITU,glp,11,41.0,38.0,45.0,38.0,46.9
2015-06,MUN,SP|JABOTICABAL,glp,21,43.0,35.0,49.9,34.0,52.0
2015-06,MUN,SP|JACAREI,glp,12,42.95,36.4,46.9,36.0,48.0
2015-06,MUN,SP|JALES,glp,7,40.0,40.0,40.0,40.0,40.0
2015-06,MUN,SP|JANDIRA,glp,12,45.0,43.0,49.8,40.0,50.0
2015-06,MUN,SP|JAU,glp,9,55.0,55.0,55.0,55.0,55.0
2015-06,MUN,SP|JOSE BONIFACIO,glp,14,45.0,42.0,45.956,42.0,46.0
2015-06,MUN,SP|JUNDIAI,glp,16,41.0,40.0,45.5,37.0,46.9
2015-06,MUN,SP|LEME,glp,16,40.0,38.5,46.0,38.0,49.0
2015-06,MUN,SP|LIMEIRA,glp,17,45.0,42.0,48.0,42.0,55.0
2015-06,MUN,SP|LINS,glp,19,45.0,45.0,48.0,45.0,48.0
2015-06,MUN,SP|LORENA,glp,14,38.5,34.3,42.0,34.0,45.0
2015-06,MUN,SP|MARILIA,glp,13,47.0,42.8,47.0,42.0,47.0
2015-06,MUN,SP|MATAO,glp,10,49.0,46.79,50.0,44.9,50.0
2015-06,MUN,SP|MAUA,glp,37,45.6,40.0,49.36,39.99,52.0
2015-06,MUN,SP|MIRASSOL,glp,13,45.0,40.4,46.8,40.0,48.0
2015-06,MUN,SP|MOCOCA,glp,14,45.0,45.0,45.7,45.0,46.0
2015-06,MUN,SP|MOGI DAS CRUZES,glp,40,47.0,40.0,48.19,38.0,52.0
2015-06,MUN,SP|MOGI GUACU,glp,14,45.0,42.0,45.0,42.0,45.0
2015-06,MUN,SP|MOGI MIRIM,glp,8,41.0,40.0,44.1,40.0,49.0
2015-06,MUN,SP|MONTE ALTO,glp,11,46.0,40.0,50.0,39.9,50.0
2015-06,MUN,SP|OLIMPIA,glp,11,33.0,33.0,38.0,33.0,40.0
2015-06,MUN,SP|OSASCO,glp,75,42.995,39.994,47.0,37.99,50.0
2015-06,MUN,SP|OURINHOS,glp,17,45.0,41.2,47.4,39.0,50.0
2015-06,MUN,SP|PARAGUACU PAULISTA,glp,12,50.0,48.2,50.0,45.0,50.0
2015-06,MUN,SP|PAULINIA,glp,17,40.0,38.6,44.0,38.0,44.0
2015-06,MUN,SP|PINDAMONHANGABA,glp,18,38.0,37.0,44.0,36.9,45.0
2015-06,MUN,SP|PIRACICABA,glp,30,53.0,49.8,55.2,45.0,60.0
2015-06,MUN,SP|PIRASSUNUNGA,glp,7,39.0,37.92,43.2,37.8,45.0
2015-06,MUN,SP|POA,glp,8,45.0,41.4,46.6,40.0,48.0
2015-06,MUN,SP|PORTO FERREIRA,glp,7,35.0,33.8,37.2,32.0,39.0
2015-06,MUN,SP|PRAIA GRANDE,glp,22,45.5,40.199,50.9,39.99,60.0
2015-06,MUN,SP|PRESIDENTE PRUDENTE,glp,34,48.0,43.0,54.0,38.0,55.0
2015-06,MUN,SP|PRESIDENTE VENCESLAU,glp,9,40.0,37.0,45.4,37.0,47.0
2015-06,MUN,SP|RIBEIRAO PIRES,glp,12,43.995,41.9,46.0,40.0,46.0
2015-06,MUN,SP|RIBEIRAO PRETO,glp,66,53.75,53.0,56.0,45.0,56.0
2015-06,MUN,SP|RIO CLARO,glp,7,43.0,41.0,43.8,38.0,45.0
2015-06,MUN,SP|SALTO,glp,18,42.5,40.0,47.0,40.0,49.0
2015-06,MUN,SP|SANTA BARBARA D'OESTE,glp,19,45.0,40.0,48.0,40.0,55.0
2015-06,MUN,SP|SANTA CRUZ DO RIO PARDO,glp,12,43.0,40.0,45.0,37.0,45.0
2015-06,MUN,SP|SANTO ANDRE,glp,44,47.0,40.0,53.0,35.995,55.0
2015-06,MUN,SP|SANTOS,glp,36,48.0,43.5,52.0,39.9,59.9
2015-06,MUN,SP|SAO BERNARDO DO CAMPO,glp,52,47.0,42.1,54.71,38.995,60.0
2015-06,MUN,SP|SAO CAETANO DO SUL,glp,5,50.0,48.2,56.8,47.0,58.0
2015-06,MUN,SP|SAO CARLOS,glp,23,47.9,47.9,52.0,40.0,55.0
2015-06,MUN,SP|SAO JOAO DA BOA VISTA,glp,10,35.0,35.0,36.0,35.0,36.0
2015-06,MUN,SP|SAO JOAQUIM DA BARRA,glp,9,50.0,45.0,50.0,45.0,50.0
2015-06,MUN,SP|SAO JOSE DO RIO PRETO,glp,102,45.0,43.5,48.0,34.0,52.0
2015-06,MUN,SP|SAO JOSE DOS CAMPOS,glp,43,42.0,39.0,45.0,35.0,48.0
2015-06,MUN,SP|SAO PAULO,glp,198,42.945,39.99,50.0,35.0,58.0
2015-06,MUN,SP|SAO ROQUE,glp,13,43.0,40.2,46.52,39.0,48.0
2015-06,MUN,SP|SAO VICENTE,glp,53,47.395,40.995,50.8,38.0,53.0
2015-06,MUN,SP|SERTAOZINHO,glp,15,43.0,40.8,46.0,40.0,46.0
2015-06,MUN,SP|SOROCABA,glp,28,43.0,39.9,48.3,38.0,50.0
2015-06,MUN,SP|SUMARE,glp,23,45.0,42.2,48.0,40.0,50.0
2015-06,MUN,SP|SUZANO,glp,20,46.0,39.9,47.1,37.0,51.0
2015-06,MUN,SP|TABOAO DA SERRA,glp,6,44.0,40.0,47.0,38.0,47.0
2015-06,MUN,SP|TATUI,glp,7,45.0,45.0,45.8,45.0,47.0
2015-06,MUN,SP|TAUBATE,glp,37,40.0,35.0,42.0,32.0,44.0
2015-06,MUN,SP|TUPA,glp,8,50.0,50.0,50.0,50.0,50.0
2015-06,MUN,SP|UBATUBA,glp,11,38.0,34.0,40.0,33.0,45.0
2015-06,MUN,SP|VALINHOS,glp,10,49.0,47.0,51.1,47.0,52.0
2015-06,MUN,SP|VARZEA PAULISTA,glp,11,40.0,36.0,40.0,33.0,46.0
2015-06,MUN,SP|VINHEDO,glp,6,47.5,46.5,50.0,46.0,51.0
2015-06,MUN,SP|VOTORANTIM,glp,18,47.25,45.0,48.3,40.0,53.0
2015-06,MUN,SP|VOTUPORANGA,glp,16,42.0,40.0,45.0,40.0,50.0
2015-06,MUN,TO|ARAGUAINA,glp,13,55.0,50.5,60.0,50.0,60.0
2015-06,MUN,TO|DIANOPOLIS,glp,3,55.0,49.4,55.0,48.0,55.0
2015-06,MUN,TO|GURUPI,glp,33,53.0,53.0,55.0,50.0,55.0
2015-06,MUN,TO|PALMAS,glp,25,58.0,57.0,58.0,57.0,58.0
2015-06,MUN,TO|PARAISO DO TOCANTINS,glp,11,50.0,50.0,53.0,50.0,55.0
2015-06,MUN,TO|PORTO NACIONAL,glp,7,50.0,50.0,50.0,50.0,50.0
2015-06,UF,AC,glp,105,52.0,50.0,56.6,48.0,62.0
2015-06,UF,AL,glp,108,45.0,40.0,45.0,35.0,45.0
2015-06,UF,AM,glp,452,47.0,45.0,49.0,40.0,55.0
2015-06,UF,AP,glp,25,60.0,55.4,61.0,48.0,69.0
2015-06,UF,BA,glp,498,42.0,35.0,46.0,30.0,50.0
2015-06,UF,CE,glp,218,50.0,45.0,52.0,42.0,53.0
2015-06,UF,DF,glp,97,45.0,40.0,50.0,37.0,53.0
2015-06,UF,ES,glp,343,45.0,40.0,47.0,33.0,48.0
2015-06,UF,GO,glp,477,43.0,41.0,47.0,38.99,55.0
2015-06,UF,MA,glp,170,45.0,42.45,55.0,38.0,57.5
2015-06,UF,MG,glp,983,50.0,43.0,54.0,34.9,58.0
2015-06,UF,MS,glp,577,56.0,54.0,57.0,40.0,60.0
2015-06,UF,MT,glp,248,60.0,56.7,65.0,47.0,70.0
2015-06,UF,PA,glp,205,48.0,46.4,55.0,42.0,63.0
2015-06,UF,PB,glp,102,45.0,40.0,45.0,38.0,45.0
2015-06,UF,PE,glp,354,45.0,40.0,50.0,35.0,55.0
2015-06,UF,PI,glp,76,45.0,45.0,52.5,43.0,53.0
2015-06,UF,PR,glp,724,49.0,42.0,55.5,34.0,65.0
2015-06,UF,RJ,glp,319,45.0,37.972,50.0,29.99,55.0
2015-06,UF,RN,glp,60,46.5,44.9,49.0,42.0,50.0
2015-06,UF,RO,glp,82,48.0,45.0,58.0,43.0,60.0
2015-06,UF,RR,glp,34,53.75,52.0,56.0,50.0,59.0
2015-06,UF,RS,glp,844,45.0,40.0,49.0,32.0,58.0
2015-06,UF,SC,glp,235,48.0,42.0,50.0,37.0,55.0
2015-06,UF,SE,glp,69,45.0,38.8,47.0,35.0,48.0
2015-06,UF,SP,glp,2431,45.0,39.0,50.0,30.0,60.0
2015-06,UF,TO,glp,92,55.0,50.0,58.0,48.0,60.0
2015-07,BR,BR,glp,10162,46.0,40.0,55.0,29.99,70.0
2015-07,MUN,AC|CRUZEIRO DO SUL,glp,5,62.0,60.8,62.0,60.0,62.0
2015-07,MUN,AC|RIO BRANCO,glp,83,52.0,50.0,54.4,48.0,58.0
2015-07,MUN,AC|SENA MADUREIRA,glp,4,56.5,55.3,57.0,55.0,57.0
2015-07,MUN,AC|SENADOR GUIOMARD,glp,4,51.5,50.3,53.4,50.0,54.0
2015-07,MUN,AC|TARAUACA,glp,2,56.0,55.2,56.8,55.0,57.0
2015-07,MUN,AC|XAPURI,glp,2,58.5,57.3,59.7,57.0,60.0
2015-07,MUN,AL|ARAPIRACA,glp,12,40.0,37.1,42.0,37.0,45.0
2015-07,MUN,AL|ATALAIA,glp,1,40.0,40.0,40.0,40.0,40.0
2015-07,MUN,AL|DELMIRO GOUVEIA,glp,3,45.0,45.0,45.0,45.0,45.0
2015-07,MUN,AL|MACEIO,glp,59,45.0,45.0,45.0,45.0,45.0
2015-07,MUN,AL|MARECHAL DEODORO,glp,1,45.0,45.0,45.0,45.0,45.0
2015-07,MUN,AL|PALMEIRA DOS INDIOS,glp,5,37.0,37.0,41.8,37.0,45.0
2015-07,MUN,AL|RIO LARGO,glp,8,42.5,40.0,45.0,40.0,45.0
2015-07,MUN,AL|SANTANA DO IPANEMA,glp,7,42.0,35.0,45.0,35.0,45.0
2015-07,MUN,AL|SAO JOSE DA LAJE,glp,1,45.0,45.0,45.0,45.0,45.0
2015-07,MUN,AM|HUMAITA,glp,3,50.0,50.0,50.0,50.0,50.0
2015-07,MUN,AM|ITACOATIARA,glp,10,55.0,54.8,55.0,53.0,55.0
2015-07,MUN,AM|MANACAPURU,glp,3,53.0,49.8,53.0,49.0,53.0
2015-07,MUN,AM|MANAUS,glp,426,47.0,44.87,49.0,41.0,58.0
2015-07,MUN,AM|PARINTINS,glp,1,46.5,46.5,46.5,46.5,46.5
2015-07,MUN,AM|PRESIDENTE FIGUEIREDO,glp,4,50.0,50.0,51.4,50.0,52.0
2015-07,MUN,AM|TEFE,glp,2,52.0,52.0,52.0,52.0,52.0
2015-07,MUN,AP|CALCOENE,glp,1,61.0,61.0,61.0,61.0,61.0
2015-07,MUN,AP|LARANJAL DO JARI,glp,2,57.0,54.6,59.4,54.0,60.0
2015-07,MUN,AP|MACAPA,glp,14,60.0,60.0,61.0,48.0,61.0
2015-07,MUN,AP|OIAPOQUE,glp,1,69.0,69.0,69.0,69.0,69.0
2015-07,MUN,AP|SANTANA,glp,6,57.45,54.5,60.5,54.0,61.0
2015-07,MUN,BA|ALAGOINHAS,glp,6,40.0,40.0,42.5,40.0,45.0
2015-07,MUN,BA|BARRA,glp,5,38.0,37.4,38.0,37.0,38.0
2015-07,MUN,BA|BARREIRAS,glp,16,43.0,43.0,50.0,43.0,50.0
2015-07,MUN,BA|BRUMADO,glp,5,40.0,35.0,40.0,35.0,40.0
2015-07,MUN,BA|CAETITE,glp,6,38.5,37.0,40.0,37.0,40.0
2015-07,MUN,BA|CAMACARI,glp,19,45.0,40.0,47.12,35.0,48.0
2015-07,MUN,BA|CAMPO FORMOSO,glp,2,37.5,35.5,39.5,35.0,40.0
2015-07,MUN,BA|CANDEIAS,glp,6,44.5,41.0,45.0,40.0,45.0
2015-07,MUN,BA|CAPIM GROSSO,glp,1,40.0,40.0,40.0,40.0,40.0
2015-07,MUN,BA|EUNAPOLIS,glp,13,45.0,44.0,46.0,44.0,46.0
2015-07,MUN,BA|FEIRA DE SANTANA,glp,36,42.0,38.0,44.0,33.5,44.0
2015-07,MUN,BA|GUANAMBI,glp,16,35.0,35.0,35.0,35.0,35.0
2015-07,MUN,BA|ILHEUS,glp,5,45.0,45.0,48.964,45.0,49.0
2015-07,MUN,BA|IPIRA,glp,5,40.0,40.0,41.2,40.0,42.0
2015-07,MUN,BA|IRECE,glp,14,35.0,35.0,40.0,35.0,40.0
2015-07,MUN,BA|ITABUNA,glp,9,44.0,41.6,45.0,40.0,45.0
2015-07,MUN,BA|ITAMARAJU,glp,5,40.0,40.0,42.4,40.0,43.0
2015-07,MUN,BA|JACOBINA,glp,5,45.0,45.0,45.0,45.0,45.0
2015-07,MUN,BA|JAGUAQUARA,glp,11,37.0,37.0,37.0,37.0,37.0
2015-07,MUN,BA|JEQUIE,glp,13,35.0,32.4,35.0,32.0,38.0
2015-07,MUN,BA|JUAZEIRO,glp,7,45.0,41.2,45.0,40.0,45.0
2015-07,MUN,BA|LAURO DE FREITAS,glp,18,43.0,39.4,48.0,34.0,49.5
2015-07,MUN,BA|LIVRAMENTO DE NOSSA SENHORA,glp,1,30.0,30.0,30.0,30.0,30.0
2015-07,MUN,BA|PAULO AFONSO,glp,4,43.0,40.9,44.4,40.0,45.0
2015-07,MUN,BA|POCOES,glp,8,35.0,35.0,35.6,35.0,37.0
2015-07,MUN,BA|PORTO SEGURO,glp,8,38.0,34.7,44.4,34.0,50.0
2015-07,MUN,BA|RUY BARBOSA,glp,5,45.0,45.0,45.0,45.0,45.0
2015-07,MUN,BA|SALVADOR,glp,195,43.0,36.4,46.0,30.0,49.0
2015-07,MUN,BA|SANTANOPOLIS,glp,1,44.0,44.0,44.0,44.0,44.0
2015-07,MUN,BA|SANTO ANTONIO DE JESUS,glp,15,45.0,45.0,45.0,45.0,45.0
2015-07,MUN,BA|SENHOR DO BONFIM,glp,8,40.0,38.0,41.5,38.0,45.0
2015-07,MUN,BA|SERRINHA,glp,8,38.5,38.0,40.0,38.0,40.0
2015-07,MUN,BA|SIMOES FILHO,glp,7,45.0,40.0,48.8,40.0,50.0
2015-07,MUN,BA|TEIXEIRA DE FREITAS,glp,7,40.0,40.0,42.0,40.0,45.0
2015-07,MUN,BA|VALENCA,glp,6,45.0,45.0,45.5,45.0,46.0
2015-07,MUN,BA|VARZEDO,glp,1,45.0,45.0,45.0,45.0,45.0
2015-07,MUN,BA|VITORIA DA CONQUISTA,glp,15,38.0,35.4,40.0,35.0,40.0
2015-07,MUN,CE|BEBERIBE,glp,1,50.0,50.0,50.0,50.0,50.0
2015-07,MUN,CE|CANINDE,glp,5,44.0,44.0,45.0,44.0,45.0
2015-07,MUN,CE|CAUCAIA,glp,21,50.0,50.0,52.0,49.5,53.0
2015-07,MUN,CE|CRATEUS,glp,5,47.0,45.4,49.6,45.0,50.0
2015-07,MUN,CE|CRATO,glp,11,47.0,45.0,48.0,44.0,48.0
2015-07,MUN,CE|FORTALEZA,glp,96,51.0,49.725,52.7,48.0,55.0
2015-07,MUN,CE|ICO,glp,5,46.0,45.0,46.6,45.0,47.0
2015-07,MUN,CE|IGUATU,glp,5,46.0,45.0,47.6,45.0,48.0
2015-07,MUN,CE|IPU,glp,2,45.5,44.3,46.7,44.0,47.0
2015-07,MUN,CE|ITAPIPOCA,glp,7,48.0,47.6,50.0,47.0,50.0
2015-07,MUN,CE|JUAZEIRO DO NORTE,glp,10,46.5,45.0,48.2,45.0,50.0
2015-07,MUN,CE|LIMOEIRO DO NORTE,glp,4,50.0,49.3,50.0,49.0,50.0
2015-07,MUN,CE|MARACANAU,glp,14,50.0,49.0,51.4,48.0,52.0
2015-07,MUN,CE|MORADA NOVA,glp,5,49.0,47.4,49.6,47.0,50.0
2015-07,MUN,CE|PEDRA BRANCA,glp,3,45.0,44.2,45.8,44.0,46.0
2015-07,MUN,CE|QUIXADA,glp,7,44.0,44.0,44.4,44.0,45.0
2015-07,MUN,CE|SOBRAL,glp,5,45.0,43.4,45.6,43.0,46.0
2015-07,MUN,DF|BRASILIA,glp,96,45.0,40.0,50.0,37.0,53.0
2015-07,MUN,ES|ARACRUZ,glp,7,41.0,39.2,43.0,38.0,43.0
2015-07,MUN,ES|BARRA DE SAO FRANCISCO,glp,4,44.0,44.0,44.7,44.0,45.0
2015-07,MUN,ES|CACHOEIRO DE ITAPEMIRIM,glp,16,40.0,38.95,43.0,38.0,45.0
2015-07,MUN,ES|CARIACICA,glp,71,46.0,45.0,47.0,43.5,47.0
2015-07,MUN,ES|CASTELO,glp,3,38.0,37.2,38.0,37.0,38.0
2015-07,MUN,ES|COLATINA,glp,9,38.0,36.0,40.4,36.0,42.0
2015-07,MUN,ES|GUARAPARI,glp,27,47.0,46.0,48.0,46.0,48.0
2015-07,MUN,ES|ITAPEMIRIM,glp,1,45.0,45.0,45.0,45.0,45.0
2015-07,MUN,ES|JAGUARE,glp,4,45.0,45.0,45.0,45.0,45.0
2015-07,MUN,ES|LINHARES,glp,15,45.0,39.4,47.6,38.0,48.0
2015-07,MUN,ES|MARATAIZES,glp,1,40.0,40.0,40.0,40.0,40.0
2015-07,MUN,ES|NOVA VENECIA,glp,4,33.0,33.0,37.9,33.0,40.0
2015-07,MUN,ES|SAO MATEUS,glp,11,40.0,40.0,46.0,39.9,47.0
2015-07,MUN,ES|SERRA,glp,145,46.0,45.0,47.0,44.0,49.0
2015-07,MUN,ES|VILA VELHA,glp,49,45.0,44.8,47.0,44.0,48.0
2015-07,MUN,ES|VITORIA,glp,31,46.0,45.0,47.0,45.0,48.0
2015-07,MUN,GO|AGUAS LINDAS DE GOIAS,glp,12,44.5,43.0,45.0,38.99,45.0
2015-07,MUN,GO|ANAPOLIS,glp,50,42.0,41.0,43.0,40.0,43.0
2015-07,MUN,GO|APARECIDA DE GOIANIA,glp,35,42.0,41.0,44.0,41.0,45.0
2015-07,MUN,GO|CALDAS NOVAS,glp,24,44.0,42.0,46.0,42.0,47.0
2015-07,MUN,GO|CATALAO,glp,13,44.0,40.4,44.8,40.0,45.0
2015-07,MUN,GO|FORMOSA,glp,18,45.0,42.0,45.0,42.0,47.0
2015-07,MUN,GO|GOIANIA,glp,94,42.0,41.0,44.0,40.0,45.0
2015-07,MUN,GO|GOIANIRA,glp,1,42.0,42.0,42.0,42.0,42.0
2015-07,MUN,GO|GOIATUBA,glp,11,46.0,46.0,46.0,45.0,48.0
2015-07,MUN,GO|ITUMBIARA,glp,17,46.0,45.0,48.0,45.0,50.0
2015-07,MUN,GO|JATAI,glp,20,47.0,44.0,53.0,44.0,55.0
2015-07,MUN,GO|LUZIANIA,glp,36,44.5,43.0,45.0,43.0,46.0
2015-07,MUN,GO|MINEIROS,glp,16,48.0,45.0,49.0,45.0,50.0
2015-07,MUN,GO|MORRINHOS,glp,15,42.0,42.0,44.0,42.0,45.0
2015-07,MUN,GO|PLANALTINA,glp,21,48.0,47.0,50.0,47.0,50.0
2015-07,MUN,GO|PONTALINA,glp,1,46.0,46.0,46.0,46.0,46.0
2015-07,MUN,GO|PORANGATU,glp,18,45.0,44.0,45.0,44.0,45.0
2015-07,MUN,GO|RIO VERDE,glp,22,45.0,44.1,46.0,44.0,47.0
2015-07,MUN,GO|TRINDADE,glp,31,42.0,40.0,42.0,40.0,43.0
2015-07,MUN,GO|VALPARAISO DE GOIAS,glp,11,45.0,44.0,46.0,42.0,46.0
2015-07,MUN,MA|ACAILANDIA,glp,4,51.0,50.0,52.7,50.0,53.0
2015-07,MUN,MA|BACABAL,glp,3,52.0,51.2,52.0,51.0,52.0
2015-07,MUN,MA|BALSAS,glp,3,50.0,50.0,50.0,50.0,50.0
2015-07,MUN,MA|BARRA DO CORDA,glp,7,52.0,51.2,53.0,50.0,53.0
2015-07,MUN,MA|CAROLINA,glp,3,50.0,50.0,54.0,50.0,55.0
2015-07,MUN,MA|CAXIAS,glp,2,50.0,50.0,50.0,50.0,50.0
2015-07,MUN,MA|CODO,glp,2,49.0,49.0,49.0,49.0,49.0
2015-07,MUN,MA|IMPERATRIZ,glp,38,50.0,50.0,55.0,50.0,55.0
2015-07,MUN,MA|PINHEIRO,glp,3,53.0,53.0,53.0,53.0,53.0
2015-07,MUN,MA|PRESIDENTE DUTRA,glp,2,52.5,50.5,54.5,50.0,55.0
2015-07,MUN,MA|SANTA INES,glp,4,53.0,52.3,53.0,52.0,53.0
2015-07,MUN,MA|SAO DOMINGOS DO MARANHAO,glp,2,45.5,45.1,45.9,45.0,46.0
2015-07,MUN,MA|SAO JOAO DOS PATOS,glp,3,55.0,55.0,55.0,55.0,55.0
2015-07,MUN,MA|SAO JOSE DE RIBAMAR,glp,14,45.0,45.0,50.0,45.0,50.0
2015-07,MUN,MA|SAO LUIS,glp,87,45.0,45.0,50.0,38.0,50.0
2015-07,MUN,MA|SAO VICENTE FERRER,glp,1,50.0,50.0,50.0,50.0,50.0
2015-07,MUN,MA|TIMON,glp,4,45.0,45.0,45.0,45.0,45.0
2015-07,MUN,MG|ALFENAS,glp,15,42.0,37.6,45.0,34.9,45.99
2015-07,MUN,MG|ARAGUARI,glp,16,48.0,48.0,50.0,45.0,50.0
2015-07,MUN,MG|ARAXA,glp,4,49.5,48.3,51.4,48.0,52.0
2015-07,MUN,MG|BARBACENA,glp,16,48.0,46.5,50.0,45.0,50.0
2015-07,MUN,MG|BELO HORIZONTE,glp,70,52.0,48.0,55.0,42.0,55.0
2015-07,MUN,MG|BETIM,glp,41,51.0,50.0,54.0,49.0,54.0
2015-07,MUN,MG|BOM DESPACHO,glp,3,50.0,50.0,50.0,50.0,50.0
2015-07,MUN,MG|CAMPO BELO,glp,8,46.75,45.0,47.65,45.0,48.0
2015-07,MUN,MG|CARATINGA,glp,5,44.0,43.4,45.6,43.0,46.0
2015-07,MUN,MG|CATAGUASES,glp,6,46.5,45.5,47.5,45.0,48.0
2015-07,MUN,MG|CONGONHAS,glp,9,47.0,46.8,47.2,46.0,48.0
2015-07,MUN,MG|CONSELHEIRO LAFAIETE,glp,9,45.0,45.0,46.0,45.0,50.0
2015-07,MUN,MG|CONTAGEM,glp,82,51.0,50.0,53.0,49.0,55.0
2015-07,MUN,MG|CORONEL FABRICIANO,glp,6,48.0,47.0,50.0,46.0,52.0
2015-07,MUN,MG|CURVELO,glp,8,45.5,40.0,48.6,40.0,50.0
2015-07,MUN,MG|DIAMANTINA,glp,4,52.0,50.6,54.1,50.0,55.0
2015-07,MUN,MG|DIVINOPOLIS,glp,19,45.0,40.0,47.0,40.0,48.0
2015-07,MUN,MG|FORMIGA,glp,4,49.0,48.3,49.0,48.0,49.0
2015-07,MUN,MG|FRUTAL,glp,4,45.45,42.9,45.97,42.0,46.0
2015-07,MUN,MG|GOVERNADOR VALADARES,glp,28,47.5,46.0,48.0,40.0,48.0
2015-07,MUN,MG|GUAXUPE,glp,10,44.9,43.8,45.0,42.9,45.0
2015-07,MUN,MG|IBIRITE,glp,13,50.0,50.0,53.6,49.0,54.0
2015-07,MUN,MG|IPATINGA,glp,22,45.5,45.0,48.0,42.0,49.0
2015-07,MUN,MG|ITABIRA,glp,5,52.0,52.0,53.0,52.0,53.0
2015-07,MUN,MG|ITAJUBA,glp,13,40.0,38.0,44.6,38.0,45.0
2015-07,MUN,MG|ITAUNA,glp,13,45.0,42.0,50.0,42.0,50.0
2015-07,MUN,MG|ITUIUTABA,glp,20,45.0,43.0,48.0,43.0,48.0
2015-07,MUN,MG|JANAUBA,glp,2,44.5,43.3,45.7,43.0,46.0
2015-07,MUN,MG|JANUARIA,glp,12,47.0,46.0,48.0,46.0,49.0
2015-07,MUN,MG|JOAO MONLEVADE,glp,7,46.0,45.0,48.0,45.0,48.0
2015-07,MUN,MG|JOAO PINHEIRO,glp,11,50.0,47.0,50.0,45.0,50.0
2015-07,MUN,MG|JUIZ DE FORA,glp,58,49.5,42.7,55.0,40.0,58.0
2015-07,MUN,MG|LAVRAS,glp,10,47.5,44.7,50.0,42.0,50.0
2015-07,MUN,MG|LEOPOLDINA,glp,5,48.0,47.0,48.0,47.0,48.0
2015-07,MUN,MG|MANHUACU,glp,6,45.0,45.0,47.0,45.0,47.0
2015-07,MUN,MG|MARIANA,glp,4,51.0,50.0,52.0,50.0,52.0
2015-07,MUN,MG|MONTE CARMELO,glp,11,55.0,54.0,57.5,50.0,58.0
2015-07,MUN,MG|MONTES CLAROS,glp,21,48.0,48.0,50.0,47.0,50.0
2015-07,MUN,MG|MURIAE,glp,4,47.0,45.3,49.4,45.0,50.0
2015-07,MUN,MG|NOVA LIMA,glp,11,51.0,50.0,54.0,49.0,54.0
2015-07,MUN,MG|OLIVEIRA,glp,8,43.0,42.0,45.0,42.0,45.0
2015-07,MUN,MG|OURO PRETO,glp,8,53.0,50.0,53.6,50.0,55.0
2015-07,MUN,MG|PARA DE MINAS,glp,9,48.0,47.8,49.5,47.0,49.5
2015-07,MUN,MG|PARACATU,glp,5,50.0,50.0,53.0,50.0,53.0
2015-07,MUN,MG|PASSOS,glp,20,46.0,45.0,48.0,45.0,48.0
2015-07,MUN,MG|PATOS DE MINAS,glp,23,50.0,48.0,50.0,48.0,53.0
2015-07,MUN,MG|PATROCINIO,glp,11,49.0,47.0,50.0,47.0,50.0
2015-07,MUN,MG|POCOS DE CALDAS,glp,22,44.0,42.2,44.0,42.0,44.1
2015-07,MUN,MG|POUSO ALEGRE,glp,16,42.0,39.5,45.0,39.0,46.5
2015-07,MUN,MG|RIBEIRAO DAS NEVES,glp,16,51.0,51.0,54.0,50.0,54.0
2015-07,MUN,MG|SABARA,glp,16,52.0,51.0,54.0,50.0,54.0
2015-07,MUN,MG|SANTA LUZIA,glp,19,51.0,50.0,54.0,50.0,55.0
2015-07,MUN,MG|SANTOS DUMONT,glp,5,45.0,42.4,48.0,42.0,48.0
2015-07,MUN,MG|SAO JOAO DEL REI,glp,15,50.0,47.4,52.0,45.0,52.0
2015-07,MUN,MG|SAO LOURENCO,glp,3,40.0,38.4,40.0,38.0,40.0
2015-07,MUN,MG|SAO SEBASTIAO DO PARAISO,glp,12,50.0,50.0,55.0,48.0,55.0
2015-07,MUN,MG|SETE LAGOAS,glp,27,50.0,47.6,51.4,41.0,53.0
2015-07,MUN,MG|TEOFILO OTONI,glp,17,43.0,40.0,48.0,38.0,49.0
2015-07,MUN,MG|TIMOTEO,glp,7,47.0,45.0,48.2,45.0,50.0
2015-07,MUN,MG|TRES CORACOES,glp,8,42.0,40.0,45.0,40.0,45.0
2015-07,MUN,MG|UBA,glp,6,55.0,54.5,57.995,54.0,58.0
2015-07,MUN,MG|UBERABA,glp,36,50.0,48.5,50.0,45.0,50.0
2015-07,MUN,MG|UBERLANDIA,glp,50,50.0,49.0,52.0,48.0,52.0
2015-07,MUN,MG|UNAI,glp,15,55.0,55.0,55.0,53.0,55.0
2015-07,MUN,MG|VARGINHA,glp,12,40.0,40.0,42.0,40.0,43.0
2015-07,MUN,MG|VESPASIANO,glp,11,52.0,50.0,54.0,49.0,54.0
2015-07,MUN,MG|VICOSA,glp,2,55.0,55.0,55.0,55.0,55.0
2015-07,MUN,MS|CAMPO GRANDE,glp,531,56.0,55.0,57.0,42.0,58.0
2015-07,MUN,MS|CORUMBA,glp,7,50.0,47.6,50.0,44.0,50.0
2015-07,MUN,MS|COXIM,glp,12,60.0,59.0,60.0,58.0,62.0
2015-07,MUN,MS|DOURADOS,glp,67,55.0,55.0,56.0,55.0,58.0
2015-07,MUN,MS|NOVA ANDRADINA,glp,10,55.0,55.0,55.0,55.0,55.0
2015-07,MUN,MS|PARANAIBA,glp,11,55.0,55.0,55.0,53.0,55.0
2015-07,MUN,MS|PONTA PORA,glp,5,46.0,45.0,52.4,45.0,54.0
2015-07,MUN,MS|TRES LAGOAS,glp,15,48.0,40.8,48.0,40.0,50.0
2015-07,MUN,MT|ALTA FLORESTA,glp,5,65.0,65.0,65.0,65.0,65.0
2015-07,MUN,MT|CACERES,glp,7,53.0,48.8,55.4,47.0,56.0
2015-07,MUN,MT|CUIABA,glp,161,60.0,57.0,65.0,52.0,70.0
2015-07,MUN,MT|RONDONOPOLIS,glp,16,60.0,59.0,61.0,58.0,62.0
2015-07,MUN,MT|SINOP,glp,14,60.0,59.0,60.7,58.0,61.0
2015-07,MUN,MT|SORRISO,glp,6,66.5,65.0,68.0,65.0,68.0
2015-07,MUN,MT|VARZEA GRANDE,glp,46,60.0,58.0,65.0,55.0,65.0
2015-07,MUN,PA|ABAETETUBA,glp,6,47.5,44.5,49.0,43.0,50.0
2015-07,MUN,PA|ALENQUER,glp,4,52.5,50.0,55.0,50.0,55.0
2015-07,MUN,PA|ALTAMIRA,glp,7,55.0,55.0,57.4,55.0,58.0
2015-07,MUN,PA|ANANINDEUA,glp,33,48.0,47.0,48.0,47.0,48.0
2015-07,MUN,PA|BELEM,glp,82,48.0,45.0,48.0,42.0,50.0
2015-07,MUN,PA|BRAGANCA,glp,6,50.0,48.0,50.0,48.0,50.0
2015-07,MUN,PA|BREVES,glp,2,55.0,55.0,55.0,55.0,55.0
2015-07,MUN,PA|CAMETA,glp,4,49.0,48.0,53.5,48.0,55.0
2015-07,MUN,PA|CASTANHAL,glp,7,48.0,48.0,48.8,48.0,50.0
2015-07,MUN,PA|CONCEICAO DO ARAGUAIA,glp,7,53.0,52.0,55.0,52.0,55.0
2015-07,MUN,PA|ITAITUBA,glp,6,62.0,55.0,62.0,55.0,62.0
2015-07,MUN,PA|MARABA,glp,5,55.0,55.0,55.0,55.0,55.0
2015-07,MUN,PA|PARAGOMINAS,glp,4,60.0,57.9,60.0,57.0,60.0
2015-07,MUN,PA|PARAUAPEBAS,glp,3,55.0,51.0,55.8,50.0,56.0
2015-07,MUN,PA|REDENCAO,glp,7,60.0,60.0,60.0,60.0,60.0
2015-07,MUN,PA|SANTAREM,glp,15,48.0,47.0,49.2,47.0,50.0
2015-07,MUN,PA|SAO CAETANO DE ODIVELAS,glp,1,48.0,48.0,48.0,48.0,48.0
2015-07,MUN,PA|TUCURUI,glp,4,55.0,52.9,55.0,52.0,55.0
2015-07,MUN,PA|XINGUARA,glp,5,60.0,58.8,60.0,58.0,60.0
2015-07,MUN,PB|BAYEUX,glp,5,45.0,40.8,45.0,40.0,45.0
2015-07,MUN,PB|CABEDELO,glp,7,45.0,42.0,45.0,42.0,45.0
2015-07,MUN,PB|CAMPINA GRANDE,glp,38,45.0,42.7,45.0,40.0,49.0
2015-07,MUN,PB|JOAO PESSOA,glp,31,42.0,40.0,45.0,40.0,45.0
2015-07,MUN,PB|MAMANGUAPE,glp,1,38.0,38.0,38.0,38.0,38.0
2015-07,MUN,PB|PATOS,glp,6,45.0,45.0,45.0,45.0,45.0
2015-07,MUN,PB|PIANCO,glp,1,45.0,45.0,45.0,45.0,45.0
2015-07,MUN,PB|SANTA RITA,glp,4,44.0,40.9,45.0,40.0,45.0
2015-07,MUN,PB|SAPE,glp,3,40.0,40.0,44.0,40.0,45.0
2015-07,MUN,PB|SOUSA,glp,4,38.0,38.0,39.4,38.0,40.0
2015-07,MUN,PE|ABREU E LIMA,glp,8,45.0,43.5,51.5,40.0,55.0
2015-07,MUN,PE|AFOGADOS DA INGAZEIRA,glp,1,48.0,48.0,48.0,48.0,48.0
2015-07,MUN,PE|AGUAS BELAS,glp,1,45.0,45.0,45.0,45.0,45.0
2015-07,MUN,PE|ARARIPINA,glp,3,46.0,42.8,47.6,42.0,48.0
2015-07,MUN,PE|ARCOVERDE,glp,2,45.0,45.0,45.0,45.0,45.0
2015-07,MUN,PE|BELO JARDIM,glp,4,45.0,39.4,45.0,37.0,45.0
2015-07,MUN,PE|BOM CONSELHO,glp,4,42.0,42.0,42.0,42.0,42.0
2015-07,MUN,PE|CABO DE SANTO AGOSTINHO,glp,12,45.0,40.25,45.0,40.0,50.0
2015-07,MUN,PE|CACHOEIRINHA,glp,1,35.0,35.0,35.0,35.0,35.0
2015-07,MUN,PE|CAMARAGIBE,glp,13,45.0,41.0,49.0,40.0,50.0
2015-07,MUN,PE|CARUARU,glp,24,42.0,40.0,45.0,39.99,45.0
2015-07,MUN,PE|GARANHUNS,glp,6,50.0,47.5,50.0,45.0,50.0
2015-07,MUN,PE|GOIANA,glp,3,40.0,38.4,44.0,38.0,45.0
2015-07,MUN,PE|GRAVATA,glp,5,45.0,45.0,45.0,45.0,45.0
2015-07,MUN,PE|IGARASSU,glp,19,47.0,45.0,50.0,44.5,52.5
2015-07,MUN,PE|JABOATAO DOS GUARARAPES,glp,48,45.0,40.0,45.0,40.0,50.0
2015-07,MUN,PE|LAJEDO,glp,6,42.0,37.5,42.0,35.0,42.0
2015-07,MUN,PE|OLINDA,glp,41,41.0,40.0,45.0,39.0,55.0
2015-07,MUN,PE|PAULISTA,glp,9,55.0,44.0,55.0,40.0,55.0
2015-07,MUN,PE|PETROLINA,glp,18,45.0,42.0,45.0,40.0,45.0
2015-07,MUN,PE|RECIFE,glp,103,45.0,40.0,47.0,35.0,55.0
2015-07,MUN,PE|SALGUEIRO,glp,3,50.0,50.0,50.0,50.0,50.0
2015-07,MUN,PE|SANTA CRUZ DO CAPIBARIBE,glp,4,40.0,38.6,40.0,38.0,40.0
2015-07,MUN,PE|SAO BENTO DO UNA,glp,2,38.0,38.0,38.0,38.0,38.0
2015-07,MUN,PE|SAO LOURENCO DA MATA,glp,15,43.0,38.796,45.0,37.0,45.0
2015-07,MUN,PE|SERRA TALHADA,glp,3,52.0,50.4,52.0,50.0,52.0
2015-07,MUN,PE|VITORIA DE SANTO ANTAO,glp,15,45.0,38.0,48.0,38.0,48.0
2015-07,MUN,PI|BARRAS,glp,2,53.0,53.0,53.0,53.0,53.0
2015-07,MUN,PI|CAMPO MAIOR,glp,4,53.0,53.0,53.0,53.0,53.0
2015-07,MUN,PI|OEIRAS,glp,2,50.0,50.0,50.0,50.0,50.0
2015-07,MUN,PI|PARNAIBA,glp,5,47.0,46.4,47.6,46.0,48.0
2015-07,MUN,PI|PICOS,glp,2,50.0,50.0,50.0,50.0,50.0
2015-07,MUN,PI|PIRIPIRI,glp,3,53.0,53.0,53.0,53.0,53.0
2015-07,MUN,PI|TERESINA,glp,65,45.0,45.0,48.0,43.0,50.0
2015-07,MUN,PR|ALMIRANTE TAMANDARE,glp,9,45.0,44.98,48.0,44.9,48.0
2015-07,MUN,PR|APUCARANA,glp,19,49.0,46.0,53.0,45.0,53.0
2015-07,MUN,PR|ARAPONGAS,glp,17,55.0,53.0,55.0,50.0,55.0
2015-07,MUN,PR|ARAUCARIA,glp,17,45.0,42.6,48.0,40.0,48.0
2015-07,MUN,PR|ASSIS CHATEAUBRIAND,glp,3,45.0,45.0,45.8,45.0,46.0
2015-07,MUN,PR|CAMBE,glp,25,52.0,48.8,55.0,47.5,55.0
2015-07,MUN,PR|CAMPO LARGO,glp,23,43.0,42.0,45.0,41.9,46.0
2015-07,MUN,PR|CAMPO MOURAO,glp,13,53.0,50.0,55.0,50.0,58.0
2015-07,MUN,PR|CASCAVEL,glp,88,55.0,54.35,56.0,54.0,57.0
2015-07,MUN,PR|CASTRO,glp,8,52.0,51.4,55.0,50.0,55.0
2015-07,MUN,PR|CIANORTE,glp,15,55.0,53.8,55.0,50.0,55.0
2015-07,MUN,PR|COLOMBO,glp,33,45.0,43.18,45.0,40.0,48.0
2015-07,MUN,PR|CORNELIO PROCOPIO,glp,6,48.5,48.0,51.0,48.0,52.0
2015-07,MUN,PR|CURITIBA,glp,121,46.0,43.0,50.0,39.0,52.0
2015-07,MUN,PR|CURIUVA,glp,1,50.0,50.0,50.0,50.0,50.0
2015-07,MUN,PR|FOZ DO IGUACU,glp,35,38.5,35.0,42.0,34.0,44.0
2015-07,MUN,PR|FRANCISCO BELTRAO,glp,6,45.5,43.5,46.0,42.0,46.0
2015-07,MUN,PR|GUARAPUAVA,glp,13,50.0,48.0,54.4,46.0,55.0
2015-07,MUN,PR|LARANJEIRAS DO SUL,glp,8,50.0,45.0,51.3,38.0,52.0
2015-07,MUN,PR|LONDRINA,glp,86,50.0,48.0,53.0,43.0,55.0
2015-07,MUN,PR|MARECHAL CANDIDO RONDON,glp,7,50.0,35.0,55.0,35.0,55.0
2015-07,MUN,PR|MARINGA,glp,41,58.0,55.0,60.0,55.0,60.0
2015-07,MUN,PR|PARANAGUA,glp,23,40.0,38.4,42.0,35.0,45.0
2015-07,MUN,PR|PARANAVAI,glp,11,60.0,58.0,63.0,57.0,65.0
2015-07,MUN,PR|PATO BRANCO,glp,12,53.0,52.91,59.5,50.0,59.9
2015-07,MUN,PR|PINHAIS,glp,16,46.0,43.5,48.0,40.0,48.0
2015-07,MUN,PR|PONTA GROSSA,glp,26,45.0,44.0,47.0,44.0,47.0
2015-07,MUN,PR|SANTO ANTONIO DA PLATINA,glp,14,48.0,43.6,49.7,43.0,50.0
2015-07,MUN,PR|SAO JOSE DOS PINHAIS,glp,18,44.0,38.73,45.9,36.0,48.0
2015-07,MUN,PR|TERRA BOA,glp,1,55.0,55.0,55.0,55.0,55.0
2015-07,MUN,PR|TOLEDO,glp,16,41.0,39.0,45.0,38.0,45.0
2015-07,MUN,PR|UMUARAMA,glp,17,53.0,51.2,55.0,50.0,55.0
2015-07,MUN,PR|UNIAO DA VITORIA,glp,4,52.0,49.9,52.0,49.0,52.0
2015-07,MUN,RJ|ANGRA DOS REIS,glp,3,45.0,45.0,45.0,45.0,45.0
2015-07,MUN,RJ|ARARUAMA,glp,5,45.0,36.6,46.8,35.0,48.0
2015-07,MUN,RJ|ARMACAO DOS BUZIOS,glp,1,46.9,46.9,46.9,46.9,46.9
2015-07,MUN,RJ|BARRA DO PIRAI,glp,2,45.0,41.0,49.0,40.0,50.0
2015-07,MUN,RJ|BARRA MANSA,glp,13,45.0,41.2,48.0,40.0,49.0
2015-07,MUN,RJ|BELFORD ROXO,glp,6,48.0,42.495,49.0,37.99,50.0
2015-07,MUN,RJ|CABO FRIO,glp,4,44.5,41.2,48.5,40.0,50.0
2015-07,MUN,RJ|CAMPOS DOS GOYTACAZES,glp,23,50.0,50.0,55.0,40.0,55.0
2015-07,MUN,RJ|DUQUE DE CAXIAS,glp,41,48.0,42.0,48.0,38.0,48.0
2015-07,MUN,RJ|ITABORAI,glp,4,39.5,38.3,40.0,38.0,40.0
2015-07,MUN,RJ|ITAGUAI,glp,3,39.9,38.3,39.9,37.9,39.9
2015-07,MUN,RJ|ITAPERUNA,glp,4,45.0,42.9,45.0,42.0,45.0
2015-07,MUN,RJ|MACAE,glp,4,43.0,43.0,44.4,43.0,45.0
2015-07,MUN,RJ|MAGE,glp,4,35.0,35.0,35.0,35.0,35.0
2015-07,MUN,RJ|MANGARATIBA,glp,1,39.9,39.9,39.9,39.9,39.9
2015-07,MUN,RJ|MARICA,glp,4,40.0,40.0,40.0,40.0,40.0
2015-07,MUN,RJ|NILOPOLIS,glp,4,46.0,46.0,48.8,46.0,50.0
2015-07,MUN,RJ|NITEROI,glp,14,43.5,42.3,46.2,40.0,46.5
2015-07,MUN,RJ|NOVA FRIBURGO,glp,5,49.5,46.9,51.5,46.5,51.5
2015-07,MUN,RJ|NOVA IGUACU,glp,22,48.0,42.0,50.9,39.99,52.0
2015-07,MUN,RJ|PARAIBA DO SUL,glp,3,45.0,41.0,45.0,40.0,45.0
2015-07,MUN,RJ|PARATY,glp,1,42.0,42.0,42.0,42.0,42.0
2015-07,MUN,RJ|PETROPOLIS,glp,7,49.9,49.0,51.112,49.0,51.28
2015-07,MUN,RJ|RESENDE,glp,6,42.5,41.0,45.0,40.0,45.0
2015-07,MUN,RJ|RIO BONITO,glp,4,42.0,42.0,42.0,42.0,42.0
2015-07,MUN,RJ|RIO DE JANEIRO,glp,84,40.0,32.99,46.97,29.99,51.5
2015-07,MUN,RJ|SANTO ANTONIO DE PADUA,glp,2,36.0,36.0,36.0,36.0,36.0
2015-07,MUN,RJ|SAO FRANCISCO DE ITABAPOANA,glp,2,51.5,48.7,54.3,48.0,55.0
2015-07,MUN,RJ|SAO GONCALO,glp,23,45.0,40.4,47.4,37.0,48.0
2015-07,MUN,RJ|SAO JOAO DE MERITI,glp,7,45.0,34.996,48.8,34.99,50.0
2015-07,MUN,RJ|SAPUCAIA,glp,2,45.5,43.5,47.5,43.0,48.0
2015-07,MUN,RJ|SAQUAREMA,glp,5,34.0,32.8,40.0,32.0,40.0
2015-07,MUN,RJ|TERESOPOLIS,glp,7,45.0,41.8,45.4,40.0,46.0
2015-07,MUN,RJ|TRES RIOS,glp,2,41.5,40.3,42.7,40.0,43.0
2015-07,MUN,RJ|VALENCA,glp,4,46.5,45.3,47.7,45.0,48.0
2015-07,MUN,RJ|VASSOURAS,glp,2,45.0,45.0,45.0,45.0,45.0
2015-07,MUN,RJ|VOLTA REDONDA,glp,8,44.5,40.7,48.3,40.0,49.0
2015-07,MUN,RN|CAICO,glp,4,44.0,43.3,44.7,43.0,45.0
2015-07,MUN,RN|CURRAIS NOVOS,glp,3,44.0,44.0,44.8,44.0,45.0
2015-07,MUN,RN|MOSSORO,glp,9,46.0,45.0,48.0,45.0,48.0
2015-07,MUN,RN|NATAL,glp,26,46.5,45.0,48.0,43.5,49.0
2015-07,MUN,RN|PARNAMIRIM,glp,11,48.0,46.0,50.0,45.0,50.0
2015-07,MUN,RN|SANTA CRUZ,glp,1,48.0,48.0,48.0,48.0,48.0
2015-07,MUN,RN|SAO JOSE DE MIPIBU,glp,3,45.0,45.0,45.0,45.0,45.0
2015-07,MUN,RO|ARIQUEMES,glp,4,55.0,55.0,56.4,55.0,57.0
2015-07,MUN,RO|CACOAL,glp,4,55.0,55.0,55.7,55.0,56.0
2015-07,MUN,RO|GUAJARA-MIRIM,glp,4,58.0,54.5,58.0,53.0,58.0
2015-07,MUN,RO|JI-PARANA,glp,10,55.5,53.0,58.2,53.0,60.0
2015-07,MUN,RO|PIMENTA BUENO,glp,4,55.5,55.0,56.0,55.0,56.0
2015-07,MUN,RO|PORTO VELHO,glp,44,45.0,45.0,48.0,43.0,50.0
2015-07,MUN,RO|SAO MIGUEL DO GUAPORE,glp,3,58.0,58.0,58.0,58.0,58.0
2015-07,MUN,RO|VILHENA,glp,7,57.0,57.0,59.4,57.0,60.0
2015-07,MUN,RR|BOA VISTA,glp,32,53.0,52.0,55.0,51.0,56.5
2015-07,MUN,RR|CANTA,glp,2,58.5,58.1,58.9,58.0,59.0
2015-07,MUN,RR|CARACARAI,glp,2,52.5,52.1,52.9,52.0,53.0
2015-07,MUN,RR|RORAINOPOLIS,glp,3,54.0,50.8,55.6,50.0,56.0
2015-07,MUN,RS|ALEGRETE,glp,10,37.0,35.0,40.0,35.0,40.0
2015-07,MUN,RS|ALVORADA,glp,14,46.0,40.6,50.0,40.0,52.0
2015-07,MUN,RS|BAGE,glp,28,46.0,45.0,48.0,43.0,49.0
2015-07,MUN,RS|BENTO GONCALVES,glp,10,49.0,46.0,49.3,46.0,52.0
2015-07,MUN,RS|CACAPAVA DO SUL,glp,13,48.0,46.4,48.8,45.0,51.0
2015-07,MUN,RS|CACHOEIRA DO SUL,glp,15,40.0,40.0,44.2,40.0,48.0
2015-07,MUN,RS|CACHOEIRINHA,glp,12,47.0,44.0,47.0,42.0,53.0
2015-07,MUN,RS|CANOAS,glp,26,44.0,39.0,48.0,37.0,48.0
2015-07,MUN,RS|CAXIAS DO SUL,glp,63,45.0,42.2,47.9,40.0,50.0
2015-07,MUN,RS|CHUI,glp,3,35.0,35.0,35.8,35.0,36.0
2015-07,MUN,RS|CRUZ ALTA,glp,9,36.0,33.8,38.0,33.0,38.0
2015-07,MUN,RS|ERECHIM,glp,19,48.0,46.0,49.2,46.0,50.0
2015-07,MUN,RS|ESTEIO,glp,11,44.0,42.0,45.0,42.0,48.0
2015-07,MUN,RS|GRAMADO,glp,8,48.0,45.4,48.0,44.0,48.0
2015-07,MUN,RS|GRAVATAI,glp,31,42.0,40.0,47.0,39.0,53.0
2015-07,MUN,RS|GUAIBA,glp,13,44.0,42.2,47.0,40.0,47.0
2015-07,MUN,RS|GUARANI DAS MISSOES,glp,1,40.0,40.0,40.0,40.0,40.0
2015-07,MUN,RS|IJUI,glp,14,46.0,44.0,49.0,44.0,49.0
2015-07,MUN,RS|JAGUARAO,glp,10,35.0,33.8,36.0,32.0,36.0
2015-07,MUN,RS|LAJEADO,glp,13,45.5,42.0,47.8,42.0,48.0
2015-07,MUN,RS|NOVO HAMBURGO,glp,25,44.0,42.0,46.6,42.0,48.0
2015-07,MUN,RS|OSORIO,glp,9,52.0,49.0,52.0,45.0,52.0
2015-07,MUN,RS|PALMEIRA DAS MISSOES,glp,6,45.0,44.0,47.0,43.0,47.0
2015-07,MUN,RS|PASSO FUNDO,glp,49,43.0,40.0,47.0,37.0,49.0
2015-07,MUN,RS|PELOTAS,glp,41,45.0,40.0,47.0,38.0,48.0
2015-07,MUN,RS|PORTAO,glp,1,45.0,45.0,45.0,45.0,45.0
2015-07,MUN,RS|PORTO ALEGRE,glp,54,46.45,43.0,52.9,42.0,54.5
2015-07,MUN,RS|RIO GRANDE,glp,46,40.0,39.45,42.0,38.0,45.0
2015-07,MUN,RS|SANTA CRUZ DO SUL,glp,19,44.0,42.0,46.2,42.0,48.0
2015-07,MUN,RS|SANTA MARIA,glp,79,44.0,42.0,47.0,41.0,52.0
2015-07,MUN,RS|SANTA ROSA,glp,6,41.0,40.0,44.0,40.0,45.0
2015-07,MUN,RS|SANTA VITORIA DO PALMAR,glp,8,39.0,35.7,42.3,35.0,43.0
2015-07,MUN,RS|SANTANA DO LIVRAMENTO,glp,17,45.0,45.0,45.0,44.0,45.0
2015-07,MUN,RS|SANTO ANGELO,glp,14,44.5,42.3,47.0,40.0,48.0
2015-07,MUN,RS|SAO BORJA,glp,6,45.0,45.0,45.0,45.0,45.0
2015-07,MUN,RS|SAO GABRIEL,glp,17,48.0,45.0,50.0,40.0,50.0
2015-07,MUN,RS|SAO LEOPOLDO,glp,19,42.0,39.8,45.0,38.0,46.0
2015-07,MUN,RS|SAO LUIZ GONZAGA,glp,5,40.0,40.0,40.0,40.0,40.0
2015-07,MUN,RS|SAPIRANGA,glp,11,46.0,45.0,46.0,45.0,47.0
2015-07,MUN,RS|SAPUCAIA DO SUL,glp,28,48.0,47.7,49.0,42.0,49.0
2015-07,MUN,RS|TORRES,glp,5,45.0,43.2,46.6,42.0,47.0
2015-07,MUN,RS|TRAMANDAI,glp,10,48.0,45.0,50.0,45.0,50.0
2015-07,MUN,RS|URUGUAIANA,glp,22,48.0,45.1,49.0,45.0,52.0
2015-07,MUN,RS|VACARIA,glp,7,45.0,42.4,46.0,40.0,46.0
2015-07,MUN,RS|VIAMAO,glp,18,48.0,45.0,52.0,43.0,57.5
2015-07,MUN,SC|ARARANGUA,glp,4,40.0,40.0,41.4,40.0,42.0
2015-07,MUN,SC|BALNEARIO CAMBORIU,glp,2,41.0,40.2,41.8,40.0,42.0
2015-07,MUN,SC|BIGUACU,glp,1,49.0,49.0,49.0,49.0,49.0
2015-07,MUN,SC|BLUMENAU,glp,21,49.0,47.0,50.0,42.0,55.0
2015-07,MUN,SC|BRUSQUE,glp,4,48.0,48.0,48.0,48.0,48.0
2015-07,MUN,SC|CACADOR,glp,4,48.0,48.0,49.4,48.0,50.0
2015-07,MUN,SC|CHAPECO,glp,17,50.0,48.0,52.0,48.0,53.0
2015-07,MUN,SC|CONCORDIA,glp,4,49.5,49.0,50.0,49.0,50.0
2015-07,MUN,SC|CRICIUMA,glp,9,43.0,38.6,43.0,37.0,43.0
2015-07,MUN,SC|FLORIANOPOLIS,glp,28,49.5,48.0,51.65,48.0,52.0
2015-07,MUN,SC|ITAJAI,glp,54,43.0,41.3,44.91,40.0,50.0
2015-07,MUN,SC|JARAGUA DO SUL,glp,5,44.0,43.2,46.8,43.0,48.0
2015-07,MUN,SC|JOINVILLE,glp,22,48.5,47.1,50.0,47.0,51.0
2015-07,MUN,SC|LAGES,glp,8,47.5,45.0,48.3,45.0,49.0
2015-07,MUN,SC|LAGUNA,glp,6,40.0,40.0,45.0,40.0,45.0
2015-07,MUN,SC|MAFRA,glp,4,46.95,46.9,51.2,46.9,53.0
2015-07,MUN,SC|PALHOCA,glp,10,49.0,47.9,50.1,47.0,51.0
2015-07,MUN,SC|SAO JOSE,glp,14,49.0,48.0,52.0,44.0,53.0
2015-07,MUN,SC|SAO MIGUEL DO OESTE,glp,2,45.95,45.91,45.99,45.9,46.0
2015-07,MUN,SC|TUBARAO,glp,5,44.0,44.0,45.2,44.0,46.0
2015-07,MUN,SC|VIDEIRA,glp,3,52.0,48.8,52.8,48.0,53.0
2015-07,MUN,SC|XANXERE,glp,6,49.0,47.0,51.0,47.0,52.0
2015-07,MUN,SE|ARACAJU,glp,44,45.0,38.0,47.0,35.0,48.0
2015-07,MUN,SE|ITABAIANA,glp,3,42.5,42.1,42.9,42.0,43.0
2015-07,MUN,SE|ITABAIANINHA,glp,3,45.0,45.0,45.0,45.0,45.0
2015-07,MUN,SE|LAGARTO,glp,4,40.0,37.9,41.4,37.0,42.0
2015-07,MUN,SE|NOSSA SENHORA DO SOCORRO,glp,7,45.0,42.6,45.8,42.0,47.0
2015-07,MUN,SE|SIMAO DIAS,glp,3,40.0,40.0,40.0,40.0,40.0
2015-07,MUN,SE|TOBIAS BARRETO,glp,4,45.0,45.0,45.0,45.0,45.0
2015-07,MUN,SP|ADAMANTINA,glp,11,54.0,49.0,54.0,49.0,54.0
2015-07,MUN,SP|AMERICANA,glp,22,48.0,43.2,55.0,40.0,55.0
2015-07,MUN,SP|AMPARO,glp,5,46.0,44.8,48.74,44.0,49.9
2015-07,MUN,SP|APIAI,glp,2,46.5,46.1,46.9,46.0,47.0
2015-07,MUN,SP|ARACATUBA,glp,54,45.0,45.0,47.05,43.0,50.0
2015-07,MUN,SP|ARARAQUARA,glp,15,48.0,44.1,52.5,42.5,53.5
2015-07,MUN,SP|ARARAS,glp,4,45.15,43.9,50.32,43.9,52.0
2015-07,MUN,SP|ASSIS,glp,12,41.0,38.2,42.0,38.0,42.0
2015-07,MUN,SP|ATIBAIA,glp,20,49.0,44.9,50.3,40.0,53.0
2015-07,MUN,SP|AVARE,glp,8,50.0,43.5,51.2,40.0,54.0
2015-07,MUN,SP|BARRETOS,glp,13,41.0,40.0,43.0,38.0,43.0
2015-07,MUN,SP|BARUERI,glp,29,45.0,40.0,50.4,40.0,52.0
2015-07,MUN,SP|BAURU,glp,61,49.0,45.0,53.0,40.0,55.0
2015-07,MUN,SP|BEBEDOURO,glp,14,45.0,42.5,45.7,40.0,47.0
2015-07,MUN,SP|BIRIGUI,glp,32,45.0,43.0,48.0,40.0,50.0
2015-07,MUN,SP|BOTUCATU,glp,16,30.0,30.0,37.5,30.0,40.0
2015-07,MUN,SP|BRAGANCA PAULISTA,glp,20,38.95,32.0,42.1,32.0,45.0
2015-07,MUN,SP|CACAPAVA,glp,17,40.0,33.6,45.8,30.0,48.0
2015-07,MUN,SP|CAMPINAS,glp,78,42.5,40.0,46.3,40.0,52.0
2015-07,MUN,SP|CAMPOS DO JORDAO,glp,8,38.0,35.0,40.6,35.0,42.0
2015-07,MUN,SP|CAPAO BONITO,glp,4,46.0,43.6,47.7,43.0,48.0
2015-07,MUN,SP|CARAGUATATUBA,glp,8,42.0,40.0,44.0,40.0,44.0
2015-07,MUN,SP|CARAPICUIBA,glp,26,41.99,38.995,44.995,35.0,48.0
2015-07,MUN,SP|CATANDUVA,glp,16,45.0,42.0,51.0,40.0,55.0
2015-07,MUN,SP|COSMOPOLIS,glp,9,48.0,44.8,48.8,44.0,50.0
2015-07,MUN,SP|COTIA,glp,11,43.0,38.0,45.0,37.99,49.0
2015-07,MUN,SP|CRUZEIRO,glp,16,40.0,35.0,40.0,30.0,40.0
2015-07,MUN,SP|CUBATAO,glp,7,50.0,45.0,50.0,45.0,50.0
2015-07,MUN,SP|DIADEMA,glp,30,45.0,40.891,48.0,36.0,52.0
2015-07,MUN,SP|DRACENA,glp,9,47.0,45.0,48.2,45.0,49.0
2015-07,MUN,SP|ELISIARIO,glp,1,48.0,48.0,48.0,48.0,48.0
2015-07,MUN,SP|EMBU DAS ARTES,glp,4,42.0,40.6,43.4,40.0,44.0
2015-07,MUN,SP|FERNANDOPOLIS,glp,1,40.0,40.0,40.0,40.0,40.0
2015-07,MUN,SP|FERRAZ DE VASCONCELOS,glp,11,38.0,35.99,40.0,35.0,45.0
2015-07,MUN,SP|FRANCA,glp,56,39.9,37.99,41.9,36.99,42.0
2015-07,MUN,SP|FRANCISCO MORATO,glp,12,48.5,44.0,49.0,40.0,50.0
2015-07,MUN,SP|FRANCO DA ROCHA,glp,5,47.0,41.2,48.0,40.0,48.0
2015-07,MUN,SP|GARCA,glp,8,44.0,39.7,45.9,39.0,48.0
2015-07,MUN,SP|GUARATINGUETA,glp,13,40.0,36.36,48.0,34.0,51.9
2015-07,MUN,SP|GUARUJA,glp,16,40.95,37.99,50.0,37.99,52.0
2015-07,MUN,SP|GUARULHOS,glp,41,40.0,35.0,48.0,35.0,50.0
2015-07,MUN,SP|HORTOLANDIA,glp,23,45.0,42.2,49.6,40.0,55.0
2015-07,MUN,SP|IBITINGA,glp,8,45.0,42.1,45.0,40.0,45.0
2015-07,MUN,SP|INDAIATUBA,glp,24,44.0,40.6,45.0,40.0,50.0
2015-07,MUN,SP|ITANHAEM,glp,12,40.0,39.1,44.9,35.0,46.0
2015-07,MUN,SP|ITAPECERICA DA SERRA,glp,6,45.0,44.0,47.5,43.0,50.0
2015-07,MUN,SP|ITAPETININGA,glp,17,43.0,39.536,48.0,35.0,48.0
2015-07,MUN,SP|ITAPEVA,glp,7,45.0,42.0,47.4,42.0,48.0
2015-07,MUN,SP|ITAPEVI,glp,5,43.0,42.396,47.39,42.0,48.99
2015-07,MUN,SP|ITAPIRA,glp,4,43.0,40.2,43.7,39.0,44.0
2015-07,MUN,SP|ITAPOLIS,glp,13,48.0,47.0,48.0,46.0,49.5
2015-07,MUN,SP|ITAQUAQUECETUBA,glp,13,42.0,35.6,44.0,35.0,48.0
2015-07,MUN,SP|ITATIBA,glp,11,45.0,45.0,48.9,45.0,49.0
2015-07,MUN,SP|ITU,glp,11,40.0,38.0,45.0,37.9,49.9
2015-07,MUN,SP|JABOTICABAL,glp,30,43.0,38.0,49.909,35.0,52.0
2015-07,MUN,SP|JACAREI,glp,12,44.45,36.0,46.9,35.0,48.0
2015-07,MUN,SP|JALES,glp,7,40.0,40.0,40.0,40.0,40.0
2015-07,MUN,SP|JANDIRA,glp,12,45.0,43.0,49.7,37.0,50.0
2015-07,MUN,SP|JAU,glp,9,55.0,55.0,55.0,55.0,55.0
2015-07,MUN,SP|JOSE BONIFACIO,glp,13,45.0,42.1,45.76,42.0,45.99
2015-07,MUN,SP|JUNDIAI,glp,17,42.5,40.0,47.2,40.0,48.4
2015-07,MUN,SP|LEME,glp,16,40.0,39.0,46.0,38.0,49.0
2015-07,MUN,SP|LIMEIRA,glp,17,45.0,42.6,48.4,41.0,55.0
2015-07,MUN,SP|LINS,glp,19,45.0,45.0,48.0,45.0,48.0
2015-07,MUN,SP|LORENA,glp,14,38.5,34.3,43.05,34.0,45.0
2015-07,MUN,SP|MARILIA,glp,13,47.0,42.8,47.0,42.0,47.0
2015-07,MUN,SP|MATAO,glp,10,49.0,44.99,52.0,44.9,52.0
2015-07,MUN,SP|MAUA,glp,34,46.5,40.6,49.97,39.99,52.0
2015-07,MUN,SP|MIRASSOL,glp,13,45.0,42.0,46.8,38.0,48.0
2015-07,MUN,SP|MOCOCA,glp,12,45.0,45.0,45.9,45.0,46.0
2015-07,MUN,SP|MOGI DAS CRUZES,glp,41,45.5,40.0,49.0,38.0,52.0
2015-07,MUN,SP|MOGI GUACU,glp,15,45.0,42.0,45.0,42.0,45.0
2015-07,MUN,SP|MOGI MIRIM,glp,8,41.0,40.0,44.1,40.0,49.0
2015-07,MUN,SP|MONTE ALTO,glp,11,46.0,40.0,50.0,39.9,50.0
2015-07,MUN,SP|OLIMPIA,glp,12,34.0,33.0,38.0,33.0,40.0
2015-07,MUN,SP|OSASCO,glp,76,42.995,39.99,47.5,37.99,50.0
2015-07,MUN,SP|OURINHOS,glp,16,45.0,41.0,47.5,39.0,50.0
2015-07,MUN,SP|PARAGUACU PAULISTA,glp,11,50.0,48.0,50.0,45.5,50.0
2015-07,MUN,SP|PATROCINIO PAULISTA,glp,1,38.99,38.99,38.99,38.99,38.99
2015-07,MUN,SP|PAULINIA,glp,17,40.0,38.6,44.0,38.0,48.0
2015-07,MUN,SP|PINDAMONHANGABA,glp,21,38.0,37.0,44.0,36.0,45.0
2015-07,MUN,SP|PIRACICABA,glp,30,55.0,50.0,58.0,45.0,60.0
2015-07,MUN,SP|PIRASSUNUNGA,glp,7,39.0,37.92,43.2,37.8,45.0
2015-07,MUN,SP|POA,glp,8,45.0,40.948,46.6,38.495,48.0
2015-07,MUN,SP|PORTO FERREIRA,glp,7,35.0,33.8,37.2,32.0,39.0
2015-07,MUN,SP|PRAIA GRANDE,glp,32,46.0,41.99,51.0,39.99,60.0
2015-07,MUN,SP|PRESIDENTE PRUDENTE,glp,31,49.9,43.0,54.0,38.0,55.0
2015-07,MUN,SP|PRESIDENTE VENCESLAU,glp,9,40.0,37.0,45.4,37.0,47.0
2015-07,MUN,SP|RIBEIRAO PIRES,glp,12,42.0,41.9,46.0,40.0,46.0
2015-07,MUN,SP|RIBEIRAO PRETO,glp,67,53.0,45.0,56.0,40.0,56.0
2015-07,MUN,SP|RIO CLARO,glp,7,43.0,41.0,43.8,38.0,45.0
2015-07,MUN,SP|SALTO,glp,18,43.0,40.0,45.6,35.0,49.0
2015-07,MUN,SP|SANTA BARBARA D'OESTE,glp,19,45.0,40.0,48.0,40.0,55.0
2015-07,MUN,SP|SANTA CRUZ DO RIO PARDO,glp,12,43.5,40.2,45.0,37.0,45.0
2015-07,MUN,SP|SANTO ANDRE,glp,42,47.0,40.0,53.0,35.99,55.0
2015-07,MUN,SP|SANTOS,glp,36,48.0,43.5,52.0,39.9,59.9
2015-07,MUN,SP|SAO BERNARDO DO CAMPO,glp,50,47.0,42.0,53.19,38.99,60.0
2015-07,MUN,SP|SAO CAETANO DO SUL,glp,5,50.0,48.2,56.8,47.0,58.0
2015-07,MUN,SP|SAO CARLOS,glp,21,47.9,47.9,52.0,46.9,55.0
2015-07,MUN,SP|SAO JOAO DA BOA VISTA,glp,9,40.0,39.0,41.5,39.0,41.5
2015-07,MUN,SP|SAO JOAQUIM DA BARRA,glp,9,50.0,45.0,50.0,45.0,50.0
2015-07,MUN,SP|SAO JOSE DO RIO PRETO,glp,102,45.0,44.0,48.0,34.0,52.0
2015-07,MUN,SP|SAO JOSE DOS CAMPOS,glp,43,43.5,39.0,46.5,37.5,48.0
2015-07,MUN,SP|SAO PAULO,glp,206,42.945,39.99,50.0,36.99,58.0
2015-07,MUN,SP|SAO ROQUE,glp,13,43.0,40.3,46.52,40.0,48.0
2015-07,MUN,SP|SAO VICENTE,glp,50,48.0,42.9,52.0,38.99,53.0
2015-07,MUN,SP|SERTAOZINHO,glp,16,43.0,40.0,46.0,40.0,46.0
2015-07,MUN,SP|SOROCABA,glp,28,45.0,40.0,49.3,40.0,53.0
2015-07,MUN,SP|SUMARE,glp,22,45.0,41.1,47.9,40.0,50.0
2015-07,MUN,SP|SUZANO,glp,21,46.0,40.0,47.0,37.0,50.0
2015-07,MUN,SP|TABOAO DA SERRA,glp,6,44.0,40.0,47.0,38.0,47.0
2015-07,MUN,SP|TATUI,glp,7,50.0,49.54,51.8,49.0,53.0
2015-07,MUN,SP|TAUBATE,glp,39,39.5,36.4,42.6,35.0,44.5
2015-07,MUN,SP|TUPA,glp,8,50.0,50.0,50.0,50.0,50.0
2015-07,MUN,SP|UBATUBA,glp,11,38.0,34.0,40.0,33.0,45.0
2015-07,MUN,SP|VALINHOS,glp,10,49.0,47.0,51.0,47.0,51.0
2015-07,MUN,SP|VARZEA PAULISTA,glp,11,40.0,36.0,45.0,33.0,46.0
2015-07,MUN,SP|VINHEDO,glp,6,48.5,47.0,50.5,47.0,51.0
2015-07,MUN,SP|VOTORANTIM,glp,17,47.5,45.0,49.0,40.0,53.0
2015-07,MUN,SP|VOTUPORANGA,glp,16,42.0,40.0,45.0,40.0,50.0
2015-07,MUN,TO|ARAGUAINA,glp,12,60.0,53.2,60.0,50.0,60.0
2015-07,MUN,TO|DIANOPOLIS,glp,3,55.0,52.2,55.0,51.5,55.0
2015-07,MUN,TO|GURUPI,glp,33,53.0,53.0,55.0,50.0,55.0
2015-07,MUN,TO|PALMAS,glp,25,58.0,57.0,58.0,57.0,58.0
2015-07,MUN,TO|PARAISO DO TOCANTINS,glp,11,50.0,50.0,53.0,50.0,55.0
2015-07,MUN,TO|PORTO NACIONAL,glp,8,50.0,49.7,50.0,49.0,50.0
2015-07,UF,AC,glp,100,52.0,50.0,57.0,48.0,62.0
2015-07,UF,AL,glp,97,45.0,40.0,45.0,35.0,45.0
2015-07,UF,AM,glp,449,47.0,45.0,49.0,41.0,58.0
2015-07,UF,AP,glp,24,60.0,54.3,61.0,48.0,69.0
2015-07,UF,BA,glp,512,42.0,35.0,45.99,30.0,50.0
2015-07,UF,CE,glp,206,50.0,45.0,52.0,43.0,55.0
2015-07,UF,DF,glp,96,45.0,40.0,50.0,37.0,53.0
2015-07,UF,ES,glp,398,46.0,40.7,47.0,33.0,49.0
2015-07,UF,GO,glp,466,44.0,41.0,47.0,38.99,55.0
2015-07,UF,MA,glp,182,49.5,45.0,53.0,38.0,55.0
2015-07,UF,MG,glp,1014,49.5,43.0,54.0,34.9,58.0
2015-07,UF,MS,glp,658,56.0,54.0,57.0,40.0,62.0
2015-07,UF,MT,glp,255,60.0,57.0,65.0,47.0,70.0
2015-07,UF,PA,glp,208,48.0,47.0,57.0,42.0,62.0
2015-07,UF,PB,glp,100,45.0,40.0,45.0,38.0,49.0
2015-07,UF,PE,glp,373,45.0,40.0,50.0,35.0,55.0
2015-07,UF,PI,glp,83,45.0,45.0,52.4,43.0,53.0
2015-07,UF,PR,glp,752,49.0,42.0,55.5,34.0,65.0
2015-07,UF,RJ,glp,336,45.0,36.0,50.0,29.99,55.0
2015-07,UF,RN,glp,57,46.0,44.6,48.0,43.0,50.0
2015-07,UF,RO,glp,80,48.0,45.0,58.0,43.0,60.0
2015-07,UF,RR,glp,39,53.0,52.0,56.0,50.0,59.0
2015-07,UF,RS,glp,845,45.0,40.0,49.0,32.0,57.5
2015-07,UF,SC,glp,233,48.0,42.0,50.0,37.0,55.0
2015-07,UF,SE,glp,68,45.0,38.7,47.0,35.0,48.0
2015-07,UF,SP,glp,2439,45.0,39.0,50.0,30.0,60.0
2015-07,UF,TO,glp,92,55.0,50.0,58.0,49.0,60.0
2015-08,BR,BR,glp,9398,46.0,40.0,55.0,29.99,70.0
2015-08,MUN,AC|CRUZEIRO DO SUL,glp,5,62.0,60.8,62.0,60.0,62.0
2015-08,MUN,AC|RIO BRANCO,glp,70,52.0,50.0,54.55,48.0,56.0
2015-08,MUN,AC|SENA MADUREIRA,glp,4,56.5,55.3,57.0,55.0,57.0
2015-08,MUN,AC|SENADOR GUIOMARD,glp,4,51.5,50.3,52.35,50.0,52.5
2015-08,MUN,AC|TARAUACA,glp,2,56.0,55.2,56.8,55.0,57.0
2015-08,MUN,AC|XAPURI,glp,2,58.5,57.3,59.7,57.0,60.0
2015-08,MUN,AL|ARAPIRACA,glp,17,42.0,37.6,43.2,37.0,45.0
2015-08,MUN,AL|ATALAIA,glp,1,40.0,40.0,40.0,40.0,40.0
2015-08,MUN,AL|DELMIRO GOUVEIA,glp,3,45.0,45.0,45.0,45.0,45.0
2015-08,MUN,AL|MACEIO,glp,55,45.0,45.0,45.0,45.0,45.0
2015-08,MUN,AL|MARECHAL DEODORO,glp,1,45.0,45.0,45.0,45.0,45.0
2015-08,MUN,AL|MESSIAS,glp,1,45.0,45.0,45.0,45.0,45.0
2015-08,MUN,AL|PALMEIRA DOS INDIOS,glp,5,37.0,37.0,41.8,37.0,45.0
2015-08,MUN,AL|RIO LARGO,glp,5,40.0,40.0,40.0,40.0,40.0
2015-08,MUN,AL|SANTANA DO IPANEMA,glp,7,42.0,35.0,45.0,35.0,45.0
2015-08,MUN,AM|HUMAITA,glp,3,50.0,50.0,50.0,50.0,50.0
2015-08,MUN,AM|ITACOATIARA,glp,16,55.0,53.0,55.0,53.0,55.0
2015-08,MUN,AM|MANACAPURU,glp,4,52.5,49.9,53.0,49.0,53.0
2015-08,MUN,AM|MANAUS,glp,347,47.0,44.0,49.0,41.0,58.0
2015-08,MUN,AM|PARINTINS,glp,1,46.5,46.5,46.5,46.5,46.5
2015-08,MUN,AM|PRESIDENTE FIGUEIREDO,glp,4,50.0,50.0,51.4,50.0,52.0
2015-08,MUN,AM|TEFE,glp,2,52.0,52.0,52.0,52.0,52.0
2015-08,MUN,AP|CALCOENE,glp,1,61.0,61.0,61.0,61.0,61.0
2015-08,MUN,AP|LARANJAL DO JARI,glp,2,57.0,54.6,59.4,54.0,60.0
2015-08,MUN,AP|MACAPA,glp,15,60.0,60.0,61.0,48.0,61.0
2015-08,MUN,AP|OIAPOQUE,glp,1,69.0,69.0,69.0,69.0,69.0
2015-08,MUN,AP|SANTANA,glp,6,57.5,55.0,60.5,55.0,61.0
2015-08,MUN,BA|ALAGOINHAS,glp,6,40.0,40.0,42.5,40.0,45.0
2015-08,MUN,BA|BARRA,glp,5,38.0,37.4,38.0,37.0,38.0
2015-08,MUN,BA|BARREIRAS,glp,16,43.0,43.0,50.0,43.0,50.0
2015-08,MUN,BA|BRUMADO,glp,5,40.0,35.0,40.0,35.0,40.0
2015-08,MUN,BA|CAETITE,glp,6,37.0,36.5,38.25,36.0,39.0
2015-08,MUN,BA|CAMACARI,glp,19,45.0,40.0,47.12,35.0,48.0
2015-08,MUN,BA|CAMPO FORMOSO,glp,2,37.5,35.5,39.5,35.0,40.0
2015-08,MUN,BA|CANDEIAS,glp,6,44.5,41.0,45.0,40.0,45.0
2015-08,MUN,BA|CAPIM GROSSO,glp,1,39.0,39.0,39.0,39.0,39.0
2015-08,MUN,BA|EUNAPOLIS,glp,12,45.0,44.0,46.0,44.0,46.0
2015-08,MUN,BA|FEIRA DE SANTANA,glp,26,42.0,38.0,44.0,33.5,44.0
2015-08,MUN,BA|GUANAMBI,glp,15,35.0,35.0,35.0,35.0,35.0
2015-08,MUN,BA|ILHEUS,glp,8,47.0,45.0,48.937,45.0,49.0
2015-08,MUN,BA|IPIRA,glp,5,40.0,40.0,41.2,40.0,42.0
2015-08,MUN,BA|IRECE,glp,14,35.0,35.0,40.0,35.0,40.0
2015-08,MUN,BA|ITABUNA,glp,9,44.0,41.6,45.0,40.0,45.0
2015-08,MUN,BA|ITAMARAJU,glp,4,40.0,40.0,40.0,40.0,40.0
2015-08,MUN,BA|JACOBINA,glp,5,45.0,45.0,45.0,45.0,45.0
2015-08,MUN,BA|JAGUAQUARA,glp,11,37.0,37.0,37.0,37.0,37.0
2015-08,MUN,BA|JEQUIE,glp,13,35.0,32.4,35.0,32.0,38.0
2015-08,MUN,BA|JUAZEIRO,glp,6,44.0,41.0,45.0,40.0,45.0
2015-08,MUN,BA|LAURO DE FREITAS,glp,18,43.0,39.4,48.0,34.0,49.5
2015-08,MUN,BA|LIVRAMENTO DE NOSSA SENHORA,glp,1,32.0,32.0,32.0,32.0,32.0
2015-08,MUN,BA|PAULO AFONSO,glp,4,43.0,40.9,44.4,40.0,45.0
2015-08,MUN,BA|POCOES,glp,8,35.0,35.0,35.6,35.0,37.0
2015-08,MUN,BA|PORTO SEGURO,glp,8,39.0,34.85,44.4,34.5,50.0
2015-08,MUN,BA|RUY BARBOSA,glp,5,45.0,45.0,45.0,45.0,45.0
2015-08,MUN,BA|SALVADOR,glp,153,43.0,35.0,46.8,30.0,49.0
2015-08,MUN,BA|SANTANOPOLIS,glp,1,44.0,44.0,44.0,44.0,44.0
2015-08,MUN,BA|SANTO ANTONIO DE JESUS,glp,15,45.0,45.0,45.0,45.0,45.0
2015-08,MUN,BA|SENHOR DO BONFIM,glp,8,40.0,38.0,41.5,38.0,45.0
2015-08,MUN,BA|SERRINHA,glp,6,39.0,38.0,40.0,38.0,40.0
2015-08,MUN,BA|SIMOES FILHO,glp,7,45.0,40.0,48.8,40.0,50.0
2015-08,MUN,BA|TEIXEIRA DE FREITAS,glp,6,40.0,38.5,42.5,38.0,45.0
2015-08,MUN,BA|VALENCA,glp,6,45.0,45.0,45.5,45.0,46.0
2015-08,MUN,BA|VARZEDO,glp,1,45.0,45.0,45.0,45.0,45.0
2015-08,MUN,BA|VITORIA DA CONQUISTA,glp,10,37.0,35.9,38.1,35.0,39.0
2015-08,MUN,CE|BEBERIBE,glp,1,50.0,50.0,50.0,50.0,50.0
2015-08,MUN,CE|CANINDE,glp,5,45.0,44.4,46.8,44.0,47.0
2015-08,MUN,CE|CAUCAIA,glp,25,50.0,50.0,52.0,49.9,53.0
2015-08,MUN,CE|CRATEUS,glp,5,48.0,45.4,49.6,45.0,50.0
2015-08,MUN,CE|CRATO,glp,13,47.0,45.2,48.0,44.0,48.0
2015-08,MUN,CE|FORTALEZA,glp,128,52.0,50.0,53.0,47.0,55.0
2015-08,MUN,CE|ICO,glp,5,46.0,45.0,46.6,45.0,47.0
2015-08,MUN,CE|IGUATU,glp,5,46.0,45.0,47.6,45.0,48.0
2015-08,MUN,CE|IPU,glp,2,45.5,44.3,46.7,44.0,47.0
2015-08,MUN,CE|ITAPIPOCA,glp,7,48.0,47.6,50.0,47.0,50.0
2015-08,MUN,CE|JUAZEIRO DO NORTE,glp,15,46.0,45.0,49.14,45.0,50.0
2015-08,MUN,CE|LIMOEIRO DO NORTE,glp,4,50.0,49.3,50.0,49.0,50.0
2015-08,MUN,CE|MARACANAU,glp,14,52.25,50.0,54.7,49.5,55.0
2015-08,MUN,CE|MORADA NOVA,glp,5,49.0,47.4,49.6,47.0,50.0
2015-08,MUN,CE|PEDRA BRANCA,glp,3,45.0,44.2,45.8,44.0,46.0
2015-08,MUN,CE|QUIXADA,glp,7,44.0,44.0,44.4,44.0,45.0
2015-08,MUN,CE|SOBRAL,glp,6,47.0,45.0,48.0,45.0,48.0
2015-08,MUN,DF|BRASILIA,glp,95,46.0,40.0,50.0,37.0,53.0
2015-08,MUN,ES|ARACRUZ,glp,8,41.25,39.4,43.0,38.0,43.0
2015-08,MUN,ES|BARRA DE SAO FRANCISCO,glp,4,44.0,44.0,44.7,44.0,45.0
2015-08,MUN,ES|CACHOEIRO DE ITAPEMIRIM,glp,16,40.0,39.45,42.5,38.995,45.0
2015-08,MUN,ES|CARIACICA,glp,44,46.0,45.0,47.0,45.0,47.0
2015-08,MUN,ES|CASTELO,glp,3,38.0,37.2,38.4,37.0,38.5
2015-08,MUN,ES|COLATINA,glp,8,38.0,36.0,40.6,36.0,42.0
2015-08,MUN,ES|GUARAPARI,glp,20,47.0,46.0,48.0,45.0,48.0
2015-08,MUN,ES|ITAPEMIRIM,glp,1,41.0,41.0,41.0,41.0,41.0
2015-08,MUN,ES|JAGUARE,glp,4,45.0,45.0,45.0,45.0,45.0
2015-08,MUN,ES|LINHARES,glp,12,45.0,40.0,47.9,39.0,48.0
2015-08,MUN,ES|MARATAIZES,glp,1,40.0,40.0,40.0,40.0,40.0
2015-08,MUN,ES|NOVA VENECIA,glp,3,33.0,33.0,33.0,33.0,33.0
2015-08,MUN,ES|SAO MATEUS,glp,11,42.5,40.0,46.0,39.9,47.0
2015-08,MUN,ES|SERRA,glp,70,46.0,45.0,47.0,44.0,48.0
2015-08,MUN,ES|VILA VELHA,glp,34,45.0,45.0,46.0,44.0,47.0
2015-08,MUN,ES|VITORIA,glp,12,46.0,46.0,47.0,45.0,48.0
2015-08,MUN,GO|AGUAS LINDAS DE GOIAS,glp,12,44.5,43.0,45.0,38.99,45.0
2015-08,MUN,GO|ANAPOLIS,glp,52,42.0,41.0,43.0,40.0,43.0
2015-08,MUN,GO|APARECIDA DE GOIANIA,glp,34,42.0,41.0,44.0,41.0,45.0
2015-08,MUN,GO|CALDAS NOVAS,glp,24,44.0,42.0,46.0,42.0,47.0
2015-08,MUN,GO|CATALAO,glp,13,44.0,40.4,44.8,40.0,45.0
2015-08,MUN,GO|FORMOSA,glp,19,45.0,42.0,45.0,42.0,47.0
2015-08,MUN,GO|GOIANIA,glp,89,42.0,41.0,44.0,40.0,45.0
2015-08,MUN,GO|GOIANIRA,glp,1,42.0,42.0,42.0,42.0,42.0
2015-08,MUN,GO|GOIATUBA,glp,11,46.0,46.0,46.0,45.0,48.0
2015-08,MUN,GO|ITUMBIARA,glp,17,46.0,45.0,48.0,45.0,50.0
2015-08,MUN,GO|JATAI,glp,19,47.0,44.0,53.0,44.0,55.0
2015-08,MUN,GO|LUZIANIA,glp,36,44.5,43.0,45.0,43.0,46.0
2015-08,MUN,GO|MINEIROS,glp,16,48.0,45.0,49.0,45.0,50.0
2015-08,MUN,GO|MORRINHOS,glp,15,42.0,42.0,44.0,39.9,45.0
2015-08,MUN,GO|PLANALTINA,glp,19,48.0,47.0,50.0,47.0,50.0
2015-08,MUN,GO|PONTALINA,glp,1,46.0,46.0,46.0,46.0,46.0
2015-08,MUN,GO|PORANGATU,glp,18,45.0,44.0,45.0,44.0,45.0
2015-08,MUN,GO|RIO VERDE,glp,22,45.25,44.1,46.9,44.0,47.0
2015-08,MUN,GO|TRINDADE,glp,31,42.0,40.0,43.0,40.0,43.0
2015-08,MUN,GO|VALPARAISO DE GOIAS,glp,11,45.0,44.0,46.0,42.0,46.0
2015-08,MUN,MA|ACAILANDIA,glp,4,52.25,50.6,52.85,50.0,53.0
2015-08,MUN,MA|BACABAL,glp,3,52.0,51.2,52.0,51.0,52.0
2015-08,MUN,MA|BALSAS,glp,3,50.0,50.0,50.0,50.0,50.0
2015-08,MUN,MA|BARRA DO CORDA,glp,7,52.0,51.2,53.0,50.0,53.0
2015-08,MUN,MA|CAROLINA,glp,3,52.5,50.5,54.5,50.0,55.0
2015-08,MUN,MA|CAXIAS,glp,2,52.5,52.5,52.5,52.5,52.5
2015-08,MUN,MA|CODO,glp,2,50.0,49.2,50.8,49.0,51.0
2015-08,MUN,MA|IMPERATRIZ,glp,37,50.0,49.0,50.0,45.0,50.0
2015-08,MUN,MA|PINHEIRO,glp,3,53.0,53.0,53.0,53.0,53.0
2015-08,MUN,MA|PRESIDENTE DUTRA,glp,3,55.0,51.0,55.0,50.0,55.0
2015-08,MUN,MA|SANTA INES,glp,4,52.5,51.65,53.0,51.5,53.0
2015-08,MUN,MA|SAO DOMINGOS DO MARANHAO,glp,2,45.5,45.1,45.9,45.0,46.0
2015-08,MUN,MA|SAO JOAO DOS PATOS,glp,3,55.0,55.0,55.0,55.0,55.0
2015-08,MUN,MA|SAO JOSE DE RIBAMAR,glp,9,46.5,45.0,50.0,45.0,50.0
2015-08,MUN,MA|SAO LUIS,glp,80,45.0,44.9,50.0,38.0,50.0
2015-08,MUN,MA|SAO VICENTE FERRER,glp,1,52.5,52.5,52.5,52.5,52.5
2015-08,MUN,MA|TIMON,glp,3,45.0,45.0,45.0,45.0,45.0
2015-08,MUN,MG|ALFENAS,glp,15,42.0,37.6,45.0,34.9,45.99
2015-08,MUN,MG|ARAGUARI,glp,16,48.0,48.0,50.0,45.0,50.0
2015-08,MUN,MG|ARAXA,glp,4,49.5,48.3,51.4,48.0,52.0
2015-08,MUN,MG|BARBACENA,glp,16,48.0,46.5,50.0,45.0,50.0
2015-08,MUN,MG|BELO HORIZONTE,glp,70,52.0,48.45,55.0,42.0,55.0
2015-08,MUN,MG|BETIM,glp,40,51.75,50.0,54.0,49.0,54.0
2015-08,MUN,MG|BOM DESPACHO,glp,3,50.0,50.0,50.0,50.0,50.0
2015-08,MUN,MG|CAMPO BELO,glp,8,40.5,38.85,43.6,38.5,45.0
2015-08,MUN,MG|CARATINGA,glp,4,43.75,43.15,45.4,43.0,46.0
2015-08,MUN,MG|CATAGUASES,glp,6,46.5,45.5,47.5,45.0,48.0
2015-08,MUN,MG|CONGONHAS,glp,8,47.0,46.7,47.3,46.0,48.0
2015-08,MUN,MG|CONSELHEIRO LAFAIETE,glp,8,45.0,45.0,45.0,45.0,45.0
2015-08,MUN,MG|CONTAGEM,glp,51,51.0,50.0,54.0,49.0,55.0
2015-08,MUN,MG|CORONEL FABRICIANO,glp,6,48.0,47.0,50.0,46.0,52.0
2015-08,MUN,MG|CURVELO,glp,10,45.5,44.0,50.0,44.0,50.0
2015-08,MUN,MG|DIAMANTINA,glp,4,52.0,50.6,54.1,50.0,55.0
2015-08,MUN,MG|DIVINOPOLIS,glp,19,45.0,40.0,47.0,40.0,48.0
2015-08,MUN,MG|FORMIGA,glp,7,49.0,47.6,49.0,47.0,49.0
2015-08,MUN,MG|FRUTAL,glp,4,45.475,42.9,45.985,42.0,46.0
2015-08,MUN,MG|GOVERNADOR VALADARES,glp,20,46.0,45.9,48.0,42.0,48.0
2015-08,MUN,MG|GUAXUPE,glp,9,44.95,44.576,45.0,43.9,45.0
2015-08,MUN,MG|IBIRITE,glp,10,50.5,50.0,54.0,50.0,54.0
2015-08,MUN,MG|IPATINGA,glp,16,45.5,45.0,48.0,42.0,49.0
2015-08,MUN,MG|ITABIRA,glp,5,52.0,52.0,53.0,52.0,53.0
2015-08,MUN,MG|ITAJUBA,glp,13,40.0,38.0,44.6,38.0,45.0
2015-08,MUN,MG|ITAUNA,glp,12,45.0,42.0,50.0,42.0,50.0
2015-08,MUN,MG|ITUIUTABA,glp,20,45.0,43.0,48.0,43.0,48.0
2015-08,MUN,MG|JANAUBA,glp,2,42.75,40.95,44.55,40.5,45.0
2015-08,MUN,MG|JANUARIA,glp,12,47.0,46.0,48.0,46.0,50.0
2015-08,MUN,MG|JOAO MONLEVADE,glp,7,46.0,45.0,48.0,45.0,48.0
2015-08,MUN,MG|JOAO PINHEIRO,glp,11,50.0,47.0,50.0,45.0,50.0
2015-08,MUN,MG|JUIZ DE FORA,glp,57,49.0,41.2,55.0,40.0,58.0
2015-08,MUN,MG|LAVRAS,glp,10,47.5,44.7,50.0,42.0,50.0
2015-08,MUN,MG|LEOPOLDINA,glp,5,48.0,47.0,48.0,47.0,48.0
2015-08,MUN,MG|MANHUACU,glp,6,45.0,45.0,47.0,45.0,47.0
2015-08,MUN,MG|MARIANA,glp,4,51.0,50.0,53.4,50.0,54.0
2015-08,MUN,MG|MONTE CARMELO,glp,11,55.0,51.5,55.0,50.0,56.5
2015-08,MUN,MG|MONTES CLAROS,glp,38,48.0,48.0,50.0,47.0,50.0
2015-08,MUN,MG|MURIAE,glp,4,46.75,45.3,47.85,45.0,48.0
2015-08,MUN,MG|NOVA LIMA,glp,10,51.0,49.9,54.0,49.0,54.0
2015-08,MUN,MG|OLIVEIRA,glp,9,40.0,39.0,42.2,39.0,43.0
2015-08,MUN,MG|OURO PRETO,glp,8,53.0,50.0,53.6,50.0,55.0
2015-08,MUN,MG|PARA DE MINAS,glp,10,48.0,47.0,49.5,47.0,49.5
2015-08,MUN,MG|PARACATU,glp,5,51.0,50.0,52.4,50.0,53.0
2015-08,MUN,MG|PASSOS,glp,16,46.0,45.0,48.0,45.0,48.0
2015-08,MUN,MG|PATOS DE MINAS,glp,19,50.0,48.0,50.0,48.0,55.0
2015-08,MUN,MG|PATROCINIO,glp,11,49.0,47.0,50.0,47.0,50.0
2015-08,MUN,MG|POCOS DE CALDAS,glp,21,44.0,42.0,44.0,42.0,44.1
2015-08,MUN,MG|POUSO ALEGRE,glp,17,41.5,39.6,45.0,39.0,46.5
2015-08,MUN,MG|RIBEIRAO DAS NEVES,glp,16,52.0,51.0,54.0,50.0,54.0
2015-08,MUN,MG|SABARA,glp,14,52.0,50.3,54.0,50.0,54.0
2015-08,MUN,MG|SANTA LUZIA,glp,19,52.0,50.0,54.2,50.0,55.0
2015-08,MUN,MG|SANTOS DUMONT,glp,5,45.0,42.4,48.0,42.0,48.0
2015-08,MUN,MG|SAO JOAO DEL REI,glp,15,50.0,47.4,52.0,45.0,52.0
2015-08,MUN,MG|SAO LOURENCO,glp,3,40.0,38.4,40.0,38.0,40.0
2015-08,MUN,MG|SAO SEBASTIAO DO PARAISO,glp,12,50.0,50.0,55.0,48.0,55.0
2015-08,MUN,MG|SETE LAGOAS,glp,15,50.0,49.0,51.6,48.0,52.0
2015-08,MUN,MG|TEOFILO OTONI,glp,17,43.0,40.0,48.2,39.0,49.0
2015-08,MUN,MG|TIMOTEO,glp,6,47.0,45.5,48.5,45.0,50.0
2015-08,MUN,MG|TRES CORACOES,glp,8,42.0,40.0,45.0,40.0,45.0
2015-08,MUN,MG|UBA,glp,7,55.0,53.8,56.898,52.0,57.495
2015-08,MUN,MG|UBERABA,glp,30,50.0,48.9,50.0,45.0,50.0
2015-08,MUN,MG|UBERLANDIA,glp,51,50.0,49.0,52.0,48.0,52.0
2015-08,MUN,MG|UNAI,glp,14,55.0,55.0,55.0,55.0,55.0
2015-08,MUN,MG|VARGINHA,glp,12,40.0,40.0,42.0,40.0,43.0
2015-08,MUN,MG|VESPASIANO,glp,11,52.0,50.0,54.0,49.0,54.0
2015-08,MUN,MG|VICOSA,glp,2,55.0,55.0,55.0,55.0,55.0
2015-08,MUN,MS|CAMPO GRANDE,glp,317,56.0,55.0,57.0,42.0,58.0
2015-08,MUN,MS|CORUMBA,glp,6,50.0,50.0,50.0,50.0,50.0
2015-08,MUN,MS|COXIM,glp,12,60.0,58.55,60.0,56.0,60.0
2015-08,MUN,MS|DOURADOS,glp,70,55.0,53.95,56.0,45.0,58.0
2015-08,MUN,MS|NOVA ANDRADINA,glp,10,55.0,53.85,55.0,52.5,55.0
2015-08,MUN,MS|PARANAIBA,glp,13,55.0,55.0,55.0,53.0,55.0
2015-08,MUN,MS|PONTA PORA,glp,5,46.0,45.0,52.4,45.0,54.0
2015-08,MUN,MS|TRES LAGOAS,glp,16,46.0,41.0,48.0,40.0,48.0
2015-08,MUN,MT|ALTA FLORESTA,glp,4,65.0,61.5,65.0,60.0,65.0
2015-08,MUN,MT|CACERES,glp,7,53.0,48.8,55.4,47.0,56.0
2015-08,MUN,MT|CUIABA,glp,162,60.0,57.0,65.0,52.0,70.0
2015-08,MUN,MT|RONDONOPOLIS,glp,13,60.0,58.4,60.0,58.0,62.0
2015-08,MUN,MT|SINOP,glp,14,60.0,59.0,60.7,58.0,61.0
2015-08,MUN,MT|SORRISO,glp,9,65.0,65.0,68.0,65.0,68.0
2015-08,MUN,MT|VARZEA GRANDE,glp,44,60.0,58.0,65.0,55.0,65.0
2015-08,MUN,PA|ABAETETUBA,glp,5,48.0,44.2,49.2,43.0,50.0
2015-08,MUN,PA|ALENQUER,glp,3,55.0,51.0,55.0,50.0,55.0
2015-08,MUN,PA|ALTAMIRA,glp,7,55.0,55.0,58.4,55.0,60.5
2015-08,MUN,PA|ANANINDEUA,glp,34,48.0,47.5,48.21,47.5,49.0
2015-08,MUN,PA|BELEM,glp,81,48.0,45.0,48.0,42.0,50.0
2015-08,MUN,PA|BRAGANCA,glp,5,50.0,48.0,50.0,48.0,50.0
2015-08,MUN,PA|BREVES,glp,2,54.0,53.2,54.8,53.0,55.0
2015-08,MUN,PA|CAMETA,glp,4,49.0,48.0,53.5,48.0,55.0
2015-08,MUN,PA|CASTANHAL,glp,14,48.0,48.0,49.7,48.0,50.0
2015-08,MUN,PA|CONCEICAO DO ARAGUAIA,glp,7,53.0,52.0,55.0,52.0,55.0
2015-08,MUN,PA|ITAITUBA,glp,6,62.0,55.0,62.5,55.0,63.0
2015-08,MUN,PA|MARABA,glp,8,55.0,53.5,55.0,50.0,55.0
2015-08,MUN,PA|PARAGOMINAS,glp,4,60.0,58.95,60.0,58.5,60.0
2015-08,MUN,PA|PARAUAPEBAS,glp,3,55.0,51.0,55.8,50.0,56.0
2015-08,MUN,PA|REDENCAO,glp,7,60.0,60.0,60.0,60.0,60.0
2015-08,MUN,PA|SANTAREM,glp,15,48.0,47.0,49.2,47.0,50.0
2015-08,MUN,PA|SAO CAETANO DE ODIVELAS,glp,1,48.0,48.0,48.0,48.0,48.0
2015-08,MUN,PA|TUCURUI,glp,4,55.0,52.9,55.0,52.0,55.0
2015-08,MUN,PA|XINGUARA,glp,4,60.0,59.65,60.0,59.5,60.0
2015-08,MUN,PB|BAYEUX,glp,5,45.0,40.8,45.0,40.0,45.0
2015-08,MUN,PB|CABEDELO,glp,7,45.0,42.0,45.0,42.0,45.0
2015-08,MUN,PB|CAMPINA GRANDE,glp,39,45.0,45.0,45.0,40.0,49.0
2015-08,MUN,PB|JOAO PESSOA,glp,50,42.0,40.0,45.0,39.0,45.0
2015-08,MUN,PB|MAMANGUAPE,glp,1,38.0,38.0,38.0,38.0,38.0
2015-08,MUN,PB|PATOS,glp,6,45.0,45.0,45.0,45.0,45.0
2015-08,MUN,PB|PIANCO,glp,1,45.0,45.0,45.0,45.0,45.0
2015-08,MUN,PB|SANTA RITA,glp,4,44.0,40.9,45.0,40.0,45.0
2015-08,MUN,PB|SAPE,glp,3,40.0,40.0,44.0,40.0,45.0
2015-08,MUN,PB|SOUSA,glp,4,38.0,38.0,39.4,38.0,40.0
2015-08,MUN,PE|ABREU E LIMA,glp,7,45.0,43.0,52.0,40.0,55.0
2015-08,MUN,PE|AFOGADOS DA INGAZEIRA,glp,1,48.0,48.0,48.0,48.0,48.0
2015-08,MUN,PE|AGUAS BELAS,glp,1,45.0,45.0,45.0,45.0,45.0
2015-08,MUN,PE|ARARIPINA,glp,3,46.0,42.8,47.6,42.0,48.0
2015-08,MUN,PE|ARCOVERDE,glp,2,45.0,45.0,45.0,45.0,45.0
2015-08,MUN,PE|BELO JARDIM,glp,4,45.0,40.45,45.0,38.5,45.0
2015-08,MUN,PE|BOM CONSELHO,glp,4,42.0,42.0,42.0,42.0,42.0
2015-08,MUN,PE|CABO DE SANTO AGOSTINHO,glp,11,45.0,40.0,45.0,40.0,52.5
2015-08,MUN,PE|CACHOEIRINHA,glp,1,35.0,35.0,35.0,35.0,35.0
2015-08,MUN,PE|CAMARAGIBE,glp,13,45.0,40.4,49.0,40.0,50.0
2015-08,MUN,PE|CARUARU,glp,23,40.0,35.0,42.5,34.99,45.0
2015-08,MUN,PE|GARANHUNS,glp,9,48.0,45.0,50.0,45.0,50.0
2015-08,MUN,PE|GOIANA,glp,4,41.75,38.6,51.55,38.0,55.0
2015-08,MUN,PE|GRAVATA,glp,5,45.0,45.0,45.0,45.0,45.0
2015-08,MUN,PE|IGARASSU,glp,15,49.0,45.0,50.0,45.0,50.0
2015-08,MUN,PE|JABOATAO DOS GUARARAPES,glp,41,45.0,40.0,47.5,40.0,50.0
2015-08,MUN,PE|LAJEDO,glp,5,38.0,37.7,40.6,37.5,42.0
2015-08,MUN,PE|MORENO,glp,1,50.0,50.0,50.0,50.0,50.0
2015-08,MUN,PE|OLINDA,glp,26,40.0,39.495,47.5,35.0,55.0
2015-08,MUN,PE|PAULISTA,glp,9,55.0,42.0,55.0,40.0,55.0
2015-08,MUN,PE|PETROLINA,glp,13,43.0,42.0,45.0,40.0,45.0
2015-08,MUN,PE|RECIFE,glp,85,45.0,40.0,50.0,35.0,55.0
2015-08,MUN,PE|SALGUEIRO,glp,3,50.0,50.0,50.0,50.0,50.0
2015-08,MUN,PE|SANTA CRUZ DO CAPIBARIBE,glp,4,40.0,39.3,40.0,39.0,40.0
2015-08,MUN,PE|SAO BENTO DO UNA,glp,2,38.0,38.0,38.0,38.0,38.0
2015-08,MUN,PE|SAO LOURENCO DA MATA,glp,12,41.25,39.1,44.4,38.0,45.0
2015-08,MUN,PE|SERRA TALHADA,glp,3,52.0,50.4,52.0,50.0,52.0
2015-08,MUN,PE|VITORIA DE SANTO ANTAO,glp,15,45.0,38.0,48.0,38.0,48.0
2015-08,MUN,PI|BARRAS,glp,2,53.0,53.0,53.0,53.0,53.0
2015-08,MUN,PI|CAMPO MAIOR,glp,4,53.0,53.0,53.0,53.0,53.0
2015-08,MUN,PI|OEIRAS,glp,2,50.0,50.0,50.0,50.0,50.0
2015-08,MUN,PI|PARNAIBA,glp,4,47.25,47.0,47.85,47.0,48.0
2015-08,MUN,PI|PICOS,glp,2,50.5,50.1,50.9,50.0,51.0
2015-08,MUN,PI|PIRIPIRI,glp,3,53.0,53.0,53.0,53.0,53.0
2015-08,MUN,PI|TERESINA,glp,68,45.0,45.0,50.0,43.0,50.0
2015-08,MUN,PR|ALMIRANTE TAMANDARE,glp,9,45.0,44.89,47.2,44.45,48.0
2015-08,MUN,PR|APUCARANA,glp,19,49.0,46.0,53.0,45.0,53.0
2015-08,MUN,PR|ARAPONGAS,glp,17,55.0,53.0,55.0,50.0,55.0
2015-08,MUN,PR|ARAUCARIA,glp,13,46.0,43.4,48.0,42.0,48.0
2015-08,MUN,PR|ASSIS CHATEAUBRIAND,glp,3,45.3,45.06,45.86,45.0,46.0
2015-08,MUN,PR|CAMBE,glp,25,51.0,49.4,54.6,47.5,55.0
2015-08,MUN,PR|CAMPO LARGO,glp,17,42.0,42.0,45.0,41.9,45.0
2015-08,MUN,PR|CAMPO MOURAO,glp,14,55.0,50.0,58.0,50.0,59.0
2015-08,MUN,PR|CASCAVEL,glp,59,55.0,54.8,56.0,54.0,56.0
2015-08,MUN,PR|CASTRO,glp,8,52.0,51.4,55.0,50.0,55.0
2015-08,MUN,PR|CIANORTE,glp,15,55.0,53.8,55.0,50.0,55.0
2015-08,MUN,PR|COLOMBO,glp,23,45.0,43.92,45.0,40.0,45.2
2015-08,MUN,PR|CORNELIO PROCOPIO,glp,6,48.5,48.0,51.0,48.0,52.0
2015-08,MUN,PR|CURITIBA,glp,119,46.0,43.0,50.0,39.0,52.0
2015-08,MUN,PR|CURIUVA,glp,1,50.0,50.0,50.0,50.0,50.0
2015-08,MUN,PR|FOZ DO IGUACU,glp,34,38.0,35.0,42.0,34.0,48.0
2015-08,MUN,PR|FRANCISCO BELTRAO,glp,6,45.5,42.75,46.0,42.0,46.0
2015-08,MUN,PR|GUARAPUAVA,glp,18,50.0,47.7,52.9,46.0,55.0
2015-08,MUN,PR|LARANJEIRAS DO SUL,glp,8,45.5,38.0,48.6,38.0,50.0
2015-08,MUN,PR|LONDRINA,glp,99,51.0,48.0,53.0,43.0,55.0
2015-08,MUN,PR|MARECHAL CANDIDO RONDON,glp,7,50.0,35.9,55.0,35.0,55.0
2015-08,MUN,PR|MARINGA,glp,42,58.0,55.0,60.0,55.0,60.0
2015-08,MUN,PR|PARANAGUA,glp,23,40.0,38.4,42.0,35.0,45.0
2015-08,MUN,PR|PARANAVAI,glp,10,60.0,57.9,63.2,57.0,65.0
2015-08,MUN,PR|PATO BRANCO,glp,11,53.0,52.45,59.9,51.5,59.9
2015-08,MUN,PR|PINHAIS,glp,16,45.75,43.5,48.0,40.0,48.0
2015-08,MUN,PR|PONTA GROSSA,glp,26,45.0,44.0,47.0,44.0,47.0
2015-08,MUN,PR|SANTO ANTONIO DA PLATINA,glp,14,48.0,43.6,49.7,43.0,50.0
2015-08,MUN,PR|SAO JOSE DOS PINHAIS,glp,17,43.0,38.07,46.2,36.0,48.0
2015-08,MUN,PR|TERRA BOA,glp,1,55.0,55.0,55.0,55.0,55.0
2015-08,MUN,PR|TOLEDO,glp,18,42.0,39.4,45.0,38.0,45.0
2015-08,MUN,PR|UMUARAMA,glp,15,54.0,53.4,55.0,50.0,55.0
2015-08,MUN,PR|UNIAO DA VITORIA,glp,4,52.0,49.9,52.0,49.0,52.0
2015-08,MUN,RJ|ANGRA DOS REIS,glp,4,45.0,45.0,45.0,45.0,45.0
2015-08,MUN,RJ|ARARUAMA,glp,5,45.0,36.998,46.8,35.0,48.0
2015-08,MUN,RJ|ARMACAO DOS BUZIOS,glp,1,46.9,46.9,46.9,46.9,46.9
2015-08,MUN,RJ|BARRA DO PIRAI,glp,2,45.0,41.0,49.0,40.0,50.0
2015-08,MUN,RJ|BARRA MANSA,glp,13,45.0,41.2,48.0,40.0,49.0
2015-08,MUN,RJ|BELFORD ROXO,glp,6,48.0,42.495,49.0,37.99,50.0
2015-08,MUN,RJ|CABO FRIO,glp,4,44.5,41.2,46.75,40.0,47.5
2015-08,MUN,RJ|CAMPOS DOS GOYTACAZES,glp,23,50.0,50.0,55.0,42.5,55.0
2015-08,MUN,RJ|DUQUE DE CAXIAS,glp,37,48.0,42.6,48.0,38.0,48.0
2015-08,MUN,RJ|ITABORAI,glp,4,39.5,38.3,40.0,38.0,40.0
2015-08,MUN,RJ|ITAGUAI,glp,3,39.9,38.3,39.9,37.9,39.9
2015-08,MUN,RJ|ITAPERUNA,glp,6,45.0,45.0,45.0,45.0,45.0
2015-08,MUN,RJ|MACAE,glp,4,43.0,43.0,44.4,43.0,45.0
2015-08,MUN,RJ|MAGE,glp,4,35.0,35.0,35.0,35.0,35.0
2015-08,MUN,RJ|MANGARATIBA,glp,1,39.9,39.9,39.9,39.9,39.9
2015-08,MUN,RJ|MARICA,glp,4,40.0,40.0,40.0,40.0,40.0
2015-08,MUN,RJ|NILOPOLIS,glp,4,46.0,46.0,48.8,46.0,50.0
2015-08,MUN,RJ|NITEROI,glp,7,43.0,42.0,45.0,42.0,45.0
2015-08,MUN,RJ|NOVA FRIBURGO,glp,6,53.0,52.5,53.5,52.0,54.0
2015-08,MUN,RJ|NOVA IGUACU,glp,24,47.25,40.0,50.7,37.495,52.0
2015-08,MUN,RJ|PARAIBA DO SUL,glp,3,45.0,41.0,45.0,40.0,45.0
2015-08,MUN,RJ|PARATY,glp,1,42.0,42.0,42.0,42.0,42.0
2015-08,MUN,RJ|PETROPOLIS,glp,7,49.9,49.0,52.52,49.0,54.8
2015-08,MUN,RJ|RESENDE,glp,6,42.5,41.0,45.0,40.0,45.0
2015-08,MUN,RJ|RIO BONITO,glp,4,42.0,42.0,42.0,42.0,42.0
2015-08,MUN,RJ|RIO DE JANEIRO,glp,83,40.0,32.99,46.98,29.99,51.5
2015-08,MUN,RJ|SANTO ANTONIO DE PADUA,glp,2,36.0,36.0,36.0,36.0,36.0
2015-08,MUN,RJ|SAO FRANCISCO DE ITABAPOANA,glp,2,51.5,48.7,54.3,48.0,55.0
2015-08,MUN,RJ|SAO GONCALO,glp,16,45.0,42.5,48.0,37.0,48.0
2015-08,MUN,RJ|SAO JOAO DE MERITI,glp,7,45.0,34.996,48.8,34.99,50.0
2015-08,MUN,RJ|SAPUCAIA,glp,2,45.5,43.5,47.5,43.0,48.0
2015-08,MUN,RJ|SAQUAREMA,glp,4,34.0,32.6,38.2,32.0,40.0
2015-08,MUN,RJ|TERESOPOLIS,glp,7,45.0,43.4,45.4,42.5,46.0
2015-08,MUN,RJ|TRES RIOS,glp,2,35.998,35.2,36.796,35.0,36.995
2015-08,MUN,RJ|VALENCA,glp,4,46.25,45.15,47.7,45.0,48.0
2015-08,MUN,RJ|VASSOURAS,glp,2,45.0,45.0,45.0,45.0,45.0
2015-08,MUN,RJ|VOLTA REDONDA,glp,8,46.0,41.7,48.3,41.0,49.0
2015-08,MUN,RN|CAICO,glp,4,44.0,43.3,44.7,43.0,45.0
2015-08,MUN,RN|CURRAIS NOVOS,glp,3,44.0,44.0,44.8,44.0,45.0
2015-08,MUN,RN|MOSSORO,glp,9,46.0,45.0,49.2,45.0,50.0
2015-08,MUN,RN|NATAL,glp,37,46.0,45.0,48.0,44.0,48.9
2015-08,MUN,RN|PARNAMIRIM,glp,9,46.0,45.0,46.4,45.0,48.0
2015-08,MUN,RN|SANTA CRUZ,glp,1,45.0,45.0,45.0,45.0,45.0
2015-08,MUN,RN|SAO JOSE DE MIPIBU,glp,3,45.0,45.0,46.2,45.0,46.5
2015-08,MUN,RO|ARIQUEMES,glp,4,55.0,55.0,56.4,55.0,57.0
2015-08,MUN,RO|CACOAL,glp,4,55.0,55.0,55.7,55.0,56.0
2015-08,MUN,RO|GUAJARA-MIRIM,glp,4,58.0,54.5,58.0,53.0,58.0
2015-08,MUN,RO|JI-PARANA,glp,13,55.0,53.0,59.6,53.0,60.0
2015-08,MUN,RO|PIMENTA BUENO,glp,4,55.5,55.0,56.0,55.0,56.0
2015-08,MUN,RO|PORTO VELHO,glp,52,45.0,45.0,48.0,43.0,50.0
2015-08,MUN,RO|SAO MIGUEL DO GUAPORE,glp,2,57.5,57.1,57.9,57.0,58.0
2015-08,MUN,RO|VILHENA,glp,7,58.0,57.0,59.4,57.0,60.0
2015-08,MUN,RR|BOA VISTA,glp,26,53.0,52.0,55.0,51.0,56.5
2015-08,MUN,RR|CANTA,glp,2,58.5,58.1,58.9,58.0,59.0
2015-08,MUN,RR|CARACARAI,glp,2,52.75,52.55,52.95,52.5,53.0
2015-08,MUN,RR|RORAINOPOLIS,glp,3,54.0,50.8,55.6,50.0,56.0
2015-08,MUN,RS|ALEGRETE,glp,10,37.0,35.0,40.0,35.0,40.0
2015-08,MUN,RS|ALVORADA,glp,14,46.0,40.6,50.0,40.0,52.0
2015-08,MUN,RS|BAGE,glp,26,45.0,45.0,47.5,43.0,48.0
2015-08,MUN,RS|BENTO GONCALVES,glp,10,49.0,46.0,49.3,46.0,52.0
2015-08,MUN,RS|CACAPAVA DO SUL,glp,13,48.0,48.0,48.4,46.0,49.0
2015-08,MUN,RS|CACHOEIRA DO SUL,glp,15,42.0,40.6,45.0,40.0,48.0
2015-08,MUN,RS|CACHOEIRINHA,glp,12,46.0,44.0,47.0,41.5,53.0
2015-08,MUN,RS|CANOAS,glp,32,44.0,40.0,47.0,38.0,48.0
2015-08,MUN,RS|CAXIAS DO SUL,glp,60,45.0,42.0,47.9,40.0,54.5
2015-08,MUN,RS|CHUI,glp,3,35.0,35.0,37.4,35.0,38.0
2015-08,MUN,RS|CRUZ ALTA,glp,9,36.0,33.0,38.0,33.0,38.0
2015-08,MUN,RS|ERECHIM,glp,23,48.0,46.5,50.0,45.5,55.0
2015-08,MUN,RS|ESTEIO,glp,10,44.0,42.0,44.1,42.0,45.0
2015-08,MUN,RS|GRAMADO,glp,7,48.0,45.2,48.0,44.0,48.0
2015-08,MUN,RS|GRAVATAI,glp,31,42.0,40.0,47.5,39.0,53.0
2015-08,MUN,RS|GUAIBA,glp,13,44.0,42.2,47.0,40.0,47.0
2015-08,MUN,RS|GUARANI DAS MISSOES,glp,1,40.0,40.0,40.0,40.0,40.0
2015-08,MUN,RS|IJUI,glp,14,46.0,44.0,49.0,44.0,49.0
2015-08,MUN,RS|JAGUARAO,glp,10,35.0,34.0,36.0,34.0,36.0
2015-08,MUN,RS|LAJEADO,glp,12,45.5,42.1,47.9,42.0,48.0
2015-08,MUN,RS|NOVO HAMBURGO,glp,22,44.0,42.0,46.9,42.0,48.0
2015-08,MUN,RS|OSORIO,glp,9,52.0,49.0,52.0,45.0,52.0
2015-08,MUN,RS|PALMEIRA DAS MISSOES,glp,6,45.0,44.0,47.0,43.0,47.0
2015-08,MUN,RS|PASSO FUNDO,glp,38,42.0,40.0,47.0,37.0,48.0
2015-08,MUN,RS|PELOTAS,glp,35,45.0,40.8,47.0,38.0,48.0
2015-08,MUN,RS|PORTAO,glp,1,45.0,45.0,45.0,45.0,45.0
2015-08,MUN,RS|PORTO ALEGRE,glp,55,46.0,43.0,52.9,41.9,54.5
2015-08,MUN,RS|RIO GRANDE,glp,33,40.0,40.0,42.0,37.0,43.0
2015-08,MUN,RS|SANTA CRUZ DO SUL,glp,19,44.0,42.0,46.2,42.0,51.0
2015-08,MUN,RS|SANTA MARIA,glp,79,44.0,42.0,47.0,41.0,52.0
2015-08,MUN,RS|SANTA ROSA,glp,6,41.0,40.0,44.0,40.0,45.0
2015-08,MUN,RS|SANTA VITORIA DO PALMAR,glp,10,40.0,35.9,42.1,35.0,43.0
2015-08,MUN,RS|SANTANA DO LIVRAMENTO,glp,16,45.0,45.0,45.0,44.0,45.0
2015-08,MUN,RS|SANTO ANGELO,glp,14,44.5,42.3,47.0,40.0,48.0
2015-08,MUN,RS|SAO BORJA,glp,5,45.0,45.0,45.0,45.0,45.0
2015-08,MUN,RS|SAO GABRIEL,glp,15,48.0,46.2,50.0,45.0,50.0
2015-08,MUN,RS|SAO LEOPOLDO,glp,19,42.0,39.8,45.0,38.0,46.0
2015-08,MUN,RS|SAO LUIZ GONZAGA,glp,5,40.0,40.0,40.0,40.0,40.0
2015-08,MUN,RS|SAPIRANGA,glp,11,46.0,45.0,46.0,45.0,47.0
2015-08,MUN,RS|SAPUCAIA DO SUL,glp,21,48.0,46.0,49.0,42.0,49.0
2015-08,MUN,RS|TORRES,glp,6,45.0,43.5,46.5,42.0,47.0
2015-08,MUN,RS|TRAMANDAI,glp,10,48.0,45.0,50.0,45.0,50.0
2015-08,MUN,RS|URUGUAIANA,glp,15,46.0,45.0,49.0,45.0,49.0
2015-08,MUN,RS|VACARIA,glp,7,45.0,42.4,46.0,40.0,46.0
2015-08,MUN,RS|VIAMAO,glp,18,48.0,45.0,52.0,43.0,57.5
2015-08,MUN,SC|ARARANGUA,glp,4,40.0,40.0,41.4,40.0,42.0
2015-08,MUN,SC|BALNEARIO CAMBORIU,glp,2,42.0,42.0,42.0,42.0,42.0
2015-08,MUN,SC|BIGUACU,glp,1,49.0,49.0,49.0,49.0,49.0
2015-08,MUN,SC|BLUMENAU,glp,21,48.0,46.0,50.0,42.0,55.0
2015-08,MUN,SC|BRUSQUE,glp,4,48.0,48.0,48.0,48.0,48.0
2015-08,MUN,SC|CACADOR,glp,4,48.0,48.0,49.4,48.0,50.0
2015-08,MUN,SC|CHAPECO,glp,17,50.0,48.0,52.0,48.0,53.0
2015-08,MUN,SC|CONCORDIA,glp,6,47.0,43.5,50.0,42.0,50.0
2015-08,MUN,SC|CRICIUMA,glp,14,42.25,38.3,44.4,37.0,48.0
2015-08,MUN,SC|FLORIANOPOLIS,glp,28,50.0,48.0,51.475,48.0,52.0
2015-08,MUN,SC|ITAJAI,glp,31,44.0,42.0,45.0,40.0,46.5
2015-08,MUN,SC|JARAGUA DO SUL,glp,5,44.0,43.1,46.8,43.0,48.0
2015-08,MUN,SC|JOINVILLE,glp,22,48.0,45.65,50.0,43.5,51.0
2015-08,MUN,SC|LAGES,glp,6,47.625,45.0,48.5,45.0,49.0
2015-08,MUN,SC|LAGUNA,glp,5,40.0,40.0,45.0,40.0,45.0
2015-08,MUN,SC|MAFRA,glp,7,48.0,46.9,53.8,46.9,55.0
2015-08,MUN,SC|PALHOCA,glp,9,49.0,48.0,49.2,48.0,50.0
2015-08,MUN,SC|SAO JOSE,glp,14,49.0,48.0,52.0,48.0,53.0
2015-08,MUN,SC|SAO MIGUEL DO OESTE,glp,2,45.95,45.91,45.99,45.9,46.0
2015-08,MUN,SC|TUBARAO,glp,5,40.0,40.0,42.0,40.0,42.0
2015-08,MUN,SC|VIDEIRA,glp,3,52.0,48.8,52.8,48.0,53.0
2015-08,MUN,SC|XANXERE,glp,6,49.0,47.0,51.5,47.0,52.0
2015-08,MUN,SE|ARACAJU,glp,30,46.0,39.0,47.0,37.0,48.0
2015-08,MUN,SE|ITABAIANA,glp,3,42.0,42.0,44.4,42.0,45.0
2015-08,MUN,SE|ITABAIANINHA,glp,3,45.0,45.0,45.0,45.0,45.0
2015-08,MUN,SE|LAGARTO,glp,4,38.5,37.45,41.65,37.0,43.0
2015-08,MUN,SE|NOSSA SENHORA DO SOCORRO,glp,9,45.0,42.8,46.2,42.0,47.0
2015-08,MUN,SE|SIMAO DIAS,glp,3,40.0,40.0,40.0,40.0,40.0
2015-08,MUN,SE|TOBIAS BARRETO,glp,4,45.0,45.0,45.0,45.0,45.0
2015-08,MUN,SP|ADAMANTINA,glp,11,54.0,49.0,54.0,49.0,54.0
2015-08,MUN,SP|AMERICANA,glp,24,50.0,45.0,55.0,40.0,55.0
2015-08,MUN,SP|AMPARO,glp,5,46.0,44.8,48.2,44.0,49.0
2015-08,MUN,SP|APIAI,glp,2,46.5,46.1,46.9,46.0,47.0
2015-08,MUN,SP|ARACATUBA,glp,53,45.0,43.2,48.0,38.0,50.0
2015-08,MUN,SP|ARARAQUARA,glp,21,48.0,45.0,55.0,38.0,56.0
2015-08,MUN,SP|ARARAS,glp,4,45.85,43.9,49.27,43.9,49.9
2015-08,MUN,SP|ASSIS,glp,12,40.5,40.0,42.0,38.0,42.0
2015-08,MUN,SP|ATIBAIA,glp,21,49.0,45.0,50.0,40.0,53.0
2015-08,MUN,SP|AVARE,glp,8,50.0,43.5,51.5,40.0,55.0
2015-08,MUN,SP|BARRETOS,glp,13,42.0,38.4,43.0,38.0,43.0
2015-08,MUN,SP|BARUERI,glp,30,45.0,40.9,50.2,40.0,52.0
2015-08,MUN,SP|BAURU,glp,61,49.0,43.0,53.0,40.0,55.0
2015-08,MUN,SP|BEBEDOURO,glp,14,45.0,40.9,45.7,40.0,47.0
2015-08,MUN,SP|BIRIGUI,glp,31,45.0,43.0,48.0,40.0,50.0
2015-08,MUN,SP|BOTUCATU,glp,16,32.5,30.0,37.5,30.0,40.0
2015-08,MUN,SP|BRAGANCA PAULISTA,glp,20,39.25,32.0,42.1,32.0,45.0
2015-08,MUN,SP|CACAPAVA,glp,17,40.0,31.8,45.8,30.0,48.0
2015-08,MUN,SP|CAMPINAS,glp,78,43.0,40.0,47.0,40.0,52.0
2015-08,MUN,SP|CAMPOS DO JORDAO,glp,8,38.0,35.0,40.6,35.0,42.0
2015-08,MUN,SP|CAPAO BONITO,glp,3,47.0,45.4,47.8,45.0,48.0
2015-08,MUN,SP|CARAGUATATUBA,glp,7,42.0,40.0,44.0,40.0,44.0
2015-08,MUN,SP|CARAPICUIBA,glp,25,41.99,39.992,44.99,37.99,48.0
2015-08,MUN,SP|CATANDUVA,glp,16,45.0,41.475,51.5,40.0,53.0
2015-08,MUN,SP|COSMOPOLIS,glp,9,50.0,47.4,52.0,45.0,52.0
2015-08,MUN,SP|COTIA,glp,11,43.0,38.0,45.0,37.99,49.0
2015-08,MUN,SP|CRUZEIRO,glp,11,39.0,35.0,40.0,30.0,40.0
2015-08,MUN,SP|CUBATAO,glp,6,50.0,46.5,50.0,45.0,50.0
2015-08,MUN,SP|DIADEMA,glp,30,43.5,40.0,46.2,35.99,50.0
2015-08,MUN,SP|DRACENA,glp,9,47.0,45.0,48.2,45.0,49.0
2015-08,MUN,SP|ELISIARIO,glp,1,48.0,48.0,48.0,48.0,48.0
2015-08,MUN,SP|EMBU DAS ARTES,glp,4,42.0,40.6,43.4,40.0,44.0
2015-08,MUN,SP|FERNANDOPOLIS,glp,1,40.0,40.0,40.0,40.0,40.0
2015-08,MUN,SP|FERRAZ DE VASCONCELOS,glp,11,36.0,34.99,40.0,34.99,45.0
2015-08,MUN,SP|FRANCA,glp,43,40.995,39.0,42.0,37.99,43.95
2015-08,MUN,SP|FRANCISCO MORATO,glp,12,48.0,44.0,49.0,40.0,50.0
2015-08,MUN,SP|FRANCO DA ROCHA,glp,5,46.5,41.2,47.6,40.0,48.0
2015-08,MUN,SP|GARCA,glp,8,44.0,39.7,45.9,39.0,48.0
2015-08,MUN,SP|GUARATINGUETA,glp,13,40.0,36.36,48.0,34.0,51.9
2015-08,MUN,SP|GUARUJA,glp,12,43.5,38.191,52.0,37.99,52.0
2015-08,MUN,SP|GUARULHOS,glp,35,40.0,35.0,49.6,34.99,50.0
2015-08,MUN,SP|HORTOLANDIA,glp,21,45.0,42.99,50.0,41.99,55.0
2015-08,MUN,SP|IBITINGA,glp,8,45.0,41.4,45.0,40.0,45.0
2015-08,MUN,SP|INDAIATUBA,glp,23,45.0,40.4,45.0,40.0,50.0
2015-08,MUN,SP|ITANHAEM,glp,12,40.0,39.1,44.9,35.0,46.0
2015-08,MUN,SP|ITAPECERICA DA SERRA,glp,6,45.0,44.0,47.5,43.0,50.0
2015-08,MUN,SP|ITAPETININGA,glp,17,43.0,39.536,47.07,35.0,48.0
2015-08,MUN,SP|ITAPEVA,glp,5,44.0,41.8,47.0,41.0,48.0
2015-08,MUN,SP|ITAPEVI,glp,5,43.0,42.396,47.392,42.0,48.99
2015-08,MUN,SP|ITAPIRA,glp,4,44.5,41.2,45.0,40.0,45.0
2015-08,MUN,SP|ITAPOLIS,glp,13,48.0,47.0,49.2,46.0,50.0
2015-08,MUN,SP|ITAQUAQUECETUBA,glp,13,40.0,35.6,43.8,35.0,48.0
2015-08,MUN,SP|ITATIBA,glp,11,45.0,45.0,48.9,45.0,49.0
2015-08,MUN,SP|ITU,glp,11,40.0,38.0,45.0,37.9,49.9
2015-08,MUN,SP|JABOTICABAL,glp,21,43.0,40.0,49.99,35.0,52.0
2015-08,MUN,SP|JACAREI,glp,13,44.5,36.4,48.0,36.0,48.0
2015-08,MUN,SP|JALES,glp,7,40.0,40.0,40.0,40.0,40.0
2015-08,MUN,SP|JANDIRA,glp,12,45.0,43.0,49.7,36.995,50.0
2015-08,MUN,SP|JAU,glp,10,55.0,54.5,55.0,50.0,55.0
2015-08,MUN,SP|JOSE BONIFACIO,glp,13,45.0,42.0,45.998,40.0,46.0
2015-08,MUN,SP|JUNDIAI,glp,16,44.0,40.0,49.45,40.0,50.0
2015-08,MUN,SP|LEME,glp,16,40.0,39.0,46.0,38.0,49.0
2015-08,MUN,SP|LIMEIRA,glp,17,45.0,41.8,48.8,33.99,55.0
2015-08,MUN,SP|LINS,glp,18,45.0,45.0,46.95,45.0,48.0
2015-08,MUN,SP|LORENA,glp,12,40.0,34.2,43.35,34.0,45.0
2015-08,MUN,SP|MARILIA,glp,13,47.0,43.6,47.0,42.0,48.0
2015-08,MUN,SP|MATAO,glp,10,49.0,44.99,51.1,44.9,52.0
2015-08,MUN,SP|MAUA,glp,35,47.5,42.0,49.27,39.0,52.0
2015-08,MUN,SP|MIRASSOL,glp,13,45.0,42.0,46.4,38.0,47.0
2015-08,MUN,SP|MOCOCA,glp,12,45.0,45.0,45.9,45.0,46.0
2015-08,MUN,SP|MOGI DAS CRUZES,glp,31,47.0,40.0,49.9,35.0,52.0
2015-08,MUN,SP|MOGI GUACU,glp,15,45.0,42.0,45.0,42.0,45.0
2015-08,MUN,SP|MOGI MIRIM,glp,8,41.0,40.0,44.1,40.0,49.0
2015-08,MUN,SP|MONTE ALTO,glp,11,46.0,40.0,47.5,39.9,47.5
2015-08,MUN,SP|OLIMPIA,glp,11,33.0,33.0,38.0,33.0,38.0
2015-08,MUN,SP|OSASCO,glp,76,42.995,39.995,49.5,37.99,59.99
2015-08,MUN,SP|OURINHOS,glp,15,45.0,40.8,47.0,39.0,50.0
2015-08,MUN,SP|PARAGUACU PAULISTA,glp,11,50.0,48.0,50.0,45.0,50.0
2015-08,MUN,SP|PAULINIA,glp,17,40.0,38.6,45.0,38.0,48.0
2015-08,MUN,SP|PINDAMONHANGABA,glp,18,38.0,37.0,44.0,36.9,45.0
2015-08,MUN,SP|PIRACICABA,glp,30,54.5,50.0,56.1,45.0,58.0
2015-08,MUN,SP|PIRASSUNUNGA,glp,7,39.0,37.92,43.2,37.8,45.0
2015-08,MUN,SP|POA,glp,8,45.0,38.0,46.6,38.0,48.0
2015-08,MUN,SP|PORTO FERREIRA,glp,7,35.0,33.8,37.2,32.0,39.0
2015-08,MUN,SP|PRAIA GRANDE,glp,22,48.5,42.0,58.2,40.0,60.0
2015-08,MUN,SP|PRESIDENTE PRUDENTE,glp,30,47.0,42.4,54.1,38.0,55.0
2015-08,MUN,SP|PRESIDENTE VENCESLAU,glp,9,40.0,37.4,45.4,37.0,47.0
2015-08,MUN,SP|RIBEIRAO PIRES,glp,12,42.498,41.9,46.0,40.0,46.05
2015-08,MUN,SP|RIBEIRAO PRETO,glp,54,53.0,46.65,56.0,45.0,56.0
2015-08,MUN,SP|RIO CLARO,glp,7,43.0,41.0,43.8,38.0,45.0
2015-08,MUN,SP|SALTO,glp,16,42.0,40.0,46.0,37.5,49.9
2015-08,MUN,SP|SANTA BARBARA D'OESTE,glp,20,45.0,40.0,48.0,40.0,53.0
2015-08,MUN,SP|SANTA CRUZ DO RIO PARDO,glp,13,43.5,41.2,45.0,40.0,45.0
2015-08,MUN,SP|SANTO ANDRE,glp,41,47.0,40.0,53.0,37.995,55.0
2015-08,MUN,SP|SANTOS,glp,35,48.0,43.198,52.3,40.0,59.9
2015-08,MUN,SP|SAO BERNARDO DO CAMPO,glp,50,47.45,42.0,53.19,38.99,60.0
2015-08,MUN,SP|SAO CAETANO DO SUL,glp,5,50.0,48.2,56.8,47.0,58.0
2015-08,MUN,SP|SAO CARLOS,glp,23,47.9,47.9,52.0,45.0,55.0
2015-08,MUN,SP|SAO JOAO DA BOA VISTA,glp,10,45.5,43.0,47.0,43.0,47.0
2015-08,MUN,SP|SAO JOAQUIM DA BARRA,glp,9,50.0,45.0,50.0,45.0,50.0
2015-08,MUN,SP|SAO JOSE DO RIO PRETO,glp,97,45.0,43.0,48.0,38.0,52.0
2015-08,MUN,SP|SAO JOSE DOS CAMPOS,glp,42,43.5,39.0,48.0,35.0,50.0
2015-08,MUN,SP|SAO PAULO,glp,207,42.99,39.99,50.4,36.99,58.0
2015-08,MUN,SP|SAO ROQUE,glp,13,43.0,42.0,46.52,40.0,48.0
2015-08,MUN,SP|SAO VICENTE,glp,48,48.0,41.7,52.0,37.99,53.0
2015-08,MUN,SP|SERTAOZINHO,glp,14,43.0,40.0,46.0,38.0,46.0
2015-08,MUN,SP|SOROCABA,glp,28,45.0,41.485,48.6,40.0,53.0
2015-08,MUN,SP|SUMARE,glp,23,45.0,40.0,48.0,35.0,50.0
2015-08,MUN,SP|SUZANO,glp,20,46.0,40.0,46.55,39.0,47.0
2015-08,MUN,SP|TABOAO DA SERRA,glp,6,44.0,40.0,47.0,38.0,47.0
2015-08,MUN,SP|TATUI,glp,7,50.0,49.54,51.8,49.0,53.0
2015-08,MUN,SP|TAUBATE,glp,37,40.0,37.0,45.0,35.0,46.5
2015-08,MUN,SP|TUPA,glp,6,50.0,50.0,50.0,50.0,50.0
2015-08,MUN,SP|UBATUBA,glp,11,40.0,37.0,45.0,33.0,48.0
2015-08,MUN,SP|VALINHOS,glp,10,50.0,47.45,52.0,47.0,52.0
2015-08,MUN,SP|VARZEA PAULISTA,glp,11,40.0,36.0,40.0,33.0,46.0
2015-08,MUN,SP|VINHEDO,glp,6,49.0,48.0,51.5,48.0,52.0
2015-08,MUN,SP|VOTORANTIM,glp,17,47.0,45.0,49.0,40.0,53.0
2015-08,MUN,SP|VOTUPORANGA,glp,16,42.0,40.5,45.0,40.0,50.0
2015-08,MUN,TO|ARAGUAINA,glp,13,60.0,53.4,60.0,50.0,62.0
2015-08,MUN,TO|DIANOPOLIS,glp,3,54.0,49.2,54.8,48.0,55.0
2015-08,MUN,TO|GURUPI,glp,34,53.0,53.0,55.0,50.0,60.0
2015-08,MUN,TO|PALMAS,glp,25,58.0,57.0,58.0,57.0,58.0
2015-08,MUN,TO|PARAISO DO TOCANTINS,glp,11,50.0,50.0,53.0,50.0,55.0
2015-08,MUN,TO|PORTO NACIONAL,glp,7,50.0,49.6,50.0,49.0,50.0
2015-08,UF,AC,glp,87,52.0,50.0,57.0,48.0,62.0
2015-08,UF,AL,glp,95,45.0,40.0,45.0,35.0,45.0
2015-08,UF,AM,glp,377,47.0,44.45,50.0,41.0,58.0
2015-08,UF,AP,glp,25,60.0,55.0,61.0,48.0,69.0
2015-08,UF,BA,glp,451,42.0,35.0,46.0,30.0,50.0
2015-08,UF,CE,glp,250,50.0,45.0,53.0,44.0,55.0
2015-08,UF,DF,glp,95,46.0,40.0,50.0,37.0,53.0
2015-08,UF,ES,glp,251,46.0,40.0,47.0,33.0,48.0
2015-08,UF,GO,glp,460,44.0,41.0,47.0,38.99,55.0
2015-08,UF,MA,glp,169,50.0,45.0,52.5,38.0,55.0
2015-08,UF,MG,glp,954,49.0,42.0,54.0,34.9,58.0
2015-08,UF,MS,glp,449,56.0,53.0,57.0,40.0,60.0
2015-08,UF,MT,glp,253,60.0,56.2,65.0,47.0,70.0
2015-08,UF,PA,glp,214,48.0,47.5,56.0,42.0,63.0
2015-08,UF,PB,glp,120,45.0,40.0,45.0,38.0,49.0
2015-08,UF,PE,glp,322,45.0,40.0,50.0,34.99,55.0
2015-08,UF,PI,glp,85,45.0,45.0,52.2,43.0,53.0
2015-08,UF,PR,glp,717,49.0,42.0,55.66,34.0,65.0
2015-08,UF,RJ,glp,322,45.0,35.0,50.0,29.99,55.0
2015-08,UF,RN,glp,66,45.5,44.5,48.0,43.0,50.0
2015-08,UF,RO,glp,90,47.5,45.0,58.0,43.0,60.0
2015-08,UF,RR,glp,33,53.0,52.0,56.0,50.0,59.0
2015-08,UF,RS,glp,800,45.0,40.0,49.0,33.0,57.5
2015-08,UF,SC,glp,216,48.0,42.0,50.275,37.0,55.0
2015-08,UF,SE,glp,56,45.0,39.0,47.0,37.0,48.0
2015-08,UF,SP,glp,2348,45.0,39.99,50.0,30.0,60.0
2015-08,UF,TO,glp,93,55.0,50.0,58.0,48.0,62.0
2015-09,BR,BR,glp,6166,55.0,46.0,63.0,35.0,80.0
2015-09,MUN,AC|CRUZEIRO DO SUL,glp,9,68.0,61.6,68.8,60.0,72.0
2015-09,MUN,AC|RIO BRANCO,glp,83,55.0,52.6,58.0,50.0,63.0
2015-09,MUN,AL|ARAPIRACA,glp,5,45.0,45.0,48.0,45.0,50.0
2015-09,MUN,AL|MACEIO,glp,56,55.0,55.0,55.0,55.0,55.0
2015-09,MUN,AL|PALMEIRA DOS INDIOS,glp,5,55.0,55.0,55.0,55.0,55.0
2015-09,MUN,AM|ITACOATIARA,glp,19,56.5,54.0,60.0,53.0,60.0
2015-09,MUN,AM|MANACAPURU,glp,5,57.0,57.0,57.0,57.0,57.0
2015-09,MUN,AM|MANAUS,glp,257,50.0,48.0,51.7,44.0,62.0
2015-09,MUN,AM|PARINTINS,glp,1,50.0,50.0,50.0,50.0,50.0
2015-09,MUN,AP|CALCOENE,glp,1,61.0,61.0,61.0,61.0,61.0
2015-09,MUN,AP|LARANJAL DO JARI,glp,1,69.0,69.0,69.0,69.0,69.0
2015-09,MUN,AP|MACAPA,glp,17,68.0,64.6,69.0,58.0,69.0
2015-09,MUN,AP|SANTANA,glp,7,66.0,60.1,67.4,55.0,68.0
2015-09,MUN,BA|ALAGOINHAS,glp,3,49.0,48.2,53.0,48.0,54.0
2015-09,MUN,BA|BARREIRAS,glp,8,53.0,53.0,53.0,53.0,53.0
2015-09,MUN,BA|CAMACARI,glp,18,51.0,47.7,55.3,45.0,57.0
2015-09,MUN,BA|CANDEIAS,glp,5,45.0,43.5,50.8,42.5,53.0
2015-09,MUN,BA|CENTRAL,glp,1,37.0,37.0,37.0,37.0,37.0
2015-09,MUN,BA|FEIRA DE SANTANA,glp,22,43.45,40.0,44.0,40.0,45.0
2015-09,MUN,BA|GUANAMBI,glp,15,40.0,40.0,40.0,40.0,40.0
2015-09,MUN,BA|ILHEUS,glp,9,54.0,45.0,56.6,45.0,59.0
2015-09,MUN,BA|IRECE,glp,6,41.0,39.5,45.0,39.0,45.0
2015-09,MUN,BA|ITABUNA,glp,9,54.0,49.6,56.0,48.0,56.0
2015-09,MUN,BA|JEQUIE,glp,6,38.25,37.0,41.5,37.0,43.0
2015-09,MUN,BA|JUAZEIRO,glp,11,50.0,47.0,50.0,45.0,50.0
2015-09,MUN,BA|LAURO DE FREITAS,glp,16,50.0,46.0,51.0,45.0,55.0
2015-09,MUN,BA|SALVADOR,glp,235,48.5,41.4,54.0,36.0,57.0
2015-09,MUN,BA|SIMOES FILHO,glp,7,50.0,47.6,51.2,47.0,53.0
2015-09,MUN,BA|VALENCA,glp,5,55.0,55.0,55.0,55.0,55.0
2015-09,MUN,BA|VITORIA DA CONQUISTA,glp,7,44.5,35.0,45.0,35.0,45.0
2015-09,MUN,CE|CAUCAIA,glp,22,62.0,60.0,63.0,57.5,65.5
2015-09,MUN,CE|FORTALEZA,glp,96,59.5,58.0,63.0,56.0,65.0
2015-09,MUN,CE|ICO,glp,3,55.0,55.0,55.8,55.0,56.0
2015-09,MUN,CE|IGUATU,glp,3,56.0,55.2,56.0,55.0,56.0
2015-09,MUN,CE|JUAZEIRO DO NORTE,glp,10,57.0,54.9,58.0,54.0,58.0
2015-09,MUN,CE|MARACANAU,glp,10,62.0,59.5,65.0,55.0,65.0
2015-09,MUN,CE|SOBRAL,glp,7,56.0,45.6,59.0,45.0,59.0
2015-09,MUN,DF|BRASILIA,glp,83,55.0,50.0,60.0,47.0,65.0
2015-09,MUN,ES|CACHOEIRO DE ITAPEMIRIM,glp,15,48.0,45.0,51.8,45.0,55.0
2015-09,MUN,ES|CARIACICA,glp,44,55.5,55.0,57.0,45.0,60.0
2015-09,MUN,ES|GUARAPARI,glp,20,51.0,46.0,56.0,46.0,56.5
2015-09,MUN,ES|MARATAIZES,glp,1,45.0,45.0,45.0,45.0,45.0
2015-09,MUN,ES|SERRA,glp,139,52.0,49.0,58.0,45.0,60.0
2015-09,MUN,ES|VILA VELHA,glp,51,49.0,45.0,56.0,44.0,57.0
2015-09,MUN,ES|VITORIA,glp,25,55.0,49.0,59.6,48.0,60.0
2015-09,MUN,GO|AGUAS LINDAS DE GOIAS,glp,1,49.0,49.0,49.0,49.0,49.0
2015-09,MUN,GO|ANAPOLIS,glp,33,50.0,49.0,50.0,49.0,52.0
2015-09,MUN,GO|APARECIDA DE GOIANIA,glp,50,52.0,41.9,53.1,41.0,55.0
2015-09,MUN,GO|CALDAS NOVAS,glp,11,58.0,56.0,60.0,56.0,60.0
2015-09,MUN,GO|CATALAO,glp,8,54.0,53.7,55.0,53.0,55.0
2015-09,MUN,GO|FORMOSA,glp,11,56.0,55.0,57.0,54.0,57.0
2015-09,MUN,GO|GOIANIA,glp,85,55.0,52.4,58.0,46.0,58.0
2015-09,MUN,GO|GOIANIRA,glp,1,58.0,58.0,58.0,58.0,58.0
2015-09,MUN,GO|ITUMBIARA,glp,10,59.0,45.9,60.0,45.0,60.0
2015-09,MUN,GO|JATAI,glp,19,57.0,56.0,63.0,55.0,63.0
2015-09,MUN,GO|RIO VERDE,glp,14,57.5,56.0,58.0,56.0,58.0
2015-09,MUN,MA|IMPERATRIZ,glp,51,60.0,50.0,62.5,50.0,65.0
2015-09,MUN,MA|PRESIDENTE DUTRA,glp,3,65.0,57.0,65.0,55.0,65.0
2015-09,MUN,MA|SAO JOSE DE RIBAMAR,glp,5,50.0,48.8,50.0,48.0,50.0
2015-09,MUN,MA|SAO LUIS,glp,86,50.0,45.0,50.0,40.0,55.0
2015-09,MUN,MA|TIMON,glp,3,55.0,55.0,55.0,55.0,55.0
2015-09,MUN,MG|ARAGUARI,glp,8,60.0,55.7,60.0,48.0,60.0
2015-09,MUN,MG|BELO HORIZONTE,glp,42,60.0,52.1,65.0,48.0,65.0
2015-09,MUN,MG|BETIM,glp,18,55.25,50.0,60.3,50.0,63.0
2015-09,MUN,MG|CAMPO BELO,glp,8,45.0,42.75,48.6,41.0,50.0
2015-09,MUN,MG|CONTAGEM,glp,44,57.0,51.0,62.0,50.0,68.0
2015-09,MUN,MG|FORMIGA,glp,7,54.0,50.8,55.8,46.0,57.0
2015-09,MUN,MG|GOVERNADOR VALADARES,glp,9,57.0,55.0,57.0,55.0,57.0
2015-09,MUN,MG|IBIRITE,glp,1,52.0,52.0,52.0,52.0,52.0
2015-09,MUN,MG|ITUIUTABA,glp,19,58.0,52.8,58.0,50.0,58.0
2015-09,MUN,MG|JUIZ DE FORA,glp,56,55.0,50.0,62.0,45.0,65.0
2015-09,MUN,MG|MONTES CLAROS,glp,35,60.0,59.0,60.0,59.0,60.0
2015-09,MUN,MG|OLIVEIRA,glp,4,43.0,39.6,45.0,39.0,45.0
2015-09,MUN,MG|PATOS DE MINAS,glp,6,64.0,61.5,65.0,60.0,65.0
2015-09,MUN,MG|POUSO ALEGRE,glp,9,46.0,40.0,53.0,40.0,55.0
2015-09,MUN,MG|SETE LAGOAS,glp,15,54.0,52.0,55.0,51.0,56.0
2015-09,MUN,MG|TEOFILO OTONI,glp,17,55.0,52.0,60.0,52.0,60.0
2015-09,MUN,MG|UBERABA,glp,40,50.0,49.0,50.0,45.0,50.0
2015-09,MUN,MG|UBERLANDIA,glp,26,60.0,58.0,62.0,56.0,64.0
2015-09,MUN,MG|UNAI,glp,9,65.0,65.0,65.0,65.0,65.0
2015-09,MUN,MS|CAMPO GRANDE,glp,465,60.0,56.0,61.0,52.0,65.0
2015-09,MUN,MS|CORUMBA,glp,5,60.0,60.0,60.0,60.0,60.0
2015-09,MUN,MS|DOURADOS,glp,37,65.0,59.6,68.0,55.0,69.0
2015-09,MUN,MS|NOVA ANDRADINA,glp,1,69.0,69.0,69.0,69.0,69.0
2015-09,MUN,MS|TRES LAGOAS,glp,11,50.0,50.0,50.0,50.0,55.0
2015-09,MUN,MT|CUIABA,glp,164,70.0,62.3,75.0,52.0,75.0
2015-09,MUN,MT|RONDONOPOLIS,glp,12,74.5,73.0,75.0,70.0,75.0
2015-09,MUN,MT|SINOP,glp,16,76.5,75.0,80.0,75.0,80.0
2015-09,MUN,MT|VARZEA GRANDE,glp,42,70.0,65.0,75.0,58.0,75.0
2015-09,MUN,PA|ANANINDEUA,glp,30,58.0,55.0,60.0,50.0,60.0
2015-09,MUN,PA|BELEM,glp,82,58.0,56.0,58.0,45.0,60.0
2015-09,MUN,PA|MARABA,glp,7,68.0,66.8,68.0,65.0,68.0
2015-09,MUN,PA|SANTAREM,glp,25,55.0,52.0,56.0,52.0,60.0
2015-09,MUN,PB|CAMPINA GRANDE,glp,39,50.0,50.0,53.0,50.0,55.0
2015-09,MUN,PB|JOAO PESSOA,glp,24,40.0,40.0,45.0,39.0,45.0
2015-09,MUN,PB|PATOS,glp,3,50.0,50.0,54.0,50.0,55.0
2015-09,MUN,PB|PIANCO,glp,1,55.0,55.0,55.0,55.0,55.0
2015-09,MUN,PB|SOUSA,glp,4,45.0,42.9,46.75,42.0,47.5
2015-09,MUN,PE|ARARIPINA,glp,4,55.0,51.5,55.0,50.0,55.0
2015-09,MUN,PE|CARUARU,glp,14,45.0,41.497,46.0,40.0,46.5
2015-09,MUN,PE|GARANHUNS,glp,7,55.0,54.6,57.0,54.0,60.0
2015-09,MUN,PE|JABOATAO DOS GUARARAPES,glp,47,53.0,50.0,55.0,49.0,55.0
2015-09,MUN,PE|MORENO,glp,1,57.5,57.5,57.5,57.5,57.5
2015-09,MUN,PE|PAULISTA,glp,12,55.0,50.5,60.0,50.0,60.0
2015-09,MUN,PE|PETROLINA,glp,22,50.0,48.0,50.0,45.0,50.0
2015-09,MUN,PE|RECIFE,glp,96,50.5,50.0,55.0,48.99,59.5
2015-09,MUN,PI|PARNAIBA,glp,4,53.75,51.8,55.0,51.5,55.0
2015-09,MUN,PI|PICOS,glp,2,60.0,60.0,60.0,60.0,60.0
2015-09,MUN,PI|TERESINA,glp,62,50.0,50.0,55.0,50.0,60.0
2015-09,MUN,PR|APUCARANA,glp,18,55.0,53.28,60.0,49.5,60.0
2015-09,MUN,PR|ASSIS CHATEAUBRIAND,glp,1,42.0,42.0,42.0,42.0,42.0
2015-09,MUN,PR|CAMPO MOURAO,glp,12,57.5,55.0,67.7,54.9,68.0
2015-09,MUN,PR|CASCAVEL,glp,93,65.0,65.0,66.0,64.0,67.0
2015-09,MUN,PR|CURITIBA,glp,156,55.0,48.0,59.0,41.0,65.0
2015-09,MUN,PR|FOZ DO IGUACU,glp,31,45.0,42.0,50.0,42.0,53.0
2015-09,MUN,PR|GUARAPUAVA,glp,14,55.0,52.0,63.5,48.0,65.0
2015-09,MUN,PR|JESUITAS,glp,1,42.0,42.0,42.0,42.0,42.0
2015-09,MUN,PR|LONDRINA,glp,102,58.0,55.0,60.0,50.0,65.0
2015-09,MUN,PR|MARINGA,glp,35,68.0,65.0,70.0,64.0,70.0
2015-09,MUN,PR|PONTA GROSSA,glp,35,55.0,50.0,59.8,48.0,66.0
2015-09,MUN,PR|RAMILANDIA,glp,1,42.0,42.0,42.0,42.0,42.0
2015-09,MUN,PR|SAO JOSE DOS PINHAIS,glp,17,53.0,46.6,58.8,44.0,60.0
2015-09,MUN,PR|TOLEDO,glp,1,42.0,42.0,42.0,42.0,42.0
2015-09,MUN,PR|UMUARAMA,glp,17,63.5,62.0,65.0,58.5,66.0
2015-09,MUN,RJ|ARARUAMA,glp,6,44.0,43.0,46.5,43.0,48.0
2015-09,MUN,RJ|BARRA MANSA,glp,12,55.0,48.2,58.0,48.0,59.0
2015-09,MUN,RJ|BELFORD ROXO,glp,6,53.5,46.0,55.0,44.0,55.0
2015-09,MUN,RJ|CAMPOS DOS GOYTACAZES,glp,23,60.0,60.0,65.0,47.5,65.0
2015-09,MUN,RJ|DUQUE DE CAXIAS,glp,36,50.0,48.0,55.0,42.0,58.0
2015-09,MUN,RJ|MACAE,glp,5,65.0,52.6,65.0,51.0,65.0
2015-09,MUN,RJ|MARICA,glp,3,50.0,50.0,50.0,50.0,50.0
2015-09,MUN,RJ|NITEROI,glp,14,42.0,42.0,45.0,40.0,45.0
2015-09,MUN,RJ|NOVA FRIBURGO,glp,6,65.0,65.0,65.0,65.0,65.0
2015-09,MUN,RJ|NOVA IGUACU,glp,21,50.0,42.0,55.0,35.0,55.0
2015-09,MUN,RJ|PETROPOLIS,glp,7,59.9,50.0,60.0,50.0,60.0
2015-09,MUN,RJ|RIO DE JANEIRO,glp,67,50.0,40.0,58.0,38.0,61.9
2015-09,MUN,RJ|SAO GONCALO,glp,27,45.0,43.0,48.0,37.0,50.0
2015-09,MUN,RJ|TERESOPOLIS,glp,8,54.5,51.4,55.3,50.0,56.0
2015-09,MUN,RJ|VALENCA,glp,4,56.0,55.3,56.7,55.0,57.0
2015-09,MUN,RJ|VOLTA REDONDA,glp,10,56.5,51.99,59.3,51.9,62.0
2015-09,MUN,RN|MOSSORO,glp,9,52.5,47.9,55.0,47.5,55.0
2015-09,MUN,RN|NATAL,glp,41,55.0,50.0,55.0,50.0,58.0
2015-09,MUN,RN|PARNAMIRIM,glp,16,55.5,55.0,56.5,55.0,58.0
2015-09,MUN,RN|SANTA CRUZ,glp,1,58.0,58.0,58.0,58.0,58.0
2015-09,MUN,RO|CACOAL,glp,8,65.0,64.4,65.0,63.0,65.0
2015-09,MUN,RO|JI-PARANA,glp,23,57.0,53.2,62.9,53.0,65.0
2015-09,MUN,RO|PORTO VELHO,glp,62,55.0,53.65,57.0,47.0,60.0
2015-09,MUN,RR|BOA VISTA,glp,29,58.0,55.0,60.0,55.0,62.0
2015-09,MUN,RS|BENTO GONCALVES,glp,3,62.0,57.2,62.0,56.0,62.0
2015-09,MUN,RS|CANOAS,glp,18,55.0,47.8,58.0,45.0,65.0
2015-09,MUN,RS|CAXIAS DO SUL,glp,52,52.0,48.1,56.99,45.0,60.0
2015-09,MUN,RS|GRAVATAI,glp,12,51.0,48.0,53.9,48.0,55.0
2015-09,MUN,RS|NOVO HAMBURGO,glp,20,54.0,46.8,56.0,45.0,58.0
2015-09,MUN,RS|PASSO FUNDO,glp,33,48.0,45.0,50.4,40.0,55.0
2015-09,MUN,RS|PELOTAS,glp,25,49.0,45.0,55.0,40.0,58.0
2015-09,MUN,RS|PORTAO,glp,1,45.0,45.0,45.0,45.0,45.0
2015-09,MUN,RS|PORTO ALEGRE,glp,34,55.5,50.6,63.63,49.0,68.0
2015-09,MUN,RS|SANTA MARIA,glp,88,51.0,48.7,57.0,45.0,60.0
2015-09,MUN,RS|SAO GABRIEL,glp,16,56.0,51.0,60.0,50.0,60.0
2015-09,MUN,RS|SAO LEOPOLDO,glp,10,51.5,50.0,54.5,50.0,59.0
2015-09,MUN,SC|BIGUACU,glp,3,50.0,50.0,62.0,50.0,65.0
2015-09,MUN,SC|BLUMENAU,glp,7,60.0,60.0,60.0,60.0,60.0
2015-09,MUN,SC|BRUSQUE,glp,6,58.0,58.0,59.0,58.0,60.0
2015-09,MUN,SC|CRICIUMA,glp,9,48.0,48.0,50.3,48.0,51.5
2015-09,MUN,SC|FLORIANOPOLIS,glp,17,55.0,50.6,57.0,50.0,58.0
2015-09,MUN,SC|ITAJAI,glp,14,45.0,43.6,51.4,43.0,55.0
2015-09,MUN,SC|JARAGUA DO SUL,glp,6,50.975,47.25,56.0,45.0,58.0
2015-09,MUN,SC|JOINVILLE,glp,5,55.0,50.6,57.4,49.0,59.0
2015-09,MUN,SC|PALHOCA,glp,3,52.0,50.4,54.4,50.0,55.0
2015-09,MUN,SC|SAO JOSE,glp,6,47.0,44.0,49.725,43.0,51.45
2015-09,MUN,SE|ARACAJU,glp,39,46.0,42.0,47.2,40.0,55.0
2015-09,MUN,SE|ITABAIANA,glp,3,52.0,51.2,54.4,51.0,55.0
2015-09,MUN,SE|NOSSA SENHORA DO SOCORRO,glp,12,54.25,45.2,55.0,35.0,55.0
2015-09,MUN,SP|AMERICANA,glp,19,50.0,47.4,62.0,45.0,62.0
2015-09,MUN,SP|ARACATUBA,glp,52,50.0,45.0,52.5,38.0,55.0
2015-09,MUN,SP|ARARAQUARA,glp,19,60.0,51.98,65.0,50.0,65.0
2015-09,MUN,SP|ASSIS,glp,9,50.0,49.3,50.0,48.5,50.0
2015-09,MUN,SP|BARUERI,glp,27,50.0,45.594,58.2,41.0,60.0
2015-09,MUN,SP|BAURU,glp,59,56.5,52.0,62.0,46.9,62.0
2015-09,MUN,SP|BEBEDOURO,glp,9,55.0,50.0,55.0,50.0,55.0
2015-09,MUN,SP|BIRIGUI,glp,20,53.0,50.0,55.0,50.0,55.0
2015-09,MUN,SP|CAMPINAS,glp,42,50.0,47.05,55.0,45.0,60.0
2015-09,MUN,SP|CARAPICUIBA,glp,11,47.99,45.0,49.99,44.99,53.0
2015-09,MUN,SP|CUBATAO,glp,6,56.5,52.5,60.0,50.0,60.0
2015-09,MUN,SP|DIADEMA,glp,30,49.995,42.9,53.191,40.0,55.0
2015-09,MUN,SP|FRANCA,glp,47,48.0,45.0,50.0,42.9,52.0
2015-09,MUN,SP|GUARUJA,glp,16,48.0,45.0,55.0,43.9,58.0
2015-09,MUN,SP|GUARULHOS,glp,37,45.0,40.0,52.6,40.0,55.0
2015-09,MUN,SP|ITAQUAQUECETUBA,glp,1,44.0,44.0,44.0,44.0,44.0
2015-09,MUN,SP|JACAREI,glp,12,50.0,48.0,56.64,46.0,58.0
2015-09,MUN,SP|JANDIRA,glp,9,50.0,47.4,55.0,45.0,55.0
2015-09,MUN,SP|JUNDIAI,glp,8,51.0,50.0,56.035,50.0,58.45
2015-09,MUN,SP|LIMEIRA,glp,19,50.0,45.0,55.0,45.0,55.0
2015-09,MUN,SP|MARILIA,glp,6,53.0,50.0,53.0,48.0,53.0
2015-09,MUN,SP|MAUA,glp,31,55.0,48.0,57.0,42.0,58.0
2015-09,MUN,SP|MIRASSOL,glp,1,53.0,53.0,53.0,53.0,53.0
2015-09,MUN,SP|MOGI DAS CRUZES,glp,35,50.0,44.0,55.0,40.0,56.5
2015-09,MUN,SP|OSASCO,glp,60,50.0,47.99,55.0,44.99,68.945
2015-09,MUN,SP|PATROCINIO PAULISTA,glp,1,48.0,48.0,48.0,48.0,48.0
2015-09,MUN,SP|PIRACICABA,glp,20,55.0,52.9,65.0,50.0,65.0
2015-09,MUN,SP|POA,glp,8,50.0,47.1,53.0,45.0,53.0
2015-09,MUN,SP|PRAIA GRANDE,glp,34,50.0,42.297,61.4,40.0,68.0
2015-09,MUN,SP|PRESIDENTE PRUDENTE,glp,26,56.0,49.95,62.75,45.0,63.0
2015-09,MUN,SP|RIBEIRAO PIRES,glp,12,48.0,44.91,53.0,44.9,53.0
2015-09,MUN,SP|RIBEIRAO PRETO,glp,63,56.0,50.1,60.0,46.0,60.0
2015-09,MUN,SP|SANTA BARBARA D'OESTE,glp,26,50.0,48.0,54.0,45.0,57.0
2015-09,MUN,SP|SANTO ANDRE,glp,41,53.0,46.0,63.0,43.9,63.0
2015-09,MUN,SP|SANTOS,glp,35,55.5,45.2,61.8,43.0,66.9
2015-09,MUN,SP|SAO BERNARDO DO CAMPO,glp,39,53.0,47.6,58.198,43.0,65.0
2015-09,MUN,SP|SAO CAETANO DO SUL,glp,5,55.0,55.0,61.0,55.0,65.0
2015-09,MUN,SP|SAO CARLOS,glp,22,55.0,51.9,60.0,50.0,63.0
2015-09,MUN,SP|SAO JOSE DO RIO PRETO,glp,50,53.0,48.9,55.0,45.0,60.0
2015-09,MUN,SP|SAO JOSE DOS CAMPOS,glp,33,52.0,45.4,57.6,42.0,60.0
2015-09,MUN,SP|SAO PAULO,glp,209,50.0,43.998,57.596,40.0,62.0
2015-09,MUN,SP|SAO ROQUE,glp,6,52.5,48.0,54.0,48.0,55.0
2015-09,MUN,SP|SAO VICENTE,glp,48,50.0,44.35,62.0,43.99,62.0
2015-09,MUN,SP|SOROCABA,glp,19,47.5,43.7,51.3,42.5,56.5
2015-09,MUN,SP|TAUBATE,glp,13,50.0,42.6,55.0,40.0,55.0
2015-09,MUN,TO|GURUPI,glp,36,65.0,61.5,68.0,55.0,68.0
2015-09,MUN,TO|PALMAS,glp,26,73.0,72.0,75.0,72.0,75.0
2015-09,MUN,TO|PORTO NACIONAL,glp,8,60.0,50.0,60.0,50.0,60.0
2015-09,UF,AC,glp,92,55.25,53.0,60.9,50.0,72.0
2015-09,UF,AL,glp,66,55.0,55.0,55.0,45.0,55.0
2015-09,UF,AM,glp,282,50.0,48.0,53.45,44.0,62.0
2015-09,UF,AP,glp,26,68.0,61.0,69.0,55.0,69.0
2015-09,UF,BA,glp,383,48.0,40.0,54.0,35.0,59.0
2015-09,UF,CE,glp,151,59.5,56.0,63.0,45.0,65.5
2015-09,UF,DF,glp,83,55.0,50.0,60.0,47.0,65.0
2015-09,UF,ES,glp,295,54.0,47.0,57.0,44.0,60.0
2015-09,UF,GO,glp,243,55.0,48.6,58.0,41.0,63.0
2015-09,UF,MA,glp,148,50.0,45.0,60.0,40.0,65.0
2015-09,UF,MG,glp,373,56.0,49.2,62.0,39.0,68.0
2015-09,UF,MS,glp,519,60.0,56.0,62.0,50.0,69.0
2015-09,UF,MT,glp,234,70.0,65.0,75.0,52.0,80.0
2015-09,UF,PA,glp,144,56.25,53.0,59.7,45.0,68.0
2015-09,UF,PB,glp,71,50.0,40.0,52.5,39.0,55.0
2015-09,UF,PE,glp,203,50.0,48.198,55.0,40.0,60.0
2015-09,UF,PI,glp,68,50.0,50.0,55.0,50.0,60.0
2015-09,UF,PR,glp,534,56.75,49.15,66.0,41.0,70.0
2015-09,UF,RJ,glp,255,50.0,42.0,60.0,35.0,65.0
2015-09,UF,RN,glp,67,55.0,50.0,56.0,47.5,58.0
2015-09,UF,RO,glp,93,55.0,53.6,63.0,47.0,65.0
2015-09,UF,RR,glp,29,58.0,55.0,60.0,55.0,62.0
2015-09,UF,RS,glp,312,52.0,47.0,58.0,40.0,68.0
2015-09,UF,SC,glp,76,51.75,45.0,60.0,43.0,65.0
2015-09,UF,SE,glp,54,47.0,42.3,55.0,35.0,55.0
2015-09,UF,SP,glp,1295,50.0,45.0,59.0,38.0,68.945
2015-09,UF,TO,glp,70,65.0,60.0,73.0,50.0,75.0
2015-10,BR,BR,glp,6175,55.0,47.0,65.0,36.0,80.0
2015-10,MUN,AC|CRUZEIRO DO SUL,glp,7,68.0,66.8,68.0,65.0,68.0
2015-10,MUN,AC|RIO BRANCO,glp,66,56.0,54.25,60.0,52.0,64.5
2015-10,MUN,AL|ARAPIRACA,glp,10,45.0,41.8,50.0,40.0,50.0
2015-10,MUN,AL|DELMIRO GOUVEIA,glp,2,55.0,55.0,55.0,55.0,55.0
2015-10,MUN,AL|MACEIO,glp,54,55.0,55.0,55.0,55.0,55.0
2015-10,MUN,AL|MESSIAS,glp,1,55.0,55.0,55.0,55.0,55.0
2015-10,MUN,AL|PALMEIRA DOS INDIOS,glp,5,55.0,55.0,55.0,55.0,55.0
2015-10,MUN,AL|SANTANA DO IPANEMA,glp,3,55.0,55.0,55.0,55.0,55.0
2015-10,MUN,AL|SAO JOSE DA LAJE,glp,1,55.0,55.0,55.0,55.0,55.0
2015-10,MUN,AM|ITACOATIARA,glp,10,59.0,57.8,60.0,56.0,60.0
2015-10,MUN,AM|MANACAPURU,glp,5,57.0,57.0,57.6,57.0,58.0
2015-10,MUN,AM|MANAUS,glp,258,50.0,48.0,51.0,45.0,53.5
2015-10,MUN,AM|PARINTINS,glp,2,51.0,50.2,51.8,50.0,52.0
2015-10,MUN,AM|TEFE,glp,2,60.0,60.0,60.0,60.0,60.0
2015-10,MUN,AP|LARANJAL DO JARI,glp,1,69.0,69.0,69.0,69.0,69.0
2015-10,MUN,AP|MACAPA,glp,21,68.0,67.0,69.0,58.0,69.0
2015-10,MUN,AP|SANTANA,glp,7,65.0,62.5,67.4,61.0,68.0
2015-10,MUN,BA|ALAGOINHAS,glp,3,48.0,48.0,48.0,48.0,48.0
2015-10,MUN,BA|BARREIRAS,glp,6,53.0,53.0,53.0,53.0,53.0
2015-10,MUN,BA|BRUMADO,glp,5,50.0,49.1,53.0,48.5,53.0
2015-10,MUN,BA|CAETITE,glp,6,45.0,44.0,45.0,43.0,45.0
2015-10,MUN,BA|CAMACARI,glp,19,50.0,46.6,55.2,43.0,57.9
2015-10,MUN,BA|CANDEIAS,glp,5,50.0,45.0,51.8,45.0,53.0
2015-10,MUN,BA|CENTRAL,glp,1,37.0,37.0,37.0,37.0,37.0
2015-10,MUN,BA|FEIRA DE SANTANA,glp,31,43.9,40.0,44.0,40.0,48.9
2015-10,MUN,BA|GUANAMBI,glp,15,40.0,40.0,40.0,40.0,40.0
2015-10,MUN,BA|ILHEUS,glp,7,53.0,48.0,55.0,45.0,55.0
2015-10,MUN,BA|IRECE,glp,6,41.0,39.5,45.0,39.0,45.0
2015-10,MUN,BA|ITABUNA,glp,8,50.0,48.5,55.0,45.0,55.0
2015-10,MUN,BA|JEQUIE,glp,10,40.0,37.0,43.0,37.0,43.0
2015-10,MUN,BA|JUAZEIRO,glp,16,47.5,45.0,50.0,45.0,50.0
2015-10,MUN,BA|LAURO DE FREITAS,glp,17,50.0,45.6,50.8,43.0,55.0
2015-10,MUN,BA|SALVADOR,glp,181,50.0,40.0,55.0,36.0,58.0
2015-10,MUN,BA|SANTANOPOLIS,glp,1,44.0,44.0,44.0,44.0,44.0
2015-10,MUN,BA|SIMOES FILHO,glp,7,50.0,47.6,51.2,47.0,53.0
2015-10,MUN,BA|VALENCA,glp,5,55.0,55.0,55.0,55.0,55.0
2015-10,MUN,BA|VITORIA DA CONQUISTA,glp,8,47.0,45.0,48.0,45.0,48.0
2015-10,MUN,CE|CAUCAIA,glp,20,61.0,59.5,63.0,55.0,65.0
2015-10,MUN,CE|CRATEUS,glp,3,58.0,58.0,59.6,58.0,60.0
2015-10,MUN,CE|CRATO,glp,14,58.0,55.6,59.7,55.0,60.0
2015-10,MUN,CE|FORTALEZA,glp,112,61.5,60.0,64.0,58.0,65.0
2015-10,MUN,CE|ICO,glp,4,56.75,56.0,57.85,56.0,58.0
2015-10,MUN,CE|IGUATU,glp,4,55.5,55.0,57.4,55.0,58.0
2015-10,MUN,CE|JUAZEIRO DO NORTE,glp,19,58.0,55.8,61.2,55.0,63.0
2015-10,MUN,CE|MARACANAU,glp,15,65.0,62.0,65.0,60.0,65.0
2015-10,MUN,CE|MISSAO VELHA,glp,1,60.0,60.0,60.0,60.0,60.0
2015-10,MUN,CE|SOBRAL,glp,7,56.0,54.0,56.0,54.0,56.0
2015-10,MUN,DF|BRASILIA,glp,83,56.0,50.0,60.0,48.0,65.0
2015-10,MUN,ES|ARACRUZ,glp,9,53.0,46.2,55.0,43.0,55.0
2015-10,MUN,ES|BARRA DE SAO FRANCISCO,glp,4,58.0,56.95,58.7,56.5,59.0
2015-10,MUN,ES|CACHOEIRO DE ITAPEMIRIM,glp,16,47.5,45.0,50.0,45.0,52.5
2015-10,MUN,ES|CARIACICA,glp,55,57.0,55.0,59.0,50.0,60.0
2015-10,MUN,ES|COLATINA,glp,8,48.5,46.85,50.9,46.5,53.0
2015-10,MUN,ES|GUARAPARI,glp,20,60.0,55.9,65.0,55.0,65.0
2015-10,MUN,ES|MARATAIZES,glp,1,45.0,45.0,45.0,45.0,45.0
2015-10,MUN,ES|SERRA,glp,139,58.0,49.0,60.0,45.0,60.0
2015-10,MUN,ES|VILA VELHA,glp,17,52.0,51.0,53.9,50.5,59.0
2015-10,MUN,ES|VITORIA,glp,19,55.0,49.4,62.6,48.0,65.0
2015-10,MUN,GO|AGUAS LINDAS DE GOIAS,glp,1,49.0,49.0,49.0,49.0,49.0
2015-10,MUN,GO|ANAPOLIS,glp,34,50.0,49.0,50.7,49.0,52.0
2015-10,MUN,GO|APARECIDA DE GOIANIA,glp,33,53.0,52.0,54.8,51.0,55.0
2015-10,MUN,GO|CALDAS NOVAS,glp,11,58.0,56.0,60.0,56.0,60.0
2015-10,MUN,GO|CATALAO,glp,9,54.0,50.0,55.0,50.0,55.0
2015-10,MUN,GO|FORMOSA,glp,11,56.0,55.0,57.0,54.0,57.0
2015-10,MUN,GO|GOIANIA,glp,78,55.0,55.0,58.0,52.0,58.0
2015-10,MUN,GO|GOIANIRA,glp,1,58.0,58.0,58.0,58.0,58.0
2015-10,MUN,GO|ITUMBIARA,glp,6,59.5,52.5,60.0,46.0,60.0
2015-10,MUN,GO|JATAI,glp,19,57.0,56.0,63.0,55.0,63.0
2015-10,MUN,GO|LUZIANIA,glp,16,55.0,53.0,55.0,53.0,57.0
2015-10,MUN,GO|RIO VERDE,glp,14,57.5,56.0,58.0,56.0,58.0
2015-10,MUN,GO|TRINDADE,glp,19,55.0,53.6,55.0,52.0,56.0
2015-10,MUN,MA|ACAILANDIA,glp,4,65.0,61.5,67.1,60.0,68.0
2015-10,MUN,MA|BARRA DO CORDA,glp,4,57.5,57.0,62.9,57.0,65.0
2015-10,MUN,MA|CANDIDO MENDES,glp,1,45.0,45.0,45.0,45.0,45.0
2015-10,MUN,MA|IMPERATRIZ,glp,45,55.0,50.0,60.0,50.0,60.0
2015-10,MUN,MA|PRESIDENTE DUTRA,glp,3,62.5,60.5,64.5,60.0,65.0
2015-10,MUN,MA|SAO JOSE DE RIBAMAR,glp,11,48.0,45.0,50.0,45.0,55.0
2015-10,MUN,MA|SAO LUIS,glp,59,48.0,45.0,50.0,45.0,55.0
2015-10,MUN,MA|TIMON,glp,3,50.0,50.0,50.0,50.0,50.0
2015-10,MUN,MG|ARAGUARI,glp,7,60.0,59.0,60.0,59.0,60.0
2015-10,MUN,MG|BELO HORIZONTE,glp,40,60.5,54.8,65.0,49.0,68.0
2015-10,MUN,MG|BETIM,glp,15,62.0,60.0,66.8,60.0,68.5
2015-10,MUN,MG|CAMPO BELO,glp,8,47.75,46.05,50.0,45.0,50.0
2015-10,MUN,MG|CONTAGEM,glp,26,62.0,60.0,64.0,60.0,66.0
2015-10,MUN,MG|FORMIGA,glp,7,55.0,54.3,57.0,54.0,58.5
2015-10,MUN,MG|GOVERNADOR VALADARES,glp,8,56.5,55.0,57.0,55.0,57.0
2015-10,MUN,MG|GUAXUPE,glp,5,49.0,48.9,49.96,48.9,50.0
2015-10,MUN,MG|IBIRITE,glp,1,62.0,62.0,62.0,62.0,62.0
2015-10,MUN,MG|ITABIRA,glp,5,64.0,62.8,65.0,62.0,65.0
2015-10,MUN,MG|ITUIUTABA,glp,19,58.0,52.4,58.0,50.0,58.0
2015-10,MUN,MG|JUIZ DE FORA,glp,53,55.0,50.0,61.6,48.0,65.0
2015-10,MUN,MG|MONTE CARMELO,glp,9,50.0,48.8,55.0,48.0,55.0
2015-10,MUN,MG|MONTES CLAROS,glp,36,60.0,59.0,60.0,59.0,60.0
2015-10,MUN,MG|OLIVEIRA,glp,6,52.0,49.0,55.0,49.0,55.0
2015-10,MUN,MG|PATOS DE MINAS,glp,6,64.0,61.5,65.0,60.0,65.0
2015-10,MUN,MG|POCOS DE CALDAS,glp,19,56.0,52.0,56.0,52.0,56.0
2015-10,MUN,MG|POUSO ALEGRE,glp,6,41.0,40.0,44.25,40.0,46.5
2015-10,MUN,MG|SETE LAGOAS,glp,16,54.0,52.0,55.5,51.0,56.0
2015-10,MUN,MG|TEOFILO OTONI,glp,17,55.0,52.0,60.0,51.75,65.0
2015-10,MUN,MG|TRES CORACOES,glp,8,50.0,47.0,55.0,47.0,55.0
2015-10,MUN,MG|UBERABA,glp,24,50.0,49.0,50.0,48.0,50.0
2015-10,MUN,MG|UBERLANDIA,glp,25,60.0,58.0,62.0,56.0,64.0
2015-10,MUN,MG|UNAI,glp,9,65.0,65.0,65.0,65.0,65.0
2015-10,MUN,MG|VARGINHA,glp,13,50.0,50.0,52.4,48.0,54.0
2015-10,MUN,MS|CAMPO GRANDE,glp,372,65.0,62.0,67.0,58.0,68.0
2015-10,MUN,MS|CORUMBA,glp,5,60.0,60.0,60.0,60.0,60.0
2015-10,MUN,MS|COXIM,glp,6,70.0,69.5,70.0,69.0,70.0
2015-10,MUN,MS|DOURADOS,glp,30,65.0,60.0,68.0,55.0,69.0
2015-10,MUN,MS|NOVA ANDRADINA,glp,1,69.0,69.0,69.0,69.0,69.0
2015-10,MUN,MS|TRES LAGOAS,glp,9,50.0,49.8,50.0,49.0,50.0
2015-10,MUN,MT|CACERES,glp,8,70.0,70.0,70.6,70.0,72.0
2015-10,MUN,MT|CUIABA,glp,149,70.0,65.0,75.0,63.0,80.0
2015-10,MUN,MT|RONDONOPOLIS,glp,12,74.5,73.0,75.0,70.0,75.0
2015-10,MUN,MT|SINOP,glp,16,76.25,75.0,80.0,75.0,80.0
2015-10,MUN,MT|VARZEA GRANDE,glp,42,70.0,68.0,75.0,67.0,75.0
2015-10,MUN,PA|ANANINDEUA,glp,25,58.0,55.0,60.0,50.0,60.0
2015-10,MUN,PA|BELEM,glp,79,58.0,56.0,58.0,45.0,60.0
2015-10,MUN,PA|BRAGANCA,glp,6,58.0,58.0,60.0,58.0,60.0
2015-10,MUN,PA|CAMETA,glp,3,55.0,49.0,61.4,47.5,63.0
2015-10,MUN,PA|MARABA,glp,7,68.0,65.0,68.0,65.0,68.0
2015-10,MUN,PA|SANTAREM,glp,25,55.0,52.0,56.0,52.0,60.0
2015-10,MUN,PA|XINGUARA,glp,5,68.0,67.4,70.0,67.0,70.0
2015-10,MUN,PB|BAYEUX,glp,5,47.5,45.0,50.0,45.0,50.0
2015-10,MUN,PB|CAMPINA GRANDE,glp,38,55.0,55.0,55.0,50.0,56.5
2015-10,MUN,PB|JOAO PESSOA,glp,24,40.0,40.0,45.0,39.0,45.0
2015-10,MUN,PB|PATOS,glp,4,51.25,50.0,54.25,50.0,55.0
2015-10,MUN,PB|PIANCO,glp,1,55.0,55.0,55.0,55.0,55.0
2015-10,MUN,PB|SANTA RITA,glp,6,50.0,47.5,50.0,45.0,50.0
2015-10,MUN,PB|SOUSA,glp,3,50.0,46.0,62.0,45.0,65.0
2015-10,MUN,PE|AGUAS BELAS,glp,1,48.0,48.0,48.0,48.0,48.0
2015-10,MUN,PE|ARARIPINA,glp,5,55.0,54.4,56.8,54.0,58.0
2015-10,MUN,PE|ARCOVERDE,glp,3,50.0,50.0,54.0,50.0,55.0
2015-10,MUN,PE|CAMARAGIBE,glp,12,50.0,50.0,55.0,49.99,60.0
2015-10,MUN,PE|CARUARU,glp,13,44.0,40.0,45.0,40.0,45.0
2015-10,MUN,PE|GARANHUNS,glp,6,55.0,52.5,55.0,50.0,55.0
2015-10,MUN,PE|JABOATAO DOS GUARARAPES,glp,50,50.0,47.95,55.0,45.0,60.0
2015-10,MUN,PE|OLINDA,glp,27,50.0,45.0,50.0,45.0,55.0
2015-10,MUN,PE|PAULISTA,glp,11,55.0,50.0,55.0,50.0,57.5
2015-10,MUN,PE|PETROLINA,glp,29,48.0,45.0,50.0,45.0,50.0
2015-10,MUN,PE|RECIFE,glp,106,50.0,45.0,55.0,43.5,60.0
2015-10,MUN,PI|CAMPO MAIOR,glp,3,60.0,60.0,60.0,60.0,60.0
2015-10,MUN,PI|PARNAIBA,glp,2,54.5,54.1,54.9,54.0,55.0
2015-10,MUN,PI|PICOS,glp,2,60.0,60.0,60.0,60.0,60.0
2015-10,MUN,PI|PIRIPIRI,glp,4,59.0,59.0,59.7,59.0,60.0
2015-10,MUN,PI|TERESINA,glp,53,50.0,50.0,54.5,45.0,55.0
2015-10,MUN,PR|ALMIRANTE TAMANDARE,glp,1,59.0,59.0,59.0,59.0,59.0
2015-10,MUN,PR|APUCARANA,glp,23,55.0,54.92,59.98,49.5,60.0
2015-10,MUN,PR|ASSIS CHATEAUBRIAND,glp,1,42.0,42.0,42.0,42.0,42.0
2015-10,MUN,PR|CAMPO MOURAO,glp,12,65.0,60.0,67.8,60.0,68.0
2015-10,MUN,PR|CASCAVEL,glp,76,65.0,65.0,66.0,64.0,68.0
2015-10,MUN,PR|COLOMBO,glp,22,52.5,50.0,55.0,49.9,56.0
2015-10,MUN,PR|CURITIBA,glp,54,56.0,52.23,60.0,47.9,60.9
2015-10,MUN,PR|FOZ DO IGUACU,glp,20,45.0,42.0,48.2,41.0,52.0
2015-10,MUN,PR|GUARAPUAVA,glp,12,58.25,57.05,64.5,56.0,68.0
2015-10,MUN,PR|JESUITAS,glp,1,42.0,42.0,42.0,42.0,42.0
2015-10,MUN,PR|LONDRINA,glp,98,58.0,55.0,60.0,50.0,65.0
2015-10,MUN,PR|MARINGA,glp,34,66.5,65.0,69.7,60.0,70.0
2015-10,MUN,PR|PINHAIS,glp,17,54.0,49.2,56.4,48.0,57.0
2015-10,MUN,PR|PONTA GROSSA,glp,15,55.0,53.0,58.6,50.0,60.0
2015-10,MUN,PR|RAMILANDIA,glp,1,42.0,42.0,42.0,42.0,42.0
2015-10,MUN,PR|SAO JOSE DOS PINHAIS,glp,18,53.0,48.4,58.0,47.0,59.9
2015-10,MUN,PR|TOLEDO,glp,21,58.0,55.0,60.0,42.0,62.0
2015-10,MUN,PR|UMUARAMA,glp,13,64.0,64.0,65.8,62.0,66.0
2015-10,MUN,RJ|ARARUAMA,glp,9,45.0,43.0,53.398,43.0,58.99
2015-10,MUN,RJ|BARRA MANSA,glp,12,55.0,50.2,58.0,48.0,59.0
2015-10,MUN,RJ|BELFORD ROXO,glp,8,54.5,46.8,55.0,44.0,55.0
2015-10,MUN,RJ|CAMPOS DOS GOYTACAZES,glp,23,60.0,56.0,64.8,50.0,65.0
2015-10,MUN,RJ|DUQUE DE CAXIAS,glp,27,50.0,50.0,55.0,48.0,58.0
2015-10,MUN,RJ|ITABORAI,glp,4,46.0,46.0,46.7,46.0,47.0
2015-10,MUN,RJ|MACAE,glp,5,55.0,52.6,56.2,51.0,57.0
2015-10,MUN,RJ|MARICA,glp,4,50.0,50.0,52.8,50.0,54.0
2015-10,MUN,RJ|NITEROI,glp,7,42.0,41.2,43.2,40.0,45.0
2015-10,MUN,RJ|NOVA FRIBURGO,glp,5,65.0,65.0,65.0,65.0,65.0
2015-10,MUN,RJ|NOVA IGUACU,glp,19,50.0,44.4,55.0,42.0,55.0
2015-10,MUN,RJ|PETROPOLIS,glp,7,49.9,49.0,52.52,49.0,54.8
2015-10,MUN,RJ|RESENDE,glp,6,55.0,55.0,56.5,55.0,58.0
2015-10,MUN,RJ|RIO DE JANEIRO,glp,68,50.0,40.0,58.285,38.0,61.9
2015-10,MUN,RJ|SAO GONCALO,glp,10,45.0,45.0,46.2,45.0,48.0
2015-10,MUN,RJ|SAO JOAO DE MERITI,glp,8,48.75,44.397,50.0,42.99,50.0
2015-10,MUN,RJ|TERESOPOLIS,glp,6,54.5,52.0,55.0,50.0,55.0
2015-10,MUN,RJ|VALENCA,glp,5,56.0,55.4,57.6,55.0,58.0
2015-10,MUN,RJ|VOLTA REDONDA,glp,11,55.0,52.0,58.0,51.9,59.0
2015-10,MUN,RN|CAICO,glp,4,55.0,55.0,55.7,55.0,56.0
2015-10,MUN,RN|MOSSORO,glp,8,55.0,50.0,55.0,50.0,55.0
2015-10,MUN,RN|NATAL,glp,39,55.0,54.0,56.0,50.0,58.0
2015-10,MUN,RN|PARNAMIRIM,glp,17,55.0,55.0,56.8,55.0,58.0
2015-10,MUN,RN|SANTA CRUZ,glp,1,55.0,55.0,55.0,55.0,55.0
2015-10,MUN,RN|SAO JOSE DE MIPIBU,glp,4,57.5,55.0,60.0,55.0,60.0
2015-10,MUN,RO|ARIQUEMES,glp,6,61.75,60.0,63.0,60.0,64.0
2015-10,MUN,RO|CACOAL,glp,10,65.0,64.8,65.0,63.0,65.0
2015-10,MUN,RO|JI-PARANA,glp,10,61.0,57.0,65.0,57.0,65.0
2015-10,MUN,RO|PORTO VELHO,glp,50,55.0,55.0,58.0,52.0,60.0
2015-10,MUN,RO|VILHENA,glp,8,63.0,63.0,65.6,63.0,67.0
2015-10,MUN,RR|BOA VISTA,glp,28,57.75,55.0,59.3,55.0,62.0
2015-10,MUN,RS|BENTO GONCALVES,glp,3,62.0,57.2,62.0,56.0,62.0
2015-10,MUN,RS|CANOAS,glp,18,55.0,48.065,58.0,45.0,65.0
2015-10,MUN,RS|CAXIAS DO SUL,glp,47,53.0,49.96,58.4,45.0,60.0
2015-10,MUN,RS|GRAVATAI,glp,11,52.0,48.0,54.0,48.0,55.0
2015-10,MUN,RS|NOVO HAMBURGO,glp,16,52.0,49.5,55.0,47.0,58.0
2015-10,MUN,RS|PASSO FUNDO,glp,26,48.0,45.0,50.0,45.0,55.0
2015-10,MUN,RS|PELOTAS,glp,27,54.0,47.6,57.0,40.0,58.0
2015-10,MUN,RS|PORTAO,glp,1,48.0,48.0,48.0,48.0,48.0
2015-10,MUN,RS|PORTO ALEGRE,glp,33,55.0,50.4,63.72,49.0,68.0
2015-10,MUN,RS|RIO GRANDE,glp,12,47.0,46.0,48.0,44.5,48.0
2015-10,MUN,RS|SANTA CRUZ DO SUL,glp,16,52.0,50.0,55.5,50.0,58.0
2015-10,MUN,RS|SANTA MARIA,glp,83,56.0,52.1,59.0,48.5,60.0
2015-10,MUN,RS|SAO GABRIEL,glp,15,58.5,55.4,60.0,55.0,60.0
2015-10,MUN,RS|SAO LEOPOLDO,glp,11,52.0,50.0,54.0,50.0,59.0
2015-10,MUN,RS|SAPUCAIA DO SUL,glp,19,55.0,49.8,57.2,48.0,58.0
2015-10,MUN,SC|BIGUACU,glp,2,49.0,48.2,49.8,48.0,50.0
2015-10,MUN,SC|BLUMENAU,glp,7,60.0,60.0,60.0,60.0,60.0
2015-10,MUN,SC|BRUSQUE,glp,6,58.0,58.0,59.0,58.0,60.0
2015-10,MUN,SC|CHAPECO,glp,6,54.0,52.0,59.25,51.0,62.0
2015-10,MUN,SC|CRICIUMA,glp,9,48.0,48.0,52.6,48.0,55.0
2015-10,MUN,SC|FLORIANOPOLIS,glp,7,55.0,53.0,57.4,53.0,58.0
2015-10,MUN,SC|ITAJAI,glp,7,45.0,45.0,53.2,45.0,55.0
2015-10,MUN,SC|JARAGUA DO SUL,glp,5,52.45,49.5,56.4,49.5,58.0
2015-10,MUN,SC|JOINVILLE,glp,5,53.0,50.4,55.0,49.0,55.0
2015-10,MUN,SC|LAGES,glp,7,55.0,51.8,58.47,50.0,60.0
2015-10,MUN,SC|PALHOCA,glp,2,51.5,51.1,51.9,51.0,52.0
2015-10,MUN,SC|SAO JOSE,glp,2,44.0,43.2,44.8,43.0,45.0
2015-10,MUN,SC|TUBARAO,glp,6,48.0,47.5,48.0,47.0,48.0
2015-10,MUN,SE|ARACAJU,glp,31,46.0,42.0,47.0,38.0,48.0
2015-10,MUN,SE|ITABAIANA,glp,3,52.0,50.4,54.4,50.0,55.0
2015-10,MUN,SE|LAGARTO,glp,4,45.0,45.0,45.0,45.0,45.0
2015-10,MUN,SE|NOSSA SENHORA DO SOCORRO,glp,8,54.0,52.7,55.0,52.0,55.0
2015-10,MUN,SP|AMERICANA,glp,20,56.0,49.75,62.0,46.5,62.0
2015-10,MUN,SP|ARACATUBA,glp,46,50.0,50.0,52.5,45.0,55.0
2015-10,MUN,SP|ARARAQUARA,glp,15,60.0,53.14,65.0,50.0,65.0
2015-10,MUN,SP|ASSIS,glp,12,49.5,48.0,50.0,47.0,50.0
2015-10,MUN,SP|ATIBAIA,glp,13,58.0,49.0,62.0,48.0,62.0
2015-10,MUN,SP|BARUERI,glp,27,49.995,45.0,58.196,41.0,60.0
2015-10,MUN,SP|BAURU,glp,50,56.5,49.99,60.2,45.0,62.0
2015-10,MUN,SP|BEBEDOURO,glp,11,54.0,53.0,55.0,52.5,55.0
2015-10,MUN,SP|BIRIGUI,glp,23,50.0,45.0,54.8,43.5,55.0
2015-10,MUN,SP|CAMPINAS,glp,55,52.0,48.0,57.0,45.0,62.0
2015-10,MUN,SP|CARAPICUIBA,glp,16,47.998,47.495,50.0,45.995,53.0
2015-10,MUN,SP|COTIA,glp,10,55.0,50.85,55.35,45.0,58.5
2015-10,MUN,SP|CUBATAO,glp,6,56.75,51.5,60.0,48.0,60.0
2015-10,MUN,SP|DIADEMA,glp,26,50.0,45.75,53.25,43.0,55.0
2015-10,MUN,SP|ELISIARIO,glp,1,50.0,50.0,50.0,50.0,50.0
2015-10,MUN,SP|EMBU DAS ARTES,glp,5,50.0,50.0,52.4,50.0,54.0
2015-10,MUN,SP|FRANCA,glp,48,48.25,46.4,50.0,42.0,50.0
2015-10,MUN,SP|GUARATINGUETA,glp,13,48.0,40.0,56.0,39.9,59.9
2015-10,MUN,SP|GUARUJA,glp,16,50.0,47.993,56.5,47.99,59.0
2015-10,MUN,SP|GUARULHOS,glp,37,46.47,43.6,55.0,40.0,56.0
2015-10,MUN,SP|INDAIATUBA,glp,14,46.0,45.0,55.0,43.0,55.0
2015-10,MUN,SP|ITAPETININGA,glp,14,53.95,50.0,57.7,50.0,58.0
2015-10,MUN,SP|ITAQUAQUECETUBA,glp,1,43.99,43.99,43.99,43.99,43.99
2015-10,MUN,SP|JACAREI,glp,12,49.95,48.05,57.0,46.0,58.0
2015-10,MUN,SP|JANDIRA,glp,13,50.0,47.6,55.0,45.0,55.0
2015-10,MUN,SP|JUNDIAI,glp,8,51.0,50.0,56.17,50.0,58.9
2015-10,MUN,SP|LIMEIRA,glp,17,50.0,48.0,55.0,45.0,55.0
2015-10,MUN,SP|MARILIA,glp,6,53.0,50.5,53.0,49.0,53.0
2015-10,MUN,SP|MATAO,glp,10,55.0,49.8,55.2,48.0,57.0
2015-10,MUN,SP|MAUA,glp,33,54.9,48.0,57.0,43.0,58.0
2015-10,MUN,SP|MIRASSOL,glp,1,53.0,53.0,53.0,53.0,53.0
2015-10,MUN,SP|MOGI DAS CRUZES,glp,35,55.0,45.0,57.0,43.0,58.0
2015-10,MUN,SP|MOGI GUACU,glp,14,54.5,50.0,55.0,48.0,56.5
2015-10,MUN,SP|OSASCO,glp,65,49.99,45.198,55.6,44.99,68.9
2015-10,MUN,SP|OURINHOS,glp,14,52.5,48.0,56.7,48.0,57.0
2015-10,MUN,SP|PIRACICABA,glp,22,61.0,55.0,65.0,50.0,67.5
2015-10,MUN,SP|POA,glp,8,49.25,45.0,52.3,45.0,53.0
2015-10,MUN,SP|PRAIA GRANDE,glp,30,50.0,46.891,60.2,43.0,65.0
2015-10,MUN,SP|PRESIDENTE PRUDENTE,glp,25,57.0,49.94,62.0,45.0,63.0
2015-10,MUN,SP|RIBEIRAO PIRES,glp,12,49.0,44.5,50.0,44.45,50.0
2015-10,MUN,SP|RIBEIRAO PRETO,glp,74,58.0,50.0,60.0,45.0,63.0
2015-10,MUN,SP|SANTA BARBARA D'OESTE,glp,18,53.0,45.0,55.6,45.0,60.0
2015-10,MUN,SP|SANTO ANDRE,glp,36,53.0,46.45,63.0,38.99,63.0
2015-10,MUN,SP|SANTOS,glp,27,57.0,44.896,63.2,43.0,66.9
2015-10,MUN,SP|SAO BERNARDO DO CAMPO,glp,40,52.5,47.899,62.1,45.0,69.9
2015-10,MUN,SP|SAO CAETANO DO SUL,glp,5,55.0,55.0,61.0,55.0,65.0
2015-10,MUN,SP|SAO CARLOS,glp,23,55.0,54.9,60.0,48.0,63.0
2015-10,MUN,SP|SAO JOSE DO RIO PRETO,glp,74,52.75,48.3,55.0,44.0,60.0
2015-10,MUN,SP|SAO JOSE DOS CAMPOS,glp,24,51.5,45.0,54.7,42.0,58.0
2015-10,MUN,SP|SAO PAULO,glp,200,50.0,45.0,58.0,40.0,63.0
2015-10,MUN,SP|SAO ROQUE,glp,9,53.0,48.0,55.2,48.0,56.0
2015-10,MUN,SP|SAO VICENTE,glp,36,52.5,48.245,62.0,46.0,62.0
2015-10,MUN,SP|SOROCABA,glp,19,50.0,45.0,55.0,45.0,61.0
2015-10,MUN,SP|SUZANO,glp,11,50.0,46.0,57.0,45.0,57.0
2015-10,MUN,SP|TAUBATE,glp,11,50.0,46.0,55.0,45.0,55.0
2015-10,MUN,SP|VOTUPORANGA,glp,4,52.0,50.0,54.0,50.0,54.0
2015-10,MUN,TO|ARAGUAINA,glp,1,68.0,68.0,68.0,68.0,68.0
2015-10,MUN,TO|GURUPI,glp,35,65.0,65.0,68.0,60.0,68.0
2015-10,MUN,TO|PALMAS,glp,26,73.0,72.0,75.0,72.0,75.0
2015-10,MUN,TO|PARAISO DO TOCANTINS,glp,6,65.0,65.0,68.0,65.0,68.0
2015-10,MUN,TO|PORTO NACIONAL,glp,9,60.0,59.0,61.0,55.0,65.0
2015-10,UF,AC,glp,73,57.0,54.6,63.6,52.0,68.0
2015-10,UF,AL,glp,76,55.0,47.5,55.0,40.0,55.0
2015-10,UF,AM,glp,277,50.0,48.0,52.0,45.0,60.0
2015-10,UF,AP,glp,29,68.0,63.5,69.0,58.0,69.0
2015-10,UF,BA,glp,357,50.0,40.0,55.0,36.0,58.0
2015-10,UF,CE,glp,199,61.0,57.0,64.0,54.0,65.0
2015-10,UF,DF,glp,83,56.0,50.0,60.0,48.0,65.0
2015-10,UF,ES,glp,288,56.0,49.0,60.0,43.0,65.0
2015-10,UF,GO,glp,252,55.0,50.0,58.0,46.0,63.0
2015-10,UF,MA,glp,130,50.0,45.0,60.0,45.0,68.0
2015-10,UF,MG,glp,388,57.75,50.0,64.0,40.0,68.5
2015-10,UF,MS,glp,423,65.0,61.0,67.0,49.0,70.0
2015-10,UF,MT,glp,227,70.0,65.0,75.0,63.0,80.0
2015-10,UF,PA,glp,150,58.0,54.0,60.0,45.0,70.0
2015-10,UF,PB,glp,81,52.5,40.0,55.0,39.0,65.0
2015-10,UF,PE,glp,263,50.0,45.0,55.0,40.0,60.0
2015-10,UF,PI,glp,64,50.0,50.0,59.0,45.0,60.0
2015-10,UF,PR,glp,439,58.0,50.0,66.0,41.0,70.0
2015-10,UF,RJ,glp,244,50.0,43.0,60.0,38.0,65.0
2015-10,UF,RN,glp,73,55.0,54.2,56.0,50.0,60.0
2015-10,UF,RO,glp,84,57.0,55.0,65.0,52.0,67.0
2015-10,UF,RR,glp,28,57.75,55.0,59.3,55.0,62.0
2015-10,UF,RS,glp,338,54.0,48.0,59.0,40.0,68.0
2015-10,UF,SC,glp,71,53.0,48.0,60.0,43.0,62.0
2015-10,UF,SE,glp,46,46.5,42.5,54.0,38.0,55.0
2015-10,UF,SP,glp,1415,52.0,45.99,60.0,38.99,69.9
2015-10,UF,TO,glp,77,65.0,60.0,73.0,55.0,75.0
2015-11,BR,BR,glp,6882,55.0,48.0,65.0,35.0,81.0
2015-11,MUN,AC|CRUZEIRO DO SUL,glp,5,68.0,66.2,68.0,65.0,68.0
2015-11,MUN,AC|RIO BRANCO,glp,67,57.0,54.6,59.0,54.0,64.0
2015-11,MUN,AL|ARAPIRACA,glp,12,45.0,45.0,49.8,45.0,50.0
2015-11,MUN,AL|ATALAIA,glp,1,40.0,40.0,40.0,40.0,40.0
2015-11,MUN,AL|DELMIRO GOUVEIA,glp,3,55.0,55.0,55.0,55.0,55.0
2015-11,MUN,AL|MACEIO,glp,50,55.0,52.45,55.0,50.0,55.0
2015-11,MUN,AL|MARECHAL DEODORO,glp,6,55.0,55.0,55.0,55.0,55.0
2015-11,MUN,AL|PALMEIRA DOS INDIOS,glp,5,55.0,55.0,55.0,55.0,55.0
2015-11,MUN,AL|RIO LARGO,glp,2,42.5,40.5,44.5,40.0,45.0
2015-11,MUN,AL|SANTANA DO IPANEMA,glp,4,55.0,55.0,55.0,55.0,55.0
2015-11,MUN,AM|HUMAITA,glp,3,55.0,55.0,55.0,55.0,55.0
2015-11,MUN,AM|ITACOATIARA,glp,10,59.0,57.8,60.0,56.0,60.0
2015-11,MUN,AM|MANACAPURU,glp,5,57.0,56.4,57.0,56.0,57.0
2015-11,MUN,AM|MANAUS,glp,261,50.0,48.0,51.0,44.0,62.0
2015-11,MUN,AM|PARINTINS,glp,3,50.0,49.2,50.0,49.0,50.0
2015-11,MUN,AM|TEFE,glp,2,60.5,60.1,60.9,60.0,61.0
2015-11,MUN,AP|LARANJAL DO JARI,glp,1,69.0,69.0,69.0,69.0,69.0
2015-11,MUN,AP|MACAPA,glp,18,68.0,67.0,69.0,58.0,69.0
2015-11,MUN,AP|SANTANA,glp,6,66.0,62.75,68.0,62.0,68.0
2015-11,MUN,BA|ALAGOINHAS,glp,5,55.0,48.6,58.0,48.0,58.0
2015-11,MUN,BA|BARREIRAS,glp,8,53.5,52.1,57.4,50.0,63.0
2015-11,MUN,BA|BRUMADO,glp,5,53.0,53.0,54.6,53.0,55.0
2015-11,MUN,BA|CAETITE,glp,6,45.0,45.0,46.0,45.0,47.0
2015-11,MUN,BA|CAMACARI,glp,18,52.0,50.0,55.0,50.0,57.9
2015-11,MUN,BA|CANDEIAS,glp,5,50.0,45.0,51.8,45.0,53.0
2015-11,MUN,BA|CENTRAL,glp,1,40.0,40.0,40.0,40.0,40.0
2015-11,MUN,BA|EUNAPOLIS,glp,10,55.0,45.9,56.2,45.0,58.0
2015-11,MUN,BA|FEIRA DE SANTANA,glp,27,49.9,45.8,52.94,42.0,53.0
2015-11,MUN,BA|GUANAMBI,glp,16,40.0,40.0,40.0,39.0,40.0
2015-11,MUN,BA|ILHEUS,glp,7,55.0,55.0,60.746,55.0,62.0
2015-11,MUN,BA|IRECE,glp,7,42.0,39.6,47.4,39.0,48.0
2015-11,MUN,BA|ITABUNA,glp,8,51.0,48.5,53.2,45.0,56.0
2015-11,MUN,BA|JACOBINA,glp,4,53.0,50.9,54.4,50.0,55.0
2015-11,MUN,BA|JAGUAQUARA,glp,3,42.0,40.4,42.0,40.0,42.0
2015-11,MUN,BA|JEQUIE,glp,10,39.0,36.8,45.0,35.0,45.0
2015-11,MUN,BA|JUAZEIRO,glp,14,48.0,45.0,50.0,45.0,50.0
2015-11,MUN,BA|LAURO DE FREITAS,glp,17,50.0,48.8,57.4,46.5,60.0
2015-11,MUN,BA|PORTO SEGURO,glp,10,48.0,42.95,54.6,42.5,60.0
2015-11,MUN,BA|SALVADOR,glp,203,51.0,45.0,55.0,38.0,58.0
2015-11,MUN,BA|SANTANOPOLIS,glp,1,53.0,53.0,53.0,53.0,53.0
2015-11,MUN,BA|SIMOES FILHO,glp,7,50.0,48.3,55.0,48.0,55.0
2015-11,MUN,BA|TEIXEIRA DE FREITAS,glp,7,50.0,49.2,54.4,48.0,58.0
2015-11,MUN,BA|VALENCA,glp,5,55.0,55.0,56.8,55.0,58.0
2015-11,MUN,BA|VITORIA DA CONQUISTA,glp,5,45.5,45.2,46.6,45.0,47.0
2015-11,MUN,CE|BEBERIBE,glp,3,60.0,60.0,60.8,60.0,61.0
2015-11,MUN,CE|CANINDE,glp,3,50.0,50.0,51.6,50.0,52.0
2015-11,MUN,CE|CAUCAIA,glp,29,60.0,55.0,62.0,52.0,63.5
2015-11,MUN,CE|CRATEUS,glp,3,59.0,58.2,59.8,58.0,60.0
2015-11,MUN,CE|CRATO,glp,16,58.0,55.0,59.75,53.5,60.5
2015-11,MUN,CE|FORTALEZA,glp,125,61.0,57.8,63.5,55.0,65.0
2015-11,MUN,CE|ICO,glp,4,55.75,55.15,56.0,55.0,56.0
2015-11,MUN,CE|IGUATU,glp,4,55.0,55.0,56.05,55.0,56.5
2015-11,MUN,CE|JUAZEIRO DO NORTE,glp,19,58.0,55.0,62.2,55.0,63.0
2015-11,MUN,CE|MARACANAU,glp,12,63.0,63.0,65.0,60.0,65.0
2015-11,MUN,CE|MISSAO VELHA,glp,1,60.0,60.0,60.0,60.0,60.0
2015-11,MUN,CE|SOBRAL,glp,7,56.0,54.8,56.2,54.5,56.5
2015-11,MUN,DF|BRASILIA,glp,82,56.0,50.0,60.0,48.0,65.0
2015-11,MUN,ES|ARACRUZ,glp,7,53.0,45.4,53.8,43.0,55.0
2015-11,MUN,ES|BARRA DE SAO FRANCISCO,glp,5,58.0,57.4,59.2,57.0,60.0
2015-11,MUN,ES|CACHOEIRO DE ITAPEMIRIM,glp,15,50.0,48.0,55.0,47.5,57.0
2015-11,MUN,ES|CARIACICA,glp,58,59.0,57.7,60.0,56.5,62.0
2015-11,MUN,ES|COLATINA,glp,11,50.0,47.5,53.9,47.0,55.0
2015-11,MUN,ES|GUARAPARI,glp,20,60.0,54.5,65.0,49.9,65.0
2015-11,MUN,ES|ITAPEMIRIM,glp,3,50.0,49.92,50.0,49.9,50.0
2015-11,MUN,ES|LINHARES,glp,15,60.0,55.0,60.0,49.0,60.0
2015-11,MUN,ES|MARATAIZES,glp,1,50.0,50.0,50.0,50.0,50.0
2015-11,MUN,ES|SAO MATEUS,glp,8,50.0,50.0,51.5,50.0,55.0
2015-11,MUN,ES|SERRA,glp,105,59.0,58.0,60.0,57.0,60.0
2015-11,MUN,ES|VILA VELHA,glp,35,58.0,56.4,60.0,55.0,60.0
2015-11,MUN,ES|VITORIA,glp,24,59.5,55.0,62.0,50.0,65.0
2015-11,MUN,GO|AGUAS LINDAS DE GOIAS,glp,9,55.0,53.1,55.0,49.5,55.0
2015-11,MUN,GO|ANAPOLIS,glp,37,50.0,49.0,51.4,49.0,53.0
2015-11,MUN,GO|APARECIDA DE GOIANIA,glp,36,53.0,52.0,55.0,51.0,55.0
2015-11,MUN,GO|CALDAS NOVAS,glp,11,58.0,56.0,60.0,56.0,60.0
2015-11,MUN,GO|CATALAO,glp,10,54.0,50.0,54.1,50.0,55.0
2015-11,MUN,GO|FORMOSA,glp,11,56.0,55.0,57.0,54.0,57.0
2015-11,MUN,GO|GOIANIA,glp,74,55.0,55.0,58.0,52.0,58.0
2015-11,MUN,GO|GOIANIRA,glp,1,58.0,58.0,58.0,58.0,58.0
2015-11,MUN,GO|ITUMBIARA,glp,6,60.0,59.0,60.0,59.0,60.0
2015-11,MUN,GO|JATAI,glp,19,57.0,56.0,63.0,55.0,63.0
2015-11,MUN,GO|LUZIANIA,glp,17,55.0,53.0,56.0,53.0,57.0
2015-11,MUN,GO|PORANGATU,glp,15,55.0,54.0,55.0,54.0,55.0
2015-11,MUN,GO|RIO VERDE,glp,14,57.5,56.0,58.0,56.0,58.0
2015-11,MUN,GO|TRINDADE,glp,19,55.0,53.6,55.0,52.0,56.0
2015-11,MUN,GO|VALPARAISO DE GOIAS,glp,9,55.0,55.0,56.0,55.0,56.0
2015-11,MUN,MA|ACAILANDIA,glp,4,60.0,60.0,60.0,60.0,60.0
2015-11,MUN,MA|BACABAL,glp,3,60.0,60.0,60.0,60.0,60.0
2015-11,MUN,MA|BALSAS,glp,4,65.0,65.0,65.0,65.0,65.0
2015-11,MUN,MA|BARRA DO CORDA,glp,5,58.0,57.0,60.0,57.0,60.0
2015-11,MUN,MA|CANDIDO MENDES,glp,1,50.0,50.0,50.0,50.0,50.0
2015-11,MUN,MA|IMPERATRIZ,glp,36,60.0,60.0,60.0,55.0,60.0
2015-11,MUN,MA|PRESIDENTE DUTRA,glp,3,60.0,60.0,64.0,60.0,65.0
2015-11,MUN,MA|SAO JOSE DE RIBAMAR,glp,10,50.0,45.0,50.0,45.0,50.0
2015-11,MUN,MA|SAO LUIS,glp,55,50.0,45.0,55.0,39.99,55.0
2015-11,MUN,MA|TIMON,glp,3,54.0,54.0,54.0,54.0,54.0
2015-11,MUN,MG|ARAGUARI,glp,7,60.0,59.0,60.0,59.0,60.0
2015-11,MUN,MG|ARAXA,glp,4,60.0,59.3,61.4,59.0,62.0
2015-11,MUN,MG|BARBACENA,glp,12,58.0,55.3,60.0,55.0,60.0
2015-11,MUN,MG|BELO HORIZONTE,glp,40,60.0,55.0,65.0,52.0,65.0
2015-11,MUN,MG|BETIM,glp,16,62.0,60.0,63.5,60.0,65.5
2015-11,MUN,MG|CAMPO BELO,glp,7,46.5,45.3,47.9,45.0,48.5
2015-11,MUN,MG|CONTAGEM,glp,22,62.0,61.0,64.9,60.0,68.0
2015-11,MUN,MG|DIVINOPOLIS,glp,17,55.0,54.6,58.8,52.0,60.0
2015-11,MUN,MG|FORMIGA,glp,9,56.0,51.0,60.0,51.0,60.0
2015-11,MUN,MG|GOVERNADOR VALADARES,glp,8,57.0,55.0,57.0,55.0,57.0
2015-11,MUN,MG|GUAXUPE,glp,6,51.2,49.45,52.225,49.0,53.0
2015-11,MUN,MG|IPATINGA,glp,16,55.0,52.5,58.0,50.0,58.0
2015-11,MUN,MG|ITABIRA,glp,6,64.5,63.5,65.0,63.0,65.0
2015-11,MUN,MG|ITUIUTABA,glp,19,58.0,52.4,58.0,50.0,58.0
2015-11,MUN,MG|JUIZ DE FORA,glp,52,55.0,50.0,61.35,48.0,65.0
2015-11,MUN,MG|LAVRAS,glp,8,55.0,49.55,58.6,45.0,60.0
2015-11,MUN,MG|MONTE CARMELO,glp,9,50.0,49.98,55.0,49.9,55.0
2015-11,MUN,MG|MONTES CLAROS,glp,60,60.0,60.0,60.0,59.0,61.0
2015-11,MUN,MG|OLIVEIRA,glp,6,48.5,48.0,49.0,48.0,49.0
2015-11,MUN,MG|PASSOS,glp,16,55.0,50.0,58.0,50.0,63.0
2015-11,MUN,MG|PATOS DE MINAS,glp,6,64.0,61.5,65.0,60.0,65.0
2015-11,MUN,MG|POCOS DE CALDAS,glp,20,56.0,52.0,56.0,52.0,56.0
2015-11,MUN,MG|POUSO ALEGRE,glp,6,44.0,40.0,49.375,40.0,50.75
2015-11,MUN,MG|SETE LAGOAS,glp,22,54.0,52.1,55.0,52.0,56.0
2015-11,MUN,MG|TEOFILO OTONI,glp,28,55.0,50.0,59.3,48.5,65.0
2015-11,MUN,MG|TRES CORACOES,glp,8,50.0,47.0,55.0,47.0,55.0
2015-11,MUN,MG|UBERABA,glp,24,50.0,49.0,50.0,45.0,50.0
2015-11,MUN,MG|UBERLANDIA,glp,26,60.0,57.0,62.0,55.0,64.0
2015-11,MUN,MG|UNAI,glp,8,65.0,64.7,65.0,64.0,65.0
2015-11,MUN,MG|VARGINHA,glp,13,50.0,50.0,52.4,48.0,54.0
2015-11,MUN,MS|CAMPO GRANDE,glp,356,66.0,64.0,67.0,55.0,68.0
2015-11,MUN,MS|CORUMBA,glp,5,60.0,60.0,60.0,60.0,60.0
2015-11,MUN,MS|COXIM,glp,10,70.0,67.9,72.3,67.0,75.0
2015-11,MUN,MS|DOURADOS,glp,30,65.0,60.0,68.0,55.0,69.0
2015-11,MUN,MS|NOVA ANDRADINA,glp,1,69.0,69.0,69.0,69.0,69.0
2015-11,MUN,MS|PARANAIBA,glp,10,65.0,65.0,65.0,65.0,65.0
2015-11,MUN,MS|PONTA PORA,glp,2,52.5,50.5,54.5,50.0,55.0
2015-11,MUN,MS|TRES LAGOAS,glp,9,50.0,50.0,51.5,50.0,57.5
2015-11,MUN,MT|CACERES,glp,16,70.0,70.0,72.0,70.0,72.0
2015-11,MUN,MT|CUIABA,glp,150,70.0,65.0,75.0,63.0,80.0
2015-11,MUN,MT|RONDONOPOLIS,glp,18,75.0,73.0,75.0,73.0,75.0
2015-11,MUN,MT|SINOP,glp,16,76.5,75.0,80.0,75.0,80.0
2015-11,MUN,MT|SORRISO,glp,8,80.0,80.0,81.0,80.0,81.0
2015-11,MUN,MT|VARZEA GRANDE,glp,40,70.0,68.0,75.0,67.0,75.0
2015-11,MUN,PA|ABAETETUBA,glp,6,52.5,48.0,55.5,48.0,56.0
2015-11,MUN,PA|ANANINDEUA,glp,29,58.0,55.0,60.0,50.0,61.5
2015-11,MUN,PA|BELEM,glp,82,58.0,55.1,58.0,45.0,60.0
2015-11,MUN,PA|BRAGANCA,glp,6,59.0,58.0,60.0,58.0,60.0
2015-11,MUN,PA|CAMETA,glp,4,52.5,48.6,61.3,48.0,64.0
2015-11,MUN,PA|CASTANHAL,glp,5,55.0,55.0,59.2,55.0,60.0
2015-11,MUN,PA|MARABA,glp,8,68.0,65.0,68.0,65.0,68.0
2015-11,MUN,PA|SANTAREM,glp,28,55.0,53.0,56.0,52.0,60.0
2015-11,MUN,PA|XINGUARA,glp,5,68.0,68.0,69.2,68.0,70.0
2015-11,MUN,PB|BAYEUX,glp,5,45.0,42.0,48.0,40.0,50.0
2015-11,MUN,PB|CABEDELO,glp,7,55.0,51.5,55.0,50.0,55.0
2015-11,MUN,PB|CAMPINA GRANDE,glp,36,55.0,52.5,55.0,50.0,58.0
2015-11,MUN,PB|JOAO PESSOA,glp,24,40.0,40.0,45.0,39.0,45.0
2015-11,MUN,PB|PATOS,glp,3,50.0,50.0,54.0,50.0,55.0
2015-11,MUN,PB|PIANCO,glp,1,55.0,55.0,55.0,55.0,55.0
2015-11,MUN,PB|SANTA RITA,glp,10,48.0,45.0,50.0,45.0,50.0
2015-11,MUN,PB|SOUSA,glp,4,47.5,45.0,60.5,45.0,65.0
2015-11,MUN,PE|ABREU E LIMA,glp,7,50.0,49.0,52.0,49.0,55.0
2015-11,MUN,PE|AGUAS BELAS,glp,1,50.0,50.0,50.0,50.0,50.0
2015-11,MUN,PE|ARARIPINA,glp,6,55.0,53.0,58.0,53.0,58.0
2015-11,MUN,PE|ARCOVERDE,glp,3,50.0,50.0,54.0,50.0,55.0
2015-11,MUN,PE|CAMARAGIBE,glp,14,50.0,50.0,55.0,48.995,56.5
2015-11,MUN,PE|CARUARU,glp,14,42.75,40.0,45.0,40.0,47.0
2015-11,MUN,PE|GARANHUNS,glp,6,53.75,51.25,55.0,50.0,55.0
2015-11,MUN,PE|IGARASSU,glp,15,50.0,49.0,55.0,48.0,60.0
2015-11,MUN,PE|JABOATAO DOS GUARARAPES,glp,32,50.0,47.55,55.0,45.0,55.0
2015-11,MUN,PE|OLINDA,glp,33,50.0,45.0,50.0,45.0,60.0
2015-11,MUN,PE|PAULISTA,glp,14,55.0,50.0,58.5,48.0,60.0
2015-11,MUN,PE|PETROLINA,glp,22,50.0,45.1,50.0,45.0,50.0
2015-11,MUN,PE|RECIFE,glp,109,50.0,45.0,55.0,42.995,60.0
2015-11,MUN,PE|VITORIA DE SANTO ANTAO,glp,15,50.0,50.0,55.0,50.0,55.0
2015-11,MUN,PI|CAMPO MAIOR,glp,4,60.0,60.0,60.0,60.0,60.0
2015-11,MUN,PI|PARNAIBA,glp,3,55.0,54.2,56.6,54.0,57.0
2015-11,MUN,PI|PICOS,glp,2,58.25,56.85,59.65,56.5,60.0
2015-11,MUN,PI|PIRIPIRI,glp,4,59.0,59.0,59.7,59.0,60.0
2015-11,MUN,PI|TERESINA,glp,101,50.0,50.0,55.0,40.0,60.0
2015-11,MUN,PR|ALMIRANTE TAMANDARE,glp,1,59.0,59.0,59.0,59.0,59.0
2015-11,MUN,PR|APUCARANA,glp,19,55.0,49.82,60.0,49.5,60.0
2015-11,MUN,PR|ARAPONGAS,glp,17,60.0,60.0,63.0,60.0,63.0
2015-11,MUN,PR|ASSIS CHATEAUBRIAND,glp,1,42.0,42.0,42.0,42.0,42.0
2015-11,MUN,PR|CAMBE,glp,15,55.0,52.8,60.0,50.0,60.0
2015-11,MUN,PR|CAMPO MOURAO,glp,12,65.0,60.0,67.8,60.0,68.0
2015-11,MUN,PR|CASCAVEL,glp,47,65.5,65.0,66.0,65.0,67.0
2015-11,MUN,PR|COLOMBO,glp,24,53.0,50.0,55.0,49.9,59.0
2015-11,MUN,PR|CURITIBA,glp,54,56.0,52.23,60.0,47.9,60.9
2015-11,MUN,PR|CURIUVA,glp,1,55.0,55.0,55.0,55.0,55.0
2015-11,MUN,PR|FOZ DO IGUACU,glp,20,45.0,42.0,48.2,41.0,52.0
2015-11,MUN,PR|GUARAPUAVA,glp,12,61.25,57.2,67.45,57.0,70.0
2015-11,MUN,PR|JESUITAS,glp,1,42.0,42.0,42.0,42.0,42.0
2015-11,MUN,PR|LONDRINA,glp,98,58.0,55.0,60.0,50.0,65.0
2015-11,MUN,PR|MARINGA,glp,41,68.0,65.0,69.0,60.0,70.0
2015-11,MUN,PR|PATO BRANCO,glp,11,65.0,63.0,74.9,60.0,74.9
2015-11,MUN,PR|PINHAIS,glp,17,54.0,49.2,56.4,48.0,57.0
2015-11,MUN,PR|PONTA GROSSA,glp,15,55.0,53.0,58.6,50.0,60.0
2015-11,MUN,PR|RAMILANDIA,glp,1,42.0,42.0,42.0,42.0,42.0
2015-11,MUN,PR|SAO JOSE DOS PINHAIS,glp,17,53.0,48.2,56.2,47.0,59.9
2015-11,MUN,PR|TOLEDO,glp,24,55.0,53.25,60.0,42.0,63.0
2015-11,MUN,PR|UMUARAMA,glp,15,65.0,63.4,66.0,63.0,66.0
2015-11,MUN,RJ|ANGRA DOS REIS,glp,5,55.0,54.7,55.0,54.5,55.0
2015-11,MUN,RJ|ARARUAMA,glp,7,44.995,43.0,45.2,43.0,45.5
2015-11,MUN,RJ|BARRA DO PIRAI,glp,3,50.0,49.96,58.0,49.95,60.0
2015-11,MUN,RJ|BARRA MANSA,glp,10,54.5,49.8,58.1,48.0,59.0
2015-11,MUN,RJ|BELFORD ROXO,glp,6,52.75,46.0,55.0,44.0,55.0
2015-11,MUN,RJ|CABO FRIO,glp,6,52.25,48.5,55.25,45.0,55.5
2015-11,MUN,RJ|CAMPOS DOS GOYTACAZES,glp,21,60.0,57.5,62.5,50.0,65.0
2015-11,MUN,RJ|DUQUE DE CAXIAS,glp,27,50.0,50.0,55.0,48.0,58.0
2015-11,MUN,RJ|ITABORAI,glp,4,46.0,46.0,46.7,46.0,47.0
2015-11,MUN,RJ|MACAE,glp,5,50.0,50.0,55.0,50.0,57.0
2015-11,MUN,RJ|MARICA,glp,3,50.0,50.0,50.0,50.0,50.0
2015-11,MUN,RJ|NITEROI,glp,7,52.0,48.0,53.2,48.0,55.0
2015-11,MUN,RJ|NOVA FRIBURGO,glp,5,65.0,65.0,65.0,65.0,65.0
2015-11,MUN,RJ|NOVA IGUACU,glp,19,50.0,44.4,55.0,42.0,55.0
2015-11,MUN,RJ|PETROPOLIS,glp,7,50.9,49.54,54.66,49.0,54.9
2015-11,MUN,RJ|RESENDE,glp,6,55.0,55.0,56.5,55.0,58.0
2015-11,MUN,RJ|RIO DE JANEIRO,glp,67,50.0,42.6,58.76,39.99,65.0
2015-11,MUN,RJ|SAO GONCALO,glp,10,48.0,48.0,51.55,48.0,52.0
2015-11,MUN,RJ|SAO JOAO DE MERITI,glp,9,50.0,44.598,50.0,42.99,50.0
2015-11,MUN,RJ|TERESOPOLIS,glp,6,54.5,52.0,55.0,50.0,55.0
2015-11,MUN,RJ|VALENCA,glp,5,56.0,55.4,57.6,55.0,58.0
2015-11,MUN,RJ|VOLTA REDONDA,glp,7,55.0,54.0,58.0,54.0,58.0
2015-11,MUN,RN|CAICO,glp,8,55.0,54.1,55.3,52.0,56.0
2015-11,MUN,RN|MOSSORO,glp,10,55.0,51.35,55.55,50.0,56.0
2015-11,MUN,RN|NATAL,glp,66,55.0,50.0,56.75,50.0,60.0
2015-11,MUN,RN|PARNAMIRIM,glp,20,53.975,51.95,55.1,51.0,56.5
2015-11,MUN,RN|SANTA CRUZ,glp,1,56.5,56.5,56.5,56.5,56.5
2015-11,MUN,RN|SAO JOSE DE MIPIBU,glp,6,55.5,53.5,59.5,52.0,60.0
2015-11,MUN,RO|ARIQUEMES,glp,6,60.75,59.0,62.25,58.0,62.5
2015-11,MUN,RO|CACOAL,glp,6,65.0,65.0,65.0,65.0,65.0
2015-11,MUN,RO|GUAJARA-MIRIM,glp,4,58.0,57.65,59.4,57.5,60.0
2015-11,MUN,RO|JI-PARANA,glp,13,60.5,57.0,64.8,57.0,65.5
2015-11,MUN,RO|PIMENTA BUENO,glp,4,63.0,63.0,63.0,63.0,63.0
2015-11,MUN,RO|PORTO VELHO,glp,51,55.0,55.0,58.0,52.0,60.0
2015-11,MUN,RO|VILHENA,glp,8,64.0,63.0,65.0,63.0,65.0
2015-11,MUN,RR|BOA VISTA,glp,31,57.5,55.0,59.0,55.0,62.0
2015-11,MUN,RS|BAGE,glp,23,60.0,58.0,60.0,55.0,62.5
2015-11,MUN,RS|BENTO GONCALVES,glp,3,62.0,56.4,62.0,55.0,62.0
2015-11,MUN,RS|CANOAS,glp,18,55.0,48.38,58.0,45.0,65.0
2015-11,MUN,RS|CAXIAS DO SUL,glp,52,52.0,50.0,56.9,45.0,60.0
2015-11,MUN,RS|ERECHIM,glp,11,58.0,55.0,60.0,54.0,62.0
2015-11,MUN,RS|ESTEIO,glp,11,56.0,54.0,57.0,54.0,58.0
2015-11,MUN,RS|GRAVATAI,glp,11,52.0,48.0,54.0,48.0,55.0
2015-11,MUN,RS|LAJEADO,glp,11,52.0,50.0,54.0,49.0,55.0
2015-11,MUN,RS|NOVO HAMBURGO,glp,16,52.0,46.5,55.0,45.0,58.0
2015-11,MUN,RS|PASSO FUNDO,glp,37,49.0,46.0,55.0,45.0,58.0
2015-11,MUN,RS|PELOTAS,glp,26,52.0,47.5,55.5,40.0,58.0
2015-11,MUN,RS|PORTAO,glp,1,48.0,48.0,48.0,48.0,48.0
2015-11,MUN,RS|PORTO ALEGRE,glp,33,55.0,50.4,63.0,49.0,68.0
2015-11,MUN,RS|RIO GRANDE,glp,14,47.5,46.0,48.0,43.0,48.0
2015-11,MUN,RS|SANTA CRUZ DO SUL,glp,16,52.0,52.0,55.5,50.0,57.5
2015-11,MUN,RS|SANTA MARIA,glp,79,57.0,49.0,60.0,48.0,62.0
2015-11,MUN,RS|SANTANA DO LIVRAMENTO,glp,11,55.0,55.0,55.0,55.0,55.0
2015-11,MUN,RS|SAO GABRIEL,glp,15,57.0,55.0,60.0,54.0,60.0
2015-11,MUN,RS|SAO LEOPOLDO,glp,10,51.5,50.0,54.5,50.0,59.0
2015-11,MUN,RS|SAPUCAIA DO SUL,glp,19,55.0,49.8,57.2,48.0,58.0
2015-11,MUN,RS|URUGUAIANA,glp,10,61.0,54.7,62.0,52.0,62.0
2015-11,MUN,RS|VACARIA,glp,7,55.0,50.0,55.0,50.0,55.0
2015-11,MUN,RS|VIAMAO,glp,14,58.0,55.0,62.0,55.0,62.0
2015-11,MUN,SC|ARARANGUA,glp,4,50.0,50.0,53.5,50.0,55.0
2015-11,MUN,SC|BALNEARIO CAMBORIU,glp,4,55.0,50.8,55.0,49.0,55.0
2015-11,MUN,SC|BIGUACU,glp,4,50.0,48.6,53.5,48.0,55.0
2015-11,MUN,SC|BLUMENAU,glp,7,60.0,60.0,60.0,60.0,60.0
2015-11,MUN,SC|BRUSQUE,glp,7,58.0,58.0,58.8,58.0,60.0
2015-11,MUN,SC|CHAPECO,glp,7,60.0,58.0,62.4,58.0,63.0
2015-11,MUN,SC|CRICIUMA,glp,11,48.0,48.0,51.5,46.5,52.0
2015-11,MUN,SC|FLORIANOPOLIS,glp,8,55.0,53.0,57.3,53.0,58.0
2015-11,MUN,SC|ITAJAI,glp,9,50.0,45.0,55.0,45.0,55.0
2015-11,MUN,SC|JARAGUA DO SUL,glp,5,52.9,49.5,56.4,49.5,58.0
2015-11,MUN,SC|JOINVILLE,glp,8,52.0,49.7,53.6,49.0,55.0
2015-11,MUN,SC|LAGES,glp,9,55.0,52.4,59.0,50.0,59.0
2015-11,MUN,SC|PALHOCA,glp,4,52.0,50.6,52.0,50.0,52.0
2015-11,MUN,SC|SAO JOSE,glp,5,45.0,43.8,46.8,43.0,48.0
2015-11,MUN,SC|TUBARAO,glp,8,48.0,47.7,48.0,47.0,48.0
2015-11,MUN,SE|ARACAJU,glp,34,55.0,52.0,55.0,45.0,57.0
2015-11,MUN,SE|ITABAIANA,glp,3,52.0,50.4,54.4,50.0,55.0
2015-11,MUN,SE|LAGARTO,glp,4,45.0,45.0,45.0,45.0,45.0
2015-11,MUN,SE|NOSSA SENHORA DO SOCORRO,glp,7,55.0,53.0,55.0,53.0,55.0
2015-11,MUN,SP|ADAMANTINA,glp,4,65.0,65.0,65.0,65.0,65.0
2015-11,MUN,SP|AMERICANA,glp,20,55.0,55.0,62.0,50.0,62.0
2015-11,MUN,SP|ARACATUBA,glp,47,50.0,50.0,52.5,47.5,55.0
2015-11,MUN,SP|ARARAQUARA,glp,15,60.0,53.14,65.0,50.0,68.0
2015-11,MUN,SP|ARARAS,glp,11,50.0,49.9,60.0,49.9,60.0
2015-11,MUN,SP|ASSIS,glp,12,49.5,47.65,50.0,46.0,50.0
2015-11,MUN,SP|ATIBAIA,glp,13,58.0,49.0,62.0,48.0,62.0
2015-11,MUN,SP|AVARE,glp,8,57.5,50.0,60.0,50.0,60.0
2015-11,MUN,SP|BARRETOS,glp,7,50.0,48.6,53.0,48.0,53.0
2015-11,MUN,SP|BARUERI,glp,27,49.99,45.594,57.4,41.0,60.0
2015-11,MUN,SP|BAURU,glp,52,58.0,52.0,62.0,46.9,62.0
2015-11,MUN,SP|BEBEDOURO,glp,12,55.0,53.1,55.0,52.0,55.0
2015-11,MUN,SP|BIRIGUI,glp,24,55.0,46.5,55.0,45.0,57.0
2015-11,MUN,SP|BOTUCATU,glp,11,60.0,60.0,65.0,50.0,65.0
2015-11,MUN,SP|BRAGANCA PAULISTA,glp,7,50.0,48.6,50.0,48.0,50.0
2015-11,MUN,SP|CAMPINAS,glp,42,52.0,49.0,57.9,46.0,70.0
2015-11,MUN,SP|CARAPICUIBA,glp,18,47.99,45.0,49.997,45.0,51.5
2015-11,MUN,SP|CATANDUVA,glp,11,50.0,48.0,50.0,40.0,50.0
2015-11,MUN,SP|COTIA,glp,10,55.0,53.1,55.0,45.0,55.0
2015-11,MUN,SP|CUBATAO,glp,5,58.0,55.6,61.5,55.0,62.5
2015-11,MUN,SP|DIADEMA,glp,25,50.0,45.8,52.594,43.0,56.0
2015-11,MUN,SP|ELISIARIO,glp,1,50.0,50.0,50.0,50.0,50.0
2015-11,MUN,SP|EMBU DAS ARTES,glp,5,50.0,50.0,52.4,50.0,54.0
2015-11,MUN,SP|FRANCA,glp,48,49.9,48.0,50.0,42.5,51.0
2015-11,MUN,SP|GUARATINGUETA,glp,14,48.2,40.0,56.0,40.0,59.9
2015-11,MUN,SP|GUARUJA,glp,17,52.0,49.14,57.1,47.99,59.0
2015-11,MUN,SP|GUARULHOS,glp,37,46.99,43.2,55.0,39.99,56.0
2015-11,MUN,SP|INDAIATUBA,glp,14,46.0,45.0,55.0,43.0,55.0
2015-11,MUN,SP|ITAPETININGA,glp,14,53.95,50.0,57.7,50.0,58.0
2015-11,MUN,SP|ITAQUAQUECETUBA,glp,1,43.99,43.99,43.99,43.99,43.99
2015-11,MUN,SP|JACAREI,glp,16,49.45,40.0,57.0,40.0,58.0
2015-11,MUN,SP|JANDIRA,glp,10,50.0,46.949,50.7,41.99,52.5
2015-11,MUN,SP|JUNDIAI,glp,8,51.0,50.0,56.17,50.0,58.9
2015-11,MUN,SP|LEME,glp,11,48.0,45.0,59.0,45.0,59.0
2015-11,MUN,SP|LIMEIRA,glp,17,50.0,48.0,55.0,45.0,55.0
2015-11,MUN,SP|MARILIA,glp,7,53.0,51.2,53.0,50.0,53.0
2015-11,MUN,SP|MATAO,glp,10,55.0,49.8,60.5,48.0,65.0
2015-11,MUN,SP|MAUA,glp,30,53.75,49.81,57.0,48.0,58.0
2015-11,MUN,SP|MIRASSOL,glp,1,53.0,53.0,53.0,53.0,53.0
2015-11,MUN,SP|MOGI DAS CRUZES,glp,33,54.0,45.6,57.0,44.0,57.5
2015-11,MUN,SP|MOGI GUACU,glp,14,52.75,50.0,55.0,48.0,59.0
2015-11,MUN,SP|MOGI MIRIM,glp,8,46.5,44.4,53.0,43.0,60.0
2015-11,MUN,SP|OSASCO,glp,59,49.99,45.792,55.0,43.995,58.0
2015-11,MUN,SP|OURINHOS,glp,16,52.5,48.0,57.0,48.0,57.0
2015-11,MUN,SP|PAULINIA,glp,14,47.0,45.0,55.0,44.0,55.0
2015-11,MUN,SP|PIRACICABA,glp,20,60.0,57.9,65.0,50.0,65.0
2015-11,MUN,SP|POA,glp,8,51.0,46.75,53.3,45.0,54.0
2015-11,MUN,SP|PRAIA GRANDE,glp,35,50.0,45.994,61.2,43.0,65.0
2015-11,MUN,SP|PRESIDENTE PRUDENTE,glp,29,58.0,49.98,60.6,45.0,64.0
2015-11,MUN,SP|RIBEIRAO PIRES,glp,12,48.45,48.0,52.7,47.99,53.0
2015-11,MUN,SP|RIBEIRAO PRETO,glp,64,57.995,53.0,60.0,50.0,63.0
2015-11,MUN,SP|SANTA BARBARA D'OESTE,glp,17,55.0,48.6,56.4,45.0,60.0
2015-11,MUN,SP|SANTO ANDRE,glp,39,53.0,46.0,63.0,39.99,63.0
2015-11,MUN,SP|SANTOS,glp,36,55.945,46.245,60.0,43.0,66.9
2015-11,MUN,SP|SAO BERNARDO DO CAMPO,glp,44,55.0,48.0,61.697,45.0,69.99
2015-11,MUN,SP|SAO CAETANO DO SUL,glp,5,55.0,55.0,61.0,55.0,65.0
2015-11,MUN,SP|SAO CARLOS,glp,22,55.0,54.9,60.0,50.0,63.0
2015-11,MUN,SP|SAO JOAO DA BOA VISTA,glp,9,55.0,53.0,55.6,53.0,58.0
2015-11,MUN,SP|SAO JOSE DO RIO PRETO,glp,50,53.0,49.8,55.065,45.0,60.0
2015-11,MUN,SP|SAO JOSE DOS CAMPOS,glp,23,51.0,45.0,53.8,42.0,58.0
2015-11,MUN,SP|SAO PAULO,glp,196,50.0,45.0,58.0,40.0,63.0
2015-11,MUN,SP|SAO ROQUE,glp,6,52.5,48.0,55.0,48.0,57.0
2015-11,MUN,SP|SAO VICENTE,glp,34,52.0,45.45,62.0,43.0,62.0
2015-11,MUN,SP|SERTAOZINHO,glp,10,50.0,45.0,54.1,45.0,55.0
2015-11,MUN,SP|SOROCABA,glp,19,50.0,45.0,55.0,45.0,61.0
2015-11,MUN,SP|SUMARE,glp,8,55.0,54.1,55.0,52.0,55.0
2015-11,MUN,SP|SUZANO,glp,11,50.0,50.0,57.0,39.99,57.0
2015-11,MUN,SP|TAUBATE,glp,11,50.0,46.0,55.0,45.0,55.0
2015-11,MUN,SP|VOTORANTIM,glp,18,54.0,50.0,55.3,50.0,58.0
2015-11,MUN,SP|VOTUPORANGA,glp,4,51.0,48.0,54.7,48.0,55.0
2015-11,MUN,TO|ARAGUAINA,glp,13,65.0,60.5,70.0,60.0,75.0
2015-11,MUN,TO|GURUPI,glp,34,65.0,65.0,67.55,60.0,68.0
2015-11,MUN,TO|PALMAS,glp,26,73.0,72.0,75.0,72.0,75.0
2015-11,MUN,TO|PARAISO DO TOCANTINS,glp,6,65.0,65.0,68.0,65.0,68.0
2015-11,MUN,TO|PORTO NACIONAL,glp,9,60.0,60.0,61.0,60.0,65.0
2015-11,UF,AC,glp,72,57.0,55.0,61.8,54.0,68.0
2015-11,UF,AL,glp,83,55.0,45.0,55.0,40.0,55.0
2015-11,UF,AM,glp,284,50.0,48.0,52.7,44.0,62.0
2015-11,UF,AP,glp,25,68.0,64.1,69.0,58.0,69.0
2015-11,UF,BA,glp,409,50.0,41.0,55.0,35.0,63.0
2015-11,UF,CE,glp,226,60.0,55.0,63.0,50.0,65.0
2015-11,UF,DF,glp,82,56.0,50.0,60.0,48.0,65.0
2015-11,UF,ES,glp,307,58.0,50.0,60.0,43.0,65.0
2015-11,UF,GO,glp,288,55.0,50.0,58.0,49.0,63.0
2015-11,UF,MA,glp,124,55.0,48.0,60.0,39.99,65.0
2015-11,UF,MG,glp,501,57.0,50.0,63.0,40.0,68.0
2015-11,UF,MS,glp,423,66.0,63.0,68.0,50.0,75.0
2015-11,UF,MT,glp,248,70.0,65.0,75.0,63.0,81.0
2015-11,UF,PA,glp,173,58.0,53.2,60.0,45.0,70.0
2015-11,UF,PB,glp,90,50.0,40.0,55.0,39.0,65.0
2015-11,UF,PE,glp,291,50.0,45.0,55.0,40.0,60.0
2015-11,UF,PI,glp,114,50.0,50.0,56.85,40.0,60.0
2015-11,UF,PR,glp,463,58.0,50.0,66.0,41.0,74.9
2015-11,UF,RJ,glp,245,50.0,45.0,60.0,39.99,65.0
2015-11,UF,RN,glp,111,55.0,51.0,56.5,50.0,60.0
2015-11,UF,RO,glp,92,57.0,55.0,65.0,52.0,65.5
2015-11,UF,RR,glp,31,57.5,55.0,59.0,55.0,62.0
2015-11,UF,RS,glp,448,55.0,48.0,60.0,40.0,68.0
2015-11,UF,SC,glp,100,52.95,47.9,60.0,43.0,63.0
2015-11,UF,SE,glp,48,54.0,48.5,55.0,45.0,57.0
2015-11,UF,SP,glp,1516,52.0,46.0,60.0,39.99,70.0
2015-11,UF,TO,glp,88,65.0,60.0,73.0,60.0,75.0
2015-12,BR,BR,glp,8306,55.0,47.99,65.0,35.0,82.0
2015-12,MUN,AC|CRUZEIRO DO SUL,glp,6,68.0,66.5,70.0,65.0,72.0
2015-12,MUN,AC|RIO BRANCO,glp,67,57.0,55.0,60.0,53.0,64.5
2015-12,MUN,AL|ARAPIRACA,glp,10,45.0,42.0,48.2,42.0,50.0
2015-12,MUN,AL|DELMIRO GOUVEIA,glp,3,55.0,55.0,55.0,55.0,55.0
2015-12,MUN,AL|MACEIO,glp,69,55.0,50.0,55.0,45.0,55.0
2015-12,MUN,AL|MARECHAL DEODORO,glp,6,55.0,55.0,55.0,55.0,55.0
2015-12,MUN,AL|PALMEIRA DOS INDIOS,glp,5,55.0,55.0,55.0,55.0,55.0
2015-12,MUN,AL|RIO LARGO,glp,6,49.0,46.5,53.5,46.0,55.0
2015-12,MUN,AL|SANTANA DO IPANEMA,glp,4,55.0,55.0,55.0,55.0,55.0
2015-12,MUN,AL|SAO JOSE DA LAJE,glp,1,55.0,55.0,55.0,55.0,55.0
2015-12,MUN,AM|HUMAITA,glp,4,55.0,55.0,55.0,55.0,55.0
2015-12,MUN,AM|ITACOATIARA,glp,19,58.0,55.0,60.0,53.0,60.0
2015-12,MUN,AM|MANACAPURU,glp,5,57.0,56.0,57.8,56.0,58.0
2015-12,MUN,AM|MANAUS,glp,319,50.0,48.0,51.1,46.0,62.0
2015-12,MUN,AM|PARINTINS,glp,3,50.0,49.2,50.0,49.0,50.0
2015-12,MUN,AM|TEFE,glp,3,60.0,59.6,60.8,59.5,61.0
2015-12,MUN,AP|LARANJAL DO JARI,glp,1,67.0,67.0,67.0,67.0,67.0
2015-12,MUN,AP|MACAPA,glp,13,68.0,67.0,69.0,67.0,70.0
2015-12,MUN,AP|SANTANA,glp,5,66.0,63.8,67.6,63.0,68.0
2015-12,MUN,BA|ALAGOINHAS,glp,5,58.0,56.0,58.0,56.0,58.0
2015-12,MUN,BA|BARREIRAS,glp,8,55.0,52.1,63.0,50.0,63.0
2015-12,MUN,BA|BRUMADO,glp,5,53.0,53.0,55.0,53.0,55.0
2015-12,MUN,BA|CAETITE,glp,6,45.0,44.0,45.0,43.0,45.0
2015-12,MUN,BA|CAMACARI,glp,19,55.0,50.0,58.0,50.0,60.0
2015-12,MUN,BA|CANDEIAS,glp,5,50.0,50.0,50.6,50.0,51.0
2015-12,MUN,BA|CENTRAL,glp,1,40.0,40.0,40.0,40.0,40.0
2015-12,MUN,BA|EUNAPOLIS,glp,12,55.0,55.0,57.8,52.0,60.0
2015-12,MUN,BA|FEIRA DE SANTANA,glp,28,49.9,48.0,52.93,47.0,53.0
2015-12,MUN,BA|GUANAMBI,glp,16,40.0,40.0,40.0,40.0,40.0
2015-12,MUN,BA|ILHEUS,glp,6,56.0,55.0,57.0,55.0,57.0
2015-12,MUN,BA|IPIRA,glp,2,50.0,48.4,51.6,48.0,52.0
2015-12,MUN,BA|IRECE,glp,6,43.5,40.0,47.5,40.0,48.0
2015-12,MUN,BA|ITABUNA,glp,9,51.0,49.4,54.0,47.0,54.0
2015-12,MUN,BA|ITAMARAJU,glp,5,54.0,52.4,55.0,52.0,55.0
2015-12,MUN,BA|JACOBINA,glp,5,53.0,51.0,53.0,50.0,53.0
2015-12,MUN,BA|JAGUAQUARA,glp,3,42.0,42.0,42.0,42.0,42.0
2015-12,MUN,BA|JEQUIE,glp,7,42.5,37.6,43.8,37.0,45.0
2015-12,MUN,BA|JUAZEIRO,glp,6,50.0,45.0,50.0,45.0,50.0
2015-12,MUN,BA|LAURO DE FREITAS,glp,17,52.0,50.0,57.4,50.0,60.0
2015-12,MUN,BA|LIVRAMENTO DE NOSSA SENHORA,glp,3,40.0,36.0,48.0,35.0,50.0
2015-12,MUN,BA|PAULO AFONSO,glp,5,54.5,52.8,56.2,52.0,57.0
2015-12,MUN,BA|POCOES,glp,3,45.0,45.0,45.0,45.0,45.0
2015-12,MUN,BA|PORTO SEGURO,glp,9,48.0,42.95,55.2,42.75,60.0
2015-12,MUN,BA|SALVADOR,glp,256,53.0,45.0,56.0,38.0,60.0
2015-12,MUN,BA|SANTANOPOLIS,glp,1,53.0,53.0,53.0,53.0,53.0
2015-12,MUN,BA|SANTO ANTONIO DE JESUS,glp,5,48.0,47.0,50.0,47.0,50.0
2015-12,MUN,BA|SENHOR DO BONFIM,glp,2,52.5,50.5,54.5,50.0,55.0
2015-12,MUN,BA|SERRINHA,glp,3,45.0,42.6,49.0,42.0,50.0
2015-12,MUN,BA|SIMOES FILHO,glp,7,50.0,50.0,55.0,50.0,55.0
2015-12,MUN,BA|TEIXEIRA DE FREITAS,glp,8,50.0,49.4,53.8,48.0,58.0
2015-12,MUN,BA|VALENCA,glp,5,55.0,55.0,56.8,55.0,58.0
2015-12,MUN,BA|VITORIA DA CONQUISTA,glp,11,47.0,46.0,48.0,45.0,48.0
2015-12,MUN,CE|BEBERIBE,glp,4,60.5,60.0,61.7,60.0,62.0
2015-12,MUN,CE|CANINDE,glp,3,53.0,50.6,54.6,50.0,55.0
2015-12,MUN,CE|CAUCAIA,glp,25,55.0,55.0,60.0,50.0,65.0
2015-12,MUN,CE|CRATEUS,glp,3,60.0,60.0,60.0,60.0,60.0
2015-12,MUN,CE|CRATO,glp,15,56.0,55.0,59.2,55.0,60.0
2015-12,MUN,CE|FORTALEZA,glp,132,61.0,60.0,63.45,55.0,65.0
2015-12,MUN,CE|ICO,glp,5,56.0,55.0,58.0,55.0,58.0
2015-12,MUN,CE|IGUATU,glp,4,55.0,53.25,55.35,52.5,55.5
2015-12,MUN,CE|IPU,glp,3,56.0,55.2,56.8,55.0,57.0
2015-12,MUN,CE|ITAPIPOCA,glp,6,55.5,55.0,57.75,55.0,58.5
2015-12,MUN,CE|JUAZEIRO DO NORTE,glp,9,55.0,55.0,60.0,55.0,60.0
2015-12,MUN,CE|LIMOEIRO DO NORTE,glp,3,60.0,57.6,60.0,57.0,60.0
2015-12,MUN,CE|MARACANAU,glp,13,65.0,62.0,65.0,60.0,65.0
2015-12,MUN,CE|MISSAO VELHA,glp,1,58.0,58.0,58.0,58.0,58.0
2015-12,MUN,CE|MORADA NOVA,glp,3,60.0,57.6,60.0,57.0,60.0
2015-12,MUN,CE|QUIXADA,glp,6,55.5,52.5,57.0,50.0,57.0
2015-12,MUN,CE|SOBRAL,glp,9,55.0,54.6,57.6,53.0,60.0
2015-12,MUN,DF|BRASILIA,glp,92,57.0,50.0,60.0,50.0,65.0
2015-12,MUN,ES|ARACRUZ,glp,8,52.5,46.1,55.3,44.0,56.0
2015-12,MUN,ES|BARRA DE SAO FRANCISCO,glp,4,57.5,57.0,59.4,57.0,60.0
2015-12,MUN,ES|CACHOEIRO DE ITAPEMIRIM,glp,17,50.0,48.0,55.0,48.0,60.0
2015-12,MUN,ES|CARIACICA,glp,67,52.0,50.0,55.0,46.5,59.0
2015-12,MUN,ES|COLATINA,glp,8,49.75,47.55,50.9,46.5,53.0
2015-12,MUN,ES|GUARAPARI,glp,30,55.0,51.8,55.0,50.0,56.0
2015-12,MUN,ES|ITAPEMIRIM,glp,5,50.0,49.94,53.0,49.9,55.0
2015-12,MUN,ES|LINHARES,glp,14,57.5,55.0,60.0,50.0,60.0
2015-12,MUN,ES|MARATAIZES,glp,1,50.0,50.0,50.0,50.0,50.0
2015-12,MUN,ES|PRESIDENTE KENNEDY,glp,1,48.9,48.9,48.9,48.9,48.9
2015-12,MUN,ES|SAO MATEUS,glp,6,50.0,43.0,52.5,41.0,55.0
2015-12,MUN,ES|SERRA,glp,103,50.0,48.0,55.0,44.9,58.0
2015-12,MUN,ES|VILA VELHA,glp,51,52.0,50.0,55.0,49.9,60.0
2015-12,MUN,ES|VITORIA,glp,30,50.0,50.0,55.0,49.99,55.0
2015-12,MUN,GO|AGUAS LINDAS DE GOIAS,glp,13,55.0,55.0,55.0,50.0,56.0
2015-12,MUN,GO|ANAPOLIS,glp,37,51.0,50.0,52.0,50.0,53.0
2015-12,MUN,GO|APARECIDA DE GOIANIA,glp,35,53.0,52.0,55.0,51.0,56.0
2015-12,MUN,GO|CALDAS NOVAS,glp,14,58.0,56.6,60.0,56.0,60.0
2015-12,MUN,GO|CATALAO,glp,10,52.0,52.0,54.1,52.0,55.0
2015-12,MUN,GO|FORMOSA,glp,13,56.0,55.0,57.0,54.0,57.0
2015-12,MUN,GO|GOIANIA,glp,119,56.0,55.0,58.0,53.0,60.0
2015-12,MUN,GO|GOIANIRA,glp,1,58.0,58.0,58.0,58.0,58.0
2015-12,MUN,GO|GOIATUBA,glp,4,57.0,57.0,57.0,57.0,57.0
2015-12,MUN,GO|ITUMBIARA,glp,9,60.0,59.8,61.0,59.0,61.0
2015-12,MUN,GO|JATAI,glp,19,60.0,56.8,63.0,56.0,63.0
2015-12,MUN,GO|LUZIANIA,glp,21,55.0,53.0,56.0,53.0,57.0
2015-12,MUN,GO|MINEIROS,glp,7,58.0,58.0,60.0,58.0,60.0
2015-12,MUN,GO|MORRINHOS,glp,8,57.0,55.0,57.65,55.0,58.0
2015-12,MUN,GO|PONTALINA,glp,1,56.0,56.0,56.0,56.0,56.0
2015-12,MUN,GO|PORANGATU,glp,22,55.0,54.0,55.9,54.0,56.0
2015-12,MUN,GO|RIO VERDE,glp,15,58.0,56.0,58.0,56.0,58.0
2015-12,MUN,GO|TRINDADE,glp,19,55.0,53.6,55.0,52.0,56.0
2015-12,MUN,GO|VALPARAISO DE GOIAS,glp,12,55.5,55.0,56.0,54.0,56.0
2015-12,MUN,MA|ACAILANDIA,glp,4,60.0,56.5,60.0,55.0,60.0
2015-12,MUN,MA|BACABAL,glp,3,60.0,60.0,60.0,60.0,60.0
2015-12,MUN,MA|BALSAS,glp,5,65.0,65.0,65.0,65.0,65.0
2015-12,MUN,MA|BARRA DO CORDA,glp,4,58.5,57.45,58.5,57.0,58.5
2015-12,MUN,MA|CAXIAS,glp,2,65.0,65.0,65.0,65.0,65.0
2015-12,MUN,MA|CODO,glp,3,60.0,60.0,60.8,60.0,61.0
2015-12,MUN,MA|IMPERATRIZ,glp,47,60.0,60.0,60.0,55.0,60.0
2015-12,MUN,MA|PINHEIRO,glp,3,65.0,63.4,65.0,63.0,65.0
2015-12,MUN,MA|PRESIDENTE DUTRA,glp,3,55.0,55.0,57.0,55.0,57.5
2015-12,MUN,MA|SANTA INES,glp,3,62.0,60.4,62.0,60.0,62.0
2015-12,MUN,MA|SAO DOMINGOS DO MARANHAO,glp,2,52.5,50.5,54.5,50.0,55.0
2015-12,MUN,MA|SAO JOSE DE RIBAMAR,glp,11,49.0,48.0,50.0,45.0,50.0
2015-12,MUN,MA|SAO LUIS,glp,74,48.0,45.0,50.0,39.99,55.0
2015-12,MUN,MA|TIMON,glp,3,50.0,50.0,50.0,50.0,50.0
2015-12,MUN,MG|ALFENAS,glp,8,48.0,45.0,50.0,45.0,50.0
2015-12,MUN,MG|ARAGUARI,glp,8,60.0,59.0,60.3,59.0,61.0
2015-12,MUN,MG|ARAXA,glp,7,62.0,60.0,62.0,60.0,62.0
2015-12,MUN,MG|BARBACENA,glp,17,58.0,58.0,60.0,58.0,60.0
2015-12,MUN,MG|BELO HORIZONTE,glp,41,60.0,55.0,65.0,49.0,65.0
2015-12,MUN,MG|BETIM,glp,16,62.0,60.5,64.0,60.0,64.0
2015-12,MUN,MG|BOM DESPACHO,glp,3,60.0,56.0,60.0,55.0,60.0
2015-12,MUN,MG|CAMPO BELO,glp,7,48.0,44.0,52.2,41.0,54.0
2015-12,MUN,MG|CARATINGA,glp,3,53.0,52.2,53.8,52.0,54.0
2015-12,MUN,MG|CATAGUASES,glp,4,56.0,55.0,57.0,55.0,57.0
2015-12,MUN,MG|CONGONHAS,glp,6,55.0,55.0,55.0,55.0,55.0
2015-12,MUN,MG|CONSELHEIRO LAFAIETE,glp,7,50.0,46.8,55.0,45.0,55.0
2015-12,MUN,MG|CONTAGEM,glp,26,62.0,60.0,64.5,60.0,68.0
2015-12,MUN,MG|CORONEL FABRICIANO,glp,7,60.0,51.8,60.0,50.0,60.0
2015-12,MUN,MG|CURVELO,glp,5,50.0,46.4,56.8,44.0,58.0
2015-12,MUN,MG|DIAMANTINA,glp,3,62.0,56.4,62.0,55.0,62.0
2015-12,MUN,MG|DIVINOPOLIS,glp,17,55.0,54.6,59.4,54.0,60.0
2015-12,MUN,MG|FORMIGA,glp,8,53.0,49.0,60.3,49.0,61.0
2015-12,MUN,MG|FRUTAL,glp,5,48.0,47.9,49.2,47.9,50.0
2015-12,MUN,MG|GOVERNADOR VALADARES,glp,12,57.0,55.0,57.0,55.0,57.0
2015-12,MUN,MG|GUAXUPE,glp,8,52.0,52.0,52.27,52.0,52.9
2015-12,MUN,MG|IBIRITE,glp,1,62.0,62.0,62.0,62.0,62.0
2015-12,MUN,MG|IPATINGA,glp,16,55.0,52.5,58.0,50.0,58.0
2015-12,MUN,MG|ITABIRA,glp,5,64.0,64.0,65.0,64.0,65.0
2015-12,MUN,MG|ITAJUBA,glp,6,50.0,48.0,53.45,48.0,54.9
2015-12,MUN,MG|ITAUNA,glp,8,50.0,48.0,56.5,48.0,60.0
2015-12,MUN,MG|ITUIUTABA,glp,19,58.0,52.4,58.0,50.0,58.0
2015-12,MUN,MG|JANAUBA,glp,2,49.5,49.1,49.9,49.0,50.0
2015-12,MUN,MG|JANUARIA,glp,6,55.5,55.0,57.0,55.0,58.0
2015-12,MUN,MG|JOAO MONLEVADE,glp,7,60.0,58.0,60.0,58.0,60.0
2015-12,MUN,MG|JOAO PINHEIRO,glp,10,58.5,55.0,60.0,55.0,60.0
2015-12,MUN,MG|JUIZ DE FORA,glp,53,55.0,50.0,60.0,50.0,68.0
2015-12,MUN,MG|LAVRAS,glp,8,54.0,48.5,58.6,45.0,60.0
2015-12,MUN,MG|LEOPOLDINA,glp,6,57.0,53.5,57.5,50.0,58.0
2015-12,MUN,MG|MANHUACU,glp,6,47.5,47.0,48.0,47.0,48.0
2015-12,MUN,MG|MONTE CARMELO,glp,9,50.0,49.99,56.0,49.95,60.0
2015-12,MUN,MG|MONTES CLAROS,glp,39,60.0,59.8,60.0,59.0,61.0
2015-12,MUN,MG|MURIAE,glp,5,60.0,60.0,63.0,60.0,65.0
2015-12,MUN,MG|NOVA LIMA,glp,5,61.0,60.4,63.2,60.0,64.0
2015-12,MUN,MG|OLIVEIRA,glp,8,50.5,48.0,54.3,48.0,55.0
2015-12,MUN,MG|OURO PRETO,glp,4,59.5,58.0,61.0,58.0,61.0
2015-12,MUN,MG|PARA DE MINAS,glp,3,57.5,55.5,57.9,55.0,58.0
2015-12,MUN,MG|PARACATU,glp,8,60.0,57.1,65.0,55.0,65.0
2015-12,MUN,MG|PASSOS,glp,16,55.0,50.0,58.0,50.0,63.0
2015-12,MUN,MG|PATOS DE MINAS,glp,7,60.0,58.0,63.0,58.0,63.0
2015-12,MUN,MG|PATROCINIO,glp,3,59.0,57.4,59.8,57.0,60.0
2015-12,MUN,MG|POCOS DE CALDAS,glp,21,52.0,48.995,56.0,48.0,56.0
2015-12,MUN,MG|POUSO ALEGRE,glp,6,41.0,40.0,44.25,40.0,46.5
2015-12,MUN,MG|RIBEIRAO DAS NEVES,glp,15,61.0,58.4,62.0,57.5,64.0
2015-12,MUN,MG|SABARA,glp,8,62.0,61.0,64.0,61.0,64.0
2015-12,MUN,MG|SANTA LUZIA,glp,10,61.0,60.0,62.3,60.0,65.0
2015-12,MUN,MG|SAO JOAO DEL REI,glp,15,55.0,54.4,58.0,54.0,60.0
2015-12,MUN,MG|SAO LOURENCO,glp,3,58.0,55.6,59.6,55.0,60.0
2015-12,MUN,MG|SAO SEBASTIAO DO PARAISO,glp,16,55.0,49.5,55.0,48.0,55.0
2015-12,MUN,MG|SETE LAGOAS,glp,15,54.0,53.0,55.6,52.0,56.0
2015-12,MUN,MG|TEOFILO OTONI,glp,17,55.0,50.0,59.4,48.5,62.0
2015-12,MUN,MG|TIMOTEO,glp,5,57.0,55.0,58.0,55.0,58.0
2015-12,MUN,MG|TRES CORACOES,glp,8,50.0,47.0,55.0,47.0,55.0
2015-12,MUN,MG|UBA,glp,7,65.0,62.994,65.0,60.0,65.0
2015-12,MUN,MG|UBERABA,glp,32,50.0,49.0,50.0,45.0,50.0
2015-12,MUN,MG|UBERLANDIA,glp,26,60.0,57.0,62.0,55.0,64.0
2015-12,MUN,MG|UNAI,glp,8,65.0,65.0,65.0,65.0,65.0
2015-12,MUN,MG|VARGINHA,glp,13,50.0,50.0,52.9,50.0,54.0
2015-12,MUN,MG|VESPASIANO,glp,10,61.0,60.0,64.0,60.0,64.0
2015-12,MUN,MG|VICOSA,glp,2,55.0,55.0,55.0,55.0,55.0
2015-12,MUN,MS|CAMPO GRANDE,glp,465,66.0,64.0,67.0,55.0,69.0
2015-12,MUN,MS|CORUMBA,glp,5,60.0,60.0,60.0,60.0,60.0
2015-12,MUN,MS|COXIM,glp,12,70.0,67.1,72.45,65.0,75.0
2015-12,MUN,MS|DOURADOS,glp,28,65.0,60.0,67.3,55.0,68.0
2015-12,MUN,MS|NOVA ANDRADINA,glp,12,65.0,65.0,70.0,65.0,70.0
2015-12,MUN,MS|PARANAIBA,glp,11,65.0,65.0,65.0,65.0,65.0
2015-12,MUN,MS|PONTA PORA,glp,2,53.5,52.3,54.7,52.0,55.0
2015-12,MUN,MS|TRES LAGOAS,glp,7,50.0,50.0,52.0,50.0,55.0
2015-12,MUN,MT|ALTA FLORESTA,glp,6,75.0,75.0,77.5,75.0,80.0
2015-12,MUN,MT|CACERES,glp,8,71.0,70.0,72.0,70.0,72.0
2015-12,MUN,MT|CUIABA,glp,163,70.0,65.0,75.0,62.5,80.0
2015-12,MUN,MT|RONDONOPOLIS,glp,12,75.0,73.1,75.0,73.0,75.0
2015-12,MUN,MT|SINOP,glp,16,76.5,75.0,80.0,75.0,80.0
2015-12,MUN,MT|SORRISO,glp,8,80.0,80.0,82.0,80.0,82.0
2015-12,MUN,MT|VARZEA GRANDE,glp,41,70.0,68.0,75.0,67.0,75.0
2015-12,MUN,PA|ABAETETUBA,glp,6,52.5,48.0,55.5,48.0,56.0
2015-12,MUN,PA|ALENQUER,glp,3,64.0,58.8,64.8,57.5,65.0
2015-12,MUN,PA|ALTAMIRA,glp,8,65.0,65.0,65.6,65.0,67.0
2015-12,MUN,PA|ANANINDEUA,glp,29,58.0,55.0,60.0,50.0,65.0
2015-12,MUN,PA|BELEM,glp,76,58.0,56.0,58.0,45.0,60.0
2015-12,MUN,PA|BRAGANCA,glp,6,60.0,58.0,60.0,58.0,60.0
2015-12,MUN,PA|CAMETA,glp,6,53.25,49.0,58.0,48.0,58.0
2015-12,MUN,PA|CASTANHAL,glp,9,60.0,56.6,60.0,55.0,60.0
2015-12,MUN,PA|CONCEICAO DO ARAGUAIA,glp,6,64.0,60.0,65.0,60.0,65.0
2015-12,MUN,PA|ITAITUBA,glp,5,70.0,67.0,72.0,65.0,72.0
2015-12,MUN,PA|MARABA,glp,10,68.0,65.0,68.0,65.0,68.0
2015-12,MUN,PA|PARAGOMINAS,glp,4,70.0,67.9,70.0,67.0,70.0
2015-12,MUN,PA|PARAUAPEBAS,glp,4,65.0,65.0,65.7,65.0,66.0
2015-12,MUN,PA|REDENCAO,glp,5,70.0,68.2,70.0,67.0,70.0
2015-12,MUN,PA|SANTAREM,glp,25,55.0,54.2,56.0,52.0,60.0
2015-12,MUN,PA|XINGUARA,glp,8,68.0,67.1,68.0,65.0,68.0
2015-12,MUN,PB|BAYEUX,glp,5,45.0,45.0,50.0,45.0,50.0
2015-12,MUN,PB|CABEDELO,glp,7,55.0,50.0,55.0,50.0,55.0
2015-12,MUN,PB|CAMPINA GRANDE,glp,36,55.0,54.0,56.5,50.0,60.0
2015-12,MUN,PB|JOAO PESSOA,glp,25,40.0,39.4,43.8,35.0,45.0
2015-12,MUN,PB|PATOS,glp,4,52.5,46.5,57.8,45.0,59.0
2015-12,MUN,PB|SANTA RITA,glp,10,48.0,45.0,50.5,45.0,55.0
2015-12,MUN,PB|SOUSA,glp,3,45.0,44.2,49.0,44.0,50.0
2015-12,MUN,PE|ABREU E LIMA,glp,10,49.5,45.0,50.5,45.0,55.0
2015-12,MUN,PE|AGUAS BELAS,glp,1,50.0,50.0,50.0,50.0,50.0
2015-12,MUN,PE|ARARIPINA,glp,4,56.5,55.0,58.0,55.0,58.0
2015-12,MUN,PE|ARCOVERDE,glp,3,50.0,50.0,54.0,50.0,55.0
2015-12,MUN,PE|BELO JARDIM,glp,2,46.0,42.8,49.2,42.0,50.0
2015-12,MUN,PE|CABO DE SANTO AGOSTINHO,glp,9,47.5,44.1,51.0,42.5,55.0
2015-12,MUN,PE|CACHOEIRINHA,glp,1,50.0,50.0,50.0,50.0,50.0
2015-12,MUN,PE|CAMARAGIBE,glp,14,50.0,45.0,50.0,45.0,55.0
2015-12,MUN,PE|CARUARU,glp,13,45.0,40.0,45.0,40.0,46.0
2015-12,MUN,PE|GARANHUNS,glp,6,50.0,50.0,52.5,50.0,55.0
2015-12,MUN,PE|GOIANA,glp,2,49.0,48.2,49.8,48.0,50.0
2015-12,MUN,PE|GRAVATA,glp,4,45.0,45.0,48.5,45.0,50.0
2015-12,MUN,PE|IGARASSU,glp,24,49.743,45.0,55.0,45.0,55.0
2015-12,MUN,PE|JABOATAO DOS GUARARAPES,glp,47,45.0,42.8,50.0,42.0,55.0
2015-12,MUN,PE|LAJEDO,glp,4,50.0,50.0,50.0,50.0,50.0
2015-12,MUN,PE|OLINDA,glp,39,45.0,40.0,50.0,39.99,55.0
2015-12,MUN,PE|PAULISTA,glp,15,55.0,45.0,60.0,45.0,60.0
2015-12,MUN,PE|PETROLINA,glp,15,50.0,48.8,50.0,48.0,50.0
2015-12,MUN,PE|RECIFE,glp,100,46.0,43.0,50.0,40.0,55.0
2015-12,MUN,PE|SALGUEIRO,glp,3,58.0,58.0,58.0,58.0,58.0
2015-12,MUN,PE|SANTA CRUZ DO CAPIBARIBE,glp,5,45.0,45.0,49.0,45.0,50.0
2015-12,MUN,PE|SERRA TALHADA,glp,3,58.0,58.0,58.0,58.0,58.0
2015-12,MUN,PE|VITORIA DE SANTO ANTAO,glp,15,50.0,50.0,55.0,50.0,55.0
2015-12,MUN,PI|CAMPO MAIOR,glp,3,60.0,60.0,60.0,60.0,60.0
2015-12,MUN,PI|PARNAIBA,glp,5,55.0,54.4,55.0,54.0,55.0
2015-12,MUN,PI|PICOS,glp,2,60.0,60.0,60.0,60.0,60.0
2015-12,MUN,PI|PIRIPIRI,glp,5,59.0,59.0,59.6,59.0,60.0
2015-12,MUN,PI|TERESINA,glp,71,50.0,50.0,50.0,45.0,55.0
2015-12,MUN,PR|ALMIRANTE TAMANDARE,glp,1,59.0,59.0,59.0,59.0,59.0
2015-12,MUN,PR|APUCARANA,glp,18,55.0,53.28,60.0,49.5,60.0
2015-12,MUN,PR|ARAPONGAS,glp,17,60.0,60.0,63.0,60.0,63.0
2015-12,MUN,PR|ARAUCARIA,glp,13,50.0,50.0,54.4,50.0,62.0
2015-12,MUN,PR|ASSIS CHATEAUBRIAND,glp,5,62.0,49.2,63.8,42.0,65.0
2015-12,MUN,PR|CAMBE,glp,15,55.0,52.8,60.0,50.0,60.0
2015-12,MUN,PR|CAMPO LARGO,glp,15,50.0,50.0,55.0,48.0,58.0
2015-12,MUN,PR|CAMPO MOURAO,glp,14,65.0,60.0,67.1,60.0,68.0
2015-12,MUN,PR|CASCAVEL,glp,62,65.5,65.0,66.0,65.0,67.0
2015-12,MUN,PR|CASTRO,glp,5,65.0,64.7,68.8,64.5,70.0
2015-12,MUN,PR|CIANORTE,glp,14,65.0,60.0,65.0,55.0,65.0
2015-12,MUN,PR|COLOMBO,glp,23,53.0,50.0,55.0,50.0,59.0
2015-12,MUN,PR|CORNELIO PROCOPIO,glp,3,55.0,55.0,58.2,55.0,59.0
2015-12,MUN,PR|CURITIBA,glp,55,56.0,52.34,60.0,47.9,60.9
2015-12,MUN,PR|CURIUVA,glp,1,55.0,55.0,55.0,55.0,55.0
2015-12,MUN,PR|FOZ DO IGUACU,glp,20,45.0,42.0,48.2,42.0,52.0
2015-12,MUN,PR|FRANCISCO BELTRAO,glp,7,55.0,52.0,56.4,52.0,57.0
2015-12,MUN,PR|GUARAPUAVA,glp,19,60.0,56.8,68.4,56.0,70.0
2015-12,MUN,PR|JESUITAS,glp,1,42.0,42.0,42.0,42.0,42.0
2015-12,MUN,PR|LARANJEIRAS DO SUL,glp,6,60.0,59.0,60.0,58.0,60.0
2015-12,MUN,PR|LONDRINA,glp,98,58.0,55.0,60.0,50.0,65.0
2015-12,MUN,PR|MARECHAL CANDIDO RONDON,glp,4,59.0,52.33,63.5,49.9,65.0
2015-12,MUN,PR|MARINGA,glp,33,66.5,65.0,68.0,65.0,70.0
2015-12,MUN,PR|PARANAGUA,glp,8,50.0,46.4,51.5,45.0,55.0
2015-12,MUN,PR|PARANAVAI,glp,11,63.0,60.0,63.0,58.0,65.0
2015-12,MUN,PR|PATO BRANCO,glp,12,65.0,63.09,69.81,60.0,74.9
2015-12,MUN,PR|PINHAIS,glp,17,54.0,49.2,56.4,48.0,57.0
2015-12,MUN,PR|PONTA GROSSA,glp,15,55.0,53.0,58.6,50.0,60.0
2015-12,MUN,PR|RAMILANDIA,glp,1,42.0,42.0,42.0,42.0,42.0
2015-12,MUN,PR|SANTO ANTONIO DA PLATINA,glp,14,53.5,50.0,56.7,50.0,65.0
2015-12,MUN,PR|SAO JOSE DOS PINHAIS,glp,17,53.0,48.2,56.2,47.0,59.9
2015-12,MUN,PR|TERRA BOA,glp,1,65.0,65.0,65.0,65.0,65.0
2015-12,MUN,PR|TOLEDO,glp,17,65.0,60.0,66.0,42.0,66.0
2015-12,MUN,PR|UMUARAMA,glp,19,64.5,62.9,66.0,62.0,66.0
2015-12,MUN,PR|UNIAO DA VITORIA,glp,3,60.0,56.0,60.0,55.0,60.0
2015-12,MUN,RJ|ANGRA DOS REIS,glp,5,55.0,54.7,55.0,54.5,55.0
2015-12,MUN,RJ|ARARUAMA,glp,9,45.0,43.0,48.198,43.0,48.99
2015-12,MUN,RJ|BARRA DO PIRAI,glp,4,50.0,50.0,57.0,50.0,60.0
2015-12,MUN,RJ|BARRA MANSA,glp,10,54.5,49.8,58.1,48.0,59.0
2015-12,MUN,RJ|BELFORD ROXO,glp,6,51.5,46.0,53.5,44.0,54.0
2015-12,MUN,RJ|CABO FRIO,glp,4,53.0,52.3,54.4,52.0,55.0
2015-12,MUN,RJ|CAMPOS DOS GOYTACAZES,glp,21,60.0,50.0,60.0,50.0,65.0
2015-12,MUN,RJ|DUQUE DE CAXIAS,glp,27,50.0,50.0,55.0,48.0,58.0
2015-12,MUN,RJ|ITABORAI,glp,4,46.0,46.0,46.7,46.0,47.0
2015-12,MUN,RJ|ITAGUAI,glp,3,48.9,45.78,48.9,45.0,48.9
2015-12,MUN,RJ|ITAPERUNA,glp,4,53.5,50.6,55.0,50.0,55.0
2015-12,MUN,RJ|MACAE,glp,5,50.0,47.7,54.2,47.5,57.0
2015-12,MUN,RJ|MAGE,glp,3,40.0,40.0,40.0,40.0,40.0
2015-12,MUN,RJ|MANGARATIBA,glp,2,49.95,49.91,49.99,49.9,50.0
2015-12,MUN,RJ|MARICA,glp,3,50.0,50.0,50.0,50.0,50.0
2015-12,MUN,RJ|NILOPOLIS,glp,4,52.5,50.6,54.4,50.0,55.0
2015-12,MUN,RJ|NITEROI,glp,7,52.0,48.0,53.2,48.0,55.0
2015-12,MUN,RJ|NOVA FRIBURGO,glp,5,65.0,65.0,65.0,65.0,65.0
2015-12,MUN,RJ|NOVA IGUACU,glp,20,50.0,45.0,55.0,42.0,55.0
2015-12,MUN,RJ|PARATY,glp,2,51.0,51.0,51.0,51.0,51.0
2015-12,MUN,RJ|PETROPOLIS,glp,7,49.9,49.0,52.52,49.0,54.8
2015-12,MUN,RJ|RESENDE,glp,8,55.0,53.5,55.9,50.0,58.0
2015-12,MUN,RJ|RIO BONITO,glp,3,42.0,42.0,42.0,42.0,42.0
2015-12,MUN,RJ|RIO DE JANEIRO,glp,73,50.0,42.0,58.0,39.99,65.0
2015-12,MUN,RJ|SANTO ANTONIO DE PADUA,glp,2,52.0,52.0,52.0,52.0,52.0
2015-12,MUN,RJ|SAO FRANCISCO DE ITABAPOANA,glp,2,55.0,55.0,55.0,55.0,55.0
2015-12,MUN,RJ|SAO GONCALO,glp,10,48.0,48.0,52.3,48.0,55.0
2015-12,MUN,RJ|SAO JOAO DE MERITI,glp,8,50.0,44.397,50.0,42.99,50.0
2015-12,MUN,RJ|SAPUCAIA,glp,2,54.5,54.1,54.9,54.0,55.0
2015-12,MUN,RJ|SAQUAREMA,glp,5,42.0,40.0,46.996,40.0,49.0
2015-12,MUN,RJ|TERESOPOLIS,glp,6,54.5,52.0,56.0,50.0,57.0
2015-12,MUN,RJ|TRES RIOS,glp,2,47.5,45.5,49.5,45.0,50.0
2015-12,MUN,RJ|VALENCA,glp,4,56.75,55.3,57.85,55.0,58.0
2015-12,MUN,RJ|VASSOURAS,glp,2,55.0,55.0,55.0,55.0,55.0
2015-12,MUN,RJ|VOLTA REDONDA,glp,7,55.0,52.56,58.0,51.9,58.0
2015-12,MUN,RN|CAICO,glp,8,55.0,53.5,55.15,50.0,55.5
2015-12,MUN,RN|MOSSORO,glp,11,55.0,55.0,55.5,52.0,60.0
2015-12,MUN,RN|NATAL,glp,66,55.0,50.0,58.0,50.0,60.0
2015-12,MUN,RN|PARNAMIRIM,glp,20,55.0,55.0,56.65,51.5,60.0
2015-12,MUN,RN|SANTA CRUZ,glp,1,55.0,55.0,55.0,55.0,55.0
2015-12,MUN,RN|SAO JOSE DE MIPIBU,glp,5,55.0,55.0,55.0,55.0,55.0
2015-12,MUN,RO|ARIQUEMES,glp,8,60.0,59.4,63.3,58.0,64.0
2015-12,MUN,RO|CACOAL,glp,4,65.0,65.0,65.0,65.0,65.0
2015-12,MUN,RO|GUAJARA-MIRIM,glp,6,58.0,56.0,60.0,55.0,60.0
2015-12,MUN,RO|JI-PARANA,glp,13,61.0,57.0,65.8,57.0,68.0
2015-12,MUN,RO|PIMENTA BUENO,glp,4,63.0,63.0,63.0,63.0,63.0
2015-12,MUN,RO|PORTO VELHO,glp,64,57.0,55.0,60.0,52.0,60.0
2015-12,MUN,RO|VILHENA,glp,9,63.0,62.6,65.0,61.0,65.0
2015-12,MUN,RR|BOA VISTA,glp,31,58.0,56.0,59.0,55.0,62.0
2015-12,MUN,RS|ALEGRETE,glp,10,45.75,42.9,48.7,42.0,55.0
2015-12,MUN,RS|ALVORADA,glp,7,55.0,50.0,60.0,50.0,60.0
2015-12,MUN,RS|BAGE,glp,27,60.0,59.2,60.0,58.0,63.0
2015-12,MUN,RS|BENTO GONCALVES,glp,3,58.0,58.0,62.8,58.0,64.0
2015-12,MUN,RS|CACAPAVA DO SUL,glp,8,55.0,50.0,55.0,50.0,55.0
2015-12,MUN,RS|CACHOEIRA DO SUL,glp,10,50.0,49.5,53.0,45.0,53.0
2015-12,MUN,RS|CACHOEIRINHA,glp,6,50.0,49.0,53.5,48.0,55.0
2015-12,MUN,RS|CANOAS,glp,19,55.0,50.0,58.0,49.0,65.0
2015-12,MUN,RS|CAXIAS DO SUL,glp,54,53.0,50.0,59.9,45.0,60.0
2015-12,MUN,RS|CRUZ ALTA,glp,2,39.995,39.991,39.999,39.99,40.0
2015-12,MUN,RS|ERECHIM,glp,10,57.0,56.7,60.2,54.0,62.0
2015-12,MUN,RS|ESTEIO,glp,12,56.0,54.0,57.9,54.0,59.0
2015-12,MUN,RS|GRAMADO,glp,4,56.0,55.0,57.0,55.0,57.0
2015-12,MUN,RS|GRAVATAI,glp,12,51.5,48.0,53.9,48.0,55.0
2015-12,MUN,RS|GUAIBA,glp,6,55.0,51.0,57.0,48.0,58.0
2015-12,MUN,RS|GUARANI DAS MISSOES,glp,1,50.0,50.0,50.0,50.0,50.0
2015-12,MUN,RS|IJUI,glp,6,50.0,45.5,52.5,45.0,55.0
2015-12,MUN,RS|LAJEADO,glp,11,52.0,50.0,54.0,49.0,55.0
2015-12,MUN,RS|NOVO HAMBURGO,glp,24,53.0,45.6,58.0,44.0,58.0
2015-12,MUN,RS|OSORIO,glp,5,65.0,57.8,66.8,55.0,68.0
2015-12,MUN,RS|PALMEIRA DAS MISSOES,glp,6,61.0,55.0,65.0,55.0,65.0
2015-12,MUN,RS|PASSO FUNDO,glp,30,50.0,46.9,55.0,45.0,58.0
2015-12,MUN,RS|PELOTAS,glp,25,52.0,47.4,55.0,40.0,58.5
2015-12,MUN,RS|PORTO ALEGRE,glp,39,56.0,51.52,63.0,49.5,66.0
2015-12,MUN,RS|RIO GRANDE,glp,22,48.0,45.0,50.0,45.0,65.0
2015-12,MUN,RS|SANTA CRUZ DO SUL,glp,17,52.0,51.2,55.6,50.0,61.0
2015-12,MUN,RS|SANTA MARIA,glp,81,58.0,52.5,61.0,46.0,62.5
2015-12,MUN,RS|SANTA ROSA,glp,6,51.0,50.0,53.5,50.0,55.0
2015-12,MUN,RS|SANTANA DO LIVRAMENTO,glp,16,55.0,55.0,55.0,44.0,55.0
2015-12,MUN,RS|SANTO ANGELO,glp,3,55.0,47.0,57.4,45.0,58.0
2015-12,MUN,RS|SAO BORJA,glp,6,55.0,55.0,56.5,55.0,58.0
2015-12,MUN,RS|SAO GABRIEL,glp,15,58.0,55.0,60.0,54.0,60.0
2015-12,MUN,RS|SAO LEOPOLDO,glp,20,51.0,50.0,55.2,44.0,59.0
2015-12,MUN,RS|SAO LUIZ GONZAGA,glp,5,55.0,53.0,55.0,53.0,55.0
2015-12,MUN,RS|SAPIRANGA,glp,5,55.0,48.4,55.0,44.0,55.0
2015-12,MUN,RS|SAPUCAIA DO SUL,glp,19,55.0,49.8,57.2,48.0,58.0
2015-12,MUN,RS|TORRES,glp,5,57.0,55.8,60.0,55.0,60.0
2015-12,MUN,RS|TRAMANDAI,glp,2,58.0,58.0,58.0,58.0,58.0
2015-12,MUN,RS|URUGUAIANA,glp,10,61.0,54.7,62.0,52.0,62.0
2015-12,MUN,RS|VACARIA,glp,7,55.0,50.0,55.0,50.0,55.0
2015-12,MUN,RS|VIAMAO,glp,14,58.0,55.0,62.0,55.0,62.0
2015-12,MUN,SC|ARARANGUA,glp,5,50.0,50.0,53.0,50.0,55.0
2015-12,MUN,SC|BALNEARIO CAMBORIU,glp,6,55.0,52.0,55.0,49.0,55.0
2015-12,MUN,SC|BIGUACU,glp,3,50.0,48.4,54.0,48.0,55.0
2015-12,MUN,SC|BLUMENAU,glp,7,60.0,60.0,60.0,60.0,60.0
2015-12,MUN,SC|BRUSQUE,glp,7,58.0,58.0,58.8,58.0,60.0
2015-12,MUN,SC|CACADOR,glp,3,58.0,58.0,59.6,58.0,60.0
2015-12,MUN,SC|CHAPECO,glp,10,60.0,57.9,62.1,57.0,63.0
2015-12,MUN,SC|CONCORDIA,glp,4,50.0,46.5,50.0,45.0,50.0
2015-12,MUN,SC|CRICIUMA,glp,9,48.0,47.4,51.0,45.0,55.0
2015-12,MUN,SC|FLORIANOPOLIS,glp,7,57.0,50.6,58.8,50.0,60.0
2015-12,MUN,SC|ITAJAI,glp,12,49.0,45.0,54.7,40.0,57.0
2015-12,MUN,SC|JARAGUA DO SUL,glp,6,49.75,49.0,52.5,49.0,53.0
2015-12,MUN,SC|JOINVILLE,glp,8,52.0,49.7,53.6,49.0,55.0
2015-12,MUN,SC|LAGES,glp,10,55.5,52.7,59.1,50.0,60.0
2015-12,MUN,SC|LAGUNA,glp,4,48.0,45.9,48.0,45.0,48.0
2015-12,MUN,SC|MAFRA,glp,4,58.9,55.9,63.44,55.0,65.0
2015-12,MUN,SC|PALHOCA,glp,4,51.0,50.0,54.1,50.0,55.0
2015-12,MUN,SC|SAO JOSE,glp,7,47.0,44.2,51.4,43.0,55.0
2015-12,MUN,SC|SAO MIGUEL DO OESTE,glp,3,55.0,51.0,56.52,50.0,56.9
2015-12,MUN,SC|TUBARAO,glp,8,48.0,47.7,48.0,47.0,48.0
2015-12,MUN,SC|VIDEIRA,glp,5,58.0,57.4,61.2,57.0,62.0
2015-12,MUN,SC|XANXERE,glp,4,58.0,55.9,59.4,55.0,60.0
2015-12,MUN,SE|ARACAJU,glp,29,55.0,51.0,57.0,42.0,60.0
2015-12,MUN,SE|ITABAIANA,glp,3,53.0,52.2,54.6,52.0,55.0
2015-12,MUN,SE|LAGARTO,glp,4,45.0,45.0,45.0,45.0,45.0
2015-12,MUN,SE|NOSSA SENHORA DO SOCORRO,glp,7,53.0,50.0,55.0,50.0,55.0
2015-12,MUN,SP|ADAMANTINA,glp,4,65.0,65.0,65.0,65.0,65.0
2015-12,MUN,SP|AMERICANA,glp,20,56.5,55.0,62.0,55.0,62.0
2015-12,MUN,SP|AMPARO,glp,5,56.0,56.0,57.6,56.0,58.0
2015-12,MUN,SP|ARACATUBA,glp,49,50.0,50.0,53.0,40.0,55.0
2015-12,MUN,SP|ARARAQUARA,glp,16,59.5,53.45,65.0,50.0,65.0
2015-12,MUN,SP|ARARAS,glp,8,51.0,49.9,57.06,49.9,60.0
2015-12,MUN,SP|ASSIS,glp,9,50.0,48.4,50.0,46.0,50.0
2015-12,MUN,SP|ATIBAIA,glp,14,56.5,49.0,62.0,48.0,62.0
2015-12,MUN,SP|AVARE,glp,8,57.5,51.75,60.0,50.0,60.0
2015-12,MUN,SP|BARRETOS,glp,8,51.5,50.0,53.3,50.0,54.0
2015-12,MUN,SP|BARUERI,glp,28,49.995,45.0,57.65,45.0,60.0
2015-12,MUN,SP|BAURU,glp,40,59.0,51.95,62.0,46.9,62.0
2015-12,MUN,SP|BEBEDOURO,glp,9,55.0,50.0,55.0,50.0,55.0
2015-12,MUN,SP|BIRIGUI,glp,22,51.5,45.3,55.0,45.0,55.0
2015-12,MUN,SP|BOTUCATU,glp,11,50.0,45.0,50.0,45.0,50.0
2015-12,MUN,SP|BRAGANCA PAULISTA,glp,7,50.0,49.2,50.0,48.0,50.0
2015-12,MUN,SP|CACAPAVA,glp,5,50.0,46.394,51.6,43.99,52.0
2015-12,MUN,SP|CAMPINAS,glp,28,49.5,47.0,58.25,46.0,63.0
2015-12,MUN,SP|CAMPOS DO JORDAO,glp,6,45.0,42.75,45.0,40.5,45.0
2015-12,MUN,SP|CAPAO BONITO,glp,3,55.0,55.0,55.0,55.0,55.0
2015-12,MUN,SP|CARAGUATATUBA,glp,3,50.0,48.4,50.0,48.0,50.0
2015-12,MUN,SP|CARAPICUIBA,glp,20,48.0,47.0,50.3,44.99,54.99
2015-12,MUN,SP|CATANDUVA,glp,11,50.0,48.0,50.0,47.5,50.0
2015-12,MUN,SP|COSMOPOLIS,glp,5,57.0,55.0,57.0,55.0,57.0
2015-12,MUN,SP|COTIA,glp,10,55.0,53.1,55.3,45.0,58.0
2015-12,MUN,SP|CRUZEIRO,glp,7,45.0,43.0,52.0,40.0,55.0
2015-12,MUN,SP|CUBATAO,glp,8,56.5,53.95,61.5,51.5,65.0
2015-12,MUN,SP|DIADEMA,glp,26,50.0,48.0,54.0,45.0,55.0
2015-12,MUN,SP|DRACENA,glp,3,60.0,56.0,60.0,55.0,60.0
2015-12,MUN,SP|ELISIARIO,glp,1,50.0,50.0,50.0,50.0,50.0
2015-12,MUN,SP|EMBU DAS ARTES,glp,5,50.0,50.0,52.4,50.0,54.0
2015-12,MUN,SP|FERNANDOPOLIS,glp,1,53.0,53.0,53.0,53.0,53.0
2015-12,MUN,SP|FRANCA,glp,40,49.99,47.405,51.05,44.495,53.45
2015-12,MUN,SP|GARCA,glp,4,55.0,55.0,55.0,55.0,55.0
2015-12,MUN,SP|GUARATINGUETA,glp,13,48.0,40.0,56.0,40.0,59.9
2015-12,MUN,SP|GUARUJA,glp,16,50.0,47.993,55.0,47.99,59.0
2015-12,MUN,SP|GUARULHOS,glp,40,49.5,40.0,55.0,40.0,56.0
2015-12,MUN,SP|HORTOLANDIA,glp,8,52.0,50.0,57.3,50.0,58.0
2015-12,MUN,SP|IBITINGA,glp,8,52.75,50.7,55.0,50.0,55.0
2015-12,MUN,SP|INDAIATUBA,glp,14,46.0,45.0,55.0,43.0,55.0
2015-12,MUN,SP|ITANHAEM,glp,3,48.0,46.4,48.0,46.0,48.0
2015-12,MUN,SP|ITAPECERICA DA SERRA,glp,6,55.0,52.5,57.5,50.0,60.0
2015-12,MUN,SP|ITAPETININGA,glp,15,53.0,50.0,57.6,41.0,58.0
2015-12,MUN,SP|ITAPEVA,glp,4,56.0,54.3,57.7,54.0,58.0
2015-12,MUN,SP|ITAPEVI,glp,5,47.99,43.196,54.5,40.0,57.5
2015-12,MUN,SP|ITAPIRA,glp,3,52.0,52.0,53.6,52.0,54.0
2015-12,MUN,SP|ITAPOLIS,glp,12,55.0,55.0,57.0,48.0,57.0
2015-12,MUN,SP|ITAQUAQUECETUBA,glp,13,43.0,38.398,47.392,38.0,48.0
2015-12,MUN,SP|ITATIBA,glp,4,53.5,51.3,57.1,51.0,58.0
2015-12,MUN,SP|ITU,glp,7,48.0,45.594,48.4,45.0,49.0
2015-12,MUN,SP|JABOTICABAL,glp,4,45.0,42.9,48.5,42.0,50.0
2015-12,MUN,SP|JACAREI,glp,14,49.45,41.5,57.7,40.0,60.0
2015-12,MUN,SP|JALES,glp,4,53.0,50.9,54.4,50.0,55.0
2015-12,MUN,SP|JANDIRA,glp,11,49.0,45.0,50.0,45.0,50.0
2015-12,MUN,SP|JAU,glp,9,63.0,60.0,65.0,60.0,65.0
2015-12,MUN,SP|JOSE BONIFACIO,glp,4,51.5,50.0,54.33,50.0,54.9
2015-12,MUN,SP|JUNDIAI,glp,8,51.0,50.0,56.17,50.0,58.9
2015-12,MUN,SP|LEME,glp,11,50.0,45.0,59.0,45.0,59.0
2015-12,MUN,SP|LIMEIRA,glp,17,50.0,48.0,55.0,45.0,55.0
2015-12,MUN,SP|LINS,glp,8,60.0,60.0,60.0,60.0,60.0
2015-12,MUN,SP|LORENA,glp,12,44.25,40.0,48.0,40.0,50.0
2015-12,MUN,SP|MARILIA,glp,6,53.0,52.45,53.0,52.0,53.0
2015-12,MUN,SP|MATAO,glp,10,53.5,49.8,57.55,48.0,62.5
2015-12,MUN,SP|MAUA,glp,30,55.0,49.0,57.0,43.0,63.0
2015-12,MUN,SP|MIRASSOL,glp,10,46.5,45.0,50.15,45.0,51.5
2015-12,MUN,SP|MOCOCA,glp,5,55.0,53.8,55.0,53.0,55.0
2015-12,MUN,SP|MOGI DAS CRUZES,glp,34,54.0,45.6,56.97,40.0,58.0
2015-12,MUN,SP|MOGI GUACU,glp,14,54.5,50.0,55.0,48.0,59.0
2015-12,MUN,SP|MOGI MIRIM,glp,8,46.5,44.4,53.0,43.0,60.0
2015-12,MUN,SP|MONTE ALTO,glp,8,50.0,47.9,52.1,47.9,57.0
2015-12,MUN,SP|OLIMPIA,glp,6,45.5,45.0,49.445,45.0,49.9
2015-12,MUN,SP|OSASCO,glp,65,49.995,47.99,55.0,43.99,57.99
2015-12,MUN,SP|OURINHOS,glp,14,53.0,48.0,56.4,48.0,57.0
2015-12,MUN,SP|PARAGUACU PAULISTA,glp,11,60.0,55.0,60.0,55.0,60.0
2015-12,MUN,SP|PAULINIA,glp,11,46.5,45.0,55.0,45.0,55.0
2015-12,MUN,SP|PINDAMONHANGABA,glp,6,48.0,45.0,50.0,45.0,50.0
2015-12,MUN,SP|PIRACICABA,glp,21,60.0,57.0,65.0,50.0,65.0
2015-12,MUN,SP|PIRASSUNUNGA,glp,2,49.975,49.955,49.995,49.95,50.0
2015-12,MUN,SP|POA,glp,8,51.5,48.5,53.3,45.0,54.0
2015-12,MUN,SP|PORTO FERREIRA,glp,2,45.5,45.1,45.9,45.0,46.0
2015-12,MUN,SP|PRAIA GRANDE,glp,32,54.0,46.0,61.8,45.99,65.0
2015-12,MUN,SP|PRESIDENTE PRUDENTE,glp,24,55.5,50.0,60.0,45.0,63.0
2015-12,MUN,SP|PRESIDENTE VENCESLAU,glp,5,45.0,45.0,48.0,45.0,48.0
2015-12,MUN,SP|RIBEIRAO PIRES,glp,11,48.9,48.0,52.5,44.45,53.0
2015-12,MUN,SP|RIBEIRAO PRETO,glp,77,58.0,50.0,60.0,47.5,63.0
2015-12,MUN,SP|RIO CLARO,glp,6,50.0,49.0,53.5,48.0,54.0
2015-12,MUN,SP|SALTO,glp,11,47.5,45.0,55.0,41.0,55.0
2015-12,MUN,SP|SANTA BARBARA D'OESTE,glp,17,55.0,50.0,58.2,50.0,60.0
2015-12,MUN,SP|SANTA CRUZ DO RIO PARDO,glp,14,52.25,50.0,54.7,50.0,55.0
2015-12,MUN,SP|SANTO ANDRE,glp,39,52.9,47.998,63.0,39.99,63.0
2015-12,MUN,SP|SANTOS,glp,34,55.5,46.0,60.0,43.0,66.9
2015-12,MUN,SP|SAO BERNARDO DO CAMPO,glp,47,53.0,47.996,61.394,45.0,69.9
2015-12,MUN,SP|SAO CAETANO DO SUL,glp,5,55.0,55.0,62.996,55.0,65.0
2015-12,MUN,SP|SAO CARLOS,glp,23,55.0,54.9,60.0,48.0,63.0
2015-12,MUN,SP|SAO JOAO DA BOA VISTA,glp,9,55.0,53.0,55.6,53.0,58.0
2015-12,MUN,SP|SAO JOAQUIM DA BARRA,glp,6,50.0,47.0,55.0,45.0,60.0
2015-12,MUN,SP|SAO JOSE DO RIO PRETO,glp,51,53.0,50.0,55.0,45.0,60.0
2015-12,MUN,SP|SAO JOSE DOS CAMPOS,glp,24,51.5,45.0,54.7,42.0,58.0
2015-12,MUN,SP|SAO PAULO,glp,196,50.0,44.995,58.0,39.995,63.0
2015-12,MUN,SP|SAO ROQUE,glp,11,53.0,48.0,55.0,48.0,58.0
2015-12,MUN,SP|SAO VICENTE,glp,50,52.0,47.575,60.2,43.99,62.0
2015-12,MUN,SP|SERTAOZINHO,glp,9,49.0,45.0,51.6,45.0,54.0
2015-12,MUN,SP|SOROCABA,glp,19,50.0,47.98,56.0,47.0,62.0
2015-12,MUN,SP|SUMARE,glp,8,55.0,54.1,55.0,52.0,55.0
2015-12,MUN,SP|SUZANO,glp,11,54.0,50.0,59.0,46.0,63.0
2015-12,MUN,SP|TABOAO DA SERRA,glp,6,50.0,48.5,51.75,47.0,53.5
2015-12,MUN,SP|TATUI,glp,8,57.0,55.0,60.3,55.0,61.0
2015-12,MUN,SP|TAUBATE,glp,11,50.0,46.0,55.0,45.0,55.0
2015-12,MUN,SP|TUPA,glp,6,60.0,58.75,60.0,57.5,60.0
2015-12,MUN,SP|UBATUBA,glp,11,50.0,45.0,58.0,45.0,60.0
2015-12,MUN,SP|VALINHOS,glp,6,57.0,55.5,59.0,55.0,60.0
2015-12,MUN,SP|VARZEA PAULISTA,glp,6,45.5,42.5,48.0,40.0,50.0
2015-12,MUN,SP|VINHEDO,glp,5,59.0,57.4,60.8,57.0,62.0
2015-12,MUN,SP|VOTORANTIM,glp,17,54.0,50.0,55.0,47.5,56.0
2015-12,MUN,SP|VOTUPORANGA,glp,4,53.0,49.2,54.7,48.0,55.0
2015-12,MUN,TO|ARAGUAINA,glp,17,70.0,65.0,70.0,65.0,75.0
2015-12,MUN,TO|GUARAI,glp,1,70.0,70.0,70.0,70.0,70.0
2015-12,MUN,TO|GURUPI,glp,35,65.0,65.0,68.0,60.0,75.0
2015-12,MUN,TO|PALMAS,glp,33,73.0,72.2,75.0,72.0,76.0
2015-12,MUN,TO|PARAISO DO TOCANTINS,glp,8,65.0,65.0,68.0,65.0,68.0
2015-12,MUN,TO|PORTO NACIONAL,glp,12,60.0,60.0,60.0,60.0,65.0
2015-12,UF,AC,glp,73,57.0,55.0,61.6,53.0,72.0
2015-12,UF,AL,glp,104,55.0,45.0,55.0,42.0,55.0
2015-12,UF,AM,glp,353,50.0,48.0,53.4,46.0,62.0
2015-12,UF,AP,glp,19,68.0,65.8,69.0,63.0,70.0
2015-12,UF,BA,glp,489,51.0,42.4,56.0,35.0,63.0
2015-12,UF,CE,glp,244,60.0,55.0,63.35,50.0,65.0
2015-12,UF,DF,glp,92,57.0,50.0,60.0,50.0,65.0
2015-12,UF,ES,glp,345,52.0,49.99,55.0,41.0,60.0
2015-12,UF,GO,glp,379,55.0,52.0,58.0,50.0,63.0
2015-12,UF,MA,glp,167,50.0,45.0,60.0,39.99,65.0
2015-12,UF,MG,glp,715,57.0,50.0,62.0,40.0,68.0
2015-12,UF,MS,glp,542,66.0,63.0,67.0,50.0,75.0
2015-12,UF,MT,glp,254,70.0,65.0,75.0,62.5,82.0
2015-12,UF,PA,glp,210,58.0,55.0,68.0,45.0,72.0
2015-12,UF,PB,glp,90,50.0,40.0,55.0,35.0,60.0
2015-12,UF,PE,glp,339,49.0,42.896,55.0,39.99,60.0
2015-12,UF,PI,glp,86,50.0,50.0,59.0,45.0,60.0
2015-12,UF,PR,glp,584,59.0,50.0,66.0,42.0,74.9
2015-12,UF,RJ,glp,289,50.0,44.98,58.2,39.99,65.0
2015-12,UF,RN,glp,111,55.0,50.0,56.5,50.0,60.0
2015-12,UF,RO,glp,108,58.0,55.0,64.0,52.0,68.0
2015-12,UF,RR,glp,31,58.0,56.0,59.0,55.0,62.0
2015-12,UF,RS,glp,590,55.0,48.0,60.0,39.99,68.0
2015-12,UF,SC,glp,136,54.0,48.0,60.0,40.0,65.0
2015-12,UF,SE,glp,43,55.0,45.0,57.0,42.0,60.0
2015-12,UF,SP,glp,1807,51.5,45.0,60.0,38.0,69.9
2015-12,UF,TO,glp,106,68.0,60.0,75.0,60.0,76.0
